R-TfaEn,REn,RabA,RabB,RabC,RabD,RabE,RabF,RabG,RabH,RabI,TfaEn,area,bead1,cMHCIEn,exCxEn,imCxEn,membraneMarker,mvb,oMHCIEn,ovaEn,pepEn,pepMHCIEn,povaEn,protonEn,solubleMarker,volume,
1.1E-39,0.014,1900.0,4700.0,4700.0,3899999.9999999995,3500.0,3800.0,1100.0,7300.0,2700.0,0.16,3899999.9999999995,0.0,4.1E-5,0.033,0.033,0.0,490.0,8.8,0.0,0.0,0.0,0.0,1.9E7,1.0,7.4E8,
1.1E-39,0.014,1900.0,4700.0,4700.0,3899999.9999999995,3500.0,3800.0,1100.0,7300.0,2700.0,0.16,3899999.9999999995,0.0,4.0E-5,0.033,0.033,0.0,470.0,8.8,0.0,0.0,0.0,0.0,1.9E7,1.0,7.4E8,
1.1E-39,0.014,1900.0,4700.0,4700.0,3899999.9999999995,3500.0,3800.0,1100.0,7300.0,2700.0,0.16,3899999.9999999995,0.0,3.6E-5,0.033,0.033,0.0,460.0,8.8,0.0,0.0,0.0,0.0,2.0E7,1.0,7.4E8,
1.1999999999999999E-39,0.012,4400.0,3600.0,6900.0,5200000.0,3500.0,3800.0,1100.0,1000.0,5500.0,0.16,5200000.0,0.0,1.9E-5,0.87,0.87,0.0,480.0,13.0,0.0,7.2E-26,2.8E-35,0.0,2.0E7,1.0,7.5E8,
1.1999999999999999E-39,0.012,4300.0,3600.0,6800.0,5100000.0,3400.0,3700.0,1100.0,990.0,5400.0,0.16,5100000.0,0.0,6.1E-5,0.86,0.86,0.0,460.0,12.0,0.0,6.399999999999999E-25,2.8999999999999997E-35,0.0,1.9E7,1.0,7.5E8,
1.1E-39,0.012,4300.0,3500.0,6800.0,4600000.0,3400.0,3700.0,1100.0,980.0,5300.0,0.16,4600000.0,0.0,6.4E-5,0.82,0.82,0.0,440.0,12.0,0.0,1.2999999999999998E-24,5.1E-35,0.0,1.9E7,1.0,7.5E8,
1.1E-39,0.011,4200.0,3500.0,6700.0,4300000.0,3300.0,3700.0,1100.0,970.0,5300.0,0.15,4300000.0,0.0,6.8E-5,0.79,0.79,0.0,400.0,11.0,0.0,3.0999999999999997E-24,1.3E-34,0.0,1.8E7,1.0,7.4E8,
1.0E-39,0.011,4200.0,3500.0,6600.0,3899999.9999999995,3300.0,3600.0,1100.0,960.0,5200.0,0.15,3999999.9999999995,0.0,7.1E-5,0.76,0.76,0.0,370.0,11.0,0.0,6.0999999999999996E-24,3.0E-34,0.0,1.7E7,1.0,7.4E8,
1.0E-39,0.011,4200.0,3500.0,6600.0,3899999.9999999995,3300.0,3600.0,1100.0,960.0,5200.0,0.15,3999999.9999999995,0.0,7.1E-5,0.76,0.76,0.0,350.0,11.0,0.0,1.6000000000000002E-23,8.5E-34,0.0,1.7E7,1.0,7.4E8,
1.0E-39,0.011,4200.0,3400.0,6600.0,3899999.9999999995,3300.0,3600.0,1100.0,960.0,5200.0,0.15,3899999.9999999995,0.0,6.8E-5,0.75,0.75,0.0,330.0,11.0,0.0,2.8000000000000003E-23,1.6000000000000002E-33,0.0,1.7E7,1.0,7.3E8,
1.0E-39,0.011,4200.0,3400.0,6600.0,3899999.9999999995,3300.0,3600.0,1100.0,960.0,5200.0,0.15,3899999.9999999995,0.0,7.0E-5,0.75,0.75,0.0,330.0,11.0,0.0,4.7E-23,3.1E-33,0.0,1.7E7,1.0,7.3E8,
1.0E-39,0.011,4200.0,3400.0,6600.0,3899999.9999999995,3300.0,3600.0,1100.0,960.0,5200.0,0.15,3899999.9999999995,0.0,6.4E-5,0.75,0.75,0.0,330.0,11.0,0.0,8.1E-23,5.2000000000000006E-33,0.0,1.8E7,1.0,7.3E8,
1.0E-39,0.011,4200.0,3400.0,6600.0,3899999.9999999995,3300.0,3600.0,1100.0,960.0,5200.0,0.15,3899999.9999999995,0.0,5.5E-5,0.75,0.75,0.0,320.0,11.0,0.0,1.3E-22,7.6E-33,0.0,1.9E7,1.0,7.3E8,
1.0E-39,0.011,4200.0,3400.0,6600.0,3899999.9999999995,3300.0,3600.0,1100.0,960.0,5200.0,0.15,3899999.9999999995,0.0,4.5E-5,0.75,0.75,0.0,320.0,11.0,0.0,1.8999999999999999E-22,1.0E-32,0.0,2.0E7,1.0,7.3E8,
1.0E-39,0.011,4200.0,3400.0,6600.0,3899999.9999999995,3300.0,3600.0,1100.0,960.0,5200.0,0.15,3899999.9999999995,0.0,3.7E-5,0.75,0.75,0.0,320.0,11.0,0.0,2.6E-22,1.2E-32,0.0,2.1E7,1.0,7.3E8,
1.0E-39,0.011,4200.0,3400.0,6600.0,3899999.9999999995,3300.0,3600.0,1100.0,960.0,5200.0,0.15,3899999.9999999995,0.0,3.1E-5,0.75,0.75,0.0,320.0,11.0,0.0,3.4E-22,1.3000000000000001E-32,0.0,2.3E7,1.0,7.3E8,
1.0E-39,0.011,4200.0,3400.0,6600.0,3899999.9999999995,3300.0,3600.0,1100.0,960.0,5200.0,0.15,3899999.9999999995,0.0,2.5E-5,0.75,0.75,0.0,320.0,11.0,0.0,4.399999999999999E-22,1.5E-32,0.0,2.5E7,1.0,7.3E8,
1.0E-39,0.011,4200.0,3400.0,6600.0,3899999.9999999995,3300.0,3600.0,1100.0,960.0,5200.0,0.15,3899999.9999999995,0.0,2.1E-5,0.75,0.75,0.0,320.0,11.0,0.0,5.399999999999999E-22,1.5E-32,0.0,2.6E7,1.0,7.3E8,
1.0E-39,0.011,4200.0,3400.0,6600.0,3899999.9999999995,3300.0,3600.0,1100.0,960.0,5200.0,0.15,3899999.9999999995,0.0,2.3E-5,0.75,0.75,0.0,320.0,11.0,0.0,1.2E-21,2.2E-32,0.0,2.5E7,1.0,7.3E8,
6.9E-40,0.0083,20000.0,2500.0,7100.0,4500000.0,3300.0,3600.0,1100.0,960.0,5200.0,0.15,4600000.0,0.0,0.38,0.67,0.67,0.0,350.0,12.0,0.0,2.3E-21,8.800000000000001E-30,0.0,2.5E7,1.0,7.4E8,
6.8E-40,0.0082,160.0,2500.0,7100.0,4400000.0,3300.0,3600.0,1100.0,960.0,5200.0,0.15,4500000.0,0.0,3.4E-5,0.66,0.66,0.0,350.0,12.0,0.0,3.3E-21,3.3E-30,0.0,2.3E7,1.0,7.3E8,
6.6E-40,0.0079,160.0,2500.0,7100.0,3899999.9999999995,3300.0,3600.0,1100.0,960.0,5200.0,0.15,3999999.9999999995,0.0,3.6E-5,0.63,0.63,0.0,340.0,11.0,0.0,4.0E-21,1.8E-30,0.0,2.2E7,1.0,7.3E8,
6.5E-40,0.0079,160.0,2500.0,7100.0,3899999.9999999995,3300.0,3600.0,1100.0,960.0,5200.0,0.15,3899999.9999999995,0.0,4.1E-5,0.63,0.63,0.0,340.0,11.0,0.0,5.3E-21,8.3E-31,0.0,2.1E7,1.0,7.3E8,
6.5E-40,0.0079,160.0,2500.0,7100.0,3899999.9999999995,3300.0,3600.0,1100.0,960.0,5200.0,0.15,3899999.9999999995,0.0,4.3E-5,0.63,0.63,0.0,340.0,11.0,0.0,7.3E-21,5.2E-31,0.0,2.1E7,1.0,7.3E8,
6.5E-40,0.0079,160.0,2500.0,7100.0,3899999.9999999995,3300.0,3600.0,1100.0,960.0,5200.0,0.15,3899999.9999999995,0.0,4.0E-5,0.63,0.63,0.0,340.0,11.0,0.0,9.7E-21,4.9999999999999995E-31,0.0,2.1E7,1.0,7.3E8,
6.5E-40,0.0079,160.0,2500.0,7100.0,3899999.9999999995,3300.0,3600.0,1100.0,960.0,5200.0,0.15,3899999.9999999995,0.0,3.5E-5,0.63,0.63,0.0,340.0,11.0,0.0,1.3E-20,5.5E-31,0.0,2.2E7,1.0,7.3E8,
6.5E-40,0.0079,160.0,2500.0,7100.0,3899999.9999999995,3300.0,3600.0,1100.0,960.0,5200.0,0.15,3899999.9999999995,0.0,3.0E-5,0.63,0.63,0.0,330.0,11.0,0.0,1.6E-20,6.1E-31,0.0,2.3E7,1.0,7.3E8,
6.5E-40,0.0079,160.0,2500.0,7100.0,3899999.9999999995,3300.0,3600.0,1100.0,960.0,5200.0,0.15,3899999.9999999995,0.0,2.5E-5,0.63,0.63,0.0,330.0,11.0,0.0,1.9E-20,6.5E-31,0.0,2.5E7,1.0,7.3E8,
6.5E-40,0.0079,160.0,2500.0,7100.0,3899999.9999999995,3300.0,3600.0,1100.0,960.0,5200.0,0.15,3899999.9999999995,0.0,2.2E-5,0.63,0.63,0.0,330.0,11.0,0.0,2.3E-20,6.7E-31,0.0,2.6E7,1.0,7.3E8,
6.5E-40,0.0079,160.0,2500.0,7100.0,3899999.9999999995,3300.0,3600.0,1100.0,960.0,5200.0,0.15,3899999.9999999995,0.0,1.8E-5,0.63,0.63,0.0,330.0,11.0,0.0,2.7E-20,6.799999999999999E-31,0.0,2.8E7,1.0,7.3E8,
6.5E-40,0.0079,160.0,2500.0,7100.0,3899999.9999999995,3300.0,3600.0,1100.0,960.0,5200.0,0.15,3899999.9999999995,0.0,1.8E-5,0.63,0.63,0.0,320.0,11.0,0.0,3.1E-20,7.0E-31,0.0,2.8E7,1.0,7.3E8,
6.5E-40,0.0079,160.0,2500.0,7100.0,3899999.9999999995,3300.0,3600.0,1100.0,960.0,5200.0,0.15,3899999.9999999995,0.0,2.2E-5,0.63,0.63,0.0,320.0,11.0,0.0,3.6E-20,8.8E-31,0.0,2.6E7,1.0,7.3E8,
6.5E-40,0.0079,160.0,2500.0,7100.0,3899999.9999999995,3300.0,3600.0,1100.0,960.0,5200.0,0.15,3899999.9999999995,0.0,2.3E-5,0.63,0.63,0.0,320.0,11.0,0.0,4.1E-20,1.1000000000000001E-30,0.0,2.6E7,1.0,7.3E8,
6.5E-40,0.0079,160.0,2500.0,7100.0,3899999.9999999995,3300.0,3600.0,1100.0,960.0,5200.0,0.15,3899999.9999999995,0.0,2.2E-5,0.63,0.63,0.0,320.0,11.0,0.0,4.8E-20,1.3000000000000001E-30,0.0,2.6E7,1.0,7.3E8,
6.5E-40,0.0079,160.0,2500.0,7100.0,3899999.9999999995,3300.0,3600.0,1100.0,960.0,5200.0,0.15,3899999.9999999995,0.0,2.0E-5,0.63,0.63,0.0,320.0,11.0,0.0,5.5E-20,1.4000000000000001E-30,0.0,2.7E7,1.0,7.3E8,
6.5E-40,0.0079,160.0,2500.0,7100.0,3899999.9999999995,3300.0,3600.0,1100.0,960.0,5200.0,0.15,3899999.9999999995,0.0,1.8E-5,0.63,0.63,0.0,310.0,11.0,0.0,6.3E-20,1.5000000000000001E-30,0.0,2.8E7,1.0,7.3E8,
6.5E-40,0.0079,160.0,2500.0,7100.0,3899999.9999999995,3300.0,3600.0,1100.0,960.0,5200.0,0.15,3899999.9999999995,0.0,1.5E-5,0.63,0.63,0.0,310.0,11.0,0.0,7.2E-20,1.5000000000000001E-30,0.0,3.0E7,1.0,7.3E8,
6.5E-40,0.0079,160.0,2500.0,7100.0,3899999.9999999995,3300.0,3600.0,1100.0,960.0,5200.0,0.15,3899999.9999999995,0.0,1.3E-5,0.63,0.63,0.0,310.0,11.0,0.0,8.2E-20,1.5000000000000001E-30,0.0,3.1E7,1.0,7.3E8,
6.5E-40,0.0079,160.0,2500.0,7100.0,3899999.9999999995,3300.0,3600.0,1100.0,960.0,5200.0,0.15,3899999.9999999995,0.0,1.2E-5,0.63,0.63,0.0,310.0,11.0,0.0,9.3E-20,1.5000000000000001E-30,0.0,3.3E7,1.0,7.3E8,
6.5E-40,0.0079,160.0,2500.0,7100.0,3899999.9999999995,3300.0,3600.0,1100.0,960.0,5200.0,0.15,3899999.9999999995,0.0,1.5E-5,0.63,0.63,0.0,310.0,11.0,0.0,1.0E-19,1.8E-30,0.0,3.0E7,1.0,7.3E8,
6.5E-40,0.0079,160.0,2500.0,7100.0,3899999.9999999995,3300.0,3600.0,1100.0,960.0,5200.0,0.15,3899999.9999999995,0.0,1.7E-5,0.63,0.63,0.0,300.0,11.0,0.0,1.1E-19,2.2000000000000002E-30,0.0,2.9E7,1.0,7.3E8,
6.5E-40,0.0079,160.0,2500.0,7100.0,3899999.9999999995,3300.0,3600.0,1100.0,960.0,5200.0,0.15,3899999.9999999995,0.0,1.8E-5,0.63,0.63,0.0,300.0,11.0,0.0,1.2E-19,2.7000000000000002E-30,0.0,2.8E7,1.0,7.3E8,
6.5E-40,0.0079,160.0,2500.0,7100.0,3899999.9999999995,3300.0,3600.0,1100.0,960.0,5200.0,0.15,3899999.9999999995,0.0,1.7E-5,0.63,0.63,0.0,300.0,11.0,0.0,1.4E-19,2.9000000000000002E-30,0.0,2.9E7,1.0,7.3E8,
6.5E-40,0.0079,160.0,2500.0,7100.0,3899999.9999999995,3300.0,3600.0,1100.0,960.0,5200.0,0.15,3899999.9999999995,0.0,1.5E-5,0.63,0.63,0.0,300.0,11.0,0.0,1.5E-19,3.0000000000000003E-30,0.0,3.0E7,1.0,7.3E8,
6.5E-40,0.0079,160.0,2500.0,7100.0,3899999.9999999995,3300.0,3600.0,1100.0,960.0,5200.0,0.15,3899999.9999999995,0.0,1.3E-5,0.63,0.63,0.0,300.0,11.0,0.0,1.7E-19,3.1000000000000003E-30,0.0,3.1E7,1.0,7.3E8,
6.5E-40,0.0079,160.0,2500.0,7100.0,3899999.9999999995,3300.0,3600.0,1100.0,960.0,5200.0,0.15,3899999.9999999995,0.0,1.2E-5,0.63,0.63,0.0,300.0,11.0,0.0,1.8E-19,3.0000000000000003E-30,0.0,3.3E7,1.0,7.3E8,
6.5E-40,0.0079,160.0,2500.0,7100.0,3899999.9999999995,3300.0,3600.0,1100.0,960.0,5200.0,0.15,3899999.9999999995,0.0,1.0E-5,0.63,0.63,0.0,300.0,11.0,0.0,2.0E-19,2.9000000000000002E-30,0.0,3.4E7,1.0,7.3E8,
6.5E-40,0.0079,160.0,2500.0,7100.0,3899999.9999999995,3300.0,3600.0,1100.0,960.0,5200.0,0.15,3899999.9999999995,0.0,1.2E-5,0.63,0.63,0.0,300.0,11.0,0.0,2.2E-19,3.1000000000000003E-30,0.0,3.2E7,1.0,7.3E8,
6.5E-40,0.0079,160.0,2500.0,7100.0,3899999.9999999995,3300.0,3600.0,1100.0,960.0,5200.0,0.15,3899999.9999999995,0.0,1.5E-5,0.63,0.63,0.0,290.0,11.0,0.0,2.3E-19,4.0E-30,0.0,3.0E7,1.0,7.3E8,
6.5E-40,0.0079,160.0,2500.0,7100.0,3899999.9999999995,3300.0,3600.0,1100.0,960.0,5200.0,0.15,3899999.9999999995,0.0,1.6E-5,0.63,0.63,0.0,290.0,11.0,0.0,2.5E-19,4.8000000000000004E-30,0.0,3.0E7,1.0,7.3E8,
6.5E-40,0.0079,160.0,2500.0,7100.0,3899999.9999999995,3300.0,3600.0,1100.0,960.0,5200.0,0.15,3899999.9999999995,0.0,1.5E-5,0.63,0.63,0.0,290.0,11.0,0.0,2.7E-19,5.3000000000000004E-30,0.0,3.0E7,1.0,7.3E8,
6.5E-40,0.0079,160.0,2500.0,7100.0,3899999.9999999995,3300.0,3600.0,1100.0,960.0,5200.0,0.15,3899999.9999999995,0.0,1.4E-5,0.63,0.63,0.0,290.0,11.0,0.0,2.9E-19,5.6000000000000005E-30,0.0,3.1E7,1.0,7.3E8,
6.5E-40,0.0079,160.0,2500.0,7100.0,3899999.9999999995,3300.0,3600.0,1100.0,960.0,5200.0,0.15,3899999.9999999995,0.0,1.3E-5,0.63,0.63,0.0,280.0,11.0,0.0,3.2E-19,5.6000000000000005E-30,0.0,3.2E7,1.0,7.3E8,
6.5E-40,0.0079,160.0,2500.0,7100.0,3899999.9999999995,3300.0,3600.0,1100.0,960.0,5200.0,0.15,3899999.9999999995,0.0,1.1E-5,0.63,0.63,0.0,280.0,11.0,0.0,3.4E-19,5.5000000000000005E-30,0.0,3.3E7,1.0,7.3E8,
6.5E-40,0.0079,160.0,2500.0,7100.0,3899999.9999999995,3300.0,3600.0,1100.0,960.0,5200.0,0.15,3899999.9999999995,0.0,1.0E-5,0.63,0.63,0.0,280.0,11.0,0.0,3.7E-19,5.3000000000000004E-30,0.0,3.5E7,1.0,7.3E8,
6.5E-40,0.0079,160.0,2500.0,7100.0,3899999.9999999995,3300.0,3600.0,1100.0,960.0,5200.0,0.15,3899999.9999999995,0.0,1.0E-5,0.63,0.63,0.0,280.0,11.0,0.0,4.0E-19,5.2000000000000004E-30,0.0,3.4E7,1.0,7.3E8,
6.5E-40,0.0079,160.0,2500.0,7100.0,3899999.9999999995,3300.0,3600.0,1100.0,960.0,5200.0,0.15,3899999.9999999995,0.0,1.3E-5,0.63,0.63,0.0,270.0,11.0,0.0,4.2E-19,6.3000000000000005E-30,0.0,3.1E7,1.0,7.3E8,
6.5E-40,0.0079,160.0,2500.0,7100.0,3899999.9999999995,3300.0,3600.0,1100.0,960.0,5200.0,0.15,3899999.9999999995,0.0,1.5E-5,0.63,0.63,0.0,270.0,11.0,0.0,4.4E-19,7.8E-30,0.0,3.0E7,1.0,7.3E8,
6.5E-40,0.0079,160.0,2500.0,7100.0,3899999.9999999995,3300.0,3600.0,1100.0,960.0,5200.0,0.15,3899999.9999999995,0.0,1.5E-5,0.63,0.63,0.0,270.0,11.0,0.0,4.7E-19,8.800000000000001E-30,0.0,3.0E7,1.0,7.3E8,
6.5E-40,0.0079,160.0,2500.0,7100.0,3899999.9999999995,3300.0,3600.0,1100.0,960.0,5200.0,0.15,3899999.9999999995,0.0,1.4E-5,0.63,0.63,0.0,260.0,11.0,0.0,5.0E-19,9.300000000000001E-30,0.0,3.1E7,1.0,7.3E8,
6.5E-40,0.0079,160.0,2500.0,7100.0,3899999.9999999995,3300.0,3600.0,1100.0,960.0,5200.0,0.15,3899999.9999999995,0.0,1.3E-5,0.63,0.63,0.0,260.0,11.0,0.0,5.3E-19,9.300000000000001E-30,0.0,3.2E7,1.0,7.3E8,
6.5E-40,0.0079,160.0,2500.0,7100.0,3899999.9999999995,3300.0,3600.0,1100.0,960.0,5200.0,0.15,3899999.9999999995,0.0,1.1E-5,0.63,0.63,0.0,260.0,11.0,0.0,5.7E-19,9.100000000000001E-30,0.0,3.3E7,1.0,7.2E8,
6.5E-40,0.0079,160.0,2500.0,7100.0,3899999.9999999995,3300.0,3600.0,1100.0,960.0,5200.0,0.15,3899999.9999999995,0.0,1.4E-5,0.62,0.62,0.0,260.0,11.0,0.0,5.9E-19,9.900000000000001E-30,0.0,3.0E7,1.0,7.2E8,
6.5E-40,0.0079,160.0,2500.0,7100.0,3899999.9999999995,3300.0,3600.0,1100.0,960.0,5200.0,0.15,3899999.9999999995,0.0,1.6E-5,0.62,0.62,0.0,250.0,11.0,0.0,6.2E-19,1.2E-29,0.0,2.9E7,1.0,7.2E8,
6.5E-40,0.0079,160.0,2500.0,7100.0,3899999.9999999995,3300.0,3600.0,1100.0,960.0,5200.0,0.15,3899999.9999999995,0.0,1.7E-5,0.62,0.62,0.0,250.0,11.0,0.0,6.6E-19,1.3999999999999998E-29,0.0,2.8E7,1.0,7.2E8,
6.5E-40,0.0079,160.0,2500.0,7100.0,3899999.9999999995,3300.0,3600.0,1100.0,960.0,5200.0,0.15,3899999.9999999995,0.0,1.6E-5,0.62,0.62,0.0,250.0,11.0,0.0,6.9E-19,1.4999999999999998E-29,0.0,2.9E7,1.0,7.2E8,
6.5E-40,0.0079,160.0,2500.0,7100.0,3899999.9999999995,3300.0,3600.0,1100.0,960.0,5200.0,0.15,3899999.9999999995,0.0,1.5E-5,0.62,0.62,0.0,250.0,11.0,0.0,7.4E-19,1.4999999999999998E-29,0.0,3.0E7,1.0,7.2E8,
6.5E-40,0.0079,160.0,2500.0,7100.0,3899999.9999999995,3300.0,3600.0,1100.0,960.0,5200.0,0.15,3899999.9999999995,0.0,1.3E-5,0.62,0.62,0.0,250.0,11.0,0.0,7.8E-19,1.4999999999999998E-29,0.0,3.1E7,1.0,7.2E8,
6.5E-40,0.0079,160.0,2500.0,7100.0,3899999.9999999995,3300.0,3600.0,1100.0,960.0,5200.0,0.15,3899999.9999999995,0.0,1.2E-5,0.62,0.62,0.0,250.0,11.0,0.0,8.4E-19,1.3999999999999998E-29,0.0,3.2E7,1.0,7.2E8,
6.5E-40,0.0079,160.0,2500.0,7100.0,3899999.9999999995,3300.0,3600.0,1100.0,960.0,5200.0,0.15,3899999.9999999995,0.0,1.0E-5,0.62,0.62,0.0,250.0,11.0,0.0,8.9E-19,1.3E-29,0.0,3.4E7,1.0,7.2E8,
6.5E-40,0.0079,160.0,2500.0,7100.0,3899999.9999999995,3300.0,3600.0,1100.0,960.0,5200.0,0.15,3899999.9999999995,0.0,1.1E-5,0.62,0.62,0.0,250.0,11.0,0.0,9.4E-19,1.3E-29,0.0,3.3E7,1.0,7.2E8,
6.5E-40,0.0079,160.0,2500.0,7100.0,3899999.9999999995,3300.0,3600.0,1100.0,960.0,5200.0,0.15,3899999.9999999995,0.0,1.4E-5,0.62,0.62,0.0,250.0,11.0,0.0,9.8E-19,1.5999999999999999E-29,0.0,3.0E7,1.0,7.2E8,
6.5E-40,0.0079,160.0,2500.0,7100.0,3899999.9999999995,3300.0,3600.0,1100.0,960.0,5200.0,0.15,3899999.9999999995,0.0,1.5E-5,0.62,0.62,0.0,250.0,11.0,0.0,1.0E-18,2.0E-29,0.0,2.9E7,1.0,7.2E8,
6.5E-40,0.0079,160.0,2500.0,7100.0,3899999.9999999995,3300.0,3600.0,1100.0,960.0,5200.0,0.15,3899999.9999999995,0.0,1.5E-5,0.62,0.62,0.0,250.0,11.0,0.0,1.1E-18,2.2E-29,0.0,3.0E7,1.0,7.2E8,
6.5E-40,0.0079,160.0,2500.0,7100.0,3899999.9999999995,3300.0,3600.0,1100.0,960.0,5200.0,0.15,3899999.9999999995,0.0,1.4E-5,0.62,0.62,0.0,250.0,11.0,0.0,1.1E-18,2.2E-29,0.0,3.0E7,1.0,7.2E8,
6.5E-40,0.0079,160.0,2500.0,7100.0,3799999.9999999995,3300.0,3600.0,1100.0,960.0,5200.0,0.15,3899999.9999999995,0.0,1.3E-5,0.62,0.62,0.0,240.0,11.0,0.0,1.2E-18,2.2E-29,0.0,3.1E7,1.0,7.1E8,
6.5E-40,0.0079,160.0,2500.0,7100.0,3799999.9999999995,3300.0,3600.0,1100.0,960.0,5200.0,0.15,3899999.9999999995,0.0,1.7E-5,0.62,0.62,0.0,240.0,11.0,0.0,1.2E-18,2.5E-29,0.0,2.8E7,1.0,7.1E8,
6.5E-40,0.0079,160.0,2500.0,7100.0,3799999.9999999995,3300.0,3600.0,1100.0,960.0,5200.0,0.15,3899999.9999999995,0.0,1.9E-5,0.62,0.62,0.0,240.0,11.0,0.0,1.3E-18,2.9999999999999997E-29,0.0,2.7E7,1.0,7.1E8,
6.5E-40,0.0079,160.0,2500.0,7100.0,3799999.9999999995,3300.0,3600.0,1100.0,960.0,5200.0,0.15,3899999.9999999995,0.0,1.9E-5,0.62,0.62,0.0,240.0,11.0,0.0,1.4E-18,3.4E-29,0.0,2.7E7,1.0,7.1E8,
6.5E-40,0.0079,160.0,2500.0,7100.0,3799999.9999999995,3300.0,3600.0,1100.0,960.0,5200.0,0.15,3899999.9999999995,0.0,1.7E-5,0.62,0.62,0.0,240.0,11.0,0.0,1.4E-18,3.5E-29,0.0,2.8E7,1.0,7.1E8,
6.5E-40,0.0079,160.0,2500.0,7100.0,3799999.9999999995,3300.0,3600.0,1100.0,960.0,5200.0,0.15,3799999.9999999995,0.0,1.6E-5,0.62,0.62,0.0,240.0,11.0,0.0,1.5E-18,3.4E-29,0.0,2.9E7,1.0,7.1E8,
6.5E-40,0.0079,160.0,2500.0,7100.0,3799999.9999999995,3300.0,3600.0,1100.0,960.0,5200.0,0.15,3799999.9999999995,0.0,2.0E-5,0.62,0.62,0.0,240.0,11.0,0.0,1.5E-18,3.8E-29,0.0,2.6E7,1.0,7.1E8,
6.5E-40,0.0079,160.0,2500.0,7100.0,3799999.9999999995,3300.0,3600.0,1100.0,960.0,5200.0,0.15,3799999.9999999995,0.0,2.2E-5,0.62,0.62,0.0,240.0,11.0,0.0,1.6E-18,4.5E-29,0.0,2.5E7,1.0,7.1E8,
5.0E-39,0.087,72000.0,87000.0,19000.0,5600000.0,2900.0,4600.0,2400.0,2600.0,37000.0,0.15,5799999.999999999,0.0,8.1E-5,1.4,1.4,0.0,510.0,38.0,5.9E-7,6.1E-18,1.3E-23,0.0,2.6E7,1.0,7.5E8,
3.3E-39,0.057,1900.0,65000.0,4200.0,5600000.0,2900.0,4600.0,2400.0,2600.0,4300.0,0.15,5699999.999999999,0.0,3.5E-5,0.44,0.44,0.0,500.0,15.0,8.2E-8,6.1E-18,5.699999999999999E-24,0.0,2.5E7,1.0,7.5E8,
7.4E-40,0.013,1900.0,7000.0,4200.0,5400000.0,2900.0,4600.0,2400.0,2600.0,4300.0,0.15,5500000.0,0.0,4.0E-5,0.28,0.28,0.0,500.0,15.0,1.5E-9,6.1E-18,5.6999999999999995E-25,0.0,2.4E7,1.0,7.5E8,
7.2E-40,0.013,1900.0,7000.0,4100.0,5100000.0,2900.0,4600.0,2400.0,2600.0,4300.0,0.15,5100000.0,0.0,4.6E-5,0.27,0.27,0.0,500.0,14.0,1.1E-11,6.1E-18,1.9999999999999998E-25,0.0,2.2E7,1.0,7.5E8,
7.1E-40,0.012,1900.0,7000.0,4100.0,4700000.0,2900.0,4600.0,2400.0,2600.0,4300.0,0.14,4700000.0,0.0,4.9E-5,0.26,0.26,0.0,500.0,13.0,5.3E-13,6.0E-18,1.0999999999999999E-25,0.0,2.1E7,1.0,7.4E8,
6.8E-40,0.012,1900.0,7000.0,4100.0,4200000.0,2900.0,4600.0,2400.0,2600.0,4300.0,0.14,4200000.0,0.0,5.0E-5,0.25,0.25,0.0,500.0,13.0,7.2E-14,6.0E-18,7.099999999999999E-26,0.0,2.1E7,1.0,7.4E8,
6.7E-40,0.012,1900.0,7000.0,4100.0,3899999.9999999995,2900.0,4600.0,2400.0,2600.0,4300.0,0.14,3899999.9999999995,0.0,5.5E-5,0.24,0.24,0.0,500.0,12.0,5.0E-16,6.0E-18,2.6E-26,0.0,2.0E7,1.0,7.4E8,
6.7E-40,0.012,1900.0,7000.0,4100.0,3899999.9999999995,2900.0,4600.0,2400.0,2600.0,4300.0,0.14,3899999.9999999995,0.0,5.9E-5,0.24,0.24,0.0,500.0,12.0,9.4E-18,5.9E-18,1.2E-26,0.0,1.9E7,1.0,7.3E8,
6.7E-40,0.012,1900.0,7000.0,4100.0,3899999.9999999995,2900.0,4600.0,2400.0,2600.0,4300.0,0.14,3899999.9999999995,0.0,6.0E-5,0.24,0.24,0.0,500.0,12.0,2.4E-20,6.0E-18,3.9000000000000004E-27,0.0,1.9E7,1.0,7.3E8,
6.7E-40,0.012,1900.0,7000.0,4100.0,3899999.9999999995,2900.0,4600.0,2400.0,2600.0,4300.0,0.14,3899999.9999999995,0.0,5.4E-5,0.24,0.24,0.0,490.0,12.0,6.3E-23,6.0E-18,1.5E-27,0.0,1.9E7,1.0,7.3E8,
6.7E-40,0.012,1900.0,7000.0,4100.0,3899999.9999999995,2900.0,4600.0,2400.0,2600.0,4300.0,0.14,3899999.9999999995,0.0,4.7E-5,0.24,0.24,0.0,490.0,12.0,1.5999999999999998E-25,6.0E-18,7.5E-28,0.0,2.0E7,1.0,7.3E8,
6.7E-40,0.012,1900.0,7000.0,4100.0,3899999.9999999995,2900.0,4600.0,2400.0,2600.0,4300.0,0.14,3899999.9999999995,0.0,4.0E-5,0.24,0.24,0.0,490.0,12.0,4.3E-28,6.1E-18,4.7000000000000005E-28,0.0,2.2E7,1.0,7.3E8,
6.7E-40,0.012,1900.0,7000.0,4100.0,3899999.9999999995,2900.0,4600.0,2400.0,2600.0,4300.0,0.14,3899999.9999999995,0.0,3.3E-5,0.24,0.24,0.0,480.0,12.0,1.6E-30,6.1E-18,3.5000000000000004E-28,0.0,2.3E7,1.0,7.3E8,
6.7E-40,0.012,1900.0,7000.0,4100.0,3899999.9999999995,2900.0,4600.0,2400.0,2600.0,4300.0,0.14,3899999.9999999995,0.0,2.7E-5,0.24,0.24,0.0,480.0,12.0,0.0,6.2E-18,2.8000000000000002E-28,0.0,2.5E7,1.0,7.3E8,
6.7E-40,0.012,1900.0,7000.0,4100.0,3899999.9999999995,2900.0,4600.0,2400.0,2600.0,4300.0,0.14,3899999.9999999995,0.0,2.5E-5,0.24,0.24,0.0,480.0,12.0,0.0,6.2E-18,2.3000000000000003E-28,0.0,2.5E7,1.0,7.2E8,
6.7E-40,0.012,1900.0,7000.0,4100.0,3899999.9999999995,2900.0,4600.0,2400.0,2600.0,4300.0,0.14,3899999.9999999995,0.0,3.0E-5,0.24,0.24,0.0,470.0,12.0,0.0,6.2E-18,2.4E-28,0.0,2.4E7,1.0,7.2E8,
6.7E-40,0.012,1900.0,7000.0,4100.0,3899999.9999999995,2900.0,4600.0,2400.0,2600.0,4300.0,0.14,3899999.9999999995,0.0,3.1E-5,0.24,0.24,0.0,470.0,12.0,0.0,6.2E-18,2.6000000000000004E-28,0.0,2.4E7,1.0,7.2E8,
6.7E-40,0.012,1900.0,7000.0,4100.0,3899999.9999999995,2900.0,4600.0,2400.0,2600.0,4300.0,0.14,3899999.9999999995,0.0,2.9E-5,0.24,0.24,0.0,460.0,12.0,0.0,6.3E-18,2.6000000000000004E-28,0.0,2.4E7,1.0,7.2E8,
6.7E-40,0.012,1900.0,7000.0,4100.0,3899999.9999999995,2900.0,4600.0,2400.0,2600.0,4300.0,0.14,3899999.9999999995,0.0,2.6E-5,0.24,0.24,0.0,460.0,12.0,0.0,6.3E-18,2.5E-28,0.0,2.5E7,1.0,7.2E8,
6.7E-40,0.012,1900.0,7000.0,4100.0,3899999.9999999995,2900.0,4600.0,2400.0,2600.0,4300.0,0.14,3899999.9999999995,0.0,2.3E-5,0.24,0.24,0.0,460.0,12.0,0.0,6.4E-18,2.2000000000000004E-28,0.0,2.6E7,1.0,7.2E8,
6.7E-40,0.012,1900.0,7000.0,4100.0,3899999.9999999995,2900.0,4600.0,2400.0,2600.0,4300.0,0.14,3899999.9999999995,0.0,2.0E-5,0.24,0.24,0.0,460.0,12.0,0.0,6.4E-18,2.0000000000000002E-28,0.0,2.8E7,1.0,7.2E8,
6.7E-40,0.012,1900.0,7000.0,4100.0,3799999.9999999995,2900.0,4600.0,2400.0,2600.0,4300.0,0.14,3899999.9999999995,0.0,1.7E-5,0.24,0.24,0.0,460.0,12.0,0.0,6.5E-18,1.8000000000000002E-28,0.0,2.9E7,1.0,7.1E8,
6.7E-40,0.012,1900.0,7000.0,4100.0,3799999.9999999995,2900.0,4600.0,2400.0,2600.0,4300.0,0.14,3799999.9999999995,0.0,2.1E-5,0.24,0.24,0.0,460.0,12.0,0.0,6.5E-18,1.8000000000000002E-28,0.0,2.6E7,1.0,7.1E8,
6.7E-40,0.012,1900.0,7000.0,4100.0,3799999.9999999995,2900.0,4600.0,2400.0,2600.0,4300.0,0.14,3799999.9999999995,0.0,2.4E-5,0.24,0.24,0.0,460.0,12.0,0.0,6.6E-18,2.0000000000000002E-28,0.0,2.5E7,1.0,7.1E8,
6.7E-40,0.012,1900.0,7000.0,4100.0,3799999.9999999995,2900.0,4600.0,2400.0,2600.0,4300.0,0.14,3799999.9999999995,0.0,2.4E-5,0.24,0.24,0.0,460.0,12.0,0.0,6.6E-18,2.2000000000000004E-28,0.0,2.5E7,1.0,7.1E8,
6.7E-40,0.012,1900.0,7000.0,4100.0,3799999.9999999995,2900.0,4600.0,2400.0,2600.0,4300.0,0.14,3799999.9999999995,0.0,2.3E-5,0.24,0.24,0.0,450.0,12.0,0.0,6.7E-18,2.2000000000000004E-28,0.0,2.6E7,1.0,7.1E8,
6.7E-40,0.012,1900.0,7000.0,4100.0,3799999.9999999995,2900.0,4600.0,2400.0,2600.0,4300.0,0.14,3799999.9999999995,0.0,2.0E-5,0.24,0.24,0.0,450.0,12.0,0.0,6.7E-18,2.1E-28,0.0,2.6E7,1.0,7.0E8,
6.7E-40,0.012,1900.0,7000.0,4100.0,3799999.9999999995,2900.0,4600.0,2400.0,2600.0,4300.0,0.14,3799999.9999999995,0.0,2.5E-5,0.24,0.24,0.0,440.0,12.0,0.0,6.7E-18,2.2000000000000004E-28,0.0,2.5E7,1.0,7.0E8,
6.7E-40,0.012,1900.0,7000.0,4100.0,3799999.9999999995,2900.0,4600.0,2400.0,2600.0,4300.0,0.14,3799999.9999999995,0.0,2.7E-5,0.24,0.24,0.0,440.0,12.0,0.0,6.8E-18,2.4E-28,0.0,2.4E7,1.0,7.0E8,
6.7E-40,0.012,1900.0,7000.0,4100.0,3799999.9999999995,2900.0,4600.0,2400.0,2600.0,4300.0,0.14,3799999.9999999995,0.0,2.7E-5,0.24,0.24,0.0,440.0,12.0,0.0,6.8E-18,2.6000000000000004E-28,0.0,2.4E7,1.0,7.0E8,
6.7E-40,0.012,1900.0,7000.0,4100.0,3799999.9999999995,2900.0,4600.0,2400.0,2600.0,4300.0,0.14,3799999.9999999995,0.0,2.5E-5,0.24,0.24,0.0,440.0,12.0,0.0,6.9E-18,2.5E-28,0.0,2.5E7,1.0,7.0E8,
6.7E-40,0.012,1900.0,7000.0,4100.0,3799999.9999999995,2900.0,4600.0,2400.0,2600.0,4300.0,0.14,3799999.9999999995,0.0,2.2E-5,0.24,0.24,0.0,440.0,12.0,0.0,6.9E-18,2.4E-28,0.0,2.6E7,1.0,7.0E8,
6.6E-40,0.011,1900.0,7000.0,4100.0,3799999.9999999995,2900.0,4600.0,2400.0,2600.0,4300.0,0.14,3799999.9999999995,0.0,2.0E-5,0.24,0.24,0.0,440.0,12.0,0.0,7.0E-18,2.2000000000000004E-28,0.0,2.6E7,1.0,6.9E8,
6.6E-40,0.011,1900.0,7000.0,4100.0,3799999.9999999995,2900.0,4600.0,2400.0,2600.0,4300.0,0.14,3799999.9999999995,0.0,2.5E-5,0.24,0.24,0.0,440.0,12.0,0.0,7.1E-18,2.3000000000000003E-28,0.0,2.4E7,1.0,6.9E8,
6.6E-40,0.011,1900.0,7000.0,4100.0,3799999.9999999995,2900.0,4600.0,2400.0,2600.0,4300.0,0.14,3799999.9999999995,0.0,2.6E-5,0.24,0.24,0.0,440.0,12.0,0.0,7.1E-18,2.6000000000000004E-28,0.0,2.4E7,1.0,6.9E8,
6.6E-40,0.011,1900.0,7000.0,4100.0,3799999.9999999995,2900.0,4600.0,2400.0,2600.0,4300.0,0.14,3799999.9999999995,0.0,2.5E-5,0.24,0.24,0.0,440.0,12.0,0.0,7.2E-18,2.7000000000000003E-28,0.0,2.4E7,1.0,6.9E8,
6.6E-40,0.011,1900.0,7000.0,4100.0,3799999.9999999995,2900.0,4600.0,2400.0,2600.0,4300.0,0.14,3799999.9999999995,0.0,2.3E-5,0.24,0.24,0.0,430.0,12.0,0.0,7.3E-18,2.6000000000000004E-28,0.0,2.5E7,1.0,6.9E8,
6.6E-40,0.011,1900.0,7000.0,4100.0,3799999.9999999995,2900.0,4600.0,2400.0,2600.0,4300.0,0.14,3799999.9999999995,0.0,2.0E-5,0.24,0.24,0.0,430.0,12.0,0.0,7.3E-18,2.4E-28,0.0,2.6E7,1.0,6.9E8,
6.6E-40,0.011,1900.0,7000.0,4100.0,3799999.9999999995,2900.0,4600.0,2400.0,2600.0,4300.0,0.14,3799999.9999999995,0.0,1.8E-5,0.24,0.24,0.0,430.0,12.0,0.0,7.4E-18,2.1E-28,0.0,2.7E7,1.0,6.9E8,
6.6E-40,0.011,1900.0,7000.0,4100.0,3799999.9999999995,2900.0,4600.0,2400.0,2600.0,4300.0,0.14,3799999.9999999995,0.0,1.5E-5,0.24,0.24,0.0,430.0,12.0,0.0,7.5E-18,1.9000000000000003E-28,0.0,2.9E7,1.0,6.9E8,
6.6E-40,0.011,1900.0,7000.0,4100.0,3799999.9999999995,2900.0,4600.0,2400.0,2600.0,4300.0,0.14,3799999.9999999995,0.0,1.3E-5,0.24,0.24,0.0,430.0,12.0,0.0,7.6E-18,1.6000000000000001E-28,0.0,3.0E7,1.0,6.9E8,
6.6E-40,0.011,1900.0,7000.0,4100.0,3799999.9999999995,2900.0,4600.0,2400.0,2600.0,4300.0,0.14,3799999.9999999995,0.0,1.7E-5,0.24,0.24,0.0,430.0,12.0,0.0,7.7E-18,1.7000000000000003E-28,0.0,2.8E7,1.0,6.9E8,
6.6E-40,0.011,1900.0,7000.0,4100.0,3799999.9999999995,2900.0,4600.0,2400.0,2600.0,4300.0,0.14,3799999.9999999995,0.0,1.9E-5,0.24,0.24,0.0,430.0,12.0,0.0,7.8E-18,1.9000000000000003E-28,0.0,2.7E7,1.0,6.9E8,
6.6E-40,0.011,1900.0,7000.0,4100.0,3799999.9999999995,2900.0,4600.0,2400.0,2600.0,4300.0,0.14,3799999.9999999995,0.0,1.9E-5,0.24,0.24,0.0,430.0,12.0,0.0,7.8E-18,2.1E-28,0.0,2.6E7,1.0,6.9E8,
6.6E-40,0.011,1900.0,7000.0,4100.0,3799999.9999999995,2900.0,4600.0,2400.0,2600.0,4300.0,0.14,3799999.9999999995,0.0,1.9E-5,0.24,0.24,0.0,420.0,12.0,0.0,7.9E-18,2.2000000000000004E-28,0.0,2.7E7,1.0,6.9E8,
6.6E-40,0.011,1900.0,7000.0,4100.0,3799999.9999999995,2900.0,4600.0,2400.0,2600.0,4300.0,0.14,3799999.9999999995,0.0,1.7E-5,0.24,0.24,0.0,420.0,12.0,0.0,8.0E-18,2.1E-28,0.0,2.8E7,1.0,6.9E8,
6.6E-40,0.011,1900.0,7000.0,4100.0,3799999.9999999995,2900.0,4600.0,2400.0,2600.0,4300.0,0.14,3799999.9999999995,0.0,1.5E-5,0.24,0.24,0.0,420.0,12.0,0.0,8.1E-18,1.9000000000000003E-28,0.0,2.9E7,1.0,6.9E8,
6.6E-40,0.011,1900.0,7000.0,4100.0,3799999.9999999995,2900.0,4600.0,2400.0,2600.0,4300.0,0.14,3799999.9999999995,0.0,1.3E-5,0.24,0.24,0.0,420.0,12.0,0.0,8.2E-18,1.7000000000000003E-28,0.0,3.0E7,1.0,6.9E8,
2.9E-39,0.05,4500.0,66000.0,3900.0,5400000.0,2900.0,4600.0,2400.0,2600.0,16000.0,0.14,5500000.0,0.0,7.6E-6,0.32,0.32,0.0,560.0,6.8,1.9E-8,1.4E-17,7.4E-23,0.0,3.2E7,1.0,7.2E8,
1.1E-39,0.027,4500.0,27000.0,8700.0,5400000.0,2900.0,4600.0,2400.0,2600.0,1200.0,0.14,5500000.0,0.0,3.3,0.11,0.11,0.0,560.0,6.8,1.0E-9,1.5E-17,2.6E-22,0.0,3.0E7,1.0,7.2E8,
2.7E-40,0.007,4500.0,4200.0,1200.0,5100000.0,2900.0,4600.0,2400.0,2600.0,1200.0,0.14,5100000.0,0.0,6.9E-6,0.072,0.072,0.0,550.0,4.4,5.0E-11,1.5E-17,3.6E-23,0.0,2.8E7,1.0,7.2E8,
2.7E-40,0.0069,4500.0,4200.0,1200.0,4900000.0,2900.0,4600.0,2400.0,2600.0,1200.0,0.14,4900000.0,0.0,7.8E-6,0.07,0.07,0.0,550.0,4.3,2.5E-12,1.5E-17,1.9E-23,0.0,2.6E7,1.0,7.1E8,
2.6E-40,0.0068,4500.0,4200.0,1200.0,4700000.0,2900.0,4600.0,2400.0,2600.0,1200.0,0.14,4800000.0,0.0,9.5E-6,0.068,0.068,0.0,550.0,4.2,1.7E-14,1.4E-17,7.0E-24,0.0,2.4E7,1.0,7.1E8,
2.5E-40,0.0066,4500.0,4200.0,1200.0,4400000.0,2900.0,4600.0,2400.0,2600.0,1200.0,0.14,4400000.0,0.0,1.1E-5,0.065,0.065,0.0,540.0,4.0,3.2E-16,1.4E-17,3.0999999999999997E-24,0.0,2.3E7,1.0,7.1E8,
2.5E-40,0.0064,4500.0,4200.0,1200.0,4200000.0,2900.0,4600.0,2400.0,2600.0,1200.0,0.14,4200000.0,0.0,1.2E-5,0.062,0.062,0.0,540.0,3.8,6.0E-18,1.4E-17,1.2999999999999998E-24,0.0,2.1E7,1.0,7.1E8,
2.4E-40,0.0062,4400.0,4200.0,1100.0,3899999.9999999995,2800.0,4600.0,2300.0,2600.0,1200.0,0.14,3899999.9999999995,0.0,1.2E-5,0.059,0.059,0.0,540.0,3.6,3.0E-19,1.4E-17,7.1E-25,0.0,2.1E7,1.0,7.0E8,
2.4E-40,0.0061,4400.0,4200.0,1100.0,3799999.9999999995,2800.0,4600.0,2300.0,2600.0,1200.0,0.14,3799999.9999999995,0.0,1.4E-5,0.058,0.058,0.0,540.0,3.5,7.799999999999999E-22,1.4E-17,2.1E-25,0.0,1.9E7,1.0,7.0E8,
2.4E-40,0.0061,4400.0,4200.0,1100.0,3799999.9999999995,2800.0,4600.0,2300.0,2600.0,1200.0,0.14,3799999.9999999995,0.0,1.4E-5,0.058,0.058,0.0,530.0,3.5,2.0E-24,1.4E-17,6.4E-26,0.0,1.9E7,1.0,7.0E8,
2.4E-40,0.0061,4400.0,4200.0,1100.0,3799999.9999999995,2800.0,4600.0,2300.0,2600.0,1200.0,0.14,3799999.9999999995,0.0,1.3E-5,0.058,0.058,0.0,530.0,3.5,5.1E-27,1.4E-17,2.0E-26,0.0,2.0E7,1.0,7.0E8,
2.4E-40,0.0061,4400.0,4200.0,1100.0,3799999.9999999995,2800.0,4600.0,2300.0,2600.0,1200.0,0.14,3799999.9999999995,0.0,1.2E-5,0.058,0.058,0.0,530.0,3.5,1.3E-29,1.4E-17,6.1E-27,0.0,2.1E7,1.0,7.0E8,
2.4E-40,0.0061,4400.0,4200.0,1100.0,3799999.9999999995,2800.0,4600.0,2300.0,2600.0,1200.0,0.14,3799999.9999999995,0.0,9.9E-6,0.058,0.058,0.0,530.0,3.5,3.7E-32,1.4E-17,2.0E-27,0.0,2.2E7,1.0,7.0E8,
2.4E-40,0.0061,4400.0,4200.0,1100.0,3799999.9999999995,2800.0,4600.0,2300.0,2600.0,1200.0,0.14,3799999.9999999995,0.0,8.3E-6,0.058,0.058,0.0,520.0,3.5,8.7E-35,1.4E-17,7.3000000000000005E-28,0.0,2.4E7,1.0,7.0E8,
2.4E-40,0.0061,4400.0,4200.0,1100.0,3799999.9999999995,2800.0,4600.0,2300.0,2600.0,1200.0,0.14,3799999.9999999995,0.0,7.0E-6,0.058,0.058,0.0,520.0,3.5,0.0,1.4E-17,3.3E-28,0.0,2.5E7,1.0,7.0E8,
2.4E-40,0.0061,4400.0,4200.0,1100.0,3799999.9999999995,2800.0,4600.0,2300.0,2600.0,1200.0,0.14,3799999.9999999995,0.0,5.9E-6,0.058,0.058,0.0,510.0,3.5,0.0,1.5E-17,1.9000000000000003E-28,0.0,2.7E7,1.0,7.0E8,
2.4E-40,0.0061,4400.0,4200.0,1100.0,3799999.9999999995,2800.0,4600.0,2300.0,2600.0,1200.0,0.14,3799999.9999999995,0.0,5.8E-6,0.058,0.058,0.0,510.0,3.5,0.0,1.5E-17,1.4000000000000001E-28,0.0,2.7E7,1.0,7.0E8,
2.4E-40,0.0061,4400.0,4200.0,1100.0,3799999.9999999995,2800.0,4600.0,2300.0,2600.0,1200.0,0.14,3799999.9999999995,0.0,7.0E-6,0.058,0.058,0.0,510.0,3.5,0.0,1.5E-17,1.4000000000000001E-28,0.0,2.5E7,1.0,7.0E8,
2.4E-40,0.0061,4400.0,4200.0,1100.0,3799999.9999999995,2800.0,4600.0,2300.0,2600.0,1200.0,0.14,3799999.9999999995,0.0,7.3E-6,0.058,0.058,0.0,500.0,3.5,0.0,1.5E-17,1.5000000000000002E-28,0.0,2.5E7,1.0,7.0E8,
2.4E-40,0.0061,4400.0,4200.0,1100.0,3799999.9999999995,2800.0,4600.0,2300.0,2600.0,1200.0,0.14,3799999.9999999995,0.0,7.0E-6,0.058,0.058,0.0,490.0,3.5,0.0,1.5E-17,1.5000000000000002E-28,0.0,2.5E7,1.0,7.0E8,
2.4E-40,0.0061,4400.0,4200.0,1100.0,3799999.9999999995,2800.0,4600.0,2300.0,2600.0,1200.0,0.14,3799999.9999999995,0.0,6.3E-6,0.058,0.058,0.0,490.0,3.5,0.0,1.5E-17,1.4000000000000001E-28,0.0,2.6E7,1.0,7.0E8,
2.4E-40,0.0061,4400.0,4200.0,1100.0,3799999.9999999995,2800.0,4600.0,2300.0,2600.0,1200.0,0.14,3799999.9999999995,0.0,5.6E-6,0.058,0.058,0.0,480.0,3.5,0.0,1.5E-17,1.3000000000000002E-28,0.0,2.7E7,1.0,7.0E8,
2.4E-40,0.0061,4400.0,4200.0,1100.0,3799999.9999999995,2800.0,4600.0,2300.0,2600.0,1200.0,0.14,3799999.9999999995,0.0,4.9E-6,0.058,0.058,0.0,470.0,3.5,0.0,1.5E-17,1.1000000000000002E-28,0.0,2.9E7,1.0,7.0E8,
2.4E-40,0.0061,4400.0,4200.0,1100.0,3799999.9999999995,2800.0,4600.0,2300.0,2600.0,1200.0,0.14,3799999.9999999995,0.0,4.2E-6,0.058,0.058,0.0,470.0,3.5,0.0,1.5E-17,1.0000000000000001E-28,0.0,3.0E7,1.0,7.0E8,
2.4E-40,0.0061,4400.0,4200.0,1100.0,3799999.9999999995,2800.0,4600.0,2300.0,2600.0,1200.0,0.14,3799999.9999999995,0.0,3.7E-6,0.058,0.058,0.0,470.0,3.5,0.0,1.5E-17,8.7E-29,0.0,3.2E7,1.0,7.0E8,
2.4E-40,0.0061,4400.0,4200.0,1100.0,3799999.9999999995,2800.0,4600.0,2300.0,2600.0,1200.0,0.14,3799999.9999999995,0.0,4.9E-6,0.058,0.058,0.0,460.0,3.5,0.0,1.5E-17,9.1E-29,0.0,2.9E7,1.0,7.0E8,
2.4E-40,0.0061,4400.0,4200.0,1100.0,3799999.9999999995,2800.0,4600.0,2300.0,2600.0,1200.0,0.14,3799999.9999999995,0.0,5.5E-6,0.058,0.058,0.0,450.0,3.5,0.0,1.5E-17,1.1000000000000002E-28,0.0,2.7E7,1.0,7.0E8,
2.4E-40,0.0061,4400.0,4200.0,1100.0,3799999.9999999995,2800.0,4600.0,2300.0,2600.0,1200.0,0.14,3799999.9999999995,0.0,5.5E-6,0.058,0.058,0.0,450.0,3.5,0.0,1.5E-17,1.1000000000000002E-28,0.0,2.7E7,1.0,7.0E8,
2.4E-40,0.0061,4400.0,4200.0,1100.0,3799999.9999999995,2800.0,4600.0,2300.0,2600.0,1200.0,0.14,3799999.9999999995,0.0,5.2E-6,0.058,0.058,0.0,450.0,3.5,0.0,1.5E-17,1.1000000000000002E-28,0.0,2.8E7,1.0,7.0E8,
2.4E-40,0.0061,4400.0,4200.0,1100.0,3799999.9999999995,2800.0,4600.0,2300.0,2600.0,1200.0,0.14,3799999.9999999995,0.0,4.7E-6,0.058,0.058,0.0,450.0,3.5,0.0,1.5E-17,1.1000000000000002E-28,0.0,2.9E7,1.0,7.0E8,
2.4E-40,0.0061,4400.0,4200.0,1100.0,3799999.9999999995,2800.0,4600.0,2300.0,2600.0,1200.0,0.14,3799999.9999999995,0.0,4.2E-6,0.058,0.058,0.0,450.0,3.5,0.0,1.5E-17,9.8E-29,0.0,3.0E7,1.0,7.0E8,
2.4E-40,0.0061,4400.0,4200.0,1100.0,3799999.9999999995,2800.0,4600.0,2300.0,2600.0,1200.0,0.14,3799999.9999999995,0.0,3.7E-6,0.058,0.058,0.0,450.0,3.5,0.0,1.5E-17,8.8E-29,0.0,3.1E7,1.0,7.0E8,
2.4E-40,0.0061,4400.0,4200.0,1100.0,3799999.9999999995,2800.0,4600.0,2300.0,2600.0,1200.0,0.14,3799999.9999999995,0.0,3.3E-6,0.058,0.058,0.0,450.0,3.5,0.0,1.5E-17,7.8E-29,0.0,3.3E7,1.0,7.0E8,
2.4E-40,0.0061,4400.0,4200.0,1100.0,3799999.9999999995,2800.0,4600.0,2300.0,2600.0,1200.0,0.14,3799999.9999999995,0.0,3.9E-6,0.058,0.058,0.0,450.0,3.5,0.0,1.5E-17,7.5E-29,0.0,3.1E7,1.0,7.0E8,
2.4E-40,0.0061,4400.0,4200.0,1100.0,3799999.9999999995,2800.0,4600.0,2300.0,2600.0,1200.0,0.14,3799999.9999999995,0.0,4.6E-6,0.058,0.058,0.0,450.0,3.5,0.0,1.5E-17,8.8E-29,0.0,2.9E7,1.0,7.0E8,
2.4E-40,0.0061,4400.0,4200.0,1100.0,3799999.9999999995,2800.0,4600.0,2300.0,2600.0,1200.0,0.14,3799999.9999999995,0.0,4.9E-6,0.058,0.058,0.0,450.0,3.5,0.0,1.5E-17,9.9E-29,0.0,2.8E7,1.0,7.0E8,
2.4E-40,0.0061,4400.0,4200.0,1100.0,3799999.9999999995,2800.0,4600.0,2300.0,2600.0,1200.0,0.14,3799999.9999999995,0.0,4.8E-6,0.058,0.058,0.0,450.0,3.5,0.0,1.5E-17,1.0000000000000001E-28,0.0,2.9E7,1.0,7.0E8,
2.4E-40,0.0061,4400.0,4200.0,1100.0,3799999.9999999995,2800.0,4600.0,2300.0,2600.0,1200.0,0.14,3799999.9999999995,0.0,4.4E-6,0.058,0.058,0.0,450.0,3.5,0.0,1.5E-17,1.0000000000000001E-28,0.0,3.0E7,1.0,7.0E8,
2.4E-40,0.0061,4400.0,4200.0,1100.0,3799999.9999999995,2800.0,4600.0,2300.0,2600.0,1200.0,0.14,3799999.9999999995,0.0,4.0E-6,0.058,0.058,0.0,440.0,3.5,0.0,1.5E-17,9.3E-29,0.0,3.1E7,1.0,7.0E8,
2.4E-40,0.0061,4400.0,4200.0,1100.0,3799999.9999999995,2800.0,4600.0,2300.0,2600.0,1200.0,0.14,3799999.9999999995,0.0,3.5E-6,0.058,0.058,0.0,430.0,3.5,0.0,1.5E-17,8.5E-29,0.0,3.2E7,1.0,7.0E8,
2.4E-40,0.0061,4400.0,4200.0,1100.0,3799999.9999999995,2800.0,4600.0,2300.0,2600.0,1200.0,0.14,3799999.9999999995,0.0,3.1E-6,0.058,0.058,0.0,430.0,3.5,0.0,1.5E-17,7.5E-29,0.0,3.4E7,1.0,7.0E8,
2.4E-40,0.0061,4400.0,4200.0,1100.0,3799999.9999999995,2800.0,4600.0,2300.0,2600.0,1200.0,0.14,3799999.9999999995,0.0,3.2E-6,0.058,0.058,0.0,430.0,3.5,0.0,1.5E-17,6.9E-29,0.0,3.3E7,1.0,7.0E8,
2.4E-40,0.0061,4400.0,4200.0,1100.0,3799999.9999999995,2800.0,4600.0,2300.0,2600.0,1200.0,0.14,3799999.9999999995,0.0,4.1E-6,0.058,0.058,0.0,430.0,3.5,0.0,1.5E-17,7.9E-29,0.0,3.0E7,1.0,7.0E8,
2.4E-40,0.0061,4400.0,4200.0,1100.0,3799999.9999999995,2800.0,4600.0,2300.0,2600.0,1200.0,0.14,3799999.9999999995,0.0,4.6E-6,0.058,0.058,0.0,430.0,3.5,0.0,1.5E-17,9.2E-29,0.0,2.9E7,1.0,7.0E8,
2.4E-40,0.0061,4400.0,4200.0,1100.0,3799999.9999999995,2800.0,4600.0,2300.0,2600.0,1200.0,0.14,3799999.9999999995,0.0,4.6E-6,0.058,0.058,0.0,420.0,3.5,0.0,1.5E-17,9.9E-29,0.0,2.9E7,1.0,7.0E8,
2.4E-40,0.0061,4400.0,4200.0,1100.0,3799999.9999999995,2800.0,4600.0,2300.0,2600.0,1200.0,0.14,3799999.9999999995,0.0,4.3E-6,0.058,0.058,0.0,410.0,3.5,0.0,1.6E-17,9.8E-29,0.0,3.0E7,1.0,7.0E8,
2.4E-40,0.0061,4400.0,4200.0,1100.0,3799999.9999999995,2800.0,4600.0,2300.0,2600.0,1200.0,0.14,3799999.9999999995,0.0,3.9E-6,0.058,0.058,0.0,390.0,3.5,0.0,1.6E-17,9.3E-29,0.0,3.1E7,1.0,7.0E8,
2.4E-40,0.0061,4400.0,4200.0,1100.0,3799999.9999999995,2800.0,4600.0,2300.0,2600.0,1200.0,0.14,3799999.9999999995,0.0,3.5E-6,0.058,0.058,0.0,390.0,3.5,0.0,1.6E-17,8.5E-29,0.0,3.2E7,1.0,7.0E8,
2.4E-40,0.0061,4400.0,4200.0,1100.0,3799999.9999999995,2800.0,4600.0,2300.0,2600.0,1200.0,0.14,3799999.9999999995,0.0,3.1E-6,0.058,0.058,0.0,390.0,3.5,0.0,1.6E-17,7.7E-29,0.0,3.4E7,1.0,7.0E8,
2.4E-40,0.0061,4400.0,4200.0,1100.0,3799999.9999999995,2800.0,4600.0,2300.0,2600.0,1200.0,0.14,3799999.9999999995,0.0,2.8E-6,0.058,0.058,0.0,390.0,3.5,0.0,1.6E-17,6.8E-29,0.0,3.5E7,1.0,7.0E8,
2.4E-40,0.0061,4400.0,4200.0,1100.0,3799999.9999999995,2800.0,4600.0,2300.0,2600.0,1200.0,0.14,3799999.9999999995,0.0,3.7E-6,0.058,0.058,0.0,390.0,3.5,0.0,1.6E-17,7.3E-29,0.0,3.1E7,1.0,7.0E8,
2.4E-40,0.0061,4400.0,4200.0,1100.0,3799999.9999999995,2800.0,4600.0,2300.0,2600.0,1200.0,0.14,3799999.9999999995,0.0,4.3E-6,0.058,0.058,0.0,380.0,3.5,0.0,1.6E-17,8.7E-29,0.0,3.0E7,1.0,7.0E8,
2.4E-40,0.0061,4400.0,4200.0,1100.0,3799999.9999999995,2800.0,4600.0,2300.0,2600.0,1200.0,0.14,3799999.9999999995,0.0,4.5E-6,0.058,0.058,0.0,370.0,3.5,0.0,1.6E-17,9.6E-29,0.0,2.9E7,1.0,7.0E8,
2.4E-40,0.0061,4400.0,4200.0,1100.0,3799999.9999999995,2800.0,4600.0,2300.0,2600.0,1200.0,0.14,3799999.9999999995,0.0,4.3E-6,0.058,0.058,0.0,370.0,3.5,0.0,1.6E-17,9.8E-29,0.0,3.0E7,1.0,7.0E8,
2.4E-40,0.0061,4400.0,4200.0,1100.0,3799999.9999999995,2800.0,4600.0,2300.0,2600.0,1200.0,0.14,3799999.9999999995,0.0,4.0E-6,0.058,0.058,0.0,370.0,3.5,0.0,1.6E-17,9.5E-29,0.0,3.1E7,1.0,7.0E8,
2.4E-40,0.0061,4400.0,4200.0,1100.0,3799999.9999999995,2800.0,4600.0,2300.0,2600.0,1200.0,0.14,3799999.9999999995,0.0,3.6E-6,0.058,0.058,0.0,370.0,3.5,0.0,1.6E-17,8.8E-29,0.0,3.2E7,1.0,7.0E8,
2.4E-40,0.0061,4400.0,4200.0,1100.0,3799999.9999999995,2800.0,4600.0,2300.0,2600.0,1200.0,0.14,3799999.9999999995,0.0,3.2E-6,0.058,0.058,0.0,370.0,3.5,0.0,1.6E-17,7.9E-29,0.0,3.3E7,1.0,7.0E8,
2.4E-40,0.0061,4400.0,4200.0,1100.0,3799999.9999999995,2800.0,4600.0,2300.0,2600.0,1200.0,0.14,3799999.9999999995,0.0,2.8E-6,0.058,0.058,0.0,370.0,3.5,0.0,1.6E-17,7.1E-29,0.0,3.5E7,1.0,7.0E8,
2.4E-40,0.0061,4400.0,4200.0,1100.0,3799999.9999999995,2800.0,4600.0,2300.0,2600.0,1200.0,0.14,3799999.9999999995,0.0,3.4E-6,0.058,0.058,0.0,370.0,3.5,0.0,1.6E-17,7.0E-29,0.0,3.3E7,1.0,7.0E8,
2.4E-40,0.0061,4400.0,4200.0,1100.0,3799999.9999999995,2800.0,4600.0,2300.0,2600.0,1200.0,0.14,3799999.9999999995,0.0,4.1E-6,0.058,0.058,0.0,370.0,3.5,0.0,1.6E-17,8.3E-29,0.0,3.0E7,1.0,7.0E8,
2.4E-40,0.0061,4400.0,4200.0,1100.0,3799999.9999999995,2800.0,4600.0,2300.0,2600.0,1200.0,0.14,3799999.9999999995,0.0,4.4E-6,0.058,0.058,0.0,360.0,3.5,0.0,1.6E-17,9.4E-29,0.0,3.0E7,1.0,7.0E8,
2.4E-40,0.0061,4400.0,4200.0,1100.0,3799999.9999999995,2800.0,4600.0,2300.0,2600.0,1200.0,0.14,3799999.9999999995,0.0,4.3E-6,0.058,0.058,0.0,360.0,3.5,0.0,1.6E-17,9.9E-29,0.0,3.0E7,1.0,7.0E8,
2.4E-40,0.0061,4400.0,4200.0,1100.0,3799999.9999999995,2800.0,4600.0,2300.0,2600.0,1200.0,0.14,3799999.9999999995,0.0,4.0E-6,0.058,0.058,0.0,360.0,3.5,0.0,1.6E-17,9.7E-29,0.0,3.1E7,1.0,7.0E8,
2.4E-40,0.0061,4400.0,4200.0,1100.0,3799999.9999999995,2800.0,4600.0,2300.0,2600.0,1200.0,0.14,3799999.9999999995,0.0,3.7E-6,0.058,0.058,0.0,360.0,3.5,0.0,1.6E-17,9.1E-29,0.0,3.2E7,1.0,7.0E8,
2.4E-40,0.0061,4400.0,4200.0,1100.0,3799999.9999999995,2800.0,4600.0,2300.0,2600.0,1200.0,0.14,3799999.9999999995,0.0,3.3E-6,0.058,0.058,0.0,350.0,3.5,0.0,1.6E-17,8.3E-29,0.0,3.3E7,1.0,7.0E8,
2.4E-40,0.0061,4400.0,4200.0,1100.0,3799999.9999999995,2800.0,4600.0,2300.0,2600.0,1200.0,0.14,3799999.9999999995,0.0,2.9E-6,0.058,0.058,0.0,350.0,3.5,0.0,1.6E-17,7.5E-29,0.0,3.4E7,1.0,7.0E8,
2.4E-40,0.0061,4400.0,4200.0,1100.0,3799999.9999999995,2800.0,4600.0,2300.0,2600.0,1200.0,0.14,3799999.9999999995,0.0,3.5E-6,0.058,0.058,0.0,350.0,3.5,0.0,1.6E-17,7.5E-29,0.0,3.2E7,1.0,7.0E8,
2.4E-40,0.0061,4400.0,4200.0,1100.0,3799999.9999999995,2800.0,4600.0,2300.0,2600.0,1200.0,0.14,3799999.9999999995,0.0,4.3E-6,0.058,0.058,0.0,340.0,3.5,0.0,1.6E-17,8.8E-29,0.0,3.0E7,1.0,7.0E8,
2.4E-40,0.0061,4400.0,4200.0,1100.0,3799999.9999999995,2800.0,4600.0,2300.0,2600.0,1200.0,0.14,3799999.9999999995,0.0,4.6E-6,0.058,0.058,0.0,340.0,3.5,0.0,1.6E-17,1.0000000000000001E-28,0.0,2.9E7,1.0,7.0E8,
2.4E-40,0.0061,4400.0,4200.0,1100.0,3799999.9999999995,2800.0,4600.0,2300.0,2600.0,1200.0,0.14,3799999.9999999995,0.0,4.5E-6,0.058,0.058,0.0,340.0,3.5,0.0,1.6E-17,1.0000000000000001E-28,0.0,2.9E7,1.0,7.0E8,
2.4E-40,0.0061,4400.0,4200.0,1100.0,3799999.9999999995,2800.0,4600.0,2300.0,2600.0,1200.0,0.14,3799999.9999999995,0.0,4.2E-6,0.058,0.058,0.0,340.0,3.5,0.0,1.6E-17,1.0000000000000001E-28,0.0,3.0E7,1.0,7.0E8,
2.4E-40,0.0061,4400.0,4200.0,1100.0,3799999.9999999995,2800.0,4600.0,2300.0,2600.0,1200.0,0.14,3799999.9999999995,0.0,3.8E-6,0.058,0.058,0.0,340.0,3.5,0.0,1.7E-17,9.6E-29,0.0,3.1E7,1.0,7.0E8,
2.4E-40,0.0061,4400.0,4200.0,1100.0,3799999.9999999995,2800.0,4600.0,2300.0,2600.0,1200.0,0.14,3799999.9999999995,0.0,3.3E-6,0.058,0.058,0.0,340.0,3.5,0.0,1.7E-17,8.7E-29,0.0,3.2E7,1.0,7.0E8,
2.4E-40,0.0061,4400.0,4200.0,1100.0,3799999.9999999995,2800.0,4600.0,2300.0,2600.0,1200.0,0.14,3799999.9999999995,0.0,3.0E-6,0.058,0.058,0.0,340.0,3.5,0.0,1.7E-17,7.8E-29,0.0,3.4E7,1.0,7.0E8,
2.4E-40,0.0061,4400.0,4200.0,1100.0,3799999.9999999995,2800.0,4600.0,2300.0,2600.0,1200.0,0.14,3799999.9999999995,0.0,3.1E-6,0.058,0.058,0.0,340.0,3.5,0.0,1.7E-17,7.2E-29,0.0,3.3E7,1.0,7.0E8,
2.4E-40,0.0061,4400.0,4200.0,1100.0,3799999.9999999995,2800.0,4600.0,2300.0,2600.0,1200.0,0.14,3799999.9999999995,0.0,4.0E-6,0.058,0.058,0.0,340.0,3.5,0.0,1.7E-17,8.3E-29,0.0,3.0E7,1.0,7.0E8,
2.4E-40,0.0061,4400.0,4200.0,1100.0,3799999.9999999995,2800.0,4600.0,2300.0,2600.0,1200.0,0.14,3799999.9999999995,0.0,4.4E-6,0.058,0.058,0.0,330.0,3.5,0.0,1.7E-17,9.6E-29,0.0,2.9E7,1.0,7.0E8,
2.4E-40,0.0061,4400.0,4200.0,1100.0,3799999.9999999995,2800.0,4600.0,2300.0,2600.0,1200.0,0.14,3799999.9999999995,0.0,4.4E-6,0.058,0.058,0.0,330.0,3.5,0.0,1.7E-17,1.0000000000000001E-28,0.0,2.9E7,1.0,7.0E8,
2.4E-40,0.0061,4400.0,4200.0,1100.0,3799999.9999999995,2800.0,4600.0,2300.0,2600.0,1200.0,0.14,3799999.9999999995,0.0,4.2E-6,0.058,0.058,0.0,320.0,3.5,0.0,1.7E-17,1.0000000000000001E-28,0.0,3.0E7,1.0,7.0E8,
2.4E-40,0.0061,4400.0,4200.0,1100.0,3799999.9999999995,2800.0,4600.0,2300.0,2600.0,1200.0,0.13,3799999.9999999995,0.0,3.8E-6,0.058,0.058,0.0,320.0,3.5,0.0,1.7E-17,9.8E-29,0.0,3.0E7,1.0,6.9E8,
2.4E-40,0.0061,4400.0,4200.0,1100.0,3799999.9999999995,2800.0,4600.0,2300.0,2600.0,1200.0,0.13,3799999.9999999995,0.0,5.0E-6,0.058,0.058,0.0,320.0,3.5,0.0,1.7E-17,1.1000000000000002E-28,0.0,2.8E7,1.0,6.9E8,
2.4E-40,0.0061,4400.0,4200.0,1100.0,3799999.9999999995,2800.0,4600.0,2300.0,2600.0,1200.0,0.13,3799999.9999999995,0.0,5.6E-6,0.058,0.058,0.0,320.0,3.5,0.0,1.7E-17,1.2E-28,0.0,2.6E7,1.0,6.9E8,
2.4E-40,0.0061,4400.0,4200.0,1100.0,3799999.9999999995,2800.0,4600.0,2300.0,2600.0,1200.0,0.13,3799999.9999999995,0.0,5.6E-6,0.058,0.058,0.0,320.0,3.5,0.0,1.7E-17,1.3000000000000002E-28,0.0,2.6E7,1.0,6.9E8,
2.4E-40,0.0061,4400.0,4200.0,1100.0,3799999.9999999995,2800.0,4600.0,2300.0,2600.0,1200.0,0.13,3799999.9999999995,0.0,5.3E-6,0.058,0.058,0.0,310.0,3.5,0.0,1.7E-17,1.3000000000000002E-28,0.0,2.7E7,1.0,6.9E8,
2.4E-40,0.0061,4400.0,4200.0,1100.0,3799999.9999999995,2800.0,4600.0,2300.0,2600.0,1200.0,0.13,3799999.9999999995,0.0,4.8E-6,0.058,0.058,0.0,310.0,3.5,0.0,1.7E-17,1.3000000000000002E-28,0.0,2.8E7,1.0,6.9E8,
2.4E-40,0.0061,4400.0,4200.0,1100.0,3799999.9999999995,2800.0,4600.0,2300.0,2600.0,1200.0,0.13,3799999.9999999995,0.0,4.3E-6,0.058,0.058,0.0,310.0,3.5,0.0,1.7E-17,1.2E-28,0.0,2.9E7,1.0,6.9E8,
2.4E-40,0.0061,4400.0,4200.0,1100.0,3799999.9999999995,2800.0,4600.0,2300.0,2600.0,1200.0,0.13,3799999.9999999995,0.0,3.7E-6,0.058,0.058,0.0,310.0,3.5,0.0,1.7E-17,1.0000000000000001E-28,0.0,3.1E7,1.0,6.9E8,
2.4E-40,0.0061,4400.0,4200.0,1100.0,3799999.9999999995,2800.0,4600.0,2300.0,2600.0,1200.0,0.13,3799999.9999999995,0.0,3.3E-6,0.058,0.058,0.0,310.0,3.5,0.0,1.7E-17,9.1E-29,0.0,3.2E7,1.0,6.9E8,
2.4E-40,0.0061,4400.0,4200.0,1100.0,3799999.9999999995,2800.0,4600.0,2300.0,2600.0,1200.0,0.13,3799999.9999999995,0.0,3.9E-6,0.058,0.058,0.0,310.0,3.5,0.0,1.7E-17,8.9E-29,0.0,3.0E7,1.0,6.9E8,
2.4E-40,0.0061,4400.0,4200.0,1100.0,3799999.9999999995,2800.0,4600.0,2300.0,2600.0,1200.0,0.13,3799999.9999999995,0.0,4.7E-6,0.058,0.058,0.0,310.0,3.5,0.0,1.7E-17,1.0000000000000001E-28,0.0,2.8E7,1.0,6.9E8,
2.4E-40,0.0061,4400.0,4200.0,1100.0,3799999.9999999995,2800.0,4600.0,2300.0,2600.0,1200.0,0.13,3799999.9999999995,0.0,4.9E-6,0.058,0.058,0.0,300.0,3.5,0.0,1.7E-17,1.2E-28,0.0,2.8E7,1.0,6.9E8,
2.4E-40,0.0061,4400.0,4200.0,1100.0,3799999.9999999995,2800.0,4600.0,2300.0,2600.0,1200.0,0.13,3799999.9999999995,0.0,4.8E-6,0.058,0.058,0.0,300.0,3.5,0.0,1.7E-17,1.2E-28,0.0,2.8E7,1.0,6.9E8,
2.4E-40,0.0061,4400.0,4200.0,1100.0,3799999.9999999995,2800.0,4600.0,2300.0,2600.0,1200.0,0.13,3799999.9999999995,0.0,4.4E-6,0.058,0.058,0.0,300.0,3.5,0.0,1.7E-17,1.2E-28,0.0,2.9E7,1.0,6.9E8,
2.4E-40,0.0061,4400.0,4200.0,1100.0,3799999.9999999995,2800.0,4600.0,2300.0,2600.0,1200.0,0.13,3799999.9999999995,0.0,4.0E-6,0.058,0.058,0.0,300.0,3.5,0.0,1.8E-17,1.1000000000000002E-28,0.0,3.0E7,1.0,6.9E8,
2.4E-40,0.0061,4400.0,4200.0,1100.0,3799999.9999999995,2800.0,4600.0,2300.0,2600.0,1200.0,0.13,3799999.9999999995,0.0,3.5E-6,0.058,0.058,0.0,300.0,3.5,0.0,1.8E-17,9.9E-29,0.0,3.1E7,1.0,6.9E8,
2.4E-40,0.0061,4400.0,4200.0,1100.0,3799999.9999999995,2800.0,4600.0,2300.0,2600.0,1200.0,0.13,3799999.9999999995,0.0,3.1E-6,0.058,0.058,0.0,290.0,3.5,0.0,1.8E-17,8.9E-29,0.0,3.3E7,1.0,6.9E8,
2.4E-40,0.0061,4400.0,4200.0,1100.0,3799999.9999999995,2800.0,4600.0,2300.0,2600.0,1200.0,0.13,3799999.9999999995,0.0,3.2E-6,0.058,0.058,0.0,290.0,3.5,0.0,1.8E-17,8.1E-29,0.0,3.2E7,1.0,6.9E8,
3.8E-40,0.02,880.0,31000.0,1100.0,5300000.0,3000.0,4600.0,2300.0,2600.0,670.0,0.14,5300000.0,0.0,1.3E-6,0.05,0.05,0.0,450.0,3.9,2.7E-7,6.3E-17,5.5E-24,0.0,3.1E7,1.0,7.2E8,
9.5E-41,0.005,880.0,3000.0,1100.0,5200000.0,3000.0,4600.0,2300.0,2600.0,670.0,0.14,5200000.0,0.0,5.4E-6,0.035,0.035,0.0,450.0,3.8,5.0E-9,6.2E-17,6.2E-25,0.0,2.9E7,1.0,7.2E8,
9.3E-41,0.0049,880.0,3000.0,1100.0,5100000.0,3000.0,4600.0,2300.0,2600.0,670.0,0.14,5100000.0,0.0,6.3E-6,0.034,0.034,0.0,450.0,3.7,9.3E-11,6.2E-17,2.6999999999999997E-25,0.0,2.7E7,1.0,7.2E8,
8.8E-41,0.0047,880.0,3000.0,1100.0,4600000.0,3000.0,4600.0,2300.0,2600.0,660.0,0.13,4600000.0,0.0,6.2E-6,0.031,0.031,0.0,450.0,3.4,3.4E-11,6.2E-17,2.1E-25,0.0,2.6E7,1.0,7.1E8,
8.099999999999999E-41,0.0043,880.0,3000.0,1100.0,3899999.9999999995,3000.0,4600.0,2300.0,2600.0,660.0,0.13,3899999.9999999995,0.0,6.0E-6,0.027,0.027,0.0,450.0,3.0,4.6E-12,6.1E-17,1.3E-25,0.0,2.5E7,1.0,7.1E8,
8.099999999999999E-41,0.0043,880.0,3000.0,1100.0,3799999.9999999995,3000.0,4600.0,2300.0,2600.0,660.0,0.13,3799999.9999999995,0.0,7.3E-6,0.027,0.027,0.0,450.0,3.0,1.2E-14,6.1E-17,4.0E-26,0.0,2.3E7,1.0,7.1E8,
8.099999999999999E-41,0.0043,880.0,3000.0,1100.0,3799999.9999999995,3000.0,4600.0,2300.0,2600.0,660.0,0.13,3799999.9999999995,0.0,7.9E-6,0.027,0.027,0.0,440.0,3.0,3.0E-17,6.1E-17,1.2E-26,0.0,2.3E7,1.0,7.1E8,
8.099999999999999E-41,0.0043,880.0,3000.0,1100.0,3799999.9999999995,3000.0,4600.0,2300.0,2600.0,660.0,0.13,3799999.9999999995,0.0,7.6E-6,0.027,0.027,0.0,430.0,3.0,7.6E-20,6.1E-17,4.2E-27,0.0,2.3E7,1.0,7.1E8,
8.099999999999999E-41,0.0043,880.0,3000.0,1100.0,3799999.9999999995,3000.0,4600.0,2300.0,2600.0,660.0,0.13,3799999.9999999995,0.0,6.9E-6,0.027,0.027,0.0,430.0,3.0,1.8999999999999999E-22,6.1E-17,1.7000000000000002E-27,0.0,2.4E7,1.0,7.1E8,
8.099999999999999E-41,0.0043,880.0,3000.0,1100.0,3799999.9999999995,3000.0,4600.0,2300.0,2600.0,660.0,0.13,3799999.9999999995,0.0,6.0E-6,0.027,0.027,0.0,430.0,3.0,4.9E-25,6.1E-17,9.000000000000001E-28,0.0,2.5E7,1.0,7.1E8,
8.099999999999999E-41,0.0043,880.0,3000.0,1100.0,3799999.9999999995,3000.0,4600.0,2300.0,2600.0,660.0,0.13,3799999.9999999995,0.0,5.2E-6,0.027,0.027,0.0,430.0,3.0,1.1000000000000001E-27,6.1E-17,6.100000000000001E-28,0.0,2.6E7,1.0,7.1E8,
8.099999999999999E-41,0.0043,880.0,3000.0,1100.0,3799999.9999999995,3000.0,4600.0,2300.0,2600.0,660.0,0.13,3799999.9999999995,0.0,4.5E-6,0.027,0.027,0.0,410.0,3.0,6.9E-29,6.1E-17,4.7000000000000005E-28,0.0,2.8E7,1.0,7.1E8,
8.099999999999999E-41,0.0043,880.0,3000.0,1100.0,3799999.9999999995,3000.0,4600.0,2300.0,2600.0,660.0,0.13,3799999.9999999995,0.0,3.8E-6,0.027,0.027,0.0,410.0,3.0,0.0,6.1E-17,3.9000000000000004E-28,0.0,2.9E7,1.0,7.1E8,
8.099999999999999E-41,0.0043,880.0,3000.0,1100.0,3799999.9999999995,3000.0,4600.0,2300.0,2600.0,660.0,0.13,3799999.9999999995,0.0,4.2E-6,0.027,0.027,0.0,410.0,3.0,0.0,6.1E-17,3.5000000000000004E-28,0.0,2.9E7,1.0,7.1E8,
8.099999999999999E-41,0.0043,880.0,3000.0,1100.0,3799999.9999999995,3000.0,4600.0,2300.0,2600.0,660.0,0.13,3799999.9999999995,0.0,5.0E-6,0.027,0.027,0.0,410.0,3.0,0.0,6.1E-17,3.9000000000000004E-28,0.0,2.7E7,1.0,7.1E8,
1.8999999999999998E-39,0.15,42000.0,130000.0,140000.0,5400000.0,5600.0,4600.0,2300.0,2600.0,660.0,0.14,5699999.999999999,0.0,4.8E-5,0.17,0.17,0.0,520.0,31.0,4.3E-6,1.1E-16,2.8E-21,0.0,2.6E7,1.0,7.3E8,
1.2E-40,0.01,4100.0,7100.0,5200.0,5100000.0,5600.0,4600.0,2300.0,2600.0,660.0,0.13,5100000.0,0.0,6.9E-6,0.036,0.036,0.0,520.0,2.2,8.3E-8,1.1E-16,8.3E-23,0.0,2.5E7,1.0,7.3E8,
1.2E-40,0.0099,4100.0,7100.0,5200.0,4900000.0,5600.0,4600.0,2300.0,2600.0,660.0,0.13,4900000.0,0.0,5.9E-6,0.035,0.035,0.0,520.0,2.2,1.6E-9,1.1E-16,3.7E-23,0.0,2.3E7,1.0,7.2E8,
1.2E-40,0.0095,4000.0,7100.0,5100.0,4099999.9999999995,5600.0,4500.0,2300.0,2600.0,660.0,0.13,4200000.0,0.0,6.2E-6,0.031,0.031,0.0,520.0,2.0,7.8E-11,1.1E-16,1.9E-23,0.0,2.2E7,1.0,7.2E8,
1.1E-40,0.0093,4000.0,7100.0,5100.0,3899999.9999999995,5600.0,4500.0,2300.0,2500.0,660.0,0.13,3899999.9999999995,0.0,6.9E-6,0.029,0.029,0.0,520.0,2.0,1.5E-12,1.1E-16,8.599999999999999E-24,0.0,2.1E7,1.0,7.1E8,
1.1E-40,0.0093,4000.0,7100.0,5100.0,3799999.9999999995,5600.0,4500.0,2300.0,2500.0,660.0,0.13,3899999.9999999995,0.0,7.8E-6,0.029,0.029,0.0,510.0,2.0,1.0E-14,1.1E-16,3.0999999999999997E-24,0.0,2.0E7,1.0,7.1E8,
1.1E-40,0.0093,4000.0,7100.0,5100.0,3799999.9999999995,5600.0,4500.0,2300.0,2500.0,660.0,0.13,3899999.9999999995,0.0,7.9E-6,0.029,0.029,0.0,500.0,2.0,2.7E-17,1.1E-16,9.499999999999999E-25,0.0,2.0E7,1.0,7.1E8,
1.1E-40,0.0093,4000.0,7100.0,5100.0,3799999.9999999995,5600.0,4500.0,2300.0,2500.0,660.0,0.13,3899999.9999999995,0.0,7.3E-6,0.029,0.029,0.0,500.0,2.0,7.0E-20,1.1E-16,2.9E-25,0.0,2.0E7,1.0,7.1E8,
1.1E-40,0.0093,4000.0,7100.0,5100.0,3799999.9999999995,5600.0,4500.0,2300.0,2500.0,660.0,0.13,3899999.9999999995,0.0,6.4E-6,0.029,0.029,0.0,500.0,2.0,1.8E-22,1.1E-16,8.7E-26,0.0,2.1E7,1.0,7.1E8,
1.1E-40,0.0093,4000.0,7100.0,5100.0,3799999.9999999995,5600.0,4500.0,2300.0,2500.0,660.0,0.13,3899999.9999999995,0.0,5.5E-6,0.029,0.029,0.0,490.0,2.0,5.2E-25,1.1E-16,2.7E-26,0.0,2.2E7,1.0,7.1E8,
1.1E-40,0.0093,4000.0,7100.0,5100.0,3799999.9999999995,5600.0,4500.0,2300.0,2500.0,660.0,0.13,3799999.9999999995,0.0,5.4E-6,0.029,0.029,0.0,490.0,1.9,3.9000000000000004E-27,1.1E-16,1.0E-26,0.0,2.2E7,1.0,7.1E8,
1.1E-40,0.0093,4000.0,7100.0,5100.0,3799999.9999999995,5600.0,4500.0,2300.0,2500.0,660.0,0.13,3799999.9999999995,0.0,6.1E-6,0.029,0.029,0.0,490.0,1.9,1.0E-29,1.1E-16,3.7E-27,0.0,2.1E7,1.0,7.1E8,
3.7E-40,0.033,21000.0,46000.0,2700.0,5100000.0,5600.0,4500.0,2300.0,2500.0,660.0,0.13,5200000.0,0.0,1.2E-5,0.06,0.06,0.0,540.0,4.7,1.5E-7,1.1E-16,3.9999999999999997E-22,0.0,2.2E7,1.0,7.2E8,
7.499999999999999E-41,0.0067,3900.0,3000.0,2700.0,5000000.0,5600.0,4500.0,2300.0,2500.0,660.0,0.13,5000000.0,0.0,1.7E-5,0.035,0.035,0.0,530.0,4.5,2.8E-9,1.1E-16,3.5E-23,0.0,2.1E7,1.0,7.2E8,
7.399999999999999E-41,0.0066,3900.0,3000.0,2700.0,4900000.0,5600.0,4500.0,2300.0,2500.0,660.0,0.13,4900000.0,0.0,1.9E-5,0.035,0.035,0.0,520.0,4.5,5.3E-11,1.1E-16,1.6000000000000002E-23,0.0,2.0E7,1.0,7.2E8,
7.299999999999999E-41,0.0065,3800.0,3000.0,2700.0,4700000.0,5600.0,4500.0,2300.0,2500.0,660.0,0.13,4800000.0,0.0,2.0E-5,0.034,0.034,0.0,520.0,4.4,2.7E-12,1.1E-16,8.599999999999999E-24,0.0,1.9E7,1.0,7.2E8,
7.2E-41,0.0064,3800.0,3000.0,2700.0,4600000.0,5500.0,4500.0,2300.0,2500.0,660.0,0.13,4600000.0,0.0,2.1E-5,0.033,0.033,0.0,520.0,4.3,1.3E-13,1.1E-16,4.5999999999999995E-24,0.0,1.9E7,1.0,7.2E8,
6.9E-41,0.0062,3800.0,2900.0,2700.0,4200000.0,5500.0,4500.0,2300.0,2500.0,650.0,0.13,4300000.0,0.0,2.1E-5,0.031,0.031,0.0,520.0,4.1,2.5E-15,1.1E-16,2.0E-24,0.0,1.8E7,1.0,7.2E8,
6.599999999999999E-41,0.0059,3800.0,2900.0,2700.0,3799999.9999999995,5500.0,4500.0,2300.0,2500.0,650.0,0.13,3899999.9999999995,0.0,2.1E-5,0.029,0.029,0.0,530.0,3.9,1.3E-16,1.1E-16,1.0999999999999998E-24,0.0,1.8E7,1.0,7.1E8,
6.599999999999999E-41,0.0059,3800.0,2900.0,2700.0,3799999.9999999995,5500.0,4500.0,2300.0,2500.0,650.0,0.13,3899999.9999999995,0.0,2.2E-5,0.029,0.029,0.0,530.0,3.9,3.3E-19,1.1E-16,3.1999999999999997E-25,0.0,1.7E7,1.0,7.1E8,
6.599999999999999E-41,0.0059,3800.0,2900.0,2700.0,3799999.9999999995,5500.0,4500.0,2300.0,2500.0,650.0,0.13,3899999.9999999995,0.0,2.1E-5,0.029,0.029,0.0,530.0,3.9,8.399999999999999E-22,1.1E-16,9.9E-26,0.0,1.8E7,1.0,7.1E8,
6.599999999999999E-41,0.0059,3800.0,2900.0,2700.0,3799999.9999999995,5500.0,4500.0,2300.0,2500.0,650.0,0.13,3899999.9999999995,0.0,1.8E-5,0.029,0.029,0.0,520.0,3.9,2.1999999999999996E-24,1.1E-16,3.2E-26,0.0,1.9E7,1.0,7.1E8,
6.599999999999999E-41,0.0059,3800.0,2900.0,2700.0,3799999.9999999995,5500.0,4500.0,2300.0,2500.0,650.0,0.13,3899999.9999999995,0.0,1.5E-5,0.029,0.029,0.0,520.0,3.9,5.6E-27,1.1E-16,1.1E-26,0.0,2.0E7,1.0,7.1E8,
6.599999999999999E-41,0.0059,3800.0,2900.0,2700.0,3799999.9999999995,5500.0,4500.0,2300.0,2500.0,650.0,0.13,3899999.9999999995,0.0,1.2E-5,0.029,0.029,0.0,510.0,3.9,1.7E-29,1.1E-16,4.9000000000000005E-27,0.0,2.1E7,1.0,7.1E8,
6.599999999999999E-41,0.0059,3800.0,2900.0,2700.0,3799999.9999999995,5500.0,4500.0,2300.0,2500.0,650.0,0.13,3899999.9999999995,0.0,1.0E-5,0.029,0.029,0.0,510.0,3.9,9.999999999999999E-32,1.1E-16,2.7000000000000002E-27,0.0,2.3E7,1.0,7.1E8,
6.599999999999999E-41,0.0059,3800.0,2900.0,2700.0,3799999.9999999995,5500.0,4500.0,2300.0,2500.0,650.0,0.13,3899999.9999999995,0.0,8.5E-6,0.029,0.029,0.0,510.0,3.9,0.0,1.1E-16,1.8E-27,0.0,2.4E7,1.0,7.1E8,
6.599999999999999E-41,0.0059,3800.0,2900.0,2700.0,3799999.9999999995,5500.0,4500.0,2300.0,2500.0,650.0,0.13,3899999.9999999995,0.0,7.1E-6,0.029,0.029,0.0,510.0,3.9,0.0,1.1E-16,1.4E-27,0.0,2.6E7,1.0,7.1E8,
6.599999999999999E-41,0.0059,3800.0,2900.0,2700.0,3799999.9999999995,5500.0,4500.0,2300.0,2500.0,650.0,0.13,3899999.9999999995,0.0,7.9E-6,0.029,0.029,0.0,500.0,3.9,1.5E-35,1.1E-16,1.2E-27,0.0,2.5E7,1.0,7.1E8,
6.599999999999999E-41,0.0059,3800.0,2900.0,2700.0,3799999.9999999995,5500.0,4500.0,2300.0,2500.0,650.0,0.13,3899999.9999999995,0.0,8.9E-6,0.029,0.029,0.0,500.0,3.9,3.8000000000000005E-38,1.1E-16,1.3E-27,0.0,2.4E7,1.0,7.1E8,
6.599999999999999E-41,0.0059,3800.0,2900.0,2700.0,3799999.9999999995,5500.0,4500.0,2300.0,2500.0,650.0,0.13,3899999.9999999995,0.0,8.8E-6,0.029,0.029,0.0,500.0,3.9,9.9E-41,1.1E-16,1.4E-27,0.0,2.4E7,1.0,7.1E8,
6.599999999999999E-41,0.0059,3800.0,2900.0,2700.0,3799999.9999999995,5500.0,4500.0,2300.0,2500.0,650.0,0.13,3899999.9999999995,0.0,8.2E-6,0.029,0.029,0.0,490.0,3.9,2.4999999999999997E-43,1.1E-16,1.4E-27,0.0,2.5E7,1.0,7.1E8,
6.599999999999999E-41,0.0059,3800.0,2900.0,2700.0,3799999.9999999995,5500.0,4500.0,2300.0,2500.0,650.0,0.13,3899999.9999999995,0.0,7.3E-6,0.029,0.029,0.0,490.0,3.9,8.599999999999999E-46,1.1E-16,1.3E-27,0.0,2.6E7,1.0,7.1E8,
6.599999999999999E-41,0.0059,3800.0,2900.0,2700.0,3799999.9999999995,5500.0,4500.0,2300.0,2500.0,650.0,0.13,3799999.9999999995,0.0,7.9E-6,0.028,0.028,0.0,480.0,3.9,1.8E-47,1.1E-16,1.2E-27,0.0,2.5E7,1.0,7.0E8,
6.599999999999999E-41,0.0059,3800.0,2900.0,2700.0,3799999.9999999995,5500.0,4500.0,2300.0,2500.0,650.0,0.13,3799999.9999999995,0.0,9.0E-6,0.028,0.028,0.0,480.0,3.9,4.7E-50,1.1E-16,1.3E-27,0.0,2.4E7,1.0,7.0E8,
6.599999999999999E-41,0.0059,3800.0,2900.0,2700.0,3799999.9999999995,5500.0,4500.0,2300.0,2500.0,650.0,0.13,3799999.9999999995,0.0,9.1E-6,0.028,0.028,0.0,480.0,3.9,1.2E-52,1.1E-16,1.4E-27,0.0,2.4E7,1.0,7.0E8,
6.599999999999999E-41,0.0059,3800.0,2900.0,2700.0,3799999.9999999995,5500.0,4500.0,2300.0,2500.0,650.0,0.13,3799999.9999999995,0.0,8.5E-6,0.028,0.028,0.0,470.0,3.9,3.0999999999999996E-55,1.1E-16,1.4E-27,0.0,2.4E7,1.0,7.0E8,
6.599999999999999E-41,0.0059,3800.0,2900.0,2700.0,3799999.9999999995,5500.0,4500.0,2300.0,2500.0,650.0,0.13,3799999.9999999995,0.0,7.6E-6,0.028,0.028,0.0,460.0,3.9,8.6E-58,1.1E-16,1.3E-27,0.0,2.5E7,1.0,7.0E8,
6.599999999999999E-41,0.0059,3800.0,2900.0,2700.0,3799999.9999999995,5500.0,4500.0,2300.0,2500.0,650.0,0.13,3799999.9999999995,0.0,6.6E-6,0.028,0.028,0.0,460.0,3.9,3.6E-59,1.1E-16,1.2E-27,0.0,2.6E7,1.0,7.0E8,
7.8E-40,0.058,30000.0,77000.0,30000.0,4900000.0,5500.0,4500.0,2300.0,2500.0,650.0,0.13,5000000.0,0.0,4.2,0.079,0.079,0.0,520.0,9.0,1.2E-7,1.3E-16,6.8E-22,0.0,2.8E7,1.0,7.2E8,
3.2E-40,0.024,30000.0,39000.0,2100.0,4800000.0,5500.0,4500.0,2300.0,2500.0,650.0,0.13,4900000.0,0.0,5.1E-6,0.047,0.047,0.0,520.0,4.9,2.4E-9,1.3E-16,1.3E-22,0.0,2.6E7,1.0,7.2E8,
2.0E-40,0.015,220.0,21000.0,2100.0,4800000.0,5500.0,4500.0,2300.0,2500.0,650.0,0.13,4800000.0,0.0,6.4E-6,0.038,0.038,0.0,510.0,4.8,1.2E-10,1.3E-16,4.2E-23,0.0,2.5E7,1.0,7.2E8,
6.9E-41,0.0051,220.0,3500.0,2100.0,4300000.0,5500.0,4500.0,2300.0,2500.0,650.0,0.13,4300000.0,0.0,1.1E-5,0.027,0.027,0.0,510.0,4.5,1.7E-11,1.3E-16,9.899999999999999E-24,0.0,2.4E7,1.0,7.1E8,
6.7E-41,0.005,220.0,3500.0,2100.0,3999999.9999999995,5500.0,4500.0,2300.0,2500.0,650.0,0.13,3999999.9999999995,0.0,1.2E-5,0.025,0.025,0.0,510.0,4.2,8.3E-13,1.3E-16,5.3E-24,0.0,2.3E7,1.0,7.1E8,
6.599999999999999E-41,0.0049,220.0,3400.0,2100.0,3799999.9999999995,5500.0,4500.0,2300.0,2500.0,650.0,0.13,3799999.9999999995,0.0,1.3E-5,0.025,0.025,0.0,510.0,4.2,5.8E-15,1.3E-16,1.8999999999999998E-24,0.0,2.1E7,1.0,7.1E8,
6.599999999999999E-41,0.0049,220.0,3400.0,2100.0,3799999.9999999995,5500.0,4500.0,2300.0,2500.0,650.0,0.13,3799999.9999999995,0.0,1.4E-5,0.025,0.025,0.0,520.0,4.1,1.5E-17,1.3E-16,5.8E-25,0.0,2.1E7,1.0,7.1E8,
6.599999999999999E-41,0.0049,220.0,3400.0,2100.0,3799999.9999999995,5500.0,4500.0,2300.0,2500.0,650.0,0.13,3799999.9999999995,0.0,1.3E-5,0.025,0.025,0.0,510.0,4.1,3.8E-20,1.3E-16,1.8E-25,0.0,2.1E7,1.0,7.1E8,
7.4E-40,0.085,2500.0,110000.0,17000.0,4900000.0,13000.0,4500.0,2300.0,2500.0,650.0,0.13,5100000.0,0.0,5.4E-5,0.075,0.075,0.0,520.0,18.0,3.5E-8,1.4E-16,6.4999999999999995E-22,0.0,2.2E7,1.0,7.2E8,
5.699999999999999E-41,0.0065,2500.0,1200.0,4000.0,4900000.0,460.0,4500.0,2300.0,2500.0,650.0,0.13,4900000.0,0.0,5.5E-6,0.025,0.025,0.0,520.0,7.3,6.9E-10,1.4E-16,2.2E-23,0.0,2.1E7,1.0,7.2E8,
5.5E-41,0.0063,2500.0,1200.0,4000.0,4600000.0,460.0,4500.0,2300.0,2500.0,650.0,0.13,4600000.0,0.0,2.8E-5,0.024,0.024,0.0,520.0,7.1,1.3E-11,1.4E-16,9.7E-24,0.0,2.0E7,1.0,7.2E8,
5.4E-41,0.0061,2500.0,1200.0,4000.0,4300000.0,460.0,4500.0,2300.0,2500.0,650.0,0.13,4300000.0,0.0,3.0E-5,0.022,0.022,0.0,520.0,6.8,6.4E-13,1.4E-16,5.199999999999999E-24,0.0,1.9E7,1.0,7.2E8,
5.2E-41,0.0059,2500.0,1200.0,4000.0,3999999.9999999995,460.0,4500.0,2300.0,2500.0,650.0,0.13,3999999.9999999995,0.0,3.0E-5,0.021,0.021,0.0,510.0,6.5,8.6E-14,1.4E-16,3.4E-24,0.0,1.9E7,1.0,7.1E8,
5.1E-41,0.0059,2500.0,1200.0,4000.0,3899999.9999999995,460.0,4400.0,2300.0,2500.0,650.0,0.13,3899999.9999999995,0.0,3.3E-5,0.021,0.021,0.0,510.0,6.5,1.6E-15,1.4E-16,1.4999999999999998E-24,0.0,1.8E7,1.0,7.1E8,
5.1E-41,0.0058,2500.0,1200.0,4000.0,3799999.9999999995,460.0,4400.0,2300.0,2500.0,650.0,0.13,3899999.9999999995,0.0,3.4E-5,0.021,0.021,0.0,510.0,6.4,3.0E-17,1.4E-16,6.699999999999999E-25,0.0,1.8E7,1.0,7.1E8,
5.1E-41,0.0058,2500.0,1200.0,4000.0,3799999.9999999995,460.0,4400.0,2300.0,2500.0,650.0,0.13,3899999.9999999995,0.0,3.3E-5,0.021,0.021,0.0,510.0,6.4,7.7E-20,1.4E-16,2.1E-25,0.0,1.8E7,1.0,7.1E8,
5.1E-41,0.0058,2500.0,1200.0,4000.0,3799999.9999999995,460.0,4400.0,2300.0,2500.0,650.0,0.13,3899999.9999999995,0.0,3.0E-5,0.021,0.021,0.0,510.0,6.4,1.8999999999999999E-22,1.4E-16,6.699999999999999E-26,0.0,1.9E7,1.0,7.1E8,
5.1E-41,0.0058,2500.0,1200.0,4000.0,3799999.9999999995,460.0,4400.0,2300.0,2500.0,650.0,0.13,3899999.9999999995,0.0,2.5E-5,0.021,0.021,0.0,510.0,6.4,5.0E-25,1.4E-16,2.4E-26,0.0,2.0E7,1.0,7.1E8,
5.1E-41,0.0058,2500.0,1200.0,4000.0,3799999.9999999995,460.0,4400.0,2300.0,2500.0,650.0,0.13,3899999.9999999995,0.0,2.1E-5,0.021,0.021,0.0,510.0,6.4,1.4E-27,1.4E-16,1.0E-26,0.0,2.1E7,1.0,7.1E8,
5.1E-41,0.0058,2500.0,1200.0,4000.0,3799999.9999999995,460.0,4400.0,2300.0,2500.0,650.0,0.13,3899999.9999999995,0.0,1.7E-5,0.021,0.021,0.0,500.0,6.4,6.7E-30,1.4E-16,5.7000000000000004E-27,0.0,2.3E7,1.0,7.1E8,
5.1E-41,0.0058,2500.0,1200.0,4000.0,3799999.9999999995,460.0,4400.0,2300.0,2500.0,650.0,0.13,3899999.9999999995,0.0,1.5E-5,0.021,0.021,0.0,500.0,6.4,1.5999999999999999E-31,1.4E-16,3.8E-27,0.0,2.4E7,1.0,7.1E8,
5.1E-41,0.0058,2500.0,1200.0,4000.0,3799999.9999999995,460.0,4400.0,2300.0,2500.0,650.0,0.13,3899999.9999999995,0.0,1.2E-5,0.021,0.021,0.0,490.0,6.4,0.0,1.4E-16,2.9E-27,0.0,2.6E7,1.0,7.1E8,
5.1E-41,0.0058,2500.0,1200.0,4000.0,3799999.9999999995,460.0,4400.0,2300.0,2500.0,650.0,0.12,3799999.9999999995,0.0,1.3E-5,0.02,0.02,0.0,490.0,6.4,1.6E-34,1.4E-16,2.6E-27,0.0,2.5E7,1.0,7.1E8,
5.1E-41,0.0058,2500.0,1200.0,4000.0,3799999.9999999995,460.0,4400.0,2300.0,2500.0,650.0,0.12,3799999.9999999995,0.0,1.5E-5,0.02,0.02,0.0,480.0,6.4,4.0E-37,1.4E-16,2.8E-27,0.0,2.4E7,1.0,7.1E8,
5.1E-41,0.0058,2500.0,1200.0,4000.0,3799999.9999999995,460.0,4400.0,2300.0,2500.0,650.0,0.12,3799999.9999999995,0.0,1.5E-5,0.02,0.02,0.0,480.0,6.4,1.0E-39,1.4E-16,2.9E-27,0.0,2.4E7,1.0,7.1E8,
5.1E-41,0.0058,2500.0,1200.0,4000.0,3799999.9999999995,460.0,4400.0,2300.0,2500.0,650.0,0.12,3799999.9999999995,0.0,1.4E-5,0.02,0.02,0.0,480.0,6.4,2.6E-42,1.4E-16,2.9E-27,0.0,2.4E7,1.0,7.1E8,
5.1E-41,0.0058,2500.0,1200.0,4000.0,3799999.9999999995,460.0,4400.0,2300.0,2500.0,650.0,0.12,3799999.9999999995,0.0,1.3E-5,0.02,0.02,0.0,480.0,6.4,6.9E-45,1.4E-16,2.7000000000000002E-27,0.0,2.5E7,1.0,7.1E8,
5.1E-41,0.0058,2500.0,1200.0,4000.0,3799999.9999999995,460.0,4400.0,2300.0,2500.0,650.0,0.12,3799999.9999999995,0.0,1.1E-5,0.02,0.02,0.0,480.0,6.4,4.9E-46,1.4E-16,2.4E-27,0.0,2.6E7,1.0,7.1E8,
5.1E-41,0.0058,2500.0,1200.0,4000.0,3799999.9999999995,460.0,4400.0,2300.0,2500.0,650.0,0.12,3799999.9999999995,0.0,9.5E-6,0.02,0.02,0.0,470.0,6.4,3.5E-47,1.4E-16,2.1E-27,0.0,2.8E7,1.0,7.1E8,
5.1E-41,0.0058,2500.0,1200.0,4000.0,3799999.9999999995,460.0,4400.0,2300.0,2500.0,650.0,0.12,3799999.9999999995,0.0,8.2E-6,0.02,0.02,0.0,460.0,6.4,0.0,1.4E-16,1.8E-27,0.0,2.9E7,1.0,7.1E8,
5.1E-41,0.0058,2500.0,1200.0,4000.0,3799999.9999999995,460.0,4400.0,2300.0,2500.0,650.0,0.12,3799999.9999999995,0.0,7.7E-6,0.02,0.02,0.0,460.0,6.4,0.0,1.4E-16,1.6000000000000001E-27,0.0,3.0E7,1.0,7.1E8,
5.1E-41,0.0058,2500.0,1200.0,4000.0,3799999.9999999995,460.0,4400.0,2300.0,2500.0,650.0,0.12,3799999.9999999995,0.0,9.8E-6,0.02,0.02,0.0,450.0,6.4,0.0,1.4E-16,1.7000000000000002E-27,0.0,2.8E7,1.0,7.1E8,
5.1E-41,0.0058,2500.0,1200.0,4000.0,3799999.9999999995,460.0,4400.0,2300.0,2500.0,650.0,0.12,3799999.9999999995,0.0,1.1E-5,0.02,0.02,0.0,450.0,6.4,0.0,1.4E-16,1.9E-27,0.0,2.7E7,1.0,7.1E8,
5.1E-41,0.0058,2500.0,1200.0,4000.0,3799999.9999999995,460.0,4400.0,2300.0,2500.0,650.0,0.12,3799999.9999999995,0.0,1.1E-5,0.02,0.02,0.0,450.0,6.4,0.0,1.4E-16,2.0E-27,0.0,2.7E7,1.0,7.1E8,
5.1E-41,0.0058,2500.0,1200.0,4000.0,3799999.9999999995,460.0,4400.0,2300.0,2500.0,650.0,0.12,3799999.9999999995,0.0,9.9E-6,0.02,0.02,0.0,450.0,6.4,0.0,1.4E-16,2.0E-27,0.0,2.8E7,1.0,7.1E8,
5.1E-41,0.0058,2500.0,1200.0,4000.0,3799999.9999999995,460.0,4400.0,2300.0,2500.0,650.0,0.12,3799999.9999999995,0.0,8.9E-6,0.02,0.02,0.0,450.0,6.4,0.0,1.4E-16,1.9E-27,0.0,2.9E7,1.0,7.1E8,
5.1E-41,0.0058,2500.0,1200.0,4000.0,3799999.9999999995,460.0,4400.0,2300.0,2500.0,650.0,0.12,3799999.9999999995,0.0,7.8E-6,0.02,0.02,0.0,450.0,6.4,0.0,1.4E-16,1.7000000000000002E-27,0.0,3.0E7,1.0,7.1E8,
5.1E-41,0.0058,2500.0,1200.0,4000.0,3799999.9999999995,460.0,4400.0,2300.0,2500.0,650.0,0.12,3799999.9999999995,0.0,6.9E-6,0.02,0.02,0.0,440.0,6.4,0.0,1.4E-16,1.5E-27,0.0,3.1E7,1.0,7.1E8,
5.1E-41,0.0058,2500.0,1200.0,4000.0,3799999.9999999995,460.0,4400.0,2300.0,2500.0,650.0,0.12,3799999.9999999995,0.0,6.0E-6,0.02,0.02,0.0,440.0,6.4,0.0,1.4E-16,1.3E-27,0.0,3.3E7,1.0,7.1E8,
5.1E-41,0.0058,2500.0,1200.0,4000.0,3799999.9999999995,460.0,4400.0,2300.0,2500.0,650.0,0.12,3799999.9999999995,0.0,7.6E-6,0.02,0.02,0.0,440.0,6.4,0.0,1.4E-16,1.3E-27,0.0,3.0E7,1.0,7.1E8,
5.1E-41,0.0058,2500.0,1200.0,4000.0,3799999.9999999995,460.0,4400.0,2300.0,2500.0,650.0,0.12,3799999.9999999995,0.0,8.8E-6,0.02,0.02,0.0,440.0,6.4,0.0,1.4E-16,1.5E-27,0.0,2.9E7,1.0,7.1E8,
5.1E-41,0.0058,2500.0,1200.0,4000.0,3799999.9999999995,460.0,4400.0,2300.0,2500.0,650.0,0.12,3799999.9999999995,0.0,9.2E-6,0.02,0.02,0.0,440.0,6.4,0.0,1.4E-16,1.7000000000000002E-27,0.0,2.8E7,1.0,7.1E8,
5.1E-41,0.0058,2500.0,1200.0,4000.0,3799999.9999999995,460.0,4400.0,2300.0,2500.0,650.0,0.12,3799999.9999999995,0.0,8.8E-6,0.02,0.02,0.0,440.0,6.4,0.0,1.4E-16,1.7000000000000002E-27,0.0,2.9E7,1.0,7.1E8,
7.7E-41,0.012,4100.0,11000.0,4200.0,5100000.0,3000.0,8500.0,2300.0,2500.0,640.0,0.13,5100000.0,0.0,0.46,0.025,0.025,0.0,520.0,8.5,2.4E-7,1.8E-16,4.5000000000000003E-23,0.0,3.0E7,1.0,7.3E8,
4.699999999999999E-41,0.0072,4100.0,3100.0,4200.0,5000000.0,3000.0,970.0,2300.0,2500.0,640.0,0.13,5000000.0,0.0,1.4E-5,0.022,0.022,0.0,520.0,8.6,4.4E-9,1.8E-16,1.2E-23,0.0,2.8E7,1.0,7.3E8,
4.699999999999999E-41,0.0071,4100.0,3100.0,4200.0,4900000.0,3000.0,970.0,2300.0,2500.0,640.0,0.13,4900000.0,0.0,1.7E-5,0.021,0.021,0.0,530.0,8.5,3.0E-11,1.8E-16,4.5E-24,0.0,2.6E7,1.0,7.3E8,
4.6E-41,0.007,4100.0,3100.0,4200.0,4700000.0,2900.0,960.0,2300.0,2500.0,640.0,0.13,4700000.0,0.0,1.9E-5,0.02,0.02,0.0,520.0,8.3,1.5E-12,1.8E-16,2.4E-24,0.0,2.5E7,1.0,7.3E8,
5.1E-41,0.0054,640.0,1700.0,2800.0,5100000.0,2900.0,960.0,2200.0,2500.0,640.0,0.13,5100000.0,0.0,1.6E-5,0.027,0.027,0.0,530.0,6.0,2.1E-9,1.9E-16,1.6000000000000002E-23,0.0,2.4E7,1.0,7.3E8,
4.9E-41,0.0052,640.0,1700.0,2800.0,4800000.0,2900.0,960.0,2200.0,2500.0,640.0,0.13,4800000.0,0.0,1.7E-5,0.025,0.025,0.0,530.0,5.8,1.1E-10,1.9E-16,8.599999999999999E-24,0.0,2.2E7,1.0,7.3E8,
4.799999999999999E-41,0.005,640.0,1700.0,2800.0,4500000.0,2900.0,960.0,2200.0,2500.0,640.0,0.12,4600000.0,0.0,1.8E-5,0.024,0.024,0.0,530.0,5.6,1.4E-11,1.9E-16,5.5999999999999996E-24,0.0,2.2E7,1.0,7.3E8,
4.699999999999999E-41,0.005,640.0,1700.0,2800.0,4400000.0,2900.0,960.0,2200.0,2500.0,640.0,0.12,4400000.0,0.0,2.0E-5,0.024,0.024,0.0,530.0,5.5,9.8E-14,1.9E-16,2.0E-24,0.0,2.1E7,1.0,7.2E8,
4.699999999999999E-41,0.0049,640.0,1700.0,2800.0,4300000.0,2900.0,960.0,2200.0,2500.0,640.0,0.12,4300000.0,0.0,2.2E-5,0.023,0.023,0.0,530.0,5.4,6.7E-16,1.9E-16,7.399999999999999E-25,0.0,2.0E7,1.0,7.2E8,
4.4999999999999996E-41,0.0047,640.0,1700.0,2800.0,3899999.9999999995,2900.0,960.0,2200.0,2500.0,640.0,0.12,3899999.9999999995,0.0,2.4E-5,0.022,0.022,0.0,520.0,5.1,1.2E-17,1.8E-16,3.1999999999999997E-25,0.0,1.9E7,1.0,7.2E8,
4.4E-41,0.0047,640.0,1700.0,2800.0,3899999.9999999995,2900.0,960.0,2200.0,2500.0,640.0,0.12,3899999.9999999995,0.0,2.6E-5,0.022,0.022,0.0,520.0,5.1,8.5E-20,1.8E-16,1.2E-25,0.0,1.8E7,1.0,7.2E8,
4.4E-41,0.0047,640.0,1700.0,2800.0,3899999.9999999995,2900.0,960.0,2200.0,2500.0,640.0,0.12,3899999.9999999995,0.0,2.5E-5,0.022,0.022,0.0,520.0,5.1,2.0999999999999998E-22,1.8E-16,4.1E-26,0.0,1.8E7,1.0,7.2E8,
4.4E-41,0.0047,640.0,1700.0,2800.0,3899999.9999999995,2900.0,960.0,2200.0,2500.0,640.0,0.12,3899999.9999999995,0.0,2.3E-5,0.022,0.022,0.0,510.0,5.1,5.399999999999999E-25,1.8E-16,1.7E-26,0.0,1.9E7,1.0,7.2E8,
4.4E-41,0.0047,640.0,1700.0,2800.0,3899999.9999999995,2900.0,960.0,2200.0,2500.0,640.0,0.12,3899999.9999999995,0.0,1.9E-5,0.022,0.022,0.0,500.0,5.1,1.4E-27,1.8E-16,8.7E-27,0.0,2.0E7,1.0,7.2E8,
4.4E-41,0.0047,640.0,1700.0,2800.0,3899999.9999999995,2900.0,960.0,2200.0,2500.0,640.0,0.12,3899999.9999999995,0.0,1.6E-5,0.022,0.022,0.0,500.0,5.1,4.6000000000000004E-30,1.8E-16,5.7000000000000004E-27,0.0,2.2E7,1.0,7.2E8,
4.4E-41,0.0047,640.0,1700.0,2800.0,3899999.9999999995,2900.0,960.0,2200.0,2500.0,640.0,0.12,3899999.9999999995,0.0,1.3E-5,0.022,0.022,0.0,480.0,5.1,1.4E-32,1.8E-16,4.3E-27,0.0,2.3E7,1.0,7.2E8,
4.4E-41,0.0047,640.0,1700.0,2800.0,3899999.9999999995,2900.0,960.0,2200.0,2500.0,640.0,0.12,3899999.9999999995,0.0,1.1E-5,0.022,0.022,0.0,480.0,5.1,1.3000000000000001E-32,1.8E-16,3.5E-27,0.0,2.5E7,1.0,7.2E8,
4.4E-41,0.0047,640.0,1700.0,2800.0,3899999.9999999995,2900.0,960.0,2200.0,2500.0,640.0,0.12,3899999.9999999995,0.0,9.3E-6,0.022,0.022,0.0,480.0,5.1,6.1E-36,1.8E-16,2.8E-27,0.0,2.6E7,1.0,7.2E8,
4.4E-41,0.0047,640.0,1700.0,2800.0,3899999.9999999995,2900.0,960.0,2200.0,2500.0,640.0,0.12,3899999.9999999995,0.0,9.2E-6,0.022,0.022,0.0,470.0,5.1,0.0,1.9E-16,2.4E-27,0.0,2.7E7,1.0,7.2E8,
4.4E-41,0.0047,640.0,1700.0,2800.0,3899999.9999999995,2900.0,960.0,2200.0,2500.0,640.0,0.12,3899999.9999999995,0.0,1.1E-5,0.022,0.022,0.0,470.0,5.1,0.0,1.9E-16,2.6E-27,0.0,2.5E7,1.0,7.2E8,
4.4E-41,0.0047,640.0,1700.0,2800.0,3899999.9999999995,2900.0,960.0,2200.0,2500.0,640.0,0.12,3899999.9999999995,0.0,1.1E-5,0.022,0.022,0.0,470.0,5.1,0.0,1.9E-16,2.8E-27,0.0,2.5E7,1.0,7.2E8,
4.4E-41,0.0047,640.0,1700.0,2800.0,3899999.9999999995,2900.0,960.0,2200.0,2500.0,640.0,0.12,3899999.9999999995,0.0,1.1E-5,0.022,0.022,0.0,470.0,5.1,0.0,1.9E-16,2.8E-27,0.0,2.5E7,1.0,7.2E8,
4.4E-41,0.0047,640.0,1700.0,2800.0,3899999.9999999995,2900.0,960.0,2200.0,2500.0,640.0,0.12,3899999.9999999995,0.0,9.6E-6,0.022,0.022,0.0,470.0,5.1,0.0,1.9E-16,2.7000000000000002E-27,0.0,2.6E7,1.0,7.2E8,
2.3E-40,0.0078,3800.0,3900.0,3800.0,5000000.0,2900.0,960.0,2200.0,2500.0,640.0,0.13,5000000.0,0.0,3.8E-6,0.023,0.023,0.0,510.0,7.8,7.0E-8,2.0E-16,1.5E-22,0.0,2.7E7,1.0,7.3E8,
2.2E-40,0.0075,3800.0,3900.0,3800.0,4600000.0,2900.0,960.0,2200.0,2500.0,630.0,0.12,4700000.0,0.0,1.6E-5,0.021,0.021,0.0,500.0,7.4,9.6E-9,2.0E-16,9.8E-23,0.0,2.6E7,1.0,7.3E8,
2.2E-40,0.0072,3800.0,3900.0,3800.0,4200000.0,2900.0,950.0,2200.0,2400.0,630.0,0.12,4200000.0,0.0,1.7E-5,0.02,0.02,0.0,490.0,7.0,4.8E-10,2.0E-16,5.2E-23,0.0,2.4E7,1.0,7.3E8,
2.1E-40,0.0071,3800.0,3900.0,3700.0,3899999.9999999995,2900.0,950.0,2200.0,2400.0,630.0,0.12,3999999.9999999995,0.0,1.8E-5,0.019,0.019,0.0,490.0,6.8,2.4E-11,2.0E-16,2.8000000000000003E-23,0.0,2.3E7,1.0,7.2E8,
2.1E-40,0.007,3800.0,3900.0,3700.0,3899999.9999999995,2900.0,950.0,2200.0,2400.0,630.0,0.12,3899999.9999999995,0.0,2.2E-5,0.019,0.019,0.0,490.0,6.7,6.2E-14,2.0E-16,8.3E-24,0.0,2.1E7,1.0,7.2E8,
2.1E-40,0.007,3800.0,3900.0,3700.0,3899999.9999999995,2900.0,950.0,2200.0,2400.0,630.0,0.12,3899999.9999999995,0.0,2.4E-5,0.019,0.019,0.0,490.0,6.7,1.6E-16,2.0E-16,2.5E-24,0.0,2.1E7,1.0,7.2E8,
2.1E-40,0.007,3800.0,3900.0,3700.0,3899999.9999999995,2900.0,950.0,2200.0,2400.0,630.0,0.12,3899999.9999999995,0.0,2.3E-5,0.019,0.019,0.0,490.0,6.7,4.0E-19,2.0E-16,7.6E-25,0.0,2.1E7,1.0,7.2E8,
2.1E-40,0.007,3800.0,3900.0,3700.0,3899999.9999999995,2900.0,950.0,2200.0,2400.0,630.0,0.12,3899999.9999999995,0.0,2.1E-5,0.019,0.019,0.0,490.0,6.7,2.8E-21,2.0E-16,2.8E-25,0.0,2.2E7,1.0,7.2E8,
2.1E-40,0.007,3800.0,3900.0,3700.0,3899999.9999999995,2900.0,950.0,2200.0,2400.0,630.0,0.12,3899999.9999999995,0.0,2.4E-5,0.019,0.019,0.0,480.0,6.7,7.1E-24,2.0E-16,8.9E-26,0.0,2.1E7,1.0,7.2E8,
2.1E-40,0.007,3800.0,3900.0,3700.0,3899999.9999999995,2900.0,950.0,2200.0,2400.0,630.0,0.12,3899999.9999999995,0.0,2.4E-5,0.019,0.019,0.0,470.0,6.7,1.8E-26,2.0E-16,3.2E-26,0.0,2.1E7,1.0,7.2E8,
4.5E-40,0.045,5800.0,73000.0,4200.0,5100000.0,2900.0,950.0,2200.0,2400.0,630.0,0.12,5200000.0,0.0,4.9,0.041,0.041,0.0,500.0,10.0,2.3E-6,2.2E-16,2.8E-21,0.0,2.2E7,1.0,7.3E8,
6.399999999999999E-41,0.0064,5800.0,2700.0,4200.0,4800000.0,2900.0,950.0,2200.0,2400.0,630.0,0.12,4800000.0,0.0,3.7E-5,0.018,0.018,0.0,490.0,10.0,3.2E-7,2.2E-16,2.6E-22,0.0,2.1E7,1.0,7.3E8,
6.3E-41,0.0063,5800.0,2700.0,4200.0,4600000.0,2900.0,950.0,2200.0,2400.0,630.0,0.12,4600000.0,0.0,4.1E-5,0.018,0.018,0.0,490.0,10.0,5.9E-9,2.2E-16,1.2E-22,0.0,2.0E7,1.0,7.3E8,
5.9E-41,0.0059,5800.0,2700.0,4200.0,3899999.9999999995,2900.0,940.0,2200.0,2400.0,630.0,0.12,3899999.9999999995,0.0,4.0E-5,0.016,0.016,0.0,490.0,9.3,3.0E-10,2.1E-16,6.0E-23,0.0,1.9E7,1.0,7.2E8,
5.9E-41,0.0059,5800.0,2700.0,4200.0,3899999.9999999995,2900.0,940.0,2200.0,2400.0,630.0,0.12,3899999.9999999995,0.0,4.2E-5,0.016,0.016,0.0,490.0,9.3,7.6E-13,2.1E-16,1.8E-23,0.0,1.9E7,1.0,7.2E8,
5.9E-41,0.0058,5800.0,2700.0,4200.0,3899999.9999999995,2900.0,940.0,2200.0,2400.0,630.0,0.12,3899999.9999999995,0.0,3.9E-5,0.016,0.016,0.0,490.0,9.3,1.9E-15,2.1E-16,5.5E-24,0.0,2.0E7,1.0,7.2E8,
5.9E-41,0.0058,5800.0,2700.0,4200.0,3899999.9999999995,2900.0,940.0,2200.0,2400.0,630.0,0.12,3899999.9999999995,0.0,3.5E-5,0.016,0.016,0.0,490.0,9.3,5.0E-18,2.1E-16,1.7E-24,0.0,2.0E7,1.0,7.2E8,
5.9E-41,0.0058,5800.0,2700.0,4200.0,3899999.9999999995,2900.0,940.0,2200.0,2400.0,630.0,0.12,3899999.9999999995,0.0,2.9E-5,0.016,0.016,0.0,490.0,9.3,1.3E-20,2.1E-16,5.0E-25,0.0,2.2E7,1.0,7.2E8,
5.9E-41,0.0058,5800.0,2700.0,4200.0,3899999.9999999995,2900.0,940.0,2200.0,2400.0,630.0,0.12,3899999.9999999995,0.0,2.5E-5,0.016,0.016,0.0,490.0,9.3,3.8E-23,2.1E-16,1.5999999999999998E-25,0.0,2.3E7,1.0,7.2E8,
5.9E-41,0.0058,5800.0,2700.0,4200.0,3899999.9999999995,2900.0,940.0,2200.0,2400.0,630.0,0.12,3899999.9999999995,0.0,2.1E-5,0.016,0.016,0.0,480.0,9.3,1.0999999999999999E-25,2.1E-16,5.2E-26,0.0,2.5E7,1.0,7.2E8,
5.9E-41,0.0058,5800.0,2700.0,4200.0,3899999.9999999995,2900.0,940.0,2200.0,2400.0,630.0,0.12,3899999.9999999995,0.0,1.7E-5,0.016,0.016,0.0,480.0,9.3,2.8000000000000002E-28,2.1E-16,2.0E-26,0.0,2.6E7,1.0,7.2E8,
5.9E-41,0.0058,5800.0,2700.0,4200.0,3899999.9999999995,2900.0,940.0,2200.0,2400.0,630.0,0.12,3899999.9999999995,0.0,1.5E-5,0.016,0.016,0.0,480.0,9.3,6.2E-31,2.1E-16,9.1E-27,0.0,2.8E7,1.0,7.2E8,
5.9E-41,0.0058,5800.0,2700.0,4200.0,3899999.9999999995,2900.0,940.0,2200.0,2400.0,630.0,0.12,3899999.9999999995,0.0,1.8E-5,0.016,0.016,0.0,480.0,9.3,1.6000000000000002E-33,2.1E-16,6.3E-27,0.0,2.6E7,1.0,7.2E8,
5.9E-41,0.0058,5800.0,2700.0,4200.0,3899999.9999999995,2900.0,940.0,2200.0,2400.0,630.0,0.12,3899999.9999999995,0.0,2.0E-5,0.016,0.016,0.0,480.0,9.3,4.0000000000000004E-36,2.1E-16,5.9000000000000005E-27,0.0,2.5E7,1.0,7.2E8,
5.9E-41,0.0058,5800.0,2700.0,4200.0,3899999.9999999995,2900.0,940.0,2200.0,2400.0,630.0,0.12,3899999.9999999995,0.0,1.9E-5,0.016,0.016,0.0,480.0,9.3,1.0000000000000001E-38,2.1E-16,5.9000000000000005E-27,0.0,2.5E7,1.0,7.2E8,
5.9E-41,0.0058,5800.0,2700.0,4200.0,3899999.9999999995,2900.0,940.0,2200.0,2400.0,630.0,0.12,3899999.9999999995,0.0,1.8E-5,0.016,0.016,0.0,470.0,9.3,2.7E-41,2.1E-16,5.6E-27,0.0,2.6E7,1.0,7.2E8,
5.9E-41,0.0058,5800.0,2700.0,4200.0,3899999.9999999995,2900.0,940.0,2200.0,2400.0,630.0,0.12,3899999.9999999995,0.0,1.6E-5,0.016,0.016,0.0,470.0,9.3,2.8E-43,2.1E-16,5.1E-27,0.0,2.7E7,1.0,7.2E8,
5.9E-41,0.0058,5800.0,2700.0,4200.0,3899999.9999999995,2900.0,940.0,2200.0,2400.0,630.0,0.12,3899999.9999999995,0.0,1.4E-5,0.016,0.016,0.0,460.0,9.3,5.200000000000001E-44,2.1E-16,4.6E-27,0.0,2.8E7,1.0,7.2E8,
5.9E-41,0.0058,5800.0,2700.0,4200.0,3899999.9999999995,2900.0,940.0,2200.0,2400.0,630.0,0.12,3899999.9999999995,0.0,1.2E-5,0.016,0.016,0.0,460.0,9.3,1.0000000000000001E-44,2.1E-16,4.0E-27,0.0,3.0E7,1.0,7.2E8,
5.9E-41,0.0058,5800.0,2700.0,4200.0,3899999.9999999995,2900.0,940.0,2200.0,2400.0,630.0,0.12,3899999.9999999995,0.0,1.0E-5,0.016,0.016,0.0,460.0,9.3,0.0,2.1E-16,3.5E-27,0.0,3.1E7,1.0,7.2E8,
5.9E-41,0.0058,5800.0,2700.0,4200.0,3899999.9999999995,2900.0,940.0,2200.0,2400.0,630.0,0.12,3899999.9999999995,0.0,1.2E-5,0.016,0.016,0.0,460.0,9.3,3.7E-46,2.1E-16,3.3E-27,0.0,3.0E7,1.0,7.2E8,
5.9E-41,0.0058,5800.0,2700.0,4200.0,3899999.9999999995,2900.0,940.0,2200.0,2400.0,630.0,0.12,3899999.9999999995,0.0,1.4E-5,0.016,0.016,0.0,460.0,9.3,9.399999999999999E-49,2.1E-16,3.8E-27,0.0,2.8E7,1.0,7.2E8,
5.9E-41,0.0058,5800.0,2700.0,4200.0,3899999.9999999995,2900.0,940.0,2200.0,2400.0,630.0,0.12,3899999.9999999995,0.0,1.5E-5,0.016,0.016,0.0,460.0,9.3,2.4E-51,2.1E-16,4.2E-27,0.0,2.8E7,1.0,7.1E8,
5.8E-41,0.0058,5800.0,2700.0,4200.0,3799999.9999999995,2900.0,940.0,2200.0,2400.0,630.0,0.12,3899999.9999999995,0.0,1.8E-5,0.016,0.016,0.0,460.0,9.3,1.6999999999999998E-53,2.1E-16,4.7E-27,0.0,2.6E7,1.0,7.1E8,
5.8E-41,0.0058,5800.0,2700.0,4200.0,3799999.9999999995,2900.0,940.0,2200.0,2400.0,630.0,0.12,3899999.9999999995,0.0,2.0E-5,0.016,0.016,0.0,460.0,9.3,4.3E-56,2.1E-16,5.4000000000000005E-27,0.0,2.5E7,1.0,7.1E8,
5.8E-41,0.0058,5800.0,2700.0,4200.0,3799999.9999999995,2900.0,940.0,2200.0,2400.0,630.0,0.12,3799999.9999999995,0.0,2.1E-5,0.015,0.015,0.0,460.0,9.3,1.1E-58,2.1E-16,5.8E-27,0.0,2.4E7,1.0,7.0E8,
5.8E-41,0.0058,5800.0,2700.0,4200.0,3799999.9999999995,2900.0,940.0,2200.0,2400.0,630.0,0.12,3799999.9999999995,0.0,2.5E-5,0.015,0.015,0.0,450.0,9.3,2.7999999999999998E-61,2.1E-16,6.7E-27,0.0,2.3E7,1.0,7.0E8,
5.8E-41,0.0058,5800.0,2700.0,4200.0,3799999.9999999995,2900.0,940.0,2200.0,2400.0,630.0,0.12,3799999.9999999995,0.0,2.5E-5,0.015,0.015,0.0,450.0,9.3,7.1E-64,2.1E-16,7.2E-27,0.0,2.3E7,1.0,7.0E8,
9.5E-41,0.0064,15000.0,4300.0,3700.0,4600000.0,2900.0,940.0,2200.0,2400.0,620.0,0.12,4600000.0,0.0,2.2E-5,0.02,0.02,0.0,490.0,7.4,1.5E-8,2.4E-16,1.5E-22,0.0,2.2E7,1.0,7.1E8,
9.399999999999999E-41,0.0063,2400.0,4300.0,3700.0,4400000.0,2900.0,940.0,2200.0,2400.0,620.0,0.12,4400000.0,0.0,2.4E-5,0.019,0.019,0.0,470.0,7.2,7.7E-10,2.4E-16,8.1E-23,0.0,2.1E7,1.0,7.1E8,
8.999999999999999E-41,0.006,2400.0,4300.0,3600.0,3899999.9999999995,2900.0,940.0,2200.0,2400.0,620.0,0.12,3899999.9999999995,0.0,2.5E-5,0.018,0.018,0.0,470.0,6.8,3.9E-11,2.3E-16,4.3E-23,0.0,2.0E7,1.0,7.1E8,
8.9E-41,0.006,2400.0,4300.0,3600.0,3799999.9999999995,2900.0,940.0,2200.0,2400.0,620.0,0.12,3799999.9999999995,0.0,2.7E-5,0.017,0.017,0.0,470.0,6.7,7.2E-13,2.3E-16,1.9E-23,0.0,1.9E7,1.0,7.1E8,
8.9E-41,0.006,2400.0,4300.0,3600.0,3799999.9999999995,2900.0,940.0,2200.0,2400.0,620.0,0.12,3799999.9999999995,0.0,3.0E-5,0.017,0.017,0.0,470.0,6.7,1.8E-15,2.3E-16,5.699999999999999E-24,0.0,1.9E7,1.0,7.1E8,
8.9E-41,0.006,2400.0,4300.0,3600.0,3799999.9999999995,2900.0,940.0,2200.0,2400.0,620.0,0.12,3799999.9999999995,0.0,2.9E-5,0.017,0.017,0.0,470.0,6.7,4.7E-18,2.3E-16,1.7E-24,0.0,1.9E7,1.0,7.1E8,
8.9E-41,0.006,2400.0,4300.0,3600.0,3799999.9999999995,2900.0,940.0,2200.0,2400.0,620.0,0.12,3799999.9999999995,0.0,2.6E-5,0.017,0.017,0.0,470.0,6.7,1.2E-20,2.3E-16,5.3E-25,0.0,2.0E7,1.0,7.1E8,
8.9E-41,0.006,2400.0,4300.0,3600.0,3799999.9999999995,2900.0,940.0,2200.0,2400.0,620.0,0.12,3799999.9999999995,0.0,2.2E-5,0.017,0.017,0.0,460.0,6.7,3.1E-23,2.3E-16,1.5999999999999998E-25,0.0,2.1E7,1.0,7.1E8,
8.9E-41,0.006,2400.0,4300.0,3600.0,3799999.9999999995,2900.0,940.0,2200.0,2400.0,620.0,0.12,3799999.9999999995,0.0,1.9E-5,0.017,0.017,0.0,460.0,6.7,8.9E-26,2.3E-16,5.4E-26,0.0,2.2E7,1.0,7.1E8,
8.9E-41,0.006,2400.0,4300.0,3600.0,3799999.9999999995,2900.0,940.0,2200.0,2400.0,620.0,0.12,3799999.9999999995,0.0,1.6E-5,0.017,0.017,0.0,460.0,6.7,2.2000000000000004E-28,2.3E-16,2.0E-26,0.0,2.4E7,1.0,7.1E8,
8.9E-41,0.006,2400.0,4300.0,3600.0,3799999.9999999995,2900.0,940.0,2200.0,2400.0,620.0,0.12,3799999.9999999995,0.0,1.3E-5,0.017,0.017,0.0,460.0,6.7,0.0,2.3E-16,9.4E-27,0.0,2.5E7,1.0,7.1E8,
8.9E-41,0.006,2400.0,4300.0,3600.0,3799999.9999999995,2900.0,940.0,2200.0,2400.0,620.0,0.12,3799999.9999999995,0.0,1.1E-5,0.017,0.017,0.0,460.0,6.7,0.0,2.3E-16,5.6E-27,0.0,2.7E7,1.0,7.1E8,
8.9E-41,0.006,2400.0,4300.0,3600.0,3799999.9999999995,2900.0,940.0,2200.0,2400.0,620.0,0.12,3799999.9999999995,0.0,1.2E-5,0.017,0.017,0.0,460.0,6.7,4.4E-33,2.3E-16,4.3E-27,0.0,2.6E7,1.0,7.1E8,
8.9E-41,0.006,2400.0,4300.0,3600.0,3799999.9999999995,2900.0,940.0,2200.0,2400.0,620.0,0.12,3799999.9999999995,0.0,1.4E-5,0.017,0.017,0.0,460.0,6.7,1.1E-35,2.3E-16,4.4000000000000005E-27,0.0,2.5E7,1.0,7.1E8,
3.4E-41,0.0056,630.0,4400.0,2000.0,5000000.0,5000.0,940.0,2200.0,2400.0,620.0,0.12,5000000.0,0.0,1.3E-5,0.022,0.022,0.0,590.0,5.5,1.7E-7,3.1E-16,2.4E-22,0.0,2.4E7,1.0,7.3E8,
3.1999999999999996E-41,0.0054,630.0,4400.0,2000.0,4600000.0,5000.0,930.0,2200.0,2400.0,620.0,0.12,4600000.0,0.0,1.4E-5,0.021,0.021,0.0,590.0,5.2,3.1E-9,3.1E-16,1.0999999999999998E-22,0.0,2.3E7,1.0,7.2E8,
3.1E-41,0.0051,630.0,4400.0,2000.0,3999999.9999999995,5000.0,930.0,2200.0,2400.0,620.0,0.12,4099999.9999999995,0.0,1.6E-5,0.019,0.019,0.0,580.0,4.8,5.8E-11,3.1E-16,4.5000000000000003E-23,0.0,2.2E7,1.0,7.2E8,
3.0E-41,0.0051,630.0,4400.0,2000.0,3899999.9999999995,5000.0,930.0,2200.0,2400.0,620.0,0.12,3899999.9999999995,0.0,1.7E-5,0.018,0.018,0.0,580.0,4.7,4.0E-13,3.1E-16,1.6000000000000002E-23,0.0,2.0E7,1.0,7.2E8,
3.0E-41,0.0051,630.0,4400.0,2000.0,3899999.9999999995,5000.0,930.0,2200.0,2400.0,620.0,0.12,3899999.9999999995,0.0,1.8E-5,0.018,0.018,0.0,580.0,4.7,1.0E-15,3.1E-16,4.899999999999999E-24,0.0,2.0E7,1.0,7.2E8,
3.6E-41,0.0072,120000.0,8600.0,22.0,4800000.0,1500.0,2700.0,4800.0,1800.0,1300.0,0.12,5000000.0,0.0,1.1E-5,0.048,0.048,0.0,760.0,2.6,4.6E-8,4.0E-16,1.2E-22,0.0,2.0E7,1.0,7.4E8,
1.3999999999999998E-41,0.0029,2000.0,1000.0,22.0,4400000.0,1500.0,2700.0,4800.0,1800.0,1300.0,0.12,4400000.0,0.0,1.0E-5,0.039,0.039,0.0,750.0,2.3,6.3E-9,3.9E-16,3.3E-23,0.0,1.9E7,1.0,7.3E8,
1.3E-41,0.0027,2000.0,1000.0,22.0,3999999.9999999995,1500.0,2700.0,4800.0,1800.0,1300.0,0.12,3999999.9999999995,0.0,1.0E-5,0.037,0.037,0.0,740.0,2.1,1.2E-10,3.9E-16,1.4000000000000002E-23,0.0,1.9E7,1.0,7.3E8,
1.3E-41,0.0027,2000.0,1000.0,22.0,3899999.9999999995,1500.0,2700.0,4800.0,1800.0,1300.0,0.12,3899999.9999999995,0.0,1.1E-5,0.036,0.036,0.0,720.0,2.0,7.9E-13,3.9E-16,4.899999999999999E-24,0.0,1.8E7,1.0,7.3E8,
1.3E-41,0.0026,2000.0,1000.0,22.0,3899999.9999999995,1500.0,2700.0,4800.0,1800.0,1300.0,0.12,3899999.9999999995,0.0,1.2E-5,0.036,0.036,0.0,720.0,2.0,2.0E-15,3.9E-16,1.4999999999999998E-24,0.0,1.8E7,1.0,7.3E8,
1.3E-41,0.0026,2000.0,1000.0,22.0,3899999.9999999995,1500.0,2700.0,4800.0,1800.0,1300.0,0.12,3899999.9999999995,0.0,1.1E-5,0.036,0.036,0.0,720.0,2.0,5.1E-18,3.9E-16,4.5E-25,0.0,1.8E7,1.0,7.3E8,
1.3E-41,0.0026,2000.0,1000.0,22.0,3899999.9999999995,1500.0,2700.0,4800.0,1800.0,1300.0,0.12,3899999.9999999995,0.0,9.5E-6,0.036,0.036,0.0,720.0,2.0,1.3E-20,3.9E-16,1.4E-25,0.0,1.9E7,1.0,7.3E8,
1.3E-41,0.0026,2000.0,1000.0,22.0,3899999.9999999995,1500.0,2700.0,4800.0,1800.0,1300.0,0.12,3899999.9999999995,0.0,8.0E-6,0.036,0.036,0.0,720.0,2.0,3.3E-23,3.9E-16,4.5E-26,0.0,2.0E7,1.0,7.3E8,
1.3E-41,0.0026,2000.0,1000.0,22.0,3899999.9999999995,1500.0,2700.0,4800.0,1800.0,1300.0,0.12,3899999.9999999995,0.0,6.7E-6,0.036,0.036,0.0,720.0,2.0,9.0E-26,3.9E-16,1.6E-26,0.0,2.2E7,1.0,7.3E8,
2.1E-40,0.027,18000.0,55000.0,22.0,4900000.0,1500.0,2700.0,4800.0,1800.0,1300.0,0.12,5000000.0,0.0,2.2E-5,0.055,0.055,0.0,730.0,6.0,5.7E-9,4.1E-16,3.9999999999999997E-22,0.0,2.1E7,1.0,7.4E8,
2.3999999999999997E-41,0.0029,190.0,1700.0,22.0,4900000.0,1500.0,2700.0,4700.0,1800.0,1300.0,0.12,4900000.0,0.0,2.4E-5,0.03,0.03,0.0,720.0,5.9,1.1E-10,4.1E-16,2.0E-23,0.0,2.0E7,1.0,7.4E8,
2.3E-41,0.0028,190.0,1700.0,22.0,4700000.0,1500.0,2700.0,4700.0,1800.0,1300.0,0.12,4700000.0,0.0,2.4E-5,0.029,0.029,0.0,720.0,5.6,1.5E-11,4.1E-16,1.3E-23,0.0,2.0E7,1.0,7.4E8,
2.2E-41,0.0028,190.0,1700.0,22.0,4500000.0,1500.0,2700.0,4700.0,1800.0,1300.0,0.12,4500000.0,0.0,2.5E-5,0.028,0.028,0.0,730.0,5.4,2.7E-13,4.1E-16,5.5999999999999996E-24,0.0,1.9E7,1.0,7.3E8,
2.2E-41,0.0027,190.0,1700.0,22.0,4300000.0,1500.0,2700.0,4700.0,1800.0,1300.0,0.12,4300000.0,0.0,2.6E-5,0.027,0.027,0.0,730.0,5.2,5.0E-15,4.1E-16,2.5E-24,0.0,1.9E7,1.0,7.3E8,
2.0E-41,0.0026,190.0,1700.0,22.0,3999999.9999999995,1500.0,2700.0,4700.0,1800.0,1300.0,0.12,3999999.9999999995,0.0,2.6E-5,0.026,0.026,0.0,730.0,4.9,2.5E-16,4.1E-16,1.2999999999999998E-24,0.0,1.8E7,1.0,7.3E8,
2.0E-41,0.0025,190.0,1700.0,22.0,3899999.9999999995,1500.0,2700.0,4700.0,1800.0,1300.0,0.12,3899999.9999999995,0.0,2.8E-5,0.025,0.025,0.0,720.0,4.7,1.7E-18,4.1E-16,4.8E-25,0.0,1.8E7,1.0,7.3E8,
2.0E-41,0.0025,190.0,1700.0,22.0,3899999.9999999995,1500.0,2700.0,4700.0,1800.0,1300.0,0.12,3899999.9999999995,0.0,2.7E-5,0.025,0.025,0.0,700.0,4.7,4.4E-21,4.1E-16,1.5E-25,0.0,1.8E7,1.0,7.3E8,
2.0E-41,0.0025,190.0,1700.0,22.0,3899999.9999999995,1500.0,2700.0,4700.0,1800.0,1300.0,0.12,3899999.9999999995,0.0,2.5E-5,0.025,0.025,0.0,700.0,4.7,1.1E-23,4.1E-16,5.7E-26,0.0,1.8E7,1.0,7.3E8,
2.0E-41,0.0025,190.0,1700.0,22.0,3899999.9999999995,1500.0,2700.0,4700.0,1800.0,1300.0,0.12,3899999.9999999995,0.0,2.1E-5,0.025,0.025,0.0,700.0,4.7,7.5E-26,4.1E-16,2.9E-26,0.0,1.9E7,1.0,7.2E8,
2.0E-41,0.0025,190.0,1700.0,22.0,3899999.9999999995,1500.0,2700.0,4700.0,1800.0,1300.0,0.12,3899999.9999999995,0.0,2.3E-5,0.025,0.025,0.0,690.0,4.7,1.9000000000000003E-28,4.1E-16,1.7E-26,0.0,1.9E7,1.0,7.2E8,
2.0E-41,0.0025,190.0,1700.0,22.0,3899999.9999999995,1500.0,2700.0,4700.0,1800.0,1300.0,0.12,3899999.9999999995,0.0,2.2E-5,0.025,0.025,0.0,680.0,4.7,4.8E-31,4.1E-16,1.4E-26,0.0,1.9E7,1.0,7.2E8,
2.0E-41,0.0025,190.0,1700.0,22.0,3899999.9999999995,1500.0,2700.0,4700.0,1800.0,1300.0,0.12,3899999.9999999995,0.0,1.9E-5,0.025,0.025,0.0,680.0,4.7,1.2E-33,4.1E-16,1.2E-26,0.0,2.0E7,1.0,7.2E8,
2.0E-41,0.0025,190.0,1700.0,22.0,3899999.9999999995,1500.0,2700.0,4700.0,1800.0,1300.0,0.12,3899999.9999999995,0.0,1.6E-5,0.025,0.025,0.0,680.0,4.7,3.1E-36,4.1E-16,1.1E-26,0.0,2.1E7,1.0,7.2E8,
2.0E-41,0.0025,190.0,1700.0,22.0,3899999.9999999995,1500.0,2700.0,4700.0,1800.0,1300.0,0.12,3899999.9999999995,0.0,1.4E-5,0.025,0.025,0.0,680.0,4.7,1.1E-38,4.1E-16,8.9E-27,0.0,2.2E7,1.0,7.2E8,
2.0E-41,0.0025,190.0,1700.0,22.0,3899999.9999999995,1500.0,2700.0,4700.0,1800.0,1300.0,0.12,3899999.9999999995,0.0,1.1E-5,0.025,0.025,0.0,680.0,4.7,0.0,4.1E-16,7.5E-27,0.0,2.4E7,1.0,7.2E8,
2.0E-41,0.0025,190.0,1700.0,22.0,3899999.9999999995,1500.0,2700.0,4700.0,1800.0,1300.0,0.12,3899999.9999999995,0.0,9.5E-6,0.025,0.025,0.0,670.0,4.7,0.0,4.1E-16,6.3E-27,0.0,2.6E7,1.0,7.2E8,
2.0E-41,0.0025,190.0,1700.0,22.0,3899999.9999999995,1500.0,2700.0,4700.0,1800.0,1300.0,0.12,3899999.9999999995,0.0,8.0E-6,0.025,0.025,0.0,670.0,4.7,0.0,4.1E-16,5.3E-27,0.0,2.7E7,1.0,7.2E8,
2.0E-41,0.0025,190.0,1700.0,22.0,3899999.9999999995,1500.0,2700.0,4700.0,1800.0,1300.0,0.12,3899999.9999999995,0.0,8.9E-6,0.025,0.025,0.0,670.0,4.7,0.0,4.1E-16,4.8E-27,0.0,2.6E7,1.0,7.2E8,
2.0E-41,0.0025,190.0,1700.0,22.0,3899999.9999999995,1500.0,2700.0,4700.0,1800.0,1300.0,0.12,3899999.9999999995,0.0,1.0E-5,0.025,0.025,0.0,660.0,4.7,0.0,4.1E-16,5.3E-27,0.0,2.5E7,1.0,7.2E8,
2.0E-41,0.0025,190.0,1700.0,22.0,3899999.9999999995,1500.0,2700.0,4700.0,1800.0,1300.0,0.12,3899999.9999999995,0.0,1.0E-5,0.025,0.025,0.0,650.0,4.7,0.0,4.1E-16,5.6E-27,0.0,2.5E7,1.0,7.2E8,
2.0E-41,0.0025,190.0,1700.0,22.0,3899999.9999999995,1500.0,2700.0,4700.0,1800.0,1300.0,0.12,3899999.9999999995,0.0,9.4E-6,0.025,0.025,0.0,640.0,4.7,0.0,4.1E-16,5.5E-27,0.0,2.6E7,1.0,7.2E8,
2.0E-41,0.0025,190.0,1700.0,22.0,3899999.9999999995,1500.0,2700.0,4700.0,1800.0,1300.0,0.12,3899999.9999999995,0.0,8.4E-6,0.025,0.025,0.0,640.0,4.7,0.0,4.1E-16,5.1E-27,0.0,2.7E7,1.0,7.2E8,
2.0E-41,0.0025,190.0,1700.0,22.0,3899999.9999999995,1500.0,2700.0,4700.0,1800.0,1300.0,0.12,3899999.9999999995,0.0,7.4E-6,0.025,0.025,0.0,640.0,4.7,0.0,4.1E-16,4.6E-27,0.0,2.8E7,1.0,7.2E8,
2.0E-41,0.0025,190.0,1700.0,22.0,3899999.9999999995,1500.0,2700.0,4700.0,1800.0,1300.0,0.12,3899999.9999999995,0.0,6.4E-6,0.025,0.025,0.0,640.0,4.7,0.0,4.1E-16,4.1E-27,0.0,2.9E7,1.0,7.2E8,
2.0E-41,0.0025,190.0,1700.0,22.0,3899999.9999999995,1500.0,2700.0,4700.0,1800.0,1300.0,0.12,3899999.9999999995,0.0,5.5E-6,0.025,0.025,0.0,640.0,4.7,0.0,4.1E-16,3.5E-27,0.0,3.1E7,1.0,7.2E8,
2.0E-41,0.0025,190.0,1700.0,22.0,3899999.9999999995,1500.0,2700.0,4700.0,1800.0,1300.0,0.12,3899999.9999999995,0.0,5.6E-6,0.025,0.025,0.0,640.0,4.7,0.0,4.1E-16,3.2000000000000003E-27,0.0,3.1E7,1.0,7.2E8,
2.0E-41,0.0025,190.0,1700.0,22.0,3899999.9999999995,1500.0,2700.0,4700.0,1800.0,1300.0,0.12,3899999.9999999995,0.0,7.0E-6,0.025,0.025,0.0,630.0,4.7,0.0,4.1E-16,3.5E-27,0.0,2.9E7,1.0,7.2E8,
2.0E-41,0.0025,190.0,1700.0,22.0,3899999.9999999995,1500.0,2700.0,4700.0,1800.0,1300.0,0.12,3899999.9999999995,0.0,7.5E-6,0.025,0.025,0.0,620.0,4.7,0.0,4.1E-16,4.0E-27,0.0,2.8E7,1.0,7.2E8,
2.0E-41,0.0025,190.0,1700.0,22.0,3899999.9999999995,1500.0,2700.0,4700.0,1800.0,1300.0,0.12,3899999.9999999995,0.0,7.4E-6,0.025,0.025,0.0,620.0,4.7,0.0,4.1E-16,4.2E-27,0.0,2.8E7,1.0,7.2E8,
2.0E-41,0.0025,190.0,1700.0,22.0,3899999.9999999995,1500.0,2700.0,4700.0,1800.0,1300.0,0.12,3899999.9999999995,0.0,6.9E-6,0.025,0.025,0.0,620.0,4.7,0.0,4.1E-16,4.1E-27,0.0,2.9E7,1.0,7.2E8,
2.0E-41,0.0025,190.0,1700.0,22.0,3899999.9999999995,1500.0,2700.0,4700.0,1800.0,1300.0,0.12,3899999.9999999995,0.0,6.2E-6,0.025,0.025,0.0,620.0,4.7,0.0,4.1E-16,3.8E-27,0.0,3.0E7,1.0,7.2E8,
2.0E-41,0.0025,190.0,1700.0,22.0,3899999.9999999995,1500.0,2700.0,4700.0,1800.0,1300.0,0.12,3899999.9999999995,0.0,5.4E-6,0.025,0.025,0.0,610.0,4.7,0.0,4.1E-16,3.4000000000000004E-27,0.0,3.1E7,1.0,7.2E8,
2.0E-41,0.0025,190.0,1700.0,22.0,3899999.9999999995,1500.0,2700.0,4700.0,1800.0,1300.0,0.12,3899999.9999999995,0.0,4.8E-6,0.025,0.025,0.0,600.0,4.7,0.0,4.1E-16,3.0E-27,0.0,3.3E7,1.0,7.2E8,
2.0E-41,0.0025,190.0,1700.0,22.0,3899999.9999999995,1500.0,2700.0,4700.0,1800.0,1300.0,0.12,3899999.9999999995,0.0,4.5E-6,0.025,0.025,0.0,600.0,4.7,0.0,4.1E-16,2.6E-27,0.0,3.4E7,1.0,7.2E8,
2.0E-41,0.0025,190.0,1700.0,22.0,3899999.9999999995,1500.0,2700.0,4700.0,1800.0,1300.0,0.12,3899999.9999999995,0.0,5.8E-6,0.025,0.025,0.0,590.0,4.7,0.0,4.1E-16,2.9E-27,0.0,3.1E7,1.0,7.2E8,
2.0E-41,0.0025,190.0,1700.0,22.0,3899999.9999999995,1500.0,2700.0,4700.0,1800.0,1300.0,0.12,3899999.9999999995,0.0,6.4E-6,0.025,0.025,0.0,590.0,4.7,0.0,4.1E-16,3.3E-27,0.0,2.9E7,1.0,7.2E8,
2.0E-41,0.0025,190.0,1700.0,22.0,3899999.9999999995,1500.0,2700.0,4700.0,1800.0,1300.0,0.12,3899999.9999999995,0.0,6.5E-6,0.025,0.025,0.0,590.0,4.7,0.0,4.1E-16,3.6E-27,0.0,2.9E7,1.0,7.2E8,
2.0E-41,0.0025,190.0,1700.0,22.0,3899999.9999999995,1500.0,2700.0,4700.0,1800.0,1300.0,0.12,3899999.9999999995,0.0,6.2E-6,0.025,0.025,0.0,590.0,4.7,0.0,4.1E-16,3.6E-27,0.0,3.0E7,1.0,7.2E8,
2.0E-41,0.0025,190.0,1700.0,22.0,3899999.9999999995,1500.0,2700.0,4700.0,1800.0,1300.0,0.12,3899999.9999999995,0.0,5.7E-6,0.025,0.025,0.0,580.0,4.7,0.0,4.1E-16,3.4000000000000004E-27,0.0,3.1E7,1.0,7.2E8,
2.0E-41,0.0025,190.0,1700.0,22.0,3899999.9999999995,1500.0,2700.0,4700.0,1800.0,1300.0,0.12,3899999.9999999995,0.0,5.1E-6,0.025,0.025,0.0,580.0,4.7,0.0,4.1E-16,3.2000000000000003E-27,0.0,3.2E7,1.0,7.2E8,
2.0E-41,0.0025,190.0,1700.0,22.0,3899999.9999999995,1500.0,2700.0,4700.0,1800.0,1300.0,0.12,3899999.9999999995,0.0,4.5E-6,0.025,0.025,0.0,580.0,4.7,0.0,4.1E-16,2.8E-27,0.0,3.3E7,1.0,7.2E8,
2.0E-41,0.0025,190.0,1700.0,22.0,3899999.9999999995,1500.0,2700.0,4700.0,1800.0,1300.0,0.12,3899999.9999999995,0.0,3.9E-6,0.025,0.025,0.0,580.0,4.7,0.0,4.1E-16,2.5E-27,0.0,3.5E7,1.0,7.2E8,
2.0E-41,0.0025,190.0,1700.0,22.0,3899999.9999999995,1500.0,2700.0,4700.0,1800.0,1300.0,0.12,3899999.9999999995,0.0,4.8E-6,0.025,0.025,0.0,580.0,4.7,0.0,4.1E-16,2.4E-27,0.0,3.3E7,1.0,7.2E8,
2.0E-41,0.0025,190.0,1700.0,22.0,3899999.9999999995,1500.0,2700.0,4700.0,1800.0,1300.0,0.12,3899999.9999999995,0.0,5.8E-6,0.025,0.025,0.0,580.0,4.7,0.0,4.1E-16,2.9E-27,0.0,3.1E7,1.0,7.2E8,
2.0E-41,0.0025,190.0,1700.0,22.0,3899999.9999999995,1500.0,2700.0,4700.0,1800.0,1300.0,0.12,3899999.9999999995,0.0,6.2E-6,0.025,0.025,0.0,570.0,4.7,0.0,4.1E-16,3.3E-27,0.0,3.0E7,1.0,7.2E8,
2.0E-41,0.0025,190.0,1700.0,22.0,3899999.9999999995,1500.0,2700.0,4700.0,1800.0,1300.0,0.12,3899999.9999999995,0.0,6.0E-6,0.025,0.025,0.0,560.0,4.7,0.0,4.1E-16,3.4000000000000004E-27,0.0,3.0E7,1.0,7.2E8,
2.0E-41,0.0025,190.0,1700.0,22.0,3899999.9999999995,1500.0,2700.0,4700.0,1800.0,1300.0,0.12,3899999.9999999995,0.0,5.6E-6,0.025,0.025,0.0,560.0,4.7,0.0,4.1E-16,3.3E-27,0.0,3.1E7,1.0,7.2E8,
2.0E-41,0.0025,190.0,1700.0,22.0,3899999.9999999995,1500.0,2700.0,4700.0,1800.0,1300.0,0.12,3899999.9999999995,0.0,5.1E-6,0.025,0.025,0.0,560.0,4.7,0.0,4.1E-16,3.1000000000000002E-27,0.0,3.2E7,1.0,7.2E8,
2.0E-41,0.0025,190.0,1700.0,22.0,3899999.9999999995,1500.0,2700.0,4700.0,1800.0,1300.0,0.12,3899999.9999999995,0.0,4.4E-6,0.025,0.025,0.0,550.0,4.7,0.0,4.1E-16,2.7000000000000002E-27,0.0,3.4E7,1.0,7.2E8,
2.0E-41,0.0025,190.0,1700.0,22.0,3899999.9999999995,1500.0,2700.0,4700.0,1800.0,1300.0,0.12,3899999.9999999995,0.0,4.0E-6,0.025,0.025,0.0,550.0,4.7,0.0,4.1E-16,2.5E-27,0.0,3.5E7,1.0,7.2E8,
2.0E-41,0.0025,190.0,1700.0,22.0,3899999.9999999995,1500.0,2700.0,4700.0,1800.0,1300.0,0.12,3899999.9999999995,0.0,4.1E-6,0.025,0.025,0.0,540.0,4.7,0.0,4.1E-16,2.3E-27,0.0,3.4E7,1.0,7.2E8,
2.0E-41,0.0025,190.0,1700.0,22.0,3899999.9999999995,1500.0,2700.0,4700.0,1800.0,1300.0,0.12,3899999.9999999995,0.0,5.4E-6,0.025,0.025,0.0,530.0,4.7,0.0,4.1E-16,2.7000000000000002E-27,0.0,3.1E7,1.0,7.2E8,
2.0E-41,0.0025,190.0,1700.0,22.0,3899999.9999999995,1500.0,2700.0,4700.0,1800.0,1300.0,0.12,3899999.9999999995,0.0,5.9E-6,0.025,0.025,0.0,530.0,4.7,0.0,4.1E-16,3.1000000000000002E-27,0.0,3.0E7,1.0,7.2E8,
2.0E-41,0.0025,190.0,1700.0,22.0,3899999.9999999995,1500.0,2700.0,4700.0,1800.0,1300.0,0.12,3899999.9999999995,0.0,5.9E-6,0.025,0.025,0.0,530.0,4.7,0.0,4.1E-16,3.3E-27,0.0,3.0E7,1.0,7.2E8,
2.0E-41,0.0025,190.0,1700.0,22.0,3899999.9999999995,1500.0,2700.0,4700.0,1800.0,1300.0,0.12,3899999.9999999995,0.0,5.5E-6,0.025,0.025,0.0,530.0,4.7,0.0,4.1E-16,3.2000000000000003E-27,0.0,3.1E7,1.0,7.2E8,
2.0E-41,0.0025,190.0,1700.0,22.0,3899999.9999999995,1500.0,2700.0,4700.0,1800.0,1300.0,0.12,3899999.9999999995,0.0,5.0E-6,0.025,0.025,0.0,530.0,4.7,0.0,4.1E-16,3.0E-27,0.0,3.2E7,1.0,7.2E8,
2.0E-41,0.0025,190.0,1700.0,22.0,3899999.9999999995,1500.0,2700.0,4700.0,1800.0,1300.0,0.12,3899999.9999999995,0.0,4.6E-6,0.025,0.025,0.0,530.0,4.7,0.0,4.1E-16,2.8E-27,0.0,3.3E7,1.0,7.2E8,
2.0E-41,0.0025,190.0,1700.0,22.0,3899999.9999999995,1500.0,2700.0,4700.0,1800.0,1300.0,0.12,3899999.9999999995,0.0,4.0E-6,0.025,0.025,0.0,520.0,4.7,0.0,4.1E-16,2.5E-27,0.0,3.5E7,1.0,7.2E8,
2.0E-41,0.0025,190.0,1700.0,22.0,3899999.9999999995,1500.0,2700.0,4700.0,1800.0,1300.0,0.12,3899999.9999999995,0.0,3.8E-6,0.025,0.025,0.0,520.0,4.7,0.0,4.1E-16,2.2000000000000002E-27,0.0,3.5E7,1.0,7.2E8,
2.0E-41,0.0025,190.0,1700.0,22.0,3899999.9999999995,1500.0,2700.0,4700.0,1800.0,1300.0,0.12,3899999.9999999995,0.0,5.0E-6,0.025,0.025,0.0,520.0,4.7,0.0,4.1E-16,2.5E-27,0.0,3.2E7,1.0,7.2E8,
2.0E-41,0.0025,190.0,1700.0,22.0,3899999.9999999995,1500.0,2700.0,4700.0,1800.0,1300.0,0.12,3899999.9999999995,0.0,5.7E-6,0.025,0.025,0.0,520.0,4.7,0.0,4.1E-16,2.9E-27,0.0,3.1E7,1.0,7.2E8,
2.0E-41,0.0025,190.0,1700.0,22.0,3899999.9999999995,1500.0,2700.0,4700.0,1800.0,1300.0,0.12,3899999.9999999995,0.0,5.8E-6,0.025,0.025,0.0,520.0,4.7,0.0,4.1E-16,3.2000000000000003E-27,0.0,3.0E7,1.0,7.2E8,
2.0E-41,0.0025,190.0,1700.0,22.0,3899999.9999999995,1500.0,2700.0,4700.0,1800.0,1300.0,0.12,3899999.9999999995,0.0,5.6E-6,0.025,0.025,0.0,520.0,4.7,0.0,4.1E-16,3.2000000000000003E-27,0.0,3.1E7,1.0,7.2E8,
2.0E-41,0.0025,190.0,1700.0,22.0,3899999.9999999995,1500.0,2700.0,4700.0,1800.0,1300.0,0.12,3899999.9999999995,0.0,5.1E-6,0.025,0.025,0.0,520.0,4.7,0.0,4.1E-16,3.1000000000000002E-27,0.0,3.2E7,1.0,7.2E8,
2.0E-41,0.0025,190.0,1700.0,22.0,3899999.9999999995,1500.0,2700.0,4700.0,1800.0,1300.0,0.12,3899999.9999999995,0.0,4.6E-6,0.025,0.025,0.0,520.0,4.7,0.0,4.1E-16,2.8E-27,0.0,3.3E7,1.0,7.2E8,
2.0E-41,0.0025,190.0,1700.0,22.0,3899999.9999999995,1500.0,2700.0,4700.0,1800.0,1300.0,0.12,3899999.9999999995,0.0,4.1E-6,0.025,0.025,0.0,520.0,4.7,0.0,4.1E-16,2.6E-27,0.0,3.5E7,1.0,7.2E8,
2.0E-41,0.0025,190.0,1700.0,22.0,3899999.9999999995,1500.0,2700.0,4700.0,1800.0,1300.0,0.12,3899999.9999999995,0.0,3.6E-6,0.025,0.025,0.0,510.0,4.7,0.0,4.1E-16,2.3E-27,0.0,3.6E7,1.0,7.2E8,
2.0E-41,0.0025,190.0,1700.0,22.0,3899999.9999999995,1500.0,2700.0,4700.0,1800.0,1300.0,0.12,3899999.9999999995,0.0,4.6E-6,0.025,0.025,0.0,510.0,4.7,0.0,4.1E-16,2.3E-27,0.0,3.3E7,1.0,7.2E8,
2.0E-41,0.0025,190.0,1700.0,22.0,3899999.9999999995,1500.0,2700.0,4700.0,1800.0,1300.0,0.12,3899999.9999999995,0.0,5.5E-6,0.025,0.025,0.0,510.0,4.7,0.0,4.1E-16,2.8E-27,0.0,3.1E7,1.0,7.2E8,
2.0E-41,0.0025,190.0,1700.0,22.0,3899999.9999999995,1500.0,2700.0,4700.0,1800.0,1300.0,0.12,3899999.9999999995,0.0,5.8E-6,0.025,0.025,0.0,500.0,4.7,0.0,4.1E-16,3.1000000000000002E-27,0.0,3.0E7,1.0,7.2E8,
2.0E-41,0.0025,190.0,1700.0,22.0,3899999.9999999995,1500.0,2700.0,4700.0,1800.0,1300.0,0.12,3899999.9999999995,0.0,6.9E-6,0.025,0.025,0.0,490.0,4.7,0.0,4.1E-16,3.4000000000000004E-27,0.0,2.8E7,1.0,7.1E8,
5.3E-40,0.12,58000.0,120000.0,63000.0,4900000.0,4700.0,5000.0,7600.0,3800.0,10000.0,0.12,5200000.0,0.0,11.0,0.29,0.29,0.0,680.0,18.0,8.3E-8,7.2E-16,3.1E-21,0.0,2.7E7,1.0,7.4E8,
2.3E-40,0.054,350.0,21000.0,56000.0,4900000.0,4700.0,5000.0,68.0,3800.0,2800.0,0.12,5000000.0,0.0,5.6E-5,0.13,0.13,0.0,670.0,26.0,1.8E-9,7.2E-16,6.0E-22,0.0,2.6E7,1.0,7.4E8,
3.1E-41,0.0072,350.0,3300.0,2800.0,4700000.0,4700.0,5000.0,68.0,3800.0,2800.0,0.12,4800000.0,0.0,7.9E-6,0.07,0.07,0.0,670.0,3.2,9.2E-11,7.1E-16,4.4E-23,0.0,2.4E7,1.0,7.4E8,
2.9E-41,0.0067,350.0,3300.0,2800.0,4099999.9999999995,4700.0,5000.0,68.0,3800.0,2800.0,0.12,4099999.9999999995,0.0,7.9E-6,0.064,0.064,0.0,670.0,2.9,1.3E-11,7.0E-16,2.7E-23,0.0,2.3E7,1.0,7.3E8,
2.7999999999999997E-41,0.0066,350.0,3300.0,2800.0,3899999.9999999995,4700.0,5000.0,68.0,3800.0,2800.0,0.12,3899999.9999999995,0.0,8.8E-6,0.062,0.062,0.0,660.0,2.9,2.3E-13,7.0E-16,1.2E-23,0.0,2.2E7,1.0,7.3E8,
2.7999999999999997E-41,0.0066,350.0,3300.0,2800.0,3899999.9999999995,4700.0,5000.0,68.0,3800.0,2800.0,0.12,3899999.9999999995,0.0,9.9E-6,0.062,0.062,0.0,660.0,2.9,6.0E-16,7.0E-16,3.7E-24,0.0,2.1E7,1.0,7.3E8,
2.7999999999999997E-41,0.0066,350.0,3300.0,2800.0,3899999.9999999995,4700.0,5000.0,68.0,3800.0,2800.0,0.12,3899999.9999999995,0.0,9.8E-6,0.062,0.062,0.0,660.0,2.9,1.5E-18,7.0E-16,1.0999999999999998E-24,0.0,2.1E7,1.0,7.3E8,
2.7999999999999997E-41,0.0066,350.0,3300.0,2800.0,3899999.9999999995,4700.0,5000.0,68.0,3800.0,2800.0,0.12,3899999.9999999995,0.0,8.9E-6,0.062,0.062,0.0,650.0,2.9,4.0E-21,7.0E-16,3.4E-25,0.0,2.2E7,1.0,7.3E8,
2.7999999999999997E-41,0.0066,350.0,3300.0,2800.0,3899999.9999999995,4700.0,5000.0,68.0,3800.0,2800.0,0.12,3899999.9999999995,0.0,7.8E-6,0.062,0.062,0.0,650.0,2.9,1.0E-23,7.0E-16,1.0999999999999999E-25,0.0,2.3E7,1.0,7.3E8,
2.7999999999999997E-41,0.0066,350.0,3300.0,2800.0,3899999.9999999995,4700.0,5000.0,68.0,3800.0,2800.0,0.12,3899999.9999999995,0.0,6.6E-6,0.062,0.062,0.0,650.0,2.9,2.7E-26,7.0E-16,3.7E-26,0.0,2.5E7,1.0,7.3E8,
2.7999999999999997E-41,0.0066,350.0,3300.0,2800.0,3899999.9999999995,4700.0,5000.0,68.0,3800.0,2800.0,0.12,3899999.9999999995,0.0,6.8E-6,0.062,0.062,0.0,650.0,2.8,8.4E-29,7.0E-16,1.6E-26,0.0,2.4E7,1.0,7.2E8,
2.7999999999999997E-41,0.0066,350.0,3300.0,2800.0,3899999.9999999995,4700.0,5000.0,68.0,3800.0,2800.0,0.12,3899999.9999999995,0.0,7.6E-6,0.062,0.062,0.0,650.0,2.8,2.2E-31,7.0E-16,9.7E-27,0.0,2.3E7,1.0,7.2E8,
2.7999999999999997E-41,0.0066,350.0,3300.0,2800.0,3899999.9999999995,4700.0,5000.0,68.0,3800.0,2800.0,0.12,3899999.9999999995,0.0,7.6E-6,0.062,0.062,0.0,640.0,2.8,5.6E-34,7.0E-16,8.1E-27,0.0,2.3E7,1.0,7.2E8,
2.7999999999999997E-41,0.0066,350.0,3300.0,2800.0,3899999.9999999995,4700.0,5000.0,68.0,3800.0,2800.0,0.12,3899999.9999999995,0.0,7.0E-6,0.062,0.062,0.0,630.0,2.8,1.4E-36,7.0E-16,7.300000000000001E-27,0.0,2.4E7,1.0,7.2E8,
2.7999999999999997E-41,0.0066,350.0,3300.0,2800.0,3899999.9999999995,4700.0,5000.0,68.0,3800.0,2800.0,0.12,3899999.9999999995,0.0,6.2E-6,0.062,0.062,0.0,630.0,2.8,3.6E-39,7.0E-16,6.6E-27,0.0,2.5E7,1.0,7.2E8,
2.7999999999999997E-41,0.0066,350.0,3300.0,2800.0,3899999.9999999995,4700.0,5000.0,68.0,3800.0,2800.0,0.12,3899999.9999999995,0.0,5.3E-6,0.062,0.062,0.0,630.0,2.8,0.0,7.0E-16,5.8E-27,0.0,2.6E7,1.0,7.2E8,
2.7999999999999997E-41,0.0066,350.0,3300.0,2800.0,3899999.9999999995,4700.0,5000.0,68.0,3800.0,2800.0,0.12,3899999.9999999995,0.0,4.6E-6,0.062,0.062,0.0,620.0,2.8,1.1E-42,7.0E-16,5.0E-27,0.0,2.8E7,1.0,7.2E8,
2.7999999999999997E-41,0.0066,350.0,3300.0,2800.0,3899999.9999999995,4700.0,5000.0,68.0,3800.0,2800.0,0.12,3899999.9999999995,0.0,3.9E-6,0.062,0.062,0.0,610.0,2.8,1.2999999999999998E-43,7.0E-16,4.3E-27,0.0,2.9E7,1.0,7.2E8,
2.7999999999999997E-41,0.0066,350.0,3300.0,2800.0,3899999.9999999995,4700.0,5000.0,68.0,3800.0,2800.0,0.12,3899999.9999999995,0.0,3.7E-6,0.062,0.062,0.0,610.0,2.8,6.5999999999999995E-46,7.0E-16,3.8E-27,0.0,3.0E7,1.0,7.2E8,
2.7999999999999997E-41,0.0066,350.0,3300.0,2800.0,3899999.9999999995,4700.0,5000.0,68.0,3800.0,2800.0,0.12,3899999.9999999995,0.0,4.6E-6,0.062,0.062,0.0,610.0,2.8,1.7E-48,7.0E-16,4.0E-27,0.0,2.8E7,1.0,7.2E8,
2.7999999999999997E-41,0.0066,350.0,3300.0,2800.0,3899999.9999999995,4700.0,5000.0,68.0,3800.0,2800.0,0.12,3899999.9999999995,0.0,5.0E-6,0.062,0.062,0.0,610.0,2.8,4.3E-51,7.0E-16,4.5E-27,0.0,2.7E7,1.0,7.2E8,
2.7999999999999997E-41,0.0066,350.0,3300.0,2800.0,3899999.9999999995,4700.0,5000.0,68.0,3800.0,2800.0,0.12,3899999.9999999995,0.0,4.9E-6,0.062,0.062,0.0,610.0,2.8,1.0999999999999999E-53,7.0E-16,4.7E-27,0.0,2.7E7,1.0,7.2E8,
2.7999999999999997E-41,0.0066,350.0,3300.0,2800.0,3899999.9999999995,4700.0,5000.0,68.0,3800.0,2800.0,0.12,3899999.9999999995,0.0,4.6E-6,0.062,0.062,0.0,610.0,2.8,2.9E-56,7.0E-16,4.6E-27,0.0,2.8E7,1.0,7.2E8,
2.7999999999999997E-41,0.0066,350.0,3300.0,2800.0,3899999.9999999995,4700.0,5000.0,68.0,3800.0,2800.0,0.12,3899999.9999999995,0.0,4.1E-6,0.062,0.062,0.0,610.0,2.8,2.3000000000000002E-58,7.0E-16,4.3E-27,0.0,2.9E7,1.0,7.2E8,
2.7999999999999997E-41,0.0066,350.0,3300.0,2800.0,3899999.9999999995,4700.0,5000.0,68.0,3800.0,2800.0,0.12,3899999.9999999995,0.0,3.6E-6,0.062,0.062,0.0,600.0,2.8,0.0,7.0E-16,3.9000000000000004E-27,0.0,3.0E7,1.0,7.2E8,
2.7999999999999997E-41,0.0066,350.0,3300.0,2800.0,3899999.9999999995,4700.0,5000.0,68.0,3800.0,2800.0,0.12,3899999.9999999995,0.0,3.2E-6,0.062,0.062,0.0,590.0,2.8,2.0E-59,7.0E-16,3.4000000000000004E-27,0.0,3.2E7,1.0,7.2E8,
2.7999999999999997E-41,0.0066,350.0,3300.0,2800.0,3899999.9999999995,4700.0,5000.0,68.0,3800.0,2800.0,0.12,3899999.9999999995,0.0,2.8E-6,0.062,0.062,0.0,590.0,2.8,0.0,7.0E-16,3.0E-27,0.0,3.3E7,1.0,7.2E8,
2.7999999999999997E-41,0.0066,350.0,3300.0,2800.0,3899999.9999999995,4700.0,5000.0,68.0,3800.0,2800.0,0.12,3899999.9999999995,0.0,3.5E-6,0.062,0.062,0.0,580.0,2.8,0.0,7.0E-16,3.0E-27,0.0,3.1E7,1.0,7.2E8,
2.7999999999999997E-41,0.0066,350.0,3300.0,2800.0,3899999.9999999995,4700.0,5000.0,68.0,3800.0,2800.0,0.12,3899999.9999999995,0.0,4.0E-6,0.062,0.062,0.0,580.0,2.8,0.0,7.0E-16,3.5E-27,0.0,2.9E7,1.0,7.2E8,
2.6E-41,0.006,3600.0,3900.0,3900.0,4900000.0,4700.0,5000.0,68.0,3800.0,2800.0,0.12,4900000.0,0.0,2.3E-6,0.057,0.057,0.0,600.0,2.2,5.3E-9,7.4E-16,2.4E-22,0.0,2.8E7,1.0,7.3E8,
2.6E-41,0.006,3600.0,3900.0,3900.0,4800000.0,4700.0,5000.0,68.0,3800.0,2800.0,0.12,4900000.0,0.0,4.4E-6,0.056,0.056,0.0,600.0,2.2,3.7E-11,7.4E-16,8.9E-23,0.0,2.6E7,1.0,7.3E8,
2.5E-41,0.0059,3600.0,3900.0,3900.0,4600000.0,4700.0,5000.0,68.0,3800.0,2800.0,0.12,4600000.0,0.0,5.1E-6,0.055,0.055,0.0,600.0,2.1,6.9E-13,7.4E-16,3.9E-23,0.0,2.4E7,1.0,7.3E8,
2.3999999999999997E-41,0.0056,3600.0,3900.0,3900.0,3999999.9999999995,4700.0,5000.0,67.0,3800.0,2800.0,0.11,3999999.9999999995,0.0,4.9E-6,0.051,0.051,0.0,590.0,2.0,2.5E-13,7.3E-16,3.0E-23,0.0,2.4E7,1.0,7.3E8,
2.3999999999999997E-41,0.0055,3600.0,3900.0,3900.0,3899999.9999999995,4700.0,5000.0,67.0,3800.0,2800.0,0.11,3899999.9999999995,0.0,5.6E-6,0.05,0.05,0.0,590.0,2.0,4.7E-15,7.3E-16,1.4000000000000002E-23,0.0,2.3E7,1.0,7.2E8,
2.3999999999999997E-41,0.0055,3600.0,3900.0,3900.0,3899999.9999999995,4700.0,5000.0,67.0,3800.0,2800.0,0.11,3899999.9999999995,0.0,6.1E-6,0.05,0.05,0.0,590.0,1.9,1.2E-17,7.2E-16,4.0999999999999994E-24,0.0,2.2E7,1.0,7.2E8,
2.3999999999999997E-41,0.0055,3600.0,3900.0,3900.0,3899999.9999999995,4700.0,5000.0,67.0,3800.0,2800.0,0.11,3899999.9999999995,0.0,7.0E-6,0.05,0.05,0.0,590.0,1.9,3.1E-20,7.2E-16,1.2E-24,0.0,2.1E7,1.0,7.2E8,
2.3999999999999997E-41,0.0055,3600.0,3900.0,3900.0,3799999.9999999995,4700.0,5000.0,67.0,3800.0,2800.0,0.11,3899999.9999999995,0.0,7.0E-6,0.05,0.05,0.0,570.0,1.9,8.1E-23,7.2E-16,3.8E-25,0.0,2.1E7,1.0,7.2E8,
2.3999999999999997E-41,0.0055,3600.0,3900.0,3900.0,3799999.9999999995,4700.0,5000.0,67.0,3800.0,2800.0,0.11,3899999.9999999995,0.0,6.4E-6,0.05,0.05,0.0,560.0,1.9,2.1E-25,7.2E-16,1.2E-25,0.0,2.1E7,1.0,7.2E8,
2.3999999999999997E-41,0.0055,3600.0,3900.0,3900.0,3799999.9999999995,4700.0,5000.0,67.0,3800.0,2800.0,0.11,3899999.9999999995,0.0,5.6E-6,0.05,0.05,0.0,550.0,1.9,5.500000000000001E-28,7.2E-16,4.0E-26,0.0,2.2E7,1.0,7.2E8,
2.3999999999999997E-41,0.0055,3600.0,3900.0,3900.0,3799999.9999999995,4700.0,5000.0,67.0,3800.0,2800.0,0.11,3899999.9999999995,0.0,4.8E-6,0.05,0.05,0.0,550.0,1.9,1.6E-30,7.2E-16,1.6E-26,0.0,2.4E7,1.0,7.2E8,
2.3999999999999997E-41,0.0055,3600.0,3900.0,3900.0,3799999.9999999995,4700.0,5000.0,67.0,3800.0,2800.0,0.11,3899999.9999999995,0.0,4.1E-6,0.05,0.05,0.0,550.0,1.9,6.8E-33,7.2E-16,7.800000000000001E-27,0.0,2.5E7,1.0,7.2E8,
2.3999999999999997E-41,0.0055,3600.0,3900.0,3900.0,3799999.9999999995,4700.0,5000.0,67.0,3800.0,2800.0,0.11,3899999.9999999995,0.0,3.4E-6,0.05,0.05,0.0,540.0,1.9,1.7999999999999998E-35,7.2E-16,4.9000000000000005E-27,0.0,2.7E7,1.0,7.2E8,
2.3999999999999997E-41,0.0055,3600.0,3900.0,3900.0,3799999.9999999995,4700.0,5000.0,67.0,3800.0,2800.0,0.11,3899999.9999999995,0.0,2.9E-6,0.05,0.05,0.0,540.0,1.9,0.0,7.2E-16,3.7E-27,0.0,2.8E7,1.0,7.2E8,
2.3999999999999997E-41,0.0055,3600.0,3900.0,3900.0,3799999.9999999995,4700.0,5000.0,67.0,3800.0,2800.0,0.11,3899999.9999999995,0.0,3.3E-6,0.05,0.05,0.0,520.0,1.9,1.7E-39,7.2E-16,3.2000000000000003E-27,0.0,2.7E7,1.0,7.2E8,
2.3999999999999997E-41,0.0055,3600.0,3900.0,3900.0,3799999.9999999995,4700.0,5000.0,67.0,3800.0,2800.0,0.11,3899999.9999999995,0.0,3.8E-6,0.05,0.05,0.0,520.0,1.9,4.4E-42,7.2E-16,3.5E-27,0.0,2.6E7,1.0,7.2E8,
2.3E-41,0.0055,3600.0,3900.0,3900.0,3799999.9999999995,4700.0,5000.0,67.0,3800.0,2800.0,0.11,3899999.9999999995,0.0,4.4E-6,0.05,0.05,0.0,520.0,1.9,3.0E-44,7.1E-16,3.9000000000000004E-27,0.0,2.4E7,1.0,7.1E8,
2.3E-41,0.0055,3600.0,3900.0,3900.0,3799999.9999999995,4700.0,5000.0,67.0,3800.0,2800.0,0.11,3899999.9999999995,0.0,5.0E-6,0.05,0.05,0.0,510.0,1.9,2.9E-47,7.1E-16,4.6E-27,0.0,2.3E7,1.0,7.1E8,
2.3E-41,0.0055,3600.0,3900.0,3900.0,3799999.9999999995,4700.0,5000.0,67.0,3800.0,2800.0,0.11,3899999.9999999995,0.0,4.9E-6,0.05,0.05,0.0,510.0,1.9,7.5E-50,7.1E-16,4.9000000000000005E-27,0.0,2.3E7,1.0,7.1E8,
2.3E-41,0.0055,3600.0,3900.0,3900.0,3799999.9999999995,4700.0,5000.0,67.0,3800.0,2800.0,0.11,3899999.9999999995,0.0,4.6E-6,0.05,0.05,0.0,500.0,1.9,5.3E-52,7.1E-16,4.8E-27,0.0,2.4E7,1.0,7.1E8,
2.3E-41,0.0055,3600.0,3900.0,3900.0,3799999.9999999995,4700.0,5000.0,67.0,3800.0,2800.0,0.11,3899999.9999999995,0.0,3.9E-6,0.05,0.05,0.0,500.0,1.9,6.499999999999999E-55,7.1E-16,4.4000000000000005E-27,0.0,2.5E7,1.0,7.1E8,
2.3E-41,0.0055,3600.0,3900.0,3900.0,3799999.9999999995,4700.0,5000.0,67.0,3800.0,2800.0,0.11,3899999.9999999995,0.0,3.5E-6,0.05,0.05,0.0,500.0,1.9,3.0E-56,7.1E-16,3.9000000000000004E-27,0.0,2.6E7,1.0,7.1E8,
2.3E-41,0.0055,3600.0,3900.0,3900.0,3799999.9999999995,4700.0,5000.0,67.0,3800.0,2800.0,0.11,3899999.9999999995,0.0,2.9E-6,0.05,0.05,0.0,490.0,1.9,6.3E-57,7.1E-16,3.4000000000000004E-27,0.0,2.8E7,1.0,7.1E8,
2.3E-41,0.0055,3600.0,3900.0,3900.0,3799999.9999999995,4700.0,5000.0,67.0,3800.0,2800.0,0.11,3899999.9999999995,0.0,2.5E-6,0.05,0.05,0.0,490.0,1.9,0.0,7.1E-16,2.9E-27,0.0,2.9E7,1.0,7.1E8,
2.3E-41,0.0055,3600.0,3900.0,3900.0,3799999.9999999995,4700.0,5000.0,67.0,3800.0,2800.0,0.11,3899999.9999999995,0.0,2.6E-6,0.05,0.05,0.0,490.0,1.9,3.5000000000000005E-57,7.1E-16,2.6E-27,0.0,2.9E7,1.0,7.1E8,
2.3E-41,0.0055,3600.0,3900.0,3900.0,3799999.9999999995,4700.0,5000.0,67.0,3800.0,2800.0,0.11,3799999.9999999995,0.0,3.1E-6,0.049,0.049,0.0,490.0,1.9,2.4E-59,7.1E-16,2.8E-27,0.0,2.7E7,1.0,7.0E8,
2.3E-41,0.0055,3600.0,3900.0,3900.0,3799999.9999999995,4700.0,5000.0,67.0,3800.0,2800.0,0.11,3799999.9999999995,0.0,3.8E-6,0.049,0.049,0.0,480.0,1.9,6.3E-62,7.1E-16,3.4000000000000004E-27,0.0,2.5E7,1.0,7.0E8,
2.3E-41,0.0055,3600.0,3900.0,3900.0,3799999.9999999995,4700.0,5000.0,67.0,3800.0,2800.0,0.11,3799999.9999999995,0.0,4.1E-6,0.049,0.049,0.0,480.0,1.9,1.6E-64,7.1E-16,3.8E-27,0.0,2.4E7,1.0,7.0E8,
2.3E-41,0.0055,3600.0,3900.0,3900.0,3799999.9999999995,4700.0,5000.0,67.0,3800.0,2800.0,0.11,3799999.9999999995,0.0,3.9E-6,0.049,0.049,0.0,480.0,1.9,4.3E-67,7.1E-16,4.0E-27,0.0,2.5E7,1.0,7.0E8,
2.3E-41,0.0055,3600.0,3900.0,3900.0,3799999.9999999995,4700.0,5000.0,67.0,3800.0,2800.0,0.11,3799999.9999999995,0.0,3.6E-6,0.049,0.049,0.0,470.0,1.9,1.0999999999999999E-69,7.1E-16,3.8E-27,0.0,2.6E7,1.0,7.0E8,
2.3E-41,0.0055,3600.0,3900.0,3900.0,3799999.9999999995,4700.0,5000.0,67.0,3800.0,2800.0,0.11,3799999.9999999995,0.0,3.2E-6,0.049,0.049,0.0,470.0,1.9,6.0E-72,7.1E-16,3.5E-27,0.0,2.7E7,1.0,7.0E8,
2.3E-41,0.0055,3600.0,3900.0,3900.0,3799999.9999999995,4700.0,5000.0,67.0,3800.0,2800.0,0.11,3799999.9999999995,0.0,2.8E-6,0.049,0.049,0.0,460.0,1.9,0.0,7.1E-16,3.1000000000000002E-27,0.0,2.8E7,1.0,7.0E8,
2.3E-41,0.0055,3600.0,3900.0,3900.0,3799999.9999999995,4700.0,5000.0,67.0,3800.0,2800.0,0.11,3799999.9999999995,0.0,2.4E-6,0.049,0.049,0.0,460.0,1.9,0.0,7.1E-16,2.7000000000000002E-27,0.0,2.9E7,1.0,7.0E8,
2.3E-41,0.0055,3600.0,3900.0,3900.0,3799999.9999999995,4700.0,5000.0,67.0,3800.0,2800.0,0.11,3799999.9999999995,0.0,2.1E-6,0.049,0.049,0.0,460.0,1.9,0.0,7.1E-16,2.4E-27,0.0,3.1E7,1.0,7.0E8,
2.3E-41,0.0055,3600.0,3900.0,3900.0,3799999.9999999995,4700.0,5000.0,67.0,3800.0,2800.0,0.11,3799999.9999999995,0.0,2.6E-6,0.049,0.049,0.0,460.0,1.9,0.0,7.1E-16,2.4E-27,0.0,2.9E7,1.0,7.0E8,
1.8E-41,0.0057,2400.0,4800.0,2400.0,4900000.0,4600.0,4900.0,67.0,3800.0,2800.0,0.11,4900000.0,0.0,1.0E-6,0.049,0.049,0.0,530.0,3.0,3.5E-9,7.8E-16,4.0999999999999995E-22,0.0,2.7E7,1.0,7.2E8,
1.8E-41,0.0056,2400.0,4800.0,2400.0,4800000.0,4600.0,4900.0,67.0,3800.0,2800.0,0.11,4800000.0,0.0,5.9E-6,0.049,0.049,0.0,520.0,3.0,6.5E-11,7.8E-16,1.8E-22,0.0,2.6E7,1.0,7.2E8,
1.8E-41,0.0056,2400.0,4800.0,2400.0,4700000.0,4600.0,4900.0,67.0,3800.0,2800.0,0.11,4700000.0,0.0,6.8E-6,0.048,0.048,0.0,520.0,2.9,1.2E-12,7.8E-16,8.1E-23,0.0,2.4E7,1.0,7.2E8,
1.7E-41,0.0053,2400.0,4800.0,2400.0,4099999.9999999995,4600.0,4900.0,67.0,3800.0,2700.0,0.11,4200000.0,0.0,6.8E-6,0.045,0.045,0.0,520.0,2.7,1.6E-13,7.7E-16,5.2E-23,0.0,2.3E7,1.0,7.1E8,
1.7E-41,0.0052,2400.0,4800.0,2400.0,3899999.9999999995,4600.0,4900.0,67.0,3800.0,2700.0,0.11,3999999.9999999995,0.0,7.7E-6,0.044,0.044,0.0,520.0,2.6,3.1E-15,7.7E-16,2.3E-23,0.0,2.2E7,1.0,7.1E8,
1.5999999999999998E-41,0.0052,2400.0,4800.0,2400.0,3799999.9999999995,4600.0,4900.0,67.0,3800.0,2700.0,0.11,3799999.9999999995,0.0,8.7E-6,0.043,0.043,0.0,520.0,2.6,5.8E-17,7.7E-16,1.0E-23,0.0,2.1E7,1.0,7.1E8,
1.5999999999999998E-41,0.0052,2400.0,4800.0,2400.0,3799999.9999999995,4600.0,4900.0,67.0,3800.0,2700.0,0.11,3799999.9999999995,0.0,9.4E-6,0.043,0.043,0.0,520.0,2.6,1.5E-19,7.7E-16,3.0999999999999997E-24,0.0,2.0E7,1.0,7.1E8,
1.5999999999999998E-41,0.0052,2400.0,4800.0,2400.0,3799999.9999999995,4600.0,4900.0,67.0,3800.0,2700.0,0.11,3799999.9999999995,0.0,9.1E-6,0.043,0.043,0.0,520.0,2.6,3.7999999999999998E-22,7.7E-16,9.3E-25,0.0,2.1E7,1.0,7.1E8,
1.5999999999999998E-41,0.0052,2400.0,4800.0,2400.0,3799999.9999999995,4600.0,4900.0,67.0,3800.0,2700.0,0.11,3799999.9999999995,0.0,8.2E-6,0.043,0.043,0.0,510.0,2.6,9.9E-25,7.7E-16,2.9E-25,0.0,2.1E7,1.0,7.1E8,
1.5999999999999998E-41,0.0052,2400.0,4800.0,2400.0,3799999.9999999995,4600.0,4900.0,67.0,3800.0,2700.0,0.11,3799999.9999999995,0.0,7.1E-6,0.043,0.043,0.0,510.0,2.6,2.7000000000000002E-27,7.7E-16,9.2E-26,0.0,2.2E7,1.0,7.1E8,
2.3999999999999997E-41,0.012,7400.0,6900.0,3600.0,4800000.0,4600.0,4900.0,67.0,3800.0,2700.0,0.11,4900000.0,0.0,0.91,0.041,0.041,0.0,520.0,6.5,1.1E-8,8.0E-16,4.8E-22,0.0,2.4E7,1.0,7.2E8,
2.3999999999999997E-41,0.012,7400.0,6900.0,3600.0,4600000.0,4600.0,4900.0,67.0,3800.0,2700.0,0.11,4700000.0,0.0,1.9E-5,0.04,0.04,0.0,520.0,7.3,5.5E-10,7.9E-16,2.6E-22,0.0,2.3E7,1.0,7.2E8,
2.3999999999999997E-41,0.012,7400.0,6900.0,3600.0,4500000.0,4600.0,4900.0,67.0,3800.0,2700.0,0.11,4500000.0,0.0,2.2E-5,0.039,0.039,0.0,510.0,7.1,1.0E-11,7.9E-16,1.2E-22,0.0,2.2E7,1.0,7.2E8,
2.3E-41,0.012,7400.0,6900.0,3600.0,4300000.0,4600.0,4900.0,67.0,3800.0,2700.0,0.11,4300000.0,0.0,2.4E-5,0.038,0.038,0.0,510.0,7.0,2.0E-13,7.9E-16,5.2E-23,0.0,2.1E7,1.0,7.1E8,
2.3E-41,0.012,7400.0,6900.0,3600.0,3899999.9999999995,4600.0,4900.0,67.0,3800.0,2700.0,0.11,3999999.9999999995,0.0,2.6E-5,0.036,0.036,0.0,500.0,6.6,9.9E-15,7.8E-16,2.8000000000000003E-23,0.0,2.0E7,1.0,7.1E8,
2.2E-41,0.012,7400.0,6900.0,3600.0,3799999.9999999995,4600.0,4900.0,67.0,3800.0,2700.0,0.11,3899999.9999999995,0.0,2.8E-5,0.036,0.036,0.0,500.0,6.5,7.0E-17,7.8E-16,1.0E-23,0.0,1.9E7,1.0,7.1E8,
2.2E-41,0.012,7400.0,6900.0,3600.0,3799999.9999999995,4600.0,4900.0,67.0,3800.0,2700.0,0.11,3899999.9999999995,0.0,2.8E-5,0.036,0.036,0.0,500.0,6.5,1.8E-19,7.8E-16,3.0999999999999997E-24,0.0,1.9E7,1.0,7.1E8,
2.2E-41,0.012,7400.0,6900.0,3600.0,3799999.9999999995,4600.0,4900.0,67.0,3800.0,2700.0,0.11,3899999.9999999995,0.0,2.6E-5,0.036,0.036,0.0,500.0,6.5,4.8E-22,7.8E-16,9.499999999999999E-25,0.0,2.0E7,1.0,7.1E8,
2.2E-41,0.012,7400.0,6900.0,3600.0,3799999.9999999995,4600.0,4900.0,67.0,3800.0,2700.0,0.11,3899999.9999999995,0.0,2.3E-5,0.036,0.036,0.0,490.0,6.5,1.2E-24,7.8E-16,3.0E-25,0.0,2.1E7,1.0,7.1E8,
2.2E-41,0.012,7400.0,6900.0,3600.0,3799999.9999999995,4600.0,4900.0,67.0,3800.0,2700.0,0.11,3899999.9999999995,0.0,1.9E-5,0.036,0.036,0.0,490.0,6.5,3.6E-27,7.8E-16,1.0999999999999999E-25,0.0,2.2E7,1.0,7.1E8,
2.2E-41,0.012,7400.0,6900.0,3600.0,3799999.9999999995,4600.0,4900.0,67.0,3800.0,2700.0,0.11,3899999.9999999995,0.0,1.6E-5,0.036,0.036,0.0,490.0,6.5,1.3E-29,7.8E-16,4.6E-26,0.0,2.3E7,1.0,7.1E8,
2.2E-41,0.012,7400.0,6900.0,3600.0,3799999.9999999995,4600.0,4900.0,67.0,3800.0,2700.0,0.11,3899999.9999999995,0.0,1.4E-5,0.036,0.036,0.0,490.0,6.5,0.0,7.8E-16,2.5E-26,0.0,2.5E7,1.0,7.1E8,
2.2E-41,0.012,7400.0,6900.0,3600.0,3799999.9999999995,4600.0,4900.0,67.0,3800.0,2700.0,0.11,3899999.9999999995,0.0,1.1E-5,0.036,0.036,0.0,490.0,6.5,1.1E-32,7.8E-16,1.7E-26,0.0,2.6E7,1.0,7.1E8,
2.2E-41,0.012,7400.0,6900.0,3600.0,3799999.9999999995,4600.0,4900.0,67.0,3800.0,2700.0,0.11,3899999.9999999995,0.0,1.1E-5,0.036,0.036,0.0,480.0,6.5,0.0,7.8E-16,1.3E-26,0.0,2.7E7,1.0,7.1E8,
2.2E-41,0.012,7400.0,6900.0,3600.0,3799999.9999999995,4600.0,4900.0,67.0,3800.0,2700.0,0.11,3799999.9999999995,0.0,1.3E-5,0.036,0.036,0.0,480.0,6.5,0.0,7.8E-16,1.4E-26,0.0,2.5E7,1.0,7.0E8,
2.2E-41,0.012,7400.0,6900.0,3600.0,3799999.9999999995,4600.0,4900.0,67.0,3800.0,2700.0,0.11,3799999.9999999995,0.0,1.6E-5,0.036,0.036,0.0,480.0,6.5,0.0,7.8E-16,1.6E-26,0.0,2.3E7,1.0,7.0E8,
2.2E-41,0.012,7400.0,6900.0,3600.0,3799999.9999999995,4600.0,4900.0,67.0,3800.0,2700.0,0.11,3799999.9999999995,0.0,1.7E-5,0.036,0.036,0.0,480.0,6.5,0.0,7.8E-16,1.7E-26,0.0,2.3E7,1.0,7.0E8,
2.2E-41,0.012,7400.0,6900.0,3600.0,3799999.9999999995,4600.0,4900.0,67.0,3800.0,2700.0,0.11,3799999.9999999995,0.0,1.6E-5,0.036,0.036,0.0,480.0,6.5,0.0,7.8E-16,1.8E-26,0.0,2.3E7,1.0,7.0E8,
2.2E-41,0.011,7400.0,6900.0,3600.0,3799999.9999999995,4600.0,4900.0,67.0,3800.0,2700.0,0.11,3799999.9999999995,0.0,1.7E-5,0.036,0.036,0.0,480.0,6.5,0.0,7.7E-16,1.8E-26,0.0,2.2E7,1.0,7.0E8,
2.2E-41,0.011,7400.0,6900.0,3600.0,3799999.9999999995,4600.0,4900.0,67.0,3800.0,2700.0,0.11,3799999.9999999995,0.0,1.9E-5,0.036,0.036,0.0,480.0,6.5,0.0,7.7E-16,1.9E-26,0.0,2.2E7,1.0,7.0E8,
2.2E-41,0.011,7400.0,6900.0,3600.0,3799999.9999999995,4600.0,4900.0,67.0,3800.0,2700.0,0.11,3799999.9999999995,0.0,1.8E-5,0.036,0.036,0.0,480.0,6.5,0.0,7.7E-16,2.0E-26,0.0,2.2E7,1.0,7.0E8,
2.2E-41,0.011,7400.0,6900.0,3600.0,3799999.9999999995,4600.0,4900.0,67.0,3800.0,2700.0,0.11,3799999.9999999995,0.0,1.7E-5,0.036,0.036,0.0,480.0,6.5,0.0,7.7E-16,2.0E-26,0.0,2.2E7,1.0,7.0E8,
2.2E-41,0.011,7400.0,6900.0,3600.0,3799999.9999999995,4600.0,4900.0,67.0,3800.0,2700.0,0.11,3799999.9999999995,0.0,1.5E-5,0.036,0.036,0.0,470.0,6.5,0.0,7.7E-16,1.8E-26,0.0,2.4E7,1.0,7.0E8,
2.2E-41,0.011,7400.0,6900.0,3600.0,3799999.9999999995,4600.0,4900.0,67.0,3800.0,2700.0,0.11,3799999.9999999995,0.0,1.3E-5,0.036,0.036,0.0,470.0,6.5,0.0,7.7E-16,1.6E-26,0.0,2.5E7,1.0,7.0E8,
2.2E-41,0.011,7400.0,6900.0,3600.0,3799999.9999999995,4600.0,4900.0,67.0,3800.0,2700.0,0.11,3799999.9999999995,0.0,1.1E-5,0.036,0.036,0.0,470.0,6.5,0.0,7.7E-16,1.4E-26,0.0,2.6E7,1.0,7.0E8,
2.2E-41,0.011,7400.0,6900.0,3600.0,3799999.9999999995,4600.0,4900.0,67.0,3800.0,2700.0,0.11,3799999.9999999995,0.0,9.4E-6,0.036,0.036,0.0,470.0,6.5,0.0,7.7E-16,1.2E-26,0.0,2.8E7,1.0,7.0E8,
2.2E-41,0.011,7400.0,6900.0,3600.0,3799999.9999999995,4600.0,4900.0,67.0,3800.0,2700.0,0.11,3799999.9999999995,0.0,8.7E-6,0.036,0.036,0.0,460.0,6.5,0.0,7.7E-16,1.0E-26,0.0,2.9E7,1.0,7.0E8,
2.2E-41,0.011,7400.0,6900.0,3600.0,3799999.9999999995,4600.0,4900.0,67.0,3800.0,2700.0,0.11,3799999.9999999995,0.0,1.1E-5,0.036,0.036,0.0,460.0,6.5,0.0,7.7E-16,1.1E-26,0.0,2.6E7,1.0,7.0E8,
2.2E-41,0.011,7400.0,6900.0,3600.0,3799999.9999999995,4600.0,4900.0,67.0,3800.0,2700.0,0.11,3799999.9999999995,0.0,1.2E-5,0.036,0.036,0.0,460.0,6.5,0.0,7.7E-16,1.2E-26,0.0,2.6E7,1.0,7.0E8,
2.2E-41,0.011,7400.0,6900.0,3600.0,3799999.9999999995,4600.0,4900.0,67.0,3800.0,2700.0,0.11,3799999.9999999995,0.0,1.2E-5,0.036,0.036,0.0,460.0,6.5,0.0,7.7E-16,1.3E-26,0.0,2.6E7,1.0,7.0E8,
2.2E-41,0.011,7400.0,6900.0,3600.0,3799999.9999999995,4600.0,4900.0,67.0,3800.0,2700.0,0.11,3799999.9999999995,0.0,1.1E-5,0.036,0.036,0.0,450.0,6.5,0.0,7.7E-16,1.2E-26,0.0,2.6E7,1.0,7.0E8,
2.2E-41,0.011,7400.0,6900.0,3600.0,3799999.9999999995,4600.0,4900.0,67.0,3800.0,2700.0,0.11,3799999.9999999995,0.0,9.6E-6,0.036,0.036,0.0,450.0,6.5,0.0,7.7E-16,1.2E-26,0.0,2.7E7,1.0,7.0E8,
2.2E-41,0.011,7400.0,6900.0,3600.0,3799999.9999999995,4600.0,4900.0,67.0,3800.0,2700.0,0.11,3799999.9999999995,0.0,8.5E-6,0.036,0.036,0.0,440.0,6.5,0.0,7.7E-16,1.0E-26,0.0,2.9E7,1.0,7.0E8,
1.4999999999999999E-40,0.081,35000.0,130000.0,13000.0,4900000.0,8200.0,4900.0,67.0,8500.0,2700.0,0.11,5100000.0,0.0,1.8E-5,0.086,0.086,0.0,510.0,14.0,1.6E-8,8.6E-16,7.1E-21,0.0,3.0E7,1.0,7.2E8,
7.2E-41,0.04,2100.0,54000.0,13000.0,4900000.0,700.0,4900.0,67.0,910.0,2700.0,0.11,5000000.0,0.0,1.8E-5,0.056,0.056,0.0,500.0,14.0,1.2E-10,8.6E-16,1.3E-21,0.0,2.7E7,1.0,7.2E8,
8.5E-42,0.0047,2100.0,3300.0,440.0,4700000.0,700.0,4900.0,66.0,910.0,2700.0,0.11,4800000.0,0.0,7.8E-6,0.031,0.031,0.0,500.0,4.0,6.1E-12,8.6E-16,8.4E-23,0.0,2.6E7,1.0,7.1E8,
8.1E-42,0.0045,2100.0,3300.0,430.0,4300000.0,700.0,4900.0,66.0,910.0,2700.0,0.11,4300000.0,0.0,7.9E-6,0.029,0.029,0.0,500.0,3.7,8.3E-13,8.5E-16,5.3E-23,0.0,2.5E7,1.0,7.1E8,
7.8E-42,0.0043,2100.0,3300.0,430.0,3999999.9999999995,700.0,4900.0,66.0,910.0,2700.0,0.11,3999999.9999999995,0.0,8.8E-6,0.028,0.028,0.0,490.0,3.5,1.5E-14,8.5E-16,2.3E-23,0.0,2.3E7,1.0,7.1E8,
7.6E-42,0.0042,2100.0,3300.0,430.0,3799999.9999999995,700.0,4900.0,66.0,910.0,2700.0,0.11,3799999.9999999995,0.0,9.4E-6,0.027,0.027,0.0,490.0,3.3,7.6E-16,8.4E-16,1.2E-23,0.0,2.2E7,1.0,7.1E8,
7.6E-42,0.0042,2100.0,3300.0,430.0,3799999.9999999995,700.0,4900.0,66.0,910.0,2700.0,0.11,3799999.9999999995,0.0,1.1E-5,0.027,0.027,0.0,480.0,3.3,1.9E-18,8.4E-16,3.7E-24,0.0,2.1E7,1.0,7.1E8,
7.6E-42,0.0042,2100.0,3300.0,430.0,3799999.9999999995,700.0,4900.0,66.0,910.0,2700.0,0.11,3799999.9999999995,0.0,1.1E-5,0.027,0.027,0.0,470.0,3.3,4.9E-21,8.4E-16,1.0999999999999998E-24,0.0,2.1E7,1.0,7.1E8,
7.6E-42,0.0042,2100.0,3300.0,430.0,3799999.9999999995,700.0,4900.0,66.0,910.0,2700.0,0.11,3799999.9999999995,0.0,9.8E-6,0.027,0.027,0.0,470.0,3.3,1.3E-23,8.4E-16,3.4999999999999997E-25,0.0,2.2E7,1.0,7.1E8,
7.6E-42,0.0042,2100.0,3300.0,430.0,3799999.9999999995,700.0,4900.0,66.0,910.0,2700.0,0.11,3799999.9999999995,0.0,8.6E-6,0.027,0.027,0.0,470.0,3.3,3.2E-26,8.4E-16,1.0999999999999999E-25,0.0,2.3E7,1.0,7.1E8,
7.6E-42,0.0042,2100.0,3300.0,430.0,3799999.9999999995,700.0,4900.0,66.0,910.0,2700.0,0.11,3799999.9999999995,0.0,7.4E-6,0.027,0.027,0.0,470.0,3.3,8.3E-29,8.4E-16,4.1E-26,0.0,2.4E7,1.0,7.1E8,
7.6E-42,0.0042,2100.0,3300.0,430.0,3799999.9999999995,700.0,4900.0,66.0,910.0,2700.0,0.11,3799999.9999999995,0.0,6.3E-6,0.027,0.027,0.0,470.0,3.3,2.6E-31,8.4E-16,1.8E-26,0.0,2.6E7,1.0,7.1E8,
7.6E-42,0.0042,2100.0,3300.0,430.0,3799999.9999999995,700.0,4900.0,66.0,910.0,2700.0,0.11,3799999.9999999995,0.0,5.3E-6,0.027,0.027,0.0,460.0,3.3,6.6000000000000005E-34,8.4E-16,1.0E-26,0.0,2.7E7,1.0,7.0E8,
7.6E-42,0.0042,2100.0,3300.0,430.0,3799999.9999999995,700.0,4900.0,66.0,910.0,2700.0,0.11,3799999.9999999995,0.0,5.6E-6,0.027,0.027,0.0,450.0,3.3,2.4E-36,8.3E-16,7.4E-27,0.0,2.6E7,1.0,7.0E8,
7.6E-42,0.0042,2100.0,3300.0,430.0,3799999.9999999995,700.0,4900.0,66.0,910.0,2700.0,0.11,3799999.9999999995,0.0,6.6E-6,0.027,0.027,0.0,450.0,3.3,6.1E-39,8.3E-16,7.5E-27,0.0,2.5E7,1.0,7.0E8,
7.6E-42,0.0042,2100.0,3300.0,430.0,3799999.9999999995,700.0,4900.0,66.0,910.0,2700.0,0.11,3799999.9999999995,0.0,6.7E-6,0.027,0.027,0.0,450.0,3.3,1.5999999999999998E-41,8.4E-16,7.9E-27,0.0,2.5E7,1.0,7.0E8,
7.6E-42,0.0042,2100.0,3300.0,430.0,3799999.9999999995,700.0,4900.0,66.0,910.0,2700.0,0.11,3799999.9999999995,0.0,6.4E-6,0.027,0.027,0.0,440.0,3.3,4.0000000000000003E-44,8.4E-16,7.800000000000001E-27,0.0,2.5E7,1.0,7.0E8,
7.6E-42,0.0042,2100.0,3300.0,430.0,3799999.9999999995,700.0,4900.0,66.0,910.0,2700.0,0.11,3799999.9999999995,0.0,5.8E-6,0.027,0.027,0.0,440.0,3.3,1.1E-46,8.4E-16,7.4E-27,0.0,2.6E7,1.0,7.0E8,
7.6E-42,0.0042,2100.0,3300.0,430.0,3799999.9999999995,700.0,4900.0,66.0,910.0,2700.0,0.11,3799999.9999999995,0.0,5.1E-6,0.027,0.027,0.0,430.0,3.3,1.8E-48,8.3E-16,6.7E-27,0.0,2.7E7,1.0,7.0E8,
7.6E-42,0.0042,2100.0,3300.0,430.0,3799999.9999999995,700.0,4900.0,66.0,910.0,2700.0,0.11,3799999.9999999995,0.0,4.4E-6,0.027,0.027,0.0,420.0,3.3,2.2E-49,8.4E-16,5.9000000000000005E-27,0.0,2.9E7,1.0,7.0E8,
7.6E-42,0.0042,2100.0,3300.0,430.0,3799999.9999999995,700.0,4900.0,66.0,910.0,2700.0,0.11,3799999.9999999995,0.0,3.8E-6,0.027,0.027,0.0,420.0,3.3,1.2E-49,8.4E-16,5.2E-27,0.0,3.0E7,1.0,7.0E8,
7.6E-42,0.0042,2100.0,3300.0,430.0,3799999.9999999995,700.0,4900.0,66.0,910.0,2700.0,0.11,3799999.9999999995,0.0,3.6E-6,0.027,0.027,0.0,410.0,3.3,0.0,8.4E-16,4.5E-27,0.0,3.1E7,1.0,7.0E8,
7.6E-42,0.0042,2100.0,3300.0,430.0,3799999.9999999995,700.0,4900.0,66.0,910.0,2700.0,0.11,3799999.9999999995,0.0,4.6E-6,0.027,0.027,0.0,410.0,3.3,0.0,8.4E-16,4.9000000000000005E-27,0.0,2.8E7,1.0,7.0E8,
7.5E-42,0.0042,2100.0,3300.0,430.0,3799999.9999999995,690.0,4900.0,66.0,910.0,2700.0,0.1,3799999.9999999995,0.0,5.1E-6,0.027,0.027,0.0,410.0,3.3,0.0,8.3E-16,5.5E-27,0.0,2.7E7,1.0,6.9E8,
7.5E-42,0.0042,2100.0,3300.0,430.0,3799999.9999999995,690.0,4900.0,66.0,910.0,2700.0,0.1,3799999.9999999995,0.0,6.4E-6,0.027,0.027,0.0,410.0,3.3,0.0,8.3E-16,6.6E-27,0.0,2.5E7,1.0,6.9E8,
7.5E-42,0.0042,2100.0,3300.0,430.0,3799999.9999999995,690.0,4900.0,66.0,910.0,2700.0,0.1,3799999.9999999995,0.0,6.9E-6,0.027,0.027,0.0,410.0,3.3,0.0,8.3E-16,7.6E-27,0.0,2.4E7,1.0,6.9E8,
7.5E-42,0.0042,2100.0,3300.0,430.0,3799999.9999999995,690.0,4900.0,66.0,910.0,2700.0,0.1,3799999.9999999995,0.0,6.7E-6,0.027,0.027,0.0,400.0,3.3,0.0,8.3E-16,8.0E-27,0.0,2.4E7,1.0,6.9E8,
7.5E-42,0.0042,2100.0,3300.0,430.0,3799999.9999999995,690.0,4900.0,66.0,910.0,2700.0,0.1,3799999.9999999995,0.0,6.2E-6,0.027,0.027,0.0,400.0,3.3,0.0,8.3E-16,7.800000000000001E-27,0.0,2.5E7,1.0,6.9E8,
7.5E-42,0.0042,2100.0,3300.0,430.0,3799999.9999999995,690.0,4900.0,66.0,910.0,2700.0,0.1,3799999.9999999995,0.0,5.5E-6,0.027,0.027,0.0,400.0,3.3,0.0,8.3E-16,7.2E-27,0.0,2.6E7,1.0,6.9E8,
7.5E-42,0.0042,2100.0,3300.0,430.0,3799999.9999999995,690.0,4900.0,66.0,910.0,2700.0,0.1,3799999.9999999995,0.0,4.8E-6,0.027,0.027,0.0,400.0,3.3,0.0,8.3E-16,6.4000000000000005E-27,0.0,2.7E7,1.0,6.9E8,
7.5E-42,0.0042,2100.0,3300.0,430.0,3799999.9999999995,690.0,4900.0,66.0,910.0,2700.0,0.1,3799999.9999999995,0.0,4.2E-6,0.027,0.027,0.0,400.0,3.3,0.0,8.3E-16,5.6E-27,0.0,2.9E7,1.0,6.9E8,
7.5E-42,0.0042,2100.0,3300.0,430.0,3799999.9999999995,690.0,4900.0,66.0,910.0,2700.0,0.1,3799999.9999999995,0.0,3.6E-6,0.027,0.027,0.0,390.0,3.3,0.0,8.3E-16,4.9000000000000005E-27,0.0,3.0E7,1.0,6.9E8,
7.5E-42,0.0042,2100.0,3300.0,430.0,3799999.9999999995,690.0,4900.0,66.0,910.0,2700.0,0.1,3799999.9999999995,0.0,4.2E-6,0.027,0.027,0.0,390.0,3.3,0.0,8.3E-16,4.7E-27,0.0,2.9E7,1.0,6.9E8,
7.5E-42,0.0042,2100.0,3300.0,430.0,3799999.9999999995,690.0,4900.0,66.0,910.0,2700.0,0.1,3799999.9999999995,0.0,5.0E-6,0.027,0.027,0.0,380.0,3.3,0.0,8.3E-16,5.4000000000000005E-27,0.0,2.7E7,1.0,6.9E8,
7.5E-42,0.0042,2100.0,3300.0,430.0,3799999.9999999995,690.0,4900.0,66.0,910.0,2700.0,0.1,3799999.9999999995,0.0,5.2E-6,0.027,0.027,0.0,380.0,3.3,0.0,8.3E-16,5.9000000000000005E-27,0.0,2.7E7,1.0,6.9E8,
7.5E-42,0.0042,2100.0,3300.0,430.0,3799999.9999999995,690.0,4900.0,66.0,910.0,2700.0,0.1,3799999.9999999995,0.0,5.0E-6,0.027,0.027,0.0,380.0,3.3,0.0,8.3E-16,6.0E-27,0.0,2.7E7,1.0,6.9E8,
7.5E-42,0.0042,2100.0,3300.0,430.0,3799999.9999999995,690.0,4900.0,66.0,910.0,2700.0,0.1,3799999.9999999995,0.0,4.6E-6,0.027,0.027,0.0,380.0,3.3,0.0,8.3E-16,5.8E-27,0.0,2.8E7,1.0,6.9E8,
7.5E-42,0.0042,2100.0,3300.0,430.0,3799999.9999999995,690.0,4900.0,66.0,910.0,2700.0,0.1,3799999.9999999995,0.0,4.1E-6,0.027,0.027,0.0,380.0,3.3,0.0,8.3E-16,5.3E-27,0.0,2.9E7,1.0,6.9E8,
7.5E-42,0.0042,2100.0,3300.0,430.0,3799999.9999999995,690.0,4900.0,66.0,910.0,2700.0,0.1,3799999.9999999995,0.0,3.6E-6,0.027,0.027,0.0,370.0,3.3,0.0,8.3E-16,4.8E-27,0.0,3.0E7,1.0,6.9E8,
7.5E-42,0.0042,2100.0,3300.0,430.0,3799999.9999999995,690.0,4900.0,66.0,910.0,2700.0,0.1,3799999.9999999995,0.0,3.2E-6,0.027,0.027,0.0,360.0,3.3,0.0,8.3E-16,4.2E-27,0.0,3.2E7,1.0,6.9E8,
7.5E-42,0.0042,2100.0,3300.0,430.0,3799999.9999999995,690.0,4900.0,66.0,910.0,2700.0,0.1,3799999.9999999995,0.0,3.3E-6,0.027,0.027,0.0,360.0,3.3,0.0,8.3E-16,3.8E-27,0.0,3.2E7,1.0,6.9E8,
5.0E-41,0.032,38000.0,61000.0,10000.0,5000000.0,19000.0,11000.0,1600.0,910.0,2700.0,0.11,5200000.0,0.0,0.3,0.051,0.051,0.0,440.0,11.0,1.6E-8,9.4E-16,5.399999999999999E-22,0.0,3.0E7,1.0,7.2E8,
6.8E-42,0.0044,45.0,2900.0,2600.0,4900000.0,1600.0,3400.0,1600.0,910.0,2700.0,0.11,4900000.0,0.0,8.5E-6,0.028,0.028,0.0,440.0,5.7,8.2E-10,9.4E-16,4.1E-23,0.0,2.8E7,1.0,7.1E8,
6.7E-42,0.0044,45.0,2900.0,2600.0,4800000.0,1600.0,3400.0,1600.0,910.0,2700.0,0.11,4800000.0,0.0,1.0E-5,0.027,0.027,0.0,430.0,5.6,5.6E-12,9.4E-16,1.5E-23,0.0,2.6E7,1.0,7.1E8,
6.7E-42,0.0044,45.0,2900.0,2600.0,4700000.0,1600.0,3400.0,1600.0,910.0,2700.0,0.11,4700000.0,0.0,1.3E-5,0.027,0.027,0.0,440.0,5.5,3.8E-14,9.4E-16,5.3999999999999994E-24,0.0,2.4E7,1.0,7.1E8,
6.4E-42,0.0042,45.0,2900.0,2600.0,4300000.0,1600.0,3400.0,1600.0,910.0,2700.0,0.1,4300000.0,0.0,1.3E-5,0.026,0.026,0.0,440.0,5.2,1.9E-15,9.3E-16,2.9E-24,0.0,2.3E7,1.0,7.1E8,
6.2E-42,0.004,45.0,2900.0,2600.0,3899999.9999999995,1600.0,3400.0,1600.0,910.0,2700.0,0.1,3999999.9999999995,0.0,1.4E-5,0.025,0.025,0.0,430.0,5.0,9.5E-17,9.2E-16,1.4999999999999998E-24,0.0,2.2E7,1.0,7.1E8,
6.1E-42,0.004,45.0,2900.0,2600.0,3799999.9999999995,1600.0,3400.0,1600.0,910.0,2700.0,0.1,3799999.9999999995,0.0,1.6E-5,0.024,0.024,0.0,430.0,4.9,1.8E-18,9.2E-16,6.9E-25,0.0,2.1E7,1.0,7.0E8,
6.1E-42,0.004,45.0,2900.0,2600.0,3799999.9999999995,1600.0,3300.0,1600.0,900.0,2700.0,0.1,3799999.9999999995,0.0,1.7E-5,0.024,0.024,0.0,430.0,4.8,4.5E-21,9.2E-16,2.1999999999999997E-25,0.0,2.0E7,1.0,7.0E8,
6.1E-42,0.004,45.0,2900.0,2600.0,3799999.9999999995,1600.0,3300.0,1600.0,900.0,2700.0,0.1,3799999.9999999995,0.0,1.6E-5,0.024,0.024,0.0,430.0,4.8,1.1E-23,9.2E-16,8.2E-26,0.0,2.1E7,1.0,7.0E8,
6.1E-42,0.004,45.0,2900.0,2600.0,3799999.9999999995,1600.0,3300.0,1600.0,900.0,2700.0,0.1,3799999.9999999995,0.0,1.5E-5,0.024,0.024,0.0,430.0,4.8,2.9E-26,9.2E-16,3.9E-26,0.0,2.2E7,1.0,7.0E8,
6.1E-42,0.004,45.0,2900.0,2600.0,3799999.9999999995,1600.0,3300.0,1600.0,900.0,2700.0,0.1,3799999.9999999995,0.0,1.3E-5,0.024,0.024,0.0,430.0,4.8,7.1E-29,9.2E-16,2.4E-26,0.0,2.3E7,1.0,7.0E8,
6.1E-42,0.004,45.0,2900.0,2600.0,3799999.9999999995,1600.0,3300.0,1600.0,900.0,2700.0,0.1,3799999.9999999995,0.0,1.1E-5,0.024,0.024,0.0,420.0,4.8,1.7999999999999998E-31,9.2E-16,1.8E-26,0.0,2.4E7,1.0,7.0E8,
6.1E-42,0.004,45.0,2900.0,2600.0,3799999.9999999995,1600.0,3300.0,1600.0,900.0,2700.0,0.1,3799999.9999999995,0.0,9.1E-6,0.024,0.024,0.0,420.0,4.8,3.7E-32,9.2E-16,1.4E-26,0.0,2.6E7,1.0,7.0E8,
6.1E-42,0.004,45.0,2900.0,2600.0,3799999.9999999995,1600.0,3300.0,1600.0,900.0,2700.0,0.1,3799999.9999999995,0.0,7.7E-6,0.024,0.024,0.0,420.0,4.8,7.2E-33,9.2E-16,1.2E-26,0.0,2.7E7,1.0,7.0E8,
6.1E-42,0.004,45.0,2900.0,2600.0,3799999.9999999995,1600.0,3300.0,1600.0,900.0,2700.0,0.1,3799999.9999999995,0.0,7.1E-6,0.024,0.024,0.0,420.0,4.8,1.0E-33,9.2E-16,1.0E-26,0.0,2.8E7,1.0,7.0E8,
6.1E-42,0.004,45.0,2900.0,2600.0,3799999.9999999995,1600.0,3300.0,1600.0,900.0,2700.0,0.1,3799999.9999999995,0.0,8.8E-6,0.024,0.024,0.0,420.0,4.8,2.6E-36,9.2E-16,1.1E-26,0.0,2.6E7,1.0,7.0E8,
6.1E-42,0.004,45.0,2900.0,2600.0,3799999.9999999995,1600.0,3300.0,1600.0,900.0,2700.0,0.1,3799999.9999999995,0.0,9.5E-6,0.024,0.024,0.0,420.0,4.8,6.5E-39,9.2E-16,1.2E-26,0.0,2.5E7,1.0,7.0E8,
8.199999999999999E-41,0.056,10000.0,120000.0,2900.0,5100000.0,1600.0,3300.0,1600.0,900.0,23000.0,0.11,5200000.0,0.0,2.2E-5,0.45,0.45,0.0,460.0,9.1,1.2E-10,1.1E-15,2.4E-21,0.0,2.4E7,1.0,7.2E8,
7.4E-42,0.0051,2900.0,3900.0,2800.0,4800000.0,1600.0,3300.0,1600.0,900.0,840.0,0.1,4800000.0,0.0,2.4E-5,0.07,0.07,0.0,470.0,8.6,6.1E-12,1.0E-15,1.2E-22,0.0,2.3E7,1.0,7.2E8,
7.2E-42,0.005,2900.0,3900.0,2800.0,4500000.0,1600.0,3300.0,1600.0,900.0,840.0,0.1,4500000.0,0.0,2.5E-5,0.066,0.066,0.0,460.0,8.2,3.0E-13,1.0E-15,6.5E-23,0.0,2.2E7,1.0,7.2E8,
7.1E-42,0.0049,2900.0,3900.0,2800.0,4300000.0,1600.0,3300.0,1600.0,900.0,840.0,0.1,4300000.0,0.0,2.8E-5,0.064,0.064,0.0,460.0,8.1,5.6E-15,1.0E-15,2.9E-23,0.0,2.1E7,1.0,7.1E8,
7.0E-42,0.0048,2900.0,3900.0,2800.0,4200000.0,1600.0,3300.0,1600.0,900.0,840.0,0.1,4200000.0,0.0,3.2E-5,0.063,0.063,0.0,450.0,8.0,3.9E-17,1.0E-15,1.1E-23,0.0,2.0E7,1.0,7.1E8,
3.0E-41,0.04,20000.0,43000.0,27000.0,5200000.0,1600.0,3300.0,1600.0,900.0,840.0,0.1,5300000.0,0.0,5.7,0.084,0.084,0.0,470.0,8.9,6.5E-8,1.1E-15,3.3E-21,0.0,1.9E7,1.0,7.3E8,
1.1999999999999999E-41,0.016,76.0,20000.0,4300.0,5200000.0,1600.0,3300.0,1600.0,900.0,840.0,0.1,5200000.0,0.0,2.2E-5,0.055,0.055,0.0,470.0,4.3,1.7E-10,1.1E-15,3.8999999999999995E-22,0.0,1.9E7,1.0,7.3E8,
4.8E-42,0.0063,76.0,2500.0,4300.0,5000000.0,1600.0,3300.0,1600.0,900.0,840.0,0.1,5000000.0,0.0,2.2E-5,0.042,0.042,0.0,460.0,4.2,6.3E-11,1.1E-15,1.3E-22,0.0,1.8E7,1.0,7.2E8,
4.6E-42,0.0061,76.0,2500.0,4300.0,4600000.0,1600.0,3300.0,1600.0,900.0,830.0,0.1,4600000.0,0.0,2.2E-5,0.039,0.039,0.0,460.0,4.0,8.5E-12,1.1E-15,8.3E-23,0.0,1.8E7,1.0,7.2E8,
4.5E-42,0.0059,76.0,2500.0,4300.0,4300000.0,1600.0,3300.0,1500.0,890.0,830.0,0.1,4300000.0,0.0,2.3E-5,0.037,0.037,0.0,460.0,3.9,1.6E-13,1.0E-15,3.6E-23,0.0,1.7E7,1.0,7.2E8,
4.3E-42,0.0057,76.0,2500.0,4300.0,3899999.9999999995,1600.0,3300.0,1500.0,890.0,830.0,0.1,3899999.9999999995,0.0,2.2E-5,0.035,0.035,0.0,450.0,3.7,7.8E-15,1.0E-15,1.9E-23,0.0,1.7E7,1.0,7.1E8,
4.3E-42,0.0057,76.0,2500.0,4300.0,3899999.9999999995,1600.0,3300.0,1500.0,890.0,830.0,0.1,3899999.9999999995,0.0,2.3E-5,0.035,0.035,0.0,450.0,3.7,5.4E-17,1.0E-15,7.0E-24,0.0,1.7E7,1.0,7.1E8,
4.3E-42,0.0057,76.0,2500.0,4300.0,3899999.9999999995,1600.0,3300.0,1500.0,890.0,830.0,0.1,3899999.9999999995,0.0,2.2E-5,0.035,0.035,0.0,450.0,3.7,1.4E-19,1.0E-15,2.1E-24,0.0,1.7E7,1.0,7.1E8,
4.3E-42,0.0057,76.0,2500.0,4300.0,3899999.9999999995,1600.0,3300.0,1500.0,890.0,830.0,0.1,3899999.9999999995,0.0,1.9E-5,0.035,0.035,0.0,440.0,3.7,3.4999999999999996E-22,1.0E-15,6.699999999999999E-25,0.0,1.8E7,1.0,7.1E8,
4.3E-42,0.0057,76.0,2500.0,4300.0,3899999.9999999995,1600.0,3300.0,1500.0,890.0,830.0,0.1,3899999.9999999995,0.0,1.6E-5,0.035,0.035,0.0,440.0,3.7,8.799999999999999E-25,1.0E-15,2.1999999999999997E-25,0.0,1.9E7,1.0,7.1E8,
4.3E-42,0.0057,76.0,2500.0,4300.0,3899999.9999999995,1600.0,3300.0,1500.0,890.0,830.0,0.1,3899999.9999999995,0.0,1.3E-5,0.035,0.035,0.0,440.0,3.7,2.3E-27,1.0E-15,8.0E-26,0.0,2.1E7,1.0,7.1E8,
4.3E-42,0.0057,76.0,2500.0,4300.0,3899999.9999999995,1600.0,3300.0,1500.0,890.0,830.0,0.1,3899999.9999999995,0.0,1.1E-5,0.035,0.035,0.0,440.0,3.7,7.8E-30,1.0E-15,3.6E-26,0.0,2.2E7,1.0,7.1E8,
4.3E-42,0.0057,76.0,2500.0,4300.0,3899999.9999999995,1600.0,3300.0,1500.0,890.0,830.0,0.1,3899999.9999999995,0.0,8.9E-6,0.035,0.035,0.0,440.0,3.7,0.0,1.0E-15,2.1E-26,0.0,2.4E7,1.0,7.1E8,
4.3E-42,0.0057,76.0,2500.0,4300.0,3899999.9999999995,1600.0,3300.0,1500.0,890.0,830.0,0.1,3899999.9999999995,0.0,7.4E-6,0.035,0.035,0.0,440.0,3.7,2.2E-32,1.0E-15,1.4E-26,0.0,2.5E7,1.0,7.1E8,
4.3E-42,0.0057,76.0,2500.0,4300.0,3899999.9999999995,1600.0,3300.0,1500.0,890.0,830.0,0.1,3899999.9999999995,0.0,7.2E-6,0.035,0.035,0.0,440.0,3.7,0.0,1.0E-15,1.1E-26,0.0,2.6E7,1.0,7.1E8,
4.3E-42,0.0057,76.0,2500.0,4300.0,3899999.9999999995,1600.0,3300.0,1500.0,890.0,830.0,0.1,3899999.9999999995,0.0,8.5E-6,0.035,0.035,0.0,430.0,3.7,0.0,1.0E-15,1.2E-26,0.0,2.4E7,1.0,7.1E8,
4.3E-42,0.0057,76.0,2500.0,4300.0,3899999.9999999995,1600.0,3300.0,1500.0,890.0,830.0,0.1,3899999.9999999995,0.0,8.7E-6,0.035,0.035,0.0,430.0,3.7,0.0,1.0E-15,1.2E-26,0.0,2.4E7,1.0,7.1E8,
4.3E-42,0.0057,76.0,2500.0,4300.0,3899999.9999999995,1600.0,3300.0,1500.0,890.0,830.0,0.1,3899999.9999999995,0.0,8.2E-6,0.035,0.035,0.0,430.0,3.7,0.0,1.0E-15,1.2E-26,0.0,2.4E7,1.0,7.1E8,
4.3E-42,0.0057,76.0,2500.0,4300.0,3899999.9999999995,1600.0,3300.0,1500.0,890.0,830.0,0.1,3899999.9999999995,0.0,7.4E-6,0.035,0.035,0.0,430.0,3.7,0.0,1.0E-15,1.2E-26,0.0,2.5E7,1.0,7.1E8,
4.3E-42,0.0057,76.0,2500.0,4300.0,3899999.9999999995,1600.0,3300.0,1500.0,890.0,830.0,0.1,3899999.9999999995,0.0,6.4E-6,0.035,0.035,0.0,430.0,3.7,0.0,1.0E-15,1.0E-26,0.0,2.7E7,1.0,7.1E8,
4.3E-42,0.0057,76.0,2500.0,4300.0,3899999.9999999995,1600.0,3300.0,1500.0,890.0,830.0,0.1,3899999.9999999995,0.0,5.6E-6,0.035,0.035,0.0,430.0,3.7,0.0,1.0E-15,9.1E-27,0.0,2.8E7,1.0,7.1E8,
4.3E-42,0.0057,76.0,2500.0,4300.0,3899999.9999999995,1600.0,3300.0,1500.0,890.0,830.0,0.1,3899999.9999999995,0.0,4.8E-6,0.035,0.035,0.0,420.0,3.7,0.0,1.0E-15,7.9E-27,0.0,3.0E7,1.0,7.1E8,
4.3E-42,0.0057,76.0,2500.0,4300.0,3899999.9999999995,1600.0,3300.0,1500.0,890.0,830.0,0.1,3899999.9999999995,0.0,4.1E-6,0.035,0.035,0.0,420.0,3.7,0.0,1.0E-15,6.9E-27,0.0,3.1E7,1.0,7.1E8,
4.3E-42,0.0057,76.0,2500.0,4300.0,3899999.9999999995,1600.0,3300.0,1500.0,890.0,830.0,0.1,3899999.9999999995,0.0,5.4E-6,0.035,0.035,0.0,420.0,3.7,0.0,1.0E-15,7.1E-27,0.0,2.8E7,1.0,7.1E8,
4.3E-42,0.0057,76.0,2500.0,4300.0,3899999.9999999995,1600.0,3300.0,1500.0,890.0,830.0,0.1,3899999.9999999995,0.0,6.1E-6,0.035,0.035,0.0,420.0,3.7,0.0,1.0E-15,8.1E-27,0.0,2.7E7,1.0,7.1E8,
4.3E-42,0.0057,76.0,2500.0,4300.0,3899999.9999999995,1600.0,3300.0,1500.0,890.0,830.0,0.1,3899999.9999999995,0.0,6.1E-6,0.035,0.035,0.0,420.0,3.7,0.0,1.0E-15,8.7E-27,0.0,2.7E7,1.0,7.1E8,
4.3E-42,0.0057,76.0,2500.0,4300.0,3799999.9999999995,1600.0,3300.0,1500.0,890.0,830.0,0.1,3799999.9999999995,0.0,6.1E-6,0.034,0.034,0.0,420.0,3.7,0.0,1.0E-15,8.6E-27,0.0,2.7E7,1.0,7.1E8,
4.3E-42,0.0057,76.0,2500.0,4300.0,3799999.9999999995,1600.0,3300.0,1500.0,890.0,830.0,0.1,3799999.9999999995,0.0,7.5E-6,0.034,0.034,0.0,420.0,3.7,0.0,1.0E-15,9.7E-27,0.0,2.5E7,1.0,7.1E8,
4.3E-42,0.0057,76.0,2500.0,4300.0,3799999.9999999995,1600.0,3300.0,1500.0,890.0,830.0,0.1,3799999.9999999995,0.0,7.9E-6,0.034,0.034,0.0,410.0,3.7,0.0,1.0E-15,1.1E-26,0.0,2.4E7,1.0,7.1E8,
4.3E-42,0.0057,76.0,2500.0,4300.0,3799999.9999999995,1600.0,3300.0,1500.0,890.0,830.0,0.1,3799999.9999999995,0.0,7.6E-6,0.034,0.034,0.0,410.0,3.7,0.0,1.0E-15,1.1E-26,0.0,2.5E7,1.0,7.1E8,
4.3E-42,0.0057,76.0,2500.0,4300.0,3799999.9999999995,1600.0,3300.0,1500.0,890.0,830.0,0.1,3799999.9999999995,0.0,6.9E-6,0.034,0.034,0.0,410.0,3.7,0.0,1.0E-15,1.1E-26,0.0,2.6E7,1.0,7.1E8,
4.3E-42,0.0057,76.0,2500.0,4300.0,3799999.9999999995,1600.0,3300.0,1500.0,890.0,830.0,0.1,3799999.9999999995,0.0,6.1E-6,0.034,0.034,0.0,410.0,3.7,0.0,1.0E-15,9.800000000000001E-27,0.0,2.7E7,1.0,7.1E8,
4.3E-42,0.0057,76.0,2500.0,4300.0,3799999.9999999995,1600.0,3300.0,1500.0,890.0,830.0,0.1,3799999.9999999995,0.0,5.3E-6,0.034,0.034,0.0,400.0,3.7,0.0,1.0E-15,8.7E-27,0.0,2.8E7,1.0,7.1E8,
3.6E-41,0.038,4400.0,86000.0,4600.0,5000000.0,2000.0,3300.0,1500.0,890.0,830.0,0.1,5100000.0,0.0,4.6,0.065,0.065,0.0,460.0,3.1,7.7E-8,1.2E-15,6.5E-21,0.0,3.0E7,1.0,7.2E8,
4.7E-42,0.005,4400.0,3200.0,4600.0,4700000.0,1900.0,3300.0,1500.0,890.0,830.0,0.1,4800000.0,0.0,1.3E-5,0.027,0.027,0.0,460.0,7.4,5.4E-10,1.2E-15,3.0999999999999997E-22,0.0,2.7E7,1.0,7.2E8,
4.5E-42,0.0048,4400.0,3200.0,4600.0,4300000.0,1900.0,3300.0,1500.0,890.0,830.0,0.1,4300000.0,0.0,1.5E-5,0.025,0.025,0.0,460.0,7.0,9.9E-12,1.2E-15,1.4E-22,0.0,2.5E7,1.0,7.2E8,
4.4E-42,0.0047,4400.0,3200.0,4600.0,4099999.9999999995,1900.0,3300.0,1500.0,890.0,830.0,0.1,4099999.9999999995,0.0,1.7E-5,0.024,0.024,0.0,460.0,6.8,5.0E-13,1.2E-15,7.3E-23,0.0,2.4E7,1.0,7.1E8,
4.3E-42,0.0046,4400.0,3200.0,4600.0,3799999.9999999995,1900.0,3300.0,1500.0,890.0,830.0,0.1,3899999.9999999995,0.0,1.9E-5,0.023,0.023,0.0,460.0,6.7,3.4E-15,1.2E-15,2.6E-23,0.0,2.2E7,1.0,7.1E8,
4.3E-42,0.0046,4400.0,3200.0,4600.0,3799999.9999999995,1900.0,3300.0,1500.0,890.0,830.0,0.1,3899999.9999999995,0.0,2.1E-5,0.023,0.023,0.0,450.0,6.7,8.8E-18,1.2E-15,7.899999999999999E-24,0.0,2.1E7,1.0,7.1E8,
4.3E-42,0.0046,4400.0,3200.0,4600.0,3799999.9999999995,1900.0,3300.0,1500.0,890.0,830.0,0.1,3899999.9999999995,0.0,2.0E-5,0.023,0.023,0.0,450.0,6.7,2.3E-20,1.2E-15,2.4E-24,0.0,2.2E7,1.0,7.1E8,
4.3E-42,0.0046,4400.0,3200.0,4600.0,3799999.9999999995,1900.0,3300.0,1500.0,890.0,830.0,0.1,3899999.9999999995,0.0,1.8E-5,0.023,0.023,0.0,450.0,6.7,5.8E-23,1.2E-15,7.5E-25,0.0,2.2E7,1.0,7.1E8,
4.3E-42,0.0046,4400.0,3200.0,4600.0,3799999.9999999995,1900.0,3300.0,1500.0,890.0,830.0,0.1,3899999.9999999995,0.0,1.6E-5,0.023,0.023,0.0,450.0,6.7,1.5999999999999998E-25,1.2E-15,2.5E-25,0.0,2.4E7,1.0,7.1E8,
4.3E-42,0.0046,4400.0,3200.0,4600.0,3799999.9999999995,1900.0,3300.0,1500.0,890.0,830.0,0.099,3899999.9999999995,0.0,1.4E-5,0.023,0.023,0.0,450.0,6.7,4.9E-28,1.2E-15,9.1E-26,0.0,2.5E7,1.0,7.0E8,
4.3E-42,0.0046,4400.0,3100.0,4600.0,3799999.9999999995,1900.0,3300.0,1500.0,890.0,830.0,0.099,3799999.9999999995,0.0,1.5E-5,0.023,0.023,0.0,450.0,6.6,2.6000000000000002E-30,1.2E-15,4.8E-26,0.0,2.4E7,1.0,7.0E8,
4.3E-42,0.0046,4400.0,3100.0,4600.0,3799999.9999999995,1900.0,3300.0,1500.0,890.0,830.0,0.099,3799999.9999999995,0.0,1.7E-5,0.023,0.023,0.0,450.0,6.6,6.6E-33,1.2E-15,3.3E-26,0.0,2.3E7,1.0,7.0E8,
3.5E-42,0.0045,480.0,1200.0,3400.0,5100000.0,1900.0,3300.0,1500.0,890.0,830.0,0.1,5100000.0,0.0,1.2E-5,0.025,0.025,0.0,480.0,4.5,3.0E-9,1.2E-15,3.4E-22,0.0,2.3E7,1.0,7.2E8,
3.4E-42,0.0042,480.0,1200.0,3400.0,4500000.0,1900.0,3300.0,1500.0,890.0,830.0,0.1,4600000.0,0.0,1.3E-5,0.023,0.023,0.0,490.0,4.2,5.5E-11,1.2E-15,1.5E-22,0.0,2.1E7,1.0,7.1E8,
3.2E-42,0.004,480.0,1200.0,3400.0,4099999.9999999995,1900.0,3300.0,1500.0,890.0,830.0,0.099,4099999.9999999995,0.0,1.4E-5,0.021,0.021,0.0,490.0,4.0,2.7E-12,1.2E-15,7.6E-23,0.0,2.1E7,1.0,7.1E8,
3.1E-42,0.0039,480.0,1200.0,3400.0,3799999.9999999995,1900.0,3300.0,1500.0,890.0,830.0,0.099,3799999.9999999995,0.0,1.5E-5,0.02,0.02,0.0,490.0,3.8,1.9E-14,1.2E-15,2.7E-23,0.0,1.9E7,1.0,7.1E8,
3.1E-42,0.0039,480.0,1200.0,3400.0,3799999.9999999995,1900.0,3300.0,1500.0,890.0,830.0,0.099,3799999.9999999995,0.0,1.7E-5,0.02,0.02,0.0,490.0,3.8,4.7E-17,1.2E-15,8.199999999999999E-24,0.0,1.9E7,1.0,7.1E8,
3.1E-42,0.0039,480.0,1200.0,3400.0,3799999.9999999995,1900.0,3300.0,1500.0,880.0,820.0,0.099,3799999.9999999995,0.0,1.6E-5,0.02,0.02,0.0,490.0,3.8,1.2E-19,1.2E-15,2.5E-24,0.0,1.9E7,1.0,7.1E8,
3.1E-42,0.0039,480.0,1200.0,3400.0,3799999.9999999995,1900.0,3300.0,1500.0,880.0,820.0,0.099,3799999.9999999995,0.0,1.4E-5,0.02,0.02,0.0,490.0,3.8,3.0E-22,1.2E-15,7.699999999999999E-25,0.0,2.0E7,1.0,7.1E8,
3.1E-42,0.0039,480.0,1200.0,3400.0,3799999.9999999995,1900.0,3300.0,1500.0,880.0,820.0,0.099,3799999.9999999995,0.0,1.2E-5,0.02,0.02,0.0,480.0,3.8,7.699999999999999E-25,1.2E-15,2.5E-25,0.0,2.1E7,1.0,7.1E8,
3.5E-41,0.044,21000.0,110000.0,9200.0,5100000.0,1900.0,3300.0,1500.0,880.0,820.0,0.1,5200000.0,0.0,1.3E-5,0.05,0.05,0.0,500.0,3.8,6.9E-9,1.3E-15,1.3E-21,0.0,2.1E7,1.0,7.2E8,
2.0E-41,0.025,21000.0,64000.0,1700.0,5100000.0,1900.0,3300.0,1500.0,880.0,820.0,0.1,5200000.0,0.0,7.2E-6,0.034,0.034,0.0,500.0,1.8,5.2E-11,1.3E-15,2.6999999999999997E-22,0.0,2.0E7,1.0,7.2E8,
2.1E-42,0.0027,3000.0,1100.0,1700.0,4900000.0,1900.0,3300.0,1500.0,880.0,820.0,0.1,4900000.0,0.0,7.4E-6,0.016,0.016,0.0,500.0,1.7,2.7E-12,1.3E-15,1.6000000000000002E-23,0.0,1.9E7,1.0,7.2E8,
2.1E-42,0.0026,3000.0,1100.0,1700.0,4700000.0,1900.0,3300.0,1500.0,880.0,820.0,0.099,4700000.0,0.0,7.7E-6,0.016,0.016,0.0,490.0,1.7,1.3E-13,1.2E-15,8.599999999999999E-24,0.0,1.9E7,1.0,7.2E8,
2.0E-42,0.0025,3000.0,1100.0,1700.0,4300000.0,1900.0,3300.0,1500.0,880.0,820.0,0.099,4300000.0,0.0,8.0E-6,0.015,0.015,0.0,490.0,1.6,2.5E-15,1.2E-15,3.7E-24,0.0,1.8E7,1.0,7.1E8,
1.8E-42,0.0023,3000.0,1100.0,1700.0,3799999.9999999995,1900.0,3300.0,1500.0,880.0,820.0,0.098,3799999.9999999995,0.0,7.9E-6,0.014,0.014,0.0,490.0,1.5,1.2E-16,1.2E-15,1.8999999999999998E-24,0.0,1.8E7,1.0,7.1E8,
1.8E-42,0.0023,3000.0,1100.0,1700.0,3799999.9999999995,1900.0,3300.0,1500.0,880.0,820.0,0.098,3799999.9999999995,0.0,7.9E-6,0.014,0.014,0.0,480.0,1.5,3.1E-19,1.2E-15,5.8E-25,0.0,1.8E7,1.0,7.1E8,
1.8E-42,0.0023,3000.0,1100.0,1700.0,3799999.9999999995,1900.0,3300.0,1500.0,880.0,820.0,0.098,3799999.9999999995,0.0,7.2E-6,0.014,0.014,0.0,480.0,1.5,7.999999999999999E-22,1.2E-15,1.8E-25,0.0,1.8E7,1.0,7.1E8,
1.8E-42,0.0023,3000.0,1100.0,1700.0,3799999.9999999995,1900.0,3300.0,1500.0,880.0,820.0,0.098,3799999.9999999995,0.0,6.2E-6,0.014,0.014,0.0,480.0,1.5,2.0E-24,1.2E-15,6.299999999999999E-26,0.0,1.9E7,1.0,7.1E8,
1.8E-42,0.0023,3000.0,1100.0,1700.0,3799999.9999999995,1900.0,3300.0,1500.0,880.0,820.0,0.098,3799999.9999999995,0.0,5.2E-6,0.014,0.014,0.0,480.0,1.5,5.1E-27,1.2E-15,2.6E-26,0.0,2.0E7,1.0,7.1E8,
1.8E-42,0.0023,3000.0,1100.0,1700.0,3799999.9999999995,1900.0,3300.0,1500.0,880.0,820.0,0.098,3799999.9999999995,0.0,4.3E-6,0.014,0.014,0.0,480.0,1.5,1.5999999999999999E-29,1.2E-15,1.3E-26,0.0,2.2E7,1.0,7.1E8,
1.8E-42,0.0023,3000.0,1100.0,1700.0,3799999.9999999995,1900.0,3300.0,1500.0,880.0,820.0,0.098,3799999.9999999995,0.0,3.5E-6,0.014,0.014,0.0,480.0,1.5,5.3E-32,1.2E-15,8.7E-27,0.0,2.3E7,1.0,7.1E8,
1.8E-42,0.0023,3000.0,1100.0,1700.0,3799999.9999999995,1900.0,3300.0,1500.0,880.0,820.0,0.098,3799999.9999999995,0.0,2.9E-6,0.014,0.014,0.0,470.0,1.5,0.0,1.2E-15,6.5E-27,0.0,2.5E7,1.0,7.1E8,
1.8E-42,0.0023,3000.0,1100.0,1700.0,3799999.9999999995,1900.0,3300.0,1500.0,880.0,820.0,0.098,3799999.9999999995,0.0,2.5E-6,0.014,0.014,0.0,470.0,1.5,2.5E-35,1.2E-15,5.2E-27,0.0,2.7E7,1.0,7.1E8,
1.8E-42,0.0023,3000.0,1100.0,1700.0,3799999.9999999995,1900.0,3300.0,1500.0,880.0,820.0,0.097,3799999.9999999995,0.0,3.0E-6,0.013,0.013,0.0,460.0,1.5,1.7E-37,1.2E-15,5.0E-27,0.0,2.4E7,1.0,7.0E8,
1.8E-42,0.0023,3000.0,1100.0,1700.0,3799999.9999999995,1900.0,3300.0,1500.0,880.0,820.0,0.097,3799999.9999999995,0.0,3.4E-6,0.013,0.013,0.0,460.0,1.5,4.4E-40,1.2E-15,5.5E-27,0.0,2.4E7,1.0,7.0E8,
1.8E-42,0.0023,3000.0,1100.0,1700.0,3799999.9999999995,1900.0,3300.0,1500.0,880.0,820.0,0.097,3799999.9999999995,0.0,3.4E-6,0.013,0.013,0.0,460.0,1.5,1.1E-42,1.2E-15,5.8E-27,0.0,2.4E7,1.0,7.0E8,
1.8E-42,0.0023,3000.0,1100.0,1700.0,3799999.9999999995,1900.0,3300.0,1500.0,880.0,820.0,0.097,3799999.9999999995,0.0,3.1E-6,0.013,0.013,0.0,460.0,1.5,2.8E-45,1.2E-15,5.7000000000000004E-27,0.0,2.4E7,1.0,7.0E8,
1.8E-42,0.0023,3000.0,1100.0,1700.0,3799999.9999999995,1900.0,3300.0,1500.0,880.0,820.0,0.097,3799999.9999999995,0.0,2.8E-6,0.013,0.013,0.0,460.0,1.5,8.700000000000001E-48,1.2E-15,5.3E-27,0.0,2.5E7,1.0,7.0E8,
1.8E-42,0.0023,3000.0,1100.0,1700.0,3799999.9999999995,1900.0,3300.0,1500.0,880.0,820.0,0.097,3799999.9999999995,0.0,2.4E-6,0.013,0.013,0.0,460.0,1.5,9.8E-51,1.2E-15,4.7E-27,0.0,2.7E7,1.0,7.0E8,
1.8E-42,0.0023,3000.0,1100.0,1700.0,3799999.9999999995,1900.0,3300.0,1500.0,880.0,820.0,0.097,3799999.9999999995,0.0,2.1E-6,0.013,0.013,0.0,460.0,1.5,5.1E-50,1.2E-15,4.1E-27,0.0,2.8E7,1.0,7.0E8,
1.8E-42,0.0023,3000.0,1100.0,1700.0,3799999.9999999995,1900.0,3300.0,1500.0,880.0,820.0,0.097,3799999.9999999995,0.0,1.8E-6,0.013,0.013,0.0,460.0,1.5,8.2E-52,1.2E-15,3.6E-27,0.0,3.0E7,1.0,7.0E8,
1.8E-42,0.0023,3000.0,1100.0,1700.0,3799999.9999999995,1900.0,3300.0,1500.0,880.0,820.0,0.097,3799999.9999999995,0.0,1.8E-6,0.013,0.013,0.0,450.0,1.5,0.0,1.2E-15,3.2000000000000003E-27,0.0,2.9E7,1.0,7.0E8,
1.8E-42,0.0023,3000.0,1100.0,1700.0,3799999.9999999995,1900.0,3300.0,1500.0,880.0,820.0,0.097,3799999.9999999995,0.0,2.2E-6,0.013,0.013,0.0,450.0,1.5,0.0,1.2E-15,3.5E-27,0.0,2.7E7,1.0,7.0E8,
1.8E-42,0.0023,3000.0,1100.0,1700.0,3799999.9999999995,1900.0,3300.0,1500.0,880.0,820.0,0.097,3799999.9999999995,0.0,2.4E-6,0.013,0.013,0.0,450.0,1.5,0.0,1.2E-15,3.9000000000000004E-27,0.0,2.7E7,1.0,7.0E8,
1.8E-42,0.0023,3000.0,1100.0,1700.0,3799999.9999999995,1900.0,3300.0,1500.0,880.0,820.0,0.097,3799999.9999999995,0.0,2.4E-6,0.013,0.013,0.0,450.0,1.5,0.0,1.2E-15,4.1E-27,0.0,2.7E7,1.0,7.0E8,
1.8E-42,0.0023,3000.0,1100.0,1700.0,3799999.9999999995,1900.0,3300.0,1500.0,880.0,820.0,0.097,3799999.9999999995,0.0,2.2E-6,0.013,0.013,0.0,450.0,1.5,0.0,1.2E-15,4.0E-27,0.0,2.8E7,1.0,7.0E8,
1.8E-42,0.0023,3000.0,1100.0,1700.0,3799999.9999999995,1900.0,3300.0,1500.0,880.0,820.0,0.097,3799999.9999999995,0.0,2.0E-6,0.013,0.013,0.0,440.0,1.5,0.0,1.2E-15,3.7E-27,0.0,2.9E7,1.0,7.0E8,
1.8E-42,0.0023,3000.0,1100.0,1700.0,3799999.9999999995,1900.0,3300.0,1500.0,880.0,820.0,0.097,3799999.9999999995,0.0,1.7E-6,0.013,0.013,0.0,440.0,1.5,0.0,1.2E-15,3.3E-27,0.0,3.0E7,1.0,7.0E8,
1.8E-42,0.0023,3000.0,1100.0,1700.0,3799999.9999999995,1900.0,3300.0,1500.0,880.0,820.0,0.097,3799999.9999999995,0.0,1.5E-6,0.013,0.013,0.0,440.0,1.5,0.0,1.2E-15,2.9E-27,0.0,3.1E7,1.0,7.0E8,
1.8E-42,0.0023,3000.0,1100.0,1700.0,3799999.9999999995,1900.0,3300.0,1500.0,880.0,820.0,0.097,3799999.9999999995,0.0,1.3E-6,0.013,0.013,0.0,440.0,1.5,0.0,1.2E-15,2.6E-27,0.0,3.3E7,1.0,7.0E8,
1.8E-42,0.0023,3000.0,1100.0,1700.0,3799999.9999999995,1900.0,3300.0,1500.0,880.0,820.0,0.097,3799999.9999999995,0.0,1.8E-6,0.013,0.013,0.0,430.0,1.5,0.0,1.2E-15,2.7000000000000002E-27,0.0,3.0E7,1.0,7.0E8,
1.8E-42,0.0023,3000.0,1100.0,1700.0,3799999.9999999995,1900.0,3300.0,1500.0,880.0,820.0,0.097,3799999.9999999995,0.0,2.0E-6,0.013,0.013,0.0,430.0,1.5,0.0,1.2E-15,3.2000000000000003E-27,0.0,2.8E7,1.0,7.0E8,
1.8E-42,0.0023,3000.0,1100.0,1700.0,3799999.9999999995,1900.0,3300.0,1500.0,880.0,820.0,0.097,3799999.9999999995,0.0,2.1E-6,0.013,0.013,0.0,430.0,1.5,0.0,1.2E-15,3.5E-27,0.0,2.8E7,1.0,7.0E8,
1.8E-42,0.0023,3000.0,1100.0,1700.0,3799999.9999999995,1900.0,3300.0,1500.0,880.0,820.0,0.097,3799999.9999999995,0.0,2.0E-6,0.013,0.013,0.0,430.0,1.5,0.0,1.2E-15,3.5E-27,0.0,2.9E7,1.0,7.0E8,
1.8E-42,0.0023,3000.0,1100.0,1700.0,3799999.9999999995,1900.0,3300.0,1500.0,880.0,820.0,0.097,3799999.9999999995,0.0,1.8E-6,0.013,0.013,0.0,430.0,1.5,0.0,1.2E-15,3.3E-27,0.0,3.0E7,1.0,7.0E8,
1.8E-42,0.0023,3000.0,1100.0,1700.0,3799999.9999999995,1900.0,3300.0,1500.0,880.0,820.0,0.097,3799999.9999999995,0.0,1.6E-6,0.013,0.013,0.0,430.0,1.5,0.0,1.2E-15,3.0E-27,0.0,3.1E7,1.0,7.0E8,
1.8E-42,0.0023,3000.0,1100.0,1700.0,3799999.9999999995,1900.0,3300.0,1500.0,880.0,820.0,0.097,3799999.9999999995,0.0,1.4E-6,0.013,0.013,0.0,430.0,1.5,0.0,1.2E-15,2.7000000000000002E-27,0.0,3.2E7,1.0,7.0E8,
1.8E-42,0.0023,3000.0,1100.0,1700.0,3799999.9999999995,1900.0,3300.0,1500.0,880.0,820.0,0.097,3799999.9999999995,0.0,1.2E-6,0.013,0.013,0.0,420.0,1.5,0.0,1.2E-15,2.4E-27,0.0,3.4E7,1.0,7.0E8,
1.8E-42,0.0023,3000.0,1100.0,1700.0,3799999.9999999995,1900.0,3300.0,1500.0,880.0,820.0,0.097,3799999.9999999995,0.0,1.5E-6,0.013,0.013,0.0,420.0,1.5,0.0,1.2E-15,2.4E-27,0.0,3.2E7,1.0,7.0E8,
1.8E-42,0.0023,3000.0,1100.0,1700.0,3799999.9999999995,1900.0,3300.0,1500.0,880.0,820.0,0.097,3799999.9999999995,0.0,1.8E-6,0.013,0.013,0.0,420.0,1.5,0.0,1.2E-15,2.8E-27,0.0,3.0E7,1.0,7.0E8,
1.8E-42,0.0023,3000.0,1100.0,1700.0,3799999.9999999995,1900.0,3300.0,1500.0,880.0,820.0,0.097,3799999.9999999995,0.0,1.9E-6,0.013,0.013,0.0,410.0,1.5,0.0,1.2E-15,3.1000000000000002E-27,0.0,2.9E7,1.0,7.0E8,
1.8E-42,0.0023,3000.0,1100.0,1700.0,3799999.9999999995,1900.0,3300.0,1500.0,880.0,820.0,0.097,3799999.9999999995,0.0,1.9E-6,0.013,0.013,0.0,410.0,1.5,0.0,1.2E-15,3.3E-27,0.0,2.9E7,1.0,7.0E8,
1.8E-42,0.0023,3000.0,1100.0,1700.0,3799999.9999999995,1900.0,3300.0,1500.0,880.0,820.0,0.097,3799999.9999999995,0.0,1.7E-6,0.013,0.013,0.0,400.0,1.5,0.0,1.2E-15,3.2000000000000003E-27,0.0,3.0E7,1.0,7.0E8,
1.8E-42,0.0023,3000.0,1100.0,1700.0,3799999.9999999995,1900.0,3300.0,1500.0,880.0,820.0,0.097,3799999.9999999995,0.0,1.6E-6,0.013,0.013,0.0,400.0,1.5,0.0,1.2E-15,3.0E-27,0.0,3.1E7,1.0,7.0E8,
1.8E-42,0.0023,3000.0,1100.0,1700.0,3799999.9999999995,1900.0,3300.0,1500.0,880.0,820.0,0.097,3799999.9999999995,0.0,1.4E-6,0.013,0.013,0.0,400.0,1.5,0.0,1.2E-15,2.7000000000000002E-27,0.0,3.2E7,1.0,7.0E8,
1.8E-42,0.0023,3000.0,1100.0,1700.0,3799999.9999999995,1900.0,3300.0,1500.0,880.0,820.0,0.097,3799999.9999999995,0.0,1.2E-6,0.013,0.013,0.0,400.0,1.5,0.0,1.2E-15,2.4E-27,0.0,3.4E7,1.0,7.0E8,
1.8E-42,0.0023,3000.0,1100.0,1700.0,3799999.9999999995,1900.0,3300.0,1500.0,880.0,820.0,0.097,3799999.9999999995,0.0,1.3E-6,0.013,0.013,0.0,400.0,1.5,0.0,1.2E-15,2.2000000000000002E-27,0.0,3.3E7,1.0,7.0E8,
1.8E-42,0.0023,3000.0,1100.0,1700.0,3799999.9999999995,1900.0,3300.0,1500.0,880.0,820.0,0.097,3799999.9999999995,0.0,1.6E-6,0.013,0.013,0.0,400.0,1.5,0.0,1.2E-15,2.5E-27,0.0,3.0E7,1.0,6.9E8,
1.8E-42,0.0023,3000.0,1100.0,1700.0,3799999.9999999995,1900.0,3300.0,1500.0,880.0,820.0,0.096,3799999.9999999995,0.0,2.1E-6,0.013,0.013,0.0,400.0,1.4,0.0,1.2E-15,3.1000000000000002E-27,0.0,2.8E7,1.0,6.9E8,
1.8E-42,0.0023,3000.0,1100.0,1700.0,3799999.9999999995,1900.0,3300.0,1500.0,880.0,820.0,0.096,3799999.9999999995,0.0,2.4E-6,0.013,0.013,0.0,400.0,1.4,0.0,1.2E-15,3.8E-27,0.0,2.6E7,1.0,6.9E8,
1.8E-42,0.0023,3000.0,1100.0,1700.0,3799999.9999999995,1900.0,3300.0,1500.0,880.0,820.0,0.096,3799999.9999999995,0.0,2.5E-6,0.013,0.013,0.0,400.0,1.4,0.0,1.2E-15,4.1E-27,0.0,2.6E7,1.0,6.9E8,
1.8E-42,0.0023,3000.0,1100.0,1700.0,3799999.9999999995,1900.0,3300.0,1500.0,880.0,820.0,0.096,3799999.9999999995,0.0,2.3E-6,0.013,0.013,0.0,390.0,1.4,0.0,1.2E-15,4.2E-27,0.0,2.7E7,1.0,6.9E8,
1.8E-42,0.0023,3000.0,1100.0,1700.0,3799999.9999999995,1900.0,3300.0,1500.0,880.0,820.0,0.096,3799999.9999999995,0.0,2.1E-6,0.013,0.013,0.0,390.0,1.4,0.0,1.2E-15,3.9000000000000004E-27,0.0,2.8E7,1.0,6.9E8,
1.8E-42,0.0023,3000.0,1100.0,1700.0,3799999.9999999995,1900.0,3300.0,1500.0,880.0,820.0,0.096,3799999.9999999995,0.0,1.9E-6,0.013,0.013,0.0,390.0,1.4,0.0,1.2E-15,3.6E-27,0.0,2.9E7,1.0,6.9E8,
1.8E-42,0.0023,3000.0,1100.0,1700.0,3799999.9999999995,1900.0,3300.0,1500.0,880.0,820.0,0.096,3799999.9999999995,0.0,1.6E-6,0.013,0.013,0.0,390.0,1.4,0.0,1.2E-15,3.2000000000000003E-27,0.0,3.0E7,1.0,6.9E8,
1.8E-42,0.0023,3000.0,1100.0,1700.0,3799999.9999999995,1900.0,3300.0,1500.0,880.0,820.0,0.096,3799999.9999999995,0.0,1.4E-6,0.013,0.013,0.0,390.0,1.4,0.0,1.2E-15,2.8E-27,0.0,3.2E7,1.0,6.9E8,
1.0E-41,0.016,17000.0,22000.0,19000.0,4800000.0,3000.0,7200.0,6500.0,2200.0,6100.0,0.097,4800000.0,0.0,6.4E-6,0.087,0.087,0.0,440.0,11.0,2.7E-9,1.4E-15,3.4999999999999996E-22,0.0,3.1E7,1.0,7.1E8,
2.2E-42,0.0036,4000.0,4100.0,1800.0,4200000.0,3000.0,7200.0,6500.0,2200.0,6100.0,0.096,4200000.0,0.0,3.7E-6,0.063,0.063,0.0,440.0,2.7,5.0E-11,1.4E-15,3.5E-23,0.0,2.9E7,1.0,7.0E8,
2.1E-42,0.0034,4000.0,4100.0,1800.0,3799999.9999999995,3000.0,7200.0,6500.0,2200.0,6100.0,0.096,3799999.9999999995,0.0,4.2E-6,0.061,0.061,0.0,440.0,2.6,9.5E-13,1.3E-15,1.5E-23,0.0,2.7E7,1.0,7.0E8,
2.1E-42,0.0034,4000.0,4100.0,1800.0,3799999.9999999995,3000.0,7200.0,6500.0,2200.0,6100.0,0.096,3799999.9999999995,0.0,5.0E-6,0.061,0.061,0.0,440.0,2.6,2.5E-15,1.3E-15,4.5999999999999995E-24,0.0,2.5E7,1.0,7.0E8,
2.1E-42,0.0034,4000.0,4100.0,1800.0,3799999.9999999995,3000.0,7200.0,6500.0,2200.0,6100.0,0.096,3799999.9999999995,0.0,5.3E-6,0.061,0.061,0.0,440.0,2.6,6.5E-18,1.3E-15,1.3999999999999999E-24,0.0,2.4E7,1.0,7.0E8,
2.1E-42,0.0034,4000.0,4100.0,1800.0,3799999.9999999995,3000.0,7200.0,6500.0,2200.0,6100.0,0.096,3799999.9999999995,0.0,5.0E-6,0.061,0.061,0.0,440.0,2.6,1.7E-20,1.3E-15,4.2E-25,0.0,2.5E7,1.0,7.0E8,
2.1E-42,0.0034,4000.0,4100.0,1800.0,3799999.9999999995,3000.0,7200.0,6500.0,2200.0,6100.0,0.096,3799999.9999999995,0.0,4.6E-6,0.061,0.061,0.0,440.0,2.6,4.7E-23,1.4E-15,1.3E-25,0.0,2.6E7,1.0,7.0E8,
2.1E-42,0.0034,4000.0,4100.0,1800.0,3799999.9999999995,3000.0,7200.0,6500.0,2200.0,6100.0,0.096,3799999.9999999995,0.0,4.1E-6,0.061,0.061,0.0,440.0,2.6,1.3E-25,1.3E-15,4.6E-26,0.0,2.7E7,1.0,7.0E8,
2.1E-42,0.0034,4000.0,4100.0,1800.0,3799999.9999999995,3000.0,7200.0,6500.0,2200.0,6100.0,0.095,3799999.9999999995,0.0,3.5E-6,0.061,0.061,0.0,440.0,2.6,9.700000000000002E-28,1.3E-15,1.9E-26,0.0,2.8E7,1.0,7.0E8,
2.1E-42,0.0034,4000.0,4100.0,1800.0,3799999.9999999995,3000.0,7200.0,6500.0,2200.0,6100.0,0.096,3799999.9999999995,0.0,3.1E-6,0.061,0.061,0.0,440.0,2.6,2.5E-29,1.4E-15,1.0E-26,0.0,3.0E7,1.0,7.0E8,
3.0E-41,0.039,56000.0,130000.0,15000.0,4900000.0,7500.0,21000.0,11000.0,20000.0,12000.0,0.097,5200000.0,0.0,6.3E-6,0.25,0.25,0.0,520.0,4.9,5.8E-9,1.7E-15,3.0999999999999997E-22,0.0,3.0E7,1.0,7.2E8,
5.6E-42,0.0071,56000.0,19000.0,2700.0,4900000.0,7500.0,21000.0,11000.0,2200.0,4100.0,0.097,5100000.0,0.0,3.0E-6,0.093,0.093,0.0,510.0,1.9,1.3E-10,1.7E-15,2.6E-23,0.0,2.8E7,1.0,7.2E8,
1.9E-42,0.0025,3200.0,1800.0,2700.0,4900000.0,7400.0,14000.0,11000.0,2200.0,4000.0,0.097,5000000.0,0.0,1.2E-6,0.077,0.077,0.0,510.0,1.8,2.4E-12,1.7E-15,4.0E-24,0.0,2.6E7,1.0,7.2E8,
1.9E-42,0.0024,3200.0,1800.0,2700.0,4800000.0,7400.0,1000.0,3200.0,2200.0,4000.0,0.097,4800000.0,0.0,4.1E-6,0.076,0.076,0.0,510.0,1.8,4.6E-14,1.7E-15,1.7999999999999997E-24,0.0,2.4E7,1.0,7.1E8,
1.9E-42,0.0024,3200.0,1800.0,2700.0,4600000.0,7400.0,1000.0,3200.0,2200.0,4000.0,0.096,4600000.0,0.0,4.8E-6,0.075,0.075,0.0,500.0,1.7,8.6E-16,1.7E-15,7.9E-25,0.0,2.3E7,1.0,7.1E8,
1.8E-42,0.0023,3200.0,1800.0,2700.0,4400000.0,7400.0,1000.0,3200.0,2200.0,4000.0,0.096,4400000.0,0.0,5.2E-6,0.073,0.073,0.0,490.0,1.7,4.3E-17,1.7E-15,4.3E-25,0.0,2.2E7,1.0,7.1E8,
1.7E-42,0.0022,3200.0,1700.0,2700.0,3999999.9999999995,7400.0,1000.0,3200.0,2200.0,4000.0,0.095,3999999.9999999995,0.0,5.5E-6,0.07,0.07,0.0,480.0,1.6,2.2E-18,1.7E-15,2.3E-25,0.0,2.1E7,1.0,7.1E8,
1.7E-42,0.0022,3200.0,1700.0,2700.0,3899999.9999999995,7400.0,1000.0,3200.0,2200.0,4000.0,0.095,3899999.9999999995,0.0,6.0E-6,0.068,0.068,0.0,480.0,1.6,4.1E-20,1.7E-15,1.0999999999999999E-25,0.0,2.0E7,1.0,7.1E8,
1.7E-42,0.0022,3200.0,1700.0,2700.0,3799999.9999999995,7400.0,1000.0,3200.0,2200.0,4000.0,0.095,3799999.9999999995,0.0,6.5E-6,0.068,0.068,0.0,470.0,1.6,7.5999999999999995E-22,1.7E-15,5.7E-26,0.0,1.9E7,1.0,7.1E8,
1.7E-42,0.0022,3200.0,1700.0,2700.0,3799999.9999999995,7400.0,1000.0,3200.0,2200.0,4000.0,0.095,3799999.9999999995,0.0,6.6E-6,0.068,0.068,0.0,470.0,1.6,2.0E-24,1.7E-15,2.8E-26,0.0,1.9E7,1.0,7.1E8,
1.7E-42,0.0022,3200.0,1700.0,2700.0,3799999.9999999995,7400.0,1000.0,3200.0,2200.0,4000.0,0.095,3799999.9999999995,0.0,6.1E-6,0.068,0.068,0.0,470.0,1.6,5.1E-27,1.7E-15,1.9E-26,0.0,2.0E7,1.0,7.1E8,
1.7E-42,0.0022,3200.0,1700.0,2700.0,3799999.9999999995,7400.0,1000.0,3200.0,2200.0,4000.0,0.095,3799999.9999999995,0.0,5.3E-6,0.068,0.068,0.0,460.0,1.6,1.3E-29,1.7E-15,1.5E-26,0.0,2.1E7,1.0,7.1E8,
1.7E-42,0.0022,3200.0,1700.0,2700.0,3799999.9999999995,7400.0,1000.0,3200.0,2200.0,4000.0,0.095,3799999.9999999995,0.0,4.5E-6,0.068,0.068,0.0,460.0,1.6,3.7E-32,1.7E-15,1.2E-26,0.0,2.2E7,1.0,7.1E8,
1.7E-42,0.0022,3200.0,1700.0,2700.0,3799999.9999999995,7400.0,1000.0,3200.0,2200.0,4000.0,0.095,3799999.9999999995,0.0,3.8E-6,0.068,0.068,0.0,460.0,1.6,1.2E-34,1.7E-15,1.0E-26,0.0,2.3E7,1.0,7.1E8,
1.7E-42,0.0022,3200.0,1700.0,2700.0,3799999.9999999995,7400.0,1000.0,3200.0,2200.0,4000.0,0.095,3799999.9999999995,0.0,3.2E-6,0.068,0.068,0.0,460.0,1.6,0.0,1.7E-15,8.7E-27,0.0,2.5E7,1.0,7.1E8,
1.7E-42,0.0022,3200.0,1700.0,2700.0,3799999.9999999995,7400.0,1000.0,3200.0,2200.0,4000.0,0.095,3799999.9999999995,0.0,2.7E-6,0.068,0.068,0.0,460.0,1.6,0.0,1.7E-15,7.300000000000001E-27,0.0,2.7E7,1.0,7.1E8,
1.7E-42,0.0022,3200.0,1700.0,2700.0,3799999.9999999995,7400.0,1000.0,3200.0,2200.0,4000.0,0.095,3799999.9999999995,0.0,2.6E-6,0.068,0.068,0.0,460.0,1.6,4.8E-40,1.7E-15,6.3E-27,0.0,2.7E7,1.0,7.1E8,
1.1E-41,0.019,28000.0,64000.0,9100.0,4800000.0,7400.0,1000.0,3200.0,2200.0,4000.0,0.096,4900000.0,0.0,0.16,0.11,0.11,0.0,480.0,2.4,8.4E-9,1.7E-15,4.399999999999999E-22,0.0,2.5E7,1.0,7.2E8,
1.0E-42,0.0018,110.0,1200.0,1600.0,4700000.0,7300.0,1000.0,3200.0,2200.0,4000.0,0.096,4700000.0,0.0,2.8E-6,0.06,0.06,0.0,480.0,1.1,5.9E-11,1.7E-15,1.5E-23,0.0,2.3E7,1.0,7.2E8,
9.8E-43,0.0018,110.0,1200.0,1600.0,4400000.0,7300.0,1000.0,3200.0,2200.0,4000.0,0.095,4400000.0,0.0,3.1E-6,0.058,0.058,0.0,460.0,1.1,2.9E-12,1.7E-15,8.1E-24,0.0,2.2E7,1.0,7.1E8,
9.2E-43,0.0017,110.0,1100.0,1600.0,3999999.9999999995,7300.0,1000.0,3100.0,2200.0,4000.0,0.095,4099999.9999999995,0.0,3.3E-6,0.056,0.056,0.0,470.0,1.0,5.5E-14,1.7E-15,3.5E-24,0.0,2.1E7,1.0,7.1E8,
8.899999999999999E-43,0.0016,110.0,1100.0,1600.0,3799999.9999999995,7300.0,1000.0,3100.0,2200.0,4000.0,0.094,3799999.9999999995,0.0,3.6E-6,0.054,0.054,0.0,460.0,0.98,1.0E-15,1.7E-15,1.4999999999999998E-24,0.0,2.0E7,1.0,7.1E8,
8.899999999999999E-43,0.0016,110.0,1100.0,1600.0,3799999.9999999995,7300.0,1000.0,3100.0,2200.0,4000.0,0.094,3799999.9999999995,0.0,4.0E-6,0.054,0.054,0.0,460.0,0.98,2.6E-18,1.7E-15,4.6E-25,0.0,1.9E7,1.0,7.1E8,
8.899999999999999E-43,0.0016,110.0,1100.0,1600.0,3799999.9999999995,7300.0,1000.0,3100.0,2200.0,4000.0,0.094,3799999.9999999995,0.0,3.8E-6,0.054,0.054,0.0,460.0,0.98,6.7E-21,1.7E-15,1.5E-25,0.0,2.0E7,1.0,7.1E8,
8.899999999999999E-43,0.0016,110.0,1100.0,1600.0,3799999.9999999995,7300.0,1000.0,3100.0,2200.0,4000.0,0.094,3799999.9999999995,0.0,3.4E-6,0.054,0.054,0.0,460.0,0.98,1.7E-23,1.7E-15,5.0E-26,0.0,2.1E7,1.0,7.1E8,
8.899999999999999E-43,0.0016,110.0,1100.0,1600.0,3799999.9999999995,7300.0,1000.0,3100.0,2200.0,4000.0,0.094,3799999.9999999995,0.0,3.0E-6,0.054,0.054,0.0,460.0,0.98,4.5E-26,1.7E-15,2.0E-26,0.0,2.2E7,1.0,7.1E8,
9.999999999999999E-43,0.0018,4500.0,2300.0,1600.0,4400000.0,7300.0,1000.0,3100.0,2200.0,4000.0,0.095,4500000.0,0.0,3.3E-6,0.058,0.058,0.0,470.0,1.1,1.1E-9,1.7E-15,1.8999999999999998E-24,0.0,2.2E7,1.0,7.2E8,
9.599999999999999E-43,0.0017,4500.0,2300.0,1600.0,4200000.0,7300.0,1000.0,3100.0,2200.0,4000.0,0.094,4200000.0,0.0,3.4E-6,0.056,0.056,0.0,470.0,1.0,5.5E-11,1.7E-15,1.0E-24,0.0,2.1E7,1.0,7.1E8,
9.2E-43,0.0016,4500.0,2300.0,1600.0,3799999.9999999995,7300.0,1000.0,3100.0,2200.0,4000.0,0.094,3899999.9999999995,0.0,3.8E-6,0.054,0.054,0.0,470.0,0.97,3.8E-13,1.7E-15,3.6E-25,0.0,2.0E7,1.0,7.1E8,
9.2E-43,0.0016,4500.0,2300.0,1600.0,3799999.9999999995,7300.0,1000.0,3100.0,2200.0,4000.0,0.094,3899999.9999999995,0.0,3.9E-6,0.054,0.054,0.0,470.0,0.97,9.9E-16,1.7E-15,1.0999999999999999E-25,0.0,2.0E7,1.0,7.1E8,
9.2E-43,0.0016,4500.0,2300.0,1600.0,3799999.9999999995,7300.0,1000.0,3100.0,2200.0,4000.0,0.094,3899999.9999999995,0.0,3.7E-6,0.054,0.054,0.0,470.0,0.97,2.5E-18,1.7E-15,4.1E-26,0.0,2.0E7,1.0,7.1E8,
9.2E-43,0.0016,4500.0,2300.0,1600.0,3799999.9999999995,7300.0,1000.0,3100.0,2200.0,4000.0,0.094,3899999.9999999995,0.0,3.3E-6,0.054,0.054,0.0,460.0,0.97,6.6E-21,1.7E-15,1.8E-26,0.0,2.1E7,1.0,7.1E8,
9.2E-43,0.0016,4500.0,2300.0,1600.0,3799999.9999999995,7300.0,1000.0,3100.0,2200.0,4000.0,0.094,3899999.9999999995,0.0,2.8E-6,0.054,0.054,0.0,460.0,0.97,1.6000000000000002E-23,1.7E-15,1.0E-26,0.0,2.2E7,1.0,7.1E8,
9.2E-43,0.0016,4500.0,2300.0,1600.0,3799999.9999999995,7300.0,1000.0,3100.0,2200.0,4000.0,0.094,3899999.9999999995,0.0,2.3E-6,0.054,0.054,0.0,460.0,0.97,3.7E-26,1.7E-15,7.4E-27,0.0,2.4E7,1.0,7.1E8,
9.2E-43,0.0016,4500.0,2300.0,1600.0,3799999.9999999995,7300.0,1000.0,3100.0,2200.0,4000.0,0.094,3899999.9999999995,0.0,2.0E-6,0.054,0.054,0.0,460.0,0.97,1.3000000000000002E-28,1.7E-15,5.8E-27,0.0,2.5E7,1.0,7.1E8,
9.2E-43,0.0016,4500.0,2300.0,1600.0,3799999.9999999995,7300.0,1000.0,3100.0,2200.0,4000.0,0.094,3899999.9999999995,0.0,1.7E-6,0.054,0.054,0.0,460.0,0.97,7.799999999999999E-31,1.7E-15,4.7E-27,0.0,2.7E7,1.0,7.1E8,
9.2E-43,0.0016,4500.0,2300.0,1600.0,3799999.9999999995,7300.0,1000.0,3100.0,2200.0,4000.0,0.094,3899999.9999999995,0.0,1.5E-6,0.054,0.054,0.0,460.0,0.97,0.0,1.7E-15,4.0E-27,0.0,2.7E7,1.0,7.1E8,
9.2E-43,0.0016,4500.0,2300.0,1600.0,3799999.9999999995,7300.0,1000.0,3100.0,2200.0,4000.0,0.094,3899999.9999999995,0.0,1.9E-6,0.054,0.054,0.0,460.0,0.97,0.0,1.7E-15,4.2E-27,0.0,2.5E7,1.0,7.1E8,
9.2E-43,0.0016,4500.0,2300.0,1600.0,3799999.9999999995,7300.0,1000.0,3100.0,2200.0,4000.0,0.094,3899999.9999999995,0.0,2.0E-6,0.054,0.054,0.0,460.0,0.97,0.0,1.7E-15,4.6E-27,0.0,2.5E7,1.0,7.1E8,
9.2E-43,0.0016,4500.0,2300.0,1600.0,3799999.9999999995,7300.0,1000.0,3100.0,2200.0,4000.0,0.094,3899999.9999999995,0.0,1.9E-6,0.054,0.054,0.0,460.0,0.97,0.0,1.7E-15,4.7E-27,0.0,2.5E7,1.0,7.1E8,
9.2E-43,0.0016,4500.0,2300.0,1600.0,3799999.9999999995,7300.0,1000.0,3100.0,2200.0,4000.0,0.094,3899999.9999999995,0.0,1.8E-6,0.054,0.054,0.0,460.0,0.97,0.0,1.7E-15,4.5E-27,0.0,2.6E7,1.0,7.1E8,
9.2E-43,0.0016,4500.0,2300.0,1600.0,3799999.9999999995,7300.0,1000.0,3100.0,2200.0,4000.0,0.094,3899999.9999999995,0.0,1.6E-6,0.054,0.054,0.0,460.0,0.97,0.0,1.7E-15,4.2E-27,0.0,2.7E7,1.0,7.1E8,
9.2E-43,0.0016,4500.0,2300.0,1600.0,3799999.9999999995,7300.0,1000.0,3100.0,2200.0,4000.0,0.094,3899999.9999999995,0.0,1.4E-6,0.054,0.054,0.0,450.0,0.97,0.0,1.7E-15,3.7E-27,0.0,2.9E7,1.0,7.1E8,
9.2E-43,0.0016,4500.0,2300.0,1600.0,3799999.9999999995,7300.0,1000.0,3100.0,2200.0,4000.0,0.094,3899999.9999999995,0.0,1.2E-6,0.054,0.054,0.0,450.0,0.97,0.0,1.7E-15,3.2000000000000003E-27,0.0,3.0E7,1.0,7.1E8,
9.2E-43,0.0016,4500.0,2300.0,1600.0,3799999.9999999995,7300.0,1000.0,3100.0,2200.0,4000.0,0.094,3899999.9999999995,0.0,1.0E-6,0.054,0.054,0.0,450.0,0.97,0.0,1.7E-15,2.8E-27,0.0,3.2E7,1.0,7.1E8,
9.2E-43,0.0016,4500.0,2300.0,1600.0,3799999.9999999995,7300.0,1000.0,3100.0,2200.0,4000.0,0.094,3899999.9999999995,0.0,1.3E-6,0.054,0.054,0.0,450.0,0.97,0.0,1.7E-15,2.8E-27,0.0,2.9E7,1.0,7.1E8,
9.2E-43,0.0016,4500.0,2300.0,1600.0,3799999.9999999995,7300.0,1000.0,3100.0,2200.0,4000.0,0.094,3899999.9999999995,0.0,1.5E-6,0.054,0.054,0.0,440.0,0.97,0.0,1.7E-15,3.2000000000000003E-27,0.0,2.8E7,1.0,7.1E8,
9.2E-43,0.0016,4500.0,2300.0,1600.0,3799999.9999999995,7300.0,1000.0,3100.0,2200.0,4000.0,0.094,3899999.9999999995,0.0,1.5E-6,0.054,0.054,0.0,440.0,0.97,0.0,1.7E-15,3.5E-27,0.0,2.7E7,1.0,7.1E8,
9.2E-43,0.0016,4500.0,2300.0,1600.0,3799999.9999999995,7300.0,1000.0,3100.0,2200.0,4000.0,0.094,3899999.9999999995,0.0,1.5E-6,0.054,0.054,0.0,440.0,0.97,0.0,1.7E-15,3.6E-27,0.0,2.8E7,1.0,7.1E8,
9.2E-43,0.0016,4500.0,2300.0,1600.0,3799999.9999999995,7300.0,1000.0,3100.0,2200.0,4000.0,0.094,3899999.9999999995,0.0,1.3E-6,0.054,0.054,0.0,440.0,0.97,0.0,1.7E-15,3.4000000000000004E-27,0.0,2.9E7,1.0,7.1E8,
9.2E-43,0.0016,4500.0,2300.0,1600.0,3799999.9999999995,7300.0,1000.0,3100.0,2200.0,4000.0,0.094,3899999.9999999995,0.0,1.2E-6,0.054,0.054,0.0,430.0,0.97,0.0,1.7E-15,3.1000000000000002E-27,0.0,3.0E7,1.0,7.1E8,
9.2E-43,0.0016,4500.0,2300.0,1600.0,3799999.9999999995,7300.0,1000.0,3100.0,2200.0,4000.0,0.094,3899999.9999999995,0.0,1.0E-6,0.054,0.054,0.0,430.0,0.97,0.0,1.7E-15,2.8E-27,0.0,3.1E7,1.0,7.1E8,
9.2E-43,0.0016,4500.0,2300.0,1600.0,3799999.9999999995,7300.0,1000.0,3100.0,2200.0,4000.0,0.094,3899999.9999999995,0.0,9.2E-7,0.054,0.054,0.0,430.0,0.97,0.0,1.7E-15,2.5E-27,0.0,3.3E7,1.0,7.1E8,
9.2E-43,0.0016,4500.0,2300.0,1600.0,3799999.9999999995,7300.0,1000.0,3100.0,2200.0,4000.0,0.094,3899999.9999999995,0.0,1.0E-6,0.054,0.054,0.0,430.0,0.97,0.0,1.7E-15,2.3E-27,0.0,3.2E7,1.0,7.1E8,
9.2E-43,0.0016,4500.0,2300.0,1600.0,3799999.9999999995,7300.0,1000.0,3100.0,2200.0,4000.0,0.094,3899999.9999999995,0.0,1.3E-6,0.054,0.054,0.0,430.0,0.97,0.0,1.7E-15,2.7000000000000002E-27,0.0,2.9E7,1.0,7.1E8,
9.2E-43,0.0016,4500.0,2300.0,1600.0,3799999.9999999995,7300.0,1000.0,3100.0,2200.0,4000.0,0.094,3899999.9999999995,0.0,1.4E-6,0.054,0.054,0.0,430.0,0.97,0.0,1.7E-15,3.0E-27,0.0,2.9E7,1.0,7.1E8,
9.2E-43,0.0016,4500.0,2300.0,1600.0,3799999.9999999995,7300.0,1000.0,3100.0,2200.0,4000.0,0.094,3899999.9999999995,0.0,1.3E-6,0.054,0.054,0.0,430.0,0.97,0.0,1.7E-15,3.2000000000000003E-27,0.0,2.9E7,1.0,7.1E8,
9.2E-43,0.0016,4500.0,2300.0,1600.0,3799999.9999999995,7300.0,1000.0,3100.0,2200.0,4000.0,0.094,3899999.9999999995,0.0,1.2E-6,0.054,0.054,0.0,420.0,0.97,0.0,1.7E-15,3.1000000000000002E-27,0.0,3.0E7,1.0,7.1E8,
9.2E-43,0.0016,4500.0,2300.0,1600.0,3799999.9999999995,7300.0,1000.0,3100.0,2200.0,4000.0,0.094,3899999.9999999995,0.0,1.1E-6,0.054,0.054,0.0,410.0,0.97,0.0,1.7E-15,2.9E-27,0.0,3.1E7,1.0,7.1E8,
9.2E-43,0.0016,4500.0,2300.0,1600.0,3799999.9999999995,7300.0,1000.0,3100.0,2200.0,4000.0,0.094,3899999.9999999995,0.0,1.0E-6,0.054,0.054,0.0,410.0,0.97,0.0,1.7E-15,2.6E-27,0.0,3.2E7,1.0,7.1E8,
9.2E-43,0.0016,4500.0,2300.0,1600.0,3799999.9999999995,7300.0,1000.0,3100.0,2200.0,4000.0,0.094,3899999.9999999995,0.0,8.8E-7,0.054,0.054,0.0,410.0,0.97,0.0,1.7E-15,2.4E-27,0.0,3.3E7,1.0,7.1E8,
9.2E-43,0.0016,4500.0,2300.0,1600.0,3799999.9999999995,7300.0,1000.0,3100.0,2200.0,4000.0,0.094,3899999.9999999995,0.0,8.5E-7,0.054,0.054,0.0,410.0,0.97,0.0,1.7E-15,2.1E-27,0.0,3.4E7,1.0,7.1E8,
9.2E-43,0.0016,4500.0,2300.0,1600.0,3799999.9999999995,7300.0,1000.0,3100.0,2200.0,4000.0,0.094,3899999.9999999995,0.0,1.1E-6,0.054,0.054,0.0,410.0,0.97,0.0,1.7E-15,2.3E-27,0.0,3.1E7,1.0,7.1E8,
9.2E-43,0.0016,4500.0,2300.0,1600.0,3799999.9999999995,7300.0,1000.0,3100.0,2200.0,4000.0,0.094,3899999.9999999995,0.0,1.3E-6,0.054,0.054,0.0,410.0,0.97,0.0,1.7E-15,2.7000000000000002E-27,0.0,2.9E7,1.0,7.1E8,
9.2E-43,0.0016,4500.0,2300.0,1600.0,3799999.9999999995,7300.0,1000.0,3100.0,2200.0,4000.0,0.094,3899999.9999999995,0.0,1.3E-6,0.054,0.054,0.0,410.0,0.97,0.0,1.7E-15,3.0E-27,0.0,2.9E7,1.0,7.1E8,
9.2E-43,0.0016,4500.0,2300.0,1600.0,3799999.9999999995,7300.0,1000.0,3100.0,2200.0,4000.0,0.093,3799999.9999999995,0.0,1.3E-6,0.053,0.053,0.0,410.0,0.97,0.0,1.7E-15,3.0E-27,0.0,2.9E7,1.0,7.0E8,
6.4E-42,0.02,22000.0,76000.0,4000.0,4900000.0,23000.0,1000.0,3100.0,2200.0,4000.0,0.094,5000000.0,0.0,8.6E-6,0.078,0.078,0.0,440.0,5.1,7.7E-9,1.8E-15,3.1E-21,0.0,2.7E7,1.0,7.2E8,
6.9E-43,0.0022,4600.0,440.0,3900.0,4700000.0,450.0,1000.0,3100.0,2100.0,4000.0,0.094,4800000.0,0.0,1.0E-5,0.042,0.042,0.0,430.0,5.0,1.5E-10,1.8E-15,1.5E-22,0.0,2.5E7,1.0,7.1E8,
6.9E-43,0.0021,4600.0,440.0,3900.0,4600000.0,450.0,1000.0,3100.0,2100.0,4000.0,0.093,4600000.0,0.0,1.2E-5,0.041,0.041,0.0,430.0,4.9,2.8E-12,1.8E-15,6.6E-23,0.0,2.4E7,1.0,7.1E8,
1.4E-42,0.0029,3000.0,570.0,6800.0,4800000.0,940.0,1000.0,3100.0,2100.0,4000.0,0.093,4800000.0,0.0,1.9E-6,0.032,0.032,0.0,450.0,13.0,4.8E-9,1.8E-15,6.1E-22,0.0,2.3E7,1.0,7.2E8,
1.5E-42,0.0038,15000.0,3700.0,6700.0,4800000.0,940.0,1000.0,3100.0,2100.0,4000.0,0.093,4800000.0,0.0,7.3E-6,0.036,0.036,0.0,450.0,14.0,2.0E-9,1.8E-15,4.399999999999999E-22,0.0,2.2E7,1.0,7.2E8,
1.5E-42,0.0037,2500.0,3700.0,6700.0,4300000.0,940.0,1000.0,3100.0,2100.0,4000.0,0.092,4300000.0,0.0,4.5E-5,0.034,0.034,0.0,450.0,14.0,1.0E-10,1.8E-15,2.3E-22,0.0,2.1E7,1.0,7.1E8,
1.4E-42,0.0035,2400.0,3700.0,6700.0,3799999.9999999995,930.0,1000.0,3100.0,2100.0,3900.0,0.092,3799999.9999999995,0.0,4.8E-5,0.032,0.032,0.0,450.0,13.0,5.1E-12,1.8E-15,1.2E-22,0.0,2.0E7,1.0,7.1E8,
1.4E-42,0.0035,2400.0,3700.0,6700.0,3799999.9999999995,930.0,1000.0,3100.0,2100.0,3900.0,0.092,3799999.9999999995,0.0,5.3E-5,0.032,0.032,0.0,450.0,13.0,1.3E-14,1.8E-15,3.7E-23,0.0,1.9E7,1.0,7.1E8,
1.4E-42,0.0035,2400.0,3700.0,6700.0,3799999.9999999995,930.0,1000.0,3100.0,2100.0,3900.0,0.092,3799999.9999999995,0.0,5.2E-5,0.032,0.032,0.0,450.0,13.0,3.4E-17,1.8E-15,1.1E-23,0.0,2.0E7,1.0,7.1E8,
1.4E-42,0.0035,2400.0,3700.0,6700.0,3799999.9999999995,930.0,1000.0,3100.0,2100.0,3900.0,0.092,3799999.9999999995,0.0,4.7E-5,0.032,0.032,0.0,450.0,13.0,8.7E-20,1.8E-15,3.5E-24,0.0,2.0E7,1.0,7.1E8,
1.4E-42,0.0035,2400.0,3700.0,6700.0,3799999.9999999995,930.0,1000.0,3100.0,2100.0,3900.0,0.092,3799999.9999999995,0.0,4.1E-5,0.032,0.032,0.0,450.0,13.0,2.3E-22,1.8E-15,1.0999999999999998E-24,0.0,2.1E7,1.0,7.1E8,
1.4E-42,0.0035,2400.0,3700.0,6700.0,3799999.9999999995,930.0,1000.0,3100.0,2100.0,3900.0,0.092,3799999.9999999995,0.0,3.4E-5,0.032,0.032,0.0,450.0,13.0,7.399999999999999E-25,1.8E-15,4.1E-25,0.0,2.3E7,1.0,7.1E8,
1.4E-42,0.0035,2400.0,3700.0,6700.0,3799999.9999999995,930.0,1000.0,3100.0,2100.0,3900.0,0.091,3799999.9999999995,0.0,3.8E-5,0.032,0.032,0.0,450.0,13.0,5.4000000000000005E-27,1.8E-15,2.1E-25,0.0,2.2E7,1.0,7.0E8,
1.4E-42,0.0035,2400.0,3700.0,6700.0,3799999.9999999995,930.0,1000.0,3100.0,2100.0,3900.0,0.091,3799999.9999999995,0.0,4.1E-5,0.032,0.032,0.0,450.0,13.0,1.3999999999999998E-29,1.8E-15,1.3E-25,0.0,2.1E7,1.0,7.0E8,
1.4E-42,0.0035,2400.0,3700.0,6700.0,3799999.9999999995,930.0,1000.0,3100.0,2100.0,3900.0,0.091,3799999.9999999995,0.0,3.9E-5,0.032,0.032,0.0,450.0,13.0,3.6E-32,1.8E-15,1.0999999999999999E-25,0.0,2.1E7,1.0,7.0E8,
1.9E-42,0.0054,4800.0,18000.0,3500.0,5000000.0,930.0,1000.0,3100.0,2100.0,3900.0,0.092,5000000.0,0.0,0.07,0.034,0.034,0.0,480.0,8.1,8.3E-10,1.8E-15,1.8999999999999999E-22,0.0,2.2E7,1.0,7.2E8,
5.999999999999999E-43,0.0018,4800.0,770.0,3500.0,4500000.0,930.0,1000.0,3100.0,2100.0,3900.0,0.091,4500000.0,0.0,2.4E-5,0.027,0.027,0.0,480.0,7.7,1.1E-10,1.8E-15,4.1E-23,0.0,2.2E7,1.0,7.1E8,
5.7999999999999995E-43,0.0017,4800.0,770.0,3500.0,4099999.9999999995,930.0,1000.0,3100.0,2100.0,3900.0,0.09,4200000.0,0.0,2.6E-5,0.026,0.026,0.0,480.0,7.3,2.1E-12,1.8E-15,1.8E-23,0.0,2.0E7,1.0,7.1E8,
5.699999999999999E-43,0.0017,4800.0,770.0,3500.0,3999999.9999999995,920.0,1000.0,3100.0,2100.0,3900.0,0.09,3999999.9999999995,0.0,2.9E-5,0.025,0.025,0.0,480.0,7.2,1.4E-14,1.8E-15,6.3999999999999995E-24,0.0,2.0E7,1.0,7.1E8,
5.6E-43,0.0016,4800.0,760.0,3500.0,3799999.9999999995,920.0,990.0,3100.0,2100.0,3900.0,0.09,3799999.9999999995,0.0,3.2E-5,0.025,0.025,0.0,480.0,7.0,2.7E-16,1.8E-15,2.9E-24,0.0,1.9E7,1.0,7.1E8,
5.6E-43,0.0016,4800.0,760.0,3500.0,3799999.9999999995,920.0,990.0,3100.0,2100.0,3900.0,0.09,3799999.9999999995,0.0,3.3E-5,0.025,0.025,0.0,480.0,7.0,6.9E-19,1.8E-15,9.2E-25,0.0,1.8E7,1.0,7.1E8,
5.6E-43,0.0016,4800.0,760.0,3500.0,3799999.9999999995,920.0,990.0,3100.0,2100.0,3900.0,0.09,3799999.9999999995,0.0,3.1E-5,0.025,0.025,0.0,470.0,7.0,1.8E-21,1.8E-15,3.4E-25,0.0,1.9E7,1.0,7.1E8,
5.6E-43,0.0016,4800.0,760.0,3500.0,3799999.9999999995,920.0,990.0,3100.0,2100.0,3900.0,0.09,3799999.9999999995,0.0,2.8E-5,0.025,0.025,0.0,470.0,7.0,4.5E-24,1.8E-15,1.5E-25,0.0,2.0E7,1.0,7.1E8,
5.6E-43,0.0016,4800.0,760.0,3500.0,3799999.9999999995,920.0,990.0,3100.0,2100.0,3900.0,0.09,3799999.9999999995,0.0,2.3E-5,0.025,0.025,0.0,470.0,7.0,1.2E-26,1.8E-15,9.1E-26,0.0,2.1E7,1.0,7.1E8,
5.499999999999999E-43,0.0016,4800.0,760.0,3500.0,3799999.9999999995,920.0,990.0,3100.0,2100.0,3900.0,0.09,3799999.9999999995,0.0,2.1E-5,0.024,0.024,0.0,470.0,7.0,1.2E-28,1.8E-15,6.8E-26,0.0,2.1E7,1.0,7.0E8,
5.499999999999999E-43,0.0016,4800.0,760.0,3500.0,3799999.9999999995,920.0,990.0,3100.0,2100.0,3900.0,0.09,3799999.9999999995,0.0,2.4E-5,0.024,0.024,0.0,470.0,7.0,3.0E-31,1.8E-15,6.2E-26,0.0,2.1E7,1.0,7.0E8,
5.499999999999999E-43,0.0016,4800.0,760.0,3500.0,3799999.9999999995,920.0,990.0,3100.0,2100.0,3900.0,0.09,3799999.9999999995,0.0,2.3E-5,0.024,0.024,0.0,470.0,7.0,7.6E-34,1.8E-15,6.1E-26,0.0,2.1E7,1.0,7.0E8,
5.499999999999999E-43,0.0016,4800.0,760.0,3500.0,3799999.9999999995,920.0,990.0,3100.0,2100.0,3900.0,0.09,3799999.9999999995,0.0,2.1E-5,0.024,0.024,0.0,470.0,7.0,1.9000000000000002E-36,1.8E-15,5.899999999999999E-26,0.0,2.1E7,1.0,7.0E8,
5.499999999999999E-43,0.0016,4800.0,760.0,3500.0,3799999.9999999995,920.0,990.0,3100.0,2100.0,3900.0,0.09,3799999.9999999995,0.0,1.9E-5,0.024,0.024,0.0,470.0,7.0,5.1E-39,1.8E-15,5.4E-26,0.0,2.2E7,1.0,7.0E8,
5.499999999999999E-43,0.0016,4800.0,760.0,3500.0,3799999.9999999995,920.0,990.0,3100.0,2100.0,3900.0,0.09,3799999.9999999995,0.0,1.6E-5,0.024,0.024,0.0,470.0,7.0,4.0999999999999996E-41,1.8E-15,4.7E-26,0.0,2.4E7,1.0,7.0E8,
5.499999999999999E-43,0.0016,4800.0,760.0,3500.0,3799999.9999999995,920.0,990.0,3100.0,2100.0,3900.0,0.09,3799999.9999999995,0.0,1.4E-5,0.024,0.024,0.0,460.0,7.0,0.0,1.8E-15,4.0E-26,0.0,2.5E7,1.0,7.0E8,
5.499999999999999E-43,0.0016,4800.0,760.0,3500.0,3799999.9999999995,920.0,990.0,3100.0,2100.0,3900.0,0.09,3799999.9999999995,0.0,1.2E-5,0.024,0.024,0.0,460.0,7.0,2.2E-42,1.8E-15,3.4E-26,0.0,2.7E7,1.0,7.0E8,
5.499999999999999E-43,0.0016,4800.0,760.0,3500.0,3799999.9999999995,920.0,990.0,3100.0,2100.0,3900.0,0.09,3799999.9999999995,0.0,9.8E-6,0.024,0.024,0.0,460.0,7.0,6.2E-42,1.8E-15,2.9E-26,0.0,2.8E7,1.0,7.0E8,
5.499999999999999E-43,0.0016,4800.0,760.0,3500.0,3799999.9999999995,920.0,990.0,3100.0,2100.0,3900.0,0.09,3799999.9999999995,0.0,1.2E-5,0.024,0.024,0.0,460.0,7.0,7.7E-44,1.8E-15,2.8E-26,0.0,2.6E7,1.0,7.0E8,
5.499999999999999E-43,0.0016,4800.0,760.0,3500.0,3799999.9999999995,920.0,990.0,3100.0,2100.0,3900.0,0.089,3799999.9999999995,0.0,1.4E-5,0.024,0.024,0.0,450.0,6.9,1.9E-46,1.8E-15,3.2E-26,0.0,2.5E7,1.0,6.9E8,
5.499999999999999E-43,0.0016,4800.0,760.0,3500.0,3799999.9999999995,920.0,990.0,3100.0,2100.0,3900.0,0.089,3799999.9999999995,0.0,1.7E-5,0.024,0.024,0.0,440.0,6.9,5.0E-49,1.8E-15,3.8E-26,0.0,2.3E7,1.0,6.9E8,
5.499999999999999E-43,0.0016,4800.0,760.0,3500.0,3799999.9999999995,920.0,990.0,3100.0,2100.0,3900.0,0.089,3799999.9999999995,0.0,1.7E-5,0.024,0.024,0.0,440.0,6.9,1.3E-51,1.8E-15,4.2E-26,0.0,2.3E7,1.0,6.9E8,
5.499999999999999E-43,0.0016,4800.0,760.0,3500.0,3699999.9999999995,920.0,990.0,3100.0,2100.0,3900.0,0.088,3799999.9999999995,0.0,1.8E-5,0.024,0.024,0.0,440.0,6.9,8.7E-54,1.8E-15,4.4E-26,0.0,2.2E7,1.0,6.8E8,
5.499999999999999E-43,0.0016,4800.0,760.0,3500.0,3699999.9999999995,920.0,990.0,3100.0,2100.0,3900.0,0.088,3799999.9999999995,0.0,2.1E-5,0.024,0.024,0.0,440.0,6.9,2.2E-56,1.8E-15,4.9E-26,0.0,2.1E7,1.0,6.8E8,
5.499999999999999E-43,0.0016,4800.0,760.0,3500.0,3699999.9999999995,920.0,990.0,3100.0,2100.0,3900.0,0.088,3799999.9999999995,0.0,2.0E-5,0.024,0.024,0.0,430.0,6.9,5.7E-59,1.8E-15,5.2E-26,0.0,2.1E7,1.0,6.8E8,
5.499999999999999E-43,0.0016,4800.0,760.0,3500.0,3699999.9999999995,920.0,990.0,3100.0,2100.0,3900.0,0.088,3799999.9999999995,0.0,1.9E-5,0.024,0.024,0.0,430.0,6.9,1.4999999999999999E-61,1.8E-15,5.1E-26,0.0,2.2E7,1.0,6.8E8,
5.499999999999999E-43,0.0016,4800.0,760.0,3500.0,3699999.9999999995,920.0,990.0,3100.0,2100.0,3900.0,0.088,3799999.9999999995,0.0,1.6E-5,0.024,0.024,0.0,420.0,6.9,3.9000000000000004E-64,1.8E-15,4.7E-26,0.0,2.3E7,1.0,6.8E8,
5.499999999999999E-43,0.0016,4800.0,760.0,3500.0,3699999.9999999995,920.0,990.0,3100.0,2100.0,3900.0,0.088,3799999.9999999995,0.0,1.4E-5,0.024,0.024,0.0,420.0,6.9,3.1000000000000003E-66,1.8E-15,4.1E-26,0.0,2.4E7,1.0,6.8E8,
5.499999999999999E-43,0.0016,4800.0,760.0,3500.0,3699999.9999999995,920.0,990.0,3100.0,2100.0,3900.0,0.088,3799999.9999999995,0.0,1.2E-5,0.024,0.024,0.0,420.0,6.9,0.0,1.8E-15,3.6E-26,0.0,2.5E7,1.0,6.8E8,
5.499999999999999E-43,0.0016,4800.0,760.0,3500.0,3699999.9999999995,920.0,990.0,3100.0,2100.0,3900.0,0.088,3799999.9999999995,0.0,1.0E-5,0.024,0.024,0.0,420.0,6.9,0.0,1.8E-15,3.1E-26,0.0,2.7E7,1.0,6.8E8,
5.499999999999999E-43,0.0016,4800.0,760.0,3500.0,3699999.9999999995,920.0,990.0,3100.0,2100.0,3900.0,0.088,3799999.9999999995,0.0,8.9E-6,0.024,0.024,0.0,420.0,6.9,3.3E-67,1.8E-15,2.6E-26,0.0,2.9E7,1.0,6.8E8,
5.499999999999999E-43,0.0016,4800.0,760.0,3500.0,3699999.9999999995,920.0,990.0,3100.0,2100.0,3900.0,0.088,3799999.9999999995,0.0,1.1E-5,0.024,0.024,0.0,420.0,6.9,8.399999999999999E-70,1.8E-15,2.7E-26,0.0,2.6E7,1.0,6.8E8,
5.499999999999999E-43,0.0016,4800.0,760.0,3500.0,3699999.9999999995,920.0,990.0,3100.0,2100.0,3900.0,0.088,3799999.9999999995,0.0,1.3E-5,0.024,0.024,0.0,420.0,6.9,2.2E-72,1.8E-15,3.0E-26,0.0,2.5E7,1.0,6.8E8,
5.499999999999999E-43,0.0016,4800.0,760.0,3500.0,3699999.9999999995,920.0,990.0,3100.0,2100.0,3900.0,0.088,3799999.9999999995,0.0,1.3E-5,0.024,0.024,0.0,420.0,6.9,5.499999999999999E-75,1.8E-15,3.2E-26,0.0,2.5E7,1.0,6.8E8,
5.499999999999999E-43,0.0016,4800.0,760.0,3500.0,3699999.9999999995,920.0,990.0,3100.0,2100.0,3900.0,0.088,3799999.9999999995,0.0,1.2E-5,0.024,0.024,0.0,420.0,6.9,1.4E-77,1.8E-15,3.1E-26,0.0,2.6E7,1.0,6.8E8,
5.499999999999999E-43,0.0016,4800.0,760.0,3500.0,3699999.9999999995,920.0,990.0,3100.0,2100.0,3900.0,0.088,3799999.9999999995,0.0,1.0E-5,0.024,0.024,0.0,420.0,6.9,1.5E-79,1.8E-15,2.9E-26,0.0,2.7E7,1.0,6.8E8,
5.499999999999999E-43,0.0016,4800.0,760.0,3500.0,3699999.9999999995,920.0,990.0,3100.0,2100.0,3900.0,0.088,3799999.9999999995,0.0,9.2E-6,0.024,0.024,0.0,420.0,6.9,4.4E-80,1.8E-15,2.6E-26,0.0,2.8E7,1.0,6.8E8,
5.499999999999999E-43,0.0016,4800.0,760.0,3500.0,3699999.9999999995,920.0,990.0,3100.0,2100.0,3900.0,0.088,3799999.9999999995,0.0,8.1E-6,0.024,0.024,0.0,420.0,6.9,1.2000000000000001E-80,1.8E-15,2.3E-26,0.0,3.0E7,1.0,6.8E8,
5.499999999999999E-43,0.0016,4800.0,760.0,3500.0,3699999.9999999995,920.0,990.0,3100.0,2100.0,3900.0,0.088,3799999.9999999995,0.0,7.0E-6,0.024,0.024,0.0,410.0,6.9,0.0,1.8E-15,2.0E-26,0.0,3.1E7,1.0,6.8E8,
5.499999999999999E-43,0.0016,4800.0,760.0,3500.0,3699999.9999999995,920.0,990.0,3100.0,2100.0,3900.0,0.088,3799999.9999999995,0.0,8.3E-6,0.024,0.024,0.0,410.0,6.9,0.0,1.8E-15,2.0E-26,0.0,2.9E7,1.0,6.8E8,
5.499999999999999E-43,0.0016,4800.0,760.0,3500.0,3699999.9999999995,920.0,990.0,3100.0,2100.0,3900.0,0.088,3799999.9999999995,0.0,9.9E-6,0.024,0.024,0.0,410.0,6.9,0.0,1.8E-15,2.3E-26,0.0,2.7E7,1.0,6.8E8,
5.499999999999999E-43,0.0016,4800.0,760.0,3500.0,3699999.9999999995,920.0,990.0,3100.0,2100.0,3900.0,0.088,3799999.9999999995,0.0,1.0E-5,0.024,0.024,0.0,410.0,6.9,0.0,1.8E-15,2.5E-26,0.0,2.7E7,1.0,6.8E8,
8.4E-42,0.035,20000.0,100000.0,18000.0,4900000.0,4800.0,3900.0,4600.0,4100.0,14000.0,0.09,5000000.0,0.0,2.6E-5,0.05,0.05,0.0,590.0,16.0,2.3E-9,2.0E-15,3.9E-21,0.0,2.7E7,1.0,7.1E8,
8.4E-42,0.035,20000.0,100000.0,18000.0,4900000.0,4800.0,3800.0,4600.0,4000.0,1600.0,0.089,5000000.0,0.0,3.2E-5,0.03,0.03,0.0,580.0,16.0,1.8E-11,2.0E-15,1.4E-21,0.0,2.5E7,1.0,7.1E8,
4.999999999999999E-43,0.0021,12000.0,2100.0,370.0,4800000.0,4800.0,3800.0,4600.0,4000.0,1600.0,0.089,4900000.0,0.0,8.8E-6,0.011,0.011,0.0,570.0,3.7,3.7E-13,1.9E-15,3.9E-23,0.0,2.4E7,1.0,7.1E8,
4.9E-43,0.002,4900.0,2100.0,370.0,4600000.0,4800.0,3800.0,4600.0,4000.0,1600.0,0.089,4600000.0,0.0,9.1E-6,0.011,0.011,0.0,570.0,3.5,5.0E-14,1.9E-15,2.5E-23,0.0,2.3E7,1.0,7.1E8,
4.4999999999999995E-43,0.0019,4900.0,2100.0,370.0,4099999.9999999995,4800.0,3800.0,4600.0,4000.0,1600.0,0.088,4200000.0,0.0,8.8E-6,0.0097,0.0097,0.0,570.0,3.2,1.8E-14,1.9E-15,1.9E-23,0.0,2.3E7,1.0,7.0E8,
4.4E-43,0.0018,4900.0,2100.0,370.0,3899999.9999999995,4800.0,3800.0,4600.0,4000.0,1600.0,0.088,3899999.9999999995,0.0,9.5E-6,0.0094,0.0094,0.0,570.0,3.1,3.4E-16,1.9E-15,8.4E-24,0.0,2.1E7,1.0,7.0E8,
4.3E-43,0.0018,4900.0,2100.0,370.0,3799999.9999999995,4800.0,3800.0,4600.0,4000.0,1600.0,0.088,3799999.9999999995,0.0,1.1E-5,0.0092,0.0092,0.0,570.0,3.0,2.4E-18,1.9E-15,2.9999999999999996E-24,0.0,2.0E7,1.0,7.0E8,
4.3E-43,0.0018,4900.0,2100.0,370.0,3799999.9999999995,4800.0,3800.0,4600.0,4000.0,1600.0,0.088,3799999.9999999995,0.0,1.1E-5,0.0092,0.0092,0.0,570.0,3.0,6.2E-21,1.9E-15,9.3E-25,0.0,2.0E7,1.0,7.0E8,
4.3E-43,0.0018,4900.0,2100.0,370.0,3799999.9999999995,4800.0,3800.0,4600.0,4000.0,1600.0,0.088,3799999.9999999995,0.0,1.0E-5,0.0092,0.0092,0.0,570.0,3.0,1.6000000000000002E-23,1.9E-15,3.0E-25,0.0,2.0E7,1.0,7.0E8,
4.3E-43,0.0018,4900.0,2100.0,370.0,3799999.9999999995,4800.0,3800.0,4600.0,4000.0,1600.0,0.088,3799999.9999999995,0.0,9.0E-6,0.0092,0.0092,0.0,560.0,3.0,4.1E-26,1.9E-15,1.0999999999999999E-25,0.0,2.1E7,1.0,7.0E8,
4.3E-43,0.0018,4900.0,2100.0,370.0,3799999.9999999995,4800.0,3800.0,4600.0,4000.0,1600.0,0.088,3799999.9999999995,0.0,7.8E-6,0.0092,0.0092,0.0,550.0,3.0,1.2E-28,1.9E-15,4.9E-26,0.0,2.3E7,1.0,7.0E8,
4.3E-43,0.0018,4900.0,2100.0,370.0,3799999.9999999995,4800.0,3800.0,4600.0,4000.0,1600.0,0.088,3799999.9999999995,0.0,6.6E-6,0.0092,0.0092,0.0,550.0,3.0,3.7E-31,1.9E-15,2.8E-26,0.0,2.4E7,1.0,7.0E8,
4.3E-43,0.0018,4900.0,2100.0,370.0,3799999.9999999995,4800.0,3800.0,4600.0,4000.0,1600.0,0.088,3799999.9999999995,0.0,5.6E-6,0.0092,0.0092,0.0,540.0,3.0,9.1E-34,1.9E-15,2.0E-26,0.0,2.5E7,1.0,7.0E8,
4.3E-43,0.0018,4900.0,2100.0,370.0,3799999.9999999995,4800.0,3800.0,4600.0,4000.0,1600.0,0.088,3799999.9999999995,0.0,4.7E-6,0.0092,0.0092,0.0,530.0,3.0,2.2E-36,1.9E-15,1.6E-26,0.0,2.7E7,1.0,7.0E8,
4.3E-43,0.0018,4900.0,2100.0,370.0,3799999.9999999995,4800.0,3800.0,4600.0,4000.0,1600.0,0.088,3799999.9999999995,0.0,4.7E-6,0.0092,0.0092,0.0,530.0,3.0,5.4999999999999995E-39,1.9E-15,1.3E-26,0.0,2.7E7,1.0,7.0E8,
4.3E-43,0.0018,4900.0,2100.0,370.0,3799999.9999999995,4800.0,3800.0,4600.0,4000.0,1600.0,0.088,3799999.9999999995,0.0,5.6E-6,0.0092,0.0092,0.0,520.0,3.0,1.3999999999999998E-41,1.9E-15,1.4E-26,0.0,2.5E7,1.0,7.0E8,
4.3E-43,0.0018,4900.0,2100.0,370.0,3799999.9999999995,4800.0,3800.0,4600.0,4000.0,1600.0,0.088,3799999.9999999995,0.0,5.9E-6,0.0092,0.0092,0.0,520.0,3.0,3.7000000000000005E-44,1.9E-15,1.5E-26,0.0,2.5E7,1.0,7.0E8,
4.3E-43,0.0018,4900.0,2100.0,370.0,3799999.9999999995,4800.0,3800.0,4600.0,4000.0,1600.0,0.088,3799999.9999999995,0.0,5.7E-6,0.0092,0.0092,0.0,520.0,3.0,9.4E-47,1.9E-15,1.6E-26,0.0,2.5E7,1.0,7.0E8,
4.3E-43,0.0018,4900.0,2100.0,370.0,3799999.9999999995,4800.0,3800.0,4600.0,4000.0,1600.0,0.088,3799999.9999999995,0.0,5.2E-6,0.0092,0.0092,0.0,520.0,3.0,2.6E-49,1.9E-15,1.5E-26,0.0,2.6E7,1.0,7.0E8,
4.3E-43,0.0018,4900.0,2100.0,370.0,3799999.9999999995,4800.0,3800.0,4600.0,4000.0,1600.0,0.088,3799999.9999999995,0.0,4.6E-6,0.0092,0.0092,0.0,520.0,3.0,5.7E-52,1.9E-15,1.4E-26,0.0,2.7E7,1.0,7.0E8,
4.3E-43,0.0018,4900.0,2100.0,370.0,3799999.9999999995,4800.0,3800.0,4600.0,4000.0,1600.0,0.088,3799999.9999999995,0.0,4.0E-6,0.0092,0.0092,0.0,510.0,3.0,0.0,1.9E-15,1.2E-26,0.0,2.9E7,1.0,7.0E8,
4.3E-43,0.0018,4900.0,2100.0,370.0,3799999.9999999995,4800.0,3800.0,4600.0,4000.0,1600.0,0.088,3799999.9999999995,0.0,3.5E-6,0.0092,0.0092,0.0,500.0,3.0,0.0,1.9E-15,1.1E-26,0.0,3.0E7,1.0,7.0E8,
4.3E-43,0.0018,4900.0,2100.0,370.0,3799999.9999999995,4800.0,3800.0,4600.0,4000.0,1600.0,0.088,3799999.9999999995,0.0,3.0E-6,0.0092,0.0092,0.0,500.0,3.0,0.0,1.9E-15,9.4E-27,0.0,3.2E7,1.0,7.0E8,
4.3E-43,0.0018,4900.0,2100.0,370.0,3799999.9999999995,4800.0,3800.0,4600.0,4000.0,1600.0,0.088,3799999.9999999995,0.0,4.0E-6,0.0092,0.0092,0.0,500.0,3.0,0.0,1.9E-15,9.800000000000001E-27,0.0,2.9E7,1.0,7.0E8,
4.3E-43,0.0018,4900.0,2100.0,370.0,3799999.9999999995,4800.0,3800.0,4600.0,4000.0,1600.0,0.088,3799999.9999999995,0.0,4.5E-6,0.0092,0.0092,0.0,500.0,3.0,0.0,1.9E-15,1.1E-26,0.0,2.7E7,1.0,7.0E8,
4.3E-43,0.0018,4900.0,2100.0,370.0,3799999.9999999995,4800.0,3800.0,4600.0,4000.0,1600.0,0.088,3799999.9999999995,0.0,4.6E-6,0.0092,0.0092,0.0,500.0,3.0,0.0,1.9E-15,1.2E-26,0.0,2.7E7,1.0,7.0E8,
4.3E-43,0.0018,4900.0,2100.0,370.0,3799999.9999999995,4800.0,3800.0,4600.0,4000.0,1600.0,0.088,3799999.9999999995,0.0,5.1E-6,0.0091,0.0091,0.0,490.0,2.9,0.0,1.9E-15,1.3E-26,0.0,2.6E7,1.0,6.9E8,
4.3E-43,0.0018,4900.0,2100.0,370.0,3799999.9999999995,4800.0,3800.0,4600.0,4000.0,1600.0,0.088,3799999.9999999995,0.0,5.9E-6,0.0091,0.0091,0.0,490.0,2.9,0.0,1.9E-15,1.5E-26,0.0,2.4E7,1.0,6.9E8,
4.3E-43,0.0018,4900.0,2100.0,370.0,3799999.9999999995,4800.0,3800.0,4600.0,4000.0,1600.0,0.088,3799999.9999999995,0.0,6.1E-6,0.0091,0.0091,0.0,480.0,2.9,0.0,1.9E-15,1.6E-26,0.0,2.4E7,1.0,6.9E8,
4.3E-43,0.0018,4900.0,2100.0,370.0,3799999.9999999995,4800.0,3800.0,4600.0,4000.0,1600.0,0.088,3799999.9999999995,0.0,5.8E-6,0.0091,0.0091,0.0,480.0,2.9,0.0,1.9E-15,1.6E-26,0.0,2.5E7,1.0,6.9E8,
4.3E-43,0.0018,4900.0,2100.0,370.0,3799999.9999999995,4800.0,3800.0,4600.0,4000.0,1600.0,0.088,3799999.9999999995,0.0,5.2E-6,0.0091,0.0091,0.0,480.0,2.9,0.0,1.9E-15,1.5E-26,0.0,2.6E7,1.0,6.9E8,
4.3E-43,0.0018,4900.0,2100.0,370.0,3799999.9999999995,4800.0,3800.0,4600.0,4000.0,1600.0,0.088,3799999.9999999995,0.0,4.6E-6,0.0091,0.0091,0.0,480.0,2.9,0.0,1.9E-15,1.4E-26,0.0,2.7E7,1.0,6.9E8,
4.3E-43,0.0018,4900.0,2100.0,370.0,3799999.9999999995,4800.0,3800.0,4600.0,4000.0,1600.0,0.088,3799999.9999999995,0.0,4.0E-6,0.0091,0.0091,0.0,480.0,2.9,0.0,1.9E-15,1.2E-26,0.0,2.8E7,1.0,6.9E8,
4.3E-43,0.0018,4900.0,2100.0,370.0,3799999.9999999995,4800.0,3800.0,4600.0,4000.0,1600.0,0.088,3799999.9999999995,0.0,3.5E-6,0.0091,0.0091,0.0,470.0,2.9,0.0,1.9E-15,1.1E-26,0.0,3.0E7,1.0,6.9E8,
4.3E-43,0.0018,4900.0,2100.0,370.0,3799999.9999999995,4800.0,3800.0,4600.0,4000.0,1600.0,0.088,3799999.9999999995,0.0,3.3E-6,0.0091,0.0091,0.0,470.0,2.9,0.0,1.9E-15,9.5E-27,0.0,3.0E7,1.0,6.9E8,
4.3E-43,0.0018,4900.0,2100.0,370.0,3799999.9999999995,4800.0,3800.0,4600.0,4000.0,1600.0,0.088,3799999.9999999995,0.0,4.2E-6,0.0091,0.0091,0.0,470.0,2.9,0.0,1.9E-15,1.0E-26,0.0,2.8E7,1.0,6.9E8,
4.3E-43,0.0018,4900.0,2100.0,370.0,3799999.9999999995,4800.0,3800.0,4600.0,4000.0,1600.0,0.088,3799999.9999999995,0.0,4.6E-6,0.0091,0.0091,0.0,470.0,2.9,0.0,1.9E-15,1.2E-26,0.0,2.7E7,1.0,6.9E8,
4.3E-43,0.0018,4900.0,2100.0,370.0,3799999.9999999995,4800.0,3800.0,4600.0,4000.0,1600.0,0.088,3799999.9999999995,0.0,4.6E-6,0.0091,0.0091,0.0,470.0,2.9,0.0,1.9E-15,1.3E-26,0.0,2.7E7,1.0,6.9E8,
4.3E-43,0.0018,4900.0,2100.0,370.0,3799999.9999999995,4800.0,3800.0,4600.0,4000.0,1600.0,0.088,3799999.9999999995,0.0,4.3E-6,0.0091,0.0091,0.0,470.0,2.9,0.0,1.9E-15,1.2E-26,0.0,2.7E7,1.0,6.9E8,
4.3E-43,0.0018,4900.0,2100.0,370.0,3799999.9999999995,4800.0,3800.0,4600.0,4000.0,1600.0,0.088,3799999.9999999995,0.0,3.9E-6,0.0091,0.0091,0.0,470.0,2.9,0.0,1.9E-15,1.2E-26,0.0,2.8E7,1.0,6.9E8,
4.3E-43,0.0018,4900.0,2100.0,370.0,3799999.9999999995,4800.0,3800.0,4600.0,4000.0,1600.0,0.088,3799999.9999999995,0.0,3.5E-6,0.0091,0.0091,0.0,470.0,2.9,0.0,1.9E-15,1.1E-26,0.0,3.0E7,1.0,6.9E8,
4.3E-43,0.0018,4900.0,2100.0,370.0,3799999.9999999995,4800.0,3800.0,4600.0,4000.0,1600.0,0.088,3799999.9999999995,0.0,3.0E-6,0.0091,0.0091,0.0,470.0,2.9,0.0,1.9E-15,9.4E-27,0.0,3.1E7,1.0,6.9E8,
4.3E-43,0.0018,4900.0,2100.0,370.0,3799999.9999999995,4800.0,3800.0,4600.0,4000.0,1600.0,0.088,3799999.9999999995,0.0,2.7E-6,0.0091,0.0091,0.0,460.0,2.9,0.0,1.9E-15,8.300000000000001E-27,0.0,3.3E7,1.0,6.9E8,
4.3E-43,0.0018,4900.0,2100.0,370.0,3799999.9999999995,4800.0,3800.0,4600.0,4000.0,1600.0,0.088,3799999.9999999995,0.0,3.4E-6,0.0091,0.0091,0.0,460.0,2.9,0.0,1.9E-15,8.300000000000001E-27,0.0,3.0E7,1.0,6.9E8,
4.3E-43,0.0018,4900.0,2100.0,370.0,3799999.9999999995,4800.0,3800.0,4600.0,4000.0,1600.0,0.088,3799999.9999999995,0.0,3.9E-6,0.0091,0.0091,0.0,450.0,2.9,0.0,1.9E-15,9.800000000000001E-27,0.0,2.8E7,1.0,6.9E8,
4.3E-43,0.0018,4900.0,2100.0,370.0,3799999.9999999995,4800.0,3800.0,4600.0,4000.0,1600.0,0.088,3799999.9999999995,0.0,4.1E-6,0.0091,0.0091,0.0,440.0,2.9,0.0,1.9E-15,1.1E-26,0.0,2.8E7,1.0,6.9E8,
4.3E-43,0.0018,4900.0,2100.0,370.0,3799999.9999999995,4800.0,3800.0,4600.0,4000.0,1600.0,0.088,3799999.9999999995,0.0,4.0E-6,0.0091,0.0091,0.0,440.0,2.9,0.0,1.9E-15,1.1E-26,0.0,2.8E7,1.0,6.9E8,
4.3E-43,0.0018,4900.0,2100.0,370.0,3799999.9999999995,4800.0,3800.0,4600.0,4000.0,1600.0,0.088,3799999.9999999995,0.0,3.6E-6,0.0091,0.0091,0.0,440.0,2.9,0.0,1.9E-15,1.1E-26,0.0,2.9E7,1.0,6.9E8,
4.3E-43,0.0018,4900.0,2100.0,370.0,3799999.9999999995,4800.0,3800.0,4600.0,4000.0,1600.0,0.088,3799999.9999999995,0.0,3.3E-6,0.0091,0.0091,0.0,430.0,2.9,0.0,1.9E-15,9.800000000000001E-27,0.0,3.0E7,1.0,6.9E8,
4.3E-43,0.0018,4900.0,2100.0,370.0,3699999.9999999995,4800.0,3800.0,4600.0,4000.0,1600.0,0.087,3799999.9999999995,0.0,2.9E-6,0.0091,0.0091,0.0,430.0,2.9,0.0,1.9E-15,8.800000000000001E-27,0.0,3.1E7,1.0,6.8E8,
4.3E-43,0.0018,4900.0,2100.0,370.0,3699999.9999999995,4800.0,3800.0,4600.0,4000.0,1600.0,0.087,3799999.9999999995,0.0,3.8E-6,0.0091,0.0091,0.0,430.0,2.9,0.0,1.9E-15,9.2E-27,0.0,2.8E7,1.0,6.8E8,
4.3E-43,0.0018,4900.0,2100.0,370.0,3699999.9999999995,4800.0,3800.0,4600.0,4000.0,1600.0,0.087,3799999.9999999995,0.0,4.6E-6,0.0091,0.0091,0.0,430.0,2.9,0.0,1.9E-15,1.1E-26,0.0,2.7E7,1.0,6.8E8,
4.3E-43,0.0018,4900.0,2100.0,370.0,3699999.9999999995,4800.0,3800.0,4600.0,4000.0,1600.0,0.087,3799999.9999999995,0.0,4.8E-6,0.0091,0.0091,0.0,430.0,2.9,0.0,1.9E-15,1.3E-26,0.0,2.6E7,1.0,6.8E8,
4.3E-43,0.0018,4900.0,2100.0,370.0,3699999.9999999995,4800.0,3800.0,4600.0,4000.0,1600.0,0.087,3799999.9999999995,0.0,4.7E-6,0.0091,0.0091,0.0,430.0,2.9,0.0,1.9E-15,1.3E-26,0.0,2.6E7,1.0,6.8E8,
4.3E-43,0.0018,4900.0,2100.0,370.0,3699999.9999999995,4800.0,3800.0,4600.0,4000.0,1600.0,0.087,3799999.9999999995,0.0,4.3E-6,0.0091,0.0091,0.0,420.0,2.9,0.0,1.9E-15,1.3E-26,0.0,2.7E7,1.0,6.8E8,
4.3E-43,0.0018,4900.0,2100.0,370.0,3699999.9999999995,4800.0,3800.0,4600.0,4000.0,1600.0,0.087,3799999.9999999995,0.0,3.8E-6,0.0091,0.0091,0.0,420.0,2.9,0.0,1.9E-15,1.2E-26,0.0,2.8E7,1.0,6.8E8,
4.3E-43,0.0018,4900.0,2100.0,370.0,3699999.9999999995,4800.0,3800.0,4600.0,4000.0,1600.0,0.087,3799999.9999999995,0.0,3.4E-6,0.0091,0.0091,0.0,420.0,2.9,0.0,1.9E-15,1.0E-26,0.0,3.0E7,1.0,6.8E8,
4.3E-43,0.0018,4900.0,2100.0,370.0,3699999.9999999995,4800.0,3800.0,4600.0,4000.0,1600.0,0.087,3799999.9999999995,0.0,3.0E-6,0.0091,0.0091,0.0,420.0,2.9,0.0,1.9E-15,9.2E-27,0.0,3.1E7,1.0,6.8E8,
4.3E-43,0.0018,4900.0,2100.0,370.0,3699999.9999999995,4800.0,3800.0,4600.0,4000.0,1600.0,0.087,3799999.9999999995,0.0,2.8E-6,0.0091,0.0091,0.0,420.0,2.9,0.0,1.9E-15,8.1E-27,0.0,3.2E7,1.0,6.8E8,
4.3E-43,0.0018,4900.0,2100.0,370.0,3699999.9999999995,4800.0,3800.0,4600.0,4000.0,1600.0,0.087,3799999.9999999995,0.0,3.7E-6,0.0091,0.0091,0.0,410.0,2.9,0.0,1.9E-15,9.0E-27,0.0,2.9E7,1.0,6.8E8,
4.3E-43,0.0018,4900.0,2100.0,370.0,3699999.9999999995,4800.0,3800.0,4600.0,4000.0,1600.0,0.087,3799999.9999999995,0.0,4.1E-6,0.0091,0.0091,0.0,410.0,2.9,0.0,1.9E-15,1.0E-26,0.0,2.8E7,1.0,6.8E8,
4.3E-43,0.0018,4900.0,2100.0,370.0,3699999.9999999995,4800.0,3800.0,4600.0,4000.0,1600.0,0.087,3799999.9999999995,0.0,4.1E-6,0.0091,0.0091,0.0,410.0,2.9,0.0,1.9E-15,1.1E-26,0.0,2.7E7,1.0,6.8E8,
4.3E-43,0.0018,4900.0,2100.0,370.0,3699999.9999999995,4800.0,3800.0,4600.0,4000.0,1600.0,0.087,3799999.9999999995,0.0,3.9E-6,0.0091,0.0091,0.0,410.0,2.9,0.0,1.9E-15,1.1E-26,0.0,2.8E7,1.0,6.8E8,
4.699999999999999E-43,0.0048,3900.0,5400.0,4200.0,5000000.0,1700.0,5100.0,6200.0,6100.0,5500.0,0.087,5100000.0,0.0,4.0E-6,0.017,0.017,0.0,520.0,2.6,9.3E-9,2.0E-15,2.1999999999999996E-22,0.0,2.8E7,1.0,7.1E8,
4.6E-43,0.0046,3900.0,5400.0,4200.0,4500000.0,1700.0,5100.0,6200.0,6100.0,5500.0,0.087,4600000.0,0.0,4.5E-6,0.016,0.016,0.0,520.0,2.5,4.7E-10,2.0E-15,1.0999999999999998E-22,0.0,2.6E7,1.0,7.1E8,
4.4999999999999995E-43,0.0045,3900.0,5400.0,4200.0,4400000.0,1700.0,5100.0,6200.0,6100.0,5500.0,0.087,4400000.0,0.0,5.0E-6,0.016,0.016,0.0,510.0,2.4,2.4E-11,2.0E-15,6.2E-23,0.0,2.5E7,1.0,7.0E8,
4.4E-43,0.0045,3900.0,5400.0,4200.0,4200000.0,1700.0,5100.0,6200.0,6100.0,5500.0,0.086,4200000.0,0.0,5.9E-6,0.015,0.015,0.0,510.0,2.4,4.5E-13,2.0E-15,2.8000000000000003E-23,0.0,2.3E7,1.0,7.0E8,
4.4E-43,0.0044,3900.0,5400.0,4200.0,3999999.9999999995,1700.0,5100.0,6200.0,6100.0,5500.0,0.086,4099999.9999999995,0.0,7.1E-6,0.015,0.015,0.0,500.0,2.3,1.2E-15,2.0E-15,8.199999999999999E-24,0.0,2.1E7,1.0,7.0E8,
4.4E-43,0.0044,3800.0,5400.0,4100.0,3999999.9999999995,1700.0,5100.0,6200.0,6000.0,5500.0,0.086,3999999.9999999995,0.0,8.1E-6,0.015,0.015,0.0,490.0,2.3,8.3E-18,2.0E-15,2.9999999999999996E-24,0.0,2.0E7,1.0,7.0E8,
4.3E-43,0.0044,3800.0,5400.0,4100.0,3899999.9999999995,1700.0,5100.0,6200.0,6000.0,5500.0,0.086,3899999.9999999995,0.0,9.3E-6,0.015,0.015,0.0,490.0,2.3,5.9E-20,2.0E-15,1.0999999999999998E-24,0.0,1.9E7,1.0,7.0E8,
4.3E-43,0.0043,3800.0,5400.0,4100.0,3799999.9999999995,1700.0,5100.0,6200.0,6000.0,5500.0,0.086,3799999.9999999995,0.0,9.9E-6,0.015,0.015,0.0,480.0,2.2,3.0E-21,2.0E-15,6.2E-25,0.0,1.9E7,1.0,7.0E8,
4.3E-43,0.0043,3800.0,5400.0,4100.0,3799999.9999999995,1700.0,5100.0,6200.0,6000.0,5500.0,0.086,3799999.9999999995,0.0,1.1E-5,0.015,0.015,0.0,480.0,2.2,7.899999999999999E-24,2.0E-15,2.1E-25,0.0,1.8E7,1.0,7.0E8,
4.3E-43,0.0043,3800.0,5400.0,4100.0,3799999.9999999995,1700.0,5100.0,6200.0,6000.0,5500.0,0.086,3799999.9999999995,0.0,1.0E-5,0.015,0.015,0.0,480.0,2.2,2.1E-26,2.0E-15,8.3E-26,0.0,1.9E7,1.0,7.0E8,
4.3E-43,0.0043,3800.0,5400.0,4100.0,3799999.9999999995,1700.0,5100.0,6200.0,6000.0,5500.0,0.086,3799999.9999999995,0.0,8.6E-6,0.015,0.015,0.0,470.0,2.2,2.0E-29,2.0E-15,4.0E-26,0.0,2.0E7,1.0,7.0E8,
4.3E-43,0.0043,3800.0,5400.0,4100.0,3799999.9999999995,1700.0,5100.0,6200.0,6000.0,5500.0,0.086,3799999.9999999995,0.0,7.5E-6,0.015,0.015,0.0,470.0,2.2,1.5E-31,2.0E-15,2.9E-26,0.0,2.1E7,1.0,7.0E8,
4.3E-43,0.0043,3800.0,5400.0,4100.0,3799999.9999999995,1700.0,5100.0,6200.0,6000.0,5500.0,0.086,3799999.9999999995,0.0,6.1E-6,0.015,0.015,0.0,470.0,2.2,1.4E-34,2.0E-15,2.1E-26,0.0,2.2E7,1.0,7.0E8,
4.3E-43,0.0043,3800.0,5400.0,4100.0,3799999.9999999995,1700.0,5100.0,6200.0,6000.0,5500.0,0.086,3799999.9999999995,0.0,5.8E-6,0.015,0.015,0.0,470.0,2.2,9.6E-37,2.0E-15,1.8E-26,0.0,2.2E7,1.0,6.9E8,
4.3E-43,0.0043,3800.0,5400.0,4100.0,3799999.9999999995,1700.0,5100.0,6200.0,6000.0,5500.0,0.086,3799999.9999999995,0.0,6.5E-6,0.015,0.015,0.0,460.0,2.2,6.8E-39,2.0E-15,1.8E-26,0.0,2.1E7,1.0,6.9E8,
4.3E-43,0.0043,3800.0,5400.0,4100.0,3699999.9999999995,1700.0,5100.0,6200.0,6000.0,5500.0,0.086,3799999.9999999995,0.0,6.6E-6,0.015,0.015,0.0,460.0,2.2,1.8E-41,2.0E-15,1.9E-26,0.0,2.1E7,1.0,6.9E8,
4.3E-43,0.0043,3800.0,5400.0,4100.0,3699999.9999999995,1700.0,5100.0,6200.0,6000.0,5500.0,0.086,3799999.9999999995,0.0,6.1E-6,0.015,0.015,0.0,460.0,2.2,4.7E-44,2.0E-15,1.8E-26,0.0,2.2E7,1.0,6.9E8,
4.3E-43,0.0043,3800.0,5400.0,4100.0,3699999.9999999995,1700.0,5100.0,6200.0,6000.0,5500.0,0.086,3799999.9999999995,0.0,5.4E-6,0.015,0.015,0.0,460.0,2.2,1.2999999999999999E-46,2.0E-15,1.7E-26,0.0,2.3E7,1.0,6.9E8,
4.3E-43,0.0043,3800.0,5400.0,4100.0,3699999.9999999995,1700.0,5100.0,6200.0,6000.0,5500.0,0.086,3799999.9999999995,0.0,4.6E-6,0.015,0.015,0.0,460.0,2.2,1.2E-48,2.0E-15,1.5E-26,0.0,2.4E7,1.0,6.9E8,
4.3E-43,0.0043,3800.0,5400.0,4100.0,3699999.9999999995,1700.0,5100.0,6200.0,6000.0,5500.0,0.086,3799999.9999999995,0.0,3.9E-6,0.015,0.015,0.0,460.0,2.2,1.9E-49,2.0E-15,1.3E-26,0.0,2.6E7,1.0,6.9E8,
4.3E-43,0.0043,3800.0,5400.0,4100.0,3699999.9999999995,1700.0,5100.0,6200.0,6000.0,5500.0,0.086,3799999.9999999995,0.0,3.3E-6,0.015,0.015,0.0,460.0,2.2,0.0,2.0E-15,1.1E-26,0.0,2.7E7,1.0,6.9E8,
1.2E-42,0.023,13000.0,47000.0,8000.0,5000000.0,1700.0,5100.0,6200.0,6000.0,5500.0,0.087,5100000.0,0.0,1.3E-5,0.022,0.022,0.0,510.0,8.9,7.7E-10,2.0E-15,1.5E-21,0.0,2.8E7,1.0,7.1E8,
1.4999999999999998E-43,0.0028,5400.0,2000.0,490.0,4700000.0,1700.0,5100.0,6100.0,6000.0,5400.0,0.087,4700000.0,0.0,5.7E-6,0.014,0.014,0.0,510.0,3.6,1.1E-10,2.0E-15,1.3E-22,0.0,2.7E7,1.0,7.1E8,
1.4E-43,0.0026,5400.0,2000.0,490.0,4400000.0,1700.0,5100.0,6100.0,6000.0,5400.0,0.086,4400000.0,0.0,5.9E-6,0.014,0.014,0.0,510.0,3.3,1.4E-11,2.0E-15,8.0E-23,0.0,2.6E7,1.0,7.0E8,
1.4E-43,0.0025,5400.0,2000.0,490.0,4200000.0,1700.0,5100.0,6100.0,6000.0,5400.0,0.086,4200000.0,0.0,6.8E-6,0.013,0.013,0.0,510.0,3.2,2.7E-13,2.0E-15,3.5E-23,0.0,2.4E7,1.0,7.0E8,
8.2E-43,0.0078,7400.0,13000.0,2600.0,4900000.0,8800.0,5000.0,6100.0,6000.0,5400.0,0.087,5000000.0,0.0,7.3E-6,0.017,0.017,0.0,510.0,9.8,1.1E-9,2.0E-15,7.5E-22,0.0,2.3E7,1.0,7.1E8,
5.1E-43,0.0048,7400.0,5100.0,2600.0,4800000.0,1300.0,5000.0,6100.0,6000.0,5400.0,0.086,4800000.0,0.0,2.7E-5,0.015,0.015,0.0,520.0,9.6,5.8E-11,2.0E-15,2.5E-22,0.0,2.2E7,1.0,7.1E8,
4.999999999999999E-43,0.0047,7300.0,5000.0,2600.0,4500000.0,1300.0,5000.0,6100.0,6000.0,5400.0,0.086,4600000.0,0.0,3.0E-5,0.015,0.015,0.0,520.0,9.3,1.1E-12,2.0E-15,1.0999999999999998E-22,0.0,2.1E7,1.0,7.0E8,
4.7999999999999996E-43,0.0046,7300.0,5000.0,2600.0,4200000.0,1300.0,5000.0,6100.0,5900.0,5400.0,0.086,4200000.0,0.0,3.2E-5,0.014,0.014,0.0,510.0,8.8,5.6E-14,2.0E-15,6.0E-23,0.0,2.0E7,1.0,7.0E8,
4.6E-43,0.0044,7300.0,5000.0,2600.0,3799999.9999999995,1300.0,5000.0,6100.0,5900.0,5400.0,0.085,3799999.9999999995,0.0,3.4E-5,0.014,0.014,0.0,510.0,8.3,3.9E-16,2.0E-15,2.1E-23,0.0,1.9E7,1.0,7.0E8,
4.6E-43,0.0044,7300.0,5000.0,2600.0,3799999.9999999995,1300.0,5000.0,6100.0,5900.0,5400.0,0.085,3799999.9999999995,0.0,3.5E-5,0.014,0.014,0.0,500.0,8.3,1.0E-18,2.0E-15,6.499999999999999E-24,0.0,1.9E7,1.0,7.0E8,
4.6E-43,0.0044,7300.0,5000.0,2600.0,3799999.9999999995,1300.0,5000.0,6100.0,5900.0,5400.0,0.085,3799999.9999999995,0.0,3.3E-5,0.014,0.014,0.0,500.0,8.3,2.7E-21,2.0E-15,2.0E-24,0.0,1.9E7,1.0,7.0E8,
4.6E-43,0.0044,7300.0,5000.0,2600.0,3799999.9999999995,1300.0,5000.0,6100.0,5900.0,5400.0,0.085,3799999.9999999995,0.0,2.9E-5,0.014,0.014,0.0,500.0,8.3,7.199999999999999E-24,2.0E-15,6.699999999999999E-25,0.0,2.0E7,1.0,7.0E8,
4.6E-43,0.0044,7300.0,5000.0,2600.0,3799999.9999999995,1300.0,5000.0,6100.0,5900.0,5400.0,0.085,3799999.9999999995,0.0,2.5E-5,0.014,0.014,0.0,500.0,8.3,2.0E-26,2.0E-15,2.5E-25,0.0,2.1E7,1.0,7.0E8,
4.6E-43,0.0044,7300.0,5000.0,2600.0,3799999.9999999995,1300.0,5000.0,6100.0,5900.0,5400.0,0.085,3799999.9999999995,0.0,2.1E-5,0.014,0.014,0.0,500.0,8.3,6.5E-29,2.0E-15,1.2E-25,0.0,2.3E7,1.0,7.0E8,
4.6E-43,0.0044,7300.0,5000.0,2600.0,3799999.9999999995,1300.0,5000.0,6100.0,5900.0,5400.0,0.085,3799999.9999999995,0.0,1.7E-5,0.014,0.014,0.0,500.0,8.3,1.6999999999999998E-31,2.0E-15,7.4E-26,0.0,2.4E7,1.0,7.0E8,
4.6E-43,0.0044,7300.0,5000.0,2600.0,3799999.9999999995,1300.0,5000.0,6100.0,5900.0,5400.0,0.085,3799999.9999999995,0.0,1.5E-5,0.014,0.014,0.0,500.0,8.3,4.6E-35,2.0E-15,5.4E-26,0.0,2.6E7,1.0,7.0E8,
4.6E-43,0.0044,7300.0,5000.0,2600.0,3799999.9999999995,1300.0,5000.0,6100.0,5900.0,5400.0,0.085,3799999.9999999995,0.0,1.3E-5,0.014,0.014,0.0,500.0,8.3,9.499999999999999E-35,2.0E-15,4.3E-26,0.0,2.7E7,1.0,7.0E8,
4.6E-43,0.0044,7300.0,5000.0,2600.0,3799999.9999999995,1300.0,5000.0,6100.0,5900.0,5400.0,0.085,3799999.9999999995,0.0,1.6E-5,0.014,0.014,0.0,490.0,8.3,2.5E-37,2.0E-15,4.4E-26,0.0,2.5E7,1.0,7.0E8,
4.6E-43,0.0044,7300.0,5000.0,2600.0,3799999.9999999995,1300.0,5000.0,6100.0,5900.0,5400.0,0.085,3799999.9999999995,0.0,1.7E-5,0.014,0.014,0.0,490.0,8.3,6.6E-40,2.0E-15,4.8E-26,0.0,2.4E7,1.0,7.0E8,
4.6E-43,0.0044,7300.0,5000.0,2600.0,3799999.9999999995,1300.0,5000.0,6100.0,5900.0,5400.0,0.085,3799999.9999999995,0.0,1.7E-5,0.014,0.014,0.0,490.0,8.3,1.7E-42,2.0E-15,4.9E-26,0.0,2.5E7,1.0,7.0E8,
4.6E-43,0.0044,7300.0,5000.0,2600.0,3799999.9999999995,1300.0,5000.0,6100.0,5900.0,5400.0,0.085,3799999.9999999995,0.0,1.5E-5,0.014,0.014,0.0,490.0,8.3,4.7E-45,2.0E-15,4.7E-26,0.0,2.5E7,1.0,7.0E8,
4.6E-43,0.0044,7300.0,5000.0,2600.0,3799999.9999999995,1300.0,5000.0,6100.0,5900.0,5400.0,0.085,3799999.9999999995,0.0,1.4E-5,0.014,0.014,0.0,480.0,8.3,4.1E-47,2.0E-15,4.3E-26,0.0,2.6E7,1.0,7.0E8,
4.6E-43,0.0044,7300.0,5000.0,2600.0,3799999.9999999995,1300.0,5000.0,6100.0,5900.0,5400.0,0.085,3799999.9999999995,0.0,1.2E-5,0.014,0.014,0.0,470.0,8.3,1.8E-48,2.0E-15,3.8E-26,0.0,2.8E7,1.0,7.0E8,
4.6E-43,0.0044,7300.0,5000.0,2600.0,3799999.9999999995,1300.0,5000.0,6100.0,5900.0,5400.0,0.085,3799999.9999999995,0.0,1.0E-5,0.014,0.014,0.0,470.0,8.3,3.6E-48,2.0E-15,3.4E-26,0.0,2.9E7,1.0,7.0E8,
4.6E-43,0.0044,7300.0,5000.0,2600.0,3799999.9999999995,1300.0,5000.0,6100.0,5900.0,5400.0,0.085,3799999.9999999995,0.0,9.0E-6,0.014,0.014,0.0,470.0,8.3,2.4E-49,2.0E-15,2.9E-26,0.0,3.1E7,1.0,7.0E8,
4.6E-43,0.0044,7300.0,5000.0,2600.0,3799999.9999999995,1300.0,5000.0,6100.0,5900.0,5400.0,0.085,3799999.9999999995,0.0,1.1E-5,0.014,0.014,0.0,450.0,8.3,6.1E-50,2.0E-15,2.9E-26,0.0,2.8E7,1.0,7.0E8,
4.6E-43,0.0044,7300.0,5000.0,2600.0,3799999.9999999995,1300.0,5000.0,6100.0,5900.0,5400.0,0.085,3799999.9999999995,0.0,1.3E-5,0.014,0.014,0.0,450.0,8.3,1.6E-52,2.0E-15,3.3E-26,0.0,2.7E7,1.0,7.0E8,
4.6E-43,0.0044,7300.0,5000.0,2600.0,3799999.9999999995,1300.0,5000.0,6100.0,5900.0,5400.0,0.085,3799999.9999999995,0.0,1.3E-5,0.014,0.014,0.0,450.0,8.3,4.1999999999999996E-55,2.0E-15,3.7E-26,0.0,2.7E7,1.0,7.0E8,
4.6E-43,0.0044,7300.0,5000.0,2600.0,3799999.9999999995,1300.0,5000.0,6100.0,5900.0,5400.0,0.085,3799999.9999999995,0.0,1.3E-5,0.014,0.014,0.0,450.0,8.3,1.1E-57,2.0E-15,3.7E-26,0.0,2.7E7,1.0,7.0E8,
4.6E-43,0.0044,7300.0,5000.0,2600.0,3799999.9999999995,1300.0,5000.0,6100.0,5900.0,5400.0,0.085,3799999.9999999995,0.0,1.1E-5,0.014,0.014,0.0,450.0,8.3,4.1E-60,2.0E-15,3.5E-26,0.0,2.8E7,1.0,7.0E8,
4.6E-43,0.0044,7300.0,5000.0,2600.0,3799999.9999999995,1300.0,5000.0,6100.0,5900.0,5400.0,0.085,3799999.9999999995,0.0,1.0E-5,0.014,0.014,0.0,450.0,8.3,2.8E-62,2.0E-15,3.2E-26,0.0,2.9E7,1.0,7.0E8,
4.6E-43,0.0044,7300.0,5000.0,2600.0,3699999.9999999995,1300.0,5000.0,6100.0,5900.0,5400.0,0.085,3799999.9999999995,0.0,1.0E-5,0.014,0.014,0.0,440.0,8.2,0.0,2.0E-15,2.9E-26,0.0,2.9E7,1.0,6.9E8,
4.6E-43,0.0044,7300.0,5000.0,2600.0,3699999.9999999995,1300.0,5000.0,6100.0,5900.0,5400.0,0.085,3799999.9999999995,0.0,1.3E-5,0.014,0.014,0.0,440.0,8.2,0.0,2.0E-15,3.3E-26,0.0,2.7E7,1.0,6.9E8,
4.6E-43,0.0044,7300.0,5000.0,2600.0,3699999.9999999995,1300.0,5000.0,6100.0,5900.0,5400.0,0.085,3799999.9999999995,0.0,1.4E-5,0.014,0.014,0.0,430.0,8.2,0.0,2.0E-15,3.7E-26,0.0,2.6E7,1.0,6.9E8,
4.6E-43,0.0044,7300.0,5000.0,2600.0,3699999.9999999995,1300.0,5000.0,6100.0,5900.0,5400.0,0.085,3799999.9999999995,0.0,1.3E-5,0.014,0.014,0.0,430.0,8.2,0.0,2.0E-15,3.8E-26,0.0,2.6E7,1.0,6.9E8,
4.6E-43,0.0044,7300.0,5000.0,2600.0,3699999.9999999995,1300.0,5000.0,6100.0,5900.0,5400.0,0.085,3799999.9999999995,0.0,1.2E-5,0.014,0.014,0.0,430.0,8.2,0.0,2.0E-15,3.7E-26,0.0,2.7E7,1.0,6.9E8,
4.6E-43,0.0044,7300.0,5000.0,2600.0,3699999.9999999995,1300.0,5000.0,6100.0,5900.0,5400.0,0.085,3799999.9999999995,0.0,1.1E-5,0.014,0.014,0.0,420.0,8.2,0.0,2.0E-15,3.5E-26,0.0,2.8E7,1.0,6.9E8,
4.6E-43,0.0044,7300.0,5000.0,2600.0,3699999.9999999995,1300.0,5000.0,6100.0,5900.0,5400.0,0.085,3799999.9999999995,0.0,9.8E-6,0.014,0.014,0.0,420.0,8.2,0.0,2.0E-15,3.1E-26,0.0,3.0E7,1.0,6.9E8,
4.6E-43,0.0044,7300.0,5000.0,2600.0,3699999.9999999995,1300.0,5000.0,6100.0,5900.0,5400.0,0.085,3799999.9999999995,0.0,8.6E-6,0.014,0.014,0.0,410.0,8.2,0.0,2.0E-15,2.8E-26,0.0,3.1E7,1.0,6.9E8,
4.6E-43,0.0044,7300.0,5000.0,2600.0,3699999.9999999995,1300.0,5000.0,6100.0,5900.0,5400.0,0.085,3799999.9999999995,0.0,7.5E-6,0.014,0.014,0.0,410.0,8.2,0.0,2.0E-15,2.4E-26,0.0,3.2E7,1.0,6.9E8,
4.6E-43,0.0044,7300.0,5000.0,2600.0,3699999.9999999995,1300.0,5000.0,6100.0,5900.0,5400.0,0.085,3799999.9999999995,0.0,1.0E-5,0.014,0.014,0.0,410.0,8.2,0.0,2.0E-15,2.6E-26,0.0,2.9E7,1.0,6.9E8,
2.0999999999999997E-43,0.0037,39000.0,3600.0,3000.0,4800000.0,1300.0,5000.0,6100.0,5900.0,5400.0,0.086,4800000.0,0.0,1.5E-5,0.014,0.014,0.0,430.0,9.8,5.5E-10,2.0E-15,1.8E-22,0.0,2.8E7,1.0,7.0E8,
2.0999999999999997E-43,0.0036,1800.0,3600.0,3000.0,4700000.0,1300.0,5000.0,6100.0,5900.0,5400.0,0.086,4700000.0,0.0,1.8E-5,0.014,0.014,0.0,430.0,9.6,3.8E-12,2.0E-15,6.400000000000001E-23,0.0,2.5E7,1.0,7.0E8,
2.0999999999999997E-43,0.0036,1700.0,3600.0,3000.0,4600000.0,1300.0,5000.0,6100.0,5900.0,5400.0,0.086,4600000.0,0.0,2.3E-5,0.013,0.013,0.0,430.0,9.5,2.7E-14,2.0E-15,2.4E-23,0.0,2.3E7,1.0,7.0E8,
1.9999999999999998E-43,0.0034,1700.0,3600.0,3000.0,3999999.9999999995,1300.0,5000.0,6100.0,5900.0,5400.0,0.085,4099999.9999999995,0.0,2.4E-5,0.013,0.013,0.0,430.0,8.8,1.3E-15,2.0E-15,1.2E-23,0.0,2.2E7,1.0,7.0E8,
2.3999999999999998E-43,0.012,6000.0,11000.0,3600.0,4800000.0,1200.0,5000.0,6000.0,5900.0,5300.0,0.086,4800000.0,0.0,3.5,0.014,0.014,0.0,440.0,9.8,9.5E-10,2.0E-15,1.5E-21,0.0,2.2E7,1.0,7.0E8,
1.4E-43,0.007,6000.0,3600.0,3600.0,4500000.0,1200.0,5000.0,6000.0,5900.0,5300.0,0.085,4500000.0,0.0,3.5E-5,0.013,0.013,0.0,450.0,12.0,1.3E-10,2.0E-15,6.1E-22,0.0,2.1E7,1.0,7.0E8,
1.4E-43,0.0068,6000.0,3600.0,3600.0,4300000.0,1200.0,5000.0,6000.0,5900.0,5300.0,0.085,4300000.0,0.0,3.9E-5,0.012,0.012,0.0,440.0,11.0,2.5E-12,2.0E-15,2.6999999999999997E-22,0.0,2.0E7,1.0,7.0E8,
1.4E-43,0.0066,6000.0,3600.0,3600.0,3899999.9999999995,1200.0,5000.0,6000.0,5900.0,5300.0,0.085,3899999.9999999995,0.0,4.2E-5,0.012,0.012,0.0,440.0,11.0,4.6E-14,2.0E-15,1.2E-22,0.0,1.9E7,1.0,6.9E8,
1.4E-43,0.0065,6000.0,3600.0,3600.0,3799999.9999999995,1200.0,5000.0,6000.0,5900.0,5300.0,0.084,3799999.9999999995,0.0,4.6E-5,0.012,0.012,0.0,440.0,11.0,8.8E-16,2.0E-15,5.2E-23,0.0,1.9E7,1.0,6.9E8,
1.4E-43,0.0065,6000.0,3600.0,3600.0,3799999.9999999995,1200.0,5000.0,6000.0,5900.0,5300.0,0.085,3799999.9999999995,0.0,4.8E-5,0.012,0.012,0.0,430.0,10.0,2.3E-18,2.0E-15,1.6000000000000002E-23,0.0,1.8E7,1.0,6.9E8,
1.4E-43,0.0065,6000.0,3600.0,3600.0,3799999.9999999995,1200.0,5000.0,6000.0,5900.0,5300.0,0.085,3799999.9999999995,0.0,4.5E-5,0.012,0.012,0.0,420.0,10.0,6.1E-21,2.0E-15,4.899999999999999E-24,0.0,1.9E7,1.0,6.9E8,
1.4E-43,0.0065,6000.0,3600.0,3600.0,3799999.9999999995,1200.0,5000.0,6000.0,5900.0,5300.0,0.084,3799999.9999999995,0.0,3.9E-5,0.012,0.012,0.0,420.0,10.0,1.6000000000000002E-23,2.0E-15,1.4999999999999998E-24,0.0,2.0E7,1.0,6.9E8,
1.2999999999999998E-43,0.0065,6000.0,3600.0,3600.0,3699999.9999999995,1200.0,5000.0,6000.0,5900.0,5300.0,0.084,3799999.9999999995,0.0,4.0E-5,0.012,0.012,0.0,410.0,10.0,3.0E-25,2.0E-15,7.5E-25,0.0,1.9E7,1.0,6.9E8,
1.2999999999999998E-43,0.0065,6000.0,3600.0,3600.0,3699999.9999999995,1200.0,5000.0,6000.0,5900.0,5300.0,0.084,3799999.9999999995,0.0,4.2E-5,0.012,0.012,0.0,410.0,10.0,2.9E-28,2.0E-15,2.8E-25,0.0,1.9E7,1.0,6.9E8,
1.2999999999999998E-43,0.0065,6000.0,3600.0,3600.0,3699999.9999999995,1200.0,5000.0,6000.0,5900.0,5300.0,0.084,3799999.9999999995,0.0,4.0E-5,0.012,0.012,0.0,410.0,10.0,2.1E-30,2.0E-15,1.8E-25,0.0,1.9E7,1.0,6.9E8,
2.8E-43,0.0091,95000.0,28000.0,12000.0,4600000.0,1200.0,5000.0,6000.0,5900.0,5300.0,0.085,4800000.0,0.0,4.5E-5,0.014,0.014,0.0,520.0,16.0,1.1E-8,2.0E-15,2.3E-22,0.0,1.9E7,1.0,7.0E8,
5.8E-44,0.0019,4500.0,500.0,4100.0,4500000.0,1200.0,5000.0,6000.0,5900.0,5300.0,0.084,4600000.0,0.0,3.5E-5,0.0099,0.0099,0.0,520.0,8.3,1.5E-9,2.0E-15,3.2000000000000003E-23,0.0,1.9E7,1.0,7.0E8,
5.5E-44,0.0018,4500.0,500.0,4100.0,4099999.9999999995,1200.0,4900.0,6000.0,5900.0,5300.0,0.084,4099999.9999999995,0.0,3.6E-5,0.0095,0.0095,0.0,510.0,7.8,7.7E-11,2.0E-15,1.7E-23,0.0,1.8E7,1.0,7.0E8,
5.300000000000001E-44,0.0017,4500.0,500.0,4100.0,3799999.9999999995,1200.0,4900.0,6000.0,5900.0,5300.0,0.083,3799999.9999999995,0.0,3.8E-5,0.0092,0.0092,0.0,500.0,7.5,1.5E-12,2.0E-15,7.299999999999999E-24,0.0,1.8E7,1.0,6.9E8,
5.300000000000001E-44,0.0017,4500.0,500.0,4100.0,3799999.9999999995,1200.0,4900.0,6000.0,5900.0,5300.0,0.083,3799999.9999999995,0.0,3.9E-5,0.0092,0.0092,0.0,500.0,7.5,3.8E-15,2.0E-15,2.2999999999999997E-24,0.0,1.8E7,1.0,6.9E8,
5.300000000000001E-44,0.0017,4500.0,500.0,4100.0,3799999.9999999995,1200.0,4900.0,6000.0,5900.0,5300.0,0.083,3799999.9999999995,0.0,3.6E-5,0.0092,0.0092,0.0,500.0,7.5,9.9E-18,2.0E-15,7.6E-25,0.0,1.8E7,1.0,6.9E8,
5.300000000000001E-44,0.0017,4500.0,500.0,4100.0,3799999.9999999995,1200.0,4900.0,6000.0,5900.0,5300.0,0.083,3799999.9999999995,0.0,3.1E-5,0.0092,0.0092,0.0,490.0,7.5,2.6E-20,2.0E-15,3.0E-25,0.0,1.9E7,1.0,6.9E8,
5.300000000000001E-44,0.0017,4500.0,500.0,4100.0,3799999.9999999995,1200.0,4900.0,6000.0,5900.0,5300.0,0.083,3799999.9999999995,0.0,2.6E-5,0.0092,0.0092,0.0,490.0,7.5,6.7E-23,2.0E-15,1.5E-25,0.0,2.0E7,1.0,6.9E8,
5.300000000000001E-44,0.0017,4500.0,500.0,4100.0,3799999.9999999995,1200.0,4900.0,6000.0,5900.0,5300.0,0.083,3799999.9999999995,0.0,2.2E-5,0.0092,0.0092,0.0,490.0,7.5,2.8E-25,2.0E-15,9.1E-26,0.0,2.2E7,1.0,6.9E8,
5.300000000000001E-44,0.0017,4500.0,500.0,4100.0,3799999.9999999995,1200.0,4900.0,6000.0,5900.0,5300.0,0.083,3799999.9999999995,0.0,1.5E-5,0.0092,0.0092,0.0,490.0,7.5,0.0,2.0E-15,5.2E-26,0.0,2.5E7,1.0,6.9E8,
5.300000000000001E-44,0.0017,4500.0,500.0,4100.0,3799999.9999999995,1200.0,4900.0,6000.0,5900.0,5300.0,0.083,3799999.9999999995,0.0,1.3E-5,0.0092,0.0092,0.0,490.0,7.5,0.0,2.0E-15,4.3E-26,0.0,2.6E7,1.0,6.9E8,
5.300000000000001E-44,0.0017,4500.0,500.0,4100.0,3799999.9999999995,1200.0,4900.0,6000.0,5900.0,5300.0,0.083,3799999.9999999995,0.0,1.6E-5,0.0092,0.0092,0.0,490.0,7.5,0.0,2.0E-15,4.2E-26,0.0,2.4E7,1.0,6.9E8,
5.300000000000001E-44,0.0017,4500.0,500.0,4100.0,3799999.9999999995,1200.0,4900.0,6000.0,5900.0,5300.0,0.083,3799999.9999999995,0.0,1.7E-5,0.0092,0.0092,0.0,480.0,7.5,0.0,2.0E-15,4.6E-26,0.0,2.4E7,1.0,6.9E8,
5.300000000000001E-44,0.0017,4500.0,500.0,4100.0,3799999.9999999995,1200.0,4900.0,6000.0,5900.0,5300.0,0.083,3799999.9999999995,0.0,1.6E-5,0.0092,0.0092,0.0,480.0,7.5,0.0,2.0E-15,4.8E-26,0.0,2.4E7,1.0,6.9E8,
5.300000000000001E-44,0.0017,4500.0,500.0,4100.0,3799999.9999999995,1200.0,4900.0,6000.0,5900.0,5300.0,0.083,3799999.9999999995,0.0,1.5E-5,0.0092,0.0092,0.0,470.0,7.5,0.0,2.0E-15,4.6E-26,0.0,2.5E7,1.0,6.9E8,
5.300000000000001E-44,0.0017,4500.0,500.0,4100.0,3799999.9999999995,1200.0,4900.0,6000.0,5900.0,5300.0,0.083,3799999.9999999995,0.0,1.3E-5,0.0092,0.0092,0.0,460.0,7.5,0.0,2.0E-15,4.2E-26,0.0,2.6E7,1.0,6.9E8,
5.300000000000001E-44,0.0017,4500.0,500.0,4100.0,3699999.9999999995,1200.0,4900.0,6000.0,5900.0,5300.0,0.082,3799999.9999999995,0.0,1.2E-5,0.0091,0.0091,0.0,460.0,7.5,0.0,2.0E-15,3.8E-26,0.0,2.7E7,1.0,6.9E8,
5.300000000000001E-44,0.0017,4500.0,500.0,4100.0,3699999.9999999995,1200.0,4900.0,6000.0,5900.0,5300.0,0.082,3799999.9999999995,0.0,1.5E-5,0.0091,0.0091,0.0,460.0,7.5,0.0,2.0E-15,3.9E-26,0.0,2.4E7,1.0,6.9E8,
5.300000000000001E-44,0.0017,4500.0,500.0,4100.0,3699999.9999999995,1200.0,4900.0,6000.0,5900.0,5300.0,0.082,3799999.9999999995,0.0,1.6E-5,0.0091,0.0091,0.0,460.0,7.5,0.0,2.0E-15,4.4E-26,0.0,2.4E7,1.0,6.9E8,
5.300000000000001E-44,0.0017,4500.0,500.0,4100.0,3699999.9999999995,1200.0,4900.0,6000.0,5900.0,5300.0,0.082,3799999.9999999995,0.0,1.6E-5,0.0091,0.0091,0.0,460.0,7.5,0.0,2.0E-15,4.6E-26,0.0,2.4E7,1.0,6.9E8,
5.300000000000001E-44,0.0017,4500.0,500.0,4100.0,3699999.9999999995,1200.0,4900.0,6000.0,5900.0,5300.0,0.082,3799999.9999999995,0.0,1.5E-5,0.0091,0.0091,0.0,450.0,7.5,0.0,2.0E-15,4.4E-26,0.0,2.5E7,1.0,6.9E8,
5.300000000000001E-44,0.0017,4500.0,500.0,4100.0,3699999.9999999995,1200.0,4900.0,6000.0,5900.0,5300.0,0.082,3799999.9999999995,0.0,1.3E-5,0.0091,0.0091,0.0,450.0,7.5,0.0,2.0E-15,4.1E-26,0.0,2.6E7,1.0,6.9E8,
5.300000000000001E-44,0.0017,4500.0,500.0,4100.0,3699999.9999999995,1200.0,4900.0,6000.0,5900.0,5300.0,0.082,3799999.9999999995,0.0,1.1E-5,0.0091,0.0091,0.0,450.0,7.5,0.0,2.0E-15,3.6E-26,0.0,2.7E7,1.0,6.9E8,
5.300000000000001E-44,0.0017,4500.0,500.0,4100.0,3699999.9999999995,1200.0,4900.0,6000.0,5900.0,5300.0,0.082,3799999.9999999995,0.0,9.7E-6,0.0091,0.0091,0.0,450.0,7.5,0.0,2.0E-15,3.2E-26,0.0,2.8E7,1.0,6.9E8,
5.300000000000001E-44,0.0017,4500.0,500.0,4100.0,3699999.9999999995,1200.0,4900.0,6000.0,5900.0,5300.0,0.082,3799999.9999999995,0.0,8.4E-6,0.0091,0.0091,0.0,450.0,7.5,0.0,2.0E-15,2.8E-26,0.0,3.0E7,1.0,6.9E8,
5.300000000000001E-44,0.0017,4500.0,500.0,4100.0,3699999.9999999995,1200.0,4900.0,6000.0,5900.0,5300.0,0.082,3799999.9999999995,0.0,9.9E-6,0.0091,0.0091,0.0,450.0,7.5,0.0,2.0E-15,2.6E-26,0.0,2.8E7,1.0,6.9E8,
5.300000000000001E-44,0.0017,4500.0,500.0,4100.0,3699999.9999999995,1200.0,4900.0,6000.0,5900.0,5300.0,0.082,3799999.9999999995,0.0,1.2E-5,0.0091,0.0091,0.0,450.0,7.5,0.0,2.0E-15,3.0E-26,0.0,2.7E7,1.0,6.9E8,
5.300000000000001E-44,0.0017,4500.0,500.0,4100.0,3699999.9999999995,1200.0,4900.0,6000.0,5900.0,5300.0,0.082,3799999.9999999995,0.0,1.2E-5,0.0091,0.0091,0.0,440.0,7.5,0.0,2.0E-15,3.3E-26,0.0,2.6E7,1.0,6.9E8,
5.300000000000001E-44,0.0017,4500.0,500.0,4100.0,3699999.9999999995,1200.0,4900.0,6000.0,5900.0,5300.0,0.082,3799999.9999999995,0.0,1.2E-5,0.0091,0.0091,0.0,440.0,7.5,0.0,2.0E-15,3.4E-26,0.0,2.7E7,1.0,6.9E8,
5.300000000000001E-44,0.0017,4500.0,500.0,4100.0,3699999.9999999995,1200.0,4900.0,6000.0,5900.0,5300.0,0.082,3799999.9999999995,0.0,1.1E-5,0.0091,0.0091,0.0,440.0,7.5,0.0,2.0E-15,3.3E-26,0.0,2.8E7,1.0,6.9E8,
2.9999999999999996E-43,0.011,56000.0,39000.0,2300.0,5100000.0,1200.0,4900.0,6000.0,5900.0,5300.0,0.084,5200000.0,0.0,0.83,0.013,0.013,0.0,580.0,3.8,7.6E-9,2.1E-15,1.1E-21,0.0,2.9E7,1.0,7.2E8,
7.100000000000001E-44,0.0025,430.0,3500.0,2300.0,4900000.0,1200.0,4900.0,6000.0,5900.0,5300.0,0.083,4900000.0,0.0,5.8E-6,0.0096,0.0096,0.0,580.0,3.8,1.0E-9,2.1E-15,1.7E-22,0.0,2.8E7,1.0,7.1E8,
7.000000000000001E-44,0.0025,430.0,3500.0,2300.0,4800000.0,1200.0,4900.0,6000.0,5800.0,5300.0,0.083,4800000.0,0.0,6.9E-6,0.0095,0.0095,0.0,580.0,3.8,2.0E-11,2.1E-15,7.4E-23,0.0,2.6E7,1.0,7.1E8,
6.7E-44,0.0024,430.0,3500.0,2300.0,4400000.0,1200.0,4900.0,6000.0,5800.0,5300.0,0.082,4400000.0,0.0,7.2E-6,0.0091,0.0091,0.0,580.0,3.6,2.7E-12,2.1E-15,4.8E-23,0.0,2.5E7,1.0,7.1E8,
6.6E-44,0.0023,430.0,3500.0,2300.0,4200000.0,1200.0,4900.0,6000.0,5800.0,5300.0,0.082,4200000.0,0.0,8.7E-6,0.0089,0.0089,0.0,580.0,3.5,1.8E-14,2.1E-15,1.7E-23,0.0,2.3E7,1.0,7.1E8,
6.6E-44,0.0023,430.0,3500.0,2300.0,4200000.0,1200.0,4900.0,6000.0,5800.0,5300.0,0.082,4200000.0,0.0,9.9E-6,0.0089,0.0089,0.0,570.0,3.4,3.5E-16,2.1E-15,7.7E-24,0.0,2.2E7,1.0,7.1E8,
5.9E-43,0.019,4600.0,48000.0,19000.0,5100000.0,1200.0,4900.0,5900.0,5800.0,5300.0,0.083,5200000.0,0.0,4.8E-5,0.023,0.023,0.0,580.0,16.0,5.4E-9,2.1E-15,2.1E-21,0.0,2.1E7,1.0,7.2E8,
9.4E-44,0.0031,4600.0,4800.0,1400.0,5100000.0,1200.0,4900.0,5900.0,5800.0,5300.0,0.083,5200000.0,0.0,1.6E-5,0.015,0.015,0.0,580.0,4.4,1.0E-10,2.1E-15,1.5E-22,0.0,2.0E7,1.0,7.2E8,
9.2E-44,0.003,4600.0,4800.0,1400.0,4900000.0,1200.0,4900.0,5900.0,5800.0,5300.0,0.083,5000000.0,0.0,1.8E-5,0.014,0.014,0.0,590.0,4.2,1.9E-12,2.1E-15,6.6E-23,0.0,2.0E7,1.0,7.2E8,
8.900000000000001E-44,0.0029,4600.0,4800.0,1400.0,4600000.0,1200.0,4900.0,5900.0,5800.0,5300.0,0.082,4600000.0,0.0,1.8E-5,0.014,0.014,0.0,590.0,4.0,9.7E-14,2.1E-15,3.5E-23,0.0,1.9E7,1.0,7.2E8,
8.8E-44,0.0029,4500.0,4800.0,1400.0,4500000.0,1200.0,4900.0,5900.0,5800.0,5200.0,0.082,4500000.0,0.0,1.9E-5,0.014,0.014,0.0,590.0,3.9,4.9E-15,2.1E-15,1.9E-23,0.0,1.8E7,1.0,7.1E8,
8.6E-44,0.0028,4500.0,4800.0,1400.0,4200000.0,1200.0,4900.0,5900.0,5800.0,5200.0,0.082,4200000.0,0.0,2.0E-5,0.013,0.013,0.0,580.0,3.7,3.4E-17,2.1E-15,6.8E-24,0.0,1.8E7,1.0,7.1E8,
8.300000000000001E-44,0.0027,4500.0,4800.0,1400.0,3799999.9999999995,1200.0,4900.0,5900.0,5800.0,5200.0,0.081,3799999.9999999995,0.0,2.0E-5,0.013,0.013,0.0,580.0,3.5,6.5E-19,2.1E-15,2.9999999999999996E-24,0.0,1.7E7,1.0,7.1E8,
8.300000000000001E-44,0.0027,4500.0,4800.0,1400.0,3799999.9999999995,1200.0,4900.0,5900.0,5800.0,5200.0,0.081,3799999.9999999995,0.0,2.0E-5,0.013,0.013,0.0,570.0,3.5,1.7E-21,2.1E-15,9.4E-25,0.0,1.7E7,1.0,7.1E8,
8.300000000000001E-44,0.0027,4500.0,4800.0,1400.0,3799999.9999999995,1200.0,4900.0,5900.0,5800.0,5200.0,0.081,3799999.9999999995,0.0,1.8E-5,0.013,0.013,0.0,570.0,3.5,4.399999999999999E-24,2.1E-15,3.1999999999999997E-25,0.0,1.8E7,1.0,7.1E8,
8.300000000000001E-44,0.0027,4500.0,4800.0,1400.0,3799999.9999999995,1200.0,4900.0,5900.0,5800.0,5200.0,0.081,3799999.9999999995,0.0,1.5E-5,0.013,0.013,0.0,570.0,3.5,1.2E-26,2.1E-15,1.3E-25,0.0,1.9E7,1.0,7.1E8,
8.300000000000001E-44,0.0027,4500.0,4800.0,1400.0,3799999.9999999995,1200.0,4900.0,5900.0,5800.0,5200.0,0.081,3799999.9999999995,0.0,1.3E-5,0.013,0.013,0.0,560.0,3.5,3.0999999999999997E-29,2.1E-15,6.699999999999999E-26,0.0,2.0E7,1.0,7.1E8,
8.300000000000001E-44,0.0027,4500.0,4800.0,1400.0,3799999.9999999995,1200.0,4900.0,5900.0,5800.0,5200.0,0.081,3799999.9999999995,0.0,1.0E-5,0.013,0.013,0.0,560.0,3.5,1.9999999999999997E-31,2.1E-15,4.4E-26,0.0,2.2E7,1.0,7.1E8,
8.300000000000001E-44,0.0027,4500.0,4800.0,1400.0,3799999.9999999995,1200.0,4900.0,5900.0,5800.0,5200.0,0.081,3799999.9999999995,0.0,8.7E-6,0.013,0.013,0.0,560.0,3.5,6.5E-34,2.1E-15,3.2E-26,0.0,2.3E7,1.0,7.1E8,
8.300000000000001E-44,0.0027,4500.0,4800.0,1400.0,3799999.9999999995,1200.0,4900.0,5900.0,5800.0,5200.0,0.081,3799999.9999999995,0.0,7.2E-6,0.013,0.013,0.0,560.0,3.5,5.6E-36,2.1E-15,2.6E-26,0.0,2.5E7,1.0,7.1E8,
8.300000000000001E-44,0.0027,4500.0,4800.0,1400.0,3799999.9999999995,1200.0,4900.0,5900.0,5800.0,5200.0,0.081,3799999.9999999995,0.0,6.0E-6,0.013,0.013,0.0,560.0,3.5,1.2E-38,2.1E-15,2.1E-26,0.0,2.6E7,1.0,7.1E8,
8.300000000000001E-44,0.0027,4500.0,4800.0,1400.0,3799999.9999999995,1200.0,4900.0,5900.0,5800.0,5200.0,0.081,3799999.9999999995,0.0,7.5E-6,0.013,0.013,0.0,560.0,3.5,3.1999999999999996E-41,2.1E-15,2.1E-26,0.0,2.4E7,1.0,7.1E8,
8.300000000000001E-44,0.0027,4500.0,4800.0,1400.0,3799999.9999999995,1200.0,4900.0,5900.0,5800.0,5200.0,0.081,3799999.9999999995,0.0,8.1E-6,0.013,0.013,0.0,560.0,3.5,8.300000000000001E-44,2.1E-15,2.3E-26,0.0,2.4E7,1.0,7.1E8,
8.300000000000001E-44,0.0027,4500.0,4800.0,1400.0,3799999.9999999995,1200.0,4900.0,5900.0,5800.0,5200.0,0.081,3799999.9999999995,0.0,7.8E-6,0.013,0.013,0.0,560.0,3.5,2.2E-46,2.1E-15,2.3E-26,0.0,2.4E7,1.0,7.1E8,
8.300000000000001E-44,0.0027,4500.0,4800.0,1400.0,3799999.9999999995,1200.0,4900.0,5900.0,5800.0,5200.0,0.081,3799999.9999999995,0.0,7.1E-6,0.013,0.013,0.0,560.0,3.5,5.6999999999999996E-49,2.1E-15,2.2E-26,0.0,2.5E7,1.0,7.1E8,
8.300000000000001E-44,0.0027,4500.0,4800.0,1400.0,3799999.9999999995,1200.0,4900.0,5900.0,5800.0,5200.0,0.081,3799999.9999999995,0.0,6.3E-6,0.013,0.013,0.0,550.0,3.5,2.1E-51,2.1E-15,2.0E-26,0.0,2.6E7,1.0,7.1E8,
8.300000000000001E-44,0.0027,4500.0,4800.0,1400.0,3799999.9999999995,1200.0,4900.0,5900.0,5800.0,5200.0,0.081,3799999.9999999995,0.0,5.5E-6,0.013,0.013,0.0,550.0,3.5,0.0,2.1E-15,1.8E-26,0.0,2.7E7,1.0,7.1E8,
8.300000000000001E-44,0.0027,4500.0,4800.0,1400.0,3799999.9999999995,1200.0,4900.0,5900.0,5800.0,5200.0,0.081,3799999.9999999995,0.0,4.7E-6,0.013,0.013,0.0,540.0,3.5,0.0,2.1E-15,1.6E-26,0.0,2.9E7,1.0,7.1E8,
8.300000000000001E-44,0.0027,4500.0,4800.0,1400.0,3799999.9999999995,1200.0,4900.0,5900.0,5800.0,5200.0,0.081,3799999.9999999995,0.0,4.1E-6,0.013,0.013,0.0,540.0,3.5,4.7E-53,2.1E-15,1.4E-26,0.0,3.0E7,1.0,7.1E8,
8.300000000000001E-44,0.0027,4500.0,4800.0,1400.0,3799999.9999999995,1200.0,4900.0,5900.0,5800.0,5200.0,0.081,3799999.9999999995,0.0,4.7E-6,0.013,0.013,0.0,540.0,3.5,0.0,2.1E-15,1.3E-26,0.0,2.9E7,1.0,7.1E8,
8.300000000000001E-44,0.0027,4500.0,4800.0,1400.0,3799999.9999999995,1200.0,4900.0,5900.0,5800.0,5200.0,0.081,3799999.9999999995,0.0,5.6E-6,0.013,0.013,0.0,540.0,3.5,0.0,2.1E-15,1.5E-26,0.0,2.7E7,1.0,7.1E8,
8.300000000000001E-44,0.0027,4500.0,4800.0,1400.0,3799999.9999999995,1200.0,4900.0,5900.0,5800.0,5200.0,0.081,3799999.9999999995,0.0,5.8E-6,0.013,0.013,0.0,540.0,3.5,0.0,2.1E-15,1.6E-26,0.0,2.7E7,1.0,7.1E8,
8.300000000000001E-44,0.0027,4500.0,4800.0,1400.0,3799999.9999999995,1200.0,4900.0,5900.0,5800.0,5200.0,0.081,3799999.9999999995,0.0,5.5E-6,0.013,0.013,0.0,540.0,3.5,0.0,2.1E-15,1.7E-26,0.0,2.7E7,1.0,7.1E8,
8.300000000000001E-44,0.0027,4500.0,4800.0,1400.0,3799999.9999999995,1200.0,4900.0,5900.0,5800.0,5200.0,0.081,3799999.9999999995,0.0,5.1E-6,0.013,0.013,0.0,540.0,3.5,0.0,2.1E-15,1.6E-26,0.0,2.8E7,1.0,7.1E8,
1.8E-43,0.0039,1400.0,5000.0,7700.0,5100000.0,2000.0,4900.0,5900.0,5800.0,5200.0,0.082,5100000.0,0.0,1.0E-5,0.015,0.015,0.0,580.0,5.9,6.5E-11,2.2E-15,1.5E-22,0.0,2.7E7,1.0,7.2E8,
9.999999999999999E-44,0.0022,1400.0,5000.0,150.0,5000000.0,2000.0,4900.0,5900.0,5800.0,5200.0,0.082,5000000.0,0.0,4.9E-6,0.014,0.014,0.0,580.0,2.4,1.2E-12,2.2E-15,3.8E-23,0.0,2.6E7,1.0,7.2E8,
9.2E-44,0.0021,1400.0,5000.0,150.0,4200000.0,2000.0,4900.0,5900.0,5800.0,5200.0,0.081,4200000.0,0.0,4.7E-6,0.013,0.013,0.0,580.0,2.0,6.1E-14,2.1E-15,1.9E-23,0.0,2.4E7,1.0,7.1E8,
8.900000000000001E-44,0.002,1400.0,5000.0,150.0,3799999.9999999995,2000.0,4900.0,5900.0,5800.0,5200.0,0.081,3899999.9999999995,0.0,5.0E-6,0.012,0.012,0.0,580.0,1.9,1.2E-15,2.1E-15,8.199999999999999E-24,0.0,2.3E7,1.0,7.1E8,
8.900000000000001E-44,0.002,1400.0,5000.0,150.0,3799999.9999999995,2000.0,4900.0,5900.0,5800.0,5200.0,0.081,3899999.9999999995,0.0,5.5E-6,0.012,0.012,0.0,580.0,1.9,3.0E-18,2.1E-15,2.5E-24,0.0,2.2E7,1.0,7.1E8,
8.900000000000001E-44,0.002,1400.0,5000.0,150.0,3799999.9999999995,2000.0,4900.0,5900.0,5800.0,5200.0,0.081,3899999.9999999995,0.0,5.4E-6,0.012,0.012,0.0,570.0,1.9,7.8E-21,2.1E-15,7.6E-25,0.0,2.2E7,1.0,7.1E8,
8.900000000000001E-44,0.002,1400.0,5000.0,150.0,3799999.9999999995,2000.0,4900.0,5900.0,5800.0,5200.0,0.081,3899999.9999999995,0.0,4.9E-6,0.012,0.012,0.0,570.0,1.9,2.0E-23,2.1E-15,2.4E-25,0.0,2.3E7,1.0,7.1E8,
8.900000000000001E-44,0.002,1400.0,5000.0,150.0,3799999.9999999995,2000.0,4900.0,5900.0,5800.0,5200.0,0.081,3899999.9999999995,0.0,4.3E-6,0.012,0.012,0.0,570.0,1.9,5.3E-26,2.1E-15,8.2E-26,0.0,2.4E7,1.0,7.1E8,
8.900000000000001E-44,0.002,1400.0,5000.0,150.0,3799999.9999999995,2000.0,4900.0,5900.0,5800.0,5200.0,0.081,3899999.9999999995,0.0,3.7E-6,0.012,0.012,0.0,570.0,1.9,2.0000000000000002E-28,2.1E-15,3.3E-26,0.0,2.5E7,1.0,7.1E8,
8.900000000000001E-44,0.002,1400.0,5000.0,150.0,3799999.9999999995,2000.0,4900.0,5900.0,5800.0,5200.0,0.081,3899999.9999999995,0.0,3.2E-6,0.012,0.012,0.0,560.0,1.9,4.6E-31,2.1E-15,1.7E-26,0.0,2.7E7,1.0,7.1E8,
2.8999999999999997E-43,0.012,11000.0,46000.0,13000.0,5000000.0,1700.0,340.0,5900.0,5800.0,5200.0,0.082,5100000.0,0.0,8.5E-6,0.02,0.02,0.0,590.0,4.8,5.2E-10,2.2E-15,6.8E-22,0.0,2.7E7,1.0,7.3E8,
1.2999999999999998E-43,0.0056,3100.0,23000.0,790.0,5000000.0,1700.0,340.0,5900.0,5700.0,5200.0,0.082,5000000.0,0.0,3.2E-6,0.016,0.016,0.0,580.0,1.5,1.0E-11,2.2E-15,1.4E-22,0.0,2.5E7,1.0,7.2E8,
2.7000000000000004E-44,0.0012,3100.0,550.0,790.0,4700000.0,1700.0,340.0,5900.0,5700.0,5200.0,0.081,4700000.0,0.0,3.4E-6,0.013,0.013,0.0,580.0,1.4,5.1E-13,2.2E-15,1.6000000000000002E-23,0.0,2.4E7,1.0,7.2E8,
2.7000000000000004E-44,0.0011,3100.0,550.0,790.0,4500000.0,1700.0,340.0,5800.0,5700.0,5200.0,0.081,4500000.0,0.0,3.8E-6,0.012,0.012,0.0,580.0,1.4,2.6E-14,2.2E-15,8.3E-24,0.0,2.3E7,1.0,7.2E8,
2.4E-44,0.001,3100.0,550.0,790.0,3999999.9999999995,1700.0,340.0,5800.0,5700.0,5200.0,0.081,3999999.9999999995,0.0,4.0E-6,0.012,0.012,0.0,570.0,1.2,4.7E-16,2.1E-15,3.4E-24,0.0,2.2E7,1.0,7.2E8,
2.4E-44,0.001,3100.0,550.0,780.0,3799999.9999999995,1700.0,340.0,5800.0,5700.0,5200.0,0.08,3899999.9999999995,0.0,4.3E-6,0.012,0.012,0.0,570.0,1.2,3.3E-18,2.1E-15,1.2E-24,0.0,2.1E7,1.0,7.1E8,
2.4E-44,0.001,3100.0,550.0,780.0,3799999.9999999995,1700.0,340.0,5800.0,5700.0,5200.0,0.08,3899999.9999999995,0.0,4.4E-6,0.012,0.012,0.0,570.0,1.2,8.4E-21,2.1E-15,3.8E-25,0.0,2.0E7,1.0,7.1E8,
2.4E-44,0.001,3100.0,550.0,780.0,3799999.9999999995,1700.0,340.0,5800.0,5700.0,5200.0,0.08,3899999.9999999995,0.0,4.1E-6,0.012,0.012,0.0,570.0,1.2,2.2E-23,2.1E-15,1.2E-25,0.0,2.1E7,1.0,7.1E8,
2.4E-44,0.001,3100.0,550.0,780.0,3799999.9999999995,1700.0,340.0,5800.0,5700.0,5200.0,0.08,3899999.9999999995,0.0,3.6E-6,0.012,0.012,0.0,550.0,1.2,5.6E-26,2.1E-15,4.5E-26,0.0,2.2E7,1.0,7.1E8,
2.4E-44,0.001,3100.0,550.0,780.0,3799999.9999999995,1700.0,340.0,5800.0,5700.0,5200.0,0.08,3899999.9999999995,0.0,3.1E-6,0.012,0.012,0.0,550.0,1.2,1.7000000000000003E-28,2.1E-15,2.0E-26,0.0,2.3E7,1.0,7.1E8,
2.4E-44,0.001,3100.0,550.0,780.0,3799999.9999999995,1700.0,340.0,5800.0,5700.0,5200.0,0.08,3899999.9999999995,0.0,2.6E-6,0.012,0.012,0.0,550.0,1.2,3.8E-31,2.1E-15,1.2E-26,0.0,2.5E7,1.0,7.1E8,
2.4E-44,0.001,3100.0,550.0,780.0,3799999.9999999995,1700.0,340.0,5800.0,5700.0,5200.0,0.08,3899999.9999999995,0.0,2.2E-6,0.012,0.012,0.0,550.0,1.2,1.6000000000000002E-33,2.1E-15,8.5E-27,0.0,2.6E7,1.0,7.1E8,
2.4E-44,0.001,3100.0,550.0,780.0,3799999.9999999995,1700.0,340.0,5800.0,5700.0,5200.0,0.08,3899999.9999999995,0.0,1.9E-6,0.012,0.012,0.0,540.0,1.2,0.0,2.1E-15,6.7E-27,0.0,2.8E7,1.0,7.1E8,
2.4E-44,0.001,3100.0,550.0,780.0,3799999.9999999995,1700.0,340.0,5800.0,5700.0,5200.0,0.08,3899999.9999999995,0.0,2.0E-6,0.012,0.012,0.0,530.0,1.2,0.0,2.1E-15,5.8E-27,0.0,2.7E7,1.0,7.1E8,
2.4E-44,0.001,3100.0,550.0,780.0,3799999.9999999995,1700.0,340.0,5800.0,5700.0,5200.0,0.08,3899999.9999999995,0.0,2.3E-6,0.012,0.012,0.0,520.0,1.2,0.0,2.1E-15,6.4000000000000005E-27,0.0,2.6E7,1.0,7.1E8,
2.4E-44,0.001,3100.0,550.0,780.0,3799999.9999999995,1700.0,340.0,5800.0,5700.0,5200.0,0.08,3899999.9999999995,0.0,2.4E-6,0.012,0.012,0.0,500.0,1.2,0.0,2.1E-15,6.9E-27,0.0,2.5E7,1.0,7.1E8,
2.4E-44,0.001,3100.0,550.0,780.0,3799999.9999999995,1700.0,340.0,5800.0,5700.0,5200.0,0.08,3899999.9999999995,0.0,2.3E-6,0.012,0.012,0.0,500.0,1.2,0.0,2.1E-15,6.9E-27,0.0,2.6E7,1.0,7.1E8,
2.4E-44,0.001,3100.0,550.0,780.0,3799999.9999999995,1700.0,340.0,5800.0,5700.0,5200.0,0.08,3899999.9999999995,0.0,2.1E-6,0.012,0.012,0.0,500.0,1.2,0.0,2.1E-15,6.6E-27,0.0,2.7E7,1.0,7.1E8,
2.4E-44,0.001,3100.0,550.0,780.0,3799999.9999999995,1700.0,340.0,5800.0,5700.0,5200.0,0.08,3899999.9999999995,0.0,1.8E-6,0.012,0.012,0.0,500.0,1.2,0.0,2.1E-15,6.0E-27,0.0,2.8E7,1.0,7.1E8,
2.4E-44,0.001,3100.0,550.0,780.0,3799999.9999999995,1700.0,340.0,5800.0,5700.0,5200.0,0.08,3899999.9999999995,0.0,1.6E-6,0.012,0.012,0.0,500.0,1.2,0.0,2.1E-15,5.3E-27,0.0,2.9E7,1.0,7.1E8,
2.4E-44,0.001,3100.0,550.0,780.0,3799999.9999999995,1700.0,340.0,5800.0,5700.0,5200.0,0.08,3899999.9999999995,0.0,1.4E-6,0.012,0.012,0.0,500.0,1.2,0.0,2.1E-15,4.6E-27,0.0,3.1E7,1.0,7.1E8,
2.3E-44,0.001,3100.0,550.0,780.0,3799999.9999999995,1700.0,340.0,5800.0,5700.0,5200.0,0.08,3799999.9999999995,0.0,1.5E-6,0.012,0.012,0.0,500.0,1.2,0.0,2.1E-15,4.3E-27,0.0,3.0E7,1.0,7.1E8,
2.3E-44,0.001,3100.0,550.0,780.0,3799999.9999999995,1700.0,340.0,5800.0,5700.0,5200.0,0.08,3799999.9999999995,0.0,1.8E-6,0.012,0.012,0.0,490.0,1.2,0.0,2.1E-15,4.9000000000000005E-27,0.0,2.8E7,1.0,7.1E8,
2.3E-44,0.001,3100.0,550.0,780.0,3799999.9999999995,1700.0,340.0,5800.0,5700.0,5200.0,0.08,3799999.9999999995,0.0,1.9E-6,0.012,0.012,0.0,490.0,1.2,0.0,2.1E-15,5.4000000000000005E-27,0.0,2.7E7,1.0,7.1E8,
2.3E-44,0.001,3100.0,550.0,780.0,3799999.9999999995,1700.0,340.0,5800.0,5700.0,5200.0,0.08,3799999.9999999995,0.0,1.9E-6,0.012,0.012,0.0,490.0,1.2,0.0,2.1E-15,5.6E-27,0.0,2.7E7,1.0,7.1E8,
2.3E-44,0.001,3100.0,550.0,780.0,3799999.9999999995,1700.0,340.0,5800.0,5700.0,5200.0,0.08,3799999.9999999995,0.0,1.7E-6,0.012,0.012,0.0,480.0,1.2,0.0,2.1E-15,5.4000000000000005E-27,0.0,2.8E7,1.0,7.1E8,
2.3E-44,0.001,3100.0,550.0,780.0,3799999.9999999995,1700.0,340.0,5800.0,5700.0,5200.0,0.08,3799999.9999999995,0.0,1.5E-6,0.012,0.012,0.0,480.0,1.2,0.0,2.1E-15,5.0E-27,0.0,2.9E7,1.0,7.1E8,
2.3E-44,0.001,3100.0,550.0,780.0,3799999.9999999995,1700.0,340.0,5800.0,5700.0,5200.0,0.08,3799999.9999999995,0.0,1.4E-6,0.012,0.012,0.0,470.0,1.2,0.0,2.1E-15,4.5E-27,0.0,3.1E7,1.0,7.0E8,
2.3E-44,0.001,3100.0,550.0,780.0,3799999.9999999995,1700.0,340.0,5800.0,5700.0,5200.0,0.08,3799999.9999999995,0.0,1.7E-6,0.012,0.012,0.0,460.0,1.2,0.0,2.1E-15,4.6E-27,0.0,2.8E7,1.0,7.0E8,
2.3E-44,0.001,3100.0,550.0,780.0,3799999.9999999995,1700.0,340.0,5800.0,5700.0,5200.0,0.08,3799999.9999999995,0.0,2.0E-6,0.012,0.012,0.0,460.0,1.2,0.0,2.1E-15,5.4000000000000005E-27,0.0,2.7E7,1.0,7.0E8,
2.3E-44,0.001,3100.0,550.0,780.0,3799999.9999999995,1700.0,340.0,5800.0,5700.0,5200.0,0.08,3799999.9999999995,0.0,2.0E-6,0.012,0.012,0.0,460.0,1.2,0.0,2.1E-15,5.9000000000000005E-27,0.0,2.6E7,1.0,7.0E8,
2.3E-44,0.001,3100.0,550.0,780.0,3799999.9999999995,1700.0,340.0,5800.0,5700.0,5200.0,0.08,3799999.9999999995,0.0,1.9E-6,0.012,0.012,0.0,460.0,1.2,0.0,2.1E-15,6.0E-27,0.0,2.7E7,1.0,7.0E8,
2.3E-44,0.001,3100.0,550.0,780.0,3799999.9999999995,1700.0,340.0,5800.0,5700.0,5200.0,0.08,3799999.9999999995,0.0,1.8E-6,0.012,0.012,0.0,460.0,1.2,0.0,2.1E-15,5.8E-27,0.0,2.8E7,1.0,7.0E8,
2.3E-44,0.001,3100.0,550.0,780.0,3799999.9999999995,1700.0,340.0,5800.0,5700.0,5200.0,0.08,3799999.9999999995,0.0,1.6E-6,0.012,0.012,0.0,440.0,1.2,0.0,2.1E-15,5.3E-27,0.0,2.9E7,1.0,7.0E8,
2.3E-44,0.001,3100.0,550.0,780.0,3799999.9999999995,1700.0,340.0,5800.0,5700.0,5200.0,0.08,3799999.9999999995,0.0,1.4E-6,0.012,0.012,0.0,440.0,1.2,0.0,2.1E-15,4.7E-27,0.0,3.0E7,1.0,7.0E8,
2.3E-44,0.001,3100.0,550.0,780.0,3799999.9999999995,1700.0,340.0,5800.0,5700.0,5200.0,0.08,3799999.9999999995,0.0,1.2E-6,0.012,0.012,0.0,440.0,1.2,0.0,2.1E-15,4.1E-27,0.0,3.2E7,1.0,7.0E8,
2.3E-44,0.001,3100.0,550.0,780.0,3799999.9999999995,1700.0,340.0,5800.0,5700.0,5200.0,0.08,3799999.9999999995,0.0,1.2E-6,0.012,0.012,0.0,440.0,1.2,0.0,2.1E-15,3.7E-27,0.0,3.1E7,1.0,7.0E8,
2.3E-44,0.001,3100.0,550.0,780.0,3799999.9999999995,1700.0,340.0,5800.0,5700.0,5200.0,0.08,3799999.9999999995,0.0,1.6E-6,0.012,0.012,0.0,430.0,1.2,0.0,2.1E-15,4.2E-27,0.0,2.9E7,1.0,7.0E8,
2.3E-44,0.001,3100.0,550.0,780.0,3799999.9999999995,1700.0,340.0,5800.0,5700.0,5200.0,0.08,3799999.9999999995,0.0,1.7E-6,0.012,0.012,0.0,430.0,1.2,0.0,2.1E-15,4.8E-27,0.0,2.8E7,1.0,7.0E8,
2.3E-44,0.001,3100.0,550.0,780.0,3799999.9999999995,1700.0,340.0,5800.0,5700.0,5200.0,0.08,3799999.9999999995,0.0,1.7E-6,0.012,0.012,0.0,430.0,1.2,0.0,2.1E-15,5.1E-27,0.0,2.8E7,1.0,7.0E8,
2.3E-44,0.001,3100.0,550.0,780.0,3799999.9999999995,1700.0,340.0,5800.0,5700.0,5200.0,0.08,3799999.9999999995,0.0,1.6E-6,0.012,0.012,0.0,430.0,1.2,0.0,2.1E-15,5.0E-27,0.0,2.9E7,1.0,7.0E8,
2.2E-43,0.0085,17000.0,9300.0,16000.0,4800000.0,3600.0,1600.0,7400.0,5700.0,5200.0,0.082,4900000.0,0.0,1.5E-5,0.017,0.017,0.0,500.0,11.0,5.0E-10,2.2E-15,7.5E-23,0.0,2.9E7,1.0,7.2E8,
7.5E-44,0.0028,4300.0,1700.0,3800.0,4700000.0,3600.0,1600.0,7400.0,5700.0,5200.0,0.081,4700000.0,0.0,7.0E-6,0.014,0.014,0.0,490.0,4.4,2.5E-11,2.2E-15,1.4000000000000002E-23,0.0,2.8E7,1.0,7.2E8,
7.400000000000001E-44,0.0028,4300.0,1700.0,3800.0,4400000.0,3600.0,1600.0,7400.0,5700.0,5200.0,0.081,4500000.0,0.0,8.1E-6,0.014,0.014,0.0,500.0,4.3,4.7E-13,2.2E-15,6.0999999999999996E-24,0.0,2.6E7,1.0,7.1E8,
6.9E-44,0.0026,4300.0,1700.0,3800.0,3899999.9999999995,3600.0,1600.0,7400.0,5700.0,5100.0,0.08,3899999.9999999995,0.0,8.0E-6,0.013,0.013,0.0,500.0,4.0,1.7E-13,2.2E-15,4.7E-24,0.0,2.5E7,1.0,7.1E8,
6.9E-44,0.0026,4300.0,1700.0,3800.0,3799999.9999999995,3600.0,1600.0,7400.0,5700.0,5100.0,0.08,3799999.9999999995,0.0,9.7E-6,0.013,0.013,0.0,490.0,4.0,1.2E-15,2.2E-15,1.7E-24,0.0,2.3E7,1.0,7.1E8,
6.9E-44,0.0026,4300.0,1700.0,3800.0,3799999.9999999995,3600.0,1600.0,7400.0,5700.0,5100.0,0.08,3799999.9999999995,0.0,1.1E-5,0.013,0.013,0.0,490.0,4.0,3.2E-18,2.2E-15,5.399999999999999E-25,0.0,2.2E7,1.0,7.1E8,
6.9E-44,0.0026,4300.0,1700.0,3800.0,3799999.9999999995,3600.0,1600.0,7400.0,5700.0,5100.0,0.08,3799999.9999999995,0.0,1.1E-5,0.013,0.013,0.0,480.0,4.0,8.4E-21,2.2E-15,1.9E-25,0.0,2.2E7,1.0,7.1E8,
6.9E-44,0.0026,4300.0,1700.0,3800.0,3799999.9999999995,3600.0,1600.0,7400.0,5700.0,5100.0,0.08,3799999.9999999995,0.0,1.0E-5,0.013,0.013,0.0,480.0,4.0,2.2E-23,2.2E-15,8.0E-26,0.0,2.3E7,1.0,7.1E8,
6.9E-44,0.0026,4300.0,1700.0,3800.0,3799999.9999999995,3600.0,1600.0,7400.0,5700.0,5100.0,0.08,3799999.9999999995,0.0,9.1E-6,0.013,0.013,0.0,480.0,4.0,5.8E-26,2.2E-15,4.5E-26,0.0,2.4E7,1.0,7.1E8,
6.9E-44,0.0026,4300.0,1700.0,3800.0,3799999.9999999995,3600.0,1600.0,7400.0,5700.0,5100.0,0.08,3799999.9999999995,0.0,7.9E-6,0.013,0.013,0.0,470.0,4.0,1.7000000000000003E-28,2.2E-15,3.2E-26,0.0,2.5E7,1.0,7.1E8,
6.9E-44,0.0026,4300.0,1700.0,3800.0,3799999.9999999995,3600.0,1600.0,7400.0,5700.0,5100.0,0.08,3799999.9999999995,0.0,6.7E-6,0.013,0.013,0.0,470.0,4.0,5.3000000000000004E-30,2.2E-15,2.5E-26,0.0,2.7E7,1.0,7.1E8,
6.9E-44,0.0026,4300.0,1700.0,3800.0,3799999.9999999995,3600.0,1600.0,7400.0,5700.0,5100.0,0.079,3799999.9999999995,0.0,8.0E-6,0.013,0.013,0.0,460.0,4.0,9.3E-33,2.2E-15,2.3E-26,0.0,2.5E7,1.0,7.0E8,
3.8E-43,0.012,2100.0,46000.0,4300.0,4800000.0,3600.0,1600.0,7400.0,5700.0,5100.0,0.08,4900000.0,0.0,1.2E-5,0.026,0.026,0.0,460.0,5.2,5.5E-10,2.2E-15,1.0E-21,0.0,2.4E7,1.0,7.1E8,
6.400000000000001E-44,0.002,2100.0,470.0,4300.0,4600000.0,3600.0,1600.0,7300.0,5700.0,5100.0,0.08,4600000.0,0.0,1.3E-5,0.018,0.018,0.0,470.0,5.1,2.8E-11,2.2E-15,9.6E-23,0.0,2.3E7,1.0,7.1E8,
6.200000000000001E-44,0.0019,2100.0,470.0,4300.0,4300000.0,3600.0,1600.0,7300.0,5600.0,5100.0,0.08,4300000.0,0.0,1.5E-5,0.017,0.017,0.0,460.0,4.9,1.4E-12,2.2E-15,5.1E-23,0.0,2.2E7,1.0,7.1E8,
5.9E-44,0.0018,2100.0,470.0,4300.0,3799999.9999999995,3600.0,1600.0,7300.0,5600.0,5100.0,0.079,3799999.9999999995,0.0,1.5E-5,0.017,0.017,0.0,460.0,4.7,7.2E-14,2.2E-15,2.7E-23,0.0,2.1E7,1.0,7.0E8,
5.9E-44,0.0018,2100.0,470.0,4300.0,3799999.9999999995,3600.0,1600.0,7300.0,5600.0,5100.0,0.079,3799999.9999999995,0.0,1.8E-5,0.017,0.017,0.0,460.0,4.6,1.9E-16,2.2E-15,8.0E-24,0.0,2.0E7,1.0,7.0E8,
5.9E-44,0.0018,2100.0,470.0,4300.0,3799999.9999999995,3600.0,1600.0,7300.0,5600.0,5100.0,0.079,3799999.9999999995,0.0,1.7E-5,0.017,0.017,0.0,460.0,4.6,4.9E-19,2.2E-15,2.5E-24,0.0,2.0E7,1.0,7.0E8,
5.9E-44,0.0018,2100.0,470.0,4300.0,3799999.9999999995,3600.0,1600.0,7300.0,5600.0,5100.0,0.079,3799999.9999999995,0.0,1.6E-5,0.017,0.017,0.0,460.0,4.6,1.3E-21,2.2E-15,7.8E-25,0.0,2.0E7,1.0,7.0E8,
5.9E-44,0.0018,2100.0,470.0,4300.0,3799999.9999999995,3600.0,1600.0,7300.0,5600.0,5100.0,0.079,3799999.9999999995,0.0,1.4E-5,0.017,0.017,0.0,460.0,4.6,3.3E-24,2.2E-15,2.6999999999999997E-25,0.0,2.2E7,1.0,7.0E8,
5.9E-44,0.0018,2100.0,470.0,4300.0,3799999.9999999995,3600.0,1600.0,7300.0,5600.0,5100.0,0.079,3799999.9999999995,0.0,1.2E-5,0.017,0.017,0.0,450.0,4.6,9.800000000000001E-27,2.2E-15,1.0999999999999999E-25,0.0,2.3E7,1.0,7.0E8,
5.9E-44,0.0018,2100.0,470.0,4300.0,3799999.9999999995,3600.0,1600.0,7300.0,5600.0,5100.0,0.079,3799999.9999999995,0.0,1.0E-5,0.017,0.017,0.0,450.0,4.6,4.6E-29,2.2E-15,5.5E-26,0.0,2.4E7,1.0,7.0E8,
5.9E-44,0.0018,2100.0,470.0,4300.0,3799999.9999999995,3600.0,1600.0,7300.0,5600.0,5100.0,0.079,3799999.9999999995,0.0,8.4E-6,0.017,0.017,0.0,450.0,4.6,1.4E-31,2.2E-15,3.6E-26,0.0,2.6E7,1.0,7.0E8,
5.9E-44,0.0018,2100.0,470.0,4300.0,3799999.9999999995,3600.0,1600.0,7300.0,5600.0,5100.0,0.079,3799999.9999999995,0.0,7.3E-6,0.017,0.017,0.0,450.0,4.6,8.4E-34,2.2E-15,2.9E-26,0.0,2.7E7,1.0,7.0E8,
5.9E-44,0.0018,2100.0,470.0,4300.0,3799999.9999999995,3600.0,1600.0,7300.0,5600.0,5100.0,0.079,3799999.9999999995,0.0,8.1E-6,0.017,0.017,0.0,450.0,4.6,3.5E-35,2.2E-15,2.4E-26,0.0,2.6E7,1.0,7.0E8,
5.9E-44,0.0018,2100.0,470.0,4300.0,3799999.9999999995,3600.0,1600.0,7300.0,5600.0,5100.0,0.079,3799999.9999999995,0.0,9.2E-6,0.017,0.017,0.0,440.0,4.6,9.0E-38,2.2E-15,2.7E-26,0.0,2.5E7,1.0,7.0E8,
5.9E-44,0.0018,2100.0,470.0,4300.0,3799999.9999999995,3600.0,1600.0,7300.0,5600.0,5100.0,0.079,3799999.9999999995,0.0,9.4E-6,0.017,0.017,0.0,430.0,4.6,2.4E-40,2.2E-15,2.8E-26,0.0,2.5E7,1.0,7.0E8,
5.6E-43,0.018,6600.0,57000.0,41000.0,4700000.0,20000.0,1600.0,2700.0,1800.0,2100.0,0.08,4800000.0,0.0,2.2E-5,0.028,0.028,0.0,450.0,9.0,5.6E-11,2.2E-15,1.2E-21,0.0,2.4E7,1.0,7.1E8,
3.6000000000000004E-44,0.0012,6600.0,2100.0,350.0,4200000.0,2400.0,1600.0,2700.0,1800.0,2100.0,0.079,4300000.0,0.0,2.4E-6,0.011,0.011,0.0,460.0,0.91,7.6E-12,2.2E-15,5.1E-23,0.0,2.3E7,1.0,7.1E8,
3.4E-44,0.0011,6600.0,2100.0,350.0,3799999.9999999995,2400.0,1600.0,2700.0,1800.0,2100.0,0.079,3799999.9999999995,0.0,2.5E-6,0.011,0.011,0.0,450.0,0.83,1.4E-13,2.2E-15,2.1E-23,0.0,2.2E7,1.0,7.0E8,
3.4E-44,0.0011,6600.0,2100.0,350.0,3799999.9999999995,2400.0,1600.0,2700.0,1800.0,2100.0,0.079,3799999.9999999995,0.0,2.8E-6,0.011,0.011,0.0,440.0,0.83,3.6E-16,2.2E-15,6.499999999999999E-24,0.0,2.1E7,1.0,7.0E8,
3.4E-44,0.0011,6600.0,2100.0,350.0,3799999.9999999995,2400.0,1600.0,2700.0,1800.0,2100.0,0.079,3799999.9999999995,0.0,2.8E-6,0.011,0.011,0.0,440.0,0.83,9.1E-19,2.2E-15,2.0E-24,0.0,2.1E7,1.0,7.0E8,
3.4E-44,0.0011,6600.0,2100.0,350.0,3799999.9999999995,2400.0,1600.0,2700.0,1800.0,2100.0,0.079,3799999.9999999995,0.0,2.5E-6,0.011,0.011,0.0,440.0,0.83,2.3E-21,2.2E-15,5.9E-25,0.0,2.1E7,1.0,7.0E8,
3.4E-44,0.0011,6600.0,2100.0,350.0,3799999.9999999995,2400.0,1600.0,2700.0,1800.0,2100.0,0.079,3799999.9999999995,0.0,2.2E-6,0.011,0.011,0.0,440.0,0.83,6.0999999999999996E-24,2.2E-15,1.8E-25,0.0,2.2E7,1.0,7.0E8,
3.4E-44,0.0011,6600.0,2100.0,350.0,3799999.9999999995,2400.0,1600.0,2700.0,1800.0,2100.0,0.079,3799999.9999999995,0.0,1.9E-6,0.011,0.011,0.0,440.0,0.83,1.6E-26,2.2E-15,6.0E-26,0.0,2.4E7,1.0,7.0E8,
3.4E-44,0.0011,6600.0,2100.0,350.0,3799999.9999999995,2400.0,1600.0,2700.0,1800.0,2100.0,0.079,3799999.9999999995,0.0,1.6E-6,0.011,0.011,0.0,430.0,0.83,5.3E-29,2.2E-15,2.2E-26,0.0,2.5E7,1.0,7.0E8,
3.4E-44,0.0011,6600.0,2100.0,350.0,3799999.9999999995,2400.0,1600.0,2700.0,1800.0,2100.0,0.079,3799999.9999999995,0.0,1.4E-6,0.011,0.011,0.0,430.0,0.83,1.5E-31,2.2E-15,9.800000000000001E-27,0.0,2.7E7,1.0,7.0E8,
3.4E-44,0.0011,6600.0,2100.0,350.0,3799999.9999999995,2400.0,1600.0,2700.0,1800.0,2100.0,0.079,3799999.9999999995,0.0,1.2E-6,0.011,0.011,0.0,430.0,0.83,6.8E-34,2.2E-15,5.7000000000000004E-27,0.0,2.8E7,1.0,7.0E8,
3.4E-44,0.0011,6600.0,2100.0,350.0,3799999.9999999995,2400.0,1600.0,2700.0,1800.0,2100.0,0.079,3799999.9999999995,0.0,1.4E-6,0.011,0.011,0.0,430.0,0.83,3.8000000000000004E-36,2.2E-15,4.5E-27,0.0,2.6E7,1.0,7.0E8,
3.4E-44,0.0011,6600.0,2100.0,350.0,3799999.9999999995,2400.0,1600.0,2700.0,1800.0,2100.0,0.079,3799999.9999999995,0.0,1.6E-6,0.011,0.011,0.0,430.0,0.83,9.8E-39,2.2E-15,4.7E-27,0.0,2.5E7,1.0,7.0E8,
3.4E-44,0.0011,6600.0,2100.0,350.0,3799999.9999999995,2400.0,1600.0,2700.0,1800.0,2100.0,0.079,3799999.9999999995,0.0,1.6E-6,0.011,0.011,0.0,430.0,0.83,2.5E-41,2.2E-15,4.9000000000000005E-27,0.0,2.5E7,1.0,7.0E8,
3.4E-44,0.0011,6600.0,2100.0,350.0,3799999.9999999995,2400.0,1600.0,2700.0,1800.0,2100.0,0.079,3799999.9999999995,0.0,1.5E-6,0.011,0.011,0.0,420.0,0.83,6.400000000000001E-44,2.2E-15,4.8E-27,0.0,2.6E7,1.0,7.0E8,
3.4E-44,0.0011,6600.0,2100.0,350.0,3799999.9999999995,2400.0,1600.0,2700.0,1800.0,2100.0,0.079,3799999.9999999995,0.0,1.3E-6,0.011,0.011,0.0,420.0,0.83,4.2E-46,2.2E-15,4.5E-27,0.0,2.7E7,1.0,7.0E8,
3.4E-44,0.0011,6600.0,2100.0,350.0,3799999.9999999995,2400.0,1600.0,2700.0,1800.0,2100.0,0.079,3799999.9999999995,0.0,1.2E-6,0.011,0.011,0.0,410.0,0.83,1.1999999999999999E-46,2.2E-15,4.0E-27,0.0,2.8E7,1.0,7.0E8,
3.4E-44,0.0011,6600.0,2100.0,350.0,3799999.9999999995,2400.0,1600.0,2700.0,1800.0,2100.0,0.079,3799999.9999999995,0.0,1.0E-6,0.011,0.011,0.0,410.0,0.83,2.8E-47,2.2E-15,3.6E-27,0.0,3.0E7,1.0,7.0E8,
3.4E-44,0.0011,6600.0,2100.0,350.0,3799999.9999999995,2400.0,1600.0,2700.0,1800.0,2100.0,0.079,3799999.9999999995,0.0,8.9E-7,0.011,0.011,0.0,410.0,0.83,0.0,2.2E-15,3.1000000000000002E-27,0.0,3.1E7,1.0,7.0E8,
3.4E-44,0.0011,6600.0,2100.0,350.0,3799999.9999999995,2400.0,1600.0,2700.0,1800.0,2100.0,0.078,3799999.9999999995,0.0,9.3E-7,0.011,0.011,0.0,410.0,0.82,0.0,2.2E-15,2.9E-27,0.0,3.0E7,1.0,7.0E8,
3.4E-44,0.0011,6600.0,2100.0,350.0,3799999.9999999995,2400.0,1600.0,2700.0,1800.0,2100.0,0.078,3799999.9999999995,0.0,1.2E-6,0.011,0.011,0.0,400.0,0.82,0.0,2.2E-15,3.2000000000000003E-27,0.0,2.8E7,1.0,7.0E8,
3.4E-44,0.0011,6600.0,2100.0,350.0,3799999.9999999995,2400.0,1600.0,2700.0,1800.0,2100.0,0.078,3799999.9999999995,0.0,1.3E-6,0.011,0.011,0.0,400.0,0.82,0.0,2.2E-15,3.6E-27,0.0,2.7E7,1.0,7.0E8,
3.4E-44,0.0011,6600.0,2100.0,350.0,3799999.9999999995,2400.0,1600.0,2700.0,1800.0,2100.0,0.078,3799999.9999999995,0.0,1.2E-6,0.011,0.011,0.0,400.0,0.82,0.0,2.2E-15,3.8E-27,0.0,2.7E7,1.0,7.0E8,
3.4E-44,0.0011,6600.0,2100.0,350.0,3799999.9999999995,2400.0,1600.0,2700.0,1800.0,2100.0,0.078,3799999.9999999995,0.0,1.2E-6,0.011,0.011,0.0,400.0,0.82,0.0,2.2E-15,3.7E-27,0.0,2.8E7,1.0,7.0E8,
3.4E-44,0.0011,6600.0,2100.0,350.0,3799999.9999999995,2400.0,1600.0,2700.0,1800.0,2100.0,0.078,3799999.9999999995,0.0,1.0E-6,0.011,0.011,0.0,400.0,0.82,0.0,2.2E-15,3.5E-27,0.0,2.9E7,1.0,7.0E8,
3.4E-44,0.0011,6600.0,2100.0,350.0,3799999.9999999995,2400.0,1600.0,2700.0,1800.0,2100.0,0.078,3799999.9999999995,0.0,9.2E-7,0.011,0.011,0.0,400.0,0.82,0.0,2.2E-15,3.2000000000000003E-27,0.0,3.0E7,1.0,7.0E8,
3.4E-44,0.0011,6600.0,2100.0,350.0,3799999.9999999995,2400.0,1600.0,2700.0,1800.0,2100.0,0.078,3799999.9999999995,0.0,8.1E-7,0.01,0.01,0.0,400.0,0.82,0.0,2.2E-15,2.8E-27,0.0,3.2E7,1.0,6.9E8,
3.4E-44,0.0011,6600.0,2100.0,350.0,3799999.9999999995,2400.0,1600.0,2700.0,1800.0,2100.0,0.078,3799999.9999999995,0.0,1.0E-6,0.01,0.01,0.0,400.0,0.82,0.0,2.2E-15,2.9E-27,0.0,2.9E7,1.0,6.9E8,
3.4E-44,0.0011,6600.0,2100.0,350.0,3799999.9999999995,2400.0,1600.0,2700.0,1800.0,2100.0,0.078,3799999.9999999995,0.0,1.2E-6,0.01,0.01,0.0,390.0,0.82,0.0,2.2E-15,3.4000000000000004E-27,0.0,2.7E7,1.0,6.9E8,
3.4E-44,0.0011,6600.0,2100.0,350.0,3799999.9999999995,2400.0,1600.0,2700.0,1800.0,2100.0,0.078,3799999.9999999995,0.0,1.2E-6,0.01,0.01,0.0,390.0,0.82,0.0,2.2E-15,3.7E-27,0.0,2.7E7,1.0,6.9E8,
3.4E-44,0.0011,6600.0,2100.0,350.0,3799999.9999999995,2400.0,1600.0,2700.0,1800.0,2100.0,0.078,3799999.9999999995,0.0,1.1E-6,0.01,0.01,0.0,390.0,0.82,0.0,2.2E-15,3.7E-27,0.0,2.8E7,1.0,6.9E8,
3.4E-44,0.0011,6600.0,2100.0,350.0,3799999.9999999995,2400.0,1600.0,2700.0,1800.0,2100.0,0.078,3799999.9999999995,0.0,1.0E-6,0.01,0.01,0.0,390.0,0.82,0.0,2.2E-15,3.5E-27,0.0,2.9E7,1.0,6.9E8,
3.4E-44,0.0011,6600.0,2100.0,350.0,3799999.9999999995,2400.0,1600.0,2700.0,1800.0,2100.0,0.078,3799999.9999999995,0.0,9.3E-7,0.01,0.01,0.0,390.0,0.82,0.0,2.2E-15,3.2000000000000003E-27,0.0,3.0E7,1.0,6.9E8,
3.4E-44,0.0011,6600.0,2100.0,350.0,3799999.9999999995,2400.0,1600.0,2700.0,1800.0,2100.0,0.078,3799999.9999999995,0.0,8.2E-7,0.01,0.01,0.0,390.0,0.82,0.0,2.2E-15,2.9E-27,0.0,3.1E7,1.0,6.9E8,
3.4E-44,0.0011,6600.0,2100.0,350.0,3799999.9999999995,2400.0,1600.0,2700.0,1800.0,2100.0,0.078,3799999.9999999995,0.0,7.2E-7,0.01,0.01,0.0,390.0,0.82,0.0,2.2E-15,2.5E-27,0.0,3.3E7,1.0,6.9E8,
3.4E-44,0.0011,6600.0,2100.0,350.0,3799999.9999999995,2400.0,1600.0,2700.0,1800.0,2100.0,0.078,3799999.9999999995,0.0,8.6E-7,0.01,0.01,0.0,380.0,0.82,0.0,2.2E-15,2.5E-27,0.0,3.1E7,1.0,6.9E8,
3.4E-44,0.0011,6600.0,2100.0,350.0,3799999.9999999995,2400.0,1600.0,2700.0,1800.0,2100.0,0.078,3799999.9999999995,0.0,1.0E-6,0.01,0.01,0.0,380.0,0.82,0.0,2.2E-15,2.9E-27,0.0,2.9E7,1.0,6.9E8,
3.4E-44,0.0011,6600.0,2100.0,350.0,3799999.9999999995,2400.0,1600.0,2700.0,1800.0,2100.0,0.078,3799999.9999999995,0.0,1.1E-6,0.01,0.01,0.0,380.0,0.82,0.0,2.2E-15,3.3E-27,0.0,2.8E7,1.0,6.9E8,
3.4E-44,0.0011,6600.0,2100.0,350.0,3799999.9999999995,2400.0,1600.0,2700.0,1800.0,2100.0,0.078,3799999.9999999995,0.0,1.1E-6,0.01,0.01,0.0,380.0,0.82,0.0,2.2E-15,3.4000000000000004E-27,0.0,2.8E7,1.0,6.9E8,
3.4E-44,0.0011,6600.0,2100.0,350.0,3799999.9999999995,2400.0,1600.0,2700.0,1800.0,2100.0,0.078,3799999.9999999995,0.0,1.0E-6,0.01,0.01,0.0,380.0,0.82,0.0,2.2E-15,3.3E-27,0.0,2.9E7,1.0,6.9E8,
3.4E-44,0.0011,6600.0,2100.0,350.0,3799999.9999999995,2400.0,1600.0,2700.0,1800.0,2100.0,0.078,3799999.9999999995,0.0,9.0E-7,0.01,0.01,0.0,380.0,0.82,0.0,2.2E-15,3.1000000000000002E-27,0.0,3.0E7,1.0,6.9E8,
3.4E-44,0.0011,6600.0,2100.0,350.0,3799999.9999999995,2400.0,1600.0,2700.0,1800.0,2100.0,0.078,3799999.9999999995,0.0,8.0E-7,0.01,0.01,0.0,370.0,0.82,0.0,2.2E-15,2.8E-27,0.0,3.2E7,1.0,6.9E8,
3.4E-44,0.0011,6600.0,2100.0,350.0,3799999.9999999995,2400.0,1600.0,2700.0,1800.0,2100.0,0.078,3799999.9999999995,0.0,7.1E-7,0.01,0.01,0.0,370.0,0.82,0.0,2.2E-15,2.5E-27,0.0,3.3E7,1.0,6.9E8,
3.4E-44,0.0011,6600.0,2100.0,350.0,3799999.9999999995,2400.0,1600.0,2700.0,1800.0,2100.0,0.078,3799999.9999999995,0.0,7.3E-7,0.01,0.01,0.0,370.0,0.82,0.0,2.2E-15,2.2000000000000002E-27,0.0,3.3E7,1.0,6.9E8,
3.4E-44,0.0011,6600.0,2100.0,350.0,3799999.9999999995,2400.0,1600.0,2700.0,1800.0,2100.0,0.078,3799999.9999999995,0.0,9.4E-7,0.01,0.01,0.0,370.0,0.82,0.0,2.2E-15,2.6E-27,0.0,3.0E7,1.0,6.9E8,
3.4E-44,0.0011,6600.0,2100.0,350.0,3799999.9999999995,2400.0,1600.0,2700.0,1800.0,2100.0,0.078,3799999.9999999995,0.0,1.0E-6,0.01,0.01,0.0,370.0,0.82,0.0,2.2E-15,3.0E-27,0.0,2.9E7,1.0,6.9E8,
3.4E-44,0.0011,6600.0,2100.0,350.0,3799999.9999999995,2400.0,1600.0,2700.0,1800.0,2100.0,0.078,3799999.9999999995,0.0,1.0E-6,0.01,0.01,0.0,370.0,0.82,0.0,2.2E-15,3.2000000000000003E-27,0.0,2.9E7,1.0,6.9E8,
3.4E-44,0.0011,6600.0,2100.0,350.0,3799999.9999999995,2400.0,1600.0,2700.0,1800.0,2100.0,0.078,3799999.9999999995,0.0,9.9E-7,0.01,0.01,0.0,360.0,0.82,0.0,2.2E-15,3.2000000000000003E-27,0.0,2.9E7,1.0,6.9E8,
3.4E-44,0.0011,6600.0,2100.0,350.0,3799999.9999999995,2400.0,1600.0,2700.0,1800.0,2100.0,0.078,3799999.9999999995,0.0,9.0E-7,0.01,0.01,0.0,360.0,0.82,0.0,2.2E-15,3.0E-27,0.0,3.0E7,1.0,6.9E8,
3.4E-44,0.0011,6600.0,2100.0,350.0,3799999.9999999995,2400.0,1600.0,2700.0,1800.0,2100.0,0.078,3799999.9999999995,0.0,8.0E-7,0.01,0.01,0.0,360.0,0.82,0.0,2.2E-15,2.8E-27,0.0,3.2E7,1.0,6.9E8,
3.4E-44,0.0011,6600.0,2100.0,350.0,3799999.9999999995,2400.0,1600.0,2700.0,1800.0,2100.0,0.078,3799999.9999999995,0.0,7.1E-7,0.01,0.01,0.0,360.0,0.82,0.0,2.2E-15,2.5E-27,0.0,3.3E7,1.0,6.9E8,
3.4E-44,0.0011,6600.0,2100.0,350.0,3799999.9999999995,2400.0,1600.0,2700.0,1800.0,2100.0,0.078,3799999.9999999995,0.0,6.3E-7,0.01,0.01,0.0,360.0,0.82,0.0,2.2E-15,2.2000000000000002E-27,0.0,3.4E7,1.0,6.9E8,
3.4E-44,0.0011,6600.0,2100.0,350.0,3799999.9999999995,2400.0,1600.0,2700.0,1800.0,2100.0,0.078,3799999.9999999995,0.0,8.6E-7,0.01,0.01,0.0,360.0,0.82,0.0,2.2E-15,2.4E-27,0.0,3.1E7,1.0,6.9E8,
3.4E-44,0.0011,6600.0,2100.0,350.0,3799999.9999999995,2400.0,1600.0,2700.0,1800.0,2100.0,0.078,3799999.9999999995,0.0,9.9E-7,0.01,0.01,0.0,360.0,0.82,0.0,2.2E-15,2.8E-27,0.0,2.9E7,1.0,6.9E8,
3.4E-44,0.0011,6600.0,2100.0,350.0,3799999.9999999995,2400.0,1600.0,2700.0,1800.0,2100.0,0.078,3799999.9999999995,0.0,1.0E-6,0.01,0.01,0.0,350.0,0.82,0.0,2.2E-15,3.1000000000000002E-27,0.0,2.9E7,1.0,6.9E8,
3.4E-44,0.0011,6600.0,2100.0,350.0,3799999.9999999995,2400.0,1600.0,2700.0,1800.0,2100.0,0.078,3799999.9999999995,0.0,9.9E-7,0.01,0.01,0.0,350.0,0.82,0.0,2.2E-15,3.2000000000000003E-27,0.0,2.9E7,1.0,6.9E8,
3.4E-44,0.0011,6600.0,2100.0,350.0,3799999.9999999995,2400.0,1600.0,2700.0,1800.0,2100.0,0.078,3799999.9999999995,0.0,9.1E-7,0.01,0.01,0.0,350.0,0.82,0.0,2.2E-15,3.0E-27,0.0,3.0E7,1.0,6.9E8,
3.4E-44,0.0011,6600.0,2100.0,350.0,3799999.9999999995,2400.0,1600.0,2700.0,1800.0,2100.0,0.078,3799999.9999999995,0.0,8.2E-7,0.01,0.01,0.0,350.0,0.82,0.0,2.2E-15,2.8E-27,0.0,3.1E7,1.0,6.9E8,
3.4E-44,0.0011,6600.0,2100.0,350.0,3799999.9999999995,2400.0,1600.0,2700.0,1800.0,2100.0,0.078,3799999.9999999995,0.0,7.3E-7,0.01,0.01,0.0,350.0,0.82,0.0,2.2E-15,2.5E-27,0.0,3.3E7,1.0,6.9E8,
3.4E-44,0.0011,6600.0,2100.0,350.0,3799999.9999999995,2400.0,1600.0,2700.0,1800.0,2100.0,0.078,3799999.9999999995,0.0,6.5E-7,0.01,0.01,0.0,350.0,0.82,0.0,2.2E-15,2.3E-27,0.0,3.4E7,1.0,6.9E8,
3.8E-44,0.004,1500.0,7000.0,3600.0,4600000.0,2400.0,1600.0,2700.0,1800.0,2100.0,0.078,4600000.0,0.0,6.4E-6,0.019,0.019,0.0,380.0,6.8,7.7E-11,2.3E-15,3.6999999999999995E-22,0.0,3.3E7,1.0,7.0E8,
3.8E-44,0.004,1500.0,7000.0,3600.0,4400000.0,2400.0,1600.0,2700.0,1700.0,2100.0,0.078,4500000.0,0.0,7.5E-6,0.019,0.019,0.0,380.0,6.6,3.9E-12,2.2E-15,1.9999999999999999E-22,0.0,3.0E7,1.0,7.0E8,
3.7000000000000005E-44,0.004,1500.0,7000.0,3600.0,4400000.0,2400.0,1600.0,2700.0,1700.0,2100.0,0.078,4400000.0,0.0,9.2E-6,0.019,0.019,0.0,380.0,6.6,7.2E-14,2.2E-15,8.9E-23,0.0,2.8E7,1.0,7.0E8,
1.6999999999999998E-43,0.011,5700.0,39000.0,4800.0,4600000.0,2400.0,1600.0,2700.0,1700.0,2100.0,0.078,4700000.0,0.0,0.0044,0.023,0.023,0.0,380.0,7.6,5.8E-10,2.3E-15,1.4E-22,0.0,2.6E7,1.0,7.0E8,
4.7E-44,0.0031,5700.0,4300.0,4800.0,4300000.0,2400.0,1600.0,2700.0,1700.0,2100.0,0.078,4300000.0,0.0,1.5E-5,0.015,0.015,0.0,380.0,7.3,1.1E-11,2.2E-15,1.7E-23,0.0,2.4E7,1.0,7.0E8,
4.7E-44,0.0031,5700.0,4200.0,4800.0,4099999.9999999995,2400.0,1600.0,2700.0,1700.0,2100.0,0.077,4200000.0,0.0,1.8E-5,0.015,0.015,0.0,380.0,7.1,7.6E-14,2.2E-15,6.3E-24,0.0,2.3E7,1.0,7.0E8,
4.8E-44,0.0032,5700.0,4200.0,4800.0,4600000.0,2300.0,1600.0,2700.0,1700.0,2100.0,0.078,4600000.0,0.0,2.1E-5,0.016,0.016,0.0,390.0,7.5,1.4E-15,2.3E-15,2.9E-24,0.0,2.2E7,1.0,7.0E8,
1.6000000000000002E-44,0.0024,5700.0,4200.0,670.0,3999999.9999999995,2300.0,1600.0,2700.0,1700.0,2100.0,0.077,3999999.9999999995,0.0,1.6E-5,0.011,0.011,0.0,380.0,5.1,5.7E-10,2.2E-15,1.7E-22,0.0,2.1E7,1.0,6.9E8,
1.6000000000000002E-44,0.0023,5700.0,4200.0,670.0,3799999.9999999995,2300.0,1500.0,2700.0,1700.0,2100.0,0.077,3799999.9999999995,0.0,1.7E-5,0.011,0.011,0.0,390.0,4.9,7.7E-11,2.2E-15,1.0999999999999998E-22,0.0,2.0E7,1.0,6.9E8,
1.6000000000000002E-44,0.0023,5700.0,4200.0,670.0,3799999.9999999995,2300.0,1500.0,2700.0,1700.0,2100.0,0.077,3799999.9999999995,0.0,1.9E-5,0.011,0.011,0.0,380.0,4.9,5.4E-13,2.2E-15,4.2E-23,0.0,1.9E7,1.0,6.9E8,
1.6000000000000002E-44,0.0023,5700.0,4200.0,670.0,3799999.9999999995,2300.0,1500.0,2700.0,1700.0,2100.0,0.077,3799999.9999999995,0.0,1.9E-5,0.011,0.011,0.0,370.0,4.9,1.4E-15,2.2E-15,1.3E-23,0.0,1.9E7,1.0,6.9E8,
1.6000000000000002E-44,0.0023,5700.0,4200.0,670.0,3799999.9999999995,2300.0,1500.0,2700.0,1700.0,2100.0,0.077,3799999.9999999995,0.0,1.7E-5,0.011,0.011,0.0,370.0,4.9,3.5E-18,2.2E-15,3.7999999999999995E-24,0.0,2.0E7,1.0,6.9E8,
1.6000000000000002E-44,0.0023,5700.0,4200.0,670.0,3799999.9999999995,2300.0,1500.0,2700.0,1700.0,2100.0,0.077,3799999.9999999995,0.0,1.5E-5,0.011,0.011,0.0,370.0,4.9,9.1E-21,2.2E-15,1.2E-24,0.0,2.1E7,1.0,6.9E8,
1.6000000000000002E-44,0.0023,5700.0,4200.0,670.0,3799999.9999999995,2300.0,1500.0,2700.0,1700.0,2100.0,0.077,3799999.9999999995,0.0,1.3E-5,0.011,0.011,0.0,370.0,4.9,2.6E-23,2.2E-15,3.9E-25,0.0,2.2E7,1.0,6.9E8,
1.6000000000000002E-44,0.0023,5700.0,4200.0,670.0,3799999.9999999995,2300.0,1500.0,2700.0,1700.0,2100.0,0.077,3799999.9999999995,0.0,1.1E-5,0.011,0.011,0.0,370.0,4.9,7.8E-26,2.2E-15,1.4E-25,0.0,2.4E7,1.0,6.9E8,
1.6000000000000002E-44,0.0023,5700.0,4200.0,670.0,3799999.9999999995,2300.0,1500.0,2700.0,1700.0,2100.0,0.077,3799999.9999999995,0.0,9.1E-6,0.011,0.011,0.0,360.0,4.9,2.0000000000000002E-28,2.2E-15,6.5E-26,0.0,2.5E7,1.0,6.9E8,
1.6000000000000002E-44,0.0023,5700.0,4200.0,670.0,3699999.9999999995,2300.0,1500.0,2700.0,1700.0,2100.0,0.077,3799999.9999999995,0.0,1.0E-5,0.011,0.011,0.0,360.0,4.8,3.7E-30,2.2E-15,4.7E-26,0.0,2.4E7,1.0,6.9E8,
1.6000000000000002E-44,0.0023,5700.0,4200.0,670.0,3699999.9999999995,2300.0,1500.0,2700.0,1700.0,2100.0,0.077,3699999.9999999995,0.0,1.2E-5,0.011,0.011,0.0,360.0,4.8,9.4E-33,2.2E-15,4.0E-26,0.0,2.2E7,1.0,6.8E8,
1.6000000000000002E-44,0.0023,5700.0,4200.0,670.0,3699999.9999999995,2300.0,1500.0,2700.0,1700.0,2100.0,0.077,3699999.9999999995,0.0,1.3E-5,0.011,0.011,0.0,350.0,4.8,2.3999999999999999E-35,2.2E-15,4.2E-26,0.0,2.1E7,1.0,6.8E8,
1.6000000000000002E-44,0.0023,5700.0,4200.0,670.0,3699999.9999999995,2300.0,1500.0,2700.0,1700.0,2100.0,0.077,3699999.9999999995,0.0,1.3E-5,0.011,0.011,0.0,350.0,4.8,6.200000000000001E-38,2.2E-15,4.3E-26,0.0,2.1E7,1.0,6.8E8,
1.6000000000000002E-44,0.0023,5700.0,4200.0,670.0,3699999.9999999995,2300.0,1500.0,2700.0,1700.0,2100.0,0.077,3699999.9999999995,0.0,1.2E-5,0.011,0.011,0.0,350.0,4.8,1.6E-40,2.2E-15,4.2E-26,0.0,2.2E7,1.0,6.8E8,
1.6000000000000002E-44,0.0023,5700.0,4200.0,670.0,3699999.9999999995,2300.0,1500.0,2700.0,1700.0,2100.0,0.077,3699999.9999999995,0.0,1.1E-5,0.011,0.011,0.0,350.0,4.8,4.4E-43,2.2E-15,3.8E-26,0.0,2.3E7,1.0,6.8E8,
1.6000000000000002E-44,0.0023,5700.0,4200.0,670.0,3699999.9999999995,2300.0,1500.0,2700.0,1700.0,2100.0,0.077,3699999.9999999995,0.0,9.2E-6,0.011,0.011,0.0,350.0,4.8,9.1E-45,2.2E-15,3.4E-26,0.0,2.4E7,1.0,6.8E8,
1.6000000000000002E-44,0.0023,5700.0,4200.0,670.0,3699999.9999999995,2300.0,1500.0,2700.0,1700.0,2100.0,0.077,3699999.9999999995,0.0,7.9E-6,0.011,0.011,0.0,350.0,4.8,0.0,2.2E-15,3.0E-26,0.0,2.6E7,1.0,6.8E8,
1.6000000000000002E-44,0.0023,5700.0,4200.0,670.0,3699999.9999999995,2300.0,1500.0,2700.0,1700.0,2100.0,0.077,3699999.9999999995,0.0,6.8E-6,0.011,0.011,0.0,350.0,4.8,0.0,2.2E-15,2.5E-26,0.0,2.7E7,1.0,6.8E8,
1.6000000000000002E-44,0.0023,5700.0,4200.0,670.0,3699999.9999999995,2300.0,1500.0,2700.0,1700.0,2100.0,0.077,3699999.9999999995,0.0,6.3E-6,0.011,0.011,0.0,350.0,4.8,1.8E-45,2.2E-15,2.2E-26,0.0,2.8E7,1.0,6.8E8,
1.6000000000000002E-44,0.0023,5700.0,4200.0,670.0,3699999.9999999995,2300.0,1500.0,2700.0,1700.0,2100.0,0.077,3699999.9999999995,0.0,7.9E-6,0.011,0.011,0.0,350.0,4.8,4.6E-48,2.2E-15,2.3E-26,0.0,2.6E7,1.0,6.8E8,
1.6000000000000002E-44,0.0023,5700.0,4200.0,670.0,3699999.9999999995,2300.0,1500.0,2700.0,1700.0,2100.0,0.077,3699999.9999999995,0.0,8.6E-6,0.011,0.011,0.0,340.0,4.8,1.2E-50,2.2E-15,2.6E-26,0.0,2.5E7,1.0,6.8E8,
1.6000000000000002E-44,0.0023,5700.0,4200.0,670.0,3699999.9999999995,2300.0,1500.0,2700.0,1700.0,2100.0,0.077,3699999.9999999995,0.0,8.5E-6,0.011,0.011,0.0,330.0,4.8,2.9999999999999997E-53,2.2E-15,2.8E-26,0.0,2.5E7,1.0,6.8E8,
1.6000000000000002E-44,0.0023,5700.0,4200.0,670.0,3699999.9999999995,2300.0,1500.0,2700.0,1700.0,2100.0,0.077,3699999.9999999995,0.0,7.8E-6,0.011,0.011,0.0,330.0,4.8,7.899999999999999E-56,2.2E-15,2.7E-26,0.0,2.6E7,1.0,6.8E8,
1.6000000000000002E-44,0.0023,5700.0,4200.0,670.0,3699999.9999999995,2300.0,1500.0,2700.0,1700.0,2100.0,0.077,3699999.9999999995,0.0,7.0E-6,0.011,0.011,0.0,330.0,4.8,6.1E-58,2.2E-15,2.5E-26,0.0,2.7E7,1.0,6.8E8,
1.6000000000000002E-44,0.0023,5700.0,4200.0,670.0,3699999.9999999995,2300.0,1500.0,2700.0,1700.0,2100.0,0.077,3699999.9999999995,0.0,6.2E-6,0.011,0.011,0.0,320.0,4.8,0.0,2.2E-15,2.2E-26,0.0,2.8E7,1.0,6.8E8,
1.6000000000000002E-44,0.0023,5700.0,4200.0,670.0,3699999.9999999995,2300.0,1500.0,2700.0,1700.0,2100.0,0.077,3699999.9999999995,0.0,5.4E-6,0.011,0.011,0.0,320.0,4.8,5.3E-59,2.2E-15,2.0E-26,0.0,3.0E7,1.0,6.8E8,
1.6000000000000002E-44,0.0023,5700.0,4200.0,670.0,3699999.9999999995,2300.0,1500.0,2700.0,1700.0,2100.0,0.077,3699999.9999999995,0.0,4.7E-6,0.011,0.011,0.0,310.0,4.8,0.0,2.2E-15,1.7E-26,0.0,3.1E7,1.0,6.8E8,
1.6000000000000002E-44,0.0023,5700.0,4200.0,670.0,3699999.9999999995,2300.0,1500.0,2700.0,1700.0,2100.0,0.077,3699999.9999999995,0.0,5.9E-6,0.011,0.011,0.0,310.0,4.8,0.0,2.2E-15,1.7E-26,0.0,2.9E7,1.0,6.8E8,
1.6000000000000002E-44,0.0023,5700.0,4200.0,670.0,3699999.9999999995,2300.0,1500.0,2700.0,1700.0,2100.0,0.077,3699999.9999999995,0.0,6.9E-6,0.011,0.011,0.0,310.0,4.8,0.0,2.2E-15,2.0E-26,0.0,2.7E7,1.0,6.8E8,
1.6000000000000002E-44,0.0023,5700.0,4200.0,670.0,3699999.9999999995,2300.0,1500.0,2700.0,1700.0,2100.0,0.077,3699999.9999999995,0.0,7.1E-6,0.011,0.011,0.0,310.0,4.8,0.0,2.2E-15,2.2E-26,0.0,2.7E7,1.0,6.8E8,
1.6000000000000002E-44,0.0023,5700.0,4200.0,670.0,3699999.9999999995,2300.0,1500.0,2700.0,1700.0,2100.0,0.077,3699999.9999999995,0.0,6.8E-6,0.011,0.011,0.0,310.0,4.8,0.0,2.2E-15,2.3E-26,0.0,2.7E7,1.0,6.8E8,
1.6000000000000002E-44,0.0023,5700.0,4200.0,670.0,3699999.9999999995,2300.0,1500.0,2700.0,1700.0,2100.0,0.077,3699999.9999999995,0.0,6.3E-6,0.011,0.011,0.0,310.0,4.8,0.0,2.2E-15,2.2E-26,0.0,2.8E7,1.0,6.8E8,
1.6000000000000002E-44,0.0023,5700.0,4200.0,670.0,3699999.9999999995,2300.0,1500.0,2700.0,1700.0,2100.0,0.077,3699999.9999999995,0.0,5.6E-6,0.011,0.011,0.0,310.0,4.8,0.0,2.2E-15,2.0E-26,0.0,2.9E7,1.0,6.8E8,
1.6000000000000002E-44,0.0023,5700.0,4200.0,670.0,3699999.9999999995,2300.0,1500.0,2700.0,1700.0,2100.0,0.077,3699999.9999999995,0.0,4.9E-6,0.011,0.011,0.0,300.0,4.8,0.0,2.2E-15,1.8E-26,0.0,3.1E7,1.0,6.8E8,
1.6000000000000002E-44,0.0023,5700.0,4200.0,670.0,3699999.9999999995,2300.0,1500.0,2700.0,1700.0,2100.0,0.077,3699999.9999999995,0.0,4.3E-6,0.011,0.011,0.0,300.0,4.8,0.0,2.2E-15,1.6E-26,0.0,3.2E7,1.0,6.8E8,
1.6000000000000002E-44,0.0023,5700.0,4200.0,670.0,3699999.9999999995,2300.0,1500.0,2700.0,1700.0,2100.0,0.077,3699999.9999999995,0.0,4.8E-6,0.011,0.011,0.0,300.0,4.8,0.0,2.2E-15,1.5E-26,0.0,3.1E7,1.0,6.8E8,
1.6000000000000002E-44,0.0023,5700.0,4200.0,670.0,3699999.9999999995,2300.0,1500.0,2700.0,1700.0,2100.0,0.077,3699999.9999999995,0.0,6.0E-6,0.011,0.011,0.0,290.0,4.8,0.0,2.2E-15,1.7E-26,0.0,2.9E7,1.0,6.8E8,
1.6000000000000002E-44,0.0023,5700.0,4200.0,670.0,3699999.9999999995,2300.0,1500.0,2700.0,1700.0,2100.0,0.077,3699999.9999999995,0.0,6.5E-6,0.011,0.011,0.0,290.0,4.8,0.0,2.2E-15,2.0E-26,0.0,2.8E7,1.0,6.8E8,
1.6000000000000002E-44,0.0023,5700.0,4200.0,670.0,3699999.9999999995,2300.0,1500.0,2700.0,1700.0,2100.0,0.077,3699999.9999999995,0.0,6.4E-6,0.011,0.011,0.0,290.0,4.8,0.0,2.2E-15,2.1E-26,0.0,2.8E7,1.0,6.8E8,
1.6000000000000002E-44,0.0023,5700.0,4200.0,670.0,3699999.9999999995,2300.0,1500.0,2700.0,1700.0,2100.0,0.077,3699999.9999999995,0.0,6.0E-6,0.011,0.011,0.0,290.0,4.8,0.0,2.2E-15,2.0E-26,0.0,2.9E7,1.0,6.8E8,
1.6000000000000002E-44,0.0023,5700.0,4200.0,670.0,3699999.9999999995,2300.0,1500.0,2700.0,1700.0,2100.0,0.077,3699999.9999999995,0.0,5.4E-6,0.011,0.011,0.0,290.0,4.8,0.0,2.2E-15,1.9E-26,0.0,3.0E7,1.0,6.8E8,
1.6000000000000002E-44,0.0023,5700.0,4200.0,670.0,3699999.9999999995,2300.0,1500.0,2700.0,1700.0,2100.0,0.077,3699999.9999999995,0.0,4.8E-6,0.011,0.011,0.0,290.0,4.8,0.0,2.2E-15,1.7E-26,0.0,3.1E7,1.0,6.8E8,
1.6000000000000002E-44,0.0023,5700.0,4200.0,670.0,3699999.9999999995,2300.0,1500.0,2700.0,1700.0,2100.0,0.077,3699999.9999999995,0.0,4.3E-6,0.011,0.011,0.0,290.0,4.8,0.0,2.2E-15,1.5E-26,0.0,3.2E7,1.0,6.8E8,
1.6000000000000002E-44,0.0023,5700.0,4200.0,670.0,3699999.9999999995,2300.0,1500.0,2700.0,1700.0,2100.0,0.077,3699999.9999999995,0.0,4.1E-6,0.011,0.011,0.0,280.0,4.8,0.0,2.2E-15,1.4E-26,0.0,3.3E7,1.0,6.8E8,
1.6000000000000002E-44,0.0023,5700.0,4200.0,670.0,3699999.9999999995,2300.0,1500.0,2700.0,1700.0,2100.0,0.077,3699999.9999999995,0.0,5.4E-6,0.011,0.011,0.0,280.0,4.8,0.0,2.2E-15,1.5E-26,0.0,3.0E7,1.0,6.8E8,
1.6000000000000002E-44,0.0023,5700.0,4200.0,670.0,3699999.9999999995,2300.0,1500.0,2700.0,1700.0,2100.0,0.077,3699999.9999999995,0.0,6.1E-6,0.011,0.011,0.0,280.0,4.8,0.0,2.2E-15,1.8E-26,0.0,2.8E7,1.0,6.8E8,
8.7E-44,0.014,25000.0,63000.0,11000.0,4700000.0,4400.0,2600.0,2700.0,6200.0,2400.0,0.078,4900000.0,0.0,1.6,0.037,0.037,0.0,410.0,5.9,1.4E-9,2.3E-15,2.7E-21,0.0,2.9E7,1.0,7.0E8,
1.3000000000000002E-44,0.0021,4600.0,3000.0,3700.0,4700000.0,4400.0,2600.0,2700.0,6200.0,2400.0,0.078,4800000.0,0.0,2.7E-6,0.02,0.02,0.0,410.0,4.0,1.0E-11,2.3E-15,1.4E-22,0.0,2.6E7,1.0,7.0E8,
1.2E-44,0.002,4600.0,3000.0,3700.0,4400000.0,4400.0,2600.0,2700.0,6200.0,2400.0,0.077,4500000.0,0.0,7.7E-6,0.019,0.019,0.0,410.0,3.8,5.1E-13,2.3E-15,7.700000000000001E-23,0.0,2.5E7,1.0,7.0E8,
1.2E-44,0.002,4600.0,3000.0,3700.0,4200000.0,4400.0,2600.0,2700.0,6200.0,2400.0,0.077,4200000.0,0.0,8.5E-6,0.018,0.018,0.0,400.0,3.7,2.6E-14,2.3E-15,4.1E-23,0.0,2.4E7,1.0,7.0E8,
1.2E-44,0.0019,4600.0,3000.0,3700.0,3899999.9999999995,4400.0,2600.0,2600.0,6100.0,2400.0,0.077,3899999.9999999995,0.0,9.3E-6,0.017,0.017,0.0,410.0,3.5,1.3E-15,2.3E-15,2.2E-23,0.0,2.2E7,1.0,6.9E8,
1.1E-44,0.0019,4600.0,3000.0,3700.0,3699999.9999999995,4400.0,2600.0,2600.0,6100.0,2400.0,0.076,3799999.9999999995,0.0,1.0E-5,0.017,0.017,0.0,410.0,3.5,2.4E-17,2.3E-15,9.799999999999999E-24,0.0,2.1E7,1.0,6.9E8,
1.1E-44,0.0019,4600.0,3000.0,3700.0,3699999.9999999995,4400.0,2600.0,2600.0,6100.0,2400.0,0.076,3799999.9999999995,0.0,1.2E-5,0.017,0.017,0.0,400.0,3.5,6.3E-20,2.3E-15,2.9999999999999996E-24,0.0,2.0E7,1.0,6.9E8,
1.1E-44,0.0019,4600.0,3000.0,3700.0,3699999.9999999995,4400.0,2600.0,2600.0,6100.0,2400.0,0.075,3699999.9999999995,0.0,1.2E-5,0.017,0.017,0.0,400.0,3.5,4.399999999999999E-22,2.3E-15,1.0999999999999998E-24,0.0,2.0E7,1.0,6.8E8,
1.1E-44,0.0019,4600.0,3000.0,3700.0,3699999.9999999995,4400.0,2600.0,2600.0,6100.0,2400.0,0.075,3699999.9999999995,0.0,1.4E-5,0.017,0.017,0.0,400.0,3.5,1.0999999999999998E-24,2.3E-15,3.6999999999999996E-25,0.0,1.9E7,1.0,6.8E8,
1.1E-44,0.0019,4600.0,3000.0,3700.0,3699999.9999999995,4400.0,2600.0,2600.0,6100.0,2400.0,0.075,3699999.9999999995,0.0,1.4E-5,0.017,0.017,0.0,390.0,3.5,2.9E-27,2.3E-15,1.4E-25,0.0,1.9E7,1.0,6.8E8,
1.1E-44,0.0019,4600.0,3000.0,3700.0,3699999.9999999995,4400.0,2600.0,2600.0,6100.0,2400.0,0.075,3699999.9999999995,0.0,1.2E-5,0.017,0.017,0.0,390.0,3.5,7.6E-30,2.3E-15,7.3E-26,0.0,2.0E7,1.0,6.8E8,
1.1E-44,0.0019,4600.0,3000.0,3700.0,3699999.9999999995,4400.0,2600.0,2600.0,6100.0,2400.0,0.075,3699999.9999999995,0.0,1.1E-5,0.017,0.017,0.0,390.0,3.5,2.0E-32,2.3E-15,4.8E-26,0.0,2.1E7,1.0,6.8E8,
1.1E-44,0.0019,4600.0,3000.0,3700.0,3699999.9999999995,4400.0,2600.0,2600.0,6100.0,2400.0,0.075,3699999.9999999995,0.0,9.0E-6,0.017,0.017,0.0,390.0,3.5,1.0E-34,2.3E-15,3.7E-26,0.0,2.2E7,1.0,6.8E8,
1.1E-44,0.0019,4600.0,3000.0,3700.0,3699999.9999999995,4400.0,2600.0,2600.0,6100.0,2400.0,0.075,3699999.9999999995,0.0,7.6E-6,0.017,0.017,0.0,390.0,3.5,0.0,2.3E-15,3.0E-26,0.0,2.3E7,1.0,6.8E8,
1.1E-44,0.0019,4600.0,3000.0,3700.0,3699999.9999999995,4400.0,2600.0,2600.0,6100.0,2400.0,0.075,3699999.9999999995,0.0,6.4E-6,0.017,0.017,0.0,390.0,3.5,0.0,2.3E-15,2.5E-26,0.0,2.5E7,1.0,6.8E8,
1.1E-44,0.0019,4600.0,3000.0,3700.0,3699999.9999999995,4400.0,2600.0,2600.0,6100.0,2400.0,0.075,3699999.9999999995,0.0,5.4E-6,0.017,0.017,0.0,390.0,3.5,0.0,2.3E-15,2.1E-26,0.0,2.6E7,1.0,6.8E8,
1.1E-44,0.0019,4600.0,3000.0,3700.0,3699999.9999999995,4400.0,2600.0,2600.0,6100.0,2400.0,0.075,3699999.9999999995,0.0,6.2E-6,0.017,0.017,0.0,380.0,3.5,1.0E-41,2.3E-15,1.9E-26,0.0,2.5E7,1.0,6.8E8,
1.1E-44,0.0019,4600.0,3000.0,3700.0,3699999.9999999995,4400.0,2600.0,2600.0,6100.0,2400.0,0.075,3699999.9999999995,0.0,7.0E-6,0.017,0.017,0.0,380.0,3.5,2.7000000000000004E-44,2.3E-15,2.1E-26,0.0,2.4E7,1.0,6.8E8,
1.1E-44,0.0019,4600.0,3000.0,3700.0,3699999.9999999995,4400.0,2600.0,2600.0,6100.0,2400.0,0.075,3699999.9999999995,0.0,7.1E-6,0.017,0.017,0.0,380.0,3.5,7.0E-47,2.3E-15,2.3E-26,0.0,2.4E7,1.0,6.8E8,
7.7E-45,7.2E-4,2300.0,170.0,300.0,4400000.0,4400.0,2600.0,2600.0,6100.0,2400.0,0.075,4400000.0,0.0,2.1E-6,0.011,0.011,0.0,400.0,0.99,3.1E-10,2.3E-15,1.9E-23,0.0,2.4E7,1.0,6.9E8,
6.9E-45,6.5E-4,2300.0,170.0,300.0,3799999.9999999995,4400.0,2600.0,2600.0,6100.0,2400.0,0.075,3899999.9999999995,0.0,2.1E-6,0.011,0.011,0.0,400.0,0.88,4.2E-11,2.3E-15,1.2E-23,0.0,2.3E7,1.0,6.8E8,
6.7E-45,6.2E-4,2300.0,170.0,300.0,3699999.9999999995,4400.0,2600.0,2600.0,6100.0,2400.0,0.074,3699999.9999999995,0.0,2.4E-6,0.01,0.01,0.0,400.0,0.85,2.9E-13,2.3E-15,4.0999999999999994E-24,0.0,2.1E7,1.0,6.7E8,
6.7E-45,6.2E-4,2300.0,170.0,300.0,3699999.9999999995,4400.0,2600.0,2600.0,6100.0,2400.0,0.075,3699999.9999999995,0.0,2.8E-6,0.01,0.01,0.0,390.0,0.85,7.4E-16,2.3E-15,1.2999999999999998E-24,0.0,2.0E7,1.0,6.7E8,
6.7E-45,6.2E-4,2300.0,170.0,300.0,3699999.9999999995,4400.0,2600.0,2600.0,6100.0,2400.0,0.075,3699999.9999999995,0.0,2.8E-6,0.01,0.01,0.0,390.0,0.85,1.9E-18,2.3E-15,3.8E-25,0.0,2.0E7,1.0,6.7E8,
6.7E-45,6.2E-4,2300.0,170.0,300.0,3699999.9999999995,4400.0,2600.0,2600.0,6100.0,2400.0,0.074,3699999.9999999995,0.0,2.6E-6,0.01,0.01,0.0,390.0,0.85,4.9E-21,2.3E-15,1.2E-25,0.0,2.1E7,1.0,6.7E8,
6.7E-45,6.2E-4,2300.0,170.0,300.0,3699999.9999999995,4400.0,2600.0,2600.0,6100.0,2400.0,0.075,3699999.9999999995,0.0,2.3E-6,0.01,0.01,0.0,390.0,0.85,1.3E-23,2.3E-15,4.3E-26,0.0,2.1E7,1.0,6.7E8,
6.7E-45,6.2E-4,2300.0,170.0,300.0,3699999.9999999995,4400.0,2600.0,2600.0,6100.0,2400.0,0.074,3699999.9999999995,0.0,2.0E-6,0.01,0.01,0.0,380.0,0.85,3.4E-26,2.3E-15,1.8E-26,0.0,2.3E7,1.0,6.7E8,
6.7E-45,6.2E-4,2300.0,170.0,300.0,3699999.9999999995,4400.0,2600.0,2600.0,6100.0,2400.0,0.075,3699999.9999999995,0.0,1.7E-6,0.01,0.01,0.0,380.0,0.85,1.8000000000000002E-28,2.3E-15,9.6E-27,0.0,2.4E7,1.0,6.7E8,
6.7E-45,6.2E-4,2300.0,170.0,300.0,3699999.9999999995,4400.0,2600.0,2600.0,6100.0,2400.0,0.075,3699999.9999999995,0.0,1.4E-6,0.01,0.01,0.0,370.0,0.85,1.2E-29,2.3E-15,6.5E-27,0.0,2.6E7,1.0,6.7E8,
6.7E-45,6.2E-4,2300.0,170.0,300.0,3699999.9999999995,4400.0,2600.0,2600.0,6100.0,2400.0,0.074,3699999.9999999995,0.0,1.2E-6,0.01,0.01,0.0,370.0,0.85,0.0,2.3E-15,5.0E-27,0.0,2.7E7,1.0,6.7E8,
6.7E-45,6.2E-4,2300.0,170.0,300.0,3699999.9999999995,4400.0,2600.0,2600.0,6100.0,2400.0,0.074,3699999.9999999995,0.0,1.4E-6,0.01,0.01,0.0,370.0,0.85,9.5E-33,2.3E-15,4.5E-27,0.0,2.6E7,1.0,6.7E8,
6.7E-45,6.2E-4,2300.0,170.0,300.0,3699999.9999999995,4400.0,2600.0,2600.0,6100.0,2400.0,0.074,3699999.9999999995,0.0,1.6E-6,0.01,0.01,0.0,360.0,0.85,2.3999999999999999E-35,2.3E-15,4.9000000000000005E-27,0.0,2.4E7,1.0,6.7E8,
6.7E-45,6.2E-4,2300.0,170.0,300.0,3699999.9999999995,4400.0,2600.0,2600.0,6100.0,2400.0,0.075,3699999.9999999995,0.0,1.6E-6,0.01,0.01,0.0,360.0,0.85,6.200000000000001E-38,2.3E-15,5.3E-27,0.0,2.4E7,1.0,6.7E8,
6.7E-45,6.2E-4,2300.0,170.0,300.0,3699999.9999999995,4400.0,2600.0,2600.0,6100.0,2400.0,0.075,3699999.9999999995,0.0,1.5E-6,0.01,0.01,0.0,360.0,0.85,1.6E-40,2.3E-15,5.3E-27,0.0,2.5E7,1.0,6.7E8,
6.7E-45,6.2E-4,2300.0,170.0,300.0,3699999.9999999995,4400.0,2600.0,2600.0,6100.0,2400.0,0.075,3699999.9999999995,0.0,1.4E-6,0.01,0.01,0.0,350.0,0.85,5.499999999999999E-43,2.3E-15,5.0E-27,0.0,2.6E7,1.0,6.7E8,
6.7E-45,6.2E-4,2300.0,170.0,300.0,3699999.9999999995,4400.0,2600.0,2600.0,6100.0,2400.0,0.074,3699999.9999999995,0.0,1.2E-6,0.01,0.01,0.0,350.0,0.85,1.1999999999999999E-43,2.3E-15,4.5E-27,0.0,2.7E7,1.0,6.7E8,
6.7E-45,6.2E-4,2300.0,170.0,300.0,3699999.9999999995,4400.0,2600.0,2600.0,6100.0,2400.0,0.074,3699999.9999999995,0.0,1.1E-6,0.01,0.01,0.0,350.0,0.85,7.100000000000001E-45,2.3E-15,4.0E-27,0.0,2.8E7,1.0,6.7E8,
6.7E-45,6.2E-4,2300.0,170.0,300.0,3699999.9999999995,4400.0,2600.0,2600.0,6100.0,2400.0,0.075,3699999.9999999995,0.0,9.3E-7,0.01,0.01,0.0,350.0,0.85,0.0,2.3E-15,3.5E-27,0.0,3.0E7,1.0,6.7E8,
6.7E-45,6.2E-4,2300.0,170.0,300.0,3699999.9999999995,4400.0,2600.0,2600.0,6100.0,2400.0,0.074,3699999.9999999995,0.0,9.5E-7,0.01,0.01,0.0,350.0,0.85,0.0,2.3E-15,3.2000000000000003E-27,0.0,2.9E7,1.0,6.7E8,
6.7E-45,6.2E-4,2300.0,170.0,300.0,3699999.9999999995,4400.0,2600.0,2600.0,6100.0,2400.0,0.075,3699999.9999999995,0.0,1.2E-6,0.01,0.01,0.0,350.0,0.85,0.0,2.3E-15,3.6E-27,0.0,2.7E7,1.0,6.7E8,
6.7E-45,6.2E-4,2300.0,170.0,300.0,3699999.9999999995,4400.0,2600.0,2600.0,6100.0,2400.0,0.074,3699999.9999999995,0.0,1.3E-6,0.01,0.01,0.0,350.0,0.85,0.0,2.3E-15,4.0E-27,0.0,2.6E7,1.0,6.7E8,
6.7E-45,6.2E-4,2300.0,170.0,300.0,3699999.9999999995,4400.0,2600.0,2600.0,6100.0,2400.0,0.075,3699999.9999999995,0.0,1.3E-6,0.01,0.01,0.0,340.0,0.85,0.0,2.3E-15,4.3E-27,0.0,2.7E7,1.0,6.7E8,
6.6E-45,6.2E-4,2300.0,170.0,300.0,3699999.9999999995,4400.0,2600.0,2600.0,6100.0,2400.0,0.074,3699999.9999999995,0.0,1.3E-6,0.01,0.01,0.0,340.0,0.85,0.0,2.2E-15,4.2E-27,0.0,2.6E7,1.0,6.7E8,
6.6E-45,6.2E-4,2300.0,170.0,300.0,3699999.9999999995,4400.0,2600.0,2600.0,6100.0,2400.0,0.074,3699999.9999999995,0.0,1.6E-6,0.01,0.01,0.0,330.0,0.85,0.0,2.2E-15,4.7E-27,0.0,2.4E7,1.0,6.7E8,
6.6E-45,6.2E-4,2300.0,170.0,300.0,3699999.9999999995,4400.0,2600.0,2600.0,6100.0,2400.0,0.074,3699999.9999999995,0.0,1.7E-6,0.01,0.01,0.0,330.0,0.85,0.0,2.2E-15,5.3E-27,0.0,2.4E7,1.0,6.7E8,
6.6E-45,6.2E-4,2300.0,170.0,300.0,3699999.9999999995,4400.0,2600.0,2600.0,6100.0,2400.0,0.074,3699999.9999999995,0.0,1.6E-6,0.01,0.01,0.0,330.0,0.85,0.0,2.2E-15,5.5E-27,0.0,2.4E7,1.0,6.7E8,
6.6E-45,6.2E-4,2300.0,170.0,300.0,3699999.9999999995,4400.0,2600.0,2600.0,6100.0,2400.0,0.074,3699999.9999999995,0.0,1.5E-6,0.01,0.01,0.0,330.0,0.85,0.0,2.2E-15,5.3E-27,0.0,2.5E7,1.0,6.7E8,
6.6E-45,6.2E-4,2300.0,170.0,300.0,3699999.9999999995,4400.0,2600.0,2600.0,6100.0,2400.0,0.074,3699999.9999999995,0.0,1.3E-6,0.01,0.01,0.0,330.0,0.85,0.0,2.2E-15,4.9000000000000005E-27,0.0,2.6E7,1.0,6.7E8,
6.6E-45,6.2E-4,2300.0,170.0,300.0,3699999.9999999995,4400.0,2600.0,2600.0,6100.0,2400.0,0.074,3699999.9999999995,0.0,1.2E-6,0.01,0.01,0.0,330.0,0.85,0.0,2.2E-15,4.4000000000000005E-27,0.0,2.7E7,1.0,6.7E8,
6.6E-45,6.2E-4,2300.0,170.0,300.0,3699999.9999999995,4400.0,2600.0,2600.0,6100.0,2400.0,0.074,3699999.9999999995,0.0,1.0E-6,0.01,0.01,0.0,330.0,0.85,0.0,2.2E-15,3.8E-27,0.0,2.8E7,1.0,6.7E8,
6.6E-45,6.2E-4,2300.0,170.0,300.0,3699999.9999999995,4400.0,2600.0,2600.0,6100.0,2400.0,0.074,3699999.9999999995,0.0,8.8E-7,0.01,0.01,0.0,330.0,0.85,0.0,2.2E-15,3.3E-27,0.0,3.0E7,1.0,6.7E8,
6.6E-45,6.2E-4,2300.0,170.0,300.0,3699999.9999999995,4400.0,2600.0,2600.0,6100.0,2400.0,0.074,3699999.9999999995,0.0,1.1E-6,0.01,0.01,0.0,330.0,0.85,0.0,2.2E-15,3.3E-27,0.0,2.8E7,1.0,6.7E8,
6.6E-45,6.2E-4,2300.0,170.0,300.0,3699999.9999999995,4400.0,2600.0,2600.0,6100.0,2400.0,0.074,3699999.9999999995,0.0,1.3E-6,0.01,0.01,0.0,320.0,0.85,0.0,2.2E-15,3.9000000000000004E-27,0.0,2.6E7,1.0,6.7E8,
6.6E-45,6.2E-4,2300.0,170.0,300.0,3699999.9999999995,4400.0,2600.0,2600.0,6100.0,2400.0,0.074,3699999.9999999995,0.0,1.3E-6,0.01,0.01,0.0,320.0,0.85,0.0,2.2E-15,4.2E-27,0.0,2.6E7,1.0,6.7E8,
6.6E-45,6.2E-4,2300.0,170.0,300.0,3699999.9999999995,4400.0,2600.0,2600.0,6100.0,2400.0,0.074,3699999.9999999995,0.0,1.3E-6,0.01,0.01,0.0,320.0,0.85,0.0,2.2E-15,4.3E-27,0.0,2.6E7,1.0,6.7E8,
6.6E-45,6.2E-4,2300.0,170.0,300.0,3699999.9999999995,4400.0,2600.0,2600.0,6100.0,2400.0,0.074,3699999.9999999995,0.0,1.1E-6,0.01,0.01,0.0,320.0,0.85,0.0,2.2E-15,4.1E-27,0.0,2.7E7,1.0,6.7E8,
6.6E-45,6.2E-4,2300.0,170.0,300.0,3699999.9999999995,4400.0,2600.0,2600.0,6100.0,2400.0,0.074,3699999.9999999995,0.0,1.0E-6,0.01,0.01,0.0,320.0,0.85,0.0,2.2E-15,3.7E-27,0.0,2.8E7,1.0,6.7E8,
6.6E-45,6.2E-4,2300.0,170.0,300.0,3699999.9999999995,4400.0,2600.0,2600.0,6100.0,2400.0,0.074,3699999.9999999995,0.0,9.0E-7,0.01,0.01,0.0,320.0,0.85,0.0,2.2E-15,3.3E-27,0.0,3.0E7,1.0,6.7E8,
6.6E-45,6.2E-4,2300.0,170.0,300.0,3699999.9999999995,4400.0,2600.0,2600.0,6100.0,2400.0,0.074,3699999.9999999995,0.0,7.9E-7,0.01,0.01,0.0,310.0,0.85,0.0,2.2E-15,3.0E-27,0.0,3.1E7,1.0,6.7E8,
6.6E-45,6.2E-4,2300.0,170.0,300.0,3699999.9999999995,4400.0,2600.0,2600.0,6100.0,2400.0,0.074,3699999.9999999995,0.0,8.8E-7,0.01,0.01,0.0,310.0,0.85,0.0,2.2E-15,2.8E-27,0.0,3.0E7,1.0,6.7E8,
6.6E-45,6.2E-4,2300.0,170.0,300.0,3699999.9999999995,4400.0,2600.0,2600.0,6100.0,2400.0,0.074,3699999.9999999995,0.0,1.1E-6,0.01,0.01,0.0,310.0,0.85,0.0,2.2E-15,3.2000000000000003E-27,0.0,2.8E7,1.0,6.7E8,
6.6E-45,6.2E-4,2300.0,170.0,300.0,3699999.9999999995,4400.0,2600.0,2600.0,6100.0,2400.0,0.074,3699999.9999999995,0.0,1.2E-6,0.01,0.01,0.0,310.0,0.85,0.0,2.2E-15,3.6E-27,0.0,2.7E7,1.0,6.7E8,
1.9E-44,0.0023,12000.0,12000.0,4300.0,4600000.0,4800.0,8200.0,5400.0,700.0,4700.0,0.074,4700000.0,0.0,5.1E-6,0.022,0.022,0.0,350.0,2.2,1.7E-11,2.3E-15,5.1E-23,0.0,2.6E7,1.0,6.7E8,
1.2E-44,0.0015,4300.0,4200.0,4300.0,4500000.0,4800.0,640.0,5400.0,700.0,4700.0,0.074,4500000.0,0.0,4.0E-6,0.02,0.02,0.0,350.0,2.2,8.8E-13,2.3E-15,1.8E-23,0.0,2.5E7,1.0,6.7E8,
1.2E-44,0.0014,4300.0,4200.0,4300.0,4200000.0,4800.0,640.0,5400.0,700.0,4700.0,0.073,4300000.0,0.0,4.6E-6,0.019,0.019,0.0,340.0,2.1,1.6E-14,2.3E-15,7.8E-24,0.0,2.3E7,1.0,6.7E8,
1.1E-44,0.0014,4300.0,4200.0,4300.0,3999999.9999999995,4800.0,640.0,5400.0,700.0,4700.0,0.073,3999999.9999999995,0.0,5.1E-6,0.019,0.019,0.0,340.0,2.1,8.3E-16,2.3E-15,4.2E-24,0.0,2.2E7,1.0,6.7E8,
1.1E-44,0.0014,4300.0,4200.0,4300.0,3699999.9999999995,4800.0,640.0,5400.0,700.0,4700.0,0.073,3699999.9999999995,0.0,6.1E-6,0.018,0.018,0.0,340.0,2.0,2.1E-18,2.3E-15,1.2E-24,0.0,2.0E7,1.0,6.6E8,
1.5E-44,0.003,7100.0,21000.0,2700.0,4600000.0,2800.0,2000.0,7100.0,2900.0,7500.0,0.074,4700000.0,0.0,4.4E-6,0.024,0.024,0.0,340.0,1.3,9.1E-11,2.3E-15,1.3E-22,0.0,2.0E7,1.0,6.7E8,
5.6E-45,0.0011,7100.0,3300.0,2600.0,4500000.0,2800.0,2000.0,7100.0,2900.0,7400.0,0.073,4600000.0,0.0,4.9E-6,0.021,0.021,0.0,340.0,1.2,1.7E-12,2.3E-15,2.1E-23,0.0,1.9E7,1.0,6.7E8,
5.5E-45,0.0011,7100.0,3300.0,2600.0,4400000.0,2800.0,2000.0,7100.0,2900.0,7400.0,0.073,4400000.0,0.0,5.3E-6,0.021,0.021,0.0,340.0,1.2,3.2E-14,2.3E-15,9.499999999999999E-24,0.0,1.8E7,1.0,6.7E8,
5.4000000000000003E-45,0.0011,7000.0,3300.0,2600.0,4099999.9999999995,2800.0,2000.0,7100.0,2900.0,7400.0,0.073,4099999.9999999995,0.0,5.8E-6,0.021,0.021,0.0,340.0,1.2,2.3E-16,2.3E-15,3.4E-24,0.0,1.7E7,1.0,6.7E8,
5.1E-45,0.001,7000.0,3300.0,2600.0,3699999.9999999995,2800.0,2000.0,7100.0,2900.0,7400.0,0.072,3699999.9999999995,0.0,5.7E-6,0.02,0.02,0.0,340.0,1.1,1.1E-17,2.3E-15,1.7999999999999997E-24,0.0,1.7E7,1.0,6.6E8,
5.1E-45,0.001,7000.0,3300.0,2600.0,3699999.9999999995,2800.0,2000.0,7100.0,2900.0,7400.0,0.072,3699999.9999999995,0.0,5.8E-6,0.02,0.02,0.0,340.0,1.1,3.0E-20,2.3E-15,5.5E-25,0.0,1.7E7,1.0,6.6E8,
5.1E-45,0.001,7000.0,3300.0,2600.0,3699999.9999999995,2800.0,2000.0,7100.0,2900.0,7400.0,0.072,3699999.9999999995,0.0,5.3E-6,0.02,0.02,0.0,340.0,1.1,7.9E-23,2.3E-15,1.8E-25,0.0,1.7E7,1.0,6.6E8,
5.1E-45,0.001,7000.0,3300.0,2600.0,3699999.9999999995,2800.0,2000.0,7100.0,2900.0,7400.0,0.072,3699999.9999999995,0.0,4.6E-6,0.02,0.02,0.0,340.0,1.1,2.1E-25,2.3E-15,6.6E-26,0.0,1.8E7,1.0,6.6E8,
5.1E-45,0.001,7000.0,3300.0,2600.0,3699999.9999999995,2800.0,2000.0,7100.0,2900.0,7400.0,0.072,3699999.9999999995,0.0,3.8E-6,0.02,0.02,0.0,330.0,1.1,5.400000000000001E-28,2.3E-15,3.0E-26,0.0,1.9E7,1.0,6.6E8,
5.1E-45,0.001,7000.0,3300.0,2600.0,3699999.9999999995,2800.0,2000.0,7100.0,2900.0,7400.0,0.072,3699999.9999999995,0.0,3.2E-6,0.02,0.02,0.0,330.0,1.1,1.6E-30,2.3E-15,1.7E-26,0.0,2.1E7,1.0,6.6E8,
5.1E-45,0.001,7000.0,3300.0,2600.0,3699999.9999999995,2800.0,2000.0,7100.0,2900.0,7400.0,0.072,3699999.9999999995,0.0,2.6E-6,0.02,0.02,0.0,330.0,1.1,6.300000000000001E-32,2.3E-15,1.2E-26,0.0,2.2E7,1.0,6.6E8,
5.1E-45,0.001,7000.0,3300.0,2600.0,3699999.9999999995,2800.0,2000.0,7100.0,2900.0,7400.0,0.072,3699999.9999999995,0.0,2.2E-6,0.02,0.02,0.0,320.0,1.1,0.0,2.3E-15,9.2E-27,0.0,2.4E7,1.0,6.6E8,
5.1E-45,0.001,7000.0,3300.0,2600.0,3699999.9999999995,2800.0,2000.0,7100.0,2900.0,7400.0,0.072,3699999.9999999995,0.0,1.8E-6,0.02,0.02,0.0,320.0,1.1,4.2E-38,2.3E-15,7.5E-27,0.0,2.5E7,1.0,6.6E8,
5.1E-45,0.001,7000.0,3300.0,2600.0,3699999.9999999995,2800.0,2000.0,7100.0,2900.0,7400.0,0.072,3699999.9999999995,0.0,2.3E-6,0.02,0.02,0.0,310.0,1.1,1.1E-40,2.3E-15,7.4E-27,0.0,2.3E7,1.0,6.6E8,
5.1E-45,0.001,7000.0,3300.0,2600.0,3699999.9999999995,2800.0,2000.0,7100.0,2900.0,7400.0,0.072,3699999.9999999995,0.0,2.5E-6,0.02,0.02,0.0,310.0,1.1,2.8999999999999997E-43,2.3E-15,8.0E-27,0.0,2.3E7,1.0,6.6E8,
5.1E-45,0.001,7000.0,3300.0,2600.0,3699999.9999999995,2800.0,2000.0,7100.0,2900.0,7400.0,0.072,3699999.9999999995,0.0,2.4E-6,0.02,0.02,0.0,310.0,1.1,7.7E-46,2.3E-15,8.300000000000001E-27,0.0,2.3E7,1.0,6.6E8,
5.1E-45,0.001,7000.0,3300.0,2600.0,3699999.9999999995,2800.0,2000.0,7100.0,2900.0,7400.0,0.072,3699999.9999999995,0.0,2.2E-6,0.02,0.02,0.0,310.0,1.1,2.0000000000000003E-48,2.3E-15,7.9E-27,0.0,2.4E7,1.0,6.6E8,
5.1E-45,0.001,7000.0,3300.0,2600.0,3699999.9999999995,2800.0,2000.0,7100.0,2900.0,7400.0,0.072,3699999.9999999995,0.0,1.9E-6,0.02,0.02,0.0,300.0,1.1,2.1E-50,2.3E-15,7.300000000000001E-27,0.0,2.5E7,1.0,6.6E8,
5.1E-45,0.001,7000.0,3300.0,2600.0,3699999.9999999995,2800.0,2000.0,7100.0,2900.0,7400.0,0.072,3699999.9999999995,0.0,1.7E-6,0.02,0.02,0.0,300.0,1.1,6.7E-51,2.3E-15,6.5E-27,0.0,2.6E7,1.0,6.6E8,
5.1E-45,0.001,7000.0,3300.0,2600.0,3699999.9999999995,2800.0,2000.0,7100.0,2900.0,7400.0,0.072,3699999.9999999995,0.0,1.5E-6,0.02,0.02,0.0,300.0,1.1,1.8E-51,2.3E-15,5.6E-27,0.0,2.7E7,1.0,6.6E8,
5.1E-45,0.001,7000.0,3300.0,2600.0,3699999.9999999995,2800.0,2000.0,7100.0,2900.0,7400.0,0.072,3699999.9999999995,0.0,1.3E-6,0.02,0.02,0.0,300.0,1.1,0.0,2.3E-15,4.9000000000000005E-27,0.0,2.9E7,1.0,6.6E8,
2.7000000000000004E-44,0.012,38000.0,37000.0,3500.0,4700000.0,3700.0,2000.0,7100.0,2900.0,7400.0,0.073,4800000.0,0.0,6.6E-6,0.036,0.036,0.0,390.0,3.4,3.9E-10,2.4E-15,1.6E-21,0.0,2.8E7,1.0,6.8E8,
7.5E-45,0.0032,5200.0,4300.0,3500.0,4500000.0,3700.0,2000.0,7100.0,2900.0,7400.0,0.073,4500000.0,0.0,5.8E-6,0.028,0.028,0.0,380.0,3.3,2.8E-12,2.4E-15,1.6E-22,0.0,2.5E7,1.0,6.8E8,
7.5E-45,0.0032,5200.0,4300.0,3500.0,4500000.0,3700.0,2000.0,7100.0,2900.0,7400.0,0.073,4500000.0,0.0,7.2E-6,0.028,0.028,0.0,380.0,3.3,2.0E-14,2.4E-15,5.8E-23,0.0,2.3E7,1.0,6.8E8,
7.3E-45,0.0031,5200.0,4300.0,3500.0,4200000.0,3700.0,2000.0,7000.0,2900.0,7400.0,0.073,4200000.0,0.0,7.6E-6,0.027,0.027,0.0,380.0,3.2,2.7E-15,2.4E-15,3.8E-23,0.0,2.3E7,1.0,6.8E8,
7.0E-45,0.003,5200.0,4300.0,3500.0,3799999.9999999995,3700.0,2000.0,7000.0,2900.0,7400.0,0.072,3799999.9999999995,0.0,8.2E-6,0.027,0.027,0.0,380.0,3.0,1.4E-16,2.3E-15,2.0E-23,0.0,2.1E7,1.0,6.8E8,
7.0E-45,0.003,5200.0,4300.0,3500.0,3699999.9999999995,3700.0,2000.0,7000.0,2900.0,7400.0,0.072,3699999.9999999995,0.0,9.0E-6,0.026,0.026,0.0,380.0,3.0,7.0E-18,2.3E-15,1.1E-23,0.0,2.1E7,1.0,6.7E8,
7.0E-45,0.003,5200.0,4300.0,3500.0,3699999.9999999995,3700.0,2000.0,7000.0,2900.0,7400.0,0.072,3699999.9999999995,0.0,1.0E-5,0.026,0.026,0.0,370.0,3.0,1.8E-20,2.3E-15,3.3E-24,0.0,2.0E7,1.0,6.7E8,
5.4000000000000003E-45,0.0022,1400.0,330.0,3500.0,4700000.0,3600.0,2000.0,7000.0,2900.0,7300.0,0.073,4700000.0,0.0,0.0059,0.025,0.025,0.0,390.0,4.3,1.3E-9,2.4E-15,2.2E-23,0.0,2.0E7,1.0,6.9E8,
5.3000000000000003E-45,0.0022,1400.0,330.0,3500.0,4600000.0,3600.0,2000.0,7000.0,2800.0,7300.0,0.073,4600000.0,0.0,1.5E-5,0.025,0.025,0.0,390.0,4.2,6.7E-11,2.4E-15,1.2E-23,0.0,2.0E7,1.0,6.8E8,
5.2E-45,0.0022,1400.0,330.0,3500.0,4400000.0,3600.0,2000.0,7000.0,2800.0,7300.0,0.072,4400000.0,0.0,1.7E-5,0.025,0.025,0.0,390.0,4.1,4.6E-13,2.4E-15,4.2999999999999996E-24,0.0,1.9E7,1.0,6.8E8,
5.0E-45,0.0021,1400.0,330.0,3500.0,3999999.9999999995,3600.0,2000.0,7000.0,2800.0,7300.0,0.072,4099999.9999999995,0.0,1.8E-5,0.024,0.024,0.0,390.0,3.9,8.6E-15,2.3E-15,1.8999999999999998E-24,0.0,1.8E7,1.0,6.8E8,
4.8E-45,0.002,1400.0,330.0,3500.0,3699999.9999999995,3600.0,2000.0,7000.0,2800.0,7300.0,0.072,3699999.9999999995,0.0,1.8E-5,0.023,0.023,0.0,390.0,3.8,1.2E-15,2.3E-15,1.2E-24,0.0,1.8E7,1.0,6.8E8,
4.8E-45,0.002,1400.0,330.0,3500.0,3699999.9999999995,3600.0,2000.0,7000.0,2800.0,7300.0,0.072,3699999.9999999995,0.0,1.9E-5,0.023,0.023,0.0,380.0,3.8,3.1E-18,2.3E-15,4.2E-25,0.0,1.7E7,1.0,6.8E8,
4.8E-45,0.002,1400.0,330.0,3500.0,3699999.9999999995,3600.0,2000.0,7000.0,2800.0,7300.0,0.072,3699999.9999999995,0.0,1.8E-5,0.023,0.023,0.0,380.0,3.8,7.9E-21,2.3E-15,1.7E-25,0.0,1.8E7,1.0,6.8E8,
4.8E-45,0.002,1400.0,330.0,3500.0,3699999.9999999995,3600.0,2000.0,7000.0,2800.0,7300.0,0.072,3699999.9999999995,0.0,1.5E-5,0.023,0.023,0.0,370.0,3.8,2.1E-23,2.3E-15,9.1E-26,0.0,1.9E7,1.0,6.8E8,
4.8E-45,0.002,1400.0,330.0,3500.0,3699999.9999999995,3600.0,2000.0,7000.0,2800.0,7300.0,0.072,3699999.9999999995,0.0,1.3E-5,0.023,0.023,0.0,370.0,3.8,5.5E-26,2.3E-15,6.1E-26,0.0,2.0E7,1.0,6.8E8,
4.8E-45,0.002,1400.0,330.0,3500.0,3699999.9999999995,3600.0,2000.0,7000.0,2800.0,7300.0,0.072,3699999.9999999995,0.0,1.1E-5,0.023,0.023,0.0,360.0,3.8,2.1E-28,2.3E-15,4.7E-26,0.0,2.1E7,1.0,6.8E8,
4.8E-45,0.002,1400.0,330.0,3500.0,3699999.9999999995,3600.0,2000.0,7000.0,2800.0,7300.0,0.072,3699999.9999999995,0.0,9.1E-6,0.023,0.023,0.0,360.0,3.8,2.5E-29,2.3E-15,3.8E-26,0.0,2.2E7,1.0,6.8E8,
4.8E-45,0.002,1400.0,330.0,3500.0,3699999.9999999995,3600.0,2000.0,7000.0,2800.0,7300.0,0.072,3699999.9999999995,0.0,7.6E-6,0.023,0.023,0.0,350.0,3.8,0.0,2.3E-15,3.1E-26,0.0,2.4E7,1.0,6.8E8,
4.7E-45,0.002,1400.0,330.0,3500.0,3699999.9999999995,3600.0,2000.0,7000.0,2800.0,7300.0,0.071,3699999.9999999995,0.0,6.9E-6,0.023,0.023,0.0,350.0,3.7,0.0,2.3E-15,2.7E-26,0.0,2.4E7,1.0,6.7E8,
4.7E-45,0.002,1400.0,330.0,3500.0,3699999.9999999995,3600.0,2000.0,7000.0,2800.0,7300.0,0.071,3699999.9999999995,0.0,8.3E-6,0.023,0.023,0.0,350.0,3.7,0.0,2.3E-15,2.7E-26,0.0,2.3E7,1.0,6.7E8,
4.7E-45,0.002,1400.0,330.0,3500.0,3699999.9999999995,3600.0,2000.0,7000.0,2800.0,7300.0,0.072,3699999.9999999995,0.0,8.7E-6,0.023,0.023,0.0,350.0,3.7,0.0,2.3E-15,2.9E-26,0.0,2.2E7,1.0,6.7E8,
4.7E-45,0.002,1400.0,330.0,3500.0,3699999.9999999995,3600.0,2000.0,7000.0,2800.0,7300.0,0.072,3699999.9999999995,0.0,8.3E-6,0.023,0.023,0.0,340.0,3.7,0.0,2.3E-15,3.0E-26,0.0,2.3E7,1.0,6.7E8,
4.7E-45,0.002,1400.0,330.0,3500.0,3699999.9999999995,3600.0,2000.0,7000.0,2800.0,7300.0,0.072,3699999.9999999995,0.0,7.5E-6,0.023,0.023,0.0,340.0,3.7,0.0,2.3E-15,2.8E-26,0.0,2.4E7,1.0,6.7E8,
4.7E-45,0.002,1400.0,330.0,3500.0,3699999.9999999995,3600.0,2000.0,7000.0,2800.0,7300.0,0.072,3699999.9999999995,0.0,6.6E-6,0.023,0.023,0.0,330.0,3.7,0.0,2.3E-15,2.6E-26,0.0,2.5E7,1.0,6.7E8,
4.7E-45,0.002,1400.0,330.0,3500.0,3699999.9999999995,3600.0,2000.0,7000.0,2800.0,7300.0,0.072,3699999.9999999995,0.0,5.7E-6,0.023,0.023,0.0,330.0,3.7,0.0,2.3E-15,2.3E-26,0.0,2.6E7,1.0,6.7E8,
4.7E-45,0.002,1400.0,330.0,3500.0,3699999.9999999995,3600.0,2000.0,7000.0,2800.0,7300.0,0.072,3699999.9999999995,0.0,5.0E-6,0.023,0.023,0.0,330.0,3.7,0.0,2.3E-15,2.0E-26,0.0,2.8E7,1.0,6.7E8,
4.7E-45,0.002,1400.0,330.0,3500.0,3699999.9999999995,3600.0,2000.0,7000.0,2800.0,7300.0,0.072,3699999.9999999995,0.0,4.3E-6,0.023,0.023,0.0,320.0,3.7,0.0,2.3E-15,1.7E-26,0.0,2.9E7,1.0,6.7E8,
4.7E-45,0.002,1400.0,330.0,3500.0,3699999.9999999995,3600.0,2000.0,7000.0,2800.0,7300.0,0.072,3699999.9999999995,0.0,5.3E-6,0.023,0.023,0.0,320.0,3.7,0.0,2.3E-15,1.7E-26,0.0,2.7E7,1.0,6.7E8,
4.7E-45,0.002,1400.0,330.0,3500.0,3699999.9999999995,3600.0,2000.0,7000.0,2800.0,7300.0,0.072,3699999.9999999995,0.0,6.1E-6,0.023,0.023,0.0,320.0,3.7,0.0,2.3E-15,1.9E-26,0.0,2.6E7,1.0,6.7E8,
4.7E-45,0.002,1400.0,330.0,3500.0,3699999.9999999995,3600.0,2000.0,7000.0,2800.0,7300.0,0.071,3699999.9999999995,0.0,6.2E-6,0.023,0.023,0.0,320.0,3.7,0.0,2.3E-15,2.1E-26,0.0,2.5E7,1.0,6.7E8,
4.7E-45,0.002,1400.0,330.0,3500.0,3699999.9999999995,3600.0,2000.0,7000.0,2800.0,7300.0,0.071,3699999.9999999995,0.0,5.9E-6,0.023,0.023,0.0,320.0,3.7,0.0,2.3E-15,2.1E-26,0.0,2.6E7,1.0,6.7E8,
4.7E-45,0.002,1400.0,330.0,3500.0,3699999.9999999995,3600.0,2000.0,7000.0,2800.0,7300.0,0.072,3699999.9999999995,0.0,5.3E-6,0.023,0.023,0.0,320.0,3.7,0.0,2.3E-15,2.0E-26,0.0,2.7E7,1.0,6.7E8,
4.7E-45,0.002,1400.0,330.0,3500.0,3699999.9999999995,3600.0,2000.0,7000.0,2800.0,7300.0,0.072,3699999.9999999995,0.0,4.8E-6,0.023,0.023,0.0,310.0,3.7,0.0,2.3E-15,1.8E-26,0.0,2.8E7,1.0,6.7E8,
4.7E-45,0.002,1400.0,330.0,3500.0,3699999.9999999995,3600.0,2000.0,7000.0,2800.0,7300.0,0.072,3699999.9999999995,0.0,4.2E-6,0.023,0.023,0.0,310.0,3.7,0.0,2.3E-15,1.6E-26,0.0,2.9E7,1.0,6.7E8,
4.7E-45,0.002,1400.0,330.0,3500.0,3699999.9999999995,3600.0,2000.0,7000.0,2800.0,7300.0,0.072,3699999.9999999995,0.0,3.7E-6,0.023,0.023,0.0,310.0,3.7,0.0,2.3E-15,1.4E-26,0.0,3.1E7,1.0,6.7E8,
1.6E-45,0.0021,720.0,2000.0,450.0,4400000.0,3600.0,2000.0,7000.0,2800.0,7300.0,0.072,4400000.0,0.0,6.8E-6,0.024,0.024,0.0,380.0,5.9,5.4E-9,2.4E-15,2.8999999999999997E-22,0.0,3.0E7,1.0,6.8E8,
1.5E-45,0.002,720.0,2000.0,450.0,3999999.9999999995,3600.0,2000.0,7000.0,2800.0,7300.0,0.072,3999999.9999999995,0.0,7.7E-6,0.023,0.023,0.0,370.0,5.4,1.0E-10,2.4E-15,1.2E-22,0.0,2.7E7,1.0,6.8E8,
1.4E-45,0.0019,720.0,2000.0,450.0,3799999.9999999995,3600.0,2000.0,7000.0,2800.0,7300.0,0.071,3799999.9999999995,0.0,8.7E-6,0.023,0.023,0.0,380.0,5.2,5.0E-12,2.4E-15,6.5E-23,0.0,2.6E7,1.0,6.8E8,
1.4E-45,0.0019,720.0,2000.0,450.0,3699999.9999999995,3600.0,2000.0,7000.0,2800.0,7300.0,0.071,3699999.9999999995,0.0,1.1E-5,0.022,0.022,0.0,380.0,5.1,3.5E-14,2.4E-15,2.3E-23,0.0,2.4E7,1.0,6.8E8,
1.4E-45,0.0019,720.0,2000.0,450.0,3699999.9999999995,3600.0,2000.0,7000.0,2800.0,7300.0,0.071,3699999.9999999995,0.0,1.2E-5,0.022,0.022,0.0,380.0,5.1,9.1E-17,2.4E-15,7.1E-24,0.0,2.2E7,1.0,6.8E8,
1.4E-45,0.0019,720.0,2000.0,450.0,3699999.9999999995,3600.0,2000.0,7000.0,2800.0,7300.0,0.071,3699999.9999999995,0.0,1.3E-5,0.022,0.022,0.0,380.0,5.1,2.3E-19,2.4E-15,2.1999999999999996E-24,0.0,2.2E7,1.0,6.8E8,
1.4E-45,0.0019,720.0,2000.0,450.0,3699999.9999999995,3600.0,2000.0,7000.0,2800.0,7300.0,0.071,3699999.9999999995,0.0,1.2E-5,0.022,0.022,0.0,380.0,5.1,6.1E-22,2.4E-15,6.8E-25,0.0,2.3E7,1.0,6.8E8,
1.4E-45,0.0019,720.0,2000.0,450.0,3699999.9999999995,3600.0,2000.0,7000.0,2800.0,7300.0,0.071,3699999.9999999995,0.0,1.1E-5,0.022,0.022,0.0,380.0,5.1,1.5999999999999999E-24,2.4E-15,2.3E-25,0.0,2.4E7,1.0,6.8E8,
1.4E-45,0.0019,720.0,2000.0,450.0,3699999.9999999995,3600.0,2000.0,7000.0,2800.0,7300.0,0.071,3699999.9999999995,0.0,9.2E-6,0.022,0.022,0.0,380.0,5.1,4.2E-27,2.4E-15,9.4E-26,0.0,2.5E7,1.0,6.8E8,
1.4E-45,0.0019,720.0,2000.0,450.0,3699999.9999999995,3600.0,2000.0,7000.0,2800.0,7300.0,0.071,3699999.9999999995,0.0,8.0E-6,0.022,0.022,0.0,370.0,5.1,1.3999999999999998E-29,2.4E-15,4.9E-26,0.0,2.6E7,1.0,6.8E8,
1.4E-45,0.0019,720.0,2000.0,450.0,3699999.9999999995,3600.0,2000.0,7000.0,2800.0,7300.0,0.071,3699999.9999999995,0.0,6.9E-6,0.022,0.022,0.0,370.0,5.1,2.5E-32,2.4E-15,3.3E-26,0.0,2.8E7,1.0,6.8E8,
1.4E-45,0.0019,720.0,2000.0,450.0,3699999.9999999995,3600.0,2000.0,7000.0,2800.0,7300.0,0.071,3699999.9999999995,0.0,5.9E-6,0.022,0.022,0.0,360.0,5.1,3.5000000000000004E-32,2.4E-15,2.5E-26,0.0,2.9E7,1.0,6.7E8,
1.4E-45,0.0019,720.0,2000.0,450.0,3699999.9999999995,3600.0,2000.0,7000.0,2800.0,7300.0,0.07,3699999.9999999995,0.0,7.6E-6,0.022,0.022,0.0,360.0,5.1,2.4E-34,2.3E-15,2.5E-26,0.0,2.6E7,1.0,6.7E8,
2.6000000000000003E-44,0.018,800.0,48000.0,4600.0,4600000.0,4200.0,2000.0,7000.0,2800.0,7300.0,0.071,4700000.0,0.0,9.0E-6,0.045,0.045,0.0,430.0,5.1,7.8E-10,2.4E-15,9.5E-22,0.0,2.5E7,1.0,6.9E8,
4.2E-45,0.0029,800.0,300.0,4600.0,4500000.0,4200.0,2000.0,6900.0,2800.0,7200.0,0.071,4500000.0,0.0,1.1E-5,0.032,0.032,0.0,440.0,5.0,1.5E-11,2.4E-15,7.0E-23,0.0,2.4E7,1.0,6.8E8,
4.2E-45,0.0029,800.0,300.0,4600.0,4400000.0,4200.0,2000.0,6900.0,2800.0,7200.0,0.071,4400000.0,0.0,1.2E-5,0.031,0.031,0.0,440.0,4.9,2.8E-13,2.4E-15,3.1E-23,0.0,2.2E7,1.0,6.8E8,
4.0E-45,0.0028,800.0,300.0,4600.0,4099999.9999999995,4200.0,2000.0,6900.0,2800.0,7200.0,0.07,4099999.9999999995,0.0,1.4E-5,0.031,0.031,0.0,430.0,4.7,1.9E-15,2.4E-15,1.1E-23,0.0,2.1E7,1.0,6.8E8,
3.9E-45,0.0027,800.0,300.0,4600.0,3799999.9999999995,4200.0,2000.0,6900.0,2800.0,7200.0,0.07,3799999.9999999995,0.0,1.5E-5,0.03,0.03,0.0,430.0,4.6,3.6E-17,2.4E-15,4.8E-24,0.0,2.0E7,1.0,6.8E8,
3.8E-45,0.0027,800.0,300.0,4600.0,3699999.9999999995,4100.0,2000.0,6900.0,2800.0,7200.0,0.07,3699999.9999999995,0.0,1.8E-5,0.03,0.03,0.0,430.0,4.5,2.5E-19,2.4E-15,1.7999999999999997E-24,0.0,1.9E7,1.0,6.8E8,
3.8E-45,0.0027,800.0,300.0,4600.0,3699999.9999999995,4100.0,2000.0,6900.0,2800.0,7200.0,0.07,3699999.9999999995,0.0,1.8E-5,0.03,0.03,0.0,430.0,4.5,6.4999999999999995E-22,2.4E-15,5.9E-25,0.0,1.9E7,1.0,6.8E8,
3.8E-45,0.0027,800.0,300.0,4600.0,3699999.9999999995,4100.0,2000.0,6900.0,2800.0,7200.0,0.07,3699999.9999999995,0.0,1.7E-5,0.03,0.03,0.0,430.0,4.5,1.7E-24,2.4E-15,2.1999999999999997E-25,0.0,1.9E7,1.0,6.8E8,
3.8E-45,0.0027,800.0,300.0,4600.0,3699999.9999999995,4100.0,2000.0,6900.0,2800.0,7200.0,0.07,3699999.9999999995,0.0,1.5E-5,0.03,0.03,0.0,430.0,4.5,4.4000000000000005E-27,2.4E-15,1.0999999999999999E-25,0.0,2.0E7,1.0,6.8E8,
3.8E-45,0.0027,800.0,300.0,4600.0,3699999.9999999995,4100.0,2000.0,6900.0,2800.0,7200.0,0.07,3699999.9999999995,0.0,1.3E-5,0.03,0.03,0.0,420.0,4.5,1.2E-29,2.4E-15,6.6E-26,0.0,2.1E7,1.0,6.8E8,
3.8E-45,0.0027,800.0,300.0,4600.0,3699999.9999999995,4100.0,2000.0,6900.0,2800.0,7200.0,0.07,3699999.9999999995,0.0,1.1E-5,0.03,0.03,0.0,420.0,4.5,4.8E-32,2.4E-15,4.9E-26,0.0,2.2E7,1.0,6.8E8,
6.1E-45,0.0034,5200.0,2200.0,5500.0,4700000.0,4100.0,2000.0,6900.0,2800.0,7200.0,0.071,4700000.0,0.0,6.8E-4,0.034,0.034,0.0,430.0,5.3,5.6E-10,2.4E-15,3.8E-23,0.0,2.4E7,1.0,6.9E8,
5.9E-45,0.0032,5200.0,2200.0,5500.0,4300000.0,4100.0,2000.0,6900.0,2800.0,7200.0,0.07,4400000.0,0.0,1.3E-5,0.033,0.033,0.0,430.0,5.1,2.8E-11,2.4E-15,2.0E-23,0.0,2.2E7,1.0,6.8E8,
5.8E-45,0.0032,5200.0,2200.0,5500.0,4099999.9999999995,4100.0,2000.0,6900.0,2800.0,7200.0,0.07,4099999.9999999995,0.0,1.5E-5,0.032,0.032,0.0,420.0,5.0,2.0E-13,2.4E-15,7.199999999999999E-24,0.0,2.1E7,1.0,6.8E8,
5.6E-45,0.0031,5200.0,2200.0,5500.0,3699999.9999999995,4100.0,2000.0,6900.0,2800.0,7200.0,0.07,3699999.9999999995,0.0,1.6E-5,0.031,0.031,0.0,420.0,4.8,1.0E-14,2.4E-15,3.9E-24,0.0,2.0E7,1.0,6.8E8,
5.6E-45,0.0031,5200.0,2200.0,5500.0,3699999.9999999995,4100.0,2000.0,6900.0,2800.0,7200.0,0.07,3699999.9999999995,0.0,1.8E-5,0.031,0.031,0.0,420.0,4.8,2.6E-17,2.4E-15,1.2E-24,0.0,1.9E7,1.0,6.8E8,
5.6E-45,0.0031,5200.0,2200.0,5500.0,3699999.9999999995,4100.0,2000.0,6900.0,2800.0,7200.0,0.07,3699999.9999999995,0.0,1.7E-5,0.031,0.031,0.0,420.0,4.8,6.9E-20,2.4E-15,4.1E-25,0.0,1.9E7,1.0,6.8E8,
5.6E-45,0.0031,5200.0,2200.0,5500.0,3699999.9999999995,4100.0,2000.0,6900.0,2800.0,7200.0,0.069,3699999.9999999995,0.0,1.6E-5,0.031,0.031,0.0,410.0,4.8,1.8E-22,2.4E-15,1.5999999999999998E-25,0.0,2.0E7,1.0,6.8E8,
5.6E-45,0.0031,5200.0,2200.0,5500.0,3699999.9999999995,4100.0,2000.0,6900.0,2800.0,7200.0,0.07,3699999.9999999995,0.0,1.4E-5,0.031,0.031,0.0,410.0,4.8,4.8E-25,2.4E-15,8.5E-26,0.0,2.1E7,1.0,6.8E8,
5.6E-45,0.0031,5200.0,2200.0,5500.0,3699999.9999999995,4100.0,2000.0,6900.0,2800.0,7200.0,0.07,3699999.9999999995,0.0,1.2E-5,0.031,0.031,0.0,410.0,4.8,1.8E-27,2.4E-15,5.7E-26,0.0,2.2E7,1.0,6.8E8,
5.6E-45,0.0031,5200.0,2200.0,5500.0,3699999.9999999995,4100.0,2000.0,6900.0,2800.0,7200.0,0.069,3699999.9999999995,0.0,1.1E-5,0.031,0.031,0.0,410.0,4.8,1.6E-30,2.4E-15,4.5E-26,0.0,2.3E7,1.0,6.6E8,
2.8E-45,0.0017,4600.0,300.0,6500.0,4600000.0,6100.0,2000.0,6900.0,2800.0,2000.0,0.07,4600000.0,0.0,1.7E-5,0.038,0.038,0.0,430.0,6.6,4.7E-10,2.4E-15,3.9999999999999997E-22,0.0,2.2E7,1.0,6.7E8,
2.7000000000000002E-45,0.0017,4600.0,300.0,6500.0,4400000.0,6100.0,2000.0,6900.0,2800.0,2000.0,0.069,4400000.0,0.0,1.8E-5,0.037,0.037,0.0,430.0,6.5,2.4E-11,2.4E-15,2.1999999999999996E-22,0.0,2.1E7,1.0,6.7E8,
3.0E-45,0.0012,6000.0,2500.0,130.0,4500000.0,6000.0,2000.0,6900.0,2800.0,2000.0,0.069,4500000.0,0.0,8.7E-6,0.034,0.034,0.0,420.0,2.8,3.8E-11,2.4E-15,3.0E-22,0.0,2.0E7,1.0,6.7E8,
3.0E-45,0.0012,6000.0,2500.0,130.0,4400000.0,6000.0,2000.0,6900.0,2800.0,2000.0,0.069,4400000.0,0.0,9.8E-6,0.034,0.034,0.0,420.0,2.7,2.6E-13,2.4E-15,1.0999999999999998E-22,0.0,1.9E7,1.0,6.7E8,
2.8E-45,0.0011,6000.0,2400.0,130.0,3899999.9999999995,6000.0,2000.0,6800.0,2800.0,2000.0,0.068,3899999.9999999995,0.0,9.7E-6,0.031,0.031,0.0,420.0,2.4,1.3E-14,2.4E-15,5.5E-23,0.0,1.9E7,1.0,6.7E8,
2.7000000000000002E-45,0.0011,6000.0,2400.0,130.0,3799999.9999999995,6000.0,2000.0,6800.0,2800.0,2000.0,0.068,3799999.9999999995,0.0,1.0E-5,0.031,0.031,0.0,420.0,2.4,2.5E-16,2.4E-15,2.4E-23,0.0,1.8E7,1.0,6.7E8,
2.7000000000000002E-45,0.0011,6000.0,2400.0,130.0,3699999.9999999995,6000.0,2000.0,6800.0,2800.0,2000.0,0.068,3699999.9999999995,0.0,1.1E-5,0.03,0.03,0.0,420.0,2.3,1.7E-18,2.4E-15,8.899999999999999E-24,0.0,1.7E7,1.0,6.7E8,
2.7000000000000002E-45,0.0011,6000.0,2400.0,120.0,3699999.9999999995,6000.0,2000.0,6800.0,2800.0,1900.0,0.068,3699999.9999999995,0.0,1.1E-5,0.03,0.03,0.0,410.0,2.3,4.5E-21,2.4E-15,2.6999999999999997E-24,0.0,1.8E7,1.0,6.7E8,
2.7000000000000002E-45,0.0011,6000.0,2400.0,120.0,3699999.9999999995,6000.0,2000.0,6800.0,2800.0,1900.0,0.068,3699999.9999999995,0.0,9.4E-6,0.03,0.03,0.0,400.0,2.3,1.2E-23,2.4E-15,8.4E-25,0.0,1.8E7,1.0,6.7E8,
2.7000000000000002E-45,0.0011,6000.0,2400.0,120.0,3699999.9999999995,6000.0,2000.0,6800.0,2800.0,1900.0,0.068,3699999.9999999995,0.0,8.1E-6,0.03,0.03,0.0,400.0,2.3,3.0E-26,2.4E-15,2.6999999999999997E-25,0.0,1.9E7,1.0,6.7E8,
3.0E-45,0.0012,500.0,6600.0,120.0,4400000.0,6000.0,2000.0,6800.0,2800.0,1900.0,0.069,4500000.0,0.0,6.2E-4,0.034,0.034,0.0,410.0,3.1,5.2E-10,2.4E-15,6.399999999999999E-25,0.0,2.1E7,1.0,6.7E8,
2.8E-45,0.0011,490.0,6600.0,120.0,3699999.9999999995,6000.0,1900.0,6800.0,2800.0,1900.0,0.068,3699999.9999999995,0.0,7.9E-6,0.03,0.03,0.0,420.0,2.6,2.6E-11,2.4E-15,3.4E-25,0.0,2.0E7,1.0,6.7E8,
2.8E-45,0.0011,490.0,6600.0,120.0,3699999.9999999995,6000.0,1900.0,6800.0,2800.0,1900.0,0.068,3699999.9999999995,0.0,8.9E-6,0.03,0.03,0.0,410.0,2.6,6.8E-14,2.4E-15,1.2E-25,0.0,1.9E7,1.0,6.7E8,
2.8E-45,0.0011,490.0,6600.0,120.0,3699999.9999999995,6000.0,1900.0,6800.0,2800.0,1900.0,0.068,3699999.9999999995,0.0,8.8E-6,0.03,0.03,0.0,410.0,2.6,1.7E-16,2.4E-15,6.0E-26,0.0,1.9E7,1.0,6.7E8,
2.8E-45,0.0011,490.0,6600.0,120.0,3699999.9999999995,6000.0,1900.0,6800.0,2800.0,1900.0,0.068,3699999.9999999995,0.0,8.1E-6,0.03,0.03,0.0,410.0,2.6,4.5E-19,2.4E-15,3.9E-26,0.0,2.0E7,1.0,6.7E8,
2.8E-45,0.0011,490.0,6600.0,120.0,3699999.9999999995,6000.0,1900.0,6800.0,2800.0,1900.0,0.068,3699999.9999999995,0.0,7.0E-6,0.03,0.03,0.0,410.0,2.6,1.2E-21,2.4E-15,3.0E-26,0.0,2.1E7,1.0,6.7E8,
2.8E-45,0.0011,490.0,6600.0,120.0,3699999.9999999995,6000.0,1900.0,6800.0,2800.0,1900.0,0.068,3699999.9999999995,0.0,6.0E-6,0.03,0.03,0.0,400.0,2.6,4.8E-24,2.4E-15,2.5E-26,0.0,2.2E7,1.0,6.7E8,
2.8E-45,0.0011,490.0,6600.0,120.0,3699999.9999999995,6000.0,1900.0,6800.0,2800.0,1900.0,0.068,3699999.9999999995,0.0,5.1E-6,0.03,0.03,0.0,400.0,2.6,0.0,2.4E-15,2.1E-26,0.0,2.4E7,1.0,6.7E8,
2.8E-45,0.0011,490.0,6600.0,120.0,3699999.9999999995,6000.0,1900.0,6800.0,2800.0,1900.0,0.068,3699999.9999999995,0.0,4.3E-6,0.03,0.03,0.0,400.0,2.6,2.5E-25,2.4E-15,1.8E-26,0.0,2.5E7,1.0,6.7E8,
2.8E-45,0.0011,490.0,6600.0,120.0,3699999.9999999995,6000.0,1900.0,6800.0,2800.0,1900.0,0.068,3699999.9999999995,0.0,3.7E-6,0.03,0.03,0.0,400.0,2.6,2.3E-25,2.4E-15,1.5E-26,0.0,2.7E7,1.0,6.7E8,
2.8E-45,0.0011,490.0,6600.0,120.0,3699999.9999999995,6000.0,1900.0,6800.0,2800.0,1900.0,0.068,3699999.9999999995,0.0,4.5E-6,0.03,0.03,0.0,400.0,2.6,1.0E-27,2.4E-15,1.5E-26,0.0,2.5E7,1.0,6.7E8,
2.8E-45,0.0011,490.0,6600.0,120.0,3699999.9999999995,6000.0,1900.0,6800.0,2800.0,1900.0,0.068,3699999.9999999995,0.0,5.0E-6,0.03,0.03,0.0,390.0,2.6,2.6000000000000002E-30,2.4E-15,1.6E-26,0.0,2.4E7,1.0,6.7E8,
2.8E-45,0.0011,490.0,6600.0,120.0,3699999.9999999995,6000.0,1900.0,6800.0,2800.0,1900.0,0.068,3699999.9999999995,0.0,5.0E-6,0.03,0.03,0.0,390.0,2.6,6.8E-33,2.4E-15,1.7E-26,0.0,2.4E7,1.0,6.7E8,
2.8E-45,0.0011,490.0,6600.0,120.0,3699999.9999999995,6000.0,1900.0,6800.0,2800.0,1900.0,0.068,3699999.9999999995,0.0,4.7E-6,0.03,0.03,0.0,390.0,2.6,1.7999999999999998E-35,2.4E-15,1.7E-26,0.0,2.5E7,1.0,6.7E8,
2.8E-45,0.0011,490.0,6600.0,120.0,3699999.9999999995,6000.0,1900.0,6800.0,2800.0,1900.0,0.068,3699999.9999999995,0.0,4.2E-6,0.03,0.03,0.0,380.0,2.6,1.1E-37,2.4E-15,1.6E-26,0.0,2.6E7,1.0,6.7E8,
2.8E-45,0.0011,490.0,6600.0,120.0,3699999.9999999995,6000.0,1900.0,6800.0,2800.0,1900.0,0.068,3699999.9999999995,0.0,3.7E-6,0.03,0.03,0.0,380.0,2.6,3.3E-38,2.4E-15,1.5E-26,0.0,2.7E7,1.0,6.7E8,
2.8E-45,0.0011,490.0,6600.0,120.0,3699999.9999999995,6000.0,1900.0,6800.0,2800.0,1900.0,0.068,3699999.9999999995,0.0,3.2E-6,0.03,0.03,0.0,370.0,2.6,7.3E-39,2.4E-15,1.3E-26,0.0,2.8E7,1.0,6.7E8,
2.8E-45,0.0011,490.0,6600.0,120.0,3699999.9999999995,6000.0,1900.0,6800.0,2800.0,1900.0,0.068,3699999.9999999995,0.0,2.8E-6,0.03,0.03,0.0,370.0,2.6,0.0,2.4E-15,1.1E-26,0.0,3.0E7,1.0,6.7E8,
2.8E-45,0.0011,490.0,6600.0,120.0,3699999.9999999995,6000.0,1900.0,6800.0,2800.0,1900.0,0.068,3699999.9999999995,0.0,3.1E-6,0.03,0.03,0.0,370.0,2.6,0.0,2.4E-15,1.0E-26,0.0,2.9E7,1.0,6.7E8,
2.8E-45,0.0011,490.0,6600.0,120.0,3699999.9999999995,6000.0,1900.0,6800.0,2800.0,1900.0,0.068,3699999.9999999995,0.0,3.7E-6,0.03,0.03,0.0,370.0,2.6,0.0,2.4E-15,1.2E-26,0.0,2.7E7,1.0,6.7E8,
2.8E-45,0.0011,490.0,6600.0,120.0,3699999.9999999995,6000.0,1900.0,6800.0,2800.0,1900.0,0.068,3699999.9999999995,0.0,4.0E-6,0.03,0.03,0.0,370.0,2.6,0.0,2.4E-15,1.3E-26,0.0,2.6E7,1.0,6.7E8,
2.8E-45,0.0011,490.0,6600.0,120.0,3699999.9999999995,6000.0,1900.0,6800.0,2800.0,1900.0,0.068,3699999.9999999995,0.0,3.9E-6,0.03,0.03,0.0,370.0,2.6,0.0,2.4E-15,1.4E-26,0.0,2.6E7,1.0,6.7E8,
2.8E-45,0.0011,490.0,6600.0,120.0,3699999.9999999995,6000.0,1900.0,6800.0,2800.0,1900.0,0.068,3699999.9999999995,0.0,3.6E-6,0.03,0.03,0.0,370.0,2.6,0.0,2.4E-15,1.3E-26,0.0,2.7E7,1.0,6.7E8,
2.8E-45,0.0011,490.0,6600.0,120.0,3699999.9999999995,6000.0,1900.0,6800.0,2800.0,1900.0,0.068,3699999.9999999995,0.0,3.2E-6,0.03,0.03,0.0,370.0,2.6,0.0,2.4E-15,1.2E-26,0.0,2.8E7,1.0,6.7E8,
2.8E-45,0.0011,490.0,6600.0,120.0,3699999.9999999995,6000.0,1900.0,6800.0,2800.0,1900.0,0.068,3699999.9999999995,0.0,2.8E-6,0.03,0.03,0.0,370.0,2.6,0.0,2.4E-15,1.1E-26,0.0,2.9E7,1.0,6.7E8,
2.8E-45,0.0011,490.0,6600.0,120.0,3699999.9999999995,6000.0,1900.0,6800.0,2800.0,1900.0,0.068,3699999.9999999995,0.0,2.5E-6,0.03,0.03,0.0,360.0,2.6,0.0,2.4E-15,9.9E-27,0.0,3.1E7,1.0,6.7E8,
2.8E-45,0.0011,490.0,6600.0,120.0,3699999.9999999995,6000.0,1900.0,6800.0,2800.0,1900.0,0.068,3699999.9999999995,0.0,2.4E-6,0.03,0.03,0.0,360.0,2.6,0.0,2.4E-15,8.800000000000001E-27,0.0,3.1E7,1.0,6.7E8,
2.8E-45,0.0011,490.0,6600.0,120.0,3699999.9999999995,6000.0,1900.0,6800.0,2800.0,1900.0,0.068,3699999.9999999995,0.0,3.1E-6,0.03,0.03,0.0,350.0,2.6,0.0,2.4E-15,9.800000000000001E-27,0.0,2.8E7,1.0,6.7E8,
2.8E-45,0.0011,490.0,6600.0,120.0,3699999.9999999995,6000.0,1900.0,6800.0,2800.0,1900.0,0.068,3699999.9999999995,0.0,3.5E-6,0.03,0.03,0.0,350.0,2.6,0.0,2.4E-15,1.1E-26,0.0,2.7E7,1.0,6.7E8,
2.8E-45,0.0011,490.0,6600.0,120.0,3699999.9999999995,6000.0,1900.0,6800.0,2800.0,1900.0,0.068,3699999.9999999995,0.0,3.5E-6,0.03,0.03,0.0,350.0,2.6,0.0,2.4E-15,1.2E-26,0.0,2.7E7,1.0,6.7E8,
2.8E-45,0.0011,490.0,6600.0,120.0,3699999.9999999995,6000.0,1900.0,6800.0,2800.0,1900.0,0.068,3699999.9999999995,0.0,3.4E-6,0.03,0.03,0.0,350.0,2.6,0.0,2.4E-15,1.2E-26,0.0,2.8E7,1.0,6.7E8,
2.8E-45,0.0011,490.0,6600.0,120.0,3699999.9999999995,6000.0,1900.0,6800.0,2800.0,1900.0,0.068,3699999.9999999995,0.0,3.1E-6,0.03,0.03,0.0,340.0,2.6,0.0,2.4E-15,1.2E-26,0.0,2.9E7,1.0,6.7E8,
2.8E-45,0.0011,490.0,6600.0,120.0,3699999.9999999995,6000.0,1900.0,6800.0,2800.0,1900.0,0.068,3699999.9999999995,0.0,2.7E-6,0.03,0.03,0.0,340.0,2.6,0.0,2.4E-15,1.1E-26,0.0,3.0E7,1.0,6.7E8,
2.8E-45,0.0011,490.0,6600.0,120.0,3699999.9999999995,6000.0,1900.0,6800.0,2800.0,1900.0,0.068,3699999.9999999995,0.0,2.4E-6,0.03,0.03,0.0,340.0,2.6,0.0,2.4E-15,9.5E-27,0.0,3.1E7,1.0,6.7E8,
2.8E-45,0.0011,490.0,6600.0,120.0,3699999.9999999995,6000.0,1900.0,6800.0,2800.0,1900.0,0.068,3699999.9999999995,0.0,2.1E-6,0.03,0.03,0.0,340.0,2.6,0.0,2.4E-15,8.5E-27,0.0,3.3E7,1.0,6.7E8,
8.3E-45,0.0071,35000.0,39000.0,2700.0,4700000.0,6700.0,1900.0,6800.0,2800.0,1900.0,0.069,4800000.0,0.0,7.3E-6,0.04,0.04,0.0,410.0,6.7,6.4E-10,2.4E-15,1.0E-21,0.0,3.0E7,1.0,6.8E8,
2.0E-45,0.0017,2400.0,4200.0,2700.0,4500000.0,6700.0,1900.0,6800.0,2800.0,1900.0,0.068,4500000.0,0.0,8.6E-6,0.026,0.026,0.0,410.0,6.4,1.2E-11,2.4E-15,1.0999999999999998E-22,0.0,2.8E7,1.0,6.8E8,
1.9E-45,0.0017,2400.0,4100.0,2700.0,4099999.9999999995,6700.0,1900.0,6800.0,2800.0,1900.0,0.068,4099999.9999999995,0.0,9.6E-6,0.024,0.024,0.0,410.0,6.0,6.0E-13,2.4E-15,5.9E-23,0.0,2.6E7,1.0,6.8E8,
1.9E-45,0.0016,2400.0,4100.0,2700.0,3699999.9999999995,6700.0,1900.0,6800.0,2700.0,1900.0,0.067,3699999.9999999995,0.0,1.0E-5,0.023,0.023,0.0,400.0,5.7,3.0E-14,2.4E-15,3.1E-23,0.0,2.5E7,1.0,6.7E8,
1.9E-45,0.0016,2400.0,4100.0,2700.0,3699999.9999999995,6700.0,1900.0,6800.0,2700.0,1900.0,0.067,3699999.9999999995,0.0,1.2E-5,0.023,0.023,0.0,400.0,5.7,7.9E-17,2.4E-15,9.499999999999999E-24,0.0,2.3E7,1.0,6.7E8,
1.2E-44,0.0088,2400.0,50000.0,14000.0,4700000.0,3500.0,1900.0,6800.0,2700.0,1900.0,0.068,4800000.0,0.0,0.9,0.039,0.039,0.0,410.0,7.5,5.1E-10,2.4E-15,9.8E-22,0.0,2.3E7,1.0,6.8E8,
1.8E-45,0.0013,2400.0,4500.0,1200.0,4600000.0,3500.0,1900.0,6800.0,2700.0,1900.0,0.068,4600000.0,0.0,1.8E-6,0.021,0.021,0.0,410.0,2.6,3.7E-12,2.4E-15,5.4E-23,0.0,2.2E7,1.0,6.8E8,
1.4E-45,9.9E-4,2400.0,1900.0,4600.0,4500000.0,3500.0,1900.0,6700.0,2700.0,1900.0,0.068,4500000.0,0.0,2.4E-6,0.016,0.016,0.0,410.0,3.8,1.3E-10,2.4E-15,2.1999999999999996E-22,0.0,2.1E7,1.0,6.8E8,
1.4E-45,9.6E-4,2400.0,1900.0,4500.0,4200000.0,3500.0,1900.0,6700.0,2700.0,1900.0,0.067,4200000.0,0.0,1.3E-5,0.015,0.015,0.0,410.0,3.7,2.5E-12,2.4E-15,9.5E-23,0.0,2.0E7,1.0,6.8E8,
1.3E-45,9.3E-4,2400.0,1900.0,4500.0,3899999.9999999995,3500.0,1900.0,6700.0,2700.0,1900.0,0.067,3899999.9999999995,0.0,1.4E-5,0.015,0.015,0.0,410.0,3.6,4.7E-14,2.4E-15,4.2E-23,0.0,1.9E7,1.0,6.8E8,
1.9E-45,0.0012,2400.0,97.0,5100.0,4500000.0,3500.0,1900.0,6700.0,2700.0,1900.0,0.068,4500000.0,0.0,1.6E-5,0.017,0.017,0.0,410.0,3.8,8.9E-13,2.4E-15,6.6E-24,0.0,1.8E7,1.0,6.8E8,
1.9E-45,0.0012,2400.0,97.0,5100.0,4300000.0,3400.0,1900.0,6700.0,2700.0,1900.0,0.067,4300000.0,0.0,1.8E-5,0.016,0.016,0.0,410.0,3.7,2.3E-15,2.4E-15,2.0E-24,0.0,1.8E7,1.0,6.8E8,
1.8E-45,0.0011,2400.0,97.0,5100.0,3799999.9999999995,3400.0,1900.0,6700.0,2700.0,1900.0,0.067,3799999.9999999995,0.0,1.8E-5,0.015,0.015,0.0,410.0,3.5,4.2E-17,2.4E-15,8.799999999999999E-25,0.0,1.7E7,1.0,6.8E8,
1.8E-45,0.0011,2400.0,97.0,5100.0,3699999.9999999995,3400.0,1900.0,6700.0,2700.0,1900.0,0.067,3699999.9999999995,0.0,1.9E-5,0.015,0.015,0.0,420.0,3.5,2.9E-19,2.4E-15,3.6E-25,0.0,1.7E7,1.0,6.8E8,
1.8E-45,0.0011,2400.0,97.0,5100.0,3699999.9999999995,3400.0,1900.0,6700.0,2700.0,1900.0,0.067,3699999.9999999995,0.0,1.8E-5,0.015,0.015,0.0,410.0,3.5,7.5E-22,2.4E-15,1.5999999999999998E-25,0.0,1.7E7,1.0,6.8E8,
1.8E-45,0.0011,2400.0,97.0,5100.0,3699999.9999999995,3400.0,1900.0,6700.0,2700.0,1900.0,0.067,3699999.9999999995,0.0,1.6E-5,0.015,0.015,0.0,410.0,3.5,1.8999999999999998E-24,2.4E-15,8.9E-26,0.0,1.8E7,1.0,6.8E8,
1.8E-45,0.0011,2400.0,97.0,5100.0,3699999.9999999995,3400.0,1900.0,6700.0,2700.0,1900.0,0.067,3699999.9999999995,0.0,1.3E-5,0.015,0.015,0.0,410.0,3.5,5.0E-27,2.4E-15,6.299999999999999E-26,0.0,1.9E7,1.0,6.8E8,
1.8E-45,0.0011,2400.0,97.0,5100.0,3699999.9999999995,3400.0,1900.0,6700.0,2700.0,1900.0,0.067,3699999.9999999995,0.0,1.1E-5,0.015,0.015,0.0,410.0,3.5,1.3E-29,2.4E-15,4.9E-26,0.0,2.0E7,1.0,6.8E8,
1.1E-45,6.2E-4,6700.0,3600.0,4900.0,4500000.0,5700.0,1900.0,6700.0,2700.0,1900.0,0.067,4500000.0,0.0,4.6E-6,0.012,0.012,0.0,420.0,1.4,3.2E-11,2.4E-15,4.7E-25,0.0,2.0E7,1.0,6.8E8,
1.1E-45,6.1E-4,6700.0,3600.0,4900.0,4300000.0,5700.0,1900.0,6700.0,2700.0,1900.0,0.067,4300000.0,0.0,5.2E-6,0.011,0.011,0.0,410.0,1.4,2.2E-13,2.4E-15,1.8E-25,0.0,1.9E7,1.0,6.8E8,
1.0E-45,5.9E-4,6700.0,3600.0,4900.0,3999999.9999999995,5700.0,1900.0,6700.0,2700.0,1900.0,0.067,3999999.9999999995,0.0,5.6E-6,0.011,0.011,0.0,410.0,1.3,4.2E-15,2.4E-15,9.0E-26,0.0,1.8E7,1.0,6.8E8,
1.0E-45,5.8E-4,6700.0,3600.0,4900.0,3799999.9999999995,5600.0,1900.0,6600.0,2700.0,1900.0,0.067,3799999.9999999995,0.0,6.1E-6,0.011,0.011,0.0,410.0,1.3,7.9E-17,2.4E-15,5.1E-26,0.0,1.8E7,1.0,6.8E8,
1.0E-45,5.8E-4,6700.0,3600.0,4900.0,3699999.9999999995,5600.0,1900.0,6600.0,2700.0,1900.0,0.067,3699999.9999999995,0.0,6.7E-6,0.01,0.01,0.0,420.0,1.3,2.1E-19,2.4E-15,3.1E-26,0.0,1.7E7,1.0,6.8E8,
1.0E-45,5.8E-4,6700.0,3600.0,4900.0,3699999.9999999995,5600.0,1900.0,6600.0,2700.0,1900.0,0.067,3699999.9999999995,0.0,6.8E-6,0.01,0.01,0.0,410.0,1.3,1.5E-21,2.4E-15,2.7E-26,0.0,1.7E7,1.0,6.8E8,
1.0E-45,5.8E-4,6700.0,3600.0,4900.0,3699999.9999999995,5600.0,1900.0,6600.0,2700.0,1900.0,0.067,3699999.9999999995,0.0,6.2E-6,0.01,0.01,0.0,410.0,1.3,1.3999999999999999E-24,2.4E-15,2.4E-26,0.0,1.7E7,1.0,6.8E8,
1.0E-45,5.8E-4,6700.0,3600.0,4900.0,3699999.9999999995,5600.0,1900.0,6600.0,2700.0,1900.0,0.067,3699999.9999999995,0.0,5.5E-6,0.01,0.01,0.0,400.0,1.3,1.0E-26,2.4E-15,2.2E-26,0.0,1.8E7,1.0,6.8E8,
1.0E-45,5.8E-4,6700.0,3600.0,4900.0,3699999.9999999995,5600.0,1900.0,6600.0,2700.0,1900.0,0.067,3699999.9999999995,0.0,4.5E-6,0.01,0.01,0.0,400.0,1.3,9.900000000000001E-30,2.4E-15,1.8E-26,0.0,2.0E7,1.0,6.8E8,
4.5E-46,2.6E-4,3000.0,4600.0,6700.0,4500000.0,5600.0,1900.0,6600.0,2700.0,1900.0,0.067,4600000.0,0.0,2.2E-6,0.0091,0.0091,0.0,410.0,1.4,3.7E-12,2.4E-15,1.7E-25,0.0,1.9E7,1.0,6.9E8,
4.5E-46,2.6E-4,3000.0,4600.0,6700.0,4400000.0,5600.0,1900.0,6600.0,2700.0,1900.0,0.067,4400000.0,0.0,5.9E-6,0.0089,0.0089,0.0,410.0,1.4,7.0E-14,2.4E-15,8.9E-26,0.0,1.8E7,1.0,6.9E8,
4.2999999999999996E-46,2.5E-4,3000.0,4600.0,6600.0,3899999.9999999995,5600.0,1900.0,6600.0,2700.0,1900.0,0.066,3899999.9999999995,0.0,6.2E-6,0.0083,0.0083,0.0,410.0,1.3,1.3E-15,2.4E-15,5.0E-26,0.0,1.8E7,1.0,6.8E8,
4.0E-46,2.6E-4,3000.0,4000.0,750.0,4500000.0,5600.0,1900.0,6600.0,2700.0,1900.0,0.067,4500000.0,0.0,1.5E-6,0.0075,0.0075,0.0,410.0,0.57,7.8E-11,2.4E-15,7.8E-25,0.0,1.8E7,1.0,6.9E8,
3.7E-46,2.4E-4,3000.0,4000.0,750.0,3899999.9999999995,5600.0,1900.0,6600.0,2700.0,1900.0,0.066,3899999.9999999995,0.0,2.6E-6,0.0069,0.0069,0.0,410.0,0.5,1.1E-11,2.4E-15,4.9E-25,0.0,1.7E7,1.0,6.8E8,
3.6E-46,2.4E-4,3000.0,4000.0,750.0,3699999.9999999995,5600.0,1900.0,6600.0,2700.0,1900.0,0.066,3699999.9999999995,0.0,2.7E-6,0.0067,0.0067,0.0,410.0,0.48,7.3E-14,2.4E-15,1.8E-25,0.0,1.7E7,1.0,6.8E8,
3.6E-46,2.4E-4,3000.0,4000.0,750.0,3699999.9999999995,5600.0,1900.0,6600.0,2700.0,1900.0,0.066,3699999.9999999995,0.0,2.6E-6,0.0067,0.0067,0.0,410.0,0.48,1.9E-16,2.4E-15,6.2E-26,0.0,1.7E7,1.0,6.8E8,
3.6E-46,2.4E-4,3000.0,4000.0,750.0,3699999.9999999995,5600.0,1900.0,6600.0,2700.0,1900.0,0.066,3699999.9999999995,0.0,2.3E-6,0.0067,0.0067,0.0,410.0,0.48,4.9E-19,2.4E-15,2.5E-26,0.0,1.8E7,1.0,6.8E8,
3.6E-46,2.4E-4,3000.0,4000.0,750.0,3699999.9999999995,5600.0,1900.0,6600.0,2700.0,1900.0,0.066,3699999.9999999995,0.0,2.0E-6,0.0067,0.0067,0.0,410.0,0.48,1.3E-21,2.4E-15,1.3E-26,0.0,1.9E7,1.0,6.8E8,
3.6E-46,2.4E-4,3000.0,4000.0,750.0,3699999.9999999995,5600.0,1900.0,6600.0,2700.0,1900.0,0.066,3699999.9999999995,0.0,1.6E-6,0.0067,0.0067,0.0,410.0,0.48,3.7E-24,2.4E-15,8.1E-27,0.0,2.0E7,1.0,6.8E8,
3.6E-46,2.4E-4,3000.0,4000.0,750.0,3699999.9999999995,5600.0,1900.0,6600.0,2700.0,1900.0,0.066,3699999.9999999995,0.0,1.4E-6,0.0067,0.0067,0.0,410.0,0.48,1.2E-26,2.4E-15,6.0E-27,0.0,2.1E7,1.0,6.8E8,
1.3000000000000002E-44,0.017,55000.0,160000.0,210.0,4500000.0,5600.0,1900.0,6600.0,70.0,6400.0,0.067,4700000.0,0.0,3.2E-6,0.14,0.14,0.0,420.0,1.1,2.2E-10,2.4E-15,2.4E-21,0.0,2.1E7,1.0,6.9E8,
4.6E-46,6.3E-4,4500.0,1600.0,210.0,4200000.0,5600.0,1900.0,6600.0,70.0,6400.0,0.066,4200000.0,0.0,1.3E-7,0.054,0.054,0.0,410.0,0.95,3.2E-11,2.4E-15,5.9E-23,0.0,2.0E7,1.0,6.8E8,
4.2999999999999996E-46,5.9E-4,4500.0,1600.0,210.0,3799999.9999999995,5600.0,1900.0,6600.0,70.0,6400.0,0.066,3799999.9999999995,0.0,3.1E-6,0.052,0.052,0.0,410.0,0.87,1.6E-12,2.4E-15,3.0E-23,0.0,2.0E7,1.0,6.8E8,
4.2999999999999996E-46,5.8E-4,4500.0,1600.0,210.0,3699999.9999999995,5600.0,1900.0,6600.0,70.0,6400.0,0.066,3699999.9999999995,0.0,3.5E-6,0.052,0.052,0.0,400.0,0.85,1.1E-14,2.4E-15,1.1E-23,0.0,1.9E7,1.0,6.8E8,
4.2999999999999996E-46,5.8E-4,4500.0,1600.0,210.0,3699999.9999999995,5600.0,1900.0,6600.0,70.0,6400.0,0.066,3699999.9999999995,0.0,3.7E-6,0.052,0.052,0.0,400.0,0.85,2.9E-17,2.4E-15,3.3E-24,0.0,1.8E7,1.0,6.8E8,
4.2999999999999996E-46,5.8E-4,4500.0,1600.0,210.0,3699999.9999999995,5600.0,1900.0,6600.0,70.0,6400.0,0.066,3699999.9999999995,0.0,3.6E-6,0.052,0.052,0.0,400.0,0.85,7.4E-20,2.4E-15,1.0E-24,0.0,1.8E7,1.0,6.8E8,
4.2999999999999996E-46,5.8E-4,4500.0,1600.0,210.0,3699999.9999999995,5600.0,1900.0,6600.0,70.0,6400.0,0.066,3699999.9999999995,0.0,3.2E-6,0.052,0.052,0.0,400.0,0.85,1.8999999999999999E-22,2.4E-15,3.1E-25,0.0,1.9E7,1.0,6.8E8,
4.2999999999999996E-46,5.8E-4,4500.0,1600.0,210.0,3699999.9999999995,5600.0,1900.0,6600.0,70.0,6400.0,0.066,3699999.9999999995,0.0,2.7E-6,0.052,0.052,0.0,400.0,0.85,5.099999999999999E-25,2.4E-15,9.999999999999999E-26,0.0,2.0E7,1.0,6.8E8,
4.6E-45,0.0052,4500.0,50000.0,8300.0,4500000.0,5600.0,1900.0,6600.0,7600.0,20000.0,0.066,4600000.0,0.0,0.7,0.072,0.072,0.0,400.0,2.1,4.3E-10,2.4E-15,1.1E-21,0.0,2.2E7,1.0,6.9E8,
5.4E-46,6.1E-4,4500.0,2100.0,730.0,4500000.0,5600.0,1900.0,6600.0,70.0,4900.0,0.066,4500000.0,0.0,9.5E-7,0.023,0.023,0.0,400.0,1.1,6.0E-11,2.4E-15,8.3E-23,0.0,2.1E7,1.0,6.9E8,
5.1999999999999996E-46,6.0E-4,4500.0,2100.0,730.0,4300000.0,5600.0,1900.0,6600.0,70.0,4900.0,0.066,4300000.0,0.0,3.8E-6,0.023,0.023,0.0,400.0,1.1,4.2E-13,2.4E-15,3.0E-23,0.0,2.0E7,1.0,6.9E8,
5.1E-46,5.8E-4,4500.0,2100.0,730.0,4099999.9999999995,5600.0,1900.0,6500.0,70.0,4900.0,0.066,4099999.9999999995,0.0,4.1E-6,0.022,0.022,0.0,400.0,1.1,2.1E-14,2.4E-15,1.6000000000000002E-23,0.0,1.9E7,1.0,6.8E8,
5.0E-46,5.7E-4,4500.0,2100.0,730.0,3999999.9999999995,5600.0,1900.0,6500.0,70.0,4900.0,0.066,3999999.9999999995,0.0,4.5E-6,0.022,0.022,0.0,400.0,1.0,1.5E-16,2.4E-15,5.8E-24,0.0,1.8E7,1.0,6.8E8,
4.7999999999999995E-46,5.5E-4,4400.0,2100.0,720.0,3699999.9999999995,5500.0,1900.0,6500.0,70.0,4800.0,0.065,3699999.9999999995,0.0,4.6E-6,0.021,0.021,0.0,400.0,0.97,2.7E-18,2.4E-15,2.5E-24,0.0,1.8E7,1.0,6.8E8,
4.7999999999999995E-46,5.4E-4,4400.0,2100.0,720.0,3699999.9999999995,5500.0,1900.0,6500.0,70.0,4800.0,0.065,3699999.9999999995,0.0,4.9E-6,0.021,0.021,0.0,400.0,0.96,1.9E-20,2.4E-15,9.3E-25,0.0,1.7E7,1.0,6.7E8,
4.7999999999999995E-46,5.4E-4,4400.0,2100.0,720.0,3699999.9999999995,5500.0,1900.0,6500.0,70.0,4800.0,0.065,3699999.9999999995,0.0,5.0E-6,0.021,0.021,0.0,390.0,0.96,5.0E-23,2.4E-15,2.9E-25,0.0,1.7E7,1.0,6.7E8,
4.7999999999999995E-46,5.4E-4,4400.0,2100.0,720.0,3699999.9999999995,5500.0,1900.0,6500.0,70.0,4800.0,0.065,3699999.9999999995,0.0,4.5E-6,0.021,0.021,0.0,390.0,0.96,1.3E-25,2.4E-15,1.0E-25,0.0,1.8E7,1.0,6.7E8,
4.7999999999999995E-46,5.4E-4,4400.0,2100.0,720.0,3699999.9999999995,5500.0,1900.0,6500.0,70.0,4800.0,0.065,3699999.9999999995,0.0,3.9E-6,0.021,0.021,0.0,390.0,0.96,3.3E-28,2.4E-15,4.0E-26,0.0,1.9E7,1.0,6.7E8,
4.7999999999999995E-46,5.4E-4,4400.0,2100.0,720.0,3699999.9999999995,5500.0,1900.0,6500.0,70.0,4800.0,0.065,3699999.9999999995,0.0,3.3E-6,0.021,0.021,0.0,390.0,0.96,9.1E-31,2.4E-15,2.1E-26,0.0,2.0E7,1.0,6.7E8,
4.7999999999999995E-46,5.4E-4,4400.0,2100.0,720.0,3699999.9999999995,5500.0,1900.0,6500.0,70.0,4800.0,0.065,3699999.9999999995,0.0,2.7E-6,0.021,0.021,0.0,390.0,0.96,5.5E-33,2.4E-15,1.4E-26,0.0,2.1E7,1.0,6.7E8,
4.7999999999999995E-46,5.4E-4,4400.0,2100.0,720.0,3699999.9999999995,5500.0,1900.0,6500.0,70.0,4800.0,0.065,3699999.9999999995,0.0,2.3E-6,0.021,0.021,0.0,390.0,0.96,4.7E-36,2.4E-15,1.0E-26,0.0,2.3E7,1.0,6.7E8,
8.299999999999999E-46,9.0E-4,540.0,300.0,3200.0,4300000.0,5500.0,1900.0,6500.0,70.0,4800.0,0.066,4300000.0,0.0,3.5E-6,0.021,0.021,0.0,400.0,1.5,1.1E-9,2.4E-15,9.999999999999999E-23,0.0,2.3E7,1.0,6.8E8,
7.9E-46,8.5E-4,540.0,300.0,3200.0,3899999.9999999995,5500.0,1900.0,6500.0,69.0,4800.0,0.065,3899999.9999999995,0.0,3.7E-6,0.02,0.02,0.0,400.0,1.4,5.6E-11,2.4E-15,5.2E-23,0.0,2.2E7,1.0,6.8E8,
7.7E-46,8.3E-4,540.0,300.0,3200.0,3699999.9999999995,5500.0,1900.0,6500.0,69.0,4800.0,0.065,3699999.9999999995,0.0,4.1E-6,0.02,0.02,0.0,400.0,1.4,1.0E-12,2.4E-15,2.3E-23,0.0,2.1E7,1.0,6.8E8,
7.7E-46,8.3E-4,540.0,300.0,3200.0,3699999.9999999995,5500.0,1900.0,6500.0,69.0,4800.0,0.065,3699999.9999999995,0.0,4.4E-6,0.02,0.02,0.0,400.0,1.4,2.7E-15,2.4E-15,6.899999999999999E-24,0.0,2.0E7,1.0,6.8E8,
7.7E-46,8.3E-4,540.0,300.0,3200.0,3699999.9999999995,5500.0,1900.0,6500.0,69.0,4800.0,0.065,3699999.9999999995,0.0,4.2E-6,0.02,0.02,0.0,400.0,1.4,6.9E-18,2.4E-15,2.1E-24,0.0,2.1E7,1.0,6.8E8,
7.7E-46,8.3E-4,540.0,300.0,3200.0,3699999.9999999995,5500.0,1900.0,6500.0,69.0,4800.0,0.065,3699999.9999999995,0.0,3.7E-6,0.02,0.02,0.0,390.0,1.4,1.8E-20,2.4E-15,6.399999999999999E-25,0.0,2.1E7,1.0,6.8E8,
7.7E-46,8.3E-4,540.0,300.0,3200.0,3699999.9999999995,5500.0,1900.0,6500.0,69.0,4800.0,0.065,3699999.9999999995,0.0,3.2E-6,0.02,0.02,0.0,390.0,1.4,4.6E-23,2.4E-15,1.9999999999999998E-25,0.0,2.3E7,1.0,6.8E8,
7.7E-46,8.3E-4,540.0,300.0,3200.0,3699999.9999999995,5500.0,1900.0,6500.0,69.0,4800.0,0.065,3699999.9999999995,0.0,2.8E-6,0.02,0.02,0.0,390.0,1.4,1.4E-25,2.4E-15,6.8E-26,0.0,2.4E7,1.0,6.8E8,
7.7E-46,8.3E-4,540.0,300.0,3200.0,3699999.9999999995,5500.0,1900.0,6500.0,69.0,4800.0,0.065,3699999.9999999995,0.0,2.4E-6,0.02,0.02,0.0,390.0,1.4,4.1E-28,2.4E-15,2.7E-26,0.0,2.5E7,1.0,6.8E8,
7.7E-46,8.3E-4,540.0,300.0,3200.0,3699999.9999999995,5500.0,1900.0,6500.0,69.0,4800.0,0.065,3699999.9999999995,0.0,2.0E-6,0.02,0.02,0.0,390.0,1.4,1.6E-30,2.4E-15,1.3E-26,0.0,2.7E7,1.0,6.8E8,
7.7E-46,8.3E-4,540.0,300.0,3200.0,3699999.9999999995,5500.0,1900.0,6500.0,69.0,4800.0,0.065,3699999.9999999995,0.0,2.0E-6,0.02,0.02,0.0,380.0,1.4,7.800000000000001E-33,2.4E-15,8.7E-27,0.0,2.7E7,1.0,6.8E8,
7.7E-46,8.3E-4,540.0,300.0,3200.0,3699999.9999999995,5500.0,1900.0,6500.0,69.0,4800.0,0.065,3699999.9999999995,0.0,2.4E-6,0.02,0.02,0.0,380.0,1.4,2.0E-35,2.4E-15,8.300000000000001E-27,0.0,2.5E7,1.0,6.8E8,
7.7E-46,8.3E-4,540.0,300.0,3200.0,3699999.9999999995,5500.0,1900.0,6500.0,69.0,4800.0,0.065,3699999.9999999995,0.0,2.6E-6,0.02,0.02,0.0,370.0,1.4,5.2E-38,2.4E-15,8.800000000000001E-27,0.0,2.4E7,1.0,6.8E8,
7.7E-46,8.3E-4,540.0,300.0,3200.0,3699999.9999999995,5500.0,1900.0,6500.0,69.0,4800.0,0.065,3699999.9999999995,0.0,2.5E-6,0.02,0.02,0.0,350.0,1.4,1.3E-40,2.4E-15,8.9E-27,0.0,2.5E7,1.0,6.8E8,
7.7E-46,8.3E-4,540.0,300.0,3200.0,3699999.9999999995,5500.0,1900.0,6500.0,69.0,4800.0,0.065,3699999.9999999995,0.0,2.3E-6,0.02,0.02,0.0,350.0,1.4,3.6E-43,2.4E-15,8.5E-27,0.0,2.6E7,1.0,6.8E8,
7.7E-46,8.3E-4,540.0,300.0,3200.0,3699999.9999999995,5500.0,1900.0,6500.0,69.0,4800.0,0.065,3699999.9999999995,0.0,2.0E-6,0.02,0.02,0.0,350.0,1.4,7.799999999999999E-46,2.4E-15,7.800000000000001E-27,0.0,2.7E7,1.0,6.8E8,
7.7E-46,8.3E-4,540.0,300.0,3200.0,3699999.9999999995,5500.0,1900.0,6500.0,69.0,4800.0,0.065,3699999.9999999995,0.0,1.8E-6,0.02,0.02,0.0,340.0,1.4,0.0,2.4E-15,7.0E-27,0.0,2.8E7,1.0,6.8E8,
7.7E-46,8.3E-4,540.0,300.0,3200.0,3699999.9999999995,5500.0,1900.0,6500.0,69.0,4800.0,0.065,3699999.9999999995,0.0,1.5E-6,0.02,0.02,0.0,340.0,1.4,0.0,2.4E-15,6.1E-27,0.0,2.9E7,1.0,6.8E8,
7.7E-46,8.3E-4,540.0,300.0,3200.0,3699999.9999999995,5500.0,1900.0,6500.0,69.0,4800.0,0.065,3699999.9999999995,0.0,1.3E-6,0.02,0.02,0.0,340.0,1.4,0.0,2.4E-15,5.4000000000000005E-27,0.0,3.1E7,1.0,6.8E8,
7.7E-46,8.3E-4,540.0,300.0,3200.0,3699999.9999999995,5500.0,1900.0,6500.0,69.0,4800.0,0.065,3699999.9999999995,0.0,1.8E-6,0.02,0.02,0.0,340.0,1.4,0.0,2.4E-15,5.6E-27,0.0,2.8E7,1.0,6.8E8,
7.7E-46,8.3E-4,540.0,300.0,3200.0,3699999.9999999995,5500.0,1900.0,6500.0,69.0,4800.0,0.065,3699999.9999999995,0.0,2.0E-6,0.02,0.02,0.0,330.0,1.4,0.0,2.4E-15,6.5E-27,0.0,2.7E7,1.0,6.8E8,
7.7E-46,8.3E-4,540.0,300.0,3200.0,3699999.9999999995,5500.0,1900.0,6500.0,69.0,4800.0,0.065,3699999.9999999995,0.0,2.1E-6,0.02,0.02,0.0,330.0,1.4,0.0,2.4E-15,7.0E-27,0.0,2.7E7,1.0,6.8E8,
7.7E-46,8.3E-4,540.0,300.0,3200.0,3699999.9999999995,5500.0,1900.0,6500.0,69.0,4800.0,0.065,3699999.9999999995,0.0,1.9E-6,0.02,0.02,0.0,330.0,1.4,0.0,2.4E-15,7.1E-27,0.0,2.7E7,1.0,6.8E8,
7.7E-46,8.3E-4,540.0,300.0,3200.0,3699999.9999999995,5500.0,1900.0,6500.0,69.0,4800.0,0.065,3699999.9999999995,0.0,1.8E-6,0.02,0.02,0.0,330.0,1.4,0.0,2.4E-15,6.7E-27,0.0,2.8E7,1.0,6.8E8,
7.7E-46,8.3E-4,540.0,300.0,3200.0,3699999.9999999995,5500.0,1900.0,6500.0,69.0,4800.0,0.065,3699999.9999999995,0.0,1.6E-6,0.02,0.02,0.0,320.0,1.4,0.0,2.4E-15,6.1E-27,0.0,2.9E7,1.0,6.8E8,
7.7E-46,8.3E-4,540.0,300.0,3200.0,3699999.9999999995,5500.0,1900.0,6500.0,69.0,4800.0,0.065,3699999.9999999995,0.0,1.4E-6,0.02,0.02,0.0,320.0,1.4,0.0,2.4E-15,5.5E-27,0.0,3.1E7,1.0,6.8E8,
7.7E-46,8.3E-4,540.0,300.0,3200.0,3699999.9999999995,5500.0,1900.0,6500.0,69.0,4800.0,0.065,3699999.9999999995,0.0,1.2E-6,0.02,0.02,0.0,320.0,1.4,0.0,2.4E-15,4.8E-27,0.0,3.2E7,1.0,6.8E8,
8.0E-46,0.0018,4400.0,6600.0,5500.0,4300000.0,5500.0,1900.0,6500.0,69.0,4800.0,0.066,4300000.0,0.0,2.2E-6,0.03,0.03,0.0,320.0,2.3,5.9E-10,2.4E-15,3.0999999999999997E-22,0.0,3.1E7,1.0,6.8E8,
7.9E-46,0.0018,4400.0,6600.0,5500.0,4099999.9999999995,5500.0,1900.0,6500.0,69.0,4800.0,0.065,4099999.9999999995,0.0,2.7E-6,0.029,0.029,0.0,320.0,2.2,1.1E-11,2.4E-15,1.4E-22,0.0,2.9E7,1.0,6.8E8,
7.799999999999999E-46,0.0017,4400.0,6600.0,5500.0,3799999.9999999995,5500.0,1900.0,6500.0,69.0,4800.0,0.065,3899999.9999999995,0.0,3.3E-6,0.028,0.028,0.0,320.0,2.2,2.1E-13,2.4E-15,6.1E-23,0.0,2.7E7,1.0,6.8E8,
7.7E-46,0.0017,4400.0,6600.0,5500.0,3699999.9999999995,5500.0,1900.0,6500.0,69.0,4800.0,0.065,3699999.9999999995,0.0,3.9E-6,0.028,0.028,0.0,320.0,2.1,4.0E-15,2.4E-15,2.7E-23,0.0,2.5E7,1.0,6.8E8,
7.7E-46,0.0017,4400.0,6600.0,5500.0,3699999.9999999995,5500.0,1900.0,6500.0,69.0,4800.0,0.065,3699999.9999999995,0.0,4.6E-6,0.028,0.028,0.0,320.0,2.1,1.0E-17,2.4E-15,8.1E-24,0.0,2.4E7,1.0,6.8E8,
7.7E-46,0.0017,4400.0,6600.0,5500.0,3699999.9999999995,5500.0,1900.0,6500.0,69.0,4800.0,0.065,3699999.9999999995,0.0,4.7E-6,0.028,0.028,0.0,320.0,2.1,2.7E-20,2.4E-15,2.5E-24,0.0,2.3E7,1.0,6.8E8,
7.7E-46,0.0017,4400.0,6600.0,5500.0,3699999.9999999995,5500.0,1900.0,6500.0,69.0,4800.0,0.065,3699999.9999999995,0.0,4.4E-6,0.028,0.028,0.0,320.0,2.1,7.2E-23,2.4E-15,7.5E-25,0.0,2.4E7,1.0,6.8E8,
7.7E-46,0.0017,4400.0,6600.0,5500.0,3699999.9999999995,5500.0,1900.0,6500.0,69.0,4800.0,0.065,3699999.9999999995,0.0,3.9E-6,0.028,0.028,0.0,310.0,2.1,1.9E-25,2.4E-15,2.4E-25,0.0,2.5E7,1.0,6.8E8,
7.7E-46,0.0017,4400.0,6600.0,5500.0,3699999.9999999995,5500.0,1900.0,6500.0,69.0,4800.0,0.065,3699999.9999999995,0.0,3.5E-6,0.028,0.028,0.0,310.0,2.1,6.200000000000001E-28,2.4E-15,8.1E-26,0.0,2.6E7,1.0,6.8E8,
7.7E-46,0.0017,4400.0,6600.0,5500.0,3699999.9999999995,5500.0,1900.0,6500.0,69.0,4800.0,0.065,3699999.9999999995,0.0,3.0E-6,0.028,0.028,0.0,310.0,2.1,2.3000000000000002E-30,2.4E-15,3.2E-26,0.0,2.7E7,1.0,6.8E8,
7.7E-46,0.0017,4400.0,6600.0,5500.0,3699999.9999999995,5500.0,1900.0,6500.0,69.0,4800.0,0.065,3699999.9999999995,0.0,2.6E-6,0.028,0.028,0.0,310.0,2.1,0.0,2.4E-15,1.7E-26,0.0,2.9E7,1.0,6.8E8,
7.7E-46,0.0017,4400.0,6600.0,5500.0,3699999.9999999995,5500.0,1900.0,6500.0,69.0,4800.0,0.065,3699999.9999999995,0.0,2.5E-6,0.028,0.028,0.0,310.0,2.1,3.2000000000000005E-33,2.4E-15,1.1E-26,0.0,2.9E7,1.0,6.8E8,
7.7E-46,0.0017,4400.0,6600.0,5500.0,3699999.9999999995,5500.0,1900.0,6500.0,69.0,4800.0,0.065,3699999.9999999995,0.0,3.1E-6,0.028,0.028,0.0,310.0,2.1,8.5E-36,2.4E-15,1.1E-26,0.0,2.7E7,1.0,6.8E8,
7.7E-46,0.0017,4400.0,6600.0,5500.0,3699999.9999999995,5500.0,1900.0,6500.0,69.0,4800.0,0.065,3699999.9999999995,0.0,3.5E-6,0.028,0.028,0.0,310.0,2.1,2.2E-38,2.4E-15,1.2E-26,0.0,2.6E7,1.0,6.8E8,
7.7E-46,0.0017,4400.0,6600.0,5500.0,3699999.9999999995,5500.0,1900.0,6500.0,69.0,4800.0,0.065,3699999.9999999995,0.0,3.4E-6,0.028,0.028,0.0,300.0,2.1,5.8E-41,2.4E-15,1.2E-26,0.0,2.6E7,1.0,6.8E8,
7.7E-46,0.0017,4400.0,6600.0,5500.0,3699999.9999999995,5500.0,1900.0,6500.0,69.0,4800.0,0.065,3699999.9999999995,0.0,3.2E-6,0.028,0.028,0.0,300.0,2.1,1.6E-43,2.4E-15,1.2E-26,0.0,2.7E7,1.0,6.8E8,
7.7E-46,0.0017,4400.0,6600.0,5500.0,3699999.9999999995,5500.0,1900.0,6500.0,69.0,4800.0,0.065,3699999.9999999995,0.0,2.9E-6,0.028,0.028,0.0,300.0,2.1,1.3E-45,2.4E-15,1.1E-26,0.0,2.8E7,1.0,6.8E8,
7.7E-46,0.0017,4400.0,6600.0,5500.0,3699999.9999999995,5500.0,1900.0,6500.0,69.0,4800.0,0.065,3699999.9999999995,0.0,2.6E-6,0.028,0.028,0.0,300.0,2.1,0.0,2.4E-15,1.0E-26,0.0,2.9E7,1.0,6.8E8,
7.7E-46,0.0017,4400.0,6600.0,5500.0,3699999.9999999995,5500.0,1900.0,6500.0,69.0,4800.0,0.065,3699999.9999999995,0.0,2.3E-6,0.028,0.028,0.0,290.0,2.1,7.8E-47,2.4E-15,9.0E-27,0.0,3.0E7,1.0,6.8E8,
7.7E-46,0.0017,4400.0,6600.0,5500.0,3699999.9999999995,5500.0,1900.0,6500.0,69.0,4800.0,0.065,3699999.9999999995,0.0,2.0E-6,0.028,0.028,0.0,290.0,2.1,0.0,2.4E-15,7.9E-27,0.0,3.2E7,1.0,6.8E8,
7.7E-46,0.0017,4400.0,6600.0,5500.0,3699999.9999999995,5500.0,1900.0,6500.0,69.0,4800.0,0.065,3699999.9999999995,0.0,2.5E-6,0.028,0.028,0.0,290.0,2.1,0.0,2.4E-15,8.0E-27,0.0,2.9E7,1.0,6.8E8,
7.7E-46,0.0017,4400.0,6600.0,5500.0,3699999.9999999995,5500.0,1900.0,6500.0,69.0,4800.0,0.065,3699999.9999999995,0.0,2.9E-6,0.028,0.028,0.0,290.0,2.1,0.0,2.4E-15,9.4E-27,0.0,2.8E7,1.0,6.8E8,
7.7E-46,0.0017,4400.0,6600.0,5500.0,3699999.9999999995,5500.0,1900.0,6500.0,69.0,4800.0,0.065,3699999.9999999995,0.0,3.1E-6,0.028,0.028,0.0,280.0,2.1,0.0,2.4E-15,1.0E-26,0.0,2.7E7,1.0,6.8E8,
7.7E-46,0.0017,4400.0,6600.0,5500.0,3699999.9999999995,5500.0,1900.0,6500.0,69.0,4800.0,0.065,3699999.9999999995,0.0,2.9E-6,0.028,0.028,0.0,280.0,2.1,0.0,2.4E-15,1.1E-26,0.0,2.8E7,1.0,6.8E8,
7.7E-46,0.0017,4400.0,6600.0,5500.0,3699999.9999999995,5500.0,1900.0,6500.0,69.0,4800.0,0.065,3699999.9999999995,0.0,2.7E-6,0.028,0.028,0.0,280.0,2.1,0.0,2.4E-15,1.0E-26,0.0,2.8E7,1.0,6.8E8,
7.7E-46,0.0017,4400.0,6600.0,5500.0,3699999.9999999995,5500.0,1900.0,6500.0,69.0,4800.0,0.065,3699999.9999999995,0.0,2.4E-6,0.028,0.028,0.0,280.0,2.1,0.0,2.4E-15,9.4E-27,0.0,3.0E7,1.0,6.8E8,
7.7E-46,0.0017,4400.0,6600.0,5500.0,3699999.9999999995,5500.0,1900.0,6500.0,69.0,4800.0,0.065,3699999.9999999995,0.0,2.1E-6,0.028,0.028,0.0,280.0,2.1,0.0,2.4E-15,8.5E-27,0.0,3.1E7,1.0,6.8E8,
7.7E-46,0.0017,4400.0,6600.0,5500.0,3699999.9999999995,5500.0,1900.0,6500.0,69.0,4800.0,0.065,3699999.9999999995,0.0,1.9E-6,0.028,0.028,0.0,270.0,2.1,0.0,2.4E-15,7.5E-27,0.0,3.2E7,1.0,6.8E8,
7.7E-46,0.0017,4400.0,6600.0,5500.0,3699999.9999999995,5500.0,1900.0,6500.0,69.0,4800.0,0.065,3699999.9999999995,0.0,2.1E-6,0.028,0.028,0.0,270.0,2.1,0.0,2.4E-15,7.0E-27,0.0,3.1E7,1.0,6.8E8,
7.7E-46,0.0017,4400.0,6600.0,5500.0,3699999.9999999995,5500.0,1900.0,6500.0,69.0,4800.0,0.065,3699999.9999999995,0.0,2.6E-6,0.028,0.028,0.0,270.0,2.1,0.0,2.4E-15,8.2E-27,0.0,2.9E7,1.0,6.8E8,
7.7E-46,0.0017,4400.0,6600.0,5500.0,3699999.9999999995,5500.0,1900.0,6500.0,69.0,4800.0,0.065,3699999.9999999995,0.0,2.8E-6,0.028,0.028,0.0,270.0,2.1,0.0,2.4E-15,9.4E-27,0.0,2.8E7,1.0,6.8E8,
7.7E-46,0.0017,4400.0,6600.0,5500.0,3699999.9999999995,5500.0,1900.0,6500.0,69.0,4800.0,0.065,3699999.9999999995,0.0,2.8E-6,0.028,0.028,0.0,270.0,2.1,0.0,2.4E-15,9.9E-27,0.0,2.8E7,1.0,6.8E8,
7.7E-46,0.0017,4400.0,6600.0,5500.0,3699999.9999999995,5500.0,1900.0,6500.0,69.0,4800.0,0.065,3699999.9999999995,0.0,2.6E-6,0.028,0.028,0.0,270.0,2.1,0.0,2.4E-15,9.800000000000001E-27,0.0,2.9E7,1.0,6.8E8,
7.7E-46,0.0017,4400.0,6600.0,5500.0,3699999.9999999995,5500.0,1900.0,6500.0,69.0,4800.0,0.065,3699999.9999999995,0.0,2.4E-6,0.028,0.028,0.0,270.0,2.1,0.0,2.4E-15,9.2E-27,0.0,3.0E7,1.0,6.8E8,
7.7E-46,0.0017,4400.0,6600.0,5500.0,3699999.9999999995,5500.0,1900.0,6500.0,69.0,4800.0,0.065,3699999.9999999995,0.0,2.1E-6,0.028,0.028,0.0,260.0,2.1,0.0,2.4E-15,8.300000000000001E-27,0.0,3.1E7,1.0,6.8E8,
7.7E-46,0.0017,4400.0,6600.0,5500.0,3699999.9999999995,5500.0,1900.0,6500.0,69.0,4800.0,0.065,3699999.9999999995,0.0,1.9E-6,0.028,0.028,0.0,260.0,2.1,0.0,2.4E-15,7.5E-27,0.0,3.2E7,1.0,6.8E8,
7.7E-46,0.0017,4400.0,6600.0,5500.0,3699999.9999999995,5500.0,1900.0,6500.0,69.0,4800.0,0.065,3699999.9999999995,0.0,1.8E-6,0.028,0.028,0.0,260.0,2.1,0.0,2.4E-15,6.7E-27,0.0,3.3E7,1.0,6.8E8,
7.7E-46,0.0017,4400.0,6600.0,5500.0,3699999.9999999995,5500.0,1900.0,6500.0,69.0,4800.0,0.065,3699999.9999999995,0.0,2.4E-6,0.028,0.028,0.0,250.0,2.1,0.0,2.4E-15,7.4E-27,0.0,3.0E7,1.0,6.8E8,
7.7E-46,0.0017,4400.0,6600.0,5500.0,3699999.9999999995,5500.0,1900.0,6500.0,69.0,4800.0,0.065,3699999.9999999995,0.0,2.7E-6,0.028,0.028,0.0,250.0,2.1,0.0,2.4E-15,8.7E-27,0.0,2.8E7,1.0,6.8E8,
7.7E-46,0.0017,4400.0,6600.0,5500.0,3699999.9999999995,5500.0,1900.0,6500.0,69.0,4800.0,0.065,3699999.9999999995,0.0,2.8E-6,0.028,0.028,0.0,250.0,2.1,0.0,2.4E-15,9.5E-27,0.0,2.8E7,1.0,6.8E8,
7.7E-46,0.0017,4400.0,6600.0,5500.0,3699999.9999999995,5500.0,1900.0,6500.0,69.0,4800.0,0.065,3699999.9999999995,0.0,2.6E-6,0.028,0.028,0.0,250.0,2.1,0.0,2.4E-15,9.6E-27,0.0,2.9E7,1.0,6.8E8,
7.7E-46,0.0017,4400.0,6600.0,5500.0,3699999.9999999995,5500.0,1900.0,6500.0,69.0,4800.0,0.065,3699999.9999999995,0.0,2.4E-6,0.028,0.028,0.0,250.0,2.1,0.0,2.4E-15,9.1E-27,0.0,3.0E7,1.0,6.8E8,
7.7E-46,0.0017,4400.0,6600.0,5500.0,3699999.9999999995,5500.0,1900.0,6500.0,69.0,4800.0,0.065,3699999.9999999995,0.0,2.2E-6,0.028,0.028,0.0,250.0,2.1,0.0,2.4E-15,8.4E-27,0.0,3.1E7,1.0,6.8E8,
7.7E-46,0.0017,4400.0,6600.0,5500.0,3699999.9999999995,5500.0,1900.0,6500.0,69.0,4800.0,0.065,3699999.9999999995,0.0,1.9E-6,0.028,0.028,0.0,250.0,2.1,0.0,2.4E-15,7.6E-27,0.0,3.2E7,1.0,6.8E8,
7.7E-46,0.0017,4400.0,6600.0,5500.0,3699999.9999999995,5500.0,1900.0,6500.0,69.0,4800.0,0.065,3699999.9999999995,0.0,1.7E-6,0.028,0.028,0.0,250.0,2.1,0.0,2.4E-15,6.7E-27,0.0,3.4E7,1.0,6.8E8,
7.7E-46,0.0017,4400.0,6600.0,5500.0,3699999.9999999995,5500.0,1900.0,6500.0,69.0,4800.0,0.065,3699999.9999999995,0.0,2.2E-6,0.028,0.028,0.0,250.0,2.1,0.0,2.4E-15,6.9E-27,0.0,3.1E7,1.0,6.8E8,
7.7E-46,0.0017,4400.0,6600.0,5500.0,3699999.9999999995,5500.0,1900.0,6500.0,69.0,4800.0,0.065,3699999.9999999995,0.0,2.6E-6,0.028,0.028,0.0,250.0,2.1,0.0,2.4E-15,8.2E-27,0.0,2.9E7,1.0,6.8E8,
7.7E-46,0.0017,4400.0,6600.0,5500.0,3699999.9999999995,5500.0,1900.0,6500.0,69.0,4800.0,0.065,3699999.9999999995,0.0,2.7E-6,0.028,0.028,0.0,250.0,2.1,0.0,2.4E-15,9.2E-27,0.0,2.8E7,1.0,6.8E8,
7.7E-46,0.0017,4400.0,6600.0,5500.0,3699999.9999999995,5500.0,1900.0,6500.0,69.0,4800.0,0.065,3699999.9999999995,0.0,2.6E-6,0.028,0.028,0.0,240.0,2.1,0.0,2.4E-15,9.5E-27,0.0,2.9E7,1.0,6.8E8,
7.7E-46,0.0017,4400.0,6600.0,5500.0,3699999.9999999995,5500.0,1900.0,6500.0,69.0,4800.0,0.064,3699999.9999999995,0.0,2.5E-6,0.028,0.028,0.0,240.0,2.1,0.0,2.4E-15,9.2E-27,0.0,2.9E7,1.0,6.7E8,
7.7E-46,0.0017,4400.0,6600.0,5500.0,3699999.9999999995,5500.0,1900.0,6500.0,69.0,4800.0,0.064,3699999.9999999995,0.0,3.1E-6,0.028,0.028,0.0,240.0,2.1,0.0,2.4E-15,9.800000000000001E-27,0.0,2.7E7,1.0,6.7E8,
7.7E-46,0.0017,4400.0,6600.0,5500.0,3699999.9999999995,5500.0,1900.0,6500.0,69.0,4800.0,0.064,3699999.9999999995,0.0,3.6E-6,0.028,0.028,0.0,240.0,2.1,0.0,2.4E-15,1.1E-26,0.0,2.5E7,1.0,6.7E8,
7.7E-46,0.0017,4400.0,6600.0,5500.0,3699999.9999999995,5500.0,1900.0,6500.0,69.0,4800.0,0.064,3699999.9999999995,0.0,3.6E-6,0.028,0.028,0.0,240.0,2.1,0.0,2.4E-15,1.2E-26,0.0,2.5E7,1.0,6.7E8,
7.7E-46,0.0017,4400.0,6600.0,5500.0,3699999.9999999995,5500.0,1900.0,6500.0,69.0,4800.0,0.064,3699999.9999999995,0.0,3.4E-6,0.028,0.028,0.0,240.0,2.1,0.0,2.4E-15,1.3E-26,0.0,2.6E7,1.0,6.7E8,
7.7E-46,0.0017,4400.0,6600.0,5500.0,3699999.9999999995,5500.0,1900.0,6500.0,69.0,4800.0,0.064,3699999.9999999995,0.0,3.1E-6,0.028,0.028,0.0,240.0,2.1,0.0,2.4E-15,1.2E-26,0.0,2.7E7,1.0,6.7E8,
7.7E-46,0.0017,4400.0,6600.0,5500.0,3699999.9999999995,5500.0,1900.0,6500.0,69.0,4800.0,0.064,3699999.9999999995,0.0,2.8E-6,0.028,0.028,0.0,230.0,2.1,0.0,2.4E-15,1.1E-26,0.0,2.8E7,1.0,6.7E8,
7.7E-46,0.0017,4400.0,6600.0,5500.0,3699999.9999999995,5500.0,1900.0,6500.0,69.0,4800.0,0.064,3699999.9999999995,0.0,2.4E-6,0.028,0.028,0.0,230.0,2.1,0.0,2.4E-15,9.6E-27,0.0,2.9E7,1.0,6.7E8,
3.7E-45,0.007,27000.0,57000.0,2300.0,4600000.0,2300.0,2700.0,7500.0,3900.0,5300.0,0.065,4700000.0,0.0,1.2E-5,0.049,0.049,0.0,640.0,3.5,2.4E-10,2.8E-15,8.399999999999999E-22,0.0,3.0E7,1.0,7.0E8,
6.0999999999999996E-46,0.0018,2500.0,3700.0,5100.0,4500000.0,2300.0,2600.0,7500.0,3900.0,5300.0,0.064,4600000.0,0.0,1.5E-6,0.028,0.028,0.0,650.0,12.0,1.0E-10,2.8E-15,2.5E-22,0.0,2.8E7,1.0,7.0E8,
6.0E-46,0.0018,2500.0,3700.0,5000.0,4300000.0,2300.0,2600.0,7400.0,3900.0,5300.0,0.064,4400000.0,0.0,1.9E-5,0.027,0.027,0.0,650.0,12.0,1.4E-11,2.8E-15,1.6E-22,0.0,2.7E7,1.0,7.0E8,
6.0E-46,0.0018,2500.0,3600.0,5000.0,4300000.0,2300.0,2600.0,7400.0,3900.0,5200.0,0.064,4300000.0,0.0,2.3E-5,0.027,0.027,0.0,650.0,12.0,9.7E-14,2.8E-15,5.9E-23,0.0,2.5E7,1.0,7.0E8,
5.6999999999999995E-46,0.0017,2500.0,3600.0,5000.0,3699999.9999999995,2300.0,2600.0,7400.0,3900.0,5200.0,0.063,3799999.9999999995,0.0,2.3E-5,0.025,0.025,0.0,650.0,11.0,3.6E-14,2.8E-15,4.6E-23,0.0,2.4E7,1.0,6.9E8,
5.6999999999999995E-46,0.0017,2500.0,3600.0,5000.0,3699999.9999999995,2300.0,2600.0,7400.0,3900.0,5200.0,0.063,3799999.9999999995,0.0,2.8E-5,0.025,0.025,0.0,650.0,11.0,9.3E-17,2.8E-15,1.4000000000000002E-23,0.0,2.2E7,1.0,6.9E8,
5.6999999999999995E-46,0.0017,2500.0,3600.0,5000.0,3699999.9999999995,2300.0,2600.0,7400.0,3900.0,5200.0,0.063,3799999.9999999995,0.0,3.0E-5,0.025,0.025,0.0,650.0,11.0,6.5E-19,2.8E-15,5.3E-24,0.0,2.2E7,1.0,6.9E8,
5.6999999999999995E-46,0.0017,2500.0,3600.0,5000.0,3699999.9999999995,2300.0,2600.0,7400.0,3900.0,5200.0,0.063,3799999.9999999995,0.0,2.8E-5,0.025,0.025,0.0,650.0,11.0,6.299999999999999E-22,2.8E-15,1.3999999999999999E-24,0.0,2.2E7,1.0,6.9E8,
5.6999999999999995E-46,0.0017,2500.0,3600.0,5000.0,3699999.9999999995,2300.0,2600.0,7400.0,3900.0,5200.0,0.063,3799999.9999999995,0.0,2.6E-5,0.025,0.025,0.0,640.0,11.0,4.5E-24,2.8E-15,5.8E-25,0.0,2.3E7,1.0,6.9E8,
5.6999999999999995E-46,0.0017,2500.0,3600.0,5000.0,3699999.9999999995,2300.0,2600.0,7400.0,3900.0,5200.0,0.063,3799999.9999999995,0.0,2.3E-5,0.025,0.025,0.0,630.0,11.0,1.2E-26,2.8E-15,2.4E-25,0.0,2.4E7,1.0,6.9E8,
5.6999999999999995E-46,0.0017,2500.0,3600.0,5000.0,3699999.9999999995,2300.0,2600.0,7400.0,3900.0,5200.0,0.063,3799999.9999999995,0.0,2.0E-5,0.025,0.025,0.0,630.0,11.0,3.4E-29,2.8E-15,1.3E-25,0.0,2.6E7,1.0,6.9E8,
5.6999999999999995E-46,0.0017,2500.0,3600.0,5000.0,3699999.9999999995,2300.0,2600.0,7400.0,3900.0,5200.0,0.063,3799999.9999999995,0.0,1.7E-5,0.025,0.025,0.0,620.0,11.0,0.0,2.8E-15,9.1E-26,0.0,2.7E7,1.0,6.9E8,
5.6999999999999995E-46,0.0017,2500.0,3600.0,5000.0,3699999.9999999995,2300.0,2600.0,7400.0,3900.0,5200.0,0.063,3799999.9999999995,0.0,1.4E-5,0.025,0.025,0.0,620.0,11.0,0.0,2.8E-15,6.9E-26,0.0,2.9E7,1.0,6.9E8,
5.6999999999999995E-46,0.0017,2500.0,3600.0,5000.0,3699999.9999999995,2300.0,2600.0,7400.0,3900.0,5200.0,0.063,3799999.9999999995,0.0,1.6E-5,0.025,0.025,0.0,620.0,11.0,1.1E-33,2.8E-15,6.299999999999999E-26,0.0,2.7E7,1.0,6.9E8,
5.6999999999999995E-46,0.0017,2500.0,3600.0,5000.0,3699999.9999999995,2300.0,2600.0,7400.0,3900.0,5200.0,0.063,3799999.9999999995,0.0,1.9E-5,0.025,0.025,0.0,620.0,11.0,2.9E-36,2.8E-15,7.0E-26,0.0,2.6E7,1.0,6.9E8,
5.6999999999999995E-46,0.0017,2500.0,3600.0,5000.0,3699999.9999999995,2300.0,2600.0,7400.0,3900.0,5200.0,0.063,3799999.9999999995,0.0,2.0E-5,0.025,0.025,0.0,620.0,11.0,7.7E-39,2.8E-15,7.7E-26,0.0,2.6E7,1.0,6.9E8,
5.6999999999999995E-46,0.0017,2500.0,3600.0,5000.0,3699999.9999999995,2300.0,2600.0,7400.0,3900.0,5200.0,0.063,3799999.9999999995,0.0,1.9E-5,0.025,0.025,0.0,620.0,11.0,2.0E-41,2.8E-15,7.7E-26,0.0,2.6E7,1.0,6.9E8,
5.6999999999999995E-46,0.0017,2500.0,3600.0,5000.0,3699999.9999999995,2300.0,2600.0,7400.0,3900.0,5200.0,0.063,3799999.9999999995,0.0,1.7E-5,0.025,0.025,0.0,600.0,11.0,6.7E-44,2.8E-15,7.3E-26,0.0,2.7E7,1.0,6.9E8,
5.6999999999999995E-46,0.0017,2500.0,3600.0,5000.0,3699999.9999999995,2300.0,2600.0,7400.0,3900.0,5200.0,0.063,3799999.9999999995,0.0,1.5E-5,0.025,0.025,0.0,600.0,11.0,1.3000000000000002E-44,2.8E-15,6.699999999999999E-26,0.0,2.8E7,1.0,6.9E8,
5.6999999999999995E-46,0.0017,2500.0,3600.0,5000.0,3699999.9999999995,2300.0,2600.0,7400.0,3900.0,5200.0,0.063,3799999.9999999995,0.0,1.3E-5,0.025,0.025,0.0,600.0,11.0,5.9E-46,2.8E-15,6.0E-26,0.0,3.0E7,1.0,6.9E8,
5.6999999999999995E-46,0.0017,2500.0,3600.0,5000.0,3699999.9999999995,2300.0,2600.0,7400.0,3900.0,5200.0,0.063,3799999.9999999995,0.0,1.2E-5,0.025,0.025,0.0,600.0,11.0,0.0,2.8E-15,5.3E-26,0.0,3.1E7,1.0,6.9E8,
5.6999999999999995E-46,0.0017,2500.0,3600.0,5000.0,3699999.9999999995,2300.0,2600.0,7400.0,3900.0,5200.0,0.063,3799999.9999999995,0.0,1.2E-5,0.025,0.025,0.0,600.0,11.0,0.0,2.8E-15,4.7E-26,0.0,3.1E7,1.0,6.9E8,
5.6999999999999995E-46,0.0017,2500.0,3600.0,5000.0,3699999.9999999995,2300.0,2600.0,7400.0,3900.0,5200.0,0.063,3799999.9999999995,0.0,1.5E-5,0.025,0.025,0.0,600.0,11.0,0.0,2.8E-15,5.3E-26,0.0,2.8E7,1.0,6.9E8,
5.6999999999999995E-46,0.0017,2500.0,3600.0,5000.0,3699999.9999999995,2300.0,2600.0,7400.0,3900.0,5200.0,0.063,3799999.9999999995,0.0,1.6E-5,0.025,0.025,0.0,590.0,11.0,0.0,2.8E-15,6.1E-26,0.0,2.7E7,1.0,6.9E8,
5.6999999999999995E-46,0.0017,2500.0,3600.0,5000.0,3699999.9999999995,2300.0,2600.0,7400.0,3900.0,5200.0,0.063,3799999.9999999995,0.0,1.6E-5,0.025,0.025,0.0,590.0,11.0,0.0,2.8E-15,6.5E-26,0.0,2.7E7,1.0,6.9E8,
5.6999999999999995E-46,0.0017,2500.0,3600.0,5000.0,3699999.9999999995,2300.0,2600.0,7400.0,3900.0,5200.0,0.063,3799999.9999999995,0.0,1.5E-5,0.025,0.025,0.0,590.0,11.0,0.0,2.8E-15,6.299999999999999E-26,0.0,2.8E7,1.0,6.8E8,
5.6999999999999995E-46,0.0017,2500.0,3600.0,5000.0,3699999.9999999995,2300.0,2600.0,7400.0,3900.0,5200.0,0.063,3799999.9999999995,0.0,1.8E-5,0.025,0.025,0.0,590.0,11.0,0.0,2.8E-15,6.5E-26,0.0,2.6E7,1.0,6.8E8,
5.6999999999999995E-46,0.0017,2500.0,3600.0,5000.0,3699999.9999999995,2300.0,2600.0,7400.0,3900.0,5200.0,0.063,3799999.9999999995,0.0,2.1E-5,0.025,0.025,0.0,590.0,11.0,0.0,2.8E-15,7.5E-26,0.0,2.5E7,1.0,6.8E8,
5.6999999999999995E-46,0.0017,2500.0,3600.0,5000.0,3699999.9999999995,2300.0,2600.0,7400.0,3900.0,5200.0,0.063,3799999.9999999995,0.0,2.1E-5,0.025,0.025,0.0,580.0,11.0,0.0,2.8E-15,8.2E-26,0.0,2.5E7,1.0,6.8E8,
5.6999999999999995E-46,0.0017,2500.0,3600.0,5000.0,3699999.9999999995,2300.0,2600.0,7400.0,3900.0,5200.0,0.063,3799999.9999999995,0.0,2.0E-5,0.025,0.025,0.0,580.0,11.0,0.0,2.8E-15,8.3E-26,0.0,2.5E7,1.0,6.8E8,
5.6999999999999995E-46,0.0017,2500.0,3600.0,5000.0,3699999.9999999995,2300.0,2600.0,7400.0,3900.0,5200.0,0.063,3799999.9999999995,0.0,1.8E-5,0.025,0.025,0.0,580.0,11.0,0.0,2.8E-15,7.8E-26,0.0,2.6E7,1.0,6.8E8,
5.6999999999999995E-46,0.0017,2500.0,3600.0,5000.0,3699999.9999999995,2300.0,2600.0,7400.0,3900.0,5200.0,0.063,3799999.9999999995,0.0,1.6E-5,0.025,0.025,0.0,570.0,11.0,0.0,2.8E-15,7.099999999999999E-26,0.0,2.7E7,1.0,6.8E8,
5.6999999999999995E-46,0.0017,2500.0,3600.0,5000.0,3699999.9999999995,2300.0,2600.0,7400.0,3900.0,5200.0,0.063,3799999.9999999995,0.0,1.4E-5,0.025,0.025,0.0,560.0,11.0,0.0,2.8E-15,6.299999999999999E-26,0.0,2.9E7,1.0,6.8E8,
5.6999999999999995E-46,0.0017,2500.0,3600.0,5000.0,3699999.9999999995,2300.0,2600.0,7400.0,3900.0,5200.0,0.063,3799999.9999999995,0.0,1.2E-5,0.025,0.025,0.0,550.0,11.0,0.0,2.8E-15,5.5E-26,0.0,3.0E7,1.0,6.8E8,
5.6999999999999995E-46,0.0017,2500.0,3600.0,5000.0,3699999.9999999995,2300.0,2600.0,7400.0,3900.0,5200.0,0.063,3799999.9999999995,0.0,1.2E-5,0.025,0.025,0.0,550.0,11.0,0.0,2.8E-15,4.9E-26,0.0,3.0E7,1.0,6.8E8,
5.6999999999999995E-46,0.0017,2500.0,3600.0,5000.0,3699999.9999999995,2300.0,2600.0,7400.0,3900.0,5200.0,0.063,3799999.9999999995,0.0,1.6E-5,0.025,0.025,0.0,550.0,11.0,0.0,2.8E-15,5.6E-26,0.0,2.8E7,1.0,6.8E8,
5.6999999999999995E-46,0.0017,2500.0,3600.0,5000.0,3699999.9999999995,2300.0,2600.0,7400.0,3900.0,5200.0,0.063,3799999.9999999995,0.0,1.7E-5,0.025,0.025,0.0,540.0,11.0,0.0,2.8E-15,6.299999999999999E-26,0.0,2.7E7,1.0,6.8E8,
5.6999999999999995E-46,0.0017,2500.0,3600.0,5000.0,3699999.9999999995,2300.0,2600.0,7400.0,3900.0,5200.0,0.062,3699999.9999999995,0.0,1.7E-5,0.025,0.025,0.0,530.0,11.0,0.0,2.7E-15,6.699999999999999E-26,0.0,2.7E7,1.0,6.8E8,
5.6999999999999995E-46,0.0017,2500.0,3600.0,5000.0,3699999.9999999995,2300.0,2600.0,7400.0,3900.0,5200.0,0.062,3699999.9999999995,0.0,2.1E-5,0.025,0.025,0.0,520.0,11.0,0.0,2.7E-15,7.5E-26,0.0,2.4E7,1.0,6.8E8,
5.6999999999999995E-46,0.0017,2500.0,3600.0,5000.0,3699999.9999999995,2300.0,2600.0,7400.0,3900.0,5200.0,0.062,3699999.9999999995,0.0,2.3E-5,0.025,0.025,0.0,520.0,11.0,0.0,2.7E-15,8.6E-26,0.0,2.4E7,1.0,6.8E8,
5.6999999999999995E-46,0.0017,2500.0,3600.0,5000.0,3699999.9999999995,2300.0,2600.0,7400.0,3900.0,5200.0,0.062,3699999.9999999995,0.0,2.3E-5,0.025,0.025,0.0,510.0,11.0,0.0,2.7E-15,9.0E-26,0.0,2.4E7,1.0,6.8E8,
5.6999999999999995E-46,0.0017,2500.0,3600.0,5000.0,3699999.9999999995,2300.0,2600.0,7400.0,3900.0,5200.0,0.062,3699999.9999999995,0.0,2.1E-5,0.025,0.025,0.0,510.0,11.0,0.0,2.7E-15,8.8E-26,0.0,2.5E7,1.0,6.8E8,
5.6999999999999995E-46,0.0017,2500.0,3600.0,5000.0,3699999.9999999995,2300.0,2600.0,7400.0,3900.0,5200.0,0.062,3699999.9999999995,0.0,1.8E-5,0.025,0.025,0.0,510.0,11.0,0.0,2.7E-15,8.1E-26,0.0,2.6E7,1.0,6.8E8,
5.6999999999999995E-46,0.0017,2500.0,3600.0,5000.0,3699999.9999999995,2300.0,2600.0,7400.0,3900.0,5200.0,0.062,3699999.9999999995,0.0,1.6E-5,0.025,0.025,0.0,510.0,11.0,0.0,2.7E-15,7.3E-26,0.0,2.7E7,1.0,6.8E8,
5.6999999999999995E-46,0.0017,2500.0,3600.0,5000.0,3699999.9999999995,2300.0,2600.0,7400.0,3900.0,5200.0,0.062,3699999.9999999995,0.0,1.4E-5,0.025,0.025,0.0,500.0,11.0,0.0,2.7E-15,6.4E-26,0.0,2.8E7,1.0,6.8E8,
5.6999999999999995E-46,0.0017,2500.0,3600.0,5000.0,3699999.9999999995,2300.0,2600.0,7400.0,3900.0,5200.0,0.062,3699999.9999999995,0.0,1.2E-5,0.025,0.025,0.0,500.0,11.0,0.0,2.7E-15,5.6E-26,0.0,3.0E7,1.0,6.8E8,
5.6999999999999995E-46,0.0017,2500.0,3600.0,5000.0,3699999.9999999995,2300.0,2600.0,7400.0,3900.0,5200.0,0.062,3699999.9999999995,0.0,1.3E-5,0.025,0.025,0.0,500.0,11.0,0.0,2.7E-15,5.2E-26,0.0,2.9E7,1.0,6.7E8,
5.6999999999999995E-46,0.0017,2500.0,3600.0,5000.0,3699999.9999999995,2300.0,2600.0,7400.0,3900.0,5200.0,0.062,3699999.9999999995,0.0,1.6E-5,0.025,0.025,0.0,500.0,11.0,0.0,2.7E-15,5.899999999999999E-26,0.0,2.7E7,1.0,6.7E8,
5.6999999999999995E-46,0.0017,2500.0,3600.0,5000.0,3699999.9999999995,2300.0,2600.0,7400.0,3900.0,5200.0,0.062,3699999.9999999995,0.0,1.7E-5,0.025,0.025,0.0,500.0,11.0,0.0,2.7E-15,6.6E-26,0.0,2.6E7,1.0,6.7E8,
5.6999999999999995E-46,0.0017,2500.0,3600.0,5000.0,3699999.9999999995,2300.0,2600.0,7400.0,3900.0,5200.0,0.062,3699999.9999999995,0.0,1.7E-5,0.025,0.025,0.0,500.0,11.0,0.0,2.7E-15,6.8E-26,0.0,2.6E7,1.0,6.7E8,
5.6999999999999995E-46,0.0017,2500.0,3600.0,5000.0,3699999.9999999995,2300.0,2600.0,7400.0,3900.0,5200.0,0.062,3699999.9999999995,0.0,1.5E-5,0.025,0.025,0.0,490.0,11.0,0.0,2.7E-15,6.6E-26,0.0,2.7E7,1.0,6.7E8,
5.6999999999999995E-46,0.0017,2500.0,3600.0,5000.0,3699999.9999999995,2300.0,2600.0,7400.0,3900.0,5200.0,0.062,3699999.9999999995,0.0,1.4E-5,0.025,0.025,0.0,490.0,11.0,0.0,2.7E-15,6.1E-26,0.0,2.8E7,1.0,6.7E8,
5.6999999999999995E-46,0.0017,2500.0,3600.0,5000.0,3699999.9999999995,2300.0,2600.0,7400.0,3900.0,5200.0,0.062,3699999.9999999995,0.0,1.2E-5,0.025,0.025,0.0,490.0,11.0,0.0,2.7E-15,5.5E-26,0.0,2.9E7,1.0,6.7E8,
5.6999999999999995E-46,0.0017,2500.0,3600.0,5000.0,3699999.9999999995,2300.0,2600.0,7400.0,3900.0,5200.0,0.062,3699999.9999999995,0.0,1.1E-5,0.025,0.025,0.0,480.0,11.0,0.0,2.7E-15,4.9E-26,0.0,3.1E7,1.0,6.7E8,
5.6999999999999995E-46,0.0017,2500.0,3600.0,5000.0,3699999.9999999995,2300.0,2600.0,7400.0,3900.0,5200.0,0.062,3699999.9999999995,0.0,1.0E-5,0.025,0.025,0.0,480.0,11.0,0.0,2.7E-15,4.4E-26,0.0,3.1E7,1.0,6.7E8,
5.6999999999999995E-46,0.0017,2500.0,3600.0,5000.0,3699999.9999999995,2300.0,2600.0,7400.0,3900.0,5200.0,0.062,3699999.9999999995,0.0,1.3E-5,0.025,0.025,0.0,480.0,11.0,0.0,2.7E-15,4.8E-26,0.0,2.8E7,1.0,6.7E8,
5.6999999999999995E-46,0.0017,2500.0,3600.0,5000.0,3699999.9999999995,2300.0,2600.0,7400.0,3900.0,5200.0,0.062,3699999.9999999995,0.0,1.5E-5,0.025,0.025,0.0,470.0,11.0,0.0,2.7E-15,5.6E-26,0.0,2.7E7,1.0,6.7E8,
5.6999999999999995E-46,0.0017,2500.0,3600.0,5000.0,3699999.9999999995,2300.0,2600.0,7400.0,3900.0,5200.0,0.062,3699999.9999999995,0.0,1.5E-5,0.025,0.025,0.0,470.0,11.0,0.0,2.7E-15,6.0E-26,0.0,2.7E7,1.0,6.7E8,
5.6999999999999995E-46,0.0017,2500.0,3600.0,5000.0,3699999.9999999995,2300.0,2600.0,7400.0,3900.0,5200.0,0.062,3699999.9999999995,0.0,1.4E-5,0.025,0.025,0.0,460.0,11.0,0.0,2.7E-15,6.0E-26,0.0,2.8E7,1.0,6.7E8,
5.6999999999999995E-46,0.0017,2500.0,3600.0,5000.0,3699999.9999999995,2300.0,2600.0,7400.0,3900.0,5200.0,0.062,3699999.9999999995,0.0,1.3E-5,0.025,0.025,0.0,460.0,11.0,0.0,2.7E-15,5.7E-26,0.0,2.9E7,1.0,6.7E8,
5.6999999999999995E-46,0.0017,2500.0,3600.0,5000.0,3699999.9999999995,2300.0,2600.0,7400.0,3900.0,5200.0,0.062,3699999.9999999995,0.0,1.2E-5,0.025,0.025,0.0,460.0,11.0,0.0,2.7E-15,5.2E-26,0.0,3.0E7,1.0,6.7E8,
5.6999999999999995E-46,0.0017,2500.0,3600.0,5000.0,3699999.9999999995,2300.0,2600.0,7400.0,3900.0,5200.0,0.062,3699999.9999999995,0.0,1.0E-5,0.025,0.025,0.0,460.0,11.0,0.0,2.7E-15,4.7E-26,0.0,3.1E7,1.0,6.7E8,
5.6999999999999995E-46,0.0017,2500.0,3600.0,5000.0,3699999.9999999995,2300.0,2600.0,7400.0,3900.0,5200.0,0.062,3699999.9999999995,0.0,9.2E-6,0.025,0.025,0.0,460.0,11.0,0.0,2.7E-15,4.2E-26,0.0,3.3E7,1.0,6.7E8,
5.6999999999999995E-46,0.0017,2500.0,3600.0,5000.0,3699999.9999999995,2300.0,2600.0,7400.0,3900.0,5200.0,0.062,3699999.9999999995,0.0,1.2E-5,0.025,0.025,0.0,450.0,11.0,0.0,2.7E-15,4.2E-26,0.0,3.0E7,1.0,6.7E8,
5.6999999999999995E-46,0.0017,2500.0,3600.0,5000.0,3699999.9999999995,2300.0,2600.0,7400.0,3900.0,5200.0,0.062,3699999.9999999995,0.0,1.4E-5,0.025,0.025,0.0,450.0,11.0,0.0,2.7E-15,5.0E-26,0.0,2.8E7,1.0,6.7E8,
5.6999999999999995E-46,0.0017,2500.0,3600.0,5000.0,3699999.9999999995,2300.0,2600.0,7400.0,3900.0,5200.0,0.062,3699999.9999999995,0.0,1.5E-5,0.025,0.025,0.0,440.0,11.0,0.0,2.7E-15,5.6E-26,0.0,2.8E7,1.0,6.7E8,
5.6999999999999995E-46,0.0017,2500.0,3600.0,5000.0,3699999.9999999995,2300.0,2600.0,7400.0,3900.0,5200.0,0.062,3699999.9999999995,0.0,1.4E-5,0.025,0.025,0.0,440.0,11.0,0.0,2.7E-15,5.8E-26,0.0,2.8E7,1.0,6.7E8,
5.6999999999999995E-46,0.0017,2500.0,3600.0,5000.0,3699999.9999999995,2300.0,2600.0,7400.0,3900.0,5200.0,0.062,3699999.9999999995,0.0,1.3E-5,0.025,0.025,0.0,440.0,11.0,0.0,2.7E-15,5.6E-26,0.0,2.9E7,1.0,6.7E8,
5.6999999999999995E-46,0.0017,2500.0,3600.0,5000.0,3699999.9999999995,2300.0,2600.0,7400.0,3900.0,5200.0,0.062,3699999.9999999995,0.0,1.2E-5,0.025,0.025,0.0,440.0,11.0,0.0,2.7E-15,5.2E-26,0.0,3.0E7,1.0,6.7E8,
5.6999999999999995E-46,0.0017,2500.0,3600.0,5000.0,3699999.9999999995,2300.0,2600.0,7400.0,3900.0,5200.0,0.062,3699999.9999999995,0.0,1.0E-5,0.025,0.025,0.0,440.0,11.0,0.0,2.7E-15,4.7E-26,0.0,3.1E7,1.0,6.7E8,
5.6999999999999995E-46,0.0017,2500.0,3600.0,5000.0,3699999.9999999995,2300.0,2600.0,7400.0,3900.0,5200.0,0.062,3699999.9999999995,0.0,9.2E-6,0.025,0.025,0.0,440.0,11.0,0.0,2.7E-15,4.2E-26,0.0,3.3E7,1.0,6.7E8,
5.6999999999999995E-46,0.0017,2500.0,3600.0,5000.0,3599999.9999999995,2300.0,2600.0,7400.0,3900.0,5200.0,0.061,3699999.9999999995,0.0,1.1E-5,0.025,0.025,0.0,430.0,11.0,0.0,2.7E-15,4.0E-26,0.0,3.1E7,1.0,6.6E8,
5.6999999999999995E-46,0.0017,2500.0,3600.0,5000.0,3599999.9999999995,2300.0,2600.0,7400.0,3900.0,5200.0,0.061,3699999.9999999995,0.0,1.3E-5,0.025,0.025,0.0,430.0,11.0,0.0,2.7E-15,4.7E-26,0.0,2.8E7,1.0,6.6E8,
5.6999999999999995E-46,0.0017,2500.0,3600.0,5000.0,3599999.9999999995,2300.0,2600.0,7400.0,3900.0,5200.0,0.061,3699999.9999999995,0.0,1.5E-5,0.025,0.025,0.0,430.0,11.0,0.0,2.7E-15,5.5E-26,0.0,2.7E7,1.0,6.6E8,
5.6999999999999995E-46,0.0017,2500.0,3600.0,5000.0,3599999.9999999995,2300.0,2600.0,7400.0,3900.0,5200.0,0.061,3699999.9999999995,0.0,1.5E-5,0.025,0.025,0.0,430.0,11.0,0.0,2.7E-15,5.899999999999999E-26,0.0,2.7E7,1.0,6.6E8,
5.6999999999999995E-46,0.0017,2500.0,3600.0,5000.0,3599999.9999999995,2300.0,2600.0,7400.0,3900.0,5200.0,0.061,3699999.9999999995,0.0,1.4E-5,0.025,0.025,0.0,420.0,11.0,0.0,2.7E-15,5.899999999999999E-26,0.0,2.8E7,1.0,6.6E8,
5.6999999999999995E-46,0.0017,2500.0,3600.0,5000.0,3599999.9999999995,2300.0,2600.0,7400.0,3900.0,5200.0,0.061,3699999.9999999995,0.0,1.3E-5,0.025,0.025,0.0,420.0,11.0,0.0,2.7E-15,5.5E-26,0.0,2.9E7,1.0,6.6E8,
5.6999999999999995E-46,0.0017,2500.0,3600.0,5000.0,3599999.9999999995,2300.0,2600.0,7400.0,3900.0,5200.0,0.061,3699999.9999999995,0.0,1.1E-5,0.025,0.025,0.0,420.0,11.0,0.0,2.7E-15,5.0E-26,0.0,3.0E7,1.0,6.6E8,
2.5E-45,0.016,4300.0,91000.0,18000.0,4900000.0,22000.0,4600.0,9700.0,3900.0,9600.0,0.062,5000000.0,0.0,2.7E-5,0.069,0.069,0.0,610.0,26.0,1.1E-9,2.9E-15,2.5E-21,0.0,3.1E7,1.0,6.9E8,
2.1E-45,0.013,4300.0,91000.0,230.0,4800000.0,22000.0,4600.0,9600.0,3900.0,2000.0,0.062,5000000.0,0.0,8.0E-6,0.044,0.044,0.0,610.0,5.9,8.3E-12,2.9E-15,7.799999999999999E-22,0.0,2.8E7,1.0,6.9E8,
1.1999999999999999E-46,7.6E-4,4300.0,580.0,230.0,4800000.0,6800.0,4600.0,2100.0,3900.0,2000.0,0.062,4800000.0,0.0,9.2E-6,0.019,0.019,0.0,610.0,5.7,4.3E-13,2.9E-15,2.5E-23,0.0,2.6E7,1.0,6.9E8,
1.1999999999999999E-46,7.1E-4,4300.0,580.0,230.0,4400000.0,6800.0,4600.0,2100.0,3900.0,2000.0,0.062,4400000.0,0.0,1.0E-5,0.018,0.018,0.0,610.0,5.3,8.0E-15,2.9E-15,1.1E-23,0.0,2.4E7,1.0,6.8E8,
1.1E-46,6.9E-4,4300.0,570.0,230.0,4300000.0,6800.0,4500.0,2100.0,3900.0,2000.0,0.061,4300000.0,0.0,1.2E-5,0.017,0.017,0.0,610.0,5.1,1.5E-16,2.9E-15,4.7E-24,0.0,2.3E7,1.0,6.8E8,
1.0E-46,6.4E-4,4200.0,570.0,230.0,3899999.9999999995,6800.0,4500.0,2100.0,3900.0,2000.0,0.061,3899999.9999999995,0.0,1.2E-5,0.016,0.016,0.0,610.0,4.7,2.0E-17,2.9E-15,2.9E-24,0.0,2.2E7,1.0,6.8E8,
1.0E-46,6.2E-4,4200.0,570.0,230.0,3699999.9999999995,6700.0,4500.0,2100.0,3900.0,2000.0,0.061,3699999.9999999995,0.0,1.3E-5,0.016,0.016,0.0,610.0,4.5,3.8E-19,2.9E-15,1.2999999999999998E-24,0.0,2.1E7,1.0,6.8E8,
1.0E-46,6.1E-4,4200.0,570.0,230.0,3699999.9999999995,6700.0,4500.0,2100.0,3900.0,2000.0,0.061,3699999.9999999995,0.0,1.5E-5,0.016,0.016,0.0,610.0,4.5,2.7E-21,2.9E-15,5.099999999999999E-25,0.0,2.0E7,1.0,6.8E8,
1.7E-46,0.0057,40000.0,20000.0,230.0,4900000.0,6700.0,4500.0,2100.0,11000.0,2000.0,0.062,5000000.0,0.0,3.1,0.018,0.018,0.0,660.0,5.6,3.7E-8,2.9E-15,2.3E-21,0.0,2.0E7,1.0,6.9E8,
5.199999999999999E-47,0.0017,2600.0,2800.0,230.0,4800000.0,6700.0,4500.0,2100.0,3800.0,2000.0,0.061,4800000.0,0.0,3.4E-5,0.015,0.015,0.0,650.0,8.5,7.1E-10,2.9E-15,3.2E-22,0.0,1.9E7,1.0,6.9E8,
4.8999999999999995E-47,0.0016,2600.0,2800.0,230.0,4300000.0,6700.0,4500.0,2100.0,3800.0,2000.0,0.061,4300000.0,0.0,3.3E-5,0.013,0.013,0.0,650.0,7.6,3.6E-11,2.9E-15,1.7E-22,0.0,1.9E7,1.0,6.9E8,
4.7E-47,0.0016,2600.0,2800.0,230.0,3899999.9999999995,6700.0,4500.0,2100.0,3800.0,2000.0,0.061,3999999.9999999995,0.0,3.4E-5,0.013,0.013,0.0,640.0,7.1,6.7E-13,2.9E-15,7.1E-23,0.0,1.8E7,1.0,6.8E8,
4.5E-47,0.0015,2600.0,2800.0,230.0,3699999.9999999995,6700.0,4500.0,2100.0,3800.0,2000.0,0.06,3699999.9999999995,0.0,3.5E-5,0.012,0.012,0.0,640.0,6.7,1.3E-14,2.9E-15,3.1E-23,0.0,1.7E7,1.0,6.8E8,
2.7000000000000002E-45,0.022,47000.0,110000.0,18000.0,5000000.0,20000.0,6000.0,4000.0,3800.0,2000.0,0.061,5200000.0,0.0,2.1,0.037,0.037,0.0,710.0,12.0,2.4E-9,2.9E-15,3.8E-21,0.0,1.7E7,1.0,6.9E8,
2.5999999999999998E-46,0.0021,4500.0,2900.0,5000.0,4700000.0,2100.0,6000.0,4000.0,3800.0,2000.0,0.06,4800000.0,0.0,3.5E-5,0.014,0.014,0.0,700.0,6.0,1.3E-10,2.9E-15,1.9999999999999999E-22,0.0,1.7E7,1.0,6.9E8,
2.5999999999999998E-46,0.0021,4500.0,2900.0,5000.0,4400000.0,2100.0,6000.0,4000.0,3800.0,2000.0,0.06,4500000.0,0.0,3.6E-5,0.013,0.013,0.0,700.0,5.8,2.4E-12,2.9E-15,9.000000000000001E-23,0.0,1.6E7,1.0,6.9E8,
2.5E-46,0.002,4500.0,2900.0,5000.0,4099999.9999999995,2100.0,6000.0,4000.0,3800.0,2000.0,0.06,4099999.9999999995,0.0,3.6E-5,0.013,0.013,0.0,700.0,5.6,4.5E-14,2.9E-15,3.9E-23,0.0,1.6E7,1.0,6.8E8,
2.3999999999999997E-46,0.002,4500.0,2900.0,5000.0,3699999.9999999995,2100.0,6000.0,4000.0,3800.0,2000.0,0.059,3699999.9999999995,0.0,3.5E-5,0.012,0.012,0.0,700.0,5.4,1.7E-14,2.9E-15,3.1E-23,0.0,1.6E7,1.0,6.8E8,
2.3999999999999997E-46,0.002,4500.0,2900.0,5000.0,3699999.9999999995,2100.0,6000.0,4000.0,3800.0,2000.0,0.059,3699999.9999999995,0.0,3.6E-5,0.012,0.012,0.0,700.0,5.4,4.3E-17,2.9E-15,9.499999999999999E-24,0.0,1.6E7,1.0,6.8E8,
2.3999999999999997E-46,0.002,4500.0,2900.0,5000.0,3699999.9999999995,2100.0,6000.0,4000.0,3800.0,2000.0,0.059,3699999.9999999995,0.0,3.2E-5,0.012,0.012,0.0,700.0,5.4,1.1E-19,2.9E-15,2.9999999999999996E-24,0.0,1.6E7,1.0,6.8E8,
2.3999999999999997E-46,0.002,4500.0,2900.0,5000.0,3699999.9999999995,2100.0,6000.0,4000.0,3800.0,2000.0,0.059,3699999.9999999995,0.0,2.8E-5,0.012,0.012,0.0,690.0,5.4,2.8999999999999997E-22,2.9E-15,9.8E-25,0.0,1.7E7,1.0,6.8E8,
2.3999999999999997E-46,0.002,4500.0,2900.0,5000.0,3699999.9999999995,2100.0,6000.0,4000.0,3800.0,2000.0,0.059,3699999.9999999995,0.0,2.3E-5,0.012,0.012,0.0,690.0,5.4,7.699999999999999E-25,2.9E-15,3.6999999999999996E-25,0.0,1.8E7,1.0,6.8E8,
8.8E-46,0.0043,4900.0,23000.0,8.0,4900000.0,2100.0,6000.0,7400.0,6200.0,4500.0,0.06,5000000.0,0.0,1.6E-5,0.059,0.059,0.0,720.0,3.4,1.3E-10,2.9E-15,6.1E-22,0.0,1.8E7,1.0,6.9E8,
3.0999999999999997E-46,0.0015,4900.0,5300.0,8.0,4600000.0,2100.0,6000.0,7400.0,6200.0,4500.0,0.06,4600000.0,0.0,1.6E-5,0.048,0.048,0.0,710.0,3.2,1.8E-11,2.9E-15,1.5E-22,0.0,1.8E7,1.0,6.9E8,
3.0E-46,0.0015,4900.0,5300.0,8.0,4200000.0,2100.0,6000.0,7400.0,6200.0,4500.0,0.059,4200000.0,0.0,1.5E-5,0.046,0.046,0.0,710.0,2.9,9.1E-13,2.9E-15,7.700000000000001E-23,0.0,1.7E7,1.0,6.9E8,
1.2E-45,0.0065,81000.0,49000.0,1700.0,4900000.0,2100.0,6000.0,7400.0,6100.0,4500.0,0.06,5000000.0,0.0,0.77,0.056,0.056,0.0,730.0,3.6,9.9E-10,2.9E-15,8.399999999999999E-22,0.0,1.7E7,1.0,7.0E8,
1.6E-46,8.7E-4,860.0,970.0,1700.0,4700000.0,2100.0,6000.0,7400.0,6100.0,4500.0,0.06,4700000.0,0.0,2.5E-5,0.037,0.037,0.0,720.0,4.2,7.3E-12,2.9E-15,4.1E-23,0.0,1.7E7,1.0,6.9E8,
2.8E-46,9.5E-4,1600.0,2200.0,1700.0,4900000.0,2100.0,6000.0,7400.0,6100.0,4500.0,0.06,4900000.0,0.0,2.7E-5,0.037,0.037,0.0,720.0,4.4,1.4E-10,2.9E-15,1.8999999999999999E-22,0.0,1.6E7,1.0,7.0E8,
2.7E-46,9.2E-4,1600.0,2200.0,1700.0,4700000.0,2100.0,6000.0,7400.0,6100.0,4500.0,0.059,4700000.0,0.0,2.8E-5,0.036,0.036,0.0,700.0,4.2,9.9E-13,2.9E-15,6.900000000000001E-23,0.0,1.6E7,1.0,6.9E8,
2.5999999999999998E-46,8.8E-4,1600.0,2200.0,1700.0,4300000.0,2100.0,6000.0,7400.0,6100.0,4500.0,0.059,4300000.0,0.0,2.7E-5,0.034,0.034,0.0,690.0,3.9,5.0E-14,2.9E-15,3.6E-23,0.0,1.6E7,1.0,6.9E8,
2.5E-46,8.6E-4,1600.0,2100.0,1700.0,4099999.9999999995,2100.0,6000.0,7300.0,6100.0,4500.0,0.059,4099999.9999999995,0.0,2.7E-5,0.033,0.033,0.0,690.0,3.8,9.4E-16,2.9E-15,1.6000000000000002E-23,0.0,1.5E7,1.0,6.9E8,
2.3999999999999997E-46,8.2E-4,1600.0,2100.0,1700.0,3699999.9999999995,2100.0,6000.0,7300.0,6100.0,4500.0,0.058,3799999.9999999995,0.0,2.6E-5,0.032,0.032,0.0,690.0,3.6,6.6E-18,2.9E-15,5.699999999999999E-24,0.0,1.5E7,1.0,6.9E8,
2.3999999999999997E-46,8.2E-4,1600.0,2100.0,1700.0,3699999.9999999995,2100.0,6000.0,7300.0,6100.0,4500.0,0.058,3799999.9999999995,0.0,2.3E-5,0.032,0.032,0.0,680.0,3.6,1.7E-20,2.9E-15,1.7999999999999997E-24,0.0,1.6E7,1.0,6.9E8,
2.3999999999999997E-46,8.2E-4,1600.0,2100.0,1700.0,3699999.9999999995,2100.0,6000.0,7300.0,6100.0,4500.0,0.058,3799999.9999999995,0.0,2.0E-5,0.032,0.032,0.0,680.0,3.6,4.5000000000000003E-23,2.9E-15,6.0E-25,0.0,1.7E7,1.0,6.9E8,
2.3999999999999997E-46,8.2E-4,1600.0,2100.0,1700.0,3699999.9999999995,2100.0,6000.0,7300.0,6100.0,4500.0,0.058,3799999.9999999995,0.0,1.6E-5,0.032,0.032,0.0,680.0,3.6,1.2E-25,2.9E-15,2.3E-25,0.0,1.8E7,1.0,6.9E8,
2.3999999999999997E-46,8.2E-4,1600.0,2100.0,1700.0,3699999.9999999995,2100.0,6000.0,7300.0,6100.0,4500.0,0.058,3699999.9999999995,0.0,1.4E-5,0.032,0.032,0.0,680.0,3.6,3.0000000000000005E-28,2.8E-15,1.0999999999999999E-25,0.0,1.9E7,1.0,6.8E8,
2.3999999999999997E-46,8.2E-4,1600.0,2100.0,1700.0,3699999.9999999995,2100.0,6000.0,7300.0,6100.0,4500.0,0.058,3699999.9999999995,0.0,1.5E-5,0.032,0.032,0.0,680.0,3.6,7.9E-31,2.8E-15,7.8E-26,0.0,1.8E7,1.0,6.8E8,
2.3999999999999997E-46,8.2E-4,1600.0,2100.0,1700.0,3699999.9999999995,2100.0,6000.0,7300.0,6100.0,4500.0,0.058,3699999.9999999995,0.0,1.5E-5,0.032,0.032,0.0,680.0,3.6,2.1000000000000003E-33,2.8E-15,6.699999999999999E-26,0.0,1.9E7,1.0,6.8E8,
2.3999999999999997E-46,8.2E-4,1600.0,2100.0,1700.0,3699999.9999999995,2100.0,6000.0,7300.0,6100.0,4500.0,0.058,3699999.9999999995,0.0,1.3E-5,0.032,0.032,0.0,680.0,3.6,5.4E-36,2.8E-15,6.1E-26,0.0,1.9E7,1.0,6.8E8,
2.3999999999999997E-46,8.2E-4,1600.0,2100.0,1700.0,3699999.9999999995,2100.0,6000.0,7300.0,6100.0,4500.0,0.058,3699999.9999999995,0.0,1.1E-5,0.032,0.032,0.0,680.0,3.6,1.4E-38,2.8E-15,5.3E-26,0.0,2.0E7,1.0,6.8E8,
2.3999999999999997E-46,8.2E-4,1600.0,2100.0,1700.0,3699999.9999999995,2100.0,6000.0,7300.0,6100.0,4500.0,0.058,3699999.9999999995,0.0,9.4E-6,0.032,0.032,0.0,680.0,3.6,7.7E-41,2.8E-15,4.6E-26,0.0,2.2E7,1.0,6.8E8,
2.3999999999999997E-46,8.2E-4,1600.0,2100.0,1700.0,3699999.9999999995,2100.0,6000.0,7300.0,6100.0,4500.0,0.058,3699999.9999999995,0.0,7.9E-6,0.032,0.032,0.0,680.0,3.6,0.0,2.8E-15,3.9E-26,0.0,2.3E7,1.0,6.8E8,
2.3999999999999997E-46,8.2E-4,1600.0,2100.0,1700.0,3699999.9999999995,2100.0,6000.0,7300.0,6100.0,4500.0,0.058,3699999.9999999995,0.0,6.7E-6,0.032,0.032,0.0,670.0,3.6,0.0,2.8E-15,3.3E-26,0.0,2.5E7,1.0,6.8E8,
2.3999999999999997E-46,8.2E-4,1600.0,2100.0,1700.0,3699999.9999999995,2100.0,6000.0,7300.0,6100.0,4500.0,0.058,3699999.9999999995,0.0,5.6E-6,0.032,0.032,0.0,670.0,3.6,0.0,2.8E-15,2.7E-26,0.0,2.6E7,1.0,6.8E8,
2.3999999999999997E-46,8.2E-4,1600.0,2100.0,1700.0,3699999.9999999995,2100.0,6000.0,7300.0,6100.0,4500.0,0.058,3699999.9999999995,0.0,6.7E-6,0.032,0.032,0.0,670.0,3.6,0.0,2.8E-15,2.6E-26,0.0,2.5E7,1.0,6.8E8,
2.3999999999999997E-46,8.2E-4,1600.0,2100.0,1700.0,3699999.9999999995,2100.0,6000.0,7300.0,6100.0,4500.0,0.058,3699999.9999999995,0.0,7.5E-6,0.032,0.032,0.0,670.0,3.6,0.0,2.8E-15,2.9E-26,0.0,2.4E7,1.0,6.8E8,
2.3999999999999997E-46,8.2E-4,1600.0,2100.0,1700.0,3699999.9999999995,2100.0,6000.0,7300.0,6100.0,4500.0,0.058,3699999.9999999995,0.0,7.4E-6,0.032,0.032,0.0,670.0,3.6,0.0,2.8E-15,3.1E-26,0.0,2.4E7,1.0,6.8E8,
2.3999999999999997E-46,8.2E-4,1600.0,2100.0,1700.0,3699999.9999999995,2100.0,6000.0,7300.0,6100.0,4500.0,0.058,3699999.9999999995,0.0,6.9E-6,0.032,0.032,0.0,670.0,3.6,0.0,2.8E-15,3.0E-26,0.0,2.4E7,1.0,6.8E8,
2.3999999999999997E-46,8.2E-4,1600.0,2100.0,1700.0,3699999.9999999995,2100.0,6000.0,7300.0,6100.0,4500.0,0.058,3699999.9999999995,0.0,6.1E-6,0.032,0.032,0.0,660.0,3.6,0.0,2.8E-15,2.8E-26,0.0,2.5E7,1.0,6.8E8,
2.3999999999999997E-46,8.2E-4,1600.0,2100.0,1700.0,3699999.9999999995,2100.0,6000.0,7300.0,6100.0,4500.0,0.058,3699999.9999999995,0.0,5.4E-6,0.032,0.032,0.0,660.0,3.6,0.0,2.8E-15,2.5E-26,0.0,2.7E7,1.0,6.8E8,
2.3999999999999997E-46,8.2E-4,1600.0,2100.0,1700.0,3699999.9999999995,2100.0,6000.0,7300.0,6100.0,4500.0,0.058,3699999.9999999995,0.0,4.7E-6,0.032,0.032,0.0,650.0,3.6,0.0,2.8E-15,2.2E-26,0.0,2.8E7,1.0,6.8E8,
1.2E-45,0.0092,3100.0,39000.0,660.0,5000000.0,2200.0,6000.0,7300.0,6100.0,4500.0,0.059,5000000.0,0.0,0.83,0.044,0.044,0.0,690.0,5.4,2.3E-10,2.9E-15,1.1E-21,0.0,2.9E7,1.0,7.0E8,
1.7E-46,0.0014,3100.0,1100.0,660.0,4700000.0,2200.0,6000.0,7300.0,6100.0,4500.0,0.059,4800000.0,0.0,8.7E-6,0.031,0.031,0.0,680.0,5.9,1.2E-11,2.9E-15,8.6E-23,0.0,2.8E7,1.0,6.9E8,
1.6E-46,0.0012,3100.0,1100.0,660.0,4099999.9999999995,2200.0,6000.0,7300.0,6100.0,4500.0,0.058,4099999.9999999995,0.0,9.0E-6,0.028,0.028,0.0,670.0,5.2,5.8E-13,2.9E-15,4.2E-23,0.0,2.6E7,1.0,6.9E8,
1.5E-46,0.0012,3100.0,1100.0,660.0,3799999.9999999995,2200.0,5900.0,7300.0,6100.0,4500.0,0.058,3799999.9999999995,0.0,1.0E-5,0.027,0.027,0.0,680.0,4.9,1.1E-14,2.9E-15,1.8E-23,0.0,2.4E7,1.0,6.9E8,
1.5E-46,0.0011,3100.0,1100.0,660.0,3699999.9999999995,2200.0,5900.0,7300.0,6100.0,4500.0,0.058,3799999.9999999995,0.0,1.2E-5,0.027,0.027,0.0,670.0,4.8,7.6E-17,2.9E-15,6.6E-24,0.0,2.3E7,1.0,6.9E8,
1.5E-46,0.0011,3100.0,1100.0,660.0,3699999.9999999995,2200.0,5900.0,7300.0,6100.0,4500.0,0.058,3799999.9999999995,0.0,1.3E-5,0.027,0.027,0.0,650.0,4.8,2.0E-19,2.9E-15,2.0E-24,0.0,2.2E7,1.0,6.9E8,
1.5E-46,0.0011,3100.0,1100.0,660.0,3699999.9999999995,2200.0,5900.0,7300.0,6100.0,4500.0,0.058,3799999.9999999995,0.0,1.2E-5,0.027,0.027,0.0,650.0,4.8,5.2E-22,2.9E-15,6.5E-25,0.0,2.2E7,1.0,6.9E8,
1.5E-46,0.0011,3100.0,1100.0,660.0,3699999.9999999995,2200.0,5900.0,7300.0,6100.0,4500.0,0.058,3799999.9999999995,0.0,1.1E-5,0.027,0.027,0.0,650.0,4.8,1.3999999999999999E-24,2.9E-15,2.3E-25,0.0,2.3E7,1.0,6.9E8,
1.5E-46,0.0011,3100.0,1100.0,660.0,3699999.9999999995,2200.0,5900.0,7300.0,6100.0,4500.0,0.058,3799999.9999999995,0.0,9.8E-6,0.027,0.027,0.0,640.0,4.8,4.2E-27,2.9E-15,9.9E-26,0.0,2.4E7,1.0,6.9E8,
1.5E-46,0.0011,3100.0,1100.0,660.0,3699999.9999999995,2200.0,5900.0,7300.0,6100.0,4500.0,0.058,3799999.9999999995,0.0,8.5E-6,0.027,0.027,0.0,640.0,4.8,1.0E-29,2.9E-15,5.6E-26,0.0,2.5E7,1.0,6.9E8,
1.5E-46,0.0011,3100.0,1100.0,660.0,3699999.9999999995,2200.0,5900.0,7300.0,6100.0,4500.0,0.058,3799999.9999999995,0.0,7.3E-6,0.027,0.027,0.0,630.0,4.8,2.2E-32,2.9E-15,4.0E-26,0.0,2.7E7,1.0,6.9E8,
1.5E-46,0.0011,3100.0,1100.0,660.0,3699999.9999999995,2200.0,5900.0,7300.0,6100.0,4500.0,0.058,3799999.9999999995,0.0,6.3E-6,0.027,0.027,0.0,620.0,4.8,2.3E-34,2.9E-15,3.1E-26,0.0,2.8E7,1.0,6.9E8,
1.5E-46,0.0011,3100.0,1100.0,660.0,3699999.9999999995,2200.0,5900.0,7300.0,6100.0,4500.0,0.058,3799999.9999999995,0.0,6.8E-6,0.027,0.027,0.0,610.0,4.8,5.4E-36,2.9E-15,2.8E-26,0.0,2.8E7,1.0,6.9E8,
1.5E-46,0.0011,3100.0,1100.0,660.0,3699999.9999999995,2200.0,5900.0,7300.0,6100.0,4500.0,0.058,3799999.9999999995,0.0,8.1E-6,0.027,0.027,0.0,610.0,4.8,1.4E-38,2.9E-15,3.1E-26,0.0,2.6E7,1.0,6.9E8,
1.5E-46,0.0011,3100.0,1100.0,660.0,3699999.9999999995,2200.0,5900.0,7300.0,6100.0,4500.0,0.058,3799999.9999999995,0.0,8.5E-6,0.027,0.027,0.0,610.0,4.8,3.6999999999999997E-41,2.9E-15,3.4E-26,0.0,2.5E7,1.0,6.9E8,
1.5E-46,0.0011,3100.0,1100.0,660.0,3699999.9999999995,2200.0,5900.0,7300.0,6100.0,4500.0,0.057,3799999.9999999995,0.0,8.2E-6,0.027,0.027,0.0,600.0,4.8,9.500000000000001E-44,2.8E-15,3.4E-26,0.0,2.6E7,1.0,6.8E8,
1.5E-46,0.0011,3100.0,1100.0,660.0,3699999.9999999995,2200.0,5900.0,7300.0,6100.0,4500.0,0.057,3699999.9999999995,0.0,9.0E-6,0.027,0.027,0.0,590.0,4.8,2.5E-46,2.8E-15,3.4E-26,0.0,2.5E7,1.0,6.8E8,
1.5E-46,0.0011,3100.0,1100.0,660.0,3699999.9999999995,2200.0,5900.0,7300.0,6100.0,4500.0,0.057,3699999.9999999995,0.0,1.0E-5,0.027,0.027,0.0,580.0,4.8,6.5E-49,2.8E-15,3.9E-26,0.0,2.3E7,1.0,6.8E8,
1.5E-46,0.0011,3100.0,1100.0,660.0,3699999.9999999995,2200.0,5900.0,7300.0,6100.0,4500.0,0.057,3699999.9999999995,0.0,1.1E-5,0.027,0.027,0.0,580.0,4.8,1.7E-51,2.8E-15,4.3E-26,0.0,2.3E7,1.0,6.8E8,
1.5E-46,0.0011,3100.0,1100.0,660.0,3699999.9999999995,2200.0,5900.0,7300.0,6100.0,4500.0,0.057,3699999.9999999995,0.0,9.9E-6,0.027,0.027,0.0,580.0,4.8,4.4E-54,2.8E-15,4.3E-26,0.0,2.4E7,1.0,6.8E8,
1.5E-46,0.0011,3100.0,1100.0,660.0,3699999.9999999995,2200.0,5900.0,7300.0,6100.0,4500.0,0.057,3699999.9999999995,0.0,8.9E-6,0.027,0.027,0.0,580.0,4.8,1.2E-56,2.8E-15,4.0E-26,0.0,2.5E7,1.0,6.8E8,
1.5E-46,0.0011,3100.0,1100.0,660.0,3699999.9999999995,2200.0,5900.0,7300.0,6100.0,4500.0,0.057,3699999.9999999995,0.0,7.8E-6,0.027,0.027,0.0,570.0,4.8,1.1E-57,2.8E-15,3.6E-26,0.0,2.6E7,1.0,6.8E8,
1.5E-46,0.0011,3100.0,1100.0,660.0,3699999.9999999995,2200.0,5900.0,7300.0,6100.0,4500.0,0.057,3699999.9999999995,0.0,6.8E-6,0.027,0.027,0.0,570.0,4.8,0.0,2.8E-15,3.2E-26,0.0,2.7E7,1.0,6.8E8,
1.5E-46,0.0011,3100.0,1100.0,660.0,3699999.9999999995,2200.0,5900.0,7300.0,6100.0,4500.0,0.057,3699999.9999999995,0.0,5.9E-6,0.027,0.027,0.0,570.0,4.8,0.0,2.8E-15,2.8E-26,0.0,2.9E7,1.0,6.8E8,
1.5E-46,0.0011,3100.0,1100.0,660.0,3699999.9999999995,2200.0,5900.0,7300.0,6100.0,4500.0,0.057,3699999.9999999995,0.0,5.5E-6,0.027,0.027,0.0,570.0,4.8,1.0E-58,2.8E-15,2.4E-26,0.0,2.9E7,1.0,6.8E8,
1.5E-46,0.0011,3100.0,1100.0,660.0,3699999.9999999995,2200.0,5900.0,7300.0,6100.0,4500.0,0.057,3699999.9999999995,0.0,7.0E-6,0.027,0.027,0.0,560.0,4.8,2.5999999999999998E-61,2.8E-15,2.6E-26,0.0,2.7E7,1.0,6.8E8,
1.5E-46,0.0011,3100.0,1100.0,660.0,3699999.9999999995,2200.0,5900.0,7300.0,6100.0,4500.0,0.057,3699999.9999999995,0.0,7.8E-6,0.027,0.027,0.0,560.0,4.8,6.8E-64,2.8E-15,3.0E-26,0.0,2.6E7,1.0,6.8E8,
1.5E-46,0.0011,3100.0,1100.0,660.0,3699999.9999999995,2200.0,5900.0,7300.0,6100.0,4500.0,0.057,3699999.9999999995,0.0,7.7E-6,0.027,0.027,0.0,550.0,4.8,1.8E-66,2.8E-15,3.2E-26,0.0,2.6E7,1.0,6.8E8,
1.5E-46,0.0011,3100.0,1100.0,660.0,3699999.9999999995,2200.0,5900.0,7300.0,6100.0,4500.0,0.057,3699999.9999999995,0.0,7.2E-6,0.027,0.027,0.0,550.0,4.8,4.799999999999999E-69,2.8E-15,3.1E-26,0.0,2.7E7,1.0,6.8E8,
