RabA,RabB,RabC,RabD,RabE,RabF,RabG,RabH,RabI,xER,xPM,
9128000.0,2654000.0,1522000.0,7340000.0,4168000.0,944600.0,1821000.0,2826000.0,1741000.0,9700000.0,9764000.0,
9115000.0,2650000.0,1520000.0,7302000.0,4098000.0,944500.0,1821000.0,2826000.0,1843000.0,9598000.0,9695000.0,
8966000.0,2649000.0,1519000.0,7226000.0,4078000.0,944500.0,1820000.0,2825000.0,1842000.0,9598000.0,9738000.0,
8800000.0,2576000.0,1517000.0,7107000.0,4066000.0,944300.0,1819000.0,2825000.0,1842000.0,9646000.0,9750000.0,
8709000.0,2575000.0,1517000.0,7041000.0,4043000.0,944100.0,1819000.0,2825000.0,1842000.0,9695000.0,9773000.0,
8698000.0,2544000.0,1517000.0,6991000.0,4030000.0,944000.0,1819000.0,2825000.0,1927000.0,9610000.0,9722000.0,
8469000.0,2537000.0,1516000.0,6966000.0,4007000.0,943900.0,1818000.0,2825000.0,1926000.0,9706000.0,9744000.0,
8304000.0,2536000.0,1516000.0,6956000.0,4007000.0,943900.0,1818000.0,2824000.0,1926000.0,9803000.0,9744000.0,
8207000.0,2514000.0,1491000.0,6922000.0,3971000.0,943900.0,1818000.0,2824000.0,1980000.0,9799000.0,9728000.0,
8165000.0,2488000.0,1489000.0,6824000.0,3918000.0,943800.0,1818000.0,2824000.0,2047000.0,9730000.0,9649000.0,
7895000.0,2462000.0,1488000.0,6803000.0,3918000.0,943800.0,1818000.0,2824000.0,2046000.0,9779000.0,9697000.0,
7858000.0,2460000.0,1488000.0,6802000.0,3874000.0,943800.0,1818000.0,2824000.0,2046000.0,9779000.0,9741000.0,
8014000.0,2458000.0,1488000.0,6792000.0,3874000.0,943800.0,1818000.0,2824000.0,2201000.0,9623000.0,9528000.0,
7974000.0,2458000.0,1488000.0,6782000.0,3812000.0,936200.0,1818000.0,2824000.0,2249000.0,9672000.0,9597000.0,
7924000.0,2457000.0,1488000.0,6758000.0,3758000.0,936200.0,1818000.0,2824000.0,2249000.0,9720000.0,9675000.0,
7914000.0,2452000.0,1488000.0,6748000.0,3650000.0,936200.0,1818000.0,2824000.0,2249000.0,9720000.0,9783000.0,
8056000.0,2443000.0,1481000.0,6748000.0,3632000.0,936200.0,1818000.0,2824000.0,2297000.0,9672000.0,9650000.0,
8077000.0,2443000.0,1481000.0,6738000.0,3614000.0,936200.0,1818000.0,2824000.0,2362000.0,9704000.0,9607000.0,
8016000.0,2443000.0,1479000.0,6724000.0,3575000.0,936100.0,1817000.0,2824000.0,2362000.0,9704000.0,9668000.0,
8030000.0,2443000.0,1479000.0,6724000.0,3504000.0,935400.0,1817000.0,2823000.0,2461000.0,9701000.0,9705000.0,
8247000.0,2438000.0,1479000.0,6719000.0,3480000.0,935400.0,1817000.0,2823000.0,2531000.0,9679000.0,9446000.0,
8242000.0,2433000.0,1479000.0,6714000.0,3459000.0,935400.0,1817000.0,2823000.0,2733000.0,9526000.0,9466000.0,
8182000.0,2428000.0,1479000.0,6694000.0,3391000.0,935400.0,1816000.0,2823000.0,2733000.0,9526000.0,9535000.0,
8152000.0,2428000.0,1479000.0,6694000.0,3374000.0,935400.0,1816000.0,2823000.0,2733000.0,9526000.0,9552000.0,
8127000.0,2428000.0,1479000.0,6694000.0,3374000.0,935400.0,1816000.0,2823000.0,2733000.0,9669000.0,9552000.0,
8077000.0,2428000.0,1479000.0,6694000.0,3361000.0,935400.0,1816000.0,2823000.0,2733000.0,9718000.0,9565000.0,
8014000.0,2426000.0,1478000.0,6694000.0,3345000.0,935400.0,1816000.0,2823000.0,2733000.0,9718000.0,9581000.0,
7960000.0,2425000.0,1478000.0,6674000.0,3254000.0,935400.0,1816000.0,2823000.0,2733000.0,9815000.0,9672000.0,
8014000.0,2424000.0,1478000.0,6674000.0,3254000.0,935400.0,1816000.0,2823000.0,2857000.0,9691000.0,9588000.0,
7960000.0,2423000.0,1478000.0,6669000.0,3207000.0,935400.0,1816000.0,2823000.0,2857000.0,9691000.0,9635000.0,
7906000.0,2422000.0,1478000.0,6669000.0,3195000.0,935400.0,1816000.0,2823000.0,2857000.0,9691000.0,9647000.0,
7947000.0,2431000.0,1480000.0,6677000.0,3195000.0,935300.0,1816000.0,2940000.0,2834000.0,9597000.0,9541000.0,
7909000.0,2429000.0,1483000.0,6680000.0,3157000.0,953500.0,1798000.0,2973000.0,2800000.0,9597000.0,9579000.0,
7817000.0,2426000.0,1489000.0,6696000.0,3099000.0,959200.0,1798000.0,3079000.0,2687000.0,9597000.0,9637000.0,
7741000.0,2424000.0,1494000.0,6704000.0,3067000.0,965100.0,1807000.0,3122000.0,2628000.0,9645000.0,9668000.0,
7694000.0,2433000.0,1492000.0,6699000.0,3067000.0,977100.0,1795000.0,3200000.0,2550000.0,9645000.0,9668000.0,
7641000.0,2437000.0,1495000.0,6692000.0,3052000.0,976900.0,1801000.0,3209000.0,2534000.0,9645000.0,9683000.0,
7578000.0,2438000.0,1500000.0,6692000.0,3035000.0,976900.0,1801000.0,3233000.0,2504000.0,9645000.0,9706000.0,
7486000.0,2446000.0,1504000.0,6692000.0,3000000.0,976900.0,1801000.0,3377000.0,2355000.0,9645000.0,9747000.0,
7288000.0,2445000.0,1504000.0,6841000.0,2958000.0,976900.0,1801000.0,3403000.0,2323000.0,9645000.0,9795000.0,
7238000.0,2450000.0,1508000.0,6851000.0,2964000.0,976900.0,1801000.0,3463000.0,2256000.0,9693000.0,9795000.0,
7205000.0,2450000.0,1515000.0,6863000.0,2940000.0,983000.0,1813000.0,3476000.0,2225000.0,9693000.0,9820000.0,
7359000.0,2446000.0,1488000.0,6898000.0,2932000.0,983000.0,1813000.0,3550000.0,2174000.0,9719000.0,9628000.0,
7477000.0,2439000.0,1488000.0,6914000.0,2913000.0,2158000.0,631500.0,3588000.0,2240000.0,9614000.0,9481000.0,
7434000.0,2442000.0,1492000.0,6920000.0,2911000.0,2147000.0,625500.0,3668000.0,2239000.0,9584000.0,9500000.0,
7315000.0,2447000.0,1495000.0,6996000.0,2893000.0,2141000.0,634600.0,3698000.0,2200000.0,9584000.0,9524000.0,
7252000.0,2452000.0,1478000.0,6985000.0,2863000.0,2141000.0,634600.0,3799000.0,2098000.0,9632000.0,9600000.0,
7171000.0,2504000.0,1482000.0,6991000.0,2839000.0,2153000.0,622500.0,3835000.0,2063000.0,9632000.0,9623000.0,
7129000.0,2512000.0,1483000.0,6993000.0,2839000.0,2153000.0,622500.0,3902000.0,1996000.0,9632000.0,9623000.0,
7109000.0,2514000.0,1482000.0,6983000.0,2815000.0,2153000.0,622500.0,3902000.0,1996000.0,9680000.0,9648000.0,
7101000.0,2514000.0,1467000.0,6973000.0,2785000.0,2145000.0,616400.0,3923000.0,2021000.0,9634000.0,9688000.0,
7227000.0,2519000.0,1471000.0,7039000.0,2757000.0,2151000.0,610400.0,3940000.0,2059000.0,9578000.0,9486000.0,
7171000.0,2522000.0,1476000.0,7039000.0,2757000.0,2151000.0,639700.0,3964000.0,2086000.0,9546000.0,9508000.0,
7126000.0,2522000.0,1477000.0,7052000.0,2757000.0,2151000.0,651800.0,4003000.0,2035000.0,9594000.0,9508000.0,
7075000.0,2531000.0,1482000.0,7069000.0,2733000.0,2145000.0,657700.0,4025000.0,2000000.0,9594000.0,9544000.0,
7003000.0,2537000.0,1487000.0,7081000.0,2733000.0,2145000.0,2071000.0,2674000.0,1938000.0,9594000.0,9544000.0,
6940000.0,2541000.0,1475000.0,7096000.0,2733000.0,2145000.0,2083000.0,2686000.0,1913000.0,9594000.0,9559000.0,
6699000.0,2545000.0,1476000.0,7297000.0,2715000.0,2139000.0,2099000.0,2689000.0,1895000.0,9594000.0,9583000.0,
6650000.0,2550000.0,1480000.0,7282000.0,2715000.0,2139000.0,2123000.0,2683000.0,1877000.0,9594000.0,9583000.0,
6624000.0,2561000.0,1484000.0,7263000.0,2715000.0,2154000.0,2120000.0,2756000.0,1792000.0,9642000.0,9583000.0,
6589000.0,2569000.0,1486000.0,7258000.0,2709000.0,2148000.0,2149000.0,2727000.0,1792000.0,9642000.0,9596000.0,
6564000.0,2570000.0,1490000.0,7267000.0,2685000.0,2148000.0,2161000.0,2751000.0,1756000.0,9642000.0,9620000.0,
6540000.0,2569000.0,1477000.0,7281000.0,2685000.0,2159000.0,2175000.0,2727000.0,1756000.0,9690000.0,9639000.0,
6498000.0,2567000.0,1477000.0,7355000.0,2691000.0,2159000.0,2175000.0,2787000.0,1710000.0,9670000.0,9569000.0,
6457000.0,2572000.0,1484000.0,7355000.0,2691000.0,2164000.0,2182000.0,2811000.0,1727000.0,9617000.0,9569000.0,
6402000.0,2586000.0,1468000.0,7366000.0,2691000.0,2164000.0,2200000.0,2816000.0,1701000.0,9617000.0,9587000.0,
6374000.0,2587000.0,1470000.0,7371000.0,2691000.0,3261000.0,1109000.0,2936000.0,1575000.0,9617000.0,9587000.0,
6354000.0,2589000.0,1474000.0,7379000.0,2667000.0,3261000.0,1115000.0,2957000.0,1548000.0,9617000.0,9611000.0,
6390000.0,2600000.0,1480000.0,7370000.0,2667000.0,3267000.0,1109000.0,2975000.0,1651000.0,9640000.0,9548000.0,
6294000.0,2614000.0,1482000.0,7424000.0,2652000.0,3273000.0,1097000.0,2986000.0,1733000.0,9546000.0,9569000.0,
6272000.0,2616000.0,1486000.0,7435000.0,5164000.0,768700.0,1101000.0,2989000.0,1718000.0,9546000.0,9569000.0,
6251000.0,2615000.0,1491000.0,7428000.0,5164000.0,768700.0,1107000.0,3012000.0,1688000.0,9546000.0,9569000.0,
6173000.0,2620000.0,1496000.0,7465000.0,5164000.0,768700.0,1107000.0,3027000.0,1673000.0,9594000.0,9569000.0,
6112000.0,2621000.0,1498000.0,7493000.0,5163000.0,756600.0,1118000.0,3040000.0,1650000.0,9594000.0,9582000.0,
6063000.0,2628000.0,1484000.0,7522000.0,5163000.0,771300.0,1108000.0,3046000.0,1639000.0,9642000.0,9598000.0,
6033000.0,2628000.0,1489000.0,7522000.0,5122000.0,771300.0,1108000.0,3066000.0,1619000.0,9642000.0,9639000.0,
6154000.0,2628000.0,1493000.0,7517000.0,5122000.0,776100.0,1116000.0,3067000.0,1757000.0,9491000.0,9485000.0,
6112000.0,2626000.0,1496000.0,7513000.0,5122000.0,776100.0,1126000.0,3114000.0,1699000.0,9491000.0,9485000.0,
6010000.0,2633000.0,1498000.0,7515000.0,5104000.0,776100.0,1138000.0,3121000.0,1679000.0,9491000.0,9525000.0,
5956000.0,2673000.0,1502000.0,7500000.0,5104000.0,776100.0,1150000.0,3133000.0,1654000.0,9586000.0,9525000.0,
5895000.0,2678000.0,1506000.0,7507000.0,5091000.0,788200.0,1157000.0,3182000.0,1586000.0,9586000.0,9537000.0,
5821000.0,2679000.0,1511000.0,7545000.0,5069000.0,788200.0,1175000.0,3189000.0,1561000.0,9586000.0,9560000.0,
5774000.0,2687000.0,1496000.0,7551000.0,5043000.0,797800.0,1178000.0,3210000.0,1579000.0,9583000.0,9603000.0,
5734000.0,2694000.0,1497000.0,7562000.0,5007000.0,802600.0,1198000.0,3201000.0,1564000.0,9583000.0,9639000.0,
5674000.0,2697000.0,1501000.0,7580000.0,4972000.0,802600.0,1198000.0,3251000.0,1513000.0,9631000.0,9674000.0,
5622000.0,2699000.0,1505000.0,7571000.0,4954000.0,802600.0,1204000.0,3270000.0,1489000.0,9631000.0,9692000.0,
5687000.0,2709000.0,1511000.0,7579000.0,4929000.0,802600.0,1204000.0,3297000.0,1517000.0,9576000.0,9623000.0,
5821000.0,2707000.0,1513000.0,7584000.0,4869000.0,802600.0,1220000.0,3345000.0,1452000.0,9576000.0,9498000.0,
5793000.0,2707000.0,1518000.0,7563000.0,4869000.0,802600.0,1226000.0,3362000.0,1462000.0,9639000.0,9498000.0,
5725000.0,2717000.0,1520000.0,7583000.0,4862000.0,796600.0,1226000.0,3362000.0,1462000.0,9688000.0,9511000.0,
5683000.0,2714000.0,1524000.0,7594000.0,4840000.0,796600.0,1226000.0,3390000.0,1446000.0,9676000.0,9533000.0,
5659000.0,2714000.0,1527000.0,7585000.0,4815000.0,796600.0,1234000.0,3401000.0,1426000.0,9676000.0,9558000.0,
5639000.0,2721000.0,1529000.0,7570000.0,4740000.0,790500.0,1240000.0,3412000.0,1409000.0,9725000.0,9639000.0,
5592000.0,2732000.0,1533000.0,7589000.0,4675000.0,790500.0,1252000.0,3420000.0,1389000.0,9725000.0,9704000.0,
5524000.0,2741000.0,1533000.0,7623000.0,4604000.0,796600.0,1246000.0,3429000.0,1379000.0,9725000.0,9775000.0,
5466000.0,2742000.0,1536000.0,7638000.0,4535000.0,802600.0,1252000.0,3453000.0,1337000.0,9773000.0,9850000.0,
5436000.0,2736000.0,1545000.0,7638000.0,4487000.0,808600.0,1246000.0,3476000.0,1314000.0,9773000.0,9898000.0,
5373000.0,2735000.0,1548000.0,7680000.0,4487000.0,814700.0,3633000.0,1105000.0,1292000.0,9871000.0,9898000.0,
5363000.0,2731000.0,1552000.0,7675000.0,4415000.0,808600.0,3633000.0,1117000.0,1281000.0,9871000.0,9976000.0,
5520000.0,2729000.0,1553000.0,7665000.0,4415000.0,824600.0,3616000.0,1138000.0,1374000.0,9756000.0,9805000.0,
5866000.0,2740000.0,1559000.0,7665000.0,4372000.0,1553000.0,2888000.0,1175000.0,1509000.0,9584000.0,9475000.0,
5726000.0,2742000.0,1564000.0,7749000.0,4343000.0,1559000.0,2901000.0,1290000.0,1375000.0,9584000.0,9504000.0,
5691000.0,2740000.0,1570000.0,7735000.0,4307000.0,1559000.0,2916000.0,1317000.0,1333000.0,9584000.0,9540000.0,
5638000.0,2736000.0,1578000.0,7753000.0,4241000.0,1553000.0,2916000.0,1327000.0,1323000.0,9584000.0,9611000.0,
5592000.0,2739000.0,1581000.0,7783000.0,4155000.0,1547000.0,2916000.0,1336000.0,1313000.0,9584000.0,9703000.0,
5698000.0,2741000.0,1586000.0,7782000.0,4138000.0,1540000.0,2916000.0,1346000.0,1303000.0,9584000.0,9599000.0,
5676000.0,2749000.0,1591000.0,7777000.0,4138000.0,1552000.0,2904000.0,1346000.0,1303000.0,9584000.0,9599000.0,
5629000.0,2749000.0,1594000.0,7791000.0,4091000.0,1558000.0,2908000.0,1350000.0,1290000.0,9632000.0,9646000.0,
5613000.0,2745000.0,1598000.0,7776000.0,4573000.0,1046000.0,2914000.0,1343000.0,1280000.0,9681000.0,9687000.0,
5681000.0,2743000.0,1582000.0,7759000.0,4573000.0,1051000.0,2909000.0,1376000.0,1277000.0,9699000.0,9621000.0,
5675000.0,2736000.0,1584000.0,7739000.0,4549000.0,1057000.0,2903000.0,1398000.0,1255000.0,9796000.0,9644000.0,
5752000.0,2741000.0,1588000.0,7745000.0,4514000.0,1057000.0,2903000.0,1423000.0,1265000.0,9760000.0,9567000.0,
5733000.0,2748000.0,1589000.0,7735000.0,4449000.0,1057000.0,2903000.0,1444000.0,1245000.0,9760000.0,9632000.0,
5705000.0,2752000.0,1593000.0,7725000.0,4449000.0,1057000.0,2911000.0,1463000.0,1217000.0,9809000.0,9632000.0,
5663000.0,2761000.0,1595000.0,7711000.0,4436000.0,1063000.0,2937000.0,1465000.0,1184000.0,9908000.0,9645000.0,
5518000.0,2763000.0,1597000.0,7808000.0,4396000.0,1063000.0,2937000.0,1502000.0,1147000.0,9908000.0,9685000.0,
5638000.0,2768000.0,1599000.0,7794000.0,4350000.0,1071000.0,2937000.0,1531000.0,1186000.0,9831000.0,9568000.0,
5604000.0,2761000.0,1607000.0,7812000.0,4364000.0,1045000.0,2937000.0,1560000.0,1196000.0,9840000.0,9580000.0,
5568000.0,2760000.0,1611000.0,7806000.0,4343000.0,1039000.0,2937000.0,1580000.0,1176000.0,9840000.0,9606000.0,
5376000.0,2766000.0,1613000.0,7959000.0,4307000.0,1039000.0,2941000.0,1614000.0,1137000.0,9890000.0,9643000.0,
5349000.0,2767000.0,1614000.0,7944000.0,4249000.0,1044000.0,2941000.0,1621000.0,1126000.0,9989000.0,9701000.0,
5333000.0,2758000.0,1587000.0,7913000.0,4241000.0,1045000.0,2953000.0,1616000.0,1113000.0,9989000.0,9751000.0,
5320000.0,2757000.0,1590000.0,7883000.0,4199000.0,1063000.0,2941000.0,1620000.0,1103000.0,9989000.0,9793000.0,
5302000.0,2764000.0,1595000.0,7855000.0,4199000.0,1063000.0,2950000.0,1612000.0,1103000.0,9989000.0,9793000.0,
5280000.0,2766000.0,1598000.0,7857000.0,4158000.0,1068000.0,2940000.0,1623000.0,1091000.0,9989000.0,9838000.0,
5403000.0,2763000.0,1602000.0,7860000.0,4126000.0,1068000.0,2933000.0,1634000.0,1131000.0,9938000.0,9690000.0,
5436000.0,2760000.0,1603000.0,7840000.0,4113000.0,1074000.0,2978000.0,1599000.0,1164000.0,9933000.0,9657000.0,
5466000.0,2764000.0,1608000.0,7820000.0,4113000.0,1081000.0,2978000.0,1612000.0,1214000.0,9913000.0,9608000.0,
5455000.0,2761000.0,1617000.0,7800000.0,4113000.0,1099000.0,3195000.0,1376000.0,1214000.0,1.006E7,9608000.0,
5424000.0,2772000.0,1619000.0,7803000.0,4100000.0,1489000.0,2805000.0,1380000.0,1204000.0,1.006E7,9627000.0,
5595000.0,2774000.0,1623000.0,7800000.0,4039000.0,1495000.0,2805000.0,1446000.0,1144000.0,1.005E7,9469000.0,
5520000.0,2777000.0,1612000.0,7848000.0,4030000.0,1491000.0,2801000.0,1439000.0,1144000.0,1.005E7,9508000.0,
5496000.0,2775000.0,1605000.0,7846000.0,3977000.0,1503000.0,2796000.0,1445000.0,1251000.0,9930000.0,9571000.0,
5474000.0,2776000.0,1592000.0,7849000.0,3930000.0,1515000.0,2795000.0,1438000.0,1241000.0,9930000.0,9641000.0,
5436000.0,2785000.0,1595000.0,7845000.0,3925000.0,1515000.0,2871000.0,1360000.0,1224000.0,9979000.0,9665000.0,
5237000.0,2783000.0,1600000.0,8006000.0,3925000.0,1521000.0,2865000.0,1372000.0,1213000.0,1.003E7,9665000.0,
5230000.0,2781000.0,1566000.0,7992000.0,3902000.0,1527000.0,2867000.0,1374000.0,1203000.0,1.008E7,9724000.0,
5354000.0,2791000.0,1570000.0,7952000.0,3902000.0,1527000.0,2900000.0,1372000.0,1251000.0,1.0E7,9576000.0,
5513000.0,2796000.0,1552000.0,7937000.0,3889000.0,1541000.0,2879000.0,1372000.0,1333000.0,9918000.0,9448000.0,
5498000.0,2796000.0,1559000.0,7922000.0,3836000.0,1541000.0,2894000.0,1357000.0,1333000.0,9918000.0,9501000.0,
5484000.0,2795000.0,1531000.0,7912000.0,3821000.0,1547000.0,2898000.0,1356000.0,1413000.0,9824000.0,9553000.0,
5463000.0,2808000.0,1509000.0,7897000.0,3754000.0,1556000.0,2910000.0,1351000.0,1395000.0,9873000.0,9646000.0,
5455000.0,2805000.0,1516000.0,7877000.0,3754000.0,1564000.0,2914000.0,1339000.0,1395000.0,9873000.0,9646000.0,
5292000.0,2805000.0,1520000.0,7990000.0,3754000.0,1564000.0,2920000.0,1333000.0,1395000.0,9873000.0,9646000.0,
5265000.0,2798000.0,1528000.0,8000000.0,3742000.0,1582000.0,2910000.0,1343000.0,1377000.0,9972000.0,9659000.0,
5235000.0,2801000.0,1516000.0,8000000.0,3722000.0,1586000.0,2906000.0,1354000.0,1365000.0,9972000.0,9694000.0,
5197000.0,2806000.0,1520000.0,8014000.0,3722000.0,1586000.0,2928000.0,1332000.0,1365000.0,9972000.0,9694000.0,
5136000.0,2833000.0,1524000.0,8029000.0,3709000.0,1664000.0,2850000.0,1344000.0,1354000.0,9972000.0,9706000.0,
5111000.0,2829000.0,1527000.0,8031000.0,3682000.0,1664000.0,2850000.0,1355000.0,1342000.0,9972000.0,9733000.0,
5221000.0,2852000.0,1530000.0,8047000.0,3653000.0,1671000.0,2841000.0,1343000.0,1362000.0,9952000.0,9614000.0,
5186000.0,2846000.0,1536000.0,8056000.0,3620000.0,1671000.0,2844000.0,1335000.0,1362000.0,1.0E7,9651000.0,
5324000.0,2856000.0,1509000.0,8038000.0,3620000.0,1651000.0,2853000.0,1360000.0,1422000.0,1.001E7,9539000.0,
5296000.0,2860000.0,1513000.0,8038000.0,3602000.0,1657000.0,2861000.0,1346000.0,1466000.0,1.001E7,9557000.0,
5283000.0,2860000.0,1493000.0,8033000.0,3584000.0,1684000.0,2841000.0,1340000.0,1466000.0,1.001E7,9599000.0,
5278000.0,2861000.0,1482000.0,8033000.0,3560000.0,1704000.0,2813000.0,1354000.0,1451000.0,1.006E7,9646000.0,
5220000.0,2862000.0,1490000.0,8062000.0,3572000.0,1698000.0,2807000.0,1370000.0,1435000.0,1.006E7,9646000.0,
5245000.0,2878000.0,1477000.0,8054000.0,3560000.0,1704000.0,2825000.0,1346000.0,1545000.0,9954000.0,9619000.0,
5228000.0,2887000.0,1479000.0,8015000.0,3546000.0,1713000.0,2824000.0,1332000.0,1545000.0,9954000.0,9637000.0,
5286000.0,2885000.0,1482000.0,7982000.0,4682000.0,583000.0,2806000.0,1341000.0,1604000.0,9923000.0,9595000.0,
5261000.0,2889000.0,1471000.0,7989000.0,4682000.0,589000.0,2806000.0,1417000.0,1542000.0,9904000.0,9608000.0,
5407000.0,2900000.0,1474000.0,7955000.0,4695000.0,588100.0,2800000.0,1456000.0,1530000.0,9920000.0,9444000.0,
5333000.0,2912000.0,1478000.0,8008000.0,4688000.0,594100.0,2796000.0,1454000.0,1524000.0,9969000.0,9457000.0,
5327000.0,2915000.0,1480000.0,7969000.0,4675000.0,594100.0,2802000.0,1459000.0,1514000.0,1.002E7,9470000.0,
5310000.0,2910000.0,1490000.0,7971000.0,4675000.0,594100.0,2802000.0,1469000.0,1548000.0,1.002E7,9470000.0,
5271000.0,2901000.0,1493000.0,7945000.0,4643000.0,606200.0,2790000.0,1502000.0,1515000.0,1.002E7,9502000.0,
5211000.0,2905000.0,1492000.0,7967000.0,4625000.0,1378000.0,2018000.0,1524000.0,1493000.0,1.002E7,9519000.0,
5191000.0,2902000.0,1488000.0,7956000.0,4625000.0,1384000.0,2012000.0,1556000.0,1510000.0,9976000.0,9527000.0,
5179000.0,2891000.0,1492000.0,7946000.0,4613000.0,1384000.0,2018000.0,1572000.0,1488000.0,1.003E7,9540000.0,
5138000.0,2887000.0,1497000.0,7935000.0,4568000.0,1407000.0,1995000.0,1572000.0,1518000.0,9995000.0,9584000.0,
5088000.0,2878000.0,1496000.0,7930000.0,4495000.0,1420000.0,2795000.0,758900.0,1518000.0,9995000.0,9657000.0,
5072000.0,2881000.0,1501000.0,7919000.0,4473000.0,1441000.0,2773000.0,778300.0,1499000.0,9995000.0,9679000.0,
5012000.0,2882000.0,1507000.0,7936000.0,4511000.0,1379000.0,2795000.0,756300.0,1499000.0,1.005E7,9703000.0,
4990000.0,2869000.0,1509000.0,7921000.0,4471000.0,1385000.0,2789000.0,750300.0,1499000.0,1.015E7,9762000.0,
5019000.0,2868000.0,1500000.0,7906000.0,4475000.0,1394000.0,2777000.0,767400.0,1514000.0,1.016E7,9728000.0,
4999000.0,2866000.0,1502000.0,7897000.0,4439000.0,1400000.0,2771000.0,804100.0,1477000.0,1.016E7,9764000.0,
5024000.0,2861000.0,1482000.0,7892000.0,4426000.0,1412000.0,2759000.0,804100.0,1590000.0,1.01E7,9756000.0,
4962000.0,2854000.0,1487000.0,7895000.0,4433000.0,1405000.0,2773000.0,841100.0,1539000.0,1.01E7,9756000.0,
4907000.0,2839000.0,1491000.0,7886000.0,4410000.0,1405000.0,2779000.0,845100.0,1529000.0,1.01E7,9778000.0,
4955000.0,2838000.0,1494000.0,7893000.0,4397000.0,1412000.0,2773000.0,845100.0,1592000.0,1.014E7,9703000.0,
4944000.0,2840000.0,1498000.0,7878000.0,4391000.0,1411000.0,2767000.0,845100.0,1592000.0,1.014E7,9716000.0,
4932000.0,2843000.0,1502000.0,7843000.0,4367000.0,1417000.0,2761000.0,845100.0,1592000.0,1.019E7,9740000.0,
4901000.0,2867000.0,1504000.0,7824000.0,4367000.0,1435000.0,2754000.0,833000.0,1592000.0,1.024E7,9740000.0,
4735000.0,2877000.0,1508000.0,7951000.0,4377000.0,1425000.0,2754000.0,833000.0,1592000.0,1.024E7,9740000.0,
4982000.0,2885000.0,1512000.0,7911000.0,4377000.0,1430000.0,2750000.0,857700.0,1610000.0,1.02E7,9459000.0,
4944000.0,2893000.0,1518000.0,7902000.0,4354000.0,1443000.0,2736000.0,873800.0,1594000.0,1.025E7,9482000.0,
4917000.0,2907000.0,1525000.0,7897000.0,4360000.0,1437000.0,2746000.0,863800.0,1640000.0,1.02E7,9482000.0,
4897000.0,2909000.0,1529000.0,7896000.0,4360000.0,1443000.0,2746000.0,857700.0,1780000.0,1.017E7,9482000.0,
4703000.0,2928000.0,1532000.0,8058000.0,4360000.0,1443000.0,2759000.0,861000.0,1763000.0,1.027E7,9482000.0,
4675000.0,2927000.0,1536000.0,8043000.0,4360000.0,1450000.0,2752000.0,861000.0,1917000.0,1.016E7,9482000.0,
4654000.0,2927000.0,1541000.0,8040000.0,4360000.0,1456000.0,2752000.0,854900.0,2012000.0,1.007E7,9482000.0,
4608000.0,2926000.0,1545000.0,8077000.0,5326000.0,484100.0,2741000.0,867800.0,1999000.0,1.007E7,9500000.0,
4570000.0,2933000.0,1548000.0,8085000.0,5326000.0,496600.0,2740000.0,856900.0,1999000.0,1.007E7,9500000.0,
4557000.0,2942000.0,1552000.0,8075000.0,5326000.0,496600.0,2871000.0,725100.0,2098000.0,9970000.0,9500000.0,
4474000.0,2950000.0,1557000.0,8140000.0,5326000.0,496600.0,2880000.0,763200.0,2243000.0,9778000.0,9500000.0,
4464000.0,2947000.0,1563000.0,8121000.0,5292000.0,496500.0,2900000.0,816100.0,2170000.0,9778000.0,9533000.0,
4412000.0,2951000.0,1569000.0,8159000.0,5292000.0,496500.0,2900000.0,816100.0,2170000.0,9778000.0,9533000.0,
4392000.0,2945000.0,1573000.0,8166000.0,5280000.0,502500.0,2894000.0,874100.0,2112000.0,9778000.0,9546000.0,
4341000.0,2936000.0,1573000.0,8190000.0,5280000.0,502500.0,2894000.0,895300.0,2148000.0,9721000.0,9546000.0,
4332000.0,2929000.0,1576000.0,8168000.0,5246000.0,508500.0,2888000.0,901300.0,2142000.0,9819000.0,9579000.0,
4311000.0,2938000.0,1578000.0,8164000.0,5222000.0,514600.0,2888000.0,901300.0,2136000.0,9819000.0,9603000.0,
4477000.0,2939000.0,1580000.0,8159000.0,5185000.0,526900.0,2876000.0,901300.0,2221000.0,9734000.0,9466000.0,
4448000.0,2944000.0,1585000.0,8159000.0,5191000.0,520900.0,3365000.0,412400.0,2221000.0,9734000.0,9466000.0,
4428000.0,2937000.0,1589000.0,8162000.0,5161000.0,526900.0,3359000.0,454400.0,2305000.0,9608000.0,9496000.0,
4412000.0,2947000.0,1581000.0,8142000.0,5084000.0,526900.0,3363000.0,449600.0,2305000.0,9608000.0,9586000.0,
4541000.0,2938000.0,1587000.0,8132000.0,5300000.0,267600.0,3363000.0,451600.0,2372000.0,9526000.0,9505000.0,
4511000.0,2945000.0,1589000.0,8127000.0,5288000.0,267600.0,3369000.0,458600.0,2359000.0,9622000.0,9518000.0,
4474000.0,2948000.0,1571000.0,8136000.0,5288000.0,286100.0,3351000.0,511100.0,2349000.0,9579000.0,9541000.0,
4431000.0,2957000.0,1580000.0,8142000.0,5275000.0,293700.0,3377000.0,563500.0,2263000.0,9579000.0,9553000.0,
4376000.0,2958000.0,1555000.0,8156000.0,5168000.0,293700.0,3377000.0,563500.0,2263000.0,9627000.0,9689000.0,
4336000.0,2955000.0,1545000.0,8171000.0,5118000.0,299700.0,3371000.0,589400.0,2237000.0,9627000.0,9751000.0,
4313000.0,2954000.0,1526000.0,8161000.0,5074000.0,311800.0,3359000.0,623400.0,2203000.0,9627000.0,9818000.0,
4249000.0,2976000.0,1529000.0,8181000.0,4953000.0,306400.0,3355000.0,638000.0,2188000.0,9723000.0,9949000.0,
4385000.0,2982000.0,1514000.0,8188000.0,4953000.0,324400.0,3336000.0,784700.0,2125000.0,9688000.0,9806000.0,
4431000.0,2982000.0,1479000.0,8210000.0,4936000.0,330500.0,3330000.0,796700.0,2145000.0,9656000.0,9755000.0,
4595000.0,2983000.0,1481000.0,8204000.0,4887000.0,1683000.0,1985000.0,800300.0,2234000.0,9604000.0,9631000.0,
4563000.0,2988000.0,1484000.0,8204000.0,4862000.0,1689000.0,1979000.0,800200.0,2234000.0,9700000.0,9656000.0,
4754000.0,2992000.0,1462000.0,8204000.0,4818000.0,1720000.0,1949000.0,822300.0,2539000.0,9468000.0,9521000.0,
4604000.0,2992000.0,1465000.0,8281000.0,4798000.0,1720000.0,1955000.0,859600.0,2496000.0,9468000.0,9542000.0,
4591000.0,2994000.0,1466000.0,8251000.0,4747000.0,1744000.0,1931000.0,887400.0,2468000.0,9515000.0,9592000.0,
4573000.0,2972000.0,1470000.0,8233000.0,4729000.0,1738000.0,1931000.0,887400.0,2468000.0,9563000.0,9616000.0,
4677000.0,2974000.0,1471000.0,8198000.0,4668000.0,1746000.0,1917000.0,887300.0,2464000.0,9563000.0,9548000.0,
4656000.0,2966000.0,1476000.0,8168000.0,4634000.0,1764000.0,1899000.0,929700.0,2422000.0,9563000.0,9582000.0,
4628000.0,2965000.0,1483000.0,8164000.0,4584000.0,1776000.0,1887000.0,950800.0,2401000.0,9611000.0,9632000.0,
4729000.0,2959000.0,1473000.0,8168000.0,4584000.0,1782000.0,1881000.0,956900.0,2460000.0,9593000.0,9508000.0,
4719000.0,2957000.0,1464000.0,8161000.0,4577000.0,1782000.0,1883000.0,1020000.0,2388000.0,9690000.0,9534000.0,
4711000.0,2955000.0,1430000.0,8142000.0,4501000.0,1788000.0,1877000.0,1031000.0,2434000.0,9632000.0,9649000.0,
4693000.0,2961000.0,1434000.0,8129000.0,4474000.0,1782000.0,1881000.0,1040000.0,2416000.0,9729000.0,9688000.0,
4913000.0,2951000.0,1425000.0,8125000.0,4450000.0,1782000.0,2431000.0,514300.0,2478000.0,9642000.0,9499000.0,
4830000.0,2963000.0,1428000.0,8164000.0,4454000.0,1773000.0,2434000.0,541400.0,2586000.0,9533000.0,9523000.0,
4812000.0,2959000.0,1435000.0,8173000.0,4405000.0,1779000.0,2428000.0,551300.0,2576000.0,9533000.0,9572000.0,
4795000.0,2957000.0,1438000.0,8173000.0,4369000.0,1785000.0,2449000.0,538200.0,2563000.0,9629000.0,9608000.0,
4780000.0,2961000.0,1440000.0,8153000.0,4369000.0,1791000.0,2442000.0,643000.0,2458000.0,9629000.0,9608000.0,
4659000.0,2956000.0,1442000.0,8226000.0,4347000.0,1791000.0,2436000.0,697400.0,2404000.0,9677000.0,9636000.0,
4623000.0,2956000.0,1378000.0,8221000.0,4335000.0,1797000.0,2430000.0,707300.0,2394000.0,9677000.0,9719000.0,
4737000.0,2957000.0,1357000.0,8231000.0,4321000.0,1803000.0,2424000.0,737000.0,2555000.0,9534000.0,9603000.0,
4725000.0,2961000.0,1343000.0,8226000.0,4321000.0,1815000.0,2412000.0,840900.0,2451000.0,9534000.0,9620000.0,
4697000.0,2972000.0,1334000.0,8221000.0,4321000.0,1825000.0,2402000.0,887900.0,2404000.0,9534000.0,9636000.0,
4647000.0,2965000.0,1338000.0,8228000.0,4958000.0,1189000.0,2415000.0,891200.0,2387000.0,9582000.0,9636000.0,
4609000.0,2971000.0,1342000.0,8219000.0,4958000.0,1189000.0,2415000.0,905200.0,2373000.0,9630000.0,9649000.0,
4577000.0,2964000.0,1345000.0,8209000.0,4976000.0,1183000.0,2413000.0,905500.0,2363000.0,9630000.0,9649000.0,
4642000.0,2959000.0,1337000.0,8225000.0,4969000.0,1177000.0,2413000.0,905500.0,2457000.0,9536000.0,9550000.0,
4605000.0,2960000.0,1345000.0,8232000.0,4974000.0,1178000.0,2417000.0,966000.0,2387000.0,9583000.0,9550000.0,
4594000.0,2955000.0,1327000.0,8222000.0,4956000.0,1178000.0,2417000.0,966000.0,2387000.0,9631000.0,9592000.0,
4639000.0,2946000.0,1308000.0,8236000.0,4896000.0,1178000.0,2427000.0,1014000.0,2404000.0,9604000.0,9590000.0,
4562000.0,2952000.0,1312000.0,8227000.0,4858000.0,1178000.0,2427000.0,1045000.0,2373000.0,9652000.0,9665000.0,
4608000.0,2939000.0,1318000.0,8227000.0,4870000.0,1166000.0,2427000.0,1070000.0,2399000.0,9649000.0,9611000.0,
4789000.0,2936000.0,1322000.0,8238000.0,4860000.0,1160000.0,2421000.0,1093000.0,2498000.0,9527000.0,9411000.0,
4769000.0,2933000.0,1324000.0,8233000.0,4838000.0,1160000.0,2421000.0,1199000.0,2392000.0,9527000.0,9432000.0,
4723000.0,2947000.0,1318000.0,8228000.0,4786000.0,1155000.0,2421000.0,1276000.0,2315000.0,9623000.0,9502000.0,
4674000.0,2958000.0,1320000.0,8244000.0,4786000.0,1155000.0,2421000.0,1319000.0,2283000.0,9612000.0,9502000.0,
4636000.0,2966000.0,1315000.0,8225000.0,4740000.0,1154000.0,2419000.0,1326000.0,2331000.0,9557000.0,9565000.0,
4617000.0,2965000.0,1319000.0,8200000.0,4746000.0,1156000.0,2410000.0,1361000.0,2296000.0,9605000.0,9565000.0,
4588000.0,2962000.0,1325000.0,8201000.0,4700000.0,1715000.0,1852000.0,1404000.0,2252000.0,9653000.0,9611000.0,
4587000.0,2957000.0,1331000.0,8191000.0,4689000.0,1710000.0,1854000.0,1423000.0,2226000.0,9749000.0,9633000.0,
4551000.0,2961000.0,1332000.0,8172000.0,4689000.0,1716000.0,1848000.0,1445000.0,2203000.0,9749000.0,9633000.0,
4687000.0,2967000.0,1335000.0,8128000.0,4852000.0,1540000.0,1835000.0,1467000.0,2192000.0,9783000.0,9486000.0,
4664000.0,2957000.0,1342000.0,8103000.0,4804000.0,1526000.0,1844000.0,1466000.0,2304000.0,9712000.0,9548000.0,
4654000.0,2958000.0,1346000.0,8074000.0,4783000.0,1840000.0,1536000.0,1491000.0,2274000.0,9712000.0,9569000.0,
4628000.0,2964000.0,1348000.0,8046000.0,4734000.0,1846000.0,1539000.0,1529000.0,2226000.0,9712000.0,9618000.0,
4596000.0,2957000.0,1322000.0,8026000.0,4711000.0,1846000.0,1545000.0,1577000.0,2172000.0,9712000.0,9670000.0,
4692000.0,2944000.0,1328000.0,8016000.0,4711000.0,1846000.0,1545000.0,1589000.0,2293000.0,9579000.0,9551000.0,
4636000.0,2945000.0,1329000.0,8045000.0,4660000.0,1846000.0,1551000.0,1607000.0,2269000.0,9579000.0,9602000.0,
4690000.0,2943000.0,1334000.0,8051000.0,4635000.0,1852000.0,1556000.0,1618000.0,2247000.0,9579000.0,9540000.0,
4908000.0,2952000.0,1340000.0,8026000.0,4549000.0,2440000.0,968800.0,1686000.0,2178000.0,9627000.0,9383000.0,
4880000.0,2952000.0,1345000.0,8004000.0,4549000.0,2440000.0,968800.0,1686000.0,2245000.0,9609000.0,9383000.0,
4838000.0,2948000.0,1347000.0,7994000.0,4475000.0,2452000.0,956800.0,1703000.0,2289000.0,9595000.0,9456000.0,
4803000.0,2946000.0,1353000.0,7994000.0,4485000.0,2442000.0,966100.0,1694000.0,2289000.0,9643000.0,9456000.0,
4768000.0,2945000.0,1346000.0,7996000.0,4491000.0,2436000.0,977800.0,1709000.0,2279000.0,9627000.0,9465000.0,
4744000.0,2948000.0,1352000.0,7987000.0,4479000.0,2444000.0,969500.0,1743000.0,2245000.0,9675000.0,9478000.0,
4717000.0,2948000.0,1342000.0,7964000.0,4479000.0,2450000.0,973600.0,1743000.0,2235000.0,9675000.0,9493000.0,
4696000.0,2962000.0,1344000.0,7959000.0,4424000.0,2450000.0,983600.0,1771000.0,2197000.0,9675000.0,9548000.0,
4669000.0,2963000.0,1346000.0,7954000.0,4391000.0,2450000.0,983600.0,1837000.0,2130000.0,9723000.0,9581000.0,
4620000.0,2961000.0,1350000.0,7934000.0,4354000.0,2458000.0,975500.0,1864000.0,2104000.0,9723000.0,9639000.0,
4555000.0,2975000.0,1353000.0,7921000.0,4309000.0,2458000.0,981500.0,1896000.0,2065000.0,9723000.0,9706000.0,
4608000.0,2971000.0,1342000.0,7903000.0,4254000.0,2458000.0,987600.0,1939000.0,2031000.0,9757000.0,9714000.0,
4731000.0,2972000.0,1345000.0,7888000.0,4209000.0,2458000.0,996400.0,1980000.0,2082000.0,9657000.0,9632000.0,
4723000.0,2964000.0,1347000.0,7867000.0,4181000.0,2458000.0,996400.0,2093000.0,1963000.0,9753000.0,9667000.0,
4843000.0,2966000.0,1348000.0,7827000.0,4170000.0,2464000.0,992000.0,2160000.0,1964000.0,9726000.0,9549000.0,
4810000.0,2966000.0,1352000.0,7821000.0,4248000.0,2392000.0,985900.0,2190000.0,1934000.0,9775000.0,9549000.0,
4772000.0,2969000.0,1355000.0,7828000.0,4208000.0,2411000.0,963800.0,2221000.0,1903000.0,9824000.0,9593000.0,
4767000.0,2969000.0,1347000.0,7823000.0,4208000.0,2411000.0,963800.0,2281000.0,1843000.0,9824000.0,9606000.0,
4743000.0,2971000.0,1339000.0,7799000.0,4176000.0,2416000.0,967500.0,2285000.0,1830000.0,9824000.0,9651000.0,
4947000.0,2970000.0,1340000.0,7807000.0,4161000.0,2416000.0,967400.0,2302000.0,1833000.0,9803000.0,9429000.0,
4923000.0,2963000.0,1344000.0,7820000.0,4148000.0,2416000.0,984300.0,2300000.0,1818000.0,9901000.0,9442000.0,
4892000.0,2959000.0,1348000.0,7824000.0,4133000.0,2428000.0,977000.0,2295000.0,1817000.0,9901000.0,9457000.0,
4874000.0,2960000.0,1352000.0,7814000.0,4118000.0,2421000.0,986000.0,2319000.0,1842000.0,9891000.0,9478000.0,
4849000.0,2961000.0,1354000.0,7805000.0,5434000.0,1098000.0,978400.0,2341000.0,1844000.0,9916000.0,9493000.0,
4820000.0,2964000.0,1346000.0,7741000.0,5393000.0,1098000.0,987600.0,2362000.0,1814000.0,9916000.0,9557000.0,
4838000.0,2954000.0,1352000.0,7736000.0,5355000.0,1067000.0,981600.0,2367000.0,1870000.0,9904000.0,9583000.0,
4659000.0,2965000.0,1355000.0,7876000.0,5293000.0,1064000.0,976900.0,2400000.0,1838000.0,9904000.0,9652000.0,
4632000.0,2983000.0,1358000.0,7862000.0,5259000.0,1070000.0,970900.0,2461000.0,1777000.0,9904000.0,9686000.0,
4591000.0,2979000.0,1372000.0,7873000.0,5259000.0,1078000.0,962900.0,2481000.0,1757000.0,9953000.0,9686000.0,
4532000.0,2978000.0,1377000.0,7902000.0,5213000.0,1084000.0,977000.0,2471000.0,1747000.0,1.0E7,9732000.0,
4517000.0,2976000.0,1383000.0,7898000.0,5190000.0,1090000.0,971000.0,2471000.0,1747000.0,1.0E7,9755000.0,
4488000.0,2964000.0,1390000.0,7878000.0,5160000.0,1096000.0,965000.0,2471000.0,1747000.0,1.005E7,9785000.0,
4510000.0,2932000.0,1394000.0,7863000.0,5102000.0,1101000.0,966200.0,2471000.0,1838000.0,9955000.0,9807000.0,
4479000.0,2921000.0,1398000.0,7872000.0,5024000.0,1107000.0,960200.0,2489000.0,1814000.0,9955000.0,9891000.0,
4465000.0,2922000.0,1402000.0,7866000.0,5011000.0,1113000.0,954100.0,2517000.0,1786000.0,9955000.0,9905000.0,
4442000.0,2929000.0,1407000.0,7861000.0,4995000.0,1113000.0,969200.0,2528000.0,1756000.0,9955000.0,9924000.0,
4412000.0,2930000.0,1411000.0,7860000.0,4965000.0,1119000.0,977200.0,2526000.0,1744000.0,9955000.0,9953000.0,
4405000.0,2920000.0,1418000.0,7860000.0,4933000.0,1125000.0,983300.0,2533000.0,1725000.0,9955000.0,9985000.0,
4370000.0,2921000.0,1425000.0,7878000.0,4939000.0,1119000.0,1001000.0,2521000.0,1719000.0,9955000.0,9985000.0,
4460000.0,2923000.0,1434000.0,7890000.0,4926000.0,1137000.0,1006000.0,2510000.0,1781000.0,9932000.0,9869000.0,
4423000.0,2917000.0,1434000.0,7887000.0,4817000.0,1144000.0,1009000.0,2500000.0,1781000.0,9981000.0,1.0E7,
4583000.0,2928000.0,1441000.0,7863000.0,4753000.0,1144000.0,1022000.0,2643000.0,1778000.0,9829000.0,9886000.0,
4557000.0,2925000.0,1447000.0,7875000.0,4649000.0,1169000.0,1003000.0,2637000.0,1777000.0,9878000.0,9990000.0,
4530000.0,2917000.0,1436000.0,7865000.0,4591000.0,1162000.0,2529000.0,1122000.0,1766000.0,9878000.0,1.007E7,
4514000.0,2900000.0,1439000.0,7855000.0,4556000.0,1162000.0,2527000.0,1124000.0,1754000.0,9878000.0,1.011E7,
4453000.0,2905000.0,1416000.0,7843000.0,4500000.0,1146000.0,2550000.0,1191000.0,1664000.0,9878000.0,1.021E7,
4443000.0,2887000.0,1420000.0,7834000.0,4489000.0,1150000.0,2538000.0,1259000.0,1596000.0,9928000.0,1.023E7,
4565000.0,2887000.0,1422000.0,7853000.0,4476000.0,1156000.0,2550000.0,1278000.0,1660000.0,9877000.0,1.008E7,
4547000.0,2886000.0,1426000.0,7825000.0,4462000.0,1170000.0,2548000.0,1295000.0,1630000.0,9877000.0,1.01E7,
4524000.0,2895000.0,1430000.0,7815000.0,4474000.0,1164000.0,2559000.0,1301000.0,1607000.0,9926000.0,1.01E7,
4465000.0,2886000.0,1436000.0,7839000.0,4502000.0,1133000.0,2567000.0,1305000.0,1584000.0,1.003E7,1.013E7,
4566000.0,2885000.0,1438000.0,7818000.0,4502000.0,1141000.0,2571000.0,1356000.0,1560000.0,9987000.0,1.001E7,
4533000.0,2882000.0,1443000.0,7835000.0,4502000.0,1159000.0,2559000.0,1389000.0,1521000.0,1.004E7,1.001E7,
4500000.0,2887000.0,1446000.0,7834000.0,4484000.0,1159000.0,2570000.0,1389000.0,1510000.0,1.004E7,1.003E7,
4597000.0,2886000.0,1450000.0,7829000.0,4461000.0,1159000.0,2582000.0,1377000.0,1551000.0,1.005E7,9950000.0,
4640000.0,2888000.0,1453000.0,7829000.0,4409000.0,1160000.0,2585000.0,1380000.0,1577000.0,1.001E7,9935000.0,
4628000.0,2883000.0,1455000.0,7829000.0,4409000.0,1160000.0,2585000.0,1392000.0,1565000.0,1.001E7,9935000.0,
4621000.0,2875000.0,1461000.0,7808000.0,4394000.0,1160000.0,2597000.0,1426000.0,1519000.0,1.001E7,9950000.0,
4612000.0,2867000.0,1466000.0,7785000.0,4336000.0,1166000.0,2597000.0,1459000.0,1480000.0,1.001E7,1.001E7,
4574000.0,2864000.0,1471000.0,7781000.0,4347000.0,1148000.0,2600000.0,1450000.0,1480000.0,1.001E7,1.002E7,
4543000.0,2881000.0,1455000.0,7764000.0,4386000.0,1120000.0,2602000.0,1478000.0,1440000.0,1.006E7,1.004E7,
4855000.0,2881000.0,1441000.0,7754000.0,4368000.0,1132000.0,2604000.0,1542000.0,1549000.0,9870000.0,9747000.0,
4807000.0,2884000.0,1445000.0,7775000.0,4362000.0,1124000.0,2606000.0,1580000.0,1505000.0,9870000.0,9765000.0,
4784000.0,2888000.0,1451000.0,7759000.0,4301000.0,1135000.0,2613000.0,1580000.0,1487000.0,9870000.0,9825000.0,
4749000.0,2885000.0,1460000.0,7752000.0,4247000.0,1146000.0,2608000.0,1585000.0,1476000.0,9870000.0,9880000.0,
4726000.0,2887000.0,1465000.0,7742000.0,4193000.0,1140000.0,2628000.0,1582000.0,1459000.0,9870000.0,9939000.0,
4690000.0,2896000.0,1468000.0,7732000.0,4163000.0,1140000.0,2628000.0,1586000.0,1449000.0,9870000.0,9976000.0,
4664000.0,2895000.0,1473000.0,7734000.0,4150000.0,1140000.0,2628000.0,1597000.0,1438000.0,9870000.0,9989000.0,
4638000.0,2894000.0,1477000.0,7671000.0,4096000.0,1147000.0,2619000.0,1623000.0,1412000.0,9870000.0,1.004E7,
4610000.0,2890000.0,1483000.0,7672000.0,4075000.0,1147000.0,2622000.0,1637000.0,1393000.0,9919000.0,1.007E7,
4587000.0,2887000.0,1489000.0,7673000.0,4019000.0,2291000.0,1490000.0,1638000.0,1380000.0,9919000.0,1.012E7,
4628000.0,2878000.0,1491000.0,7682000.0,4002000.0,2301000.0,1488000.0,1641000.0,1426000.0,9912000.0,1.005E7,
4601000.0,2874000.0,1494000.0,7689000.0,3961000.0,2301000.0,1494000.0,1641000.0,1420000.0,9912000.0,1.009E7,
4514000.0,2870000.0,1499000.0,7730000.0,3960000.0,2285000.0,1500000.0,1657000.0,1398000.0,9912000.0,1.011E7,
4498000.0,2866000.0,1503000.0,7725000.0,3960000.0,2297000.0,1498000.0,1799000.0,1247000.0,9912000.0,1.011E7,
4460000.0,2868000.0,1505000.0,7732000.0,3948000.0,2314000.0,1485000.0,1817000.0,1223000.0,9912000.0,1.013E7,
4436000.0,2871000.0,1508000.0,7724000.0,3941000.0,2314000.0,1479000.0,1837000.0,1203000.0,9961000.0,1.015E7,
4582000.0,2882000.0,1509000.0,7695000.0,3947000.0,2316000.0,1471000.0,1852000.0,1221000.0,9929000.0,9974000.0,
4550000.0,2886000.0,1515000.0,7696000.0,3930000.0,2320000.0,1475000.0,1869000.0,1190000.0,9929000.0,9997000.0,
4589000.0,2889000.0,1516000.0,7668000.0,3930000.0,2320000.0,1483000.0,1919000.0,1198000.0,1.001E7,9922000.0,
4586000.0,2879000.0,1520000.0,7663000.0,3856000.0,2315000.0,1488000.0,1956000.0,1149000.0,1.001E7,1.001E7,
4570000.0,2875000.0,1524000.0,7638000.0,5344000.0,781000.0,1498000.0,1945000.0,1149000.0,1.001E7,1.005E7,
4558000.0,2873000.0,1527000.0,7648000.0,5330000.0,793000.0,1497000.0,1959000.0,1125000.0,1.001E7,1.007E7,
4621000.0,2859000.0,1490000.0,7656000.0,5316000.0,905600.0,1389000.0,1963000.0,1200000.0,9970000.0,1.005E7,
4582000.0,2870000.0,1493000.0,7672000.0,5320000.0,893500.0,1404000.0,1986000.0,1156000.0,9970000.0,1.006E7,
4607000.0,2872000.0,1457000.0,7667000.0,5250000.0,888700.0,1425000.0,1975000.0,1180000.0,9936000.0,1.013E7,
4721000.0,2869000.0,1464000.0,7657000.0,5185000.0,888700.0,1432000.0,1969000.0,1299000.0,9816000.0,1.006E7,
4689000.0,2874000.0,1455000.0,7664000.0,5135000.0,894700.0,1424000.0,1993000.0,1270000.0,9816000.0,1.013E7,
4678000.0,2873000.0,1457000.0,7664000.0,5103000.0,900700.0,1424000.0,1987000.0,1270000.0,9816000.0,1.016E7,
4612000.0,2877000.0,1458000.0,7685000.0,5022000.0,900600.0,1424000.0,1987000.0,1270000.0,9865000.0,1.024E7,
4695000.0,2879000.0,1460000.0,7670000.0,4992000.0,900600.0,1424000.0,2047000.0,1321000.0,9803000.0,1.018E7,
4682000.0,2879000.0,1464000.0,7660000.0,4908000.0,1120000.0,1209000.0,2058000.0,1305000.0,9803000.0,1.026E7,
4670000.0,2880000.0,1465000.0,7650000.0,4844000.0,1124000.0,1214000.0,2081000.0,1272000.0,9803000.0,1.033E7,
4900000.0,2873000.0,1477000.0,7635000.0,4758000.0,1109000.0,1214000.0,2115000.0,1371000.0,9670000.0,1.018E7,
5130000.0,2874000.0,1484000.0,7629000.0,4722000.0,1109000.0,1223000.0,2150000.0,1461000.0,9583000.0,9956000.0,
5451000.0,2870000.0,1488000.0,7619000.0,4675000.0,1118000.0,1206000.0,2207000.0,1620000.0,9512000.0,9684000.0,
5533000.0,2868000.0,1493000.0,7641000.0,4634000.0,1125000.0,1224000.0,2182000.0,1620000.0,9512000.0,9579000.0,
5502000.0,2868000.0,1483000.0,7633000.0,4566000.0,1125000.0,1232000.0,2191000.0,1603000.0,9512000.0,9659000.0,
5475000.0,2866000.0,1489000.0,7646000.0,4503000.0,1125000.0,1232000.0,2191000.0,1603000.0,9512000.0,9722000.0,
5440000.0,2866000.0,1495000.0,7646000.0,4490000.0,1132000.0,1225000.0,2220000.0,1574000.0,9559000.0,9734000.0,
5557000.0,2865000.0,1497000.0,7644000.0,4447000.0,1120000.0,1231000.0,2214000.0,1636000.0,9545000.0,9649000.0,
5583000.0,2854000.0,1507000.0,7739000.0,4430000.0,1120000.0,1231000.0,2240000.0,1610000.0,9545000.0,9510000.0,
5554000.0,2849000.0,1515000.0,7724000.0,4408000.0,1127000.0,1224000.0,2300000.0,1550000.0,9545000.0,9531000.0,
5506000.0,2850000.0,1521000.0,7714000.0,4415000.0,1132000.0,1225000.0,2336000.0,1500000.0,9545000.0,9554000.0,
5486000.0,2848000.0,1524000.0,7723000.0,4400000.0,1140000.0,1217000.0,2336000.0,1500000.0,9545000.0,9569000.0,
5437000.0,2854000.0,1502000.0,7710000.0,5066000.0,450900.0,1217000.0,2361000.0,1476000.0,9545000.0,9614000.0,
5481000.0,2837000.0,1505000.0,7732000.0,5056000.0,443300.0,1231000.0,2346000.0,1476000.0,9593000.0,9545000.0,
5463000.0,2833000.0,1512000.0,7715000.0,4983000.0,449300.0,1231000.0,2340000.0,1476000.0,9593000.0,9619000.0,
5439000.0,2835000.0,1515000.0,7701000.0,4958000.0,448600.0,1231000.0,2377000.0,1439000.0,9593000.0,9643000.0,
5500000.0,2814000.0,1500000.0,7708000.0,4958000.0,454500.0,1225000.0,2377000.0,1439000.0,9593000.0,9555000.0,
5444000.0,2805000.0,1502000.0,7727000.0,4914000.0,454500.0,1234000.0,2405000.0,1402000.0,9641000.0,9599000.0,
5517000.0,2793000.0,1501000.0,7718000.0,4902000.0,460900.0,1255000.0,2433000.0,1354000.0,9728000.0,9493000.0,
5511000.0,2781000.0,1489000.0,7718000.0,4866000.0,444700.0,1266000.0,2437000.0,1384000.0,9683000.0,9560000.0,
5488000.0,2792000.0,1490000.0,7698000.0,4713000.0,448600.0,1262000.0,2437000.0,1384000.0,9732000.0,9713000.0,
5646000.0,2802000.0,1494000.0,7705000.0,4633000.0,458500.0,1258000.0,2431000.0,1546000.0,9569000.0,9590000.0,
5592000.0,2803000.0,1498000.0,7723000.0,4616000.0,458500.0,1264000.0,2465000.0,1506000.0,9569000.0,9607000.0,
5602000.0,2801000.0,1496000.0,7735000.0,4603000.0,458500.0,1264000.0,2471000.0,1500000.0,9665000.0,9577000.0,
5517000.0,2788000.0,1502000.0,7754000.0,4484000.0,458500.0,1280000.0,2465000.0,1580000.0,9575000.0,9714000.0,
5498000.0,2797000.0,1502000.0,7749000.0,4494000.0,449300.0,1286000.0,2459000.0,1580000.0,9623000.0,9714000.0,
5708000.0,2793000.0,1485000.0,7716000.0,4460000.0,449200.0,1286000.0,2459000.0,1629000.0,9573000.0,9541000.0,
5661000.0,2793000.0,1488000.0,7736000.0,4354000.0,443200.0,1284000.0,2487000.0,1602000.0,9621000.0,9654000.0,
5680000.0,2803000.0,1492000.0,7731000.0,4314000.0,443200.0,1291000.0,2492000.0,1619000.0,9593000.0,9640000.0,
5907000.0,2799000.0,1493000.0,7718000.0,4274000.0,443200.0,1299000.0,2504000.0,1599000.0,9641000.0,9428000.0,
5890000.0,2788000.0,1495000.0,7685000.0,4256000.0,451600.0,1284000.0,2504000.0,1599000.0,9689000.0,9453000.0,
5730000.0,2787000.0,1501000.0,7794000.0,4141000.0,458000.0,1278000.0,2523000.0,1666000.0,9700000.0,9567000.0,
5941000.0,2789000.0,1481000.0,7792000.0,4119000.0,464000.0,1278000.0,2541000.0,1714000.0,9675000.0,9364000.0,
5911000.0,2777000.0,1485000.0,7788000.0,4035000.0,488300.0,1259000.0,2581000.0,1813000.0,9579000.0,9448000.0,
5886000.0,2771000.0,1490000.0,7769000.0,3995000.0,494300.0,1253000.0,2674000.0,1721000.0,9579000.0,9488000.0,
5827000.0,2770000.0,1493000.0,7762000.0,3973000.0,504600.0,1243000.0,2673000.0,1719000.0,9579000.0,9510000.0,
5804000.0,2767000.0,1495000.0,7734000.0,3926000.0,510500.0,1245000.0,2665000.0,1718000.0,9627000.0,9557000.0,
5777000.0,2773000.0,1498000.0,7709000.0,3901000.0,528500.0,1227000.0,2717000.0,1688000.0,9603000.0,9582000.0,
5702000.0,2785000.0,1500000.0,7716000.0,3888000.0,546300.0,1215000.0,2728000.0,1669000.0,9603000.0,9595000.0,
5678000.0,2768000.0,1502000.0,7696000.0,3869000.0,546200.0,1221000.0,2716000.0,1667000.0,9651000.0,9621000.0,
5630000.0,2794000.0,1503000.0,7663000.0,3822000.0,558300.0,1215000.0,2748000.0,1629000.0,9748000.0,9667000.0,
5682000.0,2793000.0,1472000.0,7623000.0,3791000.0,553300.0,1224000.0,2764000.0,1629000.0,9721000.0,9663000.0,
5729000.0,2809000.0,1475000.0,7610000.0,3656000.0,559200.0,1218000.0,2763000.0,1637000.0,9712000.0,9693000.0,
5705000.0,2803000.0,1479000.0,7579000.0,3544000.0,576800.0,1200000.0,2763000.0,1637000.0,9712000.0,9805000.0,
5652000.0,2799000.0,1480000.0,7566000.0,3481000.0,575200.0,1209000.0,2754000.0,1637000.0,9761000.0,9870000.0,
5612000.0,2794000.0,1483000.0,7558000.0,3426000.0,581600.0,1211000.0,2746000.0,1637000.0,9810000.0,9924000.0,
5538000.0,2788000.0,1489000.0,7586000.0,3351000.0,581600.0,1211000.0,2746000.0,1637000.0,9859000.0,1.0E7,
5680000.0,2792000.0,1492000.0,7576000.0,3330000.0,561500.0,1211000.0,2746000.0,1681000.0,9814000.0,9878000.0,
5566000.0,2782000.0,1493000.0,7633000.0,3310000.0,561500.0,1232000.0,2789000.0,1618000.0,9814000.0,9898000.0,
5691000.0,2773000.0,1497000.0,7618000.0,3297000.0,551400.0,1232000.0,2803000.0,1737000.0,9829000.0,9781000.0,
5636000.0,2763000.0,1501000.0,7609000.0,3232000.0,557400.0,1226000.0,2823000.0,1717000.0,9829000.0,9846000.0,
5613000.0,2774000.0,1503000.0,7589000.0,3196000.0,563500.0,1220000.0,2837000.0,1703000.0,9829000.0,9882000.0,
5568000.0,2777000.0,1503000.0,7600000.0,3196000.0,570700.0,1218000.0,2831000.0,1703000.0,9829000.0,9882000.0,
5546000.0,2769000.0,1494000.0,7565000.0,3196000.0,576800.0,1212000.0,2854000.0,1680000.0,9829000.0,9895000.0,
5492000.0,2775000.0,1495000.0,7558000.0,3202000.0,582100.0,1200000.0,2854000.0,1680000.0,9829000.0,9919000.0,
5515000.0,2782000.0,1489000.0,7545000.0,3125000.0,580600.0,1210000.0,2920000.0,1645000.0,9782000.0,9954000.0,
5578000.0,2776000.0,1494000.0,7535000.0,3131000.0,574500.0,1225000.0,2934000.0,1680000.0,9718000.0,9882000.0,
5551000.0,2779000.0,1497000.0,7545000.0,3122000.0,567500.0,1234000.0,2952000.0,1647000.0,9766000.0,9904000.0,
5492000.0,2784000.0,1501000.0,7562000.0,3056000.0,567500.0,1234000.0,2977000.0,1622000.0,9766000.0,9969000.0,
5583000.0,2761000.0,1513000.0,7569000.0,3061000.0,562600.0,1249000.0,2962000.0,1657000.0,9780000.0,9861000.0,
5545000.0,2758000.0,1515000.0,7563000.0,3061000.0,562600.0,1265000.0,3049000.0,1554000.0,9780000.0,9861000.0,
5496000.0,2786000.0,1522000.0,7546000.0,3010000.0,1280000.0,555500.0,3034000.0,1554000.0,9780000.0,9920000.0,
5674000.0,2788000.0,1525000.0,7528000.0,2965000.0,1292000.0,543400.0,3033000.0,1641000.0,9693000.0,9756000.0,
5645000.0,2791000.0,1523000.0,7521000.0,2912000.0,1298000.0,543400.0,3049000.0,1619000.0,9790000.0,9810000.0,
5516000.0,2776000.0,1527000.0,7596000.0,2857000.0,1299000.0,575600.0,3071000.0,1559000.0,9790000.0,9869000.0,
5485000.0,2777000.0,1530000.0,7593000.0,2857000.0,1304000.0,582800.0,3208000.0,1410000.0,9839000.0,9869000.0,
5374000.0,2798000.0,1531000.0,7636000.0,2862000.0,1307000.0,614000.0,3188000.0,1390000.0,9839000.0,9869000.0,
5332000.0,2816000.0,1540000.0,7626000.0,2867000.0,1314000.0,608100.0,3192000.0,1380000.0,9839000.0,9869000.0,
5269000.0,2823000.0,1541000.0,7641000.0,2859000.0,1309000.0,632300.0,3203000.0,1345000.0,9888000.0,9881000.0,
5249000.0,2825000.0,1544000.0,7627000.0,2859000.0,1309000.0,986800.0,2858000.0,1335000.0,9937000.0,9881000.0,
5215000.0,2834000.0,1548000.0,7623000.0,2871000.0,1297000.0,1011000.0,2853000.0,1316000.0,9937000.0,9881000.0,
5479000.0,2836000.0,1550000.0,7645000.0,2809000.0,1297000.0,1017000.0,2883000.0,1368000.0,9898000.0,9622000.0,
5546000.0,2831000.0,1564000.0,7672000.0,2793000.0,1297000.0,1029000.0,2871000.0,1469000.0,9797000.0,9490000.0,
5519000.0,2834000.0,1567000.0,7678000.0,2731000.0,1297000.0,1035000.0,2907000.0,1618000.0,9607000.0,9552000.0,
5488000.0,2838000.0,1525000.0,7678000.0,2636000.0,1296000.0,1036000.0,2911000.0,1607000.0,9704000.0,9697000.0,
5451000.0,2842000.0,1529000.0,7691000.0,2866000.0,1019000.0,1036000.0,2929000.0,1589000.0,9704000.0,9745000.0,
5417000.0,2828000.0,1534000.0,7711000.0,2866000.0,1031000.0,1030000.0,2936000.0,1576000.0,9704000.0,9745000.0,
5398000.0,2829000.0,1536000.0,7706000.0,2853000.0,1031000.0,1030000.0,2947000.0,1565000.0,9704000.0,9758000.0,
5207000.0,2829000.0,1540000.0,7873000.0,2818000.0,1031000.0,1030000.0,2980000.0,1532000.0,9704000.0,9793000.0,
5185000.0,2833000.0,1520000.0,7858000.0,3041000.0,771800.0,1030000.0,2980000.0,1532000.0,9801000.0,9851000.0,
5288000.0,2827000.0,1521000.0,7870000.0,3224000.0,589300.0,1042000.0,3035000.0,1523000.0,9791000.0,9707000.0,
5388000.0,2824000.0,1525000.0,7866000.0,3224000.0,596600.0,1040000.0,3052000.0,1533000.0,9759000.0,9580000.0,
5369000.0,2830000.0,1527000.0,7857000.0,3155000.0,602700.0,1034000.0,3064000.0,1521000.0,9857000.0,9648000.0,
5484000.0,2837000.0,1520000.0,7853000.0,3155000.0,610000.0,1041000.0,3176000.0,1450000.0,9851000.0,9502000.0,
5455000.0,2842000.0,1526000.0,7870000.0,3120000.0,611200.0,1033000.0,3176000.0,1477000.0,9922000.0,9544000.0,
5304000.0,2830000.0,1528000.0,7963000.0,3088000.0,611200.0,1051000.0,3157000.0,1477000.0,9972000.0,9576000.0,
5278000.0,2829000.0,1528000.0,7945000.0,3066000.0,611200.0,1091000.0,3191000.0,1403000.0,9972000.0,9598000.0,
5245000.0,2825000.0,1529000.0,7926000.0,3029000.0,611200.0,1097000.0,3195000.0,1532000.0,9981000.0,9635000.0,
5220000.0,2829000.0,1531000.0,7896000.0,3010000.0,626800.0,1081000.0,3202000.0,1518000.0,9981000.0,9659000.0,
5345000.0,2825000.0,1535000.0,7870000.0,3021000.0,621500.0,1081000.0,3211000.0,1549000.0,9935000.0,9515000.0,
5226000.0,2820000.0,1539000.0,7931000.0,3021000.0,621400.0,1081000.0,3236000.0,1585000.0,9874000.0,9515000.0,
5215000.0,2817000.0,1547000.0,7910000.0,3002000.0,629000.0,1096000.0,3224000.0,1574000.0,9874000.0,9534000.0,
5151000.0,2820000.0,1551000.0,7918000.0,3002000.0,635000.0,1117000.0,3198000.0,1719000.0,9729000.0,9534000.0,
5125000.0,2815000.0,1552000.0,7897000.0,2984000.0,635000.0,1140000.0,3174000.0,1719000.0,9777000.0,9552000.0,
5099000.0,2811000.0,1557000.0,7882000.0,3199000.0,378800.0,1158000.0,3177000.0,1698000.0,9777000.0,9593000.0,
5012000.0,2816000.0,1561000.0,7922000.0,3205000.0,372700.0,1175000.0,3189000.0,1863000.0,9682000.0,9593000.0,
4981000.0,2813000.0,1550000.0,7889000.0,3188000.0,372700.0,1195000.0,3169000.0,1894000.0,9651000.0,9627000.0,
4956000.0,2812000.0,1557000.0,7874000.0,3087000.0,378700.0,1207000.0,3151000.0,1894000.0,9651000.0,9727000.0,
4939000.0,2811000.0,1562000.0,7856000.0,3087000.0,378700.0,1207000.0,3186000.0,1859000.0,9651000.0,9727000.0,
5040000.0,2812000.0,1568000.0,7953000.0,3064000.0,378700.0,1213000.0,3180000.0,1916000.0,9594000.0,9490000.0,
5026000.0,2812000.0,1570000.0,7919000.0,3064000.0,378700.0,1219000.0,3188000.0,1902000.0,9594000.0,9490000.0,
5004000.0,2818000.0,1564000.0,7919000.0,3022000.0,390800.0,1213000.0,3200000.0,1883000.0,9642000.0,9545000.0,
4992000.0,2817000.0,1568000.0,7889000.0,2975000.0,384700.0,1213000.0,3217000.0,1891000.0,9616000.0,9598000.0,
4966000.0,2817000.0,1573000.0,7871000.0,2975000.0,394600.0,1209000.0,3238000.0,1899000.0,9629000.0,9598000.0,
4942000.0,2822000.0,1575000.0,7861000.0,2962000.0,400600.0,1209000.0,3260000.0,1871000.0,9629000.0,9610000.0,
4926000.0,2825000.0,1578000.0,7832000.0,2932000.0,406600.0,1693000.0,2770000.0,1871000.0,9629000.0,9640000.0,
4900000.0,2809000.0,1580000.0,7827000.0,2932000.0,406600.0,1699000.0,2775000.0,1860000.0,9677000.0,9640000.0,
4850000.0,2814000.0,1581000.0,7850000.0,2919000.0,411400.0,1694000.0,2775000.0,1860000.0,9677000.0,9653000.0,
4813000.0,2814000.0,1582000.0,7851000.0,2897000.0,411400.0,1718000.0,2775000.0,1835000.0,9677000.0,9675000.0,
4779000.0,2812000.0,1587000.0,7853000.0,2913000.0,399500.0,1719000.0,2780000.0,1824000.0,9677000.0,9675000.0,
4750000.0,2814000.0,1591000.0,7846000.0,2913000.0,399500.0,1731000.0,2768000.0,1824000.0,9726000.0,9675000.0,
4673000.0,2824000.0,1584000.0,7882000.0,2889000.0,406000.0,1741000.0,2752000.0,1824000.0,9823000.0,9716000.0,
4632000.0,2825000.0,1587000.0,7899000.0,2907000.0,375900.0,1741000.0,2752000.0,1824000.0,9823000.0,9729000.0,
4604000.0,2828000.0,1590000.0,7902000.0,2894000.0,384200.0,1739000.0,2757000.0,1813000.0,9823000.0,9741000.0,
4576000.0,2840000.0,1592000.0,7980000.0,2882000.0,384200.0,1757000.0,2739000.0,1875000.0,9762000.0,9669000.0,
4572000.0,2831000.0,1596000.0,7975000.0,2882000.0,390200.0,1751000.0,2739000.0,1875000.0,9810000.0,9669000.0,
4792000.0,2829000.0,1610000.0,7961000.0,2846000.0,407100.0,1870000.0,2612000.0,1962000.0,9761000.0,9467000.0,
4777000.0,2827000.0,1619000.0,7959000.0,2803000.0,405900.0,1886000.0,2614000.0,2071000.0,9727000.0,9516000.0,
4755000.0,2825000.0,1621000.0,7970000.0,2769000.0,416300.0,1880000.0,2709000.0,2103000.0,9594000.0,9552000.0,
4739000.0,2830000.0,1625000.0,7938000.0,2736000.0,422300.0,1874000.0,2715000.0,2097000.0,9594000.0,9585000.0,
4928000.0,2828000.0,1627000.0,7934000.0,2695000.0,434300.0,1868000.0,2715000.0,2091000.0,9642000.0,9420000.0,
4920000.0,2825000.0,1633000.0,7899000.0,2695000.0,440300.0,2294000.0,2343000.0,2145000.0,9527000.0,9420000.0,
4898000.0,2819000.0,1637000.0,7889000.0,2660000.0,458700.0,2275000.0,2388000.0,2100000.0,9527000.0,9455000.0,
4885000.0,2807000.0,1641000.0,7859000.0,2657000.0,443900.0,2281000.0,2395000.0,2087000.0,9527000.0,9473000.0,
4869000.0,2801000.0,1643000.0,7859000.0,2640000.0,449700.0,2269000.0,2469000.0,2012000.0,9527000.0,9496000.0,
4854000.0,2803000.0,1644000.0,7849000.0,2639000.0,449000.0,3764000.0,972600.0,2012000.0,9527000.0,9496000.0,
4828000.0,2801000.0,1646000.0,7861000.0,2605000.0,455000.0,3758000.0,1015000.0,1970000.0,9527000.0,9529000.0,
4775000.0,2815000.0,1648000.0,7878000.0,2583000.0,461100.0,3752000.0,1015000.0,1970000.0,9527000.0,9552000.0,
4699000.0,2813000.0,1654000.0,7925000.0,2583000.0,461100.0,3758000.0,1071000.0,1907000.0,9527000.0,9552000.0,
4678000.0,2806000.0,1663000.0,7934000.0,2542000.0,461100.0,3758000.0,1091000.0,1887000.0,9527000.0,9592000.0,
4875000.0,2811000.0,1665000.0,7934000.0,2500000.0,461100.0,3773000.0,1114000.0,1902000.0,9571000.0,9425000.0,
4860000.0,2804000.0,1672000.0,7928000.0,2506000.0,455000.0,3773000.0,1147000.0,1869000.0,9571000.0,9425000.0,
4717000.0,2810000.0,1676000.0,8052000.0,2457000.0,3061000.0,1176000.0,1165000.0,1841000.0,9571000.0,9474000.0,
4683000.0,2815000.0,1679000.0,8052000.0,2450000.0,3055000.0,1205000.0,1258000.0,1719000.0,9571000.0,9487000.0,
4630000.0,2834000.0,1678000.0,8048000.0,2425000.0,3066000.0,1194000.0,1399000.0,1578000.0,9571000.0,9512000.0,
4578000.0,2823000.0,1685000.0,8051000.0,2437000.0,3060000.0,1218000.0,1379000.0,1568000.0,9571000.0,9525000.0,
4574000.0,2814000.0,1688000.0,8031000.0,2437000.0,3068000.0,1210000.0,1493000.0,1454000.0,9571000.0,9525000.0,
4561000.0,2824000.0,1691000.0,8021000.0,2425000.0,3074000.0,1204000.0,1493000.0,1454000.0,9571000.0,9537000.0,
4530000.0,2817000.0,1696000.0,8024000.0,2425000.0,3079000.0,1200000.0,1493000.0,1454000.0,9619000.0,9537000.0,
4496000.0,2822000.0,1700000.0,8024000.0,2428000.0,3075000.0,1200000.0,1508000.0,1473000.0,9633000.0,9537000.0,
4453000.0,2834000.0,1680000.0,8022000.0,2391000.0,3082000.0,1199000.0,1536000.0,1438000.0,9633000.0,9597000.0,
4408000.0,2834000.0,1685000.0,8002000.0,2378000.0,3082000.0,1199000.0,1536000.0,1438000.0,9681000.0,9610000.0,
4261000.0,2850000.0,1689000.0,8084000.0,2393000.0,3074000.0,1192000.0,1567000.0,1407000.0,9681000.0,9610000.0,
4240000.0,2850000.0,1695000.0,8028000.0,2370000.0,3074000.0,1192000.0,1612000.0,1363000.0,9729000.0,9633000.0,
4466000.0,2850000.0,1696000.0,7995000.0,2370000.0,3074000.0,1198000.0,1620000.0,1442000.0,9635000.0,9394000.0,
4422000.0,2863000.0,1700000.0,8007000.0,2329000.0,3081000.0,1191000.0,1638000.0,1425000.0,9683000.0,9435000.0,
4393000.0,2862000.0,1703000.0,7968000.0,2303000.0,3087000.0,1185000.0,1638000.0,1505000.0,9604000.0,9460000.0,
4344000.0,2866000.0,1704000.0,7983000.0,2303000.0,3092000.0,1189000.0,1661000.0,1472000.0,9604000.0,9460000.0,
4306000.0,2878000.0,1704000.0,7978000.0,2297000.0,3086000.0,1195000.0,1678000.0,1449000.0,9604000.0,9472000.0,
4084000.0,2894000.0,1706000.0,8163000.0,2303000.0,3080000.0,1220000.0,1675000.0,1488000.0,9544000.0,9472000.0,
4034000.0,2893000.0,1712000.0,8148000.0,2291000.0,3069000.0,1226000.0,1706000.0,1451000.0,9544000.0,9520000.0,
3962000.0,2881000.0,1718000.0,8196000.0,2252000.0,3075000.0,1937000.0,981700.0,1451000.0,9591000.0,9566000.0,
3943000.0,2862000.0,1722000.0,8195000.0,2217000.0,3075000.0,1965000.0,964900.0,1441000.0,9591000.0,9601000.0,
4124000.0,2850000.0,1727000.0,8215000.0,2217000.0,3081000.0,1959000.0,986400.0,1419000.0,9591000.0,9381000.0,
4110000.0,2846000.0,1730000.0,8210000.0,2194000.0,3081000.0,1972000.0,983800.0,1409000.0,9591000.0,9403000.0,
4093000.0,2845000.0,1731000.0,8177000.0,2147000.0,3087000.0,1965000.0,1008000.0,1385000.0,9639000.0,9450000.0,
4082000.0,2844000.0,1735000.0,8160000.0,2086000.0,3082000.0,1973000.0,1030000.0,1355000.0,9639000.0,9515000.0,
4056000.0,2846000.0,1735000.0,8155000.0,2051000.0,3076000.0,1973000.0,1030000.0,1355000.0,9639000.0,9557000.0,
3899000.0,2848000.0,1738000.0,8271000.0,2032000.0,3070000.0,1979000.0,1024000.0,1390000.0,9604000.0,9582000.0,
3877000.0,2847000.0,1732000.0,8256000.0,2007000.0,3070000.0,1979000.0,1039000.0,1375000.0,9652000.0,9621000.0,
3972000.0,2839000.0,1734000.0,8228000.0,1941000.0,3089000.0,1967000.0,1037000.0,1385000.0,9680000.0,9576000.0,
3934000.0,2839000.0,1723000.0,8215000.0,1917000.0,3089000.0,1967000.0,1068000.0,1355000.0,9680000.0,9617000.0,
3915000.0,2834000.0,1726000.0,8171000.0,1916000.0,3095000.0,1961000.0,1078000.0,1344000.0,9728000.0,9617000.0,
3870000.0,2839000.0,1730000.0,8181000.0,1910000.0,3095000.0,1961000.0,1083000.0,1334000.0,9777000.0,9629000.0,
3803000.0,2837000.0,1733000.0,8233000.0,1898000.0,3101000.0,1955000.0,1133000.0,1284000.0,9777000.0,9642000.0,
3781000.0,2846000.0,1736000.0,8202000.0,1904000.0,3101000.0,1949000.0,1213000.0,1203000.0,9826000.0,9642000.0,
3728000.0,2865000.0,1738000.0,8214000.0,1865000.0,3089000.0,1958000.0,1217000.0,1190000.0,9875000.0,9693000.0,
3685000.0,2851000.0,1748000.0,8241000.0,1871000.0,3092000.0,1957000.0,1242000.0,1156000.0,9875000.0,9693000.0,
3583000.0,2850000.0,1750000.0,8311000.0,1827000.0,3094000.0,1956000.0,1236000.0,1156000.0,1.002E7,9743000.0,
3588000.0,2841000.0,1742000.0,8326000.0,1845000.0,3088000.0,1965000.0,1325000.0,1110000.0,1.001E7,9715000.0,
3702000.0,2854000.0,1744000.0,8302000.0,1827000.0,3082000.0,1965000.0,1325000.0,1262000.0,9859000.0,9599000.0,
3694000.0,2847000.0,1727000.0,8286000.0,1808000.0,3082000.0,1984000.0,1418000.0,1143000.0,9957000.0,9647000.0,
3663000.0,2851000.0,1734000.0,8277000.0,2285000.0,2589000.0,1978000.0,1429000.0,1132000.0,9957000.0,9669000.0,
3623000.0,2855000.0,1738000.0,8254000.0,2269000.0,2583000.0,1986000.0,1443000.0,1110000.0,1.001E7,9691000.0,
3621000.0,2852000.0,1743000.0,8219000.0,2251000.0,2577000.0,2024000.0,1482000.0,1033000.0,1.001E7,9715000.0,
3612000.0,2849000.0,1749000.0,8189000.0,2251000.0,2577000.0,2024000.0,1491000.0,1024000.0,1.001E7,9715000.0,
3599000.0,2845000.0,1755000.0,8185000.0,2257000.0,2570000.0,2042000.0,1473000.0,1024000.0,1.001E7,9715000.0,
3577000.0,2849000.0,1759000.0,8186000.0,2231000.0,2577000.0,2036000.0,1473000.0,1023000.0,1.001E7,9740000.0,
3569000.0,2844000.0,1766000.0,8187000.0,2212000.0,2577000.0,2044000.0,1459000.0,1023000.0,1.001E7,9765000.0,
3567000.0,2842000.0,1768000.0,8147000.0,2212000.0,2589000.0,2032000.0,1479000.0,1003000.0,1.001E7,9765000.0,
3624000.0,2856000.0,1769000.0,8116000.0,2224000.0,2584000.0,2037000.0,1521000.0,1014000.0,9943000.0,9685000.0,
3675000.0,2864000.0,1772000.0,8096000.0,2206000.0,2584000.0,2042000.0,1526000.0,1064000.0,9932000.0,9635000.0,
3672000.0,2865000.0,1752000.0,8041000.0,2173000.0,3833000.0,784100.0,1552000.0,1029000.0,9932000.0,9707000.0,
3658000.0,2860000.0,1759000.0,8028000.0,2165000.0,3827000.0,784000.0,1650000.0,931100.0,9932000.0,9721000.0,
3625000.0,2847000.0,1744000.0,8027000.0,2159000.0,3827000.0,778000.0,1650000.0,931100.0,1.003E7,9757000.0,
3584000.0,2853000.0,1747000.0,7973000.0,2165000.0,3821000.0,786000.0,1642000.0,931100.0,1.003E7,9757000.0,
3560000.0,2847000.0,1727000.0,7956000.0,2643000.0,3325000.0,786000.0,1670000.0,902400.0,1.003E7,9797000.0,
3545000.0,2828000.0,1717000.0,7930000.0,2610000.0,3319000.0,786000.0,1670000.0,902400.0,1.003E7,9850000.0,
3610000.0,2823000.0,1726000.0,7896000.0,2580000.0,3320000.0,778900.0,1714000.0,920700.0,1.002E7,9795000.0,
3586000.0,2813000.0,1729000.0,7893000.0,2586000.0,3326000.0,775100.0,1706000.0,920700.0,1.002E7,9795000.0,
3570000.0,2816000.0,1735000.0,7878000.0,2534000.0,3320000.0,779900.0,1701000.0,920700.0,1.002E7,9854000.0,
3555000.0,2814000.0,1742000.0,7819000.0,2534000.0,3327000.0,780800.0,1703000.0,910300.0,1.002E7,9854000.0,
3577000.0,2812000.0,1725000.0,7877000.0,2504000.0,3321000.0,780800.0,1703000.0,930700.0,1.005E7,9788000.0,
3555000.0,2811000.0,1726000.0,7867000.0,2487000.0,3315000.0,780800.0,1703000.0,930700.0,1.005E7,9811000.0,
3643000.0,2802000.0,1712000.0,7872000.0,2460000.0,3315000.0,785600.0,1720000.0,993500.0,9964000.0,9741000.0,
3782000.0,2800000.0,1716000.0,7832000.0,2403000.0,3322000.0,786600.0,1727000.0,1056000.0,9987000.0,9657000.0,
3842000.0,2802000.0,1718000.0,7836000.0,2403000.0,3327000.0,781800.0,1727000.0,1344000.0,9698000.0,9559000.0,
3836000.0,2800000.0,1696000.0,7821000.0,2403000.0,3327000.0,781800.0,1727000.0,1344000.0,9698000.0,9584000.0,
3826000.0,2794000.0,1702000.0,7816000.0,2390000.0,3334000.0,781400.0,1736000.0,1394000.0,9829000.0,9596000.0,
3818000.0,2784000.0,1705000.0,7816000.0,2396000.0,3340000.0,775400.0,1759000.0,1391000.0,9802000.0,9596000.0,
3808000.0,2774000.0,1708000.0,7807000.0,2396000.0,3340000.0,783400.0,1772000.0,1418000.0,9755000.0,9596000.0,
3786000.0,2776000.0,1712000.0,7788000.0,2388000.0,3334000.0,804300.0,1761000.0,1470000.0,9741000.0,9610000.0,
3777000.0,2776000.0,1676000.0,7783000.0,2340000.0,3334000.0,816400.0,1749000.0,1470000.0,9741000.0,9698000.0,
3760000.0,2773000.0,1662000.0,7755000.0,2328000.0,3333000.0,820900.0,1754000.0,1459000.0,9790000.0,9734000.0,
3748000.0,2767000.0,1667000.0,7758000.0,2352000.0,3298000.0,813800.0,1765000.0,1448000.0,9888000.0,9752000.0,
3746000.0,2753000.0,1669000.0,7744000.0,2370000.0,3280000.0,819800.0,1770000.0,1437000.0,9888000.0,9752000.0,
3886000.0,2752000.0,1673000.0,7739000.0,2372000.0,3255000.0,819800.0,1770000.0,1467000.0,9859000.0,9630000.0,
3999000.0,2748000.0,1678000.0,7725000.0,2402000.0,3225000.0,825800.0,1763000.0,1497000.0,9829000.0,9511000.0,
3952000.0,2757000.0,1685000.0,7720000.0,2685000.0,2925000.0,828100.0,1759000.0,1487000.0,9829000.0,9541000.0,
3928000.0,2756000.0,1689000.0,7712000.0,2659000.0,2932000.0,821400.0,1759000.0,1501000.0,9814000.0,9566000.0,
3909000.0,2763000.0,1674000.0,7693000.0,2624000.0,3388000.0,816600.0,1324000.0,1507000.0,9841000.0,9620000.0,
3968000.0,2768000.0,1665000.0,7673000.0,2543000.0,3388000.0,824900.0,1332000.0,1617000.0,9813000.0,9642000.0,
3937000.0,2792000.0,1645000.0,7649000.0,2526000.0,3382000.0,845000.0,1311000.0,1617000.0,9912000.0,9687000.0,
3918000.0,2788000.0,1648000.0,7649000.0,2526000.0,3388000.0,838400.0,1311000.0,1617000.0,9912000.0,9687000.0,
3869000.0,2783000.0,1656000.0,7670000.0,2496000.0,3387000.0,851300.0,1410000.0,1500000.0,9961000.0,9722000.0,
3979000.0,2775000.0,1663000.0,7658000.0,2484000.0,3373000.0,855700.0,1395000.0,1574000.0,9937000.0,9646000.0,
3975000.0,2775000.0,1667000.0,7658000.0,2404000.0,3373000.0,849700.0,1401000.0,1568000.0,9937000.0,9732000.0,
4154000.0,2769000.0,1669000.0,7660000.0,2380000.0,3367000.0,849700.0,1401000.0,1596000.0,9959000.0,9555000.0,
4117000.0,2776000.0,1672000.0,7646000.0,2382000.0,3343000.0,868600.0,1396000.0,1582000.0,9959000.0,9578000.0,
4144000.0,2775000.0,1641000.0,7745000.0,2875000.0,2829000.0,876900.0,1387000.0,1671000.0,9920000.0,9474000.0,
4119000.0,2765000.0,1651000.0,7726000.0,2842000.0,2823000.0,876800.0,1387000.0,1690000.0,9901000.0,9513000.0,
4118000.0,2763000.0,1652000.0,7712000.0,2825000.0,2823000.0,876800.0,1387000.0,1690000.0,9901000.0,9530000.0,
4114000.0,2764000.0,1654000.0,7693000.0,2825000.0,2823000.0,876800.0,1425000.0,1701000.0,9852000.0,9530000.0,
4092000.0,2762000.0,1658000.0,7694000.0,2811000.0,2811000.0,879000.0,1446000.0,1674000.0,9902000.0,9560000.0,
4080000.0,2762000.0,1659000.0,7674000.0,2746000.0,2803000.0,893400.0,1472000.0,1633000.0,9902000.0,9633000.0,
4036000.0,2767000.0,1639000.0,7698000.0,2746000.0,2803000.0,893400.0,1490000.0,1615000.0,9902000.0,9658000.0,
4030000.0,2764000.0,1643000.0,7693000.0,2746000.0,2803000.0,893400.0,1513000.0,1592000.0,1.0E7,9658000.0,
3902000.0,2765000.0,1632000.0,7772000.0,2686000.0,2797000.0,911500.0,1530000.0,1557000.0,1.0E7,9737000.0,
3889000.0,2747000.0,1634000.0,7766000.0,2660000.0,2830000.0,878000.0,1552000.0,1536000.0,1.0E7,9764000.0,
3995000.0,2751000.0,1620000.0,7765000.0,2648000.0,2844000.0,864500.0,1588000.0,1564000.0,9985000.0,9671000.0,
3834000.0,2751000.0,1624000.0,7907000.0,2630000.0,2838000.0,864500.0,1615000.0,1537000.0,9985000.0,9694000.0,
3951000.0,2754000.0,1630000.0,7898000.0,2577000.0,2836000.0,860600.0,1636000.0,1593000.0,9958000.0,9627000.0,
3943000.0,2758000.0,1617000.0,7894000.0,2960000.0,2396000.0,854000.0,1684000.0,1546000.0,9958000.0,9706000.0,
3922000.0,2750000.0,1623000.0,7969000.0,2907000.0,2384000.0,869300.0,1708000.0,1562000.0,9952000.0,9694000.0,
3919000.0,2739000.0,1631000.0,7940000.0,2853000.0,2384000.0,869200.0,1718000.0,1552000.0,9952000.0,9747000.0,
3989000.0,2738000.0,1636000.0,7920000.0,2853000.0,2390000.0,863200.0,1730000.0,1644000.0,9847000.0,9673000.0,
4212000.0,2745000.0,1637000.0,7900000.0,2817000.0,2390000.0,863200.0,1761000.0,1661000.0,9800000.0,9478000.0,
4199000.0,2717000.0,1608000.0,7880000.0,3987000.0,1172000.0,856600.0,1790000.0,1631000.0,9849000.0,9567000.0,
4188000.0,2721000.0,1609000.0,7876000.0,3927000.0,1167000.0,862000.0,1824000.0,1685000.0,9798000.0,9640000.0,
4177000.0,2710000.0,1610000.0,7822000.0,3913000.0,1167000.0,891900.0,1812000.0,1667000.0,9798000.0,9654000.0,
4143000.0,2713000.0,1593000.0,7823000.0,3881000.0,1161000.0,900700.0,1851000.0,1619000.0,9798000.0,9714000.0,
4112000.0,2715000.0,1601000.0,7798000.0,3881000.0,1167000.0,909200.0,1836000.0,1619000.0,9798000.0,9714000.0,
4195000.0,2716000.0,1604000.0,7778000.0,3872000.0,1162000.0,923600.0,1957000.0,1552000.0,9779000.0,9636000.0,
4168000.0,2714000.0,1594000.0,7774000.0,3859000.0,1162000.0,923600.0,1995000.0,1514000.0,9779000.0,9662000.0,
4236000.0,2711000.0,1598000.0,7766000.0,3845000.0,1162000.0,923600.0,2008000.0,1571000.0,9708000.0,9590000.0,
4338000.0,2706000.0,1601000.0,7771000.0,3771000.0,1161000.0,923500.0,2049000.0,1704000.0,9533000.0,9515000.0,
4316000.0,2712000.0,1603000.0,7756000.0,3758000.0,1156000.0,923400.0,2062000.0,1691000.0,9533000.0,9534000.0,
4286000.0,2723000.0,1605000.0,7748000.0,3678000.0,1162000.0,916600.0,2062000.0,1691000.0,9533000.0,9614000.0,
4277000.0,2719000.0,1609000.0,7743000.0,3669000.0,1156000.0,916600.0,2062000.0,1691000.0,9581000.0,9627000.0,
3967000.0,2711000.0,1615000.0,8030000.0,3661000.0,1161000.0,902800.0,2076000.0,1677000.0,9629000.0,9644000.0,
4155000.0,2710000.0,1617000.0,7992000.0,3612000.0,1161000.0,902800.0,2093000.0,1709000.0,9628000.0,9476000.0,
4140000.0,2710000.0,1621000.0,7977000.0,3590000.0,1161000.0,920100.0,2100000.0,1685000.0,9676000.0,9499000.0,
4112000.0,2701000.0,1623000.0,7983000.0,3563000.0,1161000.0,920000.0,2110000.0,1712000.0,9639000.0,9525000.0,
4102000.0,2697000.0,1629000.0,7983000.0,3526000.0,1160000.0,919900.0,2131000.0,1691000.0,9639000.0,9563000.0,
4083000.0,2684000.0,1594000.0,7983000.0,3495000.0,1154000.0,919900.0,2131000.0,1691000.0,9639000.0,9635000.0,
4049000.0,2680000.0,1597000.0,7977000.0,3491000.0,1146000.0,919900.0,2142000.0,1680000.0,9735000.0,9648000.0,
4224000.0,2675000.0,1606000.0,7987000.0,3479000.0,1140000.0,919900.0,2175000.0,1739000.0,9691000.0,9452000.0,
4186000.0,2671000.0,1607000.0,7988000.0,3444000.0,1140000.0,919900.0,2205000.0,1745000.0,9656000.0,9487000.0,
4161000.0,2661000.0,1611000.0,7968000.0,3432000.0,1140000.0,935500.0,2218000.0,1716000.0,9656000.0,9500000.0,
4131000.0,2660000.0,1571000.0,7932000.0,3399000.0,1140000.0,943500.0,2210000.0,1716000.0,9656000.0,9575000.0,
4100000.0,2642000.0,1575000.0,7931000.0,3369000.0,1146000.0,942900.0,2214000.0,1706000.0,9704000.0,9606000.0,
4090000.0,2640000.0,1569000.0,7917000.0,3352000.0,1140000.0,942800.0,2214000.0,1706000.0,9704000.0,9642000.0,
3991000.0,2634000.0,1571000.0,7973000.0,3334000.0,1145000.0,947500.0,2205000.0,1706000.0,9704000.0,9660000.0,
3967000.0,2629000.0,1576000.0,7957000.0,3291000.0,1139000.0,944900.0,2195000.0,1706000.0,9753000.0,9722000.0,
3959000.0,2629000.0,1565000.0,7927000.0,3301000.0,1129000.0,949700.0,2213000.0,1683000.0,9753000.0,9737000.0,
3999000.0,2633000.0,1567000.0,7914000.0,3278000.0,1129000.0,949700.0,2228000.0,1682000.0,9739000.0,9685000.0,
3949000.0,2630000.0,1574000.0,7935000.0,3266000.0,1135000.0,2143000.0,1035000.0,1676000.0,9739000.0,9698000.0,
4094000.0,2627000.0,1578000.0,7916000.0,3242000.0,1129000.0,2156000.0,1126000.0,1597000.0,9761000.0,9565000.0,
4064000.0,2616000.0,1585000.0,7915000.0,3883000.0,454200.0,2168000.0,1132000.0,1612000.0,9728000.0,9598000.0,
4035000.0,2615000.0,1588000.0,7912000.0,3874000.0,441100.0,2168000.0,1166000.0,1578000.0,9728000.0,9620000.0,
4015000.0,2606000.0,1590000.0,7904000.0,3874000.0,441100.0,2174000.0,1181000.0,1558000.0,9776000.0,9620000.0,
3947000.0,2600000.0,1569000.0,7936000.0,3873000.0,441000.0,2174000.0,1180000.0,1558000.0,9825000.0,9645000.0,
3935000.0,2601000.0,1570000.0,7906000.0,3809000.0,440800.0,2185000.0,1198000.0,1529000.0,9874000.0,9709000.0,
3890000.0,2603000.0,1574000.0,7925000.0,3798000.0,434800.0,2191000.0,1192000.0,1529000.0,9874000.0,9726000.0,
3878000.0,2592000.0,1544000.0,7920000.0,3766000.0,434800.0,2191000.0,1205000.0,1516000.0,9874000.0,9792000.0,
3950000.0,2596000.0,1547000.0,7896000.0,3741000.0,450900.0,2175000.0,1236000.0,1537000.0,9822000.0,9727000.0,
3931000.0,2591000.0,1549000.0,7858000.0,3665000.0,444800.0,2187000.0,1298000.0,1463000.0,9871000.0,9809000.0,
4019000.0,2597000.0,1552000.0,7844000.0,3623000.0,456900.0,2181000.0,1303000.0,1509000.0,9863000.0,9737000.0,
4001000.0,2594000.0,1553000.0,7829000.0,3566000.0,451600.0,2189000.0,1294000.0,1509000.0,9863000.0,9800000.0,
3948000.0,2588000.0,1561000.0,7815000.0,3509000.0,439500.0,2212000.0,1307000.0,1473000.0,9863000.0,9869000.0,
3937000.0,2591000.0,1564000.0,7815000.0,3456000.0,439500.0,2212000.0,1320000.0,1461000.0,9912000.0,9922000.0,
3978000.0,2592000.0,1565000.0,7790000.0,3350000.0,439500.0,2218000.0,1336000.0,1577000.0,9774000.0,9969000.0,
4043000.0,2589000.0,1569000.0,7752000.0,3356000.0,433400.0,2227000.0,1360000.0,1647000.0,9768000.0,9876000.0,
3969000.0,2601000.0,1572000.0,7885000.0,3326000.0,433400.0,2243000.0,1420000.0,1635000.0,9753000.0,9812000.0,
3791000.0,2584000.0,1573000.0,8010000.0,3297000.0,427400.0,2243000.0,1440000.0,1615000.0,9753000.0,9847000.0,
3938000.0,2595000.0,1577000.0,7996000.0,3297000.0,427400.0,2243000.0,1470000.0,1619000.0,9718000.0,9673000.0,
4188000.0,2594000.0,1579000.0,7994000.0,3257000.0,427400.0,2243000.0,1488000.0,1811000.0,9507000.0,9455000.0,
4010000.0,2580000.0,1580000.0,8154000.0,3257000.0,427400.0,2243000.0,1517000.0,1782000.0,9555000.0,9455000.0,
3979000.0,2578000.0,1584000.0,8154000.0,3245000.0,441400.0,2229000.0,1517000.0,1782000.0,9555000.0,9468000.0,
3954000.0,2583000.0,1588000.0,8144000.0,3155000.0,447500.0,2229000.0,1522000.0,1771000.0,9555000.0,9557000.0,
3927000.0,2582000.0,1591000.0,8134000.0,3112000.0,447500.0,2247000.0,1504000.0,1771000.0,9555000.0,9600000.0,
4089000.0,2584000.0,1575000.0,8104000.0,3040000.0,451300.0,2767000.0,1074000.0,1677000.0,9602000.0,9515000.0,
4066000.0,2589000.0,1563000.0,8087000.0,2992000.0,459000.0,2777000.0,1070000.0,1721000.0,9545000.0,9579000.0,
4046000.0,2591000.0,1541000.0,8052000.0,2954000.0,465400.0,2782000.0,1091000.0,1689000.0,9593000.0,9641000.0,
4204000.0,2592000.0,1542000.0,8029000.0,2929000.0,1281000.0,1946000.0,1108000.0,1672000.0,9641000.0,9503000.0,
4182000.0,2578000.0,1542000.0,8035000.0,2883000.0,1293000.0,1934000.0,1143000.0,1637000.0,9641000.0,9550000.0,
4152000.0,2575000.0,1536000.0,8032000.0,2866000.0,1293000.0,1940000.0,1191000.0,1576000.0,9689000.0,9580000.0,
4144000.0,2570000.0,1542000.0,8024000.0,2852000.0,1299000.0,1934000.0,1212000.0,1556000.0,9689000.0,9595000.0,
4209000.0,2567000.0,1545000.0,8002000.0,2793000.0,1299000.0,1940000.0,1216000.0,1604000.0,9630000.0,9570000.0,
4261000.0,2580000.0,1534000.0,7962000.0,2780000.0,1310000.0,1929000.0,1358000.0,1501000.0,9681000.0,9510000.0,
4217000.0,2583000.0,1536000.0,7941000.0,2750000.0,1310000.0,1923000.0,1411000.0,1462000.0,9715000.0,9547000.0,
4158000.0,2578000.0,1544000.0,7943000.0,2696000.0,1310000.0,1932000.0,1412000.0,1505000.0,9753000.0,9606000.0,
4140000.0,2573000.0,1538000.0,7938000.0,2682000.0,1302000.0,1932000.0,1426000.0,1490000.0,9753000.0,9635000.0,
4106000.0,2568000.0,1544000.0,7903000.0,2578000.0,1302000.0,1932000.0,1438000.0,1478000.0,9802000.0,9762000.0,
4058000.0,2562000.0,1546000.0,7936000.0,3313000.0,509100.0,1932000.0,1464000.0,1453000.0,9802000.0,9820000.0,
4043000.0,2557000.0,1545000.0,7911000.0,3301000.0,515100.0,1926000.0,1464000.0,1453000.0,9851000.0,9832000.0,
4050000.0,2556000.0,1548000.0,7911000.0,3281000.0,523000.0,1912000.0,1475000.0,1482000.0,9859000.0,9815000.0,
4243000.0,2556000.0,1551000.0,7893000.0,3281000.0,527600.0,1907000.0,1475000.0,1583000.0,9808000.0,9597000.0,
4405000.0,2557000.0,1555000.0,7878000.0,3268000.0,532500.0,1902000.0,1502000.0,1604000.0,9809000.0,9438000.0,
4362000.0,2544000.0,1560000.0,7873000.0,3280000.0,527500.0,1895000.0,1522000.0,1583000.0,9858000.0,9438000.0,
4328000.0,2549000.0,1560000.0,7858000.0,3247000.0,527500.0,1889000.0,1553000.0,1552000.0,9858000.0,9491000.0,
4302000.0,2539000.0,1568000.0,7843000.0,3247000.0,534500.0,1882000.0,1609000.0,1496000.0,9858000.0,9491000.0,
4293000.0,2538000.0,1547000.0,7834000.0,3234000.0,528500.0,1888000.0,1603000.0,1596000.0,9758000.0,9534000.0,
4281000.0,2535000.0,1555000.0,7824000.0,3234000.0,528500.0,1888000.0,1701000.0,1498000.0,9758000.0,9534000.0,
4252000.0,2549000.0,1539000.0,7790000.0,3172000.0,532900.0,1894000.0,1710000.0,1670000.0,9613000.0,9614000.0,
4239000.0,2547000.0,1542000.0,7781000.0,3150000.0,538900.0,1893000.0,1705000.0,1670000.0,9709000.0,9636000.0,
4226000.0,2543000.0,1544000.0,7875000.0,3151000.0,520800.0,1894000.0,1718000.0,1684000.0,9725000.0,9568000.0,
4172000.0,2546000.0,1548000.0,7888000.0,3077000.0,1714000.0,701000.0,1735000.0,1667000.0,9725000.0,9643000.0,
4154000.0,2549000.0,1552000.0,7852000.0,3280000.0,1517000.0,723900.0,1725000.0,1648000.0,9774000.0,9643000.0,
4134000.0,2550000.0,1557000.0,7842000.0,3246000.0,1532000.0,717100.0,1738000.0,1626000.0,9774000.0,9677000.0,
4124000.0,2547000.0,1564000.0,7818000.0,3246000.0,1546000.0,703300.0,1738000.0,1626000.0,9872000.0,9677000.0,
4279000.0,2538000.0,1505000.0,7813000.0,3238000.0,1540000.0,703300.0,1778000.0,1887000.0,9571000.0,9593000.0,
4252000.0,2539000.0,1498000.0,7801000.0,3238000.0,1546000.0,697200.0,1778000.0,1887000.0,9571000.0,9603000.0,
4231000.0,2532000.0,1505000.0,7777000.0,3173000.0,1541000.0,697200.0,1807000.0,1858000.0,9571000.0,9673000.0,
4348000.0,2532000.0,1510000.0,7757000.0,3139000.0,1541000.0,697200.0,1878000.0,1787000.0,9667000.0,9585000.0,
4324000.0,2540000.0,1512000.0,7742000.0,3144000.0,1536000.0,697200.0,1892000.0,1813000.0,9675000.0,9585000.0,
4298000.0,2527000.0,1514000.0,7744000.0,3144000.0,1536000.0,697100.0,1892000.0,1898000.0,9589000.0,9585000.0,
4272000.0,2529000.0,1514000.0,7748000.0,3100000.0,1536000.0,705700.0,1955000.0,1827000.0,9589000.0,9628000.0,
4242000.0,2540000.0,1493000.0,7730000.0,3077000.0,1536000.0,705700.0,1955000.0,1827000.0,9589000.0,9674000.0,
4222000.0,2539000.0,1498000.0,7685000.0,3077000.0,1536000.0,705700.0,1970000.0,1812000.0,9589000.0,9674000.0,
4187000.0,2546000.0,1502000.0,7680000.0,3084000.0,1528000.0,705700.0,1982000.0,1800000.0,9589000.0,9674000.0,
4126000.0,2544000.0,1506000.0,7688000.0,3084000.0,1533000.0,700900.0,2023000.0,1759000.0,9637000.0,9674000.0,
4115000.0,2548000.0,1509000.0,7668000.0,3084000.0,1533000.0,700900.0,2039000.0,1742000.0,9686000.0,9674000.0,
4200000.0,2554000.0,1510000.0,7658000.0,3084000.0,1533000.0,700800.0,2062000.0,1873000.0,9532000.0,9581000.0,
4195000.0,2550000.0,1500000.0,7653000.0,3084000.0,1533000.0,706800.0,2083000.0,1846000.0,9532000.0,9595000.0,
4180000.0,2550000.0,1504000.0,7665000.0,3084000.0,1533000.0,706800.0,2111000.0,1818000.0,9532000.0,9595000.0,
4166000.0,2553000.0,1507000.0,7660000.0,3084000.0,1533000.0,706800.0,2128000.0,1800000.0,9532000.0,9595000.0,
4139000.0,2547000.0,1510000.0,7659000.0,3063000.0,1539000.0,700800.0,2137000.0,1790000.0,9628000.0,9616000.0,
4122000.0,2533000.0,1512000.0,7649000.0,3073000.0,1535000.0,700700.0,2144000.0,1777000.0,9628000.0,9616000.0,
4089000.0,2535000.0,1516000.0,7661000.0,3060000.0,1535000.0,706800.0,2163000.0,1752000.0,9628000.0,9629000.0,
4009000.0,2525000.0,1522000.0,7789000.0,3019000.0,1547000.0,704000.0,2162000.0,1806000.0,9565000.0,9611000.0,
4058000.0,2532000.0,1525000.0,7758000.0,3000000.0,1540000.0,716000.0,2193000.0,1763000.0,9565000.0,9569000.0,
4023000.0,2522000.0,1532000.0,7776000.0,2982000.0,1537000.0,716000.0,2215000.0,1885000.0,9462000.0,9596000.0,
4016000.0,2517000.0,1537000.0,7768000.0,3183000.0,1324000.0,724800.0,2207000.0,1885000.0,9604000.0,9609000.0,
4053000.0,2513000.0,1526000.0,7789000.0,3195000.0,1311000.0,733000.0,2228000.0,1867000.0,9593000.0,9551000.0,
4026000.0,2516000.0,1530000.0,7779000.0,3161000.0,1311000.0,733000.0,2241000.0,1854000.0,9593000.0,9586000.0,
3868000.0,2520000.0,1531000.0,7906000.0,3165000.0,1293000.0,745000.0,2241000.0,1842000.0,9593000.0,9600000.0,
3838000.0,2529000.0,1533000.0,7867000.0,3162000.0,1522000.0,516200.0,2232000.0,1840000.0,9593000.0,9611000.0,
4020000.0,2528000.0,1536000.0,7869000.0,3166000.0,1524000.0,509100.0,2255000.0,1816000.0,9593000.0,9405000.0,
3989000.0,2536000.0,1538000.0,7865000.0,3166000.0,1531000.0,502200.0,2282000.0,1790000.0,9593000.0,9405000.0,
3968000.0,2539000.0,1538000.0,7840000.0,3133000.0,1537000.0,496100.0,2300000.0,1772000.0,9641000.0,9456000.0,
3952000.0,2541000.0,1542000.0,7830000.0,3133000.0,1550000.0,483100.0,2329000.0,1743000.0,9641000.0,9456000.0,
3934000.0,2537000.0,1544000.0,7840000.0,3133000.0,1550000.0,483100.0,2349000.0,1722000.0,9641000.0,9456000.0,
3915000.0,2542000.0,1531000.0,7830000.0,3133000.0,1550000.0,483100.0,2369000.0,1703000.0,9641000.0,9473000.0,
3892000.0,2544000.0,1533000.0,7814000.0,3113000.0,1550000.0,483100.0,2398000.0,1674000.0,9641000.0,9493000.0,
3867000.0,2551000.0,1535000.0,7810000.0,3113000.0,1550000.0,498400.0,2383000.0,1779000.0,9584000.0,9493000.0,
3858000.0,2552000.0,1538000.0,7795000.0,3079000.0,1543000.0,506400.0,2398000.0,1756000.0,9584000.0,9534000.0,
3811000.0,2564000.0,1541000.0,7807000.0,3066000.0,1535000.0,506400.0,2419000.0,1735000.0,9584000.0,9554000.0,
3789000.0,2582000.0,1544000.0,7782000.0,3046000.0,1535000.0,506400.0,2457000.0,1794000.0,9535000.0,9575000.0,
3773000.0,2574000.0,1548000.0,7778000.0,3025000.0,1535000.0,516100.0,2516000.0,1725000.0,9535000.0,9596000.0,
3929000.0,2567000.0,1554000.0,7753000.0,3004000.0,1541000.0,528100.0,2528000.0,1696000.0,9582000.0,9456000.0,
3908000.0,2563000.0,1533000.0,7753000.0,2982000.0,1547000.0,521800.0,2527000.0,1695000.0,9678000.0,9495000.0,
3897000.0,2572000.0,1536000.0,7733000.0,2914000.0,1547000.0,536300.0,2542000.0,1666000.0,9775000.0,9562000.0,
3894000.0,2573000.0,1537000.0,7713000.0,3147000.0,1263000.0,542300.0,2536000.0,1666000.0,9824000.0,9614000.0,
4122000.0,2565000.0,1549000.0,7683000.0,3133000.0,1263000.0,553200.0,2590000.0,1618000.0,9856000.0,9385000.0,
4106000.0,2558000.0,1552000.0,7663000.0,3383000.0,988000.0,553200.0,2614000.0,1594000.0,9905000.0,9409000.0,
4076000.0,2556000.0,1555000.0,7672000.0,3358000.0,988000.0,553200.0,2673000.0,1536000.0,9905000.0,9435000.0,
4028000.0,2560000.0,1546000.0,7666000.0,3357000.0,983000.0,552200.0,2710000.0,1493000.0,9955000.0,9462000.0,
4015000.0,2553000.0,1536000.0,7641000.0,3312000.0,979800.0,565800.0,2708000.0,1477000.0,9955000.0,9529000.0,
3981000.0,2554000.0,1537000.0,7642000.0,3281000.0,985800.0,559800.0,2761000.0,1434000.0,9944000.0,9560000.0,
3948000.0,2548000.0,1540000.0,7624000.0,3730000.0,504200.0,546400.0,2772000.0,1423000.0,9994000.0,9606000.0,
4013000.0,2550000.0,1544000.0,7604000.0,3657000.0,727300.0,338600.0,2824000.0,1424000.0,9926000.0,9593000.0,
4001000.0,2550000.0,1546000.0,7589000.0,3657000.0,733300.0,338600.0,2846000.0,1455000.0,9867000.0,9593000.0,
3981000.0,2549000.0,1551000.0,7569000.0,3657000.0,733300.0,350600.0,2879000.0,1409000.0,9867000.0,9593000.0,
3931000.0,2553000.0,1553000.0,7585000.0,3645000.0,752100.0,331500.0,2924000.0,1364000.0,9867000.0,9605000.0,
3983000.0,2557000.0,1540000.0,7575000.0,3632000.0,741600.0,343600.0,2912000.0,1520000.0,9760000.0,9580000.0,
3944000.0,2563000.0,1543000.0,7550000.0,3619000.0,747700.0,354400.0,2906000.0,1602000.0,9667000.0,9592000.0,
3916000.0,2552000.0,1496000.0,7555000.0,3572000.0,747500.0,366300.0,2962000.0,1533000.0,9715000.0,9690000.0,
3998000.0,2546000.0,1477000.0,7559000.0,3433000.0,747500.0,382000.0,2981000.0,1551000.0,9712000.0,9738000.0,
4057000.0,2546000.0,1480000.0,7586000.0,3409000.0,752300.0,377200.0,3027000.0,1615000.0,9601000.0,9653000.0,
4040000.0,2547000.0,1485000.0,7664000.0,3396000.0,765000.0,1191000.0,2254000.0,1572000.0,9688000.0,9564000.0,
4031000.0,2549000.0,1487000.0,7649000.0,3374000.0,754100.0,1191000.0,2254000.0,1572000.0,9737000.0,9597000.0,
4061000.0,2542000.0,1494000.0,7619000.0,3339000.0,754100.0,1191000.0,2286000.0,1600000.0,9725000.0,9587000.0,
4043000.0,2535000.0,1500000.0,7608000.0,3339000.0,754100.0,1191000.0,2286000.0,1718000.0,9607000.0,9587000.0,
4175000.0,2545000.0,1502000.0,7598000.0,3293000.0,754100.0,1191000.0,2286000.0,1817000.0,9556000.0,9465000.0,
4162000.0,2537000.0,1507000.0,7553000.0,3293000.0,754000.0,1206000.0,2294000.0,1792000.0,9604000.0,9465000.0,
4142000.0,2534000.0,1510000.0,7532000.0,3243000.0,754000.0,1229000.0,2295000.0,1799000.0,9573000.0,9515000.0,
4131000.0,2532000.0,1513000.0,7507000.0,3220000.0,754000.0,1239000.0,2285000.0,1902000.0,9566000.0,9538000.0,
4082000.0,2526000.0,1516000.0,7479000.0,3179000.0,754000.0,1268000.0,2256000.0,1902000.0,9566000.0,9579000.0,
4079000.0,2522000.0,1522000.0,7428000.0,3155000.0,754000.0,1268000.0,2266000.0,1892000.0,9566000.0,9565000.0,
3902000.0,2531000.0,1524000.0,7533000.0,3155000.0,754000.0,1286000.0,2248000.0,1892000.0,9614000.0,9565000.0,
4012000.0,2521000.0,1504000.0,7523000.0,3110000.0,754000.0,1304000.0,2252000.0,1943000.0,9589000.0,9515000.0,
3991000.0,2513000.0,1508000.0,7498000.0,3103000.0,747900.0,2246000.0,1322000.0,1932000.0,9589000.0,9528000.0,
3957000.0,2516000.0,1508000.0,7478000.0,3044000.0,747900.0,2252000.0,1336000.0,1912000.0,9589000.0,9587000.0,
3915000.0,2515000.0,1488000.0,7472000.0,3022000.0,747900.0,2283000.0,1304000.0,1912000.0,9637000.0,9633000.0,
3895000.0,2490000.0,1480000.0,7447000.0,3021000.0,752700.0,2296000.0,1286000.0,1912000.0,9637000.0,9648000.0,
4024000.0,2490000.0,1487000.0,7437000.0,3006000.0,775400.0,2288000.0,1272000.0,1951000.0,9646000.0,9507000.0,
4006000.0,2486000.0,1493000.0,7437000.0,3004000.0,764500.0,2288000.0,1272000.0,1951000.0,9646000.0,9519000.0,
3943000.0,2491000.0,1494000.0,7464000.0,3004000.0,769400.0,2289000.0,1304000.0,1913000.0,9646000.0,9519000.0,
3922000.0,2486000.0,1498000.0,7449000.0,3002000.0,749100.0,2289000.0,1318000.0,1899000.0,9694000.0,9559000.0,
3866000.0,2468000.0,1500000.0,7455000.0,2973000.0,765000.0,2830000.0,772800.0,2007000.0,9575000.0,9588000.0,
3836000.0,2465000.0,1503000.0,7471000.0,2954000.0,1164000.0,2579000.0,619500.0,2007000.0,9575000.0,9612000.0,
3875000.0,2460000.0,1513000.0,7489000.0,2941000.0,1164000.0,2585000.0,687900.0,1932000.0,9575000.0,9536000.0,
3845000.0,2463000.0,1515000.0,7484000.0,2941000.0,1164000.0,2593000.0,679800.0,1932000.0,9623000.0,9536000.0,
3834000.0,2465000.0,1520000.0,7484000.0,2941000.0,1170000.0,2587000.0,687600.0,1924000.0,9623000.0,9536000.0,
3687000.0,2470000.0,1521000.0,7590000.0,2946000.0,1165000.0,2595000.0,700800.0,1960000.0,9662000.0,9536000.0,
3649000.0,2447000.0,1513000.0,7604000.0,2946000.0,1171000.0,2589000.0,734400.0,1926000.0,9662000.0,9550000.0,
3638000.0,2441000.0,1515000.0,7604000.0,2946000.0,1179000.0,2588000.0,773600.0,1881000.0,9710000.0,9550000.0,
3624000.0,2421000.0,1513000.0,7615000.0,2900000.0,1183000.0,2583000.0,837200.0,1818000.0,9710000.0,9596000.0,
3779000.0,2424000.0,1494000.0,7615000.0,2885000.0,1189000.0,2586000.0,854500.0,1948000.0,9553000.0,9457000.0,
3763000.0,2432000.0,1496000.0,7615000.0,2863000.0,1252000.0,2524000.0,879900.0,1923000.0,9601000.0,9479000.0,
3694000.0,2422000.0,1503000.0,7683000.0,2851000.0,1252000.0,2524000.0,923200.0,1879000.0,9649000.0,9492000.0,
3691000.0,2418000.0,1486000.0,7683000.0,2851000.0,1274000.0,2502000.0,1074000.0,1729000.0,9649000.0,9515000.0,
3658000.0,2415000.0,1494000.0,7695000.0,2855000.0,1274000.0,2515000.0,1124000.0,1661000.0,9697000.0,9515000.0,
3639000.0,2418000.0,1500000.0,7676000.0,2756000.0,1286000.0,2503000.0,1157000.0,1649000.0,9676000.0,9615000.0,
3628000.0,2415000.0,1503000.0,7666000.0,2743000.0,1286000.0,2512000.0,1148000.0,1649000.0,9724000.0,9627000.0,
3842000.0,2411000.0,1494000.0,7652000.0,2698000.0,1286000.0,2523000.0,1158000.0,1780000.0,9567000.0,9458000.0,
3834000.0,2409000.0,1498000.0,7637000.0,2672000.0,1286000.0,2523000.0,1171000.0,1767000.0,9567000.0,9484000.0,
3815000.0,2417000.0,1503000.0,7643000.0,2645000.0,1298000.0,2525000.0,1191000.0,1733000.0,9614000.0,9512000.0,
3802000.0,2415000.0,1508000.0,7628000.0,2632000.0,1298000.0,2533000.0,1200000.0,1715000.0,9614000.0,9525000.0,
3798000.0,2413000.0,1509000.0,7608000.0,2619000.0,1306000.0,2530000.0,1247000.0,1662000.0,9614000.0,9538000.0,
3797000.0,2412000.0,1511000.0,7563000.0,2606000.0,1306000.0,2548000.0,1240000.0,1652000.0,9614000.0,9550000.0,
3788000.0,2413000.0,1515000.0,7558000.0,2606000.0,1312000.0,2542000.0,1268000.0,1624000.0,9662000.0,9550000.0,
3773000.0,2421000.0,1517000.0,7543000.0,2581000.0,1333000.0,2527000.0,1262000.0,1624000.0,9711000.0,9576000.0,
3765000.0,2422000.0,1510000.0,7543000.0,2586000.0,1321000.0,2521000.0,1293000.0,1592000.0,9711000.0,9602000.0,
3817000.0,2423000.0,1512000.0,7541000.0,2586000.0,1333000.0,2509000.0,1309000.0,1653000.0,9634000.0,9529000.0,
3789000.0,2425000.0,1512000.0,7537000.0,2703000.0,1215000.0,2516000.0,1363000.0,1581000.0,9634000.0,9541000.0,
3781000.0,2420000.0,1520000.0,7522000.0,2690000.0,1221000.0,2521000.0,1423000.0,1510000.0,9634000.0,9554000.0,
3748000.0,2432000.0,1526000.0,7517000.0,2677000.0,1229000.0,2513000.0,1438000.0,1537000.0,9592000.0,9567000.0,
3728000.0,2434000.0,1529000.0,7507000.0,2656000.0,1235000.0,2507000.0,1438000.0,1537000.0,9640000.0,9588000.0,
3703000.0,2432000.0,1523000.0,7488000.0,2642000.0,1819000.0,1931000.0,1430000.0,1537000.0,9688000.0,9609000.0,
3610000.0,2431000.0,1525000.0,7539000.0,2654000.0,1830000.0,1917000.0,1481000.0,1477000.0,9736000.0,9609000.0,
3666000.0,2428000.0,1528000.0,7514000.0,2637000.0,1830000.0,1911000.0,1481000.0,1614000.0,9599000.0,9555000.0,
3627000.0,2425000.0,1532000.0,7529000.0,2641000.0,1839000.0,1905000.0,1475000.0,1614000.0,9599000.0,9555000.0,
3612000.0,2424000.0,1537000.0,7500000.0,2641000.0,1851000.0,2625000.0,763700.0,1592000.0,9599000.0,9555000.0,
3569000.0,2420000.0,1539000.0,7509000.0,2630000.0,1840000.0,2618000.0,785600.0,1568000.0,9599000.0,9586000.0,
3535000.0,2414000.0,1544000.0,7483000.0,2630000.0,1846000.0,2612000.0,810100.0,1543000.0,9647000.0,9586000.0,
3513000.0,2418000.0,1546000.0,7460000.0,2630000.0,1846000.0,2618000.0,820100.0,1527000.0,9647000.0,9586000.0,
3488000.0,2423000.0,1550000.0,7440000.0,2636000.0,1840000.0,2632000.0,816100.0,1517000.0,9695000.0,9586000.0,
3482000.0,2415000.0,1554000.0,7440000.0,2636000.0,1874000.0,2612000.0,814000.0,1684000.0,9516000.0,9586000.0,
3469000.0,2420000.0,1557000.0,7435000.0,2636000.0,1874000.0,2612000.0,909600.0,1589000.0,9563000.0,9586000.0,
3462000.0,2420000.0,1564000.0,7435000.0,2642000.0,1874000.0,2612000.0,914600.0,1578000.0,9611000.0,9586000.0,
3440000.0,2435000.0,1565000.0,7425000.0,2652000.0,1883000.0,3051000.0,474000.0,1560000.0,9708000.0,9586000.0,
3584000.0,2442000.0,1569000.0,7428000.0,2610000.0,1877000.0,3051000.0,474000.0,1764000.0,9503000.0,9467000.0,
3565000.0,2451000.0,1570000.0,7408000.0,2610000.0,1877000.0,3063000.0,504100.0,1722000.0,9551000.0,9467000.0,
3527000.0,2458000.0,1572000.0,7411000.0,2593000.0,1883000.0,3082000.0,485600.0,1716000.0,9551000.0,9484000.0,
3522000.0,2461000.0,1574000.0,7387000.0,2575000.0,1889000.0,3076000.0,495400.0,1706000.0,9551000.0,9502000.0,
3502000.0,2465000.0,1578000.0,7394000.0,3011000.0,1392000.0,3076000.0,551100.0,1650000.0,9551000.0,9563000.0,
3480000.0,2467000.0,1582000.0,7359000.0,2993000.0,1392000.0,3076000.0,579700.0,1622000.0,9551000.0,9581000.0,
3367000.0,2456000.0,1594000.0,7451000.0,2979000.0,1393000.0,3070000.0,613200.0,1588000.0,9647000.0,9600000.0,
3451000.0,2453000.0,1599000.0,7457000.0,2960000.0,1393000.0,3070000.0,653600.0,1573000.0,9622000.0,9512000.0,
3394000.0,2462000.0,1597000.0,7471000.0,2932000.0,1381000.0,3079000.0,660700.0,1557000.0,9622000.0,9552000.0,
3278000.0,2461000.0,1599000.0,7572000.0,3133000.0,1111000.0,3079000.0,671700.0,1546000.0,9622000.0,9622000.0,
3269000.0,2455000.0,1604000.0,7557000.0,3126000.0,1111000.0,3073000.0,671700.0,1546000.0,9718000.0,9634000.0,
3268000.0,2454000.0,1606000.0,7542000.0,3067000.0,1111000.0,3073000.0,671700.0,1546000.0,9767000.0,9694000.0,
3472000.0,2455000.0,1612000.0,7537000.0,3038000.0,1105000.0,3079000.0,770700.0,1504000.0,9703000.0,9517000.0,
3467000.0,2454000.0,1613000.0,7528000.0,2987000.0,1111000.0,3078000.0,781700.0,1585000.0,9654000.0,9568000.0,
3433000.0,2450000.0,1617000.0,7546000.0,2945000.0,1111000.0,3078000.0,811200.0,1556000.0,9750000.0,9610000.0,
3513000.0,2459000.0,1620000.0,7541000.0,2945000.0,1111000.0,3078000.0,811200.0,1569000.0,9737000.0,9518000.0,
3483000.0,2456000.0,1609000.0,7536000.0,2908000.0,1123000.0,3075000.0,808400.0,1731000.0,9569000.0,9569000.0,
3458000.0,2452000.0,1611000.0,7549000.0,2901000.0,1129000.0,3068000.0,819600.0,1715000.0,9617000.0,9581000.0,
3427000.0,2458000.0,1611000.0,7549000.0,2871000.0,1135000.0,3068000.0,852200.0,1676000.0,9617000.0,9611000.0,
3539000.0,2460000.0,1611000.0,7549000.0,2869000.0,1124000.0,3068000.0,872600.0,1697000.0,9575000.0,9494000.0,
3503000.0,2459000.0,1614000.0,7573000.0,2863000.0,1118000.0,3068000.0,892500.0,1677000.0,9575000.0,9507000.0,
3474000.0,2453000.0,1619000.0,7582000.0,2855000.0,1113000.0,3068000.0,892500.0,1677000.0,9575000.0,9519000.0,
3454000.0,2455000.0,1625000.0,7581000.0,2867000.0,1114000.0,3056000.0,946400.0,1623000.0,9575000.0,9519000.0,
3438000.0,2456000.0,1627000.0,7564000.0,2840000.0,1128000.0,3053000.0,947000.0,1610000.0,9575000.0,9546000.0,
3342000.0,2448000.0,1629000.0,7645000.0,2840000.0,1134000.0,3047000.0,979700.0,1741000.0,9460000.0,9546000.0,
3333000.0,2443000.0,1630000.0,7633000.0,2840000.0,1134000.0,3056000.0,970800.0,1741000.0,9555000.0,9546000.0,
3323000.0,2435000.0,1634000.0,7623000.0,2827000.0,1121000.0,3064000.0,979800.0,1724000.0,9555000.0,9572000.0,
3305000.0,2434000.0,1638000.0,7608000.0,2827000.0,1128000.0,3057000.0,1031000.0,1673000.0,9555000.0,9572000.0,
3296000.0,2438000.0,1638000.0,7588000.0,2835000.0,1130000.0,3027000.0,1031000.0,1673000.0,9603000.0,9591000.0,
3289000.0,2432000.0,1638000.0,7570000.0,2841000.0,1130000.0,3021000.0,1049000.0,1655000.0,9651000.0,9591000.0,
3287000.0,2424000.0,1643000.0,7550000.0,3043000.0,927500.0,3070000.0,1000000.0,1655000.0,9699000.0,9591000.0,
3284000.0,2425000.0,1645000.0,7535000.0,3050000.0,920500.0,3070000.0,1037000.0,1679000.0,9687000.0,9591000.0,
3372000.0,2430000.0,1649000.0,7549000.0,3033000.0,926500.0,3064000.0,1065000.0,1706000.0,9631000.0,9494000.0,
3351000.0,2424000.0,1635000.0,7544000.0,3033000.0,938600.0,3052000.0,1147000.0,1652000.0,9603000.0,9508000.0,
3334000.0,2432000.0,1638000.0,7519000.0,3033000.0,944600.0,3046000.0,1147000.0,1676000.0,9627000.0,9508000.0,
3216000.0,2426000.0,1623000.0,7630000.0,3056000.0,1616000.0,2352000.0,1194000.0,1629000.0,9627000.0,9532000.0,
3196000.0,2429000.0,1604000.0,7635000.0,3047000.0,1875000.0,2078000.0,1216000.0,1713000.0,9569000.0,9578000.0,
3175000.0,2430000.0,1605000.0,7629000.0,3037000.0,1870000.0,2072000.0,1236000.0,1693000.0,9569000.0,9598000.0,
3174000.0,2427000.0,1609000.0,7629000.0,3063000.0,1851000.0,2074000.0,1227000.0,1693000.0,9569000.0,9598000.0,
3144000.0,2436000.0,1610000.0,7634000.0,3073000.0,1841000.0,2083000.0,1219000.0,1693000.0,9569000.0,9598000.0,
3099000.0,2441000.0,1614000.0,7661000.0,3079000.0,1847000.0,2070000.0,1231000.0,1681000.0,9569000.0,9598000.0,
3332000.0,2439000.0,1619000.0,7641000.0,3055000.0,1860000.0,2058000.0,1306000.0,1606000.0,9569000.0,9380000.0,
3317000.0,2435000.0,1624000.0,7620000.0,3038000.0,1852000.0,2077000.0,1299000.0,1594000.0,9617000.0,9404000.0,
3303000.0,2434000.0,1623000.0,7601000.0,3038000.0,1859000.0,2070000.0,1334000.0,1629000.0,9595000.0,9404000.0,
3281000.0,2437000.0,1626000.0,7586000.0,3014000.0,1866000.0,2072000.0,1382000.0,1572000.0,9595000.0,9428000.0,
3245000.0,2437000.0,1629000.0,7589000.0,3001000.0,2838000.0,1094000.0,1394000.0,1607000.0,9596000.0,9447000.0,
3236000.0,2435000.0,1635000.0,7559000.0,2981000.0,2838000.0,1098000.0,1401000.0,1595000.0,9596000.0,9467000.0,
3207000.0,2436000.0,1638000.0,7525000.0,2980000.0,2844000.0,1102000.0,1406000.0,1580000.0,9596000.0,9467000.0,
3187000.0,2428000.0,1643000.0,7498000.0,2901000.0,2838000.0,1108000.0,1412000.0,1568000.0,9596000.0,9552000.0,
3154000.0,2435000.0,1645000.0,7507000.0,2876000.0,2815000.0,1118000.0,1402000.0,1568000.0,9644000.0,9600000.0,
3325000.0,2424000.0,1648000.0,7487000.0,2824000.0,2819000.0,1123000.0,1403000.0,1593000.0,9609000.0,9475000.0,
3297000.0,2431000.0,1652000.0,7483000.0,2824000.0,2825000.0,1117000.0,1403000.0,1593000.0,9609000.0,9475000.0,
3285000.0,2436000.0,1655000.0,7453000.0,2819000.0,2817000.0,1117000.0,1403000.0,1593000.0,9657000.0,9487000.0,
3276000.0,2434000.0,1657000.0,7448000.0,2808000.0,2810000.0,1117000.0,1473000.0,1611000.0,9568000.0,9505000.0,
3178000.0,2420000.0,1662000.0,7520000.0,2762000.0,2811000.0,1110000.0,1473000.0,1611000.0,9568000.0,9556000.0,
3173000.0,2422000.0,1665000.0,7520000.0,2772000.0,2801000.0,1110000.0,1485000.0,1599000.0,9616000.0,9556000.0,
3152000.0,2422000.0,1668000.0,7518000.0,2757000.0,2799000.0,1102000.0,1548000.0,1536000.0,9664000.0,9581000.0,
3136000.0,2423000.0,1669000.0,7527000.0,2757000.0,2799000.0,1102000.0,1587000.0,1569000.0,9639000.0,9581000.0,
3133000.0,2422000.0,1673000.0,7497000.0,2686000.0,2799000.0,1753000.0,958800.0,1547000.0,9687000.0,9652000.0,
3306000.0,2412000.0,1676000.0,7486000.0,3155000.0,2329000.0,1758000.0,1074000.0,1559000.0,9603000.0,9473000.0,
3292000.0,2414000.0,1678000.0,7460000.0,3552000.0,1938000.0,1752000.0,1080000.0,1552000.0,9748000.0,9473000.0,
3284000.0,2413000.0,1683000.0,7436000.0,3539000.0,1932000.0,1752000.0,1121000.0,1511000.0,9797000.0,9491000.0,
3275000.0,2413000.0,1686000.0,7416000.0,3515000.0,1932000.0,1752000.0,1132000.0,1500000.0,9895000.0,9516000.0,
3270000.0,2414000.0,1690000.0,7406000.0,3526000.0,1922000.0,1752000.0,1189000.0,1472000.0,9865000.0,9516000.0,
3261000.0,2416000.0,1692000.0,7406000.0,4580000.0,811300.0,1761000.0,1180000.0,1617000.0,9720000.0,9572000.0,
3242000.0,2414000.0,1693000.0,7401000.0,4606000.0,785200.0,1766000.0,1240000.0,1553000.0,9720000.0,9572000.0,
3214000.0,2411000.0,1697000.0,7402000.0,4606000.0,785200.0,1766000.0,1250000.0,1647000.0,9665000.0,9572000.0,
3208000.0,2409000.0,1701000.0,7397000.0,4638000.0,759600.0,1759000.0,1260000.0,1676000.0,9625000.0,9572000.0,
3189000.0,2414000.0,1703000.0,7379000.0,4631000.0,768900.0,1758000.0,1287000.0,1635000.0,9625000.0,9585000.0,
3179000.0,2413000.0,1704000.0,7349000.0,4650000.0,750200.0,1779000.0,1275000.0,1671000.0,9580000.0,9585000.0,
3167000.0,2411000.0,1708000.0,7324000.0,4627000.0,756300.0,1787000.0,1261000.0,1692000.0,9606000.0,9607000.0,
3138000.0,2414000.0,1711000.0,7453000.0,4620000.0,756800.0,1787000.0,1255000.0,1756000.0,9591000.0,9469000.0,
3131000.0,2407000.0,1714000.0,7448000.0,4600000.0,756800.0,2343000.0,736500.0,1719000.0,9591000.0,9489000.0,
3099000.0,2408000.0,1716000.0,7461000.0,4589000.0,1861000.0,1267000.0,798500.0,1740000.0,9521000.0,9506000.0,
3084000.0,2411000.0,1718000.0,7457000.0,4534000.0,1861000.0,1277000.0,848200.0,1680000.0,9521000.0,9561000.0,
3079000.0,2394000.0,1724000.0,7453000.0,4517000.0,1868000.0,1271000.0,854300.0,1674000.0,9569000.0,9578000.0,
3065000.0,2392000.0,1720000.0,7448000.0,4489000.0,1865000.0,1279000.0,862400.0,1652000.0,9569000.0,9620000.0,
3220000.0,2379000.0,1724000.0,7448000.0,4461000.0,1858000.0,1294000.0,878100.0,1620000.0,9569000.0,9498000.0,
3185000.0,2379000.0,1728000.0,7439000.0,4461000.0,1858000.0,1294000.0,878100.0,1620000.0,9617000.0,9498000.0,
2993000.0,2379000.0,1715000.0,7613000.0,4461000.0,1858000.0,1309000.0,863900.0,1620000.0,9617000.0,9514000.0,
2985000.0,2378000.0,1718000.0,7613000.0,4439000.0,1858000.0,1309000.0,878900.0,1605000.0,9617000.0,9536000.0,
2974000.0,2373000.0,1719000.0,7598000.0,4376000.0,1858000.0,1318000.0,870000.0,1605000.0,9617000.0,9600000.0,
2883000.0,2369000.0,1721000.0,7682000.0,4375000.0,1876000.0,1308000.0,883700.0,1717000.0,9483000.0,9600000.0,
2871000.0,2373000.0,1708000.0,7684000.0,4341000.0,1870000.0,1308000.0,883700.0,1717000.0,9483000.0,9654000.0,
3090000.0,2369000.0,1695000.0,7678000.0,4298000.0,1870000.0,1308000.0,928000.0,1673000.0,9530000.0,9485000.0,
3070000.0,2370000.0,1682000.0,7689000.0,4298000.0,1878000.0,1300000.0,943000.0,1658000.0,9674000.0,9501000.0,
3058000.0,2367000.0,1681000.0,7681000.0,4245000.0,1878000.0,1317000.0,925800.0,1788000.0,9542000.0,9554000.0,
3036000.0,2365000.0,1686000.0,7676000.0,4683000.0,1446000.0,1320000.0,928400.0,1776000.0,9542000.0,9554000.0,
3003000.0,2359000.0,1693000.0,7680000.0,4661000.0,1446000.0,1329000.0,925300.0,1770000.0,9542000.0,9574000.0,
2998000.0,2348000.0,1676000.0,7666000.0,5039000.0,1075000.0,1322000.0,925200.0,1770000.0,9590000.0,9596000.0,
2894000.0,2349000.0,1679000.0,7752000.0,5259000.0,835100.0,1322000.0,942900.0,1752000.0,9638000.0,9616000.0,
2882000.0,2347000.0,1682000.0,7743000.0,5246000.0,858000.0,1305000.0,950900.0,1738000.0,9638000.0,9629000.0,
2984000.0,2356000.0,1683000.0,7748000.0,5246000.0,858000.0,1305000.0,961000.0,1782000.0,9632000.0,9501000.0,
2972000.0,2348000.0,1688000.0,7744000.0,5223000.0,873000.0,1290000.0,971000.0,1772000.0,9729000.0,9523000.0,
2934000.0,2338000.0,1692000.0,7754000.0,5223000.0,881000.0,1282000.0,1062000.0,1680000.0,9777000.0,9523000.0,
2903000.0,2339000.0,1694000.0,7737000.0,5243000.0,1623000.0,520100.0,1094000.0,1647000.0,9826000.0,9523000.0,
2756000.0,2336000.0,1698000.0,7848000.0,5200000.0,1630000.0,521900.0,1080000.0,1647000.0,9875000.0,9572000.0,
2728000.0,2329000.0,1702000.0,7859000.0,5133000.0,1634000.0,517000.0,1092000.0,1635000.0,9925000.0,9640000.0,
2680000.0,2327000.0,1687000.0,7891000.0,5039000.0,1634000.0,517000.0,1164000.0,1563000.0,9925000.0,9751000.0,
2645000.0,2331000.0,1690000.0,7879000.0,4953000.0,1634000.0,516900.0,1201000.0,1526000.0,9925000.0,9837000.0,
2701000.0,2319000.0,1699000.0,7869000.0,4895000.0,1634000.0,516800.0,1201000.0,1592000.0,9957000.0,9817000.0,
2698000.0,2318000.0,1701000.0,7856000.0,4840000.0,1641000.0,906000.0,843100.0,1554000.0,1.001E7,9871000.0,
2681000.0,2317000.0,1701000.0,7841000.0,4819000.0,1641000.0,932700.0,826500.0,1543000.0,1.006E7,9893000.0,
2754000.0,2315000.0,1704000.0,7826000.0,4691000.0,1641000.0,940700.0,860300.0,1543000.0,1.002E7,9945000.0,
2997000.0,2308000.0,1710000.0,7817000.0,4661000.0,1648000.0,933500.0,918900.0,1611000.0,9889000.0,9714000.0,
2983000.0,2307000.0,1699000.0,7789000.0,4614000.0,1648000.0,939500.0,924000.0,1600000.0,9889000.0,9773000.0,
3180000.0,2293000.0,1705000.0,7776000.0,4585000.0,1644000.0,939500.0,946100.0,1685000.0,9831000.0,9596000.0,
3177000.0,2291000.0,1709000.0,7766000.0,4568000.0,2098000.0,485000.0,964600.0,1666000.0,9880000.0,9613000.0,
3161000.0,2287000.0,1712000.0,7773000.0,4512000.0,2104000.0,479000.0,1034000.0,1597000.0,9930000.0,9669000.0,
3364000.0,2286000.0,1715000.0,7755000.0,4495000.0,2104000.0,489700.0,1034000.0,1657000.0,9859000.0,9469000.0,
3341000.0,2292000.0,1717000.0,7745000.0,4495000.0,2104000.0,489700.0,1057000.0,1634000.0,9859000.0,9469000.0,
3335000.0,2294000.0,1674000.0,7725000.0,4473000.0,2097000.0,489700.0,1057000.0,1661000.0,9881000.0,9545000.0,
3310000.0,2297000.0,1675000.0,7722000.0,4473000.0,2097000.0,489600.0,1094000.0,1669000.0,9886000.0,9545000.0,
3297000.0,2294000.0,1677000.0,7726000.0,4479000.0,2091000.0,489600.0,1131000.0,1680000.0,9836000.0,9545000.0,
3271000.0,2297000.0,1679000.0,7736000.0,4479000.0,2110000.0,470500.0,1159000.0,1652000.0,9836000.0,9545000.0,
3265000.0,2291000.0,1687000.0,7731000.0,4434000.0,2110000.0,470500.0,1278000.0,1534000.0,9886000.0,9590000.0,
3261000.0,2290000.0,1691000.0,7726000.0,4419000.0,2102000.0,1013000.0,747700.0,1791000.0,9617000.0,9613000.0,
3255000.0,2289000.0,1694000.0,7706000.0,4419000.0,2102000.0,1022000.0,749500.0,1780000.0,9665000.0,9613000.0,
3339000.0,2290000.0,1696000.0,7703000.0,4355000.0,2110000.0,1015000.0,787700.0,1766000.0,9641000.0,9572000.0,
3327000.0,2292000.0,1676000.0,7678000.0,4350000.0,2108000.0,1036000.0,793700.0,1732000.0,9641000.0,9605000.0,
3289000.0,2293000.0,1677000.0,7665000.0,4302000.0,2108000.0,1036000.0,793700.0,1732000.0,9689000.0,9667000.0,
3272000.0,2277000.0,1678000.0,7653000.0,4222000.0,2112000.0,1024000.0,876800.0,1648000.0,9737000.0,9754000.0,
3332000.0,2273000.0,1683000.0,7628000.0,4159000.0,2106000.0,1024000.0,888900.0,1666000.0,9757000.0,9736000.0,
3317000.0,2269000.0,1674000.0,7582000.0,4076000.0,2098000.0,1033000.0,879700.0,1666000.0,9757000.0,9840000.0,
3294000.0,2260000.0,1674000.0,7540000.0,4084000.0,2088000.0,1042000.0,887200.0,1649000.0,9855000.0,9840000.0,
3280000.0,2262000.0,1677000.0,7525000.0,4084000.0,2088000.0,1050000.0,889500.0,1638000.0,9855000.0,9840000.0,
3269000.0,2255000.0,1675000.0,7523000.0,4059000.0,2088000.0,1059000.0,887200.0,1632000.0,9855000.0,9862000.0,
3267000.0,2252000.0,1679000.0,7518000.0,4059000.0,2088000.0,1068000.0,877500.0,1632000.0,9855000.0,9862000.0,
3253000.0,2250000.0,1681000.0,7513000.0,4059000.0,2094000.0,1077000.0,877300.0,1618000.0,9904000.0,9862000.0,
3238000.0,2251000.0,1685000.0,7518000.0,4026000.0,2109000.0,1071000.0,878800.0,1607000.0,9954000.0,9895000.0,
3151000.0,2252000.0,1688000.0,7577000.0,3976000.0,2109000.0,1071000.0,888800.0,1597000.0,9954000.0,9944000.0,
3114000.0,2254000.0,1690000.0,7606000.0,3909000.0,2109000.0,1085000.0,909700.0,1562000.0,9954000.0,1.001E7,
3111000.0,2248000.0,1698000.0,7599000.0,3907000.0,2109000.0,1085000.0,909600.0,1562000.0,1.0E7,1.001E7,
3109000.0,2249000.0,1698000.0,7585000.0,3887000.0,2109000.0,1099000.0,950600.0,1506000.0,1.0E7,1.003E7,
3084000.0,2253000.0,1699000.0,7590000.0,3874000.0,2108000.0,1099000.0,982200.0,1474000.0,1.005E7,1.004E7,
3298000.0,2252000.0,1700000.0,7576000.0,3861000.0,2108000.0,1107000.0,1034000.0,1715000.0,9753000.0,9837000.0,
3286000.0,2259000.0,1702000.0,7572000.0,3768000.0,2096000.0,1107000.0,1034000.0,1715000.0,9753000.0,9944000.0,
3268000.0,2265000.0,1679000.0,7568000.0,3748000.0,2096000.0,1107000.0,1073000.0,1676000.0,9753000.0,9989000.0,
3247000.0,2269000.0,1682000.0,7567000.0,3688000.0,2096000.0,1107000.0,1089000.0,1660000.0,9753000.0,1.005E7,
3233000.0,2267000.0,1686000.0,7578000.0,3666000.0,2096000.0,1107000.0,1123000.0,1626000.0,9753000.0,1.007E7,
3215000.0,2267000.0,1689000.0,7588000.0,3666000.0,2102000.0,1101000.0,1129000.0,1620000.0,9802000.0,1.007E7,
3162000.0,2283000.0,1691000.0,7708000.0,3678000.0,2090000.0,1106000.0,1135000.0,1704000.0,9707000.0,9973000.0,
3350000.0,2284000.0,1694000.0,7711000.0,3660000.0,2090000.0,1106000.0,1145000.0,1723000.0,9774000.0,9784000.0,
3341000.0,2279000.0,1668000.0,7692000.0,3640000.0,2090000.0,1112000.0,1185000.0,1677000.0,9823000.0,9839000.0,
3338000.0,2277000.0,1672000.0,7668000.0,3646000.0,2084000.0,1147000.0,1198000.0,1630000.0,9823000.0,9839000.0,
3326000.0,2270000.0,1677000.0,7653000.0,3646000.0,2274000.0,956500.0,1241000.0,1587000.0,9872000.0,9839000.0,
3551000.0,2266000.0,1682000.0,7633000.0,3640000.0,2729000.0,495400.0,1326000.0,1550000.0,9866000.0,9620000.0,
3536000.0,2263000.0,1662000.0,7608000.0,3603000.0,2729000.0,495400.0,1337000.0,1539000.0,9866000.0,9680000.0,
3509000.0,2259000.0,1663000.0,7598000.0,3603000.0,2738000.0,486500.0,1388000.0,1489000.0,9866000.0,9680000.0,
3729000.0,2252000.0,1666000.0,7578000.0,3580000.0,2719000.0,499500.0,1392000.0,1602000.0,9736000.0,9481000.0,
3724000.0,2253000.0,1663000.0,7568000.0,3592000.0,2706000.0,510800.0,1381000.0,1652000.0,9685000.0,9489000.0,
3701000.0,2253000.0,1665000.0,7503000.0,3538000.0,2710000.0,500700.0,1461000.0,1572000.0,9685000.0,9549000.0,
3667000.0,2255000.0,1669000.0,7502000.0,5373000.0,881600.0,494100.0,1473000.0,1704000.0,9541000.0,9549000.0,
3651000.0,2252000.0,1673000.0,7492000.0,5308000.0,881600.0,510800.0,1467000.0,1693000.0,9685000.0,9614000.0,
3636000.0,2255000.0,1674000.0,7482000.0,5315000.0,884500.0,500800.0,1483000.0,1678000.0,9685000.0,9614000.0,
3799000.0,2256000.0,1661000.0,7472000.0,5310000.0,885600.0,506800.0,1499000.0,1737000.0,9595000.0,9465000.0,
3787000.0,2249000.0,1644000.0,7457000.0,5255000.0,885600.0,506800.0,1499000.0,1737000.0,9595000.0,9540000.0,
3766000.0,2241000.0,1645000.0,7451000.0,5230000.0,885600.0,506800.0,1510000.0,1726000.0,9595000.0,9565000.0,
3733000.0,2235000.0,1639000.0,7434000.0,5211000.0,885600.0,516300.0,1526000.0,1701000.0,9692000.0,9606000.0,
3906000.0,2245000.0,1639000.0,7418000.0,5197000.0,895500.0,506400.0,1526000.0,1709000.0,9683000.0,9416000.0,
3899000.0,2238000.0,1623000.0,7403000.0,5203000.0,895900.0,499900.0,1547000.0,1724000.0,9647000.0,9441000.0,
3886000.0,2237000.0,1628000.0,7398000.0,5203000.0,895900.0,508400.0,1551000.0,1711000.0,9695000.0,9441000.0,
3874000.0,2237000.0,1630000.0,7398000.0,5185000.0,901900.0,502300.0,1562000.0,1709000.0,9686000.0,9459000.0,
3851000.0,2237000.0,1631000.0,7410000.0,5185000.0,908700.0,495600.0,1610000.0,1661000.0,9686000.0,9459000.0,
3824000.0,2243000.0,1609000.0,7399000.0,5191000.0,903000.0,514100.0,1609000.0,1644000.0,9686000.0,9477000.0,
3805000.0,2249000.0,1590000.0,7350000.0,5115000.0,903000.0,514100.0,1621000.0,1631000.0,9735000.0,9575000.0,
3787000.0,2238000.0,1598000.0,7267000.0,5050000.0,903000.0,514100.0,1621000.0,1631000.0,9832000.0,9639000.0,
3779000.0,2231000.0,1602000.0,7267000.0,5039000.0,903000.0,514100.0,1668000.0,1584000.0,9882000.0,9650000.0,
3757000.0,2239000.0,1604000.0,7264000.0,5024000.0,895800.0,534400.0,1686000.0,1546000.0,9981000.0,9673000.0,
3746000.0,2232000.0,1591000.0,7240000.0,5000000.0,895800.0,534400.0,1732000.0,1500000.0,1.003E7,9717000.0,
3731000.0,2232000.0,1574000.0,7225000.0,4965000.0,901800.0,545600.0,1761000.0,1454000.0,1.003E7,9773000.0,
3700000.0,2223000.0,1576000.0,7184000.0,4965000.0,906600.0,540800.0,1775000.0,1439000.0,1.003E7,9773000.0,
3931000.0,2222000.0,1564000.0,7183000.0,4965000.0,919900.0,533400.0,1861000.0,1500000.0,9878000.0,9530000.0,
3902000.0,2237000.0,1568000.0,7178000.0,4947000.0,919900.0,533400.0,1895000.0,1572000.0,9772000.0,9548000.0,
3891000.0,2219000.0,1571000.0,7163000.0,4940000.0,899800.0,535900.0,1887000.0,1664000.0,9776000.0,9581000.0,
3853000.0,2227000.0,1574000.0,7170000.0,4837000.0,920900.0,514800.0,1897000.0,1749000.0,9681000.0,9684000.0,
3828000.0,2234000.0,1575000.0,7177000.0,4837000.0,924800.0,517000.0,1919000.0,1722000.0,9681000.0,9684000.0,
3876000.0,2234000.0,1579000.0,7167000.0,4832000.0,921300.0,525100.0,2018000.0,1792000.0,9545000.0,9623000.0,
3871000.0,2237000.0,1581000.0,7162000.0,4759000.0,921300.0,525100.0,2055000.0,1755000.0,9593000.0,9695000.0,
3936000.0,2231000.0,1584000.0,7158000.0,4607000.0,927400.0,533500.0,2051000.0,1745000.0,9641000.0,9759000.0,
4128000.0,2227000.0,1570000.0,7148000.0,4574000.0,932200.0,528700.0,2057000.0,1924000.0,9503000.0,9608000.0,
4115000.0,2225000.0,1574000.0,7138000.0,4544000.0,933400.0,516600.0,2088000.0,1892000.0,9503000.0,9650000.0,
4084000.0,2228000.0,1576000.0,7149000.0,4556000.0,893200.0,510600.0,2101000.0,1879000.0,9503000.0,9684000.0,
4120000.0,2233000.0,1578000.0,7154000.0,4543000.0,900800.0,511000.0,2102000.0,1870000.0,9503000.0,9605000.0,
4088000.0,2235000.0,1566000.0,7134000.0,4524000.0,910600.0,501100.0,2115000.0,1857000.0,9551000.0,9639000.0,
4036000.0,2220000.0,1567000.0,7150000.0,4511000.0,910600.0,506000.0,2134000.0,1833000.0,9551000.0,9652000.0,
4008000.0,2218000.0,1567000.0,7120000.0,4457000.0,910600.0,514400.0,2126000.0,1833000.0,9599000.0,9706000.0,
4118000.0,2200000.0,1531000.0,7090000.0,4406000.0,910600.0,522400.0,2177000.0,1795000.0,9625000.0,9670000.0,
4273000.0,2194000.0,1537000.0,7065000.0,4349000.0,910600.0,531300.0,2266000.0,1739000.0,9583000.0,9548000.0,
4241000.0,2185000.0,1537000.0,7075000.0,4302000.0,910600.0,531300.0,2303000.0,1702000.0,9728000.0,9595000.0,
4267000.0,2203000.0,1541000.0,7080000.0,4279000.0,910600.0,540900.0,2294000.0,1736000.0,9694000.0,9541000.0,
4252000.0,2205000.0,1543000.0,7070000.0,4163000.0,921000.0,530400.0,2362000.0,1667000.0,9742000.0,9656000.0,
4293000.0,2205000.0,1533000.0,7067000.0,4100000.0,921000.0,540300.0,2365000.0,1721000.0,9676000.0,9667000.0,
4283000.0,2207000.0,1536000.0,7052000.0,4614000.0,385900.0,549800.0,2356000.0,1721000.0,9676000.0,9688000.0,
4435000.0,2208000.0,1539000.0,7022000.0,4590000.0,385900.0,549800.0,2368000.0,1890000.0,9494000.0,9545000.0,
4473000.0,2204000.0,1533000.0,6997000.0,4516000.0,385900.0,555900.0,2498000.0,1754000.0,9494000.0,9572000.0,
4446000.0,2203000.0,1535000.0,6977000.0,4460000.0,398600.0,543100.0,2498000.0,1754000.0,9494000.0,9628000.0,
4417000.0,2199000.0,1514000.0,6984000.0,4460000.0,398600.0,543100.0,2498000.0,1754000.0,9494000.0,9651000.0,
4405000.0,2197000.0,1517000.0,6959000.0,4448000.0,387500.0,543100.0,2515000.0,1737000.0,9494000.0,9674000.0,
4377000.0,2197000.0,1520000.0,6949000.0,4417000.0,620600.0,309900.0,2544000.0,1708000.0,9637000.0,9705000.0,
4366000.0,2196000.0,1522000.0,6919000.0,4377000.0,626600.0,318500.0,2529000.0,1708000.0,9686000.0,9744000.0,
4353000.0,2201000.0,1525000.0,6904000.0,4329000.0,615100.0,324500.0,2540000.0,1691000.0,9686000.0,9804000.0,
4307000.0,2219000.0,1528000.0,6889000.0,4258000.0,610300.0,324500.0,2552000.0,1680000.0,9686000.0,9880000.0,
4281000.0,2221000.0,1532000.0,6884000.0,4179000.0,598400.0,324500.0,2552000.0,1680000.0,9734000.0,9971000.0,
4315000.0,2211000.0,1534000.0,6894000.0,4166000.0,598400.0,330500.0,2552000.0,1753000.0,9654000.0,9888000.0,
4217000.0,2219000.0,1534000.0,6950000.0,4144000.0,598300.0,330500.0,2589000.0,1716000.0,9654000.0,9910000.0,
4238000.0,2214000.0,1534000.0,6935000.0,4144000.0,611100.0,317700.0,2630000.0,1699000.0,9630000.0,9842000.0,
4191000.0,2209000.0,1538000.0,6918000.0,4078000.0,611100.0,317700.0,2630000.0,1699000.0,9630000.0,9908000.0,
4219000.0,2201000.0,1543000.0,6909000.0,4078000.0,611100.0,317700.0,2651000.0,1723000.0,9632000.0,9848000.0,
4250000.0,2212000.0,1545000.0,6994000.0,3994000.0,617900.0,311000.0,2663000.0,1758000.0,9633000.0,9772000.0,
4460000.0,2196000.0,1551000.0,6984000.0,3978000.0,624600.0,311400.0,2689000.0,1784000.0,9574000.0,9574000.0,
4454000.0,2193000.0,1554000.0,6979000.0,3978000.0,624600.0,311400.0,2711000.0,1762000.0,9670000.0,9574000.0,
4489000.0,2195000.0,1556000.0,6975000.0,3925000.0,624800.0,303400.0,2711000.0,1776000.0,9704000.0,9570000.0,
4442000.0,2194000.0,1545000.0,6995000.0,3889000.0,631000.0,296900.0,2720000.0,1767000.0,9704000.0,9619000.0,
4409000.0,2197000.0,1547000.0,7009000.0,3874000.0,631000.0,296900.0,2758000.0,1729000.0,9704000.0,9634000.0,
4540000.0,2199000.0,1536000.0,7009000.0,3818000.0,637000.0,290900.0,2796000.0,1842000.0,9601000.0,9559000.0,
4504000.0,2196000.0,1535000.0,7029000.0,4125000.0,297200.0,284100.0,2809000.0,1829000.0,9601000.0,9599000.0,
4481000.0,2191000.0,1541000.0,7036000.0,4094000.0,283500.0,284100.0,2822000.0,2001000.0,9416000.0,9644000.0,
4480000.0,2188000.0,1541000.0,7126000.0,4083000.0,264700.0,291600.0,2814000.0,1999000.0,9416000.0,9564000.0,
4446000.0,2210000.0,1542000.0,7106000.0,4083000.0,264700.0,291600.0,2828000.0,1985000.0,9416000.0,9564000.0,
4430000.0,2210000.0,1543000.0,7083000.0,4048000.0,271700.0,308600.0,2868000.0,1919000.0,9463000.0,9598000.0,
4255000.0,2213000.0,1529000.0,7266000.0,4036000.0,271700.0,308600.0,2886000.0,1901000.0,9510000.0,9574000.0,
4197000.0,2218000.0,1532000.0,7282000.0,3950000.0,266300.0,314600.0,2880000.0,1900000.0,9510000.0,9665000.0,
4256000.0,2209000.0,1510000.0,7285000.0,3907000.0,272300.0,338300.0,2891000.0,1859000.0,9510000.0,9647000.0,
4225000.0,2219000.0,1512000.0,7412000.0,3870000.0,272200.0,364700.0,2864000.0,1858000.0,9558000.0,9551000.0,
4207000.0,2225000.0,1514000.0,7409000.0,3818000.0,269800.0,366700.0,2942000.0,1769000.0,9654000.0,9613000.0,
4299000.0,2224000.0,1516000.0,7405000.0,3744000.0,275800.0,360700.0,2979000.0,1840000.0,9546000.0,9575000.0,
4284000.0,2227000.0,1516000.0,7400000.0,3721000.0,281800.0,366700.0,2991000.0,1892000.0,9566000.0,9598000.0,
4389000.0,2234000.0,1519000.0,7397000.0,3683000.0,269700.0,378700.0,3022000.0,1847000.0,9566000.0,9519000.0,
4381000.0,2231000.0,1522000.0,7370000.0,3665000.0,275800.0,390800.0,3023000.0,1828000.0,9566000.0,9537000.0,
4354000.0,2227000.0,1525000.0,7354000.0,3652000.0,275700.0,414600.0,3020000.0,1806000.0,9566000.0,9549000.0,
4348000.0,2215000.0,1527000.0,7339000.0,3629000.0,275700.0,420700.0,3014000.0,1806000.0,9566000.0,9572000.0,
4284000.0,2224000.0,1530000.0,7329000.0,3629000.0,281700.0,845200.0,2638000.0,1749000.0,9566000.0,9572000.0,
4267000.0,2223000.0,1533000.0,7329000.0,3629000.0,287800.0,839200.0,2695000.0,1692000.0,9614000.0,9572000.0,
4261000.0,2223000.0,1535000.0,7329000.0,3635000.0,281700.0,839200.0,2710000.0,1676000.0,9614000.0,9572000.0,
4234000.0,2222000.0,1537000.0,7321000.0,3619000.0,281700.0,860400.0,2689000.0,1741000.0,9596000.0,9587000.0,
4282000.0,2213000.0,1540000.0,7317000.0,3475000.0,281600.0,865100.0,2720000.0,1836000.0,9511000.0,9671000.0,
4244000.0,2210000.0,1541000.0,7311000.0,3418000.0,276100.0,877100.0,2720000.0,1823000.0,9511000.0,9731000.0,
4211000.0,2200000.0,1543000.0,7312000.0,3387000.0,276100.0,889200.0,2815000.0,1716000.0,9511000.0,9761000.0,
4195000.0,2196000.0,1548000.0,7309000.0,3352000.0,276100.0,912100.0,2808000.0,1698000.0,9511000.0,9796000.0,
4232000.0,2196000.0,1552000.0,7337000.0,3329000.0,276100.0,918100.0,2812000.0,1688000.0,9511000.0,9730000.0,
4281000.0,2200000.0,1544000.0,7338000.0,3316000.0,276100.0,924100.0,2821000.0,1672000.0,9558000.0,9682000.0,
4382000.0,2216000.0,1547000.0,7338000.0,3276000.0,279900.0,920300.0,2821000.0,1672000.0,9558000.0,9576000.0,
4347000.0,2216000.0,1550000.0,7333000.0,3276000.0,283800.0,916400.0,2902000.0,1592000.0,9558000.0,9589000.0,
4185000.0,2217000.0,1535000.0,7459000.0,3230000.0,283800.0,928500.0,2907000.0,1575000.0,9558000.0,9659000.0,
4371000.0,2218000.0,1538000.0,7455000.0,3135000.0,289800.0,1313000.0,2527000.0,1563000.0,9558000.0,9538000.0,
4364000.0,2218000.0,1539000.0,7446000.0,3113000.0,287300.0,1313000.0,2539000.0,1551000.0,9558000.0,9563000.0,
4337000.0,2218000.0,1528000.0,7451000.0,3085000.0,281200.0,1313000.0,2545000.0,1545000.0,9558000.0,9610000.0,
4302000.0,2229000.0,1526000.0,7451000.0,3067000.0,265600.0,1318000.0,2539000.0,1545000.0,9606000.0,9650000.0,
4269000.0,2222000.0,1530000.0,7453000.0,3020000.0,265500.0,1333000.0,2556000.0,1512000.0,9606000.0,9697000.0,
4291000.0,2236000.0,1511000.0,7448000.0,3002000.0,266100.0,1338000.0,2565000.0,1614000.0,9485000.0,9673000.0,
4221000.0,2250000.0,1491000.0,7483000.0,3002000.0,266100.0,1344000.0,2559000.0,1614000.0,9485000.0,9695000.0,
4361000.0,2254000.0,1497000.0,7478000.0,2979000.0,273200.0,1361000.0,2565000.0,1584000.0,9485000.0,9552000.0,
4346000.0,2253000.0,1501000.0,7475000.0,2961000.0,280400.0,1366000.0,2563000.0,1574000.0,9485000.0,9570000.0,
4340000.0,2249000.0,1506000.0,7460000.0,2942000.0,798000.0,854000.0,2567000.0,1564000.0,9485000.0,9588000.0,
4325000.0,2245000.0,1508000.0,7443000.0,2942000.0,804000.0,848000.0,2619000.0,1512000.0,9485000.0,9588000.0,
4299000.0,2244000.0,1510000.0,7438000.0,2919000.0,810000.0,851600.0,2663000.0,1458000.0,9485000.0,9612000.0,
4448000.0,2246000.0,1514000.0,7422000.0,2919000.0,810000.0,863700.0,2661000.0,1448000.0,9485000.0,9452000.0,
4425000.0,2256000.0,1504000.0,7413000.0,2919000.0,817400.0,862400.0,2688000.0,1415000.0,9532000.0,9465000.0,
4417000.0,2255000.0,1507000.0,7408000.0,2919000.0,817400.0,862400.0,2725000.0,1378000.0,9532000.0,9465000.0,
4382000.0,2262000.0,1495000.0,7395000.0,2906000.0,817400.0,874400.0,2730000.0,1361000.0,9532000.0,9490000.0,
4355000.0,2262000.0,1501000.0,7396000.0,2906000.0,817400.0,883300.0,2758000.0,1324000.0,9532000.0,9490000.0,
4339000.0,2261000.0,1505000.0,7380000.0,2892000.0,811400.0,887800.0,2784000.0,1292000.0,9532000.0,9512000.0,
4320000.0,2261000.0,1507000.0,7391000.0,2879000.0,811400.0,901900.0,2790000.0,1271000.0,9532000.0,9525000.0,
4297000.0,2266000.0,1511000.0,7381000.0,2842000.0,816200.0,914300.0,2784000.0,1260000.0,9532000.0,9571000.0,
4289000.0,2269000.0,1517000.0,7366000.0,2816000.0,822200.0,920400.0,2790000.0,1242000.0,9580000.0,9596000.0,
4286000.0,2267000.0,1517000.0,7362000.0,2791000.0,822200.0,926400.0,2841000.0,1185000.0,9628000.0,9621000.0,
4353000.0,2263000.0,1517000.0,7362000.0,2766000.0,827000.0,927600.0,2861000.0,1219000.0,9568000.0,9553000.0,
4548000.0,2275000.0,1519000.0,7368000.0,2716000.0,827000.0,933600.0,2867000.0,1206000.0,9568000.0,9378000.0,
4530000.0,2275000.0,1521000.0,7368000.0,2706000.0,828800.0,936800.0,2859000.0,1206000.0,9616000.0,9391000.0,
4513000.0,2274000.0,1512000.0,7348000.0,2688000.0,828800.0,936800.0,2886000.0,1180000.0,9616000.0,9426000.0,
4498000.0,2277000.0,1512000.0,7319000.0,2641000.0,833600.0,941600.0,2886000.0,1170000.0,9616000.0,9473000.0,
4489000.0,2267000.0,1491000.0,7314000.0,2641000.0,833600.0,947600.0,2917000.0,1133000.0,9616000.0,9499000.0,
4478000.0,2260000.0,1494000.0,7314000.0,2641000.0,833600.0,956500.0,2908000.0,1133000.0,9616000.0,9499000.0,
4465000.0,2256000.0,1495000.0,7304000.0,2641000.0,1097000.0,693100.0,2920000.0,1252000.0,9484000.0,9499000.0,
4452000.0,2240000.0,1478000.0,7300000.0,2594000.0,1097000.0,724000.0,2890000.0,1252000.0,9484000.0,9566000.0,
4432000.0,2246000.0,1483000.0,7300000.0,2553000.0,1097000.0,730100.0,2902000.0,1233000.0,9579000.0,9607000.0,
4396000.0,2257000.0,1474000.0,7316000.0,2553000.0,1097000.0,730100.0,2914000.0,1221000.0,9579000.0,9620000.0,
4374000.0,2264000.0,1453000.0,7301000.0,2540000.0,1106000.0,727100.0,3003000.0,1127000.0,9627000.0,9658000.0,
4356000.0,2267000.0,1456000.0,7293000.0,2492000.0,1106000.0,728200.0,3003000.0,1120000.0,9627000.0,9711000.0,
4560000.0,2270000.0,1458000.0,7303000.0,2474000.0,1106000.0,728200.0,3018000.0,1122000.0,9610000.0,9500000.0,
4541000.0,2265000.0,1460000.0,7279000.0,2467000.0,1106000.0,742300.0,3017000.0,1244000.0,9523000.0,9513000.0,
4531000.0,2266000.0,1452000.0,7267000.0,2467000.0,1111000.0,737500.0,3029000.0,1232000.0,9571000.0,9522000.0,
4510000.0,2269000.0,1455000.0,7267000.0,2467000.0,1252000.0,596200.0,3058000.0,1203000.0,9571000.0,9522000.0,
4497000.0,2266000.0,1442000.0,7257000.0,2450000.0,1252000.0,608600.0,3046000.0,1312000.0,9557000.0,9553000.0,
4463000.0,2273000.0,1445000.0,7242000.0,2461000.0,1240000.0,608600.0,3046000.0,1312000.0,9557000.0,9553000.0,
4436000.0,2274000.0,1445000.0,7232000.0,2461000.0,1248000.0,632000.0,3047000.0,1280000.0,9557000.0,9553000.0,
4401000.0,2276000.0,1447000.0,7243000.0,2443000.0,1248000.0,641700.0,3037000.0,1280000.0,9605000.0,9570000.0,
4377000.0,2278000.0,1452000.0,7241000.0,2443000.0,1254000.0,641300.0,3031000.0,1280000.0,9701000.0,9570000.0,
4249000.0,2271000.0,1454000.0,7352000.0,2425000.0,1460000.0,435200.0,3104000.0,1375000.0,9533000.0,9588000.0,
4236000.0,2263000.0,1444000.0,7347000.0,2438000.0,1455000.0,434100.0,3108000.0,1365000.0,9533000.0,9601000.0,
4214000.0,2271000.0,1449000.0,7330000.0,2438000.0,1455000.0,446200.0,3113000.0,1348000.0,9533000.0,9601000.0,
4105000.0,2282000.0,1451000.0,7405000.0,2421000.0,1451000.0,454400.0,3125000.0,1324000.0,9581000.0,9625000.0,
4085000.0,2285000.0,1454000.0,7395000.0,2421000.0,1451000.0,454400.0,3149000.0,1300000.0,9581000.0,9625000.0,
4053000.0,2290000.0,1456000.0,7385000.0,2403000.0,1460000.0,445400.0,3214000.0,1235000.0,9581000.0,9643000.0,
3968000.0,2305000.0,1458000.0,7412000.0,2403000.0,1468000.0,437700.0,3226000.0,1224000.0,9581000.0,9643000.0,
3727000.0,2283000.0,1454000.0,7637000.0,2354000.0,1462000.0,437600.0,3225000.0,1224000.0,9581000.0,9705000.0,
3704000.0,2269000.0,1432000.0,7607000.0,2354000.0,1462000.0,448400.0,3221000.0,1217000.0,9629000.0,9729000.0,
3762000.0,2270000.0,1436000.0,7602000.0,2330000.0,1462000.0,454500.0,3229000.0,1301000.0,9531000.0,9675000.0,
3900000.0,2272000.0,1437000.0,7555000.0,2476000.0,1296000.0,454400.0,3229000.0,1301000.0,9531000.0,9526000.0,
3719000.0,2264000.0,1415000.0,7708000.0,2482000.0,1297000.0,446400.0,3253000.0,1277000.0,9531000.0,9549000.0,
3692000.0,2256000.0,1416000.0,7707000.0,2477000.0,1301000.0,440000.0,3253000.0,1277000.0,9531000.0,9557000.0,
3671000.0,2257000.0,1420000.0,7687000.0,2477000.0,1301000.0,440000.0,3253000.0,1277000.0,9531000.0,9557000.0,
3645000.0,2249000.0,1422000.0,7688000.0,2475000.0,1309000.0,441900.0,3243000.0,1277000.0,9531000.0,9557000.0,
3639000.0,2226000.0,1426000.0,7688000.0,2481000.0,1311000.0,433700.0,3268000.0,1252000.0,9531000.0,9557000.0,
3613000.0,2227000.0,1427000.0,7673000.0,2481000.0,1311000.0,433700.0,3281000.0,1239000.0,9531000.0,9569000.0,
3560000.0,2230000.0,1430000.0,7680000.0,2480000.0,1313000.0,419900.0,3280000.0,1239000.0,9578000.0,9582000.0,
3557000.0,2210000.0,1434000.0,7645000.0,2468000.0,1313000.0,429500.0,3271000.0,1239000.0,9578000.0,9594000.0,
3647000.0,2212000.0,1437000.0,7600000.0,2439000.0,1312000.0,432900.0,3262000.0,1352000.0,9608000.0,9523000.0,
3612000.0,2213000.0,1436000.0,7580000.0,2433000.0,1424000.0,314200.0,3262000.0,1422000.0,9587000.0,9535000.0,
3586000.0,2214000.0,1439000.0,7597000.0,2359000.0,1436000.0,312500.0,3279000.0,1395000.0,9587000.0,9609000.0,
3751000.0,2200000.0,1445000.0,7587000.0,2359000.0,1442000.0,306100.0,3279000.0,1395000.0,9587000.0,9437000.0,
3733000.0,2194000.0,1452000.0,7595000.0,2334000.0,1449000.0,298800.0,3312000.0,1363000.0,9635000.0,9461000.0,
3709000.0,2182000.0,1457000.0,7585000.0,2322000.0,1449000.0,306800.0,3332000.0,1334000.0,9635000.0,9474000.0,
3668000.0,2195000.0,1460000.0,7570000.0,2309000.0,1443000.0,316900.0,3322000.0,1334000.0,9635000.0,9493000.0,
3631000.0,2191000.0,1462000.0,7584000.0,2301000.0,1438000.0,322900.0,3316000.0,1334000.0,9635000.0,9507000.0,
3613000.0,2179000.0,1465000.0,7565000.0,2301000.0,1438000.0,322900.0,3316000.0,1368000.0,9601000.0,9507000.0,
3588000.0,2172000.0,1467000.0,7541000.0,2301000.0,1444000.0,326100.0,3332000.0,1342000.0,9601000.0,9507000.0,
3565000.0,2159000.0,1454000.0,7540000.0,2300000.0,1456000.0,326100.0,3358000.0,1304000.0,9697000.0,9526000.0,
3528000.0,2157000.0,1455000.0,7558000.0,2283000.0,1456000.0,330900.0,3379000.0,1278000.0,9746000.0,9543000.0,
3500000.0,2155000.0,1458000.0,7570000.0,2283000.0,1456000.0,343100.0,3448000.0,1234000.0,9758000.0,9543000.0,
3482000.0,2161000.0,1438000.0,7570000.0,2247000.0,1456000.0,343100.0,3459000.0,1262000.0,9718000.0,9602000.0,
3700000.0,2164000.0,1444000.0,7588000.0,2236000.0,1456000.0,349100.0,3482000.0,1422000.0,9529000.0,9358000.0,
3668000.0,2161000.0,1426000.0,7588000.0,3209000.0,451700.0,349100.0,3507000.0,1392000.0,9529000.0,9418000.0,
3649000.0,2157000.0,1432000.0,7584000.0,3179000.0,453900.0,343100.0,3507000.0,1392000.0,9672000.0,9452000.0,
3635000.0,2164000.0,1434000.0,7575000.0,3169000.0,453900.0,355100.0,3495000.0,1392000.0,9672000.0,9463000.0,
3624000.0,2173000.0,1435000.0,7551000.0,3174000.0,448200.0,372400.0,3588000.0,1281000.0,9672000.0,9463000.0,
3592000.0,2172000.0,1437000.0,7562000.0,3156000.0,468000.0,376700.0,3564000.0,1416000.0,9538000.0,9480000.0,
3578000.0,2163000.0,1444000.0,7552000.0,3094000.0,468000.0,381500.0,3576000.0,1398000.0,9586000.0,9543000.0,
3551000.0,2164000.0,1449000.0,7549000.0,3077000.0,468000.0,381500.0,3600000.0,1375000.0,9586000.0,9560000.0,
3518000.0,2165000.0,1452000.0,7521000.0,3077000.0,474000.0,399100.0,3600000.0,1351000.0,9586000.0,9560000.0,
3492000.0,2160000.0,1458000.0,7528000.0,3048000.0,473900.0,399000.0,3610000.0,1340000.0,9586000.0,9588000.0,
3479000.0,2150000.0,1461000.0,7498000.0,3033000.0,473900.0,398900.0,3610000.0,1340000.0,9634000.0,9603000.0,
3530000.0,2158000.0,1462000.0,7451000.0,3033000.0,473900.0,405000.0,3604000.0,1434000.0,9540000.0,9525000.0,
3516000.0,2160000.0,1464000.0,7411000.0,3033000.0,481500.0,409400.0,3614000.0,1412000.0,9540000.0,9525000.0,
3499000.0,2168000.0,1467000.0,7396000.0,3018000.0,481500.0,421400.0,3624000.0,1390000.0,9588000.0,9540000.0,
3472000.0,2166000.0,1470000.0,7367000.0,2964000.0,475500.0,433500.0,3612000.0,1390000.0,9588000.0,9601000.0,
3465000.0,2172000.0,1471000.0,7322000.0,2923000.0,469100.0,435300.0,3603000.0,1389000.0,9588000.0,9655000.0,
3449000.0,2172000.0,1471000.0,7417000.0,2910000.0,474000.0,436500.0,3629000.0,1357000.0,9588000.0,9548000.0,
3433000.0,2181000.0,1473000.0,7418000.0,2881000.0,467900.0,442500.0,3648000.0,1333000.0,9636000.0,9583000.0,
3426000.0,2178000.0,1477000.0,7403000.0,2870000.0,477300.0,433200.0,3641000.0,1333000.0,9684000.0,9600000.0,
3411000.0,2182000.0,1462000.0,7386000.0,2857000.0,477300.0,449300.0,3635000.0,1323000.0,9732000.0,9632000.0,
3395000.0,2173000.0,1467000.0,7381000.0,2857000.0,477300.0,458100.0,3652000.0,1297000.0,9732000.0,9632000.0,
3444000.0,2170000.0,1466000.0,7352000.0,2834000.0,477300.0,469400.0,3641000.0,1430000.0,9600000.0,9584000.0,
3429000.0,2162000.0,1469000.0,7327000.0,2816000.0,473400.0,475400.0,3635000.0,1430000.0,9648000.0,9606000.0,
3416000.0,2168000.0,1471000.0,7312000.0,2811000.0,465000.0,487500.0,3724000.0,1328000.0,9648000.0,9619000.0,
3527000.0,2166000.0,1475000.0,7320000.0,2811000.0,465000.0,1184000.0,3034000.0,1440000.0,9530000.0,9473000.0,
3514000.0,2166000.0,1478000.0,7295000.0,2811000.0,465000.0,1196000.0,3022000.0,1440000.0,9530000.0,9473000.0,
3504000.0,2157000.0,1478000.0,7295000.0,2815000.0,464700.0,1203000.0,3009000.0,1440000.0,9530000.0,9473000.0,
3480000.0,2160000.0,1478000.0,7280000.0,2815000.0,464700.0,1218000.0,2995000.0,1440000.0,9530000.0,9473000.0,
3436000.0,2161000.0,1481000.0,7266000.0,2815000.0,464600.0,1230000.0,2982000.0,1440000.0,9578000.0,9497000.0,
3431000.0,2162000.0,1483000.0,7248000.0,3078000.0,201800.0,1239000.0,2996000.0,1417000.0,9578000.0,9497000.0,
3382000.0,2169000.0,1487000.0,7262000.0,3078000.0,201800.0,1253000.0,2992000.0,1406000.0,9626000.0,9497000.0,
3312000.0,2170000.0,1489000.0,7323000.0,3055000.0,201800.0,1265000.0,2980000.0,1406000.0,9626000.0,9520000.0,
3307000.0,2172000.0,1492000.0,7314000.0,3055000.0,201700.0,1274000.0,3024000.0,1354000.0,9626000.0,9520000.0,
3292000.0,2174000.0,1495000.0,7309000.0,3043000.0,201700.0,1274000.0,3024000.0,1465000.0,9515000.0,9532000.0,
3160000.0,2174000.0,1497000.0,7433000.0,3043000.0,201700.0,1284000.0,3039000.0,1439000.0,9515000.0,9532000.0,
3124000.0,2172000.0,1499000.0,7460000.0,3024000.0,206500.0,1285000.0,3033000.0,1439000.0,9563000.0,9551000.0,
3095000.0,2187000.0,1501000.0,7466000.0,3018000.0,200400.0,1285000.0,3052000.0,1420000.0,9610000.0,9563000.0,
3087000.0,2190000.0,1502000.0,7446000.0,3012000.0,180200.0,1295000.0,3189000.0,1273000.0,9658000.0,9589000.0,
3049000.0,2184000.0,1506000.0,7471000.0,3012000.0,180200.0,1295000.0,3227000.0,1404000.0,9489000.0,9589000.0,
3032000.0,2181000.0,1509000.0,7462000.0,3012000.0,180200.0,1295000.0,3352000.0,1280000.0,9489000.0,9589000.0,
3021000.0,2181000.0,1515000.0,7453000.0,3012000.0,180200.0,1295000.0,3380000.0,1252000.0,9489000.0,9589000.0,
2987000.0,2186000.0,1518000.0,7454000.0,3023000.0,180900.0,1283000.0,3380000.0,1252000.0,9489000.0,9589000.0,
2979000.0,2192000.0,1519000.0,7429000.0,3029000.0,174900.0,1283000.0,3391000.0,1240000.0,9584000.0,9589000.0,
2975000.0,2193000.0,1522000.0,7424000.0,3029000.0,180900.0,1283000.0,3397000.0,1229000.0,9584000.0,9589000.0,
2970000.0,2193000.0,1526000.0,7411000.0,3029000.0,186900.0,1291000.0,3409000.0,1242000.0,9592000.0,9589000.0,
2954000.0,2199000.0,1526000.0,7411000.0,3029000.0,193000.0,1291000.0,3436000.0,1209000.0,9592000.0,9589000.0,
2930000.0,2202000.0,1529000.0,7423000.0,3029000.0,193000.0,1320000.0,3430000.0,1186000.0,9592000.0,9589000.0,
2921000.0,2194000.0,1536000.0,7423000.0,3011000.0,201000.0,1326000.0,3445000.0,1158000.0,9592000.0,9607000.0,
3123000.0,2191000.0,1539000.0,7414000.0,2999000.0,201000.0,1335000.0,3436000.0,1158000.0,9640000.0,9408000.0,
3108000.0,2198000.0,1541000.0,7414000.0,2973000.0,201000.0,1335000.0,3452000.0,1142000.0,9688000.0,9433000.0,
3085000.0,2200000.0,1519000.0,7417000.0,2948000.0,211500.0,1324000.0,3452000.0,1142000.0,9688000.0,9483000.0,
3078000.0,2198000.0,1523000.0,7417000.0,2994000.0,165300.0,1333000.0,3443000.0,1142000.0,9736000.0,9483000.0,
3043000.0,2199000.0,1527000.0,7437000.0,2994000.0,181300.0,1327000.0,3444000.0,1131000.0,9834000.0,9483000.0,
3022000.0,2197000.0,1528000.0,7439000.0,2994000.0,189300.0,1319000.0,3444000.0,1401000.0,9564000.0,9483000.0,
2982000.0,2208000.0,1530000.0,7457000.0,2972000.0,196500.0,1311000.0,3444000.0,1401000.0,9612000.0,9506000.0,
2958000.0,2208000.0,1533000.0,7468000.0,2947000.0,196500.0,1311000.0,3472000.0,1372000.0,9660000.0,9530000.0,
2925000.0,2210000.0,1535000.0,7486000.0,2902000.0,202500.0,1314000.0,3463000.0,1372000.0,9660000.0,9575000.0,
2909000.0,2203000.0,1538000.0,7487000.0,2882000.0,202500.0,1326000.0,3518000.0,1307000.0,9805000.0,9596000.0,
2891000.0,2195000.0,1541000.0,7495000.0,2861000.0,208500.0,1336000.0,3520000.0,1289000.0,9805000.0,9616000.0,
2886000.0,2169000.0,1547000.0,7480000.0,2848000.0,214500.0,1330000.0,3520000.0,1289000.0,9805000.0,9629000.0,
2859000.0,2147000.0,1548000.0,7462000.0,2848000.0,214500.0,1330000.0,3520000.0,1288000.0,9805000.0,9629000.0,
2849000.0,2149000.0,1549000.0,7542000.0,2823000.0,214500.0,1339000.0,3527000.0,1346000.0,9731000.0,9563000.0,
2848000.0,2139000.0,1542000.0,7542000.0,2850000.0,174300.0,1351000.0,3552000.0,1421000.0,9612000.0,9600000.0,
2844000.0,2140000.0,1537000.0,7532000.0,2820000.0,678100.0,856500.0,3558000.0,1540000.0,9525000.0,9637000.0,
2967000.0,2142000.0,1540000.0,7528000.0,2820000.0,684100.0,850500.0,3573000.0,1526000.0,9573000.0,9503000.0,
2957000.0,2146000.0,1540000.0,7519000.0,2783000.0,690100.0,853200.0,3600000.0,1489000.0,9573000.0,9541000.0,
2954000.0,2146000.0,1543000.0,7519000.0,2793000.0,679800.0,853200.0,3600000.0,1489000.0,9621000.0,9541000.0,
2946000.0,2147000.0,1545000.0,7515000.0,2752000.0,672500.0,863600.0,3605000.0,1633000.0,9463000.0,9588000.0,
3050000.0,2151000.0,1551000.0,7515000.0,2697000.0,679100.0,857000.0,3634000.0,1603000.0,9510000.0,9519000.0,
3025000.0,2151000.0,1556000.0,7530000.0,2674000.0,679100.0,865300.0,3636000.0,1593000.0,9510000.0,9542000.0,
3002000.0,2151000.0,1558000.0,7545000.0,2650000.0,679100.0,865300.0,3636000.0,1593000.0,9510000.0,9567000.0,
2974000.0,2150000.0,1561000.0,7567000.0,2650000.0,679100.0,865300.0,3716000.0,1513000.0,9557000.0,9567000.0,
2928000.0,2150000.0,1564000.0,7604000.0,2625000.0,685200.0,859300.0,3716000.0,1513000.0,9557000.0,9591000.0,
2885000.0,2153000.0,1566000.0,7632000.0,2601000.0,691600.0,861700.0,3736000.0,1484000.0,9653000.0,9616000.0,
2870000.0,2144000.0,1576000.0,7631000.0,2576000.0,698700.0,854600.0,3748000.0,1472000.0,9653000.0,9640000.0,
2997000.0,2143000.0,1580000.0,7631000.0,2563000.0,693900.0,854600.0,3773000.0,1515000.0,9633000.0,9529000.0,
2996000.0,2135000.0,1583000.0,7627000.0,2539000.0,693900.0,854600.0,3839000.0,1449000.0,9633000.0,9553000.0,
2988000.0,2131000.0,1585000.0,7622000.0,2514000.0,693800.0,866600.0,3827000.0,1474000.0,9608000.0,9578000.0,
2987000.0,2128000.0,1588000.0,7622000.0,2497000.0,700900.0,865600.0,3831000.0,1539000.0,9533000.0,9595000.0,
2977000.0,2137000.0,1589000.0,7612000.0,2470000.0,707200.0,853500.0,3831000.0,1592000.0,9576000.0,9628000.0,
3078000.0,2135000.0,1592000.0,7603000.0,2460000.0,712100.0,859400.0,3815000.0,1592000.0,9623000.0,9541000.0,
3076000.0,2131000.0,1597000.0,7598000.0,2441000.0,718500.0,859000.0,3838000.0,1564000.0,9623000.0,9560000.0,
2920000.0,2130000.0,1603000.0,7720000.0,2447000.0,697600.0,859000.0,3867000.0,1568000.0,9638000.0,9575000.0,
2918000.0,2128000.0,1606000.0,7695000.0,2824000.0,296200.0,879000.0,3891000.0,1523000.0,9687000.0,9600000.0,
2915000.0,2127000.0,1610000.0,7660000.0,2824000.0,296200.0,897000.0,3892000.0,1583000.0,9656000.0,9600000.0,
2897000.0,2125000.0,1613000.0,7667000.0,2824000.0,611900.0,581200.0,3910000.0,1629000.0,9592000.0,9600000.0,
2874000.0,2124000.0,1616000.0,7683000.0,2811000.0,619400.0,583800.0,3918000.0,1612000.0,9592000.0,9612000.0,
2922000.0,2126000.0,1617000.0,7674000.0,2821000.0,609100.0,583800.0,3967000.0,1562000.0,9592000.0,9555000.0,
2899000.0,2130000.0,1620000.0,7665000.0,2790000.0,616200.0,576600.0,3967000.0,1655000.0,9547000.0,9586000.0,
2892000.0,2134000.0,1623000.0,7640000.0,2790000.0,632900.0,565900.0,3973000.0,1644000.0,9547000.0,9586000.0,
2890000.0,2130000.0,1629000.0,7620000.0,2772000.0,641300.0,2130000.0,2413000.0,1631000.0,9595000.0,9604000.0,
2874000.0,2127000.0,1633000.0,7595000.0,2778000.0,635300.0,2136000.0,2407000.0,1631000.0,9691000.0,9604000.0,
2848000.0,2122000.0,1640000.0,7609000.0,2778000.0,641300.0,2136000.0,2407000.0,1625000.0,9691000.0,9604000.0,
2834000.0,2130000.0,1641000.0,7604000.0,2783000.0,636000.0,2136000.0,2436000.0,1596000.0,9739000.0,9604000.0,
2769000.0,2130000.0,1643000.0,7628000.0,2789000.0,644600.0,2133000.0,2446000.0,1574000.0,9739000.0,9637000.0,
2857000.0,2128000.0,1645000.0,7628000.0,2796000.0,637800.0,2139000.0,2440000.0,1742000.0,9619000.0,9544000.0,
2838000.0,2130000.0,1646000.0,7624000.0,2783000.0,645500.0,2138000.0,2504000.0,1776000.0,9515000.0,9557000.0,
2824000.0,2129000.0,1650000.0,7605000.0,2783000.0,652600.0,2135000.0,2572000.0,1703000.0,9515000.0,9557000.0,
2790000.0,2135000.0,1652000.0,7590000.0,2766000.0,658600.0,2129000.0,2619000.0,1656000.0,9515000.0,9595000.0,
2879000.0,2130000.0,1658000.0,7561000.0,2748000.0,658600.0,2138000.0,2622000.0,1644000.0,9515000.0,9517000.0,
2873000.0,2126000.0,1658000.0,7546000.0,2760000.0,652900.0,2150000.0,2614000.0,1634000.0,9563000.0,9517000.0,
2864000.0,2131000.0,1662000.0,7536000.0,2742000.0,652900.0,2165000.0,2599000.0,1634000.0,9563000.0,9535000.0,
2858000.0,2111000.0,1663000.0,7491000.0,2742000.0,652900.0,2174000.0,2615000.0,1609000.0,9563000.0,9535000.0,
2857000.0,2104000.0,1666000.0,7441000.0,2724000.0,652900.0,2180000.0,2609000.0,1609000.0,9563000.0,9553000.0,
2848000.0,2105000.0,1652000.0,7426000.0,2703000.0,652900.0,2180000.0,2691000.0,1528000.0,9611000.0,9590000.0,
2825000.0,2104000.0,1651000.0,7421000.0,2673000.0,652900.0,2180000.0,2737000.0,1481000.0,9611000.0,9620000.0,
2947000.0,2103000.0,1655000.0,7401000.0,2673000.0,652900.0,2180000.0,2743000.0,1567000.0,9614000.0,9479000.0,
2924000.0,2108000.0,1656000.0,7419000.0,2673000.0,658900.0,2180000.0,2737000.0,1567000.0,9614000.0,9479000.0,
2909000.0,2098000.0,1660000.0,7379000.0,2658000.0,671000.0,2168000.0,2750000.0,1692000.0,9524000.0,9495000.0,
2881000.0,2106000.0,1664000.0,7370000.0,2643000.0,945700.0,1893000.0,2750000.0,1692000.0,9572000.0,9510000.0,
2873000.0,2103000.0,1665000.0,7305000.0,2643000.0,945700.0,1901000.0,2748000.0,1686000.0,9619000.0,9510000.0,
2853000.0,2108000.0,1669000.0,7297000.0,2612000.0,1516000.0,1331000.0,2769000.0,1666000.0,9619000.0,9540000.0,
2844000.0,2107000.0,1674000.0,7296000.0,2612000.0,1516000.0,1331000.0,2781000.0,1726000.0,9547000.0,9540000.0,
2821000.0,2102000.0,1680000.0,7290000.0,2619000.0,1515000.0,1334000.0,2772000.0,1726000.0,9547000.0,9558000.0,
2811000.0,2099000.0,1683000.0,7290000.0,2595000.0,1515000.0,1334000.0,2772000.0,1726000.0,9547000.0,9582000.0,
2799000.0,2103000.0,1686000.0,7289000.0,2558000.0,1509000.0,1340000.0,2766000.0,1726000.0,9595000.0,9625000.0,
2780000.0,2101000.0,1691000.0,7306000.0,2558000.0,1509000.0,1345000.0,2761000.0,1726000.0,9595000.0,9625000.0,
2776000.0,2096000.0,1692000.0,7299000.0,2558000.0,1515000.0,1339000.0,2809000.0,1677000.0,9595000.0,9625000.0,
3001000.0,2098000.0,1694000.0,7288000.0,2558000.0,1515000.0,1351000.0,2843000.0,1631000.0,9595000.0,9372000.0,
2978000.0,2096000.0,1699000.0,7273000.0,2545000.0,1523000.0,1338000.0,2888000.0,1585000.0,9691000.0,9389000.0,
2962000.0,2099000.0,1690000.0,7208000.0,2527000.0,1523000.0,1350000.0,2871000.0,1585000.0,9691000.0,9426000.0,
2942000.0,2098000.0,1696000.0,7203000.0,2527000.0,1523000.0,1358000.0,2875000.0,1573000.0,9691000.0,9426000.0,
2936000.0,2097000.0,1698000.0,7168000.0,2527000.0,1523000.0,1364000.0,2885000.0,1557000.0,9739000.0,9426000.0,
2911000.0,2098000.0,1679000.0,7170000.0,2514000.0,1521000.0,1358000.0,2916000.0,1526000.0,9739000.0,9468000.0,
2878000.0,2097000.0,1681000.0,7186000.0,2490000.0,1537000.0,1342000.0,2931000.0,1511000.0,9739000.0,9492000.0,
2877000.0,2094000.0,1685000.0,7181000.0,2490000.0,1543000.0,1351000.0,2943000.0,1483000.0,9788000.0,9492000.0,
2860000.0,2091000.0,1690000.0,7177000.0,2480000.0,1530000.0,1363000.0,3018000.0,1396000.0,9837000.0,9517000.0,
2859000.0,2083000.0,1694000.0,7167000.0,2480000.0,1546000.0,1818000.0,2553000.0,1390000.0,9837000.0,9517000.0,
2856000.0,2084000.0,1696000.0,7142000.0,2455000.0,1557000.0,1823000.0,2584000.0,1342000.0,9837000.0,9541000.0,
2853000.0,2080000.0,1698000.0,7117000.0,2455000.0,1570000.0,1836000.0,2581000.0,1517000.0,9638000.0,9541000.0,
2843000.0,2086000.0,1702000.0,7117000.0,2455000.0,1576000.0,1836000.0,2657000.0,1436000.0,9638000.0,9541000.0,
2835000.0,2083000.0,1707000.0,7113000.0,2455000.0,1583000.0,1835000.0,2671000.0,1416000.0,9638000.0,9541000.0,
2817000.0,2078000.0,1691000.0,7115000.0,2461000.0,1577000.0,1848000.0,2658000.0,1416000.0,9686000.0,9563000.0,
2726000.0,2076000.0,1693000.0,7201000.0,2461000.0,1589000.0,1842000.0,2699000.0,1486000.0,9569000.0,9563000.0,
2715000.0,2075000.0,1695000.0,7197000.0,2461000.0,1595000.0,1857000.0,2713000.0,1451000.0,9569000.0,9563000.0,
2710000.0,2074000.0,1700000.0,7197000.0,2451000.0,1588000.0,1858000.0,2837000.0,1377000.0,9561000.0,9585000.0,
2679000.0,2067000.0,1696000.0,7208000.0,2451000.0,1588000.0,1864000.0,2841000.0,1366000.0,9657000.0,9585000.0,
2663000.0,2065000.0,1698000.0,7214000.0,2442000.0,1593000.0,1853000.0,2866000.0,1457000.0,9536000.0,9606000.0,
2655000.0,2063000.0,1674000.0,7208000.0,2448000.0,1600000.0,1840000.0,2878000.0,1445000.0,9536000.0,9631000.0,
2715000.0,2068000.0,1675000.0,7222000.0,2447000.0,1588000.0,1849000.0,2869000.0,1445000.0,9536000.0,9555000.0,
2671000.0,2069000.0,1676000.0,7238000.0,2447000.0,1588000.0,1849000.0,2887000.0,1427000.0,9536000.0,9555000.0,
2661000.0,2072000.0,1677000.0,7225000.0,2459000.0,2700000.0,724800.0,2887000.0,1427000.0,9583000.0,9555000.0,
2638000.0,2066000.0,1678000.0,7232000.0,2430000.0,2694000.0,724800.0,2924000.0,1390000.0,9583000.0,9590000.0,
2631000.0,2069000.0,1680000.0,7214000.0,2416000.0,2682000.0,724800.0,2953000.0,1360000.0,9631000.0,9616000.0,
2875000.0,2070000.0,1681000.0,7224000.0,2421000.0,2677000.0,724800.0,3033000.0,1323000.0,9589000.0,9356000.0,
2818000.0,2075000.0,1684000.0,7263000.0,2461000.0,2637000.0,724800.0,3033000.0,1323000.0,9637000.0,9356000.0,
2801000.0,2069000.0,1686000.0,7273000.0,2449000.0,2643000.0,718800.0,3080000.0,1276000.0,9637000.0,9368000.0,
2791000.0,2069000.0,1669000.0,7259000.0,2455000.0,2649000.0,712700.0,3074000.0,1276000.0,9637000.0,9389000.0,
2775000.0,2070000.0,1669000.0,7259000.0,2466000.0,2644000.0,724800.0,3071000.0,1261000.0,9637000.0,9389000.0,
2739000.0,2066000.0,1674000.0,7264000.0,2447000.0,2659000.0,699200.0,3168000.0,1164000.0,9637000.0,9419000.0,
2726000.0,2065000.0,1675000.0,7251000.0,2458000.0,2660000.0,693100.0,3226000.0,1164000.0,9572000.0,9419000.0,
2703000.0,2070000.0,1678000.0,7248000.0,2382000.0,2648000.0,693100.0,3226000.0,1164000.0,9572000.0,9506000.0,
2697000.0,2073000.0,1680000.0,7248000.0,2388000.0,2642000.0,707200.0,3212000.0,1164000.0,9620000.0,9506000.0,
2685000.0,2073000.0,1683000.0,7233000.0,2412000.0,2624000.0,714800.0,3245000.0,1118000.0,9620000.0,9506000.0,
2672000.0,2079000.0,1684000.0,7218000.0,2761000.0,2293000.0,706000.0,3256000.0,1140000.0,9626000.0,9506000.0,
2631000.0,2089000.0,1685000.0,7233000.0,2761000.0,2300000.0,698200.0,3256000.0,1140000.0,9626000.0,9506000.0,
2610000.0,2086000.0,1688000.0,7244000.0,4057000.0,1011000.0,698200.0,3267000.0,1123000.0,9626000.0,9506000.0,
2602000.0,2087000.0,1690000.0,7244000.0,4075000.0,992800.0,704200.0,3261000.0,1171000.0,9579000.0,9506000.0,
2588000.0,2076000.0,1685000.0,7240000.0,4048000.0,980700.0,710200.0,3285000.0,1141000.0,9579000.0,9558000.0,
2580000.0,2066000.0,1687000.0,7222000.0,4054000.0,974700.0,722200.0,3272000.0,1141000.0,9579000.0,9558000.0,
2572000.0,2058000.0,1693000.0,7197000.0,4032000.0,974700.0,758600.0,3236000.0,1255000.0,9513000.0,9581000.0,
2556000.0,2063000.0,1693000.0,7187000.0,3975000.0,974700.0,758600.0,3252000.0,1239000.0,9560000.0,9637000.0,
2551000.0,2066000.0,1694000.0,7184000.0,3938000.0,986700.0,751400.0,3247000.0,1239000.0,9656000.0,9675000.0,
2537000.0,2074000.0,1682000.0,7184000.0,3701000.0,992800.0,743800.0,3264000.0,1222000.0,9656000.0,9930000.0,
2721000.0,2072000.0,1671000.0,7184000.0,3701000.0,998800.0,737800.0,3367000.0,1206000.0,9569000.0,9760000.0,
2897000.0,2069000.0,1651000.0,7184000.0,3679000.0,1005000.0,736600.0,3373000.0,1195000.0,9569000.0,9614000.0,
2890000.0,2072000.0,1654000.0,7179000.0,3661000.0,1005000.0,736600.0,3406000.0,1162000.0,9617000.0,9632000.0,
3109000.0,2082000.0,1658000.0,7184000.0,3649000.0,998800.0,736600.0,3455000.0,1181000.0,9598000.0,9402000.0,
2999000.0,2083000.0,1616000.0,7255000.0,3618000.0,1007000.0,739800.0,3444000.0,1247000.0,9579000.0,9477000.0,
2919000.0,2084000.0,1611000.0,7323000.0,3599000.0,1007000.0,752300.0,3438000.0,1233000.0,9627000.0,9511000.0,
2888000.0,2093000.0,1572000.0,7315000.0,3579000.0,1014000.0,751200.0,3491000.0,1174000.0,9627000.0,9573000.0,
2868000.0,2094000.0,1574000.0,7278000.0,3535000.0,1012000.0,751200.0,3507000.0,1152000.0,9627000.0,9624000.0,
2861000.0,2093000.0,1555000.0,7252000.0,3513000.0,1013000.0,745200.0,3524000.0,1135000.0,9675000.0,9675000.0,
3015000.0,2091000.0,1538000.0,7243000.0,3495000.0,1003000.0,756000.0,3543000.0,1142000.0,9638000.0,9562000.0,
3003000.0,2089000.0,1542000.0,7238000.0,3441000.0,1003000.0,756000.0,3543000.0,1142000.0,9638000.0,9615000.0,
3073000.0,2094000.0,1546000.0,7213000.0,3407000.0,1009000.0,756000.0,3537000.0,1206000.0,9623000.0,9565000.0,
3025000.0,2080000.0,1548000.0,7227000.0,3394000.0,1016000.0,772700.0,3538000.0,1181000.0,9719000.0,9578000.0,
3019000.0,2083000.0,1532000.0,7177000.0,3382000.0,1010000.0,808400.0,3513000.0,1263000.0,9626000.0,9615000.0,
2996000.0,2088000.0,1535000.0,7167000.0,3360000.0,1010000.0,808400.0,3519000.0,1257000.0,9626000.0,9637000.0,
3093000.0,2084000.0,1515000.0,7150000.0,3360000.0,1010000.0,820400.0,3526000.0,1262000.0,9699000.0,9557000.0,
3090000.0,2076000.0,1519000.0,7145000.0,3344000.0,1014000.0,822600.0,3520000.0,1262000.0,9699000.0,9571000.0,
3083000.0,2068000.0,1522000.0,7126000.0,3291000.0,1014000.0,3316000.0,1026000.0,1262000.0,9699000.0,9624000.0,
3179000.0,2067000.0,1524000.0,7118000.0,3276000.0,1014000.0,3316000.0,1037000.0,1370000.0,9580000.0,9524000.0,
3166000.0,2069000.0,1526000.0,7093000.0,3276000.0,1014000.0,3316000.0,1037000.0,1370000.0,9580000.0,9524000.0,
3138000.0,2068000.0,1534000.0,7093000.0,3276000.0,1020000.0,3330000.0,1033000.0,1354000.0,9580000.0,9524000.0,
3127000.0,2067000.0,1536000.0,7093000.0,3276000.0,1026000.0,3324000.0,1033000.0,1354000.0,9580000.0,9524000.0,
3123000.0,2067000.0,1540000.0,7093000.0,3276000.0,1026000.0,3330000.0,1027000.0,1354000.0,9580000.0,9524000.0,
3112000.0,2065000.0,1530000.0,7083000.0,3276000.0,1032000.0,3324000.0,1027000.0,1354000.0,9580000.0,9536000.0,
3095000.0,2072000.0,1536000.0,7073000.0,3257000.0,1032000.0,3324000.0,1050000.0,1331000.0,9580000.0,9556000.0,
3092000.0,2071000.0,1539000.0,7073000.0,3257000.0,1032000.0,3324000.0,1050000.0,1331000.0,9580000.0,9556000.0,
3080000.0,2058000.0,1539000.0,7063000.0,3959000.0,330400.0,3875000.0,498500.0,1331000.0,9580000.0,9556000.0,
3053000.0,2046000.0,1524000.0,7077000.0,3959000.0,360100.0,3846000.0,512600.0,1317000.0,9580000.0,9581000.0,
3041000.0,2046000.0,1526000.0,7077000.0,3959000.0,366100.0,3854000.0,517100.0,1297000.0,9580000.0,9581000.0,
3020000.0,2037000.0,1528000.0,7085000.0,3944000.0,366100.0,3854000.0,517100.0,1297000.0,9580000.0,9602000.0,
3019000.0,2032000.0,1529000.0,7085000.0,3944000.0,830700.0,3399000.0,508300.0,1297000.0,9628000.0,9602000.0,
3008000.0,2032000.0,1530000.0,7084000.0,3944000.0,830700.0,3405000.0,513900.0,1285000.0,9676000.0,9602000.0,
2982000.0,2030000.0,1538000.0,7085000.0,3944000.0,836700.0,3399000.0,513900.0,1285000.0,9724000.0,9602000.0,
2951000.0,2032000.0,1540000.0,7102000.0,3944000.0,860000.0,3390000.0,499000.0,1285000.0,9724000.0,9602000.0,
2926000.0,2038000.0,1544000.0,7102000.0,3932000.0,860000.0,3390000.0,499000.0,1285000.0,9724000.0,9614000.0,
2922000.0,2035000.0,1549000.0,7245000.0,3932000.0,866100.0,3389000.0,494100.0,1309000.0,9749000.0,9464000.0,
2897000.0,2033000.0,1530000.0,7236000.0,3913000.0,872100.0,3383000.0,541600.0,1261000.0,9749000.0,9506000.0,
2893000.0,2035000.0,1532000.0,7221000.0,3893000.0,878500.0,3385000.0,593500.0,1201000.0,9749000.0,9525000.0,
2890000.0,2031000.0,1534000.0,7206000.0,3899000.0,878500.0,3379000.0,593500.0,1326000.0,9673000.0,9525000.0,
2885000.0,2034000.0,1534000.0,7188000.0,3899000.0,884500.0,3379000.0,693800.0,1301000.0,9591000.0,9525000.0,
2877000.0,2022000.0,1519000.0,7174000.0,3907000.0,876200.0,3385000.0,705100.0,1284000.0,9591000.0,9540000.0,
2870000.0,2019000.0,1522000.0,7121000.0,3907000.0,876200.0,3391000.0,811600.0,1171000.0,9591000.0,9540000.0,
2866000.0,2015000.0,1524000.0,7106000.0,3907000.0,882200.0,3396000.0,822000.0,1149000.0,9591000.0,9540000.0,
2844000.0,2000000.0,1527000.0,7116000.0,3907000.0,882200.0,3396000.0,822000.0,1149000.0,9591000.0,9540000.0,
2825000.0,1998000.0,1530000.0,7129000.0,3876000.0,895300.0,3392000.0,819400.0,1143000.0,9591000.0,9571000.0,
2818000.0,1998000.0,1532000.0,7119000.0,3876000.0,902400.0,3394000.0,815600.0,1137000.0,9639000.0,9571000.0,
2811000.0,1997000.0,1534000.0,7114000.0,3861000.0,914500.0,3382000.0,834800.0,1118000.0,9639000.0,9586000.0,
2831000.0,2003000.0,1537000.0,7108000.0,3826000.0,915700.0,3376000.0,834800.0,1201000.0,9653000.0,9578000.0,
2827000.0,1998000.0,1541000.0,7103000.0,3750000.0,912700.0,3370000.0,894200.0,1228000.0,9615000.0,9663000.0,
3007000.0,1990000.0,1535000.0,7091000.0,3711000.0,918400.0,3364000.0,925500.0,1250000.0,9561000.0,9514000.0,
2973000.0,1986000.0,1537000.0,7112000.0,3711000.0,930400.0,3367000.0,951300.0,1210000.0,9561000.0,9514000.0,
2943000.0,1992000.0,1524000.0,7111000.0,3711000.0,936400.0,3361000.0,978400.0,1182000.0,9561000.0,9526000.0,
2916000.0,1996000.0,1515000.0,7123000.0,4125000.0,539200.0,3344000.0,999500.0,1161000.0,9561000.0,9540000.0,
2907000.0,2004000.0,1515000.0,7120000.0,4106000.0,551200.0,3343000.0,1014000.0,1136000.0,9561000.0,9560000.0,
2874000.0,2004000.0,1516000.0,7137000.0,4091000.0,551600.0,3337000.0,1037000.0,1113000.0,9561000.0,9580000.0,
2855000.0,2017000.0,1517000.0,7132000.0,4091000.0,569500.0,3319000.0,1037000.0,1113000.0,9561000.0,9580000.0,
2841000.0,2015000.0,1501000.0,7132000.0,4051000.0,569500.0,3313000.0,1047000.0,1102000.0,9561000.0,9643000.0,
2605000.0,2016000.0,1502000.0,7346000.0,4051000.0,612200.0,3282000.0,1065000.0,1073000.0,9561000.0,9643000.0,
2595000.0,2021000.0,1504000.0,7466000.0,4009000.0,676000.0,3218000.0,1065000.0,1073000.0,9561000.0,9549000.0,
2590000.0,2020000.0,1504000.0,7462000.0,4018000.0,916400.0,2969000.0,1105000.0,1033000.0,9561000.0,9549000.0,
2512000.0,2011000.0,1509000.0,7534000.0,4024000.0,946400.0,2933000.0,1139000.0,997900.0,9561000.0,9549000.0,
2502000.0,2007000.0,1513000.0,7529000.0,4024000.0,952400.0,2927000.0,1139000.0,997900.0,9561000.0,9549000.0,
2471000.0,2004000.0,1481000.0,7529000.0,4024000.0,952400.0,2927000.0,1139000.0,997900.0,9609000.0,9585000.0,
2463000.0,2000000.0,1488000.0,7519000.0,4005000.0,953000.0,2920000.0,1150000.0,987400.0,9705000.0,9610000.0,
2575000.0,1993000.0,1485000.0,7530000.0,3995000.0,955100.0,2914000.0,1154000.0,1078000.0,9652000.0,9502000.0,
2560000.0,1981000.0,1487000.0,7514000.0,3977000.0,967100.0,2902000.0,1172000.0,1060000.0,9700000.0,9521000.0,
2548000.0,1970000.0,1488000.0,7497000.0,3977000.0,985200.0,2884000.0,1172000.0,1060000.0,9700000.0,9521000.0,
2531000.0,1974000.0,1491000.0,7487000.0,3977000.0,1015000.0,2853000.0,1182000.0,1050000.0,9749000.0,9521000.0,
2524000.0,1972000.0,1494000.0,7477000.0,3910000.0,1015000.0,2853000.0,1195000.0,1079000.0,9707000.0,9587000.0,
2506000.0,1976000.0,1502000.0,7462000.0,3910000.0,1027000.0,2841000.0,1241000.0,1195000.0,9545000.0,9587000.0,
2493000.0,1975000.0,1504000.0,7437000.0,3892000.0,1039000.0,2848000.0,1223000.0,1195000.0,9545000.0,9618000.0,
2479000.0,1982000.0,1509000.0,7409000.0,3892000.0,1052000.0,2841000.0,1231000.0,1180000.0,9593000.0,9618000.0,
2469000.0,1976000.0,1515000.0,7344000.0,3903000.0,1041000.0,2855000.0,1243000.0,1156000.0,9641000.0,9618000.0,
2449000.0,1979000.0,1516000.0,7309000.0,3883000.0,1023000.0,2855000.0,1255000.0,1143000.0,9641000.0,9655000.0,
2426000.0,1972000.0,1519000.0,7294000.0,3889000.0,1029000.0,2853000.0,1250000.0,1136000.0,9641000.0,9668000.0,
2399000.0,1970000.0,1526000.0,7260000.0,3877000.0,1035000.0,2847000.0,1260000.0,1126000.0,9641000.0,9693000.0,
2558000.0,1961000.0,1530000.0,7259000.0,3882000.0,1503000.0,2374000.0,1273000.0,1193000.0,9609000.0,9510000.0,
2488000.0,1960000.0,1514000.0,7311000.0,3882000.0,1522000.0,2374000.0,1265000.0,1182000.0,9705000.0,9535000.0,
2428000.0,1958000.0,1517000.0,7349000.0,3882000.0,1528000.0,2390000.0,1286000.0,1176000.0,9669000.0,9535000.0,
2417000.0,1954000.0,1523000.0,7334000.0,3888000.0,1538000.0,2382000.0,1318000.0,1135000.0,9669000.0,9535000.0,
2409000.0,1950000.0,1527000.0,7282000.0,3903000.0,1523000.0,2392000.0,1325000.0,1145000.0,9690000.0,9535000.0,
2300000.0,1939000.0,1530000.0,7385000.0,3879000.0,1529000.0,2386000.0,1410000.0,1060000.0,9738000.0,9559000.0,
2294000.0,1930000.0,1530000.0,7355000.0,3878000.0,1535000.0,2395000.0,1395000.0,1060000.0,9787000.0,9559000.0,
2284000.0,1925000.0,1535000.0,7355000.0,3857000.0,1535000.0,2395000.0,1412000.0,1043000.0,9787000.0,9581000.0,
2272000.0,1924000.0,1538000.0,7350000.0,3857000.0,1541000.0,2395000.0,1440000.0,1008000.0,9787000.0,9581000.0,
2267000.0,1925000.0,1542000.0,7320000.0,3842000.0,1547000.0,2408000.0,1427000.0,995400.0,9787000.0,9602000.0,
2260000.0,1929000.0,1524000.0,7310000.0,3842000.0,1553000.0,2414000.0,1416000.0,995400.0,9934000.0,9622000.0,
2343000.0,1926000.0,1527000.0,7295000.0,3823000.0,1902000.0,2079000.0,1401000.0,1047000.0,9982000.0,9548000.0,
2339000.0,1921000.0,1531000.0,7275000.0,4044000.0,1677000.0,2062000.0,1401000.0,1292000.0,9737000.0,9569000.0,
2321000.0,1926000.0,1534000.0,7270000.0,4050000.0,1927000.0,1806000.0,1445000.0,1248000.0,9737000.0,9569000.0,
2315000.0,1921000.0,1540000.0,7240000.0,4050000.0,1927000.0,1820000.0,1432000.0,1332000.0,9702000.0,9569000.0,
2294000.0,1926000.0,1519000.0,7237000.0,4063000.0,1913000.0,1820000.0,1442000.0,1321000.0,9702000.0,9593000.0,
2280000.0,1924000.0,1522000.0,7227000.0,4067000.0,2380000.0,1352000.0,1437000.0,1376000.0,9792000.0,9593000.0,
2241000.0,1929000.0,1523000.0,7226000.0,4022000.0,2380000.0,1352000.0,1437000.0,1376000.0,9792000.0,9638000.0,
2239000.0,1930000.0,1525000.0,7211000.0,3993000.0,2380000.0,1362000.0,1427000.0,1376000.0,9841000.0,9667000.0,
2300000.0,1931000.0,1527000.0,7258000.0,3987000.0,2364000.0,1362000.0,1427000.0,1487000.0,9731000.0,9567000.0,
2299000.0,1928000.0,1530000.0,7234000.0,3965000.0,2364000.0,1362000.0,1437000.0,1477000.0,9731000.0,9590000.0,
2297000.0,1929000.0,1531000.0,7234000.0,3965000.0,2897000.0,828600.0,1481000.0,1460000.0,9801000.0,9590000.0,
2294000.0,1927000.0,1536000.0,7214000.0,3934000.0,2904000.0,833900.0,1463000.0,1460000.0,9801000.0,9625000.0,
2292000.0,1927000.0,1537000.0,7139000.0,3934000.0,2916000.0,827900.0,1467000.0,1449000.0,9949000.0,9625000.0,
2379000.0,1926000.0,1537000.0,7108000.0,3911000.0,2916000.0,827900.0,1483000.0,1490000.0,9943000.0,9558000.0,
2378000.0,1921000.0,1539000.0,7088000.0,3911000.0,2920000.0,1364000.0,942600.0,1490000.0,9993000.0,9558000.0,
2378000.0,1918000.0,1542000.0,7074000.0,3911000.0,2926000.0,1363000.0,967000.0,1461000.0,1.009E7,9558000.0,
2377000.0,1917000.0,1543000.0,7050000.0,3911000.0,2926000.0,1363000.0,997000.0,1430000.0,1.009E7,9558000.0,
2360000.0,1918000.0,1550000.0,7017000.0,3894000.0,2921000.0,1371000.0,1020000.0,1440000.0,1.01E7,9580000.0,
2347000.0,1919000.0,1554000.0,7007000.0,3905000.0,2916000.0,1365000.0,1026000.0,1434000.0,1.01E7,9580000.0,
2345000.0,1917000.0,1557000.0,7007000.0,3905000.0,2925000.0,1361000.0,1035000.0,1419000.0,1.015E7,9580000.0,
2331000.0,1915000.0,1560000.0,7006000.0,3905000.0,2925000.0,1367000.0,1097000.0,1370000.0,1.013E7,9580000.0,
2304000.0,1933000.0,1518000.0,7006000.0,3905000.0,2933000.0,1360000.0,1121000.0,1346000.0,1.018E7,9626000.0,
2303000.0,1932000.0,1520000.0,7001000.0,3880000.0,2941000.0,1357000.0,1143000.0,1318000.0,1.024E7,9651000.0,
2389000.0,1921000.0,1498000.0,6996000.0,3880000.0,2941000.0,1357000.0,1153000.0,1461000.0,1.008E7,9581000.0,
2372000.0,1919000.0,1501000.0,6972000.0,3886000.0,2959000.0,1339000.0,1174000.0,1434000.0,1.008E7,9581000.0,
2262000.0,1922000.0,1504000.0,7066000.0,3886000.0,2963000.0,1335000.0,1174000.0,1472000.0,1.004E7,9581000.0,
2252000.0,1924000.0,1508000.0,7056000.0,3886000.0,2970000.0,1337000.0,1166000.0,1472000.0,1.004E7,9581000.0,
2246000.0,1928000.0,1509000.0,7051000.0,3873000.0,2975000.0,1329000.0,1161000.0,1472000.0,1.004E7,9603000.0,
2288000.0,1926000.0,1512000.0,7051000.0,3847000.0,2975000.0,1317000.0,1161000.0,1499000.0,1.002E7,9597000.0,
2266000.0,1929000.0,1513000.0,7064000.0,3846000.0,2946000.0,1317000.0,1211000.0,1484000.0,9982000.0,9627000.0,
2225000.0,1915000.0,1517000.0,7160000.0,3852000.0,3039000.0,1218000.0,1211000.0,1519000.0,9948000.0,9566000.0,
2220000.0,1911000.0,1521000.0,7156000.0,4396000.0,2455000.0,1218000.0,1242000.0,1523000.0,1.006E7,9606000.0,
2211000.0,1916000.0,1525000.0,7141000.0,4396000.0,2455000.0,1227000.0,1234000.0,1523000.0,1.006E7,9606000.0,
2189000.0,1916000.0,1526000.0,7137000.0,4402000.0,2437000.0,1227000.0,1267000.0,1491000.0,1.011E7,9618000.0,
2175000.0,1927000.0,1516000.0,7132000.0,4378000.0,2443000.0,1221000.0,1368000.0,1389000.0,1.016E7,9655000.0,
2171000.0,1924000.0,1520000.0,7116000.0,4371000.0,2436000.0,1216000.0,1362000.0,1387000.0,1.016E7,9680000.0,
2278000.0,1926000.0,1503000.0,7101000.0,4362000.0,2432000.0,1204000.0,1362000.0,1421000.0,1.018E7,9614000.0,
2270000.0,1922000.0,1504000.0,7153000.0,4319000.0,2426000.0,1204000.0,1372000.0,1471000.0,1.012E7,9591000.0,
2457000.0,1920000.0,1505000.0,7163000.0,4686000.0,2033000.0,1218000.0,1358000.0,1517000.0,1.007E7,9412000.0,
2414000.0,1925000.0,1507000.0,7188000.0,4650000.0,2020000.0,1218000.0,1369000.0,1506000.0,1.012E7,9461000.0,
2402000.0,1926000.0,1509000.0,7188000.0,4610000.0,2020000.0,1218000.0,1419000.0,1456000.0,1.017E7,9500000.0,
2371000.0,1923000.0,1512000.0,7202000.0,4595000.0,2002000.0,1212000.0,1438000.0,1497000.0,1.016E7,9558000.0,
2365000.0,1915000.0,1515000.0,7202000.0,4552000.0,2009000.0,1204000.0,1510000.0,1425000.0,1.016E7,9600000.0,
2359000.0,1915000.0,1517000.0,7192000.0,4540000.0,1997000.0,1212000.0,1502000.0,1425000.0,1.016E7,9625000.0,
2353000.0,1914000.0,1506000.0,7192000.0,4510000.0,2014000.0,1202000.0,1513000.0,1408000.0,1.016E7,9668000.0,
2337000.0,1911000.0,1492000.0,7161000.0,4495000.0,2014000.0,1202000.0,1523000.0,1397000.0,1.022E7,9700000.0,
2270000.0,1911000.0,1494000.0,7187000.0,4495000.0,2014000.0,1210000.0,1535000.0,1377000.0,1.027E7,9700000.0,
2261000.0,1905000.0,1499000.0,7142000.0,4500000.0,2009000.0,1210000.0,1556000.0,1356000.0,1.027E7,9700000.0,
2260000.0,1903000.0,1501000.0,7116000.0,4475000.0,2009000.0,1224000.0,1649000.0,1249000.0,1.027E7,9725000.0,
2248000.0,1904000.0,1491000.0,7106000.0,4445000.0,2009000.0,1232000.0,1641000.0,1249000.0,1.027E7,9772000.0,
2223000.0,1900000.0,1494000.0,7117000.0,4416000.0,1997000.0,1232000.0,1662000.0,1228000.0,1.027E7,9813000.0,
2359000.0,1899000.0,1497000.0,7130000.0,4421000.0,1969000.0,1232000.0,1676000.0,1262000.0,1.027E7,9680000.0,
2450000.0,1897000.0,1500000.0,7091000.0,4373000.0,1969000.0,1251000.0,1709000.0,1276000.0,1.02E7,9635000.0,
2443000.0,1902000.0,1502000.0,7076000.0,4380000.0,1967000.0,1244000.0,1709000.0,1276000.0,1.026E7,9635000.0,
2530000.0,1901000.0,1504000.0,7073000.0,4301000.0,1961000.0,1257000.0,1697000.0,1335000.0,1.02E7,9621000.0,
2529000.0,1898000.0,1507000.0,7043000.0,4300000.0,1955000.0,1257000.0,1723000.0,1303000.0,1.025E7,9633000.0,
2518000.0,1898000.0,1508000.0,7008000.0,4294000.0,1949000.0,1257000.0,1807000.0,1220000.0,1.025E7,9646000.0,
2509000.0,1896000.0,1489000.0,7011000.0,4253000.0,1946000.0,1269000.0,1806000.0,1209000.0,1.025E7,9711000.0,
2508000.0,1894000.0,1492000.0,7006000.0,4487000.0,1674000.0,1269000.0,1806000.0,1209000.0,1.025E7,9750000.0,
2507000.0,1888000.0,1495000.0,6985000.0,4481000.0,1668000.0,1281000.0,1815000.0,1187000.0,1.025E7,9762000.0,
2502000.0,1886000.0,1493000.0,6971000.0,4438000.0,1668000.0,1281000.0,1830000.0,1172000.0,1.025E7,9807000.0,
2497000.0,1883000.0,1498000.0,6961000.0,4421000.0,1674000.0,1284000.0,1820000.0,1172000.0,1.025E7,9825000.0,
2495000.0,1878000.0,1477000.0,6951000.0,4365000.0,1685000.0,1279000.0,1832000.0,1154000.0,1.025E7,9903000.0,
2485000.0,1869000.0,1483000.0,6944000.0,4354000.0,1675000.0,1279000.0,1859000.0,1126000.0,1.03E7,9925000.0,
2682000.0,1869000.0,1484000.0,6939000.0,4440000.0,1601000.0,1273000.0,1886000.0,1124000.0,1.027E7,9722000.0,
2727000.0,1867000.0,1487000.0,6939000.0,4425000.0,1595000.0,1273000.0,1886000.0,1209000.0,1.034E7,9686000.0,
2778000.0,1862000.0,1493000.0,6973000.0,4414000.0,1591000.0,1276000.0,1899000.0,1251000.0,1.027E7,9606000.0,
2917000.0,1880000.0,1495000.0,6958000.0,4414000.0,1591000.0,1276000.0,1899000.0,1330000.0,1.019E7,9447000.0,
2916000.0,1876000.0,1500000.0,6943000.0,4401000.0,2413000.0,453400.0,1905000.0,1324000.0,1.029E7,9460000.0,
2902000.0,1875000.0,1484000.0,6952000.0,4381000.0,2410000.0,469500.0,1912000.0,1384000.0,1.026E7,9501000.0,
2890000.0,1880000.0,1486000.0,6952000.0,4339000.0,2410000.0,481500.0,1899000.0,1384000.0,1.037E7,9543000.0,
2875000.0,1879000.0,1486000.0,6944000.0,4260000.0,2410000.0,481500.0,1935000.0,1349000.0,1.037E7,9621000.0,
2987000.0,1875000.0,1490000.0,6929000.0,4223000.0,2404000.0,481500.0,1949000.0,1434000.0,1.037E7,9542000.0,
2969000.0,1876000.0,1492000.0,6904000.0,4138000.0,2396000.0,487500.0,1966000.0,1411000.0,1.042E7,9634000.0,
3052000.0,1880000.0,1493000.0,6875000.0,4082000.0,2396000.0,506000.0,2003000.0,1469000.0,1.031E7,9569000.0,
3033000.0,1888000.0,1494000.0,6855000.0,4049000.0,2396000.0,516800.0,1992000.0,1469000.0,1.031E7,9603000.0,
3193000.0,1885000.0,1496000.0,6856000.0,4005000.0,2396000.0,516800.0,1992000.0,1635000.0,1.014E7,9457000.0,
3158000.0,1880000.0,1506000.0,6876000.0,3993000.0,2396000.0,525600.0,1983000.0,1687000.0,1.009E7,9469000.0,
3148000.0,1874000.0,1508000.0,6876000.0,3906000.0,2396000.0,519300.0,1998000.0,1672000.0,1.009E7,9562000.0,
3143000.0,1871000.0,1511000.0,6876000.0,3851000.0,2396000.0,519300.0,2010000.0,1661000.0,1.009E7,9617000.0,
3124000.0,1877000.0,1513000.0,6876000.0,3838000.0,2390000.0,519300.0,2047000.0,1624000.0,1.009E7,9636000.0,
3199000.0,1876000.0,1516000.0,6871000.0,3844000.0,2384000.0,519300.0,2059000.0,1759000.0,9945000.0,9559000.0,
3198000.0,1874000.0,1519000.0,6871000.0,3827000.0,2378000.0,519300.0,2059000.0,1759000.0,1.004E7,9582000.0,
3159000.0,1875000.0,1521000.0,6951000.0,3793000.0,2372000.0,519300.0,2065000.0,1798000.0,9999000.0,9564000.0,
3144000.0,1876000.0,1524000.0,6946000.0,3766000.0,2372000.0,525300.0,2095000.0,1762000.0,1.005E7,9591000.0,
3120000.0,1854000.0,1515000.0,6968000.0,3726000.0,2366000.0,525300.0,2095000.0,1762000.0,1.01E7,9650000.0,
3113000.0,1851000.0,1520000.0,6963000.0,3685000.0,2366000.0,546100.0,2074000.0,1762000.0,1.015E7,9692000.0,
3158000.0,1851000.0,1524000.0,6963000.0,3655000.0,2366000.0,554500.0,2065000.0,1883000.0,1.003E7,9668000.0,
3152000.0,1842000.0,1529000.0,6963000.0,3596000.0,2366000.0,554500.0,2096000.0,1852000.0,1.003E7,9726000.0,
3113000.0,1852000.0,1530000.0,6982000.0,3569000.0,2366000.0,570000.0,2115000.0,1818000.0,1.013E7,9754000.0,
3090000.0,1851000.0,1532000.0,6988000.0,3547000.0,2388000.0,556100.0,2123000.0,1801000.0,1.013E7,9776000.0,
3039000.0,1854000.0,1533000.0,7020000.0,3523000.0,2388000.0,556000.0,2123000.0,1801000.0,1.013E7,9800000.0,
3024000.0,1863000.0,1533000.0,7005000.0,3499000.0,2388000.0,556000.0,2133000.0,1791000.0,1.013E7,9823000.0,
3018000.0,1856000.0,1539000.0,6996000.0,3449000.0,2382000.0,556000.0,2145000.0,1779000.0,1.018E7,9881000.0,
3182000.0,1849000.0,1542000.0,6998000.0,3469000.0,2362000.0,566900.0,2235000.0,1860000.0,1.005E7,9690000.0,
3338000.0,1855000.0,1546000.0,6983000.0,3421000.0,2362000.0,566900.0,2235000.0,1895000.0,1.001E7,9568000.0,
3326000.0,1852000.0,1550000.0,6989000.0,3396000.0,2371000.0,564200.0,2229000.0,1895000.0,1.001E7,9592000.0,
3536000.0,1852000.0,1553000.0,6989000.0,3371000.0,2371000.0,564200.0,2229000.0,1939000.0,9967000.0,9405000.0,
3405000.0,1853000.0,1553000.0,7108000.0,3338000.0,2368000.0,1372000.0,1447000.0,1914000.0,9967000.0,9442000.0,
3375000.0,1846000.0,1541000.0,7103000.0,3336000.0,2374000.0,1366000.0,1472000.0,2025000.0,9831000.0,9466000.0,
3355000.0,1840000.0,1538000.0,7091000.0,3282000.0,2362000.0,1366000.0,1471000.0,2177000.0,9727000.0,9532000.0,
3335000.0,1843000.0,1539000.0,7091000.0,3274000.0,2363000.0,1359000.0,1471000.0,2177000.0,9727000.0,9546000.0,
3316000.0,1850000.0,1540000.0,7082000.0,3217000.0,2349000.0,1359000.0,1482000.0,2291000.0,9602000.0,9616000.0,
3417000.0,1858000.0,1542000.0,7082000.0,3217000.0,2355000.0,1359000.0,1482000.0,2348000.0,9586000.0,9494000.0,
3288000.0,1858000.0,1545000.0,7200000.0,3206000.0,2343000.0,1359000.0,1482000.0,2348000.0,9586000.0,9517000.0,
3282000.0,1857000.0,1547000.0,7195000.0,3192000.0,2343000.0,1365000.0,1487000.0,2337000.0,9586000.0,9531000.0,
3274000.0,1858000.0,1547000.0,7178000.0,3167000.0,2343000.0,1365000.0,1499000.0,2324000.0,9634000.0,9555000.0,
3268000.0,1863000.0,1548000.0,7168000.0,3437000.0,2051000.0,1398000.0,1499000.0,2291000.0,9682000.0,9577000.0,
3360000.0,1864000.0,1550000.0,7148000.0,3414000.0,2057000.0,1392000.0,1524000.0,2342000.0,9606000.0,9505000.0,
3278000.0,1858000.0,1535000.0,7219000.0,3397000.0,2062000.0,1403000.0,1551000.0,2299000.0,9606000.0,9543000.0,
3267000.0,1869000.0,1536000.0,7219000.0,3399000.0,2025000.0,1403000.0,1561000.0,2289000.0,9606000.0,9579000.0,
3133000.0,1868000.0,1538000.0,7351000.0,3405000.0,2026000.0,1414000.0,1606000.0,2338000.0,9591000.0,9579000.0,
3127000.0,1868000.0,1540000.0,7351000.0,3881000.0,1549000.0,1414000.0,1617000.0,2327000.0,9591000.0,9579000.0,
3125000.0,1867000.0,1543000.0,7351000.0,3859000.0,1549000.0,1414000.0,1647000.0,2297000.0,9591000.0,9602000.0,
3295000.0,1871000.0,1530000.0,7351000.0,3865000.0,1543000.0,1420000.0,1679000.0,2303000.0,9643000.0,9441000.0,
3286000.0,1867000.0,1532000.0,7331000.0,3869000.0,1539000.0,1426000.0,1719000.0,2257000.0,9643000.0,9441000.0,
3285000.0,1866000.0,1534000.0,7331000.0,3887000.0,1507000.0,1426000.0,1739000.0,2237000.0,9691000.0,9455000.0,
3256000.0,1884000.0,1535000.0,7311000.0,3866000.0,1511000.0,1447000.0,1731000.0,2313000.0,9695000.0,9476000.0,
3230000.0,1887000.0,1536000.0,7318000.0,3804000.0,1511000.0,1447000.0,1731000.0,2313000.0,9744000.0,9537000.0,
3218000.0,1882000.0,1538000.0,7313000.0,3752000.0,1516000.0,1442000.0,1848000.0,2312000.0,9627000.0,9590000.0,
3205000.0,1876000.0,1538000.0,7314000.0,3699000.0,1508000.0,1442000.0,1909000.0,2249000.0,9627000.0,9650000.0,
3189000.0,1871000.0,1538000.0,7310000.0,4597000.0,564500.0,1435000.0,1933000.0,2225000.0,9627000.0,9703000.0,
3177000.0,1859000.0,1542000.0,7300000.0,4597000.0,564500.0,1435000.0,2005000.0,2152000.0,9627000.0,9703000.0,
3152000.0,1857000.0,1520000.0,7300000.0,4597000.0,564500.0,1435000.0,2046000.0,2111000.0,9627000.0,9727000.0,
3266000.0,1854000.0,1522000.0,7321000.0,4573000.0,558500.0,1445000.0,2132000.0,2042000.0,9601000.0,9607000.0,
3408000.0,1854000.0,1523000.0,7317000.0,4573000.0,558500.0,1454000.0,2134000.0,2151000.0,9480000.0,9448000.0,
3386000.0,1850000.0,1527000.0,7298000.0,4565000.0,552500.0,1460000.0,2149000.0,2130000.0,9528000.0,9462000.0,
3240000.0,1849000.0,1530000.0,7424000.0,4525000.0,552500.0,1460000.0,2149000.0,2130000.0,9575000.0,9502000.0,
3219000.0,1849000.0,1529000.0,7411000.0,4489000.0,552500.0,1468000.0,2277000.0,2016000.0,9602000.0,9538000.0,
3201000.0,1850000.0,1509000.0,7396000.0,4440000.0,546400.0,1486000.0,2272000.0,2003000.0,9602000.0,9614000.0,
3185000.0,1850000.0,1511000.0,7371000.0,4381000.0,553200.0,1479000.0,2288000.0,1986000.0,9650000.0,9673000.0,
3319000.0,1849000.0,1514000.0,7346000.0,4364000.0,553200.0,1479000.0,2383000.0,1996000.0,9545000.0,9539000.0,
3300000.0,1857000.0,1515000.0,7335000.0,4338000.0,553200.0,1479000.0,2399000.0,1979000.0,9545000.0,9564000.0,
3284000.0,1855000.0,1518000.0,7330000.0,4321000.0,567200.0,1485000.0,2411000.0,1948000.0,9545000.0,9582000.0,
3425000.0,1853000.0,1520000.0,7330000.0,4273000.0,567200.0,1491000.0,2405000.0,1948000.0,9593000.0,9478000.0,
3413000.0,1853000.0,1522000.0,7330000.0,4206000.0,794400.0,1279000.0,2404000.0,1934000.0,9593000.0,9545000.0,
3401000.0,1850000.0,1503000.0,7326000.0,4127000.0,800400.0,1283000.0,2419000.0,1909000.0,9641000.0,9648000.0,
3387000.0,1849000.0,1507000.0,7321000.0,4103000.0,800400.0,1292000.0,2453000.0,1866000.0,9641000.0,9672000.0,
3378000.0,1839000.0,1500000.0,7320000.0,4070000.0,800300.0,1291000.0,2464000.0,1855000.0,9738000.0,9718000.0,
3585000.0,1830000.0,1497000.0,7292000.0,4015000.0,799900.0,1291000.0,2468000.0,1914000.0,9667000.0,9568000.0,
3558000.0,1825000.0,1496000.0,7296000.0,3959000.0,808500.0,1270000.0,2539000.0,1843000.0,9667000.0,9637000.0,
3662000.0,1814000.0,1503000.0,7268000.0,3950000.0,803100.0,1293000.0,2559000.0,1873000.0,9594000.0,9523000.0,
3648000.0,1813000.0,1505000.0,7263000.0,3950000.0,1035000.0,1061000.0,2570000.0,1861000.0,9594000.0,9523000.0,
3615000.0,1825000.0,1507000.0,7278000.0,3925000.0,1032000.0,1061000.0,2664000.0,1768000.0,9642000.0,9551000.0,
3581000.0,1825000.0,1510000.0,7292000.0,3893000.0,1032000.0,1077000.0,2648000.0,1768000.0,9642000.0,9583000.0,
3680000.0,1830000.0,1511000.0,7281000.0,3861000.0,1215000.0,904100.0,2666000.0,1772000.0,9608000.0,9507000.0,
3656000.0,1832000.0,1516000.0,7285000.0,3835000.0,1206000.0,904100.0,2666000.0,1899000.0,9480000.0,9541000.0,
3627000.0,1835000.0,1518000.0,7305000.0,3741000.0,1206000.0,910100.0,2765000.0,1795000.0,9480000.0,9635000.0,
3601000.0,1844000.0,1517000.0,7307000.0,3701000.0,1212000.0,913200.0,2791000.0,1759000.0,9480000.0,9675000.0,
3595000.0,1843000.0,1520000.0,7311000.0,3684000.0,1218000.0,907200.0,2827000.0,1723000.0,9480000.0,9692000.0,
3593000.0,1842000.0,1522000.0,7311000.0,3600000.0,1609000.0,526000.0,2851000.0,1691000.0,9527000.0,9776000.0,
3689000.0,1842000.0,1526000.0,7311000.0,3565000.0,1604000.0,1997000.0,1368000.0,1691000.0,9575000.0,9728000.0,
3738000.0,1841000.0,1533000.0,7302000.0,3545000.0,1604000.0,2009000.0,1356000.0,1691000.0,9671000.0,9683000.0,
3700000.0,1844000.0,1535000.0,7314000.0,3488000.0,1612000.0,2015000.0,1364000.0,1669000.0,9719000.0,9741000.0,
3783000.0,1839000.0,1540000.0,7310000.0,3493000.0,1607000.0,2023000.0,1384000.0,1697000.0,9661000.0,9647000.0,
3778000.0,1837000.0,1526000.0,7296000.0,3493000.0,1625000.0,2086000.0,1415000.0,1586000.0,9661000.0,9661000.0,
3747000.0,1840000.0,1528000.0,7281000.0,3458000.0,2679000.0,1032000.0,1452000.0,1549000.0,9758000.0,9697000.0,
3724000.0,1837000.0,1531000.0,7261000.0,3432000.0,2679000.0,1032000.0,1498000.0,1502000.0,9758000.0,9734000.0,
3694000.0,1845000.0,1533000.0,7267000.0,3403000.0,2670000.0,1031000.0,1528000.0,1466000.0,9758000.0,9779000.0,
3682000.0,1842000.0,1538000.0,7262000.0,3387000.0,2689000.0,1020000.0,1541000.0,1445000.0,9758000.0,9796000.0,
3669000.0,1842000.0,1506000.0,7259000.0,3362000.0,2689000.0,1020000.0,1698000.0,1288000.0,9758000.0,9853000.0,
3642000.0,1839000.0,1511000.0,7280000.0,3362000.0,2701000.0,1008000.0,1724000.0,1262000.0,9758000.0,9853000.0,
3633000.0,1835000.0,1502000.0,7277000.0,3328000.0,2696000.0,1027000.0,1796000.0,1171000.0,9758000.0,9907000.0,
3980000.0,1837000.0,1503000.0,7292000.0,3248000.0,2696000.0,1037000.0,1808000.0,1203000.0,9754000.0,9606000.0,
3959000.0,1841000.0,1506000.0,7271000.0,3226000.0,2698000.0,1043000.0,1809000.0,1181000.0,9802000.0,9641000.0,
3922000.0,1852000.0,1511000.0,7272000.0,3178000.0,2691000.0,1054000.0,1811000.0,1168000.0,9802000.0,9696000.0,
4131000.0,1859000.0,1517000.0,7257000.0,3143000.0,2691000.0,1054000.0,1843000.0,1376000.0,9562000.0,9498000.0,
4084000.0,1863000.0,1519000.0,7273000.0,3078000.0,2691000.0,1072000.0,1826000.0,1475000.0,9559000.0,9563000.0,
4044000.0,1865000.0,1520000.0,7275000.0,3078000.0,2691000.0,1080000.0,1869000.0,1423000.0,9559000.0,9563000.0,
4216000.0,1864000.0,1508000.0,7275000.0,3022000.0,2691000.0,1080000.0,1896000.0,1396000.0,9559000.0,9457000.0,
4199000.0,1875000.0,1511000.0,7268000.0,2991000.0,2691000.0,1089000.0,1918000.0,1366000.0,9559000.0,9487000.0,
4181000.0,1876000.0,1512000.0,7269000.0,2940000.0,2697000.0,1082000.0,1954000.0,1330000.0,9655000.0,9538000.0,
4168000.0,1869000.0,1514000.0,7267000.0,2946000.0,2691000.0,1099000.0,1952000.0,1316000.0,9655000.0,9538000.0,
4161000.0,1862000.0,1518000.0,7262000.0,2957000.0,2686000.0,1099000.0,1957000.0,1345000.0,9710000.0,9538000.0,
4139000.0,1868000.0,1521000.0,7250000.0,2920000.0,2686000.0,1107000.0,1965000.0,1377000.0,9759000.0,9576000.0,
4112000.0,1864000.0,1525000.0,7240000.0,2897000.0,2686000.0,1122000.0,1957000.0,1371000.0,9807000.0,9599000.0,
4056000.0,1866000.0,1529000.0,7246000.0,2872000.0,2685000.0,1122000.0,1984000.0,1344000.0,9856000.0,9624000.0,
4214000.0,1865000.0,1535000.0,7277000.0,2827000.0,2685000.0,1122000.0,1995000.0,1459000.0,9779000.0,9418000.0,
4194000.0,1870000.0,1538000.0,7255000.0,2812000.0,2684000.0,1128000.0,2027000.0,1416000.0,9828000.0,9440000.0,
4161000.0,1873000.0,1543000.0,7250000.0,2749000.0,2691000.0,1121000.0,2044000.0,1399000.0,9877000.0,9503000.0,
4138000.0,1876000.0,1545000.0,7233000.0,2736000.0,2691000.0,1135000.0,2045000.0,1383000.0,9877000.0,9516000.0,
4096000.0,1882000.0,1547000.0,7226000.0,3053000.0,2383000.0,1141000.0,2040000.0,1461000.0,9888000.0,9516000.0,
4073000.0,1881000.0,1547000.0,7221000.0,3059000.0,2377000.0,1164000.0,2028000.0,1450000.0,9888000.0,9516000.0,
4056000.0,1878000.0,1554000.0,7214000.0,3046000.0,2353000.0,1172000.0,2028000.0,1436000.0,9888000.0,9559000.0,
4034000.0,1884000.0,1556000.0,7214000.0,3045000.0,2353000.0,1172000.0,2028000.0,1555000.0,9768000.0,9559000.0,
4008000.0,1888000.0,1557000.0,7209000.0,3051000.0,2347000.0,1178000.0,2042000.0,1536000.0,9768000.0,9559000.0,
3981000.0,1883000.0,1564000.0,7209000.0,3051000.0,2360000.0,1194000.0,2029000.0,1568000.0,9818000.0,9559000.0,
3965000.0,1880000.0,1568000.0,7204000.0,3051000.0,2367000.0,1517000.0,1709000.0,1714000.0,9660000.0,9559000.0,
3943000.0,1888000.0,1555000.0,7199000.0,3051000.0,2375000.0,1510000.0,1734000.0,1689000.0,9660000.0,9571000.0,
3924000.0,1888000.0,1535000.0,7200000.0,3057000.0,2369000.0,1510000.0,1760000.0,1697000.0,9627000.0,9594000.0,
3917000.0,1884000.0,1540000.0,7190000.0,3063000.0,2370000.0,1512000.0,1751000.0,1766000.0,9557000.0,9594000.0,
3909000.0,1882000.0,1545000.0,7160000.0,3063000.0,2370000.0,1518000.0,1768000.0,1743000.0,9605000.0,9594000.0,
3878000.0,1885000.0,1548000.0,7185000.0,3069000.0,2371000.0,1552000.0,1790000.0,1680000.0,9653000.0,9594000.0,
3873000.0,1888000.0,1550000.0,7175000.0,3052000.0,2372000.0,1545000.0,1790000.0,1775000.0,9654000.0,9617000.0,
3967000.0,1890000.0,1551000.0,7242000.0,2938000.0,2372000.0,1553000.0,1805000.0,1888000.0,9566000.0,9566000.0,
3960000.0,1891000.0,1554000.0,7242000.0,2920000.0,2392000.0,1543000.0,1875000.0,1960000.0,9510000.0,9584000.0,
3815000.0,1889000.0,1534000.0,7384000.0,2937000.0,2337000.0,1560000.0,1887000.0,1931000.0,9510000.0,9646000.0,
3803000.0,1890000.0,1535000.0,7384000.0,2923000.0,2345000.0,1558000.0,1915000.0,1891000.0,9510000.0,9667000.0,
3783000.0,1893000.0,1537000.0,7384000.0,2914000.0,2361000.0,1550000.0,1923000.0,1864000.0,9557000.0,9687000.0,
3911000.0,1895000.0,1542000.0,7384000.0,2894000.0,2348000.0,2469000.0,1068000.0,1790000.0,9557000.0,9593000.0,
3946000.0,1895000.0,1543000.0,7386000.0,2893000.0,2329000.0,2469000.0,1085000.0,1886000.0,9493000.0,9544000.0,
3908000.0,1910000.0,1544000.0,7405000.0,3982000.0,1240000.0,2478000.0,1099000.0,1863000.0,9540000.0,9544000.0,
3902000.0,1914000.0,1545000.0,7405000.0,3924000.0,1234000.0,2496000.0,1124000.0,1820000.0,9588000.0,9609000.0,
3897000.0,1918000.0,1545000.0,7405000.0,3880000.0,1229000.0,2512000.0,1120000.0,1808000.0,9588000.0,9657000.0,
4012000.0,1917000.0,1549000.0,7412000.0,3880000.0,1409000.0,2332000.0,1137000.0,1791000.0,9636000.0,9534000.0,
3959000.0,1914000.0,1552000.0,7438000.0,3866000.0,1679000.0,2068000.0,1184000.0,1732000.0,9636000.0,9555000.0,
3939000.0,1923000.0,1553000.0,7433000.0,3866000.0,1679000.0,2068000.0,1184000.0,1841000.0,9527000.0,9555000.0,
3890000.0,1941000.0,1556000.0,7452000.0,3826000.0,1691000.0,2064000.0,1170000.0,1841000.0,9575000.0,9600000.0,
3874000.0,1947000.0,1559000.0,7459000.0,3784000.0,1698000.0,2073000.0,1190000.0,1804000.0,9575000.0,9643000.0,
3871000.0,1946000.0,1541000.0,7459000.0,3778000.0,1709000.0,2056000.0,1200000.0,1794000.0,9623000.0,9677000.0,
4000000.0,1965000.0,1541000.0,7433000.0,3758000.0,1709000.0,2056000.0,1200000.0,1906000.0,9512000.0,9537000.0,
3940000.0,1983000.0,1543000.0,7428000.0,3747000.0,1719000.0,2046000.0,1206000.0,1900000.0,9559000.0,9549000.0,
3922000.0,1978000.0,1549000.0,7425000.0,3691000.0,1725000.0,2040000.0,1250000.0,1856000.0,9607000.0,9604000.0,
3897000.0,1995000.0,1551000.0,7425000.0,3617000.0,1725000.0,2051000.0,1239000.0,1856000.0,9607000.0,9679000.0,
3869000.0,2006000.0,1559000.0,7420000.0,3617000.0,1743000.0,2038000.0,1247000.0,1843000.0,9607000.0,9679000.0,
3845000.0,2016000.0,1546000.0,7415000.0,3578000.0,2436000.0,1357000.0,1287000.0,1791000.0,9607000.0,9735000.0,
3824000.0,2019000.0,1535000.0,7405000.0,3515000.0,2436000.0,1357000.0,1302000.0,1777000.0,9607000.0,9811000.0,
3818000.0,2015000.0,1541000.0,7400000.0,3508000.0,2437000.0,1350000.0,1328000.0,1750000.0,9607000.0,9823000.0,
3788000.0,2027000.0,1518000.0,7404000.0,3447000.0,2437000.0,1359000.0,1332000.0,1737000.0,9703000.0,9907000.0,
3766000.0,2033000.0,1523000.0,7394000.0,3396000.0,2437000.0,1359000.0,1452000.0,1618000.0,9752000.0,9958000.0,
3790000.0,2028000.0,1503000.0,7445000.0,3402000.0,2431000.0,1359000.0,1490000.0,1664000.0,9667000.0,9883000.0,
3773000.0,2030000.0,1508000.0,7435000.0,3374000.0,2439000.0,1359000.0,1482000.0,1664000.0,9667000.0,9911000.0,
3761000.0,2036000.0,1509000.0,7435000.0,3337000.0,2446000.0,1354000.0,1550000.0,1588000.0,9715000.0,9954000.0,
3753000.0,2033000.0,1490000.0,7426000.0,3322000.0,2445000.0,1356000.0,1556000.0,1573000.0,9715000.0,1.0E7,
3687000.0,2045000.0,1493000.0,7458000.0,3307000.0,2457000.0,1344000.0,1585000.0,1545000.0,9715000.0,1.002E7,
3729000.0,2049000.0,1495000.0,7456000.0,3297000.0,2451000.0,1348000.0,1612000.0,1576000.0,9647000.0,9965000.0,
3934000.0,2047000.0,1499000.0,7456000.0,3282000.0,2461000.0,1342000.0,1650000.0,1596000.0,9676000.0,9774000.0,
3927000.0,2047000.0,1501000.0,7456000.0,3257000.0,2475000.0,1336000.0,1642000.0,1596000.0,9676000.0,9799000.0,
3915000.0,2046000.0,1505000.0,7456000.0,3231000.0,2585000.0,1225000.0,1683000.0,1555000.0,9676000.0,9824000.0,
4071000.0,2039000.0,1505000.0,7454000.0,3193000.0,2585000.0,1225000.0,1720000.0,1601000.0,9592000.0,9684000.0,
4064000.0,2042000.0,1509000.0,7557000.0,3181000.0,2580000.0,1225000.0,1733000.0,1588000.0,9592000.0,9575000.0,
3969000.0,2047000.0,1508000.0,7664000.0,3130000.0,2580000.0,1240000.0,1760000.0,1682000.0,9651000.0,9539000.0,
3950000.0,2042000.0,1511000.0,7649000.0,3130000.0,2586000.0,1242000.0,1752000.0,1713000.0,9620000.0,9539000.0,
3920000.0,2044000.0,1514000.0,7645000.0,3136000.0,3248000.0,580200.0,1777000.0,1681000.0,9620000.0,9539000.0,
3909000.0,2047000.0,1516000.0,7610000.0,3118000.0,3248000.0,580200.0,1832000.0,1627000.0,9668000.0,9556000.0,
3868000.0,2049000.0,1519000.0,7602000.0,3090000.0,3248000.0,586200.0,1854000.0,1621000.0,9645000.0,9585000.0,
3827000.0,2064000.0,1501000.0,7557000.0,3065000.0,3254000.0,580200.0,1854000.0,1682000.0,9584000.0,9627000.0,
3856000.0,2060000.0,1503000.0,7606000.0,3037000.0,3248000.0,573900.0,1868000.0,1668000.0,9584000.0,9561000.0,
3844000.0,2066000.0,1505000.0,7591000.0,3040000.0,3204000.0,573900.0,1870000.0,1781000.0,9507000.0,9612000.0,
3831000.0,2063000.0,1510000.0,7591000.0,3003000.0,3204000.0,612900.0,1953000.0,1659000.0,9555000.0,9649000.0,
3788000.0,2067000.0,1511000.0,7575000.0,3008000.0,3198000.0,612900.0,1953000.0,1659000.0,9555000.0,9649000.0,
3761000.0,2072000.0,1512000.0,7556000.0,2940000.0,3205000.0,599300.0,1993000.0,1618000.0,9602000.0,9723000.0,
3806000.0,2077000.0,1519000.0,7541000.0,2940000.0,3205000.0,605200.0,2009000.0,1647000.0,9551000.0,9648000.0,
3787000.0,2071000.0,1523000.0,7536000.0,2907000.0,3211000.0,598700.0,2020000.0,1636000.0,9551000.0,9681000.0,
3987000.0,2068000.0,1527000.0,7526000.0,2896000.0,3205000.0,598700.0,2040000.0,1615000.0,9599000.0,9492000.0,
3974000.0,2070000.0,1528000.0,7507000.0,2902000.0,3199000.0,598700.0,2040000.0,1674000.0,9588000.0,9492000.0,
3946000.0,2073000.0,1527000.0,7513000.0,2854000.0,3199000.0,598400.0,2058000.0,1657000.0,9636000.0,9540000.0,
3903000.0,2078000.0,1527000.0,7512000.0,2860000.0,3211000.0,580000.0,2075000.0,1639000.0,9636000.0,9540000.0,
3869000.0,2077000.0,1528000.0,7512000.0,2860000.0,3216000.0,585500.0,2064000.0,1688000.0,9587000.0,9540000.0,
3833000.0,2082000.0,1532000.0,7529000.0,2801000.0,3216000.0,585500.0,2123000.0,1630000.0,9587000.0,9599000.0,
3798000.0,2098000.0,1531000.0,7524000.0,2786000.0,3216000.0,585400.0,2217000.0,1536000.0,9587000.0,9614000.0,
3777000.0,2096000.0,1534000.0,7528000.0,2767000.0,3210000.0,632800.0,2221000.0,1484000.0,9587000.0,9638000.0,
3740000.0,2096000.0,1538000.0,7527000.0,2753000.0,3543000.0,305700.0,2225000.0,1474000.0,9683000.0,9652000.0,
3714000.0,2094000.0,1540000.0,7547000.0,2729000.0,3549000.0,312600.0,2222000.0,1464000.0,9780000.0,9677000.0,
3791000.0,2096000.0,1542000.0,7569000.0,2716000.0,3550000.0,314700.0,2244000.0,1478000.0,9735000.0,9572000.0,
3882000.0,2093000.0,1547000.0,7569000.0,2644000.0,3543000.0,321300.0,2271000.0,1542000.0,9684000.0,9542000.0,
3857000.0,2091000.0,1548000.0,7575000.0,2650000.0,3537000.0,321100.0,2306000.0,1539000.0,9652000.0,9542000.0,
3843000.0,2086000.0,1552000.0,7575000.0,2627000.0,3537000.0,331900.0,2318000.0,1561000.0,9606000.0,9565000.0,
3804000.0,2084000.0,1556000.0,7576000.0,2627000.0,3544000.0,334700.0,2308000.0,1561000.0,9654000.0,9565000.0,
3781000.0,2085000.0,1559000.0,7567000.0,2602000.0,3563000.0,315000.0,2308000.0,1664000.0,9552000.0,9589000.0,
3743000.0,2088000.0,1560000.0,7582000.0,2580000.0,3563000.0,321000.0,2313000.0,1652000.0,9599000.0,9612000.0,
3726000.0,2097000.0,1562000.0,7572000.0,2562000.0,3563000.0,341800.0,2318000.0,1626000.0,9599000.0,9630000.0,
3696000.0,2105000.0,1564000.0,7572000.0,2543000.0,3559000.0,347800.0,2361000.0,1577000.0,9647000.0,9654000.0,
3712000.0,2102000.0,1567000.0,7581000.0,2507000.0,3553000.0,350600.0,2372000.0,1603000.0,9650000.0,9657000.0,
3662000.0,2100000.0,1572000.0,7567000.0,2483000.0,3553000.0,350600.0,2406000.0,1568000.0,9698000.0,9681000.0,
3686000.0,2108000.0,1575000.0,7570000.0,2455000.0,3552000.0,349100.0,2406000.0,1655000.0,9660000.0,9649000.0,
3674000.0,2105000.0,1579000.0,7565000.0,2455000.0,3552000.0,376400.0,2385000.0,1649000.0,9708000.0,9649000.0,
3653000.0,2102000.0,1583000.0,7565000.0,2455000.0,3552000.0,376400.0,2408000.0,1626000.0,9708000.0,9649000.0,
3638000.0,2109000.0,1568000.0,7561000.0,2455000.0,3556000.0,378600.0,2413000.0,1615000.0,9708000.0,9666000.0,
3584000.0,2107000.0,1569000.0,7586000.0,2416000.0,3550000.0,378600.0,2413000.0,1615000.0,9708000.0,9710000.0,
3563000.0,2101000.0,1572000.0,7595000.0,2886000.0,3037000.0,384600.0,2413000.0,1609000.0,9708000.0,9754000.0,
3551000.0,2106000.0,1575000.0,7590000.0,2903000.0,3013000.0,378500.0,2457000.0,1565000.0,9708000.0,9767000.0,
3608000.0,2108000.0,1576000.0,7555000.0,2927000.0,3003000.0,388500.0,2464000.0,1695000.0,9594000.0,9695000.0,
3644000.0,2106000.0,1578000.0,7545000.0,2903000.0,2997000.0,397600.0,2479000.0,1664000.0,9642000.0,9687000.0,
3627000.0,2112000.0,1580000.0,7514000.0,2864000.0,2973000.0,397600.0,2497000.0,1646000.0,9739000.0,9750000.0,
3657000.0,2107000.0,1581000.0,7542000.0,2870000.0,2973000.0,391500.0,2497000.0,1693000.0,9740000.0,9675000.0,
3626000.0,2110000.0,1584000.0,7542000.0,2882000.0,2961000.0,391500.0,2533000.0,1657000.0,9740000.0,9675000.0,
3610000.0,2110000.0,1587000.0,7540000.0,2894000.0,2955000.0,391500.0,2539000.0,1645000.0,9740000.0,9675000.0,
3592000.0,2107000.0,1577000.0,7522000.0,2900000.0,2957000.0,399600.0,2616000.0,1552000.0,9740000.0,9688000.0,
3552000.0,2101000.0,1579000.0,7526000.0,2880000.0,2963000.0,393500.0,2616000.0,1552000.0,9740000.0,9707000.0,
3518000.0,2104000.0,1582000.0,7504000.0,2833000.0,2962000.0,405500.0,2629000.0,1527000.0,9740000.0,9755000.0,
3466000.0,2098000.0,1586000.0,7519000.0,2808000.0,2962000.0,413100.0,2646000.0,1502000.0,9740000.0,9780000.0,
3428000.0,2114000.0,1590000.0,7527000.0,2795000.0,2962000.0,417900.0,2699000.0,1445000.0,9789000.0,9793000.0,
3547000.0,2104000.0,1594000.0,7516000.0,2754000.0,2962000.0,450000.0,2680000.0,1514000.0,9852000.0,9697000.0,
3503000.0,2103000.0,1599000.0,7527000.0,2737000.0,2962000.0,462000.0,2681000.0,1501000.0,9901000.0,9715000.0,
3498000.0,2097000.0,1602000.0,7521000.0,2700000.0,2968000.0,473100.0,2726000.0,1439000.0,9950000.0,9751000.0,
3476000.0,2103000.0,1604000.0,7510000.0,2648000.0,2968000.0,473100.0,2761000.0,1404000.0,1.0E7,9804000.0,
3578000.0,2091000.0,1606000.0,7495000.0,2600000.0,2968000.0,473100.0,2761000.0,1482000.0,9922000.0,9730000.0,
3570000.0,2092000.0,1607000.0,7480000.0,2599000.0,2982000.0,458900.0,2793000.0,1450000.0,1.002E7,9730000.0,
3660000.0,2096000.0,1611000.0,7462000.0,2599000.0,2982000.0,464900.0,2797000.0,1504000.0,9957000.0,9615000.0,
3628000.0,2101000.0,1615000.0,7465000.0,2569000.0,2976000.0,477000.0,2855000.0,1434000.0,9957000.0,9652000.0,
3771000.0,2103000.0,1617000.0,7471000.0,2575000.0,2977000.0,469500.0,2865000.0,1627000.0,9755000.0,9474000.0,
3753000.0,2093000.0,1597000.0,7466000.0,2527000.0,2977000.0,469500.0,2897000.0,1733000.0,9664000.0,9546000.0,
3739000.0,2099000.0,1600000.0,7461000.0,2527000.0,2989000.0,457500.0,2897000.0,1733000.0,9664000.0,9546000.0,
3731000.0,2104000.0,1604000.0,7451000.0,2527000.0,2995000.0,451400.0,2897000.0,1733000.0,9712000.0,9546000.0,
3718000.0,2103000.0,1581000.0,7428000.0,3971000.0,1537000.0,457400.0,2911000.0,1713000.0,9712000.0,9584000.0,
3703000.0,2102000.0,1585000.0,7396000.0,3983000.0,1525000.0,467400.0,3136000.0,1654000.0,9536000.0,9584000.0,
3696000.0,2098000.0,1590000.0,7391000.0,3969000.0,1527000.0,459900.0,3176000.0,1614000.0,9536000.0,9604000.0,
3664000.0,2097000.0,1593000.0,7341000.0,3980000.0,1516000.0,459800.0,3195000.0,1595000.0,9584000.0,9604000.0,
3639000.0,2090000.0,1599000.0,7270000.0,3968000.0,1492000.0,465900.0,3201000.0,1582000.0,9584000.0,9640000.0,
3627000.0,2090000.0,1602000.0,7260000.0,3954000.0,1492000.0,484000.0,3203000.0,1563000.0,9584000.0,9654000.0,
3618000.0,2090000.0,1605000.0,7255000.0,3919000.0,1493000.0,476400.0,3248000.0,1518000.0,9632000.0,9695000.0,
3606000.0,2095000.0,1607000.0,7245000.0,3925000.0,1487000.0,476300.0,3259000.0,1506000.0,9680000.0,9695000.0,
3690000.0,2092000.0,1611000.0,7245000.0,3931000.0,1481000.0,482400.0,3301000.0,1545000.0,9640000.0,9606000.0,
3868000.0,2099000.0,1612000.0,7240000.0,3918000.0,1495000.0,468700.0,3311000.0,1601000.0,9575000.0,9422000.0,
3857000.0,2100000.0,1616000.0,7221000.0,3924000.0,1608000.0,350000.0,3322000.0,1590000.0,9575000.0,9422000.0,
3843000.0,2105000.0,1617000.0,7205000.0,3920000.0,1600000.0,349900.0,3322000.0,1584000.0,9623000.0,9439000.0,
3825000.0,2105000.0,1617000.0,7204000.0,3897000.0,1600000.0,358000.0,3337000.0,1561000.0,9623000.0,9461000.0,
3801000.0,2113000.0,1606000.0,7215000.0,3903000.0,1594000.0,358000.0,3344000.0,1555000.0,9623000.0,9476000.0,
3795000.0,2111000.0,1609000.0,7200000.0,3867000.0,1588000.0,371700.0,3373000.0,1578000.0,9604000.0,9519000.0,
3766000.0,2109000.0,1612000.0,7219000.0,3852000.0,1588000.0,383700.0,3373000.0,1566000.0,9652000.0,9534000.0,
3736000.0,2118000.0,1616000.0,7204000.0,3788000.0,1588000.0,383700.0,3403000.0,1536000.0,9652000.0,9597000.0,
3715000.0,2116000.0,1618000.0,7206000.0,3766000.0,1575000.0,383700.0,3403000.0,1536000.0,9652000.0,9633000.0,
3630000.0,2127000.0,1621000.0,7236000.0,3646000.0,1600000.0,365000.0,3425000.0,1508000.0,9652000.0,9753000.0,
3491000.0,2130000.0,1625000.0,7343000.0,3568000.0,1594000.0,379900.0,3440000.0,1478000.0,9652000.0,9837000.0,
3485000.0,2128000.0,1628000.0,7318000.0,3568000.0,1594000.0,386000.0,3434000.0,1478000.0,9652000.0,9837000.0,
3420000.0,2138000.0,1630000.0,7427000.0,3545000.0,1600000.0,420400.0,3400000.0,1578000.0,9545000.0,9785000.0,
3409000.0,2142000.0,1619000.0,7422000.0,3558000.0,1594000.0,447800.0,3396000.0,1548000.0,9545000.0,9798000.0,
3397000.0,2146000.0,1621000.0,7397000.0,3540000.0,1594000.0,453800.0,3414000.0,1523000.0,9545000.0,9816000.0,
3458000.0,2141000.0,1624000.0,7377000.0,3521000.0,1594000.0,453800.0,3438000.0,1499000.0,9545000.0,9757000.0,
3441000.0,2128000.0,1624000.0,7356000.0,3521000.0,1593000.0,459800.0,3451000.0,1480000.0,9545000.0,9757000.0,
3426000.0,2127000.0,1626000.0,7346000.0,3502000.0,1593000.0,459800.0,3451000.0,1480000.0,9593000.0,9775000.0,
3531000.0,2124000.0,1627000.0,7341000.0,3502000.0,1601000.0,452500.0,3475000.0,1456000.0,9593000.0,9651000.0,
3523000.0,2121000.0,1632000.0,7332000.0,3437000.0,1595000.0,452500.0,3509000.0,1422000.0,9641000.0,9723000.0,
3790000.0,2118000.0,1636000.0,7305000.0,3413000.0,1595000.0,452500.0,3532000.0,1474000.0,9710000.0,9446000.0,
3765000.0,2123000.0,1636000.0,7290000.0,3355000.0,1595000.0,452500.0,3550000.0,1614000.0,9554000.0,9504000.0,
3733000.0,2131000.0,1640000.0,7274000.0,3306000.0,1564000.0,452500.0,3565000.0,1592000.0,9554000.0,9589000.0,
3698000.0,2150000.0,1644000.0,7271000.0,3306000.0,1564000.0,452500.0,3582000.0,1599000.0,9578000.0,9589000.0,
3688000.0,2149000.0,1647000.0,7270000.0,3209000.0,1564000.0,470600.0,3633000.0,1530000.0,9578000.0,9686000.0,
3666000.0,2142000.0,1656000.0,7249000.0,3186000.0,1564000.0,476700.0,3637000.0,1520000.0,9578000.0,9709000.0,
3728000.0,2139000.0,1660000.0,7273000.0,3171000.0,1564000.0,482700.0,3644000.0,1523000.0,9609000.0,9627000.0,
3781000.0,2153000.0,1661000.0,7258000.0,3131000.0,1564000.0,504600.0,3639000.0,1560000.0,9556000.0,9590000.0,
3971000.0,2151000.0,1664000.0,7243000.0,3115000.0,1564000.0,504600.0,3638000.0,1611000.0,9600000.0,9410000.0,
3943000.0,2151000.0,1668000.0,7247000.0,3092000.0,1564000.0,510600.0,3654000.0,1688000.0,9502000.0,9432000.0,
3923000.0,2156000.0,1673000.0,7237000.0,3080000.0,1571000.0,525700.0,3643000.0,1677000.0,9502000.0,9445000.0,
3901000.0,2161000.0,1675000.0,7237000.0,3054000.0,1571000.0,531800.0,3660000.0,1655000.0,9502000.0,9471000.0,
3801000.0,2159000.0,1655000.0,7329000.0,3018000.0,1584000.0,518800.0,3677000.0,1637000.0,9502000.0,9531000.0,
3779000.0,2151000.0,1659000.0,7316000.0,2934000.0,1584000.0,527100.0,3699000.0,1607000.0,9550000.0,9614000.0,
3762000.0,2157000.0,1661000.0,7299000.0,2881000.0,1830000.0,300900.0,3691000.0,1594000.0,9646000.0,9667000.0,
3862000.0,2152000.0,1642000.0,7262000.0,2870000.0,1824000.0,315000.0,3688000.0,1665000.0,9565000.0,9591000.0,
3848000.0,2164000.0,1644000.0,7251000.0,2854000.0,1816000.0,327100.0,3686000.0,1654000.0,9565000.0,9616000.0,
3830000.0,2167000.0,1645000.0,7246000.0,2836000.0,1821000.0,322300.0,3704000.0,1636000.0,9565000.0,9633000.0,
3811000.0,2170000.0,1648000.0,7213000.0,2836000.0,1821000.0,404300.0,3651000.0,1607000.0,9565000.0,9633000.0,
3807000.0,2171000.0,1651000.0,7208000.0,2806000.0,1821000.0,413200.0,3685000.0,1565000.0,9661000.0,9663000.0,
3796000.0,2177000.0,1633000.0,7188000.0,2806000.0,1821000.0,413200.0,3707000.0,1543000.0,9709000.0,9686000.0,
3892000.0,2179000.0,1640000.0,7161000.0,2794000.0,1815000.0,424000.0,3719000.0,1592000.0,9637000.0,9576000.0,
3887000.0,2176000.0,1643000.0,7150000.0,2788000.0,1815000.0,2849000.0,1316000.0,1598000.0,9601000.0,9588000.0,
3877000.0,2173000.0,1647000.0,7129000.0,2770000.0,1821000.0,2843000.0,1326000.0,1588000.0,9697000.0,9606000.0,
3866000.0,2177000.0,1649000.0,7124000.0,2719000.0,1819000.0,2842000.0,1332000.0,1582000.0,9697000.0,9660000.0,
3927000.0,2183000.0,1651000.0,7118000.0,2636000.0,1825000.0,2842000.0,1385000.0,1631000.0,9591000.0,9672000.0,
3886000.0,2180000.0,1652000.0,7130000.0,2636000.0,1832000.0,2847000.0,1373000.0,1631000.0,9639000.0,9672000.0,
3870000.0,2177000.0,1654000.0,7128000.0,2603000.0,1825000.0,2859000.0,1361000.0,1631000.0,9639000.0,9710000.0,
3862000.0,2166000.0,1657000.0,7128000.0,2981000.0,1448000.0,2859000.0,1361000.0,1631000.0,9639000.0,9710000.0,
4115000.0,2157000.0,1659000.0,7112000.0,2981000.0,1448000.0,2859000.0,1372000.0,1672000.0,9586000.0,9450000.0,
4110000.0,2158000.0,1664000.0,7102000.0,2953000.0,1442000.0,2875000.0,1400000.0,1628000.0,9634000.0,9484000.0,
4097000.0,2156000.0,1649000.0,7109000.0,2913000.0,1461000.0,2856000.0,1400000.0,1662000.0,9601000.0,9543000.0,
4088000.0,2150000.0,1653000.0,7109000.0,2913000.0,1461000.0,2866000.0,1416000.0,1667000.0,9570000.0,9543000.0,
4080000.0,2145000.0,1634000.0,7105000.0,3122000.0,1232000.0,2863000.0,1420000.0,1652000.0,9570000.0,9595000.0,
4001000.0,2145000.0,1637000.0,7173000.0,3122000.0,1239000.0,2868000.0,1419000.0,1641000.0,9570000.0,9595000.0,
3984000.0,2140000.0,1622000.0,7163000.0,3134000.0,1227000.0,2874000.0,1463000.0,1592000.0,9618000.0,9611000.0,
4033000.0,2139000.0,1607000.0,7182000.0,3134000.0,1237000.0,2864000.0,1463000.0,1713000.0,9544000.0,9549000.0,
4021000.0,2133000.0,1609000.0,7164000.0,3120000.0,1243000.0,2870000.0,1510000.0,1653000.0,9592000.0,9562000.0,
4013000.0,2134000.0,1611000.0,7138000.0,3097000.0,1231000.0,2879000.0,1554000.0,1601000.0,9640000.0,9597000.0,
4006000.0,2131000.0,1616000.0,7123000.0,3062000.0,1231000.0,2879000.0,1581000.0,1574000.0,9640000.0,9632000.0,
3989000.0,2135000.0,1602000.0,7094000.0,3041000.0,1238000.0,2878000.0,1616000.0,1532000.0,9640000.0,9670000.0,
3961000.0,2129000.0,1604000.0,7095000.0,3026000.0,1252000.0,2864000.0,1633000.0,1516000.0,9640000.0,9684000.0,
3926000.0,2123000.0,1607000.0,7098000.0,3026000.0,1270000.0,2858000.0,1659000.0,1478000.0,9640000.0,9684000.0,
3917000.0,2124000.0,1611000.0,7093000.0,3001000.0,1270000.0,2858000.0,1752000.0,1385000.0,9688000.0,9710000.0,
3906000.0,2120000.0,1615000.0,7088000.0,2947000.0,1265000.0,2858000.0,1783000.0,1354000.0,9785000.0,9769000.0,
4234000.0,2125000.0,1617000.0,7099000.0,2917000.0,1265000.0,2885000.0,1756000.0,1596000.0,9543000.0,9439000.0,
4195000.0,2134000.0,1618000.0,7102000.0,2917000.0,1265000.0,2885000.0,1791000.0,1560000.0,9543000.0,9439000.0,
4159000.0,2135000.0,1621000.0,7074000.0,2917000.0,1265000.0,2897000.0,1792000.0,1548000.0,9543000.0,9439000.0,
4143000.0,2129000.0,1624000.0,7043000.0,2868000.0,1282000.0,2884000.0,1787000.0,1548000.0,9591000.0,9487000.0,
4116000.0,2128000.0,1626000.0,7049000.0,2848000.0,1301000.0,2866000.0,1825000.0,1510000.0,9591000.0,9507000.0,
4059000.0,2128000.0,1630000.0,7082000.0,2824000.0,1294000.0,2874000.0,1829000.0,1497000.0,9591000.0,9537000.0,
4044000.0,2122000.0,1632000.0,7086000.0,2811000.0,1301000.0,2874000.0,1864000.0,1457000.0,9591000.0,9550000.0,
4014000.0,2113000.0,1641000.0,7077000.0,2811000.0,1315000.0,2877000.0,1869000.0,1434000.0,9591000.0,9550000.0,
3971000.0,2124000.0,1632000.0,7064000.0,2799000.0,1321000.0,2877000.0,1895000.0,1402000.0,9591000.0,9575000.0,
3949000.0,2136000.0,1632000.0,7059000.0,2778000.0,1310000.0,2895000.0,1898000.0,1374000.0,9591000.0,9614000.0,
3836000.0,2149000.0,1635000.0,7195000.0,2755000.0,1316000.0,2900000.0,1888000.0,1387000.0,9625000.0,9563000.0,
3820000.0,2152000.0,1638000.0,7180000.0,2723000.0,1322000.0,2903000.0,1892000.0,1373000.0,9625000.0,9595000.0,
3857000.0,2143000.0,1640000.0,7189000.0,2716000.0,1307000.0,2907000.0,1939000.0,1358000.0,9584000.0,9548000.0,
3841000.0,2142000.0,1643000.0,7184000.0,2722000.0,1307000.0,2911000.0,1969000.0,1317000.0,9584000.0,9548000.0,
3778000.0,2134000.0,1648000.0,7216000.0,2728000.0,1307000.0,2905000.0,2002000.0,1285000.0,9584000.0,9548000.0,
3752000.0,2142000.0,1650000.0,7211000.0,2734000.0,1300000.0,2905000.0,2016000.0,1271000.0,9584000.0,9548000.0,
3733000.0,2142000.0,1653000.0,7197000.0,2715000.0,1294000.0,2905000.0,2042000.0,1245000.0,9584000.0,9572000.0,
3726000.0,2139000.0,1653000.0,7197000.0,2677000.0,1307000.0,2925000.0,2040000.0,1213000.0,9680000.0,9611000.0,
3701000.0,2153000.0,1655000.0,7192000.0,2667000.0,1632000.0,2600000.0,2110000.0,1138000.0,9680000.0,9627000.0,
3929000.0,2154000.0,1659000.0,7187000.0,2649000.0,1632000.0,2600000.0,2118000.0,1273000.0,9531000.0,9402000.0,
3919000.0,2151000.0,1661000.0,7182000.0,2636000.0,1642000.0,2599000.0,2219000.0,1163000.0,9531000.0,9416000.0,
3885000.0,2152000.0,1664000.0,7162000.0,2636000.0,1654000.0,2587000.0,2251000.0,1131000.0,9531000.0,9416000.0,
3575000.0,2167000.0,1668000.0,7418000.0,2636000.0,1672000.0,2581000.0,2250000.0,1120000.0,9578000.0,9416000.0,
3541000.0,2166000.0,1656000.0,7415000.0,2642000.0,1666000.0,2581000.0,2250000.0,1120000.0,9626000.0,9431000.0,
3530000.0,2164000.0,1659000.0,7400000.0,2651000.0,1674000.0,2563000.0,2291000.0,1079000.0,9674000.0,9431000.0,
3517000.0,2164000.0,1661000.0,7385000.0,2651000.0,1680000.0,2557000.0,2350000.0,1020000.0,9723000.0,9431000.0,
3493000.0,2170000.0,1663000.0,7382000.0,2627000.0,1693000.0,2545000.0,2405000.0,1003000.0,9684000.0,9456000.0,
3475000.0,2177000.0,1664000.0,7377000.0,2614000.0,1718000.0,2519000.0,2427000.0,981600.0,9684000.0,9468000.0,
3425000.0,2174000.0,1655000.0,7383000.0,2541000.0,1724000.0,2519000.0,2421000.0,981600.0,9684000.0,9576000.0,
3398000.0,2182000.0,1656000.0,7391000.0,2541000.0,1724000.0,2525000.0,2426000.0,1134000.0,9521000.0,9576000.0,
3338000.0,2183000.0,1660000.0,7427000.0,2532000.0,1717000.0,2549000.0,2408000.0,1128000.0,9568000.0,9592000.0,
3328000.0,2184000.0,1663000.0,7417000.0,2524000.0,2052000.0,2207000.0,2408000.0,1128000.0,9616000.0,9607000.0,
3308000.0,2187000.0,1669000.0,7423000.0,2512000.0,2072000.0,2187000.0,2408000.0,1128000.0,9616000.0,9620000.0,
3300000.0,2181000.0,1672000.0,7408000.0,2468000.0,2072000.0,2186000.0,2420000.0,1111000.0,9712000.0,9669000.0,
3292000.0,2187000.0,1661000.0,7359000.0,2453000.0,2078000.0,2192000.0,2473000.0,1047000.0,9712000.0,9697000.0,
3382000.0,2208000.0,1664000.0,7315000.0,2453000.0,2078000.0,3772000.0,908600.0,1115000.0,9628000.0,9572000.0,
3357000.0,2208000.0,1666000.0,7300000.0,2438000.0,2078000.0,3778000.0,942600.0,1075000.0,9676000.0,9600000.0,
3350000.0,2212000.0,1669000.0,7300000.0,2408000.0,2072000.0,3778000.0,942600.0,1075000.0,9676000.0,9636000.0,
3316000.0,2205000.0,1676000.0,7294000.0,2408000.0,2072000.0,3778000.0,942600.0,1075000.0,9676000.0,9636000.0,
3303000.0,2205000.0,1678000.0,7284000.0,2377000.0,2066000.0,3778000.0,953000.0,1064000.0,9676000.0,9673000.0,
3420000.0,2204000.0,1680000.0,7279000.0,2377000.0,2078000.0,3774000.0,966400.0,1118000.0,9649000.0,9546000.0,
3401000.0,2212000.0,1680000.0,7281000.0,2364000.0,2090000.0,3762000.0,995000.0,1117000.0,9621000.0,9558000.0,
3346000.0,2232000.0,1682000.0,7233000.0,2370000.0,2098000.0,3759000.0,989900.0,1241000.0,9538000.0,9558000.0,
3332000.0,2239000.0,1684000.0,7228000.0,2358000.0,2681000.0,3176000.0,1021000.0,1211000.0,9586000.0,9571000.0,
3227000.0,2244000.0,1686000.0,7302000.0,2370000.0,3139000.0,2713000.0,1021000.0,1205000.0,9634000.0,9571000.0,
3217000.0,2241000.0,1693000.0,7282000.0,2350000.0,3134000.0,2719000.0,1080000.0,1217000.0,9556000.0,9595000.0,
3201000.0,2236000.0,1696000.0,7270000.0,2350000.0,3140000.0,2713000.0,1080000.0,1217000.0,9556000.0,9595000.0,
3195000.0,2234000.0,1699000.0,7249000.0,2339000.0,3129000.0,3239000.0,585900.0,1185000.0,9556000.0,9617000.0,
3172000.0,2230000.0,1702000.0,7219000.0,2326000.0,3135000.0,3237000.0,581100.0,1185000.0,9556000.0,9654000.0,
3353000.0,2231000.0,1704000.0,7194000.0,2662000.0,2800000.0,3237000.0,591500.0,1175000.0,9556000.0,9455000.0,
3338000.0,2238000.0,1706000.0,7159000.0,2662000.0,3635000.0,2402000.0,591500.0,1175000.0,9604000.0,9455000.0,
3323000.0,2242000.0,1713000.0,7154000.0,2642000.0,3669000.0,2363000.0,591500.0,1310000.0,9469000.0,9479000.0,
3302000.0,2238000.0,1717000.0,7149000.0,2590000.0,3676000.0,2339000.0,623800.0,1277000.0,9516000.0,9549000.0,
3270000.0,2245000.0,1717000.0,7139000.0,2602000.0,3669000.0,2340000.0,617800.0,1277000.0,9516000.0,9549000.0,
3259000.0,2243000.0,1721000.0,7129000.0,2602000.0,3675000.0,2334000.0,658500.0,1236000.0,9516000.0,9549000.0,
3251000.0,2242000.0,1725000.0,7124000.0,2602000.0,3687000.0,2331000.0,649100.0,1236000.0,9563000.0,9549000.0,
3233000.0,2242000.0,1727000.0,7129000.0,2602000.0,3706000.0,2313000.0,660700.0,1225000.0,9611000.0,9549000.0,
3217000.0,2253000.0,1727000.0,7124000.0,2614000.0,3694000.0,2313000.0,678300.0,1301000.0,9661000.0,9549000.0,
