entropy,entropyInd,RabA,RabB,RabC,RabD,RabE,RabF,RabG,RabH,RabI,xER,xPM,
2.099,0.1683,0.09806,0.05136,0.02968,0.1564,0.08511,0.02249,0.007866,0.1032,0.02924,0.2079,0.2087,
2.102,0.1667,0.09851,0.05067,0.02976,0.1562,0.08556,0.0226,0.007905,0.1038,0.0304,0.209,0.2056,
2.101,0.1623,0.09643,0.0508,0.02989,0.1538,0.08476,0.02273,0.007949,0.1044,0.03057,0.2102,0.2086,
2.099,0.1647,0.09473,0.0509,0.02995,0.1538,0.08352,0.02278,0.007966,0.1046,0.03064,0.2107,0.2105,
2.106,0.1697,0.09853,0.05094,0.02999,0.1532,0.08273,0.02278,0.007975,0.1048,0.03332,0.2083,0.2075,
2.113,0.1612,0.1043,0.0508,0.02999,0.1525,0.08238,0.02279,0.007978,0.1048,0.03535,0.2075,0.2016,
2.112,0.1604,0.1032,0.05085,0.02977,0.1514,0.08214,0.02282,0.007989,0.105,0.03541,0.2088,0.2025,
2.114,0.1588,0.1018,0.05093,0.0298,0.1504,0.08195,0.02287,0.008002,0.1052,0.03694,0.2088,0.2033,
2.112,0.1609,0.1011,0.05095,0.02977,0.1497,0.08149,0.02288,0.008006,0.1052,0.03696,0.21,0.2039,
2.111,0.1618,0.1012,0.0509,0.02977,0.1483,0.07999,0.02289,0.00801,0.1053,0.03695,0.2111,0.2056,
2.113,0.1693,0.1055,0.05081,0.02971,0.148,0.07823,0.02285,0.007995,0.1051,0.03769,0.2121,0.2021,
2.111,0.1658,0.1052,0.05072,0.02966,0.1475,0.07747,0.02281,0.007981,0.1049,0.03762,0.2138,0.2023,
2.11,0.1622,0.105,0.05073,0.02966,0.1473,0.0767,0.02275,0.007984,0.105,0.03764,0.2139,0.2033,
2.108,0.1698,0.105,0.05079,0.0297,0.1465,0.07489,0.02265,0.00793,0.1051,0.03769,0.2142,0.2056,
2.11,0.1834,0.1049,0.05076,0.02972,0.1456,0.07499,0.02269,0.007941,0.1053,0.03923,0.213,0.2059,
2.111,0.1799,0.1045,0.05059,0.02967,0.1455,0.07496,0.02268,0.007938,0.1052,0.03988,0.2133,0.2058,
2.11,0.183,0.1044,0.05054,0.02962,0.1453,0.07499,0.02269,0.007942,0.1053,0.0399,0.2134,0.206,
2.112,0.1645,0.1035,0.05048,0.02963,0.1451,0.07479,0.02271,0.007949,0.1054,0.04107,0.2125,0.2068,
2.116,0.1691,0.1061,0.0504,0.02962,0.145,0.07375,0.02271,0.007949,0.1054,0.04376,0.2109,0.2044,
2.118,0.1564,0.1056,0.05044,0.02964,0.145,0.0735,0.02272,0.007954,0.1054,0.04505,0.2097,0.2049,
2.117,0.1643,0.1045,0.05042,0.02963,0.1445,0.07348,0.02272,0.007951,0.1054,0.04504,0.2108,0.2056,
2.117,0.1572,0.1045,0.05002,0.02965,0.1444,0.07353,0.02273,0.007957,0.1055,0.04507,0.2109,0.2058,
2.114,0.1503,0.1033,0.04965,0.02963,0.1442,0.07279,0.02272,0.007953,0.1054,0.04505,0.2119,0.2074,
2.113,0.1517,0.1031,0.04961,0.02909,0.144,0.07273,0.02271,0.007947,0.1054,0.04501,0.2127,0.2077,
2.111,0.1469,0.1028,0.04957,0.02881,0.1437,0.07268,0.02269,0.007941,0.1053,0.04498,0.2137,0.2079,
2.111,0.1615,0.1027,0.04959,0.02881,0.1435,0.0727,0.0227,0.007943,0.1053,0.045,0.2137,0.2079,
2.113,0.1605,0.1035,0.04954,0.02882,0.1431,0.07236,0.02273,0.007955,0.1055,0.04574,0.2134,0.2074,
2.111,0.1634,0.103,0.04924,0.02878,0.1426,0.07226,0.0227,0.007945,0.1054,0.04569,0.2153,0.2071,
2.11,0.1526,0.1028,0.04909,0.02861,0.1426,0.07184,0.02272,0.00795,0.1054,0.0457,0.2154,0.2078,
2.109,0.1481,0.1025,0.04913,0.02836,0.1423,0.07144,0.02274,0.007957,0.1055,0.04574,0.2156,0.2087,
2.113,0.1514,0.1065,0.04915,0.02837,0.1421,0.07149,0.02275,0.007963,0.1056,0.04638,0.2151,0.2046,
2.115,0.1611,0.1057,0.0495,0.02846,0.1417,0.07119,0.02278,0.008361,0.1064,0.04659,0.214,0.2052,
2.116,0.1716,0.1053,0.04952,0.02857,0.1414,0.07125,0.02293,0.008823,0.1066,0.04592,0.2142,0.2054,
2.157,0.2308,0.105,0.04946,0.02866,0.1413,0.07104,0.02307,0.07928,0.03789,0.04404,0.2143,0.2059,
2.13,0.2397,0.1041,0.04958,0.02845,0.1413,0.08475,0.008266,0.08011,0.03834,0.04268,0.2153,0.2071,
2.132,0.2307,0.1032,0.04991,0.02852,0.1413,0.08488,0.008319,0.08017,0.03824,0.04423,0.2139,0.2073,
2.131,0.1557,0.1024,0.04966,0.02853,0.1411,0.08478,0.008569,0.08012,0.0396,0.04244,0.2158,0.207,
2.131,0.1742,0.1011,0.04964,0.02863,0.142,0.08481,0.008573,0.08055,0.03983,0.04186,0.2159,0.2071,
2.141,0.1656,0.1008,0.0496,0.02866,0.1414,0.0848,0.008571,0.08106,0.04091,0.04749,0.2096,0.207,
2.14,0.1642,0.09976,0.04931,0.02873,0.1419,0.08449,0.008698,0.08128,0.04186,0.0461,0.2106,0.2072,
2.14,0.1783,0.09881,0.04895,0.02875,0.1413,0.08358,0.008928,0.08074,0.04159,0.04754,0.2125,0.2073,
2.143,0.1668,0.1012,0.04916,0.02887,0.1409,0.08322,0.008797,0.08106,0.04339,0.04619,0.2128,0.2044,
2.173,0.2074,0.1006,0.04915,0.02893,0.1406,0.08199,0.06306,0.0273,0.0441,0.04877,0.2099,0.2056,
2.173,0.2003,0.1001,0.04939,0.02904,0.1403,0.08203,0.06322,0.02771,0.04397,0.04844,0.2101,0.2057,
2.177,0.1527,0.09989,0.04956,0.02872,0.1398,0.08146,0.06353,0.02813,0.04333,0.0518,0.2069,0.2069,
2.178,0.1532,0.09914,0.05014,0.02876,0.1397,0.08149,0.06356,0.02828,0.0441,0.05095,0.207,0.207,
2.176,0.1578,0.09819,0.05026,0.02858,0.1401,0.08014,0.06371,0.02842,0.0441,0.05072,0.2071,0.2087,
2.176,0.1554,0.09763,0.05034,0.02873,0.1403,0.08015,0.0639,0.02851,0.04385,0.05073,0.2071,0.2088,
2.179,0.1527,0.09888,0.05062,0.02876,0.14,0.08024,0.06395,0.02851,0.04456,0.05108,0.207,0.2064,
2.179,0.1817,0.09829,0.05055,0.02883,0.1397,0.08022,0.06393,0.02864,0.04591,0.04957,0.208,0.2064,
2.18,0.1743,0.098,0.05053,0.02897,0.1397,0.08025,0.06395,0.02864,0.04593,0.05026,0.2074,0.2065,
2.179,0.2237,0.09667,0.05069,0.02904,0.1401,0.07965,0.06392,0.02863,0.04689,0.04925,0.2083,0.2069,
2.177,0.1863,0.09647,0.05052,0.02911,0.1396,0.0788,0.06403,0.02849,0.04709,0.04901,0.2092,0.2076,
2.176,0.1682,0.096,0.05062,0.0291,0.1386,0.07845,0.06396,0.02866,0.04774,0.04806,0.2111,0.2077,
2.176,0.1651,0.09536,0.05085,0.02918,0.1383,0.07787,0.06402,0.02881,0.04907,0.04669,0.2113,0.2085,
2.181,0.1674,0.09799,0.05113,0.02929,0.1382,0.07744,0.0642,0.0287,0.05096,0.04708,0.2093,0.2057,
2.18,0.1633,0.09735,0.0513,0.02939,0.1377,0.077,0.06447,0.02854,0.05126,0.04663,0.2103,0.2061,
2.18,0.1723,0.09724,0.05126,0.02945,0.1373,0.07655,0.06451,0.02856,0.05222,0.04573,0.2104,0.2067,
2.18,0.1772,0.09689,0.05142,0.02947,0.1373,0.07657,0.06453,0.02869,0.05331,0.04453,0.2105,0.2068,
2.18,0.1749,0.09624,0.0515,0.02959,0.1373,0.07663,0.06458,0.02872,0.05335,0.04457,0.2106,0.2069,
2.184,0.1446,0.09595,0.05152,0.02967,0.1373,0.07664,0.06459,0.02872,0.05337,0.04752,0.2077,0.207,
2.188,0.1467,0.09869,0.05159,0.02978,0.1375,0.07612,0.0646,0.02873,0.05368,0.04869,0.2063,0.2044,
2.187,0.1569,0.0974,0.05155,0.02997,0.138,0.07565,0.06457,0.02912,0.05324,0.04863,0.2072,0.2047,
2.187,0.1512,0.09659,0.05152,0.03007,0.1382,0.07532,0.06461,0.02914,0.05412,0.04782,0.2073,0.2052,
2.186,0.1515,0.0962,0.05157,0.03015,0.1384,0.07493,0.06449,0.02927,0.05534,0.04648,0.2074,0.2058,
2.185,0.1717,0.09557,0.05177,0.02984,0.1386,0.07509,0.06451,0.02915,0.05563,0.04623,0.2074,0.2062,
2.184,0.1653,0.09507,0.05169,0.02994,0.1382,0.07437,0.06496,0.02881,0.05535,0.04621,0.2084,0.207,
2.185,0.1543,0.09641,0.05176,0.03001,0.1381,0.07365,0.06463,0.02897,0.05624,0.04577,0.2081,0.2063,
2.185,0.1587,0.09604,0.05171,0.03011,0.1383,0.07366,0.06464,0.02941,0.05648,0.04512,0.2082,0.2064,
2.179,0.1679,0.09571,0.05162,0.03019,0.1382,0.07383,0.07459,0.01951,0.05755,0.04723,0.205,0.2065,
2.179,0.1799,0.09494,0.05198,0.03026,0.1382,0.07414,0.0746,0.01953,0.05785,0.04675,0.2051,0.2066,
2.178,0.1866,0.09388,0.05197,0.03026,0.1386,0.07387,0.07468,0.01982,0.05852,0.04592,0.2054,0.2071,
2.177,0.1832,0.09378,0.05187,0.02986,0.1383,0.07461,0.07403,0.01983,0.05917,0.04533,0.2055,0.2077,
2.176,0.1885,0.09372,0.05192,0.02989,0.1382,0.08086,0.06792,0.0197,0.06154,0.04297,0.2055,0.2078,
2.175,0.1879,0.09363,0.05198,0.02999,0.1374,0.08121,0.06797,0.01948,0.06268,0.04195,0.2057,0.208,
2.175,0.1878,0.09342,0.05213,0.03009,0.1368,0.0808,0.06789,0.01963,0.06325,0.04132,0.2059,0.2087,
2.174,0.1994,0.09309,0.0522,0.0301,0.1364,0.08089,0.06773,0.0198,0.0633,0.04105,0.2068,0.2086,
2.143,0.2523,0.09508,0.05241,0.02979,0.1359,0.122,0.02681,0.01985,0.06388,0.04035,0.2069,0.207,
2.141,0.2506,0.09441,0.05232,0.02984,0.1356,0.122,0.02664,0.02021,0.06502,0.03865,0.2087,0.2066,
2.14,0.2114,0.09379,0.05266,0.02989,0.1352,0.1221,0.02666,0.02049,0.06759,0.03592,0.2089,0.2068,
2.14,0.2413,0.09319,0.05286,0.02971,0.1353,0.1223,0.02656,0.02036,0.06822,0.03604,0.2082,0.2073,
2.139,0.2286,0.093,0.05291,0.02935,0.1352,0.1225,0.02656,0.02037,0.06859,0.03557,0.2082,0.2077,
2.138,0.2152,0.09271,0.05286,0.0294,0.1347,0.1225,0.02655,0.02049,0.0694,0.03459,0.2092,0.2076,
2.138,0.189,0.09269,0.05284,0.0295,0.1339,0.1226,0.02671,0.02038,0.07003,0.03407,0.2094,0.2079,
2.136,0.1951,0.09235,0.05306,0.02955,0.1333,0.1206,0.02687,0.02027,0.07047,0.03373,0.2096,0.2101,
2.135,0.2369,0.09198,0.05313,0.0296,0.1333,0.1201,0.02675,0.02028,0.07132,0.03292,0.2097,0.211,
2.138,0.2284,0.0941,0.05325,0.02961,0.1328,0.1196,0.02673,0.02027,0.07284,0.03274,0.2092,0.2088,
2.14,0.2491,0.09645,0.05307,0.02973,0.1321,0.1186,0.0267,0.02024,0.07326,0.03308,0.2102,0.2067,
2.141,0.2383,0.09401,0.05298,0.02987,0.134,0.1182,0.02685,0.02012,0.07331,0.0346,0.2088,0.2073,
2.141,0.2353,0.0932,0.05316,0.03002,0.1341,0.1173,0.02686,0.02031,0.07357,0.03422,0.2089,0.2083,
2.139,0.2297,0.09263,0.05314,0.03007,0.1334,0.1172,0.02647,0.02031,0.07359,0.03423,0.21,0.2089,
2.143,0.2186,0.09262,0.05312,0.03019,0.133,0.1166,0.02649,0.02032,0.07477,0.03563,0.2076,0.2096,
2.143,0.2297,0.09541,0.0531,0.0302,0.1332,0.1162,0.02647,0.02031,0.07667,0.03366,0.2085,0.2064,
2.161,0.2456,0.09513,0.05306,0.03025,0.1332,0.1162,0.02661,0.04877,0.04852,0.03325,0.2085,0.2064,
2.16,0.2325,0.0946,0.0535,0.03032,0.1329,0.1153,0.02675,0.04888,0.04834,0.03326,0.2087,0.2075,
2.16,0.1963,0.09446,0.0536,0.0304,0.1327,0.1159,0.02619,0.04916,0.04833,0.03303,0.2087,0.2075,
2.16,0.1936,0.09419,0.05339,0.03048,0.1326,0.116,0.02634,0.04932,0.0481,0.03305,0.2089,0.2077,
2.16,0.1976,0.09337,0.05335,0.03055,0.133,0.1159,0.02632,0.04941,0.04853,0.0333,0.2088,0.2075,
2.159,0.1918,0.09286,0.05343,0.03058,0.133,0.1148,0.02633,0.04961,0.04838,0.03332,0.2089,0.2087,
2.159,0.1872,0.09262,0.05347,0.03064,0.1326,0.1143,0.02644,0.0499,0.04789,0.0333,0.2098,0.2091,
2.158,0.2095,0.09189,0.05344,0.03085,0.1328,0.1136,0.02646,0.0501,0.04773,0.03331,0.2099,0.2098,
2.158,0.2057,0.08991,0.05324,0.03093,0.1337,0.1138,0.02664,0.0503,0.04796,0.03298,0.2103,0.2102,
2.154,0.2093,0.08724,0.05313,0.03092,0.1355,0.1125,0.02647,0.05035,0.04801,0.03267,0.2121,0.2112,
2.152,0.2302,0.08708,0.05309,0.03073,0.1354,0.1106,0.02647,0.05036,0.04827,0.03242,0.2121,0.2134,
2.152,0.2495,0.0871,0.05304,0.0308,0.1352,0.1106,0.02648,0.05051,0.04815,0.03243,0.2122,0.2135,
2.151,0.2288,0.08434,0.0531,0.03084,0.1373,0.1107,0.02666,0.05039,0.04894,0.0317,0.2123,0.2137,
2.159,0.2108,0.09191,0.05298,0.03088,0.1369,0.1111,0.02541,0.05049,0.04904,0.03382,0.2109,0.2066,
2.159,0.1967,0.09129,0.05301,0.03091,0.1369,0.1122,0.02338,0.05051,0.04881,0.0359,0.2097,0.2074,
2.162,0.2015,0.09107,0.05313,0.03102,0.1369,0.1122,0.02338,0.05062,0.04896,0.03771,0.2076,0.2074,
2.161,0.2021,0.09046,0.05317,0.03066,0.1369,0.1117,0.02339,0.05065,0.05024,0.03649,0.2077,0.2085,
2.157,0.1923,0.09014,0.05309,0.0304,0.1368,0.1089,0.0235,0.05047,0.05346,0.03318,0.2086,0.2115,
2.154,0.1722,0.08955,0.05309,0.03039,0.137,0.107,0.02348,0.05042,0.05363,0.03293,0.2094,0.2131,
2.159,0.1527,0.09326,0.05318,0.0305,0.1371,0.1065,0.02349,0.05045,0.05564,0.03209,0.2084,0.2093,
2.151,0.2397,0.09273,0.05325,0.0306,0.1368,0.1062,0.0571,0.01678,0.05626,0.03156,0.2086,0.2101,
2.155,0.1961,0.09747,0.05313,0.03079,0.1365,0.1058,0.05728,0.01666,0.05643,0.03145,0.2088,0.2057,
2.153,0.1916,0.09707,0.05303,0.03058,0.1362,0.1049,0.05744,0.01644,0.05668,0.03129,0.209,0.2074,
2.151,0.1761,0.0964,0.05295,0.03062,0.136,0.1044,0.05742,0.0164,0.05656,0.03101,0.2099,0.2084,
2.148,0.1708,0.09615,0.05293,0.03064,0.1358,0.1029,0.05724,0.01612,0.05745,0.03004,0.2108,0.21,
2.149,0.1597,0.09805,0.05288,0.0307,0.1358,0.1019,0.05752,0.01586,0.05816,0.0299,0.2103,0.2089,
2.155,0.1619,0.09733,0.05278,0.03076,0.136,0.102,0.05748,0.01598,0.0594,0.03218,0.2073,0.2088,
2.154,0.1637,0.09706,0.05299,0.03082,0.136,0.101,0.05748,0.01598,0.05966,0.03192,0.2073,0.2097,
2.154,0.1663,0.09681,0.05297,0.03081,0.1359,0.1011,0.05727,0.01619,0.05988,0.03139,0.2082,0.2095,
2.151,0.1621,0.09415,0.05311,0.03089,0.1377,0.09957,0.05706,0.01633,0.06055,0.03068,0.2084,0.2116,
2.113,0.1696,0.09361,0.05328,0.031,0.1373,0.1312,0.02418,0.01629,0.06269,0.02847,0.2093,0.2127,
2.111,0.1764,0.09314,0.05332,0.03103,0.1369,0.1289,0.02404,0.01629,0.06291,0.02822,0.2102,0.215,
2.11,0.1725,0.09283,0.05325,0.0306,0.137,0.1285,0.02431,0.01603,0.0632,0.02797,0.2103,0.216,
2.114,0.1728,0.09436,0.05317,0.03014,0.1368,0.1276,0.02449,0.01595,0.06302,0.03054,0.2086,0.2154,
2.114,0.2046,0.09391,0.05305,0.03025,0.1368,0.1273,0.02429,0.0166,0.06241,0.03056,0.2087,0.216,
2.112,0.2003,0.09812,0.05311,0.03038,0.1381,0.127,0.03303,0.00844,0.06227,0.03015,0.2088,0.2107,
2.11,0.1859,0.0976,0.05303,0.03047,0.1378,0.1257,0.03301,0.008437,0.0626,0.02978,0.2097,0.2119,
2.107,0.1827,0.09497,0.05297,0.03043,0.1394,0.1243,0.03297,0.008556,0.06308,0.02904,0.2115,0.2127,
2.113,0.1751,0.1009,0.05286,0.02983,0.1389,0.1227,0.03296,0.009174,0.06321,0.02976,0.211,0.2087,
2.111,0.1693,0.09881,0.05281,0.02993,0.1389,0.1224,0.03311,0.00891,0.06333,0.02963,0.2121,0.2101,
2.109,0.176,0.09827,0.05281,0.02969,0.1385,0.1214,0.0331,0.009037,0.06319,0.02961,0.2131,0.2114,
2.089,0.1876,0.09724,0.05273,0.02973,0.1384,0.1312,0.02116,0.009163,0.06302,0.0296,0.214,0.2137,
2.096,0.1775,0.09865,0.05293,0.02972,0.1386,0.1306,0.02128,0.009144,0.06359,0.03217,0.2115,0.2118,
2.097,0.173,0.1007,0.05284,0.02907,0.1392,0.1288,0.02146,0.008981,0.06401,0.0329,0.2106,0.2116,
2.097,0.1616,0.1001,0.05286,0.02914,0.139,0.129,0.0214,0.00899,0.06442,0.03257,0.2108,0.2118,
2.086,0.1696,0.09917,0.05287,0.02921,0.1393,0.1341,0.01596,0.009239,0.06478,0.03205,0.2109,0.2124,
2.087,0.1763,0.1017,0.05286,0.02874,0.1388,0.1332,0.01675,0.008471,0.06536,0.03226,0.2105,0.2114,
2.078,0.1574,0.1037,0.05299,0.02877,0.1385,0.1394,0.009834,0.008861,0.06564,0.03455,0.2078,0.2099,
2.079,0.162,0.1045,0.05321,0.02881,0.138,0.1392,0.01006,0.008786,0.06579,0.03436,0.208,0.2093,
2.079,0.1831,0.1041,0.05304,0.02892,0.1381,0.1393,0.0102,0.008791,0.06618,0.0339,0.2081,0.2094,
2.078,0.1959,0.103,0.05315,0.02898,0.1386,0.139,0.0102,0.008797,0.06648,0.03366,0.2083,0.2099,
2.073,0.1853,0.1025,0.05312,0.02903,0.1377,0.1398,0.008785,0.008899,0.06638,0.0334,0.2101,0.2102,
2.072,0.1642,0.09974,0.05304,0.02912,0.1394,0.1388,0.009002,0.009189,0.06617,0.03312,0.2112,0.2113,
2.071,0.1698,0.09856,0.05347,0.02921,0.1392,0.138,0.009143,0.009348,0.06832,0.03079,0.2114,0.2125,
2.077,0.1861,0.1019,0.05351,0.02928,0.1393,0.1382,0.009039,0.009484,0.06822,0.03287,0.2094,0.2088,
2.078,0.1849,0.1009,0.0538,0.02933,0.1395,0.1382,0.00904,0.009885,0.06787,0.03288,0.2096,0.2089,
2.078,0.1758,0.1002,0.05422,0.0294,0.1395,0.138,0.009043,0.009888,0.06881,0.03199,0.2097,0.2093,
2.078,0.1727,0.0996,0.05431,0.02949,0.1394,0.1381,0.00905,0.009896,0.06899,0.03188,0.2098,0.2095,
2.076,0.1903,0.09626,0.05426,0.02963,0.1421,0.137,0.009057,0.01017,0.06936,0.03132,0.21,0.2109,
2.075,0.1803,0.09586,0.0543,0.02967,0.142,0.1356,0.009062,0.01017,0.06962,0.03112,0.2101,0.2124,
2.073,0.1695,0.09534,0.05413,0.02973,0.1419,0.1338,0.009224,0.01,0.06992,0.03077,0.2111,0.2141,
2.077,0.1727,0.09656,0.05452,0.02981,0.1425,0.1334,0.009226,0.01001,0.0704,0.0316,0.2098,0.2121,
2.082,0.1856,0.1007,0.05436,0.02977,0.142,0.1324,0.008894,0.00998,0.07021,0.03351,0.2105,0.2076,
2.078,0.1768,0.09729,0.05432,0.02948,0.1448,0.1318,0.008677,0.01042,0.07109,0.03212,0.2114,0.2087,
2.077,0.1721,0.09667,0.05429,0.02951,0.1449,0.1313,0.00867,0.01041,0.07103,0.03209,0.2123,0.2089,
2.08,0.1884,0.0961,0.0543,0.02957,0.1452,0.1308,0.008567,0.01039,0.07095,0.03372,0.2107,0.2097,
2.078,0.1664,0.09531,0.05405,0.02908,0.1454,0.1302,0.008564,0.01049,0.07082,0.03371,0.2117,0.2107,
2.085,0.1827,0.09822,0.05395,0.02922,0.1454,0.1294,0.008566,0.0107,0.07063,0.03624,0.2092,0.2085,
2.083,0.1657,0.09682,0.054,0.02926,0.1457,0.1275,0.008683,0.01081,0.07025,0.03618,0.2109,0.2099,
2.087,0.1918,0.09746,0.05405,0.02932,0.1455,0.1253,0.008549,0.01094,0.07062,0.03871,0.208,0.2115,
2.086,0.1728,0.09718,0.05405,0.02942,0.1456,0.1228,0.008682,0.01102,0.07068,0.03848,0.2081,0.2141,
2.087,0.1597,0.09866,0.05403,0.02946,0.1453,0.1219,0.009245,0.01045,0.07063,0.03845,0.209,0.2129,
2.083,0.1682,0.09894,0.0541,0.02959,0.1455,0.1214,0.007967,0.01044,0.07082,0.03818,0.2099,0.2132,
2.083,0.165,0.1005,0.05413,0.02968,0.1456,0.1202,0.007042,0.01041,0.07266,0.03844,0.2078,0.2135,
2.107,0.1995,0.1008,0.05417,0.02975,0.1455,0.1196,0.006863,0.03583,0.0477,0.03789,0.2087,0.2132,
2.108,0.1815,0.1019,0.05421,0.02981,0.1453,0.1189,0.007033,0.03618,0.04722,0.0379,0.2088,0.2127,
2.108,0.1803,0.1015,0.05429,0.02988,0.1455,0.118,0.007034,0.03645,0.04696,0.03791,0.2088,0.2136,
2.106,0.201,0.1008,0.0543,0.02944,0.146,0.1171,0.00719,0.03669,0.04731,0.03719,0.2089,0.2152,
2.105,0.1981,0.1001,0.05447,0.02897,0.1463,0.1153,0.007331,0.03656,0.04732,0.03719,0.2089,0.2176,
2.105,0.1999,0.1017,0.0547,0.02906,0.1462,0.113,0.007438,0.03646,0.04757,0.03696,0.209,0.218,
2.103,0.202,0.09958,0.05484,0.0291,0.1475,0.1116,0.007434,0.03644,0.04886,0.03562,0.2099,0.2192,
2.102,0.2148,0.09923,0.05476,0.02917,0.1473,0.1109,0.007428,0.03652,0.04908,0.03524,0.2108,0.2197,
2.102,0.2208,0.09889,0.0549,0.02924,0.1479,0.1096,0.007433,0.03681,0.04992,0.03505,0.21,0.2202,
2.112,0.1967,0.1041,0.05451,0.02928,0.1473,0.1092,0.007426,0.03703,0.05025,0.03858,0.2078,0.2146,
2.111,0.1985,0.1031,0.05425,0.02945,0.1477,0.1082,0.007328,0.03706,0.05088,0.03803,0.208,0.2161,
2.109,0.2098,0.1002,0.05422,0.02952,0.1504,0.1078,0.007216,0.0372,0.05076,0.03804,0.208,0.2166,
2.112,0.1904,0.1039,0.05426,0.02956,0.1505,0.1074,0.007353,0.03723,0.05088,0.03785,0.2081,0.2129,
2.115,0.1807,0.1079,0.05451,0.02962,0.1502,0.1077,0.007141,0.03746,0.05218,0.03645,0.2084,0.2085,
2.114,0.1845,0.1072,0.05429,0.02974,0.15,0.1077,0.007152,0.03738,0.05265,0.03611,0.2087,0.2091,
2.113,0.194,0.1063,0.05413,0.0298,0.1498,0.1078,0.007153,0.03752,0.05274,0.03591,0.2097,0.2091,
2.113,0.1843,0.1057,0.05406,0.02995,0.1497,0.1074,0.00716,0.03769,0.05279,0.0358,0.21,0.2098,
2.11,0.1595,0.1048,0.05377,0.02998,0.1492,0.1065,0.007155,0.03753,0.05415,0.03438,0.2119,0.2106,
2.109,0.1598,0.1042,0.05369,0.03009,0.1491,0.1066,0.007151,0.03751,0.05472,0.03362,0.2128,0.2105,
2.109,0.1682,0.1031,0.05377,0.03014,0.1494,0.1062,0.007158,0.03755,0.05477,0.03365,0.2131,0.2111,
2.121,0.145,0.1088,0.05367,0.0302,0.1489,0.1061,0.006692,0.03772,0.05459,0.03915,0.2086,0.2056,
2.118,0.1506,0.1061,0.05345,0.02996,0.1512,0.1052,0.006697,0.03795,0.055,0.03862,0.2088,0.2071,
2.117,0.1465,0.105,0.05339,0.02997,0.1508,0.1047,0.006691,0.03845,0.05548,0.03752,0.2107,0.2073,
2.107,0.1496,0.1016,0.05356,0.02995,0.1533,0.1064,0.0042,0.03837,0.05535,0.0375,0.2116,0.2081,
2.109,0.1574,0.1005,0.05366,0.03006,0.1535,0.1061,0.004203,0.03879,0.05624,0.03777,0.2103,0.209,
2.111,0.1502,0.1003,0.05378,0.03013,0.1533,0.1061,0.004336,0.03906,0.05646,0.0385,0.209,0.209,
2.11,0.1543,0.0987,0.0538,0.03028,0.1539,0.1057,0.004338,0.03897,0.05725,0.03783,0.2093,0.21,
2.108,0.152,0.09785,0.05375,0.03039,0.1538,0.1054,0.004204,0.03883,0.05724,0.03782,0.2103,0.2104,
2.12,0.1745,0.09633,0.05364,0.03014,0.1544,0.1052,0.02891,0.01418,0.05754,0.03764,0.2106,0.2115,
2.12,0.1709,0.09613,0.05361,0.03018,0.1542,0.1053,0.02893,0.01419,0.05783,0.03741,0.2107,0.2116,
2.12,0.1757,0.09698,0.05356,0.03024,0.1546,0.1052,0.02872,0.01433,0.05898,0.03617,0.2108,0.2104,
2.116,0.1851,0.09302,0.05354,0.03,0.1574,0.104,0.02881,0.01442,0.05895,0.03582,0.2126,0.2114,
2.115,0.1849,0.0929,0.05347,0.03003,0.1572,0.1029,0.02893,0.01432,0.05994,0.03487,0.2127,0.2127,
2.115,0.188,0.09246,0.05369,0.03009,0.1572,0.1018,0.02894,0.0152,0.05909,0.03488,0.2128,0.2139,
2.117,0.1667,0.09059,0.05366,0.03014,0.16,0.102,0.02856,0.01519,0.05926,0.03657,0.2118,0.2122,
2.116,0.1746,0.09045,0.05362,0.0302,0.1595,0.1012,0.02865,0.01508,0.05966,0.03609,0.2127,0.2128,
2.117,0.182,0.09178,0.05367,0.02949,0.1597,0.1008,0.02866,0.01555,0.05922,0.03666,0.2122,0.2122,
2.121,0.1718,0.09502,0.05361,0.02959,0.1597,0.1,0.02864,0.0154,0.05931,0.03757,0.2121,0.209,
2.12,0.1629,0.09398,0.05336,0.02963,0.1597,0.09974,0.02855,0.01536,0.05914,0.03809,0.214,0.2084,
2.119,0.1662,0.09278,0.05364,0.02969,0.1599,0.09969,0.02854,0.01535,0.05992,0.03726,0.215,0.2083,
2.12,0.1793,0.09201,0.05354,0.02893,0.1599,0.09872,0.02887,0.01493,0.06065,0.03953,0.2135,0.2094,
2.12,0.176,0.09179,0.05359,0.029,0.1596,0.09836,0.02889,0.01494,0.06155,0.03868,0.2136,0.21,
2.124,0.1638,0.09326,0.0536,0.0285,0.1602,0.09695,0.02875,0.0151,0.0613,0.04195,0.2112,0.2091,
2.128,0.1597,0.09682,0.05368,0.02862,0.1601,0.09638,0.0289,0.01516,0.06179,0.04193,0.2107,0.2059,
2.129,0.1696,0.09633,0.0536,0.02868,0.16,0.09499,0.02888,0.01515,0.06198,0.04323,0.2101,0.2071,
2.127,0.1731,0.09252,0.05385,0.02875,0.1632,0.09467,0.02889,0.0154,0.06239,0.04261,0.2102,0.2075,
2.126,0.1753,0.09206,0.05381,0.0288,0.1633,0.09451,0.02882,0.0152,0.06257,0.04233,0.211,0.2076,
2.125,0.1757,0.09105,0.05405,0.02852,0.1629,0.09306,0.02877,0.01531,0.06235,0.04346,0.2116,0.2089,
2.129,0.1874,0.09276,0.05407,0.02862,0.1631,0.09222,0.02898,0.01547,0.06274,0.04425,0.2102,0.2075,
2.126,0.1855,0.09142,0.05405,0.02867,0.1639,0.09229,0.02846,0.01585,0.06367,0.04273,0.2111,0.2078,
2.126,0.1844,0.09105,0.05402,0.02882,0.1636,0.09177,0.02865,0.01582,0.06453,0.04182,0.2113,0.2086,
2.114,0.2047,0.09018,0.0539,0.02892,0.1637,0.09945,0.02087,0.01566,0.06441,0.04174,0.213,0.2082,
2.111,0.2083,0.08866,0.05385,0.02903,0.1645,0.09911,0.02061,0.01551,0.06576,0.04033,0.214,0.2087,
2.111,0.2031,0.08837,0.05392,0.02912,0.164,0.09905,0.02059,0.0155,0.06572,0.0403,0.2149,0.2086,
2.109,0.1951,0.08759,0.05393,0.0286,0.1638,0.09876,0.02062,0.01584,0.06569,0.04013,0.2151,0.2099,
2.083,0.1815,0.08672,0.05412,0.02864,0.164,0.1101,0.008127,0.01604,0.06567,0.04002,0.2153,0.2113,
2.086,0.1803,0.08802,0.05405,0.02867,0.164,0.1101,0.008129,0.01617,0.06582,0.04048,0.2146,0.21,
2.084,0.1935,0.08782,0.0537,0.02878,0.1638,0.1079,0.008124,0.01629,0.06588,0.04022,0.2155,0.212,
2.083,0.2026,0.08721,0.05425,0.02884,0.1638,0.1066,0.008124,0.01671,0.06601,0.03968,0.2155,0.2133,
2.081,0.1888,0.08607,0.05417,0.0289,0.164,0.1054,0.007987,0.01688,0.06614,0.03929,0.2165,0.2147,
2.082,0.1865,0.0872,0.05421,0.02894,0.1636,0.1047,0.007981,0.01702,0.0663,0.03922,0.2169,0.2139,
2.081,0.1814,0.0865,0.0541,0.02913,0.1636,0.1048,0.007987,0.01717,0.06723,0.03825,0.2172,0.2141,
2.081,0.1847,0.08587,0.05418,0.0292,0.1636,0.1041,0.007959,0.01751,0.06708,0.03815,0.2173,0.215,
2.079,0.1692,0.08523,0.05409,0.02924,0.1632,0.1038,0.007888,0.0175,0.06784,0.03734,0.2183,0.2156,
2.077,0.1706,0.08471,0.05408,0.02878,0.1629,0.1033,0.007885,0.0175,0.06871,0.03644,0.2193,0.2164,
2.079,0.1718,0.08368,0.05423,0.0288,0.1651,0.1028,0.007879,0.01748,0.06925,0.03746,0.2186,0.2148,
2.077,0.1761,0.08308,0.05433,0.02882,0.1646,0.1021,0.007877,0.01784,0.06979,0.03653,0.2196,0.2154,
2.082,0.1819,0.0853,0.05446,0.02839,0.1644,0.1005,0.007872,0.01782,0.06974,0.03937,0.2177,0.2144,
2.079,0.189,0.08482,0.05441,0.0281,0.164,0.09933,0.007857,0.01779,0.0718,0.03711,0.2195,0.2153,
2.082,0.1945,0.08752,0.05452,0.02821,0.1636,0.09926,0.007732,0.0178,0.07405,0.03643,0.2182,0.2127,
2.089,0.1784,0.09128,0.05433,0.02838,0.1637,0.09919,0.007726,0.01779,0.07444,0.03819,0.2168,0.2082,
2.094,0.1819,0.08933,0.05435,0.02844,0.1686,0.09917,0.007733,0.01781,0.0745,0.04169,0.2136,0.2048,
2.094,0.1763,0.08855,0.05437,0.0286,0.1685,0.09815,0.007823,0.01792,0.07462,0.04151,0.2138,0.2062,
2.094,0.1747,0.08833,0.05454,0.02869,0.1684,0.09771,0.007824,0.01792,0.07464,0.04151,0.2138,0.2067,
2.095,0.1925,0.08799,0.0545,0.02873,0.1683,0.09681,0.00796,0.01803,0.07508,0.04196,0.2129,0.2078,
2.097,0.175,0.0876,0.05446,0.0289,0.1682,0.096,0.007963,0.01804,0.07511,0.04398,0.211,0.2087,
2.099,0.1863,0.08686,0.05456,0.02893,0.1683,0.09593,0.01485,0.0115,0.07511,0.04353,0.2119,0.2086,
2.097,0.2084,0.08581,0.05466,0.02899,0.1685,0.09553,0.01486,0.01164,0.07623,0.04239,0.2121,0.2093,
2.074,0.208,0.0854,0.05457,0.02903,0.168,0.1053,0.005091,0.0119,0.07633,0.04201,0.2131,0.2092,
2.077,0.1828,0.08861,0.05455,0.02907,0.1676,0.1046,0.004912,0.01209,0.07646,0.0422,0.213,0.2069,
2.076,0.1709,0.08817,0.05458,0.02913,0.1674,0.1042,0.004755,0.01221,0.07675,0.04223,0.2134,0.2072,
2.077,0.1496,0.08753,0.05462,0.02919,0.1677,0.1042,0.004756,0.01292,0.0769,0.04158,0.2133,0.2073,
2.077,0.1528,0.08699,0.05451,0.02929,0.1677,0.1043,0.004761,0.01311,0.07703,0.04137,0.2135,0.2074,
2.097,0.167,0.08428,0.05428,0.02937,0.1697,0.1031,0.005034,0.02646,0.06369,0.04434,0.2117,0.208,
2.1,0.1812,0.0832,0.05433,0.02945,0.1702,0.1032,0.005169,0.02687,0.0637,0.04543,0.2103,0.2082,
2.105,0.2115,0.08278,0.05424,0.02966,0.1703,0.1032,0.005166,0.05784,0.03299,0.04597,0.2096,0.2083,
2.104,0.166,0.08216,0.05413,0.02961,0.1701,0.103,0.005459,0.05744,0.03294,0.04589,0.2114,0.2079,
2.103,0.1704,0.0816,0.05411,0.02974,0.1697,0.102,0.005454,0.05743,0.03387,0.04494,0.2124,0.2089,
2.109,0.2231,0.08545,0.05415,0.02984,0.1695,0.1001,0.005601,0.05733,0.03482,0.04562,0.2109,0.2067,
2.107,0.2047,0.08507,0.05414,0.02952,0.1692,0.09918,0.005474,0.0575,0.03471,0.04566,0.2111,0.2084,
2.106,0.1846,0.0844,0.05417,0.02974,0.1691,0.09739,0.005732,0.05742,0.03547,0.04484,0.2113,0.2105,
2.106,0.1744,0.08344,0.05423,0.02973,0.169,0.09754,0.00574,0.05777,0.03526,0.04491,0.2116,0.2108,
2.112,0.1583,0.08539,0.05464,0.02977,0.1708,0.09661,0.00577,0.05768,0.03598,0.04651,0.2095,0.2073,
2.11,0.1536,0.0848,0.05454,0.0298,0.1704,0.09623,0.005639,0.05769,0.03689,0.04561,0.2105,0.2079,
2.108,0.1544,0.08426,0.0547,0.02934,0.1702,0.09505,0.005634,0.05786,0.03686,0.04535,0.2114,0.2093,
2.108,0.1551,0.08341,0.05472,0.02941,0.1708,0.09508,0.005636,0.05814,0.03762,0.04436,0.2115,0.2094,
2.106,0.1522,0.08283,0.05472,0.02907,0.1707,0.09475,0.005632,0.05832,0.03762,0.04409,0.2124,0.2099,
2.104,0.1598,0.08228,0.05473,0.02913,0.1706,0.09331,0.005637,0.05869,0.03733,0.04412,0.2126,0.2116,
2.103,0.1558,0.08209,0.05456,0.02889,0.1703,0.0925,0.005812,0.05891,0.037,0.04415,0.2127,0.2131,
2.107,0.161,0.0829,0.05457,0.02899,0.1699,0.08917,0.005816,0.05915,0.03732,0.04746,0.2092,0.2155,
2.106,0.1563,0.08263,0.05467,0.02904,0.1697,0.08731,0.005818,0.05941,0.0379,0.04669,0.2093,0.2175,
2.111,0.1519,0.08839,0.05468,0.02921,0.1699,0.08659,0.005951,0.05944,0.03893,0.04557,0.2094,0.212,
2.116,0.1524,0.09368,0.05463,0.02908,0.1697,0.08666,0.006088,0.05953,0.03973,0.04467,0.2096,0.2066,
2.099,0.2106,0.09046,0.05493,0.0292,0.172,0.08667,0.006705,0.07888,0.02,0.04432,0.2097,0.2071,
2.096,0.185,0.08994,0.05457,0.02932,0.1715,0.08504,0.006697,0.07878,0.0202,0.04404,0.2116,0.2084,
2.096,0.1925,0.08921,0.05465,0.02936,0.1712,0.08459,0.006982,0.0786,0.02031,0.04378,0.2126,0.2087,
2.096,0.1849,0.08913,0.05458,0.02951,0.1706,0.08596,0.005409,0.07867,0.02075,0.04582,0.2102,0.2093,
2.098,0.1755,0.08852,0.0544,0.0296,0.1703,0.08428,0.005682,0.07866,0.02188,0.04599,0.2092,0.2115,
2.096,0.1715,0.08795,0.05428,0.02962,0.1695,0.08379,0.005825,0.0783,0.02213,0.04556,0.2118,0.2112,
2.099,0.1646,0.08979,0.05424,0.02957,0.1686,0.08187,0.005811,0.07821,0.02238,0.04723,0.2122,0.2101,
2.107,0.171,0.09165,0.0541,0.02969,0.1686,0.08205,0.005985,0.07798,0.02264,0.05104,0.2083,0.2079,
2.128,0.1639,0.09138,0.05405,0.0298,0.1684,0.08183,0.01677,0.06738,0.02317,0.05043,0.2084,0.2084,
2.127,0.1663,0.09097,0.05402,0.02988,0.1683,0.08088,0.01704,0.06727,0.0241,0.04923,0.2093,0.2091,
2.13,0.1675,0.09495,0.05385,0.02928,0.168,0.0797,0.01719,0.06697,0.02453,0.0502,0.2095,0.2057,
2.132,0.1763,0.09443,0.05389,0.02934,0.1678,0.0789,0.01727,0.06701,0.0251,0.05068,0.2084,0.2072,
2.132,0.1571,0.09378,0.054,0.0294,0.1676,0.07886,0.01741,0.06683,0.02567,0.05008,0.2093,0.2071,
2.131,0.1669,0.09301,0.05384,0.02946,0.1671,0.07844,0.01789,0.06626,0.02619,0.04947,0.2112,0.2072,
2.131,0.1631,0.09197,0.05385,0.0295,0.1665,0.07787,0.01801,0.06606,0.02796,0.04763,0.2131,0.2075,
2.131,0.1565,0.09106,0.05387,0.02971,0.1669,0.07718,0.01812,0.06583,0.02819,0.0479,0.2127,0.2085,
2.131,0.1654,0.09079,0.05383,0.02986,0.1664,0.07648,0.01822,0.06566,0.03115,0.04503,0.2129,0.2096,
2.137,0.1573,0.09203,0.05348,0.03015,0.1683,0.07547,0.01824,0.06572,0.0322,0.04671,0.2105,0.2072,
2.136,0.1497,0.09097,0.05346,0.03026,0.1684,0.0751,0.01825,0.06576,0.03245,0.04679,0.2103,0.2082,
2.135,0.1651,0.08993,0.05354,0.0303,0.1689,0.07539,0.01815,0.06559,0.03323,0.04588,0.2104,0.2087,
2.143,0.1715,0.08922,0.05336,0.0304,0.1689,0.07378,0.02862,0.05509,0.03347,0.0456,0.2114,0.2102,
2.147,0.1796,0.09197,0.05337,0.03049,0.1686,0.07339,0.02863,0.05563,0.03402,0.04573,0.2103,0.2079,
2.147,0.1809,0.09136,0.05359,0.03052,0.1686,0.07293,0.02864,0.05566,0.03706,0.04274,0.2104,0.2085,
2.151,0.1653,0.09094,0.05363,0.03054,0.1684,0.07286,0.02875,0.05562,0.03722,0.04519,0.2085,0.2083,
2.15,0.1677,0.09048,0.05351,0.03061,0.1686,0.07224,0.02912,0.05517,0.03743,0.04489,0.2093,0.2087,
2.146,0.177,0.08847,0.05343,0.03026,0.17,0.07006,0.02923,0.055,0.038,0.04426,0.2102,0.2111,
2.144,0.1689,0.08842,0.05344,0.02999,0.17,0.06952,0.02923,0.05524,0.03838,0.04363,0.2102,0.2119,
2.141,0.1991,0.0929,0.0535,0.03,0.171,0.06892,0.0651,0.01953,0.03813,0.04486,0.2088,0.2073,
2.141,0.1564,0.09277,0.05361,0.03005,0.1708,0.06892,0.06524,0.02004,0.03809,0.04428,0.2089,0.2073,
2.138,0.1589,0.09217,0.05347,0.02999,0.1702,0.06778,0.06519,0.02013,0.03794,0.04394,0.2115,0.2078,
2.14,0.1719,0.0917,0.05358,0.03006,0.1703,0.06725,0.06546,0.02012,0.03791,0.04547,0.2098,0.2083,
2.142,0.166,0.09146,0.05346,0.03017,0.1703,0.06741,0.06536,0.02013,0.03793,0.04638,0.209,0.2084,
2.142,0.1453,0.09046,0.05347,0.03023,0.1709,0.0669,0.06539,0.02014,0.03808,0.04739,0.2079,0.2091,
2.145,0.1457,0.09394,0.05351,0.02995,0.1708,0.06693,0.06556,0.02041,0.03852,0.04661,0.2081,0.2057,
2.145,0.136,0.09358,0.05342,0.03003,0.1701,0.06636,0.06581,0.02029,0.0408,0.04445,0.2084,0.2067,
2.144,0.1459,0.09281,0.05388,0.03007,0.1702,0.06551,0.066,0.02012,0.04119,0.04409,0.2085,0.2077,
2.143,0.1465,0.092,0.05382,0.03018,0.1704,0.0653,0.06573,0.02024,0.04164,0.04344,0.2094,0.2079,
2.141,0.1472,0.0906,0.05378,0.03026,0.1707,0.0653,0.06601,0.01995,0.04236,0.04272,0.2104,0.2079,
2.141,0.1464,0.09051,0.05383,0.0303,0.1707,0.06496,0.06619,0.02009,0.04348,0.04128,0.2104,0.2082,
2.141,0.1505,0.09008,0.05406,0.03042,0.1703,0.06515,0.06623,0.02016,0.04331,0.04131,0.2106,0.2084,
2.141,0.1469,0.08941,0.05433,0.0305,0.1704,0.06532,0.0663,0.02019,0.04347,0.04096,0.2106,0.2084,
2.144,0.141,0.08884,0.0543,0.03061,0.1699,0.06504,0.0663,0.02032,0.04439,0.04235,0.2092,0.2087,
2.146,0.1382,0.0881,0.05411,0.03065,0.1698,0.06518,0.06615,0.02072,0.04498,0.04262,0.209,0.2087,
2.145,0.1391,0.08792,0.05408,0.03043,0.1698,0.06484,0.06602,0.02072,0.04524,0.04237,0.209,0.2095,
2.144,0.1411,0.08781,0.05391,0.03055,0.1698,0.06405,0.06604,0.02073,0.04649,0.04115,0.2091,0.2104,
2.143,0.1416,0.0889,0.05437,0.03057,0.1694,0.06315,0.06614,0.02095,0.04925,0.03797,0.21,0.2093,
2.148,0.197,0.08801,0.05455,0.03068,0.1695,0.06226,0.06571,0.03826,0.03345,0.03656,0.2102,0.2109,
2.15,0.1737,0.09166,0.05458,0.03072,0.1693,0.06072,0.06541,0.03844,0.03419,0.0363,0.2104,0.2083,
2.148,0.1809,0.09045,0.05473,0.03076,0.1698,0.06058,0.06448,0.03841,0.03608,0.03434,0.2113,0.2091,
2.147,0.1703,0.08963,0.05474,0.03027,0.1698,0.0604,0.06419,0.03839,0.03633,0.03515,0.2112,0.2099,
2.145,0.1651,0.08891,0.05473,0.03037,0.1702,0.0593,0.06387,0.03841,0.03711,0.0344,0.2113,0.2115,
2.15,0.1713,0.09184,0.05481,0.03047,0.1703,0.05919,0.06364,0.04155,0.03445,0.0354,0.21,0.2083,
2.151,0.1769,0.09114,0.05502,0.03049,0.1706,0.0592,0.06367,0.0413,0.03524,0.03559,0.2091,0.2087,
2.151,0.1727,0.09055,0.05507,0.03054,0.1704,0.05926,0.06386,0.0412,0.03565,0.03524,0.2093,0.2089,
2.149,0.1823,0.08975,0.05479,0.03056,0.1701,0.05921,0.06344,0.04096,0.03604,0.03466,0.2119,0.2086,
2.147,0.1758,0.08901,0.05489,0.03048,0.1705,0.05903,0.06332,0.0411,0.03806,0.03253,0.2119,0.2091,
2.137,0.1941,0.08853,0.05508,0.03054,0.1701,0.05825,0.07584,0.02851,0.03803,0.03251,0.2129,0.2097,
2.139,0.1896,0.08924,0.0555,0.03078,0.1701,0.05804,0.07533,0.02865,0.03826,0.03237,0.2125,0.2092,
2.137,0.1998,0.0888,0.05543,0.03093,0.1705,0.05732,0.07519,0.02891,0.03888,0.03149,0.2125,0.21,
2.14,0.1838,0.0892,0.05549,0.03096,0.1704,0.05684,0.07497,0.029,0.03895,0.03298,0.2126,0.2086,
2.139,0.1757,0.08893,0.05547,0.03101,0.1701,0.05639,0.07491,0.02885,0.03892,0.03295,0.2135,0.2089,
2.146,0.1818,0.09104,0.05557,0.03106,0.17,0.0556,0.07501,0.02867,0.03889,0.03631,0.211,0.2068,
2.144,0.1756,0.0905,0.05561,0.03082,0.1698,0.05556,0.0751,0.02866,0.03983,0.0352,0.212,0.207,
2.143,0.1737,0.09005,0.05565,0.03087,0.1699,0.05455,0.07512,0.02867,0.04054,0.03451,0.212,0.2081,
2.142,0.1712,0.08987,0.05555,0.03091,0.1696,0.05464,0.0751,0.02848,0.04051,0.03449,0.2129,0.2079,
2.141,0.1763,0.08551,0.05547,0.03098,0.1734,0.0546,0.07519,0.02843,0.04064,0.03576,0.2122,0.2078,
2.139,0.1735,0.08484,0.05526,0.03103,0.1727,0.05447,0.07514,0.02823,0.04296,0.03325,0.2149,0.2073,
2.147,0.164,0.08466,0.05519,0.03114,0.1727,0.05448,0.07529,0.02811,0.04297,0.03755,0.2107,0.2073,
2.145,0.1776,0.08401,0.05543,0.03118,0.1727,0.05379,0.07504,0.02835,0.04443,0.03586,0.2107,0.2084,
2.143,0.1813,0.08107,0.05554,0.03126,0.1748,0.05385,0.07511,0.02838,0.04483,0.03555,0.211,0.2086,
2.143,0.1831,0.07961,0.05622,0.03134,0.1748,0.05344,0.0752,0.02854,0.04522,0.03512,0.2112,0.2093,
2.142,0.1833,0.07906,0.05637,0.03149,0.1743,0.05313,0.07515,0.02857,0.04649,0.03393,0.2114,0.2101,
2.144,0.1786,0.08073,0.05645,0.03156,0.1737,0.05339,0.07489,0.02868,0.04699,0.03376,0.2121,0.2077,
2.142,0.17,0.07984,0.05626,0.03163,0.1731,0.05292,0.07484,0.02879,0.04705,0.03351,0.214,0.208,
2.143,0.1832,0.07941,0.05638,0.03171,0.1727,0.05297,0.07492,0.02958,0.04677,0.0331,0.2143,0.2082,
2.14,0.1818,0.07651,0.05642,0.03174,0.1744,0.05297,0.07492,0.03001,0.04707,0.03238,0.2153,0.2082,
2.14,0.1782,0.07612,0.05644,0.03185,0.1739,0.05288,0.07488,0.03004,0.04735,0.03219,0.2156,0.2088,
2.138,0.1737,0.07561,0.0564,0.03192,0.1734,0.05222,0.07487,0.03017,0.0478,0.03159,0.2166,0.2094,
2.136,0.1892,0.07578,0.05662,0.03204,0.1735,0.05237,0.07996,0.02499,0.04805,0.03242,0.2157,0.2086,
2.133,0.1936,0.07521,0.05665,0.03204,0.1734,0.0515,0.07982,0.02484,0.04915,0.03125,0.2166,0.2095,
2.141,0.2017,0.0779,0.0567,0.03215,0.1735,0.05166,0.07987,0.02594,0.04797,0.03336,0.2146,0.2063,
2.141,0.1969,0.0778,0.05669,0.03222,0.1732,0.05222,0.07939,0.02595,0.04896,0.03242,0.2148,0.2064,
2.146,0.2192,0.07727,0.05683,0.03229,0.1731,0.06146,0.06943,0.02639,0.04857,0.03429,0.2131,0.2073,
2.146,0.2136,0.07691,0.05681,0.03241,0.1727,0.06114,0.06937,0.02641,0.0495,0.03409,0.2126,0.208,
2.145,0.1847,0.07652,0.05673,0.03245,0.1721,0.06117,0.06913,0.02637,0.04965,0.0338,0.2144,0.2077,
2.144,0.1898,0.07582,0.05692,0.03257,0.1722,0.06029,0.06902,0.02638,0.04967,0.03382,0.2145,0.2088,
2.143,0.1785,0.0757,0.05687,0.03264,0.1716,0.06051,0.06872,0.02647,0.05003,0.0333,0.2154,0.2087,
2.152,0.175,0.0772,0.0569,0.03233,0.1715,0.05994,0.06837,0.0264,0.05036,0.03814,0.2111,0.2077,
2.155,0.1826,0.07699,0.0569,0.03237,0.1711,0.0599,0.06832,0.02652,0.05041,0.04004,0.2098,0.2076,
2.156,0.1846,0.07686,0.05688,0.03244,0.1706,0.05968,0.06828,0.02654,0.05046,0.04054,0.2096,0.2082,
2.155,0.1816,0.07644,0.05671,0.03261,0.1701,0.05929,0.06827,0.02654,0.05144,0.03955,0.2106,0.2085,
2.16,0.1705,0.07593,0.05666,0.03266,0.1704,0.05931,0.06842,0.02641,0.05184,0.04267,0.2071,0.2086,
2.16,0.1693,0.07585,0.05666,0.03277,0.1702,0.05946,0.0683,0.02666,0.05205,0.04224,0.2072,0.2086,
2.161,0.1836,0.07827,0.05656,0.03282,0.1702,0.05879,0.06811,0.02664,0.052,0.04221,0.208,0.2063,
2.159,0.1835,0.07804,0.0565,0.03285,0.1701,0.05756,0.06805,0.02662,0.05195,0.04217,0.2089,0.2073,
2.164,0.1828,0.07779,0.05669,0.03292,0.1701,0.05741,0.06792,0.02679,0.05177,0.04531,0.2057,0.2076,
2.165,0.1682,0.08089,0.05666,0.03303,0.1701,0.05564,0.06779,0.0273,0.05114,0.04529,0.2067,0.2055,
2.162,0.1711,0.07866,0.05657,0.03313,0.1718,0.05466,0.06798,0.02719,0.0514,0.0451,0.2068,0.2067,
2.161,0.1737,0.07828,0.05637,0.03301,0.1718,0.05434,0.06803,0.02747,0.05218,0.04413,0.207,0.2074,
2.16,0.1747,0.07804,0.05638,0.03309,0.1715,0.05395,0.06807,0.02762,0.05281,0.04343,0.2071,0.208,
2.159,0.1759,0.07765,0.0564,0.03318,0.1714,0.0531,0.06812,0.02751,0.05326,0.04304,0.2072,0.2091,
2.155,0.1745,0.07758,0.05624,0.03237,0.1705,0.05187,0.06811,0.02764,0.05411,0.04206,0.2083,0.2113,
2.131,0.1845,0.07728,0.05611,0.03243,0.1699,0.05136,0.0842,0.01151,0.05388,0.04199,0.21,0.2113,
2.13,0.1749,0.07665,0.05608,0.03258,0.1698,0.05114,0.08442,0.01152,0.05481,0.04102,0.2102,0.2118,
2.129,0.199,0.07645,0.05615,0.03273,0.1689,0.05003,0.08465,0.01166,0.05461,0.04107,0.2104,0.2133,
2.13,0.1859,0.07621,0.05627,0.03279,0.1687,0.05018,0.08455,0.01224,0.05463,0.04052,0.2105,0.2133,
2.129,0.1721,0.07616,0.05636,0.03286,0.1682,0.05005,0.08439,0.01208,0.05487,0.04015,0.2107,0.2142,
2.136,0.1719,0.08148,0.05635,0.03288,0.1676,0.0497,0.08447,0.01207,0.05493,0.04167,0.2098,0.209,
2.135,0.174,0.08118,0.05646,0.03292,0.1676,0.04939,0.08462,0.01207,0.05553,0.04096,0.2099,0.2094,
2.138,0.1834,0.08074,0.05628,0.033,0.1679,0.0594,0.0747,0.01201,0.05577,0.04049,0.2099,0.2097,
2.137,0.1774,0.08006,0.05584,0.0332,0.1677,0.05932,0.07457,0.01203,0.05604,0.04021,0.2102,0.2109,
2.142,0.1933,0.08108,0.05563,0.03329,0.1674,0.05955,0.07426,0.01215,0.05682,0.04237,0.208,0.2094,
2.145,0.1868,0.08342,0.05597,0.03332,0.1669,0.0596,0.07432,0.01216,0.05686,0.0424,0.2081,0.2069,
2.145,0.1898,0.08308,0.05594,0.03341,0.1666,0.0607,0.07314,0.01228,0.05669,0.04238,0.209,0.2067,
2.144,0.1768,0.08276,0.05596,0.0335,0.1664,0.06087,0.07332,0.01203,0.05801,0.04113,0.2092,0.2069,
2.141,0.189,0.07989,0.05618,0.03352,0.1683,0.0702,0.06338,0.01176,0.05949,0.03958,0.2101,0.2076,
2.103,0.2655,0.07914,0.05631,0.03307,0.1683,0.1127,0.02111,0.01141,0.0618,0.03721,0.211,0.2079,
2.102,0.223,0.07871,0.05646,0.03256,0.1677,0.1127,0.02111,0.0114,0.06178,0.0372,0.212,0.2084,
2.107,0.2363,0.07851,0.05662,0.03264,0.1668,0.1128,0.02126,0.01146,0.06297,0.03925,0.209,0.2086,
2.107,0.2221,0.07819,0.05666,0.03269,0.1662,0.1128,0.02126,0.01159,0.06343,0.03863,0.21,0.2086,
2.107,0.2093,0.07773,0.05665,0.03276,0.1659,0.112,0.02125,0.01176,0.06445,0.03804,0.2103,0.2092,
2.106,0.2291,0.07718,0.05653,0.03247,0.166,0.1113,0.02126,0.01209,0.0644,0.03781,0.2104,0.2106,
2.102,0.2107,0.07656,0.05646,0.03165,0.1662,0.1105,0.02144,0.01195,0.06497,0.03702,0.2113,0.212,
2.102,0.2093,0.07622,0.05643,0.03171,0.1664,0.1101,0.02144,0.01195,0.06499,0.03703,0.2113,0.2125,
2.11,0.2013,0.08157,0.05638,0.03174,0.1662,0.11,0.02142,0.01207,0.06537,0.03826,0.2104,0.2066,
2.109,0.1941,0.08145,0.0562,0.0318,0.166,0.1095,0.02154,0.01193,0.06555,0.03799,0.2112,0.2068,
2.108,0.182,0.08105,0.05592,0.03191,0.166,0.1088,0.02156,0.01194,0.06594,0.03769,0.2114,0.2078,
2.106,0.176,0.08071,0.05581,0.03204,0.1656,0.1084,0.02165,0.01196,0.06808,0.03537,0.2124,0.2081,
2.104,0.1612,0.08024,0.0557,0.03206,0.1657,0.1074,0.02209,0.01139,0.06948,0.03465,0.2124,0.2088,
2.105,0.1693,0.07992,0.0558,0.0321,0.1655,0.1073,0.02206,0.01196,0.06904,0.03439,0.2133,0.2086,
2.104,0.166,0.07887,0.05575,0.03206,0.1661,0.1065,0.02208,0.01266,0.06869,0.03413,0.2135,0.2097,
2.107,0.1685,0.08226,0.05574,0.03214,0.1661,0.1054,0.02658,0.008196,0.06874,0.03613,0.2117,0.2071,
2.106,0.1697,0.08198,0.05573,0.03222,0.1659,0.1045,0.0266,0.008201,0.0696,0.03534,0.2118,0.2082,
2.105,0.1718,0.0816,0.05579,0.03236,0.1657,0.1035,0.02657,0.008323,0.06992,0.03478,0.2127,0.2088,
2.102,0.1763,0.08096,0.05575,0.03249,0.1662,0.1013,0.02657,0.008324,0.07033,0.03438,0.2127,0.211,
2.108,0.1843,0.08235,0.05591,0.0326,0.166,0.09954,0.02646,0.008333,0.07128,0.03678,0.2097,0.2111,
2.105,0.1919,0.08159,0.05596,0.03266,0.1663,0.09747,0.02671,0.008101,0.072,0.03611,0.2098,0.2133,
2.109,0.1667,0.08445,0.05612,0.03216,0.1663,0.09645,0.02671,0.008101,0.072,0.03769,0.2082,0.2118,
2.108,0.1732,0.0837,0.056,0.03236,0.1662,0.09574,0.02657,0.008491,0.07202,0.03724,0.2091,0.2125,
2.137,0.1831,0.08566,0.05608,0.03242,0.1658,0.09492,0.02655,0.0254,0.0555,0.0393,0.2075,0.2108,
2.135,0.1854,0.08535,0.05589,0.03247,0.1651,0.09405,0.02652,0.02555,0.05606,0.03829,0.2093,0.2114,
2.135,0.1975,0.08524,0.05593,0.03257,0.1649,0.09408,0.02797,0.02432,0.05586,0.0383,0.2094,0.2114,
2.139,0.1837,0.08761,0.056,0.03264,0.1645,0.09349,0.02786,0.0246,0.05643,0.03912,0.2079,0.2098,
2.138,0.1847,0.0867,0.05617,0.03261,0.1648,0.09342,0.02784,0.02484,0.05819,0.03702,0.2088,0.2097,
2.135,0.195,0.08619,0.05634,0.0322,0.1649,0.09237,0.02784,0.02484,0.05932,0.0359,0.2088,0.2112,
2.137,0.195,0.08753,0.05634,0.03236,0.1649,0.09221,0.02785,0.02503,0.06065,0.03509,0.208,0.21,
2.137,0.2064,0.08732,0.05633,0.03247,0.1646,0.0915,0.02787,0.02528,0.06046,0.03511,0.2081,0.2109,
2.136,0.2027,0.08695,0.05632,0.03258,0.1648,0.09136,0.02774,0.02528,0.06059,0.03498,0.2081,0.2112,
2.14,0.1919,0.09026,0.0565,0.0326,0.1649,0.0914,0.02775,0.02556,0.06061,0.03474,0.2082,0.2074,
2.139,0.1854,0.08989,0.05645,0.03265,0.1648,0.09146,0.02773,0.0256,0.0611,0.03399,0.2091,0.2072,
2.138,0.1886,0.08965,0.05648,0.03269,0.1645,0.09104,0.02779,0.0262,0.06092,0.03328,0.21,0.2075,
2.137,0.1893,0.0878,0.05651,0.03275,0.1661,0.09016,0.0278,0.02633,0.0608,0.03328,0.21,0.2085,
2.133,0.1906,0.08685,0.05649,0.03276,0.166,0.08938,0.02788,0.02645,0.06333,0.0302,0.2118,0.2088,
2.131,0.1992,0.08599,0.05655,0.03278,0.1661,0.08897,0.02752,0.02711,0.06302,0.02979,0.2127,0.2094,
2.139,0.2059,0.08959,0.05675,0.03285,0.1657,0.08858,0.02763,0.02721,0.06353,0.03198,0.2101,0.2061,
2.139,0.2271,0.08917,0.05685,0.0329,0.1655,0.08836,0.02765,0.02741,0.06397,0.03141,0.2102,0.2065,
2.138,0.1987,0.08792,0.05693,0.03298,0.1661,0.08731,0.02768,0.02776,0.06407,0.03108,0.2104,0.2078,
2.137,0.1943,0.08672,0.0569,0.03308,0.1669,0.08735,0.02782,0.02799,0.06398,0.03086,0.2105,0.2079,
2.135,0.1952,0.08634,0.05683,0.03306,0.1664,0.0861,0.02795,0.02817,0.0648,0.02971,0.2115,0.2091,
2.134,0.1918,0.08603,0.05675,0.03315,0.1659,0.08535,0.02793,0.02879,0.06414,0.02969,0.2125,0.2098,
2.133,0.1926,0.08583,0.05669,0.03318,0.1655,0.08402,0.02796,0.02921,0.06444,0.02909,0.2127,0.2114,
2.131,0.1797,0.08516,0.05671,0.03327,0.1656,0.08233,0.02811,0.02954,0.06404,0.02911,0.2129,0.2133,
2.131,0.1842,0.08489,0.05681,0.03335,0.1653,0.08194,0.02813,0.02969,0.06407,0.02899,0.213,0.2138,
2.14,0.1864,0.08938,0.05665,0.03342,0.1647,0.08112,0.02834,0.02971,0.06398,0.03169,0.212,0.209,
2.142,0.1851,0.09204,0.05685,0.03301,0.1648,0.08062,0.02845,0.02972,0.06412,0.03181,0.2117,0.2069,
2.141,0.186,0.08994,0.05685,0.03309,0.1667,0.08064,0.02874,0.02957,0.064,0.03181,0.2117,0.2069,
2.138,0.1901,0.08938,0.0568,0.03329,0.1666,0.08314,0.02633,0.02959,0.06428,0.03161,0.2119,0.2071,
2.137,0.1887,0.08895,0.05668,0.03341,0.1666,0.08319,0.02634,0.03037,0.06533,0.02987,0.2121,0.2072,
2.134,0.1951,0.08722,0.0568,0.03351,0.1674,0.08128,0.02648,0.03043,0.06542,0.02962,0.2123,0.2096,
2.127,0.2112,0.08925,0.05673,0.03358,0.1672,0.08121,0.04336,0.01337,0.06627,0.02879,0.213,0.2072,
2.126,0.2098,0.08883,0.05688,0.03368,0.1672,0.08138,0.04344,0.0135,0.06696,0.02779,0.213,0.2073,
2.125,0.2094,0.08858,0.05693,0.03326,0.167,0.08142,0.0436,0.01337,0.06726,0.02754,0.2132,0.2079,
2.125,0.2173,0.08835,0.05691,0.03339,0.1667,0.08147,0.04397,0.01314,0.06733,0.02743,0.2133,0.208,
2.125,0.218,0.08786,0.05698,0.03345,0.1668,0.08177,0.04387,0.01332,0.06704,0.02744,0.2134,0.2081,
2.123,0.2244,0.08749,0.05662,0.03364,0.1668,0.08116,0.04383,0.01331,0.06732,0.02708,0.2143,0.2085,
2.122,0.213,0.08722,0.05665,0.03374,0.1666,0.08014,0.04398,0.01318,0.06759,0.02685,0.2144,0.2096,
2.121,0.2179,0.08672,0.05672,0.03379,0.1667,0.07875,0.044,0.01371,0.0671,0.02687,0.2145,0.2112,
2.12,0.2171,0.08658,0.05657,0.03386,0.1665,0.07772,0.04403,0.01398,0.06764,0.02612,0.2146,0.2124,
2.117,0.2126,0.0861,0.05656,0.03389,0.1662,0.07541,0.04423,0.01415,0.06721,0.02611,0.2156,0.2146,
2.119,0.2136,0.08682,0.05653,0.03398,0.1664,0.07423,0.04424,0.01415,0.06768,0.02668,0.2144,0.2149,
2.114,0.2171,0.08637,0.05675,0.03332,0.1664,0.07161,0.04434,0.0142,0.06781,0.02644,0.2145,0.2183,
2.112,0.21,0.08573,0.05695,0.03343,0.1664,0.07017,0.04451,0.01419,0.06881,0.02536,0.2146,0.2199,
2.108,0.2161,0.08494,0.05713,0.03343,0.1664,0.06813,0.04448,0.01431,0.06938,0.02458,0.2155,0.2217,
2.108,0.2105,0.0846,0.05709,0.03352,0.1664,0.06842,0.04434,0.01434,0.06962,0.02425,0.2156,0.2218,
2.086,0.2105,0.08621,0.05706,0.03316,0.166,0.08985,0.02033,0.01444,0.06985,0.02505,0.2151,0.223,
2.102,0.2077,0.08723,0.057,0.03319,0.1662,0.08934,0.02021,0.02516,0.05974,0.02618,0.2134,0.2223,
2.104,0.2323,0.08895,0.05708,0.03301,0.1662,0.08858,0.02008,0.0253,0.05963,0.0268,0.2129,0.2214,
2.101,0.2232,0.08852,0.05719,0.03309,0.1662,0.0872,0.01982,0.02537,0.06022,0.02606,0.213,0.2234,
2.099,0.211,0.08827,0.05737,0.03317,0.1657,0.08626,0.02012,0.02543,0.06233,0.02368,0.2132,0.2245,
2.096,0.2232,0.08794,0.05738,0.03317,0.165,0.08473,0.02008,0.02565,0.06265,0.02295,0.2149,0.2255,
2.1,0.2182,0.09031,0.05737,0.03322,0.1647,0.08417,0.01994,0.02577,0.0629,0.02382,0.2147,0.2231,
2.098,0.217,0.08861,0.05736,0.03327,0.1653,0.08362,0.02021,0.02551,0.06338,0.02334,0.2157,0.2237,
2.106,0.2278,0.0901,0.05741,0.03333,0.1652,0.0835,0.01996,0.02567,0.06332,0.02666,0.2127,0.2221,
2.106,0.2436,0.09003,0.05755,0.03341,0.1644,0.08287,0.01998,0.02632,0.06314,0.0263,0.2129,0.2231,
2.103,0.2219,0.08948,0.05777,0.03253,0.1642,0.08294,0.01984,0.0263,0.06332,0.02606,0.2138,0.2238,
2.119,0.2289,0.09827,0.0579,0.03219,0.1639,0.08072,0.01986,0.0264,0.06495,0.03057,0.2078,0.2175,
2.118,0.2168,0.09805,0.0579,0.03237,0.1633,0.07928,0.02015,0.02615,0.06502,0.0306,0.208,0.2192,
2.118,0.2195,0.09791,0.05789,0.03243,0.1633,0.07837,0.02016,0.02689,0.06429,0.03061,0.208,0.2202,
2.114,0.2128,0.09718,0.0577,0.03191,0.1624,0.07716,0.02022,0.02679,0.06435,0.03008,0.2115,0.2208,
2.113,0.215,0.09678,0.05778,0.03198,0.1624,0.0767,0.02023,0.0268,0.06438,0.0301,0.2115,0.2213,
2.113,0.2325,0.09622,0.05776,0.03207,0.1624,0.07675,0.02024,0.02702,0.06422,0.03012,0.2117,0.2215,
2.119,0.2226,0.1012,0.05779,0.03213,0.1614,0.0764,0.02014,0.02703,0.06424,0.03111,0.2118,0.2168,
2.116,0.1865,0.1005,0.05768,0.0322,0.1608,0.07467,0.02012,0.02734,0.06382,0.03107,0.2137,0.2182,
2.115,0.1937,0.09992,0.05797,0.03236,0.1604,0.07367,0.02024,0.02724,0.06386,0.03109,0.2138,0.2194,
2.113,0.1959,0.09736,0.05804,0.03251,0.1625,0.07277,0.02025,0.02725,0.06389,0.0311,0.2139,0.2204,
2.111,0.2054,0.09657,0.05824,0.03251,0.162,0.07115,0.02022,0.0274,0.06401,0.03063,0.2157,0.2216,
2.112,0.1987,0.09324,0.05813,0.03263,0.1647,0.07121,0.02023,0.03216,0.05933,0.03066,0.2159,0.2218,
2.112,0.2049,0.09262,0.05832,0.03269,0.1647,0.0706,0.02038,0.03205,0.0596,0.03045,0.2161,0.2226,
2.111,0.2058,0.09232,0.05827,0.03275,0.1645,0.06979,0.0204,0.0323,0.05941,0.03047,0.2162,0.2236,
2.114,0.1918,0.09569,0.0583,0.03283,0.1646,0.06886,0.02041,0.03282,0.05909,0.03091,0.2158,0.2207,
2.094,0.2212,0.09534,0.05822,0.0329,0.1646,0.0809,0.008384,0.0328,0.05892,0.03093,0.2159,0.2211,
2.096,0.1923,0.09737,0.05827,0.03295,0.1652,0.08078,0.008751,0.03231,0.05916,0.03118,0.2155,0.2185,
2.097,0.1911,0.09678,0.05823,0.03309,0.1653,0.08083,0.008757,0.03247,0.05907,0.03121,0.2157,0.2186,
2.095,0.1834,0.09612,0.05829,0.03314,0.1652,0.0803,0.008751,0.03244,0.05982,0.0304,0.2166,0.219,
2.101,0.2114,0.0954,0.05834,0.03277,0.1651,0.08038,0.02318,0.01817,0.06003,0.03017,0.2168,0.2196,
2.101,0.2152,0.09502,0.05793,0.03289,0.1648,0.08037,0.02317,0.0186,0.05959,0.03017,0.2179,0.2196,
2.098,0.2049,0.09431,0.05778,0.03273,0.1641,0.08028,0.02335,0.0185,0.06101,0.0285,0.2198,0.2196,
2.098,0.205,0.09415,0.05781,0.03283,0.1639,0.08031,0.0235,0.01837,0.06158,0.02798,0.2199,0.2197,
2.097,0.2056,0.09376,0.05779,0.03291,0.163,0.08032,0.02363,0.01838,0.06193,0.0275,0.221,0.2197,
2.103,0.2138,0.09616,0.05774,0.03299,0.1628,0.08045,0.0235,0.01864,0.06188,0.02919,0.2202,0.2165,
2.111,0.2496,0.09553,0.05812,0.03311,0.1625,0.0805,0.02383,0.05364,0.02662,0.02921,0.2204,0.2166,
2.11,0.2499,0.09501,0.05828,0.03311,0.1622,0.08044,0.02396,0.05453,0.0268,0.0279,0.2213,0.2164,
2.113,0.2477,0.09688,0.05819,0.03317,0.1621,0.07968,0.02446,0.05421,0.02766,0.02768,0.2207,0.2153,
2.117,0.2391,0.09958,0.05838,0.03325,0.1622,0.07995,0.02421,0.05449,0.02831,0.02774,0.2198,0.2121,
2.115,0.2324,0.09892,0.05804,0.03314,0.1619,0.07959,0.02434,0.05436,0.02817,0.02774,0.2209,0.2129,
2.114,0.2297,0.09856,0.05796,0.03328,0.1616,0.07927,0.02436,0.05468,0.02916,0.02653,0.2211,0.2135,
2.112,0.2223,0.0956,0.05841,0.03337,0.1635,0.07894,0.02437,0.05518,0.0315,0.02377,0.2213,0.214,
2.112,0.2325,0.0954,0.05841,0.03346,0.1633,0.07871,0.02465,0.05521,0.03151,0.02353,0.2214,0.2144,
2.111,0.2388,0.09517,0.05855,0.03319,0.163,0.07873,0.02479,0.05509,0.03247,0.02259,0.2215,0.2149,
2.111,0.2233,0.09589,0.05861,0.03329,0.1628,0.07725,0.02467,0.05581,0.03283,0.02208,0.221,0.2158,
2.109,0.2097,0.09527,0.05861,0.03332,0.1628,0.07564,0.02482,0.05559,0.03308,0.02179,0.2219,0.2172,
2.089,0.2158,0.09513,0.05856,0.03349,0.1625,0.08887,0.01203,0.05523,0.03363,0.02126,0.222,0.2173,
2.089,0.2924,0.09466,0.05853,0.03362,0.1628,0.08861,0.01216,0.05531,0.03343,0.02127,0.2221,0.2176,
2.103,0.2955,0.1033,0.05862,0.03368,0.1626,0.088,0.01231,0.05564,0.03435,0.02337,0.2187,0.2093,
2.103,0.2502,0.1029,0.05849,0.03378,0.1626,0.08806,0.0132,0.0548,0.03558,0.02218,0.2189,0.2095,
2.104,0.2505,0.1024,0.05851,0.0339,0.1624,0.08749,0.01318,0.05493,0.03588,0.02254,0.2189,0.2098,
2.104,0.2426,0.1009,0.05845,0.03393,0.1629,0.08703,0.01334,0.055,0.03591,0.02276,0.2194,0.2104,
2.106,0.2326,0.1005,0.05844,0.034,0.1631,0.08622,0.01334,0.05501,0.03632,0.02379,0.218,0.2113,
2.104,0.2206,0.09953,0.05861,0.03399,0.1631,0.08543,0.01323,0.05491,0.03633,0.02355,0.219,0.2124,
2.104,0.198,0.09828,0.05852,0.03418,0.1659,0.08538,0.01223,0.05511,0.03647,0.0246,0.218,0.2114,
2.106,0.1896,0.1001,0.05846,0.03426,0.1659,0.08465,0.01234,0.05527,0.03723,0.02455,0.2172,0.2101,
2.105,0.1903,0.09937,0.05841,0.03436,0.1661,0.0836,0.01266,0.0554,0.03699,0.02443,0.2173,0.2113,
2.104,0.1865,0.09912,0.05835,0.03443,0.1657,0.08337,0.01252,0.0555,0.03714,0.02411,0.2183,0.2115,
2.106,0.1999,0.09816,0.05858,0.03445,0.1653,0.08311,0.01227,0.05562,0.03733,0.02533,0.2178,0.212,
2.109,0.1888,0.09993,0.05858,0.03448,0.1653,0.08282,0.01216,0.05545,0.03707,0.02676,0.2166,0.2109,
2.106,0.1961,0.09924,0.0585,0.03371,0.1655,0.08141,0.01217,0.05576,0.03683,0.02678,0.2167,0.2134,
2.101,0.1885,0.09852,0.05861,0.03378,0.1655,0.07714,0.01241,0.05543,0.03729,0.02638,0.2169,0.2181,
2.101,0.2035,0.09815,0.05867,0.03389,0.1653,0.07668,0.01257,0.05553,0.03792,0.02557,0.217,0.2187,
2.102,0.2058,0.09632,0.0589,0.03398,0.1671,0.07638,0.01244,0.05557,0.03795,0.02664,0.2161,0.2186,
2.1,0.197,0.09533,0.05865,0.03405,0.1671,0.07596,0.01242,0.05556,0.03792,0.02635,0.218,0.2187,
2.099,0.1878,0.09486,0.05863,0.03419,0.1671,0.07564,0.01243,0.05615,0.03752,0.02623,0.2181,0.2192,
2.114,0.1819,0.1031,0.05864,0.03433,0.1668,0.07588,0.01237,0.05615,0.03743,0.03015,0.2143,0.2109,
2.114,0.1841,0.102,0.05914,0.03434,0.1672,0.0759,0.01251,0.05603,0.03745,0.03016,0.2144,0.2109,
2.113,0.1993,0.1016,0.05915,0.03445,0.1671,0.07467,0.01265,0.05614,0.03738,0.03003,0.2145,0.2123,
2.119,0.1873,0.1009,0.05909,0.03455,0.1676,0.07469,0.01355,0.05526,0.0379,0.03247,0.2116,0.2124,
2.12,0.1911,0.1017,0.05926,0.03461,0.1681,0.07426,0.01382,0.05524,0.03795,0.03223,0.2117,0.2111,
2.116,0.1937,0.0986,0.05888,0.03448,0.1709,0.07261,0.01396,0.05543,0.03783,0.03199,0.2119,0.2135,
2.115,0.1968,0.09805,0.05906,0.03459,0.1708,0.07184,0.01404,0.05522,0.03798,0.03187,0.212,0.2146,
2.117,0.1956,0.1015,0.0591,0.03463,0.1706,0.07122,0.01416,0.05503,0.03794,0.03184,0.2128,0.2111,
2.119,0.2479,0.1008,0.059,0.03424,0.1711,0.07094,0.05238,0.01673,0.03796,0.03185,0.2129,0.2121,
2.106,0.2039,0.1004,0.05907,0.0343,0.1712,0.07067,0.05999,0.008914,0.0381,0.03173,0.213,0.2127,
2.103,0.2185,0.09987,0.05885,0.03436,0.1707,0.06864,0.05989,0.0089,0.03829,0.03143,0.2148,0.2143,
2.103,0.2073,0.09944,0.0589,0.03441,0.1706,0.06839,0.05993,0.008899,0.0387,0.03106,0.2149,0.2147,
2.101,0.2013,0.09884,0.05867,0.03453,0.1698,0.068,0.06007,0.009019,0.03834,0.03103,0.2169,0.2148,
2.101,0.2016,0.09832,0.05877,0.03458,0.1699,0.06774,0.06009,0.009022,0.03899,0.0304,0.217,0.2152,
2.105,0.1889,0.1028,0.0589,0.03424,0.17,0.06718,0.06029,0.009158,0.03869,0.03132,0.2161,0.2113,
2.117,0.2087,0.1021,0.05886,0.03427,0.17,0.06715,0.06053,0.01537,0.03219,0.03457,0.2138,0.2112,
2.116,0.2094,0.1001,0.05893,0.03431,0.1709,0.06713,0.06064,0.01523,0.03241,0.03433,0.2148,0.2111,
2.119,0.2208,0.09927,0.05895,0.03439,0.1713,0.06639,0.06068,0.03127,0.01863,0.03337,0.2137,0.212,
2.117,0.2346,0.09796,0.05871,0.03455,0.1718,0.07495,0.05229,0.03144,0.01908,0.03286,0.214,0.2123,
2.116,0.222,0.09726,0.05842,0.03437,0.1714,0.07497,0.05231,0.03145,0.01909,0.03286,0.2151,0.2127,
2.116,0.247,0.09691,0.05857,0.03447,0.1712,0.07486,0.05229,0.03175,0.02104,0.03056,0.2152,0.2131,
2.122,0.2295,0.09807,0.05873,0.03458,0.1712,0.07423,0.05196,0.03166,0.02192,0.03234,0.2136,0.2117,
2.127,0.2307,0.09718,0.05877,0.03462,0.1716,0.0737,0.05199,0.03181,0.02225,0.03492,0.2107,0.2124,
2.124,0.2191,0.09284,0.05875,0.03432,0.1755,0.07374,0.05215,0.03169,0.02353,0.03367,0.2108,0.213,
2.123,0.2096,0.09173,0.05877,0.03438,0.1756,0.07343,0.05244,0.03156,0.02386,0.03314,0.2119,0.2132,
2.081,0.249,0.09117,0.05878,0.03444,0.1752,0.1112,0.01435,0.03202,0.02379,0.03273,0.2129,0.2135,
2.084,0.218,0.09458,0.05907,0.03455,0.1754,0.1099,0.01453,0.03187,0.02381,0.03275,0.213,0.2104,
2.083,0.2067,0.09349,0.05941,0.03452,0.1749,0.1093,0.01451,0.03196,0.02422,0.03213,0.2149,0.2107,
2.084,0.2027,0.09298,0.05912,0.03454,0.1746,0.1082,0.01451,0.03196,0.02435,0.03325,0.2148,0.2118,
2.082,0.2354,0.09259,0.05913,0.03468,0.1745,0.1066,0.01438,0.03231,0.02403,0.03326,0.2149,0.2136,
2.088,0.185,0.09477,0.05914,0.03472,0.1745,0.106,0.01482,0.03188,0.02488,0.03445,0.2129,0.2119,
2.087,0.182,0.09429,0.05891,0.03475,0.1744,0.1049,0.01481,0.03205,0.02531,0.0338,0.2139,0.2129,
2.089,0.1863,0.09477,0.05895,0.03489,0.1741,0.1039,0.01483,0.03221,0.02636,0.03377,0.213,0.2133,
2.085,0.1818,0.09452,0.05908,0.03498,0.1735,0.0992,0.01454,0.03224,0.02661,0.03358,0.2132,0.2186,
2.084,0.1878,0.09279,0.05935,0.03509,0.1737,0.09812,0.01455,0.03227,0.02677,0.03348,0.2134,0.2205,
2.083,0.1791,0.09191,0.05941,0.0351,0.1742,0.09818,0.0147,0.03234,0.02704,0.03305,0.2135,0.2206,
2.082,0.1819,0.09146,0.05918,0.03513,0.1737,0.09762,0.01501,0.03216,0.02691,0.03305,0.2146,0.2212,
2.084,0.1918,0.09237,0.05915,0.03514,0.1732,0.09691,0.01499,0.0321,0.02687,0.03394,0.2155,0.2198,
2.088,0.1762,0.0951,0.05925,0.03519,0.173,0.09535,0.01474,0.03212,0.02717,0.03539,0.2138,0.2189,
2.085,0.1776,0.09408,0.05939,0.03472,0.1727,0.09386,0.01471,0.03208,0.02749,0.03506,0.2149,0.221,
2.083,0.1926,0.09328,0.05932,0.03474,0.1729,0.09277,0.0147,0.03206,0.02793,0.03458,0.2158,0.2219,
2.083,0.1843,0.09213,0.05967,0.0348,0.1729,0.0923,0.01472,0.0321,0.02821,0.03437,0.2161,0.2227,
2.075,0.2173,0.09136,0.05951,0.03483,0.1725,0.09114,0.01453,0.04232,0.01833,0.03376,0.218,0.2238,
2.068,0.1985,0.0913,0.05918,0.03486,0.1722,0.09068,0.01465,0.04841,0.01293,0.03306,0.2182,0.2245,
2.068,0.2021,0.09066,0.05913,0.03488,0.1719,0.09077,0.01468,0.04848,0.01311,0.03264,0.2193,0.2245,
2.066,0.1999,0.09051,0.05904,0.03491,0.1714,0.08938,0.01467,0.04845,0.01363,0.0321,0.2202,0.2257,
2.078,0.1977,0.09653,0.05909,0.03505,0.1714,0.08851,0.01476,0.04826,0.01363,0.036,0.2164,0.2204,
2.082,0.2007,0.09914,0.05897,0.03519,0.1713,0.08751,0.01477,0.04831,0.01364,0.03714,0.2156,0.2185,
2.081,0.1972,0.09869,0.05895,0.03523,0.171,0.08667,0.01476,0.04828,0.01427,0.03648,0.2165,0.2192,
2.08,0.1997,0.09841,0.05877,0.03536,0.1709,0.08686,0.01463,0.04922,0.0135,0.03637,0.2166,0.2193,
2.082,0.2049,0.1006,0.05876,0.03506,0.1711,0.08636,0.01477,0.0491,0.0135,0.0369,0.2162,0.2176,
2.082,0.2326,0.09976,0.05883,0.03526,0.1712,0.08607,0.01496,0.04897,0.01351,0.03693,0.2164,0.2182,
2.083,0.1968,0.1003,0.0588,0.03539,0.1709,0.08509,0.01497,0.04929,0.0136,0.03733,0.2159,0.2185,
2.067,0.2247,0.1008,0.05871,0.03544,0.1707,0.093,0.006791,0.04916,0.01386,0.03797,0.2153,0.2183,
2.068,0.1996,0.1006,0.05882,0.03545,0.1698,0.09315,0.006907,0.04912,0.01432,0.03758,0.2156,0.2186,
2.071,0.2034,0.1019,0.05863,0.03545,0.1697,0.09473,0.005061,0.04902,0.0175,0.03743,0.2129,0.2177,
2.071,0.1782,0.1028,0.05862,0.03553,0.1693,0.09386,0.005059,0.04911,0.01739,0.03741,0.2138,0.2171,
2.07,0.1832,0.1019,0.0586,0.03556,0.169,0.09372,0.005051,0.04903,0.01802,0.0367,0.2156,0.2168,
2.076,0.1817,0.1027,0.05872,0.03564,0.1717,0.0938,0.005055,0.04908,0.01804,0.03876,0.2138,0.2127,
2.075,0.187,0.1021,0.05894,0.03573,0.1712,0.09376,0.005053,0.04926,0.01783,0.03874,0.2148,0.2126,
2.074,0.1858,0.1014,0.05896,0.0354,0.1709,0.09265,0.005051,0.04925,0.01861,0.03795,0.2158,0.2141,
2.074,0.1921,0.1009,0.05902,0.03546,0.1705,0.09231,0.005135,0.04905,0.01925,0.03728,0.2168,0.2143,
2.073,0.1845,0.09973,0.05928,0.03504,0.1709,0.092,0.005138,0.04908,0.02053,0.03604,0.2169,0.2154,
2.073,0.2312,0.09873,0.05932,0.03513,0.1713,0.0917,0.005142,0.04912,0.02113,0.03547,0.2171,0.2159,
2.072,0.1868,0.09834,0.05944,0.03519,0.1708,0.09165,0.005138,0.04909,0.02112,0.03545,0.218,0.2158,
2.072,0.2115,0.09775,0.0595,0.03527,0.1709,0.09186,0.004973,0.04911,0.02178,0.03482,0.2181,0.2159,
2.07,0.1895,0.09584,0.05926,0.03538,0.1724,0.09157,0.004796,0.04928,0.02219,0.03416,0.2191,0.2161,
2.07,0.1861,0.09564,0.05926,0.03546,0.1723,0.09122,0.004932,0.04916,0.02219,0.03413,0.2191,0.2165,
2.07,0.1922,0.09498,0.05924,0.03558,0.172,0.09033,0.005074,0.04929,0.02314,0.03305,0.2194,0.2178,
2.071,0.1853,0.0936,0.05928,0.03553,0.1747,0.09031,0.005073,0.04928,0.0241,0.03309,0.2195,0.2156,
2.08,0.1821,0.09659,0.05942,0.0352,0.1741,0.08991,0.005214,0.04931,0.02578,0.03462,0.2165,0.2134,
2.081,0.1867,0.09636,0.05957,0.03532,0.1738,0.08994,0.005646,0.0489,0.02579,0.03463,0.2165,0.2135,
2.076,0.1868,0.09595,0.05946,0.0354,0.1733,0.0899,0.005914,0.05759,0.01733,0.03585,0.2158,0.2135,
2.075,0.1919,0.09496,0.05921,0.03547,0.1735,0.0894,0.005913,0.05758,0.01732,0.03585,0.2169,0.2139,
2.088,0.2049,0.09458,0.05902,0.03563,0.1733,0.08892,0.01403,0.04969,0.01759,0.0354,0.217,0.2149,
2.096,0.2015,0.1,0.05906,0.03577,0.173,0.08692,0.01431,0.04945,0.01797,0.03737,0.2148,0.2114,
2.096,0.1908,0.09978,0.05902,0.03587,0.1725,0.0868,0.01446,0.04909,0.01944,0.03596,0.215,0.2121,
2.096,0.1956,0.09945,0.05894,0.03593,0.1719,0.08597,0.01444,0.04895,0.02044,0.03494,0.2161,0.213,
2.092,0.1986,0.0987,0.05858,0.03598,0.1709,0.08464,0.01439,0.04895,0.02077,0.03422,0.2196,0.2133,
2.093,0.1991,0.09801,0.05876,0.03604,0.1705,0.08475,0.0144,0.04902,0.02129,0.03378,0.2199,0.2135,
2.092,0.1886,0.09773,0.05873,0.03603,0.1702,0.08417,0.01456,0.04882,0.02127,0.03376,0.2209,0.2139,
2.091,0.1928,0.09762,0.05858,0.03611,0.1702,0.08385,0.01456,0.04902,0.02133,0.03339,0.2209,0.2144,
2.091,0.197,0.09646,0.05873,0.03614,0.1708,0.0839,0.0147,0.04911,0.02139,0.03314,0.221,0.2145,
2.096,0.2039,0.09533,0.0587,0.03611,0.1709,0.08346,0.01467,0.04902,0.02262,0.03521,0.2195,0.2145,
2.095,0.2071,0.0949,0.05836,0.03608,0.1705,0.08279,0.01479,0.04911,0.02473,0.03273,0.2213,0.2147,
2.098,0.2153,0.09463,0.05829,0.03619,0.1702,0.08285,0.01525,0.04869,0.02518,0.03343,0.2204,0.2149,
2.097,0.1982,0.09405,0.05827,0.03631,0.1702,0.08248,0.01526,0.04873,0.02506,0.03346,0.2206,0.2156,
2.097,0.2101,0.09355,0.05839,0.03635,0.1702,0.08253,0.01554,0.04848,0.02507,0.03348,0.2207,0.2157,
2.097,0.2234,0.09314,0.05833,0.03652,0.1697,0.08264,0.0157,0.04841,0.02511,0.03352,0.221,0.216,
2.103,0.2122,0.09273,0.05849,0.03619,0.1692,0.08272,0.02286,0.04131,0.02536,0.03332,0.2212,0.2166,
2.103,0.2071,0.09233,0.05839,0.03625,0.169,0.08266,0.02313,0.04099,0.02534,0.0333,0.2221,0.2165,
2.103,0.2156,0.09183,0.05856,0.03634,0.1689,0.0827,0.02328,0.04088,0.02535,0.03331,0.2222,0.2166,
2.102,0.2369,0.091,0.05872,0.03642,0.1688,0.08214,0.0234,0.04071,0.02574,0.03289,0.2232,0.2169,
2.112,0.2184,0.09564,0.0587,0.03646,0.1686,0.08065,0.02338,0.0409,0.02542,0.03751,0.2195,0.2132,
2.112,0.228,0.09497,0.05868,0.03655,0.1691,0.08024,0.02339,0.04104,0.02561,0.0372,0.2196,0.2137,
2.112,0.2196,0.09484,0.05861,0.03671,0.1689,0.08027,0.02353,0.04092,0.02602,0.0368,0.2196,0.2137,
2.11,0.2204,0.09389,0.05843,0.03664,0.1688,0.08002,0.02346,0.04079,0.02642,0.03621,0.2223,0.2131,
2.115,0.2197,0.09332,0.05849,0.03675,0.1687,0.08008,0.02348,0.04083,0.02669,0.0386,0.2198,0.2133,
2.114,0.1976,0.09255,0.05836,0.03688,0.1689,0.08016,0.0235,0.04086,0.02671,0.03863,0.22,0.2134,
2.114,0.2005,0.09232,0.05826,0.03646,0.1687,0.0802,0.02351,0.0412,0.02682,0.03825,0.2202,0.2141,
2.113,0.2044,0.09181,0.05849,0.03619,0.1687,0.08008,0.02338,0.04122,0.02683,0.03826,0.2202,0.2148,
2.113,0.2,0.09151,0.05855,0.03635,0.1682,0.07975,0.02384,0.04081,0.02775,0.03739,0.2204,0.2154,
2.112,0.2042,0.09102,0.0586,0.03598,0.1684,0.07949,0.02399,0.04067,0.02776,0.03739,0.2205,0.2162,
2.112,0.2059,0.09032,0.05862,0.03606,0.1688,0.07963,0.02403,0.04055,0.02817,0.03701,0.2206,0.2163,
2.117,0.225,0.0932,0.05846,0.03564,0.1687,0.07968,0.02405,0.04091,0.02965,0.03692,0.219,0.2138,
2.119,0.2085,0.09277,0.0585,0.03571,0.1686,0.07973,0.02406,0.04107,0.02976,0.03802,0.2178,0.2139,
2.116,0.2038,0.09133,0.0581,0.03525,0.1689,0.07922,0.02413,0.041,0.03062,0.03679,0.2205,0.2141,
2.107,0.1893,0.09094,0.05849,0.03482,0.1684,0.07928,0.02776,0.05364,0.01484,0.03723,0.2198,0.2148,
2.107,0.1887,0.09057,0.05858,0.03488,0.1679,0.07923,0.02788,0.05347,0.01577,0.03628,0.2208,0.2147,
2.112,0.1952,0.08979,0.05873,0.03498,0.1678,0.07878,0.02822,0.05307,0.01639,0.03821,0.2191,0.2149,
2.099,0.1942,0.08973,0.05869,0.0351,0.1677,0.093,0.01387,0.05267,0.0164,0.04334,0.214,0.2155,
2.1,0.1928,0.09072,0.0585,0.0351,0.1679,0.09294,0.01386,0.05287,0.01725,0.04222,0.2149,0.2137,
2.1,0.205,0.09019,0.05848,0.03507,0.1676,0.09193,0.01399,0.05274,0.01855,0.04066,0.2167,0.2141,
2.101,0.2305,0.09012,0.05848,0.03484,0.1675,0.09194,0.014,0.05286,0.0191,0.04099,0.2157,0.2145,
2.102,0.2179,0.09013,0.05843,0.03496,0.167,0.09199,0.01414,0.05275,0.01944,0.04069,0.2158,0.2146,
2.101,0.2096,0.08928,0.05827,0.03508,0.1676,0.09175,0.01401,0.05264,0.01974,0.04043,0.216,0.2153,
2.1,0.2104,0.08868,0.05853,0.03516,0.1673,0.09045,0.01416,0.05233,0.01972,0.04039,0.2169,0.2164,
2.106,0.2119,0.09326,0.05843,0.03525,0.168,0.09048,0.01457,0.05194,0.02002,0.04082,0.2162,0.2111,
2.106,0.2033,0.09315,0.05827,0.03523,0.1678,0.08966,0.01456,0.05189,0.02038,0.04117,0.2163,0.2116,
2.108,0.2,0.09205,0.05847,0.03539,0.1684,0.08862,0.01483,0.05163,0.02038,0.04319,0.2144,0.2127,
2.109,0.2036,0.09123,0.05852,0.03546,0.1687,0.08832,0.01484,0.05153,0.02209,0.04152,0.2145,0.2133,
2.105,0.223,0.09046,0.05867,0.03498,0.1686,0.08883,0.0138,0.0515,0.02276,0.04082,0.2154,0.2142,
2.103,0.2205,0.08999,0.05858,0.03501,0.1679,0.08586,0.01365,0.05165,0.02588,0.03735,0.2173,0.2168,
2.111,0.2442,0.09248,0.05858,0.03468,0.1677,0.08592,0.01366,0.05169,0.02616,0.04096,0.2136,0.2146,
2.096,0.2273,0.09095,0.05835,0.0348,0.1687,0.09268,0.00701,0.05174,0.02662,0.04057,0.2138,0.2148,
2.096,0.2062,0.09106,0.05837,0.03492,0.1681,0.09164,0.007167,0.0517,0.0269,0.04042,0.2142,0.2155,
2.095,0.187,0.09083,0.05828,0.03502,0.1673,0.09149,0.006852,0.0517,0.0269,0.04043,0.2153,0.216,
2.092,0.1963,0.0898,0.0584,0.03455,0.1674,0.09158,0.006858,0.05393,0.02612,0.0391,0.2155,0.2167,
2.09,0.2083,0.08944,0.05828,0.03423,0.1669,0.09153,0.006423,0.05383,0.02749,0.03762,0.2173,0.2169,
2.089,0.2083,0.0893,0.05829,0.03431,0.1666,0.09058,0.006427,0.05386,0.02751,0.03763,0.2174,0.2181,
2.088,0.2066,0.0888,0.05856,0.03433,0.1663,0.0892,0.006421,0.05382,0.02762,0.03746,0.2183,0.2192,
2.096,0.1962,0.09421,0.05826,0.03447,0.1666,0.08925,0.006511,0.05396,0.02744,0.03973,0.2162,0.2133,
2.107,0.2107,0.09373,0.05842,0.0345,0.1665,0.08927,0.01335,0.04709,0.02728,0.0397,0.2171,0.2131,
2.104,0.2122,0.09171,0.05829,0.03451,0.1676,0.0882,0.01352,0.04682,0.02723,0.03963,0.2189,0.2137,
2.11,0.2116,0.09125,0.05854,0.03463,0.1676,0.08821,0.01365,0.04669,0.02723,0.0431,0.2154,0.2137,
2.11,0.2024,0.09065,0.05853,0.03467,0.1679,0.08824,0.01366,0.04684,0.02737,0.04286,0.2155,0.2138,
2.111,0.1959,0.09024,0.05855,0.0348,0.1679,0.08842,0.01353,0.04686,0.02885,0.0414,0.2156,0.2139,
2.111,0.21,0.08998,0.05861,0.03491,0.1679,0.08814,0.01366,0.04673,0.03031,0.03995,0.2156,0.2142,
2.117,0.2098,0.09449,0.05856,0.0349,0.1678,0.0873,0.01365,0.04689,0.03113,0.04051,0.2148,0.21,
2.12,0.2006,0.09356,0.05883,0.03498,0.1671,0.08693,0.01379,0.04677,0.03113,0.04269,0.2138,0.2104,
2.126,0.2035,0.0931,0.05866,0.03476,0.1663,0.08694,0.02224,0.03865,0.03157,0.04193,0.2149,0.2109,
2.126,0.2055,0.09258,0.05863,0.03495,0.1664,0.0863,0.02225,0.03885,0.03328,0.04007,0.215,0.2117,
2.126,0.1995,0.0907,0.05894,0.03504,0.167,0.08579,0.02213,0.03884,0.03327,0.04115,0.2149,0.2123,
2.127,0.2546,0.09,0.05883,0.03521,0.1673,0.08555,0.02214,0.03907,0.03307,0.04203,0.2142,0.2127,
2.125,0.1886,0.0884,0.05893,0.03532,0.1682,0.08485,0.02193,0.03937,0.03308,0.0418,0.2143,0.2138,
2.125,0.1835,0.08829,0.05885,0.03547,0.1681,0.08382,0.02194,0.03938,0.03463,0.04027,0.2144,0.2149,
2.124,0.2005,0.08739,0.05923,0.03561,0.1677,0.08308,0.02196,0.03943,0.03522,0.03975,0.2146,0.216,
2.125,0.1937,0.08685,0.05921,0.03567,0.1672,0.08253,0.0311,0.03028,0.0357,0.03927,0.2157,0.2165,
2.122,0.1981,0.08378,0.05893,0.03588,0.1694,0.08189,0.03097,0.03027,0.03671,0.03825,0.2167,0.2172,
2.119,0.2062,0.08327,0.05862,0.03554,0.1691,0.08038,0.0311,0.03014,0.03718,0.03776,0.2178,0.2192,
2.116,0.2048,0.08229,0.05847,0.03567,0.1693,0.07845,0.03639,0.02532,0.03737,0.03728,0.2181,0.2214,
2.115,0.2115,0.08108,0.05873,0.03571,0.17,0.07763,0.0364,0.02546,0.03725,0.03729,0.2181,0.2223,
2.114,0.212,0.08076,0.05871,0.03578,0.17,0.07767,0.03641,0.02547,0.03758,0.03699,0.2182,0.2224,
2.113,0.2125,0.08016,0.05887,0.03579,0.1698,0.07723,0.03625,0.02568,0.03969,0.03459,0.2192,0.2228,
2.11,0.2211,0.0792,0.05865,0.03586,0.1701,0.07506,0.0363,0.02674,0.0387,0.03463,0.2194,0.2253,
2.116,0.2226,0.08027,0.05843,0.03591,0.1698,0.07399,0.03628,0.02673,0.03899,0.03759,0.2171,0.2249,
2.116,0.1918,0.07995,0.05831,0.03604,0.1697,0.07405,0.03644,0.02661,0.04011,0.03653,0.2173,0.225,
2.115,0.1998,0.07894,0.05819,0.03621,0.1704,0.0737,0.03662,0.02646,0.04041,0.03626,0.2173,0.2255,
2.114,0.2245,0.07857,0.05812,0.03631,0.1703,0.07375,0.03665,0.02647,0.04073,0.03599,0.2175,0.2256,
2.119,0.2161,0.08084,0.0583,0.03637,0.1698,0.07241,0.03668,0.02667,0.0419,0.03685,0.2155,0.2247,
2.119,0.2041,0.08007,0.05824,0.03656,0.1695,0.07264,0.03668,0.0271,0.04188,0.03649,0.2158,0.225,
2.12,0.1862,0.08245,0.05841,0.03633,0.1701,0.07149,0.03668,0.02724,0.0423,0.03595,0.2158,0.2232,
2.127,0.1949,0.08607,0.05833,0.0364,0.1705,0.07085,0.03674,0.02713,0.04309,0.03746,0.2143,0.2191,
2.125,0.2067,0.08576,0.0583,0.03646,0.1703,0.06989,0.03657,0.02711,0.04389,0.03659,0.2152,0.2199,
2.123,0.1932,0.08415,0.05809,0.03653,0.1711,0.06988,0.03657,0.0271,0.04484,0.03563,0.2163,0.2199,
2.127,0.1854,0.0865,0.05822,0.03662,0.171,0.06991,0.03658,0.02711,0.04486,0.03615,0.2159,0.2171,
2.126,0.193,0.08698,0.05803,0.03613,0.1709,0.06946,0.03657,0.0271,0.04484,0.03614,0.2169,0.217,
2.125,0.1873,0.08678,0.05772,0.03619,0.1705,0.06926,0.03693,0.02682,0.04647,0.03461,0.2171,0.2176,
2.126,0.1957,0.08863,0.05773,0.03626,0.1707,0.0685,0.0372,0.02663,0.04667,0.0346,0.2176,0.2155,
2.127,0.2029,0.08825,0.05771,0.03633,0.1703,0.06846,0.03731,0.02648,0.0471,0.03479,0.2179,0.2154,
2.126,0.191,0.08779,0.05758,0.03639,0.1699,0.06828,0.03716,0.02661,0.04694,0.03478,0.2189,0.2156,
2.125,0.1841,0.08762,0.05749,0.03659,0.1698,0.06802,0.03731,0.02648,0.0475,0.03425,0.219,0.2159,
2.125,0.1708,0.08725,0.05746,0.03664,0.1698,0.06806,0.03742,0.02641,0.04789,0.03391,0.2191,0.216,
2.124,0.1727,0.08674,0.05735,0.03674,0.1693,0.06801,0.03739,0.02653,0.0488,0.0328,0.2201,0.2162,
2.123,0.1741,0.08615,0.0576,0.03671,0.1692,0.06795,0.03749,0.0265,0.04904,0.03235,0.221,0.2161,
2.123,0.1787,0.08594,0.05763,0.03677,0.1691,0.06811,0.03737,0.02651,0.04949,0.03193,0.221,0.2161,
2.123,0.1937,0.08577,0.05769,0.03678,0.1683,0.06822,0.03722,0.02742,0.04896,0.03152,0.2221,0.2161,
2.122,0.2058,0.08565,0.05769,0.03636,0.1679,0.06825,0.03725,0.02744,0.04983,0.0307,0.2222,0.2167,
2.12,0.1937,0.08561,0.05751,0.0365,0.1678,0.06742,0.03726,0.02758,0.05026,0.03015,0.2223,0.2176,
2.131,0.1908,0.0886,0.05751,0.03655,0.1692,0.06723,0.03723,0.02801,0.05087,0.03314,0.219,0.2126,
2.129,0.2096,0.08828,0.05746,0.03631,0.1691,0.06702,0.03706,0.02812,0.05068,0.03311,0.2199,0.213,
2.136,0.1799,0.08707,0.05755,0.03637,0.1698,0.06705,0.03749,0.02793,0.0505,0.0368,0.2163,0.2131,
2.136,0.1782,0.08638,0.05768,0.03647,0.1701,0.06706,0.03763,0.02838,0.05034,0.03666,0.2161,0.2132,
2.136,0.1817,0.08614,0.05776,0.03658,0.17,0.06662,0.03738,0.02839,0.05091,0.03671,0.2154,0.2141,
2.124,0.1767,0.08568,0.05743,0.03658,0.1695,0.07856,0.02557,0.02808,0.05127,0.03623,0.2173,0.2138,
2.123,0.1805,0.08446,0.05745,0.03668,0.1702,0.07809,0.0256,0.02793,0.0517,0.03574,0.2174,0.2147,
2.127,0.1762,0.08425,0.05734,0.03647,0.1699,0.07695,0.02544,0.02853,0.05145,0.03927,0.2144,0.2161,
2.129,0.1919,0.08582,0.05737,0.03665,0.1692,0.07696,0.02544,0.02853,0.05145,0.03927,0.2154,0.2139,
2.127,0.1995,0.08568,0.05737,0.03617,0.169,0.07585,0.02545,0.02854,0.05173,0.03901,0.2155,0.2157,
2.126,0.1893,0.08527,0.05754,0.03626,0.169,0.07565,0.02525,0.02855,0.05174,0.03903,0.2156,0.2162,
2.127,0.1925,0.08686,0.05758,0.0363,0.1691,0.07529,0.02512,0.02869,0.05212,0.03853,0.2156,0.2148,
2.126,0.1898,0.08692,0.05747,0.03649,0.1696,0.07407,0.02513,0.02871,0.0536,0.0371,0.2157,0.2152,
2.125,0.1824,0.08594,0.05742,0.03652,0.1698,0.07375,0.02512,0.02883,0.05344,0.03708,0.2167,0.2154,
2.129,0.1688,0.08569,0.05711,0.03662,0.1698,0.07381,0.02529,0.02871,0.05389,0.03941,0.2142,0.2156,
2.129,0.1838,0.08531,0.05674,0.03682,0.1697,0.07388,0.02545,0.02873,0.05524,0.038,0.2144,0.2157,
2.122,0.1624,0.08482,0.05673,0.0369,0.1699,0.07878,0.02012,0.02888,0.05513,0.03802,0.2144,0.2163,
2.121,0.1666,0.08464,0.05673,0.03704,0.1697,0.07866,0.01999,0.02934,0.05503,0.0377,0.2145,0.2166,
2.12,0.1651,0.0844,0.05664,0.03709,0.1696,0.07725,0.02001,0.03,0.05443,0.03772,0.2147,0.2182,
2.122,0.1761,0.08854,0.05665,0.03684,0.1691,0.07659,0.02003,0.03003,0.05647,0.03578,0.2149,0.2151,
2.121,0.1662,0.08801,0.0568,0.03694,0.1687,0.07571,0.02005,0.03006,0.05719,0.03515,0.2151,0.2163,
2.121,0.1712,0.08699,0.05667,0.03695,0.1689,0.07557,0.02001,0.03027,0.05681,0.03573,0.2162,0.2159,
2.118,0.1878,0.08647,0.05667,0.03695,0.1689,0.07368,0.01999,0.03074,0.05691,0.03506,0.2171,0.2175,
2.125,0.178,0.09111,0.05686,0.03698,0.1685,0.07273,0.01996,0.03082,0.05669,0.03697,0.2169,0.2125,
2.127,0.1749,0.08941,0.05714,0.03708,0.169,0.07282,0.02019,0.03066,0.0573,0.0382,0.2155,0.2127,
2.127,0.1749,0.08909,0.05724,0.03718,0.1687,0.07287,0.0202,0.03081,0.05746,0.03796,0.2156,0.2129,
2.127,0.1763,0.08854,0.05737,0.0372,0.1682,0.07285,0.02019,0.03107,0.05762,0.0375,0.2166,0.2128,
2.125,0.1628,0.08803,0.05732,0.03731,0.1677,0.07239,0.01988,0.03142,0.05734,0.0372,0.2184,0.213,
2.124,0.1791,0.0879,0.05732,0.03736,0.1672,0.07188,0.0199,0.03145,0.05768,0.03693,0.2186,0.2138,
2.123,0.1887,0.0873,0.05718,0.03744,0.1672,0.07179,0.01964,0.03143,0.05764,0.03691,0.2195,0.2139,
2.122,0.1704,0.08662,0.05727,0.03752,0.1673,0.07184,0.01979,0.03145,0.05931,0.03517,0.2197,0.2141,
2.121,0.1782,0.0864,0.05733,0.0372,0.1673,0.07147,0.01966,0.03169,0.05908,0.03517,0.2197,0.215,
2.117,0.1778,0.08603,0.05718,0.03731,0.1671,0.06928,0.01954,0.03194,0.05876,0.03515,0.2206,0.2171,
2.116,0.1718,0.08568,0.05726,0.03739,0.1672,0.06844,0.01957,0.03234,0.05864,0.03475,0.2207,0.2181,
2.121,0.1725,0.08841,0.05731,0.03755,0.1672,0.06772,0.01969,0.03222,0.05916,0.03589,0.219,0.2158,
2.133,0.1776,0.09353,0.05763,0.03768,0.1677,0.06717,0.01956,0.04366,0.04788,0.03807,0.2167,0.2104,
2.137,0.1813,0.0934,0.05766,0.03774,0.1675,0.0672,0.0265,0.03701,0.04846,0.03725,0.2168,0.2105,
2.14,0.1934,0.09289,0.05795,0.03782,0.1674,0.06755,0.02633,0.03703,0.04957,0.03773,0.2152,0.2106,
2.137,0.1936,0.09214,0.05798,0.03748,0.1674,0.0658,0.02677,0.03698,0.04909,0.03771,0.2161,0.2125,
2.136,0.196,0.09198,0.05797,0.03756,0.1674,0.06527,0.02678,0.03726,0.04883,0.03771,0.2162,0.213,
2.136,0.2097,0.09164,0.05809,0.03759,0.1675,0.0649,0.02689,0.03716,0.04884,0.03772,0.2162,0.2135,
2.134,0.1948,0.09105,0.05829,0.03762,0.1672,0.06412,0.02687,0.03713,0.0488,0.03769,0.2171,0.214,
2.131,0.1922,0.09054,0.05847,0.03712,0.1671,0.06257,0.02707,0.03687,0.04876,0.03766,0.218,0.2159,
2.13,0.1986,0.09026,0.0585,0.03717,0.1671,0.06254,0.02676,0.03688,0.04918,0.03726,0.2181,0.2163,
2.134,0.1809,0.09269,0.05853,0.03724,0.1672,0.06256,0.02677,0.03703,0.05074,0.03639,0.2174,0.2135,
2.133,0.177,0.09213,0.05847,0.03676,0.1674,0.06259,0.0269,0.03729,0.05099,0.03584,0.2175,0.2142,
2.128,0.1755,0.09175,0.05853,0.03676,0.1669,0.06214,0.05038,0.01392,0.051,0.03937,0.2146,0.2147,
2.135,0.1855,0.09113,0.05853,0.03683,0.1672,0.06176,0.05054,0.02167,0.04408,0.03844,0.2147,0.2151,
2.132,0.1887,0.08904,0.05866,0.03685,0.1686,0.06081,0.0506,0.02195,0.04395,0.03809,0.2156,0.2158,
2.13,0.1974,0.08758,0.0586,0.03686,0.1689,0.06067,0.05063,0.02204,0.04389,0.03771,0.2173,0.2159,
2.128,0.1924,0.08647,0.05851,0.03702,0.1698,0.05975,0.05075,0.02207,0.04376,0.03772,0.2173,0.2169,
2.091,0.2267,0.08605,0.0583,0.03707,0.1694,0.09719,0.01322,0.0219,0.04368,0.03764,0.2191,0.2165,
2.087,0.2327,0.08594,0.0582,0.03713,0.1693,0.09602,0.01361,0.04872,0.01762,0.03654,0.2192,0.2178,
2.085,0.2203,0.08523,0.05821,0.03717,0.169,0.09558,0.01356,0.04878,0.01747,0.03651,0.2201,0.2184,
2.092,0.2215,0.08907,0.05823,0.03679,0.1685,0.09549,0.01343,0.04913,0.01892,0.0367,0.2183,0.2155,
2.093,0.202,0.09043,0.05819,0.03614,0.1681,0.09402,0.01344,0.04916,0.02066,0.03552,0.2179,0.2164,
2.091,0.2061,0.08979,0.05834,0.0362,0.1681,0.0933,0.01332,0.04911,0.02064,0.03549,0.2188,0.217,
2.092,0.2066,0.08904,0.05838,0.03634,0.1684,0.09334,0.01333,0.04914,0.02115,0.035,0.2189,0.2171,
2.09,0.1975,0.08885,0.0585,0.03643,0.1683,0.09087,0.01333,0.04914,0.02173,0.03443,0.2189,0.2196,
2.087,0.2121,0.08837,0.05847,0.03652,0.1679,0.08848,0.01343,0.04927,0.0214,0.03441,0.2199,0.2219,
2.086,0.2003,0.08828,0.05834,0.03632,0.1674,0.08802,0.01342,0.04923,0.02186,0.03391,0.2208,0.2224,
2.086,0.2014,0.08778,0.05845,0.03643,0.1677,0.08802,0.01342,0.04923,0.02186,0.03391,0.2208,0.2224,
2.083,0.2046,0.08749,0.05851,0.0365,0.1673,0.0858,0.01358,0.04912,0.02197,0.03352,0.2217,0.2245,
2.082,0.2033,0.08703,0.05895,0.03657,0.167,0.08422,0.01359,0.04927,0.02238,0.033,0.2218,0.2262,
2.082,0.193,0.08693,0.0589,0.03665,0.1669,0.0844,0.01343,0.04955,0.02212,0.03301,0.2219,0.2262,
2.081,0.1994,0.08675,0.05901,0.03672,0.1669,0.08401,0.01339,0.04955,0.02244,0.03268,0.2219,0.2267,
2.083,0.2106,0.08991,0.05921,0.03578,0.1669,0.08273,0.01339,0.04966,0.02275,0.03291,0.2212,0.2255,
2.084,0.196,0.09127,0.05904,0.03575,0.1659,0.08251,0.01336,0.04954,0.02327,0.03282,0.2234,0.2231,
2.088,0.2262,0.09321,0.05892,0.0358,0.1658,0.08161,0.01335,0.04948,0.02325,0.0348,0.2223,0.2216,
2.087,0.2081,0.09294,0.05889,0.03583,0.1655,0.08085,0.01333,0.04962,0.02305,0.03477,0.2232,0.2221,
2.087,0.1984,0.09246,0.05883,0.03594,0.1655,0.08036,0.01334,0.04965,0.02336,0.03451,0.2233,0.2227,
2.096,0.1997,0.0976,0.05873,0.03606,0.1651,0.08032,0.01347,0.04949,0.02367,0.03707,0.2214,0.217,
2.095,0.1987,0.09614,0.05872,0.03619,0.1661,0.07943,0.01351,0.04936,0.02497,0.03577,0.2216,0.2183,
2.078,0.2068,0.09535,0.05862,0.03591,0.166,0.079,0.01355,0.06228,0.01198,0.03562,0.2226,0.2191,
2.08,0.1786,0.09786,0.05864,0.03589,0.1656,0.0776,0.01368,0.06301,0.01113,0.03666,0.2227,0.2172,
2.09,0.186,0.1002,0.05862,0.03598,0.166,0.07729,0.01369,0.06292,0.01143,0.04129,0.218,0.2146,
2.094,0.1865,0.1035,0.05848,0.03596,0.165,0.07557,0.01338,0.0628,0.01196,0.04325,0.2182,0.2119,
2.094,0.1872,0.1027,0.05845,0.03603,0.1648,0.07472,0.01337,0.06305,0.01213,0.04386,0.2182,0.2127,
2.117,0.1953,0.1023,0.05867,0.03579,0.1648,0.07443,0.03047,0.04586,0.01551,0.04271,0.216,0.2135,
2.118,0.2064,0.1012,0.05885,0.0359,0.165,0.07437,0.03071,0.04555,0.01686,0.04132,0.2169,0.2133,
2.125,0.179,0.1006,0.05866,0.03595,0.1651,0.07432,0.03083,0.04539,0.01761,0.04506,0.2133,0.2132,
2.122,0.1793,0.09988,0.0588,0.03594,0.1645,0.07279,0.03078,0.0455,0.0174,0.04499,0.2151,0.2143,
2.122,0.1701,0.1018,0.05869,0.03602,0.1644,0.07438,0.02778,0.04547,0.01807,0.04533,0.2148,0.2132,
2.115,0.1849,0.1012,0.05865,0.03614,0.1645,0.08194,0.02068,0.0451,0.02042,0.04303,0.215,0.2134,
2.107,0.2019,0.101,0.05875,0.03622,0.1642,0.08198,0.05363,0.01218,0.02169,0.04179,0.2151,0.2135,
2.107,0.1745,0.1001,0.05876,0.03592,0.1644,0.08193,0.05339,0.01233,0.02446,0.03895,0.2153,0.2145,
2.106,0.1783,0.09985,0.05873,0.03599,0.1644,0.08099,0.0534,0.01247,0.02494,0.03835,0.2153,0.2155,
2.109,0.1894,0.1009,0.05862,0.03594,0.1638,0.08024,0.05342,0.0123,0.02607,0.03875,0.2164,0.2136,
2.109,0.184,0.1,0.05858,0.03608,0.1643,0.08027,0.05343,0.01244,0.02666,0.03805,0.2165,0.2136,
2.108,0.1695,0.09964,0.05846,0.03613,0.1642,0.07935,0.05339,0.01243,0.02748,0.03717,0.2174,0.2143,
2.115,0.1661,0.1029,0.05867,0.03616,0.1637,0.07887,0.05337,0.0189,0.02195,0.03728,0.2173,0.2109,
2.114,0.1754,0.1017,0.05885,0.03627,0.164,0.07855,0.05334,0.01889,0.02231,0.03688,0.2182,0.211,
2.114,0.1594,0.1014,0.0587,0.03635,0.1635,0.07824,0.05332,0.01922,0.02272,0.03612,0.2193,0.2112,
2.12,0.1548,0.101,0.05839,0.03646,0.1634,0.07745,0.05321,0.01924,0.02338,0.03972,0.2153,0.2125,
2.12,0.1587,0.1006,0.05825,0.03655,0.1633,0.07739,0.05317,0.01923,0.02363,0.03942,0.2162,0.2123,
2.123,0.1571,0.09963,0.0582,0.03666,0.1629,0.07697,0.05331,0.01921,0.02353,0.04196,0.2148,0.2128,
2.121,0.165,0.09868,0.05822,0.03675,0.1625,0.07608,0.05346,0.01902,0.02387,0.04164,0.2159,0.2138,
2.127,0.1576,0.1012,0.05808,0.03679,0.1624,0.07471,0.05343,0.01901,0.02386,0.04497,0.2135,0.2119,
2.126,0.1624,0.1001,0.05812,0.03681,0.1629,0.07465,0.05339,0.019,0.02384,0.04493,0.2144,0.2118,
2.118,0.1727,0.09668,0.05818,0.03658,0.166,0.07373,0.05388,0.03106,0.01133,0.04495,0.2145,0.2131,
2.118,0.185,0.09636,0.05817,0.03638,0.1662,0.07374,0.05415,0.03079,0.01178,0.0445,0.2145,0.2134,
2.115,0.1963,0.09235,0.05848,0.0362,0.1694,0.07323,0.0541,0.03077,0.01203,0.0442,0.2154,0.2138,
2.115,0.1749,0.09176,0.05867,0.03629,0.1693,0.07327,0.05428,0.03064,0.01204,0.04423,0.2156,0.2139,
2.114,0.1497,0.09099,0.05854,0.03622,0.169,0.07305,0.05411,0.03055,0.01265,0.04345,0.2181,0.2133,
2.114,0.1529,0.09021,0.05882,0.0363,0.1693,0.07279,0.05412,0.03056,0.01287,0.04321,0.2182,0.2136,
2.116,0.1525,0.08983,0.05885,0.03638,0.169,0.07286,0.05417,0.03058,0.01473,0.0414,0.2184,0.2138,
2.118,0.1547,0.09098,0.05893,0.03651,0.169,0.0737,0.05341,0.0306,0.01518,0.04146,0.2181,0.2122,
2.121,0.1567,0.0906,0.0588,0.03657,0.1691,0.07374,0.05344,0.03081,0.01565,0.04239,0.2166,0.2123,
2.121,0.1654,0.09015,0.05877,0.0366,0.1688,0.07396,0.05313,0.03079,0.01638,0.04162,0.2176,0.2122,
2.117,0.1687,0.08964,0.05888,0.03662,0.1687,0.08486,0.04237,0.03105,0.01584,0.04286,0.2172,0.212,
2.116,0.1699,0.08893,0.05923,0.03669,0.1685,0.08449,0.04219,0.03102,0.01665,0.04199,0.218,0.2122,
2.124,0.2136,0.0917,0.05919,0.0367,0.1683,0.08413,0.04215,0.03099,0.01765,0.04387,0.216,0.2094,
2.124,0.199,0.09154,0.0591,0.0368,0.1677,0.0842,0.0422,0.03122,0.01796,0.04343,0.2163,0.2096,
2.124,0.1887,0.09137,0.05899,0.03684,0.1674,0.08374,0.04217,0.03119,0.01861,0.04269,0.2171,0.2098,
2.126,0.1711,0.09032,0.05888,0.03669,0.1667,0.08402,0.04197,0.03121,0.01862,0.04515,0.2159,0.2105,
2.126,0.1741,0.09002,0.05878,0.0367,0.1666,0.08341,0.04194,0.03129,0.01958,0.04403,0.2168,0.2108,
2.127,0.1681,0.08958,0.05877,0.03682,0.1665,0.08347,0.04196,0.03131,0.02117,0.04248,0.217,0.211,
2.126,0.1761,0.08797,0.0588,0.03657,0.1666,0.08349,0.04224,0.03105,0.02147,0.0422,0.2181,0.2115,
2.107,0.193,0.08763,0.05893,0.03659,0.1663,0.1012,0.02463,0.03107,0.02148,0.04223,0.2183,0.2117,
2.107,0.1739,0.08738,0.0588,0.03618,0.166,0.1014,0.02451,0.0311,0.02208,0.04168,0.2185,0.2124,
2.106,0.1732,0.08695,0.05868,0.03625,0.1658,0.1016,0.02423,0.03108,0.02247,0.04126,0.2194,0.2123,
2.108,0.1818,0.08806,0.05858,0.03634,0.1654,0.09948,0.02425,0.03111,0.02249,0.04279,0.2181,0.2134,
2.108,0.1862,0.08772,0.05858,0.03638,0.1652,0.09848,0.02436,0.03094,0.02442,0.0408,0.219,0.2141,
2.107,0.2085,0.08737,0.0586,0.03613,0.1648,0.09857,0.02439,0.03097,0.02493,0.04035,0.2192,0.2147,
2.115,0.1891,0.0902,0.05863,0.03622,0.1644,0.0978,0.02453,0.03091,0.0253,0.04296,0.2167,0.2124,
2.123,0.188,0.09118,0.05884,0.03626,0.1645,0.09753,0.02455,0.03118,0.02631,0.04598,0.2126,0.2111,
2.123,0.1738,0.0903,0.0589,0.03636,0.1647,0.09783,0.02448,0.03125,0.02642,0.04575,0.2127,0.2113,
2.12,0.1824,0.08686,0.05912,0.03642,0.1677,0.09653,0.02448,0.03126,0.02642,0.04576,0.2128,0.2127,
2.119,0.2019,0.08609,0.05951,0.03601,0.1671,0.09635,0.02444,0.0312,0.02686,0.04519,0.2145,0.2127,
2.123,0.1855,0.08743,0.05945,0.03615,0.1669,0.09641,0.0246,0.03107,0.02701,0.04668,0.213,0.2112,
2.124,0.1872,0.08692,0.05932,0.03622,0.1672,0.09645,0.02461,0.03131,0.02767,0.04689,0.2121,0.2113,
2.124,0.1775,0.08593,0.05921,0.03631,0.1681,0.09602,0.02461,0.03145,0.02877,0.04566,0.2121,0.2118,
2.123,0.1767,0.08514,0.05946,0.03637,0.1675,0.09585,0.02453,0.03132,0.02906,0.04537,0.2132,0.2122,
2.124,0.1854,0.08466,0.05954,0.0365,0.1676,0.09534,0.02454,0.03168,0.02952,0.04499,0.2128,0.2128,
2.124,0.1767,0.0842,0.05953,0.03653,0.1669,0.09532,0.02467,0.03155,0.03157,0.04295,0.2139,0.2128,
2.124,0.1832,0.08372,0.05968,0.03663,0.1669,0.09508,0.02468,0.0317,0.03185,0.04256,0.214,0.2132,
2.123,0.1868,0.0834,0.05978,0.03673,0.1664,0.09472,0.02456,0.03203,0.03182,0.04235,0.2142,0.2139,
2.126,0.1785,0.08518,0.06005,0.03671,0.1662,0.09362,0.02467,0.03184,0.03217,0.04303,0.2149,0.2116,
2.125,0.1668,0.08466,0.05997,0.03674,0.1661,0.09264,0.02465,0.03182,0.03254,0.0426,0.2158,0.2124,
2.124,0.1947,0.08444,0.06002,0.03679,0.1659,0.09124,0.02467,0.03183,0.03296,0.04222,0.216,0.214,
2.123,0.2064,0.08419,0.0599,0.0369,0.1657,0.09069,0.02464,0.03181,0.0332,0.04192,0.2169,0.2142,
2.129,0.2076,0.08822,0.05979,0.03698,0.1658,0.09027,0.02495,0.03153,0.03349,0.04324,0.2154,0.2103,
2.127,0.19,0.08781,0.05968,0.03648,0.1653,0.08977,0.02508,0.03139,0.03437,0.04234,0.2164,0.2113,
2.126,0.1883,0.08715,0.0597,0.03652,0.1654,0.08856,0.02519,0.03123,0.03447,0.04244,0.2171,0.2122,
2.121,0.1815,0.08634,0.05949,0.03647,0.1648,0.08584,0.02508,0.03132,0.03566,0.04073,0.2206,0.2137,
2.12,0.1771,0.08608,0.05925,0.03614,0.1648,0.0855,0.02509,0.03133,0.03733,0.0391,0.2207,0.2147,
2.119,0.1782,0.08571,0.0589,0.03621,0.1647,0.08545,0.02521,0.03118,0.03817,0.03822,0.2217,0.2146,
2.129,0.1769,0.08791,0.05889,0.03628,0.1651,0.08513,0.02523,0.03164,0.03825,0.04192,0.2176,0.212,
2.128,0.1663,0.08741,0.05893,0.03645,0.1652,0.08459,0.0255,0.03138,0.03929,0.04091,0.2177,0.2127,
2.126,0.1702,0.08709,0.05904,0.03599,0.1651,0.08362,0.02551,0.03161,0.04134,0.03867,0.2178,0.2142,
2.126,0.175,0.08691,0.05906,0.03606,0.1651,0.08331,0.02551,0.03161,0.04211,0.03791,0.2178,0.2146,
2.129,0.173,0.0882,0.05891,0.03626,0.1652,0.08296,0.02552,0.03162,0.04238,0.0388,0.2168,0.2134,
2.137,0.1812,0.09358,0.05886,0.03637,0.1658,0.08307,0.03234,0.02467,0.04264,0.04062,0.2147,0.2073,
2.137,0.1875,0.09293,0.05878,0.03646,0.1655,0.08306,0.03234,0.02513,0.04244,0.04035,0.2158,0.2073,
2.137,0.1936,0.09277,0.05871,0.03656,0.1649,0.08275,0.03237,0.02529,0.04271,0.04003,0.216,0.2079,
2.136,0.1959,0.09228,0.05861,0.03665,0.1651,0.08252,0.03239,0.02543,0.04436,0.0383,0.2161,0.2083,
2.135,0.1822,0.09201,0.05849,0.03648,0.1648,0.08285,0.03229,0.02528,0.04412,0.03826,0.217,0.2084,
2.1,0.2199,0.09132,0.05862,0.03622,0.1647,0.105,0.02518,0.01036,0.04468,0.03746,0.2179,0.2086,
2.103,0.1973,0.09107,0.05859,0.03566,0.1645,0.1039,0.02516,0.01099,0.04873,0.03597,0.2156,0.2099,
2.102,0.1856,0.09077,0.05878,0.03569,0.1645,0.1041,0.02551,0.01051,0.04873,0.03598,0.2156,0.2099,
2.105,0.1917,0.09006,0.05873,0.03579,0.1644,0.104,0.0255,0.0105,0.04943,0.03692,0.2149,0.2098,
2.103,0.1984,0.0897,0.05859,0.03579,0.1643,0.1041,0.02548,0.01036,0.04967,0.03661,0.2158,0.2096,
2.102,0.1871,0.08897,0.05831,0.03579,0.1643,0.1034,0.02548,0.01076,0.04983,0.03604,0.2168,0.2103,
2.1,0.2037,0.08642,0.05812,0.03581,0.1664,0.1033,0.02546,0.01075,0.05081,0.035,0.2178,0.2101,
2.098,0.1948,0.08566,0.05823,0.03573,0.1657,0.103,0.02539,0.01096,0.05082,0.03451,0.2204,0.2095,
2.096,0.1938,0.08384,0.05806,0.03547,0.1671,0.1029,0.02528,0.01097,0.05108,0.03431,0.2206,0.2104,
2.097,0.1848,0.08349,0.058,0.03484,0.1669,0.1029,0.0253,0.01097,0.05148,0.03531,0.2195,0.2112,
2.101,0.2089,0.08287,0.05818,0.03482,0.1667,0.1021,0.02546,0.01099,0.05203,0.03763,0.2173,0.2119,
2.105,0.1929,0.08577,0.05825,0.03488,0.1667,0.1013,0.02547,0.01119,0.05186,0.03846,0.2166,0.2095,
2.104,0.1824,0.08527,0.05839,0.03492,0.1663,0.101,0.02533,0.01119,0.05227,0.038,0.2176,0.2098,
2.104,0.185,0.08515,0.05849,0.03496,0.1661,0.1,0.0255,0.01122,0.05244,0.03765,0.2176,0.2108,
2.103,0.1776,0.085,0.05825,0.0351,0.1658,0.09953,0.02548,0.01121,0.0524,0.03762,0.2186,0.2111,
2.102,0.178,0.08472,0.05829,0.03514,0.1657,0.09763,0.02546,0.01154,0.05238,0.03736,0.2187,0.2132,
2.106,0.1808,0.08641,0.05794,0.03534,0.1657,0.09695,0.02547,0.01168,0.05281,0.03875,0.2169,0.212,
2.106,0.2022,0.08591,0.05803,0.03542,0.1657,0.09701,0.02549,0.01191,0.05322,0.03817,0.2171,0.2121,
2.108,0.1895,0.08864,0.05812,0.03539,0.1653,0.09549,0.02543,0.01188,0.05484,0.03731,0.2178,0.2098,
2.106,0.1865,0.08783,0.05811,0.03549,0.1658,0.09374,0.0256,0.01172,0.05529,0.03688,0.2179,0.2117,
2.103,0.1936,0.08739,0.05804,0.03555,0.1656,0.09226,0.02541,0.01168,0.05525,0.03685,0.2188,0.2132,
2.103,0.1787,0.08702,0.05786,0.03563,0.1655,0.09219,0.02539,0.0118,0.05545,0.03645,0.2197,0.213,
2.108,0.1748,0.09093,0.05772,0.03533,0.1651,0.09131,0.02556,0.01157,0.05589,0.03801,0.2193,0.2093,
2.107,0.1935,0.09073,0.05767,0.03555,0.1645,0.08965,0.02558,0.01171,0.05581,0.03804,0.2195,0.2113,
2.112,0.1834,0.09539,0.05779,0.03504,0.1646,0.08836,0.02593,0.01128,0.05757,0.03912,0.2176,0.2073,
2.113,0.1868,0.09509,0.05776,0.03509,0.164,0.08705,0.02589,0.01119,0.0578,0.0403,0.2172,0.2086,
2.112,0.1774,0.09468,0.05788,0.03515,0.1638,0.08687,0.0258,0.0112,0.05806,0.04012,0.2173,0.2091,
2.111,0.1762,0.09385,0.05778,0.0352,0.1638,0.08605,0.02582,0.0112,0.05888,0.03935,0.2174,0.2107,
2.11,0.173,0.09418,0.05777,0.03532,0.1638,0.08307,0.02584,0.01121,0.05967,0.0397,0.2166,0.2128,
2.11,0.1722,0.09373,0.05773,0.0354,0.164,0.08323,0.02596,0.01111,0.05986,0.03942,0.2167,0.2129,
2.108,0.1801,0.09296,0.05775,0.03548,0.1641,0.08303,0.02598,0.01125,0.062,0.03723,0.2169,0.2134,
2.106,0.192,0.0926,0.0578,0.03556,0.1639,0.08098,0.02599,0.01136,0.0626,0.03658,0.217,0.2156,
2.103,0.18,0.09218,0.05773,0.03569,0.164,0.07875,0.02616,0.01121,0.06472,0.03451,0.2171,0.2179,
2.11,0.1779,0.0978,0.05787,0.03522,0.1636,0.07746,0.02615,0.0112,0.06644,0.03582,0.215,0.2134,
2.107,0.1965,0.09699,0.05782,0.03527,0.1638,0.07546,0.02613,0.01133,0.06626,0.03579,0.2159,0.2152,
2.107,0.1843,0.09663,0.0577,0.03543,0.163,0.07547,0.02613,0.01133,0.06626,0.03579,0.217,0.2152,
2.105,0.1809,0.09624,0.05775,0.03552,0.1625,0.07381,0.02616,0.01134,0.06634,0.03583,0.2173,0.2172,
2.103,0.2014,0.09518,0.05792,0.03573,0.1628,0.07262,0.02605,0.01135,0.06663,0.03561,0.2174,0.2187,
2.102,0.1804,0.09444,0.0579,0.03579,0.1631,0.07222,0.02603,0.01136,0.0668,0.0355,0.2176,0.2193,
2.106,0.1697,0.1019,0.05802,0.03587,0.1634,0.07097,0.03228,0.005312,0.06667,0.03918,0.214,0.2124,
2.113,0.1725,0.1027,0.05782,0.03618,0.1638,0.07063,0.03229,0.005315,0.06671,0.04317,0.2102,0.2111,
2.113,0.177,0.1022,0.05802,0.03629,0.1636,0.07081,0.03218,0.005318,0.06725,0.0427,0.2103,0.2113,
2.112,0.1722,0.09871,0.05821,0.03633,0.1665,0.07085,0.0322,0.005322,0.0677,0.04232,0.2105,0.2114,
2.111,0.1742,0.09789,0.05817,0.03641,0.1661,0.07059,0.03221,0.005323,0.06771,0.04233,0.2116,0.2117,
2.108,0.1743,0.09717,0.05827,0.03643,0.1654,0.06955,0.03203,0.005316,0.06788,0.04201,0.2134,0.2125,
2.107,0.1812,0.09652,0.05825,0.03648,0.1652,0.06875,0.03202,0.005447,0.06813,0.0416,0.2144,0.2132,
2.104,0.1813,0.09614,0.05814,0.03549,0.1648,0.06826,0.03201,0.005444,0.0681,0.04158,0.2154,0.2147,
2.104,0.1818,0.09581,0.05798,0.03564,0.1645,0.06821,0.03199,0.00544,0.06806,0.04155,0.2163,0.2145,
2.102,0.1977,0.09532,0.05788,0.03564,0.1639,0.06777,0.03181,0.005562,0.06781,0.04149,0.2182,0.2146,
2.101,0.1955,0.09482,0.05785,0.03566,0.1631,0.0674,0.03181,0.005802,0.06901,0.04008,0.2193,0.2151,
2.1,0.1769,0.09425,0.05762,0.03577,0.1628,0.06751,0.03187,0.005811,0.07012,0.03915,0.2197,0.2155,
2.098,0.1696,0.09384,0.05748,0.03578,0.1622,0.06713,0.03195,0.005668,0.07025,0.03884,0.2215,0.2154,
2.098,0.1769,0.09363,0.05756,0.03582,0.1618,0.06692,0.03183,0.006,0.07066,0.03818,0.2217,0.2159,
2.098,0.1732,0.09312,0.05765,0.03587,0.1618,0.06696,0.03185,0.006002,0.0707,0.0382,0.2218,0.2161,
2.096,0.1777,0.09213,0.0576,0.03544,0.162,0.06693,0.03197,0.005999,0.07142,0.0373,0.2228,0.2164,
2.1,0.1743,0.0939,0.05777,0.03549,0.1619,0.06713,0.03201,0.006091,0.07192,0.03803,0.2215,0.2143,
2.103,0.1702,0.09559,0.05759,0.0355,0.1622,0.06706,0.03198,0.006507,0.07191,0.03831,0.2216,0.2117,
2.103,0.1709,0.09549,0.05759,0.03564,0.1617,0.06684,0.032,0.006644,0.07258,0.03759,0.2218,0.2122,
2.105,0.1706,0.09758,0.05758,0.03568,0.1614,0.06626,0.03197,0.006638,0.07252,0.03818,0.2221,0.2101,
2.103,0.1837,0.09732,0.0576,0.03551,0.1612,0.06554,0.0319,0.006618,0.0729,0.03783,0.2222,0.2114,
2.105,0.1751,0.09877,0.05767,0.0356,0.1609,0.06513,0.03176,0.006615,0.07323,0.03832,0.2223,0.2097,
2.111,0.1764,0.09849,0.05757,0.03563,0.161,0.06516,0.03178,0.006884,0.07343,0.04147,0.2189,0.2098,
2.11,0.173,0.09732,0.05749,0.03543,0.1614,0.06512,0.03176,0.006879,0.07339,0.04145,0.2198,0.2099,
2.077,0.1862,0.09649,0.05771,0.03517,0.1614,0.08735,0.00885,0.006752,0.07345,0.04188,0.2196,0.2114,
2.076,0.1727,0.09568,0.05817,0.03519,0.1609,0.0873,0.008844,0.006853,0.07424,0.04093,0.2206,0.2112,
2.075,0.1747,0.09324,0.05849,0.03526,0.1623,0.08725,0.008839,0.006845,0.07459,0.04051,0.2216,0.2111,
2.074,0.1723,0.09299,0.05843,0.03534,0.1621,0.08678,0.008977,0.006716,0.07509,0.04007,0.2217,0.2118,
2.077,0.1861,0.09415,0.0586,0.03539,0.1623,0.0868,0.00898,0.006716,0.07551,0.04053,0.2209,0.21,
2.08,0.1808,0.09275,0.05882,0.03551,0.163,0.08584,0.008984,0.006718,0.07595,0.0434,0.2178,0.2112,
2.079,0.1839,0.09206,0.05908,0.03553,0.1626,0.08581,0.008981,0.006716,0.07827,0.04105,0.2188,0.2111,
2.076,0.1945,0.08915,0.05916,0.03559,0.1647,0.08575,0.00913,0.006553,0.07892,0.04032,0.2198,0.211,
2.075,0.188,0.08828,0.05944,0.03518,0.1646,0.08569,0.009123,0.006681,0.07873,0.04029,0.2207,0.2113,
2.077,0.1817,0.09049,0.05944,0.03529,0.1646,0.08555,0.00899,0.006681,0.0791,0.04049,0.2201,0.2093,
2.077,0.1836,0.09025,0.05966,0.03484,0.1644,0.08569,0.008868,0.006682,0.07985,0.04063,0.2193,0.2098,
2.075,0.1811,0.08939,0.05933,0.03486,0.1644,0.08528,0.008854,0.006802,0.08048,0.03966,0.2212,0.2098,
2.07,0.2091,0.08808,0.05908,0.03495,0.1652,0.08395,0.00878,0.006798,0.08347,0.03659,0.2221,0.2109,
2.068,0.1885,0.08808,0.059,0.035,0.165,0.08161,0.008784,0.0068,0.08379,0.03633,0.2222,0.2134,
2.066,0.1848,0.08788,0.05887,0.03511,0.1648,0.08011,0.009055,0.006716,0.0838,0.03622,0.2224,0.2151,
2.072,0.1949,0.09321,0.05878,0.03516,0.1644,0.07917,0.009048,0.006887,0.0864,0.0357,0.221,0.2103,
2.068,0.184,0.09029,0.0587,0.03525,0.1664,0.0786,0.008927,0.006895,0.08791,0.03436,0.2213,0.2114,
2.066,0.1743,0.08978,0.05869,0.0353,0.1657,0.0778,0.008927,0.006894,0.08859,0.03369,0.2224,0.2122,
2.075,0.1716,0.09393,0.05862,0.03535,0.1654,0.07746,0.008922,0.00689,0.08868,0.03718,0.2198,0.2078,
2.077,0.1685,0.09369,0.0584,0.03539,0.1646,0.07617,0.008922,0.00689,0.08882,0.03878,0.2192,0.2091,
2.075,0.1699,0.09344,0.05861,0.03546,0.1641,0.07456,0.008929,0.006984,0.08893,0.03857,0.2193,0.2111,
2.075,0.1658,0.09321,0.05853,0.03548,0.1639,0.07449,0.008921,0.007111,0.08896,0.03831,0.2202,0.2109,
2.072,0.1733,0.09287,0.0585,0.03529,0.1639,0.07347,0.008924,0.007113,0.08956,0.03775,0.2203,0.2123,
2.08,0.1828,0.09601,0.05851,0.03539,0.1637,0.07324,0.008929,0.007117,0.09066,0.03999,0.2171,0.2093,
2.087,0.1724,0.0952,0.05873,0.03495,0.1636,0.0722,0.008938,0.007124,0.09133,0.04551,0.2113,0.2112,
2.089,0.1711,0.09945,0.05881,0.03504,0.1632,0.07101,0.008943,0.007127,0.09217,0.04473,0.2114,0.2081,
2.088,0.1791,0.09924,0.0588,0.0351,0.1632,0.07114,0.008839,0.007129,0.09242,0.04453,0.2115,0.2081,
2.088,0.1828,0.09833,0.05889,0.03519,0.1636,0.07118,0.008844,0.007133,0.09247,0.04455,0.2116,0.2083,
2.085,0.1707,0.09763,0.05885,0.03517,0.1625,0.06989,0.008824,0.007117,0.09276,0.04396,0.2143,0.2089,
2.081,0.1893,0.09378,0.0588,0.03532,0.1653,0.06904,0.008657,0.007116,0.0932,0.04352,0.2154,0.2099,
2.079,0.1943,0.09337,0.0588,0.03538,0.1649,0.06849,0.008652,0.007111,0.0944,0.04223,0.2163,0.2103,
2.081,0.1801,0.09323,0.05887,0.03497,0.1645,0.06776,0.008657,0.007116,0.09497,0.04401,0.2142,0.2117,
2.083,0.1781,0.09505,0.0587,0.03504,0.1638,0.06716,0.008644,0.007299,0.09521,0.04487,0.2145,0.2097,
2.083,0.1727,0.09466,0.05873,0.03512,0.1637,0.0672,0.008648,0.007302,0.09582,0.04433,0.2146,0.2098,
2.081,0.1557,0.09238,0.05885,0.03518,0.1655,0.06646,0.008652,0.007438,0.09574,0.04436,0.2147,0.2107,
2.078,0.17,0.09176,0.05879,0.03533,0.1654,0.06652,0.00866,0.007444,0.09905,0.04119,0.2149,0.2109,
2.077,0.1589,0.09091,0.05864,0.03543,0.1646,0.06639,0.008848,0.007287,0.0996,0.04094,0.2154,0.2119,
2.083,0.1616,0.09022,0.05873,0.03526,0.1643,0.06647,0.008991,0.007541,0.1003,0.04341,0.2123,0.2125,
2.083,0.165,0.09094,0.05869,0.03528,0.1642,0.06652,0.008998,0.007547,0.1004,0.04344,0.2124,0.2115,
2.081,0.1652,0.09028,0.05877,0.03485,0.1636,0.06654,0.009012,0.007667,0.1011,0.04228,0.2143,0.2117,
2.083,0.1721,0.08997,0.05861,0.03503,0.1634,0.06624,0.009019,0.007806,0.1012,0.04354,0.2131,0.2122,
2.082,0.169,0.08966,0.05864,0.03464,0.1632,0.06627,0.009024,0.007811,0.1012,0.04357,0.2132,0.2127,
2.081,0.1718,0.08939,0.05876,0.03474,0.1627,0.06633,0.009032,0.007817,0.1025,0.0424,0.2134,0.2129,
2.08,0.1663,0.087,0.05872,0.03492,0.1642,0.06641,0.009042,0.007826,0.1026,0.04245,0.2136,0.2132,
2.08,0.1748,0.08605,0.05889,0.03509,0.1646,0.06643,0.009045,0.007935,0.1026,0.04246,0.2137,0.2132,
2.08,0.1608,0.08574,0.0589,0.03514,0.1639,0.06642,0.009042,0.008126,0.1025,0.04232,0.2147,0.2132,
2.086,0.1579,0.08909,0.05872,0.03513,0.1637,0.06631,0.009028,0.008113,0.1028,0.04407,0.2142,0.2088,
2.072,0.1533,0.08866,0.05895,0.03512,0.1634,0.07096,0.003777,0.008106,0.1032,0.04356,0.2151,0.2092,
2.072,0.1589,0.08836,0.0588,0.03538,0.1631,0.07112,0.003673,0.008358,0.103,0.04359,0.2153,0.2093,
2.071,0.1548,0.08803,0.05885,0.03504,0.1628,0.07062,0.003675,0.008363,0.1033,0.04336,0.2154,0.2105,
2.069,0.1835,0.08534,0.05918,0.03511,0.1645,0.07069,0.003812,0.008639,0.1044,0.04206,0.2156,0.2107,
2.073,0.1728,0.08409,0.05921,0.03517,0.1654,0.07072,0.003813,0.008749,0.1052,0.0444,0.2125,0.2108,
2.073,0.1557,0.08384,0.05917,0.0352,0.1652,0.07038,0.00381,0.008875,0.1052,0.04414,0.2134,0.2109,
2.072,0.1613,0.08341,0.05911,0.03525,0.1649,0.06984,0.003807,0.009002,0.1052,0.04389,0.2143,0.2112,
2.068,0.1658,0.08289,0.05933,0.03486,0.1649,0.06987,0.003809,0.00914,0.1082,0.0408,0.2144,0.2118,
2.065,0.1758,0.08047,0.05969,0.03489,0.1661,0.06948,0.00625,0.006959,0.1109,0.03777,0.2154,0.2121,
2.064,0.1783,0.07973,0.06003,0.03494,0.1658,0.06944,0.00638,0.006821,0.1112,0.03739,0.2164,0.2119,
2.067,0.1839,0.07949,0.06011,0.03497,0.1655,0.06948,0.006383,0.006959,0.1122,0.03836,0.2145,0.2121,
2.067,0.176,0.07921,0.06003,0.03507,0.1655,0.06951,0.006832,0.00673,0.1128,0.03757,0.2146,0.2122,
2.064,0.1673,0.07578,0.06001,0.03522,0.1679,0.06932,0.006841,0.006739,0.1139,0.03716,0.2144,0.2127,
2.063,0.1656,0.07534,0.05988,0.03479,0.1677,0.06879,0.006913,0.00664,0.1139,0.03784,0.2151,0.2131,
2.06,0.1685,0.07474,0.05987,0.03434,0.1674,0.06849,0.00691,0.006802,0.115,0.03647,0.2161,0.2138,
2.059,0.1675,0.07459,0.05992,0.03444,0.1674,0.06769,0.00691,0.006935,0.1154,0.03594,0.2161,0.2146,
2.054,0.1732,0.07116,0.05986,0.03421,0.1702,0.06668,0.006904,0.007063,0.1154,0.03569,0.217,0.2157,
2.05,0.1832,0.07081,0.05986,0.03427,0.1705,0.06607,0.006871,0.006929,0.1173,0.03384,0.217,0.2165,
2.053,0.1727,0.07415,0.05991,0.03432,0.1706,0.06486,0.006875,0.006934,0.1179,0.03398,0.2166,0.2139,
2.058,0.1839,0.07722,0.05983,0.03435,0.1703,0.06414,0.006871,0.007063,0.1181,0.0348,0.2163,0.2111,
2.058,0.1749,0.077,0.0596,0.03444,0.1703,0.06321,0.006876,0.007068,0.1192,0.03557,0.2146,0.2122,
2.06,0.1826,0.07673,0.05951,0.03371,0.1699,0.06127,0.006861,0.007265,0.1193,0.03891,0.2123,0.2143,
2.06,0.1783,0.07671,0.05939,0.03377,0.1698,0.06128,0.007006,0.007123,0.1199,0.03832,0.2123,0.2143,
2.058,0.1813,0.07519,0.05985,0.03379,0.1699,0.06127,0.007231,0.007177,0.1207,0.03725,0.2133,0.2143,
2.059,0.1853,0.07484,0.05986,0.03388,0.1695,0.06133,0.007238,0.007317,0.1207,0.03729,0.2136,0.2145,
2.059,0.1791,0.07482,0.05984,0.03394,0.1694,0.06148,0.007102,0.007824,0.1206,0.03685,0.2136,0.2145,
2.059,0.1868,0.07448,0.05984,0.03402,0.1695,0.06121,0.007105,0.007825,0.1209,0.0366,0.2137,0.2149,
2.057,0.1805,0.07416,0.05948,0.03415,0.1693,0.06066,0.007102,0.007814,0.1211,0.03628,0.2146,0.2153,
2.054,0.1795,0.0739,0.0594,0.03416,0.1691,0.05963,0.007096,0.007808,0.1214,0.03588,0.2155,0.2161,
2.057,0.1799,0.07326,0.05937,0.03421,0.1718,0.05926,0.007097,0.008142,0.1216,0.03669,0.2144,0.2142,
2.044,0.1861,0.07309,0.05943,0.03427,0.1714,0.06245,0.003435,0.00828,0.1239,0.03436,0.2145,0.2149,
2.044,0.1892,0.07303,0.0594,0.03442,0.1711,0.0622,0.003437,0.008597,0.1244,0.03359,0.2146,0.2152,
2.055,0.1697,0.07701,0.0593,0.0346,0.1709,0.06176,0.003608,0.008625,0.1242,0.03702,0.2112,0.2116,
2.054,0.1611,0.07628,0.05924,0.03472,0.1712,0.06101,0.003744,0.00863,0.1242,0.03704,0.2114,0.2125,
2.054,0.1674,0.07849,0.05912,0.0348,0.1714,0.06004,0.003746,0.008636,0.125,0.03632,0.2115,0.2109,
2.055,0.1805,0.07829,0.05923,0.03489,0.1714,0.06004,0.003746,0.008903,0.1247,0.03632,0.2115,0.2109,
2.052,0.1725,0.07787,0.05947,0.03498,0.1714,0.05811,0.003992,0.009162,0.1261,0.03449,0.2115,0.2129,
2.049,0.1925,0.07759,0.05938,0.03501,0.1709,0.05779,0.003779,0.009326,0.1265,0.03364,0.2132,0.2129,
2.046,0.19,0.07698,0.0593,0.03506,0.1714,0.05735,0.00378,0.009328,0.1278,0.03234,0.2133,0.2134,
2.054,0.1736,0.08201,0.05937,0.03512,0.1711,0.05602,0.003782,0.0101,0.1277,0.0335,0.2117,0.2096,
2.054,0.1725,0.08177,0.05948,0.03521,0.1708,0.0557,0.003658,0.01047,0.1274,0.03352,0.2119,0.2102,
2.057,0.1966,0.0813,0.05935,0.03535,0.1706,0.05589,0.003724,0.01171,0.1266,0.03305,0.2121,0.2104,
2.059,0.1855,0.08027,0.05898,0.03548,0.1709,0.05588,0.003723,0.01192,0.1264,0.03443,0.2117,0.2103,
2.057,0.1937,0.0798,0.0583,0.03564,0.1705,0.05591,0.003723,0.01192,0.1269,0.034,0.2129,0.2104,
2.056,0.1871,0.0792,0.05809,0.0357,0.1702,0.05548,0.003727,0.01213,0.1269,0.0339,0.2131,0.2116,
2.056,0.1866,0.07886,0.05809,0.03582,0.1701,0.05522,0.004017,0.01205,0.1272,0.03346,0.2132,0.212,
2.054,0.191,0.07878,0.05779,0.03586,0.1694,0.05421,0.004017,0.01226,0.1273,0.03323,0.2142,0.213,
2.054,0.1926,0.07852,0.05792,0.03592,0.169,0.05424,0.00402,0.01227,0.1277,0.03293,0.2144,0.2131,
2.062,0.185,0.08003,0.05776,0.03598,0.1685,0.05373,0.004178,0.01238,0.1279,0.03632,0.2116,0.2117,
2.061,0.2024,0.07963,0.05743,0.03605,0.1683,0.05371,0.004177,0.01275,0.1283,0.03551,0.2125,0.2116,
2.057,0.1766,0.07852,0.0569,0.03594,0.1686,0.05317,0.004173,0.01273,0.1285,0.03508,0.2145,0.2119,
2.055,0.184,0.07798,0.05645,0.036,0.1688,0.05292,0.003994,0.01275,0.1289,0.03485,0.2147,0.2126,
2.058,0.1854,0.07787,0.05635,0.03609,0.1679,0.0525,0.004,0.01299,0.13,0.03659,0.2124,0.2134,
2.057,0.175,0.07749,0.05656,0.03614,0.1676,0.05253,0.004137,0.01286,0.1311,0.03557,0.2125,0.2136,
2.095,0.1993,0.07729,0.05624,0.03567,0.1669,0.05254,0.004138,0.1065,0.03832,0.03473,0.2136,0.2141,
2.098,0.1982,0.0816,0.05626,0.03558,0.166,0.05205,0.004274,0.1065,0.03935,0.03359,0.2147,0.21,
2.099,0.1968,0.08095,0.05655,0.03524,0.1653,0.05212,0.004279,0.1068,0.04043,0.03336,0.2141,0.2108,
2.098,0.2045,0.08009,0.05688,0.0353,0.1647,0.05213,0.004414,0.1069,0.0416,0.03195,0.2152,0.2108,
2.101,0.1974,0.07984,0.05679,0.03538,0.1642,0.05218,0.004554,0.1072,0.04132,0.03314,0.2143,0.2111,
2.102,0.1946,0.07879,0.05633,0.03548,0.1646,0.05238,0.004484,0.1074,0.04131,0.03482,0.2134,0.2111,
2.101,0.1904,0.07806,0.05634,0.03555,0.1644,0.05174,0.004618,0.1074,0.04131,0.03454,0.2144,0.2116,
2.1,0.2147,0.07797,0.05634,0.03565,0.1641,0.05137,0.00462,0.1081,0.04148,0.03382,0.2145,0.2121,
2.099,0.2185,0.07745,0.05616,0.03565,0.164,0.05084,0.004764,0.1079,0.04174,0.03354,0.2155,0.2125,
2.1,0.2038,0.07706,0.05599,0.03562,0.1637,0.05088,0.004728,0.1079,0.04157,0.03515,0.2153,0.2121,
2.1,0.2152,0.07675,0.05613,0.03568,0.1633,0.05052,0.004865,0.1081,0.04136,0.03518,0.2154,0.2127,
2.1,0.1991,0.07673,0.05608,0.03577,0.1631,0.05014,0.004867,0.1081,0.0416,0.03496,0.2155,0.2131,
2.104,0.1951,0.07605,0.05626,0.03591,0.1629,0.05019,0.005006,0.1082,0.04297,0.03573,0.2135,0.2133,
2.1,0.2182,0.0757,0.05628,0.036,0.1624,0.05164,0.003612,0.1083,0.04302,0.03576,0.2137,0.2135,
2.1,0.1869,0.07549,0.05606,0.03607,0.1621,0.05169,0.00375,0.1083,0.04334,0.03551,0.2139,0.2138,
2.1,0.1969,0.07537,0.05597,0.0362,0.1621,0.0517,0.003751,0.1083,0.04394,0.03493,0.214,0.2138,
2.098,0.1863,0.07471,0.05577,0.03626,0.1624,0.05082,0.003753,0.1086,0.04466,0.03405,0.2141,0.2149,
2.097,0.1884,0.07381,0.05582,0.03629,0.1628,0.05085,0.003756,0.1089,0.04448,0.03407,0.2143,0.215,
2.091,0.1895,0.068,0.05559,0.03631,0.1677,0.05077,0.00375,0.1087,0.04469,0.03373,0.2161,0.2147,
2.093,0.1696,0.06788,0.05549,0.0364,0.1675,0.05023,0.003898,0.1086,0.04471,0.03472,0.2152,0.2153,
2.099,0.1645,0.07318,0.05531,0.03644,0.1678,0.04916,0.003892,0.1085,0.04464,0.03606,0.2156,0.2095,
2.099,0.1788,0.07298,0.05531,0.03656,0.1677,0.04917,0.003893,0.1086,0.04452,0.03607,0.2156,0.2095,
2.101,0.1761,0.07241,0.05539,0.03661,0.1675,0.04922,0.003896,0.1087,0.04455,0.03729,0.2147,0.2097,
2.101,0.1759,0.07183,0.05536,0.03668,0.1673,0.04927,0.0039,0.1088,0.04491,0.03703,0.2149,0.21,
2.103,0.1794,0.07145,0.05535,0.0367,0.1667,0.04926,0.004069,0.1086,0.04585,0.03776,0.2142,0.2099,
2.104,0.1874,0.07122,0.05526,0.0368,0.1662,0.04896,0.004779,0.1083,0.04768,0.03582,0.2145,0.2105,
2.102,0.181,0.07066,0.05522,0.03687,0.1665,0.05006,0.003969,0.1083,0.04832,0.03496,0.2146,0.2106,
2.102,0.1802,0.07062,0.05506,0.03697,0.1665,0.05007,0.004105,0.1084,0.04844,0.03467,0.2146,0.2106,
2.101,0.163,0.06984,0.05522,0.03692,0.1659,0.05,0.004234,0.1086,0.0481,0.03438,0.2165,0.2104,
2.161,0.1557,0.06916,0.05534,0.03691,0.1653,0.04992,0.04706,0.06559,0.04843,0.03588,0.2163,0.21,
2.163,0.164,0.06904,0.05537,0.03661,0.1649,0.04996,0.04797,0.06476,0.04913,0.0363,0.2154,0.2106,
2.162,0.1613,0.06868,0.05532,0.03673,0.1644,0.04962,0.04829,0.06526,0.04903,0.03579,0.2157,0.2112,
2.16,0.158,0.06788,0.0552,0.03685,0.1645,0.04914,0.04918,0.06529,0.04866,0.03533,0.2158,0.2122,
2.16,0.189,0.0675,0.0551,0.03692,0.1645,0.04929,0.0496,0.06481,0.04988,0.03415,0.2159,0.2124,
2.159,0.1547,0.06736,0.0549,0.03701,0.1639,0.04885,0.05025,0.0643,0.04994,0.03419,0.2162,0.2131,
2.158,0.1645,0.06692,0.0549,0.03696,0.1633,0.04877,0.05017,0.06419,0.04986,0.03414,0.218,0.2128,
2.156,0.1607,0.06663,0.05481,0.03646,0.1627,0.04877,0.05031,0.06473,0.04959,0.03373,0.219,0.2133,
2.156,0.1779,0.0662,0.05484,0.03655,0.1624,0.04894,0.05035,0.06479,0.05004,0.03322,0.2192,0.2135,
2.155,0.1825,0.06554,0.05476,0.03665,0.1627,0.04897,0.05054,0.06479,0.05051,0.03265,0.2193,0.2136,
2.156,0.1734,0.06457,0.0549,0.03673,0.1627,0.04931,0.05043,0.06472,0.0507,0.03346,0.2186,0.2138,
2.132,0.2149,0.06411,0.05474,0.03679,0.1623,0.0493,0.09328,0.02184,0.05092,0.03322,0.2197,0.2138,
2.132,0.2149,0.06367,0.05478,0.03638,0.1619,0.04879,0.0933,0.02146,0.05098,0.03462,0.2186,0.2155,
2.131,0.1632,0.06323,0.05478,0.03642,0.1615,0.0489,0.09326,0.02145,0.05195,0.03347,0.2196,0.2154,
2.13,0.1689,0.06251,0.05456,0.03658,0.1616,0.04896,0.09363,0.0212,0.05247,0.03304,0.2198,0.2157,
2.131,0.1659,0.06246,0.05455,0.03665,0.1615,0.04863,0.09368,0.02103,0.05288,0.03372,0.2188,0.2162,
2.126,0.1618,0.06208,0.0544,0.03625,0.161,0.0474,0.09353,0.02099,0.05446,0.032,0.2206,0.2173,
2.124,0.1628,0.06099,0.05459,0.03632,0.1616,0.04656,0.09355,0.021,0.05472,0.03176,0.2206,0.2182,
2.125,0.1621,0.06236,0.05441,0.03646,0.1616,0.04594,0.09325,0.02112,0.05706,0.03013,0.2207,0.217,
2.122,0.1569,0.06209,0.05413,0.03653,0.1612,0.04526,0.09309,0.02125,0.05882,0.0282,0.2217,0.2177,
2.124,0.1561,0.06516,0.05391,0.03653,0.1607,0.0444,0.09279,0.02124,0.05954,0.02813,0.2221,0.2155,
2.125,0.156,0.06503,0.05399,0.03664,0.1611,0.04415,0.09312,0.02098,0.05944,0.02869,0.2217,0.2151,
2.134,0.1684,0.06894,0.05388,0.03671,0.1614,0.04335,0.09317,0.0211,0.0598,0.03135,0.2187,0.2116,
2.133,0.1688,0.06889,0.05379,0.03685,0.1614,0.04308,0.09317,0.02096,0.06052,0.03063,0.2187,0.212,
2.131,0.1703,0.06857,0.05359,0.03662,0.1612,0.04318,0.09303,0.02086,0.06096,0.0301,0.2196,0.2123,
2.13,0.1967,0.06808,0.0535,0.03676,0.1614,0.04293,0.09316,0.0205,0.06123,0.02988,0.2197,0.213,
2.131,0.1706,0.06807,0.05349,0.03658,0.1609,0.04295,0.09322,0.02051,0.06161,0.03063,0.2187,0.2134,
2.13,0.1958,0.06778,0.05342,0.03669,0.1607,0.04269,0.0931,0.02051,0.06162,0.03063,0.2187,0.2141,
2.129,0.1774,0.06693,0.0534,0.03672,0.1612,0.04192,0.09286,0.02063,0.06142,0.03117,0.219,0.2147,
2.132,0.1734,0.06676,0.05338,0.03674,0.161,0.04201,0.09263,0.0206,0.0617,0.03244,0.2182,0.2145,
2.131,0.1727,0.06638,0.0534,0.03674,0.1609,0.04197,0.09255,0.0208,0.06143,0.03242,0.2191,0.2143,
2.131,0.1609,0.06631,0.05337,0.03685,0.1608,0.04165,0.09256,0.02067,0.06194,0.03268,0.2184,0.2148,
2.119,0.1682,0.06616,0.0531,0.03691,0.1607,0.04175,0.09902,0.01397,0.06264,0.0319,0.2193,0.2146,
2.104,0.1675,0.06587,0.05302,0.03693,0.1603,0.04179,0.1044,0.008213,0.06311,0.03122,0.221,0.2141,
2.1,0.1638,0.06277,0.05297,0.03667,0.1627,0.04149,0.1042,0.008386,0.06337,0.03071,0.2219,0.2148,
2.107,0.1689,0.06424,0.05298,0.0367,0.1615,0.04188,0.1038,0.008386,0.06338,0.03317,0.2206,0.2133,
2.107,0.1646,0.064,0.05303,0.03675,0.1615,0.04215,0.1036,0.008668,0.06335,0.03292,0.2207,0.2134,
2.107,0.1737,0.06359,0.05321,0.03687,0.1615,0.04213,0.1035,0.008536,0.0635,0.03279,0.2207,0.2137,
2.105,0.1798,0.06306,0.05298,0.03633,0.1609,0.04147,0.103,0.008982,0.06345,0.03297,0.2219,0.215,
2.104,0.1806,0.06277,0.05287,0.03642,0.1606,0.04164,0.1031,0.008827,0.06351,0.033,0.2221,0.2152,
2.112,0.182,0.06838,0.053,0.036,0.1603,0.04184,0.1025,0.009224,0.06333,0.03368,0.2221,0.2097,
2.112,0.1906,0.06782,0.05299,0.03605,0.16,0.04163,0.1021,0.009489,0.06303,0.03367,0.2231,0.2101,
2.111,0.1836,0.0675,0.0532,0.03555,0.1598,0.04236,0.1015,0.01003,0.06383,0.03236,0.2232,0.2107,
2.111,0.1773,0.06718,0.05319,0.03555,0.1595,0.04205,0.1014,0.01029,0.06352,0.03234,0.2241,0.2109,
2.109,0.1605,0.06686,0.05305,0.03564,0.1594,0.04242,0.1009,0.01042,0.06599,0.02965,0.225,0.2107,
2.109,0.1576,0.06635,0.053,0.03573,0.1594,0.04189,0.1009,0.01042,0.0667,0.03008,0.2241,0.2113,
2.13,0.1777,0.06322,0.05298,0.03584,0.1624,0.0766,0.06639,0.01042,0.06658,0.03633,0.2179,0.2114,
2.13,0.1532,0.06296,0.05294,0.03592,0.1623,0.07616,0.06642,0.01079,0.06661,0.03598,0.218,0.212,
2.135,0.1494,0.06281,0.05275,0.03603,0.1619,0.07637,0.0661,0.01091,0.06642,0.03878,0.2161,0.2118,
2.133,0.1508,0.06187,0.05279,0.03606,0.1623,0.07597,0.06591,0.0109,0.06637,0.03874,0.217,0.2121,
2.129,0.1505,0.06167,0.05281,0.03617,0.1622,0.0907,0.05134,0.01098,0.06669,0.03895,0.2163,0.2121,
2.127,0.1581,0.06127,0.05259,0.03627,0.1619,0.09051,0.05098,0.01117,0.06727,0.03796,0.218,0.212,
2.123,0.1536,0.05858,0.05258,0.03601,0.1644,0.08985,0.05072,0.01142,0.06733,0.03768,0.2181,0.2134,
2.111,0.173,0.05832,0.05249,0.03603,0.1634,0.08846,0.0558,0.006124,0.06774,0.03713,0.22,0.2145,
2.118,0.1684,0.06128,0.05271,0.0361,0.1635,0.08847,0.05581,0.00626,0.06841,0.03799,0.2184,0.2111,
2.117,0.1625,0.06074,0.05266,0.03614,0.1634,0.08794,0.05551,0.00665,0.06863,0.03731,0.2194,0.2117,
2.114,0.177,0.0606,0.05255,0.03612,0.163,0.08497,0.05523,0.006993,0.06874,0.03676,0.2203,0.2147,
2.111,0.1738,0.06048,0.05249,0.03616,0.1628,0.08335,0.05505,0.006986,0.06881,0.03659,0.2212,0.2161,
2.114,0.1742,0.0632,0.05243,0.03625,0.1623,0.08106,0.055,0.007225,0.06912,0.03668,0.2214,0.2153,
2.117,0.1749,0.06456,0.05244,0.03634,0.1625,0.08007,0.05488,0.00736,0.069,0.03771,0.2204,0.2147,
2.113,0.1661,0.06387,0.0524,0.03638,0.1625,0.0774,0.05485,0.007355,0.06896,0.03769,0.2214,0.2172,
2.117,0.1787,0.06609,0.05228,0.03654,0.1622,0.07655,0.0549,0.007991,0.06869,0.03802,0.2211,0.2157,
2.116,0.1646,0.06576,0.05228,0.03661,0.162,0.07578,0.05454,0.008104,0.06903,0.03764,0.2212,0.2171,
2.115,0.1586,0.06555,0.0522,0.03672,0.162,0.07556,0.05428,0.008106,0.06947,0.03723,0.2213,0.2176,
2.127,0.1591,0.07298,0.052,0.03671,0.1618,0.07489,0.05441,0.007821,0.06944,0.04063,0.2188,0.2104,
2.125,0.1612,0.07233,0.05189,0.03678,0.1619,0.07441,0.05418,0.007859,0.0695,0.04031,0.2198,0.2111,
2.134,0.1731,0.07202,0.05194,0.03688,0.1617,0.07405,0.05424,0.008138,0.06933,0.04527,0.2147,0.2117,
2.138,0.1659,0.07123,0.05187,0.03682,0.1617,0.07391,0.05414,0.009026,0.06886,0.0478,0.2133,0.2113,
2.139,0.1669,0.07065,0.05193,0.03686,0.1619,0.07285,0.05417,0.00903,0.06924,0.04898,0.2119,0.2125,
2.138,0.1661,0.07049,0.05205,0.03697,0.1614,0.07195,0.05434,0.009034,0.07015,0.04801,0.212,0.2136,
2.137,0.1597,0.06993,0.05211,0.03705,0.1616,0.07106,0.05422,0.009366,0.06984,0.04802,0.2121,0.2147,
2.135,0.1597,0.06969,0.05231,0.03623,0.1614,0.0708,0.05423,0.009368,0.07098,0.04691,0.2121,0.2159,
2.096,0.1845,0.06949,0.05235,0.03632,0.1613,0.1094,0.01573,0.009185,0.07079,0.04692,0.2122,0.2163,
2.096,0.1792,0.06934,0.0523,0.03649,0.161,0.1091,0.01587,0.009323,0.07243,0.04507,0.2123,0.2167,
2.095,0.1608,0.06895,0.05218,0.03659,0.1605,0.1088,0.01587,0.009533,0.07219,0.04505,0.2133,0.217,
2.097,0.1559,0.0697,0.05227,0.03621,0.16,0.1082,0.01586,0.009928,0.07298,0.04477,0.2133,0.2168,
2.095,0.1549,0.06914,0.05213,0.03623,0.1595,0.1076,0.01584,0.009913,0.07296,0.04448,0.2151,0.2171,
2.093,0.1485,0.06898,0.052,0.03627,0.1593,0.1064,0.01558,0.01017,0.07317,0.0439,0.216,0.2182,
2.089,0.1556,0.06878,0.05185,0.03612,0.1591,0.1042,0.01532,0.01031,0.07418,0.04282,0.2161,0.2213,
2.095,0.168,0.06843,0.05181,0.03586,0.1581,0.101,0.01517,0.01628,0.06811,0.04276,0.218,0.2245,
2.094,0.1751,0.06808,0.05168,0.03598,0.1581,0.1007,0.01542,0.01618,0.07003,0.04077,0.2181,0.225,
2.092,0.1689,0.06743,0.0516,0.03601,0.158,0.09922,0.01555,0.01639,0.06977,0.04062,0.2191,0.2263,
2.094,0.1796,0.06875,0.05155,0.03596,0.1578,0.09779,0.01854,0.01375,0.06925,0.0413,0.22,0.2253,
2.093,0.1778,0.06842,0.05149,0.03601,0.1575,0.09629,0.01852,0.01439,0.06855,0.04128,0.221,0.2266,
2.091,0.1894,0.0675,0.0517,0.03606,0.1579,0.09453,0.0185,0.01466,0.06831,0.04129,0.2211,0.2285,
2.101,0.221,0.06722,0.05163,0.03552,0.1575,0.09351,0.01849,0.05745,0.02548,0.04127,0.222,0.2299,
2.1,0.2176,0.06691,0.05162,0.03562,0.1572,0.09277,0.0185,0.05798,0.02623,0.04008,0.2222,0.2309,
2.107,0.2303,0.07156,0.05179,0.03566,0.1573,0.0913,0.01848,0.05867,0.02589,0.0414,0.2207,0.2272,
2.106,0.2095,0.07136,0.05169,0.03575,0.1568,0.09084,0.01857,0.05853,0.02587,0.04137,0.2217,0.2275,
2.106,0.2059,0.07123,0.05164,0.03594,0.1563,0.09091,0.01858,0.05884,0.02596,0.04107,0.2219,0.2277,
2.104,0.205,0.07067,0.05157,0.03607,0.1565,0.08855,0.01859,0.05922,0.02588,0.04082,0.222,0.2302,
2.103,0.2227,0.07028,0.05152,0.03624,0.1566,0.08801,0.0186,0.05936,0.02691,0.03967,0.222,0.2308,
2.103,0.2428,0.07019,0.05151,0.03634,0.1559,0.08729,0.01861,0.05969,0.02767,0.03871,0.2222,0.2318,
2.1,0.2315,0.06967,0.05106,0.03605,0.1561,0.08571,0.01885,0.05966,0.02756,0.03875,0.2224,0.2342,
2.098,0.2251,0.0688,0.05106,0.03613,0.1553,0.08436,0.0189,0.0595,0.02906,0.03718,0.2244,0.2353,
2.103,0.2274,0.07216,0.05115,0.03617,0.155,0.08432,0.01889,0.05947,0.02905,0.0378,0.2248,0.2312,
2.1,0.221,0.07171,0.05116,0.0358,0.1547,0.08322,0.01897,0.0597,0.02894,0.03754,0.2258,0.2325,
2.11,0.2177,0.07502,0.05133,0.03555,0.1547,0.08294,0.01897,0.05971,0.0298,0.04004,0.2225,0.2295,
2.116,0.2107,0.07716,0.05151,0.03567,0.154,0.08304,0.0191,0.05967,0.03096,0.04093,0.2208,0.2272,
2.113,0.2137,0.07524,0.05146,0.03565,0.1549,0.08211,0.01907,0.05977,0.03129,0.04028,0.2226,0.2277,
2.119,0.2106,0.0774,0.05159,0.03575,0.1556,0.08183,0.01897,0.06007,0.03353,0.03957,0.221,0.2247,
2.121,0.2135,0.07979,0.05137,0.03581,0.1561,0.08038,0.0191,0.06019,0.03399,0.0392,0.2217,0.2224,
2.119,0.2346,0.07913,0.05123,0.03562,0.1561,0.07965,0.01899,0.06025,0.0343,0.03897,0.2219,0.2238,
2.129,0.2156,0.07971,0.05121,0.03567,0.1573,0.07828,0.01898,0.06025,0.03534,0.04385,0.217,0.2223,
2.127,0.1778,0.07923,0.05103,0.03575,0.1573,0.07728,0.01897,0.0604,0.03578,0.04317,0.218,0.2231,
2.126,0.1796,0.07926,0.05104,0.03583,0.1567,0.07652,0.01898,0.06044,0.03672,0.04229,0.2181,0.2241,
2.126,0.1851,0.07903,0.05119,0.03597,0.1559,0.07606,0.01887,0.06064,0.03786,0.04109,0.2183,0.225,
2.125,0.1942,0.07883,0.05089,0.03617,0.1559,0.07585,0.01861,0.06067,0.0384,0.04058,0.2184,0.2256,
2.128,0.2283,0.07839,0.05087,0.03592,0.156,0.0752,0.05616,0.02331,0.03955,0.03927,0.2185,0.2269,
2.133,0.2314,0.08365,0.0508,0.03606,0.1557,0.07466,0.05608,0.02352,0.03932,0.03965,0.2184,0.2222,
2.132,0.2073,0.08334,0.05064,0.03563,0.1557,0.07484,0.05611,0.02339,0.03958,0.03943,0.2185,0.2229,
2.136,0.1893,0.08425,0.05049,0.03569,0.1553,0.07407,0.05686,0.02265,0.03989,0.04187,0.2168,0.2221,
2.134,0.2053,0.08323,0.05045,0.03568,0.1551,0.07397,0.05733,0.02207,0.04062,0.04103,0.2187,0.2218,
2.136,0.2104,0.08297,0.05034,0.0357,0.1549,0.07391,0.05742,0.02837,0.03532,0.03982,0.2196,0.2216,
2.14,0.2128,0.08494,0.05032,0.03584,0.1579,0.07297,0.05744,0.02849,0.03523,0.04096,0.2186,0.2174,
2.138,0.2246,0.08385,0.05031,0.03545,0.1578,0.07315,0.05731,0.02847,0.03557,0.04044,0.2195,0.2181,
2.137,0.1562,0.08359,0.05028,0.03556,0.1577,0.07242,0.05721,0.02899,0.03508,0.04045,0.2196,0.2191,
2.134,0.1511,0.08263,0.05008,0.03566,0.1573,0.07086,0.05714,0.02882,0.03535,0.0401,0.2216,0.2205,
2.133,0.1564,0.0826,0.05002,0.03575,0.1568,0.07089,0.05693,0.02884,0.03603,0.03947,0.2217,0.2209,
2.142,0.1552,0.08581,0.04989,0.03584,0.1574,0.07143,0.05648,0.029,0.03657,0.04206,0.2187,0.2168,
2.151,0.1558,0.08941,0.04994,0.03586,0.1571,0.07121,0.05661,0.02873,0.03731,0.04478,0.2163,0.2128,
2.15,0.157,0.08895,0.04984,0.0359,0.1568,0.07083,0.05659,0.02871,0.03771,0.04435,0.2173,0.213,
2.154,0.1549,0.09218,0.04977,0.036,0.1569,0.06997,0.05662,0.02873,0.03798,0.04539,0.2161,0.2103,
2.154,0.1675,0.09149,0.04972,0.03598,0.1566,0.06944,0.05652,0.02868,0.03791,0.04671,0.2165,0.2104,
2.154,0.1605,0.09098,0.04982,0.03605,0.1566,0.06961,0.05658,0.02881,0.03789,0.04652,0.2167,0.2105,
2.154,0.1572,0.09053,0.04986,0.03609,0.1565,0.06877,0.05676,0.02865,0.03809,0.04711,0.2164,0.2113,
2.153,0.1572,0.08976,0.04975,0.03615,0.1562,0.06879,0.05654,0.02861,0.03831,0.04675,0.2182,0.2109,
2.152,0.1585,0.08953,0.04975,0.03619,0.1562,0.06787,0.05655,0.02886,0.0401,0.04474,0.2183,0.2119,
2.151,0.1652,0.08909,0.04965,0.03627,0.1561,0.06808,0.05624,0.02884,0.0407,0.04406,0.2192,0.2117,
2.151,0.1694,0.08882,0.04961,0.03639,0.1562,0.06823,0.05626,0.02871,0.04071,0.04407,0.2192,0.2118,
2.15,0.1866,0.08791,0.04979,0.03646,0.1562,0.08098,0.04356,0.02856,0.04175,0.04572,0.2175,0.2116,
2.143,0.1807,0.08777,0.04979,0.03646,0.1558,0.08117,0.05203,0.02037,0.0411,0.04568,0.2184,0.2115,
2.142,0.1903,0.08741,0.04985,0.03655,0.1557,0.08009,0.05206,0.02056,0.04117,0.04547,0.2185,0.2127,
2.15,0.17,0.08968,0.04987,0.03666,0.1555,0.08114,0.05091,0.02054,0.04346,0.04737,0.2151,0.2098,
2.153,0.1787,0.08959,0.04986,0.03669,0.1548,0.08109,0.05063,0.02037,0.04405,0.04944,0.2134,0.2101,
2.153,0.1828,0.08944,0.0498,0.03672,0.1545,0.08022,0.05031,0.02032,0.04537,0.04857,0.2137,0.211,
2.153,0.1747,0.08897,0.04992,0.03686,0.1543,0.08027,0.05035,0.02033,0.04661,0.04739,0.2139,0.2112,
2.156,0.1855,0.09026,0.05009,0.03674,0.1541,0.07881,0.0505,0.02074,0.04646,0.04952,0.2115,0.2113,
2.158,0.1861,0.09173,0.05023,0.03676,0.1535,0.07805,0.05072,0.02115,0.04593,0.0496,0.213,0.2093,
2.157,0.1756,0.09153,0.05023,0.03633,0.1531,0.0771,0.05062,0.0213,0.04622,0.05033,0.212,0.2113,
2.14,0.1829,0.08713,0.05026,0.03638,0.1567,0.09627,0.03138,0.02156,0.04622,0.05001,0.2129,0.2112,
2.141,0.1749,0.08866,0.05017,0.03658,0.1557,0.09443,0.03142,0.02185,0.04602,0.05046,0.2127,0.212,
2.142,0.1944,0.08851,0.05027,0.03622,0.1554,0.09486,0.03127,0.04422,0.02394,0.04997,0.2128,0.2125,
2.148,0.2216,0.09182,0.05018,0.03627,0.1552,0.09506,0.03099,0.04419,0.02583,0.0499,0.2118,0.2089,
2.148,0.2067,0.09116,0.05014,0.03639,0.1554,0.09319,0.03138,0.04382,0.0263,0.05024,0.2111,0.2109,
2.148,0.2022,0.09075,0.04999,0.03649,0.1558,0.09281,0.03139,0.0441,0.02733,0.04895,0.2111,0.2113,
2.145,0.2172,0.09033,0.04978,0.03647,0.1549,0.09112,0.03146,0.04419,0.02704,0.04869,0.2138,0.2122,
2.146,0.2285,0.08996,0.05014,0.03652,0.1547,0.09128,0.03147,0.0446,0.02837,0.04687,0.2138,0.2123,
2.145,0.1855,0.08961,0.05009,0.03653,0.1544,0.09091,0.03163,0.04464,0.02826,0.04689,0.2141,0.213,
2.154,0.1886,0.09352,0.05019,0.03657,0.1539,0.091,0.03166,0.04468,0.02919,0.04939,0.2109,0.209,
2.156,0.1913,0.09302,0.05045,0.03663,0.1535,0.09078,0.03169,0.04472,0.03246,0.04619,0.2111,0.2094,
2.154,0.21,0.09242,0.05037,0.0367,0.1533,0.0907,0.0315,0.04444,0.03245,0.04616,0.2121,0.2099,
2.153,0.2136,0.09174,0.05035,0.03667,0.1532,0.09066,0.03131,0.04461,0.03301,0.04521,0.2138,0.2095,
2.153,0.2083,0.09107,0.05035,0.03669,0.153,0.09062,0.03143,0.04456,0.0362,0.04188,0.2148,0.2094,
2.153,0.2025,0.09046,0.05037,0.03675,0.1527,0.09042,0.03779,0.03839,0.03674,0.04098,0.2158,0.2096,
2.152,0.2052,0.08996,0.05029,0.03685,0.1524,0.08981,0.03777,0.03837,0.03673,0.04096,0.2168,0.2101,
2.151,0.1871,0.0896,0.05045,0.03626,0.1522,0.08922,0.03805,0.03812,0.03767,0.04005,0.2169,0.2115,
2.15,0.1987,0.08946,0.05037,0.0363,0.152,0.0887,0.03838,0.03784,0.03821,0.0393,0.2177,0.2117,
2.149,0.1836,0.08906,0.05038,0.03636,0.1522,0.08845,0.03866,0.03759,0.03884,0.03868,0.2178,0.212,
2.159,0.2086,0.09297,0.05058,0.03638,0.1518,0.08803,0.03844,0.03771,0.03872,0.04264,0.2154,0.2073,
2.157,0.2072,0.09256,0.05057,0.03642,0.1515,0.08701,0.03864,0.03761,0.0388,0.04239,0.2163,0.2082,
2.16,0.2007,0.09189,0.05066,0.03643,0.1518,0.08581,0.03866,0.03763,0.03927,0.04474,0.2136,0.2095,
2.16,0.1703,0.09151,0.05071,0.03649,0.1518,0.08514,0.03867,0.03791,0.04046,0.04332,0.2137,0.2103,
2.159,0.182,0.09094,0.05089,0.03661,0.1518,0.08491,0.03857,0.04317,0.03546,0.0431,0.2138,0.2108,
2.143,0.1984,0.09063,0.05112,0.03669,0.1513,0.1024,0.03354,0.03062,0.03564,0.04273,0.2139,0.2113,
2.146,0.199,0.09194,0.05107,0.03685,0.1513,0.1022,0.03343,0.0312,0.03535,0.04384,0.2127,0.21,
2.149,0.1883,0.09091,0.0512,0.03693,0.1521,0.1012,0.03343,0.03107,0.03708,0.04474,0.2101,0.2112,
2.151,0.1987,0.09526,0.05124,0.0367,0.1523,0.09979,0.03358,0.03096,0.0371,0.04476,0.2102,0.208,
2.14,0.1985,0.09497,0.05119,0.03647,0.1517,0.1076,0.02576,0.03131,0.03647,0.04475,0.2113,0.2086,
2.141,0.1887,0.09438,0.05141,0.03655,0.1517,0.1076,0.02577,0.03132,0.03762,0.04363,0.2113,0.2086,
2.144,0.1994,0.09358,0.05157,0.03665,0.1518,0.1076,0.02579,0.03121,0.03764,0.04585,0.2093,0.209,
2.142,0.208,0.09296,0.05152,0.03643,0.1523,0.1069,0.02589,0.03109,0.0379,0.04551,0.2093,0.2102,
2.142,0.1894,0.09233,0.05142,0.0365,0.1524,0.1069,0.02578,0.03124,0.0378,0.04554,0.2095,0.2106,
2.141,0.1954,0.09115,0.05138,0.03661,0.1531,0.1068,0.02568,0.03126,0.03827,0.04513,0.2096,0.211,
2.142,0.1881,0.09314,0.0513,0.03676,0.1528,0.1057,0.02567,0.03138,0.03833,0.04488,0.2105,0.2096,
2.14,0.1895,0.09291,0.05122,0.03678,0.1528,0.1041,0.02554,0.03139,0.03895,0.04429,0.2106,0.2114,
2.138,0.201,0.08966,0.05139,0.03684,0.1554,0.1025,0.02545,0.03138,0.03962,0.04367,0.2108,0.2134,
2.137,0.2059,0.08853,0.05155,0.03692,0.1554,0.1019,0.02545,0.03155,0.04018,0.04292,0.2118,0.2138,
2.137,0.2035,0.08815,0.0516,0.03703,0.1551,0.1015,0.0256,0.03193,0.04001,0.04264,0.2119,0.2145,
2.138,0.1838,0.09016,0.0517,0.03711,0.1552,0.1005,0.02575,0.03223,0.04017,0.04211,0.212,0.213,
2.142,0.1823,0.09129,0.05133,0.03717,0.1546,0.09992,0.02593,0.03201,0.04228,0.04265,0.2113,0.2115,
2.141,0.178,0.09085,0.05169,0.03721,0.1545,0.09834,0.02594,0.03229,0.04227,0.04242,0.2114,0.2132,
2.141,0.1963,0.09037,0.0518,0.0373,0.1545,0.09781,0.02595,0.0323,0.0431,0.04162,0.2114,0.2138,
2.146,0.1847,0.09163,0.0517,0.03723,0.1544,0.09674,0.02587,0.03246,0.04347,0.04457,0.2101,0.2118,
2.148,0.1722,0.09516,0.05179,0.03731,0.1536,0.09509,0.02609,0.03238,0.04334,0.04457,0.2112,0.2095,
2.148,0.1728,0.09506,0.05171,0.03738,0.1533,0.09476,0.02597,0.03254,0.04324,0.0446,0.2113,0.2101,
2.141,0.1868,0.0925,0.05161,0.03715,0.155,0.09474,0.04134,0.01715,0.04424,0.04357,0.2123,0.2104,
2.141,0.192,0.0922,0.05149,0.03688,0.1547,0.09338,0.04132,0.01727,0.04432,0.04465,0.2119,0.2119,
2.137,0.1938,0.08874,0.05142,0.03694,0.1571,0.09172,0.04132,0.01727,0.04638,0.04259,0.213,0.2135,
2.136,0.2025,0.08853,0.0515,0.03706,0.1567,0.09012,0.04121,0.01728,0.04641,0.04262,0.2131,0.2155,
2.144,0.2055,0.08795,0.05161,0.03711,0.1578,0.08928,0.04126,0.02441,0.03923,0.04489,0.2112,0.2153,
2.139,0.2082,0.08713,0.05153,0.03668,0.1578,0.08714,0.04079,0.02437,0.04044,0.04352,0.2129,0.2178,
2.144,0.2103,0.08993,0.05157,0.03674,0.1577,0.08702,0.04071,0.02422,0.04215,0.04354,0.2112,0.2152,
2.147,0.2051,0.09309,0.0516,0.03681,0.1578,0.08623,0.04069,0.02452,0.04205,0.04373,0.2117,0.2118,
2.148,0.2095,0.09443,0.05164,0.03691,0.1577,0.08494,0.04097,0.02439,0.04249,0.04369,0.2113,0.2115,
2.148,0.2064,0.09541,0.05165,0.03671,0.1577,0.08496,0.04098,0.0244,0.04273,0.04347,0.2114,0.2106,
2.149,0.1933,0.09477,0.05191,0.03677,0.158,0.08497,0.04099,0.0244,0.04337,0.04283,0.2114,0.2106,
2.147,0.191,0.09432,0.05188,0.03683,0.1574,0.0846,0.04076,0.02449,0.04396,0.04197,0.2131,0.2107,
2.15,0.1994,0.09377,0.05205,0.03688,0.1571,0.08454,0.04074,0.02491,0.04404,0.04312,0.2124,0.2105,
2.149,0.2051,0.09314,0.05212,0.03698,0.1572,0.08392,0.0409,0.02491,0.04534,0.04173,0.2124,0.2113,
2.142,0.2257,0.09508,0.05215,0.03705,0.1572,0.08409,0.05241,0.01374,0.04529,0.0421,0.2118,0.2091,
2.141,0.214,0.09382,0.05242,0.03666,0.1573,0.08241,0.0522,0.01392,0.04546,0.04337,0.2111,0.2113,
2.14,0.2279,0.09287,0.05249,0.03675,0.1571,0.08149,0.05228,0.01394,0.04589,0.04307,0.2114,0.2127,
2.144,0.2068,0.09713,0.05251,0.03674,0.157,0.07853,0.05228,0.01425,0.04571,0.04469,0.2108,0.2104,
2.142,0.2185,0.09643,0.05228,0.03675,0.1563,0.07779,0.05224,0.01424,0.0465,0.04383,0.2127,0.2109,
2.139,0.1792,0.09593,0.05227,0.03681,0.1557,0.07502,0.05246,0.01413,0.04797,0.04251,0.2131,0.2141,
2.137,0.1823,0.09543,0.05195,0.03691,0.1555,0.07411,0.05245,0.01426,0.04923,0.0411,0.2141,0.215,
2.137,0.1722,0.09461,0.05206,0.03705,0.1552,0.07394,0.05265,0.01414,0.04961,0.04084,0.2144,0.2156,
2.136,0.1747,0.09415,0.05213,0.03721,0.1547,0.07318,0.05271,0.01429,0.05091,0.0395,0.2146,0.2166,
2.137,0.1772,0.09393,0.05228,0.03727,0.1543,0.07295,0.05274,0.01523,0.05061,0.03893,0.2147,0.2171,
2.136,0.1815,0.09352,0.05228,0.03739,0.1539,0.07253,0.05279,0.01538,0.05053,0.03896,0.215,0.2178,
2.135,0.17,0.09208,0.05241,0.03752,0.1542,0.07217,0.05278,0.01551,0.05052,0.03882,0.216,0.218,
2.144,0.1679,0.09693,0.05237,0.03764,0.1538,0.07187,0.05281,0.01565,0.05054,0.04146,0.2133,0.2135,
2.141,0.1763,0.09553,0.05222,0.03768,0.1541,0.07079,0.05275,0.01545,0.05061,0.04127,0.2152,0.2144,
2.138,0.1775,0.09491,0.05217,0.03744,0.1537,0.06956,0.05288,0.01543,0.0505,0.04126,0.2162,0.216,
2.135,0.1756,0.09392,0.0522,0.03741,0.1537,0.06765,0.05284,0.01542,0.0506,0.0411,0.2172,0.218,
2.141,0.1657,0.09675,0.0522,0.03755,0.1535,0.06756,0.05275,0.01561,0.05046,0.04311,0.2154,0.2151,
2.14,0.1767,0.0961,0.05211,0.03762,0.1537,0.06683,0.05303,0.01574,0.0506,0.04267,0.2155,0.2161,
2.146,0.1843,0.09894,0.05226,0.03775,0.1535,0.06728,0.05293,0.01548,0.05147,0.04417,0.2134,0.2129,
2.158,0.2324,0.09939,0.05221,0.0379,0.1531,0.06747,0.0532,0.03812,0.02943,0.04484,0.2122,0.2121,
2.142,0.2176,0.0988,0.05234,0.03792,0.1528,0.09221,0.02853,0.03796,0.03229,0.04195,0.2131,0.212,
2.141,0.2005,0.09833,0.05217,0.03798,0.1527,0.09228,0.02839,0.03867,0.03178,0.04169,0.2141,0.2119,
2.141,0.1959,0.098,0.05194,0.0381,0.1527,0.09195,0.02852,0.0387,0.03183,0.04158,0.2142,0.2125,
2.14,0.1953,0.0972,0.0519,0.03811,0.1528,0.09202,0.02852,0.03854,0.03211,0.04127,0.2152,0.2124,
2.141,0.2425,0.09521,0.05231,0.03783,0.1545,0.09085,0.02851,0.03883,0.03292,0.04183,0.2144,0.2128,
2.139,0.2389,0.09307,0.05214,0.03792,0.156,0.0908,0.02849,0.03895,0.03405,0.04052,0.2154,0.2127,
2.147,0.2178,0.09534,0.0521,0.03793,0.1558,0.09075,0.02847,0.03919,0.03517,0.04261,0.2128,0.2098,
2.148,0.239,0.09478,0.05251,0.03797,0.1557,0.09005,0.02835,0.03931,0.03682,0.04172,0.212,0.2108,
2.148,0.2282,0.09449,0.05263,0.03807,0.1557,0.09007,0.02836,0.03945,0.03683,0.0416,0.212,0.2108,
2.147,0.2163,0.0944,0.0527,0.03821,0.1547,0.08888,0.02835,0.03977,0.03763,0.04062,0.2123,0.2124,
2.148,0.1886,0.09621,0.05278,0.03824,0.1543,0.08839,0.02835,0.04008,0.03952,0.03841,0.2133,0.2104,
2.146,0.1947,0.09411,0.05284,0.03792,0.156,0.08739,0.02836,0.04023,0.04006,0.03776,0.2134,0.2119,
2.148,0.1936,0.09378,0.05279,0.03794,0.1556,0.08545,0.02834,0.04021,0.04072,0.03942,0.212,0.2137,
2.151,0.1849,0.09494,0.05268,0.03799,0.1554,0.08444,0.02832,0.04045,0.04073,0.04144,0.2106,0.213,
2.15,0.1897,0.09437,0.05276,0.03804,0.1556,0.08344,0.02835,0.04028,0.04155,0.04066,0.2107,0.2143,
2.149,0.1965,0.09412,0.05289,0.0381,0.1554,0.08239,0.02836,0.04054,0.04225,0.03974,0.2107,0.2155,
2.147,0.1926,0.09324,0.05302,0.03788,0.1556,0.0811,0.02852,0.04041,0.04228,0.03977,0.2109,0.2173,
2.147,0.1925,0.09494,0.0531,0.03798,0.1556,0.07908,0.02923,0.03981,0.04218,0.03977,0.2109,0.2174,
2.146,0.1904,0.09479,0.05308,0.03807,0.1555,0.07848,0.02913,0.03982,0.04462,0.03735,0.211,0.2182,
2.144,0.1918,0.09473,0.05312,0.03727,0.1555,0.07783,0.02913,0.03995,0.04563,0.03621,0.211,0.2196,
2.143,0.1798,0.09428,0.05326,0.03732,0.1557,0.07719,0.02927,0.03983,0.04594,0.03592,0.211,0.2203,
2.141,0.2027,0.09341,0.05321,0.0373,0.1551,0.0767,0.0293,0.0398,0.04563,0.03582,0.2136,0.2201,
2.147,0.1929,0.09865,0.05327,0.03745,0.1549,0.07537,0.02933,0.04028,0.04525,0.03738,0.2123,0.2158,
2.149,0.1954,0.104,0.05313,0.03754,0.1546,0.0739,0.02946,0.04014,0.04537,0.03724,0.2134,0.2113,
2.149,0.1853,0.1033,0.05325,0.03764,0.1542,0.07372,0.02978,0.04023,0.04512,0.03729,0.2137,0.2118,
2.149,0.1847,0.1027,0.0532,0.03769,0.1538,0.07372,0.02978,0.04022,0.04608,0.03633,0.2147,0.2118,
2.148,0.1812,0.1024,0.05318,0.03787,0.1531,0.07349,0.03027,0.03958,0.04636,0.03615,0.215,0.2126,
2.148,0.1925,0.1019,0.05325,0.038,0.1524,0.0736,0.03045,0.03961,0.04737,0.03515,0.2153,0.2129,
2.149,0.1918,0.1037,0.05317,0.03805,0.1519,0.07304,0.03042,0.03958,0.04758,0.03519,0.217,0.2104,
2.149,0.1903,0.1022,0.05321,0.03807,0.1522,0.07294,0.03019,0.03998,0.04765,0.03532,0.2172,0.211,
2.133,0.187,0.1012,0.05341,0.03817,0.1528,0.07283,0.05748,0.01274,0.04917,0.03363,0.2173,0.2113,
2.13,0.1903,0.09951,0.05336,0.0382,0.1529,0.07191,0.05743,0.01273,0.04944,0.03329,0.2182,0.2131,
2.13,0.1946,0.09867,0.05368,0.03829,0.1529,0.07102,0.0576,0.01284,0.04924,0.03331,0.2183,0.2141,
2.13,0.1838,0.09845,0.05378,0.03833,0.1528,0.07103,0.05762,0.01298,0.04962,0.03282,0.2184,0.2142,
2.132,0.1813,0.1007,0.0536,0.03841,0.1531,0.06962,0.05764,0.01298,0.04964,0.03413,0.2172,0.213,
2.132,0.1794,0.1004,0.05352,0.03847,0.153,0.06967,0.05748,0.01297,0.04999,0.03371,0.2181,0.2128,
2.141,0.1874,0.1026,0.05371,0.03823,0.1531,0.06884,0.05748,0.01334,0.05045,0.03793,0.2131,0.2112,
2.146,0.1746,0.102,0.05393,0.0383,0.1532,0.06888,0.05752,0.01353,0.05179,0.03907,0.2106,0.2113,
2.144,0.1799,0.1012,0.05391,0.03838,0.153,0.06791,0.05742,0.01353,0.05212,0.03871,0.2115,0.2122,
2.144,0.1727,0.1009,0.0541,0.03844,0.153,0.06805,0.0573,0.01371,0.05293,0.03772,0.2116,0.2123,
2.143,0.1759,0.1005,0.05415,0.03855,0.1523,0.06804,0.05742,0.01357,0.05369,0.03695,0.2126,0.2122,
2.143,0.1634,0.1,0.05392,0.03887,0.1521,0.06825,0.05722,0.01346,0.05388,0.03669,0.2135,0.2121,
2.142,0.1693,0.09932,0.05418,0.03892,0.1524,0.06777,0.05759,0.01345,0.05391,0.03632,0.2135,0.2126,
2.146,0.1718,0.09693,0.05407,0.03905,0.1545,0.06794,0.05763,0.01368,0.05386,0.03881,0.2108,0.2127,
2.145,0.1749,0.0961,0.05406,0.03912,0.1548,0.0681,0.05747,0.01368,0.05386,0.03881,0.2108,0.2131,
2.143,0.1746,0.09763,0.05419,0.03918,0.1552,0.06521,0.05734,0.01368,0.05387,0.03881,0.2109,0.2141,
2.139,0.2024,0.09749,0.05403,0.03926,0.1551,0.0727,0.04863,0.01368,0.05483,0.03789,0.211,0.2154,
2.138,0.1842,0.0973,0.05384,0.03927,0.1548,0.07266,0.0486,0.01368,0.05533,0.03733,0.2119,0.2153,
2.137,0.1806,0.09694,0.05402,0.03883,0.1546,0.0723,0.04876,0.01377,0.05555,0.03695,0.212,0.2163,
2.137,0.1716,0.09864,0.05394,0.03852,0.1542,0.07287,0.04829,0.0137,0.0564,0.03589,0.2129,0.2147,
2.138,0.1744,0.09826,0.05428,0.03856,0.1542,0.07287,0.04842,0.01404,0.05593,0.03589,0.2129,0.2147,
2.136,0.1766,0.0975,0.05427,0.03871,0.1545,0.0723,0.04831,0.01418,0.05684,0.03489,0.213,0.2155,
2.134,0.188,0.09703,0.05414,0.03877,0.1543,0.07151,0.0483,0.01402,0.05694,0.03474,0.2139,0.2163,
2.134,0.1793,0.09644,0.05417,0.03881,0.1546,0.07128,0.04818,0.01403,0.05719,0.03453,0.214,0.2167,
2.132,0.1798,0.09571,0.05417,0.03881,0.1549,0.07148,0.048,0.01388,0.05766,0.03397,0.2149,0.2165,
2.135,0.1789,0.09792,0.05404,0.03849,0.1548,0.07122,0.04769,0.01387,0.05795,0.03487,0.2145,0.2147,
2.142,0.174,0.09997,0.05401,0.03852,0.1547,0.07084,0.04777,0.01396,0.05813,0.03787,0.212,0.2122,
2.142,0.1641,0.09955,0.05414,0.03853,0.1548,0.07086,0.04779,0.0141,0.05878,0.03712,0.2121,0.2123,
2.156,0.1875,0.1006,0.05426,0.03862,0.1544,0.06985,0.0477,0.03321,0.03987,0.03703,0.2123,0.2121,
2.149,0.1991,0.09563,0.05439,0.03869,0.1588,0.07903,0.0386,0.03336,0.04079,0.03603,0.2124,0.2123,
2.143,0.1988,0.095,0.05413,0.03867,0.1578,0.07784,0.04536,0.02691,0.04274,0.03316,0.2159,0.2125,
2.141,0.1961,0.0943,0.05417,0.0383,0.1575,0.0777,0.04528,0.02699,0.04279,0.03284,0.2177,0.2125,
2.144,0.1903,0.09625,0.05427,0.03845,0.157,0.07729,0.04522,0.0272,0.04306,0.03315,0.2184,0.2097,
2.149,0.192,0.09301,0.05416,0.03855,0.1598,0.07761,0.04499,0.02758,0.04337,0.03649,0.2145,0.2099,
2.147,0.1973,0.09238,0.05404,0.03855,0.1596,0.07708,0.04505,0.02752,0.0434,0.03618,0.2163,0.2099,
2.149,0.1931,0.09156,0.05412,0.03861,0.16,0.07651,0.04494,0.02767,0.04352,0.03773,0.2146,0.2107,
2.148,0.2074,0.09095,0.0541,0.03868,0.1598,0.07672,0.04457,0.02782,0.04322,0.0374,0.2156,0.2112,
2.146,0.2018,0.09047,0.05394,0.0388,0.1597,0.07612,0.04427,0.0278,0.04533,0.03523,0.2165,0.2118,
2.148,0.1976,0.09131,0.05409,0.03881,0.1598,0.07497,0.04423,0.02778,0.04574,0.03652,0.2157,0.211,
2.146,0.2068,0.09058,0.05415,0.03881,0.1596,0.07396,0.04401,0.02812,0.04668,0.03504,0.2174,0.2116,
2.144,0.2006,0.09025,0.05411,0.03888,0.159,0.07291,0.04399,0.02859,0.04641,0.0348,0.2185,0.2126,
2.143,0.2343,0.0896,0.05414,0.03897,0.1593,0.07205,0.04401,0.02887,0.04615,0.03482,0.2185,0.2136,
2.142,0.2075,0.08922,0.05414,0.03903,0.1592,0.07074,0.04391,0.02926,0.04581,0.03484,0.2187,0.2152,
2.142,0.2219,0.08866,0.05441,0.03906,0.1592,0.07076,0.04392,0.02945,0.04565,0.03485,0.2188,0.2153,
2.142,0.2044,0.08833,0.05436,0.03912,0.1592,0.07091,0.04397,0.02932,0.04581,0.03474,0.2189,0.2154,
2.146,0.2199,0.08987,0.05433,0.03922,0.1595,0.0704,0.04398,0.02946,0.04668,0.03585,0.2168,0.2139,
2.145,0.2055,0.08895,0.05462,0.03927,0.1601,0.06944,0.04398,0.02972,0.04641,0.03585,0.2168,0.2148,
2.147,0.2041,0.0899,0.05449,0.03932,0.1607,0.06892,0.04389,0.02966,0.04685,0.0364,0.2174,0.2125,
2.145,0.1972,0.08813,0.05444,0.03875,0.1622,0.06906,0.04377,0.02967,0.047,0.03628,0.2175,0.2133,
2.145,0.1964,0.08833,0.05454,0.03825,0.1626,0.06803,0.04401,0.02936,0.04757,0.03679,0.2172,0.2133,
2.148,0.1952,0.08953,0.0546,0.03827,0.1626,0.06759,0.04418,0.02926,0.04914,0.03671,0.2159,0.2122,
2.139,0.2035,0.08898,0.05457,0.03831,0.1626,0.0675,0.05389,0.01922,0.04949,0.03628,0.2168,0.2123,
2.143,0.2322,0.09175,0.05467,0.03841,0.1625,0.06724,0.05406,0.01908,0.05092,0.03581,0.216,0.2096,
2.146,0.2063,0.09214,0.05488,0.03841,0.1623,0.06589,0.05415,0.01927,0.05054,0.03836,0.2143,0.2098,
2.145,0.2181,0.0918,0.05486,0.03847,0.1624,0.06546,0.05405,0.01927,0.05157,0.03735,0.2144,0.2104,
2.144,0.1852,0.09156,0.05486,0.03811,0.1621,0.06562,0.05394,0.01955,0.05175,0.03695,0.2145,0.211,
2.153,0.1932,0.09271,0.05493,0.03827,0.1619,0.06564,0.05396,0.03299,0.03974,0.03574,0.2144,0.2097,
2.154,0.2019,0.09211,0.0552,0.03836,0.1616,0.06569,0.05411,0.03304,0.03963,0.03577,0.2146,0.2099,
2.155,0.202,0.09139,0.05524,0.03847,0.1616,0.06501,0.05416,0.03307,0.04006,0.03673,0.2134,0.2108,
2.155,0.2068,0.09132,0.05515,0.03856,0.1606,0.06463,0.05416,0.03341,0.04043,0.03639,0.2141,0.2112,
2.154,0.2058,0.09122,0.05503,0.03866,0.1601,0.06397,0.05412,0.03391,0.04044,0.03581,0.2151,0.2117,
2.153,0.2011,0.09094,0.05511,0.03878,0.1601,0.06365,0.05413,0.0343,0.04037,0.03551,0.2151,0.212,
2.153,0.2002,0.09071,0.05514,0.03887,0.16,0.06288,0.05414,0.0343,0.04038,0.03552,0.2151,0.2129,
2.149,0.1886,0.08977,0.05533,0.0385,0.16,0.06102,0.05397,0.03446,0.04094,0.03473,0.2161,0.2152,
2.155,0.1947,0.09219,0.05547,0.03854,0.1603,0.06026,0.05428,0.03435,0.04288,0.03568,0.213,0.2131,
2.155,0.2064,0.092,0.05546,0.03864,0.1603,0.06041,0.05433,0.03418,0.04289,0.03569,0.213,0.2131,
2.153,0.2085,0.08955,0.05566,0.0387,0.1619,0.06001,0.05415,0.03435,0.04303,0.03529,0.2139,0.2134,
2.157,0.1941,0.09196,0.05585,0.03877,0.1618,0.06018,0.05405,0.03467,0.04366,0.03541,0.213,0.2107,
2.152,0.1881,0.09165,0.05577,0.03884,0.1613,0.06966,0.0432,0.03465,0.04501,0.03403,0.214,0.2119,
2.151,0.1839,0.0912,0.05588,0.03897,0.1609,0.06936,0.04304,0.03463,0.04555,0.03343,0.2149,0.2121,
2.148,0.208,0.09064,0.05583,0.03849,0.1607,0.06948,0.04282,0.03456,0.04532,0.03336,0.2166,0.2122,
2.145,0.2047,0.08937,0.05582,0.03779,0.1613,0.06908,0.04266,0.03466,0.04516,0.03334,0.2176,0.2133,
2.15,0.2057,0.09179,0.05567,0.03792,0.1608,0.06793,0.0425,0.03464,0.04576,0.03525,0.216,0.2117,
2.155,0.1905,0.09382,0.05534,0.03759,0.1602,0.0677,0.04256,0.03464,0.04599,0.03772,0.2136,0.2109,
2.155,0.1901,0.09461,0.05534,0.03725,0.1604,0.06707,0.04256,0.03452,0.04599,0.03835,0.213,0.211,
2.123,0.2197,0.09566,0.0554,0.03644,0.1604,0.0968,0.01207,0.03452,0.04599,0.0407,0.2106,0.2114,
2.123,0.2221,0.09515,0.05555,0.03657,0.1597,0.09645,0.01209,0.03456,0.04605,0.04075,0.2109,0.2122,
2.123,0.2206,0.09489,0.05579,0.03662,0.1594,0.09573,0.01223,0.03497,0.04584,0.04047,0.211,0.2131,
2.124,0.1828,0.09595,0.05584,0.03617,0.1596,0.09574,0.01223,0.0352,0.04691,0.04009,0.2101,0.2122,
2.124,0.16,0.09557,0.05583,0.03632,0.1597,0.09546,0.01238,0.03507,0.04702,0.03987,0.2102,0.2126,
2.123,0.1588,0.09484,0.05601,0.0364,0.1595,0.09502,0.01237,0.03518,0.04686,0.03984,0.2111,0.2129,
2.121,0.1606,0.0938,0.05621,0.0361,0.1596,0.09361,0.01263,0.03503,0.04743,0.03909,0.212,0.2145,
2.119,0.2114,0.0933,0.05605,0.0357,0.1592,0.09297,0.01261,0.03551,0.04683,0.03903,0.2138,0.215,
2.118,0.2129,0.0921,0.05609,0.03576,0.16,0.09263,0.01261,0.03539,0.04748,0.03842,0.2139,0.2156,
2.117,0.2111,0.09193,0.05615,0.03531,0.1594,0.09253,0.01261,0.0355,0.04732,0.0384,0.2149,0.216,
2.116,0.2237,0.09175,0.05635,0.03543,0.1588,0.09126,0.0355,0.01264,0.0482,0.03759,0.215,0.2175,
2.116,0.2406,0.09286,0.05637,0.0355,0.1587,0.08981,0.03572,0.01246,0.04887,0.03753,0.2146,0.2176,
2.115,0.1883,0.09233,0.05639,0.03557,0.1582,0.08858,0.03589,0.01246,0.04921,0.037,0.2157,0.2187,
2.113,0.1666,0.09163,0.0566,0.03561,0.1583,0.08742,0.03577,0.01247,0.0498,0.03645,0.2158,0.2202,
2.111,0.1694,0.09122,0.05687,0.03512,0.1576,0.08658,0.03565,0.01268,0.0499,0.03609,0.2168,0.2215,
2.109,0.1871,0.09109,0.05691,0.03521,0.157,0.08386,0.03568,0.01296,0.04968,0.03612,0.217,0.2245,
2.108,0.1687,0.0905,0.05695,0.03519,0.1565,0.08382,0.03595,0.0129,0.05026,0.03534,0.2181,0.2246,
2.108,0.1591,0.09043,0.05704,0.03531,0.1558,0.08361,0.03598,0.01291,0.0503,0.03537,0.2182,0.225,
2.107,0.1679,0.08967,0.05705,0.03548,0.1559,0.08367,0.03601,0.01292,0.05238,0.03335,0.2184,0.2252,
2.12,0.1636,0.0968,0.05698,0.03546,0.156,0.08256,0.03594,0.0129,0.05257,0.0378,0.2153,0.2176,
2.118,0.1736,0.09656,0.05711,0.03551,0.156,0.08174,0.03586,0.01277,0.05468,0.03571,0.2154,0.2187,
2.114,0.1749,0.0961,0.05718,0.03511,0.156,0.07973,0.03558,0.01277,0.05624,0.03419,0.2154,0.2217,
2.113,0.172,0.09566,0.05731,0.03514,0.1558,0.0792,0.03565,0.01265,0.0565,0.03385,0.2163,0.2219,
2.111,0.1627,0.09518,0.05718,0.03528,0.1554,0.07836,0.03522,0.01265,0.05647,0.03383,0.2173,0.2231,
2.103,0.1628,0.09152,0.05708,0.03435,0.1585,0.07541,0.03519,0.01264,0.05679,0.03345,0.2183,0.2268,
2.105,0.1697,0.09181,0.05729,0.03447,0.1584,0.07515,0.03551,0.01271,0.0565,0.03392,0.218,0.2262,
2.103,0.1608,0.09141,0.05734,0.03401,0.1579,0.07426,0.03555,0.01272,0.0568,0.03372,0.2183,0.228,
2.108,0.1613,0.09489,0.05756,0.03361,0.1578,0.07304,0.03606,0.01252,0.05708,0.03569,0.216,0.2258,
2.106,0.1513,0.09436,0.05768,0.03317,0.1575,0.07221,0.03603,0.01281,0.05726,0.03513,0.2169,0.2269,
2.103,0.165,0.09384,0.05767,0.03323,0.157,0.0714,0.03695,0.01176,0.05794,0.03444,0.218,0.2278,
2.101,0.1639,0.09319,0.05775,0.03336,0.1569,0.07024,0.03698,0.01177,0.05858,0.03388,0.2182,0.2292,
2.1,0.1536,0.0926,0.05789,0.0334,0.1561,0.0697,0.03699,0.01191,0.0592,0.03313,0.2193,0.2298,
2.098,0.1577,0.09175,0.05784,0.03346,0.1563,0.06949,0.03702,0.01192,0.06068,0.03173,0.2195,0.2303,
2.098,0.1529,0.09117,0.05796,0.03357,0.1561,0.06955,0.03705,0.01193,0.06104,0.03146,0.2197,0.2305,
2.098,0.1707,0.09045,0.0583,0.03368,0.1549,0.06942,0.03713,0.01222,0.06128,0.03116,0.2202,0.2313,
2.096,0.1558,0.08863,0.05809,0.03389,0.1557,0.06939,0.0368,0.01208,0.06127,0.03115,0.2213,0.2317,
2.094,0.1851,0.08819,0.05824,0.03397,0.1555,0.06805,0.03669,0.01222,0.06118,0.03118,0.2214,0.2334,
2.106,0.2208,0.08771,0.05814,0.03405,0.1556,0.06804,0.03686,0.05198,0.02156,0.03095,0.2215,0.2335,
2.106,0.2193,0.08689,0.05859,0.03415,0.1555,0.06808,0.03688,0.05215,0.02168,0.03073,0.2217,0.2337,
2.108,0.2011,0.08598,0.05861,0.0343,0.1578,0.06785,0.03691,0.05219,0.0217,0.03166,0.2209,0.232,
2.117,0.207,0.08872,0.05873,0.03403,0.1575,0.0673,0.03688,0.05227,0.02194,0.03542,0.2177,0.2295,
2.118,0.2171,0.08852,0.05875,0.03374,0.1602,0.0673,0.03688,0.05241,0.02203,0.03538,0.2175,0.2273,
2.116,0.181,0.0882,0.05854,0.03374,0.1597,0.06675,0.03695,0.05219,0.02237,0.03494,0.2193,0.2273,
2.125,0.1687,0.09031,0.05853,0.03353,0.1618,0.06608,0.03697,0.05235,0.02225,0.03905,0.2153,0.2238,
2.128,0.1651,0.09067,0.05855,0.03361,0.1642,0.06565,0.03699,0.05266,0.02235,0.03992,0.2142,0.2211,
2.125,0.1677,0.08815,0.05846,0.03322,0.1659,0.06534,0.03698,0.05264,0.02234,0.0399,0.2152,0.2218,
2.124,0.168,0.08786,0.05855,0.03329,0.1658,0.06492,0.03699,0.05287,0.02214,0.03992,0.2153,0.2223,
2.125,0.1701,0.08861,0.05864,0.03285,0.1657,0.06497,0.03715,0.05278,0.02238,0.04009,0.2151,0.2217,
2.124,0.1714,0.08825,0.05848,0.03291,0.1655,0.0645,0.03726,0.05262,0.02237,0.04006,0.2161,0.222,
2.133,0.1688,0.09341,0.0582,0.03292,0.1649,0.06382,0.0373,0.05259,0.02231,0.04406,0.2143,0.2162,
2.14,0.1721,0.095,0.05828,0.03298,0.1648,0.06413,0.03708,0.05287,0.02334,0.04596,0.2115,0.2141,
2.142,0.1693,0.09568,0.05838,0.03305,0.1643,0.06409,0.03705,0.05283,0.02356,0.04637,0.2117,0.213,
2.142,0.1636,0.09551,0.05822,0.03316,0.1639,0.06404,0.03703,0.0528,0.02355,0.04634,0.2126,0.2128,
2.141,0.1667,0.0947,0.05846,0.03324,0.1638,0.06399,0.037,0.05297,0.02358,0.04605,0.2135,0.2127,
2.14,0.1633,0.09467,0.05823,0.0325,0.1638,0.064,0.03731,0.05268,0.02398,0.04565,0.2136,0.2136,
2.145,0.1828,0.09604,0.05815,0.03271,0.1654,0.06416,0.03719,0.05288,0.02578,0.04532,0.212,0.2103,
2.144,0.1666,0.09565,0.0579,0.0327,0.165,0.06419,0.037,0.05311,0.02541,0.04525,0.2138,0.21,
2.146,0.1854,0.09338,0.05787,0.03274,0.1669,0.06383,0.03702,0.05339,0.02869,0.04331,0.2124,0.2105,
2.145,0.1742,0.09311,0.05786,0.03279,0.167,0.06308,0.0369,0.05354,0.02891,0.04299,0.2124,0.2114,
2.145,0.1613,0.09294,0.05781,0.03282,0.167,0.06271,0.03712,0.05334,0.02947,0.04244,0.2125,0.2119,
2.143,0.1817,0.09244,0.05784,0.03293,0.1671,0.0617,0.037,0.05337,0.02982,0.04212,0.2126,0.2131,
2.143,0.171,0.09221,0.05764,0.03309,0.1667,0.06177,0.03704,0.05361,0.03,0.04182,0.2128,0.2133,
2.147,0.1684,0.09531,0.05775,0.03278,0.1665,0.0618,0.03721,0.05349,0.03036,0.04228,0.2121,0.2104,
2.147,0.1698,0.09441,0.0579,0.03292,0.1665,0.06189,0.03731,0.05333,0.03107,0.04139,0.213,0.2103,
2.147,0.1806,0.09396,0.05801,0.03284,0.1663,0.06165,0.05221,0.03867,0.03171,0.04055,0.2131,0.211,
2.149,0.1845,0.09304,0.05836,0.03292,0.1662,0.07104,0.04347,0.03831,0.03194,0.04338,0.2102,0.2112,
2.148,0.1897,0.09295,0.05844,0.03297,0.166,0.07065,0.04335,0.03845,0.03223,0.04298,0.2102,0.2118,
2.149,0.18,0.0941,0.05836,0.03301,0.1658,0.07015,0.04302,0.03842,0.03464,0.04051,0.2111,0.2109,
2.146,0.1819,0.09269,0.05823,0.03237,0.1666,0.07087,0.04265,0.03819,0.03561,0.0396,0.2113,0.2119,
2.14,0.1749,0.09143,0.0581,0.03238,0.1674,0.07969,0.03392,0.03822,0.03626,0.03901,0.2115,0.2121,
2.138,0.2132,0.09115,0.05786,0.03248,0.1671,0.07923,0.03336,0.03807,0.03648,0.03875,0.2124,0.2131,
2.144,0.2051,0.09687,0.05787,0.03255,0.167,0.07873,0.03352,0.03794,0.0369,0.03937,0.2115,0.2078,
2.143,0.1957,0.09631,0.05781,0.03262,0.1669,0.0789,0.03341,0.03779,0.03688,0.03934,0.2125,0.2076,
2.141,0.1951,0.0955,0.05797,0.03211,0.1669,0.07845,0.03344,0.03801,0.03884,0.03725,0.2126,0.2089,
2.14,0.1791,0.09471,0.05784,0.0322,0.1668,0.07856,0.03329,0.03819,0.03904,0.03683,0.2136,0.2089,
2.143,0.2065,0.09431,0.05782,0.03228,0.1664,0.07854,0.03313,0.03863,0.03879,0.03847,0.212,0.2095,
2.146,0.1676,0.09348,0.05799,0.03242,0.1659,0.07828,0.03318,0.03869,0.03885,0.04042,0.2105,0.2103,
2.145,0.1738,0.09275,0.05836,0.03251,0.1656,0.0777,0.03308,0.03873,0.03889,0.04046,0.2107,0.2113,
2.143,0.1775,0.092,0.0583,0.03218,0.1655,0.07718,0.0332,0.03858,0.03888,0.04045,0.2117,0.2121,
2.147,0.1579,0.09336,0.05815,0.03156,0.165,0.07683,0.03286,0.03844,0.03946,0.0428,0.2119,0.2096,
2.147,0.1737,0.09308,0.05817,0.03165,0.164,0.07671,0.03279,0.03828,0.04117,0.04175,0.2123,0.2101,
2.146,0.1913,0.09227,0.05838,0.0317,0.1643,0.0763,0.0328,0.0384,0.04232,0.04052,0.2124,0.2106,
2.149,0.175,0.08932,0.05854,0.03175,0.1668,0.07566,0.03294,0.03828,0.04257,0.04351,0.2093,0.2113,
2.148,0.171,0.08854,0.05837,0.03192,0.1668,0.07469,0.03324,0.03795,0.04366,0.04238,0.2102,0.2122,
2.149,0.185,0.08987,0.05843,0.03201,0.1669,0.07428,0.03339,0.03855,0.04391,0.04146,0.2103,0.2109,
2.148,0.1662,0.08878,0.05857,0.03211,0.1676,0.07339,0.0334,0.03856,0.04418,0.04121,0.2104,0.2118,
2.147,0.1726,0.08832,0.0584,0.03218,0.1676,0.07345,0.03342,0.03879,0.04468,0.04057,0.2105,0.212,
2.147,0.1609,0.0871,0.05841,0.03233,0.1678,0.07343,0.03342,0.03878,0.04533,0.03992,0.2116,0.212,
2.146,0.1605,0.08631,0.05839,0.03256,0.1678,0.07299,0.03331,0.03882,0.04644,0.03888,0.2117,0.2128,
2.142,0.1646,0.08614,0.0585,0.03129,0.1675,0.07302,0.03288,0.03898,0.04644,0.03876,0.2118,0.2147,
2.135,0.1782,0.08558,0.0584,0.03088,0.1673,0.07224,0.04863,0.02319,0.0468,0.03836,0.2128,0.2159,
2.138,0.1953,0.08765,0.05843,0.03098,0.1668,0.07106,0.04882,0.02308,0.04711,0.03912,0.212,0.2149,
2.144,0.1852,0.09081,0.05825,0.03076,0.1662,0.07105,0.04881,0.02353,0.0469,0.04086,0.2111,0.2118,
2.142,0.1851,0.08981,0.05865,0.03049,0.1657,0.07039,0.04881,0.02353,0.0478,0.03996,0.2121,0.2128,
2.141,0.1817,0.08915,0.05889,0.03052,0.1658,0.07002,0.04884,0.02378,0.04745,0.03998,0.2122,0.2134,
2.142,0.1803,0.08995,0.05893,0.03069,0.1659,0.07015,0.04875,0.02392,0.04945,0.03786,0.2123,0.2121,
2.141,0.1783,0.08935,0.05918,0.03079,0.1653,0.06926,0.04868,0.02395,0.04952,0.03791,0.2126,0.2135,
2.139,0.1927,0.08886,0.05921,0.03089,0.1649,0.06794,0.04873,0.02398,0.05127,0.03626,0.2128,0.2151,
2.132,0.1622,0.09176,0.05926,0.03,0.1648,0.08046,0.03575,0.02399,0.05129,0.03627,0.2129,0.2135,
2.133,0.1574,0.09242,0.05929,0.03012,0.1646,0.08037,0.0359,0.02407,0.05126,0.03606,0.213,0.2128,
2.115,0.1581,0.09058,0.05937,0.03023,0.1661,0.09342,0.02194,0.02408,0.05185,0.0355,0.2131,0.2139,
2.116,0.1441,0.09189,0.05934,0.03036,0.1658,0.09326,0.02194,0.02421,0.05344,0.03378,0.2142,0.2118,
2.114,0.1769,0.09117,0.05931,0.03054,0.1661,0.09242,0.02181,0.02422,0.05424,0.03302,0.2143,0.2129,
2.115,0.1635,0.09101,0.05923,0.0306,0.1661,0.09244,0.02182,0.02423,0.05446,0.03303,0.2141,0.213,
2.114,0.1617,0.09056,0.05938,0.03066,0.166,0.09216,0.02183,0.02424,0.05571,0.03183,0.2142,0.2134,
2.112,0.1579,0.09026,0.05941,0.03078,0.1658,0.09149,0.02204,0.02405,0.05751,0.03007,0.2143,0.2142,
2.111,0.1617,0.08979,0.05936,0.03086,0.1658,0.09123,0.02206,0.02407,0.05843,0.02921,0.2145,0.2147,
2.11,0.1605,0.08915,0.05931,0.03089,0.166,0.09115,0.02225,0.02383,0.05864,0.02893,0.2154,0.2145,
2.11,0.1583,0.08866,0.05956,0.03098,0.1658,0.09036,0.0224,0.02371,0.05885,0.02877,0.2155,0.2155,
2.109,0.1588,0.08813,0.05972,0.03104,0.1656,0.08962,0.02242,0.02402,0.05909,0.0283,0.2157,0.2164,
2.107,0.1584,0.08719,0.05987,0.03116,0.1643,0.08927,0.02201,0.02443,0.05876,0.028,0.2185,0.2166,
2.109,0.1526,0.08898,0.05988,0.03129,0.164,0.08859,0.02202,0.0247,0.05944,0.02762,0.2182,0.2152,
2.107,0.1527,0.08843,0.0599,0.03092,0.1636,0.08855,0.02219,0.02451,0.05942,0.0276,0.2192,0.2157,
2.105,0.1502,0.08797,0.05985,0.03061,0.163,0.08808,0.02204,0.02451,0.0594,0.0276,0.2202,0.2167,
2.104,0.1431,0.08757,0.05992,0.03062,0.1626,0.08753,0.02203,0.02449,0.05936,0.02758,0.2212,0.2171,
2.114,0.1422,0.09416,0.05996,0.03072,0.163,0.08756,0.02204,0.0245,0.06091,0.02851,0.2188,0.2098,
2.12,0.1473,0.09369,0.05994,0.03082,0.1625,0.08657,0.02203,0.02463,0.06198,0.03147,0.2157,0.2107,
2.12,0.1551,0.09291,0.06003,0.03096,0.1627,0.08662,0.02205,0.02504,0.0627,0.0304,0.2158,0.2108,
2.119,0.1499,0.09246,0.06012,0.03104,0.1627,0.08678,0.02192,0.02519,0.06341,0.02959,0.2159,0.2109,
2.124,0.1812,0.09206,0.06014,0.03117,0.1627,0.08644,0.02193,0.02552,0.06312,0.0322,0.2133,0.2114,
2.124,0.1836,0.09138,0.06027,0.03117,0.1625,0.0864,0.02192,0.02619,0.0624,0.03219,0.2143,0.2113,
2.124,0.1653,0.09107,0.0603,0.03121,0.1624,0.08645,0.02193,0.02634,0.06252,0.03198,0.2144,0.2114,
2.126,0.1727,0.0907,0.06046,0.03132,0.162,0.08667,0.02178,0.02677,0.06317,0.03194,0.2136,0.2115,
2.123,0.1774,0.08983,0.06047,0.03135,0.162,0.0853,0.02174,0.02734,0.06319,0.03113,0.2153,0.2123,
2.123,0.1798,0.08958,0.0604,0.03143,0.1616,0.08481,0.02216,0.02708,0.06295,0.03111,0.2163,0.2126,
2.122,0.1813,0.08951,0.06052,0.03129,0.161,0.08487,0.02233,0.02694,0.06323,0.03089,0.2164,0.213,
2.121,0.1759,0.08888,0.06069,0.03144,0.1607,0.08457,0.02222,0.02697,0.06449,0.02972,0.2166,0.2137,
2.12,0.1681,0.08864,0.06068,0.03154,0.1603,0.08475,0.02195,0.02758,0.0645,0.02899,0.2175,0.2135,
2.118,0.2133,0.08847,0.06074,0.03165,0.1595,0.08485,0.02198,0.06754,0.02465,0.02903,0.2178,0.2138,
2.124,0.1893,0.0925,0.06074,0.03116,0.159,0.0847,0.02209,0.0674,0.02498,0.03081,0.2172,0.2094,
2.126,0.1977,0.0922,0.06056,0.03132,0.1588,0.08388,0.02211,0.06745,0.02562,0.03141,0.2162,0.2104,
2.126,0.1809,0.09144,0.06069,0.03145,0.1589,0.08393,0.02212,0.06776,0.02791,0.02888,0.2163,0.2106,
2.13,0.1801,0.09073,0.06065,0.03149,0.1591,0.08345,0.02197,0.06813,0.02747,0.03187,0.2142,0.211,
2.128,0.1839,0.0902,0.0605,0.0316,0.159,0.0825,0.02195,0.06841,0.03068,0.02829,0.2151,0.2117,
2.141,0.214,0.08946,0.06065,0.03177,0.159,0.08198,0.04016,0.0507,0.03027,0.02909,0.2145,0.2124,
2.14,0.2028,0.0891,0.06088,0.03182,0.159,0.08115,0.04043,0.05065,0.03173,0.02743,0.2145,0.2133,
2.14,0.2057,0.08905,0.06084,0.0319,0.159,0.08142,0.04029,0.05098,0.03152,0.02718,0.2145,0.2133,
2.14,0.222,0.08799,0.06091,0.03198,0.1598,0.08143,0.0403,0.05112,0.03139,0.02754,0.2142,0.2133,
2.139,0.1943,0.08632,0.06101,0.0321,0.1611,0.08131,0.04012,0.05144,0.03132,0.02731,0.2143,0.2137,
2.142,0.1805,0.0889,0.06094,0.03221,0.1616,0.08141,0.03995,0.05139,0.03154,0.02746,0.2149,0.2097,
2.14,0.1718,0.0883,0.0609,0.03198,0.1615,0.0815,0.03979,0.05136,0.03239,0.02657,0.2158,0.2099,
2.143,0.1698,0.0881,0.06087,0.03221,0.1614,0.08151,0.03998,0.05132,0.03226,0.02789,0.2146,0.2099,
2.146,0.1726,0.08761,0.06091,0.03234,0.1617,0.08151,0.03999,0.05162,0.0337,0.02784,0.2129,0.2099,
2.146,0.1671,0.08722,0.0611,0.03234,0.1615,0.08143,0.04225,0.04927,0.03409,0.02738,0.2137,0.2097,
2.146,0.1766,0.08712,0.06113,0.03241,0.1615,0.08143,0.04253,0.04918,0.03413,0.02714,0.2137,0.2097,
2.146,0.1929,0.08695,0.06105,0.03248,0.1614,0.08143,0.04254,0.04932,0.03401,0.02716,0.2138,0.2098,
2.148,0.185,0.08654,0.06107,0.03258,0.1615,0.08145,0.04275,0.04914,0.03436,0.02772,0.213,0.2099,
2.151,0.1764,0.08582,0.06102,0.03266,0.1617,0.08139,0.04271,0.0491,0.03462,0.0292,0.2121,0.2097,
2.15,0.1807,0.08571,0.06071,0.03271,0.1616,0.08132,0.04268,0.04906,0.03485,0.02892,0.213,0.2095,
2.148,0.1847,0.08357,0.06044,0.03283,0.1636,0.08086,0.04269,0.04921,0.03571,0.02795,0.213,0.21,
2.146,0.1945,0.08335,0.06011,0.03294,0.1636,0.0797,0.04286,0.04938,0.03546,0.02797,0.2132,0.2114,
2.146,0.1692,0.08286,0.06016,0.03301,0.1637,0.07988,0.04288,0.0494,0.03535,0.02799,0.2133,0.2115,
2.144,0.183,0.08247,0.06012,0.03313,0.164,0.07809,0.04303,0.04939,0.03585,0.02735,0.2133,0.2133,
2.143,0.1947,0.08169,0.0601,0.03317,0.1646,0.07809,0.04342,0.04914,0.03663,0.02645,0.2133,0.2133,
2.142,0.188,0.08139,0.06005,0.03269,0.1645,0.07813,0.04378,0.04859,0.03659,0.02642,0.2142,0.2137,
2.139,0.1808,0.08119,0.06002,0.03227,0.1643,0.07715,0.04373,0.04901,0.03609,0.0264,0.2151,0.2148,
2.139,0.1919,0.08104,0.05996,0.03233,0.164,0.07705,0.04369,0.04923,0.03619,0.02597,0.216,0.2146,
2.137,0.166,0.08061,0.05974,0.03243,0.1633,0.07675,0.04357,0.04951,0.03593,0.02598,0.2171,0.2151,
2.135,0.1891,0.07921,0.05979,0.03247,0.1631,0.07632,0.0522,0.04065,0.0359,0.02595,0.2191,0.2154,
2.133,0.1762,0.07835,0.05993,0.03201,0.1635,0.07648,0.05222,0.04072,0.03572,0.02596,0.2191,0.216,
2.132,0.1859,0.07809,0.06009,0.03169,0.1632,0.07617,0.05212,0.04093,0.03555,0.02598,0.2193,0.217,
2.13,0.1763,0.07751,0.06005,0.03174,0.1625,0.07523,0.05204,0.041,0.03537,0.02594,0.2211,0.2175,
2.136,0.1936,0.0796,0.06003,0.03176,0.1626,0.07447,0.05218,0.04087,0.03588,0.02765,0.2189,0.216,
2.135,0.1808,0.0793,0.06014,0.03181,0.1625,0.0745,0.05221,0.04115,0.0363,0.02701,0.219,0.2161,
2.134,0.1792,0.0784,0.06022,0.03183,0.1629,0.07442,0.05356,0.03989,0.03671,0.02634,0.2199,0.2158,
2.141,0.165,0.08038,0.05985,0.03197,0.1632,0.07351,0.05361,0.03992,0.03674,0.02939,0.2171,0.2144,
2.139,0.165,0.08023,0.05978,0.03202,0.1629,0.07231,0.05356,0.03988,0.03697,0.02909,0.2179,0.2153,
2.138,0.1571,0.07985,0.05968,0.03174,0.1632,0.07232,0.05356,0.03989,0.03746,0.02861,0.218,0.2157,
2.138,0.1622,0.07955,0.05987,0.03184,0.1629,0.0721,0.05353,0.03999,0.0376,0.02829,0.2181,0.2163,
2.137,0.1642,0.07919,0.0599,0.03189,0.1627,0.07203,0.05363,0.03979,0.03794,0.02788,0.219,0.2161,
2.136,0.1658,0.07866,0.06038,0.03194,0.1627,0.07079,0.05363,0.03993,0.03802,0.02767,0.219,0.2173,
2.141,0.1611,0.07992,0.06065,0.03197,0.1635,0.07039,0.05346,0.04007,0.03804,0.02961,0.2176,0.2148,
2.146,0.1613,0.08072,0.06084,0.03202,0.1661,0.0701,0.05354,0.03981,0.03804,0.03163,0.2156,0.2115,
2.146,0.1623,0.0801,0.06087,0.03208,0.1662,0.0693,0.05349,0.04014,0.03789,0.03224,0.2156,0.2121,
2.145,0.1586,0.07987,0.06089,0.03213,0.1662,0.06838,0.05345,0.04008,0.03817,0.0319,0.2157,0.2132,
2.15,0.157,0.08352,0.0609,0.03215,0.1656,0.06846,0.0533,0.04035,0.03816,0.03244,0.2158,0.2093,
2.149,0.1582,0.0831,0.0607,0.03236,0.1657,0.06847,0.05346,0.04021,0.03841,0.0322,0.2158,0.2096,
2.147,0.1669,0.08264,0.0609,0.0319,0.1654,0.06785,0.05341,0.04017,0.03898,0.03156,0.2167,0.2104,
2.15,0.1774,0.08219,0.0608,0.03194,0.1654,0.06779,0.05337,0.04014,0.03895,0.03362,0.2156,0.2102,
2.151,0.1612,0.08191,0.06095,0.032,0.1653,0.06749,0.05325,0.04015,0.03932,0.03411,0.2148,0.2108,
2.151,0.1473,0.08165,0.061,0.03215,0.1651,0.06724,0.05314,0.04016,0.03933,0.03412,0.2149,0.2113,
2.15,0.162,0.08144,0.06102,0.03179,0.165,0.06765,0.05288,0.04004,0.03994,0.03353,0.2149,0.2118,
2.146,0.1974,0.08128,0.06101,0.03186,0.1651,0.07617,0.04388,0.04004,0.04059,0.03289,0.2149,0.2123,
2.154,0.1533,0.08416,0.06104,0.03192,0.1652,0.07635,0.04391,0.03993,0.04061,0.03597,0.212,0.2089,
2.152,0.1575,0.08347,0.06125,0.03153,0.1653,0.07568,0.04375,0.04006,0.04136,0.03515,0.2121,0.2104,
2.152,0.1569,0.08319,0.06128,0.03162,0.1652,0.07572,0.04417,0.0399,0.04115,0.03516,0.2122,0.2105,
2.118,0.1904,0.08274,0.06127,0.03186,0.1649,0.1035,0.01539,0.03978,0.04298,0.03336,0.2122,0.212,
2.123,0.1751,0.08273,0.06118,0.03199,0.1644,0.1033,0.02908,0.02613,0.04382,0.03258,0.2124,0.2124,
2.122,0.1696,0.08245,0.06132,0.03184,0.1638,0.1033,0.0288,0.02602,0.04564,0.03082,0.2126,0.2134,
2.121,0.1707,0.08224,0.0611,0.03193,0.1638,0.1026,0.02881,0.02603,0.04567,0.03083,0.2127,0.2143,
2.125,0.1863,0.08729,0.06093,0.03174,0.1639,0.102,0.02885,0.02658,0.04551,0.03056,0.2129,0.2097,
2.125,0.1879,0.08726,0.0605,0.03186,0.1638,0.1021,0.029,0.02647,0.04631,0.02981,0.2131,0.2098,
2.124,0.1788,0.0868,0.06073,0.03196,0.1637,0.1015,0.02901,0.02648,0.04633,0.02982,0.2132,0.2105,
2.124,0.1813,0.08588,0.06109,0.03203,0.164,0.1011,0.02902,0.02649,0.04634,0.02983,0.2132,0.2111,
2.12,0.2373,0.08457,0.06118,0.03212,0.1648,0.09708,0.02917,0.02661,0.04612,0.02985,0.2133,0.2152,
2.12,0.2808,0.08405,0.06139,0.03224,0.1648,0.09724,0.02904,0.02681,0.04594,0.02985,0.2134,0.2153,
2.122,0.2219,0.08551,0.06133,0.03228,0.1652,0.0973,0.02906,0.02704,0.04656,0.02907,0.2135,0.2131,
2.121,0.2104,0.08517,0.06127,0.0324,0.1649,0.09746,0.02875,0.02706,0.0476,0.0281,0.2137,0.2136,
2.125,0.2034,0.08783,0.06105,0.03247,0.165,0.09651,0.02863,0.02705,0.04758,0.0299,0.2129,0.2111,
2.122,0.204,0.08727,0.06104,0.03201,0.1647,0.09545,0.02846,0.027,0.04851,0.02882,0.2146,0.2122,
2.121,0.1977,0.08669,0.06067,0.03214,0.1648,0.09539,0.02845,0.02725,0.04879,0.02822,0.2155,0.212,
2.12,0.1945,0.08605,0.06072,0.03233,0.1649,0.09466,0.0286,0.02732,0.04908,0.02779,0.2156,0.2129,
2.12,0.217,0.086,0.06064,0.03239,0.1648,0.0939,0.0286,0.02732,0.04909,0.02779,0.2157,0.2138,
2.119,0.1983,0.08587,0.06061,0.03251,0.1645,0.09362,0.02845,0.02747,0.04927,0.02751,0.2158,0.2144,
2.121,0.2084,0.08571,0.06078,0.03229,0.1641,0.09367,0.02846,0.044,0.03378,0.02653,0.2159,0.2148,
2.122,0.2135,0.08771,0.06091,0.03228,0.1638,0.09351,0.02841,0.04392,0.03396,0.02646,0.2175,0.2116,
2.12,0.1957,0.08498,0.061,0.0324,0.1663,0.09257,0.02841,0.04392,0.0343,0.02613,0.2175,0.2125,
2.119,0.2002,0.0846,0.06091,0.0324,0.1662,0.09196,0.02839,0.04399,0.03497,0.0253,0.2184,0.2129,
2.124,0.1842,0.0853,0.06054,0.03251,0.1662,0.09177,0.02842,0.04403,0.03599,0.02692,0.216,0.2123,
2.119,0.2284,0.08446,0.06024,0.03262,0.166,0.0965,0.02352,0.04411,0.03604,0.02807,0.2164,0.212,
2.119,0.2164,0.08437,0.06025,0.03268,0.1657,0.09606,0.02367,0.044,0.03672,0.02764,0.2164,0.2126,
2.119,0.2035,0.08411,0.05988,0.0328,0.1658,0.09561,0.02354,0.04402,0.03674,0.02766,0.2165,0.2133,
2.118,0.2042,0.08363,0.0599,0.03294,0.1656,0.09568,0.02356,0.04406,0.03835,0.0261,0.2166,0.2135,
2.117,0.2125,0.0834,0.0593,0.03304,0.1658,0.09527,0.02387,0.04381,0.03992,0.02458,0.2168,0.2142,
2.116,0.1955,0.0831,0.05933,0.03316,0.1656,0.09453,0.02388,0.04383,0.0404,0.02413,0.2169,0.2151,
2.119,0.1857,0.08665,0.05946,0.0333,0.1658,0.09328,0.02403,0.04372,0.0425,0.02269,0.2164,0.2121,
2.119,0.1858,0.08593,0.05947,0.03338,0.1659,0.09336,0.02405,0.04376,0.043,0.02225,0.2166,0.2123,
2.118,0.1839,0.08529,0.05956,0.0335,0.1658,0.09249,0.02407,0.04393,0.04315,0.02202,0.2168,0.2134,
2.115,0.1915,0.08246,0.05946,0.03361,0.1681,0.09206,0.02409,0.0441,0.0434,0.02169,0.217,0.2141,
2.083,0.2002,0.08223,0.0594,0.03363,0.1678,0.1084,0.007618,0.04406,0.0436,0.02143,0.2179,0.2139,
2.086,0.1926,0.08188,0.0593,0.03372,0.1672,0.1082,0.007335,0.04438,0.04311,0.02353,0.2175,0.2138,
2.097,0.1665,0.08332,0.05947,0.03383,0.167,0.1083,0.007733,0.04395,0.04295,0.02783,0.2141,0.2115,
2.095,0.1746,0.08242,0.05946,0.03392,0.1671,0.108,0.007604,0.04411,0.04445,0.02625,0.2142,0.2125,
2.095,0.1818,0.08187,0.05965,0.03402,0.1667,0.1078,0.00761,0.04466,0.04467,0.02557,0.2144,0.213,
2.101,0.1741,0.08478,0.05957,0.03407,0.1671,0.106,0.007617,0.04483,0.04483,0.02748,0.2125,0.2113,
2.101,0.1611,0.08435,0.05943,0.03418,0.1672,0.1052,0.007756,0.04472,0.04485,0.0275,0.2126,0.2122,
2.097,0.1589,0.08036,0.05932,0.03432,0.171,0.1045,0.007878,0.04461,0.04486,0.0275,0.2126,0.213,
2.093,0.1517,0.07956,0.0593,0.03337,0.1705,0.1029,0.007996,0.04429,0.04481,0.02747,0.2145,0.2152,
2.098,0.1427,0.08236,0.05934,0.0334,0.1699,0.1014,0.008225,0.0441,0.04501,0.0286,0.2134,0.2142,
2.097,0.1644,0.08206,0.05908,0.03372,0.1698,0.1001,0.008229,0.04426,0.04558,0.02794,0.2135,0.2157,
2.101,0.1631,0.08662,0.059,0.03384,0.1705,0.09915,0.008368,0.04428,0.04574,0.02768,0.2136,0.2112,
2.099,0.1499,0.08594,0.05887,0.03391,0.17,0.09795,0.008504,0.04416,0.04689,0.02654,0.2148,0.2125,
2.098,0.1345,0.0846,0.05885,0.03405,0.1706,0.09723,0.008598,0.04425,0.0468,0.02657,0.215,0.2135,
2.097,0.1391,0.08395,0.05876,0.03398,0.1707,0.09717,0.008862,0.04395,0.04702,0.0263,0.2159,0.2134,
2.096,0.1489,0.08349,0.05834,0.03409,0.171,0.09672,0.009139,0.04372,0.04795,0.02543,0.2161,0.2141,
2.093,0.1478,0.08302,0.05815,0.03418,0.1705,0.09486,0.008824,0.04385,0.04781,0.02543,0.2171,0.2162,
2.092,0.1377,0.08232,0.05818,0.03423,0.1698,0.09432,0.009232,0.04367,0.04761,0.02544,0.2183,0.2169,
2.091,0.1396,0.08147,0.05841,0.03436,0.1696,0.0923,0.009377,0.04372,0.04753,0.02547,0.2185,0.2192,
2.092,0.1518,0.08245,0.05841,0.03446,0.1694,0.09067,0.00946,0.04359,0.04744,0.02604,0.2181,0.22,
2.091,0.1509,0.08144,0.05819,0.03454,0.17,0.09094,0.009544,0.04362,0.04721,0.02605,0.2183,0.2202,
2.089,0.1646,0.08052,0.05765,0.03463,0.1706,0.09053,0.009555,0.05063,0.04031,0.02608,0.2185,0.221,
2.103,0.2049,0.0822,0.05751,0.03465,0.1702,0.08964,0.01619,0.04435,0.04022,0.02834,0.2172,0.2195,
2.106,0.1637,0.08315,0.05718,0.03476,0.1736,0.08922,0.01635,0.04426,0.04067,0.02862,0.2168,0.2154,
2.114,0.1655,0.0858,0.05707,0.03481,0.1742,0.08756,0.02056,0.04005,0.04149,0.02975,0.2159,0.2128,
2.113,0.1814,0.08472,0.05712,0.03483,0.1741,0.08742,0.02066,0.03985,0.04142,0.0297,0.2177,0.2124,
2.114,0.179,0.08398,0.05737,0.03488,0.1739,0.0871,0.03394,0.02625,0.04243,0.02876,0.2179,0.2135,
2.113,0.1892,0.08378,0.05705,0.035,0.1736,0.08663,0.03385,0.02641,0.04247,0.02865,0.2182,0.2144,
2.111,0.1873,0.08241,0.05709,0.03505,0.1743,0.08599,0.03383,0.02639,0.04322,0.02786,0.2191,0.2148,
2.115,0.1842,0.08189,0.05719,0.03514,0.1734,0.0855,0.03439,0.03854,0.03085,0.02926,0.2185,0.2153,
2.114,0.1837,0.0817,0.05713,0.03518,0.1728,0.08411,0.03437,0.03852,0.03083,0.02925,0.2195,0.2166,
2.112,0.1889,0.08083,0.05691,0.03521,0.1724,0.08376,0.03452,0.03851,0.03177,0.02824,0.2207,0.2171,
2.116,0.1662,0.08218,0.05706,0.0353,0.1719,0.08369,0.0344,0.03888,0.03171,0.02906,0.2199,0.2159,
2.121,0.17,0.08358,0.05711,0.03538,0.172,0.08318,0.03451,0.03885,0.03255,0.03024,0.2186,0.214,
2.125,0.1713,0.08297,0.05697,0.03546,0.1718,0.08281,0.0345,0.03902,0.03236,0.0332,0.2166,0.2143,
2.125,0.1707,0.08251,0.05679,0.03551,0.1721,0.08255,0.03462,0.0389,0.03278,0.03282,0.2167,0.2147,
2.122,0.184,0.08171,0.05629,0.03567,0.1718,0.08188,0.03462,0.03858,0.03401,0.03151,0.2187,0.2153,
2.12,0.1618,0.08108,0.05628,0.03539,0.1712,0.08113,0.03455,0.03859,0.03428,0.03125,0.2198,0.2165,
2.117,0.1618,0.08077,0.05603,0.03547,0.1712,0.07859,0.03473,0.03847,0.03431,0.03127,0.22,0.2192,
2.121,0.1757,0.08129,0.05619,0.03559,0.1746,0.07862,0.0457,0.02753,0.03512,0.03283,0.2177,0.2148,
2.123,0.1912,0.08103,0.056,0.03568,0.1744,0.07828,0.0458,0.02751,0.03559,0.03387,0.217,0.2149,
2.122,0.1636,0.08045,0.05575,0.03578,0.1747,0.07742,0.04572,0.02753,0.03587,0.03364,0.2171,0.2161,
2.124,0.1759,0.08364,0.05566,0.03578,0.1747,0.07609,0.04578,0.02748,0.03567,0.0341,0.2184,0.2127,
2.125,0.1716,0.08342,0.05568,0.03586,0.1745,0.07458,0.04564,0.02772,0.03571,0.03559,0.2168,0.2145,
2.117,0.1924,0.08256,0.05584,0.03593,0.1746,0.07477,0.04554,0.04878,0.01586,0.03446,0.217,0.2147,
2.119,0.1855,0.0819,0.05575,0.03604,0.1743,0.07395,0.04555,0.04863,0.0164,0.03598,0.2159,0.2156,
2.122,0.1849,0.08481,0.05576,0.03619,0.1742,0.07333,0.04547,0.04854,0.01664,0.0361,0.2171,0.2119,
2.122,0.1619,0.08445,0.05579,0.03625,0.1741,0.07358,0.04527,0.04857,0.01665,0.03611,0.2172,0.212,
2.125,0.1786,0.08421,0.05536,0.03635,0.1743,0.07333,0.04557,0.04833,0.01721,0.03714,0.2158,0.2125,
2.123,0.195,0.08351,0.05527,0.03605,0.1745,0.07318,0.04547,0.04837,0.01722,0.03717,0.2159,0.2133,
2.123,0.1754,0.08308,0.05526,0.03608,0.1746,0.07349,0.04522,0.04852,0.01733,0.03732,0.2157,0.2134,
2.122,0.1975,0.08238,0.0552,0.03623,0.1748,0.07279,0.04504,0.04848,0.01731,0.03728,0.2165,0.214,
2.122,0.1761,0.08196,0.05517,0.03633,0.1747,0.07297,0.04502,0.04842,0.01766,0.03697,0.2167,0.2141,
2.121,0.1637,0.08135,0.05503,0.03634,0.1739,0.07261,0.04511,0.04837,0.01839,0.03605,0.2186,0.2142,
2.12,0.1713,0.081,0.055,0.03582,0.1737,0.07287,0.04496,0.04842,0.01883,0.03565,0.2188,0.215,
2.112,0.1947,0.08062,0.05497,0.03588,0.1728,0.07249,0.06481,0.02857,0.01883,0.03566,0.22,0.2154,
2.097,0.1931,0.08009,0.05508,0.03554,0.172,0.07224,0.0769,0.01662,0.01948,0.03479,0.2211,0.2162,
2.094,0.2046,0.07722,0.05536,0.03564,0.1745,0.07191,0.07705,0.01648,0.01948,0.03479,0.2211,0.2165,
2.094,0.2013,0.07712,0.05549,0.03576,0.1732,0.07129,0.07745,0.01624,0.01987,0.0345,0.2215,0.2176,
2.064,0.2271,0.07698,0.05529,0.03555,0.1728,0.1192,0.02893,0.01644,0.02153,0.03257,0.2224,0.2184,
2.073,0.2115,0.07941,0.05511,0.03571,0.1726,0.1193,0.02896,0.01707,0.02095,0.03586,0.2194,0.2156,
2.078,0.1965,0.08129,0.05499,0.03555,0.1724,0.1182,0.0291,0.0169,0.02163,0.03787,0.2176,0.2144,
2.082,0.1835,0.08054,0.05489,0.03562,0.1724,0.118,0.02908,0.01689,0.02149,0.04045,0.216,0.2146,
2.082,0.1732,0.08008,0.05501,0.03571,0.1723,0.1173,0.02927,0.01673,0.02239,0.03958,0.2161,0.2155,
2.079,0.1715,0.07994,0.05489,0.03579,0.1724,0.1167,0.03311,0.0129,0.02327,0.03872,0.2162,0.2162,
2.077,0.1737,0.07973,0.05487,0.03492,0.1723,0.1168,0.03313,0.01277,0.02366,0.03834,0.2162,0.2173,
2.079,0.1734,0.08193,0.05488,0.03503,0.1719,0.1164,0.03315,0.0125,0.02459,0.03745,0.2163,0.2158,
2.078,0.188,0.08166,0.05489,0.03522,0.1714,0.1156,0.03332,0.01238,0.02461,0.03748,0.2165,0.2169,
2.083,0.2036,0.08592,0.0547,0.03473,0.1708,0.1149,0.03335,0.0122,0.02566,0.03788,0.2175,0.2125,
2.083,0.1636,0.0852,0.05473,0.03483,0.171,0.115,0.03326,0.01221,0.02614,0.03743,0.2176,0.2126,
2.087,0.1687,0.08512,0.05466,0.03498,0.1706,0.1148,0.03328,0.01222,0.02659,0.03907,0.2157,0.213,
2.087,0.1721,0.08471,0.05468,0.03505,0.1705,0.1149,0.0333,0.01242,0.02863,0.03686,0.2158,0.2131,
2.086,0.1684,0.08423,0.05489,0.03427,0.1704,0.1151,0.03321,0.01257,0.02876,0.03664,0.2159,0.2141,
2.086,0.1675,0.08409,0.05478,0.03442,0.1703,0.1152,0.03308,0.01257,0.03133,0.03408,0.216,0.2142,
2.084,0.1875,0.08343,0.05485,0.03405,0.1703,0.1146,0.03319,0.01242,0.0313,0.03405,0.2168,0.215,
2.091,0.1749,0.08296,0.05479,0.03378,0.1701,0.1139,0.03317,0.01339,0.03219,0.03632,0.2136,0.2157,
2.089,0.1916,0.08202,0.05476,0.0332,0.1715,0.1135,0.03312,0.01356,0.03275,0.03548,0.2155,0.2146,
2.089,0.1716,0.08172,0.0546,0.03322,0.1713,0.1133,0.03316,0.01358,0.03365,0.03465,0.2157,0.2151,
2.086,0.1709,0.07991,0.05459,0.03292,0.1726,0.1127,0.03304,0.01356,0.03389,0.03435,0.2166,0.2158,
2.089,0.1825,0.08018,0.0543,0.03275,0.1745,0.1123,0.03305,0.01357,0.03444,0.03584,0.2146,0.2145,
2.087,0.1604,0.0793,0.05434,0.03275,0.1743,0.1111,0.03286,0.01354,0.03438,0.03578,0.2164,0.2152,
2.049,0.1743,0.07965,0.05406,0.03288,0.1762,0.1311,0.01095,0.01355,0.03439,0.03624,0.216,0.215,
2.049,0.153,0.07906,0.05401,0.03302,0.1763,0.1306,0.01095,0.01387,0.03557,0.03479,0.2162,0.2157,
2.047,0.1726,0.07894,0.05361,0.03268,0.1758,0.1304,0.01066,0.01427,0.03811,0.03195,0.2164,0.2172,
2.049,0.1624,0.08024,0.05354,0.03278,0.1758,0.1302,0.01067,0.01449,0.04018,0.03013,0.2163,0.2158,
2.047,0.1723,0.0798,0.05356,0.03261,0.1756,0.13,0.0104,0.01481,0.04026,0.0298,0.2164,0.2168,
2.05,0.1605,0.08271,0.05335,0.03284,0.1755,0.1297,0.01028,0.01479,0.04055,0.02958,0.2167,0.214,
2.047,0.1573,0.08166,0.05334,0.03284,0.1759,0.1284,0.01016,0.0148,0.04248,0.02771,0.2168,0.2159,
2.046,0.1533,0.08113,0.05335,0.03264,0.1762,0.1276,0.01016,0.0148,0.04304,0.02717,0.2169,0.2171,
2.049,0.1531,0.0854,0.0533,0.03265,0.176,0.1272,0.01015,0.01499,0.04369,0.02626,0.2178,0.2125,
2.049,0.1565,0.08486,0.05309,0.03274,0.1757,0.1267,0.01013,0.01516,0.04408,0.02594,0.2192,0.2124,
2.047,0.162,0.08464,0.05315,0.03282,0.1749,0.1247,0.01024,0.01505,0.04406,0.02593,0.2202,0.2143,
2.052,0.1706,0.08396,0.05318,0.03296,0.1744,0.1238,0.01026,0.01526,0.04396,0.02831,0.2182,0.2157,
2.05,0.1564,0.08379,0.05305,0.03308,0.1741,0.1232,0.009973,0.01524,0.04445,0.02774,0.2191,0.2163,
2.05,0.1607,0.08292,0.05338,0.03316,0.1741,0.1233,0.01012,0.01512,0.04498,0.02726,0.2193,0.2165,
2.046,0.1662,0.08172,0.05333,0.03285,0.1747,0.1234,0.01779,0.007467,0.04541,0.02689,0.2194,0.217,
2.056,0.1644,0.08731,0.05335,0.03294,0.1743,0.1228,0.01789,0.007588,0.04616,0.02841,0.2173,0.212,
2.056,0.1734,0.08674,0.05334,0.03304,0.1744,0.1224,0.0182,0.007496,0.04655,0.02786,0.2174,0.2126,
2.055,0.163,0.08611,0.05328,0.03301,0.1739,0.1222,0.01817,0.007893,0.04645,0.02744,0.2193,0.2123,
2.054,0.1681,0.08525,0.05314,0.03307,0.1741,0.1216,0.01845,0.007872,0.04671,0.02687,0.2202,0.2127,
2.052,0.165,0.08486,0.05294,0.03327,0.1738,0.1232,0.01582,0.008226,0.04787,0.02748,0.2184,0.2141,
2.05,0.1682,0.08471,0.05284,0.03344,0.1737,0.1236,0.0154,0.008227,0.04931,0.02606,0.2185,0.2142,
2.07,0.1907,0.08455,0.05267,0.03361,0.1735,0.123,0.01541,0.0279,0.02995,0.02748,0.2169,0.215,
2.068,0.1946,0.08351,0.05277,0.03374,0.1737,0.1213,0.01556,0.02826,0.02987,0.02714,0.2171,0.217,
2.044,0.1893,0.0857,0.05239,0.03382,0.1736,0.1295,0.00598,0.02807,0.03019,0.02646,0.2181,0.2162,
2.042,0.1886,0.08499,0.05187,0.034,0.174,0.1278,0.005985,0.02823,0.03063,0.02593,0.2183,0.2182,
2.046,0.1938,0.08635,0.05197,0.03412,0.1741,0.1264,0.005987,0.02824,0.031,0.02696,0.217,0.2179,
2.05,0.194,0.09041,0.0521,0.03418,0.1742,0.1252,0.006148,0.02822,0.03262,0.02522,0.217,0.2146,
2.048,0.1997,0.09019,0.05197,0.03382,0.1741,0.1238,0.006423,0.0279,0.03272,0.02505,0.2178,0.2162,
2.049,0.1996,0.08977,0.05213,0.03388,0.174,0.1228,0.006679,0.02798,0.03241,0.02578,0.2172,0.2174,
2.049,0.1968,0.0894,0.05219,0.03393,0.1739,0.1221,0.006682,0.02887,0.03155,0.02579,0.2173,0.2182,
2.046,0.2156,0.08891,0.05214,0.03393,0.1735,0.1194,0.00667,0.02902,0.03129,0.02574,0.2191,0.2203,
2.053,0.1833,0.09361,0.0522,0.03395,0.1735,0.1174,0.006963,0.02894,0.03135,0.02694,0.2185,0.2166,
2.065,0.1807,0.09981,0.05221,0.03408,0.1732,0.114,0.006967,0.02915,0.03204,0.03041,0.2143,0.2138,
2.063,0.1884,0.09952,0.05216,0.03417,0.1725,0.1132,0.006838,0.02953,0.03165,0.03041,0.2153,0.2147,
2.062,0.1613,0.09934,0.05217,0.03375,0.172,0.1116,0.006843,0.02956,0.03168,0.03043,0.2155,0.2171,
2.061,0.157,0.09886,0.05229,0.03382,0.1715,0.1104,0.007001,0.02961,0.03261,0.02926,0.2165,0.2182,
2.061,0.1573,0.1008,0.05228,0.03361,0.1712,0.109,0.007008,0.02964,0.03265,0.02929,0.2167,0.2178,
2.059,0.1628,0.1003,0.05218,0.03374,0.1713,0.107,0.007012,0.02965,0.03303,0.02894,0.2169,0.22,
2.058,0.1693,0.1,0.05197,0.03383,0.171,0.1064,0.007007,0.02964,0.03301,0.02892,0.2178,0.2204,
2.057,0.1653,0.09969,0.05181,0.03361,0.1707,0.1057,0.007005,0.02962,0.033,0.02891,0.2188,0.2212,
2.06,0.1724,0.1004,0.05195,0.03368,0.1705,0.1047,0.007009,0.02984,0.03282,0.03015,0.2177,0.2211,
2.058,0.1794,0.09959,0.05203,0.0337,0.1705,0.1033,0.007289,0.02955,0.03281,0.03014,0.2187,0.2224,
2.057,0.1636,0.09904,0.05214,0.03368,0.1699,0.102,0.007735,0.02924,0.03292,0.0297,0.2205,0.2231,
2.059,0.1953,0.1029,0.05189,0.03377,0.17,0.1001,0.007742,0.0295,0.033,0.02989,0.2203,0.221,
2.058,0.1804,0.1028,0.05167,0.0338,0.1708,0.09518,0.007868,0.02932,0.03352,0.03091,0.2205,0.2236,
2.055,0.1822,0.1022,0.05168,0.03383,0.1703,0.09179,0.007867,0.02954,0.03329,0.03091,0.2216,0.227,
2.059,0.181,0.1017,0.05163,0.03392,0.1701,0.09063,0.01383,0.02357,0.03346,0.03066,0.2218,0.2286,
2.064,0.1767,0.1011,0.05181,0.03396,0.1711,0.09027,0.01412,0.02326,0.03344,0.03363,0.2198,0.2275,
2.064,0.1756,0.1008,0.05181,0.03409,0.171,0.08973,0.01424,0.02336,0.03325,0.03364,0.2199,0.2282,
2.069,0.186,0.1049,0.05186,0.03417,0.171,0.08924,0.01455,0.02307,0.03327,0.03456,0.2192,0.2242,
2.075,0.1662,0.1077,0.05183,0.03419,0.1724,0.08917,0.01422,0.02309,0.03331,0.03714,0.2168,0.2201,
2.078,0.1692,0.1117,0.05169,0.03436,0.1721,0.08878,0.0141,0.02347,0.03297,0.03716,0.217,0.2167,
2.076,0.1697,0.1112,0.05138,0.03442,0.1718,0.08831,0.01437,0.02311,0.03315,0.0368,0.2188,0.2167,
2.074,0.1739,0.1104,0.05127,0.03446,0.1713,0.08741,0.01421,0.02321,0.03319,0.03653,0.2207,0.2173,
2.073,0.1773,0.11,0.05126,0.03455,0.1713,0.08812,0.01354,0.02322,0.03393,0.03581,0.2208,0.2174,
2.053,0.1933,0.1131,0.05127,0.03459,0.1714,0.09582,0.005795,0.04241,0.01447,0.03751,0.2192,0.2143,
2.057,0.1909,0.1128,0.05138,0.03435,0.171,0.09461,0.0058,0.04246,0.01634,0.0378,0.2174,0.2161,
2.071,0.192,0.1121,0.05132,0.0344,0.1714,0.09437,0.01743,0.03098,0.01658,0.03746,0.2175,0.2165,
2.071,0.1967,0.111,0.05126,0.03453,0.1716,0.09416,0.01732,0.03101,0.01756,0.03652,0.2176,0.2174,
2.073,0.1964,0.1119,0.05123,0.03465,0.1717,0.09326,0.01749,0.03135,0.01787,0.03671,0.2168,0.217,
2.073,0.1941,0.1114,0.05132,0.03471,0.1713,0.09309,0.01751,0.03161,0.01767,0.03675,0.2171,0.2175,
2.07,0.1832,0.1108,0.05118,0.03475,0.1709,0.09114,0.01773,0.03175,0.01719,0.03669,0.2189,0.2189,
2.069,0.179,0.1104,0.05131,0.03486,0.1706,0.08988,0.01769,0.03148,0.01811,0.03581,0.2191,0.2208,
2.074,0.1854,0.1127,0.05143,0.03484,0.1722,0.09004,0.01772,0.03153,0.01828,0.03709,0.2181,0.2161,
2.077,0.1841,0.1118,0.05134,0.03488,0.172,0.08884,0.01772,0.03167,0.01912,0.03813,0.2172,0.2173,
2.075,0.1824,0.1106,0.05102,0.03492,0.1722,0.08841,0.01769,0.03162,0.01982,0.03734,0.219,0.2173,
2.078,0.1841,0.112,0.05105,0.03498,0.1729,0.08764,0.01769,0.03147,0.02034,0.03792,0.218,0.216,
2.077,0.1821,0.1108,0.05114,0.035,0.1736,0.08564,0.01771,0.03148,0.02129,0.03751,0.2176,0.2181,
2.079,0.1869,0.1145,0.0513,0.03506,0.1739,0.08444,0.01771,0.0315,0.0213,0.03753,0.2177,0.215,
2.078,0.1888,0.1116,0.05135,0.03517,0.1765,0.08446,0.01772,0.0315,0.0213,0.03754,0.2178,0.2151,
2.077,0.1837,0.1107,0.0516,0.03524,0.1766,0.08373,0.01773,0.03176,0.02132,0.03734,0.2179,0.216,
2.076,0.184,0.1099,0.05154,0.03531,0.1769,0.08289,0.01776,0.03164,0.02156,0.03714,0.2181,0.2173,
2.076,0.178,0.1093,0.05161,0.03537,0.1767,0.08297,0.01778,0.03168,0.02159,0.03718,0.2183,0.2175,
2.076,0.1709,0.109,0.0514,0.03546,0.176,0.08298,0.01778,0.03168,0.0223,0.03647,0.2194,0.2175,
2.075,0.1612,0.1082,0.05133,0.0352,0.1753,0.08303,0.01809,0.0316,0.02271,0.03589,0.2207,0.218,
2.079,0.162,0.1074,0.0514,0.03538,0.1751,0.08262,0.01829,0.03146,0.02302,0.03785,0.2188,0.2188,
2.056,0.1714,0.1069,0.05124,0.0353,0.1748,0.09203,0.007349,0.03146,0.023,0.03789,0.219,0.221,
2.058,0.1671,0.1095,0.05145,0.03534,0.1745,0.09183,0.007356,0.03172,0.02355,0.03717,0.2192,0.2184,
2.057,0.1676,0.1082,0.05146,0.03542,0.1754,0.09037,0.007498,0.0316,0.02382,0.03694,0.2193,0.22,
2.056,0.1856,0.1078,0.05141,0.03552,0.1756,0.08921,0.007842,0.03126,0.02425,0.03638,0.2194,0.2214,
2.052,0.1625,0.1047,0.05132,0.03516,0.1776,0.08893,0.007691,0.03121,0.02446,0.03608,0.2212,0.2216,
2.055,0.1645,0.1061,0.05147,0.03472,0.1776,0.08786,0.007699,0.03119,0.02674,0.03487,0.2202,0.2216,
2.054,0.1703,0.1057,0.05148,0.03476,0.1771,0.08696,0.007695,0.03118,0.02746,0.03412,0.2212,0.2224,
2.052,0.1718,0.105,0.05175,0.03441,0.177,0.08686,0.007599,0.0314,0.02751,0.03378,0.2214,0.2234,
2.051,0.1658,0.1044,0.05198,0.03449,0.1765,0.08544,0.007593,0.03138,0.0283,0.03295,0.2223,0.2246,
2.051,0.1644,0.1041,0.05177,0.03465,0.176,0.08555,0.007604,0.03142,0.02834,0.033,0.2226,0.2249,
2.05,0.1679,0.1029,0.05181,0.03477,0.1767,0.08593,0.007507,0.03135,0.02846,0.03278,0.2228,0.2251,
2.048,0.1643,0.1023,0.05174,0.03453,0.1768,0.08436,0.007638,0.03152,0.02837,0.03248,0.2237,0.2266,
2.047,0.175,0.1019,0.05174,0.03463,0.1764,0.08437,0.007646,0.03141,0.02853,0.03225,0.2239,0.2272,
2.047,0.1746,0.1012,0.05188,0.03479,0.1763,0.08387,0.007652,0.03144,0.03028,0.03054,0.2241,0.228,
2.056,0.1793,0.1063,0.05196,0.03486,0.1761,0.08321,0.007795,0.03132,0.0303,0.03316,0.2216,0.2234,
2.061,0.1651,0.1073,0.052,0.03499,0.1757,0.08215,0.008103,0.03137,0.03051,0.03538,0.2191,0.2234,
2.065,0.1698,0.1129,0.05206,0.03505,0.1756,0.08166,0.008383,0.03111,0.03135,0.03457,0.2192,0.218,
2.066,0.1743,0.1121,0.05229,0.03515,0.175,0.08168,0.008652,0.03085,0.03214,0.03377,0.2203,0.2181,
2.065,0.1748,0.1117,0.05229,0.03524,0.1749,0.08115,0.008959,0.03086,0.03201,0.03364,0.2205,0.2188,
2.066,0.1674,0.1112,0.05233,0.03529,0.1752,0.08117,0.0091,0.03095,0.03194,0.03351,0.2205,0.2188,
2.064,0.1701,0.1093,0.05239,0.03539,0.1764,0.08117,0.008894,0.03116,0.03282,0.0325,0.2207,0.2193,
2.064,0.174,0.1089,0.05236,0.0355,0.1764,0.08091,0.009037,0.0316,0.03227,0.03252,0.2208,0.2197,
2.063,0.1733,0.1079,0.0522,0.03532,0.1763,0.08078,0.009202,0.03137,0.03254,0.03214,0.2227,0.2196,
2.062,0.1741,0.1075,0.05219,0.0354,0.1765,0.08019,0.009338,0.0311,0.03483,0.02987,0.2227,0.2205,
2.067,0.1822,0.1071,0.05257,0.03545,0.1763,0.07974,0.009641,0.03113,0.03513,0.0316,0.2204,0.221,
2.064,0.1781,0.1038,0.05246,0.03552,0.179,0.07941,0.009796,0.03088,0.03558,0.03121,0.2206,0.2217,
2.063,0.1809,0.1033,0.05218,0.03553,0.179,0.07889,0.009945,0.03098,0.03557,0.03092,0.2216,0.2221,
2.062,0.1979,0.1074,0.05231,0.03505,0.1788,0.07863,0.01012,0.04638,0.02076,0.03109,0.2209,0.2185,
2.073,0.2115,0.1068,0.05233,0.03509,0.1783,0.07862,0.02258,0.03392,0.02076,0.03109,0.222,0.2185,
2.075,0.2078,0.1056,0.05284,0.03519,0.1783,0.07785,0.02299,0.03396,0.02038,0.03234,0.221,0.2195,
2.074,0.2227,0.105,0.05278,0.0352,0.1775,0.07735,0.02296,0.03439,0.0202,0.03198,0.223,0.2197,
2.074,0.2232,0.1042,0.05269,0.0352,0.1776,0.07567,0.02295,0.03466,0.02018,0.03344,0.2222,0.2212,
2.074,0.2156,0.1038,0.05276,0.03532,0.1774,0.07522,0.02297,0.03468,0.02019,0.03346,0.2224,0.2219,
2.069,0.226,0.1029,0.05305,0.03538,0.1776,0.07822,0.01944,0.03491,0.02049,0.03298,0.2225,0.2225,
2.076,0.2038,0.1055,0.05314,0.03548,0.1775,0.0783,0.01951,0.03491,0.02099,0.0347,0.2211,0.2189,
2.073,0.1932,0.1045,0.05316,0.03553,0.1779,0.07847,0.01938,0.03976,0.01838,0.03222,0.222,0.2187,
2.076,0.1906,0.1035,0.0533,0.0356,0.1781,0.07772,0.01922,0.03973,0.01889,0.03402,0.2205,0.2193,
2.075,0.1923,0.1032,0.05353,0.03563,0.1781,0.07645,0.01922,0.04015,0.01914,0.03329,0.2206,0.2207,
2.075,0.1961,0.1049,0.0535,0.03566,0.1785,0.07467,0.01924,0.04017,0.02008,0.03238,0.2207,0.2202,
2.076,0.1914,0.1075,0.05351,0.03576,0.1787,0.07399,0.01913,0.04019,0.02033,0.03215,0.2208,0.2179,
2.075,0.1689,0.1053,0.05367,0.03585,0.1803,0.07404,0.01914,0.0404,0.02016,0.03218,0.2209,0.2181,
2.074,0.1741,0.105,0.05358,0.03545,0.18,0.07357,0.01916,0.04063,0.01998,0.03221,0.2211,0.2194,
2.073,0.1741,0.1047,0.05351,0.03559,0.1801,0.07271,0.01925,0.04069,0.01985,0.03221,0.2212,0.2202,
2.072,0.1884,0.1042,0.0536,0.03575,0.1803,0.07213,0.01926,0.04069,0.01999,0.03207,0.2212,0.2209,
2.07,0.1914,0.1037,0.05368,0.03583,0.1805,0.07026,0.01942,0.04074,0.01997,0.0319,0.2212,0.2228,
2.07,0.1729,0.1036,0.05371,0.03593,0.1799,0.0699,0.01929,0.04077,0.02192,0.02999,0.2214,0.2235,
2.069,0.1745,0.1032,0.05396,0.03601,0.1796,0.06881,0.01945,0.0411,0.02246,0.02905,0.2216,0.2248,
2.069,0.1826,0.1055,0.054,0.03611,0.1797,0.06665,0.01944,0.04109,0.02292,0.02858,0.2226,0.2233,
2.075,0.167,0.1097,0.05372,0.03613,0.1798,0.06668,0.01919,0.04135,0.02398,0.02936,0.2208,0.2192,
