R-TfaEn,REn,RabA,RabB,RabC,RabD,RabE,RabF,RabG,RabH,RabI,TfaEn,area,cMHCIEn,exCxEn,imCxEn,membraneMarker,mvb,oMHCIEn,ovaEn,pepEn,pepMHCIEn,protonEn,solubleMarker,volume,
4.7999999999999997E-39,0.0074,1400.0,1300.0,2400.0,3899999.9999999995,1800.0,1300.0,3000.0,190.0,1800.0,0.15,3899999.9999999995,1.1E-5,0.1,0.1,0.0,530.0,4.9,0.0,0.0,0.0,2.5E7,1.0,7.3E8,
4.7999999999999997E-39,0.0074,1400.0,1300.0,2400.0,3899999.9999999995,1800.0,1300.0,3000.0,190.0,1800.0,0.15,3899999.9999999995,1.2E-5,0.1,0.1,0.0,490.0,4.9,0.0,0.0,0.0,2.4E7,1.0,7.3E8,
4.7999999999999997E-39,0.0074,1400.0,1300.0,2400.0,3899999.9999999995,1800.0,1300.0,3000.0,190.0,1800.0,0.15,3899999.9999999995,1.2E-5,0.1,0.1,0.0,450.0,4.9,0.0,0.0,0.0,2.4E7,1.0,7.3E8,
4.7999999999999997E-39,0.0074,1400.0,1300.0,2400.0,3899999.9999999995,1800.0,1300.0,3000.0,190.0,1800.0,0.15,3899999.9999999995,1.0E-5,0.1,0.1,0.0,430.0,4.9,0.0,0.0,0.0,2.5E7,1.0,7.3E8,
4.7999999999999997E-39,0.0074,1400.0,1300.0,2400.0,3899999.9999999995,1800.0,1300.0,3000.0,190.0,1800.0,0.15,3899999.9999999995,9.4E-6,0.1,0.1,0.0,410.0,4.9,0.0,0.0,0.0,2.6E7,1.0,7.3E8,
4.7999999999999997E-39,0.0074,1400.0,1300.0,2400.0,3899999.9999999995,1800.0,1300.0,3000.0,190.0,1800.0,0.15,3899999.9999999995,7.9E-6,0.1,0.1,0.0,390.0,4.9,0.0,0.0,0.0,2.8E7,1.0,7.3E8,
4.7999999999999997E-39,0.0074,1400.0,1300.0,2400.0,3899999.9999999995,1800.0,1300.0,3000.0,190.0,1800.0,0.15,3899999.9999999995,7.0E-6,0.1,0.1,0.0,370.0,4.9,0.0,0.0,0.0,2.9E7,1.0,7.3E8,
4.7999999999999997E-39,0.0074,1400.0,1300.0,2400.0,3899999.9999999995,1800.0,1300.0,3000.0,190.0,1800.0,0.15,3899999.9999999995,5.9E-6,0.1,0.1,0.0,340.0,4.9,0.0,0.0,0.0,3.1E7,1.0,7.3E8,
4.7999999999999997E-39,0.0074,1400.0,1300.0,2400.0,3899999.9999999995,1800.0,1300.0,3000.0,190.0,1800.0,0.15,3899999.9999999995,6.8E-6,0.1,0.1,0.0,310.0,4.9,0.0,0.0,0.0,3.0E7,1.0,7.3E8,
4.7999999999999997E-39,0.0074,1400.0,1300.0,2400.0,3899999.9999999995,1800.0,1300.0,3000.0,190.0,1800.0,0.15,3899999.9999999995,8.0E-6,0.1,0.1,0.0,290.0,4.9,0.0,0.0,0.0,2.8E7,1.0,7.3E8,
4.7999999999999997E-39,0.0074,1400.0,1300.0,2400.0,3899999.9999999995,1800.0,1300.0,3000.0,190.0,1800.0,0.15,3899999.9999999995,8.3E-6,0.1,0.1,0.0,280.0,4.9,0.0,0.0,0.0,2.8E7,1.0,7.3E8,
4.7999999999999997E-39,0.0074,1400.0,1300.0,2400.0,3899999.9999999995,1800.0,1300.0,3000.0,190.0,1800.0,0.15,3899999.9999999995,7.9E-6,0.1,0.1,0.0,280.0,4.9,0.0,0.0,0.0,2.8E7,1.0,7.3E8,
4.7999999999999997E-39,0.0074,1400.0,1300.0,2400.0,3899999.9999999995,1800.0,1300.0,3000.0,190.0,1800.0,0.15,3899999.9999999995,7.2E-6,0.1,0.1,0.0,280.0,4.9,0.0,0.0,0.0,2.9E7,1.0,7.3E8,
4.1E-39,0.0063,90.0,1400.0,1100.0,4800000.0,1100.0,1300.0,4800.0,190.0,1800.0,0.15,4800000.0,4.5E-6,0.086,0.086,0.0,390.0,6.7,0.0,5.8E-20,8.5E-32,2.8E7,1.0,7.5E8,
3.8999999999999996E-39,0.0061,90.0,1400.0,1100.0,4500000.0,1100.0,1300.0,4800.0,190.0,1800.0,0.15,4500000.0,1.4E-5,0.083,0.083,0.0,380.0,6.4,0.0,1.5E-19,1.1000000000000001E-30,2.6E7,1.0,7.5E8,
3.6E-39,0.0056,90.0,1400.0,1100.0,3899999.9999999995,1100.0,1300.0,4700.0,190.0,1800.0,0.15,3999999.9999999995,1.4E-5,0.075,0.075,0.0,390.0,5.7,0.0,3.1E-19,2.5000000000000002E-30,2.4E7,1.0,7.4E8,
3.6E-39,0.0056,90.0,1400.0,1100.0,3899999.9999999995,1100.0,1300.0,4700.0,190.0,1800.0,0.15,3999999.9999999995,1.7E-5,0.075,0.075,0.0,390.0,5.7,0.0,8.1E-19,9.700000000000001E-30,2.3E7,1.0,7.4E8,
3.6E-39,0.0056,90.0,1400.0,1100.0,3899999.9999999995,1100.0,1300.0,4700.0,190.0,1800.0,0.15,3999999.9999999995,1.7E-5,0.075,0.075,0.0,380.0,5.7,0.0,1.5E-18,2.3E-29,2.3E7,1.0,7.4E8,
3.6E-39,0.0056,90.0,1400.0,1100.0,3899999.9999999995,1100.0,1300.0,4700.0,190.0,1800.0,0.15,3999999.9999999995,1.6E-5,0.075,0.075,0.0,380.0,5.7,0.0,2.5E-18,3.9E-29,2.3E7,1.0,7.4E8,
3.6E-39,0.0056,90.0,1400.0,1100.0,3899999.9999999995,1100.0,1300.0,4700.0,190.0,1800.0,0.15,3999999.9999999995,1.4E-5,0.075,0.075,0.0,380.0,5.7,0.0,3.6E-18,5.599999999999999E-29,2.4E7,1.0,7.4E8,
3.6E-39,0.0056,90.0,1400.0,1100.0,3899999.9999999995,1100.0,1300.0,4700.0,190.0,1800.0,0.15,3999999.9999999995,1.2E-5,0.075,0.075,0.0,380.0,5.7,0.0,5.0E-18,7.1E-29,2.6E7,1.0,7.4E8,
3.6E-39,0.0056,90.0,1400.0,1100.0,3899999.9999999995,1100.0,1300.0,4700.0,190.0,1800.0,0.15,3999999.9999999995,1.1E-5,0.075,0.075,0.0,370.0,5.7,0.0,6.5E-18,8.4E-29,2.7E7,1.0,7.4E8,
3.6E-39,0.0056,90.0,1400.0,1100.0,3899999.9999999995,1100.0,1300.0,4700.0,190.0,1800.0,0.15,3999999.9999999995,9.0E-6,0.075,0.075,0.0,370.0,5.7,0.0,8.2E-18,9.3E-29,2.9E7,1.0,7.4E8,
3.6E-39,0.0056,90.0,1400.0,1100.0,3899999.9999999995,1100.0,1300.0,4700.0,190.0,1800.0,0.15,3999999.9999999995,7.7E-6,0.075,0.075,0.0,370.0,5.7,0.0,1.0E-17,9.9E-29,3.0E7,1.0,7.4E8,
3.6E-39,0.0056,90.0,1400.0,1100.0,3899999.9999999995,1100.0,1300.0,4700.0,190.0,1800.0,0.15,3999999.9999999995,8.8E-6,0.075,0.075,0.0,370.0,5.7,0.0,7.1E-16,2.5E-27,2.9E7,1.0,7.4E8,
3.6E-39,0.0056,90.0,1400.0,1100.0,3899999.9999999995,1100.0,1300.0,4700.0,190.0,1800.0,0.15,3999999.9999999995,1.0E-5,0.075,0.075,0.0,370.0,5.7,0.0,2.1E-15,1.5E-26,2.7E7,1.0,7.4E8,
3.6E-39,0.0056,90.0,1400.0,1100.0,3899999.9999999995,1100.0,1300.0,4700.0,190.0,1800.0,0.15,3999999.9999999995,1.0E-5,0.075,0.075,0.0,370.0,5.7,0.0,4.0E-15,3.6E-26,2.7E7,1.0,7.4E8,
3.6E-39,0.0056,90.0,1400.0,1100.0,3899999.9999999995,1100.0,1300.0,4700.0,190.0,1800.0,0.15,3999999.9999999995,9.9E-6,0.075,0.075,0.0,370.0,5.7,0.0,6.3E-15,6.2E-26,2.8E7,1.0,7.4E8,
3.6E-39,0.0056,90.0,1400.0,1100.0,3899999.9999999995,1100.0,1300.0,4700.0,190.0,1800.0,0.15,3999999.9999999995,9.0E-6,0.075,0.075,0.0,370.0,5.7,0.0,9.0E-15,8.8E-26,2.9E7,1.0,7.4E8,
3.6E-39,0.0056,90.0,1400.0,1100.0,3899999.9999999995,1100.0,1300.0,4700.0,190.0,1800.0,0.15,3999999.9999999995,7.9E-6,0.075,0.075,0.0,360.0,5.7,0.0,1.2E-14,1.0999999999999999E-25,3.0E7,1.0,7.4E8,
3.6E-39,0.0056,90.0,1400.0,1100.0,3899999.9999999995,1100.0,1300.0,4700.0,190.0,1800.0,0.15,3999999.9999999995,7.0E-6,0.075,0.075,0.0,360.0,5.7,0.0,1.5E-14,1.3E-25,3.1E7,1.0,7.4E8,
3.6E-39,0.0056,90.0,1400.0,1100.0,3899999.9999999995,1100.0,1300.0,4700.0,190.0,1800.0,0.15,3999999.9999999995,6.1E-6,0.075,0.075,0.0,360.0,5.7,0.0,1.9E-14,1.5E-25,3.3E7,1.0,7.4E8,
3.6E-39,0.0056,90.0,1400.0,1100.0,3899999.9999999995,1100.0,1300.0,4700.0,190.0,1800.0,0.15,3999999.9999999995,6.2E-6,0.075,0.075,0.0,350.0,5.7,0.0,3.2E-14,1.7E-25,3.3E7,1.0,7.4E8,
3.6E-39,0.0056,90.0,1400.0,1100.0,3899999.9999999995,1100.0,1300.0,4700.0,190.0,1800.0,0.15,3999999.9999999995,7.8E-6,0.075,0.075,0.0,350.0,5.7,0.0,6.9E-14,4.2E-25,3.0E7,1.0,7.4E8,
3.6E-39,0.0056,90.0,1400.0,1100.0,3899999.9999999995,1100.0,1300.0,4700.0,190.0,1800.0,0.15,3999999.9999999995,8.5E-6,0.075,0.075,0.0,350.0,5.7,0.0,1.2E-13,8.799999999999999E-25,2.9E7,1.0,7.4E8,
3.6E-39,0.0056,90.0,1400.0,1100.0,3899999.9999999995,1100.0,1300.0,4700.0,190.0,1800.0,0.15,3999999.9999999995,8.4E-6,0.075,0.075,0.0,340.0,5.7,0.0,1.7E-13,1.4999999999999998E-24,2.9E7,1.0,7.4E8,
3.6E-39,0.0056,90.0,1400.0,1100.0,3899999.9999999995,1100.0,1300.0,4700.0,190.0,1800.0,0.15,3999999.9999999995,7.8E-6,0.075,0.075,0.0,340.0,5.7,0.0,2.4E-13,2.0E-24,3.0E7,1.0,7.4E8,
3.6E-39,0.0056,90.0,1400.0,1100.0,3899999.9999999995,1100.0,1300.0,4700.0,190.0,1800.0,0.15,3999999.9999999995,7.1E-6,0.075,0.075,0.0,340.0,5.7,0.0,3.1E-13,2.5999999999999996E-24,3.1E7,1.0,7.4E8,
3.6E-39,0.0056,90.0,1400.0,1100.0,3899999.9999999995,1100.0,1300.0,4700.0,190.0,1800.0,0.15,3999999.9999999995,6.3E-6,0.075,0.075,0.0,340.0,5.7,0.0,3.9E-13,2.9999999999999996E-24,3.3E7,1.0,7.4E8,
3.6E-39,0.0056,90.0,1400.0,1100.0,3899999.9999999995,1100.0,1300.0,4700.0,190.0,1800.0,0.15,3999999.9999999995,5.5E-6,0.075,0.075,0.0,340.0,5.7,0.0,4.8E-13,3.3E-24,3.4E7,1.0,7.4E8,
3.6E-39,0.0056,90.0,1400.0,1100.0,3899999.9999999995,1100.0,1300.0,4700.0,190.0,1800.0,0.15,3999999.9999999995,4.8E-6,0.075,0.075,0.0,340.0,5.7,0.0,5.8E-13,3.599999999999999E-24,3.6E7,1.0,7.4E8,
3.6E-39,0.0056,90.0,1400.0,1100.0,3899999.9999999995,1100.0,1300.0,4700.0,190.0,1800.0,0.15,3999999.9999999995,6.5E-6,0.075,0.075,0.0,330.0,5.7,0.0,6.8E-13,4.5999999999999995E-24,3.2E7,1.0,7.4E8,
3.6E-39,0.0056,90.0,1400.0,1100.0,3899999.9999999995,1100.0,1300.0,4700.0,190.0,1800.0,0.15,3999999.9999999995,7.5E-6,0.075,0.075,0.0,330.0,5.7,0.0,8.0E-13,6.499999999999999E-24,3.1E7,1.0,7.4E8,
3.6E-39,0.0056,90.0,1400.0,1100.0,3899999.9999999995,1100.0,1300.0,4700.0,190.0,1800.0,0.15,3999999.9999999995,7.7E-6,0.075,0.075,0.0,330.0,5.7,0.0,9.5E-13,8.4E-24,3.0E7,1.0,7.4E8,
3.6E-39,0.0056,90.0,1400.0,1100.0,3899999.9999999995,1100.0,1300.0,4700.0,190.0,1800.0,0.15,3999999.9999999995,7.4E-6,0.075,0.075,0.0,330.0,5.7,0.0,1.1E-12,9.899999999999999E-24,3.1E7,1.0,7.4E8,
3.6E-39,0.0056,90.0,1400.0,1100.0,3899999.9999999995,1100.0,1300.0,4700.0,190.0,1800.0,0.15,3999999.9999999995,6.8E-6,0.075,0.075,0.0,330.0,5.7,0.0,1.3E-12,1.1E-23,3.2E7,1.0,7.4E8,
3.6E-39,0.0056,90.0,1400.0,1100.0,3899999.9999999995,1100.0,1300.0,4700.0,190.0,1800.0,0.15,3999999.9999999995,6.0E-6,0.075,0.075,0.0,320.0,5.7,0.0,1.5E-12,1.2E-23,3.3E7,1.0,7.4E8,
3.6E-39,0.0056,90.0,1400.0,1100.0,3899999.9999999995,1100.0,1300.0,4700.0,190.0,1800.0,0.15,3999999.9999999995,5.4E-6,0.075,0.075,0.0,320.0,5.7,0.0,1.7E-12,1.2E-23,3.5E7,1.0,7.4E8,
3.6E-39,0.0056,90.0,1400.0,1100.0,3899999.9999999995,1100.0,1300.0,4700.0,190.0,1800.0,0.15,3999999.9999999995,4.7E-6,0.075,0.075,0.0,320.0,5.7,0.0,2.0E-12,1.3E-23,3.6E7,1.0,7.4E8,
3.6E-39,0.0056,90.0,1400.0,1100.0,3899999.9999999995,1100.0,1300.0,4700.0,190.0,1800.0,0.15,3999999.9999999995,5.7E-6,0.075,0.075,0.0,310.0,5.7,0.0,2.2E-12,1.4000000000000002E-23,3.4E7,1.0,7.4E8,
3.6E-39,0.0056,90.0,1400.0,1100.0,3899999.9999999995,1100.0,1300.0,4700.0,190.0,1800.0,0.15,3999999.9999999995,6.9E-6,0.075,0.075,0.0,310.0,5.7,0.0,2.4E-12,1.8E-23,3.2E7,1.0,7.4E8,
3.6E-39,0.0056,90.0,1400.0,1100.0,3899999.9999999995,1100.0,1300.0,4700.0,190.0,1800.0,0.15,3999999.9999999995,7.3E-6,0.075,0.075,0.0,310.0,5.7,0.0,2.7E-12,2.3E-23,3.1E7,1.0,7.4E8,
3.6E-39,0.0056,90.0,1400.0,1100.0,3899999.9999999995,1100.0,1300.0,4700.0,190.0,1800.0,0.15,3999999.9999999995,7.2E-6,0.075,0.075,0.0,310.0,5.7,0.0,3.0E-12,2.6E-23,3.1E7,1.0,7.4E8,
3.6E-39,0.0056,90.0,1400.0,1100.0,3899999.9999999995,1100.0,1300.0,4700.0,190.0,1800.0,0.15,3999999.9999999995,6.7E-6,0.075,0.075,0.0,310.0,5.7,0.0,3.3E-12,2.8000000000000003E-23,3.2E7,1.0,7.4E8,
3.6E-39,0.0056,90.0,1400.0,1100.0,3899999.9999999995,1100.0,1300.0,4700.0,190.0,1800.0,0.15,3999999.9999999995,6.0E-6,0.075,0.075,0.0,310.0,5.7,0.0,3.6E-12,2.9E-23,3.3E7,1.0,7.4E8,
3.6E-39,0.0056,90.0,1400.0,1100.0,3899999.9999999995,1100.0,1300.0,4700.0,190.0,1800.0,0.15,3999999.9999999995,5.4E-6,0.075,0.075,0.0,310.0,5.7,0.0,4.0E-12,2.9E-23,3.4E7,1.0,7.4E8,
3.6E-39,0.0056,90.0,1400.0,1100.0,3899999.9999999995,1100.0,1300.0,4700.0,190.0,1800.0,0.15,3999999.9999999995,4.8E-6,0.075,0.075,0.0,300.0,5.7,0.0,4.5E-12,2.9E-23,3.6E7,1.0,7.4E8,
3.6E-39,0.0056,90.0,1400.0,1100.0,3899999.9999999995,1100.0,1300.0,4700.0,190.0,1800.0,0.15,3999999.9999999995,5.0E-6,0.075,0.075,0.0,300.0,5.7,0.0,4.8E-12,2.9E-23,3.5E7,1.0,7.4E8,
3.6E-39,0.0056,90.0,1400.0,1100.0,3899999.9999999995,1100.0,1300.0,4700.0,190.0,1800.0,0.15,3999999.9999999995,6.4E-6,0.075,0.075,0.0,290.0,5.7,0.0,5.2E-12,3.7E-23,3.2E7,1.0,7.4E8,
3.6E-39,0.0056,90.0,1400.0,1100.0,3899999.9999999995,1100.0,1300.0,4700.0,190.0,1800.0,0.15,3999999.9999999995,7.1E-6,0.075,0.075,0.0,290.0,5.7,0.0,5.5E-12,4.6E-23,3.1E7,1.0,7.4E8,
3.6E-39,0.0056,90.0,1400.0,1100.0,3899999.9999999995,1100.0,1300.0,4700.0,190.0,1800.0,0.15,3999999.9999999995,7.1E-6,0.075,0.075,0.0,290.0,5.7,0.0,6.0E-12,5.3E-23,3.1E7,1.0,7.4E8,
3.6E-39,0.0056,90.0,1400.0,1100.0,3899999.9999999995,1100.0,1300.0,4700.0,190.0,1800.0,0.15,3999999.9999999995,6.7E-6,0.075,0.075,0.0,280.0,5.7,0.0,6.4E-12,5.7E-23,3.2E7,1.0,7.4E8,
3.6E-39,0.0056,90.0,1400.0,1100.0,3899999.9999999995,1100.0,1300.0,4700.0,190.0,1800.0,0.15,3999999.9999999995,6.1E-6,0.075,0.075,0.0,280.0,5.7,0.0,7.0E-12,5.8E-23,3.3E7,1.0,7.4E8,
3.6E-39,0.0056,90.0,1400.0,1100.0,3899999.9999999995,1100.0,1300.0,4700.0,190.0,1800.0,0.15,3999999.9999999995,5.5E-6,0.075,0.075,0.0,270.0,5.7,0.0,7.5E-12,5.7E-23,3.4E7,1.0,7.4E8,
3.6E-39,0.0056,90.0,1400.0,1100.0,3899999.9999999995,1100.0,1300.0,4700.0,190.0,1800.0,0.15,3999999.9999999995,4.9E-6,0.075,0.075,0.0,270.0,5.7,0.0,8.1E-12,5.5E-23,3.6E7,1.0,7.4E8,
3.6E-39,0.0056,90.0,1400.0,1100.0,3899999.9999999995,1100.0,1300.0,4700.0,190.0,1800.0,0.15,3999999.9999999995,4.3E-6,0.075,0.075,0.0,270.0,5.7,0.0,8.8E-12,5.3E-23,3.7E7,1.0,7.4E8,
3.6E-39,0.0056,90.0,1400.0,1100.0,3899999.9999999995,1100.0,1300.0,4700.0,190.0,1800.0,0.15,3999999.9999999995,5.9E-6,0.075,0.075,0.0,260.0,5.7,0.0,9.2E-12,6.1E-23,3.3E7,1.0,7.4E8,
3.6E-39,0.0056,90.0,1400.0,1100.0,3899999.9999999995,1100.0,1300.0,4700.0,190.0,1800.0,0.15,3999999.9999999995,6.8E-6,0.075,0.075,0.0,250.0,5.7,0.0,9.7E-12,7.700000000000001E-23,3.2E7,1.0,7.4E8,
3.6E-39,0.0056,90.0,1400.0,1100.0,3899999.9999999995,1100.0,1300.0,4700.0,190.0,1800.0,0.15,3999999.9999999995,7.1E-6,0.075,0.075,0.0,250.0,5.7,0.0,1.0E-11,9.000000000000001E-23,3.1E7,1.0,7.4E8,
3.6E-39,0.0056,90.0,1400.0,1100.0,3899999.9999999995,1100.0,1300.0,4700.0,190.0,1800.0,0.15,3999999.9999999995,6.8E-6,0.075,0.075,0.0,250.0,5.7,0.0,1.1E-11,9.7E-23,3.2E7,1.0,7.4E8,
3.6E-39,0.0056,90.0,1400.0,1100.0,3899999.9999999995,1100.0,1300.0,4700.0,190.0,1800.0,0.15,3999999.9999999995,6.3E-6,0.075,0.075,0.0,240.0,5.7,0.0,1.2E-11,9.9E-23,3.3E7,1.0,7.4E8,
3.6E-39,0.0056,90.0,1400.0,1100.0,3899999.9999999995,1100.0,1300.0,4700.0,190.0,1800.0,0.15,3999999.9999999995,5.7E-6,0.075,0.075,0.0,240.0,5.7,0.0,1.2E-11,9.7E-23,3.4E7,1.0,7.4E8,
3.6E-39,0.0055,90.0,1400.0,1100.0,3899999.9999999995,1100.0,1300.0,4700.0,190.0,1800.0,0.15,3999999.9999999995,5.0E-6,0.075,0.075,0.0,240.0,5.7,0.0,1.3E-11,9.3E-23,3.5E7,1.0,7.3E8,
3.6E-39,0.0055,90.0,1400.0,1100.0,3899999.9999999995,1100.0,1300.0,4700.0,190.0,1800.0,0.15,3899999.9999999995,6.4E-6,0.075,0.075,0.0,240.0,5.7,0.0,1.4E-11,9.999999999999999E-23,3.2E7,1.0,7.3E8,
3.6E-39,0.0055,90.0,1400.0,1100.0,3899999.9999999995,1100.0,1300.0,4700.0,190.0,1800.0,0.15,3899999.9999999995,7.5E-6,0.075,0.075,0.0,230.0,5.7,0.0,1.4E-11,1.2E-22,3.0E7,1.0,7.3E8,
3.6E-39,0.0055,90.0,1400.0,1100.0,3899999.9999999995,1100.0,1300.0,4700.0,190.0,1800.0,0.15,3899999.9999999995,7.8E-6,0.075,0.075,0.0,230.0,5.7,0.0,1.5E-11,1.5E-22,3.0E7,1.0,7.3E8,
3.6E-39,0.0055,90.0,1400.0,1100.0,3899999.9999999995,1100.0,1300.0,4700.0,190.0,1800.0,0.15,3899999.9999999995,7.5E-6,0.075,0.075,0.0,230.0,5.7,0.0,1.6E-11,1.6E-22,3.0E7,1.0,7.3E8,
3.6E-39,0.0055,90.0,1400.0,1100.0,3899999.9999999995,1100.0,1300.0,4700.0,190.0,1800.0,0.15,3899999.9999999995,6.9E-6,0.075,0.075,0.0,230.0,5.7,0.0,1.7E-11,1.6E-22,3.1E7,1.0,7.3E8,
3.6E-39,0.0055,90.0,1400.0,1100.0,3899999.9999999995,1100.0,1300.0,4700.0,190.0,1800.0,0.15,3899999.9999999995,6.2E-6,0.075,0.075,0.0,220.0,5.7,0.0,1.7E-11,1.5E-22,3.2E7,1.0,7.3E8,
1.5000000000000002E-38,0.032,3100.0,25000.0,19000.0,4800000.0,1600.0,260.0,4700.0,190.0,1800.0,0.15,4800000.0,0.69,0.1,0.1,0.0,290.0,14.0,280.0,4.6E-10,8.8E-15,3.4E7,1.0,7.5E8,
3.3E-39,0.0072,3100.0,4900.0,1400.0,4700000.0,1600.0,260.0,4700.0,190.0,1800.0,0.15,4700000.0,4.6E-6,0.076,0.076,0.0,300.0,3.8,14.0,4.6E-10,1.1E-15,3.2E7,1.0,7.5E8,
3.3E-39,0.0072,3100.0,4900.0,1400.0,4600000.0,1600.0,260.0,4700.0,190.0,1800.0,0.15,4600000.0,5.9E-6,0.075,0.075,0.0,290.0,3.8,0.096,4.5E-10,3.9E-16,2.9E7,1.0,7.5E8,
3.2E-39,0.007,3100.0,4900.0,1400.0,4400000.0,1600.0,260.0,4700.0,190.0,1800.0,0.15,4400000.0,7.2E-6,0.073,0.073,0.0,290.0,3.6,6.6E-4,4.5E-10,1.4E-16,2.7E7,1.0,7.5E8,
3.2E-39,0.0069,3100.0,4900.0,1400.0,4300000.0,1600.0,260.0,4700.0,190.0,1800.0,0.15,4300000.0,8.7E-6,0.072,0.072,0.0,290.0,3.6,4.5E-6,4.5E-10,5.2E-17,2.5E7,1.0,7.4E8,
3.1E-39,0.0068,3100.0,4900.0,1400.0,3999999.9999999995,1600.0,260.0,4700.0,190.0,1800.0,0.15,4099999.9999999995,9.7E-6,0.069,0.069,0.0,280.0,3.4,8.4E-8,4.5E-10,2.3E-17,2.3E7,1.0,7.4E8,
3.1E-39,0.0067,3100.0,4900.0,1400.0,3899999.9999999995,1600.0,260.0,4700.0,190.0,1800.0,0.15,3999999.9999999995,1.1E-5,0.068,0.068,0.0,280.0,3.4,1.6E-9,4.5E-10,1.0E-17,2.2E7,1.0,7.4E8,
3.1E-39,0.0067,3100.0,4900.0,1400.0,3899999.9999999995,1600.0,260.0,4700.0,190.0,1800.0,0.15,3999999.9999999995,1.2E-5,0.068,0.068,0.0,280.0,3.4,4.0E-12,4.5E-10,3.1E-18,2.1E7,1.0,7.4E8,
3.1E-39,0.0067,3100.0,4900.0,1400.0,3899999.9999999995,1600.0,260.0,4700.0,190.0,1800.0,0.15,3999999.9999999995,1.2E-5,0.068,0.068,0.0,280.0,3.4,1.0E-14,4.5E-10,9.3E-19,2.2E7,1.0,7.4E8,
3.1E-39,0.0067,3100.0,4900.0,1400.0,3899999.9999999995,1600.0,260.0,4700.0,190.0,1800.0,0.15,3999999.9999999995,1.0E-5,0.068,0.068,0.0,280.0,3.4,2.6E-17,4.5E-10,2.8E-19,2.2E7,1.0,7.4E8,
3.1E-39,0.0067,3100.0,4900.0,1400.0,3899999.9999999995,1600.0,260.0,4700.0,190.0,1800.0,0.15,3999999.9999999995,9.1E-6,0.068,0.068,0.0,280.0,3.4,6.8E-20,4.6E-10,9.0E-20,2.4E7,1.0,7.4E8,
3.1E-39,0.0067,3100.0,4900.0,1400.0,3899999.9999999995,1600.0,260.0,4700.0,190.0,1800.0,0.15,3999999.9999999995,7.7E-6,0.068,0.068,0.0,280.0,3.4,1.9999999999999999E-22,4.6E-10,3.1E-20,2.5E7,1.0,7.4E8,
3.1E-39,0.0067,3100.0,4900.0,1400.0,3899999.9999999995,1600.0,260.0,4700.0,190.0,1800.0,0.15,3999999.9999999995,6.5E-6,0.068,0.068,0.0,280.0,3.4,5.9E-25,4.6E-10,1.2E-20,2.7E7,1.0,7.4E8,
3.1E-39,0.0067,3100.0,4900.0,1400.0,3899999.9999999995,1600.0,260.0,4700.0,190.0,1800.0,0.15,3999999.9999999995,5.5E-6,0.068,0.068,0.0,280.0,3.4,1.7000000000000002E-27,4.6E-10,6.2E-21,2.8E7,1.0,7.4E8,
3.1E-39,0.0067,3100.0,4900.0,1400.0,3899999.9999999995,1600.0,260.0,4700.0,190.0,1800.0,0.15,3999999.9999999995,4.7E-6,0.068,0.068,0.0,280.0,3.4,6.7E-30,4.6E-10,4.1E-21,3.0E7,1.0,7.4E8,
3.1E-39,0.0067,3100.0,4900.0,1400.0,3899999.9999999995,1600.0,260.0,4700.0,190.0,1800.0,0.15,3999999.9999999995,6.0E-6,0.068,0.068,0.0,270.0,3.4,1.7000000000000002E-32,4.6E-10,3.6E-21,2.7E7,1.0,7.4E8,
3.1E-39,0.0067,3100.0,4900.0,1400.0,3899999.9999999995,1600.0,260.0,4700.0,190.0,1800.0,0.15,3999999.9999999995,6.6E-6,0.068,0.068,0.0,270.0,3.4,4.4E-35,4.6E-10,3.9E-21,2.7E7,1.0,7.4E8,
3.1E-39,0.0067,3100.0,4900.0,1400.0,3899999.9999999995,1600.0,260.0,4700.0,190.0,1800.0,0.15,3999999.9999999995,6.5E-6,0.068,0.068,0.0,270.0,3.4,1.1E-37,4.6E-10,4.0E-21,2.7E7,1.0,7.4E8,
9.0E-39,0.065,4600.0,64000.0,7000.0,5000000.0,1600.0,260.0,4700.0,190.0,260.0,0.15,5100000.0,3.2E-5,0.021,0.021,0.0,350.0,18.0,6.7,1.0E-9,1.2E-14,2.6E7,1.0,7.6E8,
1.8E-39,0.013,4600.0,3600.0,7000.0,4800000.0,1600.0,260.0,4700.0,190.0,260.0,0.15,4800000.0,4.4E-5,0.0095,0.0095,0.0,350.0,17.0,0.33,1.0E-9,1.3E-15,2.5E7,1.0,7.6E8,
1.8E-39,0.013,4600.0,3600.0,7000.0,4300000.0,1600.0,250.0,4700.0,190.0,260.0,0.15,4300000.0,4.5E-5,0.0086,0.0086,0.0,360.0,17.0,0.045,1.0E-9,8.4E-16,2.4E7,1.0,7.6E8,
1.7E-39,0.013,4600.0,3600.0,7000.0,4099999.9999999995,1600.0,250.0,4700.0,190.0,260.0,0.15,4099999.9999999995,5.1E-5,0.0083,0.0083,0.0,350.0,16.0,8.5E-4,9.9E-10,3.7E-16,2.3E7,1.0,7.5E8,
1.7E-39,0.013,4500.0,3600.0,7000.0,3999999.9999999995,1600.0,250.0,4700.0,190.0,260.0,0.15,3999999.9999999995,5.8E-5,0.0081,0.0081,0.0,340.0,16.0,1.6E-5,9.9E-10,1.7E-16,2.2E7,1.0,7.5E8,
1.7E-39,0.013,4500.0,3600.0,7000.0,3999999.9999999995,1600.0,250.0,4700.0,190.0,260.0,0.15,3999999.9999999995,6.4E-5,0.0081,0.0081,0.0,340.0,16.0,4.0E-8,9.9E-10,5.0E-17,2.1E7,1.0,7.5E8,
1.7E-39,0.013,4500.0,3600.0,7000.0,3999999.9999999995,1600.0,250.0,4700.0,190.0,260.0,0.15,3999999.9999999995,6.2E-5,0.0081,0.0081,0.0,340.0,16.0,1.0E-10,9.9E-10,1.5E-17,2.1E7,1.0,7.5E8,
1.7E-39,0.013,4500.0,3600.0,7000.0,3999999.9999999995,1600.0,250.0,4700.0,190.0,260.0,0.15,3999999.9999999995,6.4E-5,0.008,0.008,0.0,340.0,16.0,2.6E-13,9.8E-10,4.6E-18,2.1E7,1.0,7.5E8,
1.7E-39,0.013,4500.0,3600.0,7000.0,3999999.9999999995,1600.0,250.0,4700.0,190.0,260.0,0.15,3999999.9999999995,6.6E-5,0.008,0.008,0.0,340.0,16.0,6.7E-16,9.8E-10,1.5E-18,2.0E7,1.0,7.5E8,
1.7E-39,0.013,4500.0,3600.0,7000.0,3999999.9999999995,1600.0,250.0,4700.0,190.0,260.0,0.15,3999999.9999999995,6.2E-5,0.008,0.008,0.0,340.0,16.0,1.7E-18,9.8E-10,5.0E-19,2.1E7,1.0,7.5E8,
1.7E-39,0.013,4500.0,3600.0,7000.0,3999999.9999999995,1600.0,250.0,4700.0,190.0,260.0,0.15,3999999.9999999995,5.5E-5,0.008,0.008,0.0,340.0,16.0,4.4E-21,9.8E-10,2.0E-19,2.2E7,1.0,7.5E8,
1.7E-39,0.013,4500.0,3600.0,7000.0,3999999.9999999995,1600.0,250.0,4700.0,190.0,260.0,0.15,3999999.9999999995,4.7E-5,0.008,0.008,0.0,340.0,16.0,1.2E-23,9.8E-10,1.1E-19,2.3E7,1.0,7.5E8,
1.7E-39,0.013,4500.0,3600.0,7000.0,3999999.9999999995,1600.0,250.0,4700.0,190.0,260.0,0.15,3999999.9999999995,3.9E-5,0.008,0.008,0.0,330.0,16.0,8.7E-26,9.8E-10,7.1E-20,2.5E7,1.0,7.5E8,
1.7E-39,0.013,4500.0,3600.0,7000.0,3999999.9999999995,1600.0,250.0,4700.0,190.0,260.0,0.15,3999999.9999999995,3.3E-5,0.008,0.008,0.0,330.0,16.0,2.1E-28,9.8E-10,5.4E-20,2.6E7,1.0,7.5E8,
1.7E-39,0.013,4500.0,3600.0,7000.0,3999999.9999999995,1600.0,250.0,4700.0,190.0,260.0,0.15,3999999.9999999995,2.8E-5,0.008,0.008,0.0,330.0,16.0,5.5E-31,9.8E-10,4.4E-20,2.8E7,1.0,7.5E8,
1.7E-39,0.013,4500.0,3600.0,7000.0,3999999.9999999995,1600.0,250.0,4700.0,190.0,260.0,0.15,3999999.9999999995,2.6E-5,0.008,0.008,0.0,320.0,16.0,3.0E-34,9.8E-10,3.7E-20,2.9E7,1.0,7.5E8,
1.7E-39,0.013,4500.0,3600.0,7000.0,3999999.9999999995,1600.0,250.0,4700.0,190.0,260.0,0.15,3999999.9999999995,3.1E-5,0.008,0.008,0.0,320.0,16.0,7.7E-37,9.8E-10,3.8E-20,2.7E7,1.0,7.5E8,
1.7E-39,0.013,4500.0,3600.0,7000.0,3999999.9999999995,1600.0,250.0,4700.0,190.0,260.0,0.15,3999999.9999999995,3.3E-5,0.008,0.008,0.0,320.0,16.0,2.0E-39,9.8E-10,4.2E-20,2.6E7,1.0,7.5E8,
1.7E-39,0.013,4500.0,3600.0,7000.0,3999999.9999999995,1600.0,250.0,4700.0,190.0,260.0,0.15,3999999.9999999995,3.2E-5,0.008,0.008,0.0,320.0,16.0,5.0E-42,9.8E-10,4.3E-20,2.6E7,1.0,7.5E8,
1.7E-39,0.013,4500.0,3600.0,7000.0,3999999.9999999995,1600.0,250.0,4700.0,190.0,260.0,0.15,3999999.9999999995,3.0E-5,0.008,0.008,0.0,310.0,16.0,1.3000000000000002E-44,9.8E-10,4.1E-20,2.7E7,1.0,7.5E8,
1.7E-39,0.013,4500.0,3600.0,7000.0,3999999.9999999995,1600.0,250.0,4700.0,190.0,260.0,0.15,3999999.9999999995,2.6E-5,0.008,0.008,0.0,310.0,16.0,1.0E-46,9.8E-10,3.8E-20,2.9E7,1.0,7.5E8,
1.7E-39,0.013,4500.0,3600.0,7000.0,3999999.9999999995,1600.0,250.0,4700.0,190.0,260.0,0.15,3999999.9999999995,2.3E-5,0.008,0.008,0.0,310.0,16.0,0.0,9.8E-10,3.4E-20,3.0E7,1.0,7.5E8,
1.7E-39,0.013,4500.0,3600.0,7000.0,3999999.9999999995,1600.0,250.0,4700.0,190.0,260.0,0.15,3999999.9999999995,2.0E-5,0.008,0.008,0.0,310.0,16.0,9.000000000000001E-48,9.8E-10,3.0E-20,3.1E7,1.0,7.5E8,
1.7E-39,0.013,4500.0,3600.0,7000.0,3999999.9999999995,1600.0,250.0,4700.0,190.0,260.0,0.15,3999999.9999999995,1.7E-5,0.008,0.008,0.0,300.0,16.0,8.9E-48,9.9E-10,2.6E-20,3.3E7,1.0,7.5E8,
1.7E-39,0.013,4500.0,3600.0,7000.0,3999999.9999999995,1600.0,250.0,4700.0,190.0,260.0,0.15,3999999.9999999995,2.1E-5,0.008,0.008,0.0,300.0,16.0,2.0E-49,9.8E-10,2.6E-20,3.1E7,1.0,7.5E8,
1.7E-39,0.013,4500.0,3600.0,7000.0,3999999.9999999995,1600.0,250.0,4700.0,190.0,260.0,0.15,3999999.9999999995,2.5E-5,0.008,0.008,0.0,300.0,16.0,5.2E-52,9.9E-10,3.0E-20,2.9E7,1.0,7.5E8,
1.7E-39,0.013,4500.0,3600.0,7000.0,3999999.9999999995,1600.0,250.0,4700.0,190.0,260.0,0.15,3999999.9999999995,2.5E-5,0.008,0.008,0.0,290.0,16.0,1.3E-54,9.9E-10,3.2E-20,2.9E7,1.0,7.5E8,
1.3E-38,0.1,1700.0,110000.0,13000.0,5000000.0,1600.0,250.0,4700.0,190.0,260.0,0.15,5100000.0,2.3,0.087,0.087,0.0,310.0,25.0,45.0,3.2E-9,6.9E-15,3.0E7,1.0,7.6E8,
5.8E-40,0.0045,1700.0,150.0,590.0,4800000.0,1600.0,250.0,4700.0,190.0,260.0,0.15,4800000.0,2.1E-6,0.027,0.027,0.0,310.0,8.0,2.4,3.2E-9,1.6E-16,2.8E7,1.0,7.6E8,
5.6E-40,0.0043,1700.0,150.0,590.0,4600000.0,1600.0,250.0,4700.0,190.0,260.0,0.15,4600000.0,1.6E-5,0.026,0.026,0.0,310.0,7.7,0.12,3.2E-9,8.7E-17,2.7E7,1.0,7.6E8,
5.4E-40,0.0041,1700.0,150.0,590.0,4300000.0,1600.0,250.0,4700.0,190.0,250.0,0.15,4400000.0,1.7E-5,0.025,0.025,0.0,310.0,7.4,0.016,3.2E-9,5.6E-17,2.6E7,1.0,7.5E8,
5.1E-40,0.0039,1700.0,150.0,590.0,4099999.9999999995,1600.0,250.0,4700.0,190.0,250.0,0.15,4099999.9999999995,1.8E-5,0.023,0.023,0.0,310.0,7.0,8.0E-4,3.2E-9,2.9E-17,2.4E7,1.0,7.5E8,
5.0E-40,0.0038,1700.0,150.0,590.0,3999999.9999999995,1600.0,250.0,4700.0,190.0,250.0,0.15,3999999.9999999995,2.1E-5,0.023,0.023,0.0,310.0,6.9,5.5E-6,3.2E-9,1.1E-17,2.3E7,1.0,7.5E8,
5.0E-40,0.0038,1700.0,150.0,590.0,3999999.9999999995,1600.0,250.0,4700.0,190.0,250.0,0.15,3999999.9999999995,2.2E-5,0.023,0.023,0.0,300.0,6.9,1.4E-8,3.2E-9,3.2E-18,2.2E7,1.0,7.5E8,
5.0E-40,0.0038,1700.0,150.0,590.0,3999999.9999999995,1600.0,250.0,4700.0,190.0,250.0,0.15,3999999.9999999995,2.2E-5,0.023,0.023,0.0,300.0,6.9,3.5E-11,3.2E-9,1.0E-18,2.3E7,1.0,7.5E8,
5.0E-40,0.0038,1700.0,150.0,590.0,3999999.9999999995,1600.0,250.0,4700.0,190.0,250.0,0.15,3999999.9999999995,2.0E-5,0.023,0.023,0.0,300.0,6.9,8.7E-14,3.2E-9,3.7E-19,2.3E7,1.0,7.5E8,
5.0E-40,0.0038,1700.0,150.0,590.0,3999999.9999999995,1600.0,250.0,4700.0,190.0,250.0,0.15,3999999.9999999995,1.7E-5,0.023,0.023,0.0,300.0,6.9,2.2E-16,3.2E-9,1.7E-19,2.5E7,1.0,7.5E8,
5.0E-40,0.0038,1700.0,150.0,590.0,3999999.9999999995,1600.0,250.0,4700.0,190.0,250.0,0.15,3999999.9999999995,1.4E-5,0.023,0.023,0.0,300.0,6.9,8.4E-19,3.2E-9,9.6E-20,2.6E7,1.0,7.5E8,
5.0E-40,0.0038,1700.0,150.0,590.0,3999999.9999999995,1600.0,250.0,4700.0,190.0,250.0,0.15,3999999.9999999995,1.2E-5,0.023,0.023,0.0,300.0,6.9,5.3E-21,3.2E-9,6.8E-20,2.8E7,1.0,7.5E8,
5.0E-40,0.0038,1700.0,150.0,590.0,3999999.9999999995,1600.0,250.0,4700.0,190.0,250.0,0.15,3999999.9999999995,1.0E-5,0.023,0.023,0.0,300.0,6.9,0.0,3.2E-9,5.3E-20,2.9E7,1.0,7.5E8,
4.7999999999999997E-39,0.024,38000.0,32000.0,4000.0,5300000.0,1600.0,250.0,4700.0,190.0,250.0,0.15,5400000.0,0.052,0.064,0.064,0.0,380.0,11.0,240.0,6.5E-9,7.9E-16,3.1E7,1.0,7.7E8,
1.6E-39,0.0082,120.0,4700.0,4000.0,5200000.0,1600.0,250.0,4700.0,190.0,250.0,0.15,5200000.0,1.8E-5,0.043,0.043,0.0,380.0,10.0,1.7,6.4E-9,9.7E-17,2.9E7,1.0,7.7E8,
1.6E-39,0.008,120.0,4700.0,4000.0,5000000.0,1600.0,250.0,4700.0,190.0,250.0,0.15,5000000.0,2.1E-5,0.041,0.041,0.0,380.0,10.0,0.031,6.4E-9,4.3E-17,2.7E7,1.0,7.7E8,
1.4999999999999998E-39,0.0079,120.0,4700.0,4000.0,4800000.0,1600.0,250.0,4600.0,190.0,250.0,0.15,4900000.0,2.5E-5,0.04,0.04,0.0,390.0,10.0,5.7E-4,6.4E-9,1.9E-17,2.5E7,1.0,7.7E8,
1.4999999999999998E-39,0.0077,120.0,4700.0,4000.0,4500000.0,1600.0,250.0,4600.0,190.0,250.0,0.15,4500000.0,2.7E-5,0.037,0.037,0.0,390.0,9.6,2.9E-5,6.4E-9,1.0E-17,2.4E7,1.0,7.6E8,
1.4999999999999998E-39,0.0076,120.0,4700.0,4000.0,4300000.0,1600.0,250.0,4600.0,190.0,250.0,0.15,4400000.0,3.1E-5,0.037,0.037,0.0,390.0,9.4,2.0E-7,6.4E-9,3.9E-18,2.3E7,1.0,7.6E8,
1.4999999999999998E-39,0.0075,120.0,4700.0,4000.0,4200000.0,1600.0,250.0,4600.0,190.0,250.0,0.15,4200000.0,3.5E-5,0.035,0.035,0.0,390.0,9.2,1.3E-9,6.4E-9,1.6E-18,2.1E7,1.0,7.6E8,
1.3999999999999999E-39,0.0074,120.0,4600.0,4000.0,3999999.9999999995,1600.0,250.0,4600.0,190.0,250.0,0.15,3999999.9999999995,3.7E-5,0.034,0.034,0.0,390.0,9.0,6.7E-11,6.3E-9,1.0E-18,2.1E7,1.0,7.6E8,
1.3999999999999999E-39,0.0074,120.0,4600.0,4000.0,3999999.9999999995,1600.0,250.0,4600.0,190.0,250.0,0.15,3999999.9999999995,3.9E-5,0.034,0.034,0.0,390.0,9.0,1.7E-13,6.3E-9,5.3E-19,2.0E7,1.0,7.6E8,
1.3999999999999999E-39,0.0074,120.0,4600.0,4000.0,3999999.9999999995,1600.0,250.0,4600.0,190.0,250.0,0.15,3999999.9999999995,3.7E-5,0.034,0.034,0.0,390.0,9.0,4.3E-16,6.3E-9,3.8E-19,2.1E7,1.0,7.6E8,
1.3999999999999999E-39,0.0074,120.0,4600.0,4000.0,3999999.9999999995,1600.0,250.0,4600.0,190.0,250.0,0.15,3999999.9999999995,3.3E-5,0.034,0.034,0.0,390.0,9.0,1.1E-18,6.3E-9,3.2E-19,2.2E7,1.0,7.6E8,
1.3999999999999999E-39,0.0074,120.0,4600.0,4000.0,3999999.9999999995,1600.0,250.0,4600.0,190.0,250.0,0.15,3999999.9999999995,2.8E-5,0.034,0.034,0.0,390.0,9.0,2.9E-21,6.3E-9,2.7E-19,2.3E7,1.0,7.6E8,
1.3999999999999999E-39,0.0074,120.0,4600.0,4000.0,3999999.9999999995,1600.0,250.0,4600.0,190.0,250.0,0.15,3999999.9999999995,2.3E-5,0.034,0.034,0.0,390.0,9.0,7.2E-23,6.3E-9,2.3E-19,2.5E7,1.0,7.6E8,
1.3999999999999999E-39,0.0074,120.0,4600.0,4000.0,3999999.9999999995,1600.0,250.0,4600.0,190.0,250.0,0.15,3999999.9999999995,2.0E-5,0.034,0.034,0.0,390.0,9.0,1.3E-23,6.3E-9,1.9E-19,2.6E7,1.0,7.6E8,
1.3999999999999999E-39,0.0074,120.0,4600.0,4000.0,3999999.9999999995,1600.0,250.0,4600.0,190.0,250.0,0.15,3999999.9999999995,1.6E-5,0.034,0.034,0.0,390.0,9.0,0.0,6.3E-9,1.6E-19,2.8E7,1.0,7.6E8,
1.3999999999999999E-39,0.0074,120.0,4600.0,4000.0,3999999.9999999995,1600.0,250.0,4600.0,190.0,250.0,0.15,3999999.9999999995,1.4E-5,0.034,0.034,0.0,390.0,9.0,0.0,6.3E-9,1.4E-19,3.0E7,1.0,7.6E8,
1.3999999999999999E-39,0.0074,120.0,4600.0,4000.0,3999999.9999999995,1600.0,250.0,4600.0,190.0,250.0,0.15,3999999.9999999995,1.8E-5,0.034,0.034,0.0,390.0,9.0,0.0,6.3E-9,1.4E-19,2.7E7,1.0,7.6E8,
1.3999999999999999E-39,0.0074,120.0,4600.0,4000.0,3999999.9999999995,1600.0,250.0,4600.0,190.0,250.0,0.15,3999999.9999999995,1.9E-5,0.034,0.034,0.0,390.0,9.0,0.0,6.4E-9,1.5E-19,2.6E7,1.0,7.6E8,
1.3999999999999999E-39,0.0074,120.0,4600.0,4000.0,3999999.9999999995,1600.0,250.0,4600.0,190.0,250.0,0.15,3999999.9999999995,1.9E-5,0.034,0.034,0.0,390.0,9.0,0.0,6.4E-9,1.6E-19,2.7E7,1.0,7.6E8,
1.3999999999999999E-39,0.0074,120.0,4600.0,4000.0,3999999.9999999995,1600.0,250.0,4600.0,190.0,250.0,0.15,3999999.9999999995,1.7E-5,0.034,0.034,0.0,390.0,9.0,0.0,6.4E-9,1.5E-19,2.8E7,1.0,7.6E8,
1.3999999999999999E-39,0.0074,120.0,4600.0,4000.0,3999999.9999999995,1600.0,250.0,4600.0,190.0,250.0,0.15,3999999.9999999995,1.5E-5,0.034,0.034,0.0,390.0,9.0,0.0,6.4E-9,1.4E-19,2.9E7,1.0,7.6E8,
1.3999999999999999E-39,0.0074,120.0,4600.0,4000.0,3999999.9999999995,1600.0,250.0,4600.0,190.0,250.0,0.15,3999999.9999999995,1.3E-5,0.034,0.034,0.0,390.0,9.0,0.0,6.4E-9,1.2E-19,3.0E7,1.0,7.6E8,
1.3999999999999999E-39,0.0074,120.0,4600.0,4000.0,3999999.9999999995,1600.0,250.0,4600.0,190.0,250.0,0.15,3999999.9999999995,1.1E-5,0.034,0.034,0.0,380.0,9.0,0.0,6.4E-9,1.1E-19,3.2E7,1.0,7.6E8,
1.3999999999999999E-39,0.0074,120.0,4600.0,4000.0,3999999.9999999995,1600.0,250.0,4600.0,190.0,250.0,0.15,3999999.9999999995,1.0E-5,0.034,0.034,0.0,380.0,9.0,0.0,6.4E-9,9.4E-20,3.3E7,1.0,7.6E8,
1.3999999999999999E-39,0.0074,120.0,4600.0,4000.0,3999999.9999999995,1600.0,250.0,4600.0,190.0,250.0,0.15,3999999.9999999995,1.2E-5,0.034,0.034,0.0,380.0,9.0,0.0,6.4E-9,9.0E-20,3.2E7,1.0,7.6E8,
1.3999999999999999E-39,0.0074,120.0,4600.0,4000.0,3999999.9999999995,1600.0,250.0,4600.0,190.0,250.0,0.15,3999999.9999999995,1.4E-5,0.034,0.034,0.0,380.0,9.0,0.0,6.4E-9,1.0E-19,3.0E7,1.0,7.6E8,
1.3999999999999999E-39,0.0074,120.0,4600.0,4000.0,3999999.9999999995,1600.0,250.0,4600.0,190.0,250.0,0.15,3999999.9999999995,1.4E-5,0.034,0.034,0.0,370.0,9.0,0.0,6.4E-9,1.1E-19,2.9E7,1.0,7.6E8,
3.4E-39,0.016,29000.0,2700.0,20000.0,5100000.0,1600.0,250.0,4600.0,190.0,250.0,0.15,5200000.0,8.6E-6,0.044,0.044,0.0,430.0,23.0,100.0,7.6E-9,5.6E-15,2.9E7,1.0,7.7E8,
1.1999999999999999E-39,0.0058,6300.0,2700.0,2200.0,4900000.0,1600.0,250.0,4600.0,190.0,250.0,0.15,5000000.0,1.2E-5,0.042,0.042,0.0,430.0,6.7,14.0,7.6E-9,1.3E-15,2.8E7,1.0,7.7E8,
1.1999999999999999E-39,0.0057,6300.0,2700.0,2200.0,4700000.0,1600.0,250.0,4600.0,190.0,250.0,0.15,4700000.0,1.4E-5,0.041,0.041,0.0,430.0,6.5,0.71,7.5E-9,7.1E-16,2.7E7,1.0,7.7E8,
1.1E-39,0.0055,6300.0,2700.0,2200.0,4300000.0,1600.0,250.0,4600.0,190.0,250.0,0.15,4300000.0,1.5E-5,0.038,0.038,0.0,430.0,6.1,0.013,7.5E-9,3.1E-16,2.5E7,1.0,7.7E8,
1.1E-39,0.0053,6200.0,2700.0,2200.0,3999999.9999999995,1600.0,250.0,4600.0,190.0,250.0,0.14,3999999.9999999995,1.7E-5,0.035,0.035,0.0,430.0,5.9,2.4E-4,7.4E-9,1.3E-16,2.4E7,1.0,7.6E8,
1.1E-39,0.0053,6200.0,2700.0,2200.0,3999999.9999999995,1600.0,250.0,4600.0,190.0,250.0,0.14,3999999.9999999995,1.9E-5,0.035,0.035,0.0,430.0,5.9,6.2E-7,7.4E-9,4.0E-17,2.3E7,1.0,7.6E8,
1.1E-39,0.0053,6200.0,2700.0,2200.0,3999999.9999999995,1600.0,250.0,4600.0,190.0,250.0,0.14,3999999.9999999995,1.8E-5,0.035,0.035,0.0,420.0,5.9,1.6E-9,7.4E-9,1.2E-17,2.3E7,1.0,7.6E8,
1.1E-39,0.0053,6200.0,2700.0,2200.0,3999999.9999999995,1600.0,250.0,4600.0,190.0,250.0,0.14,3999999.9999999995,1.6E-5,0.035,0.035,0.0,420.0,5.9,4.0E-12,7.4E-9,3.8E-18,2.4E7,1.0,7.6E8,
1.1E-39,0.0053,6200.0,2700.0,2200.0,3999999.9999999995,1600.0,250.0,4600.0,190.0,250.0,0.14,3999999.9999999995,1.4E-5,0.035,0.035,0.0,420.0,5.9,1.1E-14,7.5E-9,1.3E-18,2.5E7,1.0,7.6E8,
1.1E-39,0.0053,6200.0,2700.0,2200.0,3999999.9999999995,1600.0,250.0,4600.0,190.0,250.0,0.14,3999999.9999999995,1.2E-5,0.035,0.035,0.0,420.0,5.9,4.1E-17,7.5E-9,4.7E-19,2.7E7,1.0,7.6E8,
1.1999999999999999E-39,0.006,2200.0,3400.0,330.0,5200000.0,1600.0,250.0,4600.0,190.0,250.0,0.15,5200000.0,2.3E-5,0.057,0.057,0.0,440.0,10.0,47.0,8.9E-9,1.1E-14,2.7E7,1.0,7.8E8,
1.1E-39,0.0057,2200.0,3400.0,330.0,4700000.0,1600.0,250.0,4600.0,190.0,250.0,0.14,4700000.0,2.4E-5,0.052,0.052,0.0,440.0,9.6,2.3,8.9E-9,5.9E-15,2.5E7,1.0,7.8E8,
1.1E-39,0.0056,2200.0,3300.0,330.0,4500000.0,1600.0,250.0,4600.0,190.0,250.0,0.14,4500000.0,2.6E-5,0.05,0.05,0.0,440.0,9.3,0.12,8.8E-9,3.1E-15,2.4E7,1.0,7.7E8,
1.0E-39,0.0054,2200.0,3300.0,330.0,4300000.0,1600.0,250.0,4600.0,190.0,250.0,0.14,4300000.0,3.0E-5,0.048,0.048,0.0,430.0,8.9,2.9E-4,8.8E-9,9.2E-16,2.3E7,1.0,7.7E8,
1.0E-39,0.0053,2200.0,3300.0,330.0,4099999.9999999995,1600.0,250.0,4600.0,190.0,250.0,0.14,4099999.9999999995,3.2E-5,0.046,0.046,0.0,430.0,8.5,5.4E-6,8.8E-9,4.0E-16,2.2E7,1.0,7.7E8,
1.0E-39,0.0053,2200.0,3300.0,330.0,4099999.9999999995,1600.0,250.0,4600.0,190.0,250.0,0.14,4099999.9999999995,3.6E-5,0.046,0.046,0.0,430.0,8.4,1.4E-8,8.8E-9,1.2E-16,2.1E7,1.0,7.7E8,
1.0E-39,0.0053,2200.0,3300.0,330.0,4099999.9999999995,1600.0,250.0,4600.0,190.0,250.0,0.14,4099999.9999999995,3.5E-5,0.046,0.046,0.0,430.0,8.4,3.4E-11,8.8E-9,3.7E-17,2.1E7,1.0,7.7E8,
1.0E-39,0.0052,2200.0,3300.0,330.0,3999999.9999999995,1600.0,250.0,4600.0,190.0,250.0,0.14,4099999.9999999995,3.4E-5,0.046,0.046,0.0,420.0,8.4,8.6E-14,8.7E-9,1.1E-17,2.1E7,1.0,7.6E8,
1.0E-39,0.0052,2200.0,3300.0,330.0,3999999.9999999995,1600.0,250.0,4600.0,190.0,250.0,0.14,3999999.9999999995,3.7E-5,0.046,0.046,0.0,420.0,8.3,2.2E-16,8.7E-9,3.7E-18,2.0E7,1.0,7.6E8,
1.0E-39,0.0052,2200.0,3300.0,330.0,3999999.9999999995,1600.0,250.0,4600.0,190.0,250.0,0.14,3999999.9999999995,3.7E-5,0.046,0.046,0.0,420.0,8.3,1.5E-18,8.7E-9,1.6E-18,2.0E7,1.0,7.6E8,
1.0E-39,0.0052,2200.0,3300.0,330.0,3999999.9999999995,1600.0,250.0,4600.0,190.0,250.0,0.14,3999999.9999999995,3.3E-5,0.046,0.046,0.0,410.0,8.3,1.4E-21,8.7E-9,7.0E-19,2.1E7,1.0,7.6E8,
1.0E-39,0.0052,2200.0,3300.0,330.0,3999999.9999999995,1600.0,250.0,4600.0,190.0,250.0,0.14,3999999.9999999995,2.8E-5,0.046,0.046,0.0,410.0,8.3,3.5E-24,8.7E-9,4.5E-19,2.2E7,1.0,7.6E8,
1.1E-38,0.049,320.0,70000.0,680.0,5200000.0,1600.0,250.0,4600.0,190.0,250.0,0.14,5200000.0,2.9,0.13,0.13,0.0,430.0,3.9,160.0,1.0E-8,6.6E-14,2.3E7,1.0,7.7E8,
1.1E-39,0.0049,320.0,2000.0,680.0,4900000.0,1600.0,250.0,4600.0,190.0,250.0,0.14,4900000.0,2.2E-5,0.057,0.057,0.0,430.0,6.4,8.2,1.0E-8,3.6E-15,2.2E7,1.0,7.7E8,
1.0E-39,0.0048,320.0,2000.0,680.0,4800000.0,1600.0,250.0,4600.0,190.0,250.0,0.14,4800000.0,2.4E-5,0.055,0.055,0.0,430.0,6.2,0.41,1.0E-8,1.9E-15,2.2E7,1.0,7.7E8,
9.9E-40,0.0046,320.0,2000.0,680.0,4400000.0,1600.0,250.0,4600.0,190.0,250.0,0.14,4400000.0,2.5E-5,0.052,0.052,0.0,410.0,5.9,0.0075,1.0E-8,8.4E-16,2.1E7,1.0,7.7E8,
9.8E-40,0.0046,320.0,2000.0,680.0,4400000.0,1600.0,250.0,4500.0,190.0,250.0,0.14,4400000.0,2.7E-5,0.051,0.051,0.0,420.0,5.8,1.9E-5,1.0E-8,2.5E-16,2.0E7,1.0,7.7E8,
9.3E-40,0.0044,310.0,2000.0,680.0,3999999.9999999995,1600.0,250.0,4500.0,190.0,250.0,0.14,3999999.9999999995,2.6E-5,0.047,0.047,0.0,420.0,5.4,9.4E-7,1.0E-8,1.3E-16,2.0E7,1.0,7.6E8,
9.3E-40,0.0044,310.0,2000.0,680.0,3999999.9999999995,1600.0,250.0,4500.0,190.0,250.0,0.14,3999999.9999999995,2.8E-5,0.047,0.047,0.0,410.0,5.4,2.4E-9,1.0E-8,4.0E-17,1.9E7,1.0,7.6E8,
9.3E-40,0.0044,310.0,2000.0,680.0,3999999.9999999995,1600.0,250.0,4500.0,190.0,250.0,0.14,3999999.9999999995,2.6E-5,0.047,0.047,0.0,410.0,5.4,6.0E-12,1.0E-8,1.2E-17,2.0E7,1.0,7.6E8,
9.3E-40,0.0044,310.0,2000.0,680.0,3999999.9999999995,1600.0,250.0,4500.0,190.0,250.0,0.14,3999999.9999999995,2.3E-5,0.047,0.047,0.0,410.0,5.4,1.5E-14,1.0E-8,3.9E-18,2.1E7,1.0,7.6E8,
9.3E-40,0.0044,310.0,2000.0,680.0,3999999.9999999995,1600.0,250.0,4500.0,190.0,250.0,0.14,3999999.9999999995,1.9E-5,0.047,0.047,0.0,410.0,5.4,3.8E-17,1.0E-8,1.4E-18,2.2E7,1.0,7.6E8,
9.3E-40,0.0044,310.0,2000.0,680.0,3999999.9999999995,1600.0,250.0,4500.0,190.0,250.0,0.14,3999999.9999999995,1.6E-5,0.047,0.047,0.0,410.0,5.4,1.1E-19,1.0E-8,5.7E-19,2.3E7,1.0,7.6E8,
9.3E-40,0.0044,310.0,2000.0,680.0,3999999.9999999995,1600.0,250.0,4500.0,190.0,250.0,0.14,3999999.9999999995,1.3E-5,0.047,0.047,0.0,400.0,5.4,3.4999999999999996E-22,1.0E-8,3.1E-19,2.5E7,1.0,7.6E8,
9.3E-40,0.0044,310.0,2000.0,680.0,3999999.9999999995,1600.0,250.0,4500.0,190.0,250.0,0.14,3999999.9999999995,1.1E-5,0.047,0.047,0.0,400.0,5.4,0.0,1.0E-8,2.0E-19,2.7E7,1.0,7.6E8,
9.3E-40,0.0044,310.0,2000.0,680.0,3999999.9999999995,1600.0,250.0,4500.0,190.0,250.0,0.14,3999999.9999999995,9.4E-6,0.047,0.047,0.0,390.0,5.4,0.0,1.0E-8,1.5E-19,2.8E7,1.0,7.6E8,
9.3E-40,0.0044,310.0,2000.0,680.0,3999999.9999999995,1600.0,250.0,4500.0,190.0,250.0,0.14,3999999.9999999995,1.1E-5,0.047,0.047,0.0,390.0,5.4,9.700000000000001E-30,1.0E-8,1.4E-19,2.7E7,1.0,7.6E8,
9.3E-40,0.0044,310.0,2000.0,680.0,3999999.9999999995,1600.0,250.0,4500.0,190.0,250.0,0.14,3999999.9999999995,1.2E-5,0.047,0.047,0.0,370.0,5.4,2.4E-32,1.0E-8,1.5E-19,2.6E7,1.0,7.6E8,
9.3E-40,0.0044,310.0,2000.0,680.0,3999999.9999999995,1600.0,250.0,4500.0,190.0,250.0,0.14,3999999.9999999995,1.2E-5,0.047,0.047,0.0,370.0,5.4,6.2E-35,1.0E-8,1.5E-19,2.6E7,1.0,7.6E8,
9.3E-40,0.0044,310.0,2000.0,680.0,3999999.9999999995,1600.0,250.0,4500.0,190.0,250.0,0.14,3999999.9999999995,1.1E-5,0.047,0.047,0.0,370.0,5.4,1.6E-37,1.0E-8,1.5E-19,2.7E7,1.0,7.6E8,
9.3E-40,0.0044,310.0,2000.0,680.0,3999999.9999999995,1600.0,250.0,4500.0,190.0,250.0,0.14,3999999.9999999995,9.8E-6,0.047,0.047,0.0,360.0,5.4,5.4E-40,1.0E-8,1.4E-19,2.8E7,1.0,7.6E8,
9.3E-40,0.0044,310.0,2000.0,680.0,3999999.9999999995,1600.0,250.0,4500.0,190.0,250.0,0.14,3999999.9999999995,8.6E-6,0.047,0.047,0.0,360.0,5.4,1.3E-40,1.0E-8,1.3E-19,2.9E7,1.0,7.6E8,
9.3E-40,0.0044,310.0,2000.0,680.0,3999999.9999999995,1600.0,250.0,4500.0,190.0,250.0,0.14,3999999.9999999995,7.4E-6,0.047,0.047,0.0,360.0,5.4,8.1E-42,1.0E-8,1.1E-19,3.1E7,1.0,7.6E8,
9.3E-40,0.0044,310.0,2000.0,680.0,3999999.9999999995,1600.0,250.0,4500.0,190.0,250.0,0.14,3999999.9999999995,6.4E-6,0.047,0.047,0.0,360.0,5.4,0.0,1.0E-8,9.7E-20,3.3E7,1.0,7.6E8,
2.2E-39,0.016,2800.0,3700.0,4300.0,5400000.0,1600.0,1500.0,4500.0,190.0,250.0,0.14,5500000.0,3.5E-6,0.079,0.079,0.0,400.0,18.0,1.6,1.3E-8,1.3E-14,3.3E7,1.0,7.8E8,
2.2E-39,0.016,2800.0,3700.0,4300.0,5300000.0,1600.0,1500.0,4500.0,190.0,250.0,0.14,5400000.0,2.8E-5,0.078,0.078,0.0,390.0,18.0,0.03,1.3E-8,6.0E-15,3.0E7,1.0,7.8E8,
2.1E-39,0.015,2800.0,3700.0,4300.0,5100000.0,1500.0,1500.0,4500.0,180.0,250.0,0.14,5100000.0,3.5E-5,0.075,0.075,0.0,390.0,17.0,2.0E-4,1.3E-8,2.2E-15,2.8E7,1.0,7.8E8,
2.1E-39,0.015,2800.0,3700.0,4300.0,4700000.0,1500.0,1500.0,4500.0,180.0,250.0,0.14,4800000.0,3.8E-5,0.07,0.07,0.0,390.0,17.0,1.0E-5,1.3E-8,1.2E-15,2.6E7,1.0,7.8E8,
2.0E-39,0.015,2800.0,3700.0,4300.0,4500000.0,1500.0,1500.0,4500.0,180.0,250.0,0.14,4600000.0,4.4E-5,0.068,0.068,0.0,390.0,16.0,1.9E-7,1.3E-8,5.1E-16,2.5E7,1.0,7.8E8,
2.0E-39,0.014,2800.0,3700.0,4300.0,4300000.0,1500.0,1500.0,4500.0,180.0,250.0,0.14,4400000.0,4.9E-5,0.065,0.065,0.0,390.0,16.0,3.5E-9,1.3E-8,2.3E-16,2.3E7,1.0,7.7E8,
2.0E-39,0.014,2800.0,3600.0,4300.0,4099999.9999999995,1500.0,1500.0,4500.0,180.0,250.0,0.14,4099999.9999999995,5.4E-5,0.062,0.062,0.0,390.0,15.0,6.5E-11,1.3E-8,1.0E-16,2.2E7,1.0,7.7E8,
1.8999999999999998E-39,0.014,2800.0,3600.0,4300.0,4099999.9999999995,1500.0,1500.0,4500.0,180.0,250.0,0.14,4099999.9999999995,6.2E-5,0.061,0.061,0.0,380.0,15.0,4.5E-13,1.3E-8,3.7E-17,2.1E7,1.0,7.7E8,
1.8999999999999998E-39,0.014,2800.0,3600.0,4300.0,3999999.9999999995,1500.0,1500.0,4500.0,180.0,250.0,0.14,4099999.9999999995,6.4E-5,0.061,0.061,0.0,390.0,15.0,1.1E-15,1.3E-8,1.2E-17,2.1E7,1.0,7.7E8,
1.8999999999999998E-39,0.014,2800.0,3600.0,4300.0,3999999.9999999995,1500.0,1500.0,4500.0,180.0,250.0,0.14,3999999.9999999995,6.9E-5,0.061,0.061,0.0,380.0,15.0,7.8E-18,1.3E-8,5.1E-18,2.0E7,1.0,7.6E8,
1.8999999999999998E-39,0.014,2800.0,3600.0,4300.0,3999999.9999999995,1500.0,1500.0,4500.0,180.0,250.0,0.14,3999999.9999999995,6.9E-5,0.061,0.061,0.0,380.0,15.0,2.0E-20,1.3E-8,2.3E-18,2.0E7,1.0,7.6E8,
1.8999999999999998E-39,0.014,2800.0,3600.0,4300.0,3999999.9999999995,1500.0,1500.0,4500.0,180.0,250.0,0.14,3999999.9999999995,6.3E-5,0.061,0.061,0.0,380.0,15.0,5.1E-23,1.3E-8,1.5E-18,2.1E7,1.0,7.6E8,
1.8999999999999998E-39,0.014,2800.0,3600.0,4300.0,3999999.9999999995,1500.0,1500.0,4500.0,180.0,250.0,0.14,3999999.9999999995,5.4E-5,0.061,0.061,0.0,370.0,15.0,1.3E-25,1.3E-8,1.1E-18,2.2E7,1.0,7.6E8,
1.8999999999999998E-39,0.014,2800.0,3600.0,4300.0,3999999.9999999995,1500.0,1500.0,4500.0,180.0,250.0,0.14,3999999.9999999995,4.6E-5,0.061,0.061,0.0,370.0,15.0,3.3E-28,1.3E-8,9.1E-19,2.3E7,1.0,7.6E8,
1.8999999999999998E-39,0.014,2800.0,3600.0,4300.0,3999999.9999999995,1500.0,1500.0,4500.0,180.0,250.0,0.14,3999999.9999999995,3.8E-5,0.061,0.061,0.0,370.0,15.0,9.9E-32,1.3E-8,7.5E-19,2.5E7,1.0,7.6E8,
1.8999999999999998E-39,0.014,2800.0,3600.0,4300.0,3999999.9999999995,1500.0,1500.0,4500.0,180.0,250.0,0.14,3999999.9999999995,4.2E-5,0.06,0.06,0.0,370.0,15.0,1.3000000000000001E-32,1.3E-8,7.0E-19,2.4E7,1.0,7.5E8,
1.8999999999999998E-39,0.014,2800.0,3600.0,4300.0,3999999.9999999995,1500.0,1500.0,4500.0,180.0,250.0,0.14,3999999.9999999995,4.5E-5,0.06,0.06,0.0,370.0,15.0,3.2E-35,1.3E-8,7.3E-19,2.3E7,1.0,7.5E8,
1.8999999999999998E-39,0.014,2800.0,3600.0,4300.0,3999999.9999999995,1500.0,1500.0,4500.0,180.0,250.0,0.14,3999999.9999999995,4.4E-5,0.06,0.06,0.0,370.0,15.0,8.100000000000001E-38,1.3E-8,7.4E-19,2.4E7,1.0,7.5E8,
1.8999999999999998E-39,0.014,2800.0,3600.0,4300.0,3999999.9999999995,1500.0,1500.0,4500.0,180.0,250.0,0.14,3999999.9999999995,4.0E-5,0.06,0.06,0.0,370.0,15.0,2.1E-40,1.3E-8,7.1E-19,2.4E7,1.0,7.5E8,
1.8999999999999998E-39,0.014,2800.0,3600.0,4300.0,3999999.9999999995,1500.0,1500.0,4500.0,180.0,250.0,0.14,3999999.9999999995,3.4E-5,0.06,0.06,0.0,370.0,15.0,7.499999999999999E-43,1.3E-8,6.4E-19,2.6E7,1.0,7.5E8,
1.8999999999999998E-39,0.014,2800.0,3600.0,4300.0,3999999.9999999995,1500.0,1500.0,4500.0,180.0,250.0,0.14,3999999.9999999995,3.0E-5,0.06,0.06,0.0,360.0,15.0,1.1E-43,1.3E-8,5.6E-19,2.7E7,1.0,7.5E8,
1.8999999999999998E-39,0.014,2800.0,3600.0,4300.0,3999999.9999999995,1500.0,1500.0,4500.0,180.0,250.0,0.14,3999999.9999999995,2.5E-5,0.06,0.06,0.0,360.0,15.0,2.6000000000000003E-44,1.3E-8,4.8E-19,2.9E7,1.0,7.5E8,
1.8999999999999998E-39,0.014,2800.0,3600.0,4300.0,3999999.9999999995,1500.0,1500.0,4500.0,180.0,250.0,0.14,3999999.9999999995,2.2E-5,0.06,0.06,0.0,360.0,15.0,9.3E-45,1.3E-8,4.1E-19,3.0E7,1.0,7.5E8,
1.8999999999999998E-39,0.014,2800.0,3600.0,4300.0,3999999.9999999995,1500.0,1500.0,4500.0,180.0,250.0,0.14,3999999.9999999995,2.2E-5,0.06,0.06,0.0,350.0,15.0,0.0,1.3E-8,3.6E-19,3.0E7,1.0,7.5E8,
1.8999999999999998E-39,0.014,2800.0,3600.0,4300.0,3999999.9999999995,1500.0,1500.0,4500.0,180.0,250.0,0.14,3999999.9999999995,2.6E-5,0.06,0.06,0.0,350.0,15.0,0.0,1.3E-8,4.0E-19,2.8E7,1.0,7.5E8,
1.8999999999999998E-39,0.014,2800.0,3600.0,4300.0,3999999.9999999995,1500.0,1500.0,4500.0,180.0,250.0,0.14,3999999.9999999995,2.8E-5,0.06,0.06,0.0,350.0,15.0,0.0,1.3E-8,4.4E-19,2.8E7,1.0,7.5E8,
1.8999999999999998E-39,0.014,2800.0,3600.0,4300.0,3999999.9999999995,1500.0,1500.0,4500.0,180.0,250.0,0.14,3999999.9999999995,2.7E-5,0.06,0.06,0.0,350.0,15.0,0.0,1.3E-8,4.6E-19,2.8E7,1.0,7.5E8,
1.8999999999999998E-39,0.014,2800.0,3600.0,4300.0,3999999.9999999995,1500.0,1500.0,4500.0,180.0,250.0,0.14,3999999.9999999995,2.5E-5,0.06,0.06,0.0,340.0,15.0,0.0,1.3E-8,4.4E-19,2.9E7,1.0,7.5E8,
1.8999999999999998E-39,0.014,2800.0,3600.0,4300.0,3999999.9999999995,1500.0,1500.0,4500.0,180.0,250.0,0.14,3999999.9999999995,2.2E-5,0.06,0.06,0.0,340.0,15.0,0.0,1.3E-8,4.1E-19,3.0E7,1.0,7.5E8,
1.8999999999999998E-39,0.014,2800.0,3600.0,4300.0,3999999.9999999995,1500.0,1500.0,4500.0,180.0,250.0,0.14,3999999.9999999995,1.9E-5,0.06,0.06,0.0,340.0,15.0,0.0,1.3E-8,3.6E-19,3.2E7,1.0,7.5E8,
1.8999999999999998E-39,0.014,2800.0,3600.0,4300.0,3999999.9999999995,1500.0,1500.0,4500.0,180.0,250.0,0.14,3999999.9999999995,1.7E-5,0.06,0.06,0.0,340.0,15.0,0.0,1.3E-8,3.2E-19,3.3E7,1.0,7.5E8,
1.8999999999999998E-39,0.014,2800.0,3600.0,4300.0,3999999.9999999995,1500.0,1500.0,4500.0,180.0,250.0,0.14,3999999.9999999995,1.5E-5,0.06,0.06,0.0,340.0,15.0,0.0,1.3E-8,2.8E-19,3.5E7,1.0,7.5E8,
1.8999999999999998E-39,0.014,2800.0,3600.0,4300.0,3999999.9999999995,1500.0,1500.0,4500.0,180.0,250.0,0.14,3999999.9999999995,2.0E-5,0.06,0.06,0.0,330.0,15.0,0.0,1.3E-8,2.9E-19,3.1E7,1.0,7.5E8,
1.8999999999999998E-39,0.014,2800.0,3600.0,4300.0,3999999.9999999995,1500.0,1500.0,4500.0,180.0,250.0,0.14,3999999.9999999995,2.2E-5,0.06,0.06,0.0,330.0,15.0,0.0,1.3E-8,3.4E-19,3.0E7,1.0,7.5E8,
1.8999999999999998E-39,0.014,2800.0,3600.0,4300.0,3999999.9999999995,1500.0,1500.0,4500.0,180.0,250.0,0.14,3999999.9999999995,2.3E-5,0.06,0.06,0.0,330.0,15.0,0.0,1.3E-8,3.7E-19,3.0E7,1.0,7.5E8,
1.8999999999999998E-39,0.014,2800.0,3600.0,4300.0,3999999.9999999995,1500.0,1500.0,4500.0,180.0,250.0,0.14,3999999.9999999995,2.1E-5,0.06,0.06,0.0,330.0,15.0,0.0,1.3E-8,3.7E-19,3.0E7,1.0,7.5E8,
1.8999999999999998E-39,0.014,2800.0,3600.0,4300.0,3999999.9999999995,1500.0,1500.0,4500.0,180.0,250.0,0.14,3999999.9999999995,2.0E-5,0.06,0.06,0.0,330.0,15.0,0.0,1.3E-8,3.5E-19,3.1E7,1.0,7.5E8,
1.8999999999999998E-39,0.014,2800.0,3600.0,4300.0,3999999.9999999995,1500.0,1500.0,4500.0,180.0,240.0,0.14,3999999.9999999995,1.7E-5,0.06,0.06,0.0,330.0,15.0,0.0,1.3E-8,3.2E-19,3.2E7,1.0,7.5E8,
8.5E-40,0.009,1500.0,3000.0,910.0,5200000.0,1500.0,1500.0,5000.0,2200.0,3600.0,0.14,5300000.0,1.8E-5,0.081,0.081,0.0,370.0,12.0,1.9,1.7E-8,1.9E-14,3.0E7,1.0,7.7E8,
8.1E-40,0.0086,1500.0,3000.0,900.0,4800000.0,1500.0,1500.0,5000.0,2200.0,3600.0,0.14,4900000.0,2.1E-5,0.078,0.078,0.0,370.0,12.0,0.035,1.7E-8,8.1E-15,2.8E7,1.0,7.6E8,
8.1E-40,0.0085,1500.0,3000.0,900.0,4800000.0,1500.0,1500.0,5000.0,2200.0,3600.0,0.14,4800000.0,2.5E-5,0.077,0.077,0.0,370.0,12.0,6.5E-4,1.7E-8,3.6E-15,2.6E7,1.0,7.6E8,
7.9E-40,0.0083,1500.0,2900.0,900.0,4600000.0,1500.0,1500.0,4900.0,2200.0,3600.0,0.14,4600000.0,2.5E-5,0.075,0.075,0.0,370.0,11.0,2.4E-4,1.7E-8,2.9E-15,2.6E7,1.0,7.6E8,
7.4E-40,0.0078,1500.0,2900.0,900.0,4099999.9999999995,1500.0,1500.0,4900.0,2200.0,3600.0,0.13,4099999.9999999995,2.5E-5,0.071,0.071,0.0,370.0,10.0,3.2E-5,1.7E-8,1.8E-15,2.5E7,1.0,7.6E8,
7.3E-40,0.0077,1500.0,2900.0,900.0,3999999.9999999995,1500.0,1500.0,4900.0,2200.0,3600.0,0.13,3999999.9999999995,2.8E-5,0.07,0.07,0.0,370.0,9.9,2.2E-7,1.7E-8,6.6E-16,2.3E7,1.0,7.5E8,
7.3E-40,0.0077,1500.0,2900.0,900.0,3999999.9999999995,1500.0,1500.0,4900.0,2200.0,3600.0,0.13,3999999.9999999995,3.0E-5,0.07,0.07,0.0,370.0,9.9,5.7E-10,1.7E-8,2.0E-16,2.3E7,1.0,7.5E8,
7.3E-40,0.0077,1500.0,2900.0,900.0,3999999.9999999995,1500.0,1500.0,4900.0,2200.0,3600.0,0.13,3999999.9999999995,2.8E-5,0.07,0.07,0.0,370.0,9.9,1.4E-12,1.7E-8,6.1E-17,2.4E7,1.0,7.5E8,
7.3E-40,0.0077,1500.0,2900.0,900.0,3999999.9999999995,1500.0,1500.0,4900.0,2200.0,3600.0,0.13,3999999.9999999995,2.5E-5,0.07,0.07,0.0,370.0,9.9,3.7E-15,1.7E-8,1.9E-17,2.4E7,1.0,7.5E8,
7.3E-40,0.0077,1500.0,2900.0,900.0,3999999.9999999995,1500.0,1500.0,4900.0,2200.0,3600.0,0.13,3999999.9999999995,2.2E-5,0.07,0.07,0.0,370.0,9.9,9.5E-18,1.7E-8,6.0E-18,2.6E7,1.0,7.5E8,
7.3E-40,0.0077,1500.0,2900.0,900.0,3999999.9999999995,1500.0,1500.0,4900.0,2200.0,3600.0,0.13,3999999.9999999995,1.9E-5,0.07,0.07,0.0,360.0,9.9,3.1E-20,1.7E-8,2.1E-18,2.7E7,1.0,7.5E8,
7.3E-40,0.0077,1500.0,2900.0,900.0,3999999.9999999995,1500.0,1500.0,4900.0,2200.0,3600.0,0.13,3999999.9999999995,1.6E-5,0.07,0.07,0.0,350.0,9.9,8.8E-23,1.7E-8,9.1E-19,2.9E7,1.0,7.5E8,
7.3E-40,0.0077,1500.0,2900.0,900.0,3999999.9999999995,1500.0,1500.0,4900.0,2200.0,3600.0,0.13,3999999.9999999995,1.4E-5,0.07,0.07,0.0,350.0,9.9,4.6E-25,1.7E-8,5.0E-19,3.1E7,1.0,7.5E8,
7.3E-40,0.0077,1500.0,2900.0,900.0,3999999.9999999995,1500.0,1500.0,4900.0,2200.0,3600.0,0.13,3999999.9999999995,1.5E-5,0.07,0.07,0.0,350.0,9.9,2.8E-27,1.7E-8,3.6E-19,3.0E7,1.0,7.5E8,
7.3E-40,0.0077,1500.0,2900.0,900.0,3999999.9999999995,1500.0,1500.0,4900.0,2200.0,3600.0,0.13,3999999.9999999995,1.8E-5,0.07,0.07,0.0,350.0,9.9,7.2E-30,1.7E-8,3.7E-19,2.8E7,1.0,7.5E8,
7.3E-40,0.0077,1500.0,2900.0,900.0,3999999.9999999995,1500.0,1500.0,4900.0,2200.0,3600.0,0.13,3999999.9999999995,1.8E-5,0.07,0.07,0.0,350.0,9.9,1.8E-32,1.7E-8,3.9E-19,2.8E7,1.0,7.5E8,
7.3E-40,0.0077,1500.0,2900.0,900.0,3999999.9999999995,1500.0,1500.0,4900.0,2200.0,3600.0,0.13,3999999.9999999995,1.7E-5,0.07,0.07,0.0,350.0,9.9,4.7E-35,1.7E-8,4.0E-19,2.8E7,1.0,7.5E8,
7.3E-40,0.0077,1500.0,2900.0,900.0,3999999.9999999995,1500.0,1500.0,4900.0,2200.0,3600.0,0.13,3999999.9999999995,1.6E-5,0.07,0.07,0.0,340.0,9.9,1.3000000000000001E-37,1.7E-8,3.8E-19,2.9E7,1.0,7.5E8,
7.3E-40,0.0077,1500.0,2900.0,900.0,3999999.9999999995,1500.0,1500.0,4900.0,2200.0,3600.0,0.13,3999999.9999999995,1.4E-5,0.07,0.07,0.0,340.0,9.9,3.1E-39,1.7E-8,3.5E-19,3.0E7,1.0,7.5E8,
7.3E-40,0.0077,1500.0,2900.0,900.0,3999999.9999999995,1500.0,1500.0,4900.0,2200.0,3600.0,0.13,3999999.9999999995,1.2E-5,0.07,0.07,0.0,340.0,9.9,0.0,1.7E-8,3.1E-19,3.2E7,1.0,7.5E8,
7.3E-40,0.0077,1500.0,2900.0,900.0,3999999.9999999995,1500.0,1500.0,4900.0,2200.0,3600.0,0.13,3999999.9999999995,1.1E-5,0.07,0.07,0.0,340.0,9.9,0.0,1.7E-8,2.7E-19,3.3E7,1.0,7.5E8,
7.3E-40,0.0077,1500.0,2900.0,900.0,3999999.9999999995,1500.0,1500.0,4900.0,2200.0,3600.0,0.13,3999999.9999999995,1.0E-5,0.07,0.07,0.0,340.0,9.9,0.0,1.7E-8,2.4E-19,3.4E7,1.0,7.5E8,
7.3E-40,0.0077,1500.0,2900.0,900.0,3999999.9999999995,1500.0,1500.0,4900.0,2200.0,3600.0,0.13,3999999.9999999995,1.3E-5,0.07,0.07,0.0,330.0,9.9,0.0,1.7E-8,2.6E-19,3.1E7,1.0,7.5E8,
7.3E-40,0.0077,1500.0,2900.0,900.0,3999999.9999999995,1500.0,1500.0,4900.0,2200.0,3600.0,0.13,3999999.9999999995,1.5E-5,0.07,0.07,0.0,330.0,9.9,0.0,1.7E-8,3.0E-19,3.0E7,1.0,7.5E8,
7.3E-40,0.0077,1500.0,2900.0,900.0,3999999.9999999995,1500.0,1500.0,4900.0,2200.0,3600.0,0.13,3999999.9999999995,1.5E-5,0.07,0.07,0.0,330.0,9.9,0.0,1.7E-8,3.2E-19,3.0E7,1.0,7.5E8,
7.3E-40,0.0077,1500.0,2900.0,900.0,3999999.9999999995,1500.0,1500.0,4900.0,2200.0,3600.0,0.13,3999999.9999999995,1.4E-5,0.07,0.07,0.0,330.0,9.9,0.0,1.7E-8,3.2E-19,3.0E7,1.0,7.5E8,
7.3E-40,0.0077,1500.0,2900.0,900.0,3999999.9999999995,1500.0,1500.0,4900.0,2200.0,3600.0,0.13,3999999.9999999995,1.2E-5,0.07,0.07,0.0,320.0,9.9,0.0,1.7E-8,3.0E-19,3.2E7,1.0,7.5E8,
7.3E-40,0.0077,1500.0,2900.0,900.0,3999999.9999999995,1500.0,1500.0,4900.0,2200.0,3600.0,0.13,3999999.9999999995,1.1E-5,0.07,0.07,0.0,320.0,9.9,0.0,1.7E-8,2.7E-19,3.3E7,1.0,7.5E8,
7.3E-40,0.0077,1500.0,2900.0,900.0,3999999.9999999995,1500.0,1500.0,4900.0,2200.0,3600.0,0.13,3999999.9999999995,9.8E-6,0.07,0.07,0.0,320.0,9.9,0.0,1.7E-8,2.4E-19,3.5E7,1.0,7.5E8,
7.3E-40,0.0077,1500.0,2900.0,900.0,3999999.9999999995,1500.0,1500.0,4900.0,2200.0,3600.0,0.13,3999999.9999999995,8.6E-6,0.07,0.07,0.0,320.0,9.9,0.0,1.7E-8,2.2E-19,3.6E7,1.0,7.5E8,
7.3E-40,0.0077,1500.0,2900.0,900.0,3999999.9999999995,1500.0,1500.0,4900.0,2200.0,3600.0,0.13,3999999.9999999995,1.1E-5,0.07,0.07,0.0,320.0,9.9,0.0,1.7E-8,2.2E-19,3.3E7,1.0,7.5E8,
7.3E-40,0.0077,1500.0,2900.0,900.0,3999999.9999999995,1500.0,1500.0,4900.0,2200.0,3600.0,0.13,3999999.9999999995,1.3E-5,0.07,0.07,0.0,320.0,9.9,0.0,1.7E-8,2.6E-19,3.1E7,1.0,7.5E8,
7.3E-40,0.0077,1500.0,2900.0,900.0,3999999.9999999995,1500.0,1500.0,4900.0,2200.0,3600.0,0.13,3999999.9999999995,1.3E-5,0.07,0.07,0.0,320.0,9.9,0.0,1.7E-8,2.9E-19,3.1E7,1.0,7.5E8,
7.3E-40,0.0077,1500.0,2900.0,900.0,3999999.9999999995,1500.0,1500.0,4900.0,2200.0,3600.0,0.13,3999999.9999999995,1.3E-5,0.07,0.07,0.0,310.0,9.9,0.0,1.7E-8,2.9E-19,3.1E7,1.0,7.5E8,
7.3E-40,0.0077,1500.0,2900.0,900.0,3999999.9999999995,1500.0,1500.0,4900.0,2200.0,3600.0,0.13,3999999.9999999995,1.2E-5,0.07,0.07,0.0,310.0,9.9,0.0,1.7E-8,2.8E-19,3.2E7,1.0,7.5E8,
7.3E-40,0.0077,1500.0,2900.0,900.0,3999999.9999999995,1500.0,1500.0,4900.0,2200.0,3600.0,0.13,3999999.9999999995,1.1E-5,0.07,0.07,0.0,310.0,9.9,0.0,1.7E-8,2.6E-19,3.3E7,1.0,7.5E8,
7.3E-40,0.0077,1500.0,2900.0,900.0,3999999.9999999995,1500.0,1500.0,4900.0,2200.0,3600.0,0.13,3999999.9999999995,9.5E-6,0.07,0.07,0.0,310.0,9.9,0.0,1.7E-8,2.4E-19,3.5E7,1.0,7.5E8,
7.3E-40,0.0077,1500.0,2900.0,900.0,3999999.9999999995,1500.0,1500.0,4900.0,2200.0,3600.0,0.13,3999999.9999999995,8.4E-6,0.07,0.07,0.0,310.0,9.9,0.0,1.7E-8,2.1E-19,3.6E7,1.0,7.5E8,
7.3E-40,0.0077,1500.0,2900.0,900.0,3999999.9999999995,1500.0,1500.0,4900.0,2200.0,3600.0,0.13,3999999.9999999995,9.4E-6,0.07,0.07,0.0,310.0,9.9,0.0,1.7E-8,2.0E-19,3.5E7,1.0,7.5E8,
5.7E-39,0.092,25000.0,120000.0,1500.0,5500000.0,6500.0,4500.0,6500.0,1500.0,54000.0,0.14,5699999.999999999,9.2,0.19,0.19,0.0,610.0,7.5,210.0,3.3E-8,2.9E-13,3.4E7,1.0,7.9E8,
5.7E-39,0.092,2600.0,120000.0,1500.0,5500000.0,6400.0,4500.0,6500.0,1500.0,46000.0,0.14,5600000.0,2.6E-5,0.17,0.17,0.0,600.0,17.0,0.64,3.3E-8,8.6E-14,3.1E7,1.0,7.9E8,
4.1E-40,0.0067,2600.0,2300.0,1500.0,5400000.0,6400.0,4500.0,6500.0,1500.0,3300.0,0.14,5500000.0,2.8E-5,0.024,0.024,0.0,600.0,16.0,0.089,3.3E-8,4.2E-15,2.9E7,1.0,7.9E8,
4.0E-40,0.0065,2600.0,2300.0,1500.0,5300000.0,6400.0,4500.0,6400.0,1500.0,3300.0,0.14,5300000.0,3.2E-5,0.024,0.024,0.0,600.0,16.0,0.0045,3.3E-8,2.2E-15,2.8E7,1.0,7.9E8,
3.9E-40,0.0062,2600.0,2300.0,1500.0,4900000.0,6400.0,4500.0,6400.0,1500.0,3300.0,0.14,4900000.0,3.4E-5,0.022,0.022,0.0,600.0,15.0,2.3E-4,3.3E-8,1.2E-15,2.6E7,1.0,7.8E8,
3.8E-40,0.0061,2600.0,2300.0,1500.0,4600000.0,6400.0,4500.0,6400.0,1500.0,3300.0,0.14,4600000.0,3.8E-5,0.022,0.022,0.0,590.0,14.0,4.2E-6,3.3E-8,5.2E-16,2.5E7,1.0,7.8E8,
8.8E-40,0.02,2600.0,30000.0,2400.0,5400000.0,23000.0,8700.0,1900.0,1500.0,3300.0,0.14,5500000.0,1.3E-5,0.034,0.034,0.0,600.0,11.0,40.0,3.4E-8,1.7E-14,2.4E7,1.0,7.9E8,
3.5E-40,0.0078,2600.0,7300.0,2400.0,5300000.0,5200.0,1200.0,1900.0,1500.0,3300.0,0.14,5300000.0,3.6E-5,0.027,0.027,0.0,590.0,11.0,2.0,3.4E-8,3.7E-15,2.3E7,1.0,7.9E8,
3.5E-40,0.0078,2600.0,7300.0,2400.0,5200000.0,5100.0,1200.0,1900.0,1500.0,3300.0,0.14,5200000.0,4.0E-5,0.027,0.027,0.0,590.0,11.0,0.014,3.4E-8,1.3E-15,2.2E7,1.0,7.9E8,
3.4E-40,0.0076,2600.0,7300.0,2400.0,4900000.0,5100.0,1200.0,1900.0,1500.0,3300.0,0.13,4900000.0,4.4E-5,0.026,0.026,0.0,590.0,10.0,3.6E-5,3.4E-8,4.0E-16,2.1E7,1.0,7.8E8,
3.3E-40,0.0073,2600.0,7300.0,2400.0,4400000.0,5100.0,1200.0,1900.0,1500.0,3200.0,0.13,4400000.0,4.3E-5,0.025,0.025,0.0,590.0,9.5,3.6E-5,3.3E-8,3.8E-16,2.1E7,1.0,7.8E8,
3.2E-40,0.0072,2600.0,7300.0,2400.0,4099999.9999999995,5100.0,1200.0,1900.0,1500.0,3200.0,0.13,4099999.9999999995,4.3E-5,0.024,0.024,0.0,580.0,9.0,6.6E-7,3.3E-8,1.7E-16,2.0E7,1.0,7.8E8,
3.2E-40,0.0072,2600.0,7300.0,2400.0,4099999.9999999995,5100.0,1200.0,1900.0,1500.0,3200.0,0.13,4099999.9999999995,4.2E-5,0.024,0.024,0.0,580.0,9.0,1.7E-9,3.3E-8,5.2E-17,2.0E7,1.0,7.8E8,
3.2E-40,0.0072,2600.0,7300.0,2400.0,4099999.9999999995,5100.0,1200.0,1900.0,1500.0,3200.0,0.13,4099999.9999999995,3.8E-5,0.024,0.024,0.0,580.0,9.0,4.4E-12,3.3E-8,1.7E-17,2.1E7,1.0,7.8E8,
3.2E-40,0.0072,2600.0,7300.0,2400.0,4099999.9999999995,5100.0,1200.0,1900.0,1500.0,3200.0,0.13,4099999.9999999995,3.3E-5,0.024,0.024,0.0,580.0,9.0,1.1E-14,3.3E-8,6.1E-18,2.2E7,1.0,7.8E8,
3.2E-40,0.0072,2600.0,7300.0,2400.0,4099999.9999999995,5100.0,1200.0,1900.0,1500.0,3200.0,0.13,4099999.9999999995,2.8E-5,0.024,0.024,0.0,570.0,9.0,3.0E-17,3.3E-8,2.7E-18,2.4E7,1.0,7.8E8,
3.2E-40,0.0072,2600.0,7300.0,2400.0,4099999.9999999995,5100.0,1200.0,1900.0,1500.0,3200.0,0.13,4099999.9999999995,2.3E-5,0.024,0.024,0.0,570.0,9.0,1.3E-19,3.3E-8,1.6E-18,2.5E7,1.0,7.8E8,
3.2E-40,0.0072,2600.0,7300.0,2400.0,4099999.9999999995,5100.0,1200.0,1900.0,1500.0,3200.0,0.13,4099999.9999999995,1.9E-5,0.024,0.024,0.0,570.0,9.0,1.5E-22,3.3E-8,1.1E-18,2.7E7,1.0,7.8E8,
3.2E-40,0.0072,2600.0,7300.0,2400.0,4099999.9999999995,5100.0,1200.0,1900.0,1500.0,3200.0,0.13,4099999.9999999995,1.6E-5,0.024,0.024,0.0,570.0,9.0,4.9E-25,3.3E-8,8.5E-19,2.9E7,1.0,7.8E8,
3.2E-40,0.0072,2600.0,7300.0,2400.0,4099999.9999999995,5100.0,1200.0,1900.0,1500.0,3200.0,0.13,4099999.9999999995,1.6E-5,0.024,0.024,0.0,570.0,9.0,1.0E-26,3.3E-8,7.1E-19,2.9E7,1.0,7.8E8,
3.2E-40,0.0072,2600.0,7300.0,2400.0,4099999.9999999995,5100.0,1200.0,1900.0,1500.0,3200.0,0.13,4099999.9999999995,1.9E-5,0.024,0.024,0.0,570.0,9.0,2.6E-29,3.3E-8,7.5E-19,2.7E7,1.0,7.8E8,
3.7E-39,0.053,18000.0,77000.0,6900.0,5400000.0,5100.0,1200.0,9400.0,1500.0,8700.0,0.13,5500000.0,1.5,0.07,0.07,0.0,580.0,12.0,24.0,3.6E-8,1.7E-14,2.7E7,1.0,7.9E8,
5.8E-40,0.0084,480.0,2100.0,6800.0,5400000.0,5100.0,1200.0,1900.0,1500.0,1100.0,0.13,5400000.0,8.4E-6,0.021,0.021,0.0,570.0,13.0,0.47,3.6E-8,1.2E-15,2.5E7,1.0,7.9E8,
5.7E-40,0.0083,480.0,2100.0,6800.0,5000000.0,5100.0,1200.0,1900.0,1500.0,1100.0,0.13,5100000.0,3.4E-5,0.02,0.02,0.0,570.0,13.0,0.17,3.6E-8,9.7E-16,2.5E7,1.0,7.9E8,
5.5E-40,0.008,480.0,2100.0,6800.0,4600000.0,5100.0,1200.0,1900.0,1500.0,1100.0,0.13,4700000.0,3.7E-5,0.019,0.019,0.0,580.0,12.0,0.0086,3.5E-8,5.2E-16,2.4E7,1.0,7.8E8,
5.3E-40,0.0077,480.0,2000.0,6800.0,4200000.0,5100.0,1200.0,1900.0,1500.0,1100.0,0.13,4200000.0,4.0E-5,0.018,0.018,0.0,580.0,12.0,4.3E-4,3.5E-8,2.7E-16,2.3E7,1.0,7.8E8,
5.3E-40,0.0077,480.0,2000.0,6800.0,4099999.9999999995,5100.0,1200.0,1900.0,1500.0,1100.0,0.13,4099999.9999999995,4.6E-5,0.017,0.017,0.0,570.0,12.0,3.0E-6,3.5E-8,1.0E-16,2.2E7,1.0,7.8E8,
5.3E-40,0.0077,480.0,2000.0,6800.0,4099999.9999999995,5100.0,1200.0,1900.0,1500.0,1100.0,0.13,4099999.9999999995,4.8E-5,0.017,0.017,0.0,570.0,12.0,7.5E-9,3.5E-8,3.2E-17,2.1E7,1.0,7.8E8,
5.3E-40,0.0077,480.0,2000.0,6800.0,4099999.9999999995,5100.0,1200.0,1900.0,1500.0,1100.0,0.13,4099999.9999999995,4.6E-5,0.017,0.017,0.0,550.0,12.0,1.9E-11,3.5E-8,1.1E-17,2.2E7,1.0,7.8E8,
5.3E-40,0.0076,480.0,2000.0,6800.0,3999999.9999999995,5100.0,1200.0,1900.0,1500.0,1100.0,0.13,4099999.9999999995,4.2E-5,0.017,0.017,0.0,550.0,11.0,1.3E-13,3.5E-8,5.3E-18,2.2E7,1.0,7.7E8,
5.3E-40,0.0076,480.0,2000.0,6800.0,3999999.9999999995,5100.0,1200.0,1900.0,1500.0,1100.0,0.13,4099999.9999999995,4.6E-5,0.017,0.017,0.0,540.0,11.0,3.4E-16,3.5E-8,3.1E-18,2.1E7,1.0,7.7E8,
5.3E-40,0.0076,480.0,2000.0,6800.0,3999999.9999999995,5100.0,1200.0,1900.0,1500.0,1100.0,0.13,4099999.9999999995,4.5E-5,0.017,0.017,0.0,540.0,11.0,8.7E-19,3.5E-8,2.4E-18,2.1E7,1.0,7.7E8,
5.3E-40,0.0076,480.0,2000.0,6800.0,3999999.9999999995,5100.0,1200.0,1900.0,1500.0,1100.0,0.13,4099999.9999999995,4.0E-5,0.017,0.017,0.0,540.0,11.0,2.2E-21,3.5E-8,2.1E-18,2.2E7,1.0,7.7E8,
5.3E-40,0.0076,480.0,2000.0,6800.0,3999999.9999999995,5100.0,1200.0,1900.0,1500.0,1100.0,0.13,4099999.9999999995,3.5E-5,0.017,0.017,0.0,530.0,11.0,5.699999999999999E-24,3.5E-8,1.8E-18,2.4E7,1.0,7.7E8,
5.3E-40,0.0076,480.0,2000.0,6800.0,3999999.9999999995,5100.0,1200.0,1900.0,1500.0,1100.0,0.13,4099999.9999999995,2.9E-5,0.017,0.017,0.0,530.0,11.0,8.0E-26,3.5E-8,1.5E-18,2.5E7,1.0,7.7E8,
5.3E-40,0.0076,480.0,2000.0,6800.0,3999999.9999999995,5100.0,1200.0,1900.0,1500.0,1100.0,0.13,4099999.9999999995,2.5E-5,0.017,0.017,0.0,530.0,11.0,1.8E-26,3.5E-8,1.3E-18,2.7E7,1.0,7.7E8,
5.3E-40,0.0076,480.0,2000.0,6800.0,3999999.9999999995,5100.0,1200.0,1900.0,1500.0,1100.0,0.13,4099999.9999999995,2.1E-5,0.017,0.017,0.0,530.0,11.0,4.9000000000000005E-27,3.5E-8,1.1E-18,2.8E7,1.0,7.7E8,
5.3E-40,0.0076,480.0,2000.0,6800.0,3999999.9999999995,5100.0,1200.0,1900.0,1500.0,1100.0,0.13,4099999.9999999995,1.8E-5,0.017,0.017,0.0,530.0,11.0,0.0,3.5E-8,9.3E-19,3.0E7,1.0,7.7E8,
5.3E-40,0.0076,480.0,2000.0,6800.0,3999999.9999999995,5100.0,1200.0,1900.0,1500.0,1100.0,0.13,4099999.9999999995,2.1E-5,0.017,0.017,0.0,530.0,11.0,0.0,3.5E-8,9.0E-19,2.8E7,1.0,7.7E8,
5.3E-40,0.0076,480.0,2000.0,6800.0,3999999.9999999995,5100.0,1200.0,1900.0,1500.0,1100.0,0.13,4099999.9999999995,2.3E-5,0.017,0.017,0.0,520.0,11.0,0.0,3.5E-8,1.0E-18,2.7E7,1.0,7.7E8,
5.3E-40,0.0076,480.0,2000.0,6800.0,3999999.9999999995,5100.0,1200.0,1900.0,1500.0,1100.0,0.13,3999999.9999999995,2.5E-5,0.017,0.017,0.0,520.0,11.0,0.0,3.5E-8,1.1E-18,2.6E7,1.0,7.6E8,
5.2E-40,0.0076,480.0,2000.0,6800.0,3999999.9999999995,5100.0,1200.0,1900.0,1500.0,1100.0,0.13,3999999.9999999995,2.9E-5,0.017,0.017,0.0,520.0,11.0,0.0,3.5E-8,1.2E-18,2.5E7,1.0,7.5E8,
5.2E-40,0.0076,470.0,2000.0,6800.0,3999999.9999999995,5100.0,1200.0,1900.0,1500.0,1100.0,0.13,3999999.9999999995,3.2E-5,0.017,0.017,0.0,520.0,11.0,0.0,3.5E-8,1.4E-18,2.4E7,1.0,7.5E8,
5.2E-40,0.0076,470.0,2000.0,6800.0,3999999.9999999995,5100.0,1200.0,1900.0,1500.0,1100.0,0.13,3999999.9999999995,3.2E-5,0.017,0.017,0.0,520.0,11.0,0.0,3.5E-8,1.5E-18,2.4E7,1.0,7.5E8,
5.2E-40,0.0076,470.0,2000.0,6800.0,3999999.9999999995,5100.0,1200.0,1900.0,1500.0,1100.0,0.13,3999999.9999999995,2.9E-5,0.017,0.017,0.0,520.0,11.0,0.0,3.5E-8,1.4E-18,2.5E7,1.0,7.5E8,
5.2E-40,0.0076,470.0,2000.0,6800.0,3999999.9999999995,5100.0,1200.0,1900.0,1500.0,1100.0,0.13,3999999.9999999995,2.5E-5,0.017,0.017,0.0,520.0,11.0,0.0,3.5E-8,1.3E-18,2.6E7,1.0,7.5E8,
5.2E-40,0.0076,470.0,2000.0,6800.0,3999999.9999999995,5100.0,1200.0,1900.0,1500.0,1100.0,0.13,3999999.9999999995,2.8E-5,0.017,0.017,0.0,520.0,11.0,0.0,3.5E-8,1.3E-18,2.5E7,1.0,7.5E8,
5.2E-40,0.0076,470.0,2000.0,6800.0,3999999.9999999995,5100.0,1200.0,1900.0,1500.0,1100.0,0.13,3999999.9999999995,3.1E-5,0.017,0.017,0.0,510.0,11.0,0.0,3.5E-8,1.4E-18,2.4E7,1.0,7.5E8,
5.2E-40,0.0076,470.0,2000.0,6800.0,3999999.9999999995,5100.0,1200.0,1900.0,1500.0,1100.0,0.13,3999999.9999999995,3.0E-5,0.017,0.017,0.0,490.0,11.0,0.0,3.5E-8,1.4E-18,2.4E7,1.0,7.5E8,
5.2E-40,0.0076,470.0,2000.0,6800.0,3999999.9999999995,5100.0,1200.0,1900.0,1500.0,1100.0,0.13,3999999.9999999995,2.7E-5,0.017,0.017,0.0,490.0,11.0,0.0,3.5E-8,1.4E-18,2.5E7,1.0,7.5E8,
5.2E-40,0.0076,470.0,2000.0,6800.0,3999999.9999999995,5100.0,1200.0,1900.0,1500.0,1100.0,0.13,3999999.9999999995,2.4E-5,0.017,0.017,0.0,480.0,11.0,0.0,3.5E-8,1.2E-18,2.6E7,1.0,7.5E8,
5.2E-40,0.0076,470.0,2000.0,6800.0,3999999.9999999995,5100.0,1200.0,1900.0,1500.0,1100.0,0.13,3999999.9999999995,2.1E-5,0.017,0.017,0.0,480.0,11.0,0.0,3.5E-8,1.1E-18,2.7E7,1.0,7.5E8,
5.2E-40,0.0076,470.0,2000.0,6800.0,3999999.9999999995,5100.0,1200.0,1900.0,1500.0,1100.0,0.13,3999999.9999999995,1.8E-5,0.017,0.017,0.0,480.0,11.0,0.0,3.5E-8,9.5E-19,2.9E7,1.0,7.5E8,
5.2E-40,0.0076,470.0,2000.0,6800.0,3999999.9999999995,5100.0,1200.0,1900.0,1500.0,1100.0,0.13,3999999.9999999995,1.5E-5,0.017,0.017,0.0,480.0,11.0,0.0,3.5E-8,8.2E-19,3.1E7,1.0,7.5E8,
5.2E-40,0.0076,470.0,2000.0,6800.0,3999999.9999999995,5100.0,1200.0,1900.0,1500.0,1100.0,0.13,3999999.9999999995,1.5E-5,0.017,0.017,0.0,480.0,11.0,0.0,3.5E-8,7.3E-19,3.1E7,1.0,7.5E8,
5.2E-40,0.0076,470.0,2000.0,6800.0,3999999.9999999995,5100.0,1200.0,1900.0,1500.0,1100.0,0.13,3999999.9999999995,1.9E-5,0.017,0.017,0.0,470.0,11.0,0.0,3.5E-8,8.0E-19,2.8E7,1.0,7.5E8,
5.2E-40,0.0076,470.0,2000.0,6800.0,3999999.9999999995,5100.0,1200.0,1900.0,1500.0,1100.0,0.13,3999999.9999999995,2.0E-5,0.017,0.017,0.0,470.0,11.0,0.0,3.5E-8,8.9E-19,2.8E7,1.0,7.5E8,
5.2E-40,0.0076,470.0,2000.0,6800.0,3999999.9999999995,5100.0,1200.0,1900.0,1500.0,1100.0,0.13,3999999.9999999995,2.0E-5,0.017,0.017,0.0,470.0,11.0,0.0,3.5E-8,9.2E-19,2.8E7,1.0,7.5E8,
5.2E-40,0.0076,470.0,2000.0,6800.0,3999999.9999999995,5100.0,1200.0,1900.0,1500.0,1100.0,0.13,3999999.9999999995,1.8E-5,0.017,0.017,0.0,470.0,11.0,0.0,3.5E-8,8.9E-19,2.9E7,1.0,7.5E8,
5.2E-40,0.0076,470.0,2000.0,6800.0,3999999.9999999995,5100.0,1200.0,1900.0,1500.0,1100.0,0.13,3999999.9999999995,1.6E-5,0.017,0.017,0.0,470.0,11.0,0.0,3.5E-8,8.2E-19,3.0E7,1.0,7.5E8,
5.2E-40,0.0076,470.0,2000.0,6800.0,3999999.9999999995,5100.0,1200.0,1900.0,1500.0,1100.0,0.13,3999999.9999999995,1.4E-5,0.017,0.017,0.0,470.0,11.0,0.0,3.5E-8,7.4E-19,3.1E7,1.0,7.5E8,
5.2E-40,0.0076,470.0,2000.0,6800.0,3999999.9999999995,5100.0,1200.0,1900.0,1500.0,1100.0,0.13,3999999.9999999995,1.2E-5,0.017,0.017,0.0,470.0,11.0,0.0,3.5E-8,6.5E-19,3.3E7,1.0,7.5E8,
5.2E-40,0.0076,470.0,2000.0,6800.0,3999999.9999999995,5100.0,1200.0,1900.0,1500.0,1100.0,0.13,3999999.9999999995,1.1E-5,0.017,0.017,0.0,470.0,11.0,0.0,3.5E-8,5.7E-19,3.5E7,1.0,7.4E8,
5.2E-40,0.0076,470.0,2000.0,6800.0,3899999.9999999995,5100.0,1200.0,1900.0,1500.0,1100.0,0.13,3999999.9999999995,1.5E-5,0.017,0.017,0.0,460.0,11.0,0.0,3.5E-8,6.0E-19,3.1E7,1.0,7.4E8,
5.2E-40,0.0076,470.0,2000.0,6800.0,3899999.9999999995,5100.0,1200.0,1900.0,1500.0,1100.0,0.13,3999999.9999999995,1.7E-5,0.017,0.017,0.0,460.0,11.0,0.0,3.5E-8,7.1E-19,2.9E7,1.0,7.4E8,
5.2E-40,0.0076,470.0,2000.0,6800.0,3899999.9999999995,5100.0,1200.0,1900.0,1500.0,1100.0,0.13,3999999.9999999995,1.7E-5,0.017,0.017,0.0,460.0,11.0,0.0,3.5E-8,7.9E-19,2.9E7,1.0,7.4E8,
5.2E-40,0.0076,470.0,2000.0,6800.0,3899999.9999999995,5100.0,1200.0,1900.0,1500.0,1100.0,0.13,3999999.9999999995,1.7E-5,0.017,0.017,0.0,460.0,11.0,0.0,3.5E-8,8.0E-19,2.9E7,1.0,7.4E8,
5.2E-40,0.0076,470.0,2000.0,6800.0,3899999.9999999995,5100.0,1200.0,1900.0,1500.0,1100.0,0.13,3999999.9999999995,1.5E-5,0.017,0.017,0.0,450.0,11.0,0.0,3.5E-8,7.6E-19,3.0E7,1.0,7.4E8,
5.2E-40,0.0076,470.0,2000.0,6800.0,3899999.9999999995,5100.0,1200.0,1900.0,1500.0,1100.0,0.13,3999999.9999999995,1.4E-5,0.017,0.017,0.0,450.0,11.0,0.0,3.5E-8,7.0E-19,3.2E7,1.0,7.4E8,
5.2E-40,0.0076,470.0,2000.0,6800.0,3899999.9999999995,5100.0,1200.0,1900.0,1500.0,1100.0,0.13,3999999.9999999995,1.2E-5,0.017,0.017,0.0,440.0,11.0,0.0,3.5E-8,6.2E-19,3.3E7,1.0,7.4E8,
5.2E-40,0.0076,470.0,2000.0,6800.0,3899999.9999999995,5100.0,1200.0,1900.0,1500.0,1100.0,0.13,3999999.9999999995,1.0E-5,0.017,0.017,0.0,440.0,11.0,0.0,3.5E-8,5.5E-19,3.5E7,1.0,7.4E8,
5.2E-40,0.0076,470.0,2000.0,6800.0,3899999.9999999995,5100.0,1200.0,1900.0,1500.0,1100.0,0.13,3999999.9999999995,1.2E-5,0.017,0.017,0.0,430.0,11.0,0.0,3.5E-8,5.2E-19,3.3E7,1.0,7.4E8,
5.2E-40,0.0076,470.0,2000.0,6800.0,3899999.9999999995,5100.0,1200.0,1900.0,1500.0,1100.0,0.13,3999999.9999999995,1.4E-5,0.017,0.017,0.0,430.0,11.0,0.0,3.5E-8,6.0E-19,3.1E7,1.0,7.4E8,
5.2E-40,0.0076,470.0,2000.0,6800.0,3899999.9999999995,5100.0,1200.0,1900.0,1500.0,1100.0,0.13,3999999.9999999995,1.6E-5,0.017,0.017,0.0,430.0,11.0,0.0,3.5E-8,6.8E-19,3.0E7,1.0,7.4E8,
5.2E-40,0.0076,470.0,2000.0,6800.0,3899999.9999999995,5100.0,1200.0,1900.0,1500.0,1100.0,0.13,3999999.9999999995,1.5E-5,0.017,0.017,0.0,430.0,11.0,0.0,3.5E-8,7.2E-19,3.0E7,1.0,7.4E8,
5.2E-40,0.0076,470.0,2000.0,6800.0,3899999.9999999995,5100.0,1200.0,1900.0,1500.0,1100.0,0.13,3999999.9999999995,1.4E-5,0.017,0.017,0.0,430.0,11.0,0.0,3.5E-8,7.0E-19,3.1E7,1.0,7.4E8,
5.2E-40,0.0076,470.0,2000.0,6800.0,3899999.9999999995,5100.0,1200.0,1900.0,1500.0,1100.0,0.13,3999999.9999999995,1.3E-5,0.017,0.017,0.0,420.0,11.0,0.0,3.5E-8,6.6E-19,3.2E7,1.0,7.4E8,
5.2E-40,0.0076,470.0,2000.0,6800.0,3899999.9999999995,5100.0,1200.0,1900.0,1500.0,1100.0,0.13,3999999.9999999995,1.1E-5,0.017,0.017,0.0,420.0,11.0,0.0,3.5E-8,6.0E-19,3.3E7,1.0,7.4E8,
5.2E-40,0.0076,470.0,2000.0,6800.0,3899999.9999999995,5100.0,1200.0,1900.0,1500.0,1100.0,0.13,3999999.9999999995,1.0E-5,0.017,0.017,0.0,410.0,11.0,0.0,3.5E-8,5.3E-19,3.5E7,1.0,7.3E8,
5.2E-40,0.0075,470.0,2000.0,6800.0,3899999.9999999995,5100.0,1200.0,1900.0,1500.0,1100.0,0.13,3899999.9999999995,1.3E-5,0.017,0.017,0.0,410.0,11.0,0.0,3.5E-8,5.4E-19,3.2E7,1.0,7.3E8,
5.2E-40,0.0075,470.0,2000.0,6800.0,3899999.9999999995,5100.0,1200.0,1900.0,1500.0,1100.0,0.13,3899999.9999999995,1.5E-5,0.017,0.017,0.0,410.0,11.0,0.0,3.5E-8,6.3E-19,3.0E7,1.0,7.3E8,
5.2E-40,0.0075,470.0,2000.0,6800.0,3899999.9999999995,5100.0,1200.0,1900.0,1500.0,1100.0,0.13,3899999.9999999995,1.6E-5,0.017,0.017,0.0,410.0,11.0,0.0,3.5E-8,7.0E-19,3.0E7,1.0,7.3E8,
5.2E-40,0.0075,470.0,2000.0,6800.0,3899999.9999999995,5100.0,1200.0,1900.0,1500.0,1100.0,0.13,3899999.9999999995,1.5E-5,0.017,0.017,0.0,410.0,11.0,0.0,3.5E-8,7.2E-19,3.0E7,1.0,7.3E8,
5.2E-40,0.0075,470.0,2000.0,6800.0,3899999.9999999995,5100.0,1200.0,1900.0,1500.0,1100.0,0.13,3899999.9999999995,1.4E-5,0.017,0.017,0.0,390.0,11.0,0.0,3.5E-8,6.9E-19,3.1E7,1.0,7.3E8,
5.2E-40,0.0075,470.0,2000.0,6800.0,3899999.9999999995,5100.0,1200.0,1900.0,1500.0,1100.0,0.13,3899999.9999999995,1.2E-5,0.017,0.017,0.0,390.0,11.0,0.0,3.5E-8,6.4E-19,3.2E7,1.0,7.3E8,
5.2E-40,0.0075,470.0,2000.0,6800.0,3899999.9999999995,5100.0,1200.0,1900.0,1500.0,1100.0,0.13,3899999.9999999995,1.1E-5,0.017,0.017,0.0,390.0,11.0,0.0,3.5E-8,5.8E-19,3.4E7,1.0,7.3E8,
5.2E-40,0.0075,470.0,2000.0,6800.0,3899999.9999999995,5100.0,1200.0,1900.0,1500.0,1100.0,0.13,3899999.9999999995,9.8E-6,0.017,0.017,0.0,390.0,11.0,0.0,3.5E-8,5.1E-19,3.5E7,1.0,7.3E8,
5.2E-40,0.0075,470.0,2000.0,6800.0,3899999.9999999995,5100.0,1200.0,1900.0,1500.0,1100.0,0.13,3899999.9999999995,1.1E-5,0.017,0.017,0.0,390.0,11.0,0.0,3.5E-8,4.8E-19,3.4E7,1.0,7.3E8,
5.2E-40,0.0075,470.0,2000.0,6800.0,3899999.9999999995,5100.0,1200.0,1900.0,1500.0,1100.0,0.13,3899999.9999999995,1.4E-5,0.017,0.017,0.0,390.0,11.0,0.0,3.5E-8,5.6E-19,3.1E7,1.0,7.3E8,
5.2E-40,0.0075,470.0,2000.0,6800.0,3899999.9999999995,5100.0,1200.0,1900.0,1500.0,1100.0,0.13,3899999.9999999995,1.5E-5,0.017,0.017,0.0,390.0,11.0,0.0,3.5E-8,6.4E-19,3.0E7,1.0,7.3E8,
5.2E-40,0.0075,470.0,2000.0,6800.0,3899999.9999999995,5100.0,1200.0,1900.0,1500.0,1100.0,0.13,3899999.9999999995,1.5E-5,0.017,0.017,0.0,380.0,11.0,0.0,3.5E-8,6.8E-19,3.0E7,1.0,7.3E8,
5.2E-40,0.0075,470.0,2000.0,6800.0,3899999.9999999995,5100.0,1200.0,1900.0,1500.0,1100.0,0.13,3899999.9999999995,1.4E-5,0.017,0.017,0.0,380.0,11.0,0.0,3.5E-8,6.7E-19,3.1E7,1.0,7.3E8,
5.2E-40,0.0075,470.0,2000.0,6800.0,3899999.9999999995,5100.0,1200.0,1900.0,1500.0,1100.0,0.13,3899999.9999999995,1.2E-5,0.017,0.017,0.0,380.0,11.0,0.0,3.5E-8,6.3E-19,3.2E7,1.0,7.3E8,
5.2E-40,0.0075,470.0,2000.0,6800.0,3899999.9999999995,5100.0,1200.0,1900.0,1500.0,1100.0,0.13,3899999.9999999995,1.1E-5,0.017,0.017,0.0,380.0,11.0,0.0,3.5E-8,5.7E-19,3.4E7,1.0,7.3E8,
5.2E-40,0.0075,470.0,2000.0,6800.0,3899999.9999999995,5100.0,1200.0,1900.0,1500.0,1100.0,0.13,3899999.9999999995,9.8E-6,0.017,0.017,0.0,370.0,11.0,0.0,3.5E-8,5.1E-19,3.5E7,1.0,7.3E8,
2.3E-39,0.037,2600.0,48000.0,30000.0,5300000.0,9400.0,2900.0,8200.0,4400.0,4200.0,0.13,5500000.0,1.8E-5,0.065,0.065,0.0,540.0,18.0,1.3,8.4E-8,5.8E-14,3.5E7,1.0,7.6E8,
2.2E-40,0.0035,2600.0,590.0,2200.0,5200000.0,1900.0,2900.0,690.0,4400.0,4200.0,0.13,5200000.0,4.3E-6,0.042,0.042,0.0,540.0,3.7,0.18,8.4E-8,3.7E-15,3.3E7,1.0,7.6E8,
2.1E-40,0.0034,2600.0,590.0,2200.0,4800000.0,1900.0,2900.0,690.0,4300.0,4200.0,0.13,4800000.0,4.6E-6,0.04,0.04,0.0,550.0,3.5,0.024,8.3E-8,2.4E-15,3.1E7,1.0,7.6E8,
2.0E-40,0.0033,2600.0,590.0,2200.0,4600000.0,1900.0,2900.0,690.0,4300.0,4200.0,0.13,4600000.0,5.3E-6,0.04,0.04,0.0,550.0,3.4,0.0012,8.3E-8,1.3E-15,3.0E7,1.0,7.6E8,
2.0E-40,0.0032,2600.0,590.0,2200.0,4400000.0,1900.0,2900.0,690.0,4300.0,4200.0,0.13,4400000.0,6.0E-6,0.039,0.039,0.0,550.0,3.3,6.1E-5,8.3E-8,6.8E-16,2.8E7,1.0,7.5E8,
1.9E-40,0.0031,2600.0,580.0,2200.0,4099999.9999999995,1900.0,2900.0,690.0,4300.0,4200.0,0.13,4200000.0,6.6E-6,0.038,0.038,0.0,550.0,3.2,3.1E-6,8.2E-8,3.6E-16,2.6E7,1.0,7.5E8,
1.8E-40,0.003,2600.0,580.0,2200.0,3999999.9999999995,1900.0,2900.0,690.0,4300.0,4200.0,0.13,3999999.9999999995,7.6E-6,0.037,0.037,0.0,550.0,3.1,5.7E-8,8.2E-8,1.6E-16,2.5E7,1.0,7.5E8,
1.8E-40,0.003,2600.0,580.0,2200.0,3999999.9999999995,1900.0,2900.0,690.0,4300.0,4200.0,0.13,3999999.9999999995,8.8E-6,0.037,0.037,0.0,550.0,3.1,1.5E-10,8.2E-8,4.9E-17,2.4E7,1.0,7.5E8,
1.8E-40,0.003,2600.0,580.0,2200.0,3999999.9999999995,1900.0,2900.0,690.0,4300.0,4200.0,0.13,3999999.9999999995,9.0E-6,0.037,0.037,0.0,550.0,3.1,3.7E-13,8.2E-8,1.5E-17,2.3E7,1.0,7.5E8,
1.8E-40,0.003,2600.0,580.0,2200.0,3999999.9999999995,1900.0,2900.0,690.0,4300.0,4200.0,0.13,3999999.9999999995,8.4E-6,0.037,0.037,0.0,540.0,3.1,9.5E-16,8.2E-8,5.3E-18,2.4E7,1.0,7.5E8,
1.8E-40,0.003,2600.0,580.0,2200.0,3999999.9999999995,1900.0,2900.0,690.0,4300.0,4200.0,0.13,3999999.9999999995,7.4E-6,0.037,0.037,0.0,540.0,3.1,2.5E-18,8.2E-8,2.2E-18,2.5E7,1.0,7.5E8,
1.8E-40,0.003,2600.0,580.0,2200.0,3999999.9999999995,1900.0,2900.0,690.0,4300.0,4200.0,0.13,3999999.9999999995,6.4E-6,0.037,0.037,0.0,540.0,3.1,9.0E-21,8.2E-8,1.2E-18,2.6E7,1.0,7.5E8,
1.8E-40,0.003,2600.0,580.0,2200.0,3999999.9999999995,1900.0,2900.0,690.0,4300.0,4200.0,0.13,3999999.9999999995,5.5E-6,0.037,0.037,0.0,540.0,3.1,1.9E-23,8.2E-8,8.0E-19,2.8E7,1.0,7.5E8,
1.8E-40,0.003,2600.0,580.0,2200.0,3999999.9999999995,1900.0,2900.0,690.0,4300.0,4200.0,0.13,3999999.9999999995,4.7E-6,0.037,0.037,0.0,540.0,3.1,4.2E-26,8.2E-8,6.3E-19,3.0E7,1.0,7.5E8,
1.8E-40,0.003,2600.0,580.0,2200.0,3999999.9999999995,1900.0,2900.0,690.0,4300.0,4200.0,0.13,3999999.9999999995,4.0E-6,0.037,0.037,0.0,540.0,3.1,5.5E-29,8.2E-8,5.2E-19,3.1E7,1.0,7.5E8,
1.8E-40,0.003,2600.0,580.0,2200.0,3999999.9999999995,1900.0,2900.0,690.0,4300.0,4200.0,0.13,3999999.9999999995,4.9E-6,0.037,0.037,0.0,540.0,3.1,0.0,8.2E-8,5.0E-19,2.9E7,1.0,7.5E8,
1.8E-40,0.003,2600.0,580.0,2200.0,3999999.9999999995,1900.0,2900.0,690.0,4300.0,4200.0,0.13,3999999.9999999995,5.6E-6,0.037,0.037,0.0,540.0,3.1,0.0,8.2E-8,5.6E-19,2.8E7,1.0,7.5E8,
1.8E-40,0.003,2600.0,580.0,2200.0,3999999.9999999995,1900.0,2900.0,690.0,4300.0,4200.0,0.13,3999999.9999999995,5.6E-6,0.037,0.037,0.0,540.0,3.1,0.0,8.2E-8,6.0E-19,2.8E7,1.0,7.5E8,
1.8E-40,0.003,2600.0,580.0,2200.0,3999999.9999999995,1900.0,2900.0,690.0,4300.0,4200.0,0.13,3999999.9999999995,5.3E-6,0.037,0.037,0.0,540.0,3.1,0.0,8.2E-8,6.0E-19,2.8E7,1.0,7.5E8,
1.8E-40,0.003,2600.0,580.0,2200.0,3999999.9999999995,1900.0,2900.0,690.0,4300.0,4200.0,0.13,3999999.9999999995,4.8E-6,0.037,0.037,0.0,540.0,3.1,0.0,8.2E-8,5.6E-19,2.9E7,1.0,7.5E8,
1.8E-40,0.003,2600.0,580.0,2200.0,3999999.9999999995,1900.0,2900.0,690.0,4300.0,4200.0,0.13,3999999.9999999995,4.2E-6,0.037,0.037,0.0,540.0,3.1,0.0,8.2E-8,5.1E-19,3.1E7,1.0,7.5E8,
1.8E-40,0.003,2600.0,580.0,2200.0,3999999.9999999995,1900.0,2900.0,690.0,4300.0,4200.0,0.13,3999999.9999999995,3.7E-6,0.037,0.037,0.0,530.0,3.1,0.0,8.2E-8,4.5E-19,3.2E7,1.0,7.5E8,
1.8E-40,0.003,2600.0,580.0,2200.0,3999999.9999999995,1900.0,2900.0,690.0,4300.0,4200.0,0.13,3999999.9999999995,3.2E-6,0.037,0.037,0.0,530.0,3.1,0.0,8.2E-8,4.0E-19,3.4E7,1.0,7.5E8,
4.8E-40,0.01,1500.0,7300.0,6000.0,5300000.0,1900.0,2900.0,690.0,4300.0,4200.0,0.13,5400000.0,2.3E-6,0.048,0.048,0.0,560.0,17.0,68.0,8.9E-8,7.0E-14,3.4E7,1.0,7.7E8,
4.6E-40,0.0098,1500.0,7300.0,6000.0,4800000.0,1900.0,2900.0,690.0,4300.0,4200.0,0.13,4900000.0,2.0E-5,0.045,0.045,0.0,550.0,16.0,3.4,8.9E-8,3.7E-14,3.2E7,1.0,7.6E8,
4.3E-40,0.012,750.0,13000.0,6000.0,5400000.0,1900.0,2900.0,690.0,4300.0,4200.0,0.13,5400000.0,1.4E-5,0.05,0.05,0.0,560.0,19.0,46.0,9.0E-8,1.2E-13,3.1E7,1.0,7.7E8,
2.0E-40,0.0057,750.0,370.0,6000.0,5200000.0,1900.0,2900.0,680.0,4300.0,4200.0,0.13,5200000.0,2.9E-5,0.043,0.043,0.0,550.0,18.0,6.3,8.9E-8,3.9E-14,3.0E7,1.0,7.6E8,
2.0E-40,0.0056,750.0,370.0,6000.0,5100000.0,1900.0,2900.0,680.0,4300.0,4200.0,0.13,5100000.0,3.6E-5,0.043,0.043,0.0,550.0,18.0,0.043,8.9E-8,1.4E-14,2.7E7,1.0,7.6E8,
2.0E-40,0.0055,740.0,370.0,6000.0,4800000.0,1800.0,2900.0,680.0,4300.0,4100.0,0.13,4900000.0,4.2E-5,0.042,0.042,0.0,550.0,18.0,8.0E-4,8.9E-8,6.3E-15,2.5E7,1.0,7.6E8,
1.9E-40,0.0054,740.0,370.0,6000.0,4700000.0,1800.0,2900.0,680.0,4300.0,4100.0,0.13,4700000.0,5.1E-5,0.041,0.041,0.0,540.0,18.0,5.5E-6,8.9E-8,2.3E-15,2.4E7,1.0,7.6E8,
1.9E-40,0.0053,740.0,370.0,6000.0,4400000.0,1800.0,2900.0,680.0,4300.0,4100.0,0.13,4400000.0,5.3E-5,0.039,0.039,0.0,540.0,17.0,7.5E-7,8.8E-8,1.5E-15,2.3E7,1.0,7.6E8,
1.9E-40,0.0052,740.0,370.0,6000.0,4200000.0,1800.0,2900.0,680.0,4300.0,4100.0,0.13,4200000.0,6.2E-5,0.038,0.038,0.0,540.0,17.0,5.1E-9,8.8E-8,5.4E-16,2.2E7,1.0,7.6E8,
1.8E-40,0.0051,740.0,370.0,6000.0,3999999.9999999995,1800.0,2900.0,680.0,4300.0,4100.0,0.13,3999999.9999999995,6.7E-5,0.038,0.038,0.0,540.0,16.0,9.6E-11,8.8E-8,2.4E-16,2.1E7,1.0,7.5E8,
1.8E-40,0.0051,740.0,370.0,6000.0,3999999.9999999995,1800.0,2900.0,680.0,4300.0,4100.0,0.13,3999999.9999999995,7.2E-5,0.038,0.038,0.0,540.0,16.0,2.5E-13,8.7E-8,7.9E-17,2.0E7,1.0,7.5E8,
1.8E-40,0.0051,740.0,370.0,6000.0,3999999.9999999995,1800.0,2900.0,680.0,4300.0,4100.0,0.13,3999999.9999999995,6.9E-5,0.038,0.038,0.0,530.0,16.0,6.3E-16,8.8E-8,2.9E-17,2.1E7,1.0,7.5E8,
1.8E-40,0.0051,740.0,370.0,6000.0,3999999.9999999995,1800.0,2900.0,680.0,4300.0,4100.0,0.13,3999999.9999999995,6.1E-5,0.038,0.038,0.0,520.0,16.0,1.6E-18,8.7E-8,1.4E-17,2.1E7,1.0,7.5E8,
1.8E-40,0.0051,740.0,370.0,6000.0,3999999.9999999995,1800.0,2900.0,680.0,4300.0,4100.0,0.13,3999999.9999999995,5.2E-5,0.038,0.038,0.0,510.0,16.0,4.2E-21,8.8E-8,8.8E-18,2.3E7,1.0,7.5E8,
1.8E-40,0.0051,740.0,370.0,6000.0,3999999.9999999995,1800.0,2900.0,680.0,4300.0,4100.0,0.13,3999999.9999999995,4.4E-5,0.038,0.038,0.0,510.0,16.0,1.1E-23,8.8E-8,6.5E-18,2.4E7,1.0,7.5E8,
1.8E-40,0.0051,740.0,370.0,6000.0,3999999.9999999995,1800.0,2900.0,680.0,4300.0,4100.0,0.13,3999999.9999999995,3.7E-5,0.038,0.038,0.0,500.0,16.0,2.6E-26,8.8E-8,5.1E-18,2.6E7,1.0,7.5E8,
1.8E-40,0.0051,740.0,370.0,6000.0,3999999.9999999995,1800.0,2900.0,680.0,4300.0,4100.0,0.13,3999999.9999999995,3.1E-5,0.038,0.038,0.0,490.0,16.0,5.0E-29,8.8E-8,4.2E-18,2.7E7,1.0,7.5E8,
1.8E-40,0.0051,740.0,370.0,6000.0,3999999.9999999995,1800.0,2900.0,680.0,4300.0,4100.0,0.13,3999999.9999999995,2.6E-5,0.038,0.038,0.0,480.0,16.0,0.0,8.8E-8,3.5E-18,2.9E7,1.0,7.5E8,
1.8E-40,0.0051,740.0,370.0,6000.0,3999999.9999999995,1800.0,2900.0,680.0,4300.0,4100.0,0.13,3999999.9999999995,3.1E-5,0.038,0.038,0.0,480.0,16.0,4.1E-33,8.8E-8,3.4E-18,2.7E7,1.0,7.5E8,
1.8E-40,0.0051,740.0,370.0,6000.0,3999999.9999999995,1800.0,2900.0,680.0,4300.0,4100.0,0.13,3999999.9999999995,3.4E-5,0.038,0.038,0.0,470.0,16.0,1.1E-35,8.8E-8,3.7E-18,2.6E7,1.0,7.5E8,
1.8E-40,0.0051,740.0,370.0,6000.0,3999999.9999999995,1800.0,2900.0,680.0,4300.0,4100.0,0.13,3999999.9999999995,3.4E-5,0.038,0.038,0.0,470.0,16.0,2.7E-38,8.8E-8,3.9E-18,2.6E7,1.0,7.5E8,
1.8E-40,0.0051,740.0,370.0,6000.0,3999999.9999999995,1800.0,2900.0,680.0,4300.0,4100.0,0.13,3999999.9999999995,3.2E-5,0.038,0.038,0.0,460.0,16.0,7.0E-41,8.8E-8,3.8E-18,2.7E7,1.0,7.5E8,
1.8E-40,0.0051,740.0,370.0,6000.0,3999999.9999999995,1800.0,2900.0,680.0,4300.0,4100.0,0.13,3999999.9999999995,2.8E-5,0.038,0.038,0.0,450.0,16.0,4.6E-43,8.8E-8,3.6E-18,2.8E7,1.0,7.5E8,
1.8E-40,0.0051,740.0,370.0,6000.0,3999999.9999999995,1800.0,2900.0,680.0,4300.0,4100.0,0.13,3999999.9999999995,2.5E-5,0.038,0.038,0.0,440.0,16.0,1.4E-43,8.8E-8,3.2E-18,3.0E7,1.0,7.5E8,
1.8E-40,0.0051,740.0,370.0,6000.0,3999999.9999999995,1800.0,2900.0,680.0,4300.0,4100.0,0.13,3999999.9999999995,2.1E-5,0.038,0.038,0.0,440.0,16.0,3.1000000000000003E-44,8.8E-8,2.8E-18,3.1E7,1.0,7.5E8,
1.8E-40,0.0051,740.0,370.0,6000.0,3999999.9999999995,1800.0,2900.0,680.0,4300.0,4100.0,0.13,3999999.9999999995,1.9E-5,0.038,0.038,0.0,440.0,16.0,0.0,8.8E-8,2.4E-18,3.3E7,1.0,7.5E8,
1.8E-40,0.0051,740.0,370.0,6000.0,3999999.9999999995,1800.0,2900.0,680.0,4300.0,4100.0,0.13,3999999.9999999995,2.0E-5,0.038,0.038,0.0,440.0,16.0,1.1E-45,8.8E-8,2.3E-18,3.2E7,1.0,7.5E8,
1.8E-40,0.0051,740.0,370.0,6000.0,3999999.9999999995,1800.0,2900.0,680.0,4300.0,4100.0,0.13,3999999.9999999995,2.5E-5,0.038,0.038,0.0,440.0,16.0,2.8E-48,8.8E-8,2.6E-18,3.0E7,1.0,7.5E8,
1.8E-40,0.0051,740.0,370.0,6000.0,3999999.9999999995,1800.0,2900.0,680.0,4300.0,4100.0,0.13,3999999.9999999995,2.6E-5,0.038,0.038,0.0,430.0,16.0,7.1E-51,8.8E-8,2.9E-18,2.9E7,1.0,7.5E8,
1.8E-40,0.0051,740.0,370.0,6000.0,3999999.9999999995,1800.0,2900.0,680.0,4300.0,4100.0,0.13,3999999.9999999995,2.5E-5,0.038,0.038,0.0,430.0,16.0,1.8E-53,8.8E-8,3.0E-18,2.9E7,1.0,7.5E8,
1.8E-40,0.0051,740.0,370.0,6000.0,3999999.9999999995,1800.0,2900.0,680.0,4300.0,4100.0,0.13,3999999.9999999995,2.3E-5,0.038,0.038,0.0,430.0,16.0,5.0E-56,8.8E-8,2.9E-18,3.0E7,1.0,7.5E8,
1.8E-40,0.0051,740.0,370.0,6000.0,3999999.9999999995,1800.0,2900.0,680.0,4300.0,4100.0,0.13,3999999.9999999995,2.1E-5,0.038,0.038,0.0,430.0,16.0,1.1E-57,8.8E-8,2.6E-18,3.1E7,1.0,7.5E8,
1.8E-40,0.0051,740.0,370.0,6000.0,3999999.9999999995,1800.0,2900.0,680.0,4300.0,4100.0,0.13,3999999.9999999995,1.8E-5,0.038,0.038,0.0,430.0,16.0,0.0,8.8E-8,2.4E-18,3.3E7,1.0,7.5E8,
1.8E-40,0.0051,740.0,370.0,6000.0,3999999.9999999995,1800.0,2900.0,680.0,4300.0,4100.0,0.13,3999999.9999999995,1.6E-5,0.038,0.038,0.0,430.0,16.0,0.0,8.8E-8,2.1E-18,3.4E7,1.0,7.5E8,
1.8E-40,0.0051,740.0,370.0,6000.0,3999999.9999999995,1800.0,2900.0,680.0,4300.0,4100.0,0.13,3999999.9999999995,1.5E-5,0.038,0.038,0.0,430.0,16.0,0.0,8.8E-8,1.9E-18,3.5E7,1.0,7.5E8,
1.8E-40,0.0051,740.0,370.0,6000.0,3999999.9999999995,1800.0,2900.0,680.0,4300.0,4100.0,0.13,3999999.9999999995,2.0E-5,0.038,0.038,0.0,420.0,16.0,0.0,8.8E-8,2.1E-18,3.2E7,1.0,7.5E8,
1.8E-40,0.0051,740.0,370.0,6000.0,3999999.9999999995,1800.0,2900.0,680.0,4300.0,4100.0,0.13,3999999.9999999995,2.3E-5,0.038,0.038,0.0,420.0,16.0,0.0,8.8E-8,2.4E-18,3.1E7,1.0,7.5E8,
1.8E-40,0.0051,740.0,370.0,6000.0,3999999.9999999995,1800.0,2900.0,680.0,4300.0,4100.0,0.13,3999999.9999999995,2.3E-5,0.038,0.038,0.0,420.0,16.0,0.0,8.8E-8,2.6E-18,3.1E7,1.0,7.5E8,
1.8E-40,0.0051,740.0,370.0,6000.0,3999999.9999999995,1800.0,2900.0,680.0,4300.0,4100.0,0.13,3999999.9999999995,2.2E-5,0.038,0.038,0.0,420.0,16.0,0.0,8.8E-8,2.6E-18,3.1E7,1.0,7.5E8,
1.8E-40,0.0051,740.0,370.0,6000.0,3999999.9999999995,1800.0,2900.0,680.0,4300.0,4100.0,0.13,3999999.9999999995,2.0E-5,0.038,0.038,0.0,410.0,16.0,0.0,8.8E-8,2.4E-18,3.2E7,1.0,7.5E8,
4.8E-40,0.021,15000.0,31000.0,3400.0,5100000.0,1800.0,2900.0,680.0,4300.0,4100.0,0.13,5200000.0,1.4E-5,0.065,0.065,0.0,470.0,9.6,11.0,9.3E-8,5.7E-14,3.1E7,1.0,7.7E8,
1.4999999999999999E-40,0.0063,7100.0,3600.0,3400.0,5000000.0,1800.0,2900.0,680.0,4300.0,4100.0,0.13,5000000.0,1.6E-5,0.05,0.05,0.0,460.0,9.4,0.21,9.2E-8,7.7E-15,2.9E7,1.0,7.7E8,
1.4E-40,0.0061,7100.0,3600.0,3400.0,4600000.0,1800.0,2900.0,670.0,4300.0,4100.0,0.13,4600000.0,1.7E-5,0.048,0.048,0.0,460.0,9.0,0.029,9.2E-8,5.0E-15,2.8E7,1.0,7.6E8,
1.4E-40,0.006,7100.0,3600.0,3400.0,4400000.0,1800.0,2900.0,670.0,4300.0,4100.0,0.13,4400000.0,1.8E-5,0.047,0.047,0.0,460.0,8.8,0.004,9.1E-8,3.3E-15,2.7E7,1.0,7.6E8,
1.4E-40,0.0059,7100.0,3600.0,3400.0,4300000.0,1800.0,2900.0,670.0,4300.0,4100.0,0.13,4300000.0,2.2E-5,0.046,0.046,0.0,450.0,8.7,2.8E-5,9.1E-8,1.2E-15,2.5E7,1.0,7.6E8,
1.3E-40,0.0058,7100.0,3600.0,3400.0,3999999.9999999995,1800.0,2900.0,670.0,4300.0,4100.0,0.13,3999999.9999999995,2.4E-5,0.045,0.045,0.0,450.0,8.3,1.4E-6,9.1E-8,6.4E-16,2.4E7,1.0,7.6E8,
1.3E-40,0.0058,7100.0,3600.0,3400.0,3999999.9999999995,1800.0,2900.0,670.0,4300.0,4100.0,0.13,3999999.9999999995,2.7E-5,0.045,0.045,0.0,450.0,8.3,3.6E-9,9.1E-8,1.9E-16,2.3E7,1.0,7.6E8,
1.3E-40,0.0058,7100.0,3600.0,3400.0,3999999.9999999995,1800.0,2900.0,670.0,4300.0,4100.0,0.13,3999999.9999999995,2.6E-5,0.045,0.045,0.0,450.0,8.3,9.3E-12,9.1E-8,6.1E-17,2.3E7,1.0,7.6E8,
1.3E-40,0.0058,7100.0,3600.0,3400.0,3999999.9999999995,1800.0,2900.0,670.0,4300.0,4100.0,0.13,3999999.9999999995,2.4E-5,0.045,0.045,0.0,450.0,8.3,2.4E-14,9.1E-8,2.0E-17,2.4E7,1.0,7.6E8,
1.3E-40,0.0058,7100.0,3600.0,3400.0,3999999.9999999995,1800.0,2900.0,670.0,4300.0,4100.0,0.13,3999999.9999999995,2.2E-5,0.044,0.044,0.0,450.0,8.3,1.7E-16,9.1E-8,9.2E-18,2.4E7,1.0,7.5E8,
1.3E-40,0.0058,7100.0,3600.0,3400.0,3999999.9999999995,1800.0,2900.0,670.0,4300.0,4100.0,0.13,3999999.9999999995,2.5E-5,0.044,0.044,0.0,450.0,8.3,4.4E-19,9.1E-8,4.8E-18,2.3E7,1.0,7.5E8,
1.7E-39,0.064,24000.0,120000.0,2400.0,5200000.0,1800.0,2900.0,670.0,4200.0,4100.0,0.13,5400000.0,1.8E-5,0.12,0.12,0.0,480.0,5.1,64.0,1.0E-7,2.5E-13,2.2E7,1.0,7.7E8,
1.4E-40,0.0054,1000.0,3200.0,2400.0,5100000.0,1800.0,2800.0,670.0,4200.0,4100.0,0.13,5100000.0,2.4E-6,0.051,0.051,0.0,470.0,4.9,3.3,9.9E-8,1.1E-14,2.1E7,1.0,7.6E8,
1.4E-40,0.0052,1000.0,3200.0,2400.0,4700000.0,1800.0,2800.0,670.0,4200.0,4100.0,0.13,4800000.0,1.9E-5,0.049,0.049,0.0,480.0,4.7,0.45,9.8E-8,7.5E-15,2.1E7,1.0,7.6E8,
1.3E-40,0.0051,1000.0,3200.0,2400.0,4600000.0,1800.0,2800.0,670.0,4200.0,4100.0,0.13,4600000.0,2.2E-5,0.048,0.048,0.0,480.0,4.6,0.0031,9.8E-8,2.7E-15,2.0E7,1.0,7.6E8,
1.3E-40,0.0051,1000.0,3200.0,2400.0,4500000.0,1800.0,2800.0,670.0,4200.0,4100.0,0.12,4500000.0,2.3E-5,0.048,0.048,0.0,470.0,4.6,1.6E-4,9.8E-8,1.5E-15,1.9E7,1.0,7.6E8,
1.3E-40,0.0049,1000.0,3100.0,2400.0,4200000.0,1800.0,2800.0,670.0,4200.0,4100.0,0.12,4200000.0,2.3E-5,0.046,0.046,0.0,470.0,4.3,7.9E-6,9.7E-8,7.8E-16,1.9E7,1.0,7.6E8,
1.3E-40,0.0049,1000.0,3100.0,2400.0,4200000.0,1800.0,2800.0,670.0,4200.0,4000.0,0.12,4200000.0,2.4E-5,0.046,0.046,0.0,470.0,4.3,2.0E-8,9.7E-8,2.4E-16,1.9E7,1.0,7.6E8,
1.2E-40,0.0048,1000.0,3100.0,2400.0,3999999.9999999995,1800.0,2800.0,670.0,4200.0,4000.0,0.12,3999999.9999999995,2.5E-5,0.045,0.045,0.0,470.0,4.2,1.4E-10,9.7E-8,8.8E-17,1.8E7,1.0,7.6E8,
1.2E-40,0.0048,1000.0,3100.0,2400.0,3999999.9999999995,1800.0,2800.0,670.0,4200.0,4000.0,0.12,3999999.9999999995,2.4E-5,0.045,0.045,0.0,460.0,4.2,3.5E-13,9.7E-8,2.9E-17,1.8E7,1.0,7.6E8,
1.2E-40,0.0048,1000.0,3100.0,2400.0,3999999.9999999995,1800.0,2800.0,670.0,4200.0,4000.0,0.12,3999999.9999999995,2.1E-5,0.045,0.045,0.0,460.0,4.2,9.0E-16,9.7E-8,1.1E-17,1.9E7,1.0,7.6E8,
1.2E-40,0.0048,1000.0,3100.0,2400.0,3999999.9999999995,1800.0,2800.0,670.0,4200.0,4000.0,0.12,3999999.9999999995,1.8E-5,0.045,0.045,0.0,450.0,4.2,2.3E-18,9.7E-8,4.9E-18,2.1E7,1.0,7.6E8,
1.2E-40,0.0048,1000.0,3100.0,2400.0,3999999.9999999995,1800.0,2800.0,670.0,4200.0,4000.0,0.12,3999999.9999999995,1.5E-5,0.045,0.045,0.0,450.0,4.2,5.9E-21,9.7E-8,2.9E-18,2.2E7,1.0,7.6E8,
1.2E-40,0.0048,1000.0,3100.0,2400.0,3999999.9999999995,1800.0,2800.0,670.0,4200.0,4000.0,0.12,3999999.9999999995,1.2E-5,0.045,0.045,0.0,440.0,4.2,1.7E-23,9.7E-8,2.1E-18,2.4E7,1.0,7.6E8,
1.2E-40,0.0048,1000.0,3100.0,2400.0,3999999.9999999995,1800.0,2800.0,670.0,4200.0,4000.0,0.12,3999999.9999999995,1.0E-5,0.045,0.045,0.0,440.0,4.2,1.8999999999999998E-24,9.7E-8,1.6E-18,2.5E7,1.0,7.6E8,
1.2E-40,0.0048,1000.0,3100.0,2400.0,3999999.9999999995,1800.0,2800.0,670.0,4200.0,4000.0,0.12,3999999.9999999995,8.3E-6,0.045,0.045,0.0,440.0,4.2,0.0,9.7E-8,1.3E-18,2.7E7,1.0,7.6E8,
1.2E-40,0.0048,1000.0,3100.0,2400.0,3999999.9999999995,1800.0,2800.0,670.0,4200.0,4000.0,0.12,3999999.9999999995,8.1E-6,0.045,0.045,0.0,440.0,4.2,0.0,9.7E-8,1.1E-18,2.7E7,1.0,7.6E8,
1.2E-40,0.0048,1000.0,3100.0,2400.0,3999999.9999999995,1800.0,2800.0,670.0,4200.0,4000.0,0.12,3999999.9999999995,9.5E-6,0.045,0.045,0.0,440.0,4.2,0.0,9.7E-8,1.1E-18,2.6E7,1.0,7.6E8,
1.2E-40,0.0048,1000.0,3100.0,2400.0,3999999.9999999995,1800.0,2800.0,670.0,4200.0,4000.0,0.12,3999999.9999999995,9.8E-6,0.045,0.045,0.0,430.0,4.2,0.0,9.7E-8,1.2E-18,2.5E7,1.0,7.6E8,
3.8E-40,0.022,10000.0,35000.0,3100.0,5000000.0,1800.0,2800.0,670.0,4200.0,4000.0,0.13,5100000.0,6.7E-4,0.066,0.066,0.0,460.0,7.0,79.0,1.0E-7,2.8E-15,2.6E7,1.0,7.7E8,
8.8E-41,0.005,2900.0,1800.0,3100.0,4900000.0,1800.0,2800.0,660.0,4200.0,4000.0,0.13,4900000.0,4.1E-6,0.048,0.048,0.0,450.0,6.9,4.1,1.0E-7,3.6E-16,2.5E7,1.0,7.7E8,
8.399999999999999E-41,0.0048,2900.0,1800.0,3100.0,4500000.0,1800.0,2800.0,660.0,4200.0,4000.0,0.12,4500000.0,1.9E-5,0.046,0.046,0.0,450.0,6.6,0.075,1.0E-7,1.5E-16,2.4E7,1.0,7.6E8,
8.0E-41,0.0046,2900.0,1800.0,3000.0,4099999.9999999995,1800.0,2800.0,660.0,4200.0,4000.0,0.12,4099999.9999999995,2.0E-5,0.044,0.044,0.0,450.0,6.2,0.0038,1.0E-7,8.2E-17,2.3E7,1.0,7.6E8,
7.9E-41,0.0045,2900.0,1800.0,3000.0,3999999.9999999995,1800.0,2800.0,660.0,4200.0,4000.0,0.12,3999999.9999999995,2.2E-5,0.043,0.043,0.0,450.0,6.1,7.1E-5,9.9E-8,3.8E-17,2.2E7,1.0,7.6E8,
7.9E-41,0.0045,2900.0,1800.0,3000.0,3999999.9999999995,1800.0,2800.0,660.0,4200.0,4000.0,0.12,3999999.9999999995,2.3E-5,0.043,0.043,0.0,450.0,6.1,1.8E-7,9.9E-8,1.4E-17,2.1E7,1.0,7.6E8,
7.9E-41,0.0045,2900.0,1800.0,3000.0,3999999.9999999995,1800.0,2800.0,660.0,4200.0,4000.0,0.12,3999999.9999999995,2.1E-5,0.043,0.043,0.0,450.0,6.1,4.6E-10,9.9E-8,6.1E-18,2.2E7,1.0,7.6E8,
7.9E-41,0.0045,2900.0,1800.0,3000.0,3999999.9999999995,1800.0,2800.0,660.0,4200.0,4000.0,0.12,3999999.9999999995,1.9E-5,0.043,0.043,0.0,440.0,6.1,1.2E-12,9.9E-8,3.7E-18,2.3E7,1.0,7.6E8,
1.4E-40,0.0079,5000.0,4700.0,5900.0,5100000.0,3100.0,2800.0,660.0,4200.0,4200.0,0.13,5100000.0,3.4E-5,0.046,0.046,0.0,470.0,10.0,12.0,1.1E-7,8.3E-15,2.3E7,1.0,7.7E8,
1.4E-40,0.0078,5000.0,4700.0,5900.0,4900000.0,3100.0,2800.0,660.0,4200.0,4200.0,0.12,4900000.0,3.8E-5,0.045,0.045,0.0,470.0,10.0,0.23,1.1E-7,3.7E-15,2.2E7,1.0,7.7E8,
1.4E-40,0.0077,5000.0,4700.0,5900.0,4700000.0,3100.0,2800.0,660.0,4200.0,4200.0,0.12,4700000.0,4.2E-5,0.044,0.044,0.0,470.0,10.0,0.0016,1.1E-7,1.3E-15,2.1E7,1.0,7.7E8,
1.4E-40,0.0076,5000.0,4600.0,5900.0,4500000.0,3100.0,2800.0,660.0,4200.0,4200.0,0.12,4500000.0,4.6E-5,0.043,0.043,0.0,470.0,9.8,1.1E-5,1.1E-7,4.9E-16,2.0E7,1.0,7.7E8,
1.4E-40,0.0074,5000.0,4600.0,5900.0,4200000.0,3100.0,2800.0,660.0,4200.0,4200.0,0.12,4200000.0,4.6E-5,0.041,0.041,0.0,470.0,9.4,1.5E-6,1.1E-7,3.2E-16,2.0E7,1.0,7.6E8,
1.4E-40,0.0077,6100.0,4500.0,5900.0,4900000.0,3100.0,2800.0,660.0,4200.0,4200.0,0.12,4900000.0,5.6E-5,0.046,0.046,0.0,470.0,10.0,0.52,1.1E-7,2.8E-14,1.9E7,1.0,7.7E8,
1.3E-40,0.0076,6100.0,4500.0,5900.0,4700000.0,3100.0,2800.0,660.0,4100.0,4200.0,0.12,4800000.0,5.9E-5,0.045,0.045,0.0,470.0,10.0,0.0097,1.1E-7,1.2E-14,1.9E7,1.0,7.7E8,
1.3E-40,0.0073,6100.0,4500.0,5800.0,4200000.0,3100.0,2800.0,650.0,4100.0,4200.0,0.12,4200000.0,5.9E-5,0.042,0.042,0.0,470.0,9.7,4.9E-4,1.1E-7,6.5E-15,1.8E7,1.0,7.7E8,
1.3E-40,0.0072,6100.0,4500.0,5800.0,3999999.9999999995,3000.0,2800.0,650.0,4100.0,4200.0,0.12,3999999.9999999995,6.1E-5,0.041,0.041,0.0,470.0,9.6,2.5E-5,1.1E-7,3.5E-15,1.8E7,1.0,7.6E8,
1.3E-40,0.0072,6100.0,4500.0,5800.0,3999999.9999999995,3000.0,2800.0,650.0,4100.0,4200.0,0.12,3999999.9999999995,6.0E-5,0.041,0.041,0.0,470.0,9.6,6.4E-8,1.1E-7,1.1E-15,1.8E7,1.0,7.6E8,
1.3E-40,0.0072,6100.0,4500.0,5800.0,3999999.9999999995,3000.0,2800.0,650.0,4100.0,4200.0,0.12,3999999.9999999995,5.3E-5,0.041,0.041,0.0,460.0,9.6,1.7E-10,1.1E-7,3.3E-16,1.9E7,1.0,7.6E8,
1.3E-40,0.0072,6100.0,4500.0,5800.0,3999999.9999999995,3000.0,2800.0,650.0,4100.0,4200.0,0.12,3999999.9999999995,4.5E-5,0.041,0.041,0.0,460.0,9.6,4.3E-13,1.1E-7,1.0E-16,2.0E7,1.0,7.6E8,
1.3E-40,0.0072,6100.0,4500.0,5800.0,3999999.9999999995,3000.0,2800.0,650.0,4100.0,4200.0,0.12,3999999.9999999995,3.7E-5,0.041,0.041,0.0,460.0,9.6,1.1E-15,1.1E-7,3.5E-17,2.1E7,1.0,7.6E8,
1.3E-40,0.0072,6100.0,4500.0,5800.0,3999999.9999999995,3000.0,2800.0,650.0,4100.0,4200.0,0.12,3999999.9999999995,3.0E-5,0.041,0.041,0.0,460.0,9.6,3.1E-18,1.1E-7,1.4E-17,2.3E7,1.0,7.6E8,
1.3E-40,0.0072,6100.0,4500.0,5800.0,3999999.9999999995,3000.0,2800.0,650.0,4100.0,4200.0,0.12,3999999.9999999995,2.5E-5,0.041,0.041,0.0,450.0,9.6,1.4E-20,1.1E-7,6.8E-18,2.5E7,1.0,7.6E8,
1.3E-40,0.0072,6100.0,4500.0,5800.0,3999999.9999999995,3000.0,2800.0,650.0,4100.0,4200.0,0.12,3999999.9999999995,2.1E-5,0.041,0.041,0.0,450.0,9.6,1.7E-22,1.1E-7,4.3E-18,2.6E7,1.0,7.6E8,
1.3E-40,0.0072,6100.0,4500.0,5800.0,3999999.9999999995,3000.0,2800.0,650.0,4100.0,4200.0,0.12,3999999.9999999995,1.7E-5,0.041,0.041,0.0,440.0,9.6,3.2000000000000003E-23,1.1E-7,3.1E-18,2.8E7,1.0,7.6E8,
1.3E-40,0.0072,6100.0,4500.0,5800.0,3999999.9999999995,3000.0,2800.0,650.0,4100.0,4200.0,0.12,3999999.9999999995,2.1E-5,0.041,0.041,0.0,440.0,9.6,8.2E-26,1.1E-7,2.9E-18,2.6E7,1.0,7.6E8,
1.3E-40,0.0072,6100.0,4500.0,5800.0,3999999.9999999995,3000.0,2800.0,650.0,4100.0,4200.0,0.12,3999999.9999999995,2.3E-5,0.041,0.041,0.0,430.0,9.6,2.1E-28,1.1E-7,3.1E-18,2.5E7,1.0,7.6E8,
1.3E-40,0.0072,6100.0,4500.0,5800.0,3999999.9999999995,3000.0,2800.0,650.0,4100.0,4200.0,0.12,3999999.9999999995,2.2E-5,0.041,0.041,0.0,430.0,9.6,5.5E-31,1.1E-7,3.2E-18,2.6E7,1.0,7.6E8,
1.3E-40,0.0072,6100.0,4500.0,5800.0,3999999.9999999995,3000.0,2800.0,650.0,4100.0,4200.0,0.12,3999999.9999999995,2.0E-5,0.041,0.041,0.0,420.0,9.6,1.5E-33,1.1E-7,3.0E-18,2.7E7,1.0,7.6E8,
1.3E-40,0.0072,6100.0,4500.0,5800.0,3999999.9999999995,3000.0,2800.0,650.0,4100.0,4200.0,0.12,3999999.9999999995,1.8E-5,0.041,0.041,0.0,420.0,9.6,1.5E-35,1.1E-7,2.8E-18,2.8E7,1.0,7.6E8,
1.3E-40,0.0072,6100.0,4500.0,5800.0,3999999.9999999995,3000.0,2800.0,650.0,4100.0,4200.0,0.12,3999999.9999999995,1.5E-5,0.041,0.041,0.0,420.0,9.6,4.7E-36,1.1E-7,2.4E-18,2.9E7,1.0,7.6E8,
1.3E-40,0.0072,6100.0,4500.0,5800.0,3999999.9999999995,3000.0,2800.0,650.0,4100.0,4200.0,0.12,3999999.9999999995,1.5E-5,0.041,0.041,0.0,420.0,9.6,5.0E-38,1.1E-7,2.2E-18,2.9E7,1.0,7.6E8,
1.3E-40,0.0072,6100.0,4500.0,5800.0,3999999.9999999995,3000.0,2800.0,650.0,4100.0,4200.0,0.12,3999999.9999999995,1.8E-5,0.041,0.041,0.0,420.0,9.6,1.3E-40,1.1E-7,2.3E-18,2.7E7,1.0,7.6E8,
1.3E-40,0.0072,6100.0,4500.0,5800.0,3999999.9999999995,3000.0,2800.0,650.0,4100.0,4200.0,0.12,3999999.9999999995,1.9E-5,0.041,0.041,0.0,420.0,9.6,3.3999999999999997E-43,1.1E-7,2.6E-18,2.7E7,1.0,7.6E8,
1.3E-40,0.0072,6100.0,4500.0,5800.0,3999999.9999999995,3000.0,2800.0,650.0,4100.0,4200.0,0.12,3999999.9999999995,1.8E-5,0.041,0.041,0.0,410.0,9.6,8.8E-46,1.1E-7,2.6E-18,2.7E7,1.0,7.6E8,
1.3E-40,0.0072,6100.0,4500.0,5800.0,3999999.9999999995,3000.0,2800.0,650.0,4100.0,4200.0,0.12,3999999.9999999995,1.7E-5,0.041,0.041,0.0,410.0,9.6,2.2E-48,1.1E-7,2.5E-18,2.8E7,1.0,7.6E8,
1.3E-40,0.0072,6100.0,4500.0,5800.0,3999999.9999999995,3000.0,2800.0,650.0,4100.0,4200.0,0.12,3999999.9999999995,1.5E-5,0.041,0.041,0.0,400.0,9.6,4.5E-51,1.1E-7,2.3E-18,2.9E7,1.0,7.6E8,
1.3E-40,0.0072,6100.0,4500.0,5800.0,3999999.9999999995,3000.0,2800.0,650.0,4100.0,4200.0,0.12,3999999.9999999995,1.3E-5,0.041,0.041,0.0,390.0,9.6,0.0,1.1E-7,2.1E-18,3.1E7,1.0,7.6E8,
1.3E-40,0.0072,6100.0,4500.0,5800.0,3999999.9999999995,3000.0,2800.0,650.0,4100.0,4200.0,0.12,3999999.9999999995,1.1E-5,0.041,0.041,0.0,390.0,9.6,0.0,1.1E-7,1.8E-18,3.3E7,1.0,7.6E8,
1.3E-40,0.0072,6100.0,4500.0,5800.0,3999999.9999999995,3000.0,2800.0,650.0,4100.0,4200.0,0.12,3999999.9999999995,9.7E-6,0.041,0.041,0.0,390.0,9.6,3.0E-51,1.1E-7,1.6E-18,3.4E7,1.0,7.6E8,
1.3E-40,0.0072,6100.0,4500.0,5800.0,3999999.9999999995,3000.0,2800.0,650.0,4100.0,4200.0,0.12,3999999.9999999995,1.3E-5,0.041,0.041,0.0,380.0,9.6,7.9E-54,1.1E-7,1.6E-18,3.1E7,1.0,7.6E8,
1.3E-40,0.0072,6100.0,4500.0,5800.0,3999999.9999999995,3000.0,2800.0,650.0,4100.0,4200.0,0.12,3999999.9999999995,1.6E-5,0.041,0.041,0.0,380.0,9.5,5.5E-56,1.1E-7,1.9E-18,2.8E7,1.0,7.5E8,
1.3E-40,0.0072,6100.0,4500.0,5800.0,3999999.9999999995,3000.0,2800.0,650.0,4100.0,4200.0,0.12,3999999.9999999995,1.8E-5,0.041,0.041,0.0,380.0,9.5,1.4E-58,1.1E-7,2.3E-18,2.7E7,1.0,7.5E8,
1.3E-40,0.0072,6100.0,4500.0,5800.0,3999999.9999999995,3000.0,2800.0,650.0,4100.0,4200.0,0.12,3999999.9999999995,1.9E-5,0.041,0.041,0.0,380.0,9.5,3.7E-61,1.1E-7,2.6E-18,2.7E7,1.0,7.5E8,
1.3E-40,0.0072,6100.0,4500.0,5800.0,3999999.9999999995,3000.0,2800.0,650.0,4100.0,4200.0,0.12,3999999.9999999995,1.8E-5,0.041,0.041,0.0,380.0,9.5,9.6E-64,1.1E-7,2.6E-18,2.7E7,1.0,7.5E8,
1.3E-40,0.0072,6100.0,4500.0,5800.0,3999999.9999999995,3000.0,2800.0,650.0,4100.0,4200.0,0.12,3999999.9999999995,1.6E-5,0.041,0.041,0.0,380.0,9.5,2.8E-66,1.1E-7,2.5E-18,2.8E7,1.0,7.5E8,
1.3E-40,0.0072,6100.0,4500.0,5800.0,3999999.9999999995,3000.0,2800.0,650.0,4100.0,4200.0,0.12,3999999.9999999995,1.4E-5,0.041,0.041,0.0,380.0,9.5,1.6E-67,1.1E-7,2.3E-18,2.9E7,1.0,7.5E8,
1.3E-40,0.0072,6100.0,4500.0,5800.0,3999999.9999999995,3000.0,2800.0,650.0,4100.0,4200.0,0.12,3999999.9999999995,1.3E-5,0.041,0.041,0.0,380.0,9.5,4.4E-68,1.1E-7,2.0E-18,3.1E7,1.0,7.5E8,
1.3E-40,0.0072,6100.0,4500.0,5800.0,3999999.9999999995,3000.0,2800.0,650.0,4100.0,4200.0,0.12,3999999.9999999995,1.1E-5,0.041,0.041,0.0,380.0,9.5,2.0999999999999997E-68,1.1E-7,1.8E-18,3.2E7,1.0,7.5E8,
1.3E-40,0.0072,6100.0,4500.0,5800.0,3999999.9999999995,3000.0,2800.0,650.0,4100.0,4200.0,0.12,3999999.9999999995,1.0E-5,0.041,0.041,0.0,380.0,9.5,0.0,1.1E-7,1.6E-18,3.3E7,1.0,7.5E8,
1.3E-40,0.0072,6100.0,4500.0,5800.0,3999999.9999999995,3000.0,2800.0,650.0,4100.0,4200.0,0.12,3999999.9999999995,1.3E-5,0.041,0.041,0.0,380.0,9.5,0.0,1.1E-7,1.7E-18,3.0E7,1.0,7.5E8,
1.3E-40,0.0072,6100.0,4500.0,5800.0,3999999.9999999995,3000.0,2800.0,650.0,4100.0,4200.0,0.12,3999999.9999999995,1.5E-5,0.041,0.041,0.0,380.0,9.5,0.0,1.1E-7,1.9E-18,2.9E7,1.0,7.5E8,
1.3E-40,0.0072,6100.0,4500.0,5800.0,3999999.9999999995,3000.0,2800.0,650.0,4100.0,4200.0,0.12,3999999.9999999995,1.5E-5,0.041,0.041,0.0,380.0,9.5,0.0,1.1E-7,2.1E-18,2.9E7,1.0,7.5E8,
1.3E-40,0.0072,6100.0,4500.0,5800.0,3999999.9999999995,3000.0,2800.0,650.0,4100.0,4200.0,0.12,3999999.9999999995,1.4E-5,0.041,0.041,0.0,370.0,9.5,0.0,1.1E-7,2.0E-18,3.0E7,1.0,7.5E8,
1.3E-40,0.0072,6100.0,4500.0,5800.0,3999999.9999999995,3000.0,2800.0,650.0,4100.0,4200.0,0.12,3999999.9999999995,1.2E-5,0.041,0.041,0.0,370.0,9.5,0.0,1.1E-7,1.9E-18,3.1E7,1.0,7.5E8,
1.3E-40,0.0072,6100.0,4500.0,5800.0,3999999.9999999995,3000.0,2800.0,650.0,4100.0,4200.0,0.12,3999999.9999999995,1.1E-5,0.041,0.041,0.0,360.0,9.5,0.0,1.1E-7,1.7E-18,3.2E7,1.0,7.5E8,
1.3E-40,0.0072,6100.0,4500.0,5800.0,3999999.9999999995,3000.0,2800.0,650.0,4100.0,4200.0,0.12,3999999.9999999995,9.7E-6,0.041,0.041,0.0,360.0,9.5,0.0,1.1E-7,1.6E-18,3.4E7,1.0,7.5E8,
1.3E-40,0.0072,6100.0,4500.0,5800.0,3999999.9999999995,3000.0,2800.0,650.0,4100.0,4200.0,0.12,3999999.9999999995,8.5E-6,0.041,0.041,0.0,360.0,9.5,0.0,1.1E-7,1.4E-18,3.5E7,1.0,7.5E8,
1.3E-40,0.0072,6100.0,4500.0,5800.0,3999999.9999999995,3000.0,2800.0,650.0,4100.0,4200.0,0.12,3999999.9999999995,1.1E-5,0.041,0.041,0.0,360.0,9.5,0.0,1.1E-7,1.4E-18,3.3E7,1.0,7.5E8,
1.3E-40,0.0072,6100.0,4500.0,5800.0,3999999.9999999995,3000.0,2800.0,650.0,4100.0,4200.0,0.12,3999999.9999999995,1.3E-5,0.041,0.041,0.0,360.0,9.5,0.0,1.1E-7,1.6E-18,3.1E7,1.0,7.5E8,
1.3E-40,0.0072,6100.0,4500.0,5800.0,3999999.9999999995,3000.0,2800.0,650.0,4100.0,4200.0,0.12,3999999.9999999995,1.3E-5,0.041,0.041,0.0,360.0,9.5,0.0,1.1E-7,1.8E-18,3.0E7,1.0,7.5E8,
1.3E-40,0.0072,6100.0,4500.0,5800.0,3999999.9999999995,3000.0,2800.0,650.0,4100.0,4200.0,0.12,3999999.9999999995,1.3E-5,0.041,0.041,0.0,360.0,9.5,0.0,1.1E-7,1.9E-18,3.1E7,1.0,7.5E8,
1.3E-40,0.0072,6100.0,4500.0,5800.0,3999999.9999999995,3000.0,2800.0,650.0,4100.0,4200.0,0.12,3999999.9999999995,1.2E-5,0.041,0.041,0.0,360.0,9.5,0.0,1.1E-7,1.8E-18,3.2E7,1.0,7.5E8,
1.6E-39,0.14,1100.0,160000.0,38000.0,5000000.0,1700.0,4100.0,2300.0,4100.0,3800.0,0.12,5200000.0,8.4,0.065,0.065,0.0,460.0,22.0,610.0,1.2E-7,4.4E-13,3.3E7,1.0,7.7E8,
5.5E-41,0.0048,1100.0,1700.0,250.0,4900000.0,1700.0,4100.0,2300.0,4100.0,3800.0,0.12,4900000.0,7.2E-7,0.023,0.023,0.0,460.0,8.7,33.0,1.2E-7,8.1E-15,3.1E7,1.0,7.7E8,
5.4E-41,0.0047,1100.0,1700.0,250.0,4800000.0,1700.0,4100.0,2300.0,4100.0,3700.0,0.12,4800000.0,1.5E-5,0.023,0.023,0.0,460.0,8.5,0.22,1.2E-7,2.9E-15,2.8E7,1.0,7.7E8,
5.0E-41,0.0044,1100.0,1700.0,250.0,4300000.0,1700.0,4100.0,2300.0,4100.0,3700.0,0.12,4300000.0,1.6E-5,0.022,0.022,0.0,460.0,7.7,0.011,1.2E-7,1.5E-15,2.7E7,1.0,7.7E8,
4.799999999999999E-41,0.0042,1100.0,1700.0,250.0,3999999.9999999995,1700.0,4100.0,2300.0,4100.0,3700.0,0.12,3999999.9999999995,1.7E-5,0.021,0.021,0.0,460.0,7.2,5.6E-4,1.1E-7,7.8E-16,2.5E7,1.0,7.6E8,
4.799999999999999E-41,0.0042,1100.0,1700.0,250.0,3999999.9999999995,1700.0,4100.0,2300.0,4100.0,3700.0,0.12,3999999.9999999995,2.1E-5,0.021,0.021,0.0,460.0,7.2,1.4E-6,1.1E-7,2.4E-16,2.4E7,1.0,7.6E8,
4.799999999999999E-41,0.0042,1100.0,1700.0,250.0,3999999.9999999995,1700.0,4100.0,2300.0,4100.0,3700.0,0.12,3999999.9999999995,2.1E-5,0.021,0.021,0.0,450.0,7.2,3.7E-9,1.1E-7,7.4E-17,2.4E7,1.0,7.6E8,
4.799999999999999E-41,0.0042,1100.0,1700.0,250.0,3999999.9999999995,1700.0,4100.0,2300.0,4100.0,3700.0,0.12,3999999.9999999995,2.0E-5,0.021,0.021,0.0,450.0,7.2,9.3E-12,1.1E-7,2.4E-17,2.4E7,1.0,7.6E8,
4.799999999999999E-41,0.0042,1100.0,1700.0,250.0,3999999.9999999995,1700.0,4100.0,2300.0,4100.0,3700.0,0.12,3999999.9999999995,1.8E-5,0.021,0.021,0.0,450.0,7.2,2.4E-14,1.2E-7,9.3E-18,2.5E7,1.0,7.6E8,
4.799999999999999E-41,0.0042,1100.0,1700.0,250.0,3999999.9999999995,1700.0,4100.0,2300.0,4100.0,3700.0,0.12,3999999.9999999995,1.5E-5,0.021,0.021,0.0,440.0,7.2,6.4E-17,1.1E-7,4.5E-18,2.7E7,1.0,7.6E8,
4.799999999999999E-41,0.0042,1100.0,1700.0,250.0,3999999.9999999995,1700.0,4100.0,2300.0,4100.0,3700.0,0.12,3999999.9999999995,1.3E-5,0.021,0.021,0.0,430.0,7.2,3.8E-19,1.1E-7,2.8E-18,2.8E7,1.0,7.6E8,
4.799999999999999E-41,0.0042,1100.0,1700.0,250.0,3999999.9999999995,1700.0,4100.0,2300.0,4100.0,3700.0,0.12,3999999.9999999995,1.1E-5,0.021,0.021,0.0,430.0,7.2,1.7E-20,1.1E-7,2.1E-18,3.0E7,1.0,7.6E8,
4.799999999999999E-41,0.0042,1100.0,1700.0,250.0,3999999.9999999995,1700.0,4100.0,2300.0,4100.0,3700.0,0.12,3999999.9999999995,9.7E-6,0.021,0.021,0.0,430.0,7.2,4.0E-21,1.1E-7,1.7E-18,3.1E7,1.0,7.6E8,
4.799999999999999E-41,0.0042,1100.0,1700.0,250.0,3999999.9999999995,1700.0,4100.0,2300.0,4100.0,3700.0,0.12,3999999.9999999995,1.1E-5,0.021,0.021,0.0,430.0,7.2,0.0,1.2E-7,1.6E-18,3.0E7,1.0,7.6E8,
4.799999999999999E-41,0.0042,1100.0,1700.0,250.0,3999999.9999999995,1700.0,4100.0,2300.0,4100.0,3700.0,0.12,3999999.9999999995,1.3E-5,0.021,0.021,0.0,430.0,7.2,0.0,1.2E-7,1.8E-18,2.8E7,1.0,7.6E8,
4.799999999999999E-41,0.0042,1100.0,1700.0,250.0,3999999.9999999995,1700.0,4100.0,2300.0,4100.0,3700.0,0.12,3999999.9999999995,1.3E-5,0.021,0.021,0.0,430.0,7.2,0.0,1.1E-7,1.9E-18,2.8E7,1.0,7.6E8,
