R-TfaEn,REn,RabA,RabB,RabC,RabD,RabE,RabF,RabG,RabH,RabI,TfaEn,area,cMHCIEn,exCxEn,imCxEn,membraneMarker,mvb,oMHCIEn,ovaEn,pepEn,pepMHCIEn,protonEn,solubleMarker,volume,
2.6E-39,0.0089,2200.0,4600.0,3800.0,4099999.9999999995,1400.0,4500.0,240.0,3200.0,6100.0,0.15,4099999.9999999995,1.1E-5,0.097,0.097,0.0,550.0,8.7,0.0,0.0,0.0,3.2E7,1.0,7.8E8,
9.2E-40,0.0065,30.0,2900.0,500.0,4099999.9999999995,1400.0,4400.0,230.0,3100.0,5900.0,0.15,4099999.9999999995,1.2E-5,0.1,0.1,0.0,530.0,8.5,0.0,0.0,0.0,3.2E7,1.0,7.8E8,
2.6E-39,0.0089,2200.0,4600.0,3800.0,4099999.9999999995,1400.0,4500.0,240.0,3200.0,6100.0,0.15,4099999.9999999995,1.5E-5,0.097,0.097,0.0,520.0,8.7,0.0,0.0,0.0,2.9E7,1.0,7.8E8,
9.2E-40,0.0065,30.0,2900.0,500.0,4099999.9999999995,1400.0,4400.0,230.0,3100.0,5900.0,0.15,4099999.9999999995,1.5E-5,0.1,0.1,0.0,470.0,8.5,0.0,0.0,0.0,2.9E7,1.0,7.8E8,
2.6E-39,0.0089,2200.0,4600.0,3800.0,4099999.9999999995,1400.0,4500.0,240.0,3200.0,6100.0,0.15,4099999.9999999995,1.6E-5,0.097,0.097,0.0,480.0,8.7,0.0,0.0,0.0,2.8E7,1.0,7.8E8,
9.2E-40,0.0065,30.0,2900.0,500.0,4099999.9999999995,1400.0,4400.0,230.0,3100.0,5900.0,0.15,4099999.9999999995,1.6E-5,0.1,0.1,0.0,450.0,8.5,0.0,0.0,0.0,2.8E7,1.0,7.8E8,
2.6E-39,0.0089,2200.0,4600.0,3800.0,3999999.9999999995,1400.0,4500.0,240.0,3200.0,6000.0,0.15,4099999.9999999995,1.9E-5,0.097,0.097,0.0,450.0,8.7,0.0,0.0,0.0,2.6E7,1.0,7.7E8,
9.2E-40,0.0065,30.0,2900.0,500.0,4099999.9999999995,1400.0,4400.0,230.0,3100.0,5900.0,0.15,4099999.9999999995,1.6E-5,0.1,0.1,0.0,420.0,8.5,0.0,0.0,0.0,2.8E7,1.0,7.8E8,
2.6E-39,0.0089,2200.0,4600.0,3800.0,3999999.9999999995,1400.0,4500.0,240.0,3200.0,6000.0,0.15,4099999.9999999995,2.1E-5,0.097,0.097,0.0,390.0,8.7,0.0,0.0,0.0,2.6E7,1.0,7.7E8,
9.2E-40,0.0065,30.0,2900.0,500.0,4099999.9999999995,1400.0,4400.0,230.0,3100.0,5900.0,0.15,4099999.9999999995,1.5E-5,0.1,0.1,0.0,400.0,8.5,0.0,0.0,0.0,2.9E7,1.0,7.8E8,
2.6E-39,0.0089,2200.0,4600.0,3800.0,3999999.9999999995,1400.0,4500.0,240.0,3200.0,6000.0,0.15,4099999.9999999995,2.1E-5,0.097,0.097,0.0,370.0,8.7,0.0,0.0,0.0,2.6E7,1.0,7.7E8,
9.2E-40,0.0065,30.0,2900.0,500.0,4099999.9999999995,1400.0,4400.0,230.0,3100.0,5900.0,0.15,4099999.9999999995,1.3E-5,0.1,0.1,0.0,370.0,8.5,0.0,0.0,0.0,3.0E7,1.0,7.8E8,
2.6E-39,0.0089,2200.0,4600.0,3800.0,3999999.9999999995,1400.0,4500.0,240.0,3200.0,6000.0,0.15,4099999.9999999995,1.9E-5,0.097,0.097,0.0,330.0,8.7,0.0,0.0,0.0,2.6E7,1.0,7.7E8,
9.1E-40,0.0065,30.0,2900.0,500.0,4099999.9999999995,1400.0,4400.0,230.0,3100.0,5900.0,0.15,4099999.9999999995,1.3E-5,0.1,0.1,0.0,350.0,8.4,0.0,0.0,0.0,3.0E7,1.0,7.7E8,
2.6E-39,0.0089,2200.0,4600.0,3800.0,3999999.9999999995,1400.0,4500.0,240.0,3200.0,6000.0,0.15,4099999.9999999995,1.7E-5,0.097,0.097,0.0,300.0,8.7,0.0,0.0,0.0,2.8E7,1.0,7.7E8,
9.1E-40,0.0065,30.0,2900.0,500.0,3999999.9999999995,1400.0,4400.0,230.0,3100.0,5900.0,0.15,4099999.9999999995,1.5E-5,0.099,0.099,0.0,330.0,8.4,0.0,0.0,0.0,2.8E7,1.0,7.7E8,
2.3E-38,0.11,31000.0,180000.0,620.0,1.0E7,5000.0,10000.0,1400.0,24000.0,29000.0,0.3,1.1E7,2.6E-5,0.3,0.3,0.0,880.0,11.0,0.0,0.0,0.0,5.3E7,1.0,1.6E9,
2.1E-38,0.097,31000.0,160000.0,610.0,1.0E7,5000.0,2700.0,1400.0,3500.0,29000.0,0.3,1.1E7,2.7E-5,0.29,0.29,0.0,820.0,11.0,0.0,0.0,0.0,5.1E7,1.0,1.6E9,
5.7E-39,0.026,3100.0,35000.0,610.0,1.0E7,5000.0,2700.0,1300.0,3500.0,4000.0,0.29,1.0E7,1.7E-5,0.093,0.093,0.0,800.0,11.0,0.0,8.7E-23,1.2E-34,4.8E7,1.0,1.6E9,
1.6E-39,0.0072,3100.0,2200.0,610.0,9900000.0,5000.0,2700.0,1300.0,3500.0,4000.0,0.29,9900000.0,3.6E-5,0.074,0.074,0.0,790.0,11.0,0.0,6.199999999999999E-22,3.3E-33,4.6E7,1.0,1.6E9,
1.4999999999999998E-39,0.0071,3100.0,2200.0,610.0,9600000.0,5000.0,2700.0,1300.0,3500.0,4000.0,0.29,9600000.0,3.9E-5,0.072,0.072,0.0,790.0,10.0,0.0,2.3E-21,1.7000000000000002E-32,4.5E7,1.0,1.6E9,
1.4999999999999998E-39,0.007,3100.0,2200.0,610.0,9400000.0,5000.0,2700.0,1300.0,3500.0,4000.0,0.29,9400000.0,4.2E-5,0.071,0.071,0.0,770.0,10.0,0.0,6.2E-21,6.9E-32,4.3E7,1.0,1.6E9,
1.4999999999999998E-39,0.0069,3100.0,2200.0,610.0,9200000.0,5000.0,2700.0,1300.0,3500.0,4000.0,0.29,9200000.0,4.7E-5,0.07,0.07,0.0,770.0,10.0,0.0,4.0E-17,3.3E-28,4.1E7,1.0,1.6E9,
1.3999999999999999E-39,0.0066,3100.0,2200.0,610.0,8800000.0,5000.0,2700.0,1300.0,3500.0,4000.0,0.29,8800000.0,4.9E-5,0.068,0.068,0.0,770.0,9.5,0.0,1.9E-16,2.0E-27,4.0E7,1.0,1.6E9,
1.3999999999999999E-39,0.0066,3100.0,2200.0,610.0,8700000.0,5000.0,2700.0,1300.0,3500.0,4000.0,0.29,8800000.0,5.1E-5,0.068,0.068,0.0,760.0,9.5,0.0,5.3E-16,7.300000000000001E-27,3.9E7,1.0,1.6E9,
1.3999999999999999E-39,0.0065,3100.0,2200.0,610.0,8500000.0,5000.0,2700.0,1300.0,3500.0,4000.0,0.29,8500000.0,5.3E-5,0.067,0.067,0.0,750.0,9.2,0.0,9.7E-16,1.5E-26,3.8E7,1.0,1.6E9,
1.3999999999999999E-39,0.0063,3100.0,2200.0,610.0,8299999.999999999,5000.0,2700.0,1300.0,3500.0,4000.0,0.29,8299999.999999999,5.5E-5,0.065,0.065,0.0,750.0,9.0,0.0,2.0E-15,3.9E-26,3.7E7,1.0,1.6E9,
1.3999999999999999E-39,0.0063,3100.0,2200.0,610.0,8199999.999999999,5000.0,2700.0,1300.0,3500.0,4000.0,0.29,8199999.999999999,5.8E-5,0.065,0.065,0.0,750.0,8.9,0.0,3.2E-15,7.0E-26,3.6E7,1.0,1.6E9,
1.3E-39,0.0062,3100.0,2100.0,600.0,7999999.999999999,4900.0,2700.0,1300.0,3500.0,4000.0,0.29,7999999.999999999,6.0E-5,0.064,0.064,0.0,740.0,8.7,0.0,5.5E-15,1.3E-25,3.6E7,1.0,1.6E9,
1.3E-39,0.006,3100.0,2100.0,600.0,7699999.999999999,4900.0,2700.0,1300.0,3500.0,4000.0,0.29,7799999.999999999,6.0E-5,0.062,0.062,0.0,740.0,8.4,0.0,8.1E-15,1.9999999999999998E-25,3.5E7,1.0,1.6E9,
1.3E-39,0.0058,3100.0,2100.0,600.0,7299999.999999999,4900.0,2700.0,1300.0,3500.0,4000.0,0.28,7399999.999999999,5.8E-5,0.06,0.06,0.0,740.0,8.1,0.0,1.0E-14,2.6E-25,3.5E7,1.0,1.6E9,
1.1999999999999999E-39,0.0057,3100.0,2100.0,600.0,7199999.999999999,4900.0,2700.0,1300.0,3500.0,4000.0,0.28,7299999.999999999,6.0E-5,0.06,0.06,0.0,740.0,7.9,0.0,1.5E-14,4.2E-25,3.4E7,1.0,1.6E9,
1.1999999999999999E-39,0.0057,3100.0,2100.0,600.0,7199999.999999999,4900.0,2700.0,1300.0,3500.0,4000.0,0.28,7199999.999999999,6.0E-5,0.06,0.06,0.0,740.0,7.9,0.0,2.2E-14,6.099999999999999E-25,3.4E7,1.0,1.6E9,
1.1999999999999999E-39,0.0055,3100.0,2100.0,600.0,6899999.999999999,4900.0,2700.0,1300.0,3500.0,4000.0,0.28,6899999.999999999,5.9E-5,0.058,0.058,0.0,740.0,7.6,0.0,2.4E-14,6.9E-25,3.4E7,1.0,1.5E9,
1.1999999999999999E-39,0.0054,3100.0,2100.0,600.0,6599999.999999999,4900.0,2700.0,1300.0,3500.0,4000.0,0.28,6599999.999999999,5.8E-5,0.056,0.056,0.0,720.0,7.3,0.0,3.1E-14,8.7E-25,3.3E7,1.0,1.5E9,
1.1E-39,0.0053,3100.0,2100.0,600.0,6399999.999999999,4900.0,2700.0,1300.0,3500.0,3900.0,0.28,6499999.999999999,5.7E-5,0.056,0.056,0.0,710.0,7.1,0.0,4.4E-14,1.2999999999999998E-24,3.3E7,1.0,1.5E9,
1.6E-39,0.007,18000.0,5200.0,970.0,9900000.0,3000.0,2700.0,11000.0,4700.0,5500.0,0.29,9900000.0,3.5E-5,0.081,0.081,0.0,800.0,12.0,9.9E-11,1.2E-13,2.3E-20,3.4E7,1.0,1.6E9,
1.6E-39,0.007,200.0,5200.0,970.0,9800000.0,3000.0,2700.0,3600.0,4700.0,5500.0,0.29,9800000.0,1.0E-4,0.08,0.08,0.0,800.0,12.0,1.8E-12,1.3E-13,1.0E-20,3.4E7,1.0,1.6E9,
1.4999999999999998E-39,0.0068,200.0,5200.0,970.0,9500000.0,3000.0,2700.0,3600.0,4700.0,5500.0,0.29,9500000.0,1.0E-4,0.079,0.079,0.0,800.0,12.0,3.4E-14,1.5E-13,4.5E-21,3.4E7,1.0,1.6E9,
1.4999999999999998E-39,0.0066,200.0,5200.0,970.0,8800000.0,3000.0,2700.0,3600.0,4700.0,5500.0,0.29,8900000.0,9.6E-5,0.076,0.076,0.0,790.0,11.0,1.7E-15,1.6E-13,2.4E-21,3.3E7,1.0,1.6E9,
1.4999999999999998E-39,0.0065,200.0,5200.0,970.0,8800000.0,3000.0,2700.0,3600.0,4700.0,5400.0,0.29,8800000.0,9.3E-5,0.076,0.076,0.0,790.0,11.0,4.3E-18,2.0E-13,7.2E-22,3.4E7,1.0,1.6E9,
1.3999999999999999E-39,0.0064,200.0,5200.0,970.0,8600000.0,3000.0,2700.0,3600.0,4700.0,5400.0,0.28,8600000.0,8.9E-5,0.074,0.074,0.0,770.0,11.0,2.9E-20,2.3E-13,2.6999999999999997E-22,3.4E7,1.0,1.6E9,
1.3999999999999999E-39,0.0062,200.0,5200.0,960.0,8099999.999999999,3000.0,2700.0,3600.0,4700.0,5400.0,0.28,8099999.999999999,8.2E-5,0.072,0.072,0.0,750.0,10.0,5.399999999999999E-22,2.6E-13,1.2E-22,3.4E7,1.0,1.6E9,
1.3E-39,0.006,200.0,5200.0,960.0,7499999.999999999,3000.0,2700.0,3600.0,4700.0,5400.0,0.28,7599999.999999999,7.9E-5,0.069,0.069,0.0,750.0,9.8,7.3E-23,2.7E-13,8.5E-23,3.4E7,1.0,1.6E9,
1.3E-39,0.0058,200.0,5200.0,960.0,7099999.999999999,3000.0,2700.0,3600.0,4700.0,5400.0,0.28,7199999.999999999,7.7E-5,0.067,0.067,0.0,750.0,9.3,3.599999999999999E-24,3.0E-13,5.2E-23,3.3E7,1.0,1.6E9,
1.3E-39,0.0057,200.0,5200.0,960.0,6899999.999999999,3000.0,2700.0,3600.0,4700.0,5400.0,0.28,6899999.999999999,7.6E-5,0.066,0.066,0.0,750.0,9.0,1.8E-25,3.2E-13,3.5E-23,3.3E7,1.0,1.6E9,
1.1999999999999999E-39,0.0055,200.0,5200.0,960.0,6499999.999999999,3000.0,2700.0,3600.0,4700.0,5400.0,0.28,6499999.999999999,7.2E-5,0.063,0.063,0.0,750.0,8.5,2.5E-26,3.4E-13,2.8000000000000003E-23,3.3E7,1.0,1.6E9,
1.1999999999999999E-39,0.0055,200.0,5200.0,960.0,6499999.999999999,3000.0,2700.0,3600.0,4700.0,5400.0,0.28,6499999.999999999,6.8E-5,0.063,0.063,0.0,740.0,8.5,6.3E-29,4.2E-13,2.1E-23,3.4E7,1.0,1.6E9,
1.1999999999999999E-39,0.0055,200.0,5200.0,960.0,6499999.999999999,3000.0,2700.0,3600.0,4700.0,5400.0,0.28,6499999.999999999,5.9E-5,0.063,0.063,0.0,740.0,8.5,1.5999999999999999E-31,5.1E-13,1.9E-23,3.5E7,1.0,1.6E9,
1.1999999999999999E-39,0.0055,200.0,5200.0,960.0,6499999.999999999,3000.0,2700.0,3600.0,4700.0,5400.0,0.28,6499999.999999999,4.8E-5,0.063,0.063,0.0,740.0,8.5,4.1E-34,6.1E-13,1.9E-23,3.8E7,1.0,1.6E9,
1.1999999999999999E-39,0.0055,200.0,5200.0,960.0,6499999.999999999,3000.0,2700.0,3600.0,4700.0,5400.0,0.28,6499999.999999999,3.9E-5,0.063,0.063,0.0,710.0,8.5,1.1E-36,7.3E-13,1.9E-23,4.1E7,1.0,1.6E9,
1.5000000000000002E-38,0.066,1500.0,130000.0,11000.0,9900000.0,3000.0,2700.0,3600.0,4700.0,5400.0,0.29,1.0E7,4.3,0.2,0.2,0.0,790.0,16.0,0.3,3.8E-12,3.3E-17,4.5E7,1.0,1.6E9,
1.2E-38,0.052,1500.0,110000.0,3600.0,9800000.0,3000.0,2700.0,3600.0,4700.0,5400.0,0.28,1.0E7,5.7E-5,0.18,0.18,0.0,790.0,13.0,0.0022,4.2E-12,9.7E-18,4.2E7,1.0,1.6E9,
1.7E-39,0.0077,1500.0,4200.0,3600.0,9800000.0,3000.0,2700.0,3600.0,4700.0,5400.0,0.28,9800000.0,6.2E-5,0.11,0.11,0.0,800.0,13.0,1.5E-5,4.4E-12,5.2E-19,4.1E7,1.0,1.6E9,
1.7E-39,0.0075,1500.0,4200.0,3600.0,9500000.0,3000.0,2600.0,3600.0,4600.0,5400.0,0.28,9600000.0,6.7E-5,0.11,0.11,0.0,800.0,13.0,1.0E-7,4.7E-12,1.9E-19,4.0E7,1.0,1.6E9,
1.7E-39,0.0073,1500.0,4200.0,3600.0,9100000.0,3000.0,2600.0,3600.0,4600.0,5400.0,0.28,9100000.0,6.8E-5,0.1,0.1,0.0,800.0,12.0,5.2E-9,4.8E-12,1.0E-19,3.9E7,1.0,1.6E9,
1.6E-39,0.0071,1500.0,4200.0,3600.0,8600000.0,3000.0,2600.0,3600.0,4600.0,5400.0,0.28,8600000.0,6.6E-5,0.1,0.1,0.0,800.0,12.0,1.9E-9,4.8E-12,8.0E-20,3.8E7,1.0,1.6E9,
1.6E-39,0.007,1500.0,4200.0,3600.0,8299999.999999999,3000.0,2600.0,3600.0,4600.0,5400.0,0.28,8400000.0,6.9E-5,0.098,0.098,0.0,800.0,11.0,3.5E-11,5.0E-12,3.6E-20,3.7E7,1.0,1.6E9,
1.4999999999999998E-39,0.0069,1500.0,4200.0,3600.0,8099999.999999999,3000.0,2600.0,3600.0,4600.0,5400.0,0.28,8099999.999999999,7.0E-5,0.096,0.096,0.0,810.0,11.0,6.5E-13,5.2E-12,1.6E-20,3.7E7,1.0,1.6E9,
1.4999999999999998E-39,0.0068,1500.0,4200.0,3600.0,7799999.999999999,3000.0,2600.0,3600.0,4600.0,5400.0,0.28,7799999.999999999,7.0E-5,0.094,0.094,0.0,810.0,11.0,1.2E-14,5.4E-12,7.1E-21,3.7E7,1.0,1.6E9,
1.4999999999999998E-39,0.0066,1500.0,4200.0,3600.0,7499999.999999999,3000.0,2600.0,3600.0,4600.0,5400.0,0.28,7499999.999999999,7.2E-5,0.092,0.092,0.0,810.0,11.0,2.2E-16,5.6E-12,3.3E-21,3.6E7,1.0,1.6E9,
1.4999999999999998E-39,0.0066,1500.0,4200.0,3600.0,7299999.999999999,3000.0,2600.0,3600.0,4600.0,5400.0,0.28,7399999.999999999,7.4E-5,0.091,0.091,0.0,810.0,10.0,5.7E-19,6.0E-12,1.2E-21,3.5E7,1.0,1.6E9,
1.3999999999999999E-39,0.0064,1500.0,4200.0,3500.0,6899999.999999999,3000.0,2600.0,3600.0,4600.0,5300.0,0.28,6999999.999999999,7.3E-5,0.088,0.088,0.0,810.0,10.0,7.7E-20,6.1E-12,8.5E-22,3.5E7,1.0,1.6E9,
1.3999999999999999E-39,0.0062,1500.0,4200.0,3500.0,6499999.999999999,3000.0,2600.0,3600.0,4600.0,5300.0,0.28,6499999.999999999,7.2E-5,0.085,0.085,0.0,800.0,9.6,3.9E-21,6.3E-12,5.799999999999999E-22,3.4E7,1.0,1.6E9,
1.3999999999999999E-39,0.0062,1500.0,4200.0,3500.0,6499999.999999999,3000.0,2600.0,3600.0,4600.0,5300.0,0.28,6499999.999999999,7.0E-5,0.085,0.085,0.0,800.0,9.6,9.899999999999999E-24,6.7E-12,3.7999999999999998E-22,3.5E7,1.0,1.6E9,
1.3999999999999999E-39,0.0062,1500.0,4200.0,3500.0,6499999.999999999,3000.0,2600.0,3600.0,4600.0,5300.0,0.28,6499999.999999999,6.1E-5,0.085,0.085,0.0,800.0,9.6,2.5E-26,7.2E-12,3.2E-22,3.7E7,1.0,1.6E9,
1.3999999999999999E-39,0.0062,1500.0,4200.0,3500.0,6499999.999999999,3000.0,2600.0,3600.0,4600.0,5300.0,0.28,6499999.999999999,5.1E-5,0.085,0.085,0.0,790.0,9.6,6.399999999999999E-29,7.7E-12,2.8E-22,3.9E7,1.0,1.6E9,
1.3999999999999999E-39,0.0062,1500.0,4200.0,3500.0,6499999.999999999,3000.0,2600.0,3600.0,4600.0,5300.0,0.28,6499999.999999999,4.2E-5,0.085,0.085,0.0,790.0,9.6,1.5999999999999999E-31,8.3E-12,2.5E-22,4.2E7,1.0,1.6E9,
1.3999999999999999E-39,0.0062,1500.0,4200.0,3500.0,6499999.999999999,3000.0,2600.0,3600.0,4600.0,5300.0,0.28,6499999.999999999,3.4E-5,0.085,0.085,0.0,780.0,9.6,0.0,8.9E-12,2.1999999999999996E-22,4.5E7,1.0,1.6E9,
1.3999999999999999E-39,0.0062,1500.0,4200.0,3500.0,6499999.999999999,3000.0,2600.0,3600.0,4600.0,5300.0,0.28,6499999.999999999,2.8E-5,0.085,0.085,0.0,780.0,9.6,7.2E-36,9.6E-12,1.8999999999999999E-22,4.9E7,1.0,1.6E9,
1.3999999999999999E-39,0.0062,1500.0,4200.0,3500.0,6499999.999999999,3000.0,2600.0,3600.0,4600.0,5300.0,0.28,6499999.999999999,2.3E-5,0.085,0.085,0.0,770.0,9.6,2.8E-37,1.0E-11,1.7E-22,5.2E7,1.0,1.6E9,
1.3999999999999999E-39,0.0062,1500.0,4200.0,3500.0,6499999.999999999,3000.0,2600.0,3600.0,4600.0,5300.0,0.28,6499999.999999999,1.9E-5,0.085,0.085,0.0,760.0,9.6,2.1E-37,1.1E-11,1.5E-22,5.6E7,1.0,1.6E9,
1.3999999999999999E-39,0.0062,1500.0,4200.0,3500.0,6499999.999999999,3000.0,2600.0,3600.0,4600.0,5300.0,0.28,6499999.999999999,2.2E-5,0.085,0.085,0.0,760.0,9.6,1.8E-40,1.2E-11,1.5E-22,5.3E7,1.0,1.6E9,
1.3999999999999999E-39,0.0062,1500.0,4200.0,3500.0,6499999.999999999,3000.0,2600.0,3600.0,4600.0,5300.0,0.28,6499999.999999999,2.4E-5,0.085,0.085,0.0,760.0,9.6,4.699999999999999E-43,1.2E-11,1.7E-22,5.1E7,1.0,1.6E9,
1.3999999999999999E-39,0.0062,1500.0,4200.0,3500.0,6499999.999999999,3000.0,2600.0,3600.0,4600.0,5300.0,0.28,6499999.999999999,2.3E-5,0.085,0.085,0.0,740.0,9.6,1.2E-45,1.3E-11,1.8999999999999999E-22,5.2E7,1.0,1.6E9,
1.3999999999999999E-39,0.0062,1500.0,4200.0,3500.0,6499999.999999999,3000.0,2600.0,3600.0,4600.0,5300.0,0.28,6499999.999999999,2.1E-5,0.085,0.085,0.0,740.0,9.6,3.0E-48,1.4E-11,1.8999999999999999E-22,5.4E7,1.0,1.6E9,
1.3999999999999999E-39,0.0062,1500.0,4200.0,3500.0,6499999.999999999,3000.0,2600.0,3600.0,4600.0,5300.0,0.28,6499999.999999999,1.9E-5,0.085,0.085,0.0,730.0,9.6,2.0E-50,1.5E-11,1.8999999999999999E-22,5.6E7,1.0,1.6E9,
1.3999999999999999E-39,0.0062,1500.0,4200.0,3500.0,6499999.999999999,3000.0,2600.0,3600.0,4600.0,5300.0,0.28,6499999.999999999,1.6E-5,0.085,0.085,0.0,720.0,9.6,6.1E-51,1.6E-11,1.7E-22,5.9E7,1.0,1.6E9,
1.3999999999999999E-39,0.0062,1500.0,4200.0,3500.0,6499999.999999999,3000.0,2600.0,3600.0,4600.0,5300.0,0.28,6499999.999999999,1.4E-5,0.085,0.085,0.0,720.0,9.6,1.4E-51,1.7E-11,1.6E-22,6.2E7,1.0,1.6E9,
1.3999999999999999E-39,0.0062,1500.0,4200.0,3500.0,6499999.999999999,3000.0,2600.0,3600.0,4600.0,5300.0,0.28,6499999.999999999,1.2E-5,0.085,0.085,0.0,720.0,9.6,0.0,1.8E-11,1.5E-22,6.6E7,1.0,1.6E9,
1.3999999999999999E-39,0.0062,1500.0,4200.0,3500.0,6499999.999999999,3000.0,2600.0,3600.0,4600.0,5300.0,0.28,6499999.999999999,1.3E-5,0.085,0.085,0.0,720.0,9.6,0.0,1.9E-11,1.4E-22,6.4E7,1.0,1.6E9,
1.3999999999999999E-39,0.0062,1500.0,4200.0,3500.0,6499999.999999999,3000.0,2600.0,3600.0,4600.0,5300.0,0.28,6499999.999999999,1.6E-5,0.085,0.085,0.0,720.0,9.6,0.0,2.0E-11,1.7E-22,6.0E7,1.0,1.6E9,
1.3999999999999999E-39,0.0062,1500.0,4200.0,3500.0,6499999.999999999,3000.0,2600.0,3600.0,4600.0,5300.0,0.28,6499999.999999999,1.6E-5,0.085,0.085,0.0,720.0,9.6,0.0,2.1E-11,1.9999999999999999E-22,5.9E7,1.0,1.6E9,
1.3999999999999999E-39,0.0062,1500.0,4200.0,3500.0,6499999.999999999,3000.0,2600.0,3600.0,4600.0,5300.0,0.28,6499999.999999999,1.6E-5,0.085,0.085,0.0,710.0,9.6,0.0,2.2E-11,2.1999999999999996E-22,5.9E7,1.0,1.6E9,
1.3999999999999999E-39,0.0062,1500.0,4200.0,3500.0,6499999.999999999,3000.0,2600.0,3600.0,4600.0,5300.0,0.28,6499999.999999999,1.4E-5,0.085,0.085,0.0,710.0,9.6,0.0,2.3E-11,2.1999999999999996E-22,6.1E7,1.0,1.6E9,
1.3999999999999999E-39,0.0062,1500.0,4200.0,3500.0,6499999.999999999,3000.0,2600.0,3600.0,4600.0,5300.0,0.28,6499999.999999999,1.3E-5,0.085,0.085,0.0,700.0,9.6,0.0,2.4E-11,2.0999999999999998E-22,6.4E7,1.0,1.6E9,
1.3999999999999999E-39,0.0062,1500.0,4200.0,3500.0,6499999.999999999,3000.0,2600.0,3600.0,4600.0,5300.0,0.28,6499999.999999999,1.1E-5,0.085,0.085,0.0,700.0,9.6,0.0,2.6E-11,1.9999999999999999E-22,6.7E7,1.0,1.6E9,
1.3999999999999999E-39,0.0062,1500.0,4200.0,3500.0,6499999.999999999,3000.0,2600.0,3600.0,4600.0,5300.0,0.28,6499999.999999999,9.9E-6,0.085,0.085,0.0,680.0,9.6,0.0,2.7E-11,1.8E-22,7.0E7,1.0,1.6E9,
1.3999999999999999E-39,0.0062,1500.0,4200.0,3500.0,6499999.999999999,3000.0,2600.0,3600.0,4600.0,5300.0,0.28,6499999.999999999,9.4E-6,0.085,0.085,0.0,680.0,9.6,0.0,2.8E-11,1.7E-22,7.2E7,1.0,1.6E9,
1.3999999999999999E-39,0.0062,1500.0,4200.0,3500.0,6499999.999999999,3000.0,2600.0,3600.0,4600.0,5300.0,0.28,6499999.999999999,1.2E-5,0.085,0.085,0.0,680.0,9.6,0.0,3.0E-11,1.9999999999999999E-22,6.5E7,1.0,1.6E9,
1.3999999999999999E-39,0.0062,1500.0,4200.0,3500.0,6499999.999999999,3000.0,2600.0,3600.0,4600.0,5300.0,0.28,6499999.999999999,1.4E-5,0.085,0.085,0.0,680.0,9.6,0.0,3.1E-11,2.4E-22,6.3E7,1.0,1.6E9,
1.3999999999999999E-39,0.0062,1500.0,4200.0,3500.0,6499999.999999999,3000.0,2600.0,3600.0,4600.0,5300.0,0.28,6499999.999999999,1.4E-5,0.085,0.085,0.0,670.0,9.6,0.0,3.2E-11,2.6999999999999997E-22,6.2E7,1.0,1.6E9,
1.3999999999999999E-39,0.0062,1500.0,4200.0,3500.0,6499999.999999999,3000.0,2600.0,3600.0,4600.0,5300.0,0.28,6499999.999999999,1.3E-5,0.085,0.085,0.0,670.0,9.6,0.0,3.4E-11,2.8E-22,6.4E7,1.0,1.6E9,
1.3999999999999999E-39,0.0062,1500.0,4200.0,3500.0,6499999.999999999,3000.0,2600.0,3600.0,4600.0,5300.0,0.28,6499999.999999999,1.2E-5,0.085,0.085,0.0,670.0,9.6,0.0,3.5E-11,2.6999999999999997E-22,6.6E7,1.0,1.6E9,
1.3999999999999999E-39,0.0062,1500.0,4200.0,3500.0,6499999.999999999,3000.0,2600.0,3600.0,4600.0,5300.0,0.28,6499999.999999999,1.0E-5,0.085,0.085,0.0,650.0,9.6,0.0,3.7E-11,2.6E-22,6.9E7,1.0,1.6E9,
1.3999999999999999E-39,0.0062,1500.0,4200.0,3500.0,6499999.999999999,3000.0,2600.0,3600.0,4600.0,5300.0,0.28,6499999.999999999,9.2E-6,0.085,0.085,0.0,650.0,9.6,0.0,3.8E-11,2.4E-22,7.2E7,1.0,1.6E9,
1.3999999999999999E-39,0.0062,1500.0,4200.0,3500.0,6499999.999999999,3000.0,2600.0,3600.0,4600.0,5300.0,0.28,6499999.999999999,8.1E-6,0.085,0.085,0.0,650.0,9.6,0.0,4.0E-11,2.1999999999999996E-22,7.5E7,1.0,1.6E9,
1.3999999999999999E-39,0.0062,1500.0,4200.0,3500.0,6499999.999999999,3000.0,2600.0,3600.0,4600.0,5300.0,0.28,6499999.999999999,1.0E-5,0.085,0.085,0.0,650.0,9.6,0.0,4.2E-11,2.4E-22,6.9E7,1.0,1.6E9,
1.3999999999999999E-39,0.0062,1500.0,4200.0,3500.0,6499999.999999999,3000.0,2600.0,3600.0,4600.0,5300.0,0.28,6499999.999999999,1.2E-5,0.085,0.085,0.0,650.0,9.6,0.0,4.3E-11,2.8999999999999997E-22,6.5E7,1.0,1.6E9,
1.3999999999999999E-39,0.0062,1500.0,4200.0,3500.0,6499999.999999999,3000.0,2600.0,3600.0,4600.0,5300.0,0.28,6499999.999999999,1.3E-5,0.085,0.085,0.0,650.0,9.6,0.0,4.5E-11,3.4E-22,6.4E7,1.0,1.6E9,
1.3999999999999999E-39,0.0062,1500.0,4200.0,3500.0,6499999.999999999,3000.0,2600.0,3600.0,4600.0,5300.0,0.28,6499999.999999999,1.2E-5,0.085,0.085,0.0,650.0,9.6,0.0,4.6E-11,3.6E-22,6.5E7,1.0,1.6E9,
1.3999999999999999E-39,0.0062,1500.0,4200.0,3500.0,6499999.999999999,3000.0,2600.0,3600.0,4600.0,5300.0,0.28,6499999.999999999,1.1E-5,0.085,0.085,0.0,640.0,9.6,0.0,4.8E-11,3.6E-22,6.7E7,1.0,1.6E9,
1.3999999999999999E-39,0.0062,1500.0,4200.0,3500.0,6499999.999999999,3000.0,2600.0,3600.0,4600.0,5300.0,0.28,6499999.999999999,1.0E-5,0.085,0.085,0.0,630.0,9.6,0.0,5.0E-11,3.4E-22,6.9E7,1.0,1.6E9,
1.3999999999999999E-39,0.0062,1500.0,4200.0,3500.0,6499999.999999999,3000.0,2600.0,3600.0,4600.0,5300.0,0.28,6499999.999999999,9.1E-6,0.085,0.085,0.0,620.0,9.6,0.0,5.2E-11,3.2E-22,7.2E7,1.0,1.6E9,
1.3999999999999999E-39,0.0062,1500.0,4200.0,3500.0,6499999.999999999,3000.0,2600.0,3600.0,4600.0,5300.0,0.28,6499999.999999999,8.0E-6,0.085,0.085,0.0,620.0,9.6,0.0,5.4E-11,3.0E-22,7.6E7,1.0,1.6E9,
1.3999999999999999E-39,0.0062,1500.0,4200.0,3500.0,6499999.999999999,3000.0,2600.0,3600.0,4600.0,5300.0,0.28,6499999.999999999,9.0E-6,0.085,0.085,0.0,610.0,9.6,0.0,5.6E-11,2.8999999999999997E-22,7.3E7,1.0,1.6E9,
1.3999999999999999E-39,0.0062,1500.0,4200.0,3500.0,6499999.999999999,3000.0,2600.0,3600.0,4600.0,5300.0,0.28,6499999.999999999,1.1E-5,0.085,0.085,0.0,600.0,9.6,0.0,5.8E-11,3.4999999999999996E-22,6.7E7,1.0,1.6E9,
1.3999999999999999E-39,0.0062,1500.0,4200.0,3500.0,6499999.999999999,3000.0,2600.0,3600.0,4600.0,5300.0,0.28,6499999.999999999,1.2E-5,0.085,0.085,0.0,600.0,9.6,0.0,6.0E-11,4.1999999999999997E-22,6.5E7,1.0,1.6E9,
1.3999999999999999E-39,0.0062,1500.0,4200.0,3500.0,6499999.999999999,3000.0,2600.0,3600.0,4600.0,5300.0,0.28,6499999.999999999,1.2E-5,0.085,0.085,0.0,600.0,9.6,0.0,6.2E-11,4.6E-22,6.5E7,1.0,1.6E9,
1.3999999999999999E-39,0.0062,1500.0,4200.0,3500.0,6499999.999999999,3000.0,2600.0,3600.0,4600.0,5300.0,0.28,6499999.999999999,1.1E-5,0.085,0.085,0.0,590.0,9.6,0.0,6.4E-11,4.699999999999999E-22,6.7E7,1.0,1.6E9,
1.3999999999999999E-39,0.0062,1500.0,4200.0,3500.0,6499999.999999999,3000.0,2600.0,3600.0,4600.0,5300.0,0.28,6499999.999999999,1.0E-5,0.085,0.085,0.0,590.0,9.6,0.0,6.6E-11,4.5E-22,6.9E7,1.0,1.6E9,
1.3999999999999999E-39,0.0062,1500.0,4200.0,3500.0,6499999.999999999,3000.0,2600.0,3600.0,4600.0,5300.0,0.28,6499999.999999999,9.2E-6,0.085,0.085,0.0,580.0,9.6,0.0,6.8E-11,4.299999999999999E-22,7.2E7,1.0,1.6E9,
1.3999999999999999E-39,0.0062,1500.0,4200.0,3500.0,6499999.999999999,3000.0,2600.0,3600.0,4600.0,5300.0,0.28,6499999.999999999,8.1E-6,0.085,0.085,0.0,580.0,9.6,0.0,7.0E-11,3.8999999999999995E-22,7.5E7,1.0,1.6E9,
1.3999999999999999E-39,0.0062,1500.0,4200.0,3500.0,6499999.999999999,3000.0,2600.0,3600.0,4600.0,5300.0,0.28,6499999.999999999,7.8E-6,0.085,0.085,0.0,580.0,9.6,0.0,7.3E-11,3.6999999999999995E-22,7.6E7,1.0,1.6E9,
1.3999999999999999E-39,0.0062,1500.0,4200.0,3500.0,6499999.999999999,3000.0,2600.0,3600.0,4600.0,5300.0,0.28,6499999.999999999,1.0E-5,0.085,0.085,0.0,580.0,9.6,0.0,7.5E-11,4.1999999999999997E-22,6.9E7,1.0,1.6E9,
1.3999999999999999E-39,0.0062,1500.0,4200.0,3500.0,6499999.999999999,3000.0,2600.0,3600.0,4600.0,5300.0,0.28,6499999.999999999,1.2E-5,0.085,0.085,0.0,570.0,9.6,0.0,7.7E-11,5.099999999999999E-22,6.6E7,1.0,1.6E9,
1.3999999999999999E-39,0.0062,1500.0,4200.0,3500.0,6499999.999999999,3000.0,2600.0,3600.0,4600.0,5300.0,0.28,6499999.999999999,1.2E-5,0.085,0.085,0.0,560.0,9.6,0.0,7.9E-11,5.7E-22,6.6E7,1.0,1.6E9,
1.3999999999999999E-39,0.0062,1500.0,4200.0,3500.0,6499999.999999999,3000.0,2600.0,3600.0,4600.0,5300.0,0.28,6499999.999999999,1.1E-5,0.085,0.085,0.0,560.0,9.6,0.0,8.2E-11,6.0E-22,6.7E7,1.0,1.6E9,
1.3999999999999999E-39,0.0062,1500.0,4200.0,3500.0,6499999.999999999,3000.0,2600.0,3600.0,4600.0,5300.0,0.28,6499999.999999999,1.0E-5,0.085,0.085,0.0,560.0,9.6,0.0,8.4E-11,5.799999999999999E-22,6.9E7,1.0,1.6E9,
1.3999999999999999E-39,0.0062,1500.0,4200.0,3500.0,6499999.999999999,3000.0,2600.0,3600.0,4600.0,5300.0,0.28,6499999.999999999,9.4E-6,0.085,0.085,0.0,560.0,9.6,0.0,8.7E-11,5.499999999999999E-22,7.2E7,1.0,1.6E9,
1.3999999999999999E-39,0.0062,1500.0,4200.0,3500.0,6499999.999999999,3000.0,2600.0,3600.0,4600.0,5300.0,0.28,6499999.999999999,8.4E-6,0.085,0.085,0.0,560.0,9.6,0.0,8.9E-11,5.099999999999999E-22,7.5E7,1.0,1.6E9,
1.3999999999999999E-39,0.0062,1500.0,4200.0,3500.0,6499999.999999999,3000.0,2600.0,3600.0,4600.0,5300.0,0.28,6499999.999999999,7.4E-6,0.085,0.085,0.0,560.0,9.6,0.0,9.2E-11,4.699999999999999E-22,7.8E7,1.0,1.6E9,
1.3999999999999999E-39,0.0062,1500.0,4200.0,3500.0,6499999.999999999,3000.0,2600.0,3600.0,4600.0,5300.0,0.28,6499999.999999999,9.5E-6,0.085,0.085,0.0,560.0,9.6,0.0,9.5E-11,5.0E-22,7.1E7,1.0,1.6E9,
5.5E-40,0.0064,590.0,2300.0,3300.0,9200000.0,3000.0,2600.0,3600.0,7900.0,7800.0,0.28,9300000.0,1.7E-6,0.097,0.097,0.0,850.0,12.0,19.0,3.7E-10,1.8E-16,6.8E7,1.0,1.6E9,
5.4E-40,0.0063,590.0,2300.0,3300.0,9100000.0,3000.0,2600.0,3600.0,410.0,250.0,0.28,9100000.0,2.0E-5,0.055,0.055,0.0,850.0,12.0,0.13,3.7E-10,6.6E-17,6.2E7,1.0,1.6E9,
5.2E-40,0.006,590.0,2300.0,3300.0,8299999.999999999,3000.0,2600.0,3600.0,410.0,250.0,0.28,8299999.999999999,2.0E-5,0.05,0.05,0.0,840.0,12.0,0.046,3.7E-10,5.2E-17,6.0E7,1.0,1.6E9,
5.0E-40,0.0058,590.0,2300.0,3300.0,7999999.999999999,3000.0,2600.0,3600.0,410.0,250.0,0.28,7999999.999999999,2.2E-5,0.049,0.049,0.0,840.0,11.0,0.0023,3.7E-10,2.8E-17,5.7E7,1.0,1.6E9,
5.0E-40,0.0058,590.0,2300.0,3300.0,7799999.999999999,3000.0,2600.0,3600.0,410.0,250.0,0.28,7899999.999999999,2.5E-5,0.048,0.048,0.0,840.0,11.0,1.2E-4,3.7E-10,1.5E-17,5.4E7,1.0,1.6E9,
4.9E-40,0.0057,590.0,2300.0,3300.0,7699999.999999999,3000.0,2600.0,3600.0,410.0,250.0,0.28,7699999.999999999,2.8E-5,0.047,0.047,0.0,840.0,11.0,5.8E-6,3.6E-10,8.1E-18,5.2E7,1.0,1.6E9,
4.7E-40,0.0055,590.0,2300.0,3300.0,7199999.999999999,3000.0,2600.0,3600.0,410.0,250.0,0.27,7199999.999999999,2.9E-5,0.044,0.044,0.0,830.0,10.0,7.8E-7,3.6E-10,5.2E-18,5.0E7,1.0,1.6E9,
4.6E-40,0.0054,590.0,2300.0,3300.0,6999999.999999999,3000.0,2600.0,3600.0,410.0,250.0,0.27,6999999.999999999,3.2E-5,0.043,0.043,0.0,820.0,10.0,3.9E-8,3.6E-10,2.8E-18,4.8E7,1.0,1.6E9,
4.5E-40,0.0052,590.0,2300.0,3300.0,6599999.999999999,3000.0,2600.0,3600.0,410.0,250.0,0.27,6599999.999999999,3.4E-5,0.041,0.041,0.0,810.0,9.8,1.9E-9,3.6E-10,1.5E-18,4.6E7,1.0,1.6E9,
4.5E-40,0.0052,590.0,2300.0,3300.0,6599999.999999999,3000.0,2600.0,3600.0,410.0,250.0,0.27,6599999.999999999,3.7E-5,0.041,0.041,0.0,810.0,9.8,4.9E-12,3.6E-10,4.6E-19,4.5E7,1.0,1.6E9,
4.5E-40,0.0052,590.0,2300.0,3300.0,6599999.999999999,3000.0,2600.0,3600.0,410.0,250.0,0.27,6599999.999999999,3.5E-5,0.041,0.041,0.0,810.0,9.8,1.2E-14,3.6E-10,1.4E-19,4.6E7,1.0,1.6E9,
4.5E-40,0.0052,590.0,2300.0,3300.0,6599999.999999999,3000.0,2600.0,3600.0,410.0,250.0,0.27,6599999.999999999,3.2E-5,0.041,0.041,0.0,810.0,9.8,3.1E-17,3.7E-10,4.9E-20,4.8E7,1.0,1.6E9,
4.5E-40,0.0052,590.0,2300.0,3300.0,6599999.999999999,3000.0,2600.0,3600.0,410.0,250.0,0.27,6599999.999999999,2.7E-5,0.041,0.041,0.0,810.0,9.8,8.2E-20,3.7E-10,1.9E-20,5.0E7,1.0,1.6E9,
4.5E-40,0.0052,590.0,2300.0,3300.0,6599999.999999999,3000.0,2600.0,3600.0,410.0,250.0,0.27,6599999.999999999,2.3E-5,0.041,0.041,0.0,810.0,9.8,3.0E-22,3.7E-10,9.9E-21,5.3E7,1.0,1.6E9,
4.5E-40,0.0052,580.0,2300.0,3300.0,6499999.999999999,3000.0,2600.0,3600.0,410.0,250.0,0.27,6599999.999999999,2.6E-5,0.041,0.041,0.0,800.0,9.8,1.2E-24,3.7E-10,7.2E-21,5.1E7,1.0,1.6E9,
4.5E-40,0.0052,580.0,2300.0,3300.0,6499999.999999999,3000.0,2600.0,3500.0,410.0,250.0,0.27,6499999.999999999,2.8E-5,0.041,0.041,0.0,800.0,9.8,3.1000000000000002E-27,3.7E-10,6.6E-21,4.9E7,1.0,1.6E9,
4.5E-40,0.0052,580.0,2300.0,3300.0,6499999.999999999,3000.0,2600.0,3500.0,410.0,250.0,0.27,6499999.999999999,2.7E-5,0.041,0.041,0.0,800.0,9.8,7.9E-30,3.7E-10,6.5E-21,5.0E7,1.0,1.6E9,
4.5E-40,0.0052,580.0,2300.0,3300.0,6499999.999999999,3000.0,2600.0,3500.0,410.0,250.0,0.27,6499999.999999999,2.4E-5,0.041,0.041,0.0,800.0,9.8,2.0E-32,3.7E-10,6.1E-21,5.2E7,1.0,1.6E9,
4.5E-40,0.0052,580.0,2300.0,3300.0,6499999.999999999,3000.0,2600.0,3500.0,410.0,250.0,0.27,6499999.999999999,2.1E-5,0.041,0.041,0.0,800.0,9.8,5.7E-35,3.7E-10,5.6E-21,5.4E7,1.0,1.6E9,
4.5E-40,0.0052,580.0,2300.0,3300.0,6499999.999999999,3000.0,2600.0,3500.0,410.0,250.0,0.27,6499999.999999999,1.8E-5,0.041,0.041,0.0,780.0,9.8,6.4E-36,3.7E-10,4.9E-21,5.7E7,1.0,1.6E9,
4.5E-40,0.0052,580.0,2300.0,3300.0,6499999.999999999,3000.0,2600.0,3500.0,410.0,250.0,0.27,6499999.999999999,1.6E-5,0.041,0.041,0.0,780.0,9.8,3.1E-37,3.8E-10,4.3E-21,6.0E7,1.0,1.6E9,
4.5E-40,0.0052,580.0,2300.0,3300.0,6499999.999999999,3000.0,2600.0,3500.0,410.0,250.0,0.27,6499999.999999999,1.3E-5,0.041,0.041,0.0,780.0,9.8,0.0,3.8E-10,3.7E-21,6.4E7,1.0,1.6E9,
4.5E-40,0.0052,580.0,2300.0,3300.0,6499999.999999999,3000.0,2600.0,3500.0,410.0,250.0,0.27,6499999.999999999,1.3E-5,0.041,0.041,0.0,780.0,9.8,4.9E-39,3.8E-10,3.3E-21,6.4E7,1.0,1.6E9,
4.5E-40,0.0052,580.0,2300.0,3300.0,6499999.999999999,3000.0,2600.0,3500.0,410.0,250.0,0.27,6499999.999999999,1.6E-5,0.041,0.041,0.0,780.0,9.8,1.1999999999999999E-41,3.8E-10,3.6E-21,5.9E7,1.0,1.6E9,
4.5E-40,0.0052,580.0,2300.0,3300.0,6499999.999999999,3000.0,2600.0,3500.0,410.0,250.0,0.27,6499999.999999999,1.8E-5,0.041,0.041,0.0,780.0,9.8,3.1000000000000003E-44,3.8E-10,4.0E-21,5.8E7,1.0,1.6E9,
4.6999999999999996E-39,0.067,9900.0,150000.0,5900.0,8800000.0,3000.0,2600.0,3500.0,410.0,250.0,0.27,8900000.0,5.7,0.12,0.12,0.0,900.0,4.9,140.0,1.1E-9,1.1E-14,5.9E7,1.0,1.6E9,
4.6999999999999996E-39,0.067,2300.0,150000.0,5900.0,8600000.0,3000.0,2600.0,3500.0,410.0,250.0,0.27,8800000.0,2.3E-5,0.12,0.12,0.0,890.0,10.0,2.8,1.1E-9,5.0E-15,5.5E7,1.0,1.6E9,
4.4E-40,0.0063,2300.0,1200.0,5900.0,8500000.0,3000.0,2600.0,3500.0,410.0,250.0,0.27,8500000.0,2.6E-5,0.046,0.046,0.0,880.0,10.0,0.14,1.1E-9,2.5E-16,5.3E7,1.0,1.6E9,
4.2E-40,0.006,2300.0,1200.0,5900.0,7799999.999999999,3000.0,2600.0,3500.0,410.0,250.0,0.27,7799999.999999999,2.8E-5,0.043,0.043,0.0,870.0,9.8,0.007,1.1E-9,1.3E-16,5.0E7,1.0,1.6E9,
4.1E-40,0.0058,2300.0,1200.0,5900.0,7299999.999999999,3000.0,2600.0,3500.0,410.0,250.0,0.27,7299999.999999999,2.9E-5,0.041,0.041,0.0,870.0,9.5,9.5E-4,1.1E-9,8.6E-17,4.9E7,1.0,1.6E9,
4.3E-39,0.067,63000.0,170000.0,4900.0,8800000.0,3000.0,2600.0,3500.0,410.0,250.0,0.27,9100000.0,3.7,0.11,0.11,0.0,880.0,7.0,81.0,1.5E-9,4.3E-15,4.8E7,1.0,1.6E9,
4.3E-40,0.0068,300.0,4400.0,4900.0,8700000.0,3000.0,2600.0,3500.0,410.0,240.0,0.27,8700000.0,3.8E-5,0.041,0.041,0.0,880.0,10.0,4.2,1.5E-9,2.4E-16,4.6E7,1.0,1.6E9,
4.1E-40,0.0065,300.0,4400.0,4900.0,7999999.999999999,3000.0,2600.0,3500.0,410.0,240.0,0.27,8099999.999999999,3.9E-5,0.038,0.038,0.0,880.0,9.9,0.57,1.4E-9,1.5E-16,4.5E7,1.0,1.6E9,
4.0E-40,0.0064,300.0,4400.0,4900.0,7699999.999999999,3000.0,2600.0,3500.0,410.0,240.0,0.27,7699999.999999999,4.0E-5,0.036,0.036,0.0,870.0,9.6,0.077,1.4E-9,1.0E-16,4.4E7,1.0,1.6E9,
4.0E-40,0.0063,300.0,4400.0,4900.0,7499999.999999999,3000.0,2600.0,3500.0,410.0,240.0,0.27,7599999.999999999,4.3E-5,0.036,0.036,0.0,860.0,9.5,0.0038,1.4E-9,5.4E-17,4.2E7,1.0,1.6E9,
3.9E-40,0.0061,300.0,4400.0,4900.0,6999999.999999999,3000.0,2600.0,3500.0,410.0,240.0,0.26,7099999.999999999,4.5E-5,0.034,0.034,0.0,850.0,9.1,1.9E-4,1.4E-9,2.9E-17,4.1E7,1.0,1.6E9,
3.8E-40,0.006,300.0,4400.0,4900.0,6799999.999999999,3000.0,2600.0,3500.0,410.0,240.0,0.26,6799999.999999999,4.6E-5,0.033,0.033,0.0,850.0,8.9,9.6E-6,1.4E-9,1.6E-17,4.0E7,1.0,1.6E9,
3.8E-40,0.0059,300.0,4400.0,4900.0,6599999.999999999,3000.0,2600.0,3500.0,410.0,240.0,0.26,6599999.999999999,4.7E-5,0.032,0.032,0.0,840.0,8.8,4.8E-7,1.4E-9,8.5E-18,3.9E7,1.0,1.6E9,
3.8E-40,0.0059,300.0,4400.0,4900.0,6599999.999999999,3000.0,2600.0,3500.0,410.0,240.0,0.26,6599999.999999999,4.7E-5,0.032,0.032,0.0,840.0,8.8,1.2E-9,1.4E-9,2.6E-18,4.0E7,1.0,1.6E9,
3.8E-40,0.0059,300.0,4400.0,4900.0,6599999.999999999,3000.0,2600.0,3500.0,410.0,240.0,0.26,6599999.999999999,4.2E-5,0.032,0.032,0.0,830.0,8.8,3.1E-12,1.4E-9,8.1E-19,4.1E7,1.0,1.6E9,
3.8E-40,0.0059,300.0,4400.0,4900.0,6599999.999999999,3000.0,2600.0,3500.0,410.0,240.0,0.26,6599999.999999999,3.6E-5,0.032,0.032,0.0,820.0,8.8,7.8E-15,1.4E-9,2.7E-19,4.4E7,1.0,1.6E9,
3.8E-40,0.0059,300.0,4400.0,4900.0,6599999.999999999,3000.0,2600.0,3500.0,410.0,240.0,0.26,6599999.999999999,3.0E-5,0.032,0.032,0.0,820.0,8.8,2.1E-17,1.4E-9,1.0E-19,4.6E7,1.0,1.6E9,
3.8E-40,0.0059,300.0,4400.0,4900.0,6599999.999999999,3000.0,2600.0,3500.0,410.0,240.0,0.26,6599999.999999999,2.5E-5,0.032,0.032,0.0,810.0,8.8,7.3E-20,1.4E-9,4.7E-20,5.0E7,1.0,1.6E9,
3.8E-40,0.0059,300.0,4400.0,4900.0,6499999.999999999,3000.0,2600.0,3500.0,410.0,240.0,0.26,6499999.999999999,2.7E-5,0.032,0.032,0.0,800.0,8.7,1.8E-22,1.4E-9,3.0E-20,4.8E7,1.0,1.6E9,
3.8E-40,0.0059,300.0,4400.0,4900.0,6499999.999999999,3000.0,2600.0,3500.0,410.0,240.0,0.26,6499999.999999999,2.8E-5,0.032,0.032,0.0,800.0,8.7,4.6E-25,1.4E-9,2.7E-20,4.7E7,1.0,1.6E9,
3.8E-40,0.0059,300.0,4400.0,4900.0,6499999.999999999,3000.0,2600.0,3500.0,410.0,240.0,0.26,6499999.999999999,2.6E-5,0.032,0.032,0.0,800.0,8.7,1.2E-27,1.4E-9,2.6E-20,4.8E7,1.0,1.6E9,
3.8E-40,0.0059,300.0,4400.0,4900.0,6499999.999999999,3000.0,2600.0,3500.0,410.0,240.0,0.26,6499999.999999999,2.3E-5,0.032,0.032,0.0,770.0,8.7,2.9000000000000002E-30,1.4E-9,2.3E-20,5.0E7,1.0,1.6E9,
3.8E-40,0.0059,300.0,4400.0,4900.0,6499999.999999999,3000.0,2600.0,3500.0,410.0,240.0,0.26,6499999.999999999,2.0E-5,0.032,0.032,0.0,760.0,8.7,1.3000000000000001E-32,1.4E-9,2.1E-20,5.3E7,1.0,1.6E9,
3.8E-40,0.0059,300.0,4400.0,4900.0,6499999.999999999,3000.0,2600.0,3500.0,410.0,240.0,0.26,6499999.999999999,1.7E-5,0.032,0.032,0.0,760.0,8.7,7.3E-34,1.4E-9,1.8E-20,5.6E7,1.0,1.6E9,
3.8E-40,0.0059,300.0,4400.0,4900.0,6499999.999999999,3000.0,2600.0,3500.0,410.0,240.0,0.26,6499999.999999999,1.5E-5,0.032,0.032,0.0,760.0,8.7,1.6999999999999999E-35,1.5E-9,1.6E-20,5.9E7,1.0,1.6E9,
3.8E-40,0.0059,300.0,4400.0,4900.0,6499999.999999999,3000.0,2600.0,3500.0,410.0,240.0,0.26,6499999.999999999,1.2E-5,0.032,0.032,0.0,750.0,8.7,3.7000000000000003E-34,1.5E-9,1.3E-20,6.3E7,1.0,1.6E9,
3.8E-40,0.0059,300.0,4400.0,4900.0,6499999.999999999,3000.0,2600.0,3500.0,410.0,240.0,0.26,6499999.999999999,1.3E-5,0.032,0.032,0.0,750.0,8.7,0.0,1.5E-9,1.2E-20,6.1E7,1.0,1.6E9,
3.8E-40,0.0059,300.0,4400.0,4900.0,6499999.999999999,3000.0,2600.0,3500.0,410.0,240.0,0.26,6499999.999999999,1.6E-5,0.032,0.032,0.0,750.0,8.7,0.0,1.5E-9,1.3E-20,5.8E7,1.0,1.6E9,
3.8E-40,0.0059,300.0,4400.0,4900.0,6499999.999999999,3000.0,2600.0,3500.0,410.0,240.0,0.26,6499999.999999999,1.6E-5,0.032,0.032,0.0,730.0,8.7,0.0,1.5E-9,1.5E-20,5.7E7,1.0,1.6E9,
3.8E-40,0.0059,300.0,4400.0,4900.0,6499999.999999999,3000.0,2600.0,3500.0,410.0,240.0,0.26,6499999.999999999,1.6E-5,0.032,0.032,0.0,730.0,8.7,0.0,1.5E-9,1.5E-20,5.8E7,1.0,1.6E9,
3.8E-40,0.0059,300.0,4400.0,4900.0,6499999.999999999,3000.0,2600.0,3500.0,410.0,240.0,0.26,6499999.999999999,1.4E-5,0.032,0.032,0.0,720.0,8.7,0.0,1.5E-9,1.4E-20,6.0E7,1.0,1.6E9,
3.8E-40,0.0059,300.0,4400.0,4900.0,6499999.999999999,3000.0,2600.0,3500.0,410.0,240.0,0.26,6499999.999999999,1.3E-5,0.032,0.032,0.0,720.0,8.7,0.0,1.5E-9,1.3E-20,6.3E7,1.0,1.6E9,
3.8E-40,0.0059,300.0,4400.0,4900.0,6499999.999999999,3000.0,2600.0,3500.0,410.0,240.0,0.26,6499999.999999999,1.1E-5,0.032,0.032,0.0,720.0,8.7,0.0,1.5E-9,1.2E-20,6.6E7,1.0,1.6E9,
3.8E-40,0.0059,300.0,4400.0,4900.0,6499999.999999999,3000.0,2600.0,3500.0,410.0,240.0,0.26,6499999.999999999,9.6E-6,0.032,0.032,0.0,710.0,8.7,0.0,1.5E-9,1.0E-20,6.9E7,1.0,1.6E9,
3.8E-40,0.0059,300.0,4400.0,4900.0,6499999.999999999,3000.0,2600.0,3500.0,410.0,240.0,0.26,6499999.999999999,9.1E-6,0.032,0.032,0.0,710.0,8.7,0.0,1.5E-9,8.9E-21,7.0E7,1.0,1.6E9,
3.8E-40,0.0059,300.0,4400.0,4900.0,6499999.999999999,3000.0,2600.0,3500.0,410.0,240.0,0.26,6499999.999999999,1.2E-5,0.032,0.032,0.0,710.0,8.7,0.0,1.5E-9,9.7E-21,6.4E7,1.0,1.6E9,
3.8E-40,0.0059,300.0,4400.0,4900.0,6499999.999999999,3000.0,2600.0,3500.0,410.0,240.0,0.26,6499999.999999999,1.3E-5,0.032,0.032,0.0,710.0,8.7,0.0,1.5E-9,1.1E-20,6.2E7,1.0,1.6E9,
3.8E-40,0.0059,300.0,4400.0,4900.0,6499999.999999999,3000.0,2600.0,3500.0,410.0,240.0,0.26,6499999.999999999,1.3E-5,0.032,0.032,0.0,700.0,8.7,0.0,1.5E-9,1.2E-20,6.2E7,1.0,1.6E9,
3.8E-40,0.0059,300.0,4400.0,4900.0,6499999.999999999,3000.0,2600.0,3500.0,410.0,240.0,0.26,6499999.999999999,1.2E-5,0.032,0.032,0.0,700.0,8.7,0.0,1.5E-9,1.2E-20,6.3E7,1.0,1.6E9,
3.8E-40,0.0059,300.0,4400.0,4900.0,6499999.999999999,3000.0,2600.0,3500.0,410.0,240.0,0.26,6499999.999999999,1.1E-5,0.032,0.032,0.0,700.0,8.7,0.0,1.5E-9,1.1E-20,6.6E7,1.0,1.6E9,
3.8E-40,0.0059,300.0,4400.0,4900.0,6499999.999999999,3000.0,2600.0,3500.0,410.0,240.0,0.26,6499999.999999999,9.8E-6,0.032,0.032,0.0,700.0,8.7,0.0,1.5E-9,1.0E-20,6.8E7,1.0,1.6E9,
3.8E-40,0.0059,300.0,4400.0,4900.0,6499999.999999999,3000.0,2600.0,3500.0,410.0,240.0,0.26,6499999.999999999,8.7E-6,0.032,0.032,0.0,690.0,8.7,0.0,1.5E-9,9.1E-21,7.2E7,1.0,1.6E9,
3.8E-40,0.0059,300.0,4400.0,4900.0,6499999.999999999,3000.0,2600.0,3500.0,410.0,240.0,0.26,6499999.999999999,7.6E-6,0.032,0.032,0.0,680.0,8.7,0.0,1.5E-9,8.1E-21,7.5E7,1.0,1.6E9,
3.8E-40,0.0059,300.0,4400.0,4900.0,6499999.999999999,3000.0,2600.0,3500.0,410.0,240.0,0.26,6499999.999999999,9.7E-6,0.032,0.032,0.0,680.0,8.7,0.0,1.5E-9,8.2E-21,6.9E7,1.0,1.6E9,
3.8E-40,0.0059,300.0,4400.0,4900.0,6499999.999999999,3000.0,2600.0,3500.0,410.0,240.0,0.26,6499999.999999999,1.1E-5,0.032,0.032,0.0,680.0,8.7,0.0,1.5E-9,9.6E-21,6.5E7,1.0,1.6E9,
3.8E-40,0.0059,300.0,4400.0,4900.0,6499999.999999999,3000.0,2600.0,3500.0,410.0,240.0,0.26,6499999.999999999,1.2E-5,0.032,0.032,0.0,670.0,8.7,0.0,1.5E-9,1.1E-20,6.4E7,1.0,1.6E9,
3.8E-40,0.0059,300.0,4400.0,4900.0,6499999.999999999,3000.0,2600.0,3500.0,410.0,240.0,0.26,6499999.999999999,1.1E-5,0.032,0.032,0.0,670.0,8.7,0.0,1.5E-9,1.1E-20,6.5E7,1.0,1.6E9,
3.8E-40,0.0059,300.0,4400.0,4900.0,6499999.999999999,3000.0,2600.0,3500.0,410.0,240.0,0.26,6499999.999999999,1.1E-5,0.032,0.032,0.0,670.0,8.7,0.0,1.5E-9,1.1E-20,6.7E7,1.0,1.6E9,
3.8E-40,0.0059,300.0,4400.0,4900.0,6499999.999999999,3000.0,2600.0,3500.0,410.0,240.0,0.26,6499999.999999999,9.5E-6,0.032,0.032,0.0,660.0,8.7,0.0,1.5E-9,9.8E-21,6.9E7,1.0,1.6E9,
3.8E-40,0.0059,300.0,4400.0,4900.0,6499999.999999999,3000.0,2600.0,3500.0,410.0,240.0,0.26,6499999.999999999,8.4E-6,0.032,0.032,0.0,660.0,8.7,0.0,1.5E-9,8.9E-21,7.3E7,1.0,1.6E9,
3.8E-40,0.0059,300.0,4400.0,4900.0,6499999.999999999,3000.0,2600.0,3500.0,410.0,240.0,0.26,6499999.999999999,7.4E-6,0.032,0.032,0.0,660.0,8.7,0.0,1.5E-9,7.9E-21,7.6E7,1.0,1.6E9,
3.8E-40,0.0059,300.0,4400.0,4900.0,6499999.999999999,3000.0,2600.0,3500.0,410.0,240.0,0.26,6499999.999999999,8.3E-6,0.032,0.032,0.0,650.0,8.7,0.0,1.5E-9,7.4E-21,7.3E7,1.0,1.6E9,
3.8E-40,0.0059,300.0,4400.0,4900.0,6499999.999999999,3000.0,2600.0,3500.0,410.0,240.0,0.26,6499999.999999999,1.0E-5,0.032,0.032,0.0,650.0,8.7,0.0,1.5E-9,8.7E-21,6.7E7,1.0,1.6E9,
3.8E-40,0.0059,300.0,4400.0,4900.0,6499999.999999999,3000.0,2600.0,3500.0,410.0,240.0,0.26,6499999.999999999,1.1E-5,0.032,0.032,0.0,650.0,8.7,0.0,1.5E-9,1.0E-20,6.5E7,1.0,1.6E9,
3.8E-40,0.0059,300.0,4400.0,4900.0,6499999.999999999,3000.0,2600.0,3500.0,410.0,240.0,0.26,6499999.999999999,1.1E-5,0.032,0.032,0.0,640.0,8.7,0.0,1.5E-9,1.1E-20,6.6E7,1.0,1.6E9,
3.8E-40,0.0059,300.0,4400.0,4900.0,6499999.999999999,3000.0,2600.0,3500.0,410.0,240.0,0.26,6499999.999999999,1.0E-5,0.032,0.032,0.0,640.0,8.7,0.0,1.5E-9,1.0E-20,6.7E7,1.0,1.6E9,
3.8E-40,0.0059,300.0,4400.0,4900.0,6499999.999999999,3000.0,2600.0,3500.0,410.0,240.0,0.26,6499999.999999999,9.4E-6,0.032,0.032,0.0,640.0,8.7,0.0,1.5E-9,9.8E-21,6.9E7,1.0,1.6E9,
3.8E-40,0.0059,300.0,4400.0,4900.0,6499999.999999999,3000.0,2600.0,3500.0,410.0,240.0,0.26,6499999.999999999,8.4E-6,0.032,0.032,0.0,640.0,8.7,0.0,1.5E-9,9.0E-21,7.2E7,1.0,1.6E9,
3.8E-40,0.0059,300.0,4400.0,4900.0,6499999.999999999,3000.0,2600.0,3500.0,410.0,240.0,0.26,6499999.999999999,7.5E-6,0.032,0.032,0.0,630.0,8.7,0.0,1.5E-9,8.0E-21,7.6E7,1.0,1.6E9,
3.8E-40,0.0059,300.0,4400.0,4900.0,6499999.999999999,3000.0,2600.0,3500.0,410.0,240.0,0.26,6499999.999999999,7.2E-6,0.032,0.032,0.0,630.0,8.7,0.0,1.5E-9,7.2E-21,7.7E7,1.0,1.6E9,
3.8E-40,0.0059,300.0,4400.0,4900.0,6499999.999999999,3000.0,2600.0,3500.0,410.0,240.0,0.26,6499999.999999999,9.5E-6,0.032,0.032,0.0,630.0,8.7,0.0,1.5E-9,8.1E-21,6.9E7,1.0,1.6E9,
3.8E-40,0.0059,300.0,4400.0,4900.0,6499999.999999999,3000.0,2600.0,3500.0,410.0,240.0,0.26,6499999.999999999,1.1E-5,0.032,0.032,0.0,630.0,8.7,0.0,1.5E-9,9.5E-21,6.6E7,1.0,1.6E9,
3.8E-40,0.0059,300.0,4400.0,4900.0,6499999.999999999,3000.0,2600.0,3500.0,410.0,240.0,0.26,6499999.999999999,1.1E-5,0.032,0.032,0.0,620.0,8.7,0.0,1.5E-9,1.0E-20,6.6E7,1.0,1.6E9,
3.8E-40,0.0059,300.0,4400.0,4900.0,6499999.999999999,3000.0,2600.0,3500.0,410.0,240.0,0.26,6499999.999999999,1.0E-5,0.032,0.032,0.0,620.0,8.7,0.0,1.5E-9,1.0E-20,6.7E7,1.0,1.6E9,
3.8E-40,0.0059,300.0,4400.0,4900.0,6499999.999999999,3000.0,2600.0,3500.0,410.0,240.0,0.26,6499999.999999999,9.6E-6,0.032,0.032,0.0,610.0,8.7,0.0,1.5E-9,1.0E-20,6.9E7,1.0,1.6E9,
3.8E-40,0.0059,300.0,4400.0,4900.0,6499999.999999999,3000.0,2600.0,3500.0,410.0,240.0,0.26,6499999.999999999,8.6E-6,0.032,0.032,0.0,610.0,8.7,0.0,1.5E-9,9.2E-21,7.2E7,1.0,1.6E9,
3.8E-40,0.0059,300.0,4400.0,4900.0,6499999.999999999,3000.0,2600.0,3500.0,410.0,240.0,0.26,6499999.999999999,7.6E-6,0.032,0.032,0.0,610.0,8.7,0.0,1.6E-9,8.3E-21,7.5E7,1.0,1.6E9,
3.8E-40,0.0059,300.0,4400.0,4900.0,6499999.999999999,3000.0,2600.0,3500.0,410.0,240.0,0.26,6499999.999999999,6.7E-6,0.032,0.032,0.0,600.0,8.7,0.0,1.6E-9,7.4E-21,7.8E7,1.0,1.6E9,
3.8E-40,0.0059,300.0,4400.0,4900.0,6499999.999999999,3000.0,2600.0,3500.0,410.0,240.0,0.26,6499999.999999999,8.7E-6,0.032,0.032,0.0,600.0,8.7,0.0,1.6E-9,7.6E-21,7.2E7,1.0,1.6E9,
3.8E-40,0.0059,300.0,4400.0,4900.0,6499999.999999999,3000.0,2600.0,3500.0,410.0,240.0,0.26,6499999.999999999,1.0E-5,0.032,0.032,0.0,600.0,8.7,0.0,1.6E-9,9.0E-21,6.7E7,1.0,1.6E9,
3.8E-40,0.0059,300.0,4400.0,4900.0,6499999.999999999,3000.0,2600.0,3500.0,410.0,240.0,0.26,6499999.999999999,1.1E-5,0.032,0.032,0.0,600.0,8.7,0.0,1.6E-9,1.0E-20,6.6E7,1.0,1.6E9,
3.8E-40,0.0059,300.0,4400.0,4900.0,6499999.999999999,3000.0,2600.0,3500.0,410.0,240.0,0.26,6499999.999999999,1.1E-5,0.032,0.032,0.0,590.0,8.7,0.0,1.6E-9,1.1E-20,6.7E7,1.0,1.6E9,
3.8E-40,0.0059,300.0,4400.0,4900.0,6499999.999999999,3000.0,2600.0,3500.0,410.0,240.0,0.26,6499999.999999999,9.8E-6,0.032,0.032,0.0,580.0,8.7,0.0,1.6E-9,1.0E-20,6.9E7,1.0,1.6E9,
3.8E-40,0.0059,300.0,4400.0,4900.0,6499999.999999999,3000.0,2600.0,3500.0,410.0,240.0,0.26,6499999.999999999,8.8E-6,0.032,0.032,0.0,580.0,8.7,0.0,1.6E-9,9.5E-21,7.1E7,1.0,1.6E9,
3.8E-40,0.0059,300.0,4400.0,4900.0,6499999.999999999,3000.0,2600.0,3500.0,410.0,240.0,0.26,6499999.999999999,7.9E-6,0.032,0.032,0.0,580.0,8.7,0.0,1.6E-9,8.7E-21,7.4E7,1.0,1.6E9,
3.8E-40,0.0059,300.0,4400.0,4900.0,6499999.999999999,3000.0,2600.0,3500.0,410.0,240.0,0.26,6499999.999999999,7.0E-6,0.032,0.032,0.0,580.0,8.7,0.0,1.6E-9,7.8E-21,7.8E7,1.0,1.6E9,
3.8E-40,0.0059,300.0,4400.0,4900.0,6499999.999999999,3000.0,2600.0,3500.0,410.0,240.0,0.26,6499999.999999999,7.8E-6,0.032,0.032,0.0,580.0,8.7,0.0,1.6E-9,7.3E-21,7.4E7,1.0,1.6E9,
3.8E-40,0.0059,300.0,4400.0,4900.0,6499999.999999999,3000.0,2600.0,3500.0,410.0,240.0,0.26,6499999.999999999,9.8E-6,0.032,0.032,0.0,580.0,8.7,0.0,1.6E-9,8.6E-21,6.9E7,1.0,1.6E9,
3.8E-40,0.0059,300.0,4400.0,4900.0,6499999.999999999,3000.0,2600.0,3500.0,410.0,240.0,0.26,6499999.999999999,1.1E-5,0.032,0.032,0.0,580.0,8.7,0.0,1.6E-9,1.0E-20,6.6E7,1.0,1.6E9,
3.8E-40,0.0059,300.0,4400.0,4900.0,6499999.999999999,3000.0,2600.0,3500.0,410.0,240.0,0.26,6499999.999999999,1.1E-5,0.032,0.032,0.0,580.0,8.7,0.0,1.6E-9,1.1E-20,6.7E7,1.0,1.6E9,
3.8E-40,0.0059,300.0,4400.0,4900.0,6499999.999999999,3000.0,2600.0,3500.0,410.0,240.0,0.26,6499999.999999999,1.0E-5,0.032,0.032,0.0,570.0,8.7,0.0,1.6E-9,1.1E-20,6.8E7,1.0,1.6E9,
3.8E-40,0.0059,300.0,4400.0,4900.0,6499999.999999999,3000.0,2600.0,3500.0,410.0,240.0,0.26,6499999.999999999,9.1E-6,0.032,0.032,0.0,570.0,8.7,0.0,1.6E-9,9.9E-21,7.0E7,1.0,1.6E9,
3.8E-40,0.0059,300.0,4400.0,4900.0,6499999.999999999,3000.0,2600.0,3500.0,410.0,240.0,0.26,6499999.999999999,8.1E-6,0.032,0.032,0.0,560.0,8.7,0.0,1.6E-9,9.1E-21,7.3E7,1.0,1.6E9,
3.8E-40,0.0059,300.0,4400.0,4900.0,6499999.999999999,3000.0,2600.0,3500.0,410.0,240.0,0.26,6499999.999999999,7.2E-6,0.032,0.032,0.0,560.0,8.7,0.0,1.6E-9,8.2E-21,7.7E7,1.0,1.6E9,
3.8E-40,0.0059,300.0,4400.0,4900.0,6499999.999999999,3000.0,2600.0,3500.0,410.0,240.0,0.26,6499999.999999999,7.0E-6,0.032,0.032,0.0,560.0,8.7,0.0,1.6E-9,7.3E-21,7.8E7,1.0,1.6E9,
3.8E-40,0.0059,300.0,4400.0,4900.0,6499999.999999999,3000.0,2600.0,3500.0,410.0,240.0,0.26,6499999.999999999,9.2E-6,0.032,0.032,0.0,560.0,8.7,0.0,1.6E-9,8.2E-21,7.0E7,1.0,1.6E9,
3.8E-40,0.0059,300.0,4400.0,4900.0,6499999.999999999,3000.0,2600.0,3500.0,410.0,240.0,0.26,6499999.999999999,1.0E-5,0.032,0.032,0.0,550.0,8.7,0.0,1.6E-9,9.7E-21,6.7E7,1.0,1.6E9,
3.8E-40,0.0059,300.0,4400.0,4900.0,6499999.999999999,3000.0,2600.0,3500.0,410.0,240.0,0.26,6499999.999999999,1.1E-5,0.032,0.032,0.0,540.0,8.7,0.0,1.6E-9,1.1E-20,6.6E7,1.0,1.6E9,
3.8E-40,0.0059,300.0,4400.0,4900.0,6499999.999999999,3000.0,2600.0,3500.0,410.0,240.0,0.26,6499999.999999999,1.0E-5,0.032,0.032,0.0,540.0,8.7,0.0,1.6E-9,1.1E-20,6.8E7,1.0,1.6E9,
3.8E-40,0.0059,300.0,4400.0,4900.0,6499999.999999999,3000.0,2600.0,3500.0,410.0,240.0,0.26,6499999.999999999,9.4E-6,0.032,0.032,0.0,540.0,8.7,0.0,1.6E-9,1.0E-20,7.0E7,1.0,1.6E9,
3.8E-40,0.0059,300.0,4400.0,4900.0,6499999.999999999,3000.0,2600.0,3500.0,410.0,240.0,0.26,6499999.999999999,8.4E-6,0.032,0.032,0.0,540.0,8.7,0.0,1.6E-9,9.5E-21,7.2E7,1.0,1.6E9,
3.8E-40,0.0059,300.0,4400.0,4900.0,6499999.999999999,3000.0,2600.0,3500.0,410.0,240.0,0.26,6499999.999999999,7.5E-6,0.032,0.032,0.0,540.0,8.7,0.0,1.6E-9,8.6E-21,7.5E7,1.0,1.6E9,
3.8E-40,0.0059,300.0,4400.0,4900.0,6499999.999999999,3000.0,2600.0,3500.0,410.0,240.0,0.26,6499999.999999999,6.6E-6,0.032,0.032,0.0,540.0,8.7,0.0,1.6E-9,7.7E-21,7.9E7,1.0,1.6E9,
3.8E-40,0.0059,300.0,4400.0,4900.0,6499999.999999999,3000.0,2600.0,3500.0,410.0,240.0,0.26,6499999.999999999,8.5E-6,0.032,0.032,0.0,540.0,8.7,0.0,1.6E-9,7.9E-21,7.2E7,1.0,1.6E9,
3.8E-40,0.0059,300.0,4400.0,4900.0,6499999.999999999,3000.0,2600.0,3500.0,410.0,240.0,0.26,6499999.999999999,1.0E-5,0.032,0.032,0.0,540.0,8.7,0.0,1.6E-9,9.4E-21,6.8E7,1.0,1.6E9,
3.8E-40,0.0059,300.0,4400.0,4900.0,6499999.999999999,3000.0,2600.0,3500.0,410.0,240.0,0.26,6499999.999999999,1.1E-5,0.032,0.032,0.0,540.0,8.7,0.0,1.7E-9,1.1E-20,6.6E7,1.0,1.6E9,
3.8E-40,0.0059,300.0,4400.0,4900.0,6499999.999999999,3000.0,2600.0,3500.0,410.0,240.0,0.26,6499999.999999999,1.0E-5,0.032,0.032,0.0,540.0,8.7,0.0,1.7E-9,1.1E-20,6.7E7,1.0,1.6E9,
3.8E-40,0.0059,300.0,4400.0,4900.0,6499999.999999999,3000.0,2600.0,3500.0,410.0,240.0,0.26,6499999.999999999,9.7E-6,0.032,0.032,0.0,540.0,8.7,0.0,1.7E-9,1.1E-20,6.9E7,1.0,1.6E9,
3.8E-40,0.0059,300.0,4400.0,4900.0,6499999.999999999,3000.0,2600.0,3500.0,410.0,240.0,0.26,6499999.999999999,8.7E-6,0.032,0.032,0.0,540.0,8.7,0.0,1.6E-9,1.0E-20,7.1E7,1.0,1.6E9,
3.8E-40,0.0059,300.0,4400.0,4900.0,6499999.999999999,3000.0,2600.0,3500.0,410.0,240.0,0.26,6499999.999999999,1.1E-5,0.032,0.032,0.0,540.0,8.7,0.0,1.7E-9,1.0E-20,6.5E7,1.0,1.6E9,
3.8E-40,0.0059,300.0,4400.0,4900.0,6499999.999999999,3000.0,2600.0,3500.0,410.0,240.0,0.26,6499999.999999999,1.3E-5,0.032,0.032,0.0,540.0,8.7,0.0,1.7E-9,1.2E-20,6.2E7,1.0,1.6E9,
3.8E-40,0.0059,300.0,4400.0,4900.0,6499999.999999999,3000.0,2600.0,3500.0,410.0,240.0,0.26,6499999.999999999,1.3E-5,0.032,0.032,0.0,530.0,8.7,0.0,1.7E-9,1.3E-20,6.1E7,1.0,1.6E9,
3.8E-40,0.0059,300.0,4400.0,4900.0,6499999.999999999,3000.0,2600.0,3500.0,410.0,240.0,0.26,6499999.999999999,1.3E-5,0.032,0.032,0.0,530.0,8.7,0.0,1.7E-9,1.4E-20,6.2E7,1.0,1.6E9,
3.8E-40,0.0059,300.0,4400.0,4900.0,6499999.999999999,3000.0,2600.0,3500.0,410.0,240.0,0.26,6499999.999999999,1.1E-5,0.032,0.032,0.0,530.0,8.7,0.0,1.7E-9,1.3E-20,6.4E7,1.0,1.6E9,
3.7E-40,0.0059,290.0,4400.0,4800.0,6399999.999999999,2900.0,2600.0,3500.0,400.0,240.0,0.26,6399999.999999999,1.4E-5,0.031,0.031,0.0,530.0,8.7,0.0,1.7E-9,1.3E-20,5.9E7,1.0,1.5E9,
3.7E-40,0.0059,290.0,4400.0,4800.0,6399999.999999999,2900.0,2600.0,3500.0,400.0,240.0,0.26,6399999.999999999,1.5E-5,0.031,0.031,0.0,520.0,8.7,0.0,1.7E-9,1.5E-20,5.7E7,1.0,1.5E9,
3.7E-40,0.0059,290.0,4400.0,4800.0,6399999.999999999,2900.0,2600.0,3500.0,400.0,240.0,0.26,6399999.999999999,1.6E-5,0.031,0.031,0.0,520.0,8.7,0.0,1.7E-9,1.7E-20,5.7E7,1.0,1.5E9,
5.1E-39,0.16,92000.0,170000.0,130000.0,8700000.0,29000.0,5100.0,8100.0,2400.0,2300.0,0.27,9100000.0,15.0,0.18,0.18,0.0,1200.0,49.0,9600.0,1.3E-8,2.7E-13,5.9E7,1.0,1.6E9,
2.7E-39,0.083,92000.0,150000.0,7200.0,8600000.0,870.0,5100.0,550.0,2400.0,2200.0,0.26,8800000.0,6.8E-5,0.12,0.12,0.0,1200.0,7.4,210.0,1.3E-8,6.4E-14,5.5E7,1.0,1.6E9,
1.1E-39,0.032,92000.0,48000.0,7200.0,8500000.0,870.0,5100.0,550.0,2400.0,2200.0,0.26,8600000.0,1.9E-5,0.072,0.072,0.0,1200.0,7.3,4.2,1.3E-8,1.1E-14,5.2E7,1.0,1.6E9,
7.6E-40,0.023,1200.0,30000.0,7200.0,8299999.999999999,860.0,5100.0,550.0,2400.0,2200.0,0.26,8299999.999999999,1.5E-5,0.062,0.062,0.0,1200.0,7.1,0.57,1.3E-8,5.4E-15,5.0E7,1.0,1.6E9,
2.9E-40,0.0089,1200.0,2600.0,7100.0,7799999.999999999,860.0,5100.0,550.0,2400.0,2200.0,0.26,7899999.999999999,2.3E-5,0.048,0.048,0.0,1200.0,6.9,0.011,1.3E-8,9.3E-16,4.7E7,1.0,1.6E9,
2.9E-40,0.0088,1200.0,2600.0,7100.0,7699999.999999999,860.0,5100.0,550.0,2400.0,2200.0,0.26,7699999.999999999,2.6E-5,0.048,0.048,0.0,1200.0,6.8,2.0E-4,1.3E-8,4.1E-16,4.5E7,1.0,1.6E9,
2.9E-40,0.0087,1200.0,2600.0,7100.0,7399999.999999999,860.0,5100.0,550.0,2400.0,2200.0,0.26,7399999.999999999,2.9E-5,0.046,0.046,0.0,1200.0,6.7,1.3E-6,1.3E-8,1.5E-16,4.3E7,1.0,1.6E9,
2.8E-40,0.0085,1200.0,2600.0,7100.0,6999999.999999999,860.0,5100.0,550.0,2400.0,2200.0,0.26,6999999.999999999,3.1E-5,0.045,0.045,0.0,1100.0,6.6,2.5E-8,1.3E-8,6.6E-17,4.1E7,1.0,1.6E9,
2.7E-40,0.0082,1200.0,2600.0,7100.0,6499999.999999999,860.0,5100.0,550.0,2400.0,2200.0,0.26,6599999.999999999,3.2E-5,0.043,0.043,0.0,1200.0,6.3,4.6E-10,1.3E-8,2.9E-17,4.0E7,1.0,1.6E9,
2.7E-40,0.0082,1200.0,2600.0,7100.0,6499999.999999999,860.0,5100.0,550.0,2400.0,2200.0,0.26,6599999.999999999,3.3E-5,0.043,0.043,0.0,1200.0,6.3,1.2E-12,1.3E-8,8.9E-18,3.9E7,1.0,1.6E9,
2.7E-40,0.0082,1200.0,2600.0,7100.0,6499999.999999999,860.0,5100.0,550.0,2400.0,2200.0,0.26,6599999.999999999,3.1E-5,0.043,0.043,0.0,1100.0,6.3,2.9E-15,1.3E-8,2.9E-18,4.1E7,1.0,1.6E9,
2.7E-40,0.0082,1200.0,2600.0,7100.0,6499999.999999999,860.0,5100.0,550.0,2400.0,2200.0,0.26,6599999.999999999,2.7E-5,0.043,0.043,0.0,1100.0,6.3,7.4E-18,1.3E-8,1.0E-18,4.3E7,1.0,1.6E9,
2.7E-40,0.0082,1200.0,2600.0,7100.0,6499999.999999999,860.0,5100.0,550.0,2400.0,2200.0,0.26,6599999.999999999,2.3E-5,0.043,0.043,0.0,1100.0,6.3,1.9E-20,1.3E-8,4.5E-19,4.6E7,1.0,1.6E9,
2.7E-40,0.0082,1200.0,2600.0,7100.0,6499999.999999999,860.0,5100.0,550.0,2400.0,2200.0,0.26,6599999.999999999,1.9E-5,0.043,0.043,0.0,1100.0,6.3,5.4E-23,1.3E-8,2.5E-19,4.9E7,1.0,1.6E9,
2.7E-40,0.0082,1200.0,2600.0,7100.0,6499999.999999999,860.0,5100.0,550.0,2400.0,2200.0,0.26,6599999.999999999,1.6E-5,0.043,0.043,0.0,1100.0,6.3,0.0,1.3E-8,1.7E-19,5.2E7,1.0,1.6E9,
2.7E-40,0.0082,1200.0,2600.0,7100.0,6499999.999999999,860.0,5100.0,550.0,2400.0,2200.0,0.26,6599999.999999999,1.3E-5,0.043,0.043,0.0,1100.0,6.3,1.4E-25,1.3E-8,1.3E-19,5.6E7,1.0,1.6E9,
2.7E-40,0.0082,1200.0,2600.0,7100.0,6499999.999999999,860.0,5100.0,550.0,2400.0,2200.0,0.26,6599999.999999999,1.1E-5,0.043,0.043,0.0,1100.0,6.3,0.0,1.3E-8,1.1E-19,5.9E7,1.0,1.6E9,
2.7E-40,0.0082,1200.0,2600.0,7100.0,6499999.999999999,860.0,5100.0,550.0,2400.0,2200.0,0.26,6599999.999999999,1.3E-5,0.043,0.043,0.0,1100.0,6.3,0.0,1.3E-8,1.0E-19,5.6E7,1.0,1.6E9,
2.7E-40,0.0082,1200.0,2600.0,7100.0,6499999.999999999,860.0,5100.0,550.0,2400.0,2200.0,0.26,6599999.999999999,1.4E-5,0.043,0.043,0.0,1100.0,6.3,0.0,1.3E-8,1.1E-19,5.4E7,1.0,1.6E9,
2.7E-40,0.0082,1200.0,2600.0,7100.0,6499999.999999999,860.0,5100.0,550.0,2400.0,2200.0,0.26,6599999.999999999,1.4E-5,0.043,0.043,0.0,1100.0,6.3,0.0,1.3E-8,1.1E-19,5.4E7,1.0,1.6E9,
2.7E-40,0.0082,1200.0,2600.0,7100.0,6499999.999999999,860.0,5100.0,550.0,2400.0,2200.0,0.26,6599999.999999999,1.3E-5,0.043,0.043,0.0,1100.0,6.3,0.0,1.3E-8,1.1E-19,5.6E7,1.0,1.6E9,
2.7E-40,0.0082,1200.0,2600.0,7100.0,6499999.999999999,860.0,5100.0,550.0,2400.0,2200.0,0.26,6599999.999999999,1.1E-5,0.043,0.043,0.0,1100.0,6.3,0.0,1.3E-8,1.0E-19,5.8E7,1.0,1.6E9,
2.7E-40,0.0082,1200.0,2600.0,7100.0,6499999.999999999,860.0,5100.0,550.0,2400.0,2200.0,0.26,6599999.999999999,9.9E-6,0.043,0.043,0.0,1100.0,6.3,0.0,1.3E-8,9.1E-20,6.1E7,1.0,1.6E9,
2.7E-40,0.0082,1200.0,2600.0,7100.0,6499999.999999999,860.0,5100.0,550.0,2400.0,2200.0,0.26,6599999.999999999,8.6E-6,0.043,0.043,0.0,1100.0,6.3,0.0,1.3E-8,7.9E-20,6.4E7,1.0,1.6E9,
2.7E-40,0.0082,1200.0,2600.0,7100.0,6499999.999999999,860.0,5100.0,550.0,2400.0,2200.0,0.26,6599999.999999999,7.4E-6,0.043,0.043,0.0,1100.0,6.3,0.0,1.3E-8,6.9E-20,6.8E7,1.0,1.6E9,
2.7E-40,0.0082,1200.0,2600.0,7100.0,6499999.999999999,860.0,5100.0,550.0,2400.0,2200.0,0.26,6599999.999999999,8.4E-6,0.043,0.043,0.0,1100.0,6.3,0.0,1.3E-8,6.4E-20,6.5E7,1.0,1.6E9,
2.7E-40,0.0082,1200.0,2600.0,7100.0,6499999.999999999,860.0,5100.0,550.0,2400.0,2200.0,0.26,6599999.999999999,9.7E-6,0.043,0.043,0.0,1100.0,6.3,0.0,1.3E-8,7.2E-20,6.2E7,1.0,1.6E9,
2.7E-40,0.0082,1200.0,2600.0,7100.0,6499999.999999999,860.0,5100.0,550.0,2400.0,2200.0,0.26,6599999.999999999,1.0E-5,0.043,0.043,0.0,1100.0,6.3,0.0,1.3E-8,8.1E-20,6.0E7,1.0,1.6E9,
2.7E-40,0.0082,1200.0,2600.0,7100.0,6499999.999999999,860.0,5100.0,550.0,2400.0,2200.0,0.26,6599999.999999999,1.0E-5,0.043,0.043,0.0,1100.0,6.3,0.0,1.3E-8,8.3E-20,6.1E7,1.0,1.6E9,
2.7E-40,0.0082,1200.0,2600.0,7100.0,6499999.999999999,860.0,5100.0,550.0,2400.0,2200.0,0.26,6599999.999999999,9.2E-6,0.043,0.043,0.0,1100.0,6.3,0.0,1.3E-8,8.0E-20,6.3E7,1.0,1.6E9,
2.7E-40,0.0082,1200.0,2600.0,7100.0,6499999.999999999,860.0,5100.0,550.0,2400.0,2200.0,0.26,6599999.999999999,8.0E-6,0.043,0.043,0.0,1100.0,6.3,0.0,1.3E-8,7.2E-20,6.6E7,1.0,1.6E9,
2.7E-40,0.0082,1200.0,2600.0,7100.0,6499999.999999999,860.0,5100.0,550.0,2400.0,2200.0,0.26,6599999.999999999,7.2E-6,0.043,0.043,0.0,1100.0,6.3,0.0,1.3E-8,6.6E-20,6.9E7,1.0,1.6E9,
2.7E-40,0.0082,1200.0,2600.0,7100.0,6499999.999999999,860.0,5100.0,550.0,2400.0,2200.0,0.26,6599999.999999999,6.3E-6,0.043,0.043,0.0,1000.0,6.3,0.0,1.3E-8,5.8E-20,7.2E7,1.0,1.6E9,
2.7E-40,0.0082,1200.0,2600.0,7100.0,6499999.999999999,860.0,5100.0,550.0,2400.0,2200.0,0.26,6599999.999999999,6.0E-6,0.043,0.043,0.0,1000.0,6.3,0.0,1.3E-8,5.2E-20,7.3E7,1.0,1.6E9,
2.7E-40,0.0082,1200.0,2600.0,7100.0,6499999.999999999,860.0,5100.0,550.0,2400.0,2200.0,0.26,6599999.999999999,7.8E-6,0.043,0.043,0.0,1000.0,6.3,0.0,1.3E-8,5.7E-20,6.7E7,1.0,1.6E9,
2.7E-40,0.0082,1200.0,2600.0,7100.0,6499999.999999999,860.0,5100.0,550.0,2400.0,2200.0,0.26,6599999.999999999,8.8E-6,0.043,0.043,0.0,1000.0,6.3,0.0,1.3E-8,6.7E-20,6.4E7,1.0,1.6E9,
2.7E-40,0.0082,1200.0,2600.0,7100.0,6499999.999999999,860.0,5100.0,550.0,2400.0,2200.0,0.26,6599999.999999999,8.8E-6,0.043,0.043,0.0,980.0,6.3,0.0,1.3E-8,7.2E-20,6.4E7,1.0,1.6E9,
2.7E-40,0.0082,1200.0,2600.0,7100.0,6499999.999999999,860.0,5100.0,550.0,2400.0,2200.0,0.26,6599999.999999999,8.2E-6,0.043,0.043,0.0,960.0,6.3,0.0,1.3E-8,7.1E-20,6.5E7,1.0,1.6E9,
2.7E-40,0.0082,1200.0,2600.0,7100.0,6499999.999999999,860.0,5100.0,550.0,2400.0,2200.0,0.26,6599999.999999999,7.5E-6,0.043,0.043,0.0,960.0,6.3,0.0,1.3E-8,6.6E-20,6.8E7,1.0,1.6E9,
2.7E-40,0.0082,1200.0,2600.0,7100.0,6499999.999999999,860.0,5100.0,550.0,2400.0,2200.0,0.26,6599999.999999999,6.8E-6,0.043,0.043,0.0,940.0,6.3,0.0,1.3E-8,6.1E-20,7.0E7,1.0,1.6E9,
2.7E-40,0.0082,1200.0,2600.0,7100.0,6499999.999999999,860.0,5100.0,550.0,2400.0,2200.0,0.26,6599999.999999999,5.9E-6,0.043,0.043,0.0,940.0,6.3,0.0,1.3E-8,5.4E-20,7.4E7,1.0,1.6E9,
2.7E-40,0.0082,1200.0,2600.0,7100.0,6499999.999999999,860.0,5100.0,550.0,2400.0,2200.0,0.26,6599999.999999999,5.2E-6,0.043,0.043,0.0,930.0,6.3,0.0,1.3E-8,4.8E-20,7.7E7,1.0,1.6E9,
2.7E-40,0.0082,1200.0,2600.0,7100.0,6499999.999999999,860.0,5100.0,550.0,2400.0,2200.0,0.26,6499999.999999999,6.7E-6,0.042,0.042,0.0,910.0,6.3,0.0,1.3E-8,4.9E-20,7.0E7,1.0,1.6E9,
2.7E-40,0.0082,1200.0,2600.0,7100.0,6499999.999999999,860.0,5100.0,550.0,2400.0,2200.0,0.26,6499999.999999999,8.8E-6,0.042,0.042,0.0,900.0,6.3,0.0,1.3E-8,6.1E-20,6.3E7,1.0,1.6E9,
2.7E-40,0.0082,1200.0,2600.0,7100.0,6499999.999999999,860.0,5100.0,550.0,2400.0,2200.0,0.26,6499999.999999999,9.9E-6,0.042,0.042,0.0,900.0,6.3,0.0,1.3E-8,7.4E-20,6.1E7,1.0,1.6E9,
2.7E-40,0.0082,1200.0,2600.0,7100.0,6499999.999999999,860.0,5100.0,550.0,2400.0,2200.0,0.26,6499999.999999999,1.0E-5,0.042,0.042,0.0,890.0,6.3,0.0,1.3E-8,8.1E-20,6.0E7,1.0,1.6E9,
2.7E-40,0.0082,1200.0,2600.0,7100.0,6499999.999999999,860.0,5100.0,550.0,2400.0,2200.0,0.26,6499999.999999999,9.4E-6,0.042,0.042,0.0,870.0,6.3,0.0,1.3E-8,8.1E-20,6.2E7,1.0,1.6E9,
2.7E-40,0.0082,1200.0,2600.0,7100.0,6499999.999999999,860.0,5100.0,550.0,2400.0,2200.0,0.26,6499999.999999999,8.5E-6,0.042,0.042,0.0,870.0,6.3,0.0,1.3E-8,7.6E-20,6.4E7,1.0,1.6E9,
2.7E-40,0.0082,1200.0,2600.0,7100.0,6499999.999999999,860.0,5100.0,550.0,2400.0,2200.0,0.26,6499999.999999999,7.6E-6,0.042,0.042,0.0,870.0,6.3,0.0,1.3E-8,6.9E-20,6.7E7,1.0,1.6E9,
2.7E-40,0.0082,1200.0,2600.0,7100.0,6499999.999999999,860.0,5100.0,550.0,2400.0,2200.0,0.26,6499999.999999999,6.7E-6,0.042,0.042,0.0,850.0,6.3,0.0,1.3E-8,6.2E-20,7.0E7,1.0,1.6E9,
2.7E-40,0.0082,1200.0,2600.0,7100.0,6499999.999999999,860.0,5100.0,550.0,2400.0,2200.0,0.26,6499999.999999999,5.8E-6,0.042,0.042,0.0,840.0,6.3,0.0,1.3E-8,5.5E-20,7.3E7,1.0,1.6E9,
2.7E-40,0.0082,1200.0,2600.0,7100.0,6499999.999999999,860.0,5100.0,550.0,2400.0,2200.0,0.26,6499999.999999999,6.9E-6,0.042,0.042,0.0,830.0,6.3,0.0,1.3E-8,5.3E-20,6.9E7,1.0,1.6E9,
2.7E-40,0.0082,1200.0,2600.0,7100.0,6499999.999999999,860.0,5100.0,550.0,2400.0,2200.0,0.26,6499999.999999999,8.3E-6,0.042,0.042,0.0,830.0,6.3,0.0,1.3E-8,6.2E-20,6.4E7,1.0,1.6E9,
2.7E-40,0.0082,1200.0,2600.0,7100.0,6499999.999999999,860.0,5100.0,550.0,2400.0,2200.0,0.26,6499999.999999999,8.8E-6,0.042,0.042,0.0,830.0,6.3,0.0,1.3E-8,6.9E-20,6.3E7,1.0,1.6E9,
2.7E-40,0.0082,1200.0,2600.0,7100.0,6499999.999999999,860.0,5100.0,550.0,2400.0,2200.0,0.26,6499999.999999999,8.6E-6,0.042,0.042,0.0,830.0,6.3,0.0,1.3E-8,7.2E-20,6.4E7,1.0,1.6E9,
2.7E-40,0.0082,1200.0,2600.0,7100.0,6499999.999999999,860.0,5100.0,550.0,2400.0,2200.0,0.26,6499999.999999999,7.9E-6,0.042,0.042,0.0,830.0,6.3,0.0,1.3E-8,7.0E-20,6.6E7,1.0,1.6E9,
2.7E-40,0.0082,1200.0,2600.0,7100.0,6499999.999999999,860.0,5100.0,550.0,2400.0,2200.0,0.26,6499999.999999999,7.1E-6,0.042,0.042,0.0,830.0,6.3,0.0,1.3E-8,6.5E-20,6.8E7,1.0,1.6E9,
2.7E-40,0.0082,1200.0,2600.0,7100.0,6499999.999999999,860.0,5100.0,550.0,2400.0,2200.0,0.26,6499999.999999999,6.3E-6,0.042,0.042,0.0,830.0,6.3,0.0,1.3E-8,5.8E-20,7.1E7,1.0,1.6E9,
2.7E-40,0.0082,1200.0,2600.0,7100.0,6499999.999999999,860.0,5100.0,550.0,2400.0,2200.0,0.26,6499999.999999999,5.6E-6,0.042,0.042,0.0,810.0,6.3,0.0,1.3E-8,5.2E-20,7.4E7,1.0,1.6E9,
2.7E-40,0.0082,1200.0,2600.0,7100.0,6499999.999999999,860.0,5100.0,550.0,2400.0,2200.0,0.26,6499999.999999999,5.8E-6,0.042,0.042,0.0,800.0,6.3,0.0,1.3E-8,4.7E-20,7.3E7,1.0,1.6E9,
2.7E-40,0.0082,1200.0,2600.0,7100.0,6499999.999999999,860.0,5100.0,550.0,2400.0,2200.0,0.26,6499999.999999999,7.4E-6,0.042,0.042,0.0,800.0,6.3,0.0,1.3E-8,5.4E-20,6.7E7,1.0,1.6E9,
2.7E-40,0.0082,1200.0,2600.0,7100.0,6499999.999999999,860.0,5100.0,550.0,2400.0,2200.0,0.26,6499999.999999999,8.2E-6,0.042,0.042,0.0,800.0,6.3,0.0,1.3E-8,6.3E-20,6.5E7,1.0,1.6E9,
2.7E-40,0.0082,1200.0,2600.0,7100.0,6499999.999999999,860.0,5100.0,550.0,2400.0,2200.0,0.26,6499999.999999999,8.2E-6,0.042,0.042,0.0,790.0,6.3,0.0,1.3E-8,6.7E-20,6.5E7,1.0,1.6E9,
2.7E-40,0.0082,1200.0,2600.0,7100.0,6499999.999999999,860.0,5100.0,550.0,2400.0,2200.0,0.26,6499999.999999999,7.7E-6,0.042,0.042,0.0,780.0,6.3,0.0,1.3E-8,6.7E-20,6.6E7,1.0,1.6E9,
2.7E-40,0.0082,1200.0,2600.0,7100.0,6499999.999999999,860.0,5100.0,550.0,2400.0,2200.0,0.26,6499999.999999999,7.0E-6,0.042,0.042,0.0,780.0,6.3,0.0,1.3E-8,6.3E-20,6.9E7,1.0,1.6E9,
2.7E-40,0.0082,1200.0,2600.0,7100.0,6499999.999999999,860.0,5100.0,550.0,2400.0,2200.0,0.26,6499999.999999999,6.3E-6,0.042,0.042,0.0,770.0,6.3,0.0,1.3E-8,5.8E-20,7.1E7,1.0,1.6E9,
2.7E-40,0.0082,1200.0,2600.0,7100.0,6499999.999999999,860.0,5100.0,550.0,2400.0,2200.0,0.26,6499999.999999999,5.6E-6,0.042,0.042,0.0,770.0,6.3,0.0,1.3E-8,5.2E-20,7.5E7,1.0,1.6E9,
2.7E-40,0.0082,1200.0,2600.0,7100.0,6499999.999999999,860.0,5100.0,550.0,2400.0,2200.0,0.26,6499999.999999999,4.9E-6,0.042,0.042,0.0,750.0,6.3,0.0,1.3E-8,4.6E-20,7.8E7,1.0,1.6E9,
2.7E-40,0.0082,1200.0,2600.0,7100.0,6499999.999999999,860.0,5100.0,550.0,2400.0,2200.0,0.26,6499999.999999999,6.7E-6,0.042,0.042,0.0,740.0,6.3,0.0,1.3E-8,4.9E-20,7.0E7,1.0,1.6E9,
2.7E-40,0.0082,1200.0,2600.0,7100.0,6499999.999999999,860.0,5100.0,550.0,2400.0,2200.0,0.26,6499999.999999999,7.7E-6,0.042,0.042,0.0,720.0,6.3,0.0,1.3E-8,5.8E-20,6.6E7,1.0,1.6E9,
2.7E-40,0.0082,1200.0,2600.0,7100.0,6499999.999999999,860.0,5100.0,550.0,2400.0,2200.0,0.26,6499999.999999999,8.0E-6,0.042,0.042,0.0,710.0,6.3,0.0,1.3E-8,6.4E-20,6.5E7,1.0,1.6E9,
2.7E-40,0.0082,1200.0,2600.0,7100.0,6499999.999999999,860.0,5100.0,550.0,2400.0,2200.0,0.26,6499999.999999999,7.7E-6,0.042,0.042,0.0,710.0,6.3,0.0,1.3E-8,6.6E-20,6.6E7,1.0,1.6E9,
2.7E-40,0.0082,1200.0,2600.0,7100.0,6499999.999999999,860.0,5100.0,550.0,2400.0,2200.0,0.26,6499999.999999999,7.1E-6,0.042,0.042,0.0,710.0,6.3,0.0,1.3E-8,6.3E-20,6.8E7,1.0,1.6E9,
2.7E-40,0.0082,1200.0,2600.0,7100.0,6499999.999999999,860.0,5100.0,550.0,2400.0,2200.0,0.26,6499999.999999999,6.4E-6,0.042,0.042,0.0,700.0,6.3,0.0,1.3E-8,5.8E-20,7.1E7,1.0,1.6E9,
2.7E-40,0.0082,1200.0,2600.0,7100.0,6499999.999999999,860.0,5100.0,550.0,2400.0,2200.0,0.26,6499999.999999999,5.6E-6,0.042,0.042,0.0,700.0,6.3,0.0,1.3E-8,5.3E-20,7.4E7,1.0,1.6E9,
2.7E-40,0.0082,1200.0,2600.0,7100.0,6499999.999999999,860.0,5100.0,550.0,2400.0,2200.0,0.26,6499999.999999999,5.0E-6,0.042,0.042,0.0,680.0,6.3,0.0,1.3E-8,4.7E-20,7.7E7,1.0,1.6E9,
2.7E-40,0.0082,1200.0,2600.0,7100.0,6499999.999999999,860.0,5100.0,550.0,2400.0,2200.0,0.26,6499999.999999999,6.0E-6,0.042,0.042,0.0,680.0,6.3,0.0,1.3E-8,4.6E-20,7.3E7,1.0,1.6E9,
2.7E-40,0.0082,1200.0,2600.0,7100.0,6499999.999999999,860.0,5100.0,550.0,2400.0,2200.0,0.26,6499999.999999999,7.3E-6,0.042,0.042,0.0,670.0,6.3,0.0,1.3E-8,5.5E-20,6.8E7,1.0,1.6E9,
2.7E-40,0.0082,1200.0,2600.0,7100.0,6499999.999999999,860.0,5100.0,550.0,2400.0,2200.0,0.26,6499999.999999999,7.8E-6,0.042,0.042,0.0,660.0,6.3,0.0,1.3E-8,6.2E-20,6.6E7,1.0,1.6E9,
2.7E-40,0.0082,1200.0,2600.0,7100.0,6499999.999999999,860.0,5100.0,550.0,2400.0,2200.0,0.26,6499999.999999999,7.7E-6,0.042,0.042,0.0,660.0,6.3,0.0,1.3E-8,6.5E-20,6.6E7,1.0,1.6E9,
2.7E-40,0.0082,1200.0,2600.0,7100.0,6499999.999999999,860.0,5100.0,550.0,2400.0,2200.0,0.26,6499999.999999999,7.2E-6,0.042,0.042,0.0,650.0,6.3,0.0,1.3E-8,6.4E-20,6.8E7,1.0,1.6E9,
2.7E-40,0.0082,1200.0,2600.0,7100.0,6499999.999999999,860.0,5100.0,550.0,2400.0,2200.0,0.26,6499999.999999999,6.5E-6,0.042,0.042,0.0,640.0,6.3,0.0,1.3E-8,6.0E-20,7.0E7,1.0,1.6E9,
2.7E-40,0.0082,1200.0,2600.0,7100.0,6499999.999999999,860.0,5100.0,550.0,2400.0,2200.0,0.26,6499999.999999999,5.8E-6,0.042,0.042,0.0,630.0,6.3,0.0,1.3E-8,5.4E-20,7.3E7,1.0,1.6E9,
2.7E-40,0.0082,1200.0,2600.0,7100.0,6499999.999999999,860.0,5100.0,550.0,2400.0,2200.0,0.26,6499999.999999999,5.1E-6,0.042,0.042,0.0,630.0,6.3,0.0,1.3E-8,4.9E-20,7.7E7,1.0,1.6E9,
2.7E-40,0.0082,1200.0,2600.0,7100.0,6499999.999999999,860.0,5100.0,550.0,2400.0,2200.0,0.26,6499999.999999999,5.4E-6,0.042,0.042,0.0,620.0,6.3,0.0,1.3E-8,4.4E-20,7.5E7,1.0,1.6E9,
2.7E-40,0.0082,1200.0,2600.0,7100.0,6499999.999999999,860.0,5100.0,550.0,2400.0,2200.0,0.26,6499999.999999999,6.9E-6,0.042,0.042,0.0,620.0,6.3,0.0,1.3E-8,5.1E-20,6.9E7,1.0,1.6E9,
2.7E-40,0.0082,1200.0,2600.0,7100.0,6499999.999999999,860.0,5100.0,550.0,2400.0,2200.0,0.26,6499999.999999999,7.7E-6,0.042,0.042,0.0,620.0,6.3,0.0,1.3E-8,6.0E-20,6.6E7,1.0,1.6E9,
2.7E-40,0.0082,1200.0,2600.0,7100.0,6499999.999999999,860.0,5100.0,550.0,2400.0,2200.0,0.26,6499999.999999999,7.7E-6,0.042,0.042,0.0,620.0,6.3,0.0,1.3E-8,6.5E-20,6.6E7,1.0,1.6E9,
2.7E-40,0.0082,1200.0,2600.0,7100.0,6499999.999999999,860.0,5100.0,550.0,2400.0,2200.0,0.25,6499999.999999999,7.3E-6,0.042,0.042,0.0,620.0,6.3,0.0,1.3E-8,6.5E-20,6.7E7,1.0,1.5E9,
2.7E-40,0.0082,1200.0,2600.0,7100.0,6499999.999999999,860.0,5100.0,550.0,2400.0,2200.0,0.25,6499999.999999999,8.3E-6,0.042,0.042,0.0,620.0,6.3,0.0,1.3E-8,6.5E-20,6.4E7,1.0,1.5E9,
2.7E-40,0.0082,1200.0,2600.0,7100.0,6499999.999999999,860.0,5100.0,550.0,2400.0,2200.0,0.25,6499999.999999999,1.0E-5,0.042,0.042,0.0,610.0,6.3,0.0,1.3E-8,7.8E-20,5.9E7,1.0,1.5E9,
1.1999999999999999E-39,0.096,170000.0,170000.0,26000.0,8700000.0,6400.0,7600.0,4800.0,3700.0,3200.0,0.26,9100000.0,4.5,0.13,0.13,0.0,910.0,23.0,140.0,4.3E-8,3.1E-13,6.0E7,1.0,1.6E9,
7.7E-40,0.06,110000.0,110000.0,3800.0,8700000.0,6400.0,51.0,4800.0,3700.0,3200.0,0.26,8900000.0,1.9E-5,0.095,0.095,0.0,890.0,12.0,8.0,4.3E-8,1.0E-13,5.7E7,1.0,1.6E9,
5.7E-40,0.044,76000.0,81000.0,3800.0,8600000.0,6400.0,51.0,4800.0,3700.0,3200.0,0.26,8800000.0,2.0E-5,0.081,0.081,0.0,900.0,11.0,0.16,4.3E-8,3.5E-14,5.4E7,1.0,1.6E9,
7.9E-41,0.0062,59000.0,560.0,3800.0,8600000.0,6400.0,51.0,4800.0,3600.0,3200.0,0.26,8600000.0,3.2E-5,0.049,0.049,0.0,900.0,11.0,0.0032,4.3E-8,2.2E-15,5.0E7,1.0,1.6E9,
7.6E-41,0.0059,3300.0,560.0,3800.0,8099999.999999999,6400.0,51.0,4800.0,3600.0,3200.0,0.25,8099999.999999999,3.3E-5,0.047,0.047,0.0,880.0,11.0,4.3E-4,4.2E-8,1.4E-15,4.9E7,1.0,1.6E9,
7.299999999999999E-41,0.0057,3300.0,550.0,3800.0,7699999.999999999,6300.0,51.0,4800.0,3600.0,3200.0,0.25,7699999.999999999,3.4E-5,0.045,0.045,0.0,890.0,10.0,5.9E-5,4.2E-8,9.1E-16,4.8E7,1.0,1.6E9,
7.2E-41,0.0056,3300.0,550.0,3800.0,7499999.999999999,6300.0,51.0,4800.0,3600.0,3200.0,0.25,7499999.999999999,3.5E-5,0.044,0.044,0.0,890.0,10.0,8.0E-6,4.2E-8,6.0E-16,4.6E7,1.0,1.6E9,
7.0E-41,0.0054,3300.0,550.0,3800.0,7099999.999999999,6300.0,51.0,4800.0,3600.0,3200.0,0.25,7199999.999999999,3.8E-5,0.043,0.043,0.0,880.0,9.9,4.0E-7,4.2E-8,3.2E-16,4.5E7,1.0,1.6E9,
6.599999999999999E-41,0.0052,3300.0,550.0,3800.0,6499999.999999999,6300.0,51.0,4800.0,3600.0,3200.0,0.25,6599999.999999999,3.9E-5,0.041,0.041,0.0,870.0,9.4,2.0E-8,4.2E-8,1.7E-16,4.3E7,1.0,1.6E9,
6.599999999999999E-41,0.0052,3300.0,550.0,3800.0,6499999.999999999,6300.0,51.0,4800.0,3600.0,3200.0,0.25,6599999.999999999,4.3E-5,0.041,0.041,0.0,870.0,9.4,5.1E-11,4.2E-8,5.1E-17,4.2E7,1.0,1.6E9,
6.599999999999999E-41,0.0052,3300.0,550.0,3800.0,6499999.999999999,6300.0,51.0,4800.0,3600.0,3200.0,0.25,6599999.999999999,4.1E-5,0.041,0.041,0.0,870.0,9.4,1.3E-13,4.2E-8,1.6E-17,4.2E7,1.0,1.6E9,
6.599999999999999E-41,0.0052,3300.0,550.0,3800.0,6499999.999999999,6300.0,51.0,4700.0,3600.0,3200.0,0.25,6599999.999999999,3.7E-5,0.041,0.041,0.0,870.0,9.4,3.3E-16,4.2E-8,5.6E-18,4.4E7,1.0,1.6E9,
6.599999999999999E-41,0.0052,3300.0,550.0,3800.0,6499999.999999999,6300.0,51.0,4700.0,3600.0,3200.0,0.25,6599999.999999999,3.1E-5,0.041,0.041,0.0,850.0,9.4,8.4E-19,4.2E-8,2.3E-18,4.7E7,1.0,1.6E9,
6.599999999999999E-41,0.0052,3300.0,550.0,3800.0,6499999.999999999,6300.0,51.0,4700.0,3600.0,3200.0,0.25,6599999.999999999,2.6E-5,0.041,0.041,0.0,850.0,9.4,2.2E-21,4.2E-8,1.2E-18,5.0E7,1.0,1.6E9,
6.599999999999999E-41,0.0052,3300.0,550.0,3800.0,6499999.999999999,6300.0,51.0,4700.0,3600.0,3200.0,0.25,6599999.999999999,2.2E-5,0.041,0.041,0.0,840.0,9.4,2.4E-23,4.2E-8,8.0E-19,5.3E7,1.0,1.6E9,
6.599999999999999E-41,0.0052,3300.0,550.0,3800.0,6499999.999999999,6300.0,51.0,4700.0,3600.0,3200.0,0.25,6599999.999999999,1.8E-5,0.041,0.041,0.0,840.0,9.4,0.0,4.2E-8,6.1E-19,5.7E7,1.0,1.6E9,
6.599999999999999E-41,0.0052,3300.0,550.0,3800.0,6499999.999999999,6300.0,51.0,4700.0,3600.0,3200.0,0.25,6599999.999999999,1.6E-5,0.041,0.041,0.0,840.0,9.4,4.7E-29,4.2E-8,4.9E-19,6.0E7,1.0,1.6E9,
6.599999999999999E-41,0.0052,3300.0,550.0,3800.0,6499999.999999999,6300.0,51.0,4700.0,3600.0,3200.0,0.25,6599999.999999999,1.7E-5,0.041,0.041,0.0,830.0,9.4,9.999999999999999E-32,4.1E-8,4.5E-19,5.7E7,1.0,1.6E9,
6.599999999999999E-41,0.0051,3300.0,550.0,3800.0,6499999.999999999,6300.0,51.0,4700.0,3600.0,3200.0,0.25,6499999.999999999,2.1E-5,0.04,0.04,0.0,820.0,9.4,6.9E-34,4.1E-8,4.9E-19,5.3E7,1.0,1.6E9,
6.599999999999999E-41,0.0051,3300.0,550.0,3800.0,6499999.999999999,6300.0,51.0,4700.0,3600.0,3200.0,0.25,6499999.999999999,2.3E-5,0.04,0.04,0.0,820.0,9.4,1.8E-36,4.1E-8,5.7E-19,5.1E7,1.0,1.6E9,
6.599999999999999E-41,0.0051,3300.0,550.0,3800.0,6499999.999999999,6300.0,51.0,4700.0,3600.0,3200.0,0.25,6499999.999999999,2.3E-5,0.04,0.04,0.0,790.0,9.4,4.4E-39,4.1E-8,6.0E-19,5.2E7,1.0,1.6E9,
6.599999999999999E-41,0.0051,3300.0,550.0,3800.0,6499999.999999999,6300.0,51.0,4700.0,3600.0,3200.0,0.25,6499999.999999999,2.1E-5,0.04,0.04,0.0,790.0,9.4,1.1E-41,4.2E-8,5.9E-19,5.3E7,1.0,1.6E9,
6.599999999999999E-41,0.0051,3300.0,550.0,3800.0,6499999.999999999,6300.0,51.0,4700.0,3600.0,3200.0,0.25,6499999.999999999,1.9E-5,0.04,0.04,0.0,790.0,9.4,3.9E-44,4.2E-8,5.4E-19,5.6E7,1.0,1.6E9,
6.599999999999999E-41,0.0051,3300.0,550.0,3800.0,6499999.999999999,6300.0,51.0,4700.0,3600.0,3200.0,0.25,6499999.999999999,1.6E-5,0.04,0.04,0.0,770.0,9.4,8.6E-45,4.2E-8,4.8E-19,5.9E7,1.0,1.6E9,
6.599999999999999E-41,0.0051,3300.0,550.0,3800.0,6499999.999999999,6300.0,51.0,4700.0,3600.0,3200.0,0.25,6499999.999999999,1.4E-5,0.04,0.04,0.0,770.0,9.4,5.5E-46,4.2E-8,4.2E-19,6.2E7,1.0,1.6E9,
6.599999999999999E-41,0.0051,3300.0,550.0,3800.0,6499999.999999999,6300.0,51.0,4700.0,3600.0,3200.0,0.25,6499999.999999999,1.2E-5,0.04,0.04,0.0,760.0,9.4,0.0,4.1E-8,3.6E-19,6.5E7,1.0,1.6E9,
6.599999999999999E-41,0.0051,3300.0,550.0,3800.0,6499999.999999999,6300.0,51.0,4700.0,3600.0,3200.0,0.25,6499999.999999999,1.2E-5,0.04,0.04,0.0,760.0,9.4,2.3999999999999997E-46,4.2E-8,3.2E-19,6.5E7,1.0,1.6E9,
6.599999999999999E-41,0.0051,3300.0,550.0,3800.0,6499999.999999999,6300.0,51.0,4700.0,3600.0,3200.0,0.25,6499999.999999999,1.5E-5,0.04,0.04,0.0,760.0,9.4,6.199999999999999E-49,4.2E-8,3.5E-19,6.0E7,1.0,1.6E9,
6.599999999999999E-41,0.0051,3300.0,550.0,3800.0,6499999.999999999,6300.0,51.0,4700.0,3600.0,3200.0,0.25,6499999.999999999,1.6E-5,0.04,0.04,0.0,760.0,9.4,1.6E-51,4.2E-8,4.0E-19,5.9E7,1.0,1.6E9,
6.599999999999999E-41,0.0051,3300.0,550.0,3800.0,6499999.999999999,6300.0,51.0,4700.0,3600.0,3200.0,0.25,6499999.999999999,1.6E-5,0.04,0.04,0.0,760.0,9.4,4.0E-54,4.2E-8,4.1E-19,5.9E7,1.0,1.6E9,
6.599999999999999E-41,0.0051,3300.0,550.0,3800.0,6499999.999999999,6300.0,51.0,4700.0,3600.0,3200.0,0.25,6499999.999999999,1.4E-5,0.04,0.04,0.0,760.0,9.4,1.1E-56,4.2E-8,4.0E-19,6.1E7,1.0,1.6E9,
6.599999999999999E-41,0.0051,3300.0,550.0,3800.0,6499999.999999999,6300.0,51.0,4700.0,3600.0,3200.0,0.25,6499999.999999999,1.3E-5,0.04,0.04,0.0,760.0,9.4,2.2000000000000003E-59,4.2E-8,3.7E-19,6.4E7,1.0,1.6E9,
6.599999999999999E-41,0.0051,3300.0,550.0,3800.0,6499999.999999999,6300.0,51.0,4700.0,3600.0,3200.0,0.25,6499999.999999999,1.1E-5,0.04,0.04,0.0,750.0,9.4,0.0,4.2E-8,3.3E-19,6.7E7,1.0,1.6E9,
6.599999999999999E-41,0.0051,3300.0,550.0,3800.0,6499999.999999999,6300.0,51.0,4700.0,3600.0,3200.0,0.25,6499999.999999999,9.9E-6,0.04,0.04,0.0,750.0,9.4,0.0,4.2E-8,3.0E-19,7.0E7,1.0,1.6E9,
6.599999999999999E-41,0.0051,3300.0,550.0,3800.0,6499999.999999999,6300.0,51.0,4700.0,3600.0,3200.0,0.25,6499999.999999999,8.7E-6,0.04,0.04,0.0,750.0,9.4,0.0,4.2E-8,2.6E-19,7.3E7,1.0,1.6E9,
6.599999999999999E-41,0.0051,3300.0,550.0,3800.0,6499999.999999999,6300.0,51.0,4700.0,3600.0,3200.0,0.25,6499999.999999999,1.2E-5,0.04,0.04,0.0,750.0,9.4,0.0,4.2E-8,2.8E-19,6.5E7,1.0,1.6E9,
6.599999999999999E-41,0.0051,3300.0,550.0,3800.0,6499999.999999999,6300.0,51.0,4700.0,3600.0,3200.0,0.25,6499999.999999999,1.3E-5,0.04,0.04,0.0,740.0,9.4,0.0,4.2E-8,3.2E-19,6.3E7,1.0,1.6E9,
6.599999999999999E-41,0.0051,3300.0,550.0,3800.0,6499999.999999999,6300.0,51.0,4700.0,3600.0,3200.0,0.25,6499999.999999999,1.3E-5,0.04,0.04,0.0,730.0,9.4,0.0,4.2E-8,3.5E-19,6.3E7,1.0,1.6E9,
6.599999999999999E-41,0.0051,3300.0,550.0,3800.0,6499999.999999999,6300.0,51.0,4700.0,3600.0,3200.0,0.25,6499999.999999999,1.3E-5,0.04,0.04,0.0,720.0,9.4,0.0,4.2E-8,3.5E-19,6.4E7,1.0,1.6E9,
6.599999999999999E-41,0.0051,3300.0,550.0,3800.0,6499999.999999999,6300.0,51.0,4700.0,3600.0,3200.0,0.25,6499999.999999999,1.2E-5,0.04,0.04,0.0,710.0,9.4,0.0,4.2E-8,3.3E-19,6.6E7,1.0,1.6E9,
6.3E-40,0.067,980.0,130000.0,13000.0,8800000.0,42000.0,50.0,4700.0,3600.0,3200.0,0.25,9000000.0,2.4E-5,0.089,0.089,0.0,740.0,19.0,74.0,5.0E-8,2.1E-13,6.7E7,1.0,1.6E9,
5.2E-40,0.055,970.0,100000.0,13000.0,8800000.0,42000.0,50.0,4700.0,3600.0,3200.0,0.25,9000000.0,3.0E-5,0.08,0.08,0.0,730.0,19.0,0.55,5.0E-8,6.3E-14,6.1E7,1.0,1.6E9,
3.4E-40,0.036,970.0,74000.0,230.0,8700000.0,15000.0,50.0,4700.0,3600.0,3200.0,0.25,8800000.0,1.5E-5,0.065,0.065,0.0,720.0,7.9,0.029,5.0E-8,2.3E-14,5.8E7,1.0,1.6E9,
1.0E-40,0.011,970.0,16000.0,230.0,8299999.999999999,2000.0,50.0,4700.0,3600.0,3200.0,0.25,8400000.0,1.6E-5,0.044,0.044,0.0,710.0,7.5,0.0039,4.9E-8,4.6E-15,5.6E7,1.0,1.6E9,
3.8E-41,0.0041,970.0,1300.0,230.0,7799999.999999999,2000.0,50.0,4700.0,3600.0,3200.0,0.25,7799999.999999999,1.6E-5,0.037,0.037,0.0,720.0,7.0,5.3E-4,4.9E-8,1.2E-15,5.4E7,1.0,1.6E9,
3.6999999999999997E-41,0.0039,970.0,1300.0,230.0,7499999.999999999,2000.0,50.0,4700.0,3600.0,3200.0,0.25,7499999.999999999,1.8E-5,0.036,0.036,0.0,720.0,6.7,9.7E-6,4.9E-8,5.0E-16,5.1E7,1.0,1.6E9,
3.6E-41,0.0038,970.0,1300.0,230.0,7299999.999999999,2000.0,50.0,4700.0,3600.0,3200.0,0.25,7299999.999999999,1.9E-5,0.035,0.035,0.0,700.0,6.5,4.9E-7,4.9E-8,2.7E-16,4.9E7,1.0,1.6E9,
3.4E-41,0.0036,970.0,1300.0,230.0,6699999.999999999,2000.0,50.0,4700.0,3600.0,3200.0,0.25,6799999.999999999,2.0E-5,0.034,0.034,0.0,700.0,6.1,2.4E-8,4.9E-8,1.4E-16,4.7E7,1.0,1.6E9,
6.9E-40,0.072,26000.0,140000.0,48000.0,8800000.0,2000.0,50.0,4700.0,3600.0,3200.0,0.25,9000000.0,4.8,0.11,0.11,0.0,730.0,17.0,330.0,5.3E-8,6.4E-13,4.5E7,1.0,1.6E9,
3.8E-40,0.039,750.0,90000.0,7400.0,8700000.0,2000.0,50.0,4700.0,3600.0,3200.0,0.25,8800000.0,2.0E-5,0.075,0.075,0.0,730.0,7.0,18.0,5.3E-8,1.9E-13,4.3E7,1.0,1.6E9,
7.399999999999999E-41,0.0078,750.0,5000.0,7400.0,8700000.0,2000.0,50.0,4700.0,3600.0,3200.0,0.25,8700000.0,3.1E-5,0.045,0.045,0.0,730.0,6.9,0.89,5.3E-8,2.1E-14,4.2E7,1.0,1.6E9,
7.299999999999999E-41,0.0076,750.0,5000.0,7400.0,8299999.999999999,2000.0,50.0,4700.0,3600.0,3200.0,0.25,8400000.0,3.4E-5,0.044,0.044,0.0,720.0,6.8,0.0061,5.3E-8,7.6E-15,4.0E7,1.0,1.6E9,
7.2E-41,0.0075,750.0,5000.0,7400.0,7899999.999999999,2000.0,50.0,4700.0,3600.0,3200.0,0.25,7899999.999999999,3.6E-5,0.042,0.042,0.0,720.0,6.6,1.1E-4,5.3E-8,3.4E-15,3.9E7,1.0,1.6E9,
7.1E-41,0.0074,750.0,5000.0,7400.0,7699999.999999999,2000.0,50.0,4700.0,3600.0,3200.0,0.25,7699999.999999999,3.8E-5,0.042,0.042,0.0,720.0,6.5,5.6E-6,5.3E-8,1.8E-15,3.8E7,1.0,1.6E9,
7.0E-41,0.0073,750.0,5000.0,7400.0,7399999.999999999,2000.0,50.0,4700.0,3600.0,3200.0,0.25,7399999.999999999,3.9E-5,0.041,0.041,0.0,710.0,6.4,1.0E-7,5.2E-8,8.0E-16,3.8E7,1.0,1.6E9,
6.9E-41,0.0072,750.0,5000.0,7400.0,7099999.999999999,2000.0,50.0,4700.0,3600.0,3200.0,0.24,7099999.999999999,4.1E-5,0.04,0.04,0.0,710.0,6.2,1.9E-9,5.2E-8,3.6E-16,3.7E7,1.0,1.6E9,
6.8E-41,0.0071,750.0,5000.0,7400.0,6899999.999999999,2000.0,50.0,4700.0,3600.0,3200.0,0.24,6899999.999999999,4.1E-5,0.039,0.039,0.0,710.0,6.2,3.6E-11,5.2E-8,1.6E-16,3.6E7,1.0,1.6E9,
6.7E-41,0.007,750.0,5000.0,7400.0,6699999.999999999,2000.0,50.0,4700.0,3600.0,3200.0,0.24,6699999.999999999,4.2E-5,0.038,0.038,0.0,710.0,6.1,6.7E-13,5.2E-8,7.2E-17,3.6E7,1.0,1.6E9,
6.599999999999999E-41,0.007,750.0,5000.0,7300.0,6499999.999999999,2000.0,50.0,4700.0,3600.0,3200.0,0.24,6499999.999999999,4.3E-5,0.038,0.038,0.0,710.0,6.0,1.2E-14,5.2E-8,3.3E-17,3.5E7,1.0,1.6E9,
6.599999999999999E-41,0.007,750.0,5000.0,7300.0,6499999.999999999,2000.0,50.0,4700.0,3600.0,3200.0,0.24,6499999.999999999,4.1E-5,0.038,0.038,0.0,700.0,6.0,3.1E-17,5.2E-8,1.1E-17,3.6E7,1.0,1.6E9,
6.599999999999999E-41,0.007,750.0,5000.0,7300.0,6499999.999999999,2000.0,50.0,4700.0,3600.0,3200.0,0.24,6499999.999999999,3.6E-5,0.038,0.038,0.0,700.0,6.0,8.0E-20,5.2E-8,4.2E-18,3.8E7,1.0,1.6E9,
6.599999999999999E-41,0.007,750.0,5000.0,7300.0,6499999.999999999,2000.0,50.0,4700.0,3600.0,3200.0,0.24,6499999.999999999,3.0E-5,0.038,0.038,0.0,690.0,6.0,1.9999999999999999E-22,5.2E-8,2.0E-18,4.0E7,1.0,1.6E9,
6.599999999999999E-41,0.007,750.0,5000.0,7300.0,6499999.999999999,2000.0,50.0,4700.0,3600.0,3200.0,0.24,6499999.999999999,2.5E-5,0.038,0.038,0.0,690.0,6.0,5.399999999999999E-25,5.2E-8,1.2E-18,4.3E7,1.0,1.6E9,
6.599999999999999E-41,0.007,750.0,5000.0,7300.0,6499999.999999999,2000.0,50.0,4700.0,3600.0,3200.0,0.24,6499999.999999999,2.0E-5,0.038,0.038,0.0,690.0,6.0,2.8E-27,5.2E-8,8.7E-19,4.6E7,1.0,1.6E9,
9.7E-40,0.16,29000.0,240000.0,2200.0,8900000.0,2000.0,50.0,4700.0,3600.0,3200.0,0.25,9200000.0,7.3E-5,0.12,0.12,0.0,800.0,23.0,210.0,6.2E-8,5.7E-13,4.8E7,1.0,1.6E9,
4.1E-40,0.068,1600.0,95000.0,2200.0,8700000.0,2000.0,50.0,4700.0,3600.0,3200.0,0.25,8800000.0,7.6E-5,0.072,0.072,0.0,800.0,22.0,30.0,6.2E-8,1.6E-13,4.7E7,1.0,1.6E9,
6.0E-41,0.0099,1600.0,4900.0,2200.0,8500000.0,2000.0,50.0,4700.0,3600.0,3200.0,0.25,8500000.0,7.9E-5,0.041,0.041,0.0,800.0,21.0,4.0,6.1E-8,1.6E-14,4.6E7,1.0,1.6E9,
5.8E-41,0.0097,1600.0,4900.0,2200.0,8099999.999999999,2000.0,50.0,4700.0,3600.0,3200.0,0.24,8099999.999999999,8.0E-5,0.04,0.04,0.0,790.0,21.0,0.55,6.1E-8,1.0E-14,4.5E7,1.0,1.6E9,
5.8E-41,0.0096,1500.0,4900.0,2200.0,7999999.999999999,2000.0,50.0,4700.0,3600.0,3200.0,0.24,7999999.999999999,9.1E-5,0.039,0.039,0.0,790.0,20.0,0.0014,6.1E-8,3.1E-15,4.3E7,1.0,1.6E9,
5.8E-41,0.0095,1500.0,4900.0,2200.0,7899999.999999999,2000.0,50.0,4700.0,3600.0,3200.0,0.24,7899999.999999999,9.8E-5,0.039,0.039,0.0,780.0,20.0,2.5E-5,6.1E-8,1.4E-15,4.1E7,1.0,1.6E9,
5.699999999999999E-41,0.0094,1500.0,4900.0,2200.0,7699999.999999999,2000.0,50.0,4700.0,3600.0,3200.0,0.24,7699999.999999999,1.0E-4,0.038,0.038,0.0,770.0,20.0,4.7E-7,6.1E-8,6.1E-16,4.0E7,1.0,1.6E9,
5.599999999999999E-41,0.0093,1500.0,4900.0,2200.0,7499999.999999999,2000.0,50.0,4700.0,3600.0,3200.0,0.24,7499999.999999999,1.1E-4,0.038,0.038,0.0,750.0,19.0,2.4E-8,6.1E-8,3.3E-16,3.9E7,1.0,1.6E9,
5.4E-41,0.0089,1500.0,4900.0,2200.0,6899999.999999999,2000.0,50.0,4700.0,3600.0,3200.0,0.24,6899999.999999999,1.1E-4,0.036,0.036,0.0,750.0,18.0,4.3E-10,6.0E-8,1.5E-16,3.8E7,1.0,1.6E9,
5.3E-41,0.0087,1500.0,4900.0,2200.0,6599999.999999999,2000.0,50.0,4700.0,3600.0,3100.0,0.24,6599999.999999999,1.1E-4,0.035,0.035,0.0,750.0,18.0,5.9E-11,6.0E-8,9.7E-17,3.8E7,1.0,1.6E9,
5.3E-41,0.0087,1500.0,4900.0,2200.0,6599999.999999999,2000.0,50.0,4700.0,3600.0,3100.0,0.24,6599999.999999999,1.1E-4,0.035,0.035,0.0,750.0,18.0,4.0E-13,6.0E-8,3.8E-17,3.7E7,1.0,1.6E9,
5.3E-41,0.0087,1500.0,4900.0,2200.0,6599999.999999999,2000.0,50.0,4700.0,3600.0,3100.0,0.24,6599999.999999999,1.1E-4,0.035,0.035,0.0,740.0,18.0,1.0E-15,6.0E-8,1.5E-17,3.7E7,1.0,1.6E9,
5.3E-41,0.0087,1500.0,4900.0,2200.0,6599999.999999999,2000.0,50.0,4700.0,3600.0,3100.0,0.24,6599999.999999999,9.5E-5,0.035,0.035,0.0,730.0,18.0,2.6E-18,6.0E-8,7.1E-18,3.9E7,1.0,1.6E9,
5.3E-41,0.0087,1500.0,4900.0,2200.0,6599999.999999999,2000.0,50.0,4700.0,3600.0,3100.0,0.24,6599999.999999999,8.0E-5,0.035,0.035,0.0,730.0,18.0,6.5E-21,6.0E-8,4.4E-18,4.2E7,1.0,1.6E9,
5.3E-41,0.0087,1500.0,4900.0,2200.0,6599999.999999999,2000.0,50.0,4700.0,3600.0,3100.0,0.24,6599999.999999999,6.6E-5,0.035,0.035,0.0,730.0,18.0,1.6000000000000002E-23,6.0E-8,3.2E-18,4.5E7,1.0,1.6E9,
5.3E-41,0.0087,1500.0,4900.0,2200.0,6599999.999999999,2000.0,50.0,4700.0,3600.0,3100.0,0.24,6599999.999999999,5.4E-5,0.035,0.035,0.0,720.0,18.0,1.5E-26,6.0E-8,2.5E-18,4.8E7,1.0,1.6E9,
5.3E-41,0.0087,1500.0,4900.0,2200.0,6599999.999999999,2000.0,50.0,4700.0,3600.0,3100.0,0.24,6599999.999999999,4.4E-5,0.035,0.035,0.0,720.0,18.0,3.4E-29,6.0E-8,2.0E-18,5.2E7,1.0,1.6E9,
5.3E-41,0.0087,1500.0,4900.0,2200.0,6599999.999999999,2000.0,50.0,4700.0,3600.0,3100.0,0.24,6599999.999999999,3.7E-5,0.035,0.035,0.0,720.0,18.0,1.2E-31,6.0E-8,1.7E-18,5.5E7,1.0,1.6E9,
5.3E-41,0.0087,1500.0,4900.0,2200.0,6599999.999999999,2000.0,50.0,4700.0,3600.0,3100.0,0.24,6599999.999999999,3.3E-5,0.035,0.035,0.0,720.0,18.0,0.0,6.0E-8,1.4E-18,5.7E7,1.0,1.6E9,
5.3E-41,0.0087,1500.0,4900.0,2200.0,6599999.999999999,2000.0,50.0,4700.0,3600.0,3100.0,0.24,6599999.999999999,4.0E-5,0.035,0.035,0.0,720.0,18.0,0.0,6.0E-8,1.4E-18,5.4E7,1.0,1.6E9,
5.3E-41,0.0087,1500.0,4900.0,2200.0,6599999.999999999,2000.0,50.0,4700.0,3600.0,3100.0,0.24,6599999.999999999,4.2E-5,0.035,0.035,0.0,720.0,18.0,0.0,6.0E-8,1.5E-18,5.3E7,1.0,1.6E9,
5.3E-41,0.0087,1500.0,4900.0,2200.0,6599999.999999999,2000.0,50.0,4700.0,3600.0,3100.0,0.24,6599999.999999999,4.0E-5,0.035,0.035,0.0,710.0,18.0,0.0,6.0E-8,1.5E-18,5.4E7,1.0,1.6E9,
5.3E-41,0.0087,1500.0,4900.0,2200.0,6599999.999999999,2000.0,50.0,4700.0,3600.0,3100.0,0.24,6599999.999999999,3.6E-5,0.035,0.035,0.0,700.0,18.0,0.0,6.0E-8,1.5E-18,5.6E7,1.0,1.6E9,
5.3E-41,0.0087,1500.0,4900.0,2200.0,6599999.999999999,2000.0,50.0,4700.0,3600.0,3100.0,0.24,6599999.999999999,3.2E-5,0.035,0.035,0.0,700.0,18.0,0.0,6.0E-8,1.3E-18,5.8E7,1.0,1.6E9,
5.3E-41,0.0087,1500.0,4900.0,2200.0,6599999.999999999,2000.0,50.0,4700.0,3600.0,3100.0,0.24,6599999.999999999,2.7E-5,0.035,0.035,0.0,700.0,18.0,0.0,6.0E-8,1.2E-18,6.2E7,1.0,1.6E9,
5.3E-41,0.0087,1500.0,4900.0,2200.0,6599999.999999999,2000.0,50.0,4700.0,3600.0,3100.0,0.24,6599999.999999999,2.4E-5,0.035,0.035,0.0,700.0,18.0,0.0,6.0E-8,1.0E-18,6.5E7,1.0,1.6E9,
2.6E-40,0.051,1200.0,53000.0,34000.0,8700000.0,2000.0,2300.0,4700.0,3600.0,3800.0,0.24,8800000.0,3.0E-5,0.067,0.067,0.0,1000.0,29.0,9.5,7.9E-8,7.0E-14,6.2E7,1.0,1.6E9,
4.6E-41,0.0093,1200.0,7500.0,1300.0,8600000.0,2000.0,2300.0,4700.0,3600.0,3800.0,0.24,8600000.0,1.3E-5,0.042,0.042,0.0,1000.0,6.8,0.48,7.9E-8,6.9E-15,5.8E7,1.0,1.6E9,
4.4999999999999996E-41,0.009,1200.0,7500.0,1300.0,7899999.999999999,2000.0,2300.0,4700.0,3600.0,3800.0,0.24,7899999.999999999,1.4E-5,0.039,0.039,0.0,990.0,6.3,0.024,7.8E-8,3.7E-15,5.5E7,1.0,1.6E9,
1.7E-40,0.029,430.0,51000.0,3900.0,8700000.0,2000.0,2300.0,4700.0,3600.0,3800.0,0.24,8700000.0,0.85,0.063,0.063,0.0,1000.0,8.7,440.0,8.1E-8,4.8E-14,5.4E7,1.0,1.6E9,
3.6E-41,0.0061,430.0,680.0,3900.0,8600000.0,2000.0,2300.0,4600.0,3600.0,3800.0,0.24,8600000.0,2.7E-5,0.045,0.045,0.0,1000.0,9.5,8.2,8.1E-8,4.5E-15,5.1E7,1.0,1.6E9,
3.5E-41,0.0058,430.0,680.0,3900.0,8099999.999999999,2000.0,2300.0,4600.0,3600.0,3800.0,0.24,8099999.999999999,2.8E-5,0.043,0.043,0.0,980.0,9.1,1.1,8.0E-8,2.9E-15,4.9E7,1.0,1.6E9,
2.1E-40,0.031,14000.0,37000.0,41000.0,8800000.0,2000.0,2300.0,4600.0,11000.0,11000.0,0.24,8900000.0,5.1E-5,0.21,0.21,0.0,980.0,14.0,80.0,9.1E-8,1.5E-13,4.7E7,1.0,1.6E9,
3.5E-41,0.0051,1300.0,2300.0,3200.0,8800000.0,2000.0,2300.0,4600.0,11000.0,3600.0,0.24,8800000.0,3.9E-6,0.097,0.097,0.0,980.0,3.5,4.1,9.1E-8,1.3E-14,4.6E7,1.0,1.6E9,
3.4E-41,0.0049,1300.0,2300.0,3200.0,8400000.0,2000.0,2200.0,4600.0,3500.0,3600.0,0.24,8500000.0,1.4E-5,0.094,0.094,0.0,990.0,3.4,0.21,9.1E-8,7.1E-15,4.4E7,1.0,1.6E9,
3.4E-41,0.0049,1300.0,2300.0,3200.0,8299999.999999999,2000.0,2200.0,4600.0,3500.0,3600.0,0.24,8400000.0,1.6E-5,0.093,0.093,0.0,990.0,3.3,0.0014,9.1E-8,2.6E-15,4.2E7,1.0,1.6E9,
3.2999999999999997E-41,0.0048,1300.0,2300.0,3200.0,8099999.999999999,2000.0,2200.0,4600.0,3500.0,3600.0,0.24,8199999.999999999,1.7E-5,0.092,0.092,0.0,990.0,3.3,7.1E-5,9.1E-8,1.4E-15,4.1E7,1.0,1.6E9,
3.2999999999999997E-41,0.0047,1300.0,2300.0,3200.0,7999999.999999999,2000.0,2200.0,4600.0,3500.0,3600.0,0.24,7999999.999999999,1.8E-5,0.091,0.091,0.0,970.0,3.2,4.8E-7,9.1E-8,5.1E-16,4.0E7,1.0,1.6E9,
3.1999999999999996E-41,0.0047,1300.0,2300.0,3200.0,7699999.999999999,2000.0,2200.0,4600.0,3500.0,3600.0,0.24,7699999.999999999,1.8E-5,0.089,0.089,0.0,970.0,3.2,2.4E-8,9.1E-8,2.7E-16,3.9E7,1.0,1.6E9,
3.1E-41,0.0045,1300.0,2300.0,3200.0,7299999.999999999,2000.0,2200.0,4600.0,3500.0,3600.0,0.24,7299999.999999999,1.8E-5,0.085,0.085,0.0,970.0,3.0,1.2E-9,9.0E-8,1.5E-16,3.8E7,1.0,1.6E9,
3.1E-41,0.0044,1300.0,2300.0,3200.0,7099999.999999999,2000.0,2200.0,4600.0,3500.0,3600.0,0.24,7099999.999999999,1.9E-5,0.084,0.084,0.0,970.0,3.0,2.2E-11,9.0E-8,6.5E-17,3.7E7,1.0,1.6E9,
3.0E-41,0.0043,1300.0,2300.0,3200.0,6699999.999999999,2000.0,2200.0,4600.0,3500.0,3600.0,0.24,6699999.999999999,1.9E-5,0.081,0.081,0.0,960.0,2.9,4.1E-13,9.0E-8,2.9E-17,3.7E7,1.0,1.6E9,
2.9E-41,0.0043,1300.0,2300.0,3200.0,6599999.999999999,2000.0,2200.0,4600.0,3500.0,3600.0,0.24,6599999.999999999,2.0E-5,0.08,0.08,0.0,950.0,2.8,2.8E-15,9.0E-8,1.1E-17,3.6E7,1.0,1.6E9,
2.9E-41,0.0043,1300.0,2300.0,3200.0,6599999.999999999,2000.0,2200.0,4600.0,3500.0,3600.0,0.24,6599999.999999999,1.9E-5,0.08,0.08,0.0,950.0,2.8,7.2E-18,9.0E-8,4.2E-18,3.7E7,1.0,1.6E9,
2.9E-41,0.0043,1300.0,2300.0,3200.0,6599999.999999999,2000.0,2200.0,4600.0,3500.0,3600.0,0.24,6599999.999999999,1.7E-5,0.08,0.08,0.0,950.0,2.8,1.8E-20,9.0E-8,2.0E-18,3.8E7,1.0,1.6E9,
2.9E-41,0.0043,1300.0,2300.0,3200.0,6599999.999999999,2000.0,2200.0,4600.0,3500.0,3600.0,0.24,6599999.999999999,1.4E-5,0.08,0.08,0.0,950.0,2.8,4.6E-23,9.0E-8,1.2E-18,4.1E7,1.0,1.6E9,
2.9E-41,0.0043,1300.0,2300.0,3200.0,6599999.999999999,2000.0,2200.0,4600.0,3500.0,3600.0,0.24,6599999.999999999,1.2E-5,0.08,0.08,0.0,940.0,2.8,1.0999999999999999E-25,9.0E-8,8.5E-19,4.4E7,1.0,1.6E9,
2.9E-41,0.0043,1300.0,2300.0,3200.0,6599999.999999999,2000.0,2200.0,4600.0,3500.0,3600.0,0.24,6599999.999999999,9.4E-6,0.08,0.08,0.0,940.0,2.8,1.4000000000000001E-28,9.0E-8,6.6E-19,4.7E7,1.0,1.6E9,
2.9E-41,0.0043,1300.0,2300.0,3200.0,6599999.999999999,2000.0,2200.0,4600.0,3500.0,3600.0,0.24,6599999.999999999,7.7E-6,0.08,0.08,0.0,930.0,2.8,3.3999999999999997E-31,9.0E-8,5.3E-19,5.1E7,1.0,1.6E9,
2.9E-41,0.0043,1300.0,2300.0,3200.0,6599999.999999999,2000.0,2200.0,4600.0,3500.0,3600.0,0.24,6599999.999999999,6.3E-6,0.08,0.08,0.0,930.0,2.8,0.0,9.0E-8,4.3E-19,5.5E7,1.0,1.6E9,
2.9E-41,0.0043,1300.0,2300.0,3200.0,6599999.999999999,2000.0,2200.0,4600.0,3500.0,3600.0,0.24,6599999.999999999,5.3E-6,0.08,0.08,0.0,930.0,2.8,5.5E-35,9.0E-8,3.5E-19,5.8E7,1.0,1.6E9,
2.9E-41,0.0043,1300.0,2300.0,3200.0,6599999.999999999,2000.0,2200.0,4600.0,3500.0,3600.0,0.24,6599999.999999999,6.5E-6,0.08,0.08,0.0,930.0,2.8,1.4E-37,9.0E-8,3.5E-19,5.4E7,1.0,1.6E9,
2.9E-41,0.0043,1300.0,2300.0,3200.0,6599999.999999999,2000.0,2200.0,4600.0,3500.0,3600.0,0.24,6599999.999999999,6.9E-6,0.08,0.08,0.0,910.0,2.8,3.5E-40,9.0E-8,3.7E-19,5.3E7,1.0,1.6E9,
2.9E-41,0.0043,1300.0,2300.0,3200.0,6599999.999999999,2000.0,2200.0,4600.0,3500.0,3600.0,0.24,6599999.999999999,6.6E-6,0.08,0.08,0.0,910.0,2.8,8.8E-43,9.0E-8,3.8E-19,5.4E7,1.0,1.6E9,
2.9E-41,0.0043,1300.0,2300.0,3200.0,6599999.999999999,2000.0,2200.0,4600.0,3500.0,3600.0,0.24,6599999.999999999,6.0E-6,0.08,0.08,0.0,910.0,2.8,2.3E-45,9.0E-8,3.6E-19,5.6E7,1.0,1.6E9,
2.9E-41,0.0043,1300.0,2300.0,3200.0,6599999.999999999,2000.0,2200.0,4600.0,3500.0,3600.0,0.24,6599999.999999999,5.3E-6,0.08,0.08,0.0,910.0,2.8,2.4E-47,9.0E-8,3.3E-19,5.8E7,1.0,1.6E9,
2.9E-41,0.0043,1300.0,2300.0,3200.0,6599999.999999999,2000.0,2200.0,4600.0,3500.0,3600.0,0.24,6599999.999999999,4.6E-6,0.08,0.08,0.0,910.0,2.8,6.700000000000001E-48,9.0E-8,2.9E-19,6.1E7,1.0,1.6E9,
2.9E-41,0.0043,1300.0,2300.0,3200.0,6599999.999999999,2000.0,2200.0,4600.0,3500.0,3600.0,0.24,6599999.999999999,4.0E-6,0.08,0.08,0.0,910.0,2.8,1.9E-48,9.0E-8,2.5E-19,6.5E7,1.0,1.6E9,
2.9E-41,0.0043,1300.0,2300.0,3200.0,6599999.999999999,2000.0,2200.0,4600.0,3500.0,3600.0,0.24,6599999.999999999,3.4E-6,0.08,0.08,0.0,900.0,2.8,0.0,9.0E-8,2.2E-19,6.8E7,1.0,1.6E9,
2.9E-41,0.0043,1300.0,2300.0,3200.0,6599999.999999999,2000.0,2200.0,4600.0,3500.0,3600.0,0.24,6599999.999999999,4.0E-6,0.08,0.08,0.0,900.0,2.8,3.2E-50,9.0E-8,2.1E-19,6.5E7,1.0,1.6E9,
2.9E-41,0.0043,1300.0,2300.0,3200.0,6599999.999999999,2000.0,2200.0,4600.0,3500.0,3600.0,0.24,6599999.999999999,4.6E-6,0.08,0.08,0.0,900.0,2.8,8.199999999999999E-53,9.0E-8,2.4E-19,6.1E7,1.0,1.6E9,
2.9E-41,0.0043,1300.0,2300.0,3200.0,6599999.999999999,2000.0,2200.0,4600.0,3500.0,3600.0,0.24,6599999.999999999,4.8E-6,0.08,0.08,0.0,900.0,2.8,2.0999999999999998E-55,9.0E-8,2.6E-19,6.0E7,1.0,1.6E9,
2.9E-41,0.0043,1300.0,2300.0,3200.0,6599999.999999999,2000.0,2200.0,4600.0,3500.0,3600.0,0.24,6599999.999999999,4.6E-6,0.08,0.08,0.0,900.0,2.8,5.3E-58,9.1E-8,2.6E-19,6.1E7,1.0,1.6E9,
2.9E-41,0.0043,1300.0,2300.0,3200.0,6599999.999999999,2000.0,2200.0,4600.0,3500.0,3600.0,0.24,6599999.999999999,4.2E-6,0.08,0.08,0.0,900.0,2.8,1.8E-60,9.1E-8,2.5E-19,6.3E7,1.0,1.6E9,
2.9E-41,0.0043,1300.0,2300.0,3200.0,6599999.999999999,2000.0,2200.0,4600.0,3500.0,3600.0,0.24,6599999.999999999,3.7E-6,0.08,0.08,0.0,890.0,2.8,4.1E-61,9.1E-8,2.3E-19,6.6E7,1.0,1.6E9,
2.9E-41,0.0043,1300.0,2300.0,3200.0,6599999.999999999,2000.0,2200.0,4600.0,3500.0,3600.0,0.24,6599999.999999999,3.3E-6,0.08,0.08,0.0,890.0,2.8,2.6999999999999998E-62,9.1E-8,2.1E-19,6.9E7,1.0,1.6E9,
2.9E-41,0.0043,1300.0,2300.0,3200.0,6599999.999999999,2000.0,2200.0,4600.0,3500.0,3600.0,0.24,6599999.999999999,2.8E-6,0.08,0.08,0.0,890.0,2.8,0.0,9.1E-8,1.8E-19,7.3E7,1.0,1.6E9,
2.9E-41,0.0043,1300.0,2300.0,3200.0,6599999.999999999,2000.0,2200.0,4600.0,3500.0,3600.0,0.24,6599999.999999999,2.9E-6,0.08,0.08,0.0,890.0,2.8,0.0,9.1E-8,1.6E-19,7.2E7,1.0,1.6E9,
2.9E-41,0.0043,1300.0,2300.0,3200.0,6599999.999999999,2000.0,2200.0,4600.0,3500.0,3600.0,0.24,6599999.999999999,3.7E-6,0.08,0.08,0.0,880.0,2.8,0.0,9.1E-8,1.8E-19,6.6E7,1.0,1.6E9,
2.9E-41,0.0043,1300.0,2300.0,3200.0,6599999.999999999,2000.0,2200.0,4600.0,3500.0,3600.0,0.24,6599999.999999999,4.0E-6,0.08,0.08,0.0,880.0,2.8,0.0,9.1E-8,2.1E-19,6.4E7,1.0,1.6E9,
2.9E-41,0.0043,1300.0,2300.0,3200.0,6599999.999999999,2000.0,2200.0,4600.0,3500.0,3600.0,0.24,6599999.999999999,4.0E-6,0.08,0.08,0.0,860.0,2.8,0.0,9.1E-8,2.2E-19,6.4E7,1.0,1.6E9,
2.9E-41,0.0043,1300.0,2300.0,3200.0,6599999.999999999,2000.0,2200.0,4600.0,3500.0,3600.0,0.24,6599999.999999999,3.8E-6,0.08,0.08,0.0,860.0,2.8,0.0,9.1E-8,2.2E-19,6.6E7,1.0,1.6E9,
2.9E-41,0.0043,1300.0,2300.0,3200.0,6599999.999999999,2000.0,2200.0,4600.0,3500.0,3600.0,0.24,6599999.999999999,3.4E-6,0.08,0.08,0.0,860.0,2.8,0.0,9.1E-8,2.1E-19,6.8E7,1.0,1.6E9,
2.9E-41,0.0043,1300.0,2300.0,3200.0,6599999.999999999,2000.0,2200.0,4600.0,3500.0,3600.0,0.24,6599999.999999999,3.0E-6,0.08,0.08,0.0,860.0,2.8,0.0,9.1E-8,1.9E-19,7.1E7,1.0,1.6E9,
2.9E-41,0.0043,1300.0,2300.0,3200.0,6599999.999999999,2000.0,2200.0,4600.0,3500.0,3600.0,0.24,6599999.999999999,2.7E-6,0.08,0.08,0.0,860.0,2.8,0.0,9.1E-8,1.7E-19,7.4E7,1.0,1.6E9,
2.9E-41,0.0043,1300.0,2300.0,3200.0,6599999.999999999,2000.0,2200.0,4600.0,3500.0,3600.0,0.24,6599999.999999999,2.3E-6,0.08,0.08,0.0,850.0,2.8,0.0,9.1E-8,1.5E-19,7.8E7,1.0,1.6E9,
2.9E-41,0.0043,1300.0,2300.0,3200.0,6599999.999999999,2000.0,2200.0,4600.0,3500.0,3600.0,0.24,6599999.999999999,3.2E-6,0.08,0.08,0.0,840.0,2.8,0.0,9.1E-8,1.6E-19,7.0E7,1.0,1.6E9,
2.9E-41,0.0043,1300.0,2300.0,3200.0,6599999.999999999,2000.0,2200.0,4600.0,3500.0,3600.0,0.24,6599999.999999999,3.6E-6,0.08,0.08,0.0,830.0,2.8,0.0,9.1E-8,1.9E-19,6.7E7,1.0,1.6E9,
2.9E-41,0.0043,1300.0,2300.0,3200.0,6599999.999999999,2000.0,2200.0,4600.0,3500.0,3600.0,0.24,6599999.999999999,3.8E-6,0.08,0.08,0.0,830.0,2.8,0.0,9.1E-8,2.1E-19,6.6E7,1.0,1.6E9,
2.9E-41,0.0043,1300.0,2300.0,3200.0,6599999.999999999,2000.0,2200.0,4600.0,3500.0,3600.0,0.24,6599999.999999999,3.6E-6,0.08,0.08,0.0,830.0,2.8,0.0,9.1E-8,2.1E-19,6.7E7,1.0,1.6E9,
2.9E-41,0.0043,1300.0,2300.0,3200.0,6599999.999999999,2000.0,2200.0,4600.0,3500.0,3600.0,0.24,6599999.999999999,3.3E-6,0.08,0.08,0.0,820.0,2.8,0.0,9.1E-8,2.0E-19,6.9E7,1.0,1.6E9,
2.9E-41,0.0043,1300.0,2300.0,3200.0,6599999.999999999,2000.0,2200.0,4600.0,3500.0,3600.0,0.24,6599999.999999999,3.0E-6,0.08,0.08,0.0,810.0,2.8,0.0,9.1E-8,1.8E-19,7.2E7,1.0,1.6E9,
2.9E-41,0.0043,1300.0,2300.0,3200.0,6599999.999999999,2000.0,2200.0,4600.0,3500.0,3600.0,0.24,6599999.999999999,2.6E-6,0.08,0.08,0.0,810.0,2.8,0.0,9.1E-8,1.7E-19,7.5E7,1.0,1.6E9,
2.9E-41,0.0043,1300.0,2300.0,3200.0,6599999.999999999,2000.0,2200.0,4600.0,3500.0,3600.0,0.24,6599999.999999999,2.3E-6,0.08,0.08,0.0,810.0,2.8,0.0,9.2E-8,1.5E-19,7.8E7,1.0,1.6E9,
2.9E-41,0.0043,1300.0,2300.0,3200.0,6599999.999999999,2000.0,2200.0,4600.0,3500.0,3600.0,0.24,6599999.999999999,2.8E-6,0.08,0.08,0.0,810.0,2.8,0.0,9.2E-8,1.4E-19,7.3E7,1.0,1.6E9,
2.9E-41,0.0043,1300.0,2300.0,3200.0,6599999.999999999,2000.0,2200.0,4600.0,3500.0,3600.0,0.24,6599999.999999999,3.4E-6,0.08,0.08,0.0,810.0,2.8,0.0,9.2E-8,1.7E-19,6.8E7,1.0,1.6E9,
2.9E-41,0.0043,1300.0,2300.0,3200.0,6599999.999999999,2000.0,2200.0,4600.0,3500.0,3600.0,0.24,6599999.999999999,3.6E-6,0.08,0.08,0.0,800.0,2.8,0.0,9.2E-8,1.9E-19,6.7E7,1.0,1.6E9,
2.9E-41,0.0043,1300.0,2300.0,3200.0,6599999.999999999,2000.0,2200.0,4600.0,3500.0,3600.0,0.24,6599999.999999999,3.5E-6,0.08,0.08,0.0,800.0,2.8,0.0,9.2E-8,2.0E-19,6.7E7,1.0,1.6E9,
2.9E-41,0.0043,1300.0,2300.0,3200.0,6599999.999999999,2000.0,2200.0,4600.0,3500.0,3600.0,0.24,6599999.999999999,3.3E-6,0.08,0.08,0.0,790.0,2.8,0.0,9.2E-8,2.0E-19,6.9E7,1.0,1.6E9,
2.9E-41,0.0043,1300.0,2300.0,3200.0,6599999.999999999,2000.0,2200.0,4600.0,3500.0,3600.0,0.24,6599999.999999999,3.0E-6,0.08,0.08,0.0,790.0,2.8,0.0,9.2E-8,1.8E-19,7.2E7,1.0,1.6E9,
2.9E-41,0.0043,1300.0,2300.0,3200.0,6599999.999999999,2000.0,2200.0,4600.0,3500.0,3600.0,0.24,6599999.999999999,2.7E-6,0.08,0.08,0.0,790.0,2.8,0.0,9.2E-8,1.7E-19,7.5E7,1.0,1.6E9,
1.8E-40,0.038,58000.0,79000.0,25000.0,8900000.0,2000.0,2200.0,4600.0,3500.0,3600.0,0.24,9000000.0,2.7,0.11,0.11,0.0,1000.0,9.7,180.0,1.2E-7,1.9E-13,7.9E7,1.0,1.6E9,
3.9E-41,0.0082,38000.0,14000.0,2300.0,8800000.0,2000.0,2200.0,4600.0,3500.0,3600.0,0.24,8900000.0,4.4E-6,0.07,0.07,0.0,1000.0,4.1,3.5,1.2E-7,1.9E-14,7.2E7,1.0,1.6E9,
2.7E-41,0.0057,2900.0,6100.0,2300.0,8600000.0,2000.0,2200.0,4600.0,3500.0,3600.0,0.24,8700000.0,3.2E-6,0.065,0.065,0.0,1000.0,4.0,1.3,1.2E-7,1.1E-14,7.1E7,1.0,1.6E9,
2.6E-41,0.0056,2900.0,6100.0,2300.0,8500000.0,2000.0,2200.0,4600.0,3500.0,3600.0,0.24,8500000.0,5.6E-6,0.064,0.064,0.0,980.0,3.9,0.024,1.2E-7,4.7E-15,6.5E7,1.0,1.6E9,
2.6E-41,0.0055,2900.0,6100.0,2300.0,8299999.999999999,2000.0,2200.0,4600.0,3500.0,3600.0,0.24,8299999.999999999,6.4E-6,0.063,0.063,0.0,970.0,3.9,0.0012,1.2E-7,2.6E-15,6.2E7,1.0,1.6E9,
2.6E-41,0.0055,2900.0,6000.0,2300.0,8199999.999999999,2000.0,2200.0,4600.0,3500.0,3500.0,0.24,8199999.999999999,7.7E-6,0.063,0.063,0.0,970.0,3.8,2.2E-5,1.2E-7,1.1E-15,5.8E7,1.0,1.6E9,
2.5E-41,0.0054,2900.0,6000.0,2300.0,7899999.999999999,2000.0,2200.0,4600.0,3500.0,3500.0,0.24,7899999.999999999,8.9E-6,0.061,0.061,0.0,950.0,3.7,4.1E-7,1.2E-7,5.0E-16,5.4E7,1.0,1.6E9,
2.5E-41,0.0053,2900.0,6000.0,2300.0,7599999.999999999,2000.0,2200.0,4600.0,3500.0,3500.0,0.24,7699999.999999999,1.1E-5,0.06,0.06,0.0,950.0,3.6,2.8E-9,1.2E-7,1.8E-16,5.0E7,1.0,1.6E9,
2.5E-41,0.0052,2900.0,6000.0,2300.0,7299999.999999999,2000.0,2200.0,4600.0,3500.0,3500.0,0.23,7399999.999999999,1.1E-5,0.059,0.059,0.0,950.0,3.5,1.4E-10,1.2E-7,9.9E-17,4.8E7,1.0,1.6E9,
2.3999999999999997E-41,0.005,2900.0,6000.0,2300.0,6699999.999999999,2000.0,2200.0,4600.0,3500.0,3500.0,0.23,6799999.999999999,1.2E-5,0.056,0.056,0.0,950.0,3.3,2.6E-12,1.2E-7,4.3E-17,4.6E7,1.0,1.6E9,
2.3E-41,0.005,2900.0,6000.0,2300.0,6599999.999999999,2000.0,2200.0,4600.0,3500.0,3500.0,0.23,6699999.999999999,1.3E-5,0.055,0.055,0.0,930.0,3.3,4.8E-14,1.2E-7,2.0E-17,4.4E7,1.0,1.6E9,
2.3E-41,0.005,2900.0,6000.0,2300.0,6599999.999999999,2000.0,2200.0,4600.0,3500.0,3500.0,0.23,6699999.999999999,1.4E-5,0.055,0.055,0.0,920.0,3.3,1.2E-16,1.2E-7,6.7E-18,4.3E7,1.0,1.6E9,
2.3E-41,0.005,2900.0,6000.0,2300.0,6599999.999999999,2000.0,2200.0,4600.0,3500.0,3500.0,0.23,6699999.999999999,1.4E-5,0.055,0.055,0.0,910.0,3.3,3.1E-19,1.2E-7,2.7E-18,4.4E7,1.0,1.6E9,
2.3E-41,0.005,2900.0,6000.0,2300.0,6599999.999999999,2000.0,2200.0,4600.0,3500.0,3500.0,0.23,6699999.999999999,1.2E-5,0.055,0.055,0.0,910.0,3.3,7.9E-22,1.2E-7,1.5E-18,4.6E7,1.0,1.6E9,
2.3E-41,0.005,2900.0,6000.0,2300.0,6599999.999999999,2000.0,2200.0,4600.0,3500.0,3500.0,0.23,6699999.999999999,1.0E-5,0.055,0.055,0.0,910.0,3.3,2.0E-24,1.2E-7,1.0E-18,4.8E7,1.0,1.6E9,
2.3E-41,0.005,2900.0,6000.0,2300.0,6599999.999999999,2000.0,2200.0,4600.0,3500.0,3500.0,0.23,6699999.999999999,8.7E-6,0.055,0.055,0.0,910.0,3.3,5.6E-27,1.2E-7,7.8E-19,5.2E7,1.0,1.6E9,
2.3E-41,0.005,2900.0,6000.0,2300.0,6599999.999999999,2000.0,2200.0,4600.0,3500.0,3500.0,0.23,6699999.999999999,7.3E-6,0.055,0.055,0.0,910.0,3.3,2.1E-28,1.2E-7,6.3E-19,5.5E7,1.0,1.6E9,
2.3E-41,0.005,2900.0,6000.0,2300.0,6599999.999999999,2000.0,2200.0,4600.0,3500.0,3500.0,0.23,6699999.999999999,6.1E-6,0.055,0.055,0.0,910.0,3.3,2.7E-29,1.2E-7,5.2E-19,5.9E7,1.0,1.6E9,
2.3E-41,0.005,2900.0,6000.0,2300.0,6599999.999999999,2000.0,2200.0,4600.0,3500.0,3500.0,0.23,6699999.999999999,5.2E-6,0.055,0.055,0.0,900.0,3.3,6.7E-30,1.2E-7,4.4E-19,6.2E7,1.0,1.6E9,
2.3E-41,0.005,2900.0,6000.0,2300.0,6599999.999999999,2000.0,2200.0,4600.0,3500.0,3500.0,0.23,6699999.999999999,6.2E-6,0.055,0.055,0.0,900.0,3.3,1.4E-32,1.2E-7,4.2E-19,5.8E7,1.0,1.6E9,
2.3E-41,0.005,2900.0,6000.0,2300.0,6599999.999999999,2000.0,2200.0,4600.0,3500.0,3500.0,0.23,6699999.999999999,6.9E-6,0.055,0.055,0.0,900.0,3.3,3.3999999999999997E-35,1.2E-7,4.6E-19,5.6E7,1.0,1.6E9,
2.3E-41,0.005,2900.0,6000.0,2300.0,6599999.999999999,2000.0,2200.0,4600.0,3500.0,3500.0,0.23,6699999.999999999,6.8E-6,0.055,0.055,0.0,900.0,3.3,8.7E-38,1.2E-7,4.9E-19,5.6E7,1.0,1.6E9,
2.3E-41,0.005,2900.0,6000.0,2300.0,6599999.999999999,2000.0,2200.0,4600.0,3500.0,3500.0,0.23,6699999.999999999,6.3E-6,0.055,0.055,0.0,900.0,3.3,2.2E-40,1.2E-7,4.8E-19,5.8E7,1.0,1.6E9,
2.3E-41,0.005,2900.0,6000.0,2300.0,6599999.999999999,2000.0,2200.0,4600.0,3500.0,3500.0,0.23,6699999.999999999,5.6E-6,0.055,0.055,0.0,900.0,3.3,1.5E-42,1.2E-7,4.4E-19,6.0E7,1.0,1.6E9,
2.3E-41,0.005,2900.0,6000.0,2300.0,6599999.999999999,2000.0,2200.0,4600.0,3500.0,3500.0,0.23,6699999.999999999,4.9E-6,0.055,0.055,0.0,900.0,3.3,4.4999999999999995E-43,1.2E-7,4.0E-19,6.3E7,1.0,1.6E9,
2.3E-41,0.005,2900.0,6000.0,2300.0,6599999.999999999,2000.0,2200.0,4600.0,3500.0,3500.0,0.23,6699999.999999999,4.3E-6,0.055,0.055,0.0,900.0,3.3,9.999999999999999E-44,1.2E-7,3.5E-19,6.7E7,1.0,1.6E9,
2.3E-41,0.005,2900.0,6000.0,2300.0,6599999.999999999,2000.0,2200.0,4600.0,3500.0,3500.0,0.23,6699999.999999999,3.7E-6,0.055,0.055,0.0,890.0,3.3,0.0,1.2E-7,3.0E-19,7.0E7,1.0,1.6E9,
2.3E-41,0.005,2900.0,6000.0,2300.0,6599999.999999999,2000.0,2200.0,4600.0,3500.0,3500.0,0.23,6699999.999999999,4.0E-6,0.055,0.055,0.0,880.0,3.3,3.6E-45,1.2E-7,2.8E-19,6.8E7,1.0,1.6E9,
2.3E-41,0.005,2900.0,6000.0,2300.0,6599999.999999999,2000.0,2200.0,4600.0,3500.0,3500.0,0.23,6699999.999999999,4.9E-6,0.055,0.055,0.0,870.0,3.3,9.000000000000001E-48,1.2E-7,3.2E-19,6.3E7,1.0,1.6E9,
2.3E-41,0.005,2900.0,6000.0,2300.0,6599999.999999999,2000.0,2200.0,4600.0,3500.0,3500.0,0.23,6699999.999999999,5.2E-6,0.055,0.055,0.0,870.0,3.3,2.3E-50,1.2E-7,3.5E-19,6.2E7,1.0,1.6E9,
2.3E-41,0.005,2900.0,6000.0,2300.0,6599999.999999999,2000.0,2200.0,4600.0,3500.0,3500.0,0.23,6699999.999999999,5.0E-6,0.055,0.055,0.0,870.0,3.3,5.8E-53,1.2E-7,3.7E-19,6.3E7,1.0,1.6E9,
2.3E-41,0.005,2900.0,6000.0,2300.0,6599999.999999999,2000.0,2200.0,4600.0,3500.0,3500.0,0.23,6699999.999999999,4.6E-6,0.055,0.055,0.0,860.0,3.3,1.5999999999999999E-55,1.2E-7,3.6E-19,6.5E7,1.0,1.6E9,
2.3E-41,0.005,2900.0,6000.0,2300.0,6599999.999999999,2000.0,2200.0,4600.0,3500.0,3500.0,0.23,6699999.999999999,4.2E-6,0.055,0.055,0.0,860.0,3.3,4.2000000000000005E-57,1.2E-7,3.3E-19,6.7E7,1.0,1.6E9,
2.3E-41,0.005,2900.0,6000.0,2300.0,6599999.999999999,2000.0,2200.0,4600.0,3500.0,3500.0,0.23,6699999.999999999,3.7E-6,0.055,0.055,0.0,860.0,3.3,0.0,1.2E-7,3.0E-19,7.0E7,1.0,1.6E9,
2.3E-41,0.005,2900.0,6000.0,2300.0,6599999.999999999,2000.0,2200.0,4600.0,3500.0,3500.0,0.23,6699999.999999999,3.2E-6,0.055,0.055,0.0,850.0,3.3,0.0,1.2E-7,2.6E-19,7.4E7,1.0,1.6E9,
2.3E-41,0.005,2900.0,6000.0,2300.0,6599999.999999999,2000.0,2200.0,4600.0,3500.0,3500.0,0.23,6699999.999999999,3.1E-6,0.055,0.055,0.0,850.0,3.3,0.0,1.2E-7,2.3E-19,7.5E7,1.0,1.6E9,
2.3E-41,0.005,2900.0,6000.0,2300.0,6599999.999999999,2000.0,2200.0,4600.0,3500.0,3500.0,0.23,6699999.999999999,4.0E-6,0.055,0.055,0.0,850.0,3.3,0.0,1.2E-7,2.6E-19,6.8E7,1.0,1.6E9,
2.3E-41,0.005,2900.0,6000.0,2300.0,6599999.999999999,2000.0,2200.0,4600.0,3500.0,3500.0,0.23,6699999.999999999,4.5E-6,0.055,0.055,0.0,840.0,3.3,0.0,1.2E-7,3.0E-19,6.6E7,1.0,1.6E9,
2.3E-41,0.005,2900.0,6000.0,2300.0,6599999.999999999,2000.0,2200.0,4600.0,3500.0,3500.0,0.23,6699999.999999999,4.5E-6,0.055,0.055,0.0,840.0,3.3,0.0,1.2E-7,3.2E-19,6.5E7,1.0,1.6E9,
8.9E-41,0.034,170000.0,57000.0,16000.0,9000000.0,8100.0,2200.0,5300.0,5600.0,4500.0,0.24,9300000.0,1.7E-5,0.097,0.097,0.0,1300.0,12.0,13.0,2.8E-7,8.8E-14,6.6E7,1.0,1.7E9,
1.8E-41,0.0069,28000.0,4700.0,3200.0,8900000.0,530.0,2200.0,5300.0,5600.0,4500.0,0.24,9000000.0,9.1E-6,0.066,0.066,0.0,1300.0,5.6,1.9,2.8E-7,1.2E-14,6.4E7,1.0,1.7E9,
1.8E-41,0.0067,2800.0,4700.0,3200.0,8600000.0,530.0,2200.0,5300.0,5600.0,4500.0,0.24,8600000.0,1.1E-5,0.064,0.064,0.0,1300.0,5.5,0.035,2.8E-7,5.3E-15,5.9E7,1.0,1.7E9,
1.7E-41,0.0065,2800.0,4700.0,3200.0,8099999.999999999,530.0,2200.0,5300.0,5500.0,4500.0,0.23,8099999.999999999,1.0E-5,0.061,0.061,0.0,1300.0,5.2,0.035,2.8E-7,5.1E-15,5.9E7,1.0,1.6E9,
1.7E-41,0.0064,2800.0,4700.0,3200.0,7899999.999999999,520.0,2200.0,5300.0,5500.0,4500.0,0.23,7899999.999999999,1.2E-5,0.061,0.061,0.0,1300.0,5.1,6.4E-4,2.8E-7,2.3E-15,5.5E7,1.0,1.6E9,
1.7E-41,0.0062,2800.0,4700.0,3200.0,7499999.999999999,520.0,2200.0,5300.0,5500.0,4500.0,0.23,7499999.999999999,1.4E-5,0.059,0.059,0.0,1300.0,5.0,1.2E-5,2.8E-7,1.0E-15,5.2E7,1.0,1.6E9,
1.5999999999999998E-41,0.0061,2800.0,4700.0,3200.0,7199999.999999999,520.0,2200.0,5300.0,5500.0,4500.0,0.23,7199999.999999999,1.5E-5,0.057,0.057,0.0,1300.0,4.8,6.0E-7,2.8E-7,5.4E-16,5.0E7,1.0,1.6E9,
1.5999999999999998E-41,0.0059,2800.0,4700.0,3200.0,6799999.999999999,520.0,2200.0,5300.0,5500.0,4500.0,0.23,6799999.999999999,1.5E-5,0.055,0.055,0.0,1300.0,4.6,8.1E-8,2.8E-7,3.5E-16,4.8E7,1.0,1.6E9,
1.5999999999999998E-41,0.0059,2800.0,4700.0,3200.0,6699999.999999999,520.0,2200.0,5300.0,5500.0,4500.0,0.23,6699999.999999999,1.8E-5,0.055,0.055,0.0,1300.0,4.6,5.6E-10,2.8E-7,1.3E-16,4.6E7,1.0,1.6E9,
1.5999999999999998E-41,0.0059,2800.0,4700.0,3200.0,6699999.999999999,520.0,2200.0,5300.0,5500.0,4500.0,0.23,6699999.999999999,1.8E-5,0.055,0.055,0.0,1200.0,4.6,1.4E-12,2.8E-7,4.1E-17,4.6E7,1.0,1.6E9,
1.5999999999999998E-41,0.0059,2800.0,4700.0,3200.0,6699999.999999999,520.0,2200.0,5300.0,5500.0,4500.0,0.23,6699999.999999999,1.7E-5,0.055,0.055,0.0,1200.0,4.6,3.6E-15,2.8E-7,1.5E-17,4.7E7,1.0,1.6E9,
1.5999999999999998E-41,0.0059,2800.0,4700.0,3200.0,6699999.999999999,520.0,2200.0,5300.0,5500.0,4500.0,0.23,6699999.999999999,1.5E-5,0.055,0.055,0.0,1200.0,4.6,9.2E-18,2.8E-7,6.2E-18,4.9E7,1.0,1.6E9,
1.5999999999999998E-41,0.0059,2800.0,4700.0,3200.0,6699999.999999999,520.0,2200.0,5300.0,5500.0,4500.0,0.23,6699999.999999999,1.2E-5,0.055,0.055,0.0,1200.0,4.6,2.3E-20,2.8E-7,3.5E-18,5.2E7,1.0,1.6E9,
1.5999999999999998E-41,0.0059,2800.0,4700.0,3200.0,6699999.999999999,520.0,2200.0,5300.0,5500.0,4500.0,0.23,6699999.999999999,1.1E-5,0.055,0.055,0.0,1200.0,4.6,1.3E-22,2.8E-7,2.4E-18,5.5E7,1.0,1.6E9,
1.5999999999999998E-41,0.0059,2800.0,4700.0,3200.0,6699999.999999999,520.0,2200.0,5300.0,5500.0,4500.0,0.23,6699999.999999999,8.9E-6,0.055,0.055,0.0,1200.0,4.6,1.9E-23,2.8E-7,1.8E-18,5.9E7,1.0,1.6E9,
1.5999999999999998E-41,0.0059,2800.0,4700.0,3200.0,6699999.999999999,520.0,2200.0,5300.0,5500.0,4500.0,0.23,6699999.999999999,7.5E-6,0.055,0.055,0.0,1200.0,4.6,4.1E-26,2.8E-7,1.5E-18,6.2E7,1.0,1.6E9,
1.5999999999999998E-41,0.0059,2800.0,4700.0,3200.0,6699999.999999999,520.0,2200.0,5300.0,5500.0,4500.0,0.23,6699999.999999999,7.4E-6,0.055,0.055,0.0,1200.0,4.6,0.0,2.8E-7,1.3E-18,6.3E7,1.0,1.6E9,
1.5999999999999998E-41,0.0059,2800.0,4700.0,3200.0,6699999.999999999,520.0,2200.0,5300.0,5500.0,4500.0,0.23,6699999.999999999,8.9E-6,0.055,0.055,0.0,1200.0,4.6,0.0,2.8E-7,1.4E-18,5.9E7,1.0,1.6E9,
1.5999999999999998E-41,0.0059,2800.0,4700.0,3200.0,6699999.999999999,520.0,2200.0,5300.0,5500.0,4500.0,0.23,6699999.999999999,9.3E-6,0.055,0.055,0.0,1200.0,4.6,0.0,2.8E-7,1.5E-18,5.8E7,1.0,1.6E9,
1.5999999999999998E-41,0.0059,2800.0,4700.0,3200.0,6699999.999999999,520.0,2200.0,5300.0,5500.0,4500.0,0.23,6699999.999999999,8.9E-6,0.055,0.055,0.0,1200.0,4.6,0.0,2.8E-7,1.5E-18,5.9E7,1.0,1.6E9,
1.5999999999999998E-41,0.0059,2800.0,4700.0,3200.0,6599999.999999999,520.0,2200.0,5300.0,5500.0,4500.0,0.23,6699999.999999999,1.0E-5,0.055,0.055,0.0,1200.0,4.6,0.0,2.8E-7,1.6E-18,5.5E7,1.0,1.6E9,
1.9E-40,0.07,6800.0,120000.0,4100.0,8700000.0,520.0,2200.0,5300.0,5500.0,4500.0,0.23,8900000.0,11.0,0.083,0.083,0.0,1200.0,4.7,970.0,2.9E-7,7.5E-13,5.4E7,1.0,1.6E9,
2.2E-41,0.0083,6800.0,3500.0,4100.0,8600000.0,520.0,2200.0,5300.0,5500.0,4500.0,0.23,8600000.0,7.4E-6,0.044,0.044,0.0,1200.0,14.0,50.0,2.9E-7,4.9E-14,5.2E7,1.0,1.6E9,
2.2E-41,0.0083,6800.0,3500.0,4100.0,8500000.0,520.0,2200.0,5300.0,5500.0,4500.0,0.23,8500000.0,4.4E-5,0.044,0.044,0.0,1200.0,14.0,0.92,2.9E-7,2.2E-14,4.9E7,1.0,1.6E9,
2.2E-41,0.0081,6800.0,3500.0,4100.0,8099999.999999999,520.0,2200.0,5300.0,5500.0,4500.0,0.23,8099999.999999999,5.0E-5,0.043,0.043,0.0,1200.0,13.0,0.0063,2.9E-7,7.8E-15,4.6E7,1.0,1.6E9,
2.0999999999999999E-41,0.0079,6800.0,3500.0,4100.0,7799999.999999999,520.0,2200.0,5300.0,5500.0,4500.0,0.23,7799999.999999999,5.4E-5,0.042,0.042,0.0,1200.0,13.0,1.2E-4,2.8E-7,3.4E-15,4.4E7,1.0,1.6E9,
2.0999999999999999E-41,0.0078,6800.0,3500.0,4100.0,7499999.999999999,520.0,2200.0,5300.0,5500.0,4500.0,0.23,7599999.999999999,5.9E-5,0.041,0.041,0.0,1200.0,13.0,2.2E-6,2.8E-7,1.5E-15,4.3E7,1.0,1.6E9,
2.0999999999999999E-41,0.0077,6800.0,3500.0,4100.0,7299999.999999999,520.0,2200.0,5300.0,5500.0,4500.0,0.23,7399999.999999999,6.2E-5,0.04,0.04,0.0,1200.0,12.0,1.1E-7,2.8E-7,8.3E-16,4.2E7,1.0,1.6E9,
2.0E-41,0.0075,6800.0,3500.0,4100.0,6999999.999999999,520.0,2200.0,5300.0,5500.0,4500.0,0.23,7099999.999999999,6.6E-5,0.039,0.039,0.0,1200.0,12.0,2.0E-9,2.8E-7,3.7E-16,4.0E7,1.0,1.6E9,
3.9E-40,0.11,27000.0,190000.0,160000.0,8700000.0,630.0,2200.0,5300.0,5500.0,1900.0,0.23,9100000.0,1.4E-4,0.18,0.18,0.0,1300.0,26.0,250.0,3.2E-7,1.2E-12,4.0E7,1.0,1.7E9,
2.2E-40,0.062,3900.0,190000.0,1900.0,8600000.0,630.0,2200.0,5300.0,5500.0,1900.0,0.23,8800000.0,1.0E-5,0.12,0.12,0.0,1300.0,1.7,5.2,3.2E-7,3.0E-13,3.9E7,1.0,1.7E9,
1.1999999999999999E-41,0.0033,3900.0,130.0,1900.0,8600000.0,630.0,2200.0,5300.0,5500.0,1900.0,0.23,8600000.0,6.8E-7,0.043,0.043,0.0,1300.0,1.7,0.28,3.2E-7,8.8E-15,3.9E7,1.0,1.7E9,
1.1E-41,0.0032,3900.0,130.0,1900.0,8199999.999999999,630.0,2200.0,5300.0,5500.0,1900.0,0.23,8199999.999999999,1.1E-5,0.041,0.041,0.0,1300.0,1.6,0.014,3.2E-7,4.6E-15,3.8E7,1.0,1.6E9,
1.1E-41,0.003,3900.0,130.0,1900.0,7599999.999999999,630.0,2200.0,5300.0,5500.0,1900.0,0.23,7699999.999999999,1.0E-5,0.039,0.039,0.0,1300.0,1.5,0.0019,3.2E-7,2.9E-15,3.8E7,1.0,1.6E9,
1.0E-41,0.0029,3900.0,130.0,1900.0,7299999.999999999,630.0,2200.0,5300.0,5500.0,1900.0,0.23,7299999.999999999,1.0E-5,0.038,0.038,0.0,1200.0,1.5,3.5E-5,3.2E-7,1.3E-15,3.7E7,1.0,1.6E9,
9.9E-42,0.0028,3900.0,130.0,1900.0,6799999.999999999,630.0,2200.0,5300.0,5500.0,1900.0,0.23,6899999.999999999,1.0E-5,0.036,0.036,0.0,1200.0,1.4,6.4E-7,3.1E-7,5.5E-16,3.6E7,1.0,1.6E9,
9.8E-42,0.0027,3900.0,130.0,1900.0,6799999.999999999,630.0,2200.0,5300.0,5500.0,1900.0,0.23,6799999.999999999,1.0E-5,0.036,0.036,0.0,1200.0,1.4,4.4E-9,3.1E-7,2.0E-16,3.6E7,1.0,1.6E9,
9.7E-42,0.0027,3900.0,130.0,1900.0,6699999.999999999,630.0,2200.0,5300.0,5500.0,1900.0,0.23,6699999.999999999,1.0E-5,0.035,0.035,0.0,1200.0,1.4,8.1E-11,3.1E-7,9.1E-17,3.6E7,1.0,1.6E9,
9.7E-42,0.0027,3900.0,130.0,1900.0,6699999.999999999,630.0,2200.0,5300.0,5500.0,1900.0,0.23,6699999.999999999,9.6E-6,0.035,0.035,0.0,1200.0,1.4,2.1E-13,3.1E-7,2.9E-17,3.7E7,1.0,1.6E9,
9.7E-42,0.0027,3900.0,130.0,1900.0,6699999.999999999,630.0,2200.0,5300.0,5500.0,1900.0,0.23,6699999.999999999,8.3E-6,0.035,0.035,0.0,1200.0,1.4,5.2E-16,3.1E-7,9.8E-18,3.9E7,1.0,1.6E9,
9.7E-42,0.0027,3900.0,130.0,1900.0,6699999.999999999,630.0,2200.0,5300.0,5500.0,1900.0,0.23,6699999.999999999,6.8E-6,0.035,0.035,0.0,1200.0,1.4,1.3E-18,3.1E-7,4.0E-18,4.2E7,1.0,1.6E9,
9.7E-42,0.0027,3900.0,130.0,1900.0,6699999.999999999,630.0,2200.0,5300.0,5500.0,1900.0,0.23,6699999.999999999,5.5E-6,0.035,0.035,0.0,1200.0,1.4,3.3E-21,3.1E-7,2.0E-18,4.5E7,1.0,1.6E9,
9.7E-42,0.0027,3900.0,130.0,1900.0,6699999.999999999,630.0,2200.0,5300.0,5500.0,1900.0,0.23,6699999.999999999,4.5E-6,0.035,0.035,0.0,1200.0,1.4,1.3E-23,3.1E-7,1.3E-18,4.8E7,1.0,1.6E9,
9.7E-42,0.0027,3900.0,130.0,1900.0,6699999.999999999,630.0,2200.0,5300.0,5500.0,1900.0,0.23,6699999.999999999,3.7E-6,0.035,0.035,0.0,1200.0,1.4,0.0,3.1E-7,9.2E-19,5.2E7,1.0,1.6E9,
9.7E-42,0.0027,3900.0,130.0,1900.0,6699999.999999999,630.0,2200.0,5300.0,5500.0,1900.0,0.23,6699999.999999999,3.0E-6,0.035,0.035,0.0,1200.0,1.4,6.1E-26,3.1E-7,7.2E-19,5.6E7,1.0,1.6E9,
9.7E-42,0.0027,3900.0,130.0,1900.0,6699999.999999999,630.0,2200.0,5300.0,5500.0,1900.0,0.23,6699999.999999999,2.7E-6,0.035,0.035,0.0,1200.0,1.4,0.0,3.1E-7,5.8E-19,5.8E7,1.0,1.6E9,
9.7E-42,0.0027,3900.0,130.0,1900.0,6699999.999999999,630.0,2200.0,5300.0,5500.0,1900.0,0.23,6699999.999999999,3.2E-6,0.035,0.035,0.0,1100.0,1.4,0.0,3.1E-7,5.9E-19,5.4E7,1.0,1.6E9,
9.7E-42,0.0027,3900.0,130.0,1900.0,6699999.999999999,630.0,2200.0,5300.0,5500.0,1900.0,0.23,6699999.999999999,3.4E-6,0.035,0.035,0.0,1100.0,1.4,0.0,3.1E-7,6.3E-19,5.4E7,1.0,1.6E9,
9.7E-42,0.0027,3900.0,130.0,1900.0,6699999.999999999,630.0,2200.0,5300.0,5500.0,1900.0,0.23,6699999.999999999,3.2E-6,0.035,0.035,0.0,1100.0,1.4,0.0,3.1E-7,6.3E-19,5.5E7,1.0,1.6E9,
9.7E-42,0.0027,3900.0,130.0,1900.0,6699999.999999999,630.0,2200.0,5300.0,5500.0,1900.0,0.23,6699999.999999999,2.9E-6,0.035,0.035,0.0,1100.0,1.4,0.0,3.1E-7,5.9E-19,5.7E7,1.0,1.6E9,
9.7E-42,0.0027,3900.0,130.0,1900.0,6699999.999999999,630.0,2200.0,5300.0,5500.0,1900.0,0.23,6699999.999999999,2.5E-6,0.035,0.035,0.0,1100.0,1.4,0.0,3.1E-7,5.4E-19,6.0E7,1.0,1.6E9,
9.7E-42,0.0027,3900.0,130.0,1900.0,6699999.999999999,630.0,2200.0,5300.0,5500.0,1900.0,0.23,6699999.999999999,2.2E-6,0.035,0.035,0.0,1100.0,1.4,0.0,3.1E-7,4.7E-19,6.3E7,1.0,1.6E9,
9.7E-42,0.0027,3900.0,130.0,1900.0,6699999.999999999,630.0,2200.0,5300.0,5500.0,1900.0,0.23,6699999.999999999,1.9E-6,0.035,0.035,0.0,1100.0,1.4,0.0,3.1E-7,4.1E-19,6.6E7,1.0,1.6E9,
9.6E-42,0.0027,3900.0,130.0,1900.0,6599999.999999999,630.0,2200.0,5300.0,5500.0,1900.0,0.23,6699999.999999999,1.9E-6,0.035,0.035,0.0,1100.0,1.4,0.0,3.1E-7,3.7E-19,6.6E7,1.0,1.6E9,
9.6E-42,0.0027,3900.0,130.0,1900.0,6599999.999999999,630.0,2200.0,5300.0,5500.0,1900.0,0.23,6699999.999999999,2.3E-6,0.035,0.035,0.0,1000.0,1.4,0.0,3.1E-7,4.0E-19,6.1E7,1.0,1.6E9,
9.6E-42,0.0027,3900.0,130.0,1900.0,6599999.999999999,630.0,2200.0,5300.0,5500.0,1900.0,0.23,6699999.999999999,2.4E-6,0.035,0.035,0.0,1000.0,1.4,0.0,3.1E-7,4.4E-19,6.0E7,1.0,1.6E9,
9.6E-42,0.0027,3900.0,130.0,1900.0,6599999.999999999,630.0,2200.0,5300.0,5500.0,1900.0,0.23,6699999.999999999,2.4E-6,0.035,0.035,0.0,1000.0,1.4,0.0,3.1E-7,4.6E-19,6.0E7,1.0,1.6E9,
9.6E-42,0.0027,3900.0,130.0,1900.0,6599999.999999999,630.0,2200.0,5300.0,5500.0,1900.0,0.23,6699999.999999999,2.2E-6,0.035,0.035,0.0,1000.0,1.4,0.0,3.1E-7,4.4E-19,6.2E7,1.0,1.6E9,
9.6E-42,0.0027,3900.0,130.0,1900.0,6599999.999999999,630.0,2200.0,5300.0,5500.0,1900.0,0.23,6699999.999999999,1.9E-6,0.035,0.035,0.0,1000.0,1.4,0.0,3.1E-7,4.1E-19,6.5E7,1.0,1.6E9,
9.6E-42,0.0027,3900.0,130.0,1900.0,6599999.999999999,630.0,2200.0,5300.0,5500.0,1900.0,0.23,6699999.999999999,1.7E-6,0.035,0.035,0.0,1000.0,1.4,0.0,3.1E-7,3.7E-19,6.8E7,1.0,1.6E9,
6.399999999999999E-41,0.022,19000.0,100000.0,5900.0,8700000.0,630.0,2200.0,5300.0,5500.0,1900.0,0.23,8900000.0,6.9E-6,0.061,0.061,0.0,1100.0,5.8,39.0,3.3E-7,3.7E-13,7.0E7,1.0,1.6E9,
6.399999999999999E-41,0.022,19000.0,100000.0,5900.0,8600000.0,630.0,2200.0,5300.0,5500.0,1800.0,0.23,8700000.0,8.6E-6,0.06,0.06,0.0,1100.0,5.7,0.28,3.2E-7,1.4E-13,6.4E7,1.0,1.6E9,
2.6E-41,0.0088,19000.0,32000.0,5900.0,8099999.999999999,630.0,2200.0,5300.0,5500.0,1800.0,0.23,8199999.999999999,1.0E-5,0.039,0.039,0.0,1100.0,5.5,0.002,3.2E-7,2.0E-14,5.9E7,1.0,1.6E9,
9.9E-42,0.0034,6500.0,4400.0,5900.0,7499999.999999999,630.0,2200.0,5200.0,5500.0,1800.0,0.23,7499999.999999999,1.1E-5,0.029,0.029,0.0,1100.0,5.2,2.7E-4,3.2E-7,5.2E-15,5.7E7,1.0,1.6E9,
9.6E-42,0.0033,6500.0,4400.0,5900.0,6999999.999999999,630.0,2200.0,5200.0,5500.0,1800.0,0.23,6999999.999999999,1.1E-5,0.028,0.028,0.0,1100.0,5.0,3.7E-5,3.2E-7,3.4E-15,5.5E7,1.0,1.6E9,
9.6E-42,0.0033,6500.0,4400.0,5900.0,6799999.999999999,630.0,2200.0,5200.0,5500.0,1800.0,0.23,6899999.999999999,1.3E-5,0.028,0.028,0.0,1100.0,5.0,1.9E-6,3.2E-7,1.9E-15,5.3E7,1.0,1.6E9,
9.5E-42,0.0032,6500.0,4400.0,5900.0,6699999.999999999,630.0,2200.0,5200.0,5500.0,1800.0,0.23,6699999.999999999,1.3E-5,0.027,0.027,0.0,1100.0,4.9,2.6E-7,3.2E-7,1.2E-15,5.1E7,1.0,1.6E9,
9.5E-42,0.0032,6500.0,4400.0,5900.0,6699999.999999999,630.0,2200.0,5200.0,5500.0,1800.0,0.23,6699999.999999999,1.6E-5,0.027,0.027,0.0,1100.0,4.9,6.5E-10,3.2E-7,3.7E-16,4.9E7,1.0,1.6E9,
9.5E-42,0.0032,6500.0,4400.0,5900.0,6699999.999999999,630.0,2200.0,5200.0,5500.0,1800.0,0.23,6699999.999999999,1.6E-5,0.027,0.027,0.0,1100.0,4.9,1.7E-12,3.2E-7,1.1E-16,4.8E7,1.0,1.6E9,
9.5E-42,0.0032,6500.0,4400.0,5900.0,6699999.999999999,630.0,2200.0,5200.0,5500.0,1800.0,0.23,6699999.999999999,1.5E-5,0.027,0.027,0.0,1100.0,4.9,4.2E-15,3.2E-7,3.7E-17,5.0E7,1.0,1.6E9,
9.5E-42,0.0032,6500.0,4400.0,5900.0,6699999.999999999,630.0,2200.0,5200.0,5500.0,1800.0,0.23,6699999.999999999,1.3E-5,0.027,0.027,0.0,1100.0,4.9,1.1E-17,3.2E-7,1.3E-17,5.2E7,1.0,1.6E9,
9.5E-42,0.0032,6500.0,4400.0,5900.0,6699999.999999999,630.0,2200.0,5200.0,5500.0,1800.0,0.23,6699999.999999999,1.1E-5,0.027,0.027,0.0,1100.0,4.9,3.4E-20,3.2E-7,5.6E-18,5.5E7,1.0,1.6E9,
9.5E-42,0.0032,6500.0,4400.0,5900.0,6699999.999999999,630.0,2200.0,5200.0,5500.0,1800.0,0.23,6699999.999999999,9.6E-6,0.027,0.027,0.0,1100.0,4.9,8.3E-23,3.2E-7,3.1E-18,5.8E7,1.0,1.6E9,
9.5E-42,0.0032,6500.0,4400.0,5900.0,6699999.999999999,630.0,2200.0,5200.0,5500.0,1800.0,0.23,6699999.999999999,8.1E-6,0.027,0.027,0.0,1000.0,4.9,0.0,3.2E-7,2.1E-18,6.2E7,1.0,1.6E9,
9.5E-42,0.0032,6500.0,4400.0,5900.0,6699999.999999999,630.0,2200.0,5200.0,5500.0,1800.0,0.23,6699999.999999999,6.9E-6,0.027,0.027,0.0,1000.0,4.9,0.0,3.2E-7,1.7E-18,6.5E7,1.0,1.6E9,
9.5E-42,0.0032,6500.0,4400.0,5900.0,6699999.999999999,630.0,2200.0,5200.0,5500.0,1800.0,0.23,6699999.999999999,7.9E-6,0.027,0.027,0.0,1000.0,4.9,1.9E-27,3.2E-7,1.5E-18,6.2E7,1.0,1.6E9,
9.5E-42,0.0032,6500.0,4400.0,5900.0,6699999.999999999,630.0,2200.0,5200.0,5500.0,1800.0,0.23,6699999.999999999,9.1E-6,0.027,0.027,0.0,1000.0,4.9,4.8000000000000004E-30,3.2E-7,1.7E-18,5.9E7,1.0,1.6E9,
9.5E-42,0.0032,6500.0,4400.0,5900.0,6699999.999999999,630.0,2200.0,5200.0,5500.0,1800.0,0.23,6699999.999999999,9.3E-6,0.027,0.027,0.0,1000.0,4.9,1.2E-32,3.2E-7,1.8E-18,5.9E7,1.0,1.6E9,
9.5E-42,0.0032,6500.0,4400.0,5900.0,6699999.999999999,630.0,2200.0,5200.0,5500.0,1800.0,0.23,6699999.999999999,8.8E-6,0.027,0.027,0.0,1000.0,4.9,3.2E-35,3.2E-7,1.8E-18,6.0E7,1.0,1.6E9,
9.5E-42,0.0032,6500.0,4400.0,5900.0,6699999.999999999,630.0,2200.0,5200.0,5500.0,1800.0,0.23,6699999.999999999,7.9E-6,0.027,0.027,0.0,1000.0,4.9,1.1E-37,3.2E-7,1.7E-18,6.2E7,1.0,1.6E9,
9.5E-42,0.0032,6500.0,4400.0,5900.0,6699999.999999999,630.0,2200.0,5200.0,5500.0,1800.0,0.23,6699999.999999999,7.0E-6,0.027,0.027,0.0,1000.0,4.9,2.4E-38,3.2E-7,1.5E-18,6.5E7,1.0,1.6E9,
9.5E-42,0.0032,6500.0,4400.0,5900.0,6699999.999999999,630.0,2200.0,5200.0,5500.0,1800.0,0.23,6699999.999999999,6.1E-6,0.027,0.027,0.0,1000.0,4.9,1.4999999999999998E-39,3.2E-7,1.4E-18,6.8E7,1.0,1.6E9,
9.5E-42,0.0032,6500.0,4400.0,5900.0,6699999.999999999,630.0,2200.0,5200.0,5500.0,1800.0,0.23,6699999.999999999,5.3E-6,0.027,0.027,0.0,980.0,4.9,0.0,3.2E-7,1.2E-18,7.2E7,1.0,1.6E9,
9.4E-42,0.0032,6500.0,4400.0,5900.0,6599999.999999999,630.0,2200.0,5200.0,5500.0,1800.0,0.22,6599999.999999999,6.0E-6,0.027,0.027,0.0,970.0,4.9,0.0,3.2E-7,1.1E-18,6.8E7,1.0,1.6E9,
9.4E-42,0.0032,6500.0,4400.0,5900.0,6599999.999999999,630.0,2200.0,5200.0,5500.0,1800.0,0.22,6599999.999999999,7.2E-6,0.027,0.027,0.0,970.0,4.9,0.0,3.2E-7,1.3E-18,6.4E7,1.0,1.6E9,
9.4E-42,0.0032,6500.0,4400.0,5900.0,6599999.999999999,630.0,2200.0,5200.0,5500.0,1800.0,0.22,6599999.999999999,7.7E-6,0.027,0.027,0.0,960.0,4.9,0.0,3.2E-7,1.4E-18,6.2E7,1.0,1.6E9,
9.4E-42,0.0032,6500.0,4400.0,5900.0,6599999.999999999,630.0,2200.0,5200.0,5500.0,1800.0,0.22,6599999.999999999,7.5E-6,0.027,0.027,0.0,960.0,4.9,0.0,3.2E-7,1.5E-18,6.3E7,1.0,1.6E9,
9.4E-42,0.0032,6500.0,4400.0,5900.0,6599999.999999999,630.0,2200.0,5200.0,5500.0,1800.0,0.22,6599999.999999999,6.9E-6,0.027,0.027,0.0,960.0,4.9,0.0,3.2E-7,1.4E-18,6.5E7,1.0,1.6E9,
9.4E-42,0.0032,6500.0,4400.0,5900.0,6599999.999999999,630.0,2200.0,5200.0,5500.0,1800.0,0.22,6599999.999999999,6.2E-6,0.027,0.027,0.0,940.0,4.9,0.0,3.2E-7,1.3E-18,6.7E7,1.0,1.6E9,
9.4E-42,0.0032,6500.0,4400.0,5900.0,6599999.999999999,630.0,2200.0,5200.0,5500.0,1800.0,0.22,6599999.999999999,5.4E-6,0.027,0.027,0.0,940.0,4.9,0.0,3.2E-7,1.2E-18,7.0E7,1.0,1.6E9,
9.4E-42,0.0032,6500.0,4400.0,5900.0,6599999.999999999,630.0,2200.0,5200.0,5500.0,1800.0,0.22,6599999.999999999,4.8E-6,0.027,0.027,0.0,940.0,4.9,0.0,3.2E-7,1.1E-18,7.4E7,1.0,1.6E9,
9.4E-42,0.0032,6500.0,4400.0,5900.0,6599999.999999999,630.0,2200.0,5200.0,5500.0,1800.0,0.22,6599999.999999999,4.6E-6,0.027,0.027,0.0,920.0,4.9,0.0,3.2E-7,9.4E-19,7.5E7,1.0,1.6E9,
9.4E-42,0.0032,6500.0,4400.0,5900.0,6599999.999999999,630.0,2200.0,5200.0,5500.0,1800.0,0.22,6599999.999999999,5.9E-6,0.027,0.027,0.0,900.0,4.9,0.0,3.2E-7,1.0E-18,6.8E7,1.0,1.6E9,
9.4E-42,0.0032,6500.0,4400.0,5900.0,6599999.999999999,630.0,2200.0,5200.0,5500.0,1800.0,0.22,6599999.999999999,6.7E-6,0.027,0.027,0.0,890.0,4.9,0.0,3.2E-7,1.2E-18,6.5E7,1.0,1.6E9,
9.4E-42,0.0032,6500.0,4400.0,5900.0,6599999.999999999,630.0,2200.0,5200.0,5500.0,1800.0,0.22,6599999.999999999,6.7E-6,0.027,0.027,0.0,890.0,4.9,0.0,3.2E-7,1.3E-18,6.5E7,1.0,1.6E9,
9.4E-42,0.0032,6500.0,4400.0,5900.0,6599999.999999999,630.0,2200.0,5200.0,5500.0,1800.0,0.22,6599999.999999999,6.4E-6,0.027,0.027,0.0,890.0,4.9,0.0,3.2E-7,1.3E-18,6.6E7,1.0,1.6E9,
9.4E-42,0.0032,6500.0,4400.0,5900.0,6599999.999999999,630.0,2200.0,5200.0,5500.0,1800.0,0.22,6599999.999999999,5.8E-6,0.027,0.027,0.0,890.0,4.9,0.0,3.2E-7,1.2E-18,6.9E7,1.0,1.6E9,
9.4E-42,0.0032,6500.0,4400.0,5900.0,6599999.999999999,630.0,2200.0,5200.0,5500.0,1800.0,0.22,6599999.999999999,5.2E-6,0.027,0.027,0.0,890.0,4.9,0.0,3.2E-7,1.1E-18,7.2E7,1.0,1.6E9,
9.4E-42,0.0032,6500.0,4400.0,5900.0,6599999.999999999,630.0,2200.0,5200.0,5500.0,1800.0,0.22,6599999.999999999,4.6E-6,0.027,0.027,0.0,890.0,4.9,0.0,3.2E-7,1.0E-18,7.5E7,1.0,1.6E9,
9.4E-42,0.0032,6500.0,4400.0,5900.0,6599999.999999999,630.0,2200.0,5200.0,5500.0,1800.0,0.22,6599999.999999999,4.0E-6,0.027,0.027,0.0,880.0,4.9,0.0,3.2E-7,8.9E-19,7.8E7,1.0,1.6E9,
9.4E-42,0.0032,6500.0,4400.0,5900.0,6599999.999999999,630.0,2200.0,5200.0,5500.0,1800.0,0.22,6599999.999999999,5.1E-6,0.027,0.027,0.0,880.0,4.9,0.0,3.2E-7,9.1E-19,7.2E7,1.0,1.6E9,
9.4E-42,0.0032,6500.0,4400.0,5900.0,6599999.999999999,630.0,2200.0,5200.0,5500.0,1800.0,0.22,6599999.999999999,6.1E-6,0.027,0.027,0.0,880.0,4.9,0.0,3.2E-7,1.1E-18,6.8E7,1.0,1.6E9,
9.4E-42,0.0032,6500.0,4400.0,5900.0,6599999.999999999,630.0,2200.0,5200.0,5500.0,1800.0,0.22,6599999.999999999,6.4E-6,0.027,0.027,0.0,880.0,4.9,0.0,3.2E-7,1.2E-18,6.6E7,1.0,1.6E9,
9.4E-42,0.0032,6500.0,4400.0,5900.0,6599999.999999999,630.0,2200.0,5200.0,5500.0,1800.0,0.22,6599999.999999999,6.2E-6,0.027,0.027,0.0,880.0,4.9,0.0,3.2E-7,1.2E-18,6.7E7,1.0,1.6E9,
9.4E-42,0.0032,6500.0,4400.0,5900.0,6599999.999999999,630.0,2200.0,5200.0,5500.0,1800.0,0.22,6599999.999999999,5.7E-6,0.027,0.027,0.0,860.0,4.9,0.0,3.2E-7,1.2E-18,6.9E7,1.0,1.6E9,
9.4E-42,0.0032,6500.0,4400.0,5900.0,6599999.999999999,630.0,2200.0,5200.0,5500.0,1800.0,0.22,6599999.999999999,5.1E-6,0.027,0.027,0.0,860.0,4.9,0.0,3.2E-7,1.1E-18,7.2E7,1.0,1.6E9,
9.4E-42,0.0032,6500.0,4400.0,5900.0,6599999.999999999,630.0,2200.0,5200.0,5500.0,1800.0,0.22,6599999.999999999,4.6E-6,0.027,0.027,0.0,850.0,4.9,0.0,3.2E-7,1.0E-18,7.5E7,1.0,1.6E9,
9.4E-42,0.0032,6500.0,4400.0,5900.0,6599999.999999999,630.0,2200.0,5200.0,5500.0,1800.0,0.22,6599999.999999999,4.0E-6,0.027,0.027,0.0,830.0,4.9,0.0,3.2E-7,8.9E-19,7.8E7,1.0,1.6E9,
9.4E-42,0.0032,6500.0,4400.0,5900.0,6599999.999999999,630.0,2200.0,5200.0,5500.0,1800.0,0.22,6599999.999999999,4.7E-6,0.027,0.027,0.0,820.0,4.9,0.0,3.2E-7,8.5E-19,7.4E7,1.0,1.6E9,
9.4E-42,0.0032,6500.0,4400.0,5900.0,6599999.999999999,630.0,2200.0,5200.0,5500.0,1800.0,0.22,6599999.999999999,5.8E-6,0.027,0.027,0.0,820.0,4.9,0.0,3.2E-7,1.0E-18,6.9E7,1.0,1.6E9,
9.4E-42,0.0032,6500.0,4400.0,5900.0,6599999.999999999,630.0,2200.0,5200.0,5500.0,1800.0,0.22,6599999.999999999,6.2E-6,0.027,0.027,0.0,810.0,4.9,0.0,3.2E-7,1.1E-18,6.7E7,1.0,1.6E9,
9.4E-42,0.0032,6500.0,4400.0,5900.0,6599999.999999999,630.0,2200.0,5200.0,5500.0,1800.0,0.22,6599999.999999999,6.1E-6,0.027,0.027,0.0,810.0,4.9,0.0,3.2E-7,1.2E-18,6.8E7,1.0,1.6E9,
9.4E-42,0.0032,6500.0,4400.0,5900.0,6599999.999999999,630.0,2200.0,5200.0,5500.0,1800.0,0.22,6599999.999999999,5.6E-6,0.027,0.027,0.0,800.0,4.9,0.0,3.2E-7,1.2E-18,6.9E7,1.0,1.6E9,
9.4E-42,0.0032,6500.0,4400.0,5900.0,6599999.999999999,630.0,2200.0,5200.0,5500.0,1800.0,0.22,6599999.999999999,5.1E-6,0.027,0.027,0.0,790.0,4.9,0.0,3.2E-7,1.1E-18,7.2E7,1.0,1.6E9,
9.4E-42,0.0032,6500.0,4400.0,5900.0,6599999.999999999,630.0,2200.0,5200.0,5500.0,1800.0,0.22,6599999.999999999,4.6E-6,0.027,0.027,0.0,790.0,4.9,0.0,3.2E-7,9.9E-19,7.5E7,1.0,1.6E9,
9.4E-42,0.0032,6500.0,4400.0,5900.0,6599999.999999999,630.0,2200.0,5200.0,5500.0,1800.0,0.22,6599999.999999999,4.0E-6,0.027,0.027,0.0,780.0,4.9,0.0,3.2E-7,8.9E-19,7.8E7,1.0,1.6E9,
9.4E-42,0.0032,6500.0,4400.0,5900.0,6599999.999999999,630.0,2200.0,5200.0,5500.0,1800.0,0.22,6599999.999999999,4.2E-6,0.027,0.027,0.0,780.0,4.9,0.0,3.2E-7,8.1E-19,7.7E7,1.0,1.6E9,
9.4E-42,0.0032,6500.0,4400.0,5900.0,6599999.999999999,630.0,2200.0,5200.0,5500.0,1800.0,0.22,6599999.999999999,5.2E-6,0.027,0.027,0.0,780.0,4.9,0.0,3.2E-7,9.0E-19,7.1E7,1.0,1.6E9,
9.4E-42,0.0032,6500.0,4400.0,5900.0,6599999.999999999,630.0,2200.0,5200.0,5500.0,1800.0,0.22,6599999.999999999,6.0E-6,0.027,0.027,0.0,760.0,4.9,0.0,3.2E-7,1.1E-18,6.8E7,1.0,1.6E9,
9.4E-42,0.0032,6500.0,4400.0,5900.0,6599999.999999999,630.0,2200.0,5200.0,5500.0,1800.0,0.22,6599999.999999999,6.1E-6,0.027,0.027,0.0,750.0,4.9,0.0,3.2E-7,1.2E-18,6.8E7,1.0,1.6E9,
9.4E-42,0.0032,6500.0,4400.0,5900.0,6599999.999999999,630.0,2200.0,5200.0,5500.0,1800.0,0.22,6599999.999999999,5.8E-6,0.027,0.027,0.0,740.0,4.9,0.0,3.2E-7,1.2E-18,6.9E7,1.0,1.6E9,
9.4E-42,0.0032,6500.0,4400.0,5900.0,6599999.999999999,630.0,2200.0,5200.0,5500.0,1800.0,0.22,6599999.999999999,5.2E-6,0.027,0.027,0.0,740.0,4.9,0.0,3.2E-7,1.1E-18,7.1E7,1.0,1.6E9,
9.4E-42,0.0032,6500.0,4400.0,5900.0,6599999.999999999,630.0,2200.0,5200.0,5500.0,1800.0,0.22,6599999.999999999,4.8E-6,0.027,0.027,0.0,740.0,4.9,0.0,3.2E-7,1.0E-18,7.4E7,1.0,1.6E9,
9.4E-42,0.0032,6500.0,4400.0,5900.0,6599999.999999999,630.0,2200.0,5200.0,5500.0,1800.0,0.22,6599999.999999999,4.2E-6,0.027,0.027,0.0,730.0,4.9,0.0,3.2E-7,9.3E-19,7.7E7,1.0,1.6E9,
9.4E-42,0.0032,6500.0,4400.0,5900.0,6599999.999999999,630.0,2200.0,5200.0,5500.0,1800.0,0.22,6599999.999999999,3.8E-6,0.027,0.027,0.0,730.0,4.9,0.0,3.2E-7,8.3E-19,8.0E7,1.0,1.6E9,
9.4E-42,0.0032,6500.0,4400.0,5900.0,6599999.999999999,630.0,2200.0,5200.0,5500.0,1800.0,0.22,6599999.999999999,4.8E-6,0.027,0.027,0.0,720.0,4.9,0.0,3.2E-7,8.5E-19,7.3E7,1.0,1.6E9,
7.299999999999999E-41,0.068,24000.0,110000.0,20000.0,8500000.0,520.0,2200.0,11000.0,940.0,2100.0,0.23,8700000.0,5.8,0.13,0.13,0.0,950.0,9.6,170.0,4.4E-7,7.2E-13,7.1E7,1.0,1.6E9,
3.9E-41,0.037,1500.0,65000.0,2500.0,8400000.0,520.0,2200.0,3200.0,940.0,2100.0,0.23,8500000.0,7.5E-6,0.095,0.095,0.0,950.0,8.7,8.7,4.4E-7,2.1E-13,6.6E7,1.0,1.6E9,
8.2E-42,0.0076,1500.0,5000.0,2500.0,8400000.0,520.0,2200.0,3200.0,940.0,2100.0,0.23,8400000.0,3.1E-6,0.061,0.061,0.0,950.0,8.6,0.16,4.4E-7,2.0E-14,6.2E7,1.0,1.6E9,
7.7E-42,0.0072,1500.0,5000.0,2500.0,7499999.999999999,520.0,2200.0,3200.0,930.0,2000.0,0.23,7599999.999999999,1.5E-5,0.057,0.057,0.0,950.0,8.0,0.022,4.4E-7,1.3E-14,5.9E7,1.0,1.6E9,
7.6E-42,0.0072,1500.0,5000.0,2500.0,7399999.999999999,520.0,2200.0,3200.0,930.0,2000.0,0.22,7399999.999999999,1.8E-5,0.056,0.056,0.0,960.0,7.8,4.1E-4,4.4E-7,5.6E-15,5.5E7,1.0,1.6E9,
7.6E-42,0.0071,1500.0,5000.0,2500.0,7199999.999999999,520.0,2200.0,3200.0,930.0,2000.0,0.22,7299999.999999999,2.0E-5,0.055,0.055,0.0,960.0,7.7,7.6E-6,4.4E-7,2.5E-15,5.2E7,1.0,1.6E9,
7.4E-42,0.0069,1500.0,4900.0,2500.0,6799999.999999999,520.0,2200.0,3200.0,930.0,2000.0,0.22,6899999.999999999,2.3E-5,0.053,0.053,0.0,950.0,7.4,1.4E-7,4.4E-7,1.1E-15,5.0E7,1.0,1.6E9,
7.3E-42,0.0068,1500.0,4900.0,2500.0,6699999.999999999,520.0,2200.0,3200.0,930.0,2000.0,0.22,6799999.999999999,2.6E-5,0.052,0.052,0.0,950.0,7.3,9.5E-10,4.4E-7,4.1E-16,4.7E7,1.0,1.6E9,
7.3E-42,0.0068,1500.0,4900.0,2500.0,6699999.999999999,520.0,2200.0,3200.0,930.0,2000.0,0.22,6699999.999999999,2.9E-5,0.052,0.052,0.0,930.0,7.3,6.5E-12,4.4E-7,1.5E-16,4.5E7,1.0,1.6E9,
7.3E-42,0.0068,1500.0,4900.0,2500.0,6699999.999999999,520.0,2200.0,3200.0,930.0,2000.0,0.22,6699999.999999999,3.0E-5,0.052,0.052,0.0,930.0,7.3,1.6E-14,4.4E-7,5.2E-17,4.5E7,1.0,1.6E9,
7.3E-42,0.0068,1500.0,4900.0,2500.0,6699999.999999999,520.0,2200.0,3200.0,930.0,2000.0,0.22,6699999.999999999,2.7E-5,0.052,0.052,0.0,930.0,7.3,4.1E-17,4.4E-7,2.1E-17,4.6E7,1.0,1.6E9,
7.3E-42,0.0068,1500.0,4900.0,2500.0,6699999.999999999,520.0,2200.0,3200.0,930.0,2000.0,0.22,6699999.999999999,2.4E-5,0.052,0.052,0.0,910.0,7.3,1.0E-19,4.4E-7,1.1E-17,4.8E7,1.0,1.6E9,
7.3E-42,0.0068,1500.0,4900.0,2500.0,6699999.999999999,520.0,2200.0,3200.0,930.0,2000.0,0.22,6699999.999999999,2.0E-5,0.052,0.052,0.0,910.0,7.3,2.6E-22,4.4E-7,7.4E-18,5.1E7,1.0,1.6E9,
7.3E-42,0.0068,1500.0,4900.0,2500.0,6699999.999999999,520.0,2200.0,3200.0,930.0,2000.0,0.22,6699999.999999999,1.7E-5,0.052,0.052,0.0,910.0,7.3,1.3999999999999999E-24,4.4E-7,5.7E-18,5.4E7,1.0,1.6E9,
7.3E-42,0.0068,1500.0,4900.0,2500.0,6699999.999999999,520.0,2200.0,3200.0,930.0,2000.0,0.22,6699999.999999999,1.4E-5,0.052,0.052,0.0,910.0,7.3,3.1000000000000002E-27,4.4E-7,4.6E-18,5.8E7,1.0,1.6E9,
7.3E-42,0.0068,1500.0,4900.0,2500.0,6699999.999999999,520.0,2200.0,3200.0,930.0,2000.0,0.22,6699999.999999999,1.2E-5,0.052,0.052,0.0,910.0,7.3,1.1000000000000002E-28,4.4E-7,3.8E-18,6.2E7,1.0,1.6E9,
7.3E-42,0.0068,1500.0,4900.0,2500.0,6699999.999999999,520.0,2200.0,3200.0,930.0,2000.0,0.22,6699999.999999999,1.2E-5,0.052,0.052,0.0,910.0,7.3,0.0,4.4E-7,3.3E-18,6.2E7,1.0,1.6E9,
7.3E-42,0.0068,1500.0,4900.0,2500.0,6699999.999999999,520.0,2200.0,3200.0,930.0,2000.0,0.22,6699999.999999999,1.4E-5,0.052,0.052,0.0,900.0,7.3,0.0,4.4E-7,3.5E-18,5.8E7,1.0,1.6E9,
2.3999999999999997E-41,0.022,5000.0,42000.0,1200.0,8199999.999999999,6100.0,2200.0,3200.0,930.0,2000.0,0.23,8199999.999999999,7.6E-6,0.13,0.13,0.0,970.0,5.1,11.0,4.7E-7,2.3E-13,5.6E7,1.0,1.6E9,
6.2E-42,0.0057,5000.0,4500.0,1200.0,7499999.999999999,6100.0,2200.0,3200.0,930.0,2000.0,0.22,7599999.999999999,1.2E-5,0.091,0.091,0.0,960.0,4.8,1.5,4.6E-7,4.0E-14,5.4E7,1.0,1.6E9,
6.1E-42,0.0057,5000.0,4500.0,1200.0,7399999.999999999,6100.0,2200.0,3200.0,930.0,2000.0,0.22,7399999.999999999,1.4E-5,0.09,0.09,0.0,960.0,4.7,0.01,4.6E-7,1.4E-14,5.0E7,1.0,1.6E9,
6.1E-42,0.0057,5000.0,4500.0,1200.0,7399999.999999999,6000.0,2200.0,3200.0,930.0,2000.0,0.22,7399999.999999999,1.6E-5,0.089,0.089,0.0,960.0,4.7,6.9E-5,4.6E-7,5.3E-15,4.8E7,1.0,1.6E9,
6.0E-42,0.0056,5000.0,4500.0,1200.0,7299999.999999999,6000.0,2200.0,3200.0,930.0,2000.0,0.22,7299999.999999999,1.8E-5,0.088,0.088,0.0,960.0,4.6,4.7E-7,4.6E-7,1.9E-15,4.6E7,1.0,1.6E9,
5.9E-42,0.0055,5000.0,4500.0,1200.0,7099999.999999999,6000.0,2200.0,3200.0,930.0,2000.0,0.22,7099999.999999999,1.9E-5,0.087,0.087,0.0,950.0,4.5,2.4E-8,4.6E-7,1.0E-15,4.5E7,1.0,1.6E9,
5.799999999999999E-42,0.0054,5000.0,4500.0,1200.0,6899999.999999999,6000.0,2200.0,3200.0,930.0,2000.0,0.22,6899999.999999999,2.0E-5,0.085,0.085,0.0,950.0,4.4,1.2E-9,4.6E-7,5.7E-16,4.3E7,1.0,1.6E9,
5.7E-42,0.0053,5000.0,4400.0,1200.0,6699999.999999999,6000.0,2200.0,3200.0,920.0,2000.0,0.22,6699999.999999999,2.0E-5,0.083,0.083,0.0,950.0,4.3,1.6E-10,4.6E-7,3.8E-16,4.3E7,1.0,1.6E9,
5.7E-42,0.0053,5000.0,4400.0,1200.0,6699999.999999999,6000.0,2200.0,3200.0,920.0,2000.0,0.22,6699999.999999999,2.2E-5,0.083,0.083,0.0,950.0,4.3,4.1E-13,4.6E-7,1.2E-16,4.2E7,1.0,1.6E9,
5.7E-42,0.0053,5000.0,4400.0,1200.0,6699999.999999999,6000.0,2200.0,3200.0,920.0,2000.0,0.22,6699999.999999999,2.1E-5,0.083,0.083,0.0,950.0,4.3,1.0E-15,4.6E-7,4.0E-17,4.2E7,1.0,1.6E9,
5.7E-42,0.0053,5000.0,4400.0,1200.0,6699999.999999999,6000.0,2200.0,3200.0,920.0,2000.0,0.22,6699999.999999999,1.8E-5,0.083,0.083,0.0,950.0,4.3,2.6E-18,4.6E-7,1.6E-17,4.4E7,1.0,1.6E9,
5.7E-42,0.0053,5000.0,4400.0,1200.0,6699999.999999999,6000.0,2200.0,3200.0,920.0,2000.0,0.22,6699999.999999999,1.5E-5,0.083,0.083,0.0,950.0,4.3,6.7E-21,4.6E-7,8.0E-18,4.7E7,1.0,1.6E9,
5.7E-42,0.0053,5000.0,4400.0,1200.0,6699999.999999999,6000.0,2200.0,3200.0,920.0,2000.0,0.22,6699999.999999999,1.3E-5,0.083,0.083,0.0,950.0,4.3,1.6000000000000002E-23,4.6E-7,5.1E-18,5.0E7,1.0,1.6E9,
5.7E-42,0.0053,5000.0,4400.0,1200.0,6699999.999999999,6000.0,2200.0,3200.0,920.0,2000.0,0.22,6699999.999999999,1.1E-5,0.083,0.083,0.0,950.0,4.3,3.4E-26,4.6E-7,3.8E-18,5.4E7,1.0,1.6E9,
5.7E-42,0.0053,5000.0,4400.0,1200.0,6699999.999999999,6000.0,2200.0,3200.0,920.0,2000.0,0.22,6699999.999999999,8.9E-6,0.083,0.083,0.0,950.0,4.3,4.1E-28,4.6E-7,3.0E-18,5.7E7,1.0,1.6E9,
5.7E-42,0.0053,5000.0,4400.0,1200.0,6699999.999999999,6000.0,2200.0,3200.0,920.0,2000.0,0.22,6699999.999999999,7.4E-6,0.083,0.083,0.0,950.0,4.3,1.5999999999999999E-31,4.6E-7,2.5E-18,6.1E7,1.0,1.6E9,
5.7E-42,0.0053,5000.0,4400.0,1200.0,6699999.999999999,6000.0,2200.0,3200.0,920.0,2000.0,0.22,6699999.999999999,8.3E-6,0.083,0.083,0.0,940.0,4.3,0.0,4.6E-7,2.3E-18,5.9E7,1.0,1.6E9,
5.7E-42,0.0053,5000.0,4400.0,1200.0,6699999.999999999,6000.0,2200.0,3200.0,920.0,2000.0,0.22,6699999.999999999,9.4E-6,0.083,0.083,0.0,930.0,4.3,0.0,4.6E-7,2.5E-18,5.6E7,1.0,1.6E9,
5.7E-42,0.0053,5000.0,4400.0,1200.0,6699999.999999999,6000.0,2200.0,3200.0,920.0,2000.0,0.22,6699999.999999999,9.4E-6,0.083,0.083,0.0,920.0,4.3,0.0,4.6E-7,2.6E-18,5.6E7,1.0,1.6E9,
5.7E-42,0.0053,5000.0,4400.0,1200.0,6699999.999999999,6000.0,2200.0,3200.0,920.0,2000.0,0.22,6699999.999999999,8.7E-6,0.083,0.083,0.0,920.0,4.3,0.0,4.6E-7,2.6E-18,5.8E7,1.0,1.6E9,
5.7E-42,0.0053,5000.0,4400.0,1200.0,6699999.999999999,6000.0,2200.0,3200.0,920.0,2000.0,0.22,6699999.999999999,7.8E-6,0.083,0.083,0.0,920.0,4.3,0.0,4.6E-7,2.4E-18,6.0E7,1.0,1.6E9,
5.7E-42,0.0053,5000.0,4400.0,1200.0,6699999.999999999,6000.0,2200.0,3200.0,920.0,2000.0,0.22,6699999.999999999,6.8E-6,0.083,0.083,0.0,920.0,4.3,0.0,4.6E-7,2.1E-18,6.3E7,1.0,1.6E9,
5.7E-42,0.0053,5000.0,4400.0,1200.0,6699999.999999999,6000.0,2200.0,3200.0,920.0,2000.0,0.22,6699999.999999999,5.9E-6,0.083,0.083,0.0,920.0,4.3,0.0,4.6E-7,1.9E-18,6.6E7,1.0,1.6E9,
5.7E-42,0.0053,5000.0,4400.0,1200.0,6699999.999999999,6000.0,2200.0,3200.0,920.0,2000.0,0.22,6699999.999999999,5.1E-6,0.083,0.083,0.0,920.0,4.3,0.0,4.6E-7,1.6E-18,7.0E7,1.0,1.6E9,
5.7E-42,0.0053,5000.0,4400.0,1200.0,6699999.999999999,6000.0,2200.0,3200.0,920.0,2000.0,0.22,6699999.999999999,5.2E-6,0.083,0.083,0.0,920.0,4.3,0.0,4.6E-7,1.5E-18,6.9E7,1.0,1.6E9,
5.7E-42,0.0053,5000.0,4400.0,1200.0,6699999.999999999,6000.0,2200.0,3200.0,920.0,2000.0,0.22,6699999.999999999,6.4E-6,0.083,0.083,0.0,910.0,4.3,0.0,4.6E-7,1.6E-18,6.4E7,1.0,1.6E9,
5.7E-42,0.0053,5000.0,4400.0,1200.0,6699999.999999999,6000.0,2200.0,3200.0,920.0,2000.0,0.22,6699999.999999999,6.9E-6,0.083,0.083,0.0,910.0,4.3,0.0,4.6E-7,1.8E-18,6.3E7,1.0,1.6E9,
5.7E-42,0.0053,5000.0,4400.0,1200.0,6699999.999999999,6000.0,2200.0,3200.0,920.0,2000.0,0.22,6699999.999999999,6.8E-6,0.083,0.083,0.0,910.0,4.3,0.0,4.6E-7,1.9E-18,6.3E7,1.0,1.6E9,
5.7E-42,0.0053,5000.0,4400.0,1200.0,6699999.999999999,6000.0,2200.0,3200.0,920.0,2000.0,0.22,6699999.999999999,6.3E-6,0.083,0.083,0.0,910.0,4.3,0.0,4.6E-7,1.9E-18,6.5E7,1.0,1.6E9,
5.7E-42,0.0053,5000.0,4400.0,1200.0,6699999.999999999,6000.0,2200.0,3200.0,920.0,2000.0,0.22,6699999.999999999,5.7E-6,0.083,0.083,0.0,910.0,4.3,0.0,4.6E-7,1.7E-18,6.7E7,1.0,1.6E9,
5.7E-42,0.0053,5000.0,4400.0,1200.0,6699999.999999999,6000.0,2200.0,3200.0,920.0,2000.0,0.22,6699999.999999999,5.0E-6,0.083,0.083,0.0,890.0,4.3,0.0,4.6E-7,1.6E-18,7.0E7,1.0,1.6E9,
5.7E-42,0.0053,5000.0,4400.0,1200.0,6699999.999999999,6000.0,2200.0,3200.0,920.0,2000.0,0.22,6699999.999999999,4.4E-6,0.083,0.083,0.0,890.0,4.3,0.0,4.6E-7,1.4E-18,7.4E7,1.0,1.6E9,
5.7E-42,0.0053,5000.0,4400.0,1200.0,6699999.999999999,6000.0,2200.0,3200.0,920.0,2000.0,0.22,6699999.999999999,3.8E-6,0.083,0.083,0.0,890.0,4.3,0.0,4.6E-7,1.2E-18,7.7E7,1.0,1.6E9,
5.7E-42,0.0053,5000.0,4400.0,1200.0,6699999.999999999,6000.0,2200.0,3200.0,920.0,2000.0,0.22,6699999.999999999,5.1E-6,0.083,0.083,0.0,890.0,4.3,0.0,4.6E-7,1.3E-18,7.0E7,1.0,1.6E9,
5.7E-42,0.0053,5000.0,4400.0,1200.0,6699999.999999999,6000.0,2200.0,3200.0,920.0,2000.0,0.22,6699999.999999999,5.9E-6,0.083,0.083,0.0,890.0,4.3,0.0,4.6E-7,1.5E-18,6.6E7,1.0,1.6E9,
5.7E-42,0.0053,5000.0,4400.0,1200.0,6699999.999999999,6000.0,2200.0,3200.0,920.0,2000.0,0.22,6699999.999999999,6.0E-6,0.083,0.083,0.0,890.0,4.3,0.0,4.6E-7,1.6E-18,6.6E7,1.0,1.6E9,
5.7E-42,0.0053,5000.0,4400.0,1200.0,6699999.999999999,6000.0,2200.0,3200.0,920.0,2000.0,0.22,6699999.999999999,5.7E-6,0.083,0.083,0.0,880.0,4.3,0.0,4.6E-7,1.7E-18,6.7E7,1.0,1.6E9,
5.7E-42,0.0053,5000.0,4400.0,1200.0,6699999.999999999,6000.0,2200.0,3200.0,920.0,2000.0,0.22,6699999.999999999,5.2E-6,0.083,0.083,0.0,860.0,4.3,0.0,4.6E-7,1.6E-18,6.9E7,1.0,1.6E9,
5.7E-42,0.0053,5000.0,4400.0,1200.0,6699999.999999999,6000.0,2200.0,3200.0,920.0,2000.0,0.22,6699999.999999999,4.7E-6,0.083,0.083,0.0,850.0,4.3,0.0,4.6E-7,1.5E-18,7.2E7,1.0,1.6E9,
5.7E-42,0.0053,5000.0,4400.0,1200.0,6699999.999999999,6000.0,2200.0,3200.0,920.0,2000.0,0.22,6699999.999999999,4.1E-6,0.083,0.083,0.0,840.0,4.3,0.0,4.6E-7,1.3E-18,7.5E7,1.0,1.6E9,
5.7E-42,0.0053,5000.0,4400.0,1200.0,6699999.999999999,6000.0,2200.0,3200.0,920.0,2000.0,0.22,6699999.999999999,3.7E-6,0.083,0.083,0.0,840.0,4.3,0.0,4.6E-7,1.2E-18,7.9E7,1.0,1.6E9,
5.7E-42,0.0053,5000.0,4400.0,1200.0,6699999.999999999,6000.0,2200.0,3200.0,920.0,2000.0,0.22,6699999.999999999,4.4E-6,0.083,0.083,0.0,840.0,4.3,0.0,4.6E-7,1.1E-18,7.4E7,1.0,1.6E9,
5.7E-42,0.0053,5000.0,4400.0,1200.0,6699999.999999999,6000.0,2200.0,3200.0,920.0,2000.0,0.22,6699999.999999999,5.3E-6,0.083,0.083,0.0,840.0,4.3,0.0,4.6E-7,1.3E-18,6.9E7,1.0,1.6E9,
5.7E-42,0.0053,5000.0,4400.0,1200.0,6699999.999999999,6000.0,2200.0,3200.0,920.0,2000.0,0.22,6699999.999999999,5.6E-6,0.083,0.083,0.0,840.0,4.3,0.0,4.6E-7,1.5E-18,6.7E7,1.0,1.6E9,
5.7E-42,0.0053,5000.0,4400.0,1200.0,6699999.999999999,6000.0,2200.0,3200.0,920.0,2000.0,0.22,6699999.999999999,5.5E-6,0.083,0.083,0.0,840.0,4.3,0.0,4.6E-7,1.6E-18,6.8E7,1.0,1.6E9,
5.7E-42,0.0053,5000.0,4400.0,1200.0,6699999.999999999,6000.0,2200.0,3200.0,920.0,2000.0,0.22,6699999.999999999,5.1E-6,0.083,0.083,0.0,830.0,4.3,0.0,4.6E-7,1.5E-18,7.0E7,1.0,1.6E9,
5.7E-42,0.0053,5000.0,4400.0,1200.0,6699999.999999999,6000.0,2200.0,3200.0,920.0,2000.0,0.22,6699999.999999999,4.6E-6,0.083,0.083,0.0,830.0,4.3,0.0,4.6E-7,1.4E-18,7.2E7,1.0,1.6E9,
5.7E-42,0.0053,5000.0,4400.0,1200.0,6699999.999999999,6000.0,2200.0,3200.0,920.0,2000.0,0.22,6699999.999999999,4.1E-6,0.083,0.083,0.0,830.0,4.3,0.0,4.6E-7,1.3E-18,7.6E7,1.0,1.6E9,
5.7E-42,0.0053,5000.0,4400.0,1200.0,6699999.999999999,6000.0,2200.0,3200.0,920.0,2000.0,0.22,6699999.999999999,3.6E-6,0.083,0.083,0.0,820.0,4.3,0.0,4.6E-7,1.1E-18,7.9E7,1.0,1.6E9,
5.7E-42,0.0053,5000.0,4400.0,1200.0,6599999.999999999,6000.0,2200.0,3200.0,920.0,2000.0,0.22,6699999.999999999,4.1E-6,0.083,0.083,0.0,810.0,4.3,0.0,4.6E-7,1.1E-18,7.5E7,1.0,1.6E9,
5.7E-42,0.0053,5000.0,4400.0,1200.0,6599999.999999999,6000.0,2200.0,3200.0,920.0,2000.0,0.22,6699999.999999999,5.3E-6,0.083,0.083,0.0,810.0,4.3,0.0,4.6E-7,1.3E-18,6.8E7,1.0,1.6E9,
5.7E-42,0.0053,5000.0,4400.0,1200.0,6599999.999999999,6000.0,2200.0,3200.0,920.0,2000.0,0.22,6699999.999999999,5.9E-6,0.083,0.083,0.0,800.0,4.3,0.0,4.6E-7,1.5E-18,6.5E7,1.0,1.6E9,
6.7E-41,0.066,61000.0,91000.0,37000.0,8299999.999999999,6000.0,2200.0,3200.0,920.0,2000.0,0.22,8500000.0,5.1E-5,0.15,0.15,0.0,1200.0,32.0,69.0,5.7E-7,4.9E-13,6.4E7,1.0,1.7E9,
7.3E-42,0.0072,3000.0,3000.0,4000.0,7699999.999999999,6000.0,2200.0,3200.0,920.0,2000.0,0.22,7799999.999999999,1.5E-5,0.066,0.066,0.0,1200.0,8.4,9.5,5.7E-7,3.5E-14,6.1E7,1.0,1.6E9,
7.1E-42,0.007,3000.0,3000.0,4000.0,7399999.999999999,6000.0,2200.0,3200.0,920.0,2000.0,0.22,7399999.999999999,1.6E-5,0.063,0.063,0.0,1200.0,8.2,1.3,5.7E-7,2.3E-14,5.9E7,1.0,1.6E9,
7.0E-42,0.0069,3000.0,3000.0,4000.0,7199999.999999999,6000.0,2200.0,3200.0,920.0,2000.0,0.22,7199999.999999999,1.8E-5,0.062,0.062,0.0,1200.0,8.0,0.064,5.6E-7,1.3E-14,5.6E7,1.0,1.6E9,
6.8E-42,0.0067,3000.0,3000.0,4000.0,6699999.999999999,6000.0,2200.0,3200.0,920.0,2000.0,0.22,6699999.999999999,2.0E-5,0.059,0.059,0.0,1200.0,7.7,0.0012,5.6E-7,5.4E-15,5.3E7,1.0,1.6E9,
6.8E-42,0.0067,3000.0,3000.0,4000.0,6699999.999999999,6000.0,2200.0,3200.0,920.0,2000.0,0.22,6699999.999999999,2.2E-5,0.059,0.059,0.0,1200.0,7.7,3.0E-6,5.6E-7,1.6E-15,5.1E7,1.0,1.6E9,
6.8E-42,0.0067,3000.0,3000.0,4000.0,6699999.999999999,6000.0,2200.0,3200.0,920.0,2000.0,0.22,6699999.999999999,2.2E-5,0.059,0.059,0.0,1100.0,7.7,7.7E-9,5.6E-7,5.0E-16,5.1E7,1.0,1.6E9,
6.8E-42,0.0067,3000.0,3000.0,4000.0,6699999.999999999,6000.0,2200.0,3200.0,920.0,2000.0,0.22,6699999.999999999,2.0E-5,0.059,0.059,0.0,1100.0,7.7,1.9E-11,5.6E-7,1.6E-16,5.3E7,1.0,1.6E9,
6.8E-42,0.0067,3000.0,3000.0,4000.0,6699999.999999999,6000.0,2200.0,3200.0,920.0,2000.0,0.22,6699999.999999999,1.7E-5,0.059,0.059,0.0,1100.0,7.7,4.8E-14,5.6E-7,5.1E-17,5.5E7,1.0,1.6E9,
6.8E-42,0.0067,3000.0,3000.0,4000.0,6699999.999999999,6000.0,2200.0,3200.0,920.0,2000.0,0.22,6699999.999999999,1.5E-5,0.059,0.059,0.0,1100.0,7.7,1.2E-16,5.6E-7,1.9E-17,5.8E7,1.0,1.6E9,
6.8E-42,0.0067,3000.0,3000.0,4000.0,6699999.999999999,6000.0,2200.0,3200.0,920.0,2000.0,0.22,6699999.999999999,1.3E-5,0.059,0.059,0.0,1100.0,7.7,3.1E-19,5.6E-7,9.1E-18,6.2E7,1.0,1.6E9,
6.8E-42,0.0067,3000.0,3000.0,4000.0,6599999.999999999,6000.0,2200.0,3200.0,920.0,2000.0,0.22,6699999.999999999,1.4E-5,0.059,0.059,0.0,1100.0,7.6,2.2E-21,5.6E-7,6.1E-18,6.0E7,1.0,1.6E9,
6.8E-42,0.0067,3000.0,3000.0,4000.0,6599999.999999999,6000.0,2200.0,3200.0,920.0,2000.0,0.22,6699999.999999999,1.6E-5,0.059,0.059,0.0,1100.0,7.6,5.5999999999999996E-24,5.6E-7,5.5E-18,5.7E7,1.0,1.6E9,
6.8E-42,0.0067,3000.0,3000.0,4000.0,6599999.999999999,6000.0,2200.0,3200.0,920.0,2000.0,0.22,6699999.999999999,1.6E-5,0.059,0.059,0.0,1100.0,7.6,1.4E-26,5.6E-7,5.5E-18,5.6E7,1.0,1.6E9,
2.5E-41,0.06,13000.0,85000.0,4500.0,8299999.999999999,6000.0,2200.0,3200.0,920.0,2000.0,0.22,8400000.0,4.9E-5,0.077,0.077,0.0,1100.0,22.0,2000.0,5.9E-7,1.4E-12,5.6E7,1.0,1.6E9,
3.8E-42,0.009,330.0,2100.0,4500.0,8099999.999999999,6000.0,2200.0,3200.0,920.0,2000.0,0.22,8099999.999999999,5.7E-5,0.043,0.043,0.0,1100.0,22.0,36.0,5.9E-7,9.6E-14,5.3E7,1.0,1.6E9,
3.6E-42,0.0035,5700.0,1100.0,13.0,8099999.999999999,1100.0,2200.0,3200.0,2100.0,3500.0,0.22,8199999.999999999,1.2E-5,0.069,0.069,0.0,1100.0,11.0,19.0,6.2E-7,1.2E-14,5.1E7,1.0,1.6E9,
3.4E-42,0.0034,5700.0,1100.0,13.0,7799999.999999999,1100.0,2200.0,3200.0,2100.0,3500.0,0.22,7799999.999999999,3.4E-5,0.067,0.067,0.0,1100.0,11.0,2.6,6.2E-7,7.9E-15,5.0E7,1.0,1.6E9,
3.3E-42,0.0033,5700.0,1100.0,13.0,7499999.999999999,1100.0,2200.0,3200.0,2100.0,3500.0,0.22,7499999.999999999,3.6E-5,0.066,0.066,0.0,1100.0,11.0,0.13,6.2E-7,4.2E-15,4.8E7,1.0,1.6E9,
3.2E-42,0.0031,5700.0,1100.0,13.0,7099999.999999999,1100.0,2200.0,3200.0,2100.0,3500.0,0.22,7099999.999999999,3.6E-5,0.063,0.063,0.0,1000.0,9.9,0.018,6.2E-7,2.7E-15,4.7E7,1.0,1.6E9,
3.0E-42,0.003,5700.0,1100.0,13.0,6699999.999999999,1100.0,2200.0,3200.0,2100.0,3500.0,0.22,6799999.999999999,3.8E-5,0.061,0.061,0.0,1000.0,9.5,8.8E-4,6.1E-7,1.4E-15,4.5E7,1.0,1.6E9,
2.0E-41,0.034,6300.0,81000.0,2100.0,8199999.999999999,1100.0,2200.0,3200.0,2100.0,3500.0,0.22,8299999.999999999,3.2,0.13,0.13,0.0,1100.0,12.0,190.0,6.3E-7,4.4E-13,4.5E7,1.0,1.6E9,
2.8999999999999996E-42,0.0048,6300.0,2900.0,2100.0,8099999.999999999,1100.0,2200.0,3200.0,2100.0,3500.0,0.22,8099999.999999999,7.0E-5,0.078,0.078,0.0,1100.0,15.0,1.3,6.3E-7,2.3E-14,4.3E7,1.0,1.6E9,
2.8E-42,0.0047,6300.0,2800.0,2100.0,7699999.999999999,1100.0,2200.0,3200.0,2100.0,3500.0,0.22,7699999.999999999,7.0E-5,0.076,0.076,0.0,1000.0,14.0,0.18,6.2E-7,1.5E-14,4.2E7,1.0,1.6E9,
2.7E-42,0.0046,6300.0,2800.0,2100.0,7299999.999999999,1100.0,2200.0,3200.0,2100.0,3500.0,0.22,7399999.999999999,7.2E-5,0.073,0.073,0.0,1000.0,14.0,0.009,6.2E-7,8.1E-15,4.1E7,1.0,1.6E9,
2.7E-42,0.0045,6300.0,2800.0,2100.0,7099999.999999999,1100.0,2200.0,3200.0,2100.0,3500.0,0.22,7099999.999999999,7.5E-5,0.071,0.071,0.0,1000.0,13.0,1.7E-4,6.2E-7,3.6E-15,4.0E7,1.0,1.6E9,
2.6E-42,0.0043,6300.0,2800.0,2100.0,6699999.999999999,1100.0,2200.0,3200.0,2100.0,3500.0,0.22,6699999.999999999,7.7E-5,0.069,0.069,0.0,990.0,13.0,1.1E-6,6.2E-7,1.3E-15,3.9E7,1.0,1.6E9,
2.6E-42,0.0043,6300.0,2800.0,2100.0,6699999.999999999,1100.0,2200.0,3200.0,2100.0,3500.0,0.22,6699999.999999999,7.9E-5,0.069,0.069,0.0,980.0,13.0,2.9E-9,6.2E-7,4.1E-16,3.8E7,1.0,1.6E9,
2.6E-42,0.0043,6300.0,2800.0,2100.0,6699999.999999999,1100.0,2200.0,3200.0,2100.0,3500.0,0.22,6699999.999999999,7.2E-5,0.069,0.069,0.0,980.0,13.0,7.3E-12,6.2E-7,1.4E-16,4.0E7,1.0,1.6E9,
2.6E-42,0.0043,6300.0,2800.0,2100.0,6699999.999999999,1100.0,2200.0,3200.0,2100.0,3500.0,0.22,6699999.999999999,6.2E-5,0.069,0.069,0.0,970.0,13.0,1.8E-14,6.2E-7,6.1E-17,4.2E7,1.0,1.6E9,
2.6E-42,0.0043,6300.0,2800.0,2100.0,6699999.999999999,1100.0,2200.0,3200.0,2100.0,3500.0,0.22,6699999.999999999,5.1E-5,0.069,0.069,0.0,970.0,13.0,4.7E-17,6.2E-7,3.3E-17,4.5E7,1.0,1.6E9,
2.6E-42,0.0043,6300.0,2800.0,2100.0,6699999.999999999,1100.0,2200.0,3200.0,2100.0,3500.0,0.22,6699999.999999999,4.2E-5,0.069,0.069,0.0,970.0,13.0,1.1E-19,6.2E-7,2.2E-17,4.8E7,1.0,1.6E9,
2.6E-42,0.0043,6300.0,2800.0,2100.0,6699999.999999999,1100.0,2200.0,3200.0,2100.0,3500.0,0.22,6699999.999999999,3.5E-5,0.069,0.069,0.0,950.0,13.0,6.4999999999999995E-22,6.2E-7,1.7E-17,5.1E7,1.0,1.6E9,
2.6E-42,0.0043,6300.0,2800.0,2100.0,6699999.999999999,1100.0,2200.0,3200.0,2100.0,3500.0,0.22,6699999.999999999,2.9E-5,0.069,0.069,0.0,940.0,13.0,2.1999999999999996E-22,6.2E-7,1.3E-17,5.5E7,1.0,1.6E9,
2.6E-42,0.0043,6300.0,2800.0,2100.0,6699999.999999999,1100.0,2200.0,3200.0,2100.0,3500.0,0.22,6699999.999999999,2.4E-5,0.069,0.069,0.0,930.0,13.0,2.7999999999999998E-24,6.2E-7,1.1E-17,5.9E7,1.0,1.6E9,
2.6E-42,0.0043,6300.0,2800.0,2100.0,6699999.999999999,1100.0,2200.0,3200.0,2100.0,3500.0,0.22,6699999.999999999,2.6E-5,0.069,0.069,0.0,930.0,13.0,9.300000000000001E-27,6.2E-7,9.8E-18,5.7E7,1.0,1.6E9,
2.6E-42,0.0043,6300.0,2800.0,2100.0,6699999.999999999,1100.0,2200.0,3200.0,2100.0,3500.0,0.22,6699999.999999999,2.9E-5,0.069,0.069,0.0,920.0,13.0,2.4E-29,6.2E-7,1.1E-17,5.5E7,1.0,1.6E9,
2.6E-42,0.0043,6300.0,2800.0,2100.0,6699999.999999999,1100.0,2200.0,3200.0,2100.0,3500.0,0.22,6699999.999999999,2.9E-5,0.069,0.069,0.0,920.0,13.0,6.0E-32,6.2E-7,1.1E-17,5.5E7,1.0,1.6E9,
2.6E-42,0.0043,6300.0,2800.0,2100.0,6699999.999999999,1100.0,2200.0,3200.0,2100.0,3500.0,0.22,6699999.999999999,2.7E-5,0.069,0.069,0.0,920.0,13.0,1.5E-34,6.2E-7,1.1E-17,5.6E7,1.0,1.6E9,
2.6E-42,0.0043,6300.0,2800.0,2100.0,6699999.999999999,1100.0,2200.0,3200.0,2100.0,3500.0,0.22,6699999.999999999,2.4E-5,0.069,0.069,0.0,920.0,13.0,5.2000000000000004E-37,6.2E-7,1.0E-17,5.9E7,1.0,1.6E9,
2.6E-42,0.0043,6300.0,2800.0,2100.0,6699999.999999999,1100.0,2200.0,3200.0,2100.0,3500.0,0.22,6699999.999999999,2.1E-5,0.069,0.069,0.0,920.0,13.0,1.2E-37,6.2E-7,8.9E-18,6.2E7,1.0,1.6E9,
2.6E-42,0.0043,6300.0,2800.0,2100.0,6699999.999999999,1100.0,2200.0,3200.0,2100.0,3500.0,0.22,6699999.999999999,1.8E-5,0.069,0.069,0.0,920.0,13.0,7.7E-39,6.2E-7,7.8E-18,6.5E7,1.0,1.6E9,
2.6E-42,0.0043,6300.0,2800.0,2100.0,6699999.999999999,1100.0,2200.0,3200.0,2100.0,3500.0,0.22,6699999.999999999,1.6E-5,0.069,0.069,0.0,920.0,13.0,0.0,6.2E-7,6.7E-18,6.9E7,1.0,1.6E9,
2.6E-42,0.0043,6300.0,2800.0,2100.0,6699999.999999999,1100.0,2200.0,3200.0,2100.0,3500.0,0.22,6699999.999999999,1.6E-5,0.069,0.069,0.0,910.0,13.0,2.3E-39,6.2E-7,6.0E-18,6.8E7,1.0,1.6E9,
2.6E-42,0.0043,6300.0,2800.0,2100.0,6699999.999999999,1100.0,2200.0,3200.0,2100.0,3500.0,0.22,6699999.999999999,1.9E-5,0.069,0.069,0.0,890.0,13.0,5.799999999999999E-42,6.2E-7,6.6E-18,6.3E7,1.0,1.6E9,
2.6E-42,0.0043,6300.0,2800.0,2100.0,6699999.999999999,1100.0,2200.0,3200.0,2100.0,3500.0,0.21,6699999.999999999,2.1E-5,0.069,0.069,0.0,870.0,13.0,1.5E-44,6.1E-7,7.5E-18,6.1E7,1.0,1.6E9,
2.6E-42,0.0043,6300.0,2800.0,2100.0,6599999.999999999,1100.0,2200.0,3200.0,2100.0,3500.0,0.21,6599999.999999999,2.5E-5,0.069,0.069,0.0,870.0,12.0,1.0E-46,6.1E-7,8.2E-18,5.8E7,1.0,1.6E9,
2.6E-42,0.0043,6300.0,2800.0,2100.0,6599999.999999999,1100.0,2200.0,3200.0,2100.0,3500.0,0.21,6599999.999999999,2.8E-5,0.069,0.069,0.0,860.0,12.0,2.5E-49,6.1E-7,9.6E-18,5.5E7,1.0,1.6E9,
2.6E-42,0.0043,6300.0,2800.0,2100.0,6599999.999999999,1100.0,2200.0,3200.0,2100.0,3500.0,0.21,6599999.999999999,2.8E-5,0.069,0.069,0.0,850.0,12.0,6.4E-52,6.1E-7,1.0E-17,5.5E7,1.0,1.6E9,
2.6E-42,0.0043,6300.0,2800.0,2100.0,6599999.999999999,1100.0,2200.0,3200.0,2100.0,3500.0,0.21,6599999.999999999,2.6E-5,0.069,0.069,0.0,850.0,12.0,1.6E-54,6.1E-7,1.0E-17,5.7E7,1.0,1.6E9,
2.6E-42,0.0043,6300.0,2800.0,2100.0,6599999.999999999,1100.0,2200.0,3200.0,2100.0,3500.0,0.21,6599999.999999999,2.3E-5,0.069,0.069,0.0,850.0,12.0,5.1E-57,6.1E-7,9.5E-18,5.9E7,1.0,1.6E9,
2.6E-42,0.0043,6300.0,2800.0,2100.0,6599999.999999999,1100.0,2200.0,3200.0,2100.0,3500.0,0.21,6599999.999999999,2.0E-5,0.069,0.069,0.0,850.0,12.0,3.8000000000000003E-59,6.1E-7,8.5E-18,6.2E7,1.0,1.6E9,
2.6E-42,0.0043,6300.0,2800.0,2100.0,6599999.999999999,1100.0,2200.0,3200.0,2100.0,3500.0,0.21,6599999.999999999,1.7E-5,0.069,0.069,0.0,850.0,12.0,1.8E-59,6.1E-7,7.5E-18,6.5E7,1.0,1.6E9,
2.6E-42,0.0043,6300.0,2800.0,2100.0,6599999.999999999,1100.0,2200.0,3200.0,2100.0,3500.0,0.21,6599999.999999999,1.5E-5,0.069,0.069,0.0,850.0,12.0,1.3999999999999999E-61,6.1E-7,6.5E-18,6.9E7,1.0,1.6E9,
2.6E-42,0.0043,6300.0,2800.0,2100.0,6599999.999999999,1100.0,2200.0,3200.0,2100.0,3500.0,0.21,6599999.999999999,1.5E-5,0.069,0.069,0.0,840.0,12.0,1.4E-62,6.1E-7,5.8E-18,6.8E7,1.0,1.6E9,
2.6E-42,0.0043,6300.0,2800.0,2100.0,6599999.999999999,1100.0,2200.0,3200.0,2100.0,3500.0,0.21,6599999.999999999,1.9E-5,0.069,0.069,0.0,840.0,12.0,3.5E-65,6.1E-7,6.4E-18,6.3E7,1.0,1.6E9,
2.6E-42,0.0043,6300.0,2800.0,2100.0,6599999.999999999,1100.0,2200.0,3200.0,2100.0,3500.0,0.21,6599999.999999999,2.0E-5,0.069,0.069,0.0,820.0,12.0,8.8E-68,6.1E-7,7.2E-18,6.2E7,1.0,1.6E9,
2.6E-42,0.0043,6300.0,2800.0,2100.0,6599999.999999999,1100.0,2200.0,3200.0,2100.0,3500.0,0.21,6599999.999999999,2.0E-5,0.069,0.069,0.0,820.0,12.0,2.2E-70,6.2E-7,7.6E-18,6.2E7,1.0,1.6E9,
2.6E-42,0.0043,6300.0,2800.0,2100.0,6599999.999999999,1100.0,2200.0,3200.0,2100.0,3500.0,0.21,6599999.999999999,1.8E-5,0.069,0.069,0.0,800.0,12.0,6.0E-73,6.2E-7,7.4E-18,6.4E7,1.0,1.6E9,
2.6E-42,0.0043,6300.0,2800.0,2100.0,6599999.999999999,1100.0,2200.0,3200.0,2100.0,3500.0,0.21,6599999.999999999,1.7E-5,0.069,0.069,0.0,800.0,12.0,1.3E-75,6.1E-7,6.8E-18,6.6E7,1.0,1.6E9,
1.5999999999999998E-41,0.049,29000.0,77000.0,16000.0,7699999.999999999,600000.0,2100.0,6900.0,2700.0,11000.0,0.22,8400000.0,4.5E-5,0.19,0.19,0.0,2200.0,32.0,380.0,2.2E-6,1.8E-12,6.7E7,1.0,1.7E9,
4.4E-42,0.014,1400.0,4300.0,16000.0,7699999.999999999,600000.0,2100.0,6900.0,2700.0,3100.0,0.22,8299999.999999999,5.5E-5,0.092,0.092,0.0,2200.0,31.0,9.6,2.2E-6,2.3E-13,6.2E7,1.0,1.7E9,
2.4E-42,0.0076,1400.0,4300.0,3400.0,7399999.999999999,560000.0,2100.0,6900.0,2700.0,3100.0,0.22,7999999.999999999,3.1E-5,0.081,0.081,0.0,2200.0,15.0,0.24,2.2E-6,5.7E-14,5.8E7,1.0,1.7E9,
5.0E-41,0.071,47000.0,120000.0,53000.0,7699999.999999999,710000.0,3600.0,14000.0,2700.0,3100.0,0.22,8700000.0,3.2,0.19,0.19,0.0,2400.0,20.0,480.0,2.3E-6,6.7E-12,5.4E7,1.0,1.7E9,
3.1E-41,0.047,40000.0,110000.0,2900.0,7699999.999999999,740000.0,6700.0,14000.0,2700.0,3100.0,0.22,8700000.0,2.8E-5,0.14,0.14,0.0,2400.0,4.3,110.0,2.3E-6,3.1E-12,5.2E7,1.0,1.7E9,
7.2E-42,0.011,260.0,18000.0,2900.0,7299999.999999999,520000.0,6700.0,1900.0,2700.0,3100.0,0.21,7899999.999999999,3.0E-6,0.08,0.08,0.0,2400.0,4.1,44.0,2.3E-6,6.0E-13,5.1E7,1.0,1.7E9,
2.8E-42,0.0042,260.0,830.0,2900.0,7199999.999999999,270000.0,6700.0,1900.0,2700.0,3100.0,0.21,7499999.999999999,1.3E-5,0.067,0.067,0.0,2300.0,3.9,2.7,2.3E-6,1.3E-13,4.9E7,1.0,1.7E9,
4.0E-42,0.0064,940.0,7300.0,2900.0,7699999.999999999,87000.0,6600.0,1900.0,2700.0,3100.0,0.21,7799999.999999999,1.1E-5,0.068,0.068,0.0,2300.0,4.8,4.5,2.3E-6,1.8E-13,4.7E7,1.0,1.7E9,
3.9E-42,0.0062,940.0,7300.0,2900.0,7299999.999999999,3900.0,6600.0,1900.0,2700.0,3100.0,0.21,7299999.999999999,2.0E-5,0.065,0.065,0.0,2300.0,4.6,0.086,2.3E-6,8.1E-14,4.5E7,1.0,1.7E9,
3.8E-42,0.0061,940.0,7300.0,2900.0,7099999.999999999,3900.0,6600.0,1900.0,2700.0,3100.0,0.21,7199999.999999999,2.2E-5,0.064,0.064,0.0,2300.0,4.6,5.9E-4,2.3E-6,2.9E-14,4.3E7,1.0,1.7E9,
3.7E-42,0.006,940.0,7200.0,2900.0,6799999.999999999,3900.0,6600.0,1900.0,2600.0,3100.0,0.21,6799999.999999999,2.2E-5,0.062,0.062,0.0,2300.0,4.4,8.0E-5,2.2E-6,1.9E-14,4.2E7,1.0,1.7E9,
3.7E-42,0.006,940.0,7200.0,2900.0,6799999.999999999,3900.0,6600.0,1900.0,2600.0,3100.0,0.21,6799999.999999999,2.3E-5,0.062,0.062,0.0,2300.0,4.4,2.0E-7,2.2E-6,5.8E-15,4.2E7,1.0,1.7E9,
3.7E-42,0.006,940.0,7200.0,2900.0,6799999.999999999,3900.0,6600.0,1900.0,2600.0,3100.0,0.21,6799999.999999999,2.1E-5,0.062,0.062,0.0,2300.0,4.4,5.2E-10,2.2E-6,1.8E-15,4.3E7,1.0,1.7E9,
3.7E-42,0.006,940.0,7200.0,2900.0,6799999.999999999,3900.0,6600.0,1900.0,2600.0,3100.0,0.21,6799999.999999999,1.9E-5,0.062,0.062,0.0,2300.0,4.4,1.3E-12,2.2E-6,5.5E-16,4.5E7,1.0,1.7E9,
3.7E-42,0.006,940.0,7200.0,2900.0,6799999.999999999,3900.0,6600.0,1900.0,2600.0,3100.0,0.21,6799999.999999999,1.6E-5,0.062,0.062,0.0,2200.0,4.4,3.4E-15,2.2E-6,1.8E-16,4.8E7,1.0,1.7E9,
3.7E-42,0.006,940.0,7200.0,2900.0,6799999.999999999,3900.0,6600.0,1900.0,2600.0,3100.0,0.21,6799999.999999999,1.3E-5,0.062,0.062,0.0,2200.0,4.4,1.1E-17,2.2E-6,6.8E-17,5.1E7,1.0,1.7E9,
3.7E-42,0.006,940.0,7200.0,2900.0,6799999.999999999,3900.0,6600.0,1900.0,2600.0,3100.0,0.21,6799999.999999999,1.1E-5,0.062,0.062,0.0,2200.0,4.4,2.8E-20,2.2E-6,3.2E-17,5.5E7,1.0,1.7E9,
3.7E-42,0.006,940.0,7200.0,2900.0,6799999.999999999,3900.0,6600.0,1900.0,2600.0,3100.0,0.21,6799999.999999999,9.0E-6,0.062,0.062,0.0,2200.0,4.4,1.7E-21,2.2E-6,1.9E-17,5.8E7,1.0,1.7E9,
3.7E-42,0.006,940.0,7200.0,2900.0,6799999.999999999,3900.0,6600.0,1900.0,2600.0,3100.0,0.21,6799999.999999999,7.6E-6,0.062,0.062,0.0,2200.0,4.4,3.2999999999999996E-22,2.2E-6,1.3E-17,6.2E7,1.0,1.7E9,
3.7E-42,0.006,940.0,7200.0,2900.0,6799999.999999999,3900.0,6600.0,1900.0,2600.0,3100.0,0.21,6799999.999999999,8.9E-6,0.062,0.062,0.0,2200.0,4.4,0.0,2.2E-6,1.2E-17,5.9E7,1.0,1.7E9,
3.7E-42,0.006,940.0,7200.0,2900.0,6799999.999999999,3900.0,6600.0,1900.0,2600.0,3100.0,0.21,6799999.999999999,9.8E-6,0.062,0.062,0.0,2200.0,4.4,0.0,2.2E-6,1.3E-17,5.7E7,1.0,1.7E9,
3.7E-42,0.006,940.0,7200.0,2900.0,6799999.999999999,3900.0,6600.0,1900.0,2600.0,3100.0,0.21,6799999.999999999,9.7E-6,0.062,0.062,0.0,2200.0,4.4,0.0,2.2E-6,1.3E-17,5.7E7,1.0,1.7E9,
3.7E-42,0.006,940.0,7200.0,2900.0,6799999.999999999,3900.0,6600.0,1900.0,2600.0,3100.0,0.21,6799999.999999999,8.9E-6,0.062,0.062,0.0,2200.0,4.4,0.0,2.2E-6,1.3E-17,5.9E7,1.0,1.7E9,
3.7E-42,0.006,940.0,7200.0,2900.0,6799999.999999999,3900.0,6600.0,1900.0,2600.0,3100.0,0.21,6799999.999999999,7.9E-6,0.062,0.062,0.0,2200.0,4.4,0.0,2.2E-6,1.2E-17,6.1E7,1.0,1.7E9,
3.7E-42,0.006,940.0,7200.0,2900.0,6799999.999999999,3900.0,6600.0,1900.0,2600.0,3100.0,0.21,6799999.999999999,6.9E-6,0.062,0.062,0.0,2200.0,4.4,0.0,2.2E-6,1.0E-17,6.4E7,1.0,1.7E9,
3.7E-42,0.006,940.0,7200.0,2900.0,6799999.999999999,3900.0,6600.0,1900.0,2600.0,3100.0,0.21,6799999.999999999,6.0E-6,0.062,0.062,0.0,2100.0,4.4,0.0,2.2E-6,9.1E-18,6.8E7,1.0,1.7E9,
3.7E-42,0.006,940.0,7200.0,2900.0,6799999.999999999,3900.0,6600.0,1900.0,2600.0,3100.0,0.21,6799999.999999999,5.2E-6,0.062,0.062,0.0,2100.0,4.4,0.0,2.2E-6,7.9E-18,7.2E7,1.0,1.7E9,
3.7E-42,0.006,940.0,7200.0,2900.0,6799999.999999999,3900.0,6600.0,1900.0,2600.0,3100.0,0.21,6799999.999999999,5.9E-6,0.062,0.062,0.0,2100.0,4.4,0.0,2.2E-6,7.3E-18,6.8E7,1.0,1.7E9,
4.7E-42,0.0083,3300.0,11000.0,7700.0,7599999.999999999,4900.0,6600.0,1900.0,2600.0,3100.0,0.21,7599999.999999999,0.65,0.072,0.072,0.0,2100.0,5.8,290.0,2.3E-6,6.3E-13,6.7E7,1.0,1.7E9,
1.9E-42,0.0034,3300.0,3000.0,190.0,7299999.999999999,4800.0,6600.0,1900.0,2600.0,3000.0,0.21,7299999.999999999,5.2E-6,0.061,0.061,0.0,2100.0,3.1,15.0,2.3E-6,1.4E-13,6.3E7,1.0,1.7E9,
1.8E-42,0.0032,3300.0,3000.0,190.0,6799999.999999999,4800.0,6600.0,1900.0,2600.0,3000.0,0.21,6899999.999999999,5.9E-6,0.059,0.059,0.0,2100.0,2.9,0.27,2.3E-6,6.0E-14,5.9E7,1.0,1.7E9,
1.8E-42,0.0032,3300.0,3000.0,190.0,6799999.999999999,4800.0,6600.0,1900.0,2600.0,3000.0,0.21,6799999.999999999,7.0E-6,0.058,0.058,0.0,2100.0,2.9,0.0019,2.3E-6,2.2E-14,5.5E7,1.0,1.7E9,
1.8E-42,0.0032,3300.0,3000.0,190.0,6799999.999999999,4800.0,6600.0,1900.0,2600.0,3000.0,0.21,6799999.999999999,7.5E-6,0.058,0.058,0.0,2100.0,2.9,4.7E-6,2.3E-6,6.6E-15,5.4E7,1.0,1.7E9,
2.3999999999999997E-41,0.054,8000.0,180000.0,1800.0,7599999.999999999,4800.0,6600.0,1900.0,10000.0,3000.0,0.21,7799999.999999999,10.0,0.15,0.15,0.0,2100.0,3.3,510.0,2.3E-6,1.2E-11,5.5E7,1.0,1.7E9,
3.0E-42,0.0067,420.0,14000.0,1800.0,7599999.999999999,4800.0,6600.0,1900.0,2600.0,3000.0,0.21,7699999.999999999,1.9E-5,0.062,0.062,0.0,2100.0,13.0,27.0,2.3E-6,8.2E-13,5.2E7,1.0,1.7E9,
2.0E-42,0.0045,410.0,6300.0,1800.0,7599999.999999999,4800.0,6600.0,1800.0,2600.0,3000.0,0.21,7599999.999999999,2.9E-5,0.058,0.058,0.0,2100.0,13.0,0.5,2.3E-6,2.5E-13,5.0E7,1.0,1.7E9,
2.0E-42,0.0045,410.0,6300.0,1800.0,7599999.999999999,4800.0,6600.0,1800.0,2600.0,3000.0,0.21,7599999.999999999,4.9E-5,0.058,0.058,0.0,2100.0,13.0,0.0034,2.3E-6,9.1E-14,4.7E7,1.0,1.7E9,
2.0E-42,0.0045,410.0,6200.0,1800.0,7399999.999999999,4800.0,6600.0,1800.0,2600.0,3000.0,0.21,7499999.999999999,5.4E-5,0.057,0.057,0.0,2000.0,13.0,6.3E-5,2.3E-6,4.1E-14,4.6E7,1.0,1.7E9,
2.0E-42,0.0044,410.0,6200.0,1800.0,7299999.999999999,4800.0,6600.0,1800.0,2600.0,3000.0,0.21,7299999.999999999,5.8E-5,0.056,0.056,0.0,2000.0,13.0,1.2E-6,2.3E-6,1.8E-14,4.4E7,1.0,1.7E9,
1.9E-42,0.0043,410.0,6200.0,1800.0,6899999.999999999,4800.0,6600.0,1800.0,2600.0,3000.0,0.21,6899999.999999999,6.0E-5,0.054,0.054,0.0,2000.0,12.0,5.9E-8,2.3E-6,9.7E-15,4.3E7,1.0,1.7E9,
1.9E-42,0.0043,410.0,6200.0,1800.0,6799999.999999999,4800.0,6600.0,1800.0,2600.0,3000.0,0.21,6799999.999999999,6.3E-5,0.054,0.054,0.0,2000.0,12.0,4.0E-10,2.3E-6,3.6E-15,4.2E7,1.0,1.7E9,
1.9E-42,0.0043,410.0,6200.0,1800.0,6799999.999999999,4800.0,6600.0,1800.0,2600.0,3000.0,0.21,6799999.999999999,6.0E-5,0.054,0.054,0.0,2000.0,12.0,1.0E-12,2.3E-6,1.1E-15,4.3E7,1.0,1.7E9,
1.9E-42,0.0043,410.0,6200.0,1800.0,6799999.999999999,4800.0,6600.0,1800.0,2600.0,3000.0,0.21,6799999.999999999,5.3E-5,0.054,0.054,0.0,2000.0,12.0,2.6E-15,2.3E-6,4.0E-16,4.4E7,1.0,1.7E9,
1.9E-42,0.0043,410.0,6200.0,1800.0,6799999.999999999,4800.0,6600.0,1800.0,2600.0,3000.0,0.21,6799999.999999999,4.5E-5,0.054,0.054,0.0,2000.0,12.0,6.6E-18,2.3E-6,1.7E-16,4.7E7,1.0,1.7E9,
1.9E-42,0.0043,410.0,6200.0,1800.0,6799999.999999999,4800.0,6600.0,1800.0,2600.0,3000.0,0.21,6799999.999999999,3.7E-5,0.054,0.054,0.0,1900.0,12.0,1.8E-20,2.3E-6,8.9E-17,5.0E7,1.0,1.7E9,
1.9E-42,0.0043,410.0,6200.0,1800.0,6799999.999999999,4800.0,6600.0,1800.0,2600.0,3000.0,0.21,6799999.999999999,3.1E-5,0.054,0.054,0.0,1900.0,12.0,1.6E-22,2.3E-6,5.9E-17,5.4E7,1.0,1.7E9,
9.2E-42,0.035,18000.0,92000.0,7400.0,7499999.999999999,1200.0,6600.0,1800.0,2600.0,3000.0,0.21,7699999.999999999,3.9E-5,0.11,0.11,0.0,1900.0,14.0,40.0,2.3E-6,4.9E-13,5.4E7,1.0,1.7E9,
3.3E-42,0.013,550.0,24000.0,7300.0,7499999.999999999,1200.0,6500.0,1800.0,2600.0,3000.0,0.21,7499999.999999999,1.7E-5,0.07,0.07,0.0,1900.0,14.0,0.29,2.3E-6,6.5E-14,5.0E7,1.0,1.7E9,
1.4E-42,0.0053,550.0,1300.0,7300.0,7399999.999999999,1200.0,6500.0,1800.0,2600.0,3000.0,0.21,7399999.999999999,5.1E-5,0.058,0.058,0.0,1900.0,14.0,0.015,2.3E-6,1.5E-14,4.8E7,1.0,1.7E9,
1.4E-42,0.0052,550.0,1300.0,7300.0,7199999.999999999,1200.0,6500.0,1800.0,2600.0,3000.0,0.21,7199999.999999999,5.6E-5,0.056,0.056,0.0,1900.0,14.0,2.7E-4,2.3E-6,6.6E-15,4.6E7,1.0,1.7E9,
1.3E-42,0.0051,550.0,1300.0,7300.0,6799999.999999999,1200.0,6500.0,1800.0,2600.0,3000.0,0.21,6799999.999999999,5.9E-5,0.054,0.054,0.0,1800.0,14.0,1.4E-5,2.3E-6,3.5E-15,4.5E7,1.0,1.7E9,
1.3E-42,0.0051,550.0,1300.0,7300.0,6799999.999999999,1200.0,6500.0,1800.0,2600.0,3000.0,0.21,6799999.999999999,6.3E-5,0.054,0.054,0.0,1800.0,14.0,3.4E-8,2.3E-6,1.1E-15,4.4E7,1.0,1.7E9,
1.3E-42,0.0051,550.0,1300.0,7300.0,6799999.999999999,1200.0,6500.0,1800.0,2600.0,3000.0,0.21,6799999.999999999,6.0E-5,0.054,0.054,0.0,1800.0,14.0,8.7E-11,2.3E-6,4.0E-16,4.5E7,1.0,1.7E9,
1.3E-42,0.0051,550.0,1300.0,7300.0,6799999.999999999,1200.0,6500.0,1800.0,2600.0,3000.0,0.21,6799999.999999999,5.3E-5,0.054,0.054,0.0,1800.0,14.0,2.2E-13,2.3E-6,1.7E-16,4.7E7,1.0,1.7E9,
1.3E-42,0.0051,550.0,1300.0,7300.0,6799999.999999999,1200.0,6500.0,1800.0,2600.0,3000.0,0.21,6799999.999999999,4.5E-5,0.054,0.054,0.0,1700.0,14.0,5.6E-16,2.3E-6,9.8E-17,5.0E7,1.0,1.7E9,
1.3E-42,0.0051,550.0,1300.0,7300.0,6799999.999999999,1200.0,6500.0,1800.0,2600.0,3000.0,0.21,6799999.999999999,3.8E-5,0.054,0.054,0.0,1700.0,14.0,1.7E-18,2.3E-6,6.8E-17,5.3E7,1.0,1.7E9,
1.3E-42,0.0051,550.0,1300.0,7300.0,6799999.999999999,1200.0,6500.0,1800.0,2600.0,3000.0,0.21,6799999.999999999,3.1E-5,0.054,0.054,0.0,1700.0,14.0,4.4E-21,2.3E-6,5.3E-17,5.6E7,1.0,1.7E9,
1.3E-42,0.0051,550.0,1300.0,7300.0,6799999.999999999,1200.0,6500.0,1800.0,2600.0,3000.0,0.21,6799999.999999999,2.6E-5,0.054,0.054,0.0,1700.0,14.0,0.0,2.3E-6,4.3E-17,6.0E7,1.0,1.7E9,
1.3E-42,0.0051,550.0,1300.0,7300.0,6799999.999999999,1200.0,6500.0,1800.0,2600.0,3000.0,0.21,6799999.999999999,2.2E-5,0.054,0.054,0.0,1600.0,14.0,5.5E-26,2.3E-6,3.6E-17,6.4E7,1.0,1.7E9,
3.8E-42,0.011,4200.0,3000.0,28000.0,7899999.999999999,1200.0,6500.0,1400.0,5200.0,12000.0,0.21,7899999.999999999,1.9E-5,0.16,0.16,0.0,1700.0,18.0,58.0,2.4E-6,1.1E-12,6.4E7,1.0,1.7E9,
1.1E-42,0.0031,4100.0,3000.0,740.0,7399999.999999999,1200.0,6500.0,1400.0,5200.0,4500.0,0.21,7499999.999999999,7.8E-6,0.085,0.085,0.0,1700.0,4.0,2.9,2.4E-6,1.7E-13,6.0E7,1.0,1.7E9,
1.1E-42,0.003,4100.0,3000.0,740.0,7199999.999999999,1200.0,6500.0,1400.0,5200.0,4400.0,0.21,7199999.999999999,8.4E-6,0.084,0.084,0.0,1700.0,3.9,0.39,2.4E-6,1.1E-13,5.8E7,1.0,1.7E9,
1.0E-42,0.003,4100.0,3000.0,740.0,6899999.999999999,1200.0,6500.0,1400.0,5200.0,4400.0,0.21,6899999.999999999,9.9E-6,0.081,0.081,0.0,1700.0,3.8,0.0027,2.4E-6,3.9E-14,5.4E7,1.0,1.7E9,
1.0E-42,0.0029,4100.0,3000.0,730.0,6799999.999999999,1200.0,6500.0,1400.0,5200.0,4400.0,0.21,6799999.999999999,1.2E-5,0.081,0.081,0.0,1700.0,3.7,1.9E-5,2.4E-6,1.4E-14,5.1E7,1.0,1.7E9,
1.0E-42,0.0029,4100.0,3000.0,730.0,6799999.999999999,1200.0,6500.0,1400.0,5200.0,4400.0,0.21,6799999.999999999,1.3E-5,0.081,0.081,0.0,1700.0,3.7,4.7E-8,2.4E-6,4.3E-15,4.9E7,1.0,1.7E9,
1.0E-42,0.0029,4100.0,3000.0,730.0,6799999.999999999,1200.0,6500.0,1400.0,5200.0,4400.0,0.21,6799999.999999999,1.3E-5,0.081,0.081,0.0,1600.0,3.7,1.2E-10,2.4E-6,1.3E-15,4.9E7,1.0,1.7E9,
1.0E-42,0.0029,4100.0,3000.0,730.0,6799999.999999999,1200.0,6500.0,1400.0,5200.0,4400.0,0.21,6799999.999999999,1.2E-5,0.081,0.081,0.0,1600.0,3.7,3.0E-13,2.4E-6,4.1E-16,5.0E7,1.0,1.7E9,
1.0E-42,0.0029,4100.0,3000.0,730.0,6799999.999999999,1200.0,6500.0,1400.0,5200.0,4400.0,0.21,6799999.999999999,1.0E-5,0.081,0.081,0.0,1600.0,3.7,7.9E-16,2.4E-6,1.3E-16,5.3E7,1.0,1.7E9,
1.0E-42,0.0029,4100.0,3000.0,730.0,6799999.999999999,1200.0,6500.0,1400.0,5200.0,4400.0,0.21,6799999.999999999,8.6E-6,0.081,0.081,0.0,1600.0,3.7,2.2E-18,2.4E-6,4.9E-17,5.6E7,1.0,1.7E9,
1.0E-42,0.0029,4100.0,3000.0,730.0,6799999.999999999,1200.0,6500.0,1400.0,5200.0,4400.0,0.21,6799999.999999999,7.3E-6,0.081,0.081,0.0,1600.0,3.7,0.0,2.4E-6,2.3E-17,6.0E7,1.0,1.7E9,
1.0E-42,0.0029,4100.0,3000.0,730.0,6799999.999999999,1200.0,6500.0,1400.0,5200.0,4400.0,0.21,6799999.999999999,6.2E-6,0.081,0.081,0.0,1600.0,3.7,0.0,2.4E-6,1.3E-17,6.3E7,1.0,1.7E9,
1.0E-42,0.0029,4100.0,3000.0,730.0,6799999.999999999,1200.0,6500.0,1400.0,5200.0,4400.0,0.21,6799999.999999999,5.3E-6,0.081,0.081,0.0,1600.0,3.7,0.0,2.4E-6,9.6E-18,6.7E7,1.0,1.7E9,
1.0E-42,0.0029,4100.0,3000.0,730.0,6799999.999999999,1200.0,6500.0,1400.0,5200.0,4400.0,0.21,6799999.999999999,6.4E-6,0.081,0.081,0.0,1600.0,3.7,0.0,2.4E-6,8.6E-18,6.3E7,1.0,1.7E9,
1.0E-42,0.0029,4100.0,3000.0,730.0,6799999.999999999,1200.0,6500.0,1400.0,5200.0,4400.0,0.21,6799999.999999999,7.1E-6,0.081,0.081,0.0,1600.0,3.7,0.0,2.4E-6,9.4E-18,6.0E7,1.0,1.7E9,
1.0E-42,0.0029,4100.0,3000.0,730.0,6799999.999999999,1200.0,6500.0,1400.0,5200.0,4400.0,0.21,6799999.999999999,7.1E-6,0.081,0.081,0.0,1600.0,3.7,0.0,2.4E-6,9.9E-18,6.0E7,1.0,1.7E9,
6.3E-42,0.028,13000.0,66000.0,6300.0,8099999.999999999,1200.0,6500.0,1400.0,5200.0,4400.0,0.21,8199999.999999999,1.7E-5,0.12,0.12,0.0,1600.0,8.4,41.0,2.4E-6,4.4E-13,6.0E7,1.0,1.7E9,
1.4E-42,0.0062,870.0,3600.0,6300.0,7999999.999999999,1200.0,6500.0,1400.0,5100.0,4400.0,0.21,7999999.999999999,1.9E-5,0.079,0.079,0.0,1600.0,8.2,2.1,2.4E-6,5.3E-14,5.7E7,1.0,1.7E9,
1.4E-42,0.006,870.0,3600.0,6300.0,7499999.999999999,1200.0,6500.0,1400.0,5100.0,4400.0,0.21,7499999.999999999,2.0E-5,0.076,0.076,0.0,1600.0,8.0,0.28,2.4E-6,3.5E-14,5.5E7,1.0,1.7E9,
1.3E-42,0.0059,870.0,3600.0,6300.0,7299999.999999999,1200.0,6500.0,1400.0,5100.0,4400.0,0.21,7299999.999999999,2.3E-5,0.075,0.075,0.0,1600.0,7.8,0.0052,2.4E-6,1.5E-14,5.2E7,1.0,1.7E9,
1.3E-42,0.0058,870.0,3600.0,6300.0,6899999.999999999,1200.0,6500.0,1400.0,5100.0,4400.0,0.2,6899999.999999999,2.4E-5,0.073,0.073,0.0,1600.0,7.6,2.6E-4,2.4E-6,8.3E-15,5.0E7,1.0,1.7E9,
1.3E-42,0.0058,870.0,3600.0,6300.0,6799999.999999999,1200.0,6500.0,1400.0,5100.0,4400.0,0.2,6799999.999999999,2.8E-5,0.072,0.072,0.0,1600.0,7.6,1.8E-6,2.4E-6,3.1E-15,4.8E7,1.0,1.7E9,
1.3E-42,0.0058,870.0,3600.0,6300.0,6799999.999999999,1200.0,6500.0,1400.0,5100.0,4400.0,0.2,6799999.999999999,2.9E-5,0.072,0.072,0.0,1600.0,7.6,4.6E-9,2.4E-6,9.5E-16,4.7E7,1.0,1.7E9,
1.3E-42,0.0058,870.0,3600.0,6300.0,6799999.999999999,1200.0,6500.0,1400.0,5100.0,4400.0,0.2,6799999.999999999,2.8E-5,0.072,0.072,0.0,1600.0,7.6,1.2E-11,2.4E-6,3.1E-16,4.8E7,1.0,1.7E9,
1.3E-42,0.0058,870.0,3600.0,6300.0,6799999.999999999,1200.0,6500.0,1400.0,5100.0,4400.0,0.2,6799999.999999999,2.4E-5,0.072,0.072,0.0,1600.0,7.6,3.0E-14,2.4E-6,1.2E-16,5.0E7,1.0,1.7E9,
1.3E-42,0.0058,870.0,3600.0,6300.0,6799999.999999999,1200.0,6500.0,1400.0,5100.0,4400.0,0.2,6799999.999999999,2.1E-5,0.072,0.072,0.0,1600.0,7.6,8.0E-17,2.4E-6,5.8E-17,5.3E7,1.0,1.7E9,
1.3E-42,0.0058,870.0,3600.0,6300.0,6799999.999999999,1200.0,6500.0,1400.0,5100.0,4400.0,0.2,6799999.999999999,1.8E-5,0.072,0.072,0.0,1500.0,7.6,2.7E-19,2.4E-6,3.6E-17,5.6E7,1.0,1.7E9,
6.1E-42,0.022,14000.0,26000.0,26000.0,8099999.999999999,1200.0,6500.0,1400.0,5100.0,4400.0,0.21,8199999.999999999,2.6E-5,0.097,0.097,0.0,1600.0,12.0,110.0,2.4E-6,1.5E-12,5.9E7,1.0,1.7E9,
1.5E-42,0.0054,1500.0,3400.0,3700.0,7999999.999999999,1200.0,6500.0,1400.0,5100.0,4400.0,0.21,7999999.999999999,1.0E-5,0.071,0.071,0.0,1500.0,4.1,5.7,2.4E-6,2.1E-13,5.6E7,1.0,1.7E9,
1.5E-42,0.0053,1500.0,3400.0,3700.0,7499999.999999999,1200.0,6400.0,1400.0,5100.0,4400.0,0.21,7499999.999999999,1.1E-5,0.068,0.068,0.0,1500.0,3.9,0.29,2.4E-6,1.1E-13,5.3E7,1.0,1.7E9,
1.4E-42,0.0051,1500.0,3400.0,3700.0,7099999.999999999,1200.0,6400.0,1400.0,5100.0,4400.0,0.2,7099999.999999999,1.2E-5,0.066,0.066,0.0,1500.0,3.8,0.0053,2.4E-6,4.8E-14,5.1E7,1.0,1.7E9,
1.4E-42,0.005,1500.0,3400.0,3700.0,6799999.999999999,1200.0,6400.0,1400.0,5100.0,4400.0,0.2,6799999.999999999,1.3E-5,0.064,0.064,0.0,1500.0,3.7,2.6E-4,2.3E-6,2.6E-14,4.8E7,1.0,1.7E9,
1.4E-42,0.005,1500.0,3400.0,3700.0,6799999.999999999,1200.0,6400.0,1400.0,5100.0,4400.0,0.2,6799999.999999999,1.5E-5,0.064,0.064,0.0,1500.0,3.7,6.7E-7,2.3E-6,7.8E-15,4.6E7,1.0,1.7E9,
1.4E-42,0.005,1500.0,3400.0,3700.0,6799999.999999999,1200.0,6400.0,1400.0,5100.0,4400.0,0.2,6799999.999999999,1.4E-5,0.064,0.064,0.0,1500.0,3.7,1.7E-9,2.3E-6,2.4E-15,4.6E7,1.0,1.7E9,
1.4E-42,0.005,1500.0,3400.0,3700.0,6799999.999999999,1200.0,6400.0,1400.0,5100.0,4400.0,0.2,6799999.999999999,1.3E-5,0.064,0.064,0.0,1500.0,3.7,4.3E-12,2.3E-6,7.3E-16,4.8E7,1.0,1.7E9,
1.4E-42,0.005,1500.0,3400.0,3700.0,6799999.999999999,1200.0,6400.0,1400.0,5100.0,4400.0,0.2,6799999.999999999,1.1E-5,0.064,0.064,0.0,1500.0,3.7,1.1E-14,2.3E-6,2.3E-16,5.1E7,1.0,1.7E9,
5.5E-42,0.047,4800.0,70000.0,5400.0,8099999.999999999,34000.0,6400.0,1400.0,5100.0,4400.0,0.2,8199999.999999999,4.9E-5,0.1,0.1,0.0,1500.0,15.0,36.0,2.4E-6,9.7E-13,5.0E7,1.0,1.7E9,
1.2E-42,0.01,4800.0,4300.0,5400.0,7999999.999999999,26000.0,6400.0,1400.0,5100.0,4400.0,0.2,8099999.999999999,5.3E-5,0.068,0.068,0.0,1500.0,15.0,1.9,2.4E-6,1.1E-13,4.8E7,1.0,1.7E9,
1.2E-42,0.0098,4800.0,4300.0,5400.0,7799999.999999999,6300.0,6400.0,1400.0,5100.0,4400.0,0.2,7799999.999999999,5.6E-5,0.066,0.066,0.0,1500.0,14.0,0.25,2.4E-6,7.5E-14,4.7E7,1.0,1.7E9,
1.1E-42,0.0095,4800.0,4300.0,5400.0,7199999.999999999,6300.0,6400.0,1400.0,5100.0,4400.0,0.2,7199999.999999999,5.7E-5,0.063,0.063,0.0,1500.0,14.0,0.035,2.4E-6,4.9E-14,4.6E7,1.0,1.7E9,
1.1E-42,0.0095,4800.0,4300.0,5400.0,7199999.999999999,6300.0,6400.0,1400.0,5100.0,4400.0,0.2,7199999.999999999,6.4E-5,0.063,0.063,0.0,1500.0,14.0,2.4E-4,2.4E-6,1.8E-14,4.4E7,1.0,1.7E9,
1.1E-42,0.0094,4700.0,4300.0,5400.0,6999999.999999999,6300.0,6400.0,1400.0,5100.0,4400.0,0.2,6999999.999999999,6.7E-5,0.062,0.062,0.0,1400.0,14.0,4.5E-6,2.3E-6,8.0E-15,4.3E7,1.0,1.7E9,
1.1E-42,0.0092,4700.0,4300.0,5400.0,6799999.999999999,6300.0,6400.0,1400.0,5100.0,4400.0,0.2,6799999.999999999,7.0E-5,0.061,0.061,0.0,1400.0,13.0,2.3E-7,2.3E-6,4.4E-15,4.2E7,1.0,1.7E9,
1.1E-42,0.0092,4700.0,4300.0,5400.0,6799999.999999999,6300.0,6400.0,1400.0,5100.0,4400.0,0.2,6799999.999999999,7.1E-5,0.061,0.061,0.0,1400.0,13.0,5.8E-10,2.3E-6,1.4E-15,4.2E7,1.0,1.7E9,
1.1E-42,0.0092,4700.0,4300.0,5400.0,6799999.999999999,6300.0,6400.0,1400.0,5100.0,4400.0,0.2,6799999.999999999,6.4E-5,0.061,0.061,0.0,1400.0,13.0,1.5E-12,2.3E-6,4.8E-16,4.3E7,1.0,1.7E9,
1.1E-42,0.0092,4700.0,4300.0,5400.0,6799999.999999999,6300.0,6400.0,1400.0,5100.0,4400.0,0.2,6799999.999999999,5.6E-5,0.061,0.061,0.0,1400.0,13.0,3.8E-15,2.3E-6,2.0E-16,4.5E7,1.0,1.7E9,
1.1E-42,0.0092,4700.0,4300.0,5400.0,6799999.999999999,6300.0,6400.0,1400.0,5100.0,4400.0,0.2,6799999.999999999,4.7E-5,0.061,0.061,0.0,1400.0,13.0,9.5E-18,2.3E-6,1.1E-16,4.8E7,1.0,1.7E9,
1.1E-42,0.0092,4700.0,4300.0,5400.0,6799999.999999999,6300.0,6400.0,1400.0,5100.0,4400.0,0.2,6799999.999999999,3.9E-5,0.061,0.061,0.0,1400.0,13.0,2.8E-20,2.3E-6,7.4E-17,5.2E7,1.0,1.7E9,
1.1E-42,0.0092,4700.0,4300.0,5400.0,6799999.999999999,6300.0,6400.0,1400.0,5100.0,4400.0,0.2,6799999.999999999,3.2E-5,0.061,0.061,0.0,1400.0,13.0,5.8E-23,2.3E-6,5.6E-17,5.5E7,1.0,1.7E9,
1.1E-42,0.0092,4700.0,4300.0,5400.0,6799999.999999999,6300.0,6400.0,1400.0,5100.0,4400.0,0.2,6799999.999999999,2.7E-5,0.061,0.061,0.0,1400.0,13.0,1.9999999999999998E-25,2.3E-6,4.5E-17,5.9E7,1.0,1.7E9,
1.1E-42,0.0092,4700.0,4300.0,5400.0,6799999.999999999,6300.0,6400.0,1400.0,5100.0,4400.0,0.2,6799999.999999999,2.2E-5,0.061,0.061,0.0,1400.0,13.0,0.0,2.3E-6,3.7E-17,6.3E7,1.0,1.7E9,
1.1E-42,0.0092,4700.0,4300.0,5400.0,6799999.999999999,6300.0,6400.0,1400.0,5100.0,4400.0,0.2,6799999.999999999,2.8E-5,0.061,0.061,0.0,1400.0,13.0,0.0,2.3E-6,3.7E-17,5.8E7,1.0,1.7E9,
1.1E-42,0.0092,4700.0,4300.0,5400.0,6799999.999999999,6300.0,6400.0,1400.0,5100.0,4400.0,0.2,6799999.999999999,3.0E-5,0.061,0.061,0.0,1400.0,13.0,0.0,2.3E-6,4.0E-17,5.7E7,1.0,1.7E9,
1.1E-42,0.0092,4700.0,4300.0,5400.0,6799999.999999999,6300.0,6400.0,1400.0,5100.0,4400.0,0.2,6799999.999999999,2.9E-5,0.061,0.061,0.0,1400.0,13.0,0.0,2.3E-6,4.1E-17,5.7E7,1.0,1.7E9,
6.299999999999999E-43,0.0084,3300.0,2700.0,4000.0,7899999.999999999,6300.0,6400.0,1400.0,5100.0,4400.0,0.2,7899999.999999999,3.0E-5,0.039,0.039,0.0,1500.0,12.0,820.0,2.4E-6,1.3E-13,5.6E7,1.0,1.7E9,
6.199999999999999E-43,0.0082,3300.0,2700.0,4000.0,7599999.999999999,6300.0,6400.0,1400.0,5100.0,4400.0,0.2,7599999.999999999,3.4E-5,0.038,0.038,0.0,1500.0,12.0,15.0,2.4E-6,5.6E-14,5.3E7,1.0,1.7E9,
6.0999999999999996E-43,0.0082,3300.0,2700.0,4000.0,7599999.999999999,6300.0,6400.0,1400.0,5100.0,4400.0,0.2,7599999.999999999,4.0E-5,0.038,0.038,0.0,1500.0,12.0,0.039,2.4E-6,1.7E-14,5.0E7,1.0,1.7E9,
6.0999999999999996E-43,0.008,3300.0,2700.0,4000.0,7399999.999999999,6300.0,6400.0,1400.0,5100.0,4400.0,0.2,7399999.999999999,4.3E-5,0.038,0.038,0.0,1500.0,12.0,2.7E-4,2.4E-6,6.2E-15,4.8E7,1.0,1.7E9,
5.9E-43,0.0079,3300.0,2700.0,4000.0,7099999.999999999,6300.0,6400.0,1400.0,5100.0,4400.0,0.2,7099999.999999999,4.8E-5,0.037,0.037,0.0,1500.0,12.0,1.8E-6,2.4E-6,2.3E-15,4.6E7,1.0,1.7E9,
5.7999999999999995E-43,0.0077,3300.0,2700.0,4000.0,6899999.999999999,6300.0,6400.0,1400.0,5100.0,4400.0,0.2,6899999.999999999,5.1E-5,0.036,0.036,0.0,1500.0,11.0,9.2E-8,2.4E-6,1.3E-15,4.5E7,1.0,1.7E9,
5.7999999999999995E-43,0.0077,3300.0,2700.0,4000.0,6799999.999999999,6300.0,6400.0,1400.0,5100.0,4400.0,0.2,6799999.999999999,5.5E-5,0.036,0.036,0.0,1500.0,11.0,6.3E-10,2.3E-6,5.1E-16,4.3E7,1.0,1.7E9,
5.7999999999999995E-43,0.0077,3300.0,2700.0,4000.0,6799999.999999999,6300.0,6400.0,1400.0,5100.0,4400.0,0.2,6799999.999999999,5.3E-5,0.036,0.036,0.0,1500.0,11.0,1.6E-12,2.3E-6,2.1E-16,4.4E7,1.0,1.7E9,
5.7999999999999995E-43,0.0077,3300.0,2700.0,4000.0,6799999.999999999,6300.0,6400.0,1400.0,5100.0,4400.0,0.2,6799999.999999999,4.7E-5,0.036,0.036,0.0,1500.0,11.0,4.1E-15,2.3E-6,1.1E-16,4.5E7,1.0,1.7E9,
5.7999999999999995E-43,0.0077,3300.0,2700.0,4000.0,6799999.999999999,6300.0,6400.0,1400.0,5100.0,4400.0,0.2,6799999.999999999,4.1E-5,0.036,0.036,0.0,1400.0,11.0,1.1E-17,2.3E-6,7.6E-17,4.8E7,1.0,1.7E9,
5.7999999999999995E-43,0.0077,3300.0,2700.0,4000.0,6799999.999999999,6300.0,6400.0,1400.0,5100.0,4400.0,0.2,6799999.999999999,3.4E-5,0.036,0.036,0.0,1400.0,11.0,4.3E-20,2.3E-6,5.9E-17,5.1E7,1.0,1.7E9,
5.7999999999999995E-43,0.0077,3300.0,2700.0,4000.0,6799999.999999999,6300.0,6400.0,1400.0,5100.0,4400.0,0.2,6799999.999999999,2.8E-5,0.036,0.036,0.0,1400.0,11.0,1.5E-21,2.3E-6,4.8E-17,5.5E7,1.0,1.7E9,
5.7999999999999995E-43,0.0077,3300.0,2700.0,4000.0,6799999.999999999,6300.0,6400.0,1400.0,5100.0,4400.0,0.2,6799999.999999999,2.4E-5,0.036,0.036,0.0,1400.0,11.0,0.0,2.3E-6,3.9E-17,5.8E7,1.0,1.7E9,
5.7999999999999995E-43,0.0077,3300.0,2700.0,4000.0,6799999.999999999,6300.0,6400.0,1400.0,5100.0,4400.0,0.2,6799999.999999999,2.0E-5,0.036,0.036,0.0,1400.0,11.0,4.6E-23,2.3E-6,3.3E-17,6.2E7,1.0,1.7E9,
5.7999999999999995E-43,0.0077,3300.0,2700.0,4000.0,6799999.999999999,6300.0,6400.0,1400.0,5100.0,4400.0,0.2,6799999.999999999,2.1E-5,0.036,0.036,0.0,1400.0,11.0,1.8999999999999998E-24,2.3E-6,2.9E-17,6.1E7,1.0,1.7E9,
5.7999999999999995E-43,0.0077,3300.0,2700.0,4000.0,6799999.999999999,6300.0,6400.0,1400.0,5100.0,4400.0,0.2,6799999.999999999,2.4E-5,0.036,0.036,0.0,1400.0,11.0,4.8E-27,2.3E-6,3.1E-17,5.8E7,1.0,1.7E9,
5.7999999999999995E-43,0.0077,3300.0,2700.0,4000.0,6799999.999999999,6300.0,6400.0,1400.0,5100.0,4400.0,0.2,6799999.999999999,2.5E-5,0.036,0.036,0.0,1400.0,11.0,1.2E-29,2.3E-6,3.4E-17,5.8E7,1.0,1.7E9,
5.7999999999999995E-43,0.0077,3300.0,2700.0,4000.0,6799999.999999999,6300.0,6400.0,1400.0,5100.0,4400.0,0.2,6799999.999999999,2.3E-5,0.036,0.036,0.0,1400.0,11.0,3.1E-32,2.3E-6,3.3E-17,5.9E7,1.0,1.7E9,
1.1999999999999999E-41,0.088,81000.0,200000.0,17000.0,8700000.0,26000.0,6400.0,1400.0,5100.0,4400.0,0.2,9100000.0,2.7,0.13,0.13,0.0,1400.0,29.0,370.0,2.4E-6,2.7E-12,6.2E7,1.0,1.7E9,
1.1E-41,0.083,13000.0,200000.0,4700.0,8700000.0,26000.0,6300.0,1400.0,5000.0,4300.0,0.2,9000000.0,3.7E-5,0.13,0.13,0.0,1400.0,16.0,7.8,2.4E-6,1.2E-12,5.8E7,1.0,1.7E9,
1.3E-42,0.0091,540.0,21000.0,5800.0,8700000.0,26000.0,14000.0,1400.0,5000.0,4300.0,0.2,8800000.0,1.1,0.055,0.055,0.0,1400.0,16.0,130.0,2.4E-6,8.4E-13,5.5E7,1.0,1.7E9,
6.5999999999999995E-43,0.0045,540.0,3200.0,5800.0,8500000.0,3500.0,1300.0,1400.0,5000.0,4300.0,0.2,8500000.0,5.0E-5,0.048,0.048,0.0,1500.0,17.0,2.4,2.4E-6,1.9E-13,5.2E7,1.0,1.7E9,
6.5999999999999995E-43,0.0044,540.0,3200.0,5800.0,8299999.999999999,3500.0,1300.0,1400.0,5000.0,4300.0,0.2,8299999.999999999,5.3E-5,0.047,0.047,0.0,1500.0,17.0,0.33,2.4E-6,1.2E-13,5.1E7,1.0,1.7E9,
6.299999999999999E-43,0.0043,540.0,3200.0,5800.0,7699999.999999999,3500.0,1300.0,1400.0,5000.0,4300.0,0.2,7799999.999999999,5.5E-5,0.045,0.045,0.0,1400.0,16.0,0.045,2.4E-6,8.0E-14,4.9E7,1.0,1.7E9,
6.299999999999999E-43,0.0043,540.0,3200.0,5800.0,7699999.999999999,3500.0,1300.0,1400.0,5000.0,4300.0,0.2,7699999.999999999,6.2E-5,0.045,0.045,0.0,1400.0,16.0,3.1E-4,2.4E-6,2.9E-14,4.7E7,1.0,1.7E9,
6.299999999999999E-43,0.0043,540.0,3200.0,5800.0,7599999.999999999,3500.0,1300.0,1400.0,5000.0,4300.0,0.2,7599999.999999999,6.7E-5,0.045,0.045,0.0,1400.0,16.0,1.5E-5,2.4E-6,1.6E-14,4.6E7,1.0,1.7E9,
6.0999999999999996E-43,0.0042,540.0,3200.0,5800.0,7199999.999999999,3500.0,1300.0,1400.0,5000.0,4300.0,0.2,7299999.999999999,7.2E-5,0.044,0.044,0.0,1400.0,15.0,2.9E-7,2.4E-6,7.1E-15,4.4E7,1.0,1.7E9,
6.0999999999999996E-43,0.0041,540.0,3200.0,5800.0,7099999.999999999,3500.0,1300.0,1400.0,5000.0,4300.0,0.2,7099999.999999999,7.5E-5,0.043,0.043,0.0,1400.0,15.0,2.0E-9,2.4E-6,2.7E-15,4.3E7,1.0,1.7E9,
5.999999999999999E-43,0.0041,540.0,3200.0,5800.0,6799999.999999999,3500.0,1300.0,1400.0,5000.0,4300.0,0.2,6799999.999999999,7.7E-5,0.042,0.042,0.0,1400.0,15.0,2.7E-10,2.4E-6,1.8E-15,4.2E7,1.0,1.7E9,
5.999999999999999E-43,0.0041,540.0,3200.0,5800.0,6799999.999999999,3500.0,1300.0,1400.0,5000.0,4300.0,0.2,6799999.999999999,8.0E-5,0.042,0.042,0.0,1400.0,15.0,6.7E-13,2.4E-6,6.2E-16,4.2E7,1.0,1.7E9,
5.999999999999999E-43,0.0041,540.0,3200.0,5800.0,6799999.999999999,3500.0,1300.0,1400.0,5000.0,4300.0,0.2,6799999.999999999,7.4E-5,0.042,0.042,0.0,1400.0,15.0,1.7E-15,2.4E-6,2.6E-16,4.3E7,1.0,1.7E9,
5.999999999999999E-43,0.0041,540.0,3200.0,5800.0,6799999.999999999,3500.0,1300.0,1400.0,5000.0,4300.0,0.2,6799999.999999999,6.4E-5,0.042,0.042,0.0,1400.0,15.0,4.3E-18,2.4E-6,1.5E-16,4.5E7,1.0,1.7E9,
5.999999999999999E-43,0.0041,540.0,3200.0,5800.0,6799999.999999999,3500.0,1300.0,1400.0,5000.0,4300.0,0.2,6799999.999999999,5.4E-5,0.042,0.042,0.0,1300.0,15.0,1.1E-20,2.4E-6,1.0E-16,4.8E7,1.0,1.7E9,
5.999999999999999E-43,0.0041,540.0,3200.0,5800.0,6799999.999999999,3500.0,1300.0,1400.0,5000.0,4300.0,0.2,6799999.999999999,4.5E-5,0.042,0.042,0.0,1300.0,15.0,2.3E-23,2.4E-6,7.8E-17,5.2E7,1.0,1.7E9,
5.999999999999999E-43,0.0041,540.0,3200.0,5800.0,6799999.999999999,3500.0,1300.0,1400.0,5000.0,4300.0,0.2,6799999.999999999,3.7E-5,0.042,0.042,0.0,1300.0,15.0,5.2E-25,2.4E-6,6.3E-17,5.5E7,1.0,1.7E9,
5.999999999999999E-43,0.0041,540.0,3200.0,5800.0,6799999.999999999,3500.0,1300.0,1400.0,5000.0,4300.0,0.2,6799999.999999999,3.1E-5,0.042,0.042,0.0,1300.0,15.0,0.0,2.4E-6,5.2E-17,5.9E7,1.0,1.7E9,
5.999999999999999E-43,0.0041,540.0,3200.0,5800.0,6799999.999999999,3500.0,1300.0,1400.0,5000.0,4300.0,0.2,6799999.999999999,2.6E-5,0.042,0.042,0.0,1300.0,15.0,0.0,2.4E-6,4.3E-17,6.3E7,1.0,1.7E9,
5.999999999999999E-43,0.0041,540.0,3200.0,5800.0,6799999.999999999,3500.0,1300.0,1400.0,5000.0,4300.0,0.2,6799999.999999999,3.1E-5,0.042,0.042,0.0,1300.0,15.0,0.0,2.4E-6,4.1E-17,5.9E7,1.0,1.7E9,
5.999999999999999E-43,0.0041,540.0,3200.0,5800.0,6799999.999999999,3500.0,1300.0,1400.0,5000.0,4300.0,0.2,6799999.999999999,3.3E-5,0.042,0.042,0.0,1300.0,15.0,0.0,2.4E-6,4.5E-17,5.7E7,1.0,1.7E9,
6.2E-42,0.05,23000.0,140000.0,10000.0,8800000.0,3500.0,1300.0,1400.0,5000.0,4300.0,0.2,9000000.0,11.0,0.086,0.086,0.0,1300.0,19.0,3800.0,2.4E-6,5.3E-12,5.8E7,1.0,1.7E9,
3.8E-42,0.031,23000.0,87000.0,2400.0,8800000.0,3500.0,1300.0,1400.0,5000.0,4300.0,0.2,8900000.0,3.2E-5,0.067,0.067,0.0,1300.0,18.0,28.0,2.4E-6,1.2E-12,5.4E7,1.0,1.7E9,
5.9E-43,0.0048,5400.0,4000.0,2400.0,8800000.0,3500.0,1300.0,1400.0,5000.0,4300.0,0.2,8800000.0,5.6E-5,0.042,0.042,0.0,1300.0,18.0,0.53,2.4E-6,8.4E-14,5.1E7,1.0,1.7E9,
5.7999999999999995E-43,0.0046,5400.0,4000.0,2400.0,8400000.0,3500.0,1300.0,1400.0,5000.0,4300.0,0.2,8400000.0,5.8E-5,0.041,0.041,0.0,1300.0,17.0,0.072,2.4E-6,5.5E-14,5.0E7,1.0,1.7E9,
3.9999999999999995E-43,0.003,1800.0,2300.0,3000.0,8700000.0,4400.0,1300.0,1400.0,5000.0,4300.0,0.2,8700000.0,5.8E-5,0.036,0.036,0.0,1300.0,24.0,20.0,2.4E-6,3.5E-13,4.9E7,1.0,1.7E9,
3.9E-43,0.0029,1800.0,2300.0,3000.0,8400000.0,4400.0,1300.0,1400.0,5000.0,4300.0,0.2,8400000.0,9.6E-5,0.035,0.035,0.0,1300.0,24.0,0.99,2.4E-6,1.9E-13,4.7E7,1.0,1.7E9,
3.8E-43,0.0029,1800.0,2300.0,3000.0,8099999.999999999,4400.0,1300.0,1400.0,5000.0,4300.0,0.2,8099999.999999999,1.0E-4,0.034,0.034,0.0,1200.0,23.0,0.049,2.4E-6,1.0E-13,4.6E7,1.0,1.7E9,
3.699999999999999E-43,0.0028,1800.0,2300.0,3000.0,7599999.999999999,4400.0,1300.0,1400.0,5000.0,4300.0,0.2,7599999.999999999,1.0E-4,0.033,0.033,0.0,1200.0,22.0,0.0025,2.4E-6,5.4E-14,4.4E7,1.0,1.7E9,
3.6E-43,0.0027,1800.0,2300.0,3000.0,7499999.999999999,4400.0,1300.0,1400.0,5000.0,4300.0,0.2,7499999.999999999,1.1E-4,0.032,0.032,0.0,1200.0,22.0,6.2E-6,2.4E-6,1.6E-14,4.3E7,1.0,1.7E9,
3.4999999999999996E-43,0.0027,1800.0,2300.0,3000.0,7199999.999999999,4400.0,1300.0,1400.0,5000.0,4300.0,0.19,7199999.999999999,1.2E-4,0.032,0.032,0.0,1200.0,21.0,4.3E-8,2.4E-6,5.9E-15,4.1E7,1.0,1.7E9,
3.4999999999999996E-43,0.0026,1800.0,2300.0,3000.0,6999999.999999999,4400.0,1300.0,1400.0,5000.0,4300.0,0.19,6999999.999999999,1.3E-4,0.031,0.031,0.0,1300.0,21.0,7.9E-10,2.4E-6,2.7E-15,4.0E7,1.0,1.7E9,
3.3999999999999997E-43,0.0026,1800.0,2300.0,3000.0,6799999.999999999,4300.0,1300.0,1400.0,5000.0,4300.0,0.19,6899999.999999999,1.3E-4,0.031,0.031,0.0,1300.0,21.0,1.5E-11,2.4E-6,1.3E-15,4.0E7,1.0,1.7E9,
3.3999999999999997E-43,0.0026,1800.0,2300.0,3000.0,6799999.999999999,4300.0,1300.0,1400.0,5000.0,4300.0,0.19,6899999.999999999,1.3E-4,0.031,0.031,0.0,1200.0,21.0,3.7E-14,2.4E-6,5.2E-16,4.0E7,1.0,1.7E9,
3.3999999999999997E-43,0.0026,1800.0,2300.0,3000.0,6799999.999999999,4300.0,1300.0,1400.0,5000.0,4300.0,0.19,6899999.999999999,1.1E-4,0.031,0.031,0.0,1200.0,21.0,9.4E-17,2.4E-6,2.8E-16,4.2E7,1.0,1.7E9,
3.3999999999999997E-43,0.0026,1800.0,2300.0,3000.0,6799999.999999999,4300.0,1300.0,1400.0,5000.0,4300.0,0.19,6899999.999999999,9.6E-5,0.031,0.031,0.0,1200.0,21.0,2.4E-19,2.4E-6,1.8E-16,4.4E7,1.0,1.7E9,
3.3999999999999997E-43,0.0026,1800.0,2300.0,3000.0,6799999.999999999,4300.0,1300.0,1400.0,5000.0,4300.0,0.19,6899999.999999999,7.9E-5,0.031,0.031,0.0,1200.0,21.0,6.1E-22,2.4E-6,1.4E-16,4.7E7,1.0,1.7E9,
3.3999999999999997E-43,0.0026,1800.0,2300.0,3000.0,6799999.999999999,4300.0,1300.0,1400.0,5000.0,4300.0,0.19,6899999.999999999,6.5E-5,0.031,0.031,0.0,1200.0,21.0,8.7E-24,2.4E-6,1.1E-16,5.1E7,1.0,1.7E9,
3.3999999999999997E-43,0.0026,1800.0,2300.0,3000.0,6799999.999999999,4300.0,1300.0,1400.0,5000.0,4300.0,0.19,6899999.999999999,5.4E-5,0.031,0.031,0.0,1200.0,21.0,2.6E-25,2.4E-6,9.1E-17,5.5E7,1.0,1.7E9,
3.3999999999999997E-43,0.0026,1800.0,2300.0,3000.0,6799999.999999999,4300.0,1300.0,1400.0,5000.0,4300.0,0.19,6899999.999999999,4.4E-5,0.031,0.031,0.0,1200.0,21.0,0.0,2.4E-6,7.4E-17,5.8E7,1.0,1.7E9,
3.3999999999999997E-43,0.0026,1800.0,2300.0,3000.0,6799999.999999999,4300.0,1300.0,1400.0,5000.0,4300.0,0.19,6899999.999999999,3.7E-5,0.031,0.031,0.0,1200.0,21.0,0.0,2.4E-6,6.2E-17,6.2E7,1.0,1.7E9,
3.3999999999999997E-43,0.0026,1800.0,2300.0,3000.0,6799999.999999999,4300.0,1300.0,1400.0,5000.0,4300.0,0.19,6899999.999999999,4.6E-5,0.031,0.031,0.0,1200.0,21.0,0.0,2.4E-6,6.1E-17,5.8E7,1.0,1.7E9,
3.3999999999999997E-43,0.0026,1800.0,2300.0,3000.0,6799999.999999999,4300.0,1300.0,1400.0,5000.0,4300.0,0.19,6899999.999999999,4.9E-5,0.031,0.031,0.0,1200.0,21.0,0.0,2.4E-6,6.5E-17,5.6E7,1.0,1.7E9,
3.3999999999999997E-43,0.0026,1800.0,2300.0,3000.0,6799999.999999999,4300.0,1300.0,1400.0,5000.0,4300.0,0.19,6899999.999999999,4.7E-5,0.031,0.031,0.0,1200.0,21.0,0.0,2.4E-6,6.7E-17,5.7E7,1.0,1.7E9,
3.3999999999999997E-43,0.0026,1800.0,2300.0,3000.0,6799999.999999999,4300.0,1300.0,1400.0,5000.0,4300.0,0.19,6899999.999999999,4.3E-5,0.031,0.031,0.0,1200.0,21.0,0.0,2.4E-6,6.4E-17,5.9E7,1.0,1.7E9,
3.3999999999999997E-43,0.0026,1800.0,2300.0,3000.0,6799999.999999999,4300.0,1300.0,1400.0,5000.0,4300.0,0.19,6899999.999999999,3.8E-5,0.031,0.031,0.0,1100.0,21.0,0.0,2.4E-6,5.8E-17,6.2E7,1.0,1.7E9,
3.3999999999999997E-43,0.0026,1800.0,2300.0,3000.0,6799999.999999999,4300.0,1300.0,1400.0,5000.0,4300.0,0.19,6899999.999999999,3.3E-5,0.031,0.031,0.0,1100.0,21.0,0.0,2.4E-6,5.2E-17,6.5E7,1.0,1.7E9,
3.3999999999999997E-43,0.0026,1800.0,2300.0,3000.0,6799999.999999999,4300.0,1300.0,1400.0,5000.0,4300.0,0.19,6899999.999999999,2.8E-5,0.031,0.031,0.0,1100.0,21.0,0.0,2.4E-6,4.5E-17,6.9E7,1.0,1.7E9,
3.3999999999999997E-43,0.0026,1800.0,2300.0,3000.0,6799999.999999999,4300.0,1300.0,1400.0,5000.0,4300.0,0.19,6899999.999999999,2.4E-5,0.031,0.031,0.0,1100.0,21.0,0.0,2.4E-6,3.9E-17,7.2E7,1.0,1.7E9,
3.3999999999999997E-43,0.0026,1800.0,2300.0,3000.0,6799999.999999999,4300.0,1300.0,1400.0,5000.0,4300.0,0.19,6899999.999999999,2.8E-5,0.031,0.031,0.0,1100.0,21.0,0.0,2.4E-6,3.7E-17,6.9E7,1.0,1.7E9,
3.3999999999999997E-43,0.0026,1800.0,2300.0,3000.0,6799999.999999999,4300.0,1300.0,1400.0,5000.0,4300.0,0.19,6899999.999999999,3.3E-5,0.031,0.031,0.0,1100.0,21.0,0.0,2.4E-6,4.2E-17,6.5E7,1.0,1.7E9,
3.3999999999999997E-43,0.0026,1800.0,2300.0,3000.0,6799999.999999999,4300.0,1300.0,1400.0,5000.0,4300.0,0.19,6899999.999999999,3.4E-5,0.031,0.031,0.0,1100.0,21.0,0.0,2.4E-6,4.6E-17,6.4E7,1.0,1.7E9,
3.3999999999999997E-43,0.0026,1800.0,2300.0,3000.0,6799999.999999999,4300.0,1300.0,1400.0,5000.0,4300.0,0.19,6899999.999999999,3.3E-5,0.031,0.031,0.0,1100.0,21.0,0.0,2.4E-6,4.7E-17,6.5E7,1.0,1.7E9,
3.3999999999999997E-43,0.0026,1800.0,2300.0,3000.0,6799999.999999999,4300.0,1300.0,1400.0,5000.0,4300.0,0.19,6899999.999999999,3.0E-5,0.031,0.031,0.0,1100.0,21.0,0.0,2.4E-6,4.5E-17,6.7E7,1.0,1.7E9,
3.3999999999999997E-43,0.0026,1800.0,2300.0,3000.0,6799999.999999999,4300.0,1300.0,1400.0,5000.0,4300.0,0.19,6899999.999999999,2.7E-5,0.031,0.031,0.0,1100.0,21.0,0.0,2.4E-6,4.1E-17,7.0E7,1.0,1.7E9,
3.3999999999999997E-43,0.0026,1800.0,2300.0,3000.0,6799999.999999999,4300.0,1300.0,1400.0,5000.0,4300.0,0.19,6899999.999999999,2.3E-5,0.031,0.031,0.0,1100.0,21.0,0.0,2.4E-6,3.7E-17,7.3E7,1.0,1.7E9,
3.3999999999999997E-43,0.0026,1800.0,2300.0,3000.0,6799999.999999999,4300.0,1300.0,1400.0,5000.0,4300.0,0.19,6899999.999999999,2.1E-5,0.031,0.031,0.0,1100.0,21.0,0.0,2.4E-6,3.2E-17,7.7E7,1.0,1.7E9,
3.3999999999999997E-43,0.0026,1800.0,2300.0,3000.0,6799999.999999999,4300.0,1300.0,1400.0,5000.0,4300.0,0.19,6799999.999999999,1.9E-5,0.031,0.031,0.0,1100.0,21.0,0.0,2.4E-6,2.9E-17,7.8E7,1.0,1.7E9,
3.3999999999999997E-43,0.0026,1800.0,2300.0,3000.0,6799999.999999999,4300.0,1300.0,1400.0,5000.0,4300.0,0.19,6799999.999999999,2.6E-5,0.031,0.031,0.0,1100.0,21.0,0.0,2.4E-6,3.2E-17,7.0E7,1.0,1.7E9,
3.3999999999999997E-43,0.0026,1800.0,2300.0,3000.0,6799999.999999999,4300.0,1300.0,1400.0,5000.0,4300.0,0.19,6799999.999999999,2.9E-5,0.031,0.031,0.0,1100.0,21.0,0.0,2.4E-6,3.8E-17,6.7E7,1.0,1.7E9,
3.3999999999999997E-43,0.0026,1800.0,2300.0,3000.0,6799999.999999999,4300.0,1300.0,1400.0,5000.0,4300.0,0.19,6799999.999999999,3.0E-5,0.031,0.031,0.0,1100.0,21.0,0.0,2.4E-6,4.1E-17,6.6E7,1.0,1.7E9,
5.799999999999999E-42,0.09,3100.0,180000.0,500.0,9300000.0,4300.0,1300.0,1400.0,5000.0,4300.0,0.2,9500000.0,2.5E-5,0.099,0.099,0.0,1300.0,17.0,86.0,2.5E-6,1.6E-12,6.7E7,1.0,1.7E9,
3.2E-43,0.0049,3100.0,560.0,500.0,9200000.0,4300.0,1300.0,1400.0,5000.0,4300.0,0.2,9200000.0,1.6E-6,0.043,0.043,0.0,1300.0,16.0,4.5,2.5E-6,4.7E-14,6.4E7,1.0,1.7E9,
3.0999999999999995E-43,0.0048,3100.0,560.0,490.0,8900000.0,4300.0,1300.0,1400.0,5000.0,4300.0,0.19,9000000.0,3.1E-5,0.042,0.042,0.0,1300.0,16.0,0.61,2.5E-6,3.1E-14,6.1E7,1.0,1.7E9,
2.9999999999999996E-43,0.0046,3100.0,560.0,490.0,8600000.0,4300.0,1300.0,1400.0,5000.0,4300.0,0.19,8600000.0,3.5E-5,0.041,0.041,0.0,1200.0,15.0,0.011,2.5E-6,1.3E-14,5.8E7,1.0,1.7E9,
2.8999999999999997E-43,0.0044,3100.0,560.0,490.0,8199999.999999999,4300.0,1300.0,1400.0,5000.0,4300.0,0.19,8199999.999999999,3.7E-5,0.039,0.039,0.0,1200.0,14.0,0.0015,2.4E-6,8.6E-15,5.6E7,1.0,1.7E9,
2.7E-43,0.0041,3100.0,560.0,490.0,7599999.999999999,4300.0,1300.0,1400.0,5000.0,4300.0,0.19,7599999.999999999,4.0E-5,0.038,0.038,0.0,1200.0,14.0,2.8E-5,2.4E-6,3.6E-15,5.3E7,1.0,1.7E9,
2.5999999999999996E-43,0.004,3100.0,560.0,490.0,7399999.999999999,4300.0,1300.0,1400.0,5000.0,4300.0,0.19,7499999.999999999,4.2E-5,0.037,0.037,0.0,1200.0,13.0,3.8E-6,2.4E-6,2.4E-15,5.1E7,1.0,1.7E9,
2.4999999999999997E-43,0.0038,3100.0,560.0,490.0,6899999.999999999,4300.0,1300.0,1400.0,5000.0,4300.0,0.19,6899999.999999999,4.5E-5,0.035,0.035,0.0,1200.0,12.0,7.1E-8,2.4E-6,1.0E-15,4.9E7,1.0,1.7E9,
2.3999999999999998E-43,0.0038,3100.0,560.0,490.0,6899999.999999999,4300.0,1300.0,1400.0,5000.0,4300.0,0.19,6899999.999999999,4.9E-5,0.035,0.035,0.0,1200.0,12.0,4.8E-10,2.4E-6,4.3E-16,4.7E7,1.0,1.7E9,
2.3999999999999998E-43,0.0038,3100.0,560.0,490.0,6899999.999999999,4300.0,1300.0,1400.0,5000.0,4300.0,0.19,6899999.999999999,4.9E-5,0.035,0.035,0.0,1200.0,12.0,1.2E-12,2.4E-6,1.8E-16,4.7E7,1.0,1.7E9,
2.3999999999999998E-43,0.0038,3100.0,560.0,490.0,6899999.999999999,4300.0,1300.0,1400.0,5000.0,4300.0,0.19,6899999.999999999,4.5E-5,0.035,0.035,0.0,1200.0,12.0,3.1E-15,2.4E-6,1.0E-16,4.8E7,1.0,1.7E9,
2.3999999999999998E-43,0.0038,3100.0,560.0,490.0,6899999.999999999,4300.0,1300.0,1400.0,5000.0,4300.0,0.19,6899999.999999999,3.9E-5,0.035,0.035,0.0,1200.0,12.0,7.8E-18,2.4E-6,7.2E-17,5.1E7,1.0,1.7E9,
2.3999999999999998E-43,0.0038,3100.0,560.0,490.0,6899999.999999999,4300.0,1300.0,1400.0,5000.0,4300.0,0.19,6899999.999999999,3.3E-5,0.035,0.035,0.0,1200.0,12.0,2.2E-20,2.4E-6,5.7E-17,5.4E7,1.0,1.7E9,
2.3999999999999998E-43,0.0038,3100.0,560.0,490.0,6899999.999999999,4300.0,1300.0,1400.0,5000.0,4300.0,0.19,6899999.999999999,2.8E-5,0.035,0.035,0.0,1200.0,12.0,4.699999999999999E-22,2.4E-6,4.7E-17,5.7E7,1.0,1.7E9,
2.3999999999999998E-43,0.0038,3100.0,560.0,490.0,6899999.999999999,4300.0,1300.0,1400.0,5000.0,4300.0,0.19,6899999.999999999,2.3E-5,0.035,0.035,0.0,1200.0,12.0,9.7E-23,2.4E-6,3.9E-17,6.1E7,1.0,1.7E9,
2.3999999999999998E-43,0.0038,3100.0,560.0,490.0,6899999.999999999,4300.0,1300.0,1400.0,5000.0,4300.0,0.19,6899999.999999999,2.0E-5,0.035,0.035,0.0,1200.0,12.0,6.3E-23,2.4E-6,3.3E-17,6.5E7,1.0,1.7E9,
2.3999999999999998E-43,0.0038,3100.0,560.0,490.0,6899999.999999999,4300.0,1300.0,1400.0,5000.0,4300.0,0.19,6899999.999999999,2.1E-5,0.035,0.035,0.0,1100.0,12.0,0.0,2.4E-6,2.9E-17,6.4E7,1.0,1.7E9,
2.3999999999999998E-43,0.0038,3100.0,560.0,490.0,6899999.999999999,4300.0,1300.0,1400.0,5000.0,4300.0,0.19,6899999.999999999,2.4E-5,0.035,0.035,0.0,1100.0,12.0,0.0,2.4E-6,3.2E-17,6.0E7,1.0,1.7E9,
2.3999999999999998E-43,0.0038,3100.0,560.0,490.0,6899999.999999999,4300.0,1300.0,1400.0,5000.0,4300.0,0.19,6899999.999999999,2.5E-5,0.035,0.035,0.0,1100.0,12.0,0.0,2.4E-6,3.5E-17,6.0E7,1.0,1.7E9,
2.3999999999999998E-43,0.0038,3100.0,560.0,490.0,6899999.999999999,4300.0,1300.0,1400.0,5000.0,4300.0,0.19,6899999.999999999,2.4E-5,0.035,0.035,0.0,1100.0,12.0,0.0,2.4E-6,3.5E-17,6.1E7,1.0,1.7E9,
2.3999999999999998E-43,0.0038,3100.0,560.0,490.0,6899999.999999999,4300.0,1300.0,1400.0,5000.0,4300.0,0.19,6899999.999999999,2.1E-5,0.035,0.035,0.0,1100.0,12.0,0.0,2.4E-6,3.3E-17,6.3E7,1.0,1.7E9,
2.3999999999999998E-43,0.0038,3100.0,560.0,490.0,6899999.999999999,4300.0,1300.0,1400.0,5000.0,4300.0,0.19,6899999.999999999,1.9E-5,0.035,0.035,0.0,1100.0,12.0,0.0,2.4E-6,3.0E-17,6.6E7,1.0,1.7E9,
2.3999999999999998E-43,0.0038,3100.0,560.0,490.0,6899999.999999999,4300.0,1300.0,1400.0,5000.0,4300.0,0.19,6899999.999999999,1.6E-5,0.035,0.035,0.0,1100.0,12.0,0.0,2.4E-6,2.6E-17,7.0E7,1.0,1.7E9,
2.3999999999999998E-43,0.0038,3100.0,560.0,490.0,6899999.999999999,4300.0,1300.0,1400.0,5000.0,4300.0,0.19,6899999.999999999,1.4E-5,0.035,0.035,0.0,1100.0,12.0,0.0,2.4E-6,2.3E-17,7.3E7,1.0,1.7E9,
2.3999999999999998E-43,0.0038,3100.0,560.0,490.0,6899999.999999999,4300.0,1300.0,1400.0,5000.0,4300.0,0.19,6899999.999999999,1.3E-5,0.035,0.035,0.0,1100.0,12.0,0.0,2.4E-6,2.0E-17,7.5E7,1.0,1.7E9,
2.3999999999999998E-43,0.0038,3100.0,560.0,490.0,6899999.999999999,4300.0,1300.0,1400.0,5000.0,4300.0,0.19,6899999.999999999,1.7E-5,0.035,0.035,0.0,1100.0,12.0,0.0,2.4E-6,2.2E-17,6.8E7,1.0,1.7E9,
2.3999999999999998E-43,0.0038,3100.0,560.0,490.0,6899999.999999999,4300.0,1300.0,1400.0,5000.0,4300.0,0.19,6899999.999999999,1.9E-5,0.035,0.035,0.0,1100.0,12.0,0.0,2.4E-6,2.5E-17,6.6E7,1.0,1.7E9,
2.3999999999999998E-43,0.0038,3100.0,560.0,490.0,6899999.999999999,4300.0,1300.0,1400.0,5000.0,4300.0,0.19,6899999.999999999,1.9E-5,0.035,0.035,0.0,1100.0,12.0,0.0,2.4E-6,2.7E-17,6.6E7,1.0,1.7E9,
2.3999999999999998E-43,0.0038,3100.0,560.0,490.0,6899999.999999999,4300.0,1300.0,1400.0,5000.0,4300.0,0.19,6899999.999999999,1.8E-5,0.035,0.035,0.0,1100.0,12.0,0.0,2.4E-6,2.6E-17,6.8E7,1.0,1.7E9,
2.3999999999999998E-43,0.0038,3100.0,560.0,490.0,6899999.999999999,4300.0,1300.0,1400.0,5000.0,4300.0,0.19,6899999.999999999,1.6E-5,0.035,0.035,0.0,1100.0,12.0,0.0,2.4E-6,2.5E-17,7.0E7,1.0,1.7E9,
2.3999999999999998E-43,0.0038,3100.0,560.0,490.0,6899999.999999999,4300.0,1300.0,1400.0,5000.0,4300.0,0.19,6899999.999999999,1.4E-5,0.035,0.035,0.0,1100.0,12.0,0.0,2.4E-6,2.2E-17,7.3E7,1.0,1.7E9,
2.3999999999999998E-43,0.0038,3100.0,560.0,490.0,6899999.999999999,4300.0,1300.0,1400.0,5000.0,4300.0,0.19,6899999.999999999,1.3E-5,0.035,0.035,0.0,1100.0,12.0,0.0,2.4E-6,2.0E-17,7.7E7,1.0,1.7E9,
2.3999999999999998E-43,0.0038,3100.0,560.0,490.0,6899999.999999999,4300.0,1300.0,1400.0,5000.0,4300.0,0.19,6899999.999999999,1.1E-5,0.035,0.035,0.0,1100.0,12.0,0.0,2.4E-6,1.8E-17,8.0E7,1.0,1.7E9,
2.3999999999999998E-43,0.0038,3100.0,560.0,490.0,6899999.999999999,4300.0,1300.0,1400.0,5000.0,4300.0,0.19,6899999.999999999,1.4E-5,0.035,0.035,0.0,1100.0,12.0,0.0,2.4E-6,1.8E-17,7.4E7,1.0,1.7E9,
2.3999999999999998E-43,0.0038,3100.0,560.0,490.0,6899999.999999999,4300.0,1300.0,1400.0,5000.0,4300.0,0.19,6899999.999999999,1.6E-5,0.035,0.035,0.0,1100.0,12.0,0.0,2.4E-6,2.1E-17,7.0E7,1.0,1.7E9,
2.3999999999999998E-43,0.0038,3100.0,560.0,490.0,6899999.999999999,4300.0,1300.0,1400.0,5000.0,4300.0,0.19,6899999.999999999,1.7E-5,0.035,0.035,0.0,1100.0,12.0,0.0,2.4E-6,2.3E-17,6.9E7,1.0,1.7E9,
2.3999999999999998E-43,0.0038,3100.0,560.0,490.0,6899999.999999999,4300.0,1300.0,1400.0,5000.0,4300.0,0.19,6899999.999999999,1.6E-5,0.035,0.035,0.0,1000.0,12.0,0.0,2.4E-6,2.4E-17,7.0E7,1.0,1.7E9,
2.3999999999999998E-43,0.0038,3100.0,560.0,490.0,6899999.999999999,4300.0,1300.0,1400.0,5000.0,4300.0,0.19,6899999.999999999,1.5E-5,0.035,0.035,0.0,1000.0,12.0,0.0,2.4E-6,2.3E-17,7.2E7,1.0,1.7E9,
2.3999999999999998E-43,0.0038,3100.0,560.0,490.0,6899999.999999999,4300.0,1300.0,1400.0,5000.0,4300.0,0.19,6899999.999999999,1.3E-5,0.035,0.035,0.0,1000.0,12.0,0.0,2.4E-6,2.1E-17,7.5E7,1.0,1.7E9,
2.3999999999999998E-43,0.0038,3100.0,560.0,490.0,6899999.999999999,4300.0,1300.0,1400.0,5000.0,4300.0,0.19,6899999.999999999,1.2E-5,0.035,0.035,0.0,1000.0,12.0,0.0,2.4E-6,1.9E-17,7.8E7,1.0,1.7E9,
2.3999999999999998E-43,0.0038,3100.0,560.0,490.0,6899999.999999999,4300.0,1300.0,1400.0,5000.0,4300.0,0.19,6899999.999999999,1.1E-5,0.035,0.035,0.0,1000.0,12.0,0.0,2.4E-6,1.7E-17,8.2E7,1.0,1.7E9,
2.3999999999999998E-43,0.0038,3100.0,560.0,490.0,6899999.999999999,4300.0,1300.0,1400.0,5000.0,4300.0,0.19,6899999.999999999,1.2E-5,0.035,0.035,0.0,1000.0,12.0,0.0,2.4E-6,1.6E-17,7.8E7,1.0,1.7E9,
2.3999999999999998E-43,0.0038,3100.0,560.0,490.0,6899999.999999999,4300.0,1300.0,1400.0,5000.0,4300.0,0.19,6899999.999999999,1.5E-5,0.035,0.035,0.0,1000.0,12.0,0.0,2.4E-6,1.8E-17,7.3E7,1.0,1.7E9,
2.3999999999999998E-43,0.0038,3100.0,560.0,490.0,6899999.999999999,4300.0,1300.0,1400.0,5000.0,4300.0,0.19,6899999.999999999,1.6E-5,0.035,0.035,0.0,1000.0,12.0,0.0,2.4E-6,2.1E-17,7.0E7,1.0,1.7E9,
2.3999999999999998E-43,0.0038,3100.0,560.0,490.0,6899999.999999999,4300.0,1300.0,1400.0,5000.0,4300.0,0.19,6899999.999999999,1.6E-5,0.035,0.035,0.0,1000.0,12.0,0.0,2.4E-6,2.2E-17,7.1E7,1.0,1.7E9,
2.3999999999999998E-43,0.0038,3100.0,560.0,490.0,6899999.999999999,4300.0,1300.0,1400.0,5000.0,4300.0,0.19,6899999.999999999,1.5E-5,0.035,0.035,0.0,980.0,12.0,0.0,2.4E-6,2.2E-17,7.2E7,1.0,1.7E9,
2.3999999999999998E-43,0.0038,3100.0,560.0,490.0,6899999.999999999,4300.0,1300.0,1400.0,5000.0,4300.0,0.19,6899999.999999999,1.3E-5,0.035,0.035,0.0,980.0,12.0,0.0,2.4E-6,2.0E-17,7.5E7,1.0,1.7E9,
2.3999999999999998E-43,0.0038,3100.0,560.0,490.0,6899999.999999999,4300.0,1300.0,1400.0,5000.0,4300.0,0.19,6899999.999999999,1.2E-5,0.035,0.035,0.0,970.0,12.0,0.0,2.4E-6,1.9E-17,7.8E7,1.0,1.7E9,
2.3999999999999998E-43,0.0038,3100.0,560.0,490.0,6899999.999999999,4300.0,1300.0,1400.0,5000.0,4300.0,0.19,6899999.999999999,1.1E-5,0.035,0.035,0.0,960.0,12.0,0.0,2.4E-6,1.7E-17,8.2E7,1.0,1.7E9,
2.3999999999999998E-43,0.0038,3100.0,560.0,490.0,6899999.999999999,4300.0,1300.0,1400.0,5000.0,4300.0,0.19,6899999.999999999,1.0E-5,0.035,0.035,0.0,950.0,12.0,0.0,2.4E-6,1.5E-17,8.3E7,1.0,1.7E9,
2.3999999999999998E-43,0.0038,3100.0,560.0,490.0,6899999.999999999,4300.0,1300.0,1400.0,5000.0,4300.0,0.19,6899999.999999999,1.3E-5,0.035,0.035,0.0,950.0,12.0,0.0,2.4E-6,1.7E-17,7.5E7,1.0,1.7E9,
2.3999999999999998E-43,0.0038,3100.0,560.0,490.0,6899999.999999999,4300.0,1300.0,1400.0,5000.0,4300.0,0.19,6899999.999999999,1.5E-5,0.035,0.035,0.0,950.0,12.0,0.0,2.4E-6,1.9E-17,7.2E7,1.0,1.7E9,
2.3999999999999998E-43,0.0038,3100.0,560.0,490.0,6899999.999999999,4300.0,1300.0,1400.0,5000.0,4300.0,0.19,6899999.999999999,1.5E-5,0.035,0.035,0.0,950.0,12.0,0.0,2.4E-6,2.1E-17,7.1E7,1.0,1.7E9,
2.3999999999999998E-43,0.0038,3100.0,560.0,490.0,6899999.999999999,4300.0,1300.0,1400.0,5000.0,4300.0,0.19,6899999.999999999,1.5E-5,0.035,0.035,0.0,950.0,12.0,0.0,2.4E-6,2.1E-17,7.2E7,1.0,1.7E9,
2.3999999999999998E-43,0.0038,3100.0,560.0,490.0,6899999.999999999,4300.0,1300.0,1400.0,5000.0,4300.0,0.19,6899999.999999999,1.3E-5,0.035,0.035,0.0,940.0,12.0,0.0,2.4E-6,2.0E-17,7.5E7,1.0,1.7E9,
2.3999999999999998E-43,0.0038,3100.0,560.0,490.0,6899999.999999999,4300.0,1300.0,1400.0,5000.0,4300.0,0.19,6899999.999999999,1.2E-5,0.035,0.035,0.0,940.0,12.0,0.0,2.4E-6,1.9E-17,7.8E7,1.0,1.7E9,
2.3999999999999998E-43,0.0038,3100.0,560.0,490.0,6899999.999999999,4300.0,1300.0,1400.0,5000.0,4300.0,0.19,6899999.999999999,1.1E-5,0.035,0.035,0.0,930.0,12.0,0.0,2.4E-6,1.7E-17,8.1E7,1.0,1.7E9,
2.3999999999999998E-43,0.0038,3100.0,560.0,490.0,6899999.999999999,4300.0,1300.0,1400.0,5000.0,4300.0,0.19,6899999.999999999,9.5E-6,0.035,0.035,0.0,910.0,12.0,0.0,2.4E-6,1.5E-17,8.5E7,1.0,1.7E9,
2.3999999999999998E-43,0.0038,3100.0,560.0,490.0,6899999.999999999,4300.0,1300.0,1400.0,5000.0,4300.0,0.19,6899999.999999999,1.2E-5,0.035,0.035,0.0,910.0,12.0,0.0,2.4E-6,1.5E-17,7.7E7,1.0,1.7E9,
2.3999999999999998E-43,0.0038,3100.0,560.0,490.0,6899999.999999999,4300.0,1300.0,1400.0,5000.0,4300.0,0.19,6899999.999999999,1.4E-5,0.035,0.035,0.0,910.0,12.0,0.0,2.4E-6,1.8E-17,7.3E7,1.0,1.7E9,
2.3999999999999998E-43,0.0038,3100.0,560.0,490.0,6899999.999999999,4300.0,1300.0,1400.0,5000.0,4300.0,0.19,6899999.999999999,1.5E-5,0.035,0.035,0.0,890.0,12.0,0.0,2.4E-6,2.0E-17,7.1E7,1.0,1.7E9,
2.3999999999999998E-43,0.0038,3100.0,560.0,490.0,6899999.999999999,4300.0,1300.0,1400.0,5000.0,4300.0,0.19,6899999.999999999,1.5E-5,0.035,0.035,0.0,890.0,12.0,0.0,2.4E-6,2.1E-17,7.2E7,1.0,1.7E9,
2.3999999999999998E-43,0.0038,3100.0,560.0,490.0,6899999.999999999,4300.0,1300.0,1400.0,5000.0,4300.0,0.19,6899999.999999999,1.4E-5,0.035,0.035,0.0,890.0,12.0,0.0,2.4E-6,2.1E-17,7.4E7,1.0,1.7E9,
2.3999999999999998E-43,0.0038,3100.0,560.0,490.0,6899999.999999999,4300.0,1300.0,1400.0,5000.0,4300.0,0.19,6899999.999999999,1.2E-5,0.035,0.035,0.0,890.0,12.0,0.0,2.4E-6,1.9E-17,7.7E7,1.0,1.7E9,
2.3999999999999998E-43,0.0037,3100.0,560.0,490.0,6799999.999999999,4300.0,1300.0,1400.0,5000.0,4300.0,0.19,6799999.999999999,1.3E-5,0.035,0.035,0.0,870.0,12.0,0.0,2.4E-6,1.8E-17,7.5E7,1.0,1.7E9,
2.3999999999999998E-43,0.0037,3100.0,560.0,490.0,6799999.999999999,4300.0,1300.0,1400.0,5000.0,4300.0,0.19,6799999.999999999,1.6E-5,0.035,0.035,0.0,870.0,12.0,0.0,2.4E-6,2.0E-17,6.9E7,1.0,1.7E9,
2.3999999999999998E-43,0.0037,3100.0,560.0,490.0,6799999.999999999,4300.0,1300.0,1400.0,5000.0,4300.0,0.19,6799999.999999999,1.8E-5,0.035,0.035,0.0,850.0,12.0,0.0,2.4E-6,2.3E-17,6.7E7,1.0,1.7E9,
2.3999999999999998E-43,0.0037,3100.0,560.0,490.0,6799999.999999999,4300.0,1300.0,1400.0,5000.0,4300.0,0.19,6799999.999999999,1.7E-5,0.035,0.035,0.0,830.0,12.0,0.0,2.4E-6,2.5E-17,6.7E7,1.0,1.7E9,
2.3999999999999998E-43,0.0037,3100.0,560.0,490.0,6799999.999999999,4300.0,1300.0,1400.0,5000.0,4300.0,0.19,6799999.999999999,1.6E-5,0.035,0.035,0.0,800.0,12.0,0.0,2.4E-6,2.4E-17,6.8E7,1.0,1.7E9,
2.3999999999999998E-43,0.0037,3100.0,560.0,490.0,6799999.999999999,4300.0,1300.0,1400.0,5000.0,4300.0,0.19,6799999.999999999,2.1E-5,0.035,0.035,0.0,790.0,12.0,0.0,2.4E-6,2.6E-17,6.2E7,1.0,1.7E9,
2.3999999999999998E-43,0.0037,3100.0,560.0,490.0,6799999.999999999,4300.0,1300.0,1400.0,5000.0,4300.0,0.19,6799999.999999999,2.3E-5,0.035,0.035,0.0,790.0,12.0,0.0,2.4E-6,3.0E-17,6.0E7,1.0,1.7E9,
2.3999999999999998E-43,0.0037,3100.0,560.0,490.0,6799999.999999999,4300.0,1300.0,1400.0,5000.0,4300.0,0.19,6799999.999999999,2.3E-5,0.035,0.035,0.0,790.0,12.0,0.0,2.4E-6,3.2E-17,6.1E7,1.0,1.7E9,
2.3999999999999998E-43,0.0037,3100.0,560.0,490.0,6799999.999999999,4300.0,1300.0,1400.0,5000.0,4300.0,0.19,6799999.999999999,2.1E-5,0.035,0.035,0.0,790.0,12.0,0.0,2.4E-6,3.1E-17,6.2E7,1.0,1.7E9,
2.3999999999999998E-43,0.0037,3100.0,560.0,490.0,6799999.999999999,4300.0,1300.0,1400.0,5000.0,4300.0,0.19,6799999.999999999,1.9E-5,0.035,0.035,0.0,780.0,12.0,0.0,2.4E-6,2.9E-17,6.5E7,1.0,1.7E9,
2.3999999999999998E-43,0.0037,3100.0,560.0,490.0,6799999.999999999,4300.0,1300.0,1400.0,5000.0,4300.0,0.19,6799999.999999999,1.6E-5,0.035,0.035,0.0,760.0,12.0,0.0,2.4E-6,2.6E-17,6.8E7,1.0,1.7E9,
2.3999999999999998E-43,0.0037,3100.0,560.0,490.0,6799999.999999999,4300.0,1300.0,1400.0,5000.0,4300.0,0.19,6799999.999999999,1.4E-5,0.035,0.035,0.0,760.0,12.0,0.0,2.4E-6,2.3E-17,7.1E7,1.0,1.7E9,
2.3999999999999998E-43,0.0037,3100.0,560.0,490.0,6799999.999999999,4300.0,1300.0,1400.0,5000.0,4300.0,0.19,6799999.999999999,1.3E-5,0.035,0.035,0.0,750.0,12.0,0.0,2.4E-6,2.0E-17,7.5E7,1.0,1.7E9,
2.3999999999999998E-43,0.0037,3100.0,560.0,490.0,6799999.999999999,4300.0,1300.0,1400.0,5000.0,4300.0,0.19,6799999.999999999,1.5E-5,0.035,0.035,0.0,750.0,12.0,0.0,2.4E-6,1.9E-17,7.1E7,1.0,1.7E9,
2.3999999999999998E-43,0.0037,3100.0,560.0,490.0,6799999.999999999,4300.0,1300.0,1400.0,5000.0,4300.0,0.19,6799999.999999999,1.7E-5,0.035,0.035,0.0,750.0,12.0,0.0,2.4E-6,2.2E-17,6.6E7,1.0,1.7E9,
2.3999999999999998E-43,0.0037,3100.0,560.0,490.0,6799999.999999999,4300.0,1300.0,1400.0,5000.0,4300.0,0.19,6799999.999999999,1.8E-5,0.035,0.035,0.0,740.0,12.0,0.0,2.4E-6,2.5E-17,6.5E7,1.0,1.7E9,
2.3999999999999998E-43,0.0037,3100.0,560.0,490.0,6799999.999999999,4300.0,1300.0,1400.0,5000.0,4300.0,0.19,6799999.999999999,1.8E-5,0.035,0.035,0.0,740.0,12.0,0.0,2.4E-6,2.6E-17,6.6E7,1.0,1.7E9,
2.3999999999999998E-43,0.0037,3100.0,560.0,490.0,6799999.999999999,4300.0,1300.0,1400.0,5000.0,4300.0,0.19,6799999.999999999,1.6E-5,0.035,0.035,0.0,730.0,12.0,0.0,2.4E-6,2.5E-17,6.8E7,1.0,1.7E9,
2.3999999999999998E-43,0.0037,3100.0,560.0,490.0,6799999.999999999,4300.0,1300.0,1400.0,5000.0,4300.0,0.19,6799999.999999999,1.5E-5,0.035,0.035,0.0,730.0,12.0,0.0,2.4E-6,2.3E-17,7.1E7,1.0,1.7E9,
2.3999999999999998E-43,0.0037,3100.0,560.0,490.0,6799999.999999999,4300.0,1300.0,1400.0,5000.0,4300.0,0.19,6799999.999999999,1.3E-5,0.035,0.035,0.0,730.0,12.0,0.0,2.4E-6,2.0E-17,7.4E7,1.0,1.7E9,
2.3999999999999998E-43,0.0037,3100.0,560.0,490.0,6799999.999999999,4300.0,1300.0,1400.0,5000.0,4300.0,0.19,6799999.999999999,1.1E-5,0.035,0.035,0.0,730.0,12.0,0.0,2.4E-6,1.8E-17,7.8E7,1.0,1.7E9,
2.3999999999999998E-43,0.0037,3100.0,560.0,490.0,6799999.999999999,4300.0,1300.0,1400.0,5000.0,4300.0,0.19,6799999.999999999,1.2E-5,0.035,0.035,0.0,730.0,12.0,0.0,2.4E-6,1.6E-17,7.7E7,1.0,1.7E9,
2.3999999999999998E-43,0.0037,3100.0,560.0,490.0,6799999.999999999,4300.0,1300.0,1400.0,5000.0,4300.0,0.19,6799999.999999999,1.5E-5,0.035,0.035,0.0,720.0,12.0,0.0,2.4E-6,1.9E-17,7.0E7,1.0,1.7E9,
2.3999999999999998E-43,0.0037,3100.0,560.0,490.0,6799999.999999999,4300.0,1300.0,1400.0,5000.0,4300.0,0.19,6799999.999999999,1.6E-5,0.035,0.035,0.0,720.0,12.0,0.0,2.4E-6,2.2E-17,6.8E7,1.0,1.7E9,
2.3999999999999998E-43,0.0037,3100.0,560.0,490.0,6799999.999999999,4300.0,1300.0,1400.0,5000.0,4300.0,0.19,6799999.999999999,1.6E-5,0.035,0.035,0.0,720.0,12.0,0.0,2.4E-6,2.3E-17,6.8E7,1.0,1.7E9,
2.3999999999999998E-43,0.0037,3100.0,560.0,490.0,6799999.999999999,4300.0,1300.0,1400.0,5000.0,4300.0,0.19,6799999.999999999,1.5E-5,0.035,0.035,0.0,720.0,12.0,0.0,2.4E-6,2.3E-17,7.0E7,1.0,1.7E9,
2.3999999999999998E-43,0.0037,3100.0,560.0,490.0,6799999.999999999,4300.0,1300.0,1400.0,5000.0,4300.0,0.19,6799999.999999999,1.4E-5,0.035,0.035,0.0,710.0,12.0,0.0,2.4E-6,2.1E-17,7.2E7,1.0,1.7E9,
2.3999999999999998E-43,0.0037,3100.0,560.0,490.0,6799999.999999999,4300.0,1300.0,1400.0,5000.0,4300.0,0.19,6799999.999999999,1.2E-5,0.035,0.035,0.0,710.0,12.0,0.0,2.4E-6,2.0E-17,7.5E7,1.0,1.7E9,
2.3999999999999998E-43,0.0037,3100.0,560.0,490.0,6799999.999999999,4300.0,1300.0,1400.0,5000.0,4300.0,0.19,6799999.999999999,1.1E-5,0.035,0.035,0.0,710.0,12.0,0.0,2.4E-6,1.7E-17,7.8E7,1.0,1.7E9,
2.3999999999999998E-43,0.0037,3100.0,560.0,490.0,6799999.999999999,4300.0,1300.0,1400.0,5000.0,4300.0,0.19,6799999.999999999,9.7E-6,0.035,0.035,0.0,710.0,12.0,0.0,2.4E-6,1.5E-17,8.2E7,1.0,1.7E9,
2.3999999999999998E-43,0.0037,3100.0,560.0,490.0,6799999.999999999,4300.0,1300.0,1400.0,5000.0,4300.0,0.19,6799999.999999999,1.3E-5,0.035,0.035,0.0,700.0,12.0,0.0,2.4E-6,1.7E-17,7.4E7,1.0,1.7E9,
2.3999999999999998E-43,0.0037,3100.0,560.0,490.0,6699999.999999999,4300.0,1300.0,1400.0,5000.0,4300.0,0.19,6699999.999999999,1.5E-5,0.035,0.035,0.0,690.0,12.0,0.0,2.4E-6,1.9E-17,6.9E7,1.0,1.6E9,
2.3999999999999998E-43,0.0037,3100.0,560.0,490.0,6699999.999999999,4300.0,1300.0,1400.0,5000.0,4300.0,0.19,6699999.999999999,1.9E-5,0.035,0.035,0.0,670.0,12.0,0.0,2.4E-6,2.4E-17,6.3E7,1.0,1.6E9,
2.3999999999999998E-43,0.0037,3100.0,560.0,490.0,6699999.999999999,4300.0,1300.0,1400.0,5000.0,4300.0,0.19,6699999.999999999,2.1E-5,0.035,0.035,0.0,670.0,12.0,0.0,2.4E-6,2.8E-17,6.1E7,1.0,1.6E9,
2.3999999999999998E-43,0.0037,3100.0,560.0,490.0,6699999.999999999,4300.0,1300.0,1400.0,5000.0,4300.0,0.19,6699999.999999999,2.1E-5,0.035,0.035,0.0,670.0,12.0,0.0,2.4E-6,3.0E-17,6.2E7,1.0,1.6E9,
2.3999999999999998E-43,0.0037,3100.0,560.0,490.0,6699999.999999999,4300.0,1300.0,1400.0,5000.0,4300.0,0.19,6699999.999999999,1.9E-5,0.035,0.035,0.0,670.0,12.0,0.0,2.4E-6,2.9E-17,6.3E7,1.0,1.6E9,
2.3999999999999998E-43,0.0037,3100.0,560.0,490.0,6699999.999999999,4300.0,1300.0,1400.0,5000.0,4300.0,0.19,6699999.999999999,1.7E-5,0.035,0.035,0.0,660.0,12.0,0.0,2.4E-6,2.7E-17,6.6E7,1.0,1.6E9,
2.3999999999999998E-43,0.0037,3100.0,560.0,490.0,6699999.999999999,4300.0,1300.0,1400.0,5000.0,4300.0,0.19,6699999.999999999,1.5E-5,0.035,0.035,0.0,650.0,12.0,0.0,2.4E-6,2.4E-17,6.9E7,1.0,1.6E9,
2.3999999999999998E-43,0.0037,3100.0,560.0,490.0,6699999.999999999,4300.0,1300.0,1400.0,5000.0,4300.0,0.19,6699999.999999999,1.3E-5,0.035,0.035,0.0,640.0,12.0,0.0,2.4E-6,2.1E-17,7.2E7,1.0,1.6E9,
2.3999999999999998E-43,0.0037,3100.0,560.0,490.0,6699999.999999999,4300.0,1300.0,1400.0,5000.0,4300.0,0.19,6699999.999999999,1.2E-5,0.035,0.035,0.0,640.0,12.0,0.0,2.4E-6,1.9E-17,7.6E7,1.0,1.6E9,
2.3999999999999998E-43,0.0037,3100.0,560.0,490.0,6699999.999999999,4300.0,1300.0,1400.0,5000.0,4300.0,0.19,6699999.999999999,1.5E-5,0.035,0.035,0.0,630.0,12.0,0.0,2.4E-6,1.9E-17,7.0E7,1.0,1.6E9,
2.3999999999999998E-43,0.0037,3100.0,560.0,490.0,6699999.999999999,4300.0,1300.0,1400.0,5000.0,4300.0,0.19,6699999.999999999,1.7E-5,0.035,0.035,0.0,630.0,12.0,0.0,2.4E-6,2.2E-17,6.6E7,1.0,1.6E9,
2.3999999999999998E-43,0.0037,3100.0,560.0,490.0,6699999.999999999,4300.0,1300.0,1400.0,5000.0,4300.0,0.19,6699999.999999999,1.8E-5,0.035,0.035,0.0,620.0,12.0,0.0,2.4E-6,2.4E-17,6.5E7,1.0,1.6E9,
2.3999999999999998E-43,0.0037,3100.0,560.0,490.0,6699999.999999999,4300.0,1300.0,1400.0,5000.0,4300.0,0.19,6699999.999999999,1.7E-5,0.035,0.035,0.0,600.0,12.0,0.0,2.4E-6,2.5E-17,6.6E7,1.0,1.6E9,
2.3999999999999998E-43,0.0037,3100.0,560.0,490.0,6699999.999999999,4300.0,1300.0,1400.0,5000.0,4300.0,0.19,6699999.999999999,1.5E-5,0.035,0.035,0.0,600.0,12.0,0.0,2.4E-6,2.4E-17,6.9E7,1.0,1.6E9,
2.3999999999999998E-43,0.0037,3100.0,560.0,490.0,6699999.999999999,4300.0,1300.0,1400.0,5000.0,4300.0,0.19,6699999.999999999,1.4E-5,0.035,0.035,0.0,600.0,12.0,0.0,2.4E-6,2.2E-17,7.1E7,1.0,1.6E9,
6.8E-42,0.08,140000.0,190000.0,54000.0,9400000.0,7700.0,11000.0,3900.0,830.0,1100.0,0.19,9800000.0,3.5E-5,0.13,0.13,0.0,1100.0,27.0,440.0,2.8E-6,2.5E-12,7.2E7,1.0,1.7E9,
2.5E-42,0.029,13000.0,82000.0,11000.0,9400000.0,7700.0,3000.0,3900.0,820.0,1100.0,0.19,9500000.0,1.3E-5,0.067,0.067,0.0,1100.0,8.3,40.0,2.8E-6,6.4E-13,6.7E7,1.0,1.7E9,
4.199999999999999E-43,0.0049,730.0,4000.0,3900.0,9400000.0,7700.0,3000.0,3900.0,820.0,1100.0,0.19,9400000.0,9.6E-6,0.038,0.038,0.0,1100.0,5.3,0.75,2.8E-6,4.9E-14,6.3E7,1.0,1.7E9,
4.1E-43,0.0049,730.0,4000.0,3900.0,9300000.0,180.0,3000.0,3900.0,820.0,1100.0,0.19,9300000.0,1.1E-5,0.038,0.038,0.0,1100.0,5.2,0.014,2.8E-6,2.2E-14,5.9E7,1.0,1.7E9,
4.1E-43,0.0048,730.0,4000.0,3900.0,9100000.0,180.0,3000.0,3900.0,820.0,1100.0,0.19,9100000.0,1.3E-5,0.037,0.037,0.0,1100.0,5.1,6.9E-4,2.7E-6,1.2E-14,5.6E7,1.0,1.7E9,
3.9999999999999995E-43,0.0047,730.0,4000.0,3900.0,8800000.0,180.0,3000.0,3900.0,820.0,1100.0,0.19,8800000.0,1.4E-5,0.036,0.036,0.0,1100.0,5.0,1.3E-5,2.7E-6,5.2E-15,5.3E7,1.0,1.7E9,
3.9999999999999995E-43,0.0047,730.0,4000.0,3900.0,8700000.0,180.0,3000.0,3900.0,820.0,1100.0,0.19,8700000.0,1.6E-5,0.035,0.035,0.0,1100.0,5.0,6.3E-7,2.7E-6,2.8E-15,5.1E7,1.0,1.7E9,
3.9E-43,0.0046,730.0,4000.0,3900.0,8400000.0,180.0,3000.0,3900.0,820.0,1100.0,0.19,8400000.0,1.8E-5,0.035,0.035,0.0,1100.0,4.9,1.2E-8,2.7E-6,1.3E-15,4.9E7,1.0,1.7E9,
4.1E-43,0.0044,1700.0,1100.0,7000.0,9300000.0,180.0,3000.0,3900.0,820.0,1100.0,0.19,9400000.0,2.2E-5,0.036,0.036,0.0,1100.0,5.4,35.0,2.7E-6,7.8E-14,4.7E7,1.0,1.7E9,
4.1E-43,0.0044,1700.0,1100.0,6900.0,9200000.0,180.0,3000.0,3900.0,820.0,1100.0,0.19,9300000.0,2.5E-5,0.036,0.036,0.0,1100.0,5.4,0.24,2.7E-6,2.9E-14,4.5E7,1.0,1.7E9,
2.8999999999999997E-43,0.0031,7700.0,630.0,7200.0,9400000.0,180.0,3000.0,3900.0,820.0,1100.0,0.19,9400000.0,1.0E-5,0.033,0.033,0.0,1100.0,7.2,70.0,2.7E-6,1.6E-13,4.4E7,1.0,1.7E9,
2.8E-43,0.003,190.0,630.0,7200.0,9000000.0,180.0,3000.0,3900.0,820.0,1100.0,0.19,9000000.0,3.6E-5,0.032,0.032,0.0,1100.0,7.0,3.5,2.7E-6,8.7E-14,4.3E7,1.0,1.7E9,
2.8E-43,0.003,190.0,630.0,7200.0,8900000.0,180.0,3000.0,3900.0,820.0,1100.0,0.19,8900000.0,3.8E-5,0.032,0.032,0.0,1100.0,6.9,0.064,2.7E-6,3.9E-14,4.2E7,1.0,1.7E9,
2.8E-43,0.003,190.0,630.0,7200.0,8800000.0,180.0,3000.0,3900.0,820.0,1100.0,0.19,8800000.0,4.1E-5,0.031,0.031,0.0,1100.0,6.9,4.4E-4,2.7E-6,1.4E-14,4.1E7,1.0,1.7E9,
2.7E-43,0.0029,190.0,630.0,7200.0,8299999.999999999,180.0,3000.0,3900.0,820.0,1100.0,0.19,8400000.0,4.2E-5,0.03,0.03,0.0,1100.0,6.7,2.2E-5,2.7E-6,7.6E-15,4.0E7,1.0,1.7E9,
2.7E-43,0.0029,190.0,630.0,7200.0,8199999.999999999,180.0,3000.0,3900.0,810.0,1100.0,0.19,8199999.999999999,4.3E-5,0.03,0.03,0.0,1100.0,6.6,1.5E-7,2.7E-6,2.8E-15,4.0E7,1.0,1.7E9,
2.5999999999999996E-43,0.0029,190.0,630.0,7200.0,7999999.999999999,180.0,3000.0,3900.0,810.0,1100.0,0.19,7999999.999999999,4.3E-5,0.029,0.029,0.0,1000.0,6.6,7.4E-9,2.7E-6,1.6E-15,3.9E7,1.0,1.7E9,
2.5999999999999996E-43,0.0028,190.0,630.0,7200.0,7799999.999999999,180.0,3000.0,3900.0,810.0,1100.0,0.18,7799999.999999999,4.5E-5,0.028,0.028,0.0,1000.0,6.5,1.4E-10,2.7E-6,7.3E-16,3.9E7,1.0,1.7E9,
2.5999999999999996E-43,0.0028,190.0,630.0,7200.0,7499999.999999999,180.0,3000.0,3900.0,810.0,1100.0,0.18,7599999.999999999,4.6E-5,0.028,0.028,0.0,1000.0,6.4,6.8E-12,2.7E-6,4.3E-16,3.8E7,1.0,1.7E9,
2.4999999999999997E-43,0.0027,190.0,630.0,7200.0,7199999.999999999,180.0,3000.0,3900.0,810.0,1100.0,0.18,7299999.999999999,4.6E-5,0.027,0.027,0.0,1000.0,6.2,3.4E-13,2.7E-6,2.6E-16,3.8E7,1.0,1.7E9,
2.4999999999999997E-43,0.0027,190.0,630.0,7200.0,7099999.999999999,180.0,3000.0,3900.0,810.0,1100.0,0.18,7099999.999999999,4.6E-5,0.026,0.026,0.0,1000.0,6.2,8.6E-16,2.7E-6,1.3E-16,3.8E7,1.0,1.7E9,
2.4999999999999997E-43,0.0027,190.0,630.0,7200.0,6999999.999999999,180.0,3000.0,3900.0,810.0,1100.0,0.18,6999999.999999999,4.6E-5,0.026,0.026,0.0,1000.0,6.1,1.6E-17,2.7E-6,9.7E-17,3.7E7,1.0,1.7E9,
2.3999999999999998E-43,0.0027,190.0,630.0,7200.0,6899999.999999999,180.0,3000.0,3900.0,810.0,1100.0,0.18,6899999.999999999,4.5E-5,0.026,0.026,0.0,1000.0,6.1,1.1E-19,2.7E-6,8.1E-17,3.7E7,1.0,1.7E9,
2.3999999999999998E-43,0.0027,190.0,630.0,7200.0,6899999.999999999,180.0,3000.0,3900.0,810.0,1100.0,0.18,6899999.999999999,4.1E-5,0.026,0.026,0.0,1000.0,6.1,2.6999999999999997E-22,2.7E-6,7.2E-17,3.9E7,1.0,1.7E9,
2.3999999999999998E-43,0.0027,190.0,630.0,7200.0,6899999.999999999,180.0,3000.0,3900.0,810.0,1100.0,0.18,6899999.999999999,3.4E-5,0.026,0.026,0.0,1000.0,6.1,6.8E-25,2.7E-6,6.2E-17,4.1E7,1.0,1.7E9,
2.3999999999999998E-43,0.0027,190.0,630.0,7200.0,6899999.999999999,180.0,3000.0,3900.0,810.0,1100.0,0.18,6899999.999999999,2.8E-5,0.026,0.026,0.0,1000.0,6.1,1.7000000000000002E-27,2.7E-6,5.3E-17,4.4E7,1.0,1.7E9,
2.3999999999999998E-43,0.0027,190.0,630.0,7200.0,6899999.999999999,180.0,3000.0,3900.0,810.0,1100.0,0.18,6899999.999999999,2.3E-5,0.026,0.026,0.0,980.0,6.1,2.9000000000000002E-30,2.7E-6,4.3E-17,4.8E7,1.0,1.7E9,
2.3999999999999998E-43,0.0027,190.0,630.0,7200.0,6899999.999999999,180.0,3000.0,3900.0,810.0,1100.0,0.18,6899999.999999999,1.9E-5,0.026,0.026,0.0,980.0,6.1,0.0,2.7E-6,3.5E-17,5.1E7,1.0,1.7E9,
2.3999999999999998E-43,0.0027,190.0,630.0,7200.0,6899999.999999999,180.0,3000.0,3900.0,810.0,1100.0,0.18,6899999.999999999,1.5E-5,0.026,0.026,0.0,950.0,6.1,1.4000000000000001E-33,2.7E-6,2.9E-17,5.5E7,1.0,1.7E9,
2.3999999999999998E-43,0.0027,190.0,630.0,7200.0,6899999.999999999,180.0,3000.0,3900.0,810.0,1100.0,0.18,6899999.999999999,1.3E-5,0.026,0.026,0.0,950.0,6.1,2.2E-34,2.7E-6,2.4E-17,5.9E7,1.0,1.7E9,
2.3999999999999998E-43,0.0027,190.0,630.0,7200.0,6899999.999999999,180.0,3000.0,3900.0,810.0,1100.0,0.18,6899999.999999999,1.3E-5,0.026,0.026,0.0,950.0,6.1,0.0,2.7E-6,2.1E-17,5.9E7,1.0,1.7E9,
2.5E-42,0.05,17000.0,73000.0,130000.0,9200000.0,580000.0,4000.0,13000.0,18000.0,570.0,0.19,1.0E7,20.0,0.33,0.33,0.0,1100.0,6.7,330.0,3.5E-6,4.2E-11,5.7E7,1.0,1.7E9,
2.5E-42,0.05,4300.0,73000.0,130000.0,9100000.0,570000.0,4000.0,360.0,440.0,570.0,0.19,9900000.0,7.5E-5,0.33,0.33,0.0,1100.0,26.0,21.0,3.5E-6,2.3E-11,5.4E7,1.0,1.7E9,
3.4999999999999996E-43,0.0069,4300.0,5000.0,15000.0,9000000.0,470000.0,4000.0,360.0,440.0,570.0,0.18,9500000.0,1.7E-5,0.13,0.13,0.0,1100.0,4.6,1.3,3.5E-6,1.8E-12,5.2E7,1.0,1.7E9,
1.9999999999999998E-43,0.004,4300.0,5000.0,2600.0,9000000.0,410000.0,4000.0,360.0,440.0,570.0,0.18,9400000.0,8.3E-6,0.11,0.11,0.0,1100.0,2.2,0.028,3.5E-6,4.5E-13,4.9E7,1.0,1.7E9,
1.9999999999999998E-43,0.0039,4300.0,5000.0,2600.0,8900000.0,350000.0,4000.0,360.0,440.0,570.0,0.18,9200000.0,9.3E-6,0.11,0.11,0.0,1100.0,2.2,6.1E-4,3.5E-6,2.0E-13,4.7E7,1.0,1.7E9,
1.9E-43,0.0038,4300.0,5000.0,2600.0,8600000.0,30000.0,4000.0,360.0,440.0,570.0,0.18,8600000.0,9.8E-6,0.11,0.11,0.0,1100.0,2.1,1.2E-5,3.5E-6,8.8E-14,4.5E7,1.0,1.7E9,
1.9E-43,0.0038,4300.0,5000.0,2600.0,8500000.0,1900.0,4000.0,360.0,440.0,570.0,0.18,8500000.0,1.1E-5,0.11,0.11,0.0,1100.0,2.1,8.4E-8,3.5E-6,3.2E-14,4.3E7,1.0,1.7E9,
1.9E-43,0.0037,4300.0,5000.0,2600.0,8099999.999999999,1900.0,4000.0,360.0,440.0,570.0,0.18,8199999.999999999,1.1E-5,0.1,0.1,0.0,1100.0,2.0,1.5E-9,3.4E-6,1.4E-14,4.2E7,1.0,1.7E9,
1.8E-43,0.0036,4300.0,4900.0,2600.0,7699999.999999999,1900.0,4000.0,360.0,440.0,570.0,0.18,7699999.999999999,1.1E-5,0.096,0.096,0.0,1100.0,1.9,2.8E-11,3.4E-6,6.1E-15,4.1E7,1.0,1.7E9,
1.8E-43,0.0035,4300.0,4900.0,2600.0,7299999.999999999,1900.0,4000.0,360.0,440.0,570.0,0.18,7299999.999999999,1.2E-5,0.092,0.092,0.0,1100.0,1.9,1.4E-12,3.4E-6,3.3E-15,4.0E7,1.0,1.7E9,
1.6999999999999998E-43,0.0034,4300.0,4900.0,2600.0,6999999.999999999,1900.0,4000.0,360.0,440.0,570.0,0.18,6999999.999999999,1.2E-5,0.089,0.089,0.0,1100.0,1.8,9.7E-15,3.4E-6,1.2E-15,3.9E7,1.0,1.7E9,
1.6999999999999998E-43,0.0034,4300.0,4900.0,2600.0,6899999.999999999,1900.0,4000.0,360.0,440.0,570.0,0.18,6899999.999999999,1.2E-5,0.088,0.088,0.0,1100.0,1.8,6.6E-17,3.4E-6,4.6E-16,3.9E7,1.0,1.7E9,
1.6999999999999998E-43,0.0034,4300.0,4900.0,2600.0,6899999.999999999,1900.0,4000.0,360.0,440.0,570.0,0.18,6899999.999999999,1.2E-5,0.088,0.088,0.0,1100.0,1.8,1.7E-19,3.4E-6,1.5E-16,3.9E7,1.0,1.7E9,
1.6999999999999998E-43,0.0034,4300.0,4900.0,2600.0,6899999.999999999,1900.0,4000.0,360.0,440.0,570.0,0.18,6899999.999999999,1.1E-5,0.088,0.088,0.0,1100.0,1.8,4.1999999999999997E-22,3.4E-6,6.2E-17,4.1E7,1.0,1.7E9,
1.6999999999999998E-43,0.0034,4300.0,4900.0,2600.0,6899999.999999999,1900.0,4000.0,360.0,440.0,570.0,0.18,6899999.999999999,9.0E-6,0.088,0.088,0.0,1100.0,1.8,1.0999999999999998E-24,3.4E-6,3.2E-17,4.3E7,1.0,1.7E9,
1.6999999999999998E-43,0.0034,4300.0,4900.0,2600.0,6899999.999999999,1900.0,4000.0,360.0,440.0,570.0,0.18,6899999.999999999,7.4E-6,0.088,0.088,0.0,1100.0,1.8,2.7000000000000002E-27,3.4E-6,2.1E-17,4.7E7,1.0,1.7E9,
1.6999999999999998E-43,0.0034,4300.0,4900.0,2600.0,6899999.999999999,1900.0,4000.0,360.0,440.0,570.0,0.18,6899999.999999999,6.0E-6,0.088,0.088,0.0,1100.0,1.8,1.5999999999999999E-29,3.4E-6,1.5E-17,5.0E7,1.0,1.7E9,
1.6999999999999998E-43,0.0034,4300.0,4900.0,2600.0,6899999.999999999,1900.0,4000.0,360.0,440.0,570.0,0.18,6899999.999999999,4.9E-6,0.088,0.088,0.0,1100.0,1.8,3.3E-31,3.4E-6,1.2E-17,5.4E7,1.0,1.7E9,
1.6999999999999998E-43,0.0034,4300.0,4900.0,2600.0,6899999.999999999,1900.0,4000.0,360.0,440.0,570.0,0.18,6899999.999999999,4.1E-6,0.088,0.088,0.0,1100.0,1.8,0.0,3.4E-6,9.8E-18,5.8E7,1.0,1.7E9,
1.6999999999999998E-43,0.0034,4300.0,4900.0,2600.0,6899999.999999999,1900.0,4000.0,360.0,440.0,570.0,0.18,6899999.999999999,3.4E-6,0.088,0.088,0.0,1100.0,1.8,0.0,3.4E-6,8.0E-18,6.2E7,1.0,1.7E9,
1.6999999999999998E-43,0.0034,4300.0,4900.0,2600.0,6899999.999999999,1900.0,4000.0,360.0,440.0,570.0,0.18,6899999.999999999,4.0E-6,0.088,0.088,0.0,1100.0,1.8,0.0,3.4E-6,7.6E-18,5.8E7,1.0,1.7E9,
1.6999999999999998E-43,0.0034,4300.0,4900.0,2600.0,6899999.999999999,1900.0,4000.0,360.0,440.0,570.0,0.18,6899999.999999999,4.3E-6,0.088,0.088,0.0,1100.0,1.8,0.0,3.4E-6,8.1E-18,5.7E7,1.0,1.7E9,
1.6999999999999998E-43,0.0034,4300.0,4900.0,2600.0,6899999.999999999,1900.0,4000.0,360.0,440.0,570.0,0.18,6899999.999999999,4.2E-6,0.088,0.088,0.0,1100.0,1.8,0.0,3.4E-6,8.4E-18,5.7E7,1.0,1.7E9,
1.6999999999999998E-43,0.0034,4300.0,4900.0,2600.0,6899999.999999999,1900.0,4000.0,360.0,440.0,570.0,0.18,6899999.999999999,3.8E-6,0.088,0.088,0.0,1100.0,1.8,0.0,3.4E-6,8.1E-18,5.9E7,1.0,1.7E9,
1.6999999999999998E-43,0.0034,4300.0,4900.0,2600.0,6899999.999999999,1900.0,4000.0,360.0,440.0,570.0,0.18,6899999.999999999,3.4E-6,0.088,0.088,0.0,1100.0,1.8,0.0,3.4E-6,7.4E-18,6.2E7,1.0,1.7E9,
1.6999999999999998E-43,0.0034,4300.0,4900.0,2600.0,6899999.999999999,1900.0,4000.0,360.0,440.0,570.0,0.18,6899999.999999999,2.9E-6,0.088,0.088,0.0,1000.0,1.8,0.0,3.4E-6,6.6E-18,6.5E7,1.0,1.7E9,
1.6999999999999998E-43,0.0034,4300.0,4900.0,2600.0,6899999.999999999,1900.0,4000.0,360.0,440.0,570.0,0.18,6899999.999999999,2.5E-6,0.088,0.088,0.0,1000.0,1.8,0.0,3.4E-6,5.7E-18,6.8E7,1.0,1.7E9,
1.6999999999999998E-43,0.0034,4300.0,4900.0,2600.0,6899999.999999999,1900.0,4000.0,360.0,440.0,570.0,0.18,6899999.999999999,2.2E-6,0.088,0.088,0.0,1000.0,1.8,0.0,3.4E-6,5.0E-18,7.2E7,1.0,1.7E9,
1.6999999999999998E-43,0.0034,4300.0,4900.0,2600.0,6899999.999999999,1900.0,4000.0,360.0,440.0,570.0,0.18,6899999.999999999,2.4E-6,0.088,0.088,0.0,1000.0,1.8,0.0,3.4E-6,4.5E-18,7.0E7,1.0,1.7E9,
1.6999999999999998E-43,0.0034,4300.0,4900.0,2600.0,6899999.999999999,1900.0,4000.0,360.0,440.0,570.0,0.18,6899999.999999999,2.8E-6,0.088,0.088,0.0,1000.0,1.8,0.0,3.4E-6,5.1E-18,6.6E7,1.0,1.7E9,
1.6999999999999998E-43,0.0034,4300.0,4900.0,2600.0,6899999.999999999,1900.0,4000.0,360.0,440.0,570.0,0.18,6899999.999999999,3.0E-6,0.088,0.088,0.0,1000.0,1.8,0.0,3.4E-6,5.7E-18,6.4E7,1.0,1.7E9,
1.6999999999999998E-43,0.0034,4300.0,4900.0,2600.0,6899999.999999999,1900.0,4000.0,360.0,440.0,570.0,0.18,6899999.999999999,2.9E-6,0.088,0.088,0.0,1000.0,1.8,0.0,3.4E-6,5.8E-18,6.5E7,1.0,1.7E9,
1.6999999999999998E-43,0.0034,4300.0,4900.0,2600.0,6899999.999999999,1900.0,4000.0,360.0,440.0,570.0,0.18,6899999.999999999,2.6E-6,0.088,0.088,0.0,1000.0,1.8,0.0,3.4E-6,5.6E-18,6.7E7,1.0,1.7E9,
1.6999999999999998E-43,0.0034,4300.0,4900.0,2600.0,6899999.999999999,1900.0,4000.0,360.0,440.0,570.0,0.18,6899999.999999999,2.4E-6,0.088,0.088,0.0,990.0,1.8,0.0,3.4E-6,5.2E-18,7.0E7,1.0,1.7E9,
4.2E-42,0.086,41000.0,190000.0,58000.0,9000000.0,1900.0,4000.0,360.0,440.0,5600.0,0.18,9300000.0,3.4,0.21,0.21,0.0,1100.0,20.0,76.0,3.5E-6,5.9E-12,7.4E7,1.0,1.7E9,
3.7E-42,0.076,700.0,170000.0,45000.0,9000000.0,1900.0,4000.0,360.0,440.0,5600.0,0.18,9300000.0,3.0E-5,0.19,0.19,0.0,1100.0,19.0,0.58,3.5E-6,1.9E-12,6.7E7,1.0,1.7E9,
7.899999999999999E-43,0.016,700.0,35000.0,4900.0,9000000.0,1900.0,4000.0,360.0,440.0,5600.0,0.18,9000000.0,8.5E-6,0.097,0.097,0.0,1100.0,4.9,0.08,3.5E-6,2.8E-13,6.5E7,1.0,1.7E9,
7.899999999999999E-43,0.016,700.0,35000.0,4900.0,8800000.0,1900.0,4000.0,360.0,430.0,5600.0,0.18,8900000.0,1.1E-5,0.096,0.096,0.0,1100.0,4.8,5.6E-4,3.5E-6,1.0E-13,6.0E7,1.0,1.7E9,
2.8999999999999997E-43,0.006,700.0,4600.0,4900.0,8500000.0,1900.0,4000.0,360.0,430.0,5600.0,0.18,8600000.0,1.1E-5,0.079,0.079,0.0,1100.0,4.7,7.6E-5,3.5E-6,2.5E-14,5.8E7,1.0,1.7E9,
2.8999999999999997E-43,0.006,700.0,4600.0,4900.0,8500000.0,1900.0,4000.0,360.0,430.0,5600.0,0.18,8500000.0,1.3E-5,0.079,0.079,0.0,1100.0,4.7,5.2E-7,3.5E-6,9.3E-15,5.5E7,1.0,1.7E9,
2.8E-43,0.0058,700.0,4600.0,4900.0,7799999.999999999,1900.0,4000.0,360.0,430.0,5600.0,0.18,7899999.999999999,1.3E-5,0.075,0.075,0.0,1100.0,4.5,1.9E-7,3.5E-6,7.3E-15,5.4E7,1.0,1.7E9,
2.8E-43,0.0058,700.0,4600.0,4900.0,7699999.999999999,1900.0,4000.0,360.0,430.0,5600.0,0.18,7799999.999999999,1.5E-5,0.075,0.075,0.0,1100.0,4.4,4.8E-10,3.5E-6,2.2E-15,5.0E7,1.0,1.7E9,
2.8E-43,0.0057,700.0,4600.0,4900.0,7599999.999999999,1900.0,4000.0,360.0,430.0,5600.0,0.18,7599999.999999999,1.7E-5,0.074,0.074,0.0,1000.0,4.4,8.8E-12,3.5E-6,1.0E-15,4.8E7,1.0,1.7E9,
2.7E-43,0.0056,690.0,4600.0,4900.0,7299999.999999999,1900.0,4000.0,360.0,430.0,5600.0,0.18,7299999.999999999,1.8E-5,0.072,0.072,0.0,1000.0,4.3,1.6E-13,3.5E-6,4.6E-16,4.6E7,1.0,1.7E9,
2.7E-43,0.0055,690.0,4600.0,4900.0,6899999.999999999,1900.0,4000.0,360.0,430.0,5600.0,0.18,6899999.999999999,1.9E-5,0.07,0.07,0.0,1000.0,4.2,8.2E-15,3.5E-6,2.7E-16,4.5E7,1.0,1.7E9,
2.7E-43,0.0055,690.0,4600.0,4900.0,6899999.999999999,1900.0,4000.0,360.0,430.0,5600.0,0.18,6899999.999999999,2.1E-5,0.07,0.07,0.0,1000.0,4.2,2.1E-17,3.5E-6,1.1E-16,4.4E7,1.0,1.7E9,
2.7E-43,0.0055,690.0,4600.0,4900.0,6899999.999999999,1900.0,4000.0,360.0,430.0,5600.0,0.18,6899999.999999999,2.0E-5,0.07,0.07,0.0,1000.0,4.2,5.2E-20,3.5E-6,6.1E-17,4.5E7,1.0,1.7E9,
2.7E-43,0.0055,690.0,4600.0,4900.0,6899999.999999999,1900.0,4000.0,360.0,430.0,5600.0,0.18,6899999.999999999,1.7E-5,0.07,0.07,0.0,1000.0,4.2,1.3E-22,3.5E-6,4.4E-17,4.7E7,1.0,1.7E9,
2.7E-43,0.0055,690.0,4600.0,4900.0,6899999.999999999,1900.0,4000.0,360.0,430.0,5600.0,0.18,6899999.999999999,1.5E-5,0.07,0.07,0.0,1000.0,4.2,3.4E-25,3.5E-6,3.5E-17,5.0E7,1.0,1.7E9,
2.7E-43,0.0055,690.0,4600.0,4900.0,6899999.999999999,1900.0,4000.0,360.0,430.0,5600.0,0.18,6899999.999999999,1.2E-5,0.07,0.07,0.0,1000.0,4.2,6.000000000000001E-28,3.5E-6,2.9E-17,5.3E7,1.0,1.7E9,
2.7E-43,0.0055,690.0,4600.0,4900.0,6899999.999999999,1900.0,4000.0,360.0,430.0,5600.0,0.18,6899999.999999999,1.0E-5,0.07,0.07,0.0,1000.0,4.2,1.2000000000000001E-30,3.5E-6,2.4E-17,5.7E7,1.0,1.7E9,
2.7E-43,0.0055,690.0,4600.0,4900.0,6899999.999999999,1900.0,4000.0,360.0,430.0,5600.0,0.18,6899999.999999999,8.5E-6,0.07,0.07,0.0,1000.0,4.2,1.4E-31,3.5E-6,2.0E-17,6.0E7,1.0,1.7E9,
2.7E-43,0.0055,690.0,4600.0,4900.0,6899999.999999999,1900.0,4000.0,360.0,430.0,5600.0,0.18,6899999.999999999,7.1E-6,0.07,0.07,0.0,990.0,4.2,1.9E-32,3.5E-6,1.7E-17,6.4E7,1.0,1.7E9,
2.7E-43,0.0055,690.0,4600.0,4900.0,6899999.999999999,1900.0,4000.0,360.0,430.0,5600.0,0.18,6899999.999999999,8.0E-6,0.07,0.07,0.0,980.0,4.2,0.0,3.5E-6,1.5E-17,6.2E7,1.0,1.7E9,
2.7E-43,0.0055,690.0,4600.0,4900.0,6899999.999999999,1900.0,4000.0,360.0,430.0,5600.0,0.18,6899999.999999999,9.0E-6,0.07,0.07,0.0,950.0,4.2,0.0,3.5E-6,1.7E-17,5.9E7,1.0,1.7E9,
2.7E-43,0.0055,690.0,4600.0,4900.0,6899999.999999999,1900.0,4000.0,360.0,430.0,5600.0,0.18,6899999.999999999,9.0E-6,0.07,0.07,0.0,950.0,4.2,0.0,3.5E-6,1.8E-17,5.9E7,1.0,1.7E9,
2.7E-43,0.0055,690.0,4600.0,4900.0,6899999.999999999,1900.0,4000.0,360.0,430.0,5600.0,0.18,6899999.999999999,8.4E-6,0.07,0.07,0.0,950.0,4.2,0.0,3.5E-6,1.8E-17,6.1E7,1.0,1.7E9,
2.7E-43,0.0055,690.0,4600.0,4900.0,6899999.999999999,1900.0,4000.0,360.0,430.0,5600.0,0.18,6899999.999999999,7.5E-6,0.07,0.07,0.0,930.0,4.2,0.0,3.5E-6,1.6E-17,6.3E7,1.0,1.7E9,
2.7E-43,0.0055,690.0,4600.0,4900.0,6899999.999999999,1900.0,4000.0,360.0,430.0,5600.0,0.18,6899999.999999999,6.6E-6,0.07,0.07,0.0,920.0,4.2,0.0,3.5E-6,1.5E-17,6.6E7,1.0,1.7E9,
2.7E-43,0.0055,690.0,4600.0,4900.0,6899999.999999999,1900.0,4000.0,360.0,430.0,5600.0,0.18,6899999.999999999,5.7E-6,0.07,0.07,0.0,920.0,4.2,0.0,3.5E-6,1.3E-17,7.0E7,1.0,1.7E9,
2.7E-43,0.0055,690.0,4600.0,4900.0,6899999.999999999,1900.0,4000.0,360.0,430.0,5600.0,0.18,6899999.999999999,4.9E-6,0.07,0.07,0.0,920.0,4.2,0.0,3.5E-6,1.1E-17,7.4E7,1.0,1.7E9,
3.4E-42,0.049,2200.0,180000.0,2700.0,8900000.0,1000.0,7200.0,2200.0,430.0,750.0,0.18,9100000.0,5.4E-6,0.084,0.084,0.0,1100.0,4.1,12.0,3.6E-6,6.1E-13,7.2E7,1.0,1.7E9,
2.3999999999999998E-43,0.0036,2200.0,2000.0,2700.0,8800000.0,1000.0,7200.0,2200.0,430.0,750.0,0.18,8800000.0,5.9E-6,0.03,0.03,0.0,1000.0,4.0,1.6,3.6E-6,3.0E-14,6.9E7,1.0,1.7E9,
2.3E-43,0.0034,2200.0,2000.0,2700.0,8199999.999999999,1000.0,7200.0,2200.0,430.0,750.0,0.18,8199999.999999999,6.2E-6,0.028,0.028,0.0,1000.0,3.7,0.22,3.5E-6,1.9E-14,6.6E7,1.0,1.7E9,
1.7E-42,0.032,2200.0,110000.0,3900.0,8800000.0,5200.0,690.0,3400.0,430.0,1500.0,0.18,8900000.0,3.1,0.057,0.057,0.0,1100.0,4.4,21.0,3.6E-6,4.0E-12,6.2E7,1.0,1.7E9,
2.0999999999999997E-43,0.004,2200.0,2600.0,3800.0,8600000.0,5200.0,690.0,3400.0,430.0,1500.0,0.18,8700000.0,1.2E-5,0.028,0.028,0.0,1000.0,4.9,0.38,3.6E-6,2.3E-13,5.8E7,1.0,1.7E9,
2.0999999999999997E-43,0.0039,2200.0,2600.0,3800.0,8299999.999999999,5100.0,690.0,3400.0,430.0,1500.0,0.18,8299999.999999999,1.2E-5,0.027,0.027,0.0,1000.0,4.8,0.051,3.5E-6,1.5E-13,5.6E7,1.0,1.7E9,
1.9999999999999998E-43,0.0039,2200.0,2600.0,3800.0,8099999.999999999,5100.0,690.0,3400.0,430.0,1500.0,0.18,8099999.999999999,1.4E-5,0.027,0.027,0.0,1000.0,4.7,9.5E-4,3.5E-6,6.5E-14,5.3E7,1.0,1.7E9,
1.9999999999999998E-43,0.0038,2200.0,2600.0,3800.0,7799999.999999999,5100.0,690.0,3400.0,430.0,1500.0,0.18,7799999.999999999,1.6E-5,0.026,0.026,0.0,1000.0,4.6,6.5E-6,3.5E-6,2.4E-14,5.0E7,1.0,1.7E9,
1.9999999999999998E-43,0.0038,2200.0,2600.0,3800.0,7599999.999999999,5100.0,690.0,3400.0,430.0,1500.0,0.18,7699999.999999999,1.7E-5,0.026,0.026,0.0,1000.0,4.5,3.2E-7,3.5E-6,1.3E-14,4.9E7,1.0,1.7E9,
1.9E-43,0.0036,2200.0,2600.0,3800.0,7099999.999999999,5100.0,690.0,3400.0,430.0,1500.0,0.18,7199999.999999999,1.9E-5,0.024,0.024,0.0,1000.0,4.3,6.0E-9,3.5E-6,5.6E-15,4.7E7,1.0,1.7E9,
1.9E-43,0.0036,2200.0,2600.0,3800.0,6999999.999999999,5100.0,690.0,3400.0,430.0,1500.0,0.18,6999999.999999999,2.0E-5,0.024,0.024,0.0,1000.0,4.2,4.1E-11,3.5E-6,2.0E-15,4.5E7,1.0,1.7E9,
1.9E-43,0.0036,2200.0,2600.0,3800.0,6999999.999999999,5100.0,690.0,3400.0,430.0,1500.0,0.18,6999999.999999999,2.0E-5,0.024,0.024,0.0,1000.0,4.2,1.0E-13,3.5E-6,6.5E-16,4.5E7,1.0,1.7E9,
1.9E-43,0.0036,2200.0,2600.0,3800.0,6999999.999999999,5100.0,690.0,3400.0,430.0,1500.0,0.18,6999999.999999999,1.9E-5,0.024,0.024,0.0,1000.0,4.2,2.6E-16,3.5E-6,2.2E-16,4.6E7,1.0,1.7E9,
1.9E-43,0.0036,2200.0,2600.0,3800.0,6999999.999999999,5100.0,690.0,3400.0,430.0,1500.0,0.18,6999999.999999999,1.6E-5,0.024,0.024,0.0,1000.0,4.2,6.5E-19,3.5E-6,9.1E-17,4.9E7,1.0,1.7E9,
1.9E-43,0.0036,2200.0,2600.0,3800.0,6999999.999999999,5100.0,690.0,3400.0,430.0,1500.0,0.18,6999999.999999999,1.4E-5,0.024,0.024,0.0,1000.0,4.2,1.8E-21,3.5E-6,4.8E-17,5.2E7,1.0,1.7E9,
1.9E-43,0.0036,2200.0,2600.0,3800.0,6999999.999999999,5100.0,690.0,3400.0,430.0,1500.0,0.18,6999999.999999999,1.1E-5,0.024,0.024,0.0,1000.0,4.2,7.899999999999999E-24,3.5E-6,3.2E-17,5.5E7,1.0,1.7E9,
1.9E-43,0.0036,2200.0,2600.0,3800.0,6999999.999999999,5100.0,690.0,3400.0,430.0,1500.0,0.18,6999999.999999999,9.4E-6,0.024,0.024,0.0,1000.0,4.2,0.0,3.5E-6,2.4E-17,5.9E7,1.0,1.7E9,
1.9E-43,0.0036,2200.0,2600.0,3800.0,6999999.999999999,5100.0,690.0,3400.0,430.0,1500.0,0.18,6999999.999999999,7.9E-6,0.024,0.024,0.0,980.0,4.2,0.0,3.5E-6,1.9E-17,6.3E7,1.0,1.7E9,
1.9E-43,0.0036,2200.0,2600.0,3800.0,6999999.999999999,5100.0,690.0,3400.0,430.0,1500.0,0.18,6999999.999999999,7.2E-6,0.024,0.024,0.0,960.0,4.2,2.2E-29,3.5E-6,1.6E-17,6.5E7,1.0,1.7E9,
1.9E-43,0.0036,2200.0,2600.0,3800.0,6999999.999999999,5100.0,690.0,3400.0,430.0,1500.0,0.18,6999999.999999999,8.8E-6,0.024,0.024,0.0,960.0,4.2,5.7E-32,3.5E-6,1.6E-17,6.1E7,1.0,1.7E9,
1.9E-43,0.0036,2200.0,2600.0,3800.0,6999999.999999999,5100.0,690.0,3400.0,430.0,1500.0,0.18,6999999.999999999,9.3E-6,0.024,0.024,0.0,960.0,4.2,1.4E-34,3.5E-6,1.8E-17,5.9E7,1.0,1.7E9,
1.9E-43,0.0036,2200.0,2600.0,3800.0,6999999.999999999,5100.0,690.0,3400.0,430.0,1500.0,0.18,6999999.999999999,8.9E-6,0.024,0.024,0.0,950.0,4.2,3.6E-37,3.5E-6,1.8E-17,6.0E7,1.0,1.7E9,
1.9E-43,0.0036,2200.0,2600.0,3800.0,6999999.999999999,5100.0,690.0,3400.0,430.0,1500.0,0.18,6999999.999999999,8.1E-6,0.024,0.024,0.0,950.0,4.2,9.4E-40,3.5E-6,1.7E-17,6.2E7,1.0,1.7E9,
1.9E-43,0.0036,2200.0,2600.0,3800.0,6999999.999999999,5100.0,690.0,3400.0,430.0,1500.0,0.18,6999999.999999999,7.1E-6,0.024,0.024,0.0,950.0,4.2,6.8E-42,3.5E-6,1.6E-17,6.5E7,1.0,1.7E9,
5.9E-43,0.01,400.0,32000.0,3900.0,8700000.0,5100.0,690.0,3400.0,430.0,1500.0,0.18,8800000.0,0.59,0.04,0.04,0.0,1000.0,3.0,45.0,3.6E-6,6.8E-13,6.9E7,1.0,1.7E9,
2.2E-43,0.0038,400.0,4300.0,3900.0,8299999.999999999,5100.0,680.0,3400.0,430.0,1500.0,0.18,8299999.999999999,6.0E-6,0.031,0.031,0.0,1000.0,3.4,2.2,3.5E-6,1.4E-13,6.5E7,1.0,1.7E9,
2.0999999999999997E-43,0.0038,400.0,4300.0,3900.0,7999999.999999999,5100.0,680.0,3400.0,430.0,1500.0,0.18,7999999.999999999,7.1E-6,0.03,0.03,0.0,1000.0,3.3,0.041,3.5E-6,6.1E-14,6.1E7,1.0,1.7E9,
2.0999999999999997E-43,0.0036,400.0,4300.0,3900.0,7399999.999999999,5100.0,680.0,3400.0,430.0,1500.0,0.18,7399999.999999999,7.7E-6,0.028,0.028,0.0,1000.0,3.2,0.0021,3.5E-6,3.2E-14,5.8E7,1.0,1.7E9,
1.9999999999999998E-43,0.0036,400.0,4200.0,3800.0,7299999.999999999,5100.0,680.0,3400.0,430.0,1500.0,0.18,7299999.999999999,8.8E-6,0.028,0.028,0.0,1000.0,3.1,3.8E-5,3.5E-6,1.4E-14,5.5E7,1.0,1.7E9,
1.9999999999999998E-43,0.0035,400.0,4200.0,3800.0,6999999.999999999,5100.0,680.0,3400.0,430.0,1500.0,0.18,6999999.999999999,9.5E-6,0.027,0.027,0.0,980.0,3.0,1.9E-6,3.5E-6,7.7E-15,5.2E7,1.0,1.7E9,
1.9999999999999998E-43,0.0035,400.0,4200.0,3800.0,6999999.999999999,5100.0,680.0,3400.0,430.0,1500.0,0.18,6999999.999999999,1.0E-5,0.027,0.027,0.0,950.0,3.0,4.8E-9,3.5E-6,2.3E-15,5.1E7,1.0,1.7E9,
1.9999999999999998E-43,0.0035,400.0,4200.0,3800.0,6999999.999999999,5100.0,680.0,3400.0,430.0,1500.0,0.18,6999999.999999999,1.0E-5,0.027,0.027,0.0,940.0,3.0,1.2E-11,3.5E-6,7.2E-16,5.1E7,1.0,1.7E9,
1.9999999999999998E-43,0.0035,400.0,4200.0,3800.0,6999999.999999999,5100.0,680.0,3400.0,430.0,1500.0,0.18,6999999.999999999,9.2E-6,0.027,0.027,0.0,930.0,3.0,3.1E-14,3.5E-6,2.3E-16,5.3E7,1.0,1.7E9,
1.9999999999999998E-43,0.0035,400.0,4200.0,3800.0,6999999.999999999,5100.0,680.0,3400.0,430.0,1500.0,0.18,6999999.999999999,8.0E-6,0.027,0.027,0.0,920.0,3.0,8.0E-17,3.5E-6,8.1E-17,5.6E7,1.0,1.7E9,
1.9999999999999998E-43,0.0035,400.0,4200.0,3800.0,6999999.999999999,5100.0,680.0,3400.0,430.0,1500.0,0.18,6999999.999999999,6.8E-6,0.027,0.027,0.0,920.0,3.0,2.4E-19,3.5E-6,3.5E-17,5.9E7,1.0,1.7E9,
1.9999999999999998E-43,0.0035,400.0,4200.0,3800.0,6999999.999999999,5100.0,680.0,3400.0,430.0,1500.0,0.18,6999999.999999999,5.8E-6,0.027,0.027,0.0,900.0,3.0,1.0E-21,3.5E-6,1.9E-17,6.3E7,1.0,1.7E9,
1.9999999999999998E-43,0.0035,400.0,4200.0,3800.0,6999999.999999999,5100.0,680.0,3400.0,430.0,1500.0,0.18,6999999.999999999,4.9E-6,0.027,0.027,0.0,900.0,3.0,1.5999999999999999E-24,3.5E-6,1.3E-17,6.7E7,1.0,1.7E9,
1.9999999999999998E-43,0.0035,400.0,4200.0,3800.0,6999999.999999999,5100.0,680.0,3400.0,430.0,1500.0,0.18,6999999.999999999,4.2E-6,0.027,0.027,0.0,900.0,3.0,0.0,3.5E-6,1.0E-17,7.0E7,1.0,1.7E9,
1.9999999999999998E-43,0.0035,400.0,4200.0,3800.0,6999999.999999999,5100.0,680.0,3400.0,430.0,1500.0,0.18,6999999.999999999,5.3E-6,0.027,0.027,0.0,900.0,3.0,0.0,3.5E-6,1.0E-17,6.5E7,1.0,1.7E9,
1.9999999999999998E-43,0.0035,400.0,4200.0,3800.0,6999999.999999999,5100.0,680.0,3400.0,430.0,1500.0,0.18,6999999.999999999,5.8E-6,0.027,0.027,0.0,890.0,3.0,0.0,3.5E-6,1.1E-17,6.2E7,1.0,1.7E9,
1.9999999999999998E-43,0.0035,400.0,4200.0,3800.0,6999999.999999999,5100.0,680.0,3400.0,430.0,1500.0,0.18,6999999.999999999,5.8E-6,0.027,0.027,0.0,880.0,3.0,0.0,3.5E-6,1.2E-17,6.3E7,1.0,1.7E9,
1.9999999999999998E-43,0.0035,400.0,4200.0,3800.0,6999999.999999999,5100.0,680.0,3400.0,430.0,1500.0,0.18,6999999.999999999,5.3E-6,0.027,0.027,0.0,870.0,3.0,0.0,3.5E-6,1.1E-17,6.4E7,1.0,1.7E9,
1.9999999999999998E-43,0.0035,400.0,4200.0,3800.0,6999999.999999999,5100.0,680.0,3400.0,430.0,1500.0,0.18,6999999.999999999,4.8E-6,0.027,0.027,0.0,870.0,3.0,0.0,3.5E-6,1.0E-17,6.7E7,1.0,1.7E9,
7.7E-43,0.032,3100.0,60000.0,14000.0,8800000.0,5700.0,4600.0,5300.0,1300.0,22000.0,0.18,8900000.0,0.65,0.069,0.069,0.0,980.0,24.0,21.0,3.6E-6,2.4E-12,7.1E7,1.0,1.8E9,
3.4999999999999996E-43,0.014,9900.0,2300.0,39000.0,8800000.0,5700.0,4600.0,5300.0,1300.0,4600.0,0.18,8800000.0,4.7E-5,0.029,0.029,0.0,970.0,28.0,20.0,3.6E-6,5.8E-13,6.7E7,1.0,1.8E9,
1.1999999999999999E-43,0.0048,2300.0,2300.0,6100.0,8600000.0,5700.0,4600.0,5300.0,1300.0,4600.0,0.18,8600000.0,1.8E-5,0.023,0.023,0.0,970.0,8.7,0.37,3.6E-6,8.9E-14,6.2E7,1.0,1.8E9,
1.1999999999999999E-43,0.0047,2300.0,2300.0,6100.0,8400000.0,5700.0,4600.0,5300.0,1300.0,4600.0,0.18,8500000.0,2.2E-5,0.023,0.023,0.0,960.0,8.6,0.0025,3.6E-6,3.2E-14,5.7E7,1.0,1.8E9,
1.1E-43,0.0046,2300.0,2300.0,6100.0,7899999.999999999,5700.0,4600.0,5300.0,1300.0,4600.0,0.18,7999999.999999999,2.3E-5,0.022,0.022,0.0,960.0,8.3,3.4E-4,3.5E-6,2.1E-14,5.6E7,1.0,1.8E9,
1.1E-43,0.0045,2300.0,2300.0,6100.0,7799999.999999999,5700.0,4600.0,5300.0,1300.0,4600.0,0.18,7899999.999999999,2.6E-5,0.022,0.022,0.0,950.0,8.2,2.3E-6,3.5E-6,7.8E-15,5.2E7,1.0,1.8E9,
1.1E-43,0.0044,2300.0,2300.0,6100.0,7499999.999999999,5700.0,4600.0,5300.0,1300.0,4600.0,0.17,7499999.999999999,2.7E-5,0.021,0.021,0.0,920.0,8.0,8.6E-7,3.5E-6,6.2E-15,5.2E7,1.0,1.8E9,
1.1E-43,0.0044,2300.0,2300.0,6100.0,7199999.999999999,5700.0,4600.0,5300.0,1300.0,4600.0,0.17,7199999.999999999,3.1E-5,0.021,0.021,0.0,920.0,7.8,5.9E-9,3.5E-6,2.3E-15,4.9E7,1.0,1.7E9,
1.1E-43,0.0043,2300.0,2300.0,6100.0,6999999.999999999,5700.0,4600.0,5300.0,1300.0,4600.0,0.17,6999999.999999999,3.4E-5,0.02,0.02,0.0,920.0,7.7,4.1E-11,3.5E-6,8.7E-16,4.6E7,1.0,1.7E9,
1.1E-43,0.0043,2300.0,2300.0,6100.0,6999999.999999999,5700.0,4600.0,5300.0,1300.0,4600.0,0.17,6999999.999999999,3.7E-5,0.02,0.02,0.0,910.0,7.7,1.0E-13,3.5E-6,3.1E-16,4.5E7,1.0,1.7E9,
1.1E-43,0.0043,2300.0,2300.0,6100.0,6999999.999999999,5700.0,4600.0,5300.0,1300.0,4600.0,0.17,6999999.999999999,3.4E-5,0.02,0.02,0.0,910.0,7.7,2.6E-16,3.5E-6,1.4E-16,4.6E7,1.0,1.7E9,
1.1E-43,0.0043,2300.0,2300.0,6100.0,6999999.999999999,5700.0,4600.0,5300.0,1300.0,4600.0,0.17,6999999.999999999,3.0E-5,0.02,0.02,0.0,910.0,7.7,6.7E-19,3.5E-6,8.8E-17,4.9E7,1.0,1.7E9,
1.1E-43,0.0043,2300.0,2300.0,6100.0,6999999.999999999,5700.0,4600.0,5300.0,1300.0,4600.0,0.17,6999999.999999999,2.6E-5,0.02,0.02,0.0,910.0,7.7,1.7E-21,3.5E-6,6.5E-17,5.2E7,1.0,1.7E9,
1.1E-43,0.0043,2300.0,2300.0,6100.0,6999999.999999999,5700.0,4600.0,5300.0,1300.0,4600.0,0.17,6999999.999999999,2.2E-5,0.02,0.02,0.0,910.0,7.7,4.2999999999999996E-24,3.5E-6,5.2E-17,5.5E7,1.0,1.7E9,
1.1E-43,0.0043,2300.0,2300.0,6100.0,6999999.999999999,5700.0,4600.0,5300.0,1300.0,4600.0,0.17,6999999.999999999,1.8E-5,0.02,0.02,0.0,910.0,7.7,1.5E-26,3.5E-6,4.3E-17,5.9E7,1.0,1.7E9,
1.1E-43,0.0043,2300.0,2300.0,6100.0,6999999.999999999,5700.0,4600.0,5300.0,1300.0,4600.0,0.17,6999999.999999999,1.5E-5,0.02,0.02,0.0,910.0,7.7,0.0,3.5E-6,3.6E-17,6.3E7,1.0,1.7E9,
1.1E-43,0.0043,2300.0,2300.0,6100.0,6999999.999999999,5700.0,4600.0,5300.0,1300.0,4600.0,0.17,6999999.999999999,1.3E-5,0.02,0.02,0.0,910.0,7.7,0.0,3.5E-6,3.0E-17,6.7E7,1.0,1.7E9,
1.1E-43,0.0043,2300.0,2300.0,6100.0,6999999.999999999,5700.0,4600.0,5300.0,1300.0,4600.0,0.17,6999999.999999999,1.5E-5,0.02,0.02,0.0,890.0,7.7,0.0,3.5E-6,2.8E-17,6.3E7,1.0,1.7E9,
1.1E-43,0.0043,2300.0,2300.0,6100.0,6999999.999999999,5700.0,4600.0,5300.0,1300.0,4600.0,0.17,6999999.999999999,1.7E-5,0.02,0.02,0.0,880.0,7.7,0.0,3.5E-6,3.1E-17,6.0E7,1.0,1.7E9,
1.1E-43,0.0043,2300.0,2300.0,6100.0,6999999.999999999,5700.0,4600.0,5300.0,1300.0,4600.0,0.17,6999999.999999999,1.6E-5,0.02,0.02,0.0,870.0,7.7,0.0,3.5E-6,3.3E-17,6.1E7,1.0,1.7E9,
1.1E-43,0.0043,2300.0,2300.0,6100.0,6999999.999999999,5700.0,4600.0,5300.0,1300.0,4600.0,0.17,6999999.999999999,1.5E-5,0.02,0.02,0.0,870.0,7.7,0.0,3.5E-6,3.2E-17,6.2E7,1.0,1.7E9,
1.1E-43,0.0043,2300.0,2300.0,6100.0,6999999.999999999,5700.0,4600.0,5300.0,1300.0,4600.0,0.17,6999999.999999999,1.4E-5,0.02,0.02,0.0,870.0,7.7,0.0,3.5E-6,3.0E-17,6.5E7,1.0,1.7E9,
1.1E-43,0.0043,2300.0,2300.0,6100.0,6999999.999999999,5700.0,4600.0,5300.0,1300.0,4600.0,0.17,6999999.999999999,1.2E-5,0.02,0.02,0.0,870.0,7.7,0.0,3.5E-6,2.6E-17,6.8E7,1.0,1.7E9,
1.1999999999999999E-43,0.0043,4000.0,4500.0,3200.0,8900000.0,5700.0,4600.0,5300.0,1300.0,4600.0,0.18,9000000.0,6.1E-6,0.031,0.031,0.0,900.0,6.9,41.0,3.6E-6,6.9E-13,6.9E7,1.0,1.8E9,
1.1999999999999999E-43,0.0043,4000.0,4500.0,3200.0,8700000.0,5700.0,4600.0,5300.0,1300.0,4600.0,0.18,8700000.0,1.3E-5,0.031,0.031,0.0,890.0,6.8,0.28,3.6E-6,2.5E-13,6.3E7,1.0,1.8E9,
1.1E-43,0.0041,4000.0,4500.0,3200.0,7999999.999999999,5700.0,4600.0,5300.0,1300.0,4600.0,0.17,8099999.999999999,1.4E-5,0.029,0.029,0.0,890.0,6.4,0.014,3.6E-6,1.3E-13,6.0E7,1.0,1.8E9,
9.999999999999999E-44,0.0038,4000.0,4500.0,3200.0,6999999.999999999,5700.0,4600.0,5300.0,1300.0,4600.0,0.17,7099999.999999999,1.4E-5,0.027,0.027,0.0,880.0,5.8,0.0051,3.5E-6,1.0E-13,5.9E7,1.0,1.8E9,
9.999999999999999E-44,0.0038,4000.0,4500.0,3200.0,6999999.999999999,5700.0,4600.0,5300.0,1300.0,4600.0,0.17,6999999.999999999,1.6E-5,0.027,0.027,0.0,870.0,5.8,3.5E-5,3.5E-6,3.7E-14,5.5E7,1.0,1.8E9,
9.999999999999999E-44,0.0038,4000.0,4500.0,3200.0,6999999.999999999,5700.0,4600.0,5300.0,1300.0,4600.0,0.17,6999999.999999999,1.8E-5,0.027,0.027,0.0,870.0,5.8,9.0E-8,3.5E-6,1.1E-14,5.4E7,1.0,1.8E9,
9.999999999999999E-44,0.0038,4000.0,4500.0,3200.0,6999999.999999999,5700.0,4600.0,5300.0,1300.0,4600.0,0.17,6999999.999999999,1.7E-5,0.027,0.027,0.0,870.0,5.8,2.3E-10,3.5E-6,3.4E-15,5.4E7,1.0,1.8E9,
9.999999999999999E-44,0.0038,4000.0,4500.0,3200.0,6999999.999999999,5700.0,4600.0,5300.0,1300.0,4600.0,0.17,6999999.999999999,1.5E-5,0.027,0.027,0.0,870.0,5.8,5.9E-13,3.5E-6,1.0E-15,5.6E7,1.0,1.8E9,
9.999999999999999E-44,0.0038,4000.0,4500.0,3200.0,6999999.999999999,5700.0,4600.0,5300.0,1300.0,4600.0,0.17,6999999.999999999,1.3E-5,0.027,0.027,0.0,860.0,5.8,1.7E-15,3.5E-6,3.3E-16,5.9E7,1.0,1.8E9,
9.999999999999999E-44,0.0038,4000.0,4500.0,3200.0,6999999.999999999,5700.0,4600.0,5300.0,1300.0,4600.0,0.17,6999999.999999999,1.1E-5,0.027,0.027,0.0,840.0,5.8,6.8E-18,3.5E-6,1.2E-16,6.3E7,1.0,1.8E9,
9.999999999999999E-44,0.0038,4000.0,4500.0,3200.0,6999999.999999999,5700.0,4600.0,5300.0,1300.0,4600.0,0.17,6999999.999999999,9.7E-6,0.027,0.027,0.0,830.0,5.8,0.0,3.5E-6,5.0E-17,6.6E7,1.0,1.8E9,
9.999999999999999E-44,0.0038,4000.0,4500.0,3200.0,6999999.999999999,5700.0,4600.0,5300.0,1300.0,4600.0,0.17,6999999.999999999,8.3E-6,0.027,0.027,0.0,830.0,5.8,0.0,3.5E-6,2.8E-17,7.0E7,1.0,1.8E9,
9.999999999999999E-44,0.0038,4000.0,4500.0,3200.0,6999999.999999999,5700.0,4600.0,5300.0,1300.0,4600.0,0.17,6999999.999999999,8.3E-6,0.027,0.027,0.0,830.0,5.8,0.0,3.5E-6,1.9E-17,7.0E7,1.0,1.8E9,
9.999999999999999E-44,0.0038,4000.0,4500.0,3200.0,6999999.999999999,5700.0,4600.0,5300.0,1300.0,4600.0,0.17,6999999.999999999,1.0E-5,0.027,0.027,0.0,830.0,5.8,0.0,3.5E-6,1.9E-17,6.5E7,1.0,1.8E9,
9.999999999999999E-44,0.0038,4000.0,4500.0,3200.0,6999999.999999999,5700.0,4600.0,5300.0,1300.0,4600.0,0.17,6999999.999999999,1.1E-5,0.027,0.027,0.0,820.0,5.8,0.0,3.5E-6,2.1E-17,6.4E7,1.0,1.8E9,
9.999999999999999E-44,0.0038,4000.0,4500.0,3200.0,6999999.999999999,5700.0,4600.0,5300.0,1300.0,4600.0,0.17,6999999.999999999,1.0E-5,0.027,0.027,0.0,820.0,5.8,0.0,3.5E-6,2.1E-17,6.5E7,1.0,1.8E9,
9.999999999999999E-44,0.0038,4000.0,4500.0,3200.0,6999999.999999999,5700.0,4600.0,5300.0,1300.0,4600.0,0.17,6999999.999999999,9.5E-6,0.027,0.027,0.0,820.0,5.8,0.0,3.5E-6,2.0E-17,6.7E7,1.0,1.8E9,
9.999999999999999E-44,0.0038,4000.0,4500.0,3200.0,6999999.999999999,5700.0,4600.0,5300.0,1300.0,4600.0,0.17,6999999.999999999,8.5E-6,0.027,0.027,0.0,810.0,5.8,0.0,3.5E-6,1.9E-17,7.0E7,1.0,1.8E9,
9.999999999999999E-44,0.0038,4000.0,4500.0,3200.0,6999999.999999999,5700.0,4600.0,5300.0,1300.0,4600.0,0.17,6999999.999999999,7.4E-6,0.027,0.027,0.0,810.0,5.8,0.0,3.5E-6,1.7E-17,7.3E7,1.0,1.8E9,
9.999999999999999E-44,0.0038,4000.0,4500.0,3200.0,6999999.999999999,5700.0,4600.0,5300.0,1300.0,4600.0,0.17,6999999.999999999,6.5E-6,0.027,0.027,0.0,800.0,5.8,0.0,3.5E-6,1.5E-17,7.7E7,1.0,1.8E9,
9.999999999999999E-44,0.0038,4000.0,4500.0,3200.0,6999999.999999999,5700.0,4600.0,5300.0,1300.0,4600.0,0.17,6999999.999999999,5.7E-6,0.027,0.027,0.0,800.0,5.8,0.0,3.5E-6,1.3E-17,8.1E7,1.0,1.8E9,
9.999999999999999E-44,0.0038,4000.0,4500.0,3200.0,6999999.999999999,5700.0,4600.0,5300.0,1300.0,4600.0,0.17,6999999.999999999,7.5E-6,0.027,0.027,0.0,780.0,5.8,0.0,3.5E-6,1.3E-17,7.3E7,1.0,1.8E9,
9.999999999999999E-44,0.0038,4000.0,4500.0,3200.0,6999999.999999999,5700.0,4600.0,5300.0,1300.0,4600.0,0.17,6999999.999999999,8.5E-6,0.027,0.027,0.0,770.0,5.8,0.0,3.5E-6,1.6E-17,7.0E7,1.0,1.8E9,
9.999999999999999E-44,0.0038,4000.0,4500.0,3200.0,6999999.999999999,5700.0,4600.0,5300.0,1300.0,4600.0,0.17,6999999.999999999,8.7E-6,0.027,0.027,0.0,770.0,5.8,0.0,3.5E-6,1.7E-17,6.9E7,1.0,1.8E9,
9.999999999999999E-44,0.0038,4000.0,4500.0,3200.0,6999999.999999999,5700.0,4600.0,5300.0,1300.0,4600.0,0.17,6999999.999999999,8.2E-6,0.027,0.027,0.0,770.0,5.8,0.0,3.5E-6,1.7E-17,7.0E7,1.0,1.8E9,
9.999999999999999E-44,0.0038,4000.0,4500.0,3200.0,6999999.999999999,5700.0,4600.0,5300.0,1300.0,4600.0,0.17,6999999.999999999,7.5E-6,0.027,0.027,0.0,770.0,5.8,0.0,3.5E-6,1.6E-17,7.3E7,1.0,1.8E9,
9.999999999999999E-44,0.0038,4000.0,4500.0,3200.0,6999999.999999999,5700.0,4600.0,5300.0,1300.0,4600.0,0.17,6999999.999999999,6.7E-6,0.027,0.027,0.0,750.0,5.8,0.0,3.5E-6,1.5E-17,7.6E7,1.0,1.8E9,
9.999999999999999E-44,0.0038,4000.0,4500.0,3200.0,6999999.999999999,5700.0,4600.0,5300.0,1300.0,4600.0,0.17,6999999.999999999,5.9E-6,0.027,0.027,0.0,750.0,5.8,0.0,3.5E-6,1.3E-17,7.9E7,1.0,1.8E9,
9.999999999999999E-44,0.0038,4000.0,4500.0,3200.0,6999999.999999999,5700.0,4600.0,5300.0,1300.0,4600.0,0.17,6999999.999999999,5.2E-6,0.027,0.027,0.0,750.0,5.8,0.0,3.5E-6,1.2E-17,8.3E7,1.0,1.8E9,
9.999999999999999E-44,0.0038,4000.0,4500.0,3200.0,6999999.999999999,5700.0,4600.0,5300.0,1300.0,4600.0,0.17,6999999.999999999,6.2E-6,0.027,0.027,0.0,750.0,5.8,0.0,3.5E-6,1.1E-17,7.8E7,1.0,1.8E9,
9.999999999999999E-44,0.0038,4000.0,4500.0,3100.0,6899999.999999999,5700.0,4600.0,5300.0,1300.0,4600.0,0.17,6999999.999999999,7.4E-6,0.027,0.027,0.0,730.0,5.8,0.0,3.5E-6,1.3E-17,7.2E7,1.0,1.7E9,
9.999999999999999E-44,0.0038,4000.0,4500.0,3100.0,6899999.999999999,5700.0,4600.0,5300.0,1300.0,4600.0,0.17,6999999.999999999,9.1E-6,0.027,0.027,0.0,730.0,5.8,0.0,3.5E-6,1.6E-17,6.7E7,1.0,1.7E9,
9.999999999999999E-44,0.0038,4000.0,4500.0,3100.0,6899999.999999999,5700.0,4600.0,5300.0,1300.0,4600.0,0.17,6999999.999999999,9.8E-6,0.027,0.027,0.0,730.0,5.8,0.0,3.5E-6,1.8E-17,6.5E7,1.0,1.7E9,
9.999999999999999E-44,0.0038,4000.0,4500.0,3100.0,6899999.999999999,5700.0,4600.0,5300.0,1300.0,4600.0,0.17,6999999.999999999,9.6E-6,0.027,0.027,0.0,710.0,5.8,0.0,3.5E-6,1.9E-17,6.6E7,1.0,1.7E9,
9.999999999999999E-44,0.0038,4000.0,4500.0,3100.0,6899999.999999999,5700.0,4600.0,5300.0,1300.0,4600.0,0.17,6999999.999999999,8.8E-6,0.027,0.027,0.0,710.0,5.8,0.0,3.5E-6,1.9E-17,6.8E7,1.0,1.7E9,
9.999999999999999E-44,0.0038,4000.0,4500.0,3100.0,6899999.999999999,5700.0,4600.0,5300.0,1300.0,4600.0,0.17,6999999.999999999,7.9E-6,0.027,0.027,0.0,710.0,5.8,0.0,3.5E-6,1.7E-17,7.1E7,1.0,1.7E9,
9.999999999999999E-44,0.0038,4000.0,4500.0,3100.0,6899999.999999999,5700.0,4600.0,5300.0,1300.0,4600.0,0.17,6999999.999999999,7.0E-6,0.027,0.027,0.0,710.0,5.8,0.0,3.5E-6,1.6E-17,7.4E7,1.0,1.7E9,
9.999999999999999E-44,0.0038,4000.0,4500.0,3100.0,6899999.999999999,5700.0,4600.0,5300.0,1300.0,4600.0,0.17,6999999.999999999,6.1E-6,0.027,0.027,0.0,710.0,5.8,0.0,3.5E-6,1.4E-17,7.7E7,1.0,1.7E9,
9.999999999999999E-44,0.0038,4000.0,4500.0,3100.0,6899999.999999999,5700.0,4600.0,5300.0,1300.0,4600.0,0.17,6999999.999999999,5.3E-6,0.027,0.027,0.0,710.0,5.8,0.0,3.5E-6,1.2E-17,8.1E7,1.0,1.7E9,
9.999999999999999E-44,0.0038,4000.0,4500.0,3100.0,6899999.999999999,5700.0,4600.0,5300.0,1300.0,4600.0,0.17,6999999.999999999,7.1E-6,0.027,0.027,0.0,710.0,5.8,0.0,3.5E-6,1.3E-17,7.3E7,1.0,1.7E9,
9.999999999999999E-44,0.0038,4000.0,4500.0,3100.0,6899999.999999999,5700.0,4600.0,5300.0,1300.0,4600.0,0.17,6999999.999999999,8.1E-6,0.027,0.027,0.0,710.0,5.8,0.0,3.5E-6,1.5E-17,7.0E7,1.0,1.7E9,
9.999999999999999E-44,0.0038,4000.0,4500.0,3100.0,6899999.999999999,5700.0,4600.0,5300.0,1300.0,4600.0,0.17,6999999.999999999,8.3E-6,0.027,0.027,0.0,710.0,5.8,0.0,3.5E-6,1.6E-17,6.9E7,1.0,1.7E9,
9.999999999999999E-44,0.0038,4000.0,4500.0,3100.0,6899999.999999999,5700.0,4600.0,5300.0,1300.0,4600.0,0.17,6999999.999999999,7.9E-6,0.027,0.027,0.0,710.0,5.8,0.0,3.5E-6,1.6E-17,7.1E7,1.0,1.7E9,
9.999999999999999E-44,0.0038,4000.0,4500.0,3100.0,6899999.999999999,5700.0,4600.0,5300.0,1300.0,4600.0,0.17,6999999.999999999,7.2E-6,0.027,0.027,0.0,700.0,5.8,0.0,3.5E-6,1.5E-17,7.3E7,1.0,1.7E9,
9.999999999999999E-44,0.0038,4000.0,4500.0,3100.0,6899999.999999999,5700.0,4600.0,5300.0,1300.0,4600.0,0.17,6999999.999999999,6.4E-6,0.027,0.027,0.0,680.0,5.8,0.0,3.5E-6,1.4E-17,7.6E7,1.0,1.7E9,
9.999999999999999E-44,0.0038,4000.0,4500.0,3100.0,6899999.999999999,5700.0,4600.0,5300.0,1300.0,4600.0,0.17,6999999.999999999,5.7E-6,0.027,0.027,0.0,680.0,5.8,0.0,3.5E-6,1.3E-17,7.9E7,1.0,1.7E9,
9.999999999999999E-44,0.0038,4000.0,4500.0,3100.0,6899999.999999999,5700.0,4600.0,5300.0,1300.0,4600.0,0.17,6999999.999999999,5.0E-6,0.027,0.027,0.0,680.0,5.8,0.0,3.5E-6,1.1E-17,8.3E7,1.0,1.7E9,
9.999999999999999E-44,0.0038,4000.0,4500.0,3100.0,6899999.999999999,5700.0,4600.0,5300.0,1300.0,4600.0,0.17,6999999.999999999,6.0E-6,0.027,0.027,0.0,670.0,5.8,0.0,3.5E-6,1.1E-17,7.8E7,1.0,1.7E9,
9.999999999999999E-44,0.0038,4000.0,4500.0,3100.0,6899999.999999999,5700.0,4600.0,5300.0,1300.0,4600.0,0.17,6999999.999999999,7.2E-6,0.027,0.027,0.0,660.0,5.8,0.0,3.5E-6,1.3E-17,7.3E7,1.0,1.7E9,
9.999999999999999E-44,0.0038,4000.0,4500.0,3100.0,6899999.999999999,5700.0,4600.0,5300.0,1300.0,4600.0,0.17,6999999.999999999,7.7E-6,0.027,0.027,0.0,660.0,5.8,0.0,3.5E-6,1.5E-17,7.1E7,1.0,1.7E9,
9.999999999999999E-44,0.0038,4000.0,4500.0,3100.0,6899999.999999999,5700.0,4600.0,5300.0,1300.0,4600.0,0.17,6999999.999999999,7.5E-6,0.027,0.027,0.0,660.0,5.8,0.0,3.5E-6,1.5E-17,7.2E7,1.0,1.7E9,
9.999999999999999E-44,0.0038,4000.0,4500.0,3100.0,6899999.999999999,5700.0,4600.0,5300.0,1300.0,4600.0,0.17,6999999.999999999,7.0E-6,0.027,0.027,0.0,660.0,5.8,0.0,3.5E-6,1.5E-17,7.4E7,1.0,1.7E9,
9.999999999999999E-44,0.0038,4000.0,4500.0,3100.0,6899999.999999999,5700.0,4600.0,5300.0,1300.0,4600.0,0.17,6999999.999999999,6.3E-6,0.027,0.027,0.0,660.0,5.8,0.0,3.5E-6,1.4E-17,7.7E7,1.0,1.7E9,
9.999999999999999E-44,0.0038,4000.0,4500.0,3100.0,6899999.999999999,5700.0,4600.0,5300.0,1300.0,4600.0,0.17,6999999.999999999,5.6E-6,0.027,0.027,0.0,660.0,5.8,0.0,3.5E-6,1.2E-17,8.0E7,1.0,1.7E9,
9.999999999999999E-44,0.0038,4000.0,4500.0,3100.0,6899999.999999999,5700.0,4600.0,5300.0,1300.0,4600.0,0.17,6999999.999999999,5.0E-6,0.027,0.027,0.0,660.0,5.8,0.0,3.5E-6,1.1E-17,8.4E7,1.0,1.7E9,
6.299999999999999E-43,0.022,2400.0,78000.0,12000.0,8600000.0,5700.0,4600.0,5300.0,1300.0,4600.0,0.17,8700000.0,0.82,0.057,0.057,0.0,780.0,15.0,22.0,3.6E-6,8.8E-13,8.5E7,1.0,1.8E9,
3.0999999999999995E-43,0.011,2400.0,35000.0,4900.0,8199999.999999999,5700.0,4600.0,5200.0,1300.0,4600.0,0.17,8199999.999999999,8.1E-6,0.043,0.043,0.0,770.0,10.0,0.43,3.6E-6,1.9E-13,7.8E7,1.0,1.8E9,
1.1E-43,0.0039,2400.0,4800.0,4900.0,7999999.999999999,5700.0,4600.0,5200.0,1300.0,4600.0,0.17,8099999.999999999,1.4E-5,0.035,0.035,0.0,780.0,10.0,0.008,3.6E-6,3.2E-14,7.2E7,1.0,1.8E9,
1.1E-43,0.0038,2400.0,4800.0,4900.0,7599999.999999999,5600.0,4600.0,5200.0,1300.0,4600.0,0.17,7599999.999999999,1.5E-5,0.034,0.034,0.0,780.0,9.6,4.0E-4,3.6E-6,1.7E-14,6.7E7,1.0,1.8E9,
1.1E-43,0.0038,2400.0,4800.0,4900.0,7399999.999999999,5600.0,4600.0,5200.0,1300.0,4600.0,0.17,7399999.999999999,1.8E-5,0.033,0.033,0.0,780.0,9.5,7.5E-6,3.6E-6,7.6E-15,6.3E7,1.0,1.7E9,
1.1E-43,0.0037,2400.0,4800.0,4900.0,6999999.999999999,5600.0,4600.0,5200.0,1300.0,4600.0,0.17,7099999.999999999,2.0E-5,0.032,0.032,0.0,780.0,9.2,3.7E-7,3.6E-6,4.1E-15,6.0E7,1.0,1.7E9,
1.1E-43,0.0037,2400.0,4800.0,4900.0,6999999.999999999,5600.0,4600.0,5200.0,1300.0,4600.0,0.17,6999999.999999999,2.5E-5,0.032,0.032,0.0,780.0,9.2,9.6E-10,3.6E-6,1.3E-15,5.5E7,1.0,1.7E9,
1.1E-43,0.0037,2400.0,4800.0,4900.0,6999999.999999999,5600.0,4600.0,5200.0,1300.0,4600.0,0.17,6999999.999999999,2.6E-5,0.032,0.032,0.0,780.0,9.1,2.4E-12,3.6E-6,4.2E-16,5.4E7,1.0,1.7E9,
1.1E-43,0.0037,2400.0,4800.0,4900.0,6999999.999999999,5600.0,4600.0,5200.0,1300.0,4600.0,0.17,6999999.999999999,2.5E-5,0.032,0.032,0.0,780.0,9.1,6.2E-15,3.6E-6,1.6E-16,5.5E7,1.0,1.7E9,
1.1E-43,0.0037,2400.0,4800.0,4900.0,6999999.999999999,5600.0,4600.0,5200.0,1300.0,4600.0,0.17,6999999.999999999,2.3E-5,0.032,0.032,0.0,770.0,9.1,1.6E-17,3.6E-6,8.3E-17,5.7E7,1.0,1.7E9,
1.2E-42,0.043,24000.0,83000.0,55000.0,8500000.0,23000.0,5300.0,6200.0,2500.0,6100.0,0.17,8700000.0,6.4E-5,0.079,0.079,0.0,790.0,27.0,37.0,3.6E-6,7.0E-12,5.9E7,1.0,1.8E9,
6.299999999999999E-43,0.023,1800.0,66000.0,4800.0,8500000.0,650.0,5300.0,6200.0,2500.0,6100.0,0.17,8600000.0,1.2E-5,0.06,0.06,0.0,790.0,5.6,1.9,3.6E-6,2.1E-12,5.6E7,1.0,1.8E9,
1.2999999999999998E-43,0.0047,1800.0,2700.0,4800.0,8400000.0,650.0,5300.0,6200.0,2500.0,6100.0,0.17,8500000.0,1.8E-5,0.042,0.042,0.0,790.0,5.6,0.0051,3.6E-6,1.3E-13,5.3E7,1.0,1.8E9,
1.2999999999999998E-43,0.0047,1800.0,2700.0,4800.0,8199999.999999999,650.0,5300.0,6200.0,2500.0,6100.0,0.17,8199999.999999999,2.0E-5,0.042,0.042,0.0,780.0,5.5,2.6E-4,3.6E-6,6.8E-14,5.1E7,1.0,1.8E9,
1.1999999999999999E-43,0.0046,1800.0,2700.0,4800.0,7999999.999999999,650.0,5300.0,6200.0,2500.0,6000.0,0.17,8099999.999999999,2.1E-5,0.041,0.041,0.0,780.0,5.4,1.3E-5,3.6E-6,3.7E-14,4.9E7,1.0,1.8E9,
1.1999999999999999E-43,0.0044,1800.0,2700.0,4800.0,7199999.999999999,650.0,5300.0,6200.0,2500.0,6000.0,0.17,7299999.999999999,2.2E-5,0.039,0.039,0.0,770.0,5.1,6.4E-7,3.6E-6,1.9E-14,4.7E7,1.0,1.8E9,
1.1999999999999999E-43,0.0043,1800.0,2700.0,4800.0,6999999.999999999,650.0,5300.0,6200.0,2500.0,6000.0,0.17,6999999.999999999,2.3E-5,0.038,0.038,0.0,770.0,5.0,1.2E-8,3.6E-6,8.5E-15,4.6E7,1.0,1.8E9,
1.1999999999999999E-43,0.0043,1800.0,2700.0,4800.0,6999999.999999999,650.0,5300.0,6200.0,2500.0,6000.0,0.17,6999999.999999999,2.3E-5,0.038,0.038,0.0,770.0,5.0,3.0E-11,3.6E-6,2.6E-15,4.6E7,1.0,1.8E9,
1.1999999999999999E-43,0.0043,1800.0,2700.0,4800.0,6999999.999999999,650.0,5300.0,6200.0,2500.0,6000.0,0.17,6999999.999999999,2.1E-5,0.038,0.038,0.0,770.0,5.0,7.7E-14,3.6E-6,8.2E-16,4.8E7,1.0,1.8E9,
1.1999999999999999E-43,0.0043,1800.0,2700.0,4800.0,6999999.999999999,650.0,5300.0,6200.0,2500.0,6000.0,0.17,6999999.999999999,1.8E-5,0.038,0.038,0.0,760.0,5.0,2.0E-16,3.6E-6,2.7E-16,5.0E7,1.0,1.8E9,
1.1999999999999999E-43,0.0043,1800.0,2700.0,4800.0,6999999.999999999,650.0,5300.0,6200.0,2500.0,6000.0,0.17,6999999.999999999,1.5E-5,0.038,0.038,0.0,760.0,5.0,5.6E-19,3.6E-6,1.1E-16,5.4E7,1.0,1.8E9,
1.1999999999999999E-43,0.0043,1800.0,2700.0,4800.0,6999999.999999999,650.0,5300.0,6200.0,2500.0,6000.0,0.17,6999999.999999999,1.3E-5,0.038,0.038,0.0,760.0,5.0,3.2E-21,3.6E-6,5.1E-17,5.7E7,1.0,1.8E9,
1.1999999999999999E-43,0.0043,1800.0,2700.0,4800.0,6999999.999999999,650.0,5300.0,6200.0,2500.0,6000.0,0.17,6999999.999999999,1.1E-5,0.038,0.038,0.0,760.0,5.0,2.3E-23,3.6E-6,3.2E-17,6.1E7,1.0,1.8E9,
1.1999999999999999E-43,0.0043,1800.0,2700.0,4800.0,6999999.999999999,650.0,5300.0,6200.0,2500.0,6000.0,0.17,6999999.999999999,8.9E-6,0.038,0.038,0.0,760.0,5.0,0.0,3.6E-6,2.3E-17,6.5E7,1.0,1.8E9,
1.1999999999999999E-43,0.0043,1800.0,2700.0,4800.0,6999999.999999999,650.0,5300.0,6200.0,2500.0,6000.0,0.17,6999999.999999999,8.7E-6,0.038,0.038,0.0,750.0,5.0,0.0,3.6E-6,1.9E-17,6.5E7,1.0,1.8E9,
1.1999999999999999E-43,0.0043,1800.0,2700.0,4800.0,6999999.999999999,650.0,5300.0,6200.0,2500.0,6000.0,0.17,6999999.999999999,1.0E-5,0.038,0.038,0.0,740.0,5.0,0.0,3.6E-6,2.0E-17,6.1E7,1.0,1.8E9,
1.1999999999999999E-43,0.0043,1800.0,2700.0,4800.0,6999999.999999999,650.0,5300.0,6200.0,2500.0,6000.0,0.17,6999999.999999999,1.1E-5,0.038,0.038,0.0,740.0,5.0,0.0,3.6E-6,2.1E-17,6.1E7,1.0,1.8E9,
1.1999999999999999E-43,0.0043,1800.0,2700.0,4800.0,6999999.999999999,650.0,5300.0,6200.0,2500.0,6000.0,0.17,6999999.999999999,1.0E-5,0.038,0.038,0.0,740.0,5.0,0.0,3.6E-6,2.1E-17,6.2E7,1.0,1.8E9,
1.1999999999999999E-43,0.0043,1800.0,2700.0,4800.0,6999999.999999999,650.0,5300.0,6200.0,2500.0,6000.0,0.17,6999999.999999999,9.3E-6,0.038,0.038,0.0,740.0,5.0,0.0,3.6E-6,2.0E-17,6.4E7,1.0,1.8E9,
1.1999999999999999E-43,0.0043,1800.0,2700.0,4800.0,6999999.999999999,650.0,5300.0,6200.0,2500.0,6000.0,0.17,6999999.999999999,8.2E-6,0.038,0.038,0.0,740.0,5.0,0.0,3.5E-6,1.8E-17,6.6E7,1.0,1.7E9,
1.1999999999999999E-43,0.0043,1800.0,2700.0,4800.0,6999999.999999999,650.0,5300.0,6200.0,2500.0,6000.0,0.17,6999999.999999999,7.8E-6,0.038,0.038,0.0,740.0,5.0,0.0,3.5E-6,1.7E-17,6.7E7,1.0,1.7E9,
1.1999999999999999E-43,0.0043,1800.0,2700.0,4800.0,6999999.999999999,650.0,5300.0,6200.0,2500.0,6000.0,0.17,6999999.999999999,9.6E-6,0.038,0.038,0.0,740.0,5.0,0.0,3.5E-6,1.8E-17,6.2E7,1.0,1.7E9,
1.1999999999999999E-43,0.0043,1800.0,2700.0,4800.0,6999999.999999999,650.0,5300.0,6200.0,2500.0,6000.0,0.17,6999999.999999999,1.0E-5,0.038,0.038,0.0,740.0,5.0,0.0,3.5E-6,2.0E-17,6.1E7,1.0,1.7E9,
1.1999999999999999E-43,0.0043,1800.0,2700.0,4800.0,6999999.999999999,650.0,5300.0,6200.0,2500.0,6000.0,0.17,6999999.999999999,9.9E-6,0.038,0.038,0.0,740.0,5.0,0.0,3.5E-6,2.0E-17,6.2E7,1.0,1.7E9,
1.1999999999999999E-43,0.0043,1800.0,2700.0,4800.0,6999999.999999999,650.0,5300.0,6200.0,2500.0,6000.0,0.17,6999999.999999999,9.1E-6,0.038,0.038,0.0,740.0,5.0,0.0,3.5E-6,2.0E-17,6.4E7,1.0,1.7E9,
1.1999999999999999E-43,0.0043,1800.0,2700.0,4800.0,6999999.999999999,650.0,5300.0,6200.0,2500.0,6000.0,0.17,6999999.999999999,8.0E-6,0.038,0.038,0.0,740.0,5.0,0.0,3.5E-6,1.8E-17,6.6E7,1.0,1.7E9,
1.1999999999999999E-43,0.0043,1800.0,2700.0,4800.0,6999999.999999999,650.0,5300.0,6200.0,2500.0,6000.0,0.17,6999999.999999999,7.0E-6,0.038,0.038,0.0,740.0,5.0,0.0,3.5E-6,1.6E-17,7.0E7,1.0,1.7E9,
1.1999999999999999E-43,0.0043,1800.0,2700.0,4800.0,6999999.999999999,650.0,5300.0,6200.0,2500.0,6000.0,0.17,6999999.999999999,6.1E-6,0.038,0.038,0.0,720.0,5.0,0.0,3.5E-6,1.4E-17,7.3E7,1.0,1.7E9,
1.1999999999999999E-43,0.0043,1800.0,2700.0,4800.0,6999999.999999999,650.0,5300.0,6200.0,2500.0,6000.0,0.17,6999999.999999999,5.3E-6,0.038,0.038,0.0,710.0,5.0,0.0,3.5E-6,1.2E-17,7.7E7,1.0,1.7E9,
1.1999999999999999E-43,0.0043,1800.0,2700.0,4800.0,6999999.999999999,650.0,5300.0,6200.0,2500.0,6000.0,0.17,6999999.999999999,6.6E-6,0.038,0.038,0.0,710.0,5.0,0.0,3.5E-6,1.2E-17,7.1E7,1.0,1.7E9,
1.1999999999999999E-43,0.0043,1800.0,2700.0,4800.0,6999999.999999999,650.0,5300.0,6200.0,2500.0,6000.0,0.17,6999999.999999999,7.6E-6,0.038,0.038,0.0,710.0,5.0,0.0,3.5E-6,1.4E-17,6.8E7,1.0,1.7E9,
1.1999999999999999E-43,0.0043,1800.0,2700.0,4800.0,6999999.999999999,650.0,5300.0,6200.0,2500.0,6000.0,0.17,6999999.999999999,7.8E-6,0.038,0.038,0.0,710.0,5.0,0.0,3.5E-6,1.5E-17,6.7E7,1.0,1.7E9,
1.1999999999999999E-43,0.0043,1800.0,2700.0,4800.0,6999999.999999999,650.0,5300.0,6200.0,2500.0,6000.0,0.17,6999999.999999999,7.4E-6,0.038,0.038,0.0,710.0,5.0,0.0,3.5E-6,1.5E-17,6.8E7,1.0,1.7E9,
1.1999999999999999E-43,0.0043,1800.0,2700.0,4800.0,6999999.999999999,650.0,5300.0,6200.0,2500.0,6000.0,0.17,6999999.999999999,6.8E-6,0.038,0.038,0.0,700.0,5.0,0.0,3.5E-6,1.5E-17,7.1E7,1.0,1.7E9,
1.1999999999999999E-43,0.0043,1800.0,2700.0,4800.0,6999999.999999999,650.0,5300.0,6200.0,2500.0,6000.0,0.17,6999999.999999999,6.0E-6,0.038,0.038,0.0,700.0,5.0,0.0,3.5E-6,1.3E-17,7.4E7,1.0,1.7E9,
1.1999999999999999E-43,0.0043,1800.0,2700.0,4800.0,6999999.999999999,650.0,5300.0,6200.0,2500.0,6000.0,0.17,6999999.999999999,5.3E-6,0.038,0.038,0.0,690.0,5.0,0.0,3.5E-6,1.2E-17,7.7E7,1.0,1.7E9,
1.1999999999999999E-43,0.0043,1800.0,2700.0,4800.0,6999999.999999999,650.0,5300.0,6200.0,2500.0,6000.0,0.17,6999999.999999999,4.7E-6,0.038,0.038,0.0,660.0,5.0,0.0,3.5E-6,1.1E-17,8.1E7,1.0,1.7E9,
1.1999999999999999E-43,0.0043,1800.0,2700.0,4800.0,6999999.999999999,650.0,5300.0,6200.0,2500.0,6000.0,0.17,6999999.999999999,5.2E-6,0.038,0.038,0.0,660.0,5.0,0.0,3.5E-6,9.9E-18,7.8E7,1.0,1.7E9,
1.1999999999999999E-43,0.0043,1800.0,2700.0,4800.0,6999999.999999999,650.0,5300.0,6200.0,2500.0,6000.0,0.17,6999999.999999999,6.4E-6,0.038,0.038,0.0,660.0,5.0,0.0,3.5E-6,1.1E-17,7.2E7,1.0,1.7E9,
1.1999999999999999E-43,0.0043,1800.0,2700.0,4800.0,6999999.999999999,650.0,5300.0,6200.0,2500.0,6000.0,0.17,6999999.999999999,6.9E-6,0.038,0.038,0.0,650.0,5.0,0.0,3.5E-6,1.3E-17,7.0E7,1.0,1.7E9,
1.1999999999999999E-43,0.0043,1800.0,2700.0,4800.0,6999999.999999999,650.0,5300.0,6200.0,2500.0,6000.0,0.17,6999999.999999999,6.8E-6,0.038,0.038,0.0,650.0,5.0,0.0,3.5E-6,1.4E-17,7.1E7,1.0,1.7E9,
1.1999999999999999E-43,0.0043,1800.0,2700.0,4800.0,6999999.999999999,650.0,5300.0,6200.0,2500.0,6000.0,0.17,6999999.999999999,6.3E-6,0.038,0.038,0.0,650.0,5.0,0.0,3.5E-6,1.3E-17,7.3E7,1.0,1.7E9,
1.1999999999999999E-43,0.0043,1800.0,2700.0,4800.0,6999999.999999999,650.0,5300.0,6200.0,2500.0,6000.0,0.17,6999999.999999999,5.7E-6,0.038,0.038,0.0,650.0,5.0,0.0,3.5E-6,1.3E-17,7.5E7,1.0,1.7E9,
1.1999999999999999E-43,0.0043,1800.0,2700.0,4800.0,6999999.999999999,650.0,5300.0,6200.0,2500.0,6000.0,0.17,6999999.999999999,5.1E-6,0.038,0.038,0.0,650.0,5.0,0.0,3.5E-6,1.1E-17,7.9E7,1.0,1.7E9,
1.1999999999999999E-43,0.0043,1800.0,2700.0,4800.0,6999999.999999999,650.0,5300.0,6200.0,2500.0,6000.0,0.17,6999999.999999999,4.5E-6,0.038,0.038,0.0,630.0,5.0,0.0,3.5E-6,1.0E-17,8.2E7,1.0,1.7E9,
1.1999999999999999E-43,0.0043,1800.0,2700.0,4800.0,6999999.999999999,650.0,5300.0,6200.0,2500.0,6000.0,0.17,6999999.999999999,4.3E-6,0.038,0.038,0.0,630.0,5.0,0.0,3.5E-6,9.0E-18,8.3E7,1.0,1.7E9,
1.1999999999999999E-43,0.0043,1800.0,2700.0,4800.0,6999999.999999999,650.0,5300.0,6200.0,2500.0,6000.0,0.17,6999999.999999999,5.6E-6,0.038,0.038,0.0,630.0,5.0,0.0,3.5E-6,1.0E-17,7.6E7,1.0,1.7E9,
1.1999999999999999E-43,0.0043,1800.0,2700.0,4800.0,6899999.999999999,650.0,5300.0,6200.0,2500.0,6000.0,0.17,6899999.999999999,6.4E-6,0.038,0.038,0.0,630.0,5.0,0.0,3.5E-6,1.2E-17,7.2E7,1.0,1.7E9,
1.1999999999999999E-43,0.0043,1800.0,2700.0,4800.0,6899999.999999999,650.0,5300.0,6200.0,2500.0,6000.0,0.17,6899999.999999999,7.7E-6,0.038,0.038,0.0,630.0,5.0,0.0,3.5E-6,1.4E-17,6.7E7,1.0,1.7E9,
1.1999999999999999E-43,0.0043,1800.0,2700.0,4800.0,6899999.999999999,650.0,5300.0,6200.0,2500.0,6000.0,0.17,6899999.999999999,8.8E-6,0.038,0.038,0.0,620.0,5.0,0.0,3.5E-6,1.7E-17,6.4E7,1.0,1.7E9,
1.1999999999999999E-43,0.0043,1800.0,2700.0,4800.0,6899999.999999999,650.0,5300.0,6200.0,2500.0,6000.0,0.17,6899999.999999999,9.5E-6,0.038,0.038,0.0,610.0,4.9,0.0,3.5E-6,1.8E-17,6.1E7,1.0,1.7E9,
1.1999999999999999E-43,0.0043,1800.0,2700.0,4800.0,6899999.999999999,650.0,5300.0,6200.0,2500.0,6000.0,0.17,6899999.999999999,1.1E-5,0.038,0.038,0.0,590.0,4.9,0.0,3.5E-6,2.1E-17,5.8E7,1.0,1.7E9,
1.1999999999999999E-43,0.0043,1800.0,2700.0,4800.0,6899999.999999999,650.0,5300.0,6200.0,2500.0,6000.0,0.17,6899999.999999999,1.1E-5,0.038,0.038,0.0,590.0,4.9,0.0,3.5E-6,2.3E-17,5.7E7,1.0,1.7E9,
1.1999999999999999E-43,0.0043,1800.0,2700.0,4800.0,6899999.999999999,650.0,5300.0,6200.0,2500.0,6000.0,0.17,6899999.999999999,1.1E-5,0.038,0.038,0.0,590.0,4.9,0.0,3.5E-6,2.3E-17,5.8E7,1.0,1.7E9,
1.1999999999999999E-43,0.0043,1800.0,2700.0,4800.0,6899999.999999999,650.0,5300.0,6200.0,2500.0,6000.0,0.17,6899999.999999999,9.7E-6,0.038,0.038,0.0,570.0,4.9,0.0,3.5E-6,2.2E-17,6.1E7,1.0,1.7E9,
1.1999999999999999E-43,0.0043,1800.0,2700.0,4800.0,6899999.999999999,650.0,5300.0,6200.0,2500.0,6000.0,0.17,6899999.999999999,8.5E-6,0.038,0.038,0.0,560.0,4.9,0.0,3.5E-6,2.0E-17,6.4E7,1.0,1.7E9,
1.1999999999999999E-43,0.0043,1800.0,2700.0,4800.0,6899999.999999999,650.0,5300.0,6200.0,2500.0,6000.0,0.17,6899999.999999999,7.4E-6,0.038,0.038,0.0,560.0,4.9,0.0,3.5E-6,1.7E-17,6.7E7,1.0,1.7E9,
1.1999999999999999E-43,0.0043,1800.0,2700.0,4800.0,6899999.999999999,650.0,5300.0,6200.0,2500.0,6000.0,0.17,6899999.999999999,6.4E-6,0.038,0.038,0.0,560.0,4.9,0.0,3.5E-6,1.5E-17,7.1E7,1.0,1.7E9,
1.1999999999999999E-43,0.0043,1800.0,2700.0,4800.0,6899999.999999999,650.0,5300.0,6200.0,2500.0,6000.0,0.17,6899999.999999999,5.5E-6,0.038,0.038,0.0,560.0,4.9,0.0,3.5E-6,1.3E-17,7.4E7,1.0,1.7E9,
1.1999999999999999E-43,0.0043,1800.0,2700.0,4800.0,6899999.999999999,650.0,5300.0,6200.0,2500.0,6000.0,0.17,6899999.999999999,7.2E-6,0.038,0.038,0.0,560.0,4.9,0.0,3.5E-6,1.3E-17,6.8E7,1.0,1.7E9,
1.1999999999999999E-43,0.0043,1800.0,2700.0,4800.0,6899999.999999999,650.0,5300.0,6200.0,2500.0,6000.0,0.17,6899999.999999999,8.1E-6,0.038,0.038,0.0,560.0,4.9,0.0,3.5E-6,1.5E-17,6.5E7,1.0,1.7E9,
1.1999999999999999E-43,0.0043,1800.0,2700.0,4800.0,6899999.999999999,650.0,5300.0,6200.0,2500.0,6000.0,0.17,6899999.999999999,8.1E-6,0.038,0.038,0.0,560.0,4.9,0.0,3.5E-6,1.6E-17,6.5E7,1.0,1.7E9,
1.1999999999999999E-43,0.0043,1800.0,2700.0,4800.0,6899999.999999999,650.0,5300.0,6200.0,2500.0,6000.0,0.17,6899999.999999999,7.6E-6,0.038,0.038,0.0,550.0,4.9,0.0,3.5E-6,1.6E-17,6.6E7,1.0,1.7E9,
1.1999999999999999E-43,0.0043,1800.0,2700.0,4800.0,6899999.999999999,650.0,5300.0,6200.0,2500.0,6000.0,0.17,6899999.999999999,6.9E-6,0.038,0.038,0.0,550.0,4.9,0.0,3.5E-6,1.5E-17,6.9E7,1.0,1.7E9,
1.1999999999999999E-43,0.0043,1800.0,2700.0,4800.0,6899999.999999999,650.0,5300.0,6200.0,2500.0,6000.0,0.17,6899999.999999999,6.1E-6,0.038,0.038,0.0,550.0,4.9,0.0,3.5E-6,1.4E-17,7.2E7,1.0,1.7E9,
2.4999999999999997E-43,0.019,17000.0,76000.0,660.0,8400000.0,30000.0,25000.0,15000.0,2300.0,20000.0,0.17,8600000.0,7.7E-6,0.2,0.2,0.0,740.0,5.5,12.0,3.9E-6,2.8E-13,7.0E7,1.0,1.7E9,
3.5000000000000003E-44,0.0027,4300.0,3000.0,660.0,8400000.0,2600.0,4700.0,2400.0,2300.0,20000.0,0.17,8400000.0,8.8E-6,0.16,0.16,0.0,740.0,5.4,0.63,3.9E-6,2.2E-14,6.6E7,1.0,1.7E9,
3.5000000000000003E-44,0.0027,4300.0,3000.0,650.0,8299999.999999999,2600.0,4700.0,2400.0,2300.0,2700.0,0.17,8400000.0,1.1E-5,0.064,0.064,0.0,740.0,5.4,0.0043,3.9E-6,7.9E-15,6.1E7,1.0,1.7E9,
3.5000000000000003E-44,0.0027,4300.0,3000.0,650.0,8099999.999999999,2600.0,4700.0,2400.0,2300.0,2700.0,0.17,8199999.999999999,1.2E-5,0.063,0.063,0.0,740.0,5.3,2.2E-4,3.9E-6,4.3E-15,5.9E7,1.0,1.7E9,
3.4E-44,0.0026,4300.0,3000.0,650.0,7799999.999999999,2600.0,4700.0,2400.0,2300.0,2700.0,0.17,7899999.999999999,1.4E-5,0.061,0.061,0.0,730.0,5.1,4.0E-6,3.9E-6,1.9E-15,5.5E7,1.0,1.7E9,
3.3E-44,0.0025,4300.0,3000.0,650.0,7599999.999999999,2600.0,4700.0,2400.0,2300.0,2700.0,0.17,7599999.999999999,1.5E-5,0.06,0.06,0.0,730.0,4.9,2.0E-7,3.9E-6,1.0E-15,5.3E7,1.0,1.7E9,
3.2000000000000004E-44,0.0025,4200.0,3000.0,650.0,7299999.999999999,2500.0,4700.0,2400.0,2300.0,2700.0,0.17,7299999.999999999,1.5E-5,0.058,0.058,0.0,720.0,4.7,2.7E-8,3.9E-6,6.8E-16,5.2E7,1.0,1.7E9,
3.2000000000000004E-44,0.0024,4200.0,3000.0,650.0,7199999.999999999,2500.0,4700.0,2400.0,2300.0,2700.0,0.17,7199999.999999999,1.8E-5,0.057,0.057,0.0,720.0,4.7,1.9E-10,3.9E-6,2.7E-16,4.9E7,1.0,1.7E9,
3.1000000000000003E-44,0.0024,4200.0,3000.0,650.0,6899999.999999999,2500.0,4700.0,2400.0,2300.0,2700.0,0.17,6999999.999999999,1.9E-5,0.056,0.056,0.0,720.0,4.5,1.3E-12,3.9E-6,1.2E-16,4.7E7,1.0,1.7E9,
3.1000000000000003E-44,0.0024,4200.0,3000.0,650.0,6899999.999999999,2500.0,4700.0,2400.0,2300.0,2700.0,0.17,6999999.999999999,2.0E-5,0.056,0.056,0.0,720.0,4.5,3.2E-15,3.9E-6,6.9E-17,4.6E7,1.0,1.7E9,
3.1000000000000003E-44,0.0024,4200.0,3000.0,650.0,6899999.999999999,2500.0,4700.0,2400.0,2300.0,2700.0,0.17,6999999.999999999,1.9E-5,0.056,0.056,0.0,720.0,4.5,8.1E-18,3.9E-6,5.1E-17,4.7E7,1.0,1.7E9,
3.1000000000000003E-44,0.0024,4200.0,3000.0,650.0,6899999.999999999,2500.0,4700.0,2400.0,2300.0,2700.0,0.17,6999999.999999999,1.7E-5,0.056,0.056,0.0,710.0,4.5,2.0E-20,3.9E-6,4.3E-17,4.9E7,1.0,1.7E9,
3.1000000000000003E-44,0.0024,4200.0,3000.0,650.0,6899999.999999999,2500.0,4700.0,2400.0,2300.0,2700.0,0.17,6999999.999999999,1.4E-5,0.056,0.056,0.0,700.0,4.5,5.3E-23,3.9E-6,3.7E-17,5.2E7,1.0,1.7E9,
3.1000000000000003E-44,0.0024,4200.0,3000.0,650.0,6899999.999999999,2500.0,4700.0,2400.0,2300.0,2700.0,0.17,6999999.999999999,1.2E-5,0.056,0.056,0.0,690.0,4.5,1.4999999999999998E-24,3.9E-6,3.1E-17,5.6E7,1.0,1.7E9,
3.1000000000000003E-44,0.0024,4200.0,3000.0,650.0,6899999.999999999,2500.0,4700.0,2400.0,2300.0,2700.0,0.17,6999999.999999999,9.9E-6,0.056,0.056,0.0,680.0,4.5,2.4E-25,3.9E-6,2.6E-17,5.9E7,1.0,1.7E9,
3.1000000000000003E-44,0.0024,4200.0,3000.0,650.0,6899999.999999999,2500.0,4700.0,2400.0,2300.0,2700.0,0.17,6999999.999999999,8.3E-6,0.056,0.056,0.0,680.0,4.5,0.0,3.9E-6,2.2E-17,6.3E7,1.0,1.7E9,
3.1000000000000003E-44,0.0024,4200.0,3000.0,650.0,6899999.999999999,2500.0,4700.0,2400.0,2300.0,2700.0,0.17,6999999.999999999,7.0E-6,0.056,0.056,0.0,680.0,4.5,0.0,3.9E-6,1.8E-17,6.7E7,1.0,1.7E9,
3.1000000000000003E-44,0.0024,4200.0,3000.0,650.0,6899999.999999999,2500.0,4700.0,2400.0,2300.0,2700.0,0.17,6999999.999999999,8.9E-6,0.056,0.056,0.0,680.0,4.5,0.0,3.9E-6,1.8E-17,6.2E7,1.0,1.7E9,
3.1000000000000003E-44,0.0024,4200.0,3000.0,650.0,6899999.999999999,2500.0,4700.0,2400.0,2300.0,2700.0,0.17,6999999.999999999,9.6E-6,0.056,0.056,0.0,660.0,4.5,0.0,3.9E-6,2.0E-17,6.0E7,1.0,1.7E9,
3.1000000000000003E-44,0.0024,4200.0,3000.0,650.0,6899999.999999999,2500.0,4700.0,2400.0,2300.0,2700.0,0.17,6999999.999999999,9.4E-6,0.056,0.056,0.0,650.0,4.5,0.0,3.9E-6,2.1E-17,6.0E7,1.0,1.7E9,
3.1000000000000003E-44,0.0024,4200.0,3000.0,650.0,6899999.999999999,2500.0,4700.0,2400.0,2300.0,2700.0,0.17,6999999.999999999,8.6E-6,0.056,0.056,0.0,650.0,4.5,0.0,3.9E-6,2.0E-17,6.2E7,1.0,1.7E9,
3.1000000000000003E-44,0.0024,4200.0,3000.0,650.0,6899999.999999999,2500.0,4700.0,2400.0,2300.0,2700.0,0.17,6999999.999999999,7.7E-6,0.056,0.056,0.0,640.0,4.5,0.0,3.9E-6,1.9E-17,6.5E7,1.0,1.7E9,
3.1000000000000003E-44,0.0024,4200.0,3000.0,650.0,6899999.999999999,2500.0,4700.0,2400.0,2300.0,2700.0,0.17,6999999.999999999,6.7E-6,0.056,0.056,0.0,640.0,4.5,0.0,3.9E-6,1.7E-17,6.8E7,1.0,1.7E9,
3.1000000000000003E-44,0.0024,4200.0,3000.0,650.0,6899999.999999999,2500.0,4700.0,2400.0,2300.0,2700.0,0.17,6999999.999999999,5.8E-6,0.056,0.056,0.0,630.0,4.5,0.0,3.9E-6,1.5E-17,7.2E7,1.0,1.7E9,
3.1000000000000003E-44,0.0024,4200.0,3000.0,650.0,6899999.999999999,2500.0,4700.0,2400.0,2300.0,2700.0,0.16,6999999.999999999,5.0E-6,0.056,0.056,0.0,620.0,4.5,0.0,3.8E-6,1.3E-17,7.5E7,1.0,1.7E9,
3.1000000000000003E-44,0.0024,4200.0,3000.0,650.0,6899999.999999999,2500.0,4700.0,2400.0,2300.0,2700.0,0.16,6899999.999999999,6.2E-6,0.056,0.056,0.0,610.0,4.5,0.0,3.8E-6,1.3E-17,6.9E7,1.0,1.7E9,
3.1000000000000003E-44,0.0024,4200.0,3000.0,650.0,6899999.999999999,2500.0,4700.0,2400.0,2300.0,2700.0,0.16,6899999.999999999,7.1E-6,0.056,0.056,0.0,600.0,4.5,0.0,3.8E-6,1.4E-17,6.6E7,1.0,1.7E9,
3.1000000000000003E-44,0.0024,4200.0,3000.0,650.0,6899999.999999999,2500.0,4700.0,2400.0,2300.0,2700.0,0.16,6899999.999999999,7.3E-6,0.056,0.056,0.0,600.0,4.5,0.0,3.8E-6,1.6E-17,6.5E7,1.0,1.7E9,
3.1000000000000003E-44,0.0024,4200.0,3000.0,650.0,6899999.999999999,2500.0,4700.0,2400.0,2300.0,2700.0,0.16,6899999.999999999,6.9E-6,0.056,0.056,0.0,590.0,4.5,0.0,3.8E-6,1.6E-17,6.7E7,1.0,1.7E9,
3.1000000000000003E-44,0.0024,4200.0,3000.0,650.0,6899999.999999999,2500.0,4700.0,2400.0,2300.0,2700.0,0.16,6899999.999999999,6.3E-6,0.056,0.056,0.0,570.0,4.5,0.0,3.8E-6,1.5E-17,6.9E7,1.0,1.7E9,
3.1000000000000003E-44,0.0024,4200.0,3000.0,650.0,6899999.999999999,2500.0,4700.0,2400.0,2300.0,2700.0,0.16,6899999.999999999,5.6E-6,0.056,0.056,0.0,570.0,4.5,0.0,3.8E-6,1.4E-17,7.2E7,1.0,1.7E9,
1.8E-43,0.024,21000.0,67000.0,9600.0,8500000.0,2500.0,4700.0,2400.0,2300.0,2700.0,0.17,8600000.0,1.7E-5,0.11,0.11,0.0,640.0,14.0,31.0,3.9E-6,1.9E-12,7.4E7,1.0,1.7E9,
3.2000000000000004E-44,0.0042,3500.0,4400.0,2100.0,8400000.0,2500.0,4700.0,2400.0,2300.0,2700.0,0.16,8400000.0,1.1E-5,0.071,0.071,0.0,640.0,8.3,4.2,3.9E-6,2.2E-13,7.1E7,1.0,1.7E9,
3.1000000000000003E-44,0.004,3500.0,4400.0,2100.0,7899999.999999999,2500.0,4700.0,2400.0,2300.0,2700.0,0.16,7999999.999999999,1.3E-5,0.068,0.068,0.0,640.0,7.9,0.21,3.9E-6,1.2E-13,6.7E7,1.0,1.7E9,
3.0E-44,0.0039,3500.0,4400.0,2100.0,7599999.999999999,2500.0,4700.0,2400.0,2300.0,2700.0,0.16,7599999.999999999,1.4E-5,0.066,0.066,0.0,630.0,7.7,0.011,3.9E-6,6.3E-14,6.3E7,1.0,1.7E9,
3.0E-44,0.0038,3500.0,4400.0,2100.0,7199999.999999999,2500.0,4700.0,2400.0,2300.0,2700.0,0.16,7199999.999999999,1.5E-5,0.064,0.064,0.0,630.0,7.4,0.0014,3.8E-6,4.1E-14,6.1E7,1.0,1.7E9,
2.9E-44,0.0037,3500.0,4400.0,2100.0,6899999.999999999,2500.0,4700.0,2400.0,2300.0,2700.0,0.16,6899999.999999999,1.6E-5,0.062,0.062,0.0,620.0,7.1,1.9E-4,3.8E-6,2.7E-14,5.8E7,1.0,1.7E9,
2.9E-44,0.0037,3500.0,4400.0,2100.0,6899999.999999999,2500.0,4700.0,2400.0,2300.0,2700.0,0.16,6899999.999999999,1.9E-5,0.062,0.062,0.0,620.0,7.1,4.9E-7,3.8E-6,8.1E-15,5.5E7,1.0,1.7E9,
2.9E-44,0.0037,3500.0,4400.0,2100.0,6899999.999999999,2500.0,4600.0,2400.0,2300.0,2700.0,0.16,6899999.999999999,2.0E-5,0.062,0.062,0.0,620.0,7.1,1.2E-9,3.8E-6,2.5E-15,5.4E7,1.0,1.7E9,
2.9E-44,0.0037,3500.0,4400.0,2100.0,6899999.999999999,2500.0,4600.0,2400.0,2300.0,2700.0,0.16,6899999.999999999,1.9E-5,0.062,0.062,0.0,620.0,7.1,3.1E-12,3.8E-6,7.8E-16,5.5E7,1.0,1.7E9,
2.9E-44,0.0037,3500.0,4400.0,2100.0,6899999.999999999,2500.0,4600.0,2400.0,2300.0,2700.0,0.16,6899999.999999999,1.7E-5,0.062,0.062,0.0,610.0,7.1,8.0E-15,3.8E-6,2.6E-16,5.7E7,1.0,1.7E9,
2.9E-44,0.0037,3500.0,4400.0,2100.0,6899999.999999999,2500.0,4600.0,2400.0,2300.0,2700.0,0.16,6899999.999999999,1.5E-5,0.062,0.062,0.0,610.0,7.1,2.1E-17,3.8E-6,1.0E-16,6.0E7,1.0,1.7E9,
2.9E-44,0.0037,3500.0,4400.0,2100.0,6899999.999999999,2500.0,4600.0,2400.0,2300.0,2700.0,0.16,6899999.999999999,1.3E-5,0.062,0.062,0.0,600.0,7.1,9.5E-20,3.8E-6,5.2E-17,6.4E7,1.0,1.7E9,
2.9E-44,0.0037,3500.0,4400.0,2100.0,6899999.999999999,2500.0,4600.0,2400.0,2300.0,2700.0,0.16,6899999.999999999,1.1E-5,0.062,0.062,0.0,590.0,7.1,1.0E-21,3.8E-6,3.4E-17,6.7E7,1.0,1.7E9,
2.9E-44,0.0037,3500.0,4400.0,2100.0,6899999.999999999,2500.0,4600.0,2400.0,2300.0,2700.0,0.16,6899999.999999999,9.3E-6,0.062,0.062,0.0,590.0,7.1,2.6E-22,3.8E-6,2.6E-17,7.1E7,1.0,1.7E9,
2.9E-44,0.0037,3500.0,4400.0,2100.0,6899999.999999999,2500.0,4600.0,2400.0,2300.0,2700.0,0.16,6899999.999999999,1.1E-5,0.062,0.062,0.0,580.0,7.1,0.0,3.8E-6,2.3E-17,6.8E7,1.0,1.7E9,
2.9E-44,0.0037,3500.0,4400.0,2100.0,6899999.999999999,2500.0,4600.0,2400.0,2300.0,2700.0,0.16,6899999.999999999,1.2E-5,0.062,0.062,0.0,580.0,7.1,0.0,3.8E-6,2.5E-17,6.4E7,1.0,1.7E9,
2.9E-44,0.0037,3500.0,4400.0,2100.0,6899999.999999999,2500.0,4600.0,2400.0,2300.0,2700.0,0.16,6899999.999999999,1.3E-5,0.062,0.062,0.0,580.0,7.1,0.0,3.8E-6,2.7E-17,6.3E7,1.0,1.7E9,
2.9E-44,0.0037,3500.0,4400.0,2100.0,6899999.999999999,2500.0,4600.0,2400.0,2300.0,2700.0,0.16,6899999.999999999,1.2E-5,0.062,0.062,0.0,580.0,7.1,0.0,3.8E-6,2.8E-17,6.5E7,1.0,1.7E9,
2.9E-44,0.0037,3500.0,4400.0,2100.0,6899999.999999999,2500.0,4600.0,2400.0,2300.0,2700.0,0.16,6899999.999999999,1.1E-5,0.062,0.062,0.0,580.0,7.1,0.0,3.8E-6,2.6E-17,6.7E7,1.0,1.7E9,
2.9E-44,0.0037,3500.0,4400.0,2100.0,6899999.999999999,2500.0,4600.0,2400.0,2300.0,2700.0,0.16,6899999.999999999,9.7E-6,0.062,0.062,0.0,580.0,7.1,0.0,3.8E-6,2.4E-17,7.0E7,1.0,1.7E9,
2.9E-44,0.0037,3500.0,4400.0,2100.0,6899999.999999999,2500.0,4600.0,2400.0,2300.0,2700.0,0.16,6899999.999999999,8.5E-6,0.062,0.062,0.0,580.0,7.1,0.0,3.8E-6,2.1E-17,7.3E7,1.0,1.7E9,
2.9E-44,0.0037,3500.0,4400.0,2100.0,6899999.999999999,2500.0,4600.0,2400.0,2300.0,2700.0,0.16,6899999.999999999,7.4E-6,0.062,0.062,0.0,570.0,7.1,0.0,3.8E-6,1.9E-17,7.7E7,1.0,1.7E9,
2.9E-44,0.0037,3500.0,4400.0,2100.0,6899999.999999999,2500.0,4600.0,2400.0,2300.0,2700.0,0.16,6899999.999999999,7.6E-6,0.062,0.062,0.0,560.0,7.1,0.0,3.8E-6,1.7E-17,7.6E7,1.0,1.7E9,
2.9E-44,0.0037,3500.0,4400.0,2100.0,6899999.999999999,2500.0,4600.0,2400.0,2300.0,2700.0,0.16,6899999.999999999,9.6E-6,0.062,0.062,0.0,560.0,7.1,0.0,3.8E-6,1.9E-17,7.0E7,1.0,1.7E9,
2.9E-44,0.0037,3500.0,4400.0,2100.0,6899999.999999999,2500.0,4600.0,2400.0,2300.0,2700.0,0.16,6899999.999999999,1.0E-5,0.062,0.062,0.0,550.0,7.1,0.0,3.8E-6,2.2E-17,6.8E7,1.0,1.7E9,
2.9E-44,0.0037,3500.0,4400.0,2100.0,6899999.999999999,2500.0,4600.0,2400.0,2300.0,2700.0,0.16,6899999.999999999,1.0E-5,0.062,0.062,0.0,550.0,7.1,0.0,3.8E-6,2.3E-17,6.8E7,1.0,1.7E9,
2.9E-44,0.0037,3500.0,4400.0,2100.0,6899999.999999999,2500.0,4600.0,2400.0,2300.0,2700.0,0.16,6899999.999999999,9.7E-6,0.062,0.062,0.0,550.0,7.1,0.0,3.8E-6,2.2E-17,7.0E7,1.0,1.7E9,
2.9E-44,0.0037,3500.0,4400.0,2100.0,6899999.999999999,2500.0,4600.0,2400.0,2300.0,2700.0,0.16,6899999.999999999,8.7E-6,0.062,0.062,0.0,540.0,7.1,0.0,3.8E-6,2.1E-17,7.3E7,1.0,1.7E9,
2.9E-44,0.0037,3500.0,4400.0,2100.0,6899999.999999999,2500.0,4600.0,2400.0,2300.0,2700.0,0.16,6899999.999999999,7.7E-6,0.062,0.062,0.0,530.0,7.1,0.0,3.8E-6,1.9E-17,7.6E7,1.0,1.7E9,
2.9E-44,0.0037,3500.0,4400.0,2100.0,6899999.999999999,2500.0,4600.0,2400.0,2300.0,2700.0,0.16,6899999.999999999,6.8E-6,0.062,0.062,0.0,530.0,7.1,0.0,3.8E-6,1.7E-17,7.9E7,1.0,1.7E9,
2.9E-44,0.0037,3500.0,4400.0,2100.0,6899999.999999999,2500.0,4600.0,2400.0,2300.0,2700.0,0.16,6899999.999999999,6.0E-6,0.062,0.062,0.0,530.0,7.1,0.0,3.8E-6,1.5E-17,8.3E7,1.0,1.7E9,
2.9E-44,0.0037,3500.0,4400.0,2100.0,6899999.999999999,2500.0,4600.0,2400.0,2300.0,2700.0,0.16,6899999.999999999,8.1E-6,0.062,0.062,0.0,530.0,7.1,0.0,3.8E-6,1.6E-17,7.5E7,1.0,1.7E9,
2.9E-44,0.0037,3500.0,4400.0,2100.0,6899999.999999999,2500.0,4600.0,2400.0,2300.0,2700.0,0.16,6899999.999999999,9.3E-6,0.062,0.062,0.0,530.0,7.1,0.0,3.8E-6,1.9E-17,7.1E7,1.0,1.7E9,
2.9E-44,0.0037,3500.0,4400.0,2100.0,6899999.999999999,2500.0,4600.0,2400.0,2300.0,2700.0,0.16,6899999.999999999,9.6E-6,0.062,0.062,0.0,530.0,7.1,0.0,3.8E-6,2.0E-17,7.0E7,1.0,1.7E9,
2.9E-44,0.0037,3500.0,4400.0,2100.0,6899999.999999999,2500.0,4600.0,2400.0,2300.0,2700.0,0.16,6899999.999999999,9.1E-6,0.062,0.062,0.0,530.0,7.1,0.0,3.8E-6,2.1E-17,7.1E7,1.0,1.7E9,
2.9E-44,0.0037,3500.0,4400.0,2100.0,6899999.999999999,2500.0,4600.0,2400.0,2300.0,2700.0,0.16,6899999.999999999,8.4E-6,0.062,0.062,0.0,510.0,7.1,0.0,3.8E-6,2.0E-17,7.4E7,1.0,1.7E9,
2.9E-44,0.0037,3500.0,4400.0,2100.0,6899999.999999999,2500.0,4600.0,2400.0,2300.0,2700.0,0.16,6899999.999999999,7.5E-6,0.062,0.062,0.0,510.0,7.1,0.0,3.8E-6,1.8E-17,7.7E7,1.0,1.7E9,
2.9E-44,0.0037,3500.0,4400.0,2100.0,6899999.999999999,2500.0,4600.0,2400.0,2300.0,2700.0,0.16,6899999.999999999,6.7E-6,0.062,0.062,0.0,510.0,7.1,0.0,3.8E-6,1.6E-17,8.0E7,1.0,1.7E9,
7.100000000000001E-44,0.0069,410.0,25000.0,2400.0,8199999.999999999,4600.0,5900.0,3800.0,2300.0,2700.0,0.16,8199999.999999999,1.3E-5,0.084,0.084,0.0,610.0,11.0,13.0,4.0E-6,1.3E-12,7.5E7,1.0,1.7E9,
2.5E-44,0.0025,410.0,2500.0,2400.0,7799999.999999999,4600.0,5900.0,3800.0,2300.0,2700.0,0.16,7799999.999999999,1.5E-5,0.068,0.068,0.0,590.0,11.0,0.25,4.0E-6,2.1E-13,7.0E7,1.0,1.7E9,
2.4E-44,0.0023,410.0,2500.0,2400.0,7199999.999999999,4600.0,5800.0,3800.0,2300.0,2700.0,0.16,7199999.999999999,1.7E-5,0.064,0.064,0.0,590.0,10.0,0.012,4.0E-6,1.1E-13,6.6E7,1.0,1.7E9,
2.4E-44,0.0023,410.0,2500.0,2400.0,6899999.999999999,4600.0,5800.0,3800.0,2300.0,2700.0,0.16,6999999.999999999,2.0E-5,0.062,0.062,0.0,600.0,10.0,2.3E-4,4.0E-6,4.7E-14,6.2E7,1.0,1.7E9,
2.4E-44,0.0023,410.0,2500.0,2400.0,6899999.999999999,4600.0,5800.0,3800.0,2300.0,2700.0,0.16,6999999.999999999,2.3E-5,0.062,0.062,0.0,590.0,10.0,5.8E-7,4.0E-6,1.4E-14,5.8E7,1.0,1.7E9,
2.4E-44,0.0023,410.0,2500.0,2400.0,6899999.999999999,4600.0,5800.0,3800.0,2300.0,2700.0,0.16,6999999.999999999,2.4E-5,0.062,0.062,0.0,590.0,10.0,1.5E-9,4.0E-6,4.4E-15,5.8E7,1.0,1.7E9,
6.6E-44,0.009,3300.0,65000.0,6600.0,8099999.999999999,4600.0,5800.0,3800.0,2300.0,2700.0,0.16,8199999.999999999,1.4,0.082,0.082,0.0,620.0,12.0,150.0,4.0E-6,1.7E-12,5.9E7,1.0,1.7E9,
1.4E-44,0.0019,3300.0,2100.0,6600.0,7999999.999999999,4600.0,5800.0,3800.0,2300.0,2700.0,0.16,7999999.999999999,3.2E-5,0.053,0.053,0.0,620.0,13.0,7.4,4.0E-6,1.9E-13,5.6E7,1.0,1.7E9,
1.4E-44,0.0018,4300.0,2000.0,160.0,8500000.0,4600.0,5800.0,3800.0,2300.0,2700.0,0.16,8500000.0,4.8E-6,0.072,0.072,0.0,620.0,7.3,40.0,4.1E-6,3.9E-13,5.4E7,1.0,1.7E9,
1.4E-44,0.0018,4300.0,2000.0,160.0,8099999.999999999,4600.0,5800.0,3800.0,2300.0,2700.0,0.16,8199999.999999999,2.4E-5,0.07,0.07,0.0,610.0,7.1,0.74,4.1E-6,1.7E-13,5.1E7,1.0,1.7E9,
1.3000000000000002E-44,0.0017,4300.0,2000.0,160.0,7899999.999999999,4600.0,5800.0,3800.0,2300.0,2700.0,0.16,7899999.999999999,2.6E-5,0.068,0.068,0.0,610.0,6.8,0.037,4.0E-6,9.2E-14,4.9E7,1.0,1.7E9,
1.3000000000000002E-44,0.0017,4300.0,2000.0,160.0,7499999.999999999,4600.0,5800.0,3800.0,2300.0,2700.0,0.16,7499999.999999999,2.7E-5,0.066,0.066,0.0,610.0,6.5,6.8E-4,4.0E-6,3.9E-14,4.7E7,1.0,1.7E9,
1.2E-44,0.0016,4300.0,2000.0,160.0,6899999.999999999,4600.0,5800.0,3800.0,2300.0,2700.0,0.16,6999999.999999999,2.8E-5,0.062,0.062,0.0,620.0,6.0,3.4E-5,4.0E-6,2.1E-14,4.6E7,1.0,1.7E9,
2.5999999999999996E-43,0.026,26000.0,81000.0,84000.0,8500000.0,4600.0,5800.0,3800.0,2300.0,2700.0,0.16,8700000.0,2.5,0.2,0.2,0.0,630.0,12.0,1500.0,4.1E-6,9.0E-12,4.5E7,1.0,1.7E9,
9.1E-44,0.0091,26000.0,160.0,52000.0,8400000.0,4500.0,5800.0,3800.0,2300.0,2700.0,0.16,8500000.0,5.2E-5,0.12,0.12,0.0,610.0,9.6,30.0,4.1E-6,1.4E-12,4.4E7,1.0,1.7E9,
1.5E-44,0.0015,3000.0,160.0,1400.0,8400000.0,4500.0,5800.0,3800.0,2200.0,2700.0,0.16,8400000.0,9.2E-6,0.079,0.079,0.0,610.0,1.6,0.21,4.1E-6,8.6E-14,4.2E7,1.0,1.7E9,
1.5E-44,0.0015,3000.0,160.0,1400.0,8400000.0,4500.0,5800.0,3800.0,2200.0,2700.0,0.16,8400000.0,9.3E-6,0.079,0.079,0.0,600.0,1.6,5.3E-4,4.1E-6,2.6E-14,4.2E7,1.0,1.7E9,
1.4E-44,0.0014,3000.0,160.0,1400.0,7999999.999999999,4500.0,5800.0,3800.0,2200.0,2700.0,0.16,7999999.999999999,9.4E-6,0.076,0.076,0.0,590.0,1.5,9.7E-6,4.1E-6,1.1E-14,4.1E7,1.0,1.7E9,
1.4E-44,0.0014,3000.0,160.0,1400.0,7599999.999999999,4500.0,5800.0,3800.0,2200.0,2700.0,0.16,7599999.999999999,9.6E-6,0.073,0.073,0.0,590.0,1.4,1.8E-7,4.1E-6,4.8E-15,4.0E7,1.0,1.7E9,
1.4E-44,0.0014,3000.0,160.0,1400.0,7399999.999999999,4500.0,5800.0,3800.0,2200.0,2700.0,0.16,7399999.999999999,9.7E-6,0.072,0.072,0.0,600.0,1.4,9.0E-9,4.1E-6,2.6E-15,4.0E7,1.0,1.7E9,
1.3000000000000002E-44,0.0013,3000.0,160.0,1400.0,7299999.999999999,4500.0,5800.0,3800.0,2200.0,2700.0,0.16,7299999.999999999,9.9E-6,0.071,0.071,0.0,600.0,1.4,6.2E-11,4.1E-6,9.6E-16,3.9E7,1.0,1.7E9,
1.3000000000000002E-44,0.0013,3000.0,160.0,1400.0,7199999.999999999,4500.0,5800.0,3800.0,2200.0,2700.0,0.16,7199999.999999999,9.9E-6,0.07,0.07,0.0,590.0,1.4,4.2E-13,4.0E-6,3.6E-16,3.9E7,1.0,1.7E9,
1.3000000000000002E-44,0.0013,3000.0,160.0,1400.0,7099999.999999999,4500.0,5800.0,3800.0,2200.0,2700.0,0.16,7099999.999999999,1.0E-5,0.07,0.07,0.0,580.0,1.4,2.9E-15,4.0E-6,1.5E-16,3.8E7,1.0,1.7E9,
1.3000000000000002E-44,0.0013,3000.0,160.0,1400.0,6999999.999999999,4500.0,5800.0,3800.0,2200.0,2700.0,0.16,6999999.999999999,1.0E-5,0.069,0.069,0.0,580.0,1.3,2.0E-17,4.0E-6,6.8E-17,3.8E7,1.0,1.7E9,
1.3000000000000002E-44,0.0013,3000.0,160.0,1400.0,6999999.999999999,4500.0,5800.0,3800.0,2200.0,2700.0,0.16,6999999.999999999,9.2E-6,0.069,0.069,0.0,580.0,1.3,5.0E-20,4.0E-6,3.6E-17,3.9E7,1.0,1.7E9,
1.3000000000000002E-44,0.0013,3000.0,160.0,1400.0,6999999.999999999,4500.0,5800.0,3800.0,2200.0,2700.0,0.16,6999999.999999999,7.9E-6,0.069,0.069,0.0,580.0,1.3,1.3E-22,4.0E-6,2.5E-17,4.2E7,1.0,1.7E9,
1.3000000000000002E-44,0.0013,3000.0,160.0,1400.0,6999999.999999999,4500.0,5800.0,3800.0,2200.0,2700.0,0.16,6999999.999999999,6.5E-6,0.069,0.069,0.0,570.0,1.3,3.1999999999999997E-25,4.0E-6,1.9E-17,4.5E7,1.0,1.7E9,
1.3000000000000002E-44,0.0013,3000.0,160.0,1400.0,6999999.999999999,4500.0,5800.0,3800.0,2200.0,2700.0,0.16,6999999.999999999,5.3E-6,0.069,0.069,0.0,570.0,1.3,7.5E-28,4.0E-6,1.5E-17,4.8E7,1.0,1.7E9,
1.3000000000000002E-44,0.0013,3000.0,160.0,1400.0,6999999.999999999,4500.0,5800.0,3800.0,2200.0,2700.0,0.16,6999999.999999999,4.3E-6,0.069,0.069,0.0,560.0,1.3,0.0,4.0E-6,1.2E-17,5.2E7,1.0,1.7E9,
1.3000000000000002E-44,0.0013,3000.0,160.0,1400.0,6999999.999999999,4500.0,5800.0,3800.0,2200.0,2700.0,0.16,6999999.999999999,3.5E-6,0.069,0.069,0.0,550.0,1.3,4.2000000000000004E-32,4.0E-6,9.8E-18,5.6E7,1.0,1.7E9,
1.3000000000000002E-44,0.0013,3000.0,160.0,1400.0,6999999.999999999,4500.0,5800.0,3800.0,2200.0,2700.0,0.16,6999999.999999999,2.9E-6,0.069,0.069,0.0,550.0,1.3,0.0,4.0E-6,8.1E-18,6.0E7,1.0,1.7E9,
1.3000000000000002E-44,0.0013,3000.0,160.0,1400.0,6999999.999999999,4500.0,5800.0,3800.0,2200.0,2700.0,0.16,6999999.999999999,2.8E-6,0.069,0.069,0.0,550.0,1.3,9.4E-34,4.0E-6,6.8E-18,6.1E7,1.0,1.7E9,
1.3000000000000002E-44,0.0013,3000.0,160.0,1400.0,6999999.999999999,4500.0,5800.0,3800.0,2200.0,2700.0,0.16,6999999.999999999,3.2E-6,0.069,0.069,0.0,550.0,1.3,2.4E-36,4.0E-6,7.1E-18,5.7E7,1.0,1.7E9,
1.3000000000000002E-44,0.0013,3000.0,160.0,1400.0,6999999.999999999,4500.0,5800.0,3800.0,2200.0,2700.0,0.16,6999999.999999999,3.3E-6,0.069,0.069,0.0,530.0,1.3,5.999999999999999E-39,4.0E-6,7.5E-18,5.7E7,1.0,1.7E9,
1.3000000000000002E-44,0.0013,3000.0,160.0,1400.0,6999999.999999999,4500.0,5800.0,3800.0,2200.0,2700.0,0.16,6999999.999999999,3.1E-6,0.069,0.069,0.0,530.0,1.3,1.5E-41,4.0E-6,7.5E-18,5.8E7,1.0,1.7E9,
1.3000000000000002E-44,0.0013,3000.0,160.0,1400.0,6999999.999999999,4500.0,5800.0,3800.0,2200.0,2700.0,0.16,6999999.999999999,2.8E-6,0.069,0.069,0.0,530.0,1.3,4.1000000000000004E-44,4.0E-6,7.0E-18,6.1E7,1.0,1.7E9,
1.3000000000000002E-44,0.0013,3000.0,160.0,1400.0,6999999.999999999,4500.0,5800.0,3800.0,2200.0,2700.0,0.16,6999999.999999999,2.4E-6,0.069,0.069,0.0,520.0,1.3,8.6E-47,4.0E-6,6.3E-18,6.4E7,1.0,1.7E9,
1.3000000000000002E-44,0.0013,3000.0,160.0,1400.0,6999999.999999999,4500.0,5800.0,3800.0,2200.0,2700.0,0.16,6999999.999999999,2.1E-6,0.069,0.069,0.0,520.0,1.3,0.0,4.0E-6,5.5E-18,6.7E7,1.0,1.7E9,
1.3000000000000002E-44,0.0013,3000.0,160.0,1400.0,6999999.999999999,4500.0,5800.0,3800.0,2200.0,2700.0,0.16,6999999.999999999,1.8E-6,0.069,0.069,0.0,520.0,1.3,0.0,4.0E-6,4.8E-18,7.1E7,1.0,1.7E9,
1.3000000000000002E-44,0.0013,3000.0,160.0,1400.0,6999999.999999999,4500.0,5800.0,3800.0,2200.0,2700.0,0.16,6999999.999999999,1.6E-6,0.069,0.069,0.0,510.0,1.3,2.1E-46,4.0E-6,4.1E-18,7.5E7,1.0,1.7E9,
1.3000000000000002E-44,0.0013,3000.0,160.0,1400.0,6999999.999999999,4500.0,5800.0,3800.0,2200.0,2700.0,0.16,6999999.999999999,2.0E-6,0.069,0.069,0.0,510.0,1.3,5.4E-49,4.0E-6,4.3E-18,6.8E7,1.0,1.7E9,
1.3000000000000002E-44,0.0013,3000.0,160.0,1400.0,6999999.999999999,4500.0,5800.0,3800.0,2200.0,2700.0,0.16,6999999.999999999,2.3E-6,0.069,0.069,0.0,510.0,1.3,1.4E-51,4.0E-6,4.8E-18,6.6E7,1.0,1.7E9,
1.3000000000000002E-44,0.0013,3000.0,160.0,1400.0,6999999.999999999,4500.0,5800.0,3800.0,2200.0,2700.0,0.16,6999999.999999999,2.3E-6,0.069,0.069,0.0,510.0,1.3,3.4E-54,4.0E-6,5.2E-18,6.6E7,1.0,1.7E9,
1.3000000000000002E-44,0.0013,3000.0,160.0,1400.0,6999999.999999999,4500.0,5800.0,3800.0,2200.0,2700.0,0.16,6999999.999999999,2.1E-6,0.069,0.069,0.0,510.0,1.3,8.8E-57,4.0E-6,5.1E-18,6.7E7,1.0,1.7E9,
1.3000000000000002E-44,0.0013,3000.0,160.0,1400.0,6999999.999999999,4500.0,5800.0,3800.0,2200.0,2700.0,0.16,6999999.999999999,1.9E-6,0.069,0.069,0.0,490.0,1.3,9.200000000000001E-59,4.0E-6,4.8E-18,7.0E7,1.0,1.7E9,
1.3000000000000002E-44,0.0013,3000.0,160.0,1400.0,6999999.999999999,4500.0,5800.0,3800.0,2200.0,2700.0,0.16,6999999.999999999,1.7E-6,0.069,0.069,0.0,480.0,1.3,2.6E-59,4.0E-6,4.3E-18,7.3E7,1.0,1.7E9,
1.3000000000000002E-44,0.0013,3000.0,160.0,1400.0,6999999.999999999,4500.0,5800.0,3800.0,2200.0,2700.0,0.16,6999999.999999999,1.5E-6,0.069,0.069,0.0,480.0,1.3,7.5E-60,4.0E-6,3.9E-18,7.6E7,1.0,1.7E9,
1.3000000000000002E-44,0.0013,3000.0,160.0,1400.0,6999999.999999999,4500.0,5800.0,3800.0,2200.0,2700.0,0.16,6999999.999999999,1.3E-6,0.069,0.069,0.0,460.0,1.3,0.0,4.0E-6,3.4E-18,8.0E7,1.0,1.7E9,
1.3000000000000002E-44,0.0013,3000.0,160.0,1400.0,6999999.999999999,4500.0,5800.0,3800.0,2200.0,2700.0,0.16,6999999.999999999,1.5E-6,0.069,0.069,0.0,460.0,1.3,0.0,4.0E-6,3.3E-18,7.5E7,1.0,1.7E9,
1.3000000000000002E-44,0.0013,3000.0,160.0,1400.0,6999999.999999999,4500.0,5800.0,3800.0,2200.0,2700.0,0.16,6999999.999999999,1.8E-6,0.069,0.069,0.0,460.0,1.3,0.0,4.0E-6,3.8E-18,7.1E7,1.0,1.7E9,
1.3000000000000002E-44,0.0013,3000.0,160.0,1400.0,6999999.999999999,4500.0,5800.0,3800.0,2200.0,2700.0,0.16,6999999.999999999,1.9E-6,0.069,0.069,0.0,450.0,1.3,0.0,4.0E-6,4.3E-18,6.9E7,1.0,1.7E9,
1.3000000000000002E-44,0.0013,3000.0,160.0,1400.0,6999999.999999999,4500.0,5800.0,3800.0,2200.0,2700.0,0.16,6999999.999999999,1.9E-6,0.069,0.069,0.0,450.0,1.3,0.0,4.0E-6,4.4E-18,7.0E7,1.0,1.7E9,
1.9E-43,0.017,22000.0,110000.0,10000.0,1.0E7,4800.0,12000.0,9300.0,6700.0,9500.0,0.17,1.1E7,1.8,0.46,0.46,0.0,790.0,5.4,96.0,5.3E-6,4.0E-12,8.0E7,1.0,1.9E9,
3.7000000000000005E-44,0.0034,4600.0,5800.0,10000.0,1.0E7,4800.0,4300.0,1800.0,6700.0,9500.0,0.17,1.0E7,2.2E-6,0.3,0.3,0.0,800.0,7.1,5.0,5.3E-6,4.3E-13,7.5E7,1.0,1.9E9,
2.6000000000000003E-44,0.0024,4600.0,5800.0,2800.0,1.0E7,4800.0,4300.0,1800.0,6700.0,2000.0,0.17,1.0E7,9.1E-6,0.18,0.18,0.0,800.0,4.5,0.25,5.3E-6,1.7E-13,7.1E7,1.0,1.9E9,
2.5E-44,0.0023,4600.0,5800.0,2800.0,9800000.0,4800.0,4300.0,1800.0,6700.0,2000.0,0.17,9800000.0,8.7E-6,0.18,0.18,0.0,800.0,4.4,0.034,5.3E-6,1.1E-13,6.9E7,1.0,1.9E9,
2.5E-44,0.0023,4600.0,5800.0,2800.0,9300000.0,4800.0,4300.0,1800.0,6700.0,2000.0,0.17,9400000.0,9.6E-6,0.17,0.17,0.0,800.0,4.2,0.0017,5.3E-6,5.9E-14,6.5E7,1.0,1.9E9,
2.4E-44,0.0022,4600.0,5800.0,2800.0,9000000.0,4800.0,4300.0,1800.0,6700.0,2000.0,0.17,9000000.0,1.1E-5,0.17,0.17,0.0,800.0,4.1,8.6E-5,5.3E-6,3.2E-14,6.2E7,1.0,1.9E9,
2.4E-44,0.0022,4600.0,5800.0,2800.0,8700000.0,4800.0,4300.0,1800.0,6700.0,2000.0,0.17,8700000.0,1.2E-5,0.16,0.16,0.0,800.0,4.0,1.6E-6,5.3E-6,1.4E-14,5.9E7,1.0,1.9E9,
2.3E-44,0.0021,4600.0,5800.0,2800.0,8199999.999999999,4800.0,4300.0,1800.0,6600.0,2000.0,0.17,8299999.999999999,1.3E-5,0.16,0.16,0.0,790.0,3.8,8.0E-8,5.2E-6,7.5E-15,5.6E7,1.0,1.9E9,
2.3E-44,0.0021,4600.0,5800.0,2800.0,7999999.999999999,4800.0,4300.0,1800.0,6600.0,2000.0,0.17,8099999.999999999,1.4E-5,0.15,0.15,0.0,790.0,3.7,1.5E-9,5.2E-6,3.4E-15,5.4E7,1.0,1.9E9,
2.3E-44,0.0021,4600.0,5800.0,2800.0,7899999.999999999,4800.0,4300.0,1800.0,6600.0,2000.0,0.17,7899999.999999999,1.5E-5,0.15,0.15,0.0,780.0,3.7,2.0E-10,5.2E-6,2.2E-15,5.3E7,1.0,1.9E9,
2.2E-44,0.0021,4600.0,5800.0,2800.0,7599999.999999999,4800.0,4300.0,1800.0,6600.0,2000.0,0.17,7699999.999999999,1.6E-5,0.15,0.15,0.0,760.0,3.6,3.7E-12,5.2E-6,1.0E-15,5.0E7,1.0,1.9E9,
2.2E-44,0.002,4600.0,5800.0,2800.0,7599999.999999999,4800.0,4300.0,1700.0,6600.0,2000.0,0.17,7599999.999999999,1.7E-5,0.15,0.15,0.0,770.0,3.6,1.9E-13,5.2E-6,5.8E-16,4.9E7,1.0,1.9E9,
2.2E-44,0.002,4500.0,5800.0,2800.0,7399999.999999999,4800.0,4300.0,1700.0,6600.0,2000.0,0.16,7399999.999999999,1.9E-5,0.15,0.15,0.0,770.0,3.5,1.3E-15,5.2E-6,2.4E-16,4.8E7,1.0,1.9E9,
2.2E-44,0.002,4500.0,5800.0,2800.0,7399999.999999999,4800.0,4300.0,1700.0,6600.0,2000.0,0.16,7399999.999999999,2.0E-5,0.15,0.15,0.0,760.0,3.5,3.3E-18,5.2E-6,1.1E-16,4.7E7,1.0,1.9E9,
2.2E-44,0.002,4500.0,5800.0,2800.0,7399999.999999999,4800.0,4300.0,1700.0,6600.0,2000.0,0.16,7399999.999999999,1.8E-5,0.15,0.15,0.0,750.0,3.5,8.4E-21,5.2E-6,6.9E-17,4.8E7,1.0,1.9E9,
2.2E-44,0.002,4500.0,5800.0,2800.0,7399999.999999999,4800.0,4300.0,1700.0,6600.0,2000.0,0.16,7399999.999999999,1.6E-5,0.15,0.15,0.0,750.0,3.5,2.1E-23,5.2E-6,5.3E-17,5.0E7,1.0,1.9E9,
2.2E-44,0.002,4500.0,5800.0,2800.0,7399999.999999999,4800.0,4300.0,1700.0,6600.0,2000.0,0.16,7399999.999999999,1.3E-5,0.15,0.15,0.0,750.0,3.5,5.5E-26,5.2E-6,4.3E-17,5.4E7,1.0,1.9E9,
2.2E-44,0.002,4500.0,5800.0,2800.0,7399999.999999999,4800.0,4300.0,1700.0,6600.0,2000.0,0.16,7399999.999999999,1.1E-5,0.15,0.15,0.0,750.0,3.5,2.1E-28,5.2E-6,3.6E-17,5.8E7,1.0,1.9E9,
2.2E-44,0.002,4500.0,5800.0,2800.0,7399999.999999999,4800.0,4300.0,1700.0,6600.0,2000.0,0.16,7399999.999999999,9.2E-6,0.15,0.15,0.0,730.0,3.5,1.4999999999999998E-29,5.2E-6,3.0E-17,6.2E7,1.0,1.9E9,
2.2E-44,0.002,4500.0,5800.0,2800.0,7399999.999999999,4800.0,4300.0,1700.0,6600.0,2000.0,0.16,7399999.999999999,7.6E-6,0.15,0.15,0.0,730.0,3.5,1.8E-29,5.2E-6,2.5E-17,6.6E7,1.0,1.9E9,
2.2E-44,0.002,4500.0,5800.0,2800.0,7399999.999999999,4800.0,4300.0,1700.0,6600.0,2000.0,0.16,7399999.999999999,6.4E-6,0.15,0.15,0.0,730.0,3.5,0.0,5.2E-6,2.0E-17,7.0E7,1.0,1.9E9,
2.2E-44,0.002,4500.0,5800.0,2800.0,7399999.999999999,4800.0,4300.0,1700.0,6600.0,2000.0,0.16,7399999.999999999,7.1E-6,0.15,0.15,0.0,730.0,3.5,0.0,5.2E-6,1.9E-17,6.8E7,1.0,1.9E9,
2.2E-44,0.002,4500.0,5800.0,2800.0,7399999.999999999,4800.0,4300.0,1700.0,6600.0,2000.0,0.16,7399999.999999999,8.0E-6,0.15,0.15,0.0,720.0,3.5,0.0,5.2E-6,2.0E-17,6.5E7,1.0,1.9E9,
2.2E-44,0.002,4500.0,5800.0,2800.0,7399999.999999999,4800.0,4300.0,1700.0,6600.0,2000.0,0.16,7399999.999999999,8.0E-6,0.15,0.15,0.0,720.0,3.5,0.0,5.2E-6,2.1E-17,6.5E7,1.0,1.9E9,
2.2E-44,0.002,4500.0,5800.0,2800.0,7399999.999999999,4800.0,4300.0,1700.0,6600.0,2000.0,0.16,7399999.999999999,7.4E-6,0.15,0.15,0.0,720.0,3.5,0.0,5.2E-6,2.1E-17,6.7E7,1.0,1.9E9,
2.2E-44,0.002,4500.0,5800.0,2800.0,7399999.999999999,4800.0,4300.0,1700.0,6600.0,2000.0,0.16,7399999.999999999,6.6E-6,0.15,0.15,0.0,720.0,3.5,0.0,5.2E-6,1.9E-17,7.0E7,1.0,1.9E9,
2.2E-44,0.002,4500.0,5800.0,2800.0,7399999.999999999,4800.0,4300.0,1700.0,6600.0,2000.0,0.16,7399999.999999999,5.7E-6,0.15,0.15,0.0,720.0,3.5,0.0,5.2E-6,1.7E-17,7.3E7,1.0,1.9E9,
2.2E-44,0.002,4500.0,5800.0,2800.0,7399999.999999999,4800.0,4300.0,1700.0,6600.0,2000.0,0.16,7399999.999999999,5.0E-6,0.15,0.15,0.0,720.0,3.5,0.0,5.2E-6,1.5E-17,7.7E7,1.0,1.9E9,
2.2E-44,0.002,4500.0,5800.0,2800.0,7399999.999999999,4800.0,4300.0,1700.0,6600.0,2000.0,0.16,7399999.999999999,4.3E-6,0.15,0.15,0.0,710.0,3.5,0.0,5.2E-6,1.3E-17,8.1E7,1.0,1.9E9,
2.2E-44,0.002,4500.0,5800.0,2800.0,7399999.999999999,4800.0,4300.0,1700.0,6600.0,2000.0,0.16,7399999.999999999,4.3E-6,0.15,0.15,0.0,710.0,3.5,0.0,5.2E-6,1.2E-17,8.1E7,1.0,1.9E9,
2.2E-44,0.002,4500.0,5800.0,2800.0,7399999.999999999,4800.0,4300.0,1700.0,6600.0,2000.0,0.16,7399999.999999999,5.4E-6,0.15,0.15,0.0,700.0,3.5,0.0,5.2E-6,1.3E-17,7.5E7,1.0,1.9E9,
2.2E-44,0.002,4500.0,5800.0,2800.0,7399999.999999999,4800.0,4300.0,1700.0,6600.0,2000.0,0.16,7399999.999999999,5.8E-6,0.15,0.15,0.0,690.0,3.5,0.0,5.2E-6,1.5E-17,7.3E7,1.0,1.9E9,
2.2E-44,0.002,4500.0,5800.0,2800.0,7399999.999999999,4800.0,4300.0,1700.0,6600.0,2000.0,0.16,7399999.999999999,5.7E-6,0.15,0.15,0.0,690.0,3.5,0.0,5.2E-6,1.5E-17,7.3E7,1.0,1.9E9,
2.2E-44,0.002,4500.0,5800.0,2800.0,7399999.999999999,4800.0,4300.0,1700.0,6600.0,2000.0,0.16,7399999.999999999,5.2E-6,0.15,0.15,0.0,680.0,3.5,0.0,5.2E-6,1.5E-17,7.5E7,1.0,1.9E9,
2.2E-44,0.002,4500.0,5800.0,2800.0,7399999.999999999,4800.0,4300.0,1700.0,6600.0,2000.0,0.16,7399999.999999999,4.7E-6,0.15,0.15,0.0,680.0,3.5,0.0,5.2E-6,1.4E-17,7.8E7,1.0,1.9E9,
2.2E-44,0.002,4500.0,5800.0,2800.0,7399999.999999999,4800.0,4300.0,1700.0,6600.0,2000.0,0.16,7399999.999999999,4.1E-6,0.15,0.15,0.0,660.0,3.5,0.0,5.2E-6,1.2E-17,8.2E7,1.0,1.9E9,
2.2E-44,0.002,4500.0,5800.0,2800.0,7399999.999999999,4800.0,4300.0,1700.0,6600.0,2000.0,0.16,7399999.999999999,3.6E-6,0.15,0.15,0.0,660.0,3.5,0.0,5.2E-6,1.1E-17,8.6E7,1.0,1.9E9,
2.2E-44,0.002,4500.0,5800.0,2800.0,7399999.999999999,4800.0,4300.0,1700.0,6600.0,2000.0,0.16,7399999.999999999,3.2E-6,0.15,0.15,0.0,660.0,3.5,0.0,5.2E-6,9.7E-18,9.0E7,1.0,1.9E9,
2.2E-44,0.002,4500.0,5800.0,2800.0,7399999.999999999,4800.0,4300.0,1700.0,6600.0,2000.0,0.16,7399999.999999999,4.3E-6,0.15,0.15,0.0,660.0,3.5,0.0,5.2E-6,1.0E-17,8.1E7,1.0,1.9E9,
2.2E-44,0.002,4500.0,5800.0,2800.0,7399999.999999999,4800.0,4300.0,1700.0,6600.0,2000.0,0.16,7399999.999999999,4.9E-6,0.15,0.15,0.0,660.0,3.5,0.0,5.2E-6,1.2E-17,7.7E7,1.0,1.9E9,
2.2E-44,0.002,4500.0,5800.0,2800.0,7399999.999999999,4800.0,4300.0,1700.0,6600.0,2000.0,0.16,7399999.999999999,5.0E-6,0.15,0.15,0.0,660.0,3.5,0.0,5.2E-6,1.3E-17,7.7E7,1.0,1.9E9,
1.1E-43,0.031,5300.0,140000.0,720.0,1.0E7,4800.0,4300.0,1700.0,6600.0,2000.0,0.17,1.0E7,1.8E-5,0.18,0.18,0.0,910.0,12.0,1600.0,5.5E-6,4.0E-12,7.7E7,1.0,2.0E9,
8.2E-45,0.0023,5300.0,780.0,720.0,9900000.0,4800.0,4300.0,1700.0,6600.0,2000.0,0.17,9900000.0,2.1E-5,0.079,0.079,0.0,890.0,12.0,82.0,5.5E-6,1.6E-13,7.3E7,1.0,2.0E9,
8.1E-45,0.0022,5300.0,780.0,720.0,9700000.0,4800.0,4300.0,1700.0,6600.0,2000.0,0.17,9700000.0,2.5E-5,0.078,0.078,0.0,880.0,12.0,1.5,5.5E-6,7.1E-14,6.8E7,1.0,2.0E9,
7.9E-45,0.0022,5300.0,780.0,720.0,9400000.0,4800.0,4300.0,1700.0,6600.0,2000.0,0.17,9500000.0,2.8E-5,0.076,0.076,0.0,890.0,11.0,0.028,5.5E-6,3.1E-14,6.4E7,1.0,2.0E9,
7.7E-45,0.0021,5300.0,780.0,720.0,9200000.0,4800.0,4300.0,1700.0,6600.0,2000.0,0.17,9200000.0,3.2E-5,0.074,0.074,0.0,890.0,11.0,5.2E-4,5.4E-6,1.4E-14,6.0E7,1.0,2.0E9,
7.7E-45,0.0021,5300.0,780.0,720.0,9100000.0,4800.0,4300.0,1700.0,6600.0,2000.0,0.17,9200000.0,3.8E-5,0.074,0.074,0.0,890.0,11.0,1.3E-6,5.4E-6,4.2E-15,5.7E7,1.0,2.0E9,
1.6999999999999998E-43,0.03,17000.0,160000.0,21000.0,1.0E7,31000.0,4300.0,1700.0,6600.0,2000.0,0.17,1.0E7,3.2,0.24,0.24,0.0,900.0,13.0,190.0,5.5E-6,5.2E-12,5.7E7,1.0,2.0E9,
3.0E-44,0.0052,4600.0,1600.0,21000.0,1.0E7,3000.0,4300.0,1700.0,6600.0,2000.0,0.17,1.0E7,1.3E-5,0.11,0.11,0.0,890.0,16.0,3.8,5.5E-6,4.1E-13,5.4E7,1.0,2.0E9,
1.4E-44,0.0024,4600.0,1600.0,3800.0,9800000.0,3000.0,4300.0,1700.0,6600.0,2000.0,0.16,9800000.0,3.0E-5,0.098,0.098,0.0,890.0,6.7,0.071,5.5E-6,8.4E-14,5.2E7,1.0,2.0E9,
1.3000000000000002E-44,0.0024,4500.0,1600.0,3800.0,9500000.0,3000.0,4300.0,1700.0,6600.0,1900.0,0.16,9500000.0,3.2E-5,0.095,0.095,0.0,890.0,6.6,4.9E-4,5.5E-6,3.0E-14,5.1E7,1.0,2.0E9,
1.3000000000000002E-44,0.0023,4500.0,1600.0,3800.0,9100000.0,3000.0,4300.0,1700.0,6600.0,1900.0,0.16,9200000.0,3.2E-5,0.092,0.092,0.0,880.0,6.4,1.8E-4,5.4E-6,2.4E-14,5.0E7,1.0,2.0E9,
1.3000000000000002E-44,0.0023,4500.0,1600.0,3800.0,9000000.0,3000.0,4300.0,1700.0,6600.0,1900.0,0.16,9000000.0,3.4E-5,0.091,0.091,0.0,880.0,6.3,8.9E-6,5.4E-6,1.3E-14,4.9E7,1.0,2.0E9,
1.2E-44,0.0022,4500.0,1600.0,3800.0,8400000.0,3000.0,4300.0,1700.0,6600.0,1900.0,0.16,8400000.0,3.5E-5,0.087,0.087,0.0,880.0,6.1,1.6E-7,5.4E-6,5.8E-15,4.7E7,1.0,1.9E9,
1.2E-44,0.0021,4500.0,1600.0,3800.0,8099999.999999999,3000.0,4300.0,1700.0,6600.0,1900.0,0.16,8099999.999999999,3.5E-5,0.084,0.084,0.0,880.0,5.9,8.3E-9,5.4E-6,3.1E-15,4.7E7,1.0,1.9E9,
1.2E-44,0.0021,4500.0,1600.0,3800.0,7899999.999999999,3000.0,4300.0,1700.0,6600.0,1900.0,0.16,7899999.999999999,3.7E-5,0.083,0.083,0.0,870.0,5.8,1.5E-10,5.4E-6,1.4E-15,4.6E7,1.0,1.9E9,
1.2E-44,0.0021,4500.0,1600.0,3800.0,7699999.999999999,3000.0,4200.0,1700.0,6600.0,1900.0,0.16,7699999.999999999,3.8E-5,0.081,0.081,0.0,870.0,5.7,1.1E-12,5.4E-6,5.9E-16,4.5E7,1.0,1.9E9,
1.2E-44,0.002,4500.0,1600.0,3800.0,7499999.999999999,3000.0,4200.0,1700.0,6600.0,1900.0,0.16,7499999.999999999,3.8E-5,0.079,0.079,0.0,870.0,5.6,2.7E-15,5.4E-6,2.5E-16,4.4E7,1.0,1.9E9,
1.2E-44,0.002,4500.0,1600.0,3800.0,7499999.999999999,3000.0,4200.0,1700.0,6600.0,1900.0,0.16,7499999.999999999,3.5E-5,0.079,0.079,0.0,870.0,5.6,6.7E-18,5.4E-6,1.5E-16,4.6E7,1.0,1.9E9,
1.2E-44,0.002,4500.0,1600.0,3800.0,7499999.999999999,3000.0,4200.0,1700.0,6600.0,1900.0,0.16,7499999.999999999,3.0E-5,0.079,0.079,0.0,870.0,5.6,1.7E-20,5.4E-6,1.1E-16,4.8E7,1.0,1.9E9,
1.2E-44,0.002,4500.0,1600.0,3800.0,7499999.999999999,3000.0,4200.0,1700.0,6600.0,1900.0,0.16,7499999.999999999,2.5E-5,0.079,0.079,0.0,870.0,5.6,4.3E-23,5.4E-6,8.4E-17,5.2E7,1.0,1.9E9,
1.2E-44,0.002,4500.0,1600.0,3800.0,7499999.999999999,3000.0,4200.0,1700.0,6600.0,1900.0,0.16,7499999.999999999,2.0E-5,0.079,0.079,0.0,850.0,5.6,2.1999999999999997E-25,5.4E-6,6.8E-17,5.6E7,1.0,1.9E9,
1.2E-44,0.002,4500.0,1600.0,3800.0,7499999.999999999,3000.0,4200.0,1700.0,6600.0,1900.0,0.16,7499999.999999999,1.7E-5,0.079,0.079,0.0,840.0,5.6,5.7E-29,5.4E-6,5.5E-17,6.0E7,1.0,1.9E9,
1.2E-44,0.002,4500.0,1600.0,3800.0,7499999.999999999,3000.0,4200.0,1700.0,6600.0,1900.0,0.16,7499999.999999999,1.4E-5,0.079,0.079,0.0,840.0,5.6,0.0,5.4E-6,4.5E-17,6.4E7,1.0,1.9E9,
1.2E-44,0.002,4500.0,1600.0,3800.0,7499999.999999999,3000.0,4200.0,1700.0,6600.0,1900.0,0.16,7499999.999999999,1.1E-5,0.079,0.079,0.0,840.0,5.6,0.0,5.4E-6,3.7E-17,6.9E7,1.0,1.9E9,
1.2E-44,0.002,4500.0,1600.0,3800.0,7499999.999999999,3000.0,4200.0,1700.0,6600.0,1900.0,0.16,7499999.999999999,1.2E-5,0.079,0.079,0.0,840.0,5.6,0.0,5.4E-6,3.2E-17,6.8E7,1.0,1.9E9,
1.2E-44,0.002,4500.0,1600.0,3800.0,7499999.999999999,3000.0,4200.0,1700.0,6600.0,1900.0,0.16,7499999.999999999,1.3E-5,0.079,0.079,0.0,820.0,5.6,0.0,5.4E-6,3.5E-17,6.5E7,1.0,1.9E9,
1.2E-44,0.002,4500.0,1600.0,3800.0,7499999.999999999,3000.0,4200.0,1700.0,6600.0,1900.0,0.16,7499999.999999999,1.3E-5,0.079,0.079,0.0,820.0,5.6,0.0,5.4E-6,3.7E-17,6.5E7,1.0,1.9E9,
1.2E-44,0.002,4500.0,1600.0,3800.0,7499999.999999999,3000.0,4200.0,1700.0,6600.0,1900.0,0.16,7499999.999999999,1.3E-5,0.079,0.079,0.0,820.0,5.6,0.0,5.4E-6,3.6E-17,6.6E7,1.0,1.9E9,
1.2E-44,0.002,4500.0,1600.0,3800.0,7499999.999999999,3000.0,4200.0,1700.0,6600.0,1900.0,0.16,7499999.999999999,1.1E-5,0.079,0.079,0.0,820.0,5.6,0.0,5.4E-6,3.3E-17,6.9E7,1.0,1.9E9,
1.2E-44,0.002,4500.0,1600.0,3800.0,7499999.999999999,3000.0,4200.0,1700.0,6600.0,1900.0,0.16,7499999.999999999,9.7E-6,0.079,0.079,0.0,820.0,5.6,0.0,5.4E-6,3.0E-17,7.3E7,1.0,1.9E9,
1.2E-44,0.002,4500.0,1600.0,3800.0,7499999.999999999,3000.0,4200.0,1700.0,6600.0,1900.0,0.16,7499999.999999999,8.4E-6,0.079,0.079,0.0,810.0,5.6,0.0,5.4E-6,2.6E-17,7.6E7,1.0,1.9E9,
1.2E-44,0.002,4500.0,1600.0,3800.0,7499999.999999999,3000.0,4200.0,1700.0,6600.0,1900.0,0.16,7499999.999999999,7.2E-6,0.079,0.079,0.0,810.0,5.6,0.0,5.4E-6,2.3E-17,8.1E7,1.0,1.9E9,
1.2E-44,0.002,4500.0,1600.0,3800.0,7499999.999999999,3000.0,4200.0,1700.0,6600.0,1900.0,0.16,7499999.999999999,6.8E-6,0.079,0.079,0.0,810.0,5.6,0.0,5.4E-6,2.0E-17,8.3E7,1.0,1.9E9,
1.2E-44,0.002,4500.0,1600.0,3800.0,7499999.999999999,3000.0,4200.0,1700.0,6600.0,1900.0,0.16,7499999.999999999,8.6E-6,0.079,0.079,0.0,800.0,5.6,0.0,5.4E-6,2.1E-17,7.6E7,1.0,1.9E9,
1.2E-44,0.002,4500.0,1600.0,3800.0,7499999.999999999,3000.0,4200.0,1700.0,6600.0,1900.0,0.16,7499999.999999999,9.4E-6,0.079,0.079,0.0,800.0,5.6,0.0,5.4E-6,2.4E-17,7.3E7,1.0,1.9E9,
1.2E-44,0.002,4500.0,1600.0,3800.0,7499999.999999999,3000.0,4200.0,1700.0,6600.0,1900.0,0.16,7499999.999999999,9.3E-6,0.079,0.079,0.0,790.0,5.6,0.0,5.4E-6,2.5E-17,7.4E7,1.0,1.9E9,
1.2E-44,0.002,4500.0,1600.0,3800.0,7499999.999999999,3000.0,4200.0,1700.0,6600.0,1900.0,0.16,7499999.999999999,8.6E-6,0.079,0.079,0.0,790.0,5.6,0.0,5.4E-6,2.5E-17,7.6E7,1.0,1.9E9,
1.2E-44,0.002,4500.0,1600.0,3800.0,7499999.999999999,3000.0,4200.0,1700.0,6600.0,1900.0,0.16,7499999.999999999,7.8E-6,0.079,0.079,0.0,780.0,5.6,0.0,5.4E-6,2.3E-17,7.9E7,1.0,1.9E9,
1.2E-44,0.002,4500.0,1600.0,3800.0,7499999.999999999,3000.0,4200.0,1700.0,6600.0,1900.0,0.16,7499999.999999999,6.9E-6,0.079,0.079,0.0,770.0,5.6,0.0,5.4E-6,2.1E-17,8.2E7,1.0,1.9E9,
1.2E-44,0.002,4500.0,1600.0,3800.0,7499999.999999999,3000.0,4200.0,1700.0,6600.0,1900.0,0.16,7499999.999999999,6.0E-6,0.079,0.079,0.0,750.0,5.6,0.0,5.4E-6,1.9E-17,8.6E7,1.0,1.9E9,
1.2E-44,0.002,4500.0,1600.0,3800.0,7499999.999999999,3000.0,4200.0,1700.0,6600.0,1900.0,0.16,7499999.999999999,5.3E-6,0.079,0.079,0.0,750.0,5.6,0.0,5.4E-6,1.6E-17,9.0E7,1.0,1.9E9,
1.2E-44,0.002,4500.0,1600.0,3800.0,7499999.999999999,3000.0,4200.0,1700.0,6600.0,1900.0,0.16,7499999.999999999,6.6E-6,0.079,0.079,0.0,750.0,5.6,0.0,5.4E-6,1.6E-17,8.3E7,1.0,1.9E9,
1.2E-44,0.002,4500.0,1600.0,3800.0,7499999.999999999,3000.0,4200.0,1700.0,6600.0,1900.0,0.16,7499999.999999999,7.7E-6,0.079,0.079,0.0,740.0,5.6,0.0,5.4E-6,1.9E-17,7.9E7,1.0,1.9E9,
1.2E-44,0.002,4500.0,1600.0,3800.0,7499999.999999999,3000.0,4200.0,1700.0,6600.0,1900.0,0.16,7499999.999999999,8.0E-6,0.079,0.079,0.0,740.0,5.6,0.0,5.4E-6,2.1E-17,7.8E7,1.0,1.9E9,
1.2E-44,0.002,4500.0,1600.0,3800.0,7499999.999999999,3000.0,4200.0,1700.0,6600.0,1900.0,0.16,7499999.999999999,7.7E-6,0.079,0.079,0.0,740.0,5.6,0.0,5.4E-6,2.2E-17,7.9E7,1.0,1.9E9,
1.2E-44,0.002,4500.0,1600.0,3800.0,7499999.999999999,3000.0,4200.0,1700.0,6600.0,1900.0,0.16,7499999.999999999,7.1E-6,0.079,0.079,0.0,730.0,5.6,0.0,5.4E-6,2.1E-17,8.1E7,1.0,1.9E9,
1.1999999999999999E-43,0.019,31000.0,130000.0,21000.0,1.0E7,32000.0,5700.0,4100.0,9300.0,5500.0,0.16,1.0E7,1.3,0.23,0.23,0.0,950.0,11.0,330.0,5.7E-6,3.4E-12,8.5E7,1.0,2.0E9,
8.4E-45,0.0013,3600.0,570.0,860.0,1.0E7,1800.0,5700.0,4100.0,1800.0,5500.0,0.16,1.0E7,1.8E-6,0.12,0.12,0.0,940.0,4.5,46.0,5.6E-6,1.6E-13,8.2E7,1.0,2.0E9,
7.9E-45,0.0013,3600.0,570.0,860.0,9500000.0,1800.0,5700.0,4100.0,1800.0,5500.0,0.16,9600000.0,6.6E-6,0.11,0.11,0.0,950.0,4.2,2.3,5.6E-6,8.3E-14,7.7E7,1.0,2.0E9,
7.5E-45,0.0012,3600.0,570.0,860.0,8900000.0,1800.0,5700.0,4100.0,1800.0,5500.0,0.16,8900000.0,7.2E-6,0.11,0.11,0.0,930.0,4.0,0.11,5.6E-6,4.3E-14,7.3E7,1.0,2.0E9,
7.2E-45,0.0011,3600.0,570.0,860.0,8500000.0,1800.0,5700.0,4100.0,1800.0,5500.0,0.16,8500000.0,8.0E-6,0.11,0.11,0.0,910.0,3.8,0.0057,5.6E-6,2.3E-14,6.9E7,1.0,2.0E9,
7.100000000000001E-45,0.0011,3600.0,570.0,860.0,8400000.0,1800.0,5700.0,4100.0,1800.0,5500.0,0.16,8400000.0,9.4E-6,0.1,0.1,0.0,900.0,3.8,1.1E-4,5.6E-6,1.0E-14,6.5E7,1.0,2.0E9,
7.100000000000001E-45,0.0011,3600.0,570.0,860.0,8299999.999999999,1800.0,5700.0,4100.0,1800.0,5500.0,0.16,8299999.999999999,1.1E-5,0.1,0.1,0.0,890.0,3.7,7.2E-7,5.6E-6,3.7E-15,6.1E7,1.0,2.0E9,
6.9E-45,0.0011,3600.0,570.0,860.0,7999999.999999999,1800.0,5700.0,4100.0,1800.0,5500.0,0.16,8099999.999999999,1.2E-5,0.1,0.1,0.0,890.0,3.6,4.9E-9,5.6E-6,1.3E-15,5.7E7,1.0,2.0E9,
6.7E-45,0.0011,3600.0,570.0,860.0,7799999.999999999,1800.0,5700.0,4100.0,1800.0,5500.0,0.16,7799999.999999999,1.3E-5,0.1,0.1,0.0,890.0,3.5,6.7E-10,5.5E-6,8.9E-16,5.6E7,1.0,2.0E9,
6.5E-45,0.001,3600.0,570.0,860.0,7599999.999999999,1800.0,5700.0,4100.0,1800.0,5500.0,0.16,7599999.999999999,1.4E-5,0.098,0.098,0.0,890.0,3.4,4.6E-12,5.5E-6,3.4E-16,5.4E7,1.0,2.0E9,
6.5E-45,0.001,3600.0,570.0,860.0,7599999.999999999,1800.0,5700.0,4100.0,1800.0,5500.0,0.16,7599999.999999999,1.4E-5,0.098,0.098,0.0,880.0,3.4,1.2E-14,5.5E-6,1.3E-16,5.3E7,1.0,2.0E9,
6.5E-45,0.001,3600.0,570.0,860.0,7599999.999999999,1800.0,5700.0,4100.0,1800.0,5400.0,0.16,7599999.999999999,1.3E-5,0.098,0.098,0.0,860.0,3.4,2.9E-17,5.5E-6,6.7E-17,5.5E7,1.0,2.0E9,
6.5E-45,0.001,3600.0,570.0,860.0,7599999.999999999,1800.0,5700.0,4100.0,1800.0,5400.0,0.16,7599999.999999999,1.1E-5,0.098,0.098,0.0,860.0,3.4,7.4E-20,5.5E-6,4.4E-17,5.8E7,1.0,2.0E9,
6.5E-45,0.001,3600.0,570.0,860.0,7599999.999999999,1800.0,5700.0,4100.0,1800.0,5400.0,0.16,7599999.999999999,9.7E-6,0.098,0.098,0.0,860.0,3.4,2.4E-22,5.5E-6,3.4E-17,6.1E7,1.0,2.0E9,
6.5E-45,0.001,3600.0,570.0,860.0,7599999.999999999,1800.0,5700.0,4100.0,1800.0,5400.0,0.16,7599999.999999999,8.2E-6,0.098,0.098,0.0,850.0,3.4,8.199999999999999E-24,5.5E-6,2.8E-17,6.5E7,1.0,2.0E9,
7.7E-45,0.0056,34000.0,590.0,4900.0,1.0E7,1800.0,5700.0,4100.0,1800.0,5400.0,0.16,1.0E7,5.2E-5,0.092,0.092,0.0,900.0,20.0,6.0,5.7E-6,1.9E-13,6.4E7,1.0,2.0E9,
7.6E-45,0.0055,4200.0,590.0,4900.0,9900000.0,1800.0,5700.0,4100.0,1800.0,5400.0,0.16,1.0E7,5.8E-5,0.091,0.091,0.0,900.0,19.0,0.041,5.7E-6,6.9E-14,6.1E7,1.0,2.0E9,
7.5E-45,0.0054,4200.0,590.0,4900.0,9800000.0,1800.0,5700.0,4100.0,1800.0,5400.0,0.16,9800000.0,6.6E-5,0.09,0.09,0.0,880.0,19.0,7.7E-4,5.7E-6,3.1E-14,5.8E7,1.0,2.0E9,
7.2E-45,0.0053,4200.0,590.0,4900.0,9300000.0,1800.0,5700.0,4100.0,1800.0,5400.0,0.16,9300000.0,7.0E-5,0.087,0.087,0.0,880.0,19.0,3.8E-5,5.6E-6,1.6E-14,5.6E7,1.0,2.0E9,
7.0E-45,0.0051,4200.0,580.0,4900.0,8900000.0,1800.0,5600.0,4100.0,1800.0,5400.0,0.16,8900000.0,7.6E-5,0.085,0.085,0.0,870.0,18.0,7.1E-7,5.6E-6,7.3E-15,5.4E7,1.0,2.0E9,
6.9E-45,0.005,4200.0,580.0,4900.0,8700000.0,1800.0,5600.0,4100.0,1800.0,5400.0,0.16,8700000.0,8.1E-5,0.084,0.084,0.0,850.0,18.0,3.6E-8,5.6E-6,4.0E-15,5.2E7,1.0,2.0E9,
6.8E-45,0.005,4200.0,580.0,4900.0,8400000.0,1800.0,5600.0,4100.0,1800.0,5400.0,0.16,8500000.0,8.6E-5,0.082,0.082,0.0,840.0,17.0,6.6E-10,5.6E-6,1.9E-15,5.1E7,1.0,2.0E9,
6.7E-45,0.0048,4200.0,580.0,4900.0,8099999.999999999,1800.0,5600.0,4100.0,1800.0,5400.0,0.16,8099999.999999999,9.2E-5,0.08,0.08,0.0,840.0,17.0,4.5E-12,5.6E-6,8.4E-16,4.9E7,1.0,2.0E9,
6.6E-45,0.0048,4200.0,580.0,4900.0,7999999.999999999,1800.0,5600.0,4100.0,1800.0,5400.0,0.16,7999999.999999999,9.7E-5,0.08,0.08,0.0,850.0,17.0,8.3E-14,5.6E-6,5.2E-16,4.8E7,1.0,2.0E9,
6.5E-45,0.0047,4200.0,580.0,4900.0,7799999.999999999,1800.0,5600.0,4100.0,1800.0,5400.0,0.16,7799999.999999999,9.9E-5,0.079,0.079,0.0,840.0,17.0,1.1E-14,5.6E-6,4.3E-16,4.7E7,1.0,2.0E9,
6.4E-45,0.0047,4200.0,580.0,4900.0,7599999.999999999,1800.0,5600.0,4100.0,1800.0,5400.0,0.16,7599999.999999999,1.0E-4,0.077,0.077,0.0,840.0,16.0,7.8E-17,5.5E-6,3.4E-16,4.6E7,1.0,2.0E9,
6.4E-45,0.0047,4200.0,580.0,4900.0,7599999.999999999,1800.0,5600.0,4100.0,1800.0,5400.0,0.16,7599999.999999999,1.0E-4,0.077,0.077,0.0,830.0,16.0,2.0E-19,5.5E-6,3.1E-16,4.6E7,1.0,2.0E9,
6.4E-45,0.0047,4200.0,580.0,4900.0,7599999.999999999,1800.0,5600.0,4100.0,1800.0,5400.0,0.16,7599999.999999999,9.0E-5,0.077,0.077,0.0,830.0,16.0,5.0E-22,5.5E-6,2.8E-16,4.9E7,1.0,2.0E9,
6.4E-45,0.0047,4200.0,580.0,4900.0,7599999.999999999,1800.0,5600.0,4100.0,1800.0,5400.0,0.16,7599999.999999999,7.6E-5,0.077,0.077,0.0,820.0,16.0,1.2999999999999998E-24,5.5E-6,2.5E-16,5.2E7,1.0,2.0E9,
6.4E-45,0.0047,4200.0,580.0,4900.0,7599999.999999999,1800.0,5600.0,4100.0,1800.0,5400.0,0.16,7599999.999999999,6.3E-5,0.077,0.077,0.0,820.0,16.0,3.1000000000000002E-27,5.5E-6,2.1E-16,5.5E7,1.0,2.0E9,
6.4E-45,0.0047,4200.0,580.0,4900.0,7599999.999999999,1800.0,5600.0,4100.0,1800.0,5400.0,0.16,7599999.999999999,5.2E-5,0.077,0.077,0.0,820.0,16.0,1.2E-29,5.5E-6,1.7E-16,5.9E7,1.0,2.0E9,
6.4E-45,0.0047,4200.0,580.0,4900.0,7599999.999999999,1800.0,5600.0,4100.0,1800.0,5400.0,0.16,7599999.999999999,4.2E-5,0.077,0.077,0.0,820.0,16.0,6.9E-32,5.5E-6,1.4E-16,6.4E7,1.0,2.0E9,
6.4E-45,0.0047,4200.0,580.0,4900.0,7599999.999999999,1800.0,5600.0,4100.0,1800.0,5400.0,0.16,7599999.999999999,3.5E-5,0.077,0.077,0.0,820.0,16.0,5.1E-34,5.5E-6,1.2E-16,6.8E7,1.0,2.0E9,
6.4E-45,0.0047,4200.0,580.0,4900.0,7599999.999999999,1800.0,5600.0,4100.0,1800.0,5400.0,0.16,7599999.999999999,2.9E-5,0.077,0.077,0.0,810.0,16.0,4.6E-36,5.5E-6,9.7E-17,7.3E7,1.0,2.0E9,
6.4E-45,0.0047,4200.0,580.0,4900.0,7599999.999999999,1800.0,5600.0,4100.0,1800.0,5400.0,0.16,7599999.999999999,3.6E-5,0.077,0.077,0.0,800.0,16.0,1.2E-38,5.5E-6,9.6E-17,6.7E7,1.0,2.0E9,
6.4E-45,0.0047,4200.0,580.0,4900.0,7599999.999999999,1800.0,5600.0,4100.0,1800.0,5400.0,0.16,7599999.999999999,3.9E-5,0.077,0.077,0.0,800.0,16.0,2.9E-41,5.5E-6,1.0E-16,6.6E7,1.0,2.0E9,
6.4E-45,0.0047,4200.0,580.0,4900.0,7599999.999999999,1800.0,5600.0,4100.0,1800.0,5400.0,0.16,7599999.999999999,3.7E-5,0.077,0.077,0.0,790.0,16.0,7.400000000000001E-44,5.5E-6,1.1E-16,6.7E7,1.0,2.0E9,
6.4E-45,0.0047,4200.0,580.0,4900.0,7599999.999999999,1800.0,5600.0,4100.0,1800.0,5400.0,0.16,7599999.999999999,3.4E-5,0.077,0.077,0.0,790.0,16.0,1.9E-46,5.5E-6,1.0E-16,6.9E7,1.0,2.0E9,
6.4E-45,0.0047,4200.0,580.0,4900.0,7599999.999999999,1800.0,5600.0,4100.0,1800.0,5400.0,0.16,7599999.999999999,3.0E-5,0.077,0.077,0.0,790.0,16.0,2.0000000000000003E-48,5.5E-6,9.2E-17,7.2E7,1.0,2.0E9,
6.4E-45,0.0047,4200.0,580.0,4900.0,7599999.999999999,1800.0,5600.0,4100.0,1800.0,5400.0,0.16,7599999.999999999,2.6E-5,0.077,0.077,0.0,790.0,16.0,5.6999999999999996E-49,5.5E-6,8.2E-17,7.6E7,1.0,2.0E9,
6.4E-45,0.0047,4200.0,580.0,4900.0,7599999.999999999,1800.0,5600.0,4100.0,1800.0,5400.0,0.16,7599999.999999999,2.2E-5,0.077,0.077,0.0,780.0,16.0,1.5999999999999998E-49,5.5E-6,7.1E-17,8.0E7,1.0,2.0E9,
6.4E-45,0.0047,4200.0,580.0,4900.0,7599999.999999999,1800.0,5600.0,4100.0,1800.0,5400.0,0.16,7599999.999999999,1.9E-5,0.077,0.077,0.0,780.0,16.0,0.0,5.5E-6,6.2E-17,8.5E7,1.0,2.0E9,
6.4E-45,0.0047,4200.0,580.0,4900.0,7599999.999999999,1800.0,5600.0,4100.0,1800.0,5400.0,0.16,7599999.999999999,2.2E-5,0.077,0.077,0.0,780.0,16.0,2.8E-51,5.5E-6,5.8E-17,8.0E7,1.0,2.0E9,
6.4E-45,0.0047,4200.0,580.0,4900.0,7599999.999999999,1800.0,5600.0,4100.0,1800.0,5400.0,0.16,7599999.999999999,2.6E-5,0.077,0.077,0.0,780.0,16.0,7.2E-54,5.5E-6,6.7E-17,7.6E7,1.0,2.0E9,
6.4E-45,0.0047,4200.0,580.0,4900.0,7599999.999999999,1800.0,5600.0,4100.0,1800.0,5400.0,0.16,7599999.999999999,2.7E-5,0.077,0.077,0.0,770.0,16.0,1.8E-56,5.5E-6,7.3E-17,7.5E7,1.0,2.0E9,
6.4E-45,0.0047,4200.0,580.0,4900.0,7599999.999999999,1800.0,5600.0,4100.0,1800.0,5400.0,0.16,7599999.999999999,2.6E-5,0.077,0.077,0.0,770.0,16.0,4.6000000000000005E-59,5.5E-6,7.4E-17,7.6E7,1.0,2.0E9,
6.4E-45,0.0047,4200.0,580.0,4900.0,7599999.999999999,1800.0,5600.0,4100.0,1800.0,5400.0,0.16,7599999.999999999,2.4E-5,0.077,0.077,0.0,770.0,16.0,1.6E-61,5.5E-6,7.1E-17,7.9E7,1.0,2.0E9,
6.4E-45,0.0047,4200.0,580.0,4900.0,7599999.999999999,1800.0,5600.0,4100.0,1800.0,5400.0,0.16,7599999.999999999,2.1E-5,0.077,0.077,0.0,770.0,16.0,3.6E-62,5.5E-6,6.5E-17,8.2E7,1.0,2.0E9,
6.4E-45,0.0047,4200.0,580.0,4900.0,7599999.999999999,1800.0,5600.0,4100.0,1800.0,5400.0,0.16,7599999.999999999,1.9E-5,0.077,0.077,0.0,770.0,16.0,2.3E-63,5.5E-6,5.8E-17,8.6E7,1.0,2.0E9,
6.4E-45,0.0047,4200.0,580.0,4900.0,7599999.999999999,1800.0,5600.0,4100.0,1800.0,5400.0,0.16,7599999.999999999,1.6E-5,0.077,0.077,0.0,760.0,16.0,0.0,5.5E-6,5.1E-17,9.0E7,1.0,2.0E9,
6.4E-45,0.0047,4200.0,580.0,4900.0,7599999.999999999,1800.0,5600.0,4100.0,1800.0,5400.0,0.16,7599999.999999999,1.7E-5,0.077,0.077,0.0,760.0,16.0,0.0,5.6E-6,4.6E-17,8.9E7,1.0,2.0E9,
6.4E-45,0.0047,4200.0,580.0,4900.0,7599999.999999999,1800.0,5600.0,4100.0,1800.0,5400.0,0.16,7599999.999999999,2.1E-5,0.077,0.077,0.0,760.0,16.0,0.0,5.6E-6,5.2E-17,8.2E7,1.0,2.0E9,
6.4E-45,0.0047,4200.0,580.0,4900.0,7599999.999999999,1800.0,5600.0,4100.0,1800.0,5400.0,0.16,7599999.999999999,2.3E-5,0.077,0.077,0.0,750.0,16.0,0.0,5.5E-6,6.0E-17,7.9E7,1.0,2.0E9,
5.5E-44,0.013,22000.0,82000.0,6700.0,9700000.0,6300.0,5600.0,4100.0,1800.0,1100.0,0.16,9800000.0,2.6E-5,0.076,0.076,0.0,920.0,15.0,11.0,5.7E-6,1.2E-12,7.6E7,1.0,2.0E9,
5.5E-44,0.013,4100.0,82000.0,6700.0,9600000.0,6200.0,5600.0,4100.0,1800.0,1100.0,0.16,9800000.0,3.2E-5,0.076,0.076,0.0,910.0,15.0,0.08,5.7E-6,4.5E-13,7.0E7,1.0,2.0E9,
1.1E-44,0.0028,4100.0,4300.0,6700.0,9600000.0,6200.0,5600.0,4100.0,1800.0,1100.0,0.16,9700000.0,3.7E-5,0.046,0.046,0.0,900.0,15.0,5.7E-4,5.7E-6,3.5E-14,6.6E7,1.0,2.0E9,
1.1E-44,0.0028,4100.0,4300.0,6600.0,9400000.0,6200.0,5600.0,4100.0,1800.0,1100.0,0.16,9400000.0,4.1E-5,0.045,0.045,0.0,900.0,15.0,2.9E-5,5.7E-6,1.9E-14,6.3E7,1.0,2.0E9,
1.1E-44,0.0027,4100.0,4300.0,6600.0,9100000.0,6200.0,5600.0,4100.0,1800.0,1100.0,0.16,9200000.0,4.8E-5,0.044,0.044,0.0,890.0,15.0,2.0E-7,5.7E-6,6.9E-15,6.0E7,1.0,2.0E9,
1.1E-44,0.0027,4100.0,4300.0,6600.0,8500000.0,6200.0,5600.0,4100.0,1800.0,1100.0,0.16,8500000.0,4.8E-5,0.041,0.041,0.0,890.0,14.0,7.2E-8,5.7E-6,5.5E-15,5.9E7,1.0,2.0E9,
1.0000000000000001E-44,0.0026,4100.0,4300.0,6600.0,7899999.999999999,6200.0,5600.0,4100.0,1700.0,1100.0,0.16,7899999.999999999,5.1E-5,0.039,0.039,0.0,890.0,14.0,3.6E-9,5.7E-6,3.0E-15,5.6E7,1.0,2.0E9,
1.0000000000000001E-44,0.0025,4100.0,4300.0,6600.0,7699999.999999999,6200.0,5600.0,4100.0,1700.0,1100.0,0.16,7699999.999999999,5.6E-5,0.038,0.038,0.0,890.0,14.0,2.5E-11,5.6E-6,1.2E-15,5.4E7,1.0,2.0E9,
1.0000000000000001E-44,0.0025,4100.0,4300.0,6600.0,7599999.999999999,6200.0,5600.0,4100.0,1700.0,1100.0,0.16,7599999.999999999,6.2E-5,0.038,0.038,0.0,890.0,13.0,1.7E-13,5.6E-6,5.4E-16,5.2E7,1.0,2.0E9,
1.0000000000000001E-44,0.0025,4100.0,4300.0,6600.0,7599999.999999999,6200.0,5600.0,4100.0,1700.0,1100.0,0.16,7599999.999999999,6.1E-5,0.038,0.038,0.0,880.0,13.0,4.3E-16,5.6E-6,2.9E-16,5.2E7,1.0,2.0E9,
1.0000000000000001E-44,0.0025,4100.0,4300.0,6600.0,7599999.999999999,6200.0,5600.0,4100.0,1700.0,1100.0,0.16,7599999.999999999,5.6E-5,0.038,0.038,0.0,860.0,13.0,1.1E-18,5.6E-6,2.0E-16,5.4E7,1.0,2.0E9,
1.0000000000000001E-44,0.0025,4100.0,4300.0,6600.0,7599999.999999999,6200.0,5600.0,4100.0,1700.0,1100.0,0.16,7599999.999999999,4.8E-5,0.038,0.038,0.0,860.0,13.0,2.8E-21,5.6E-6,1.6E-16,5.7E7,1.0,2.0E9,
1.0000000000000001E-44,0.0025,4100.0,4300.0,6600.0,7599999.999999999,6200.0,5600.0,4100.0,1700.0,1100.0,0.16,7599999.999999999,4.1E-5,0.038,0.038,0.0,850.0,13.0,6.6E-24,5.6E-6,1.4E-16,6.1E7,1.0,2.0E9,
1.0000000000000001E-44,0.0025,4100.0,4300.0,6600.0,7599999.999999999,6200.0,5600.0,4100.0,1700.0,1100.0,0.16,7599999.999999999,3.4E-5,0.038,0.038,0.0,840.0,13.0,9.5E-26,5.6E-6,1.1E-16,6.5E7,1.0,2.0E9,
1.0000000000000001E-44,0.0025,4100.0,4300.0,6600.0,7599999.999999999,6200.0,5600.0,4100.0,1700.0,1100.0,0.16,7599999.999999999,2.8E-5,0.038,0.038,0.0,830.0,13.0,8.800000000000001E-27,5.6E-6,9.5E-17,6.9E7,1.0,2.0E9,
1.0000000000000001E-44,0.0025,4100.0,4300.0,6600.0,7599999.999999999,6200.0,5600.0,4100.0,1700.0,1100.0,0.16,7599999.999999999,2.4E-5,0.038,0.038,0.0,820.0,13.0,2.5E-28,5.6E-6,7.9E-17,7.4E7,1.0,2.0E9,
1.0000000000000001E-44,0.0025,4100.0,4300.0,6600.0,7599999.999999999,6200.0,5600.0,4100.0,1700.0,1100.0,0.16,7599999.999999999,2.3E-5,0.038,0.038,0.0,820.0,13.0,6.9E-30,5.6E-6,6.8E-17,7.4E7,1.0,2.0E9,
1.0000000000000001E-44,0.0025,4100.0,4300.0,6600.0,7599999.999999999,6200.0,5600.0,4100.0,1700.0,1100.0,0.16,7599999.999999999,2.8E-5,0.038,0.038,0.0,810.0,13.0,1.8E-32,5.6E-6,7.3E-17,7.0E7,1.0,2.0E9,
1.0000000000000001E-44,0.0025,4100.0,4300.0,6600.0,7599999.999999999,6200.0,5600.0,4100.0,1700.0,1100.0,0.16,7599999.999999999,2.9E-5,0.038,0.038,0.0,810.0,13.0,4.4999999999999996E-35,5.6E-6,7.9E-17,6.9E7,1.0,2.0E9,
1.0000000000000001E-44,0.0025,4100.0,4300.0,6600.0,7599999.999999999,6200.0,5600.0,4100.0,1700.0,1100.0,0.16,7599999.999999999,2.8E-5,0.038,0.038,0.0,810.0,13.0,1.1E-37,5.6E-6,8.0E-17,7.0E7,1.0,2.0E9,
1.0000000000000001E-44,0.0025,4100.0,4300.0,6600.0,7599999.999999999,6200.0,5600.0,4100.0,1700.0,1100.0,0.16,7599999.999999999,2.5E-5,0.038,0.038,0.0,810.0,13.0,3.1E-40,5.6E-6,7.6E-17,7.2E7,1.0,2.0E9,
1.0000000000000001E-44,0.0025,4100.0,4300.0,6600.0,7599999.999999999,6200.0,5600.0,4100.0,1700.0,1100.0,0.16,7599999.999999999,2.2E-5,0.038,0.038,0.0,810.0,13.0,6.499999999999999E-43,5.6E-6,6.9E-17,7.6E7,1.0,2.0E9,
1.0000000000000001E-44,0.0025,4100.0,4300.0,6600.0,7599999.999999999,6200.0,5600.0,4100.0,1700.0,1100.0,0.16,7599999.999999999,1.9E-5,0.038,0.038,0.0,810.0,13.0,0.0,5.6E-6,6.1E-17,8.0E7,1.0,2.0E9,
1.0000000000000001E-44,0.0025,4100.0,4300.0,6600.0,7599999.999999999,6200.0,5600.0,4100.0,1700.0,1100.0,0.16,7599999.999999999,1.7E-5,0.038,0.038,0.0,810.0,13.0,0.0,5.6E-6,5.3E-17,8.4E7,1.0,2.0E9,
1.0000000000000001E-44,0.0025,4100.0,4300.0,6600.0,7599999.999999999,6200.0,5600.0,4100.0,1700.0,1100.0,0.16,7599999.999999999,1.4E-5,0.038,0.038,0.0,810.0,13.0,1.8E-42,5.6E-6,4.6E-17,8.8E7,1.0,2.0E9,
1.0000000000000001E-44,0.0025,4100.0,4300.0,6600.0,7599999.999999999,6200.0,5600.0,4100.0,1700.0,1100.0,0.16,7599999.999999999,1.9E-5,0.038,0.038,0.0,810.0,13.0,4.6E-45,5.6E-6,4.8E-17,8.0E7,1.0,2.0E9,
1.0000000000000001E-44,0.0025,4100.0,4300.0,6600.0,7599999.999999999,6200.0,5600.0,4100.0,1700.0,1100.0,0.16,7599999.999999999,2.1E-5,0.038,0.038,0.0,810.0,13.0,1.2E-47,5.6E-6,5.5E-17,7.7E7,1.0,2.0E9,
1.0000000000000001E-44,0.0025,4100.0,4300.0,6600.0,7599999.999999999,6200.0,5600.0,4100.0,1700.0,1100.0,0.16,7599999.999999999,2.1E-5,0.038,0.038,0.0,810.0,13.0,3.0E-50,5.6E-6,5.9E-17,7.6E7,1.0,2.0E9,
1.0000000000000001E-44,0.0025,4100.0,4300.0,6600.0,7599999.999999999,6200.0,5600.0,4100.0,1700.0,1100.0,0.16,7599999.999999999,2.0E-5,0.038,0.038,0.0,800.0,13.0,7.699999999999999E-53,5.6E-6,5.9E-17,7.8E7,1.0,2.0E9,
1.0000000000000001E-44,0.0025,4100.0,4300.0,6600.0,7599999.999999999,6200.0,5600.0,4100.0,1700.0,1100.0,0.16,7599999.999999999,1.8E-5,0.038,0.038,0.0,800.0,13.0,8.0E-55,5.6E-6,5.6E-17,8.1E7,1.0,2.0E9,
1.0000000000000001E-44,0.0025,4100.0,4300.0,6600.0,7599999.999999999,6200.0,5600.0,4100.0,1700.0,1100.0,0.16,7599999.999999999,1.6E-5,0.038,0.038,0.0,790.0,13.0,2.2999999999999998E-55,5.6E-6,5.1E-17,8.5E7,1.0,2.0E9,
1.0000000000000001E-44,0.0025,4100.0,4300.0,6600.0,7599999.999999999,6200.0,5600.0,4100.0,1700.0,1100.0,0.16,7599999.999999999,1.4E-5,0.038,0.038,0.0,790.0,13.0,6.6E-56,5.6E-6,4.5E-17,8.9E7,1.0,2.0E9,
1.0000000000000001E-44,0.0025,4100.0,4300.0,6600.0,7599999.999999999,6200.0,5600.0,4100.0,1700.0,1100.0,0.16,7599999.999999999,1.3E-5,0.038,0.038,0.0,790.0,13.0,0.0,5.6E-6,4.0E-17,9.3E7,1.0,2.0E9,
1.0000000000000001E-44,0.0025,4100.0,4300.0,6600.0,7599999.999999999,6200.0,5600.0,4100.0,1700.0,1100.0,0.16,7599999.999999999,1.5E-5,0.038,0.038,0.0,790.0,13.0,0.0,5.6E-6,3.8E-17,8.7E7,1.0,2.0E9,
1.0000000000000001E-44,0.0025,4100.0,4300.0,6600.0,7599999.999999999,6200.0,5600.0,4100.0,1700.0,1100.0,0.16,7599999.999999999,1.8E-5,0.038,0.038,0.0,780.0,13.0,0.0,5.6E-6,4.5E-17,8.2E7,1.0,2.0E9,
1.0000000000000001E-44,0.0025,4100.0,4300.0,6600.0,7599999.999999999,6200.0,5600.0,4100.0,1700.0,1100.0,0.16,7599999.999999999,1.9E-5,0.038,0.038,0.0,780.0,13.0,0.0,5.6E-6,5.0E-17,8.0E7,1.0,2.0E9,
1.0000000000000001E-44,0.0025,4100.0,4300.0,6600.0,7599999.999999999,6200.0,5600.0,4100.0,1700.0,1100.0,0.16,7599999.999999999,1.8E-5,0.038,0.038,0.0,780.0,13.0,0.0,5.6E-6,5.2E-17,8.1E7,1.0,2.0E9,
1.0000000000000001E-44,0.0025,4100.0,4300.0,6600.0,7599999.999999999,6200.0,5600.0,4100.0,1700.0,1100.0,0.16,7599999.999999999,1.7E-5,0.038,0.038,0.0,760.0,13.0,0.0,5.6E-6,5.1E-17,8.3E7,1.0,2.0E9,
1.0000000000000001E-44,0.0025,4100.0,4300.0,6600.0,7599999.999999999,6200.0,5600.0,4100.0,1700.0,1100.0,0.16,7599999.999999999,1.5E-5,0.038,0.038,0.0,760.0,13.0,0.0,5.6E-6,4.7E-17,8.6E7,1.0,2.0E9,
1.0000000000000001E-44,0.0025,4100.0,4300.0,6600.0,7599999.999999999,6200.0,5600.0,4100.0,1700.0,1100.0,0.16,7599999.999999999,1.4E-5,0.038,0.038,0.0,750.0,13.0,0.0,5.6E-6,4.2E-17,9.0E7,1.0,2.0E9,
1.0000000000000001E-44,0.0025,4100.0,4300.0,6600.0,7599999.999999999,6200.0,5600.0,4100.0,1700.0,1100.0,0.16,7599999.999999999,1.2E-5,0.038,0.038,0.0,750.0,13.0,0.0,5.6E-6,3.8E-17,9.4E7,1.0,2.0E9,
1.0000000000000001E-44,0.0025,4100.0,4300.0,6600.0,7599999.999999999,6200.0,5600.0,4100.0,1700.0,1100.0,0.16,7599999.999999999,1.2E-5,0.038,0.038,0.0,750.0,13.0,0.0,5.6E-6,3.4E-17,9.3E7,1.0,2.0E9,
1.0000000000000001E-44,0.0025,4100.0,4300.0,6600.0,7599999.999999999,6200.0,5600.0,4100.0,1700.0,1100.0,0.16,7599999.999999999,1.6E-5,0.038,0.038,0.0,740.0,13.0,0.0,5.6E-6,3.9E-17,8.5E7,1.0,2.0E9,
1.0000000000000001E-44,0.0025,4100.0,4300.0,6600.0,7599999.999999999,6200.0,5600.0,4100.0,1700.0,1100.0,0.16,7599999.999999999,1.7E-5,0.038,0.038,0.0,730.0,13.0,0.0,5.6E-6,4.5E-17,8.2E7,1.0,2.0E9,
1.0000000000000001E-44,0.0025,4100.0,4300.0,6600.0,7599999.999999999,6200.0,5600.0,4100.0,1700.0,1100.0,0.16,7599999.999999999,1.7E-5,0.038,0.038,0.0,730.0,13.0,0.0,5.6E-6,4.9E-17,8.2E7,1.0,2.0E9,
1.0000000000000001E-44,0.0025,4100.0,4300.0,6600.0,7599999.999999999,6200.0,5600.0,4100.0,1700.0,1100.0,0.16,7599999.999999999,1.6E-5,0.038,0.038,0.0,730.0,13.0,0.0,5.6E-6,4.8E-17,8.4E7,1.0,2.0E9,
1.0000000000000001E-44,0.0025,4100.0,4300.0,6600.0,7599999.999999999,6200.0,5600.0,4100.0,1700.0,1100.0,0.16,7599999.999999999,1.5E-5,0.038,0.038,0.0,710.0,13.0,0.0,5.6E-6,4.6E-17,8.7E7,1.0,2.0E9,
1.0000000000000001E-44,0.0025,4100.0,4300.0,6600.0,7599999.999999999,6200.0,5600.0,4100.0,1700.0,1100.0,0.16,7599999.999999999,1.3E-5,0.038,0.038,0.0,690.0,13.0,0.0,5.6E-6,4.2E-17,9.0E7,1.0,2.0E9,
1.0000000000000001E-44,0.0025,4100.0,4300.0,6600.0,7599999.999999999,6200.0,5600.0,4100.0,1700.0,1100.0,0.16,7599999.999999999,1.2E-5,0.038,0.038,0.0,680.0,13.0,0.0,5.6E-6,3.7E-17,9.5E7,1.0,2.0E9,
1.0000000000000001E-44,0.0025,4100.0,4300.0,6600.0,7599999.999999999,6200.0,5600.0,4100.0,1700.0,1100.0,0.16,7599999.999999999,1.0E-5,0.038,0.038,0.0,670.0,13.0,0.0,5.6E-6,3.3E-17,9.9E7,1.0,2.0E9,
1.0000000000000001E-44,0.0025,4100.0,4300.0,6600.0,7599999.999999999,6200.0,5600.0,4100.0,1700.0,1100.0,0.16,7599999.999999999,1.5E-5,0.038,0.038,0.0,660.0,13.0,0.0,5.6E-6,3.7E-17,8.7E7,1.0,2.0E9,
1.0000000000000001E-44,0.0025,4100.0,4300.0,6600.0,7599999.999999999,6200.0,5600.0,4100.0,1700.0,1100.0,0.16,7599999.999999999,1.7E-5,0.038,0.038,0.0,660.0,13.0,0.0,5.6E-6,4.2E-17,8.4E7,1.0,2.0E9,
1.0000000000000001E-44,0.0025,4100.0,4300.0,6600.0,7599999.999999999,6200.0,5600.0,4100.0,1700.0,1100.0,0.16,7599999.999999999,1.7E-5,0.038,0.038,0.0,660.0,13.0,0.0,5.6E-6,4.7E-17,8.3E7,1.0,2.0E9,
1.0000000000000001E-44,0.0025,4100.0,4300.0,6600.0,7599999.999999999,6200.0,5600.0,4100.0,1700.0,1100.0,0.16,7599999.999999999,1.6E-5,0.038,0.038,0.0,660.0,13.0,0.0,5.6E-6,4.7E-17,8.5E7,1.0,2.0E9,
1.0000000000000001E-44,0.0025,4100.0,4300.0,6600.0,7599999.999999999,6200.0,5600.0,4100.0,1700.0,1100.0,0.16,7599999.999999999,1.5E-5,0.038,0.038,0.0,660.0,13.0,0.0,5.6E-6,4.5E-17,8.7E7,1.0,2.0E9,
1.0000000000000001E-44,0.0025,4100.0,4300.0,6600.0,7599999.999999999,6200.0,5600.0,4100.0,1700.0,1100.0,0.16,7599999.999999999,1.3E-5,0.038,0.038,0.0,660.0,13.0,0.0,5.6E-6,4.1E-17,9.1E7,1.0,2.0E9,
1.0000000000000001E-44,0.0025,4100.0,4300.0,6600.0,7599999.999999999,6200.0,5600.0,4100.0,1700.0,1100.0,0.16,7599999.999999999,1.2E-5,0.038,0.038,0.0,660.0,13.0,0.0,5.6E-6,3.7E-17,9.5E7,1.0,2.0E9,
1.0000000000000001E-44,0.0025,4100.0,4300.0,6600.0,7599999.999999999,6200.0,5600.0,4100.0,1700.0,1100.0,0.16,7599999.999999999,1.0E-5,0.038,0.038,0.0,660.0,13.0,0.0,5.6E-6,3.3E-17,9.9E7,1.0,2.0E9,
1.0000000000000001E-44,0.0025,4100.0,4300.0,6600.0,7599999.999999999,6200.0,5600.0,4100.0,1700.0,1100.0,0.16,7599999.999999999,1.3E-5,0.038,0.038,0.0,650.0,13.0,0.0,5.6E-6,3.3E-17,9.2E7,1.0,2.0E9,
1.0000000000000001E-44,0.0025,4100.0,4300.0,6600.0,7599999.999999999,6200.0,5600.0,4100.0,1700.0,1100.0,0.16,7599999.999999999,1.6E-5,0.038,0.038,0.0,650.0,13.0,0.0,5.6E-6,4.0E-17,8.5E7,1.0,2.0E9,
1.0000000000000001E-44,0.0025,4100.0,4300.0,6600.0,7599999.999999999,6200.0,5600.0,4100.0,1700.0,1100.0,0.16,7599999.999999999,1.7E-5,0.038,0.038,0.0,640.0,13.0,0.0,5.6E-6,4.5E-17,8.3E7,1.0,2.0E9,
1.0000000000000001E-44,0.0025,4100.0,4300.0,6600.0,7599999.999999999,6200.0,5600.0,4100.0,1700.0,1100.0,0.16,7599999.999999999,1.6E-5,0.038,0.038,0.0,640.0,13.0,0.0,5.6E-6,4.7E-17,8.4E7,1.0,2.0E9,
1.0000000000000001E-44,0.0025,4100.0,4300.0,6600.0,7599999.999999999,6200.0,5600.0,4100.0,1700.0,1100.0,0.16,7599999.999999999,1.5E-5,0.038,0.038,0.0,640.0,13.0,0.0,5.6E-6,4.5E-17,8.7E7,1.0,2.0E9,
1.0000000000000001E-44,0.0025,4100.0,4300.0,6600.0,7599999.999999999,6200.0,5600.0,4100.0,1700.0,1100.0,0.16,7599999.999999999,1.4E-5,0.038,0.038,0.0,630.0,13.0,0.0,5.6E-6,4.2E-17,9.0E7,1.0,2.0E9,
1.0000000000000001E-44,0.0025,4100.0,4300.0,6600.0,7599999.999999999,6200.0,5600.0,4100.0,1700.0,1100.0,0.16,7599999.999999999,1.2E-5,0.038,0.038,0.0,630.0,13.0,0.0,5.6E-6,3.9E-17,9.3E7,1.0,2.0E9,
1.0000000000000001E-44,0.0025,4100.0,4300.0,6600.0,7599999.999999999,6200.0,5600.0,4100.0,1700.0,1100.0,0.16,7599999.999999999,1.1E-5,0.038,0.038,0.0,630.0,13.0,0.0,5.6E-6,3.4E-17,9.8E7,1.0,2.0E9,
1.0000000000000001E-44,0.0025,4100.0,4300.0,6600.0,7599999.999999999,6200.0,5600.0,4100.0,1700.0,1100.0,0.16,7599999.999999999,1.2E-5,0.038,0.038,0.0,620.0,13.0,0.0,5.6E-6,3.2E-17,9.4E7,1.0,2.0E9,
1.0000000000000001E-44,0.0025,4100.0,4300.0,6600.0,7599999.999999999,6200.0,5600.0,4100.0,1700.0,1100.0,0.16,7599999.999999999,1.5E-5,0.038,0.038,0.0,620.0,13.0,0.0,5.6E-6,3.8E-17,8.7E7,1.0,2.0E9,
1.0000000000000001E-44,0.0025,4100.0,4300.0,6600.0,7599999.999999999,6200.0,5600.0,4100.0,1700.0,1100.0,0.16,7599999.999999999,1.7E-5,0.038,0.038,0.0,620.0,13.0,0.0,5.6E-6,4.3E-17,8.4E7,1.0,2.0E9,
1.0000000000000001E-44,0.0025,4100.0,4300.0,6600.0,7599999.999999999,6200.0,5600.0,4100.0,1700.0,1100.0,0.16,7599999.999999999,1.7E-5,0.038,0.038,0.0,610.0,13.0,0.0,5.6E-6,4.6E-17,8.4E7,1.0,2.0E9,
1.0000000000000001E-44,0.0025,4100.0,4300.0,6600.0,7599999.999999999,6200.0,5600.0,4100.0,1700.0,1100.0,0.16,7599999.999999999,1.5E-5,0.038,0.038,0.0,610.0,13.0,0.0,5.6E-6,4.6E-17,8.6E7,1.0,2.0E9,
1.0000000000000001E-44,0.0025,4100.0,4300.0,6600.0,7599999.999999999,6200.0,5600.0,4100.0,1700.0,1100.0,0.16,7599999.999999999,1.4E-5,0.038,0.038,0.0,610.0,13.0,0.0,5.6E-6,4.3E-17,8.9E7,1.0,2.0E9,
1.0000000000000001E-44,0.0025,4100.0,4300.0,6600.0,7599999.999999999,6200.0,5600.0,4100.0,1700.0,1100.0,0.16,7599999.999999999,1.3E-5,0.038,0.038,0.0,590.0,13.0,0.0,5.6E-6,4.0E-17,9.2E7,1.0,2.0E9,
1.0000000000000001E-44,0.0025,4100.0,4300.0,6600.0,7599999.999999999,6200.0,5600.0,4100.0,1700.0,1100.0,0.16,7599999.999999999,1.1E-5,0.038,0.038,0.0,590.0,13.0,0.0,5.6E-6,3.5E-17,9.7E7,1.0,2.0E9,
1.0000000000000001E-44,0.0025,4100.0,4300.0,6600.0,7599999.999999999,6200.0,5600.0,4100.0,1700.0,1100.0,0.16,7599999.999999999,1.1E-5,0.038,0.038,0.0,580.0,13.0,0.0,5.6E-6,3.1E-17,9.8E7,1.0,2.0E9,
1.0000000000000001E-44,0.0025,4100.0,4300.0,6600.0,7599999.999999999,6200.0,5600.0,4100.0,1700.0,1100.0,0.16,7599999.999999999,1.4E-5,0.038,0.038,0.0,580.0,13.0,0.0,5.6E-6,3.5E-17,8.9E7,1.0,2.0E9,
1.0000000000000001E-44,0.0025,4100.0,4300.0,6600.0,7599999.999999999,6200.0,5600.0,4100.0,1700.0,1100.0,0.16,7599999.999999999,1.7E-5,0.038,0.038,0.0,580.0,13.0,0.0,5.6E-6,4.1E-17,8.3E7,1.0,2.0E9,
1.7E-44,0.0077,43000.0,58000.0,26000.0,9300000.0,14000.0,5600.0,2300.0,1700.0,5400.0,0.16,9500000.0,2.8E-5,0.054,0.054,0.0,830.0,18.0,2.2,5.9E-6,1.3E-13,7.7E7,1.0,2.0E9,
2.3E-45,0.0011,3200.0,670.0,3100.0,9200000.0,6500.0,5600.0,2300.0,1700.0,5400.0,0.16,9200000.0,1.1E-5,0.035,0.035,0.0,820.0,6.2,0.11,5.9E-6,1.0E-14,7.3E7,1.0,2.0E9,
2.2E-45,0.001,3200.0,670.0,3100.0,8800000.0,6500.0,5600.0,2300.0,1700.0,5400.0,0.16,8900000.0,1.3E-5,0.034,0.034,0.0,820.0,6.0,0.0021,5.9E-6,4.5E-15,6.8E7,1.0,2.0E9,
2.2E-45,0.001,3200.0,670.0,3100.0,8600000.0,6500.0,5600.0,2300.0,1700.0,5400.0,0.16,8600000.0,1.5E-5,0.033,0.033,0.0,820.0,5.9,1.1E-4,5.9E-6,2.4E-15,6.5E7,1.0,2.0E9,
2.2E-45,0.001,3200.0,670.0,3100.0,8400000.0,6500.0,5600.0,2300.0,1700.0,5400.0,0.16,8400000.0,1.7E-5,0.033,0.033,0.0,810.0,5.8,2.0E-6,5.9E-6,1.1E-15,6.2E7,1.0,2.0E9,
2.1E-45,0.0011,770.0,600.0,1800.0,9300000.0,6500.0,6900.0,3900.0,3700.0,2000.0,0.16,9300000.0,8.0E-6,0.025,0.025,0.0,830.0,4.0,17.0,5.9E-6,5.9E-14,5.9E7,1.0,2.0E9,
2.0E-45,0.001,770.0,600.0,1800.0,8600000.0,6500.0,6900.0,3900.0,3700.0,2000.0,0.16,8600000.0,1.3E-5,0.024,0.024,0.0,830.0,3.8,2.3,5.9E-6,3.8E-14,5.8E7,1.0,2.0E9,
2.0E-45,9.8E-4,770.0,600.0,1800.0,8400000.0,6500.0,6800.0,3900.0,3700.0,2000.0,0.16,8400000.0,1.4E-5,0.023,0.023,0.0,840.0,3.7,0.12,5.9E-6,2.0E-14,5.6E7,1.0,2.0E9,
1.9E-45,9.5E-4,770.0,600.0,1800.0,8099999.999999999,6500.0,6800.0,3900.0,3700.0,2000.0,0.15,8099999.999999999,1.5E-5,0.022,0.022,0.0,820.0,3.6,0.0058,5.9E-6,1.1E-14,5.4E7,1.0,2.0E9,
1.9E-45,9.4E-4,770.0,600.0,1800.0,7999999.999999999,6500.0,6800.0,3900.0,3700.0,2000.0,0.15,7999999.999999999,1.6E-5,0.022,0.022,0.0,820.0,3.5,1.1E-4,5.9E-6,4.8E-15,5.2E7,1.0,2.0E9,
1.9E-45,9.3E-4,770.0,600.0,1800.0,7899999.999999999,6500.0,6800.0,3900.0,3700.0,2000.0,0.15,7899999.999999999,1.8E-5,0.022,0.022,0.0,810.0,3.5,7.4E-7,5.8E-6,1.8E-15,5.0E7,1.0,2.0E9,
1.8E-45,9.1E-4,770.0,600.0,1800.0,7599999.999999999,6500.0,6800.0,3900.0,3700.0,2000.0,0.15,7599999.999999999,1.9E-5,0.021,0.021,0.0,800.0,3.4,1.4E-8,5.8E-6,8.1E-16,4.9E7,1.0,2.0E9,
1.8E-45,9.1E-4,770.0,600.0,1800.0,7599999.999999999,6500.0,6800.0,3900.0,3700.0,2000.0,0.15,7599999.999999999,2.0E-5,0.021,0.021,0.0,800.0,3.4,3.5E-11,5.8E-6,2.9E-16,4.8E7,1.0,2.0E9,
1.8E-45,9.1E-4,770.0,600.0,1800.0,7599999.999999999,6500.0,6800.0,3900.0,3700.0,2000.0,0.15,7599999.999999999,1.8E-5,0.021,0.021,0.0,800.0,3.4,8.7E-14,5.8E-6,1.3E-16,4.9E7,1.0,2.0E9,
1.8E-45,9.1E-4,770.0,600.0,1800.0,7599999.999999999,6500.0,6800.0,3900.0,3700.0,2000.0,0.15,7599999.999999999,1.6E-5,0.021,0.021,0.0,790.0,3.4,2.2E-16,5.8E-6,7.3E-17,5.2E7,1.0,2.0E9,
1.8E-45,9.1E-4,770.0,600.0,1800.0,7599999.999999999,6500.0,6800.0,3900.0,3700.0,2000.0,0.15,7599999.999999999,1.3E-5,0.021,0.021,0.0,780.0,3.4,5.7E-19,5.8E-6,5.1E-17,5.5E7,1.0,2.0E9,
1.8E-45,9.1E-4,770.0,600.0,1800.0,7599999.999999999,6500.0,6800.0,3900.0,3700.0,2000.0,0.15,7599999.999999999,1.1E-5,0.021,0.021,0.0,780.0,3.4,2.2E-21,5.8E-6,4.0E-17,5.9E7,1.0,2.0E9,
1.8E-45,9.1E-4,770.0,600.0,1800.0,7599999.999999999,6500.0,6800.0,3900.0,3700.0,2000.0,0.15,7599999.999999999,9.1E-6,0.021,0.021,0.0,770.0,3.4,6.8E-23,5.8E-6,3.2E-17,6.4E7,1.0,2.0E9,
1.8E-45,9.1E-4,770.0,600.0,1800.0,7599999.999999999,6500.0,6800.0,3900.0,3700.0,2000.0,0.15,7599999.999999999,7.5E-6,0.021,0.021,0.0,770.0,3.4,0.0,5.8E-6,2.6E-17,6.8E7,1.0,2.0E9,
1.8E-45,9.1E-4,770.0,600.0,1800.0,7599999.999999999,6500.0,6800.0,3900.0,3700.0,2000.0,0.15,7599999.999999999,6.3E-6,0.021,0.021,0.0,770.0,3.4,0.0,5.8E-6,2.2E-17,7.3E7,1.0,2.0E9,
1.8E-45,9.1E-4,770.0,600.0,1800.0,7599999.999999999,6500.0,6800.0,3900.0,3700.0,2000.0,0.15,7599999.999999999,7.0E-6,0.021,0.021,0.0,770.0,3.4,6.6E-25,5.8E-6,2.0E-17,7.0E7,1.0,2.0E9,
1.8E-45,9.1E-4,770.0,600.0,1800.0,7599999.999999999,6500.0,6800.0,3900.0,3700.0,2000.0,0.15,7599999.999999999,7.8E-6,0.021,0.021,0.0,770.0,3.4,1.7000000000000002E-27,5.8E-6,2.1E-17,6.7E7,1.0,2.0E9,
1.8E-45,9.1E-4,770.0,600.0,1800.0,7599999.999999999,6500.0,6800.0,3900.0,3700.0,2000.0,0.15,7599999.999999999,7.8E-6,0.021,0.021,0.0,770.0,3.4,4.2E-30,5.8E-6,2.3E-17,6.7E7,1.0,2.0E9,
1.8E-45,9.1E-4,770.0,600.0,1800.0,7599999.999999999,6500.0,6800.0,3900.0,3700.0,2000.0,0.15,7599999.999999999,7.2E-6,0.021,0.021,0.0,770.0,3.4,1.1E-32,5.8E-6,2.2E-17,6.9E7,1.0,2.0E9,
1.8E-45,9.1E-4,770.0,600.0,1800.0,7599999.999999999,6500.0,6800.0,3900.0,3700.0,2000.0,0.15,7599999.999999999,6.4E-6,0.021,0.021,0.0,760.0,3.4,3.7E-35,5.8E-6,2.0E-17,7.2E7,1.0,2.0E9,
1.8E-45,9.1E-4,770.0,600.0,1800.0,7599999.999999999,6500.0,6800.0,3900.0,3700.0,2000.0,0.15,7599999.999999999,5.6E-6,0.021,0.021,0.0,740.0,3.4,8.3E-36,5.8E-6,1.8E-17,7.6E7,1.0,2.0E9,
1.8E-45,9.1E-4,770.0,600.0,1800.0,7599999.999999999,6500.0,6800.0,3900.0,3700.0,2000.0,0.15,7599999.999999999,4.8E-6,0.021,0.021,0.0,740.0,3.4,5.4E-37,5.8E-6,1.6E-17,8.0E7,1.0,2.0E9,
1.8E-45,9.1E-4,770.0,600.0,1800.0,7599999.999999999,6500.0,6800.0,3900.0,3700.0,2000.0,0.15,7599999.999999999,4.2E-6,0.021,0.021,0.0,730.0,3.4,0.0,5.8E-6,1.4E-17,8.4E7,1.0,2.0E9,
1.8E-45,9.1E-4,770.0,600.0,1800.0,7599999.999999999,6500.0,6800.0,3900.0,3700.0,2000.0,0.15,7599999.999999999,4.2E-6,0.021,0.021,0.0,730.0,3.4,1.7E-37,5.8E-6,1.2E-17,8.4E7,1.0,2.0E9,
1.8E-45,9.1E-4,770.0,600.0,1800.0,7599999.999999999,6500.0,6800.0,3900.0,3700.0,2000.0,0.15,7599999.999999999,5.2E-6,0.021,0.021,0.0,720.0,3.4,4.3E-40,5.8E-6,1.4E-17,7.8E7,1.0,2.0E9,
1.8E-45,9.1E-4,770.0,600.0,1800.0,7599999.999999999,6500.0,6800.0,3900.0,3700.0,2000.0,0.15,7599999.999999999,5.6E-6,0.021,0.021,0.0,720.0,3.4,1.1E-42,5.8E-6,1.5E-17,7.6E7,1.0,2.0E9,
1.8E-45,9.1E-4,770.0,600.0,1800.0,7599999.999999999,6500.0,6800.0,3900.0,3700.0,2000.0,0.15,7599999.999999999,5.5E-6,0.021,0.021,0.0,720.0,3.4,2.7000000000000002E-45,5.8E-6,1.6E-17,7.6E7,1.0,2.0E9,
1.8E-45,9.1E-4,770.0,600.0,1800.0,7599999.999999999,6500.0,6800.0,3900.0,3700.0,2000.0,0.15,7599999.999999999,5.1E-6,0.021,0.021,0.0,720.0,3.4,7.400000000000001E-48,5.8E-6,1.6E-17,7.8E7,1.0,2.0E9,
1.8E-45,9.1E-4,770.0,600.0,1800.0,7599999.999999999,6500.0,6800.0,3900.0,3700.0,2000.0,0.15,7599999.999999999,4.5E-6,0.021,0.021,0.0,710.0,3.4,1.6E-50,5.8E-6,1.4E-17,8.2E7,1.0,2.0E9,
1.8E-45,9.1E-4,770.0,600.0,1800.0,7599999.999999999,6500.0,6800.0,3900.0,3700.0,2000.0,0.15,7599999.999999999,4.0E-6,0.021,0.021,0.0,710.0,3.4,0.0,5.8E-6,1.3E-17,8.5E7,1.0,2.0E9,
1.8E-45,9.1E-4,770.0,600.0,1800.0,7599999.999999999,6500.0,6800.0,3900.0,3700.0,2000.0,0.15,7599999.999999999,3.5E-6,0.021,0.021,0.0,710.0,3.4,0.0,5.8E-6,1.2E-17,8.9E7,1.0,2.0E9,
1.8E-45,9.1E-4,770.0,600.0,1800.0,7599999.999999999,6500.0,6800.0,3900.0,3700.0,2000.0,0.15,7599999.999999999,3.1E-6,0.021,0.021,0.0,710.0,3.4,0.0,5.8E-6,1.0E-17,9.4E7,1.0,2.0E9,
1.8E-45,9.1E-4,770.0,600.0,1800.0,7599999.999999999,6500.0,6800.0,3900.0,3700.0,2000.0,0.15,7599999.999999999,4.1E-6,0.021,0.021,0.0,710.0,3.4,0.0,5.8E-6,1.1E-17,8.4E7,1.0,2.0E9,
1.8E-45,9.1E-4,770.0,600.0,1800.0,7599999.999999999,6500.0,6800.0,3900.0,3700.0,2000.0,0.15,7599999.999999999,4.7E-6,0.021,0.021,0.0,710.0,3.4,0.0,5.8E-6,1.2E-17,8.1E7,1.0,2.0E9,
1.8E-45,9.1E-4,770.0,600.0,1800.0,7599999.999999999,6500.0,6800.0,3900.0,3700.0,2000.0,0.15,7599999.999999999,4.8E-6,0.021,0.021,0.0,690.0,3.4,0.0,5.8E-6,1.4E-17,8.0E7,1.0,2.0E9,
1.8E-45,9.1E-4,770.0,600.0,1800.0,7599999.999999999,6500.0,6800.0,3900.0,3700.0,2000.0,0.15,7599999.999999999,4.6E-6,0.021,0.021,0.0,690.0,3.4,0.0,5.8E-6,1.4E-17,8.1E7,1.0,2.0E9,
1.8E-45,9.1E-4,770.0,600.0,1800.0,7599999.999999999,6500.0,6800.0,3900.0,3700.0,2000.0,0.15,7599999.999999999,4.2E-6,0.021,0.021,0.0,680.0,3.4,0.0,5.8E-6,1.3E-17,8.4E7,1.0,2.0E9,
1.8E-45,9.1E-4,770.0,600.0,1800.0,7599999.999999999,6500.0,6800.0,3900.0,3700.0,2000.0,0.15,7599999.999999999,3.7E-6,0.021,0.021,0.0,670.0,3.4,0.0,5.8E-6,1.2E-17,8.7E7,1.0,2.0E9,
1.8E-45,9.1E-4,770.0,600.0,1800.0,7599999.999999999,6500.0,6800.0,3900.0,3700.0,2000.0,0.15,7599999.999999999,3.3E-6,0.021,0.021,0.0,670.0,3.4,0.0,5.8E-6,1.1E-17,9.1E7,1.0,2.0E9,
1.8E-45,9.1E-4,770.0,600.0,1800.0,7599999.999999999,6500.0,6800.0,3900.0,3700.0,2000.0,0.15,7599999.999999999,2.9E-6,0.021,0.021,0.0,670.0,3.4,0.0,5.8E-6,9.5E-18,9.6E7,1.0,2.0E9,
1.8E-45,9.1E-4,770.0,600.0,1800.0,7599999.999999999,6500.0,6800.0,3900.0,3700.0,2000.0,0.15,7599999.999999999,3.5E-6,0.021,0.021,0.0,670.0,3.4,0.0,5.8E-6,9.3E-18,9.0E7,1.0,2.0E9,
1.8E-45,9.1E-4,770.0,600.0,1800.0,7599999.999999999,6500.0,6800.0,3900.0,3700.0,2000.0,0.15,7599999.999999999,4.2E-6,0.021,0.021,0.0,670.0,3.4,0.0,5.8E-6,1.1E-17,8.4E7,1.0,2.0E9,
1.8E-45,9.1E-4,770.0,600.0,1800.0,7599999.999999999,6500.0,6800.0,3900.0,3700.0,2000.0,0.15,7599999.999999999,4.5E-6,0.021,0.021,0.0,670.0,3.4,0.0,5.8E-6,1.2E-17,8.2E7,1.0,2.0E9,
1.8E-45,9.1E-4,770.0,600.0,1800.0,7599999.999999999,6500.0,6800.0,3900.0,3700.0,2000.0,0.15,7599999.999999999,4.4E-6,0.021,0.021,0.0,670.0,3.4,0.0,5.8E-6,1.3E-17,8.3E7,1.0,2.0E9,
1.8E-45,9.1E-4,770.0,600.0,1800.0,7599999.999999999,6500.0,6800.0,3900.0,3700.0,2000.0,0.15,7599999.999999999,4.1E-6,0.021,0.021,0.0,670.0,3.4,0.0,5.8E-6,1.2E-17,8.5E7,1.0,2.0E9,
1.8E-45,9.1E-4,770.0,600.0,1800.0,7599999.999999999,6500.0,6800.0,3900.0,3700.0,2000.0,0.15,7599999.999999999,3.7E-6,0.021,0.021,0.0,670.0,3.4,0.0,5.8E-6,1.2E-17,8.8E7,1.0,2.0E9,
1.8E-45,9.1E-4,770.0,600.0,1800.0,7599999.999999999,6500.0,6800.0,3900.0,3700.0,2000.0,0.15,7599999.999999999,3.3E-6,0.021,0.021,0.0,670.0,3.4,0.0,5.8E-6,1.1E-17,9.2E7,1.0,2.0E9,
1.8E-45,9.1E-4,770.0,600.0,1800.0,7599999.999999999,6500.0,6800.0,3900.0,3700.0,2000.0,0.15,7599999.999999999,2.9E-6,0.021,0.021,0.0,660.0,3.4,0.0,5.8E-6,9.4E-18,9.6E7,1.0,2.0E9,
1.8E-45,9.1E-4,770.0,600.0,1800.0,7599999.999999999,6500.0,6800.0,3900.0,3700.0,2000.0,0.15,7599999.999999999,3.0E-6,0.021,0.021,0.0,650.0,3.4,0.0,5.8E-6,8.6E-18,9.5E7,1.0,2.0E9,
1.8E-45,9.1E-4,770.0,600.0,1800.0,7599999.999999999,6500.0,6800.0,3900.0,3700.0,2000.0,0.15,7599999.999999999,3.8E-6,0.021,0.021,0.0,650.0,3.4,0.0,5.8E-6,9.8E-18,8.7E7,1.0,2.0E9,
1.8E-45,9.1E-4,770.0,600.0,1800.0,7599999.999999999,6500.0,6800.0,3900.0,3700.0,2000.0,0.15,7599999.999999999,4.3E-6,0.021,0.021,0.0,650.0,3.4,0.0,5.8E-6,1.1E-17,8.3E7,1.0,2.0E9,
1.8E-45,9.1E-4,770.0,600.0,1800.0,7599999.999999999,6500.0,6800.0,3900.0,3700.0,2000.0,0.15,7599999.999999999,4.3E-6,0.021,0.021,0.0,650.0,3.4,0.0,5.8E-6,1.2E-17,8.3E7,1.0,2.0E9,
3.8E-44,0.044,94000.0,250000.0,38000.0,9500000.0,8800.0,14000.0,3900.0,3700.0,3500.0,0.16,1.0E7,7.1,0.15,0.15,0.0,840.0,27.0,3600.0,6.1E-6,6.8E-12,8.6E7,1.0,2.0E9,
2.3E-44,0.026,39000.0,130000.0,38000.0,9200000.0,1300.0,1800.0,3900.0,3700.0,3500.0,0.15,9400000.0,4.6E-5,0.1,0.1,0.0,830.0,33.0,520.0,6.0E-6,2.7E-12,8.2E7,1.0,2.0E9,
5.5E-45,0.0063,39000.0,29000.0,4900.0,9100000.0,1300.0,1800.0,3900.0,3700.0,3500.0,0.15,9200000.0,5.0E-6,0.056,0.056,0.0,830.0,10.0,10.0,6.0E-6,3.0E-13,7.7E7,1.0,2.0E9,
1.9E-45,0.0022,890.0,980.0,4900.0,9000000.0,1300.0,1800.0,3900.0,3700.0,3500.0,0.15,9000000.0,1.8E-5,0.045,0.045,0.0,820.0,9.9,1.4,6.0E-6,6.9E-14,7.4E7,1.0,2.0E9,
1.9E-45,0.0022,890.0,980.0,4900.0,9000000.0,1300.0,1800.0,3900.0,3700.0,3500.0,0.15,9000000.0,2.2E-5,0.045,0.045,0.0,820.0,9.9,0.0097,6.0E-6,2.6E-14,6.8E7,1.0,2.0E9,
1.2E-44,0.011,32000.0,84000.0,19000.0,9800000.0,1300.0,1800.0,3900.0,3700.0,3500.0,0.15,9900000.0,4.3E-5,0.072,0.072,0.0,850.0,15.0,1400.0,6.1E-6,3.8E-12,6.3E7,1.0,2.0E9,
8.4E-45,0.0079,32000.0,68000.0,1700.0,9700000.0,1300.0,1800.0,3900.0,3700.0,3500.0,0.15,9800000.0,1.6E-5,0.062,0.062,0.0,850.0,5.9,27.0,6.1E-6,1.2E-12,6.1E7,1.0,2.0E9,
1.4E-45,0.0014,4600.0,2900.0,1700.0,9200000.0,1300.0,1800.0,3900.0,3700.0,3500.0,0.15,9200000.0,2.0E-5,0.04,0.04,0.0,850.0,5.6,3.6,6.0E-6,1.4E-13,5.9E7,1.0,2.0E9,
1.4E-45,0.0013,4600.0,2900.0,1700.0,8900000.0,1300.0,1800.0,3900.0,3700.0,3500.0,0.15,8900000.0,2.1E-5,0.039,0.039,0.0,850.0,5.5,0.18,6.0E-6,7.6E-14,5.7E7,1.0,2.0E9,
1.4E-45,0.0013,4600.0,2900.0,1700.0,8500000.0,1300.0,1800.0,3900.0,3700.0,3500.0,0.15,8500000.0,2.1E-5,0.038,0.038,0.0,850.0,5.3,0.025,6.0E-6,4.9E-14,5.6E7,1.0,2.0E9,
1.4E-45,0.0013,4600.0,2900.0,1700.0,8299999.999999999,1300.0,1800.0,3800.0,3700.0,3500.0,0.15,8299999.999999999,2.3E-5,0.037,0.037,0.0,850.0,5.2,4.5E-4,6.0E-6,2.2E-14,5.3E7,1.0,2.0E9,
1.3E-45,0.0012,4600.0,2900.0,1700.0,7799999.999999999,1300.0,1800.0,3800.0,3700.0,3500.0,0.15,7799999.999999999,2.3E-5,0.036,0.036,0.0,850.0,4.9,6.1E-5,6.0E-6,1.4E-14,5.2E7,1.0,2.0E9,
1.3E-45,0.0012,4600.0,2900.0,1700.0,7699999.999999999,1300.0,1800.0,3800.0,3700.0,3500.0,0.15,7699999.999999999,2.5E-5,0.035,0.035,0.0,850.0,4.9,4.2E-7,5.9E-6,5.2E-15,5.1E7,1.0,2.0E9,
1.3E-45,0.0012,4600.0,2900.0,1700.0,7699999.999999999,1300.0,1800.0,3800.0,3700.0,3500.0,0.15,7699999.999999999,2.6E-5,0.035,0.035,0.0,850.0,4.9,1.1E-9,5.9E-6,1.6E-15,5.0E7,1.0,2.0E9,
1.3E-45,0.0012,4600.0,2900.0,1700.0,7699999.999999999,1300.0,1800.0,3800.0,3700.0,3500.0,0.15,7699999.999999999,2.3E-5,0.035,0.035,0.0,850.0,4.9,2.7E-12,5.9E-6,5.4E-16,5.2E7,1.0,2.0E9,
1.3E-45,0.0012,4600.0,2900.0,1700.0,7699999.999999999,1300.0,1800.0,3800.0,3700.0,3500.0,0.15,7699999.999999999,2.0E-5,0.035,0.035,0.0,840.0,4.9,6.8E-15,5.9E-6,2.1E-16,5.5E7,1.0,2.0E9,
1.3E-45,0.0012,4600.0,2900.0,1700.0,7699999.999999999,1300.0,1800.0,3800.0,3700.0,3500.0,0.15,7699999.999999999,1.7E-5,0.035,0.035,0.0,830.0,4.9,1.7E-17,5.9E-6,1.0E-16,5.9E7,1.0,2.0E9,
1.3E-45,0.0012,4600.0,2900.0,1700.0,7699999.999999999,1300.0,1800.0,3800.0,3700.0,3500.0,0.15,7699999.999999999,1.4E-5,0.035,0.035,0.0,830.0,4.9,4.6E-20,5.9E-6,6.1E-17,6.3E7,1.0,2.0E9,
1.3E-45,0.0012,4600.0,2900.0,1700.0,7699999.999999999,1300.0,1800.0,3800.0,3700.0,3500.0,0.15,7699999.999999999,1.2E-5,0.035,0.035,0.0,820.0,4.9,9.999999999999999E-23,5.9E-6,4.4E-17,6.7E7,1.0,2.0E9,
1.3E-45,0.0012,4600.0,2900.0,1700.0,7699999.999999999,1300.0,1800.0,3800.0,3700.0,3500.0,0.15,7699999.999999999,9.7E-6,0.035,0.035,0.0,810.0,4.9,2.8E-25,5.9E-6,3.5E-17,7.1E7,1.0,2.0E9,
1.3E-45,0.0012,4600.0,2900.0,1700.0,7699999.999999999,1300.0,1800.0,3800.0,3700.0,3500.0,0.15,7699999.999999999,8.1E-6,0.035,0.035,0.0,810.0,4.9,2.5E-28,5.9E-6,2.9E-17,7.6E7,1.0,2.0E9,
1.3E-45,0.0012,4600.0,2900.0,1700.0,7699999.999999999,1300.0,1800.0,3800.0,3700.0,3500.0,0.15,7699999.999999999,1.0E-5,0.035,0.035,0.0,810.0,4.9,6.299999999999999E-31,5.9E-6,2.8E-17,7.0E7,1.0,2.0E9,
1.3E-45,0.0012,4600.0,2900.0,1700.0,7699999.999999999,1300.0,1800.0,3800.0,3700.0,3500.0,0.15,7699999.999999999,1.1E-5,0.035,0.035,0.0,810.0,4.9,1.6000000000000002E-33,5.9E-6,3.1E-17,6.9E7,1.0,2.0E9,
1.3E-45,0.0012,4600.0,2900.0,1700.0,7699999.999999999,1300.0,1800.0,3800.0,3700.0,3500.0,0.15,7699999.999999999,1.1E-5,0.035,0.035,0.0,810.0,4.9,4.0000000000000004E-36,5.9E-6,3.1E-17,6.9E7,1.0,2.0E9,
1.3E-45,0.0012,4600.0,2900.0,1700.0,7699999.999999999,1300.0,1800.0,3800.0,3700.0,3500.0,0.15,7699999.999999999,9.7E-6,0.035,0.035,0.0,780.0,4.9,1.0000000000000001E-38,6.0E-6,3.0E-17,7.2E7,1.0,2.0E9,
1.3E-45,0.0012,4600.0,2900.0,1700.0,7699999.999999999,1300.0,1800.0,3800.0,3700.0,3500.0,0.15,7699999.999999999,8.5E-6,0.035,0.035,0.0,780.0,4.9,1.1E-40,6.0E-6,2.8E-17,7.5E7,1.0,2.0E9,
1.3E-45,0.0012,4600.0,2900.0,1700.0,7699999.999999999,1300.0,1800.0,3800.0,3700.0,3500.0,0.15,7699999.999999999,7.4E-6,0.035,0.035,0.0,780.0,4.9,3.0E-41,5.9E-6,2.5E-17,7.9E7,1.0,2.0E9,
