entropy,entropyInd,RabA,RabB,RabC,RabD,RabE,RabF,RabG,RabH,RabI,xER,xPM,
2.113,0.1648,0.1006,0.04749,0.02782,0.1389,0.124,0.05188,0.02161,0.02632,0.03329,0.2073,0.2208,
2.117,0.1482,0.102,0.04756,0.02789,0.1377,0.1225,0.05203,0.02166,0.02639,0.03509,0.2072,0.22,
2.119,0.1435,0.1049,0.0475,0.02787,0.1366,0.1217,0.05214,0.0217,0.02645,0.03517,0.2077,0.2184,
2.122,0.1324,0.1134,0.047,0.02769,0.136,0.1195,0.05223,0.02175,0.0265,0.03525,0.2082,0.2126,
2.122,0.1322,0.1129,0.0468,0.02771,0.1361,0.1185,0.05226,0.02177,0.02652,0.03527,0.2083,0.214,
2.123,0.1206,0.1167,0.0465,0.0277,0.1359,0.1175,0.05233,0.0218,0.02655,0.03532,0.2096,0.2101,
2.122,0.1324,0.116,0.04654,0.02772,0.1359,0.1162,0.05238,0.02182,0.02658,0.03535,0.2098,0.2117,
2.124,0.1287,0.1197,0.04654,0.02773,0.1355,0.1154,0.05241,0.02183,0.02659,0.03537,0.2099,0.209,
2.123,0.1216,0.1194,0.04648,0.02771,0.1352,0.1146,0.05237,0.02181,0.02657,0.03535,0.2108,0.2096,
2.124,0.1278,0.1187,0.04639,0.02772,0.1353,0.1145,0.05244,0.02184,0.02661,0.03616,0.2103,0.2101,
2.128,0.133,0.1187,0.04629,0.02779,0.135,0.1138,0.05259,0.0219,0.02668,0.03864,0.2085,0.2101,
2.126,0.1191,0.1182,0.04613,0.02771,0.1346,0.1129,0.05248,0.02187,0.02664,0.03859,0.2103,0.2106,
2.127,0.1099,0.121,0.04595,0.0276,0.1338,0.1117,0.05229,0.02179,0.02655,0.03937,0.2129,0.2071,
2.124,0.1214,0.1208,0.04597,0.02672,0.1336,0.1099,0.05228,0.0218,0.02656,0.03938,0.213,0.2099,
2.131,0.1188,0.1227,0.04598,0.02673,0.1335,0.1092,0.05229,0.02181,0.02656,0.04321,0.2092,0.2088,
2.13,0.1099,0.1222,0.04599,0.02673,0.1334,0.108,0.05227,0.02181,0.02657,0.04323,0.2093,0.2105,
2.129,0.1201,0.1219,0.04596,0.02674,0.1332,0.1077,0.05231,0.02183,0.02659,0.04326,0.2094,0.2111,
2.129,0.1078,0.1254,0.04595,0.02597,0.1332,0.1071,0.05234,0.02184,0.02661,0.04328,0.2096,0.2087,
2.129,0.1072,0.1255,0.04591,0.02592,0.1329,0.1065,0.05236,0.02185,0.02662,0.0433,0.2096,0.2094,
2.127,0.112,0.1251,0.04586,0.02592,0.1322,0.1049,0.05237,0.02185,0.02662,0.04331,0.2107,0.2111,
2.129,0.1059,0.1272,0.04583,0.02543,0.1323,0.1021,0.0524,0.02187,0.02664,0.04571,0.2085,0.2121,
2.128,0.1166,0.1265,0.04574,0.0254,0.1322,0.1012,0.05239,0.02186,0.02663,0.04569,0.2095,0.2128,
2.125,0.1144,0.1257,0.04567,0.02536,0.132,0.09946,0.05231,0.02183,0.02659,0.04562,0.2113,0.2141,
2.123,0.1112,0.125,0.04564,0.02536,0.1321,0.09744,0.05233,0.02184,0.0266,0.04564,0.2113,0.2168,
2.13,0.1274,0.1307,0.04565,0.02536,0.1321,0.09692,0.05235,0.02184,0.02661,0.04847,0.2086,0.2114,
2.131,0.116,0.1358,0.04556,0.02536,0.1321,0.09446,0.0524,0.02187,0.02664,0.0485,0.2088,0.2085,
2.13,0.1019,0.1356,0.04548,0.02533,0.1321,0.09359,0.05243,0.02188,0.02665,0.0485,0.2089,0.2095,
2.128,0.1079,0.135,0.0454,0.02514,0.132,0.09307,0.05241,0.02187,0.02664,0.04846,0.2099,0.2101,
2.128,0.1063,0.1345,0.04537,0.02515,0.1321,0.09237,0.05244,0.02188,0.02666,0.04849,0.2101,0.211,
2.128,0.1062,0.1366,0.04536,0.02515,0.1321,0.09162,0.05246,0.02189,0.02667,0.04851,0.2101,0.2095,
2.127,0.1265,0.1361,0.04534,0.02516,0.1321,0.09059,0.0525,0.02191,0.02669,0.04854,0.2103,0.2107,
2.127,0.1186,0.135,0.04536,0.02523,0.1323,0.08991,0.05267,0.02172,0.02836,0.04684,0.2113,0.2113,
2.13,0.1316,0.136,0.04536,0.02532,0.1324,0.08894,0.05269,0.02186,0.02956,0.04728,0.2096,0.211,
2.128,0.1304,0.1347,0.0458,0.02539,0.1323,0.08612,0.0528,0.02199,0.02927,0.04726,0.2106,0.2137,
2.109,0.1371,0.1339,0.04584,0.02551,0.1322,0.08503,0.0667,0.008439,0.03036,0.04599,0.2108,0.2151,
2.108,0.1535,0.1331,0.04593,0.02559,0.1323,0.08381,0.06653,0.008434,0.03238,0.04393,0.2118,0.2163,
2.109,0.1338,0.1335,0.04659,0.02567,0.1322,0.08192,0.06655,0.008437,0.03289,0.04425,0.2121,0.2159,
2.108,0.1312,0.1328,0.0465,0.02578,0.1325,0.08056,0.06659,0.008442,0.03364,0.04354,0.2122,0.2174,
2.107,0.1384,0.1316,0.04667,0.02584,0.1325,0.08046,0.06663,0.008257,0.03408,0.04296,0.2132,0.2178,
2.104,0.1266,0.1305,0.04679,0.02577,0.1324,0.07947,0.06616,0.008099,0.03429,0.04251,0.2158,0.2182,
2.079,0.1316,0.129,0.04737,0.02533,0.1329,0.1126,0.03207,0.007971,0.03547,0.04137,0.2159,0.22,
2.078,0.1264,0.1285,0.04733,0.02539,0.1328,0.112,0.03191,0.007965,0.03619,0.04059,0.2168,0.2205,
2.077,0.139,0.1273,0.04773,0.02546,0.133,0.1111,0.03186,0.007853,0.03807,0.03866,0.2177,0.2213,
2.076,0.187,0.127,0.04783,0.02557,0.133,0.1096,0.03187,0.007854,0.04033,0.0364,0.2178,0.2228,
2.075,0.1927,0.1282,0.04771,0.02588,0.1328,0.1085,0.03559,0.004133,0.0403,0.03934,0.2157,0.2219,
2.08,0.1817,0.1314,0.04779,0.02595,0.1326,0.1075,0.03561,0.004135,0.04099,0.04092,0.2136,0.2194,
2.078,0.1646,0.1304,0.0478,0.02603,0.1321,0.1061,0.0355,0.004137,0.04262,0.03933,0.2148,0.2212,
2.078,0.1547,0.1296,0.04781,0.02606,0.1319,0.106,0.03555,0.004143,0.04281,0.03926,0.2151,0.2218,
2.082,0.1703,0.1277,0.04777,0.0261,0.1348,0.1055,0.03551,0.004167,0.04406,0.04038,0.2135,0.2205,
2.081,0.1441,0.1275,0.04776,0.02621,0.1346,0.1041,0.03552,0.004107,0.04447,0.03996,0.2136,0.2221,
2.084,0.1381,0.1282,0.04782,0.02629,0.1341,0.1018,0.03551,0.004106,0.04496,0.04237,0.2117,0.2231,
2.081,0.1353,0.1263,0.04783,0.02637,0.134,0.09852,0.03547,0.004234,0.04478,0.04232,0.2136,0.2266,
2.08,0.146,0.1261,0.04779,0.02647,0.1339,0.09809,0.03522,0.004103,0.04479,0.04234,0.2137,0.2275,
2.078,0.1551,0.1248,0.04787,0.02652,0.1341,0.0973,0.03535,0.003938,0.04696,0.04009,0.2146,0.2285,
2.085,0.1377,0.1277,0.04793,0.02655,0.1341,0.09677,0.03523,0.00416,0.04794,0.04265,0.2109,0.226,
2.092,0.1377,0.1286,0.04831,0.02643,0.1346,0.09627,0.03525,0.004163,0.04797,0.04613,0.2076,0.2246,
2.092,0.1396,0.1296,0.04815,0.02658,0.1354,0.09531,0.03523,0.004161,0.04892,0.04513,0.2086,0.223,
2.095,0.1554,0.135,0.04833,0.02667,0.1355,0.09485,0.03526,0.004164,0.05015,0.04396,0.2087,0.2174,
2.094,0.1456,0.1346,0.04829,0.02683,0.1356,0.09389,0.03527,0.004166,0.05017,0.04398,0.2088,0.2185,
2.093,0.14,0.1332,0.04842,0.02688,0.1351,0.09367,0.03519,0.004155,0.05068,0.04325,0.2115,0.218,
2.097,0.1494,0.1328,0.04864,0.02695,0.1353,0.09366,0.03518,0.004348,0.0511,0.04511,0.21,0.2169,
2.098,0.1552,0.1326,0.04861,0.02709,0.135,0.09331,0.03507,0.004574,0.05091,0.04514,0.2101,0.2175,
2.097,0.1715,0.1301,0.04865,0.02712,0.1362,0.09333,0.03508,0.004576,0.05118,0.04489,0.2112,0.2176,
2.097,0.1585,0.1293,0.04875,0.02722,0.1362,0.09395,0.03458,0.00458,0.05146,0.0447,0.2114,0.2178,
2.099,0.1285,0.1339,0.04876,0.02727,0.1361,0.09243,0.03461,0.004583,0.05283,0.04414,0.2109,0.2145,
2.099,0.1317,0.1327,0.04899,0.02741,0.1361,0.09159,0.03465,0.004721,0.0529,0.04406,0.2111,0.2157,
2.098,0.1328,0.1316,0.04914,0.02749,0.1357,0.09033,0.03467,0.00507,0.05388,0.04276,0.2123,0.2171,
2.098,0.1366,0.1298,0.04974,0.02758,0.1363,0.08922,0.03469,0.005181,0.05382,0.04279,0.2124,0.2184,
2.095,0.1371,0.1288,0.04986,0.0277,0.1364,0.08597,0.03472,0.005185,0.0557,0.041,0.2126,0.222,
2.092,0.1452,0.1277,0.05002,0.0278,0.1367,0.08361,0.03497,0.004972,0.05637,0.04041,0.2128,0.2246,
2.088,0.1449,0.1272,0.05018,0.02752,0.1367,0.08202,0.03571,0.004249,0.05713,0.03969,0.2129,0.2267,
2.087,0.1362,0.1262,0.05024,0.02756,0.1371,0.08119,0.03573,0.004252,0.05717,0.03971,0.213,0.2277,
2.087,0.1365,0.1292,0.05037,0.02726,0.1371,0.08092,0.03608,0.003763,0.05762,0.0396,0.2137,0.2244,
2.094,0.1317,0.1304,0.05051,0.02737,0.1371,0.08109,0.03596,0.003764,0.05827,0.04236,0.2104,0.2227,
2.09,0.1381,0.129,0.05064,0.02737,0.1369,0.07886,0.03588,0.003577,0.05812,0.04225,0.213,0.2243,
2.092,0.1373,0.1284,0.05068,0.02742,0.139,0.07731,0.0359,0.00358,0.05816,0.04439,0.211,0.2241,
2.088,0.1474,0.1273,0.05056,0.02698,0.1392,0.07445,0.03589,0.003579,0.05828,0.04425,0.2121,0.2274,
2.089,0.1374,0.1265,0.05095,0.02704,0.1391,0.07451,0.03592,0.003888,0.05802,0.04428,0.2122,0.2276,
2.086,0.148,0.1258,0.05108,0.02661,0.1393,0.07233,0.0358,0.004066,0.05827,0.04391,0.2123,0.2305,
2.058,0.1635,0.1272,0.05129,0.02607,0.1421,0.09592,0.01137,0.004067,0.05829,0.04689,0.2094,0.2274,
2.057,0.1575,0.1288,0.0512,0.0261,0.1421,0.09415,0.01123,0.004062,0.05909,0.04595,0.2112,0.2261,
2.056,0.1514,0.1323,0.05103,0.02572,0.1419,0.09223,0.01122,0.004059,0.06001,0.04496,0.2122,0.2244,
2.059,0.1635,0.1338,0.05089,0.0258,0.142,0.09134,0.01123,0.004462,0.06098,0.04501,0.211,0.2235,
2.059,0.1453,0.1384,0.05084,0.02582,0.142,0.08937,0.01122,0.004458,0.06094,0.04515,0.2118,0.2201,
2.061,0.1481,0.1401,0.05098,0.0259,0.1423,0.0891,0.01123,0.004462,0.06132,0.04553,0.2113,0.2178,
2.06,0.1528,0.1394,0.05095,0.02594,0.1425,0.08853,0.01111,0.004466,0.06183,0.0451,0.2114,0.2187,
2.061,0.145,0.14,0.05098,0.02596,0.1432,0.08755,0.01111,0.004466,0.06207,0.04545,0.212,0.2173,
2.063,0.1415,0.1411,0.05109,0.02607,0.1434,0.08674,0.01111,0.004469,0.06345,0.04535,0.2109,0.2163,
2.063,0.1468,0.1398,0.05116,0.02621,0.1441,0.08678,0.01112,0.004761,0.0641,0.04447,0.211,0.2165,
2.063,0.1438,0.1387,0.05125,0.02599,0.1445,0.08649,0.011,0.005177,0.06375,0.04451,0.2112,0.2174,
2.062,0.1472,0.1378,0.0512,0.02601,0.1448,0.08574,0.01099,0.005017,0.06393,0.04425,0.2121,0.2181,
2.061,0.1612,0.1359,0.05149,0.02602,0.146,0.08541,0.01086,0.005204,0.06428,0.04379,0.2123,0.2188,
2.06,0.1582,0.135,0.05159,0.0261,0.1466,0.08558,0.01184,0.004096,0.0643,0.0438,0.2123,0.2188,
2.066,0.1708,0.137,0.05221,0.02565,0.1463,0.08459,0.01168,0.004595,0.06539,0.04561,0.2099,0.2171,
2.066,0.1696,0.1365,0.05229,0.02574,0.1462,0.08402,0.01169,0.005187,0.06607,0.04441,0.21,0.2178,
2.066,0.1756,0.1361,0.05233,0.02582,0.146,0.08345,0.0117,0.005192,0.06612,0.04444,0.2102,0.2186,
2.067,0.1783,0.1352,0.05258,0.02592,0.1462,0.0835,0.0117,0.005523,0.06608,0.04422,0.2103,0.2188,
2.066,0.1527,0.1342,0.05265,0.02597,0.1466,0.08343,0.01187,0.005345,0.0674,0.0428,0.2112,0.2186,
2.065,0.1517,0.1335,0.05275,0.02574,0.1467,0.08349,0.01202,0.005207,0.06797,0.04231,0.2113,0.219,
2.061,0.1565,0.1307,0.05264,0.02443,0.1492,0.08331,0.01191,0.005209,0.0689,0.04142,0.2114,0.2208,
2.063,0.1539,0.1329,0.05262,0.02455,0.149,0.08331,0.01191,0.005398,0.06912,0.04102,0.2125,0.2177,
2.063,0.1747,0.1335,0.05247,0.02457,0.1498,0.08322,0.0119,0.005392,0.0693,0.04071,0.2144,0.2148,
2.066,0.1519,0.1374,0.0524,0.02462,0.1497,0.08278,0.01239,0.00491,0.06981,0.04177,0.213,0.2112,
2.058,0.1494,0.1371,0.05247,0.0247,0.1496,0.08673,0.008307,0.00509,0.06994,0.04151,0.2131,0.2114,
2.056,0.1694,0.1365,0.05224,0.02473,0.1494,0.08491,0.008293,0.005081,0.06982,0.04219,0.2141,0.2127,
2.054,0.1555,0.1359,0.05212,0.02481,0.1493,0.08394,0.008287,0.005078,0.07155,0.04039,0.215,0.2135,
2.06,0.152,0.1386,0.05205,0.02495,0.1496,0.08362,0.008283,0.005075,0.07281,0.04267,0.2124,0.21,
2.065,0.1517,0.1378,0.05232,0.02506,0.1495,0.08367,0.008288,0.005337,0.0726,0.04523,0.21,0.2101,
2.064,0.1577,0.136,0.05269,0.0251,0.1503,0.08202,0.008282,0.005333,0.07255,0.0452,0.2109,0.2116,
2.064,0.1492,0.1351,0.05276,0.02517,0.1506,0.08209,0.00829,0.005534,0.07279,0.04487,0.2111,0.2118,
2.063,0.1483,0.1342,0.05268,0.02474,0.1507,0.08206,0.008286,0.005531,0.07276,0.04485,0.2121,0.2122,
2.062,0.1581,0.1337,0.05294,0.02466,0.1502,0.08185,0.008294,0.005904,0.07544,0.04192,0.2123,0.2128,
2.062,0.1606,0.135,0.05306,0.02474,0.1506,0.08189,0.008298,0.005907,0.07627,0.04116,0.2124,0.2108,
2.064,0.1663,0.1338,0.05314,0.02487,0.1508,0.08089,0.008293,0.006037,0.07634,0.04266,0.2115,0.2116,
2.065,0.1629,0.1331,0.05339,0.02498,0.1502,0.08006,0.008293,0.006036,0.07633,0.04343,0.2118,0.2124,
2.065,0.1677,0.1327,0.05363,0.02504,0.1502,0.07958,0.00844,0.006219,0.07601,0.04343,0.2118,0.2129,
2.064,0.1605,0.1315,0.05365,0.02513,0.1504,0.07921,0.008438,0.006351,0.07799,0.04129,0.2128,0.2132,
2.068,0.1473,0.1359,0.05391,0.02526,0.1502,0.07926,0.008665,0.006131,0.07816,0.04222,0.2119,0.2085,
2.067,0.15,0.1353,0.05411,0.02483,0.1502,0.079,0.008641,0.0061,0.0786,0.04183,0.212,0.2094,
2.065,0.1469,0.1343,0.05438,0.02459,0.1503,0.07834,0.008649,0.006106,0.07895,0.04158,0.2122,0.2106,
2.064,0.1531,0.1337,0.05458,0.02464,0.1504,0.07767,0.00876,0.006211,0.08049,0.03988,0.2123,0.2114,
2.063,0.1606,0.1326,0.05474,0.02473,0.1505,0.07623,0.008769,0.006619,0.08087,0.03923,0.2126,0.2131,
2.064,0.15,0.1339,0.05515,0.02485,0.1502,0.07514,0.008773,0.006623,0.08091,0.03926,0.2127,0.2125,
2.062,0.1562,0.1331,0.05524,0.02485,0.1501,0.07466,0.008771,0.006621,0.08255,0.03758,0.2137,0.2129,
2.061,0.1549,0.1318,0.05512,0.0249,0.1502,0.07423,0.008758,0.006838,0.0822,0.03753,0.2155,0.2129,
2.058,0.1566,0.1309,0.05488,0.02498,0.1499,0.07303,0.008748,0.006831,0.08231,0.03727,0.2174,0.2137,
2.056,0.1762,0.1278,0.05481,0.02506,0.1526,0.07124,0.008909,0.006679,0.08282,0.03682,0.2175,0.2157,
2.054,0.1671,0.1268,0.05503,0.02512,0.1526,0.07005,0.0106,0.005383,0.08263,0.03656,0.2185,0.2168,
2.057,0.1727,0.1287,0.05512,0.02516,0.1528,0.06879,0.0106,0.005385,0.08266,0.03806,0.2171,0.2156,
2.056,0.1674,0.1254,0.05527,0.02524,0.1556,0.06851,0.0106,0.005521,0.08256,0.03808,0.2172,0.2161,
2.055,0.181,0.1241,0.05567,0.02533,0.1552,0.06766,0.01075,0.0055,0.08297,0.03748,0.2182,0.2172,
2.041,0.1713,0.1233,0.05573,0.02512,0.1548,0.07291,0.005064,0.0055,0.0832,0.03724,0.2193,0.2179,
2.039,0.171,0.1225,0.05545,0.02506,0.1551,0.0717,0.00506,0.005915,0.08289,0.03699,0.2202,0.2191,
2.037,0.1829,0.1215,0.05552,0.02513,0.1554,0.07126,0.005064,0.005919,0.08446,0.03551,0.2204,0.2198,
2.036,0.1874,0.12,0.05552,0.02511,0.1561,0.07068,0.005062,0.005917,0.08494,0.03499,0.2214,0.2203,
2.042,0.1813,0.1252,0.05561,0.02518,0.1557,0.07105,0.004753,0.006147,0.08478,0.03662,0.22,0.215,
2.053,0.1801,0.1284,0.0557,0.0253,0.1559,0.0705,0.004757,0.006151,0.0855,0.04211,0.214,0.2117,
2.048,0.1831,0.1277,0.05602,0.02538,0.1558,0.06539,0.004759,0.006421,0.08556,0.04184,0.2141,0.217,
2.05,0.1894,0.1242,0.05577,0.0255,0.1583,0.06552,0.004768,0.007305,0.08486,0.04193,0.2145,0.2174,
2.052,0.1869,0.1265,0.05593,0.02556,0.1575,0.06499,0.004767,0.007572,0.08573,0.0416,0.2147,0.2151,
2.051,0.1849,0.126,0.05601,0.02561,0.1574,0.06476,0.004771,0.007712,0.08659,0.04071,0.2149,0.2155,
2.049,0.1855,0.1246,0.05596,0.02553,0.1578,0.06386,0.004768,0.007842,0.08686,0.04024,0.2158,0.2167,
2.048,0.1927,0.1212,0.0562,0.02561,0.1603,0.0636,0.004772,0.008117,0.08719,0.03976,0.216,0.2172,
2.048,0.1859,0.1229,0.05605,0.02538,0.1601,0.06294,0.004823,0.007939,0.08791,0.03958,0.2157,0.2167,
2.046,0.2029,0.1227,0.05601,0.0255,0.1598,0.06167,0.004987,0.007783,0.08886,0.03872,0.2158,0.2181,
2.045,0.205,0.1222,0.0558,0.02559,0.1596,0.06031,0.006047,0.007275,0.08905,0.03817,0.2161,0.2199,
2.045,0.2029,0.1221,0.05569,0.02568,0.1593,0.06035,0.006195,0.007637,0.09022,0.03658,0.2163,0.22,
2.053,0.2028,0.1273,0.05567,0.02568,0.159,0.05981,0.006186,0.008178,0.08953,0.03943,0.2152,0.214,
2.054,0.2166,0.1268,0.05576,0.02569,0.1588,0.05931,0.006182,0.009125,0.08893,0.03901,0.2161,0.2143,
2.053,0.2186,0.1261,0.05563,0.02572,0.1586,0.05864,0.00618,0.009742,0.0891,0.03817,0.2171,0.2149,
2.053,0.1924,0.1276,0.05566,0.02573,0.1585,0.05754,0.006176,0.00996,0.08955,0.03811,0.2174,0.2138,
2.081,0.2442,0.1277,0.05574,0.02581,0.1575,0.05553,0.006183,0.06823,0.03202,0.03751,0.2177,0.2162,
2.084,0.1961,0.1306,0.05575,0.02594,0.1576,0.05554,0.006185,0.06853,0.0319,0.03811,0.217,0.2128,
2.084,0.1923,0.1302,0.05594,0.02602,0.1569,0.05551,0.006317,0.06869,0.03208,0.03794,0.2176,0.2127,
2.084,0.2019,0.1296,0.0561,0.02574,0.1563,0.05542,0.00663,0.06844,0.03243,0.03728,0.2194,0.2126,
2.084,0.201,0.1288,0.05632,0.02586,0.1563,0.05546,0.006803,0.06832,0.03275,0.03701,0.2196,0.2128,
2.087,0.1925,0.1278,0.05682,0.02589,0.1559,0.05516,0.007124,0.06798,0.0333,0.03771,0.2193,0.213,
2.087,0.1927,0.1274,0.05681,0.026,0.1555,0.05478,0.007265,0.06804,0.03401,0.03694,0.2195,0.2137,
2.091,0.2106,0.1302,0.057,0.02605,0.1555,0.05438,0.007265,0.06804,0.03427,0.03834,0.2179,0.2111,
2.091,0.2142,0.1294,0.05711,0.02604,0.1554,0.05426,0.00725,0.0681,0.03437,0.03872,0.2188,0.2106,
2.091,0.2104,0.1288,0.05676,0.02612,0.1555,0.05424,0.007246,0.06806,0.03543,0.03761,0.2197,0.2105,
2.091,0.2101,0.1284,0.05631,0.02624,0.1556,0.0543,0.007388,0.068,0.03603,0.03707,0.22,0.2107,
2.092,0.2092,0.1263,0.05614,0.02631,0.157,0.05428,0.007385,0.06849,0.03551,0.03844,0.2195,0.2107,
2.093,0.2321,0.1252,0.05598,0.02637,0.1574,0.05435,0.007394,0.06858,0.03584,0.0387,0.2193,0.2109,
2.069,0.2182,0.1248,0.05554,0.02647,0.1571,0.05494,0.006901,0.08878,0.01605,0.03853,0.2197,0.2113,
2.069,0.2181,0.1243,0.05573,0.02658,0.157,0.05465,0.006904,0.08895,0.01592,0.03892,0.2194,0.2117,
2.069,0.2138,0.1239,0.05604,0.0267,0.1562,0.05443,0.006911,0.08939,0.01585,0.03871,0.2197,0.2122,
2.068,0.2289,0.1225,0.05592,0.02682,0.1568,0.05441,0.007212,0.08947,0.01542,0.0387,0.2207,0.2121,
2.071,0.2236,0.1211,0.05617,0.02687,0.1571,0.05447,0.007463,0.08934,0.01592,0.03933,0.2199,0.2124,
2.073,0.2197,0.1208,0.05607,0.02696,0.1572,0.05421,0.007762,0.08925,0.01665,0.03902,0.2194,0.2127,
2.073,0.2196,0.1205,0.05595,0.02705,0.1569,0.05443,0.007492,0.08918,0.01737,0.03825,0.2203,0.2126,
2.074,0.2527,0.1196,0.05599,0.02708,0.1566,0.0544,0.007756,0.08905,0.01972,0.03566,0.2213,0.2129,
2.079,0.2402,0.1189,0.05624,0.02716,0.1566,0.05403,0.00803,0.08905,0.02062,0.03703,0.2189,0.2134,
2.08,0.2218,0.1179,0.05654,0.02726,0.1569,0.05406,0.008215,0.08892,0.02063,0.03705,0.2191,0.2135,
2.082,0.2261,0.1171,0.05661,0.02734,0.1568,0.05425,0.008088,0.08901,0.02065,0.03809,0.2183,0.2137,
2.086,0.218,0.1162,0.05687,0.02748,0.1568,0.05404,0.008058,0.08895,0.02171,0.03933,0.2162,0.2143,
2.087,0.2187,0.1148,0.05741,0.02768,0.1566,0.0541,0.008064,0.08907,0.02197,0.03917,0.2165,0.2147,
2.113,0.2797,0.1143,0.05745,0.02783,0.1563,0.054,0.07363,0.02346,0.02271,0.03847,0.2167,0.2151,
2.112,0.2342,0.1162,0.05768,0.02716,0.1569,0.05257,0.0737,0.02359,0.02241,0.0395,0.2166,0.2138,
2.112,0.2171,0.116,0.0577,0.02724,0.1564,0.05165,0.07376,0.02361,0.02327,0.03869,0.2167,0.2149,
2.111,0.208,0.1155,0.05768,0.02689,0.1564,0.05168,0.0738,0.02395,0.0234,0.03827,0.2169,0.2155,
2.117,0.2057,0.1144,0.05753,0.02691,0.1556,0.05159,0.07367,0.02412,0.02339,0.04232,0.2154,0.2151,
2.115,0.2025,0.1137,0.05734,0.02666,0.1556,0.05198,0.07311,0.02395,0.02389,0.04179,0.2164,0.2156,
2.115,0.2072,0.112,0.05767,0.02642,0.1568,0.05171,0.07312,0.02395,0.0244,0.04129,0.2164,0.2162,
2.111,0.2156,0.1061,0.05763,0.02611,0.1625,0.05116,0.0733,0.0238,0.0253,0.04041,0.2165,0.2173,
2.109,0.2085,0.1051,0.05778,0.02626,0.1625,0.05001,0.07326,0.02378,0.02552,0.04015,0.2174,0.2182,
2.109,0.2061,0.1044,0.05811,0.02633,0.1625,0.05004,0.0733,0.02404,0.02529,0.04017,0.2175,0.2184,
2.114,0.1953,0.1054,0.05823,0.02639,0.1624,0.05035,0.07321,0.02406,0.02584,0.04139,0.2159,0.2169,
2.121,0.2006,0.1081,0.05835,0.02648,0.1616,0.04977,0.07359,0.02367,0.0265,0.04408,0.2136,0.2143,
2.119,0.2057,0.1053,0.05811,0.02664,0.1633,0.04969,0.07348,0.02363,0.02723,0.04325,0.2154,0.214,
2.118,0.2081,0.105,0.05822,0.02671,0.163,0.0485,0.07353,0.02365,0.0277,0.04282,0.2155,0.2154,
2.117,0.223,0.1038,0.05813,0.02674,0.1635,0.04847,0.07349,0.02386,0.02768,0.04258,0.2165,0.2153,
2.117,0.2114,0.1035,0.0582,0.02676,0.1633,0.04862,0.07341,0.02408,0.02749,0.0426,0.2166,0.2154,
2.117,0.2076,0.1028,0.05795,0.02692,0.1635,0.04858,0.0735,0.02415,0.02895,0.04087,0.2176,0.2152,
2.117,0.2124,0.1021,0.05822,0.027,0.1635,0.04861,0.07354,0.02437,0.02979,0.03987,0.2177,0.2154,
2.118,0.2027,0.1019,0.05822,0.02709,0.1635,0.04862,0.07355,0.02437,0.03043,0.03924,0.2177,0.2154,
2.116,0.2039,0.1015,0.05783,0.02735,0.1631,0.04824,0.07341,0.02468,0.03016,0.03903,0.2195,0.2153,
2.122,0.1956,0.1028,0.05784,0.0274,0.1631,0.04702,0.07346,0.02492,0.0306,0.04227,0.2158,0.2148,
2.123,0.1977,0.1026,0.0579,0.02747,0.1629,0.04704,0.07349,0.02494,0.03151,0.0414,0.2159,0.2149,
2.125,0.1929,0.1069,0.05787,0.02753,0.1624,0.04572,0.07346,0.02493,0.03212,0.0414,0.2162,0.2114,
2.125,0.2016,0.1067,0.05786,0.0276,0.1624,0.0456,0.07334,0.02493,0.03243,0.04112,0.2163,0.2118,
2.124,0.2242,0.1061,0.05803,0.02734,0.1625,0.04562,0.07355,0.02478,0.03244,0.04112,0.2164,0.2121,
2.128,0.2385,0.1053,0.05832,0.02744,0.1623,0.04599,0.07309,0.02489,0.03469,0.04093,0.2151,0.212,
2.107,0.2227,0.1046,0.05828,0.02752,0.162,0.04604,0.08597,0.01168,0.03508,0.04039,0.2168,0.2116,
2.108,0.2329,0.1043,0.05826,0.02761,0.1619,0.04662,0.08547,0.01203,0.03476,0.04041,0.2169,0.2117,
2.107,0.2256,0.1035,0.05838,0.02764,0.1618,0.04639,0.08559,0.01172,0.03475,0.04039,0.2179,0.2119,
2.111,0.2228,0.103,0.05843,0.02783,0.1618,0.04621,0.08585,0.01137,0.03697,0.04093,0.2153,0.2124,
2.114,0.2364,0.102,0.05862,0.02783,0.1616,0.06966,0.06223,0.011,0.0395,0.03826,0.2171,0.2123,
2.114,0.2269,0.1013,0.05861,0.02797,0.1618,0.06996,0.06229,0.01071,0.04058,0.0376,0.2168,0.2124,
2.115,0.2526,0.1005,0.05878,0.02808,0.1619,0.06984,0.06222,0.01099,0.04034,0.03799,0.2165,0.2128,
2.12,0.2885,0.09988,0.05893,0.02807,0.1617,0.07006,0.06205,0.01098,0.04018,0.04134,0.2141,0.2127,
2.118,0.2797,0.09961,0.05863,0.02814,0.1615,0.06906,0.06188,0.01098,0.0409,0.04058,0.2151,0.2136,
2.12,0.2666,0.09914,0.0586,0.02823,0.1614,0.06911,0.06193,0.01099,0.04185,0.04057,0.2144,0.2138,
2.119,0.2463,0.09751,0.05916,0.02833,0.1619,0.06881,0.06171,0.011,0.04247,0.04001,0.2145,0.2146,
2.119,0.2814,0.09713,0.05918,0.02843,0.1619,0.06833,0.06187,0.01147,0.04216,0.03975,0.2146,0.2152,
2.121,0.2458,0.09815,0.05929,0.02847,0.1618,0.06836,0.0619,0.01175,0.04191,0.03976,0.2147,0.2139,
2.121,0.2161,0.09753,0.05922,0.02866,0.1622,0.0685,0.06178,0.01195,0.04208,0.03941,0.2148,0.2139,
2.12,0.2029,0.09728,0.05926,0.02876,0.1618,0.06729,0.06182,0.01196,0.04237,0.03918,0.2149,0.2153,
2.119,0.2117,0.09623,0.05926,0.02899,0.1623,0.06733,0.06199,0.01183,0.04363,0.03797,0.2151,0.2154,
2.119,0.1991,0.09568,0.05923,0.02902,0.1625,0.06737,0.06203,0.01184,0.04437,0.03727,0.2152,0.2156,
2.119,0.1916,0.09855,0.05931,0.02909,0.1625,0.06556,0.06219,0.0117,0.0456,0.03606,0.2152,0.2142,
2.118,0.1945,0.098,0.05934,0.02915,0.1626,0.06559,0.06222,0.01171,0.04658,0.03513,0.2154,0.2143,
2.117,0.1933,0.09777,0.05947,0.02917,0.1625,0.06436,0.0624,0.01155,0.04722,0.03451,0.2154,0.2156,
2.129,0.2061,0.09674,0.05927,0.02913,0.1623,0.06332,0.06224,0.02886,0.03062,0.0358,0.2158,0.2159,
2.131,0.2089,0.098,0.05936,0.0292,0.1622,0.06232,0.06225,0.02907,0.03144,0.03588,0.2148,0.2155,
2.133,0.2052,0.09953,0.05973,0.02927,0.1621,0.0619,0.06213,0.02907,0.03144,0.03588,0.2148,0.2141,
2.133,0.2013,0.09847,0.05958,0.02936,0.1625,0.06122,0.06199,0.02932,0.03145,0.03688,0.2151,0.2142,
2.132,0.2016,0.09818,0.05961,0.02944,0.1624,0.06048,0.0619,0.02933,0.03194,0.03642,0.2151,0.2151,
2.131,0.1937,0.09763,0.05975,0.02955,0.1622,0.05961,0.06195,0.02994,0.03326,0.03455,0.2153,0.2162,
2.129,0.1996,0.09694,0.0597,0.02972,0.1623,0.05855,0.0619,0.02991,0.03324,0.03452,0.2162,0.217,
2.136,0.2022,0.1009,0.05991,0.02986,0.1621,0.05801,0.06191,0.02992,0.03372,0.03621,0.2141,0.2134,
2.135,0.2141,0.1003,0.06009,0.02938,0.1619,0.0578,0.06197,0.02981,0.03454,0.03545,0.2143,0.2145,
2.135,0.212,0.09987,0.06005,0.02952,0.1616,0.05895,0.06095,0.02984,0.0356,0.03446,0.2145,0.2147,
2.139,0.2188,0.09916,0.06015,0.02965,0.1611,0.05854,0.06107,0.0297,0.03632,0.03627,0.213,0.2151,
2.138,0.213,0.09852,0.05989,0.02975,0.1608,0.05861,0.06127,0.02963,0.0372,0.0352,0.214,0.2151,
2.136,0.2057,0.09817,0.05982,0.02987,0.1604,0.06932,0.0508,0.02945,0.03868,0.03354,0.215,0.2149,
2.135,0.2135,0.09613,0.06006,0.0299,0.1611,0.06879,0.05077,0.02943,0.03954,0.03342,0.2152,0.2157,
2.134,0.2049,0.09578,0.06012,0.02998,0.1609,0.06902,0.05074,0.02929,0.03953,0.03315,0.216,0.2155,
2.139,0.1961,0.09809,0.06024,0.0302,0.1612,0.0687,0.05074,0.0293,0.04064,0.03324,0.2149,0.2128,
2.138,0.2128,0.09754,0.0602,0.03024,0.1612,0.06834,0.0507,0.02938,0.04063,0.03308,0.2157,0.2129,
2.137,0.2245,0.09711,0.0601,0.03036,0.1611,0.06836,0.05075,0.02941,0.04109,0.03269,0.2159,0.2131,
2.142,0.2224,0.09658,0.06011,0.0305,0.161,0.0683,0.05089,0.0292,0.04191,0.03453,0.2141,0.2129,
2.145,0.2002,0.09534,0.05983,0.03061,0.1615,0.06842,0.05074,0.02919,0.04238,0.03652,0.2126,0.2129,
2.145,0.2434,0.09514,0.0595,0.0308,0.1613,0.06844,0.05092,0.02954,0.04274,0.03577,0.2128,0.213,
2.145,0.1849,0.09497,0.05966,0.03085,0.1611,0.06845,0.05107,0.0296,0.04278,0.03555,0.2129,0.2131,
2.138,0.2065,0.09468,0.05968,0.03093,0.1605,0.0681,0.05105,0.05258,0.01978,0.03554,0.2139,0.2133,
2.137,0.2084,0.09448,0.05961,0.03105,0.1604,0.06785,0.0509,0.05267,0.02032,0.03484,0.2139,0.2139,
2.136,0.2187,0.09407,0.05958,0.03113,0.1604,0.06735,0.05109,0.05314,0.01972,0.03486,0.2141,0.2146,
2.136,0.2268,0.09329,0.05947,0.03128,0.1605,0.06742,0.05127,0.05306,0.02041,0.03422,0.2143,0.2148,
2.135,0.2212,0.09263,0.0593,0.03136,0.1602,0.06723,0.05103,0.05288,0.02051,0.03403,0.2161,0.2148,
2.137,0.2226,0.09505,0.05919,0.03143,0.16,0.06652,0.05084,0.05254,0.021,0.03467,0.2157,0.213,
2.136,0.2216,0.09413,0.05918,0.03148,0.1608,0.06588,0.05098,0.05268,0.02073,0.03468,0.2158,0.2137,
2.136,0.2268,0.09376,0.05887,0.03154,0.1609,0.06593,0.05102,0.05605,0.01742,0.03666,0.214,0.2138,
2.136,0.2166,0.09315,0.05846,0.03159,0.1611,0.06625,0.05085,0.05611,0.01811,0.03604,0.2143,0.2141,
2.136,0.2352,0.09296,0.05836,0.0317,0.161,0.06627,0.05087,0.05613,0.01854,0.03562,0.2143,0.2142,
2.134,0.2367,0.09228,0.05818,0.03185,0.161,0.06552,0.05084,0.0561,0.01853,0.0356,0.2153,0.2148,
2.127,0.2129,0.09156,0.05788,0.03194,0.1612,0.06562,0.05142,0.06106,0.01331,0.03508,0.2163,0.2147,
2.128,0.1957,0.091,0.05776,0.0321,0.1613,0.0658,0.05132,0.0611,0.01332,0.03585,0.2157,0.2148,
2.134,0.1923,0.09225,0.0577,0.03222,0.1616,0.06574,0.0511,0.06137,0.01385,0.03758,0.2132,0.2134,
2.132,0.1864,0.0918,0.05785,0.03233,0.1616,0.06468,0.05111,0.0623,0.01392,0.03661,0.2132,0.2146,
2.13,0.1941,0.09164,0.05765,0.03194,0.1615,0.06501,0.05085,0.06266,0.0136,0.03663,0.2133,0.2152,
2.131,0.2077,0.09117,0.05757,0.03196,0.1613,0.06497,0.05706,0.05639,0.01473,0.03548,0.2143,0.2151,
2.128,0.2266,0.08743,0.05739,0.03196,0.164,0.06411,0.05698,0.05599,0.01492,0.03577,0.2162,0.2152,
2.127,0.2235,0.08692,0.05725,0.03199,0.1639,0.06477,0.05638,0.05615,0.01547,0.03488,0.2172,0.2151,
2.126,0.219,0.08639,0.05704,0.03206,0.164,0.06431,0.05659,0.05673,0.01536,0.0343,0.2174,0.2158,
2.136,0.2122,0.09237,0.05687,0.03167,0.1637,0.0643,0.05658,0.05672,0.01558,0.03734,0.2151,0.2098,
2.136,0.2066,0.09202,0.05709,0.03132,0.1632,0.06381,0.05678,0.05662,0.01629,0.03667,0.2153,0.2109,
2.137,0.2114,0.09143,0.05726,0.03143,0.163,0.06282,0.05682,0.0568,0.01617,0.03815,0.2141,0.2121,
2.137,0.2012,0.09045,0.05753,0.03147,0.1629,0.06277,0.05673,0.05686,0.01632,0.03806,0.2143,0.2126,
2.136,0.1986,0.08998,0.05765,0.03154,0.1624,0.06235,0.0567,0.05717,0.01665,0.03737,0.2153,0.2129,
2.138,0.1832,0.0895,0.05763,0.03165,0.1621,0.06191,0.05676,0.05723,0.01683,0.0387,0.2141,0.2136,
2.135,0.1799,0.08909,0.05782,0.03154,0.162,0.06008,0.05675,0.05725,0.01701,0.03854,0.2141,0.2158,
2.136,0.1896,0.08886,0.05777,0.03162,0.1619,0.06015,0.05656,0.05719,0.01822,0.03727,0.215,0.2155,
2.143,0.1917,0.09376,0.05775,0.03166,0.1616,0.06011,0.05652,0.05738,0.01869,0.03817,0.2143,0.21,
2.142,0.1821,0.09358,0.05768,0.03173,0.1614,0.05976,0.05655,0.05724,0.01935,0.03745,0.2151,0.2101,
2.141,0.1884,0.09301,0.0576,0.03177,0.1615,0.05915,0.05651,0.0573,0.01945,0.0372,0.216,0.2105,
2.144,0.1943,0.09203,0.05769,0.0316,0.1616,0.05912,0.05661,0.05713,0.01944,0.03984,0.2143,0.2106,
2.144,0.1871,0.09109,0.05758,0.03167,0.1613,0.05872,0.05654,0.05706,0.01975,0.03993,0.2157,0.2107,
2.144,0.1813,0.09078,0.05744,0.03176,0.1613,0.05808,0.05657,0.05709,0.02117,0.03853,0.2158,0.2115,
2.144,0.1847,0.09066,0.05736,0.03186,0.1609,0.0576,0.05676,0.05698,0.02215,0.0376,0.216,0.2121,
2.143,0.1938,0.09054,0.05728,0.03201,0.1608,0.05663,0.05687,0.0571,0.02302,0.03656,0.2161,0.2132,
2.151,0.1928,0.09043,0.05709,0.03203,0.1608,0.05665,0.05689,0.05712,0.02486,0.03932,0.2116,0.2133,
2.151,0.1895,0.08983,0.05728,0.0321,0.1607,0.05669,0.05693,0.05716,0.02488,0.03934,0.2117,0.2134,
2.151,0.1873,0.08945,0.05721,0.03216,0.1602,0.05667,0.05734,0.05685,0.02503,0.03904,0.2127,0.2133,
2.151,0.1854,0.08882,0.05724,0.0323,0.1602,0.05671,0.05738,0.05688,0.02505,0.03907,0.2128,0.2135,
2.15,0.1982,0.08783,0.05742,0.0324,0.1603,0.05637,0.05743,0.05722,0.02574,0.03814,0.213,0.2141,
2.145,0.1973,0.08401,0.05736,0.03141,0.1638,0.0558,0.05751,0.05703,0.02594,0.03788,0.2139,0.2154,
2.139,0.2199,0.08302,0.05727,0.03156,0.1639,0.0553,0.07245,0.04206,0.02615,0.03764,0.2149,0.2158,
2.138,0.2178,0.08274,0.05729,0.0313,0.1639,0.0551,0.07253,0.04207,0.02641,0.03726,0.2149,0.2164,
2.141,0.2296,0.08421,0.05721,0.03141,0.1637,0.05527,0.07244,0.04209,0.02673,0.03743,0.2146,0.2148,
2.129,0.2455,0.08559,0.05735,0.03146,0.1638,0.0545,0.08823,0.02635,0.02885,0.03533,0.2147,0.2138,
2.12,0.2354,0.08524,0.05739,0.03158,0.1632,0.05434,0.09535,0.01918,0.02869,0.03656,0.2145,0.214,
2.117,0.2172,0.08403,0.05702,0.03131,0.1635,0.05366,0.09554,0.01945,0.02855,0.03629,0.2156,0.2151,
2.116,0.2187,0.08354,0.05684,0.03132,0.1626,0.0536,0.09545,0.01943,0.02876,0.03601,0.2175,0.2149,
2.119,0.2047,0.08483,0.05678,0.03143,0.1626,0.05341,0.0956,0.01916,0.02899,0.037,0.2164,0.2138,
2.116,0.2041,0.0847,0.05686,0.0311,0.1615,0.05239,0.09588,0.01889,0.02923,0.03676,0.2175,0.2152,
2.12,0.2114,0.0839,0.05678,0.03114,0.1613,0.06682,0.08108,0.01872,0.02953,0.03645,0.2186,0.2157,
2.123,0.2069,0.08634,0.05667,0.03133,0.1615,0.06684,0.08124,0.01858,0.03226,0.03393,0.2184,0.2128,
2.121,0.2961,0.08592,0.05655,0.03137,0.1611,0.0662,0.08113,0.01843,0.03222,0.03373,0.2202,0.2131,
2.121,0.2825,0.08579,0.05653,0.03146,0.161,0.06608,0.0811,0.01858,0.03222,0.03351,0.2203,0.2135,
2.121,0.2886,0.08571,0.0564,0.03157,0.1606,0.06611,0.08117,0.01881,0.03204,0.03354,0.2204,0.2136,
2.121,0.2889,0.08557,0.05636,0.03171,0.1603,0.066,0.08123,0.01866,0.03305,0.03256,0.2206,0.214,
2.12,0.2275,0.085,0.05643,0.03177,0.1603,0.06603,0.081,0.01881,0.03359,0.03192,0.2207,0.2144,
2.125,0.2205,0.08425,0.05647,0.03186,0.1594,0.06582,0.08079,0.01879,0.03355,0.03543,0.2191,0.2145,
2.125,0.2046,0.08294,0.05648,0.03195,0.1602,0.06585,0.08083,0.0188,0.03371,0.03532,0.2193,0.2146,
2.123,0.2012,0.08174,0.05662,0.03167,0.161,0.06546,0.08086,0.01867,0.03549,0.03356,0.2193,0.2156,
2.122,0.2355,0.08065,0.05659,0.03172,0.1616,0.0658,0.08038,0.01865,0.03545,0.03353,0.2202,0.2154,
2.122,0.2236,0.08279,0.05661,0.03175,0.1617,0.06448,0.0803,0.01864,0.03543,0.03372,0.22,0.2146,
2.122,0.2014,0.08232,0.05668,0.0318,0.1617,0.0644,0.08029,0.01851,0.03592,0.03326,0.2201,0.215,
2.12,0.2011,0.08179,0.05642,0.0318,0.1614,0.06366,0.08015,0.01882,0.0362,0.03263,0.2212,0.2159,
2.119,0.2142,0.08146,0.05636,0.03173,0.1615,0.0634,0.08018,0.01906,0.03649,0.03213,0.2213,0.2164,
2.124,0.2045,0.08458,0.05634,0.03184,0.1608,0.06347,0.08026,0.01907,0.03732,0.03225,0.2206,0.2134,
2.123,0.2515,0.08376,0.05644,0.03195,0.1607,0.0627,0.08052,0.01891,0.03749,0.03215,0.2209,0.2145,
2.128,0.2037,0.0834,0.05665,0.03201,0.1608,0.06271,0.08066,0.01878,0.03749,0.03506,0.218,0.2145,
2.129,0.2089,0.08278,0.05675,0.03211,0.161,0.06185,0.08068,0.01879,0.03892,0.03499,0.2167,0.2154,
2.128,0.2114,0.08205,0.05689,0.03217,0.1614,0.06102,0.08081,0.01868,0.04018,0.03374,0.2167,0.2163,
2.127,0.224,0.08142,0.05696,0.03229,0.1611,0.0607,0.08077,0.01885,0.04018,0.03352,0.2177,0.2165,
2.132,0.2488,0.08489,0.05689,0.03241,0.1604,0.06078,0.08087,0.01901,0.0401,0.03424,0.2173,0.2131,
2.133,0.2314,0.08438,0.05666,0.0325,0.1605,0.06017,0.08081,0.01919,0.04089,0.03492,0.2165,0.2135,
2.139,0.2058,0.08415,0.05666,0.03263,0.1605,0.06031,0.08082,0.01906,0.04089,0.0379,0.2136,0.2135,
2.139,0.207,0.08362,0.05685,0.03275,0.1603,0.06049,0.08084,0.01896,0.04111,0.03773,0.2137,0.2137,
2.137,0.1867,0.08204,0.05664,0.03284,0.1611,0.06025,0.08069,0.01895,0.0411,0.03772,0.2147,0.214,
2.123,0.1878,0.08135,0.05673,0.0329,0.1615,0.07189,0.0781,0.009929,0.04111,0.03772,0.2147,0.214,
2.123,0.1829,0.08085,0.0569,0.03298,0.1614,0.07247,0.0776,0.009934,0.04179,0.03709,0.2149,0.2141,
2.127,0.182,0.08044,0.05702,0.03307,0.1609,0.07206,0.07733,0.01011,0.04181,0.03976,0.2128,0.2147,
2.124,0.2405,0.07736,0.05694,0.0331,0.1632,0.08089,0.06818,0.01011,0.04222,0.03932,0.2138,0.215,
2.123,0.2225,0.07706,0.05706,0.0332,0.1626,0.08059,0.0681,0.01012,0.04272,0.0389,0.214,0.2157,
2.123,0.2184,0.07688,0.05707,0.03326,0.1623,0.07993,0.06815,0.01026,0.04316,0.03838,0.2141,0.2165,
2.126,0.2175,0.07953,0.05712,0.03334,0.1619,0.08,0.06821,0.01038,0.04396,0.03754,0.2143,0.2137,
2.126,0.2272,0.07901,0.05734,0.03347,0.1618,0.07946,0.06823,0.01052,0.04427,0.03712,0.2144,0.2144,
2.125,0.2186,0.07873,0.05742,0.03357,0.1612,0.07913,0.06833,0.01037,0.045,0.03634,0.2153,0.2145,
2.126,0.207,0.07817,0.05762,0.03368,0.1612,0.07928,0.06849,0.01128,0.04388,0.03635,0.2154,0.2146,
2.125,0.2181,0.07794,0.05758,0.03377,0.161,0.0785,0.06842,0.01127,0.04434,0.0358,0.2163,0.2151,
2.124,0.1957,0.07753,0.05772,0.03386,0.1608,0.0779,0.06835,0.01146,0.04446,0.0354,0.2171,0.2154,
2.121,0.16,0.07714,0.05761,0.03383,0.1602,0.07689,0.06813,0.01153,0.04434,0.03516,0.2197,0.2155,
2.12,0.1639,0.07713,0.05756,0.03399,0.1598,0.07519,0.06817,0.01153,0.04464,0.0349,0.2198,0.2173,
2.116,0.1619,0.07618,0.05747,0.03352,0.1597,0.07466,0.06805,0.01151,0.04526,0.03415,0.2216,0.2179,
2.115,0.1844,0.07582,0.05745,0.03358,0.1599,0.07434,0.06806,0.01165,0.04731,0.03198,0.2217,0.2182,
2.115,0.1643,0.07575,0.05735,0.03368,0.1597,0.07402,0.06809,0.01166,0.04746,0.03185,0.2218,0.2187,
2.114,0.1682,0.07557,0.05742,0.03378,0.1594,0.07334,0.068,0.0118,0.04764,0.03158,0.2219,0.2196,
2.119,0.1668,0.07869,0.05786,0.03382,0.1584,0.07263,0.06808,0.01181,0.04769,0.03223,0.2215,0.2172,
2.124,0.2048,0.08034,0.05762,0.03382,0.1577,0.07209,0.068,0.01193,0.04782,0.03478,0.2206,0.2153,
2.121,0.1812,0.08007,0.05746,0.03394,0.1575,0.06985,0.06833,0.01167,0.04886,0.03379,0.2208,0.2178,
2.125,0.1971,0.08295,0.05728,0.03362,0.1574,0.06959,0.06848,0.01175,0.05007,0.03387,0.2194,0.2156,
2.122,0.1643,0.08222,0.05701,0.03337,0.1575,0.06863,0.06852,0.01176,0.0504,0.03363,0.2196,0.2173,
2.12,0.1674,0.08187,0.05685,0.03254,0.1571,0.06872,0.06861,0.01178,0.05069,0.03344,0.2199,0.2185,
2.127,0.2002,0.08575,0.0565,0.03253,0.1569,0.06869,0.06858,0.01177,0.05081,0.03517,0.219,0.2143,
2.125,0.1855,0.08498,0.05617,0.03254,0.1572,0.06845,0.06885,0.01183,0.05133,0.03445,0.2193,0.2149,
2.12,0.188,0.08487,0.05581,0.03241,0.1572,0.06485,0.06918,0.01181,0.05142,0.03411,0.2193,0.219,
2.12,0.1863,0.08452,0.05558,0.03254,0.1568,0.06448,0.06927,0.01217,0.05162,0.03366,0.2196,0.2197,
2.117,0.1831,0.08394,0.05559,0.03258,0.1566,0.0633,0.06923,0.01216,0.05233,0.0329,0.2206,0.2208,
2.128,0.177,0.08863,0.05579,0.03266,0.1569,0.06345,0.0692,0.01253,0.05212,0.03541,0.2179,0.2154,
2.129,0.1813,0.08798,0.05562,0.0328,0.1572,0.06298,0.06912,0.01265,0.05219,0.03628,0.2174,0.2157,
2.124,0.192,0.08449,0.0552,0.03279,0.16,0.06234,0.06916,0.01277,0.05252,0.03553,0.2193,0.216,
2.124,0.2082,0.08437,0.05514,0.0328,0.16,0.06195,0.06933,0.01289,0.0525,0.03529,0.2193,0.2164,
2.124,0.2343,0.084,0.05502,0.03293,0.1603,0.06195,0.06947,0.01303,0.05275,0.03476,0.2194,0.2164,
2.121,0.1889,0.08352,0.05481,0.03301,0.16,0.06182,0.06943,0.01305,0.05643,0.03118,0.2197,0.2171,
2.12,0.186,0.0833,0.05476,0.03304,0.1594,0.06151,0.06913,0.01337,0.05696,0.03028,0.2207,0.2175,
2.126,0.1957,0.08644,0.05494,0.03315,0.1588,0.0616,0.06881,0.01353,0.05814,0.03082,0.2192,0.2146,
2.124,0.196,0.08585,0.05518,0.03294,0.1589,0.06033,0.06882,0.01407,0.05801,0.03041,0.2193,0.2162,
2.121,0.1887,0.08551,0.05508,0.03249,0.1586,0.05989,0.06878,0.01406,0.05883,0.02954,0.2202,0.217,
2.125,0.1806,0.08841,0.05527,0.03205,0.1581,0.05948,0.06831,0.01427,0.05904,0.03028,0.22,0.2148,
2.122,0.187,0.08704,0.05517,0.03215,0.1592,0.05833,0.06844,0.01431,0.05984,0.02938,0.2201,0.2161,
2.121,0.1807,0.08633,0.05516,0.03219,0.1598,0.05813,0.06858,0.01431,0.05957,0.02938,0.2201,0.2164,
2.124,0.2213,0.0898,0.05523,0.0322,0.1597,0.06689,0.05847,0.01448,0.06038,0.02933,0.2198,0.2137,
2.137,0.2101,0.08952,0.055,0.03226,0.1594,0.06596,0.05817,0.04109,0.03372,0.02931,0.2208,0.2148,
2.135,0.2472,0.08897,0.05468,0.03232,0.1598,0.0652,0.05838,0.04095,0.03375,0.02933,0.221,0.2157,
2.134,0.2071,0.08885,0.05453,0.03229,0.1595,0.06514,0.05833,0.04105,0.03526,0.02763,0.2219,0.2155,
2.132,0.2019,0.08856,0.05443,0.03231,0.1589,0.0641,0.05832,0.04104,0.03575,0.02713,0.2229,0.2165,
2.127,0.1957,0.08537,0.05424,0.03235,0.161,0.06292,0.05844,0.04064,0.03569,0.02709,0.2248,0.2174,
2.127,0.2136,0.08531,0.05421,0.0324,0.1601,0.0629,0.05854,0.04072,0.03671,0.02586,0.2259,0.2174,
2.134,0.2058,0.08796,0.05442,0.03243,0.1607,0.06256,0.05867,0.0405,0.03668,0.02818,0.2245,0.2134,
2.131,0.2224,0.08782,0.05434,0.03202,0.1605,0.06272,0.06421,0.03487,0.0367,0.0289,0.2239,0.214,
2.13,0.206,0.08762,0.05414,0.03214,0.1601,0.06193,0.06441,0.03506,0.03701,0.02836,0.2241,0.2151,
2.129,0.1902,0.08701,0.0541,0.03224,0.1602,0.06166,0.06434,0.03508,0.03728,0.02814,0.2243,0.2157,
2.129,0.1875,0.08635,0.05425,0.03233,0.1601,0.06171,0.06439,0.03511,0.03732,0.02816,0.2245,0.2159,
2.128,0.2002,0.08588,0.05425,0.03237,0.16,0.06137,0.06433,0.03521,0.03762,0.02766,0.2254,0.2159,
2.134,0.1961,0.08644,0.05418,0.03211,0.1598,0.06141,0.06423,0.0352,0.0376,0.03087,0.2231,0.215,
2.134,0.2102,0.08636,0.05419,0.03218,0.1594,0.0609,0.06441,0.0353,0.03783,0.03047,0.2233,0.2157,
2.132,0.1946,0.08631,0.05392,0.03235,0.1588,0.05989,0.06447,0.03544,0.03776,0.0305,0.2235,0.217,
2.131,0.1933,0.08584,0.05405,0.03192,0.1588,0.05924,0.06461,0.03549,0.03786,0.03029,0.2236,0.2183,
2.13,0.1914,0.0855,0.05412,0.03204,0.1588,0.05889,0.06462,0.03549,0.03825,0.02991,0.2237,0.2187,
2.142,0.1942,0.09066,0.05411,0.03215,0.159,0.05892,0.06476,0.0354,0.03917,0.03257,0.2203,0.2131,
2.142,0.1927,0.09013,0.05421,0.03221,0.159,0.05895,0.06479,0.03541,0.03991,0.03186,0.2204,0.2132,
2.14,0.1983,0.08933,0.05414,0.03225,0.1592,0.05841,0.06488,0.03526,0.03988,0.03184,0.2213,0.2135,
2.14,0.1901,0.08898,0.05419,0.03227,0.1592,0.05843,0.0649,0.0354,0.04066,0.03095,0.2214,0.2136,
2.137,0.1825,0.08835,0.05416,0.03126,0.1595,0.05794,0.06493,0.03577,0.04066,0.03062,0.2215,0.2153,
2.136,0.1918,0.08772,0.05408,0.03087,0.1594,0.05791,0.06502,0.03561,0.04063,0.03114,0.2219,0.2157,
2.141,0.1659,0.08679,0.05403,0.03097,0.1593,0.05814,0.06476,0.03571,0.0408,0.03378,0.22,0.2156,
2.139,0.1805,0.08609,0.05404,0.03102,0.1592,0.05728,0.06496,0.03574,0.04109,0.03318,0.2211,0.2164,
2.138,0.178,0.0852,0.05396,0.03108,0.1597,0.05731,0.06513,0.03598,0.04133,0.03263,0.2212,0.2165,
2.137,0.1703,0.08447,0.054,0.03111,0.1593,0.05731,0.06512,0.0365,0.04094,0.03249,0.2223,0.2165,
2.137,0.166,0.08361,0.05416,0.03122,0.1594,0.05734,0.06517,0.03666,0.04112,0.03223,0.2224,0.2166,
2.137,0.1654,0.0833,0.0543,0.03135,0.1592,0.05765,0.06519,0.0364,0.04174,0.03164,0.2225,0.2167,
2.14,0.1941,0.0858,0.05439,0.03147,0.1594,0.08481,0.0382,0.03628,0.04282,0.03565,0.2175,0.2136,
2.141,0.1761,0.0857,0.05447,0.03158,0.1586,0.08491,0.03825,0.03653,0.04311,0.03549,0.2175,0.2139,
2.139,0.1808,0.08481,0.05437,0.03127,0.1585,0.08436,0.0385,0.03625,0.04366,0.03491,0.2185,0.2148,
2.137,0.1729,0.0841,0.05433,0.03131,0.1588,0.0839,0.03853,0.0364,0.04515,0.03333,0.2186,0.2155,
2.138,0.1698,0.0837,0.05456,0.0314,0.1588,0.08392,0.03867,0.03655,0.04558,0.03264,0.2187,0.2155,
2.144,0.1732,0.08338,0.05453,0.03151,0.1586,0.08371,0.03856,0.04144,0.04119,0.0359,0.2151,0.216,
2.144,0.1804,0.08308,0.05462,0.03149,0.1583,0.08377,0.03871,0.04129,0.04128,0.03556,0.216,0.2159,
2.142,0.188,0.08282,0.05464,0.03123,0.1579,0.08331,0.03847,0.04132,0.04131,0.03558,0.2162,0.2172,
2.144,0.178,0.08523,0.0548,0.03137,0.1581,0.08282,0.03843,0.04149,0.04118,0.03537,0.2163,0.2149,
2.144,0.1816,0.08502,0.05462,0.03143,0.1579,0.08289,0.03846,0.04179,0.04133,0.03501,0.2165,0.215,
2.143,0.2013,0.08488,0.05446,0.03129,0.1576,0.08267,0.0388,0.04152,0.04205,0.03435,0.2166,0.2158,
2.142,0.1842,0.08445,0.05463,0.03127,0.1574,0.0825,0.03857,0.04186,0.04163,0.03431,0.2175,0.2159,
2.141,0.1873,0.08416,0.05476,0.03137,0.1572,0.08103,0.03872,0.04187,0.04174,0.03451,0.2172,0.2174,
2.144,0.1866,0.08723,0.05461,0.03148,0.157,0.08055,0.0387,0.04171,0.04198,0.03437,0.2178,0.2146,
2.141,0.1874,0.08679,0.05471,0.03149,0.1567,0.0785,0.03867,0.04168,0.04209,0.03421,0.2187,0.2164,
2.14,0.1853,0.08665,0.0548,0.03154,0.1567,0.07712,0.03905,0.04148,0.04216,0.03396,0.2187,0.2178,
2.133,0.2067,0.08616,0.05496,0.03159,0.1565,0.07653,0.05368,0.02647,0.04212,0.03393,0.2196,0.2184,
2.131,0.2057,0.08517,0.05529,0.03141,0.1567,0.07565,0.05412,0.02635,0.04174,0.03395,0.2197,0.2199,
2.125,0.2299,0.0818,0.0553,0.03152,0.1598,0.07488,0.05442,0.04745,0.02036,0.03396,0.2198,0.2207,
2.124,0.2346,0.08153,0.05546,0.03156,0.1597,0.07368,0.05443,0.0476,0.02182,0.03237,0.2198,0.222,
2.127,0.2121,0.08187,0.05544,0.03163,0.1594,0.07328,0.05428,0.04825,0.02184,0.03348,0.2191,0.2214,
2.125,0.248,0.08097,0.05575,0.03169,0.1588,0.07223,0.0542,0.04817,0.02276,0.03248,0.221,0.222,
2.126,0.2353,0.08208,0.05577,0.03171,0.1584,0.07181,0.05416,0.048,0.02304,0.03272,0.2213,0.221,
2.126,0.2247,0.08149,0.05588,0.03178,0.1585,0.07168,0.05431,0.04806,0.02301,0.03245,0.2214,0.2214,
2.124,0.2165,0.08011,0.05623,0.03138,0.1587,0.0715,0.05415,0.04804,0.02452,0.03091,0.2224,0.2221,
2.12,0.2221,0.08494,0.05605,0.03154,0.159,0.08873,0.03669,0.04861,0.02505,0.03036,0.2221,0.217,
2.119,0.2161,0.08467,0.05615,0.03161,0.1587,0.08839,0.03658,0.04865,0.02534,0.0301,0.2222,0.2176,
2.118,0.25,0.08401,0.05639,0.03166,0.1587,0.08777,0.03646,0.0488,0.02549,0.02984,0.2223,0.2185,
2.117,0.2604,0.0837,0.05619,0.0317,0.1586,0.08662,0.03667,0.04852,0.02611,0.02918,0.2233,0.2195,
2.115,0.2549,0.08336,0.05603,0.03154,0.1583,0.08585,0.03693,0.04835,0.02688,0.02823,0.2242,0.2203,
2.126,0.2274,0.0888,0.05596,0.03173,0.1581,0.08536,0.03695,0.04916,0.02848,0.0293,0.2209,0.2153,
2.125,0.204,0.08836,0.05584,0.03184,0.1581,0.08449,0.03683,0.0492,0.0285,0.02932,0.221,0.2165,
2.123,0.2283,0.08707,0.05574,0.03191,0.1585,0.08365,0.03682,0.04932,0.02902,0.02864,0.2221,0.2172,
2.123,0.2131,0.08657,0.05578,0.032,0.1585,0.0833,0.03698,0.04921,0.02988,0.02782,0.2222,0.2177,
2.127,0.2015,0.08979,0.0558,0.03205,0.1581,0.08229,0.03696,0.04918,0.03107,0.02788,0.2219,0.215,
2.127,0.2034,0.08924,0.05596,0.0321,0.1578,0.08223,0.04553,0.0408,0.03081,0.02786,0.2229,0.2148,
2.134,0.2106,0.08879,0.05595,0.03224,0.1576,0.08117,0.04556,0.04069,0.03084,0.03166,0.2193,0.2163,
2.134,0.2048,0.08834,0.05608,0.03239,0.1571,0.07859,0.04574,0.04059,0.03111,0.0329,0.218,0.2191,
2.133,0.2056,0.08779,0.05608,0.03241,0.157,0.0778,0.04579,0.04077,0.03101,0.03293,0.2182,0.2202,
2.135,0.2078,0.09005,0.05627,0.03239,0.1566,0.07693,0.04569,0.04069,0.03141,0.03345,0.2189,0.2177,
2.134,0.2064,0.08984,0.0562,0.03197,0.1557,0.07653,0.0457,0.04089,0.03146,0.03321,0.22,0.2186,
2.131,0.2172,0.08932,0.05604,0.03193,0.1554,0.07532,0.04562,0.04081,0.0314,0.03311,0.2218,0.2193,
2.133,0.2089,0.08845,0.05575,0.032,0.1573,0.07502,0.0456,0.0408,0.03188,0.03411,0.2213,0.2178,
2.137,0.2193,0.09087,0.05579,0.03205,0.1572,0.07452,0.04578,0.04082,0.03201,0.03489,0.2205,0.2156,
2.137,0.2186,0.09359,0.05575,0.0321,0.1572,0.07351,0.05281,0.03386,0.03185,0.03563,0.2206,0.213,
2.136,0.2139,0.09281,0.05563,0.03227,0.157,0.07319,0.05291,0.03357,0.03206,0.03537,0.2216,0.2136,
2.137,0.2148,0.0919,0.05562,0.03237,0.1576,0.07306,0.05281,0.03358,0.03257,0.03595,0.2206,0.2139,
2.137,0.2202,0.09109,0.05552,0.03257,0.1578,0.07284,0.053,0.03346,0.03459,0.03395,0.2208,0.2144,
2.131,0.2281,0.08989,0.0553,0.03261,0.1587,0.07161,0.05921,0.02762,0.0343,0.03398,0.221,0.2158,
2.134,0.2226,0.08973,0.0552,0.03269,0.1587,0.07078,0.0592,0.0277,0.03412,0.03633,0.2187,0.2168,
2.133,0.2228,0.08918,0.05512,0.03276,0.1586,0.07045,0.0593,0.0281,0.03355,0.03631,0.2196,0.217,
2.147,0.2407,0.09221,0.05508,0.03279,0.1579,0.07041,0.05901,0.02843,0.03329,0.04332,0.2149,0.2126,
2.146,0.27,0.09189,0.05507,0.03282,0.1575,0.06995,0.05898,0.02882,0.03287,0.0433,0.2159,0.2129,
2.144,0.2096,0.091,0.05498,0.03239,0.1576,0.06991,0.05896,0.02901,0.03293,0.04301,0.2169,0.2133,
2.141,0.2194,0.09007,0.0549,0.03253,0.158,0.06726,0.05901,0.02916,0.03332,0.04254,0.2171,0.2162,
2.146,0.2047,0.09081,0.05514,0.03256,0.1611,0.06706,0.05883,0.02915,0.03362,0.04466,0.2156,0.2115,
2.146,0.2028,0.09009,0.055,0.03259,0.1612,0.06716,0.05878,0.02902,0.03469,0.04354,0.2165,0.2114,
2.145,0.1972,0.08973,0.05477,0.03263,0.1608,0.06529,0.05904,0.02875,0.03541,0.04395,0.2164,0.2132,
2.143,0.2021,0.08938,0.0545,0.0326,0.1599,0.06542,0.05874,0.02872,0.03626,0.04303,0.2184,0.213,
2.142,0.1995,0.08889,0.05425,0.03228,0.1602,0.06516,0.05878,0.02874,0.03704,0.0423,0.2185,0.2138,
2.139,0.2174,0.08855,0.05419,0.03234,0.1601,0.06473,0.06345,0.0243,0.0371,0.04272,0.218,0.2144,
2.14,0.1928,0.08805,0.05406,0.03243,0.1602,0.06432,0.06349,0.02443,0.03726,0.04383,0.2168,0.215,
2.138,0.1958,0.08747,0.05412,0.03261,0.1599,0.06321,0.06387,0.02443,0.03708,0.04353,0.2178,0.216,
2.136,0.1936,0.08739,0.05392,0.03277,0.1598,0.06142,0.0639,0.02444,0.03709,0.04354,0.2179,0.2179,
2.133,0.191,0.08675,0.0541,0.03271,0.1593,0.06015,0.06382,0.02414,0.03702,0.04346,0.2196,0.2189,
2.136,0.2023,0.09002,0.05404,0.03272,0.1582,0.05912,0.06376,0.02411,0.03698,0.04465,0.2204,0.216,
2.134,0.2026,0.08976,0.05411,0.03278,0.1575,0.05821,0.06413,0.02385,0.03729,0.04443,0.2207,0.2173,
2.127,0.2157,0.08959,0.05374,0.03286,0.1574,0.05737,0.06942,0.01881,0.03714,0.04447,0.2209,0.2183,
2.133,0.2141,0.09376,0.0536,0.03285,0.1569,0.05517,0.06944,0.01896,0.03734,0.04779,0.2187,0.2155,
2.136,0.2129,0.09659,0.0537,0.03284,0.1569,0.05487,0.06939,0.0194,0.03812,0.04705,0.2186,0.2125,
2.138,0.2048,0.09611,0.05386,0.03292,0.1568,0.05425,0.06929,0.01941,0.03837,0.04828,0.2173,0.2134,
2.142,0.2164,0.09578,0.0539,0.03304,0.1564,0.054,0.06922,0.01972,0.03906,0.05009,0.2148,0.214,
2.142,0.2144,0.09531,0.05408,0.03311,0.1561,0.05417,0.06913,0.01973,0.0402,0.04901,0.2149,0.2142,
2.142,0.2084,0.09479,0.05411,0.03324,0.1561,0.0542,0.06917,0.02001,0.03995,0.04904,0.215,0.2143,
2.14,0.2075,0.09427,0.05387,0.03336,0.1557,0.05276,0.06917,0.02001,0.03995,0.04904,0.2161,0.2158,
2.142,0.2033,0.09342,0.05405,0.03344,0.1555,0.05202,0.06925,0.04066,0.0199,0.05102,0.2139,0.2168,
2.141,0.2106,0.09336,0.05402,0.03356,0.155,0.05069,0.06936,0.04055,0.02102,0.04996,0.2141,0.2184,
2.142,0.2049,0.09265,0.05442,0.03367,0.1542,0.05089,0.06931,0.04061,0.02186,0.04922,0.2144,0.2188,
2.143,0.2107,0.09397,0.05457,0.03376,0.1536,0.05049,0.06913,0.04066,0.02211,0.04905,0.2147,0.218,
2.143,0.2094,0.09328,0.05451,0.03385,0.1537,0.05095,0.06899,0.04072,0.02191,0.04909,0.2149,0.2182,
2.145,0.2134,0.09425,0.05463,0.03393,0.1537,0.0511,0.06887,0.04092,0.0229,0.04795,0.215,0.2167,
2.146,0.2075,0.09405,0.05467,0.03394,0.1537,0.05032,0.06906,0.04091,0.02582,0.04491,0.215,0.2176,
2.145,0.229,0.09378,0.05464,0.03396,0.1537,0.05042,0.06887,0.04092,0.02602,0.04459,0.2151,0.218,
2.144,0.2232,0.09339,0.05476,0.03368,0.1532,0.04984,0.06894,0.04082,0.02662,0.04406,0.2153,0.2193,
2.146,0.2381,0.09517,0.05483,0.03374,0.1532,0.05009,0.06863,0.0408,0.02814,0.04251,0.2163,0.2166,
2.147,0.2334,0.09216,0.05474,0.03378,0.1556,0.05854,0.06016,0.041,0.03052,0.03988,0.2165,0.2171,
2.126,0.2572,0.09169,0.05476,0.03386,0.1552,0.09328,0.02556,0.0413,0.03081,0.03941,0.2167,0.2173,
2.126,0.2348,0.09147,0.05471,0.03406,0.1552,0.09266,0.02557,0.04117,0.03081,0.03942,0.2168,0.2182,
2.128,0.234,0.09435,0.0543,0.03423,0.1554,0.09244,0.02546,0.04164,0.03099,0.03885,0.217,0.2154,
2.127,0.2289,0.09396,0.05431,0.03428,0.1555,0.09126,0.02546,0.04179,0.0318,0.03793,0.217,0.2167,
2.125,0.2377,0.09333,0.0542,0.03441,0.1556,0.09019,0.02544,0.04187,0.03226,0.0373,0.2179,0.2175,
2.131,0.2375,0.09604,0.05445,0.03449,0.1554,0.08907,0.02542,0.04183,0.03246,0.03941,0.2164,0.215,
2.13,0.232,0.09547,0.05437,0.0343,0.1555,0.08898,0.02544,0.04172,0.03275,0.03917,0.2166,0.2157,
2.129,0.2301,0.09357,0.05441,0.03432,0.1574,0.08898,0.02544,0.04219,0.03287,0.03858,0.2166,0.2157,
2.128,0.2291,0.09292,0.0546,0.03412,0.1573,0.08876,0.02545,0.04222,0.03379,0.0377,0.2167,0.2164,
2.128,0.2394,0.09243,0.05466,0.03417,0.1574,0.08857,0.02529,0.04235,0.03399,0.03742,0.2168,0.2169,
2.128,0.24,0.09177,0.05504,0.0342,0.157,0.08851,0.02538,0.04221,0.03445,0.03691,0.2178,0.2167,
2.127,0.2453,0.09142,0.05493,0.03439,0.1571,0.08768,0.02539,0.04222,0.03544,0.03594,0.2178,0.2177,
2.125,0.2393,0.09093,0.0547,0.03436,0.1566,0.08675,0.02544,0.04207,0.03622,0.03506,0.2197,0.2182,
2.124,0.2316,0.08977,0.05498,0.03433,0.1569,0.08669,0.02542,0.04218,0.03606,0.03503,0.2206,0.218,
2.123,0.2394,0.08964,0.05504,0.03442,0.1568,0.08606,0.02542,0.04205,0.0371,0.034,0.2207,0.2188,
2.122,0.2403,0.08928,0.05478,0.03455,0.1566,0.08613,0.02541,0.04202,0.03756,0.03335,0.2216,0.2187,
2.12,0.2224,0.08901,0.05437,0.03465,0.1565,0.08515,0.02539,0.04224,0.03753,0.0331,0.2226,0.2195,
2.12,0.2246,0.08863,0.05421,0.03484,0.1565,0.0846,0.02574,0.04225,0.03736,0.03298,0.2227,0.2202,
2.12,0.2384,0.08849,0.05419,0.03493,0.1564,0.08462,0.02601,0.0422,0.03746,0.0327,0.2228,0.2202,
2.127,0.2246,0.09282,0.05433,0.03499,0.1563,0.08374,0.02618,0.04221,0.03728,0.03448,0.221,0.2166,
2.125,0.2325,0.09257,0.0544,0.03501,0.1561,0.08214,0.02619,0.04245,0.03965,0.03193,0.2212,0.2184,
2.123,0.2357,0.09221,0.05406,0.03511,0.1563,0.08131,0.02621,0.04266,0.04112,0.03033,0.2213,0.2194,
2.12,0.2442,0.09185,0.054,0.03465,0.156,0.08069,0.02619,0.04263,0.04339,0.02801,0.2223,0.2203,
2.119,0.2561,0.09182,0.05387,0.03473,0.1558,0.08023,0.0262,0.04292,0.0448,0.02636,0.2224,0.2209,
2.12,0.2449,0.09142,0.05407,0.03489,0.1555,0.07978,0.0362,0.03268,0.0452,0.02585,0.2225,0.2219,
2.117,0.2401,0.09051,0.0542,0.035,0.1557,0.0784,0.03623,0.03284,0.04611,0.02486,0.2226,0.2235,
2.115,0.2461,0.08988,0.05418,0.03505,0.1556,0.07787,0.03608,0.03292,0.04701,0.02364,0.2236,0.2241,
2.117,0.2406,0.09294,0.05423,0.03464,0.1552,0.07757,0.03619,0.03277,0.0478,0.0233,0.224,0.2214,
2.116,0.2428,0.09226,0.05424,0.0347,0.1557,0.0772,0.03633,0.03278,0.0478,0.02301,0.224,0.2219,
2.114,0.2607,0.08956,0.0542,0.0347,0.158,0.07712,0.03629,0.03319,0.04765,0.02265,0.2249,0.2217,
2.114,0.2348,0.08926,0.05438,0.03474,0.1578,0.07728,0.03645,0.03293,0.04767,0.02266,0.225,0.2218,
2.113,0.2291,0.08888,0.05438,0.03479,0.158,0.0773,0.03778,0.03161,0.04834,0.02201,0.2251,0.2219,
2.112,0.2279,0.08863,0.05456,0.03485,0.1579,0.07693,0.03808,0.03153,0.04799,0.02201,0.2251,0.2224,
2.111,0.2323,0.08801,0.05474,0.03491,0.1578,0.07686,0.03804,0.03164,0.04857,0.02123,0.226,0.2222,
2.108,0.2328,0.08777,0.05462,0.03446,0.1576,0.07538,0.03817,0.03157,0.04866,0.02093,0.2269,0.2239,
2.109,0.2068,0.09087,0.05439,0.03407,0.1573,0.07476,0.03861,0.03116,0.04826,0.02139,0.2282,0.2211,
2.107,0.212,0.09046,0.0544,0.03405,0.1572,0.07373,0.03843,0.03123,0.0481,0.02137,0.2291,0.2219,
2.104,0.2176,0.09024,0.0545,0.03356,0.1573,0.07172,0.0384,0.0312,0.04844,0.02099,0.2291,0.2246,
2.1,0.2227,0.08956,0.05478,0.03365,0.1573,0.06962,0.03797,0.03121,0.04927,0.02019,0.2292,0.2273,
2.097,0.2239,0.08888,0.0547,0.03317,0.1567,0.06965,0.03789,0.03106,0.04953,0.01983,0.2311,0.2275,
2.096,0.2132,0.08834,0.05495,0.03331,0.1566,0.06997,0.03791,0.03089,0.05063,0.01861,0.2312,0.2275,
2.107,0.2167,0.09481,0.05482,0.03353,0.1567,0.06921,0.03799,0.03069,0.05066,0.02128,0.2287,0.2216,
2.106,0.2102,0.09416,0.05458,0.03377,0.1568,0.06833,0.03802,0.03071,0.05086,0.02114,0.2289,0.2227,
2.108,0.2093,0.09544,0.05454,0.03382,0.1568,0.06789,0.03805,0.03074,0.05091,0.02186,0.2284,0.2216,
2.108,0.212,0.0951,0.05452,0.03385,0.1566,0.06751,0.03817,0.03067,0.05094,0.02187,0.2286,0.2222,
2.112,0.2225,0.09616,0.0544,0.03399,0.1565,0.06768,0.03822,0.03071,0.05078,0.02338,0.2272,0.221,
2.11,0.2006,0.09499,0.05424,0.03402,0.1566,0.06716,0.03845,0.03037,0.05069,0.02335,0.2291,0.221,
2.108,0.21,0.09436,0.05402,0.03406,0.1557,0.06713,0.03822,0.03029,0.05091,0.02294,0.2319,0.2205,
2.106,0.2269,0.09312,0.0544,0.03391,0.1556,0.0671,0.0382,0.03028,0.0514,0.02242,0.233,0.2206,
2.109,0.2513,0.09538,0.05441,0.03397,0.1554,0.06675,0.03851,0.03015,0.05166,0.02288,0.2324,0.2185,
2.113,0.2134,0.09746,0.05445,0.03398,0.1552,0.06632,0.0385,0.03053,0.05125,0.02384,0.2325,0.216,
2.113,0.2029,0.09701,0.05442,0.03413,0.1551,0.06586,0.03852,0.03117,0.05067,0.02386,0.2326,0.2166,
2.096,0.2312,0.09688,0.05403,0.0342,0.1548,0.06609,0.05718,0.01248,0.05036,0.02384,0.2337,0.2165,
2.098,0.2378,0.09824,0.05393,0.03425,0.1547,0.06599,0.05734,0.01221,0.05113,0.02376,0.2332,0.2153,
2.098,0.2008,0.09783,0.05381,0.03436,0.1546,0.06566,0.05725,0.01264,0.05089,0.02364,0.2333,0.216,
2.097,0.2076,0.09721,0.05391,0.03443,0.1539,0.06593,0.05698,0.01264,0.05102,0.02351,0.2345,0.216,
2.096,0.1951,0.09675,0.05405,0.03452,0.1533,0.06505,0.05694,0.01338,0.05047,0.02327,0.2355,0.2167,
2.096,0.1926,0.09647,0.05408,0.03461,0.1528,0.06542,0.0567,0.01339,0.0513,0.0225,0.2358,0.2169,
2.095,0.205,0.0956,0.05413,0.03475,0.1524,0.06595,0.05655,0.01313,0.05135,0.02252,0.236,0.2176,
2.097,0.2002,0.09665,0.05435,0.03485,0.152,0.06602,0.05674,0.01371,0.05194,0.02176,0.2358,0.2162,
2.099,0.1964,0.09643,0.05443,0.03487,0.1517,0.06619,0.05677,0.01427,0.0516,0.02191,0.2355,0.2164,
2.098,0.1959,0.09602,0.05453,0.03494,0.1518,0.06635,0.05682,0.0141,0.05212,0.0214,0.2355,0.2164,
2.096,0.2,0.09588,0.05443,0.03455,0.1514,0.06631,0.05668,0.0143,0.05186,0.02116,0.2365,0.2169,
2.094,0.1893,0.09565,0.05413,0.03465,0.1513,0.06658,0.05618,0.01455,0.05332,0.01952,0.2367,0.2174,
2.091,0.1943,0.09497,0.05384,0.0342,0.1506,0.06661,0.05558,0.01462,0.05294,0.01943,0.2403,0.2169,
2.089,0.2036,0.09425,0.0541,0.03425,0.1505,0.06669,0.05591,0.01408,0.05289,0.01941,0.2413,0.2167,
2.089,0.1961,0.0942,0.05404,0.03429,0.1504,0.06679,0.05552,0.01422,0.05276,0.01941,0.2414,0.217,
2.086,0.2072,0.0939,0.05392,0.03403,0.1504,0.07465,0.04785,0.01423,0.05265,0.01942,0.2415,0.2175,
2.085,0.204,0.0934,0.05386,0.03406,0.1506,0.07401,0.04773,0.01476,0.05234,0.01923,0.2416,0.2184,
2.084,0.2017,0.0931,0.05382,0.03406,0.1502,0.07396,0.0477,0.01529,0.05222,0.01875,0.2426,0.2183,
2.084,0.2006,0.09265,0.0539,0.0341,0.1505,0.07465,0.04714,0.01518,0.05249,0.01849,0.2426,0.2183,
2.082,0.2028,0.09168,0.05387,0.03412,0.1511,0.07447,0.04702,0.01506,0.05251,0.01848,0.2428,0.2189,
2.091,0.2513,0.08795,0.05421,0.03417,0.1543,0.0746,0.04705,0.03712,0.03162,0.0172,0.2428,0.2189,
2.09,0.2547,0.08755,0.05405,0.03416,0.1544,0.07493,0.04695,0.03702,0.03164,0.01721,0.243,0.2191,
2.088,0.2412,0.08739,0.05389,0.03424,0.1539,0.07501,0.047,0.0369,0.03262,0.01606,0.244,0.2189,
2.093,0.2285,0.08924,0.05386,0.03435,0.1535,0.0756,0.04663,0.03713,0.03242,0.01713,0.243,0.2172,
2.095,0.2435,0.09539,0.05404,0.03442,0.1534,0.07565,0.04703,0.04894,0.02145,0.01693,0.2422,0.2105,
2.096,0.2931,0.09509,0.0538,0.03447,0.1533,0.07524,0.04685,0.04889,0.02196,0.01718,0.2424,0.2108,
2.095,0.2599,0.0947,0.05381,0.03452,0.1532,0.07528,0.04688,0.04892,0.02197,0.01719,0.2425,0.211,
2.093,0.2296,0.09426,0.05365,0.03451,0.1531,0.07462,0.04695,0.04928,0.02169,0.01694,0.2436,0.2114,
2.097,0.2389,0.09367,0.0536,0.03455,0.1534,0.07447,0.04747,0.04878,0.0217,0.01865,0.2419,0.2118,
2.097,0.2222,0.09303,0.05341,0.03462,0.1538,0.07451,0.0475,0.04899,0.02183,0.01837,0.242,0.2119,
2.106,0.2165,0.09237,0.05362,0.03462,0.1535,0.0746,0.04748,0.04895,0.02168,0.02255,0.2389,0.2118,
2.107,0.2112,0.09199,0.05333,0.03469,0.1533,0.07482,0.0474,0.0494,0.0213,0.0232,0.2385,0.212,
2.107,0.1899,0.0883,0.05325,0.03462,0.1557,0.07415,0.04743,0.04916,0.02126,0.02478,0.2388,0.2126,
2.106,0.1892,0.08815,0.05325,0.03468,0.1557,0.07391,0.04746,0.04903,0.0214,0.02464,0.2388,0.213,
2.107,0.1847,0.08765,0.05326,0.0347,0.156,0.0733,0.04802,0.04863,0.02177,0.02493,0.2381,0.2137,
2.107,0.1928,0.08762,0.0533,0.03473,0.1558,0.0727,0.04803,0.04864,0.02191,0.02479,0.2381,0.2143,
2.105,0.1883,0.08737,0.05307,0.03456,0.1559,0.07204,0.04806,0.0487,0.02216,0.02443,0.2383,0.2155,
2.103,0.1832,0.08724,0.0528,0.03386,0.1559,0.07206,0.04875,0.04803,0.02217,0.02444,0.2383,0.2164,
2.104,0.1931,0.08681,0.05281,0.0339,0.1562,0.07222,0.04876,0.04818,0.02232,0.02461,0.2378,0.2164,
2.104,0.1855,0.08629,0.05314,0.03393,0.156,0.07212,0.04922,0.04776,0.0222,0.02462,0.2379,0.2168,
2.107,0.2084,0.08822,0.05295,0.034,0.156,0.07195,0.0607,0.03594,0.02204,0.02705,0.2365,0.2147,
2.104,0.2179,0.08783,0.05282,0.03372,0.1555,0.07206,0.06045,0.03572,0.022,0.02699,0.2383,0.2146,
2.096,0.2416,0.08705,0.05285,0.03376,0.1561,0.07206,0.07086,0.02531,0.02226,0.02673,0.2383,0.2147,
2.095,0.1855,0.08692,0.05288,0.03379,0.156,0.07172,0.07088,0.02531,0.02237,0.02649,0.2384,0.2153,
2.094,0.1883,0.08664,0.05259,0.03379,0.1563,0.07087,0.07105,0.02533,0.02225,0.0265,0.2385,0.2162,
2.098,0.1897,0.08756,0.05259,0.03385,0.1563,0.07048,0.07098,0.0253,0.02269,0.02771,0.2378,0.2148,
2.097,0.1927,0.08696,0.05271,0.03387,0.1562,0.07063,0.07081,0.02514,0.02291,0.02744,0.2387,0.2146,
2.095,0.1999,0.08656,0.05262,0.03356,0.1556,0.07062,0.0708,0.02513,0.02291,0.02743,0.2398,0.2149,
2.1,0.2017,0.08604,0.05281,0.03324,0.1554,0.07054,0.07113,0.0247,0.02347,0.02973,0.2379,0.215,
2.09,0.2138,0.08538,0.05274,0.03319,0.1553,0.06968,0.07879,0.01711,0.02315,0.03085,0.2385,0.2153,
2.093,0.2175,0.08629,0.05265,0.03317,0.1549,0.06964,0.0786,0.01693,0.02309,0.0326,0.2385,0.2136,
2.093,0.2129,0.08369,0.05254,0.03324,0.1574,0.06951,0.07891,0.0165,0.02362,0.03349,0.2372,0.2139,
2.093,0.2126,0.08369,0.05254,0.03331,0.1571,0.06947,0.0788,0.01647,0.02386,0.03316,0.2372,0.2143,
2.099,0.2253,0.08317,0.05281,0.03336,0.1572,0.0696,0.07888,0.01631,0.024,0.03597,0.2344,0.2144,
2.097,0.2365,0.08275,0.05283,0.03337,0.1568,0.06885,0.07853,0.01627,0.02426,0.03557,0.2362,0.2146,
2.101,0.2201,0.08557,0.05267,0.0334,0.1565,0.06785,0.07835,0.01636,0.02482,0.03681,0.2352,0.2125,
2.101,0.2288,0.08511,0.05311,0.03284,0.1565,0.06847,0.07744,0.01663,0.02503,0.03633,0.2352,0.2134,
2.1,0.23,0.08479,0.05316,0.0329,0.1565,0.06827,0.07738,0.01667,0.0254,0.03578,0.2352,0.2139,
2.097,0.2372,0.08399,0.05316,0.03293,0.1567,0.06635,0.07718,0.01652,0.02563,0.03549,0.2362,0.2158,
2.099,0.2242,0.08413,0.05329,0.03288,0.1567,0.06621,0.07715,0.01659,0.02547,0.03675,0.2366,0.2143,
2.097,0.2222,0.084,0.05315,0.03294,0.1564,0.06518,0.0768,0.01658,0.02602,0.03613,0.2375,0.2153,
2.103,0.2184,0.0859,0.0531,0.033,0.1564,0.06546,0.07669,0.01662,0.02668,0.03755,0.2354,0.2133,
2.087,0.2681,0.08852,0.05307,0.03289,0.1562,0.115,0.0268,0.01664,0.02657,0.04428,0.2289,0.2112,
2.087,0.2663,0.08517,0.05297,0.03296,0.1593,0.1146,0.02661,0.01696,0.02774,0.04368,0.2281,0.2119,
2.085,0.2552,0.0847,0.05295,0.03301,0.1593,0.1138,0.02673,0.01659,0.02833,0.04313,0.2282,0.2132,
2.085,0.2396,0.08419,0.05288,0.0331,0.1596,0.114,0.02663,0.01646,0.02847,0.04301,0.2283,0.2133,
2.084,0.2664,0.08374,0.05278,0.03315,0.159,0.1144,0.02666,0.01644,0.02802,0.04368,0.2286,0.2136,
2.083,0.23,0.08345,0.05294,0.0329,0.1587,0.1155,0.02578,0.01637,0.02869,0.04291,0.2288,0.214,
2.083,0.2754,0.08307,0.05313,0.033,0.1587,0.1154,0.02556,0.02522,0.02006,0.04243,0.2288,0.2147,
2.085,0.2545,0.085,0.05323,0.03264,0.1585,0.1145,0.02585,0.02508,0.02022,0.04282,0.2282,0.2139,
2.086,0.2886,0.08433,0.05317,0.03275,0.1588,0.1144,0.02608,0.02517,0.02054,0.04242,0.2287,0.2137,
2.095,0.2693,0.08566,0.05304,0.03275,0.1586,0.1135,0.02595,0.02515,0.02077,0.0482,0.2236,0.2128,
2.099,0.273,0.08548,0.05305,0.03283,0.1586,0.113,0.02579,0.02501,0.0214,0.0502,0.221,0.2136,
2.099,0.2705,0.08388,0.05294,0.03292,0.1597,0.1137,0.02523,0.02516,0.023,0.04852,0.2212,0.2138,
2.098,0.2604,0.08325,0.05294,0.03297,0.1602,0.1137,0.02538,0.02565,0.02238,0.04853,0.2212,0.2138,
2.097,0.2613,0.08274,0.05319,0.03301,0.1602,0.1117,0.02566,0.02538,0.02279,0.04814,0.2213,0.2159,
2.094,0.2385,0.08098,0.05292,0.033,0.1615,0.1097,0.02558,0.02555,0.02347,0.04711,0.2222,0.2179,
2.093,0.2421,0.08101,0.05278,0.03302,0.1612,0.1076,0.02539,0.02556,0.02383,0.04679,0.2224,0.2204,
2.091,0.2441,0.08066,0.05246,0.03312,0.1607,0.1065,0.0255,0.02534,0.02413,0.04636,0.2242,0.221,
2.102,0.2346,0.08617,0.05245,0.03332,0.1603,0.1054,0.02568,0.0252,0.02663,0.04692,0.2214,0.2166,
2.101,0.2472,0.08581,0.05249,0.03336,0.1599,0.104,0.0257,0.02536,0.02702,0.04646,0.2216,0.2183,
2.105,0.2227,0.09007,0.05237,0.0334,0.1596,0.1027,0.02572,0.02538,0.02741,0.04699,0.221,0.2153,
2.113,0.2118,0.09168,0.05225,0.03353,0.1597,0.102,0.02574,0.0254,0.02838,0.05019,0.217,0.2141,
2.112,0.2104,0.09288,0.05208,0.03343,0.1586,0.1008,0.02524,0.02527,0.02871,0.05022,0.2206,0.2121,
2.112,0.2341,0.09153,0.05238,0.03359,0.1592,0.09967,0.02544,0.02511,0.02982,0.04916,0.2208,0.2134,
2.11,0.2299,0.09103,0.05247,0.03323,0.1587,0.09845,0.02551,0.02501,0.03031,0.04864,0.2218,0.2149,
2.108,0.2046,0.09046,0.05218,0.03327,0.1579,0.09788,0.02583,0.02463,0.0308,0.04808,0.2238,0.2152,
2.11,0.1952,0.0917,0.05197,0.03295,0.1574,0.09563,0.02582,0.02485,0.03102,0.05028,0.2223,0.2161,
2.108,0.1858,0.09072,0.05203,0.03296,0.1572,0.09443,0.02578,0.02481,0.03161,0.04955,0.2241,0.2168,
2.117,0.191,0.09631,0.05152,0.03296,0.1566,0.09418,0.02571,0.02474,0.03423,0.04979,0.2238,0.2102,
2.115,0.2114,0.09579,0.05134,0.03296,0.156,0.09371,0.02556,0.02471,0.03436,0.04954,0.2257,0.2103,
2.115,0.1868,0.0954,0.05134,0.03275,0.1556,0.09391,0.02548,0.02473,0.03467,0.04967,0.2256,0.2109,
2.113,0.1748,0.09501,0.05102,0.03232,0.1555,0.09271,0.02551,0.02476,0.03471,0.04972,0.2259,0.2129,
2.11,0.1729,0.09417,0.05097,0.03197,0.1555,0.09178,0.02564,0.02494,0.0345,0.04956,0.2269,0.2141,
2.108,0.1712,0.09405,0.0509,0.03161,0.155,0.09082,0.02562,0.02513,0.0344,0.04939,0.2279,0.2153,
2.108,0.1787,0.09345,0.05077,0.03163,0.1556,0.0904,0.02538,0.02526,0.03427,0.05009,0.2283,0.2148,
2.107,0.1722,0.09315,0.05082,0.03167,0.1551,0.09088,0.02483,0.02538,0.03442,0.04976,0.2293,0.2147,
2.117,0.1744,0.09593,0.0509,0.03178,0.1546,0.09076,0.02512,0.02501,0.03608,0.0526,0.2252,0.2121,
2.09,0.1721,0.0958,0.05078,0.03189,0.1544,0.1067,0.009274,0.02522,0.03591,0.05367,0.2242,0.2122,
2.089,0.1984,0.09523,0.05103,0.03192,0.1544,0.1053,0.009278,0.0251,0.03656,0.05305,0.2243,0.2138,
2.092,0.1873,0.09581,0.05103,0.03194,0.1551,0.1029,0.00946,0.02526,0.03627,0.05541,0.2222,0.2147,
2.092,0.1888,0.0955,0.05101,0.03193,0.1549,0.103,0.009468,0.02528,0.03652,0.05523,0.2223,0.2149,
2.092,0.175,0.09465,0.05123,0.03204,0.1552,0.1021,0.009604,0.02526,0.03952,0.05215,0.2224,0.2158,
2.091,0.1843,0.09396,0.05115,0.03209,0.1553,0.1017,0.00941,0.02557,0.03945,0.05183,0.2234,0.2162,
2.095,0.1653,0.09824,0.05085,0.03173,0.1552,0.1007,0.009527,0.02539,0.0408,0.05226,0.2233,0.212,
2.095,0.1743,0.09777,0.05076,0.03177,0.1552,0.1001,0.009794,0.02534,0.04102,0.05171,0.2242,0.2123,
2.093,0.1697,0.0971,0.05068,0.03144,0.1549,0.09967,0.009786,0.02559,0.04186,0.05052,0.2251,0.2133,
2.093,0.1875,0.09666,0.05079,0.03145,0.154,0.09939,0.01004,0.02533,0.04527,0.04713,0.2263,0.2136,
2.093,0.1644,0.09577,0.05109,0.03152,0.154,0.09883,0.01018,0.02522,0.04582,0.04665,0.2265,0.2145,
2.092,0.1737,0.09549,0.05117,0.03149,0.1538,0.09833,0.01028,0.02508,0.04721,0.04531,0.2266,0.2152,
2.091,0.175,0.09546,0.05101,0.03119,0.1536,0.09838,0.01043,0.02495,0.04841,0.04416,0.2267,0.2157,
2.091,0.181,0.09542,0.05093,0.03137,0.1533,0.09812,0.01043,0.02496,0.04906,0.04355,0.2268,0.216,
2.089,0.1797,0.0949,0.05093,0.03148,0.1529,0.0977,0.0101,0.02512,0.04967,0.04256,0.2278,0.2168,
2.089,0.1957,0.09479,0.05074,0.0316,0.1528,0.09773,0.01023,0.02499,0.05072,0.04154,0.2279,0.2169,
2.088,0.177,0.09447,0.05086,0.03119,0.1527,0.09794,0.01008,0.025,0.0515,0.04081,0.228,0.2174,
2.087,0.1785,0.09423,0.05095,0.03121,0.1525,0.0981,0.009974,0.02502,0.0525,0.03985,0.2282,0.2175,
2.086,0.1908,0.09325,0.05101,0.03128,0.1526,0.09681,0.009978,0.02539,0.05349,0.03853,0.2282,0.2194,
2.086,0.1772,0.09313,0.05085,0.03137,0.1526,0.09697,0.01011,0.02566,0.05348,0.03803,0.2283,0.2195,
2.089,0.1857,0.09448,0.05068,0.03139,0.1527,0.09657,0.01012,0.02619,0.05351,0.03894,0.227,0.2184,
2.092,0.1932,0.09506,0.05075,0.03139,0.1522,0.09642,0.0101,0.02666,0.05337,0.03976,0.2276,0.2167,
2.091,0.1873,0.09427,0.05086,0.03163,0.1522,0.0957,0.0104,0.02664,0.0552,0.03773,0.2277,0.2176,
2.089,0.1968,0.09107,0.05097,0.03142,0.1544,0.09524,0.01073,0.0263,0.05518,0.03771,0.2287,0.2182,
2.093,0.1972,0.09439,0.05109,0.03142,0.154,0.0953,0.01087,0.02628,0.05587,0.03764,0.2289,0.2142,
2.098,0.1968,0.09665,0.05147,0.03148,0.1541,0.095,0.01075,0.02677,0.05547,0.03908,0.2277,0.2115,
2.099,0.1838,0.09612,0.05166,0.03151,0.1543,0.09448,0.01089,0.02689,0.0563,0.03937,0.2264,0.2121,
2.1,0.1798,0.09807,0.05151,0.03154,0.1542,0.0928,0.01097,0.02683,0.05652,0.03936,0.2277,0.2106,
2.097,0.1819,0.09729,0.0513,0.03158,0.1536,0.09203,0.01114,0.0269,0.05667,0.03858,0.2304,0.2104,
2.098,0.1794,0.09692,0.05136,0.03159,0.1535,0.09149,0.01124,0.02692,0.05634,0.03952,0.2304,0.2108,
2.099,0.1779,0.09667,0.0513,0.03172,0.1535,0.09101,0.01124,0.02693,0.0583,0.03889,0.2291,0.2113,
2.098,0.1874,0.09631,0.05146,0.03177,0.1535,0.09042,0.01134,0.02663,0.05938,0.03785,0.2292,0.2122,
2.101,0.1824,0.09952,0.05151,0.03179,0.1533,0.09012,0.01161,0.02638,0.05995,0.03786,0.2287,0.2093,
2.1,0.1783,0.09895,0.05136,0.03185,0.1533,0.08899,0.01176,0.02658,0.06155,0.03643,0.229,0.2102,
2.099,0.1929,0.09864,0.05169,0.0314,0.1531,0.08797,0.01203,0.02633,0.06182,0.03619,0.2291,0.2118,
2.097,0.1929,0.09808,0.05168,0.0315,0.1529,0.08749,0.01216,0.02618,0.06282,0.03513,0.2301,0.2121,
2.096,0.1937,0.09766,0.05173,0.03147,0.1522,0.08733,0.01227,0.02637,0.06257,0.03482,0.2319,0.2117,
2.095,0.2016,0.0973,0.05188,0.03155,0.1518,0.08652,0.01219,0.02639,0.06299,0.03447,0.2321,0.2128,
2.093,0.1944,0.09301,0.05166,0.03167,0.1554,0.08647,0.0124,0.02643,0.0634,0.03374,0.2332,0.2127,
2.096,0.1896,0.09532,0.05149,0.03166,0.1557,0.08639,0.01266,0.02653,0.06295,0.03434,0.2335,0.2095,
2.093,0.1916,0.0951,0.05144,0.03171,0.1551,0.08497,0.01267,0.02636,0.0634,0.03384,0.2345,0.2109,
2.093,0.1896,0.09473,0.05141,0.0318,0.1553,0.08514,0.01253,0.02656,0.06322,0.03385,0.2346,0.2109,
2.091,0.2042,0.09423,0.05165,0.03177,0.1551,0.08374,0.01235,0.02693,0.0633,0.03327,0.2355,0.2122,
2.095,0.2039,0.09544,0.05166,0.03211,0.1552,0.0839,0.01225,0.02705,0.0637,0.03402,0.2344,0.2102,
2.093,0.186,0.09515,0.05177,0.03224,0.1549,0.08209,0.01214,0.02707,0.06354,0.03404,0.2345,0.2125,
2.094,0.201,0.09551,0.05177,0.03231,0.1551,0.08157,0.01215,0.02708,0.06383,0.03433,0.2342,0.2122,
2.092,0.1858,0.09475,0.0519,0.03187,0.155,0.08184,0.01185,0.02695,0.06389,0.03436,0.2344,0.2132,
2.091,0.2015,0.09418,0.05203,0.03168,0.1547,0.08213,0.01181,0.02682,0.06417,0.03417,0.2346,0.2137,
2.089,0.1836,0.09337,0.05228,0.03172,0.1548,0.08092,0.01179,0.02679,0.06438,0.03385,0.2355,0.2146,
2.092,0.1826,0.09483,0.05249,0.03178,0.1547,0.08096,0.0118,0.027,0.06471,0.03408,0.235,0.2127,
2.101,0.2112,0.0962,0.05241,0.03195,0.1545,0.08101,0.01181,0.02719,0.06518,0.03773,0.2308,0.2112,
2.098,0.1729,0.09583,0.05204,0.03169,0.1539,0.07982,0.01201,0.02694,0.06509,0.03768,0.2328,0.2122,
2.106,0.1715,0.09973,0.052,0.03179,0.1537,0.07991,0.01216,0.02684,0.06517,0.04055,0.2303,0.2079,
2.106,0.1783,0.09917,0.05212,0.03191,0.1534,0.07998,0.01217,0.02704,0.06554,0.04009,0.2305,0.2081,
2.109,0.1895,0.09906,0.05207,0.03204,0.1527,0.07896,0.01231,0.02693,0.06639,0.04163,0.2285,0.2094,
2.107,0.1788,0.0984,0.05175,0.03214,0.1528,0.07878,0.01275,0.02654,0.0696,0.03856,0.2287,0.21,
2.106,0.1847,0.09768,0.05189,0.03214,0.1527,0.0777,0.01312,0.02614,0.06955,0.03853,0.2297,0.2108,
2.101,0.1894,0.09757,0.0517,0.03219,0.1527,0.07682,0.02895,0.01033,0.07163,0.03634,0.2298,0.212,
2.099,0.1946,0.09711,0.05176,0.03228,0.1525,0.07665,0.02826,0.01034,0.07169,0.03637,0.23,0.2131,
2.096,0.1949,0.09606,0.05195,0.03195,0.1522,0.07521,0.0282,0.0104,0.07134,0.0363,0.2318,0.2145,
2.094,0.202,0.09445,0.0521,0.03202,0.1532,0.07452,0.02822,0.01054,0.07186,0.03559,0.232,0.2155,
2.091,0.1991,0.0939,0.05202,0.03201,0.1526,0.07336,0.02804,0.01088,0.07266,0.03426,0.2339,0.2163,
2.092,0.1954,0.09325,0.05222,0.03204,0.1554,0.07291,0.02818,0.01088,0.0746,0.03343,0.2327,0.2145,
2.092,0.1881,0.09301,0.05218,0.03204,0.1554,0.07293,0.02819,0.01121,0.0751,0.03264,0.2328,0.2145,
2.09,0.1746,0.09252,0.05219,0.03101,0.1554,0.07325,0.02793,0.01135,0.07548,0.03219,0.2329,0.2158,
2.09,0.1809,0.09239,0.05224,0.03109,0.155,0.07223,0.02795,0.01189,0.07499,0.03221,0.2331,0.217,
2.087,0.1763,0.0919,0.0523,0.03081,0.1546,0.07134,0.02793,0.01215,0.07527,0.03159,0.2341,0.218,
2.082,0.1865,0.08805,0.05227,0.03084,0.1582,0.0698,0.02774,0.01226,0.0758,0.03092,0.2342,0.22,
2.081,0.1965,0.08746,0.05234,0.03081,0.1571,0.0682,0.02772,0.01311,0.07513,0.03062,0.2363,0.2212,
2.115,0.2219,0.09433,0.05247,0.03094,0.1568,0.06637,0.02803,0.04131,0.04732,0.03301,0.2335,0.2159,
2.126,0.2205,0.09542,0.05228,0.03048,0.1591,0.06523,0.02833,0.04106,0.0477,0.03885,0.2275,0.2141,
2.126,0.2121,0.09646,0.05214,0.03059,0.159,0.06423,0.02833,0.04146,0.04803,0.0387,0.227,0.214,
2.124,0.2416,0.09627,0.0523,0.03027,0.159,0.06384,0.02818,0.0416,0.04958,0.03702,0.227,0.2149,
2.127,0.203,0.09745,0.05223,0.03022,0.1588,0.06271,0.02821,0.04161,0.0514,0.03716,0.2264,0.2138,
2.126,0.2041,0.09707,0.05221,0.03029,0.1589,0.06266,0.02786,0.04176,0.05173,0.03673,0.2265,0.2143,
2.124,0.2051,0.09589,0.05222,0.03031,0.1598,0.06169,0.02787,0.04191,0.05188,0.03648,0.2266,0.2154,
2.131,0.2111,0.09921,0.05218,0.03032,0.1596,0.06118,0.02802,0.04174,0.05208,0.03931,0.225,0.2113,
2.138,0.2113,0.1032,0.05202,0.03038,0.16,0.0612,0.02819,0.0416,0.05254,0.04094,0.223,0.2069,
2.137,0.2173,0.1028,0.05218,0.03042,0.1599,0.06078,0.0282,0.04175,0.05271,0.04068,0.2231,0.2074,
2.136,0.2299,0.102,0.05225,0.03047,0.1596,0.06076,0.02819,0.05582,0.03962,0.03964,0.2242,0.2074,
2.134,0.2288,0.1014,0.05225,0.03053,0.159,0.05975,0.02819,0.05595,0.04209,0.03704,0.2253,0.2084,
2.133,0.2072,0.1012,0.05219,0.03058,0.1589,0.05978,0.02821,0.05617,0.04345,0.03553,0.2255,0.2085,
2.133,0.2184,0.1009,0.05225,0.03064,0.1589,0.05941,0.02822,0.05619,0.04406,0.03494,0.2255,0.209,
2.132,0.1993,0.1008,0.05213,0.03075,0.1588,0.05899,0.02839,0.05605,0.04408,0.03495,0.2256,0.2095,
2.13,0.2074,0.1004,0.05189,0.03032,0.1586,0.05833,0.02867,0.05605,0.04403,0.03462,0.2266,0.2105,
2.135,0.1855,0.1001,0.0515,0.03037,0.1584,0.05829,0.02865,0.05602,0.04463,0.03725,0.2243,0.2104,
2.137,0.1926,0.09951,0.05191,0.03041,0.1581,0.05834,0.02867,0.0562,0.04453,0.03868,0.2231,0.2105,
2.138,0.1914,0.09887,0.05221,0.03046,0.158,0.05835,0.02868,0.05621,0.04485,0.03838,0.2232,0.2109,
2.113,0.2106,0.09865,0.05212,0.03054,0.1579,0.07728,0.009964,0.05606,0.04487,0.03839,0.2233,0.211,
2.115,0.1793,0.09791,0.05219,0.03062,0.1581,0.07759,0.00949,0.05618,0.04558,0.03956,0.2214,0.2114,
2.12,0.1827,0.09742,0.0523,0.03067,0.1579,0.07764,0.009629,0.05631,0.04581,0.04205,0.2186,0.2116,
2.118,0.2011,0.09706,0.05238,0.03081,0.1578,0.07858,0.008378,0.05633,0.04635,0.04204,0.2182,0.212,
2.137,0.1804,0.09639,0.05243,0.03084,0.1583,0.07839,0.03108,0.03389,0.04752,0.04043,0.2183,0.2125,
2.139,0.1953,0.09848,0.05232,0.03047,0.1584,0.07765,0.03109,0.0339,0.04831,0.04104,0.217,0.2113,
2.139,0.2052,0.09831,0.05228,0.03051,0.1582,0.07623,0.03812,0.04243,0.03264,0.041,0.2178,0.2125,
2.139,0.2153,0.09732,0.05209,0.03064,0.1581,0.07629,0.03827,0.04237,0.03308,0.04064,0.2181,0.2131,
2.142,0.2294,0.09584,0.05222,0.03068,0.1609,0.07653,0.04615,0.03459,0.03243,0.04384,0.2166,0.2101,
2.146,0.2467,0.09549,0.05219,0.03074,0.1608,0.07598,0.04645,0.03434,0.03274,0.04612,0.2143,0.2109,
2.145,0.2325,0.09536,0.05218,0.0308,0.1606,0.07549,0.04633,0.03436,0.03326,0.04563,0.2143,0.2116,
2.144,0.2316,0.09499,0.05203,0.0309,0.1606,0.07418,0.04636,0.03438,0.03352,0.04541,0.2145,0.2131,
2.123,0.2368,0.09675,0.05213,0.03101,0.1603,0.09954,0.02005,0.0345,0.03421,0.04713,0.2122,0.2122,
2.122,0.2425,0.09636,0.05228,0.03113,0.1601,0.09907,0.02006,0.03412,0.03538,0.04601,0.2123,0.2133,
2.124,0.3388,0.09683,0.05236,0.0311,0.1603,0.09839,0.02015,0.03415,0.03536,0.04692,0.2127,0.2117,
2.122,0.3372,0.09629,0.05242,0.03109,0.1599,0.09672,0.02015,0.03424,0.03627,0.04588,0.2137,0.2133,
2.127,0.2263,0.09764,0.05223,0.03116,0.1593,0.09683,0.02017,0.03428,0.0375,0.04694,0.2118,0.2121,
2.126,0.2233,0.09632,0.05205,0.03131,0.16,0.09653,0.02019,0.03432,0.03767,0.04685,0.212,0.2127,
2.125,0.2201,0.09597,0.05187,0.03152,0.159,0.09452,0.0202,0.03433,0.0401,0.04445,0.2131,0.2149,
2.128,0.2853,0.09832,0.05183,0.03162,0.1588,0.09456,0.0202,0.03495,0.04116,0.04354,0.2125,0.2125,
2.128,0.2395,0.0977,0.05212,0.03168,0.1587,0.09461,0.02022,0.03515,0.04132,0.04325,0.2126,0.2126,
2.128,0.192,0.09716,0.05229,0.03178,0.1583,0.09455,0.0202,0.03513,0.04143,0.04309,0.2136,0.2125,
2.131,0.1757,0.09827,0.05218,0.03175,0.1581,0.09384,0.02017,0.03507,0.04162,0.04469,0.2134,0.2109,
2.134,0.193,0.09771,0.05216,0.0318,0.1582,0.0939,0.02027,0.03556,0.04159,0.04624,0.2115,0.211,
2.134,0.186,0.0974,0.0521,0.03197,0.1583,0.09392,0.02027,0.03567,0.04259,0.04515,0.2116,0.2111,
2.134,0.1811,0.09629,0.05233,0.03202,0.158,0.09372,0.02042,0.0357,0.04274,0.04494,0.2118,0.212,
2.133,0.1744,0.09602,0.05216,0.03206,0.1575,0.09315,0.02051,0.03561,0.04274,0.04494,0.2128,0.2126,
2.132,0.1941,0.09489,0.05226,0.03215,0.1574,0.09308,0.0206,0.03548,0.04345,0.04416,0.2137,0.2128,
2.131,0.187,0.09461,0.05226,0.0322,0.1569,0.09305,0.0207,0.03558,0.04321,0.04415,0.2147,0.2127,
2.138,0.1891,0.09717,0.05226,0.0322,0.1566,0.093,0.02069,0.03556,0.04412,0.04614,0.2127,0.2096,
2.137,0.1951,0.0962,0.05253,0.03225,0.1563,0.09271,0.02077,0.03547,0.04424,0.04586,0.2137,0.2099,
2.136,0.2004,0.09596,0.05254,0.0322,0.1557,0.09254,0.02076,0.03559,0.04396,0.04584,0.2147,0.2102,
2.135,0.199,0.09525,0.0525,0.03222,0.1557,0.09222,0.02113,0.03533,0.0443,0.04532,0.2157,0.2103,
2.134,0.2168,0.09509,0.05247,0.03223,0.1556,0.09144,0.02238,0.03379,0.04484,0.04468,0.2165,0.211,
2.14,0.2265,0.09452,0.05291,0.03226,0.1556,0.09061,0.02825,0.02793,0.04544,0.04751,0.2131,0.2119,
2.146,0.2089,0.1004,0.05315,0.03233,0.155,0.08978,0.02842,0.0278,0.04573,0.04784,0.2127,0.2069,
2.144,0.202,0.09962,0.05298,0.03235,0.155,0.08879,0.02869,0.02753,0.04641,0.04714,0.2137,0.2078,
2.142,0.1735,0.09908,0.0529,0.03234,0.1548,0.08759,0.02881,0.02763,0.04916,0.04411,0.2147,0.2089,
2.141,0.1826,0.09883,0.05291,0.03239,0.1545,0.08599,0.02883,0.02765,0.0492,0.04415,0.2148,0.2107,
2.128,0.193,0.09865,0.05277,0.03239,0.1538,0.08585,0.04565,0.01074,0.05035,0.04284,0.2166,0.2104,
2.13,0.1886,0.09819,0.05275,0.03248,0.1536,0.08567,0.04542,0.01088,0.05089,0.04388,0.2152,0.2111,
2.128,0.1908,0.09739,0.0529,0.03254,0.154,0.08395,0.04543,0.01088,0.05091,0.0439,0.2153,0.2129,
2.126,0.1938,0.09641,0.05287,0.03254,0.1539,0.08382,0.04567,0.01069,0.05197,0.04255,0.2171,0.2125,
2.126,0.1888,0.09785,0.05286,0.0326,0.1538,0.08127,0.04582,0.01074,0.05204,0.0428,0.2167,0.2135,
2.126,0.1888,0.09635,0.05288,0.03272,0.1557,0.08134,0.04603,0.01057,0.05242,0.04274,0.2166,0.2127,
2.125,0.1804,0.09603,0.05268,0.03277,0.1554,0.08129,0.04601,0.01056,0.05307,0.04204,0.2176,0.2126,
2.124,0.1874,0.09602,0.05256,0.03232,0.1552,0.08169,0.04579,0.01043,0.05321,0.04192,0.2176,0.2132,
2.123,0.1995,0.09569,0.05262,0.0324,0.1546,0.0813,0.04577,0.01043,0.05375,0.04134,0.2186,0.2135,
2.12,0.1966,0.09279,0.05261,0.03255,0.1571,0.08116,0.04565,0.01043,0.05685,0.03829,0.2187,0.2139,
2.115,0.2144,0.08933,0.05282,0.03266,0.1594,0.08507,0.04086,0.01043,0.05682,0.03827,0.2197,0.2146,
2.116,0.1886,0.08979,0.05281,0.03271,0.1593,0.08376,0.04109,0.01029,0.05986,0.0371,0.2185,0.2148,
2.113,0.1819,0.08882,0.05273,0.03272,0.1589,0.08345,0.04108,0.01007,0.06002,0.03679,0.2204,0.215,
2.111,0.1801,0.08847,0.05261,0.03275,0.158,0.08229,0.04117,0.009926,0.06058,0.0361,0.2223,0.2158,
2.112,0.1966,0.0884,0.05269,0.03282,0.1572,0.08238,0.04121,0.01047,0.06012,0.03614,0.2226,0.2161,
2.11,0.1704,0.08823,0.0528,0.03292,0.1565,0.08176,0.04148,0.01021,0.06133,0.03502,0.2228,0.217,
2.108,0.1803,0.08562,0.05318,0.03303,0.1581,0.08107,0.04169,0.009977,0.06252,0.0339,0.2229,0.218,
2.104,0.1837,0.08393,0.05314,0.03307,0.1596,0.07979,0.0417,0.009978,0.06432,0.03213,0.223,0.2193,
2.11,0.173,0.08546,0.05325,0.03253,0.1593,0.07899,0.04156,0.009963,0.06469,0.03559,0.2201,0.2186,
2.113,0.1961,0.08852,0.05335,0.03253,0.1591,0.07876,0.04166,0.009688,0.06493,0.03578,0.2204,0.2153,
2.118,0.1876,0.09387,0.05325,0.03259,0.1591,0.0787,0.04163,0.009681,0.067,0.03458,0.2204,0.2092,
2.117,0.187,0.09343,0.05326,0.03267,0.1586,0.07837,0.04161,0.009677,0.06719,0.03434,0.2214,0.2094,
2.11,0.1702,0.09318,0.05326,0.03274,0.158,0.08165,0.03648,0.009672,0.06839,0.0331,0.2224,0.2111,
2.109,0.1685,0.09256,0.05354,0.03279,0.1581,0.08161,0.03585,0.009674,0.06864,0.03287,0.2225,0.2119,
2.105,0.1993,0.09235,0.05327,0.03246,0.1576,0.08144,0.03577,0.009655,0.07023,0.03108,0.2243,0.2119,
2.115,0.1738,0.09493,0.05323,0.03251,0.1574,0.08138,0.03575,0.009647,0.07041,0.0348,0.2212,0.2087,
2.114,0.1718,0.09472,0.05337,0.03256,0.1572,0.08091,0.03576,0.00965,0.07092,0.03433,0.2213,0.2093,
2.108,0.1698,0.09445,0.0534,0.03264,0.1568,0.08084,0.03881,0.006556,0.07123,0.03393,0.2222,0.2091,
2.11,0.1661,0.09441,0.05339,0.03268,0.1568,0.08084,0.03881,0.006556,0.07123,0.03477,0.2214,0.2091,
2.109,0.1789,0.09421,0.05352,0.0328,0.1567,0.08046,0.03882,0.006557,0.07261,0.03341,0.2214,0.2095,
2.108,0.1733,0.09406,0.05348,0.03235,0.1565,0.08049,0.03884,0.006555,0.07264,0.03341,0.2215,0.2102,
2.106,0.167,0.09391,0.05337,0.03242,0.1563,0.07958,0.03879,0.006548,0.0728,0.03313,0.2224,0.2107,
2.107,0.171,0.0945,0.05338,0.03198,0.1561,0.07873,0.03862,0.006509,0.07272,0.03424,0.2221,0.2111,
2.106,0.167,0.09437,0.05341,0.03207,0.1561,0.07873,0.03862,0.006702,0.07353,0.03324,0.2221,0.2111,
2.107,0.1695,0.09369,0.05342,0.03218,0.1564,0.07876,0.03863,0.007087,0.07342,0.03301,0.2222,0.2112,
2.074,0.2031,0.0951,0.05354,0.03218,0.1564,0.1067,0.01007,0.008,0.07243,0.03545,0.2206,0.2095,
2.074,0.1943,0.09414,0.05355,0.03225,0.1571,0.1067,0.0102,0.008135,0.07299,0.03466,0.2207,0.2095,
2.074,0.1858,0.09364,0.05369,0.03232,0.1573,0.1062,0.0102,0.0084,0.07299,0.03441,0.2207,0.2101,
2.074,0.1906,0.09345,0.05377,0.03236,0.1573,0.1054,0.0102,0.008533,0.07287,0.03442,0.2208,0.211,
2.073,0.1902,0.0928,0.0537,0.03243,0.1577,0.1046,0.01021,0.008666,0.07296,0.03424,0.2208,0.2119,
2.073,0.1765,0.09188,0.05396,0.03247,0.1582,0.1046,0.01034,0.008723,0.07279,0.03424,0.2209,0.2119,
2.072,0.1783,0.09143,0.05414,0.0325,0.1583,0.1042,0.0114,0.007667,0.07319,0.03385,0.2209,0.2123,
2.072,0.1796,0.09099,0.05446,0.03252,0.1584,0.1039,0.0114,0.007668,0.07395,0.0331,0.2209,0.2127,
2.085,0.1769,0.09819,0.05466,0.0325,0.1582,0.1028,0.01139,0.007659,0.07432,0.03739,0.217,0.2059,
2.11,0.202,0.09619,0.05464,0.03257,0.16,0.1019,0.01117,0.02896,0.05364,0.03666,0.2171,0.2072,
2.113,0.2091,0.09564,0.05448,0.0326,0.1597,0.1008,0.01141,0.02864,0.05355,0.03904,0.2164,0.2078,
2.111,0.1988,0.09517,0.05455,0.03263,0.1594,0.09943,0.01141,0.02885,0.05329,0.03901,0.2173,0.2089,
2.109,0.1968,0.09494,0.05454,0.03267,0.1589,0.09956,0.01083,0.02896,0.05372,0.0384,0.2183,0.2092,
2.113,0.2028,0.09416,0.05486,0.03213,0.1587,0.09909,0.01082,0.02894,0.05401,0.04127,0.216,0.21,
2.111,0.1959,0.09397,0.05477,0.03165,0.1585,0.0985,0.01081,0.02918,0.0537,0.04123,0.2169,0.2108,
2.109,0.2018,0.09334,0.05473,0.03175,0.1586,0.09709,0.0108,0.02957,0.05569,0.03873,0.2178,0.2119,
2.11,0.2112,0.09488,0.0546,0.03178,0.1584,0.09616,0.01079,0.02999,0.05709,0.03764,0.2178,0.2109,
2.109,0.1897,0.09422,0.0545,0.03186,0.1585,0.09517,0.0108,0.03047,0.05691,0.03744,0.218,0.2121,
2.108,0.1891,0.09396,0.0545,0.03194,0.1579,0.09475,0.01071,0.03079,0.05655,0.03742,0.219,0.2125,
2.112,0.1956,0.09664,0.0546,0.03201,0.1577,0.09247,0.01072,0.031,0.05651,0.0392,0.2172,0.2119,
2.111,0.1929,0.09638,0.05469,0.0321,0.1574,0.09074,0.01072,0.03129,0.05629,0.03923,0.2174,0.2138,
2.115,0.19,0.0994,0.05471,0.03165,0.1574,0.08885,0.01073,0.03144,0.05641,0.04143,0.2151,0.2128,
2.115,0.1882,0.09901,0.05461,0.03176,0.1574,0.08844,0.01074,0.03159,0.05631,0.04145,0.2153,0.2134,
2.116,0.2146,0.1011,0.05444,0.03174,0.1567,0.08737,0.01061,0.03151,0.05617,0.04268,0.2166,0.211,
2.116,0.1909,0.1009,0.05432,0.03187,0.1561,0.08726,0.01046,0.03168,0.05611,0.04273,0.2169,0.2116,
2.13,0.1765,0.1052,0.0544,0.03203,0.1559,0.0873,0.01061,0.0318,0.05587,0.04951,0.2102,0.2072,
2.13,0.184,0.1043,0.05464,0.03211,0.1562,0.08678,0.01062,0.03181,0.05611,0.0493,0.2103,0.2078,
2.129,0.18,0.1011,0.05481,0.03188,0.1589,0.08633,0.0109,0.03155,0.05614,0.05029,0.2094,0.2087,
2.129,0.1845,0.1005,0.05492,0.03193,0.1589,0.0866,0.01069,0.0317,0.05604,0.05032,0.2096,0.2089,
2.13,0.1996,0.09986,0.05511,0.03209,0.1586,0.08667,0.01088,0.03155,0.05673,0.05026,0.2092,0.209,
2.13,0.1915,0.09932,0.0552,0.0322,0.1587,0.08671,0.01088,0.0317,0.05754,0.04937,0.2093,0.2091,
2.127,0.1972,0.09598,0.05518,0.03232,0.1614,0.08531,0.01104,0.03157,0.0578,0.04918,0.2095,0.2108,
2.127,0.1919,0.09571,0.05517,0.03243,0.1614,0.08479,0.01105,0.03157,0.05795,0.04906,0.2095,0.2113,
2.127,0.2092,0.09636,0.05534,0.03246,0.1614,0.08432,0.01118,0.03146,0.05955,0.04751,0.2096,0.2108,
2.131,0.1913,0.09867,0.05517,0.03248,0.1612,0.08376,0.01131,0.0313,0.0595,0.04968,0.2083,0.2087,
2.136,0.2053,0.09742,0.05539,0.03258,0.1618,0.0833,0.01938,0.02338,0.05981,0.0493,0.2084,0.2093,
2.122,0.2168,0.09621,0.05545,0.03265,0.1621,0.09087,0.01188,0.02353,0.05997,0.04908,0.2085,0.2097,
2.123,0.2106,0.09589,0.05542,0.03274,0.1622,0.0909,0.01188,0.02393,0.05986,0.04883,0.2086,0.2098,
2.128,0.2302,0.09546,0.05542,0.03279,0.1621,0.09056,0.01187,0.03216,0.05156,0.04879,0.2094,0.2099,
2.128,0.22,0.09488,0.05547,0.03283,0.1623,0.0906,0.01225,0.0318,0.05184,0.04856,0.2095,0.21,
2.127,0.2255,0.09449,0.05549,0.0329,0.1623,0.09013,0.01225,0.03194,0.05217,0.04812,0.2096,0.2106,
2.126,0.2148,0.09407,0.05539,0.03291,0.1621,0.08956,0.01224,0.03193,0.05286,0.04735,0.2106,0.211,
2.126,0.2141,0.09372,0.05548,0.03291,0.1619,0.08949,0.01223,0.0319,0.05351,0.04662,0.2114,0.2108,
2.126,0.2132,0.09459,0.05539,0.03292,0.1618,0.0885,0.01223,0.03203,0.05411,0.0463,0.212,0.2101,
2.125,0.2094,0.09408,0.05544,0.03296,0.162,0.08853,0.01223,0.03236,0.05569,0.04439,0.2121,0.2102,
2.128,0.2263,0.0932,0.05533,0.033,0.1623,0.08753,0.01807,0.02677,0.05642,0.04333,0.2131,0.211,
2.126,0.2222,0.09249,0.05528,0.03305,0.1624,0.08695,0.01805,0.02675,0.05858,0.04109,0.214,0.2114,
2.125,0.2251,0.09215,0.05519,0.03311,0.1622,0.08638,0.01814,0.02663,0.05854,0.04106,0.2149,0.2117,
2.123,0.2227,0.09117,0.05528,0.03324,0.1622,0.08581,0.01813,0.02661,0.05873,0.04081,0.2158,0.2121,
2.132,0.2086,0.09729,0.05527,0.03327,0.1621,0.08495,0.01813,0.02678,0.05854,0.04325,0.2144,0.2061,
2.131,0.2056,0.09646,0.05515,0.03332,0.1619,0.08495,0.01813,0.02678,0.05899,0.0428,0.2155,0.2061,
2.131,0.2082,0.09591,0.05517,0.03341,0.1615,0.08423,0.01815,0.02694,0.05915,0.04314,0.2152,0.2072,
2.131,0.2028,0.09534,0.05531,0.03349,0.1608,0.0838,0.01847,0.0267,0.05956,0.0429,0.2156,0.2081,
2.13,0.1907,0.09505,0.05526,0.03356,0.1604,0.0836,0.01849,0.02701,0.06,0.04227,0.2158,0.2086,
2.129,0.1964,0.09448,0.0552,0.03359,0.1607,0.08306,0.0185,0.02742,0.06226,0.0399,0.2156,0.2092,
2.129,0.1991,0.09362,0.05526,0.03366,0.1609,0.08159,0.01848,0.02754,0.06292,0.04028,0.2153,0.2105,
2.132,0.1937,0.09487,0.05561,0.03374,0.1607,0.08136,0.0185,0.02776,0.06305,0.04068,0.2149,0.2088,
2.142,0.1931,0.09459,0.05569,0.03387,0.1605,0.08139,0.01864,0.02778,0.06294,0.04696,0.2087,0.2089,
2.141,0.1948,0.09414,0.05595,0.03339,0.1603,0.08124,0.01866,0.02791,0.06375,0.04593,0.2088,0.2099,
2.138,0.1984,0.09062,0.0563,0.03344,0.163,0.08114,0.01854,0.02793,0.06508,0.04465,0.209,0.2103,
2.139,0.2062,0.09253,0.05629,0.03357,0.1625,0.08046,0.01828,0.02814,0.06573,0.04393,0.2092,0.2094,
2.125,0.2038,0.094,0.05653,0.03312,0.1623,0.08688,0.0107,0.02805,0.06603,0.04372,0.2093,0.2093,
2.124,0.2267,0.09344,0.05691,0.03325,0.162,0.08557,0.0107,0.02807,0.06671,0.04307,0.2095,0.2108,
2.124,0.2178,0.09533,0.05694,0.03339,0.1619,0.08521,0.01056,0.02825,0.0675,0.04214,0.2096,0.2093,
2.122,0.2078,0.09492,0.05668,0.0331,0.1614,0.08451,0.01068,0.0282,0.06772,0.04161,0.2113,0.2099,
2.125,0.2058,0.09471,0.0566,0.03282,0.161,0.08416,0.01067,0.02839,0.06768,0.04417,0.2094,0.2104,
2.125,0.2069,0.09407,0.05646,0.03308,0.161,0.08395,0.01081,0.02829,0.06829,0.04366,0.2096,0.2108,
2.124,0.1938,0.09372,0.05658,0.03317,0.1608,0.084,0.01082,0.0283,0.06961,0.0424,0.2097,0.211,
2.124,0.1997,0.09304,0.05659,0.03298,0.161,0.08404,0.01083,0.02845,0.06952,0.04242,0.2098,0.2114,
2.122,0.1939,0.0922,0.05647,0.03305,0.161,0.08314,0.01082,0.02863,0.06931,0.04241,0.2108,0.2122,
2.122,0.1998,0.0919,0.05637,0.0332,0.1609,0.0829,0.01096,0.02869,0.07011,0.04149,0.2109,0.2126,
2.121,0.2068,0.0926,0.05653,0.03326,0.1604,0.08177,0.01083,0.02897,0.07078,0.0406,0.212,0.2123,
2.119,0.2016,0.09229,0.05651,0.03335,0.1602,0.08027,0.01084,0.02929,0.07277,0.03836,0.2122,0.2139,
2.115,0.2131,0.08963,0.0564,0.03349,0.1625,0.07826,0.01084,0.02931,0.07369,0.0375,0.2123,0.2161,
2.111,0.202,0.08927,0.05654,0.03352,0.1618,0.07572,0.01084,0.02957,0.07445,0.03641,0.2133,0.2186,
2.113,0.2205,0.09102,0.05679,0.03355,0.1614,0.07367,0.0107,0.02955,0.07453,0.03771,0.2127,0.2183,
2.113,0.2099,0.09054,0.05684,0.03356,0.1617,0.07368,0.01086,0.02976,0.07441,0.03749,0.2128,0.2183,
2.112,0.2464,0.08956,0.05669,0.0336,0.1615,0.07371,0.01086,0.02994,0.07505,0.03673,0.214,0.2184,
2.12,0.2199,0.09386,0.05677,0.03367,0.1616,0.07328,0.01087,0.03039,0.07465,0.03906,0.2118,0.2141,
2.127,0.1752,0.09929,0.05678,0.03372,0.1614,0.0733,0.011,0.03027,0.07605,0.04022,0.2093,0.2087,
2.128,0.1744,0.09841,0.05701,0.03379,0.1614,0.07336,0.01128,0.03003,0.07612,0.04025,0.2095,0.2088,
2.127,0.1699,0.09806,0.05694,0.03349,0.161,0.07304,0.01128,0.03064,0.07549,0.04023,0.2105,0.2094,
2.127,0.1787,0.09728,0.05671,0.03368,0.161,0.07313,0.01129,0.03081,0.07571,0.04001,0.2108,0.2096,
2.126,0.1744,0.09685,0.05658,0.03373,0.161,0.07318,0.0113,0.03083,0.07676,0.03905,0.2109,0.2098,
2.124,0.1805,0.09617,0.05622,0.03366,0.1602,0.07262,0.01129,0.03077,0.07746,0.03873,0.2134,0.2095,
2.129,0.1678,0.0959,0.05605,0.03344,0.1601,0.07227,0.01132,0.03066,0.07751,0.04237,0.2099,0.2104,
2.128,0.1776,0.09483,0.05609,0.03349,0.1605,0.07204,0.01133,0.03082,0.07768,0.04217,0.2101,0.2109,
2.128,0.184,0.09421,0.05619,0.0336,0.1606,0.07207,0.01147,0.03136,0.07864,0.04061,0.2102,0.211,
2.126,0.1977,0.09364,0.05597,0.03316,0.1602,0.07187,0.01174,0.03136,0.07825,0.04062,0.2113,0.2119,
2.125,0.1864,0.09123,0.05655,0.03318,0.1618,0.0716,0.01201,0.03143,0.07896,0.03962,0.2113,0.2123,
2.126,0.2117,0.09257,0.0566,0.03328,0.1618,0.07162,0.01201,0.03157,0.07975,0.03872,0.2114,0.2107,
2.126,0.1828,0.09185,0.05686,0.0334,0.1618,0.07136,0.01202,0.03159,0.0802,0.03835,0.2115,0.2111,
2.125,0.1791,0.09124,0.05679,0.03343,0.1611,0.07128,0.01214,0.03155,0.07997,0.0383,0.2134,0.2109,
2.124,0.1952,0.09077,0.05673,0.03355,0.1605,0.07088,0.01215,0.03201,0.08076,0.03727,0.2137,0.2117,
2.123,0.1829,0.09025,0.05681,0.03362,0.1603,0.07033,0.01228,0.03206,0.08063,0.03711,0.2146,0.212,
2.128,0.2052,0.09507,0.05697,0.03332,0.1602,0.06875,0.01215,0.03217,0.08221,0.03805,0.212,0.2091,
2.126,0.1813,0.09446,0.05676,0.03344,0.16,0.06888,0.01201,0.03244,0.0834,0.03656,0.213,0.2091,
2.125,0.1853,0.09452,0.05665,0.03361,0.1594,0.06825,0.01189,0.03259,0.08356,0.03634,0.2132,0.21,
2.127,0.1874,0.09428,0.05634,0.03375,0.1589,0.06759,0.01231,0.03242,0.0835,0.03757,0.2123,0.2111,
2.127,0.1867,0.09344,0.05628,0.03387,0.158,0.06765,0.01232,0.03271,0.08562,0.03652,0.2123,0.2112,
2.126,0.189,0.09337,0.05623,0.0339,0.1575,0.06772,0.01255,0.03293,0.08665,0.03521,0.2125,0.2114,
2.126,0.1875,0.09243,0.05647,0.03399,0.1576,0.0679,0.01242,0.03372,0.08629,0.03489,0.2127,0.2116,
2.125,0.1895,0.09186,0.05645,0.03411,0.158,0.06791,0.01266,0.03348,0.08729,0.0339,0.2127,0.2116,
2.126,0.1918,0.09151,0.05634,0.03409,0.1577,0.06787,0.01279,0.03398,0.08696,0.03404,0.2132,0.2115,
2.125,0.2064,0.09006,0.05611,0.03424,0.1589,0.0674,0.01304,0.03386,0.08747,0.03344,0.2133,0.2122,
2.125,0.1977,0.0899,0.05607,0.0343,0.1588,0.06743,0.01318,0.03388,0.08737,0.03346,0.2134,0.2122,
2.124,0.1925,0.08954,0.05625,0.03413,0.1579,0.06672,0.01317,0.03459,0.08684,0.0335,0.2137,0.2137,
2.127,0.1984,0.09195,0.05603,0.03421,0.1575,0.06674,0.01317,0.0346,0.0888,0.03311,0.2133,0.2106,
2.125,0.2043,0.09017,0.05563,0.03433,0.1585,0.06658,0.01348,0.03431,0.08954,0.03224,0.2144,0.2108,
2.123,0.2104,0.08989,0.05554,0.03448,0.1586,0.06624,0.01351,0.03418,0.09086,0.03094,0.2144,0.2114,
2.12,0.1969,0.08573,0.05541,0.03464,0.1625,0.06639,0.01351,0.03424,0.09071,0.03095,0.2145,0.2114,
2.121,0.2112,0.08559,0.0553,0.0347,0.1625,0.06641,0.01365,0.03425,0.0906,0.03096,0.2145,0.2115,
2.114,0.2584,0.08493,0.05516,0.03479,0.1626,0.06636,0.01405,0.09629,0.02866,0.03033,0.2155,0.2113,
2.133,0.28,0.08469,0.05516,0.03489,0.1624,0.07393,0.02602,0.07734,0.02908,0.02945,0.2156,0.2114,
2.133,0.2551,0.08425,0.0553,0.03443,0.1618,0.07313,0.02601,0.07732,0.02907,0.0309,0.2151,0.2126,
2.137,0.1901,0.08856,0.05529,0.03459,0.1618,0.0717,0.02617,0.07755,0.02989,0.03047,0.2145,0.2095,
2.137,0.1858,0.08836,0.05523,0.03467,0.1615,0.07163,0.02615,0.07761,0.02973,0.03044,0.2154,0.2093,
2.135,0.1855,0.08796,0.05499,0.03475,0.1613,0.07133,0.02614,0.07772,0.03011,0.02985,0.2164,0.2095,
2.141,0.1971,0.08742,0.05493,0.03478,0.1608,0.07082,0.0261,0.07782,0.03129,0.03205,0.2145,0.2095,
2.14,0.1916,0.08708,0.05506,0.03487,0.1604,0.07011,0.02611,0.07787,0.03131,0.03207,0.2146,0.2104,
2.144,0.2341,0.08656,0.0549,0.03434,0.1605,0.07007,0.02623,0.07769,0.03125,0.03502,0.2126,0.2108,
2.143,0.2248,0.08624,0.05489,0.03443,0.1603,0.06934,0.0265,0.07749,0.03236,0.03391,0.2127,0.2118,
2.131,0.2192,0.08545,0.05499,0.03446,0.1604,0.06853,0.02648,0.08847,0.02216,0.03373,0.213,0.2124,
2.131,0.2208,0.08506,0.05491,0.03449,0.1602,0.06804,0.02647,0.08864,0.02269,0.03382,0.213,0.2127,
2.13,0.2126,0.08496,0.05476,0.03453,0.1597,0.06753,0.02645,0.0888,0.0228,0.03348,0.2139,0.2131,
2.138,0.2084,0.0869,0.05467,0.03468,0.16,0.06711,0.02646,0.08916,0.02248,0.03721,0.2103,0.2111,
2.137,0.213,0.08627,0.05464,0.03485,0.1599,0.06678,0.02645,0.08906,0.02247,0.03703,0.2112,0.2114,
2.136,0.2116,0.08627,0.05454,0.035,0.1596,0.0659,0.02646,0.08909,0.02288,0.03664,0.2113,0.2123,
2.138,0.2179,0.09003,0.05459,0.03464,0.1595,0.06554,0.02647,0.08943,0.02256,0.03665,0.2113,0.2093,
2.136,0.2113,0.08702,0.05482,0.03466,0.1622,0.06569,0.02633,0.08944,0.02257,0.03666,0.2113,0.2093,
2.137,0.2417,0.08683,0.05488,0.03479,0.1622,0.06569,0.02646,0.08958,0.02303,0.03592,0.2113,0.2093,
2.136,0.2425,0.08669,0.05488,0.03486,0.1621,0.0654,0.0263,0.08974,0.02351,0.03532,0.2114,0.2098,
2.136,0.2453,0.08598,0.05506,0.03495,0.1621,0.06535,0.02628,0.08966,0.02392,0.03487,0.2123,0.2096,
2.132,0.2178,0.08567,0.05506,0.035,0.1623,0.06937,0.02236,0.08955,0.02392,0.03487,0.2123,0.2096,
2.128,0.2138,0.08167,0.05523,0.03504,0.166,0.06853,0.02223,0.08956,0.02514,0.03365,0.2123,0.2106,
2.127,0.2153,0.08137,0.05524,0.03462,0.1657,0.0682,0.02225,0.08964,0.02606,0.03276,0.2125,0.2117,
2.126,0.1935,0.08096,0.055,0.03474,0.1653,0.06818,0.02224,0.08981,0.02678,0.03183,0.2135,0.2117,
2.125,0.1956,0.08071,0.05522,0.03436,0.1652,0.06773,0.02224,0.08996,0.02665,0.03184,0.2135,0.2126,
2.119,0.2099,0.0807,0.05526,0.03449,0.1644,0.07274,0.01744,0.09046,0.02612,0.03187,0.2137,0.2128,
2.118,0.2082,0.07994,0.05534,0.03452,0.1639,0.07264,0.01741,0.09032,0.02675,0.03115,0.2155,0.2125,
2.117,0.2054,0.07975,0.05525,0.03458,0.1633,0.07213,0.0176,0.0904,0.02642,0.03114,0.2165,0.2129,
2.117,0.2137,0.0797,0.05527,0.03464,0.1631,0.07215,0.01787,0.09028,0.02629,0.03114,0.2166,0.2129,
2.123,0.203,0.08132,0.05543,0.034,0.1634,0.07216,0.01787,0.0903,0.0263,0.03414,0.2136,0.2115,
2.126,0.1918,0.0811,0.05526,0.03399,0.163,0.07144,0.01798,0.09019,0.02603,0.03656,0.2128,0.2116,
2.13,0.1954,0.08089,0.05528,0.03354,0.1629,0.07172,0.01773,0.09022,0.02684,0.03888,0.2098,0.2122,
2.129,0.2091,0.08264,0.05485,0.03302,0.1626,0.07136,0.01754,0.09007,0.02765,0.0379,0.2116,0.2108,
2.129,0.1795,0.08222,0.05502,0.03303,0.1624,0.07092,0.01752,0.08985,0.02828,0.03721,0.2125,0.2111,
2.131,0.1828,0.08202,0.0551,0.03316,0.1622,0.07108,0.01765,0.08971,0.02818,0.03871,0.2111,0.2111,
2.131,0.1762,0.08146,0.05512,0.03324,0.1621,0.07116,0.01777,0.08951,0.02894,0.03776,0.212,0.211,
2.156,0.1992,0.08086,0.05507,0.03325,0.162,0.07065,0.04097,0.06608,0.02898,0.03952,0.2115,0.211,
2.157,0.2301,0.08042,0.05539,0.0333,0.1618,0.07054,0.04139,0.06578,0.03224,0.03609,0.2116,0.2114,
2.156,0.1838,0.08022,0.05518,0.03314,0.1619,0.07057,0.04147,0.06534,0.03293,0.03542,0.2117,0.2121,
2.155,0.1893,0.08009,0.05512,0.03274,0.1615,0.07063,0.04196,0.06492,0.03358,0.03483,0.2119,0.2128,
2.155,0.1951,0.07972,0.05517,0.03276,0.161,0.0706,0.04195,0.0649,0.03356,0.03482,0.2129,0.2127,
2.154,0.1875,0.07934,0.05517,0.03284,0.161,0.07079,0.04181,0.0651,0.03452,0.03372,0.2129,0.2128,
2.159,0.2,0.08069,0.05543,0.03294,0.1613,0.07161,0.04116,0.06499,0.03453,0.03522,0.2115,0.2106,
2.158,0.1893,0.08021,0.05539,0.03304,0.1614,0.07115,0.0415,0.06484,0.03441,0.03524,0.2116,0.2112,
2.157,0.1876,0.07976,0.05537,0.03307,0.1615,0.07071,0.04145,0.06482,0.03499,0.03442,0.2125,0.2115,
2.157,0.1539,0.07976,0.0553,0.03322,0.161,0.07075,0.04161,0.06492,0.03503,0.03421,0.2126,0.2116,
2.157,0.161,0.07943,0.05546,0.03334,0.1608,0.07019,0.04176,0.06507,0.03477,0.03473,0.2122,0.2122,
2.157,0.1601,0.07926,0.05559,0.03336,0.1605,0.07023,0.04178,0.06511,0.03517,0.03437,0.2123,0.2124,
2.162,0.1661,0.08181,0.05556,0.03346,0.1606,0.06962,0.04176,0.0651,0.03597,0.03524,0.2106,0.2103,
2.162,0.1615,0.08168,0.05551,0.0335,0.1605,0.06923,0.04177,0.06512,0.03663,0.0346,0.2106,0.2108,
2.162,0.1556,0.08167,0.05553,0.03354,0.1603,0.06925,0.04196,0.06509,0.03681,0.0343,0.2107,0.2109,
2.161,0.1653,0.08159,0.05543,0.03351,0.1602,0.06913,0.04198,0.06512,0.03803,0.03298,0.2108,0.2112,
2.158,0.1788,0.07962,0.05559,0.03362,0.1618,0.06748,0.04185,0.06513,0.03849,0.03254,0.2108,0.2131,
2.159,0.185,0.08157,0.05552,0.03366,0.1616,0.06716,0.04183,0.06509,0.03888,0.0321,0.2118,0.2109,
2.146,0.1935,0.08119,0.05552,0.03371,0.1613,0.06711,0.04204,0.08081,0.02285,0.03282,0.2119,0.2107,
2.146,0.1845,0.08105,0.05557,0.03382,0.1611,0.06663,0.04252,0.08054,0.02338,0.03212,0.212,0.2113,
2.143,0.1912,0.08045,0.05557,0.03382,0.1605,0.06603,0.0424,0.08081,0.02312,0.03172,0.2146,0.2111,
2.151,0.1896,0.07974,0.05563,0.03397,0.1608,0.06537,0.0424,0.08124,0.02357,0.03548,0.21,0.2118,
2.153,0.1785,0.08279,0.05566,0.03403,0.1611,0.06499,0.04243,0.08162,0.02325,0.0355,0.2101,0.2085,
2.154,0.2157,0.08239,0.05572,0.03417,0.1608,0.06504,0.04246,0.08168,0.02393,0.03487,0.2103,0.2087,
2.153,0.2102,0.08083,0.05591,0.03421,0.1613,0.06481,0.04249,0.08174,0.02439,0.03445,0.2104,0.2095,
2.152,0.1887,0.08025,0.05597,0.03428,0.1614,0.06448,0.04278,0.08151,0.02481,0.03406,0.2105,0.2099,
2.117,0.2205,0.07925,0.05631,0.03406,0.1612,0.09503,0.01233,0.08136,0.02511,0.03374,0.2115,0.2101,
2.115,0.2008,0.07894,0.05632,0.03365,0.1608,0.09448,0.01216,0.08122,0.0254,0.0332,0.2124,0.2114,
2.115,0.2026,0.07834,0.05629,0.03339,0.1609,0.09455,0.01234,0.0811,0.02625,0.03239,0.2125,0.2119,
2.113,0.1757,0.07757,0.05619,0.03335,0.1615,0.09398,0.01219,0.08117,0.0266,0.03194,0.2127,0.2129,
2.112,0.1932,0.07858,0.05614,0.03344,0.162,0.09502,0.01104,0.08094,0.02663,0.03218,0.2132,0.2108,
2.111,0.1966,0.07846,0.05593,0.0336,0.1615,0.09371,0.01131,0.08075,0.02665,0.03221,0.2135,0.2124,
2.109,0.1876,0.07793,0.05565,0.03369,0.1612,0.0937,0.01065,0.08075,0.02665,0.03258,0.2141,0.213,
2.108,0.1864,0.07772,0.05533,0.03377,0.1609,0.09315,0.01102,0.08018,0.02691,0.03221,0.2158,0.213,
2.107,0.1929,0.07733,0.05515,0.03384,0.1609,0.09258,0.01115,0.08016,0.02741,0.0314,0.2167,0.2133,
2.107,0.1927,0.07726,0.05516,0.03391,0.1608,0.09176,0.01149,0.08018,0.02798,0.0305,0.2168,0.2142,
2.106,0.1856,0.07705,0.05503,0.03412,0.1606,0.09135,0.01123,0.08019,0.02799,0.03052,0.2169,0.2151,
2.104,0.1815,0.07682,0.05497,0.03358,0.1604,0.09087,0.01122,0.08011,0.02944,0.02901,0.2178,0.2158,
2.114,0.1857,0.08396,0.05486,0.0333,0.1598,0.08977,0.01106,0.07997,0.02939,0.03194,0.2165,0.2094,
2.115,0.1794,0.08277,0.05483,0.03335,0.1602,0.08986,0.01093,0.08011,0.02942,0.03282,0.2164,0.2093,
2.117,0.1928,0.08229,0.05483,0.03346,0.1603,0.08958,0.01144,0.08002,0.03028,0.03238,0.2157,0.2098,
2.117,0.18,0.08224,0.05483,0.0335,0.1603,0.08958,0.01144,0.08016,0.03041,0.03211,0.2157,0.2098,
2.133,0.1917,0.08131,0.05489,0.03323,0.1598,0.0894,0.02273,0.06898,0.03027,0.03293,0.2163,0.2102,
2.133,0.2003,0.08105,0.05496,0.03332,0.1598,0.0901,0.02241,0.06875,0.03028,0.0328,0.2163,0.2102,
2.132,0.2277,0.08082,0.05509,0.03333,0.1599,0.09042,0.02224,0.06874,0.03147,0.03148,0.2163,0.2102,
2.139,0.2114,0.08055,0.05513,0.03346,0.1599,0.09015,0.02225,0.06875,0.03172,0.03466,0.2129,0.2105,
2.138,0.2108,0.0802,0.055,0.03346,0.1599,0.09019,0.02226,0.0688,0.03218,0.03424,0.2131,0.2107,
2.138,0.1819,0.07957,0.05472,0.03357,0.1602,0.09026,0.02244,0.06869,0.03221,0.03427,0.2132,0.2108,
2.138,0.1809,0.07915,0.0544,0.03373,0.16,0.09037,0.0226,0.06865,0.03261,0.03395,0.2135,0.2111,
2.137,0.1874,0.07864,0.05443,0.03382,0.1595,0.08983,0.02259,0.06863,0.03305,0.03349,0.2145,0.2115,
2.144,0.1779,0.08104,0.05436,0.03388,0.159,0.08929,0.02258,0.06872,0.03314,0.0364,0.2123,0.2093,
2.143,0.1792,0.08068,0.05435,0.03381,0.1581,0.08918,0.02281,0.06858,0.03289,0.03635,0.2141,0.2091,
2.142,0.1893,0.08049,0.05446,0.03386,0.1579,0.08792,0.02296,0.06861,0.03299,0.03615,0.2142,0.2105,
2.14,0.1859,0.07821,0.05459,0.03397,0.1594,0.08811,0.02267,0.06855,0.03336,0.03572,0.2151,0.2103,
2.143,0.1941,0.07806,0.05447,0.03409,0.1593,0.0878,0.02268,0.06879,0.03363,0.03713,0.2133,0.2107,
2.147,0.1877,0.07745,0.05451,0.03411,0.1597,0.08769,0.02266,0.0686,0.03476,0.03864,0.2108,0.2111,
2.152,0.2194,0.08132,0.05443,0.03372,0.1596,0.08732,0.02264,0.06864,0.03711,0.03764,0.2101,0.2076,
2.151,0.1701,0.08132,0.05417,0.03381,0.1595,0.08682,0.02265,0.06866,0.03851,0.03626,0.2101,0.2082,
2.151,0.159,0.08081,0.0544,0.03382,0.1596,0.08568,0.02292,0.06842,0.03852,0.03628,0.2102,0.2094,
2.134,0.1724,0.08041,0.05478,0.03387,0.1594,0.09482,0.01306,0.06872,0.03864,0.03585,0.2102,0.2102,
2.133,0.1593,0.08013,0.05478,0.03397,0.1592,0.09414,0.01304,0.06879,0.03911,0.03517,0.2111,0.2106,
2.132,0.1601,0.0798,0.0548,0.03393,0.1589,0.09394,0.01302,0.06864,0.03929,0.03483,0.2127,0.2101,
2.13,0.1698,0.07957,0.05482,0.03346,0.1587,0.0931,0.01313,0.0685,0.03949,0.03436,0.2136,0.2113,
2.101,0.189,0.07904,0.05471,0.03355,0.1592,0.09115,0.01327,0.09264,0.01578,0.03381,0.2136,0.2133,
2.113,0.2128,0.08324,0.05471,0.03332,0.1591,0.0908,0.01341,0.09241,0.0181,0.03507,0.2101,0.2097,
2.117,0.1974,0.08491,0.05449,0.0333,0.1587,0.08957,0.01367,0.09244,0.0178,0.03738,0.2088,0.2089,
2.117,0.1926,0.08437,0.05448,0.0334,0.1585,0.08966,0.01368,0.09267,0.01793,0.03718,0.209,0.2092,
2.117,0.1941,0.08394,0.05433,0.03365,0.1583,0.08936,0.01382,0.09273,0.01882,0.03619,0.2092,0.2097,
2.118,0.2091,0.08367,0.05432,0.03375,0.1581,0.08864,0.01436,0.09226,0.01907,0.03597,0.2093,0.2106,
2.117,0.2186,0.08324,0.05443,0.03381,0.1576,0.08794,0.01464,0.09217,0.01883,0.03601,0.2095,0.2118,
2.117,0.1817,0.08273,0.05419,0.03396,0.1579,0.08747,0.01464,0.09221,0.01907,0.03579,0.2096,0.2124,
2.119,0.1666,0.08421,0.05432,0.03404,0.1578,0.08702,0.01478,0.09231,0.01997,0.03474,0.2097,0.2111,
2.117,0.1804,0.08352,0.05432,0.03413,0.158,0.08616,0.01492,0.0924,0.01981,0.03476,0.2099,0.2121,
2.117,0.1799,0.08332,0.0543,0.03412,0.1577,0.08583,0.01491,0.09234,0.02006,0.03447,0.2108,0.2122,
2.117,0.1703,0.08254,0.05454,0.03421,0.1575,0.08635,0.01479,0.09212,0.02008,0.0345,0.2109,0.2124,
2.12,0.1788,0.08552,0.05437,0.03433,0.1576,0.08652,0.01438,0.09216,0.02237,0.03223,0.211,0.2095,
2.119,0.1686,0.085,0.05455,0.03442,0.1576,0.08628,0.01438,0.09241,0.02216,0.03225,0.2111,0.2098,
2.118,0.1688,0.08428,0.05384,0.03459,0.158,0.08602,0.01453,0.09246,0.02199,0.03229,0.2114,0.2106,
2.119,0.1723,0.08386,0.05391,0.03465,0.158,0.08565,0.01507,0.09197,0.02339,0.03091,0.2115,0.2111,
2.109,0.1808,0.08323,0.05412,0.03479,0.158,0.09352,0.01893,0.08974,0.01343,0.03092,0.2116,0.2117,
2.107,0.1801,0.08225,0.05407,0.03479,0.1586,0.09307,0.01892,0.08986,0.01336,0.03076,0.2125,0.2119,
2.122,0.1923,0.08629,0.05391,0.03494,0.1584,0.09273,0.02703,0.082,0.01369,0.03044,0.2124,0.2082,
2.122,0.1915,0.08611,0.05388,0.03501,0.1583,0.09256,0.02716,0.08174,0.0137,0.03046,0.2125,0.2087,
2.121,0.1964,0.08575,0.05393,0.03488,0.1583,0.09199,0.02727,0.0815,0.0137,0.03047,0.2125,0.2097,
2.12,0.223,0.08555,0.05377,0.03488,0.1581,0.09193,0.02739,0.08131,0.01369,0.03044,0.2134,0.2095,
2.12,0.2317,0.08453,0.05362,0.03493,0.1589,0.09096,0.02849,0.08036,0.01406,0.02999,0.2135,0.2106,
2.118,0.2042,0.08405,0.05341,0.03485,0.1581,0.09034,0.02845,0.08043,0.01409,0.02973,0.2154,0.2112,
2.119,0.2075,0.08394,0.05332,0.03496,0.1581,0.08985,0.02886,0.08142,0.01284,0.03154,0.2135,0.2117,
2.122,0.2225,0.08353,0.05332,0.03505,0.1578,0.09006,0.02913,0.08111,0.01401,0.0309,0.2131,0.2119,
2.123,0.2152,0.08313,0.05347,0.03512,0.1578,0.09022,0.02927,0.08087,0.01506,0.02987,0.2132,0.212,
2.129,0.211,0.08348,0.05356,0.03528,0.1585,0.09001,0.02943,0.08132,0.01454,0.03312,0.2102,0.2106,
2.138,0.2335,0.08277,0.05368,0.03537,0.1583,0.08939,0.0685,0.04242,0.01501,0.03258,0.2103,0.2117,
2.137,0.2325,0.08188,0.0535,0.0355,0.1582,0.08918,0.06856,0.04246,0.01489,0.03261,0.2105,0.2127,
2.135,0.2032,0.08109,0.05334,0.03545,0.1574,0.08895,0.06838,0.04253,0.01563,0.03155,0.2131,0.2126,
2.135,0.2141,0.08057,0.05338,0.03551,0.1578,0.08863,0.06856,0.04223,0.01613,0.03105,0.2131,0.2131,
2.141,0.2102,0.08373,0.0535,0.03528,0.1578,0.08818,0.06856,0.04223,0.01753,0.03128,0.2115,0.2104,
2.134,0.219,0.08344,0.05366,0.03525,0.1576,0.08831,0.06829,0.04877,0.01187,0.03031,0.2123,0.2102,
2.139,0.227,0.08332,0.05358,0.03526,0.1574,0.08686,0.06835,0.04886,0.0127,0.0326,0.2097,0.2113,
2.14,0.2184,0.08541,0.0536,0.03522,0.1572,0.0859,0.06857,0.04856,0.01292,0.03233,0.2106,0.2097,
2.137,0.2292,0.08237,0.05378,0.03528,0.16,0.08414,0.06857,0.04856,0.01326,0.03199,0.2106,0.2114,
2.136,0.2113,0.08209,0.05383,0.03533,0.16,0.08334,0.06859,0.04884,0.013,0.03199,0.2107,0.2123,
2.135,0.2035,0.08131,0.05385,0.03543,0.1605,0.08286,0.06876,0.0487,0.01333,0.03168,0.2108,0.2129,
2.14,0.2014,0.08506,0.05381,0.03539,0.1601,0.08137,0.06885,0.04854,0.01333,0.03317,0.2102,0.2102,
2.137,0.2339,0.08313,0.0538,0.03546,0.1612,0.08019,0.06869,0.04852,0.01357,0.03291,0.2111,0.2114,
2.138,0.2277,0.08292,0.05373,0.03558,0.1612,0.08021,0.06915,0.04821,0.01416,0.03222,0.2112,0.2114,
2.136,0.2275,0.08277,0.05367,0.03562,0.1605,0.07917,0.06927,0.04805,0.01439,0.03198,0.2122,0.2124,
2.136,0.2201,0.08274,0.05368,0.03567,0.1604,0.07855,0.06941,0.0481,0.0149,0.0313,0.2122,0.2131,
2.133,0.1944,0.08183,0.05338,0.03574,0.161,0.07721,0.06935,0.04793,0.01489,0.03127,0.2131,0.2143,
2.133,0.1923,0.08159,0.05344,0.0358,0.1607,0.07657,0.06942,0.0478,0.0154,0.03079,0.2133,0.2152,
2.12,0.2309,0.08327,0.05339,0.03597,0.1615,0.0769,0.09544,0.02161,0.01541,0.03528,0.209,0.2123,
2.123,0.282,0.08595,0.05346,0.03603,0.1612,0.08262,0.0895,0.02147,0.01542,0.0353,0.2091,0.2099,
2.122,0.2734,0.08536,0.05336,0.03609,0.1614,0.08205,0.08942,0.02145,0.01573,0.03495,0.21,0.2102,
2.126,0.2554,0.08496,0.05316,0.03609,0.1607,0.08147,0.08904,0.02139,0.01666,0.03699,0.2094,0.2101,
2.125,0.2055,0.08416,0.05348,0.03575,0.1607,0.08103,0.0891,0.02141,0.01689,0.03679,0.2096,0.2111,
2.125,0.1841,0.0837,0.05336,0.03593,0.161,0.07993,0.08911,0.02141,0.01732,0.03636,0.2096,0.2123,
2.121,0.1831,0.08301,0.05323,0.03597,0.1609,0.07837,0.08858,0.02164,0.01702,0.0363,0.2113,0.2137,
2.123,0.1817,0.08558,0.05301,0.03594,0.1606,0.078,0.08804,0.02182,0.01698,0.03616,0.2128,0.2111,
2.122,0.1873,0.08554,0.05303,0.03598,0.1605,0.07684,0.08805,0.02182,0.01733,0.03582,0.2129,0.2122,
2.121,0.2021,0.08551,0.05305,0.03599,0.1605,0.07629,0.08834,0.02154,0.01733,0.03582,0.2129,0.2128,
2.121,0.203,0.08527,0.05318,0.03605,0.1603,0.07585,0.08836,0.02274,0.01697,0.035,0.2129,0.2133,
2.098,0.2011,0.08479,0.05308,0.03608,0.1602,0.0758,0.1007,0.01036,0.01721,0.03473,0.2139,0.2132,
2.105,0.203,0.08561,0.05332,0.03617,0.16,0.0756,0.1009,0.01024,0.01812,0.0369,0.2111,0.2121,
2.109,0.199,0.08627,0.05335,0.03619,0.1598,0.07505,0.1008,0.01023,0.01838,0.03892,0.2096,0.2114,
2.112,0.2066,0.08852,0.05358,0.03625,0.1597,0.07438,0.1007,0.01064,0.01892,0.03798,0.2097,0.2096,
2.112,0.2107,0.08812,0.05372,0.03635,0.1593,0.0739,0.1008,0.01065,0.01962,0.03732,0.2099,0.2103,
2.109,0.1978,0.08742,0.05369,0.03601,0.159,0.07214,0.1008,0.01066,0.02033,0.03668,0.2101,0.2131,
2.112,0.1971,0.0908,0.0536,0.03591,0.1583,0.07174,0.1009,0.01067,0.02086,0.03617,0.2114,0.2097,
2.112,0.1952,0.09,0.05377,0.03597,0.1583,0.07181,0.101,0.01068,0.02155,0.03553,0.2115,0.2099,
2.117,0.1801,0.09328,0.05369,0.03563,0.1579,0.07083,0.101,0.01069,0.02182,0.03734,0.2098,0.208,
2.116,0.1788,0.09278,0.0538,0.03574,0.1573,0.07012,0.1011,0.01088,0.02196,0.03711,0.2101,0.2091,
2.116,0.1991,0.09209,0.05393,0.03579,0.1572,0.06981,0.1012,0.01089,0.02287,0.03625,0.2103,0.2097,
2.116,0.1886,0.09058,0.05419,0.03592,0.1582,0.06957,0.1012,0.01109,0.02335,0.03558,0.2103,0.21,
2.114,0.1794,0.08877,0.05442,0.03607,0.1589,0.06841,0.1013,0.0111,0.02403,0.03496,0.2105,0.2115,
2.113,0.1777,0.08827,0.05443,0.03621,0.1586,0.06752,0.1014,0.01125,0.02405,0.03478,0.2108,0.2128,
2.117,0.1791,0.09206,0.05463,0.03632,0.1581,0.06757,0.1015,0.01126,0.02435,0.03452,0.2109,0.2088,
2.118,0.2178,0.08944,0.05489,0.0365,0.1597,0.09516,0.07375,0.01127,0.02524,0.03354,0.2111,0.2094,
2.117,0.2098,0.08897,0.05478,0.03655,0.1598,0.09461,0.07372,0.01127,0.02582,0.03273,0.2119,0.2098,
2.112,0.1985,0.08896,0.05453,0.03668,0.1596,0.09479,0.07598,0.008923,0.02652,0.03207,0.2121,0.2099,
2.111,0.1866,0.08814,0.05436,0.0368,0.1594,0.09392,0.07593,0.008932,0.02654,0.03209,0.2123,0.2116,
2.11,0.1717,0.08749,0.05426,0.03685,0.1594,0.09338,0.07588,0.008941,0.02717,0.03153,0.2125,0.2126,
2.109,0.1722,0.08689,0.05434,0.03692,0.1594,0.0921,0.07565,0.00908,0.02705,0.03155,0.2126,0.2143,
2.108,0.1733,0.08656,0.05443,0.03661,0.1592,0.09216,0.07569,0.009085,0.0273,0.03133,0.2128,0.2149,
2.106,0.1675,0.08644,0.05439,0.03612,0.1589,0.09062,0.07562,0.009077,0.02787,0.03071,0.2136,0.2166,
2.103,0.169,0.08607,0.05471,0.03559,0.1589,0.08811,0.07562,0.009297,0.02765,0.03071,0.2136,0.2197,
2.103,0.1687,0.08546,0.05465,0.03564,0.1595,0.08784,0.07563,0.009675,0.02907,0.02891,0.2136,0.22,
2.1,0.1689,0.08516,0.05457,0.03521,0.1595,0.08604,0.07556,0.009859,0.02912,0.02861,0.2145,0.2219,
2.099,0.1717,0.08486,0.05475,0.03533,0.1595,0.08573,0.07542,0.009859,0.02984,0.0279,0.2145,0.2224,
2.105,0.1672,0.08752,0.05463,0.03535,0.1595,0.08421,0.07548,0.01025,0.02949,0.02993,0.2131,0.2205,
2.108,0.1763,0.08837,0.05437,0.03547,0.1595,0.08376,0.07552,0.01039,0.02971,0.03078,0.212,0.2201,
2.106,0.1784,0.08793,0.05428,0.03546,0.1594,0.08274,0.07587,0.01017,0.02994,0.03032,0.213,0.2209,
2.104,0.1842,0.08758,0.05435,0.03549,0.1591,0.08182,0.07569,0.01034,0.0302,0.02984,0.2139,0.2217,
2.102,0.1835,0.0871,0.0544,0.03506,0.1592,0.08082,0.07568,0.0103,0.03016,0.02979,0.214,0.2236,
2.103,0.1826,0.08795,0.05446,0.03508,0.159,0.07926,0.07571,0.01045,0.03095,0.0297,0.2132,0.2243,
2.102,0.1845,0.08773,0.05442,0.03516,0.159,0.07853,0.07575,0.01029,0.03229,0.02838,0.2132,0.2252,
2.112,0.1784,0.09245,0.05443,0.03475,0.1588,0.07808,0.07581,0.0103,0.03255,0.03206,0.2095,0.2213,
2.116,0.1782,0.09734,0.05436,0.03483,0.1583,0.07765,0.07577,0.01043,0.03263,0.03183,0.2104,0.2164,
2.115,0.189,0.1,0.05433,0.03484,0.1581,0.09082,0.06226,0.01061,0.03261,0.03172,0.2106,0.2141,
2.118,0.1759,0.1042,0.05445,0.03437,0.1581,0.09059,0.06229,0.01099,0.03248,0.03151,0.2107,0.2104,
2.109,0.1726,0.1028,0.05447,0.03441,0.1591,0.09076,0.0666,0.006755,0.03412,0.02972,0.2108,0.2105,
2.108,0.1723,0.1023,0.05456,0.03452,0.1587,0.09018,0.06639,0.00676,0.03476,0.02914,0.211,0.2116,
2.107,0.1817,0.1012,0.05479,0.03456,0.1588,0.08914,0.0662,0.006943,0.03507,0.02873,0.2113,0.2133,
2.108,0.177,0.1043,0.05478,0.03477,0.1587,0.08812,0.06626,0.006949,0.03659,0.02726,0.2114,0.2108,
2.107,0.1715,0.104,0.05472,0.03472,0.1586,0.08722,0.06642,0.007147,0.03641,0.02714,0.2115,0.2121,
2.106,0.178,0.1033,0.05465,0.03481,0.1589,0.08579,0.06645,0.00715,0.03684,0.02675,0.2117,0.2137,
2.103,0.184,0.1027,0.05461,0.03454,0.159,0.08403,0.0664,0.007144,0.03725,0.02628,0.2125,0.2155,
2.104,0.1865,0.1045,0.05477,0.03466,0.1591,0.08322,0.06647,0.007258,0.03718,0.0263,0.2128,0.2139,
2.103,0.2034,0.1038,0.05473,0.03478,0.1592,0.08259,0.06614,0.00744,0.03703,0.02632,0.2129,0.2151,
2.102,0.1824,0.1035,0.05446,0.03484,0.1588,0.0827,0.06598,0.007438,0.03786,0.02547,0.2139,0.215,
2.103,0.1795,0.1048,0.05465,0.03492,0.1587,0.08172,0.06593,0.007623,0.03787,0.02537,0.2142,0.2143,
2.102,0.1633,0.108,0.05425,0.03508,0.1582,0.07927,0.06596,0.007626,0.03811,0.02515,0.2153,0.2131,
2.101,0.181,0.1073,0.05423,0.03522,0.1581,0.07849,0.06602,0.007632,0.03931,0.02401,0.2155,0.2141,
2.1,0.1798,0.107,0.05424,0.03528,0.1579,0.07811,0.06603,0.007636,0.03983,0.02353,0.2157,0.2147,
2.097,0.1644,0.1067,0.05438,0.03503,0.158,0.07674,0.06604,0.007638,0.04147,0.0219,0.2157,0.2164,
2.096,0.1771,0.1052,0.05472,0.03507,0.1581,0.07558,0.06587,0.007817,0.04165,0.02154,0.2168,0.2177,
2.105,0.1686,0.1094,0.05472,0.03512,0.158,0.07439,0.06593,0.008042,0.04174,0.02466,0.2137,0.2143,
2.105,0.1717,0.1089,0.05473,0.03525,0.1578,0.0741,0.06613,0.007913,0.04202,0.02444,0.2138,0.2148,
2.106,0.1671,0.1115,0.05461,0.03542,0.1578,0.07364,0.06614,0.007987,0.0418,0.02443,0.2149,0.2118,
2.105,0.1707,0.1109,0.05454,0.03547,0.1575,0.07308,0.06613,0.008121,0.04186,0.02422,0.2159,0.2123,
2.112,0.1657,0.1103,0.05467,0.03561,0.1574,0.07241,0.06653,0.007762,0.04222,0.02807,0.2119,0.2131,
2.109,0.1802,0.1077,0.05464,0.03518,0.1589,0.07222,0.0668,0.007611,0.04377,0.02664,0.2122,0.2143,
2.064,0.2135,0.1069,0.05448,0.0353,0.1586,0.1202,0.01803,0.007328,0.04478,0.02552,0.214,0.2148,
2.063,0.2152,0.1062,0.05446,0.03543,0.1583,0.1201,0.01779,0.007338,0.04484,0.02555,0.2143,0.2156,
2.065,0.1932,0.1104,0.0544,0.03553,0.1584,0.1178,0.01796,0.007596,0.04502,0.02488,0.2145,0.2136,
2.064,0.1587,0.1096,0.05443,0.03561,0.1578,0.1177,0.01782,0.007597,0.04503,0.02488,0.2156,0.2139,
2.063,0.1554,0.1093,0.05443,0.03569,0.1573,0.1172,0.01798,0.007629,0.04576,0.02393,0.2166,0.2142,
2.062,0.1583,0.1084,0.05459,0.0357,0.1572,0.117,0.01783,0.007625,0.04616,0.02349,0.2175,0.2144,
2.062,0.1699,0.1073,0.05474,0.0357,0.1574,0.1168,0.01769,0.007621,0.04839,0.02275,0.217,0.2146,
2.061,0.1574,0.1069,0.0547,0.03573,0.1571,0.1163,0.01782,0.007475,0.0485,0.0226,0.218,0.2149,
2.061,0.1589,0.1055,0.05491,0.03581,0.1572,0.1156,0.0177,0.007891,0.04812,0.02262,0.2181,0.2165,
2.064,0.1586,0.107,0.05502,0.03596,0.1574,0.1146,0.01771,0.007896,0.04853,0.02332,0.2172,0.2154,
2.064,0.1615,0.1062,0.05499,0.03601,0.1573,0.114,0.0177,0.008387,0.04802,0.02331,0.2182,0.2158,
2.062,0.1628,0.1058,0.05486,0.03591,0.1574,0.1129,0.01773,0.008249,0.04804,0.02332,0.2183,0.2176,
2.072,0.1561,0.1096,0.0547,0.03589,0.1571,0.1124,0.01785,0.008275,0.04823,0.02655,0.2164,0.2131,
2.07,0.1585,0.1087,0.0546,0.03596,0.1573,0.1121,0.01785,0.008124,0.04893,0.0258,0.2174,0.2133,
2.072,0.1608,0.106,0.05466,0.03588,0.1584,0.1107,0.01781,0.008418,0.04874,0.02784,0.2177,0.2138,
2.071,0.1758,0.1046,0.05453,0.03597,0.1585,0.1108,0.01796,0.008277,0.04967,0.02694,0.2189,0.2139,
2.075,0.1668,0.1038,0.05447,0.03608,0.1585,0.1107,0.01795,0.008273,0.04965,0.02949,0.2173,0.2138,
2.075,0.1628,0.1021,0.05486,0.0362,0.1589,0.1104,0.01797,0.00839,0.0496,0.02952,0.2176,0.2146,
2.073,0.169,0.1013,0.05487,0.03619,0.1584,0.1092,0.01794,0.008379,0.04953,0.02948,0.2194,0.2153,
2.072,0.1687,0.1003,0.05479,0.03639,0.1578,0.1087,0.01782,0.008492,0.04981,0.02914,0.2207,0.2161,
2.071,0.178,0.09946,0.05495,0.03649,0.1578,0.1081,0.02004,0.006782,0.04936,0.02916,0.2209,0.217,
2.069,0.1714,0.09828,0.0549,0.03658,0.157,0.1075,0.02002,0.006776,0.04931,0.02913,0.2229,0.2176,
2.068,0.1726,0.09763,0.05502,0.03667,0.1567,0.1073,0.01991,0.006783,0.04937,0.02917,0.2231,0.2184,
2.068,0.1779,0.09687,0.05512,0.03679,0.1567,0.1068,0.02004,0.00672,0.04956,0.02892,0.2233,0.2192,
2.067,0.1864,0.09607,0.0552,0.03695,0.1566,0.106,0.02006,0.007052,0.04966,0.02858,0.2235,0.2202,
2.066,0.1649,0.09534,0.05499,0.03694,0.1566,0.1053,0.02037,0.006781,0.04972,0.02862,0.2238,0.2215,
2.064,0.1701,0.09481,0.05489,0.03695,0.1567,0.1041,0.0201,0.006883,0.04995,0.02821,0.2247,0.2227,
2.062,0.1656,0.09429,0.05491,0.03701,0.1563,0.1034,0.02027,0.006706,0.05053,0.0276,0.2258,0.2232,
2.062,0.1664,0.09531,0.05468,0.037,0.1559,0.1026,0.02049,0.006773,0.05227,0.02616,0.2269,0.2219,
2.067,0.1674,0.09682,0.05461,0.0371,0.1564,0.1013,0.02098,0.006505,0.05207,0.02839,0.2247,0.2211,
2.065,0.1684,0.09637,0.05422,0.03716,0.1559,0.09967,0.02095,0.006495,0.05199,0.02835,0.2266,0.2222,
2.069,0.1636,0.09723,0.05415,0.03735,0.1561,0.09868,0.02105,0.006411,0.05201,0.03056,0.2245,0.2219,
2.069,0.1654,0.09692,0.05438,0.03747,0.1559,0.09842,0.02105,0.006412,0.05226,0.03032,0.2245,0.2223,
2.068,0.1685,0.09618,0.0543,0.0376,0.1565,0.09732,0.02106,0.006414,0.0525,0.0301,0.2246,0.2234,
2.067,0.1826,0.09543,0.05427,0.03778,0.1566,0.09683,0.02107,0.006418,0.05254,0.03012,0.2247,0.2241,
2.067,0.1678,0.0948,0.0544,0.03786,0.1565,0.09634,0.02109,0.006423,0.05258,0.03014,0.2249,0.2249,
2.064,0.184,0.09451,0.05434,0.03787,0.1567,0.09581,0.02101,0.00629,0.05446,0.02829,0.225,0.2258,
2.061,0.1757,0.09368,0.05439,0.03783,0.1561,0.09412,0.02092,0.00627,0.05429,0.02807,0.2277,0.2266,
2.06,0.1702,0.09085,0.05436,0.03791,0.1585,0.09361,0.02107,0.006544,0.05417,0.02784,0.2278,0.2274,
2.057,0.1685,0.08757,0.05424,0.03807,0.1614,0.0937,0.02092,0.006526,0.05442,0.02749,0.2279,0.2277,
2.063,0.1723,0.09044,0.05407,0.03815,0.1605,0.09399,0.02065,0.00742,0.05417,0.02815,0.2278,0.2246,
2.062,0.162,0.09025,0.05395,0.03813,0.1601,0.09409,0.02067,0.007564,0.05498,0.0273,0.2281,0.2249,
2.079,0.2034,0.08989,0.05393,0.03816,0.1598,0.09403,0.02066,0.04017,0.02233,0.02728,0.2291,0.2247,
2.078,0.1789,0.08911,0.05395,0.03821,0.1601,0.09257,0.02082,0.04054,0.02341,0.02573,0.2292,0.2263,
2.077,0.2068,0.08866,0.05394,0.03829,0.1599,0.09198,0.02084,0.04057,0.02368,0.02551,0.2294,0.2272,
2.075,0.1638,0.08822,0.05383,0.03839,0.1595,0.09057,0.02083,0.0409,0.02332,0.0255,0.2304,0.2285,
2.076,0.1683,0.08955,0.05378,0.03847,0.1594,0.08994,0.02082,0.04121,0.02311,0.02567,0.2311,0.2269,
2.075,0.1579,0.08952,0.05374,0.03812,0.1592,0.08924,0.02085,0.04108,0.02325,0.02555,0.2312,0.2283,
2.072,0.1635,0.08927,0.05368,0.03816,0.1588,0.08768,0.02083,0.04123,0.02305,0.02553,0.2321,0.2296,
2.075,0.179,0.08703,0.05385,0.03825,0.1619,0.08657,0.02102,0.04109,0.02434,0.02589,0.2307,0.2293,
2.079,0.1629,0.0888,0.05381,0.03826,0.1621,0.08502,0.02133,0.04087,0.02453,0.02744,0.2298,0.2281,
2.063,0.1799,0.08805,0.05431,0.0383,0.162,0.08216,0.02164,0.05411,0.01144,0.02702,0.2299,0.2311,
2.071,0.2045,0.09212,0.05437,0.03793,0.1648,0.08116,0.02161,0.0539,0.01181,0.0288,0.2278,0.2256,
2.069,0.1764,0.09188,0.05439,0.03797,0.1649,0.07939,0.02148,0.05392,0.01182,0.0288,0.2279,0.2276,
2.067,0.1664,0.09116,0.05443,0.03803,0.1646,0.07843,0.02118,0.0539,0.01231,0.0283,0.2289,0.2287,
2.066,0.1715,0.09067,0.05443,0.03776,0.1643,0.07839,0.02134,0.05384,0.01244,0.02801,0.23,0.2289,
2.064,0.1752,0.08974,0.05473,0.03784,0.1646,0.07715,0.02135,0.05399,0.01231,0.02802,0.2301,0.2302,
2.065,0.1704,0.08924,0.05475,0.03788,0.1649,0.0766,0.02136,0.054,0.015,0.02534,0.2301,0.2309,
2.069,0.1748,0.08999,0.05474,0.038,0.1677,0.07598,0.02137,0.05403,0.01588,0.02568,0.229,0.2276,
2.067,0.164,0.08852,0.05498,0.03742,0.1684,0.0757,0.02138,0.05406,0.01603,0.02556,0.2292,0.2288,
2.066,0.1672,0.08812,0.0551,0.03749,0.1683,0.07482,0.02139,0.05434,0.01579,0.02558,0.2293,0.2298,
2.066,0.1642,0.08745,0.05518,0.03755,0.1685,0.07486,0.02155,0.0544,0.01576,0.02545,0.2294,0.2299,
2.07,0.1843,0.08997,0.05513,0.03762,0.1685,0.07343,0.02155,0.05454,0.01604,0.02658,0.2279,0.2288,
2.069,0.1924,0.08927,0.0551,0.03774,0.1688,0.07332,0.02142,0.0549,0.01612,0.02619,0.228,0.2292,
2.073,0.1814,0.09018,0.05496,0.03779,0.1682,0.07318,0.02152,0.05466,0.01707,0.02681,0.2282,0.2275,
2.072,0.1713,0.08979,0.05488,0.03789,0.1682,0.07312,0.02112,0.05469,0.01707,0.02682,0.2283,0.2281,
2.07,0.1779,0.08868,0.05485,0.03797,0.1683,0.07243,0.02111,0.05477,0.01709,0.02655,0.2293,0.229,
2.07,0.1705,0.08838,0.05501,0.03806,0.1682,0.07217,0.02138,0.05451,0.01709,0.02655,0.2294,0.2293,
2.07,0.1814,0.08787,0.05506,0.03786,0.1681,0.07221,0.02153,0.05441,0.0171,0.02657,0.2295,0.2298,
2.077,0.176,0.09317,0.05502,0.03755,0.168,0.07129,0.02164,0.05432,0.01711,0.02845,0.2277,0.2258,
2.085,0.1569,0.09974,0.05495,0.03762,0.1679,0.07133,0.02179,0.05421,0.01712,0.02977,0.2265,0.2191,
2.093,0.1723,0.103,0.05536,0.03773,0.1677,0.07101,0.02194,0.05434,0.01932,0.02898,0.2251,0.2155,
2.093,0.1559,0.1027,0.0551,0.03784,0.1672,0.07061,0.02238,0.05401,0.01982,0.02856,0.2254,0.2164,
2.092,0.1692,0.1024,0.05527,0.03794,0.1669,0.0698,0.02239,0.05404,0.02039,0.02801,0.2255,0.2173,
2.096,0.164,0.1053,0.0552,0.03807,0.1664,0.06908,0.02282,0.05376,0.0202,0.02938,0.2251,0.2147,
2.095,0.1698,0.1045,0.05529,0.03779,0.1666,0.0684,0.02285,0.0535,0.02111,0.02851,0.2253,0.2162,
2.095,0.1762,0.1036,0.05532,0.03793,0.1668,0.06845,0.02287,0.05354,0.02113,0.02853,0.2255,0.2164,
2.101,0.1773,0.1032,0.05533,0.03804,0.1669,0.06809,0.02287,0.05355,0.02113,0.03217,0.2219,0.2168,
2.103,0.1869,0.1052,0.05537,0.03803,0.1666,0.06679,0.02297,0.0532,0.02198,0.03222,0.2228,0.2148,
2.103,0.1823,0.1049,0.05548,0.03811,0.1665,0.0664,0.02313,0.05308,0.02199,0.03223,0.2229,0.2153,
2.107,0.1807,0.1034,0.05545,0.03823,0.167,0.06644,0.02314,0.05311,0.022,0.03454,0.2208,0.2159,
2.105,0.1814,0.1028,0.05543,0.0381,0.1666,0.06592,0.02321,0.05304,0.02233,0.03397,0.2226,0.216,
2.091,0.1736,0.1021,0.05543,0.03818,0.1669,0.07903,0.01029,0.05312,0.02246,0.0368,0.2196,0.2161,
2.091,0.165,0.1017,0.05551,0.03826,0.167,0.07854,0.01056,0.05299,0.02247,0.03667,0.2196,0.2167,
2.096,0.1818,0.1055,0.05574,0.03838,0.1671,0.0775,0.01057,0.05302,0.02297,0.03744,0.2185,0.2132,
2.094,0.1651,0.1045,0.05587,0.03839,0.167,0.07713,0.01031,0.05296,0.02323,0.03727,0.2188,0.2145,
2.097,0.1588,0.104,0.05597,0.03849,0.1665,0.07694,0.01046,0.05313,0.0234,0.03828,0.2178,0.2151,
2.095,0.1754,0.1034,0.05614,0.03807,0.1662,0.07654,0.01015,0.05318,0.02372,0.03802,0.218,0.2166,
2.109,0.1793,0.1029,0.05601,0.03817,0.166,0.07622,0.03598,0.02731,0.02371,0.038,0.2189,0.2168,
2.109,0.1946,0.1025,0.05603,0.03826,0.1659,0.07627,0.03641,0.02692,0.02425,0.0375,0.2191,0.2169,
2.109,0.1739,0.102,0.0561,0.03841,0.1653,0.07601,0.03644,0.02671,0.02457,0.03726,0.2194,0.2179,
2.114,0.1781,0.1042,0.05635,0.0381,0.1649,0.076,0.03643,0.02671,0.02483,0.03892,0.2185,0.215,
2.118,0.1648,0.1035,0.05624,0.0382,0.1649,0.07568,0.03652,0.02659,0.02505,0.04185,0.2163,0.2152,
2.118,0.1797,0.1031,0.05621,0.03837,0.1648,0.07571,0.03681,0.02656,0.02548,0.04121,0.2164,0.2153,
2.118,0.1682,0.1025,0.05604,0.03852,0.165,0.07561,0.03673,0.02671,0.0261,0.04052,0.2166,0.2157,
2.116,0.1799,0.09938,0.0559,0.03861,0.1665,0.07562,0.03674,0.02672,0.0261,0.04052,0.2177,0.2162,
2.116,0.176,0.09886,0.05584,0.038,0.1668,0.07565,0.03689,0.02673,0.02782,0.03869,0.2178,0.2169,
2.115,0.1706,0.09822,0.05601,0.03807,0.1666,0.07469,0.03692,0.02708,0.02782,0.03843,0.218,0.2182,
2.1,0.1777,0.09761,0.05591,0.03812,0.1666,0.07463,0.05395,0.01,0.02833,0.0387,0.2181,0.218,
2.099,0.1811,0.0968,0.05616,0.03822,0.1668,0.07407,0.05384,0.01001,0.02921,0.03785,0.2182,0.2188,
2.098,0.1895,0.0966,0.05604,0.03795,0.1664,0.07385,0.05388,0.01002,0.02962,0.03749,0.2184,0.2197,
2.098,0.1919,0.09609,0.05618,0.03802,0.1659,0.074,0.05366,0.01001,0.03047,0.03661,0.2194,0.2196,
2.107,0.168,0.09832,0.05619,0.03808,0.166,0.07392,0.05358,0.01021,0.0304,0.04064,0.2152,0.2175,
2.11,0.2022,0.09751,0.05606,0.03822,0.1664,0.07359,0.05339,0.02714,0.01402,0.04007,0.2153,0.2183,
2.084,0.2221,0.09385,0.05605,0.03833,0.1691,0.1016,0.02499,0.02717,0.01426,0.03989,0.2156,0.2192,
2.087,0.1894,0.09717,0.05611,0.03804,0.1689,0.1009,0.02485,0.02728,0.01606,0.03796,0.2167,0.216,
2.087,0.1833,0.0961,0.05627,0.03808,0.169,0.1006,0.02519,0.0268,0.01647,0.03753,0.2177,0.2163,
2.086,0.1915,0.09568,0.0563,0.03817,0.1688,0.09983,0.02521,0.02696,0.0165,0.0374,0.2178,0.2173,
2.085,0.187,0.09498,0.05633,0.03825,0.1689,0.09893,0.02522,0.02696,0.01675,0.03717,0.2179,0.2187,
2.085,0.1812,0.09405,0.05641,0.03829,0.169,0.09901,0.02506,0.02695,0.01744,0.03644,0.2188,0.2185,
2.084,0.1842,0.09372,0.05651,0.03834,0.169,0.09797,0.02507,0.02695,0.0179,0.03599,0.2189,0.2196,
2.083,0.1755,0.09333,0.05651,0.03847,0.1686,0.09636,0.02509,0.02698,0.01832,0.03563,0.2191,0.2216,
2.083,0.178,0.09328,0.05638,0.03861,0.168,0.09588,0.02512,0.02719,0.01874,0.03508,0.2193,0.2224,
2.083,0.207,0.09295,0.0563,0.03868,0.1677,0.09549,0.0251,0.02717,0.01921,0.03457,0.2203,0.2226,
2.083,0.214,0.09249,0.05648,0.03878,0.1677,0.09471,0.02526,0.02714,0.02033,0.03336,0.2203,0.2234,
2.082,0.2052,0.09172,0.05666,0.03839,0.168,0.09379,0.02526,0.02714,0.022,0.03168,0.2203,0.225,
2.048,0.1987,0.09106,0.05662,0.03842,0.1679,0.1111,0.007882,0.02713,0.02222,0.03144,0.2213,0.2249,
2.048,0.1856,0.09027,0.05677,0.03848,0.1678,0.1104,0.007877,0.02711,0.02287,0.03075,0.2223,0.2253,
2.055,0.1924,0.09441,0.0566,0.03859,0.1684,0.1083,0.008073,0.02716,0.02341,0.03249,0.2199,0.2226,
2.055,0.1733,0.09369,0.05664,0.03871,0.1688,0.1077,0.008246,0.02721,0.02353,0.03218,0.22,0.2233,
2.059,0.1727,0.09593,0.05658,0.03886,0.1691,0.1078,0.008385,0.02707,0.02386,0.0329,0.219,0.2205,
2.058,0.197,0.09525,0.05648,0.03857,0.1689,0.1074,0.008493,0.02696,0.02506,0.03168,0.22,0.2212,
2.057,0.1767,0.09443,0.05641,0.03868,0.1693,0.1061,0.008498,0.02697,0.02534,0.03143,0.2202,0.2227,
2.062,0.168,0.09675,0.05638,0.03875,0.1689,0.1048,0.008506,0.027,0.02597,0.03254,0.2187,0.2218,
2.064,0.1627,0.1008,0.05618,0.03878,0.1685,0.1036,0.008502,0.02699,0.02622,0.03226,0.2197,0.2184,
2.068,0.1558,0.0996,0.056,0.03877,0.1685,0.1029,0.008477,0.02803,0.02502,0.03558,0.2189,0.2182,
2.072,0.1708,0.09911,0.05593,0.03897,0.1686,0.1019,0.01708,0.01966,0.02541,0.03501,0.219,0.2193,
2.069,0.1748,0.09833,0.0562,0.03793,0.1685,0.09988,0.0172,0.01974,0.02566,0.03447,0.2199,0.2221,
2.067,0.181,0.09796,0.05607,0.03792,0.1685,0.09821,0.01719,0.01995,0.0262,0.03365,0.2208,0.2235,
2.07,0.2009,0.09968,0.05593,0.03797,0.1683,0.09706,0.01718,0.01993,0.02646,0.03492,0.2202,0.2224,
2.069,0.1898,0.09916,0.05609,0.03796,0.1678,0.09573,0.01717,0.01992,0.02704,0.03432,0.2212,0.2236,
2.067,0.184,0.0988,0.05599,0.03805,0.168,0.09381,0.01717,0.02029,0.02784,0.03316,0.2213,0.2256,
2.065,0.1866,0.0984,0.05625,0.03811,0.168,0.09112,0.01716,0.02063,0.02761,0.03294,0.2213,0.2285,
2.061,0.186,0.09765,0.0561,0.03805,0.1674,0.0893,0.01695,0.02057,0.02752,0.03284,0.224,0.2295,
2.059,0.1904,0.09741,0.05601,0.03826,0.1671,0.08718,0.01682,0.02072,0.02848,0.03179,0.2242,0.232,
2.053,0.2164,0.09689,0.05594,0.03825,0.1672,0.0856,0.01708,0.03492,0.01396,0.03176,0.2251,0.2333,
2.05,0.2082,0.09607,0.05611,0.03828,0.1667,0.0835,0.01705,0.03486,0.01407,0.03157,0.227,0.2348,
2.048,0.1985,0.09382,0.05626,0.03828,0.1685,0.08272,0.01706,0.03532,0.01388,0.03133,0.2271,0.2358,
2.051,0.2117,0.09552,0.05625,0.03826,0.1678,0.0815,0.01705,0.03544,0.01446,0.03222,0.2265,0.2349,
2.052,0.2005,0.09472,0.05656,0.03836,0.168,0.08124,0.01706,0.03545,0.0158,0.0309,0.2266,0.2353,
2.052,0.1895,0.09466,0.05666,0.03815,0.1675,0.08101,0.01707,0.03547,0.01606,0.03066,0.2267,0.236,
2.074,0.1965,0.1057,0.05666,0.03823,0.1673,0.08046,0.01708,0.03549,0.01632,0.03755,0.2197,0.2255,
2.074,0.1674,0.1055,0.05657,0.03824,0.1667,0.08044,0.01707,0.03561,0.01647,0.03725,0.2207,0.2254,
2.079,0.1716,0.1092,0.05635,0.0379,0.1664,0.07974,0.01704,0.03556,0.01669,0.03947,0.22,0.2216,
2.086,0.172,0.1096,0.0566,0.03792,0.1662,0.07929,0.01692,0.03553,0.01799,0.04154,0.2176,0.2208,
2.091,0.1662,0.1154,0.05664,0.03802,0.1659,0.07924,0.01691,0.03572,0.01777,0.0425,0.2175,0.2144,
2.091,0.1694,0.115,0.05661,0.03813,0.166,0.07928,0.01705,0.03571,0.01793,0.04226,0.2176,0.2145,
2.095,0.1676,0.1138,0.05657,0.0382,0.1658,0.07942,0.01701,0.03617,0.01791,0.04449,0.2158,0.2149,
2.094,0.1636,0.1137,0.05653,0.03828,0.1656,0.07865,0.01703,0.03602,0.01791,0.04451,0.2158,0.2159,
2.09,0.1685,0.1132,0.05662,0.03733,0.1653,0.0773,0.01702,0.0362,0.0177,0.04448,0.2168,0.2181,
2.093,0.1695,0.1168,0.05689,0.0374,0.1648,0.07708,0.01703,0.03623,0.0182,0.04404,0.217,0.2146,
2.093,0.1619,0.1159,0.05684,0.03759,0.1648,0.07648,0.01724,0.03619,0.01811,0.04409,0.2172,0.2155,
2.092,0.1667,0.1152,0.05679,0.03776,0.1649,0.075,0.01725,0.03622,0.01862,0.04362,0.2174,0.2172,
2.093,0.1741,0.1173,0.05652,0.03794,0.1645,0.07389,0.01724,0.0362,0.02024,0.04227,0.2181,0.2158,
2.068,0.1773,0.1155,0.05654,0.03799,0.1656,0.08604,0.004743,0.03618,0.02101,0.0418,0.2187,0.216,
2.07,0.1738,0.1124,0.05649,0.03814,0.1683,0.08607,0.004745,0.0364,0.02291,0.0412,0.2172,0.216,
2.07,0.1748,0.1116,0.05635,0.03828,0.1679,0.08603,0.004743,0.03638,0.02291,0.04118,0.2182,0.2163,
2.07,0.1832,0.1114,0.0564,0.03834,0.1673,0.08613,0.004748,0.03656,0.02279,0.04123,0.2185,0.2166,
2.076,0.1662,0.111,0.05653,0.03835,0.1675,0.08535,0.004749,0.03657,0.02341,0.04468,0.2145,0.2174,
2.074,0.1858,0.1107,0.05655,0.03842,0.1674,0.08372,0.004751,0.03658,0.02342,0.04469,0.2146,0.2192,
2.074,0.1836,0.1098,0.0565,0.03852,0.1679,0.08378,0.004754,0.03681,0.02323,0.04472,0.2147,0.2193,
2.075,0.1689,0.112,0.05644,0.03859,0.1682,0.08331,0.00475,0.03678,0.02321,0.04468,0.2156,0.2165,
2.074,0.1752,0.1088,0.05642,0.03872,0.1706,0.08247,0.005028,0.03654,0.02383,0.04413,0.2158,0.2176,
2.075,0.1814,0.1086,0.05645,0.0388,0.1702,0.08252,0.005166,0.03657,0.02441,0.04346,0.216,0.2178,
2.069,0.1871,0.1052,0.05662,0.03888,0.1731,0.08113,0.005732,0.04375,0.01733,0.04283,0.2161,0.2193,
2.066,0.1818,0.1071,0.05658,0.03839,0.173,0.08089,0.005871,0.04722,0.014,0.0426,0.2162,0.2181,
2.067,0.1863,0.1086,0.05644,0.0385,0.1729,0.08081,0.006002,0.04722,0.01436,0.04201,0.2171,0.2161,
2.067,0.1875,0.1084,0.05641,0.03859,0.1729,0.08043,0.006141,0.04709,0.01461,0.04178,0.2171,0.2166,
2.069,0.1847,0.1081,0.05637,0.03871,0.1729,0.08045,0.006142,0.0471,0.01583,0.04057,0.2172,0.2166,
2.069,0.1896,0.1079,0.0563,0.03873,0.1718,0.07988,0.006553,0.04681,0.01656,0.03958,0.2191,0.2168,
2.069,0.1875,0.1076,0.05636,0.03873,0.1715,0.07981,0.006869,0.04644,0.01704,0.03905,0.22,0.2166,
2.073,0.1876,0.1068,0.05654,0.03878,0.1714,0.0794,0.006732,0.04641,0.01703,0.04224,0.2177,0.2169,
2.073,0.1939,0.1063,0.05667,0.03887,0.1712,0.07917,0.006736,0.04644,0.01704,0.04226,0.2179,0.2174,
2.077,0.1857,0.1057,0.05667,0.0389,0.1712,0.07922,0.006621,0.0464,0.01703,0.04523,0.2158,0.2172,
2.077,0.1868,0.1084,0.05664,0.03892,0.1712,0.07795,0.006615,0.04654,0.01683,0.04519,0.2166,0.215,
2.078,0.191,0.1078,0.05679,0.03898,0.1712,0.07727,0.006785,0.04641,0.01741,0.04465,0.2168,0.2159,
2.076,0.1879,0.1074,0.05682,0.03903,0.1714,0.07644,0.006787,0.04662,0.01721,0.04466,0.2168,0.2168,
2.078,0.1909,0.1069,0.05715,0.03916,0.1713,0.07617,0.006956,0.04646,0.0183,0.04359,0.2169,0.2172,
2.077,0.1927,0.1059,0.05719,0.03929,0.1716,0.0761,0.006949,0.04655,0.01838,0.04331,0.2178,0.2169,
2.077,0.1858,0.1058,0.05713,0.03936,0.1716,0.07562,0.00695,0.04676,0.01884,0.04265,0.2178,0.2175,
2.077,0.1871,0.1054,0.05719,0.0395,0.1717,0.07536,0.006952,0.04677,0.01921,0.0423,0.2179,0.2178,
2.079,0.1774,0.1057,0.05733,0.03959,0.1721,0.07475,0.006959,0.04682,0.02074,0.04133,0.2176,0.2171,
2.08,0.1791,0.1051,0.0573,0.03966,0.1722,0.07423,0.006963,0.04718,0.0239,0.03787,0.2177,0.2178,
2.079,0.1874,0.1042,0.0571,0.03972,0.1724,0.07419,0.006961,0.04764,0.02356,0.03772,0.2187,0.2178,
2.078,0.1938,0.1038,0.05696,0.03975,0.1722,0.07375,0.006957,0.04762,0.02378,0.03747,0.2197,0.2181,
2.078,0.1903,0.1031,0.0572,0.03985,0.1718,0.07302,0.007118,0.04742,0.02511,0.03609,0.2207,0.2186,
2.078,0.1827,0.1029,0.05728,0.03993,0.1715,0.07306,0.007122,0.04745,0.02581,0.03543,0.2208,0.2187,
2.081,0.1838,0.1051,0.05746,0.03997,0.1711,0.07289,0.00709,0.04744,0.02583,0.03611,0.2203,0.2167,
2.085,0.1732,0.1047,0.05757,0.03998,0.1708,0.07282,0.007084,0.0474,0.02623,0.03793,0.219,0.2165,
2.085,0.1766,0.1022,0.05774,0.04,0.1725,0.07248,0.007078,0.0475,0.02682,0.03831,0.2187,0.2167,
2.098,0.222,0.1007,0.0578,0.04012,0.1736,0.0725,0.03836,0.01679,0.0265,0.03854,0.2183,0.2167,
2.098,0.2293,0.09973,0.05815,0.04016,0.1739,0.07266,0.03825,0.0168,0.02674,0.03833,0.2184,0.2168,
2.099,0.2224,0.09937,0.05813,0.04032,0.1738,0.0727,0.03826,0.01694,0.02786,0.0371,0.2185,0.2169,
2.099,0.2119,0.09909,0.05826,0.04034,0.1733,0.07276,0.03813,0.01693,0.02852,0.0364,0.2195,0.2168,
2.099,0.1751,0.09843,0.05819,0.0403,0.1731,0.07262,0.03846,0.01688,0.02904,0.03651,0.2201,0.2164,
2.097,0.181,0.09556,0.05813,0.0401,0.1752,0.07214,0.0385,0.0169,0.02929,0.03632,0.2203,0.2175,
2.1,0.1755,0.09622,0.05825,0.03974,0.1746,0.07176,0.03856,0.01677,0.03063,0.03671,0.2188,0.2179,
2.097,0.1788,0.09396,0.05836,0.03951,0.1755,0.07083,0.0387,0.01673,0.03191,0.03532,0.2199,0.2192,
2.101,0.1826,0.09487,0.05835,0.03963,0.1757,0.0708,0.03868,0.01693,0.032,0.03699,0.2189,0.2172,
2.101,0.187,0.09367,0.05817,0.0398,0.1765,0.07085,0.03885,0.01681,0.03228,0.03675,0.219,0.2173,
2.096,0.19,0.09239,0.0582,0.03917,0.1761,0.07004,0.03882,0.0166,0.03215,0.0366,0.2225,0.2175,
2.103,0.1848,0.09811,0.05811,0.03939,0.1757,0.06979,0.03895,0.0165,0.03283,0.03718,0.2214,0.2121,
2.106,0.1808,0.0974,0.05814,0.03915,0.1755,0.06976,0.03909,0.01633,0.03658,0.03529,0.2205,0.2123,
2.104,0.1893,0.09674,0.05832,0.03919,0.1747,0.06963,0.03876,0.01631,0.03652,0.03523,0.2223,0.2122,
2.103,0.1918,0.09633,0.05836,0.03881,0.1747,0.06928,0.03878,0.0165,0.03695,0.03465,0.2225,0.2132,
2.106,0.1942,0.09591,0.05818,0.03884,0.1741,0.0693,0.03858,0.01667,0.03669,0.03657,0.2223,0.2128,
2.104,0.1955,0.09542,0.05823,0.03881,0.1736,0.06823,0.03857,0.01667,0.03692,0.03633,0.2234,0.2138,
2.104,0.1875,0.0951,0.05817,0.03892,0.1733,0.06829,0.03861,0.01669,0.03835,0.03496,0.2236,0.214,
2.106,0.2077,0.09456,0.05835,0.03847,0.1731,0.06798,0.03864,0.03528,0.02003,0.03554,0.223,0.215,
2.108,0.1978,0.09129,0.0583,0.03859,0.1759,0.06744,0.03866,0.0353,0.02038,0.03758,0.2208,0.2157,
2.111,0.1986,0.09369,0.0584,0.03867,0.1758,0.06668,0.03878,0.03513,0.0206,0.03819,0.2209,0.2132,
2.112,0.1996,0.09283,0.05857,0.03877,0.1758,0.06675,0.03911,0.03487,0.02124,0.03821,0.2205,0.2134,
2.115,0.1968,0.09215,0.05876,0.03886,0.1754,0.0664,0.03913,0.03489,0.02125,0.0398,0.2191,0.2143,
2.114,0.1975,0.09153,0.05873,0.03894,0.1752,0.06588,0.03912,0.03488,0.02138,0.03964,0.2201,0.2147,
2.109,0.2476,0.08816,0.05879,0.03902,0.1782,0.06541,0.04501,0.02928,0.02135,0.03942,0.2201,0.2152,
2.095,0.2359,0.08701,0.05869,0.03914,0.1787,0.08458,0.02611,0.0294,0.02215,0.03844,0.2204,0.2155,
2.097,0.2096,0.08631,0.05816,0.03924,0.1788,0.08429,0.02601,0.02989,0.02268,0.03931,0.2189,0.2164,
2.096,0.2068,0.08601,0.05795,0.03923,0.1784,0.0844,0.026,0.02975,0.02291,0.03906,0.22,0.2163,
2.099,0.2118,0.08542,0.0581,0.03936,0.1785,0.08403,0.02601,0.03011,0.0233,0.04015,0.2183,0.2168,
2.101,0.2308,0.08499,0.05803,0.03945,0.1781,0.08413,0.02587,0.03024,0.02315,0.0418,0.2176,0.2167,
2.101,0.201,0.08431,0.05816,0.03959,0.1779,0.08392,0.02589,0.03026,0.02383,0.04118,0.2178,0.2172,
2.1,0.1994,0.08345,0.05809,0.03971,0.1769,0.08408,0.02589,0.03082,0.02347,0.04088,0.2189,0.2177,
2.099,0.2062,0.08313,0.05785,0.03975,0.1762,0.08291,0.02604,0.03114,0.0242,0.03972,0.2201,0.219,
2.097,0.2061,0.08066,0.05776,0.03981,0.1783,0.08307,0.02608,0.03102,0.02444,0.03951,0.2202,0.2191,
2.105,0.1974,0.08385,0.05773,0.03983,0.178,0.08312,0.02623,0.0309,0.02618,0.03997,0.2182,0.216,
2.11,0.2101,0.08335,0.0577,0.03995,0.1778,0.0832,0.02626,0.03114,0.02721,0.04145,0.2157,0.2162,
2.109,0.207,0.0829,0.0574,0.04014,0.1779,0.08257,0.02656,0.03088,0.02773,0.04097,0.2159,0.217,
2.109,0.2119,0.08213,0.05741,0.04029,0.1782,0.08249,0.02641,0.0309,0.02775,0.041,0.216,0.2174,
2.103,0.2224,0.08151,0.05747,0.0398,0.1781,0.08251,0.0402,0.0173,0.02805,0.0403,0.2161,0.2187,
2.103,0.2228,0.08308,0.05739,0.03987,0.1776,0.08159,0.04024,0.01704,0.0284,0.03993,0.2171,0.2178,
2.1,0.2339,0.08241,0.0572,0.03942,0.1772,0.08128,0.0404,0.01682,0.02884,0.03957,0.2173,0.2196,
2.102,0.2252,0.08385,0.05711,0.0395,0.1769,0.08123,0.04038,0.0168,0.02882,0.03979,0.218,0.2176,
2.102,0.2444,0.08361,0.05721,0.03962,0.1765,0.08087,0.0404,0.01695,0.02911,0.03941,0.2181,0.2182,
2.101,0.2426,0.08342,0.0571,0.03919,0.1763,0.08092,0.04042,0.0171,0.02931,0.03911,0.2183,0.2189,
2.1,0.2037,0.08255,0.05709,0.03927,0.1766,0.08084,0.04052,0.01694,0.03024,0.03811,0.2191,0.2187,
2.099,0.1989,0.08174,0.05694,0.03933,0.1773,0.08085,0.04026,0.01695,0.03057,0.0378,0.2192,0.219,
2.1,0.2028,0.08144,0.05714,0.03941,0.177,0.0809,0.04029,0.01719,0.03036,0.03782,0.2193,0.2191,
2.093,0.226,0.07953,0.05693,0.03944,0.1801,0.08945,0.03148,0.0178,0.02979,0.0393,0.2194,0.2168,
2.093,0.2124,0.07903,0.05699,0.0392,0.18,0.08965,0.03136,0.018,0.03017,0.03878,0.2195,0.2173,
2.094,0.1943,0.07822,0.05719,0.03907,0.1796,0.08964,0.0315,0.01786,0.03095,0.03942,0.2191,0.2175,
2.094,0.1986,0.0782,0.05719,0.03718,0.179,0.08998,0.03147,0.01785,0.03196,0.03971,0.2178,0.2196,
2.092,0.21,0.07785,0.0572,0.03719,0.1784,0.08907,0.03138,0.01771,0.03233,0.03919,0.2196,0.2201,
2.092,0.2131,0.07754,0.05729,0.03727,0.1778,0.08861,0.03142,0.01786,0.03257,0.03889,0.2198,0.2209,
2.094,0.1934,0.07963,0.05732,0.03734,0.1777,0.08811,0.03144,0.01788,0.03259,0.03918,0.2197,0.2191,
2.093,0.2113,0.07916,0.05729,0.0374,0.1777,0.08829,0.03113,0.01786,0.03256,0.03914,0.2206,0.2189,
2.098,0.2011,0.08146,0.05728,0.0375,0.1775,0.08802,0.03087,0.01786,0.03289,0.0407,0.2188,0.2171,
2.098,0.1926,0.08118,0.05734,0.03765,0.177,0.0881,0.0309,0.01788,0.03292,0.04073,0.219,0.2173,
2.099,0.1864,0.08114,0.05737,0.03768,0.1766,0.08777,0.03105,0.01775,0.03308,0.04133,0.2184,0.2178,
2.096,0.1873,0.08091,0.0574,0.03771,0.1759,0.08736,0.03591,0.01311,0.03307,0.04158,0.2189,0.2182,
2.096,0.1926,0.08085,0.05727,0.0378,0.1755,0.08753,0.03596,0.01298,0.03368,0.04102,0.2191,0.2183,
2.096,0.2059,0.08064,0.05705,0.03782,0.1755,0.08759,0.03599,0.01299,0.03371,0.04132,0.2189,0.2185,
2.094,0.1984,0.08052,0.05627,0.03802,0.1749,0.08603,0.03606,0.01312,0.03441,0.04066,0.2194,0.2206,
2.092,0.1991,0.08011,0.05599,0.03807,0.1745,0.08531,0.0358,0.01312,0.0344,0.04065,0.2205,0.2216,
2.092,0.1959,0.07976,0.05584,0.0381,0.1746,0.08536,0.03582,0.01313,0.03481,0.04029,0.2206,0.2217,
2.1,0.1966,0.08427,0.05575,0.03815,0.1746,0.08461,0.03586,0.01296,0.03522,0.04262,0.2179,0.218,
2.098,0.2029,0.08265,0.05591,0.03821,0.1755,0.08352,0.03612,0.01274,0.03619,0.04171,0.2181,0.2193,
2.098,0.2048,0.08219,0.05596,0.03828,0.1757,0.0837,0.03598,0.01274,0.0368,0.04111,0.2182,0.2194,
2.097,0.1986,0.08193,0.05609,0.03836,0.1755,0.08344,0.03585,0.01275,0.03716,0.04078,0.2182,0.2199,
2.095,0.1985,0.08112,0.05635,0.03794,0.1755,0.08284,0.0356,0.01296,0.03775,0.04005,0.2184,0.2215,
2.095,0.2007,0.08096,0.0562,0.03801,0.1751,0.08236,0.03574,0.01299,0.03779,0.03975,0.2193,0.2218,
2.097,0.1801,0.08473,0.05632,0.03804,0.1754,0.08076,0.03561,0.01299,0.03842,0.03914,0.2194,0.2192,
2.097,0.1843,0.08578,0.05626,0.03813,0.1749,0.07957,0.03574,0.01317,0.0391,0.03808,0.2203,0.2189,
2.095,0.1889,0.08521,0.05625,0.03797,0.1745,0.07948,0.03527,0.01344,0.0393,0.03759,0.2214,0.2196,
2.093,0.1999,0.08469,0.05628,0.03807,0.1748,0.07805,0.03546,0.0134,0.04039,0.03637,0.2214,0.2211,
2.092,0.2149,0.08419,0.05622,0.03811,0.1744,0.07787,0.03531,0.0134,0.04139,0.03535,0.2225,0.2213,
2.101,0.1934,0.088,0.05602,0.03812,0.1741,0.07785,0.0353,0.01339,0.04213,0.03785,0.2202,0.217,
2.067,0.2197,0.08736,0.05623,0.03822,0.174,0.1024,0.01081,0.01368,0.04276,0.037,0.2204,0.2172,
2.068,0.2165,0.08709,0.05631,0.03802,0.1738,0.1021,0.01082,0.01368,0.04408,0.03683,0.2194,0.2179,
2.068,0.2006,0.0869,0.05631,0.03807,0.173,0.1022,0.01083,0.0137,0.04489,0.03613,0.2197,0.2182,
2.066,0.187,0.08597,0.05658,0.0381,0.1735,0.1023,0.01084,0.0137,0.04834,0.0327,0.2197,0.2183,
2.065,0.1863,0.0854,0.05646,0.03811,0.1732,0.1022,0.01096,0.01355,0.04949,0.03148,0.2206,0.2185,
2.067,0.1864,0.08476,0.05641,0.03767,0.1734,0.1019,0.01097,0.01425,0.0491,0.03278,0.2192,0.2195,
2.066,0.1888,0.08447,0.05638,0.03772,0.1734,0.1014,0.01098,0.01425,0.04988,0.03204,0.2193,0.2202,
2.063,0.1899,0.08352,0.05632,0.03768,0.1736,0.09966,0.01095,0.01436,0.0499,0.03171,0.2211,0.2213,
2.063,0.1879,0.0831,0.05648,0.03776,0.1735,0.09969,0.01096,0.01437,0.05045,0.03119,0.2211,0.2213,
2.062,0.1906,0.08288,0.05636,0.03787,0.1731,0.09951,0.01078,0.01463,0.05084,0.03046,0.2221,0.2215,
2.063,0.1904,0.0825,0.05641,0.03808,0.1728,0.09957,0.01113,0.01459,0.05085,0.03022,0.2222,0.2216,
2.065,0.1871,0.08381,0.05662,0.03814,0.1728,0.09922,0.01128,0.0146,0.05118,0.03011,0.222,0.2202,
2.064,0.1943,0.08329,0.05662,0.03826,0.1723,0.09839,0.01127,0.01459,0.05139,0.02987,0.2231,0.2209,
2.074,0.1997,0.08665,0.05655,0.03836,0.1724,0.09743,0.01142,0.0146,0.05128,0.03386,0.2192,0.2183,
2.072,0.1924,0.08617,0.05653,0.03839,0.1726,0.09576,0.01142,0.0146,0.05156,0.03361,0.2193,0.22,
2.075,0.1971,0.09052,0.05646,0.03851,0.1724,0.09409,0.01142,0.01461,0.05184,0.03337,0.2194,0.2174,
2.074,0.193,0.08966,0.05624,0.0387,0.1727,0.09371,0.01171,0.01448,0.05254,0.03261,0.2196,0.2181,
2.074,0.1965,0.0886,0.05634,0.03852,0.1732,0.09376,0.01172,0.01489,0.05217,0.03262,0.2197,0.2185,
2.073,0.1935,0.0879,0.05626,0.03864,0.1732,0.09385,0.01173,0.01504,0.05279,0.03195,0.2199,0.2187,
2.072,0.1933,0.08717,0.05615,0.03869,0.1732,0.09381,0.01186,0.01504,0.05317,0.03139,0.2209,0.2186,
2.074,0.2061,0.08689,0.0563,0.03872,0.173,0.09384,0.01187,0.01504,0.05319,0.03225,0.2202,0.2187,
2.072,0.1898,0.08644,0.05623,0.03879,0.173,0.09391,0.01188,0.01527,0.05584,0.02944,0.2203,0.2189,
2.073,0.1899,0.08573,0.05636,0.03888,0.1722,0.09347,0.01219,0.0151,0.05572,0.02988,0.2211,0.2194,
2.074,0.1962,0.08505,0.05671,0.03895,0.1717,0.09358,0.01257,0.01498,0.05556,0.03024,0.221,0.2197,
2.073,0.2056,0.08463,0.05662,0.03906,0.1717,0.09294,0.01258,0.01527,0.05531,0.03026,0.2211,0.2205,
2.073,0.1873,0.08448,0.05664,0.03915,0.1713,0.09255,0.01273,0.01556,0.05552,0.0297,0.2213,0.2211,
2.08,0.1879,0.08416,0.05647,0.03915,0.1707,0.09199,0.0127,0.01553,0.05542,0.03371,0.219,0.2211,
2.08,0.1921,0.08416,0.05633,0.03941,0.1701,0.09176,0.0131,0.01516,0.05582,0.03337,0.2192,0.2216,
2.085,0.2015,0.08948,0.0561,0.03969,0.1702,0.09142,0.01311,0.01531,0.05598,0.03314,0.2194,0.2162,
2.084,0.1832,0.08928,0.05594,0.03916,0.1701,0.09148,0.01325,0.01572,0.05623,0.03241,0.2195,0.2169,
2.084,0.1826,0.08903,0.05591,0.03929,0.1699,0.09067,0.01341,0.01622,0.0559,0.03215,0.2196,0.2179,
2.084,0.1962,0.08872,0.05602,0.0393,0.1692,0.09065,0.01366,0.0161,0.05605,0.03184,0.2207,0.2178,
2.08,0.2144,0.0883,0.05587,0.03922,0.1683,0.08978,0.01348,0.01616,0.05669,0.03081,0.2234,0.218,
2.078,0.2251,0.08717,0.05594,0.0393,0.1681,0.08809,0.01362,0.0163,0.05704,0.0302,0.2245,0.2197,
2.077,0.2214,0.08655,0.05603,0.03905,0.1675,0.08726,0.01362,0.01673,0.05674,0.03006,0.2256,0.2208,
2.076,0.2175,0.08643,0.05607,0.03912,0.1671,0.08731,0.01377,0.01688,0.05738,0.02919,0.2258,0.221,
2.073,0.2334,0.08451,0.05596,0.03926,0.1688,0.08578,0.01377,0.01714,0.05834,0.02802,0.2259,0.2226,
2.071,0.2228,0.08394,0.05591,0.03885,0.1685,0.08494,0.01376,0.01734,0.0581,0.02801,0.2269,0.2238,
2.068,0.2212,0.08343,0.05587,0.03894,0.1674,0.08381,0.01389,0.01718,0.05984,0.02616,0.2289,0.2246,
2.076,0.2222,0.08671,0.05598,0.0391,0.1673,0.08346,0.0139,0.0172,0.06075,0.0278,0.2267,0.2212,
2.072,0.2127,0.09066,0.05594,0.03911,0.1672,0.08985,0.006672,0.01776,0.06122,0.03134,0.2231,0.2171,
2.073,0.2127,0.08977,0.05592,0.03932,0.1675,0.0892,0.006676,0.01791,0.06112,0.03224,0.2224,0.2179,
2.072,0.2412,0.08929,0.05593,0.03932,0.1673,0.08874,0.006671,0.0179,0.06108,0.03222,0.2233,0.2182,
2.071,0.2171,0.08843,0.05632,0.03942,0.1674,0.08878,0.006675,0.01791,0.06246,0.03088,0.2234,0.2183,
2.072,0.212,0.0873,0.05654,0.03944,0.1682,0.08848,0.006676,0.0179,0.06247,0.03173,0.2226,0.2187,
2.075,0.2051,0.0868,0.05653,0.03942,0.1675,0.08742,0.006665,0.01787,0.06237,0.03409,0.2221,0.2192,
2.074,0.2004,0.08639,0.0563,0.03952,0.1672,0.08738,0.006662,0.01786,0.06235,0.03407,0.2231,0.2191,
2.074,0.1967,0.08608,0.05635,0.03961,0.1668,0.08746,0.006807,0.01774,0.0624,0.03411,0.2233,0.2193,
2.076,0.196,0.08561,0.05632,0.03927,0.1668,0.08712,0.006812,0.01775,0.06283,0.03521,0.222,0.2203,
2.076,0.1972,0.08535,0.05628,0.03885,0.1668,0.08729,0.00667,0.01776,0.06285,0.03604,0.2212,0.2209,
2.078,0.1926,0.08755,0.05639,0.03844,0.1667,0.08669,0.006774,0.01848,0.06285,0.03576,0.2215,0.2189,
2.078,0.1947,0.08718,0.05653,0.03849,0.1666,0.08603,0.006777,0.01849,0.06288,0.03577,0.2216,0.2197,
2.082,0.1911,0.08631,0.05659,0.03848,0.1667,0.08555,0.006681,0.01857,0.06318,0.03849,0.2193,0.2202,
2.079,0.1977,0.08275,0.05649,0.0385,0.1696,0.0852,0.006799,0.01883,0.06344,0.03799,0.2195,0.2209,
2.076,0.1941,0.08159,0.05628,0.03855,0.1702,0.08341,0.006796,0.01893,0.06329,0.03797,0.2205,0.2225,
2.075,0.196,0.08135,0.05621,0.03862,0.1698,0.08307,0.006902,0.01881,0.0638,0.0374,0.2214,0.2227,
2.073,0.2088,0.08058,0.05623,0.03832,0.1694,0.08293,0.00689,0.01878,0.06368,0.03734,0.2233,0.2226,
2.073,0.2091,0.08027,0.05628,0.03844,0.169,0.08286,0.006885,0.0189,0.0635,0.03731,0.2242,0.2224,
2.086,0.2015,0.08188,0.05633,0.03847,0.1689,0.08282,0.006992,0.019,0.06442,0.04274,0.2186,0.2199,
2.098,0.2165,0.08173,0.05639,0.03855,0.1684,0.08165,0.006996,0.0408,0.04267,0.04277,0.2187,0.2213,
2.091,0.2115,0.08154,0.05647,0.03864,0.1681,0.08345,0.004509,0.04083,0.0427,0.0428,0.2188,0.2222,
2.089,0.219,0.0813,0.05644,0.03825,0.1677,0.08339,0.004505,0.04094,0.04272,0.04257,0.2198,0.2224,
2.09,0.216,0.08082,0.05645,0.03822,0.1677,0.08342,0.005012,0.04141,0.04196,0.04239,0.2198,0.2228,
2.092,0.2088,0.08231,0.05648,0.03839,0.1677,0.08346,0.005014,0.04143,0.04357,0.04083,0.2199,0.2208,
2.091,0.2064,0.0817,0.05639,0.03844,0.1676,0.08343,0.005012,0.04142,0.04421,0.04015,0.2209,0.2208,
2.08,0.2263,0.08072,0.05615,0.03846,0.1669,0.08295,0.005001,0.06223,0.0235,0.03976,0.2238,0.2205,
2.084,0.2261,0.08179,0.05605,0.0386,0.1671,0.08288,0.004997,0.06218,0.02399,0.04132,0.2226,0.2185,
2.087,0.1662,0.08081,0.05614,0.03821,0.1672,0.08298,0.004837,0.06214,0.02411,0.04401,0.2207,0.2188,
2.09,0.1667,0.08067,0.05615,0.03825,0.167,0.08252,0.004993,0.06201,0.02435,0.04555,0.2191,0.2194,
2.09,0.1721,0.0805,0.0561,0.0383,0.1669,0.08254,0.004995,0.0623,0.0248,0.04485,0.2192,0.2195,
2.089,0.1731,0.08003,0.05613,0.03804,0.1667,0.08219,0.004992,0.06226,0.02478,0.04482,0.2201,0.22,
2.095,0.1713,0.08429,0.0564,0.0382,0.167,0.08237,0.004857,0.06252,0.02593,0.04437,0.2193,0.2147,
2.095,0.175,0.08382,0.05637,0.03827,0.167,0.08239,0.00486,0.06257,0.02628,0.04407,0.2195,0.2149,
2.096,0.1776,0.08313,0.05634,0.03821,0.1667,0.08226,0.004852,0.06246,0.02785,0.04316,0.2206,0.2145,
2.096,0.1735,0.08265,0.05649,0.03825,0.1667,0.08226,0.004854,0.06249,0.02786,0.04318,0.2207,0.2146,
2.096,0.1719,0.08227,0.05641,0.03836,0.1666,0.08231,0.005031,0.06236,0.02857,0.04252,0.2208,0.2148,
2.095,0.1918,0.08189,0.05626,0.03833,0.1663,0.08239,0.005122,0.06188,0.02936,0.04158,0.2226,0.2143,
2.098,0.1852,0.08146,0.05645,0.03846,0.1659,0.08244,0.005125,0.06192,0.02938,0.04286,0.2215,0.2145,
2.095,0.189,0.07773,0.05637,0.03854,0.1694,0.08248,0.005128,0.0622,0.02928,0.04274,0.2216,0.2146,
2.098,0.1857,0.07726,0.05634,0.03867,0.1694,0.08253,0.005131,0.06224,0.02944,0.04436,0.22,0.2147,
2.097,0.1842,0.07642,0.05653,0.03818,0.1693,0.08246,0.005441,0.06188,0.0305,0.04324,0.2209,0.2151,
2.097,0.2079,0.07594,0.05635,0.03835,0.1692,0.08166,0.005722,0.06166,0.03053,0.04328,0.2211,0.2162,
2.111,0.2043,0.07536,0.05638,0.03844,0.1694,0.0817,0.0134,0.05401,0.03129,0.04255,0.2212,0.2163,
2.11,0.1904,0.0745,0.05644,0.03853,0.1699,0.08162,0.01321,0.05402,0.03195,0.04191,0.2213,0.2166,
2.109,0.1938,0.07421,0.05614,0.0386,0.1696,0.08107,0.01321,0.054,0.03274,0.04109,0.2223,0.217,
2.108,0.1921,0.07401,0.05598,0.03868,0.1695,0.08099,0.01347,0.05367,0.03295,0.04081,0.2232,0.2168,
2.112,0.2006,0.07364,0.0558,0.03865,0.1689,0.08086,0.01389,0.05313,0.03289,0.04316,0.2226,0.2164,
2.112,0.1939,0.07329,0.05566,0.03865,0.1687,0.08052,0.01434,0.05315,0.034,0.04171,0.2234,0.2166,
2.123,0.2213,0.07292,0.0555,0.03871,0.1689,0.08071,0.03511,0.03225,0.03427,0.04148,0.2235,0.2167,
2.123,0.2223,0.07277,0.05525,0.03885,0.1684,0.08066,0.03509,0.03223,0.03586,0.03985,0.2245,0.2166,
2.122,0.2202,0.07233,0.05522,0.03891,0.1678,0.08064,0.03521,0.03209,0.03627,0.03942,0.2255,0.2165,
2.121,0.2267,0.07166,0.05521,0.03898,0.1682,0.08038,0.03523,0.0321,0.03758,0.03814,0.2256,0.2169,
2.121,0.2155,0.07131,0.05507,0.03906,0.1684,0.0804,0.03523,0.03231,0.03801,0.03754,0.2257,0.217,
2.127,0.2182,0.07102,0.05497,0.03917,0.1685,0.08043,0.03525,0.03232,0.03886,0.04011,0.2224,0.217,
2.126,0.2548,0.07067,0.05484,0.039,0.1685,0.08046,0.03526,0.03233,0.03943,0.03957,0.2225,0.2174,
2.127,0.2483,0.07028,0.05451,0.03856,0.1685,0.08041,0.03524,0.03231,0.03973,0.04091,0.2218,0.2178,
2.125,0.221,0.06919,0.0544,0.03862,0.1687,0.08026,0.03517,0.03225,0.03988,0.04061,0.2236,0.2174,
2.124,0.2329,0.06865,0.05435,0.03834,0.1688,0.08019,0.03514,0.03222,0.04068,0.03973,0.2245,0.2174,
2.124,0.2221,0.0686,0.05438,0.03843,0.1682,0.08024,0.03517,0.03246,0.04135,0.03891,0.2246,0.2176,
2.122,0.2093,0.06732,0.05431,0.03804,0.169,0.08019,0.03514,0.03243,0.04178,0.03843,0.2256,0.2178,
2.121,0.2079,0.06711,0.05427,0.03787,0.1691,0.0802,0.03532,0.0325,0.04227,0.03771,0.2256,0.2181,
2.121,0.2082,0.06633,0.05426,0.03793,0.1693,0.08013,0.03529,0.03247,0.04286,0.03783,0.2258,0.2179,
2.121,0.2148,0.06581,0.0543,0.03808,0.1692,0.07971,0.03531,0.03249,0.04288,0.03785,0.2259,0.2184,
2.119,0.2219,0.06541,0.05433,0.03811,0.1688,0.07954,0.03523,0.03242,0.04392,0.03664,0.2277,0.218,
2.123,0.2178,0.06644,0.05403,0.03727,0.1688,0.07948,0.03521,0.0324,0.04478,0.03834,0.2261,0.2172,
2.122,0.2139,0.06629,0.05401,0.03726,0.1686,0.07939,0.03531,0.03223,0.04557,0.03746,0.2269,0.217,
2.121,0.2104,0.06625,0.05384,0.0373,0.1685,0.0789,0.03557,0.03199,0.0467,0.03636,0.227,0.2176,
2.116,0.2331,0.06623,0.05373,0.03743,0.1685,0.07904,0.05362,0.0138,0.04861,0.03878,0.2227,0.2176,
2.117,0.2352,0.06529,0.05395,0.03749,0.169,0.07905,0.05382,0.01362,0.05091,0.03768,0.2216,0.2176,
2.116,0.2402,0.06484,0.05412,0.03751,0.1688,0.0791,0.05365,0.01361,0.05087,0.03765,0.2225,0.2174,
2.115,0.2107,0.06436,0.05399,0.03771,0.1683,0.07867,0.05372,0.01395,0.053,0.03531,0.2228,0.2182,
2.116,0.2283,0.06488,0.05388,0.03765,0.1676,0.07843,0.05356,0.01405,0.05353,0.03539,0.2244,0.2166,
2.114,0.21,0.06465,0.05382,0.03769,0.1674,0.07792,0.05365,0.0139,0.05407,0.03477,0.2253,0.2168,
2.114,0.2054,0.06441,0.05403,0.03775,0.1672,0.07794,0.0538,0.01395,0.05452,0.03414,0.2254,0.2169,
2.117,0.2177,0.06624,0.05393,0.03773,0.1668,0.07719,0.05369,0.01396,0.05448,0.03538,0.2256,0.215,
2.116,0.2137,0.06596,0.05399,0.03784,0.1662,0.07713,0.05394,0.01368,0.05494,0.03487,0.2266,0.2149,
2.114,0.2137,0.06473,0.05409,0.03789,0.1672,0.07728,0.05394,0.01355,0.05604,0.03378,0.2266,0.2149,
2.115,0.1975,0.06448,0.05399,0.03767,0.1669,0.0772,0.05475,0.01305,0.05561,0.03482,0.2265,0.2151,
2.112,0.2068,0.06326,0.0542,0.03774,0.1677,0.08487,0.04711,0.01305,0.05602,0.03577,0.2252,0.2151,
2.111,0.2016,0.06275,0.0543,0.03723,0.1675,0.08493,0.04693,0.01318,0.05644,0.03514,0.2261,0.2155,
2.119,0.2075,0.06235,0.05438,0.03727,0.1675,0.08471,0.04695,0.02123,0.04828,0.03515,0.2262,0.216,
2.114,0.2388,0.05805,0.05432,0.03731,0.1714,0.08462,0.04704,0.02212,0.04956,0.03274,0.2271,0.2158,
2.114,0.2129,0.05765,0.05441,0.03738,0.1716,0.0846,0.04705,0.02239,0.04978,0.03225,0.2271,0.2158,
2.114,0.2163,0.05762,0.05429,0.0375,0.1715,0.08474,0.04708,0.02288,0.04966,0.03173,0.2272,0.2158,
2.104,0.2235,0.05704,0.05448,0.03756,0.1718,0.08489,0.06101,0.008827,0.05134,0.03461,0.2226,0.2158,
2.111,0.2145,0.0616,0.05438,0.03764,0.1715,0.08316,0.06095,0.008547,0.05202,0.03635,0.221,0.2128,
2.122,0.2203,0.06141,0.05452,0.03737,0.1715,0.08278,0.06096,0.0173,0.04422,0.0354,0.221,0.2135,
2.123,0.2297,0.06104,0.05468,0.03741,0.1714,0.0828,0.06111,0.01731,0.0441,0.03645,0.2201,0.2136,
2.124,0.24,0.06084,0.05468,0.03743,0.1711,0.08285,0.0611,0.01745,0.04373,0.03685,0.2206,0.2134,
2.124,0.2287,0.06008,0.05476,0.03751,0.1715,0.08234,0.06126,0.01746,0.04388,0.03725,0.22,0.214,
2.127,0.2331,0.05976,0.05483,0.03757,0.1715,0.08236,0.06127,0.0176,0.04402,0.03903,0.218,0.2141,
2.131,0.2092,0.05962,0.05476,0.03769,0.1714,0.08154,0.06128,0.01793,0.04435,0.04115,0.2153,0.2149,
2.135,0.2282,0.0594,0.05472,0.03769,0.1712,0.08148,0.06123,0.02422,0.03828,0.04084,0.2162,0.2148,
2.134,0.2333,0.05914,0.05465,0.03777,0.1712,0.081,0.06125,0.02437,0.03816,0.04085,0.2163,0.2153,
2.134,0.2152,0.05848,0.05449,0.03793,0.1715,0.08063,0.06129,0.02438,0.03818,0.04154,0.2157,0.2159,
2.127,0.2208,0.05395,0.05458,0.03795,0.1757,0.0789,0.06144,0.02413,0.03936,0.04038,0.2158,0.2178,
2.133,0.2261,0.05558,0.05451,0.03799,0.1747,0.07895,0.06119,0.02434,0.03965,0.04201,0.2154,0.2156,
2.135,0.2341,0.0579,0.05435,0.03712,0.1746,0.07891,0.06118,0.02473,0.03947,0.04246,0.2158,0.2136,
2.135,0.224,0.05757,0.05466,0.03717,0.1744,0.07893,0.06119,0.02474,0.03948,0.04247,0.2158,0.2136,
2.138,0.1976,0.0571,0.05458,0.03727,0.1742,0.07887,0.06131,0.02456,0.03979,0.04445,0.2144,0.2135,
2.138,0.1834,0.05674,0.0545,0.03737,0.1739,0.07861,0.06123,0.02492,0.04006,0.04394,0.2146,0.2142,
2.137,0.181,0.05641,0.05451,0.03747,0.1737,0.07926,0.06092,0.02485,0.0404,0.04346,0.2147,0.2143,
2.137,0.1916,0.05579,0.05455,0.03752,0.1737,0.07929,0.06124,0.02474,0.04097,0.04281,0.2149,0.2145,
2.135,0.1819,0.0552,0.05453,0.03733,0.1736,0.07938,0.06106,0.02472,0.04117,0.04256,0.2158,0.2146,
2.134,0.1826,0.05503,0.05442,0.03737,0.1733,0.07903,0.06143,0.02474,0.04107,0.04212,0.2167,0.2147,
2.134,0.1759,0.05497,0.05442,0.03746,0.1732,0.07915,0.06131,0.02475,0.04107,0.04213,0.2168,0.2148,
2.136,0.1849,0.05459,0.05442,0.03712,0.1732,0.07946,0.06107,0.02489,0.04095,0.04347,0.2156,0.2153,
2.092,0.244,0.05444,0.05431,0.03708,0.1727,0.1219,0.01803,0.02515,0.04083,0.04298,0.2173,0.2153,
2.091,0.2214,0.05437,0.05415,0.03713,0.1724,0.1219,0.01788,0.02513,0.04179,0.04194,0.2182,0.2151,
2.091,0.2213,0.0543,0.05416,0.03723,0.1721,0.1217,0.01789,0.02545,0.04149,0.04196,0.2183,0.2155,
2.098,0.185,0.05783,0.05418,0.03728,0.1718,0.1217,0.01789,0.02546,0.04258,0.04223,0.217,0.212,
2.102,0.1759,0.05785,0.05409,0.03741,0.1715,0.1214,0.0179,0.02547,0.04271,0.04439,0.2148,0.2124,
2.101,0.1637,0.05738,0.05411,0.03741,0.1713,0.1208,0.01789,0.02559,0.04284,0.04407,0.2158,0.2128,
2.1,0.1576,0.0571,0.05417,0.03757,0.1711,0.1203,0.01776,0.0256,0.04315,0.0438,0.2159,0.2136,
2.099,0.1635,0.0571,0.05413,0.03763,0.171,0.1193,0.01763,0.02574,0.0442,0.04263,0.2159,0.2148,
2.098,0.1669,0.05706,0.05417,0.03768,0.1707,0.118,0.01765,0.02583,0.04525,0.04124,0.216,0.2164,
2.098,0.1807,0.05692,0.05413,0.03782,0.1704,0.1181,0.01781,0.02569,0.04981,0.03672,0.2161,0.2165,
2.101,0.1658,0.05838,0.05399,0.03779,0.17,0.1178,0.01778,0.02609,0.05018,0.03685,0.2167,0.2145,
2.098,0.1614,0.05771,0.05385,0.03786,0.1702,0.1174,0.01758,0.02593,0.05027,0.03654,0.2176,0.215,
2.097,0.1624,0.05741,0.05388,0.03794,0.17,0.1172,0.01773,0.02568,0.05133,0.03554,0.2177,0.2156,
2.095,0.1684,0.05725,0.05369,0.03793,0.1692,0.1157,0.0177,0.02563,0.05306,0.03367,0.2195,0.2166,
2.108,0.1596,0.06127,0.05367,0.03809,0.1689,0.1147,0.01771,0.02565,0.05402,0.03799,0.2144,0.2136,
2.108,0.1621,0.06102,0.0537,0.03791,0.1685,0.1144,0.01772,0.02566,0.05405,0.03801,0.2145,0.2144,
2.107,0.1651,0.0609,0.0536,0.038,0.1682,0.1135,0.0177,0.02582,0.05437,0.03743,0.2154,0.2151,
2.104,0.1628,0.06062,0.0537,0.03765,0.1677,0.1137,0.01703,0.02594,0.05486,0.03674,0.2163,0.2157,
2.111,0.1683,0.06402,0.05363,0.03774,0.1677,0.1125,0.01736,0.02561,0.05575,0.03821,0.2141,0.2134,
2.11,0.1694,0.06367,0.05377,0.03781,0.1669,0.1127,0.01701,0.02565,0.05618,0.03791,0.2144,0.2141,
2.108,0.1665,0.06322,0.05371,0.03741,0.1667,0.1123,0.01689,0.02567,0.05778,0.03638,0.2145,0.2154,
2.096,0.1713,0.0653,0.05367,0.03695,0.1663,0.1201,0.009132,0.02526,0.058,0.03909,0.2125,0.2137,
2.096,0.1685,0.06517,0.05364,0.03706,0.1661,0.1204,0.00927,0.02486,0.05802,0.0391,0.2126,0.2137,
2.095,0.1668,0.06493,0.05365,0.03712,0.1662,0.1195,0.009408,0.02473,0.06007,0.03706,0.2127,0.2147,
2.092,0.1725,0.0646,0.05368,0.03716,0.1654,0.1195,0.00895,0.02472,0.06148,0.03565,0.2137,0.2151,
2.091,0.1928,0.06443,0.05369,0.03715,0.1652,0.1194,0.0241,0.009741,0.06418,0.03263,0.2146,0.2149,
2.092,0.1895,0.06596,0.05378,0.03719,0.165,0.1186,0.02412,0.009745,0.06447,0.03239,0.2147,0.2141,
2.09,0.1898,0.06565,0.05362,0.03725,0.1645,0.1177,0.0246,0.009333,0.06523,0.0313,0.2164,0.2144,
2.094,0.1739,0.06547,0.05348,0.03732,0.1643,0.1179,0.02422,0.009595,0.06565,0.03324,0.2146,0.2143,
2.097,0.1906,0.06913,0.05347,0.03741,0.164,0.1164,0.02423,0.00978,0.06645,0.03232,0.2147,0.2121,
2.096,0.1756,0.069,0.05361,0.03705,0.1638,0.1156,0.02437,0.009648,0.06648,0.03233,0.2148,0.2134,
2.094,0.1731,0.0687,0.05346,0.03708,0.1633,0.1142,0.02442,0.009622,0.06632,0.03232,0.2158,0.2148,
2.095,0.1705,0.06854,0.05365,0.03718,0.1626,0.114,0.02457,0.009629,0.0667,0.03227,0.2156,0.2152,
2.093,0.1771,0.06854,0.05355,0.03724,0.1624,0.1132,0.02459,0.009489,0.06692,0.0321,0.2157,0.2164,
2.091,0.1786,0.06751,0.05338,0.03734,0.1625,0.1118,0.02457,0.00948,0.06735,0.03158,0.2165,0.2179,
2.089,0.1862,0.06701,0.05345,0.03731,0.1622,0.1103,0.02452,0.009459,0.06721,0.03152,0.2183,0.2187,
2.096,0.1745,0.06815,0.05344,0.03735,0.1619,0.1091,0.02463,0.009318,0.06716,0.0351,0.2156,0.2182,
2.095,0.182,0.0675,0.05368,0.03736,0.1618,0.1082,0.02451,0.00999,0.06754,0.03396,0.2165,0.2189,
2.093,0.184,0.06739,0.05373,0.03741,0.1618,0.1065,0.02451,0.00999,0.0683,0.0332,0.2165,0.2207,
2.102,0.177,0.07272,0.05375,0.03752,0.1619,0.106,0.0244,0.01017,0.06839,0.03485,0.2146,0.2156,
2.102,0.1737,0.0727,0.0537,0.0376,0.1618,0.1055,0.0244,0.01031,0.06826,0.03485,0.2147,0.2162,
2.101,0.1829,0.07237,0.05383,0.03772,0.1613,0.1061,0.02411,0.01015,0.06937,0.03384,0.2148,0.2164,
2.104,0.1865,0.07326,0.0538,0.0378,0.1609,0.1055,0.02412,0.01055,0.06963,0.03453,0.2136,0.2163,
2.102,0.1755,0.07264,0.05342,0.03769,0.1599,0.1045,0.02443,0.01078,0.0686,0.03437,0.218,0.2156,
2.104,0.1792,0.07397,0.05326,0.03769,0.1595,0.1031,0.02469,0.01067,0.06874,0.03559,0.2171,0.2157,
2.108,0.1751,0.07665,0.05313,0.03764,0.1594,0.102,0.02481,0.01094,0.06817,0.03632,0.2181,0.2128,
2.107,0.1591,0.07625,0.0532,0.03769,0.1588,0.1012,0.02463,0.01145,0.06763,0.03631,0.2191,0.2137,
2.111,0.1662,0.07994,0.05337,0.03775,0.1588,0.0995,0.02741,0.009335,0.06704,0.0376,0.2178,0.2114,
2.108,0.1738,0.07792,0.05332,0.03779,0.1592,0.09844,0.0277,0.009323,0.06694,0.03729,0.2198,0.2122,
2.089,0.1747,0.07782,0.05325,0.03788,0.1591,0.1111,0.01508,0.009459,0.06736,0.03736,0.2193,0.2123,
2.087,0.1731,0.07713,0.05324,0.03785,0.1588,0.1109,0.01505,0.009576,0.0679,0.0365,0.2211,0.2119,
2.089,0.1862,0.07673,0.0532,0.03792,0.1589,0.1114,0.01532,0.009159,0.06853,0.03723,0.2196,0.212,
2.089,0.1896,0.07615,0.05329,0.03797,0.1587,0.1103,0.01531,0.009756,0.06812,0.03696,0.2206,0.2129,
2.091,0.1795,0.07785,0.05342,0.03805,0.1587,0.1087,0.01532,0.009941,0.06881,0.03701,0.2199,0.2122,
2.09,0.1779,0.0776,0.05335,0.03805,0.1583,0.1088,0.01515,0.01007,0.06962,0.036,0.2209,0.2121,
2.093,0.1889,0.08024,0.0533,0.03814,0.1582,0.1086,0.01499,0.01007,0.07015,0.0363,0.2202,0.2098,
2.092,0.1907,0.08007,0.05335,0.03818,0.1582,0.1062,0.01486,0.01061,0.07024,0.0357,0.2202,0.2124,
2.092,0.1912,0.07975,0.05332,0.03829,0.158,0.1057,0.01498,0.01117,0.06984,0.0355,0.2204,0.213,
2.091,0.188,0.07899,0.05341,0.03841,0.1584,0.1051,0.01488,0.01144,0.07078,0.03432,0.2204,0.2139,
2.09,0.1797,0.07846,0.05357,0.03847,0.1578,0.1046,0.01476,0.01146,0.0714,0.03383,0.2207,0.2149,
2.089,0.1978,0.07835,0.0536,0.03852,0.1577,0.1041,0.01477,0.01146,0.07209,0.03317,0.2208,0.2155,
2.092,0.1921,0.07944,0.05365,0.03861,0.1577,0.1042,0.0145,0.01172,0.07371,0.03304,0.2193,0.2141,
2.108,0.191,0.08362,0.05358,0.03865,0.1569,0.1042,0.01468,0.01994,0.06666,0.03237,0.2199,0.2095,
2.108,0.1929,0.0833,0.05333,0.03876,0.1561,0.1043,0.01459,0.02022,0.06663,0.03215,0.2211,0.2096,
2.108,0.2044,0.08035,0.05318,0.03873,0.1582,0.1036,0.01457,0.02031,0.06729,0.03317,0.2208,0.2098,
2.107,0.2123,0.08012,0.05322,0.03876,0.1581,0.1037,0.01457,0.02051,0.06815,0.03216,0.2209,0.2098,
2.107,0.2006,0.0799,0.05318,0.0388,0.1579,0.1032,0.01458,0.02066,0.06829,0.03196,0.2211,0.2105,
2.109,0.2133,0.07937,0.05314,0.0389,0.1571,0.1026,0.01445,0.02063,0.06819,0.03414,0.2207,0.2107,
2.113,0.2066,0.07912,0.05298,0.03894,0.1567,0.1019,0.01469,0.0205,0.06857,0.03652,0.2187,0.2114,
2.113,0.2036,0.07835,0.05324,0.039,0.1566,0.1019,0.01469,0.02051,0.06884,0.03628,0.2188,0.2118,
2.111,0.1994,0.0779,0.05323,0.03907,0.1568,0.1014,0.01441,0.02051,0.06989,0.03525,0.2188,0.2127,
2.107,0.1995,0.07451,0.05307,0.03922,0.1594,0.1006,0.01419,0.02064,0.06973,0.03523,0.2198,0.2135,
2.105,0.2044,0.07162,0.05304,0.03929,0.1615,0.1001,0.01431,0.0209,0.06968,0.03505,0.2201,0.2144,
2.11,0.2021,0.07354,0.05311,0.0394,0.1607,0.1002,0.0151,0.02075,0.06934,0.03597,0.2201,0.2119,
2.107,0.2229,0.07323,0.05302,0.03937,0.1602,0.09931,0.01521,0.02071,0.07148,0.03349,0.2218,0.2122,
2.102,0.2096,0.07007,0.05306,0.03941,0.1624,0.09766,0.01523,0.02069,0.07156,0.03323,0.2229,0.2138,
2.1,0.2128,0.06956,0.05297,0.03907,0.1628,0.0973,0.01618,0.01988,0.07272,0.03197,0.2229,0.2146,
2.098,0.2124,0.06935,0.05305,0.03916,0.1625,0.09657,0.0163,0.02013,0.07436,0.02997,0.223,0.2156,
2.102,0.2073,0.07219,0.053,0.03929,0.1626,0.0957,0.01616,0.02027,0.07505,0.03016,0.2221,0.2135,
2.106,0.2057,0.07612,0.05288,0.03911,0.1628,0.09519,0.01631,0.02049,0.0756,0.02985,0.2217,0.2099,
2.104,0.2136,0.07543,0.05288,0.03917,0.1629,0.09467,0.01603,0.02095,0.0762,0.02889,0.2219,0.211,
2.102,0.2023,0.07394,0.05297,0.03891,0.1638,0.09406,0.01625,0.02094,0.07629,0.02867,0.222,0.2122,
2.101,0.231,0.07282,0.05318,0.03892,0.1642,0.09372,0.0161,0.02128,0.07611,0.0284,0.2229,0.2124,
2.099,0.2116,0.07238,0.05313,0.03908,0.1644,0.09307,0.01597,0.02109,0.07672,0.02768,0.223,0.2135,
2.075,0.2383,0.07197,0.05273,0.03914,0.1643,0.1029,0.006207,0.02095,0.07709,0.02727,0.224,0.2134,
2.078,0.2213,0.07138,0.05261,0.03921,0.1641,0.1024,0.01395,0.01341,0.07729,0.02676,0.2249,0.214,
2.083,0.215,0.07314,0.0525,0.03918,0.1638,0.101,0.01393,0.01376,0.07681,0.02866,0.2249,0.2123,
2.082,0.2229,0.07251,0.05244,0.03925,0.1639,0.09985,0.01394,0.01401,0.07661,0.02868,0.225,0.2138,
2.087,0.2123,0.07609,0.05247,0.03928,0.1637,0.09962,0.01408,0.01388,0.07717,0.02887,0.2245,0.2103,
2.087,0.2122,0.07568,0.05259,0.03934,0.1636,0.09968,0.01409,0.01389,0.08015,0.02742,0.2231,0.2105,
2.086,0.2274,0.07235,0.05257,0.03946,0.1665,0.09945,0.0142,0.01524,0.07875,0.02744,0.2232,0.2109,
2.086,0.2349,0.07155,0.0526,0.03951,0.167,0.09722,0.01442,0.01523,0.07858,0.02829,0.2224,0.2132,
2.086,0.224,0.07116,0.05273,0.03955,0.1665,0.0967,0.01441,0.01536,0.07839,0.02827,0.2234,0.2135,
2.091,0.219,0.07521,0.05282,0.03962,0.1663,0.09662,0.01439,0.01567,0.07801,0.02861,0.224,0.2088,
2.09,0.2232,0.07461,0.05294,0.0397,0.1665,0.09618,0.01457,0.0155,0.07802,0.02862,0.224,0.2093,
2.088,0.2417,0.07401,0.05296,0.03951,0.1667,0.09581,0.01445,0.01551,0.07912,0.02759,0.2241,0.2102,
2.088,0.2476,0.07372,0.05288,0.03962,0.1666,0.09546,0.01445,0.01551,0.07915,0.0276,0.2242,0.2107,
2.088,0.2282,0.07242,0.05278,0.03972,0.1673,0.09519,0.01461,0.01538,0.07959,0.02823,0.2234,0.2113,
2.087,0.2158,0.07186,0.05277,0.0398,0.1678,0.09519,0.01474,0.01538,0.08039,0.0273,0.2234,0.2113,
2.087,0.2196,0.07157,0.05276,0.03995,0.1675,0.0947,0.01461,0.01592,0.07992,0.02731,0.2236,0.2121,
2.086,0.22,0.07111,0.05265,0.04001,0.1671,0.09492,0.01449,0.01578,0.08033,0.0274,0.2241,0.2121,
2.088,0.2159,0.0709,0.05264,0.04005,0.1671,0.09424,0.01463,0.01565,0.08063,0.02836,0.2229,0.2128,
2.084,0.2211,0.06791,0.05255,0.03999,0.17,0.09327,0.01476,0.01562,0.08067,0.02809,0.223,0.2141,
2.089,0.2256,0.06857,0.05257,0.03981,0.1716,0.0933,0.0214,0.009312,0.08037,0.03095,0.2202,0.212,
2.091,0.2282,0.06817,0.05241,0.03998,0.1712,0.09215,0.02134,0.00952,0.08119,0.03209,0.2184,0.2136,
2.094,0.2222,0.06975,0.05276,0.03964,0.1703,0.09227,0.02145,0.009446,0.08175,0.03282,0.2176,0.2123,
2.091,0.2084,0.0696,0.05267,0.03968,0.17,0.0911,0.02085,0.009437,0.08422,0.03136,0.2173,0.2137,
2.089,0.213,0.07356,0.05244,0.03974,0.1696,0.09718,0.01445,0.009435,0.08419,0.03414,0.2156,0.2097,
2.094,0.2061,0.0732,0.05251,0.0398,0.1695,0.09724,0.01446,0.00944,0.08424,0.0366,0.2132,0.2098,
2.093,0.1971,0.07239,0.05247,0.03988,0.1701,0.09681,0.01457,0.009334,0.08439,0.03648,0.2133,0.2103,
2.09,0.1994,0.07222,0.0524,0.03917,0.1698,0.09683,0.01435,0.009205,0.08444,0.0365,0.2134,0.2117,
2.089,0.2073,0.07198,0.05247,0.03917,0.1696,0.09713,0.01408,0.009375,0.08533,0.03516,0.2143,0.2114,
2.086,0.2185,0.07167,0.05238,0.03914,0.169,0.0958,0.01417,0.009253,0.08519,0.0351,0.2161,0.2123,
2.086,0.2141,0.07152,0.05245,0.0392,0.1686,0.09585,0.01431,0.009124,0.08524,0.03512,0.2162,0.2124,
2.086,0.2112,0.07119,0.05223,0.03904,0.1679,0.09543,0.01438,0.008951,0.08487,0.03598,0.2186,0.2115,
2.086,0.2017,0.071,0.05231,0.03909,0.1677,0.09547,0.01463,0.008713,0.0849,0.03599,0.2186,0.2116,
2.084,0.2077,0.07051,0.05185,0.03922,0.1676,0.09505,0.01476,0.008576,0.08522,0.03563,0.2197,0.2119,
2.084,0.2088,0.06991,0.05203,0.03931,0.1676,0.0951,0.0149,0.008581,0.08514,0.03565,0.2198,0.212,
2.083,0.2067,0.06974,0.05202,0.0394,0.1676,0.09485,0.01496,0.008585,0.08548,0.03512,0.2198,0.2124,
2.083,0.2236,0.06955,0.05211,0.03926,0.1674,0.0951,0.01487,0.008587,0.08537,0.03513,0.2199,0.2127,
2.093,0.2121,0.07306,0.05223,0.03938,0.1674,0.09481,0.01488,0.008785,0.08556,0.03833,0.2163,0.2093,
2.096,0.2085,0.07283,0.05211,0.03953,0.1673,0.09499,0.01489,0.008777,0.08546,0.03997,0.2148,0.2094,
2.095,0.2008,0.07275,0.05193,0.03952,0.167,0.09491,0.01524,0.008412,0.08619,0.03914,0.2157,0.2092,
2.094,0.2219,0.07239,0.05187,0.03951,0.1671,0.09427,0.01522,0.008403,0.08636,0.03957,0.2158,0.2095,
2.1,0.208,0.07184,0.05201,0.03927,0.1674,0.09428,0.01522,0.008628,0.08615,0.04289,0.2125,0.2098,
2.1,0.1965,0.07179,0.05201,0.03931,0.1672,0.09431,0.01537,0.00848,0.08617,0.0429,0.2126,0.2098,
2.1,0.2078,0.07144,0.05219,0.03942,0.1671,0.09384,0.01538,0.008795,0.08588,0.04292,0.2126,0.2104,
2.099,0.1929,0.07127,0.05222,0.03949,0.167,0.09399,0.01539,0.008651,0.08637,0.04246,0.2127,0.2105,
2.1,0.2038,0.07065,0.0522,0.03952,0.1672,0.0939,0.01565,0.008509,0.08811,0.042,0.212,0.2103,
2.099,0.2129,0.07062,0.052,0.03974,0.1671,0.09365,0.01565,0.008511,0.08868,0.04145,0.2121,0.2106,
2.099,0.1997,0.0705,0.05196,0.03941,0.1665,0.09359,0.01564,0.008906,0.08847,0.04118,0.213,0.2108,
2.101,0.2044,0.07045,0.05186,0.03953,0.1659,0.09367,0.01565,0.009502,0.08796,0.0419,0.2125,0.211,
2.1,0.2001,0.06813,0.05205,0.03966,0.1675,0.09401,0.01539,0.00991,0.08781,0.04173,0.2126,0.2112,
2.1,0.1989,0.06796,0.05207,0.03972,0.1675,0.09298,0.01539,0.01058,0.08751,0.04138,0.2127,0.2122,
2.13,0.2331,0.06793,0.05205,0.03977,0.1674,0.09246,0.01552,0.03434,0.06362,0.04138,0.2127,0.2128,
2.13,0.2268,0.06779,0.05208,0.03996,0.1671,0.09198,0.01553,0.03463,0.06338,0.0414,0.2128,0.2134,
2.129,0.2304,0.06563,0.0522,0.04002,0.1687,0.09203,0.01596,0.03516,0.06314,0.04077,0.2129,0.2135,
2.129,0.2406,0.06543,0.05243,0.04011,0.1681,0.0922,0.01599,0.03536,0.06309,0.04057,0.213,0.2137,
2.128,0.2294,0.06539,0.05243,0.04018,0.1679,0.09117,0.016,0.0355,0.06418,0.03937,0.2131,0.2148,
2.132,0.2227,0.06734,0.05242,0.03987,0.1677,0.09053,0.01614,0.03544,0.06507,0.04037,0.2118,0.2133,
2.132,0.2215,0.06735,0.05236,0.03952,0.1676,0.09054,0.01614,0.03612,0.06478,0.04001,0.2118,0.2137,
2.132,0.2029,0.06974,0.0526,0.03963,0.1674,0.08718,0.01599,0.03615,0.06551,0.03938,0.212,0.2144,
2.111,0.2078,0.06585,0.05246,0.03943,0.1706,0.095,0.008395,0.03584,0.06661,0.0382,0.2129,0.2146,
2.111,0.2107,0.06553,0.05255,0.03946,0.1702,0.09453,0.009603,0.03465,0.06683,0.03774,0.2139,0.215,
2.113,0.199,0.06599,0.05256,0.03947,0.1706,0.09443,0.009593,0.03533,0.0666,0.03805,0.2138,0.2136,
2.115,0.1994,0.06733,0.05242,0.03934,0.1706,0.09446,0.009596,0.03534,0.06839,0.0372,0.213,0.2124,
2.11,0.1952,0.06313,0.05225,0.03933,0.1743,0.0944,0.00959,0.03545,0.06911,0.03628,0.2139,0.2123,
2.112,0.1998,0.06311,0.05217,0.03945,0.1741,0.09442,0.009898,0.03515,0.06938,0.03721,0.2128,0.2123,
2.112,0.1854,0.06268,0.05216,0.03955,0.1743,0.09416,0.0099,0.03516,0.0694,0.03722,0.2128,0.2127,
2.112,0.1901,0.06251,0.05221,0.03962,0.174,0.09422,0.01017,0.03529,0.07063,0.03568,0.2129,0.2128,
2.11,0.2004,0.06194,0.05235,0.03924,0.1741,0.09345,0.01018,0.03577,0.07072,0.03516,0.213,0.2141,
2.115,0.2082,0.06604,0.05236,0.03931,0.1743,0.09348,0.01018,0.03578,0.07075,0.03517,0.2131,0.2095,
2.112,0.2156,0.06525,0.05263,0.03941,0.1745,0.09215,0.009989,0.03579,0.07251,0.03344,0.2132,0.2112,
2.111,0.2094,0.06485,0.05281,0.03951,0.1742,0.09198,0.009879,0.03592,0.07334,0.03258,0.2133,0.2116,
2.109,0.2032,0.06397,0.0528,0.03949,0.174,0.09156,0.01002,0.03571,0.07345,0.0323,0.2151,0.2116,
2.107,0.2158,0.06339,0.05283,0.0396,0.1741,0.09105,0.009819,0.03562,0.07348,0.03231,0.2152,0.2125,
2.105,0.2265,0.06317,0.05266,0.03962,0.1735,0.09089,0.009803,0.03556,0.07565,0.0304,0.2166,0.2122,
2.112,0.2328,0.06298,0.05264,0.03961,0.1733,0.09065,0.02688,0.01851,0.07625,0.03039,0.2162,0.2126,
2.11,0.2335,0.06242,0.0525,0.03954,0.1727,0.09058,0.0268,0.01846,0.07586,0.0303,0.2188,0.212,
2.11,0.2088,0.06231,0.05225,0.03953,0.1728,0.09062,0.02681,0.01862,0.07574,0.03032,0.2189,0.2121,
2.109,0.206,0.06212,0.052,0.03963,0.1728,0.09016,0.02683,0.01863,0.07601,0.03011,0.219,0.2127,
2.113,0.2023,0.06417,0.05207,0.03974,0.1721,0.08988,0.0271,0.01839,0.07629,0.03095,0.2182,0.2111,
2.112,0.1942,0.06401,0.05219,0.03946,0.1718,0.0904,0.02677,0.01826,0.07633,0.03096,0.2183,0.2116,
2.115,0.2023,0.06381,0.05214,0.03946,0.1714,0.08938,0.02659,0.0186,0.07694,0.03247,0.2166,0.2126,
2.107,0.1899,0.06354,0.05214,0.03958,0.1713,0.09354,0.02194,0.01894,0.07835,0.03064,0.2167,0.2133,
2.105,0.173,0.06195,0.05225,0.0396,0.1718,0.09352,0.02208,0.01879,0.07834,0.03063,0.2178,0.2133,
2.117,0.1704,0.06492,0.05252,0.03966,0.1713,0.09357,0.02209,0.0188,0.07913,0.03415,0.2136,0.2102,
2.116,0.1709,0.06463,0.0525,0.03975,0.171,0.09314,0.02207,0.01879,0.07907,0.03412,0.2145,0.2104,
2.115,0.1717,0.06454,0.05221,0.03988,0.1707,0.09254,0.02205,0.01891,0.07887,0.03409,0.2154,0.2107,
2.115,0.1693,0.06452,0.05216,0.03998,0.1706,0.09279,0.02206,0.01867,0.07915,0.03422,0.2151,0.2108,
2.116,0.1738,0.06249,0.05197,0.03957,0.1721,0.09221,0.02201,0.01863,0.07899,0.03693,0.214,0.2111,
2.116,0.2098,0.06203,0.05186,0.03907,0.1719,0.09127,0.02197,0.01872,0.07882,0.03836,0.2141,0.2119,
2.113,0.1828,0.05903,0.05185,0.03912,0.1747,0.0909,0.02197,0.01926,0.07901,0.03767,0.2141,0.2124,
2.113,0.1786,0.05853,0.05195,0.03918,0.1749,0.09092,0.02198,0.01941,0.07889,0.03767,0.2142,0.2124,
2.112,0.178,0.05852,0.05185,0.03923,0.1747,0.09029,0.02209,0.01931,0.07914,0.03746,0.2142,0.2132,
2.109,0.1812,0.05733,0.05186,0.03831,0.1754,0.0902,0.02207,0.01943,0.07966,0.03672,0.2151,0.2139,
2.118,0.1717,0.06144,0.05181,0.03833,0.1748,0.08964,0.02206,0.01942,0.07984,0.03949,0.2131,0.21,
2.115,0.1744,0.05905,0.05167,0.03833,0.1763,0.08925,0.02182,0.01978,0.08068,0.03892,0.214,0.2102,
2.117,0.1679,0.05885,0.05176,0.03839,0.1761,0.08928,0.02182,0.01996,0.08103,0.03966,0.2129,0.2102,
2.116,0.1669,0.05819,0.0518,0.03846,0.176,0.08947,0.02192,0.01986,0.0815,0.03909,0.213,0.2108,
2.122,0.1865,0.05812,0.05179,0.03854,0.1759,0.08948,0.02192,0.02017,0.0812,0.04248,0.2096,0.2108,
2.135,0.1883,0.05802,0.05183,0.03863,0.1757,0.08963,0.02179,0.03317,0.06905,0.04166,0.2096,0.2109,
2.134,0.1806,0.05795,0.05179,0.03863,0.1752,0.0891,0.02177,0.03333,0.06882,0.04163,0.2105,0.2112,
2.134,0.1896,0.05795,0.05176,0.03875,0.1748,0.08911,0.02154,0.03365,0.06869,0.04152,0.2107,0.2116,
2.134,0.1731,0.05769,0.05185,0.03892,0.1746,0.08866,0.02155,0.03366,0.06919,0.04104,0.2107,0.2121,
2.132,0.1783,0.05704,0.05187,0.03896,0.1741,0.08874,0.02158,0.03346,0.06915,0.04102,0.2116,0.2125,
2.139,0.1675,0.06128,0.05175,0.03905,0.1739,0.08877,0.02159,0.0336,0.06978,0.0412,0.2108,0.2083,
2.136,0.1873,0.06116,0.05166,0.03907,0.174,0.08844,0.02147,0.03361,0.07344,0.03757,0.2108,0.2088,
2.111,0.194,0.06044,0.05177,0.03909,0.174,0.1006,0.008785,0.03372,0.07414,0.03666,0.2117,0.2091,
2.109,0.1912,0.05983,0.05145,0.03912,0.1733,0.09972,0.009044,0.03343,0.07444,0.03628,0.2137,0.2097,
2.107,0.1949,0.05962,0.05138,0.03923,0.1731,0.09746,0.009194,0.03343,0.07488,0.03576,0.2138,0.2121,
2.111,0.1846,0.06349,0.05133,0.03928,0.1726,0.09714,0.00919,0.03355,0.07572,0.03505,0.2145,0.2082,
2.115,0.1835,0.06294,0.05137,0.03939,0.1722,0.09635,0.009049,0.03354,0.0766,0.03749,0.2121,0.209,
2.113,0.1709,0.06213,0.05122,0.03945,0.1722,0.09545,0.009254,0.03342,0.0764,0.03746,0.2129,0.2101,
2.112,0.1686,0.06161,0.05131,0.03945,0.1723,0.09535,0.009244,0.03352,0.07639,0.03721,0.2138,0.2099,
2.112,0.1671,0.06157,0.05122,0.03957,0.1722,0.09549,0.009113,0.03392,0.07625,0.03696,0.2138,0.2099,
2.112,0.1656,0.0611,0.05111,0.03973,0.1724,0.09502,0.009536,0.03365,0.07614,0.03697,0.2139,0.2105,
2.11,0.1679,0.06106,0.05111,0.03978,0.1723,0.09398,0.00934,0.034,0.07639,0.03639,0.2139,0.2117,
2.115,0.1825,0.06106,0.05106,0.03988,0.1721,0.09401,0.009476,0.04375,0.06904,0.0339,0.2139,0.2118,
2.114,0.1762,0.06095,0.05113,0.03994,0.172,0.09402,0.009609,0.04376,0.07055,0.03227,0.214,0.2118,
2.122,0.2152,0.06328,0.05102,0.04011,0.172,0.09351,0.009609,0.04376,0.07189,0.03421,0.2107,0.2099,
2.12,0.2027,0.06164,0.05113,0.03979,0.1732,0.09326,0.009841,0.04354,0.07225,0.03387,0.2107,0.2107,
2.119,0.1976,0.06143,0.05117,0.03987,0.173,0.0929,0.009846,0.04374,0.07295,0.03304,0.2108,0.2112,
2.121,0.1878,0.0634,0.05114,0.0399,0.1731,0.09244,0.009853,0.04445,0.07253,0.03285,0.211,0.2094,
2.121,0.1842,0.06328,0.05109,0.03999,0.173,0.09246,0.009855,0.04459,0.07308,0.03219,0.211,0.2094,
2.119,0.1741,0.06297,0.05119,0.04005,0.1727,0.09171,0.009934,0.04433,0.0742,0.03098,0.2119,0.21,
2.12,0.1771,0.06287,0.05114,0.04015,0.172,0.09089,0.01006,0.04462,0.07462,0.03127,0.2117,0.2107,
2.118,0.175,0.06281,0.05114,0.04024,0.1718,0.09053,0.009932,0.0449,0.07564,0.03,0.2117,0.2113,
2.119,0.1722,0.06512,0.0512,0.04028,0.172,0.09017,0.009934,0.0449,0.07791,0.02819,0.2112,0.2091,
2.123,0.2088,0.06506,0.05117,0.04036,0.172,0.09017,0.0421,0.01286,0.07855,0.02742,0.2112,0.2091,
2.124,0.1967,0.06495,0.05125,0.04002,0.1719,0.09018,0.04224,0.01301,0.07849,0.02816,0.2102,0.2095,
2.123,0.1949,0.06479,0.05121,0.03967,0.1718,0.08989,0.04237,0.01304,0.07878,0.02779,0.2103,0.2103,
2.122,0.2134,0.06435,0.05152,0.03974,0.1715,0.08923,0.04226,0.01322,0.07923,0.02722,0.2105,0.2113,
2.121,0.1743,0.06429,0.05127,0.0399,0.1714,0.08876,0.04263,0.01314,0.07899,0.02723,0.2105,0.2119,
2.117,0.1881,0.06178,0.05113,0.03999,0.1731,0.08711,0.04261,0.01343,0.0796,0.02628,0.2115,0.2134,
2.124,0.1676,0.06753,0.05097,0.04001,0.1721,0.08703,0.04298,0.01318,0.07965,0.02699,0.2124,0.2072,
2.127,0.1645,0.06697,0.05119,0.04008,0.1719,0.0867,0.04297,0.01336,0.07954,0.02849,0.2111,0.2077,
2.126,0.1665,0.06674,0.05125,0.03973,0.1718,0.0862,0.04298,0.01336,0.07982,0.02824,0.2111,0.2087,
2.127,0.1619,0.06665,0.05106,0.03986,0.1716,0.08574,0.04281,0.01355,0.07954,0.02929,0.2109,0.209,
2.127,0.1668,0.06634,0.051,0.03993,0.1714,0.08581,0.04284,0.01386,0.07995,0.02866,0.2111,0.2092,
2.126,0.1607,0.06593,0.05105,0.03993,0.1707,0.08566,0.04277,0.01402,0.07963,0.02862,0.2128,0.2088,
2.127,0.1768,0.06485,0.05103,0.03995,0.1712,0.08553,0.04242,0.01401,0.07957,0.02995,0.2124,0.2091,
2.126,0.1709,0.06427,0.05098,0.03999,0.1716,0.08517,0.04243,0.01401,0.0796,0.02996,0.2124,0.2095,
2.123,0.1657,0.06405,0.05094,0.03975,0.1715,0.08317,0.04258,0.01388,0.07964,0.02997,0.2125,0.212,
2.12,0.1647,0.06515,0.05094,0.03982,0.1714,0.09176,0.03368,0.01414,0.08115,0.03012,0.2106,0.2112,
2.119,0.1514,0.06492,0.05097,0.03965,0.1714,0.09138,0.03369,0.01471,0.08107,0.02966,0.2107,0.2119,
2.138,0.2233,0.06736,0.05092,0.03984,0.1716,0.09009,0.03406,0.0683,0.02737,0.02941,0.2107,0.2104,
2.137,0.2143,0.06713,0.05085,0.0399,0.1712,0.08984,0.0339,0.06825,0.0276,0.02914,0.2116,0.2105,
2.136,0.1565,0.06567,0.05068,0.0399,0.1721,0.08966,0.03383,0.06812,0.02807,0.02931,0.2126,0.2101,
2.131,0.1634,0.0653,0.05053,0.03981,0.1716,0.08663,0.03381,0.06813,0.0301,0.02679,0.2151,0.2122,
2.132,0.1526,0.06611,0.0507,0.03988,0.1717,0.08496,0.03383,0.07036,0.02881,0.02741,0.2137,0.2125,
2.128,0.1588,0.06529,0.05043,0.03962,0.1716,0.08319,0.03371,0.07047,0.02901,0.02679,0.2155,0.2144,
2.126,0.1824,0.0651,0.05033,0.03972,0.171,0.08203,0.03397,0.07039,0.02881,0.02647,0.2165,0.2157,
2.123,0.168,0.06476,0.05008,0.03973,0.1704,0.08174,0.03383,0.07028,0.02906,0.02588,0.2184,0.2159,
2.099,0.1828,0.06839,0.05007,0.03944,0.1703,0.1021,0.01276,0.07051,0.0286,0.02714,0.2172,0.2136,
2.097,0.1735,0.068,0.04985,0.03976,0.1702,0.1004,0.01277,0.07081,0.02835,0.02715,0.2173,0.2155,
2.103,0.165,0.07021,0.04983,0.03987,0.1697,0.1011,0.01233,0.07079,0.02816,0.02909,0.2155,0.2133,
2.114,0.1592,0.07514,0.04989,0.03997,0.1691,0.1012,0.01248,0.07072,0.02831,0.03198,0.2127,0.2085,
2.109,0.1514,0.07479,0.05002,0.03999,0.1686,0.1033,0.01045,0.07094,0.02823,0.03163,0.2136,0.2084,
2.111,0.1523,0.0731,0.05001,0.04006,0.1699,0.1032,0.01045,0.07082,0.02943,0.03241,0.2117,0.209,
2.12,0.1519,0.07284,0.05009,0.03976,0.1698,0.1032,0.01098,0.07031,0.02968,0.03682,0.2071,0.2094,
2.12,0.1541,0.07239,0.05027,0.03987,0.1698,0.1032,0.01112,0.07089,0.02899,0.03683,0.2072,0.2095,
2.118,0.1542,0.07219,0.05014,0.03946,0.1696,0.1028,0.01112,0.07114,0.02934,0.03626,0.2073,0.2106,
2.118,0.1563,0.07183,0.05001,0.03945,0.1692,0.1027,0.01169,0.07067,0.02904,0.03619,0.209,0.2102,
2.117,0.151,0.07144,0.0498,0.03946,0.1689,0.1026,0.01207,0.07023,0.02879,0.03613,0.2107,0.2099,
2.121,0.1554,0.07237,0.04972,0.03955,0.1685,0.1027,0.01261,0.06977,0.02928,0.03651,0.2101,0.2089,
2.124,0.1609,0.07205,0.04973,0.03966,0.1682,0.1028,0.01306,0.06937,0.03039,0.03645,0.2093,0.209,
2.122,0.1853,0.0708,0.04962,0.03979,0.1685,0.1022,0.01319,0.06919,0.03065,0.03614,0.2102,0.2098,
2.125,0.1771,0.07099,0.04932,0.03978,0.1683,0.102,0.01315,0.069,0.03057,0.03844,0.2103,0.2082,
2.13,0.1919,0.07281,0.04936,0.03984,0.168,0.1012,0.01329,0.06891,0.03059,0.04014,0.2088,0.2071,
2.128,0.1769,0.07243,0.04921,0.03985,0.1677,0.1017,0.01285,0.06875,0.0308,0.0399,0.2097,0.207,
2.128,0.181,0.07189,0.04947,0.03958,0.1677,0.1018,0.01298,0.06865,0.03115,0.03958,0.2098,0.2074,
2.128,0.1733,0.07175,0.04937,0.03953,0.1661,0.1018,0.0141,0.06716,0.03183,0.03877,0.2126,0.207,
2.128,0.1591,0.07119,0.0494,0.03919,0.1661,0.102,0.01428,0.06714,0.03223,0.03815,0.2128,0.2075,
2.126,0.162,0.07097,0.04929,0.03877,0.166,0.1019,0.01427,0.06708,0.0322,0.03812,0.2136,0.2078,
2.128,0.1617,0.07053,0.04915,0.03875,0.1658,0.1012,0.01466,0.06677,0.03189,0.03967,0.2137,0.2079,
2.126,0.1606,0.06974,0.04922,0.03879,0.1659,0.1007,0.01478,0.06681,0.03165,0.03964,0.2146,0.2082,
2.133,0.1756,0.07065,0.04937,0.03845,0.166,0.1005,0.01544,0.06637,0.03174,0.04219,0.2119,0.2074,
2.133,0.1688,0.06992,0.0494,0.03856,0.1661,0.1005,0.01577,0.0661,0.03176,0.04222,0.2121,0.2075,
2.148,0.174,0.0714,0.04962,0.03822,0.1659,0.1,0.02191,0.06017,0.03248,0.04563,0.2079,0.2067,
2.147,0.1844,0.07132,0.04964,0.03735,0.1657,0.1002,0.0222,0.05983,0.03311,0.04504,0.208,0.2077,
2.147,0.1821,0.07074,0.04969,0.03743,0.1657,0.1003,0.02224,0.05974,0.03336,0.04484,0.2081,0.2078,
2.147,0.1849,0.07038,0.04964,0.0375,0.1655,0.1002,0.02249,0.05943,0.03362,0.04452,0.209,0.2077,
2.148,0.1803,0.06972,0.04969,0.03761,0.1657,0.1006,0.02233,0.05931,0.03413,0.04512,0.208,0.2078,
2.156,0.2194,0.06965,0.04965,0.03766,0.1655,0.1006,0.04242,0.03945,0.03394,0.04514,0.2081,0.2079,
2.155,0.2113,0.06935,0.0494,0.03775,0.1656,0.09973,0.04257,0.03934,0.03396,0.04516,0.2082,0.2089,
