R-TfaEn,REn,RabA,RabB,RabC,RabD,RabE,RabF,RabG,RabH,RabI,TfaEn,area,bead1,cMHCIEn,exCxEn,imCxEn,membraneMarker,mvb,oMHCIEn,ovaEn,pepEn,pepMHCIEn,povaEn,protonEn,solubleMarker,volume,
1.1E-39,0.014,1900.0,4700.0,4700.0,3899999.9999999995,3500.0,3800.0,1100.0,7300.0,2700.0,0.16,3899999.9999999995,0.0,4.1E-5,0.033,0.033,0.0,500.0,8.8,0.0,0.0,0.0,0.0,1.9E7,1.0,7.4E8,
1.1E-39,0.014,1900.0,4700.0,4700.0,3899999.9999999995,3500.0,3800.0,1100.0,7300.0,2700.0,0.16,3899999.9999999995,0.0,4.4E-5,0.033,0.033,0.0,470.0,8.8,0.0,2.1E-27,2.5E-38,0.0,1.9E7,1.0,7.3E8,
1.1E-39,0.014,1900.0,4700.0,4700.0,3899999.9999999995,3500.0,3800.0,1100.0,7300.0,2700.0,0.16,3899999.9999999995,0.0,4.4E-5,0.033,0.033,0.0,460.0,8.8,0.0,1.4E-26,3.7E-37,0.0,1.9E7,1.0,7.3E8,
1.1E-39,0.014,1900.0,4700.0,4700.0,3899999.9999999995,3500.0,3800.0,1100.0,7300.0,2700.0,0.16,3899999.9999999995,0.0,4.0E-5,0.033,0.033,0.0,430.0,8.8,0.0,3.6E-26,1.2E-36,0.0,1.9E7,1.0,7.3E8,
1.1E-39,0.014,1900.0,4700.0,4700.0,3899999.9999999995,3500.0,3800.0,1100.0,7300.0,2700.0,0.16,3899999.9999999995,0.0,3.4E-5,0.033,0.033,0.0,410.0,8.8,0.0,6.699999999999999E-26,2.2E-36,0.0,2.0E7,1.0,7.3E8,
1.1E-39,0.014,1900.0,4700.0,4700.0,3899999.9999999995,3500.0,3800.0,1100.0,7300.0,2700.0,0.16,3899999.9999999995,0.0,2.9E-5,0.033,0.033,0.0,380.0,8.8,0.0,1.0999999999999999E-25,3.4E-36,0.0,2.2E7,1.0,7.3E8,
1.1E-39,0.014,1900.0,4700.0,4700.0,3899999.9999999995,3500.0,3800.0,1100.0,7300.0,2700.0,0.16,3899999.9999999995,0.0,2.4E-5,0.033,0.033,0.0,330.0,8.8,0.0,1.5E-25,4.4E-36,0.0,2.3E7,1.0,7.3E8,
1.1E-39,0.014,1900.0,4700.0,4700.0,3899999.9999999995,3500.0,3800.0,1100.0,7300.0,2700.0,0.16,3899999.9999999995,0.0,2.0E-5,0.033,0.033,0.0,310.0,8.8,0.0,2.1E-25,5.2E-36,0.0,2.5E7,1.0,7.3E8,
1.1E-39,0.014,1900.0,4700.0,4700.0,3899999.9999999995,3500.0,3800.0,1100.0,7300.0,2700.0,0.16,3899999.9999999995,0.0,1.7E-5,0.033,0.033,0.0,290.0,8.8,0.0,2.6999999999999997E-25,5.8E-36,0.0,2.6E7,1.0,7.3E8,
1.1E-39,0.014,1900.0,4700.0,4700.0,3899999.9999999995,3500.0,3800.0,1100.0,7300.0,2700.0,0.16,3899999.9999999995,0.0,1.5E-5,0.033,0.033,0.0,260.0,8.8,0.0,5.099999999999999E-25,6.700000000000001E-36,0.0,2.7E7,1.0,7.3E8,
1.1E-39,0.014,1900.0,4700.0,4700.0,3899999.9999999995,3500.0,3800.0,1100.0,7300.0,2700.0,0.16,3899999.9999999995,0.0,1.9E-5,0.033,0.033,0.0,260.0,8.7,0.0,2.1E-24,2.6E-35,0.0,2.5E7,1.0,7.2E8,
1.1E-39,0.014,1900.0,4700.0,4700.0,3899999.9999999995,3500.0,3800.0,1100.0,7300.0,2700.0,0.16,3899999.9999999995,0.0,2.1E-5,0.033,0.033,0.0,260.0,8.7,0.0,4.899999999999999E-24,8.099999999999999E-35,0.0,2.4E7,1.0,7.2E8,
1.1E-39,0.014,1900.0,4700.0,4700.0,3899999.9999999995,3500.0,3800.0,1100.0,7300.0,2700.0,0.16,3899999.9999999995,0.0,2.0E-5,0.033,0.033,0.0,260.0,8.7,0.0,8.7E-24,1.7E-34,0.0,2.4E7,1.0,7.2E8,
1.1E-39,0.014,1900.0,4700.0,4700.0,3899999.9999999995,3500.0,3800.0,1100.0,7300.0,2700.0,0.16,3899999.9999999995,0.0,1.9E-5,0.033,0.033,0.0,250.0,8.7,0.0,1.4000000000000002E-23,2.7E-34,0.0,2.5E7,1.0,7.2E8,
1.1E-39,0.014,1900.0,4700.0,4700.0,3899999.9999999995,3500.0,3800.0,1100.0,7300.0,2700.0,0.16,3899999.9999999995,0.0,1.7E-5,0.033,0.033,0.0,250.0,8.7,0.0,1.9E-23,3.7000000000000003E-34,0.0,2.6E7,1.0,7.2E8,
1.1E-39,0.014,1900.0,4700.0,4700.0,3899999.9999999995,3500.0,3800.0,1100.0,7300.0,2700.0,0.16,3899999.9999999995,0.0,1.4E-5,0.033,0.033,0.0,250.0,8.7,0.0,2.6E-23,4.6E-34,0.0,2.7E7,1.0,7.2E8,
1.1E-39,0.014,1900.0,4700.0,4700.0,3899999.9999999995,3500.0,3800.0,1100.0,7300.0,2700.0,0.16,3899999.9999999995,0.0,1.2E-5,0.033,0.033,0.0,250.0,8.7,0.0,3.4E-23,5.3000000000000005E-34,0.0,2.9E7,1.0,7.2E8,
1.1E-39,0.014,1900.0,4700.0,4700.0,3899999.9999999995,3500.0,3800.0,1100.0,7300.0,2700.0,0.16,3899999.9999999995,0.0,1.1E-5,0.033,0.033,0.0,250.0,8.7,0.0,4.2E-23,5.9E-34,0.0,3.0E7,1.0,7.2E8,
1.1E-39,0.014,1900.0,4700.0,4700.0,3899999.9999999995,3500.0,3800.0,1100.0,7300.0,2700.0,0.16,3899999.9999999995,0.0,1.2E-5,0.033,0.033,0.0,250.0,8.7,0.0,6.2E-23,7.1E-34,0.0,3.0E7,1.0,7.2E8,
1.1E-39,0.014,1900.0,4700.0,4700.0,3899999.9999999995,3500.0,3800.0,1100.0,7300.0,2700.0,0.16,3899999.9999999995,0.0,1.4E-5,0.033,0.033,0.0,250.0,8.7,0.0,9.999999999999999E-23,1.3000000000000001E-33,0.0,2.8E7,1.0,7.2E8,
1.1E-39,0.014,1900.0,4700.0,4700.0,3899999.9999999995,3500.0,3800.0,1100.0,7300.0,2700.0,0.16,3899999.9999999995,0.0,1.5E-5,0.033,0.033,0.0,240.0,8.7,0.0,1.5E-22,2.2E-33,0.0,2.7E7,1.0,7.2E8,
1.1E-39,0.014,1900.0,4700.0,4700.0,3899999.9999999995,3500.0,3800.0,1100.0,7300.0,2700.0,0.16,3899999.9999999995,0.0,1.4E-5,0.033,0.033,0.0,240.0,8.7,0.0,2.0999999999999998E-22,3.3E-33,0.0,2.8E7,1.0,7.2E8,
1.1E-39,0.014,1900.0,4700.0,4700.0,3899999.9999999995,3500.0,3800.0,1100.0,7300.0,2700.0,0.16,3899999.9999999995,0.0,1.3E-5,0.033,0.033,0.0,240.0,8.7,0.0,2.8E-22,4.3E-33,0.0,2.8E7,1.0,7.2E8,
1.1E-39,0.014,1900.0,4700.0,4700.0,3899999.9999999995,3500.0,3800.0,1100.0,7300.0,2700.0,0.16,3899999.9999999995,0.0,1.2E-5,0.033,0.033,0.0,240.0,8.7,0.0,3.4999999999999996E-22,5.1E-33,0.0,3.0E7,1.0,7.2E8,
1.1E-39,0.014,1900.0,4700.0,4700.0,3899999.9999999995,3500.0,3800.0,1100.0,7300.0,2700.0,0.16,3899999.9999999995,0.0,1.0E-5,0.033,0.033,0.0,240.0,8.7,0.0,4.399999999999999E-22,5.8E-33,0.0,3.1E7,1.0,7.2E8,
1.1E-39,0.014,1900.0,4700.0,4700.0,3899999.9999999995,3500.0,3800.0,1100.0,7300.0,2700.0,0.16,3899999.9999999995,0.0,9.0E-6,0.033,0.033,0.0,240.0,8.7,0.0,5.3E-22,6.3E-33,0.0,3.2E7,1.0,7.2E8,
1.1E-39,0.014,1900.0,4700.0,4700.0,3899999.9999999995,3500.0,3800.0,1100.0,7300.0,2700.0,0.16,3899999.9999999995,0.0,8.6E-6,0.033,0.033,0.0,240.0,8.7,0.0,6.199999999999999E-22,6.7E-33,0.0,3.3E7,1.0,7.2E8,
1.1E-39,0.014,1900.0,4700.0,4700.0,3899999.9999999995,3500.0,3800.0,1100.0,7300.0,2700.0,0.16,3899999.9999999995,0.0,1.1E-5,0.033,0.033,0.0,230.0,8.7,0.0,7.2E-22,8.8E-33,0.0,3.0E7,1.0,7.2E8,
1.1E-39,0.014,1900.0,4700.0,4700.0,3899999.9999999995,3500.0,3800.0,1100.0,7300.0,2700.0,0.16,3899999.9999999995,0.0,1.2E-5,0.033,0.033,0.0,230.0,8.7,0.0,8.399999999999999E-22,1.2E-32,0.0,2.9E7,1.0,7.2E8,
1.1E-39,0.014,1900.0,4700.0,4700.0,3899999.9999999995,3500.0,3800.0,1100.0,7300.0,2700.0,0.16,3899999.9999999995,0.0,1.3E-5,0.033,0.033,0.0,230.0,8.7,0.0,9.8E-22,1.5E-32,0.0,2.9E7,1.0,7.2E8,
1.1E-39,0.014,1900.0,4700.0,4700.0,3899999.9999999995,3500.0,3800.0,1100.0,7300.0,2700.0,0.16,3899999.9999999995,0.0,1.2E-5,0.033,0.033,0.0,230.0,8.7,0.0,1.1E-21,1.7000000000000002E-32,0.0,2.9E7,1.0,7.2E8,
1.1E-39,0.014,1900.0,4700.0,4700.0,3899999.9999999995,3500.0,3800.0,1100.0,7300.0,2700.0,0.16,3899999.9999999995,0.0,1.1E-5,0.033,0.033,0.0,230.0,8.7,0.0,1.3E-21,1.9E-32,0.0,3.0E7,1.0,7.2E8,
1.1E-39,0.014,1900.0,4700.0,4700.0,3899999.9999999995,3500.0,3800.0,1100.0,7300.0,2700.0,0.16,3899999.9999999995,0.0,9.6E-6,0.033,0.033,0.0,220.0,8.7,0.0,1.5E-21,2.0E-32,0.0,3.2E7,1.0,7.2E8,
1.1E-39,0.014,1900.0,4700.0,4700.0,3899999.9999999995,3500.0,3800.0,1100.0,7300.0,2700.0,0.16,3899999.9999999995,0.0,8.5E-6,0.033,0.033,0.0,220.0,8.7,0.0,1.7E-21,2.0E-32,0.0,3.3E7,1.0,7.2E8,
1.1E-39,0.014,1900.0,4700.0,4700.0,3899999.9999999995,3500.0,3800.0,1100.0,7300.0,2700.0,0.16,3899999.9999999995,0.0,7.4E-6,0.033,0.033,0.0,220.0,8.7,0.0,2.0E-21,2.0E-32,0.0,3.5E7,1.0,7.2E8,
1.1E-39,0.014,1900.0,4700.0,4700.0,3899999.9999999995,3500.0,3800.0,1100.0,7300.0,2700.0,0.16,3899999.9999999995,0.0,9.5E-6,0.033,0.033,0.0,220.0,8.7,0.0,2.2E-21,2.3E-32,0.0,3.2E7,1.0,7.2E8,
1.1E-39,0.014,1900.0,4700.0,4700.0,3899999.9999999995,3500.0,3800.0,1100.0,7300.0,2700.0,0.16,3899999.9999999995,0.0,1.1E-5,0.033,0.033,0.0,220.0,8.7,0.0,2.4E-21,3.1E-32,0.0,3.0E7,1.0,7.2E8,
1.1E-39,0.014,1900.0,4700.0,4700.0,3899999.9999999995,3500.0,3800.0,1100.0,7300.0,2700.0,0.16,3899999.9999999995,0.0,1.2E-5,0.033,0.033,0.0,220.0,8.7,0.0,2.6E-21,3.8E-32,0.0,3.0E7,1.0,7.2E8,
1.1E-39,0.014,1900.0,4700.0,4700.0,3899999.9999999995,3500.0,3800.0,1100.0,7300.0,2700.0,0.16,3899999.9999999995,0.0,1.1E-5,0.033,0.033,0.0,220.0,8.7,0.0,2.9E-21,4.3000000000000004E-32,0.0,3.0E7,1.0,7.2E8,
1.1E-39,0.014,1900.0,4700.0,4700.0,3899999.9999999995,3500.0,3800.0,1100.0,7300.0,2700.0,0.16,3899999.9999999995,0.0,1.0E-5,0.033,0.033,0.0,210.0,8.7,0.0,3.2E-21,4.5E-32,0.0,3.1E7,1.0,7.2E8,
1.1E-39,0.014,1900.0,4700.0,4700.0,3899999.9999999995,3500.0,3800.0,1100.0,7300.0,2700.0,0.16,3899999.9999999995,0.0,9.4E-6,0.033,0.033,0.0,210.0,8.7,0.0,3.6E-21,4.6E-32,0.0,3.2E7,1.0,7.2E8,
1.1E-39,0.014,1900.0,4700.0,4700.0,3899999.9999999995,3500.0,3800.0,1100.0,7300.0,2700.0,0.16,3899999.9999999995,0.0,8.4E-6,0.033,0.033,0.0,210.0,8.7,0.0,4.0E-21,4.6E-32,0.0,3.3E7,1.0,7.2E8,
1.1E-39,0.014,1900.0,4700.0,4700.0,3899999.9999999995,3500.0,3800.0,1100.0,7300.0,2700.0,0.16,3899999.9999999995,0.0,7.4E-6,0.033,0.033,0.0,210.0,8.7,0.0,4.4E-21,4.6E-32,0.0,3.5E7,1.0,7.2E8,
1.1E-39,0.014,1900.0,4700.0,4700.0,3899999.9999999995,3500.0,3800.0,1100.0,7300.0,2700.0,0.16,3899999.9999999995,0.0,8.3E-6,0.033,0.033,0.0,210.0,8.7,0.0,4.7E-21,4.7E-32,0.0,3.3E7,1.0,7.2E8,
1.1E-39,0.014,1900.0,4700.0,4700.0,3899999.9999999995,3500.0,3800.0,1100.0,7300.0,2700.0,0.16,3899999.9999999995,0.0,1.0E-5,0.033,0.033,0.0,210.0,8.7,0.0,5.0E-21,6.0E-32,0.0,3.1E7,1.0,7.2E8,
1.1E-39,0.014,1900.0,4700.0,4700.0,3799999.9999999995,3500.0,3800.0,1100.0,7300.0,2700.0,0.16,3899999.9999999995,0.0,1.2E-5,0.033,0.033,0.0,210.0,8.7,0.0,5.3E-21,7.4E-32,0.0,2.9E7,1.0,7.1E8,
1.1E-39,0.014,1900.0,4700.0,4700.0,3799999.9999999995,3500.0,3800.0,1100.0,7300.0,2700.0,0.16,3899999.9999999995,0.0,1.5E-5,0.033,0.033,0.0,210.0,8.7,0.0,5.7E-21,9.7E-32,0.0,2.7E7,1.0,7.1E8,
2.7999999999999998E-39,0.06,2000.0,54000.0,3400.0,4900000.0,3500.0,3800.0,1100.0,7300.0,2700.0,0.16,4900000.0,0.0,2.4E-5,0.066,0.066,0.0,410.0,12.0,1.3E-9,1.6E-20,4.2E-26,0.0,2.6E7,1.0,7.4E8,
5.3E-40,0.011,2000.0,4200.0,3400.0,4400000.0,3500.0,3800.0,1100.0,7300.0,2700.0,0.16,4400000.0,0.0,2.5E-5,0.038,0.038,0.0,410.0,11.0,1.8E-10,1.7E-20,5.4000000000000005E-27,0.0,2.5E7,1.0,7.3E8,
5.2E-40,0.011,2000.0,4200.0,3400.0,4099999.9999999995,3500.0,3800.0,1100.0,7300.0,2700.0,0.16,4099999.9999999995,0.0,2.7E-5,0.036,0.036,0.0,410.0,10.0,9.2E-12,1.7E-20,2.9E-27,0.0,2.4E7,1.0,7.3E8,
5.1E-40,0.011,2000.0,4200.0,3400.0,3899999.9999999995,3500.0,3800.0,1100.0,7300.0,2700.0,0.16,3899999.9999999995,0.0,3.0E-5,0.035,0.035,0.0,400.0,10.0,1.7E-13,1.7E-20,1.3E-27,0.0,2.2E7,1.0,7.3E8,
5.1E-40,0.011,2000.0,4200.0,3400.0,3899999.9999999995,3500.0,3800.0,1100.0,7300.0,2700.0,0.16,3899999.9999999995,0.0,3.2E-5,0.035,0.035,0.0,400.0,10.0,4.5E-16,1.7E-20,3.9000000000000004E-28,0.0,2.2E7,1.0,7.3E8,
5.1E-40,0.011,2000.0,4200.0,3400.0,3899999.9999999995,3500.0,3800.0,1100.0,7300.0,2700.0,0.16,3899999.9999999995,0.0,3.2E-5,0.035,0.035,0.0,400.0,10.0,1.2E-18,1.8E-20,1.2E-28,0.0,2.2E7,1.0,7.3E8,
5.1E-40,0.011,2000.0,4200.0,3400.0,3899999.9999999995,3500.0,3800.0,1100.0,7300.0,2700.0,0.16,3899999.9999999995,0.0,2.8E-5,0.035,0.035,0.0,400.0,10.0,3.0E-21,1.9E-20,3.6E-29,0.0,2.3E7,1.0,7.3E8,
5.1E-40,0.011,2000.0,4200.0,3400.0,3899999.9999999995,3500.0,3800.0,1100.0,7300.0,2700.0,0.16,3899999.9999999995,0.0,2.5E-5,0.035,0.035,0.0,400.0,10.0,7.8E-24,1.9E-20,1.1E-29,0.0,2.4E7,1.0,7.3E8,
5.1E-40,0.011,2000.0,4200.0,3400.0,3899999.9999999995,3500.0,3800.0,1100.0,7300.0,2700.0,0.16,3899999.9999999995,0.0,2.1E-5,0.035,0.035,0.0,390.0,10.0,2.7E-26,2.0E-20,3.8E-30,0.0,2.5E7,1.0,7.3E8,
5.1E-40,0.011,2000.0,4200.0,3400.0,3899999.9999999995,3500.0,3800.0,1100.0,7300.0,2700.0,0.16,3899999.9999999995,0.0,1.8E-5,0.035,0.035,0.0,380.0,10.0,7.1E-29,2.1E-20,1.5000000000000001E-30,0.0,2.7E7,1.0,7.3E8,
5.1E-40,0.011,2000.0,4200.0,3400.0,3899999.9999999995,3500.0,3800.0,1100.0,7300.0,2700.0,0.16,3899999.9999999995,0.0,1.5E-5,0.035,0.035,0.0,380.0,10.0,2.1E-31,2.2E-20,7.999999999999999E-31,0.0,2.9E7,1.0,7.3E8,
5.1E-40,0.011,2000.0,4200.0,3400.0,3899999.9999999995,3500.0,3800.0,1100.0,7300.0,2700.0,0.16,3899999.9999999995,0.0,1.4E-5,0.035,0.035,0.0,370.0,10.0,2.6000000000000003E-33,2.3E-20,5.399999999999999E-31,0.0,2.9E7,1.0,7.3E8,
5.1E-40,0.011,2000.0,4200.0,3400.0,3899999.9999999995,3500.0,3800.0,1100.0,7300.0,2700.0,0.16,3899999.9999999995,0.0,1.8E-5,0.035,0.035,0.0,370.0,10.0,6.8E-36,2.3E-20,5.3E-31,0.0,2.7E7,1.0,7.3E8,
5.1E-40,0.011,2000.0,4200.0,3400.0,3899999.9999999995,3500.0,3800.0,1100.0,7300.0,2700.0,0.16,3899999.9999999995,0.0,1.9E-5,0.035,0.035,0.0,370.0,10.0,1.8E-38,2.4E-20,5.8999999999999994E-31,0.0,2.6E7,1.0,7.3E8,
5.1E-40,0.011,2000.0,4200.0,3400.0,3899999.9999999995,3500.0,3800.0,1100.0,7300.0,2700.0,0.16,3899999.9999999995,0.0,1.9E-5,0.035,0.035,0.0,370.0,10.0,4.4999999999999996E-41,2.5E-20,6.299999999999999E-31,0.0,2.7E7,1.0,7.3E8,
5.2E-40,0.0097,4200.0,5000.0,1500.0,4800000.0,3500.0,3800.0,1100.0,7300.0,2700.0,0.16,4900000.0,0.0,1.9E-5,0.045,0.045,0.0,390.0,8.8,3.7E-11,1.3E-19,3.4E-26,0.0,2.6E7,1.0,7.4E8,
5.1E-40,0.0096,4200.0,5000.0,1500.0,4800000.0,3500.0,3800.0,1100.0,7300.0,2700.0,0.16,4800000.0,0.0,2.2E-5,0.044,0.044,0.0,390.0,8.7,6.9E-13,1.3E-19,1.5E-26,0.0,2.4E7,1.0,7.4E8,
4.9E-40,0.0092,4200.0,5000.0,1500.0,4300000.0,3500.0,3800.0,1100.0,7300.0,2700.0,0.16,4300000.0,0.0,2.3E-5,0.042,0.042,0.0,390.0,8.0,3.5E-14,1.3E-19,7.9E-27,0.0,2.3E7,1.0,7.3E8,
4.8E-40,0.0089,4100.0,5000.0,1500.0,3899999.9999999995,3500.0,3800.0,1100.0,7300.0,2700.0,0.15,3999999.9999999995,0.0,2.4E-5,0.04,0.04,0.0,390.0,7.5,1.7E-15,1.3E-19,4.2E-27,0.0,2.2E7,1.0,7.3E8,
4.7E-40,0.0088,4100.0,5000.0,1500.0,3899999.9999999995,3500.0,3800.0,1100.0,7200.0,2700.0,0.15,3899999.9999999995,0.0,2.7E-5,0.04,0.04,0.0,390.0,7.5,1.2E-17,1.3E-19,1.5E-27,0.0,2.1E7,1.0,7.3E8,
4.7E-40,0.0088,4100.0,5000.0,1500.0,3899999.9999999995,3500.0,3800.0,1100.0,7200.0,2700.0,0.15,3899999.9999999995,0.0,2.7E-5,0.04,0.04,0.0,380.0,7.5,3.2E-20,1.3E-19,4.7000000000000005E-28,0.0,2.1E7,1.0,7.3E8,
4.7E-40,0.0088,4100.0,5000.0,1500.0,3899999.9999999995,3500.0,3800.0,1100.0,7200.0,2700.0,0.15,3899999.9999999995,0.0,2.5E-5,0.04,0.04,0.0,380.0,7.5,8.2E-23,1.3E-19,1.4000000000000001E-28,0.0,2.1E7,1.0,7.3E8,
4.7E-40,0.0088,4100.0,5000.0,1500.0,3899999.9999999995,3500.0,3800.0,1100.0,7200.0,2700.0,0.15,3899999.9999999995,0.0,2.2E-5,0.04,0.04,0.0,370.0,7.5,2.1E-25,1.4E-19,4.7E-29,0.0,2.3E7,1.0,7.3E8,
4.7E-40,0.0088,4100.0,5000.0,1500.0,3899999.9999999995,3500.0,3800.0,1100.0,7200.0,2700.0,0.15,3899999.9999999995,0.0,1.9E-5,0.04,0.04,0.0,370.0,7.5,6.5E-28,1.4E-19,1.7E-29,0.0,2.4E7,1.0,7.3E8,
4.7E-40,0.0088,4100.0,5000.0,1500.0,3899999.9999999995,3500.0,3800.0,1100.0,7200.0,2700.0,0.15,3899999.9999999995,0.0,1.6E-5,0.04,0.04,0.0,370.0,7.5,1.4000000000000001E-30,1.4E-19,7.3E-30,0.0,2.5E7,1.0,7.3E8,
4.7E-40,0.0088,4100.0,5000.0,1500.0,3899999.9999999995,3500.0,3800.0,1100.0,7200.0,2700.0,0.15,3899999.9999999995,0.0,1.4E-5,0.04,0.04,0.0,370.0,7.5,0.0,1.4E-19,4.2E-30,0.0,2.7E7,1.0,7.3E8,
4.7E-40,0.0088,4100.0,5000.0,1500.0,3899999.9999999995,3500.0,3800.0,1100.0,7200.0,2700.0,0.15,3899999.9999999995,0.0,1.2E-5,0.04,0.04,0.0,370.0,7.5,0.0,1.4E-19,2.9000000000000002E-30,0.0,2.8E7,1.0,7.3E8,
4.7E-40,0.0088,4100.0,5000.0,1500.0,3899999.9999999995,3500.0,3800.0,1100.0,7200.0,2700.0,0.15,3899999.9999999995,0.0,1.2E-5,0.04,0.04,0.0,370.0,7.5,9.2E-35,1.4E-19,2.5000000000000002E-30,0.0,2.8E7,1.0,7.3E8,
4.7E-40,0.0088,4100.0,5000.0,1500.0,3899999.9999999995,3500.0,3800.0,1100.0,7200.0,2700.0,0.15,3899999.9999999995,0.0,1.4E-5,0.04,0.04,0.0,370.0,7.5,2.4E-37,1.5E-19,2.7000000000000002E-30,0.0,2.6E7,1.0,7.3E8,
4.7E-40,0.0088,4100.0,5000.0,1500.0,3899999.9999999995,3500.0,3800.0,1100.0,7200.0,2700.0,0.15,3899999.9999999995,0.0,1.5E-5,0.04,0.04,0.0,370.0,7.5,6.1E-40,1.5E-19,2.9000000000000002E-30,0.0,2.6E7,1.0,7.3E8,
4.7E-40,0.0088,4100.0,5000.0,1500.0,3899999.9999999995,3500.0,3800.0,1100.0,7200.0,2700.0,0.15,3899999.9999999995,0.0,1.4E-5,0.04,0.04,0.0,370.0,7.5,1.6E-42,1.5E-19,2.9000000000000002E-30,0.0,2.6E7,1.0,7.3E8,
4.7E-40,0.0088,4100.0,5000.0,1500.0,3899999.9999999995,3500.0,3800.0,1100.0,7200.0,2700.0,0.15,3899999.9999999995,0.0,1.3E-5,0.04,0.04,0.0,360.0,7.5,4.4E-45,1.5E-19,2.8000000000000002E-30,0.0,2.7E7,1.0,7.3E8,
4.7E-40,0.0088,4100.0,5000.0,1500.0,3899999.9999999995,3500.0,3800.0,1100.0,7200.0,2700.0,0.15,3899999.9999999995,0.0,1.1E-5,0.04,0.04,0.0,350.0,7.5,8.9E-47,1.5E-19,2.6000000000000002E-30,0.0,2.9E7,1.0,7.3E8,
4.7E-40,0.0088,4100.0,5000.0,1500.0,3899999.9999999995,3500.0,3800.0,1100.0,7200.0,2700.0,0.15,3899999.9999999995,0.0,9.9E-6,0.04,0.04,0.0,350.0,7.5,0.0,1.6E-19,2.3000000000000002E-30,0.0,3.0E7,1.0,7.3E8,
4.7E-40,0.0088,4100.0,5000.0,1500.0,3899999.9999999995,3500.0,3800.0,1100.0,7200.0,2700.0,0.15,3899999.9999999995,0.0,8.6E-6,0.04,0.04,0.0,350.0,7.5,0.0,1.6E-19,2.1E-30,0.0,3.2E7,1.0,7.3E8,
4.7E-40,0.0088,4100.0,5000.0,1500.0,3899999.9999999995,3500.0,3800.0,1100.0,7200.0,2700.0,0.15,3899999.9999999995,0.0,8.1E-6,0.04,0.04,0.0,350.0,7.5,0.0,1.6E-19,1.8E-30,0.0,3.2E7,1.0,7.3E8,
4.7E-40,0.0088,4100.0,5000.0,1500.0,3899999.9999999995,3500.0,3800.0,1100.0,7200.0,2700.0,0.15,3899999.9999999995,0.0,1.0E-5,0.04,0.04,0.0,350.0,7.5,0.0,1.6E-19,2.0E-30,0.0,3.0E7,1.0,7.3E8,
4.7E-40,0.0088,4100.0,5000.0,1500.0,3899999.9999999995,3500.0,3800.0,1100.0,7200.0,2700.0,0.15,3899999.9999999995,0.0,1.2E-5,0.04,0.04,0.0,340.0,7.5,0.0,1.6E-19,2.4000000000000002E-30,0.0,2.8E7,1.0,7.3E8,
4.7E-40,0.0088,4100.0,5000.0,1500.0,3899999.9999999995,3500.0,3800.0,1100.0,7200.0,2700.0,0.15,3899999.9999999995,0.0,1.2E-5,0.04,0.04,0.0,330.0,7.5,0.0,1.7E-19,2.5000000000000002E-30,0.0,2.8E7,1.0,7.3E8,
4.7E-40,0.0088,4100.0,5000.0,1500.0,3899999.9999999995,3500.0,3800.0,1100.0,7200.0,2700.0,0.15,3899999.9999999995,0.0,1.1E-5,0.04,0.04,0.0,330.0,7.5,0.0,1.7E-19,2.6000000000000002E-30,0.0,2.9E7,1.0,7.3E8,
4.7E-40,0.0088,4100.0,5000.0,1500.0,3899999.9999999995,3500.0,3800.0,1100.0,7200.0,2700.0,0.15,3899999.9999999995,0.0,9.8E-6,0.04,0.04,0.0,330.0,7.5,0.0,1.7E-19,2.4000000000000002E-30,0.0,3.0E7,1.0,7.3E8,
4.7E-40,0.0088,4100.0,5000.0,1500.0,3899999.9999999995,3500.0,3800.0,1100.0,7200.0,2700.0,0.15,3899999.9999999995,0.0,8.7E-6,0.04,0.04,0.0,330.0,7.5,0.0,1.7E-19,2.2000000000000002E-30,0.0,3.2E7,1.0,7.3E8,
4.7E-40,0.0088,4100.0,5000.0,1500.0,3899999.9999999995,3500.0,3800.0,1100.0,7200.0,2700.0,0.15,3899999.9999999995,0.0,7.6E-6,0.04,0.04,0.0,330.0,7.5,0.0,1.8E-19,2.0E-30,0.0,3.3E7,1.0,7.3E8,
4.7E-40,0.0088,4100.0,5000.0,1500.0,3899999.9999999995,3500.0,3800.0,1100.0,7200.0,2700.0,0.15,3899999.9999999995,0.0,6.7E-6,0.04,0.04,0.0,330.0,7.5,0.0,1.8E-19,1.8E-30,0.0,3.5E7,1.0,7.3E8,
4.7E-40,0.0088,4100.0,5000.0,1500.0,3899999.9999999995,3500.0,3800.0,1100.0,7200.0,2700.0,0.15,3899999.9999999995,0.0,8.5E-6,0.04,0.04,0.0,330.0,7.5,0.0,1.8E-19,1.9E-30,0.0,3.2E7,1.0,7.3E8,
4.7E-40,0.0088,4100.0,5000.0,1500.0,3899999.9999999995,3500.0,3800.0,1100.0,7200.0,2700.0,0.15,3899999.9999999995,0.0,1.0E-5,0.04,0.04,0.0,330.0,7.5,0.0,1.8E-19,2.2000000000000002E-30,0.0,3.0E7,1.0,7.3E8,
4.7E-40,0.0088,4100.0,5000.0,1500.0,3899999.9999999995,3500.0,3800.0,1100.0,7200.0,2700.0,0.15,3899999.9999999995,0.0,1.0E-5,0.04,0.04,0.0,330.0,7.5,0.0,1.9E-19,2.5000000000000002E-30,0.0,3.0E7,1.0,7.3E8,
4.7E-40,0.0088,4100.0,5000.0,1500.0,3899999.9999999995,3500.0,3800.0,1100.0,7200.0,2700.0,0.15,3899999.9999999995,0.0,1.0E-5,0.04,0.04,0.0,320.0,7.5,0.0,1.9E-19,2.6000000000000002E-30,0.0,3.0E7,1.0,7.3E8,
4.7E-40,0.0088,4100.0,5000.0,1500.0,3899999.9999999995,3500.0,3800.0,1100.0,7200.0,2700.0,0.15,3899999.9999999995,0.0,9.2E-6,0.04,0.04,0.0,320.0,7.5,0.0,1.9E-19,2.5000000000000002E-30,0.0,3.1E7,1.0,7.3E8,
4.7E-40,0.0088,4100.0,5000.0,1500.0,3899999.9999999995,3500.0,3800.0,1100.0,7200.0,2700.0,0.15,3899999.9999999995,0.0,8.3E-6,0.04,0.04,0.0,320.0,7.5,0.0,2.0E-19,2.4000000000000002E-30,0.0,3.2E7,1.0,7.3E8,
4.7E-40,0.0088,4100.0,5000.0,1500.0,3899999.9999999995,3500.0,3800.0,1100.0,7200.0,2700.0,0.15,3899999.9999999995,0.0,7.3E-6,0.04,0.04,0.0,320.0,7.5,0.0,2.0E-19,2.2000000000000002E-30,0.0,3.4E7,1.0,7.3E8,
4.7E-40,0.0088,4100.0,5000.0,1500.0,3899999.9999999995,3500.0,3800.0,1100.0,7200.0,2700.0,0.15,3899999.9999999995,0.0,6.5E-6,0.04,0.04,0.0,320.0,7.5,0.0,2.0E-19,2.0E-30,0.0,3.5E7,1.0,7.3E8,
4.7E-40,0.0088,4100.0,5000.0,1500.0,3899999.9999999995,3500.0,3800.0,1100.0,7200.0,2700.0,0.15,3899999.9999999995,0.0,7.2E-6,0.04,0.04,0.0,310.0,7.5,0.0,2.1E-19,1.9E-30,0.0,3.4E7,1.0,7.3E8,
4.7E-40,0.0088,4100.0,5000.0,1500.0,3899999.9999999995,3500.0,3800.0,1100.0,7200.0,2700.0,0.15,3899999.9999999995,0.0,9.0E-6,0.04,0.04,0.0,310.0,7.5,0.0,2.1E-19,2.2000000000000002E-30,0.0,3.1E7,1.0,7.3E8,
4.7E-40,0.0088,4100.0,5000.0,1500.0,3899999.9999999995,3500.0,3800.0,1100.0,7200.0,2700.0,0.15,3899999.9999999995,0.0,9.8E-6,0.04,0.04,0.0,310.0,7.5,0.0,2.1E-19,2.6000000000000002E-30,0.0,3.0E7,1.0,7.3E8,
4.7E-40,0.0088,4100.0,5000.0,1500.0,3899999.9999999995,3500.0,3800.0,1100.0,7200.0,2700.0,0.15,3899999.9999999995,0.0,1.0E-5,0.039,0.039,0.0,300.0,7.5,0.0,2.1E-19,2.8000000000000002E-30,0.0,3.0E7,1.0,7.2E8,
4.7E-40,0.0088,4100.0,5000.0,1500.0,3899999.9999999995,3500.0,3800.0,1100.0,7200.0,2700.0,0.15,3899999.9999999995,0.0,1.3E-5,0.039,0.039,0.0,300.0,7.5,0.0,2.2E-19,3.3E-30,0.0,2.7E7,1.0,7.2E8,
4.7E-40,0.0088,4100.0,5000.0,1500.0,3899999.9999999995,3500.0,3800.0,1100.0,7200.0,2700.0,0.15,3899999.9999999995,0.0,1.4E-5,0.039,0.039,0.0,300.0,7.5,0.0,2.2E-19,3.8E-30,0.0,2.7E7,1.0,7.2E8,
4.7E-40,0.0088,4100.0,5000.0,1500.0,3899999.9999999995,3500.0,3800.0,1100.0,7200.0,2700.0,0.15,3899999.9999999995,0.0,1.3E-5,0.039,0.039,0.0,300.0,7.5,0.0,2.2E-19,4.1E-30,0.0,2.7E7,1.0,7.2E8,
4.7E-40,0.0088,4100.0,5000.0,1500.0,3899999.9999999995,3500.0,3800.0,1100.0,7200.0,2700.0,0.15,3899999.9999999995,0.0,1.2E-5,0.039,0.039,0.0,290.0,7.5,0.0,2.3E-19,4.0E-30,0.0,2.7E7,1.0,7.2E8,
4.7E-40,0.0088,4100.0,5000.0,1500.0,3899999.9999999995,3500.0,3800.0,1100.0,7200.0,2700.0,0.15,3899999.9999999995,0.0,1.1E-5,0.039,0.039,0.0,290.0,7.5,0.0,2.3E-19,3.8E-30,0.0,2.9E7,1.0,7.2E8,
4.7E-40,0.0088,4100.0,5000.0,1500.0,3899999.9999999995,3500.0,3800.0,1100.0,7200.0,2700.0,0.15,3899999.9999999995,0.0,9.7E-6,0.039,0.039,0.0,290.0,7.5,0.0,2.4E-19,3.5E-30,0.0,3.0E7,1.0,7.2E8,
4.7E-40,0.0088,4100.0,5000.0,1500.0,3899999.9999999995,3500.0,3800.0,1100.0,7200.0,2700.0,0.15,3899999.9999999995,0.0,8.5E-6,0.039,0.039,0.0,280.0,7.5,0.0,2.4E-19,3.1000000000000003E-30,0.0,3.1E7,1.0,7.2E8,
4.7E-40,0.0088,4100.0,5000.0,1500.0,3899999.9999999995,3500.0,3800.0,1100.0,7200.0,2700.0,0.15,3899999.9999999995,0.0,7.4E-6,0.039,0.039,0.0,280.0,7.5,0.0,2.5E-19,2.8000000000000002E-30,0.0,3.3E7,1.0,7.2E8,
4.7E-40,0.0088,4100.0,5000.0,1500.0,3899999.9999999995,3500.0,3800.0,1100.0,7200.0,2700.0,0.15,3899999.9999999995,0.0,9.3E-6,0.039,0.039,0.0,280.0,7.5,0.0,2.5E-19,2.8000000000000002E-30,0.0,3.0E7,1.0,7.2E8,
4.7E-40,0.0088,4100.0,5000.0,1500.0,3899999.9999999995,3500.0,3800.0,1100.0,7200.0,2700.0,0.15,3899999.9999999995,0.0,1.1E-5,0.039,0.039,0.0,280.0,7.5,0.0,2.5E-19,3.4E-30,0.0,2.9E7,1.0,7.2E8,
4.7E-40,0.0088,4100.0,5000.0,1500.0,3899999.9999999995,3500.0,3800.0,1100.0,7200.0,2700.0,0.15,3899999.9999999995,0.0,1.1E-5,0.039,0.039,0.0,280.0,7.5,0.0,2.6E-19,3.8E-30,0.0,2.8E7,1.0,7.2E8,
4.7E-40,0.0088,4100.0,5000.0,1500.0,3899999.9999999995,3500.0,3800.0,1100.0,7200.0,2700.0,0.15,3899999.9999999995,0.0,1.1E-5,0.039,0.039,0.0,280.0,7.5,0.0,2.6E-19,3.9E-30,0.0,2.9E7,1.0,7.2E8,
4.7E-40,0.0088,4100.0,5000.0,1500.0,3899999.9999999995,3500.0,3800.0,1100.0,7200.0,2700.0,0.15,3899999.9999999995,0.0,9.8E-6,0.039,0.039,0.0,280.0,7.5,0.0,2.7E-19,3.8E-30,0.0,3.0E7,1.0,7.2E8,
4.7E-40,0.0088,4100.0,5000.0,1500.0,3899999.9999999995,3500.0,3800.0,1100.0,7200.0,2700.0,0.15,3899999.9999999995,0.0,8.7E-6,0.039,0.039,0.0,270.0,7.5,0.0,2.7E-19,3.5E-30,0.0,3.1E7,1.0,7.2E8,
4.7E-40,0.0088,4100.0,5000.0,1500.0,3899999.9999999995,3500.0,3800.0,1100.0,7200.0,2700.0,0.15,3899999.9999999995,0.0,7.7E-6,0.039,0.039,0.0,270.0,7.5,0.0,2.8E-19,3.2E-30,0.0,3.3E7,1.0,7.2E8,
4.7E-40,0.0088,4100.0,5000.0,1500.0,3899999.9999999995,3500.0,3800.0,1100.0,7200.0,2700.0,0.15,3899999.9999999995,0.0,6.8E-6,0.039,0.039,0.0,270.0,7.5,0.0,2.9E-19,2.9000000000000002E-30,0.0,3.4E7,1.0,7.2E8,
3.1E-40,0.01,32000.0,3000.0,6100.0,5400000.0,6600.0,10000.0,2400.0,7200.0,2700.0,0.16,5500000.0,0.0,1.1E-5,0.048,0.048,0.0,430.0,11.0,2.5E-8,8.9E-19,3.1999999999999997E-25,0.0,3.4E7,1.0,7.5E8,
2.9999999999999998E-40,0.01,1700.0,3000.0,6100.0,5200000.0,6600.0,2700.0,2400.0,7200.0,2700.0,0.16,5200000.0,0.0,1.2E-5,0.046,0.046,0.0,430.0,11.0,3.4E-9,8.9E-19,2.1E-25,0.0,3.3E7,1.0,7.5E8,
2.9999999999999998E-40,0.01,1700.0,3000.0,6100.0,5000000.0,6600.0,2700.0,2400.0,7200.0,2700.0,0.16,5100000.0,0.0,1.5E-5,0.046,0.046,0.0,430.0,11.0,6.4E-11,8.9E-19,9.4E-26,0.0,3.0E7,1.0,7.5E8,
2.9E-40,0.0097,1700.0,2900.0,6100.0,4500000.0,6600.0,2700.0,2400.0,7200.0,2600.0,0.15,4500000.0,0.0,1.6E-5,0.042,0.042,0.0,430.0,10.0,8.7E-12,8.8E-19,6.1E-26,0.0,2.9E7,1.0,7.4E8,
2.7E-40,0.0093,1700.0,2900.0,6100.0,3899999.9999999995,6600.0,2700.0,2400.0,7200.0,2600.0,0.15,3999999.9999999995,0.0,1.7E-5,0.039,0.039,0.0,430.0,9.7,1.2E-12,8.7E-19,3.9E-26,0.0,2.8E7,1.0,7.4E8,
2.7E-40,0.0093,1700.0,2900.0,6100.0,3899999.9999999995,6600.0,2700.0,2400.0,7200.0,2600.0,0.15,3999999.9999999995,0.0,2.1E-5,0.039,0.039,0.0,430.0,9.7,3.1E-15,8.8E-19,1.2E-26,0.0,2.6E7,1.0,7.4E8,
2.7E-40,0.0093,1700.0,2900.0,6100.0,3899999.9999999995,6600.0,2700.0,2400.0,7200.0,2600.0,0.15,3999999.9999999995,0.0,2.2E-5,0.039,0.039,0.0,430.0,9.7,8.1E-18,8.9E-19,3.5E-27,0.0,2.5E7,1.0,7.4E8,
2.7E-40,0.0093,1700.0,2900.0,6100.0,3899999.9999999995,6600.0,2700.0,2400.0,7200.0,2600.0,0.15,3999999.9999999995,0.0,2.2E-5,0.039,0.039,0.0,420.0,9.7,2.1E-20,8.9E-19,1.1000000000000001E-27,0.0,2.5E7,1.0,7.4E8,
2.7E-40,0.0093,1700.0,2900.0,6100.0,3899999.9999999995,6600.0,2700.0,2400.0,7200.0,2600.0,0.15,3999999.9999999995,0.0,2.0E-5,0.039,0.039,0.0,420.0,9.7,5.5E-23,9.0E-19,3.4000000000000005E-28,0.0,2.6E7,1.0,7.4E8,
2.7E-40,0.0093,1700.0,2900.0,6100.0,3899999.9999999995,6600.0,2700.0,2400.0,7200.0,2600.0,0.15,3999999.9999999995,0.0,1.7E-5,0.039,0.039,0.0,420.0,9.7,1.5E-25,9.1E-19,1.2E-28,0.0,2.7E7,1.0,7.4E8,
2.7E-40,0.0093,1700.0,2900.0,6100.0,3899999.9999999995,6600.0,2700.0,2400.0,7200.0,2600.0,0.15,3999999.9999999995,0.0,1.5E-5,0.039,0.039,0.0,420.0,9.7,4.9E-28,9.1E-19,5.0E-29,0.0,2.9E7,1.0,7.4E8,
2.7E-40,0.0093,1700.0,2900.0,6100.0,3899999.9999999995,6600.0,2700.0,2400.0,7200.0,2600.0,0.15,3999999.9999999995,0.0,1.3E-5,0.039,0.039,0.0,420.0,9.7,1.0000000000000001E-28,9.2E-19,2.7E-29,0.0,3.0E7,1.0,7.4E8,
2.7E-40,0.0093,1700.0,2900.0,6100.0,3899999.9999999995,6600.0,2700.0,2400.0,7200.0,2600.0,0.15,3999999.9999999995,0.0,1.1E-5,0.039,0.039,0.0,420.0,9.7,1.8E-30,9.3E-19,1.9E-29,0.0,3.2E7,1.0,7.4E8,
2.7E-40,0.0093,1700.0,2900.0,6100.0,3899999.9999999995,6600.0,2700.0,2400.0,7200.0,2600.0,0.15,3999999.9999999995,0.0,1.3E-5,0.039,0.039,0.0,420.0,9.7,0.0,9.4E-19,1.5999999999999999E-29,0.0,3.0E7,1.0,7.4E8,
2.7E-40,0.0093,1700.0,2900.0,6100.0,3899999.9999999995,6600.0,2700.0,2400.0,7200.0,2600.0,0.15,3999999.9999999995,0.0,1.5E-5,0.039,0.039,0.0,420.0,9.7,0.0,9.4E-19,1.8E-29,0.0,2.8E7,1.0,7.4E8,
2.7E-40,0.0093,1700.0,2900.0,6100.0,3899999.9999999995,6600.0,2700.0,2400.0,7200.0,2600.0,0.15,3999999.9999999995,0.0,1.6E-5,0.039,0.039,0.0,420.0,9.7,0.0,9.5E-19,2.0E-29,0.0,2.8E7,1.0,7.4E8,
2.7E-40,0.0093,1700.0,2900.0,6100.0,3899999.9999999995,6600.0,2700.0,2400.0,7200.0,2600.0,0.15,3999999.9999999995,0.0,1.5E-5,0.039,0.039,0.0,410.0,9.7,0.0,9.6E-19,2.0E-29,0.0,2.9E7,1.0,7.4E8,
2.7E-40,0.0093,1700.0,2900.0,6100.0,3899999.9999999995,6600.0,2700.0,2400.0,7200.0,2600.0,0.15,3999999.9999999995,0.0,1.4E-5,0.039,0.039,0.0,410.0,9.7,0.0,9.7E-19,1.9E-29,0.0,2.9E7,1.0,7.4E8,
2.7E-40,0.0093,1700.0,2900.0,6100.0,3899999.9999999995,6600.0,2700.0,2400.0,7200.0,2600.0,0.15,3999999.9999999995,0.0,1.3E-5,0.039,0.039,0.0,410.0,9.7,0.0,9.8E-19,1.8E-29,0.0,3.1E7,1.0,7.4E8,
2.7E-40,0.0093,1700.0,2900.0,6100.0,3899999.9999999995,6600.0,2700.0,2400.0,7200.0,2600.0,0.15,3999999.9999999995,0.0,1.1E-5,0.039,0.039,0.0,410.0,9.7,0.0,9.9E-19,1.5999999999999999E-29,0.0,3.2E7,1.0,7.4E8,
2.7E-40,0.0093,1700.0,2900.0,6100.0,3899999.9999999995,6600.0,2700.0,2400.0,7200.0,2600.0,0.15,3999999.9999999995,0.0,9.7E-6,0.039,0.039,0.0,410.0,9.7,0.0,1.0E-18,1.3999999999999998E-29,0.0,3.4E7,1.0,7.4E8,
2.7E-40,0.0093,1700.0,2900.0,6100.0,3899999.9999999995,6600.0,2700.0,2400.0,7200.0,2600.0,0.15,3999999.9999999995,0.0,1.0E-5,0.039,0.039,0.0,410.0,9.7,0.0,1.0E-18,1.3E-29,0.0,3.3E7,1.0,7.4E8,
2.7E-40,0.0093,1700.0,2900.0,6100.0,3899999.9999999995,6600.0,2700.0,2400.0,7200.0,2600.0,0.15,3999999.9999999995,0.0,1.3E-5,0.039,0.039,0.0,410.0,9.7,0.0,1.0E-18,1.4999999999999998E-29,0.0,3.1E7,1.0,7.4E8,
2.7E-40,0.0093,1700.0,2900.0,6100.0,3899999.9999999995,6600.0,2700.0,2400.0,7200.0,2600.0,0.15,3999999.9999999995,0.0,1.4E-5,0.039,0.039,0.0,410.0,9.7,0.0,1.0E-18,1.8E-29,0.0,3.0E7,1.0,7.4E8,
2.7E-40,0.0093,1700.0,2900.0,6100.0,3899999.9999999995,6600.0,2700.0,2400.0,7200.0,2600.0,0.15,3999999.9999999995,0.0,1.4E-5,0.039,0.039,0.0,410.0,9.7,0.0,1.0E-18,1.9E-29,0.0,3.0E7,1.0,7.4E8,
2.7E-40,0.0093,1700.0,2900.0,6100.0,3899999.9999999995,6600.0,2700.0,2400.0,7200.0,2600.0,0.15,3899999.9999999995,0.0,1.3E-5,0.039,0.039,0.0,410.0,9.7,0.0,1.0E-18,1.9E-29,0.0,3.0E7,1.0,7.3E8,
2.7E-40,0.0093,1700.0,2900.0,6100.0,3899999.9999999995,6600.0,2700.0,2400.0,7200.0,2600.0,0.15,3899999.9999999995,0.0,1.7E-5,0.039,0.039,0.0,410.0,9.7,0.0,1.0E-18,2.1E-29,0.0,2.7E7,1.0,7.3E8,
2.7E-40,0.0092,1700.0,2900.0,6100.0,3899999.9999999995,6500.0,2700.0,2400.0,7200.0,2600.0,0.15,3899999.9999999995,0.0,1.9E-5,0.039,0.039,0.0,410.0,9.7,0.0,1.0E-18,2.4E-29,0.0,2.6E7,1.0,7.2E8,
2.7E-40,0.0092,1700.0,2900.0,6100.0,3799999.9999999995,6500.0,2700.0,2400.0,7200.0,2600.0,0.15,3899999.9999999995,0.0,2.3E-5,0.039,0.039,0.0,410.0,9.6,0.0,1.0E-18,2.7999999999999997E-29,0.0,2.4E7,1.0,7.2E8,
2.7E-40,0.0092,1700.0,2900.0,6100.0,3799999.9999999995,6500.0,2700.0,2400.0,7200.0,2600.0,0.15,3899999.9999999995,0.0,2.6E-5,0.039,0.039,0.0,410.0,9.6,0.0,1.0E-18,3.4E-29,0.0,2.3E7,1.0,7.2E8,
2.7E-40,0.0092,1700.0,2900.0,6100.0,3799999.9999999995,6500.0,2700.0,2400.0,7200.0,2600.0,0.15,3899999.9999999995,0.0,2.6E-5,0.039,0.039,0.0,410.0,9.6,0.0,1.1E-18,3.7E-29,0.0,2.3E7,1.0,7.2E8,
2.7E-40,0.0092,1700.0,2900.0,6100.0,3799999.9999999995,6500.0,2700.0,2400.0,7200.0,2600.0,0.15,3899999.9999999995,0.0,2.4E-5,0.039,0.039,0.0,400.0,9.6,0.0,1.1E-18,3.7E-29,0.0,2.4E7,1.0,7.2E8,
2.7E-40,0.0092,1700.0,2900.0,6100.0,3799999.9999999995,6500.0,2700.0,2400.0,7200.0,2600.0,0.15,3899999.9999999995,0.0,2.1E-5,0.039,0.039,0.0,390.0,9.6,0.0,1.1E-18,3.4E-29,0.0,2.5E7,1.0,7.2E8,
2.7E-40,0.0092,1700.0,2900.0,6100.0,3799999.9999999995,6500.0,2700.0,2400.0,7200.0,2600.0,0.15,3899999.9999999995,0.0,1.8E-5,0.039,0.039,0.0,390.0,9.6,0.0,1.1E-18,3.0999999999999997E-29,0.0,2.6E7,1.0,7.2E8,
2.7E-40,0.0092,1700.0,2900.0,6100.0,3799999.9999999995,6500.0,2700.0,2400.0,7200.0,2600.0,0.15,3899999.9999999995,0.0,1.6E-5,0.039,0.039,0.0,390.0,9.6,0.0,1.1E-18,2.7E-29,0.0,2.7E7,1.0,7.2E8,
2.7E-40,0.0092,1700.0,2900.0,6100.0,3799999.9999999995,6500.0,2700.0,2400.0,7200.0,2600.0,0.15,3899999.9999999995,0.0,1.3E-5,0.039,0.039,0.0,390.0,9.6,0.0,1.1E-18,2.3E-29,0.0,2.9E7,1.0,7.2E8,
2.7E-40,0.0092,1700.0,2900.0,6100.0,3799999.9999999995,6500.0,2700.0,2400.0,7200.0,2600.0,0.15,3899999.9999999995,0.0,1.2E-5,0.039,0.039,0.0,380.0,9.6,0.0,1.1E-18,2.1E-29,0.0,3.0E7,1.0,7.2E8,
2.7E-40,0.0092,1700.0,2900.0,6100.0,3799999.9999999995,6500.0,2700.0,2400.0,7200.0,2600.0,0.15,3899999.9999999995,0.0,1.6E-5,0.039,0.039,0.0,380.0,9.6,0.0,1.1E-18,2.2E-29,0.0,2.7E7,1.0,7.2E8,
2.7E-40,0.0092,1700.0,2900.0,6100.0,3799999.9999999995,6500.0,2700.0,2400.0,7200.0,2600.0,0.15,3899999.9999999995,0.0,1.7E-5,0.039,0.039,0.0,380.0,9.6,0.0,1.2E-18,2.5E-29,0.0,2.7E7,1.0,7.2E8,
2.7E-40,0.0092,1700.0,2900.0,6100.0,3799999.9999999995,6500.0,2700.0,2400.0,7200.0,2600.0,0.15,3799999.9999999995,0.0,1.9E-5,0.039,0.039,0.0,380.0,9.6,0.0,1.2E-18,2.7999999999999997E-29,0.0,2.5E7,1.0,7.1E8,
2.7E-40,0.0092,1700.0,2900.0,6100.0,3799999.9999999995,6500.0,2700.0,2400.0,7200.0,2600.0,0.15,3799999.9999999995,0.0,2.2E-5,0.039,0.039,0.0,380.0,9.6,0.0,1.2E-18,3.1999999999999997E-29,0.0,2.4E7,1.0,7.1E8,
2.7E-40,0.0092,1700.0,2900.0,6100.0,3799999.9999999995,6500.0,2700.0,2400.0,7200.0,2600.0,0.15,3799999.9999999995,0.0,2.2E-5,0.039,0.039,0.0,380.0,9.6,0.0,1.2E-18,3.5E-29,0.0,2.4E7,1.0,7.1E8,
2.7E-40,0.0092,1700.0,2900.0,6100.0,3799999.9999999995,6500.0,2700.0,2400.0,7200.0,2600.0,0.15,3799999.9999999995,0.0,2.1E-5,0.039,0.039,0.0,380.0,9.6,0.0,1.2E-18,3.6E-29,0.0,2.5E7,1.0,7.1E8,
2.7E-40,0.0092,1700.0,2900.0,6100.0,3799999.9999999995,6500.0,2700.0,2400.0,7200.0,2600.0,0.15,3799999.9999999995,0.0,1.8E-5,0.039,0.039,0.0,380.0,9.6,0.0,1.2E-18,3.4E-29,0.0,2.6E7,1.0,7.1E8,
2.7E-40,0.0092,1700.0,2900.0,6100.0,3799999.9999999995,6500.0,2700.0,2400.0,7200.0,2600.0,0.15,3799999.9999999995,0.0,1.6E-5,0.039,0.039,0.0,370.0,9.6,0.0,1.2E-18,3.0999999999999997E-29,0.0,2.7E7,1.0,7.1E8,
2.7E-40,0.0092,1700.0,2900.0,6100.0,3799999.9999999995,6500.0,2700.0,2400.0,7200.0,2600.0,0.15,3799999.9999999995,0.0,1.4E-5,0.039,0.039,0.0,370.0,9.6,0.0,1.2E-18,2.7E-29,0.0,2.8E7,1.0,7.1E8,
2.7E-40,0.0092,1700.0,2900.0,6100.0,3799999.9999999995,6500.0,2700.0,2400.0,7200.0,2600.0,0.15,3799999.9999999995,0.0,1.2E-5,0.039,0.039,0.0,370.0,9.6,0.0,1.3E-18,2.4E-29,0.0,3.0E7,1.0,7.1E8,
2.7E-40,0.0092,1700.0,2900.0,6100.0,3799999.9999999995,6500.0,2700.0,2400.0,7200.0,2600.0,0.15,3799999.9999999995,0.0,1.1E-5,0.039,0.039,0.0,370.0,9.6,0.0,1.3E-18,2.1E-29,0.0,3.0E7,1.0,7.1E8,
2.7E-40,0.0092,1700.0,2900.0,6100.0,3799999.9999999995,6500.0,2700.0,2400.0,7200.0,2600.0,0.15,3799999.9999999995,0.0,1.4E-5,0.039,0.039,0.0,370.0,9.6,0.0,1.3E-18,2.3E-29,0.0,2.8E7,1.0,7.1E8,
2.7E-40,0.0092,1700.0,2900.0,6100.0,3799999.9999999995,6500.0,2700.0,2400.0,7200.0,2600.0,0.15,3799999.9999999995,0.0,1.6E-5,0.039,0.039,0.0,370.0,9.6,0.0,1.3E-18,2.7E-29,0.0,2.7E7,1.0,7.1E8,
2.7E-40,0.0092,1700.0,2900.0,6100.0,3799999.9999999995,6500.0,2700.0,2400.0,7200.0,2600.0,0.15,3799999.9999999995,0.0,1.6E-5,0.039,0.039,0.0,370.0,9.6,0.0,1.3E-18,2.8999999999999997E-29,0.0,2.7E7,1.0,7.1E8,
2.7E-40,0.0092,1700.0,2900.0,6100.0,3799999.9999999995,6500.0,2700.0,2400.0,7200.0,2600.0,0.15,3799999.9999999995,0.0,1.5E-5,0.039,0.039,0.0,370.0,9.6,0.0,1.3E-18,2.7999999999999997E-29,0.0,2.8E7,1.0,7.1E8,
2.7E-40,0.0092,1700.0,2900.0,6100.0,3799999.9999999995,6500.0,2700.0,2400.0,7200.0,2600.0,0.15,3799999.9999999995,0.0,1.3E-5,0.039,0.039,0.0,370.0,9.6,0.0,1.4E-18,2.7E-29,0.0,2.9E7,1.0,7.1E8,
2.7E-40,0.0092,1700.0,2900.0,6100.0,3799999.9999999995,6500.0,2700.0,2400.0,7200.0,2600.0,0.15,3799999.9999999995,0.0,1.2E-5,0.039,0.039,0.0,370.0,9.6,0.0,1.4E-18,2.5E-29,0.0,3.0E7,1.0,7.1E8,
2.7E-40,0.0092,1700.0,2900.0,6100.0,3799999.9999999995,6500.0,2700.0,2400.0,7200.0,2600.0,0.15,3799999.9999999995,0.0,1.0E-5,0.039,0.039,0.0,370.0,9.6,0.0,1.4E-18,2.2E-29,0.0,3.2E7,1.0,7.1E8,
2.7E-40,0.0092,1700.0,2900.0,6100.0,3799999.9999999995,6500.0,2700.0,2400.0,7200.0,2600.0,0.15,3799999.9999999995,0.0,9.0E-6,0.039,0.039,0.0,370.0,9.6,0.0,1.4E-18,2.0E-29,0.0,3.3E7,1.0,7.1E8,
2.7E-40,0.0092,1700.0,2900.0,6100.0,3799999.9999999995,6500.0,2700.0,2400.0,7200.0,2600.0,0.15,3799999.9999999995,0.0,1.1E-5,0.039,0.039,0.0,370.0,9.6,0.0,1.4E-18,2.0E-29,0.0,3.0E7,1.0,7.1E8,
2.7E-40,0.0092,1700.0,2900.0,6100.0,3799999.9999999995,6500.0,2700.0,2400.0,7200.0,2600.0,0.15,3799999.9999999995,0.0,1.3E-5,0.039,0.039,0.0,360.0,9.6,0.0,1.4E-18,2.4E-29,0.0,2.9E7,1.0,7.1E8,
2.7E-40,0.0092,1700.0,2900.0,6100.0,3799999.9999999995,6500.0,2700.0,2400.0,7200.0,2600.0,0.15,3799999.9999999995,0.0,1.4E-5,0.039,0.039,0.0,360.0,9.6,0.0,1.5E-18,2.7E-29,0.0,2.8E7,1.0,7.1E8,
2.7E-40,0.0092,1700.0,2900.0,6100.0,3799999.9999999995,6500.0,2700.0,2400.0,7200.0,2600.0,0.15,3799999.9999999995,0.0,1.3E-5,0.039,0.039,0.0,350.0,9.6,0.0,1.5E-18,2.7999999999999997E-29,0.0,2.9E7,1.0,7.1E8,
2.7E-40,0.0092,1700.0,2900.0,6100.0,3799999.9999999995,6500.0,2700.0,2400.0,7200.0,2600.0,0.15,3799999.9999999995,0.0,1.2E-5,0.039,0.039,0.0,350.0,9.6,0.0,1.5E-18,2.7E-29,0.0,3.0E7,1.0,7.1E8,
2.7E-40,0.0092,1700.0,2900.0,6100.0,3799999.9999999995,6500.0,2700.0,2400.0,7200.0,2600.0,0.15,3799999.9999999995,0.0,1.1E-5,0.039,0.039,0.0,350.0,9.6,0.0,1.5E-18,2.5E-29,0.0,3.1E7,1.0,7.1E8,
2.7E-40,0.0092,1700.0,2900.0,6100.0,3799999.9999999995,6500.0,2700.0,2400.0,7200.0,2600.0,0.15,3799999.9999999995,0.0,9.7E-6,0.039,0.039,0.0,350.0,9.6,0.0,1.5E-18,2.3E-29,0.0,3.2E7,1.0,7.1E8,
2.7E-40,0.0092,1700.0,2900.0,6100.0,3799999.9999999995,6500.0,2700.0,2400.0,7200.0,2600.0,0.15,3799999.9999999995,0.0,8.5E-6,0.039,0.039,0.0,350.0,9.6,0.0,1.5E-18,2.0E-29,0.0,3.4E7,1.0,7.1E8,
2.7E-40,0.0092,1700.0,2900.0,6100.0,3799999.9999999995,6500.0,2700.0,2400.0,7200.0,2600.0,0.15,3799999.9999999995,0.0,9.5E-6,0.039,0.039,0.0,350.0,9.6,0.0,1.6E-18,1.9E-29,0.0,3.2E7,1.0,7.1E8,
2.7E-40,0.0092,1700.0,2900.0,6100.0,3799999.9999999995,6500.0,2700.0,2400.0,7200.0,2600.0,0.15,3799999.9999999995,0.0,1.2E-5,0.039,0.039,0.0,350.0,9.6,0.0,1.6E-18,2.3E-29,0.0,3.0E7,1.0,7.1E8,
2.7E-40,0.0092,1700.0,2900.0,6100.0,3799999.9999999995,6500.0,2700.0,2400.0,7200.0,2600.0,0.15,3799999.9999999995,0.0,1.3E-5,0.039,0.039,0.0,350.0,9.6,0.0,1.6E-18,2.7E-29,0.0,2.9E7,1.0,7.1E8,
2.1E-39,0.12,100000.0,200000.0,13000.0,5600000.0,2300.0,2700.0,2400.0,7200.0,2600.0,0.15,5899999.999999999,0.0,7.9,0.13,0.13,0.0,590.0,8.8,1.4E-5,3.9E-17,1.0999999999999998E-22,0.0,2.9E7,1.0,7.5E8,
1.3E-39,0.076,100000.0,130000.0,330.0,5500000.0,2300.0,2700.0,2400.0,7200.0,2600.0,0.15,5799999.999999999,0.0,1.7E-5,0.098,0.098,0.0,600.0,10.0,3.1E-7,3.9E-17,3.2000000000000003E-23,0.0,2.7E7,1.0,7.5E8,
7.6E-41,0.0045,1800.0,2200.0,330.0,5400000.0,2300.0,2700.0,2400.0,7200.0,2600.0,0.15,5500000.0,0.0,2.0E-5,0.038,0.038,0.0,600.0,9.6,4.2E-8,3.9E-17,1.2999999999999998E-24,0.0,2.6E7,1.0,7.5E8,
7.399999999999999E-41,0.0043,1800.0,2200.0,330.0,5200000.0,2300.0,2700.0,2400.0,7200.0,2600.0,0.15,5300000.0,0.0,2.3E-5,0.037,0.037,0.0,590.0,9.3,7.8E-10,3.9E-17,5.5E-25,0.0,2.4E7,1.0,7.4E8,
7.1E-41,0.0042,1800.0,2200.0,330.0,5000000.0,2300.0,2700.0,2400.0,7100.0,2600.0,0.15,5000000.0,0.0,2.7E-5,0.036,0.036,0.0,580.0,8.8,5.3E-12,3.9E-17,1.9999999999999998E-25,0.0,2.3E7,1.0,7.4E8,
1.4E-40,0.0086,6600.0,3400.0,6200.0,5400000.0,2300.0,2700.0,2400.0,7100.0,2600.0,0.15,5500000.0,0.0,3.9E-5,0.036,0.036,0.0,600.0,12.0,5.4E-11,3.9E-17,6.6E-26,0.0,2.2E7,1.0,7.5E8,
1.1E-40,0.0073,9400.0,350.0,7500.0,5500000.0,2200.0,2700.0,2400.0,7100.0,2600.0,0.15,5600000.0,0.0,4.5E-5,0.041,0.041,0.0,600.0,12.0,7.1E-8,4.0E-17,1.1E-23,0.0,2.1E7,1.0,7.5E8,
1.1E-40,0.0073,1900.0,350.0,7500.0,5500000.0,2200.0,2700.0,2400.0,7100.0,2600.0,0.15,5600000.0,0.0,5.0E-5,0.041,0.041,0.0,600.0,12.0,4.9E-10,4.0E-17,4.0999999999999994E-24,0.0,2.0E7,1.0,7.5E8,
1.1E-40,0.0071,1900.0,350.0,7500.0,5100000.0,2200.0,2700.0,2300.0,7100.0,2600.0,0.15,5100000.0,0.0,5.2E-5,0.039,0.039,0.0,600.0,12.0,2.5E-11,4.0E-17,2.1E-24,0.0,2.0E7,1.0,7.4E8,
1.0E-40,0.0069,1900.0,350.0,7500.0,4800000.0,2200.0,2700.0,2300.0,7100.0,2600.0,0.15,4900000.0,0.0,5.4E-5,0.038,0.038,0.0,600.0,11.0,3.3E-12,3.9E-17,1.3999999999999999E-24,0.0,1.9E7,1.0,7.4E8,
1.0E-40,0.0067,1900.0,350.0,7500.0,4500000.0,2200.0,2700.0,2300.0,7100.0,2600.0,0.15,4500000.0,0.0,5.7E-5,0.036,0.036,0.0,590.0,11.0,6.2E-14,3.9E-17,6.2E-25,0.0,1.9E7,1.0,7.4E8,
9.7E-41,0.0065,1900.0,350.0,7500.0,3999999.9999999995,2200.0,2700.0,2300.0,7100.0,2600.0,0.15,4099999.9999999995,0.0,5.8E-5,0.034,0.034,0.0,590.0,11.0,3.1E-15,3.9E-17,3.3E-25,0.0,1.8E7,1.0,7.3E8,
9.599999999999999E-41,0.0064,1900.0,350.0,7500.0,3899999.9999999995,2200.0,2700.0,2300.0,7100.0,2600.0,0.15,3899999.9999999995,0.0,6.0E-5,0.033,0.033,0.0,590.0,10.0,2.2E-17,3.9E-17,1.2E-25,0.0,1.8E7,1.0,7.3E8,
9.599999999999999E-41,0.0064,1900.0,350.0,7500.0,3899999.9999999995,2200.0,2700.0,2300.0,7100.0,2600.0,0.15,3899999.9999999995,0.0,5.7E-5,0.033,0.033,0.0,580.0,10.0,5.6E-20,3.9E-17,3.9E-26,0.0,1.8E7,1.0,7.3E8,
9.599999999999999E-41,0.0064,1900.0,350.0,7500.0,3899999.9999999995,2200.0,2700.0,2300.0,7100.0,2600.0,0.15,3899999.9999999995,0.0,5.0E-5,0.033,0.033,0.0,570.0,10.0,1.5E-22,3.9E-17,1.4E-26,0.0,1.9E7,1.0,7.3E8,
9.599999999999999E-41,0.0064,1900.0,350.0,7500.0,3899999.9999999995,2200.0,2700.0,2300.0,7100.0,2600.0,0.15,3899999.9999999995,0.0,4.2E-5,0.033,0.033,0.0,570.0,10.0,3.8E-25,3.9E-17,5.8E-27,0.0,2.0E7,1.0,7.3E8,
9.599999999999999E-41,0.0064,1900.0,350.0,7500.0,3899999.9999999995,2200.0,2700.0,2300.0,7100.0,2600.0,0.15,3899999.9999999995,0.0,3.5E-5,0.033,0.033,0.0,570.0,10.0,1.3E-27,3.9E-17,3.1000000000000002E-27,0.0,2.2E7,1.0,7.3E8,
9.599999999999999E-41,0.0064,1900.0,350.0,7500.0,3899999.9999999995,2200.0,2700.0,2300.0,7100.0,2600.0,0.15,3899999.9999999995,0.0,2.9E-5,0.033,0.033,0.0,560.0,10.0,6.4E-30,3.9E-17,2.1E-27,0.0,2.3E7,1.0,7.3E8,
1.1999999999999999E-39,0.065,5700.0,120000.0,12000.0,5400000.0,4000.0,2700.0,2300.0,7100.0,2600.0,0.15,5600000.0,0.0,4.0E-5,0.11,0.11,0.0,590.0,16.0,6.4E-7,4.4E-17,1.8999999999999999E-22,0.0,2.5E7,1.0,7.5E8,
1.4E-40,0.0073,5700.0,4600.0,4700.0,5400000.0,4000.0,2700.0,2300.0,7000.0,2600.0,0.15,5500000.0,0.0,2.6E-5,0.047,0.047,0.0,590.0,9.3,3.3E-8,4.4E-17,1.2E-23,0.0,2.4E7,1.0,7.5E8,
1.4E-40,0.0072,5700.0,4600.0,4700.0,5300000.0,4000.0,2700.0,2300.0,7000.0,2600.0,0.15,5300000.0,0.0,2.9E-5,0.046,0.046,0.0,590.0,9.1,6.1E-10,4.4E-17,5.199999999999999E-24,0.0,2.2E7,1.0,7.5E8,
1.3E-40,0.0069,5700.0,4600.0,4700.0,4800000.0,4000.0,2700.0,2300.0,7000.0,2600.0,0.15,4800000.0,0.0,3.2E-5,0.044,0.044,0.0,590.0,8.7,1.1E-11,4.4E-17,2.2999999999999997E-24,0.0,2.1E7,1.0,7.4E8,
1.3E-40,0.0069,5700.0,4600.0,4700.0,4700000.0,4000.0,2700.0,2300.0,7000.0,2600.0,0.15,4700000.0,0.0,3.5E-5,0.043,0.043,0.0,580.0,8.6,2.1E-13,4.4E-17,1.0E-24,0.0,2.0E7,1.0,7.4E8,
1.3E-40,0.0066,5700.0,4600.0,4700.0,4200000.0,4000.0,2700.0,2300.0,7000.0,2600.0,0.15,4200000.0,0.0,3.4E-5,0.04,0.04,0.0,590.0,8.1,7.9E-14,4.3E-17,7.999999999999999E-25,0.0,2.0E7,1.0,7.4E8,
1.4999999999999999E-40,0.0082,20000.0,13000.0,1200.0,5400000.0,4000.0,2700.0,2300.0,7000.0,2600.0,0.15,5500000.0,0.0,1.5E-5,0.052,0.052,0.0,590.0,5.3,3.0E-7,4.6E-17,4.6E-23,0.0,2.0E7,1.0,7.5E8,
5.2E-41,0.0029,2100.0,410.0,1200.0,5300000.0,4000.0,2700.0,2300.0,7000.0,2600.0,0.15,5300000.0,0.0,2.6E-5,0.044,0.044,0.0,580.0,5.2,5.6E-9,4.6E-17,7.199999999999999E-24,0.0,1.9E7,1.0,7.5E8,
4.9E-41,0.0027,2100.0,410.0,1200.0,4900000.0,4000.0,2700.0,2300.0,7000.0,2600.0,0.15,4900000.0,0.0,2.6E-5,0.042,0.042,0.0,580.0,4.9,1.0E-10,4.5E-17,3.0999999999999997E-24,0.0,1.8E7,1.0,7.5E8,
4.699999999999999E-41,0.0026,2100.0,410.0,1200.0,4700000.0,4000.0,2600.0,2300.0,7000.0,2600.0,0.15,4700000.0,0.0,2.7E-5,0.041,0.041,0.0,580.0,4.7,5.2E-12,4.5E-17,1.5999999999999999E-24,0.0,1.8E7,1.0,7.4E8,
4.4999999999999996E-41,0.0025,2000.0,410.0,1200.0,4400000.0,4000.0,2600.0,2300.0,7000.0,2600.0,0.14,4400000.0,0.0,2.7E-5,0.039,0.039,0.0,580.0,4.5,9.6E-14,4.5E-17,6.9999999999999995E-25,0.0,1.8E7,1.0,7.4E8,
4.3E-41,0.0024,2000.0,410.0,1200.0,4099999.9999999995,4000.0,2600.0,2300.0,7000.0,2600.0,0.14,4200000.0,0.0,2.7E-5,0.038,0.038,0.0,580.0,4.3,1.8E-15,4.5E-17,3.0E-25,0.0,1.7E7,1.0,7.4E8,
4.0999999999999996E-41,0.0023,2000.0,410.0,1200.0,3899999.9999999995,4000.0,2600.0,2300.0,7000.0,2600.0,0.14,3899999.9999999995,0.0,2.8E-5,0.037,0.037,0.0,570.0,4.1,3.3E-17,4.5E-17,1.3E-25,0.0,1.7E7,1.0,7.4E8,
4.0999999999999996E-41,0.0023,2000.0,410.0,1200.0,3899999.9999999995,4000.0,2600.0,2300.0,7000.0,2600.0,0.14,3899999.9999999995,0.0,2.7E-5,0.037,0.037,0.0,560.0,4.1,8.6E-20,4.5E-17,4.1E-26,0.0,1.7E7,1.0,7.4E8,
4.0999999999999996E-41,0.0023,2000.0,410.0,1200.0,3899999.9999999995,4000.0,2600.0,2300.0,7000.0,2600.0,0.14,3899999.9999999995,0.0,2.4E-5,0.037,0.037,0.0,560.0,4.1,2.1999999999999996E-22,4.5E-17,1.3E-26,0.0,1.8E7,1.0,7.4E8,
1.3E-39,0.14,10000.0,110000.0,4500.0,5500000.0,4000.0,2600.0,2300.0,7000.0,2600.0,0.15,5600000.0,0.0,1.4E-4,0.12,0.12,0.0,550.0,26.0,1.9E-7,9.5E-17,1.0999999999999998E-22,0.0,1.9E7,1.0,7.5E8,
4.9E-40,0.053,2900.0,38000.0,4500.0,5300000.0,4000.0,2600.0,2300.0,7000.0,2600.0,0.15,5400000.0,0.0,5.7E-5,0.071,0.071,0.0,550.0,25.0,3.8E-9,9.4E-17,1.9E-23,0.0,1.8E7,1.0,7.5E8,
1.4999999999999999E-40,0.016,2900.0,4900.0,4500.0,5100000.0,4000.0,2600.0,2300.0,7000.0,2600.0,0.15,5100000.0,0.0,1.5E-4,0.049,0.049,0.0,550.0,24.0,1.9E-10,9.4E-17,3.1999999999999998E-24,0.0,1.8E7,1.0,7.5E8,
5.8E-41,0.0095,3600.0,270.0,4500.0,5500000.0,4000.0,2600.0,2300.0,7000.0,2600.0,0.15,5500000.0,0.0,4.8E-4,0.061,0.061,0.0,540.0,26.0,2.3E-8,9.6E-17,7.9E-25,0.0,1.8E7,1.0,7.5E8,
5.8E-41,0.0095,3600.0,270.0,4500.0,5500000.0,4000.0,2600.0,2300.0,7000.0,2600.0,0.15,5500000.0,0.0,1.7E-4,0.061,0.061,0.0,530.0,26.0,5.9E-11,9.6E-17,2.5E-25,0.0,1.8E7,1.0,7.5E8,
5.599999999999999E-41,0.0091,3600.0,270.0,4500.0,5100000.0,4000.0,2600.0,2300.0,7000.0,2600.0,0.14,5100000.0,0.0,1.7E-4,0.058,0.058,0.0,530.0,25.0,3.0E-12,9.5E-17,1.4E-25,0.0,1.7E7,1.0,7.5E8,
5.4E-41,0.0089,3600.0,270.0,4500.0,4800000.0,4000.0,2600.0,2300.0,7000.0,2600.0,0.14,4800000.0,0.0,1.7E-4,0.056,0.056,0.0,540.0,24.0,4.0E-13,9.5E-17,1.0E-25,0.0,1.7E7,1.0,7.5E8,
5.3E-41,0.0087,3600.0,270.0,4500.0,4600000.0,3900.0,2600.0,2300.0,6900.0,2500.0,0.14,4600000.0,0.0,1.7E-4,0.054,0.054,0.0,540.0,24.0,7.5E-15,9.5E-17,5.6E-26,0.0,1.7E7,1.0,7.4E8,
5.2E-41,0.0085,3600.0,270.0,4500.0,4500000.0,3900.0,2600.0,2300.0,6900.0,2500.0,0.14,4500000.0,0.0,1.7E-4,0.053,0.053,0.0,540.0,23.0,1.4E-16,9.4E-17,3.6E-26,0.0,1.6E7,1.0,7.4E8,
5.0E-41,0.0081,3600.0,270.0,4500.0,4099999.9999999995,3900.0,2600.0,2300.0,6900.0,2500.0,0.14,4099999.9999999995,0.0,1.7E-4,0.05,0.05,0.0,540.0,22.0,2.6E-18,9.4E-17,2.7E-26,0.0,1.6E7,1.0,7.4E8,
4.9E-41,0.008,3600.0,270.0,4400.0,3899999.9999999995,3900.0,2600.0,2300.0,6900.0,2500.0,0.14,3999999.9999999995,0.0,1.7E-4,0.049,0.049,0.0,540.0,22.0,1.8E-20,9.4E-17,2.3E-26,0.0,1.6E7,1.0,7.4E8,
4.9E-41,0.008,3600.0,270.0,4400.0,3899999.9999999995,3900.0,2600.0,2300.0,6900.0,2500.0,0.14,3999999.9999999995,0.0,1.6E-4,0.049,0.049,0.0,540.0,22.0,4.7E-23,9.4E-17,2.2E-26,0.0,1.7E7,1.0,7.4E8,
4.9E-41,0.008,3600.0,270.0,4400.0,3899999.9999999995,3900.0,2600.0,2300.0,6900.0,2500.0,0.14,3999999.9999999995,0.0,1.3E-4,0.049,0.049,0.0,530.0,22.0,1.2E-25,9.4E-17,1.9E-26,0.0,1.7E7,1.0,7.4E8,
4.9E-41,0.008,3600.0,270.0,4400.0,3899999.9999999995,3900.0,2600.0,2300.0,6900.0,2500.0,0.14,3999999.9999999995,0.0,1.1E-4,0.049,0.049,0.0,530.0,22.0,3.1000000000000004E-28,9.4E-17,1.6E-26,0.0,1.9E7,1.0,7.4E8,
4.9E-41,0.008,3600.0,270.0,4400.0,3899999.9999999995,3900.0,2600.0,2300.0,6900.0,2500.0,0.14,3999999.9999999995,0.0,9.0E-5,0.049,0.049,0.0,530.0,22.0,8.499999999999999E-31,9.4E-17,1.4E-26,0.0,2.0E7,1.0,7.4E8,
4.9E-41,0.008,3600.0,270.0,4400.0,3899999.9999999995,3900.0,2600.0,2300.0,6900.0,2500.0,0.14,3999999.9999999995,0.0,7.3E-5,0.049,0.049,0.0,530.0,22.0,4.8E-32,9.4E-17,1.1E-26,0.0,2.2E7,1.0,7.4E8,
1.1E-40,0.0088,1100.0,4000.0,4200.0,5300000.0,3900.0,2600.0,2300.0,6900.0,2800.0,0.14,5300000.0,0.0,1.3E-5,0.063,0.063,0.0,550.0,18.0,6.7E-9,9.8E-17,8.4E-24,0.0,2.2E7,1.0,7.5E8,
1.1E-40,0.0085,1100.0,4000.0,4200.0,4900000.0,3900.0,2600.0,2300.0,6900.0,2800.0,0.14,5000000.0,0.0,6.8E-5,0.061,0.061,0.0,550.0,17.0,3.4E-10,9.7E-17,4.5E-24,0.0,2.1E7,1.0,7.5E8,
1.1E-40,0.0083,1100.0,4000.0,4200.0,4700000.0,3900.0,2600.0,2300.0,6900.0,2800.0,0.14,4700000.0,0.0,7.6E-5,0.059,0.059,0.0,550.0,17.0,2.3E-12,9.7E-17,1.5999999999999999E-24,0.0,2.0E7,1.0,7.5E8,
1.1E-40,0.0082,1100.0,4000.0,4200.0,4400000.0,3900.0,2600.0,2300.0,6900.0,2800.0,0.14,4500000.0,0.0,7.9E-5,0.057,0.057,0.0,550.0,16.0,1.2E-13,9.7E-17,8.799999999999999E-25,0.0,1.9E7,1.0,7.4E8,
1.0E-40,0.0079,1100.0,4000.0,4200.0,3899999.9999999995,3900.0,2600.0,2300.0,6900.0,2800.0,0.14,3999999.9999999995,0.0,7.9E-5,0.053,0.053,0.0,540.0,15.0,1.6E-14,9.6E-17,5.6999999999999995E-25,0.0,1.9E7,1.0,7.4E8,
3.5E-40,0.024,2100.0,29000.0,4400.0,5200000.0,3900.0,2600.0,2300.0,6900.0,2800.0,0.14,5300000.0,0.0,4.6E-5,0.084,0.084,0.0,580.0,8.3,5.4E-9,1.0E-16,2.2E-23,0.0,1.9E7,1.0,7.6E8,
1.2E-40,0.0085,2100.0,4300.0,4400.0,5000000.0,3900.0,2600.0,2300.0,6900.0,2800.0,0.14,5000000.0,0.0,4.7E-5,0.063,0.063,0.0,580.0,8.1,1.0E-10,1.0E-16,3.5E-24,0.0,1.8E7,1.0,7.5E8,
1.2E-40,0.0083,2100.0,4300.0,4400.0,4700000.0,3900.0,2600.0,2300.0,6800.0,2800.0,0.14,4700000.0,0.0,4.8E-5,0.061,0.061,0.0,580.0,7.8,1.4E-11,1.0E-16,2.2999999999999997E-24,0.0,1.8E7,1.0,7.5E8,
1.2E-40,0.0081,2100.0,4300.0,4400.0,4300000.0,3900.0,2600.0,2300.0,6800.0,2800.0,0.14,4400000.0,0.0,4.7E-5,0.058,0.058,0.0,580.0,7.5,1.9E-12,1.0E-16,1.4999999999999998E-24,0.0,1.8E7,1.0,7.5E8,
1.1E-40,0.0078,2100.0,4200.0,4400.0,3899999.9999999995,3900.0,2600.0,2300.0,6800.0,2800.0,0.14,3999999.9999999995,0.0,4.6E-5,0.055,0.055,0.0,580.0,7.2,1.3E-14,1.0E-16,5.3E-25,0.0,1.7E7,1.0,7.4E8,
1.1E-40,0.0078,2100.0,4200.0,4400.0,3899999.9999999995,3900.0,2600.0,2300.0,6800.0,2700.0,0.14,3899999.9999999995,0.0,4.6E-5,0.055,0.055,0.0,550.0,7.1,9.0E-17,1.0E-16,1.9999999999999998E-25,0.0,1.7E7,1.0,7.4E8,
1.1E-40,0.0078,2100.0,4200.0,4400.0,3899999.9999999995,3900.0,2600.0,2300.0,6800.0,2700.0,0.14,3899999.9999999995,0.0,4.5E-5,0.055,0.055,0.0,550.0,7.1,2.3E-19,1.0E-16,6.4E-26,0.0,1.7E7,1.0,7.4E8,
1.1E-40,0.0078,2100.0,4200.0,4400.0,3899999.9999999995,3900.0,2600.0,2300.0,6800.0,2700.0,0.14,3899999.9999999995,0.0,4.0E-5,0.055,0.055,0.0,550.0,7.1,6.1E-22,1.0E-16,2.3E-26,0.0,1.8E7,1.0,7.4E8,
1.1E-40,0.0078,2100.0,4200.0,4400.0,3899999.9999999995,3900.0,2600.0,2300.0,6800.0,2700.0,0.14,3899999.9999999995,0.0,3.4E-5,0.055,0.055,0.0,540.0,7.1,1.5999999999999999E-24,1.0E-16,1.1E-26,0.0,1.9E7,1.0,7.4E8,
1.1E-40,0.0078,2100.0,4200.0,4400.0,3899999.9999999995,3900.0,2600.0,2300.0,6800.0,2700.0,0.14,3899999.9999999995,0.0,2.8E-5,0.055,0.055,0.0,540.0,7.1,4.1E-27,1.0E-16,6.0E-27,0.0,2.1E7,1.0,7.4E8,
1.1E-40,0.0078,2100.0,4200.0,4400.0,3899999.9999999995,3900.0,2600.0,2300.0,6800.0,2700.0,0.14,3899999.9999999995,0.0,2.3E-5,0.055,0.055,0.0,540.0,7.1,1.0000000000000001E-29,1.0E-16,4.2E-27,0.0,2.2E7,1.0,7.4E8,
1.1E-40,0.0078,2100.0,4200.0,4400.0,3899999.9999999995,3900.0,2600.0,2300.0,6800.0,2700.0,0.14,3899999.9999999995,0.0,1.9E-5,0.055,0.055,0.0,530.0,7.1,6.7E-32,1.0E-16,3.2000000000000003E-27,0.0,2.4E7,1.0,7.4E8,
1.1E-40,0.0078,2100.0,4200.0,4400.0,3899999.9999999995,3900.0,2600.0,2300.0,6800.0,2700.0,0.14,3899999.9999999995,0.0,1.6E-5,0.055,0.055,0.0,530.0,7.1,0.0,1.0E-16,2.6E-27,0.0,2.5E7,1.0,7.4E8,
1.1E-40,0.0078,2100.0,4200.0,4400.0,3899999.9999999995,3900.0,2600.0,2300.0,6800.0,2700.0,0.14,3899999.9999999995,0.0,1.3E-5,0.055,0.055,0.0,530.0,7.1,1.9E-34,1.0E-16,2.1E-27,0.0,2.7E7,1.0,7.4E8,
1.1E-40,0.0078,2100.0,4200.0,4400.0,3899999.9999999995,3900.0,2600.0,2300.0,6800.0,2700.0,0.14,3899999.9999999995,0.0,1.6E-5,0.055,0.055,0.0,510.0,7.1,5.0E-37,1.0E-16,2.1E-27,0.0,2.5E7,1.0,7.4E8,
1.1E-40,0.0078,2100.0,4200.0,4400.0,3899999.9999999995,3900.0,2600.0,2300.0,6800.0,2700.0,0.14,3899999.9999999995,0.0,1.7E-5,0.055,0.055,0.0,500.0,7.1,1.3E-39,1.0E-16,2.2000000000000002E-27,0.0,2.5E7,1.0,7.3E8,
1.1E-40,0.0078,2100.0,4200.0,4400.0,3899999.9999999995,3900.0,2600.0,2300.0,6800.0,2700.0,0.14,3899999.9999999995,0.0,1.8E-5,0.054,0.054,0.0,500.0,7.1,8.9E-42,1.0E-16,2.3E-27,0.0,2.4E7,1.0,7.3E8,
1.1E-40,0.0078,2100.0,4200.0,4400.0,3899999.9999999995,3900.0,2600.0,2300.0,6800.0,2700.0,0.14,3899999.9999999995,0.0,2.1E-5,0.054,0.054,0.0,480.0,7.1,2.3E-44,1.0E-16,2.6E-27,0.0,2.3E7,1.0,7.3E8,
1.1E-40,0.0078,2100.0,4200.0,4400.0,3899999.9999999995,3900.0,2600.0,2300.0,6800.0,2700.0,0.14,3899999.9999999995,0.0,2.1E-5,0.054,0.054,0.0,480.0,7.1,1.6E-46,9.9E-17,2.8E-27,0.0,2.2E7,1.0,7.2E8,
1.1E-40,0.0078,2100.0,4200.0,4400.0,3899999.9999999995,3900.0,2600.0,2300.0,6800.0,2700.0,0.14,3899999.9999999995,0.0,2.4E-5,0.054,0.054,0.0,480.0,7.1,4.2E-49,9.9E-17,3.0E-27,0.0,2.1E7,1.0,7.2E8,
1.1E-40,0.0078,2100.0,4200.0,4400.0,3899999.9999999995,3900.0,2600.0,2300.0,6800.0,2700.0,0.14,3899999.9999999995,0.0,2.4E-5,0.054,0.054,0.0,480.0,7.1,1.1E-51,9.9E-17,3.3E-27,0.0,2.1E7,1.0,7.2E8,
1.1E-40,0.0078,2100.0,4200.0,4400.0,3899999.9999999995,3900.0,2600.0,2300.0,6800.0,2700.0,0.14,3899999.9999999995,0.0,2.2E-5,0.054,0.054,0.0,480.0,7.1,2.8E-54,9.9E-17,3.2000000000000003E-27,0.0,2.2E7,1.0,7.2E8,
1.1E-40,0.0078,2100.0,4200.0,4400.0,3899999.9999999995,3900.0,2600.0,2300.0,6800.0,2700.0,0.14,3899999.9999999995,0.0,2.0E-5,0.054,0.054,0.0,480.0,7.1,7.3E-57,9.9E-17,3.0E-27,0.0,2.3E7,1.0,7.2E8,
1.1E-40,0.0078,2100.0,4200.0,4400.0,3899999.9999999995,3900.0,2600.0,2300.0,6800.0,2700.0,0.14,3899999.9999999995,0.0,1.7E-5,0.054,0.054,0.0,470.0,7.1,4.0E-59,9.9E-17,2.6E-27,0.0,2.4E7,1.0,7.2E8,
1.1E-40,0.0078,2100.0,4200.0,4400.0,3899999.9999999995,3900.0,2600.0,2300.0,6800.0,2700.0,0.14,3899999.9999999995,0.0,1.4E-5,0.054,0.054,0.0,470.0,7.1,2.5E-60,9.9E-17,2.3E-27,0.0,2.6E7,1.0,7.2E8,
1.1E-40,0.0078,2100.0,4200.0,4400.0,3899999.9999999995,3900.0,2600.0,2300.0,6800.0,2700.0,0.14,3899999.9999999995,0.0,1.2E-5,0.054,0.054,0.0,470.0,7.1,4.8E-60,9.9E-17,1.9E-27,0.0,2.7E7,1.0,7.2E8,
1.1E-40,0.0078,2100.0,4200.0,4400.0,3899999.9999999995,3900.0,2600.0,2300.0,6800.0,2700.0,0.14,3899999.9999999995,0.0,1.0E-5,0.054,0.054,0.0,470.0,7.1,3.3000000000000004E-60,9.9E-17,1.6000000000000001E-27,0.0,2.9E7,1.0,7.2E8,
1.1E-40,0.0078,2100.0,4200.0,4400.0,3799999.9999999995,3900.0,2600.0,2300.0,6800.0,2700.0,0.14,3899999.9999999995,0.0,1.1E-5,0.054,0.054,0.0,470.0,7.1,6.5E-63,9.9E-17,1.5E-27,0.0,2.7E7,1.0,7.1E8,
1.1E-40,0.0078,2100.0,4200.0,4400.0,3799999.9999999995,3900.0,2600.0,2300.0,6800.0,2700.0,0.14,3899999.9999999995,0.0,1.3E-5,0.054,0.054,0.0,470.0,7.1,1.7000000000000001E-65,9.9E-17,1.7000000000000002E-27,0.0,2.6E7,1.0,7.1E8,
1.1E-40,0.0078,2100.0,4200.0,4400.0,3799999.9999999995,3900.0,2600.0,2300.0,6800.0,2700.0,0.14,3899999.9999999995,0.0,1.3E-5,0.054,0.054,0.0,470.0,7.1,4.4E-68,9.9E-17,1.8E-27,0.0,2.6E7,1.0,7.1E8,
1.1E-40,0.0078,2100.0,4200.0,4400.0,3799999.9999999995,3900.0,2600.0,2300.0,6800.0,2700.0,0.14,3899999.9999999995,0.0,1.3E-5,0.054,0.054,0.0,460.0,7.1,1.1E-70,9.9E-17,1.8E-27,0.0,2.6E7,1.0,7.1E8,
1.1E-40,0.0078,2100.0,4200.0,4400.0,3799999.9999999995,3900.0,2600.0,2300.0,6800.0,2700.0,0.14,3899999.9999999995,0.0,1.1E-5,0.054,0.054,0.0,460.0,7.1,3.8E-73,1.0E-16,1.7000000000000002E-27,0.0,2.7E7,1.0,7.1E8,
1.1E-40,0.0078,2100.0,4200.0,4400.0,3799999.9999999995,3900.0,2600.0,2300.0,6800.0,2700.0,0.14,3899999.9999999995,0.0,1.0E-5,0.054,0.054,0.0,460.0,7.1,7.5E-74,1.0E-16,1.6000000000000001E-27,0.0,2.9E7,1.0,7.1E8,
1.1E-40,0.0078,2100.0,4200.0,4400.0,3799999.9999999995,3900.0,2600.0,2300.0,6800.0,2700.0,0.14,3899999.9999999995,0.0,8.9E-6,0.054,0.054,0.0,460.0,7.1,3.3999999999999997E-75,1.0E-16,1.4E-27,0.0,3.0E7,1.0,7.1E8,
1.1E-40,0.0078,2100.0,4200.0,4400.0,3799999.9999999995,3900.0,2600.0,2300.0,6800.0,2700.0,0.14,3899999.9999999995,0.0,7.7E-6,0.054,0.054,0.0,450.0,7.1,0.0,1.0E-16,1.2E-27,0.0,3.2E7,1.0,7.1E8,
1.1E-40,0.0078,2100.0,4200.0,4400.0,3799999.9999999995,3900.0,2600.0,2300.0,6800.0,2700.0,0.14,3899999.9999999995,0.0,7.9E-6,0.054,0.054,0.0,450.0,7.1,0.0,1.0E-16,1.1000000000000001E-27,0.0,3.1E7,1.0,7.1E8,
1.1E-40,0.0078,2100.0,4200.0,4400.0,3799999.9999999995,3900.0,2600.0,2300.0,6800.0,2700.0,0.14,3899999.9999999995,0.0,9.9E-6,0.054,0.054,0.0,450.0,7.1,0.0,1.0E-16,1.2E-27,0.0,2.9E7,1.0,7.1E8,
1.1E-40,0.0078,2100.0,4200.0,4400.0,3799999.9999999995,3900.0,2600.0,2300.0,6800.0,2700.0,0.14,3899999.9999999995,0.0,1.1E-5,0.054,0.054,0.0,450.0,7.1,0.0,1.0E-16,1.4E-27,0.0,2.8E7,1.0,7.1E8,
1.1E-40,0.0077,2100.0,4200.0,4400.0,3799999.9999999995,3900.0,2600.0,2300.0,6800.0,2700.0,0.13,3799999.9999999995,0.0,1.1E-5,0.054,0.054,0.0,440.0,7.0,0.0,9.9E-17,1.5E-27,0.0,2.7E7,1.0,7.1E8,
1.1E-40,0.0077,2100.0,4200.0,4400.0,3799999.9999999995,3900.0,2600.0,2300.0,6800.0,2700.0,0.13,3799999.9999999995,0.0,1.4E-5,0.054,0.054,0.0,440.0,7.0,0.0,9.9E-17,1.7000000000000002E-27,0.0,2.5E7,1.0,7.1E8,
8.0E-40,0.061,34000.0,100000.0,22000.0,5400000.0,34000.0,2600.0,2300.0,6800.0,2700.0,0.14,5600000.0,0.0,4.5E-5,0.28,0.28,0.0,540.0,20.0,4.0E-8,1.3E-16,1.3E-21,0.0,2.5E7,1.0,7.3E8,
5.3E-40,0.065,3400.0,130000.0,610.0,5400000.0,1500.0,2600.0,2300.0,6800.0,2700.0,0.14,5600000.0,0.0,6.1,0.25,0.25,0.0,560.0,1.6,6.0E-7,1.4E-16,5.3E-22,0.0,2.3E7,1.0,7.3E8,
3.3E-40,0.04,3400.0,78000.0,610.0,5300000.0,1500.0,2600.0,2300.0,6800.0,2700.0,0.14,5400000.0,0.0,1.6E-5,0.19,0.19,0.0,560.0,5.3,1.2E-8,1.4E-16,1.5E-22,0.0,2.2E7,1.0,7.3E8,
3.1999999999999996E-41,0.0038,3400.0,2500.0,610.0,5000000.0,1500.0,2600.0,2300.0,6800.0,2700.0,0.13,5000000.0,0.0,1.7E-6,0.094,0.094,0.0,550.0,5.0,6.1E-10,1.4E-16,7.7E-24,0.0,2.2E7,1.0,7.3E8,
2.9E-41,0.0035,3400.0,2500.0,610.0,4200000.0,1500.0,2600.0,2200.0,6800.0,2700.0,0.13,4300000.0,0.0,1.5E-5,0.085,0.085,0.0,550.0,4.3,8.2E-11,1.4E-16,4.7E-24,0.0,2.1E7,1.0,7.2E8,
2.7E-41,0.0033,3400.0,2500.0,610.0,3899999.9999999995,1500.0,2600.0,2200.0,6800.0,2700.0,0.13,3899999.9999999995,0.0,1.6E-5,0.081,0.081,0.0,550.0,4.0,4.1E-12,1.4E-16,2.5E-24,0.0,2.0E7,1.0,7.2E8,
2.7E-41,0.0033,3400.0,2500.0,610.0,3899999.9999999995,1500.0,2600.0,2200.0,6800.0,2700.0,0.13,3899999.9999999995,0.0,1.7E-5,0.081,0.081,0.0,540.0,4.0,1.1E-14,1.4E-16,7.399999999999999E-25,0.0,1.9E7,1.0,7.2E8,
2.7E-41,0.0033,3400.0,2500.0,610.0,3899999.9999999995,1500.0,2600.0,2200.0,6700.0,2700.0,0.13,3899999.9999999995,0.0,1.8E-5,0.081,0.081,0.0,530.0,4.0,7.4E-17,1.4E-16,2.6999999999999997E-25,0.0,1.9E7,1.0,7.2E8,
2.7E-41,0.0033,3400.0,2500.0,610.0,3899999.9999999995,1500.0,2600.0,2200.0,6700.0,2700.0,0.13,3899999.9999999995,0.0,1.9E-5,0.081,0.081,0.0,520.0,4.0,1.9E-19,1.4E-16,8.5E-26,0.0,1.9E7,1.0,7.2E8,
2.7E-41,0.0033,3400.0,2500.0,610.0,3899999.9999999995,1500.0,2600.0,2200.0,6700.0,2700.0,0.13,3899999.9999999995,0.0,1.7E-5,0.081,0.081,0.0,510.0,4.0,4.9E-22,1.4E-16,2.8E-26,0.0,1.9E7,1.0,7.2E8,
2.7E-41,0.0033,3400.0,2500.0,610.0,3899999.9999999995,1500.0,2600.0,2200.0,6700.0,2700.0,0.13,3899999.9999999995,0.0,1.5E-5,0.081,0.081,0.0,510.0,4.0,1.2E-24,1.4E-16,1.1E-26,0.0,2.0E7,1.0,7.2E8,
2.7E-41,0.0033,3400.0,2500.0,610.0,3899999.9999999995,1500.0,2600.0,2200.0,6700.0,2700.0,0.13,3899999.9999999995,0.0,1.3E-5,0.081,0.081,0.0,510.0,4.0,3.1000000000000002E-27,1.4E-16,5.0E-27,0.0,2.2E7,1.0,7.2E8,
2.7E-41,0.0033,3400.0,2500.0,610.0,3899999.9999999995,1500.0,2600.0,2200.0,6700.0,2700.0,0.13,3899999.9999999995,0.0,1.0E-5,0.081,0.081,0.0,510.0,4.0,7.4E-30,1.4E-16,3.0E-27,0.0,2.3E7,1.0,7.2E8,
2.7E-41,0.0033,3400.0,2500.0,610.0,3899999.9999999995,1500.0,2600.0,2200.0,6700.0,2700.0,0.13,3899999.9999999995,0.0,8.7E-6,0.081,0.081,0.0,510.0,4.0,1.8E-32,1.4E-16,2.2000000000000002E-27,0.0,2.5E7,1.0,7.2E8,
2.7E-41,0.0033,3400.0,2500.0,610.0,3899999.9999999995,1500.0,2600.0,2200.0,6700.0,2700.0,0.13,3899999.9999999995,0.0,7.3E-6,0.081,0.081,0.0,510.0,4.0,4.2E-35,1.4E-16,1.7000000000000002E-27,0.0,2.6E7,1.0,7.2E8,
2.7E-41,0.0033,3400.0,2500.0,610.0,3899999.9999999995,1500.0,2600.0,2200.0,6700.0,2700.0,0.13,3899999.9999999995,0.0,6.7E-6,0.081,0.081,0.0,500.0,4.0,1.2E-36,1.4E-16,1.4E-27,0.0,2.7E7,1.0,7.2E8,
2.7E-41,0.0033,3400.0,2500.0,610.0,3899999.9999999995,1500.0,2600.0,2200.0,6700.0,2700.0,0.13,3899999.9999999995,0.0,8.2E-6,0.081,0.081,0.0,500.0,4.0,2.9999999999999996E-39,1.4E-16,1.4E-27,0.0,2.5E7,1.0,7.2E8,
2.7E-41,0.0033,3400.0,2500.0,610.0,3899999.9999999995,1500.0,2600.0,2200.0,6700.0,2700.0,0.13,3899999.9999999995,0.0,8.7E-6,0.081,0.081,0.0,490.0,4.0,7.8E-42,1.4E-16,1.6000000000000001E-27,0.0,2.5E7,1.0,7.2E8,
1.0E-39,0.11,14000.0,190000.0,43000.0,5200000.0,1500.0,2600.0,2200.0,6700.0,15000.0,0.14,5500000.0,0.0,4.0E-5,0.27,0.27,0.0,530.0,18.0,1.2E-6,1.5E-16,7.799999999999999E-22,0.0,2.5E7,1.0,7.4E8,
8.1E-40,0.086,14000.0,170000.0,9900.0,5200000.0,1500.0,2600.0,2200.0,6700.0,15000.0,0.13,5400000.0,0.0,1.5E-5,0.26,0.26,0.0,520.0,5.6,2.7E-8,1.5E-16,2.8E-22,0.0,2.4E7,1.0,7.4E8,
5.3E-40,0.056,1900.0,110000.0,2300.0,5200000.0,1500.0,2600.0,2200.0,6700.0,2600.0,0.13,5300000.0,0.0,6.7E-6,0.13,0.13,0.0,520.0,2.8,5.7E-10,1.5E-16,8.1E-23,0.0,2.2E7,1.0,7.4E8,
3.7E-40,0.039,1900.0,78000.0,2300.0,5200000.0,1500.0,2500.0,2200.0,6700.0,2600.0,0.13,5300000.0,0.0,7.5E-6,0.11,0.11,0.0,520.0,2.8,1.1E-11,1.5E-16,2.6E-23,0.0,2.1E7,1.0,7.4E8,
4.1999999999999997E-41,0.0045,1800.0,2500.0,2300.0,4900000.0,1500.0,2500.0,2200.0,6700.0,2600.0,0.13,4900000.0,0.0,1.0E-5,0.053,0.053,0.0,510.0,2.6,5.9E-13,1.5E-16,1.5999999999999999E-24,0.0,2.0E7,1.0,7.3E8,
4.0999999999999996E-41,0.0043,1800.0,2500.0,2300.0,4500000.0,1500.0,2500.0,2200.0,6700.0,2600.0,0.13,4500000.0,0.0,1.1E-5,0.051,0.051,0.0,510.0,2.5,1.1E-14,1.5E-16,6.9999999999999995E-25,0.0,2.0E7,1.0,7.3E8,
1.3E-40,0.015,6400.0,26000.0,3300.0,5200000.0,3200.0,2500.0,2200.0,3700.0,5700.0,0.13,5300000.0,0.0,1.2E-5,0.092,0.092,0.0,530.0,4.0,1.1E-9,1.6E-16,4.9E-23,0.0,1.9E7,1.0,7.4E8,
4.1999999999999997E-41,0.0049,6400.0,3300.0,3300.0,4700000.0,3200.0,2500.0,2200.0,3700.0,5600.0,0.13,4800000.0,0.0,1.9E-5,0.073,0.073,0.0,530.0,3.8,1.5E-10,1.5E-16,1.1E-23,0.0,1.9E7,1.0,7.3E8,
4.0E-41,0.0047,6300.0,3300.0,3300.0,4300000.0,3200.0,2500.0,2200.0,3700.0,5600.0,0.13,4300000.0,0.0,1.9E-5,0.069,0.069,0.0,540.0,3.6,7.5E-12,1.5E-16,5.699999999999999E-24,0.0,1.8E7,1.0,7.3E8,
3.9E-41,0.0047,6300.0,3300.0,3300.0,4200000.0,3200.0,2500.0,2200.0,3700.0,5600.0,0.13,4200000.0,0.0,2.0E-5,0.069,0.069,0.0,530.0,3.5,5.2E-14,1.5E-16,2.1E-24,0.0,1.8E7,1.0,7.3E8,
5.5E-41,0.0055,17000.0,6400.0,2800.0,5300000.0,640.0,2500.0,2200.0,3700.0,5600.0,0.13,5300000.0,0.0,1.6E-5,0.092,0.092,0.0,540.0,1.9,9.2E-8,1.6E-16,3.2000000000000003E-23,0.0,1.8E7,1.0,7.4E8,
5.3E-41,0.0054,4300.0,6400.0,2800.0,5000000.0,640.0,2500.0,2200.0,3700.0,5600.0,0.13,5000000.0,0.0,1.1E-5,0.089,0.089,0.0,550.0,1.8,6.3E-10,1.6E-16,1.2E-23,0.0,1.7E7,1.0,7.4E8,
5.3E-41,0.0053,4300.0,6400.0,2800.0,4800000.0,640.0,2500.0,2200.0,3700.0,5600.0,0.13,4900000.0,0.0,1.1E-5,0.088,0.088,0.0,550.0,1.7,4.4E-12,1.6E-16,4.2E-24,0.0,1.7E7,1.0,7.4E8,
5.1E-41,0.0051,4200.0,6400.0,2800.0,4300000.0,640.0,2500.0,2200.0,3700.0,5600.0,0.13,4300000.0,0.0,1.1E-5,0.083,0.083,0.0,550.0,1.6,2.2E-13,1.6E-16,2.1999999999999996E-24,0.0,1.7E7,1.0,7.3E8,
4.9E-41,0.0049,4200.0,6400.0,2800.0,3899999.9999999995,640.0,2500.0,2200.0,3700.0,5600.0,0.13,3899999.9999999995,0.0,1.1E-5,0.08,0.08,0.0,550.0,1.5,4.1E-15,1.6E-16,9.7E-25,0.0,1.6E7,1.0,7.3E8,
4.9E-41,0.0049,4200.0,6400.0,2800.0,3899999.9999999995,640.0,2500.0,2200.0,3700.0,5600.0,0.13,3899999.9999999995,0.0,1.0E-5,0.08,0.08,0.0,540.0,1.5,1.1E-17,1.6E-16,3.0E-25,0.0,1.7E7,1.0,7.3E8,
4.9E-41,0.0049,4200.0,6400.0,2800.0,3899999.9999999995,640.0,2500.0,2200.0,3700.0,5600.0,0.13,3899999.9999999995,0.0,9.0E-6,0.08,0.08,0.0,530.0,1.5,2.8E-20,1.6E-16,9.1E-26,0.0,1.7E7,1.0,7.3E8,
4.9E-41,0.0049,4200.0,6400.0,2800.0,3899999.9999999995,640.0,2500.0,2200.0,3700.0,5600.0,0.13,3899999.9999999995,0.0,7.5E-6,0.08,0.08,0.0,530.0,1.5,7.1E-23,1.6E-16,2.9E-26,0.0,1.9E7,1.0,7.3E8,
4.9E-41,0.0049,4200.0,6400.0,2800.0,3899999.9999999995,640.0,2500.0,2200.0,3700.0,5600.0,0.13,3899999.9999999995,0.0,6.7E-6,0.08,0.08,0.0,530.0,1.5,1.9E-25,1.6E-16,9.6E-27,0.0,1.9E7,1.0,7.2E8,
4.9E-41,0.0049,4200.0,6400.0,2800.0,3899999.9999999995,640.0,2500.0,2200.0,3700.0,5600.0,0.13,3899999.9999999995,0.0,7.0E-6,0.08,0.08,0.0,530.0,1.5,4.8E-28,1.6E-16,4.0E-27,0.0,1.9E7,1.0,7.2E8,
4.9E-41,0.0049,4200.0,6400.0,2800.0,3899999.9999999995,640.0,2500.0,2200.0,3700.0,5600.0,0.13,3899999.9999999995,0.0,6.5E-6,0.08,0.08,0.0,530.0,1.5,1.2000000000000001E-30,1.6E-16,2.3E-27,0.0,1.9E7,1.0,7.2E8,
4.9E-41,0.0049,4200.0,6400.0,2800.0,3899999.9999999995,640.0,2500.0,2200.0,3700.0,5600.0,0.13,3899999.9999999995,0.0,5.7E-6,0.08,0.08,0.0,530.0,1.5,3.2000000000000005E-33,1.6E-16,1.6000000000000001E-27,0.0,2.0E7,1.0,7.2E8,
4.9E-41,0.0049,4200.0,6400.0,2800.0,3899999.9999999995,640.0,2500.0,2200.0,3700.0,5600.0,0.13,3899999.9999999995,0.0,4.9E-6,0.08,0.08,0.0,530.0,1.5,8.6E-36,1.6E-16,1.3E-27,0.0,2.2E7,1.0,7.2E8,
4.9E-41,0.0049,4200.0,6400.0,2800.0,3899999.9999999995,640.0,2500.0,2200.0,3700.0,5600.0,0.13,3899999.9999999995,0.0,4.1E-6,0.08,0.08,0.0,530.0,1.5,6.400000000000001E-38,1.6E-16,1.1000000000000001E-27,0.0,2.3E7,1.0,7.2E8,
4.9E-41,0.0049,4200.0,6400.0,2800.0,3899999.9999999995,640.0,2500.0,2200.0,3700.0,5600.0,0.13,3899999.9999999995,0.0,3.4E-6,0.08,0.08,0.0,510.0,1.5,0.0,1.6E-16,9.000000000000001E-28,0.0,2.5E7,1.0,7.2E8,
4.9E-41,0.0049,4200.0,6400.0,2800.0,3899999.9999999995,640.0,2500.0,2200.0,3700.0,5600.0,0.13,3899999.9999999995,0.0,2.9E-6,0.08,0.08,0.0,510.0,1.5,0.0,1.6E-16,7.5E-28,0.0,2.6E7,1.0,7.2E8,
4.9E-41,0.0049,4200.0,6400.0,2800.0,3899999.9999999995,640.0,2500.0,2200.0,3700.0,5600.0,0.13,3899999.9999999995,0.0,2.4E-6,0.08,0.08,0.0,510.0,1.5,2.9999999999999996E-39,1.6E-16,6.300000000000001E-28,0.0,2.8E7,1.0,7.2E8,
4.9E-41,0.0049,4200.0,6400.0,2800.0,3899999.9999999995,640.0,2500.0,2200.0,3700.0,5600.0,0.13,3899999.9999999995,0.0,3.0E-6,0.08,0.08,0.0,510.0,1.5,7.8E-42,1.6E-16,6.300000000000001E-28,0.0,2.6E7,1.0,7.2E8,
4.9E-41,0.0049,4200.0,6400.0,2800.0,3899999.9999999995,640.0,2500.0,2200.0,3700.0,5600.0,0.13,3899999.9999999995,0.0,3.3E-6,0.08,0.08,0.0,510.0,1.5,2.0000000000000002E-44,1.6E-16,6.900000000000001E-28,0.0,2.5E7,1.0,7.2E8,
4.9E-41,0.0049,4200.0,6400.0,2800.0,3899999.9999999995,640.0,2500.0,2200.0,3700.0,5600.0,0.13,3899999.9999999995,0.0,3.2E-6,0.08,0.08,0.0,510.0,1.5,5.199999999999999E-47,1.6E-16,7.200000000000001E-28,0.0,2.5E7,1.0,7.2E8,
4.9E-41,0.0049,4200.0,6400.0,2800.0,3899999.9999999995,640.0,2500.0,2200.0,3700.0,5600.0,0.13,3899999.9999999995,0.0,2.9E-6,0.08,0.08,0.0,510.0,1.5,1.4E-49,1.6E-16,7.000000000000001E-28,0.0,2.6E7,1.0,7.2E8,
2.2E-40,0.021,7300.0,25000.0,26000.0,5200000.0,640.0,2500.0,2200.0,3700.0,5600.0,0.13,5300000.0,0.0,1.3E-5,0.1,0.1,0.0,540.0,6.8,2.8E-8,1.9E-16,4.399999999999999E-22,0.0,2.7E7,1.0,7.4E8,
4.0999999999999996E-41,0.004,7300.0,2100.0,3400.0,5100000.0,640.0,2500.0,2200.0,3700.0,5600.0,0.13,5200000.0,0.0,4.4E-6,0.084,0.084,0.0,530.0,1.9,2.0E-10,1.9E-16,3.1E-23,0.0,2.5E7,1.0,7.3E8,
4.0E-41,0.0039,7300.0,2100.0,3400.0,4800000.0,640.0,2500.0,2200.0,3700.0,5600.0,0.13,4800000.0,0.0,4.6E-6,0.081,0.081,0.0,530.0,1.8,2.7E-11,1.8E-16,2.0E-23,0.0,2.4E7,1.0,7.3E8,
3.9E-41,0.0038,7300.0,2100.0,3400.0,4600000.0,640.0,2500.0,2200.0,3700.0,5600.0,0.13,4600000.0,0.0,5.2E-6,0.08,0.08,0.0,530.0,1.7,5.0E-13,1.8E-16,8.799999999999999E-24,0.0,2.2E7,1.0,7.3E8,
3.8E-41,0.0037,7300.0,2100.0,3400.0,4400000.0,640.0,2500.0,2200.0,3700.0,5600.0,0.13,4400000.0,0.0,5.9E-6,0.078,0.078,0.0,530.0,1.7,3.4E-15,1.8E-16,3.1999999999999998E-24,0.0,2.1E7,1.0,7.3E8,
3.8E-41,0.0037,7300.0,2100.0,3400.0,4200000.0,640.0,2500.0,2200.0,3700.0,5600.0,0.13,4300000.0,0.0,6.3E-6,0.077,0.077,0.0,530.0,1.7,1.7E-16,1.8E-16,1.7E-24,0.0,2.0E7,1.0,7.3E8,
3.6E-41,0.0035,7300.0,2100.0,3400.0,3899999.9999999995,640.0,2500.0,2200.0,3700.0,5600.0,0.13,3899999.9999999995,0.0,6.6E-6,0.074,0.074,0.0,530.0,1.6,8.7E-18,1.8E-16,9.0E-25,0.0,2.0E7,1.0,7.2E8,
3.6E-41,0.0035,7300.0,2100.0,3400.0,3899999.9999999995,640.0,2500.0,2200.0,3700.0,5600.0,0.13,3899999.9999999995,0.0,7.2E-6,0.074,0.074,0.0,520.0,1.6,2.3E-20,1.8E-16,2.6999999999999997E-25,0.0,1.9E7,1.0,7.2E8,
3.6E-41,0.0035,7300.0,2100.0,3400.0,3899999.9999999995,640.0,2500.0,2200.0,3700.0,5600.0,0.13,3899999.9999999995,0.0,6.9E-6,0.074,0.074,0.0,510.0,1.6,5.8E-23,1.8E-16,8.4E-26,0.0,1.9E7,1.0,7.2E8,
3.6E-41,0.0035,7300.0,2100.0,3400.0,3899999.9999999995,640.0,2500.0,2200.0,3700.0,5600.0,0.13,3899999.9999999995,0.0,6.2E-6,0.074,0.074,0.0,510.0,1.6,1.5E-25,1.8E-16,2.6E-26,0.0,2.0E7,1.0,7.2E8,
3.6E-41,0.0035,7300.0,2100.0,3400.0,3899999.9999999995,640.0,2500.0,2200.0,3700.0,5600.0,0.13,3899999.9999999995,0.0,5.3E-6,0.074,0.074,0.0,510.0,1.6,3.9000000000000004E-28,1.8E-16,8.9E-27,0.0,2.1E7,1.0,7.2E8,
3.6E-41,0.0035,7300.0,2100.0,3400.0,3899999.9999999995,640.0,2500.0,2200.0,3700.0,5600.0,0.13,3899999.9999999995,0.0,4.5E-6,0.074,0.074,0.0,500.0,1.6,9.999999999999999E-31,1.8E-16,3.5E-27,0.0,2.3E7,1.0,7.2E8,
3.6E-41,0.0035,7300.0,2100.0,3400.0,3799999.9999999995,640.0,2500.0,2200.0,3700.0,5600.0,0.13,3899999.9999999995,0.0,4.1E-6,0.074,0.074,0.0,500.0,1.6,2.5E-33,1.8E-16,1.8E-27,0.0,2.3E7,1.0,7.1E8,
3.6E-41,0.0035,7300.0,2100.0,3400.0,3799999.9999999995,640.0,2500.0,2200.0,3700.0,5600.0,0.13,3899999.9999999995,0.0,4.7E-6,0.074,0.074,0.0,500.0,1.6,6.5E-36,1.8E-16,1.3E-27,0.0,2.2E7,1.0,7.1E8,
3.6E-41,0.0035,7300.0,2100.0,3400.0,3799999.9999999995,640.0,2500.0,2200.0,3700.0,5600.0,0.13,3899999.9999999995,0.0,4.6E-6,0.074,0.074,0.0,490.0,1.6,1.7E-38,1.8E-16,1.2E-27,0.0,2.2E7,1.0,7.1E8,
3.6E-41,0.0035,7300.0,2100.0,3400.0,3799999.9999999995,640.0,2500.0,2200.0,3700.0,5600.0,0.13,3899999.9999999995,0.0,4.3E-6,0.074,0.074,0.0,480.0,1.6,4.4E-41,1.8E-16,1.2E-27,0.0,2.3E7,1.0,7.1E8,
3.6E-41,0.0035,7300.0,2100.0,3400.0,3799999.9999999995,640.0,2500.0,2200.0,3700.0,5600.0,0.13,3899999.9999999995,0.0,3.7E-6,0.074,0.074,0.0,480.0,1.6,1.1999999999999999E-43,1.8E-16,1.1000000000000001E-27,0.0,2.4E7,1.0,7.1E8,
3.6E-41,0.0035,7300.0,2100.0,3400.0,3799999.9999999995,640.0,2500.0,2200.0,3700.0,5600.0,0.13,3899999.9999999995,0.0,3.2E-6,0.074,0.074,0.0,480.0,1.6,6.4E-46,1.8E-16,9.3E-28,0.0,2.5E7,1.0,7.1E8,
3.6E-41,0.0035,7300.0,2100.0,3400.0,3799999.9999999995,640.0,2500.0,2200.0,3700.0,5600.0,0.13,3899999.9999999995,0.0,2.8E-6,0.074,0.074,0.0,470.0,1.6,0.0,1.8E-16,8.000000000000001E-28,0.0,2.7E7,1.0,7.1E8,
3.6E-41,0.0035,7300.0,2100.0,3400.0,3799999.9999999995,640.0,2500.0,2200.0,3700.0,5600.0,0.13,3899999.9999999995,0.0,2.4E-6,0.074,0.074,0.0,470.0,1.6,0.0,1.8E-16,6.900000000000001E-28,0.0,2.8E7,1.0,7.1E8,
3.6E-41,0.0035,7300.0,2100.0,3400.0,3799999.9999999995,640.0,2500.0,2200.0,3700.0,5600.0,0.13,3899999.9999999995,0.0,2.0E-6,0.074,0.074,0.0,470.0,1.6,1.8E-46,1.8E-16,5.9E-28,0.0,3.0E7,1.0,7.1E8,
3.6E-41,0.0035,7300.0,2100.0,3400.0,3799999.9999999995,640.0,2500.0,2200.0,3700.0,5600.0,0.13,3899999.9999999995,0.0,2.6E-6,0.074,0.074,0.0,470.0,1.6,4.6E-49,1.8E-16,6.100000000000001E-28,0.0,2.7E7,1.0,7.1E8,
3.6E-41,0.0035,7300.0,2100.0,3400.0,3799999.9999999995,640.0,2500.0,2200.0,3700.0,5600.0,0.13,3899999.9999999995,0.0,2.9E-6,0.074,0.074,0.0,470.0,1.6,1.2E-51,1.8E-16,6.800000000000001E-28,0.0,2.6E7,1.0,7.1E8,
3.6E-41,0.0035,7300.0,2100.0,3400.0,3799999.9999999995,640.0,2500.0,2200.0,3700.0,5600.0,0.13,3899999.9999999995,0.0,2.9E-6,0.074,0.074,0.0,460.0,1.6,3.1E-54,1.8E-16,7.200000000000001E-28,0.0,2.6E7,1.0,7.1E8,
3.6E-41,0.0035,7300.0,2100.0,3400.0,3799999.9999999995,640.0,2500.0,2200.0,3700.0,5600.0,0.13,3899999.9999999995,0.0,2.7E-6,0.074,0.074,0.0,460.0,1.6,8.000000000000001E-57,1.8E-16,7.100000000000001E-28,0.0,2.7E7,1.0,7.1E8,
3.6E-41,0.0035,7300.0,2100.0,3400.0,3799999.9999999995,640.0,2500.0,2200.0,3700.0,5600.0,0.13,3899999.9999999995,0.0,2.4E-6,0.074,0.074,0.0,460.0,1.6,8.3E-59,1.8E-16,6.6E-28,0.0,2.8E7,1.0,7.1E8,
3.6E-41,0.0035,7300.0,2100.0,3400.0,3799999.9999999995,640.0,2500.0,2200.0,3700.0,5600.0,0.13,3899999.9999999995,0.0,2.1E-6,0.074,0.074,0.0,460.0,1.6,2.5E-59,1.8E-16,6.000000000000001E-28,0.0,2.9E7,1.0,7.1E8,
3.6E-41,0.0035,7300.0,2100.0,3400.0,3799999.9999999995,640.0,2500.0,2200.0,3700.0,5600.0,0.13,3899999.9999999995,0.0,1.8E-6,0.074,0.074,0.0,450.0,1.6,7.000000000000001E-60,1.8E-16,5.300000000000001E-28,0.0,3.1E7,1.0,7.1E8,
3.6E-41,0.0035,7300.0,2100.0,3400.0,3799999.9999999995,640.0,2500.0,2200.0,3700.0,5600.0,0.13,3899999.9999999995,0.0,1.6E-6,0.074,0.074,0.0,450.0,1.6,0.0,1.8E-16,4.600000000000001E-28,0.0,3.2E7,1.0,7.1E8,
3.6E-41,0.0035,7300.0,2100.0,3400.0,3799999.9999999995,640.0,2500.0,2200.0,3700.0,5600.0,0.13,3899999.9999999995,0.0,1.9E-6,0.074,0.074,0.0,450.0,1.6,0.0,1.8E-16,4.400000000000001E-28,0.0,3.0E7,1.0,7.1E8,
3.6E-41,0.0035,7300.0,2100.0,3400.0,3799999.9999999995,640.0,2500.0,2200.0,3700.0,5600.0,0.13,3899999.9999999995,0.0,2.2E-6,0.074,0.074,0.0,450.0,1.6,0.0,1.8E-16,5.1E-28,0.0,2.9E7,1.0,7.1E8,
3.6E-41,0.0035,7300.0,2100.0,3400.0,3799999.9999999995,640.0,2500.0,2200.0,3700.0,5600.0,0.13,3899999.9999999995,0.0,2.4E-6,0.074,0.074,0.0,450.0,1.6,0.0,1.8E-16,5.7E-28,0.0,2.8E7,1.0,7.1E8,
3.6E-41,0.0035,7300.0,2100.0,3400.0,3799999.9999999995,640.0,2500.0,2200.0,3700.0,5600.0,0.13,3899999.9999999995,0.0,2.3E-6,0.074,0.074,0.0,450.0,1.6,0.0,1.8E-16,5.9E-28,0.0,2.8E7,1.0,7.1E8,
3.6E-41,0.0035,7300.0,2100.0,3400.0,3799999.9999999995,640.0,2500.0,2200.0,3700.0,5600.0,0.13,3899999.9999999995,0.0,2.1E-6,0.074,0.074,0.0,450.0,1.6,0.0,1.8E-16,5.7E-28,0.0,2.9E7,1.0,7.1E8,
3.6E-41,0.0035,7300.0,2100.0,3400.0,3799999.9999999995,640.0,2500.0,2200.0,3700.0,5600.0,0.13,3899999.9999999995,0.0,1.9E-6,0.074,0.074,0.0,450.0,1.6,0.0,1.8E-16,5.300000000000001E-28,0.0,3.1E7,1.0,7.1E8,
3.6E-41,0.0035,7300.0,2100.0,3400.0,3799999.9999999995,640.0,2500.0,2200.0,3700.0,5600.0,0.13,3899999.9999999995,0.0,1.7E-6,0.074,0.074,0.0,450.0,1.6,0.0,1.8E-16,4.7000000000000005E-28,0.0,3.2E7,1.0,7.1E8,
3.6E-41,0.0035,7300.0,2100.0,3400.0,3799999.9999999995,640.0,2500.0,2200.0,3700.0,5600.0,0.13,3899999.9999999995,0.0,1.5E-6,0.074,0.074,0.0,440.0,1.6,0.0,1.8E-16,4.2E-28,0.0,3.3E7,1.0,7.1E8,
3.6E-41,0.0035,7300.0,2100.0,3400.0,3799999.9999999995,640.0,2500.0,2200.0,3700.0,5600.0,0.13,3899999.9999999995,0.0,1.5E-6,0.074,0.074,0.0,440.0,1.6,0.0,1.8E-16,3.8000000000000005E-28,0.0,3.3E7,1.0,7.1E8,
3.6E-41,0.0035,7300.0,2100.0,3400.0,3799999.9999999995,640.0,2500.0,2200.0,3700.0,5600.0,0.13,3899999.9999999995,0.0,1.9E-6,0.074,0.074,0.0,440.0,1.6,0.0,1.8E-16,4.400000000000001E-28,0.0,3.0E7,1.0,7.1E8,
3.6E-41,0.0035,7300.0,2100.0,3400.0,3799999.9999999995,640.0,2500.0,2200.0,3700.0,5600.0,0.13,3899999.9999999995,0.0,2.1E-6,0.074,0.074,0.0,440.0,1.6,0.0,1.8E-16,5.0E-28,0.0,2.9E7,1.0,7.1E8,
3.6E-41,0.0035,7300.0,2100.0,3400.0,3799999.9999999995,640.0,2500.0,2200.0,3700.0,5600.0,0.13,3899999.9999999995,0.0,2.1E-6,0.074,0.074,0.0,440.0,1.6,0.0,1.8E-16,5.400000000000001E-28,0.0,2.9E7,1.0,7.1E8,
3.6E-41,0.0035,7300.0,2100.0,3400.0,3799999.9999999995,640.0,2500.0,2200.0,3700.0,5600.0,0.13,3899999.9999999995,0.0,2.0E-6,0.074,0.074,0.0,430.0,1.6,0.0,1.8E-16,5.300000000000001E-28,0.0,3.0E7,1.0,7.1E8,
3.6E-41,0.0035,7300.0,2100.0,3400.0,3799999.9999999995,640.0,2500.0,2200.0,3700.0,5600.0,0.13,3899999.9999999995,0.0,1.8E-6,0.074,0.074,0.0,430.0,1.6,0.0,1.8E-16,5.0E-28,0.0,3.1E7,1.0,7.1E8,
3.6E-41,0.0035,7300.0,2100.0,3400.0,3799999.9999999995,640.0,2500.0,2200.0,3700.0,5600.0,0.13,3899999.9999999995,0.0,1.6E-6,0.074,0.074,0.0,430.0,1.6,0.0,1.8E-16,4.600000000000001E-28,0.0,3.2E7,1.0,7.1E8,
3.6E-41,0.0035,7300.0,2100.0,3400.0,3799999.9999999995,640.0,2500.0,2200.0,3700.0,5600.0,0.13,3899999.9999999995,0.0,1.4E-6,0.074,0.074,0.0,430.0,1.6,0.0,1.9E-16,4.1E-28,0.0,3.4E7,1.0,7.1E8,
3.6E-41,0.0035,7300.0,2100.0,3400.0,3799999.9999999995,640.0,2500.0,2200.0,3700.0,5600.0,0.13,3899999.9999999995,0.0,1.3E-6,0.074,0.074,0.0,410.0,1.6,0.0,1.9E-16,3.6000000000000003E-28,0.0,3.5E7,1.0,7.1E8,
3.6E-41,0.0035,7300.0,2100.0,3400.0,3799999.9999999995,640.0,2500.0,2200.0,3700.0,5600.0,0.13,3899999.9999999995,0.0,1.7E-6,0.074,0.074,0.0,410.0,1.6,0.0,1.9E-16,3.9000000000000004E-28,0.0,3.2E7,1.0,7.1E8,
3.6E-41,0.0035,7300.0,2100.0,3400.0,3799999.9999999995,640.0,2500.0,2200.0,3700.0,5600.0,0.13,3899999.9999999995,0.0,2.0E-6,0.074,0.074,0.0,410.0,1.6,0.0,1.9E-16,4.600000000000001E-28,0.0,3.0E7,1.0,7.1E8,
3.6E-41,0.0035,7300.0,2100.0,3400.0,3799999.9999999995,640.0,2500.0,2200.0,3700.0,5600.0,0.13,3899999.9999999995,0.0,2.0E-6,0.074,0.074,0.0,400.0,1.6,0.0,1.9E-16,5.1E-28,0.0,3.0E7,1.0,7.1E8,
3.6E-41,0.0035,7300.0,2100.0,3400.0,3799999.9999999995,640.0,2500.0,2200.0,3700.0,5600.0,0.13,3899999.9999999995,0.0,2.0E-6,0.074,0.074,0.0,400.0,1.6,0.0,1.9E-16,5.200000000000001E-28,0.0,3.0E7,1.0,7.1E8,
3.6E-41,0.0035,7300.0,2100.0,3400.0,3799999.9999999995,640.0,2500.0,2200.0,3700.0,5600.0,0.13,3899999.9999999995,0.0,1.8E-6,0.074,0.074,0.0,390.0,1.6,0.0,1.9E-16,4.9E-28,0.0,3.1E7,1.0,7.1E8,
4.8E-40,0.13,34000.0,130000.0,56000.0,5200000.0,3600.0,5200.0,5500.0,4400.0,120.0,0.13,5400000.0,0.0,4.6E-5,0.11,0.11,0.0,540.0,35.0,9.4E-8,2.9E-16,8.199999999999999E-22,0.0,3.1E7,1.0,7.4E8,
2.5E-40,0.068,3400.0,91000.0,3200.0,5200000.0,3600.0,5200.0,5500.0,4400.0,120.0,0.13,5300000.0,0.0,7.9E-6,0.089,0.089,0.0,540.0,4.8,2.0E-9,2.9E-16,1.8999999999999999E-22,0.0,2.8E7,1.0,7.4E8,
2.0E-41,0.0056,3400.0,280.0,3200.0,4700000.0,3600.0,5200.0,5500.0,4400.0,120.0,0.13,4700000.0,0.0,7.8E-6,0.03,0.03,0.0,530.0,4.5,7.2E-10,2.9E-16,1.3E-23,0.0,2.7E7,1.0,7.4E8,
2.0E-41,0.0054,3400.0,280.0,3100.0,4400000.0,3600.0,5200.0,5500.0,4400.0,120.0,0.13,4400000.0,0.0,8.2E-6,0.028,0.028,0.0,530.0,4.3,9.9E-11,2.9E-16,8.3E-24,0.0,2.6E7,1.0,7.3E8,
1.9E-41,0.0053,3400.0,280.0,3100.0,4200000.0,3600.0,5200.0,5500.0,4400.0,120.0,0.13,4300000.0,0.0,9.8E-6,0.027,0.027,0.0,530.0,4.2,6.8E-13,2.9E-16,2.9999999999999996E-24,0.0,2.5E7,1.0,7.3E8,
1.8E-41,0.0051,3400.0,270.0,3100.0,3899999.9999999995,3500.0,5200.0,5500.0,4400.0,120.0,0.13,3899999.9999999995,0.0,1.1E-5,0.025,0.025,0.0,530.0,4.0,1.3E-14,2.9E-16,1.2999999999999998E-24,0.0,2.3E7,1.0,7.3E8,
1.8E-41,0.0051,3400.0,270.0,3100.0,3899999.9999999995,3500.0,5200.0,5500.0,4400.0,120.0,0.13,3899999.9999999995,0.0,1.3E-5,0.025,0.025,0.0,530.0,4.0,3.3E-17,2.9E-16,3.9E-25,0.0,2.2E7,1.0,7.3E8,
1.8E-41,0.0051,3400.0,270.0,3100.0,3899999.9999999995,3500.0,5200.0,5500.0,4400.0,120.0,0.13,3899999.9999999995,0.0,1.3E-5,0.025,0.025,0.0,530.0,4.0,8.5E-20,2.9E-16,1.2E-25,0.0,2.2E7,1.0,7.3E8,
1.8E-41,0.0051,3400.0,270.0,3100.0,3899999.9999999995,3500.0,5200.0,5500.0,4400.0,120.0,0.13,3899999.9999999995,0.0,1.2E-5,0.025,0.025,0.0,520.0,4.0,2.1999999999999996E-22,2.9E-16,4.0E-26,0.0,2.2E7,1.0,7.3E8,
1.8E-41,0.0051,3400.0,270.0,3100.0,3899999.9999999995,3500.0,5200.0,5500.0,4400.0,120.0,0.13,3899999.9999999995,0.0,1.1E-5,0.025,0.025,0.0,510.0,4.0,5.6999999999999995E-25,2.9E-16,1.5E-26,0.0,2.3E7,1.0,7.3E8,
1.8E-41,0.0051,3400.0,270.0,3100.0,3899999.9999999995,3500.0,5200.0,5500.0,4400.0,120.0,0.13,3899999.9999999995,0.0,9.2E-6,0.025,0.025,0.0,510.0,4.0,1.5E-27,2.9E-16,7.2E-27,0.0,2.5E7,1.0,7.3E8,
1.8E-41,0.0051,3400.0,270.0,3100.0,3899999.9999999995,3500.0,5200.0,5500.0,4400.0,120.0,0.13,3899999.9999999995,0.0,7.8E-6,0.025,0.025,0.0,510.0,4.0,8.700000000000001E-30,2.9E-16,4.5E-27,0.0,2.6E7,1.0,7.3E8,
1.8E-41,0.005,3400.0,270.0,3100.0,3899999.9999999995,3500.0,5200.0,5500.0,4400.0,120.0,0.13,3899999.9999999995,0.0,7.7E-6,0.025,0.025,0.0,510.0,4.0,1.4E-31,2.9E-16,3.5E-27,0.0,2.6E7,1.0,7.2E8,
1.8E-41,0.005,3300.0,270.0,3100.0,3899999.9999999995,3500.0,5100.0,5500.0,4400.0,120.0,0.13,3899999.9999999995,0.0,9.0E-6,0.025,0.025,0.0,500.0,4.0,3.6E-34,2.9E-16,3.4000000000000004E-27,0.0,2.4E7,1.0,7.2E8,
1.8E-41,0.005,3300.0,270.0,3100.0,3899999.9999999995,3500.0,5100.0,5500.0,4400.0,120.0,0.13,3899999.9999999995,0.0,9.3E-6,0.025,0.025,0.0,500.0,4.0,9.2E-37,2.9E-16,3.6E-27,0.0,2.4E7,1.0,7.2E8,
1.8E-41,0.005,3300.0,270.0,3100.0,3899999.9999999995,3500.0,5100.0,5500.0,4400.0,120.0,0.13,3899999.9999999995,0.0,8.8E-6,0.025,0.025,0.0,480.0,4.0,2.3999999999999998E-39,2.9E-16,3.6E-27,0.0,2.5E7,1.0,7.2E8,
1.8E-41,0.005,3300.0,270.0,3100.0,3899999.9999999995,3500.0,5100.0,5500.0,4400.0,120.0,0.13,3899999.9999999995,0.0,7.9E-6,0.025,0.025,0.0,470.0,4.0,6.5E-42,2.9E-16,3.4000000000000004E-27,0.0,2.6E7,1.0,7.2E8,
1.8E-41,0.005,3300.0,270.0,3100.0,3899999.9999999995,3500.0,5100.0,5500.0,4400.0,120.0,0.13,3899999.9999999995,0.0,6.9E-6,0.025,0.025,0.0,470.0,4.0,1.3000000000000002E-44,2.9E-16,3.0E-27,0.0,2.7E7,1.0,7.2E8,
1.8E-41,0.005,3300.0,270.0,3100.0,3899999.9999999995,3500.0,5100.0,5500.0,4400.0,120.0,0.13,3899999.9999999995,0.0,6.0E-6,0.025,0.025,0.0,470.0,4.0,0.0,2.9E-16,2.7000000000000002E-27,0.0,2.8E7,1.0,7.2E8,
1.8E-41,0.005,3300.0,270.0,3100.0,3899999.9999999995,3500.0,5100.0,5500.0,4400.0,120.0,0.13,3899999.9999999995,0.0,5.2E-6,0.025,0.025,0.0,470.0,4.0,0.0,2.9E-16,2.3E-27,0.0,3.0E7,1.0,7.2E8,
1.8E-41,0.005,3300.0,270.0,3100.0,3899999.9999999995,3500.0,5100.0,5500.0,4400.0,120.0,0.13,3899999.9999999995,0.0,4.5E-6,0.025,0.025,0.0,470.0,4.0,3.4E-44,2.9E-16,2.0E-27,0.0,3.2E7,1.0,7.2E8,
1.8E-41,0.005,3300.0,270.0,3100.0,3899999.9999999995,3500.0,5100.0,5500.0,4400.0,120.0,0.13,3899999.9999999995,0.0,5.8E-6,0.025,0.025,0.0,460.0,4.0,8.699999999999999E-47,2.9E-16,2.1E-27,0.0,2.9E7,1.0,7.2E8,
1.8E-41,0.005,3300.0,270.0,3100.0,3899999.9999999995,3500.0,5100.0,5500.0,4400.0,120.0,0.13,3899999.9999999995,0.0,6.5E-6,0.025,0.025,0.0,450.0,4.0,2.2E-49,2.9E-16,2.4E-27,0.0,2.7E7,1.0,7.2E8,
1.9E-41,0.0039,2200.0,3000.0,400.0,5100000.0,5100.0,5100.0,5500.0,4400.0,120.0,0.13,5100000.0,0.0,4.4E-6,0.036,0.036,0.0,490.0,2.3,9.8E-8,3.2E-16,5.3E-23,0.0,2.7E7,1.0,7.3E8,
1.8E-41,0.0037,2200.0,3000.0,400.0,4700000.0,5100.0,5100.0,5500.0,4400.0,120.0,0.13,4800000.0,0.0,4.7E-6,0.034,0.034,0.0,490.0,2.2,4.9E-9,3.2E-16,2.8000000000000003E-23,0.0,2.5E7,1.0,7.3E8,
1.8E-41,0.0037,2200.0,3000.0,400.0,4600000.0,5100.0,5100.0,5500.0,4400.0,120.0,0.13,4600000.0,0.0,5.5E-6,0.033,0.033,0.0,470.0,2.1,9.2E-11,3.2E-16,1.2E-23,0.0,2.4E7,1.0,7.3E8,
1.7E-41,0.0035,2200.0,3000.0,400.0,4200000.0,5100.0,5100.0,5500.0,4400.0,120.0,0.13,4200000.0,0.0,5.8E-6,0.03,0.03,0.0,470.0,2.0,1.7E-12,3.1E-16,5.3E-24,0.0,2.2E7,1.0,7.3E8,
1.7E-41,0.0034,2200.0,3000.0,400.0,3899999.9999999995,5100.0,5100.0,5500.0,4400.0,120.0,0.13,3999999.9999999995,0.0,6.3E-6,0.029,0.029,0.0,470.0,1.9,3.2E-14,3.1E-16,2.2999999999999997E-24,0.0,2.1E7,1.0,7.2E8,
1.5999999999999998E-41,0.0034,2200.0,3000.0,400.0,3899999.9999999995,5100.0,5100.0,5500.0,4400.0,120.0,0.13,3899999.9999999995,0.0,6.8E-6,0.028,0.028,0.0,470.0,1.8,1.6E-15,3.1E-16,1.2999999999999998E-24,0.0,2.1E7,1.0,7.2E8,
1.5999999999999998E-41,0.0034,2200.0,3000.0,400.0,3899999.9999999995,5100.0,5100.0,5500.0,4400.0,120.0,0.13,3899999.9999999995,0.0,7.3E-6,0.028,0.028,0.0,470.0,1.8,4.2E-18,3.1E-16,3.8E-25,0.0,2.0E7,1.0,7.2E8,
1.5999999999999998E-41,0.0034,2200.0,3000.0,400.0,3899999.9999999995,5100.0,5100.0,5500.0,4400.0,120.0,0.13,3899999.9999999995,0.0,6.9E-6,0.028,0.028,0.0,470.0,1.8,1.1E-20,3.1E-16,1.2E-25,0.0,2.0E7,1.0,7.2E8,
1.5999999999999998E-41,0.0034,2200.0,3000.0,400.0,3899999.9999999995,5100.0,5100.0,5500.0,4400.0,120.0,0.13,3899999.9999999995,0.0,6.2E-6,0.028,0.028,0.0,470.0,1.8,2.8000000000000003E-23,3.1E-16,3.7E-26,0.0,2.1E7,1.0,7.2E8,
1.5999999999999998E-41,0.0034,2200.0,3000.0,400.0,3899999.9999999995,5100.0,5100.0,5500.0,4400.0,120.0,0.13,3899999.9999999995,0.0,5.3E-6,0.028,0.028,0.0,470.0,1.8,7.5E-26,3.1E-16,1.3E-26,0.0,2.2E7,1.0,7.2E8,
1.5999999999999998E-41,0.0034,2200.0,3000.0,400.0,3899999.9999999995,5100.0,5100.0,5500.0,4400.0,120.0,0.13,3899999.9999999995,0.0,4.5E-6,0.028,0.028,0.0,470.0,1.8,2.4E-28,3.1E-16,5.3E-27,0.0,2.4E7,1.0,7.2E8,
1.5999999999999998E-41,0.0034,2200.0,3000.0,400.0,3899999.9999999995,5100.0,5100.0,5500.0,4400.0,120.0,0.13,3899999.9999999995,0.0,3.8E-6,0.028,0.028,0.0,460.0,1.8,6.3999999999999995E-31,3.1E-16,2.8E-27,0.0,2.5E7,1.0,7.2E8,
1.5999999999999998E-41,0.0034,2200.0,3000.0,400.0,3899999.9999999995,5100.0,5100.0,5500.0,4400.0,120.0,0.13,3899999.9999999995,0.0,3.2E-6,0.028,0.028,0.0,460.0,1.8,4.9000000000000005E-33,3.1E-16,1.9E-27,0.0,2.7E7,1.0,7.2E8,
1.5999999999999998E-41,0.0034,2200.0,3000.0,400.0,3899999.9999999995,5100.0,5100.0,5500.0,4400.0,120.0,0.13,3899999.9999999995,0.0,2.7E-6,0.028,0.028,0.0,450.0,1.8,1.3E-34,3.1E-16,1.4E-27,0.0,2.9E7,1.0,7.2E8,
1.5999999999999998E-41,0.0034,2200.0,3000.0,400.0,3899999.9999999995,5100.0,5100.0,5500.0,4400.0,120.0,0.13,3899999.9999999995,0.0,3.4E-6,0.028,0.028,0.0,450.0,1.8,3.4E-37,3.1E-16,1.4E-27,0.0,2.6E7,1.0,7.2E8,
1.5999999999999998E-41,0.0034,2200.0,3000.0,400.0,3899999.9999999995,5100.0,5100.0,5500.0,4400.0,120.0,0.13,3899999.9999999995,0.0,3.8E-6,0.028,0.028,0.0,450.0,1.8,8.9E-40,3.1E-16,1.5E-27,0.0,2.5E7,1.0,7.2E8,
1.5999999999999998E-41,0.0034,2200.0,3000.0,400.0,3899999.9999999995,5100.0,5100.0,5500.0,4400.0,120.0,0.13,3899999.9999999995,0.0,3.7E-6,0.028,0.028,0.0,450.0,1.8,2.3E-42,3.1E-16,1.6000000000000001E-27,0.0,2.6E7,1.0,7.2E8,
1.5999999999999998E-41,0.0034,2200.0,3000.0,400.0,3899999.9999999995,5100.0,5100.0,5500.0,4400.0,120.0,0.13,3899999.9999999995,0.0,3.4E-6,0.028,0.028,0.0,450.0,1.8,6.0E-45,3.1E-16,1.5E-27,0.0,2.6E7,1.0,7.2E8,
1.5999999999999998E-41,0.0034,2200.0,3000.0,400.0,3899999.9999999995,5100.0,5100.0,5500.0,4400.0,120.0,0.13,3899999.9999999995,0.0,3.0E-6,0.028,0.028,0.0,450.0,1.8,6.2E-47,3.1E-16,1.4E-27,0.0,2.8E7,1.0,7.2E8,
1.5999999999999998E-41,0.0034,2200.0,3000.0,400.0,3899999.9999999995,5100.0,5100.0,5500.0,4400.0,120.0,0.13,3899999.9999999995,0.0,2.6E-6,0.028,0.028,0.0,450.0,1.8,1.8999999999999998E-47,3.1E-16,1.3E-27,0.0,2.9E7,1.0,7.2E8,
1.5999999999999998E-41,0.0034,2200.0,3000.0,400.0,3899999.9999999995,5100.0,5100.0,5500.0,4400.0,120.0,0.13,3899999.9999999995,0.0,2.3E-6,0.028,0.028,0.0,430.0,1.8,5.2000000000000004E-48,3.1E-16,1.1000000000000001E-27,0.0,3.0E7,1.0,7.2E8,
1.5999999999999998E-41,0.0034,2200.0,3000.0,400.0,3899999.9999999995,5100.0,5100.0,5500.0,4400.0,120.0,0.13,3899999.9999999995,0.0,2.0E-6,0.028,0.028,0.0,430.0,1.8,0.0,3.1E-16,9.8E-28,0.0,3.2E7,1.0,7.2E8,
8.7E-41,0.057,28000.0,62000.0,11000.0,5000000.0,5900.0,5100.0,5500.0,4400.0,120.0,0.13,5100000.0,0.0,1.3E-5,0.064,0.064,0.0,490.0,16.0,1.7E-6,3.6E-16,3.6E-22,0.0,3.2E7,1.0,7.4E8,
1.3999999999999998E-41,0.0089,100.0,3800.0,3300.0,5000000.0,5900.0,5100.0,5500.0,4400.0,120.0,0.13,5000000.0,0.0,1.3E-5,0.031,0.031,0.0,490.0,8.3,1.2E-8,3.6E-16,2.1E-23,0.0,2.9E7,1.0,7.4E8,
1.3E-41,0.0087,100.0,3800.0,3300.0,4800000.0,5900.0,5100.0,5500.0,4400.0,120.0,0.13,4800000.0,0.0,1.6E-5,0.03,0.03,0.0,490.0,8.1,8.4E-11,3.5E-16,7.599999999999999E-24,0.0,2.6E7,1.0,7.4E8,
1.3E-41,0.0086,100.0,3800.0,3300.0,4700000.0,5900.0,5100.0,5500.0,4300.0,120.0,0.13,4700000.0,0.0,1.9E-5,0.029,0.029,0.0,480.0,8.0,5.8E-13,3.5E-16,2.7999999999999998E-24,0.0,2.4E7,1.0,7.4E8,
1.3E-41,0.0083,100.0,3800.0,3300.0,4200000.0,5900.0,5100.0,5500.0,4300.0,120.0,0.13,4300000.0,0.0,2.0E-5,0.027,0.027,0.0,480.0,7.5,2.9E-14,3.5E-16,1.4999999999999998E-24,0.0,2.3E7,1.0,7.3E8,
1.1999999999999999E-41,0.008,100.0,3800.0,3300.0,3899999.9999999995,5900.0,5100.0,5500.0,4300.0,120.0,0.13,3899999.9999999995,0.0,2.2E-5,0.025,0.025,0.0,470.0,7.2,1.5E-15,3.5E-16,7.8E-25,0.0,2.2E7,1.0,7.3E8,
1.1999999999999999E-41,0.008,100.0,3800.0,3300.0,3899999.9999999995,5900.0,5100.0,5500.0,4300.0,120.0,0.13,3899999.9999999995,0.0,2.5E-5,0.025,0.025,0.0,470.0,7.2,3.8E-18,3.5E-16,2.4E-25,0.0,2.1E7,1.0,7.3E8,
1.1999999999999999E-41,0.008,100.0,3800.0,3300.0,3899999.9999999995,5900.0,5100.0,5500.0,4300.0,120.0,0.13,3899999.9999999995,0.0,2.5E-5,0.025,0.025,0.0,470.0,7.2,9.9E-21,3.5E-16,8.2E-26,0.0,2.1E7,1.0,7.3E8,
1.1999999999999999E-41,0.008,100.0,3800.0,3300.0,3899999.9999999995,5900.0,5100.0,5500.0,4300.0,120.0,0.13,3899999.9999999995,0.0,2.3E-5,0.025,0.025,0.0,470.0,7.2,2.6E-23,3.5E-16,3.3E-26,0.0,2.2E7,1.0,7.3E8,
1.1999999999999999E-41,0.008,100.0,3800.0,3300.0,3899999.9999999995,5900.0,5100.0,5500.0,4300.0,120.0,0.13,3899999.9999999995,0.0,2.0E-5,0.025,0.025,0.0,470.0,7.2,6.699999999999999E-26,3.5E-16,1.7E-26,0.0,2.3E7,1.0,7.3E8,
1.1999999999999999E-41,0.008,100.0,3800.0,3300.0,3899999.9999999995,5900.0,5100.0,5500.0,4300.0,120.0,0.13,3899999.9999999995,0.0,1.7E-5,0.025,0.025,0.0,470.0,7.2,2.1E-28,3.5E-16,1.1E-26,0.0,2.4E7,1.0,7.3E8,
1.1999999999999999E-41,0.008,100.0,3800.0,3300.0,3899999.9999999995,5900.0,5100.0,5500.0,4300.0,120.0,0.13,3899999.9999999995,0.0,1.5E-5,0.025,0.025,0.0,470.0,7.2,5.6000000000000005E-30,3.5E-16,8.7E-27,0.0,2.6E7,1.0,7.3E8,
1.1999999999999999E-41,0.008,100.0,3800.0,3300.0,3899999.9999999995,5900.0,5100.0,5500.0,4300.0,120.0,0.13,3899999.9999999995,0.0,1.3E-5,0.025,0.025,0.0,470.0,7.2,5.399999999999999E-31,3.5E-16,7.1E-27,0.0,2.7E7,1.0,7.3E8,
1.1999999999999999E-41,0.008,100.0,3800.0,3300.0,3899999.9999999995,5900.0,5100.0,5500.0,4300.0,120.0,0.13,3899999.9999999995,0.0,1.1E-5,0.025,0.025,0.0,470.0,7.2,2.2E-34,3.5E-16,6.0E-27,0.0,2.9E7,1.0,7.3E8,
1.1999999999999999E-41,0.008,100.0,3800.0,3300.0,3899999.9999999995,5900.0,5100.0,5500.0,4300.0,120.0,0.13,3899999.9999999995,0.0,1.2E-5,0.025,0.025,0.0,470.0,7.2,9.1E-36,3.5E-16,5.5E-27,0.0,2.8E7,1.0,7.3E8,
1.1999999999999999E-41,0.008,100.0,3800.0,3300.0,3899999.9999999995,5900.0,5100.0,5500.0,4300.0,120.0,0.13,3899999.9999999995,0.0,1.4E-5,0.025,0.025,0.0,470.0,7.2,2.4E-38,3.5E-16,6.1E-27,0.0,2.6E7,1.0,7.3E8,
1.1999999999999999E-41,0.008,100.0,3800.0,3300.0,3899999.9999999995,5900.0,5100.0,5500.0,4300.0,120.0,0.13,3899999.9999999995,0.0,1.4E-5,0.025,0.025,0.0,470.0,7.2,6.1E-41,3.5E-16,6.6E-27,0.0,2.6E7,1.0,7.3E8,
1.1999999999999999E-41,0.008,100.0,3800.0,3300.0,3899999.9999999995,5900.0,5100.0,5500.0,4300.0,120.0,0.13,3899999.9999999995,0.0,1.3E-5,0.025,0.025,0.0,460.0,7.2,1.6E-43,3.5E-16,6.6E-27,0.0,2.7E7,1.0,7.3E8,
1.1999999999999999E-41,0.008,100.0,3800.0,3300.0,3899999.9999999995,5900.0,5100.0,5500.0,4300.0,120.0,0.13,3899999.9999999995,0.0,1.2E-5,0.025,0.025,0.0,460.0,7.2,5.2999999999999994E-46,3.5E-16,6.2000000000000004E-27,0.0,2.8E7,1.0,7.3E8,
1.1999999999999999E-41,0.008,100.0,3800.0,3300.0,3899999.9999999995,5900.0,5100.0,5500.0,4300.0,120.0,0.13,3899999.9999999995,0.0,1.1E-5,0.025,0.025,0.0,460.0,7.2,1.1E-46,3.5E-16,5.6E-27,0.0,2.9E7,1.0,7.3E8,
1.1999999999999999E-41,0.008,100.0,3800.0,3300.0,3899999.9999999995,5900.0,5100.0,5500.0,4300.0,120.0,0.13,3899999.9999999995,0.0,9.2E-6,0.025,0.025,0.0,460.0,7.2,5.9E-48,3.5E-16,5.0E-27,0.0,3.0E7,1.0,7.3E8,
1.1999999999999999E-41,0.008,100.0,3800.0,3300.0,3899999.9999999995,5900.0,5100.0,5500.0,4300.0,120.0,0.13,3899999.9999999995,0.0,8.0E-6,0.025,0.025,0.0,460.0,7.2,0.0,3.5E-16,4.3E-27,0.0,3.2E7,1.0,7.3E8,
6.4E-42,0.002,600.0,42.0,2900.0,5300000.0,1600.0,5100.0,6600.0,7400.0,5400.0,0.13,5400000.0,0.0,1.8E-6,0.14,0.14,0.0,500.0,1.5,8.1E-8,5.4E-16,1.3E-22,0.0,3.2E7,1.0,7.4E8,
6.2E-42,0.0019,600.0,42.0,2900.0,5200000.0,1600.0,5100.0,6600.0,7400.0,5400.0,0.13,5200000.0,0.0,2.2E-6,0.13,0.13,0.0,500.0,1.5,5.6E-10,5.4E-16,4.6E-23,0.0,2.9E7,1.0,7.4E8,
6.0E-42,0.0019,590.0,42.0,2900.0,4800000.0,1600.0,5100.0,6600.0,7300.0,5400.0,0.13,4900000.0,0.0,2.6E-6,0.13,0.13,0.0,500.0,1.4,1.1E-11,5.3E-16,2.0E-23,0.0,2.7E7,1.0,7.4E8,
5.6E-42,0.0017,590.0,42.0,2900.0,4300000.0,1600.0,5100.0,6600.0,7300.0,5400.0,0.13,4400000.0,0.0,2.8E-6,0.12,0.12,0.0,500.0,1.3,5.3E-13,5.3E-16,1.0E-23,0.0,2.5E7,1.0,7.4E8,
5.4E-42,0.0017,590.0,42.0,2900.0,4099999.9999999995,1600.0,5100.0,6600.0,7300.0,5300.0,0.13,4099999.9999999995,0.0,3.0E-6,0.12,0.12,0.0,500.0,1.3,7.2E-14,5.3E-16,6.6E-24,0.0,2.4E7,1.0,7.3E8,
5.2E-42,0.0016,590.0,42.0,2900.0,3899999.9999999995,1600.0,5100.0,6600.0,7300.0,5300.0,0.12,3899999.9999999995,0.0,3.4E-6,0.12,0.12,0.0,490.0,1.2,1.4E-15,5.2E-16,2.9E-24,0.0,2.3E7,1.0,7.3E8,
5.2E-42,0.0016,590.0,42.0,2900.0,3899999.9999999995,1600.0,5100.0,6600.0,7300.0,5300.0,0.12,3899999.9999999995,0.0,3.7E-6,0.12,0.12,0.0,490.0,1.2,3.5E-18,5.2E-16,8.7E-25,0.0,2.2E7,1.0,7.3E8,
5.2E-42,0.0016,590.0,42.0,2900.0,3899999.9999999995,1600.0,5100.0,6600.0,7300.0,5300.0,0.12,3899999.9999999995,0.0,3.8E-6,0.12,0.12,0.0,490.0,1.2,2.5E-20,5.2E-16,3.1999999999999997E-25,0.0,2.2E7,1.0,7.2E8,
5.2E-42,0.0016,590.0,42.0,2900.0,3899999.9999999995,1600.0,5100.0,6600.0,7300.0,5300.0,0.12,3899999.9999999995,0.0,4.2E-6,0.12,0.12,0.0,490.0,1.2,6.400000000000001E-23,5.2E-16,9.8E-26,0.0,2.1E7,1.0,7.2E8,
5.2E-42,0.0016,590.0,42.0,2900.0,3899999.9999999995,1600.0,5100.0,6600.0,7300.0,5300.0,0.12,3899999.9999999995,0.0,4.1E-6,0.12,0.12,0.0,470.0,1.2,6.1E-26,5.3E-16,2.7E-26,0.0,2.1E7,1.0,7.2E8,
5.2E-42,0.0016,590.0,42.0,2900.0,3899999.9999999995,1600.0,5100.0,6600.0,7300.0,5300.0,0.12,3899999.9999999995,0.0,3.6E-6,0.12,0.12,0.0,470.0,1.2,1.6000000000000001E-28,5.3E-16,9.9E-27,0.0,2.2E7,1.0,7.2E8,
5.2E-42,0.0016,590.0,42.0,2900.0,3899999.9999999995,1600.0,5100.0,6600.0,7300.0,5300.0,0.12,3899999.9999999995,0.0,3.2E-6,0.12,0.12,0.0,470.0,1.2,1.1000000000000001E-30,5.3E-16,5.2E-27,0.0,2.3E7,1.0,7.2E8,
5.2E-42,0.0016,590.0,42.0,2900.0,3899999.9999999995,1600.0,5100.0,6600.0,7300.0,5300.0,0.12,3899999.9999999995,0.0,2.8E-6,0.12,0.12,0.0,470.0,1.2,4.6000000000000004E-33,5.3E-16,3.1000000000000002E-27,0.0,2.5E7,1.0,7.2E8,
5.2E-42,0.0016,590.0,42.0,2900.0,3899999.9999999995,1600.0,5100.0,6600.0,7300.0,5300.0,0.12,3899999.9999999995,0.0,2.3E-6,0.12,0.12,0.0,460.0,1.2,1.1999999999999999E-35,5.3E-16,2.1E-27,0.0,2.6E7,1.0,7.2E8,
5.2E-42,0.0016,590.0,42.0,2900.0,3899999.9999999995,1600.0,5100.0,6600.0,7300.0,5300.0,0.12,3899999.9999999995,0.0,2.0E-6,0.12,0.12,0.0,460.0,1.2,6.300000000000001E-38,5.3E-16,1.7000000000000002E-27,0.0,2.8E7,1.0,7.2E8,
5.2E-42,0.0016,590.0,42.0,2900.0,3799999.9999999995,1600.0,5100.0,6600.0,7300.0,5300.0,0.12,3899999.9999999995,0.0,1.8E-6,0.12,0.12,0.0,460.0,1.2,0.0,5.3E-16,1.4E-27,0.0,2.8E7,1.0,7.2E8,
5.2E-42,0.0016,590.0,42.0,2900.0,3799999.9999999995,1600.0,5100.0,6600.0,7300.0,5300.0,0.12,3899999.9999999995,0.0,2.2E-6,0.12,0.12,0.0,460.0,1.2,0.0,5.3E-16,1.5E-27,0.0,2.6E7,1.0,7.2E8,
5.2E-42,0.0016,590.0,42.0,2900.0,3799999.9999999995,1600.0,5100.0,6600.0,7300.0,5300.0,0.12,3899999.9999999995,0.0,2.4E-6,0.12,0.12,0.0,460.0,1.2,0.0,5.3E-16,1.6000000000000001E-27,0.0,2.6E7,1.0,7.2E8,
5.2E-42,0.0016,590.0,42.0,2900.0,3799999.9999999995,1600.0,5100.0,6600.0,7300.0,5300.0,0.12,3899999.9999999995,0.0,2.3E-6,0.12,0.12,0.0,460.0,1.2,0.0,5.3E-16,1.7000000000000002E-27,0.0,2.6E7,1.0,7.2E8,
5.2E-42,0.0016,590.0,42.0,2900.0,3799999.9999999995,1600.0,5100.0,6600.0,7300.0,5300.0,0.12,3899999.9999999995,0.0,2.1E-6,0.12,0.12,0.0,450.0,1.2,0.0,5.3E-16,1.6000000000000001E-27,0.0,2.7E7,1.0,7.2E8,
5.2E-42,0.0016,590.0,42.0,2900.0,3799999.9999999995,1600.0,5100.0,6600.0,7300.0,5300.0,0.12,3899999.9999999995,0.0,1.9E-6,0.12,0.12,0.0,440.0,1.2,0.0,5.3E-16,1.5E-27,0.0,2.8E7,1.0,7.2E8,
6.599999999999999E-41,0.045,18000.0,97000.0,6200.0,5100000.0,6600.0,5100.0,6600.0,7300.0,5300.0,0.13,5300000.0,0.0,1.4E-5,0.19,0.19,0.0,470.0,8.6,9.2E-9,5.6E-16,6.699999999999999E-22,0.0,2.8E7,1.0,7.3E8,
9.4E-42,0.0065,710.0,4400.0,6200.0,4900000.0,6600.0,5000.0,6500.0,7300.0,5300.0,0.13,5000000.0,0.0,1.7E-5,0.1,0.1,0.0,470.0,8.4,1.8E-10,5.6E-16,4.3E-23,0.0,2.6E7,1.0,7.3E8,
6.0E-41,0.033,2800.0,80000.0,7200.0,5300000.0,6600.0,5000.0,15000.0,9300.0,29000.0,0.13,5500000.0,0.0,1.2,1.0,1.0,0.0,470.0,8.6,2.8E-8,8.6E-16,6.4E-22,0.0,2.5E7,1.0,7.3E8,
9.0E-42,0.005,2800.0,1700.0,7200.0,5000000.0,6500.0,5000.0,2000.0,1700.0,6500.0,0.13,5100000.0,0.0,5.0E-6,0.29,0.29,0.0,470.0,9.5,3.9E-9,8.6E-16,6.400000000000001E-23,0.0,2.4E7,1.0,7.3E8,
8.7E-42,0.0048,2800.0,1700.0,7200.0,4500000.0,6500.0,5000.0,2000.0,1700.0,6500.0,0.12,4500000.0,0.0,2.6E-5,0.27,0.27,0.0,460.0,9.1,1.9E-10,8.5E-16,3.4E-23,0.0,2.3E7,1.0,7.3E8,
8.4E-42,0.0047,2800.0,1700.0,7200.0,4200000.0,6500.0,5000.0,2000.0,1700.0,6500.0,0.12,4200000.0,0.0,2.9E-5,0.26,0.26,0.0,460.0,8.8,3.7E-12,8.5E-16,1.5E-23,0.0,2.1E7,1.0,7.2E8,
8.2E-42,0.0046,2800.0,1700.0,7200.0,3899999.9999999995,6500.0,5000.0,2000.0,1700.0,6500.0,0.12,3899999.9999999995,0.0,3.2E-5,0.26,0.26,0.0,470.0,8.6,6.9E-14,8.4E-16,6.6E-24,0.0,2.0E7,1.0,7.2E8,
8.2E-42,0.0046,2800.0,1700.0,7200.0,3899999.9999999995,6500.0,5000.0,2000.0,1700.0,6500.0,0.12,3899999.9999999995,0.0,3.6E-5,0.26,0.26,0.0,470.0,8.6,1.8E-16,8.4E-16,2.0E-24,0.0,1.9E7,1.0,7.2E8,
8.2E-42,0.0045,2800.0,1700.0,7200.0,3799999.9999999995,6500.0,5000.0,2000.0,1700.0,6500.0,0.12,3899999.9999999995,0.0,3.7E-5,0.25,0.25,0.0,470.0,8.5,1.3E-18,8.3E-16,7.6E-25,0.0,1.9E7,1.0,7.1E8,
8.2E-42,0.0045,2800.0,1700.0,7200.0,3799999.9999999995,6500.0,5000.0,2000.0,1700.0,6500.0,0.12,3899999.9999999995,0.0,4.1E-5,0.25,0.25,0.0,470.0,8.5,3.3E-21,8.3E-16,2.6E-25,0.0,1.8E7,1.0,7.1E8,
8.2E-42,0.0045,2800.0,1700.0,7200.0,3799999.9999999995,6500.0,5000.0,2000.0,1700.0,6500.0,0.12,3899999.9999999995,0.0,3.9E-5,0.25,0.25,0.0,470.0,8.5,8.499999999999999E-24,8.3E-16,1.0999999999999999E-25,0.0,1.9E7,1.0,7.1E8,
8.2E-42,0.0045,2800.0,1700.0,7200.0,3799999.9999999995,6500.0,5000.0,2000.0,1700.0,6500.0,0.12,3899999.9999999995,0.0,3.5E-5,0.25,0.25,0.0,470.0,8.5,2.2E-26,8.3E-16,6.4E-26,0.0,2.0E7,1.0,7.1E8,
8.2E-42,0.0045,2800.0,1700.0,7200.0,3799999.9999999995,6500.0,5000.0,2000.0,1700.0,6500.0,0.12,3899999.9999999995,0.0,3.0E-5,0.25,0.25,0.0,470.0,8.5,5.9E-29,8.3E-16,4.5E-26,0.0,2.1E7,1.0,7.1E8,
8.2E-42,0.0045,2800.0,1700.0,7200.0,3799999.9999999995,6500.0,5000.0,2000.0,1700.0,6500.0,0.12,3799999.9999999995,0.0,3.1E-5,0.25,0.25,0.0,470.0,8.5,4.1E-31,8.3E-16,3.9E-26,0.0,2.0E7,1.0,7.0E8,
8.2E-42,0.0045,2800.0,1700.0,7200.0,3799999.9999999995,6500.0,5000.0,2000.0,1700.0,6500.0,0.12,3799999.9999999995,0.0,3.2E-5,0.25,0.25,0.0,460.0,8.5,1.1E-33,8.4E-16,3.8E-26,0.0,2.0E7,1.0,7.0E8,
8.2E-42,0.0045,2800.0,1700.0,7200.0,3799999.9999999995,6500.0,5000.0,2000.0,1700.0,6500.0,0.12,3799999.9999999995,0.0,3.0E-5,0.25,0.25,0.0,460.0,8.5,2.8E-36,8.4E-16,3.7E-26,0.0,2.0E7,1.0,7.0E8,
8.2E-42,0.0045,2800.0,1700.0,7200.0,3799999.9999999995,6500.0,5000.0,2000.0,1700.0,6500.0,0.12,3799999.9999999995,0.0,2.7E-5,0.25,0.25,0.0,460.0,8.5,7.3E-39,8.4E-16,3.4E-26,0.0,2.1E7,1.0,7.0E8,
8.2E-42,0.0045,2800.0,1700.0,7200.0,3799999.9999999995,6500.0,5000.0,2000.0,1700.0,6500.0,0.12,3799999.9999999995,0.0,2.3E-5,0.25,0.25,0.0,460.0,8.5,1.5999999999999998E-41,8.4E-16,3.0E-26,0.0,2.3E7,1.0,7.0E8,
8.2E-42,0.0045,2800.0,1700.0,7200.0,3799999.9999999995,6500.0,5000.0,2000.0,1700.0,6500.0,0.12,3799999.9999999995,0.0,1.9E-5,0.25,0.25,0.0,450.0,8.5,0.0,8.4E-16,2.6E-26,0.0,2.4E7,1.0,7.0E8,
4.4999999999999996E-41,0.029,34000.0,45000.0,15000.0,5000000.0,6900.0,5000.0,2000.0,1700.0,6500.0,0.12,5200000.0,0.0,2.1E-5,0.3,0.3,0.0,500.0,15.0,8.1E-9,8.9E-16,6.599999999999999E-22,0.0,2.5E7,1.0,7.2E8,
1.7E-41,0.011,1300.0,4500.0,15000.0,5000000.0,6900.0,5000.0,2000.0,1700.0,6500.0,0.12,5100000.0,0.0,4.1E-5,0.22,0.22,0.0,500.0,15.0,5.8E-11,8.9E-16,9.2E-23,0.0,2.3E7,1.0,7.2E8,
4.699999999999999E-41,0.028,7200.0,56000.0,5000.0,5100000.0,6900.0,5000.0,2000.0,1700.0,6500.0,0.12,5200000.0,0.0,3.7E-5,0.38,0.38,0.0,500.0,12.0,1.9E-8,9.5E-16,1.7E-21,0.0,2.2E7,1.0,7.2E8,
7.7E-42,0.0046,7200.0,910.0,5000.0,5000000.0,6900.0,5000.0,2000.0,1700.0,6500.0,0.12,5100000.0,0.0,4.2E-5,0.26,0.26,0.0,500.0,12.0,1.3E-10,9.4E-16,1.0999999999999998E-22,0.0,2.1E7,1.0,7.2E8,
7.7E-42,0.0046,7200.0,910.0,5000.0,5000000.0,6900.0,5000.0,2000.0,1700.0,6500.0,0.12,5000000.0,0.0,4.7E-5,0.26,0.26,0.0,500.0,12.0,9.4E-13,9.4E-16,3.9E-23,0.0,2.0E7,1.0,7.2E8,
7.4E-42,0.0044,7200.0,910.0,5000.0,4700000.0,6900.0,5000.0,2000.0,1700.0,6500.0,0.12,4700000.0,0.0,5.1E-5,0.25,0.25,0.0,500.0,12.0,1.8E-14,9.4E-16,1.7E-23,0.0,1.9E7,1.0,7.2E8,
7.3E-42,0.0044,7200.0,910.0,5000.0,4600000.0,6900.0,5000.0,2000.0,1700.0,6500.0,0.12,4600000.0,0.0,5.6E-5,0.25,0.25,0.0,500.0,11.0,1.2E-16,9.4E-16,6.199999999999999E-24,0.0,1.8E7,1.0,7.2E8,
7.0E-42,0.0042,7200.0,910.0,4900.0,4099999.9999999995,6900.0,5000.0,2000.0,1700.0,6500.0,0.12,4099999.9999999995,0.0,5.7E-5,0.24,0.24,0.0,500.0,11.0,6.2E-18,9.3E-16,3.3E-24,0.0,1.8E7,1.0,7.1E8,
6.8E-42,0.004,7200.0,910.0,4900.0,3799999.9999999995,6900.0,5000.0,2000.0,1700.0,6500.0,0.12,3899999.9999999995,0.0,5.9E-5,0.23,0.23,0.0,500.0,10.0,3.2E-19,9.3E-16,1.7999999999999997E-24,0.0,1.7E7,1.0,7.1E8,
6.8E-42,0.004,7200.0,910.0,4900.0,3799999.9999999995,6900.0,5000.0,2000.0,1700.0,6500.0,0.12,3899999.9999999995,0.0,6.0E-5,0.23,0.23,0.0,500.0,10.0,8.3E-22,9.3E-16,6.0E-25,0.0,1.7E7,1.0,7.1E8,
6.8E-42,0.004,7200.0,910.0,4900.0,3799999.9999999995,6900.0,5000.0,2000.0,1700.0,6500.0,0.12,3899999.9999999995,0.0,5.5E-5,0.23,0.23,0.0,500.0,10.0,2.1999999999999996E-24,9.3E-16,2.3E-25,0.0,1.8E7,1.0,7.1E8,
6.8E-42,0.004,7200.0,900.0,4900.0,3799999.9999999995,6900.0,5000.0,2000.0,1700.0,6500.0,0.12,3799999.9999999995,0.0,5.4E-5,0.23,0.23,0.0,500.0,10.0,5.6E-27,9.2E-16,1.2E-25,0.0,1.8E7,1.0,7.0E8,
6.8E-42,0.004,7200.0,900.0,4900.0,3799999.9999999995,6900.0,5000.0,2000.0,1700.0,6500.0,0.12,3799999.9999999995,0.0,5.4E-5,0.23,0.23,0.0,500.0,10.0,1.4999999999999998E-29,9.1E-16,8.5E-26,0.0,1.8E7,1.0,7.0E8,
6.8E-42,0.004,7200.0,900.0,4900.0,3799999.9999999995,6900.0,5000.0,2000.0,1700.0,6500.0,0.12,3799999.9999999995,0.0,5.7E-5,0.23,0.23,0.0,500.0,10.0,3.8E-32,9.1E-16,7.7E-26,0.0,1.7E7,1.0,7.0E8,
6.8E-42,0.004,7200.0,900.0,4900.0,3799999.9999999995,6900.0,5000.0,2000.0,1700.0,6500.0,0.12,3799999.9999999995,0.0,5.4E-5,0.23,0.23,0.0,500.0,10.0,1.0E-34,9.1E-16,7.4E-26,0.0,1.8E7,1.0,7.0E8,
6.8E-42,0.004,7200.0,900.0,4900.0,3799999.9999999995,6900.0,5000.0,2000.0,1700.0,6500.0,0.12,3799999.9999999995,0.0,4.7E-5,0.23,0.23,0.0,500.0,10.0,2.6000000000000002E-37,9.1E-16,6.8E-26,0.0,1.9E7,1.0,7.0E8,
6.8E-42,0.004,7200.0,900.0,4900.0,3799999.9999999995,6900.0,5000.0,2000.0,1700.0,6500.0,0.12,3799999.9999999995,0.0,3.9E-5,0.23,0.23,0.0,470.0,10.0,7.0E-40,9.1E-16,5.899999999999999E-26,0.0,2.0E7,1.0,7.0E8,
6.8E-42,0.004,7200.0,900.0,4900.0,3799999.9999999995,6900.0,5000.0,2000.0,1700.0,6500.0,0.12,3799999.9999999995,0.0,3.3E-5,0.23,0.23,0.0,470.0,10.0,1.8E-42,9.1E-16,5.0E-26,0.0,2.1E7,1.0,7.0E8,
6.8E-42,0.004,7200.0,900.0,4900.0,3799999.9999999995,6900.0,5000.0,2000.0,1700.0,6500.0,0.12,3799999.9999999995,0.0,2.7E-5,0.23,0.23,0.0,470.0,10.0,0.0,9.1E-16,4.2E-26,0.0,2.3E7,1.0,7.0E8,
6.8E-42,0.004,7200.0,900.0,4900.0,3699999.9999999995,6900.0,5000.0,2000.0,1700.0,6500.0,0.12,3799999.9999999995,0.0,2.4E-5,0.23,0.23,0.0,470.0,10.0,0.0,9.0E-16,3.5E-26,0.0,2.3E7,1.0,6.9E8,
6.8E-42,0.004,7200.0,900.0,4900.0,3699999.9999999995,6900.0,5000.0,2000.0,1700.0,6500.0,0.12,3799999.9999999995,0.0,2.8E-5,0.23,0.23,0.0,470.0,10.0,0.0,9.1E-16,3.5E-26,0.0,2.2E7,1.0,6.9E8,
6.8E-42,0.004,7200.0,900.0,4900.0,3699999.9999999995,6900.0,5000.0,2000.0,1700.0,6500.0,0.12,3799999.9999999995,0.0,2.9E-5,0.23,0.23,0.0,470.0,10.0,0.0,9.1E-16,3.7E-26,0.0,2.2E7,1.0,6.9E8,
6.8E-42,0.004,7200.0,900.0,4900.0,3699999.9999999995,6900.0,5000.0,2000.0,1700.0,6500.0,0.12,3799999.9999999995,0.0,2.7E-5,0.23,0.23,0.0,470.0,10.0,0.0,9.1E-16,3.7E-26,0.0,2.2E7,1.0,6.9E8,
6.8E-42,0.004,7200.0,900.0,4900.0,3699999.9999999995,6900.0,5000.0,2000.0,1700.0,6500.0,0.12,3799999.9999999995,0.0,2.4E-5,0.23,0.23,0.0,460.0,10.0,0.0,9.1E-16,3.4E-26,0.0,2.3E7,1.0,6.9E8,
6.8E-42,0.004,7200.0,900.0,4900.0,3699999.9999999995,6900.0,5000.0,2000.0,1700.0,6500.0,0.12,3799999.9999999995,0.0,2.1E-5,0.23,0.23,0.0,460.0,10.0,0.0,9.1E-16,3.1E-26,0.0,2.4E7,1.0,6.9E8,
6.8E-42,0.004,7200.0,900.0,4900.0,3699999.9999999995,6900.0,5000.0,2000.0,1700.0,6500.0,0.12,3799999.9999999995,0.0,1.8E-5,0.23,0.23,0.0,460.0,10.0,0.0,9.1E-16,2.7E-26,0.0,2.6E7,1.0,6.9E8,
6.8E-42,0.004,7200.0,900.0,4900.0,3699999.9999999995,6900.0,5000.0,2000.0,1700.0,6500.0,0.12,3799999.9999999995,0.0,1.5E-5,0.23,0.23,0.0,460.0,10.0,0.0,9.1E-16,2.3E-26,0.0,2.7E7,1.0,6.9E8,
6.8E-42,0.004,7200.0,900.0,4900.0,3699999.9999999995,6900.0,5000.0,2000.0,1700.0,6500.0,0.12,3799999.9999999995,0.0,1.3E-5,0.23,0.23,0.0,450.0,10.0,0.0,9.1E-16,2.0E-26,0.0,2.9E7,1.0,6.9E8,
6.8E-42,0.004,7200.0,900.0,4900.0,3699999.9999999995,6900.0,5000.0,2000.0,1700.0,6500.0,0.12,3799999.9999999995,0.0,1.6E-5,0.23,0.23,0.0,450.0,10.0,0.0,9.1E-16,2.0E-26,0.0,2.7E7,1.0,6.9E8,
6.8E-42,0.004,7200.0,900.0,4900.0,3699999.9999999995,6900.0,5000.0,2000.0,1700.0,6500.0,0.12,3799999.9999999995,0.0,1.8E-5,0.23,0.23,0.0,450.0,10.0,0.0,9.1E-16,2.2E-26,0.0,2.6E7,1.0,6.9E8,
6.8E-42,0.004,7200.0,900.0,4900.0,3699999.9999999995,6900.0,5000.0,2000.0,1700.0,6500.0,0.12,3799999.9999999995,0.0,1.9E-5,0.23,0.23,0.0,450.0,10.0,0.0,9.1E-16,2.4E-26,0.0,2.5E7,1.0,6.9E8,
6.8E-42,0.004,7200.0,900.0,4900.0,3699999.9999999995,6900.0,5000.0,2000.0,1700.0,6500.0,0.12,3799999.9999999995,0.0,1.8E-5,0.23,0.23,0.0,450.0,10.0,0.0,9.1E-16,2.4E-26,0.0,2.6E7,1.0,6.9E8,
6.8E-42,0.004,7200.0,900.0,4900.0,3699999.9999999995,6900.0,5000.0,2000.0,1700.0,6500.0,0.12,3799999.9999999995,0.0,1.6E-5,0.23,0.23,0.0,440.0,10.0,0.0,9.1E-16,2.2E-26,0.0,2.7E7,1.0,6.9E8,
6.8E-42,0.004,7200.0,900.0,4900.0,3699999.9999999995,6900.0,5000.0,2000.0,1700.0,6500.0,0.12,3799999.9999999995,0.0,1.4E-5,0.23,0.23,0.0,440.0,10.0,0.0,9.1E-16,2.0E-26,0.0,2.8E7,1.0,6.9E8,
6.8E-42,0.004,7200.0,900.0,4900.0,3699999.9999999995,6900.0,5000.0,2000.0,1700.0,6500.0,0.12,3799999.9999999995,0.0,1.2E-5,0.23,0.23,0.0,440.0,10.0,0.0,9.1E-16,1.8E-26,0.0,3.0E7,1.0,6.9E8,
6.8E-42,0.004,7200.0,900.0,4900.0,3699999.9999999995,6900.0,5000.0,2000.0,1700.0,6500.0,0.12,3799999.9999999995,0.0,1.1E-5,0.23,0.23,0.0,440.0,10.0,0.0,9.1E-16,1.6E-26,0.0,3.1E7,1.0,6.9E8,
6.7E-42,0.004,7200.0,900.0,4900.0,3699999.9999999995,6900.0,5000.0,2000.0,1700.0,6500.0,0.12,3799999.9999999995,0.0,1.1E-5,0.23,0.23,0.0,440.0,10.0,0.0,9.1E-16,1.5E-26,0.0,3.1E7,1.0,6.8E8,
6.7E-42,0.004,7200.0,900.0,4900.0,3699999.9999999995,6900.0,5000.0,2000.0,1700.0,6500.0,0.12,3699999.9999999995,0.0,1.4E-5,0.23,0.23,0.0,430.0,10.0,0.0,9.0E-16,1.6E-26,0.0,2.7E7,1.0,6.8E8,
6.7E-42,0.004,7200.0,900.0,4900.0,3699999.9999999995,6900.0,5000.0,2000.0,1700.0,6500.0,0.12,3699999.9999999995,0.0,1.7E-5,0.23,0.23,0.0,430.0,10.0,0.0,9.0E-16,2.0E-26,0.0,2.6E7,1.0,6.8E8,
6.7E-42,0.004,7200.0,900.0,4900.0,3699999.9999999995,6900.0,5000.0,2000.0,1700.0,6500.0,0.12,3699999.9999999995,0.0,1.7E-5,0.23,0.23,0.0,430.0,10.0,0.0,9.0E-16,2.2E-26,0.0,2.6E7,1.0,6.8E8,
6.7E-42,0.004,7200.0,900.0,4900.0,3699999.9999999995,6900.0,5000.0,2000.0,1700.0,6500.0,0.12,3699999.9999999995,0.0,1.6E-5,0.23,0.23,0.0,430.0,10.0,0.0,9.0E-16,2.2E-26,0.0,2.6E7,1.0,6.8E8,
6.7E-42,0.004,7200.0,900.0,4900.0,3699999.9999999995,6900.0,5000.0,2000.0,1700.0,6500.0,0.12,3699999.9999999995,0.0,1.5E-5,0.23,0.23,0.0,430.0,10.0,0.0,9.1E-16,2.1E-26,0.0,2.7E7,1.0,6.8E8,
6.7E-42,0.004,7200.0,900.0,4900.0,3699999.9999999995,6900.0,5000.0,2000.0,1700.0,6500.0,0.12,3699999.9999999995,0.0,1.3E-5,0.23,0.23,0.0,420.0,10.0,0.0,9.1E-16,2.0E-26,0.0,2.8E7,1.0,6.8E8,
6.7E-42,0.004,7200.0,900.0,4900.0,3699999.9999999995,6900.0,5000.0,2000.0,1700.0,6500.0,0.12,3699999.9999999995,0.0,1.2E-5,0.23,0.23,0.0,420.0,10.0,0.0,9.1E-16,1.8E-26,0.0,2.9E7,1.0,6.7E8,
6.7E-42,0.004,7200.0,900.0,4900.0,3699999.9999999995,6900.0,5000.0,2000.0,1700.0,6500.0,0.12,3699999.9999999995,0.0,1.6E-5,0.23,0.23,0.0,420.0,10.0,0.0,9.1E-16,1.9E-26,0.0,2.6E7,1.0,6.7E8,
6.7E-42,0.004,7200.0,900.0,4900.0,3699999.9999999995,6900.0,5000.0,2000.0,1700.0,6500.0,0.12,3699999.9999999995,0.0,1.7E-5,0.23,0.23,0.0,420.0,10.0,0.0,9.1E-16,2.2E-26,0.0,2.5E7,1.0,6.7E8,
6.7E-42,0.004,7200.0,900.0,4900.0,3599999.9999999995,6900.0,5000.0,2000.0,1700.0,6500.0,0.12,3699999.9999999995,0.0,1.9E-5,0.23,0.23,0.0,410.0,10.0,0.0,9.1E-16,2.4E-26,0.0,2.4E7,1.0,6.6E8,
6.7E-42,0.004,7200.0,900.0,4900.0,3599999.9999999995,6900.0,5000.0,2000.0,1700.0,6500.0,0.11,3699999.9999999995,0.0,2.2E-5,0.23,0.23,0.0,410.0,10.0,0.0,9.0E-16,2.7E-26,0.0,2.3E7,1.0,6.6E8,
6.7E-42,0.004,7200.0,900.0,4900.0,3599999.9999999995,6900.0,5000.0,2000.0,1700.0,6500.0,0.11,3699999.9999999995,0.0,2.7E-5,0.23,0.23,0.0,410.0,10.0,0.0,9.0E-16,3.2E-26,0.0,2.1E7,1.0,6.6E8,
6.7E-42,0.004,7200.0,900.0,4900.0,3599999.9999999995,6900.0,5000.0,2000.0,1700.0,6500.0,0.11,3699999.9999999995,0.0,2.8E-5,0.23,0.23,0.0,410.0,10.0,0.0,9.0E-16,3.6E-26,0.0,2.1E7,1.0,6.6E8,
6.7E-42,0.004,7200.0,900.0,4900.0,3599999.9999999995,6900.0,5000.0,2000.0,1700.0,6500.0,0.11,3699999.9999999995,0.0,2.6E-5,0.23,0.23,0.0,410.0,10.0,0.0,9.0E-16,3.7E-26,0.0,2.1E7,1.0,6.6E8,
6.7E-42,0.004,7200.0,900.0,4900.0,3599999.9999999995,6900.0,5000.0,2000.0,1700.0,6500.0,0.11,3699999.9999999995,0.0,2.4E-5,0.23,0.23,0.0,410.0,10.0,0.0,9.0E-16,3.5E-26,0.0,2.2E7,1.0,6.6E8,
6.7E-42,0.004,7200.0,900.0,4900.0,3599999.9999999995,6900.0,5000.0,2000.0,1700.0,6500.0,0.11,3699999.9999999995,0.0,2.1E-5,0.23,0.23,0.0,410.0,10.0,0.0,9.0E-16,3.2E-26,0.0,2.3E7,1.0,6.6E8,
6.7E-42,0.004,7200.0,900.0,4900.0,3599999.9999999995,6900.0,5000.0,2000.0,1700.0,6500.0,0.11,3699999.9999999995,0.0,1.8E-5,0.23,0.23,0.0,410.0,10.0,0.0,9.0E-16,2.8E-26,0.0,2.4E7,1.0,6.6E8,
6.7E-42,0.004,7200.0,900.0,4900.0,3599999.9999999995,6900.0,5000.0,2000.0,1700.0,6500.0,0.11,3699999.9999999995,0.0,1.5E-5,0.23,0.23,0.0,410.0,10.0,0.0,9.0E-16,2.4E-26,0.0,2.6E7,1.0,6.6E8,
6.7E-42,0.004,7200.0,900.0,4900.0,3599999.9999999995,6900.0,5000.0,2000.0,1700.0,6500.0,0.11,3699999.9999999995,0.0,1.3E-5,0.23,0.23,0.0,400.0,10.0,0.0,9.0E-16,2.1E-26,0.0,2.7E7,1.0,6.6E8,
6.7E-42,0.004,7200.0,900.0,4900.0,3599999.9999999995,6900.0,5000.0,2000.0,1700.0,6500.0,0.11,3699999.9999999995,0.0,1.5E-5,0.23,0.23,0.0,400.0,10.0,0.0,9.0E-16,2.0E-26,0.0,2.6E7,1.0,6.6E8,
6.7E-42,0.004,7200.0,900.0,4900.0,3599999.9999999995,6900.0,5000.0,2000.0,1700.0,6500.0,0.11,3699999.9999999995,0.0,1.8E-5,0.23,0.23,0.0,390.0,10.0,0.0,9.0E-16,2.2E-26,0.0,2.5E7,1.0,6.6E8,
6.7E-42,0.004,7200.0,900.0,4900.0,3599999.9999999995,6900.0,5000.0,2000.0,1700.0,6500.0,0.11,3699999.9999999995,0.0,1.8E-5,0.23,0.23,0.0,390.0,10.0,0.0,9.0E-16,2.4E-26,0.0,2.4E7,1.0,6.6E8,
6.6E-42,0.0039,7200.0,900.0,4900.0,3599999.9999999995,6900.0,5000.0,2000.0,1700.0,6400.0,0.11,3599999.9999999995,0.0,2.1E-5,0.22,0.22,0.0,380.0,10.0,0.0,8.9E-16,2.6E-26,0.0,2.3E7,1.0,6.5E8,
6.6E-42,0.0039,7200.0,900.0,4900.0,3599999.9999999995,6900.0,5000.0,2000.0,1700.0,6400.0,0.11,3599999.9999999995,0.0,2.4E-5,0.22,0.22,0.0,380.0,10.0,0.0,9.0E-16,3.0E-26,0.0,2.2E7,1.0,6.5E8,
6.6E-42,0.0039,7200.0,900.0,4900.0,3599999.9999999995,6900.0,5000.0,2000.0,1700.0,6400.0,0.11,3599999.9999999995,0.0,2.4E-5,0.22,0.22,0.0,380.0,10.0,0.0,9.0E-16,3.2E-26,0.0,2.2E7,1.0,6.5E8,
6.6E-42,0.0039,7200.0,900.0,4900.0,3599999.9999999995,6900.0,5000.0,2000.0,1700.0,6400.0,0.11,3599999.9999999995,0.0,2.2E-5,0.22,0.22,0.0,380.0,10.0,0.0,9.0E-16,3.2E-26,0.0,2.2E7,1.0,6.5E8,
6.6E-42,0.0039,7200.0,900.0,4900.0,3599999.9999999995,6900.0,5000.0,2000.0,1700.0,6400.0,0.11,3599999.9999999995,0.0,1.9E-5,0.22,0.22,0.0,370.0,10.0,0.0,9.0E-16,2.9E-26,0.0,2.3E7,1.0,6.5E8,
6.6E-42,0.0039,7200.0,900.0,4900.0,3599999.9999999995,6900.0,5000.0,2000.0,1700.0,6400.0,0.11,3599999.9999999995,0.0,1.7E-5,0.22,0.22,0.0,370.0,10.0,0.0,9.0E-16,2.6E-26,0.0,2.5E7,1.0,6.5E8,
6.6E-42,0.0039,7200.0,900.0,4900.0,3599999.9999999995,6900.0,5000.0,2000.0,1700.0,6400.0,0.11,3599999.9999999995,0.0,1.5E-5,0.22,0.22,0.0,370.0,10.0,0.0,9.0E-16,2.3E-26,0.0,2.6E7,1.0,6.5E8,
6.6E-42,0.0039,7200.0,900.0,4900.0,3599999.9999999995,6900.0,5000.0,2000.0,1700.0,6400.0,0.11,3599999.9999999995,0.0,1.3E-5,0.22,0.22,0.0,370.0,10.0,0.0,9.0E-16,2.0E-26,0.0,2.7E7,1.0,6.5E8,
6.6E-42,0.0039,7200.0,900.0,4900.0,3599999.9999999995,6900.0,5000.0,2000.0,1700.0,6400.0,0.11,3599999.9999999995,0.0,1.3E-5,0.22,0.22,0.0,360.0,10.0,0.0,9.0E-16,1.8E-26,0.0,2.7E7,1.0,6.5E8,
6.6E-42,0.0039,7200.0,900.0,4900.0,3599999.9999999995,6900.0,5000.0,2000.0,1700.0,6400.0,0.11,3599999.9999999995,0.0,1.6E-5,0.22,0.22,0.0,360.0,10.0,0.0,9.0E-16,2.0E-26,0.0,2.5E7,1.0,6.5E8,
6.6E-42,0.0039,7200.0,900.0,4900.0,3599999.9999999995,6900.0,5000.0,2000.0,1700.0,6400.0,0.11,3599999.9999999995,0.0,1.7E-5,0.22,0.22,0.0,360.0,10.0,0.0,9.0E-16,2.2E-26,0.0,2.5E7,1.0,6.5E8,
6.6E-42,0.0039,7200.0,900.0,4900.0,3599999.9999999995,6900.0,5000.0,2000.0,1700.0,6400.0,0.11,3599999.9999999995,0.0,1.7E-5,0.22,0.22,0.0,350.0,10.0,0.0,9.0E-16,2.3E-26,0.0,2.5E7,1.0,6.5E8,
6.6E-42,0.0039,7200.0,900.0,4900.0,3599999.9999999995,6900.0,5000.0,2000.0,1700.0,6400.0,0.11,3599999.9999999995,0.0,1.5E-5,0.22,0.22,0.0,340.0,10.0,0.0,9.0E-16,2.3E-26,0.0,2.5E7,1.0,6.5E8,
6.6E-42,0.0039,7200.0,900.0,4900.0,3599999.9999999995,6900.0,5000.0,2000.0,1700.0,6400.0,0.11,3599999.9999999995,0.0,1.4E-5,0.22,0.22,0.0,340.0,10.0,0.0,9.0E-16,2.1E-26,0.0,2.6E7,1.0,6.5E8,
6.6E-42,0.0039,7200.0,900.0,4900.0,3599999.9999999995,6900.0,5000.0,2000.0,1700.0,6400.0,0.11,3599999.9999999995,0.0,1.2E-5,0.22,0.22,0.0,340.0,10.0,0.0,9.0E-16,1.9E-26,0.0,2.8E7,1.0,6.5E8,
6.6E-42,0.0039,7200.0,900.0,4900.0,3599999.9999999995,6900.0,5000.0,2000.0,1700.0,6400.0,0.11,3599999.9999999995,0.0,1.1E-5,0.22,0.22,0.0,340.0,10.0,0.0,8.9E-16,1.7E-26,0.0,2.9E7,1.0,6.4E8,
6.6E-42,0.0039,7200.0,900.0,4900.0,3599999.9999999995,6900.0,5000.0,2000.0,1700.0,6400.0,0.11,3599999.9999999995,0.0,1.4E-5,0.22,0.22,0.0,330.0,10.0,0.0,8.9E-16,1.8E-26,0.0,2.6E7,1.0,6.4E8,
6.6E-42,0.0039,7200.0,900.0,4900.0,3599999.9999999995,6900.0,5000.0,2000.0,1700.0,6400.0,0.11,3599999.9999999995,0.0,1.6E-5,0.22,0.22,0.0,320.0,10.0,0.0,8.9E-16,2.0E-26,0.0,2.5E7,1.0,6.4E8,
6.6E-42,0.0039,7200.0,900.0,4900.0,3599999.9999999995,6900.0,5000.0,2000.0,1700.0,6400.0,0.11,3599999.9999999995,0.0,1.6E-5,0.22,0.22,0.0,320.0,10.0,0.0,8.9E-16,2.2E-26,0.0,2.5E7,1.0,6.4E8,
6.6E-42,0.0039,7200.0,900.0,4900.0,3599999.9999999995,6900.0,5000.0,2000.0,1700.0,6400.0,0.11,3599999.9999999995,0.0,1.5E-5,0.22,0.22,0.0,310.0,10.0,0.0,9.0E-16,2.2E-26,0.0,2.5E7,1.0,6.4E8,
6.6E-42,0.0039,7200.0,900.0,4900.0,3599999.9999999995,6900.0,5000.0,2000.0,1700.0,6400.0,0.11,3599999.9999999995,0.0,1.4E-5,0.22,0.22,0.0,310.0,10.0,0.0,9.0E-16,2.1E-26,0.0,2.6E7,1.0,6.4E8,
6.6E-42,0.0039,7200.0,900.0,4900.0,3599999.9999999995,6900.0,5000.0,2000.0,1700.0,6400.0,0.11,3599999.9999999995,0.0,1.2E-5,0.22,0.22,0.0,310.0,10.0,0.0,9.0E-16,1.9E-26,0.0,2.7E7,1.0,6.4E8,
6.6E-42,0.0039,7200.0,900.0,4900.0,3599999.9999999995,6900.0,5000.0,2000.0,1700.0,6400.0,0.11,3599999.9999999995,0.0,1.1E-5,0.22,0.22,0.0,310.0,10.0,0.0,9.0E-16,1.7E-26,0.0,2.9E7,1.0,6.4E8,
6.6E-42,0.0039,7200.0,900.0,4900.0,3499999.9999999995,6900.0,5000.0,2000.0,1700.0,6400.0,0.11,3599999.9999999995,0.0,9.6E-6,0.22,0.22,0.0,310.0,10.0,0.0,9.0E-16,1.5E-26,0.0,3.0E7,1.0,6.4E8,
6.6E-42,0.0039,7200.0,900.0,4900.0,3499999.9999999995,6900.0,5000.0,2000.0,1700.0,6400.0,0.11,3599999.9999999995,0.0,1.3E-5,0.22,0.22,0.0,310.0,10.0,0.0,9.0E-16,1.6E-26,0.0,2.7E7,1.0,6.4E8,
6.6E-42,0.0039,7200.0,900.0,4900.0,3499999.9999999995,6900.0,5000.0,2000.0,1700.0,6400.0,0.11,3599999.9999999995,0.0,1.4E-5,0.22,0.22,0.0,310.0,10.0,0.0,9.0E-16,1.8E-26,0.0,2.6E7,1.0,6.4E8,
6.6E-42,0.0039,7200.0,900.0,4900.0,3499999.9999999995,6900.0,5000.0,2000.0,1700.0,6400.0,0.11,3599999.9999999995,0.0,1.5E-5,0.22,0.22,0.0,310.0,10.0,0.0,9.0E-16,2.0E-26,0.0,2.5E7,1.0,6.4E8,
6.6E-42,0.0039,7200.0,900.0,4900.0,3499999.9999999995,6900.0,5000.0,2000.0,1700.0,6400.0,0.11,3599999.9999999995,0.0,1.4E-5,0.22,0.22,0.0,300.0,10.0,0.0,9.0E-16,2.0E-26,0.0,2.6E7,1.0,6.4E8,
6.6E-42,0.0039,7200.0,900.0,4900.0,3499999.9999999995,6900.0,5000.0,2000.0,1700.0,6400.0,0.11,3599999.9999999995,0.0,1.3E-5,0.22,0.22,0.0,290.0,10.0,0.0,9.0E-16,1.9E-26,0.0,2.7E7,1.0,6.4E8,
2.1E-42,0.0046,9700.0,310.0,1900.0,4700000.0,1200.0,4900.0,2000.0,1700.0,6400.0,0.11,4700000.0,0.0,1.7E-6,0.19,0.19,0.0,400.0,7.9,1.8E-9,1.0E-15,1.6E-22,0.0,2.6E7,1.0,6.6E8,
2.1E-42,0.0046,2200.0,310.0,1900.0,4600000.0,1200.0,4900.0,2000.0,1700.0,6400.0,0.11,4600000.0,0.0,1.4E-5,0.19,0.19,0.0,400.0,7.7,9.1E-11,1.0E-15,8.7E-23,0.0,2.4E7,1.0,6.6E8,
2.1E-42,0.0044,2200.0,310.0,1900.0,4400000.0,1200.0,4900.0,2000.0,1700.0,6400.0,0.11,4400000.0,0.0,1.6E-5,0.19,0.19,0.0,400.0,7.5,1.7E-12,1.0E-15,3.8E-23,0.0,2.3E7,1.0,6.6E8,
1.9E-42,0.0041,2100.0,310.0,1900.0,3999999.9999999995,1200.0,4900.0,2000.0,1700.0,6400.0,0.11,3999999.9999999995,0.0,1.8E-5,0.18,0.18,0.0,400.0,7.0,3.1E-14,1.0E-15,1.6000000000000002E-23,0.0,2.1E7,1.0,6.5E8,
1.9E-42,0.004,2100.0,310.0,1900.0,3799999.9999999995,1200.0,4900.0,2000.0,1700.0,6400.0,0.11,3899999.9999999995,0.0,2.1E-5,0.18,0.18,0.0,400.0,6.8,2.2E-16,1.0E-15,5.8E-24,0.0,2.0E7,1.0,6.5E8,
1.8E-42,0.0039,2100.0,310.0,1900.0,3599999.9999999995,1200.0,4900.0,2000.0,1700.0,6400.0,0.11,3599999.9999999995,0.0,2.2E-5,0.17,0.17,0.0,390.0,6.5,1.1E-17,1.0E-15,3.0999999999999997E-24,0.0,1.9E7,1.0,6.5E8,
1.8E-42,0.0039,2100.0,310.0,1900.0,3599999.9999999995,1200.0,4900.0,2000.0,1700.0,6400.0,0.11,3599999.9999999995,0.0,2.5E-5,0.17,0.17,0.0,390.0,6.5,2.8E-20,1.0E-15,9.499999999999999E-25,0.0,1.8E7,1.0,6.5E8,
1.8E-42,0.0039,2100.0,310.0,1900.0,3599999.9999999995,1200.0,4900.0,2000.0,1700.0,6400.0,0.11,3599999.9999999995,0.0,2.5E-5,0.17,0.17,0.0,390.0,6.5,7.2E-23,1.0E-15,3.1E-25,0.0,1.8E7,1.0,6.5E8,
1.8E-42,0.0039,2100.0,310.0,1900.0,3599999.9999999995,1200.0,4900.0,2000.0,1700.0,6400.0,0.11,3599999.9999999995,0.0,2.3E-5,0.17,0.17,0.0,390.0,6.5,1.8E-25,1.0E-15,1.2E-25,0.0,1.9E7,1.0,6.5E8,
1.8E-42,0.0039,2100.0,310.0,1900.0,3599999.9999999995,1200.0,4900.0,2000.0,1700.0,6400.0,0.11,3599999.9999999995,0.0,2.0E-5,0.17,0.17,0.0,390.0,6.5,4.7000000000000005E-28,1.0E-15,6.0E-26,0.0,2.0E7,1.0,6.5E8,
1.8E-42,0.0039,2100.0,310.0,1900.0,3599999.9999999995,1200.0,4900.0,2000.0,1700.0,6400.0,0.11,3599999.9999999995,0.0,1.7E-5,0.17,0.17,0.0,390.0,6.5,1.4000000000000001E-30,1.0E-15,3.8E-26,0.0,2.1E7,1.0,6.5E8,
1.8E-42,0.0039,2100.0,310.0,1900.0,3599999.9999999995,1200.0,4900.0,2000.0,1700.0,6400.0,0.11,3599999.9999999995,0.0,1.4E-5,0.17,0.17,0.0,390.0,6.5,3.0E-33,1.0E-15,2.8E-26,0.0,2.2E7,1.0,6.5E8,
1.8E-42,0.0039,2100.0,310.0,1900.0,3599999.9999999995,1200.0,4900.0,2000.0,1700.0,6400.0,0.11,3599999.9999999995,0.0,1.2E-5,0.17,0.17,0.0,390.0,6.5,1.0E-33,1.0E-15,2.3E-26,0.0,2.4E7,1.0,6.5E8,
1.8E-42,0.0039,2100.0,310.0,1900.0,3599999.9999999995,1200.0,4900.0,2000.0,1700.0,6400.0,0.11,3599999.9999999995,0.0,1.0E-5,0.17,0.17,0.0,380.0,6.5,4.0E-37,1.0E-15,1.9E-26,0.0,2.5E7,1.0,6.5E8,
1.8E-42,0.0039,2100.0,310.0,1900.0,3599999.9999999995,1200.0,4900.0,2000.0,1700.0,6400.0,0.11,3599999.9999999995,0.0,1.1E-5,0.17,0.17,0.0,380.0,6.5,0.0,1.0E-15,1.7E-26,0.0,2.4E7,1.0,6.5E8,
1.8E-42,0.0039,2100.0,310.0,1900.0,3599999.9999999995,1200.0,4900.0,2000.0,1700.0,6400.0,0.11,3599999.9999999995,0.0,1.3E-5,0.17,0.17,0.0,370.0,6.5,0.0,1.0E-15,1.9E-26,0.0,2.3E7,1.0,6.5E8,
1.8E-42,0.0039,2100.0,310.0,1900.0,3599999.9999999995,1200.0,4900.0,2000.0,1700.0,6400.0,0.11,3599999.9999999995,0.0,1.3E-5,0.17,0.17,0.0,370.0,6.5,0.0,1.0E-15,2.0E-26,0.0,2.3E7,1.0,6.5E8,
1.8E-42,0.0039,2100.0,310.0,1900.0,3599999.9999999995,1200.0,4900.0,2000.0,1700.0,6400.0,0.11,3599999.9999999995,0.0,1.2E-5,0.17,0.17,0.0,370.0,6.5,0.0,1.0E-15,2.0E-26,0.0,2.4E7,1.0,6.5E8,
1.8E-42,0.0039,2100.0,310.0,1900.0,3599999.9999999995,1200.0,4900.0,2000.0,1700.0,6400.0,0.11,3599999.9999999995,0.0,1.1E-5,0.17,0.17,0.0,370.0,6.5,0.0,1.0E-15,1.9E-26,0.0,2.4E7,1.0,6.5E8,
1.8E-42,0.0039,2100.0,310.0,1900.0,3599999.9999999995,1200.0,4900.0,2000.0,1700.0,6400.0,0.11,3599999.9999999995,0.0,9.8E-6,0.17,0.17,0.0,370.0,6.5,0.0,1.0E-15,1.7E-26,0.0,2.6E7,1.0,6.5E8,
1.8E-42,0.0039,2100.0,310.0,1900.0,3599999.9999999995,1200.0,4900.0,2000.0,1700.0,6400.0,0.11,3599999.9999999995,0.0,8.5E-6,0.17,0.17,0.0,360.0,6.5,0.0,1.0E-15,1.5E-26,0.0,2.7E7,1.0,6.5E8,
1.8E-42,0.0039,2100.0,310.0,1900.0,3599999.9999999995,1200.0,4900.0,2000.0,1700.0,6400.0,0.11,3599999.9999999995,0.0,7.4E-6,0.17,0.17,0.0,360.0,6.5,0.0,1.0E-15,1.3E-26,0.0,2.8E7,1.0,6.5E8,
5.5E-42,0.0096,41000.0,2000.0,19000.0,4900000.0,4300.0,5400.0,3700.0,7500.0,4400.0,0.11,4900000.0,0.0,3.2E-6,0.3,0.3,0.0,470.0,10.0,1.9E-8,1.4E-15,1.0999999999999998E-22,0.0,2.9E7,1.0,6.7E8,
2.6E-42,0.0054,6700.0,3000.0,2700.0,4600000.0,4300.0,5400.0,3600.0,7400.0,4400.0,0.11,4700000.0,0.0,3.5E-6,0.27,0.27,0.0,470.0,2.7,1.5E-8,1.4E-15,1.8E-23,0.0,2.7E7,1.0,6.7E8,
2.5E-42,0.0052,6700.0,3000.0,2700.0,4300000.0,4300.0,5400.0,3600.0,7400.0,4400.0,0.11,4300000.0,0.0,4.2E-6,0.26,0.26,0.0,470.0,2.6,2.9E-10,1.4E-15,8.0E-24,0.0,2.5E7,1.0,6.6E8,
1.8E-41,0.037,60000.0,87000.0,11000.0,4800000.0,4300.0,5400.0,3600.0,7400.0,4400.0,0.11,5000000.0,0.0,5.6,0.32,0.32,0.0,500.0,3.7,3.0E-7,1.4E-15,2.0E-21,0.0,2.5E7,1.0,6.7E8,
7.9E-42,0.016,60000.0,29000.0,11000.0,4700000.0,4300.0,5400.0,3600.0,7400.0,4400.0,0.11,4900000.0,0.0,8.7E-6,0.21,0.21,0.0,500.0,9.2,2.4E-9,1.4E-15,3.2999999999999996E-22,0.0,2.3E7,1.0,6.7E8,
1.7E-42,0.0035,32000.0,1600.0,3300.0,4700000.0,4300.0,5400.0,3600.0,7400.0,4400.0,0.11,4800000.0,0.0,3.2E-6,0.16,0.16,0.0,500.0,4.7,1.8E-11,1.4E-15,2.6E-23,0.0,2.2E7,1.0,6.7E8,
1.7E-42,0.0034,2200.0,1600.0,3300.0,4600000.0,4300.0,5400.0,3600.0,7400.0,4400.0,0.11,4600000.0,0.0,1.4E-5,0.16,0.16,0.0,500.0,4.7,9.2E-13,1.4E-15,1.4000000000000002E-23,0.0,2.1E7,1.0,6.7E8,
1.6E-42,0.0032,2200.0,1600.0,3300.0,4099999.9999999995,4300.0,5400.0,3600.0,7400.0,4300.0,0.11,4099999.9999999995,0.0,1.5E-5,0.15,0.15,0.0,500.0,4.3,1.7E-14,1.4E-15,5.999999999999999E-24,0.0,2.0E7,1.0,6.7E8,
1.5E-42,0.0031,2200.0,1600.0,3300.0,3599999.9999999995,4200.0,5300.0,3600.0,7300.0,4300.0,0.11,3699999.9999999995,0.0,1.5E-5,0.14,0.14,0.0,500.0,4.1,8.7E-16,1.4E-15,3.0999999999999997E-24,0.0,1.9E7,1.0,6.6E8,
1.5E-42,0.0031,2200.0,1600.0,3300.0,3599999.9999999995,4200.0,5300.0,3600.0,7300.0,4300.0,0.11,3699999.9999999995,0.0,1.7E-5,0.14,0.14,0.0,490.0,4.1,2.3E-18,1.4E-15,9.7E-25,0.0,1.8E7,1.0,6.6E8,
1.5E-42,0.0031,2200.0,1600.0,3300.0,3599999.9999999995,4200.0,5300.0,3600.0,7300.0,4300.0,0.11,3699999.9999999995,0.0,1.7E-5,0.14,0.14,0.0,490.0,4.1,5.9E-21,1.4E-15,3.1999999999999997E-25,0.0,1.8E7,1.0,6.6E8,
1.5E-42,0.0031,2200.0,1600.0,3300.0,3599999.9999999995,4200.0,5300.0,3600.0,7300.0,4300.0,0.11,3699999.9999999995,0.0,1.5E-5,0.14,0.14,0.0,490.0,4.1,1.6000000000000002E-23,1.4E-15,1.2E-25,0.0,1.9E7,1.0,6.6E8,
1.5E-42,0.0031,2200.0,1600.0,3300.0,3599999.9999999995,4200.0,5300.0,3600.0,7300.0,4300.0,0.11,3699999.9999999995,0.0,1.3E-5,0.14,0.14,0.0,480.0,4.1,4.1E-26,1.4E-15,5.5E-26,0.0,2.0E7,1.0,6.6E8,
1.5E-42,0.0031,2200.0,1600.0,3300.0,3599999.9999999995,4200.0,5300.0,3600.0,7300.0,4300.0,0.11,3699999.9999999995,0.0,1.1E-5,0.14,0.14,0.0,480.0,4.1,1.5000000000000002E-28,1.4E-15,3.4E-26,0.0,2.1E7,1.0,6.6E8,
1.5E-42,0.0031,2200.0,1600.0,3300.0,3599999.9999999995,4200.0,5300.0,3600.0,7300.0,4300.0,0.11,3699999.9999999995,0.0,9.2E-6,0.14,0.14,0.0,480.0,4.1,8.3E-31,1.4E-15,2.4E-26,0.0,2.2E7,1.0,6.6E8,
1.5E-42,0.0031,2200.0,1600.0,3300.0,3599999.9999999995,4200.0,5300.0,3600.0,7300.0,4300.0,0.11,3699999.9999999995,0.0,7.8E-6,0.14,0.14,0.0,480.0,4.1,5.4E-33,1.4E-15,1.9E-26,0.0,2.4E7,1.0,6.6E8,
1.5E-42,0.0031,2200.0,1600.0,3300.0,3599999.9999999995,4200.0,5300.0,3600.0,7300.0,4300.0,0.11,3699999.9999999995,0.0,6.6E-6,0.14,0.14,0.0,480.0,4.1,2.9E-36,1.4E-15,1.6E-26,0.0,2.5E7,1.0,6.6E8,
1.5E-42,0.0031,2200.0,1600.0,3300.0,3599999.9999999995,4200.0,5300.0,3600.0,7300.0,4300.0,0.11,3699999.9999999995,0.0,7.4E-6,0.14,0.14,0.0,480.0,4.1,6.3E-39,1.4E-15,1.5E-26,0.0,2.4E7,1.0,6.6E8,
1.5E-42,0.0031,2200.0,1600.0,3300.0,3599999.9999999995,4200.0,5300.0,3600.0,7300.0,4300.0,0.11,3699999.9999999995,0.0,8.4E-6,0.14,0.14,0.0,480.0,4.1,1.5999999999999998E-41,1.4E-15,1.6E-26,0.0,2.3E7,1.0,6.6E8,
1.5E-42,0.0031,2200.0,1600.0,3300.0,3599999.9999999995,4200.0,5300.0,3600.0,7300.0,4300.0,0.11,3699999.9999999995,0.0,8.5E-6,0.14,0.14,0.0,480.0,4.1,4.3E-44,1.4E-15,1.7E-26,0.0,2.3E7,1.0,6.6E8,
1.5E-42,0.0031,2200.0,1600.0,3300.0,3599999.9999999995,4200.0,5300.0,3600.0,7300.0,4300.0,0.11,3699999.9999999995,0.0,8.0E-6,0.14,0.14,0.0,480.0,4.1,1.1E-46,1.4E-15,1.7E-26,0.0,2.4E7,1.0,6.6E8,
1.5E-42,0.0031,2200.0,1600.0,3300.0,3599999.9999999995,4200.0,5300.0,3600.0,7300.0,4300.0,0.11,3699999.9999999995,0.0,7.2E-6,0.14,0.14,0.0,470.0,4.1,3.1999999999999996E-49,1.4E-15,1.6E-26,0.0,2.5E7,1.0,6.6E8,
1.5E-42,0.0031,2200.0,1600.0,3300.0,3599999.9999999995,4200.0,5300.0,3600.0,7300.0,4300.0,0.11,3599999.9999999995,0.0,8.1E-6,0.14,0.14,0.0,470.0,4.1,3.0E-51,1.4E-15,1.6E-26,0.0,2.3E7,1.0,6.6E8,
1.5E-42,0.0031,2200.0,1600.0,3300.0,3599999.9999999995,4200.0,5300.0,3600.0,7300.0,4300.0,0.11,3599999.9999999995,0.0,9.1E-6,0.14,0.14,0.0,460.0,4.1,7.8E-54,1.4E-15,1.8E-26,0.0,2.2E7,1.0,6.6E8,
1.5E-42,0.0031,2200.0,1600.0,3300.0,3599999.9999999995,4200.0,5300.0,3600.0,7300.0,4300.0,0.11,3599999.9999999995,0.0,9.1E-6,0.14,0.14,0.0,460.0,4.1,1.9999999999999999E-56,1.4E-15,1.9E-26,0.0,2.2E7,1.0,6.6E8,
1.5E-42,0.0031,2200.0,1600.0,3300.0,3599999.9999999995,4200.0,5300.0,3600.0,7300.0,4300.0,0.11,3599999.9999999995,0.0,8.4E-6,0.14,0.14,0.0,450.0,4.1,5.3E-59,1.4E-15,1.8E-26,0.0,2.3E7,1.0,6.6E8,
1.5E-42,0.0031,2200.0,1600.0,3300.0,3599999.9999999995,4200.0,5300.0,3600.0,7300.0,4300.0,0.11,3599999.9999999995,0.0,7.5E-6,0.14,0.14,0.0,450.0,4.1,1.7E-61,1.4E-15,1.7E-26,0.0,2.4E7,1.0,6.6E8,
1.5E-42,0.0031,2200.0,1600.0,3300.0,3599999.9999999995,4200.0,5300.0,3600.0,7300.0,4300.0,0.11,3599999.9999999995,0.0,6.6E-6,0.14,0.14,0.0,450.0,4.1,1.9E-63,1.4E-15,1.5E-26,0.0,2.5E7,1.0,6.6E8,
1.5E-42,0.0031,2200.0,1600.0,3300.0,3599999.9999999995,4200.0,5300.0,3600.0,7300.0,4300.0,0.11,3599999.9999999995,0.0,5.7E-6,0.14,0.14,0.0,450.0,4.1,3.8E-64,1.4E-15,1.3E-26,0.0,2.6E7,1.0,6.6E8,
1.5E-42,0.0031,2200.0,1600.0,3300.0,3599999.9999999995,4200.0,5300.0,3600.0,7300.0,4300.0,0.11,3599999.9999999995,0.0,4.9E-6,0.14,0.14,0.0,450.0,4.1,4.2E-65,1.4E-15,1.2E-26,0.0,2.8E7,1.0,6.6E8,
1.5E-42,0.0031,2200.0,1600.0,3300.0,3599999.9999999995,4200.0,5300.0,3600.0,7300.0,4300.0,0.11,3599999.9999999995,0.0,5.0E-6,0.14,0.14,0.0,450.0,4.1,0.0,1.4E-15,1.0E-26,0.0,2.8E7,1.0,6.6E8,
1.5E-42,0.0031,2200.0,1600.0,3300.0,3599999.9999999995,4200.0,5300.0,3600.0,7300.0,4300.0,0.11,3599999.9999999995,0.0,6.2E-6,0.14,0.14,0.0,450.0,4.1,0.0,1.4E-15,1.2E-26,0.0,2.6E7,1.0,6.6E8,
1.5E-42,0.0031,2200.0,1600.0,3300.0,3599999.9999999995,4200.0,5300.0,3600.0,7300.0,4300.0,0.11,3599999.9999999995,0.0,6.7E-6,0.14,0.14,0.0,450.0,4.1,0.0,1.4E-15,1.3E-26,0.0,2.5E7,1.0,6.6E8,
1.5E-42,0.003,2200.0,1600.0,3300.0,3599999.9999999995,4200.0,5300.0,3600.0,7300.0,4300.0,0.11,3599999.9999999995,0.0,6.5E-6,0.14,0.14,0.0,440.0,4.1,0.0,1.4E-15,1.4E-26,0.0,2.5E7,1.0,6.5E8,
1.5E-42,0.003,2200.0,1600.0,3300.0,3599999.9999999995,4200.0,5300.0,3600.0,7300.0,4300.0,0.11,3599999.9999999995,0.0,8.2E-6,0.14,0.14,0.0,440.0,4.1,0.0,1.4E-15,1.5E-26,0.0,2.3E7,1.0,6.5E8,
1.5E-42,0.003,2200.0,1600.0,3300.0,3599999.9999999995,4200.0,5300.0,3600.0,7300.0,4300.0,0.11,3599999.9999999995,0.0,8.9E-6,0.14,0.14,0.0,440.0,4.1,0.0,1.4E-15,1.7E-26,0.0,2.2E7,1.0,6.5E8,
1.5E-42,0.003,2200.0,1600.0,3300.0,3599999.9999999995,4200.0,5300.0,3600.0,7300.0,4300.0,0.11,3599999.9999999995,0.0,8.7E-6,0.14,0.14,0.0,430.0,4.1,0.0,1.4E-15,1.8E-26,0.0,2.2E7,1.0,6.5E8,
1.5E-42,0.003,2200.0,1600.0,3300.0,3599999.9999999995,4200.0,5300.0,3600.0,7300.0,4300.0,0.11,3599999.9999999995,0.0,7.9E-6,0.14,0.14,0.0,430.0,4.1,0.0,1.4E-15,1.8E-26,0.0,2.3E7,1.0,6.5E8,
1.5E-42,0.003,2200.0,1600.0,3300.0,3599999.9999999995,4200.0,5300.0,3600.0,7300.0,4300.0,0.11,3599999.9999999995,0.0,7.0E-6,0.14,0.14,0.0,430.0,4.1,0.0,1.4E-15,1.6E-26,0.0,2.4E7,1.0,6.5E8,
1.5E-42,0.003,2200.0,1600.0,3300.0,3599999.9999999995,4200.0,5300.0,3600.0,7300.0,4300.0,0.11,3599999.9999999995,0.0,6.1E-6,0.14,0.14,0.0,420.0,4.1,0.0,1.4E-15,1.4E-26,0.0,2.5E7,1.0,6.5E8,
1.5E-42,0.003,2200.0,1600.0,3300.0,3599999.9999999995,4200.0,5300.0,3600.0,7300.0,4300.0,0.11,3599999.9999999995,0.0,5.3E-6,0.14,0.14,0.0,420.0,4.1,0.0,1.4E-15,1.3E-26,0.0,2.7E7,1.0,6.5E8,
1.5E-42,0.003,2200.0,1600.0,3300.0,3599999.9999999995,4200.0,5300.0,3600.0,7300.0,4300.0,0.11,3599999.9999999995,0.0,4.6E-6,0.14,0.14,0.0,420.0,4.1,0.0,1.4E-15,1.1E-26,0.0,2.8E7,1.0,6.5E8,
1.5E-42,0.003,2200.0,1600.0,3300.0,3599999.9999999995,4200.0,5300.0,3600.0,7300.0,4300.0,0.11,3599999.9999999995,0.0,5.4E-6,0.14,0.14,0.0,420.0,4.1,0.0,1.4E-15,1.0E-26,0.0,2.7E7,1.0,6.5E8,
1.5E-42,0.003,2200.0,1600.0,3300.0,3599999.9999999995,4200.0,5300.0,3600.0,7300.0,4300.0,0.11,3599999.9999999995,0.0,6.3E-6,0.14,0.14,0.0,420.0,4.1,0.0,1.4E-15,1.2E-26,0.0,2.5E7,1.0,6.5E8,
1.5E-42,0.003,2200.0,1600.0,3300.0,3599999.9999999995,4200.0,5300.0,3600.0,7300.0,4300.0,0.11,3599999.9999999995,0.0,6.6E-6,0.14,0.14,0.0,420.0,4.1,0.0,1.4E-15,1.3E-26,0.0,2.5E7,1.0,6.5E8,
2.7E-41,0.071,23000.0,200000.0,4300.0,5100000.0,4200.0,5300.0,3600.0,7300.0,4300.0,0.11,5300000.0,0.0,3.3E-5,0.43,0.43,0.0,520.0,9.0,2.0E-8,1.6E-15,6.6E-21,0.0,2.5E7,1.0,6.7E8,
2.6E-41,0.069,120.0,190000.0,4300.0,5000000.0,4200.0,5300.0,3600.0,7300.0,4300.0,0.11,5300000.0,0.0,1.9E-5,0.42,0.42,0.0,520.0,8.9,4.3E-10,1.6E-15,2.9E-21,0.0,2.3E7,1.0,6.7E8,
1.9E-41,0.052,21000.0,140000.0,24000.0,5200000.0,630.0,5300.0,3600.0,2300.0,4300.0,0.11,5400000.0,0.0,2.0E-5,0.33,0.33,0.0,520.0,7.1,1.9E-8,1.6E-15,3.2E-21,0.0,2.2E7,1.0,6.7E8,
4.8E-42,0.013,13000.0,37000.0,1500.0,5100000.0,630.0,5300.0,3600.0,2300.0,4300.0,0.11,5200000.0,0.0,1.8E-6,0.18,0.18,0.0,520.0,1.6,2.7E-9,1.6E-15,5.499999999999999E-22,0.0,2.2E7,1.0,6.7E8,
1.2E-42,0.0033,600.0,4200.0,1500.0,5000000.0,630.0,5300.0,3600.0,2300.0,4300.0,0.11,5000000.0,0.0,5.0E-6,0.14,0.14,0.0,520.0,1.6,1.9E-11,1.6E-15,5.0E-23,0.0,2.0E7,1.0,6.7E8,
1.2E-42,0.0031,600.0,4200.0,1500.0,4600000.0,630.0,5300.0,3600.0,2300.0,4300.0,0.11,4700000.0,0.0,5.3E-6,0.13,0.13,0.0,520.0,1.5,3.5E-13,1.6E-15,2.2E-23,0.0,1.9E7,1.0,6.7E8,
1.1E-42,0.003,600.0,4200.0,1500.0,4099999.9999999995,630.0,5300.0,3500.0,2300.0,4300.0,0.11,4200000.0,0.0,5.6E-6,0.12,0.12,0.0,520.0,1.4,6.4E-15,1.6E-15,9.199999999999999E-24,0.0,1.8E7,1.0,6.6E8,
1.1E-42,0.0029,600.0,4200.0,1500.0,3999999.9999999995,630.0,5300.0,3500.0,2300.0,4300.0,0.11,3999999.9999999995,0.0,5.9E-6,0.12,0.12,0.0,520.0,1.3,1.2E-16,1.6E-15,4.0999999999999994E-24,0.0,1.8E7,1.0,6.6E8,
1.0E-42,0.0028,600.0,4200.0,1500.0,3599999.9999999995,630.0,5300.0,3500.0,2300.0,4300.0,0.11,3699999.9999999995,0.0,6.0E-6,0.12,0.12,0.0,520.0,1.2,6.0E-18,1.6E-15,2.1999999999999996E-24,0.0,1.7E7,1.0,6.6E8,
1.0E-42,0.0028,600.0,4200.0,1500.0,3599999.9999999995,630.0,5300.0,3500.0,2300.0,4300.0,0.11,3699999.9999999995,0.0,6.1E-6,0.12,0.12,0.0,510.0,1.2,1.5E-20,1.6E-15,6.699999999999999E-25,0.0,1.7E7,1.0,6.6E8,
1.0E-42,0.0028,600.0,4200.0,1500.0,3599999.9999999995,630.0,5300.0,3500.0,2300.0,4300.0,0.11,3699999.9999999995,0.0,5.7E-6,0.12,0.12,0.0,510.0,1.2,4.0E-23,1.6E-15,2.1E-25,0.0,1.7E7,1.0,6.6E8,
1.0E-42,0.0028,600.0,4200.0,1500.0,3599999.9999999995,630.0,5300.0,3500.0,2300.0,4300.0,0.11,3699999.9999999995,0.0,4.9E-6,0.12,0.12,0.0,510.0,1.2,9.999999999999999E-26,1.6E-15,7.2E-26,0.0,1.8E7,1.0,6.6E8,
1.0E-42,0.0028,600.0,4200.0,1500.0,3599999.9999999995,630.0,5300.0,3500.0,2300.0,4300.0,0.11,3699999.9999999995,0.0,4.2E-6,0.12,0.12,0.0,510.0,1.2,2.6000000000000004E-28,1.6E-15,2.9E-26,0.0,1.9E7,1.0,6.6E8,
1.0E-42,0.0028,600.0,4200.0,1500.0,3599999.9999999995,630.0,5300.0,3500.0,2300.0,4300.0,0.11,3699999.9999999995,0.0,3.5E-6,0.12,0.12,0.0,510.0,1.2,7.199999999999999E-31,1.6E-15,1.5E-26,0.0,2.1E7,1.0,6.6E8,
1.0E-42,0.0028,600.0,4200.0,1500.0,3599999.9999999995,630.0,5300.0,3500.0,2300.0,4300.0,0.11,3699999.9999999995,0.0,2.9E-6,0.12,0.12,0.0,510.0,1.2,9.6E-33,1.6E-15,9.9E-27,0.0,2.2E7,1.0,6.6E8,
1.0E-42,0.0028,600.0,4200.0,1500.0,3599999.9999999995,630.0,5300.0,3500.0,2300.0,4300.0,0.11,3699999.9999999995,0.0,2.4E-6,0.12,0.12,0.0,510.0,1.2,2.8999999999999997E-35,1.6E-15,7.4E-27,0.0,2.4E7,1.0,6.6E8,
1.0E-42,0.0028,600.0,4200.0,1500.0,3599999.9999999995,630.0,5300.0,3500.0,2300.0,4300.0,0.11,3699999.9999999995,0.0,2.0E-6,0.12,0.12,0.0,510.0,1.2,2.0E-37,1.6E-15,5.9000000000000005E-27,0.0,2.5E7,1.0,6.6E8,
1.0E-42,0.0028,600.0,4200.0,1500.0,3599999.9999999995,630.0,5300.0,3500.0,2300.0,4300.0,0.11,3699999.9999999995,0.0,2.5E-6,0.12,0.12,0.0,510.0,1.2,5.2E-40,1.6E-15,5.8E-27,0.0,2.3E7,1.0,6.6E8,
1.0E-42,0.0028,600.0,4200.0,1500.0,3599999.9999999995,630.0,5300.0,3500.0,2300.0,4300.0,0.11,3699999.9999999995,0.0,2.7E-6,0.12,0.12,0.0,510.0,1.2,1.3E-42,1.6E-15,6.3E-27,0.0,2.3E7,1.0,6.6E8,
1.0E-42,0.0028,600.0,4200.0,1500.0,3599999.9999999995,630.0,5300.0,3500.0,2300.0,4300.0,0.11,3699999.9999999995,0.0,2.7E-6,0.12,0.12,0.0,510.0,1.2,3.4E-45,1.6E-15,6.5E-27,0.0,2.3E7,1.0,6.6E8,
1.0E-42,0.0028,600.0,4200.0,1500.0,3599999.9999999995,630.0,5300.0,3500.0,2300.0,4300.0,0.11,3699999.9999999995,0.0,2.4E-6,0.12,0.12,0.0,500.0,1.2,8.9E-48,1.6E-15,6.3E-27,0.0,2.3E7,1.0,6.6E8,
1.0E-42,0.0028,600.0,4200.0,1500.0,3599999.9999999995,630.0,5300.0,3500.0,2300.0,4300.0,0.11,3699999.9999999995,0.0,2.2E-6,0.12,0.12,0.0,500.0,1.2,9.2E-50,1.6E-15,5.8E-27,0.0,2.5E7,1.0,6.6E8,
1.0E-42,0.0028,600.0,4200.0,1500.0,3599999.9999999995,630.0,5300.0,3500.0,2300.0,4300.0,0.11,3699999.9999999995,0.0,1.9E-6,0.12,0.12,0.0,490.0,1.2,2.8E-50,1.6E-15,5.2E-27,0.0,2.6E7,1.0,6.6E8,
1.0E-42,0.0028,600.0,4200.0,1500.0,3599999.9999999995,630.0,5300.0,3500.0,2300.0,4300.0,0.11,3699999.9999999995,0.0,1.6E-6,0.12,0.12,0.0,490.0,1.2,7.7E-51,1.6E-15,4.5E-27,0.0,2.7E7,1.0,6.6E8,
1.0E-42,0.0028,600.0,4200.0,1500.0,3599999.9999999995,630.0,5300.0,3500.0,2300.0,4300.0,0.11,3699999.9999999995,0.0,1.4E-6,0.12,0.12,0.0,490.0,1.2,0.0,1.6E-15,3.9000000000000004E-27,0.0,2.9E7,1.0,6.6E8,
1.0E-42,0.0028,600.0,4200.0,1500.0,3599999.9999999995,630.0,5300.0,3500.0,2300.0,4300.0,0.11,3699999.9999999995,0.0,1.7E-6,0.12,0.12,0.0,490.0,1.2,1.3E-52,1.6E-15,3.7E-27,0.0,2.7E7,1.0,6.6E8,
1.0E-42,0.0028,600.0,4200.0,1500.0,3599999.9999999995,630.0,5300.0,3500.0,2300.0,4300.0,0.11,3699999.9999999995,0.0,1.9E-6,0.12,0.12,0.0,490.0,1.2,3.4999999999999995E-55,1.6E-15,4.3E-27,0.0,2.5E7,1.0,6.6E8,
1.0E-42,0.0028,600.0,4200.0,1500.0,3599999.9999999995,630.0,5300.0,3500.0,2300.0,4300.0,0.11,3699999.9999999995,0.0,2.0E-6,0.12,0.12,0.0,480.0,1.2,8.9E-58,1.6E-15,4.7E-27,0.0,2.5E7,1.0,6.6E8,
1.0E-42,0.0028,600.0,4200.0,1500.0,3599999.9999999995,630.0,5300.0,3500.0,2300.0,4300.0,0.11,3699999.9999999995,0.0,1.9E-6,0.12,0.12,0.0,480.0,1.2,2.3E-60,1.6E-15,4.8E-27,0.0,2.6E7,1.0,6.6E8,
1.0E-42,0.0028,600.0,4200.0,1500.0,3599999.9999999995,630.0,5300.0,3500.0,2300.0,4300.0,0.11,3699999.9999999995,0.0,1.8E-6,0.12,0.12,0.0,470.0,1.2,7.799999999999999E-63,1.6E-15,4.6E-27,0.0,2.6E7,1.0,6.6E8,
1.0E-42,0.0028,600.0,4200.0,1500.0,3599999.9999999995,630.0,5300.0,3500.0,2300.0,4300.0,0.11,3699999.9999999995,0.0,1.6E-6,0.12,0.12,0.0,470.0,1.2,1.6E-63,1.6E-15,4.2E-27,0.0,2.7E7,1.0,6.6E8,
1.0E-42,0.0028,600.0,4200.0,1500.0,3599999.9999999995,630.0,5300.0,3500.0,2300.0,4300.0,0.11,3699999.9999999995,0.0,1.4E-6,0.12,0.12,0.0,470.0,1.2,9.800000000000001E-65,1.6E-15,3.8E-27,0.0,2.9E7,1.0,6.6E8,
1.0E-42,0.0028,600.0,4200.0,1500.0,3599999.9999999995,630.0,5300.0,3500.0,2300.0,4300.0,0.11,3699999.9999999995,0.0,1.2E-6,0.12,0.12,0.0,470.0,1.2,0.0,1.6E-15,3.3E-27,0.0,3.0E7,1.0,6.6E8,
1.0E-42,0.0028,600.0,4200.0,1500.0,3599999.9999999995,630.0,5300.0,3500.0,2300.0,4300.0,0.11,3699999.9999999995,0.0,1.3E-6,0.12,0.12,0.0,460.0,1.2,0.0,1.6E-15,3.0E-27,0.0,3.0E7,1.0,6.6E8,
1.0E-42,0.0028,600.0,4200.0,1500.0,3599999.9999999995,630.0,5300.0,3500.0,2300.0,4300.0,0.11,3699999.9999999995,0.0,1.6E-6,0.12,0.12,0.0,460.0,1.2,0.0,1.6E-15,3.4000000000000004E-27,0.0,2.7E7,1.0,6.6E8,
1.0E-42,0.0028,600.0,4200.0,1500.0,3599999.9999999995,630.0,5300.0,3500.0,2300.0,4300.0,0.11,3699999.9999999995,0.0,1.7E-6,0.12,0.12,0.0,460.0,1.2,0.0,1.6E-15,3.9000000000000004E-27,0.0,2.6E7,1.0,6.6E8,
1.0E-42,0.0028,600.0,4200.0,1500.0,3599999.9999999995,630.0,5300.0,3500.0,2300.0,4300.0,0.11,3699999.9999999995,0.0,1.7E-6,0.12,0.12,0.0,450.0,1.2,0.0,1.6E-15,4.2E-27,0.0,2.7E7,1.0,6.6E8,
1.0E-42,0.0028,600.0,4200.0,1500.0,3599999.9999999995,630.0,5300.0,3500.0,2300.0,4300.0,0.11,3699999.9999999995,0.0,1.6E-6,0.12,0.12,0.0,440.0,1.2,0.0,1.6E-15,4.1E-27,0.0,2.7E7,1.0,6.6E8,
1.0E-42,0.0028,600.0,4200.0,1500.0,3599999.9999999995,630.0,5300.0,3500.0,2300.0,4300.0,0.11,3699999.9999999995,0.0,1.5E-6,0.12,0.12,0.0,440.0,1.2,0.0,1.6E-15,3.9000000000000004E-27,0.0,2.8E7,1.0,6.6E8,
1.0E-42,0.0028,600.0,4200.0,1500.0,3599999.9999999995,630.0,5300.0,3500.0,2300.0,4300.0,0.11,3699999.9999999995,0.0,1.3E-6,0.12,0.12,0.0,440.0,1.2,0.0,1.6E-15,3.5E-27,0.0,2.9E7,1.0,6.6E8,
1.0E-42,0.0028,600.0,4200.0,1500.0,3599999.9999999995,630.0,5300.0,3500.0,2300.0,4300.0,0.11,3699999.9999999995,0.0,1.2E-6,0.12,0.12,0.0,440.0,1.2,0.0,1.6E-15,3.2000000000000003E-27,0.0,3.1E7,1.0,6.6E8,
1.0E-42,0.0028,600.0,4200.0,1500.0,3599999.9999999995,630.0,5300.0,3500.0,2300.0,4300.0,0.11,3599999.9999999995,0.0,1.1E-6,0.12,0.12,0.0,440.0,1.2,0.0,1.6E-15,2.8E-27,0.0,3.1E7,1.0,6.5E8,
1.0E-42,0.0028,600.0,4200.0,1500.0,3599999.9999999995,630.0,5300.0,3500.0,2300.0,4300.0,0.11,3599999.9999999995,0.0,1.4E-6,0.12,0.12,0.0,440.0,1.2,0.0,1.6E-15,3.1000000000000002E-27,0.0,2.8E7,1.0,6.5E8,
1.0E-42,0.0028,600.0,4200.0,1500.0,3599999.9999999995,630.0,5300.0,3500.0,2300.0,4300.0,0.11,3599999.9999999995,0.0,1.6E-6,0.12,0.12,0.0,440.0,1.2,0.0,1.6E-15,3.4000000000000004E-27,0.0,2.7E7,1.0,6.4E8,
1.0E-42,0.0028,600.0,4200.0,1500.0,3599999.9999999995,630.0,5300.0,3500.0,2300.0,4300.0,0.11,3599999.9999999995,0.0,2.1E-6,0.12,0.12,0.0,430.0,1.2,0.0,1.6E-15,4.4000000000000005E-27,0.0,2.4E7,1.0,6.4E8,
1.0E-42,0.0028,600.0,4200.0,1500.0,3599999.9999999995,630.0,5300.0,3500.0,2300.0,4300.0,0.11,3599999.9999999995,0.0,2.2E-6,0.12,0.12,0.0,430.0,1.2,0.0,1.6E-15,5.1E-27,0.0,2.4E7,1.0,6.4E8,
1.3999999999999998E-41,0.035,40000.0,110000.0,2200.0,5200000.0,7200.0,250.0,3500.0,5700.0,7000.0,0.11,5400000.0,0.0,1.1E-5,0.3,0.3,0.0,580.0,7.1,4.5E-6,2.1E-15,4.9E-21,0.0,2.4E7,1.0,6.7E8,
3.1E-42,0.0079,190.0,19000.0,2200.0,5200000.0,7200.0,250.0,3500.0,5700.0,7000.0,0.11,5300000.0,0.0,1.7E-5,0.18,0.18,0.0,570.0,6.9,8.9E-8,2.1E-15,4.9E-22,0.0,2.2E7,1.0,6.7E8,
1.0E-42,0.0026,190.0,1200.0,2200.0,5200000.0,7200.0,250.0,3500.0,5700.0,7000.0,0.11,5200000.0,0.0,2.0E-5,0.16,0.16,0.0,570.0,6.9,1.7E-9,2.1E-15,7.2E-23,0.0,2.1E7,1.0,6.7E8,
9.899999999999998E-43,0.0025,190.0,1200.0,2200.0,5000000.0,7200.0,250.0,3500.0,5700.0,7000.0,0.11,5000000.0,0.0,2.3E-5,0.16,0.16,0.0,560.0,6.7,1.2E-11,2.0E-15,2.6E-23,0.0,2.0E7,1.0,6.7E8,
9.7E-43,0.0025,190.0,1200.0,2200.0,4800000.0,7200.0,250.0,3500.0,5700.0,7000.0,0.11,4800000.0,0.0,2.5E-5,0.15,0.15,0.0,560.0,6.5,2.2E-13,2.0E-15,1.1E-23,0.0,1.9E7,1.0,6.7E8,
9.2E-43,0.0024,190.0,1200.0,2200.0,4400000.0,7200.0,250.0,3500.0,5700.0,7000.0,0.11,4500000.0,0.0,2.7E-5,0.15,0.15,0.0,560.0,6.2,1.5E-15,2.0E-15,4.0999999999999994E-24,0.0,1.8E7,1.0,6.6E8,
9.2E-43,0.0024,190.0,1200.0,2200.0,4400000.0,7200.0,250.0,3500.0,5700.0,6900.0,0.11,4400000.0,0.0,2.9E-5,0.15,0.15,0.0,560.0,6.2,3.8E-18,2.0E-15,1.2999999999999998E-24,0.0,1.7E7,1.0,6.6E8,
9.1E-43,0.0023,190.0,1200.0,2200.0,4400000.0,7200.0,250.0,3500.0,5700.0,6900.0,0.11,4400000.0,0.0,3.0E-5,0.15,0.15,0.0,560.0,6.1,2.7E-20,2.0E-15,5.2E-25,0.0,1.7E7,1.0,6.6E8,
8.899999999999999E-43,0.0023,190.0,1200.0,2100.0,4200000.0,7200.0,250.0,3500.0,5700.0,6900.0,0.11,4200000.0,0.0,3.2E-5,0.15,0.15,0.0,560.0,6.0,5.0E-22,2.0E-15,2.8E-25,0.0,1.6E7,1.0,6.6E8,
8.7E-43,0.0022,190.0,1200.0,2100.0,3999999.9999999995,7200.0,250.0,3500.0,5700.0,6900.0,0.11,4099999.9999999995,0.0,3.3E-5,0.14,0.14,0.0,560.0,5.8,9.3E-24,2.0E-15,1.8E-25,0.0,1.6E7,1.0,6.6E8,
8.3E-43,0.0021,190.0,1200.0,2100.0,3699999.9999999995,7200.0,250.0,3500.0,5700.0,6900.0,0.11,3699999.9999999995,0.0,3.3E-5,0.14,0.14,0.0,560.0,5.5,4.7E-25,2.0E-15,1.4E-25,0.0,1.6E7,1.0,6.6E8,
8.2E-43,0.0021,190.0,1200.0,2100.0,3599999.9999999995,7100.0,250.0,3500.0,5700.0,6900.0,0.11,3699999.9999999995,0.0,3.4E-5,0.14,0.14,0.0,560.0,5.4,3.3E-27,2.0E-15,1.2E-25,0.0,1.5E7,1.0,6.6E8,
8.2E-43,0.0021,190.0,1200.0,2100.0,3599999.9999999995,7100.0,250.0,3500.0,5700.0,6900.0,0.11,3699999.9999999995,0.0,3.5E-5,0.14,0.14,0.0,550.0,5.4,8.500000000000001E-30,2.0E-15,1.0999999999999999E-25,0.0,1.5E7,1.0,6.6E8,
8.2E-43,0.0021,190.0,1200.0,2100.0,3599999.9999999995,7100.0,250.0,3500.0,5700.0,6900.0,0.11,3699999.9999999995,0.0,3.2E-5,0.14,0.14,0.0,550.0,5.4,2.2E-32,2.0E-15,9.999999999999999E-26,0.0,1.6E7,1.0,6.6E8,
8.2E-43,0.0021,190.0,1200.0,2100.0,3599999.9999999995,7100.0,250.0,3500.0,5700.0,6900.0,0.11,3699999.9999999995,0.0,2.7E-5,0.14,0.14,0.0,550.0,5.4,5.7E-35,2.0E-15,9.3E-26,0.0,1.7E7,1.0,6.6E8,
8.2E-43,0.0021,190.0,1200.0,2100.0,3599999.9999999995,7100.0,250.0,3500.0,5700.0,6900.0,0.11,3699999.9999999995,0.0,2.2E-5,0.14,0.14,0.0,550.0,5.4,1.5E-37,2.0E-15,8.0E-26,0.0,1.8E7,1.0,6.6E8,
8.2E-43,0.0021,190.0,1200.0,2100.0,3599999.9999999995,7100.0,250.0,3500.0,5700.0,6900.0,0.11,3699999.9999999995,0.0,1.8E-5,0.14,0.14,0.0,550.0,5.4,1.7E-40,2.0E-15,6.699999999999999E-26,0.0,1.9E7,1.0,6.6E8,
1.3E-41,0.048,20000.0,110000.0,24000.0,5300000.0,7100.0,250.0,3500.0,5700.0,6900.0,0.11,5500000.0,0.0,6.1E-5,0.28,0.28,0.0,690.0,20.0,1.2E-7,2.2E-15,3.1E-21,0.0,2.1E7,1.0,6.8E8,
8.1E-43,0.0029,2000.0,2200.0,1500.0,5000000.0,7100.0,250.0,3500.0,5700.0,6900.0,0.11,5100000.0,0.0,1.5E-5,0.14,0.14,0.0,690.0,4.5,2.3E-9,2.2E-15,8.5E-23,0.0,2.0E7,1.0,6.8E8,
7.7E-43,0.0028,2000.0,2200.0,1500.0,4700000.0,7100.0,250.0,3500.0,5600.0,6900.0,0.11,4700000.0,0.0,1.6E-5,0.14,0.14,0.0,700.0,4.2,4.2E-11,2.2E-15,3.7E-23,0.0,1.9E7,1.0,6.7E8,
7.2E-43,0.0026,2000.0,2200.0,1500.0,4099999.9999999995,7100.0,240.0,3500.0,5600.0,6900.0,0.11,4099999.9999999995,0.0,1.7E-5,0.13,0.13,0.0,700.0,3.8,7.8E-13,2.1E-15,1.5E-23,0.0,1.8E7,1.0,6.7E8,
7.2E-43,0.0026,2000.0,2200.0,1500.0,4099999.9999999995,7100.0,240.0,3500.0,5600.0,6800.0,0.11,4099999.9999999995,0.0,1.8E-5,0.13,0.13,0.0,700.0,3.8,2.0E-15,2.1E-15,4.5999999999999995E-24,0.0,1.7E7,1.0,6.7E8,
6.9E-43,0.0025,2000.0,2200.0,1500.0,3699999.9999999995,7100.0,240.0,3500.0,5600.0,6800.0,0.1,3799999.9999999995,0.0,1.8E-5,0.13,0.13,0.0,680.0,3.6,2.8E-16,2.1E-15,2.9999999999999996E-24,0.0,1.7E7,1.0,6.6E8,
6.799999999999999E-43,0.0025,2000.0,2200.0,1500.0,3699999.9999999995,7100.0,240.0,3500.0,5600.0,6800.0,0.1,3699999.9999999995,0.0,1.9E-5,0.13,0.13,0.0,690.0,3.5,1.9E-18,2.1E-15,1.0999999999999998E-24,0.0,1.7E7,1.0,6.6E8,
6.799999999999999E-43,0.0025,2000.0,2200.0,1500.0,3699999.9999999995,7100.0,240.0,3500.0,5600.0,6800.0,0.1,3699999.9999999995,0.0,1.8E-5,0.13,0.13,0.0,690.0,3.5,5.0E-21,2.1E-15,3.8E-25,0.0,1.7E7,1.0,6.6E8,
6.799999999999999E-43,0.0025,2000.0,2200.0,1500.0,3699999.9999999995,7100.0,240.0,3500.0,5600.0,6800.0,0.1,3699999.9999999995,0.0,1.6E-5,0.13,0.13,0.0,680.0,3.5,1.3E-23,2.1E-15,1.5E-25,0.0,1.8E7,1.0,6.6E8,
6.799999999999999E-43,0.0025,2000.0,2200.0,1500.0,3699999.9999999995,7100.0,240.0,3500.0,5600.0,6800.0,0.1,3699999.9999999995,0.0,1.3E-5,0.13,0.13,0.0,670.0,3.5,3.4E-26,2.1E-15,7.8E-26,0.0,1.9E7,1.0,6.6E8,
6.799999999999999E-43,0.0025,2000.0,2200.0,1500.0,3699999.9999999995,7100.0,240.0,3500.0,5600.0,6800.0,0.1,3699999.9999999995,0.0,1.1E-5,0.13,0.13,0.0,660.0,3.5,8.7E-29,2.1E-15,5.0E-26,0.0,2.0E7,1.0,6.6E8,
6.799999999999999E-43,0.0025,2000.0,2200.0,1500.0,3699999.9999999995,7100.0,240.0,3500.0,5600.0,6800.0,0.1,3699999.9999999995,0.0,9.3E-6,0.13,0.13,0.0,660.0,3.5,4.4E-31,2.1E-15,3.8E-26,0.0,2.1E7,1.0,6.6E8,
6.799999999999999E-43,0.0025,2000.0,2200.0,1500.0,3699999.9999999995,7100.0,240.0,3500.0,5600.0,6800.0,0.1,3699999.9999999995,0.0,7.7E-6,0.13,0.13,0.0,660.0,3.5,8.7E-32,2.1E-15,3.0E-26,0.0,2.3E7,1.0,6.6E8,
6.799999999999999E-43,0.0025,2000.0,2200.0,1500.0,3699999.9999999995,7100.0,240.0,3500.0,5600.0,6800.0,0.1,3699999.9999999995,0.0,6.5E-6,0.13,0.13,0.0,660.0,3.5,2.6000000000000003E-32,2.1E-15,2.5E-26,0.0,2.4E7,1.0,6.6E8,
6.799999999999999E-43,0.0025,2000.0,2200.0,1500.0,3699999.9999999995,7100.0,240.0,3500.0,5600.0,6800.0,0.1,3699999.9999999995,0.0,6.8E-6,0.13,0.13,0.0,640.0,3.5,0.0,2.1E-15,2.2E-26,0.0,2.4E7,1.0,6.6E8,
6.799999999999999E-43,0.0025,2000.0,2200.0,1500.0,3699999.9999999995,7100.0,240.0,3500.0,5600.0,6800.0,0.1,3699999.9999999995,0.0,7.8E-6,0.13,0.13,0.0,640.0,3.5,0.0,2.1E-15,2.3E-26,0.0,2.3E7,1.0,6.6E8,
6.799999999999999E-43,0.0025,2000.0,2200.0,1500.0,3699999.9999999995,7100.0,240.0,3500.0,5600.0,6800.0,0.1,3699999.9999999995,0.0,7.9E-6,0.13,0.13,0.0,640.0,3.5,0.0,2.1E-15,2.5E-26,0.0,2.3E7,1.0,6.6E8,
6.799999999999999E-43,0.0025,2000.0,2200.0,1500.0,3699999.9999999995,7100.0,240.0,3500.0,5600.0,6800.0,0.1,3699999.9999999995,0.0,7.4E-6,0.13,0.13,0.0,640.0,3.5,0.0,2.1E-15,2.5E-26,0.0,2.3E7,1.0,6.6E8,
6.799999999999999E-43,0.0024,2000.0,2200.0,1500.0,3599999.9999999995,7100.0,240.0,3500.0,5600.0,6800.0,0.1,3699999.9999999995,0.0,8.1E-6,0.13,0.13,0.0,640.0,3.5,0.0,2.1E-15,2.4E-26,0.0,2.2E7,1.0,6.6E8,
6.799999999999999E-43,0.0024,2000.0,2200.0,1500.0,3599999.9999999995,7100.0,240.0,3500.0,5600.0,6800.0,0.1,3699999.9999999995,0.0,9.0E-6,0.13,0.13,0.0,630.0,3.5,0.0,2.1E-15,2.7E-26,0.0,2.1E7,1.0,6.6E8,
6.799999999999999E-43,0.0024,2000.0,2200.0,1500.0,3599999.9999999995,7100.0,240.0,3500.0,5600.0,6800.0,0.1,3699999.9999999995,0.0,8.8E-6,0.13,0.13,0.0,630.0,3.5,0.0,2.1E-15,2.8E-26,0.0,2.1E7,1.0,6.6E8,
1.5E-42,0.007,10000.0,13000.0,2100.0,5200000.0,7100.0,240.0,3500.0,5600.0,11000.0,0.11,5300000.0,0.0,0.19,0.16,0.16,0.0,660.0,2.9,7.0E-8,2.2E-15,3.0999999999999997E-22,0.0,2.2E7,1.0,6.8E8,
5.2999999999999995E-43,0.0025,2800.0,42.0,2100.0,5000000.0,7100.0,240.0,3400.0,5600.0,3000.0,0.11,5000000.0,0.0,8.4E-6,0.074,0.074,0.0,660.0,3.0,3.6E-9,2.2E-15,6.2E-23,0.0,2.1E7,1.0,6.7E8,
5.199999999999999E-43,0.0024,2800.0,42.0,2100.0,4800000.0,7000.0,240.0,3400.0,5600.0,2900.0,0.11,4800000.0,0.0,9.1E-6,0.072,0.072,0.0,660.0,2.9,1.8E-10,2.2E-15,3.3E-23,0.0,2.0E7,1.0,6.7E8,
4.9E-43,0.0023,2800.0,42.0,2100.0,4400000.0,7000.0,240.0,3400.0,5600.0,2900.0,0.11,4500000.0,0.0,9.5E-6,0.069,0.069,0.0,660.0,2.8,9.0E-12,2.2E-15,1.7E-23,0.0,2.0E7,1.0,6.7E8,
4.6E-43,0.0022,2800.0,42.0,2100.0,3999999.9999999995,7000.0,240.0,3400.0,5600.0,2900.0,0.1,3999999.9999999995,0.0,9.2E-6,0.064,0.064,0.0,650.0,2.6,3.3E-12,2.2E-15,1.3E-23,0.0,1.9E7,1.0,6.6E8,
4.3E-43,0.002,2800.0,42.0,2100.0,3699999.9999999995,7000.0,240.0,3400.0,5600.0,2900.0,0.1,3699999.9999999995,0.0,1.0E-5,0.061,0.061,0.0,650.0,2.5,6.2E-14,2.2E-15,5.5999999999999996E-24,0.0,1.8E7,1.0,6.6E8,
4.3E-43,0.002,2800.0,42.0,2100.0,3599999.9999999995,7000.0,240.0,3400.0,5600.0,2900.0,0.1,3599999.9999999995,0.0,1.1E-5,0.061,0.061,0.0,650.0,2.4,4.2E-16,2.1E-15,2.1E-24,0.0,1.7E7,1.0,6.5E8,
4.6E-42,0.019,8700.0,62000.0,3800.0,5100000.0,7000.0,240.0,3400.0,5600.0,2900.0,0.1,5200000.0,0.0,2.2,0.14,0.14,0.0,660.0,3.1,2.8E-7,2.2E-15,5.0E-21,0.0,1.8E7,1.0,6.7E8,
6.9E-43,0.0029,1200.0,1700.0,3800.0,5100000.0,7000.0,240.0,3400.0,5600.0,2900.0,0.1,5100000.0,0.0,3.8E-6,0.08,0.08,0.0,670.0,5.2,5.6E-9,2.2E-15,3.4E-22,0.0,1.7E7,1.0,6.7E8,
6.699999999999999E-43,0.0028,1200.0,1700.0,3800.0,4800000.0,7000.0,240.0,3400.0,5600.0,2900.0,0.1,4800000.0,0.0,2.6E-5,0.077,0.077,0.0,650.0,5.0,2.8E-10,2.2E-15,1.8E-22,0.0,1.7E7,1.0,6.7E8,
6.4E-43,0.0027,1200.0,1700.0,3800.0,4300000.0,7000.0,240.0,3400.0,5600.0,2900.0,0.1,4400000.0,0.0,2.7E-5,0.073,0.073,0.0,640.0,4.8,5.2E-12,2.2E-15,7.700000000000001E-23,0.0,1.6E7,1.0,6.6E8,
5.999999999999999E-43,0.0025,1200.0,1700.0,3800.0,3799999.9999999995,7000.0,240.0,3400.0,5500.0,2900.0,0.1,3799999.9999999995,0.0,2.6E-5,0.067,0.067,0.0,640.0,4.4,2.6E-13,2.2E-15,4.0E-23,0.0,1.6E7,1.0,6.6E8,
5.9E-43,0.0025,1100.0,1700.0,3800.0,3599999.9999999995,7000.0,240.0,3400.0,5500.0,2900.0,0.1,3699999.9999999995,0.0,2.7E-5,0.066,0.066,0.0,640.0,4.3,1.8E-15,2.2E-15,1.5E-23,0.0,1.5E7,1.0,6.6E8,
5.9E-43,0.0025,1100.0,1700.0,3800.0,3599999.9999999995,7000.0,240.0,3400.0,5500.0,2900.0,0.1,3699999.9999999995,0.0,2.6E-5,0.066,0.066,0.0,640.0,4.3,4.7E-18,2.2E-15,4.399999999999999E-24,0.0,1.6E7,1.0,6.6E8,
5.9E-43,0.0025,1100.0,1700.0,3800.0,3599999.9999999995,7000.0,240.0,3400.0,5500.0,2900.0,0.1,3699999.9999999995,0.0,2.2E-5,0.066,0.066,0.0,630.0,4.3,1.2E-20,2.2E-15,1.3999999999999999E-24,0.0,1.7E7,1.0,6.6E8,
5.9E-43,0.0025,1100.0,1700.0,3800.0,3599999.9999999995,7000.0,240.0,3400.0,5500.0,2900.0,0.1,3699999.9999999995,0.0,1.9E-5,0.066,0.066,0.0,630.0,4.3,3.2000000000000003E-23,2.2E-15,4.7E-25,0.0,1.8E7,1.0,6.6E8,
5.9E-43,0.0025,1100.0,1700.0,3800.0,3599999.9999999995,7000.0,240.0,3400.0,5500.0,2900.0,0.1,3699999.9999999995,0.0,1.5E-5,0.066,0.066,0.0,620.0,4.3,9.2E-26,2.2E-15,1.8E-25,0.0,1.9E7,1.0,6.6E8,
5.9E-43,0.0025,1100.0,1700.0,3800.0,3599999.9999999995,7000.0,240.0,3400.0,5500.0,2900.0,0.1,3699999.9999999995,0.0,1.3E-5,0.066,0.066,0.0,620.0,4.3,2.5E-28,2.2E-15,8.6E-26,0.0,2.0E7,1.0,6.6E8,
5.9E-43,0.0025,1100.0,1700.0,3800.0,3599999.9999999995,7000.0,240.0,3400.0,5500.0,2900.0,0.1,3599999.9999999995,0.0,1.1E-5,0.065,0.065,0.0,620.0,4.3,1.2000000000000001E-30,2.1E-15,5.6E-26,0.0,2.1E7,1.0,6.5E8,
5.9E-43,0.0025,1100.0,1700.0,3800.0,3599999.9999999995,7000.0,240.0,3400.0,5500.0,2900.0,0.1,3599999.9999999995,0.0,1.3E-5,0.065,0.065,0.0,620.0,4.3,3.2000000000000005E-33,2.1E-15,4.5E-26,0.0,2.0E7,1.0,6.5E8,
5.9E-43,0.0025,1100.0,1700.0,3800.0,3599999.9999999995,7000.0,240.0,3400.0,5500.0,2900.0,0.1,3599999.9999999995,0.0,1.3E-5,0.065,0.065,0.0,620.0,4.3,8.3E-36,2.1E-15,4.4E-26,0.0,2.0E7,1.0,6.5E8,
5.9E-43,0.0025,1100.0,1700.0,3800.0,3599999.9999999995,7000.0,240.0,3400.0,5500.0,2900.0,0.1,3599999.9999999995,0.0,1.2E-5,0.065,0.065,0.0,610.0,4.3,2.2E-38,2.1E-15,4.3E-26,0.0,2.0E7,1.0,6.5E8,
5.9E-43,0.0025,1100.0,1700.0,3800.0,3599999.9999999995,7000.0,240.0,3400.0,5500.0,2900.0,0.1,3599999.9999999995,0.0,1.1E-5,0.065,0.065,0.0,590.0,4.3,5.599999999999999E-41,2.1E-15,3.9E-26,0.0,2.1E7,1.0,6.5E8,
5.9E-43,0.0025,1100.0,1700.0,3800.0,3599999.9999999995,7000.0,240.0,3400.0,5500.0,2900.0,0.1,3599999.9999999995,0.0,9.5E-6,0.065,0.065,0.0,590.0,4.3,0.0,2.1E-15,3.5E-26,0.0,2.2E7,1.0,6.5E8,
5.9E-43,0.0025,1100.0,1700.0,3800.0,3599999.9999999995,7000.0,240.0,3400.0,5500.0,2900.0,0.1,3599999.9999999995,0.0,8.1E-6,0.065,0.065,0.0,590.0,4.3,0.0,2.1E-15,3.1E-26,0.0,2.4E7,1.0,6.5E8,
5.9E-43,0.0025,1100.0,1700.0,3800.0,3599999.9999999995,7000.0,240.0,3400.0,5500.0,2900.0,0.1,3599999.9999999995,0.0,6.9E-6,0.065,0.065,0.0,570.0,4.3,0.0,2.1E-15,2.6E-26,0.0,2.5E7,1.0,6.5E8,
8.6E-43,0.0036,6400.0,3400.0,4600.0,5200000.0,6900.0,240.0,3400.0,5500.0,2900.0,0.1,5200000.0,0.0,4.1E-6,0.082,0.082,0.0,650.0,6.1,5.1E-9,2.3E-15,1.7E-22,0.0,2.5E7,1.0,6.7E8,
8.399999999999999E-43,0.0035,6400.0,3300.0,4600.0,4900000.0,6900.0,240.0,3400.0,5500.0,2900.0,0.1,5000000.0,0.0,1.4E-5,0.079,0.079,0.0,650.0,5.9,3.5E-11,2.3E-15,6.0E-23,0.0,2.3E7,1.0,6.7E8,
8.1E-43,0.0034,6400.0,3300.0,4600.0,4500000.0,6900.0,240.0,3400.0,5500.0,2900.0,0.1,4500000.0,0.0,1.4E-5,0.075,0.075,0.0,640.0,5.6,4.8E-12,2.3E-15,3.9E-23,0.0,2.2E7,1.0,6.6E8,
7.7E-43,0.0032,6400.0,3300.0,4600.0,3899999.9999999995,6900.0,240.0,3400.0,5500.0,2900.0,0.1,3899999.9999999995,0.0,1.4E-5,0.069,0.069,0.0,640.0,5.3,1.8E-12,2.3E-15,3.0E-23,0.0,2.1E7,1.0,6.6E8,
7.6E-43,0.0032,6400.0,3300.0,4600.0,3799999.9999999995,6900.0,240.0,3400.0,5500.0,2900.0,0.1,3799999.9999999995,0.0,1.6E-5,0.068,0.068,0.0,640.0,5.2,3.3E-14,2.2E-15,1.4000000000000002E-23,0.0,2.0E7,1.0,6.6E8,
7.6E-43,0.0032,6300.0,3300.0,4600.0,3699999.9999999995,6900.0,240.0,3400.0,5500.0,2900.0,0.1,3699999.9999999995,0.0,1.8E-5,0.067,0.067,0.0,640.0,5.1,2.3E-16,2.2E-15,5.0E-24,0.0,1.9E7,1.0,6.6E8,
7.499999999999999E-43,0.0032,6300.0,3300.0,4600.0,3599999.9999999995,6900.0,240.0,3400.0,5500.0,2900.0,0.1,3699999.9999999995,0.0,2.0E-5,0.067,0.067,0.0,640.0,5.1,6.1E-19,2.2E-15,1.4999999999999998E-24,0.0,1.8E7,1.0,6.6E8,
7.499999999999999E-43,0.0032,6300.0,3300.0,4600.0,3599999.9999999995,6900.0,240.0,3400.0,5500.0,2900.0,0.1,3699999.9999999995,0.0,2.1E-5,0.067,0.067,0.0,630.0,5.1,1.6E-21,2.2E-15,5.099999999999999E-25,0.0,1.8E7,1.0,6.6E8,
7.499999999999999E-43,0.0032,6300.0,3300.0,4600.0,3599999.9999999995,6900.0,240.0,3400.0,5500.0,2900.0,0.1,3699999.9999999995,0.0,1.9E-5,0.067,0.067,0.0,620.0,5.1,4.2E-24,2.2E-15,1.9999999999999998E-25,0.0,1.9E7,1.0,6.6E8,
7.499999999999999E-43,0.0032,6300.0,3300.0,4600.0,3599999.9999999995,6900.0,240.0,3400.0,5500.0,2900.0,0.1,3699999.9999999995,0.0,1.7E-5,0.067,0.067,0.0,620.0,5.1,1.1E-26,2.2E-15,9.999999999999999E-26,0.0,1.9E7,1.0,6.6E8,
7.499999999999999E-43,0.0032,6300.0,3300.0,4600.0,3599999.9999999995,6900.0,240.0,3400.0,5500.0,2900.0,0.1,3699999.9999999995,0.0,1.4E-5,0.067,0.067,0.0,620.0,5.1,2.8999999999999997E-29,2.2E-15,6.8E-26,0.0,2.1E7,1.0,6.6E8,
7.499999999999999E-43,0.0032,6300.0,3300.0,4600.0,3599999.9999999995,6900.0,240.0,3400.0,5500.0,2900.0,0.1,3699999.9999999995,0.0,1.2E-5,0.067,0.067,0.0,610.0,5.1,1.4E-31,2.2E-15,5.1E-26,0.0,2.2E7,1.0,6.6E8,
7.499999999999999E-43,0.0032,6300.0,3300.0,4600.0,3599999.9999999995,6900.0,240.0,3400.0,5500.0,2900.0,0.1,3699999.9999999995,0.0,1.0E-5,0.067,0.067,0.0,610.0,5.1,2.3E-34,2.2E-15,4.1E-26,0.0,2.3E7,1.0,6.6E8,
7.499999999999999E-43,0.0032,6300.0,3300.0,4600.0,3599999.9999999995,6900.0,240.0,3400.0,5500.0,2900.0,0.1,3699999.9999999995,0.0,8.6E-6,0.067,0.067,0.0,610.0,5.1,0.0,2.2E-15,3.4E-26,0.0,2.5E7,1.0,6.6E8,
7.499999999999999E-43,0.0032,6300.0,3300.0,4600.0,3599999.9999999995,6900.0,240.0,3400.0,5500.0,2900.0,0.1,3699999.9999999995,0.0,8.5E-6,0.067,0.067,0.0,590.0,5.1,0.0,2.2E-15,3.0E-26,0.0,2.5E7,1.0,6.6E8,
7.499999999999999E-43,0.0032,6300.0,3300.0,4600.0,3599999.9999999995,6900.0,240.0,3400.0,5500.0,2900.0,0.1,3699999.9999999995,0.0,1.0E-5,0.067,0.067,0.0,590.0,5.1,0.0,2.2E-15,3.2E-26,0.0,2.3E7,1.0,6.6E8,
7.499999999999999E-43,0.0032,6300.0,3300.0,4600.0,3599999.9999999995,6900.0,240.0,3400.0,5500.0,2900.0,0.1,3699999.9999999995,0.0,1.1E-5,0.067,0.067,0.0,590.0,5.1,0.0,2.2E-15,3.5E-26,0.0,2.3E7,1.0,6.6E8,
7.499999999999999E-43,0.0032,6300.0,3300.0,4600.0,3599999.9999999995,6900.0,240.0,3400.0,5500.0,2900.0,0.1,3699999.9999999995,0.0,1.0E-5,0.067,0.067,0.0,580.0,5.1,0.0,2.2E-15,3.5E-26,0.0,2.3E7,1.0,6.6E8,
7.499999999999999E-43,0.0032,6300.0,3300.0,4600.0,3599999.9999999995,6900.0,240.0,3400.0,5500.0,2900.0,0.1,3699999.9999999995,0.0,9.2E-6,0.067,0.067,0.0,570.0,5.1,0.0,2.2E-15,3.4E-26,0.0,2.4E7,1.0,6.6E8,
7.499999999999999E-43,0.0032,6300.0,3300.0,4600.0,3599999.9999999995,6900.0,240.0,3400.0,5500.0,2900.0,0.1,3699999.9999999995,0.0,8.2E-6,0.067,0.067,0.0,560.0,5.1,0.0,2.2E-15,3.1E-26,0.0,2.5E7,1.0,6.6E8,
7.499999999999999E-43,0.0032,6300.0,3300.0,4600.0,3599999.9999999995,6900.0,240.0,3400.0,5500.0,2900.0,0.1,3699999.9999999995,0.0,7.1E-6,0.067,0.067,0.0,560.0,5.1,0.0,2.2E-15,2.7E-26,0.0,2.7E7,1.0,6.6E8,
7.499999999999999E-43,0.0032,6300.0,3300.0,4600.0,3599999.9999999995,6900.0,240.0,3400.0,5500.0,2900.0,0.1,3699999.9999999995,0.0,6.2E-6,0.067,0.067,0.0,540.0,5.1,0.0,2.2E-15,2.4E-26,0.0,2.8E7,1.0,6.6E8,
7.499999999999999E-43,0.0032,6300.0,3300.0,4600.0,3599999.9999999995,6900.0,240.0,3400.0,5500.0,2900.0,0.1,3699999.9999999995,0.0,5.4E-6,0.067,0.067,0.0,540.0,5.1,0.0,2.2E-15,2.1E-26,0.0,2.9E7,1.0,6.6E8,
7.499999999999999E-43,0.0032,6300.0,3300.0,4600.0,3599999.9999999995,6900.0,240.0,3400.0,5500.0,2900.0,0.1,3699999.9999999995,0.0,7.1E-6,0.067,0.067,0.0,540.0,5.1,0.0,2.2E-15,2.2E-26,0.0,2.7E7,1.0,6.6E8,
7.499999999999999E-43,0.0032,6300.0,3300.0,4600.0,3599999.9999999995,6900.0,240.0,3400.0,5500.0,2900.0,0.1,3699999.9999999995,0.0,8.0E-6,0.067,0.067,0.0,540.0,5.1,0.0,2.2E-15,2.5E-26,0.0,2.5E7,1.0,6.6E8,
4.7999999999999996E-43,0.0029,2900.0,3800.0,1500.0,5100000.0,6900.0,240.0,3400.0,5500.0,2900.0,0.1,5100000.0,0.0,0.19,0.076,0.076,0.0,560.0,1.3,6.4E-7,2.4E-15,4.9E-22,0.0,2.6E7,1.0,6.7E8,
4.699999999999999E-43,0.0028,2900.0,3800.0,1500.0,4800000.0,6900.0,240.0,3400.0,5500.0,2900.0,0.1,4800000.0,0.0,2.9E-6,0.073,0.073,0.0,560.0,1.5,1.2E-8,2.4E-15,2.0999999999999998E-22,0.0,2.4E7,1.0,6.7E8,
4.6E-43,0.0028,2900.0,3800.0,1500.0,4500000.0,6900.0,240.0,3400.0,5400.0,2900.0,0.1,4500000.0,0.0,3.3E-6,0.071,0.071,0.0,560.0,1.4,2.2E-10,2.4E-15,9.3E-23,0.0,2.2E7,1.0,6.7E8,
4.4E-43,0.0027,2900.0,3800.0,1500.0,4200000.0,6900.0,240.0,3400.0,5400.0,2900.0,0.1,4200000.0,0.0,3.6E-6,0.068,0.068,0.0,560.0,1.3,4.2E-12,2.4E-15,4.1E-23,0.0,2.1E7,1.0,6.6E8,
4.4E-43,0.0026,2900.0,3800.0,1500.0,4099999.9999999995,6900.0,240.0,3400.0,5400.0,2900.0,0.1,4200000.0,0.0,4.3E-6,0.067,0.067,0.0,560.0,1.3,1.1E-14,2.4E-15,1.2E-23,0.0,2.0E7,1.0,6.6E8,
4.1E-43,0.0025,2900.0,3800.0,1500.0,3599999.9999999995,6900.0,240.0,3400.0,5400.0,2900.0,0.1,3699999.9999999995,0.0,4.3E-6,0.063,0.063,0.0,550.0,1.2,1.5E-15,2.3E-15,7.7E-24,0.0,1.9E7,1.0,6.6E8,
4.1E-43,0.0025,2900.0,3700.0,1500.0,3599999.9999999995,6900.0,240.0,3300.0,5400.0,2900.0,0.1,3699999.9999999995,0.0,4.8E-6,0.063,0.063,0.0,540.0,1.2,3.8E-18,2.3E-15,2.2999999999999997E-24,0.0,1.8E7,1.0,6.6E8,
4.1E-43,0.0025,2900.0,3700.0,1500.0,3599999.9999999995,6900.0,240.0,3300.0,5400.0,2900.0,0.1,3699999.9999999995,0.0,4.7E-6,0.063,0.063,0.0,540.0,1.2,9.8E-21,2.3E-15,7.1E-25,0.0,1.8E7,1.0,6.6E8,
4.1E-43,0.0025,2900.0,3700.0,1500.0,3599999.9999999995,6900.0,240.0,3300.0,5400.0,2900.0,0.1,3699999.9999999995,0.0,4.3E-6,0.063,0.063,0.0,540.0,1.2,2.5E-23,2.3E-15,2.3E-25,0.0,1.9E7,1.0,6.6E8,
4.1E-43,0.0025,2900.0,3700.0,1500.0,3599999.9999999995,6900.0,240.0,3300.0,5400.0,2900.0,0.1,3699999.9999999995,0.0,3.7E-6,0.063,0.063,0.0,530.0,1.2,6.6E-26,2.3E-15,7.8E-26,0.0,2.0E7,1.0,6.6E8,
4.1E-43,0.0025,2900.0,3700.0,1500.0,3599999.9999999995,6900.0,240.0,3300.0,5400.0,2900.0,0.1,3699999.9999999995,0.0,3.1E-6,0.063,0.063,0.0,530.0,1.2,1.9000000000000003E-28,2.3E-15,3.2E-26,0.0,2.1E7,1.0,6.6E8,
4.1E-43,0.0025,2900.0,3700.0,1500.0,3599999.9999999995,6900.0,240.0,3300.0,5400.0,2900.0,0.1,3699999.9999999995,0.0,2.6E-6,0.063,0.063,0.0,520.0,1.2,1.6999999999999998E-31,2.3E-15,1.7E-26,0.0,2.3E7,1.0,6.6E8,
4.1E-43,0.0025,2900.0,3700.0,1500.0,3599999.9999999995,6900.0,240.0,3300.0,5400.0,2900.0,0.1,3699999.9999999995,0.0,2.2E-6,0.063,0.063,0.0,520.0,1.2,0.0,2.3E-15,1.1E-26,0.0,2.4E7,1.0,6.6E8,
4.1E-43,0.0025,2900.0,3700.0,1500.0,3599999.9999999995,6900.0,240.0,3300.0,5400.0,2900.0,0.1,3699999.9999999995,0.0,1.9E-6,0.063,0.063,0.0,520.0,1.2,0.0,2.3E-15,8.300000000000001E-27,0.0,2.6E7,1.0,6.6E8,
4.1E-43,0.0025,2900.0,3700.0,1500.0,3599999.9999999995,6900.0,240.0,3300.0,5400.0,2900.0,0.1,3699999.9999999995,0.0,2.1E-6,0.063,0.063,0.0,520.0,1.2,7.9E-35,2.3E-15,7.300000000000001E-27,0.0,2.4E7,1.0,6.6E8,
4.1E-43,0.0025,2900.0,3700.0,1500.0,3599999.9999999995,6900.0,240.0,3300.0,5400.0,2900.0,0.1,3699999.9999999995,0.0,2.4E-6,0.063,0.063,0.0,520.0,1.2,2.0E-37,2.3E-15,8.0E-27,0.0,2.3E7,1.0,6.6E8,
4.1E-43,0.0025,2900.0,3700.0,1500.0,3599999.9999999995,6900.0,240.0,3300.0,5400.0,2900.0,0.1,3699999.9999999995,0.0,2.5E-6,0.063,0.063,0.0,520.0,1.2,5.3E-40,2.3E-15,8.5E-27,0.0,2.3E7,1.0,6.6E8,
6.0999999999999996E-43,0.0041,310.0,7000.0,4700.0,4800000.0,6900.0,240.0,3300.0,5400.0,2900.0,0.1,4800000.0,0.0,4.6E-6,0.077,0.077,0.0,550.0,2.1,7.5E-9,2.4E-15,3.2E-22,0.0,2.3E7,1.0,6.7E8,
5.999999999999999E-43,0.004,310.0,7000.0,4700.0,4400000.0,6900.0,240.0,3300.0,5400.0,2900.0,0.1,4400000.0,0.0,4.9E-6,0.073,0.073,0.0,540.0,2.0,1.0E-9,2.4E-15,2.0999999999999998E-22,0.0,2.2E7,1.0,6.7E8,
5.9E-43,0.0039,310.0,7000.0,4700.0,4099999.9999999995,6800.0,240.0,3300.0,5400.0,2900.0,0.1,4099999.9999999995,0.0,5.3E-6,0.071,0.071,0.0,540.0,1.9,5.2E-11,2.4E-15,1.0999999999999998E-22,0.0,2.1E7,1.0,6.7E8,
5.7999999999999995E-43,0.0038,310.0,7000.0,4600.0,3899999.9999999995,6800.0,230.0,3300.0,5400.0,2800.0,0.1,3899999.9999999995,0.0,6.0E-6,0.069,0.069,0.0,540.0,1.9,9.8E-13,2.4E-15,4.9E-23,0.0,2.0E7,1.0,6.6E8,
5.7999999999999995E-43,0.0038,310.0,7000.0,4600.0,3799999.9999999995,6800.0,230.0,3300.0,5400.0,2800.0,0.1,3899999.9999999995,0.0,7.0E-6,0.069,0.069,0.0,530.0,1.9,2.5E-15,2.4E-15,1.5E-23,0.0,1.9E7,1.0,6.6E8,
5.699999999999999E-43,0.0038,310.0,7000.0,4600.0,3599999.9999999995,6800.0,230.0,3300.0,5400.0,2800.0,0.099,3699999.9999999995,0.0,7.3E-6,0.067,0.067,0.0,540.0,1.8,3.5E-16,2.4E-15,9.799999999999999E-24,0.0,1.8E7,1.0,6.6E8,
5.699999999999999E-43,0.0038,310.0,7000.0,4600.0,3599999.9999999995,6800.0,230.0,3300.0,5400.0,2800.0,0.099,3699999.9999999995,0.0,7.7E-6,0.067,0.067,0.0,530.0,1.8,9.1E-19,2.4E-15,2.9999999999999996E-24,0.0,1.8E7,1.0,6.6E8,
5.699999999999999E-43,0.0038,310.0,7000.0,4600.0,3599999.9999999995,6800.0,230.0,3300.0,5400.0,2800.0,0.099,3699999.9999999995,0.0,7.3E-6,0.067,0.067,0.0,530.0,1.8,2.4E-21,2.4E-15,9.1E-25,0.0,1.8E7,1.0,6.6E8,
5.699999999999999E-43,0.0038,310.0,7000.0,4600.0,3599999.9999999995,6800.0,230.0,3300.0,5400.0,2800.0,0.099,3699999.9999999995,0.0,6.5E-6,0.067,0.067,0.0,530.0,1.8,6.199999999999999E-24,2.4E-15,2.9E-25,0.0,1.9E7,1.0,6.6E8,
5.699999999999999E-43,0.0038,310.0,7000.0,4600.0,3599999.9999999995,6800.0,230.0,3300.0,5400.0,2800.0,0.099,3699999.9999999995,0.0,5.5E-6,0.067,0.067,0.0,530.0,1.8,1.7E-26,2.4E-15,9.999999999999999E-26,0.0,2.0E7,1.0,6.6E8,
5.699999999999999E-43,0.0038,310.0,7000.0,4600.0,3599999.9999999995,6800.0,230.0,3300.0,5400.0,2800.0,0.099,3699999.9999999995,0.0,4.6E-6,0.067,0.067,0.0,530.0,1.8,5.599999999999999E-29,2.4E-15,4.4E-26,0.0,2.2E7,1.0,6.6E8,
5.699999999999999E-43,0.0038,310.0,7000.0,4600.0,3599999.9999999995,6800.0,230.0,3300.0,5400.0,2800.0,0.099,3699999.9999999995,0.0,3.9E-6,0.067,0.067,0.0,520.0,1.8,0.0,2.4E-15,2.4E-26,0.0,2.3E7,1.0,6.6E8,
5.699999999999999E-43,0.0038,310.0,7000.0,4600.0,3599999.9999999995,6800.0,230.0,3300.0,5400.0,2800.0,0.099,3699999.9999999995,0.0,3.3E-6,0.067,0.067,0.0,520.0,1.8,7.700000000000001E-32,2.4E-15,1.6E-26,0.0,2.4E7,1.0,6.6E8,
5.699999999999999E-43,0.0038,310.0,7000.0,4600.0,3599999.9999999995,6800.0,230.0,3300.0,5400.0,2800.0,0.099,3699999.9999999995,0.0,2.8E-6,0.067,0.067,0.0,520.0,1.8,5.6000000000000005E-33,2.4E-15,1.2E-26,0.0,2.6E7,1.0,6.6E8,
5.699999999999999E-43,0.0038,310.0,7000.0,4600.0,3599999.9999999995,6800.0,230.0,3300.0,5400.0,2800.0,0.099,3699999.9999999995,0.0,3.5E-6,0.067,0.067,0.0,520.0,1.8,1.5E-35,2.4E-15,1.2E-26,0.0,2.4E7,1.0,6.6E8,
5.699999999999999E-43,0.0038,310.0,7000.0,4600.0,3599999.9999999995,6800.0,230.0,3300.0,5400.0,2800.0,0.099,3699999.9999999995,0.0,3.8E-6,0.067,0.067,0.0,520.0,1.8,3.8000000000000005E-38,2.4E-15,1.3E-26,0.0,2.3E7,1.0,6.6E8,
5.699999999999999E-43,0.0038,310.0,7000.0,4600.0,3599999.9999999995,6800.0,230.0,3300.0,5400.0,2800.0,0.099,3699999.9999999995,0.0,3.7E-6,0.067,0.067,0.0,510.0,1.8,9.9E-41,2.4E-15,1.4E-26,0.0,2.3E7,1.0,6.6E8,
5.6E-43,0.0038,310.0,7000.0,4600.0,3599999.9999999995,6800.0,230.0,3300.0,5400.0,2800.0,0.099,3599999.9999999995,0.0,4.1E-6,0.066,0.066,0.0,500.0,1.8,2.5999999999999996E-43,2.4E-15,1.4E-26,0.0,2.2E7,1.0,6.6E8,
5.6E-43,0.0038,310.0,7000.0,4600.0,3599999.9999999995,6800.0,230.0,3300.0,5400.0,2800.0,0.099,3599999.9999999995,0.0,4.6E-6,0.066,0.066,0.0,500.0,1.8,6.699999999999999E-46,2.4E-15,1.6E-26,0.0,2.1E7,1.0,6.6E8,
1.0E-42,0.0072,28000.0,25000.0,9800.0,4700000.0,14000.0,7400.0,5100.0,76.0,5600.0,0.1,4800000.0,0.0,7.1E-6,0.091,0.091,0.0,530.0,2.7,2.7E-8,2.5E-15,5.7E-22,0.0,2.1E7,1.0,6.7E8,
2.3E-43,0.0017,570.0,2300.0,2200.0,4600000.0,1700.0,7400.0,5100.0,75.0,5600.0,0.1,4600000.0,0.0,3.7E-6,0.074,0.074,0.0,520.0,1.3,1.4E-9,2.5E-15,7.3E-23,0.0,2.0E7,1.0,6.7E8,
2.2E-43,0.0015,570.0,2300.0,2200.0,3899999.9999999995,1700.0,7400.0,5100.0,75.0,5600.0,0.099,3899999.9999999995,0.0,3.7E-6,0.069,0.069,0.0,520.0,1.1,6.9E-11,2.4E-15,3.7E-23,0.0,2.0E7,1.0,6.6E8,
2.0999999999999997E-43,0.0015,570.0,2300.0,2200.0,3599999.9999999995,1700.0,7400.0,5100.0,75.0,5600.0,0.099,3699999.9999999995,0.0,4.0E-6,0.067,0.067,0.0,520.0,1.1,1.3E-12,2.4E-15,1.6000000000000002E-23,0.0,1.9E7,1.0,6.6E8,
2.8E-42,0.018,3600.0,56000.0,10000.0,4600000.0,1700.0,7400.0,5100.0,75.0,5600.0,0.1,4700000.0,0.0,1.7E-5,0.14,0.14,0.0,540.0,4.1,1.8E-8,2.5E-15,5.5E-21,0.0,1.8E7,1.0,6.7E8,
3.2E-43,0.002,3600.0,750.0,2800.0,4400000.0,1700.0,7400.0,5100.0,75.0,5600.0,0.1,4400000.0,0.0,8.9E-6,0.088,0.088,0.0,540.0,2.0,3.4E-10,2.5E-15,2.8E-22,0.0,1.8E7,1.0,6.7E8,
3.0999999999999995E-43,0.0019,3600.0,750.0,2800.0,4099999.9999999995,1700.0,7400.0,5100.0,75.0,5600.0,0.099,4200000.0,0.0,9.4E-6,0.085,0.085,0.0,540.0,1.9,6.4E-12,2.5E-15,1.2E-22,0.0,1.7E7,1.0,6.6E8,
2.9999999999999996E-43,0.0018,3600.0,750.0,2800.0,3899999.9999999995,1700.0,7300.0,5000.0,75.0,5600.0,0.099,3899999.9999999995,0.0,9.7E-6,0.083,0.083,0.0,540.0,1.8,1.2E-13,2.5E-15,5.2E-23,0.0,1.7E7,1.0,6.6E8,
2.8999999999999997E-43,0.0018,3600.0,750.0,2700.0,3699999.9999999995,1700.0,7300.0,5000.0,75.0,5600.0,0.098,3699999.9999999995,0.0,1.0E-5,0.081,0.081,0.0,530.0,1.8,6.0E-15,2.5E-15,2.8000000000000003E-23,0.0,1.6E7,1.0,6.6E8,
2.8999999999999997E-43,0.0018,3600.0,750.0,2700.0,3599999.9999999995,1700.0,7300.0,5000.0,74.0,5500.0,0.098,3699999.9999999995,0.0,1.1E-5,0.081,0.081,0.0,530.0,1.8,3.0E-16,2.5E-15,1.5E-23,0.0,1.6E7,1.0,6.6E8,
2.8999999999999997E-43,0.0018,3600.0,750.0,2700.0,3599999.9999999995,1700.0,7300.0,5000.0,74.0,5500.0,0.098,3699999.9999999995,0.0,1.1E-5,0.081,0.081,0.0,530.0,1.8,7.9E-19,2.5E-15,4.5999999999999995E-24,0.0,1.6E7,1.0,6.6E8,
2.8999999999999997E-43,0.0018,3600.0,750.0,2700.0,3599999.9999999995,1700.0,7300.0,5000.0,74.0,5500.0,0.098,3699999.9999999995,0.0,1.0E-5,0.081,0.081,0.0,510.0,1.8,2.0E-21,2.5E-15,1.3999999999999999E-24,0.0,1.6E7,1.0,6.6E8,
2.6E-42,0.016,9200.0,56000.0,3300.0,4700000.0,6100.0,8600.0,6600.0,2100.0,9000.0,0.1,4800000.0,0.0,5.4E-6,0.22,0.22,0.0,640.0,0.93,7.6E-9,2.9E-15,1.9E-21,0.0,1.6E7,1.0,6.8E8,
4.3E-43,0.0026,1700.0,2700.0,3300.0,4400000.0,6100.0,1000.0,6600.0,2100.0,1500.0,0.099,4400000.0,0.0,5.3E-6,0.07,0.07,0.0,640.0,0.88,1.0E-9,2.9E-15,2.0999999999999998E-22,0.0,1.6E7,1.0,6.7E8,
4.1E-43,0.0025,1700.0,2700.0,3300.0,3899999.9999999995,6000.0,1000.0,6600.0,2100.0,1500.0,0.098,3899999.9999999995,0.0,5.3E-6,0.065,0.065,0.0,640.0,0.83,1.9E-11,2.8E-15,8.9E-23,0.0,1.6E7,1.0,6.7E8,
3.9999999999999995E-43,0.0024,1700.0,2700.0,3300.0,3699999.9999999995,6000.0,1000.0,6600.0,2100.0,1500.0,0.097,3699999.9999999995,0.0,5.3E-6,0.062,0.062,0.0,630.0,0.8,9.7E-13,2.8E-15,4.8E-23,0.0,1.5E7,1.0,6.7E8,
3.9999999999999995E-43,0.0024,1700.0,2700.0,3300.0,3699999.9999999995,6000.0,1000.0,6600.0,2100.0,1500.0,0.097,3699999.9999999995,0.0,5.2E-6,0.062,0.062,0.0,630.0,0.8,2.5E-15,2.8E-15,1.4000000000000002E-23,0.0,1.6E7,1.0,6.7E8,
3.9999999999999995E-43,0.0024,1700.0,2700.0,3300.0,3699999.9999999995,6000.0,1000.0,6600.0,2100.0,1500.0,0.097,3699999.9999999995,0.0,4.6E-6,0.062,0.062,0.0,620.0,0.8,6.5E-18,2.8E-15,4.399999999999999E-24,0.0,1.6E7,1.0,6.7E8,
3.9999999999999995E-43,0.0024,1700.0,2700.0,3300.0,3699999.9999999995,6000.0,1000.0,6600.0,2100.0,1500.0,0.097,3699999.9999999995,0.0,3.8E-6,0.062,0.062,0.0,610.0,0.8,1.7E-20,2.8E-15,1.2999999999999998E-24,0.0,1.7E7,1.0,6.7E8,
3.9999999999999995E-43,0.0024,1700.0,2700.0,3300.0,3699999.9999999995,6000.0,1000.0,6600.0,2100.0,1500.0,0.097,3699999.9999999995,0.0,3.2E-6,0.062,0.062,0.0,610.0,0.8,4.5000000000000003E-23,2.8E-15,4.1E-25,0.0,1.9E7,1.0,6.7E8,
3.9999999999999995E-43,0.0024,1700.0,2700.0,3300.0,3699999.9999999995,6000.0,1000.0,6600.0,2100.0,1500.0,0.097,3699999.9999999995,0.0,2.6E-6,0.062,0.062,0.0,600.0,0.8,1.2E-25,2.8E-15,1.3E-25,0.0,2.0E7,1.0,6.7E8,
3.9999999999999995E-43,0.0024,1700.0,2700.0,3300.0,3699999.9999999995,6000.0,1000.0,6600.0,2100.0,1500.0,0.097,3699999.9999999995,0.0,2.1E-6,0.062,0.062,0.0,600.0,0.8,8.300000000000001E-28,2.8E-15,4.7E-26,0.0,2.1E7,1.0,6.7E8,
3.9999999999999995E-43,0.0024,1700.0,2700.0,3300.0,3699999.9999999995,6000.0,1000.0,6600.0,2100.0,1500.0,0.097,3699999.9999999995,0.0,1.8E-6,0.062,0.062,0.0,600.0,0.8,0.0,2.8E-15,2.0E-26,0.0,2.3E7,1.0,6.7E8,
2.4999999999999997E-43,0.0029,2200.0,4500.0,3900.0,4500000.0,6000.0,1000.0,6600.0,2100.0,1500.0,0.098,4500000.0,0.0,7.3E-6,0.087,0.087,0.0,600.0,3.1,4.1E-10,2.9E-15,2.8E-22,0.0,2.3E7,1.0,6.8E8,
2.3999999999999998E-43,0.0028,2200.0,4500.0,3800.0,4099999.9999999995,6000.0,1000.0,6600.0,2100.0,1500.0,0.098,4200000.0,0.0,8.1E-6,0.083,0.083,0.0,600.0,3.0,7.7E-12,2.9E-15,1.2E-22,0.0,2.1E7,1.0,6.7E8,
2.3999999999999998E-43,0.0028,2200.0,4500.0,3800.0,3999999.9999999995,6000.0,1000.0,6500.0,2100.0,1500.0,0.098,4099999.9999999995,0.0,8.9E-6,0.081,0.081,0.0,590.0,2.9,3.9E-13,2.9E-15,6.6E-23,0.0,2.0E7,1.0,6.7E8,
1.5E-42,0.011,22000.0,29000.0,11000.0,4700000.0,310000.0,5700.0,1900.0,6500.0,5900.0,0.099,5100000.0,0.0,1.4E-5,0.27,0.27,0.0,1100.0,3.8,8.1E-8,4.2E-15,6.4999999999999995E-22,0.0,2.0E7,1.0,6.9E8,
3.2999999999999998E-43,0.0024,4700.0,1800.0,3400.0,4600000.0,33000.0,5700.0,1900.0,6500.0,5900.0,0.098,4700000.0,0.0,7.7E-6,0.21,0.21,0.0,1100.0,1.9,4.7E-9,4.2E-15,7.700000000000001E-23,0.0,1.9E7,1.0,6.9E8,
3.0999999999999995E-43,0.0022,4700.0,1800.0,3400.0,3999999.9999999995,2600.0,5700.0,1900.0,6500.0,5800.0,0.097,4099999.9999999995,0.0,7.7E-6,0.2,0.2,0.0,1000.0,1.8,2.4E-10,4.2E-15,4.0E-23,0.0,1.8E7,1.0,6.8E8,
2.9999999999999996E-43,0.0022,4600.0,1800.0,3400.0,3899999.9999999995,2600.0,5700.0,1900.0,6500.0,5800.0,0.097,3999999.9999999995,0.0,8.5E-6,0.2,0.2,0.0,1000.0,1.7,1.7E-12,4.2E-15,1.4000000000000002E-23,0.0,1.8E7,1.0,6.8E8,
3.2999999999999998E-43,0.0031,4600.0,3700.0,5300.0,4500000.0,2600.0,5700.0,1900.0,6500.0,5800.0,0.098,4600000.0,0.0,1.3E-5,0.18,0.18,0.0,1000.0,2.5,1.7E-9,4.2E-15,1.0999999999999998E-22,0.0,1.7E7,1.0,6.9E8,
3.2999999999999998E-43,0.003,4600.0,3700.0,5300.0,4200000.0,2600.0,5700.0,1900.0,6500.0,5800.0,0.097,4200000.0,0.0,1.3E-5,0.18,0.18,0.0,1000.0,2.4,1.7E-9,4.2E-15,1.0999999999999998E-22,0.0,1.7E7,1.0,6.9E8,
3.2E-43,0.003,4600.0,3700.0,5300.0,3799999.9999999995,2600.0,5700.0,1900.0,6500.0,5800.0,0.096,3799999.9999999995,0.0,1.3E-5,0.17,0.17,0.0,1000.0,2.3,8.5E-11,4.2E-15,5.9E-23,0.0,1.7E7,1.0,6.8E8,
1.5E-42,0.012,4600.0,41000.0,6300.0,4600000.0,2600.0,5700.0,1900.0,6500.0,5800.0,0.097,4700000.0,0.0,1.6E-5,0.24,0.24,0.0,1000.0,2.6,2.3E-10,4.2E-15,2.5E-23,0.0,1.6E7,1.0,6.9E8,
4.199999999999999E-43,0.0034,4600.0,3600.0,6300.0,4500000.0,2600.0,5700.0,1900.0,6500.0,5800.0,0.097,4600000.0,0.0,1.7E-5,0.17,0.17,0.0,1000.0,2.6,4.4E-12,4.2E-15,3.1999999999999998E-24,0.0,1.6E7,1.0,6.9E8,
4.1E-43,0.0033,4600.0,3600.0,6300.0,4099999.9999999995,2600.0,5700.0,1900.0,6500.0,5800.0,0.096,4099999.9999999995,0.0,1.7E-5,0.17,0.17,0.0,1000.0,2.5,2.2E-13,4.2E-15,1.7999999999999997E-24,0.0,1.6E7,1.0,6.9E8,
3.9999999999999995E-43,0.0033,4600.0,3600.0,6300.0,3799999.9999999995,2600.0,5700.0,1900.0,6500.0,5800.0,0.096,3899999.9999999995,0.0,1.7E-5,0.16,0.16,0.0,1000.0,2.4,4.2E-15,4.1E-15,8.3E-25,0.0,1.5E7,1.0,6.8E8,
3.9999999999999995E-43,0.0032,4600.0,3600.0,6300.0,3699999.9999999995,2600.0,5700.0,1900.0,6500.0,5800.0,0.096,3799999.9999999995,0.0,1.7E-5,0.16,0.16,0.0,1000.0,2.4,3.0E-17,4.1E-15,3.6999999999999996E-25,0.0,1.5E7,1.0,6.8E8,
3.9999999999999995E-43,0.0032,4600.0,3600.0,6300.0,3699999.9999999995,2600.0,5700.0,1900.0,6500.0,5800.0,0.096,3799999.9999999995,0.0,1.6E-5,0.16,0.16,0.0,990.0,2.4,7.8E-20,4.1E-15,1.8E-25,0.0,1.6E7,1.0,6.8E8,
3.9999999999999995E-43,0.0032,4600.0,3600.0,6300.0,3699999.9999999995,2600.0,5700.0,1900.0,6500.0,5800.0,0.096,3799999.9999999995,0.0,1.4E-5,0.16,0.16,0.0,970.0,2.4,2.0999999999999998E-22,4.1E-15,1.2E-25,0.0,1.7E7,1.0,6.8E8,
3.9999999999999995E-43,0.0032,4600.0,3600.0,6300.0,3699999.9999999995,2600.0,5700.0,1900.0,6500.0,5800.0,0.096,3799999.9999999995,0.0,1.1E-5,0.16,0.16,0.0,970.0,2.4,5.399999999999999E-25,4.1E-15,8.8E-26,0.0,1.8E7,1.0,6.8E8,
3.9999999999999995E-43,0.0032,4600.0,3600.0,6300.0,3699999.9999999995,2600.0,5700.0,1900.0,6500.0,5800.0,0.096,3799999.9999999995,0.0,9.3E-6,0.16,0.16,0.0,970.0,2.4,1.9E-27,4.1E-15,6.9E-26,0.0,1.9E7,1.0,6.8E8,
3.9999999999999995E-43,0.0032,4600.0,3600.0,6300.0,3699999.9999999995,2600.0,5700.0,1900.0,6500.0,5800.0,0.096,3799999.9999999995,0.0,7.6E-6,0.16,0.16,0.0,970.0,2.4,2.6E-29,4.2E-15,5.6E-26,0.0,2.1E7,1.0,6.8E8,
3.9999999999999995E-43,0.0032,4600.0,3600.0,6300.0,3699999.9999999995,2600.0,5700.0,1900.0,6500.0,5800.0,0.096,3799999.9999999995,0.0,6.2E-6,0.16,0.16,0.0,950.0,2.4,0.0,4.2E-15,4.5E-26,0.0,2.2E7,1.0,6.8E8,
3.9999999999999995E-43,0.0032,4600.0,3600.0,6300.0,3699999.9999999995,2600.0,5700.0,1900.0,6500.0,5800.0,0.096,3799999.9999999995,0.0,5.2E-6,0.16,0.16,0.0,950.0,2.4,2.8999999999999996E-31,4.1E-15,3.7E-26,0.0,2.4E7,1.0,6.8E8,
3.9999999999999995E-43,0.0032,4600.0,3600.0,6300.0,3699999.9999999995,2600.0,5700.0,1900.0,6500.0,5800.0,0.096,3799999.9999999995,0.0,5.0E-6,0.16,0.16,0.0,940.0,2.4,6.0E-34,4.2E-15,3.2E-26,0.0,2.4E7,1.0,6.8E8,
3.9999999999999995E-43,0.0032,4600.0,3600.0,6300.0,3699999.9999999995,2600.0,5700.0,1900.0,6500.0,5800.0,0.096,3799999.9999999995,0.0,5.8E-6,0.16,0.16,0.0,940.0,2.4,1.6E-36,4.2E-15,3.3E-26,0.0,2.3E7,1.0,6.8E8,
3.9999999999999995E-43,0.0032,4600.0,3600.0,6300.0,3699999.9999999995,2600.0,5700.0,1900.0,6500.0,5800.0,0.096,3799999.9999999995,0.0,5.9E-6,0.16,0.16,0.0,940.0,2.4,4.2E-39,4.2E-15,3.5E-26,0.0,2.2E7,1.0,6.8E8,
3.9999999999999995E-43,0.0032,4600.0,3600.0,6300.0,3699999.9999999995,2600.0,5700.0,1900.0,6500.0,5800.0,0.096,3799999.9999999995,0.0,5.6E-6,0.16,0.16,0.0,940.0,2.4,1.1E-41,4.2E-15,3.5E-26,0.0,2.3E7,1.0,6.8E8,
3.9999999999999995E-43,0.0032,4600.0,3600.0,6300.0,3699999.9999999995,2600.0,5700.0,1900.0,6500.0,5800.0,0.096,3799999.9999999995,0.0,5.0E-6,0.16,0.16,0.0,940.0,2.4,2.9E-44,4.2E-15,3.3E-26,0.0,2.4E7,1.0,6.8E8,
3.9999999999999995E-43,0.0032,4600.0,3600.0,6300.0,3699999.9999999995,2600.0,5700.0,1900.0,6500.0,5800.0,0.096,3699999.9999999995,0.0,4.4E-6,0.16,0.16,0.0,940.0,2.4,8.0E-46,4.2E-15,2.9E-26,0.0,2.5E7,1.0,6.8E8,
3.9999999999999995E-43,0.0032,4600.0,3600.0,6300.0,3699999.9999999995,2600.0,5600.0,1900.0,6500.0,5800.0,0.096,3699999.9999999995,0.0,5.3E-6,0.16,0.16,0.0,940.0,2.4,5.7E-48,4.1E-15,3.0E-26,0.0,2.3E7,1.0,6.8E8,
4.9E-42,0.051,3600.0,140000.0,50000.0,4700000.0,2600.0,2000.0,2800.0,140.0,22000.0,0.097,4900000.0,0.0,2.4E-5,0.84,0.84,0.0,970.0,9.3,1.4E-9,4.6E-15,3.3E-21,0.0,2.2E7,1.0,6.9E8,
2.8E-43,0.003,3600.0,2700.0,4500.0,4300000.0,2600.0,2000.0,2800.0,140.0,4300.0,0.096,4300000.0,0.0,4.1E-6,0.18,0.18,0.0,980.0,1.5,5.0E-10,4.5E-15,1.6E-22,0.0,2.2E7,1.0,6.9E8,
2.8E-43,0.0029,3600.0,2700.0,4500.0,4200000.0,2600.0,2000.0,2800.0,140.0,4300.0,0.095,4200000.0,0.0,4.7E-6,0.18,0.18,0.0,980.0,1.5,9.3E-12,4.5E-15,7.0E-23,0.0,2.1E7,1.0,6.9E8,
2.7E-43,0.0028,3600.0,2700.0,4500.0,3799999.9999999995,2600.0,2000.0,2800.0,140.0,4300.0,0.095,3799999.9999999995,0.0,4.9E-6,0.17,0.17,0.0,980.0,1.4,4.7E-13,4.5E-15,3.7E-23,0.0,2.0E7,1.0,6.8E8,
2.7E-43,0.0028,3600.0,2700.0,4500.0,3699999.9999999995,2600.0,2000.0,2800.0,140.0,4300.0,0.095,3699999.9999999995,0.0,5.5E-6,0.17,0.17,0.0,970.0,1.4,3.2E-15,4.5E-15,1.4000000000000002E-23,0.0,1.9E7,1.0,6.8E8,
2.7E-43,0.0028,3600.0,2700.0,4500.0,3699999.9999999995,2600.0,2000.0,2800.0,140.0,4300.0,0.095,3699999.9999999995,0.0,5.5E-6,0.17,0.17,0.0,970.0,1.4,8.3E-18,4.5E-15,4.0999999999999994E-24,0.0,1.9E7,1.0,6.8E8,
2.7E-43,0.0028,3600.0,2700.0,4500.0,3699999.9999999995,2600.0,2000.0,2800.0,140.0,4300.0,0.095,3699999.9999999995,0.0,5.1E-6,0.17,0.17,0.0,970.0,1.4,2.1E-20,4.5E-15,1.2999999999999998E-24,0.0,2.0E7,1.0,6.8E8,
2.7E-43,0.0028,3600.0,2700.0,4500.0,3699999.9999999995,2600.0,2000.0,2800.0,140.0,4300.0,0.095,3699999.9999999995,0.0,4.4E-6,0.17,0.17,0.0,970.0,1.4,5.5E-23,4.5E-15,3.9999999999999997E-25,0.0,2.1E7,1.0,6.8E8,
2.7E-43,0.0028,3600.0,2700.0,4500.0,3699999.9999999995,2600.0,2000.0,2800.0,140.0,4300.0,0.095,3699999.9999999995,0.0,3.8E-6,0.17,0.17,0.0,970.0,1.4,1.5E-25,4.5E-15,1.4E-25,0.0,2.2E7,1.0,6.8E8,
2.7E-43,0.0028,3600.0,2700.0,4500.0,3699999.9999999995,2600.0,2000.0,2800.0,140.0,4300.0,0.095,3699999.9999999995,0.0,3.2E-6,0.17,0.17,0.0,970.0,1.4,4.1E-28,4.5E-15,5.8E-26,0.0,2.3E7,1.0,6.8E8,
2.6E-42,0.024,9100.0,85000.0,6000.0,4700000.0,2600.0,2000.0,2800.0,140.0,4300.0,0.096,4800000.0,0.0,0.7,0.31,0.31,0.0,970.0,1.7,4.1E-8,4.6E-15,9.7E-21,0.0,2.5E7,1.0,6.9E8,
3.2E-43,0.003,1600.0,1800.0,5900.0,4300000.0,2600.0,1900.0,2800.0,140.0,4200.0,0.095,4300000.0,0.0,5.2E-6,0.15,0.15,0.0,980.0,2.3,2.1E-9,4.5E-15,6.699999999999999E-22,0.0,2.3E7,1.0,6.9E8,
3.0999999999999995E-43,0.0029,1600.0,1800.0,5900.0,3999999.9999999995,2600.0,1900.0,2800.0,140.0,4200.0,0.095,3999999.9999999995,0.0,5.9E-6,0.15,0.15,0.0,970.0,2.2,3.9E-11,4.5E-15,2.8999999999999997E-22,0.0,2.2E7,1.0,6.8E8,
3.0999999999999995E-43,0.0029,1600.0,1800.0,5900.0,3799999.9999999995,2600.0,1900.0,2800.0,140.0,4200.0,0.094,3899999.9999999995,0.0,6.6E-6,0.14,0.14,0.0,940.0,2.2,1.9E-12,4.5E-15,1.6E-22,0.0,2.1E7,1.0,6.8E8,
3.0999999999999995E-43,0.0028,1600.0,1800.0,5900.0,3699999.9999999995,2600.0,1900.0,2800.0,140.0,4200.0,0.094,3799999.9999999995,0.0,7.4E-6,0.14,0.14,0.0,940.0,2.2,3.6E-14,4.5E-15,7.1E-23,0.0,2.0E7,1.0,6.8E8,
3.0999999999999995E-43,0.0028,1600.0,1800.0,5900.0,3699999.9999999995,2600.0,1900.0,2800.0,140.0,4200.0,0.094,3799999.9999999995,0.0,7.8E-6,0.14,0.14,0.0,940.0,2.2,9.3E-17,4.5E-15,2.1E-23,0.0,2.0E7,1.0,6.8E8,
3.0999999999999995E-43,0.0028,1600.0,1800.0,5900.0,3699999.9999999995,2600.0,1900.0,2800.0,140.0,4200.0,0.094,3799999.9999999995,0.0,7.5E-6,0.14,0.14,0.0,930.0,2.2,2.4E-19,4.5E-15,6.499999999999999E-24,0.0,2.0E7,1.0,6.8E8,
3.0999999999999995E-43,0.0028,1600.0,1800.0,5900.0,3699999.9999999995,2600.0,1900.0,2800.0,140.0,4200.0,0.094,3799999.9999999995,0.0,6.7E-6,0.14,0.14,0.0,920.0,2.2,6.1E-22,4.5E-15,2.0E-24,0.0,2.1E7,1.0,6.8E8,
3.0999999999999995E-43,0.0028,1600.0,1800.0,5900.0,3699999.9999999995,2600.0,1900.0,2800.0,140.0,4200.0,0.094,3699999.9999999995,0.0,5.7E-6,0.14,0.14,0.0,920.0,2.2,1.7E-24,4.5E-15,6.2E-25,0.0,2.2E7,1.0,6.8E8,
3.0999999999999995E-43,0.0028,1600.0,1800.0,5900.0,3699999.9999999995,2600.0,1900.0,2800.0,140.0,4200.0,0.094,3699999.9999999995,0.0,6.6E-6,0.14,0.14,0.0,900.0,2.2,4.3E-27,4.5E-15,2.1999999999999997E-25,0.0,2.1E7,1.0,6.8E8,
3.0999999999999995E-43,0.0028,1600.0,1800.0,5900.0,3699999.9999999995,2600.0,1900.0,2800.0,140.0,4200.0,0.094,3699999.9999999995,0.0,6.7E-6,0.14,0.14,0.0,900.0,2.2,1.1E-29,4.5E-15,9.7E-26,0.0,2.0E7,1.0,6.8E8,
3.0999999999999995E-43,0.0028,1600.0,1800.0,5900.0,3699999.9999999995,2600.0,1900.0,2800.0,140.0,4200.0,0.094,3699999.9999999995,0.0,6.3E-6,0.14,0.14,0.0,890.0,2.2,2.8E-32,4.5E-15,5.899999999999999E-26,0.0,2.1E7,1.0,6.8E8,
3.0999999999999995E-43,0.0028,1600.0,1800.0,5900.0,3699999.9999999995,2600.0,1900.0,2800.0,140.0,4200.0,0.094,3699999.9999999995,0.0,5.6E-6,0.14,0.14,0.0,880.0,2.2,7.199999999999999E-35,4.5E-15,4.5E-26,0.0,2.2E7,1.0,6.8E8,
3.0999999999999995E-43,0.0028,1600.0,1800.0,5900.0,3699999.9999999995,2600.0,1900.0,2800.0,140.0,4200.0,0.094,3699999.9999999995,0.0,4.8E-6,0.14,0.14,0.0,870.0,2.2,4.4E-37,4.5E-15,3.7E-26,0.0,2.3E7,1.0,6.8E8,
3.0999999999999995E-43,0.0028,1600.0,1800.0,5900.0,3699999.9999999995,2600.0,1900.0,2800.0,140.0,4200.0,0.094,3699999.9999999995,0.0,4.1E-6,0.14,0.14,0.0,870.0,2.2,0.0,4.5E-15,3.2E-26,0.0,2.4E7,1.0,6.8E8,
3.0999999999999995E-43,0.0028,1600.0,1800.0,5900.0,3699999.9999999995,2600.0,1900.0,2800.0,140.0,4200.0,0.094,3699999.9999999995,0.0,3.5E-6,0.14,0.14,0.0,860.0,2.2,1.4999999999999998E-39,4.5E-15,2.7E-26,0.0,2.6E7,1.0,6.8E8,
3.0999999999999995E-43,0.0028,1600.0,1800.0,5900.0,3699999.9999999995,2600.0,1900.0,2800.0,140.0,4200.0,0.094,3699999.9999999995,0.0,3.0E-6,0.14,0.14,0.0,860.0,2.2,6.6E-40,4.5E-15,2.3E-26,0.0,2.7E7,1.0,6.8E8,
2.4E-42,0.026,13000.0,64000.0,30000.0,4600000.0,16000.0,1900.0,2800.0,140.0,4200.0,0.095,4700000.0,0.0,3.3,0.24,0.24,0.0,880.0,3.4,3.9E-8,4.6E-15,5.3E-21,0.0,2.6E7,1.0,6.9E8,
2.1E-42,0.023,13000.0,52000.0,30000.0,4600000.0,3400.0,1900.0,2800.0,140.0,4200.0,0.095,4700000.0,0.0,1.2E-5,0.22,0.22,0.0,880.0,6.7,3.0E-10,4.6E-15,1.7E-21,0.0,2.4E7,1.0,6.9E8,
3.2999999999999998E-43,0.0036,740.0,6400.0,2700.0,4400000.0,3400.0,1900.0,2800.0,140.0,4200.0,0.095,4400000.0,0.0,3.1E-6,0.15,0.15,0.0,860.0,1.3,1.5E-11,4.6E-15,1.5E-22,0.0,2.3E7,1.0,6.8E8,
3.2E-43,0.0034,740.0,6400.0,2700.0,3799999.9999999995,3400.0,1900.0,2800.0,140.0,4200.0,0.094,3899999.9999999995,0.0,3.3E-6,0.14,0.14,0.0,860.0,1.2,7.6E-13,4.5E-15,7.6E-23,0.0,2.2E7,1.0,6.8E8,
3.2E-43,0.0034,740.0,6400.0,2700.0,3699999.9999999995,3400.0,1900.0,2800.0,140.0,4200.0,0.094,3699999.9999999995,0.0,3.7E-6,0.14,0.14,0.0,860.0,1.2,5.3E-15,4.5E-15,2.8000000000000003E-23,0.0,2.1E7,1.0,6.8E8,
1.9999999999999998E-43,0.0025,1300.0,4600.0,1000.0,4500000.0,3400.0,1900.0,2800.0,140.0,4200.0,0.095,4600000.0,0.0,1.0E-6,0.14,0.14,0.0,880.0,0.94,6.0E-9,4.6E-15,9.7E-23,0.0,2.0E7,1.0,6.9E8,
1.9E-43,0.0024,1300.0,4600.0,1000.0,4099999.9999999995,3400.0,1900.0,2800.0,140.0,4200.0,0.094,4099999.9999999995,0.0,3.2E-6,0.14,0.14,0.0,880.0,0.87,3.0E-10,4.6E-15,5.1E-23,0.0,2.0E7,1.0,6.8E8,
1.8E-43,0.0023,1300.0,4600.0,1000.0,3699999.9999999995,3400.0,1900.0,2800.0,140.0,4200.0,0.094,3699999.9999999995,0.0,3.3E-6,0.13,0.13,0.0,880.0,0.8,5.6E-12,4.6E-15,2.2E-23,0.0,1.9E7,1.0,6.8E8,
1.8E-43,0.0023,1300.0,4600.0,1000.0,3699999.9999999995,3400.0,1900.0,2800.0,140.0,4200.0,0.094,3699999.9999999995,0.0,3.5E-6,0.13,0.13,0.0,880.0,0.8,1.4E-14,4.6E-15,6.6E-24,0.0,1.8E7,1.0,6.8E8,
1.8E-43,0.0023,1300.0,4600.0,1000.0,3699999.9999999995,3400.0,1900.0,2800.0,140.0,4200.0,0.094,3699999.9999999995,0.0,3.4E-6,0.13,0.13,0.0,870.0,0.8,3.6E-17,4.6E-15,2.0E-24,0.0,1.8E7,1.0,6.8E8,
1.8E-43,0.0023,1300.0,4600.0,1000.0,3699999.9999999995,3400.0,1900.0,2800.0,140.0,4200.0,0.094,3699999.9999999995,0.0,3.0E-6,0.13,0.13,0.0,870.0,0.8,9.3E-20,4.6E-15,6.2E-25,0.0,1.9E7,1.0,6.8E8,
1.8E-43,0.0023,1300.0,4600.0,1000.0,3699999.9999999995,3400.0,1900.0,2800.0,140.0,4200.0,0.094,3699999.9999999995,0.0,2.5E-6,0.13,0.13,0.0,860.0,0.8,2.4E-22,4.6E-15,1.9999999999999998E-25,0.0,2.0E7,1.0,6.8E8,
1.8E-43,0.0023,1300.0,4600.0,1000.0,3699999.9999999995,3400.0,1900.0,2800.0,140.0,4200.0,0.094,3699999.9999999995,0.0,2.1E-6,0.13,0.13,0.0,860.0,0.8,7.2E-25,4.6E-15,7.099999999999999E-26,0.0,2.2E7,1.0,6.8E8,
1.8E-43,0.0023,1300.0,4600.0,1000.0,3699999.9999999995,3400.0,1900.0,2800.0,140.0,4200.0,0.094,3699999.9999999995,0.0,1.8E-6,0.13,0.13,0.0,860.0,0.8,0.0,4.6E-15,3.0E-26,0.0,2.3E7,1.0,6.8E8,
1.8E-43,0.0023,1300.0,4600.0,1000.0,3699999.9999999995,3400.0,1900.0,2800.0,140.0,4200.0,0.094,3699999.9999999995,0.0,1.5E-6,0.13,0.13,0.0,860.0,0.8,0.0,4.6E-15,1.7E-26,0.0,2.5E7,1.0,6.8E8,
1.8E-43,0.0023,1300.0,4600.0,1000.0,3699999.9999999995,3400.0,1900.0,2800.0,140.0,4200.0,0.094,3699999.9999999995,0.0,1.3E-6,0.13,0.13,0.0,860.0,0.8,0.0,4.6E-15,1.1E-26,0.0,2.6E7,1.0,6.8E8,
1.8E-43,0.0023,1300.0,4600.0,1000.0,3699999.9999999995,3400.0,1900.0,2800.0,140.0,4200.0,0.094,3699999.9999999995,0.0,1.5E-6,0.13,0.13,0.0,860.0,0.8,1.9E-32,4.6E-15,1.0E-26,0.0,2.5E7,1.0,6.8E8,
1.8E-43,0.0023,1300.0,4600.0,1000.0,3699999.9999999995,3400.0,1900.0,2800.0,140.0,4200.0,0.094,3699999.9999999995,0.0,1.7E-6,0.13,0.13,0.0,860.0,0.8,5.0E-35,4.6E-15,1.1E-26,0.0,2.4E7,1.0,6.8E8,
1.8E-43,0.0023,1300.0,4600.0,1000.0,3699999.9999999995,3400.0,1900.0,2800.0,140.0,4200.0,0.094,3699999.9999999995,0.0,1.7E-6,0.13,0.13,0.0,860.0,0.8,1.3000000000000001E-37,4.6E-15,1.1E-26,0.0,2.4E7,1.0,6.8E8,
1.8E-43,0.0023,1300.0,4600.0,1000.0,3699999.9999999995,3400.0,1900.0,2800.0,140.0,4200.0,0.094,3699999.9999999995,0.0,1.5E-6,0.13,0.13,0.0,850.0,0.8,3.3E-40,4.6E-15,1.1E-26,0.0,2.4E7,1.0,6.8E8,
1.8E-43,0.0023,1300.0,4600.0,1000.0,3699999.9999999995,3400.0,1900.0,2800.0,140.0,4200.0,0.094,3699999.9999999995,0.0,1.4E-6,0.13,0.13,0.0,840.0,0.8,2.1E-42,4.6E-15,1.0E-26,0.0,2.5E7,1.0,6.8E8,
1.8E-43,0.0023,1300.0,4600.0,1000.0,3699999.9999999995,3400.0,1900.0,2800.0,140.0,4200.0,0.094,3699999.9999999995,0.0,1.2E-6,0.13,0.13,0.0,840.0,0.8,6.4E-43,4.6E-15,9.0E-27,0.0,2.7E7,1.0,6.8E8,
1.8E-43,0.0023,1300.0,4600.0,1000.0,3699999.9999999995,3400.0,1900.0,2800.0,140.0,4200.0,0.094,3699999.9999999995,0.0,1.0E-6,0.13,0.13,0.0,840.0,0.8,1.4999999999999998E-43,4.6E-15,7.9E-27,0.0,2.8E7,1.0,6.8E8,
1.8E-43,0.0023,1300.0,4600.0,1000.0,3699999.9999999995,3400.0,1900.0,2800.0,140.0,4200.0,0.094,3699999.9999999995,0.0,9.1E-7,0.13,0.13,0.0,840.0,0.8,0.0,4.6E-15,6.9E-27,0.0,3.0E7,1.0,6.8E8,
1.8E-43,0.0023,1300.0,4600.0,1000.0,3699999.9999999995,3400.0,1900.0,2800.0,140.0,4200.0,0.094,3699999.9999999995,0.0,9.9E-7,0.13,0.13,0.0,820.0,0.8,5.1E-45,4.6E-15,6.4000000000000005E-27,0.0,2.9E7,1.0,6.8E8,
1.8E-43,0.0023,1300.0,4600.0,1000.0,3699999.9999999995,3400.0,1900.0,2800.0,140.0,4200.0,0.094,3699999.9999999995,0.0,1.2E-6,0.13,0.13,0.0,820.0,0.8,1.2999999999999998E-47,4.6E-15,7.2E-27,0.0,2.7E7,1.0,6.8E8,
1.8E-43,0.0023,1300.0,4600.0,1000.0,3699999.9999999995,3400.0,1900.0,2800.0,140.0,4200.0,0.094,3699999.9999999995,0.0,1.3E-6,0.13,0.13,0.0,810.0,0.8,3.3E-50,4.6E-15,8.1E-27,0.0,2.6E7,1.0,6.8E8,
1.8E-43,0.0023,1300.0,4600.0,1000.0,3699999.9999999995,3400.0,1900.0,2800.0,140.0,4200.0,0.094,3699999.9999999995,0.0,1.2E-6,0.13,0.13,0.0,810.0,0.8,8.499999999999999E-53,4.6E-15,8.4E-27,0.0,2.6E7,1.0,6.8E8,
1.8E-43,0.0023,1300.0,4600.0,1000.0,3699999.9999999995,3400.0,1900.0,2800.0,140.0,4200.0,0.094,3699999.9999999995,0.0,1.1E-6,0.13,0.13,0.0,810.0,0.8,2.2999999999999998E-55,4.6E-15,8.1E-27,0.0,2.7E7,1.0,6.8E8,
1.8E-43,0.0023,1300.0,4600.0,1000.0,3699999.9999999995,3400.0,1900.0,2800.0,140.0,4200.0,0.094,3699999.9999999995,0.0,1.0E-6,0.13,0.13,0.0,790.0,0.8,5.300000000000001E-57,4.6E-15,7.5E-27,0.0,2.8E7,1.0,6.8E8,
1.8E-43,0.0023,1300.0,4600.0,1000.0,3699999.9999999995,3400.0,1900.0,2800.0,140.0,4200.0,0.094,3699999.9999999995,0.0,9.0E-7,0.13,0.13,0.0,790.0,0.8,0.0,4.6E-15,6.7E-27,0.0,3.0E7,1.0,6.8E8,
1.8E-43,0.0023,1300.0,4600.0,1000.0,3699999.9999999995,3400.0,1900.0,2800.0,140.0,4200.0,0.094,3699999.9999999995,0.0,7.9E-7,0.13,0.13,0.0,790.0,0.8,0.0,4.6E-15,6.0E-27,0.0,3.1E7,1.0,6.8E8,
1.8E-43,0.0023,1300.0,4600.0,1000.0,3699999.9999999995,3400.0,1900.0,2800.0,140.0,4200.0,0.094,3699999.9999999995,0.0,7.6E-7,0.13,0.13,0.0,790.0,0.8,0.0,4.6E-15,5.3E-27,0.0,3.2E7,1.0,6.8E8,
1.8E-43,0.0023,1300.0,4600.0,1000.0,3699999.9999999995,3400.0,1900.0,2800.0,140.0,4200.0,0.093,3699999.9999999995,0.0,9.5E-7,0.13,0.13,0.0,780.0,0.8,0.0,4.5E-15,5.7000000000000004E-27,0.0,2.9E7,1.0,6.7E8,
1.8E-43,0.0023,1300.0,4600.0,1000.0,3699999.9999999995,3400.0,1900.0,2800.0,140.0,4200.0,0.093,3699999.9999999995,0.0,1.2E-6,0.13,0.13,0.0,780.0,0.8,0.0,4.5E-15,7.0E-27,0.0,2.6E7,1.0,6.7E8,
1.8E-43,0.0023,1300.0,4600.0,1000.0,3699999.9999999995,3400.0,1900.0,2800.0,140.0,4200.0,0.093,3699999.9999999995,0.0,1.4E-6,0.13,0.13,0.0,770.0,0.8,0.0,4.5E-15,8.4E-27,0.0,2.5E7,1.0,6.7E8,
1.8E-43,0.0023,1300.0,4600.0,1000.0,3699999.9999999995,3400.0,1900.0,2800.0,140.0,4200.0,0.092,3699999.9999999995,0.0,1.4E-6,0.13,0.13,0.0,770.0,0.8,0.0,4.5E-15,9.0E-27,0.0,2.5E7,1.0,6.7E8,
1.8E-43,0.0023,1300.0,4600.0,1000.0,3699999.9999999995,3400.0,1900.0,2800.0,140.0,4200.0,0.093,3699999.9999999995,0.0,1.3E-6,0.13,0.13,0.0,760.0,0.8,0.0,4.5E-15,9.0E-27,0.0,2.6E7,1.0,6.7E8,
1.8E-43,0.0023,1300.0,4600.0,1000.0,3699999.9999999995,3400.0,1900.0,2800.0,140.0,4200.0,0.093,3699999.9999999995,0.0,1.2E-6,0.13,0.13,0.0,760.0,0.8,0.0,4.5E-15,8.4E-27,0.0,2.7E7,1.0,6.7E8,
1.8E-43,0.0023,1300.0,4600.0,1000.0,3699999.9999999995,3400.0,1900.0,2800.0,140.0,4200.0,0.093,3699999.9999999995,0.0,1.0E-6,0.13,0.13,0.0,760.0,0.8,0.0,4.5E-15,7.6E-27,0.0,2.8E7,1.0,6.7E8,
1.8E-43,0.0023,1300.0,4600.0,1000.0,3699999.9999999995,3400.0,1900.0,2800.0,140.0,4200.0,0.093,3699999.9999999995,0.0,8.9E-7,0.13,0.13,0.0,740.0,0.8,0.0,4.5E-15,6.7E-27,0.0,2.9E7,1.0,6.7E8,
1.8E-43,0.0023,1300.0,4600.0,1000.0,3699999.9999999995,3400.0,1900.0,2800.0,140.0,4200.0,0.093,3699999.9999999995,0.0,7.8E-7,0.13,0.13,0.0,740.0,0.8,0.0,4.5E-15,5.9000000000000005E-27,0.0,3.1E7,1.0,6.7E8,
1.8E-43,0.0023,1300.0,4600.0,1000.0,3699999.9999999995,3400.0,1900.0,2800.0,140.0,4200.0,0.093,3699999.9999999995,0.0,9.2E-7,0.13,0.13,0.0,740.0,0.8,0.0,4.5E-15,5.7000000000000004E-27,0.0,2.9E7,1.0,6.7E8,
1.8E-43,0.0023,1300.0,4600.0,1000.0,3699999.9999999995,3400.0,1900.0,2800.0,140.0,4200.0,0.092,3699999.9999999995,0.0,1.1E-6,0.13,0.13,0.0,720.0,0.8,0.0,4.5E-15,6.6E-27,0.0,2.7E7,1.0,6.7E8,
1.8E-43,0.0023,1300.0,4600.0,1000.0,3699999.9999999995,3400.0,1900.0,2800.0,140.0,4200.0,0.093,3699999.9999999995,0.0,1.2E-6,0.13,0.13,0.0,700.0,0.8,0.0,4.5E-15,7.4E-27,0.0,2.7E7,1.0,6.7E8,
1.8E-43,0.0023,1300.0,4600.0,1000.0,3699999.9999999995,3400.0,1900.0,2800.0,140.0,4200.0,0.093,3699999.9999999995,0.0,1.2E-6,0.13,0.13,0.0,700.0,0.79,0.0,4.5E-15,7.7E-27,0.0,2.6E7,1.0,6.7E8,
1.8E-43,0.0023,1300.0,4600.0,1000.0,3699999.9999999995,3400.0,1900.0,2800.0,140.0,4200.0,0.093,3699999.9999999995,0.0,1.5E-6,0.13,0.13,0.0,690.0,0.79,0.0,4.5E-15,9.0E-27,0.0,2.4E7,1.0,6.7E8,
1.8E-43,0.0023,1300.0,4600.0,1000.0,3699999.9999999995,3400.0,1900.0,2800.0,140.0,4200.0,0.093,3699999.9999999995,0.0,1.6E-6,0.13,0.13,0.0,690.0,0.79,0.0,4.5E-15,1.0E-26,0.0,2.4E7,1.0,6.7E8,
1.8E-43,0.0023,1300.0,4600.0,1000.0,3699999.9999999995,3400.0,1900.0,2800.0,140.0,4200.0,0.093,3699999.9999999995,0.0,1.5E-6,0.13,0.13,0.0,670.0,0.79,0.0,4.5E-15,1.0E-26,0.0,2.4E7,1.0,6.7E8,
2.7E-43,0.0033,4300.0,3700.0,3000.0,4900000.0,4500.0,760.0,7100.0,1000.0,4400.0,0.094,4900000.0,0.0,1.5E-6,0.12,0.12,0.0,790.0,0.76,3.3E-8,5.0E-15,7.399999999999999E-22,0.0,2.4E7,1.0,6.9E8,
2.7E-43,0.0033,4300.0,3700.0,3000.0,4700000.0,4400.0,760.0,7100.0,1000.0,4400.0,0.093,4700000.0,0.0,1.8E-6,0.11,0.11,0.0,790.0,0.73,6.2E-10,5.0E-15,3.2999999999999996E-22,0.0,2.3E7,1.0,6.9E8,
2.5999999999999996E-43,0.0032,4300.0,3700.0,3000.0,4400000.0,4400.0,760.0,7000.0,1000.0,4300.0,0.093,4400000.0,0.0,2.1E-6,0.11,0.11,0.0,790.0,0.7,4.3E-12,5.0E-15,1.2E-22,0.0,2.1E7,1.0,6.9E8,
2.4999999999999997E-43,0.0031,4300.0,3700.0,3000.0,3999999.9999999995,4400.0,760.0,7000.0,1000.0,4300.0,0.092,3999999.9999999995,0.0,2.2E-6,0.11,0.11,0.0,790.0,0.67,2.2E-13,5.0E-15,6.2E-23,0.0,2.0E7,1.0,6.8E8,
2.4999999999999997E-43,0.003,4300.0,3700.0,3000.0,3699999.9999999995,4400.0,760.0,7000.0,1000.0,4300.0,0.092,3699999.9999999995,0.0,2.4E-6,0.1,0.1,0.0,780.0,0.64,4.1E-15,5.0E-15,2.7E-23,0.0,1.9E7,1.0,6.8E8,
2.4999999999999997E-43,0.003,4300.0,3700.0,3000.0,3699999.9999999995,4400.0,760.0,7000.0,1000.0,4300.0,0.092,3699999.9999999995,0.0,2.5E-6,0.1,0.1,0.0,770.0,0.64,1.1E-17,5.0E-15,8.199999999999999E-24,0.0,1.9E7,1.0,6.8E8,
2.4999999999999997E-43,0.003,4300.0,3700.0,3000.0,3699999.9999999995,4400.0,760.0,7000.0,1000.0,4300.0,0.092,3699999.9999999995,0.0,2.4E-6,0.1,0.1,0.0,770.0,0.64,2.7E-20,5.0E-15,2.5E-24,0.0,1.9E7,1.0,6.8E8,
2.4999999999999997E-43,0.003,4300.0,3700.0,3000.0,3699999.9999999995,4400.0,760.0,7000.0,1000.0,4300.0,0.092,3699999.9999999995,0.0,2.2E-6,0.1,0.1,0.0,760.0,0.64,7.1E-23,5.0E-15,7.6E-25,0.0,2.0E7,1.0,6.8E8,
2.4999999999999997E-43,0.003,4300.0,3700.0,3000.0,3699999.9999999995,4400.0,760.0,7000.0,1000.0,4300.0,0.092,3699999.9999999995,0.0,1.9E-6,0.1,0.1,0.0,740.0,0.64,1.9E-25,5.0E-15,2.4E-25,0.0,2.1E7,1.0,6.8E8,
2.4999999999999997E-43,0.003,4300.0,3700.0,3000.0,3699999.9999999995,4400.0,760.0,7000.0,1000.0,4300.0,0.092,3699999.9999999995,0.0,1.6E-6,0.1,0.1,0.0,740.0,0.64,5.500000000000001E-28,5.0E-15,8.0E-26,0.0,2.2E7,1.0,6.8E8,
2.4999999999999997E-43,0.003,4300.0,3700.0,3000.0,3699999.9999999995,4400.0,760.0,7000.0,1000.0,4300.0,0.092,3699999.9999999995,0.0,1.3E-6,0.1,0.1,0.0,740.0,0.64,4.0E-30,5.0E-15,3.1E-26,0.0,2.4E7,1.0,6.8E8,
2.3999999999999998E-43,0.003,4300.0,3700.0,3000.0,3699999.9999999995,4400.0,760.0,7000.0,1000.0,4300.0,0.092,3699999.9999999995,0.0,1.4E-6,0.1,0.1,0.0,740.0,0.64,3.1E-32,5.0E-15,1.8E-26,0.0,2.3E7,1.0,6.7E8,
2.3999999999999998E-43,0.003,4300.0,3700.0,3000.0,3699999.9999999995,4400.0,760.0,7000.0,1000.0,4300.0,0.092,3699999.9999999995,0.0,1.6E-6,0.1,0.1,0.0,740.0,0.64,7.9E-35,5.0E-15,1.3E-26,0.0,2.2E7,1.0,6.7E8,
2.3999999999999998E-43,0.003,4300.0,3700.0,3000.0,3699999.9999999995,4400.0,760.0,7000.0,1000.0,4300.0,0.092,3699999.9999999995,0.0,1.6E-6,0.1,0.1,0.0,740.0,0.64,2.1E-37,5.0E-15,1.2E-26,0.0,2.2E7,1.0,6.7E8,
2.3999999999999998E-43,0.003,4300.0,3700.0,3000.0,3699999.9999999995,4400.0,760.0,7000.0,1000.0,4300.0,0.092,3699999.9999999995,0.0,1.5E-6,0.1,0.1,0.0,740.0,0.64,5.4E-40,5.0E-15,1.1E-26,0.0,2.3E7,1.0,6.7E8,
2.3999999999999998E-43,0.003,4300.0,3700.0,3000.0,3699999.9999999995,4400.0,760.0,7000.0,1000.0,4300.0,0.092,3699999.9999999995,0.0,1.3E-6,0.1,0.1,0.0,720.0,0.64,1.5E-42,5.0E-15,1.0E-26,0.0,2.4E7,1.0,6.7E8,
2.3999999999999998E-43,0.003,4300.0,3700.0,3000.0,3699999.9999999995,4400.0,760.0,7000.0,1000.0,4300.0,0.092,3699999.9999999995,0.0,1.1E-6,0.1,0.1,0.0,720.0,0.64,1.1999999999999999E-43,5.0E-15,9.300000000000001E-27,0.0,2.5E7,1.0,6.7E8,
2.3999999999999998E-43,0.003,4300.0,3700.0,3000.0,3699999.9999999995,4400.0,760.0,7000.0,1000.0,4300.0,0.092,3699999.9999999995,0.0,9.8E-7,0.1,0.1,0.0,720.0,0.64,2.2E-44,5.0E-15,8.1E-27,0.0,2.6E7,1.0,6.7E8,
2.3999999999999998E-43,0.003,4300.0,3700.0,3000.0,3699999.9999999995,4400.0,760.0,7000.0,1000.0,4300.0,0.092,3699999.9999999995,0.0,1.1E-6,0.1,0.1,0.0,720.0,0.64,2.3999999999999997E-46,4.9E-15,7.800000000000001E-27,0.0,2.5E7,1.0,6.7E8,
2.3999999999999998E-43,0.003,4300.0,3700.0,3000.0,3699999.9999999995,4400.0,760.0,7000.0,1000.0,4300.0,0.092,3699999.9999999995,0.0,1.3E-6,0.1,0.1,0.0,720.0,0.64,6.199999999999999E-49,5.0E-15,8.6E-27,0.0,2.4E7,1.0,6.7E8,
9.6E-44,0.0014,1300.0,380.0,1600.0,5100000.0,4400.0,760.0,7000.0,1000.0,880.0,0.093,5100000.0,0.0,7.8E-6,0.055,0.055,0.0,760.0,3.5,1.1E-9,5.2E-15,2.0999999999999998E-22,0.0,2.3E7,1.0,6.8E8,
9.0E-44,0.0013,1300.0,380.0,1600.0,4700000.0,4400.0,760.0,7000.0,1000.0,880.0,0.093,4700000.0,0.0,8.3E-6,0.051,0.051,0.0,760.0,3.3,5.5E-11,5.2E-15,1.0999999999999998E-22,0.0,2.2E7,1.0,6.8E8,
8.8E-44,0.0013,1300.0,380.0,1600.0,4500000.0,4400.0,760.0,7000.0,1000.0,880.0,0.092,4500000.0,0.0,9.4E-6,0.049,0.049,0.0,750.0,3.2,1.0E-12,5.1E-15,4.7E-23,0.0,2.1E7,1.0,6.8E8,
8.6E-44,0.0013,1300.0,370.0,1600.0,4400000.0,4400.0,750.0,7000.0,1000.0,870.0,0.092,4400000.0,0.0,1.1E-5,0.048,0.048,0.0,750.0,3.1,2.6E-15,5.1E-15,1.4000000000000002E-23,0.0,2.0E7,1.0,6.8E8,
8.300000000000001E-44,0.0012,1300.0,370.0,1600.0,4099999.9999999995,4400.0,750.0,7000.0,1000.0,870.0,0.092,4200000.0,0.0,1.1E-5,0.046,0.046,0.0,760.0,3.0,3.5E-16,5.1E-15,9.099999999999998E-24,0.0,1.9E7,1.0,6.8E8,
7.900000000000001E-44,0.0012,1300.0,370.0,1600.0,3899999.9999999995,4400.0,750.0,7000.0,1000.0,870.0,0.091,3899999.9999999995,0.0,1.2E-5,0.044,0.044,0.0,740.0,2.9,2.4E-18,5.1E-15,3.3E-24,0.0,1.8E7,1.0,6.7E8,
1.9E-43,0.0034,6800.0,3100.0,6000.0,5400000.0,450.0,2400.0,1700.0,2400.0,4000.0,0.093,5500000.0,0.0,4.2E-5,0.09,0.09,0.0,870.0,9.3,3.1E-10,5.7E-15,1.3E-23,0.0,1.9E7,1.0,7.1E8,
1.9E-43,0.0033,6800.0,3100.0,6000.0,5200000.0,450.0,2400.0,1700.0,2400.0,3900.0,0.092,5200000.0,0.0,4.5E-5,0.088,0.088,0.0,860.0,9.0,5.7E-12,5.7E-15,6.0999999999999996E-24,0.0,1.8E7,1.0,7.1E8,
1.9E-43,0.0032,6800.0,3100.0,6000.0,4800000.0,450.0,2400.0,1700.0,2400.0,3900.0,0.092,4800000.0,0.0,4.6E-5,0.085,0.085,0.0,840.0,8.7,2.9E-13,5.6E-15,3.4E-24,0.0,1.8E7,1.0,7.1E8,
1.8E-43,0.0032,6800.0,3100.0,6000.0,4400000.0,450.0,2400.0,1700.0,2400.0,3900.0,0.091,4500000.0,0.0,4.8E-5,0.081,0.081,0.0,820.0,8.5,1.5E-14,5.6E-15,2.0E-24,0.0,1.7E7,1.0,7.1E8,
1.8E-43,0.0031,6800.0,3100.0,6000.0,4400000.0,450.0,2400.0,1700.0,2400.0,3900.0,0.091,4400000.0,0.0,5.1E-5,0.08,0.08,0.0,830.0,8.4,1.0E-16,5.6E-15,9.8E-25,0.0,1.7E7,1.0,7.0E8,
1.8E-43,0.0031,6800.0,3100.0,6000.0,4099999.9999999995,450.0,2400.0,1700.0,2400.0,3900.0,0.091,4099999.9999999995,0.0,5.2E-5,0.077,0.077,0.0,820.0,8.1,5.1E-18,5.6E-15,7.1E-25,0.0,1.6E7,1.0,7.0E8,
1.6999999999999998E-43,0.003,6800.0,3100.0,6000.0,3999999.9999999995,450.0,2400.0,1700.0,2400.0,3900.0,0.091,3999999.9999999995,0.0,5.4E-5,0.077,0.077,0.0,820.0,8.0,3.5E-20,5.6E-15,5.2E-25,0.0,1.6E7,1.0,7.0E8,
1.6999999999999998E-43,0.003,6800.0,3100.0,6000.0,3799999.9999999995,450.0,2400.0,1700.0,2400.0,3900.0,0.09,3799999.9999999995,0.0,5.6E-5,0.075,0.075,0.0,820.0,7.9,6.599999999999999E-22,5.5E-15,4.7E-25,0.0,1.6E7,1.0,7.0E8,
1.6999999999999998E-43,0.003,6800.0,3100.0,6000.0,3799999.9999999995,450.0,2400.0,1700.0,2400.0,3900.0,0.09,3799999.9999999995,0.0,5.5E-5,0.075,0.075,0.0,820.0,7.9,1.7E-24,5.5E-15,4.5E-25,0.0,1.6E7,1.0,7.0E8,
1.6999999999999998E-43,0.003,6800.0,3100.0,6000.0,3799999.9999999995,450.0,2400.0,1700.0,2400.0,3900.0,0.09,3799999.9999999995,0.0,4.8E-5,0.075,0.075,0.0,810.0,7.9,4.4000000000000005E-27,5.5E-15,4.2E-25,0.0,1.7E7,1.0,7.0E8,
4.699999999999999E-43,0.0087,64000.0,36000.0,3200.0,5400000.0,5500.0,2400.0,1700.0,2400.0,3900.0,0.092,5500000.0,0.0,0.083,0.12,0.12,0.0,900.0,2.1,8.6E-9,5.8E-15,2.9E-21,0.0,1.8E7,1.0,7.2E8,
4.6E-43,0.013,67000.0,73000.0,3200.0,5600000.0,5500.0,2400.0,1700.0,2400.0,3900.0,0.092,5699999.999999999,0.0,3.1E-5,0.12,0.12,0.0,970.0,5.2,2.4E-8,5.8E-15,1.8E-21,0.0,1.7E7,1.0,7.2E8,
5.400000000000001E-44,0.0013,1700.0,2300.0,3200.0,5500000.0,5500.0,2400.0,1700.0,2400.0,3900.0,0.092,5500000.0,0.0,3.1E-5,0.065,0.065,0.0,960.0,5.1,3.8E-9,5.8E-15,7.6E-23,0.0,1.7E7,1.0,7.2E8,
5.1E-44,0.0012,1700.0,2300.0,3200.0,4800000.0,5500.0,2400.0,1700.0,2400.0,3900.0,0.091,4800000.0,0.0,3.0E-5,0.06,0.06,0.0,950.0,4.7,1.9E-10,5.7E-15,3.9E-23,0.0,1.7E7,1.0,7.2E8,
4.8E-44,0.0012,1700.0,2300.0,3200.0,4200000.0,5500.0,2400.0,1700.0,2400.0,3900.0,0.09,4300000.0,0.0,2.9E-5,0.056,0.056,0.0,950.0,4.3,2.5E-11,5.7E-15,2.5E-23,0.0,1.6E7,1.0,7.1E8,
4.6E-44,0.0011,1700.0,2300.0,3200.0,3899999.9999999995,5500.0,2400.0,1700.0,2400.0,3900.0,0.089,3899999.9999999995,0.0,2.9E-5,0.054,0.054,0.0,950.0,4.2,1.3E-12,5.6E-15,1.3E-23,0.0,1.6E7,1.0,7.1E8,
4.6E-44,0.0011,1700.0,2300.0,3200.0,3799999.9999999995,5500.0,2400.0,1700.0,2400.0,3900.0,0.089,3799999.9999999995,0.0,2.9E-5,0.053,0.053,0.0,950.0,4.1,2.4E-14,5.6E-15,5.999999999999999E-24,0.0,1.6E7,1.0,7.1E8,
4.6E-44,0.0011,1700.0,2300.0,3200.0,3799999.9999999995,5500.0,2400.0,1700.0,2400.0,3900.0,0.089,3799999.9999999995,0.0,2.8E-5,0.053,0.053,0.0,940.0,4.1,6.2E-17,5.6E-15,2.0E-24,0.0,1.6E7,1.0,7.1E8,
4.1000000000000004E-44,0.0033,760.0,1200.0,3200.0,5600000.0,5400.0,2400.0,1700.0,2400.0,3900.0,0.091,5600000.0,0.0,1.2E-5,0.049,0.049,0.0,980.0,17.0,4.7E-9,5.8E-15,3.7999999999999998E-22,0.0,1.6E7,1.0,7.3E8,
3.9E-44,0.0031,760.0,1200.0,3200.0,5000000.0,5400.0,2400.0,1700.0,2400.0,3900.0,0.09,5100000.0,0.0,1.1E-4,0.046,0.046,0.0,980.0,15.0,6.3E-10,5.8E-15,2.4E-22,0.0,1.6E7,1.0,7.2E8,
3.8E-44,0.0031,750.0,1200.0,3200.0,4900000.0,5400.0,2400.0,1700.0,2400.0,3900.0,0.09,4900000.0,0.0,1.1E-4,0.045,0.045,0.0,980.0,15.0,3.2E-11,5.7E-15,1.3E-22,0.0,1.6E7,1.0,7.2E8,
3.7000000000000005E-44,0.003,750.0,1200.0,3200.0,4700000.0,5400.0,2400.0,1700.0,2400.0,3900.0,0.09,4700000.0,0.0,1.1E-4,0.044,0.044,0.0,980.0,15.0,5.9E-13,5.7E-15,5.7E-23,0.0,1.6E7,1.0,7.2E8,
3.7000000000000005E-44,0.003,750.0,1200.0,3200.0,4600000.0,5400.0,2400.0,1700.0,2400.0,3900.0,0.089,4600000.0,0.0,1.2E-4,0.044,0.044,0.0,960.0,15.0,1.1E-14,5.7E-15,2.6E-23,0.0,1.6E7,1.0,7.2E8,
8.300000000000001E-44,0.0021,750.0,370.0,5100.0,5300000.0,5400.0,2400.0,1700.0,2400.0,3900.0,0.09,5300000.0,0.0,1.3E-4,0.067,0.067,0.0,970.0,16.0,5.5E-10,5.8E-15,9.4E-23,0.0,1.6E7,1.0,7.3E8,
8.000000000000001E-44,0.0021,750.0,370.0,5100.0,5000000.0,5400.0,2400.0,1700.0,2400.0,3900.0,0.09,5000000.0,0.0,1.3E-4,0.065,0.065,0.0,960.0,16.0,1.0E-11,5.7E-15,4.2E-23,0.0,1.6E7,1.0,7.3E8,
7.900000000000001E-44,0.002,750.0,370.0,5100.0,4900000.0,5400.0,2400.0,1700.0,2400.0,3900.0,0.09,4900000.0,0.0,1.2E-4,0.064,0.064,0.0,930.0,15.0,5.1E-13,5.7E-15,2.3E-23,0.0,1.6E7,1.0,7.2E8,
7.7E-44,0.002,750.0,370.0,5100.0,4600000.0,5400.0,2300.0,1700.0,2400.0,3900.0,0.089,4700000.0,0.0,1.2E-4,0.062,0.062,0.0,930.0,15.0,2.6E-14,5.7E-15,1.3E-23,0.0,1.6E7,1.0,7.2E8,
7.7E-44,0.002,750.0,370.0,5100.0,4600000.0,5400.0,2300.0,1700.0,2400.0,3900.0,0.089,4600000.0,0.0,1.2E-4,0.061,0.061,0.0,930.0,15.0,1.8E-16,5.7E-15,5.3E-24,0.0,1.5E7,1.0,7.2E8,
7.5E-44,0.0019,750.0,370.0,5100.0,4300000.0,5400.0,2300.0,1700.0,2400.0,3900.0,0.089,4300000.0,0.0,1.2E-4,0.059,0.059,0.0,930.0,14.0,3.3E-18,5.7E-15,2.7999999999999998E-24,0.0,1.5E7,1.0,7.2E8,
7.200000000000001E-44,0.0018,750.0,370.0,5100.0,3899999.9999999995,5400.0,2300.0,1700.0,2400.0,3900.0,0.088,3899999.9999999995,0.0,1.2E-4,0.056,0.056,0.0,930.0,14.0,6.2E-20,5.6E-15,1.7E-24,0.0,1.5E7,1.0,7.2E8,
7.100000000000001E-44,0.0018,750.0,370.0,5100.0,3799999.9999999995,5400.0,2300.0,1700.0,2400.0,3900.0,0.088,3899999.9999999995,0.0,1.2E-4,0.056,0.056,0.0,930.0,14.0,4.299999999999999E-22,5.6E-15,1.2E-24,0.0,1.5E7,1.0,7.2E8,
7.100000000000001E-44,0.0018,750.0,370.0,5100.0,3799999.9999999995,5400.0,2300.0,1700.0,2400.0,3900.0,0.088,3899999.9999999995,0.0,1.0E-4,0.056,0.056,0.0,930.0,14.0,1.0999999999999998E-24,5.6E-15,9.6E-25,0.0,1.6E7,1.0,7.2E8,
7.100000000000001E-44,0.0018,750.0,370.0,5100.0,3799999.9999999995,5400.0,2300.0,1700.0,2400.0,3900.0,0.088,3899999.9999999995,0.0,8.7E-5,0.056,0.056,0.0,930.0,14.0,2.8E-27,5.6E-15,7.999999999999999E-25,0.0,1.7E7,1.0,7.2E8,
7.100000000000001E-44,0.0018,750.0,370.0,5100.0,3799999.9999999995,5400.0,2300.0,1700.0,2400.0,3900.0,0.088,3899999.9999999995,0.0,7.1E-5,0.056,0.056,0.0,930.0,14.0,7.2E-30,5.6E-15,6.6E-25,0.0,1.8E7,1.0,7.2E8,
7.100000000000001E-44,0.0018,750.0,370.0,5100.0,3799999.9999999995,5400.0,2300.0,1700.0,2400.0,3900.0,0.088,3899999.9999999995,0.0,5.7E-5,0.056,0.056,0.0,920.0,14.0,2.1000000000000002E-32,5.6E-15,5.399999999999999E-25,0.0,2.0E7,1.0,7.2E8,
7.100000000000001E-44,0.0018,750.0,370.0,5100.0,3799999.9999999995,5400.0,2300.0,1700.0,2400.0,3900.0,0.088,3899999.9999999995,0.0,4.6E-5,0.056,0.056,0.0,920.0,14.0,0.0,5.6E-15,4.3999999999999995E-25,0.0,2.1E7,1.0,7.2E8,
7.100000000000001E-44,0.0018,750.0,370.0,5100.0,3799999.9999999995,5400.0,2300.0,1700.0,2400.0,3900.0,0.088,3899999.9999999995,0.0,3.8E-5,0.056,0.056,0.0,920.0,14.0,8.999999999999999E-35,5.6E-15,3.6E-25,0.0,2.3E7,1.0,7.2E8,
7.100000000000001E-44,0.0018,750.0,370.0,5100.0,3799999.9999999995,5400.0,2300.0,1700.0,2400.0,3900.0,0.088,3899999.9999999995,0.0,3.1E-5,0.056,0.056,0.0,920.0,14.0,3.5999999999999997E-35,5.6E-15,2.9E-25,0.0,2.4E7,1.0,7.2E8,
7.100000000000001E-44,0.0018,750.0,370.0,5100.0,3799999.9999999995,5400.0,2300.0,1700.0,2400.0,3900.0,0.088,3899999.9999999995,0.0,3.0E-5,0.056,0.056,0.0,900.0,14.0,0.0,5.6E-15,2.5E-25,0.0,2.5E7,1.0,7.2E8,
7.100000000000001E-44,0.0018,750.0,370.0,5100.0,3799999.9999999995,5400.0,2300.0,1700.0,2400.0,3900.0,0.088,3899999.9999999995,0.0,3.4E-5,0.056,0.056,0.0,900.0,14.0,0.0,5.6E-15,2.6E-25,0.0,2.3E7,1.0,7.2E8,
7.100000000000001E-44,0.0018,750.0,370.0,5100.0,3799999.9999999995,5400.0,2300.0,1700.0,2400.0,3900.0,0.088,3899999.9999999995,0.0,3.5E-5,0.056,0.056,0.0,900.0,14.0,0.0,5.6E-15,2.6999999999999997E-25,0.0,2.3E7,1.0,7.2E8,
7.100000000000001E-44,0.0018,750.0,370.0,5100.0,3799999.9999999995,5400.0,2300.0,1700.0,2400.0,3900.0,0.088,3899999.9999999995,0.0,3.3E-5,0.056,0.056,0.0,890.0,14.0,0.0,5.6E-15,2.6999999999999997E-25,0.0,2.4E7,1.0,7.2E8,
7.100000000000001E-44,0.0018,750.0,370.0,5100.0,3799999.9999999995,5400.0,2300.0,1700.0,2400.0,3900.0,0.088,3899999.9999999995,0.0,2.9E-5,0.056,0.056,0.0,880.0,14.0,0.0,5.6E-15,2.5E-25,0.0,2.5E7,1.0,7.2E8,
7.100000000000001E-44,0.0018,750.0,370.0,5100.0,3799999.9999999995,5400.0,2300.0,1700.0,2400.0,3900.0,0.088,3899999.9999999995,0.0,2.5E-5,0.056,0.056,0.0,870.0,14.0,0.0,5.6E-15,2.1999999999999997E-25,0.0,2.6E7,1.0,7.2E8,
7.100000000000001E-44,0.0018,750.0,370.0,5100.0,3799999.9999999995,5400.0,2300.0,1700.0,2400.0,3900.0,0.087,3799999.9999999995,0.0,2.2E-5,0.056,0.056,0.0,860.0,14.0,0.0,5.6E-15,1.9999999999999998E-25,0.0,2.7E7,1.0,7.1E8,
7.100000000000001E-44,0.0018,750.0,370.0,5100.0,3799999.9999999995,5400.0,2300.0,1700.0,2400.0,3900.0,0.087,3799999.9999999995,0.0,2.8E-5,0.056,0.056,0.0,860.0,14.0,0.0,5.6E-15,1.9999999999999998E-25,0.0,2.5E7,1.0,7.1E8,
7.100000000000001E-44,0.0018,750.0,370.0,5100.0,3799999.9999999995,5400.0,2300.0,1700.0,2400.0,3900.0,0.087,3799999.9999999995,0.0,3.0E-5,0.056,0.056,0.0,860.0,14.0,0.0,5.6E-15,2.1999999999999997E-25,0.0,2.4E7,1.0,7.1E8,
7.100000000000001E-44,0.0018,750.0,370.0,5100.0,3799999.9999999995,5400.0,2300.0,1700.0,2400.0,3900.0,0.087,3799999.9999999995,0.0,2.9E-5,0.056,0.056,0.0,860.0,14.0,0.0,5.6E-15,2.3E-25,0.0,2.4E7,1.0,7.1E8,
7.100000000000001E-44,0.0018,750.0,370.0,5100.0,3799999.9999999995,5400.0,2300.0,1700.0,2400.0,3900.0,0.087,3799999.9999999995,0.0,2.7E-5,0.056,0.056,0.0,840.0,14.0,0.0,5.6E-15,2.1999999999999997E-25,0.0,2.5E7,1.0,7.1E8,
7.100000000000001E-44,0.0018,750.0,370.0,5100.0,3799999.9999999995,5400.0,2300.0,1700.0,2400.0,3900.0,0.087,3799999.9999999995,0.0,2.4E-5,0.056,0.056,0.0,830.0,14.0,0.0,5.6E-15,2.1E-25,0.0,2.6E7,1.0,7.1E8,
7.100000000000001E-44,0.0018,750.0,370.0,5100.0,3799999.9999999995,5400.0,2300.0,1700.0,2400.0,3900.0,0.087,3799999.9999999995,0.0,2.1E-5,0.056,0.056,0.0,830.0,14.0,0.0,5.6E-15,1.8E-25,0.0,2.8E7,1.0,7.1E8,
7.100000000000001E-44,0.0018,750.0,370.0,5100.0,3799999.9999999995,5400.0,2300.0,1700.0,2400.0,3900.0,0.087,3799999.9999999995,0.0,1.8E-5,0.056,0.056,0.0,830.0,14.0,0.0,5.6E-15,1.5999999999999998E-25,0.0,2.9E7,1.0,7.1E8,
7.100000000000001E-44,0.0018,750.0,370.0,5100.0,3799999.9999999995,5400.0,2300.0,1700.0,2400.0,3900.0,0.087,3799999.9999999995,0.0,1.6E-5,0.056,0.056,0.0,830.0,14.0,0.0,5.6E-15,1.4E-25,0.0,3.1E7,1.0,7.1E8,
7.100000000000001E-44,0.0018,750.0,370.0,5100.0,3799999.9999999995,5400.0,2300.0,1700.0,2400.0,3900.0,0.087,3799999.9999999995,0.0,1.8E-5,0.056,0.056,0.0,810.0,14.0,0.0,5.6E-15,1.3E-25,0.0,2.9E7,1.0,7.1E8,
7.100000000000001E-44,0.0018,750.0,370.0,5100.0,3799999.9999999995,5400.0,2300.0,1700.0,2400.0,3900.0,0.087,3799999.9999999995,0.0,2.1E-5,0.056,0.056,0.0,810.0,14.0,0.0,5.6E-15,1.5E-25,0.0,2.7E7,1.0,7.1E8,
7.100000000000001E-44,0.0018,750.0,370.0,5100.0,3799999.9999999995,5400.0,2300.0,1700.0,2400.0,3900.0,0.087,3799999.9999999995,0.0,2.2E-5,0.056,0.056,0.0,800.0,14.0,0.0,5.6E-15,1.7E-25,0.0,2.7E7,1.0,7.1E8,
7.100000000000001E-44,0.0018,750.0,370.0,5100.0,3799999.9999999995,5400.0,2300.0,1700.0,2400.0,3900.0,0.087,3799999.9999999995,0.0,2.1E-5,0.056,0.056,0.0,800.0,14.0,0.0,5.6E-15,1.7E-25,0.0,2.7E7,1.0,7.1E8,
2.5999999999999996E-43,0.0062,24000.0,28000.0,1900.0,5200000.0,1800.0,2300.0,1700.0,2400.0,3900.0,0.089,5300000.0,0.0,1.9E-5,0.089,0.089,0.0,890.0,5.7,6.1E-11,5.9E-15,8.8E-23,0.0,2.6E7,1.0,7.3E8,
5.400000000000001E-44,0.0013,1300.0,350.0,1900.0,5000000.0,1800.0,2300.0,1700.0,2400.0,3800.0,0.088,5000000.0,0.0,1.3E-5,0.067,0.067,0.0,870.0,5.6,1.1E-12,5.9E-15,8.199999999999999E-24,0.0,2.4E7,1.0,7.3E8,
5.300000000000001E-44,0.0012,1300.0,350.0,1900.0,4800000.0,1800.0,2300.0,1700.0,2400.0,3800.0,0.088,4800000.0,0.0,1.4E-5,0.065,0.065,0.0,850.0,5.4,5.7E-14,5.9E-15,4.399999999999999E-24,0.0,2.3E7,1.0,7.2E8,
5.200000000000001E-44,0.0012,1300.0,350.0,1900.0,4700000.0,1800.0,2300.0,1700.0,2400.0,3800.0,0.088,4700000.0,0.0,1.6E-5,0.064,0.064,0.0,850.0,5.3,1.1E-15,5.9E-15,2.0E-24,0.0,2.2E7,1.0,7.2E8,
4.9E-44,0.0012,1300.0,350.0,1900.0,4300000.0,1800.0,2300.0,1700.0,2400.0,3800.0,0.087,4300000.0,0.0,1.8E-5,0.061,0.061,0.0,860.0,5.0,7.2E-18,5.8E-15,7.9E-25,0.0,2.1E7,1.0,7.2E8,
4.8E-44,0.0011,1300.0,350.0,1900.0,4200000.0,1800.0,2300.0,1700.0,2400.0,3800.0,0.087,4200000.0,0.0,1.9E-5,0.06,0.06,0.0,860.0,4.9,1.3E-19,5.8E-15,4.3E-25,0.0,2.0E7,1.0,7.2E8,
4.6E-44,0.0011,1300.0,350.0,1900.0,3899999.9999999995,1800.0,2300.0,1700.0,2400.0,3800.0,0.086,3899999.9999999995,0.0,2.0E-5,0.058,0.058,0.0,830.0,4.6,6.7E-21,5.8E-15,2.9E-25,0.0,1.9E7,1.0,7.1E8,
4.6E-44,0.0011,1300.0,350.0,1900.0,3899999.9999999995,1800.0,2300.0,1700.0,2400.0,3800.0,0.086,3899999.9999999995,0.0,2.2E-5,0.058,0.058,0.0,830.0,4.6,1.7E-23,5.8E-15,2.1E-25,0.0,1.9E7,1.0,7.1E8,
4.6E-44,0.0011,1300.0,350.0,1900.0,3899999.9999999995,1800.0,2300.0,1700.0,2400.0,3800.0,0.086,3899999.9999999995,0.0,2.1E-5,0.058,0.058,0.0,820.0,4.6,4.3E-26,5.8E-15,1.8E-25,0.0,1.9E7,1.0,7.1E8,
4.6E-44,0.0011,1300.0,350.0,1900.0,3899999.9999999995,1800.0,2300.0,1700.0,2400.0,3800.0,0.086,3899999.9999999995,0.0,1.8E-5,0.058,0.058,0.0,820.0,4.6,1.1000000000000002E-28,5.8E-15,1.7E-25,0.0,2.0E7,1.0,7.1E8,
4.6E-44,0.0011,1300.0,350.0,1900.0,3899999.9999999995,1800.0,2300.0,1700.0,2400.0,3800.0,0.086,3899999.9999999995,0.0,1.6E-5,0.058,0.058,0.0,820.0,4.6,2.8E-31,5.8E-15,1.5E-25,0.0,2.1E7,1.0,7.1E8,
4.6E-44,0.0011,1300.0,350.0,1900.0,3899999.9999999995,1800.0,2300.0,1700.0,2400.0,3800.0,0.086,3899999.9999999995,0.0,1.3E-5,0.058,0.058,0.0,820.0,4.6,0.0,5.8E-15,1.2E-25,0.0,2.2E7,1.0,7.1E8,
4.6E-44,0.0011,1300.0,350.0,1900.0,3899999.9999999995,1800.0,2300.0,1700.0,2400.0,3800.0,0.086,3899999.9999999995,0.0,1.1E-5,0.058,0.058,0.0,820.0,4.6,0.0,5.8E-15,9.999999999999999E-26,0.0,2.4E7,1.0,7.1E8,
4.6E-44,0.0011,1300.0,350.0,1900.0,3899999.9999999995,1800.0,2300.0,1700.0,2400.0,3800.0,0.086,3899999.9999999995,0.0,9.2E-6,0.058,0.058,0.0,820.0,4.6,0.0,5.8E-15,8.8E-26,0.0,2.5E7,1.0,7.1E8,
4.6E-44,0.0011,1300.0,350.0,1900.0,3899999.9999999995,1800.0,2300.0,1700.0,2400.0,3800.0,0.086,3899999.9999999995,0.0,7.8E-6,0.058,0.058,0.0,820.0,4.6,6.1E-37,5.8E-15,7.3E-26,0.0,2.7E7,1.0,7.1E8,
4.6E-44,0.0011,1300.0,350.0,1900.0,3899999.9999999995,1800.0,2300.0,1700.0,2400.0,3800.0,0.086,3899999.9999999995,0.0,8.7E-6,0.058,0.058,0.0,820.0,4.6,0.0,5.8E-15,6.699999999999999E-26,0.0,2.6E7,1.0,7.1E8,
4.6E-44,0.0011,1300.0,350.0,1900.0,3899999.9999999995,1800.0,2300.0,1700.0,2400.0,3800.0,0.086,3899999.9999999995,0.0,9.8E-6,0.058,0.058,0.0,820.0,4.6,0.0,5.8E-15,7.4E-26,0.0,2.5E7,1.0,7.1E8,
4.6E-44,0.0011,1300.0,350.0,1900.0,3899999.9999999995,1800.0,2300.0,1700.0,2400.0,3800.0,0.086,3899999.9999999995,0.0,9.9E-6,0.058,0.058,0.0,810.0,4.6,0.0,5.8E-15,7.8E-26,0.0,2.5E7,1.0,7.1E8,
4.6E-44,0.0011,1300.0,350.0,1900.0,3899999.9999999995,1800.0,2300.0,1700.0,2400.0,3800.0,0.086,3899999.9999999995,0.0,9.2E-6,0.058,0.058,0.0,790.0,4.6,0.0,5.8E-15,7.7E-26,0.0,2.5E7,1.0,7.1E8,
4.6E-44,0.0011,1300.0,350.0,1900.0,3899999.9999999995,1800.0,2300.0,1700.0,2400.0,3800.0,0.086,3899999.9999999995,0.0,8.2E-6,0.058,0.058,0.0,790.0,4.6,0.0,5.8E-15,7.2E-26,0.0,2.6E7,1.0,7.1E8,
4.6E-44,0.0011,1300.0,350.0,1900.0,3899999.9999999995,1800.0,2300.0,1700.0,2400.0,3800.0,0.086,3899999.9999999995,0.0,7.2E-6,0.058,0.058,0.0,790.0,4.6,0.0,5.8E-15,6.5E-26,0.0,2.8E7,1.0,7.1E8,
4.6E-44,0.0011,1300.0,350.0,1900.0,3899999.9999999995,1800.0,2300.0,1700.0,2400.0,3800.0,0.086,3899999.9999999995,0.0,6.3E-6,0.058,0.058,0.0,780.0,4.6,0.0,5.8E-15,5.7E-26,0.0,2.9E7,1.0,7.1E8,
4.6E-44,0.0011,1300.0,350.0,1900.0,3899999.9999999995,1800.0,2300.0,1700.0,2400.0,3800.0,0.086,3899999.9999999995,0.0,5.4E-6,0.058,0.058,0.0,770.0,4.6,0.0,5.8E-15,5.0E-26,0.0,3.1E7,1.0,7.1E8,
4.6E-44,0.0011,1300.0,350.0,1900.0,3899999.9999999995,1800.0,2300.0,1700.0,2400.0,3800.0,0.086,3899999.9999999995,0.0,5.5E-6,0.058,0.058,0.0,740.0,4.6,0.0,5.8E-15,4.4E-26,0.0,3.1E7,1.0,7.1E8,
4.6E-44,0.0011,1300.0,350.0,1900.0,3899999.9999999995,1800.0,2300.0,1700.0,2400.0,3800.0,0.086,3899999.9999999995,0.0,6.8E-6,0.058,0.058,0.0,740.0,4.6,0.0,5.8E-15,4.9E-26,0.0,2.8E7,1.0,7.1E8,
4.6E-44,0.0011,1300.0,350.0,1900.0,3899999.9999999995,1800.0,2300.0,1700.0,2400.0,3800.0,0.086,3899999.9999999995,0.0,7.4E-6,0.058,0.058,0.0,740.0,4.6,0.0,5.8E-15,5.6E-26,0.0,2.7E7,1.0,7.1E8,
4.6E-44,0.0011,1300.0,350.0,1900.0,3899999.9999999995,1800.0,2300.0,1700.0,2400.0,3800.0,0.086,3899999.9999999995,0.0,7.2E-6,0.058,0.058,0.0,740.0,4.6,0.0,5.8E-15,5.8E-26,0.0,2.8E7,1.0,7.1E8,
4.6E-44,0.0011,1300.0,350.0,1900.0,3899999.9999999995,1800.0,2300.0,1700.0,2400.0,3800.0,0.086,3899999.9999999995,0.0,6.7E-6,0.058,0.058,0.0,740.0,4.6,0.0,5.8E-15,5.7E-26,0.0,2.8E7,1.0,7.1E8,
4.6E-44,0.0011,1300.0,350.0,1900.0,3899999.9999999995,1800.0,2300.0,1700.0,2400.0,3800.0,0.086,3899999.9999999995,0.0,6.0E-6,0.058,0.058,0.0,730.0,4.6,0.0,5.8E-15,5.3E-26,0.0,3.0E7,1.0,7.1E8,
4.6E-44,0.0011,1300.0,350.0,1900.0,3899999.9999999995,1800.0,2300.0,1700.0,2400.0,3800.0,0.086,3899999.9999999995,0.0,5.3E-6,0.058,0.058,0.0,730.0,4.6,0.0,5.8E-15,4.8E-26,0.0,3.1E7,1.0,7.1E8,
5.699999999999999E-43,0.023,25000.0,91000.0,14000.0,5100000.0,2700.0,2300.0,1700.0,2400.0,3800.0,0.088,5300000.0,0.0,1.1E-5,0.12,0.12,0.0,760.0,9.1,1.1E-8,6.0E-15,1.7E-21,0.0,3.1E7,1.0,7.3E8,
4.6E-44,0.0018,2400.0,2900.0,1000.0,4900000.0,2700.0,2300.0,1700.0,2400.0,3800.0,0.087,4900000.0,0.0,4.2E-6,0.057,0.057,0.0,750.0,2.8,5.4E-10,6.0E-15,7.4E-23,0.0,2.9E7,1.0,7.3E8,
4.5E-44,0.0018,2400.0,2900.0,990.0,4700000.0,2700.0,2300.0,1700.0,2400.0,3800.0,0.087,4700000.0,0.0,4.7E-6,0.056,0.056,0.0,760.0,2.7,2.7E-11,6.0E-15,4.0E-23,0.0,2.7E7,1.0,7.3E8,
4.3E-44,0.0017,2400.0,2900.0,990.0,4300000.0,2700.0,2300.0,1700.0,2400.0,3800.0,0.086,4400000.0,0.0,4.7E-6,0.054,0.054,0.0,740.0,2.6,1.0E-11,5.9E-15,3.1E-23,0.0,2.7E7,1.0,7.2E8,
4.2000000000000005E-44,0.0017,2400.0,2900.0,990.0,4200000.0,2700.0,2300.0,1700.0,2400.0,3800.0,0.086,4200000.0,0.0,5.7E-6,0.053,0.053,0.0,740.0,2.5,6.9E-14,5.9E-15,1.1E-23,0.0,2.5E7,1.0,7.2E8,
4.1000000000000004E-44,0.0016,2400.0,2900.0,990.0,3899999.9999999995,2700.0,2300.0,1600.0,2400.0,3800.0,0.086,3899999.9999999995,0.0,5.8E-6,0.051,0.051,0.0,740.0,2.3,9.4E-15,5.9E-15,7.299999999999999E-24,0.0,2.4E7,1.0,7.2E8,
4.1000000000000004E-44,0.0016,2400.0,2900.0,990.0,3899999.9999999995,2700.0,2300.0,1600.0,2400.0,3800.0,0.086,3899999.9999999995,0.0,6.9E-6,0.051,0.051,0.0,740.0,2.3,2.4E-17,5.9E-15,2.1999999999999996E-24,0.0,2.2E7,1.0,7.2E8,
2.8999999999999997E-43,0.0091,53000.0,36000.0,3400.0,5200000.0,4300.0,7500.0,2900.0,7200.0,540.0,0.087,5300000.0,0.0,3.3E-6,0.069,0.069,0.0,760.0,1.2,3.5E-9,6.2E-15,3.1E-21,0.0,2.2E7,1.0,7.4E8,
7.8E-44,0.0024,2500.0,3700.0,3400.0,5000000.0,4300.0,7500.0,2900.0,7100.0,540.0,0.087,5000000.0,0.0,4.2E-6,0.043,0.043,0.0,770.0,1.1,1.8E-10,6.2E-15,4.5E-22,0.0,2.1E7,1.0,7.3E8,
7.6E-44,0.0024,2500.0,3700.0,3400.0,4600000.0,4300.0,7400.0,2900.0,7100.0,540.0,0.086,4600000.0,0.0,4.3E-6,0.04,0.04,0.0,770.0,1.1,9.0E-12,6.2E-15,2.4E-22,0.0,2.0E7,1.0,7.3E8,
7.100000000000001E-44,0.0022,2500.0,3700.0,3400.0,3899999.9999999995,4300.0,7400.0,2900.0,7100.0,540.0,0.085,3899999.9999999995,0.0,4.2E-6,0.035,0.035,0.0,770.0,1.0,3.3E-12,6.1E-15,1.8E-22,0.0,2.0E7,1.0,7.2E8,
7.100000000000001E-44,0.0022,2500.0,3700.0,3400.0,3899999.9999999995,4300.0,7400.0,2900.0,7100.0,540.0,0.085,3899999.9999999995,0.0,4.5E-6,0.035,0.035,0.0,760.0,1.0,8.6E-15,6.1E-15,5.5E-23,0.0,1.9E7,1.0,7.2E8,
7.100000000000001E-44,0.0022,2500.0,3700.0,3400.0,3899999.9999999995,4300.0,7400.0,2900.0,7100.0,540.0,0.085,3899999.9999999995,0.0,4.3E-6,0.035,0.035,0.0,750.0,1.0,2.2E-17,6.1E-15,1.7E-23,0.0,1.9E7,1.0,7.2E8,
7.100000000000001E-44,0.0022,2500.0,3700.0,3400.0,3899999.9999999995,4300.0,7400.0,2900.0,7100.0,540.0,0.085,3899999.9999999995,0.0,3.9E-6,0.035,0.035,0.0,750.0,1.0,5.8E-20,6.1E-15,5.0999999999999995E-24,0.0,2.0E7,1.0,7.2E8,
7.100000000000001E-44,0.0022,2500.0,3700.0,3400.0,3899999.9999999995,4300.0,7400.0,2900.0,7100.0,540.0,0.085,3899999.9999999995,0.0,3.3E-6,0.035,0.035,0.0,740.0,1.0,1.5E-22,6.1E-15,1.4999999999999998E-24,0.0,2.1E7,1.0,7.2E8,
7.100000000000001E-44,0.0022,2500.0,3700.0,3400.0,3899999.9999999995,4300.0,7400.0,2900.0,7100.0,540.0,0.085,3899999.9999999995,0.0,2.8E-6,0.035,0.035,0.0,740.0,1.0,4.2E-25,6.1E-15,4.8E-25,0.0,2.3E7,1.0,7.2E8,
7.100000000000001E-44,0.0022,2500.0,3700.0,3400.0,3899999.9999999995,4300.0,7400.0,2900.0,7100.0,540.0,0.085,3899999.9999999995,0.0,2.3E-6,0.035,0.035,0.0,740.0,1.0,1.3E-27,6.1E-15,1.5999999999999998E-25,0.0,2.4E7,1.0,7.2E8,
7.100000000000001E-44,0.0022,2500.0,3700.0,3400.0,3899999.9999999995,4300.0,7400.0,2900.0,7100.0,540.0,0.085,3899999.9999999995,0.0,2.0E-6,0.035,0.035,0.0,730.0,1.0,3.5E-30,6.1E-15,6.1E-26,0.0,2.6E7,1.0,7.2E8,
7.100000000000001E-44,0.0022,2500.0,3700.0,3400.0,3899999.9999999995,4300.0,7400.0,2900.0,7100.0,540.0,0.085,3899999.9999999995,0.0,1.6E-6,0.035,0.035,0.0,730.0,1.0,1.9E-32,6.1E-15,2.9E-26,0.0,2.7E7,1.0,7.2E8,
7.100000000000001E-44,0.0022,2500.0,3700.0,3400.0,3899999.9999999995,4300.0,7400.0,2900.0,7100.0,540.0,0.085,3899999.9999999995,0.0,1.9E-6,0.035,0.035,0.0,730.0,1.0,0.0,6.1E-15,1.9E-26,0.0,2.6E7,1.0,7.2E8,
7.100000000000001E-44,0.0022,2500.0,3700.0,3400.0,3899999.9999999995,4300.0,7400.0,2900.0,7100.0,540.0,0.085,3899999.9999999995,0.0,2.1E-6,0.035,0.035,0.0,720.0,1.0,0.0,6.1E-15,1.8E-26,0.0,2.5E7,1.0,7.2E8,
7.100000000000001E-44,0.0022,2500.0,3700.0,3400.0,3899999.9999999995,4300.0,7400.0,2900.0,7100.0,540.0,0.085,3899999.9999999995,0.0,2.1E-6,0.035,0.035,0.0,720.0,1.0,0.0,6.1E-15,1.8E-26,0.0,2.5E7,1.0,7.2E8,
7.100000000000001E-44,0.0022,2500.0,3700.0,3400.0,3899999.9999999995,4300.0,7400.0,2900.0,7100.0,540.0,0.085,3899999.9999999995,0.0,2.0E-6,0.035,0.035,0.0,720.0,1.0,0.0,6.1E-15,1.7E-26,0.0,2.6E7,1.0,7.2E8,
7.100000000000001E-44,0.0022,2500.0,3700.0,3400.0,3899999.9999999995,4300.0,7400.0,2900.0,7100.0,540.0,0.085,3899999.9999999995,0.0,1.8E-6,0.035,0.035,0.0,720.0,1.0,0.0,6.1E-15,1.6E-26,0.0,2.7E7,1.0,7.2E8,
7.100000000000001E-44,0.0022,2500.0,3700.0,3400.0,3899999.9999999995,4300.0,7400.0,2900.0,7100.0,540.0,0.085,3899999.9999999995,0.0,1.6E-6,0.035,0.035,0.0,720.0,1.0,0.0,6.1E-15,1.5E-26,0.0,2.8E7,1.0,7.2E8,
7.100000000000001E-44,0.0022,2500.0,3700.0,3400.0,3899999.9999999995,4300.0,7400.0,2900.0,7100.0,540.0,0.085,3899999.9999999995,0.0,1.3E-6,0.035,0.035,0.0,700.0,1.0,0.0,6.1E-15,1.3E-26,0.0,3.0E7,1.0,7.2E8,
7.100000000000001E-44,0.0022,2500.0,3700.0,3400.0,3899999.9999999995,4300.0,7400.0,2900.0,7100.0,540.0,0.085,3899999.9999999995,0.0,1.2E-6,0.035,0.035,0.0,690.0,1.0,0.0,6.1E-15,1.1E-26,0.0,3.1E7,1.0,7.2E8,
7.100000000000001E-44,0.0022,2500.0,3700.0,3400.0,3899999.9999999995,4300.0,7400.0,2900.0,7100.0,540.0,0.085,3899999.9999999995,0.0,1.2E-6,0.035,0.035,0.0,690.0,1.0,0.0,6.1E-15,1.0E-26,0.0,3.1E7,1.0,7.2E8,
7.100000000000001E-44,0.0022,2500.0,3700.0,3400.0,3899999.9999999995,4300.0,7400.0,2900.0,7100.0,540.0,0.085,3899999.9999999995,0.0,1.5E-6,0.035,0.035,0.0,690.0,1.0,0.0,6.1E-15,1.1E-26,0.0,2.9E7,1.0,7.2E8,
7.100000000000001E-44,0.0022,2500.0,3700.0,3400.0,3899999.9999999995,4300.0,7400.0,2900.0,7100.0,540.0,0.085,3899999.9999999995,0.0,1.6E-6,0.035,0.035,0.0,690.0,1.0,0.0,6.1E-15,1.3E-26,0.0,2.8E7,1.0,7.2E8,
7.100000000000001E-44,0.0022,2500.0,3700.0,3400.0,3899999.9999999995,4300.0,7400.0,2900.0,7100.0,540.0,0.085,3899999.9999999995,0.0,1.6E-6,0.035,0.035,0.0,680.0,1.0,0.0,6.1E-15,1.3E-26,0.0,2.8E7,1.0,7.2E8,
7.100000000000001E-44,0.0022,2500.0,3700.0,3400.0,3899999.9999999995,4300.0,7400.0,2900.0,7100.0,540.0,0.085,3899999.9999999995,0.0,1.5E-6,0.035,0.035,0.0,680.0,1.0,0.0,6.1E-15,1.3E-26,0.0,2.9E7,1.0,7.2E8,
7.100000000000001E-44,0.0022,2500.0,3700.0,3400.0,3899999.9999999995,4300.0,7400.0,2900.0,7100.0,540.0,0.085,3899999.9999999995,0.0,1.3E-6,0.035,0.035,0.0,670.0,1.0,0.0,6.1E-15,1.2E-26,0.0,3.0E7,1.0,7.2E8,
6.4E-43,0.047,43000.0,140000.0,14000.0,5200000.0,7100.0,8700.0,14000.0,9500.0,7000.0,0.087,5500000.0,0.0,8.0,0.15,0.15,0.0,750.0,6.3,1.9E-8,6.4E-15,1.4E-20,0.0,3.2E7,1.0,7.5E8,
3.5000000000000003E-44,0.0026,590.0,2500.0,1000.0,5200000.0,7100.0,1200.0,1400.0,2000.0,7000.0,0.087,5200000.0,0.0,4.2E-7,0.068,0.068,0.0,740.0,4.7,1.1E-9,6.3E-15,3.9999999999999997E-22,0.0,3.0E7,1.0,7.4E8,
3.4E-44,0.0025,590.0,2500.0,1000.0,4900000.0,7100.0,1200.0,1400.0,2000.0,7000.0,0.086,5000000.0,0.0,7.8E-6,0.066,0.066,0.0,740.0,4.5,5.3E-11,6.3E-15,2.0999999999999998E-22,0.0,2.8E7,1.0,7.4E8,
3.3E-44,0.0024,590.0,2500.0,1000.0,4700000.0,7100.0,1200.0,1400.0,2000.0,7000.0,0.086,4700000.0,0.0,8.9E-6,0.065,0.065,0.0,740.0,4.3,9.8E-13,6.3E-15,9.3E-23,0.0,2.6E7,1.0,7.4E8,
3.2000000000000004E-44,0.0023,590.0,2500.0,1000.0,4400000.0,7100.0,1200.0,1400.0,2000.0,7000.0,0.085,4400000.0,0.0,9.7E-6,0.063,0.063,0.0,740.0,4.1,4.9E-14,6.3E-15,4.9E-23,0.0,2.5E7,1.0,7.4E8,
3.1000000000000003E-44,0.0023,590.0,2500.0,1000.0,4200000.0,7100.0,1200.0,1400.0,2000.0,7000.0,0.085,4200000.0,0.0,1.1E-5,0.062,0.062,0.0,740.0,3.9,9.2E-16,6.2E-15,2.2E-23,0.0,2.3E7,1.0,7.3E8,
3.0E-44,0.0022,590.0,2500.0,1000.0,3999999.9999999995,7100.0,1200.0,1400.0,2000.0,7000.0,0.084,3999999.9999999995,0.0,1.2E-5,0.061,0.061,0.0,730.0,3.8,4.6E-17,6.2E-15,1.2E-23,0.0,2.2E7,1.0,7.3E8,
3.0E-44,0.0022,590.0,2500.0,1000.0,3899999.9999999995,7100.0,1200.0,1400.0,1900.0,7000.0,0.084,3899999.9999999995,0.0,1.3E-5,0.06,0.06,0.0,740.0,3.7,1.2E-19,6.2E-15,3.5E-24,0.0,2.1E7,1.0,7.3E8,
3.0E-44,0.0022,590.0,2500.0,1000.0,3899999.9999999995,7100.0,1200.0,1400.0,1900.0,7000.0,0.084,3899999.9999999995,0.0,1.4E-5,0.06,0.06,0.0,730.0,3.7,3.0E-22,6.2E-15,1.0999999999999998E-24,0.0,2.1E7,1.0,7.3E8,
3.0E-44,0.0022,590.0,2500.0,1000.0,3899999.9999999995,7100.0,1200.0,1400.0,1900.0,7000.0,0.084,3899999.9999999995,0.0,1.3E-5,0.06,0.06,0.0,720.0,3.7,7.8E-25,6.2E-15,4.2E-25,0.0,2.2E7,1.0,7.3E8,
3.0E-44,0.0022,590.0,2500.0,1000.0,3899999.9999999995,7100.0,1200.0,1400.0,1900.0,7000.0,0.084,3899999.9999999995,0.0,1.1E-5,0.06,0.06,0.0,720.0,3.7,2.0E-27,6.2E-15,1.9999999999999998E-25,0.0,2.3E7,1.0,7.3E8,
3.0E-44,0.0022,590.0,2500.0,1000.0,3899999.9999999995,7100.0,1200.0,1400.0,1900.0,7000.0,0.084,3899999.9999999995,0.0,9.5E-6,0.06,0.06,0.0,720.0,3.7,5.1000000000000004E-30,6.2E-15,1.2E-25,0.0,2.4E7,1.0,7.3E8,
3.0E-44,0.0022,590.0,2500.0,1000.0,3899999.9999999995,7100.0,1200.0,1400.0,1900.0,7000.0,0.084,3899999.9999999995,0.0,8.0E-6,0.06,0.06,0.0,710.0,3.7,3.3E-32,6.2E-15,8.7E-26,0.0,2.5E7,1.0,7.3E8,
3.0E-44,0.0022,590.0,2500.0,1000.0,3899999.9999999995,7100.0,1200.0,1400.0,1900.0,7000.0,0.084,3899999.9999999995,0.0,6.8E-6,0.06,0.06,0.0,710.0,3.7,2.0E-33,6.2E-15,6.9E-26,0.0,2.7E7,1.0,7.3E8,
3.0E-44,0.0022,590.0,2500.0,1000.0,3899999.9999999995,7100.0,1200.0,1400.0,1900.0,7000.0,0.084,3899999.9999999995,0.0,5.7E-6,0.06,0.06,0.0,710.0,3.7,4.6E-34,6.2E-15,5.7E-26,0.0,2.9E7,1.0,7.3E8,
3.0E-44,0.0022,590.0,2500.0,1000.0,3899999.9999999995,7100.0,1200.0,1400.0,1900.0,7000.0,0.084,3899999.9999999995,0.0,6.1E-6,0.06,0.06,0.0,710.0,3.7,8.2E-36,6.2E-15,5.1E-26,0.0,2.8E7,1.0,7.3E8,
3.0E-44,0.0022,590.0,2500.0,1000.0,3899999.9999999995,7100.0,1200.0,1400.0,1900.0,7000.0,0.084,3899999.9999999995,0.0,7.2E-6,0.06,0.06,0.0,700.0,3.7,2.1E-38,6.2E-15,5.6E-26,0.0,2.6E7,1.0,7.3E8,
3.0E-44,0.0022,590.0,2500.0,1000.0,3899999.9999999995,7100.0,1200.0,1400.0,1900.0,7000.0,0.084,3899999.9999999995,0.0,7.4E-6,0.06,0.06,0.0,700.0,3.7,5.4E-41,6.2E-15,6.0E-26,0.0,2.6E7,1.0,7.3E8,
3.0E-44,0.0022,590.0,2500.0,1000.0,3899999.9999999995,7100.0,1200.0,1400.0,1900.0,7000.0,0.084,3899999.9999999995,0.0,7.0E-6,0.06,0.06,0.0,690.0,3.7,1.4E-43,6.2E-15,6.1E-26,0.0,2.7E7,1.0,7.3E8,
3.0E-44,0.0022,590.0,2500.0,1000.0,3899999.9999999995,7100.0,1200.0,1400.0,1900.0,7000.0,0.084,3899999.9999999995,0.0,6.4E-6,0.06,0.06,0.0,690.0,3.7,3.8E-46,6.2E-15,5.8E-26,0.0,2.8E7,1.0,7.3E8,
3.0E-44,0.0022,590.0,2500.0,1000.0,3899999.9999999995,7100.0,1200.0,1400.0,1900.0,7000.0,0.084,3899999.9999999995,0.0,5.6E-6,0.06,0.06,0.0,690.0,3.7,7.9E-48,6.2E-15,5.3E-26,0.0,2.9E7,1.0,7.3E8,
2.9E-44,0.0022,590.0,2500.0,1000.0,3899999.9999999995,7100.0,1200.0,1400.0,1900.0,7000.0,0.084,3899999.9999999995,0.0,5.0E-6,0.06,0.06,0.0,690.0,3.7,0.0,6.2E-15,4.7E-26,0.0,3.0E7,1.0,7.2E8,
2.9E-44,0.0022,590.0,2500.0,1000.0,3899999.9999999995,7100.0,1200.0,1400.0,1900.0,7000.0,0.084,3899999.9999999995,0.0,6.3E-6,0.06,0.06,0.0,690.0,3.7,0.0,6.2E-15,4.9E-26,0.0,2.7E7,1.0,7.2E8,
2.9E-44,0.0022,590.0,2500.0,1000.0,3899999.9999999995,7100.0,1200.0,1400.0,1900.0,7000.0,0.084,3899999.9999999995,0.0,7.7E-6,0.06,0.06,0.0,670.0,3.7,0.0,6.1E-15,5.7E-26,0.0,2.5E7,1.0,7.2E8,
2.9E-44,0.0022,590.0,2500.0,1000.0,3899999.9999999995,7100.0,1200.0,1400.0,1900.0,7000.0,0.084,3899999.9999999995,0.0,8.6E-6,0.06,0.06,0.0,670.0,3.7,0.0,6.1E-15,6.699999999999999E-26,0.0,2.4E7,1.0,7.2E8,
2.9E-44,0.0022,590.0,2500.0,1000.0,3899999.9999999995,7100.0,1200.0,1400.0,1900.0,7000.0,0.084,3899999.9999999995,0.0,8.5E-6,0.06,0.06,0.0,670.0,3.7,0.0,6.1E-15,7.2E-26,0.0,2.4E7,1.0,7.2E8,
2.9E-44,0.0022,590.0,2500.0,1000.0,3899999.9999999995,7100.0,1200.0,1400.0,1900.0,7000.0,0.084,3899999.9999999995,0.0,7.9E-6,0.06,0.06,0.0,660.0,3.7,0.0,6.1E-15,7.0E-26,0.0,2.5E7,1.0,7.2E8,
2.9E-44,0.0022,590.0,2500.0,1000.0,3899999.9999999995,7100.0,1200.0,1400.0,1900.0,7000.0,0.084,3899999.9999999995,0.0,7.0E-6,0.06,0.06,0.0,660.0,3.7,0.0,6.1E-15,6.5E-26,0.0,2.6E7,1.0,7.2E8,
2.9E-44,0.0022,590.0,2500.0,1000.0,3899999.9999999995,7100.0,1200.0,1400.0,1900.0,7000.0,0.084,3899999.9999999995,0.0,6.1E-6,0.06,0.06,0.0,650.0,3.7,0.0,6.1E-15,5.8E-26,0.0,2.7E7,1.0,7.2E8,
2.9E-44,0.0022,590.0,2500.0,1000.0,3899999.9999999995,7100.0,1200.0,1400.0,1900.0,7000.0,0.084,3899999.9999999995,0.0,5.3E-6,0.06,0.06,0.0,650.0,3.7,0.0,6.1E-15,5.1E-26,0.0,2.9E7,1.0,7.2E8,
2.8999999999999997E-43,0.016,9100.0,64000.0,11000.0,5200000.0,7100.0,1200.0,1400.0,23000.0,42000.0,0.085,5300000.0,0.0,2.0,1.1,1.1,0.0,670.0,7.9,9.9E-9,6.4E-15,9.5E-21,0.0,3.0E7,1.0,7.3E8,
3.5000000000000003E-44,0.0019,1500.0,1300.0,3100.0,5100000.0,7100.0,1200.0,1400.0,540.0,4600.0,0.084,5200000.0,0.0,6.0E-6,0.2,0.2,0.0,680.0,4.3,3.6E-9,6.4E-15,9.3E-22,0.0,3.0E7,1.0,7.3E8,
3.3E-44,0.0018,1500.0,1300.0,3100.0,4600000.0,7000.0,1200.0,1400.0,540.0,4600.0,0.084,4600000.0,0.0,6.5E-6,0.19,0.19,0.0,680.0,4.0,1.8E-10,6.4E-15,4.8E-22,0.0,2.8E7,1.0,7.3E8,
3.2000000000000004E-44,0.0017,1500.0,1300.0,3100.0,4300000.0,7000.0,1200.0,1400.0,540.0,4600.0,0.083,4300000.0,0.0,7.6E-6,0.19,0.19,0.0,680.0,3.9,3.4E-12,6.3E-15,2.0999999999999998E-22,0.0,2.6E7,1.0,7.2E8,
3.1000000000000003E-44,0.0017,1500.0,1300.0,3100.0,4099999.9999999995,7000.0,1200.0,1400.0,540.0,4600.0,0.083,4099999.9999999995,0.0,8.4E-6,0.18,0.18,0.0,670.0,3.8,1.7E-13,6.3E-15,1.0999999999999998E-22,0.0,2.5E7,1.0,7.2E8,
3.0E-44,0.0016,1500.0,1300.0,3100.0,3899999.9999999995,7000.0,1200.0,1400.0,540.0,4600.0,0.083,3899999.9999999995,0.0,9.9E-6,0.18,0.18,0.0,650.0,3.7,1.2E-15,6.3E-15,4.0E-23,0.0,2.3E7,1.0,7.2E8,
3.0E-44,0.0016,1500.0,1300.0,3100.0,3899999.9999999995,7000.0,1200.0,1400.0,540.0,4600.0,0.083,3899999.9999999995,0.0,1.1E-5,0.18,0.18,0.0,650.0,3.7,3.0E-18,6.3E-15,1.2E-23,0.0,2.2E7,1.0,7.2E8,
3.0E-44,0.0016,1500.0,1300.0,3100.0,3899999.9999999995,7000.0,1200.0,1400.0,540.0,4600.0,0.083,3899999.9999999995,0.0,1.1E-5,0.18,0.18,0.0,650.0,3.7,7.7E-21,6.3E-15,3.7E-24,0.0,2.2E7,1.0,7.2E8,
3.0E-44,0.0016,1500.0,1300.0,3100.0,3899999.9999999995,7000.0,1200.0,1400.0,540.0,4600.0,0.083,3899999.9999999995,0.0,1.1E-5,0.18,0.18,0.0,650.0,3.7,2.0E-23,6.3E-15,1.2E-24,0.0,2.2E7,1.0,7.2E8,
3.0E-44,0.0016,1500.0,1300.0,3100.0,3899999.9999999995,7000.0,1200.0,1400.0,540.0,4600.0,0.083,3899999.9999999995,0.0,9.3E-6,0.18,0.18,0.0,650.0,3.7,4.9E-26,6.3E-15,4.2E-25,0.0,2.3E7,1.0,7.2E8,
3.0E-44,0.0016,1500.0,1300.0,3100.0,3899999.9999999995,7000.0,1200.0,1400.0,540.0,4600.0,0.083,3899999.9999999995,0.0,8.0E-6,0.18,0.18,0.0,640.0,3.7,1.3000000000000002E-28,6.3E-15,1.8E-25,0.0,2.5E7,1.0,7.2E8,
3.0E-44,0.0016,1500.0,1300.0,3100.0,3899999.9999999995,7000.0,1200.0,1400.0,540.0,4600.0,0.083,3899999.9999999995,0.0,6.8E-6,0.18,0.18,0.0,640.0,3.7,3.3999999999999997E-31,6.3E-15,9.8E-26,0.0,2.6E7,1.0,7.2E8,
3.0E-44,0.0016,1500.0,1300.0,3100.0,3899999.9999999995,7000.0,1200.0,1400.0,540.0,4600.0,0.083,3899999.9999999995,0.0,5.8E-6,0.18,0.18,0.0,640.0,3.7,0.0,6.3E-15,6.699999999999999E-26,0.0,2.8E7,1.0,7.2E8,
3.0E-44,0.0016,1500.0,1300.0,3100.0,3899999.9999999995,7000.0,1200.0,1400.0,540.0,4600.0,0.083,3899999.9999999995,0.0,4.9E-6,0.18,0.18,0.0,640.0,3.7,2.6000000000000003E-33,6.3E-15,5.3E-26,0.0,2.9E7,1.0,7.2E8,
3.0E-44,0.0016,1500.0,1300.0,3100.0,3799999.9999999995,7000.0,1200.0,1400.0,540.0,4600.0,0.082,3899999.9999999995,0.0,5.8E-6,0.18,0.18,0.0,620.0,3.6,1.6E-35,6.2E-15,4.9E-26,0.0,2.7E7,1.0,7.1E8,
3.0E-44,0.0016,1500.0,1300.0,3100.0,3799999.9999999995,7000.0,1200.0,1400.0,540.0,4600.0,0.082,3899999.9999999995,0.0,6.7E-6,0.18,0.18,0.0,620.0,3.6,4.2E-38,6.2E-15,5.4E-26,0.0,2.6E7,1.0,7.1E8,
3.0E-44,0.0016,1500.0,1300.0,3100.0,3799999.9999999995,7000.0,1200.0,1400.0,540.0,4600.0,0.082,3899999.9999999995,0.0,6.8E-6,0.18,0.18,0.0,620.0,3.6,1.1E-40,6.2E-15,5.8E-26,0.0,2.6E7,1.0,7.1E8,
3.0E-44,0.0016,1500.0,1300.0,3100.0,3799999.9999999995,7000.0,1200.0,1400.0,540.0,4600.0,0.082,3899999.9999999995,0.0,6.5E-6,0.18,0.18,0.0,610.0,3.6,2.8E-43,6.2E-15,5.8E-26,0.0,2.6E7,1.0,7.1E8,
3.0E-44,0.0016,1500.0,1300.0,3100.0,3799999.9999999995,7000.0,1200.0,1400.0,540.0,4600.0,0.082,3899999.9999999995,0.0,5.8E-6,0.18,0.18,0.0,600.0,3.6,8.7E-46,6.2E-15,5.5E-26,0.0,2.7E7,1.0,7.1E8,
3.0E-44,0.0016,1500.0,1300.0,3100.0,3799999.9999999995,7000.0,1200.0,1400.0,540.0,4600.0,0.082,3899999.9999999995,0.0,5.2E-6,0.18,0.18,0.0,600.0,3.6,2.3E-47,6.2E-15,5.0E-26,0.0,2.9E7,1.0,7.1E8,
3.0E-44,0.0016,1500.0,1300.0,3100.0,3799999.9999999995,7000.0,1200.0,1400.0,540.0,4600.0,0.082,3899999.9999999995,0.0,4.5E-6,0.18,0.18,0.0,590.0,3.6,5.4E-48,6.2E-15,4.4E-26,0.0,3.0E7,1.0,7.1E8,
3.0E-44,0.0016,1500.0,1300.0,3100.0,3799999.9999999995,7000.0,1200.0,1400.0,540.0,4600.0,0.082,3899999.9999999995,0.0,3.9E-6,0.18,0.18,0.0,590.0,3.6,2.4E-48,6.2E-15,3.9E-26,0.0,3.2E7,1.0,7.1E8,
3.0E-44,0.0016,1500.0,1300.0,3100.0,3799999.9999999995,7000.0,1200.0,1400.0,540.0,4600.0,0.082,3899999.9999999995,0.0,4.0E-6,0.18,0.18,0.0,590.0,3.6,0.0,6.2E-15,3.5E-26,0.0,3.1E7,1.0,7.1E8,
3.0E-44,0.0016,1500.0,1300.0,3100.0,3799999.9999999995,7000.0,1200.0,1400.0,540.0,4600.0,0.081,3799999.9999999995,0.0,5.3E-6,0.18,0.18,0.0,580.0,3.6,0.0,6.2E-15,3.9E-26,0.0,2.8E7,1.0,7.0E8,
3.0E-44,0.0016,1500.0,1300.0,3100.0,3799999.9999999995,7000.0,1200.0,1400.0,540.0,4600.0,0.081,3799999.9999999995,0.0,6.4E-6,0.18,0.18,0.0,580.0,3.6,0.0,6.2E-15,4.9E-26,0.0,2.6E7,1.0,7.0E8,
3.0E-44,0.0016,1500.0,1300.0,3100.0,3799999.9999999995,7000.0,1200.0,1400.0,540.0,4600.0,0.081,3799999.9999999995,0.0,6.8E-6,0.18,0.18,0.0,580.0,3.6,0.0,6.2E-15,5.6E-26,0.0,2.6E7,1.0,7.0E8,
3.0E-44,0.0016,1500.0,1300.0,3100.0,3799999.9999999995,7000.0,1200.0,1400.0,540.0,4600.0,0.081,3799999.9999999995,0.0,6.6E-6,0.18,0.18,0.0,570.0,3.6,0.0,6.2E-15,5.8E-26,0.0,2.6E7,1.0,7.0E8,
2.0999999999999997E-43,0.014,2300.0,73000.0,10000.0,4900000.0,1200.0,1200.0,4000.0,540.0,4600.0,0.083,5000000.0,0.0,1.5E-5,0.25,0.25,0.0,650.0,8.4,2.4E-9,6.5E-15,3.4E-21,0.0,2.6E7,1.0,7.2E8,
1.1999999999999999E-43,0.0084,2300.0,46000.0,2500.0,4900000.0,1200.0,1200.0,4000.0,540.0,4600.0,0.082,4900000.0,0.0,5.5E-6,0.21,0.21,0.0,650.0,4.2,3.3E-10,6.5E-15,1.4E-21,0.0,2.6E7,1.0,7.2E8,
1.8000000000000002E-44,0.0012,2300.0,540.0,2500.0,4800000.0,1200.0,1200.0,4000.0,540.0,4600.0,0.082,4800000.0,0.0,1.0E-5,0.14,0.14,0.0,650.0,4.1,2.3E-12,6.5E-15,7.5E-23,0.0,2.4E7,1.0,7.2E8,
1.7E-44,0.0012,2300.0,540.0,2500.0,4300000.0,1200.0,1200.0,4000.0,540.0,4600.0,0.082,4300000.0,0.0,1.0E-5,0.13,0.13,0.0,650.0,3.8,3.2E-13,6.4E-15,4.7E-23,0.0,2.3E7,1.0,7.1E8,
1.6000000000000002E-44,0.0011,2300.0,530.0,2500.0,3799999.9999999995,1200.0,1200.0,3900.0,540.0,4500.0,0.081,3899999.9999999995,0.0,1.0E-5,0.12,0.12,0.0,650.0,3.6,4.3E-14,6.4E-15,3.0E-23,0.0,2.2E7,1.0,7.1E8,
1.6000000000000002E-44,0.0011,2300.0,530.0,2500.0,3799999.9999999995,1200.0,1200.0,3900.0,540.0,4500.0,0.081,3899999.9999999995,0.0,1.2E-5,0.12,0.12,0.0,640.0,3.6,1.1E-16,6.4E-15,9.0E-24,0.0,2.1E7,1.0,7.1E8,
1.6000000000000002E-44,0.0011,2300.0,530.0,2500.0,3799999.9999999995,1200.0,1200.0,3900.0,540.0,4500.0,0.081,3899999.9999999995,0.0,1.2E-5,0.12,0.12,0.0,630.0,3.6,2.8E-19,6.4E-15,2.7999999999999998E-24,0.0,2.1E7,1.0,7.1E8,
1.6000000000000002E-44,0.0011,2300.0,530.0,2500.0,3799999.9999999995,1200.0,1200.0,3900.0,540.0,4500.0,0.081,3899999.9999999995,0.0,1.1E-5,0.12,0.12,0.0,620.0,3.6,7.1E-22,6.4E-15,9.1E-25,0.0,2.2E7,1.0,7.1E8,
1.6000000000000002E-44,0.0011,2300.0,530.0,2500.0,3799999.9999999995,1200.0,1200.0,3900.0,540.0,4500.0,0.081,3899999.9999999995,0.0,9.4E-6,0.12,0.12,0.0,620.0,3.6,1.7999999999999997E-24,6.4E-15,3.4E-25,0.0,2.3E7,1.0,7.1E8,
1.6000000000000002E-44,0.0011,2300.0,530.0,2500.0,3799999.9999999995,1200.0,1200.0,3900.0,540.0,4500.0,0.081,3899999.9999999995,0.0,8.0E-6,0.12,0.12,0.0,610.0,3.6,6.7E-27,6.4E-15,1.5999999999999998E-25,0.0,2.4E7,1.0,7.1E8,
1.6000000000000002E-44,0.0011,2300.0,530.0,2500.0,3799999.9999999995,1200.0,1200.0,3900.0,540.0,4500.0,0.081,3899999.9999999995,0.0,6.8E-6,0.12,0.12,0.0,610.0,3.6,2.3E-29,6.4E-15,9.3E-26,0.0,2.6E7,1.0,7.1E8,
1.6000000000000002E-44,0.0011,2300.0,530.0,2500.0,3799999.9999999995,1200.0,1200.0,3900.0,540.0,4500.0,0.081,3899999.9999999995,0.0,5.8E-6,0.12,0.12,0.0,610.0,3.6,8.400000000000001E-32,6.4E-15,6.699999999999999E-26,0.0,2.7E7,1.0,7.1E8,
1.6000000000000002E-44,0.0011,2300.0,530.0,2500.0,3799999.9999999995,1200.0,1200.0,3900.0,540.0,4500.0,0.081,3899999.9999999995,0.0,4.9E-6,0.12,0.12,0.0,600.0,3.6,3.8E-33,6.4E-15,5.3E-26,0.0,2.9E7,1.0,7.1E8,
1.6000000000000002E-44,0.0011,2300.0,530.0,2500.0,3799999.9999999995,1200.0,1200.0,3900.0,540.0,4500.0,0.081,3899999.9999999995,0.0,6.0E-6,0.12,0.12,0.0,600.0,3.6,3.0E-35,6.4E-15,5.0E-26,0.0,2.7E7,1.0,7.1E8,
1.6000000000000002E-44,0.0011,2300.0,530.0,2500.0,3799999.9999999995,1200.0,1200.0,3900.0,540.0,4500.0,0.081,3899999.9999999995,0.0,6.7E-6,0.12,0.12,0.0,600.0,3.6,7.600000000000001E-38,6.4E-15,5.6E-26,0.0,2.6E7,1.0,7.1E8,
1.6000000000000002E-44,0.0011,2300.0,530.0,2500.0,3799999.9999999995,1200.0,1200.0,3900.0,540.0,4500.0,0.081,3899999.9999999995,0.0,6.7E-6,0.12,0.12,0.0,600.0,3.6,1.9E-40,6.4E-15,5.899999999999999E-26,0.0,2.6E7,1.0,7.1E8,
1.6000000000000002E-44,0.0011,2300.0,530.0,2500.0,3799999.9999999995,1200.0,1200.0,3900.0,540.0,4500.0,0.081,3899999.9999999995,0.0,6.3E-6,0.12,0.12,0.0,590.0,3.6,4.9E-43,6.4E-15,5.899999999999999E-26,0.0,2.6E7,1.0,7.1E8,
1.6000000000000002E-44,0.0011,2300.0,530.0,2500.0,3799999.9999999995,1200.0,1200.0,3900.0,540.0,4500.0,0.081,3899999.9999999995,0.0,5.7E-6,0.12,0.12,0.0,590.0,3.6,3.3E-45,6.4E-15,5.5E-26,0.0,2.7E7,1.0,7.1E8,
1.6000000000000002E-44,0.0011,2300.0,530.0,2500.0,3799999.9999999995,1200.0,1200.0,3900.0,540.0,4500.0,0.081,3899999.9999999995,0.0,5.0E-6,0.12,0.12,0.0,590.0,3.6,9.9E-46,6.4E-15,5.0E-26,0.0,2.9E7,1.0,7.1E8,
1.6000000000000002E-44,0.0011,2300.0,530.0,2500.0,3799999.9999999995,1200.0,1200.0,3900.0,540.0,4500.0,0.081,3899999.9999999995,0.0,4.4E-6,0.12,0.12,0.0,590.0,3.6,2.3E-46,6.4E-15,4.4E-26,0.0,3.0E7,1.0,7.1E8,
1.6000000000000002E-44,0.0011,2300.0,530.0,2500.0,3799999.9999999995,1200.0,1200.0,3900.0,540.0,4500.0,0.081,3899999.9999999995,0.0,3.8E-6,0.12,0.12,0.0,580.0,3.6,0.0,6.4E-15,3.8E-26,0.0,3.2E7,1.0,7.1E8,
2.7E-43,0.017,27000.0,73000.0,11000.0,5000000.0,1200.0,1200.0,3900.0,540.0,4500.0,0.082,5100000.0,0.0,0.23,0.2,0.2,0.0,660.0,5.9,7.3E-9,6.6E-15,3.2E-21,0.0,3.2E7,1.0,7.3E8,
3.7000000000000005E-44,0.0024,3900.0,4700.0,3200.0,4500000.0,1200.0,1200.0,3900.0,540.0,4500.0,0.081,4500000.0,0.0,1.0E-6,0.11,0.11,0.0,670.0,3.0,2.7E-9,6.5E-15,3.6E-22,0.0,3.1E7,1.0,7.2E8,
3.6000000000000004E-44,0.0023,3900.0,4700.0,3100.0,4099999.9999999995,1200.0,1200.0,3900.0,540.0,4500.0,0.081,4099999.9999999995,0.0,4.6E-6,0.11,0.11,0.0,650.0,2.8,1.9E-11,6.5E-15,1.3E-22,0.0,2.8E7,1.0,7.2E8,
3.5000000000000003E-44,0.0023,3900.0,4700.0,3100.0,3899999.9999999995,1200.0,1200.0,3900.0,540.0,4500.0,0.081,3899999.9999999995,0.0,5.1E-6,0.11,0.11,0.0,630.0,2.7,9.4E-13,6.5E-15,7.0E-23,0.0,2.6E7,1.0,7.2E8,
3.5000000000000003E-44,0.0023,3900.0,4700.0,3100.0,3899999.9999999995,1200.0,1200.0,3900.0,530.0,4500.0,0.081,3899999.9999999995,0.0,6.0E-6,0.11,0.11,0.0,620.0,2.7,2.4E-15,6.5E-15,2.1E-23,0.0,2.5E7,1.0,7.2E8,
3.5000000000000003E-44,0.0023,3900.0,4700.0,3100.0,3899999.9999999995,1200.0,1200.0,3900.0,530.0,4500.0,0.081,3899999.9999999995,0.0,6.2E-6,0.11,0.11,0.0,620.0,2.7,6.2E-18,6.5E-15,6.3999999999999995E-24,0.0,2.4E7,1.0,7.2E8,
3.5000000000000003E-44,0.0023,3900.0,4700.0,3100.0,3899999.9999999995,1200.0,1200.0,3900.0,530.0,4500.0,0.081,3899999.9999999995,0.0,5.9E-6,0.11,0.11,0.0,610.0,2.7,1.6E-20,6.5E-15,2.0E-24,0.0,2.5E7,1.0,7.2E8,
3.5000000000000003E-44,0.0023,3900.0,4700.0,3100.0,3899999.9999999995,1200.0,1200.0,3900.0,530.0,4500.0,0.081,3899999.9999999995,0.0,5.3E-6,0.11,0.11,0.0,610.0,2.7,4.2E-23,6.5E-15,6.2E-25,0.0,2.6E7,1.0,7.2E8,
3.5000000000000003E-44,0.0023,3900.0,4700.0,3100.0,3899999.9999999995,1200.0,1200.0,3900.0,530.0,4500.0,0.08,3899999.9999999995,0.0,4.6E-6,0.11,0.11,0.0,610.0,2.7,1.4E-25,6.5E-15,2.1999999999999997E-25,0.0,2.7E7,1.0,7.2E8,
3.5000000000000003E-44,0.0023,3900.0,4700.0,3100.0,3899999.9999999995,1200.0,1200.0,3900.0,530.0,4500.0,0.081,3899999.9999999995,0.0,4.0E-6,0.11,0.11,0.0,610.0,2.7,5.0E-28,6.5E-15,9.3E-26,0.0,2.8E7,1.0,7.2E8,
3.5000000000000003E-44,0.0023,3900.0,4700.0,3100.0,3899999.9999999995,1200.0,1200.0,3900.0,530.0,4500.0,0.081,3899999.9999999995,0.0,3.5E-6,0.11,0.11,0.0,610.0,2.7,8.500000000000001E-30,6.5E-15,5.1E-26,0.0,3.0E7,1.0,7.2E8,
3.5000000000000003E-44,0.0023,3900.0,4700.0,3100.0,3899999.9999999995,1200.0,1200.0,3900.0,530.0,4500.0,0.081,3899999.9999999995,0.0,3.0E-6,0.11,0.11,0.0,600.0,2.7,2.0E-30,6.5E-15,3.6E-26,0.0,3.2E7,1.0,7.2E8,
3.5000000000000003E-44,0.0023,3900.0,4700.0,3100.0,3899999.9999999995,1200.0,1200.0,3900.0,530.0,4500.0,0.081,3899999.9999999995,0.0,3.9E-6,0.11,0.11,0.0,590.0,2.7,5.1E-33,6.5E-15,3.3E-26,0.0,2.9E7,1.0,7.2E8,
3.5000000000000003E-44,0.0023,3900.0,4700.0,3100.0,3899999.9999999995,1200.0,1200.0,3900.0,530.0,4500.0,0.081,3899999.9999999995,0.0,4.4E-6,0.11,0.11,0.0,590.0,2.7,1.3E-35,6.5E-15,3.7E-26,0.0,2.7E7,1.0,7.2E8,
1.9E-43,0.013,21000.0,77000.0,9400.0,4900000.0,43000.0,7900.0,6300.0,4800.0,17000.0,0.082,5100000.0,0.0,1.5,0.23,0.23,0.0,670.0,3.7,4.2E-9,7.1E-15,5.8E-21,0.0,2.8E7,1.0,7.4E8,
3.9E-44,0.0027,3600.0,4100.0,9400.0,4900000.0,20000.0,330.0,6300.0,4800.0,4100.0,0.082,4900000.0,0.0,2.2E-6,0.072,0.072,0.0,670.0,5.1,3.4E-11,7.0E-15,4.299999999999999E-22,0.0,2.6E7,1.0,7.4E8,
2.2E-44,0.0015,3600.0,4100.0,1900.0,4500000.0,2800.0,330.0,6300.0,4800.0,4100.0,0.081,4500000.0,0.0,5.3E-6,0.069,0.069,0.0,660.0,2.3,4.6E-12,7.0E-15,1.6E-22,0.0,2.5E7,1.0,7.3E8,
2.2E-44,0.0015,3600.0,4100.0,1800.0,4300000.0,2800.0,330.0,6300.0,4800.0,4100.0,0.081,4400000.0,0.0,6.2E-6,0.068,0.068,0.0,660.0,2.2,3.2E-14,7.0E-15,5.9E-23,0.0,2.3E7,1.0,7.3E8,
2.1000000000000003E-44,0.0014,3600.0,4100.0,1800.0,3999999.9999999995,2800.0,330.0,6300.0,4700.0,4100.0,0.08,3999999.9999999995,0.0,6.4E-6,0.065,0.065,0.0,670.0,2.1,4.4E-15,6.9E-15,3.8E-23,0.0,2.2E7,1.0,7.3E8,
2.1000000000000003E-44,0.0014,3600.0,4100.0,1800.0,3899999.9999999995,2800.0,330.0,6300.0,4700.0,4100.0,0.08,3899999.9999999995,0.0,7.1E-6,0.064,0.064,0.0,660.0,2.1,8.2E-17,6.9E-15,1.7E-23,0.0,2.1E7,1.0,7.3E8,
2.1000000000000003E-44,0.0014,3600.0,4100.0,1800.0,3899999.9999999995,2800.0,330.0,6300.0,4700.0,4100.0,0.08,3899999.9999999995,0.0,7.6E-6,0.064,0.064,0.0,650.0,2.1,2.1E-19,6.9E-15,5.199999999999999E-24,0.0,2.1E7,1.0,7.3E8,
2.1000000000000003E-44,0.0014,3600.0,4100.0,1800.0,3899999.9999999995,2800.0,330.0,6300.0,4700.0,4100.0,0.08,3899999.9999999995,0.0,7.2E-6,0.064,0.064,0.0,650.0,2.1,5.499999999999999E-22,6.9E-15,1.5999999999999999E-24,0.0,2.1E7,1.0,7.3E8,
2.1000000000000003E-44,0.0014,3600.0,4100.0,1800.0,3899999.9999999995,2800.0,330.0,6300.0,4700.0,4100.0,0.08,3899999.9999999995,0.0,6.4E-6,0.064,0.064,0.0,650.0,2.1,1.3999999999999999E-24,6.9E-15,5.3E-25,0.0,2.2E7,1.0,7.3E8,
2.1000000000000003E-44,0.0014,3600.0,4100.0,1800.0,3899999.9999999995,2800.0,330.0,6300.0,4700.0,4100.0,0.08,3899999.9999999995,0.0,5.5E-6,0.064,0.064,0.0,640.0,2.1,4.0E-27,6.9E-15,1.9999999999999998E-25,0.0,2.3E7,1.0,7.3E8,
2.1000000000000003E-44,0.0014,3600.0,4100.0,1800.0,3899999.9999999995,2800.0,330.0,6300.0,4700.0,4100.0,0.08,3899999.9999999995,0.0,4.7E-6,0.064,0.064,0.0,620.0,2.1,9.500000000000001E-30,6.9E-15,9.3E-26,0.0,2.5E7,1.0,7.3E8,
2.1000000000000003E-44,0.0014,3600.0,4100.0,1800.0,3899999.9999999995,2800.0,330.0,6300.0,4700.0,4100.0,0.08,3899999.9999999995,0.0,4.0E-6,0.064,0.064,0.0,620.0,2.1,0.0,6.9E-15,5.6E-26,0.0,2.6E7,1.0,7.3E8,
2.1000000000000003E-44,0.0014,3600.0,4100.0,1800.0,3899999.9999999995,2800.0,330.0,6300.0,4700.0,4100.0,0.08,3899999.9999999995,0.0,3.3E-6,0.064,0.064,0.0,610.0,2.1,0.0,6.9E-15,4.1E-26,0.0,2.8E7,1.0,7.3E8,
2.1000000000000003E-44,0.0014,3600.0,4100.0,1800.0,3899999.9999999995,2800.0,330.0,6300.0,4700.0,4100.0,0.08,3899999.9999999995,0.0,3.1E-6,0.064,0.064,0.0,610.0,2.1,0.0,6.9E-15,3.3E-26,0.0,2.9E7,1.0,7.3E8,
2.1000000000000003E-44,0.0014,3600.0,4100.0,1800.0,3899999.9999999995,2800.0,330.0,6300.0,4700.0,4100.0,0.08,3899999.9999999995,0.0,3.8E-6,0.064,0.064,0.0,610.0,2.1,0.0,6.9E-15,3.4E-26,0.0,2.6E7,1.0,7.3E8,
2.1000000000000003E-44,0.0014,3600.0,4100.0,1800.0,3899999.9999999995,2800.0,330.0,6300.0,4700.0,4100.0,0.08,3899999.9999999995,0.0,4.1E-6,0.064,0.064,0.0,610.0,2.1,0.0,6.9E-15,3.7E-26,0.0,2.6E7,1.0,7.3E8,
2.1000000000000003E-44,0.0014,3600.0,4100.0,1800.0,3899999.9999999995,2800.0,330.0,6300.0,4700.0,4100.0,0.08,3899999.9999999995,0.0,4.0E-6,0.064,0.064,0.0,600.0,2.1,0.0,6.9E-15,3.8E-26,0.0,2.6E7,1.0,7.3E8,
2.1000000000000003E-44,0.0014,3600.0,4100.0,1800.0,3899999.9999999995,2800.0,330.0,6300.0,4700.0,4100.0,0.08,3899999.9999999995,0.0,3.7E-6,0.064,0.064,0.0,600.0,2.1,0.0,6.9E-15,3.7E-26,0.0,2.7E7,1.0,7.3E8,
2.1000000000000003E-44,0.0014,3600.0,4100.0,1800.0,3899999.9999999995,2800.0,330.0,6300.0,4700.0,4100.0,0.08,3899999.9999999995,0.0,3.2E-6,0.064,0.064,0.0,590.0,2.1,0.0,6.9E-15,3.4E-26,0.0,2.8E7,1.0,7.3E8,
2.1000000000000003E-44,0.0014,3600.0,4100.0,1800.0,3899999.9999999995,2800.0,330.0,6300.0,4700.0,4100.0,0.08,3899999.9999999995,0.0,2.8E-6,0.064,0.064,0.0,590.0,2.1,0.0,6.9E-15,3.0E-26,0.0,2.9E7,1.0,7.3E8,
2.1000000000000003E-44,0.0014,3600.0,4100.0,1800.0,3899999.9999999995,2800.0,330.0,6300.0,4700.0,4100.0,0.08,3899999.9999999995,0.0,2.5E-6,0.064,0.064,0.0,590.0,2.1,0.0,6.9E-15,2.6E-26,0.0,3.1E7,1.0,7.3E8,
2.1000000000000003E-44,0.0014,3600.0,4100.0,1800.0,3899999.9999999995,2800.0,330.0,6300.0,4700.0,4100.0,0.08,3899999.9999999995,0.0,2.1E-6,0.064,0.064,0.0,580.0,2.1,0.0,6.9E-15,2.3E-26,0.0,3.3E7,1.0,7.3E8,
2.1000000000000003E-44,0.0014,3600.0,4100.0,1800.0,3899999.9999999995,2800.0,330.0,6300.0,4700.0,4100.0,0.08,3899999.9999999995,0.0,2.7E-6,0.064,0.064,0.0,570.0,2.1,0.0,6.9E-15,2.3E-26,0.0,3.0E7,1.0,7.3E8,
2.1000000000000003E-44,0.0014,3600.0,4100.0,1800.0,3899999.9999999995,2800.0,330.0,6300.0,4700.0,4100.0,0.08,3899999.9999999995,0.0,3.1E-6,0.064,0.064,0.0,560.0,2.1,0.0,6.9E-15,2.7E-26,0.0,2.9E7,1.0,7.3E8,
2.1000000000000003E-44,0.0014,3600.0,4100.0,1800.0,3899999.9999999995,2800.0,330.0,6300.0,4700.0,4100.0,0.08,3899999.9999999995,0.0,3.2E-6,0.064,0.064,0.0,560.0,2.1,0.0,6.9E-15,2.9E-26,0.0,2.8E7,1.0,7.3E8,
2.1000000000000003E-44,0.0014,3600.0,4100.0,1800.0,3899999.9999999995,2800.0,330.0,6300.0,4700.0,4100.0,0.079,3899999.9999999995,0.0,3.4E-6,0.064,0.064,0.0,560.0,2.0,0.0,6.8E-15,3.0E-26,0.0,2.7E7,1.0,7.2E8,
2.1000000000000003E-44,0.0014,3600.0,4100.0,1800.0,3899999.9999999995,2800.0,330.0,6300.0,4700.0,4100.0,0.079,3899999.9999999995,0.0,4.1E-6,0.064,0.064,0.0,550.0,2.0,0.0,6.8E-15,3.5E-26,0.0,2.6E7,1.0,7.2E8,
2.1000000000000003E-44,0.0014,3600.0,4100.0,1800.0,3899999.9999999995,2800.0,330.0,6300.0,4700.0,4100.0,0.079,3899999.9999999995,0.0,4.3E-6,0.064,0.064,0.0,540.0,2.0,0.0,6.8E-15,3.9E-26,0.0,2.5E7,1.0,7.2E8,
2.1000000000000003E-44,0.0014,3600.0,4100.0,1800.0,3899999.9999999995,2800.0,330.0,6300.0,4700.0,4100.0,0.079,3899999.9999999995,0.0,4.1E-6,0.064,0.064,0.0,540.0,2.0,0.0,6.8E-15,3.9E-26,0.0,2.6E7,1.0,7.2E8,
2.1000000000000003E-44,0.0014,3600.0,4100.0,1800.0,3899999.9999999995,2800.0,330.0,6300.0,4700.0,4100.0,0.079,3899999.9999999995,0.0,3.7E-6,0.064,0.064,0.0,530.0,2.0,0.0,6.8E-15,3.8E-26,0.0,2.6E7,1.0,7.2E8,
2.1000000000000003E-44,0.0014,3600.0,4100.0,1800.0,3899999.9999999995,2800.0,330.0,6300.0,4700.0,4100.0,0.079,3899999.9999999995,0.0,3.3E-6,0.064,0.064,0.0,530.0,2.0,0.0,6.8E-15,3.4E-26,0.0,2.8E7,1.0,7.2E8,
2.1000000000000003E-44,0.0014,3600.0,4100.0,1800.0,3899999.9999999995,2800.0,330.0,6300.0,4700.0,4100.0,0.079,3899999.9999999995,0.0,2.9E-6,0.064,0.064,0.0,530.0,2.0,0.0,6.8E-15,3.0E-26,0.0,2.9E7,1.0,7.2E8,
2.1000000000000003E-44,0.0014,3600.0,4100.0,1800.0,3899999.9999999995,2800.0,330.0,6300.0,4700.0,4100.0,0.079,3899999.9999999995,0.0,2.5E-6,0.064,0.064,0.0,530.0,2.0,0.0,6.8E-15,2.7E-26,0.0,3.1E7,1.0,7.2E8,
2.1000000000000003E-44,0.0014,3600.0,4100.0,1800.0,3899999.9999999995,2800.0,330.0,6300.0,4700.0,4100.0,0.079,3899999.9999999995,0.0,2.2E-6,0.064,0.064,0.0,530.0,2.0,0.0,6.8E-15,2.3E-26,0.0,3.2E7,1.0,7.2E8,
2.1000000000000003E-44,0.0014,3600.0,4100.0,1800.0,3899999.9999999995,2800.0,330.0,6300.0,4700.0,4100.0,0.079,3899999.9999999995,0.0,2.8E-6,0.064,0.064,0.0,530.0,2.0,0.0,6.8E-15,2.4E-26,0.0,2.9E7,1.0,7.2E8,
2.1000000000000003E-44,0.0014,3600.0,4100.0,1800.0,3899999.9999999995,2800.0,330.0,6300.0,4700.0,4100.0,0.079,3899999.9999999995,0.0,3.2E-6,0.064,0.064,0.0,530.0,2.0,0.0,6.8E-15,2.8E-26,0.0,2.8E7,1.0,7.2E8,
2.1000000000000003E-44,0.0014,3600.0,4100.0,1800.0,3899999.9999999995,2800.0,330.0,6300.0,4700.0,4100.0,0.079,3899999.9999999995,0.0,3.2E-6,0.064,0.064,0.0,530.0,2.0,0.0,6.8E-15,3.0E-26,0.0,2.8E7,1.0,7.2E8,
2.1000000000000003E-44,0.0014,3600.0,4100.0,1800.0,3899999.9999999995,2800.0,330.0,6300.0,4700.0,4100.0,0.079,3899999.9999999995,0.0,3.0E-6,0.064,0.064,0.0,530.0,2.0,0.0,6.8E-15,3.0E-26,0.0,2.8E7,1.0,7.2E8,
2.1000000000000003E-44,0.0014,3600.0,4100.0,1800.0,3899999.9999999995,2800.0,330.0,6300.0,4700.0,4100.0,0.079,3899999.9999999995,0.0,2.8E-6,0.064,0.064,0.0,530.0,2.0,0.0,6.8E-15,2.8E-26,0.0,2.9E7,1.0,7.2E8,
2.0000000000000002E-44,0.0014,3600.0,4100.0,1800.0,3799999.9999999995,2800.0,330.0,6300.0,4700.0,4100.0,0.079,3799999.9999999995,0.0,2.8E-6,0.064,0.064,0.0,530.0,2.0,0.0,6.8E-15,2.6E-26,0.0,2.9E7,1.0,7.0E8,
2.0000000000000002E-44,0.0014,3600.0,4100.0,1800.0,3799999.9999999995,2800.0,330.0,6300.0,4700.0,4100.0,0.079,3799999.9999999995,0.0,3.5E-6,0.064,0.064,0.0,530.0,2.0,0.0,6.8E-15,3.0E-26,0.0,2.6E7,1.0,7.0E8,
2.0000000000000002E-44,0.0014,3600.0,4100.0,1800.0,3799999.9999999995,2800.0,330.0,6300.0,4700.0,4100.0,0.079,3799999.9999999995,0.0,3.8E-6,0.064,0.064,0.0,520.0,2.0,0.0,6.8E-15,3.4E-26,0.0,2.5E7,1.0,7.0E8,
2.0000000000000002E-44,0.0014,3600.0,4100.0,1800.0,3799999.9999999995,2800.0,330.0,6300.0,4700.0,4100.0,0.079,3799999.9999999995,0.0,3.8E-6,0.064,0.064,0.0,510.0,2.0,0.0,6.8E-15,3.6E-26,0.0,2.6E7,1.0,7.0E8,
2.0000000000000002E-44,0.0014,3600.0,4100.0,1800.0,3799999.9999999995,2800.0,330.0,6300.0,4700.0,4100.0,0.079,3799999.9999999995,0.0,3.5E-6,0.064,0.064,0.0,510.0,2.0,0.0,6.8E-15,3.6E-26,0.0,2.6E7,1.0,7.0E8,
2.0000000000000002E-44,0.0014,3600.0,4100.0,1800.0,3799999.9999999995,2800.0,330.0,6300.0,4700.0,4100.0,0.079,3799999.9999999995,0.0,3.2E-6,0.064,0.064,0.0,510.0,2.0,0.0,6.8E-15,3.3E-26,0.0,2.7E7,1.0,7.0E8,
2.0000000000000002E-44,0.0014,3600.0,4100.0,1800.0,3799999.9999999995,2800.0,330.0,6300.0,4700.0,4100.0,0.079,3799999.9999999995,0.0,2.8E-6,0.064,0.064,0.0,510.0,2.0,0.0,6.8E-15,3.0E-26,0.0,2.9E7,1.0,7.0E8,
2.0000000000000002E-44,0.0014,3600.0,4100.0,1800.0,3799999.9999999995,2800.0,330.0,6300.0,4700.0,4100.0,0.079,3799999.9999999995,0.0,2.4E-6,0.064,0.064,0.0,500.0,2.0,0.0,6.8E-15,2.6E-26,0.0,3.0E7,1.0,7.0E8,
2.0000000000000002E-44,0.0014,3600.0,4100.0,1800.0,3799999.9999999995,2800.0,330.0,6300.0,4700.0,4100.0,0.079,3799999.9999999995,0.0,2.1E-6,0.064,0.064,0.0,500.0,2.0,0.0,6.8E-15,2.3E-26,0.0,3.2E7,1.0,7.0E8,
2.0000000000000002E-44,0.0014,3600.0,4100.0,1800.0,3799999.9999999995,2800.0,330.0,6300.0,4700.0,4100.0,0.078,3799999.9999999995,0.0,2.4E-6,0.063,0.063,0.0,500.0,2.0,0.0,6.8E-15,2.2E-26,0.0,3.0E7,1.0,7.0E8,
2.0000000000000002E-44,0.0014,3600.0,4100.0,1800.0,3799999.9999999995,2800.0,330.0,6300.0,4700.0,4100.0,0.078,3799999.9999999995,0.0,3.2E-6,0.063,0.063,0.0,500.0,2.0,0.0,6.8E-15,2.6E-26,0.0,2.7E7,1.0,7.0E8,
2.0000000000000002E-44,0.0014,3600.0,4100.0,1800.0,3799999.9999999995,2800.0,330.0,6300.0,4700.0,4100.0,0.078,3799999.9999999995,0.0,3.5E-6,0.063,0.063,0.0,500.0,2.0,0.0,6.8E-15,3.1E-26,0.0,2.6E7,1.0,7.0E8,
2.0000000000000002E-44,0.0014,3600.0,4100.0,1800.0,3799999.9999999995,2800.0,330.0,6300.0,4700.0,4100.0,0.078,3799999.9999999995,0.0,3.4E-6,0.063,0.063,0.0,500.0,2.0,0.0,6.8E-15,3.3E-26,0.0,2.6E7,1.0,7.0E8,
2.0000000000000002E-44,0.0014,3600.0,4100.0,1800.0,3799999.9999999995,2800.0,330.0,6300.0,4700.0,4100.0,0.078,3799999.9999999995,0.0,3.2E-6,0.063,0.063,0.0,500.0,2.0,0.0,6.8E-15,3.2E-26,0.0,2.7E7,1.0,7.0E8,
2.0000000000000002E-44,0.0014,3600.0,4100.0,1800.0,3799999.9999999995,2800.0,330.0,6300.0,4700.0,4100.0,0.078,3799999.9999999995,0.0,2.9E-6,0.063,0.063,0.0,500.0,2.0,0.0,6.8E-15,3.0E-26,0.0,2.8E7,1.0,7.0E8,
2.8999999999999997E-43,0.022,23000.0,110000.0,31000.0,5200000.0,3600.0,330.0,6300.0,4700.0,4100.0,0.08,5400000.0,0.0,7.6E-6,0.17,0.17,0.0,830.0,6.5,1.5E-9,7.5E-15,3.5E-21,0.0,2.9E7,1.0,7.3E8,
1.9E-44,0.0015,280.0,1400.0,3400.0,5200000.0,3600.0,330.0,6300.0,4700.0,4100.0,0.079,5300000.0,0.0,2.9E-6,0.075,0.075,0.0,830.0,1.6,1.1E-11,7.4E-15,8.6E-23,0.0,2.7E7,1.0,7.3E8,
1.8000000000000002E-44,0.0014,280.0,1400.0,3400.0,4800000.0,3600.0,330.0,6300.0,4700.0,4100.0,0.079,4800000.0,0.0,3.2E-6,0.072,0.072,0.0,820.0,1.5,5.7E-13,7.4E-15,4.5000000000000003E-23,0.0,2.5E7,1.0,7.3E8,
1.8000000000000002E-44,0.0013,280.0,1400.0,3400.0,4400000.0,3600.0,330.0,6300.0,4700.0,4100.0,0.078,4400000.0,0.0,3.3E-6,0.069,0.069,0.0,820.0,1.4,7.7E-14,7.3E-15,2.9E-23,0.0,2.4E7,1.0,7.2E8,
1.7E-44,0.0013,280.0,1400.0,3400.0,3999999.9999999995,3600.0,330.0,6300.0,4700.0,4100.0,0.078,4099999.9999999995,0.0,3.7E-6,0.066,0.066,0.0,820.0,1.3,1.4E-15,7.3E-15,1.3E-23,0.0,2.3E7,1.0,7.2E8,
1.7E-44,0.0013,280.0,1400.0,3400.0,3899999.9999999995,3600.0,330.0,6300.0,4700.0,4100.0,0.078,3899999.9999999995,0.0,4.4E-6,0.064,0.064,0.0,820.0,1.3,3.7E-18,7.3E-15,3.7E-24,0.0,2.1E7,1.0,7.2E8,
1.7E-44,0.0013,280.0,1400.0,3400.0,3899999.9999999995,3600.0,330.0,6300.0,4700.0,4100.0,0.078,3899999.9999999995,0.0,4.7E-6,0.064,0.064,0.0,810.0,1.3,9.4E-21,7.3E-15,1.2E-24,0.0,2.1E7,1.0,7.2E8,
1.7E-44,0.0013,280.0,1400.0,3400.0,3899999.9999999995,3600.0,330.0,6300.0,4700.0,4100.0,0.078,3899999.9999999995,0.0,4.4E-6,0.064,0.064,0.0,810.0,1.3,2.4E-23,7.3E-15,3.8E-25,0.0,2.1E7,1.0,7.2E8,
1.7E-44,0.0013,280.0,1400.0,3400.0,3899999.9999999995,3600.0,330.0,6300.0,4700.0,4100.0,0.078,3899999.9999999995,0.0,4.0E-6,0.064,0.064,0.0,810.0,1.3,6.299999999999999E-26,7.3E-15,1.4E-25,0.0,2.2E7,1.0,7.2E8,
1.7E-44,0.0013,280.0,1400.0,3400.0,3899999.9999999995,3600.0,330.0,6300.0,4700.0,4100.0,0.078,3899999.9999999995,0.0,3.4E-6,0.064,0.064,0.0,810.0,1.3,1.6000000000000001E-28,7.3E-15,6.9E-26,0.0,2.3E7,1.0,7.2E8,
1.7E-44,0.0013,280.0,1400.0,3400.0,3899999.9999999995,3600.0,330.0,6300.0,4700.0,4100.0,0.078,3899999.9999999995,0.0,2.9E-6,0.064,0.064,0.0,810.0,1.3,4.4E-31,7.3E-15,4.3E-26,0.0,2.5E7,1.0,7.2E8,
1.7E-44,0.0013,280.0,1400.0,3400.0,3899999.9999999995,3600.0,330.0,6300.0,4700.0,4100.0,0.078,3899999.9999999995,0.0,2.5E-6,0.064,0.064,0.0,800.0,1.3,1.3000000000000001E-33,7.3E-15,3.2E-26,0.0,2.6E7,1.0,7.2E8,
1.7E-44,0.0013,280.0,1400.0,3400.0,3899999.9999999995,3600.0,330.0,6300.0,4700.0,4100.0,0.078,3899999.9999999995,0.0,2.1E-6,0.064,0.064,0.0,800.0,1.3,2.8E-36,7.3E-15,2.5E-26,0.0,2.8E7,1.0,7.2E8,
1.7E-44,0.0013,280.0,1400.0,3400.0,3899999.9999999995,3600.0,330.0,6300.0,4700.0,4100.0,0.078,3899999.9999999995,0.0,1.9E-6,0.064,0.064,0.0,790.0,1.3,5.900000000000001E-38,7.3E-15,2.1E-26,0.0,2.8E7,1.0,7.2E8,
1.1999999999999999E-43,0.015,6000.0,120000.0,7100.0,5200000.0,3600.0,330.0,6300.0,4700.0,4100.0,0.079,5400000.0,0.0,9.0E-6,0.14,0.14,0.0,820.0,4.7,4.7E-11,7.5E-15,1.7E-21,0.0,2.7E7,1.0,7.4E8,
1.1E-44,0.0014,6000.0,110.0,7100.0,5100000.0,3600.0,330.0,6200.0,4700.0,4100.0,0.079,5100000.0,0.0,1.1E-5,0.059,0.059,0.0,800.0,4.6,9.2E-13,7.5E-15,7.0E-23,0.0,2.5E7,1.0,7.4E8,
1.1E-44,0.0014,6000.0,110.0,7100.0,4900000.0,3600.0,330.0,6200.0,4700.0,4100.0,0.078,4900000.0,0.0,1.3E-5,0.058,0.058,0.0,790.0,4.5,6.4E-15,7.4E-15,2.6E-23,0.0,2.3E7,1.0,7.3E8,
1.1E-44,0.0013,6000.0,110.0,7100.0,4800000.0,3600.0,330.0,6200.0,4700.0,4100.0,0.078,4900000.0,0.0,1.4E-5,0.058,0.058,0.0,790.0,4.5,4.4E-17,7.4E-15,9.499999999999999E-24,0.0,2.2E7,1.0,7.3E8,
1.0000000000000001E-44,0.0013,6000.0,110.0,7100.0,4300000.0,3600.0,330.0,6200.0,4700.0,4000.0,0.078,4400000.0,0.0,1.5E-5,0.055,0.055,0.0,790.0,4.3,6.1E-18,7.4E-15,6.0999999999999996E-24,0.0,2.1E7,1.0,7.3E8,
9.9E-45,0.0013,6000.0,110.0,7100.0,4200000.0,3600.0,330.0,6200.0,4700.0,4000.0,0.077,4200000.0,0.0,1.6E-5,0.053,0.053,0.0,790.0,4.2,3.1E-19,7.3E-15,3.4E-24,0.0,2.0E7,1.0,7.3E8,
9.7E-45,0.0012,6000.0,110.0,7100.0,3899999.9999999995,3600.0,330.0,6200.0,4700.0,4000.0,0.077,3899999.9999999995,0.0,1.7E-5,0.052,0.052,0.0,790.0,4.1,1.6E-20,7.3E-15,1.8999999999999998E-24,0.0,2.0E7,1.0,7.2E8,
9.7E-45,0.0012,6000.0,110.0,7100.0,3899999.9999999995,3600.0,330.0,6200.0,4700.0,4000.0,0.077,3899999.9999999995,0.0,1.9E-5,0.051,0.051,0.0,780.0,4.1,4.1E-23,7.3E-15,6.9999999999999995E-25,0.0,1.9E7,1.0,7.2E8,
9.7E-45,0.0012,6000.0,110.0,7100.0,3899999.9999999995,3600.0,330.0,6200.0,4700.0,4000.0,0.077,3899999.9999999995,0.0,1.8E-5,0.051,0.051,0.0,780.0,4.1,1.0999999999999999E-25,7.3E-15,3.4E-25,0.0,1.9E7,1.0,7.2E8,
9.7E-45,0.0012,6000.0,110.0,7100.0,3899999.9999999995,3600.0,330.0,6200.0,4700.0,4000.0,0.077,3899999.9999999995,0.0,1.6E-5,0.051,0.051,0.0,780.0,4.1,2.8000000000000002E-28,7.3E-15,2.1999999999999997E-25,0.0,2.0E7,1.0,7.2E8,
9.7E-45,0.0012,6000.0,110.0,7100.0,3899999.9999999995,3600.0,330.0,6200.0,4700.0,4000.0,0.077,3899999.9999999995,0.0,1.4E-5,0.051,0.051,0.0,780.0,4.1,7.199999999999999E-31,7.3E-15,1.7E-25,0.0,2.1E7,1.0,7.2E8,
9.7E-45,0.0012,6000.0,110.0,7100.0,3899999.9999999995,3600.0,330.0,6200.0,4700.0,4000.0,0.077,3899999.9999999995,0.0,1.2E-5,0.051,0.051,0.0,780.0,4.1,2.7E-33,7.3E-15,1.4E-25,0.0,2.3E7,1.0,7.2E8,
9.7E-45,0.0012,6000.0,110.0,7100.0,3899999.9999999995,3600.0,330.0,6200.0,4700.0,4000.0,0.077,3899999.9999999995,0.0,9.7E-6,0.051,0.051,0.0,780.0,4.1,2.9E-34,7.3E-15,1.2E-25,0.0,2.4E7,1.0,7.2E8,
9.7E-45,0.0012,6000.0,110.0,7100.0,3899999.9999999995,3600.0,330.0,6200.0,4700.0,4000.0,0.077,3899999.9999999995,0.0,8.1E-6,0.051,0.051,0.0,780.0,4.1,2.8E-35,7.3E-15,9.7E-26,0.0,2.6E7,1.0,7.2E8,
9.7E-45,0.0012,6000.0,110.0,7100.0,3899999.9999999995,3600.0,330.0,6200.0,4700.0,4000.0,0.077,3899999.9999999995,0.0,6.9E-6,0.051,0.051,0.0,780.0,4.1,1.9000000000000002E-36,7.3E-15,8.1E-26,0.0,2.7E7,1.0,7.2E8,
9.7E-45,0.0012,6000.0,110.0,7100.0,3899999.9999999995,3600.0,330.0,6200.0,4700.0,4000.0,0.077,3899999.9999999995,0.0,7.7E-6,0.051,0.051,0.0,780.0,4.1,0.0,7.3E-15,7.4E-26,0.0,2.6E7,1.0,7.2E8,
9.7E-45,0.0012,6000.0,110.0,7100.0,3899999.9999999995,3600.0,330.0,6200.0,4700.0,4000.0,0.077,3899999.9999999995,0.0,8.7E-6,0.051,0.051,0.0,780.0,4.1,0.0,7.3E-15,8.2E-26,0.0,2.5E7,1.0,7.2E8,
9.7E-45,0.0012,6000.0,110.0,7100.0,3899999.9999999995,3600.0,330.0,6200.0,4700.0,4000.0,0.077,3899999.9999999995,0.0,8.8E-6,0.051,0.051,0.0,780.0,4.1,0.0,7.3E-15,8.7E-26,0.0,2.5E7,1.0,7.2E8,
9.7E-45,0.0012,6000.0,110.0,7100.0,3899999.9999999995,3600.0,330.0,6200.0,4700.0,4000.0,0.077,3899999.9999999995,0.0,8.2E-6,0.051,0.051,0.0,780.0,4.1,0.0,7.3E-15,8.6E-26,0.0,2.6E7,1.0,7.2E8,
9.6E-45,0.0012,6000.0,110.0,7100.0,3799999.9999999995,3600.0,330.0,6200.0,4700.0,4000.0,0.076,3899999.9999999995,0.0,7.5E-6,0.051,0.051,0.0,780.0,4.1,0.0,7.2E-15,8.1E-26,0.0,2.6E7,1.0,7.2E8,
9.6E-45,0.0012,6000.0,110.0,7100.0,3799999.9999999995,3600.0,330.0,6200.0,4700.0,4000.0,0.076,3899999.9999999995,0.0,9.2E-6,0.051,0.051,0.0,780.0,4.1,0.0,7.2E-15,8.5E-26,0.0,2.4E7,1.0,7.2E8,
9.6E-45,0.0012,6000.0,110.0,7100.0,3799999.9999999995,3600.0,330.0,6200.0,4700.0,4000.0,0.076,3899999.9999999995,0.0,9.8E-6,0.051,0.051,0.0,770.0,4.1,0.0,7.2E-15,9.4E-26,0.0,2.4E7,1.0,7.2E8,
9.6E-45,0.0012,6000.0,110.0,7100.0,3799999.9999999995,3600.0,330.0,6200.0,4700.0,4000.0,0.075,3799999.9999999995,0.0,1.1E-5,0.051,0.051,0.0,760.0,4.1,0.0,7.2E-15,9.999999999999999E-26,0.0,2.2E7,1.0,7.0E8,
9.6E-45,0.0012,6000.0,110.0,7100.0,3799999.9999999995,3600.0,330.0,6200.0,4700.0,4000.0,0.075,3799999.9999999995,0.0,1.2E-5,0.051,0.051,0.0,740.0,4.1,0.0,7.2E-15,1.2E-25,0.0,2.2E7,1.0,7.0E8,
6.3E-45,7.0E-4,2300.0,2600.0,1100.0,4900000.0,3600.0,330.0,6200.0,4700.0,4000.0,0.076,4900000.0,0.0,6.7E-6,0.059,0.059,0.0,760.0,2.1,3.1E-10,7.3E-15,1.8999999999999999E-22,0.0,2.2E7,1.0,7.1E8,
6.1E-45,6.8E-4,2300.0,2600.0,1100.0,4700000.0,3600.0,330.0,6200.0,4700.0,4000.0,0.076,4700000.0,0.0,6.9E-6,0.057,0.057,0.0,770.0,2.0,4.3E-11,7.3E-15,1.3E-22,0.0,2.1E7,1.0,7.1E8,
5.8E-45,6.5E-4,2300.0,2600.0,1100.0,4300000.0,3500.0,320.0,6200.0,4700.0,4000.0,0.075,4300000.0,0.0,7.4E-6,0.055,0.055,0.0,770.0,1.9,7.9E-13,7.2E-15,5.5E-23,0.0,2.0E7,1.0,7.1E8,
5.5E-45,6.1E-4,2200.0,2600.0,1100.0,3899999.9999999995,3500.0,320.0,6200.0,4700.0,4000.0,0.075,3899999.9999999995,0.0,7.3E-6,0.052,0.052,0.0,760.0,1.8,2.9E-13,7.2E-15,4.2E-23,0.0,2.0E7,1.0,7.1E8,
5.4000000000000003E-45,6.0E-4,2200.0,2600.0,1100.0,3799999.9999999995,3500.0,320.0,6200.0,4600.0,4000.0,0.075,3799999.9999999995,0.0,7.7E-6,0.051,0.051,0.0,750.0,1.7,2.0E-15,7.2E-15,1.5E-23,0.0,1.9E7,1.0,7.0E8,
5.4000000000000003E-45,6.0E-4,2200.0,2600.0,1100.0,3799999.9999999995,3500.0,320.0,6200.0,4600.0,4000.0,0.074,3799999.9999999995,0.0,7.6E-6,0.051,0.051,0.0,750.0,1.7,1.4E-17,7.1E-15,5.699999999999999E-24,0.0,1.9E7,1.0,7.0E8,
5.4000000000000003E-45,6.0E-4,2200.0,2600.0,1100.0,3799999.9999999995,3500.0,320.0,6200.0,4600.0,4000.0,0.073,3799999.9999999995,0.0,8.3E-6,0.051,0.051,0.0,730.0,1.7,3.5E-20,7.0E-15,1.7999999999999997E-24,0.0,1.8E7,1.0,6.9E8,
5.4000000000000003E-45,6.0E-4,2200.0,2600.0,1100.0,3799999.9999999995,3500.0,320.0,6200.0,4600.0,4000.0,0.073,3799999.9999999995,0.0,8.9E-6,0.051,0.051,0.0,730.0,1.7,9.1E-23,7.0E-15,5.9E-25,0.0,1.7E7,1.0,6.9E8,
5.4000000000000003E-45,6.0E-4,2200.0,2600.0,1100.0,3799999.9999999995,3500.0,320.0,6200.0,4600.0,4000.0,0.073,3799999.9999999995,0.0,8.4E-6,0.051,0.051,0.0,730.0,1.7,2.3E-25,7.0E-15,2.4E-25,0.0,1.8E7,1.0,6.9E8,
5.4000000000000003E-45,6.0E-4,2200.0,2600.0,1100.0,3799999.9999999995,3500.0,320.0,6200.0,4600.0,4000.0,0.073,3799999.9999999995,0.0,7.4E-6,0.051,0.051,0.0,730.0,1.7,6.000000000000001E-28,7.0E-15,1.3E-25,0.0,1.9E7,1.0,6.9E8,
5.4000000000000003E-45,6.0E-4,2200.0,2600.0,1100.0,3799999.9999999995,3500.0,320.0,6200.0,4600.0,4000.0,0.073,3799999.9999999995,0.0,6.2E-6,0.051,0.051,0.0,720.0,1.7,1.6E-30,7.0E-15,8.6E-26,0.0,2.0E7,1.0,6.9E8,
5.4000000000000003E-45,6.0E-4,2200.0,2600.0,1100.0,3799999.9999999995,3500.0,320.0,6200.0,4600.0,4000.0,0.073,3799999.9999999995,0.0,5.2E-6,0.051,0.051,0.0,710.0,1.7,3.1E-33,7.0E-15,6.6E-26,0.0,2.1E7,1.0,6.9E8,
5.4000000000000003E-45,6.0E-4,2200.0,2600.0,1100.0,3699999.9999999995,3500.0,320.0,6200.0,4600.0,4000.0,0.073,3799999.9999999995,0.0,4.3E-6,0.051,0.051,0.0,710.0,1.7,3.6E-36,7.0E-15,5.3E-26,0.0,2.3E7,1.0,6.8E8,
5.4000000000000003E-45,6.0E-4,2200.0,2600.0,1100.0,3699999.9999999995,3500.0,320.0,6200.0,4600.0,4000.0,0.073,3799999.9999999995,0.0,4.9E-6,0.051,0.051,0.0,690.0,1.7,2.5E-38,7.0E-15,4.9E-26,0.0,2.1E7,1.0,6.8E8,
5.4000000000000003E-45,6.0E-4,2200.0,2600.0,1100.0,3699999.9999999995,3500.0,320.0,6200.0,4600.0,4000.0,0.073,3799999.9999999995,0.0,5.1E-6,0.051,0.051,0.0,690.0,1.7,6.499999999999999E-41,7.0E-15,5.1E-26,0.0,2.1E7,1.0,6.8E8,
5.4000000000000003E-45,6.0E-4,2200.0,2600.0,1100.0,3699999.9999999995,3500.0,320.0,6200.0,4600.0,4000.0,0.073,3799999.9999999995,0.0,4.8E-6,0.051,0.051,0.0,690.0,1.7,6.200000000000001E-44,7.0E-15,5.1E-26,0.0,2.1E7,1.0,6.8E8,
5.4000000000000003E-45,6.0E-4,2200.0,2600.0,1100.0,3699999.9999999995,3500.0,320.0,6200.0,4600.0,4000.0,0.073,3799999.9999999995,0.0,4.4E-6,0.051,0.051,0.0,690.0,1.7,4.2999999999999996E-46,7.0E-15,4.8E-26,0.0,2.2E7,1.0,6.8E8,
5.4000000000000003E-45,6.0E-4,2200.0,2600.0,1100.0,3699999.9999999995,3500.0,320.0,6200.0,4600.0,4000.0,0.073,3799999.9999999995,0.0,3.8E-6,0.051,0.051,0.0,690.0,1.7,2.8E-48,7.0E-15,4.3E-26,0.0,2.3E7,1.0,6.8E8,
5.4000000000000003E-45,6.0E-4,2200.0,2600.0,1100.0,3699999.9999999995,3500.0,320.0,6200.0,4600.0,4000.0,0.073,3799999.9999999995,0.0,3.2E-6,0.051,0.051,0.0,680.0,1.7,5.2999999999999995E-49,7.0E-15,3.7E-26,0.0,2.5E7,1.0,6.8E8,
5.4000000000000003E-45,6.0E-4,2200.0,2600.0,1100.0,3699999.9999999995,3500.0,320.0,6200.0,4600.0,4000.0,0.073,3799999.9999999995,0.0,2.7E-6,0.051,0.051,0.0,680.0,1.7,1.4E-49,7.0E-15,3.2E-26,0.0,2.6E7,1.0,6.8E8,
5.4000000000000003E-45,6.0E-4,2200.0,2600.0,1100.0,3699999.9999999995,3500.0,320.0,6200.0,4600.0,4000.0,0.073,3799999.9999999995,0.0,2.4E-6,0.051,0.051,0.0,670.0,1.7,0.0,7.0E-15,2.8E-26,0.0,2.8E7,1.0,6.8E8,
5.4000000000000003E-45,6.0E-4,2200.0,2600.0,1100.0,3699999.9999999995,3500.0,320.0,6200.0,4600.0,4000.0,0.073,3799999.9999999995,0.0,2.7E-6,0.051,0.051,0.0,670.0,1.7,2.6E-51,7.0E-15,2.6E-26,0.0,2.7E7,1.0,6.8E8,
5.4000000000000003E-45,6.0E-4,2200.0,2600.0,1100.0,3699999.9999999995,3500.0,320.0,6200.0,4600.0,4000.0,0.073,3799999.9999999995,0.0,3.1E-6,0.051,0.051,0.0,670.0,1.7,6.7E-54,7.0E-15,2.9E-26,0.0,2.5E7,1.0,6.8E8,
5.4000000000000003E-45,6.0E-4,2200.0,2600.0,1100.0,3699999.9999999995,3500.0,320.0,6200.0,4600.0,4000.0,0.073,3799999.9999999995,0.0,3.2E-6,0.051,0.051,0.0,670.0,1.7,1.7E-56,7.0E-15,3.1E-26,0.0,2.5E7,1.0,6.8E8,
5.4000000000000003E-45,6.0E-4,2200.0,2600.0,1100.0,3699999.9999999995,3500.0,320.0,6200.0,4600.0,4000.0,0.073,3799999.9999999995,0.0,3.0E-6,0.051,0.051,0.0,670.0,1.7,4.5E-59,7.0E-15,3.1E-26,0.0,2.5E7,1.0,6.8E8,
5.4000000000000003E-45,6.0E-4,2200.0,2600.0,1100.0,3699999.9999999995,3500.0,320.0,6200.0,4600.0,4000.0,0.073,3799999.9999999995,0.0,2.7E-6,0.051,0.051,0.0,660.0,1.7,1.4999999999999999E-61,7.0E-15,3.0E-26,0.0,2.6E7,1.0,6.8E8,
5.4000000000000003E-45,6.0E-4,2200.0,2600.0,1100.0,3699999.9999999995,3500.0,320.0,6200.0,4600.0,4000.0,0.073,3799999.9999999995,0.0,2.4E-6,0.051,0.051,0.0,660.0,1.7,3.1E-62,7.0E-15,2.7E-26,0.0,2.8E7,1.0,6.8E8,
5.4000000000000003E-45,6.0E-4,2200.0,2600.0,1100.0,3699999.9999999995,3500.0,320.0,6200.0,4600.0,4000.0,0.073,3799999.9999999995,0.0,2.1E-6,0.051,0.051,0.0,660.0,1.7,1.8E-63,7.0E-15,2.4E-26,0.0,2.9E7,1.0,6.8E8,
5.4000000000000003E-45,6.0E-4,2200.0,2600.0,1100.0,3699999.9999999995,3500.0,320.0,6200.0,4600.0,4000.0,0.073,3799999.9999999995,0.0,1.8E-6,0.051,0.051,0.0,650.0,1.7,0.0,7.0E-15,2.1E-26,0.0,3.0E7,1.0,6.8E8,
5.4000000000000003E-45,6.0E-4,2200.0,2600.0,1100.0,3699999.9999999995,3500.0,320.0,6200.0,4600.0,4000.0,0.073,3799999.9999999995,0.0,1.9E-6,0.051,0.051,0.0,640.0,1.7,0.0,7.0E-15,1.9E-26,0.0,3.0E7,1.0,6.8E8,
1.5E-44,0.0015,14000.0,4600.0,6800.0,4800000.0,3500.0,320.0,6200.0,4600.0,4000.0,0.074,4800000.0,0.0,2.3E-6,0.057,0.057,0.0,700.0,3.6,6.9E-10,7.2E-15,6.0E-22,0.0,2.9E7,1.0,7.0E8,
1.5E-44,0.0015,6700.0,4600.0,6800.0,4700000.0,3500.0,320.0,6100.0,4600.0,4000.0,0.074,4800000.0,0.0,6.1E-6,0.056,0.056,0.0,700.0,3.6,4.8E-12,7.2E-15,2.1999999999999996E-22,0.0,2.6E7,1.0,7.0E8,
1.4E-44,0.0015,6600.0,4600.0,6700.0,4300000.0,3500.0,320.0,6100.0,4600.0,4000.0,0.073,4300000.0,0.0,6.4E-6,0.053,0.053,0.0,700.0,3.4,6.6E-13,7.2E-15,1.4E-22,0.0,2.5E7,1.0,6.9E8,
1.4E-44,0.0015,6600.0,4600.0,6700.0,3899999.9999999995,3500.0,320.0,6100.0,4600.0,4000.0,0.073,3999999.9999999995,0.0,7.2E-6,0.051,0.051,0.0,700.0,3.3,3.3E-14,7.1E-15,7.6E-23,0.0,2.4E7,1.0,6.9E8,
1.4E-44,0.0014,6600.0,4600.0,6700.0,3699999.9999999995,3500.0,320.0,6100.0,4600.0,3900.0,0.072,3799999.9999999995,0.0,8.3E-6,0.05,0.05,0.0,700.0,3.3,6.3E-16,7.1E-15,3.4E-23,0.0,2.2E7,1.0,6.9E8,
1.4E-44,0.0014,6600.0,4600.0,6700.0,3699999.9999999995,3500.0,320.0,6100.0,4600.0,3900.0,0.073,3799999.9999999995,0.0,9.7E-6,0.05,0.05,0.0,700.0,3.3,6.2E-19,7.1E-15,8.4E-24,0.0,2.1E7,1.0,6.9E8,
1.4E-44,0.0014,6600.0,4600.0,6700.0,3699999.9999999995,3500.0,320.0,6100.0,4600.0,3900.0,0.072,3799999.9999999995,0.0,9.8E-6,0.05,0.05,0.0,700.0,3.3,4.4E-21,7.1E-15,3.1999999999999998E-24,0.0,2.1E7,1.0,6.9E8,
1.4E-44,0.0014,6600.0,4600.0,6700.0,3699999.9999999995,3500.0,320.0,6100.0,4600.0,3900.0,0.073,3799999.9999999995,0.0,8.9E-6,0.05,0.05,0.0,700.0,3.3,4.2999999999999996E-24,7.1E-15,8.5E-25,0.0,2.2E7,1.0,6.9E8,
1.4E-44,0.0014,6600.0,4600.0,6700.0,3699999.9999999995,3500.0,320.0,6100.0,4600.0,3900.0,0.073,3799999.9999999995,0.0,7.8E-6,0.05,0.05,0.0,700.0,3.3,1.2E-26,7.1E-15,3.1999999999999997E-25,0.0,2.3E7,1.0,6.9E8,
1.4E-44,0.0014,6600.0,4600.0,6700.0,3699999.9999999995,3500.0,320.0,6100.0,4600.0,3900.0,0.073,3799999.9999999995,0.0,6.7E-6,0.05,0.05,0.0,690.0,3.3,3.1999999999999997E-29,7.1E-15,1.5E-25,0.0,2.4E7,1.0,6.9E8,
1.4E-44,0.0014,6600.0,4600.0,6700.0,3699999.9999999995,3500.0,320.0,6100.0,4600.0,3900.0,0.072,3799999.9999999995,0.0,5.9E-6,0.05,0.05,0.0,680.0,3.3,2.3E-31,7.1E-15,9.5E-26,0.0,2.5E7,1.0,6.9E8,
1.4E-44,0.0014,6600.0,4600.0,6700.0,3699999.9999999995,3500.0,320.0,6100.0,4600.0,3900.0,0.073,3799999.9999999995,0.0,4.9E-6,0.05,0.05,0.0,680.0,3.3,2.8000000000000002E-33,7.1E-15,6.5E-26,0.0,2.7E7,1.0,6.9E8,
1.4E-44,0.0014,6600.0,4600.0,6700.0,3699999.9999999995,3500.0,320.0,6100.0,4600.0,3900.0,0.072,3799999.9999999995,0.0,4.3E-6,0.05,0.05,0.0,680.0,3.3,0.0,7.1E-15,5.4E-26,0.0,2.8E7,1.0,6.9E8,
1.4E-44,0.0014,6600.0,4600.0,6700.0,3699999.9999999995,3500.0,320.0,6100.0,4600.0,3900.0,0.073,3799999.9999999995,0.0,5.4E-6,0.05,0.05,0.0,680.0,3.3,0.0,7.1E-15,5.2E-26,0.0,2.6E7,1.0,6.9E8,
1.4E-44,0.0014,6600.0,4600.0,6700.0,3699999.9999999995,3500.0,320.0,6100.0,4600.0,3900.0,0.072,3799999.9999999995,0.0,6.0E-6,0.05,0.05,0.0,680.0,3.3,0.0,7.1E-15,5.7E-26,0.0,2.5E7,1.0,6.8E8,
1.4E-44,0.0014,6600.0,4600.0,6700.0,3699999.9999999995,3500.0,320.0,6100.0,4600.0,3900.0,0.072,3699999.9999999995,0.0,7.2E-6,0.05,0.05,0.0,670.0,3.2,0.0,7.0E-15,6.5E-26,0.0,2.3E7,1.0,6.8E8,
4.1000000000000004E-44,0.0054,1700.0,50000.0,25000.0,4700000.0,3500.0,320.0,6100.0,4600.0,3900.0,0.073,4800000.0,0.0,1.2,0.079,0.079,0.0,710.0,3.9,1.2E-9,7.2E-15,4.0E-21,0.0,2.3E7,1.0,6.9E8,
5.8E-45,7.6E-4,1700.0,4700.0,1900.0,4600000.0,3500.0,320.0,6100.0,4600.0,3900.0,0.073,4600000.0,0.0,3.1E-6,0.052,0.052,0.0,710.0,1.1,6.2E-11,7.2E-15,3.0999999999999997E-22,0.0,2.2E7,1.0,6.9E8,
5.6E-45,7.3E-4,1700.0,4700.0,1900.0,4099999.9999999995,3500.0,320.0,6000.0,4600.0,3900.0,0.072,4099999.9999999995,0.0,3.3E-6,0.049,0.049,0.0,710.0,1.0,1.2E-12,7.1E-15,1.3E-22,0.0,2.1E7,1.0,6.9E8,
5.5E-45,7.2E-4,1700.0,4700.0,1900.0,3999999.9999999995,3500.0,320.0,6000.0,4600.0,3900.0,0.072,3999999.9999999995,0.0,3.7E-6,0.049,0.049,0.0,710.0,1.0,2.2E-14,7.1E-15,5.9E-23,0.0,2.0E7,1.0,6.9E8,
5.4000000000000003E-45,7.0E-4,1700.0,4700.0,1900.0,3699999.9999999995,3500.0,320.0,6000.0,4600.0,3900.0,0.072,3799999.9999999995,0.0,4.0E-6,0.047,0.047,0.0,700.0,0.96,1.5E-16,7.1E-15,2.1E-23,0.0,1.9E7,1.0,6.8E8,
5.4000000000000003E-45,7.0E-4,1700.0,4700.0,1900.0,3699999.9999999995,3500.0,320.0,6000.0,4600.0,3900.0,0.072,3799999.9999999995,0.0,4.1E-6,0.047,0.047,0.0,700.0,0.96,3.9E-19,7.1E-15,6.3999999999999995E-24,0.0,1.8E7,1.0,6.8E8,
5.4000000000000003E-45,7.0E-4,1700.0,4700.0,1900.0,3699999.9999999995,3500.0,320.0,6000.0,4600.0,3900.0,0.072,3799999.9999999995,0.0,3.8E-6,0.047,0.047,0.0,700.0,0.96,1.0E-21,7.1E-15,2.0E-24,0.0,1.9E7,1.0,6.8E8,
5.4000000000000003E-45,7.0E-4,1700.0,4700.0,1900.0,3699999.9999999995,3500.0,320.0,6000.0,4600.0,3900.0,0.072,3799999.9999999995,0.0,3.4E-6,0.047,0.047,0.0,700.0,0.96,2.5999999999999996E-24,7.1E-15,6.099999999999999E-25,0.0,2.0E7,1.0,6.8E8,
5.4000000000000003E-45,7.0E-4,1700.0,4700.0,1900.0,3699999.9999999995,3500.0,320.0,6000.0,4600.0,3900.0,0.072,3799999.9999999995,0.0,2.9E-6,0.047,0.047,0.0,690.0,0.96,7.2E-27,7.1E-15,2.1E-25,0.0,2.1E7,1.0,6.8E8,
5.4000000000000003E-45,7.0E-4,1700.0,4700.0,1900.0,3699999.9999999995,3500.0,320.0,6000.0,4600.0,3900.0,0.072,3799999.9999999995,0.0,2.4E-6,0.047,0.047,0.0,680.0,0.96,2.3E-29,7.1E-15,8.1E-26,0.0,2.2E7,1.0,6.8E8,
5.4000000000000003E-45,7.0E-4,1700.0,4700.0,1900.0,3699999.9999999995,3500.0,320.0,6000.0,4600.0,3900.0,0.072,3799999.9999999995,0.0,2.0E-6,0.047,0.047,0.0,680.0,0.96,0.0,7.1E-15,4.0E-26,0.0,2.4E7,1.0,6.8E8,
5.4000000000000003E-45,7.0E-4,1700.0,4700.0,1900.0,3699999.9999999995,3500.0,320.0,6000.0,4600.0,3900.0,0.072,3799999.9999999995,0.0,1.7E-6,0.047,0.047,0.0,680.0,0.96,2.0E-33,7.1E-15,2.5E-26,0.0,2.5E7,1.0,6.8E8,
5.4000000000000003E-45,7.0E-4,1700.0,4700.0,1900.0,3699999.9999999995,3500.0,320.0,6000.0,4600.0,3900.0,0.072,3799999.9999999995,0.0,1.6E-6,0.047,0.047,0.0,680.0,0.96,0.0,7.1E-15,1.9E-26,0.0,2.6E7,1.0,6.8E8,
5.4000000000000003E-45,7.0E-4,1700.0,4700.0,1900.0,3699999.9999999995,3500.0,320.0,6000.0,4600.0,3900.0,0.072,3799999.9999999995,0.0,1.9E-6,0.047,0.047,0.0,680.0,0.96,0.0,7.1E-15,1.9E-26,0.0,2.4E7,1.0,6.8E8,
5.4000000000000003E-45,7.0E-4,1700.0,4700.0,1900.0,3699999.9999999995,3500.0,320.0,6000.0,4600.0,3900.0,0.072,3799999.9999999995,0.0,2.0E-6,0.047,0.047,0.0,670.0,0.96,0.0,7.1E-15,2.0E-26,0.0,2.4E7,1.0,6.8E8,
5.4000000000000003E-45,7.0E-4,1700.0,4700.0,1900.0,3699999.9999999995,3500.0,320.0,6000.0,4600.0,3900.0,0.072,3799999.9999999995,0.0,2.0E-6,0.047,0.047,0.0,670.0,0.96,0.0,7.1E-15,2.0E-26,0.0,2.4E7,1.0,6.8E8,
5.4000000000000003E-45,7.0E-4,1700.0,4700.0,1900.0,3699999.9999999995,3500.0,320.0,6000.0,4600.0,3900.0,0.072,3799999.9999999995,0.0,1.8E-6,0.047,0.047,0.0,660.0,0.96,0.0,7.1E-15,2.0E-26,0.0,2.5E7,1.0,6.8E8,
5.4000000000000003E-45,7.0E-4,1700.0,4700.0,1900.0,3699999.9999999995,3500.0,320.0,6000.0,4600.0,3900.0,0.072,3799999.9999999995,0.0,1.6E-6,0.047,0.047,0.0,650.0,0.96,0.0,7.1E-15,1.8E-26,0.0,2.6E7,1.0,6.8E8,
5.4000000000000003E-45,7.0E-4,1700.0,4700.0,1900.0,3699999.9999999995,3500.0,320.0,6000.0,4600.0,3900.0,0.072,3799999.9999999995,0.0,1.4E-6,0.047,0.047,0.0,650.0,0.96,0.0,7.1E-15,1.6E-26,0.0,2.7E7,1.0,6.8E8,
5.4000000000000003E-45,7.0E-4,1700.0,4700.0,1900.0,3699999.9999999995,3500.0,320.0,6000.0,4600.0,3900.0,0.072,3799999.9999999995,0.0,1.2E-6,0.047,0.047,0.0,650.0,0.96,0.0,7.1E-15,1.4E-26,0.0,2.9E7,1.0,6.8E8,
5.4000000000000003E-45,7.0E-4,1700.0,4700.0,1900.0,3699999.9999999995,3500.0,320.0,6000.0,4600.0,3900.0,0.072,3799999.9999999995,0.0,1.0E-6,0.047,0.047,0.0,650.0,0.96,0.0,7.1E-15,1.2E-26,0.0,3.0E7,1.0,6.8E8,
5.4000000000000003E-45,7.0E-4,1700.0,4700.0,1900.0,3699999.9999999995,3500.0,320.0,6000.0,4600.0,3900.0,0.072,3799999.9999999995,0.0,1.3E-6,0.047,0.047,0.0,640.0,0.96,0.0,7.1E-15,1.2E-26,0.0,2.8E7,1.0,6.8E8,
5.4000000000000003E-45,7.0E-4,1700.0,4700.0,1900.0,3699999.9999999995,3500.0,320.0,6000.0,4600.0,3900.0,0.072,3799999.9999999995,0.0,1.5E-6,0.047,0.047,0.0,640.0,0.96,0.0,7.1E-15,1.4E-26,0.0,2.7E7,1.0,6.8E8,
5.4000000000000003E-45,7.0E-4,1700.0,4700.0,1900.0,3699999.9999999995,3500.0,320.0,6000.0,4600.0,3900.0,0.072,3799999.9999999995,0.0,1.5E-6,0.047,0.047,0.0,630.0,0.96,0.0,7.1E-15,1.5E-26,0.0,2.6E7,1.0,6.8E8,
5.4000000000000003E-45,7.0E-4,1700.0,4700.0,1900.0,3699999.9999999995,3500.0,320.0,6000.0,4600.0,3900.0,0.072,3799999.9999999995,0.0,1.5E-6,0.047,0.047,0.0,620.0,0.96,0.0,7.1E-15,1.5E-26,0.0,2.7E7,1.0,6.8E8,
5.4000000000000003E-45,7.0E-4,1700.0,4700.0,1900.0,3699999.9999999995,3500.0,320.0,6000.0,4600.0,3900.0,0.072,3799999.9999999995,0.0,1.3E-6,0.047,0.047,0.0,620.0,0.96,0.0,7.1E-15,1.5E-26,0.0,2.8E7,1.0,6.8E8,
5.4000000000000003E-45,7.0E-4,1700.0,4700.0,1900.0,3699999.9999999995,3500.0,320.0,6000.0,4600.0,3900.0,0.072,3799999.9999999995,0.0,1.2E-6,0.047,0.047,0.0,620.0,0.96,0.0,7.1E-15,1.3E-26,0.0,2.9E7,1.0,6.8E8,
5.4000000000000003E-45,7.0E-4,1700.0,4700.0,1900.0,3699999.9999999995,3500.0,320.0,6000.0,4600.0,3900.0,0.072,3799999.9999999995,0.0,1.0E-6,0.047,0.047,0.0,620.0,0.96,0.0,7.1E-15,1.2E-26,0.0,3.0E7,1.0,6.8E8,
5.4000000000000003E-45,7.0E-4,1700.0,4700.0,1900.0,3699999.9999999995,3500.0,320.0,6000.0,4600.0,3900.0,0.072,3799999.9999999995,0.0,9.1E-7,0.047,0.047,0.0,620.0,0.96,0.0,7.1E-15,1.1E-26,0.0,3.2E7,1.0,6.8E8,
5.4000000000000003E-45,7.0E-4,1700.0,4700.0,1900.0,3699999.9999999995,3500.0,320.0,6000.0,4600.0,3900.0,0.072,3799999.9999999995,0.0,1.0E-6,0.047,0.047,0.0,610.0,0.96,0.0,7.1E-15,9.9E-27,0.0,3.1E7,1.0,6.8E8,
5.4000000000000003E-45,7.0E-4,1700.0,4700.0,1900.0,3699999.9999999995,3500.0,320.0,6000.0,4600.0,3900.0,0.072,3799999.9999999995,0.0,1.2E-6,0.047,0.047,0.0,610.0,0.96,0.0,7.1E-15,1.1E-26,0.0,2.8E7,1.0,6.8E8,
5.4000000000000003E-45,7.0E-4,1700.0,4700.0,1900.0,3699999.9999999995,3500.0,320.0,6000.0,4600.0,3900.0,0.072,3799999.9999999995,0.0,1.3E-6,0.047,0.047,0.0,610.0,0.96,0.0,7.1E-15,1.3E-26,0.0,2.8E7,1.0,6.8E8,
5.4000000000000003E-45,7.0E-4,1700.0,4700.0,1900.0,3699999.9999999995,3500.0,320.0,6000.0,4600.0,3900.0,0.072,3799999.9999999995,0.0,1.3E-6,0.047,0.047,0.0,600.0,0.96,0.0,7.1E-15,1.4E-26,0.0,2.8E7,1.0,6.8E8,
5.4000000000000003E-45,7.0E-4,1700.0,4700.0,1900.0,3699999.9999999995,3500.0,320.0,6000.0,4600.0,3900.0,0.072,3799999.9999999995,0.0,1.2E-6,0.047,0.047,0.0,600.0,0.96,0.0,7.1E-15,1.3E-26,0.0,2.9E7,1.0,6.8E8,
5.4000000000000003E-45,7.0E-4,1700.0,4700.0,1900.0,3699999.9999999995,3500.0,320.0,6000.0,4600.0,3900.0,0.072,3799999.9999999995,0.0,1.1E-6,0.047,0.047,0.0,590.0,0.96,0.0,7.1E-15,1.2E-26,0.0,3.0E7,1.0,6.8E8,
5.4000000000000003E-45,7.0E-4,1700.0,4700.0,1900.0,3699999.9999999995,3500.0,320.0,6000.0,4600.0,3900.0,0.072,3799999.9999999995,0.0,9.9E-7,0.047,0.047,0.0,590.0,0.96,0.0,7.1E-15,1.1E-26,0.0,3.1E7,1.0,6.8E8,
5.3000000000000003E-45,7.0E-4,1700.0,4700.0,1900.0,3699999.9999999995,3500.0,320.0,6000.0,4600.0,3900.0,0.071,3699999.9999999995,0.0,1.0E-6,0.047,0.047,0.0,570.0,0.96,0.0,7.0E-15,1.0E-26,0.0,3.0E7,1.0,6.8E8,
5.3000000000000003E-45,7.0E-4,1700.0,4700.0,1900.0,3699999.9999999995,3500.0,320.0,6000.0,4600.0,3900.0,0.071,3699999.9999999995,0.0,1.3E-6,0.047,0.047,0.0,570.0,0.96,0.0,7.0E-15,1.2E-26,0.0,2.8E7,1.0,6.8E8,
5.3000000000000003E-45,7.0E-4,1700.0,4700.0,1900.0,3699999.9999999995,3500.0,320.0,6000.0,4600.0,3900.0,0.071,3699999.9999999995,0.0,1.4E-6,0.047,0.047,0.0,570.0,0.96,0.0,7.0E-15,1.3E-26,0.0,2.7E7,1.0,6.8E8,
5.3000000000000003E-45,7.0E-4,1700.0,4700.0,1900.0,3699999.9999999995,3500.0,320.0,6000.0,4600.0,3900.0,0.071,3699999.9999999995,0.0,1.4E-6,0.047,0.047,0.0,570.0,0.96,0.0,7.0E-15,1.4E-26,0.0,2.7E7,1.0,6.8E8,
5.3000000000000003E-45,7.0E-4,1700.0,4700.0,1900.0,3699999.9999999995,3500.0,320.0,6000.0,4600.0,3900.0,0.071,3699999.9999999995,0.0,1.3E-6,0.047,0.047,0.0,570.0,0.96,0.0,7.0E-15,1.4E-26,0.0,2.8E7,1.0,6.8E8,
5.3000000000000003E-45,7.0E-4,1700.0,4700.0,1900.0,3699999.9999999995,3500.0,320.0,6000.0,4600.0,3900.0,0.071,3699999.9999999995,0.0,1.2E-6,0.047,0.047,0.0,560.0,0.96,0.0,7.0E-15,1.3E-26,0.0,2.9E7,1.0,6.8E8,
5.3000000000000003E-45,7.0E-4,1700.0,4700.0,1900.0,3699999.9999999995,3500.0,320.0,6000.0,4600.0,3900.0,0.071,3699999.9999999995,0.0,1.1E-6,0.047,0.047,0.0,560.0,0.96,0.0,7.0E-15,1.2E-26,0.0,3.0E7,1.0,6.8E8,
6.6E-45,0.0012,81.0,6000.0,4800.0,4800000.0,3500.0,320.0,6000.0,3000.0,4200.0,0.072,4800000.0,0.0,4.6E-6,0.029,0.029,0.0,580.0,3.5,7.0E-11,7.2E-15,2.8999999999999997E-22,0.0,2.8E7,1.0,6.9E8,
6.5E-45,0.0012,81.0,6000.0,4700.0,4600000.0,3400.0,320.0,6000.0,3000.0,4100.0,0.072,4600000.0,0.0,5.3E-6,0.028,0.028,0.0,580.0,3.4,3.5E-12,7.2E-15,1.6E-22,0.0,2.7E7,1.0,6.9E8,
6.3E-45,0.0011,80.0,6000.0,4700.0,4200000.0,3400.0,310.0,6000.0,3000.0,4100.0,0.071,4200000.0,0.0,5.6E-6,0.027,0.027,0.0,590.0,3.3,4.8E-13,7.1E-15,9.999999999999999E-23,0.0,2.6E7,1.0,6.8E8,
6.1E-45,0.0011,80.0,6000.0,4700.0,3699999.9999999995,3400.0,310.0,6000.0,3000.0,4100.0,0.07,3699999.9999999995,0.0,6.4E-6,0.025,0.025,0.0,580.0,3.1,8.9E-15,7.1E-15,4.5000000000000003E-23,0.0,2.4E7,1.0,6.8E8,
6.1E-45,0.0011,80.0,6000.0,4700.0,3699999.9999999995,3400.0,310.0,6000.0,3000.0,4100.0,0.07,3699999.9999999995,0.0,7.4E-6,0.025,0.025,0.0,580.0,3.1,2.3E-17,7.1E-15,1.4000000000000002E-23,0.0,2.3E7,1.0,6.8E8,
6.1E-45,0.0011,80.0,6000.0,4700.0,3699999.9999999995,3400.0,310.0,6000.0,3000.0,4100.0,0.07,3699999.9999999995,0.0,7.6E-6,0.025,0.025,0.0,580.0,3.1,6.0E-20,7.1E-15,4.2E-24,0.0,2.2E7,1.0,6.8E8,
6.1E-45,0.0011,80.0,6000.0,4700.0,3699999.9999999995,3400.0,310.0,6000.0,3000.0,4100.0,0.07,3699999.9999999995,0.0,7.1E-6,0.025,0.025,0.0,580.0,3.1,1.6E-22,7.0E-15,1.2999999999999998E-24,0.0,2.3E7,1.0,6.8E8,
6.1E-45,0.0011,80.0,6000.0,4700.0,3699999.9999999995,3400.0,310.0,6000.0,3000.0,4100.0,0.07,3699999.9999999995,0.0,6.4E-6,0.025,0.025,0.0,580.0,3.1,4.2E-25,7.0E-15,4.3999999999999995E-25,0.0,2.4E7,1.0,6.8E8,
4.9E-44,0.03,32000.0,90000.0,6800.0,4900000.0,3400.0,310.0,6000.0,3000.0,4100.0,0.072,5100000.0,0.0,3.3E-5,0.067,0.067,0.0,620.0,17.0,1.0E-9,7.3E-15,1.1E-21,0.0,2.5E7,1.0,7.0E8,
6.6E-45,0.004,4600.0,2400.0,6800.0,4600000.0,3400.0,310.0,6000.0,3000.0,4100.0,0.071,4600000.0,0.0,3.3E-5,0.033,0.033,0.0,620.0,16.0,3.7E-10,7.2E-15,1.2E-22,0.0,2.4E7,1.0,6.9E8,
6.5E-45,0.004,4600.0,2400.0,6800.0,4500000.0,3400.0,310.0,6000.0,3000.0,4100.0,0.071,4500000.0,0.0,4.1E-5,0.032,0.032,0.0,620.0,16.0,2.5E-12,7.2E-15,4.4E-23,0.0,2.2E7,1.0,6.9E8,
6.0E-45,0.0014,3100.0,3100.0,1800.0,4900000.0,3400.0,310.0,5900.0,3000.0,4100.0,0.071,4900000.0,0.0,1.6E-5,0.043,0.043,0.0,630.0,5.4,4.0E-10,7.2E-15,8.199999999999999E-22,0.0,2.1E7,1.0,7.0E8,
5.7E-45,0.0013,3100.0,3100.0,1800.0,4400000.0,3400.0,310.0,5900.0,3000.0,4100.0,0.07,4400000.0,0.0,1.7E-5,0.041,0.041,0.0,620.0,5.0,2.0E-11,7.2E-15,4.299999999999999E-22,0.0,2.1E7,1.0,6.9E8,
3.8E-45,0.0017,15000.0,3800.0,3100.0,5000000.0,3400.0,310.0,5900.0,3000.0,4100.0,0.071,5000000.0,0.0,0.08,0.036,0.036,0.0,640.0,14.0,7.2E-10,7.2E-15,3.0999999999999997E-22,0.0,2.0E7,1.0,7.0E8,
3.8E-45,0.0017,2700.0,3700.0,3100.0,4800000.0,3400.0,310.0,5900.0,3000.0,4100.0,0.07,4800000.0,0.0,5.5E-5,0.035,0.035,0.0,640.0,14.0,1.4E-11,7.2E-15,1.4E-22,0.0,1.9E7,1.0,7.0E8,
3.7E-45,0.0017,2700.0,3700.0,3100.0,4600000.0,3400.0,310.0,5900.0,3000.0,4100.0,0.07,4600000.0,0.0,5.9E-5,0.034,0.034,0.0,640.0,13.0,2.5E-13,7.2E-15,6.2E-23,0.0,1.9E7,1.0,7.0E8,
3.6E-45,0.0016,2700.0,3700.0,3100.0,4200000.0,3400.0,310.0,5900.0,3000.0,4100.0,0.07,4200000.0,0.0,6.1E-5,0.033,0.033,0.0,640.0,13.0,4.7E-15,7.1E-15,2.7E-23,0.0,1.8E7,1.0,6.9E8,
3.5E-45,0.0016,2700.0,3700.0,3100.0,3799999.9999999995,3400.0,310.0,5900.0,3000.0,4100.0,0.069,3799999.9999999995,0.0,6.0E-5,0.031,0.031,0.0,630.0,12.0,1.7E-15,7.1E-15,2.1E-23,0.0,1.8E7,1.0,6.9E8,
3.4E-45,0.0016,2700.0,3700.0,3100.0,3799999.9999999995,3400.0,310.0,5900.0,3000.0,4100.0,0.069,3799999.9999999995,0.0,6.3E-5,0.031,0.031,0.0,630.0,12.0,1.2E-17,7.1E-15,8.3E-24,0.0,1.7E7,1.0,6.9E8,
3.4E-45,0.0016,2700.0,3700.0,3100.0,3799999.9999999995,3400.0,310.0,5900.0,3000.0,4100.0,0.069,3799999.9999999995,0.0,6.0E-5,0.031,0.031,0.0,620.0,12.0,3.1E-20,7.1E-15,2.9E-24,0.0,1.8E7,1.0,6.9E8,
3.7000000000000005E-44,0.015,4300.0,100000.0,22000.0,4900000.0,3400.0,310.0,5900.0,3000.0,4100.0,0.07,5000000.0,0.0,2.5,0.087,0.087,0.0,640.0,16.0,2.7E-9,7.2E-15,7.7E-21,0.0,1.9E7,1.0,7.0E8,
2.8E-45,0.0011,4300.0,3300.0,1700.0,4800000.0,3400.0,310.0,5900.0,3000.0,4100.0,0.07,4800000.0,0.0,2.2E-5,0.042,0.042,0.0,630.0,4.6,1.4E-10,7.2E-15,3.2E-22,0.0,1.8E7,1.0,7.0E8,
3.1000000000000003E-44,0.012,17000.0,72000.0,2900.0,4900000.0,3400.0,310.0,5900.0,3000.0,4100.0,0.07,5000000.0,0.0,0.14,0.069,0.069,0.0,620.0,4.7,3.5E-10,7.2E-15,6.599999999999999E-22,0.0,1.8E7,1.0,7.0E8,
3.6E-45,0.0014,4100.0,1500.0,2900.0,4800000.0,3400.0,310.0,5900.0,3000.0,4100.0,0.07,4800000.0,0.0,2.6E-5,0.038,0.038,0.0,620.0,4.7,1.8E-11,7.2E-15,4.2E-23,0.0,1.7E7,1.0,7.0E8,
3.5E-45,0.0014,4100.0,1500.0,2900.0,4400000.0,3400.0,310.0,5900.0,3000.0,4000.0,0.069,4400000.0,0.0,2.6E-5,0.037,0.037,0.0,620.0,4.5,9.0E-13,7.1E-15,2.2E-23,0.0,1.7E7,1.0,7.0E8,
3.3E-45,0.0013,4100.0,1500.0,2900.0,3999999.9999999995,3400.0,310.0,5800.0,3000.0,4000.0,0.069,4099999.9999999995,0.0,2.6E-5,0.035,0.035,0.0,610.0,4.3,4.5E-14,7.1E-15,1.2E-23,0.0,1.7E7,1.0,6.9E8,
3.2E-45,0.0013,4100.0,1500.0,2900.0,3799999.9999999995,3300.0,310.0,5800.0,2900.0,4000.0,0.069,3799999.9999999995,0.0,2.7E-5,0.034,0.034,0.0,610.0,4.1,8.5E-16,7.1E-15,5.3E-24,0.0,1.6E7,1.0,6.9E8,
3.2E-45,0.0013,4100.0,1500.0,2900.0,3699999.9999999995,3300.0,310.0,5800.0,2900.0,4000.0,0.068,3799999.9999999995,0.0,2.8E-5,0.034,0.034,0.0,610.0,4.1,1.6E-17,7.0E-15,2.5E-24,0.0,1.6E7,1.0,6.9E8,
3.2E-45,0.0013,4100.0,1500.0,2900.0,3699999.9999999995,3300.0,310.0,5800.0,2900.0,4000.0,0.068,3799999.9999999995,0.0,2.7E-5,0.034,0.034,0.0,600.0,4.1,4.1E-20,7.0E-15,9.499999999999999E-25,0.0,1.6E7,1.0,6.9E8,
3.9E-44,0.012,4100.0,95000.0,3900.0,4800000.0,3300.0,310.0,5800.0,2900.0,4000.0,0.069,4900000.0,0.0,0.5,0.083,0.083,0.0,610.0,5.8,6.6E-10,7.1E-15,2.2E-21,0.0,1.7E7,1.0,7.0E8,
4.7E-45,0.0014,4100.0,4500.0,3900.0,3999999.9999999995,3300.0,310.0,5800.0,2900.0,4000.0,0.068,3999999.9999999995,0.0,3.3E-5,0.038,0.038,0.0,600.0,5.3,2.4E-10,7.0E-15,2.1999999999999996E-22,0.0,1.6E7,1.0,6.9E8,
4.6E-45,0.0014,4100.0,4500.0,3900.0,3699999.9999999995,3300.0,310.0,5800.0,2900.0,4000.0,0.067,3799999.9999999995,0.0,3.3E-5,0.037,0.037,0.0,600.0,5.1,3.3E-11,7.0E-15,1.4E-22,0.0,1.6E7,1.0,6.9E8,
4.6E-45,0.0014,4100.0,4500.0,3900.0,3699999.9999999995,3300.0,310.0,5800.0,2900.0,4000.0,0.068,3799999.9999999995,0.0,3.4E-5,0.037,0.037,0.0,600.0,5.1,8.6E-14,7.0E-15,4.3E-23,0.0,1.6E7,1.0,6.9E8,
4.6E-45,0.0014,4100.0,4500.0,3900.0,3699999.9999999995,3300.0,310.0,5800.0,2900.0,4000.0,0.068,3799999.9999999995,0.0,3.0E-5,0.037,0.037,0.0,600.0,5.1,2.2E-16,7.0E-15,1.3E-23,0.0,1.6E7,1.0,6.9E8,
4.6E-45,0.0014,4100.0,4500.0,3900.0,3699999.9999999995,3300.0,310.0,5800.0,2900.0,4000.0,0.068,3799999.9999999995,0.0,2.6E-5,0.037,0.037,0.0,590.0,5.1,5.8E-19,7.0E-15,4.2E-24,0.0,1.7E7,1.0,6.9E8,
4.6E-45,0.0014,4100.0,4500.0,3900.0,3699999.9999999995,3300.0,310.0,5800.0,2900.0,4000.0,0.068,3799999.9999999995,0.0,2.2E-5,0.037,0.037,0.0,590.0,5.1,1.5E-21,7.0E-15,1.3999999999999999E-24,0.0,1.9E7,1.0,6.9E8,
4.6E-45,0.0014,4100.0,4500.0,3900.0,3699999.9999999995,3300.0,310.0,5800.0,2900.0,4000.0,0.068,3799999.9999999995,0.0,1.8E-5,0.037,0.037,0.0,590.0,5.1,4.0E-24,7.0E-15,5.6999999999999995E-25,0.0,2.0E7,1.0,6.9E8,
4.6E-45,0.0014,4100.0,4500.0,3900.0,3699999.9999999995,3300.0,310.0,5800.0,2900.0,4000.0,0.067,3799999.9999999995,0.0,1.4E-5,0.037,0.037,0.0,580.0,5.1,1.3E-26,7.0E-15,2.8E-25,0.0,2.1E7,1.0,6.9E8,
4.6E-45,0.0014,4100.0,4500.0,3900.0,3699999.9999999995,3300.0,310.0,5800.0,2900.0,4000.0,0.068,3799999.9999999995,0.0,1.2E-5,0.037,0.037,0.0,570.0,5.1,0.0,7.0E-15,1.8E-25,0.0,2.3E7,1.0,6.9E8,
4.6E-45,0.0014,4100.0,4500.0,3900.0,3699999.9999999995,3300.0,310.0,5800.0,2900.0,4000.0,0.068,3799999.9999999995,0.0,9.9E-6,0.037,0.037,0.0,570.0,5.1,0.0,7.0E-15,1.3E-25,0.0,2.5E7,1.0,6.9E8,
4.6E-45,0.0014,4100.0,4500.0,3900.0,3699999.9999999995,3300.0,310.0,5800.0,2900.0,4000.0,0.067,3799999.9999999995,0.0,1.1E-5,0.037,0.037,0.0,560.0,5.1,5.2E-31,7.0E-15,1.0999999999999999E-25,0.0,2.4E7,1.0,6.9E8,
4.6E-45,0.0014,4100.0,4500.0,3900.0,3699999.9999999995,3300.0,310.0,5800.0,2900.0,4000.0,0.068,3799999.9999999995,0.0,1.2E-5,0.037,0.037,0.0,560.0,5.1,1.4000000000000001E-33,7.0E-15,1.2E-25,0.0,2.3E7,1.0,6.9E8,
4.6E-45,0.0014,4100.0,4500.0,3900.0,3699999.9999999995,3300.0,310.0,5800.0,2900.0,4000.0,0.067,3799999.9999999995,0.0,1.2E-5,0.037,0.037,0.0,550.0,5.1,3.5E-36,7.0E-15,1.2E-25,0.0,2.3E7,1.0,6.9E8,
4.6E-45,0.0014,4100.0,4500.0,3900.0,3699999.9999999995,3300.0,310.0,5800.0,2900.0,4000.0,0.067,3799999.9999999995,0.0,1.1E-5,0.037,0.037,0.0,550.0,5.1,9.1E-39,7.0E-15,1.2E-25,0.0,2.4E7,1.0,6.9E8,
4.6E-45,0.0014,4100.0,4500.0,3900.0,3699999.9999999995,3300.0,310.0,5800.0,2900.0,4000.0,0.068,3799999.9999999995,0.0,9.9E-6,0.037,0.037,0.0,550.0,5.1,3.1E-41,7.0E-15,1.0999999999999999E-25,0.0,2.5E7,1.0,6.9E8,
4.6E-45,0.0014,4100.0,4500.0,3900.0,3699999.9999999995,3300.0,310.0,5800.0,2900.0,4000.0,0.067,3799999.9999999995,0.0,8.6E-6,0.037,0.037,0.0,550.0,5.1,6.2E-42,7.0E-15,9.8E-26,0.0,2.6E7,1.0,6.9E8,
4.6E-45,0.0014,4100.0,4500.0,3900.0,3699999.9999999995,3300.0,310.0,5800.0,2900.0,4000.0,0.068,3799999.9999999995,0.0,7.5E-6,0.037,0.037,0.0,550.0,5.1,3.2E-43,7.0E-15,8.6E-26,0.0,2.7E7,1.0,6.9E8,
4.6E-45,0.0014,4100.0,4500.0,3900.0,3699999.9999999995,3300.0,310.0,5800.0,2900.0,4000.0,0.068,3799999.9999999995,0.0,6.4E-6,0.037,0.037,0.0,540.0,5.1,0.0,7.0E-15,7.4E-26,0.0,2.9E7,1.0,6.9E8,
4.6E-45,0.0014,4100.0,4500.0,3900.0,3699999.9999999995,3300.0,310.0,5800.0,2900.0,4000.0,0.067,3799999.9999999995,0.0,6.5E-6,0.037,0.037,0.0,540.0,5.1,1.1999999999999999E-43,7.0E-15,6.6E-26,0.0,2.9E7,1.0,6.9E8,
4.6E-45,0.0014,4100.0,4500.0,3900.0,3699999.9999999995,3300.0,310.0,5800.0,2900.0,4000.0,0.068,3799999.9999999995,0.0,8.0E-6,0.037,0.037,0.0,540.0,5.1,3.2E-46,7.0E-15,7.3E-26,0.0,2.7E7,1.0,6.9E8,
4.6E-45,0.0014,4100.0,4500.0,3900.0,3699999.9999999995,3300.0,310.0,5800.0,2900.0,4000.0,0.067,3799999.9999999995,0.0,8.6E-6,0.037,0.037,0.0,540.0,5.1,8.3E-49,7.0E-15,8.2E-26,0.0,2.6E7,1.0,6.9E8,
4.6E-45,0.0014,4100.0,4500.0,3900.0,3699999.9999999995,3300.0,310.0,5800.0,2900.0,4000.0,0.067,3799999.9999999995,0.0,8.4E-6,0.037,0.037,0.0,540.0,5.1,2.2E-51,7.0E-15,8.6E-26,0.0,2.6E7,1.0,6.9E8,
4.6E-45,0.0014,4100.0,4500.0,3900.0,3699999.9999999995,3300.0,310.0,5800.0,2900.0,4000.0,0.067,3799999.9999999995,0.0,7.8E-6,0.037,0.037,0.0,530.0,5.1,6.0E-54,7.0E-15,8.3E-26,0.0,2.7E7,1.0,6.9E8,
4.6E-45,0.0014,4100.0,4500.0,3900.0,3699999.9999999995,3300.0,310.0,5800.0,2900.0,4000.0,0.068,3799999.9999999995,0.0,7.0E-6,0.037,0.037,0.0,530.0,5.1,1.3E-56,7.0E-15,7.7E-26,0.0,2.8E7,1.0,6.9E8,
4.6E-45,0.0014,4100.0,4500.0,3900.0,3699999.9999999995,3300.0,310.0,5800.0,2900.0,4000.0,0.067,3799999.9999999995,0.0,6.1E-6,0.037,0.037,0.0,530.0,5.1,0.0,7.0E-15,6.9E-26,0.0,2.9E7,1.0,6.9E8,
4.6E-45,0.0014,4100.0,4500.0,3900.0,3699999.9999999995,3300.0,310.0,5800.0,2900.0,4000.0,0.068,3799999.9999999995,0.0,5.4E-6,0.037,0.037,0.0,520.0,5.1,0.0,7.0E-15,6.1E-26,0.0,3.1E7,1.0,6.9E8,
4.6E-45,0.0014,4100.0,4500.0,3900.0,3699999.9999999995,3300.0,310.0,5800.0,2900.0,4000.0,0.068,3799999.9999999995,0.0,4.7E-6,0.037,0.037,0.0,520.0,5.1,0.0,7.0E-15,5.4E-26,0.0,3.2E7,1.0,6.9E8,
4.6E-45,0.0014,4100.0,4500.0,3900.0,3699999.9999999995,3300.0,310.0,5800.0,2900.0,4000.0,0.067,3799999.9999999995,0.0,6.3E-6,0.037,0.037,0.0,520.0,5.1,0.0,7.0E-15,5.7E-26,0.0,2.9E7,1.0,6.9E8,
4.6E-45,0.0014,4100.0,4500.0,3900.0,3699999.9999999995,3300.0,310.0,5800.0,2900.0,4000.0,0.067,3799999.9999999995,0.0,7.2E-6,0.037,0.037,0.0,510.0,5.1,0.0,7.0E-15,6.6E-26,0.0,2.8E7,1.0,6.9E8,
4.6E-45,0.0014,4100.0,4500.0,3900.0,3699999.9999999995,3300.0,310.0,5800.0,2900.0,4000.0,0.067,3799999.9999999995,0.0,7.3E-6,0.037,0.037,0.0,510.0,5.1,0.0,7.0E-15,7.2E-26,0.0,2.7E7,1.0,6.9E8,
1.5E-44,0.0073,1600.0,28000.0,23000.0,4500000.0,3300.0,310.0,5800.0,2900.0,4000.0,0.068,4600000.0,0.0,1.9E-5,0.046,0.046,0.0,550.0,12.0,1.9E-10,7.2E-15,5.5E-23,0.0,2.7E7,1.0,7.0E8,
2.7000000000000002E-45,0.0013,1600.0,420.0,5400.0,4300000.0,3300.0,310.0,5800.0,2900.0,4000.0,0.068,4300000.0,0.0,7.5E-6,0.034,0.034,0.0,550.0,4.1,9.6E-12,7.1E-15,5.5E-24,0.0,2.5E7,1.0,6.9E8,
2.7000000000000002E-45,0.0013,1600.0,420.0,5300.0,3999999.9999999995,3300.0,300.0,5800.0,2900.0,4000.0,0.068,3999999.9999999995,0.0,8.7E-6,0.033,0.033,0.0,550.0,4.0,1.8E-13,7.1E-15,2.5E-24,0.0,2.4E7,1.0,6.9E8,
2.6E-45,0.0013,1600.0,420.0,5300.0,3799999.9999999995,3300.0,300.0,5800.0,2900.0,4000.0,0.067,3799999.9999999995,0.0,9.3E-6,0.032,0.032,0.0,550.0,3.9,2.4E-14,7.1E-15,1.5999999999999999E-24,0.0,2.3E7,1.0,6.9E8,
2.6E-45,0.0013,1500.0,420.0,5300.0,3799999.9999999995,3300.0,300.0,5800.0,2900.0,4000.0,0.067,3799999.9999999995,0.0,1.1E-5,0.031,0.031,0.0,540.0,3.9,6.3E-17,7.1E-15,5.6999999999999995E-25,0.0,2.2E7,1.0,6.9E8,
2.6E-45,0.0013,1500.0,420.0,5300.0,3799999.9999999995,3300.0,300.0,5800.0,2900.0,4000.0,0.067,3799999.9999999995,0.0,1.1E-5,0.031,0.031,0.0,540.0,3.9,1.6E-19,7.1E-15,2.5E-25,0.0,2.1E7,1.0,6.9E8,
2.6E-45,0.0013,1500.0,420.0,5300.0,3799999.9999999995,3300.0,300.0,5800.0,2900.0,4000.0,0.067,3799999.9999999995,0.0,1.1E-5,0.031,0.031,0.0,530.0,3.9,4.1999999999999997E-22,7.1E-15,1.5999999999999998E-25,0.0,2.2E7,1.0,6.9E8,
2.6E-45,0.0013,1500.0,420.0,5300.0,3699999.9999999995,3300.0,300.0,5800.0,2900.0,4000.0,0.067,3799999.9999999995,0.0,1.1E-5,0.031,0.031,0.0,530.0,3.9,2.9E-24,7.1E-15,1.3E-25,0.0,2.1E7,1.0,6.8E8,
2.6E-45,0.0013,1500.0,420.0,5300.0,3699999.9999999995,3300.0,300.0,5800.0,2900.0,4000.0,0.067,3799999.9999999995,0.0,1.2E-5,0.031,0.031,0.0,530.0,3.9,7.4E-27,7.0E-15,1.2E-25,0.0,2.1E7,1.0,6.8E8,
2.6E-45,0.0013,1500.0,420.0,5300.0,3699999.9999999995,3300.0,300.0,5800.0,2900.0,4000.0,0.067,3799999.9999999995,0.0,1.2E-5,0.031,0.031,0.0,530.0,3.9,1.9E-29,7.0E-15,1.2E-25,0.0,2.1E7,1.0,6.8E8,
2.6E-45,0.0013,1500.0,420.0,5300.0,3699999.9999999995,3300.0,300.0,5800.0,2900.0,4000.0,0.067,3799999.9999999995,0.0,1.1E-5,0.031,0.031,0.0,530.0,3.9,4.9000000000000003E-32,7.1E-15,1.2E-25,0.0,2.2E7,1.0,6.8E8,
2.6E-45,0.0013,1500.0,420.0,5300.0,3699999.9999999995,3300.0,300.0,5800.0,2900.0,4000.0,0.067,3799999.9999999995,0.0,9.4E-6,0.031,0.031,0.0,530.0,3.9,1.4E-34,7.1E-15,1.0999999999999999E-25,0.0,2.3E7,1.0,6.8E8,
2.6E-45,0.0013,1500.0,420.0,5300.0,3699999.9999999995,3300.0,300.0,5800.0,2900.0,4000.0,0.067,3799999.9999999995,0.0,8.0E-6,0.031,0.031,0.0,530.0,3.9,4.1E-37,7.0E-15,9.4E-26,0.0,2.4E7,1.0,6.8E8,
2.6E-45,0.0013,1500.0,420.0,5300.0,3699999.9999999995,3300.0,300.0,5800.0,2900.0,4000.0,0.067,3799999.9999999995,0.0,6.8E-6,0.031,0.031,0.0,520.0,3.9,3.5E-37,7.0E-15,8.1E-26,0.0,2.5E7,1.0,6.8E8,
2.6E-45,0.0013,1500.0,420.0,5300.0,3699999.9999999995,3300.0,300.0,5800.0,2900.0,4000.0,0.067,3799999.9999999995,0.0,5.8E-6,0.031,0.031,0.0,510.0,3.9,6.3E-40,7.0E-15,6.9E-26,0.0,2.7E7,1.0,6.8E8,
2.6E-45,0.0013,1500.0,420.0,5300.0,3699999.9999999995,3300.0,300.0,5800.0,2900.0,4000.0,0.067,3799999.9999999995,0.0,5.4E-6,0.031,0.031,0.0,510.0,3.9,1.6E-42,7.0E-15,6.0E-26,0.0,2.8E7,1.0,6.8E8,
9.1E-45,0.0035,14000.0,24000.0,650.0,4600000.0,3700.0,300.0,190.0,2900.0,2900.0,0.068,4600000.0,0.0,0.21,0.044,0.044,0.0,590.0,1.4,1.9E-9,7.3E-15,1.1E-21,0.0,2.6E7,1.0,7.0E8,
1.9E-45,7.4E-4,1900.0,910.0,650.0,4600000.0,3700.0,300.0,190.0,2900.0,2900.0,0.068,4600000.0,0.0,3.3E-6,0.034,0.034,0.0,590.0,1.6,1.3E-11,7.3E-15,8.2E-23,0.0,2.4E7,1.0,7.0E8,
1.9E-45,7.2E-4,1900.0,900.0,650.0,4400000.0,3700.0,300.0,190.0,2900.0,2900.0,0.068,4400000.0,0.0,3.7E-6,0.033,0.033,0.0,590.0,1.6,6.6E-13,7.3E-15,4.4E-23,0.0,2.3E7,1.0,6.9E8,
1.8E-45,6.8E-4,1900.0,900.0,650.0,4099999.9999999995,3700.0,300.0,190.0,2900.0,2900.0,0.068,4099999.9999999995,0.0,4.2E-6,0.032,0.032,0.0,590.0,1.5,4.5E-15,7.3E-15,1.5E-23,0.0,2.2E7,1.0,6.9E8,
1.7E-45,6.4E-4,1900.0,900.0,650.0,3799999.9999999995,3700.0,300.0,190.0,2900.0,2900.0,0.067,3799999.9999999995,0.0,4.6E-6,0.03,0.03,0.0,590.0,1.4,3.1E-17,7.2E-15,5.3999999999999994E-24,0.0,2.0E7,1.0,6.9E8,
1.7E-45,6.4E-4,1900.0,900.0,650.0,3799999.9999999995,3700.0,300.0,190.0,2900.0,2900.0,0.067,3799999.9999999995,0.0,4.9E-6,0.03,0.03,0.0,590.0,1.4,7.7E-20,7.2E-15,1.5999999999999999E-24,0.0,2.0E7,1.0,6.9E8,
1.7E-45,6.4E-4,1900.0,900.0,650.0,3799999.9999999995,3700.0,300.0,190.0,2900.0,2900.0,0.067,3799999.9999999995,0.0,4.7E-6,0.03,0.03,0.0,590.0,1.4,1.9999999999999999E-22,7.2E-15,5.3E-25,0.0,2.0E7,1.0,6.9E8,
1.7E-45,6.4E-4,1900.0,900.0,650.0,3799999.9999999995,3700.0,300.0,190.0,2900.0,2900.0,0.067,3799999.9999999995,0.0,4.2E-6,0.03,0.03,0.0,580.0,1.4,5.0E-25,7.2E-15,1.9E-25,0.0,2.1E7,1.0,6.9E8,
1.7E-45,6.4E-4,1900.0,900.0,650.0,3799999.9999999995,3700.0,300.0,190.0,2900.0,2900.0,0.067,3799999.9999999995,0.0,3.6E-6,0.03,0.03,0.0,580.0,1.4,1.3E-27,7.2E-15,8.6E-26,0.0,2.2E7,1.0,6.8E8,
1.7E-45,6.4E-4,1900.0,900.0,650.0,3699999.9999999995,3700.0,300.0,190.0,2900.0,2900.0,0.067,3699999.9999999995,0.0,3.9E-6,0.03,0.03,0.0,580.0,1.4,1.1E-29,7.2E-15,5.6E-26,0.0,2.1E7,1.0,6.8E8,
1.7E-45,6.3E-4,1900.0,900.0,650.0,3699999.9999999995,3700.0,300.0,180.0,2900.0,2900.0,0.067,3699999.9999999995,0.0,4.2E-6,0.03,0.03,0.0,580.0,1.4,2.7000000000000004E-32,7.2E-15,4.7E-26,0.0,2.1E7,1.0,6.8E8,
1.7E-45,6.3E-4,1900.0,900.0,650.0,3699999.9999999995,3700.0,300.0,180.0,2900.0,2900.0,0.067,3699999.9999999995,0.0,4.0E-6,0.03,0.03,0.0,570.0,1.4,6.799999999999999E-35,7.2E-15,4.5E-26,0.0,2.1E7,1.0,6.8E8,
1.7E-45,6.3E-4,1900.0,900.0,650.0,3699999.9999999995,3700.0,300.0,180.0,2900.0,2900.0,0.067,3699999.9999999995,0.0,3.6E-6,0.03,0.03,0.0,570.0,1.4,1.7E-37,7.2E-15,4.1E-26,0.0,2.2E7,1.0,6.8E8,
1.7E-45,6.3E-4,1900.0,900.0,650.0,3699999.9999999995,3700.0,300.0,180.0,2900.0,2900.0,0.067,3699999.9999999995,0.0,3.1E-6,0.03,0.03,0.0,570.0,1.4,7.0E-40,7.2E-15,3.7E-26,0.0,2.3E7,1.0,6.8E8,
1.7E-45,6.3E-4,1900.0,900.0,650.0,3699999.9999999995,3700.0,300.0,180.0,2900.0,2900.0,0.067,3699999.9999999995,0.0,2.7E-6,0.03,0.03,0.0,550.0,1.4,0.0,7.2E-15,3.2E-26,0.0,2.4E7,1.0,6.8E8,
1.7E-45,6.3E-4,1900.0,900.0,650.0,3699999.9999999995,3700.0,300.0,180.0,2900.0,2900.0,0.067,3699999.9999999995,0.0,2.3E-6,0.03,0.03,0.0,550.0,1.4,0.0,7.2E-15,2.8E-26,0.0,2.6E7,1.0,6.7E8,
1.7E-45,6.3E-4,1900.0,900.0,650.0,3699999.9999999995,3700.0,300.0,180.0,2900.0,2900.0,0.066,3699999.9999999995,0.0,2.6E-6,0.03,0.03,0.0,550.0,1.3,0.0,7.1E-15,2.6E-26,0.0,2.4E7,1.0,6.7E8,
1.7E-45,6.3E-4,1900.0,900.0,650.0,3699999.9999999995,3700.0,300.0,180.0,2900.0,2900.0,0.066,3699999.9999999995,0.0,2.9E-6,0.03,0.03,0.0,550.0,1.3,0.0,7.1E-15,2.8E-26,0.0,2.3E7,1.0,6.7E8,
1.7E-45,6.3E-4,1900.0,900.0,650.0,3699999.9999999995,3700.0,300.0,180.0,2900.0,2900.0,0.066,3699999.9999999995,0.0,2.9E-6,0.03,0.03,0.0,540.0,1.3,0.0,7.1E-15,3.0E-26,0.0,2.3E7,1.0,6.7E8,
1.7E-45,6.3E-4,1900.0,900.0,650.0,3699999.9999999995,3700.0,300.0,180.0,2900.0,2900.0,0.066,3699999.9999999995,0.0,2.7E-6,0.03,0.03,0.0,540.0,1.3,0.0,7.1E-15,3.0E-26,0.0,2.4E7,1.0,6.7E8,
1.7E-45,6.3E-4,1900.0,900.0,650.0,3699999.9999999995,3700.0,300.0,180.0,2900.0,2900.0,0.066,3699999.9999999995,0.0,2.4E-6,0.03,0.03,0.0,530.0,1.3,0.0,7.1E-15,2.8E-26,0.0,2.5E7,1.0,6.7E8,
1.7E-45,6.3E-4,1900.0,900.0,650.0,3699999.9999999995,3700.0,300.0,180.0,2900.0,2900.0,0.066,3699999.9999999995,0.0,2.1E-6,0.03,0.03,0.0,530.0,1.3,0.0,7.1E-15,2.5E-26,0.0,2.6E7,1.0,6.7E8,
1.7E-45,6.3E-4,1900.0,900.0,650.0,3699999.9999999995,3700.0,300.0,180.0,2900.0,2900.0,0.066,3699999.9999999995,0.0,1.8E-6,0.03,0.03,0.0,530.0,1.3,0.0,7.1E-15,2.2E-26,0.0,2.7E7,1.0,6.7E8,
1.7E-45,6.3E-4,1900.0,900.0,650.0,3699999.9999999995,3700.0,300.0,180.0,2900.0,2900.0,0.066,3699999.9999999995,0.0,1.6E-6,0.03,0.03,0.0,530.0,1.3,0.0,7.1E-15,1.9E-26,0.0,2.9E7,1.0,6.7E8,
1.7E-45,6.3E-4,1900.0,900.0,650.0,3699999.9999999995,3700.0,300.0,180.0,2900.0,2900.0,0.066,3699999.9999999995,0.0,1.6E-6,0.03,0.03,0.0,530.0,1.3,0.0,7.1E-15,1.7E-26,0.0,2.9E7,1.0,6.7E8,
1.7E-45,6.3E-4,1900.0,900.0,650.0,3699999.9999999995,3700.0,300.0,180.0,2900.0,2900.0,0.066,3699999.9999999995,0.0,2.0E-6,0.03,0.03,0.0,520.0,1.3,0.0,7.1E-15,1.9E-26,0.0,2.7E7,1.0,6.7E8,
1.7E-45,6.3E-4,1900.0,900.0,650.0,3699999.9999999995,3700.0,300.0,180.0,2900.0,2900.0,0.066,3699999.9999999995,0.0,2.2E-6,0.03,0.03,0.0,520.0,1.3,0.0,7.1E-15,2.1E-26,0.0,2.6E7,1.0,6.7E8,
1.7E-45,6.3E-4,1900.0,900.0,650.0,3699999.9999999995,3700.0,300.0,180.0,2900.0,2900.0,0.066,3699999.9999999995,0.0,2.1E-6,0.03,0.03,0.0,510.0,1.3,0.0,7.1E-15,2.2E-26,0.0,2.6E7,1.0,6.7E8,
1.7E-45,6.3E-4,1900.0,900.0,650.0,3699999.9999999995,3700.0,300.0,180.0,2900.0,2900.0,0.066,3699999.9999999995,0.0,2.0E-6,0.03,0.03,0.0,510.0,1.3,0.0,7.1E-15,2.2E-26,0.0,2.7E7,1.0,6.7E8,
1.7E-45,6.3E-4,1900.0,900.0,650.0,3699999.9999999995,3700.0,300.0,180.0,2900.0,2900.0,0.066,3699999.9999999995,0.0,1.8E-6,0.03,0.03,0.0,510.0,1.3,0.0,7.1E-15,2.0E-26,0.0,2.8E7,1.0,6.7E8,
1.7E-45,6.3E-4,1900.0,900.0,650.0,3699999.9999999995,3700.0,300.0,180.0,2900.0,2900.0,0.066,3699999.9999999995,0.0,1.6E-6,0.03,0.03,0.0,500.0,1.3,0.0,7.1E-15,1.8E-26,0.0,2.9E7,1.0,6.7E8,
1.7E-45,6.3E-4,1900.0,900.0,650.0,3699999.9999999995,3700.0,300.0,180.0,2900.0,2900.0,0.066,3699999.9999999995,0.0,1.4E-6,0.03,0.03,0.0,500.0,1.3,0.0,7.1E-15,1.6E-26,0.0,3.1E7,1.0,6.7E8,
1.7E-45,6.3E-4,1900.0,900.0,650.0,3699999.9999999995,3700.0,300.0,180.0,2900.0,2900.0,0.066,3699999.9999999995,0.0,1.2E-6,0.03,0.03,0.0,500.0,1.3,0.0,7.1E-15,1.4E-26,0.0,3.2E7,1.0,6.7E8,
1.7E-45,6.3E-4,1900.0,900.0,650.0,3699999.9999999995,3700.0,300.0,180.0,2900.0,2900.0,0.066,3699999.9999999995,0.0,1.6E-6,0.03,0.03,0.0,500.0,1.3,0.0,7.1E-15,1.5E-26,0.0,2.9E7,1.0,6.7E8,
1.7E-45,6.3E-4,1900.0,900.0,650.0,3699999.9999999995,3700.0,300.0,180.0,2900.0,2900.0,0.066,3699999.9999999995,0.0,1.8E-6,0.03,0.03,0.0,490.0,1.3,0.0,7.1E-15,1.7E-26,0.0,2.7E7,1.0,6.7E8,
1.7E-45,6.3E-4,1900.0,900.0,650.0,3699999.9999999995,3700.0,300.0,180.0,2900.0,2900.0,0.066,3699999.9999999995,0.0,1.9E-6,0.03,0.03,0.0,480.0,1.3,0.0,7.1E-15,1.9E-26,0.0,2.7E7,1.0,6.7E8,
1.7E-45,6.3E-4,1900.0,900.0,650.0,3699999.9999999995,3700.0,300.0,180.0,2900.0,2900.0,0.066,3699999.9999999995,0.0,1.8E-6,0.03,0.03,0.0,470.0,1.3,0.0,7.1E-15,1.9E-26,0.0,2.8E7,1.0,6.7E8,
1.7E-45,6.3E-4,1900.0,900.0,650.0,3699999.9999999995,3700.0,300.0,180.0,2900.0,2900.0,0.066,3699999.9999999995,0.0,1.6E-6,0.03,0.03,0.0,470.0,1.3,0.0,7.1E-15,1.8E-26,0.0,2.9E7,1.0,6.7E8,
1.7E-45,6.3E-4,1900.0,900.0,650.0,3699999.9999999995,3700.0,300.0,180.0,2900.0,2900.0,0.066,3699999.9999999995,0.0,1.5E-6,0.03,0.03,0.0,470.0,1.3,0.0,7.1E-15,1.7E-26,0.0,3.0E7,1.0,6.7E8,
1.7E-45,6.3E-4,1900.0,900.0,650.0,3699999.9999999995,3700.0,300.0,180.0,2900.0,2900.0,0.066,3699999.9999999995,0.0,1.3E-6,0.03,0.03,0.0,470.0,1.3,0.0,7.1E-15,1.5E-26,0.0,3.1E7,1.0,6.7E8,
1.7E-45,6.3E-4,1900.0,900.0,650.0,3699999.9999999995,3700.0,300.0,180.0,2900.0,2900.0,0.066,3699999.9999999995,0.0,1.1E-6,0.03,0.03,0.0,470.0,1.3,0.0,7.1E-15,1.3E-26,0.0,3.3E7,1.0,6.7E8,
1.7E-45,6.3E-4,1900.0,900.0,650.0,3699999.9999999995,3700.0,300.0,180.0,2900.0,2900.0,0.066,3699999.9999999995,0.0,1.4E-6,0.03,0.03,0.0,460.0,1.3,0.0,7.1E-15,1.3E-26,0.0,3.1E7,1.0,6.7E8,
1.7E-45,6.3E-4,1900.0,900.0,650.0,3699999.9999999995,3700.0,300.0,180.0,2900.0,2900.0,0.066,3699999.9999999995,0.0,1.7E-6,0.03,0.03,0.0,450.0,1.3,0.0,7.1E-15,1.5E-26,0.0,2.9E7,1.0,6.7E8,
2.1000000000000003E-44,0.0086,27000.0,58000.0,3400.0,4700000.0,3700.0,300.0,180.0,2900.0,2900.0,0.067,4800000.0,0.0,6.0E-6,0.053,0.053,0.0,580.0,2.5,3.4E-10,7.3E-15,4.4E-21,0.0,2.8E7,1.0,6.9E8,
2.5E-45,0.001,4400.0,44.0,3400.0,4400000.0,3700.0,300.0,180.0,2900.0,2900.0,0.066,4400000.0,0.0,3.7E-6,0.029,0.029,0.0,580.0,2.4,4.7E-11,7.3E-15,3.4999999999999996E-22,0.0,2.7E7,1.0,6.9E8,
2.4E-45,0.001,4400.0,43.0,3400.0,4300000.0,3700.0,300.0,180.0,2900.0,2900.0,0.066,4300000.0,0.0,4.1E-6,0.028,0.028,0.0,590.0,2.4,6.4E-12,7.3E-15,2.3E-22,0.0,2.6E7,1.0,6.9E8,
2.3E-45,9.5E-4,4400.0,43.0,3400.0,3899999.9999999995,3700.0,300.0,180.0,2900.0,2900.0,0.066,3899999.9999999995,0.0,4.6E-6,0.027,0.027,0.0,580.0,2.2,1.2E-13,7.2E-15,9.8E-23,0.0,2.4E7,1.0,6.8E8,
2.3E-45,9.3E-4,4400.0,43.0,3400.0,3699999.9999999995,3700.0,300.0,180.0,2900.0,2900.0,0.066,3699999.9999999995,0.0,5.4E-6,0.026,0.026,0.0,570.0,2.2,2.2E-15,7.2E-15,4.3E-23,0.0,2.2E7,1.0,6.8E8,
2.3E-45,9.3E-4,4400.0,43.0,3400.0,3699999.9999999995,3700.0,300.0,180.0,2900.0,2900.0,0.066,3699999.9999999995,0.0,6.2E-6,0.026,0.026,0.0,570.0,2.2,2.1E-18,7.2E-15,1.1E-23,0.0,2.1E7,1.0,6.8E8,
2.3E-45,9.3E-4,4400.0,43.0,3400.0,3699999.9999999995,3700.0,300.0,180.0,2900.0,2900.0,0.066,3699999.9999999995,0.0,6.1E-6,0.026,0.026,0.0,560.0,2.2,5.3E-21,7.2E-15,3.3E-24,0.0,2.2E7,1.0,6.8E8,
2.3E-45,9.3E-4,4400.0,43.0,3400.0,3699999.9999999995,3700.0,300.0,180.0,2900.0,2900.0,0.066,3699999.9999999995,0.0,5.6E-6,0.026,0.026,0.0,560.0,2.2,1.3E-23,7.2E-15,1.0E-24,0.0,2.2E7,1.0,6.8E8,
2.3E-45,9.3E-4,4400.0,43.0,3400.0,3699999.9999999995,3700.0,300.0,180.0,2900.0,2900.0,0.066,3699999.9999999995,0.0,4.9E-6,0.026,0.026,0.0,560.0,2.2,3.6E-26,7.2E-15,3.4999999999999997E-25,0.0,2.3E7,1.0,6.8E8,
2.3E-45,9.3E-4,4400.0,43.0,3400.0,3699999.9999999995,3700.0,300.0,180.0,2900.0,2900.0,0.066,3699999.9999999995,0.0,4.2E-6,0.026,0.026,0.0,560.0,2.2,1.4000000000000001E-28,7.2E-15,1.4E-25,0.0,2.5E7,1.0,6.8E8,
2.3E-45,9.3E-4,4400.0,43.0,3400.0,3699999.9999999995,3700.0,300.0,180.0,2900.0,2900.0,0.066,3699999.9999999995,0.0,3.7E-6,0.026,0.026,0.0,560.0,2.2,1.3000000000000001E-30,7.2E-15,7.7E-26,0.0,2.6E7,1.0,6.8E8,
2.3E-45,9.3E-4,4400.0,43.0,3400.0,3699999.9999999995,3700.0,300.0,180.0,2900.0,2900.0,0.066,3699999.9999999995,0.0,3.1E-6,0.026,0.026,0.0,560.0,2.2,1.5E-31,7.2E-15,4.5E-26,0.0,2.7E7,1.0,6.8E8,
2.3E-45,9.3E-4,4400.0,43.0,3400.0,3699999.9999999995,3700.0,300.0,180.0,2900.0,2900.0,0.066,3699999.9999999995,0.0,2.9E-6,0.026,0.026,0.0,560.0,2.2,0.0,7.2E-15,3.5E-26,0.0,2.8E7,1.0,6.8E8,
2.3E-45,9.3E-4,4400.0,43.0,3400.0,3699999.9999999995,3700.0,300.0,180.0,2900.0,2900.0,0.066,3699999.9999999995,0.0,3.6E-6,0.026,0.026,0.0,550.0,2.2,0.0,7.2E-15,3.5E-26,0.0,2.6E7,1.0,6.8E8,
2.3E-45,9.3E-4,4400.0,43.0,3400.0,3699999.9999999995,3700.0,300.0,180.0,2900.0,2900.0,0.066,3699999.9999999995,0.0,3.9E-6,0.026,0.026,0.0,550.0,2.2,0.0,7.2E-15,3.9E-26,0.0,2.5E7,1.0,6.8E8,
2.3E-45,9.3E-4,4400.0,43.0,3400.0,3699999.9999999995,3700.0,300.0,180.0,2900.0,2900.0,0.066,3699999.9999999995,0.0,3.9E-6,0.026,0.026,0.0,540.0,2.2,0.0,7.2E-15,4.1E-26,0.0,2.5E7,1.0,6.8E8,
2.3E-45,9.3E-4,4400.0,43.0,3400.0,3699999.9999999995,3700.0,300.0,180.0,2900.0,2900.0,0.066,3699999.9999999995,0.0,3.6E-6,0.026,0.026,0.0,530.0,2.2,0.0,7.2E-15,4.0E-26,0.0,2.6E7,1.0,6.8E8,
2.3E-45,9.3E-4,4400.0,43.0,3400.0,3699999.9999999995,3700.0,300.0,180.0,2900.0,2900.0,0.066,3699999.9999999995,0.0,3.2E-6,0.026,0.026,0.0,530.0,2.2,0.0,7.2E-15,3.7E-26,0.0,2.7E7,1.0,6.8E8,
2.3E-45,9.3E-4,4400.0,43.0,3400.0,3699999.9999999995,3700.0,300.0,180.0,2900.0,2900.0,0.066,3699999.9999999995,0.0,2.8E-6,0.026,0.026,0.0,530.0,2.2,0.0,7.2E-15,3.3E-26,0.0,2.8E7,1.0,6.8E8,
2.3E-45,9.3E-4,4400.0,43.0,3400.0,3699999.9999999995,3700.0,300.0,180.0,2900.0,2900.0,0.066,3699999.9999999995,0.0,2.5E-6,0.026,0.026,0.0,530.0,2.2,0.0,7.2E-15,2.9E-26,0.0,3.0E7,1.0,6.8E8,
2.3E-45,9.3E-4,4400.0,43.0,3400.0,3699999.9999999995,3700.0,300.0,180.0,2900.0,2900.0,0.066,3699999.9999999995,0.0,2.1E-6,0.026,0.026,0.0,520.0,2.2,0.0,7.2E-15,2.6E-26,0.0,3.1E7,1.0,6.8E8,
2.3E-45,9.3E-4,4400.0,43.0,3400.0,3699999.9999999995,3700.0,300.0,180.0,2900.0,2900.0,0.066,3699999.9999999995,0.0,2.7E-6,0.026,0.026,0.0,520.0,2.2,0.0,7.2E-15,2.6E-26,0.0,2.9E7,1.0,6.8E8,
2.3E-45,9.3E-4,4400.0,43.0,3400.0,3699999.9999999995,3700.0,300.0,180.0,2900.0,2900.0,0.066,3699999.9999999995,0.0,3.1E-6,0.026,0.026,0.0,520.0,2.2,0.0,7.2E-15,3.0E-26,0.0,2.7E7,1.0,6.8E8,
2.3E-45,9.3E-4,4400.0,43.0,3400.0,3699999.9999999995,3700.0,300.0,180.0,2900.0,2900.0,0.066,3699999.9999999995,0.0,3.2E-6,0.026,0.026,0.0,520.0,2.2,0.0,7.2E-15,3.3E-26,0.0,2.7E7,1.0,6.8E8,
2.3E-45,9.3E-4,4400.0,43.0,3400.0,3699999.9999999995,3700.0,300.0,180.0,2900.0,2900.0,0.066,3699999.9999999995,0.0,3.1E-6,0.026,0.026,0.0,520.0,2.2,0.0,7.2E-15,3.3E-26,0.0,2.7E7,1.0,6.8E8,
2.3E-45,9.3E-4,4400.0,43.0,3400.0,3699999.9999999995,3700.0,300.0,180.0,2900.0,2900.0,0.066,3699999.9999999995,0.0,2.8E-6,0.026,0.026,0.0,520.0,2.2,0.0,7.2E-15,3.2E-26,0.0,2.8E7,1.0,6.8E8,
2.3E-45,9.3E-4,4400.0,43.0,3400.0,3699999.9999999995,3700.0,300.0,180.0,2900.0,2900.0,0.066,3699999.9999999995,0.0,2.5E-6,0.026,0.026,0.0,520.0,2.2,0.0,7.2E-15,2.9E-26,0.0,2.9E7,1.0,6.8E8,
2.3E-45,9.3E-4,4400.0,43.0,3400.0,3699999.9999999995,3700.0,300.0,180.0,2900.0,2900.0,0.066,3699999.9999999995,0.0,2.2E-6,0.026,0.026,0.0,520.0,2.2,0.0,7.2E-15,2.6E-26,0.0,3.1E7,1.0,6.8E8,
2.3E-45,9.3E-4,4400.0,43.0,3400.0,3699999.9999999995,3700.0,300.0,180.0,2900.0,2900.0,0.066,3699999.9999999995,0.0,2.0E-6,0.026,0.026,0.0,520.0,2.2,0.0,7.2E-15,2.3E-26,0.0,3.2E7,1.0,6.8E8,
2.3E-45,9.3E-4,4400.0,43.0,3400.0,3699999.9999999995,3700.0,300.0,180.0,2900.0,2900.0,0.066,3699999.9999999995,0.0,2.2E-6,0.026,0.026,0.0,520.0,2.2,0.0,7.2E-15,2.2E-26,0.0,3.1E7,1.0,6.8E8,
2.3E-45,9.3E-4,4400.0,43.0,3400.0,3699999.9999999995,3700.0,300.0,180.0,2900.0,2900.0,0.066,3699999.9999999995,0.0,2.7E-6,0.026,0.026,0.0,520.0,2.2,0.0,7.2E-15,2.5E-26,0.0,2.9E7,1.0,6.8E8,
2.3E-45,9.3E-4,4400.0,43.0,3400.0,3699999.9999999995,3700.0,300.0,180.0,2900.0,2900.0,0.066,3699999.9999999995,0.0,2.9E-6,0.026,0.026,0.0,510.0,2.2,0.0,7.2E-15,2.9E-26,0.0,2.8E7,1.0,6.8E8,
2.3E-45,9.3E-4,4400.0,43.0,3400.0,3699999.9999999995,3700.0,300.0,180.0,2900.0,2900.0,0.066,3699999.9999999995,0.0,2.9E-6,0.026,0.026,0.0,510.0,2.2,0.0,7.2E-15,3.0E-26,0.0,2.8E7,1.0,6.8E8,
2.3E-45,9.3E-4,4400.0,43.0,3400.0,3699999.9999999995,3700.0,300.0,180.0,2900.0,2900.0,0.066,3699999.9999999995,0.0,2.7E-6,0.026,0.026,0.0,510.0,2.2,0.0,7.2E-15,3.0E-26,0.0,2.9E7,1.0,6.8E8,
2.3E-45,9.3E-4,4400.0,43.0,3400.0,3699999.9999999995,3700.0,300.0,180.0,2900.0,2900.0,0.066,3699999.9999999995,0.0,2.5E-6,0.026,0.026,0.0,500.0,2.2,0.0,7.2E-15,2.8E-26,0.0,3.0E7,1.0,6.8E8,
2.3E-45,9.3E-4,4400.0,43.0,3400.0,3699999.9999999995,3700.0,300.0,180.0,2900.0,2900.0,0.066,3699999.9999999995,0.0,2.2E-6,0.026,0.026,0.0,490.0,2.2,0.0,7.2E-15,2.5E-26,0.0,3.1E7,1.0,6.8E8,
2.3E-45,9.3E-4,4400.0,43.0,3400.0,3699999.9999999995,3700.0,300.0,180.0,2900.0,2900.0,0.066,3699999.9999999995,0.0,1.9E-6,0.026,0.026,0.0,490.0,2.2,0.0,7.2E-15,2.3E-26,0.0,3.2E7,1.0,6.8E8,
2.3E-45,9.3E-4,4400.0,43.0,3400.0,3699999.9999999995,3700.0,300.0,180.0,2900.0,2900.0,0.066,3699999.9999999995,0.0,1.9E-6,0.026,0.026,0.0,480.0,2.2,0.0,7.2E-15,2.0E-26,0.0,3.3E7,1.0,6.8E8,
2.3E-45,9.3E-4,4400.0,43.0,3400.0,3699999.9999999995,3700.0,300.0,180.0,2900.0,2900.0,0.066,3699999.9999999995,0.0,2.4E-6,0.026,0.026,0.0,470.0,2.2,0.0,7.2E-15,2.3E-26,0.0,3.0E7,1.0,6.8E8,
2.3E-45,9.3E-4,4400.0,43.0,3400.0,3699999.9999999995,3700.0,300.0,180.0,2900.0,2900.0,0.066,3699999.9999999995,0.0,2.8E-6,0.026,0.026,0.0,460.0,2.2,0.0,7.2E-15,2.6E-26,0.0,2.9E7,1.0,6.8E8,
2.3E-45,9.3E-4,4400.0,43.0,3400.0,3699999.9999999995,3700.0,300.0,180.0,2900.0,2900.0,0.066,3699999.9999999995,0.0,2.8E-6,0.026,0.026,0.0,460.0,2.2,0.0,7.2E-15,2.9E-26,0.0,2.8E7,1.0,6.8E8,
2.3E-45,9.3E-4,4400.0,43.0,3400.0,3699999.9999999995,3700.0,300.0,180.0,2900.0,2900.0,0.066,3699999.9999999995,0.0,2.7E-6,0.026,0.026,0.0,450.0,2.2,0.0,7.2E-15,2.9E-26,0.0,2.9E7,1.0,6.8E8,
2.3E-45,9.3E-4,4400.0,43.0,3400.0,3699999.9999999995,3700.0,300.0,180.0,2900.0,2900.0,0.066,3699999.9999999995,0.0,2.5E-6,0.026,0.026,0.0,440.0,2.2,0.0,7.2E-15,2.8E-26,0.0,3.0E7,1.0,6.8E8,
2.3E-45,9.3E-4,4400.0,43.0,3400.0,3699999.9999999995,3700.0,300.0,180.0,2900.0,2900.0,0.066,3699999.9999999995,0.0,2.2E-6,0.026,0.026,0.0,440.0,2.2,0.0,7.2E-15,2.5E-26,0.0,3.1E7,1.0,6.8E8,
2.3E-45,9.3E-4,4400.0,43.0,3400.0,3699999.9999999995,3700.0,300.0,180.0,2900.0,2900.0,0.066,3699999.9999999995,0.0,2.0E-6,0.026,0.026,0.0,440.0,2.2,0.0,7.2E-15,2.3E-26,0.0,3.2E7,1.0,6.8E8,
2.3E-45,9.3E-4,4400.0,43.0,3400.0,3699999.9999999995,3700.0,300.0,180.0,2900.0,2900.0,0.066,3699999.9999999995,0.0,1.7E-6,0.026,0.026,0.0,440.0,2.2,0.0,7.2E-15,2.0E-26,0.0,3.4E7,1.0,6.8E8,
2.3E-45,9.3E-4,4400.0,43.0,3400.0,3699999.9999999995,3700.0,300.0,180.0,2900.0,2900.0,0.066,3699999.9999999995,0.0,2.2E-6,0.026,0.026,0.0,440.0,2.2,0.0,7.2E-15,2.1E-26,0.0,3.1E7,1.0,6.8E8,
2.3E-45,9.3E-4,4400.0,43.0,3400.0,3699999.9999999995,3700.0,300.0,180.0,2900.0,2900.0,0.066,3699999.9999999995,0.0,2.6E-6,0.026,0.026,0.0,430.0,2.2,0.0,7.2E-15,2.5E-26,0.0,2.9E7,1.0,6.8E8,
2.3E-45,9.3E-4,4400.0,43.0,3400.0,3699999.9999999995,3700.0,300.0,180.0,2900.0,2900.0,0.066,3699999.9999999995,0.0,2.8E-6,0.026,0.026,0.0,430.0,2.2,0.0,7.2E-15,2.8E-26,0.0,2.9E7,1.0,6.8E8,
2.3E-45,9.3E-4,4400.0,43.0,3400.0,3699999.9999999995,3700.0,300.0,180.0,2900.0,2900.0,0.066,3699999.9999999995,0.0,2.7E-6,0.026,0.026,0.0,430.0,2.2,0.0,7.2E-15,2.8E-26,0.0,2.9E7,1.0,6.8E8,
2.3E-45,9.3E-4,4400.0,43.0,3400.0,3699999.9999999995,3700.0,300.0,180.0,2900.0,2900.0,0.066,3699999.9999999995,0.0,2.5E-6,0.026,0.026,0.0,430.0,2.2,0.0,7.2E-15,2.8E-26,0.0,3.0E7,1.0,6.8E8,
2.3E-45,9.3E-4,4400.0,43.0,3400.0,3699999.9999999995,3700.0,300.0,180.0,2900.0,2900.0,0.066,3699999.9999999995,0.0,2.2E-6,0.026,0.026,0.0,430.0,2.2,0.0,7.2E-15,2.6E-26,0.0,3.1E7,1.0,6.8E8,
2.3E-45,9.3E-4,4400.0,43.0,3400.0,3699999.9999999995,3700.0,300.0,180.0,2900.0,2900.0,0.066,3699999.9999999995,0.0,2.0E-6,0.026,0.026,0.0,430.0,2.2,0.0,7.2E-15,2.3E-26,0.0,3.2E7,1.0,6.8E8,
2.3E-45,9.3E-4,4400.0,43.0,3400.0,3699999.9999999995,3700.0,300.0,180.0,2900.0,2900.0,0.066,3699999.9999999995,0.0,1.8E-6,0.026,0.026,0.0,430.0,2.2,0.0,7.2E-15,2.1E-26,0.0,3.4E7,1.0,6.8E8,
2.3E-45,9.3E-4,4400.0,43.0,3400.0,3699999.9999999995,3700.0,300.0,180.0,2900.0,2900.0,0.066,3699999.9999999995,0.0,2.0E-6,0.026,0.026,0.0,430.0,2.2,0.0,7.2E-15,2.0E-26,0.0,3.2E7,1.0,6.8E8,
2.3E-45,9.3E-4,4400.0,43.0,3400.0,3699999.9999999995,3700.0,300.0,180.0,2900.0,2900.0,0.066,3699999.9999999995,0.0,2.5E-6,0.026,0.026,0.0,420.0,2.2,0.0,7.2E-15,2.3E-26,0.0,3.0E7,1.0,6.8E8,
2.3E-45,9.3E-4,4400.0,43.0,3400.0,3699999.9999999995,3700.0,300.0,180.0,2900.0,2900.0,0.066,3699999.9999999995,0.0,2.7E-6,0.026,0.026,0.0,420.0,2.2,0.0,7.2E-15,2.6E-26,0.0,2.9E7,1.0,6.8E8,
2.3E-45,9.3E-4,4400.0,43.0,3400.0,3699999.9999999995,3700.0,300.0,180.0,2900.0,2900.0,0.066,3699999.9999999995,0.0,2.7E-6,0.026,0.026,0.0,420.0,2.2,0.0,7.2E-15,2.8E-26,0.0,2.9E7,1.0,6.8E8,
2.3E-45,9.3E-4,4400.0,43.0,3400.0,3699999.9999999995,3700.0,300.0,180.0,2900.0,2900.0,0.066,3699999.9999999995,0.0,2.5E-6,0.026,0.026,0.0,420.0,2.2,0.0,7.2E-15,2.8E-26,0.0,2.9E7,1.0,6.8E8,
2.3E-45,9.3E-4,4400.0,43.0,3400.0,3699999.9999999995,3700.0,300.0,180.0,2900.0,2900.0,0.066,3699999.9999999995,0.0,2.3E-6,0.026,0.026,0.0,420.0,2.2,0.0,7.2E-15,2.6E-26,0.0,3.1E7,1.0,6.8E8,
2.3E-45,9.3E-4,4400.0,43.0,3400.0,3699999.9999999995,3700.0,300.0,180.0,2900.0,2900.0,0.066,3699999.9999999995,0.0,2.1E-6,0.026,0.026,0.0,420.0,2.2,0.0,7.2E-15,2.4E-26,0.0,3.2E7,1.0,6.8E8,
2.3E-45,9.3E-4,4400.0,43.0,3400.0,3699999.9999999995,3700.0,300.0,180.0,2900.0,2900.0,0.066,3699999.9999999995,0.0,1.8E-6,0.026,0.026,0.0,410.0,2.2,0.0,7.2E-15,2.1E-26,0.0,3.3E7,1.0,6.8E8,
2.3E-45,9.3E-4,4400.0,43.0,3400.0,3699999.9999999995,3700.0,300.0,180.0,2900.0,2900.0,0.066,3699999.9999999995,0.0,1.8E-6,0.026,0.026,0.0,410.0,2.2,0.0,7.2E-15,1.9E-26,0.0,3.4E7,1.0,6.8E8,
2.3E-45,9.3E-4,4400.0,43.0,3400.0,3699999.9999999995,3700.0,300.0,180.0,2900.0,2900.0,0.066,3699999.9999999995,0.0,2.3E-6,0.026,0.026,0.0,410.0,2.2,0.0,7.2E-15,2.1E-26,0.0,3.0E7,1.0,6.8E8,
2.3E-45,9.3E-4,4400.0,43.0,3400.0,3699999.9999999995,3700.0,300.0,180.0,2900.0,2900.0,0.066,3699999.9999999995,0.0,2.6E-6,0.026,0.026,0.0,410.0,2.2,0.0,7.2E-15,2.5E-26,0.0,2.9E7,1.0,6.8E8,
2.3E-45,9.3E-4,4400.0,43.0,3400.0,3699999.9999999995,3700.0,300.0,180.0,2900.0,2900.0,0.066,3699999.9999999995,0.0,2.7E-6,0.026,0.026,0.0,410.0,2.2,0.0,7.2E-15,2.8E-26,0.0,2.9E7,1.0,6.8E8,
2.3E-45,9.3E-4,4400.0,43.0,3400.0,3699999.9999999995,3700.0,300.0,180.0,2900.0,2900.0,0.066,3699999.9999999995,0.0,2.6E-6,0.026,0.026,0.0,410.0,2.2,0.0,7.2E-15,2.8E-26,0.0,2.9E7,1.0,6.8E8,
2.3E-45,9.3E-4,4400.0,43.0,3400.0,3699999.9999999995,3700.0,300.0,180.0,2900.0,2900.0,0.066,3699999.9999999995,0.0,2.4E-6,0.026,0.026,0.0,410.0,2.2,0.0,7.2E-15,2.7E-26,0.0,3.0E7,1.0,6.8E8,
2.3E-45,9.3E-4,4400.0,43.0,3400.0,3699999.9999999995,3700.0,300.0,180.0,2900.0,2900.0,0.066,3699999.9999999995,0.0,2.1E-6,0.026,0.026,0.0,400.0,2.2,0.0,7.2E-15,2.4E-26,0.0,3.1E7,1.0,6.8E8,
2.3E-45,9.3E-4,4400.0,43.0,3400.0,3699999.9999999995,3700.0,300.0,180.0,2900.0,2900.0,0.066,3699999.9999999995,0.0,1.9E-6,0.026,0.026,0.0,400.0,2.2,0.0,7.2E-15,2.2E-26,0.0,3.3E7,1.0,6.8E8,
2.3E-45,9.3E-4,4400.0,43.0,3400.0,3699999.9999999995,3700.0,300.0,180.0,2900.0,2900.0,0.066,3699999.9999999995,0.0,1.7E-6,0.026,0.026,0.0,390.0,2.2,0.0,7.2E-15,2.0E-26,0.0,3.4E7,1.0,6.8E8,
2.3E-45,9.3E-4,4400.0,43.0,3400.0,3699999.9999999995,3700.0,300.0,180.0,2900.0,2900.0,0.066,3699999.9999999995,0.0,2.2E-6,0.026,0.026,0.0,390.0,2.2,0.0,7.2E-15,2.0E-26,0.0,3.1E7,1.0,6.8E8,
2.3E-45,9.3E-4,4400.0,43.0,3400.0,3699999.9999999995,3700.0,300.0,180.0,2900.0,2900.0,0.066,3699999.9999999995,0.0,2.6E-6,0.026,0.026,0.0,380.0,2.2,0.0,7.2E-15,2.4E-26,0.0,2.9E7,1.0,6.8E8,
2.3E-45,9.3E-4,4400.0,43.0,3400.0,3699999.9999999995,3700.0,300.0,180.0,2900.0,2900.0,0.066,3699999.9999999995,0.0,2.7E-6,0.026,0.026,0.0,370.0,2.2,0.0,7.2E-15,2.7E-26,0.0,2.9E7,1.0,6.8E8,
2.3E-45,9.3E-4,4400.0,43.0,3400.0,3699999.9999999995,3700.0,300.0,180.0,2900.0,2900.0,0.066,3699999.9999999995,0.0,2.6E-6,0.026,0.026,0.0,370.0,2.2,0.0,7.2E-15,2.8E-26,0.0,2.9E7,1.0,6.8E8,
2.3E-45,9.3E-4,4400.0,43.0,3400.0,3699999.9999999995,3700.0,300.0,180.0,2900.0,2900.0,0.066,3699999.9999999995,0.0,2.4E-6,0.026,0.026,0.0,370.0,2.2,0.0,7.2E-15,2.7E-26,0.0,3.0E7,1.0,6.8E8,
2.3E-45,9.3E-4,4400.0,43.0,3400.0,3699999.9999999995,3700.0,300.0,180.0,2900.0,2900.0,0.066,3699999.9999999995,0.0,2.2E-6,0.026,0.026,0.0,370.0,2.2,0.0,7.2E-15,2.5E-26,0.0,3.1E7,1.0,6.8E8,
2.3E-45,9.3E-4,4400.0,43.0,3400.0,3699999.9999999995,3700.0,300.0,180.0,2900.0,2900.0,0.066,3699999.9999999995,0.0,2.0E-6,0.026,0.026,0.0,360.0,2.2,0.0,7.2E-15,2.3E-26,0.0,3.2E7,1.0,6.8E8,
2.3E-45,9.3E-4,4400.0,43.0,3400.0,3699999.9999999995,3700.0,300.0,180.0,2900.0,2900.0,0.066,3699999.9999999995,0.0,1.7E-6,0.026,0.026,0.0,350.0,2.2,0.0,7.2E-15,2.0E-26,0.0,3.4E7,1.0,6.8E8,
2.3E-45,9.3E-4,4400.0,43.0,3400.0,3699999.9999999995,3700.0,300.0,180.0,2900.0,2900.0,0.066,3699999.9999999995,0.0,2.0E-6,0.026,0.026,0.0,350.0,2.2,0.0,7.2E-15,1.9E-26,0.0,3.2E7,1.0,6.8E8,
2.3E-45,9.3E-4,4400.0,43.0,3400.0,3699999.9999999995,3700.0,300.0,180.0,2900.0,2900.0,0.066,3699999.9999999995,0.0,2.5E-6,0.026,0.026,0.0,340.0,2.2,0.0,7.2E-15,2.3E-26,0.0,3.0E7,1.0,6.8E8,
2.3E-45,9.3E-4,4400.0,43.0,3400.0,3699999.9999999995,3700.0,300.0,180.0,2900.0,2900.0,0.066,3699999.9999999995,0.0,2.7E-6,0.026,0.026,0.0,340.0,2.2,0.0,7.2E-15,2.6E-26,0.0,2.9E7,1.0,6.8E8,
2.3E-45,9.3E-4,4400.0,43.0,3400.0,3699999.9999999995,3700.0,300.0,180.0,2900.0,2900.0,0.066,3699999.9999999995,0.0,2.7E-6,0.026,0.026,0.0,340.0,2.2,0.0,7.2E-15,2.8E-26,0.0,2.9E7,1.0,6.8E8,
2.3E-45,9.3E-4,4400.0,43.0,3400.0,3699999.9999999995,3700.0,300.0,180.0,2900.0,2900.0,0.066,3699999.9999999995,0.0,2.5E-6,0.026,0.026,0.0,340.0,2.2,0.0,7.2E-15,2.7E-26,0.0,3.0E7,1.0,6.8E8,
7.100000000000001E-45,0.0032,65000.0,22000.0,16000.0,4500000.0,6500.0,300.0,180.0,2900.0,4600.0,0.066,4600000.0,0.0,3.0E-6,0.023,0.023,0.0,370.0,4.2,1.1E-10,7.5E-15,5.7E-22,0.0,2.8E7,1.0,6.9E8,
2.0E-45,8.9E-4,2100.0,4500.0,3100.0,4300000.0,6500.0,300.0,180.0,2800.0,4500.0,0.066,4300000.0,0.0,2.6E-6,0.019,0.019,0.0,370.0,1.5,2.1E-12,7.5E-15,7.2E-23,0.0,2.6E7,1.0,6.9E8,
1.9E-45,8.7E-4,2100.0,4500.0,3100.0,3999999.9999999995,6500.0,300.0,180.0,2800.0,4500.0,0.065,3999999.9999999995,0.0,3.0E-6,0.018,0.018,0.0,370.0,1.5,3.9E-14,7.4E-15,3.2000000000000003E-23,0.0,2.4E7,1.0,6.9E8,
1.9E-45,8.5E-4,2100.0,4500.0,3000.0,3699999.9999999995,6500.0,290.0,180.0,2800.0,4500.0,0.065,3799999.9999999995,0.0,3.3E-6,0.018,0.018,0.0,380.0,1.4,2.0E-15,7.4E-15,1.7E-23,0.0,2.3E7,1.0,6.9E8,
1.9E-45,8.5E-4,2100.0,4500.0,3000.0,3699999.9999999995,6500.0,290.0,180.0,2800.0,4500.0,0.065,3799999.9999999995,0.0,3.7E-6,0.018,0.018,0.0,380.0,1.4,5.1E-18,7.4E-15,5.0999999999999995E-24,0.0,2.2E7,1.0,6.9E8,
1.9E-45,8.5E-4,2100.0,4500.0,3000.0,3699999.9999999995,6500.0,290.0,180.0,2800.0,4500.0,0.065,3799999.9999999995,0.0,3.6E-6,0.018,0.018,0.0,370.0,1.4,1.3E-20,7.4E-15,1.5999999999999999E-24,0.0,2.2E7,1.0,6.9E8,
1.9E-45,8.5E-4,2100.0,4500.0,3000.0,3699999.9999999995,6500.0,290.0,180.0,2800.0,4500.0,0.065,3799999.9999999995,0.0,3.4E-6,0.018,0.018,0.0,370.0,1.4,3.4E-23,7.4E-15,5.0E-25,0.0,2.3E7,1.0,6.9E8,
1.9E-45,8.5E-4,2100.0,4500.0,3000.0,3699999.9999999995,6500.0,290.0,180.0,2800.0,4500.0,0.065,3799999.9999999995,0.0,3.0E-6,0.018,0.018,0.0,370.0,1.4,9.4E-26,7.4E-15,1.7E-25,0.0,2.4E7,1.0,6.9E8,
1.9E-45,8.5E-4,2100.0,4500.0,3000.0,3699999.9999999995,6500.0,290.0,180.0,2800.0,4500.0,0.065,3699999.9999999995,0.0,3.1E-6,0.018,0.018,0.0,370.0,1.4,7.000000000000001E-28,7.4E-15,8.4E-26,0.0,2.3E7,1.0,6.8E8,
1.9E-45,8.5E-4,2100.0,4500.0,3000.0,3699999.9999999995,6500.0,290.0,180.0,2800.0,4500.0,0.065,3699999.9999999995,0.0,3.5E-6,0.018,0.018,0.0,360.0,1.4,1.8E-30,7.4E-15,5.1E-26,0.0,2.2E7,1.0,6.8E8,
1.9E-45,8.5E-4,2100.0,4500.0,3000.0,3699999.9999999995,6500.0,290.0,180.0,2800.0,4500.0,0.065,3699999.9999999995,0.0,3.5E-6,0.018,0.018,0.0,360.0,1.4,4.6000000000000004E-33,7.4E-15,4.2E-26,0.0,2.2E7,1.0,6.8E8,
1.9E-45,8.5E-4,2100.0,4500.0,3000.0,3699999.9999999995,6500.0,290.0,180.0,2800.0,4500.0,0.065,3699999.9999999995,0.0,3.3E-6,0.018,0.018,0.0,360.0,1.4,1.1999999999999999E-35,7.4E-15,3.9E-26,0.0,2.3E7,1.0,6.8E8,
1.9E-45,8.5E-4,2100.0,4500.0,3000.0,3699999.9999999995,6500.0,290.0,180.0,2800.0,4500.0,0.065,3699999.9999999995,0.0,2.9E-6,0.018,0.018,0.0,350.0,1.4,3.4E-38,7.4E-15,3.5E-26,0.0,2.4E7,1.0,6.8E8,
1.9E-45,8.5E-4,2100.0,4500.0,3000.0,3699999.9999999995,6500.0,290.0,180.0,2800.0,4500.0,0.065,3699999.9999999995,0.0,2.5E-6,0.018,0.018,0.0,350.0,1.4,2.3E-39,7.4E-15,3.1E-26,0.0,2.5E7,1.0,6.8E8,
1.9E-45,8.5E-4,2100.0,4500.0,3000.0,3699999.9999999995,6500.0,290.0,180.0,2800.0,4500.0,0.065,3699999.9999999995,0.0,2.2E-6,0.018,0.018,0.0,350.0,1.4,4.3E-40,7.4E-15,2.7E-26,0.0,2.6E7,1.0,6.8E8,
1.9E-45,8.5E-4,2100.0,4500.0,3000.0,3699999.9999999995,6500.0,290.0,180.0,2800.0,4500.0,0.065,3699999.9999999995,0.0,1.9E-6,0.018,0.018,0.0,350.0,1.4,0.0,7.4E-15,2.3E-26,0.0,2.8E7,1.0,6.8E8,
1.9E-45,8.5E-4,2100.0,4500.0,3000.0,3699999.9999999995,6500.0,290.0,180.0,2800.0,4500.0,0.065,3699999.9999999995,0.0,1.7E-6,0.018,0.018,0.0,340.0,1.4,0.0,7.4E-15,2.0E-26,0.0,2.9E7,1.0,6.8E8,
1.9E-45,8.5E-4,2100.0,4500.0,3000.0,3699999.9999999995,6500.0,290.0,180.0,2800.0,4500.0,0.065,3699999.9999999995,0.0,2.2E-6,0.018,0.018,0.0,340.0,1.4,0.0,7.4E-15,2.2E-26,0.0,2.6E7,1.0,6.8E8,
1.9E-45,8.5E-4,2100.0,4500.0,3000.0,3699999.9999999995,6500.0,290.0,180.0,2800.0,4500.0,0.065,3699999.9999999995,0.0,2.4E-6,0.018,0.018,0.0,340.0,1.4,0.0,7.4E-15,2.4E-26,0.0,2.5E7,1.0,6.8E8,
1.9E-45,8.5E-4,2100.0,4500.0,3000.0,3699999.9999999995,6500.0,290.0,180.0,2800.0,4500.0,0.065,3699999.9999999995,0.0,2.4E-6,0.018,0.018,0.0,340.0,1.4,0.0,7.4E-15,2.6E-26,0.0,2.6E7,1.0,6.8E8,
1.9E-45,8.5E-4,2100.0,4500.0,3000.0,3699999.9999999995,6500.0,290.0,180.0,2800.0,4500.0,0.065,3699999.9999999995,0.0,2.2E-6,0.018,0.018,0.0,340.0,1.4,0.0,7.4E-15,2.5E-26,0.0,2.6E7,1.0,6.8E8,
1.9E-45,8.5E-4,2100.0,4500.0,3000.0,3699999.9999999995,6500.0,290.0,180.0,2800.0,4500.0,0.065,3699999.9999999995,0.0,2.0E-6,0.018,0.018,0.0,330.0,1.4,0.0,7.4E-15,2.3E-26,0.0,2.7E7,1.0,6.8E8,
6.6E-45,0.0076,6900.0,48000.0,15000.0,4400000.0,7100.0,290.0,180.0,2800.0,4500.0,0.065,4500000.0,0.0,2.1,0.038,0.038,0.0,370.0,2.4,9.8E-10,7.6E-15,5.0E-21,0.0,2.9E7,1.0,6.9E8,
6.9999999999999996E-46,8.0E-4,6900.0,700.0,2300.0,4200000.0,7100.0,290.0,180.0,2800.0,4500.0,0.065,4200000.0,0.0,2.4E-6,0.024,0.024,0.0,380.0,1.5,1.9E-11,7.6E-15,2.4E-22,0.0,2.6E7,1.0,6.9E8,
6.5999999999999995E-46,7.6E-4,6900.0,700.0,2300.0,3699999.9999999995,7100.0,290.0,180.0,2800.0,4500.0,0.064,3799999.9999999995,0.0,2.6E-6,0.023,0.023,0.0,370.0,1.4,9.5E-13,7.5E-15,1.2E-22,0.0,2.5E7,1.0,6.8E8,
2.2E-45,0.0014,1200.0,2000.0,6700.0,4400000.0,240.0,2900.0,2600.0,4400.0,660.0,0.065,4500000.0,0.0,2.2E-6,0.016,0.016,0.0,450.0,2.0,8.9E-14,7.8E-15,3.7E-23,0.0,2.4E7,1.0,7.0E8,
2.2E-45,0.0014,1200.0,2000.0,6700.0,4200000.0,240.0,2900.0,2600.0,4400.0,660.0,0.065,4200000.0,0.0,4.8E-6,0.016,0.016,0.0,460.0,2.0,4.5E-15,7.8E-15,2.0E-23,0.0,2.3E7,1.0,6.9E8,
2.1E-45,0.0014,1200.0,2000.0,6700.0,3999999.9999999995,240.0,2900.0,2600.0,4400.0,660.0,0.065,3999999.9999999995,0.0,5.3E-6,0.015,0.015,0.0,460.0,2.0,2.3E-16,7.7E-15,1.1E-23,0.0,2.2E7,1.0,6.9E8,
2.1E-45,0.0014,1200.0,2000.0,6700.0,3799999.9999999995,240.0,2900.0,2600.0,4400.0,660.0,0.065,3799999.9999999995,0.0,5.9E-6,0.014,0.014,0.0,460.0,1.9,4.2E-18,7.7E-15,4.8E-24,0.0,2.1E7,1.0,6.9E8,
2.1E-45,0.0014,1200.0,2000.0,6700.0,3799999.9999999995,240.0,2900.0,2600.0,4400.0,660.0,0.065,3799999.9999999995,0.0,6.2E-6,0.014,0.014,0.0,450.0,1.9,1.1E-20,7.7E-15,1.4999999999999998E-24,0.0,2.1E7,1.0,6.9E8,
2.1E-45,0.0014,1200.0,2000.0,6700.0,3799999.9999999995,240.0,2900.0,2600.0,4400.0,660.0,0.065,3799999.9999999995,0.0,5.9E-6,0.014,0.014,0.0,450.0,1.9,2.8000000000000003E-23,7.7E-15,5.0E-25,0.0,2.1E7,1.0,6.9E8,
2.1E-45,0.0014,1200.0,2000.0,6700.0,3799999.9999999995,240.0,2900.0,2600.0,4400.0,660.0,0.065,3799999.9999999995,0.0,5.3E-6,0.014,0.014,0.0,450.0,1.9,7.099999999999999E-26,7.7E-15,1.9E-25,0.0,2.2E7,1.0,6.9E8,
2.1E-45,0.0014,1200.0,2000.0,6700.0,3799999.9999999995,240.0,2900.0,2600.0,4400.0,660.0,0.065,3799999.9999999995,0.0,4.6E-6,0.014,0.014,0.0,440.0,1.9,2.1E-28,7.7E-15,9.7E-26,0.0,2.3E7,1.0,6.9E8,
2.1E-45,0.0014,1200.0,2000.0,6700.0,3799999.9999999995,240.0,2900.0,2600.0,4400.0,660.0,0.065,3799999.9999999995,0.0,3.9E-6,0.014,0.014,0.0,440.0,1.9,3.1E-31,7.7E-15,6.2E-26,0.0,2.4E7,1.0,6.9E8,
2.1E-45,0.0014,1200.0,2000.0,6700.0,3799999.9999999995,240.0,2900.0,2600.0,4400.0,660.0,0.065,3799999.9999999995,0.0,3.3E-6,0.014,0.014,0.0,440.0,1.9,1.7E-33,7.7E-15,4.6E-26,0.0,2.6E7,1.0,6.9E8,
2.1E-45,0.0014,1200.0,2000.0,6700.0,3799999.9999999995,240.0,2900.0,2600.0,4400.0,660.0,0.065,3799999.9999999995,0.0,2.8E-6,0.014,0.014,0.0,430.0,1.9,3.9E-36,7.7E-15,3.8E-26,0.0,2.7E7,1.0,6.9E8,
2.1E-45,0.0014,1200.0,2000.0,6700.0,3799999.9999999995,240.0,2900.0,2600.0,4400.0,660.0,0.065,3799999.9999999995,0.0,2.8E-6,0.014,0.014,0.0,430.0,1.9,1.2E-38,7.7E-15,3.2E-26,0.0,2.7E7,1.0,6.9E8,
2.1E-45,0.0014,1200.0,2000.0,6700.0,3799999.9999999995,240.0,2900.0,2600.0,4400.0,660.0,0.065,3799999.9999999995,0.0,3.4E-6,0.014,0.014,0.0,430.0,1.9,2.9E-41,7.7E-15,3.5E-26,0.0,2.5E7,1.0,6.9E8,
2.1E-45,0.0014,1200.0,2000.0,6700.0,3799999.9999999995,240.0,2900.0,2600.0,4400.0,660.0,0.065,3799999.9999999995,0.0,3.6E-6,0.014,0.014,0.0,430.0,1.9,7.6E-44,7.7E-15,3.9E-26,0.0,2.5E7,1.0,6.9E8,
2.1E-45,0.0014,1200.0,2000.0,6700.0,3799999.9999999995,240.0,2900.0,2600.0,4400.0,660.0,0.065,3799999.9999999995,0.0,3.5E-6,0.014,0.014,0.0,420.0,1.9,1.9E-46,7.7E-15,4.0E-26,0.0,2.5E7,1.0,6.9E8,
2.1E-45,0.0014,1200.0,2000.0,6700.0,3799999.9999999995,240.0,2900.0,2600.0,4400.0,660.0,0.065,3799999.9999999995,0.0,3.2E-6,0.014,0.014,0.0,420.0,1.9,5.2999999999999995E-49,7.7E-15,3.8E-26,0.0,2.6E7,1.0,6.9E8,
2.1E-45,0.0014,1200.0,2000.0,6700.0,3799999.9999999995,240.0,2900.0,2600.0,4400.0,660.0,0.065,3799999.9999999995,0.0,2.8E-6,0.014,0.014,0.0,420.0,1.9,1.1E-51,7.7E-15,3.5E-26,0.0,2.7E7,1.0,6.9E8,
2.1E-45,0.0014,1200.0,2000.0,6700.0,3799999.9999999995,240.0,2900.0,2600.0,4400.0,660.0,0.065,3799999.9999999995,0.0,2.5E-6,0.014,0.014,0.0,420.0,1.9,0.0,7.7E-15,3.1E-26,0.0,2.9E7,1.0,6.9E8,
2.1E-45,0.0014,1200.0,2000.0,6700.0,3799999.9999999995,240.0,2900.0,2600.0,4400.0,660.0,0.065,3799999.9999999995,0.0,2.2E-6,0.014,0.014,0.0,420.0,1.9,0.0,7.7E-15,2.7E-26,0.0,3.0E7,1.0,6.9E8,
2.1E-45,0.0014,1200.0,2000.0,6700.0,3799999.9999999995,240.0,2900.0,2600.0,4400.0,660.0,0.065,3799999.9999999995,0.0,1.9E-6,0.014,0.014,0.0,410.0,1.9,0.0,7.7E-15,2.4E-26,0.0,3.2E7,1.0,6.9E8,
2.1E-45,0.0014,1200.0,2000.0,6700.0,3799999.9999999995,240.0,2900.0,2600.0,4400.0,660.0,0.065,3799999.9999999995,0.0,2.5E-6,0.014,0.014,0.0,410.0,1.9,0.0,7.7E-15,2.5E-26,0.0,2.9E7,1.0,6.9E8,
2.1E-45,0.0014,1200.0,2000.0,6700.0,3799999.9999999995,240.0,2900.0,2600.0,4400.0,660.0,0.065,3799999.9999999995,0.0,2.8E-6,0.014,0.014,0.0,410.0,1.9,0.0,7.7E-15,2.9E-26,0.0,2.7E7,1.0,6.9E8,
2.1E-45,0.0014,1200.0,2000.0,6700.0,3799999.9999999995,240.0,2900.0,2600.0,4400.0,660.0,0.065,3799999.9999999995,0.0,2.9E-6,0.014,0.014,0.0,400.0,1.9,0.0,7.7E-15,3.1E-26,0.0,2.7E7,1.0,6.9E8,
2.1E-45,0.0014,1200.0,2000.0,6700.0,3799999.9999999995,240.0,2900.0,2600.0,4400.0,660.0,0.065,3799999.9999999995,0.0,2.7E-6,0.014,0.014,0.0,400.0,1.9,0.0,7.7E-15,3.1E-26,0.0,2.8E7,1.0,6.9E8,
2.1E-45,0.0014,1200.0,2000.0,6700.0,3799999.9999999995,240.0,2900.0,2600.0,4400.0,660.0,0.065,3799999.9999999995,0.0,2.5E-6,0.014,0.014,0.0,400.0,1.9,0.0,7.7E-15,3.0E-26,0.0,2.9E7,1.0,6.9E8,
2.1E-45,0.0014,1200.0,2000.0,6700.0,3799999.9999999995,240.0,2900.0,2600.0,4400.0,660.0,0.065,3799999.9999999995,0.0,2.2E-6,0.014,0.014,0.0,400.0,1.9,0.0,7.7E-15,2.7E-26,0.0,3.0E7,1.0,6.9E8,
2.1E-45,0.0013,1200.0,2000.0,6700.0,3699999.9999999995,240.0,2900.0,2600.0,4400.0,660.0,0.065,3799999.9999999995,0.0,2.0E-6,0.014,0.014,0.0,400.0,1.9,0.0,7.7E-15,2.5E-26,0.0,3.1E7,1.0,6.8E8,
2.1E-45,0.0013,1200.0,2000.0,6700.0,3699999.9999999995,240.0,2900.0,2600.0,4400.0,660.0,0.065,3799999.9999999995,0.0,2.6E-6,0.014,0.014,0.0,400.0,1.9,0.0,7.7E-15,2.6E-26,0.0,2.8E7,1.0,6.8E8,
8.4E-46,0.0021,3800.0,3000.0,4800.0,4099999.9999999995,240.0,2900.0,2600.0,4400.0,660.0,0.065,4200000.0,0.0,0.79,0.012,0.012,0.0,410.0,1.1,2.1E-9,7.8E-15,8.5E-22,0.0,2.8E7,1.0,6.9E8,
8.2E-46,0.0021,3800.0,3000.0,4800.0,3699999.9999999995,240.0,2900.0,2600.0,4400.0,660.0,0.064,3799999.9999999995,0.0,2.8E-6,0.011,0.011,0.0,410.0,1.8,2.8E-10,7.7E-15,5.499999999999999E-22,0.0,2.6E7,1.0,6.8E8,
8.2E-46,0.0021,3800.0,3000.0,4800.0,3699999.9999999995,240.0,2900.0,2600.0,4400.0,660.0,0.064,3799999.9999999995,0.0,3.6E-6,0.011,0.011,0.0,410.0,1.8,7.2E-13,7.7E-15,1.7E-22,0.0,2.4E7,1.0,6.8E8,
8.2E-46,0.0021,3800.0,3000.0,4800.0,3699999.9999999995,240.0,2900.0,2600.0,4400.0,660.0,0.064,3799999.9999999995,0.0,3.9E-6,0.011,0.011,0.0,410.0,1.8,1.9E-15,7.7E-15,5.0E-23,0.0,2.4E7,1.0,6.8E8,
8.2E-46,0.0021,3800.0,3000.0,4800.0,3699999.9999999995,240.0,2900.0,2600.0,4400.0,660.0,0.064,3799999.9999999995,0.0,3.8E-6,0.011,0.011,0.0,410.0,1.8,4.8E-18,7.7E-15,1.5E-23,0.0,2.4E7,1.0,6.8E8,
8.2E-46,0.0021,3800.0,3000.0,4800.0,3699999.9999999995,240.0,2900.0,2600.0,4400.0,660.0,0.064,3799999.9999999995,0.0,3.4E-6,0.011,0.011,0.0,410.0,1.8,1.2E-20,7.7E-15,4.5999999999999995E-24,0.0,2.5E7,1.0,6.8E8,
8.2E-46,0.0021,3800.0,3000.0,4800.0,3699999.9999999995,240.0,2900.0,2600.0,4400.0,660.0,0.064,3799999.9999999995,0.0,3.1E-6,0.011,0.011,0.0,410.0,1.8,3.3E-23,7.7E-15,1.3999999999999999E-24,0.0,2.6E7,1.0,6.8E8,
8.2E-46,0.0021,3800.0,3000.0,4800.0,3699999.9999999995,240.0,2900.0,2600.0,4400.0,660.0,0.064,3799999.9999999995,0.0,2.7E-6,0.011,0.011,0.0,400.0,1.8,9.999999999999999E-26,7.7E-15,4.3999999999999995E-25,0.0,2.7E7,1.0,6.8E8,
8.2E-46,0.0021,3800.0,3000.0,4800.0,3699999.9999999995,240.0,2900.0,2600.0,4400.0,660.0,0.064,3799999.9999999995,0.0,2.3E-6,0.011,0.011,0.0,400.0,1.8,2.6000000000000004E-28,7.7E-15,1.5E-25,0.0,2.8E7,1.0,6.8E8,
8.2E-46,0.0021,3800.0,3000.0,4800.0,3699999.9999999995,240.0,2900.0,2600.0,4400.0,660.0,0.064,3799999.9999999995,0.0,2.0E-6,0.011,0.011,0.0,400.0,1.8,8.3E-31,7.7E-15,6.299999999999999E-26,0.0,3.0E7,1.0,6.8E8,
8.2E-46,0.0021,3800.0,3000.0,4800.0,3699999.9999999995,240.0,2900.0,2600.0,4400.0,660.0,0.064,3799999.9999999995,0.0,2.3E-6,0.011,0.011,0.0,400.0,1.8,5.9000000000000005E-33,7.7E-15,3.6E-26,0.0,2.8E7,1.0,6.8E8,
8.2E-46,0.0021,3800.0,3000.0,4800.0,3699999.9999999995,240.0,2900.0,2600.0,4400.0,660.0,0.064,3799999.9999999995,0.0,2.8E-6,0.011,0.011,0.0,390.0,1.8,1.5E-35,7.7E-15,3.1E-26,0.0,2.7E7,1.0,6.8E8,
8.2E-46,0.0021,3800.0,3000.0,4800.0,3699999.9999999995,240.0,2900.0,2600.0,4400.0,660.0,0.064,3799999.9999999995,0.0,2.9E-6,0.011,0.011,0.0,380.0,1.8,3.9000000000000004E-38,7.7E-15,3.2E-26,0.0,2.6E7,1.0,6.8E8,
8.2E-46,0.0021,3800.0,3000.0,4800.0,3699999.9999999995,240.0,2900.0,2600.0,4400.0,660.0,0.064,3799999.9999999995,0.0,2.8E-6,0.011,0.011,0.0,370.0,1.8,1.0E-40,7.7E-15,3.2E-26,0.0,2.7E7,1.0,6.8E8,
8.2E-46,0.0021,3800.0,3000.0,4800.0,3699999.9999999995,240.0,2900.0,2600.0,4400.0,660.0,0.064,3799999.9999999995,0.0,2.5E-6,0.011,0.011,0.0,370.0,1.8,3.3999999999999997E-43,7.7E-15,3.0E-26,0.0,2.7E7,1.0,6.8E8,
8.2E-46,0.0021,3800.0,3000.0,4800.0,3699999.9999999995,240.0,2900.0,2600.0,4400.0,660.0,0.064,3799999.9999999995,0.0,2.2E-6,0.011,0.011,0.0,370.0,1.8,6.0E-44,7.7E-15,2.8E-26,0.0,2.9E7,1.0,6.8E8,
8.2E-46,0.0021,3800.0,3000.0,4800.0,3699999.9999999995,240.0,2900.0,2600.0,4400.0,660.0,0.064,3799999.9999999995,0.0,2.0E-6,0.011,0.011,0.0,370.0,1.8,8.5E-45,7.7E-15,2.5E-26,0.0,3.0E7,1.0,6.8E8,
8.2E-46,0.0021,3800.0,3000.0,4800.0,3699999.9999999995,240.0,2900.0,2600.0,4400.0,660.0,0.064,3799999.9999999995,0.0,1.7E-6,0.011,0.011,0.0,360.0,1.8,0.0,7.7E-15,2.2E-26,0.0,3.1E7,1.0,6.8E8,
8.2E-46,0.0021,3800.0,3000.0,4800.0,3699999.9999999995,240.0,2900.0,2600.0,4400.0,660.0,0.064,3799999.9999999995,0.0,1.8E-6,0.011,0.011,0.0,360.0,1.8,0.0,7.7E-15,2.0E-26,0.0,3.1E7,1.0,6.8E8,
8.2E-46,0.0021,3800.0,3000.0,4800.0,3699999.9999999995,240.0,2900.0,2600.0,4400.0,660.0,0.064,3799999.9999999995,0.0,2.3E-6,0.011,0.011,0.0,350.0,1.8,0.0,7.7E-15,2.2E-26,0.0,2.9E7,1.0,6.8E8,
8.2E-46,0.0021,3800.0,3000.0,4800.0,3699999.9999999995,240.0,2900.0,2600.0,4400.0,660.0,0.064,3799999.9999999995,0.0,2.5E-6,0.011,0.011,0.0,350.0,1.8,0.0,7.7E-15,2.6E-26,0.0,2.8E7,1.0,6.8E8,
8.2E-46,0.0021,3800.0,3000.0,4800.0,3699999.9999999995,240.0,2900.0,2600.0,4400.0,660.0,0.064,3799999.9999999995,0.0,2.5E-6,0.011,0.011,0.0,350.0,1.8,0.0,7.7E-15,2.7E-26,0.0,2.8E7,1.0,6.8E8,
8.2E-46,0.0021,3800.0,3000.0,4800.0,3699999.9999999995,240.0,2900.0,2600.0,4400.0,660.0,0.064,3799999.9999999995,0.0,2.3E-6,0.011,0.011,0.0,350.0,1.8,0.0,7.7E-15,2.7E-26,0.0,2.8E7,1.0,6.8E8,
8.2E-46,0.0021,3800.0,3000.0,4800.0,3699999.9999999995,240.0,2900.0,2600.0,4400.0,660.0,0.064,3799999.9999999995,0.0,2.1E-6,0.011,0.011,0.0,350.0,1.8,0.0,7.7E-15,2.5E-26,0.0,2.9E7,1.0,6.8E8,
8.2E-46,0.0021,3800.0,3000.0,4800.0,3699999.9999999995,240.0,2900.0,2600.0,4400.0,660.0,0.064,3799999.9999999995,0.0,1.9E-6,0.011,0.011,0.0,350.0,1.8,0.0,7.7E-15,2.3E-26,0.0,3.1E7,1.0,6.8E8,
8.2E-46,0.0021,3800.0,3000.0,4800.0,3699999.9999999995,240.0,2900.0,2600.0,4400.0,660.0,0.064,3799999.9999999995,0.0,1.7E-6,0.011,0.011,0.0,340.0,1.8,0.0,7.7E-15,2.1E-26,0.0,3.2E7,1.0,6.8E8,
7.5E-45,0.013,5900.0,72000.0,17000.0,4500000.0,240.0,2900.0,2600.0,4400.0,660.0,0.065,4700000.0,0.0,2.7,0.048,0.048,0.0,360.0,5.2,1.3E-9,7.9E-15,4.1E-21,0.0,3.4E7,1.0,6.9E8,
9.9E-46,0.0017,5900.0,3700.0,4000.0,4500000.0,240.0,2900.0,2600.0,4400.0,660.0,0.065,4600000.0,0.0,3.3E-6,0.022,0.022,0.0,360.0,3.2,2.6E-11,7.9E-15,2.4E-22,0.0,3.1E7,1.0,6.9E8,
9.8E-46,0.0017,5900.0,3700.0,4000.0,4500000.0,240.0,2900.0,2600.0,4400.0,660.0,0.065,4500000.0,0.0,4.1E-6,0.021,0.021,0.0,350.0,3.1,4.8E-13,7.8E-15,1.0999999999999998E-22,0.0,2.9E7,1.0,6.9E8,
9.599999999999999E-46,0.0016,5900.0,3700.0,4000.0,4300000.0,240.0,2900.0,2600.0,4300.0,660.0,0.064,4300000.0,0.0,4.9E-6,0.021,0.021,0.0,350.0,3.1,8.9E-15,7.8E-15,4.8E-23,0.0,2.6E7,1.0,6.9E8,
9.5E-46,0.0016,5900.0,3600.0,4000.0,4099999.9999999995,240.0,2900.0,2600.0,4300.0,660.0,0.064,4200000.0,0.0,6.1E-6,0.02,0.02,0.0,350.0,3.0,6.2E-17,7.8E-15,1.8E-23,0.0,2.4E7,1.0,6.9E8,
9.3E-46,0.0016,5900.0,3600.0,4000.0,3899999.9999999995,240.0,2900.0,2600.0,4300.0,660.0,0.064,3899999.9999999995,0.0,7.0E-6,0.019,0.019,0.0,340.0,2.9,1.1E-18,7.8E-15,7.8E-24,0.0,2.3E7,1.0,6.9E8,
9.2E-46,0.0015,5900.0,3600.0,4000.0,3699999.9999999995,240.0,2900.0,2600.0,4300.0,650.0,0.064,3799999.9999999995,0.0,7.4E-6,0.019,0.019,0.0,340.0,2.9,1.6E-19,7.7E-15,5.199999999999999E-24,0.0,2.2E7,1.0,6.9E8,
9.2E-46,0.0015,5900.0,3600.0,4000.0,3699999.9999999995,240.0,2800.0,2600.0,4300.0,650.0,0.064,3799999.9999999995,0.0,8.7E-6,0.018,0.018,0.0,340.0,2.9,3.9999999999999997E-22,7.7E-15,1.5999999999999999E-24,0.0,2.1E7,1.0,6.8E8,
9.2E-46,0.0015,5900.0,3600.0,4000.0,3699999.9999999995,240.0,2800.0,2600.0,4300.0,650.0,0.063,3699999.9999999995,0.0,1.0E-5,0.018,0.018,0.0,340.0,2.9,1.0E-24,7.7E-15,5.6E-25,0.0,2.0E7,1.0,6.8E8,
9.4E-46,0.0015,2900.0,2100.0,5600.0,4600000.0,240.0,2800.0,2600.0,4300.0,650.0,0.064,4600000.0,0.0,1.4E-5,0.023,0.023,0.0,360.0,3.6,7.5E-11,7.8E-15,9.999999999999999E-23,0.0,1.9E7,1.0,6.9E8,
9.2E-46,0.0015,2900.0,2100.0,5600.0,4300000.0,240.0,2800.0,2600.0,4300.0,650.0,0.063,4300000.0,0.0,1.5E-5,0.021,0.021,0.0,360.0,3.5,1.4E-12,7.8E-15,4.6E-23,0.0,1.9E7,1.0,6.9E8,
8.9E-46,0.0014,2900.0,2100.0,5600.0,3899999.9999999995,240.0,2800.0,2600.0,4300.0,650.0,0.063,3999999.9999999995,0.0,1.6E-5,0.02,0.02,0.0,360.0,3.4,2.6E-14,7.7E-15,2.0E-23,0.0,1.8E7,1.0,6.9E8,
8.7E-46,0.0014,2900.0,2100.0,5600.0,3699999.9999999995,240.0,2800.0,2600.0,4300.0,650.0,0.063,3799999.9999999995,0.0,1.8E-5,0.019,0.019,0.0,360.0,3.3,1.8E-16,7.7E-15,7.4E-24,0.0,1.7E7,1.0,6.9E8,
8.7E-46,0.0014,2900.0,2100.0,5600.0,3699999.9999999995,240.0,2800.0,2600.0,4300.0,650.0,0.063,3799999.9999999995,0.0,1.8E-5,0.019,0.019,0.0,360.0,3.3,4.6E-19,7.7E-15,2.4E-24,0.0,1.7E7,1.0,6.9E8,
8.7E-46,0.0014,2900.0,2100.0,5600.0,3699999.9999999995,240.0,2800.0,2600.0,4300.0,650.0,0.063,3799999.9999999995,0.0,1.6E-5,0.019,0.019,0.0,360.0,3.3,1.2E-21,7.7E-15,8.4E-25,0.0,1.8E7,1.0,6.9E8,
8.7E-46,0.0014,2900.0,2100.0,5600.0,3699999.9999999995,240.0,2800.0,2600.0,4300.0,650.0,0.063,3799999.9999999995,0.0,1.4E-5,0.019,0.019,0.0,360.0,3.3,2.9999999999999996E-24,7.7E-15,3.6999999999999996E-25,0.0,1.9E7,1.0,6.9E8,
8.7E-46,0.0014,2900.0,2100.0,5600.0,3699999.9999999995,240.0,2800.0,2600.0,4300.0,650.0,0.063,3799999.9999999995,0.0,1.2E-5,0.019,0.019,0.0,350.0,3.3,7.800000000000001E-27,7.7E-15,2.1E-25,0.0,2.0E7,1.0,6.9E8,
8.7E-46,0.0014,2900.0,2100.0,5600.0,3699999.9999999995,240.0,2800.0,2600.0,4300.0,650.0,0.063,3799999.9999999995,0.0,9.6E-6,0.019,0.019,0.0,350.0,3.3,2.7999999999999997E-29,7.7E-15,1.4E-25,0.0,2.1E7,1.0,6.9E8,
8.7E-46,0.0014,2900.0,2100.0,5600.0,3699999.9999999995,240.0,2800.0,2600.0,4300.0,650.0,0.063,3799999.9999999995,0.0,8.0E-6,0.019,0.019,0.0,350.0,3.3,3.1E-31,7.7E-15,1.0999999999999999E-25,0.0,2.3E7,1.0,6.9E8,
8.7E-46,0.0014,2900.0,2100.0,5600.0,3699999.9999999995,240.0,2800.0,2600.0,4300.0,650.0,0.063,3799999.9999999995,0.0,6.7E-6,0.019,0.019,0.0,340.0,3.3,0.0,7.7E-15,9.0E-26,0.0,2.4E7,1.0,6.9E8,
8.7E-46,0.0014,2900.0,2100.0,5600.0,3699999.9999999995,240.0,2800.0,2600.0,4300.0,650.0,0.063,3799999.9999999995,0.0,5.6E-6,0.019,0.019,0.0,340.0,3.3,1.2E-32,7.7E-15,7.4E-26,0.0,2.6E7,1.0,6.9E8,
8.7E-46,0.0014,2900.0,2100.0,5600.0,3699999.9999999995,240.0,2800.0,2600.0,4300.0,650.0,0.063,3799999.9999999995,0.0,7.0E-6,0.019,0.019,0.0,340.0,3.3,3.1E-35,7.7E-15,7.3E-26,0.0,2.4E7,1.0,6.9E8,
8.7E-46,0.0014,2900.0,2100.0,5600.0,3699999.9999999995,240.0,2800.0,2600.0,4300.0,650.0,0.063,3799999.9999999995,0.0,7.5E-6,0.019,0.019,0.0,340.0,3.3,8.000000000000001E-38,7.7E-15,8.0E-26,0.0,2.3E7,1.0,6.9E8,
8.7E-46,0.0014,2900.0,2100.0,5600.0,3699999.9999999995,240.0,2800.0,2600.0,4300.0,650.0,0.063,3799999.9999999995,0.0,7.3E-6,0.019,0.019,0.0,340.0,3.3,2.1E-40,7.7E-15,8.2E-26,0.0,2.4E7,1.0,6.9E8,
8.7E-46,0.0014,2900.0,2100.0,5600.0,3699999.9999999995,240.0,2800.0,2600.0,4300.0,650.0,0.063,3799999.9999999995,0.0,6.6E-6,0.019,0.019,0.0,340.0,3.3,5.2999999999999995E-43,7.7E-15,7.9E-26,0.0,2.4E7,1.0,6.9E8,
8.7E-46,0.0014,2900.0,2100.0,5600.0,3699999.9999999995,240.0,2800.0,2600.0,4300.0,650.0,0.063,3799999.9999999995,0.0,5.9E-6,0.019,0.019,0.0,340.0,3.3,5.6E-45,7.7E-15,7.2E-26,0.0,2.5E7,1.0,6.9E8,
8.7E-46,0.0014,2900.0,2100.0,5600.0,3699999.9999999995,240.0,2800.0,2600.0,4300.0,650.0,0.062,3699999.9999999995,0.0,5.1E-6,0.019,0.019,0.0,340.0,3.3,1.6E-45,7.6E-15,6.4E-26,0.0,2.6E7,1.0,6.8E8,
8.7E-46,0.0014,2900.0,2100.0,5600.0,3699999.9999999995,240.0,2800.0,2600.0,4300.0,650.0,0.062,3699999.9999999995,0.0,6.4E-6,0.019,0.019,0.0,340.0,3.3,4.2000000000000004E-48,7.6E-15,6.6E-26,0.0,2.4E7,1.0,6.8E8,
8.7E-46,0.0014,2900.0,2100.0,5600.0,3699999.9999999995,240.0,2800.0,2600.0,4300.0,650.0,0.062,3699999.9999999995,0.0,7.0E-6,0.019,0.019,0.0,340.0,3.3,1.1E-50,7.6E-15,7.3E-26,0.0,2.4E7,1.0,6.8E8,
8.7E-46,0.0014,2900.0,2100.0,5600.0,3699999.9999999995,240.0,2800.0,2600.0,4300.0,650.0,0.062,3699999.9999999995,0.0,6.8E-6,0.019,0.019,0.0,330.0,3.3,2.8E-53,7.6E-15,7.6E-26,0.0,2.4E7,1.0,6.8E8,
8.7E-46,0.0014,2900.0,2100.0,5600.0,3699999.9999999995,240.0,2800.0,2600.0,4300.0,650.0,0.062,3699999.9999999995,0.0,6.3E-6,0.019,0.019,0.0,330.0,3.3,7.1E-56,7.6E-15,7.4E-26,0.0,2.5E7,1.0,6.8E8,
8.7E-46,0.0014,2900.0,2100.0,5600.0,3699999.9999999995,240.0,2800.0,2600.0,4300.0,650.0,0.062,3699999.9999999995,0.0,5.6E-6,0.019,0.019,0.0,330.0,3.3,1.1000000000000002E-59,7.6E-15,6.8E-26,0.0,2.6E7,1.0,6.8E8,
8.7E-46,0.0014,2900.0,2100.0,5600.0,3699999.9999999995,240.0,2800.0,2600.0,4300.0,650.0,0.062,3699999.9999999995,0.0,4.9E-6,0.019,0.019,0.0,330.0,3.3,0.0,7.6E-15,6.1E-26,0.0,2.7E7,1.0,6.8E8,
8.7E-46,0.0014,2900.0,2100.0,5600.0,3699999.9999999995,240.0,2800.0,2600.0,4300.0,650.0,0.062,3699999.9999999995,0.0,4.2E-6,0.019,0.019,0.0,330.0,3.3,0.0,7.6E-15,5.3E-26,0.0,2.8E7,1.0,6.8E8,
8.7E-46,0.0014,2900.0,2100.0,5600.0,3699999.9999999995,240.0,2800.0,2600.0,4300.0,650.0,0.062,3699999.9999999995,0.0,3.7E-6,0.019,0.019,0.0,330.0,3.3,0.0,7.6E-15,4.6E-26,0.0,3.0E7,1.0,6.8E8,
8.7E-46,0.0014,2900.0,2100.0,5600.0,3699999.9999999995,240.0,2800.0,2600.0,4300.0,650.0,0.062,3699999.9999999995,0.0,4.3E-6,0.019,0.019,0.0,330.0,3.3,0.0,7.5E-15,4.4E-26,0.0,2.8E7,1.0,6.7E8,
8.7E-46,0.0014,2900.0,2100.0,5600.0,3699999.9999999995,240.0,2800.0,2600.0,4300.0,650.0,0.062,3699999.9999999995,0.0,5.4E-6,0.019,0.019,0.0,330.0,3.3,0.0,7.5E-15,5.3E-26,0.0,2.6E7,1.0,6.7E8,
8.7E-46,0.0014,2900.0,2100.0,5600.0,3699999.9999999995,240.0,2800.0,2600.0,4300.0,650.0,0.062,3699999.9999999995,0.0,5.9E-6,0.019,0.019,0.0,330.0,3.3,0.0,7.5E-15,6.1E-26,0.0,2.5E7,1.0,6.7E8,
8.7E-46,0.0014,2900.0,2100.0,5600.0,3699999.9999999995,240.0,2800.0,2600.0,4300.0,650.0,0.062,3699999.9999999995,0.0,5.8E-6,0.019,0.019,0.0,320.0,3.3,0.0,7.5E-15,6.4E-26,0.0,2.5E7,1.0,6.7E8,
8.7E-46,0.0014,2900.0,2100.0,5600.0,3699999.9999999995,240.0,2800.0,2600.0,4300.0,650.0,0.061,3699999.9999999995,0.0,5.4E-6,0.019,0.019,0.0,320.0,3.3,0.0,7.5E-15,6.299999999999999E-26,0.0,2.6E7,1.0,6.7E8,
8.7E-46,0.0014,2900.0,2100.0,5600.0,3699999.9999999995,240.0,2800.0,2600.0,4300.0,650.0,0.062,3699999.9999999995,0.0,4.8E-6,0.019,0.019,0.0,320.0,3.3,0.0,7.5E-15,5.8E-26,0.0,2.7E7,1.0,6.7E8,
8.7E-46,0.0014,2900.0,2100.0,5600.0,3699999.9999999995,240.0,2800.0,2600.0,4300.0,650.0,0.062,3699999.9999999995,0.0,4.2E-6,0.019,0.019,0.0,320.0,3.3,0.0,7.5E-15,5.2E-26,0.0,2.8E7,1.0,6.7E8,
8.7E-46,0.0014,2900.0,2100.0,5600.0,3699999.9999999995,240.0,2800.0,2600.0,4300.0,650.0,0.062,3699999.9999999995,0.0,3.7E-6,0.019,0.019,0.0,320.0,3.3,0.0,7.5E-15,4.6E-26,0.0,2.9E7,1.0,6.7E8,
5.0E-46,0.0012,10000.0,4300.0,3300.0,4600000.0,240.0,2800.0,2600.0,4300.0,650.0,0.062,4600000.0,0.0,7.7E-7,0.022,0.022,0.0,340.0,2.4,8.5E-11,7.7E-15,2.8999999999999997E-22,0.0,2.8E7,1.0,6.8E8,
4.7999999999999995E-46,0.0012,2700.0,4300.0,3300.0,4200000.0,240.0,2800.0,2600.0,4300.0,650.0,0.062,4200000.0,0.0,3.6E-6,0.021,0.021,0.0,340.0,2.3,4.2E-12,7.6E-15,1.5E-22,0.0,2.6E7,1.0,6.8E8,
4.7E-46,0.0011,2700.0,4300.0,3300.0,3999999.9999999995,240.0,2800.0,2500.0,4300.0,640.0,0.061,3999999.9999999995,0.0,3.8E-6,0.02,0.02,0.0,330.0,2.2,5.8E-13,7.6E-15,9.999999999999999E-23,0.0,2.5E7,1.0,6.8E8,
4.6E-46,0.0011,2700.0,4300.0,3300.0,3799999.9999999995,240.0,2800.0,2500.0,4300.0,640.0,0.061,3899999.9999999995,0.0,4.7E-6,0.02,0.02,0.0,340.0,2.2,4.0E-15,7.6E-15,3.7E-23,0.0,2.3E7,1.0,6.7E8,
4.6E-46,0.0011,2700.0,4300.0,3300.0,3699999.9999999995,240.0,2800.0,2500.0,4300.0,640.0,0.061,3699999.9999999995,0.0,5.4E-6,0.019,0.019,0.0,340.0,2.1,7.5E-17,7.5E-15,1.6000000000000002E-23,0.0,2.2E7,1.0,6.7E8,
4.6E-46,0.0011,2700.0,4300.0,3300.0,3699999.9999999995,240.0,2800.0,2500.0,4300.0,640.0,0.061,3699999.9999999995,0.0,6.0E-6,0.019,0.019,0.0,340.0,2.1,1.9E-19,7.5E-15,5.0E-24,0.0,2.1E7,1.0,6.7E8,
4.6E-46,0.0011,2700.0,4300.0,3300.0,3699999.9999999995,240.0,2800.0,2500.0,4300.0,640.0,0.061,3699999.9999999995,0.0,6.8E-6,0.019,0.019,0.0,340.0,2.1,4.9E-22,7.5E-15,1.5999999999999999E-24,0.0,2.0E7,1.0,6.7E8,
4.6E-46,0.0011,2700.0,4200.0,3300.0,3699999.9999999995,240.0,2800.0,2500.0,4300.0,640.0,0.061,3699999.9999999995,0.0,6.9E-6,0.019,0.019,0.0,330.0,2.1,1.2999999999999998E-24,7.5E-15,5.2E-25,0.0,2.0E7,1.0,6.7E8,
4.6E-46,0.0011,2700.0,4200.0,3300.0,3699999.9999999995,240.0,2800.0,2500.0,4300.0,640.0,0.061,3699999.9999999995,0.0,6.4E-6,0.019,0.019,0.0,330.0,2.1,3.2000000000000003E-27,7.5E-15,2.1E-25,0.0,2.0E7,1.0,6.7E8,
4.6E-46,0.0011,2700.0,4200.0,3300.0,3699999.9999999995,240.0,2800.0,2500.0,4300.0,640.0,0.061,3699999.9999999995,0.0,5.7E-6,0.019,0.019,0.0,330.0,2.1,8.3E-30,7.5E-15,1.0999999999999999E-25,0.0,2.1E7,1.0,6.7E8,
4.6E-46,0.0011,2700.0,4200.0,3300.0,3699999.9999999995,240.0,2800.0,2500.0,4300.0,640.0,0.061,3699999.9999999995,0.0,4.9E-6,0.019,0.019,0.0,330.0,2.1,2.1000000000000002E-32,7.5E-15,7.4E-26,0.0,2.3E7,1.0,6.7E8,
4.6E-46,0.0011,2700.0,4200.0,3300.0,3699999.9999999995,240.0,2800.0,2500.0,4300.0,640.0,0.061,3699999.9999999995,0.0,4.1E-6,0.019,0.019,0.0,330.0,2.1,2.3999999999999999E-35,7.5E-15,5.7E-26,0.0,2.4E7,1.0,6.7E8,
4.6E-46,0.0011,2700.0,4200.0,3300.0,3699999.9999999995,240.0,2800.0,2500.0,4300.0,640.0,0.061,3699999.9999999995,0.0,3.5E-6,0.019,0.019,0.0,330.0,2.1,0.0,7.5E-15,4.7E-26,0.0,2.5E7,1.0,6.7E8,
4.6E-46,0.0011,2700.0,4200.0,3300.0,3699999.9999999995,240.0,2800.0,2500.0,4300.0,640.0,0.061,3699999.9999999995,0.0,3.0E-6,0.019,0.019,0.0,330.0,2.1,4.0000000000000004E-36,7.5E-15,4.0E-26,0.0,2.7E7,1.0,6.7E8,
4.6E-46,0.0011,2700.0,4200.0,3300.0,3699999.9999999995,240.0,2800.0,2500.0,4300.0,640.0,0.061,3699999.9999999995,0.0,3.4E-6,0.019,0.019,0.0,330.0,2.1,7.5E-39,7.5E-15,3.7E-26,0.0,2.6E7,1.0,6.7E8,
4.6E-46,0.0011,2700.0,4200.0,3300.0,3699999.9999999995,240.0,2800.0,2500.0,4300.0,640.0,0.061,3699999.9999999995,0.0,4.0E-6,0.019,0.019,0.0,330.0,2.1,1.9E-41,7.5E-15,4.1E-26,0.0,2.4E7,1.0,6.7E8,
4.6E-46,0.0011,2700.0,4200.0,3300.0,3699999.9999999995,240.0,2800.0,2500.0,4300.0,640.0,0.061,3699999.9999999995,0.0,4.0E-6,0.019,0.019,0.0,320.0,2.1,4.9E-44,7.5E-15,4.4E-26,0.0,2.4E7,1.0,6.7E8,
4.6E-46,0.0011,2700.0,4200.0,3300.0,3699999.9999999995,240.0,2800.0,2500.0,4300.0,640.0,0.061,3699999.9999999995,0.0,3.8E-6,0.019,0.019,0.0,320.0,2.1,1.2999999999999999E-46,7.5E-15,4.4E-26,0.0,2.5E7,1.0,6.7E8,
4.6E-46,0.0011,2700.0,4200.0,3300.0,3699999.9999999995,240.0,2800.0,2500.0,4300.0,640.0,0.061,3699999.9999999995,0.0,3.4E-6,0.019,0.019,0.0,310.0,2.1,4.2999999999999994E-49,7.5E-15,4.2E-26,0.0,2.6E7,1.0,6.7E8,
4.6E-46,0.0011,2700.0,4200.0,3300.0,3699999.9999999995,240.0,2800.0,2500.0,4300.0,640.0,0.061,3699999.9999999995,0.0,3.0E-6,0.019,0.019,0.0,310.0,2.1,9.2E-50,7.5E-15,3.8E-26,0.0,2.7E7,1.0,6.7E8,
4.6E-46,0.0011,2700.0,4200.0,3300.0,3699999.9999999995,240.0,2800.0,2500.0,4300.0,640.0,0.061,3699999.9999999995,0.0,2.7E-6,0.019,0.019,0.0,310.0,2.1,5.6E-51,7.5E-15,3.4E-26,0.0,2.8E7,1.0,6.7E8,
4.6E-46,0.0011,2700.0,4200.0,3300.0,3699999.9999999995,240.0,2800.0,2500.0,4300.0,640.0,0.061,3699999.9999999995,0.0,2.3E-6,0.019,0.019,0.0,310.0,2.1,0.0,7.5E-15,3.0E-26,0.0,2.9E7,1.0,6.7E8,
4.6E-46,0.0011,2700.0,4200.0,3300.0,3699999.9999999995,240.0,2800.0,2500.0,4300.0,640.0,0.061,3699999.9999999995,0.0,2.4E-6,0.019,0.019,0.0,310.0,2.1,0.0,7.5E-15,2.6E-26,0.0,2.9E7,1.0,6.7E8,
4.6E-46,0.0011,2700.0,4200.0,3300.0,3699999.9999999995,240.0,2800.0,2500.0,4300.0,640.0,0.061,3699999.9999999995,0.0,3.0E-6,0.019,0.019,0.0,310.0,2.1,0.0,7.5E-15,3.0E-26,0.0,2.7E7,1.0,6.7E8,
4.6E-46,0.0011,2700.0,4200.0,3300.0,3699999.9999999995,240.0,2800.0,2500.0,4300.0,640.0,0.061,3699999.9999999995,0.0,3.2E-6,0.019,0.019,0.0,310.0,2.1,0.0,7.5E-15,3.4E-26,0.0,2.6E7,1.0,6.7E8,
4.6E-46,0.0011,2700.0,4200.0,3300.0,3699999.9999999995,240.0,2800.0,2500.0,4300.0,640.0,0.061,3699999.9999999995,0.0,3.2E-6,0.019,0.019,0.0,310.0,2.1,0.0,7.5E-15,3.6E-26,0.0,2.6E7,1.0,6.7E8,
4.6E-46,0.0011,2700.0,4200.0,3300.0,3699999.9999999995,240.0,2800.0,2500.0,4300.0,640.0,0.061,3699999.9999999995,0.0,3.0E-6,0.019,0.019,0.0,310.0,2.1,0.0,7.5E-15,3.5E-26,0.0,2.7E7,1.0,6.7E8,
4.6E-46,0.0011,2700.0,4200.0,3300.0,3699999.9999999995,240.0,2800.0,2500.0,4300.0,640.0,0.061,3699999.9999999995,0.0,2.7E-6,0.019,0.019,0.0,310.0,2.1,0.0,7.5E-15,3.3E-26,0.0,2.8E7,1.0,6.7E8,
4.6E-46,0.0011,2700.0,4200.0,3300.0,3699999.9999999995,240.0,2800.0,2500.0,4300.0,640.0,0.061,3699999.9999999995,0.0,2.4E-6,0.019,0.019,0.0,310.0,2.1,0.0,7.5E-15,3.0E-26,0.0,2.9E7,1.0,6.7E8,
4.6E-46,0.0011,2700.0,4200.0,3300.0,3699999.9999999995,240.0,2800.0,2500.0,4300.0,640.0,0.061,3699999.9999999995,0.0,2.1E-6,0.019,0.019,0.0,300.0,2.1,0.0,7.5E-15,2.6E-26,0.0,3.1E7,1.0,6.7E8,
4.6E-46,0.0011,2700.0,4200.0,3300.0,3699999.9999999995,240.0,2800.0,2500.0,4300.0,640.0,0.061,3699999.9999999995,0.0,1.8E-6,0.019,0.019,0.0,300.0,2.1,0.0,7.5E-15,2.3E-26,0.0,3.2E7,1.0,6.7E8,
4.6E-46,0.0011,2700.0,4200.0,3300.0,3699999.9999999995,240.0,2800.0,2500.0,4300.0,640.0,0.061,3699999.9999999995,0.0,2.5E-6,0.019,0.019,0.0,300.0,2.1,0.0,7.5E-15,2.5E-26,0.0,2.9E7,1.0,6.7E8,
2.7E-46,7.8E-4,1300.0,3900.0,1400.0,4800000.0,240.0,2800.0,2500.0,4300.0,640.0,0.062,4800000.0,0.0,6.5E-7,0.035,0.035,0.0,330.0,1.9,4.0E-11,7.7E-15,1.3E-22,0.0,2.7E7,1.0,6.8E8,
2.5999999999999998E-46,7.6E-4,1300.0,3900.0,1400.0,4400000.0,240.0,2800.0,2500.0,4300.0,640.0,0.061,4400000.0,0.0,3.2E-6,0.033,0.033,0.0,330.0,1.8,7.4E-13,7.7E-15,5.9E-23,0.0,2.5E7,1.0,6.7E8,
2.5E-46,7.3E-4,1300.0,3900.0,1400.0,3999999.9999999995,240.0,2800.0,2500.0,4300.0,640.0,0.061,3999999.9999999995,0.0,3.5E-6,0.031,0.031,0.0,330.0,1.7,3.7E-14,7.6E-15,3.1E-23,0.0,2.4E7,1.0,6.7E8,
2.3999999999999997E-46,7.1E-4,1300.0,3900.0,1400.0,3799999.9999999995,240.0,2800.0,2500.0,4300.0,640.0,0.061,3799999.9999999995,0.0,3.6E-6,0.029,0.029,0.0,330.0,1.6,5.1E-15,7.6E-15,2.0E-23,0.0,2.3E7,1.0,6.7E8,
2.3999999999999997E-46,7.0E-4,1300.0,3900.0,1400.0,3699999.9999999995,240.0,2800.0,2500.0,4300.0,640.0,0.06,3699999.9999999995,0.0,4.1E-6,0.028,0.028,0.0,330.0,1.6,9.4E-17,7.6E-15,9.0E-24,0.0,2.1E7,1.0,6.7E8,
2.3999999999999997E-46,7.0E-4,1300.0,3900.0,1400.0,3699999.9999999995,240.0,2800.0,2500.0,4300.0,640.0,0.06,3699999.9999999995,0.0,4.9E-6,0.028,0.028,0.0,330.0,1.6,2.4E-19,7.5E-15,2.6999999999999997E-24,0.0,2.0E7,1.0,6.6E8,
2.3999999999999997E-46,7.0E-4,1300.0,3900.0,1400.0,3699999.9999999995,240.0,2800.0,2500.0,4300.0,640.0,0.06,3699999.9999999995,0.0,5.3E-6,0.028,0.028,0.0,330.0,1.6,6.1E-22,7.5E-15,8.7E-25,0.0,1.9E7,1.0,6.6E8,
2.3999999999999997E-46,7.0E-4,1300.0,3900.0,1400.0,3699999.9999999995,240.0,2800.0,2500.0,4300.0,640.0,0.06,3699999.9999999995,0.0,5.1E-6,0.028,0.028,0.0,320.0,1.6,1.4999999999999998E-24,7.5E-15,3.0E-25,0.0,2.0E7,1.0,6.6E8,
2.3999999999999997E-46,7.0E-4,1300.0,3900.0,1400.0,3699999.9999999995,240.0,2800.0,2500.0,4300.0,640.0,0.06,3699999.9999999995,0.0,4.6E-6,0.028,0.028,0.0,320.0,1.6,3.9000000000000004E-27,7.5E-15,1.3E-25,0.0,2.0E7,1.0,6.6E8,
2.3999999999999997E-46,7.0E-4,1300.0,3900.0,1400.0,3699999.9999999995,240.0,2800.0,2500.0,4300.0,640.0,0.06,3699999.9999999995,0.0,4.0E-6,0.028,0.028,0.0,320.0,1.6,1.1E-29,7.5E-15,7.2E-26,0.0,2.2E7,1.0,6.6E8,
2.3999999999999997E-46,7.0E-4,1300.0,3900.0,1400.0,3699999.9999999995,240.0,2800.0,2500.0,4300.0,640.0,0.06,3699999.9999999995,0.0,3.4E-6,0.028,0.028,0.0,320.0,1.6,2.4E-32,7.5E-15,5.0E-26,0.0,2.3E7,1.0,6.6E8,
1.3E-45,0.0068,40000.0,59000.0,4200.0,5200000.0,11000.0,5400.0,11000.0,23000.0,12000.0,0.061,5400000.0,0.0,0.11,0.17,0.17,0.0,540.0,4.0,1.7E-9,8.5E-15,2.6999999999999997E-22,0.0,2.5E7,1.0,7.0E8,
1.9E-46,0.001,2400.0,880.0,4200.0,5100000.0,3000.0,5400.0,3300.0,3300.0,4100.0,0.061,5200000.0,0.0,9.0E-6,0.068,0.068,0.0,530.0,4.0,9.1E-11,8.5E-15,2.2E-23,0.0,2.4E7,1.0,7.0E8,
1.9E-46,0.001,2400.0,880.0,4200.0,5000000.0,3000.0,5400.0,3300.0,3300.0,4100.0,0.061,5000000.0,0.0,1.1E-5,0.067,0.067,0.0,520.0,4.0,6.3E-13,8.4E-15,8.0E-24,0.0,2.2E7,1.0,7.0E8,
1.8E-46,9.5E-4,2400.0,880.0,4200.0,4400000.0,3000.0,5400.0,3300.0,3300.0,4100.0,0.06,4400000.0,0.0,1.1E-5,0.063,0.063,0.0,520.0,3.7,3.1E-14,8.3E-15,4.2E-24,0.0,2.1E7,1.0,6.9E8,
1.7E-46,9.1E-4,2400.0,880.0,4200.0,3999999.9999999995,3000.0,5400.0,3300.0,3300.0,4100.0,0.06,4099999.9999999995,0.0,1.2E-5,0.06,0.06,0.0,520.0,3.5,4.3E-15,8.3E-15,2.6999999999999997E-24,0.0,2.1E7,1.0,6.9E8,
1.7E-46,9.0E-4,2400.0,880.0,4200.0,3999999.9999999995,3000.0,5400.0,3300.0,3300.0,4100.0,0.059,3999999.9999999995,0.0,1.3E-5,0.059,0.059,0.0,510.0,3.5,8.0E-17,8.3E-15,1.2999999999999998E-24,0.0,2.0E7,1.0,6.9E8,
1.6E-46,8.8E-4,2400.0,880.0,4200.0,3699999.9999999995,3000.0,5400.0,3300.0,3300.0,4100.0,0.059,3799999.9999999995,0.0,1.4E-5,0.058,0.058,0.0,510.0,3.4,4.1E-18,8.2E-15,7.699999999999999E-25,0.0,1.9E7,1.0,6.9E8,
1.6E-46,8.8E-4,2400.0,880.0,4200.0,3699999.9999999995,3000.0,5400.0,3300.0,3300.0,4100.0,0.059,3799999.9999999995,0.0,1.5E-5,0.058,0.058,0.0,500.0,3.4,1.0E-20,8.2E-15,3.4999999999999997E-25,0.0,1.9E7,1.0,6.9E8,
1.6E-46,8.8E-4,2400.0,880.0,4200.0,3699999.9999999995,3000.0,5400.0,3300.0,3300.0,4100.0,0.059,3799999.9999999995,0.0,1.4E-5,0.058,0.058,0.0,500.0,3.4,2.7E-23,8.2E-15,2.1999999999999997E-25,0.0,1.9E7,1.0,6.9E8,
1.6E-46,8.8E-4,2400.0,880.0,4200.0,3699999.9999999995,3000.0,5400.0,3300.0,3300.0,4100.0,0.059,3799999.9999999995,0.0,1.2E-5,0.058,0.058,0.0,500.0,3.4,7.0E-26,8.2E-15,1.7E-25,0.0,2.0E7,1.0,6.9E8,
1.6E-46,8.8E-4,2400.0,880.0,4200.0,3699999.9999999995,3000.0,5400.0,3300.0,3300.0,4100.0,0.059,3799999.9999999995,0.0,1.0E-5,0.058,0.058,0.0,500.0,3.4,1.9000000000000003E-28,8.2E-15,1.5E-25,0.0,2.1E7,1.0,6.9E8,
1.6E-46,8.8E-4,2400.0,880.0,4200.0,3699999.9999999995,3000.0,5400.0,3300.0,3300.0,4100.0,0.059,3799999.9999999995,0.0,8.7E-6,0.058,0.058,0.0,500.0,3.4,3.6E-30,8.2E-15,1.2E-25,0.0,2.2E7,1.0,6.9E8,
1.6E-46,8.8E-4,2400.0,880.0,4200.0,3699999.9999999995,3000.0,5400.0,3300.0,3300.0,4100.0,0.059,3799999.9999999995,0.0,7.3E-6,0.058,0.058,0.0,500.0,3.4,4.899999999999999E-31,8.2E-15,9.999999999999999E-26,0.0,2.4E7,1.0,6.9E8,
1.6E-46,8.8E-4,2400.0,880.0,4200.0,3699999.9999999995,3000.0,5400.0,3300.0,3300.0,4100.0,0.059,3799999.9999999995,0.0,6.2E-6,0.058,0.058,0.0,490.0,3.4,0.0,8.2E-15,8.6E-26,0.0,2.5E7,1.0,6.9E8,
1.6E-46,8.8E-4,2400.0,880.0,4200.0,3699999.9999999995,3000.0,5400.0,3300.0,3300.0,4100.0,0.059,3799999.9999999995,0.0,5.2E-6,0.058,0.058,0.0,490.0,3.4,2.8000000000000002E-33,8.2E-15,7.3E-26,0.0,2.7E7,1.0,6.9E8,
1.6E-46,8.8E-4,2400.0,880.0,4200.0,3699999.9999999995,3000.0,5400.0,3300.0,3300.0,4100.0,0.059,3799999.9999999995,0.0,6.6E-6,0.058,0.058,0.0,490.0,3.4,7.3E-36,8.2E-15,7.3E-26,0.0,2.5E7,1.0,6.9E8,
1.6E-46,8.8E-4,2400.0,880.0,4200.0,3699999.9999999995,3000.0,5400.0,3300.0,3300.0,4100.0,0.059,3799999.9999999995,0.0,7.2E-6,0.058,0.058,0.0,490.0,3.4,1.9000000000000002E-38,8.2E-15,8.1E-26,0.0,2.4E7,1.0,6.9E8,
1.6E-46,8.8E-4,2400.0,880.0,4200.0,3699999.9999999995,3000.0,5400.0,3300.0,3300.0,4100.0,0.059,3799999.9999999995,0.0,7.0E-6,0.058,0.058,0.0,490.0,3.4,4.9E-41,8.2E-15,8.4E-26,0.0,2.4E7,1.0,6.9E8,
1.6E-46,8.8E-4,2400.0,880.0,4200.0,3699999.9999999995,3000.0,5400.0,3300.0,3300.0,4100.0,0.059,3799999.9999999995,0.0,6.5E-6,0.058,0.058,0.0,490.0,3.4,1.2999999999999998E-43,8.2E-15,8.1E-26,0.0,2.5E7,1.0,6.9E8,
1.6E-46,8.8E-4,2400.0,880.0,4200.0,3699999.9999999995,3000.0,5400.0,3300.0,3300.0,4100.0,0.059,3799999.9999999995,0.0,5.7E-6,0.058,0.058,0.0,490.0,3.4,1.3E-45,8.2E-15,7.5E-26,0.0,2.6E7,1.0,6.9E8,
1.6E-46,8.8E-4,2400.0,880.0,4200.0,3699999.9999999995,3000.0,5400.0,3300.0,3300.0,4100.0,0.059,3799999.9999999995,0.0,5.0E-6,0.058,0.058,0.0,480.0,3.4,4.1E-46,8.2E-15,6.699999999999999E-26,0.0,2.7E7,1.0,6.9E8,
1.6E-46,8.8E-4,2400.0,880.0,4200.0,3699999.9999999995,3000.0,5400.0,3300.0,3300.0,4100.0,0.059,3799999.9999999995,0.0,4.4E-6,0.058,0.058,0.0,470.0,3.4,1.1E-46,8.2E-15,5.899999999999999E-26,0.0,2.9E7,1.0,6.9E8,
1.6E-46,8.8E-4,2400.0,880.0,4200.0,3699999.9999999995,3000.0,5400.0,3300.0,3300.0,4100.0,0.059,3799999.9999999995,0.0,3.8E-6,0.058,0.058,0.0,470.0,3.4,0.0,8.2E-15,5.1E-26,0.0,3.0E7,1.0,6.9E8,
1.6E-46,8.8E-4,2400.0,880.0,4200.0,3699999.9999999995,3000.0,5400.0,3300.0,3300.0,4100.0,0.059,3799999.9999999995,0.0,4.4E-6,0.058,0.058,0.0,470.0,3.4,1.9E-48,8.2E-15,4.9E-26,0.0,2.9E7,1.0,6.9E8,
1.6E-46,8.8E-4,2400.0,880.0,4200.0,3699999.9999999995,3000.0,5400.0,3300.0,3300.0,4100.0,0.059,3799999.9999999995,0.0,5.2E-6,0.058,0.058,0.0,460.0,3.4,4.9E-51,8.2E-15,5.6E-26,0.0,2.7E7,1.0,6.9E8,
1.6E-46,8.8E-4,2400.0,880.0,4200.0,3699999.9999999995,3000.0,5400.0,3300.0,3300.0,4100.0,0.059,3799999.9999999995,0.0,5.4E-6,0.058,0.058,0.0,460.0,3.4,1.3E-53,8.2E-15,6.2E-26,0.0,2.6E7,1.0,6.9E8,
1.6E-46,8.8E-4,2400.0,880.0,4200.0,3699999.9999999995,3000.0,5400.0,3300.0,3300.0,4100.0,0.059,3799999.9999999995,0.0,5.2E-6,0.058,0.058,0.0,460.0,3.4,3.3E-56,8.2E-15,6.299999999999999E-26,0.0,2.7E7,1.0,6.9E8,
1.6E-46,8.8E-4,2400.0,880.0,4200.0,3699999.9999999995,3000.0,5400.0,3300.0,3300.0,4100.0,0.059,3799999.9999999995,0.0,4.8E-6,0.058,0.058,0.0,450.0,3.4,1.1E-58,8.2E-15,6.1E-26,0.0,2.8E7,1.0,6.9E8,
1.6E-46,8.8E-4,2400.0,880.0,4200.0,3699999.9999999995,3000.0,5400.0,3300.0,3300.0,4100.0,0.059,3799999.9999999995,0.0,4.3E-6,0.058,0.058,0.0,440.0,3.4,2.3000000000000002E-59,8.2E-15,5.6E-26,0.0,2.9E7,1.0,6.9E8,
1.6E-46,8.8E-4,2400.0,880.0,4200.0,3699999.9999999995,3000.0,5400.0,3300.0,3300.0,4100.0,0.059,3799999.9999999995,0.0,3.8E-6,0.058,0.058,0.0,440.0,3.4,1.3000000000000002E-60,8.2E-15,5.0E-26,0.0,3.0E7,1.0,6.9E8,
1.6E-46,8.8E-4,2400.0,880.0,4200.0,3699999.9999999995,3000.0,5400.0,3300.0,3300.0,4100.0,0.059,3799999.9999999995,0.0,3.3E-6,0.058,0.058,0.0,440.0,3.4,0.0,8.2E-15,4.4E-26,0.0,3.2E7,1.0,6.9E8,
1.6E-46,8.8E-4,2400.0,880.0,4200.0,3699999.9999999995,3000.0,5400.0,3300.0,3300.0,4100.0,0.059,3799999.9999999995,0.0,3.4E-6,0.058,0.058,0.0,430.0,3.4,0.0,8.2E-15,4.0E-26,0.0,3.1E7,1.0,6.9E8,
1.6E-46,8.8E-4,2400.0,880.0,4200.0,3699999.9999999995,3000.0,5400.0,3300.0,3300.0,4100.0,0.059,3799999.9999999995,0.0,4.3E-6,0.058,0.058,0.0,430.0,3.4,0.0,8.2E-15,4.6E-26,0.0,2.9E7,1.0,6.9E8,
1.6E-46,8.8E-4,2400.0,880.0,4200.0,3699999.9999999995,3000.0,5400.0,3300.0,3300.0,4100.0,0.059,3799999.9999999995,0.0,4.8E-6,0.058,0.058,0.0,430.0,3.4,0.0,8.2E-15,5.2E-26,0.0,2.8E7,1.0,6.9E8,
1.6E-46,8.8E-4,2400.0,880.0,4200.0,3699999.9999999995,3000.0,5400.0,3300.0,3300.0,4100.0,0.059,3799999.9999999995,0.0,4.7E-6,0.058,0.058,0.0,430.0,3.4,0.0,8.2E-15,5.6E-26,0.0,2.8E7,1.0,6.9E8,
1.6E-46,8.8E-4,2400.0,880.0,4200.0,3699999.9999999995,3000.0,5400.0,3300.0,3300.0,4100.0,0.059,3799999.9999999995,0.0,4.4E-6,0.058,0.058,0.0,430.0,3.4,0.0,8.2E-15,5.5E-26,0.0,2.8E7,1.0,6.9E8,
1.6E-46,8.8E-4,2400.0,880.0,4200.0,3699999.9999999995,3000.0,5400.0,3300.0,3300.0,4100.0,0.059,3799999.9999999995,0.0,4.0E-6,0.058,0.058,0.0,420.0,3.4,0.0,8.2E-15,5.2E-26,0.0,3.0E7,1.0,6.9E8,
1.6E-46,8.8E-4,2400.0,880.0,4200.0,3699999.9999999995,3000.0,5400.0,3300.0,3300.0,4100.0,0.059,3799999.9999999995,0.0,3.6E-6,0.058,0.058,0.0,420.0,3.4,0.0,8.2E-15,4.7E-26,0.0,3.1E7,1.0,6.9E8,
1.6E-46,8.8E-4,2400.0,880.0,4200.0,3699999.9999999995,3000.0,5400.0,3300.0,3300.0,4100.0,0.059,3799999.9999999995,0.0,3.2E-6,0.058,0.058,0.0,420.0,3.4,0.0,8.2E-15,4.2E-26,0.0,3.2E7,1.0,6.9E8,
1.6E-46,8.8E-4,2400.0,880.0,4200.0,3699999.9999999995,3000.0,5400.0,3300.0,3300.0,4100.0,0.059,3799999.9999999995,0.0,2.8E-6,0.058,0.058,0.0,420.0,3.4,0.0,8.2E-15,3.7E-26,0.0,3.4E7,1.0,6.9E8,
1.6E-46,8.8E-4,2400.0,880.0,4200.0,3699999.9999999995,3000.0,5400.0,3300.0,3300.0,4100.0,0.059,3799999.9999999995,0.0,3.8E-6,0.058,0.058,0.0,420.0,3.4,0.0,8.2E-15,4.0E-26,0.0,3.0E7,1.0,6.9E8,
1.6E-46,8.8E-4,2400.0,880.0,4200.0,3699999.9999999995,3000.0,5400.0,3300.0,3300.0,4100.0,0.059,3799999.9999999995,0.0,4.4E-6,0.058,0.058,0.0,420.0,3.4,0.0,8.2E-15,4.7E-26,0.0,2.9E7,1.0,6.9E8,
1.6E-46,8.8E-4,2400.0,880.0,4200.0,3699999.9999999995,3000.0,5400.0,3300.0,3300.0,4100.0,0.059,3799999.9999999995,0.0,4.5E-6,0.058,0.058,0.0,420.0,3.4,0.0,8.2E-15,5.2E-26,0.0,2.8E7,1.0,6.9E8,
1.2E-45,0.0096,7300.0,75000.0,35000.0,5000000.0,8800.0,11000.0,7800.0,5800.0,5600.0,0.06,5200000.0,0.0,1.3E-5,0.15,0.15,0.0,550.0,8.4,1.3E-10,8.6E-15,3.2999999999999996E-22,0.0,2.8E7,1.0,7.1E8,
2.1E-46,0.0017,7300.0,12000.0,2600.0,5000000.0,1300.0,11000.0,220.0,5800.0,5600.0,0.06,5000000.0,0.0,6.4E-7,0.099,0.099,0.0,540.0,1.6,1.8E-11,8.6E-15,3.9E-23,0.0,2.7E7,1.0,7.1E8,
1.2999999999999999E-46,0.001,7300.0,4900.0,2600.0,4900000.0,1200.0,3300.0,220.0,5800.0,5600.0,0.06,4900000.0,0.0,3.0E-6,0.091,0.091,0.0,540.0,1.6,9.2E-13,8.6E-15,1.3E-23,0.0,2.6E7,1.0,7.1E8,
1.2999999999999999E-46,9.8E-4,7300.0,4900.0,2600.0,4400000.0,1200.0,3300.0,220.0,5800.0,5600.0,0.06,4400000.0,0.0,3.4E-6,0.087,0.087,0.0,540.0,1.5,1.7E-14,8.5E-15,5.699999999999999E-24,0.0,2.4E7,1.0,7.1E8,
1.1999999999999999E-46,9.4E-4,7300.0,4900.0,2600.0,3899999.9999999995,1200.0,3300.0,220.0,5800.0,5600.0,0.059,3999999.9999999995,0.0,3.6E-6,0.083,0.083,0.0,540.0,1.4,8.6E-16,8.5E-15,2.9999999999999996E-24,0.0,2.3E7,1.0,7.0E8,
1.1999999999999999E-46,9.3E-4,7300.0,4900.0,2600.0,3799999.9999999995,1200.0,3300.0,220.0,5800.0,5600.0,0.059,3799999.9999999995,0.0,4.0E-6,0.082,0.082,0.0,540.0,1.3,1.6E-17,8.4E-15,1.3999999999999999E-24,0.0,2.1E7,1.0,7.0E8,
1.1999999999999999E-46,9.3E-4,7300.0,4900.0,2600.0,3799999.9999999995,1200.0,3300.0,220.0,5800.0,5600.0,0.059,3799999.9999999995,0.0,4.4E-6,0.082,0.082,0.0,540.0,1.3,4.2E-20,8.4E-15,4.5E-25,0.0,2.1E7,1.0,7.0E8,
1.1999999999999999E-46,9.3E-4,7200.0,4900.0,2600.0,3799999.9999999995,1200.0,3300.0,220.0,5800.0,5600.0,0.059,3799999.9999999995,0.0,4.2E-6,0.082,0.082,0.0,530.0,1.3,1.0999999999999998E-22,8.4E-15,1.7E-25,0.0,2.1E7,1.0,7.0E8,
1.1999999999999999E-46,9.3E-4,7200.0,4900.0,2600.0,3799999.9999999995,1200.0,3300.0,220.0,5800.0,5600.0,0.059,3799999.9999999995,0.0,3.8E-6,0.082,0.082,0.0,530.0,1.3,2.9E-25,8.4E-15,8.5E-26,0.0,2.2E7,1.0,7.0E8,
1.1999999999999999E-46,9.3E-4,7200.0,4900.0,2600.0,3799999.9999999995,1200.0,3300.0,220.0,5800.0,5600.0,0.059,3799999.9999999995,0.0,3.3E-6,0.082,0.082,0.0,530.0,1.3,7.5E-28,8.4E-15,5.5E-26,0.0,2.3E7,1.0,6.9E8,
1.1999999999999999E-46,9.3E-4,7200.0,4900.0,2600.0,3799999.9999999995,1200.0,3300.0,220.0,5800.0,5600.0,0.058,3799999.9999999995,0.0,3.8E-6,0.082,0.082,0.0,520.0,1.3,1.9E-30,8.4E-15,4.6E-26,0.0,2.2E7,1.0,6.9E8,
1.1999999999999999E-46,9.3E-4,7200.0,4900.0,2600.0,3799999.9999999995,1200.0,3300.0,220.0,5800.0,5600.0,0.058,3799999.9999999995,0.0,4.0E-6,0.082,0.082,0.0,510.0,1.3,5.0E-33,8.3E-15,4.7E-26,0.0,2.1E7,1.0,6.9E8,
2.2E-45,0.01,15000.0,130000.0,1500.0,5000000.0,1200.0,3300.0,220.0,5800.0,5600.0,0.059,5100000.0,0.0,2.3E-6,0.16,0.16,0.0,570.0,1.0,2.1E-9,8.6E-15,3.0E-21,0.0,2.1E7,1.0,7.1E8,
1.6E-46,7.5E-4,2200.0,3700.0,1500.0,4900000.0,1200.0,3300.0,220.0,5800.0,5600.0,0.059,4900000.0,0.0,3.8E-6,0.071,0.071,0.0,570.0,0.98,4.1E-11,8.6E-15,9.7E-23,0.0,2.0E7,1.0,7.1E8,
1.6E-46,7.5E-4,2200.0,3700.0,1500.0,4800000.0,1200.0,3300.0,220.0,5700.0,5600.0,0.059,4900000.0,0.0,4.2E-6,0.071,0.071,0.0,560.0,0.97,7.7E-13,8.5E-15,4.4E-23,0.0,1.9E7,1.0,7.1E8,
1.6E-46,7.3E-4,2200.0,3600.0,1500.0,4700000.0,1200.0,3300.0,220.0,5700.0,5600.0,0.059,4700000.0,0.0,4.4E-6,0.07,0.07,0.0,570.0,0.94,3.9E-14,8.5E-15,2.3E-23,0.0,1.8E7,1.0,7.1E8,
1.5E-46,7.0E-4,2200.0,3600.0,1500.0,4200000.0,1200.0,3300.0,220.0,5700.0,5500.0,0.058,4200000.0,0.0,4.3E-6,0.067,0.067,0.0,570.0,0.87,5.2E-15,8.4E-15,1.5E-23,0.0,1.8E7,1.0,7.0E8,
1.4E-46,6.7E-4,2200.0,3600.0,1500.0,3799999.9999999995,1200.0,3300.0,220.0,5700.0,5500.0,0.058,3899999.9999999995,0.0,4.3E-6,0.064,0.064,0.0,570.0,0.81,2.6E-16,8.4E-15,7.899999999999999E-24,0.0,1.8E7,1.0,7.0E8,
1.4E-46,6.7E-4,2200.0,3600.0,1500.0,3799999.9999999995,1200.0,3300.0,220.0,5700.0,5500.0,0.058,3799999.9999999995,0.0,4.6E-6,0.064,0.064,0.0,560.0,0.81,1.8E-18,8.4E-15,2.9E-24,0.0,1.7E7,1.0,7.0E8,
1.4E-46,6.7E-4,2200.0,3600.0,1500.0,3799999.9999999995,1200.0,3300.0,220.0,5700.0,5500.0,0.058,3799999.9999999995,0.0,4.6E-6,0.064,0.064,0.0,560.0,0.81,4.7E-21,8.4E-15,9.2E-25,0.0,1.7E7,1.0,7.0E8,
1.4E-46,6.7E-4,2200.0,3600.0,1500.0,3799999.9999999995,1200.0,3300.0,220.0,5700.0,5500.0,0.058,3799999.9999999995,0.0,4.1E-6,0.064,0.064,0.0,550.0,0.81,1.2E-23,8.4E-15,3.1E-25,0.0,1.8E7,1.0,7.0E8,
1.4E-46,6.7E-4,2200.0,3600.0,1500.0,3799999.9999999995,1200.0,3300.0,220.0,5700.0,5500.0,0.058,3799999.9999999995,0.0,3.5E-6,0.064,0.064,0.0,550.0,0.81,3.1E-26,8.4E-15,1.3E-25,0.0,1.9E7,1.0,7.0E8,
1.4E-46,6.7E-4,2200.0,3600.0,1500.0,3799999.9999999995,1200.0,3300.0,220.0,5700.0,5500.0,0.058,3799999.9999999995,0.0,2.9E-6,0.064,0.064,0.0,550.0,0.81,8.3E-29,8.3E-15,6.5E-26,0.0,2.0E7,1.0,7.0E8,
1.4E-46,6.7E-4,2200.0,3600.0,1500.0,3799999.9999999995,1200.0,3300.0,220.0,5700.0,5500.0,0.058,3799999.9999999995,0.0,2.4E-6,0.064,0.064,0.0,540.0,0.81,6.0E-31,8.4E-15,4.1E-26,0.0,2.1E7,1.0,7.0E8,
1.4E-46,6.7E-4,2200.0,3600.0,1500.0,3799999.9999999995,1200.0,3300.0,220.0,5700.0,5500.0,0.058,3799999.9999999995,0.0,2.0E-6,0.064,0.064,0.0,540.0,0.81,1.6000000000000002E-33,8.4E-15,3.1E-26,0.0,2.3E7,1.0,7.0E8,
1.4E-46,6.7E-4,2200.0,3600.0,1500.0,3799999.9999999995,1200.0,3300.0,220.0,5700.0,5500.0,0.058,3799999.9999999995,0.0,1.7E-6,0.064,0.064,0.0,540.0,0.81,1.1999999999999999E-35,8.3E-15,2.4E-26,0.0,2.4E7,1.0,7.0E8,
3.0E-46,0.0033,13000.0,14000.0,4400.0,5000000.0,1200.0,3300.0,220.0,5700.0,5500.0,0.059,5000000.0,0.0,1.5,0.066,0.066,0.0,560.0,1.1,2.5E-8,8.5E-15,2.2E-21,0.0,2.6E7,1.0,7.1E8,
1.4E-46,0.0015,5300.0,1800.0,4400.0,4900000.0,1200.0,3300.0,220.0,5700.0,5500.0,0.058,4900000.0,0.0,2.6E-6,0.058,0.058,0.0,560.0,2.6,1.3E-9,8.5E-15,5.799999999999999E-22,0.0,2.5E7,1.0,7.1E8,
