cMHCIEnEr,cMHCIEnPm,cMHCIEnRabA,cMHCIEnRabB,cMHCIEnRabC,cMHCIEnRabD,cMHCIEnRabE,cMHCIEnRabF,cMHCIEnRabG,cMHCIEnRabH,cMHCIEnRabI,exCxEnEr,exCxEnPm,exCxEnRabA,exCxEnRabB,exCxEnRabC,exCxEnRabD,exCxEnRabE,exCxEnRabF,exCxEnRabG,exCxEnRabH,exCxEnRabI,imCxEnEr,imCxEnPm,imCxEnRabA,imCxEnRabB,imCxEnRabC,imCxEnRabD,imCxEnRabE,imCxEnRabF,imCxEnRabG,imCxEnRabH,imCxEnRabI,membraneMarkerEr,membraneMarkerPm,membraneMarkerRabA,membraneMarkerRabB,membraneMarkerRabC,membraneMarkerRabD,membraneMarkerRabE,membraneMarkerRabF,membraneMarkerRabG,membraneMarkerRabH,membraneMarkerRabI,mvbEr,mvbPm,mvbRabA,mvbRabB,mvbRabC,mvbRabD,mvbRabE,mvbRabF,mvbRabG,mvbRabH,mvbRabI,oMHCIEnEr,oMHCIEnPm,oMHCIEnRabA,oMHCIEnRabB,oMHCIEnRabC,oMHCIEnRabD,oMHCIEnRabE,oMHCIEnRabF,oMHCIEnRabG,oMHCIEnRabH,oMHCIEnRabI,ovaCyCy,pepCyCy,pepEnEr,pepEnPm,pepEnRabA,pepEnRabB,pepEnRabC,pepEnRabD,pepEnRabE,pepEnRabF,pepEnRabG,pepEnRabH,pepEnRabI,pepMHCIEnEr,pepMHCIEnPm,pepMHCIEnRabA,pepMHCIEnRabB,pepMHCIEnRabC,pepMHCIEnRabD,pepMHCIEnRabE,pepMHCIEnRabF,pepMHCIEnRabG,pepMHCIEnRabH,pepMHCIEnRabI,protonCyCy,protonEnEr,protonEnPm,protonEnRabA,protonEnRabB,protonEnRabC,protonEnRabD,protonEnRabE,protonEnRabF,protonEnRabG,protonEnRabH,protonEnRabI,R-TfaEnEr,R-TfaEnPm,R-TfaEnRabA,R-TfaEnRabB,R-TfaEnRabC,R-TfaEnRabD,R-TfaEnRabE,R-TfaEnRabF,R-TfaEnRabG,R-TfaEnRabH,R-TfaEnRabI,R-TfEnPm,REnEr,REnPm,REnRabA,REnRabB,REnRabC,REnRabD,REnRabE,REnRabF,REnRabG,REnRabH,REnRabI,solubleMarkerEr,solubleMarkerPm,solubleMarkerRabA,solubleMarkerRabB,solubleMarkerRabC,solubleMarkerRabD,solubleMarkerRabE,solubleMarkerRabF,solubleMarkerRabG,solubleMarkerRabH,solubleMarkerRabI,TfaEnEr,TfaEnPm,TfaEnRabA,TfaEnRabB,TfaEnRabC,TfaEnRabD,TfaEnRabE,TfaEnRabF,TfaEnRabG,TfaEnRabH,TfaEnRabI,
0.0,1605.0,164.5,183.8,154.6,0.04903,5.632,0.2397,0.1645,0.9829,0.4028,0.0,343.6,0.1339,0.6707,0.6161,0.07124,0.1893,0.05927,0.08164,4.769,11.01,0.0,343.6,0.1339,0.6707,0.6161,0.07124,0.1893,0.05927,0.08164,4.769,11.01,0.0,0.0,0.0,0.0,0.0,0.0,0.0,0.0,0.0,0.0,0.0,0.0,0.0,271.1,100.1,37.73,821.3,165.2,3.317,3.693,30.57,4.163,0.0,45.19,6.762,11.94,64.07,42.59,0.1306,0.01362,0.01546,0.0119,0.01397,0.0,0.0,0.0,0.0,0.0,0.0,0.0,0.0,0.0,0.0,0.0,0.0,0.0,0.0,0.0,0.0,0.0,0.0,0.0,0.0,0.0,0.0,0.0,0.0,1.0E-4,0.0,0.0,83360.0,89580.0,47810.0,2.239E7,45540.0,21460.0,24230.0,13490.0,24790.0,0.0,4.68E-36,2.439E-36,1.4120000000000002E-35,1.6810000000000002E-35,2.147E-36,3.9829999999999995E-37,1.252E-38,7.804E-39,4.854E-38,2.182E-38,2.08E-35,0.0,0.6631,1.195,3.037,1.58,0.2256,0.0437,0.003975,0.002625,0.01634,0.009706,0.0,0.0,2.511E-4,1.092E-4,8.2E-4,0.9961,0.001029,4.119E-4,5.405E-4,6.266E-5,6.565E-4,0.0,1.0E-5,0.00942,0.01029,0.006469,0.2457,0.01391,0.001641,6.991E-4,0.005386,9.757E-4,
0.0,1607.0,164.1,176.0,136.4,0.04901,4.9,0.2234,0.1646,0.983,0.4029,0.0,343.6,0.1284,0.6354,0.4464,0.2613,0.189,0.05925,0.08175,4.769,11.01,0.0,343.6,0.1284,0.6354,0.4464,0.2613,0.189,0.05925,0.08175,4.769,11.01,0.0,0.0,0.0,0.0,0.0,0.0,0.0,0.0,0.0,0.0,0.0,0.0,0.0,290.3,110.8,51.08,758.8,164.9,3.174,3.524,30.54,3.996,0.0,48.1,1.694,10.25,41.93,86.01,0.1498,0.02766,0.03403,0.01396,0.03656,0.0,0.0,0.0,0.0,0.0,0.0,0.0,0.0,0.0,0.0,0.0,0.0,0.0,0.0,0.0,0.0,0.0,0.0,0.0,0.0,0.0,0.0,0.0,0.0,1.0E-4,0.0,399.9,249200.0,395500.0,621800.0,2.024E7,36550.0,17700.0,19560.0,12780.0,19580.0,0.0,4.9220000000000006E-36,2.31E-36,1.3230000000000001E-35,1.2960000000000001E-35,6.575E-36,3.504E-37,1.272E-38,9.580999999999999E-39,4.789E-38,2.4E-38,2.08E-35,0.0,0.7034,1.166,2.92,1.34,0.5215,0.03143,0.003791,0.002747,0.01635,0.009855,0.0,0.0,0.009478,0.01709,0.03132,0.9405,4.935E-4,2.779E-4,3.646E-4,4.227E-5,4.428E-4,0.0,1.352E-4,0.01092,0.01329,0.01169,0.2341,0.01376,0.001611,6.624E-4,0.005382,9.333E-4,
0.0,1609.0,160.2,181.0,134.4,0.04879,4.221,0.4617,0.2232,1.058,0.496,0.0,343.6,0.1289,0.6475,0.4047,0.2639,0.1923,0.06209,0.08191,4.771,11.01,0.0,343.6,0.1289,0.6475,0.4047,0.2639,0.1923,0.06209,0.08191,4.771,11.01,0.0,0.0,0.0,0.0,0.0,0.0,0.0,0.0,0.0,0.0,0.0,0.0,0.0,293.4,110.6,36.04,740.3,164.9,3.11,3.405,30.58,3.941,0.0,50.25,0.8409,8.613,97.99,28.47,0.1113,0.01066,0.01175,0.01135,0.009486,0.0,0.0,0.0,0.0,0.0,0.0,0.0,0.0,0.0,0.0,0.0,0.0,0.0,0.0,0.0,0.0,0.0,0.0,0.0,0.0,0.0,0.0,0.0,0.0,4.524E-4,0.0,671.6,220800.0,389000.0,73320.0,2.003E7,34720.0,17480.0,19320.0,12740.0,19370.0,0.0,5.13E-36,2.3410000000000002E-36,1.312E-35,1.57E-35,3.5750000000000004E-36,2.157E-37,5.709E-38,1.969E-38,6.104E-38,4.029E-38,2.08E-35,0.0,0.7276,1.151,2.925,1.524,0.3175,0.02472,0.006242,0.00328,0.01714,0.01074,0.0,0.0,0.008403,0.01766,5.827E-4,0.9717,5.099E-4,2.871E-4,3.767E-4,4.367E-5,4.575E-4,0.0,2.141E-4,0.01067,0.01331,0.006122,0.2365,0.01373,0.001628,6.621E-4,0.005392,9.407E-4,
0.0,1610.0,160.8,179.4,131.8,0.04878,5.866,0.4631,0.2233,1.058,0.496,0.0,343.6,0.1276,0.7577,0.3991,0.1277,0.1918,0.06178,0.08183,4.771,11.01,0.0,343.6,0.1276,0.7577,0.3991,0.1277,0.1918,0.06178,0.08183,4.771,11.01,0.0,0.0,0.0,0.0,0.0,0.0,0.0,0.0,0.0,0.0,0.0,0.0,0.0,287.6,110.1,36.1,745.6,164.8,3.09,3.384,30.57,3.928,0.0,50.25,0.7792,8.741,96.8,29.04,0.099,0.01051,0.01159,0.01132,0.009365,0.0,0.0,0.0,0.0,0.0,0.0,0.0,0.0,0.0,0.0,0.0,0.0,0.0,0.0,0.0,0.0,0.0,0.0,0.0,0.0,0.0,0.0,0.0,0.0,4.328E-4,0.0,778.0,83220.0,87390.0,69370.0,1.98E7,33820.0,17450.0,19300.0,12760.0,19390.0,0.0,5.187E-36,2.317E-36,1.422E-35,1.545E-35,1.85E-36,5.129E-37,5.649E-38,1.9E-38,6.013E-38,3.946E-38,2.08E-35,0.0,0.7379,1.155,2.983,1.51,0.2008,0.04111,0.006209,0.003234,0.01714,0.01068,0.0,0.0,5.132E-4,4.752E-5,6.148E-4,0.9971,5.379E-4,3.029E-4,3.974E-4,4.607E-5,4.827E-4,0.0,3.04E-4,0.009257,0.01017,0.006089,0.2368,0.01368,0.001633,6.57E-4,0.005391,9.374E-4,
0.0,1610.0,159.6,178.9,132.4,0.04885,4.094,0.4751,0.2429,1.05,0.5039,0.0,343.6,0.1274,0.7815,0.374,0.1257,0.1965,0.06261,0.08199,4.76,11.02,0.0,343.6,0.1274,0.7815,0.374,0.1257,0.1965,0.06261,0.08199,4.76,11.02,0.0,0.0,0.0,0.0,0.0,0.0,0.0,0.0,0.0,0.0,0.0,0.0,0.0,285.1,117.0,33.28,753.1,175.5,3.148,2.443,27.52,3.013,0.0,56.41,0.8101,8.484,90.53,28.29,0.0893,0.01029,0.01135,0.01129,0.009197,0.0,0.0,0.0,0.0,0.0,0.0,0.0,0.0,0.0,0.0,0.0,0.0,0.0,0.0,0.0,0.0,0.0,0.0,0.0,0.0,0.0,0.0,0.0,0.0,1.0E-4,0.0,3555.0,83670.0,84240.0,62970.0,1.921E7,33490.0,17500.0,19390.0,12720.0,19540.0,0.0,5.5120000000000004E-36,2.253E-36,1.425E-35,1.524E-35,1.831E-36,2.4539999999999998E-37,5.651E-38,1.856E-38,5.773E-38,3.906E-38,2.08E-35,0.0,0.76,1.135,2.971,1.501,0.1983,0.02399,0.006237,0.003233,0.01678,0.0107,0.0,0.0,5.502E-4,5.094E-5,6.591E-4,0.9968,5.767E-4,3.247E-4,4.261E-4,4.94E-5,5.175E-4,0.0,5.401E-4,0.009197,0.0102,0.00602,0.2321,0.01359,0.001632,6.419E-4,0.005386,9.192E-4,
0.0,1590.0,180.1,179.5,131.6,0.05092,4.057,1.018,0.5877,1.222,0.404,0.0,343.6,0.08893,0.7424,0.3844,0.1228,0.1867,0.05426,0.06706,4.758,11.12,0.0,343.6,0.08893,0.7424,0.3844,0.1228,0.1867,0.05426,0.06706,4.758,11.12,0.0,0.0,0.0,0.0,0.0,0.0,0.0,0.0,0.0,0.0,0.0,0.0,0.0,288.2,117.5,36.45,755.2,166.0,5.356,3.061,29.05,3.358,0.0,54.27,1.926,8.385,89.57,28.01,0.1102,0.01037,0.01142,0.01132,0.009283,0.0,0.0,0.0,0.0,0.0,0.0,0.0,0.0,0.0,0.0,0.0,0.0,0.0,0.0,0.0,0.0,0.0,0.0,0.0,0.0,0.0,0.0,0.0,0.0,1.0E-4,0.0,3778.0,85380.0,83470.0,59450.0,1.873E7,35530.0,18530.0,20630.0,12870.0,20850.0,0.0,4.235E-36,3.0740000000000005E-36,1.415E-35,1.49E-35,1.8200000000000002E-36,2.483E-37,1.427E-37,7.593E-38,8.467E-38,2.18E-38,2.08E-35,0.0,0.5831,1.311,2.972,1.483,0.1972,0.02404,0.01139,0.006605,0.01841,0.009757,0.0,0.0,6.356E-4,5.885E-5,7.614E-4,0.9964,6.662E-4,3.751E-4,4.922E-4,5.706E-5,5.978E-4,0.0,7.175E-4,0.009136,0.01023,0.006008,0.2287,0.0134,0.001679,6.67E-4,0.005412,9.458E-4,
0.0,1591.0,178.9,178.0,130.4,0.0512,4.028,0.3648,0.2444,1.018,0.405,0.0,343.6,0.1026,0.7729,0.3387,0.1245,0.1861,0.1226,0.1373,4.652,11.08,0.0,343.6,0.1026,0.7729,0.3387,0.1245,0.1861,0.1226,0.1373,4.652,11.08,0.0,0.0,0.0,0.0,0.0,0.0,0.0,0.0,0.0,0.0,0.0,0.0,0.0,290.2,117.7,36.05,731.6,164.7,5.902,3.274,29.34,3.437,0.0,58.67,0.883,12.68,85.93,27.74,0.09918,0.0101,0.01109,0.0113,0.009067,0.0,0.0,0.0,0.0,0.0,0.0,0.0,0.0,0.0,0.0,0.0,0.0,0.0,0.0,0.0,0.0,0.0,0.0,0.0,0.0,0.0,0.0,0.0,0.0,1.0E-4,0.0,5244.0,85410.0,85230.0,55500.0,1.84E7,33800.0,17270.0,19270.0,12590.0,19870.0,0.0,4.5030000000000005E-36,2.604E-36,1.401E-35,1.459E-35,1.8710000000000002E-36,2.411E-37,3.213E-38,1.81E-38,4.995E-38,2.183E-38,2.08E-35,0.0,0.6121,1.314,2.958,1.472,0.2005,0.02364,0.004976,0.003248,0.01642,0.009761,0.0,0.0,6.521E-4,6.038E-5,7.812E-4,0.9963,6.836E-4,3.849E-4,5.05E-4,5.855E-5,6.134E-4,0.0,7.525E-4,0.009173,0.01018,0.005944,0.225,0.0132,0.001646,6.58E-4,0.005419,9.353E-4,
0.0,1594.0,182.5,172.8,127.8,0.04906,4.029,0.3651,0.2455,1.044,0.4016,0.0,343.6,0.09423,0.7715,0.3356,0.1233,0.1842,0.1219,0.1363,3.968,11.78,0.0,343.6,0.09423,0.7715,0.3356,0.1233,0.1842,0.1219,0.1363,3.968,11.78,0.0,0.0,0.0,0.0,0.0,0.0,0.0,0.0,0.0,0.0,0.0,0.0,0.0,296.0,120.6,36.72,697.4,161.8,6.38,3.382,30.59,3.372,0.0,58.68,0.9537,12.65,85.87,27.65,0.08798,0.01007,0.01103,0.002049,0.009046,0.0,0.0,0.0,0.0,0.0,0.0,0.0,0.0,0.0,0.0,0.0,0.0,0.0,0.0,0.0,0.0,0.0,0.0,0.0,0.0,0.0,0.0,0.0,0.0,5.439E-4,0.0,6340.0,88230.0,85730.0,53840.0,1.903E7,33530.0,17460.0,19540.0,12560.0,20210.0,0.0,4.679E-36,2.471E-36,1.3940000000000002E-35,1.432E-35,1.8780000000000002E-36,2.39E-37,3.223E-38,1.819E-38,5.035E-38,2.174E-38,2.08E-35,0.0,0.6441,1.347,2.906,1.44,0.2008,0.02351,0.004971,0.00326,0.0167,0.009698,0.0,0.0,6.551E-4,6.066E-5,7.848E-4,0.9962,6.867E-4,3.867E-4,5.073E-4,5.882E-5,6.162E-4,0.0,7.823E-4,0.009184,0.01018,0.005917,0.2252,0.01301,0.001655,6.786E-4,0.005392,9.4E-4,
0.0,1580.0,190.1,167.1,126.9,0.2039,3.745,0.367,0.2444,1.046,0.4018,0.0,343.6,0.09204,0.7582,0.3283,0.1076,0.1821,0.1221,0.1531,3.454,12.27,0.0,343.6,0.09204,0.7582,0.3283,0.1076,0.1821,0.1221,0.1531,3.454,12.27,0.0,0.0,0.0,0.0,0.0,0.0,0.0,0.0,0.0,0.0,0.0,0.0,0.0,319.3,124.7,40.31,674.7,161.8,6.294,3.186,30.67,3.282,0.0,57.09,3.273,15.99,86.73,27.56,1.245,0.01012,0.011,0.002125,0.009046,0.0,0.0,0.0,0.0,0.0,0.0,0.0,0.0,0.0,0.0,0.0,0.0,0.0,0.0,0.0,0.0,0.0,0.0,0.0,0.0,0.0,0.0,0.0,0.0,1.012E-4,0.0,6468.0,90390.0,96930.0,53480.0,1.877E7,32630.0,16370.0,18050.0,12410.0,18320.0,0.0,3.892E-36,2.4540000000000003E-36,1.375E-35,1.383E-35,1.8330000000000002E-36,2.422E-37,3.215E-38,1.811E-38,5.007E-38,2.169E-38,2.08E-35,0.0,0.531,1.4,2.866,1.454,0.1973,0.02499,0.004973,0.003229,0.01673,0.009697,0.0,0.0,5.235E-4,2.42E-4,9.284E-4,0.9965,5.487E-4,3.09E-4,4.054E-4,4.7E-5,4.924E-4,0.0,8.87E-4,0.009179,0.01015,0.005951,0.2234,0.01286,0.001643,6.656E-4,0.005402,9.241E-4,
0.0,1580.0,191.8,163.4,127.5,0.04902,3.769,0.3644,0.2472,1.04,0.4033,0.0,343.6,0.09787,0.745,0.327,0.1057,0.2538,0.08612,0.1455,3.426,12.27,0.0,343.6,0.09787,0.745,0.327,0.1057,0.2538,0.08612,0.1455,3.426,12.27,0.0,0.0,0.0,0.0,0.0,0.0,0.0,0.0,0.0,0.0,0.0,0.0,0.0,321.2,128.7,40.34,666.7,161.9,6.269,3.307,30.46,3.336,0.0,57.09,2.817,15.53,86.55,27.66,1.083,0.01013,0.01111,0.002054,0.009141,0.0,0.0,0.0,0.0,0.0,0.0,0.0,0.0,0.0,0.0,0.0,0.0,0.0,0.0,0.0,0.0,0.0,0.0,0.0,0.0,0.0,0.0,0.0,0.0,1.001E-4,0.0,6567.0,88480.0,90650.0,52350.0,1.83E7,33380.0,17360.0,19310.0,12540.0,19610.0,0.0,3.932E-36,2.548E-36,1.347E-35,1.373E-35,1.831E-36,2.364E-37,3.212E-38,1.831E-38,4.97E-38,2.174E-38,2.08E-35,0.0,0.5375,1.416,2.815,1.455,0.1971,0.02455,0.004977,0.003278,0.01665,0.009728,0.0,0.0,6.068E-4,2.806E-4,0.001076,0.9959,6.361E-4,3.582E-4,4.699E-4,5.448E-5,5.708E-4,0.0,9.356E-4,0.009191,0.01017,0.005958,0.2201,0.0128,0.001653,7.016E-4,0.005403,9.459E-4,
0.0,1573.0,200.3,161.4,128.9,0.9338,3.841,0.3456,0.2436,1.034,0.3595,0.0,343.6,0.104,0.7489,0.3242,0.104,0.1903,0.1026,0.18,3.312,12.39,0.0,343.6,0.104,0.7489,0.3242,0.104,0.1903,0.1026,0.18,3.312,12.39,0.0,0.0,0.0,0.0,0.0,0.0,0.0,0.0,0.0,0.0,0.0,0.0,0.0,319.9,127.9,35.97,652.0,177.1,1.822,2.17,28.21,2.122,0.0,56.36,3.373,15.37,84.78,27.48,1.066,0.009926,0.01094,0.001962,0.01438,0.0,0.0,0.0,0.0,0.0,0.0,0.0,0.0,0.0,0.0,0.0,0.0,0.0,0.0,0.0,0.0,0.0,0.0,0.0,0.0,0.0,0.0,0.0,0.0,4.663E-4,0.0,6600.0,84590.0,89720.0,49820.0,1.809E7,33120.0,17730.0,19830.0,12570.0,20580.0,0.0,3.596E-36,2.938E-36,1.34E-35,1.361E-35,1.8010000000000003E-36,2.4329999999999997E-37,2.9869999999999997E-38,1.775E-38,4.806E-38,2.442E-38,2.08E-35,0.0,0.4915,1.483,2.792,1.45,0.2028,0.02517,0.004787,0.003235,0.01658,0.009722,0.0,0.0,6.409E-4,2.963E-4,0.001137,0.9957,6.718E-4,3.783E-4,4.963E-4,5.754E-5,6.028E-4,0.0,9.35E-4,0.009166,0.009978,0.005865,0.2176,0.01301,0.00159,6.816E-4,0.005375,9.391E-4,
0.0,1575.0,198.3,166.1,124.4,0.05049,4.126,0.3472,0.2527,1.023,0.3687,0.0,343.6,0.1131,0.729,0.329,0.1043,0.1961,0.1126,0.1832,3.314,12.38,0.0,343.6,0.1131,0.729,0.329,0.1043,0.1961,0.1126,0.1832,3.314,12.38,0.0,0.0,0.0,0.0,0.0,0.0,0.0,0.0,0.0,0.0,0.0,0.0,0.0,320.7,128.6,39.3,651.5,168.9,1.933,3.212,29.14,2.975,0.0,56.36,2.271,20.56,72.6,28.31,8.557,0.03585,0.03928,0.006845,0.03046,0.0,0.0,0.0,0.0,0.0,0.0,0.0,0.0,0.0,0.0,0.0,0.0,0.0,0.0,0.0,0.0,0.0,0.0,0.0,0.0,0.0,0.0,0.0,0.0,1.0E-4,0.0,6845.0,91230.0,81590.0,58540.0,1.859E7,31050.0,15100.0,16990.0,12120.0,18510.0,0.0,3.655E-36,2.597E-36,1.292E-35,1.34E-35,1.8010000000000003E-36,7.132E-37,2.985E-38,1.833E-38,4.798E-38,2.475E-38,2.08E-35,0.0,0.5238,1.46,2.779,1.416,0.2027,0.0618,0.004858,0.003423,0.01639,0.009812,0.0,0.0,6.409E-4,2.963E-4,0.001137,0.9957,6.718E-4,3.783E-4,4.963E-4,5.754E-5,6.028E-4,0.0,0.001082,0.009227,0.009946,0.00612,0.218,0.01276,0.001525,5.952E-4,0.005404,8.758E-4,
0.0,1571.0,203.9,156.4,112.2,0.04899,4.002,0.3499,0.2501,1.022,0.4157,0.0,343.6,0.1192,0.8462,0.2731,0.09425,1.091,0.1256,0.1902,3.326,11.38,0.0,343.6,0.1192,0.8462,0.2731,0.09425,1.091,0.1256,0.1902,3.326,11.38,0.0,0.0,0.0,0.0,0.0,0.0,0.0,0.0,0.0,0.0,0.0,0.0,0.0,321.4,123.8,38.31,661.9,165.6,1.953,3.604,29.7,3.933,0.0,56.68,1.84,20.07,99.69,27.89,1.731,0.03704,0.0406,0.006986,0.03175,0.0,0.0,0.0,0.0,0.0,0.0,0.0,0.0,0.0,0.0,0.0,0.0,0.0,0.0,0.0,0.0,0.0,0.0,0.0,0.0,0.0,0.0,0.0,0.0,5.373E-4,0.0,7337.0,90840.0,97040.0,52850.0,1.853E7,28820.0,14140.0,15790.0,11930.0,17270.0,0.0,3.7560000000000005E-36,2.5530000000000002E-36,1.294E-35,1.32E-35,1.7650000000000002E-36,3.108E-37,2.943E-38,1.874E-38,4.685E-38,3.121E-38,2.08E-35,0.0,0.5174,1.493,2.675,1.428,0.2008,0.09273,0.00572,0.00395,0.01659,0.01497,0.0,0.0,5.497E-4,5.586E-4,7.545E-4,0.9962,5.762E-4,3.244E-4,4.257E-4,4.935E-5,5.17E-4,0.0,0.001231,0.009156,0.00989,0.006039,0.2182,0.01251,0.001516,5.913E-4,0.005398,9.693E-4,
0.0,1564.0,218.6,152.1,120.6,0.05248,3.811,0.3608,0.2483,1.033,0.3761,0.0,343.6,0.1206,0.8599,0.2837,0.09186,0.3218,0.119,0.1859,3.324,12.14,0.0,343.6,0.1206,0.8599,0.2837,0.09186,0.3218,0.119,0.1859,3.324,12.14,0.0,0.0,0.0,0.0,0.0,0.0,0.0,0.0,0.0,0.0,0.0,0.0,0.0,315.5,131.9,39.18,654.2,165.0,2.576,3.76,30.22,3.762,0.0,55.67,1.932,19.65,89.48,27.73,1.706,0.04873,0.05342,0.009182,0.04104,0.0,0.0,0.0,0.0,0.0,0.0,0.0,0.0,0.0,0.0,0.0,0.0,0.0,0.0,0.0,0.0,0.0,0.0,0.0,0.0,0.0,0.0,0.0,0.0,4.742E-4,0.0,7415.0,95470.0,92890.0,55240.0,1.828E7,30590.0,16430.0,18340.0,12260.0,19670.0,0.0,3.4210000000000004E-36,2.635E-36,1.285E-35,1.299E-35,1.764E-36,2.736E-37,3.101E-38,1.937E-38,4.748E-38,2.707E-38,2.08E-35,0.0,0.4883,1.588,2.661,1.395,0.2007,0.06762,0.006842,0.004454,0.0172,0.01508,0.0,0.0,5.902E-4,5.997E-4,8.101E-4,0.996,6.186E-4,3.483E-4,4.57E-4,5.299E-5,5.551E-4,0.0,0.001267,0.009134,0.01001,0.006095,0.2172,0.01241,0.001595,6.567E-4,0.005417,0.00106,
0.0,1564.0,217.9,156.4,124.8,0.04922,5.619,0.545,0.202,0.9981,0.368,0.0,343.6,0.1249,0.8782,0.2823,0.09375,0.29,0.1116,0.1825,3.353,12.12,0.0,343.6,0.1249,0.8782,0.2823,0.09375,0.29,0.1116,0.1825,3.353,12.12,0.0,0.0,0.0,0.0,0.0,0.0,0.0,0.0,0.0,0.0,0.0,0.0,0.0,316.8,130.7,39.51,660.2,164.4,3.335,3.829,30.32,3.975,0.0,55.67,2.233,15.58,83.29,27.71,1.752,0.04874,0.05345,0.009181,0.04104,0.0,0.0,0.0,0.0,0.0,0.0,0.0,0.0,0.0,0.0,0.0,0.0,0.0,0.0,0.0,0.0,0.0,0.0,0.0,0.0,0.0,0.0,0.0,0.0,4.846E-4,0.0,7456.0,97650.0,91190.0,54640.0,1.812E7,29980.0,16190.0,18140.0,12120.0,19600.0,0.0,3.4210000000000004E-36,2.6660000000000002E-36,1.2780000000000001E-35,1.281E-35,1.764E-36,3.3589999999999998E-37,6.142E-38,1.17E-38,4.166E-38,2.514E-38,2.08E-35,0.0,0.4883,1.587,2.69,1.389,0.2004,0.0455,0.007663,0.003476,0.0172,0.0136,0.0,0.0,6.261E-4,6.362E-4,8.595E-4,0.9957,6.563E-4,3.696E-4,4.849E-4,5.621E-5,5.89E-4,0.0,0.001335,0.009183,0.009923,0.006123,0.2172,0.01225,0.001615,6.751E-4,0.005431,0.001072,
0.0,1564.0,213.7,159.9,130.7,0.04918,5.271,0.545,0.202,0.998,0.368,0.0,343.6,0.1279,0.8816,0.2716,0.0937,0.2892,0.1116,0.1825,3.353,12.12,0.0,343.6,0.1279,0.8816,0.2716,0.0937,0.2892,0.1116,0.1825,3.353,12.12,0.0,0.0,0.0,0.0,0.0,0.0,0.0,0.0,0.0,0.0,0.0,0.0,0.0,315.4,133.9,39.7,659.3,164.4,3.323,3.817,30.31,3.967,0.0,55.67,2.139,14.26,79.78,27.71,1.592,0.04875,0.05345,0.009182,0.04105,0.0,0.0,0.0,0.0,0.0,0.0,0.0,0.0,0.0,0.0,0.0,0.0,0.0,0.0,0.0,0.0,0.0,0.0,0.0,0.0,0.0,0.0,0.0,0.0,1.0E-4,0.0,7539.0,98160.0,90460.0,54700.0,1.797E7,29320.0,16130.0,18080.0,12030.0,19540.0,0.0,3.4210000000000004E-36,2.861E-36,1.25E-35,1.272E-35,1.764E-36,3.106E-37,5.965E-38,1.156E-38,4.13E-38,2.51E-38,2.08E-35,0.0,0.4884,1.587,2.666,1.41,0.2004,0.04342,0.007663,0.003476,0.01719,0.0136,0.0,0.0,6.355E-4,6.458E-4,8.723E-4,0.9957,6.662E-4,3.751E-4,4.921E-4,5.706E-5,5.978E-4,0.0,0.001385,0.009144,0.009976,0.006123,0.2168,0.01218,0.001615,6.758E-4,0.00543,0.001073,
0.0,1564.0,211.1,162.4,138.5,0.04702,4.84,0.5605,0.2005,0.9939,0.3654,0.0,343.6,0.1221,0.8863,0.2694,0.09321,0.2934,0.1119,0.1821,3.352,12.12,0.0,343.6,0.1221,0.8863,0.2694,0.09321,0.2934,0.1119,0.1821,3.352,12.12,0.0,0.0,0.0,0.0,0.0,0.0,0.0,0.0,0.0,0.0,0.0,0.0,0.0,318.5,133.5,34.63,657.6,175.3,3.215,2.932,28.44,3.043,0.0,55.68,2.126,13.61,72.48,27.63,1.503,0.0493,0.05406,0.009287,0.0415,0.0,0.0,0.0,0.0,0.0,0.0,0.0,0.0,0.0,0.0,0.0,0.0,0.0,0.0,0.0,0.0,0.0,0.0,0.0,0.0,0.0,0.0,0.0,0.0,5.958E-4,0.0,8627.0,99510.0,90110.0,54940.0,1.815E7,28380.0,16200.0,18160.0,12020.0,19610.0,0.0,3.422E-36,2.7890000000000003E-36,1.252E-35,1.267E-35,1.758E-36,2.541E-37,6.043E-38,1.105E-38,3.992E-38,2.45E-38,2.08E-35,0.0,0.4884,1.558,2.687,1.415,0.1997,0.03843,0.00782,0.003442,0.0171,0.01355,0.0,0.0,6.355E-4,6.458E-4,8.723E-4,0.9957,6.662E-4,3.751E-4,4.921E-4,5.706E-5,5.978E-4,0.0,0.001426,0.009139,0.009953,0.006089,0.2169,0.01225,0.001616,6.7E-4,0.005421,0.001066,
0.0,1564.0,209.9,162.6,140.1,0.04984,7.987,0.5611,0.7176,1.643,0.7136,0.0,343.6,0.1223,0.8844,0.2808,0.09349,0.2865,0.1121,0.18,3.35,12.12,0.0,343.6,0.1223,0.8844,0.2808,0.09349,0.2865,0.1121,0.18,3.35,12.12,0.0,0.0,0.0,0.0,0.0,0.0,0.0,0.0,0.0,0.0,0.0,0.0,0.0,324.1,130.1,35.73,660.2,168.7,3.381,3.812,30.26,3.953,0.0,55.68,1.964,13.07,67.56,27.66,1.446,0.04987,0.05481,0.009565,0.04206,0.0,0.0,0.0,0.0,0.0,0.0,0.0,0.0,0.0,0.0,0.0,0.0,0.0,0.0,0.0,0.0,0.0,0.0,0.0,0.0,0.0,0.0,0.0,0.0,5.181E-4,0.0,8833.0,98130.0,91740.0,54320.0,1.882E7,27990.0,16000.0,18010.0,12010.0,19610.0,0.0,3.422E-36,2.7280000000000003E-36,1.238E-35,1.247E-35,1.758E-36,4.106E-37,5.840999999999999E-38,3.744E-38,7.299E-38,4.238E-38,2.08E-35,0.0,0.4885,1.552,2.668,1.421,0.1997,0.04997,0.007826,0.005415,0.01958,0.01488,0.0,0.0,6.355E-4,6.458E-4,8.723E-4,0.9957,6.662E-4,3.751E-4,4.921E-4,5.706E-5,5.978E-4,0.0,0.001558,0.009061,0.009941,0.006126,0.2163,0.01211,0.001617,6.719E-4,0.005437,0.001072,
0.0,1564.0,209.6,166.1,141.6,0.04802,4.094,0.5602,0.2001,1.009,0.3663,0.0,343.6,0.1227,0.9092,0.2375,0.09343,0.289,0.112,0.1839,3.357,12.13,0.0,343.6,0.1227,0.9092,0.2375,0.09343,0.289,0.112,0.1839,3.357,12.13,0.0,0.0,0.0,0.0,0.0,0.0,0.0,0.0,0.0,0.0,0.0,0.0,0.0,324.9,132.1,33.62,660.1,168.6,3.338,3.753,30.81,3.923,0.0,59.69,1.877,15.07,61.27,27.63,1.406,0.04988,0.05468,0.009395,0.04198,0.0,0.0,0.0,0.0,0.0,0.0,0.0,0.0,0.0,0.0,0.0,0.0,0.0,0.0,0.0,0.0,0.0,0.0,0.0,0.0,0.0,0.0,0.0,0.0,4.737E-4,0.0,10260.0,95130.0,89590.0,56970.0,1.988E7,28690.0,16190.0,18320.0,12010.0,20060.0,0.0,3.661E-36,2.7150000000000003E-36,1.239E-35,1.227E-35,1.758E-36,2.642E-37,5.626E-38,1.099E-38,4.022E-38,2.47E-38,2.08E-35,0.0,0.513,1.549,2.67,1.41,0.1996,0.03868,0.007812,0.003444,0.01732,0.01357,0.0,0.0,6.355E-4,6.458E-4,8.723E-4,0.9957,6.662E-4,3.751E-4,4.921E-4,5.706E-5,5.978E-4,0.0,0.00169,0.009056,0.009926,0.006085,0.2164,0.01202,0.001619,6.749E-4,0.005418,0.001078,
0.0,1566.0,210.0,162.3,143.4,0.05064,3.905,0.5614,0.2018,0.9907,0.3698,0.0,343.6,0.1232,0.9172,0.2295,0.09381,0.2873,0.1135,0.1843,3.352,12.13,0.0,343.6,0.1232,0.9172,0.2295,0.09381,0.2873,0.1135,0.1843,3.352,12.13,0.0,0.0,0.0,0.0,0.0,0.0,0.0,0.0,0.0,0.0,0.0,0.0,0.0,327.7,132.3,34.0,660.2,168.7,3.396,3.833,29.94,4.093,0.0,63.31,1.804,18.22,53.81,27.63,1.589,0.04989,0.05469,0.009399,0.04199,0.0,0.0,0.0,0.0,0.0,0.0,0.0,0.0,0.0,0.0,0.0,0.0,0.0,0.0,0.0,0.0,0.0,0.0,0.0,0.0,0.0,0.0,0.0,0.0,4.32E-4,0.0,10610.0,95020.0,90340.0,56450.0,2.121E7,29390.0,16730.0,19020.0,12170.0,20870.0,0.0,4.0190000000000004E-36,2.7170000000000002E-36,1.234E-35,1.1770000000000001E-35,1.758E-36,2.634E-37,5.424E-38,1.089E-38,3.9009999999999997E-38,2.48E-38,2.08E-35,0.0,0.5475,1.549,2.66,1.382,0.1997,0.03865,0.007831,0.00347,0.01703,0.01362,0.0,0.0,6.355E-4,6.458E-4,8.723E-4,0.9957,6.662E-4,3.751E-4,4.921E-4,5.706E-5,5.978E-4,0.0,0.001868,0.009039,0.009908,0.006021,0.2162,0.0119,0.001603,6.693E-4,0.005448,0.001073,
0.0,1566.0,204.7,165.2,153.7,0.05066,3.276,0.5287,0.2143,1.015,0.3706,0.0,343.6,0.121,0.8983,0.2193,0.1266,0.2861,0.1129,0.1846,3.134,12.34,0.0,343.6,0.121,0.8983,0.2193,0.1266,0.2861,0.1129,0.1846,3.134,12.34,0.0,0.0,0.0,0.0,0.0,0.0,0.0,0.0,0.0,0.0,0.0,0.0,0.0,336.7,124.3,34.02,657.2,168.7,3.311,3.875,29.99,4.102,0.0,63.31,1.853,17.7,46.7,27.8,1.59,0.05,0.05424,0.009328,0.04166,0.0,0.0,0.0,0.0,0.0,0.0,0.0,0.0,0.0,0.0,0.0,0.0,0.0,0.0,0.0,0.0,0.0,0.0,0.0,0.0,0.0,0.0,0.0,0.0,1.001E-4,0.0,10650.0,96770.0,99030.0,56770.0,2.27E7,31120.0,17480.0,19940.0,12240.0,21880.0,0.0,4.0190000000000004E-36,2.7410000000000003E-36,1.209E-35,1.156E-35,1.9900000000000002E-36,2.633E-37,4.748E-38,1.2469999999999999E-38,4.148E-38,2.546E-38,2.08E-35,0.0,0.5475,1.503,2.611,1.403,0.2719,0.03863,0.007505,0.003594,0.01684,0.0141,0.0,0.0,6.355E-4,6.458E-4,8.723E-4,0.9957,6.662E-4,3.751E-4,4.921E-4,5.706E-5,5.978E-4,0.0,0.001914,0.009048,0.009901,0.006041,0.2156,0.01184,0.001595,6.701E-4,0.005448,0.001074,
0.0,1557.0,215.4,170.4,166.0,0.05067,3.66,0.5339,0.2086,1.016,0.3699,0.0,343.6,0.122,0.9283,0.2154,0.09595,0.2845,0.1136,0.1839,3.054,12.43,0.0,343.6,0.122,0.9283,0.2154,0.09595,0.2845,0.1136,0.1839,3.054,12.43,0.0,0.0,0.0,0.0,0.0,0.0,0.0,0.0,0.0,0.0,0.0,0.0,0.0,334.4,127.1,34.63,654.0,168.7,3.341,3.873,29.99,4.115,0.0,62.21,1.6,12.08,34.15,27.82,1.2,0.05036,0.05489,0.009446,0.04215,0.0,0.0,0.0,0.0,0.0,0.0,0.0,0.0,0.0,0.0,0.0,0.0,0.0,0.0,0.0,0.0,0.0,0.0,0.0,0.0,0.0,0.0,0.0,0.0,1.0E-4,0.0,10790.0,98490.0,94190.0,57190.0,2.422E7,31730.0,17810.0,20420.0,12240.0,22580.0,0.0,3.5560000000000004E-36,2.771E-36,1.225E-35,1.139E-35,1.7750000000000002E-36,2.625E-37,4.611E-38,1.162E-38,4.186E-38,2.4579999999999997E-38,2.08E-35,0.0,0.4844,1.57,2.672,1.402,0.2051,0.03855,0.007562,0.003533,0.01751,0.01336,0.0,0.0,6.355E-4,6.458E-4,8.723E-4,0.9957,6.662E-4,3.751E-4,4.921E-4,5.706E-5,5.978E-4,0.0,0.002043,0.00906,0.009889,0.006046,0.2156,0.01171,0.001605,6.655E-4,0.00545,0.001075,
0.0,1559.0,216.5,168.0,172.4,0.05065,4.05,0.5378,0.2067,1.013,0.3708,0.0,343.6,0.1267,0.9205,0.2192,0.09597,0.2831,0.114,0.1836,1.082,14.39,0.0,343.6,0.1267,0.9205,0.2192,0.09597,0.2831,0.114,0.1836,1.082,14.39,0.0,0.0,0.0,0.0,0.0,0.0,0.0,0.0,0.0,0.0,0.0,0.0,0.0,336.4,130.5,34.69,649.7,168.7,3.328,3.835,29.97,4.076,0.0,62.21,1.328,11.47,26.0,28.22,0.8072,0.05354,0.05923,0.00996,0.04743,0.0,0.0,0.0,0.0,0.0,0.0,0.0,0.0,0.0,0.0,0.0,0.0,0.0,0.0,0.0,0.0,0.0,0.0,0.0,0.0,0.0,0.0,0.0,0.0,1.0E-4,0.0,10980.0,108100.0,108000.0,62410.0,2.581E7,29910.0,16860.0,19170.0,12040.0,21080.0,0.0,3.5820000000000005E-36,2.842E-36,1.209E-35,1.118E-35,1.776E-36,2.621E-37,4.415E-38,1.119E-38,4.016E-38,2.56E-38,2.08E-35,0.0,0.501,1.59,2.626,1.385,0.2068,0.0385,0.007616,0.00353,0.01666,0.01431,0.0,0.0,0.001002,0.001496,0.001134,0.9946,5.438E-4,3.062E-4,4.017E-4,4.657E-5,4.879E-4,0.0,0.002155,0.009112,0.01001,0.006077,0.2153,0.0116,0.001599,6.485E-4,0.005444,0.00106,
0.0,1536.0,243.4,174.1,167.7,0.05065,4.265,0.5398,0.2047,1.014,0.3702,0.0,343.6,0.1401,0.9135,0.2085,0.09578,0.2825,0.1143,0.1834,1.058,14.42,0.0,343.6,0.1401,0.9135,0.2085,0.09578,0.2825,0.1143,0.1834,1.058,14.42,0.0,0.0,0.0,0.0,0.0,0.0,0.0,0.0,0.0,0.0,0.0,0.0,0.0,345.0,125.5,35.22,652.5,168.7,3.346,3.843,29.96,4.095,0.0,59.04,1.183,9.339,24.07,28.18,0.5904,0.0536,0.05943,0.009978,0.04767,0.0,0.0,0.0,0.0,0.0,0.0,0.0,0.0,0.0,0.0,0.0,0.0,0.0,0.0,0.0,0.0,0.0,0.0,0.0,0.0,0.0,0.0,0.0,0.0,1.0E-4,0.0,11040.0,111200.0,107400.0,63460.0,2.486E7,30150.0,17220.0,19630.0,12070.0,21710.0,0.0,2.665E-36,2.9010000000000002E-36,1.209E-35,1.071E-35,1.776E-36,2.6179999999999997E-37,4.1639999999999997E-38,1.074E-38,4.03E-38,2.474E-38,2.08E-35,0.0,0.3844,1.742,2.625,1.338,0.2066,0.03849,0.007638,0.003509,0.0173,0.01359,0.0,0.0,0.00108,0.001613,0.001222,0.9942,5.862E-4,3.301E-4,4.331E-4,5.021E-5,5.261E-4,0.0,0.002299,0.009148,0.01,0.005954,0.2147,0.01159,0.001603,6.486E-4,0.005444,0.001064,
0.0,1536.0,242.1,173.4,166.0,0.05059,4.349,0.5318,0.2132,1.012,0.3704,0.0,343.6,0.1397,0.9131,0.2149,0.09558,0.2754,0.1135,0.1773,1.026,14.46,0.0,343.6,0.1397,0.9131,0.2149,0.09558,0.2754,0.1135,0.1773,1.026,14.46,0.0,0.0,0.0,0.0,0.0,0.0,0.0,0.0,0.0,0.0,0.0,0.0,0.0,348.9,125.5,35.27,651.5,168.7,3.317,3.862,29.95,4.096,0.0,59.04,1.123,11.61,24.73,28.16,0.2995,0.05429,0.06024,0.01011,0.04836,0.0,0.0,0.0,0.0,0.0,0.0,0.0,0.0,0.0,0.0,0.0,0.0,0.0,0.0,0.0,0.0,0.0,0.0,0.0,0.0,0.0,0.0,0.0,0.0,6.1E-4,0.0,11210.0,113000.0,106600.0,64400.0,2.376E7,30560.0,17560.0,20010.0,12140.0,22000.0,0.0,2.6660000000000002E-36,2.8750000000000002E-36,1.2150000000000002E-35,1.053E-35,1.776E-36,1.985E-37,3.833E-38,1.131E-38,3.957E-38,2.469E-38,2.08E-35,0.0,0.3845,1.732,2.635,1.337,0.2066,0.03371,0.007563,0.003597,0.01728,0.01359,0.0,0.0,0.001141,0.001704,0.001291,0.9938,6.193E-4,3.487E-4,4.576E-4,5.305E-5,5.558E-4,0.0,0.002468,0.009155,0.01001,0.005974,0.2146,0.01141,0.001606,6.744E-4,0.005447,0.001069,
0.0,1539.0,240.6,177.2,168.7,0.04776,4.63,0.5372,0.2109,1.027,0.3661,0.0,343.6,0.1395,0.9588,0.1682,0.0953,0.2768,0.1144,0.1779,0.7574,14.72,0.0,343.6,0.1395,0.9588,0.1682,0.0953,0.2768,0.1144,0.1779,0.7574,14.72,0.0,0.0,0.0,0.0,0.0,0.0,0.0,0.0,0.0,0.0,0.0,0.0,0.0,349.8,125.5,35.13,649.2,168.6,3.283,3.784,30.89,3.915,0.0,59.04,1.16,11.67,15.83,28.08,0.2499,0.05445,0.06047,0.01013,0.04863,0.0,0.0,0.0,0.0,0.0,0.0,0.0,0.0,0.0,0.0,0.0,0.0,0.0,0.0,0.0,0.0,0.0,0.0,0.0,0.0,0.0,0.0,0.0,0.0,1.0E-4,0.0,11320.0,114000.0,106200.0,65530.0,2.281E7,30520.0,17350.0,19830.0,12110.0,22020.0,0.0,2.9080000000000003E-36,2.8660000000000003E-36,1.217E-35,1.018E-35,1.7750000000000002E-36,2.067E-37,3.731E-38,1.102E-38,3.949E-38,2.45E-38,2.08E-35,0.0,0.4155,1.722,2.627,1.317,0.2063,0.03787,0.007617,0.003572,0.01756,0.01353,0.0,0.0,0.001218,0.001819,0.001379,0.9934,6.612E-4,3.723E-4,4.884E-4,5.663E-5,5.933E-4,0.0,0.00263,0.009173,0.01007,0.005847,0.2142,0.01134,0.001618,6.846E-4,0.00543,0.001076,
0.0,1539.0,242.7,170.7,157.6,0.04794,3.44,0.5252,0.2043,1.02,0.361,0.0,343.6,0.1539,0.9694,0.1687,0.1486,0.277,0.1141,0.1781,0.7574,14.64,0.0,343.6,0.1539,0.9694,0.1687,0.1486,0.277,0.1141,0.1781,0.7574,14.64,0.0,0.0,0.0,0.0,0.0,0.0,0.0,0.0,0.0,0.0,0.0,0.0,0.0,352.9,127.6,34.29,649.4,168.3,3.248,3.779,30.88,3.902,0.0,59.04,1.931,16.9,24.99,28.05,0.3648,0.05447,0.06048,0.01013,0.05587,0.0,0.0,0.0,0.0,0.0,0.0,0.0,0.0,0.0,0.0,0.0,0.0,0.0,0.0,0.0,0.0,0.0,0.0,0.0,0.0,0.0,0.0,0.0,0.0,1.001E-4,0.0,11390.0,111800.0,107100.0,65460.0,2.247E7,31090.0,17270.0,19720.0,12140.0,23360.0,0.0,2.9080000000000003E-36,2.9970000000000002E-36,1.198E-35,1.0020000000000001E-35,1.867E-36,1.749E-37,3.447E-38,1.112E-38,3.889E-38,2.452E-38,2.08E-35,0.0,0.4155,1.765,2.548,1.319,0.2306,0.03614,0.007541,0.003612,0.01756,0.01353,0.0,0.0,0.001218,0.001819,0.001379,0.9934,6.612E-4,3.723E-4,4.884E-4,5.663E-5,5.933E-4,0.0,0.002658,0.009228,0.01007,0.005797,0.2142,0.0113,0.001606,6.944E-4,0.005433,0.001104,
0.0,1544.0,238.6,174.0,157.7,0.08508,3.205,0.5248,0.2045,1.02,0.361,0.0,343.6,0.1461,1.018,0.1536,0.1173,0.2823,0.114,0.1782,0.7574,14.64,0.0,343.6,0.1461,1.018,0.1536,0.1173,0.2823,0.114,0.1782,0.7574,14.64,0.0,0.0,0.0,0.0,0.0,0.0,0.0,0.0,0.0,0.0,0.0,0.0,0.0,353.4,129.0,34.27,649.5,168.2,3.232,3.763,30.88,3.89,0.0,59.04,1.613,12.94,23.63,29.68,0.3573,0.05449,0.06049,0.01014,0.05588,0.0,0.0,0.0,0.0,0.0,0.0,0.0,0.0,0.0,0.0,0.0,0.0,0.0,0.0,0.0,0.0,0.0,0.0,0.0,0.0,0.0,0.0,0.0,0.0,5.502E-4,0.0,11520.0,111900.0,111000.0,64840.0,2.293E7,31230.0,17720.0,20250.0,12270.0,23650.0,0.0,3.126E-36,2.8690000000000003E-36,1.187E-35,9.861000000000001E-36,1.957E-36,1.651E-37,3.273E-38,1.091E-38,3.822E-38,2.445E-38,2.08E-35,0.0,0.455,1.718,2.561,1.316,0.2283,0.03187,0.007537,0.003614,0.01756,0.01354,0.0,0.0,0.001218,0.001819,0.001379,0.9934,6.612E-4,3.723E-4,4.884E-4,5.663E-5,5.933E-4,0.0,0.002717,0.009069,0.01019,0.005749,0.214,0.01132,0.001606,6.946E-4,0.005433,0.001103,
0.0,1544.0,249.3,161.4,158.4,0.05008,2.669,0.5334,0.1994,0.9974,0.3607,0.0,343.6,0.1521,1.027,0.1549,0.1036,0.283,0.1158,0.1779,0.7493,14.64,0.0,343.6,0.1521,1.027,0.1549,0.1036,0.283,0.1158,0.1779,0.7493,14.64,0.0,0.0,0.0,0.0,0.0,0.0,0.0,0.0,0.0,0.0,0.0,0.0,0.0,356.2,129.4,34.4,646.5,168.3,3.316,3.817,30.21,3.99,0.0,59.04,1.553,14.17,22.9,29.63,0.3454,0.0541,0.06005,0.01008,0.05556,0.0,0.0,0.0,0.0,0.0,0.0,0.0,0.0,0.0,0.0,0.0,0.0,0.0,0.0,0.0,0.0,0.0,0.0,0.0,0.0,0.0,0.0,0.0,0.0,4.801E-4,0.0,11770.0,113200.0,113300.0,66290.0,2.391E7,31860.0,18430.0,21100.0,12450.0,24370.0,0.0,3.1510000000000005E-36,3.143E-36,1.175E-35,9.762000000000001E-36,1.786E-36,1.655E-37,3.214E-38,1.076E-38,3.675E-38,2.446E-38,2.08E-35,0.0,0.4613,1.822,2.467,1.313,0.2087,0.03172,0.007663,0.003623,0.01728,0.01357,0.0,0.0,0.001218,0.001819,0.001379,0.9934,6.612E-4,3.723E-4,4.884E-4,5.663E-5,5.933E-4,0.0,0.002951,0.009039,0.01019,0.005722,0.2139,0.01112,0.001613,6.917E-4,0.00544,0.0011,
0.0,1539.0,240.8,177.4,154.1,0.3259,3.793,0.5334,0.1994,0.9973,0.3607,0.0,343.6,0.1469,1.005,0.1722,0.1032,0.2903,0.1162,0.179,0.7499,14.64,0.0,343.6,0.1469,1.005,0.1722,0.1032,0.2903,0.1162,0.179,0.7499,14.64,0.0,0.0,0.0,0.0,0.0,0.0,0.0,0.0,0.0,0.0,0.0,0.0,0.0,373.6,105.6,40.62,648.8,168.3,3.301,3.801,30.2,3.979,0.0,58.38,2.866,14.11,22.2,29.24,0.3244,0.05415,0.06007,0.01009,0.05559,0.0,0.0,0.0,0.0,0.0,0.0,0.0,0.0,0.0,0.0,0.0,0.0,0.0,0.0,0.0,0.0,0.0,0.0,0.0,0.0,0.0,0.0,0.0,0.0,4.371E-4,0.0,11850.0,116700.0,113200.0,68860.0,2.519E7,33080.0,19420.0,22280.0,12570.0,25460.0,0.0,3.0290000000000005E-36,3.167E-36,1.1990000000000001E-35,9.456000000000001E-36,1.777E-36,2.328E-37,3.024E-38,1.051E-38,3.633E-38,2.439E-38,2.08E-35,0.0,0.44,1.739,2.537,1.339,0.2061,0.03942,0.007663,0.003623,0.01727,0.01357,0.0,0.0,0.001218,0.001819,0.001379,0.9934,6.612E-4,3.723E-4,4.884E-4,5.663E-5,5.933E-4,0.0,0.002976,0.009209,0.009912,0.005789,0.2139,0.0111,0.001613,6.917E-4,0.00544,0.0011,
0.0,1541.0,233.4,182.7,158.5,0.3428,3.415,0.5346,0.1978,0.9975,0.363,0.0,343.6,0.1705,0.9027,0.1628,0.1032,0.2856,0.1167,0.1788,0.7499,14.73,0.0,343.6,0.1705,0.9027,0.1628,0.1032,0.2856,0.1167,0.1788,0.7499,14.73,0.0,0.0,0.0,0.0,0.0,0.0,0.0,0.0,0.0,0.0,0.0,0.0,0.0,375.1,113.5,38.2,648.8,168.3,3.306,3.796,30.2,3.979,0.0,58.38,2.03,9.967,21.87,29.22,0.3106,0.05422,0.06011,0.01012,0.05565,0.0,0.0,0.0,0.0,0.0,0.0,0.0,0.0,0.0,0.0,0.0,0.0,0.0,0.0,0.0,0.0,0.0,0.0,0.0,0.0,0.0,0.0,0.0,0.0,4.098E-4,0.0,11930.0,120000.0,112400.0,72070.0,2.667E7,34430.0,20540.0,23610.0,12690.0,26820.0,0.0,3.081E-36,3.0610000000000005E-36,1.178E-35,9.371000000000001E-36,1.777E-36,2.098E-37,2.878E-38,1.022E-38,3.593E-38,2.464E-38,2.08E-35,0.0,0.4587,1.735,2.481,1.367,0.2061,0.03677,0.007674,0.003605,0.01728,0.01359,0.0,0.0,0.001218,0.001819,0.001379,0.9934,6.612E-4,3.723E-4,4.884E-4,5.663E-5,5.933E-4,0.0,0.003029,0.009248,0.009819,0.005783,0.2138,0.01105,0.001613,6.885E-4,0.00544,0.001154,
0.0,1544.0,216.3,196.6,150.7,0.2511,3.422,0.541,0.1943,0.9943,0.3634,0.0,343.6,0.1397,0.9522,0.1384,0.1032,0.2855,0.1175,0.1786,1.056,14.43,0.0,343.6,0.1397,0.9522,0.1384,0.1032,0.2855,0.1175,0.1786,1.056,14.43,0.0,0.0,0.0,0.0,0.0,0.0,0.0,0.0,0.0,0.0,0.0,0.0,0.0,383.2,111.1,38.52,640.8,168.3,3.32,3.78,30.2,3.974,0.0,58.38,2.612,6.205,30.85,29.32,0.2981,0.05418,0.06009,0.01011,0.05562,0.0,0.0,0.0,0.0,0.0,0.0,0.0,0.0,0.0,0.0,0.0,0.0,0.0,0.0,0.0,0.0,0.0,0.0,0.0,0.0,0.0,0.0,0.0,0.0,1.0E-4,0.0,12110.0,122800.0,113300.0,75860.0,2.828E7,35700.0,21630.0,24930.0,12960.0,28010.0,0.0,3.3050000000000004E-36,2.7980000000000002E-36,1.194E-35,9.114E-36,1.777E-36,2.094E-37,2.771E-38,9.811999999999999E-39,3.556E-38,2.445E-38,2.08E-35,0.0,0.5073,1.589,2.603,1.324,0.2061,0.0367,0.007744,0.003571,0.01731,0.01353,0.0,0.0,0.001218,0.001819,0.001379,0.9934,6.612E-4,3.723E-4,4.884E-4,5.663E-5,5.933E-4,0.0,0.003197,0.009278,0.009775,0.005716,0.2136,0.01094,0.001623,6.826E-4,0.005453,0.001132,
0.0,1548.0,214.8,191.4,154.8,0.1644,2.717,0.5397,0.1959,0.9936,0.3625,0.0,343.6,0.1481,0.9192,0.1689,0.1032,0.2789,0.1171,0.1788,1.216,14.26,0.0,343.6,0.1481,0.9192,0.1689,0.1032,0.2789,0.1171,0.1788,1.216,14.26,0.0,0.0,0.0,0.0,0.0,0.0,0.0,0.0,0.0,0.0,0.0,0.0,0.0,385.9,111.2,38.63,627.9,168.3,3.317,3.776,30.19,3.969,0.0,58.39,3.738,6.124,27.75,29.36,0.2892,0.05472,0.06071,0.0102,0.05607,0.0,0.0,0.0,0.0,0.0,0.0,0.0,0.0,0.0,0.0,0.0,0.0,0.0,0.0,0.0,0.0,0.0,0.0,0.0,0.0,0.0,0.0,0.0,0.0,1.0E-4,0.0,12410.0,124800.0,115500.0,77850.0,2.982E7,36300.0,22000.0,25480.0,13040.0,28670.0,0.0,3.5430000000000004E-36,2.9340000000000003E-36,1.163E-35,9.009000000000001E-36,1.777E-36,1.65E-37,2.607E-38,9.687999999999999E-39,3.515E-38,2.436E-38,2.08E-35,0.0,0.5364,1.598,2.538,1.349,0.2061,0.03174,0.007731,0.003595,0.01729,0.01352,0.0,0.0,0.001218,0.001819,0.001379,0.9934,6.612E-4,3.723E-4,4.884E-4,5.663E-5,5.933E-4,0.0,0.003307,0.009273,0.009711,0.005736,0.2135,0.01088,0.001612,6.953E-4,0.005448,0.001128,
0.0,1539.0,229.2,188.3,156.5,0.1163,2.726,0.5433,0.2368,0.9505,0.3605,0.0,343.6,0.1462,0.9409,0.1481,0.1031,0.2784,0.1176,0.2134,1.623,13.82,0.0,343.6,0.1462,0.9409,0.1481,0.1031,0.2784,0.1176,0.2134,1.623,13.82,0.0,0.0,0.0,0.0,0.0,0.0,0.0,0.0,0.0,0.0,0.0,0.0,0.0,388.3,112.7,38.74,625.9,168.3,3.327,3.761,30.19,3.966,0.0,57.15,4.063,6.393,23.96,29.4,0.2789,0.0547,0.06071,0.0102,0.05606,0.0,0.0,0.0,0.0,0.0,0.0,0.0,0.0,0.0,0.0,0.0,0.0,0.0,0.0,0.0,0.0,0.0,0.0,0.0,0.0,0.0,0.0,0.0,0.0,1.001E-4,0.0,12470.0,125100.0,115900.0,77280.0,2.984E7,35820.0,21490.0,26250.0,11670.0,28190.0,0.0,3.114E-36,2.957E-36,1.153E-35,8.925E-36,1.777E-36,1.646E-37,2.523E-38,1.064E-38,3.384E-38,2.391E-38,2.08E-35,0.0,0.4776,1.698,2.497,1.34,0.206,0.03172,0.007771,0.004278,0.01662,0.01345,0.0,0.0,0.001218,0.001819,0.001379,0.9934,6.612E-4,3.723E-4,4.884E-4,5.663E-5,5.933E-4,0.0,0.003324,0.009186,0.009729,0.005751,0.2136,0.01086,0.001617,0.001531,0.004663,0.001068,
0.0,1540.0,221.9,192.3,159.6,0.08988,3.142,0.5463,0.2366,0.9515,0.3658,0.0,343.6,0.1383,0.9341,0.155,0.1019,0.2777,0.116,0.2133,1.122,14.33,0.0,343.6,0.1383,0.9341,0.155,0.1019,0.2777,0.116,0.2133,1.122,14.33,0.0,0.0,0.0,0.0,0.0,0.0,0.0,0.0,0.0,0.0,0.0,0.0,0.0,383.6,114.4,47.53,626.0,169.5,3.331,3.75,30.29,3.845,0.0,57.15,7.926,8.569,13.0,29.43,0.7484,0.05471,0.06071,0.0102,0.04886,0.0,0.0,0.0,0.0,0.0,0.0,0.0,0.0,0.0,0.0,0.0,0.0,0.0,0.0,0.0,0.0,0.0,0.0,0.0,0.0,0.0,0.0,0.0,0.0,8.721E-4,0.0,12570.0,122700.0,113700.0,73120.0,2.801E7,34460.0,20720.0,25270.0,11670.0,26860.0,0.0,3.188E-36,2.8560000000000002E-36,1.133E-35,8.907000000000001E-36,1.777E-36,2.55E-37,2.381E-38,1.042E-38,3.37E-38,2.36E-38,2.08E-35,0.0,0.4951,1.645,2.515,1.329,0.2061,0.04043,0.007778,0.004281,0.01671,0.01334,0.0,0.0,0.001218,0.001819,0.001379,0.9934,6.612E-4,3.723E-4,4.884E-4,5.663E-5,5.933E-4,0.0,0.003396,0.008912,0.008885,0.006513,0.2136,0.01111,0.001615,0.001535,0.004683,0.001043,
0.0,1542.0,229.4,190.2,163.2,0.07394,3.358,0.5447,0.243,0.9521,0.3682,0.0,343.6,0.1476,0.9388,0.1439,0.1003,0.2752,0.1153,0.2142,0.6112,14.84,0.0,343.6,0.1476,0.9388,0.1439,0.1003,0.2752,0.1153,0.2142,0.6112,14.84,0.0,0.0,0.0,0.0,0.0,0.0,0.0,0.0,0.0,0.0,0.0,0.0,0.0,390.5,110.3,46.77,627.0,170.0,3.267,3.944,30.55,3.84,0.0,57.15,3.964,7.227,7.602,29.24,0.2027,0.05475,0.06073,0.01021,0.04887,0.0,0.0,0.0,0.0,0.0,0.0,0.0,0.0,0.0,0.0,0.0,0.0,0.0,0.0,0.0,0.0,0.0,0.0,0.0,0.0,0.0,0.0,0.0,0.0,1.002E-4,0.0,12610.0,122600.0,118100.0,71380.0,2.755E7,34110.0,20760.0,25240.0,11780.0,26590.0,0.0,3.263E-36,2.8620000000000002E-36,1.135E-35,8.766E-36,1.7720000000000003E-36,2.213E-37,2.244E-38,1.042E-38,3.327E-38,2.356E-38,2.08E-35,0.0,0.5125,1.686,2.47,1.316,0.2052,0.03719,0.007756,0.004391,0.01673,0.01337,0.0,0.0,0.001218,0.001819,0.001379,0.9934,6.612E-4,3.723E-4,4.884E-4,5.663E-5,5.933E-4,0.0,0.003418,0.009658,0.007921,0.006621,0.2136,0.01122,0.001613,0.001527,0.004664,0.001053,
0.0,1542.0,233.4,187.6,164.6,0.09872,2.895,0.5479,0.2646,0.9286,0.3649,0.0,343.6,0.1299,0.9556,0.1448,0.1014,0.2746,0.1159,0.2108,0.9485,14.51,0.0,343.6,0.1299,0.9556,0.1448,0.1014,0.2746,0.1159,0.2108,0.9485,14.51,0.0,0.0,0.0,0.0,0.0,0.0,0.0,0.0,0.0,0.0,0.0,0.0,0.0,398.5,109.4,44.55,622.7,168.4,3.29,5.233,29.27,3.831,0.0,57.15,3.779,5.845,6.949,28.84,0.125,0.0548,0.06076,0.01022,0.06334,0.0,0.0,0.0,0.0,0.0,0.0,0.0,0.0,0.0,0.0,0.0,0.0,0.0,0.0,0.0,0.0,0.0,0.0,0.0,0.0,0.0,0.0,0.0,0.0,1.0E-4,0.0,12650.0,128100.0,127300.0,81410.0,2.79E7,34340.0,21180.0,25680.0,11910.0,37220.0,0.0,3.263E-36,2.6540000000000003E-36,1.142E-35,8.888000000000001E-36,1.767E-36,1.664E-37,2.135E-38,1.095E-38,3.227E-38,2.353E-38,2.08E-35,0.0,0.5125,1.701,2.442,1.333,0.2039,0.03188,0.007797,0.004787,0.01641,0.01333,0.0,0.0,0.001218,0.001819,0.001379,0.9934,6.612E-4,3.723E-4,4.884E-4,5.663E-5,5.933E-4,0.0,0.003446,0.01043,0.007868,0.006342,0.2129,0.0109,0.00162,0.001458,0.004754,0.001251,
0.0,1544.0,222.5,186.1,150.5,0.05481,2.919,0.5475,0.2637,0.932,0.3621,0.0,343.6,0.1182,0.9664,0.1457,0.1013,0.2737,0.1159,0.211,1.536,13.92,0.0,343.6,0.1182,0.9664,0.1457,0.1013,0.2737,0.1159,0.211,1.536,13.92,0.0,0.0,0.0,0.0,0.0,0.0,0.0,0.0,0.0,0.0,0.0,0.0,0.0,395.3,119.7,45.11,614.0,168.4,3.288,5.189,29.31,3.827,0.0,57.15,3.703,15.13,19.66,28.88,0.08275,0.0555,0.06148,0.01037,0.06391,0.0,0.0,0.0,0.0,0.0,0.0,0.0,0.0,0.0,0.0,0.0,0.0,0.0,0.0,0.0,0.0,0.0,0.0,0.0,0.0,0.0,0.0,0.0,0.0,5.034E-4,0.0,12700.0,128400.0,127200.0,80040.0,2.871E7,34650.0,21090.0,25660.0,12050.0,35970.0,0.0,3.3370000000000004E-36,2.445E-36,1.1590000000000001E-35,8.772000000000001E-36,1.767E-36,1.661E-37,2.02E-38,1.079E-38,3.19E-38,2.331E-38,2.08E-35,0.0,0.5299,1.606,2.516,1.318,0.2039,0.03175,0.007795,0.004813,0.01644,0.01328,0.0,0.0,0.001218,0.001819,0.001379,0.9934,6.612E-4,3.723E-4,4.884E-4,5.663E-5,5.933E-4,0.0,0.003481,0.01054,0.007715,0.006249,0.2127,0.01098,0.001621,0.001467,0.00482,0.001177,
0.0,1544.0,223.8,174.3,154.4,0.9656,7.051,0.5534,0.3303,0.8551,0.3566,0.0,343.6,0.1625,0.8847,0.1736,0.09184,0.2927,0.1166,0.2142,1.315,14.14,0.0,343.6,0.1625,0.8847,0.1736,0.09184,0.2927,0.1166,0.2142,1.315,14.14,0.0,0.0,0.0,0.0,0.0,0.0,0.0,0.0,0.0,0.0,0.0,0.0,0.0,390.2,125.9,42.24,608.9,174.7,3.347,8.632,25.46,3.798,0.0,57.15,3.695,7.525,26.43,28.82,0.07065,0.05554,0.06146,0.0104,0.06894,0.0,0.0,0.0,0.0,0.0,0.0,0.0,0.0,0.0,0.0,0.0,0.0,0.0,0.0,0.0,0.0,0.0,0.0,0.0,0.0,0.0,0.0,0.0,0.0,4.088E-4,0.0,12760.0,99230.0,133700.0,73030.0,2.965E7,32740.0,19410.0,23340.0,12030.0,31870.0,0.0,3.3370000000000004E-36,2.8660000000000003E-36,1.072E-35,8.794E-36,1.722E-36,5.6859999999999994E-37,1.948E-38,1.258E-38,2.921E-38,2.319E-38,2.08E-35,0.0,0.5299,1.653,2.406,1.352,0.1755,0.07675,0.007859,0.005916,0.01514,0.01327,0.0,0.0,1.203E-4,0.001632,0.001147,0.9953,5.503E-4,3.099E-4,4.065E-4,4.713E-5,4.938E-4,0.0,0.003554,0.008928,0.008257,0.00561,0.2128,0.01232,0.001611,0.001347,0.004937,0.001156,
0.0,1545.0,211.2,184.5,156.6,0.05621,2.777,0.4987,0.316,0.8581,0.3556,0.0,343.6,0.1187,0.9827,0.1476,0.08439,0.27,0.0901,0.2796,2.173,13.24,0.0,343.6,0.1187,0.9827,0.1476,0.08439,0.27,0.0901,0.2796,2.173,13.24,0.0,0.0,0.0,0.0,0.0,0.0,0.0,0.0,0.0,0.0,0.0,0.0,0.0,409.9,120.9,40.21,604.4,172.6,3.343,8.402,25.68,3.795,0.0,56.88,3.941,7.003,28.61,29.64,0.06515,0.05549,0.06146,0.01233,0.06718,0.0,0.0,0.0,0.0,0.0,0.0,0.0,0.0,0.0,0.0,0.0,0.0,0.0,0.0,0.0,0.0,0.0,0.0,0.0,0.0,0.0,0.0,0.0,0.0,1.001E-4,0.0,12860.0,98290.0,83220.0,69010.0,2.781E7,31940.0,19020.0,22760.0,12630.0,29440.0,0.0,3.335E-36,2.237E-36,1.1500000000000001E-35,9.021E-36,1.655E-36,1.724E-37,1.8479999999999999E-38,1.217E-38,2.919E-38,2.291E-38,2.08E-35,0.0,0.5458,1.533,2.537,1.373,0.1627,0.03083,0.007296,0.005684,0.01537,0.01312,0.0,0.0,1.242E-4,9.595E-6,0.001184,0.9968,5.678E-4,3.197E-4,4.195E-4,4.863E-5,5.095E-4,0.0,0.003695,0.01034,0.007285,0.005246,0.2127,0.01188,0.001595,0.001308,0.005037,0.001079,
0.0,1548.0,213.8,178.2,154.1,0.05603,4.36,0.5665,0.3186,0.8846,0.3538,0.0,343.6,0.1403,0.9635,0.131,0.0842,0.2699,0.09038,0.2834,3.213,12.2,0.0,343.6,0.1403,0.9635,0.131,0.0842,0.2699,0.09038,0.2834,3.213,12.2,0.0,0.0,0.0,0.0,0.0,0.0,0.0,0.0,0.0,0.0,0.0,0.0,18.0,413.7,113.3,38.28,604.1,172.6,3.354,7.176,26.87,3.804,0.0,56.88,3.661,6.912,27.41,29.61,0.05845,0.05544,0.06153,0.01422,0.06528,0.0,0.0,0.0,0.0,0.0,0.0,0.0,0.0,0.0,0.0,0.0,0.0,0.0,0.0,0.0,0.0,0.0,0.0,0.0,0.0,0.0,0.0,0.0,0.0,1.001E-4,0.0,13090.0,97250.0,80010.0,67540.0,2.657E7,31870.0,19160.0,22950.0,13110.0,28300.0,0.0,3.469E-36,2.237E-36,1.117E-35,8.95E-36,1.655E-36,1.9199999999999998E-37,1.803E-38,1.148E-38,2.973E-38,2.273E-38,2.08E-35,0.0,0.5816,1.567,2.459,1.332,0.1627,0.05018,0.007856,0.005501,0.01583,0.01306,0.0,0.0,1.307E-4,1.01E-5,0.001246,0.9967,5.975E-4,3.364E-4,4.414E-4,5.118E-5,5.362E-4,0.0,0.003827,0.01009,0.00726,0.005248,0.2122,0.01184,0.001592,0.001323,0.005074,0.001031,
0.0,1542.0,209.5,178.2,151.9,7.119,3.47,0.5958,0.3103,0.8928,0.3787,0.0,343.6,0.128,0.968,0.1458,0.07413,0.2674,0.08401,0.2793,3.798,11.62,0.0,343.6,0.128,0.968,0.1458,0.07413,0.2674,0.08401,0.2793,3.798,11.62,0.0,0.0,0.0,0.0,0.0,0.0,0.0,0.0,0.0,0.0,0.0,0.0,17.99,366.0,114.5,38.9,656.1,172.6,3.36,6.449,27.56,3.795,0.0,56.28,3.512,9.212,25.82,34.4,0.05791,0.05676,0.06331,0.01246,0.05604,0.0,0.0,0.0,0.0,0.0,0.0,0.0,0.0,0.0,0.0,0.0,0.0,0.0,0.0,0.0,0.0,0.0,0.0,0.0,0.0,0.0,0.0,0.0,0.0,1.0E-4,0.0,13120.0,95150.0,91750.0,68210.0,2.547E7,30650.0,18720.0,22270.0,13040.0,26570.0,0.0,3.225E-36,2.1350000000000002E-36,1.104E-35,9.043E-36,1.741E-36,1.6989999999999999E-37,1.738E-38,1.1E-38,2.99E-38,2.263E-38,2.08E-35,0.0,0.5407,1.528,2.473,1.357,0.2104,0.03641,0.008129,0.005362,0.01609,0.013,0.0,0.0,1.226E-4,1.739E-6,0.001335,0.9967,5.607E-4,3.157E-4,4.143E-4,4.803E-5,5.032E-4,0.0,0.003846,0.009639,0.007193,0.005248,0.2124,0.01183,0.001586,0.001302,0.005087,0.001034,
0.0,1543.0,203.8,181.4,152.9,7.115,3.414,0.4987,0.309,0.947,0.3795,0.0,343.6,0.1314,0.9402,0.1564,0.07442,0.267,0.08207,0.2868,1.957,13.46,0.0,343.6,0.1314,0.9402,0.1564,0.07442,0.267,0.08207,0.2868,1.957,13.46,0.0,0.0,0.0,0.0,0.0,0.0,0.0,0.0,0.0,0.0,0.0,0.0,17.99,368.7,118.1,40.05,654.4,172.5,3.261,4.325,30.1,3.797,0.0,56.28,3.5,8.512,25.2,34.38,0.05715,0.05694,0.06355,0.01056,0.05508,0.0,0.0,0.0,0.0,0.0,0.0,0.0,0.0,0.0,0.0,0.0,0.0,0.0,0.0,0.0,0.0,0.0,0.0,0.0,0.0,0.0,0.0,0.0,0.0,6.083E-4,0.0,13160.0,95700.0,90100.0,68900.0,2.436E7,30980.0,19190.0,22860.0,13120.0,26250.0,0.0,3.2400000000000004E-36,2.249E-36,1.09E-35,8.921000000000001E-36,1.74E-36,1.692E-37,1.624E-38,9.808E-39,3.133E-38,2.244E-38,2.08E-35,0.0,0.5451,1.489,2.478,1.356,0.2104,0.03592,0.007309,0.005003,0.01699,0.01294,0.0,0.0,1.29E-4,1.829E-6,0.001404,0.9965,5.898E-4,3.321E-4,4.357E-4,5.051E-5,5.292E-4,0.0,0.003852,0.009816,0.007108,0.005181,0.2122,0.01183,0.001581,0.001354,0.005082,9.896E-4,
0.0,1545.0,204.3,179.5,151.8,7.111,3.414,0.5017,0.3054,0.9475,0.3793,0.0,343.6,0.1341,0.9419,0.1519,0.07432,0.2682,0.08258,0.2856,2.242,13.17,0.0,343.6,0.1341,0.9419,0.1519,0.07432,0.2682,0.08258,0.2856,2.242,13.17,0.0,0.0,0.0,0.0,0.0,0.0,0.0,0.0,0.0,0.0,0.0,0.0,17.99,370.3,118.5,40.01,652.3,172.5,3.274,4.28,30.14,3.806,0.0,56.28,3.464,8.295,24.98,34.35,0.05742,0.05716,0.06382,0.01059,0.05514,0.0,0.0,0.0,0.0,0.0,0.0,0.0,0.0,0.0,0.0,0.0,0.0,0.0,0.0,0.0,0.0,0.0,0.0,0.0,0.0,0.0,0.0,0.0,0.0,1.0E-4,0.0,13250.0,96590.0,90400.0,69640.0,2.355E7,31280.0,19820.0,23540.0,13090.0,26490.0,0.0,3.5040000000000004E-36,2.2770000000000002E-36,1.075E-35,8.724E-36,1.74E-36,1.686E-37,1.568E-38,9.656E-39,3.108E-38,2.231E-38,2.08E-35,0.0,0.5706,1.496,2.452,1.347,0.2104,0.03592,0.007342,0.004974,0.01703,0.0129,0.0,0.0,1.358E-4,1.925E-6,0.001478,0.9963,6.208E-4,3.496E-4,4.587E-4,5.318E-5,5.571E-4,0.0,0.004064,0.009811,0.00706,0.005031,0.2118,0.01184,0.001591,0.001355,0.005091,9.809E-4,
0.0,1548.0,203.3,177.7,150.8,6.891,3.952,0.504,0.2994,0.9512,0.3793,0.0,343.6,0.1627,0.9218,0.1485,0.07409,0.2591,0.08289,0.2871,1.888,13.53,0.0,343.6,0.1627,0.9218,0.1485,0.07409,0.2591,0.08289,0.2871,1.888,13.53,0.0,0.0,0.0,0.0,0.0,0.0,0.0,0.0,0.0,0.0,0.0,0.0,17.99,372.1,124.2,33.95,651.8,175.6,3.304,4.118,30.32,3.83,0.0,56.28,3.446,8.22,24.9,34.29,0.06026,0.05806,0.06482,0.01076,0.05594,0.0,0.0,0.0,0.0,0.0,0.0,0.0,0.0,0.0,0.0,0.0,0.0,0.0,0.0,0.0,0.0,0.0,0.0,0.0,0.0,0.0,0.0,0.0,0.0,6.621E-4,0.0,13330.0,97700.0,91470.0,70540.0,2.26E7,31880.0,20480.0,24210.0,13200.0,26920.0,0.0,3.6070000000000004E-36,2.62E-36,1.028E-35,8.65E-36,1.738E-36,2.066E-37,1.503E-38,9.396999999999999E-39,3.056E-38,2.274E-38,2.08E-35,0.0,0.5942,1.542,2.375,1.339,0.2087,0.04479,0.007371,0.00489,0.01647,0.0136,0.0,0.0,1.432E-4,2.031E-6,0.001559,0.9961,6.55E-4,3.688E-4,4.839E-4,5.61E-5,5.878E-4,0.0,0.004072,0.009748,0.007112,0.005039,0.2116,0.01186,0.0016,0.00134,0.005113,9.854E-4,
0.0,1548.0,191.3,186.0,152.8,6.886,3.951,0.5037,0.2897,0.9614,0.3787,0.0,343.6,0.1428,0.9397,0.1466,0.07406,0.2591,0.08288,0.2824,1.878,13.54,0.0,343.6,0.1428,0.9397,0.1466,0.07406,0.2591,0.08288,0.2824,1.878,13.54,0.0,0.0,0.0,0.0,0.0,0.0,0.0,0.0,0.0,0.0,0.0,0.0,17.99,387.6,114.4,32.22,652.8,175.6,3.304,3.636,30.8,3.83,0.0,56.28,3.356,8.317,25.32,34.28,0.06111,0.05814,0.06487,0.01079,0.05595,0.0,0.0,0.0,0.0,0.0,0.0,0.0,0.0,0.0,0.0,0.0,0.0,0.0,0.0,0.0,0.0,0.0,0.0,0.0,0.0,0.0,0.0,0.0,0.0,6.633E-4,0.0,13350.0,97280.0,90680.0,68670.0,2.226E7,30840.0,19250.0,22810.0,12930.0,25720.0,0.0,3.6070000000000004E-36,2.323E-36,1.043E-35,8.709E-36,1.737E-36,2.059E-37,1.447E-38,9.023999999999999E-39,3.086E-38,2.242E-38,2.08E-35,0.0,0.5942,1.424,2.449,1.369,0.2087,0.04479,0.007369,0.004728,0.01691,0.01329,0.0,0.0,1.432E-4,2.031E-6,0.001559,0.9961,6.55E-4,3.688E-4,4.839E-4,5.61E-5,5.878E-4,0.0,0.004072,0.009786,0.007009,0.005095,0.2114,0.01185,0.001598,0.001319,0.005132,9.825E-4,
0.0,1549.0,185.2,181.3,147.3,0.179,4.375,0.508,0.289,0.9468,0.6004,0.0,343.6,0.1366,0.9499,0.1397,0.07738,0.2601,0.08427,0.2848,1.869,13.54,0.0,343.6,0.1366,0.9499,0.1397,0.07738,0.2601,0.08427,0.2848,1.869,13.54,0.0,0.0,0.0,0.0,0.0,0.0,0.0,0.0,0.0,0.0,0.0,0.0,17.99,383.6,114.6,32.33,648.4,175.4,3.01,3.285,30.0,3.582,0.0,56.28,4.19,14.95,25.79,45.87,0.06806,0.06479,0.07207,0.01206,0.06138,0.0,0.0,0.0,0.0,0.0,0.0,0.0,0.0,0.0,0.0,0.0,0.0,0.0,0.0,0.0,0.0,0.0,0.0,0.0,0.0,0.0,0.0,0.0,0.0,1.0E-4,0.0,13400.0,99710.0,86070.0,78510.0,2.274E7,28270.0,15720.0,18980.0,12210.0,22810.0,0.0,3.668E-36,2.3020000000000002E-36,1.042E-35,8.509000000000001E-36,1.787E-36,2.417E-37,1.418E-38,9.073999999999999E-39,3.026E-38,2.2869999999999999E-38,2.08E-35,0.0,0.6111,1.364,2.468,1.323,0.2656,0.04889,0.007663,0.004988,0.01671,0.01393,0.0,0.0,1.432E-4,2.031E-6,0.001559,0.9961,6.55E-4,3.688E-4,4.839E-4,5.61E-5,5.878E-4,0.0,0.004086,0.00937,0.006794,0.005113,0.2121,0.01179,0.001536,0.001249,0.005133,9.368E-4,
0.0,1549.0,183.0,181.7,131.9,0.06834,4.366,0.51,0.2956,0.9451,0.5866,0.0,343.6,0.1332,0.9508,0.1402,0.0765,0.2594,0.0839,0.2862,1.724,13.69,0.0,343.6,0.1332,0.9508,0.1402,0.0765,0.2594,0.0839,0.2862,1.724,13.69,0.0,0.0,0.0,0.0,0.0,0.0,0.0,0.0,0.0,0.0,0.0,0.0,17.99,385.0,114.5,30.42,645.2,175.7,3.444,4.109,29.9,3.852,0.0,56.28,4.138,15.75,50.16,37.77,0.04149,0.02951,0.03344,0.005426,0.03192,0.0,0.0,0.0,0.0,0.0,0.0,0.0,0.0,0.0,0.0,0.0,0.0,0.0,0.0,0.0,0.0,0.0,0.0,0.0,0.0,0.0,0.0,0.0,0.0,1.0E-4,0.0,13440.0,100700.0,81060.0,68740.0,2.365E7,31210.0,18670.0,22280.0,12810.0,25120.0,0.0,3.668E-36,2.2640000000000002E-36,1.066E-35,8.305000000000001E-36,1.729E-36,2.3939999999999998E-37,1.342E-38,8.948999999999999E-39,2.966E-38,2.273E-38,2.08E-35,0.0,0.6111,1.343,2.475,1.383,0.2179,0.04869,0.007512,0.004914,0.01661,0.01362,0.0,0.0,1.432E-4,2.031E-6,0.001559,0.9961,6.55E-4,3.688E-4,4.839E-4,5.61E-5,5.878E-4,0.0,0.004086,0.009357,0.00683,0.004827,0.2122,0.01184,0.001599,0.001315,0.005127,0.001,
0.0,1549.0,171.3,182.7,130.6,0.6964,4.366,0.515,0.283,0.9521,0.9695,0.0,343.6,0.132,0.9764,0.2403,0.07699,0.259,0.0847,0.4203,1.605,13.55,0.0,343.6,0.132,0.9764,0.2403,0.07699,0.259,0.0847,0.4203,1.605,13.55,0.0,0.0,0.0,0.0,0.0,0.0,0.0,0.0,0.0,0.0,0.0,0.0,17.99,386.8,117.6,30.82,644.1,175.7,3.433,3.703,30.24,3.827,0.0,56.28,8.712,16.5,50.09,41.62,0.03817,0.02927,0.03331,0.005345,0.03146,0.0,0.0,0.0,0.0,0.0,0.0,0.0,0.0,0.0,0.0,0.0,0.0,0.0,0.0,0.0,0.0,0.0,0.0,0.0,0.0,0.0,0.0,0.0,0.0,1.0E-4,0.0,13490.0,100300.0,82950.0,68300.0,2.484E7,31520.0,18660.0,22370.0,12640.0,25240.0,0.0,3.668E-36,2.2740000000000003E-36,1.066E-35,8.179E-36,1.729E-36,2.3729999999999998E-37,1.304E-38,8.606999999999999E-39,2.964E-38,5.959E-38,2.08E-35,0.0,0.6112,1.273,2.524,1.382,0.2206,0.04866,0.007565,0.004737,0.01673,0.01756,0.0,0.0,1.432E-4,2.031E-6,0.001559,0.9961,6.55E-4,3.688E-4,4.839E-4,5.61E-5,5.878E-4,0.0,0.004133,0.009377,0.006766,0.004775,0.2123,0.01183,0.001596,0.001317,0.005126,0.001027,
0.0,1552.0,176.9,177.4,126.2,0.5433,4.362,0.5161,0.2819,0.9557,0.9671,0.0,343.6,0.1372,0.9408,0.2694,0.07696,0.2589,0.1045,0.3857,2.409,12.76,0.0,343.6,0.1372,0.9408,0.2694,0.07696,0.2589,0.1045,0.3857,2.409,12.76,0.0,0.0,0.0,0.0,0.0,0.0,0.0,0.0,0.0,0.0,0.0,0.0,17.99,385.5,126.4,31.34,642.1,175.7,3.44,3.709,30.18,3.826,0.0,64.86,5.459,14.05,47.0,41.76,0.03951,0.02916,0.03325,0.005307,0.0295,0.0,0.0,0.0,0.0,0.0,0.0,0.0,0.0,0.0,0.0,0.0,0.0,0.0,0.0,0.0,0.0,0.0,0.0,0.0,0.0,0.0,0.0,0.0,0.0,4.207E-4,0.0,15820.0,99490.0,82990.0,67630.0,2.627E7,32810.0,19120.0,23040.0,12620.0,25800.0,0.0,3.797E-36,2.3580000000000003E-36,1.043E-35,8.111000000000001E-36,1.729E-36,2.3519999999999998E-37,1.254E-38,8.549E-39,3.101E-38,5.782E-38,2.08E-35,0.0,0.6879,1.331,2.421,1.339,0.2206,0.04867,0.007582,0.004727,0.01887,0.0154,0.0,0.0,1.432E-4,2.031E-6,0.001559,0.9961,6.55E-4,3.688E-4,4.839E-4,5.61E-5,5.878E-4,0.0,0.004213,0.009347,0.006779,0.004709,0.2123,0.01183,0.001588,0.001335,0.005154,9.871E-4,
0.0,1557.0,172.8,180.8,122.8,0.5404,4.356,0.5133,0.2858,0.9653,0.9645,0.0,343.6,0.1317,0.9784,0.2208,0.07694,0.2574,0.1046,0.3909,2.952,12.23,0.0,343.6,0.1317,0.9784,0.2208,0.07694,0.2574,0.1046,0.3909,2.952,12.23,0.0,0.0,0.0,0.0,0.0,0.0,0.0,0.0,0.0,0.0,0.0,0.0,17.99,392.0,125.7,31.29,639.0,175.6,3.344,3.895,30.52,3.83,0.0,64.99,4.802,9.04,49.94,41.76,0.03961,0.02913,0.03323,0.005302,0.02948,0.0,0.0,0.0,0.0,0.0,0.0,0.0,0.0,0.0,0.0,0.0,0.0,0.0,0.0,0.0,0.0,0.0,0.0,0.0,0.0,0.0,0.0,0.0,0.0,1.0E-4,0.0,16070.0,100000.0,83890.0,69870.0,2.784E7,33970.0,19920.0,24090.0,12700.0,26670.0,0.0,3.907E-36,2.233E-36,1.041E-35,8.06E-36,1.729E-36,2.327E-37,1.203E-38,8.617E-39,3.14E-38,5.729E-38,2.08E-35,0.0,0.7238,1.269,2.45,1.317,0.2205,0.0486,0.007539,0.004824,0.01953,0.01487,0.0,0.0,1.432E-4,2.031E-6,0.001559,0.9961,6.55E-4,3.688E-4,4.839E-4,5.61E-5,5.878E-4,0.0,0.004376,0.009295,0.006781,0.004652,0.2124,0.01168,0.001609,0.001367,0.00513,9.688E-4,
0.0,1557.0,170.7,179.7,127.3,0.5367,4.353,0.5165,0.2833,0.9653,0.9637,0.0,343.6,0.1449,0.9566,0.2254,0.07724,0.257,0.105,0.3896,3.706,11.47,0.0,343.6,0.1449,0.9566,0.2254,0.07724,0.257,0.105,0.3896,3.706,11.47,0.0,0.0,0.0,0.0,0.0,0.0,0.0,0.0,0.0,0.0,0.0,0.0,17.99,396.4,124.8,31.39,634.5,175.6,3.322,3.772,30.59,3.805,0.0,64.99,9.531,8.59,33.4,51.22,0.04028,0.02915,0.03324,0.005301,0.02949,0.0,0.0,0.0,0.0,0.0,0.0,0.0,0.0,0.0,0.0,0.0,0.0,0.0,0.0,0.0,0.0,0.0,0.0,0.0,0.0,0.0,0.0,0.0,0.0,1.002E-4,0.0,16100.0,101100.0,88830.0,77940.0,2.949E7,35030.0,20890.0,25250.0,12830.0,27840.0,0.0,3.907E-36,2.278E-36,1.027E-35,7.977E-36,1.824E-36,2.303E-37,1.17E-38,8.487E-39,3.123E-38,5.71E-38,2.08E-35,0.0,0.7238,1.286,2.417,1.283,0.2583,0.04858,0.007575,0.004778,0.01956,0.01485,0.0,0.0,1.432E-4,2.031E-6,0.001559,0.9961,6.55E-4,3.688E-4,4.839E-4,5.61E-5,5.878E-4,0.0,0.004398,0.009266,0.00677,0.004738,0.2122,0.01165,0.001617,0.001353,0.005143,9.622E-4,
0.0,1559.0,173.4,175.3,125.7,0.5369,5.327,0.5154,0.2814,0.9716,0.634,0.0,343.6,0.1451,0.9553,0.1264,0.07731,0.2685,0.1049,0.3794,3.886,11.39,0.0,343.6,0.1451,0.9553,0.1264,0.07731,0.2685,0.1049,0.3794,3.886,11.39,0.0,0.0,0.0,0.0,0.0,0.0,0.0,0.0,0.0,0.0,0.0,0.0,17.99,392.4,134.6,31.67,631.5,175.6,3.321,3.583,30.78,3.804,0.0,64.99,4.198,9.648,44.86,42.61,0.04071,0.0292,0.03327,0.005316,0.02952,0.0,0.0,0.0,0.0,0.0,0.0,0.0,0.0,0.0,0.0,0.0,0.0,0.0,0.0,0.0,0.0,0.0,0.0,0.0,0.0,0.0,0.0,0.0,0.0,5.967E-4,0.0,16210.0,101600.0,87640.0,80090.0,2.966E7,35340.0,21430.0,25810.0,13030.0,28110.0,0.0,3.9930000000000004E-36,2.2740000000000003E-36,1.008E-35,8.011E-36,1.738E-36,3.163E-37,1.129E-38,8.511E-39,3.148E-38,2.637E-38,2.08E-35,0.0,0.7467,1.286,2.377,1.311,0.2238,0.05891,0.007567,0.004709,0.01969,0.01129,0.0,0.0,1.432E-4,2.031E-6,0.001559,0.9961,6.55E-4,3.688E-4,4.839E-4,5.61E-5,5.878E-4,0.0,0.004492,0.009177,0.006866,0.004673,0.2122,0.01156,0.001607,0.001327,0.005179,0.001018,
0.0,1559.0,169.2,182.1,135.8,0.5377,4.919,0.5171,0.2857,0.9568,0.6284,0.0,343.6,0.1333,0.9643,0.1251,0.07888,0.2737,0.1066,0.3782,3.865,11.4,0.0,343.6,0.1333,0.9643,0.1251,0.07888,0.2737,0.1066,0.3782,3.865,11.4,0.0,0.0,0.0,0.0,0.0,0.0,0.0,0.0,0.0,0.0,0.0,0.0,17.99,399.7,131.3,31.89,629.7,175.7,3.406,3.662,30.0,3.882,0.0,74.03,4.221,9.831,23.09,42.54,0.05411,0.02928,0.03331,0.005342,0.02957,0.0,0.0,0.0,0.0,0.0,0.0,0.0,0.0,0.0,0.0,0.0,0.0,0.0,0.0,0.0,0.0,0.0,0.0,0.0,0.0,0.0,0.0,0.0,0.0,1.0E-4,0.0,17310.0,103200.0,85780.0,74440.0,2.797E7,34730.0,21230.0,25440.0,13040.0,27320.0,0.0,4.055E-36,2.143E-36,1.009E-35,8.013E-36,1.737E-36,3.223E-37,1.11E-38,8.767E-39,3.087E-38,2.547E-38,2.08E-35,0.0,0.7733,1.241,2.4,1.307,0.2236,0.05715,0.007608,0.00478,0.01937,0.01125,0.0,0.0,1.432E-4,2.031E-6,0.001559,0.9961,6.55E-4,3.688E-4,4.839E-4,5.61E-5,5.878E-4,0.0,0.004619,0.009154,0.006921,0.004538,0.2121,0.01145,0.001601,0.001317,0.005205,0.00101,
0.0,1561.0,169.0,178.1,127.6,0.3049,4.926,0.5165,0.2857,0.9605,0.6242,0.0,343.6,0.1326,0.9626,0.1256,0.07761,0.2736,0.1064,0.3783,4.419,10.85,0.0,343.6,0.1326,0.9626,0.1256,0.07761,0.2736,0.1064,0.3783,4.419,10.85,0.0,0.0,0.0,0.0,0.0,0.0,0.0,0.0,0.0,0.0,0.0,0.0,17.99,394.5,121.2,35.59,644.2,175.7,3.424,3.682,29.98,3.897,0.0,78.55,3.632,12.09,23.94,45.36,0.0469,0.02965,0.03366,0.005431,0.02987,0.0,0.0,0.0,0.0,0.0,0.0,0.0,0.0,0.0,0.0,0.0,0.0,0.0,0.0,0.0,0.0,0.0,0.0,0.0,0.0,0.0,0.0,0.0,0.0,1.001E-4,0.0,17880.0,101900.0,74630.0,84480.0,2.756E7,34740.0,21370.0,25560.0,13320.0,26870.0,0.0,4.139E-36,2.14E-36,1.003E-35,7.879000000000001E-36,1.755E-36,3.199E-37,1.075E-38,8.677E-39,3.056E-38,2.502E-38,2.08E-35,0.0,0.8086,1.236,2.407,1.264,0.2195,0.05715,0.007603,0.004784,0.01939,0.01122,0.0,0.0,1.432E-4,2.031E-6,0.001559,0.9961,6.55E-4,3.688E-4,4.839E-4,5.61E-5,5.878E-4,0.0,0.004706,0.009085,0.006897,0.004598,0.2117,0.01141,0.001595,0.001317,0.005286,9.291E-4,
0.0,1549.0,176.3,170.3,127.6,0.2155,6.786,0.5147,0.2935,0.9601,0.6724,0.0,343.6,0.1934,1.081,0.1358,0.1066,0.2831,0.1019,0.4204,4.433,10.56,0.0,343.6,0.1934,1.081,0.1358,0.1066,0.2831,0.1019,0.4204,4.433,10.56,0.0,0.0,0.0,0.0,0.0,0.0,0.0,0.0,0.0,0.0,0.0,0.0,17.97,387.3,130.2,29.53,648.8,175.9,3.369,4.128,29.95,5.056,0.0,81.08,4.286,13.03,33.22,38.61,2.903,0.03007,0.03404,0.005534,0.1339,0.0,0.0,0.0,0.0,0.0,0.0,0.0,0.0,0.0,0.0,0.0,0.0,0.0,0.0,0.0,0.0,0.0,0.0,0.0,0.0,0.0,0.0,0.0,0.0,5.792E-4,0.0,18290.0,98930.0,73580.0,77900.0,2.787E7,35190.0,20660.0,24920.0,13040.0,26890.0,0.0,3.507E-36,2.635E-36,9.78E-36,7.905000000000001E-36,1.793E-36,5.096E-37,1.038E-38,8.883E-39,3.027E-38,4.47E-38,2.08E-35,0.0,0.6913,1.323,2.387,1.292,0.1993,0.08235,0.007575,0.004974,0.01935,0.01414,0.0,0.0,1.432E-4,2.031E-6,0.001559,0.9961,6.55E-4,3.688E-4,4.839E-4,5.61E-5,5.878E-4,0.0,0.00473,0.008985,0.006886,0.004485,0.2116,0.01137,0.001599,0.001367,0.005202,9.806E-4,
0.0,1549.0,177.3,168.6,144.7,0.1256,4.322,0.5034,0.3031,0.9678,0.6471,0.0,343.6,0.1912,1.088,0.1305,0.1047,0.2743,0.09654,0.393,2.716,12.32,0.0,343.6,0.1912,1.088,0.1305,0.1047,0.2743,0.09654,0.393,2.716,12.32,0.0,0.0,0.0,0.0,0.0,0.0,0.0,0.0,0.0,0.0,0.0,0.0,17.97,386.9,136.9,28.86,646.0,176.1,3.296,4.119,30.28,4.803,0.0,81.08,2.547,12.34,24.41,38.6,0.1078,0.02994,0.03397,0.005491,0.1529,0.0,0.0,0.0,0.0,0.0,0.0,0.0,0.0,0.0,0.0,0.0,0.0,0.0,0.0,0.0,0.0,0.0,0.0,0.0,0.0,0.0,0.0,0.0,0.0,5.096E-4,0.0,18370.0,97430.0,73710.0,76620.0,2.862E7,35310.0,20140.0,24450.0,13020.0,26600.0,0.0,3.507E-36,2.0100000000000003E-36,9.845000000000001E-36,8.011E-36,1.792E-36,2.408E-37,1.001E-38,8.869E-39,3.028E-38,4.415E-38,2.08E-35,0.0,0.6913,1.319,2.382,1.33,0.1989,0.05042,0.007447,0.005065,0.01951,0.01401,0.0,0.0,1.432E-4,2.031E-6,0.001559,0.9961,6.55E-4,3.688E-4,4.839E-4,5.61E-5,5.878E-4,0.0,0.004776,0.008928,0.006904,0.004532,0.2112,0.01133,0.001572,0.001375,0.005244,9.459E-4,
0.0,1551.0,175.6,167.9,144.1,0.07908,4.321,0.5052,0.3,0.9703,0.6349,0.0,343.6,0.1904,1.074,0.1311,0.1138,0.2752,0.07526,0.4198,2.897,12.13,0.0,343.6,0.1904,1.074,0.1311,0.1138,0.2752,0.07526,0.4198,2.897,12.13,0.0,0.0,0.0,0.0,0.0,0.0,0.0,0.0,0.0,0.0,0.0,0.0,17.97,390.4,138.6,30.43,641.3,176.1,3.286,4.045,30.37,4.73,0.0,81.25,2.656,12.97,22.52,38.57,0.1084,0.02989,0.03405,0.005448,0.1639,0.0,0.0,0.0,0.0,0.0,0.0,0.0,0.0,0.0,0.0,0.0,0.0,0.0,0.0,0.0,0.0,0.0,0.0,0.0,0.0,0.0,0.0,0.0,0.0,1.0E-4,0.0,18550.0,105400.0,191800.0,185100.0,2.958E7,32870.0,18810.0,22660.0,12860.0,24620.0,0.0,3.7360000000000004E-36,2.0030000000000002E-36,9.643000000000001E-36,7.781E-36,1.9290000000000002E-36,2.382E-37,9.807E-39,8.799E-39,2.997E-38,4.388E-38,2.08E-35,0.0,0.7193,1.308,2.357,1.308,0.2183,0.05043,0.007474,0.00503,0.0196,0.01395,0.0,0.0,4.38E-4,0.004204,0.00539,0.9882,5.491E-4,3.092E-4,4.056E-4,4.703E-5,4.927E-4,0.0,0.004867,0.008973,0.007581,0.00515,0.2099,0.01127,0.001574,0.00132,0.005283,9.137E-4,
0.0,1553.0,168.3,174.9,144.3,0.05559,4.683,0.5082,0.3237,0.9352,0.6286,0.0,343.6,0.2012,1.041,0.1527,0.101,0.2754,0.07465,0.4343,3.059,11.95,0.0,343.6,0.2012,1.041,0.1527,0.101,0.2754,0.07465,0.4343,3.059,11.95,0.0,0.0,0.0,0.0,0.0,0.0,0.0,0.0,0.0,0.0,0.0,0.0,17.97,388.0,143.1,28.64,645.3,176.2,3.342,5.272,28.61,4.782,0.0,81.25,2.601,12.26,36.89,23.03,0.09789,0.02501,0.02769,0.004711,0.1577,0.0,0.0,0.0,0.0,0.0,0.0,0.0,0.0,0.0,0.0,0.0,0.0,0.0,0.0,0.0,0.0,0.0,0.0,0.0,0.0,0.0,0.0,0.0,0.0,4.353E-4,0.0,18620.0,104900.0,91510.0,67680.0,2.877E7,32960.0,18940.0,22770.0,12990.0,24730.0,0.0,3.81E-36,2.111E-36,9.456000000000001E-36,7.811E-36,1.7100000000000002E-36,2.559E-37,9.57E-39,9.331E-39,2.8789999999999997E-38,4.286E-38,2.08E-35,0.0,0.7356,1.269,2.394,1.309,0.1864,0.05558,0.007508,0.005515,0.01887,0.01385,0.0,0.0,4.574E-4,4.178E-4,0.001088,0.9962,5.734E-4,3.229E-4,4.236E-4,4.911E-5,5.145E-4,0.0,0.004895,0.008923,0.006949,0.004425,0.2109,0.01129,0.00157,0.001292,0.005338,9.044E-4,
0.0,1553.0,161.1,180.8,146.4,0.04197,4.574,0.507,0.2939,0.977,0.6228,0.0,343.6,0.2261,1.028,0.1252,0.09989,0.2745,0.07603,0.4332,1.962,13.05,0.0,343.6,0.2261,1.028,0.1252,0.09989,0.2745,0.07603,0.4332,1.962,13.05,0.0,0.0,0.0,0.0,0.0,0.0,0.0,0.0,0.0,0.0,0.0,0.0,17.97,400.9,133.0,29.33,640.3,176.1,3.393,4.205,30.11,4.795,0.0,81.25,2.616,11.6,35.4,23.03,0.09635,0.02536,0.02808,0.004759,0.1565,0.0,0.0,0.0,0.0,0.0,0.0,0.0,0.0,0.0,0.0,0.0,0.0,0.0,0.0,0.0,0.0,0.0,0.0,0.0,0.0,0.0,0.0,0.0,0.0,1.0E-4,0.0,18690.0,103400.0,92820.0,67080.0,2.71E7,32350.0,18670.0,22520.0,12720.0,24380.0,0.0,3.8260000000000004E-36,1.9650000000000003E-36,9.407E-36,7.870000000000001E-36,1.708E-36,2.4759999999999998E-37,9.422E-39,8.665E-39,2.933E-38,4.205E-38,2.08E-35,0.0,0.7402,1.208,2.407,1.34,0.186,0.05408,0.00754,0.005045,0.01948,0.01378,0.0,0.0,4.783E-4,4.369E-4,0.001138,0.996,5.997E-4,3.377E-4,4.43E-4,5.136E-5,5.381E-4,0.0,0.004967,0.008931,0.006873,0.004527,0.2103,0.01124,0.001568,0.001344,0.005279,9.049E-4,
0.0,1557.0,152.2,190.2,146.6,0.2745,5.017,0.1836,0.2895,0.9826,0.622,0.0,343.6,0.1835,1.046,0.1271,0.1006,0.3169,0.04876,0.414,1.025,13.99,0.0,343.6,0.1835,1.046,0.1271,0.1006,0.3169,0.04876,0.414,1.025,13.99,0.0,0.0,0.0,0.0,0.0,0.0,0.0,0.0,0.0,0.0,0.0,0.0,17.97,403.1,131.5,29.66,648.8,177.3,2.538,4.011,30.4,4.831,0.0,81.26,3.797,11.87,26.58,23.26,0.4954,0.02544,0.02816,0.004777,0.1539,0.0,0.0,0.0,0.0,0.0,0.0,0.0,0.0,0.0,0.0,0.0,0.0,0.0,0.0,0.0,0.0,0.0,0.0,0.0,0.0,0.0,0.0,0.0,0.0,1.002E-4,0.0,18880.0,103300.0,94870.0,65960.0,2.562E7,32680.0,17340.0,21830.0,12780.0,23670.0,0.0,4.1100000000000005E-36,1.854E-36,9.213E-36,7.609000000000001E-36,1.757E-36,2.605E-37,6.972999999999999E-39,8.491E-39,2.936E-38,4.129E-38,2.08E-35,0.0,0.7849,1.124,2.442,1.311,0.1949,0.06105,0.003913,0.004967,0.0196,0.01369,0.0,0.0,4.988E-4,4.557E-4,0.001187,0.9958,6.254E-4,3.521E-4,4.62E-4,5.356E-5,5.612E-4,0.0,0.005048,0.008943,0.006828,0.004446,0.2101,0.01214,6.526E-4,0.001343,0.005307,9.069E-4,
0.0,1557.0,149.9,196.2,144.0,0.08536,4.78,0.1846,0.242,1.027,0.5793,0.0,343.6,0.1827,1.043,0.1251,0.1005,0.3358,0.193,0.2521,1.695,13.32,0.0,343.6,0.1827,1.043,0.1251,0.1005,0.3358,0.193,0.2521,1.695,13.32,0.0,0.0,0.0,0.0,0.0,0.0,0.0,0.0,0.0,0.0,0.0,0.0,17.97,407.7,136.3,25.21,644.8,178.6,2.385,4.001,30.35,4.902,0.0,81.26,2.931,10.45,27.3,23.1,0.3128,0.02556,0.02826,0.004807,0.1546,0.0,0.0,0.0,0.0,0.0,0.0,0.0,0.0,0.0,0.0,0.0,0.0,0.0,0.0,0.0,0.0,0.0,0.0,0.0,0.0,0.0,0.0,0.0,0.0,6.15E-4,0.0,18930.0,103000.0,91510.0,64590.0,2.447E7,32580.0,18030.0,20760.0,13040.0,23180.0,0.0,4.1100000000000005E-36,1.8010000000000003E-36,9.475000000000001E-36,7.267E-36,1.751E-36,2.486E-37,6.86E-39,8.235E-39,3.12E-38,3.894E-38,2.08E-35,0.0,0.7849,1.102,2.45,1.318,0.1935,0.05905,0.004073,0.004274,0.02006,0.01326,0.0,0.0,5.179E-4,4.731E-4,0.001232,0.9956,6.493E-4,3.656E-4,4.797E-4,5.561E-5,5.826E-4,0.0,0.005069,0.008966,0.006884,0.004312,0.2097,0.01215,0.001253,7.208E-4,0.005381,8.507E-4,
0.0,1557.0,149.7,194.7,142.6,0.05263,4.773,0.1748,0.2369,1.032,0.5766,0.0,343.6,0.1831,1.04,0.1275,0.1004,0.3218,0.2026,0.2506,1.511,13.51,0.0,343.6,0.1831,1.04,0.1275,0.1004,0.3218,0.2026,0.2506,1.511,13.51,0.0,0.0,0.0,0.0,0.0,0.0,0.0,0.0,0.0,0.0,0.0,0.0,17.97,410.6,136.4,25.38,643.9,178.6,2.4,3.617,30.44,4.853,0.0,81.26,2.825,13.63,26.99,23.13,0.3236,0.02568,0.02833,0.004845,0.155,0.0,0.0,0.0,0.0,0.0,0.0,0.0,0.0,0.0,0.0,0.0,0.0,0.0,0.0,0.0,0.0,0.0,0.0,0.0,0.0,0.0,0.0,0.0,0.0,1.0E-4,0.0,18950.0,103200.0,88140.0,64080.0,2.33E7,32180.0,17880.0,20500.0,13060.0,22870.0,0.0,4.1100000000000005E-36,1.808E-36,9.418000000000001E-36,7.244E-36,1.751E-36,2.457E-37,6.790999999999999E-39,7.995999999999999E-39,3.073E-38,3.884E-38,2.08E-35,0.0,0.7849,1.103,2.444,1.319,0.1936,0.0591,0.003976,0.004142,0.02011,0.01325,0.0,0.0,5.216E-4,4.765E-4,0.001241,0.9956,6.539E-4,3.682E-4,4.831E-4,5.601E-5,5.868E-4,0.0,0.005069,0.009034,0.006789,0.004312,0.2081,0.01214,0.001258,7.158E-4,0.005415,8.389E-4,
0.0,1557.0,146.3,195.7,140.2,3.195,4.89,0.1829,0.2633,1.058,0.5891,0.0,343.6,0.1867,1.018,0.1454,0.105,0.3073,0.2048,0.2547,1.625,13.4,0.0,343.6,0.1867,1.018,0.1454,0.105,0.3073,0.2048,0.2547,1.625,13.4,0.0,0.0,0.0,0.0,0.0,0.0,0.0,0.0,0.0,0.0,0.0,0.0,17.97,411.7,136.3,25.81,643.6,178.3,2.419,3.694,30.51,4.895,0.0,81.26,2.877,13.75,26.24,23.82,0.3395,0.02582,0.02841,0.004893,0.1553,0.0,0.0,0.0,0.0,0.0,0.0,0.0,0.0,0.0,0.0,0.0,0.0,0.0,0.0,0.0,0.0,0.0,0.0,0.0,0.0,0.0,0.0,0.0,0.0,7.01E-4,0.0,18980.0,101000.0,88380.0,63870.0,2.269E7,32230.0,18020.0,20590.0,13020.0,22840.0,0.0,4.132E-36,1.821E-36,9.441E-36,7.037E-36,1.803E-36,2.649E-37,6.812E-39,8.107E-39,3.039E-38,3.885E-38,2.08E-35,0.0,0.7915,1.086,2.426,1.309,0.2251,0.06011,0.004067,0.004437,0.02038,0.01342,0.0,0.0,5.216E-4,4.765E-4,0.001241,0.9956,6.539E-4,3.682E-4,4.831E-4,5.601E-5,5.868E-4,0.0,0.005075,0.008904,0.006802,0.004302,0.2082,0.0121,0.001263,7.263E-4,0.005424,8.39E-4,
0.0,1546.0,157.9,195.6,133.5,0.02765,4.844,0.1834,0.2629,1.058,0.5903,0.0,343.6,0.1948,0.9841,0.1292,0.105,0.3122,0.206,0.2534,1.647,13.41,0.0,343.6,0.1948,0.9841,0.1292,0.105,0.3122,0.206,0.2534,1.647,13.41,0.0,0.0,0.0,0.0,0.0,0.0,0.0,0.0,0.0,0.0,0.0,0.0,17.95,412.2,139.0,26.43,642.7,178.4,2.421,3.695,30.49,4.896,0.0,79.55,3.191,12.72,33.28,26.99,0.4225,0.02587,0.02844,0.004913,0.1553,0.0,0.0,0.0,0.0,0.0,0.0,0.0,0.0,0.0,0.0,0.0,0.0,0.0,0.0,0.0,0.0,0.0,0.0,0.0,0.0,0.0,0.0,0.0,0.0,5.781E-4,0.0,18980.0,102000.0,90210.0,64100.0,2.296E7,32970.0,18590.0,21210.0,13060.0,23420.0,0.0,3.554E-36,1.9130000000000002E-36,9.302000000000001E-36,6.967E-36,1.803E-36,3.102E-37,6.785E-39,8.063E-39,3.005E-38,3.894E-38,2.08E-35,0.0,0.6807,1.194,2.406,1.316,0.2253,0.06393,0.004075,0.004431,0.02038,0.01343,0.0,0.0,5.216E-4,4.765E-4,0.001241,0.9956,6.539E-4,3.682E-4,4.831E-4,5.601E-5,5.868E-4,0.0,0.005069,0.008904,0.006806,0.004269,0.2082,0.01209,0.001269,7.208E-4,0.005429,8.71E-4,
0.0,1546.0,156.8,196.6,132.8,1.45,5.658,0.1834,0.2635,1.058,0.6665,0.0,343.6,0.2086,0.9668,0.1483,0.1158,0.3215,0.2073,0.2525,1.628,13.4,0.0,343.6,0.2086,0.9668,0.1483,0.1158,0.3215,0.2073,0.2525,1.628,13.4,0.0,0.0,0.0,0.0,0.0,0.0,0.0,0.0,0.0,0.0,0.0,0.0,17.95,412.6,140.1,25.83,641.6,178.3,1.867,3.088,30.36,4.471,0.0,79.55,3.136,12.48,30.33,27.17,1.486,0.02255,0.02497,0.004243,0.1526,0.0,0.0,0.0,0.0,0.0,0.0,0.0,0.0,0.0,0.0,0.0,0.0,0.0,0.0,0.0,0.0,0.0,0.0,0.0,0.0,0.0,0.0,0.0,0.0,5.009E-4,0.0,19000.0,101500.0,89690.0,63090.0,2.373E7,30170.0,14710.0,17030.0,12240.0,21520.0,0.0,3.554E-36,1.966E-36,9.127000000000001E-36,6.884E-36,1.893E-36,3.4609999999999998E-37,6.678E-39,7.933E-39,2.963E-38,4.101E-38,2.08E-35,0.0,0.6807,1.184,2.383,1.312,0.2376,0.08365,0.003982,0.004342,0.02035,0.01478,0.0,0.0,5.216E-4,4.765E-4,0.001241,0.9956,6.539E-4,3.682E-4,4.831E-4,5.601E-5,5.868E-4,0.0,0.005082,0.008937,0.006615,0.004247,0.2086,0.01201,0.001202,6.3E-4,0.005412,8.443E-4,
0.0,1547.0,154.7,193.7,133.4,0.02051,5.451,0.1953,0.3314,1.1,0.6365,0.0,343.6,0.1911,1.017,0.1081,0.1053,0.313,0.2115,0.2472,1.9,13.14,0.0,343.6,0.1911,1.017,0.1081,0.1053,0.313,0.2115,0.2472,1.9,13.14,0.0,0.0,0.0,0.0,0.0,0.0,0.0,0.0,0.0,0.0,0.0,0.0,17.95,413.6,141.0,25.22,638.5,178.7,1.876,3.26,30.55,4.482,0.0,79.55,3.152,12.09,36.78,27.18,0.36,0.02268,0.0253,0.004217,0.1527,0.0,0.0,0.0,0.0,0.0,0.0,0.0,0.0,0.0,0.0,0.0,0.0,0.0,0.0,0.0,0.0,0.0,0.0,0.0,0.0,0.0,0.0,0.0,0.0,1.0E-4,0.0,19130.0,102900.0,93270.0,63280.0,2.476E7,30920.0,14770.0,17200.0,12150.0,21690.0,0.0,3.567E-36,1.829E-36,9.194E-36,6.98E-36,1.805E-36,3.073E-37,5.7799999999999996E-39,8.021E-39,2.842E-38,3.954E-38,2.08E-35,0.0,0.6847,1.166,2.387,1.346,0.2259,0.06247,0.003243,0.004594,0.02054,0.01378,0.0,0.0,5.216E-4,4.765E-4,0.001241,0.9956,6.539E-4,3.682E-4,4.831E-4,5.601E-5,5.868E-4,0.0,0.005122,0.00888,0.006642,0.004223,0.2085,0.01199,0.001213,6.435E-4,0.005453,8.225E-4,
0.0,1547.0,154.6,191.2,132.5,0.04692,5.436,0.1976,0.3394,1.112,0.6359,0.0,343.6,0.1999,1.008,0.1088,0.1052,0.3074,0.2132,0.2563,1.949,13.09,0.0,343.6,0.1999,1.008,0.1088,0.1052,0.3074,0.2132,0.2563,1.949,13.09,0.0,0.0,0.0,0.0,0.0,0.0,0.0,0.0,0.0,0.0,0.0,0.0,17.95,415.1,143.6,26.04,635.6,178.9,2.442,3.874,30.68,4.942,0.0,79.55,3.301,12.09,38.36,27.12,0.474,0.0372,0.04117,0.00696,0.1648,0.0,0.0,0.0,0.0,0.0,0.0,0.0,0.0,0.0,0.0,0.0,0.0,0.0,0.0,0.0,0.0,0.0,0.0,0.0,0.0,0.0,0.0,0.0,0.0,1.0E-4,0.0,19140.0,108500.0,99810.0,69940.0,2.606E7,34050.0,18360.0,21280.0,12800.0,24890.0,0.0,3.567E-36,1.885E-36,9.052E-36,7.0E-36,1.8040000000000002E-36,3.043E-37,5.944999999999999E-39,8.277E-39,2.842E-38,3.952E-38,2.08E-35,0.0,0.6847,1.173,2.352,1.367,0.225,0.06225,0.003376,0.004819,0.02068,0.01387,0.0,0.0,5.216E-4,4.765E-4,0.001241,0.9956,6.539E-4,3.682E-4,4.831E-4,5.601E-5,5.868E-4,0.0,0.005122,0.008894,0.006708,0.004347,0.2079,0.01201,0.001288,7.456E-4,0.005464,8.676E-4,
0.0,1547.0,152.3,192.4,133.0,0.1386,5.457,0.1977,0.3394,1.115,0.6325,0.0,343.6,0.1941,1.003,0.1143,0.1051,0.3075,0.2144,0.2673,2.349,12.68,0.0,343.6,0.1941,1.003,0.1143,0.1051,0.3075,0.2144,0.2673,2.349,12.68,0.0,0.0,0.0,0.0,0.0,0.0,0.0,0.0,0.0,0.0,0.0,0.0,17.95,419.2,145.0,26.77,629.4,178.9,2.45,3.881,30.67,4.946,0.0,79.55,3.281,11.53,37.04,27.08,0.4708,0.03687,0.04081,0.006894,0.1646,0.0,0.0,0.0,0.0,0.0,0.0,0.0,0.0,0.0,0.0,0.0,0.0,0.0,0.0,0.0,0.0,0.0,0.0,0.0,0.0,0.0,0.0,0.0,0.0,1.0E-4,0.0,19160.0,110000.0,103900.0,71550.0,2.752E7,34270.0,18480.0,21520.0,12920.0,25240.0,0.0,3.571E-36,1.972E-36,8.959000000000001E-36,6.89E-36,1.803E-36,3.035E-37,5.917E-39,8.202E-39,2.821E-38,3.944E-38,2.08E-35,0.0,0.6885,1.155,2.357,1.357,0.2253,0.06245,0.003375,0.004817,0.02072,0.01382,0.0,0.0,5.216E-4,4.765E-4,0.001241,0.9956,6.539E-4,3.682E-4,4.831E-4,5.601E-5,5.868E-4,0.0,0.005129,0.008911,0.006716,0.004336,0.208,0.012,0.001291,7.411E-4,0.005518,8.151E-4,
0.0,1548.0,121.1,222.0,133.8,0.1118,6.341,0.1971,0.3513,1.098,0.646,0.0,343.6,0.1991,1.01,0.1152,0.1101,0.3048,0.2204,0.189,6.342,8.74,0.0,343.6,0.1991,1.01,0.1152,0.1101,0.3048,0.2204,0.189,6.342,8.74,0.0,0.0,0.0,0.0,0.0,0.0,0.0,0.0,0.0,0.0,0.0,0.0,17.95,426.1,143.8,26.83,631.4,178.9,2.388,4.427,29.87,5.589,0.0,81.78,3.171,11.13,33.31,27.08,0.4705,0.03689,0.04082,0.006897,0.1647,0.0,0.0,0.0,0.0,0.0,0.0,0.0,0.0,0.0,0.0,0.0,0.0,0.0,0.0,0.0,0.0,0.0,0.0,0.0,0.0,0.0,0.0,0.0,0.0,3.978E-4,0.0,19430.0,111600.0,108800.0,73920.0,2.909E7,35110.0,18960.0,22230.0,12830.0,26150.0,0.0,3.658E-36,1.7970000000000002E-36,8.968000000000001E-36,6.792000000000001E-36,1.803E-36,4.015E-37,5.872E-39,8.482999999999999E-39,2.745E-38,3.977E-38,2.08E-35,0.0,0.7106,0.9821,2.512,1.334,0.2253,0.07177,0.003357,0.005079,0.02033,0.0141,0.0,0.0,5.216E-4,4.765E-4,0.001241,0.9956,6.539E-4,3.682E-4,4.831E-4,5.601E-5,5.868E-4,0.0,0.005161,0.008928,0.006698,0.004301,0.2079,0.012,0.001295,7.794E-4,0.005413,8.604E-4,
0.0,1548.0,120.2,222.6,133.9,0.1118,5.407,0.1966,0.3507,1.107,0.6374,0.0,343.6,0.195,1.006,0.1124,0.1071,0.3027,0.215,0.1064,2.938,12.25,0.0,343.6,0.195,1.006,0.1124,0.1071,0.3027,0.215,0.1064,2.938,12.25,0.0,0.0,0.0,0.0,0.0,0.0,0.0,0.0,0.0,0.0,0.0,0.0,17.95,426.7,136.6,26.85,640.0,183.8,2.397,4.41,30.34,5.151,0.0,81.78,3.074,11.06,33.3,27.37,0.8113,0.03738,0.04134,0.006995,0.1652,0.0,0.0,0.0,0.0,0.0,0.0,0.0,0.0,0.0,0.0,0.0,0.0,0.0,0.0,0.0,0.0,0.0,0.0,0.0,0.0,0.0,0.0,0.0,0.0,1.0E-4,0.0,19450.0,113400.0,112600.0,79480.0,3.072E7,38210.0,19600.0,23050.0,13020.0,27120.0,0.0,3.658E-36,1.7720000000000003E-36,8.872E-36,6.908000000000001E-36,1.815E-36,3.081E-37,5.848E-39,8.405E-39,2.719E-38,3.96E-38,2.08E-35,0.0,0.7106,0.9723,2.508,1.346,0.2272,0.06454,0.003354,0.005072,0.02052,0.01393,0.0,0.0,5.216E-4,4.765E-4,0.001241,0.9956,6.539E-4,3.682E-4,4.831E-4,5.601E-5,5.868E-4,0.0,0.005174,0.008909,0.006654,0.004351,0.2079,0.01205,0.001295,7.788E-4,0.005433,8.462E-4,
0.0,1548.0,119.1,223.0,142.3,0.1094,5.755,0.1976,0.3488,1.114,0.6318,0.0,343.6,0.1894,1.009,0.1104,0.1054,0.301,0.2124,0.06834,1.282,13.95,0.0,343.6,0.1894,1.009,0.1104,0.1054,0.301,0.2124,0.06834,1.282,13.95,0.0,0.0,0.0,0.0,0.0,0.0,0.0,0.0,0.0,0.0,0.0,0.0,17.95,421.2,139.6,26.94,638.1,188.0,2.391,4.33,30.63,4.923,0.0,81.78,3.256,11.11,24.43,27.37,0.8127,0.03744,0.04138,0.007015,0.1652,0.0,0.0,0.0,0.0,0.0,0.0,0.0,0.0,0.0,0.0,0.0,0.0,0.0,0.0,0.0,0.0,0.0,0.0,0.0,0.0,0.0,0.0,0.0,0.0,8.6E-4,0.0,19470.0,112300.0,110400.0,76710.0,2.838E7,37490.0,18570.0,21720.0,12990.0,25650.0,0.0,3.6790000000000005E-36,1.7430000000000003E-36,8.864000000000001E-36,6.846E-36,1.815E-36,3.143E-37,5.828E-39,8.299E-39,2.702E-38,3.9369999999999997E-38,2.08E-35,0.0,0.7143,0.9645,2.51,1.339,0.2272,0.06998,0.003361,0.005035,0.02065,0.01383,0.0,0.0,5.247E-4,4.793E-4,0.001249,0.9956,6.578E-4,3.704E-4,4.859E-4,5.634E-5,5.902E-4,0.0,0.005248,0.00827,0.006738,0.004363,0.2077,0.0125,0.00131,7.681E-4,0.00548,8.075E-4,
0.0,1548.0,119.0,223.6,146.4,0.01868,5.629,0.1999,0.3743,1.093,0.6326,0.0,343.6,0.1898,1.007,0.1129,0.1057,0.2985,0.213,0.07466,1.198,14.03,0.0,343.6,0.1898,1.007,0.1129,0.1057,0.2985,0.213,0.07466,1.198,14.03,0.0,0.0,0.0,0.0,0.0,0.0,0.0,0.0,0.0,0.0,0.0,0.0,17.95,422.2,139.8,27.04,638.2,188.0,2.484,5.278,29.3,4.966,0.0,81.78,3.158,10.17,20.72,27.46,0.8118,0.0375,0.04142,0.007037,0.1653,0.0,0.0,0.0,0.0,0.0,0.0,0.0,0.0,0.0,0.0,0.0,0.0,0.0,0.0,0.0,0.0,0.0,0.0,0.0,0.0,0.0,0.0,0.0,0.0,8.626E-4,0.0,19480.0,111100.0,107800.0,73900.0,2.659E7,36650.0,17980.0,20860.0,13030.0,24630.0,0.0,3.6790000000000005E-36,1.742E-36,8.823E-36,6.830000000000001E-36,1.815E-36,3.06E-37,5.855E-39,8.737E-39,2.614E-38,3.935E-38,2.08E-35,0.0,0.7143,0.963,2.506,1.345,0.2272,0.06827,0.003406,0.005489,0.02015,0.01386,0.0,0.0,5.247E-4,4.793E-4,0.001249,0.9956,6.578E-4,3.704E-4,4.859E-4,5.634E-5,5.902E-4,0.0,0.005248,0.008262,0.006732,0.004367,0.2077,0.01249,0.001307,7.298E-4,0.005541,8.029E-4,
0.0,1548.0,124.9,214.9,149.6,0.01348,5.838,0.3188,0.2879,1.096,0.6618,0.0,343.6,0.2385,1.004,0.12,0.1065,0.921,0.2145,0.07604,0.8293,13.71,0.0,343.6,0.2385,1.004,0.12,0.1065,0.921,0.2145,0.07604,0.8293,13.71,0.0,0.0,0.0,0.0,0.0,0.0,0.0,0.0,0.0,0.0,0.0,0.0,17.95,415.7,144.5,25.34,635.3,195.9,2.287,4.507,27.0,9.627,0.0,81.78,3.115,9.597,18.69,27.45,0.8097,0.03762,0.04148,0.007069,0.1653,0.0,0.0,0.0,0.0,0.0,0.0,0.0,0.0,0.0,0.0,0.0,0.0,0.0,0.0,0.0,0.0,0.0,0.0,0.0,0.0,0.0,0.0,0.0,0.0,6.801E-4,0.0,19510.0,109200.0,107000.0,71280.0,2.611E7,37610.0,18040.0,20860.0,12990.0,24630.0,0.0,3.6790000000000005E-36,1.6980000000000003E-36,8.699E-36,6.863000000000001E-36,1.814E-36,3.231E-37,1.18E-38,8.238E-39,2.509E-38,4.017E-38,2.08E-35,0.0,0.7143,0.986,2.447,1.35,0.2272,0.07696,0.005062,0.004716,0.02031,0.01415,0.0,0.0,5.247E-4,4.793E-4,0.001249,0.9956,6.578E-4,3.704E-4,4.859E-4,5.634E-5,5.902E-4,0.0,0.005265,0.006188,0.006683,0.004273,0.2075,0.01443,0.001328,7.371E-4,0.005559,0.001003,
0.0,1548.0,117.3,220.4,151.8,0.01608,5.136,0.3243,0.1885,1.337,0.645,0.0,343.6,0.1948,0.9942,0.1226,0.1069,0.3182,0.2128,0.1215,2.732,12.42,0.0,343.6,0.1948,0.9942,0.1226,0.1069,0.3182,0.2128,0.1215,2.732,12.42,0.0,0.0,0.0,0.0,0.0,0.0,0.0,0.0,0.0,0.0,0.0,0.0,17.95,412.4,142.6,26.17,639.8,204.9,2.264,5.82,28.86,5.462,0.0,81.78,3.029,9.35,17.44,27.41,0.8107,0.03821,0.04206,0.007196,0.1658,0.0,0.0,0.0,0.0,0.0,0.0,0.0,0.0,0.0,0.0,0.0,0.0,0.0,0.0,0.0,0.0,0.0,0.0,0.0,0.0,0.0,0.0,0.0,0.0,1.0E-4,0.0,19590.0,108800.0,108800.0,70850.0,2.644E7,38010.0,18200.0,21190.0,12900.0,24750.0,0.0,3.6790000000000005E-36,1.7230000000000002E-36,8.626E-36,6.873000000000001E-36,1.814E-36,2.883E-37,1.223E-38,7.809E-39,2.673E-38,3.935E-38,2.08E-35,0.0,0.7144,0.9422,2.475,1.362,0.2272,0.06732,0.005147,0.003614,0.02297,0.01405,0.0,0.0,5.247E-4,4.793E-4,0.001249,0.9956,6.578E-4,3.704E-4,4.859E-4,5.634E-5,5.902E-4,0.0,0.005355,0.005999,0.006662,0.004303,0.2075,0.01448,0.001352,7.865E-4,0.005593,9.391E-4,
0.0,1548.0,105.9,231.3,152.9,0.01383,5.158,0.3086,0.1876,1.348,0.6282,0.0,343.6,0.1979,0.988,0.115,0.1036,0.3506,0.169,0.06197,0.9698,14.27,0.0,343.6,0.1979,0.988,0.115,0.1036,0.3506,0.169,0.06197,0.9698,14.27,0.0,0.0,0.0,0.0,0.0,0.0,0.0,0.0,0.0,0.0,0.0,0.0,17.95,418.7,140.7,26.15,640.7,202.9,1.824,6.36,29.57,5.329,0.0,81.78,3.09,8.009,17.3,27.41,0.8048,0.03777,0.04182,0.00705,0.1655,0.0,0.0,0.0,0.0,0.0,0.0,0.0,0.0,0.0,0.0,0.0,0.0,0.0,0.0,0.0,0.0,0.0,0.0,0.0,0.0,0.0,0.0,0.0,0.0,1.0E-4,0.0,19650.0,111400.0,111500.0,71150.0,2.728E7,38450.0,18250.0,21310.0,13010.0,24890.0,0.0,3.6790000000000005E-36,1.725E-36,8.518E-36,6.894000000000001E-36,1.814E-36,2.94E-37,1.152E-38,7.942999999999999E-39,2.671E-38,3.909E-38,2.08E-35,0.0,0.7144,0.8663,2.528,1.375,0.2272,0.0715,0.00497,0.003625,0.02319,0.0138,0.0,0.0,5.247E-4,4.793E-4,0.001249,0.9956,6.578E-4,3.704E-4,4.859E-4,5.634E-5,5.902E-4,0.0,0.005456,0.006138,0.006582,0.004292,0.2075,0.01424,0.00137,7.674E-4,0.005636,8.95E-4,
0.0,1541.0,112.5,232.1,155.3,0.0184,5.104,0.3158,0.2008,1.338,0.6454,0.0,343.7,0.1971,0.9943,0.12,0.1068,0.3373,0.1743,0.1594,3.582,11.55,0.0,343.7,0.1971,0.9943,0.12,0.1068,0.3373,0.1743,0.1594,3.582,11.55,0.0,0.0,0.0,0.0,0.0,0.0,0.0,0.0,0.0,0.0,0.0,0.0,17.93,427.5,138.4,26.83,632.6,200.9,1.989,6.855,29.32,5.929,0.0,80.63,3.01,7.857,15.37,27.41,0.8047,0.03778,0.04183,0.007052,0.1655,0.0,0.0,0.0,0.0,0.0,0.0,0.0,0.0,0.0,0.0,0.0,0.0,0.0,0.0,0.0,0.0,0.0,0.0,0.0,0.0,0.0,0.0,0.0,0.0,4.45E-4,0.0,19720.0,113800.0,115600.0,72960.0,2.844E7,38910.0,18790.0,22040.0,13160.0,25650.0,0.0,3.336E-36,1.769E-36,8.451E-36,6.881E-36,1.814E-36,2.882E-37,1.138E-38,8.374999999999999E-39,2.633E-38,3.951E-38,2.08E-35,0.0,0.6479,0.9246,2.524,1.381,0.2272,0.07055,0.005111,0.003852,0.02303,0.0141,0.0,0.0,5.247E-4,4.793E-4,0.001249,0.9956,6.578E-4,3.704E-4,4.859E-4,5.634E-5,5.902E-4,0.0,0.0056,0.006147,0.00657,0.004301,0.2073,0.01385,0.00139,8.127E-4,0.005606,9.241E-4,
0.0,1536.0,118.8,236.4,148.7,0.02071,5.253,0.3222,0.2068,1.354,0.6411,0.0,343.7,0.1877,0.9934,0.1239,0.1055,0.3075,0.1916,0.07211,1.483,13.75,0.0,343.7,0.1877,0.9934,0.1239,0.1055,0.3075,0.1916,0.07211,1.483,13.75,0.0,0.0,0.0,0.0,0.0,0.0,0.0,0.0,0.0,0.0,0.0,0.0,17.93,429.9,139.5,25.79,634.0,198.8,2.155,7.195,29.91,5.899,0.0,79.81,4.647,6.982,17.66,25.35,0.8047,0.03778,0.04184,0.007055,0.1655,0.0,0.0,0.0,0.0,0.0,0.0,0.0,0.0,0.0,0.0,0.0,0.0,0.0,0.0,0.0,0.0,0.0,0.0,0.0,0.0,0.0,0.0,0.0,0.0,1.0E-4,0.0,19730.0,116300.0,120000.0,66630.0,2.988E7,39770.0,19620.0,23040.0,13430.0,26740.0,0.0,3.108E-36,1.811E-36,8.453E-36,6.881E-36,1.666E-36,2.9249999999999997E-37,1.123E-38,8.641999999999999E-39,2.635E-38,3.952E-38,2.08E-35,0.0,0.6036,0.9656,2.536,1.381,0.21,0.07157,0.005238,0.003961,0.02332,0.01402,0.0,0.0,5.247E-4,4.793E-4,0.001249,0.9956,6.578E-4,3.704E-4,4.859E-4,5.634E-5,5.902E-4,0.0,0.005597,0.006113,0.006588,0.004086,0.2077,0.01342,0.001402,8.13E-4,0.005653,8.93E-4,
0.0,1536.0,112.2,240.1,152.6,0.02085,5.25,0.322,0.2059,1.356,0.6415,0.0,343.7,0.1908,1.001,0.1133,0.1055,0.3092,0.2062,0.0568,1.742,13.49,0.0,343.7,0.1908,1.001,0.1133,0.1055,0.3092,0.2062,0.0568,1.742,13.49,0.0,0.0,0.0,0.0,0.0,0.0,0.0,0.0,0.0,0.0,0.0,0.0,17.93,432.2,137.9,26.74,633.8,198.2,2.164,7.257,30.06,5.985,0.0,79.81,3.048,6.942,18.16,25.34,0.8043,0.03779,0.04184,0.007057,0.1656,0.0,0.0,0.0,0.0,0.0,0.0,0.0,0.0,0.0,0.0,0.0,0.0,0.0,0.0,0.0,0.0,0.0,0.0,0.0,0.0,0.0,0.0,0.0,0.0,1.001E-4,0.0,19740.0,116800.0,124500.0,68940.0,3.141E7,40520.0,20540.0,24240.0,13730.0,28020.0,0.0,3.108E-36,1.695E-36,8.291000000000001E-36,7.088000000000001E-36,1.666E-36,2.888E-37,1.085E-38,8.608999999999999E-39,2.613E-38,3.95E-38,2.08E-35,0.0,0.6036,0.9211,2.553,1.407,0.2101,0.07154,0.005239,0.003936,0.02336,0.01403,0.0,0.0,5.247E-4,4.793E-4,0.001249,0.9956,6.578E-4,3.704E-4,4.859E-4,5.634E-5,5.902E-4,0.0,0.005597,0.006103,0.006548,0.004101,0.2078,0.0131,0.001357,8.385E-4,0.005659,8.891E-4,
0.0,1536.0,111.4,235.7,154.3,0.02141,5.248,0.3217,0.1768,1.388,0.6389,0.0,343.7,0.1176,1.032,0.1056,0.1633,0.3058,0.2072,0.04956,1.837,13.4,0.0,343.7,0.1176,1.032,0.1056,0.1633,0.3058,0.2072,0.04956,1.837,13.4,0.0,0.0,0.0,0.0,0.0,0.0,0.0,0.0,0.0,0.0,0.0,0.0,17.93,421.2,117.7,25.13,670.5,197.9,2.174,6.357,30.97,5.353,0.0,79.81,1.195,3.483,28.02,23.95,0.7454,0.03854,0.04282,0.007172,0.04468,0.0,0.0,0.0,0.0,0.0,0.0,0.0,0.0,0.0,0.0,0.0,0.0,0.0,0.0,0.0,0.0,0.0,0.0,0.0,0.0,0.0,0.0,0.0,0.0,4.224E-4,0.0,19790.0,114500.0,151800.0,51750.0,3.153E7,50350.0,18930.0,22010.0,13540.0,52540.0,0.0,3.108E-36,1.5040000000000002E-36,8.593E-36,7.11E-36,1.48E-36,2.7629999999999998E-37,1.047E-38,8.099E-39,2.643E-38,2.135E-38,2.08E-35,0.0,0.6036,0.888,2.624,1.421,0.1569,0.07021,0.005236,0.003435,0.02386,0.01137,0.0,0.0,2.43E-4,3.525E-4,6.724E-4,0.9956,9.86E-4,2.955E-4,3.877E-4,4.495E-5,0.001409,0.0,0.005623,0.005829,0.006242,0.003974,0.2079,0.01312,0.001346,8.107E-4,0.005674,0.001006,
0.0,1539.0,109.9,233.7,153.4,0.3629,5.867,0.3216,0.1768,1.389,1.406,0.0,343.7,0.1139,1.114,0.1102,0.163,0.3013,0.2093,0.04994,2.602,12.54,0.0,343.7,0.1139,1.114,0.1102,0.163,0.3013,0.2093,0.04994,2.602,12.54,0.0,0.0,0.0,0.0,0.0,0.0,0.0,0.0,0.0,0.0,0.0,0.0,17.93,395.9,119.6,25.25,706.7,197.9,2.189,6.375,30.97,5.394,0.0,79.81,1.052,3.34,27.27,23.97,0.7454,0.03827,0.04254,0.007123,0.04473,0.0,0.0,0.0,0.0,0.0,0.0,0.0,0.0,0.0,0.0,0.0,0.0,0.0,0.0,0.0,0.0,0.0,0.0,0.0,0.0,0.0,0.0,0.0,0.0,1.0E-4,0.0,19930.0,107800.0,139500.0,51020.0,2.901E7,49460.0,19040.0,22060.0,13660.0,51230.0,0.0,3.158E-36,1.4840000000000001E-36,8.454E-36,7.049E-36,1.487E-36,2.8219999999999997E-37,1.013E-38,8.082E-39,2.6019999999999997E-38,3.986E-38,2.08E-35,0.0,0.6325,0.8755,2.585,1.412,0.1598,0.07341,0.005233,0.003432,0.02391,0.02349,0.0,0.0,2.565E-4,3.72E-4,7.097E-4,0.9954,0.001041,3.119E-4,4.092E-4,4.745E-5,0.001487,0.0,0.005802,0.005643,0.006232,0.004008,0.2079,0.01292,0.001352,8.131E-4,0.0057,0.001001,
0.0,1539.0,110.3,225.8,158.2,0.3626,4.629,0.1846,0.1768,1.39,1.353,0.0,343.7,0.1157,1.099,0.1108,0.1626,0.3007,0.2093,0.04992,2.929,12.22,0.0,343.7,0.1157,1.099,0.1108,0.1626,0.3007,0.2093,0.04992,2.929,12.22,0.0,0.0,0.0,0.0,0.0,0.0,0.0,0.0,0.0,0.0,0.0,0.0,17.93,395.4,121.9,25.38,707.6,198.0,2.186,6.375,30.97,5.444,0.0,79.81,1.176,8.966,25.61,23.71,0.7462,0.03843,0.04274,0.007154,0.04538,0.0,0.0,0.0,0.0,0.0,0.0,0.0,0.0,0.0,0.0,0.0,0.0,0.0,0.0,0.0,0.0,0.0,0.0,0.0,0.0,0.0,0.0,0.0,0.0,6.989E-4,0.0,19980.0,105000.0,131400.0,49290.0,2.724E7,50690.0,19770.0,22890.0,13890.0,52460.0,0.0,3.158E-36,1.539E-36,8.351E-36,7.027000000000001E-36,1.4860000000000001E-36,2.519E-37,5.881E-39,8.069999999999999E-39,2.579E-38,3.845E-38,2.08E-35,0.0,0.6325,0.8839,2.566,1.431,0.1596,0.06152,0.003327,0.003432,0.02393,0.02264,0.0,0.0,2.817E-4,4.086E-4,7.794E-4,0.9949,0.001143,3.426E-4,4.495E-4,5.211E-5,0.001634,0.0,0.005844,0.005681,0.006201,0.004019,0.2076,0.01289,0.001352,8.223E-4,0.005713,0.001012,
0.0,1539.0,109.0,227.2,162.3,0.3614,4.625,0.1854,0.176,1.391,1.285,0.0,343.7,0.1138,1.091,0.1114,0.1621,0.2995,0.2105,0.04871,3.263,11.89,0.0,343.7,0.1138,1.091,0.1114,0.1621,0.2995,0.2105,0.04871,3.263,11.89,0.0,0.0,0.0,0.0,0.0,0.0,0.0,0.0,0.0,0.0,0.0,0.0,17.93,394.3,123.9,25.38,711.6,198.0,2.186,6.378,30.97,5.478,0.0,92.75,1.161,8.625,8.796,23.67,0.7472,0.03855,0.04289,0.007184,0.0458,0.0,0.0,0.0,0.0,0.0,0.0,0.0,0.0,0.0,0.0,0.0,0.0,0.0,0.0,0.0,0.0,0.0,0.0,0.0,0.0,0.0,0.0,0.0,0.0,1.002E-4,0.0,20570.0,103400.0,125000.0,48500.0,2.59E7,51200.0,20050.0,23160.0,13950.0,52640.0,0.0,3.2280000000000004E-36,1.505E-36,8.342E-36,6.922E-36,1.4860000000000001E-36,2.497E-37,5.871E-39,8.054E-39,2.531E-38,3.668E-38,2.08E-35,0.0,0.6517,0.8697,2.576,1.416,0.1596,0.06147,0.003336,0.003424,0.02392,0.02159,0.0,0.0,2.979E-4,4.321E-4,8.243E-4,0.9946,0.001209,3.623E-4,4.753E-4,5.511E-5,0.001728,0.0,0.005919,0.005668,0.006208,0.004015,0.2074,0.01284,0.001367,8.171E-4,0.005711,0.001029,
0.0,1540.0,111.7,220.3,158.0,0.3798,6.874,0.2225,0.2143,1.408,1.205,0.0,343.7,0.1197,1.029,0.1093,0.16,0.229,0.2077,0.04083,2.438,12.85,0.0,343.7,0.1197,1.029,0.1093,0.16,0.229,0.2077,0.04083,2.438,12.85,0.0,0.0,0.0,0.0,0.0,0.0,0.0,0.0,0.0,0.0,0.0,0.0,17.93,396.3,121.3,25.08,711.2,201.5,1.897,6.077,30.85,4.959,0.0,92.75,1.176,2.523,20.23,23.66,0.7458,0.03845,0.04278,0.00714,0.04571,0.0,0.0,0.0,0.0,0.0,0.0,0.0,0.0,0.0,0.0,0.0,0.0,0.0,0.0,0.0,0.0,0.0,0.0,0.0,0.0,0.0,0.0,0.0,0.0,7.389E-4,0.0,20640.0,103700.0,113600.0,50710.0,2.503E7,50070.0,18950.0,21900.0,13750.0,50630.0,0.0,3.2480000000000005E-36,1.536E-36,8.135000000000001E-36,6.903E-36,1.487E-36,3.0479999999999997E-37,6.494E-39,8.699999999999999E-39,2.527E-38,3.42E-38,2.08E-35,0.0,0.6595,0.8915,2.479,1.442,0.1599,0.09696,0.003856,0.003963,0.02415,0.02025,0.0,0.0,2.979E-4,4.321E-4,8.243E-4,0.9946,0.001209,3.623E-4,4.753E-4,5.511E-5,0.001728,0.0,0.005991,0.005621,0.006161,0.004056,0.2075,0.01283,0.001354,8.015E-4,0.005702,0.001053,
0.0,1542.0,100.6,232.3,158.3,0.8303,4.25,0.2504,0.2491,1.911,0.7024,0.0,343.7,0.1185,1.069,0.09905,0.1609,0.2001,0.2081,0.04308,1.891,13.4,0.0,343.7,0.1185,1.069,0.09905,0.1609,0.2001,0.2081,0.04308,1.891,13.4,0.0,0.0,0.0,0.0,0.0,0.0,0.0,0.0,0.0,0.0,0.0,0.0,17.93,406.5,116.2,25.36,711.8,198.8,2.333,6.7,30.41,5.143,0.0,92.75,1.219,2.459,18.49,24.0,0.7453,0.03845,0.04279,0.007143,0.04571,0.0,0.0,0.0,0.0,0.0,0.0,0.0,0.0,0.0,0.0,0.0,0.0,0.0,0.0,0.0,0.0,0.0,0.0,0.0,0.0,0.0,0.0,0.0,0.0,1.0E-4,0.0,20740.0,104200.0,112400.0,49890.0,2.518E7,50220.0,18790.0,21750.0,13810.0,50620.0,0.0,3.329E-36,1.492E-36,8.166000000000001E-36,6.82E-36,1.4880000000000002E-36,2.2679999999999997E-37,7.229E-39,9.557E-39,3.698E-38,2.22E-38,2.08E-35,0.0,0.6795,0.8123,2.571,1.437,0.1657,0.05971,0.004314,0.00454,0.03216,0.01224,0.0,0.0,2.979E-4,4.321E-4,8.243E-4,0.9946,0.001209,3.623E-4,4.753E-4,5.511E-5,0.001728,0.0,0.006074,0.005706,0.006196,0.004004,0.2075,0.01264,0.001363,8.181E-4,0.005729,0.00105,
0.0,1543.0,92.95,236.3,146.4,1.777,4.358,0.2504,0.2492,1.917,0.6965,0.0,343.7,0.09448,1.09,0.09528,0.1627,0.1999,0.2076,0.04171,1.841,13.45,0.0,343.7,0.09448,1.09,0.09528,0.1627,0.1999,0.2076,0.04171,1.841,13.45,0.0,0.0,0.0,0.0,0.0,0.0,0.0,0.0,0.0,0.0,0.0,0.0,17.93,405.7,120.3,26.76,714.0,198.8,2.342,6.712,30.55,5.015,0.0,92.75,1.026,2.335,31.69,24.26,0.7459,0.03897,0.04336,0.007244,0.04619,0.0,0.0,0.0,0.0,0.0,0.0,0.0,0.0,0.0,0.0,0.0,0.0,0.0,0.0,0.0,0.0,0.0,0.0,0.0,0.0,0.0,0.0,0.0,0.0,6.246E-4,0.0,20760.0,102800.0,111300.0,50750.0,2.449E7,49940.0,18580.0,21490.0,13670.0,49680.0,0.0,3.349E-36,1.316E-36,8.248E-36,6.732E-36,1.533E-36,2.282E-37,7.228E-39,9.548E-39,3.652E-38,2.205E-38,2.08E-35,0.0,0.6873,0.7358,2.625,1.439,0.1715,0.06099,0.004318,0.004545,0.03224,0.01216,0.0,0.0,3.002E-4,4.355E-4,8.308E-4,0.9946,0.001218,3.651E-4,4.791E-4,5.554E-5,0.001741,0.0,0.006079,0.005494,0.006279,0.004025,0.2071,0.01262,0.001362,8.17E-4,0.005734,0.001045,
0.0,1544.0,91.78,236.8,145.8,1.143,4.358,0.2493,0.2449,1.922,0.7727,0.0,343.7,0.094,1.09,0.09398,0.1628,0.2002,0.2084,0.1792,1.32,13.83,0.0,343.7,0.094,1.09,0.09398,0.1628,0.2002,0.2084,0.1792,1.32,13.83,0.0,0.0,0.0,0.0,0.0,0.0,0.0,0.0,0.0,0.0,0.0,0.0,17.93,405.9,123.0,26.83,714.0,198.8,2.343,6.571,30.68,5.016,0.0,92.75,1.538,2.438,30.9,24.42,0.7461,0.03898,0.04338,0.007253,0.04619,0.0,0.0,0.0,0.0,0.0,0.0,0.0,0.0,0.0,0.0,0.0,0.0,0.0,0.0,0.0,0.0,0.0,0.0,0.0,0.0,0.0,0.0,0.0,0.0,7.252E-4,0.0,20840.0,100800.0,111800.0,48560.0,2.368E7,48600.0,17570.0,20320.0,13490.0,47760.0,0.0,3.39E-36,1.3060000000000001E-36,8.211000000000001E-36,6.622000000000001E-36,1.534E-36,2.2699999999999998E-37,7.22E-39,9.476E-39,3.614E-38,2.219E-38,2.08E-35,0.0,0.7061,0.7281,2.628,1.422,0.1717,0.061,0.004304,0.004471,0.03231,0.01231,0.0,0.0,3.002E-4,4.355E-4,8.308E-4,0.9946,0.001218,3.651E-4,4.791E-4,5.554E-5,0.001741,0.0,0.006129,0.005443,0.006294,0.004011,0.2069,0.01259,0.001357,8.1E-4,0.005734,0.001047,
0.0,1544.0,91.43,233.3,130.8,0.8833,6.0,0.2889,0.2448,1.921,0.7728,0.0,343.7,0.09365,1.099,0.09457,0.1541,0.1997,0.2084,0.2058,1.32,13.81,0.0,343.7,0.09365,1.099,0.09457,0.1541,0.1997,0.2084,0.2058,1.32,13.81,0.0,0.0,0.0,0.0,0.0,0.0,0.0,0.0,0.0,0.0,0.0,0.0,17.93,407.6,122.8,24.72,720.0,198.8,2.318,6.54,30.67,4.9,0.0,92.75,1.451,2.73,55.23,16.94,0.7407,0.03723,0.04107,0.006992,0.03771,0.0,0.0,0.0,0.0,0.0,0.0,0.0,0.0,0.0,0.0,0.0,0.0,0.0,0.0,0.0,0.0,0.0,0.0,0.0,0.0,0.0,0.0,0.0,0.0,1.0E-4,0.0,20880.0,118500.0,116900.0,39030.0,2.309E7,42310.0,15800.0,18030.0,13160.0,40000.0,0.0,3.39E-36,1.2990000000000001E-36,8.223E-36,6.511E-36,1.474E-36,2.675E-37,8.175999999999999E-39,9.451999999999999E-39,3.561E-38,2.204E-38,2.08E-35,0.0,0.7061,0.7251,2.628,1.413,0.1614,0.08032,0.004756,0.00447,0.03231,0.01231,0.0,0.0,0.001378,7.109E-4,3.97E-4,0.9944,9.864E-4,2.956E-4,3.879E-4,4.497E-5,0.00141,0.0,0.006157,0.005537,0.006343,0.003972,0.2068,0.01248,0.001346,7.952E-4,0.005732,9.919E-4,
0.0,1540.0,94.86,234.3,133.8,0.9505,4.314,0.2494,0.25,0.9623,0.6541,0.0,343.7,0.09505,1.035,0.09285,0.1565,0.2015,0.2086,0.1891,5.318,9.885,0.0,343.7,0.09505,1.035,0.09285,0.1565,0.2015,0.2086,0.1891,5.318,9.885,0.0,0.0,0.0,0.0,0.0,0.0,0.0,0.0,0.0,0.0,0.0,0.0,17.92,413.0,116.6,24.67,724.4,198.7,2.314,6.766,30.29,5.486,0.0,91.99,1.603,3.143,54.74,17.02,0.7413,0.03731,0.04116,0.007014,0.03789,0.0,0.0,0.0,0.0,0.0,0.0,0.0,0.0,0.0,0.0,0.0,0.0,0.0,0.0,0.0,0.0,0.0,0.0,0.0,0.0,0.0,0.0,0.0,0.0,3.69E-4,0.0,20920.0,122200.0,112700.0,37690.0,2.251E7,43220.0,16260.0,18680.0,13060.0,41730.0,0.0,3.205E-36,1.3010000000000001E-36,8.169E-36,6.499000000000001E-36,1.474E-36,2.2499999999999998E-37,7.196E-39,9.521E-39,1.9919999999999999E-38,1.946E-38,2.08E-35,0.0,0.6676,0.7525,2.643,1.447,0.1614,0.06085,0.004299,0.004515,0.01614,0.0104,0.0,0.0,0.001494,7.708E-4,4.304E-4,0.9939,0.001069,3.205E-4,4.205E-4,4.875E-5,0.001528,0.0,0.006216,0.005561,0.00636,0.003993,0.2065,0.01243,0.001351,8.379E-4,0.005626,0.001078,
0.0,1536.0,102.8,233.6,132.1,0.9342,4.311,0.2494,0.2485,0.9693,0.7239,0.0,343.7,0.09404,1.03,0.09617,0.1545,0.1997,0.2083,0.1651,3.457,11.78,0.0,343.7,0.09404,1.03,0.09617,0.1545,0.1997,0.2083,0.1651,3.457,11.78,0.0,0.0,0.0,0.0,0.0,0.0,0.0,0.0,0.0,0.0,0.0,0.0,17.91,414.3,117.3,24.8,725.2,198.8,2.326,6.672,30.71,5.233,0.0,90.74,1.683,2.853,54.36,17.1,0.7426,0.03743,0.04129,0.007052,0.03812,0.0,0.0,0.0,0.0,0.0,0.0,0.0,0.0,0.0,0.0,0.0,0.0,0.0,0.0,0.0,0.0,0.0,0.0,0.0,0.0,0.0,0.0,0.0,0.0,4.674E-4,0.0,20960.0,123300.0,108500.0,37170.0,2.18E7,44480.0,16780.0,19300.0,13250.0,43380.0,0.0,3.158E-36,1.315E-36,8.094E-36,6.157E-36,1.474E-36,2.239E-37,7.187999999999999E-39,9.483E-39,1.987E-38,1.93E-38,2.08E-35,0.0,0.6347,0.8148,2.633,1.426,0.1614,0.06083,0.004299,0.004491,0.01624,0.01055,0.0,0.0,0.001626,8.386E-4,4.683E-4,0.9934,0.001164,3.487E-4,4.575E-4,5.304E-5,0.001663,0.0,0.006314,0.005573,0.006363,0.003952,0.2059,0.0124,0.001355,8.3E-4,0.00567,0.001065,
0.0,1524.0,116.9,233.4,132.4,0.916,4.916,0.2498,0.2468,0.9711,0.7149,0.0,343.7,0.09307,1.027,0.09798,0.1544,0.1989,0.227,0.118,2.982,12.28,0.0,343.7,0.09307,1.027,0.09798,0.1544,0.1989,0.227,0.118,2.982,12.28,0.0,0.0,0.0,0.0,0.0,0.0,0.0,0.0,0.0,0.0,0.0,0.0,17.88,415.3,115.3,26.83,725.1,198.8,2.33,6.602,30.84,5.193,0.0,88.57,1.917,2.966,52.87,17.75,0.7441,0.0372,0.04104,0.007036,0.03795,0.0,0.0,0.0,0.0,0.0,0.0,0.0,0.0,0.0,0.0,0.0,0.0,0.0,0.0,0.0,0.0,0.0,0.0,0.0,0.0,0.0,0.0,0.0,0.0,1.001E-4,0.0,20970.0,124000.0,98070.0,43720.0,2.088E7,44760.0,17040.0,19560.0,13380.0,43460.0,0.0,2.6540000000000003E-36,1.355E-36,8.205E-36,6.088E-36,1.2460000000000001E-36,2.707E-37,7.181E-39,9.442E-39,1.9559999999999999E-38,1.922E-38,2.08E-35,0.0,0.5335,0.9144,2.637,1.428,0.1508,0.06658,0.004305,0.004462,0.01627,0.01046,0.0,0.0,0.001693,8.73E-4,4.875E-4,0.9931,0.001211,3.63E-4,4.763E-4,5.522E-5,0.001731,0.0,0.006367,0.005492,0.006138,0.004225,0.2057,0.01233,0.001361,8.258E-4,0.00568,0.001074,
0.0,1526.0,116.0,230.8,124.6,0.2523,4.549,0.2508,0.247,0.9712,0.7158,0.0,343.7,0.1007,0.9993,0.1008,0.1564,0.1988,0.2274,0.1269,2.87,12.39,0.0,343.7,0.1007,0.9993,0.1008,0.1564,0.1988,0.2274,0.1269,2.87,12.39,0.0,0.0,0.0,0.0,0.0,0.0,0.0,0.0,0.0,0.0,0.0,0.0,17.88,415.1,116.3,27.04,727.2,198.7,2.33,6.712,30.71,5.221,0.0,88.57,2.195,4.04,60.79,18.37,0.7668,0.037,0.04082,0.007047,0.03767,0.0,0.0,0.0,0.0,0.0,0.0,0.0,0.0,0.0,0.0,0.0,0.0,0.0,0.0,0.0,0.0,0.0,0.0,0.0,0.0,0.0,0.0,0.0,0.0,6.456E-4,0.0,21040.0,124300.0,90450.0,49900.0,2.063E7,46010.0,17330.0,19850.0,13500.0,43400.0,0.0,2.7E-36,1.35E-36,8.021000000000001E-36,5.967E-36,1.255E-36,2.293E-37,7.19E-39,9.445E-39,7.926E-38,2.0459999999999999E-38,2.08E-35,0.0,0.5557,0.9183,2.608,1.416,0.152,0.06281,0.004316,0.004473,0.02511,0.01063,0.0,0.0,0.001693,8.73E-4,4.875E-4,0.9931,0.001211,3.63E-4,4.763E-4,5.522E-5,0.001731,0.0,0.006382,0.005442,0.006084,0.00428,0.2055,0.01231,0.001384,8.132E-4,0.005675,0.001087,
0.0,1526.0,105.9,239.5,124.5,0.385,5.166,0.2506,0.2493,0.9593,0.7185,0.0,343.7,0.09332,0.9998,0.1017,0.168,0.1975,0.2275,0.1271,1.702,13.55,0.0,343.7,0.09332,0.9998,0.1017,0.168,0.1975,0.2275,0.1271,1.702,13.55,0.0,0.0,0.0,0.0,0.0,0.0,0.0,0.0,0.0,0.0,0.0,0.0,17.88,423.5,113.0,27.41,728.9,198.7,2.335,6.903,30.15,5.419,0.0,88.57,1.959,4.14,55.03,18.76,6.39,0.03724,0.04107,0.00715,0.0377,0.0,0.0,0.0,0.0,0.0,0.0,0.0,0.0,0.0,0.0,0.0,0.0,0.0,0.0,0.0,0.0,0.0,0.0,0.0,0.0,0.0,0.0,0.0,0.0,5.381E-4,0.0,21100.0,127300.0,91440.0,47880.0,2.116E7,49070.0,18010.0,20600.0,13730.0,44590.0,0.0,2.7E-36,1.25E-36,8.014000000000001E-36,5.7390000000000006E-36,1.3010000000000001E-36,3.826E-37,7.184E-39,9.471999999999999E-39,1.916E-38,1.941E-38,2.08E-35,0.0,0.5557,0.8431,2.67,1.394,0.1604,0.08966,0.004317,0.004515,0.01613,0.01053,0.0,0.0,0.001693,8.73E-4,4.875E-4,0.9931,0.001211,3.63E-4,4.763E-4,5.522E-5,0.001731,0.0,0.00641,0.005373,0.006106,0.004321,0.2056,0.01225,0.001388,7.967E-4,0.005719,0.001066,
0.0,1526.0,105.9,236.2,130.3,0.1087,8.343,0.2569,0.2417,0.9608,0.7185,0.0,343.7,0.09334,1.009,0.1018,0.1609,0.1933,0.2298,0.1191,1.726,13.53,0.0,343.7,0.09334,1.009,0.1018,0.1609,0.1933,0.2298,0.1191,1.726,13.53,0.0,0.0,0.0,0.0,0.0,0.0,0.0,0.0,0.0,0.0,0.0,0.0,17.88,421.6,115.8,27.51,723.8,198.7,2.333,6.79,30.25,5.419,0.0,88.57,2.449,5.885,52.35,19.11,0.9078,0.03681,0.0406,0.007051,0.0374,0.0,0.0,0.0,0.0,0.0,0.0,0.0,0.0,0.0,0.0,0.0,0.0,0.0,0.0,0.0,0.0,0.0,0.0,0.0,0.0,0.0,0.0,0.0,0.0,4.703E-4,0.0,21230.0,128300.0,94010.0,47990.0,2.216E7,50570.0,18880.0,21420.0,13860.0,46730.0,0.0,2.7E-36,1.2540000000000001E-36,7.986000000000001E-36,5.5630000000000004E-36,1.2800000000000001E-36,4.352E-37,7.177E-39,9.427E-39,1.895E-38,1.935E-38,2.08E-35,0.0,0.5558,0.8449,2.668,1.394,0.1565,0.0929,0.004396,0.004405,0.01616,0.01053,0.0,0.0,0.001693,8.73E-4,4.875E-4,0.9931,0.001211,3.63E-4,4.763E-4,5.522E-5,0.001731,0.0,0.006543,0.005347,0.006143,0.004328,0.2054,0.01211,0.001473,7.067E-4,0.005721,0.001062,
0.0,1526.0,112.5,229.4,122.0,2.931,5.086,0.2573,0.2389,0.9705,0.4282,0.0,343.7,0.1096,0.9527,0.09191,0.1732,0.2146,0.2296,0.1162,1.315,13.96,0.0,343.7,0.1096,0.9527,0.09191,0.1732,0.2146,0.2296,0.1162,1.315,13.96,0.0,0.0,0.0,0.0,0.0,0.0,0.0,0.0,0.0,0.0,0.0,0.0,17.88,392.7,120.4,32.93,749.0,198.7,2.359,6.568,31.02,5.527,0.0,88.57,2.497,6.937,60.78,18.61,0.9132,0.03674,0.04053,0.007022,0.1005,0.0,0.0,0.0,0.0,0.0,0.0,0.0,0.0,0.0,0.0,0.0,0.0,0.0,0.0,0.0,0.0,0.0,0.0,0.0,0.0,0.0,0.0,0.0,0.0,4.463E-4,0.0,21250.0,125400.0,99760.0,63620.0,2.332E7,52310.0,18710.0,21330.0,13780.0,50030.0,0.0,2.7E-36,1.424E-36,7.605E-36,5.818E-36,1.043E-36,3.768E-37,7.181E-39,9.359E-39,1.894E-38,3.925E-38,2.08E-35,0.0,0.5558,0.9118,2.571,1.403,0.174,0.08644,0.004403,0.004356,0.01629,0.009743,0.0,0.0,0.001693,8.73E-4,4.875E-4,0.9931,0.001211,3.63E-4,4.763E-4,5.522E-5,0.001731,0.0,0.006543,0.005144,0.006285,0.005006,0.2046,0.0121,0.001475,7.001E-4,0.005716,0.001126,
0.0,1527.0,103.0,237.5,132.1,0.884,4.773,0.2573,0.2384,0.971,0.3723,0.0,343.7,0.1045,0.9588,0.1119,0.1784,0.1869,0.2296,0.1159,0.5842,14.69,0.0,343.7,0.1045,0.9588,0.1119,0.1784,0.1869,0.2296,0.1159,0.5842,14.69,0.0,0.0,0.0,0.0,0.0,0.0,0.0,0.0,0.0,0.0,0.0,0.0,17.88,409.6,111.8,25.71,754.4,200.1,2.376,6.549,31.06,5.697,0.0,88.57,3.776,7.683,50.7,17.59,1.031,0.0373,0.04114,0.007139,0.07298,0.0,0.0,0.0,0.0,0.0,0.0,0.0,0.0,0.0,0.0,0.0,0.0,0.0,0.0,0.0,0.0,0.0,0.0,0.0,0.0,0.0,0.0,0.0,0.0,4.215E-4,0.0,21360.0,132200.0,97090.0,51170.0,2.465E7,53470.0,18560.0,21220.0,13780.0,52150.0,0.0,2.723E-36,1.392E-36,7.675E-36,6.0E-36,7.889999999999999E-37,2.409E-37,7.191E-39,9.332E-39,1.865E-38,3.306E-38,2.08E-35,0.0,0.5709,0.8475,2.639,1.429,0.1458,0.06488,0.004405,0.004346,0.01631,0.009024,0.0,0.0,0.001693,8.73E-4,4.875E-4,0.9931,0.001211,3.63E-4,4.763E-4,5.522E-5,0.001731,0.0,0.006591,0.005293,0.006254,0.004447,0.2048,0.01207,0.001477,6.836E-4,0.005724,0.001144,
0.0,1527.0,109.7,224.4,129.7,0.6452,8.919,0.2582,0.2404,0.9661,0.3717,0.0,343.7,0.1074,0.9958,0.0745,0.1496,0.2087,0.2255,0.1177,1.104,14.17,0.0,343.7,0.1074,0.9958,0.0745,0.1496,0.2087,0.2255,0.1177,1.104,14.17,0.0,0.0,0.0,0.0,0.0,0.0,0.0,0.0,0.0,0.0,0.0,0.0,17.88,406.4,112.3,26.22,759.1,197.9,2.412,6.554,30.72,5.633,0.0,88.57,2.855,6.577,58.4,16.1,1.04,0.03728,0.04107,0.007176,0.0722,0.0,0.0,0.0,0.0,0.0,0.0,0.0,0.0,0.0,0.0,0.0,0.0,0.0,0.0,0.0,0.0,0.0,0.0,0.0,0.0,0.0,0.0,0.0,0.0,4.301E-4,0.0,21390.0,105400.0,99650.0,54220.0,2.424E7,44800.0,16210.0,18270.0,13430.0,43080.0,0.0,2.723E-36,1.345E-36,7.56E-36,5.9890000000000005E-36,7.202E-37,3.372E-37,7.2E-39,9.352E-39,1.842E-38,3.302E-38,2.08E-35,0.0,0.5709,0.8957,2.551,1.42,0.1291,0.1187,0.004421,0.004381,0.01623,0.009013,0.0,0.0,2.174E-4,4.577E-5,7.42E-4,0.996,9.585E-4,2.873E-4,3.769E-4,4.37E-5,0.00137,0.0,0.006591,0.005174,0.006074,0.004479,0.2045,0.01197,0.001458,6.68E-4,0.005731,0.001068,
0.0,1527.0,100.4,234.9,135.9,0.5375,4.518,0.2579,0.2386,0.9696,0.3721,0.0,343.7,0.09005,1.027,0.0687,0.1486,0.1878,0.2272,0.1181,2.921,12.35,0.0,343.7,0.09005,1.027,0.0687,0.1486,0.1878,0.2272,0.1181,2.921,12.35,0.0,0.0,0.0,0.0,0.0,0.0,0.0,0.0,0.0,0.0,0.0,0.0,17.88,414.3,115.7,26.1,760.4,196.2,2.353,6.521,30.84,5.85,0.0,88.57,2.586,5.913,52.34,16.11,0.7578,0.03718,0.04095,0.007218,0.07206,0.0,0.0,0.0,0.0,0.0,0.0,0.0,0.0,0.0,0.0,0.0,0.0,0.0,0.0,0.0,0.0,0.0,0.0,0.0,0.0,0.0,0.0,0.0,0.0,1.002E-4,0.0,21650.0,104300.0,91560.0,52470.0,2.32E7,43550.0,16130.0,18150.0,13350.0,42750.0,0.0,2.723E-36,1.247E-36,7.623E-36,5.9820000000000004E-36,7.099E-37,2.221E-37,7.184E-39,9.321E-39,1.836E-38,3.3E-38,2.08E-35,0.0,0.571,0.8226,2.622,1.441,0.1236,0.06005,0.004418,0.004351,0.01627,0.009031,0.0,0.0,2.259E-4,4.756E-5,7.711E-4,0.9958,9.96E-4,2.985E-4,3.916E-4,4.541E-5,0.001423,0.0,0.00667,0.005351,0.005955,0.004473,0.2042,0.0118,0.001467,6.669E-4,0.005716,0.001083,
0.0,1520.0,110.8,228.5,131.3,0.5262,12.02,0.2799,0.26,0.9832,0.3868,0.0,343.7,0.09744,1.036,0.07178,0.1465,0.1691,0.2244,0.1155,1.724,13.55,0.0,343.7,0.09744,1.036,0.07178,0.1465,0.1691,0.2244,0.1155,1.724,13.55,0.0,0.0,0.0,0.0,0.0,0.0,0.0,0.0,0.0,0.0,0.0,0.0,17.87,415.5,114.0,27.37,759.9,199.1,1.867,6.023,30.85,5.641,0.0,87.33,2.712,8.293,50.68,16.12,0.7286,0.0368,0.04061,0.006899,0.07265,0.0,0.0,0.0,0.0,0.0,0.0,0.0,0.0,0.0,0.0,0.0,0.0,0.0,0.0,0.0,0.0,0.0,0.0,0.0,0.0,0.0,0.0,0.0,0.0,4.757E-4,0.0,21700.0,104900.0,87940.0,52380.0,2.247E7,44560.0,16460.0,18560.0,13480.0,44120.0,0.0,2.469E-36,1.305E-36,7.617E-36,5.7970000000000006E-36,7.093E-37,2.929E-37,6.239E-39,8.328E-39,1.775E-38,3.302E-38,2.08E-35,0.0,0.5177,0.8952,2.592,1.393,0.1233,0.116,0.003961,0.003862,0.01612,0.009062,0.0,0.0,2.438E-4,5.133E-5,8.321E-4,0.9955,0.001075,3.222E-4,4.227E-4,4.9E-5,0.001536,0.0,0.006697,0.005349,0.005916,0.004543,0.2038,0.01179,0.001447,6.455E-4,0.005728,0.001098,
0.0,1520.0,107.9,231.9,144.8,0.4522,4.069,0.1916,0.1694,0.943,0.3642,0.0,343.7,0.1211,0.9925,0.09041,0.1463,0.1698,0.2245,0.1242,1.57,13.69,0.0,343.7,0.1211,0.9925,0.09041,0.1463,0.1698,0.2245,0.1242,1.57,13.69,0.0,0.0,0.0,0.0,0.0,0.0,0.0,0.0,0.0,0.0,0.0,0.0,17.87,413.2,118.3,25.99,761.8,200.1,2.024,6.189,30.91,5.757,0.0,87.33,3.026,11.05,41.81,16.14,0.7148,0.03687,0.0407,0.006902,0.07308,0.0,0.0,0.0,0.0,0.0,0.0,0.0,0.0,0.0,0.0,0.0,0.0,0.0,0.0,0.0,0.0,0.0,0.0,0.0,0.0,0.0,0.0,0.0,0.0,1.0E-4,0.0,21710.0,104600.0,88010.0,52290.0,2.174E7,45560.0,16350.0,18550.0,13450.0,46060.0,0.0,2.469E-36,1.4830000000000002E-36,7.397E-36,5.839E-36,7.0879999999999995E-37,1.914E-37,5.1389999999999994E-39,7.194E-39,1.713E-38,3.271E-38,2.08E-35,0.0,0.5177,0.9069,2.576,1.471,0.123,0.04542,0.003179,0.003062,0.01576,0.008861,0.0,0.0,2.718E-4,5.723E-5,9.278E-4,0.9949,0.001198,3.592E-4,4.713E-4,5.464E-5,0.001713,0.0,0.006697,0.005294,0.005895,0.004501,0.2035,0.01184,0.001463,6.639E-4,0.005729,0.001125,
0.0,1520.0,88.6,247.7,151.7,0.4284,3.976,0.2112,0.1901,0.9515,0.3688,0.0,343.7,0.1041,1.053,0.07107,0.1611,0.1673,0.2245,0.09536,1.262,13.99,0.0,343.7,0.1041,1.053,0.07107,0.1611,0.1673,0.2245,0.09536,1.262,13.99,0.0,0.0,0.0,0.0,0.0,0.0,0.0,0.0,0.0,0.0,0.0,0.0,17.87,413.0,116.6,24.12,774.3,198.1,1.999,6.142,30.99,5.079,0.0,87.33,3.071,7.753,44.08,11.67,0.6816,0.01061,0.01202,0.001947,0.0584,0.0,0.0,0.0,0.0,0.0,0.0,0.0,0.0,0.0,0.0,0.0,0.0,0.0,0.0,0.0,0.0,0.0,0.0,0.0,0.0,0.0,0.0,0.0,0.0,6.765E-4,0.0,21790.0,92620.0,84180.0,41340.0,2.134E7,42140.0,12830.0,14680.0,12850.0,44340.0,0.0,2.469E-36,1.3410000000000001E-36,7.47E-36,5.8480000000000006E-36,6.711E-37,1.872E-37,5.0969999999999997E-39,7.130999999999999E-39,1.7E-38,3.252E-38,2.08E-35,0.0,0.5178,0.7549,2.725,1.483,0.09702,0.04433,0.003138,0.003014,0.01579,0.008734,0.0,0.0,2.718E-4,5.723E-5,9.278E-4,0.9949,0.001198,3.592E-4,4.713E-4,5.464E-5,0.001713,0.0,0.006807,0.005112,0.005869,0.004327,0.2042,0.01161,0.001396,5.913E-4,0.005719,0.001081,
0.0,1520.0,88.19,250.4,143.9,0.4843,4.524,0.2117,0.1896,0.9545,0.3658,0.0,343.7,0.107,1.026,0.09329,0.1606,0.1668,0.2247,0.09458,1.574,13.68,0.0,343.7,0.107,1.026,0.09329,0.1606,0.1668,0.2247,0.09458,1.574,13.68,0.0,0.0,0.0,0.0,0.0,0.0,0.0,0.0,0.0,0.0,0.0,0.0,17.87,404.3,120.8,22.74,788.7,198.5,2.452,6.636,31.07,5.158,0.0,87.33,3.567,6.145,49.73,11.63,0.6986,0.01408,0.01581,0.002605,0.05901,0.0,0.0,0.0,0.0,0.0,0.0,0.0,0.0,0.0,0.0,0.0,0.0,0.0,0.0,0.0,0.0,0.0,0.0,0.0,0.0,0.0,0.0,0.0,0.0,5.546E-4,0.0,21820.0,93390.0,77360.0,48330.0,2.171E7,44070.0,14770.0,16830.0,13310.0,44560.0,0.0,2.469E-36,1.3650000000000001E-36,7.497E-36,5.6810000000000006E-36,6.73E-37,1.9199999999999998E-37,5.125E-39,7.145E-39,1.676E-38,3.247E-38,2.08E-35,0.0,0.5178,0.7559,2.729,1.465,0.09765,0.0522,0.003161,0.003022,0.01583,0.008696,0.0,0.0,2.718E-4,5.723E-5,9.278E-4,0.9949,0.001198,3.592E-4,4.713E-4,5.464E-5,0.001713,0.0,0.00684,0.005026,0.006009,0.004225,0.2042,0.01161,0.001439,6.339E-4,0.005761,0.00105,
0.0,1503.0,108.9,244.5,147.7,0.6799,4.336,0.2268,0.1889,0.9773,0.3639,0.0,343.7,0.1066,1.024,0.07226,0.1865,0.3908,0.03082,0.0982,2.142,13.08,0.0,343.7,0.1066,1.024,0.07226,0.1865,0.3908,0.03082,0.0982,2.142,13.08,0.0,0.0,0.0,0.0,0.0,0.0,0.0,0.0,0.0,0.0,0.0,0.0,17.83,403.5,118.1,21.42,772.3,192.0,10.45,6.747,34.92,4.952,0.0,84.27,3.595,9.856,47.3,12.35,0.6666,0.01593,0.01781,0.002962,0.05947,0.0,0.0,0.0,0.0,0.0,0.0,0.0,0.0,0.0,0.0,0.0,0.0,0.0,0.0,0.0,0.0,0.0,0.0,0.0,0.0,0.0,0.0,0.0,0.0,1.0E-4,0.0,21830.0,104400.0,196600.0,57810.0,2.188E7,58860.0,14070.0,15920.0,13400.0,38190.0,0.0,1.892E-36,1.381E-36,7.309E-36,5.6610000000000005E-36,8.533E-37,1.6159999999999998E-37,6.848E-39,7.202999999999999E-39,1.734E-38,3.266E-38,2.08E-35,0.0,0.3968,0.8749,2.704,1.466,0.1268,0.04673,0.00322,0.003028,0.01606,0.008704,0.0,0.0,6.832E-4,0.005219,0.001205,0.989,0.001848,2.871E-4,3.767E-4,4.367E-5,0.001369,0.0,0.006824,0.005073,0.006718,0.004256,0.2032,0.0118,0.001369,6.463E-4,0.00587,9.902E-4,
0.0,1503.0,112.9,235.9,131.3,0.4707,3.915,0.1867,0.1745,0.9705,0.3729,0.0,343.7,0.1081,1.015,0.0682,0.1652,0.3301,0.02442,0.1134,2.355,12.95,0.0,343.7,0.1081,1.015,0.0682,0.1652,0.3301,0.02442,0.1134,2.355,12.95,0.0,0.0,0.0,0.0,0.0,0.0,0.0,0.0,0.0,0.0,0.0,0.0,17.83,403.7,118.3,22.77,770.7,197.4,2.94,4.008,33.62,6.768,0.0,84.27,3.513,10.39,66.71,14.22,0.6572,0.01596,0.01786,0.01319,0.05263,0.0,0.0,0.0,0.0,0.0,0.0,0.0,0.0,0.0,0.0,0.0,0.0,0.0,0.0,0.0,0.0,0.0,0.0,0.0,0.0,0.0,0.0,0.0,0.0,3.543E-4,0.0,21900.0,106600.0,107400.0,55970.0,2.153E7,28040.0,13890.0,15830.0,15620.0,36520.0,0.0,1.892E-36,1.2850000000000001E-36,7.459E-36,5.701000000000001E-36,7.135E-37,1.541E-37,5.278E-39,6.586E-39,1.7E-38,3.286E-38,2.08E-35,0.0,0.3969,0.906,2.697,1.47,0.1061,0.04063,0.002825,0.00288,0.01602,0.008753,0.0,0.0,7.081E-4,5.928E-4,0.001249,0.995,3.08E-4,2.976E-4,3.904E-4,4.526E-5,0.001419,0.0,0.006872,0.005055,0.006015,0.004273,0.2038,0.01161,0.001242,5.979E-4,0.005915,9.784E-4,
0.0,1506.0,112.1,237.7,129.3,0.2663,3.893,0.1883,0.1765,0.9717,0.3761,0.0,343.7,0.1128,0.9841,0.09584,0.1654,0.3269,0.02473,0.1137,2.871,12.43,0.0,343.7,0.1128,0.9841,0.09584,0.1654,0.3269,0.02473,0.1137,2.871,12.43,0.0,0.0,0.0,0.0,0.0,0.0,0.0,0.0,0.0,0.0,0.0,0.0,17.83,405.1,119.1,24.23,772.7,193.9,3.149,4.345,34.14,7.68,0.0,84.27,4.685,16.46,57.46,14.41,0.6531,0.01611,0.01805,0.01321,0.05315,0.0,0.0,0.0,0.0,0.0,0.0,0.0,0.0,0.0,0.0,0.0,0.0,0.0,0.0,0.0,0.0,0.0,0.0,0.0,0.0,0.0,0.0,0.0,0.0,5.525E-4,0.0,21980.0,110200.0,99010.0,56170.0,2.084E7,27990.0,14400.0,16480.0,15620.0,38280.0,0.0,1.931E-36,1.3590000000000001E-36,7.36E-36,5.6420000000000006E-36,7.135E-37,1.506E-37,5.308E-39,6.641E-39,1.694E-38,3.3E-38,2.08E-35,0.0,0.4129,0.9117,2.69,1.454,0.1061,0.04043,0.002848,0.002905,0.016,0.00878,0.0,0.0,7.927E-4,6.635E-4,0.001398,0.9944,3.448E-4,3.331E-4,4.37E-4,5.067E-5,0.001588,0.0,0.006897,0.005008,0.006003,0.00431,0.2035,0.01147,0.001247,6.061E-4,0.005948,0.001007,
0.0,1506.0,108.5,234.5,133.1,0.3573,5.029,0.1997,0.1619,0.971,0.3836,0.0,343.7,0.1043,1.001,0.06758,0.1808,0.2239,0.03451,0.09085,4.624,10.79,0.0,343.7,0.1043,1.001,0.06758,0.1808,0.2239,0.03451,0.09085,4.624,10.79,0.0,0.0,0.0,0.0,0.0,0.0,0.0,0.0,0.0,0.0,0.0,0.0,17.83,389.7,119.3,23.8,780.3,193.6,3.374,4.439,34.42,8.417,0.0,84.27,3.002,11.92,62.39,16.68,1.298,0.05436,0.01834,0.01327,0.05326,0.0,0.0,0.0,0.0,0.0,0.0,0.0,0.0,0.0,0.0,0.0,0.0,0.0,0.0,0.0,0.0,0.0,0.0,0.0,0.0,0.0,0.0,0.0,0.0,5.527E-4,0.0,22050.0,103300.0,102000.0,56040.0,2.012E7,33740.0,14880.0,16110.0,15370.0,38390.0,0.0,1.931E-36,1.1980000000000001E-36,7.242000000000001E-36,5.669E-36,8.329E-37,2.089E-37,7.621E-39,6.609999999999999E-39,1.677E-38,3.316E-38,2.08E-35,0.0,0.4129,0.8622,2.657,1.468,0.1501,0.05887,0.003757,0.002688,0.01596,0.00889,0.0,0.0,8.279E-4,6.931E-4,0.00146,0.9941,3.601E-4,3.479E-4,4.565E-4,5.292E-5,0.001659,0.0,0.006978,0.004814,0.00613,0.004364,0.203,0.0112,0.001371,4.856E-4,0.005912,0.001055,
0.0,1506.0,105.2,235.6,137.2,0.0278,8.009,0.1821,0.1438,0.9692,0.3749,0.0,343.7,0.09822,1.011,0.07107,0.1681,0.209,0.03132,0.08445,1.978,13.46,0.0,343.7,0.09822,1.011,0.07107,0.1681,0.209,0.03132,0.08445,1.978,13.46,0.0,0.0,0.0,0.0,0.0,0.0,0.0,0.0,0.0,0.0,0.0,0.0,17.83,396.2,105.2,25.14,797.1,188.1,3.161,3.879,34.67,7.918,0.0,84.27,3.07,10.45,56.35,19.82,0.3554,0.08809,0.01829,0.01323,0.05318,0.0,0.0,0.0,0.0,0.0,0.0,0.0,0.0,0.0,0.0,0.0,0.0,0.0,0.0,0.0,0.0,0.0,0.0,0.0,0.0,0.0,0.0,0.0,0.0,5.278E-4,0.0,22090.0,110900.0,96320.0,55020.0,1.959E7,28020.0,15000.0,16010.0,15380.0,38200.0,0.0,1.931E-36,1.147E-36,7.393E-36,5.6090000000000005E-36,7.263E-37,1.991E-37,5.813E-39,6.657E-39,1.671E-38,3.309E-38,2.08E-35,0.0,0.4129,0.8347,2.72,1.447,0.1177,0.06709,0.003099,0.002591,0.01602,0.008791,0.0,0.0,8.498E-4,7.114E-4,0.001499,0.994,3.696E-4,3.571E-4,4.686E-4,5.432E-5,0.001703,0.0,0.006978,0.004875,0.005973,0.004404,0.203,0.01099,0.001342,4.666E-4,0.005941,0.001022,
0.0,1506.0,99.79,241.1,139.9,0.02252,5.836,0.1703,0.1327,0.9654,0.3739,0.0,343.7,0.1068,0.9718,0.1088,0.1622,0.2061,0.03194,0.1033,1.809,13.61,0.0,343.7,0.1068,0.9718,0.1088,0.1622,0.2061,0.03194,0.1033,1.809,13.61,0.0,0.0,0.0,0.0,0.0,0.0,0.0,0.0,0.0,0.0,0.0,0.0,17.83,399.5,105.4,25.92,800.1,185.6,3.85,4.473,35.16,8.263,0.0,84.27,3.408,9.9,55.72,19.48,0.3624,0.1006,0.01829,0.01323,0.05297,0.0,0.0,0.0,0.0,0.0,0.0,0.0,0.0,0.0,0.0,0.0,0.0,0.0,0.0,0.0,0.0,0.0,0.0,0.0,0.0,0.0,0.0,0.0,0.0,6.092E-4,0.0,22170.0,110900.0,91670.0,55450.0,1.967E7,26870.0,15410.0,16300.0,15450.0,38470.0,0.0,1.931E-36,1.147E-36,7.409E-36,5.6490000000000006E-36,6.845E-37,1.461E-37,5.595E-39,6.384E-39,1.649E-38,3.306E-38,2.08E-35,0.0,0.4129,0.8071,2.76,1.472,0.1026,0.0423,0.002983,0.002457,0.01597,0.008778,0.0,0.0,8.498E-4,7.114E-4,0.001499,0.994,3.696E-4,3.571E-4,4.686E-4,5.432E-5,0.001703,0.0,0.007046,0.004936,0.005913,0.004399,0.203,0.01072,0.001347,4.896E-4,0.005953,0.001027,
0.0,1506.0,92.05,248.4,141.6,0.02646,6.013,0.1714,0.1335,0.9602,0.375,0.0,343.7,0.1,1.015,0.07287,0.1627,0.206,0.03269,0.1165,1.259,14.15,0.0,343.7,0.1,1.015,0.07287,0.1627,0.206,0.03269,0.1165,1.259,14.15,0.0,0.0,0.0,0.0,0.0,0.0,0.0,0.0,0.0,0.0,0.0,0.0,17.83,402.4,105.5,26.0,801.2,185.7,3.906,4.53,34.78,8.314,0.0,84.27,3.421,9.825,51.72,19.47,2.525,0.1006,0.01829,0.01323,0.05281,0.0,0.0,0.0,0.0,0.0,0.0,0.0,0.0,0.0,0.0,0.0,0.0,0.0,0.0,0.0,0.0,0.0,0.0,0.0,0.0,0.0,0.0,0.0,0.0,5.162E-4,0.0,22230.0,111400.0,91220.0,56000.0,2.041E7,26910.0,16070.0,17000.0,15550.0,39790.0,0.0,1.931E-36,1.107E-36,7.425E-36,5.561E-36,6.845E-37,2.194E-37,5.593E-39,6.392E-39,1.621E-38,3.306E-38,2.08E-35,0.0,0.413,0.7484,2.815,1.464,0.1026,0.05224,0.003002,0.00247,0.01589,0.008796,0.0,0.0,8.498E-4,7.114E-4,0.001499,0.994,3.696E-4,3.571E-4,4.686E-4,5.432E-5,0.001703,0.0,0.007089,0.004917,0.005906,0.004406,0.2029,0.01066,0.001345,4.869E-4,0.005963,0.001027,
0.0,1506.0,90.9,245.6,148.1,0.05785,5.719,0.1714,0.1335,0.9606,0.3747,0.0,343.7,0.09963,1.016,0.07214,0.1627,0.206,0.0327,0.1141,1.495,13.91,0.0,343.7,0.09963,1.016,0.07214,0.1627,0.206,0.0327,0.1141,1.495,13.91,0.0,0.0,0.0,0.0,0.0,0.0,0.0,0.0,0.0,0.0,0.0,0.0,17.83,405.2,104.0,25.78,805.1,185.7,3.907,4.531,34.77,8.315,0.0,84.27,5.795,10.09,48.92,19.46,0.3587,0.1006,0.01829,0.01323,0.05269,0.0,0.0,0.0,0.0,0.0,0.0,0.0,0.0,0.0,0.0,0.0,0.0,0.0,0.0,0.0,0.0,0.0,0.0,0.0,0.0,0.0,0.0,0.0,0.0,4.582E-4,0.0,22260.0,113000.0,92650.0,57970.0,2.157E7,27410.0,17000.0,17990.0,15430.0,41820.0,0.0,1.931E-36,1.097E-36,7.374E-36,5.6550000000000006E-36,6.844E-37,1.4829999999999999E-37,5.5819999999999996E-39,6.388E-39,1.605E-38,3.304E-38,2.08E-35,0.0,0.413,0.7443,2.803,1.49,0.1027,0.04123,0.003002,0.00247,0.0159,0.008783,0.0,0.0,8.498E-4,7.114E-4,0.001499,0.994,3.696E-4,3.571E-4,4.686E-4,5.432E-5,0.001703,0.0,0.007089,0.004931,0.005865,0.004422,0.2029,0.01066,0.001349,4.841E-4,0.005971,0.001018,
0.0,1506.0,90.54,245.4,158.7,0.05095,6.238,0.1719,0.133,0.9624,0.373,0.0,343.7,0.1123,1.003,0.07342,0.1627,0.2043,0.03297,0.1132,2.007,13.4,0.0,343.7,0.1123,1.003,0.07342,0.1627,0.2043,0.03297,0.1132,2.007,13.4,0.0,0.0,0.0,0.0,0.0,0.0,0.0,0.0,0.0,0.0,0.0,0.0,17.83,407.0,103.7,26.28,801.3,185.6,3.876,4.496,34.77,8.31,0.0,84.27,4.642,10.32,38.42,19.47,0.402,0.1006,0.01829,0.01324,0.05261,0.0,0.0,0.0,0.0,0.0,0.0,0.0,0.0,0.0,0.0,0.0,0.0,0.0,0.0,0.0,0.0,0.0,0.0,0.0,0.0,0.0,0.0,0.0,0.0,4.221E-4,0.0,22370.0,115900.0,94770.0,60260.0,2.3E7,27590.0,18090.0,19160.0,15260.0,44300.0,0.0,1.931E-36,1.096E-36,7.322E-36,5.6550000000000006E-36,6.844E-37,1.6169999999999999E-37,5.574E-39,6.382E-39,1.584E-38,3.302E-38,2.08E-35,0.0,0.4131,0.7382,2.797,1.495,0.1027,0.04378,0.003011,0.002462,0.01593,0.008752,0.0,0.0,8.498E-4,7.114E-4,0.001499,0.994,3.696E-4,3.571E-4,4.686E-4,5.432E-5,0.001703,0.0,0.007222,0.004933,0.005847,0.004438,0.203,0.01053,0.001361,4.82E-4,0.005978,0.001001,
0.0,1509.0,96.21,235.5,166.2,0.02565,5.023,0.172,0.133,0.9626,0.3727,0.0,343.7,0.1132,0.9965,0.07745,0.1627,0.203,0.03296,0.1205,2.153,13.25,0.0,343.7,0.1132,0.9965,0.07745,0.1627,0.203,0.03296,0.1205,2.153,13.25,0.0,0.0,0.0,0.0,0.0,0.0,0.0,0.0,0.0,0.0,0.0,0.0,17.83,409.7,102.0,28.14,800.3,185.8,3.862,4.482,34.75,8.309,0.0,87.69,4.06,10.66,28.7,19.49,0.6212,0.1006,0.0183,0.01324,0.05256,0.0,0.0,0.0,0.0,0.0,0.0,0.0,0.0,0.0,0.0,0.0,0.0,0.0,0.0,0.0,0.0,0.0,0.0,0.0,0.0,0.0,0.0,0.0,0.0,3.998E-4,0.0,23590.0,119500.0,95950.0,62400.0,2.456E7,28330.0,19240.0,20410.0,15490.0,46850.0,0.0,2.265E-36,1.1110000000000001E-36,7.196E-36,5.4040000000000006E-36,6.844E-37,1.4739999999999999E-37,5.604E-39,6.389E-39,1.572E-38,3.295E-38,2.08E-35,0.0,0.4768,0.7736,2.722,1.475,0.1027,0.03811,0.003017,0.002464,0.01594,0.008737,0.0,0.0,8.498E-4,7.114E-4,0.001499,0.994,3.696E-4,3.571E-4,4.686E-4,5.432E-5,0.001703,0.0,0.007464,0.004925,0.005789,0.004359,0.2029,0.01043,0.001364,4.83E-4,0.005982,9.927E-4,
0.0,1499.0,108.3,237.6,164.0,0.04564,9.522,0.3361,0.2075,1.014,0.385,0.0,343.7,0.116,0.996,0.07479,0.1626,0.2037,0.03283,0.09992,2.246,13.18,0.0,343.7,0.116,0.996,0.07479,0.1626,0.2037,0.03283,0.09992,2.246,13.18,0.0,0.0,0.0,0.0,0.0,0.0,0.0,0.0,0.0,0.0,0.0,0.0,17.82,411.2,101.1,28.77,800.1,186.7,3.658,4.025,34.6,8.18,0.0,85.99,5.454,9.245,23.06,19.49,0.4093,0.1006,0.0183,0.01324,0.05166,0.0,0.0,0.0,0.0,0.0,0.0,0.0,0.0,0.0,0.0,0.0,0.0,0.0,0.0,0.0,0.0,0.0,0.0,0.0,0.0,0.0,0.0,0.0,0.0,3.888E-4,0.0,23630.0,123400.0,94350.0,64140.0,2.619E7,29020.0,20350.0,21600.0,15720.0,49210.0,0.0,1.972E-36,1.434E-36,7.145000000000001E-36,5.3190000000000004E-36,6.846E-37,2.048E-37,7.643E-39,7.238999999999999E-39,1.616E-38,3.306E-38,2.08E-35,0.0,0.4151,0.851,2.7,1.436,0.1029,0.07644,0.004361,0.003059,0.01635,0.008823,0.0,0.0,8.498E-4,7.114E-4,0.001499,0.994,3.696E-4,3.571E-4,4.686E-4,5.432E-5,0.001703,0.0,0.007457,0.004907,0.005792,0.00438,0.2026,0.01043,0.001372,4.712E-4,0.005983,9.827E-4,
0.0,1503.0,109.7,247.6,157.8,0.08814,5.141,0.1699,0.1548,0.9841,0.3893,0.0,343.7,0.1181,0.9907,0.0749,0.1623,0.203,0.03154,0.09791,2.471,12.96,0.0,343.7,0.1181,0.9907,0.0749,0.1623,0.203,0.03154,0.09791,2.471,12.96,0.0,0.0,0.0,0.0,0.0,0.0,0.0,0.0,0.0,0.0,0.0,0.0,17.82,410.5,102.2,28.35,799.6,186.9,3.221,4.155,35.02,8.327,0.0,85.99,3.591,8.333,20.05,19.49,0.3113,0.1006,0.0183,0.003148,0.04872,0.0,0.0,0.0,0.0,0.0,0.0,0.0,0.0,0.0,0.0,0.0,0.0,0.0,0.0,0.0,0.0,0.0,0.0,0.0,0.0,0.0,0.0,0.0,0.0,1.0E-4,0.0,23740.0,125800.0,92660.0,65630.0,2.783E7,28980.0,20800.0,22210.0,15240.0,52270.0,0.0,2.0160000000000002E-36,1.2430000000000001E-36,7.02E-36,5.3210000000000006E-36,6.848E-37,1.4419999999999999E-37,5.4459999999999995E-39,6.542E-39,1.547E-38,3.302E-38,2.08E-35,0.0,0.447,0.862,2.674,1.447,0.103,0.03889,0.002947,0.002602,0.01606,0.00882,0.0,0.0,8.498E-4,7.114E-4,0.001499,0.994,3.696E-4,3.571E-4,4.686E-4,5.432E-5,0.001703,0.0,0.007543,0.004904,0.005772,0.004346,0.2027,0.01037,0.00136,4.974E-4,0.005891,0.001065,
0.0,1503.0,108.3,238.6,150.3,0.08873,5.105,0.1205,0.1888,1.01,0.393,0.0,343.7,0.1162,0.9866,0.07711,0.1619,0.2232,0.008414,0.09685,2.094,13.34,0.0,343.7,0.1162,0.9866,0.07711,0.1619,0.2232,0.008414,0.09685,2.094,13.34,0.0,0.0,0.0,0.0,0.0,0.0,0.0,0.0,0.0,0.0,0.0,0.0,17.82,413.8,103.3,28.72,799.6,185.1,3.366,4.678,35.53,8.249,0.0,85.99,3.533,16.54,28.65,19.5,0.2791,0.1008,0.0185,0.003104,0.04833,0.0,0.0,0.0,0.0,0.0,0.0,0.0,0.0,0.0,0.0,0.0,0.0,0.0,0.0,0.0,0.0,0.0,0.0,0.0,0.0,0.0,0.0,0.0,0.0,5.046E-4,0.0,23800.0,124000.0,90360.0,67010.0,2.864E7,29380.0,19480.0,21860.0,15230.0,53460.0,0.0,2.0160000000000002E-36,1.1400000000000001E-36,7.05E-36,5.3260000000000005E-36,6.849E-37,1.4109999999999999E-37,5.433E-39,6.988999999999999E-39,1.559E-38,3.306E-38,2.08E-35,0.0,0.447,0.8358,2.683,1.456,0.1031,0.03864,0.002206,0.002887,0.0163,0.008826,0.0,0.0,8.498E-4,7.114E-4,0.001499,0.994,3.696E-4,3.571E-4,4.686E-4,5.432E-5,0.001703,0.0,0.007551,0.004898,0.005781,0.004364,0.2023,0.01118,4.705E-4,5.134E-4,0.005926,0.001048,
0.0,1503.0,108.3,237.8,153.0,0.08239,5.102,0.1205,0.1888,1.01,0.3933,0.0,343.7,0.1184,0.9728,0.08127,0.1619,0.2222,0.008415,0.09805,1.738,13.69,0.0,343.7,0.1184,0.9728,0.08127,0.1619,0.2222,0.008415,0.09805,1.738,13.69,0.0,0.0,0.0,0.0,0.0,0.0,0.0,0.0,0.0,0.0,0.0,0.0,17.82,415.2,103.8,30.8,794.7,185.1,3.365,4.676,35.52,8.241,0.0,85.99,3.537,14.27,27.61,19.51,0.2671,0.1008,0.01851,0.003085,0.04815,0.0,0.0,0.0,0.0,0.0,0.0,0.0,0.0,0.0,0.0,0.0,0.0,0.0,0.0,0.0,0.0,0.0,0.0,0.0,0.0,0.0,0.0,0.0,0.0,1.0E-4,0.0,23870.0,119400.0,87010.0,63380.0,2.68E7,28160.0,18510.0,20640.0,15090.0,50240.0,0.0,2.0160000000000002E-36,1.134E-36,6.823000000000001E-36,5.458E-36,6.849E-37,1.397E-37,5.4299999999999997E-39,6.986E-39,1.548E-38,3.305E-38,2.08E-35,0.0,0.447,0.8354,2.644,1.482,0.1031,0.03859,0.002206,0.002887,0.0163,0.008827,0.0,0.0,8.498E-4,7.114E-4,0.001499,0.994,3.696E-4,3.571E-4,4.686E-4,5.432E-5,0.001703,0.0,0.007634,0.004894,0.005708,0.004466,0.2024,0.01105,4.726E-4,5.165E-4,0.00594,0.001041,
0.0,1510.0,103.1,237.1,154.2,0.08788,5.103,0.1206,0.1888,1.01,0.3933,0.0,343.7,0.1105,0.9487,0.1093,0.1619,0.2219,0.008416,0.09792,1.688,13.74,0.0,343.7,0.1105,0.9487,0.1093,0.1619,0.2219,0.008416,0.09792,1.688,13.74,0.0,0.0,0.0,0.0,0.0,0.0,0.0,0.0,0.0,0.0,0.0,0.0,17.82,418.4,106.5,28.89,788.7,185.1,3.364,4.674,35.52,8.233,0.0,89.66,3.571,12.59,22.85,19.5,0.2619,0.1008,0.01852,0.003084,0.04808,0.0,0.0,0.0,0.0,0.0,0.0,0.0,0.0,0.0,0.0,0.0,0.0,0.0,0.0,0.0,0.0,0.0,0.0,0.0,0.0,0.0,0.0,0.0,0.0,6.853E-4,0.0,24490.0,117700.0,85770.0,61750.0,2.631E7,27600.0,18270.0,20410.0,15070.0,49390.0,0.0,2.1670000000000002E-36,1.083E-36,6.597E-36,5.5140000000000006E-36,6.848E-37,1.383E-37,5.4269999999999995E-39,6.983E-39,1.533E-38,3.304E-38,2.08E-35,0.0,0.5195,0.7929,2.61,1.48,0.1031,0.03855,0.002206,0.002887,0.0163,0.008827,0.0,0.0,8.498E-4,7.114E-4,0.001499,0.994,3.696E-4,3.571E-4,4.686E-4,5.432E-5,0.001703,0.0,0.007803,0.004895,0.005675,0.004389,0.2022,0.01099,4.727E-4,5.164E-4,0.00594,0.001038,
0.0,1517.0,100.0,239.3,149.2,0.08889,5.103,0.1219,0.1895,1.003,0.3939,0.0,343.7,0.1065,0.9766,0.07987,0.1622,0.2209,0.008666,0.1072,1.914,13.5,0.0,343.7,0.1065,0.9766,0.07987,0.1622,0.2209,0.008666,0.1072,1.914,13.5,0.0,0.0,0.0,0.0,0.0,0.0,0.0,0.0,0.0,0.0,0.0,0.0,17.82,419.5,107.4,28.94,777.9,185.1,3.453,4.718,35.01,8.282,0.0,89.66,3.633,11.58,21.59,19.52,0.2594,0.1008,0.01855,0.003097,0.04805,0.0,0.0,0.0,0.0,0.0,0.0,0.0,0.0,0.0,0.0,0.0,0.0,0.0,0.0,0.0,0.0,0.0,0.0,0.0,0.0,0.0,0.0,0.0,0.0,5.622E-4,0.0,24670.0,118800.0,86640.0,62300.0,2.673E7,27850.0,18620.0,20810.0,15250.0,50110.0,0.0,2.3830000000000002E-36,1.011E-36,6.577000000000001E-36,5.3530000000000006E-36,6.851E-37,1.3699999999999999E-37,5.44E-39,6.988999999999999E-39,1.515E-38,3.303E-38,2.08E-35,0.0,0.5864,0.7704,2.616,1.425,0.1033,0.03852,0.002229,0.0029,0.0162,0.008835,0.0,0.0,8.498E-4,7.114E-4,0.001499,0.994,3.696E-4,3.571E-4,4.686E-4,5.432E-5,0.001703,0.0,0.00793,0.004885,0.005671,0.004333,0.2023,0.01092,4.702E-4,5.095E-4,0.005956,0.001034,
0.0,1520.0,107.1,234.2,147.8,0.08869,5.644,0.1271,0.1849,1.003,0.3951,0.0,343.7,0.1359,0.9442,0.08086,0.1622,0.2201,0.01065,0.1056,1.832,13.59,0.0,343.7,0.1359,0.9442,0.08086,0.1622,0.2201,0.01065,0.1056,1.832,13.59,0.0,0.0,0.0,0.0,0.0,0.0,0.0,0.0,0.0,0.0,0.0,0.0,17.82,416.1,112.0,29.56,774.0,185.3,3.451,4.716,35.01,8.275,0.0,89.66,3.446,8.382,20.33,19.52,0.2586,0.1008,0.01859,0.003123,0.04805,0.0,0.0,0.0,0.0,0.0,0.0,0.0,0.0,0.0,0.0,0.0,0.0,0.0,0.0,0.0,0.0,0.0,0.0,0.0,0.0,0.0,0.0,0.0,0.0,4.878E-4,0.0,24740.0,119800.0,88840.0,64360.0,2.766E7,28710.0,19410.0,21540.0,15380.0,51850.0,0.0,2.4030000000000003E-36,1.1850000000000001E-36,6.351E-36,5.3250000000000004E-36,6.852E-37,1.5E-37,5.442E-39,6.985E-39,1.499E-38,3.304E-38,2.08E-35,0.0,0.6095,0.8345,2.539,1.403,0.1033,0.04397,0.002299,0.002832,0.01619,0.008841,0.0,0.0,8.498E-4,7.114E-4,0.001499,0.994,3.696E-4,3.571E-4,4.686E-4,5.432E-5,0.001703,0.0,0.007953,0.00479,0.005737,0.004362,0.2022,0.01089,5.426E-4,4.412E-4,0.005954,0.001045,
0.0,1525.0,97.85,248.5,141.1,0.03739,8.948,0.1243,0.1848,1.005,0.3929,0.0,343.7,0.1284,0.9472,0.08015,0.1619,0.2212,0.01072,0.1054,2.121,13.3,0.0,343.7,0.1284,0.9472,0.08015,0.1619,0.2212,0.01072,0.1054,2.121,13.3,0.0,0.0,0.0,0.0,0.0,0.0,0.0,0.0,0.0,0.0,0.0,0.0,17.82,418.4,114.4,27.5,776.2,185.3,3.46,4.725,35.01,8.276,0.0,89.66,3.47,9.41,11.77,19.46,0.4356,0.1007,0.01849,0.003137,0.04803,0.0,0.0,0.0,0.0,0.0,0.0,0.0,0.0,0.0,0.0,0.0,0.0,0.0,0.0,0.0,0.0,0.0,0.0,0.0,0.0,0.0,0.0,0.0,0.0,4.404E-4,0.0,24990.0,121800.0,91570.0,66520.0,2.896E7,29560.0,20270.0,22510.0,15760.0,53800.0,0.0,2.5890000000000002E-36,1.133E-36,6.362E-36,4.9850000000000005E-36,6.845E-37,2.9889999999999998E-37,5.443E-39,6.985E-39,1.484E-38,3.302E-38,2.08E-35,0.0,0.6539,0.7745,2.595,1.324,0.103,0.0749,0.002299,0.002831,0.01619,0.008847,0.0,0.0,8.498E-4,7.114E-4,0.001499,0.994,3.696E-4,3.571E-4,4.686E-4,5.432E-5,0.001703,0.0,0.008129,0.004777,0.005815,0.004227,0.2022,0.01078,5.401E-4,4.446E-4,0.00598,0.001013,
0.0,1525.0,96.91,231.6,141.5,0.05807,6.88,0.1242,0.185,1.005,0.3928,0.0,343.7,0.1069,0.9434,0.07903,0.181,0.2214,0.01054,0.1344,2.102,13.29,0.0,343.7,0.1069,0.9434,0.07903,0.181,0.2214,0.01054,0.1344,2.102,13.29,0.0,0.0,0.0,0.0,0.0,0.0,0.0,0.0,0.0,0.0,0.0,0.0,17.82,419.7,123.1,26.05,765.6,187.2,2.492,4.098,34.9,8.17,0.0,89.66,5.179,12.98,21.02,23.45,0.3637,0.0587,0.04466,0.007709,0.05213,0.0,0.0,0.0,0.0,0.0,0.0,0.0,0.0,0.0,0.0,0.0,0.0,0.0,0.0,0.0,0.0,0.0,0.0,0.0,0.0,0.0,0.0,0.0,0.0,1.0E-4,0.0,25070.0,125600.0,144700.0,67400.0,3.029E7,41790.0,17080.0,18510.0,15050.0,55350.0,0.0,2.5890000000000002E-36,1.08E-36,6.228E-36,5.084E-36,7.911E-37,1.933E-37,5.5359999999999995E-39,7.359E-39,1.479E-38,3.307E-38,2.08E-35,0.0,0.654,0.7596,2.522,1.356,0.1654,0.05963,0.002448,0.00303,0.01622,0.008877,0.0,0.0,8.498E-4,7.114E-4,0.001499,0.994,3.696E-4,3.571E-4,4.686E-4,5.432E-5,0.001703,0.0,0.008138,0.004804,0.006602,0.004216,0.2013,0.01092,4.772E-4,3.631E-4,0.005973,9.972E-4,
0.0,1525.0,97.32,226.9,149.5,0.05003,6.885,0.1307,0.1872,1.009,0.3878,0.0,343.7,0.1058,0.9628,0.0844,0.1549,0.2213,0.01031,0.1344,3.09,12.3,0.0,343.7,0.1058,0.9628,0.0844,0.1549,0.2213,0.01031,0.1344,3.09,12.3,0.0,0.0,0.0,0.0,0.0,0.0,0.0,0.0,0.0,0.0,0.0,0.0,17.82,419.0,117.0,26.29,777.2,185.0,2.606,4.181,34.88,8.187,0.0,89.66,4.697,10.53,19.1,24.1,0.2496,0.06312,0.04804,0.008364,0.05263,0.0,0.0,0.0,0.0,0.0,0.0,0.0,0.0,0.0,0.0,0.0,0.0,0.0,0.0,0.0,0.0,0.0,0.0,0.0,0.0,0.0,0.0,0.0,0.0,1.0E-4,0.0,25130.0,127200.0,99330.0,68380.0,3.178E7,30270.0,17550.0,19180.0,15160.0,57490.0,0.0,2.5890000000000002E-36,1.0770000000000001E-36,6.26E-36,5.116E-36,6.843E-37,1.902E-37,5.0139999999999995E-39,6.971999999999999E-39,1.458E-38,3.297E-38,2.08E-35,0.0,0.654,0.7523,2.535,1.4,0.1095,0.05864,0.002175,0.002838,0.01623,0.008783,0.0,0.0,8.498E-4,7.114E-4,0.001499,0.994,3.696E-4,3.571E-4,4.686E-4,5.432E-5,0.001703,0.0,0.008138,0.004741,0.005919,0.004248,0.2023,0.01072,5.002E-4,3.766E-4,0.006002,9.636E-4,
0.0,1533.0,99.61,230.5,138.0,0.04211,5.102,0.1291,0.186,1.018,0.3844,0.0,343.7,0.1054,0.967,0.07802,0.1552,0.2192,0.01019,0.1344,2.026,13.36,0.0,343.7,0.1054,0.967,0.07802,0.1552,0.2192,0.01019,0.1344,2.026,13.36,0.0,0.0,0.0,0.0,0.0,0.0,0.0,0.0,0.0,0.0,0.0,0.0,17.82,419.3,117.1,28.36,774.2,185.4,2.865,4.38,35.49,8.156,0.0,89.66,4.734,10.02,15.34,24.52,0.5544,0.08006,0.06067,0.01065,0.05463,0.0,0.0,0.0,0.0,0.0,0.0,0.0,0.0,0.0,0.0,0.0,0.0,0.0,0.0,0.0,0.0,0.0,0.0,0.0,0.0,0.0,0.0,0.0,0.0,3.843E-4,0.0,25330.0,129100.0,99440.0,72430.0,3.333E7,32580.0,19540.0,20960.0,15550.0,60020.0,0.0,2.822E-36,1.089E-36,6.089000000000001E-36,4.987E-36,6.917E-37,1.4939999999999999E-37,5.0339999999999997E-39,6.988999999999999E-39,1.449E-38,3.295E-38,2.08E-35,0.0,0.7283,0.7637,2.507,1.329,0.1145,0.04853,0.00217,0.002836,0.01634,0.008782,0.0,0.0,8.498E-4,7.114E-4,0.001499,0.994,3.696E-4,3.571E-4,4.686E-4,5.432E-5,0.001703,0.0,0.008287,0.00474,0.00591,0.004235,0.202,0.01068,5.298E-4,3.928E-4,0.006022,9.49E-4,
0.0,1528.0,105.2,231.0,144.4,0.03537,5.373,0.1286,0.186,1.019,0.3842,0.0,343.7,0.1027,0.9634,0.08372,0.1556,0.2181,0.01002,0.1309,1.742,13.65,0.0,343.7,0.1027,0.9634,0.08372,0.1556,0.2181,0.01002,0.1309,1.742,13.65,0.0,0.0,0.0,0.0,0.0,0.0,0.0,0.0,0.0,0.0,0.0,0.0,17.81,420.9,117.5,28.96,767.5,186.0,3.65,4.956,35.59,8.241,0.0,88.61,4.354,7.344,11.69,24.35,0.5796,0.1154,0.08655,0.01506,0.05873,0.0,0.0,0.0,0.0,0.0,0.0,0.0,0.0,0.0,0.0,0.0,0.0,0.0,0.0,0.0,0.0,0.0,0.0,0.0,0.0,0.0,0.0,0.0,0.0,9.439E-4,0.0,25560.0,122800.0,102200.0,70480.0,3.095E7,33430.0,21580.0,22000.0,15920.0,56220.0,0.0,2.622E-36,1.078E-36,6.021E-36,5.001E-36,6.915999999999999E-37,1.547E-37,5.1149999999999997E-39,7.096999999999999E-39,1.433E-38,3.291E-38,2.08E-35,0.0,0.6857,0.8096,2.48,1.345,0.1144,0.05166,0.002207,0.002877,0.01636,0.008768,0.0,0.0,8.498E-4,7.114E-4,0.001499,0.994,3.696E-4,3.571E-4,4.686E-4,5.432E-5,0.001703,0.0,0.008407,0.004706,0.005976,0.004281,0.2018,0.01061,5.857E-4,4.419E-4,0.006032,9.48E-4,
0.0,1511.0,125.4,230.1,148.0,0.03042,6.382,0.1318,0.1823,0.9938,0.4532,0.0,343.7,0.1051,0.9632,0.08666,0.1545,0.4236,0.01069,0.1106,2.98,12.22,0.0,343.7,0.1051,0.9632,0.08666,0.1545,0.4236,0.01069,0.1106,2.98,12.22,0.0,0.0,0.0,0.0,0.0,0.0,0.0,0.0,0.0,0.0,0.0,0.0,17.78,419.5,114.6,29.97,766.5,194.5,3.504,3.601,29.51,11.72,0.0,85.58,4.555,5.219,9.721,24.33,0.5784,0.1153,0.0865,0.01501,0.05871,0.0,0.0,0.0,0.0,0.0,0.0,0.0,0.0,0.0,0.0,0.0,0.0,0.0,0.0,0.0,0.0,0.0,0.0,0.0,0.0,0.0,0.0,0.0,0.0,1.0E-4,0.0,25590.0,121200.0,94440.0,68290.0,2.948E7,32270.0,20660.0,21010.0,16160.0,53410.0,0.0,2.0650000000000003E-36,1.3430000000000001E-36,5.9060000000000006E-36,5.053E-36,6.8779999999999994E-37,1.447E-37,5.048E-39,6.78E-39,1.293E-38,3.3109999999999997E-38,2.08E-35,0.0,0.5443,0.9616,2.454,1.348,0.1124,0.06547,0.002254,0.002855,0.01616,0.009618,0.0,0.0,8.498E-4,7.114E-4,0.001499,0.994,3.696E-4,3.571E-4,4.686E-4,5.432E-5,0.001703,0.0,0.008425,0.004734,0.005872,0.004272,0.2018,0.01066,5.836E-4,4.226E-4,0.006046,9.66E-4,
0.0,1512.0,125.5,232.5,146.0,0.1891,5.246,0.1274,0.1796,0.982,0.3645,0.0,343.7,0.09705,0.9648,0.07724,0.1583,0.1239,0.01185,0.02205,3.28,12.32,0.0,343.7,0.09705,0.9648,0.07724,0.1583,0.1239,0.01185,0.02205,3.28,12.32,0.0,0.0,0.0,0.0,0.0,0.0,0.0,0.0,0.0,0.0,0.0,0.0,17.78,421.3,113.7,26.48,771.4,205.9,3.579,3.71,29.21,4.01,0.0,85.58,4.109,5.129,8.771,24.3,0.5799,0.1169,0.08768,0.01524,0.05889,0.0,0.0,0.0,0.0,0.0,0.0,0.0,0.0,0.0,0.0,0.0,0.0,0.0,0.0,0.0,0.0,0.0,0.0,0.0,0.0,0.0,0.0,0.0,0.0,6.555E-4,0.0,25650.0,125200.0,98500.0,68770.0,2.918E7,31880.0,20500.0,20830.0,16180.0,52890.0,0.0,2.078E-36,1.273E-36,5.844E-36,5.0570000000000006E-36,6.957E-37,1.283E-37,4.9889999999999997E-39,6.744E-39,1.261E-38,3.186E-38,2.08E-35,0.0,0.5586,0.9595,2.439,1.357,0.1144,0.05215,0.002203,0.002831,0.01597,0.00862,0.0,0.0,8.498E-4,7.114E-4,0.001499,0.994,3.696E-4,3.571E-4,4.686E-4,5.432E-5,0.001703,0.0,0.00848,0.004725,0.005809,0.004225,0.2015,0.01074,5.845E-4,4.247E-4,0.006026,8.964E-4,
0.0,1514.0,106.5,250.5,146.5,0.02576,5.044,0.1299,0.1813,0.9845,0.3618,0.0,343.7,0.09967,0.9395,0.09791,0.1557,0.1209,0.009588,0.01719,1.117,14.49,0.0,343.7,0.09967,0.9395,0.09791,0.1557,0.1209,0.009588,0.01719,1.117,14.49,0.0,0.0,0.0,0.0,0.0,0.0,0.0,0.0,0.0,0.0,0.0,0.0,17.78,425.4,114.7,27.22,772.6,202.6,4.007,4.05,29.49,4.338,0.0,85.58,3.993,5.284,7.383,24.43,0.5813,0.1169,0.0878,0.01532,0.05894,0.0,0.0,0.0,0.0,0.0,0.0,0.0,0.0,0.0,0.0,0.0,0.0,0.0,0.0,0.0,0.0,0.0,0.0,0.0,0.0,0.0,0.0,0.0,0.0,1.0E-4,0.0,25690.0,127100.0,97390.0,69950.0,2.942E7,31550.0,20260.0,20730.0,16310.0,53590.0,0.0,2.091E-36,1.25E-36,5.748E-36,5.1210000000000006E-36,6.944E-37,1.1859999999999999E-37,5.018E-39,6.761E-39,1.254E-38,3.181E-38,2.08E-35,0.0,0.573,0.8391,2.533,1.367,0.1141,0.05089,0.002239,0.002856,0.01601,0.008563,0.0,0.0,8.548E-4,7.156E-4,0.001508,0.994,3.718E-4,3.592E-4,4.713E-4,5.464E-5,0.001713,0.0,0.008505,0.004708,0.005781,0.00428,0.2,0.01068,5.859E-4,4.218E-4,0.006087,8.587E-4,
0.0,1519.0,110.3,246.2,139.6,0.7162,6.897,0.1347,0.1852,0.9882,0.3704,0.0,343.7,0.1139,0.9256,0.09169,0.1572,0.1225,0.009918,0.01749,1.117,14.49,0.0,343.7,0.1139,0.9256,0.09169,0.1572,0.1225,0.009918,0.01749,1.117,14.49,0.0,0.0,0.0,0.0,0.0,0.0,0.0,0.0,0.0,0.0,0.0,0.0,17.78,424.3,119.6,27.93,767.0,192.6,5.125,5.006,30.4,6.345,0.0,85.58,4.745,4.41,6.736,24.22,0.9753,0.117,0.088,0.01545,0.05898,0.0,0.0,0.0,0.0,0.0,0.0,0.0,0.0,0.0,0.0,0.0,0.0,0.0,0.0,0.0,0.0,0.0,0.0,0.0,0.0,0.0,0.0,0.0,0.0,1.0E-4,0.0,25840.0,124800.0,100200.0,66200.0,2.722E7,33270.0,19430.0,19680.0,16120.0,49910.0,0.0,2.223E-36,1.352E-36,5.6280000000000004E-36,4.8370000000000005E-36,7.058E-37,2.231E-37,5.081E-39,6.812E-39,1.246E-38,3.191E-38,2.08E-35,0.0,0.615,0.8939,2.469,1.302,0.1202,0.07609,0.002295,0.002904,0.01605,0.008664,0.0,0.0,8.548E-4,7.156E-4,0.001508,0.994,3.718E-4,3.592E-4,4.713E-4,5.464E-5,0.001713,0.0,0.008576,0.004718,0.005848,0.004214,0.1998,0.01052,5.956E-4,4.303E-4,0.006097,8.796E-4,
0.0,1525.0,105.2,235.3,143.4,0.01798,4.317,0.1188,0.1266,0.9504,0.3611,0.0,343.7,0.1428,0.9186,0.07877,0.1519,0.1185,0.009572,0.0169,1.181,14.43,0.0,343.7,0.1428,0.9186,0.07877,0.1519,0.1185,0.009572,0.0169,1.181,14.43,0.0,0.0,0.0,0.0,0.0,0.0,0.0,0.0,0.0,0.0,0.0,0.0,17.78,429.1,116.4,27.6,766.6,194.1,4.839,4.235,30.25,6.223,0.0,85.58,5.491,7.865,12.89,23.44,0.3007,0.1168,0.08741,0.01505,0.05887,0.0,0.0,0.0,0.0,0.0,0.0,0.0,0.0,0.0,0.0,0.0,0.0,0.0,0.0,0.0,0.0,0.0,0.0,0.0,0.0,0.0,0.0,0.0,0.0,7.089E-4,0.0,25980.0,129900.0,94770.0,64550.0,2.655E7,33130.0,19510.0,19550.0,16050.0,48760.0,0.0,2.304E-36,1.2930000000000001E-36,5.573E-36,4.975E-36,6.742E-37,1.041E-37,4.874E-39,6.015E-39,1.182E-38,3.178E-38,2.08E-35,0.0,0.6566,0.8589,2.455,1.361,0.1015,0.04132,0.002153,0.002409,0.01575,0.008597,0.0,0.0,8.548E-4,7.156E-4,0.001508,0.994,3.718E-4,3.592E-4,4.713E-4,5.464E-5,0.001713,0.0,0.008626,0.004827,0.00567,0.004132,0.1999,0.01052,5.86E-4,4.121E-4,0.006055,8.841E-4,
0.0,1529.0,106.0,233.5,141.9,0.0397,4.929,0.1259,0.1453,1.004,0.3779,0.0,343.7,0.1116,0.9458,0.08433,0.1526,0.1828,0.009888,0.01764,1.468,14.08,0.0,343.7,0.1116,0.9458,0.08433,0.1526,0.1828,0.009888,0.01764,1.468,14.08,0.0,0.0,0.0,0.0,0.0,0.0,0.0,0.0,0.0,0.0,0.0,0.0,17.78,428.6,120.2,27.73,757.8,191.1,4.977,4.87,30.74,6.328,0.0,85.58,8.148,4.573,10.62,23.32,0.3018,0.1158,0.08708,0.01541,0.05888,0.0,0.0,0.0,0.0,0.0,0.0,0.0,0.0,0.0,0.0,0.0,0.0,0.0,0.0,0.0,0.0,0.0,0.0,0.0,0.0,0.0,0.0,0.0,0.0,1.0E-4,0.0,26100.0,131200.0,94700.0,64710.0,2.68E7,32620.0,20010.0,20020.0,16250.0,49100.0,0.0,2.387E-36,1.241E-36,5.579E-36,4.897E-36,6.743E-37,9.379E-38,4.9689999999999995E-39,6.272E-39,1.238E-38,3.202E-38,2.08E-35,0.0,0.693,0.8282,2.477,1.319,0.1015,0.0509,0.002224,0.002582,0.01635,0.008783,0.0,0.0,8.548E-4,7.156E-4,0.001508,0.994,3.718E-4,3.592E-4,4.713E-4,5.464E-5,0.001713,0.0,0.008646,0.004796,0.005704,0.004119,0.1998,0.01037,5.89E-4,4.302E-4,0.006109,8.968E-4,
0.0,1529.0,106.2,235.8,142.8,0.03722,3.689,0.1222,0.1424,0.9572,0.3644,0.0,343.7,0.1214,0.9273,0.09116,0.1527,0.1854,0.0101,0.01919,1.111,14.43,0.0,343.7,0.1214,0.9273,0.09116,0.1527,0.1854,0.0101,0.01919,1.111,14.43,0.0,0.0,0.0,0.0,0.0,0.0,0.0,0.0,0.0,0.0,0.0,0.0,17.78,424.7,126.5,28.17,754.0,191.1,4.952,5.036,30.55,6.322,0.0,85.58,6.499,4.636,9.652,23.3,0.323,0.1164,0.08945,0.01684,0.05924,0.0,0.0,0.0,0.0,0.0,0.0,0.0,0.0,0.0,0.0,0.0,0.0,0.0,0.0,0.0,0.0,0.0,0.0,0.0,0.0,0.0,0.0,0.0,0.0,1.0E-4,0.0,26180.0,133900.0,92830.0,65720.0,2.764E7,32970.0,20950.0,20970.0,16360.0,50270.0,0.0,2.387E-36,1.2900000000000002E-36,5.6100000000000006E-36,4.788E-36,6.743E-37,7.665E-38,4.9249999999999996E-39,6.258E-39,1.169E-38,3.183E-38,2.08E-35,0.0,0.6931,0.8359,2.47,1.329,0.1015,0.03664,0.002187,0.002587,0.01579,0.008638,0.0,0.0,8.548E-4,7.156E-4,0.001508,0.994,3.718E-4,3.592E-4,4.713E-4,5.464E-5,0.001713,0.0,0.008722,0.004813,0.00574,0.004047,0.1998,0.01032,5.896E-4,4.505E-4,0.00607,9.024E-4,
0.0,1530.0,104.1,235.8,143.2,0.03028,3.631,0.121,0.1352,0.9566,0.363,0.0,343.7,0.114,0.9381,0.08578,0.1538,0.1853,0.01011,0.0184,1.324,14.22,0.0,343.7,0.114,0.9381,0.08578,0.1538,0.1853,0.01011,0.0184,1.324,14.22,0.0,0.0,0.0,0.0,0.0,0.0,0.0,0.0,0.0,0.0,0.0,0.0,17.78,430.8,125.0,28.73,754.9,191.1,4.953,4.852,30.74,6.322,0.0,92.26,2.221,8.551,2.68,24.45,0.3816,0.1176,0.09442,0.02016,0.06012,0.0,0.0,0.0,0.0,0.0,0.0,0.0,0.0,0.0,0.0,0.0,0.0,0.0,0.0,0.0,0.0,0.0,0.0,0.0,0.0,0.0,0.0,0.0,0.0,4.465E-4,0.0,26790.0,138100.0,99470.0,67230.0,2.884E7,33890.0,22080.0,21990.0,16620.0,52180.0,0.0,2.4470000000000002E-36,1.25E-36,5.5840000000000005E-36,4.745E-36,6.856E-37,7.592E-38,4.9239999999999995E-39,6.234999999999999E-39,1.155E-38,3.181E-38,2.08E-35,0.0,0.7297,0.8167,2.476,1.301,0.1048,0.03664,0.002187,0.002551,0.01584,0.008629,0.0,0.0,8.548E-4,7.156E-4,0.001508,0.994,3.718E-4,3.592E-4,4.713E-4,5.464E-5,0.001713,0.0,0.008761,0.004829,0.005743,0.00401,0.1998,0.01032,5.898E-4,4.276E-4,0.006098,8.982E-4,
0.0,1535.0,105.4,230.8,140.8,0.02195,3.561,0.1204,0.1315,0.9472,0.3623,0.0,343.7,0.1145,0.9228,0.09094,0.155,0.1854,0.01042,0.01938,1.422,14.12,0.0,343.7,0.1145,0.9228,0.09094,0.155,0.1854,0.01042,0.01938,1.422,14.12,0.0,0.0,0.0,0.0,0.0,0.0,0.0,0.0,0.0,0.0,0.0,0.0,17.78,433.5,129.7,28.78,743.6,191.2,5.019,4.912,30.39,6.343,0.0,92.26,2.176,8.721,1.44,24.62,0.452,0.1191,0.1003,0.02409,0.06116,0.0,0.0,0.0,0.0,0.0,0.0,0.0,0.0,0.0,0.0,0.0,0.0,0.0,0.0,0.0,0.0,0.0,0.0,0.0,0.0,0.0,0.0,0.0,0.0,1.0E-4,0.0,26880.0,140900.0,103500.0,70060.0,3.025E7,35190.0,23300.0,23220.0,16910.0,54540.0,0.0,2.529E-36,1.252E-36,5.4920000000000003E-36,4.661E-36,6.969E-37,7.52E-38,4.929E-39,6.243E-39,1.139E-38,3.179E-38,2.08E-35,0.0,0.7661,0.8249,2.434,1.271,0.1082,0.03665,0.002201,0.002588,0.01575,0.008631,0.0,0.0,8.548E-4,7.156E-4,0.001508,0.994,3.718E-4,3.592E-4,4.713E-4,5.464E-5,0.001713,0.0,0.00878,0.004824,0.005775,0.004001,0.1997,0.01031,5.877E-4,4.328E-4,0.006105,8.933E-4,
0.0,1527.0,112.4,234.2,140.2,0.01594,3.505,0.1197,0.1267,0.9464,0.3594,0.0,343.7,0.111,0.9326,0.08203,0.1547,0.1838,0.01066,0.01944,1.15,14.39,0.0,343.7,0.111,0.9326,0.08203,0.1547,0.1838,0.01066,0.01944,1.15,14.39,0.0,0.0,0.0,0.0,0.0,0.0,0.0,0.0,0.0,0.0,0.0,0.0,17.76,435.3,133.2,28.9,743.1,191.2,5.018,4.91,30.39,6.336,0.0,90.89,2.174,7.676,1.042,24.53,0.505,0.1202,0.1047,0.02704,0.06194,0.0,0.0,0.0,0.0,0.0,0.0,0.0,0.0,0.0,0.0,0.0,0.0,0.0,0.0,0.0,0.0,0.0,0.0,0.0,0.0,0.0,0.0,0.0,0.0,4.011E-4,0.0,26960.0,144300.0,104800.0,73160.0,3.18E7,36730.0,24620.0,24520.0,17310.0,57110.0,0.0,2.279E-36,1.252E-36,5.466E-36,4.655E-36,6.956E-37,7.444E-38,4.931E-39,6.234999999999999E-39,1.128E-38,3.178E-38,2.08E-35,0.0,0.6902,0.8863,2.44,1.273,0.1078,0.03662,0.002208,0.002581,0.01578,0.008599,0.0,0.0,8.548E-4,7.156E-4,0.001508,0.994,3.718E-4,3.592E-4,4.713E-4,5.464E-5,0.001713,0.0,0.00882,0.00483,0.005782,0.004005,0.1998,0.01026,5.907E-4,4.318E-4,0.006117,8.895E-4,
0.0,1527.0,107.7,232.9,124.4,0.01166,4.074,0.1175,0.1239,0.9411,1.151,0.0,343.7,0.1032,0.9375,0.07986,0.1561,0.1763,0.01708,0.01245,0.7098,14.84,0.0,343.7,0.1032,0.9375,0.07986,0.1561,0.1763,0.01708,0.01245,0.7098,14.84,0.0,0.0,0.0,0.0,0.0,0.0,0.0,0.0,0.0,0.0,0.0,0.0,17.76,435.9,128.6,32.71,740.4,200.2,3.857,3.992,29.37,4.254,0.0,90.89,2.318,12.41,14.95,25.67,0.5355,0.1208,0.1072,0.02873,0.06239,0.0,0.0,0.0,0.0,0.0,0.0,0.0,0.0,0.0,0.0,0.0,0.0,0.0,0.0,0.0,0.0,0.0,0.0,0.0,0.0,0.0,0.0,0.0,0.0,1.0E-4,0.0,27020.0,146700.0,103800.0,77190.0,3.327E7,37040.0,24300.0,24650.0,17220.0,59780.0,0.0,2.279E-36,1.2510000000000001E-36,5.5140000000000006E-36,4.5080000000000004E-36,6.9619999999999995E-37,1.1959999999999999E-37,5.1229999999999996E-39,6.406E-39,1.13E-38,3.417E-38,2.08E-35,0.0,0.6902,0.8475,2.47,1.267,0.1128,0.03912,0.002164,0.002562,0.01571,0.01426,0.0,0.0,8.548E-4,7.156E-4,0.001508,0.994,3.718E-4,3.592E-4,4.713E-4,5.464E-5,0.001713,0.0,0.008824,0.004808,0.005708,0.004035,0.1998,0.01028,5.818E-4,4.237E-4,0.006106,9.394E-4,
0.0,1529.0,110.6,229.7,124.5,0.01544,3.199,0.1255,0.1289,1.269,1.288,0.0,343.7,0.1266,0.986,0.07508,0.1564,0.172,0.01734,0.01285,1.625,13.86,0.0,343.7,0.1266,0.986,0.07508,0.1564,0.172,0.01734,0.01285,1.625,13.86,0.0,0.0,0.0,0.0,0.0,0.0,0.0,0.0,0.0,0.0,0.0,0.0,17.76,437.6,131.4,35.56,737.3,188.1,5.0,4.848,30.41,6.299,0.0,90.89,2.419,6.024,19.07,25.67,0.5515,0.1212,0.1086,0.05277,0.2169,0.0,0.0,0.0,0.0,0.0,0.0,0.0,0.0,0.0,0.0,0.0,0.0,0.0,0.0,0.0,0.0,0.0,0.0,0.0,0.0,0.0,0.0,0.0,0.0,8.59E-4,0.0,27160.0,147000.0,102600.0,74110.0,3.153E7,36230.0,23210.0,23560.0,17130.0,57050.0,0.0,2.301E-36,1.344E-36,5.337E-36,4.466E-36,6.9639999999999995E-37,1.107E-37,5.4569999999999997E-39,6.688E-39,2.515E-38,9.905E-38,2.08E-35,0.0,0.714,0.8815,2.426,1.242,0.1128,0.03061,0.002234,0.002612,0.02035,0.02661,0.0,0.0,8.548E-4,7.156E-4,0.001508,0.994,3.718E-4,3.592E-4,4.713E-4,5.464E-5,0.001713,0.0,0.00901,0.004818,0.005704,0.004017,0.1998,0.01002,5.928E-4,4.38E-4,0.00613,9.679E-4,
0.0,1520.0,119.6,232.0,131.4,0.01623,2.941,0.126,0.1297,1.262,1.266,0.0,343.7,0.1042,0.9394,0.07345,0.1565,0.1703,0.01736,0.01827,1.489,14.06,0.0,343.7,0.1042,0.9394,0.07345,0.1565,0.1703,0.01736,0.01827,1.489,14.06,0.0,0.0,0.0,0.0,0.0,0.0,0.0,0.0,0.0,0.0,0.0,0.0,17.74,438.6,132.4,35.91,738.4,187.2,5.087,4.921,30.45,6.449,0.0,89.22,2.328,5.292,12.66,25.67,0.5584,0.1214,0.1093,0.03011,0.06276,0.0,0.0,0.0,0.0,0.0,0.0,0.0,0.0,0.0,0.0,0.0,0.0,0.0,0.0,0.0,0.0,0.0,0.0,0.0,0.0,0.0,0.0,0.0,0.0,8.515E-4,0.0,27340.0,147800.0,102500.0,71430.0,2.984E7,35810.0,22610.0,22810.0,17030.0,54190.0,0.0,2.0190000000000002E-36,1.3040000000000001E-36,5.22E-36,4.648E-36,6.965E-37,1.479E-37,5.4809999999999995E-39,6.707E-39,1.556E-38,3.533E-38,2.08E-35,0.0,0.6266,0.9433,2.441,1.261,0.1128,0.02999,0.00224,0.002633,0.01861,0.01527,0.0,0.0,8.548E-4,7.156E-4,0.001508,0.994,3.718E-4,3.592E-4,4.713E-4,5.464E-5,0.001713,0.0,0.009276,0.004824,0.005666,0.004025,0.1998,0.009678,5.925E-4,4.427E-4,0.006141,9.509E-4,
0.0,1520.0,120.6,233.5,128.7,0.01612,2.906,0.1264,0.1304,1.261,1.245,0.0,343.7,0.1129,0.8898,0.1063,0.1646,0.1692,0.01708,0.01854,1.494,14.05,0.0,343.7,0.1129,0.8898,0.1063,0.1646,0.1692,0.01708,0.01854,1.494,14.05,0.0,0.0,0.0,0.0,0.0,0.0,0.0,0.0,0.0,0.0,0.0,0.0,17.74,441.1,132.7,37.33,734.9,185.4,4.047,4.164,30.36,6.471,0.0,89.22,2.804,4.577,7.437,31.51,0.5465,0.1012,0.0947,0.02777,0.06044,0.0,0.0,0.0,0.0,0.0,0.0,0.0,0.0,0.0,0.0,0.0,0.0,0.0,0.0,0.0,0.0,0.0,0.0,0.0,0.0,0.0,0.0,0.0,0.0,6.673E-4,0.0,27430.0,157800.0,135500.0,83430.0,2.941E7,31050.0,16550.0,18300.0,16240.0,52890.0,0.0,2.0200000000000003E-36,1.3700000000000001E-36,5.0E-36,4.594E-36,8.483E-37,1.4739999999999999E-37,6.24E-39,7.256E-39,1.553E-38,3.518E-38,2.08E-35,0.0,0.6267,0.9535,2.382,1.25,0.1717,0.03009,0.002499,0.002841,0.01864,0.01515,0.0,0.0,8.548E-4,7.156E-4,0.001508,0.994,3.718E-4,3.592E-4,4.713E-4,5.464E-5,0.001713,0.0,0.009391,0.004884,0.006091,0.004117,0.1994,0.009387,4.856E-4,3.797E-4,0.006131,9.382E-4,
0.0,1521.0,117.6,234.7,129.0,0.02095,3.209,0.1307,0.1518,1.277,1.253,0.0,343.7,0.1031,0.9145,0.1088,0.1516,0.1991,0.01865,0.02303,1.827,13.68,0.0,343.7,0.1031,0.9145,0.1088,0.1516,0.1991,0.01865,0.02303,1.827,13.68,0.0,0.0,0.0,0.0,0.0,0.0,0.0,0.0,0.0,0.0,0.0,0.0,17.74,440.2,125.7,34.91,744.8,186.5,4.127,4.177,30.47,6.603,0.0,89.22,2.357,3.632,22.96,17.22,0.4279,0.02469,0.03027,0.01169,0.05133,0.0,0.0,0.0,0.0,0.0,0.0,0.0,0.0,0.0,0.0,0.0,0.0,0.0,0.0,0.0,0.0,0.0,0.0,0.0,0.0,0.0,0.0,0.0,0.0,1.0E-4,0.0,27560.0,143500.0,98410.0,68000.0,2.982E7,31330.0,17210.0,18670.0,16060.0,53420.0,0.0,2.037E-36,1.242E-36,5.1260000000000004E-36,4.7070000000000003E-36,6.787E-37,1.5449999999999999E-37,5.4559999999999996E-39,7.061999999999999E-39,1.557E-38,3.506E-38,2.08E-35,0.0,0.6421,0.9252,2.417,1.29,0.1041,0.03458,0.002195,0.002847,0.01879,0.01523,0.0,0.0,8.548E-4,7.156E-4,0.001508,0.994,3.718E-4,3.592E-4,4.713E-4,5.464E-5,0.001713,0.0,0.009572,0.004633,0.005545,0.003885,0.2004,0.009196,4.999E-4,3.868E-4,0.006103,9.764E-4,
0.0,1521.0,120.8,234.5,128.0,0.02387,3.293,0.1333,0.1643,1.28,1.257,0.0,343.7,0.1029,0.9452,0.07354,0.152,0.1977,0.01921,0.03993,2.616,12.87,0.0,343.7,0.1029,0.9452,0.07354,0.152,0.1977,0.01921,0.03993,2.616,12.87,0.0,0.0,0.0,0.0,0.0,0.0,0.0,0.0,0.0,0.0,0.0,0.0,17.74,441.6,124.3,36.77,744.8,186.3,4.636,4.863,30.37,6.763,0.0,88.74,2.263,3.466,22.39,17.17,0.3226,0.02884,0.02953,0.009252,0.05055,0.0,0.0,0.0,0.0,0.0,0.0,0.0,0.0,0.0,0.0,0.0,0.0,0.0,0.0,0.0,0.0,0.0,0.0,0.0,0.0,0.0,0.0,0.0,0.0,1.0E-4,0.0,27750.0,146500.0,96430.0,69100.0,3.07E7,31660.0,19290.0,20450.0,16360.0,54980.0,0.0,2.038E-36,1.244E-36,5.0810000000000004E-36,4.6450000000000006E-36,6.786E-37,1.539E-37,5.515E-39,7.236E-39,1.551E-38,3.496E-38,2.08E-35,0.0,0.6689,0.9496,2.397,1.259,0.104,0.03426,0.002225,0.002966,0.01878,0.01528,0.0,0.0,8.548E-4,7.156E-4,0.001508,0.994,3.718E-4,3.592E-4,4.713E-4,5.464E-5,0.001713,0.0,0.009667,0.004654,0.005509,0.00391,0.2002,0.009147,5.357E-4,4.417E-4,0.006076,9.927E-4,
0.0,1512.0,132.3,232.6,127.6,0.02358,4.469,0.1342,0.1651,1.289,1.255,0.0,343.7,0.1098,0.942,0.06817,0.1507,0.1966,0.01765,0.02135,0.9624,14.55,0.0,343.7,0.1098,0.942,0.06817,0.1507,0.1966,0.01765,0.02135,0.9624,14.55,0.0,0.0,0.0,0.0,0.0,0.0,0.0,0.0,0.0,0.0,0.0,0.0,17.72,439.8,126.6,37.01,729.8,186.7,5.142,4.985,30.87,6.616,0.0,87.19,2.124,2.408,23.66,17.1,0.2741,0.03324,0.02976,0.007464,0.05019,0.0,0.0,0.0,0.0,0.0,0.0,0.0,0.0,0.0,0.0,0.0,0.0,0.0,0.0,0.0,0.0,0.0,0.0,0.0,0.0,0.0,0.0,0.0,0.0,4.515E-4,0.0,27790.0,149000.0,97560.0,70450.0,3.184E7,32270.0,21080.0,21980.0,16710.0,57140.0,0.0,1.8010000000000003E-36,1.3430000000000001E-36,4.994E-36,4.5470000000000004E-36,6.783E-37,2.183E-37,5.542E-39,7.231E-39,1.54E-38,3.484E-38,2.08E-35,0.0,0.5911,1.054,2.371,1.247,0.1039,0.04605,0.002236,0.002928,0.01888,0.01523,0.0,0.0,8.548E-4,7.156E-4,0.001508,0.994,3.718E-4,3.592E-4,4.713E-4,5.464E-5,0.001713,0.0,0.009705,0.004737,0.005468,0.003931,0.1999,0.009125,5.708E-4,4.579E-4,0.006109,9.781E-4,
0.0,1512.0,129.7,231.4,130.3,0.02504,3.344,0.1346,0.1664,1.292,1.253,0.0,343.7,0.1127,0.9372,0.06963,0.1506,0.1953,0.01797,0.02103,1.752,13.76,0.0,343.7,0.1127,0.9372,0.06963,0.1506,0.1953,0.01797,0.02103,1.752,13.76,0.0,0.0,0.0,0.0,0.0,0.0,0.0,0.0,0.0,0.0,0.0,0.0,17.72,450.4,119.4,36.62,732.6,186.7,5.175,5.01,30.87,6.62,0.0,87.19,2.093,4.228,23.61,17.08,0.2561,0.03329,0.02874,0.00665,0.04989,0.0,0.0,0.0,0.0,0.0,0.0,0.0,0.0,0.0,0.0,0.0,0.0,0.0,0.0,0.0,0.0,0.0,0.0,0.0,0.0,0.0,0.0,0.0,0.0,1.002E-4,0.0,27860.0,149700.0,97460.0,72200.0,3.318E7,32020.0,21200.0,22330.0,16800.0,59480.0,0.0,1.8010000000000003E-36,1.389E-36,4.861E-36,4.647E-36,6.7809999999999996E-37,1.54E-37,5.542E-39,7.227E-39,1.528E-38,3.472E-38,2.08E-35,0.0,0.5911,1.031,2.377,1.272,0.1038,0.0342,0.002237,0.002928,0.01891,0.0152,0.0,0.0,8.548E-4,7.156E-4,0.001508,0.994,3.718E-4,3.592E-4,4.713E-4,5.464E-5,0.001713,0.0,0.009803,0.004919,0.00529,0.003924,0.1999,0.009023,5.736E-4,4.599E-4,0.006142,9.448E-4,
0.0,1516.0,124.0,236.3,127.2,0.02516,3.354,0.129,0.1695,1.289,1.253,0.0,343.7,0.1353,0.9159,0.0669,0.1505,0.1953,0.0179,0.02392,1.274,14.23,0.0,343.7,0.1353,0.9159,0.0669,0.1505,0.1953,0.0179,0.02392,1.274,14.23,0.0,0.0,0.0,0.0,0.0,0.0,0.0,0.0,0.0,0.0,0.0,0.0,17.72,456.3,116.4,36.74,732.6,186.7,5.153,5.221,30.65,6.613,0.0,87.28,2.191,3.77,23.81,17.07,0.2511,0.03321,0.0284,0.006425,0.0498,0.0,0.0,0.0,0.0,0.0,0.0,0.0,0.0,0.0,0.0,0.0,0.0,0.0,0.0,0.0,0.0,0.0,0.0,0.0,0.0,0.0,0.0,0.0,0.0,4.103E-4,0.0,28070.0,152300.0,98180.0,74100.0,3.465E7,32410.0,21640.0,23040.0,16810.0,62140.0,0.0,1.874E-36,1.3200000000000001E-36,4.897E-36,4.5590000000000003E-36,6.78E-37,1.539E-37,5.533E-39,7.233E-39,1.523E-38,3.465E-38,2.08E-35,0.0,0.6327,1.03,2.376,1.229,0.1038,0.0342,0.002229,0.002976,0.01886,0.0152,0.0,0.0,8.548E-4,7.156E-4,0.001508,0.994,3.718E-4,3.592E-4,4.713E-4,5.464E-5,0.001713,0.0,0.009865,0.004931,0.005275,0.003862,0.1999,0.009038,5.581E-4,4.697E-4,0.006134,9.435E-4,
0.0,1510.0,128.4,237.2,127.3,0.02511,3.354,0.1288,0.1687,1.292,1.251,0.0,343.7,0.1127,0.9214,0.08286,0.1505,0.1953,0.01796,0.02347,1.845,13.66,0.0,343.7,0.1127,0.9214,0.08286,0.1505,0.1953,0.01796,0.02347,1.845,13.66,0.0,0.0,0.0,0.0,0.0,0.0,0.0,0.0,0.0,0.0,0.0,0.0,17.71,461.4,114.8,37.34,733.6,186.7,5.153,5.166,30.71,6.613,0.0,86.26,3.212,3.798,23.68,17.07,0.2527,0.03324,0.02854,0.006518,0.04983,0.0,0.0,0.0,0.0,0.0,0.0,0.0,0.0,0.0,0.0,0.0,0.0,0.0,0.0,0.0,0.0,0.0,0.0,0.0,0.0,0.0,0.0,0.0,0.0,1.005E-4,0.0,28090.0,154200.0,97680.0,73720.0,3.431E7,32520.0,21770.0,23050.0,17110.0,61440.0,0.0,1.728E-36,1.34E-36,4.9730000000000006E-36,4.557E-36,6.7789999999999995E-37,1.539E-37,5.524E-39,7.227E-39,1.515E-38,3.456E-38,2.08E-35,0.0,0.5834,1.033,2.409,1.237,0.1038,0.03422,0.002228,0.002966,0.0189,0.01517,0.0,0.0,8.548E-4,7.156E-4,0.001508,0.994,3.718E-4,3.592E-4,4.713E-4,5.464E-5,0.001713,0.0,0.009859,0.004931,0.005251,0.00388,0.2,0.009038,5.543E-4,4.647E-4,0.006176,9.099E-4,
0.0,1504.0,136.8,234.3,128.4,1.294,3.463,0.1287,0.1673,1.294,1.25,0.0,343.7,0.1133,0.9339,0.06871,0.1514,0.1949,0.01796,0.02282,2.049,13.46,0.0,343.7,0.1133,0.9339,0.06871,0.1514,0.1949,0.01796,0.02282,2.049,13.46,0.0,0.0,0.0,0.0,0.0,0.0,0.0,0.0,0.0,0.0,0.0,0.0,17.7,446.8,123.8,37.47,735.3,187.5,5.152,5.079,30.79,6.606,0.0,85.25,2.597,3.902,23.48,16.53,0.1344,0.03336,0.02899,0.006815,0.04994,0.0,0.0,0.0,0.0,0.0,0.0,0.0,0.0,0.0,0.0,0.0,0.0,0.0,0.0,0.0,0.0,0.0,0.0,0.0,0.0,0.0,0.0,0.0,0.0,1.0E-4,0.0,28140.0,157000.0,100200.0,70160.0,3.172E7,30810.0,21190.0,22050.0,17070.0,57140.0,0.0,1.594E-36,1.2E-36,4.938E-36,4.552E-36,6.82E-37,1.529E-37,5.521E-39,7.216E-39,1.503E-38,3.449E-38,2.08E-35,0.0,0.5381,1.086,2.38,1.244,0.1149,0.0355,0.002228,0.00295,0.01893,0.01516,0.0,0.0,8.548E-4,7.156E-4,0.001508,0.994,3.718E-4,3.592E-4,4.713E-4,5.464E-5,0.001713,0.0,0.009947,0.004821,0.005338,0.003881,0.1998,0.008931,5.525E-4,4.527E-4,0.006202,8.947E-4,
0.0,1504.0,131.8,232.9,131.2,0.3173,3.772,0.1285,0.1661,1.292,1.251,0.0,343.7,0.1049,0.933,0.07475,0.1521,0.1943,0.01771,0.01943,1.409,14.11,0.0,343.7,0.1049,0.933,0.07475,0.1521,0.1943,0.01771,0.01943,1.409,14.11,0.0,0.0,0.0,0.0,0.0,0.0,0.0,0.0,0.0,0.0,0.0,0.0,17.7,448.0,121.3,42.88,735.0,187.7,5.129,4.994,30.87,6.587,0.0,85.25,2.644,4.252,26.49,16.34,0.146,0.03354,0.0297,0.007286,0.0501,0.0,0.0,0.0,0.0,0.0,0.0,0.0,0.0,0.0,0.0,0.0,0.0,0.0,0.0,0.0,0.0,0.0,0.0,0.0,0.0,0.0,0.0,0.0,0.0,7.449E-4,0.0,28230.0,156300.0,104600.0,69350.0,3.08E7,30820.0,21430.0,22010.0,17160.0,55620.0,0.0,1.594E-36,1.105E-36,4.9270000000000005E-36,4.5540000000000005E-36,7.0419999999999994E-37,1.7599999999999998E-37,5.5179999999999995E-39,7.209E-39,1.496E-38,3.446E-38,2.08E-35,0.0,0.5381,1.044,2.397,1.259,0.1117,0.03892,0.002228,0.002942,0.01891,0.01519,0.0,0.0,8.548E-4,7.156E-4,0.001508,0.994,3.718E-4,3.592E-4,4.713E-4,5.464E-5,0.001713,0.0,0.01005,0.004792,0.005297,0.003953,0.1998,0.008837,5.524E-4,4.455E-4,0.006201,9.025E-4,
0.0,1505.0,133.1,230.7,132.2,0.2986,3.754,0.129,0.1651,1.29,1.251,0.0,343.7,0.1092,0.9157,0.08466,0.1534,0.1942,0.01784,0.01942,1.467,14.05,0.0,343.7,0.1092,0.9157,0.08466,0.1534,0.1942,0.01784,0.01942,1.467,14.05,0.0,0.0,0.0,0.0,0.0,0.0,0.0,0.0,0.0,0.0,0.0,0.0,17.7,442.0,121.0,44.22,741.0,187.7,5.186,4.99,30.65,6.608,0.0,85.25,2.326,3.989,24.92,16.7,0.1597,0.03377,0.03065,0.00792,0.05032,0.0,0.0,0.0,0.0,0.0,0.0,0.0,0.0,0.0,0.0,0.0,0.0,0.0,0.0,0.0,0.0,0.0,0.0,0.0,0.0,0.0,0.0,0.0,0.0,1.002E-4,0.0,28310.0,131800.0,102200.0,69330.0,3.093E7,31130.0,22120.0,22520.0,17240.0,55570.0,0.0,1.619E-36,1.125E-36,4.853E-36,4.525E-36,7.097E-37,1.752E-37,5.52E-39,7.203999999999999E-39,1.486E-38,3.441E-38,2.08E-35,0.0,0.5499,1.052,2.37,1.255,0.1155,0.03889,0.002238,0.002941,0.01888,0.01519,0.0,0.0,8.548E-4,7.156E-4,0.001508,0.994,3.718E-4,3.592E-4,4.713E-4,5.464E-5,0.001713,0.0,0.01009,0.004404,0.005267,0.003979,0.2002,0.008802,5.505E-4,4.412E-4,0.006216,8.994E-4,
0.0,1501.0,136.9,231.9,132.8,0.2938,3.726,0.1107,0.1647,1.288,1.25,0.0,343.7,0.1189,0.8923,0.09961,0.1534,0.1988,0.01167,0.07515,0.5755,14.88,0.0,343.7,0.1189,0.8923,0.09961,0.1534,0.1988,0.01167,0.07515,0.5755,14.88,0.0,0.0,0.0,0.0,0.0,0.0,0.0,0.0,0.0,0.0,0.0,0.0,17.7,441.9,120.7,44.83,741.2,187.5,5.166,4.975,30.64,6.606,0.0,84.6,2.289,3.922,23.86,16.7,0.1759,0.03407,0.03184,0.008714,0.05058,0.0,0.0,0.0,0.0,0.0,0.0,0.0,0.0,0.0,0.0,0.0,0.0,0.0,0.0,0.0,0.0,0.0,0.0,0.0,0.0,0.0,0.0,0.0,0.0,1.0E-4,0.0,28360.0,134800.0,101500.0,70450.0,3.168E7,31960.0,22870.0,23370.0,17400.0,56740.0,0.0,1.5370000000000002E-36,1.258E-36,4.711E-36,4.493E-36,7.097E-37,1.6989999999999999E-37,5.503E-39,7.201E-39,1.478E-38,3.438E-38,2.08E-35,0.0,0.5219,1.08,2.375,1.251,0.1155,0.03876,0.001999,0.002949,0.01887,0.01518,0.0,0.0,8.548E-4,7.156E-4,0.001508,0.994,3.718E-4,3.592E-4,4.713E-4,5.464E-5,0.001713,0.0,0.01013,0.004418,0.005211,0.004009,0.2002,0.008942,3.66E-4,4.398E-4,0.006203,9.032E-4,
0.0,1501.0,125.6,242.0,134.5,0.2889,3.906,0.1119,0.1679,1.291,1.25,0.0,343.7,0.1118,0.9182,0.07907,0.1534,0.2004,0.01191,0.0881,1.294,14.15,0.0,343.7,0.1118,0.9182,0.07907,0.1534,0.2004,0.01191,0.0881,1.294,14.15,0.0,0.0,0.0,0.0,0.0,0.0,0.0,0.0,0.0,0.0,0.0,0.0,17.7,447.4,117.6,42.78,744.6,187.1,4.415,4.422,30.55,6.518,0.0,84.6,2.288,3.92,23.31,16.7,0.1275,0.02498,0.02253,0.00551,0.04885,0.0,0.0,0.0,0.0,0.0,0.0,0.0,0.0,0.0,0.0,0.0,0.0,0.0,0.0,0.0,0.0,0.0,0.0,0.0,0.0,0.0,0.0,0.0,0.0,4.65E-4,0.0,28390.0,136800.0,102700.0,70060.0,3.273E7,28610.0,19100.0,20780.0,16870.0,58010.0,0.0,1.5370000000000002E-36,1.0530000000000001E-36,4.834E-36,4.545E-36,7.1E-37,1.528E-37,5.515E-39,7.203999999999999E-39,1.464E-38,3.434E-38,2.08E-35,0.0,0.5219,0.9792,2.46,1.268,0.1156,0.03736,0.002005,0.002948,0.01888,0.01516,0.0,0.0,8.548E-4,7.156E-4,0.001508,0.994,3.718E-4,3.592E-4,4.713E-4,5.464E-5,0.001713,0.0,0.01013,0.004483,0.005197,0.003911,0.2004,0.008916,3.098E-4,3.965E-4,0.006207,8.842E-4,
0.0,1496.0,130.9,241.9,134.8,0.2812,4.108,0.1122,0.1694,1.291,1.25,0.0,343.7,0.1095,0.9202,0.08102,0.153,0.1991,0.01193,0.02006,0.9353,14.58,0.0,343.7,0.1095,0.9202,0.08102,0.153,0.1991,0.01193,0.02006,0.9353,14.58,0.0,0.0,0.0,0.0,0.0,0.0,0.0,0.0,0.0,0.0,0.0,0.0,17.69,447.2,119.3,43.2,734.6,187.7,5.194,4.994,30.64,6.603,0.0,83.79,2.334,4.361,22.72,16.61,0.1208,0.03402,0.02831,0.005987,0.04968,0.0,0.0,0.0,0.0,0.0,0.0,0.0,0.0,0.0,0.0,0.0,0.0,0.0,0.0,0.0,0.0,0.0,0.0,0.0,0.0,0.0,0.0,0.0,0.0,1.0E-4,0.0,28420.0,141600.0,107100.0,73700.0,3.398E7,31040.0,22360.0,23450.0,17210.0,60620.0,0.0,1.4390000000000001E-36,1.046E-36,4.828E-36,4.4970000000000006E-36,7.089E-37,1.634E-37,5.595E-39,7.260999999999999E-39,1.454E-38,3.432E-38,2.08E-35,0.0,0.4888,1.008,2.463,1.268,0.1151,0.03949,0.002034,0.002976,0.01888,0.01516,0.0,0.0,8.548E-4,7.156E-4,0.001508,0.994,3.718E-4,3.592E-4,4.713E-4,5.464E-5,0.001713,0.0,0.01013,0.00451,0.005266,0.00395,0.2002,0.008954,3.662E-4,4.401E-4,0.006212,8.908E-4,
0.0,1496.0,134.3,237.6,135.5,0.2693,3.902,0.113,0.1693,1.293,1.249,0.0,343.7,0.1192,0.8935,0.09614,0.153,0.21,0.005616,0.01818,1.332,14.18,0.0,343.7,0.1192,0.8935,0.09614,0.153,0.21,0.005616,0.01818,1.332,14.18,0.0,0.0,0.0,0.0,0.0,0.0,0.0,0.0,0.0,0.0,0.0,0.0,17.69,446.1,122.7,42.93,728.6,187.7,5.207,5.003,30.63,6.598,0.0,83.79,2.39,4.142,23.01,16.62,0.1174,0.03433,0.02831,0.005847,0.04967,0.0,0.0,0.0,0.0,0.0,0.0,0.0,0.0,0.0,0.0,0.0,0.0,0.0,0.0,0.0,0.0,0.0,0.0,0.0,0.0,0.0,0.0,0.0,0.0,4.294E-4,0.0,28510.0,142200.0,110300.0,75760.0,3.533E7,30940.0,22300.0,23690.0,17220.0,63100.0,0.0,1.4410000000000001E-36,1.093E-36,4.749E-36,4.4700000000000005E-36,7.0879999999999995E-37,1.507E-37,5.6179999999999996E-39,7.262E-39,1.443E-38,3.43E-38,2.08E-35,0.0,0.4892,1.041,2.418,1.274,0.1151,0.03726,0.002045,0.002971,0.01889,0.01515,0.0,0.0,8.548E-4,7.156E-4,0.001508,0.994,3.718E-4,3.592E-4,4.713E-4,5.464E-5,0.001713,0.0,0.01024,0.004524,0.005256,0.003953,0.2001,0.008837,3.758E-4,4.411E-4,0.006227,8.804E-4,
0.0,1490.0,141.3,226.6,137.1,0.2519,3.901,0.113,0.1693,1.293,1.249,0.0,343.7,0.12,0.9054,0.08316,0.153,0.2056,0.007935,0.01868,1.332,14.18,0.0,343.7,0.12,0.9054,0.08316,0.153,0.2056,0.007935,0.01868,1.332,14.18,0.0,0.0,0.0,0.0,0.0,0.0,0.0,0.0,0.0,0.0,0.0,0.0,17.68,444.2,125.6,42.88,724.7,187.7,5.206,5.001,30.63,6.592,0.0,82.76,2.642,14.36,21.69,16.63,0.1184,0.03435,0.02838,0.005901,0.04969,0.0,0.0,0.0,0.0,0.0,0.0,0.0,0.0,0.0,0.0,0.0,0.0,0.0,0.0,0.0,0.0,0.0,0.0,0.0,0.0,0.0,0.0,0.0,0.0,4.044E-4,0.0,28530.0,145600.0,113800.0,78330.0,3.686E7,31430.0,22660.0,24290.0,17260.0,65850.0,0.0,1.324E-36,1.091E-36,4.7280000000000005E-36,4.4450000000000005E-36,7.0879999999999995E-37,1.487E-37,5.6169999999999995E-39,7.256E-39,1.434E-38,3.428E-38,2.08E-35,0.0,0.4492,1.085,2.408,1.277,0.1151,0.03726,0.002046,0.002971,0.01889,0.01515,0.0,0.0,8.548E-4,7.156E-4,0.001508,0.994,3.718E-4,3.592E-4,4.713E-4,5.464E-5,0.001713,0.0,0.01023,0.004509,0.00526,0.003957,0.2001,0.008835,3.751E-4,4.45E-4,0.006226,8.803E-4,
0.0,1493.0,140.6,228.5,136.4,0.2322,3.896,0.113,0.169,1.294,1.248,0.0,343.7,0.1196,0.9036,0.08475,0.153,0.2056,0.007941,0.01868,1.824,13.69,0.0,343.7,0.1196,0.9036,0.08475,0.153,0.2056,0.007941,0.01868,1.824,13.69,0.0,0.0,0.0,0.0,0.0,0.0,0.0,0.0,0.0,0.0,0.0,0.0,17.68,444.9,125.8,42.89,722.8,187.7,5.188,4.987,30.62,6.59,0.0,82.76,2.81,11.27,21.06,16.65,0.1225,0.03443,0.0287,0.006111,0.04977,0.0,0.0,0.0,0.0,0.0,0.0,0.0,0.0,0.0,0.0,0.0,0.0,0.0,0.0,0.0,0.0,0.0,0.0,0.0,0.0,0.0,0.0,0.0,0.0,1.0E-4,0.0,28600.0,145100.0,113700.0,73310.0,3.33E7,30290.0,21460.0,22660.0,17060.0,59790.0,0.0,1.48E-36,1.089E-36,4.7020000000000005E-36,4.249E-36,7.0879999999999995E-37,1.4639999999999999E-37,5.6159999999999995E-39,7.252E-39,1.423E-38,3.426E-38,2.08E-35,0.0,0.4802,1.081,2.404,1.249,0.1151,0.03726,0.002046,0.002971,0.01891,0.01513,0.0,0.0,8.548E-4,7.156E-4,0.001508,0.994,3.718E-4,3.592E-4,4.713E-4,5.464E-5,0.001713,0.0,0.01027,0.004502,0.005254,0.003924,0.2,0.008833,3.741E-4,4.415E-4,0.006237,8.699E-4,
0.0,1493.0,139.4,230.1,132.4,0.2021,4.172,0.05872,0.09968,1.242,1.034,0.0,343.7,0.1204,0.9188,0.08404,0.1361,0.207,0.008142,0.01824,1.752,13.76,0.0,343.7,0.1204,0.9188,0.08404,0.1361,0.207,0.008142,0.01824,1.752,13.76,0.0,0.0,0.0,0.0,0.0,0.0,0.0,0.0,0.0,0.0,0.0,0.0,17.68,447.6,124.1,40.11,722.9,187.7,5.141,4.941,30.59,6.501,0.0,82.76,2.974,8.919,28.01,13.19,2.477,0.03338,0.02784,0.006276,0.04569,0.0,0.0,0.0,0.0,0.0,0.0,0.0,0.0,0.0,0.0,0.0,0.0,0.0,0.0,0.0,0.0,0.0,0.0,0.0,0.0,0.0,0.0,0.0,0.0,1.0E-4,0.0,28660.0,203400.0,107300.0,35360.0,3.109E7,28400.0,19350.0,19670.0,16690.0,48310.0,0.0,1.48E-36,1.049E-36,4.7800000000000006E-36,4.214E-36,6.298E-37,1.7409999999999999E-37,2.3679999999999998E-39,3.191E-39,1.111E-38,2.15E-38,2.08E-35,0.0,0.4802,1.066,2.408,1.275,0.1001,0.04514,9.192E-4,0.001547,0.01785,0.01069,0.0,0.0,0.003062,3.759E-4,2.967E-4,0.9938,3.102E-4,2.997E-4,3.932E-4,4.558E-5,0.001429,0.0,0.01027,0.00492,0.005187,0.003598,0.1997,0.008855,3.649E-4,4.138E-4,0.006241,8.213E-4,
0.0,1495.0,138.8,231.0,134.9,0.2166,3.875,0.06114,0.1022,1.244,1.044,0.0,343.7,0.12,0.9201,0.08406,0.1357,0.2052,0.008156,0.01826,1.751,13.76,0.0,343.7,0.12,0.9201,0.08406,0.1357,0.2052,0.008156,0.01826,1.751,13.76,0.0,0.0,0.0,0.0,0.0,0.0,0.0,0.0,0.0,0.0,0.0,0.0,17.68,450.3,124.2,40.13,729.9,187.7,5.146,4.956,30.6,6.596,0.0,82.76,2.87,6.749,27.3,13.15,0.1437,0.03357,0.02857,0.006751,0.04591,0.0,0.0,0.0,0.0,0.0,0.0,0.0,0.0,0.0,0.0,0.0,0.0,0.0,0.0,0.0,0.0,0.0,0.0,0.0,0.0,0.0,0.0,0.0,0.0,1.0E-4,0.0,28730.0,127200.0,104300.0,34860.0,2.908E7,28610.0,19730.0,19860.0,16730.0,47580.0,0.0,1.637E-36,1.044E-36,4.7520000000000003E-36,4.05E-36,6.296E-37,1.416E-37,2.5029999999999998E-39,3.357E-39,1.115E-38,2.201E-38,2.08E-35,0.0,0.5112,1.061,2.399,1.262,0.1001,0.03718,9.688E-4,0.001608,0.01789,0.01089,0.0,0.0,3.669E-4,3.989E-4,3.148E-4,0.9963,3.292E-4,3.18E-4,4.173E-4,4.838E-5,0.001517,0.0,0.01034,0.004442,0.005183,0.00358,0.1999,0.008821,3.683E-4,4.182E-4,0.006242,8.369E-4,
0.0,1495.0,139.1,231.2,143.2,0.2378,3.955,0.06926,0.1034,1.247,1.046,0.0,343.7,0.1234,0.9184,0.08227,0.1356,0.2074,0.006887,0.01794,1.937,13.57,0.0,343.7,0.1234,0.9184,0.08227,0.1356,0.2074,0.006887,0.01794,1.937,13.57,0.0,0.0,0.0,0.0,0.0,0.0,0.0,0.0,0.0,0.0,0.0,0.0,17.68,449.9,129.3,39.42,726.0,187.7,5.132,4.946,30.58,6.608,0.0,82.76,2.822,5.254,19.45,13.14,0.1502,0.0338,0.02949,0.007362,0.04616,0.0,0.0,0.0,0.0,0.0,0.0,0.0,0.0,0.0,0.0,0.0,0.0,0.0,0.0,0.0,0.0,0.0,0.0,0.0,0.0,0.0,0.0,0.0,0.0,1.0E-4,0.0,28760.0,127800.0,100400.0,33850.0,2.747E7,28730.0,20060.0,19930.0,16730.0,45960.0,0.0,1.637E-36,1.0470000000000001E-36,4.6830000000000005E-36,4.041E-36,6.296E-37,1.4119999999999999E-37,2.6999999999999997E-39,3.4039999999999996E-39,1.11E-38,2.207E-38,2.08E-35,0.0,0.5112,1.064,2.386,1.267,0.1002,0.03813,0.001063,0.001632,0.01793,0.01091,0.0,0.0,3.774E-4,4.103E-4,3.238E-4,0.9962,3.386E-4,3.271E-4,4.292E-4,4.976E-5,0.00156,0.0,0.01034,0.004449,0.00517,0.003574,0.1998,0.008827,3.711E-4,4.204E-4,0.006247,8.396E-4,
0.0,1496.0,138.7,209.9,135.6,0.2298,4.048,0.07324,0.1058,1.25,1.046,0.0,343.7,0.1233,0.9215,0.07807,0.1362,0.2073,0.006903,0.01801,2.63,12.88,0.0,343.7,0.1233,0.9215,0.07807,0.1362,0.2073,0.006903,0.01801,2.63,12.88,0.0,0.0,0.0,0.0,0.0,0.0,0.0,0.0,0.0,0.0,0.0,0.0,17.68,448.4,130.2,36.21,734.0,186.8,4.064,4.166,33.03,6.539,0.0,82.76,18.65,6.953,29.3,13.76,0.1295,0.03941,0.03239,0.09757,0.01411,0.0,0.0,0.0,0.0,0.0,0.0,0.0,0.0,0.0,0.0,0.0,0.0,0.0,0.0,0.0,0.0,0.0,0.0,0.0,0.0,0.0,0.0,0.0,0.0,1.0E-4,0.0,28780.0,122000.0,106600.0,32010.0,2.593E7,24730.0,15110.0,16340.0,31630.0,45800.0,0.0,1.6490000000000002E-36,1.052E-36,4.6060000000000006E-36,4.111E-36,5.487E-37,1.419E-37,2.6829999999999998E-39,3.304E-39,1.118E-38,1.948E-38,2.08E-35,0.0,0.519,1.065,2.366,1.288,0.08873,0.03876,0.001045,0.001602,0.01804,0.01059,0.0,0.0,4.097E-4,4.454E-4,3.515E-4,0.9959,3.675E-4,3.551E-4,4.659E-4,5.401E-5,0.001693,0.0,0.01035,0.004339,0.005221,0.00333,0.1998,0.008737,3.145E-4,3.737E-4,0.006497,8.362E-4,
0.0,1496.0,138.2,207.5,130.8,0.2161,3.78,0.07358,0.1075,1.866,0.4299,0.0,343.7,0.1156,0.9042,0.08317,0.1563,0.2059,0.006926,0.02257,2.625,12.88,0.0,343.7,0.1156,0.9042,0.08317,0.1563,0.2059,0.006926,0.02257,2.625,12.88,0.0,0.0,0.0,0.0,0.0,0.0,0.0,0.0,0.0,0.0,0.0,0.0,17.68,446.2,133.5,36.83,731.2,187.2,4.747,4.666,30.48,6.613,0.0,82.76,16.02,9.001,37.32,13.92,0.1645,0.05781,0.04503,0.02659,0.01604,0.0,0.0,0.0,0.0,0.0,0.0,0.0,0.0,0.0,0.0,0.0,0.0,0.0,0.0,0.0,0.0,0.0,0.0,0.0,0.0,0.0,0.0,0.0,0.0,1.001E-4,0.0,28880.0,124900.0,110100.0,34400.0,2.445E7,26500.0,17380.0,17720.0,19210.0,43370.0,0.0,1.6490000000000002E-36,1.0100000000000001E-36,4.531E-36,4.048E-36,6.543E-37,1.38E-37,2.716E-39,3.331E-39,1.095E-38,1.941E-38,2.08E-35,0.0,0.5191,1.052,2.355,1.291,0.109,0.03854,0.001067,0.001625,0.02241,0.006141,0.0,0.0,4.097E-4,4.454E-4,3.515E-4,0.9959,3.675E-4,3.551E-4,4.659E-4,5.401E-5,0.001693,0.0,0.0104,0.004315,0.005272,0.003376,0.1997,0.008717,3.638E-4,4.121E-4,0.006306,8.399E-4,
0.0,1489.0,144.9,205.0,123.9,0.1774,5.126,0.0756,0.112,1.867,0.4376,0.0,343.7,0.1188,0.9075,0.08249,0.1479,0.2054,0.006919,0.02344,2.628,12.88,0.0,343.7,0.1188,0.9075,0.08249,0.1479,0.2054,0.006919,0.02344,2.628,12.88,0.0,0.0,0.0,0.0,0.0,0.0,0.0,0.0,0.0,0.0,0.0,0.0,17.67,449.5,132.4,37.33,735.1,187.7,5.176,4.994,30.55,6.751,0.0,81.51,4.607,16.62,46.13,17.74,0.1854,0.069,0.053,0.02768,0.01729,0.0,0.0,0.0,0.0,0.0,0.0,0.0,0.0,0.0,0.0,0.0,0.0,0.0,0.0,0.0,0.0,0.0,0.0,0.0,0.0,0.0,0.0,0.0,0.0,1.0E-4,0.0,28930.0,126700.0,110300.0,36870.0,2.41E7,27350.0,18330.0,18390.0,18850.0,43060.0,0.0,1.4940000000000001E-36,1.176E-36,4.525E-36,3.87E-36,7.137E-37,1.629E-37,2.4989999999999998E-39,3.058E-39,1.061E-38,1.845E-38,2.08E-35,0.0,0.4739,1.108,2.342,1.264,0.1189,0.05228,0.001034,0.001606,0.02234,0.005963,0.0,0.0,4.097E-4,4.454E-4,3.515E-4,0.9959,3.675E-4,3.551E-4,4.659E-4,5.401E-5,0.001693,0.0,0.01046,0.004381,0.005234,0.003388,0.1996,0.008701,3.916E-4,4.431E-4,0.006297,8.379E-4,
0.0,1491.0,144.3,204.6,131.5,0.196,3.617,0.1409,0.1245,1.885,0.4471,0.0,343.7,0.1164,0.8926,0.1043,0.1458,0.2006,0.00757,0.02383,3.134,12.37,0.0,343.7,0.1164,0.8926,0.1043,0.1458,0.2006,0.00757,0.02383,3.134,12.37,0.0,0.0,0.0,0.0,0.0,0.0,0.0,0.0,0.0,0.0,0.0,0.0,17.67,447.6,132.9,37.84,741.9,187.8,5.161,4.983,30.54,6.756,0.0,81.51,6.494,15.26,42.83,13.98,0.1817,0.069,0.05301,0.02769,0.01728,0.0,0.0,0.0,0.0,0.0,0.0,0.0,0.0,0.0,0.0,0.0,0.0,0.0,0.0,0.0,0.0,0.0,0.0,0.0,0.0,0.0,0.0,0.0,0.0,5.578E-4,0.0,28980.0,120500.0,107700.0,34790.0,2.456E7,27440.0,18180.0,18390.0,18570.0,43910.0,0.0,1.522E-36,9.932E-37,4.4640000000000005E-36,3.995E-36,6.051E-37,1.2E-37,4.2419999999999996E-39,3.325E-39,1.094E-38,1.852E-38,2.08E-35,0.0,0.4873,1.091,2.328,1.314,0.1004,0.03621,0.00171,0.001715,0.02251,0.005973,0.0,0.0,4.097E-4,4.454E-4,3.515E-4,0.9959,3.675E-4,3.551E-4,4.659E-4,5.401E-5,0.001693,0.0,0.0105,0.00432,0.005236,0.003395,0.1997,0.008675,3.914E-4,4.447E-4,0.006301,8.301E-4,
0.0,1491.0,146.5,199.5,130.3,0.1783,3.545,0.1417,0.1239,1.89,0.4416,0.0,343.7,0.1189,0.9092,0.07888,0.1524,0.1998,0.008059,0.0236,3.134,12.37,0.0,343.7,0.1189,0.9092,0.07888,0.1524,0.1998,0.008059,0.0236,3.134,12.37,0.0,0.0,0.0,0.0,0.0,0.0,0.0,0.0,0.0,0.0,0.0,0.0,17.67,435.7,142.0,37.01,748.9,186.6,5.144,4.969,30.53,6.748,0.0,81.51,5.483,7.934,54.49,13.87,0.1903,0.06657,0.05141,0.02755,0.01705,0.0,0.0,0.0,0.0,0.0,0.0,0.0,0.0,0.0,0.0,0.0,0.0,0.0,0.0,0.0,0.0,0.0,0.0,0.0,0.0,0.0,0.0,0.0,0.0,1.0E-4,0.0,29020.0,123400.0,109900.0,36020.0,2.545E7,29780.0,17930.0,18390.0,18410.0,45610.0,0.0,1.531E-36,9.849E-37,4.3980000000000003E-36,3.954E-36,6.4259999999999994E-37,1.148E-37,4.1599999999999996E-39,3.298E-39,1.081E-38,1.8479999999999999E-38,2.08E-35,0.0,0.4946,1.113,2.291,1.315,0.1062,0.03582,0.001722,0.001706,0.02254,0.005933,0.0,0.0,4.097E-4,4.454E-4,3.515E-4,0.9959,3.675E-4,3.551E-4,4.659E-4,5.401E-5,0.001693,0.0,0.01053,0.004282,0.005142,0.003373,0.1998,0.008624,3.917E-4,4.399E-4,0.006299,8.291E-4,
0.0,1491.0,146.6,187.6,131.3,0.1663,3.495,0.1409,0.1267,1.344,0.289,0.0,343.7,0.1173,0.9144,0.08125,0.1498,0.1991,0.01226,0.02501,3.447,12.05,0.0,343.7,0.1173,0.9144,0.08125,0.1498,0.1991,0.01226,0.02501,3.447,12.05,0.0,0.0,0.0,0.0,0.0,0.0,0.0,0.0,0.0,0.0,0.0,0.0,17.67,436.7,143.5,37.47,746.3,187.0,5.059,5.102,30.64,6.794,0.0,81.51,5.048,18.05,53.86,15.94,0.2421,0.06668,0.05181,0.02782,0.01715,0.0,0.0,0.0,0.0,0.0,0.0,0.0,0.0,0.0,0.0,0.0,0.0,0.0,0.0,0.0,0.0,0.0,0.0,0.0,0.0,0.0,0.0,0.0,0.0,1.0E-4,0.0,29080.0,127300.0,112200.0,36610.0,2.665E7,30490.0,18060.0,18810.0,18310.0,47820.0,0.0,1.531E-36,9.746E-37,4.389E-36,3.919E-36,6.236E-37,1.1239999999999999E-37,4.083E-39,3.285E-39,9.028E-39,1.843E-38,2.08E-35,0.0,0.4946,1.108,2.285,1.32,0.118,0.03572,0.001704,0.001729,0.01526,0.004834,0.0,0.0,4.097E-4,4.454E-4,3.515E-4,0.9959,3.675E-4,3.551E-4,4.659E-4,5.401E-5,0.001693,0.0,0.01061,0.004276,0.005143,0.003398,0.1998,0.008543,4.025E-4,4.689E-4,0.006251,8.427E-4,
0.0,1487.0,149.3,194.8,133.9,0.128,4.435,0.1414,0.1273,1.342,0.2861,0.0,343.7,0.1196,0.9057,0.07865,0.1497,0.207,0.01213,0.02405,3.1,12.39,0.0,343.7,0.1196,0.9057,0.07865,0.1497,0.207,0.01213,0.02405,3.1,12.39,0.0,0.0,0.0,0.0,0.0,0.0,0.0,0.0,0.0,0.0,0.0,0.0,17.66,437.5,143.7,37.51,747.2,187.1,5.153,5.487,30.05,6.714,0.0,80.77,3.912,12.38,52.53,15.98,0.27,0.06682,0.0538,0.02821,0.0173,0.0,0.0,0.0,0.0,0.0,0.0,0.0,0.0,0.0,0.0,0.0,0.0,0.0,0.0,0.0,0.0,0.0,0.0,0.0,0.0,0.0,0.0,0.0,0.0,4.24E-4,0.0,29130.0,124900.0,111100.0,36370.0,2.806E7,29740.0,18670.0,19550.0,18400.0,50410.0,0.0,1.4380000000000002E-36,9.943E-37,4.2840000000000005E-36,3.895E-36,6.236E-37,1.558E-37,3.993E-39,3.267E-39,8.927E-39,1.839E-38,2.08E-35,0.0,0.4645,1.145,2.248,1.331,0.118,0.05338,0.001712,0.00176,0.01524,0.004809,0.0,0.0,4.097E-4,4.454E-4,3.515E-4,0.9959,3.675E-4,3.551E-4,4.659E-4,5.401E-5,0.001693,0.0,0.01067,0.004246,0.005136,0.003403,0.1998,0.008501,4.003E-4,4.511E-4,0.006288,8.301E-4,
0.0,1493.0,149.8,198.0,128.1,0.1442,3.678,0.1032,0.1178,1.33,0.2698,0.0,343.7,0.1279,0.9028,0.07998,0.1496,0.2022,0.01106,0.02417,3.605,11.89,0.0,343.7,0.1279,0.9028,0.07998,0.1496,0.2022,0.01106,0.02417,3.605,11.89,0.0,0.0,0.0,0.0,0.0,0.0,0.0,0.0,0.0,0.0,0.0,0.0,17.66,438.8,143.7,37.28,744.3,187.1,5.114,5.323,30.17,6.703,0.0,80.79,3.681,9.371,51.89,15.95,0.7595,0.06701,0.05416,0.02871,0.01747,0.0,0.0,0.0,0.0,0.0,0.0,0.0,0.0,0.0,0.0,0.0,0.0,0.0,0.0,0.0,0.0,0.0,0.0,0.0,0.0,0.0,0.0,0.0,0.0,1.0E-4,0.0,29280.0,125200.0,111900.0,36040.0,2.963E7,29600.0,19560.0,20540.0,18490.0,53200.0,0.0,1.495E-36,1.0340000000000001E-36,4.2640000000000005E-36,3.772E-36,6.236E-37,1.368E-37,3.028E-39,3.0269999999999996E-39,8.569E-39,1.801E-38,2.08E-35,0.0,0.4874,1.169,2.237,1.309,0.118,0.04094,0.001302,0.001668,0.01512,0.004629,0.0,0.0,4.097E-4,4.454E-4,3.515E-4,0.9959,3.675E-4,3.551E-4,4.659E-4,5.401E-5,0.001693,0.0,0.0107,0.004207,0.005153,0.003389,0.1998,0.008494,3.995E-4,4.556E-4,0.006291,8.216E-4,
0.0,1493.0,147.9,201.1,127.7,0.1394,3.815,0.1309,0.125,1.328,0.2777,0.0,343.7,0.1169,0.9124,0.07978,0.1528,0.1981,0.01187,0.02491,3.67,11.82,0.0,343.7,0.1169,0.9124,0.07978,0.1528,0.1981,0.01187,0.02491,3.67,11.82,0.0,0.0,0.0,0.0,0.0,0.0,0.0,0.0,0.0,0.0,0.0,0.0,17.66,436.7,146.6,37.49,752.3,187.1,5.116,4.946,30.54,6.703,0.0,80.79,3.639,7.932,52.6,15.93,0.5456,0.06692,0.06827,0.01368,0.01739,0.0,0.0,0.0,0.0,0.0,0.0,0.0,0.0,0.0,0.0,0.0,0.0,0.0,0.0,0.0,0.0,0.0,0.0,0.0,0.0,0.0,0.0,0.0,0.0,3.907E-4,0.0,29360.0,127500.0,113000.0,37570.0,3.129E7,29700.0,20650.0,23030.0,17240.0,56030.0,0.0,1.495E-36,9.721E-37,4.314E-36,3.701E-36,6.435E-37,1.343E-37,3.5759999999999996E-39,3.181E-39,8.326E-39,1.813E-38,2.08E-35,0.0,0.4874,1.136,2.263,1.311,0.1221,0.04046,0.0016,0.001753,0.01501,0.004697,0.0,0.0,4.097E-4,4.454E-4,3.515E-4,0.9959,3.675E-4,3.551E-4,4.659E-4,5.401E-5,0.001693,0.0,0.01076,0.004206,0.005167,0.003409,0.1998,0.008364,4.037E-4,5.087E-4,0.006255,8.267E-4,
0.0,1493.0,149.9,199.3,124.8,0.1311,3.944,0.1318,0.1299,1.328,0.2751,0.0,343.7,0.1202,0.8996,0.08935,0.1528,0.1969,0.0119,0.02568,3.792,11.7,0.0,343.7,0.1202,0.8996,0.08935,0.1528,0.1969,0.0119,0.02568,3.792,11.7,0.0,0.0,0.0,0.0,0.0,0.0,0.0,0.0,0.0,0.0,0.0,0.0,17.66,435.4,148.2,37.25,748.9,187.0,4.817,4.726,30.51,6.661,0.0,80.79,3.63,8.009,55.14,15.93,0.3963,0.05842,0.06067,0.01182,0.01612,0.0,0.0,0.0,0.0,0.0,0.0,0.0,0.0,0.0,0.0,0.0,0.0,0.0,0.0,0.0,0.0,0.0,0.0,0.0,0.0,0.0,0.0,0.0,0.0,8.071E-4,0.0,29470.0,130500.0,110400.0,35040.0,2.993E7,28570.0,19380.0,21710.0,17070.0,53250.0,0.0,1.495E-36,9.84E-37,4.2760000000000004E-36,3.6660000000000005E-36,6.434E-37,1.328E-37,3.471E-39,3.1519999999999996E-39,8.277E-39,1.802E-38,2.08E-35,0.0,0.4875,1.149,2.251,1.31,0.1221,0.04035,0.0016,0.001797,0.015,0.00465,0.0,0.0,4.097E-4,4.454E-4,3.515E-4,0.9959,3.675E-4,3.551E-4,4.659E-4,5.401E-5,0.001693,0.0,0.01094,0.004223,0.005163,0.003399,0.1998,0.00818,3.83E-4,5.057E-4,0.00626,8.006E-4,
0.0,1498.0,122.0,219.3,128.0,0.1189,4.009,0.1329,0.1866,1.277,0.2699,0.0,343.7,0.1093,0.9171,0.08215,0.1527,0.1966,0.01219,0.02992,4.604,10.88,0.0,343.7,0.1093,0.9171,0.08215,0.1527,0.1966,0.01219,0.02992,4.604,10.88,0.0,0.0,0.0,0.0,0.0,0.0,0.0,0.0,0.0,0.0,0.0,0.0,17.66,435.6,147.8,37.39,746.6,187.1,5.062,4.903,30.51,6.683,0.0,80.81,3.644,8.347,54.02,15.82,0.3288,0.06301,0.0636,0.01208,0.01659,0.0,0.0,0.0,0.0,0.0,0.0,0.0,0.0,0.0,0.0,0.0,0.0,0.0,0.0,0.0,0.0,0.0,0.0,0.0,0.0,0.0,0.0,0.0,0.0,1.003E-4,0.0,29580.0,119800.0,108600.0,34540.0,2.848E7,28140.0,19360.0,22200.0,16040.0,50750.0,0.0,1.551E-36,9.21E-37,4.314E-36,3.5760000000000005E-36,6.4319999999999996E-37,1.315E-37,3.394E-39,3.241E-39,8.08E-39,1.798E-38,2.08E-35,0.0,0.5106,0.9565,2.391,1.333,0.122,0.04032,0.001618,0.002468,0.01438,0.004598,0.0,0.0,4.097E-4,4.454E-4,3.515E-4,0.9959,3.675E-4,3.551E-4,4.659E-4,5.401E-5,0.001693,0.0,0.01101,0.004035,0.005161,0.003382,0.1999,0.008119,4.167E-4,9.917E-4,0.005807,7.911E-4,
0.0,1494.0,140.2,208.6,117.5,0.1008,15.26,0.1322,0.1906,1.277,0.2688,0.0,343.7,0.1073,0.9285,0.07298,0.1531,0.1959,0.01764,0.03348,3.796,11.68,0.0,343.7,0.1073,0.9285,0.07298,0.1531,0.1959,0.01764,0.03348,3.796,11.68,0.0,0.0,0.0,0.0,0.0,0.0,0.0,0.0,0.0,0.0,0.0,0.0,17.66,427.5,155.9,39.2,746.5,187.0,4.96,4.965,30.73,6.707,0.0,80.13,3.755,7.701,50.38,15.85,0.3092,0.063,0.06349,0.01206,0.01659,0.0,0.0,0.0,0.0,0.0,0.0,0.0,0.0,0.0,0.0,0.0,0.0,0.0,0.0,0.0,0.0,0.0,0.0,0.0,0.0,0.0,0.0,0.0,0.0,1.0E-4,0.0,29700.0,120200.0,109000.0,34210.0,2.823E7,27770.0,18890.0,21700.0,15960.0,50360.0,0.0,1.477E-36,1.0500000000000001E-36,4.1800000000000004E-36,3.392E-36,6.4319999999999996E-37,2.5139999999999997E-37,3.3059999999999996E-39,3.2149999999999996E-39,7.946E-39,1.799E-38,2.08E-35,0.0,0.4881,1.088,2.293,1.29,0.122,0.07224,0.00161,0.002506,0.01436,0.004602,0.0,0.0,4.097E-4,4.454E-4,3.515E-4,0.9959,3.675E-4,3.551E-4,4.659E-4,5.401E-5,0.001693,0.0,0.01111,0.003968,0.005175,0.003398,0.2,0.008062,4.194E-4,0.001009,0.005775,7.991E-4,
0.0,1485.0,134.4,223.0,123.1,0.0851,4.046,0.1322,0.1913,1.276,0.2687,0.0,343.7,0.09626,0.9436,0.072,0.1496,0.1954,0.01524,0.03767,3.649,11.83,0.0,343.7,0.09626,0.9436,0.072,0.1496,0.1954,0.01524,0.03767,3.649,11.83,0.0,0.0,0.0,0.0,0.0,0.0,0.0,0.0,0.0,0.0,0.0,0.0,17.64,444.3,142.0,38.31,739.6,187.0,4.939,4.886,30.83,6.665,0.0,78.66,3.914,7.742,57.68,15.86,0.2732,0.06304,0.06361,0.01216,0.01661,0.0,0.0,0.0,0.0,0.0,0.0,0.0,0.0,0.0,0.0,0.0,0.0,0.0,0.0,0.0,0.0,0.0,0.0,0.0,0.0,0.0,0.0,0.0,0.0,1.0E-4,0.0,29720.0,123600.0,110000.0,33890.0,2.877E7,27930.0,19130.0,21900.0,16110.0,51240.0,0.0,1.2960000000000001E-36,8.526999999999999E-37,4.376E-36,3.4980000000000004E-36,6.233E-37,1.294E-37,3.222E-39,3.1879999999999996E-39,7.861E-39,1.7939999999999999E-38,2.08E-35,0.0,0.4283,1.034,2.397,1.334,0.1179,0.04026,0.00161,0.002522,0.01435,0.004601,0.0,0.0,4.097E-4,4.454E-4,3.515E-4,0.9959,3.675E-4,3.551E-4,4.659E-4,5.401E-5,0.001693,0.0,0.01114,0.004058,0.005072,0.003395,0.1999,0.008016,4.196E-4,0.001008,0.005785,7.894E-4,
0.0,1485.0,136.7,224.6,120.4,0.074,6.228,0.06263,0.1747,1.252,0.2408,0.0,343.7,0.1031,0.9311,0.1098,0.1922,0.4926,0.02383,0.04289,3.84,11.25,0.0,343.7,0.1031,0.9311,0.1098,0.1922,0.4926,0.02383,0.04289,3.84,11.25,0.0,0.0,0.0,0.0,0.0,0.0,0.0,0.0,0.0,0.0,0.0,0.0,17.64,445.1,141.0,39.21,735.5,188.4,4.918,4.832,30.84,6.677,0.0,78.66,4.159,12.79,44.42,17.95,1.89,0.1144,0.08324,0.03443,0.05464,0.0,0.0,0.0,0.0,0.0,0.0,0.0,0.0,0.0,0.0,0.0,0.0,0.0,0.0,0.0,0.0,0.0,0.0,0.0,0.0,0.0,0.0,0.0,0.0,1.0E-4,0.0,29800.0,126100.0,111700.0,40960.0,2.98E7,34230.0,20000.0,22580.0,16650.0,53180.0,0.0,1.2960000000000001E-36,8.872E-37,4.2710000000000005E-36,3.39E-36,6.501E-37,1.9609999999999998E-37,2.7809999999999997E-39,3.1789999999999996E-39,7.749E-39,1.802E-38,2.08E-35,0.0,0.4284,1.049,2.343,1.319,0.1303,0.07317,0.001426,0.002564,0.01432,0.00471,0.0,0.0,4.097E-4,4.454E-4,3.515E-4,0.9959,3.675E-4,3.551E-4,4.659E-4,5.401E-5,0.001693,0.0,0.01123,0.004111,0.004998,0.003338,0.1999,0.007975,4.2E-4,9.907E-4,0.005816,7.896E-4,
0.0,1486.0,133.4,226.0,128.6,0.06696,3.675,0.06273,0.1736,1.253,0.2391,0.0,343.7,0.1011,0.9529,0.07191,0.202,0.4894,0.0271,0.04434,4.268,10.82,0.0,343.7,0.1011,0.9529,0.07191,0.202,0.4894,0.0271,0.04434,4.268,10.82,0.0,0.0,0.0,0.0,0.0,0.0,0.0,0.0,0.0,0.0,0.0,0.0,17.64,444.7,147.4,39.27,733.4,187.5,4.927,4.837,30.84,6.672,0.0,78.66,4.211,8.343,43.19,17.79,0.631,0.07328,0.06859,0.01799,0.0246,0.0,0.0,0.0,0.0,0.0,0.0,0.0,0.0,0.0,0.0,0.0,0.0,0.0,0.0,0.0,0.0,0.0,0.0,0.0,0.0,0.0,0.0,0.0,0.0,4.403E-4,0.0,29850.0,124600.0,111700.0,40310.0,3.108E7,34790.0,20770.0,23450.0,16670.0,55470.0,0.0,1.323E-36,8.409E-37,4.253E-36,3.4020000000000005E-36,6.320999999999999E-37,1.508E-37,2.402E-39,3.033E-39,7.568E-39,1.773E-38,2.08E-35,0.0,0.442,1.025,2.35,1.34,0.1256,0.04574,0.001158,0.002459,0.01422,0.004491,0.0,0.0,4.097E-4,4.454E-4,3.515E-4,0.9959,3.675E-4,3.551E-4,4.659E-4,5.401E-5,0.001693,0.0,0.01126,0.00407,0.005109,0.003281,0.1996,0.007902,4.199E-4,9.942E-4,0.005815,7.834E-4,
0.0,1488.0,131.6,227.7,131.8,0.2882,4.231,0.06265,0.1728,1.251,0.2398,0.0,343.7,0.1088,0.9553,0.08533,0.303,0.2814,0.05044,0.08324,3.761,11.33,0.0,343.7,0.1088,0.9553,0.08533,0.303,0.2814,0.05044,0.08324,3.761,11.33,0.0,0.0,0.0,0.0,0.0,0.0,0.0,0.0,0.0,0.0,0.0,0.0,17.64,424.5,154.7,46.9,733.1,196.9,5.003,4.86,30.88,6.74,0.0,78.66,2.448,7.112,39.39,17.78,1.245,0.09038,0.07566,0.02497,0.0373,0.0,0.0,0.0,0.0,0.0,0.0,0.0,0.0,0.0,0.0,0.0,0.0,0.0,0.0,0.0,0.0,0.0,0.0,0.0,0.0,0.0,0.0,0.0,0.0,1.0E-4,0.0,29930.0,120400.0,112200.0,41800.0,3.255E7,34800.0,22080.0,24550.0,17060.0,58160.0,0.0,1.3700000000000001E-36,7.572999999999999E-37,4.2380000000000004E-36,3.362E-36,6.394E-37,1.84E-37,3.0719999999999996E-39,3.282E-39,7.796E-39,1.821E-38,2.08E-35,0.0,0.4596,1.016,2.334,1.334,0.1284,0.05155,0.00165,0.002661,0.01439,0.004867,0.0,0.0,4.097E-4,4.454E-4,3.515E-4,0.9959,3.675E-4,3.551E-4,4.659E-4,5.401E-5,0.001693,0.0,0.01131,0.003866,0.005183,0.003284,0.1996,0.007869,4.286E-4,9.77E-4,0.005843,7.839E-4,
0.0,1482.0,134.7,232.1,134.8,0.316,4.4,0.05666,0.1645,1.246,0.2121,0.0,343.7,0.1388,1.012,0.07147,0.3905,0.2037,0.01811,0.09011,3.844,11.19,0.0,343.7,0.1388,1.012,0.07147,0.3905,0.2037,0.01811,0.09011,3.844,11.19,0.0,0.0,0.0,0.0,0.0,0.0,0.0,0.0,0.0,0.0,0.0,0.0,17.63,427.4,153.3,46.79,722.1,196.5,6.476,5.472,31.49,8.052,0.0,77.52,3.466,6.112,35.81,15.7,3.289,0.06662,0.06654,0.01589,0.01939,0.0,0.0,0.0,0.0,0.0,0.0,0.0,0.0,0.0,0.0,0.0,0.0,0.0,0.0,0.0,0.0,0.0,0.0,0.0,0.0,0.0,0.0,0.0,0.0,1.002E-4,0.0,30610.0,117700.0,107800.0,37050.0,3.413E7,36810.0,30080.0,28260.0,19930.0,66040.0,0.0,1.2720000000000001E-36,9.696E-37,4.1420000000000005E-36,3.3170000000000003E-36,6.249E-37,1.867E-37,1.286E-39,1.9539999999999998E-39,6.605E-39,1.447E-38,2.08E-35,0.0,0.4329,1.045,2.352,1.323,0.118,0.05363,6.922E-4,0.002113,0.0139,0.003443,0.0,0.0,4.097E-4,4.454E-4,3.515E-4,0.9959,3.675E-4,3.551E-4,4.659E-4,5.401E-5,0.001693,0.0,0.01136,0.003956,0.005119,0.003191,0.1996,0.007838,4.748E-4,9.891E-4,0.005853,7.988E-4,
0.0,1493.0,123.3,225.1,133.5,0.3268,5.051,0.05689,0.166,1.245,0.21,0.0,343.7,0.09723,1.007,0.06586,0.4199,0.2043,0.01943,0.08893,3.516,11.52,0.0,343.7,0.09723,1.007,0.06586,0.4199,0.2043,0.01943,0.08893,3.516,11.52,0.0,0.0,0.0,0.0,0.0,0.0,0.0,0.0,0.0,0.0,0.0,0.0,17.63,421.4,164.7,48.52,722.3,196.7,7.054,5.704,31.73,8.52,0.0,77.66,5.113,7.443,40.6,15.89,2.963,0.0665,0.0648,0.01471,0.01919,0.0,0.0,0.0,0.0,0.0,0.0,0.0,0.0,0.0,0.0,0.0,0.0,0.0,0.0,0.0,0.0,0.0,0.0,0.0,0.0,0.0,0.0,0.0,0.0,1.0E-4,0.0,31080.0,112600.0,121600.0,38500.0,3.385E7,36000.0,32350.0,29250.0,20680.0,66670.0,0.0,1.4840000000000001E-36,6.963E-37,3.9750000000000005E-36,3.139E-36,8.281E-37,2.091E-37,1.291E-39,1.944E-39,6.557999999999999E-39,1.444E-38,2.08E-35,0.0,0.5206,0.9712,2.296,1.309,0.1633,0.05736,7.016E-4,0.002118,0.01386,0.003433,0.0,0.0,4.097E-4,4.454E-4,3.515E-4,0.9959,3.675E-4,3.551E-4,4.659E-4,5.401E-5,0.001693,0.0,0.01147,0.003983,0.005062,0.003099,0.1995,0.007844,4.947E-4,0.001001,0.005849,8.159E-4,
0.0,1499.0,102.0,240.2,130.9,2.02,5.04,0.0578,0.168,1.242,0.2094,0.0,343.7,0.1081,1.031,0.06482,0.3832,0.2037,0.01991,0.2391,4.003,10.88,0.0,343.7,0.1081,1.031,0.06482,0.3832,0.2037,0.01991,0.2391,4.003,10.88,0.0,0.0,0.0,0.0,0.0,0.0,0.0,0.0,0.0,0.0,0.0,0.0,17.63,432.3,161.7,46.82,721.3,196.7,7.107,5.757,31.2,8.529,0.0,79.31,3.47,8.072,40.38,15.95,2.445,0.06632,0.06421,0.01425,0.079,0.0,0.0,0.0,0.0,0.0,0.0,0.0,0.0,0.0,0.0,0.0,0.0,0.0,0.0,0.0,0.0,0.0,0.0,0.0,0.0,0.0,0.0,0.0,0.0,1.0E-4,0.0,34690.0,111600.0,127100.0,36910.0,3.142E7,32110.0,31880.0,28380.0,20550.0,61740.0,0.0,1.5270000000000002E-36,7.106E-37,4.1490000000000005E-36,3.09E-36,5.449E-37,2.074E-37,1.289E-39,1.9359999999999998E-39,6.527E-39,1.276E-38,2.08E-35,0.0,0.5898,0.8336,2.455,1.256,0.1157,0.05637,7.103E-4,0.002138,0.01383,0.003558,0.0,0.0,4.097E-4,4.454E-4,3.515E-4,0.9959,3.675E-4,3.551E-4,4.659E-4,5.401E-5,0.001693,0.0,0.01156,0.003959,0.005669,0.003069,0.1991,0.007791,4.927E-4,0.001005,0.005862,7.924E-4,
0.0,1498.0,102.0,222.6,137.3,0.2969,5.302,0.05786,0.1699,1.241,0.2094,0.0,343.7,0.1131,1.018,0.07277,0.3782,0.2029,0.01984,0.09019,3.873,11.16,0.0,343.7,0.1131,1.018,0.07277,0.3782,0.2029,0.01984,0.09019,3.873,11.16,0.0,0.0,0.0,0.0,0.0,0.0,0.0,0.0,0.0,0.0,0.0,0.0,17.62,437.4,160.4,47.05,724.2,196.8,7.107,5.757,31.2,8.56,0.0,78.73,3.413,24.89,35.68,18.57,2.451,0.06621,0.06406,0.0141,0.08131,0.0,0.0,0.0,0.0,0.0,0.0,0.0,0.0,0.0,0.0,0.0,0.0,0.0,0.0,0.0,0.0,0.0,0.0,0.0,0.0,0.0,0.0,0.0,0.0,1.0E-4,0.0,35370.0,111000.0,115800.0,36580.0,3.044E7,31100.0,30690.0,27230.0,20400.0,60100.0,0.0,1.485E-36,7.316E-37,4.0840000000000005E-36,3.091E-36,5.044E-37,2.178E-37,1.2849999999999999E-39,1.93E-39,6.493E-39,1.185E-38,2.08E-35,0.0,0.5753,0.8253,2.461,1.278,0.1067,0.05834,7.097E-4,0.002158,0.01381,0.003422,0.0,0.0,4.097E-4,4.454E-4,3.515E-4,0.9959,3.675E-4,3.551E-4,4.659E-4,5.401E-5,0.001693,0.0,0.01164,0.003939,0.005502,0.003104,0.1991,0.007722,4.91E-4,0.001009,0.005856,7.954E-4,
0.0,1498.0,99.81,213.4,143.3,0.2639,5.29,0.05785,0.1725,1.24,0.2073,0.0,343.7,0.1013,1.057,0.06981,0.3527,0.204,0.01999,0.2378,4.746,10.14,0.0,343.7,0.1013,1.057,0.06981,0.3527,0.204,0.01999,0.2378,4.746,10.14,0.0,0.0,0.0,0.0,0.0,0.0,0.0,0.0,0.0,0.0,0.0,0.0,17.62,445.2,146.9,52.27,731.9,196.7,7.111,5.756,31.2,8.534,0.0,78.73,3.312,26.27,40.82,17.17,2.237,0.06654,0.06492,0.01421,0.08564,0.0,0.0,0.0,0.0,0.0,0.0,0.0,0.0,0.0,0.0,0.0,0.0,0.0,0.0,0.0,0.0,0.0,0.0,0.0,0.0,0.0,0.0,0.0,0.0,3.863E-4,0.0,35380.0,107900.0,130500.0,66900.0,2.971E7,51850.0,28750.0,24670.0,20240.0,51590.0,0.0,1.485E-36,6.045E-37,4.229E-36,3.114E-36,4.274E-37,2.066E-37,1.279E-39,1.9229999999999998E-39,6.471E-39,1.184E-38,2.08E-35,0.0,0.5753,0.8001,2.461,1.32,0.08659,0.0571,7.111E-4,0.002195,0.0138,0.003404,0.0,0.0,3.951E-4,3.632E-4,0.001483,0.9945,0.001157,2.958E-4,3.881E-4,4.499E-5,0.001411,0.0,0.01164,0.003677,0.005537,0.003463,0.1985,0.007827,4.806E-4,0.001027,0.005838,7.387E-4,
0.0,1498.0,92.27,217.2,145.6,0.2342,7.407,0.05801,0.1727,1.236,0.212,0.0,343.7,0.0838,1.06,0.07844,0.352,0.2063,0.01512,0.2092,3.584,11.33,0.0,343.7,0.0838,1.06,0.07844,0.352,0.2063,0.01512,0.2092,3.584,11.33,0.0,0.0,0.0,0.0,0.0,0.0,0.0,0.0,0.0,0.0,0.0,0.0,17.62,452.6,144.0,52.63,734.5,197.9,7.013,5.688,31.73,8.496,0.0,78.73,3.286,25.95,39.12,17.17,2.253,0.06679,0.06543,0.01372,0.08658,0.0,0.0,0.0,0.0,0.0,0.0,0.0,0.0,0.0,0.0,0.0,0.0,0.0,0.0,0.0,0.0,0.0,0.0,0.0,0.0,0.0,0.0,0.0,0.0,1.0E-4,0.0,35390.0,108000.0,125000.0,68970.0,2.823E7,54270.0,29760.0,25580.0,20480.0,54620.0,0.0,1.5E-36,5.294E-37,4.192E-36,3.123E-36,4.2729999999999995E-37,2.529E-37,1.277E-39,1.917E-39,6.435E-39,1.185E-38,2.08E-35,0.0,0.5826,0.7383,2.484,1.328,0.08654,0.07479,7.157E-4,0.002196,0.01377,0.003454,0.0,0.0,4.497E-4,4.134E-4,0.001688,0.9937,0.001317,3.367E-4,4.417E-4,5.121E-5,0.001605,0.0,0.01165,0.003611,0.005506,0.003537,0.198,0.00788,4.919E-4,0.001043,0.00581,7.816E-4,
0.0,1499.0,90.86,213.0,144.7,0.2028,7.193,0.05994,0.1913,1.231,0.2128,0.0,343.7,0.08547,1.061,0.0739,0.3531,0.2068,0.01548,0.281,3.5,11.34,0.0,343.7,0.08547,1.061,0.0739,0.3531,0.2068,0.01548,0.281,3.5,11.34,0.0,0.0,0.0,0.0,0.0,0.0,0.0,0.0,0.0,0.0,0.0,0.0,17.62,443.7,154.7,52.88,734.7,199.0,7.072,5.721,31.24,8.608,0.0,78.73,5.362,27.88,40.28,17.68,2.444,0.06619,0.05066,0.01019,0.08694,0.0,0.0,0.0,0.0,0.0,0.0,0.0,0.0,0.0,0.0,0.0,0.0,0.0,0.0,0.0,0.0,0.0,0.0,0.0,0.0,0.0,0.0,0.0,0.0,1.0E-4,0.0,35420.0,105500.0,121000.0,67850.0,2.631E7,53140.0,30020.0,25340.0,20690.0,53540.0,0.0,1.506E-36,5.682E-37,4.0590000000000005E-36,3.1570000000000004E-36,4.402E-37,2.524E-37,1.275E-39,1.939E-39,6.399E-39,1.182E-38,2.08E-35,0.0,0.586,0.7391,2.469,1.329,0.09133,0.07463,7.346E-4,0.00225,0.01367,0.003457,0.0,0.0,4.695E-4,4.315E-4,0.001762,0.9934,0.001375,3.515E-4,4.611E-4,5.346E-5,0.001676,0.0,0.01167,0.003518,0.005561,0.003478,0.1977,0.007902,4.974E-4,0.001029,0.005831,7.873E-4,
0.0,1491.0,105.3,214.7,144.6,0.1893,7.2,0.05999,0.2738,1.149,0.2114,0.0,343.7,0.08532,1.066,0.07366,0.3474,0.2068,0.01551,0.2989,4.213,10.61,0.0,343.7,0.08532,1.066,0.07366,0.3474,0.2068,0.01551,0.2989,4.213,10.61,0.0,0.0,0.0,0.0,0.0,0.0,0.0,0.0,0.0,0.0,0.0,0.0,17.6,444.1,157.3,52.87,732.7,199.0,7.062,5.712,31.19,8.613,0.0,85.58,9.021,20.34,27.04,18.89,2.437,0.0662,0.05121,0.01054,0.0871,0.0,0.0,0.0,0.0,0.0,0.0,0.0,0.0,0.0,0.0,0.0,0.0,0.0,0.0,0.0,0.0,0.0,0.0,0.0,0.0,0.0,0.0,0.0,0.0,1.001E-4,0.0,39180.0,103400.0,123000.0,62130.0,2.537E7,51630.0,30590.0,27160.0,18930.0,52380.0,0.0,1.4200000000000001E-36,5.7529999999999996E-37,4.028E-36,2.9970000000000002E-36,4.522E-37,2.522E-37,1.2719999999999999E-39,2.0579999999999998E-39,6.244E-39,1.181E-38,2.08E-35,0.0,0.5375,0.8285,2.456,1.293,0.09692,0.07463,7.352E-4,0.003239,0.0127,0.003439,0.0,0.0,4.695E-4,4.315E-4,0.001762,0.9934,0.001375,3.515E-4,4.611E-4,5.346E-5,0.001676,0.0,0.01173,0.003502,0.005585,0.0034,0.1977,0.0079,4.967E-4,0.001797,0.005073,7.774E-4,
0.0,1498.0,107.7,218.3,141.3,0.2433,7.562,0.05991,0.2782,1.145,0.2108,0.0,343.7,0.1004,1.054,0.07358,0.3474,0.2018,0.01612,0.2019,3.932,10.99,0.0,343.7,0.1004,1.054,0.07358,0.3474,0.2018,0.01612,0.2019,3.932,10.99,0.0,0.0,0.0,0.0,0.0,0.0,0.0,0.0,0.0,0.0,0.0,0.0,17.6,444.8,162.5,52.85,723.9,198.9,6.93,5.778,31.49,8.512,0.0,85.58,6.479,16.94,22.79,18.84,2.046,0.06634,0.05195,0.01103,0.08731,0.0,0.0,0.0,0.0,0.0,0.0,0.0,0.0,0.0,0.0,0.0,0.0,0.0,0.0,0.0,0.0,0.0,0.0,0.0,0.0,0.0,0.0,0.0,0.0,6.031E-4,0.0,39270.0,103500.0,123400.0,61890.0,2.55E7,51660.0,31780.0,27850.0,19140.0,52940.0,0.0,1.4760000000000001E-36,6.313E-37,3.979E-36,2.9200000000000002E-36,4.523E-37,2.298E-37,1.27E-39,2.06E-39,6.209E-39,1.181E-38,2.08E-35,0.0,0.5908,0.8479,2.43,1.245,0.09694,0.06987,7.36E-4,0.003299,0.01266,0.003434,0.0,0.0,4.695E-4,4.315E-4,0.001762,0.9934,0.001375,3.515E-4,4.611E-4,5.346E-5,0.001676,0.0,0.01176,0.003512,0.005555,0.003385,0.1977,0.007903,5.033E-4,0.001839,0.005018,7.793E-4,
0.0,1499.0,108.2,222.3,143.4,0.2832,7.742,0.05576,0.2809,1.141,0.2128,0.0,343.7,0.09921,1.036,0.09355,0.3484,0.2036,0.01527,0.2017,3.11,11.81,0.0,343.7,0.09921,1.036,0.09355,0.3484,0.2036,0.01527,0.2017,3.11,11.81,0.0,0.0,0.0,0.0,0.0,0.0,0.0,0.0,0.0,0.0,0.0,0.0,17.6,449.3,163.0,52.87,720.0,198.9,6.955,5.732,31.16,8.63,0.0,85.58,5.871,15.67,16.68,18.82,1.87,0.06602,0.05083,0.01027,0.08699,0.0,0.0,0.0,0.0,0.0,0.0,0.0,0.0,0.0,0.0,0.0,0.0,0.0,0.0,0.0,0.0,0.0,0.0,0.0,0.0,0.0,0.0,0.0,0.0,5.15E-4,0.0,39360.0,104500.0,123900.0,63500.0,2.626E7,52250.0,32860.0,28620.0,19500.0,54390.0,0.0,1.4840000000000001E-36,6.612E-37,3.966E-36,2.8620000000000002E-36,4.523E-37,2.296E-37,1.2559999999999999E-39,2.052E-39,6.186E-39,1.181E-38,2.08E-35,0.0,0.5959,0.8462,2.418,1.247,0.09706,0.06994,6.787E-4,0.003316,0.0126,0.003457,0.0,0.0,4.695E-4,4.315E-4,0.001762,0.9934,0.001375,3.515E-4,4.611E-4,5.346E-5,0.001676,0.0,0.01177,0.003529,0.005526,0.003382,0.1977,0.007955,4.449E-4,0.001831,0.005031,7.825E-4,
0.0,1505.0,104.9,217.7,148.4,0.2629,7.927,0.05531,0.2825,1.14,0.2131,0.0,343.7,0.1016,1.058,0.07252,0.3447,0.2034,0.01521,0.3514,2.701,12.07,0.0,343.7,0.1016,1.058,0.07252,0.3447,0.2034,0.01521,0.3514,2.701,12.07,0.0,0.0,0.0,0.0,0.0,0.0,0.0,0.0,0.0,0.0,0.0,0.0,17.6,455.1,161.0,53.03,716.0,198.9,6.955,5.733,31.15,8.628,0.0,85.58,4.308,17.4,12.24,19.31,1.684,0.0658,0.05,0.009708,0.08676,0.0,0.0,0.0,0.0,0.0,0.0,0.0,0.0,0.0,0.0,0.0,0.0,0.0,0.0,0.0,0.0,0.0,0.0,0.0,0.0,0.0,0.0,0.0,0.0,1.0E-4,0.0,39480.0,103300.0,126100.0,67580.0,2.735E7,53030.0,33010.0,29220.0,19340.0,55710.0,0.0,1.5590000000000002E-36,5.984E-37,3.986E-36,2.812E-36,4.404E-37,2.294E-37,1.251E-39,2.0439999999999998E-39,6.167E-39,1.18E-38,2.08E-35,0.0,0.6462,0.8322,2.409,1.224,0.09164,0.06992,6.721E-4,0.003328,0.01258,0.003461,0.0,0.0,4.695E-4,4.315E-4,0.001762,0.9934,0.001375,3.515E-4,4.611E-4,5.346E-5,0.001676,0.0,0.01185,0.003523,0.005548,0.003311,0.1977,0.007923,4.317E-4,0.001832,0.005027,7.829E-4,
0.0,1505.0,105.3,218.5,152.5,0.2483,8.132,0.5558,0.3135,1.181,1.057,0.0,343.7,0.09354,1.065,0.07681,0.3421,0.2035,0.01796,0.353,3.366,11.4,0.0,343.7,0.09354,1.065,0.07681,0.3421,0.2035,0.01796,0.353,3.366,11.4,0.0,0.0,0.0,0.0,0.0,0.0,0.0,0.0,0.0,0.0,0.0,0.0,17.6,458.9,160.4,53.04,711.0,198.5,6.029,5.366,35.34,7.961,0.0,85.58,4.125,14.53,8.589,19.25,1.478,0.07202,0.05202,0.0487,0.09107,0.0,0.0,0.0,0.0,0.0,0.0,0.0,0.0,0.0,0.0,0.0,0.0,0.0,0.0,0.0,0.0,0.0,0.0,0.0,0.0,0.0,0.0,0.0,0.0,1.066E-4,0.0,39490.0,102700.0,120200.0,68750.0,2.857E7,52720.0,28720.0,27760.0,42750.0,54750.0,0.0,1.5590000000000002E-36,6.0179999999999995E-37,3.902E-36,2.8280000000000003E-36,4.403E-37,2.296E-37,1.322E-38,2.564E-39,9.03E-39,2.961E-38,2.08E-35,0.0,0.6462,0.8447,2.372,1.236,0.0916,0.06998,0.003517,0.003594,0.01341,0.01056,0.0,0.0,4.695E-4,4.315E-4,0.001762,0.9934,0.001375,3.515E-4,4.611E-4,5.346E-5,0.001676,0.0,0.01185,0.00353,0.005553,0.0033,0.1976,0.007916,3.88E-4,0.001836,0.005194,7.508E-4,
0.0,1507.0,101.4,222.1,153.1,0.222,8.1,0.5558,0.3186,1.178,1.057,0.0,343.7,0.08693,1.071,0.07941,0.3345,0.204,0.02048,0.3804,4.419,10.31,0.0,343.7,0.08693,1.071,0.07941,0.3345,0.204,0.02048,0.3804,4.419,10.31,0.0,0.0,0.0,0.0,0.0,0.0,0.0,0.0,0.0,0.0,0.0,0.0,17.6,460.6,160.7,53.23,710.1,198.8,6.764,6.064,31.78,8.6,0.0,85.58,4.137,13.7,7.202,19.25,1.51,0.07331,0.05264,0.04026,0.0922,0.0,0.0,0.0,0.0,0.0,0.0,0.0,0.0,0.0,0.0,0.0,0.0,0.0,0.0,0.0,0.0,0.0,0.0,0.0,0.0,0.0,0.0,0.0,0.0,4.282E-4,0.0,40840.0,104900.0,116600.0,69770.0,2.994E7,55950.0,31400.0,29130.0,26860.0,59060.0,0.0,1.59E-36,5.72E-37,3.9100000000000004E-36,2.79E-36,4.402E-37,2.294E-37,1.297E-38,2.5029999999999998E-39,8.733999999999999E-39,2.748E-38,2.08E-35,0.0,0.6638,0.8115,2.396,1.227,0.09154,0.06998,0.003526,0.003659,0.01332,0.01056,0.0,0.0,4.695E-4,4.315E-4,0.001762,0.9934,0.001375,3.515E-4,4.611E-4,5.346E-5,0.001676,0.0,0.01187,0.003513,0.005565,0.003281,0.1977,0.007928,4.174E-4,0.001899,0.005002,7.815E-4,
0.0,1507.0,101.1,221.9,153.6,0.2606,8.459,0.5707,0.3207,1.099,1.021,0.0,343.7,0.08628,1.066,0.07601,0.3365,0.2023,0.01839,0.3589,4.418,10.34,0.0,343.7,0.08628,1.066,0.07601,0.3365,0.2023,0.01839,0.3589,4.418,10.34,0.0,0.0,0.0,0.0,0.0,0.0,0.0,0.0,0.0,0.0,0.0,0.0,17.6,462.1,158.9,51.34,719.2,192.2,9.03,6.361,32.43,7.043,0.0,85.58,4.148,12.87,6.753,19.78,1.675,0.07442,0.05346,0.0409,0.09296,0.0,0.0,0.0,0.0,0.0,0.0,0.0,0.0,0.0,0.0,0.0,0.0,0.0,0.0,0.0,0.0,0.0,0.0,0.0,0.0,0.0,0.0,0.0,0.0,3.653E-4,0.0,41220.0,105600.0,116700.0,71420.0,3.086E7,60200.0,31140.0,29310.0,26000.0,60470.0,0.0,1.59E-36,5.714E-37,3.857E-36,2.7760000000000003E-36,4.674E-37,2.423E-37,1.348E-38,2.5839999999999998E-39,7.331999999999999E-39,2.4939999999999997E-38,2.08E-35,0.0,0.6638,0.8101,2.386,1.229,0.09795,0.07253,0.003651,0.003681,0.01243,0.01019,0.0,0.0,4.722E-4,4.341E-4,0.001772,0.9934,0.001383,3.535E-4,4.638E-4,5.377E-5,0.001686,0.0,0.01187,0.003507,0.005567,0.003253,0.1959,0.007854,4.461E-4,0.001909,0.00504,7.404E-4,
0.0,1509.0,100.6,222.0,151.4,0.2643,8.267,0.5854,0.327,1.108,1.029,0.0,343.7,0.08682,1.066,0.07707,0.3367,0.1975,0.01898,0.3549,4.225,10.54,0.0,343.7,0.08682,1.066,0.07707,0.3367,0.1975,0.01898,0.3549,4.225,10.54,0.0,0.0,0.0,0.0,0.0,0.0,0.0,0.0,0.0,0.0,0.0,0.0,17.6,464.5,162.3,54.97,732.9,175.8,11.43,7.452,33.8,8.488,0.0,85.58,4.12,12.71,6.683,19.68,1.859,0.07715,0.05519,0.04247,0.0947,0.0,0.0,0.0,0.0,0.0,0.0,0.0,0.0,0.0,0.0,0.0,0.0,0.0,0.0,0.0,0.0,0.0,0.0,0.0,0.0,0.0,0.0,0.0,0.0,9.541E-4,0.0,41370.0,103200.0,116100.0,67410.0,2.844E7,56780.0,30260.0,28170.0,25400.0,56240.0,0.0,1.635E-36,5.586E-37,3.848E-36,2.7240000000000002E-36,4.632E-37,2.402E-37,1.399E-38,2.882E-39,7.544999999999999E-39,2.383E-38,2.08E-35,0.0,0.6861,0.8079,2.385,1.207,0.09686,0.0721,0.003799,0.003746,0.01253,0.01027,0.0,0.0,4.722E-4,4.341E-4,0.001772,0.9934,0.001383,3.535E-4,4.638E-4,5.377E-5,0.001686,0.0,0.0119,0.003479,0.005572,0.003269,0.196,0.007714,4.624E-4,0.001903,0.005065,7.473E-4,
0.0,1510.0,100.3,222.8,148.6,0.9657,7.961,0.5785,0.3269,1.098,1.026,0.0,343.7,0.08689,1.055,0.07817,0.3464,0.1977,0.01911,0.3566,4.223,10.54,0.0,343.7,0.08689,1.055,0.07817,0.3464,0.1977,0.01911,0.3566,4.223,10.54,0.0,0.0,0.0,0.0,0.0,0.0,0.0,0.0,0.0,0.0,0.0,0.0,17.6,461.6,165.3,55.31,731.7,175.8,11.43,7.938,33.01,8.457,0.0,85.58,4.092,12.77,6.763,19.73,2.167,0.08501,0.05968,0.04667,0.09966,0.0,0.0,0.0,0.0,0.0,0.0,0.0,0.0,0.0,0.0,0.0,0.0,0.0,0.0,0.0,0.0,0.0,0.0,0.0,0.0,0.0,0.0,0.0,0.0,6.385E-4,0.0,41410.0,124700.0,137600.0,60890.0,2.765E7,51480.0,28990.0,26190.0,25060.0,48600.0,0.0,1.657E-36,5.577E-37,3.8130000000000004E-36,2.7110000000000002E-36,4.592E-37,2.398E-37,1.383E-38,2.8399999999999998E-39,7.405E-39,2.252E-38,2.08E-35,0.0,0.6973,0.8059,2.386,1.196,0.09592,0.07211,0.003807,0.003795,0.01245,0.01028,0.0,0.0,0.001456,7.306E-4,0.001553,0.9929,0.001167,2.983E-4,3.913E-4,4.537E-5,0.001422,0.0,0.01192,0.003627,0.005613,0.003255,0.1958,0.007677,4.531E-4,0.001868,0.005088,7.035E-4,
0.0,1511.0,99.95,224.8,138.9,0.3993,12.74,0.4685,0.2951,1.021,0.2515,0.0,343.7,0.08621,1.061,0.07756,0.3924,0.2427,0.02949,0.359,4.239,10.41,0.0,343.7,0.08621,1.061,0.07756,0.3924,0.2427,0.02949,0.359,4.239,10.41,0.0,0.0,0.0,0.0,0.0,0.0,0.0,0.0,0.0,0.0,0.0,0.0,17.6,462.0,155.5,59.78,735.4,184.7,11.5,7.844,33.19,8.596,0.0,85.58,4.005,12.21,8.817,20.34,2.587,0.1481,0.07981,0.08807,0.8149,0.0,0.0,0.0,0.0,0.0,0.0,0.0,0.0,0.0,0.0,0.0,0.0,0.0,0.0,0.0,0.0,0.0,0.0,0.0,0.0,0.0,0.0,0.0,0.0,1.0E-4,0.0,41630.0,128300.0,136000.0,66770.0,2.678E7,58100.0,30540.0,27900.0,25020.0,55930.0,0.0,1.679E-36,5.546E-37,3.7560000000000005E-36,2.59E-36,4.5779999999999995E-37,3.5849999999999998E-37,1.3189999999999999E-38,2.6689999999999998E-39,6.929E-39,2.113E-38,2.08E-35,0.0,0.7084,0.8025,2.387,1.141,0.09698,0.1125,0.003398,0.003689,0.01214,0.009479,0.0,0.0,0.00172,8.633E-4,0.001835,0.9917,0.001379,3.524E-4,4.624E-4,5.361E-5,0.001681,0.0,0.01196,0.003644,0.005524,0.003352,0.1952,0.007688,4.723E-4,0.00189,0.005083,8.222E-4,
0.0,1514.0,99.98,218.9,140.0,1.684,11.8,0.4555,0.2896,1.014,0.2025,0.0,343.7,0.08666,1.045,0.06996,0.3701,0.2308,0.02027,0.3568,4.53,10.19,0.0,343.7,0.08666,1.045,0.06996,0.3701,0.2308,0.02027,0.3568,4.53,10.19,0.0,0.0,0.0,0.0,0.0,0.0,0.0,0.0,0.0,0.0,0.0,0.0,17.6,460.6,158.6,43.68,740.2,197.4,11.48,7.842,33.17,8.595,0.0,85.63,4.051,13.38,8.962,20.49,3.096,0.1985,0.0952,0.1206,0.5697,0.0,0.0,0.0,0.0,0.0,0.0,0.0,0.0,0.0,0.0,0.0,0.0,0.0,0.0,0.0,0.0,0.0,0.0,0.0,0.0,0.0,0.0,0.0,0.0,8.119E-4,0.0,42390.0,126300.0,135500.0,63580.0,2.537E7,59430.0,30660.0,27650.0,24930.0,53000.0,0.0,1.6850000000000002E-36,5.582E-37,3.6520000000000004E-36,2.6440000000000003E-36,4.856E-37,3.456E-37,1.379E-38,2.807E-39,7.322E-39,1.635E-38,2.08E-35,0.0,0.7128,0.8037,2.35,1.144,0.1106,0.1295,0.003809,0.003798,0.01242,0.006248,0.0,0.0,0.00172,8.633E-4,0.001835,0.9917,0.001379,3.524E-4,4.624E-4,5.361E-5,0.001681,0.0,0.01199,0.003657,0.005505,0.003103,0.1953,0.007887,4.767E-4,0.00189,0.005086,7.983E-4,
0.0,1514.0,97.03,222.1,141.5,2.039,4.976,0.4457,0.2861,1.009,0.228,0.0,343.7,0.0851,1.047,0.07776,0.3701,0.2217,0.02047,0.3568,4.127,10.59,0.0,343.7,0.0851,1.047,0.07776,0.3701,0.2217,0.02047,0.3568,4.127,10.59,0.0,0.0,0.0,0.0,0.0,0.0,0.0,0.0,0.0,0.0,0.0,0.0,17.6,459.2,161.2,47.98,737.1,192.0,11.48,7.848,33.15,8.589,0.0,85.63,4.122,15.33,12.11,20.72,2.511,0.209,0.09874,0.1257,0.544,0.0,0.0,0.0,0.0,0.0,0.0,0.0,0.0,0.0,0.0,0.0,0.0,0.0,0.0,0.0,0.0,0.0,0.0,0.0,0.0,0.0,0.0,0.0,0.0,6.391E-4,0.0,42580.0,127100.0,134800.0,65160.0,2.519E7,59170.0,31400.0,28010.0,25110.0,53000.0,0.0,1.6850000000000002E-36,5.7069999999999995E-37,3.6720000000000004E-36,2.7110000000000002E-36,4.954E-37,2.068E-37,1.379E-38,2.7949999999999998E-39,7.297E-39,1.634E-38,2.08E-35,0.0,0.7128,0.7867,2.369,1.201,0.1151,0.06597,0.003816,0.003798,0.01241,0.006244,0.0,0.0,0.00172,8.633E-4,0.001835,0.9917,0.001379,3.524E-4,4.624E-4,5.361E-5,0.001681,0.0,0.01211,0.003679,0.005474,0.003275,0.1954,0.007579,4.787E-4,0.00189,0.005087,7.963E-4,
0.0,1514.0,95.32,211.2,137.3,0.1962,4.55,0.4419,0.2825,1.007,0.2605,0.0,343.7,0.08583,1.033,0.056,0.3991,0.2218,0.02053,0.3606,3.761,10.95,0.0,343.7,0.08583,1.033,0.056,0.3991,0.2218,0.02053,0.3606,3.761,10.95,0.0,0.0,0.0,0.0,0.0,0.0,0.0,0.0,0.0,0.0,0.0,0.0,17.6,459.3,165.4,37.57,744.0,192.4,11.44,7.669,33.27,8.473,0.0,85.63,3.922,10.5,37.47,18.39,2.561,0.2135,0.1004,0.128,0.4531,0.0,0.0,0.0,0.0,0.0,0.0,0.0,0.0,0.0,0.0,0.0,0.0,0.0,0.0,0.0,0.0,0.0,0.0,0.0,0.0,0.0,0.0,0.0,0.0,5.358E-4,0.0,42610.0,95600.0,347400.0,39720.0,2.449E7,56330.0,30310.0,26170.0,25140.0,45450.0,0.0,1.692E-36,5.298E-37,3.464E-36,3.0050000000000003E-36,4.028E-37,2.037E-37,1.382E-38,2.8219999999999998E-39,7.272E-39,1.082E-38,2.08E-35,0.0,0.7165,0.7689,2.297,1.249,0.1476,0.06392,0.003843,0.003799,0.01242,0.005838,0.0,0.0,1.124E-4,0.01073,2.665E-4,0.9856,0.001143,2.921E-4,3.832E-4,4.443E-5,0.001393,0.0,0.01211,0.003545,0.006685,0.00298,0.1947,0.007598,4.727E-4,0.001874,0.005084,7.278E-4,
0.0,1519.0,89.79,205.8,138.9,6.349,4.364,0.4406,0.2798,1.027,1.679,0.0,343.7,0.1865,1.297,0.1114,0.3649,0.2218,0.02095,0.3599,4.401,9.922,0.0,343.7,0.1865,1.297,0.1114,0.3649,0.2218,0.02095,0.3599,4.401,9.922,0.0,0.0,0.0,0.0,0.0,0.0,0.0,0.0,0.0,0.0,0.0,0.0,17.6,461.0,167.0,37.66,744.5,192.4,11.45,7.524,33.42,8.498,0.0,85.63,3.868,13.77,30.46,18.47,2.747,0.216,0.1016,0.1304,0.4094,0.0,0.0,0.0,0.0,0.0,0.0,0.0,0.0,0.0,0.0,0.0,0.0,0.0,0.0,0.0,0.0,0.0,0.0,0.0,0.0,0.0,0.0,0.0,0.0,6.069E-4,0.0,42770.0,94310.0,135100.0,36240.0,2.364E7,57270.0,29670.0,25420.0,25360.0,45270.0,0.0,1.78E-36,5.328E-37,3.4980000000000004E-36,2.944E-36,2.8039999999999998E-37,2.033E-37,1.378E-38,2.7639999999999998E-39,7.256999999999999E-39,2.114E-38,2.08E-35,0.0,0.7588,0.7311,2.302,1.233,0.1368,0.06383,0.00384,0.00376,0.01245,0.01659,0.0,0.0,1.162E-4,0.001066,2.754E-4,0.9952,0.001181,3.019E-4,3.96E-4,4.591E-5,0.001439,0.0,0.01216,0.00352,0.005077,0.00296,0.1961,0.007602,4.781E-4,0.001876,0.0051,7.171E-4,
0.0,1520.0,86.43,208.5,138.2,6.309,7.209,0.4407,0.2796,1.027,0.2831,0.0,343.7,0.08717,1.08,0.09743,0.3647,0.2245,0.02127,0.3619,4.907,9.741,0.0,343.7,0.08717,1.08,0.09743,0.3647,0.2245,0.02127,0.3619,4.907,9.741,0.0,0.0,0.0,0.0,0.0,0.0,0.0,0.0,0.0,0.0,0.0,0.0,17.6,461.2,168.8,37.73,742.5,192.4,11.44,7.206,33.72,8.512,0.0,85.63,5.638,16.5,23.99,18.4,3.045,0.2167,0.102,0.1216,0.4165,0.0,0.0,0.0,0.0,0.0,0.0,0.0,0.0,0.0,0.0,0.0,0.0,0.0,0.0,0.0,0.0,0.0,0.0,0.0,0.0,0.0,0.0,0.0,0.0,1.0E-4,0.0,42890.0,95840.0,132900.0,33530.0,2.263E7,58660.0,29720.0,25080.0,24520.0,46270.0,0.0,1.8100000000000002E-36,5.559E-37,3.43E-36,2.861E-36,2.8029999999999997E-37,2.791E-37,1.378E-38,2.752E-39,7.238E-39,1.056E-38,2.08E-35,0.0,0.7742,0.7209,2.299,1.215,0.1367,0.08844,0.003856,0.003773,0.01245,0.005693,0.0,0.0,1.203E-4,0.001104,2.853E-4,0.995,0.001223,3.126E-4,4.102E-4,4.756E-5,0.001491,0.0,0.01218,0.003576,0.005003,0.002986,0.1956,0.007564,5.05E-4,0.001847,0.005096,7.315E-4,
0.0,1521.0,85.97,211.9,129.2,0.1409,7.06,0.3743,0.24,1.053,0.3745,0.0,343.7,0.09081,1.065,0.1054,0.3641,0.2255,0.03383,0.3512,5.427,9.219,0.0,343.7,0.09081,1.065,0.1054,0.3641,0.2255,0.03383,0.3512,5.427,9.219,0.0,0.0,0.0,0.0,0.0,0.0,0.0,0.0,0.0,0.0,0.0,0.0,17.6,458.3,174.7,38.71,743.4,192.6,11.46,7.24,33.59,8.497,0.0,85.63,5.951,14.67,29.86,24.51,3.537,0.2515,0.1096,0.112,0.4107,0.0,0.0,0.0,0.0,0.0,0.0,0.0,0.0,0.0,0.0,0.0,0.0,0.0,0.0,0.0,0.0,0.0,0.0,0.0,0.0,0.0,0.0,0.0,0.0,4.593E-4,0.0,43750.0,98610.0,127700.0,37460.0,2.203E7,61970.0,31470.0,25060.0,24790.0,47380.0,0.0,1.824E-36,5.516E-37,3.475E-36,2.7460000000000002E-36,2.754E-37,2.972E-37,1.23E-38,2.977E-39,7.415E-39,1.134E-38,2.08E-35,0.0,0.7814,0.7363,2.27,1.209,0.1353,0.0919,0.004918,0.003376,0.01271,0.006735,0.0,0.0,1.278E-4,0.001173,3.029E-4,0.9947,0.001299,3.32E-4,4.356E-4,5.05E-5,0.001583,0.0,0.01219,0.003555,0.005042,0.002959,0.1954,0.007577,9.548E-4,0.001421,0.005105,7.175E-4,
0.0,1525.0,84.58,204.3,100.9,0.1272,3.426,0.137,0.2456,1.056,0.3892,0.0,343.7,0.09029,1.083,0.09253,0.3671,0.2213,0.13,0.3763,4.822,9.698,0.0,343.7,0.09029,1.083,0.09253,0.3671,0.2213,0.13,0.3763,4.822,9.698,0.0,0.0,0.0,0.0,0.0,0.0,0.0,0.0,0.0,0.0,0.0,0.0,17.6,456.9,174.3,40.6,747.7,192.3,10.89,7.091,32.78,8.112,0.0,89.57,5.79,14.93,63.07,24.12,3.6,0.6712,0.1087,0.109,0.3938,0.0,0.0,0.0,0.0,0.0,0.0,0.0,0.0,0.0,0.0,0.0,0.0,0.0,0.0,0.0,0.0,0.0,0.0,0.0,0.0,0.0,0.0,0.0,0.0,1.0E-4,0.0,44850.0,96340.0,125200.0,39680.0,2.127E7,60240.0,29020.0,24150.0,22830.0,45240.0,0.0,1.976E-36,5.4019999999999995E-37,3.49E-36,2.651E-36,2.821E-37,2.004E-37,1.291E-38,3.0259999999999996E-39,7.472999999999999E-39,1.144E-38,2.08E-35,0.0,0.8278,0.7253,2.278,1.189,0.1391,0.06479,0.005109,0.003451,0.01271,0.006841,0.0,0.0,1.319E-4,0.00121,3.126E-4,0.9945,0.00134,3.426E-4,4.494E-4,5.211E-5,0.001633,0.0,0.01229,0.003563,0.004991,0.002867,0.195,0.00757,9.296E-4,0.00143,0.005083,7.073E-4,
0.0,1535.0,85.22,203.8,92.34,0.1254,3.123,0.1365,0.2441,1.062,0.392,0.0,343.7,0.09016,1.102,0.07551,0.3589,0.2213,0.1307,0.3762,4.973,9.552,0.0,343.7,0.09016,1.102,0.07551,0.3589,0.2213,0.1307,0.3762,4.973,9.552,0.0,0.0,0.0,0.0,0.0,0.0,0.0,0.0,0.0,0.0,0.0,0.0,20.6,455.8,175.6,39.99,742.6,192.4,11.47,7.086,34.13,8.52,0.0,89.58,6.691,12.41,62.35,24.04,3.903,0.6577,0.1098,0.111,0.3917,0.0,0.0,0.0,0.0,0.0,0.0,0.0,0.0,0.0,0.0,0.0,0.0,0.0,0.0,0.0,0.0,0.0,0.0,0.0,0.0,0.0,0.0,0.0,0.0,1.024E-4,0.0,45030.0,96870.0,128300.0,38260.0,2.073E7,61190.0,31190.0,25000.0,24440.0,46470.0,0.0,2.034E-36,5.38E-37,3.4670000000000005E-36,2.585E-36,2.769E-37,2.0029999999999998E-37,1.267E-38,3.039E-39,7.482E-39,1.14E-38,2.08E-35,0.0,0.8726,0.7268,2.272,1.147,0.1376,0.06477,0.005062,0.003449,0.01279,0.006842,0.0,0.0,1.343E-4,0.001233,3.184E-4,0.9944,0.001365,3.49E-4,4.579E-4,5.309E-5,0.001664,0.0,0.01232,0.003558,0.005031,0.00285,0.1947,0.007585,9.468E-4,0.001445,0.005092,7.242E-4,
0.0,1535.0,85.44,204.1,91.03,0.769,3.472,0.2163,0.2627,1.111,0.8922,0.0,343.7,0.09263,1.111,0.1198,0.3882,0.2468,0.1424,0.3796,5.064,9.334,0.0,343.7,0.09263,1.111,0.1198,0.3882,0.2468,0.1424,0.3796,5.064,9.334,0.0,0.0,0.0,0.0,0.0,0.0,0.0,0.0,0.0,0.0,0.0,0.0,20.6,451.4,180.7,40.23,739.8,192.5,11.49,7.154,33.63,8.604,0.0,93.48,6.664,12.9,55.58,24.3,3.936,0.7473,0.1331,0.1733,1.317,0.0,0.0,0.0,0.0,0.0,0.0,0.0,0.0,0.0,0.0,0.0,0.0,0.0,0.0,0.0,0.0,0.0,0.0,0.0,0.0,0.0,0.0,0.0,0.0,5.874E-4,0.0,45890.0,96090.0,131200.0,37590.0,2.092E7,60710.0,30810.0,25120.0,23780.0,47980.0,0.0,2.102E-36,5.3619999999999995E-37,3.4530000000000004E-36,2.474E-36,2.841E-37,2.041E-37,1.433E-38,3.4399999999999996E-39,8.581E-39,2.696E-38,2.08E-35,0.0,0.891,0.7285,2.27,1.116,0.1424,0.06562,0.005441,0.00354,0.01299,0.01217,0.0,0.0,1.343E-4,0.001233,3.184E-4,0.9944,0.001365,3.49E-4,4.579E-4,5.309E-5,0.001664,0.0,0.01239,0.003536,0.004947,0.002782,0.1944,0.007581,9.495E-4,0.001451,0.005087,7.507E-4,
0.0,1535.0,84.4,205.6,92.44,0.3599,1.517,0.1384,0.246,1.055,0.3488,0.0,343.7,0.08995,1.101,0.08539,0.3474,0.2114,0.1298,0.3789,4.62,9.914,0.0,343.7,0.08995,1.101,0.08539,0.3474,0.2114,0.1298,0.3789,4.62,9.914,0.0,0.0,0.0,0.0,0.0,0.0,0.0,0.0,0.0,0.0,0.0,0.0,20.6,454.2,168.8,32.76,726.2,221.3,12.11,9.552,32.41,9.161,0.0,93.48,6.606,13.29,57.42,24.78,2.39,0.9745,0.2045,0.3238,0.4747,0.0,0.0,0.0,0.0,0.0,0.0,0.0,0.0,0.0,0.0,0.0,0.0,0.0,0.0,0.0,0.0,0.0,0.0,0.0,0.0,0.0,0.0,0.0,0.0,1.02E-4,0.0,46660.0,96840.0,131300.0,37130.0,2.178E7,64980.0,31770.0,26140.0,24020.0,47180.0,0.0,2.102E-36,5.313E-37,3.4330000000000004E-36,2.52E-36,2.7639999999999998E-37,1.564E-37,1.91E-38,6.852E-39,1.055E-38,1.321E-38,2.08E-35,0.0,0.891,0.7197,2.271,1.142,0.1408,0.04743,0.006896,0.004442,0.01364,0.006131,0.0,0.0,1.343E-4,0.001233,3.184E-4,0.9944,0.001365,3.49E-4,4.579E-4,5.309E-5,0.001664,0.0,0.01239,0.003516,0.004756,0.00273,0.1942,0.007809,9.859E-4,0.001501,0.005078,7.271E-4,
0.0,1537.0,88.25,200.5,95.41,0.2082,1.956,0.1577,0.2511,1.054,0.3609,0.0,343.7,0.1211,1.098,0.07855,0.3182,0.1235,0.1215,0.4441,4.545,10.03,0.0,343.7,0.1211,1.098,0.07855,0.3182,0.1235,0.1215,0.4441,4.545,10.03,0.0,0.0,0.0,0.0,0.0,0.0,0.0,0.0,0.0,0.0,0.0,0.0,20.6,452.5,147.8,32.54,733.1,234.3,12.15,5.268,30.91,6.09,0.0,93.48,8.248,14.17,59.65,19.09,0.7822,0.4633,0.03229,0.02537,0.04706,0.0,0.0,0.0,0.0,0.0,0.0,0.0,0.0,0.0,0.0,0.0,0.0,0.0,0.0,0.0,0.0,0.0,0.0,0.0,0.0,0.0,0.0,0.0,0.0,1.001E-4,0.0,46930.0,99440.0,98080.0,31950.0,2.285E7,65820.0,26210.0,25750.0,31350.0,48340.0,0.0,2.143E-36,6.427E-37,3.5500000000000005E-36,2.5120000000000003E-36,8.592E-38,8.111999999999999E-38,1.104E-38,2.126E-39,5.5909999999999996E-39,3.5849999999999996E-39,2.08E-35,0.0,0.9037,0.766,2.298,1.139,0.08506,0.02772,0.004138,0.003133,0.0119,0.002974,0.0,0.0,1.343E-4,0.001233,3.184E-4,0.9944,0.001365,3.49E-4,4.579E-4,5.309E-5,0.001664,0.0,0.0124,0.00349,0.003621,0.002656,0.1953,0.007921,9.447E-4,0.001478,0.005143,6.722E-4,
0.0,1537.0,84.29,195.9,91.3,4.24,4.83,0.1575,0.2546,1.067,0.3671,0.0,343.7,0.1094,1.095,0.08796,0.3219,0.1216,0.1204,0.5944,5.141,9.282,0.0,343.7,0.1094,1.095,0.08796,0.3219,0.1216,0.1204,0.5944,5.141,9.282,0.0,0.0,0.0,0.0,0.0,0.0,0.0,0.0,0.0,0.0,0.0,0.0,20.6,430.4,136.7,40.64,771.2,227.6,9.193,5.223,30.86,5.802,0.0,93.48,5.17,14.17,65.38,18.89,3.596,0.3502,0.02976,0.02543,0.06272,0.0,0.0,0.0,0.0,0.0,0.0,0.0,0.0,0.0,0.0,0.0,0.0,0.0,0.0,0.0,0.0,0.0,0.0,0.0,0.0,0.0,0.0,0.0,0.0,1.0E-4,0.0,47000.0,178500.0,103900.0,39410.0,2.4E7,71550.0,24430.0,24040.0,29260.0,49190.0,0.0,2.143E-36,5.14E-37,3.593E-36,2.3410000000000002E-36,1.594E-37,2.184E-37,8.407999999999999E-39,2.0759999999999998E-39,5.52E-39,4.445E-39,2.08E-35,0.0,0.9037,0.6945,2.323,1.1,0.1194,0.07144,0.0035,0.003164,0.01192,0.003226,0.0,0.0,1.343E-4,0.001233,3.184E-4,0.9944,0.001365,3.49E-4,4.579E-4,5.309E-5,0.001664,0.0,0.01243,0.00436,0.003679,0.002824,0.1944,0.007824,8.863E-4,0.001472,0.005124,6.477E-4,
0.0,1537.0,82.49,194.1,95.94,4.376,2.071,0.1487,0.2572,1.11,0.3,0.0,343.7,0.09554,1.123,0.07264,0.3133,0.1246,0.1191,0.5955,5.551,8.871,0.0,343.7,0.09554,1.123,0.07264,0.3133,0.1246,0.1191,0.5955,5.551,8.871,0.0,0.0,0.0,0.0,0.0,0.0,0.0,0.0,0.0,0.0,0.0,0.0,20.6,431.9,134.1,31.96,778.7,240.3,4.024,5.415,30.85,6.265,0.0,93.48,7.206,10.32,76.63,13.17,0.6472,0.3287,0.02738,0.0254,0.03456,0.0,0.0,0.0,0.0,0.0,0.0,0.0,0.0,0.0,0.0,0.0,0.0,0.0,0.0,0.0,0.0,0.0,0.0,0.0,0.0,0.0,0.0,0.0,0.0,5.596E-4,0.0,47440.0,160400.0,79630.0,37740.0,2.33E7,65460.0,22060.0,21870.0,28630.0,42280.0,0.0,2.1510000000000002E-36,4.914E-37,3.5490000000000004E-36,2.4770000000000003E-36,1.573E-37,8.305E-38,7.019E-39,2.099E-39,5.5179999999999995E-39,3.505E-39,2.08E-35,0.0,0.9077,0.6803,2.306,1.153,0.1179,0.02732,0.003164,0.00319,0.01192,0.002854,0.0,0.0,0.001022,5.527E-5,3.027E-4,0.9953,0.001163,2.972E-4,3.899E-4,4.521E-5,0.001417,0.0,0.01243,0.004048,0.003555,0.002665,0.1947,0.00798,8.249E-4,0.001472,0.005133,5.986E-4,
0.0,1540.0,80.94,190.7,92.37,0.4714,2.289,0.1616,0.2641,1.116,0.3056,0.0,343.7,0.08462,1.112,0.08876,0.3113,0.1237,0.1198,0.7663,5.48,8.771,0.0,343.7,0.08462,1.112,0.08876,0.3113,0.1237,0.1198,0.7663,5.48,8.771,0.0,0.0,0.0,0.0,0.0,0.0,0.0,0.0,0.0,0.0,0.0,0.0,20.6,421.9,141.7,34.41,775.8,238.4,4.438,7.013,32.21,7.74,0.0,93.49,6.956,13.58,78.78,17.27,0.4092,0.3178,0.03052,0.02743,0.0276,0.0,0.0,0.0,0.0,0.0,0.0,0.0,0.0,0.0,0.0,0.0,0.0,0.0,0.0,0.0,0.0,0.0,0.0,0.0,0.0,0.0,0.0,0.0,0.0,4.845E-4,0.0,51110.0,120100.0,77080.0,37370.0,2.251E7,60970.0,23340.0,23910.0,30750.0,43010.0,0.0,2.1830000000000002E-36,4.6029999999999996E-37,3.54E-36,2.449E-36,1.4939999999999999E-37,8.239E-38,7.096999999999999E-39,2.3819999999999998E-39,5.552E-39,3.769E-39,2.08E-35,0.0,0.9336,0.665,2.286,1.153,0.1174,0.02716,0.003178,0.003286,0.01194,0.002885,0.0,0.0,0.001098,5.938E-5,3.252E-4,0.995,0.001249,3.193E-4,4.189E-4,4.857E-5,0.001523,0.0,0.01253,0.003407,0.003595,0.002698,0.1946,0.007877,8.427E-4,0.001551,0.005142,6.345E-4,
0.0,1541.0,79.23,191.1,97.93,0.07356,2.412,0.1764,0.2662,1.127,0.297,0.0,343.7,0.07558,1.131,0.07632,0.3104,0.123,0.1196,0.7632,4.476,9.781,0.0,343.7,0.07558,1.131,0.07632,0.3104,0.123,0.1196,0.7632,4.476,9.781,0.0,0.0,0.0,0.0,0.0,0.0,0.0,0.0,0.0,0.0,0.0,0.0,20.6,421.7,144.5,35.1,772.1,237.4,4.677,7.431,32.68,7.958,0.0,93.97,6.883,11.14,74.52,17.62,0.2814,0.3042,0.03111,0.02898,0.02575,0.0,0.0,0.0,0.0,0.0,0.0,0.0,0.0,0.0,0.0,0.0,0.0,0.0,0.0,0.0,0.0,0.0,0.0,0.0,0.0,0.0,0.0,0.0,0.0,1.0E-4,0.0,51380.0,119600.0,76590.0,36650.0,2.18E7,59680.0,24300.0,25080.0,31860.0,44010.0,0.0,2.218E-36,4.4789999999999996E-37,3.515E-36,2.426E-36,1.491E-37,8.204E-38,7.11E-39,2.439E-39,5.522E-39,3.8009999999999996E-39,2.08E-35,0.0,0.9557,0.6523,2.275,1.15,0.1172,0.0271,0.003184,0.003307,0.01196,0.002887,0.0,0.0,0.001168,6.318E-5,3.46E-4,0.9946,0.001329,3.397E-4,4.457E-4,5.168E-5,0.00162,0.0,0.01257,0.003441,0.003579,0.002703,0.1944,0.007761,8.599E-4,0.001576,0.00517,6.453E-4,
0.0,1542.0,80.63,190.3,96.99,0.04427,2.45,0.1894,0.269,1.128,0.2975,0.0,343.7,0.0893,1.104,0.08459,0.3114,0.1222,0.2394,0.6443,5.124,9.132,0.0,343.7,0.0893,1.104,0.08459,0.3114,0.1222,0.2394,0.6443,5.124,9.132,0.0,0.0,0.0,0.0,0.0,0.0,0.0,0.0,0.0,0.0,0.0,0.0,20.6,424.0,143.5,35.84,768.6,236.7,4.659,7.442,32.67,8.077,0.0,96.85,7.158,10.24,70.53,18.22,0.239,0.2916,0.03096,0.02919,0.02488,0.0,0.0,0.0,0.0,0.0,0.0,0.0,0.0,0.0,0.0,0.0,0.0,0.0,0.0,0.0,0.0,0.0,0.0,0.0,0.0,0.0,0.0,0.0,0.0,5.664E-4,0.0,52160.0,117900.0,73640.0,37720.0,2.108E7,57480.0,24340.0,24790.0,31860.0,43570.0,0.0,2.275E-36,4.926E-37,3.442E-36,2.353E-36,1.621E-37,8.209E-38,7.114999999999999E-39,2.465E-39,5.453E-39,3.824E-39,2.08E-35,0.0,0.9889,0.6711,2.247,1.119,0.1205,0.02705,0.003186,0.003333,0.01196,0.002881,0.0,0.0,0.001192,6.449E-5,3.531E-4,0.9945,0.001357,3.468E-4,4.55E-4,5.275E-5,0.001654,0.0,0.01261,0.003488,0.003468,0.002701,0.1943,0.007662,8.675E-4,0.001582,0.005178,6.5E-4,
0.0,1537.0,85.73,190.7,98.09,0.05509,2.392,0.1998,0.2751,1.296,0.3278,0.0,343.7,0.09265,1.092,0.08992,0.3146,0.1225,0.2451,0.5708,6.805,7.512,0.0,343.7,0.09265,1.092,0.08992,0.3146,0.1225,0.2451,0.5708,6.805,7.512,0.0,0.0,0.0,0.0,0.0,0.0,0.0,0.0,0.0,0.0,0.0,0.0,20.59,425.4,144.4,36.76,768.9,236.0,4.713,8.383,31.62,8.382,0.0,95.84,6.866,12.86,67.08,18.34,0.246,0.2789,0.0314,0.02969,0.02478,0.0,0.0,0.0,0.0,0.0,0.0,0.0,0.0,0.0,0.0,0.0,0.0,0.0,0.0,0.0,0.0,0.0,0.0,0.0,0.0,0.0,0.0,0.0,0.0,1.0E-4,0.0,52290.0,116400.0,75420.0,38090.0,2.083E7,56970.0,23870.0,25240.0,32140.0,43310.0,0.0,2.118E-36,5.2549999999999995E-37,3.436E-36,2.284E-36,1.676E-37,8.1E-38,7.096999999999999E-39,2.504E-39,1.228E-38,5.52E-39,2.08E-35,0.0,0.9207,0.7276,2.251,1.115,0.1236,0.02653,0.003187,0.003397,0.01281,0.003108,0.0,0.0,0.001192,6.449E-5,3.531E-4,0.9945,0.001357,3.468E-4,4.55E-4,5.275E-5,0.001654,0.0,0.01263,0.003456,0.003516,0.002687,0.1943,0.007537,8.589E-4,0.00167,0.0051,6.438E-4,
0.0,1530.0,92.97,190.6,99.77,0.1075,2.368,0.2054,0.2765,1.297,0.3274,0.0,343.7,0.08012,1.088,0.09362,0.3209,0.1209,0.2409,0.8056,5.224,8.865,0.0,343.7,0.08012,1.088,0.09362,0.3209,0.1209,0.2409,0.8056,5.224,8.865,0.0,0.0,0.0,0.0,0.0,0.0,0.0,0.0,0.0,0.0,0.0,0.0,20.58,424.3,147.9,36.62,767.8,236.0,4.627,8.335,31.73,8.243,0.0,94.39,6.72,10.28,68.47,17.82,0.2491,0.2731,0.03019,0.02887,0.02461,0.0,0.0,0.0,0.0,0.0,0.0,0.0,0.0,0.0,0.0,0.0,0.0,0.0,0.0,0.0,0.0,0.0,0.0,0.0,0.0,0.0,0.0,0.0,0.0,1.001E-4,0.0,52380.0,118100.0,76860.0,40370.0,2.138E7,57040.0,24790.0,26030.0,32910.0,44510.0,0.0,1.9160000000000002E-36,4.932E-37,3.3690000000000004E-36,2.3470000000000002E-36,1.702E-37,8.096E-38,7.093E-39,2.5E-39,1.227E-38,5.5189999999999996E-39,2.08E-35,0.0,0.8384,0.8097,2.22,1.132,0.1299,0.0265,0.003185,0.003401,0.01281,0.003101,0.0,0.0,0.001192,6.449E-5,3.531E-4,0.9945,0.001357,3.468E-4,4.55E-4,5.275E-5,0.001654,0.0,0.01273,0.003485,0.003434,0.002744,0.1943,0.007384,8.571E-4,0.001669,0.005108,6.35E-4,
0.0,1530.0,93.05,191.2,103.7,0.04196,2.352,0.21,0.2937,1.281,0.3263,0.0,343.7,0.07271,1.118,0.0855,0.3051,0.1206,0.2405,0.7874,4.033,10.08,0.0,343.7,0.07271,1.118,0.0855,0.3051,0.1206,0.2405,0.7874,4.033,10.08,0.0,0.0,0.0,0.0,0.0,0.0,0.0,0.0,0.0,0.0,0.0,0.0,20.58,425.0,146.0,37.95,761.8,236.0,4.68,10.71,29.17,8.184,0.0,94.39,6.715,7.37,65.61,18.96,0.2653,0.2694,0.02936,0.02809,0.0247,0.0,0.0,0.0,0.0,0.0,0.0,0.0,0.0,0.0,0.0,0.0,0.0,0.0,0.0,0.0,0.0,0.0,0.0,0.0,0.0,0.0,0.0,0.0,0.0,4.781E-4,0.0,52390.0,121400.0,81460.0,40040.0,2.241E7,58450.0,25940.0,27020.0,34000.0,46410.0,0.0,1.9160000000000002E-36,4.75E-37,3.423E-36,2.3220000000000002E-36,1.4019999999999999E-37,8.093E-38,7.09E-39,2.511E-39,1.224E-38,5.5179999999999995E-39,2.08E-35,0.0,0.8384,0.8028,2.25,1.124,0.1129,0.0265,0.003195,0.00358,0.01262,0.003093,0.0,0.0,0.001192,6.449E-5,3.531E-4,0.9945,0.001357,3.468E-4,4.55E-4,5.275E-5,0.001654,0.0,0.01273,0.003466,0.003467,0.002753,0.1941,0.007383,8.567E-4,0.001612,0.005178,6.253E-4,
0.0,1534.0,91.31,190.6,98.54,2.574,2.317,0.1684,0.2937,1.285,0.3221,0.0,343.7,0.06642,1.097,0.08421,0.1797,0.1213,0.2377,0.7857,5.429,8.835,0.0,343.7,0.06642,1.097,0.08421,0.1797,0.1213,0.2377,0.7857,5.429,8.835,0.0,0.0,0.0,0.0,0.0,0.0,0.0,0.0,0.0,0.0,0.0,0.0,20.58,421.7,146.5,35.67,758.1,239.2,4.047,10.34,28.53,7.582,0.0,100.0,3.531,6.051,68.9,15.71,0.3414,0.03149,0.02995,0.02948,0.02897,0.0,0.0,0.0,0.0,0.0,0.0,0.0,0.0,0.0,0.0,0.0,0.0,0.0,0.0,0.0,0.0,0.0,0.0,0.0,0.0,0.0,0.0,0.0,0.0,1.0E-4,0.0,52890.0,117200.0,84090.0,46170.0,2.372E7,78820.0,23370.0,26710.0,31140.0,48770.0,0.0,2.0190000000000002E-36,4.133E-37,3.3430000000000004E-36,2.2380000000000002E-36,2.424E-37,8.301E-38,3.112E-39,2.6699999999999998E-39,1.257E-38,5.858E-39,2.08E-35,0.0,0.8883,0.7766,2.23,1.1,0.1314,0.02718,0.002304,0.00361,0.01272,0.003129,0.0,0.0,0.001192,6.449E-5,3.531E-4,0.9945,0.001357,3.468E-4,4.55E-4,5.275E-5,0.001654,0.0,0.01281,0.003411,0.003478,0.002633,0.1942,0.0075,8.343E-4,0.001601,0.005172,6.192E-4,
0.0,1534.0,90.68,189.4,106.8,0.03933,2.264,0.1395,0.2923,1.286,0.321,0.0,343.7,0.06583,1.127,0.08572,0.1502,0.1186,0.2376,0.7842,5.819,8.447,0.0,343.7,0.06583,1.127,0.08572,0.1502,0.1186,0.2376,0.7842,5.819,8.447,0.0,0.0,0.0,0.0,0.0,0.0,0.0,0.0,0.0,0.0,0.0,0.0,20.58,421.8,141.0,36.53,761.6,236.0,4.565,10.25,29.05,7.849,0.0,100.0,3.58,6.485,60.8,18.93,0.3509,0.08431,0.03138,0.03412,0.03029,0.0,0.0,0.0,0.0,0.0,0.0,0.0,0.0,0.0,0.0,0.0,0.0,0.0,0.0,0.0,0.0,0.0,0.0,0.0,0.0,0.0,0.0,0.0,0.0,4.133E-4,0.0,53160.0,122100.0,68550.0,47080.0,2.522E7,67180.0,25720.0,28360.0,34820.0,49120.0,0.0,2.067E-36,4.106E-37,3.47E-36,2.1870000000000003E-36,1.0729999999999999E-37,8.098E-38,1.727E-39,2.6159999999999998E-39,1.249E-38,5.731E-39,2.08E-35,0.0,0.9016,0.7716,2.276,1.088,0.08716,0.02651,0.001857,0.003578,0.01271,0.003079,0.0,0.0,0.001192,6.449E-5,3.531E-4,0.9945,0.001357,3.468E-4,4.55E-4,5.275E-5,0.001654,0.0,0.01292,0.00342,0.003393,0.002598,0.1942,0.007336,8.479E-4,0.001605,0.005205,6.008E-4,
0.0,1535.0,90.9,187.0,107.0,0.04268,2.322,0.1398,0.2731,1.306,0.3218,0.0,343.7,0.09375,1.104,0.07812,0.1482,0.1181,0.1406,0.7459,5.508,8.894,0.0,343.7,0.09375,1.104,0.07812,0.1482,0.1181,0.1406,0.7459,5.508,8.894,0.0,0.0,0.0,0.0,0.0,0.0,0.0,0.0,0.0,0.0,0.0,0.0,20.58,424.5,140.6,37.75,759.4,236.2,5.018,7.502,32.58,8.121,0.0,100.0,4.208,6.548,60.31,19.02,0.2875,0.08755,0.03323,0.03771,0.03268,0.0,0.0,0.0,0.0,0.0,0.0,0.0,0.0,0.0,0.0,0.0,0.0,0.0,0.0,0.0,0.0,0.0,0.0,0.0,0.0,0.0,0.0,0.0,0.0,1.0E-4,0.0,53400.0,126800.0,63320.0,49860.0,2.678E7,69280.0,28070.0,30410.0,36000.0,52470.0,0.0,2.0930000000000002E-36,4.79E-37,3.2980000000000004E-36,2.234E-36,1.161E-37,8.094E-38,1.85E-39,2.595E-39,1.267E-38,5.831E-39,2.08E-35,0.0,0.9144,0.7933,2.215,1.106,0.09044,0.02652,0.001908,0.003383,0.01297,0.003112,0.0,0.0,0.001192,6.449E-5,3.531E-4,0.9945,0.001357,3.468E-4,4.55E-4,5.275E-5,0.001654,0.0,0.01302,0.00341,0.0033,0.002708,0.194,0.007276,8.672E-4,0.001691,0.005129,6.118E-4,
0.0,1535.0,94.22,186.7,104.4,0.04437,2.361,0.1409,0.2736,1.303,0.3222,0.0,343.7,0.09351,1.101,0.08196,0.1483,0.1183,0.1414,1.108,5.542,8.497,0.0,343.7,0.09351,1.101,0.08196,0.1483,0.1183,0.1414,1.108,5.542,8.497,0.0,0.0,0.0,0.0,0.0,0.0,0.0,0.0,0.0,0.0,0.0,0.0,20.58,426.6,139.2,37.99,751.7,236.2,5.036,7.498,32.29,8.118,0.0,100.0,4.15,5.443,60.8,18.95,0.2478,0.08763,0.03364,0.03783,0.03223,0.0,0.0,0.0,0.0,0.0,0.0,0.0,0.0,0.0,0.0,0.0,0.0,0.0,0.0,0.0,0.0,0.0,0.0,0.0,0.0,0.0,0.0,0.0,0.0,3.927E-4,0.0,53410.0,127200.0,61680.0,52750.0,2.843E7,70870.0,28870.0,31600.0,36320.0,54940.0,0.0,2.0930000000000002E-36,5.1729999999999995E-37,3.181E-36,2.3060000000000003E-36,1.061E-37,8.091E-38,1.849E-39,2.5979999999999998E-39,1.264E-38,5.845E-39,2.08E-35,0.0,0.9144,0.8121,2.184,1.12,0.08674,0.02652,0.001921,0.003393,0.01293,0.003115,0.0,0.0,0.001192,6.449E-5,3.531E-4,0.9945,0.001357,3.468E-4,4.55E-4,5.275E-5,0.001654,0.0,0.01302,0.003431,0.003293,0.002723,0.1937,0.007275,8.887E-4,0.001677,0.005117,6.134E-4,
0.0,1536.0,89.85,184.0,97.87,1.433,2.354,0.1407,0.2744,1.302,0.3211,0.0,343.7,0.07202,1.127,0.07583,0.1492,0.1182,0.1415,1.056,4.663,9.429,0.0,343.7,0.07202,1.127,0.07583,0.1492,0.1182,0.1415,1.056,4.663,9.429,0.0,0.0,0.0,0.0,0.0,0.0,0.0,0.0,0.0,0.0,0.0,0.0,20.58,426.8,138.9,38.07,748.6,236.2,5.055,7.525,32.31,8.119,0.0,103.9,2.122,6.34,69.33,19.43,0.2549,0.08787,0.03436,0.03823,0.03228,0.0,0.0,0.0,0.0,0.0,0.0,0.0,0.0,0.0,0.0,0.0,0.0,0.0,0.0,0.0,0.0,0.0,0.0,0.0,0.0,0.0,0.0,0.0,0.0,4.098E-4,0.0,54440.0,128200.0,58920.0,54630.0,2.995E7,71920.0,28830.0,31320.0,35200.0,57390.0,0.0,2.1710000000000003E-36,4.257E-37,3.206E-36,2.247E-36,1.4019999999999999E-37,8.087E-38,1.85E-39,2.6099999999999997E-39,1.262E-38,5.844E-39,2.08E-35,0.0,0.9572,0.7643,2.213,1.081,0.102,0.02651,0.00192,0.003408,0.01293,0.0031,0.0,0.0,0.001192,6.449E-5,3.531E-4,0.9945,0.001357,3.468E-4,4.55E-4,5.275E-5,0.001654,0.0,0.01309,0.003412,0.003224,0.002697,0.1937,0.007263,8.97E-4,0.001689,0.005116,6.076E-4,
0.0,1536.0,81.87,183.0,71.49,0.4087,5.158,0.1596,0.3527,1.357,0.339,0.0,343.7,0.07235,1.131,0.07863,0.149,0.1122,0.14,0.7021,4.878,9.565,0.0,343.7,0.07235,1.131,0.07863,0.149,0.1122,0.14,0.7021,4.878,9.565,0.0,0.0,0.0,0.0,0.0,0.0,0.0,0.0,0.0,0.0,0.0,0.0,20.58,425.3,143.8,36.66,746.0,237.9,4.806,7.053,32.1,8.007,0.0,110.5,3.453,10.73,84.62,21.76,2.49,0.08943,0.04066,0.04238,0.03389,0.0,0.0,0.0,0.0,0.0,0.0,0.0,0.0,0.0,0.0,0.0,0.0,0.0,0.0,0.0,0.0,0.0,0.0,0.0,0.0,0.0,0.0,0.0,0.0,1.001E-4,0.0,55900.0,124600.0,55860.0,52940.0,2.77E7,68870.0,27960.0,29710.0,34730.0,53370.0,0.0,2.265E-36,4.214E-37,3.18E-36,2.13E-36,1.466E-37,9.493E-38,1.658E-39,1.849E-39,1.21E-38,5.6629999999999996E-39,2.08E-35,0.0,1.01,0.7201,2.215,1.023,0.1065,0.05962,0.002044,0.003933,0.0133,0.00322,0.0,0.0,0.001192,6.449E-5,3.531E-4,0.9945,0.001357,3.468E-4,4.55E-4,5.275E-5,0.001654,0.0,0.01318,0.003412,0.003261,0.002573,0.1936,0.007307,8.872E-4,0.001674,0.00511,6.004E-4,
0.0,1536.0,84.14,181.0,74.7,0.4336,4.829,0.184,0.4488,1.066,0.273,0.0,343.7,0.0748,1.121,0.08428,0.1494,0.1131,0.1402,0.7034,5.216,9.226,0.0,343.7,0.0748,1.121,0.08428,0.1494,0.1131,0.1402,0.7034,5.216,9.226,0.0,0.0,0.0,0.0,0.0,0.0,0.0,0.0,0.0,0.0,0.0,0.0,20.58,425.5,144.3,36.37,746.2,236.4,4.886,7.437,32.34,8.088,0.0,110.5,3.704,12.35,83.0,20.51,0.4609,0.08947,0.04074,0.04249,0.03387,0.0,0.0,0.0,0.0,0.0,0.0,0.0,0.0,0.0,0.0,0.0,0.0,0.0,0.0,0.0,0.0,0.0,0.0,0.0,0.0,0.0,0.0,0.0,0.0,1.0E-4,0.0,55980.0,124300.0,54480.0,50860.0,2.702E7,66720.0,28070.0,29370.0,34710.0,52390.0,0.0,2.265E-36,4.494E-37,3.102E-36,2.21E-36,1.348E-37,7.441E-38,1.685E-39,1.9629999999999998E-39,2.0839999999999998E-39,3.169E-39,2.08E-35,0.0,1.01,0.7457,2.178,1.053,0.1015,0.04696,0.002255,0.004762,0.01107,0.002713,0.0,0.0,0.001192,6.449E-5,3.531E-4,0.9945,0.001357,3.468E-4,4.55E-4,5.275E-5,0.001654,0.0,0.01332,0.003417,0.003258,0.002627,0.1935,0.007072,8.919E-4,0.00169,0.00512,5.997E-4,
0.0,1533.0,85.07,183.1,87.71,0.4318,4.874,0.205,0.4624,1.063,0.2782,0.0,343.7,0.0782,1.099,0.06799,0.1841,0.229,0.08293,0.6937,5.801,8.592,0.0,343.7,0.0782,1.099,0.06799,0.1841,0.229,0.08293,0.6937,5.801,8.592,0.0,0.0,0.0,0.0,0.0,0.0,0.0,0.0,0.0,0.0,0.0,0.0,20.57,422.9,146.8,35.54,738.7,233.1,8.561,7.959,33.45,7.611,0.0,109.9,3.001,5.714,77.98,20.53,0.3972,0.08876,0.03732,0.04227,0.03034,0.0,0.0,0.0,0.0,0.0,0.0,0.0,0.0,0.0,0.0,0.0,0.0,0.0,0.0,0.0,0.0,0.0,0.0,0.0,0.0,0.0,0.0,0.0,0.0,5.857E-4,0.0,56020.0,126500.0,64910.0,50540.0,2.73E7,66530.0,28970.0,30010.0,35510.0,52760.0,0.0,2.176E-36,4.337E-37,2.987E-36,2.2610000000000003E-36,2.0239999999999998E-37,7.348E-38,2.7089999999999997E-39,2.1289999999999998E-39,2.392E-39,3.041E-39,2.08E-35,0.0,0.9702,0.7636,2.133,1.077,0.1448,0.04674,0.002486,0.004815,0.01114,0.002676,0.0,0.0,0.001192,6.449E-5,3.531E-4,0.9945,0.001357,3.468E-4,4.55E-4,5.275E-5,0.001654,0.0,0.01332,0.003353,0.00328,0.002636,0.1935,0.007022,9.129E-4,0.001737,0.00514,5.784E-4,
0.0,1534.0,87.83,178.1,88.98,3.504,4.863,0.2092,0.464,1.078,0.275,0.0,343.7,0.08438,1.095,0.09548,0.1518,0.1191,0.1392,0.5907,4.142,10.41,0.0,343.7,0.08438,1.095,0.09548,0.1518,0.1191,0.1392,0.5907,4.142,10.41,0.0,0.0,0.0,0.0,0.0,0.0,0.0,0.0,0.0,0.0,0.0,0.0,20.57,410.1,139.9,37.59,763.1,229.3,9.197,8.65,33.69,8.095,0.0,109.9,2.755,4.713,75.4,20.51,0.3872,0.0881,0.0358,0.03847,0.02882,0.0,0.0,0.0,0.0,0.0,0.0,0.0,0.0,0.0,0.0,0.0,0.0,0.0,0.0,0.0,0.0,0.0,0.0,0.0,0.0,0.0,0.0,0.0,0.0,5.015E-4,0.0,56140.0,127900.0,61310.0,50990.0,2.817E7,67430.0,30020.0,31000.0,36240.0,54300.0,0.0,2.1930000000000002E-36,4.284E-37,2.977E-36,2.278E-36,1.641E-37,7.245E-38,2.8619999999999997E-39,2.263E-39,2.448E-39,3.1439999999999996E-39,2.08E-35,0.0,0.9817,0.7746,2.105,1.086,0.1366,0.0465,0.002527,0.004853,0.01113,0.002725,0.0,0.0,0.001192,6.449E-5,3.531E-4,0.9945,0.001357,3.468E-4,4.55E-4,5.275E-5,0.001654,0.0,0.01334,0.003217,0.003211,0.002663,0.1936,0.006992,9.094E-4,0.001774,0.005107,5.851E-4,
0.0,1534.0,83.28,175.5,89.21,3.153,4.486,0.2131,0.4667,1.075,0.27,0.0,343.7,0.06647,1.148,0.06216,0.1091,0.1062,0.1388,0.6951,4.081,10.42,0.0,343.7,0.06647,1.148,0.06216,0.1091,0.1062,0.1388,0.6951,4.081,10.42,0.0,0.0,0.0,0.0,0.0,0.0,0.0,0.0,0.0,0.0,0.0,0.0,20.57,409.9,141.3,38.12,816.1,183.8,8.99,8.652,33.76,7.008,0.0,109.9,2.383,7.638,74.2,26.23,0.2035,0.04287,0.04117,0.04041,0.02287,0.0,0.0,0.0,0.0,0.0,0.0,0.0,0.0,0.0,0.0,0.0,0.0,0.0,0.0,0.0,0.0,0.0,0.0,0.0,0.0,0.0,0.0,0.0,0.0,6.075E-4,0.0,56240.0,227100.0,94860.0,177900.0,2.678E7,87190.0,37940.0,29830.0,36420.0,15360.0,0.0,2.1930000000000002E-36,3.788E-37,3.011E-36,2.2670000000000002E-36,1.901E-37,5.576E-38,2.6009999999999997E-39,2.311E-39,2.4269999999999998E-39,2.923E-39,2.08E-35,0.0,0.9817,0.7285,2.136,1.078,0.1599,0.04118,0.00245,0.004902,0.0111,0.002652,0.0,0.0,0.005304,8.729E-4,0.005611,0.9863,6.464E-4,7.329E-4,3.785E-4,4.388E-5,1.32E-4,0.0,0.01336,0.00385,0.003417,0.003505,0.1925,0.006187,9.76E-4,0.001795,0.005081,3.196E-4,
0.0,1530.0,92.32,174.6,87.07,3.153,4.487,0.2122,0.4702,1.079,0.2608,0.0,343.7,0.06617,1.122,0.08751,0.1095,0.1064,0.1389,0.6962,5.382,9.114,0.0,343.7,0.06617,1.122,0.08751,0.1095,0.1064,0.1389,0.6962,5.382,9.114,0.0,0.0,0.0,0.0,0.0,0.0,0.0,0.0,0.0,0.0,0.0,0.0,20.57,406.0,142.3,36.88,821.3,183.9,9.016,8.575,33.61,7.041,0.0,108.8,2.248,8.985,82.22,15.61,0.1961,0.0352,0.03688,0.04013,0.02162,0.0,0.0,0.0,0.0,0.0,0.0,0.0,0.0,0.0,0.0,0.0,0.0,0.0,0.0,0.0,0.0,0.0,0.0,0.0,0.0,0.0,0.0,0.0,0.0,5.523E-4,0.0,56310.0,111900.0,89470.0,61300.0,2.578E7,78970.0,37590.0,29050.0,35430.0,15020.0,0.0,2.0740000000000002E-36,3.97E-37,3.002E-36,2.269E-36,1.4229999999999999E-37,5.574E-38,2.5339999999999998E-39,2.29E-39,2.433E-39,2.8989999999999998E-39,2.08E-35,0.0,0.9307,0.8108,2.108,1.099,0.1322,0.04117,0.002424,0.00493,0.01106,0.002629,0.0,0.0,4.765E-4,9.334E-4,8.054E-4,0.9957,6.911E-4,7.837E-4,4.047E-4,4.692E-5,1.412E-4,0.0,0.01338,0.003047,0.003418,0.002722,0.1936,0.006203,9.746E-4,0.001795,0.0051,3.072E-4,
0.0,1532.0,89.08,167.2,87.04,3.155,6.703,0.2115,0.4719,1.148,0.2774,0.0,343.7,0.06013,1.158,0.05861,0.1092,0.1086,0.1387,0.6974,5.379,9.114,0.0,343.7,0.06013,1.158,0.05861,0.1092,0.1086,0.1387,0.6974,5.379,9.114,0.0,0.0,0.0,0.0,0.0,0.0,0.0,0.0,0.0,0.0,0.0,0.0,20.57,408.6,140.8,38.55,826.5,183.9,9.027,8.585,33.58,7.046,0.0,113.3,3.241,14.54,76.06,16.78,0.2081,0.03552,0.03689,0.04059,0.02193,0.0,0.0,0.0,0.0,0.0,0.0,0.0,0.0,0.0,0.0,0.0,0.0,0.0,0.0,0.0,0.0,0.0,0.0,0.0,0.0,0.0,0.0,0.0,0.0,1.0E-4,0.0,56750.0,110800.0,88400.0,60800.0,2.455E7,72700.0,36290.0,28310.0,34450.0,14330.0,0.0,2.1190000000000002E-36,3.3779999999999997E-37,3.0040000000000002E-36,2.1840000000000003E-36,1.516E-37,1.229E-37,2.533E-39,2.289E-39,4.7009999999999997E-39,3.469E-39,2.08E-35,0.0,0.9498,0.7847,2.115,1.069,0.1367,0.05813,0.002419,0.004949,0.01158,0.002757,0.0,0.0,4.881E-4,9.561E-4,8.25E-4,0.9956,7.08E-4,8.027E-4,4.145E-4,4.806E-5,1.446E-4,0.0,0.01344,0.003053,0.003392,0.002698,0.1935,0.006208,9.76E-4,0.001805,0.005092,3.078E-4,
0.0,1532.0,91.22,158.0,81.19,0.1442,5.029,0.1771,0.4294,1.042,0.1232,0.0,343.7,0.07752,1.111,0.08696,0.1086,0.1061,0.1388,0.6959,5.379,9.118,0.0,343.7,0.07752,1.111,0.08696,0.1086,0.1061,0.1388,0.6959,5.379,9.118,0.0,0.0,0.0,0.0,0.0,0.0,0.0,0.0,0.0,0.0,0.0,0.0,20.57,408.9,142.1,38.45,823.1,183.9,9.01,8.564,33.53,7.031,0.0,113.3,4.279,19.4,83.85,19.69,0.2391,0.07085,0.08111,0.07372,0.1588,0.0,0.0,0.0,0.0,0.0,0.0,0.0,0.0,0.0,0.0,0.0,0.0,0.0,0.0,0.0,0.0,0.0,0.0,0.0,0.0,0.0,0.0,0.0,0.0,7.249E-4,0.0,56840.0,108700.0,87390.0,59240.0,2.33E7,68750.0,36020.0,28380.0,34180.0,14380.0,0.0,2.1190000000000002E-36,4.036E-37,2.9470000000000003E-36,2.21E-36,1.518E-37,6.999E-38,2.533E-39,2.288E-39,2.4219999999999998E-39,2.9029999999999998E-39,2.08E-35,0.0,0.9499,0.8106,2.096,1.067,0.1362,0.04576,0.002426,0.004967,0.01102,0.002627,0.0,0.0,5.124E-4,0.001004,8.661E-4,0.9954,7.432E-4,8.427E-4,4.352E-4,5.045E-5,1.518E-4,0.0,0.0135,0.003054,0.003399,0.002708,0.1935,0.006166,9.841E-4,0.00182,0.005078,3.088E-4,
0.0,1526.0,100.6,156.4,84.83,0.08463,4.399,0.174,0.4315,1.036,0.12,0.0,343.7,0.06634,1.152,0.05634,0.1078,0.1059,0.1389,0.7212,5.353,9.119,0.0,343.7,0.06634,1.152,0.05634,0.1078,0.1059,0.1389,0.7212,5.353,9.119,0.0,0.0,0.0,0.0,0.0,0.0,0.0,0.0,0.0,0.0,0.0,0.0,20.55,410.3,142.6,38.56,814.2,183.9,8.998,8.56,33.52,7.019,0.0,113.5,3.484,18.92,79.82,19.74,0.2727,0.07183,0.0857,0.07306,0.1617,0.0,0.0,0.0,0.0,0.0,0.0,0.0,0.0,0.0,0.0,0.0,0.0,0.0,0.0,0.0,0.0,0.0,0.0,0.0,0.0,0.0,0.0,0.0,0.0,1.001E-4,0.0,57220.0,109300.0,84290.0,58960.0,2.252E7,66270.0,36210.0,29460.0,33970.0,14850.0,0.0,1.8940000000000002E-36,3.382E-37,3.0040000000000002E-36,2.1800000000000002E-36,1.513E-37,5.6E-38,2.5209999999999998E-39,2.294E-39,2.389E-39,2.895E-39,2.08E-35,0.0,0.8491,0.9087,2.103,1.067,0.136,0.041,0.002403,0.005022,0.01096,0.002624,0.0,0.0,5.289E-4,0.001036,8.939E-4,0.9952,7.671E-4,8.698E-4,4.492E-4,5.207E-5,1.567E-4,0.0,0.01361,0.003041,0.003447,0.002661,0.1933,0.006091,9.817E-4,0.001845,0.005056,3.091E-4,
0.0,1526.0,102.9,153.4,90.58,0.09968,4.353,0.2491,0.3556,1.033,0.1174,0.0,343.7,0.08651,1.129,0.05952,0.1075,0.1057,0.144,0.7168,6.554,7.917,0.0,343.7,0.08651,1.129,0.05952,0.1075,0.1057,0.144,0.7168,6.554,7.917,0.0,0.0,0.0,0.0,0.0,0.0,0.0,0.0,0.0,0.0,0.0,0.0,20.55,415.5,139.1,37.94,811.1,183.9,9.0,8.567,33.52,7.02,0.0,116.1,4.715,17.62,71.91,19.74,0.3114,0.07257,0.08809,0.07475,0.1625,0.0,0.0,0.0,0.0,0.0,0.0,0.0,0.0,0.0,0.0,0.0,0.0,0.0,0.0,0.0,0.0,0.0,0.0,0.0,0.0,0.0,0.0,0.0,0.0,1.0E-4,0.0,57490.0,109300.0,87820.0,57900.0,2.184E7,64320.0,37760.0,28160.0,34630.0,15280.0,0.0,1.908E-36,3.791E-37,2.9330000000000002E-36,2.178E-36,1.51E-37,5.596E-38,2.531E-39,2.279E-39,2.3729999999999998E-39,2.893E-39,2.08E-35,0.0,0.8711,0.9345,2.069,1.051,0.1359,0.04094,0.0033,0.004147,0.01096,0.002602,0.0,0.0,5.289E-4,0.001036,8.939E-4,0.9952,7.671E-4,8.698E-4,4.492E-4,5.207E-5,1.567E-4,0.0,0.01365,0.003059,0.00343,0.002658,0.193,0.006069,0.001697,0.001129,0.005057,3.008E-4,
0.0,1526.0,101.3,152.9,84.88,0.2915,4.468,0.2502,0.3643,1.036,0.1184,0.0,343.7,0.06819,1.098,0.05842,0.1508,0.1065,0.145,0.7213,7.062,7.404,0.0,343.7,0.06819,1.098,0.05842,0.1508,0.1065,0.145,0.7213,7.062,7.404,0.0,0.0,0.0,0.0,0.0,0.0,0.0,0.0,0.0,0.0,0.0,0.0,20.55,410.9,148.2,37.87,808.6,183.7,8.956,8.814,33.49,6.979,0.0,116.1,4.329,10.82,83.08,20.71,2.0,0.07205,0.08252,0.07086,0.1614,0.0,0.0,0.0,0.0,0.0,0.0,0.0,0.0,0.0,0.0,0.0,0.0,0.0,0.0,0.0,0.0,0.0,0.0,0.0,0.0,0.0,0.0,0.0,0.0,5.785E-4,0.0,57530.0,119100.0,199400.0,62730.0,2.148E7,59130.0,35730.0,27500.0,35420.0,15380.0,0.0,1.914E-36,3.3779999999999997E-37,2.7980000000000002E-36,2.162E-36,2.95E-37,7.281E-38,2.5569999999999998E-39,2.344E-39,2.367E-39,2.9029999999999998E-39,2.08E-35,0.0,0.8741,0.9071,2.02,1.055,0.1857,0.05504,0.003316,0.004171,0.01096,0.002604,0.0,0.0,9.911E-4,0.00618,0.001247,0.9897,6.394E-4,7.25E-4,3.744E-4,4.34E-5,1.306E-4,0.0,0.01366,0.003038,0.004366,0.002716,0.192,0.00604,0.001675,0.001117,0.005053,2.961E-4,
0.0,1527.0,99.17,157.7,85.18,0.188,4.382,0.2505,0.365,1.038,0.1179,0.0,343.7,0.06461,1.117,0.07808,0.1155,0.1055,0.1447,0.7213,6.775,7.692,0.0,343.7,0.06461,1.117,0.07808,0.1155,0.1055,0.1447,0.7213,6.775,7.692,0.0,0.0,0.0,0.0,0.0,0.0,0.0,0.0,0.0,0.0,0.0,0.0,20.55,412.0,146.3,40.28,802.9,183.8,8.998,8.756,33.62,6.99,0.0,133.3,5.071,10.78,63.99,19.85,0.2364,0.0718,0.08078,0.06979,0.161,0.0,0.0,0.0,0.0,0.0,0.0,0.0,0.0,0.0,0.0,0.0,0.0,0.0,0.0,0.0,0.0,0.0,0.0,0.0,0.0,0.0,0.0,0.0,0.0,1.0E-4,0.0,58600.0,122900.0,94780.0,72290.0,2.129E7,57300.0,37060.0,28260.0,36000.0,16030.0,0.0,1.967E-36,3.349E-37,2.9390000000000002E-36,2.1090000000000002E-36,1.5549999999999999E-37,5.626E-38,2.451E-39,2.3099999999999998E-39,2.358E-39,2.886E-39,2.08E-35,0.0,0.9078,0.8873,2.084,1.041,0.1332,0.04104,0.003295,0.004149,0.01097,0.002591,0.0,0.0,0.00107,3.095E-4,0.001346,0.9952,6.905E-4,7.829E-4,4.043E-4,4.687E-5,1.41E-4,0.0,0.01369,0.003072,0.003421,0.002726,0.1922,0.006072,0.001662,0.001108,0.005064,2.912E-4,
0.0,1527.0,101.2,147.5,96.98,0.2612,4.424,0.2501,0.3652,1.045,0.1125,0.0,343.7,0.09338,1.095,0.0637,0.1147,0.1122,0.1435,0.722,7.34,7.127,0.0,343.7,0.09338,1.095,0.0637,0.1147,0.1122,0.1435,0.722,7.34,7.127,0.0,0.0,0.0,0.0,0.0,0.0,0.0,0.0,0.0,0.0,0.0,0.0,20.55,427.7,135.6,38.03,797.1,183.8,9.01,8.645,33.71,6.999,0.0,133.3,4.216,10.21,60.27,19.64,1.819,0.07135,0.07985,0.06916,0.1605,0.0,0.0,0.0,0.0,0.0,0.0,0.0,0.0,0.0,0.0,0.0,0.0,0.0,0.0,0.0,0.0,0.0,0.0,0.0,0.0,0.0,0.0,0.0,0.0,1.0E-4,0.0,58690.0,122400.0,92820.0,70840.0,2.047E7,56040.0,36840.0,27390.0,35390.0,16240.0,0.0,1.967E-36,3.822E-37,2.867E-36,2.091E-36,1.572E-37,8.052E-38,2.438E-39,2.302E-39,2.3409999999999998E-39,2.8719999999999998E-39,2.08E-35,0.0,0.9078,0.9149,2.006,1.076,0.1335,0.05574,0.003286,0.00414,0.01099,0.002575,0.0,0.0,0.001124,3.249E-4,0.001413,0.995,7.25E-4,8.22E-4,4.245E-4,4.921E-5,1.481E-4,0.0,0.01374,0.00308,0.003455,0.002687,0.1919,0.00603,0.001661,0.001104,0.005081,2.86E-4,
0.0,1528.0,98.62,149.5,102.0,0.2564,5.531,0.2344,0.3029,0.9991,0.4555,0.0,343.7,0.1177,1.054,0.06611,0.1095,0.128,0.144,0.7217,8.245,6.226,0.0,343.7,0.1177,1.054,0.06611,0.1095,0.128,0.144,0.7217,8.245,6.226,0.0,0.0,0.0,0.0,0.0,0.0,0.0,0.0,0.0,0.0,0.0,0.0,20.55,457.4,111.1,35.42,793.3,182.4,8.945,8.465,32.7,7.87,0.0,133.3,5.944,8.38,51.0,19.65,3.907,0.08065,0.1156,0.0935,0.2675,0.0,0.0,0.0,0.0,0.0,0.0,0.0,0.0,0.0,0.0,0.0,0.0,0.0,0.0,0.0,0.0,0.0,0.0,0.0,0.0,0.0,0.0,0.0,0.0,1.001E-4,0.0,58740.0,124400.0,87150.0,71010.0,2.011E7,55230.0,37280.0,27170.0,35260.0,16930.0,0.0,1.982E-36,4.434E-37,2.777E-36,2.0710000000000002E-36,1.4629999999999999E-37,1.043E-37,2.76E-39,3.588E-39,3.184E-39,6.859E-39,2.08E-35,0.0,0.9206,0.9305,1.967,1.057,0.1264,0.08499,0.00341,0.004631,0.01128,0.008288,0.0,0.0,0.001183,3.42E-4,0.001488,0.9947,7.631E-4,8.653E-4,4.468E-4,5.18E-5,1.559E-4,0.0,0.01375,0.003172,0.00339,0.002707,0.1913,0.005959,0.001658,0.001072,0.005089,3.429E-4,
0.0,1534.0,93.73,152.6,100.1,0.6539,2.959,0.2256,0.2633,0.9747,0.07648,0.0,343.7,0.08865,1.087,0.05664,0.1151,0.07845,0.1995,0.6642,8.291,6.231,0.0,343.7,0.08865,1.087,0.05664,0.1151,0.07845,0.1995,0.6642,8.291,6.231,0.0,0.0,0.0,0.0,0.0,0.0,0.0,0.0,0.0,0.0,0.0,0.0,20.55,463.8,107.9,33.3,790.8,184.0,9.044,8.515,33.4,6.858,0.0,133.9,4.946,7.43,53.74,19.72,2.99,0.07445,0.09045,0.07681,0.1613,0.0,0.0,0.0,0.0,0.0,0.0,0.0,0.0,0.0,0.0,0.0,0.0,0.0,0.0,0.0,0.0,0.0,0.0,0.0,0.0,0.0,0.0,0.0,0.0,1.0E-4,0.0,58890.0,122900.0,85520.0,69450.0,2.017E7,52470.0,36500.0,26930.0,34450.0,16170.0,0.0,2.0030000000000002E-36,3.594E-37,2.79E-36,2.13E-36,1.64E-37,6.698E-38,2.4709999999999998E-39,2.437E-39,2.405E-39,2.851E-39,2.08E-35,0.0,0.9511,0.8707,2.022,1.082,0.1421,0.0282,0.002982,0.002866,0.01012,0.002178,0.0,0.0,0.001183,3.42E-4,0.001488,0.9947,7.631E-4,8.653E-4,4.468E-4,5.18E-5,1.559E-4,0.0,0.01378,0.003234,0.003201,0.002738,0.1912,0.006015,0.001666,0.001093,0.005099,3.02E-4,
0.0,1540.0,92.35,142.7,91.33,0.05977,3.056,0.2297,0.7903,0.4579,0.07684,0.0,343.7,0.07813,1.102,0.07382,0.1026,0.08245,0.2213,1.562,7.761,5.826,0.0,343.7,0.07813,1.102,0.07382,0.1026,0.08245,0.2213,1.562,7.761,5.826,0.0,0.0,0.0,0.0,0.0,0.0,0.0,0.0,0.0,0.0,0.0,0.0,20.55,465.6,101.2,31.06,811.4,183.2,6.285,13.27,24.09,6.529,0.0,134.8,5.116,20.21,55.75,17.41,3.809,0.04647,0.07089,0.04545,0.15,0.0,0.0,0.0,0.0,0.0,0.0,0.0,0.0,0.0,0.0,0.0,0.0,0.0,0.0,0.0,0.0,0.0,0.0,0.0,0.0,0.0,0.0,0.0,0.0,5.269E-4,0.0,59600.0,102700.0,82900.0,58170.0,2.088E7,47140.0,22490.0,32480.0,7937.0,13970.0,0.0,2.0710000000000002E-36,3.293E-37,2.8440000000000003E-36,2.096E-36,8.98E-38,6.995E-38,1.82E-39,2.572E-39,1.3569999999999999E-39,2.4359999999999998E-39,2.08E-35,0.0,1.003,0.8442,2.068,1.049,0.1033,0.0301,0.002774,0.00823,0.004389,0.002055,0.0,0.0,0.001183,3.42E-4,0.001488,0.9947,7.631E-4,8.653E-4,4.468E-4,5.18E-5,1.559E-4,0.0,0.01387,0.003045,0.003187,0.002576,0.192,0.005964,0.001524,0.004963,9.94E-4,3.038E-4,
0.0,1541.0,92.38,141.0,77.32,0.06157,2.967,0.2291,0.7933,0.4598,0.0771,0.0,343.8,0.07879,1.109,0.06308,0.0997,0.07984,0.2037,1.377,7.08,6.718,0.0,343.8,0.07879,1.109,0.06308,0.0997,0.07984,0.2037,1.377,7.08,6.718,0.0,0.0,0.0,0.0,0.0,0.0,0.0,0.0,0.0,0.0,0.0,0.0,20.55,465.6,101.2,31.12,804.1,183.2,6.034,13.35,24.48,6.46,0.0,135.0,5.212,21.98,68.66,17.11,4.522,0.04601,0.06889,0.04397,0.1499,0.0,0.0,0.0,0.0,0.0,0.0,0.0,0.0,0.0,0.0,0.0,0.0,0.0,0.0,0.0,0.0,0.0,0.0,0.0,0.0,0.0,0.0,0.0,0.0,1.0E-4,0.0,60090.0,103700.0,77180.0,57820.0,2.187E7,46750.0,23100.0,32480.0,7753.0,13890.0,0.0,2.098E-36,3.281E-37,2.8210000000000003E-36,2.073E-36,8.627E-38,7.505E-38,1.817E-39,2.56E-39,1.3529999999999999E-39,2.4349999999999998E-39,2.08E-35,0.0,1.015,0.8453,2.063,1.039,0.1008,0.03411,0.002762,0.008237,0.004397,0.002052,0.0,0.0,0.001183,3.42E-4,0.001488,0.9947,7.631E-4,8.653E-4,4.468E-4,5.18E-5,1.559E-4,0.0,0.01401,0.003061,0.003156,0.002544,0.192,0.005857,0.001524,0.004969,9.948E-4,3.055E-4,
0.0,1541.0,95.84,133.1,88.47,0.3996,2.994,0.2093,0.8037,0.4594,0.06811,0.0,343.8,0.09142,1.101,0.06156,0.09539,0.08129,0.2002,1.461,7.045,6.672,0.0,343.8,0.09142,1.101,0.06156,0.09539,0.08129,0.2002,1.461,7.045,6.672,0.0,0.0,0.0,0.0,0.0,0.0,0.0,0.0,0.0,0.0,0.0,0.0,20.55,465.9,102.1,32.08,804.4,184.6,6.047,14.91,24.84,7.533,0.0,135.0,6.483,17.67,60.54,21.26,4.428,0.04828,0.07554,0.04518,0.1546,0.0,0.0,0.0,0.0,0.0,0.0,0.0,0.0,0.0,0.0,0.0,0.0,0.0,0.0,0.0,0.0,0.0,0.0,0.0,0.0,0.0,0.0,0.0,0.0,4.494E-4,0.0,60120.0,107100.0,81390.0,57240.0,2.239E7,49070.0,21220.0,36600.0,8720.0,17330.0,0.0,2.098E-36,3.628E-37,2.781E-36,2.043E-36,1.027E-37,7.485E-38,1.809E-39,2.59E-39,1.3619999999999999E-39,2.441E-39,2.08E-35,0.0,1.015,0.8784,1.994,1.065,0.1104,0.03425,0.002558,0.008268,0.004418,0.002036,0.0,0.0,0.001305,1.145E-4,0.001255,0.9954,6.437E-4,7.299E-4,3.769E-4,4.37E-5,1.315E-4,0.0,0.01401,0.003056,0.003179,0.002579,0.1913,0.006074,0.00135,0.005039,0.001033,3.306E-4,
0.0,1541.0,92.37,135.4,94.5,0.06263,2.992,0.209,0.7894,0.4534,0.08672,0.0,343.8,0.08355,1.114,0.05585,0.09368,0.08376,0.2004,2.097,7.274,5.802,0.0,343.8,0.08355,1.114,0.05585,0.09368,0.08376,0.2004,2.097,7.274,5.802,0.0,0.0,0.0,0.0,0.0,0.0,0.0,0.0,0.0,0.0,0.0,0.0,20.55,466.4,103.7,32.05,799.7,184.6,6.045,13.84,25.81,7.483,0.0,135.0,4.951,12.97,62.55,20.56,4.432,0.04865,0.07617,0.04543,0.1548,0.0,0.0,0.0,0.0,0.0,0.0,0.0,0.0,0.0,0.0,0.0,0.0,0.0,0.0,0.0,0.0,0.0,0.0,0.0,0.0,0.0,0.0,0.0,0.0,5.821E-4,0.0,60140.0,105700.0,77410.0,54900.0,2.158E7,47400.0,20830.0,35700.0,8470.0,17030.0,0.0,2.098E-36,3.681E-37,2.7120000000000003E-36,2.099E-36,8.645E-38,7.481E-38,1.808E-39,2.5649999999999997E-39,1.3369999999999999E-39,2.4669999999999998E-39,2.08E-35,0.0,1.015,0.8645,1.975,1.101,0.1037,0.03426,0.002557,0.0082,0.004458,0.002057,0.0,0.0,0.00134,1.175E-4,0.001289,0.9953,6.609E-4,7.494E-4,3.87E-4,4.486E-5,1.35E-4,0.0,0.01401,0.003048,0.00313,0.002629,0.1913,0.006092,0.001339,0.005046,0.001009,3.483E-4,
0.0,1541.0,82.89,145.7,103.0,0.06212,2.985,0.2103,0.7987,0.4386,0.08922,0.0,343.8,0.08298,1.095,0.06253,0.09312,0.0801,0.2063,0.9446,6.153,8.075,0.0,343.8,0.08298,1.095,0.06253,0.09312,0.0801,0.2063,0.9446,6.153,8.075,0.0,0.0,0.0,0.0,0.0,0.0,0.0,0.0,0.0,0.0,0.0,0.0,20.55,461.2,113.9,34.99,800.6,184.5,6.295,15.24,24.12,7.673,0.0,135.0,4.073,9.844,55.08,20.55,4.501,0.04916,0.07744,0.04621,0.1549,0.0,0.0,0.0,0.0,0.0,0.0,0.0,0.0,0.0,0.0,0.0,0.0,0.0,0.0,0.0,0.0,0.0,0.0,0.0,0.0,0.0,0.0,0.0,0.0,1.0E-4,0.0,60140.0,106600.0,75760.0,53130.0,2.104E7,46720.0,21080.0,35930.0,8348.0,17210.0,0.0,2.098E-36,3.3579999999999997E-37,2.713E-36,2.083E-36,8.641E-38,7.498E-38,1.822E-39,2.568E-39,1.32E-39,2.4669999999999998E-39,2.08E-35,0.0,1.015,0.8082,2.009,1.101,0.1036,0.0344,0.002572,0.008284,0.004342,0.002084,0.0,0.0,0.001406,1.234E-4,0.001353,0.995,6.938E-4,7.866E-4,4.062E-4,4.709E-5,1.417E-4,0.0,0.01401,0.003057,0.003175,0.002606,0.191,0.006082,0.001353,0.005108,9.511E-4,3.521E-4,
0.0,1541.0,91.73,135.1,101.0,0.07075,2.992,0.2101,0.7959,0.4287,0.08115,0.0,343.8,0.1148,1.057,0.05681,0.09102,0.1731,0.1088,0.8259,5.469,8.886,0.0,343.8,0.1148,1.057,0.05681,0.09102,0.1731,0.1088,0.8259,5.469,8.886,0.0,0.0,0.0,0.0,0.0,0.0,0.0,0.0,0.0,0.0,0.0,0.0,20.55,477.0,105.2,31.04,806.3,184.6,6.333,15.25,24.4,7.418,0.0,143.0,4.037,11.72,48.07,20.51,4.534,0.04956,0.07891,0.0536,0.1646,0.0,0.0,0.0,0.0,0.0,0.0,0.0,0.0,0.0,0.0,0.0,0.0,0.0,0.0,0.0,0.0,0.0,0.0,0.0,0.0,0.0,0.0,0.0,0.0,1.0E-4,0.0,61280.0,108900.0,72670.0,54970.0,2.076E7,46550.0,22210.0,36830.0,8070.0,18370.0,0.0,2.152E-36,3.756E-37,2.6210000000000002E-36,2.027E-36,8.627E-38,7.427E-38,1.822E-39,2.5619999999999998E-39,1.2849999999999999E-39,2.4719999999999998E-39,2.08E-35,0.0,1.041,0.8686,1.924,1.086,0.1036,0.03417,0.002569,0.008267,0.00435,0.002069,0.0,0.0,0.001541,1.351E-4,0.001482,0.9946,7.6E-4,8.618E-4,4.45E-4,5.159E-5,1.552E-4,0.0,0.01409,0.003101,0.003167,0.002539,0.1907,0.006112,0.001361,0.005105,9.341E-4,3.659E-4,
0.0,1541.0,89.52,137.8,105.1,0.0719,3.013,0.2105,0.7941,0.4328,0.08627,0.0,343.8,0.09784,1.06,0.06674,0.0911,0.1721,0.109,0.8258,5.469,8.886,0.0,343.8,0.09784,1.06,0.06674,0.0911,0.1721,0.109,0.8258,5.469,8.886,0.0,0.0,0.0,0.0,0.0,0.0,0.0,0.0,0.0,0.0,0.0,0.0,20.55,473.7,111.8,32.07,806.4,183.8,6.264,15.37,24.63,7.523,0.0,144.9,4.039,11.5,40.97,20.6,4.513,0.04993,0.08102,0.05065,0.1601,0.0,0.0,0.0,0.0,0.0,0.0,0.0,0.0,0.0,0.0,0.0,0.0,0.0,0.0,0.0,0.0,0.0,0.0,0.0,0.0,0.0,0.0,0.0,0.0,6.432E-4,0.0,61560.0,108000.0,73380.0,53970.0,2.066E7,46120.0,22150.0,37360.0,8184.0,18960.0,0.0,2.166E-36,3.67E-37,2.613E-36,1.996E-36,8.629E-38,7.412E-38,1.8549999999999998E-39,2.573E-39,1.291E-39,2.495E-39,2.08E-35,0.0,1.048,0.8519,1.938,1.074,0.1036,0.03411,0.002576,0.008269,0.004359,0.002076,0.0,0.0,0.001541,1.351E-4,0.001482,0.9946,7.6E-4,8.618E-4,4.45E-4,5.159E-5,1.552E-4,0.0,0.01413,0.00306,0.003181,0.002509,0.1907,0.006092,0.001362,0.005106,9.3E-4,3.656E-4,
0.0,1541.0,88.07,139.0,113.3,0.06537,2.997,0.2113,0.7934,0.4317,0.09008,0.0,343.8,0.08796,1.074,0.05931,0.09137,0.1718,0.1092,1.262,5.032,8.886,0.0,343.8,0.08796,1.074,0.05931,0.09137,0.1718,0.1092,1.262,5.032,8.886,0.0,0.0,0.0,0.0,0.0,0.0,0.0,0.0,0.0,0.0,0.0,0.0,20.55,475.1,114.4,32.48,806.5,182.7,6.445,15.5,24.71,7.667,0.0,148.6,3.968,10.4,29.68,20.61,4.522,0.05058,0.08389,0.05027,0.1571,0.0,0.0,0.0,0.0,0.0,0.0,0.0,0.0,0.0,0.0,0.0,0.0,0.0,0.0,0.0,0.0,0.0,0.0,0.0,0.0,0.0,0.0,0.0,0.0,5.389E-4,0.0,62050.0,107900.0,73540.0,54430.0,2.131E7,46150.0,22750.0,38410.0,8404.0,19790.0,0.0,2.1930000000000002E-36,3.469E-37,2.6180000000000002E-36,1.96E-36,8.633E-38,7.380999999999999E-38,1.901E-39,2.596E-39,1.3E-39,2.531E-39,2.08E-35,0.0,1.061,0.8358,1.944,1.066,0.1036,0.03404,0.002593,0.008293,0.004343,0.002085,0.0,0.0,0.001541,1.351E-4,0.001482,0.9946,7.6E-4,8.618E-4,4.45E-4,5.159E-5,1.552E-4,0.0,0.01416,0.00305,0.003184,0.002472,0.1907,0.005972,0.001361,0.00511,9.228E-4,3.641E-4,
0.0,1538.0,99.18,142.1,109.8,0.06964,3.573,0.2138,0.8003,0.4406,0.08932,0.0,343.8,0.08626,1.075,0.05975,0.09133,0.09955,0.2802,1.68,4.596,8.805,0.0,343.8,0.08626,1.075,0.05975,0.09133,0.09955,0.2802,1.68,4.596,8.805,0.0,0.0,0.0,0.0,0.0,0.0,0.0,0.0,0.0,0.0,0.0,0.0,20.53,477.0,114.5,32.5,798.6,182.7,6.438,15.25,24.96,7.666,0.0,147.7,3.791,10.04,21.21,20.61,6.699,0.04872,0.07654,0.04459,0.1554,0.0,0.0,0.0,0.0,0.0,0.0,0.0,0.0,0.0,0.0,0.0,0.0,0.0,0.0,0.0,0.0,0.0,0.0,0.0,0.0,0.0,0.0,0.0,0.0,4.755E-4,0.0,62460.0,108100.0,73150.0,55500.0,2.243E7,47450.0,23760.0,39850.0,8702.0,20720.0,0.0,1.996E-36,3.55E-37,2.5700000000000003E-36,1.901E-36,8.631E-38,9.837E-38,1.9139999999999998E-39,2.578E-39,1.297E-39,2.524E-39,2.08E-35,0.0,0.9812,0.9567,1.941,1.018,0.1036,0.04427,0.002588,0.00829,0.004355,0.002083,0.0,0.0,0.001541,1.351E-4,0.001482,0.9946,7.6E-4,8.618E-4,4.45E-4,5.159E-5,1.552E-4,0.0,0.01421,0.00306,0.003172,0.00241,0.1907,0.005936,0.001386,0.005146,9.228E-4,3.576E-4,
0.0,1545.0,103.3,143.2,102.6,0.07033,3.238,0.2151,0.8032,0.442,0.09193,0.0,343.8,0.1146,1.007,0.09979,0.09094,0.0972,0.2822,1.68,5.441,7.961,0.0,343.8,0.1146,1.007,0.09979,0.09094,0.0972,0.2822,1.68,5.441,7.961,0.0,0.0,0.0,0.0,0.0,0.0,0.0,0.0,0.0,0.0,0.0,0.0,20.53,472.5,117.9,34.61,788.8,182.6,6.427,15.38,24.72,7.61,0.0,147.8,3.638,7.962,20.23,20.59,4.308,0.04814,0.07422,0.04251,0.1544,0.0,0.0,0.0,0.0,0.0,0.0,0.0,0.0,0.0,0.0,0.0,0.0,0.0,0.0,0.0,0.0,0.0,0.0,0.0,0.0,0.0,0.0,0.0,0.0,4.366E-4,0.0,62840.0,107300.0,74500.0,60950.0,2.382E7,48860.0,24850.0,41310.0,8940.0,21470.0,0.0,2.066E-36,4.072E-37,2.449E-36,1.9000000000000002E-36,8.884E-38,7.36E-38,1.91E-39,2.56E-39,1.316E-39,2.5079999999999998E-39,2.08E-35,0.0,1.062,0.9985,1.867,0.9777,0.1044,0.034,0.002595,0.008303,0.004346,0.00208,0.0,0.0,0.001541,1.351E-4,0.001482,0.9946,7.6E-4,8.618E-4,4.45E-4,5.159E-5,1.552E-4,0.0,0.01424,0.003028,0.003103,0.002533,0.1907,0.005913,0.00139,0.005135,9.354E-4,3.736E-4,
0.0,1545.0,101.8,141.4,110.3,0.06907,3.389,0.2153,0.8001,0.4462,0.09206,0.0,343.8,0.1207,1.033,0.06316,0.09076,0.09837,0.2813,1.68,5.441,7.961,0.0,343.8,0.1207,1.033,0.06316,0.09076,0.09837,0.2813,1.68,5.441,7.961,0.0,0.0,0.0,0.0,0.0,0.0,0.0,0.0,0.0,0.0,0.0,0.0,20.53,485.4,109.6,34.22,786.6,182.7,6.424,14.78,25.25,7.57,0.0,147.8,3.646,5.427,15.75,22.74,4.144,0.04804,0.07367,0.04193,0.1543,0.0,0.0,0.0,0.0,0.0,0.0,0.0,0.0,0.0,0.0,0.0,0.0,0.0,0.0,0.0,0.0,0.0,0.0,0.0,0.0,0.0,0.0,0.0,0.0,6.101E-4,0.0,62900.0,108300.0,73200.0,63580.0,2.371E7,49500.0,24780.0,42290.0,9151.0,22180.0,0.0,2.066E-36,3.853E-37,2.401E-36,1.9330000000000003E-36,9.222E-38,7.351E-38,1.906E-39,2.54E-39,1.315E-39,2.504E-39,2.08E-35,0.0,1.062,0.9834,1.843,1.009,0.1054,0.03398,0.002596,0.008265,0.004383,0.00208,0.0,0.0,0.00155,1.359E-4,0.00149,0.9945,7.645E-4,8.668E-4,4.476E-4,5.189E-5,1.561E-4,0.0,0.01424,0.00307,0.003019,0.002624,0.189,0.005911,0.001391,0.005136,9.349E-4,3.735E-4,
0.0,1547.0,101.4,141.5,113.6,0.07335,3.581,0.2143,0.8022,0.4441,0.09204,0.0,343.8,0.0977,1.03,0.0886,0.0909,0.09865,0.2819,1.678,5.442,7.961,0.0,343.8,0.0977,1.03,0.0886,0.0909,0.09865,0.2819,1.678,5.442,7.961,0.0,0.0,0.0,0.0,0.0,0.0,0.0,0.0,0.0,0.0,0.0,0.0,20.53,487.2,109.8,34.35,781.6,182.6,6.375,14.78,25.24,7.529,0.0,147.8,3.287,4.439,12.47,22.68,3.948,0.04815,0.07406,0.04193,0.1543,0.0,0.0,0.0,0.0,0.0,0.0,0.0,0.0,0.0,0.0,0.0,0.0,0.0,0.0,0.0,0.0,0.0,0.0,0.0,0.0,0.0,0.0,0.0,0.0,1.001E-4,0.0,63350.0,106700.0,69390.0,60610.0,2.313E7,48070.0,24160.0,41170.0,8878.0,21520.0,0.0,2.086E-36,3.8629999999999996E-37,2.3760000000000002E-36,1.914E-36,9.196E-38,7.344E-38,1.903E-39,2.5349999999999998E-39,1.3009999999999999E-39,2.501E-39,2.08E-35,0.0,1.081,0.9677,1.835,1.013,0.1056,0.03396,0.002585,0.008263,0.004391,0.00208,0.0,0.0,0.00155,1.359E-4,0.00149,0.9945,7.645E-4,8.668E-4,4.476E-4,5.189E-5,1.561E-4,0.0,0.01432,0.003079,0.002981,0.002632,0.189,0.005864,0.00139,0.005139,9.293E-4,3.734E-4,
0.0,1549.0,96.48,142.3,100.5,0.138,3.729,0.2153,0.8003,0.4439,0.09195,0.0,343.8,0.08362,1.076,0.05652,0.09067,0.08348,0.265,1.705,5.445,7.962,0.0,343.8,0.08362,1.076,0.05652,0.09067,0.08348,0.265,1.705,5.445,7.962,0.0,0.0,0.0,0.0,0.0,0.0,0.0,0.0,0.0,0.0,0.0,0.0,20.53,492.2,105.6,35.71,777.6,182.6,6.371,14.78,25.24,7.528,0.0,147.9,3.596,3.804,27.37,22.68,3.792,0.04843,0.07485,0.04211,0.1544,0.0,0.0,0.0,0.0,0.0,0.0,0.0,0.0,0.0,0.0,0.0,0.0,0.0,0.0,0.0,0.0,0.0,0.0,0.0,0.0,0.0,0.0,0.0,0.0,1.0E-4,0.0,64870.0,107200.0,61260.0,61580.0,2.337E7,47120.0,24390.0,40130.0,8636.0,20680.0,0.0,2.1450000000000002E-36,3.3389999999999998E-37,2.34E-36,1.924E-36,9.138E-38,7.34E-38,1.899E-39,2.5169999999999998E-39,1.298E-39,2.4979999999999998E-39,2.08E-35,0.0,1.122,0.9186,1.846,1.009,0.1054,0.03393,0.002598,0.008251,0.004391,0.00208,0.0,0.0,0.00155,1.359E-4,0.00149,0.9945,7.645E-4,8.668E-4,4.476E-4,5.189E-5,1.561E-4,0.0,0.01443,0.003077,0.002923,0.002597,0.1888,0.005806,0.001452,0.005113,9.27E-4,3.708E-4,
0.0,1552.0,97.14,139.8,100.9,1.287,4.093,0.2217,0.8108,0.4631,0.0844,0.0,343.8,0.0836,1.06,0.0598,0.1017,0.09088,0.2551,1.603,4.927,8.582,0.0,343.8,0.0836,1.06,0.0598,0.1017,0.09088,0.2551,1.603,4.927,8.582,0.0,0.0,0.0,0.0,0.0,0.0,0.0,0.0,0.0,0.0,0.0,0.0,20.53,493.1,106.7,43.82,778.6,166.7,11.2,15.96,26.85,7.621,0.0,147.9,2.883,3.227,25.94,22.67,3.475,0.04884,0.07494,0.04273,0.1556,0.0,0.0,0.0,0.0,0.0,0.0,0.0,0.0,0.0,0.0,0.0,0.0,0.0,0.0,0.0,0.0,0.0,0.0,0.0,0.0,0.0,0.0,0.0,0.0,5.048E-4,0.0,65940.0,108600.0,62270.0,61400.0,2.424E7,46950.0,24660.0,40290.0,8679.0,20840.0,0.0,2.214E-36,3.34E-37,2.259E-36,1.864E-36,1.22E-37,7.927E-38,3.8629999999999996E-39,3.217E-39,1.908E-39,2.812E-39,2.08E-35,0.0,1.169,0.9183,1.807,0.9824,0.1156,0.03754,0.00289,0.008485,0.004575,0.002204,0.0,0.0,0.00155,1.359E-4,0.00149,0.9945,7.645E-4,8.668E-4,4.476E-4,5.189E-5,1.561E-4,0.0,0.01451,0.003071,0.0029,0.002603,0.1888,0.005911,0.00122,0.00511,9.39E-4,3.806E-4,
0.0,1554.0,97.49,137.7,81.58,0.1521,6.165,0.2224,0.8072,0.4622,0.08692,0.0,343.8,0.08395,1.061,0.06656,0.09074,0.09251,0.2555,1.603,4.927,8.582,0.0,343.8,0.08395,1.061,0.06656,0.09074,0.09251,0.2555,1.603,4.927,8.582,0.0,0.0,0.0,0.0,0.0,0.0,0.0,0.0,0.0,0.0,0.0,0.0,20.53,494.6,104.3,46.04,771.6,167.4,11.2,15.82,26.99,7.62,0.0,148.0,2.8,2.85,45.18,22.68,2.963,0.04925,0.0764,0.04386,0.1539,0.0,0.0,0.0,0.0,0.0,0.0,0.0,0.0,0.0,0.0,0.0,0.0,0.0,0.0,0.0,0.0,0.0,0.0,0.0,0.0,0.0,0.0,0.0,0.0,1.0E-4,0.0,66460.0,111400.0,59900.0,64070.0,2.547E7,47830.0,25750.0,41160.0,8829.0,21340.0,0.0,2.2450000000000003E-36,3.3599999999999998E-37,2.266E-36,1.8200000000000002E-36,9.169E-38,9.376E-38,3.8629999999999996E-39,3.202E-39,1.906E-39,2.81E-39,2.08E-35,0.0,1.194,0.9212,1.822,0.9355,0.1056,0.05125,0.002902,0.008464,0.004579,0.00221,0.0,0.0,0.00155,1.359E-4,0.00149,0.9945,7.645E-4,8.668E-4,4.476E-4,5.189E-5,1.561E-4,0.0,0.0146,0.003025,0.002882,0.002601,0.1888,0.005845,0.001224,0.005104,9.403E-4,3.806E-4,
0.0,1554.0,94.4,132.8,90.26,2.74,6.086,0.2227,0.7991,0.4594,0.09258,0.0,343.8,0.08203,1.05,0.06215,0.1029,0.09476,0.2815,1.849,4.834,8.404,0.0,343.8,0.08203,1.05,0.06215,0.1029,0.09476,0.2815,1.849,4.834,8.404,0.0,0.0,0.0,0.0,0.0,0.0,0.0,0.0,0.0,0.0,0.0,0.0,20.53,495.6,113.2,41.98,762.7,172.5,11.0,14.28,26.76,6.574,0.0,148.0,2.81,4.171,38.03,24.75,2.499,0.05264,0.08348,0.04686,0.1587,0.0,0.0,0.0,0.0,0.0,0.0,0.0,0.0,0.0,0.0,0.0,0.0,0.0,0.0,0.0,0.0,0.0,0.0,0.0,0.0,0.0,0.0,0.0,0.0,4.228E-4,0.0,66640.0,120800.0,104000.0,60070.0,2.682E7,70530.0,26090.0,34230.0,7376.0,16280.0,0.0,2.2510000000000002E-36,3.264E-37,2.2380000000000002E-36,1.8230000000000002E-36,9.835E-38,8.838E-38,3.868E-39,3.181E-39,1.907E-39,2.81E-39,2.08E-35,0.0,1.197,0.8951,1.808,0.9473,0.1278,0.04607,0.00292,0.008468,0.004574,0.002219,0.0,0.0,0.00155,1.359E-4,0.00149,0.9945,7.645E-4,8.668E-4,4.476E-4,5.189E-5,1.561E-4,0.0,0.01461,0.003085,0.003335,0.002513,0.1884,0.006087,0.001206,0.005009,9.193E-4,3.256E-4,
0.0,1554.0,94.71,132.2,103.0,2.744,6.881,0.2227,0.8033,0.4611,0.09313,0.0,343.8,0.08399,1.047,0.07968,0.09049,0.09067,0.2812,2.273,4.205,8.608,0.0,343.8,0.08399,1.047,0.07968,0.09049,0.09067,0.2812,2.273,4.205,8.608,0.0,0.0,0.0,0.0,0.0,0.0,0.0,0.0,0.0,0.0,0.0,0.0,20.53,497.0,108.6,42.43,769.8,168.1,11.06,14.72,26.9,6.922,0.0,148.0,2.844,4.303,26.22,24.8,0.792,0.05232,0.08468,0.04536,0.1621,0.0,0.0,0.0,0.0,0.0,0.0,0.0,0.0,0.0,0.0,0.0,0.0,0.0,0.0,0.0,0.0,0.0,0.0,0.0,0.0,0.0,0.0,0.0,0.0,1.0E-4,0.0,66890.0,123800.0,79620.0,62590.0,2.821E7,48740.0,27580.0,36200.0,7751.0,17560.0,0.0,2.262E-36,3.307E-37,2.21E-36,1.8390000000000002E-36,8.565E-38,7.943E-38,3.858E-39,3.104E-39,1.8909999999999998E-39,2.766E-39,2.08E-35,0.0,1.202,0.8989,1.788,0.9697,0.1211,0.04132,0.002904,0.008442,0.004561,0.002196,0.0,0.0,0.00155,1.359E-4,0.00149,0.9945,7.645E-4,8.668E-4,4.476E-4,5.189E-5,1.561E-4,0.0,0.01465,0.003079,0.003085,0.002545,0.1888,0.005805,0.001206,0.005036,9.239E-4,3.448E-4,
0.0,1554.0,94.37,135.3,109.4,2.754,7.154,0.2454,0.7853,0.4606,0.09364,0.0,343.8,0.08811,1.053,0.06889,0.08954,0.09009,0.3041,2.245,1.748,11.07,0.0,343.8,0.08811,1.053,0.06889,0.08954,0.09009,0.3041,2.245,1.748,11.07,0.0,0.0,0.0,0.0,0.0,0.0,0.0,0.0,0.0,0.0,0.0,0.0,20.53,486.5,120.1,43.36,765.9,169.1,11.19,16.01,26.7,7.705,0.0,148.0,2.804,3.903,17.57,24.71,0.5261,0.05299,0.09147,0.04554,0.1688,0.0,0.0,0.0,0.0,0.0,0.0,0.0,0.0,0.0,0.0,0.0,0.0,0.0,0.0,0.0,0.0,0.0,0.0,0.0,0.0,0.0,0.0,0.0,0.0,1.001E-4,0.0,67120.0,127700.0,80700.0,66940.0,2.968E7,52060.0,29890.0,39830.0,8523.0,20350.0,0.0,2.2710000000000003E-36,3.344E-37,2.1930000000000002E-36,1.824E-36,8.554E-38,7.937E-38,3.867E-39,3.102E-39,1.888E-39,2.7769999999999998E-39,2.08E-35,0.0,1.206,0.8987,1.786,0.9687,0.1211,0.04129,0.003142,0.008229,0.004533,0.002213,0.0,0.0,0.00155,1.359E-4,0.00149,0.9945,7.645E-4,8.668E-4,4.476E-4,5.189E-5,1.561E-4,0.0,0.0147,0.003088,0.003138,0.002571,0.1885,0.005826,0.001418,0.004887,9.261E-4,3.863E-4,
0.0,1555.0,94.91,136.8,112.0,2.752,7.364,0.2473,0.7837,0.4609,0.09311,0.0,343.8,0.09334,1.044,0.07199,0.09029,0.09177,0.3153,2.234,1.772,11.04,0.0,343.8,0.09334,1.044,0.07199,0.09029,0.09177,0.3153,2.234,1.772,11.04,0.0,0.0,0.0,0.0,0.0,0.0,0.0,0.0,0.0,0.0,0.0,0.0,20.53,486.5,120.1,43.38,759.0,169.1,11.18,15.96,26.71,7.685,0.0,148.0,2.777,3.102,12.46,24.77,0.3143,0.05297,0.0908,0.04507,0.1689,0.0,0.0,0.0,0.0,0.0,0.0,0.0,0.0,0.0,0.0,0.0,0.0,0.0,0.0,0.0,0.0,0.0,0.0,0.0,0.0,0.0,0.0,0.0,0.0,1.0E-4,0.0,67170.0,129000.0,82050.0,67590.0,3.041E7,51290.0,30600.0,39200.0,8513.0,20030.0,0.0,2.285E-36,3.4799999999999997E-37,2.17E-36,1.799E-36,8.726999999999999E-38,7.93E-38,3.866E-39,3.086E-39,1.886E-39,2.775E-39,2.08E-35,0.0,1.219,0.9051,1.778,0.9558,0.1218,0.04129,0.003157,0.008201,0.004536,0.002213,0.0,0.0,0.00155,1.359E-4,0.00149,0.9945,7.645E-4,8.668E-4,4.476E-4,5.189E-5,1.561E-4,0.0,0.01471,0.003082,0.003149,0.002565,0.1885,0.005827,0.001474,0.004795,9.63E-4,3.827E-4,
0.0,1556.0,94.96,135.2,108.1,2.739,9.864,0.2471,0.7821,0.4619,0.09297,0.0,343.8,0.08993,1.054,0.06619,0.09025,0.09154,0.3163,2.233,1.764,11.05,0.0,343.8,0.08993,1.054,0.06619,0.09025,0.09154,0.3163,2.233,1.764,11.05,0.0,0.0,0.0,0.0,0.0,0.0,0.0,0.0,0.0,0.0,0.0,0.0,20.53,486.5,120.1,43.41,756.1,169.1,11.18,15.83,26.84,7.686,0.0,148.0,2.302,6.001,12.02,24.78,0.2391,0.05328,0.09104,0.0452,0.169,0.0,0.0,0.0,0.0,0.0,0.0,0.0,0.0,0.0,0.0,0.0,0.0,0.0,0.0,0.0,0.0,0.0,0.0,0.0,0.0,0.0,0.0,0.0,0.0,9.493E-4,0.0,67230.0,125800.0,79910.0,64240.0,2.781E7,49090.0,28480.0,38080.0,8404.0,19770.0,0.0,2.2990000000000002E-36,3.526E-37,2.152E-36,1.7590000000000002E-36,8.726E-38,9.872E-38,3.87E-39,3.078E-39,1.8869999999999998E-39,2.7729999999999998E-39,2.08E-35,0.0,1.232,0.9046,1.776,0.9242,0.1218,0.06339,0.00315,0.008185,0.004545,0.002213,0.0,0.0,0.001559,1.367E-4,0.001499,0.9945,7.689E-4,8.719E-4,4.502E-4,5.22E-5,1.57E-4,0.0,0.01472,0.003086,0.003116,0.002608,0.1869,0.005785,0.001477,0.004801,9.614E-4,3.847E-4,
0.0,1557.0,94.96,135.7,106.3,2.671,7.546,0.2457,0.7805,0.4623,0.09457,0.0,343.8,0.09327,1.041,0.07662,0.09025,0.1099,0.3271,2.205,1.763,11.05,0.0,343.8,0.09327,1.041,0.07662,0.09025,0.1099,0.3271,2.205,1.763,11.05,0.0,0.0,0.0,0.0,0.0,0.0,0.0,0.0,0.0,0.0,0.0,0.0,20.53,486.4,120.1,43.41,752.1,169.1,11.18,15.71,26.96,7.687,0.0,148.0,2.453,5.41,14.83,24.85,0.2251,0.0538,0.09188,0.04573,0.1692,0.0,0.0,0.0,0.0,0.0,0.0,0.0,0.0,0.0,0.0,0.0,0.0,0.0,0.0,0.0,0.0,0.0,0.0,0.0,0.0,0.0,0.0,0.0,0.0,8.476E-4,0.0,67450.0,123100.0,74350.0,61480.0,2.617E7,48130.0,27190.0,37590.0,8359.0,19550.0,0.0,2.32E-36,3.64E-37,2.13E-36,1.748E-36,8.726E-38,8.055E-38,3.861E-39,3.069E-39,1.886E-39,2.785E-39,2.08E-35,0.0,1.241,0.9089,1.767,0.9396,0.1218,0.04277,0.003143,0.00818,0.004554,0.002224,0.0,0.0,0.001559,1.367E-4,0.001499,0.9945,7.689E-4,8.719E-4,4.502E-4,5.22E-5,1.57E-4,0.0,0.0148,0.00309,0.00312,0.002581,0.1867,0.005602,0.001566,0.004796,9.697E-4,4.149E-4,
0.0,1557.0,93.86,137.1,106.9,2.924,7.528,0.2464,0.7784,0.4633,0.09211,0.0,343.8,0.089,1.024,0.09657,0.09013,0.1004,0.3358,2.206,4.315,8.494,0.0,343.8,0.089,1.024,0.09657,0.09013,0.1004,0.3358,2.206,4.315,8.494,0.0,0.0,0.0,0.0,0.0,0.0,0.0,0.0,0.0,0.0,0.0,0.0,20.53,486.6,118.5,45.97,748.9,169.0,11.18,15.76,26.94,7.712,0.0,148.0,2.185,4.717,14.09,25.19,0.2377,0.0541,0.09332,0.04653,0.1695,0.0,0.0,0.0,0.0,0.0,0.0,0.0,0.0,0.0,0.0,0.0,0.0,0.0,0.0,0.0,0.0,0.0,0.0,0.0,0.0,0.0,0.0,0.0,0.0,1.0E-4,0.0,67540.0,121900.0,75270.0,61970.0,2.576E7,46980.0,26740.0,37090.0,8227.0,19020.0,0.0,2.32E-36,3.478E-37,2.105E-36,1.753E-36,9.241999999999999E-38,8.047E-38,3.859E-39,3.061E-39,1.884E-39,2.783E-39,2.08E-35,0.0,1.241,0.8955,1.756,0.9561,0.1256,0.04271,0.003148,0.008174,0.004573,0.002198,0.0,0.0,0.001559,1.367E-4,0.001499,0.9945,7.689E-4,8.719E-4,4.502E-4,5.22E-5,1.57E-4,0.0,0.01484,0.003067,0.003119,0.002611,0.1867,0.005539,0.001555,0.004849,9.574E-4,4.082E-4,
0.0,1558.0,93.92,131.0,106.1,2.923,7.673,0.2469,0.7748,0.4666,0.08807,0.0,343.8,0.1194,1.017,0.07227,0.0903,0.1252,0.2685,2.235,7.389,5.433,0.0,343.8,0.1194,1.017,0.07227,0.0903,0.1252,0.2685,2.235,7.389,5.433,0.0,0.0,0.0,0.0,0.0,0.0,0.0,0.0,0.0,0.0,0.0,0.0,20.53,486.0,120.4,44.56,744.1,169.0,11.17,15.4,27.31,7.656,0.0,148.3,2.086,6.712,16.84,25.22,0.3291,0.05403,0.09461,0.04743,0.1694,0.0,0.0,0.0,0.0,0.0,0.0,0.0,0.0,0.0,0.0,0.0,0.0,0.0,0.0,0.0,0.0,0.0,0.0,0.0,0.0,0.0,0.0,0.0,0.0,5.668E-4,0.0,67940.0,122500.0,80680.0,62560.0,2.614E7,46520.0,27030.0,36990.0,8246.0,18820.0,0.0,2.349E-36,3.504E-37,2.0900000000000002E-36,1.713E-36,9.371E-38,8.272E-38,3.8549999999999996E-39,3.0449999999999996E-39,1.879E-39,2.779E-39,2.08E-35,0.0,1.258,0.8975,1.751,0.9355,0.1306,0.04437,0.003152,0.008132,0.004623,0.002169,0.0,0.0,0.001559,1.367E-4,0.001499,0.9945,7.689E-4,8.719E-4,4.502E-4,5.22E-5,1.57E-4,0.0,0.01492,0.003049,0.003156,0.002559,0.1867,0.005508,0.001557,0.004832,9.681E-4,3.955E-4,
0.0,1559.0,93.28,131.0,112.0,0.3487,7.725,0.2465,0.7734,0.4647,0.08806,0.0,343.8,0.1165,1.023,0.06559,0.09091,0.08949,0.2913,2.243,7.392,5.433,0.0,343.8,0.1165,1.023,0.06559,0.09091,0.08949,0.2913,2.243,7.392,5.433,0.0,0.0,0.0,0.0,0.0,0.0,0.0,0.0,0.0,0.0,0.0,0.0,20.53,487.2,123.3,42.48,743.9,169.1,11.17,15.47,27.23,7.659,0.0,148.3,2.259,4.684,12.77,28.2,0.2404,0.05433,0.09658,0.04874,0.1694,0.0,0.0,0.0,0.0,0.0,0.0,0.0,0.0,0.0,0.0,0.0,0.0,0.0,0.0,0.0,0.0,0.0,0.0,0.0,0.0,0.0,0.0,0.0,0.0,4.894E-4,0.0,68060.0,125500.0,92400.0,63350.0,2.706E7,47130.0,27940.0,37580.0,8450.0,19230.0,0.0,2.349E-36,3.496E-37,2.06E-36,1.7140000000000003E-36,9.385999999999999E-38,8.237E-38,3.8539999999999996E-39,3.0359999999999996E-39,1.876E-39,2.7769999999999998E-39,2.08E-35,0.0,1.258,0.8935,1.74,0.9433,0.1305,0.04421,0.003151,0.008136,0.004619,0.002169,0.0,0.0,0.001559,1.367E-4,0.001499,0.9945,7.689E-4,8.719E-4,4.502E-4,5.22E-5,1.57E-4,0.0,0.01498,0.003049,0.003185,0.002544,0.1867,0.005423,0.001594,0.004787,0.001004,3.959E-4,
0.0,1559.0,94.88,131.1,106.6,0.9124,7.743,0.2479,0.7737,0.4667,0.08635,0.0,343.8,0.1078,1.014,0.07521,0.09884,0.08949,0.292,1.808,3.445,9.815,0.0,343.8,0.1078,1.014,0.07521,0.09884,0.08949,0.292,1.808,3.445,9.815,0.0,0.0,0.0,0.0,0.0,0.0,0.0,0.0,0.0,0.0,0.0,0.0,20.53,485.5,124.9,42.65,743.9,169.1,11.17,15.39,27.31,7.659,0.0,148.3,2.22,6.692,13.56,28.17,0.2224,0.05394,0.09568,0.0481,0.1693,0.0,0.0,0.0,0.0,0.0,0.0,0.0,0.0,0.0,0.0,0.0,0.0,0.0,0.0,0.0,0.0,0.0,0.0,0.0,0.0,0.0,0.0,0.0,0.0,4.446E-4,0.0,68110.0,127400.0,85990.0,69950.0,2.831E7,48460.0,29080.0,38750.0,8713.0,19930.0,0.0,2.3510000000000002E-36,4.075E-37,1.976E-36,1.705E-36,1.069E-37,8.231E-38,3.853E-39,3.028E-39,1.875E-39,2.7719999999999997E-39,2.08E-35,0.0,1.262,0.9256,1.71,0.9321,0.1356,0.04421,0.003162,0.008123,0.004617,0.002173,0.0,0.0,0.001559,1.367E-4,0.001499,0.9945,7.689E-4,8.719E-4,4.502E-4,5.22E-5,1.57E-4,0.0,0.01498,0.00305,0.003166,0.002553,0.1866,0.005423,0.001597,0.004785,0.001003,3.96E-4,
0.0,1560.0,91.76,130.7,107.4,0.6897,7.796,0.2495,0.778,0.4712,0.08997,0.0,343.8,0.08632,1.034,0.05652,0.1186,0.08935,0.2921,1.808,3.451,9.808,0.0,343.8,0.08632,1.034,0.05652,0.1186,0.08935,0.2921,1.808,3.451,9.808,0.0,0.0,0.0,0.0,0.0,0.0,0.0,0.0,0.0,0.0,0.0,0.0,20.53,483.0,138.2,42.47,738.2,167.8,11.01,12.75,27.63,7.514,0.0,148.3,2.177,7.327,13.07,29.95,0.1604,0.05131,0.06812,0.05106,0.1702,0.0,0.0,0.0,0.0,0.0,0.0,0.0,0.0,0.0,0.0,0.0,0.0,0.0,0.0,0.0,0.0,0.0,0.0,0.0,0.0,0.0,0.0,0.0,0.0,1.0E-4,0.0,68360.0,125600.0,149600.0,71080.0,2.973E7,43940.0,29700.0,30470.0,10830.0,20610.0,0.0,2.365E-36,3.321E-37,1.988E-36,1.7070000000000002E-36,1.349E-37,8.241E-38,3.876E-39,3.034E-39,1.984E-39,2.987E-39,2.08E-35,0.0,1.273,0.8793,1.721,0.937,0.155,0.04436,0.003181,0.008145,0.004701,0.00235,0.0,0.0,0.001559,1.367E-4,0.001499,0.9945,7.689E-4,8.719E-4,4.502E-4,5.22E-5,1.57E-4,0.0,0.015,0.003002,0.003923,0.002534,0.1861,0.005351,0.001588,0.004685,0.00101,3.937E-4,
0.0,1560.0,90.97,129.0,103.2,0.09035,9.898,0.3277,0.7923,0.4973,0.08601,0.0,343.8,0.08624,1.043,0.05596,0.1044,0.1443,0.295,1.795,3.355,9.865,0.0,343.8,0.08624,1.043,0.05596,0.1044,0.1443,0.295,1.795,3.355,9.865,0.0,0.0,0.0,0.0,0.0,0.0,0.0,0.0,0.0,0.0,0.0,0.0,20.53,483.3,126.2,43.84,742.7,169.0,11.16,12.77,28.65,8.828,0.0,148.3,2.32,9.606,14.7,31.0,0.1582,0.05303,0.0715,0.05809,0.1867,0.0,0.0,0.0,0.0,0.0,0.0,0.0,0.0,0.0,0.0,0.0,0.0,0.0,0.0,0.0,0.0,0.0,0.0,0.0,0.0,0.0,0.0,0.0,0.0,4.104E-4,0.0,68460.0,131500.0,96620.0,81190.0,3.116E7,49020.0,31590.0,31820.0,13180.0,25780.0,0.0,2.371E-36,3.3169999999999997E-37,1.976E-36,1.679E-36,1.345E-37,9.565E-38,5.5009999999999996E-39,3.389E-39,2.416E-39,2.803E-39,2.08E-35,0.0,1.275,0.8748,1.72,0.9319,0.1451,0.06102,0.00374,0.008201,0.004837,0.002216,0.0,0.0,0.001559,1.367E-4,0.001499,0.9945,7.689E-4,8.719E-4,4.502E-4,5.22E-5,1.57E-4,0.0,0.01502,0.003044,0.003251,0.002601,0.1865,0.005385,0.001604,0.004699,0.001051,4.706E-4,
0.0,1529.0,129.7,120.0,79.79,0.1646,13.03,0.7523,0.7574,0.5424,0.1199,0.0,343.8,0.07649,1.024,0.0811,0.09907,0.148,0.2953,1.794,3.355,9.865,0.0,343.8,0.07649,1.024,0.0811,0.09907,0.148,0.2953,1.794,3.355,9.865,0.0,0.0,0.0,0.0,0.0,0.0,0.0,0.0,0.0,0.0,0.0,0.0,20.46,483.6,130.5,43.09,746.6,172.3,13.56,7.069,28.02,6.878,0.0,139.6,5.609,14.77,34.13,32.05,0.3613,0.06933,0.06519,0.05993,0.1883,0.0,0.0,0.0,0.0,0.0,0.0,0.0,0.0,0.0,0.0,0.0,0.0,0.0,0.0,0.0,0.0,0.0,0.0,0.0,0.0,0.0,0.0,0.0,0.0,4.099E-4,0.0,68290.0,139200.0,95870.0,83190.0,3.269E7,50990.0,34820.0,30310.0,13020.0,25650.0,0.0,1.536E-36,3.759E-37,1.9970000000000002E-36,1.6530000000000003E-36,1.139E-37,1.241E-37,9.896E-39,1.487E-39,2.693E-39,2.6E-39,2.08E-35,0.0,0.8264,1.3,1.714,0.9331,0.1402,0.08188,0.007188,0.007667,0.005135,0.002369,0.0,0.0,0.001559,1.367E-4,0.001499,0.9945,7.689E-4,8.719E-4,4.502E-4,5.22E-5,1.57E-4,0.0,0.01499,0.003121,0.003245,0.002626,0.1865,0.005364,0.001672,0.004642,0.001045,4.558E-4,
0.0,1529.0,128.0,122.7,76.36,0.08636,8.542,0.333,0.6967,0.4867,0.06848,0.0,343.8,0.07728,1.059,0.05835,0.09909,0.1374,0.3521,1.733,3.355,9.865,0.0,343.8,0.07728,1.059,0.05835,0.09909,0.1374,0.3521,1.733,3.355,9.865,0.0,0.0,0.0,0.0,0.0,0.0,0.0,0.0,0.0,0.0,0.0,0.0,20.46,483.2,122.9,32.27,743.6,199.2,4.09,7.075,29.26,8.038,0.0,139.6,5.784,10.43,44.94,32.23,0.2251,0.05533,0.0655,0.05807,0.1863,0.0,0.0,0.0,0.0,0.0,0.0,0.0,0.0,0.0,0.0,0.0,0.0,0.0,0.0,0.0,0.0,0.0,0.0,0.0,0.0,0.0,0.0,0.0,0.0,9.352E-4,0.0,68370.0,136700.0,88860.0,80890.0,3.042E7,49520.0,33410.0,27940.0,12960.0,25290.0,0.0,1.536E-36,3.167E-37,2.012E-36,1.708E-36,1.131E-37,4.384E-38,2.3459999999999998E-39,1.4579999999999999E-39,1.569E-39,1.5539999999999998E-39,2.08E-35,0.0,0.8265,1.287,1.74,0.9566,0.1398,0.04128,0.00351,0.007027,0.004631,0.001901,0.0,0.0,0.001559,1.367E-4,0.001499,0.9945,7.689E-4,8.719E-4,4.502E-4,5.22E-5,1.57E-4,0.0,0.01503,0.003115,0.00314,0.002589,0.1864,0.00552,0.00212,0.004108,0.001052,4.632E-4,
0.0,1529.0,128.5,125.4,78.17,0.07854,8.527,0.3363,0.682,0.5003,0.07046,0.0,343.8,0.1001,1.034,0.06036,0.09932,0.135,0.354,1.731,3.355,9.865,0.0,343.8,0.1001,1.034,0.06036,0.09932,0.135,0.354,1.731,3.355,9.865,0.0,0.0,0.0,0.0,0.0,0.0,0.0,0.0,0.0,0.0,0.0,0.0,20.46,484.4,123.0,32.91,738.6,194.9,4.808,5.306,31.9,8.832,0.0,139.6,5.779,8.798,41.28,32.24,0.2253,0.05543,0.06637,0.0586,0.1863,0.0,0.0,0.0,0.0,0.0,0.0,0.0,0.0,0.0,0.0,0.0,0.0,0.0,0.0,0.0,0.0,0.0,0.0,0.0,0.0,0.0,0.0,0.0,0.0,8.028E-4,0.0,68430.0,136000.0,84060.0,77310.0,2.915E7,48010.0,32140.0,27360.0,13100.0,25340.0,0.0,1.536E-36,3.5449999999999998E-37,1.9650000000000003E-36,1.699E-36,1.131E-37,4.358E-38,2.375E-39,1.442E-39,1.6169999999999998E-39,1.588E-39,2.08E-35,0.0,0.8265,1.293,1.732,0.9549,0.1398,0.04114,0.003542,0.006891,0.004765,0.001918,0.0,0.0,0.001559,1.367E-4,0.001499,0.9945,7.689E-4,8.719E-4,4.502E-4,5.22E-5,1.57E-4,0.0,0.01507,0.003108,0.003135,0.002595,0.1865,0.00544,0.002129,0.004115,0.001046,4.681E-4,
0.0,1530.0,116.7,128.5,78.9,8.433,8.515,0.3574,0.6585,0.4993,0.07045,0.0,343.8,0.07985,1.055,0.06002,0.09921,0.1349,0.3765,1.708,3.355,9.865,0.0,343.8,0.07985,1.055,0.06002,0.09921,0.1349,0.3765,1.708,3.355,9.865,0.0,0.0,0.0,0.0,0.0,0.0,0.0,0.0,0.0,0.0,0.0,0.0,20.46,485.8,123.5,32.94,742.6,194.9,4.808,5.317,31.89,8.832,0.0,139.6,5.579,9.775,38.45,32.08,0.2371,0.05568,0.06769,0.05944,0.1863,0.0,0.0,0.0,0.0,0.0,0.0,0.0,0.0,0.0,0.0,0.0,0.0,0.0,0.0,0.0,0.0,0.0,0.0,0.0,0.0,0.0,0.0,0.0,0.0,1.002E-4,0.0,68660.0,134700.0,81410.0,77580.0,2.906E7,48300.0,32530.0,26880.0,13480.0,26060.0,0.0,1.547E-36,3.128E-37,1.967E-36,1.703E-36,1.19E-37,4.354E-38,2.383E-39,1.43E-39,1.614E-39,1.586E-39,2.08E-35,0.0,0.8354,1.166,1.757,0.9515,0.2259,0.04115,0.003771,0.006656,0.004764,0.001918,0.0,0.0,0.001559,1.367E-4,0.001499,0.9945,7.689E-4,8.719E-4,4.502E-4,5.22E-5,1.57E-4,0.0,0.01508,0.003076,0.003144,0.002591,0.1866,0.005435,0.002366,0.003883,0.001046,4.681E-4,
0.0,1531.0,114.7,126.8,83.5,8.466,8.451,0.3572,0.6555,0.4988,0.07048,0.0,343.8,0.08434,1.004,0.0971,0.1059,0.1332,0.376,1.707,4.313,8.91,0.0,343.8,0.08434,1.004,0.0971,0.1059,0.1332,0.376,1.707,4.313,8.91,0.0,0.0,0.0,0.0,0.0,0.0,0.0,0.0,0.0,0.0,0.0,0.0,20.46,480.6,126.4,34.63,741.4,194.8,4.805,5.226,31.95,8.801,0.0,139.6,6.628,16.81,27.93,32.49,0.3196,0.05588,0.06944,0.06057,0.1863,0.0,0.0,0.0,0.0,0.0,0.0,0.0,0.0,0.0,0.0,0.0,0.0,0.0,0.0,0.0,0.0,0.0,0.0,0.0,0.0,0.0,0.0,0.0,0.0,5.339E-4,0.0,68790.0,138600.0,82730.0,79210.0,2.969E7,49580.0,33060.0,27340.0,14000.0,27120.0,0.0,1.5620000000000002E-36,3.5229999999999998E-37,1.906E-36,1.666E-36,1.447E-37,4.348E-38,2.38E-39,1.421E-39,1.611E-39,1.584E-39,2.08E-35,0.0,0.8472,1.17,1.726,0.955,0.2374,0.04155,0.003771,0.006644,0.004769,0.001918,0.0,0.0,0.001559,1.367E-4,0.001499,0.9945,7.689E-4,8.719E-4,4.502E-4,5.22E-5,1.57E-4,0.0,0.01512,0.003071,0.003111,0.002625,0.1866,0.005403,0.00237,0.003877,0.001047,4.665E-4,
0.0,1531.0,113.9,125.1,89.0,8.417,7.188,0.3555,0.6523,0.495,0.07244,0.0,343.8,0.06262,1.069,0.06067,0.1173,0.132,0.4073,1.67,3.553,9.652,0.0,343.8,0.06262,1.069,0.06067,0.1173,0.132,0.4073,1.67,3.553,9.652,0.0,0.0,0.0,0.0,0.0,0.0,0.0,0.0,0.0,0.0,0.0,0.0,20.46,474.7,124.4,33.15,751.3,194.9,4.877,5.323,31.74,9.232,0.0,139.6,3.062,9.216,35.55,33.4,0.249,0.05624,0.07171,0.06207,0.2534,0.0,0.0,0.0,0.0,0.0,0.0,0.0,0.0,0.0,0.0,0.0,0.0,0.0,0.0,0.0,0.0,0.0,0.0,0.0,0.0,0.0,0.0,0.0,0.0,4.692E-4,0.0,68840.0,143600.0,84050.0,82000.0,3.077E7,51710.0,34010.0,28090.0,14590.0,30030.0,0.0,1.565E-36,2.671E-37,1.944E-36,1.693E-36,1.365E-37,3.421E-38,2.3639999999999998E-39,1.4089999999999999E-39,1.605E-39,1.685E-39,2.08E-35,0.0,0.85,1.119,1.752,0.9763,0.2322,0.03428,0.003759,0.006633,0.004752,0.002025,0.0,0.0,0.001559,1.367E-4,0.001499,0.9945,7.689E-4,8.719E-4,4.502E-4,5.22E-5,1.57E-4,0.0,0.01512,0.003001,0.003058,0.002614,0.1867,0.005426,0.002364,0.003866,0.001042,4.972E-4,
0.0,1531.0,112.2,123.8,89.78,0.292,9.814,0.3571,0.6565,0.4984,0.07536,0.0,343.8,0.06494,1.014,0.08957,0.1274,0.1385,0.4092,1.667,3.553,9.652,0.0,343.8,0.06494,1.014,0.08957,0.1274,0.1385,0.4092,1.667,3.553,9.652,0.0,0.0,0.0,0.0,0.0,0.0,0.0,0.0,0.0,0.0,0.0,0.0,20.46,473.9,129.4,32.07,752.3,195.6,4.882,5.354,31.73,9.396,0.0,139.6,3.656,11.63,31.42,41.28,0.2581,0.05496,0.06669,0.05887,0.2638,0.0,0.0,0.0,0.0,0.0,0.0,0.0,0.0,0.0,0.0,0.0,0.0,0.0,0.0,0.0,0.0,0.0,0.0,0.0,0.0,0.0,0.0,0.0,0.0,1.001E-4,0.0,68980.0,145200.0,93760.0,85130.0,3.213E7,53440.0,35330.0,28820.0,15260.0,31680.0,0.0,1.5690000000000002E-36,2.7189999999999997E-37,1.864E-36,1.632E-36,1.693E-37,9.409E-38,2.36E-39,1.405E-39,1.606E-39,1.703E-39,2.08E-35,0.0,0.8543,1.114,1.719,0.9605,0.246,0.05541,0.003762,0.006625,0.00475,0.002043,0.0,0.0,0.001559,1.367E-4,0.001499,0.9945,7.689E-4,8.719E-4,4.502E-4,5.22E-5,1.57E-4,0.0,0.01513,0.002972,0.003066,0.002607,0.1865,0.005435,0.002404,0.003811,0.001062,4.998E-4,
0.0,1531.0,111.5,123.6,93.09,0.07496,9.795,0.3592,0.6561,0.5079,0.07029,0.0,343.8,0.06483,1.025,0.08692,0.1176,0.1415,0.4633,1.62,3.643,9.553,0.0,343.8,0.06483,1.025,0.08692,0.1176,0.1415,0.4633,1.62,3.643,9.553,0.0,0.0,0.0,0.0,0.0,0.0,0.0,0.0,0.0,0.0,0.0,0.0,20.46,475.2,129.3,31.97,749.1,195.7,4.879,5.286,31.79,9.397,0.0,139.6,3.902,10.4,28.89,41.91,0.1618,0.05455,0.0651,0.05785,0.2606,0.0,0.0,0.0,0.0,0.0,0.0,0.0,0.0,0.0,0.0,0.0,0.0,0.0,0.0,0.0,0.0,0.0,0.0,0.0,0.0,0.0,0.0,0.0,0.0,4.424E-4,0.0,69060.0,149900.0,91780.0,90920.0,3.344E7,53050.0,36300.0,29020.0,14970.0,30340.0,0.0,1.5690000000000002E-36,2.738E-37,1.872E-36,1.6300000000000002E-36,1.4729999999999999E-37,9.142E-38,2.387E-39,1.369E-39,1.611E-39,1.694E-39,2.08E-35,0.0,0.8543,1.107,1.742,0.9677,0.2192,0.05448,0.003776,0.006608,0.004777,0.00202,0.0,0.0,0.001559,1.367E-4,0.001499,0.9945,7.689E-4,8.719E-4,4.502E-4,5.22E-5,1.57E-4,0.0,0.01513,0.002984,0.003044,0.002612,0.1865,0.005439,0.002419,0.0038,0.001105,4.506E-4,
0.0,1531.0,104.3,128.0,86.19,0.0684,6.835,0.6294,0.7219,0.5907,0.07306,0.0,343.8,0.06379,1.044,0.06443,0.1179,0.2357,0.4164,1.605,3.627,9.534,0.0,343.8,0.06379,1.044,0.06443,0.1179,0.2357,0.4164,1.605,3.627,9.534,0.0,0.0,0.0,0.0,0.0,0.0,0.0,0.0,0.0,0.0,0.0,0.0,20.46,473.5,134.8,29.49,753.7,195.7,4.881,5.31,31.78,9.407,0.0,139.6,4.058,9.163,38.71,44.13,0.1569,0.05449,0.06471,0.05756,0.2589,0.0,0.0,0.0,0.0,0.0,0.0,0.0,0.0,0.0,0.0,0.0,0.0,0.0,0.0,0.0,0.0,0.0,0.0,0.0,0.0,0.0,0.0,0.0,0.0,1.0E-4,0.0,69200.0,153400.0,92790.0,96530.0,3.492E7,53600.0,37470.0,29560.0,14790.0,30300.0,0.0,1.57E-36,2.51E-37,1.876E-36,1.634E-36,1.528E-37,4.767E-38,8.859999999999999E-39,2.984E-39,3.631E-39,1.695E-39,2.08E-35,0.0,0.8549,1.028,1.801,0.97,0.2437,0.03334,0.006056,0.007156,0.005479,0.002023,0.0,0.0,0.001559,1.367E-4,0.001499,0.9945,7.689E-4,8.719E-4,4.502E-4,5.22E-5,1.57E-4,0.0,0.01517,0.002901,0.003085,0.002603,0.1863,0.005352,0.002436,0.003805,0.001089,4.538E-4,
0.0,1531.0,103.0,120.8,69.67,0.07537,5.738,0.6289,0.72,0.5919,0.07361,0.0,343.8,0.06818,1.013,0.08873,0.1243,0.2008,0.4523,1.588,3.632,9.541,0.0,343.8,0.06818,1.013,0.08873,0.1243,0.2008,0.4523,1.588,3.632,9.541,0.0,0.0,0.0,0.0,0.0,0.0,0.0,0.0,0.0,0.0,0.0,0.0,20.46,474.2,127.6,30.01,759.3,194.2,4.879,5.072,32.0,9.408,0.0,139.6,6.774,13.44,49.9,51.26,1.012,0.05004,0.06498,0.05783,0.2583,0.0,0.0,0.0,0.0,0.0,0.0,0.0,0.0,0.0,0.0,0.0,0.0,0.0,0.0,0.0,0.0,0.0,0.0,0.0,0.0,0.0,0.0,0.0,0.0,1.0E-4,0.0,69270.0,162000.0,97990.0,109300.0,3.378E7,57250.0,35780.0,29030.0,14850.0,30580.0,0.0,1.57E-36,2.623E-37,1.85E-36,1.5560000000000002E-36,2.2909999999999998E-37,4.876E-38,8.851E-39,2.978E-39,3.6299999999999996E-39,1.6929999999999998E-39,2.08E-35,0.0,0.8549,1.033,1.779,0.9549,0.2798,0.02862,0.006046,0.007141,0.005494,0.002023,0.0,0.0,0.001559,1.367E-4,0.001499,0.9945,7.689E-4,8.719E-4,4.502E-4,5.22E-5,1.57E-4,0.0,0.01517,0.002917,0.003032,0.002632,0.1864,0.005387,0.002428,0.003787,0.001088,4.54E-4,
0.0,1531.0,105.1,117.7,58.8,0.05845,5.14,0.6274,0.7226,0.5836,0.0772,0.0,343.8,0.07425,1.018,0.07496,0.1233,0.1969,0.4486,1.614,3.655,9.5,0.0,343.8,0.07425,1.018,0.07496,0.1233,0.1969,0.4486,1.614,3.655,9.5,0.0,0.0,0.0,0.0,0.0,0.0,0.0,0.0,0.0,0.0,0.0,0.0,20.46,458.3,137.5,37.03,763.7,194.9,4.842,5.691,30.77,9.91,0.0,139.6,4.561,12.31,80.34,36.26,1.193,0.05017,0.06572,0.05837,0.2584,0.0,0.0,0.0,0.0,0.0,0.0,0.0,0.0,0.0,0.0,0.0,0.0,0.0,0.0,0.0,0.0,0.0,0.0,0.0,0.0,0.0,0.0,0.0,0.0,1.0E-4,0.0,69300.0,153800.0,88430.0,100700.0,3.16E7,56120.0,33690.0,28060.0,15240.0,30470.0,0.0,1.57E-36,2.6169999999999997E-37,1.8590000000000003E-36,1.5910000000000002E-36,1.673E-37,4.703E-38,8.824999999999999E-39,2.977E-39,3.622E-39,1.695E-39,2.08E-35,0.0,0.8549,1.058,1.774,1.035,0.1729,0.0275,0.006034,0.007162,0.005407,0.002073,0.0,0.0,0.001559,1.367E-4,0.001499,0.9945,7.689E-4,8.719E-4,4.502E-4,5.22E-5,1.57E-4,0.0,0.01517,0.002872,0.003041,0.002634,0.1863,0.005405,0.002403,0.003797,0.00109,4.524E-4,
0.0,1531.0,105.5,117.1,63.11,0.06186,5.129,0.6276,0.7223,0.5871,0.07392,0.0,343.8,0.1104,0.9904,0.06207,0.1227,0.1985,0.442,1.587,2.965,10.22,0.0,343.8,0.1104,0.9904,0.06207,0.1227,0.1985,0.442,1.587,2.965,10.22,0.0,0.0,0.0,0.0,0.0,0.0,0.0,0.0,0.0,0.0,0.0,0.0,20.46,433.8,164.7,35.29,764.6,194.9,4.846,5.707,31.39,9.367,0.0,139.6,4.184,10.68,77.39,36.22,1.67,0.1051,0.07594,0.07031,0.2585,0.0,0.0,0.0,0.0,0.0,0.0,0.0,0.0,0.0,0.0,0.0,0.0,0.0,0.0,0.0,0.0,0.0,0.0,0.0,0.0,0.0,0.0,0.0,0.0,7.175E-4,0.0,69330.0,151800.0,86810.0,97800.0,3.097E7,55700.0,33130.0,27890.0,15550.0,31220.0,0.0,1.57E-36,2.521E-37,1.847E-36,1.579E-36,1.671E-37,5.92E-38,1.01E-38,3.186E-39,3.8899999999999996E-39,1.697E-39,2.08E-35,0.0,0.855,1.057,1.758,1.042,0.1727,0.03183,0.006469,0.007243,0.005524,0.002054,0.0,0.0,0.001559,1.367E-4,0.001499,0.9945,7.689E-4,8.719E-4,4.502E-4,5.22E-5,1.57E-4,0.0,0.01519,0.002858,0.003066,0.00262,0.1864,0.005359,0.002404,0.003801,0.001093,4.691E-4,
0.0,1531.0,105.6,116.4,65.29,0.06343,5.132,0.9559,0.7745,0.6651,0.07631,0.0,343.8,0.1137,0.9827,0.06313,0.1226,0.3402,0.2542,1.58,2.398,10.84,0.0,343.8,0.1137,0.9827,0.06313,0.1226,0.3402,0.2542,1.58,2.398,10.84,0.0,0.0,0.0,0.0,0.0,0.0,0.0,0.0,0.0,0.0,0.0,0.0,20.46,432.9,167.3,35.28,753.1,194.8,4.819,4.867,32.21,9.288,0.0,139.6,4.426,10.82,76.09,35.71,0.9597,0.05099,0.06858,0.06013,0.2585,0.0,0.0,0.0,0.0,0.0,0.0,0.0,0.0,0.0,0.0,0.0,0.0,0.0,0.0,0.0,0.0,0.0,0.0,0.0,0.0,0.0,0.0,0.0,0.0,5.837E-4,0.0,69390.0,152500.0,88210.0,101200.0,3.128E7,57530.0,32360.0,28360.0,16060.0,32360.0,0.0,1.57E-36,2.524E-37,1.8330000000000002E-36,1.571E-36,1.8219999999999999E-37,4.227E-38,1.718E-38,4.3309999999999996E-39,5.334E-39,1.6979999999999998E-39,2.08E-35,0.0,0.855,1.061,1.751,1.041,0.1775,0.02626,0.00855,0.007603,0.006075,0.002077,0.0,0.0,0.001559,1.367E-4,0.001499,0.9945,7.689E-4,8.719E-4,4.502E-4,5.22E-5,1.57E-4,0.0,0.01519,0.002855,0.003069,0.002622,0.1864,0.005785,0.001923,0.003858,0.001078,4.815E-4,
0.0,1532.0,106.7,115.2,67.8,0.07608,5.764,0.6822,0.7257,0.609,0.07463,0.0,343.8,0.1154,0.9719,0.06556,0.1265,0.3775,0.3792,1.265,0.4963,12.9,0.0,343.8,0.1154,0.9719,0.06556,0.1265,0.3775,0.3792,1.265,0.4963,12.9,0.0,0.0,0.0,0.0,0.0,0.0,0.0,0.0,0.0,0.0,0.0,0.0,20.46,433.4,167.6,35.1,749.6,194.8,4.813,4.62,32.43,9.257,0.0,139.6,4.298,11.19,75.86,32.25,0.9846,0.0513,0.07065,0.06148,0.2586,0.0,0.0,0.0,0.0,0.0,0.0,0.0,0.0,0.0,0.0,0.0,0.0,0.0,0.0,0.0,0.0,0.0,0.0,0.0,0.0,0.0,0.0,0.0,0.0,1.0E-4,0.0,69610.0,155400.0,89700.0,104200.0,3.216E7,59390.0,33030.0,28890.0,16770.0,33820.0,0.0,1.59E-36,2.5969999999999997E-37,1.798E-36,1.565E-36,1.7509999999999999E-37,5.719E-38,1.093E-38,3.304E-39,4.0519999999999996E-39,1.692E-39,2.08E-35,0.0,0.8722,1.069,1.731,1.05,0.1607,0.03153,0.00636,0.007217,0.005618,0.002089,0.0,0.0,0.001559,1.367E-4,0.001499,0.9945,7.689E-4,8.719E-4,4.502E-4,5.22E-5,1.57E-4,0.0,0.01523,0.002813,0.00306,0.002591,0.1864,0.005827,0.001875,0.003808,0.001108,4.891E-4,
0.0,1532.0,108.8,114.9,62.62,0.602,5.195,0.9567,0.7651,0.6759,0.07758,0.0,343.8,0.1291,0.9388,0.06087,0.1293,0.3072,0.36,0.9315,0.4846,13.35,0.0,343.8,0.1291,0.9388,0.06087,0.1293,0.3072,0.36,0.9315,0.4846,13.35,0.0,0.0,0.0,0.0,0.0,0.0,0.0,0.0,0.0,0.0,0.0,0.0,20.46,433.8,167.6,34.91,750.5,194.8,4.815,2.326,34.7,9.262,0.0,139.6,4.097,7.417,80.41,32.09,3.328,0.05036,0.06751,0.05939,0.2584,0.0,0.0,0.0,0.0,0.0,0.0,0.0,0.0,0.0,0.0,0.0,0.0,0.0,0.0,0.0,0.0,0.0,0.0,0.0,0.0,0.0,0.0,0.0,0.0,4.52E-4,0.0,69680.0,157000.0,92700.0,106900.0,3.342E7,62130.0,34160.0,29870.0,17240.0,36540.0,0.0,1.59E-36,2.834E-37,1.757E-36,1.547E-36,1.951E-37,4.877E-38,1.714E-38,4.31E-39,5.335E-39,1.74E-39,2.08E-35,0.0,0.8742,1.091,1.692,1.043,0.1723,0.03779,0.008556,0.007502,0.006143,0.002115,0.0,0.0,0.001559,1.367E-4,0.001499,0.9945,7.689E-4,8.719E-4,4.502E-4,5.22E-5,1.57E-4,0.0,0.01524,0.002798,0.003042,0.002614,0.1865,0.005771,0.001877,0.003869,0.001042,5.6E-4,
0.0,1532.0,103.8,110.9,55.39,0.04086,3.532,0.9266,0.6426,0.5937,0.06804,0.0,343.8,0.1117,0.9435,0.06251,0.1192,0.3191,0.3601,0.9297,1.216,12.62,0.0,343.8,0.1117,0.9435,0.06251,0.1192,0.3191,0.3601,0.9297,1.216,12.62,0.0,0.0,0.0,0.0,0.0,0.0,0.0,0.0,0.0,0.0,0.0,0.0,20.46,428.6,148.7,50.92,753.6,203.9,4.867,2.983,34.68,9.401,0.0,139.6,8.926,13.71,77.53,36.37,8.308,0.1209,0.3497,0.2481,0.3459,0.0,0.0,0.0,0.0,0.0,0.0,0.0,0.0,0.0,0.0,0.0,0.0,0.0,0.0,0.0,0.0,0.0,0.0,0.0,0.0,0.0,0.0,0.0,0.0,1.0E-4,0.0,69730.0,168400.0,111700.0,120100.0,3.46E7,87940.0,35570.0,31660.0,17810.0,33560.0,0.0,1.592E-36,2.673E-37,1.7620000000000002E-36,1.4780000000000001E-36,2.092E-37,7.581E-38,1.752E-38,5.7779999999999995E-39,6.318E-39,2.6369999999999997E-39,2.08E-35,0.0,0.8749,1.072,1.68,0.998,0.1985,0.06851,0.00897,0.009146,0.007233,0.003229,0.0,0.0,0.001559,1.367E-4,0.001499,0.9945,7.689E-4,8.719E-4,4.502E-4,5.22E-5,1.57E-4,0.0,0.01526,0.00294,0.003095,0.002829,0.1863,0.005495,0.001871,0.003846,0.001034,5.504E-4,
0.0,1530.0,98.84,120.5,57.9,0.04296,3.666,0.5585,0.5825,0.5184,0.06796,0.0,343.8,0.1112,0.9355,0.06492,0.1238,0.3343,0.342,0.93,1.217,12.62,0.0,343.8,0.1112,0.9355,0.06492,0.1238,0.3343,0.342,0.93,1.217,12.62,0.0,0.0,0.0,0.0,0.0,0.0,0.0,0.0,0.0,0.0,0.0,0.0,20.45,425.4,143.4,56.55,759.2,200.7,4.808,2.755,34.51,9.246,0.0,138.7,9.405,11.71,70.15,41.14,8.505,0.1346,0.3585,0.2552,0.3497,0.0,0.0,0.0,0.0,0.0,0.0,0.0,0.0,0.0,0.0,0.0,0.0,0.0,0.0,0.0,0.0,0.0,0.0,0.0,0.0,0.0,0.0,0.0,0.0,1.0E-4,0.0,69860.0,173100.0,109300.0,133700.0,3.595E7,99510.0,36920.0,32330.0,17620.0,32780.0,0.0,1.526E-36,3.445E-37,1.7460000000000002E-36,1.45E-36,2.246E-37,7.18E-38,2.018E-38,5.989E-39,6.719999999999999E-39,2.506E-39,2.08E-35,0.0,0.8431,1.023,1.768,0.9693,0.217,0.06475,0.01043,0.009095,0.007347,0.003061,0.0,0.0,0.001559,1.367E-4,0.001499,0.9945,7.689E-4,8.719E-4,4.502E-4,5.22E-5,1.57E-4,0.0,0.01527,0.002986,0.002989,0.002869,0.1864,0.005446,0.001867,0.003844,0.001035,5.509E-4,
0.0,1530.0,99.52,127.4,59.77,0.2234,4.071,0.5057,0.5456,0.4709,0.3286,0.0,343.8,0.1022,1.178,0.06328,0.1126,0.3355,0.3398,0.9294,1.223,12.4,0.0,343.8,0.1022,1.178,0.06328,0.1126,0.3355,0.3398,0.9294,1.223,12.4,0.0,0.0,0.0,0.0,0.0,0.0,0.0,0.0,0.0,0.0,0.0,0.0,20.45,424.7,134.0,52.81,763.3,205.9,4.872,2.928,34.76,9.342,0.0,138.7,6.301,9.413,69.91,37.75,6.448,0.7234,0.3556,0.3132,0.2918,0.0,0.0,0.0,0.0,0.0,0.0,0.0,0.0,0.0,0.0,0.0,0.0,0.0,0.0,0.0,0.0,0.0,0.0,0.0,0.0,0.0,0.0,0.0,0.0,1.0E-4,0.0,70010.0,170400.0,97000.0,126800.0,3.647E7,105500.0,37470.0,32830.0,17790.0,32940.0,0.0,1.526E-36,2.525E-37,1.7850000000000003E-36,1.4460000000000002E-36,1.955E-37,8.84E-38,1.254E-38,3.373E-39,3.948E-39,4.903E-39,2.08E-35,0.0,0.8433,0.9955,1.835,0.9704,0.1817,0.05901,0.008991,0.007727,0.006237,0.004903,0.0,0.0,0.001559,1.367E-4,0.001499,0.9945,7.689E-4,8.719E-4,4.502E-4,5.22E-5,1.57E-4,0.0,0.01527,0.002964,0.00281,0.002823,0.1865,0.005505,0.001869,0.003848,0.001034,5.654E-4,
0.0,1530.0,98.82,126.2,70.82,0.03722,3.974,0.4972,0.2453,0.4178,0.3163,0.0,343.8,0.09904,1.186,0.06138,0.1141,0.3229,0.5881,0.6823,1.176,12.44,0.0,343.8,0.09904,1.186,0.06138,0.1141,0.3229,0.5881,0.6823,1.176,12.44,0.0,0.0,0.0,0.0,0.0,0.0,0.0,0.0,0.0,0.0,0.0,0.0,20.45,413.6,132.3,44.14,794.5,196.6,5.29,3.875,35.42,9.837,0.0,138.7,3.524,8.549,76.21,31.87,1.188,0.07089,0.0807,0.07121,0.208,0.0,0.0,0.0,0.0,0.0,0.0,0.0,0.0,0.0,0.0,0.0,0.0,0.0,0.0,0.0,0.0,0.0,0.0,0.0,0.0,0.0,0.0,0.0,0.0,1.0E-4,0.0,70060.0,149900.0,87790.0,109900.0,3.34E7,91630.0,40120.0,27340.0,18520.0,33010.0,0.0,1.533E-36,2.323E-37,1.774E-36,1.535E-36,1.703E-37,3.168E-38,6.429E-39,1.98E-39,2.659E-39,4.5019999999999996E-39,2.08E-35,0.0,0.8515,0.9765,1.838,1.047,0.1517,0.01582,0.008962,0.00392,0.005394,0.004429,0.0,0.0,0.001559,1.367E-4,0.001499,0.9945,7.689E-4,8.719E-4,4.502E-4,5.22E-5,1.57E-4,0.0,0.01528,0.00277,0.002727,0.002685,0.1871,0.005342,0.004088,0.001649,0.001044,5.751E-4,
0.0,1516.0,119.2,126.6,76.76,0.03434,4.057,0.509,0.2483,0.418,0.3236,0.0,343.8,0.1132,1.166,0.06709,0.115,0.3232,0.5905,0.6833,0.6949,12.92,0.0,343.8,0.1132,1.166,0.06709,0.115,0.3232,0.5905,0.6833,0.6949,12.92,0.0,0.0,0.0,0.0,0.0,0.0,0.0,0.0,0.0,0.0,0.0,0.0,20.41,415.5,132.9,44.23,796.4,197.0,5.381,4.427,34.92,9.829,0.0,134.4,3.487,7.255,68.83,31.89,1.108,0.06107,0.07863,0.06819,0.2005,0.0,0.0,0.0,0.0,0.0,0.0,0.0,0.0,0.0,0.0,0.0,0.0,0.0,0.0,0.0,0.0,0.0,0.0,0.0,0.0,0.0,0.0,0.0,0.0,1.0E-4,0.0,70080.0,143600.0,83480.0,107200.0,3.218E7,91790.0,39140.0,27290.0,18970.0,33460.0,0.0,1.231E-36,2.861E-37,1.745E-36,1.515E-36,1.703E-37,3.168E-38,6.425E-39,1.984E-39,2.654E-39,4.5E-39,2.08E-35,0.0,0.6878,1.161,1.825,1.032,0.1518,0.01584,0.008984,0.00392,0.00537,0.004429,0.0,0.0,0.001559,1.367E-4,0.001499,0.9945,7.689E-4,8.719E-4,4.502E-4,5.22E-5,1.57E-4,0.0,0.01527,0.002747,0.002722,0.002672,0.1871,0.005349,0.004113,0.001626,0.001043,5.747E-4,
0.0,1516.0,116.1,133.9,76.37,0.03389,4.086,0.5143,0.2476,0.4199,0.3278,0.0,343.8,0.1025,1.183,0.06669,0.1147,0.3232,0.5916,0.682,0.665,12.94,0.0,343.8,0.1025,1.183,0.06669,0.1147,0.3232,0.5916,0.682,0.665,12.94,0.0,0.0,0.0,0.0,0.0,0.0,0.0,0.0,0.0,0.0,0.0,0.0,20.41,415.4,134.6,44.32,796.6,196.8,5.377,4.314,35.0,10.12,0.0,134.4,3.517,6.688,65.1,31.86,1.076,0.05688,0.07754,0.06667,0.1977,0.0,0.0,0.0,0.0,0.0,0.0,0.0,0.0,0.0,0.0,0.0,0.0,0.0,0.0,0.0,0.0,0.0,0.0,0.0,0.0,0.0,0.0,0.0,0.0,6.386E-4,0.0,70150.0,143400.0,79840.0,106800.0,3.209E7,94220.0,39170.0,27710.0,19570.0,34220.0,0.0,1.233E-36,2.405E-37,1.758E-36,1.513E-36,1.703E-37,3.168E-38,6.421E-39,1.9809999999999998E-39,2.6519999999999998E-39,4.516E-39,2.08E-35,0.0,0.6888,1.133,1.852,1.028,0.1518,0.01584,0.008996,0.003902,0.005374,0.00444,0.0,0.0,0.001559,1.367E-4,0.001499,0.9945,7.689E-4,8.719E-4,4.502E-4,5.22E-5,1.57E-4,0.0,0.01527,0.002711,0.002726,0.002671,0.1869,0.005337,0.004143,0.001595,0.001042,5.873E-4,
0.0,1516.0,116.2,134.3,81.75,0.03705,4.104,0.5166,0.2463,0.4234,0.3253,0.0,343.8,0.1244,1.139,0.0857,0.1145,0.3231,0.5922,0.6806,0.711,12.9,0.0,343.8,0.1244,1.139,0.0857,0.1145,0.3231,0.5922,0.6806,0.711,12.9,0.0,0.0,0.0,0.0,0.0,0.0,0.0,0.0,0.0,0.0,0.0,0.0,20.41,411.9,138.1,44.38,788.7,196.9,5.374,4.23,35.08,9.933,0.0,134.4,3.504,6.368,59.42,31.85,1.054,0.05513,0.07687,0.06596,0.1966,0.0,0.0,0.0,0.0,0.0,0.0,0.0,0.0,0.0,0.0,0.0,0.0,0.0,0.0,0.0,0.0,0.0,0.0,0.0,0.0,0.0,0.0,0.0,0.0,5.364E-4,0.0,70210.0,144700.0,78090.0,108400.0,3.278E7,98300.0,39980.0,28530.0,20420.0,35340.0,0.0,1.233E-36,2.4739999999999997E-37,1.754E-36,1.5E-36,1.703E-37,3.165E-38,6.416E-39,1.978E-39,2.666E-39,4.489E-39,2.08E-35,0.0,0.6888,1.14,1.843,1.029,0.1518,0.01581,0.009002,0.003883,0.00539,0.004423,0.0,0.0,0.001559,1.367E-4,0.001499,0.9945,7.689E-4,8.719E-4,4.502E-4,5.22E-5,1.57E-4,0.0,0.01529,0.002716,0.002714,0.002674,0.1869,0.005315,0.0042,0.001534,0.001067,5.594E-4,
0.0,1516.0,115.6,136.6,79.19,1.797,4.331,0.5185,0.2459,0.4235,0.325,0.0,343.8,0.09634,1.166,0.08413,0.1169,0.3235,0.5926,0.7737,0.6317,12.89,0.0,343.8,0.09634,1.166,0.08413,0.1169,0.3235,0.5926,0.7737,0.6317,12.89,0.0,0.0,0.0,0.0,0.0,0.0,0.0,0.0,0.0,0.0,0.0,0.0,20.41,419.0,130.9,46.46,785.2,196.4,5.367,4.112,35.15,10.08,0.0,134.4,2.869,6.165,60.38,30.96,0.7851,0.0544,0.07668,0.06575,0.1962,0.0,0.0,0.0,0.0,0.0,0.0,0.0,0.0,0.0,0.0,0.0,0.0,0.0,0.0,0.0,0.0,0.0,0.0,0.0,0.0,0.0,0.0,0.0,0.0,1.0E-4,0.0,70260.0,146500.0,77660.0,115500.0,3.388E7,103200.0,41080.0,29740.0,21280.0,36650.0,0.0,1.233E-36,2.3929999999999998E-37,1.7560000000000003E-36,1.4670000000000002E-36,1.973E-37,3.518E-38,6.411E-39,1.9759999999999997E-39,2.6649999999999998E-39,4.4849999999999997E-39,2.08E-35,0.0,0.6888,1.13,1.85,1.017,0.1651,0.01755,0.009015,0.003877,0.005385,0.00442,0.0,0.0,0.001559,1.367E-4,0.001499,0.9945,7.689E-4,8.719E-4,4.502E-4,5.22E-5,1.57E-4,0.0,0.01529,0.002706,0.002706,0.002706,0.1867,0.005299,0.004205,0.001535,0.001068,5.528E-4,
0.0,1516.0,115.6,133.9,80.08,0.03402,3.804,0.5188,0.2454,0.4225,1.28,0.0,343.8,0.1274,1.142,0.0817,0.1115,0.3228,0.5926,0.7734,0.5534,12.97,0.0,343.8,0.1274,1.142,0.0817,0.1115,0.3228,0.5926,0.7734,0.5534,12.97,0.0,0.0,0.0,0.0,0.0,0.0,0.0,0.0,0.0,0.0,0.0,0.0,20.41,420.7,130.1,45.96,783.7,196.7,5.36,3.999,35.22,10.01,0.0,134.4,2.499,6.241,62.7,30.69,0.7332,0.05407,0.07659,0.06569,0.2131,0.0,0.0,0.0,0.0,0.0,0.0,0.0,0.0,0.0,0.0,0.0,0.0,0.0,0.0,0.0,0.0,0.0,0.0,0.0,0.0,0.0,0.0,0.0,0.0,4.525E-4,0.0,70270.0,148800.0,76380.0,116100.0,3.515E7,107700.0,42310.0,30840.0,21720.0,36980.0,0.0,1.233E-36,2.423E-37,1.738E-36,1.4840000000000001E-36,1.6579999999999999E-37,3.119E-38,6.407E-39,1.973E-39,2.658E-39,1.713E-38,2.08E-35,0.0,0.6888,1.13,1.83,1.035,0.1518,0.01584,0.009015,0.003871,0.005385,0.01384,0.0,0.0,0.001559,1.367E-4,0.001499,0.9945,7.689E-4,8.719E-4,4.502E-4,5.22E-5,1.57E-4,0.0,0.01529,0.00269,0.002667,0.00271,0.1868,0.0053,0.004206,0.001534,0.001059,5.77E-4,
0.0,1516.0,114.9,133.4,82.04,0.03192,3.797,0.5209,0.2426,0.4231,0.3346,0.0,343.8,0.09737,1.068,0.06963,0.1117,0.3364,0.587,0.7698,0.5514,13.08,0.0,343.8,0.09737,1.068,0.06963,0.1117,0.3364,0.587,0.7698,0.5514,13.08,0.0,0.0,0.0,0.0,0.0,0.0,0.0,0.0,0.0,0.0,0.0,0.0,20.41,421.7,129.9,46.15,783.0,197.1,5.376,3.96,35.35,10.05,0.0,134.4,2.49,6.538,62.61,30.68,0.7368,0.05402,0.07689,0.06594,0.1946,0.0,0.0,0.0,0.0,0.0,0.0,0.0,0.0,0.0,0.0,0.0,0.0,0.0,0.0,0.0,0.0,0.0,0.0,0.0,0.0,0.0,0.0,0.0,0.0,4.503E-4,0.0,70330.0,151800.0,78790.0,115300.0,3.642E7,110900.0,43530.0,31600.0,21370.0,35690.0,0.0,1.233E-36,2.321E-37,1.751E-36,1.485E-36,1.664E-37,3.122E-38,6.419E-39,1.9759999999999997E-39,2.662E-39,4.579E-39,2.08E-35,0.0,0.6888,1.123,1.841,1.038,0.1519,0.01583,0.009033,0.003843,0.005392,0.00449,0.0,0.0,0.001559,1.367E-4,0.001499,0.9945,7.689E-4,8.719E-4,4.502E-4,5.22E-5,1.57E-4,0.0,0.01531,0.002683,0.00265,0.002723,0.1866,0.005277,0.004212,0.001527,0.001061,5.776E-4,
0.0,1516.0,114.4,132.9,86.72,0.03143,3.786,0.5391,0.2458,0.4229,0.3516,0.0,343.8,0.09453,1.076,0.07048,0.1118,0.3404,0.5956,0.7714,0.4986,13.11,0.0,343.8,0.09453,1.076,0.07048,0.1118,0.3404,0.5956,0.7714,0.4986,13.11,0.0,0.0,0.0,0.0,0.0,0.0,0.0,0.0,0.0,0.0,0.0,0.0,20.41,421.7,129.9,46.15,782.3,197.0,5.419,3.771,35.37,10.04,0.0,134.4,2.465,6.175,59.24,30.68,0.7364,0.05573,0.07728,0.06656,0.1953,0.0,0.0,0.0,0.0,0.0,0.0,0.0,0.0,0.0,0.0,0.0,0.0,0.0,0.0,0.0,0.0,0.0,0.0,0.0,0.0,0.0,0.0,0.0,0.0,4.263E-4,0.0,70390.0,153600.0,78580.0,116300.0,3.79E7,109100.0,44900.0,31890.0,21040.0,35200.0,0.0,1.233E-36,2.2689999999999998E-37,1.725E-36,1.507E-36,1.664E-37,3.115E-38,6.598E-39,2.019E-39,2.671E-39,4.721E-39,2.08E-35,0.0,0.6889,1.118,1.815,1.069,0.1519,0.01574,0.009199,0.003872,0.005388,0.004653,0.0,0.0,0.001559,1.367E-4,0.001499,0.9945,7.689E-4,8.719E-4,4.502E-4,5.22E-5,1.57E-4,0.0,0.01535,0.002679,0.002616,0.002771,0.1867,0.005195,0.004222,0.001527,0.001065,5.816E-4,
0.0,1516.0,111.8,134.6,89.32,2.58,3.767,0.6508,0.2746,0.4212,0.1656,0.0,343.8,0.1117,0.9968,0.0718,0.1242,0.3302,0.4627,0.738,0.5456,13.29,0.0,343.8,0.1117,0.9968,0.0718,0.1242,0.3302,0.4627,0.738,0.5456,13.29,0.0,0.0,0.0,0.0,0.0,0.0,0.0,0.0,0.0,0.0,0.0,0.0,20.41,399.3,129.0,46.35,804.4,196.9,5.398,4.021,35.15,10.01,0.0,134.4,2.358,5.617,55.22,30.67,0.7405,0.05514,0.0771,0.0665,0.1955,0.0,0.0,0.0,0.0,0.0,0.0,0.0,0.0,0.0,0.0,0.0,0.0,0.0,0.0,0.0,0.0,0.0,0.0,0.0,0.0,0.0,0.0,0.0,0.0,1.0E-4,0.0,70440.0,146100.0,81470.0,114000.0,3.496E7,107700.0,42360.0,30730.0,20970.0,36190.0,0.0,1.234E-36,2.4E-37,1.69E-36,1.513E-36,1.745E-37,3.104E-38,7.699E-39,2.297E-39,2.6639999999999997E-39,2.85E-39,2.08E-35,0.0,0.6899,1.108,1.785,1.083,0.1728,0.01561,0.0102,0.004125,0.005375,0.002981,0.0,0.0,0.001559,1.367E-4,0.001499,0.9945,7.689E-4,8.719E-4,4.502E-4,5.22E-5,1.57E-4,0.0,0.01536,0.00262,0.002615,0.002761,0.1867,0.005176,0.004223,0.001538,0.001054,6.17E-4,
0.0,1516.0,109.4,129.9,76.38,3.069,4.977,0.9089,0.3386,0.5031,0.1655,0.0,343.8,0.09244,0.9999,0.0877,0.1085,0.3328,0.467,0.7571,0.528,13.29,0.0,343.8,0.09244,0.9999,0.0877,0.1085,0.3328,0.467,0.7571,0.528,13.29,0.0,0.0,0.0,0.0,0.0,0.0,0.0,0.0,0.0,0.0,0.0,0.0,20.41,401.9,129.4,50.9,799.7,197.2,5.278,3.856,35.24,10.01,0.0,134.4,2.409,11.53,65.18,30.07,2.418,0.05449,0.07696,0.0662,0.1955,0.0,0.0,0.0,0.0,0.0,0.0,0.0,0.0,0.0,0.0,0.0,0.0,0.0,0.0,0.0,0.0,0.0,0.0,0.0,0.0,0.0,0.0,0.0,0.0,1.0E-4,0.0,70450.0,143100.0,80680.0,113000.0,3.301E7,108900.0,40950.0,30260.0,21320.0,36540.0,0.0,1.234E-36,2.139E-37,1.7270000000000003E-36,1.4520000000000001E-36,1.6179999999999999E-37,7.653E-38,9.279E-39,2.689E-39,3.159E-39,2.823E-39,2.08E-35,0.0,0.6899,1.082,1.793,1.077,0.1679,0.03583,0.0101,0.004095,0.005357,0.002981,0.0,0.0,0.001568,1.375E-4,0.001508,0.9945,7.735E-4,8.77E-4,4.529E-4,5.25E-5,1.58E-4,0.0,0.01536,0.002609,0.002619,0.002792,0.185,0.005187,0.004251,0.001495,0.001067,6.17E-4,
0.0,1518.0,108.0,129.8,60.97,2.595,3.779,0.892,0.3315,0.4962,0.1658,0.0,343.8,0.09711,0.9851,0.06292,0.1411,0.3303,0.4646,0.8009,0.4783,13.3,0.0,343.8,0.09711,0.9851,0.06292,0.1411,0.3303,0.4646,0.8009,0.4783,13.3,0.0,0.0,0.0,0.0,0.0,0.0,0.0,0.0,0.0,0.0,0.0,0.0,20.41,399.5,136.5,50.3,796.6,196.3,5.291,3.714,35.38,10.0,0.0,134.4,2.57,9.382,84.64,30.39,0.6599,0.0546,0.07625,0.06573,0.1954,0.0,0.0,0.0,0.0,0.0,0.0,0.0,0.0,0.0,0.0,0.0,0.0,0.0,0.0,0.0,0.0,0.0,0.0,0.0,0.0,0.0,0.0,0.0,0.0,1.0E-4,0.0,70560.0,182600.0,351900.0,296500.0,3.001E7,88080.0,34180.0,27240.0,21450.0,36100.0,0.0,1.258E-36,2.1879999999999998E-37,1.623E-36,1.4310000000000001E-36,2.896E-37,3.063E-38,8.773E-39,2.5919999999999997E-39,2.979E-39,2.812E-39,2.08E-35,0.0,0.7121,1.071,1.76,1.064,0.2172,0.01553,0.009884,0.004036,0.005275,0.002989,0.0,0.0,0.003199,0.01007,0.008426,0.9771,2.521E-5,6.953E-4,3.59E-4,4.162E-5,1.252E-4,0.0,0.01539,0.002872,0.004109,0.003782,0.1821,0.005041,0.004197,0.001521,0.001059,6.082E-4,
0.0,1518.0,107.2,130.0,64.14,2.573,3.772,0.8933,0.3307,0.4963,0.166,0.0,343.8,0.0984,1.002,0.07802,0.1071,0.3304,0.4644,0.8017,0.6848,13.09,0.0,343.8,0.0984,1.002,0.07802,0.1071,0.3304,0.4644,0.8017,0.6848,13.09,0.0,0.0,0.0,0.0,0.0,0.0,0.0,0.0,0.0,0.0,0.0,0.0,20.41,400.3,135.0,45.7,799.6,197.6,5.308,3.723,35.38,10.0,0.0,134.4,2.774,9.757,91.23,19.89,0.9469,0.04725,0.07258,0.06515,0.194,0.0,0.0,0.0,0.0,0.0,0.0,0.0,0.0,0.0,0.0,0.0,0.0,0.0,0.0,0.0,0.0,0.0,0.0,0.0,0.0,0.0,0.0,0.0,0.0,5.713E-4,0.0,70650.0,114000.0,85840.0,84910.0,2.914E7,95940.0,34510.0,27830.0,22050.0,36830.0,0.0,1.258E-36,2.2489999999999998E-37,1.7040000000000002E-36,1.534E-36,9.014999999999999E-38,3.155E-38,8.596E-39,2.51E-39,2.969E-39,2.753E-39,2.08E-35,0.0,0.7121,1.073,1.784,1.121,0.1289,0.01651,0.009832,0.003998,0.005271,0.002979,0.0,0.0,6.434E-4,2.153E-4,6.784E-4,0.9971,2.697E-5,7.44E-4,3.842E-4,4.454E-5,1.34E-4,0.0,0.01543,0.002472,0.002615,0.002581,0.1847,0.005,0.00425,0.0015,0.001055,6.09E-4,
0.0,1519.0,109.1,129.7,66.49,2.524,3.774,0.893,0.3293,0.4976,0.1815,0.0,343.8,0.1148,0.9714,0.08901,0.1095,0.331,0.4676,0.7922,0.6598,13.12,0.0,343.8,0.1148,0.9714,0.08901,0.1095,0.331,0.4676,0.7922,0.6598,13.12,0.0,0.0,0.0,0.0,0.0,0.0,0.0,0.0,0.0,0.0,0.0,0.0,20.41,406.0,132.0,44.83,800.4,197.9,5.317,3.748,35.39,9.974,0.0,134.4,2.879,9.705,85.87,19.92,0.9341,0.04701,0.07226,0.06492,0.1939,0.0,0.0,0.0,0.0,0.0,0.0,0.0,0.0,0.0,0.0,0.0,0.0,0.0,0.0,0.0,0.0,0.0,0.0,0.0,0.0,0.0,0.0,0.0,0.0,1.002E-4,0.0,70680.0,112300.0,82860.0,80710.0,2.742E7,96970.0,33580.0,27600.0,22670.0,37510.0,0.0,1.2670000000000001E-36,2.59E-37,1.674E-36,1.5020000000000001E-36,9.553E-38,3.601E-38,8.557E-39,2.5E-39,2.965E-39,5.2129999999999996E-39,2.08E-35,0.0,0.7208,1.093,1.754,1.108,0.1354,0.01794,0.009824,0.003982,0.005284,0.004401,0.0,0.0,6.532E-4,2.186E-4,6.887E-4,0.9971,2.738E-5,7.554E-4,3.901E-4,4.522E-5,1.361E-4,0.0,0.01544,0.00248,0.002613,0.002572,0.1846,0.004986,0.004273,0.001452,0.001072,6.126E-4,
0.0,1524.0,107.2,131.7,66.12,2.546,3.463,0.893,0.3293,0.4981,0.1809,0.0,343.8,0.1023,0.9881,0.07621,0.1169,0.3313,0.4726,0.7845,0.6676,13.12,0.0,343.8,0.1023,0.9881,0.07621,0.1169,0.3313,0.4726,0.7845,0.6676,13.12,0.0,0.0,0.0,0.0,0.0,0.0,0.0,0.0,0.0,0.0,0.0,0.0,20.41,408.1,130.8,44.89,796.0,198.3,5.345,3.806,35.4,9.95,0.0,140.1,2.428,7.379,79.26,19.39,0.9322,0.04708,0.07262,0.06518,0.1941,0.0,0.0,0.0,0.0,0.0,0.0,0.0,0.0,0.0,0.0,0.0,0.0,0.0,0.0,0.0,0.0,0.0,0.0,0.0,0.0,0.0,0.0,0.0,0.0,5.267E-4,0.0,74740.0,112600.0,80800.0,74940.0,2.638E7,97160.0,33770.0,28000.0,23160.0,38520.0,0.0,1.3850000000000002E-36,2.349E-37,1.693E-36,1.3910000000000001E-36,9.282E-38,2.98E-38,8.514E-39,2.4899999999999998E-39,2.965E-39,5.1759999999999995E-39,2.08E-35,0.0,0.7885,1.07,1.769,1.052,0.1335,0.01577,0.009825,0.003984,0.005286,0.0044,0.0,0.0,6.929E-4,2.318E-4,7.305E-4,0.9969,2.905E-5,8.012E-4,4.137E-4,4.797E-5,1.443E-4,0.0,0.01557,0.002482,0.002607,0.002442,0.1843,0.005003,0.004256,0.001493,0.001063,6.121E-4,
0.0,1519.0,112.5,127.9,68.91,2.553,3.462,0.7724,0.2986,0.4978,0.1235,0.0,343.8,0.1019,1.171,0.5247,0.1609,0.3297,0.4314,0.7762,0.7103,12.45,0.0,343.8,0.1019,1.171,0.5247,0.1609,0.3297,0.4314,0.7762,0.7103,12.45,0.0,0.0,0.0,0.0,0.0,0.0,0.0,0.0,0.0,0.0,0.0,0.0,20.4,409.8,131.0,44.95,796.3,198.1,5.361,3.788,35.37,9.911,0.0,143.5,4.175,15.56,61.04,20.93,0.9289,0.7293,0.2432,0.06524,3.104,0.0,0.0,0.0,0.0,0.0,0.0,0.0,0.0,0.0,0.0,0.0,0.0,0.0,0.0,0.0,0.0,0.0,0.0,0.0,0.0,0.0,0.0,0.0,0.0,6.756E-4,0.0,78550.0,111500.0,80810.0,67940.0,2.486E7,92230.0,33880.0,27230.0,21870.0,36440.0,0.0,1.3280000000000001E-36,3.529E-37,1.639E-36,1.2800000000000001E-36,1.213E-37,2.974E-38,2.001E-38,5.361E-39,2.968E-39,5.819E-38,2.08E-35,0.0,0.7494,1.127,1.75,1.008,0.1462,0.01573,0.01431,0.0051,0.005288,0.02764,0.0,0.0,7.492E-4,2.507E-4,7.9E-4,0.9967,3.141E-5,8.664E-4,4.474E-4,5.187E-5,1.561E-4,0.0,0.01565,0.002489,0.002582,0.002394,0.1839,0.004963,0.004274,0.001496,0.001071,6.413E-4,
0.0,1524.0,113.1,127.2,70.54,2.535,3.718,0.765,0.296,0.4985,0.0882,0.0,343.8,0.1029,1.021,0.1669,0.1168,0.3287,0.4124,0.7713,0.856,12.87,0.0,343.8,0.1029,1.021,0.1669,0.1168,0.3287,0.4124,0.7713,0.856,12.87,0.0,0.0,0.0,0.0,0.0,0.0,0.0,0.0,0.0,0.0,0.0,0.0,20.4,414.5,131.5,45.26,797.9,198.1,5.361,3.788,35.37,9.911,0.0,143.5,2.348,12.8,62.54,19.75,1.04,0.1371,0.0951,0.06749,0.1971,0.0,0.0,0.0,0.0,0.0,0.0,0.0,0.0,0.0,0.0,0.0,0.0,0.0,0.0,0.0,0.0,0.0,0.0,0.0,0.0,0.0,0.0,0.0,0.0,7.756E-4,0.0,78720.0,111200.0,84870.0,65020.0,2.377E7,90020.0,32870.0,26380.0,21430.0,34830.0,0.0,1.3830000000000001E-36,2.359E-37,1.661E-36,1.281E-36,9.575E-38,3.691E-38,8.313E-39,2.4359999999999998E-39,2.994E-39,4.39E-39,2.08E-35,0.0,0.8015,1.111,1.757,0.99,0.1354,0.01829,0.009075,0.003781,0.005301,0.003567,0.0,0.0,7.492E-4,2.507E-4,7.9E-4,0.9967,3.141E-5,8.664E-4,4.474E-4,5.187E-5,1.561E-4,0.0,0.0157,0.002486,0.002582,0.002356,0.1838,0.004942,0.004263,0.001503,0.001092,6.292E-4,
0.0,1524.0,103.1,130.5,74.39,3.043,3.94,0.7664,0.2943,0.4985,0.09372,0.0,343.8,0.1069,1.111,0.09565,0.1099,0.3294,0.4125,0.7715,0.8506,12.86,0.0,343.8,0.1069,1.111,0.09565,0.1099,0.3294,0.4125,0.7715,0.8506,12.86,0.0,0.0,0.0,0.0,0.0,0.0,0.0,0.0,0.0,0.0,0.0,0.0,20.4,397.4,135.8,44.47,815.7,198.4,5.59,3.889,35.4,9.937,0.0,143.5,2.567,8.507,66.21,21.72,1.01,0.1091,0.08754,0.06713,0.1967,0.0,0.0,0.0,0.0,0.0,0.0,0.0,0.0,0.0,0.0,0.0,0.0,0.0,0.0,0.0,0.0,0.0,0.0,0.0,0.0,0.0,0.0,0.0,0.0,1.0E-4,0.0,78720.0,108400.0,87380.0,65170.0,2.384E7,90760.0,35090.0,26970.0,21440.0,34720.0,0.0,1.3830000000000001E-36,2.153E-37,1.658E-36,1.295E-36,9.38E-38,3.989E-38,8.018E-39,2.358E-39,2.9909999999999996E-39,4.5459999999999995E-39,2.08E-35,0.0,0.8015,1.019,1.808,1.008,0.1488,0.02117,0.00896,0.003729,0.0053,0.00367,0.0,0.0,7.492E-4,2.507E-4,7.9E-4,0.9967,3.141E-5,8.664E-4,4.474E-4,5.187E-5,1.561E-4,0.0,0.0157,0.002495,0.002531,0.002358,0.184,0.004926,0.004303,0.001481,0.001091,6.389E-4,
0.0,1524.0,101.1,117.8,84.86,2.879,5.07,0.7667,0.2951,0.4972,0.9623,0.0,343.8,0.1079,1.173,0.2819,0.1099,0.3274,0.4117,0.7738,0.8489,12.61,0.0,343.8,0.1079,1.173,0.2819,0.1099,0.3274,0.4117,0.7738,0.8489,12.61,0.0,0.0,0.0,0.0,0.0,0.0,0.0,0.0,0.0,0.0,0.0,0.0,20.4,399.2,139.0,44.5,817.7,198.4,5.602,3.899,35.36,9.938,0.0,146.9,2.632,7.706,63.22,21.88,1.86,0.1092,0.08754,0.067,0.1966,0.0,0.0,0.0,0.0,0.0,0.0,0.0,0.0,0.0,0.0,0.0,0.0,0.0,0.0,0.0,0.0,0.0,0.0,0.0,0.0,0.0,0.0,0.0,0.0,1.0E-4,0.0,80850.0,110000.0,91000.0,63670.0,2.457E7,92580.0,35460.0,27720.0,21720.0,35350.0,0.0,1.4120000000000001E-36,2.246E-37,1.6300000000000002E-36,1.241E-36,9.37E-38,6.258E-38,8.015999999999999E-39,2.356E-39,2.988E-39,1.732E-38,2.08E-35,0.0,0.8143,1.013,1.762,1.011,0.1487,0.03168,0.00896,0.003742,0.005286,0.01224,0.0,0.0,7.492E-4,2.507E-4,7.9E-4,0.9967,3.141E-5,8.664E-4,4.474E-4,5.187E-5,1.561E-4,0.0,0.01574,0.002468,0.002514,0.00234,0.1839,0.004916,0.004233,0.001557,0.001083,6.49E-4,
0.0,1520.0,103.7,119.7,93.08,2.875,6.396,0.6135,0.27,0.4662,0.0968,0.0,343.8,0.1014,1.162,0.1016,0.1092,0.3684,0.7113,0.4225,0.6482,13.02,0.0,343.8,0.1014,1.162,0.1016,0.1092,0.3684,0.7113,0.4225,0.6482,13.02,0.0,0.0,0.0,0.0,0.0,0.0,0.0,0.0,0.0,0.0,0.0,0.0,20.4,401.4,137.7,46.39,820.2,198.6,5.815,3.945,35.62,9.975,0.0,158.1,3.556,8.859,37.77,21.88,3.164,0.11,0.08755,0.06666,0.1958,0.0,0.0,0.0,0.0,0.0,0.0,0.0,0.0,0.0,0.0,0.0,0.0,0.0,0.0,0.0,0.0,0.0,0.0,0.0,0.0,0.0,0.0,0.0,0.0,1.0E-4,0.0,81190.0,111500.0,95790.0,64820.0,2.573E7,96600.0,35780.0,28610.0,22460.0,36490.0,0.0,1.358E-36,2.847E-37,1.626E-36,1.2380000000000001E-36,9.369E-38,7.167E-38,4.903E-39,1.58E-39,2.0119999999999998E-39,4.522E-39,2.08E-35,0.0,0.8025,1.027,1.744,1.012,0.1487,0.04596,0.007314,0.003458,0.004954,0.003692,0.0,0.0,7.492E-4,2.507E-4,7.9E-4,0.9967,3.141E-5,8.664E-4,4.474E-4,5.187E-5,1.561E-4,0.0,0.01575,0.002443,0.002504,0.002349,0.184,0.00532,0.003879,0.001454,0.001109,6.57E-4,
0.0,1520.0,103.8,119.0,108.7,2.872,3.673,0.6144,0.2706,0.4681,0.3556,0.0,343.8,0.1006,1.264,0.08698,0.1128,0.3677,0.7164,0.4163,0.9292,12.65,0.0,343.8,0.1006,1.264,0.08698,0.1128,0.3677,0.7164,0.4163,0.9292,12.65,0.0,0.0,0.0,0.0,0.0,0.0,0.0,0.0,0.0,0.0,0.0,0.0,20.4,401.7,135.9,46.4,823.7,198.6,5.816,3.945,35.62,9.975,0.0,158.1,2.206,6.05,33.04,19.85,0.9188,0.1091,0.08733,0.06772,0.1938,0.0,0.0,0.0,0.0,0.0,0.0,0.0,0.0,0.0,0.0,0.0,0.0,0.0,0.0,0.0,0.0,0.0,0.0,0.0,0.0,0.0,0.0,0.0,0.0,4.302E-4,0.0,81190.0,112300.0,92390.0,67680.0,2.714E7,99530.0,36920.0,29820.0,23280.0,37190.0,0.0,1.358E-36,2.244E-37,1.618E-36,1.263E-36,1.026E-37,3.291E-38,4.8989999999999997E-39,1.58E-39,2.0389999999999998E-39,8.123999999999999E-39,2.08E-35,0.0,0.8025,1.016,1.747,1.036,0.1493,0.01784,0.007314,0.00346,0.004969,0.00692,0.0,0.0,7.492E-4,2.507E-4,7.9E-4,0.9967,3.141E-5,8.664E-4,4.474E-4,5.187E-5,1.561E-4,0.0,0.01575,0.002441,0.002501,0.002315,0.184,0.005329,0.003839,0.001507,0.001111,6.396E-4,
0.0,1524.0,102.8,119.6,108.0,0.08886,3.392,0.8385,0.3267,0.5475,0.5932,0.0,343.8,0.1014,1.278,0.08897,0.1098,0.3628,0.7106,0.4145,0.9544,12.62,0.0,343.8,0.1014,1.278,0.08897,0.1098,0.3628,0.7106,0.4145,0.9544,12.62,0.0,0.0,0.0,0.0,0.0,0.0,0.0,0.0,0.0,0.0,0.0,0.0,20.4,403.8,132.3,46.36,836.3,191.6,5.609,2.96,34.91,10.79,0.0,158.1,2.733,4.899,26.87,23.58,2.925,0.1652,0.1285,0.1006,0.2244,0.0,0.0,0.0,0.0,0.0,0.0,0.0,0.0,0.0,0.0,0.0,0.0,0.0,0.0,0.0,0.0,0.0,0.0,0.0,0.0,0.0,0.0,0.0,0.0,4.077E-4,0.0,81440.0,122900.0,93330.0,69990.0,2.872E7,88220.0,37390.0,27280.0,21520.0,36460.0,0.0,1.39E-36,2.175E-37,1.596E-36,1.21E-36,9.626E-38,5.819E-38,8.262E-39,2.419E-39,4.5559999999999996E-39,2.296E-38,2.08E-35,0.0,0.8559,1.004,1.743,0.9813,0.1367,0.02964,0.008823,0.003864,0.006288,0.01513,0.0,0.0,7.492E-4,2.507E-4,7.9E-4,0.9967,3.141E-5,8.664E-4,4.474E-4,5.187E-5,1.561E-4,0.0,0.01578,0.002457,0.002462,0.002297,0.1841,0.005213,0.003801,0.001517,0.001107,6.914E-4,
0.0,1525.0,101.9,120.5,113.3,0.06002,2.789,0.7371,0.2208,0.4857,0.4379,0.0,343.8,0.1041,1.263,0.08931,0.1105,0.3601,0.7697,0.3569,1.212,12.37,0.0,343.8,0.1041,1.263,0.08931,0.1105,0.3601,0.7697,0.3569,1.212,12.37,0.0,0.0,0.0,0.0,0.0,0.0,0.0,0.0,0.0,0.0,0.0,0.0,20.4,403.1,133.3,48.02,850.3,180.9,5.865,3.961,35.41,11.64,0.0,158.1,2.869,4.492,22.28,24.56,0.5233,0.1243,0.1489,0.1086,0.2284,0.0,0.0,0.0,0.0,0.0,0.0,0.0,0.0,0.0,0.0,0.0,0.0,0.0,0.0,0.0,0.0,0.0,0.0,0.0,0.0,0.0,0.0,0.0,0.0,4.127E-4,0.0,81530.0,115300.0,94490.0,73070.0,3.024E7,57210.0,40520.0,28970.0,23100.0,37600.0,0.0,1.397E-36,2.217E-37,1.599E-36,1.2250000000000001E-36,9.677E-38,3.8E-38,5.6249999999999995E-39,1.787E-39,2.306E-39,8.258E-39,2.08E-35,0.0,0.863,1.005,1.743,0.9858,0.1371,0.0192,0.008297,0.00299,0.005147,0.006972,0.0,0.0,7.492E-4,2.507E-4,7.9E-4,0.9967,3.141E-5,8.664E-4,4.474E-4,5.187E-5,1.561E-4,0.0,0.0158,0.002392,0.002486,0.002313,0.1842,0.005021,0.004288,0.001025,0.001133,7.228E-4,
0.0,1517.0,113.6,119.1,116.4,0.07458,1.358,0.7358,0.221,0.4872,0.4095,0.0,343.8,0.1192,1.208,0.09236,0.1108,0.3576,0.77,0.3609,1.58,12.04,0.0,343.8,0.1192,1.208,0.09236,0.1108,0.3576,0.77,0.3609,1.58,12.04,0.0,0.0,0.0,0.0,0.0,0.0,0.0,0.0,0.0,0.0,0.0,0.0,20.38,405.5,133.6,48.07,847.9,180.9,5.859,3.943,35.4,11.48,0.0,155.7,3.674,5.746,17.46,24.57,0.4903,0.1243,0.1489,0.1085,0.2282,0.0,0.0,0.0,0.0,0.0,0.0,0.0,0.0,0.0,0.0,0.0,0.0,0.0,0.0,0.0,0.0,0.0,0.0,0.0,0.0,0.0,0.0,0.0,0.0,1.0E-4,0.0,81560.0,115900.0,97170.0,72880.0,3.167E7,52170.0,42000.0,29170.0,22190.0,35990.0,0.0,1.2670000000000001E-36,2.58E-37,1.5460000000000002E-36,1.236E-36,9.975E-38,2.216E-38,5.615E-39,1.787E-39,2.324E-39,8.157999999999999E-39,2.08E-35,0.0,0.7807,1.134,1.693,0.9861,0.1416,0.01217,0.008288,0.00299,0.005166,0.006911,0.0,0.0,7.492E-4,2.507E-4,7.9E-4,0.9967,3.141E-5,8.664E-4,4.474E-4,5.187E-5,1.561E-4,0.0,0.0158,0.002412,0.002509,0.002272,0.1842,0.004935,0.004379,0.001032,0.001127,7.295E-4,
0.0,1518.0,110.0,118.1,118.8,0.07765,1.359,0.6765,0.2058,0.4703,0.4082,0.0,343.8,0.1026,1.225,0.09055,0.1126,0.3548,0.7789,0.3539,1.901,11.72,0.0,343.8,0.1026,1.225,0.09055,0.1126,0.3548,0.7789,0.3539,1.901,11.72,0.0,0.0,0.0,0.0,0.0,0.0,0.0,0.0,0.0,0.0,0.0,0.0,20.38,408.7,135.6,42.58,840.9,180.9,6.628,4.127,35.63,11.45,0.0,155.7,2.795,7.056,17.65,25.01,0.4871,0.1244,0.1495,0.1084,0.2281,0.0,0.0,0.0,0.0,0.0,0.0,0.0,0.0,0.0,0.0,0.0,0.0,0.0,0.0,0.0,0.0,0.0,0.0,0.0,0.0,0.0,0.0,0.0,0.0,9.055E-4,0.0,81610.0,116300.0,99160.0,70460.0,2.97E7,49310.0,40660.0,28380.0,21930.0,35100.0,0.0,1.271E-36,2.193E-37,1.56E-36,1.2460000000000001E-36,1.05E-37,2.215E-38,3.2059999999999996E-39,1.1839999999999999E-39,1.58E-39,8.117E-39,2.08E-35,0.0,0.7881,1.058,1.71,1.023,0.1496,0.01216,0.007952,0.002906,0.005076,0.006896,0.0,0.0,7.492E-4,2.507E-4,7.9E-4,0.9967,3.141E-5,8.664E-4,4.474E-4,5.187E-5,1.561E-4,0.0,0.01582,0.00242,0.002534,0.002207,0.1841,0.00488,0.004469,9.922E-4,0.001129,7.269E-4,
0.0,1520.0,109.0,123.8,114.1,0.0896,1.736,1.445,0.2048,0.4767,0.1403,0.0,343.8,0.1031,1.054,0.205,0.1106,0.3515,0.7763,0.3562,3.084,10.59,0.0,343.8,0.1031,1.054,0.205,0.1106,0.3515,0.7763,0.3562,3.084,10.59,0.0,0.0,0.0,0.0,0.0,0.0,0.0,0.0,0.0,0.0,0.0,0.0,20.38,411.1,134.8,42.48,832.8,180.8,6.62,4.106,35.57,11.36,0.0,155.7,2.822,4.304,18.24,24.35,0.4825,0.1244,0.1495,0.1074,0.2279,0.0,0.0,0.0,0.0,0.0,0.0,0.0,0.0,0.0,0.0,0.0,0.0,0.0,0.0,0.0,0.0,0.0,0.0,0.0,0.0,0.0,0.0,0.0,0.0,7.804E-4,0.0,81730.0,115200.0,101800.0,70080.0,2.864E7,47790.0,40070.0,28310.0,22420.0,34960.0,0.0,1.281E-36,2.195E-37,1.5460000000000002E-36,1.2480000000000001E-36,9.733E-38,2.359E-38,5.782E-39,1.1839999999999999E-39,1.633E-39,4.455E-39,2.08E-35,0.0,0.803,1.044,1.701,1.035,0.138,0.01376,0.01113,0.002896,0.005144,0.003576,0.0,0.0,7.492E-4,2.507E-4,7.9E-4,0.9967,3.141E-5,8.664E-4,4.474E-4,5.187E-5,1.561E-4,0.0,0.01585,0.002447,0.002462,0.002218,0.1841,0.004828,0.004519,9.677E-4,0.001176,7.007E-4,
0.0,1520.0,108.3,122.6,117.0,0.0836,3.933,0.7113,0.2138,0.4773,0.1464,0.0,343.8,0.1054,1.177,0.08213,0.1159,0.9754,0.4521,0.2802,2.961,10.48,0.0,343.8,0.1054,1.177,0.08213,0.1159,0.9754,0.4521,0.2802,2.961,10.48,0.0,0.0,0.0,0.0,0.0,0.0,0.0,0.0,0.0,0.0,0.0,0.0,20.38,409.6,136.8,39.16,831.5,187.4,9.14,4.888,32.01,9.042,0.0,155.7,2.631,4.495,14.09,25.29,0.4459,0.1167,0.1206,0.08697,0.2113,0.0,0.0,0.0,0.0,0.0,0.0,0.0,0.0,0.0,0.0,0.0,0.0,0.0,0.0,0.0,0.0,0.0,0.0,0.0,0.0,0.0,0.0,0.0,0.0,1.0E-4,0.0,81750.0,116000.0,112100.0,67920.0,2.868E7,46740.0,39550.0,26180.0,21020.0,34210.0,0.0,1.281E-36,2.22E-37,1.5270000000000002E-36,1.2190000000000001E-36,1.0219999999999999E-37,5.411E-38,3.214E-39,1.273E-39,1.494E-39,4.3319999999999997E-39,2.08E-35,0.0,0.803,1.043,1.684,1.025,0.1441,0.0283,0.008059,0.002954,0.005115,0.003565,0.0,0.0,7.492E-4,2.507E-4,7.9E-4,0.9967,3.141E-5,8.664E-4,4.474E-4,5.187E-5,1.561E-4,0.0,0.01586,0.002403,0.002467,0.002203,0.1842,0.004838,0.004562,9.578E-4,0.001146,6.815E-4,
0.0,1521.0,98.98,126.5,101.1,8.396,2.01,0.7108,0.2145,0.4733,0.7714,0.0,343.8,0.1186,1.15,0.07637,0.123,0.4435,0.4363,0.2787,3.654,10.35,0.0,343.8,0.1186,1.15,0.07637,0.123,0.4435,0.4363,0.2787,3.654,10.35,0.0,0.0,0.0,0.0,0.0,0.0,0.0,0.0,0.0,0.0,0.0,0.0,20.38,407.4,135.7,40.55,830.3,189.1,8.98,5.808,32.08,8.667,0.0,155.7,2.576,6.896,21.94,27.62,0.4502,0.06398,0.1331,0.1042,0.2267,0.0,0.0,0.0,0.0,0.0,0.0,0.0,0.0,0.0,0.0,0.0,0.0,0.0,0.0,0.0,0.0,0.0,0.0,0.0,0.0,0.0,0.0,0.0,0.0,1.0E-4,0.0,81860.0,100700.0,128300.0,81820.0,2.8E7,46150.0,24950.0,33920.0,22700.0,35570.0,0.0,1.307E-36,2.265E-37,1.541E-36,1.194E-36,9.698E-38,1.777E-38,2.5829999999999997E-39,1.104E-39,1.506E-39,1.725E-38,2.08E-35,0.0,0.8379,0.9682,1.701,1.006,0.1955,0.0121,0.007769,0.002869,0.00506,0.009355,0.0,0.0,1.702E-4,5.591E-4,0.001185,0.9969,2.675E-5,3.045E-4,6.886E-4,4.418E-5,1.329E-4,0.0,0.01589,0.002316,0.002512,0.002235,0.184,0.004849,0.004473,0.00101,0.001157,6.667E-4,
0.0,1513.0,109.9,123.2,90.79,8.397,3.396,0.6787,0.2083,0.4684,0.2305,0.0,343.8,0.1363,1.099,0.08577,0.121,0.4582,0.4223,0.2765,3.548,10.48,0.0,343.8,0.1363,1.099,0.08577,0.121,0.4582,0.4223,0.2765,3.548,10.48,0.0,0.0,0.0,0.0,0.0,0.0,0.0,0.0,0.0,0.0,0.0,0.0,20.37,402.8,141.3,40.66,831.4,197.5,3.361,4.279,31.21,8.077,0.0,152.8,2.417,6.554,35.23,27.6,0.4522,0.06398,0.1331,0.1041,0.2259,0.0,0.0,0.0,0.0,0.0,0.0,0.0,0.0,0.0,0.0,0.0,0.0,0.0,0.0,0.0,0.0,0.0,0.0,0.0,0.0,0.0,0.0,0.0,0.0,1.001E-4,0.0,81870.0,102000.0,120900.0,86370.0,2.661E7,46010.0,24170.0,33090.0,22850.0,36130.0,0.0,1.1530000000000001E-36,2.348E-37,1.563E-36,1.163E-36,9.69E-38,3.568E-38,2.455E-39,1.07E-39,1.481E-39,6.114E-39,2.08E-35,0.0,0.7414,1.062,1.703,0.9965,0.1954,0.02166,0.007638,0.002852,0.00506,0.004355,0.0,0.0,1.725E-4,5.667E-4,0.001201,0.9968,2.712E-5,3.086E-4,6.98E-4,4.478E-5,1.347E-4,0.0,0.01589,0.002337,0.002489,0.002243,0.1839,0.004915,0.00443,0.001,0.001145,6.591E-4,
0.0,1513.0,98.37,131.8,87.65,8.397,1.876,0.6765,0.2085,0.4685,0.2337,0.0,343.8,0.1521,1.073,0.09825,0.1216,0.4549,0.422,0.2687,3.559,10.48,0.0,343.8,0.1521,1.073,0.09825,0.1216,0.4549,0.422,0.2687,3.559,10.48,0.0,0.0,0.0,0.0,0.0,0.0,0.0,0.0,0.0,0.0,0.0,0.0,20.37,404.0,141.2,41.43,828.0,194.9,3.814,4.41,31.2,8.591,0.0,152.8,6.12,17.17,27.42,27.59,0.4562,0.06405,0.1332,0.1041,0.2259,0.0,0.0,0.0,0.0,0.0,0.0,0.0,0.0,0.0,0.0,0.0,0.0,0.0,0.0,0.0,0.0,0.0,0.0,0.0,0.0,0.0,0.0,0.0,0.0,3.958E-4,0.0,81940.0,102400.0,115900.0,87080.0,2.6E7,46430.0,24320.0,34110.0,23470.0,37130.0,0.0,1.1580000000000001E-36,2.519E-37,1.534E-36,1.17E-36,9.689E-38,1.41E-38,2.4439999999999998E-39,1.0739999999999999E-39,1.4729999999999998E-39,6.105E-39,2.08E-35,0.0,0.7488,0.9537,1.83,0.9782,0.1954,0.01048,0.007629,0.002847,0.005063,0.004368,0.0,0.0,1.855E-4,6.097E-4,0.001292,0.9966,2.917E-5,3.32E-4,7.509E-4,4.818E-5,1.45E-4,0.0,0.01591,0.002348,0.002497,0.002241,0.1837,0.004914,0.004415,9.904E-4,0.001162,6.648E-4,
0.0,1515.0,94.62,134.9,89.35,8.43,1.901,0.6798,0.209,0.4649,0.2353,0.0,343.8,0.157,1.165,0.1361,0.2005,0.4492,0.4256,0.2751,3.124,10.69,0.0,343.8,0.157,1.165,0.1361,0.2005,0.4492,0.4256,0.2751,3.124,10.69,0.0,0.0,0.0,0.0,0.0,0.0,0.0,0.0,0.0,0.0,0.0,0.0,20.37,404.2,141.2,47.46,820.1,191.7,4.313,4.623,31.2,11.77,0.0,152.8,2.443,18.71,26.08,27.62,0.4062,0.06428,0.1333,0.1043,0.4321,0.0,0.0,0.0,0.0,0.0,0.0,0.0,0.0,0.0,0.0,0.0,0.0,0.0,0.0,0.0,0.0,0.0,0.0,0.0,0.0,0.0,0.0,0.0,0.0,6.108E-4,0.0,81990.0,102300.0,111500.0,97760.0,2.5E7,46540.0,24340.0,34490.0,24430.0,43120.0,0.0,1.168E-36,2.1059999999999998E-37,1.542E-36,1.1790000000000002E-36,9.703E-38,1.402E-38,2.4539999999999998E-39,1.077E-39,1.528E-39,7.959999999999999E-39,2.08E-35,0.0,0.7696,0.8868,1.867,0.9835,0.1955,0.01039,0.007645,0.002846,0.005128,0.006823,0.0,0.0,1.926E-4,6.327E-4,0.001341,0.9965,3.028E-5,3.446E-4,7.793E-4,5.0E-5,1.504E-4,0.0,0.01593,0.002341,0.00249,0.002302,0.1836,0.004886,0.004423,9.878E-4,0.001163,6.782E-4,
0.0,1515.0,94.87,135.4,93.17,9.082,1.948,0.766,0.2309,0.5077,0.182,0.0,343.8,0.1278,1.146,0.1283,0.205,0.4501,0.4285,0.2728,1.345,12.51,0.0,343.8,0.1278,1.146,0.1283,0.205,0.4501,0.4285,0.2728,1.345,12.51,0.0,0.0,0.0,0.0,0.0,0.0,0.0,0.0,0.0,0.0,0.0,0.0,20.37,404.4,141.2,48.02,823.4,189.7,4.672,4.739,31.45,12.04,0.0,152.8,4.209,13.07,23.07,29.09,0.3747,0.06392,0.1323,0.1033,0.4301,0.0,0.0,0.0,0.0,0.0,0.0,0.0,0.0,0.0,0.0,0.0,0.0,0.0,0.0,0.0,0.0,0.0,0.0,0.0,0.0,0.0,0.0,0.0,0.0,1.006E-4,0.0,82010.0,103900.0,113000.0,95350.0,2.378E7,42490.0,23930.0,33910.0,23800.0,40050.0,0.0,1.168E-36,2.319E-37,1.5E-36,1.163E-36,1.201E-37,1.592E-38,4.479E-39,1.578E-39,2.4219999999999998E-39,7.073E-39,2.08E-35,0.0,0.7696,0.9133,1.824,0.9651,0.2278,0.01121,0.008529,0.003079,0.005812,0.006154,0.0,0.0,1.986E-4,6.525E-4,0.001383,0.9964,3.122E-5,3.553E-4,8.036E-4,5.156E-5,1.551E-4,0.0,0.01593,0.002355,0.002494,0.002307,0.1835,0.004807,0.004425,0.001003,0.001199,6.491E-4,
0.0,1515.0,98.27,130.4,95.25,8.438,2.964,0.7673,0.2305,0.5079,0.1826,0.0,343.8,0.1383,1.166,0.102,0.1989,0.4444,0.4299,0.2727,1.55,12.31,0.0,343.8,0.1383,1.166,0.102,0.1989,0.4444,0.4299,0.2727,1.55,12.31,0.0,0.0,0.0,0.0,0.0,0.0,0.0,0.0,0.0,0.0,0.0,0.0,20.37,404.1,143.5,48.19,828.5,189.1,4.78,4.692,31.53,12.18,0.0,152.8,2.773,11.86,26.22,27.46,0.3655,0.06359,0.1312,0.1026,0.4295,0.0,0.0,0.0,0.0,0.0,0.0,0.0,0.0,0.0,0.0,0.0,0.0,0.0,0.0,0.0,0.0,0.0,0.0,0.0,0.0,0.0,0.0,0.0,0.0,1.0E-4,0.0,82150.0,104000.0,111900.0,93360.0,2.356E7,40020.0,23870.0,33900.0,23500.0,39080.0,0.0,1.168E-36,2.41E-37,1.4940000000000001E-36,1.16E-36,9.678E-38,2.695E-38,4.479E-39,1.575E-39,2.4219999999999998E-39,7.05E-39,2.08E-35,0.0,0.7697,0.9325,1.812,0.9718,0.1952,0.02309,0.008537,0.003072,0.005816,0.00615,0.0,0.0,1.986E-4,6.525E-4,0.001383,0.9964,3.122E-5,3.553E-4,8.036E-4,5.156E-5,1.551E-4,0.0,0.01601,0.002348,0.002502,0.002323,0.1835,0.004541,0.004456,9.931E-4,0.001197,6.453E-4,
0.0,1519.0,93.12,130.3,94.27,0.3681,3.713,0.7704,0.2332,0.5079,0.1834,0.0,343.8,0.1226,1.16,0.1202,0.1991,0.4453,0.425,0.2752,2.15,11.71,0.0,343.8,0.1226,1.16,0.1202,0.1991,0.4453,0.425,0.2752,2.15,11.71,0.0,0.0,0.0,0.0,0.0,0.0,0.0,0.0,0.0,0.0,0.0,0.0,20.37,401.9,145.8,48.47,830.7,188.1,4.967,4.746,31.54,12.43,0.0,154.9,3.762,15.19,22.07,35.52,0.3611,0.06356,0.1311,0.1025,0.4294,0.0,0.0,0.0,0.0,0.0,0.0,0.0,0.0,0.0,0.0,0.0,0.0,0.0,0.0,0.0,0.0,0.0,0.0,0.0,0.0,0.0,0.0,0.0,0.0,7.056E-4,0.0,82550.0,105300.0,114200.0,92340.0,2.278E7,38860.0,23590.0,33900.0,23710.0,39120.0,0.0,1.194E-36,2.1269999999999998E-37,1.509E-36,1.138E-36,9.677E-38,2.812E-38,4.533E-39,1.575E-39,2.428E-39,7.037E-39,2.08E-35,0.0,0.7987,0.8868,1.844,0.9579,0.1952,0.02172,0.008479,0.003097,0.005823,0.00615,0.0,0.0,2.0E-4,6.572E-4,0.001393,0.9963,3.145E-5,3.579E-4,8.094E-4,5.193E-5,1.562E-4,0.0,0.01607,0.002336,0.002511,0.002295,0.1818,0.00448,0.004402,0.001032,0.001205,6.391E-4,
0.0,1509.0,98.28,140.9,89.65,0.1175,1.958,0.7634,0.232,0.5077,0.1796,0.0,343.8,0.1231,1.173,0.1085,0.1971,0.4491,0.4247,0.4077,2.074,11.64,0.0,343.8,0.1231,1.173,0.1085,0.1971,0.4491,0.4247,0.4077,2.074,11.64,0.0,0.0,0.0,0.0,0.0,0.0,0.0,0.0,0.0,0.0,0.0,0.0,20.33,402.2,146.9,46.75,829.5,194.6,3.811,4.425,31.45,10.96,0.0,152.3,8.95,11.71,22.52,35.77,0.3573,0.06388,0.1312,0.1024,0.4307,0.0,0.0,0.0,0.0,0.0,0.0,0.0,0.0,0.0,0.0,0.0,0.0,0.0,0.0,0.0,0.0,0.0,0.0,0.0,0.0,0.0,0.0,0.0,0.0,6.118E-4,0.0,82920.0,107700.0,117800.0,92320.0,2.21E7,38650.0,23550.0,34090.0,24230.0,40280.0,0.0,9.657E-37,4.717E-37,1.492E-36,1.115E-36,9.674E-38,1.584E-38,4.5E-39,1.577E-39,2.42E-39,1.658E-38,2.08E-35,0.0,0.6644,0.9643,1.924,0.9224,0.1952,0.01117,0.008452,0.003088,0.005826,0.01914,0.0,0.0,2.014E-4,6.619E-4,0.001403,0.9963,3.167E-5,3.605E-4,8.153E-4,5.231E-5,1.574E-4,0.0,0.01613,0.002363,0.002496,0.002235,0.1801,0.004486,0.0044,0.001014,0.001217,6.406E-4,
0.0,1509.0,103.2,140.1,89.54,0.1186,2.973,0.7713,0.2341,0.5058,0.1845,0.0,343.8,0.124,1.16,0.1137,0.1991,0.4348,0.4259,0.4104,2.153,11.58,0.0,343.8,0.124,1.16,0.1137,0.1991,0.4348,0.4259,0.4104,2.153,11.58,0.0,0.0,0.0,0.0,0.0,0.0,0.0,0.0,0.0,0.0,0.0,0.0,20.33,402.2,149.6,48.52,817.8,187.8,5.061,4.821,31.38,12.45,0.0,152.3,3.947,11.65,22.41,35.76,0.3484,0.06396,0.1327,0.1035,0.4304,0.0,0.0,0.0,0.0,0.0,0.0,0.0,0.0,0.0,0.0,0.0,0.0,0.0,0.0,0.0,0.0,0.0,0.0,0.0,0.0,0.0,0.0,0.0,0.0,1.0E-4,0.0,83000.0,109700.0,122200.0,93300.0,2.184E7,38220.0,23740.0,34410.0,24720.0,41200.0,0.0,9.657E-37,2.1659999999999997E-37,1.4910000000000001E-36,1.1080000000000001E-36,9.675E-38,2.468E-38,4.525E-39,1.5849999999999998E-39,2.4219999999999998E-39,6.961E-39,2.08E-35,0.0,0.6644,0.9641,1.926,0.9209,0.1952,0.02276,0.008489,0.0031,0.00581,0.006179,0.0,0.0,2.014E-4,6.619E-4,0.001403,0.9963,3.167E-5,3.605E-4,8.153E-4,5.231E-5,1.574E-4,0.0,0.01615,0.002354,0.002501,0.002252,0.18,0.004377,0.004455,0.001006,0.001221,6.455E-4,
0.0,1509.0,101.1,140.6,91.98,0.1207,1.932,0.7717,0.2347,0.5054,0.185,0.0,343.8,0.1219,1.133,0.1429,0.1992,0.4315,0.4247,0.4131,2.153,11.58,0.0,343.8,0.1219,1.133,0.1429,0.1992,0.4315,0.4247,0.4131,2.153,11.58,0.0,0.0,0.0,0.0,0.0,0.0,0.0,0.0,0.0,0.0,0.0,0.0,20.33,403.1,151.7,48.69,817.8,187.5,5.134,4.833,31.38,12.56,0.0,152.3,3.697,11.56,22.37,35.76,0.3318,0.06402,0.1327,0.1037,0.4308,0.0,0.0,0.0,0.0,0.0,0.0,0.0,0.0,0.0,0.0,0.0,0.0,0.0,0.0,0.0,0.0,0.0,0.0,0.0,0.0,0.0,0.0,0.0,0.0,1.0E-4,0.0,83070.0,108500.0,124900.0,92170.0,2.209E7,36090.0,23350.0,33660.0,23490.0,39500.0,0.0,9.657E-37,2.093E-37,1.461E-36,1.1450000000000001E-36,9.674E-38,1.564E-38,4.523E-39,1.5849999999999998E-39,2.421E-39,6.929E-39,2.08E-35,0.0,0.6644,0.9356,1.935,0.9473,0.1952,0.01096,0.008491,0.003105,0.005808,0.00618,0.0,0.0,2.014E-4,6.619E-4,0.001403,0.9963,3.167E-5,3.605E-4,8.153E-4,5.231E-5,1.574E-4,0.0,0.01618,0.002345,0.002491,0.002274,0.18,0.004293,0.004454,0.00101,0.001221,6.457E-4,
0.0,1509.0,103.7,136.0,93.84,0.1225,1.939,0.8903,0.1161,0.5158,0.1751,0.0,343.8,0.1207,1.168,0.1078,0.1995,0.4264,0.7034,0.1342,2.183,11.55,0.0,343.8,0.1207,1.168,0.1078,0.1995,0.4264,0.7034,0.1342,2.183,11.55,0.0,0.0,0.0,0.0,0.0,0.0,0.0,0.0,0.0,0.0,0.0,0.0,20.33,394.1,159.2,51.2,815.7,186.4,5.208,4.852,32.79,11.24,0.0,152.3,3.667,10.7,23.1,36.03,0.2102,0.06403,0.1327,0.1036,0.4308,0.0,0.0,0.0,0.0,0.0,0.0,0.0,0.0,0.0,0.0,0.0,0.0,0.0,0.0,0.0,0.0,0.0,0.0,0.0,0.0,0.0,0.0,0.0,0.0,5.106E-4,0.0,83190.0,107400.0,125000.0,92520.0,2.291E7,36960.0,24660.0,32470.0,22950.0,38240.0,0.0,9.657E-37,2.101E-37,1.4220000000000002E-36,1.1690000000000001E-36,9.849E-38,1.529E-38,4.5289999999999996E-39,1.5719999999999998E-39,3.757E-39,5.561E-39,2.08E-35,0.0,0.6645,0.9588,1.874,0.9773,0.1968,0.01058,0.009697,0.001895,0.006634,0.005355,0.0,0.0,2.014E-4,6.619E-4,0.001403,0.9963,3.167E-5,3.605E-4,8.153E-4,5.231E-5,1.574E-4,0.0,0.01621,0.002328,0.00247,0.002303,0.1801,0.004197,0.005014,4.47E-4,0.001255,6.113E-4,
0.0,1510.0,103.1,134.6,93.9,0.1288,2.971,0.9957,0.1447,0.5465,0.8116,0.0,343.8,0.1248,1.128,0.1017,0.2061,0.4389,0.7044,0.1327,1.961,11.79,0.0,343.8,0.1248,1.128,0.1017,0.2061,0.4389,0.7044,0.1327,1.961,11.79,0.0,0.0,0.0,0.0,0.0,0.0,0.0,0.0,0.0,0.0,0.0,0.0,20.33,392.3,161.9,51.77,815.4,185.9,5.288,4.874,32.8,11.34,0.0,152.3,3.95,9.65,22.42,36.38,0.1897,0.06403,0.1326,0.1036,0.4308,0.0,0.0,0.0,0.0,0.0,0.0,0.0,0.0,0.0,0.0,0.0,0.0,0.0,0.0,0.0,0.0,0.0,0.0,0.0,0.0,0.0,0.0,0.0,0.0,1.0E-4,0.0,83270.0,107200.0,130700.0,92930.0,2.41E7,35530.0,24970.0,33410.0,22850.0,38380.0,0.0,9.767E-37,2.205E-37,1.353E-36,1.165E-36,1.113E-37,3.293E-38,6.13E-39,1.975E-39,4.235E-39,1.675E-38,2.08E-35,0.0,0.6792,0.9634,1.848,0.9572,0.2035,0.01991,0.01069,0.002164,0.006934,0.01117,0.0,0.0,2.014E-4,6.619E-4,0.001403,0.9963,3.167E-5,3.605E-4,8.153E-4,5.231E-5,1.574E-4,0.0,0.01623,0.002319,0.002485,0.002277,0.18,0.004137,0.005014,4.462E-4,0.001246,6.303E-4,
0.0,1511.0,104.7,131.1,95.88,0.1293,1.963,0.8364,0.1095,0.4963,0.1076,0.0,343.8,0.1344,1.093,0.1074,0.2072,0.4146,0.7095,0.1343,1.958,11.83,0.0,343.8,0.1344,1.093,0.1074,0.2072,0.4146,0.7095,0.1343,1.958,11.83,0.0,0.0,0.0,0.0,0.0,0.0,0.0,0.0,0.0,0.0,0.0,0.0,20.33,391.8,165.7,52.28,819.8,185.5,5.375,4.89,32.8,11.47,0.0,152.3,3.974,10.16,21.6,36.36,0.1768,0.0641,0.1331,0.1038,0.4313,0.0,0.0,0.0,0.0,0.0,0.0,0.0,0.0,0.0,0.0,0.0,0.0,0.0,0.0,0.0,0.0,0.0,0.0,0.0,0.0,0.0,0.0,0.0,0.0,4.483E-4,0.0,83370.0,105200.0,132100.0,91900.0,2.534E7,33630.0,25360.0,34520.0,22490.0,37060.0,0.0,9.878E-37,2.317E-37,1.355E-36,1.1580000000000001E-36,1.1449999999999999E-37,1.575E-38,3.255E-39,1.425E-39,3.322E-39,4.18E-39,2.08E-35,0.0,0.6939,0.983,1.807,0.9574,0.2108,0.01372,0.009232,0.002082,0.006476,0.004769,0.0,0.0,2.014E-4,6.619E-4,0.001403,0.9963,3.167E-5,3.605E-4,8.153E-4,5.231E-5,1.574E-4,0.0,0.01627,0.002308,0.002465,0.00229,0.1798,0.004067,0.005021,4.423E-4,0.001252,6.23E-4,
0.0,1512.0,102.2,132.4,100.5,0.1297,1.889,0.8379,0.1384,0.4971,0.1069,0.0,343.8,0.125,1.094,0.1175,0.2061,0.4098,0.3674,0.08052,2.267,11.92,0.0,343.8,0.125,1.094,0.1175,0.2061,0.4098,0.3674,0.08052,2.267,11.92,0.0,0.0,0.0,0.0,0.0,0.0,0.0,0.0,0.0,0.0,0.0,0.0,20.33,392.1,164.8,52.52,823.2,185.5,5.377,4.893,32.8,11.49,0.0,152.3,4.151,8.801,17.13,36.75,0.1616,0.06408,0.4568,0.1036,0.4309,0.0,0.0,0.0,0.0,0.0,0.0,0.0,0.0,0.0,0.0,0.0,0.0,0.0,0.0,0.0,0.0,0.0,0.0,0.0,0.0,0.0,0.0,0.0,0.0,1.0E-4,0.0,83470.0,104800.0,134900.0,92980.0,2.678E7,32540.0,25600.0,36250.0,22490.0,36560.0,0.0,9.964E-37,2.149E-37,1.3540000000000001E-36,1.157E-36,1.1559999999999999E-37,1.36E-38,3.277E-39,2.285E-39,3.31E-39,4.163E-39,2.08E-35,0.0,0.71,0.9587,1.821,0.9583,0.2052,0.01006,0.009206,0.003386,0.006485,0.00476,0.0,0.0,2.014E-4,6.619E-4,0.001403,0.9963,3.167E-5,3.605E-4,8.153E-4,5.231E-5,1.574E-4,0.0,0.01631,0.002307,0.002449,0.002296,0.1797,0.004007,0.004899,5.544E-4,0.001252,6.15E-4,
0.0,1511.0,105.2,133.3,99.17,0.113,1.813,0.8378,0.1953,0.4979,0.1089,0.0,343.8,0.126,1.085,0.1217,0.2073,0.395,0.3669,0.08615,2.398,11.8,0.0,343.8,0.126,1.085,0.1217,0.2073,0.395,0.3669,0.08615,2.398,11.8,0.0,0.0,0.0,0.0,0.0,0.0,0.0,0.0,0.0,0.0,0.0,0.0,20.32,390.5,168.6,50.46,814.3,184.7,5.393,5.068,33.01,11.53,0.0,151.5,4.983,8.943,15.7,37.39,0.2027,0.06404,0.4016,0.1036,0.4309,0.0,0.0,0.0,0.0,0.0,0.0,0.0,0.0,0.0,0.0,0.0,0.0,0.0,0.0,0.0,0.0,0.0,0.0,0.0,0.0,0.0,0.0,0.0,0.0,1.0E-4,0.0,83490.0,106500.0,135900.0,97930.0,2.833E7,32200.0,26400.0,37910.0,22860.0,37230.0,0.0,9.711E-37,2.451E-37,1.347E-36,1.149E-36,1.1549999999999999E-37,1.325E-38,3.2789999999999996E-39,2.3089999999999998E-39,3.761E-39,3.8539999999999996E-39,2.08E-35,0.0,0.6967,0.9809,1.818,0.9531,0.2054,0.01002,0.009207,0.003413,0.006738,0.00461,0.0,0.0,2.014E-4,6.619E-4,0.001403,0.9963,3.167E-5,3.605E-4,8.153E-4,5.231E-5,1.574E-4,0.0,0.01632,0.002282,0.002487,0.002274,0.1794,0.003961,0.004956,5.289E-4,0.001255,6.135E-4,
0.0,1493.0,126.0,135.6,95.12,0.04615,1.727,0.838,0.593,0.1676,0.1071,0.0,343.8,0.1177,1.086,0.1274,0.2061,0.3897,0.3652,0.3244,1.685,12.28,0.0,343.8,0.1177,1.086,0.1274,0.2061,0.3897,0.3652,0.3244,1.685,12.28,0.0,0.0,0.0,0.0,0.0,0.0,0.0,0.0,0.0,0.0,0.0,0.0,20.28,401.6,159.0,53.86,812.4,184.9,5.389,28.63,9.636,11.29,0.0,145.8,4.35,8.875,18.83,37.43,0.3425,0.06107,0.3347,0.1027,0.4303,0.0,0.0,0.0,0.0,0.0,0.0,0.0,0.0,0.0,0.0,0.0,0.0,0.0,0.0,0.0,0.0,0.0,0.0,0.0,0.0,0.0,0.0,0.0,0.0,5.339E-4,0.0,83500.0,108800.0,136000.0,102200.0,2.956E7,32820.0,26640.0,43660.0,19530.0,38510.0,0.0,7.441E-37,2.3929999999999998E-37,1.331E-36,1.171E-36,1.154E-37,1.314E-38,3.265E-39,4.239E-39,1.821E-39,3.832E-39,2.08E-35,0.0,0.5466,1.119,1.803,0.9678,0.2052,0.009933,0.009201,0.007646,0.002525,0.004584,0.0,0.0,2.014E-4,6.619E-4,0.001403,0.9963,3.167E-5,3.605E-4,8.153E-4,5.231E-5,1.574E-4,0.0,0.01634,0.002367,0.002361,0.002335,0.1797,0.003898,0.004939,0.001352,4.414E-4,6.112E-4,
0.0,1496.0,131.1,127.3,95.54,0.05853,1.758,0.8394,0.6065,0.203,0.4705,0.0,343.8,0.1141,1.116,0.09439,0.2059,0.3884,0.3654,0.1919,1.682,12.42,0.0,343.8,0.1141,1.116,0.09439,0.2059,0.3884,0.3654,0.1919,1.682,12.42,0.0,0.0,0.0,0.0,0.0,0.0,0.0,0.0,0.0,0.0,0.0,0.0,20.28,404.7,157.9,53.89,809.6,184.9,5.435,24.46,13.7,11.21,0.0,145.8,4.37,8.547,17.74,37.42,0.3096,0.06107,0.2837,0.1027,0.4303,0.0,0.0,0.0,0.0,0.0,0.0,0.0,0.0,0.0,0.0,0.0,0.0,0.0,0.0,0.0,0.0,0.0,0.0,0.0,0.0,0.0,0.0,0.0,0.0,7.613E-4,0.0,83550.0,111300.0,137900.0,101200.0,2.799E7,33490.0,26300.0,43190.0,19940.0,39550.0,0.0,7.514E-37,2.44E-37,1.3E-36,1.162E-36,1.154E-37,1.31E-38,3.263E-39,4.021E-39,2.025E-39,8.048999999999999E-39,2.08E-35,0.0,0.5811,1.166,1.738,0.9377,0.2052,0.00992,0.009218,0.007173,0.002979,0.01113,0.0,0.0,2.014E-4,6.619E-4,0.001403,0.9963,3.167E-5,3.605E-4,8.153E-4,5.231E-5,1.574E-4,0.0,0.01636,0.002365,0.002351,0.00233,0.1796,0.003883,0.004952,0.00139,3.922E-4,6.137E-4,
0.0,1498.0,128.0,129.1,89.32,0.8783,1.822,1.17,0.7207,0.308,0.5559,0.0,343.8,0.1172,1.111,0.09906,0.2064,0.3828,0.3653,0.1917,2.02,12.08,0.0,343.8,0.1172,1.111,0.09906,0.2064,0.3828,0.3653,0.1917,2.02,12.08,0.0,0.0,0.0,0.0,0.0,0.0,0.0,0.0,0.0,0.0,0.0,0.0,20.28,406.3,157.6,54.2,807.0,184.9,5.432,24.36,13.73,11.17,0.0,145.8,4.063,8.529,21.71,37.56,0.2779,0.06107,0.2516,0.1027,0.4303,0.0,0.0,0.0,0.0,0.0,0.0,0.0,0.0,0.0,0.0,0.0,0.0,0.0,0.0,0.0,0.0,0.0,0.0,0.0,0.0,0.0,0.0,0.0,0.0,6.068E-4,0.0,83620.0,112600.0,138800.0,105300.0,2.732E7,33850.0,25940.0,41900.0,19710.0,40050.0,0.0,7.52E-37,2.4739999999999997E-37,1.2990000000000001E-36,1.1210000000000001E-36,1.314E-37,1.3909999999999999E-38,9.126E-39,5.475E-39,3.867E-39,8.821E-39,2.08E-35,0.0,0.594,1.141,1.743,0.9244,0.2168,0.01025,0.01223,0.007917,0.003936,0.01191,0.0,0.0,2.014E-4,6.619E-4,0.001403,0.9963,3.167E-5,3.605E-4,8.153E-4,5.231E-5,1.574E-4,0.0,0.01638,0.002357,0.002361,0.002331,0.1794,0.003847,0.004952,0.001392,3.946E-4,6.055E-4,
0.0,1498.0,127.7,128.3,92.45,0.08698,3.528,1.161,0.7408,0.3075,0.5551,0.0,343.8,0.1163,1.111,0.09913,0.2064,0.3844,0.3605,0.1921,1.119,12.98,0.0,343.8,0.1163,1.111,0.09913,0.2064,0.3844,0.3605,0.1921,1.119,12.98,0.0,0.0,0.0,0.0,0.0,0.0,0.0,0.0,0.0,0.0,0.0,0.0,20.28,407.3,157.7,53.98,799.2,184.9,5.423,24.46,13.56,11.15,0.0,145.8,3.868,7.938,20.54,36.27,0.2557,0.06109,0.2327,0.1027,0.4303,0.0,0.0,0.0,0.0,0.0,0.0,0.0,0.0,0.0,0.0,0.0,0.0,0.0,0.0,0.0,0.0,0.0,0.0,0.0,0.0,0.0,0.0,0.0,0.0,5.858E-4,0.0,83680.0,114000.0,138600.0,103700.0,2.758E7,34700.0,25780.0,41630.0,19750.0,40710.0,0.0,7.52E-37,2.457E-37,1.279E-36,1.118E-36,1.146E-37,4.427E-38,9.112999999999999E-39,5.466E-39,3.865E-39,8.249999999999999E-39,2.08E-35,0.0,0.5941,1.136,1.725,0.9404,0.2059,0.02545,0.01214,0.007932,0.003925,0.01191,0.0,0.0,2.014E-4,6.619E-4,0.001403,0.9963,3.167E-5,3.605E-4,8.153E-4,5.231E-5,1.574E-4,0.0,0.01643,0.002345,0.002364,0.002344,0.1794,0.003847,0.004901,0.001392,3.932E-4,6.062E-4,
0.0,1508.0,121.7,125.6,97.33,0.08156,2.2,0.8044,0.575,0.2008,0.4509,0.0,343.8,0.1151,1.104,0.0982,0.2031,0.4039,0.3572,0.2385,1.191,12.86,0.0,343.8,0.1151,1.104,0.0982,0.2031,0.4039,0.3572,0.2385,1.191,12.86,0.0,0.0,0.0,0.0,0.0,0.0,0.0,0.0,0.0,0.0,0.0,0.0,20.28,408.8,158.5,51.72,790.7,195.3,3.586,23.67,13.63,8.805,0.0,145.8,3.716,7.884,14.6,36.43,0.2459,0.06114,0.1534,0.1029,0.4308,0.0,0.0,0.0,0.0,0.0,0.0,0.0,0.0,0.0,0.0,0.0,0.0,0.0,0.0,0.0,0.0,0.0,0.0,0.0,0.0,0.0,0.0,0.0,0.0,1.0E-4,0.0,83850.0,115200.0,142200.0,104700.0,2.837E7,33400.0,25840.0,41870.0,19130.0,39610.0,0.0,7.933E-37,2.265E-37,1.247E-36,1.1500000000000001E-36,1.15E-37,1.948E-38,2.922E-39,4.1599999999999996E-39,1.949E-39,6.087E-39,2.08E-35,0.0,0.6994,1.084,1.679,0.9414,0.2062,0.01322,0.008939,0.007189,0.002961,0.01103,0.0,0.0,2.014E-4,6.619E-4,0.001403,0.9963,3.167E-5,3.605E-4,8.153E-4,5.231E-5,1.574E-4,0.0,0.01648,0.002367,0.002361,0.002281,0.179,0.003892,0.00489,0.001388,3.907E-4,5.902E-4,
0.0,1504.0,126.7,126.0,99.11,0.09364,1.941,0.8646,0.5671,0.2138,0.4931,0.0,343.8,0.1128,1.115,0.09863,0.206,0.3857,0.3599,0.1938,0.5709,13.52,0.0,343.8,0.1128,1.115,0.09863,0.206,0.3857,0.3599,0.1938,0.5709,13.52,0.0,0.0,0.0,0.0,0.0,0.0,0.0,0.0,0.0,0.0,0.0,0.0,20.27,415.3,155.2,54.41,793.2,185.2,5.376,24.72,13.22,11.09,0.0,144.4,3.68,7.47,13.21,36.25,0.2391,0.06111,0.1372,0.1028,0.4304,0.0,0.0,0.0,0.0,0.0,0.0,0.0,0.0,0.0,0.0,0.0,0.0,0.0,0.0,0.0,0.0,0.0,0.0,0.0,0.0,0.0,0.0,0.0,0.0,1.0E-4,0.0,83910.0,114000.0,143800.0,107800.0,2.942E7,31560.0,26190.0,42690.0,18890.0,38620.0,0.0,7.468E-37,2.221E-37,1.2400000000000001E-36,1.1450000000000001E-36,1.131E-37,1.556E-38,3.852E-39,4.2489999999999995E-39,2.208E-39,6.281E-39,2.08E-35,0.0,0.6612,1.117,1.681,0.9393,0.2054,0.01112,0.009435,0.007171,0.003054,0.0113,0.0,0.0,2.014E-4,6.619E-4,0.001403,0.9963,3.167E-5,3.605E-4,8.153E-4,5.231E-5,1.574E-4,0.0,0.01652,0.002383,0.002336,0.002296,0.179,0.0038,0.004901,0.001392,4.004E-4,6.128E-4,
0.0,1504.0,123.9,127.1,98.89,2.588,1.936,0.864,0.5712,0.2182,0.4915,0.0,343.8,0.0909,1.104,0.1095,0.2274,0.3842,0.3594,0.1944,1.991,12.11,0.0,343.8,0.0909,1.104,0.1095,0.2274,0.3842,0.3594,0.1944,1.991,12.11,0.0,0.0,0.0,0.0,0.0,0.0,0.0,0.0,0.0,0.0,0.0,0.0,20.27,332.8,155.7,54.72,877.2,184.7,5.471,24.53,13.43,11.21,0.0,144.4,3.625,8.507,11.26,36.21,0.2397,0.06112,0.1334,0.1028,0.4304,0.0,0.0,0.0,0.0,0.0,0.0,0.0,0.0,0.0,0.0,0.0,0.0,0.0,0.0,0.0,0.0,0.0,0.0,0.0,0.0,0.0,0.0,0.0,0.0,1.0E-4,0.0,84000.0,112400.0,146200.0,106300.0,3.052E7,30880.0,26660.0,43810.0,19100.0,38540.0,0.0,7.468E-37,2.19E-37,1.226E-36,1.1430000000000001E-36,1.154E-37,1.553E-38,3.8449999999999996E-39,4.218E-39,2.2239999999999998E-39,5.982999999999999E-39,2.08E-35,0.0,0.6613,1.092,1.68,0.9405,0.227,0.0111,0.009428,0.007165,0.003108,0.01128,0.0,0.0,2.014E-4,6.619E-4,0.001403,0.9963,3.167E-5,3.605E-4,8.153E-4,5.231E-5,1.574E-4,0.0,0.01652,0.002311,0.002358,0.002285,0.1791,0.00374,0.004905,0.001401,4.105E-4,6.051E-4,
0.0,1505.0,124.9,122.0,91.17,3.08,1.932,0.8623,0.5777,0.2126,0.9039,0.0,343.8,0.1032,1.093,0.09947,0.2312,0.3865,0.3579,0.1962,1.955,12.14,0.0,343.8,0.1032,1.093,0.09947,0.2312,0.3865,0.3579,0.1962,1.955,12.14,0.0,0.0,0.0,0.0,0.0,0.0,0.0,0.0,0.0,0.0,0.0,0.0,20.27,324.4,165.3,54.51,874.3,184.6,5.475,25.13,12.79,11.16,0.0,144.4,3.623,9.265,20.49,36.16,0.2426,0.06081,0.1311,0.102,0.4298,0.0,0.0,0.0,0.0,0.0,0.0,0.0,0.0,0.0,0.0,0.0,0.0,0.0,0.0,0.0,0.0,0.0,0.0,0.0,0.0,0.0,0.0,0.0,0.0,1.0E-4,0.0,84060.0,113900.0,150900.0,109200.0,3.228E7,31150.0,27400.0,45660.0,19640.0,39400.0,0.0,7.493E-37,2.263E-37,1.2030000000000001E-36,1.134E-36,1.179E-37,1.549E-38,3.832E-39,4.2239999999999996E-39,2.19E-39,1.118E-38,2.08E-35,0.0,0.6658,1.102,1.654,0.9367,0.2316,0.01109,0.009418,0.007232,0.003049,0.01829,0.0,0.0,2.014E-4,6.619E-4,0.001403,0.9963,3.167E-5,3.605E-4,8.153E-4,5.231E-5,1.574E-4,0.0,0.01654,0.002276,0.002383,0.002283,0.1791,0.003737,0.004886,0.001406,4.132E-4,6.087E-4,
0.0,1497.0,132.6,123.8,93.3,2.611,1.951,0.8628,0.5805,0.2114,0.6395,0.0,343.8,0.09154,1.073,0.0997,0.2271,0.3877,0.3555,0.1418,1.905,12.28,0.0,343.8,0.09154,1.073,0.0997,0.2271,0.3877,0.3555,0.1418,1.905,12.28,0.0,0.0,0.0,0.0,0.0,0.0,0.0,0.0,0.0,0.0,0.0,0.0,20.26,321.7,169.5,54.67,873.4,184.6,5.47,25.23,12.66,11.54,0.0,142.2,3.66,9.101,18.97,36.14,0.221,0.06013,0.1307,0.102,0.4298,0.0,0.0,0.0,0.0,0.0,0.0,0.0,0.0,0.0,0.0,0.0,0.0,0.0,0.0,0.0,0.0,0.0,0.0,0.0,0.0,0.0,0.0,0.0,0.0,3.526E-4,0.0,84020.0,115900.0,150700.0,111500.0,3.363E7,31650.0,28060.0,47360.0,20320.0,40560.0,0.0,6.753E-37,2.1879999999999998E-37,1.202E-36,1.1290000000000001E-36,1.153E-37,1.544E-38,3.825E-39,4.2059999999999996E-39,2.1789999999999998E-39,8.003E-39,2.08E-35,0.0,0.6,1.151,1.67,0.9418,0.2269,0.01107,0.009418,0.007247,0.003035,0.01394,0.0,0.0,2.014E-4,6.619E-4,0.001403,0.9963,3.167E-5,3.605E-4,8.153E-4,5.231E-5,1.574E-4,0.0,0.01654,0.002275,0.002379,0.002286,0.1789,0.003718,0.004894,0.001401,4.134E-4,6.154E-4,
0.0,1497.0,133.8,119.7,91.18,2.612,3.459,0.8622,0.5807,0.2127,0.6381,0.0,343.8,0.09339,1.072,0.09766,0.2269,0.3864,0.3552,0.1424,2.009,12.18,0.0,343.8,0.09339,1.072,0.09766,0.2269,0.3864,0.3552,0.1424,2.009,12.18,0.0,0.0,0.0,0.0,0.0,0.0,0.0,0.0,0.0,0.0,0.0,0.0,20.26,320.7,173.4,54.86,872.2,184.6,5.474,25.18,12.73,11.58,0.0,142.2,3.284,6.997,21.42,38.98,0.1775,0.06019,0.1306,0.1022,0.4303,0.0,0.0,0.0,0.0,0.0,0.0,0.0,0.0,0.0,0.0,0.0,0.0,0.0,0.0,0.0,0.0,0.0,0.0,0.0,0.0,0.0,0.0,0.0,0.0,2.328E-4,0.0,84040.0,116000.0,143000.0,120600.0,3.164E7,32370.0,27570.0,46500.0,20970.0,41560.0,0.0,6.753E-37,2.183E-37,1.178E-36,1.094E-36,1.396E-37,2.886E-38,3.815E-39,4.184E-39,2.177E-39,6.929E-39,2.08E-35,0.0,0.6,1.161,1.595,0.9623,0.2501,0.02094,0.009412,0.007246,0.003042,0.01393,0.0,0.0,2.014E-4,6.619E-4,0.001403,0.9963,3.167E-5,3.605E-4,8.153E-4,5.231E-5,1.574E-4,0.0,0.01654,0.002253,0.002436,0.002291,0.1787,0.003723,0.004892,0.001405,4.129E-4,6.119E-4,
0.0,1497.0,129.4,123.2,86.86,2.622,2.061,0.8613,0.585,0.209,0.6359,0.0,343.8,0.08834,1.063,0.1133,0.2257,0.3792,0.3533,0.1456,2.074,12.12,0.0,343.8,0.08834,1.063,0.1133,0.2257,0.3792,0.3533,0.1456,2.074,12.12,0.0,0.0,0.0,0.0,0.0,0.0,0.0,0.0,0.0,0.0,0.0,0.0,20.26,324.9,170.5,54.97,874.8,184.6,5.476,25.7,12.16,11.55,0.0,142.2,2.799,7.457,31.84,34.32,0.1584,0.06019,0.1306,0.1022,0.4303,0.0,0.0,0.0,0.0,0.0,0.0,0.0,0.0,0.0,0.0,0.0,0.0,0.0,0.0,0.0,0.0,0.0,0.0,0.0,0.0,0.0,0.0,0.0,0.0,1.0E-4,0.0,84060.0,113800.0,135100.0,115600.0,3.022E7,30820.0,26820.0,44520.0,19810.0,39790.0,0.0,6.753E-37,2.198E-37,1.1930000000000001E-36,1.0920000000000001E-36,1.1649999999999999E-37,1.666E-38,3.806E-39,4.1879999999999996E-39,2.1479999999999998E-39,6.238E-39,2.08E-35,0.0,0.6,1.111,1.674,0.9996,0.1857,0.01163,0.009406,0.007303,0.002985,0.01392,0.0,0.0,2.014E-4,6.619E-4,0.001403,0.9963,3.167E-5,3.605E-4,8.153E-4,5.231E-5,1.574E-4,0.0,0.01657,0.002255,0.002412,0.002309,0.1787,0.003681,0.00489,0.001402,4.156E-4,6.017E-4,
0.0,1497.0,128.9,120.4,78.62,2.628,2.725,0.8596,0.5865,0.2088,0.6345,0.0,343.8,0.09161,1.044,0.1192,0.2255,0.3795,0.3524,0.355,1.591,12.39,0.0,343.8,0.09161,1.044,0.1192,0.2255,0.3795,0.3524,0.355,1.591,12.39,0.0,0.0,0.0,0.0,0.0,0.0,0.0,0.0,0.0,0.0,0.0,0.0,20.26,325.0,175.4,54.88,876.9,184.6,5.488,25.67,12.19,11.56,0.0,142.2,3.144,7.917,42.5,29.6,1.473,0.05992,0.1294,0.1014,0.4297,0.0,0.0,0.0,0.0,0.0,0.0,0.0,0.0,0.0,0.0,0.0,0.0,0.0,0.0,0.0,0.0,0.0,0.0,0.0,0.0,0.0,0.0,0.0,0.0,1.748E-4,0.0,84100.0,113500.0,130900.0,110700.0,2.975E7,30500.0,26310.0,43000.0,18780.0,38660.0,0.0,6.753E-37,2.2689999999999998E-37,1.183E-36,1.056E-36,1.1139999999999999E-37,4.271E-38,3.797E-39,4.184E-39,2.124E-39,5.75E-39,2.08E-35,0.0,0.6,1.107,1.637,1.005,0.1717,0.03001,0.009388,0.007304,0.002982,0.01392,0.0,0.0,2.014E-4,6.619E-4,0.001403,0.9963,3.167E-5,3.605E-4,8.153E-4,5.231E-5,1.574E-4,0.0,0.0166,0.002247,0.002433,0.002293,0.1787,0.003657,0.004884,0.001416,4.012E-4,6.006E-4,
0.0,1499.0,128.9,116.1,81.75,5.104,2.114,1.141,0.3213,0.1813,0.6243,0.0,343.8,0.1074,1.054,0.1047,0.2162,0.3891,0.4434,0.3038,1.51,12.42,0.0,343.8,0.1074,1.054,0.1047,0.2162,0.3891,0.4434,0.3038,1.51,12.42,0.0,0.0,0.0,0.0,0.0,0.0,0.0,0.0,0.0,0.0,0.0,0.0,20.26,318.7,176.1,54.44,882.8,184.8,26.03,9.747,7.604,11.53,0.0,142.2,2.741,6.467,45.28,27.24,0.241,0.05968,0.1287,0.1014,0.4296,0.0,0.0,0.0,0.0,0.0,0.0,0.0,0.0,0.0,0.0,0.0,0.0,0.0,0.0,0.0,0.0,0.0,0.0,0.0,0.0,0.0,0.0,0.0,0.0,1.0E-4,0.0,84160.0,114900.0,143800.0,98520.0,2.871E7,41830.0,27680.0,35390.0,18540.0,37690.0,0.0,7.068E-37,2.247E-37,1.178E-36,1.0530000000000001E-36,1.0209999999999999E-37,1.881E-38,5.254E-39,2.939E-39,1.902E-39,5.352E-39,2.08E-35,0.0,0.6187,1.115,1.595,1.025,0.1837,0.01348,0.01294,0.004026,0.00254,0.01387,0.0,0.0,3.198E-4,0.001352,9.167E-4,0.9958,4.436E-4,3.091E-4,6.991E-4,4.485E-5,1.349E-4,0.0,0.01662,0.00226,0.002546,0.002197,0.1782,0.003918,0.005499,5.002E-4,5.01E-4,5.557E-4,
0.0,1499.0,126.7,110.7,79.69,3.505,4.015,1.165,0.1546,0.1705,0.6193,0.0,343.8,0.08807,1.07,0.09887,0.225,0.3871,0.3517,0.2947,2.862,11.17,0.0,343.8,0.08807,1.07,0.09887,0.225,0.3871,0.3517,0.2947,2.862,11.17,0.0,0.0,0.0,0.0,0.0,0.0,0.0,0.0,0.0,0.0,0.0,0.0,20.26,310.9,165.8,60.27,888.2,185.3,31.32,7.575,4.961,11.39,0.0,142.2,2.702,8.69,48.87,30.78,0.2365,0.05973,0.1618,0.1014,0.4296,0.0,0.0,0.0,0.0,0.0,0.0,0.0,0.0,0.0,0.0,0.0,0.0,0.0,0.0,0.0,0.0,0.0,0.0,0.0,0.0,0.0,0.0,0.0,0.0,5.57E-4,0.0,84180.0,115000.0,155300.0,101100.0,2.74E7,41760.0,27660.0,35700.0,18750.0,37740.0,0.0,7.068E-37,2.027E-37,1.1720000000000001E-36,1.0340000000000001E-36,1.1759999999999999E-37,3.714E-38,5.606E-39,1.7379999999999998E-39,1.728E-39,5.0409999999999995E-39,2.08E-35,0.0,0.6187,1.082,1.604,1.016,0.2024,0.02895,0.01338,0.002657,0.002351,0.01381,0.0,0.0,3.342E-4,0.001413,9.579E-4,0.9956,4.635E-4,3.23E-4,7.305E-4,4.687E-5,1.41E-4,0.0,0.01664,0.002239,0.002585,0.00222,0.1777,0.00384,0.005309,6.706E-4,6.235E-4,5.223E-4,
0.0,1499.0,125.8,107.4,73.76,2.698,1.958,1.049,0.2089,0.2082,0.6181,0.0,343.8,0.088,1.071,0.09766,0.2118,0.3915,0.3335,0.3172,2.948,11.08,0.0,343.8,0.088,1.071,0.09766,0.2118,0.3915,0.3335,0.3172,2.948,11.08,0.0,0.0,0.0,0.0,0.0,0.0,0.0,0.0,0.0,0.0,0.0,0.0,20.26,310.6,185.8,34.29,897.6,186.9,21.52,13.48,8.121,11.44,0.0,142.2,2.674,12.34,59.71,27.69,0.289,0.06021,0.1402,0.1026,0.4306,0.0,0.0,0.0,0.0,0.0,0.0,0.0,0.0,0.0,0.0,0.0,0.0,0.0,0.0,0.0,0.0,0.0,0.0,0.0,0.0,0.0,0.0,0.0,0.0,1.0E-4,0.0,84180.0,113900.0,150700.0,93680.0,2.591E7,41660.0,28450.0,35230.0,18420.0,37550.0,0.0,7.068E-37,2.013E-37,1.171E-36,1.036E-36,1.064E-37,1.787E-38,5.3309999999999997E-39,1.814E-39,1.8059999999999998E-39,4.7999999999999997E-39,2.08E-35,0.0,0.6187,1.075,1.604,1.041,0.179,0.01356,0.01209,0.003227,0.002774,0.0138,0.0,0.0,3.575E-4,0.001512,0.001025,0.9953,4.958E-4,3.455E-4,7.814E-4,5.013E-5,1.508E-4,0.0,0.01664,0.002223,0.002806,0.002021,0.1774,0.003789,0.005625,5.282E-4,5.238E-4,5.154E-4,
0.0,1499.0,125.0,107.6,86.75,2.793,2.47,1.081,0.1295,0.1463,0.5929,0.0,343.8,0.08806,1.068,0.09541,0.212,0.3881,0.3531,0.3081,3.769,10.25,0.0,343.8,0.08806,1.068,0.09541,0.212,0.3881,0.3531,0.3081,3.769,10.25,0.0,0.0,0.0,0.0,0.0,0.0,0.0,0.0,0.0,0.0,0.0,0.0,20.26,310.1,186.4,34.32,898.8,185.0,31.89,8.646,5.064,11.45,0.0,142.2,2.633,10.38,48.56,27.5,0.2587,0.06022,0.1403,0.1026,0.4306,0.0,0.0,0.0,0.0,0.0,0.0,0.0,0.0,0.0,0.0,0.0,0.0,0.0,0.0,0.0,0.0,0.0,0.0,0.0,0.0,0.0,0.0,0.0,0.0,6.251E-4,0.0,84200.0,113200.0,150300.0,91150.0,2.473E7,41550.0,27560.0,35080.0,18770.0,37910.0,0.0,7.068E-37,1.8999999999999998E-37,1.1430000000000001E-36,1.049E-36,1.061E-37,2.81E-38,4.049E-39,1.3209999999999999E-39,1.2669999999999999E-39,4.216E-39,2.08E-35,0.0,0.6187,1.067,1.598,1.044,0.1792,0.02196,0.01266,0.002401,0.002152,0.01358,0.0,0.0,3.699E-4,0.001564,0.00106,0.9951,5.13E-4,3.575E-4,8.085E-4,5.187E-5,1.561E-4,0.0,0.01664,0.002222,0.002781,0.00204,0.1771,0.003787,0.005342,7.061E-4,6.391E-4,5.094E-4,
0.0,1500.0,128.2,106.0,90.4,2.795,3.242,1.082,0.1297,0.1509,0.5872,0.0,343.8,0.1131,1.039,0.09945,0.2116,0.3853,0.3535,0.3081,4.219,9.799,0.0,343.8,0.1131,1.039,0.09945,0.2116,0.3853,0.3535,0.3081,4.219,9.799,0.0,0.0,0.0,0.0,0.0,0.0,0.0,0.0,0.0,0.0,0.0,0.0,20.26,310.5,185.9,34.39,897.8,185.0,31.98,8.655,4.962,11.44,0.0,143.9,2.615,7.78,42.83,27.47,0.2737,0.06015,0.1402,0.1024,0.4302,0.0,0.0,0.0,0.0,0.0,0.0,0.0,0.0,0.0,0.0,0.0,0.0,0.0,0.0,0.0,0.0,0.0,0.0,0.0,0.0,0.0,0.0,0.0,0.0,7.725E-4,0.0,84370.0,113600.0,151000.0,89710.0,2.367E7,41640.0,27350.0,34490.0,19250.0,38720.0,0.0,7.1069999999999995E-37,2.068E-37,1.115E-36,1.0420000000000001E-36,1.06E-37,2.872E-38,4.0079999999999996E-39,1.316E-39,1.277E-39,4.037E-39,2.08E-35,0.0,0.6271,1.098,1.57,1.03,0.1792,0.02461,0.01267,0.002402,0.002214,0.0135,0.0,0.0,3.699E-4,0.001564,0.00106,0.9951,5.13E-4,3.575E-4,8.085E-4,5.187E-5,1.561E-4,0.0,0.01667,0.002214,0.002802,0.00202,0.1772,0.003762,0.005352,7.076E-4,6.472E-4,4.903E-4,
0.0,1500.0,124.3,110.3,93.2,0.1641,2.684,0.9726,0.1989,0.1899,0.5866,0.0,343.8,0.08372,1.077,0.09502,0.2118,0.3814,0.3093,0.3387,4.49,9.54,0.0,343.8,0.08372,1.077,0.09502,0.2118,0.3814,0.3093,0.3387,4.49,9.54,0.0,0.0,0.0,0.0,0.0,0.0,0.0,0.0,0.0,0.0,0.0,0.0,20.26,314.6,181.2,34.95,896.1,185.0,22.73,14.51,8.144,11.46,0.0,143.9,3.013,7.205,40.47,30.1,0.2393,0.06015,0.1402,0.1024,0.4302,0.0,0.0,0.0,0.0,0.0,0.0,0.0,0.0,0.0,0.0,0.0,0.0,0.0,0.0,0.0,0.0,0.0,0.0,0.0,0.0,0.0,0.0,0.0,0.0,1.001E-4,0.0,84380.0,116900.0,154900.0,90560.0,2.371E7,42460.0,28280.0,34580.0,19670.0,40110.0,0.0,7.1069999999999995E-37,1.916E-37,1.133E-36,1.0370000000000001E-36,1.06E-37,1.759E-38,3.766E-39,1.444E-39,1.34E-39,3.9179999999999996E-39,2.08E-35,0.0,0.6271,1.064,1.606,1.037,0.1792,0.01662,0.01146,0.003171,0.002639,0.01351,0.0,0.0,3.699E-4,0.001564,0.00106,0.9951,5.13E-4,3.575E-4,8.085E-4,5.187E-5,1.561E-4,0.0,0.01667,0.002224,0.002788,0.002024,0.1771,0.003758,0.005626,5.365E-4,5.52E-4,4.862E-4,
0.0,1500.0,124.6,111.4,93.19,0.326,2.086,0.973,0.2007,0.187,0.5857,0.0,343.8,0.08578,1.039,0.1286,0.2126,0.3813,0.3094,0.363,4.672,9.333,0.0,343.8,0.08578,1.039,0.1286,0.2126,0.3813,0.3094,0.363,4.672,9.333,0.0,0.0,0.0,0.0,0.0,0.0,0.0,0.0,0.0,0.0,0.0,0.0,20.26,316.6,177.3,38.16,894.3,185.5,22.86,14.63,7.92,11.47,0.0,143.9,3.391,9.191,35.99,30.26,0.5566,0.05986,0.139,0.1016,0.4296,0.0,0.0,0.0,0.0,0.0,0.0,0.0,0.0,0.0,0.0,0.0,0.0,0.0,0.0,0.0,0.0,0.0,0.0,0.0,0.0,0.0,0.0,0.0,0.0,1.0E-4,0.0,84480.0,118700.0,160800.0,91410.0,2.426E7,41930.0,28370.0,35140.0,19300.0,39440.0,0.0,7.174E-37,1.952E-37,1.115E-36,1.025E-36,1.0839999999999999E-37,1.909E-38,3.7199999999999996E-39,1.4449999999999999E-39,1.313E-39,3.824E-39,2.08E-35,0.0,0.6361,1.07,1.592,1.029,0.1829,0.01877,0.01147,0.003187,0.002605,0.01349,0.0,0.0,3.699E-4,0.001564,0.00106,0.9951,5.13E-4,3.575E-4,8.085E-4,5.187E-5,1.561E-4,0.0,0.01671,0.002232,0.002725,0.002059,0.1772,0.003743,0.005624,5.411E-4,5.455E-4,4.836E-4,
0.0,1500.0,124.4,107.9,92.11,0.08611,2.279,0.973,0.2008,0.1864,0.5853,0.0,343.9,0.08451,1.06,0.1037,0.2128,0.3792,0.3094,0.3636,4.693,9.311,0.0,343.9,0.08451,1.06,0.1037,0.2128,0.3792,0.3094,0.3636,4.693,9.311,0.0,0.0,0.0,0.0,0.0,0.0,0.0,0.0,0.0,0.0,0.0,0.0,20.26,316.2,180.2,38.37,893.8,185.1,22.93,14.5,7.962,11.47,0.0,143.9,2.941,10.71,38.54,30.91,0.2629,0.05989,0.139,0.1016,0.4296,0.0,0.0,0.0,0.0,0.0,0.0,0.0,0.0,0.0,0.0,0.0,0.0,0.0,0.0,0.0,0.0,0.0,0.0,0.0,0.0,0.0,0.0,0.0,0.0,1.0E-4,0.0,84590.0,119900.0,171000.0,91840.0,2.521E7,41390.0,28660.0,36250.0,19190.0,38820.0,0.0,7.174E-37,1.9189999999999997E-37,1.099E-36,1.019E-36,1.0829999999999999E-37,2.4219999999999997E-38,3.687E-39,1.439E-39,1.304E-39,3.744E-39,2.08E-35,0.0,0.6361,1.063,1.584,1.032,0.1827,0.01968,0.01147,0.003183,0.002605,0.01349,0.0,0.0,3.699E-4,0.001564,0.00106,0.9951,5.13E-4,3.575E-4,8.085E-4,5.187E-5,1.561E-4,0.0,0.01676,0.002223,0.002751,0.002061,0.1772,0.003693,0.005621,5.44E-4,5.478E-4,4.779E-4,
0.0,1502.0,126.6,111.0,90.31,2.453,2.056,1.007,0.2258,0.1955,0.5837,0.0,343.9,0.08035,1.063,0.1004,0.2214,0.3752,0.3094,0.3639,4.68,9.324,0.0,343.9,0.08035,1.063,0.1004,0.2214,0.3752,0.3094,0.3639,4.68,9.324,0.0,0.0,0.0,0.0,0.0,0.0,0.0,0.0,0.0,0.0,0.0,0.0,20.26,326.6,155.7,58.45,886.9,185.4,22.87,13.5,7.744,11.5,0.0,143.9,4.089,7.225,33.86,30.98,0.1974,0.09803,0.1461,0.1137,0.4302,0.0,0.0,0.0,0.0,0.0,0.0,0.0,0.0,0.0,0.0,0.0,0.0,0.0,0.0,0.0,0.0,0.0,0.0,0.0,0.0,0.0,0.0,0.0,0.0,4.486E-4,0.0,84640.0,128300.0,174500.0,107500.0,2.638E7,41850.0,29030.0,36940.0,19100.0,38250.0,0.0,7.348E-37,2.1669999999999998E-37,1.131E-36,9.121999999999999E-37,1.3099999999999999E-37,1.931E-38,4.0609999999999996E-39,1.642E-39,1.414E-39,3.68E-39,2.08E-35,0.0,0.6494,1.08,1.593,0.9664,0.2138,0.01578,0.01144,0.003281,0.002568,0.01348,0.0,0.0,3.699E-4,0.001564,0.00106,0.9951,5.13E-4,3.575E-4,8.085E-4,5.187E-5,1.561E-4,0.0,0.01678,0.002282,0.002611,0.002091,0.1769,0.003686,0.005618,5.468E-4,5.516E-4,4.689E-4,
0.0,1503.0,124.7,111.4,93.82,0.06636,2.057,1.072,0.1794,0.1855,0.5826,0.0,343.9,0.07718,1.092,0.09983,0.1956,0.3722,0.33,0.3499,4.666,9.331,0.0,343.9,0.07718,1.092,0.09983,0.1956,0.3722,0.33,0.3499,4.666,9.331,0.0,0.0,0.0,0.0,0.0,0.0,0.0,0.0,0.0,0.0,0.0,0.0,20.26,333.3,124.3,48.17,922.0,185.5,27.41,10.85,6.556,11.48,0.0,143.9,2.912,7.075,35.08,30.06,0.1817,0.06548,0.1319,0.1035,0.4302,0.0,0.0,0.0,0.0,0.0,0.0,0.0,0.0,0.0,0.0,0.0,0.0,0.0,0.0,0.0,0.0,0.0,0.0,0.0,0.0,0.0,0.0,0.0,0.0,4.333E-4,0.0,84770.0,131300.0,158100.0,100900.0,2.775E7,41870.0,29180.0,38570.0,19040.0,37630.0,0.0,7.381E-37,1.976E-37,1.1500000000000001E-36,9.242E-37,9.877E-38,1.907E-38,3.977E-39,1.3229999999999999E-39,1.3259999999999999E-39,3.625E-39,2.08E-35,0.0,0.6639,1.054,1.641,0.9796,0.1627,0.01558,0.01184,0.002522,0.002351,0.01348,0.0,0.0,3.699E-4,0.001564,0.00106,0.9951,5.13E-4,3.575E-4,8.085E-4,5.187E-5,1.561E-4,0.0,0.01683,0.002294,0.002525,0.002055,0.177,0.003636,0.005488,6.379E-4,6.097E-4,4.64E-4,
0.0,1489.0,146.0,110.7,94.27,0.06765,2.064,1.075,0.18,0.1972,0.5716,0.0,343.9,0.08043,1.086,0.1023,0.1952,0.3724,0.3304,0.38,4.562,9.404,0.0,343.9,0.08043,1.086,0.1023,0.1952,0.3724,0.3304,0.38,4.562,9.404,0.0,0.0,0.0,0.0,0.0,0.0,0.0,0.0,0.0,0.0,0.0,0.0,20.22,320.9,123.2,48.5,927.0,185.6,27.42,11.07,6.486,11.43,0.0,139.7,2.812,6.764,32.26,30.03,0.1722,0.06248,0.1314,0.1024,0.4299,0.0,0.0,0.0,0.0,0.0,0.0,0.0,0.0,0.0,0.0,0.0,0.0,0.0,0.0,0.0,0.0,0.0,0.0,0.0,0.0,0.0,0.0,0.0,0.0,4.126E-4,0.0,84890.0,122700.0,153800.0,99030.0,2.926E7,42450.0,29670.0,39860.0,19050.0,36700.0,0.0,6.169E-37,2.033E-37,1.134E-36,8.934E-37,9.877E-38,1.896E-38,3.942E-39,1.32E-39,1.3349999999999999E-39,3.555E-39,2.08E-35,0.0,0.5503,1.198,1.623,0.9664,0.1627,0.01556,0.01185,0.002521,0.002428,0.0134,0.0,0.0,3.699E-4,0.001564,0.00106,0.9951,5.13E-4,3.575E-4,8.085E-4,5.187E-5,1.561E-4,0.0,0.01684,0.002285,0.002503,0.002045,0.177,0.003614,0.00549,6.402E-4,6.311E-4,4.372E-4,
0.0,1489.0,145.8,113.2,94.6,0.2715,2.087,1.103,0.1866,0.1639,0.278,0.0,343.9,0.09538,1.06,0.1027,0.1986,0.3697,0.3412,0.4671,4.151,9.724,0.0,343.9,0.09538,1.06,0.1027,0.1986,0.3697,0.3412,0.4671,4.151,9.724,0.0,0.0,0.0,0.0,0.0,0.0,0.0,0.0,0.0,0.0,0.0,0.0,20.22,318.4,126.0,49.33,921.8,185.8,29.69,11.88,3.692,11.11,0.0,139.7,2.82,6.1,30.46,30.03,0.1476,0.06145,0.1315,0.1021,0.4298,0.0,0.0,0.0,0.0,0.0,0.0,0.0,0.0,0.0,0.0,0.0,0.0,0.0,0.0,0.0,0.0,0.0,0.0,0.0,0.0,0.0,0.0,0.0,0.0,4.125E-4,0.0,84980.0,124000.0,153500.0,98490.0,3.081E7,42820.0,29970.0,40640.0,18850.0,36590.0,0.0,6.169E-37,1.997E-37,1.131E-36,8.827999999999999E-37,9.88E-38,1.873E-38,3.947E-39,1.3229999999999999E-39,1.262E-39,4.55E-39,2.08E-35,0.0,0.5504,1.197,1.634,0.9599,0.1652,0.0155,0.01214,0.002594,0.002056,0.007654,0.0,0.0,3.699E-4,0.001564,0.00106,0.9951,5.13E-4,3.575E-4,8.085E-4,5.187E-5,1.561E-4,0.0,0.01688,0.002289,0.002504,0.002039,0.1768,0.003578,0.005458,6.311E-4,6.695E-4,4.395E-4,
0.0,1491.0,142.9,113.4,79.99,0.08503,2.422,0.7013,0.191,0.1646,0.2713,0.0,343.9,0.07863,1.095,0.1012,0.1826,0.5227,0.1848,0.6276,3.854,9.854,0.0,343.9,0.07863,1.095,0.1012,0.1826,0.5227,0.1848,0.6276,3.854,9.854,0.0,0.0,0.0,0.0,0.0,0.0,0.0,0.0,0.0,0.0,0.0,0.0,20.22,317.6,125.3,48.98,920.0,206.1,9.049,12.03,3.65,11.06,0.0,144.2,2.923,13.72,35.58,28.27,0.1237,0.06059,0.1302,0.1019,0.4295,0.0,0.0,0.0,0.0,0.0,0.0,0.0,0.0,0.0,0.0,0.0,0.0,0.0,0.0,0.0,0.0,0.0,0.0,0.0,0.0,0.0,0.0,0.0,0.0,6.339E-4,0.0,85310.0,131900.0,152600.0,145100.0,2.954E7,43500.0,24470.0,36090.0,18600.0,36070.0,0.0,6.4259999999999994E-37,1.979E-37,1.109E-36,8.72E-37,9.419E-38,1.869E-38,3.109E-39,1.298E-39,1.225E-39,4.4649999999999995E-39,2.08E-35,0.0,0.5687,1.169,1.663,0.9369,0.1701,0.01951,0.007641,0.002632,0.002056,0.007553,0.0,0.0,6.101E-4,5.733E-4,0.002383,0.9949,4.263E-4,2.97E-4,6.718E-4,4.31E-5,1.297E-4,0.0,0.01691,0.002322,0.002455,0.002176,0.1768,0.004692,0.004297,6.24E-4,6.582E-4,4.32E-4,
0.0,1491.0,144.9,112.4,82.04,0.0807,2.461,0.675,0.198,0.1697,0.2697,0.0,343.9,0.09549,1.072,0.1031,0.1823,0.5257,0.1709,0.2079,3.588,10.55,0.0,343.9,0.09549,1.072,0.1031,0.1823,0.5257,0.1709,0.2079,3.588,10.55,0.0,0.0,0.0,0.0,0.0,0.0,0.0,0.0,0.0,0.0,0.0,0.0,20.22,312.9,132.0,48.3,918.4,208.1,6.5,12.61,3.664,11.08,0.0,144.2,3.058,7.425,39.54,26.98,0.1161,0.06009,0.1293,0.1017,0.429,0.0,0.0,0.0,0.0,0.0,0.0,0.0,0.0,0.0,0.0,0.0,0.0,0.0,0.0,0.0,0.0,0.0,0.0,0.0,0.0,0.0,0.0,0.0,0.0,6.982E-4,0.0,85360.0,133800.0,142200.0,106400.0,2.784E7,43890.0,24260.0,36080.0,18920.0,36750.0,0.0,6.427E-37,2.154E-37,1.089E-36,8.595E-37,8.925E-38,1.875E-38,3.101E-39,1.307E-39,1.241E-39,4.452E-39,2.08E-35,0.0,0.5687,1.194,1.626,0.9512,0.1628,0.01983,0.007336,0.002708,0.002102,0.007532,0.0,0.0,6.453E-4,6.064E-4,7.895E-4,0.9963,4.509E-4,3.142E-4,7.106E-4,4.559E-5,1.372E-4,0.0,0.01693,0.0023,0.002461,0.001951,0.1763,0.004712,0.004257,6.301E-4,6.731E-4,4.239E-4,
0.0,1483.0,153.2,116.1,84.27,0.07975,2.729,0.6029,0.1955,0.1705,0.2687,0.0,343.9,0.08913,1.071,0.1082,0.1848,0.5528,0.1447,0.1263,3.002,11.22,0.0,343.9,0.08913,1.071,0.1082,0.1848,0.5528,0.1447,0.1263,3.002,11.22,0.0,0.0,0.0,0.0,0.0,0.0,0.0,0.0,0.0,0.0,0.0,0.0,20.2,314.8,130.9,48.59,908.5,209.2,5.63,12.45,3.668,11.07,0.0,141.6,3.109,6.569,36.33,26.9,0.1143,0.05984,0.1281,0.1009,0.4284,0.0,0.0,0.0,0.0,0.0,0.0,0.0,0.0,0.0,0.0,0.0,0.0,0.0,0.0,0.0,0.0,0.0,0.0,0.0,0.0,0.0,0.0,0.0,0.0,7.913E-4,0.0,85320.0,136500.0,141700.0,104500.0,2.608E7,46710.0,22370.0,36380.0,19480.0,38070.0,0.0,5.7259999999999994E-37,2.0829999999999997E-37,1.0920000000000001E-36,8.461E-37,9.128E-38,2.058E-38,2.9719999999999996E-39,1.2989999999999999E-39,1.228E-39,4.4029999999999996E-39,2.08E-35,0.0,0.5098,1.237,1.642,0.9433,0.1662,0.02236,0.006545,0.002678,0.002105,0.007521,0.0,0.0,6.886E-4,6.472E-4,8.426E-4,0.9961,4.812E-4,3.353E-4,7.583E-4,4.866E-5,1.464E-4,0.0,0.01692,0.002321,0.002458,0.001954,0.1762,0.005469,0.003513,6.351E-4,6.725E-4,4.213E-4,
0.0,1484.0,153.8,115.6,81.71,0.08282,2.742,0.6017,0.1787,0.1708,0.2685,0.0,343.9,0.08933,1.07,0.11,0.1833,0.5598,0.1442,0.1083,1.857,12.37,0.0,343.9,0.08933,1.07,0.11,0.1833,0.5598,0.1442,0.1083,1.857,12.37,0.0,0.0,0.0,0.0,0.0,0.0,0.0,0.0,0.0,0.0,0.0,0.0,20.2,315.7,130.8,48.52,913.7,210.6,5.504,11.06,3.673,11.09,0.0,141.6,2.932,6.187,38.17,26.93,0.1142,0.05998,0.1282,0.1009,0.4284,0.0,0.0,0.0,0.0,0.0,0.0,0.0,0.0,0.0,0.0,0.0,0.0,0.0,0.0,0.0,0.0,0.0,0.0,0.0,0.0,0.0,0.0,0.0,0.0,6.01E-4,0.0,85400.0,138200.0,142400.0,103400.0,2.511E7,48690.0,22470.0,37240.0,20250.0,39640.0,0.0,5.811E-37,2.016E-37,1.085E-36,8.322E-37,9.03E-38,2.0459999999999999E-38,2.937E-39,1.2669999999999999E-39,1.217E-39,4.356E-39,2.08E-35,0.0,0.521,1.236,1.641,0.9332,0.1645,0.02254,0.006533,0.002491,0.002108,0.007522,0.0,0.0,7.305E-4,6.866E-4,8.939E-4,0.9958,5.105E-4,3.557E-4,8.045E-4,5.162E-5,1.553E-4,0.0,0.01693,0.002324,0.00246,0.001952,0.1759,0.005563,0.003448,6.15E-4,6.746E-4,4.175E-4,
0.0,1484.0,151.8,107.5,75.62,0.1106,2.7,0.6014,0.1234,0.1709,0.2678,0.0,343.9,0.08941,1.055,0.1146,0.1917,0.5809,0.1443,0.08568,2.29,11.94,0.0,343.9,0.08941,1.055,0.1146,0.1917,0.5809,0.1443,0.08568,2.29,11.94,0.0,0.0,0.0,0.0,0.0,0.0,0.0,0.0,0.0,0.0,0.0,0.0,20.2,314.8,117.2,61.2,907.9,215.1,5.513,6.261,3.649,11.05,0.0,141.6,3.363,8.038,48.04,30.76,0.3177,0.06019,0.1282,0.1009,0.4285,0.0,0.0,0.0,0.0,0.0,0.0,0.0,0.0,0.0,0.0,0.0,0.0,0.0,0.0,0.0,0.0,0.0,0.0,0.0,0.0,0.0,0.0,0.0,0.0,1.001E-4,0.0,85460.0,142100.0,143500.0,104600.0,2.464E7,49440.0,22310.0,37170.0,20640.0,40120.0,0.0,5.811E-37,2.028E-37,1.06E-36,8.131E-37,1.133E-37,1.987E-38,2.9069999999999997E-39,1.172E-39,1.2089999999999999E-39,4.3039999999999996E-39,2.08E-35,0.0,0.521,1.225,1.618,0.9417,0.1857,0.02292,0.006533,0.001878,0.00211,0.007513,0.0,0.0,7.305E-4,6.866E-4,8.939E-4,0.9958,5.105E-4,3.557E-4,8.045E-4,5.162E-5,1.553E-4,0.0,0.01694,0.002344,0.00232,0.002091,0.176,0.005635,0.00344,5.441E-4,6.769E-4,4.132E-4,
0.0,1484.0,150.1,109.6,74.31,0.3834,2.692,0.6024,0.1229,0.1725,0.267,0.0,343.9,0.07709,1.052,0.1276,0.1933,0.5798,0.1782,0.1183,2.533,11.63,0.0,343.9,0.07709,1.052,0.1276,0.1933,0.5798,0.1782,0.1183,2.533,11.63,0.0,0.0,0.0,0.0,0.0,0.0,0.0,0.0,0.0,0.0,0.0,0.0,20.2,313.6,117.4,61.19,907.8,215.0,5.557,6.297,3.675,11.12,0.0,141.6,3.347,10.35,46.34,30.85,0.3259,0.06029,0.1284,0.1012,0.4291,0.0,0.0,0.0,0.0,0.0,0.0,0.0,0.0,0.0,0.0,0.0,0.0,0.0,0.0,0.0,0.0,0.0,0.0,0.0,0.0,0.0,0.0,0.0,0.0,1.001E-4,0.0,85480.0,142000.0,141100.0,103000.0,2.481E7,48370.0,22250.0,37390.0,20070.0,38650.0,0.0,5.811E-37,1.9419999999999998E-37,1.059E-36,8.09E-37,1.133E-37,1.9559999999999999E-38,2.8889999999999997E-39,1.165E-39,1.1999999999999999E-39,4.256E-39,2.08E-35,0.0,0.521,1.206,1.63,0.9464,0.1878,0.02279,0.006537,0.001881,0.002121,0.007513,0.0,0.0,7.305E-4,6.866E-4,8.939E-4,0.9958,5.105E-4,3.557E-4,8.045E-4,5.162E-5,1.553E-4,0.0,0.01695,0.00232,0.002315,0.002094,0.1758,0.005598,0.003447,5.385E-4,6.837E-4,4.069E-4,
0.0,1470.0,163.6,110.0,75.8,0.4724,2.679,0.6029,0.1235,0.1731,0.2671,0.0,343.9,0.0784,1.063,0.116,0.1934,0.5772,0.1449,0.04816,2.1,12.17,0.0,343.9,0.0784,1.063,0.116,0.1934,0.5772,0.1449,0.04816,2.1,12.17,0.0,0.0,0.0,0.0,0.0,0.0,0.0,0.0,0.0,0.0,0.0,0.0,20.17,319.5,116.8,59.32,909.5,214.8,5.591,6.333,3.692,11.16,0.0,137.6,3.45,7.845,49.93,30.86,0.3322,0.05972,0.1282,0.101,0.4292,0.0,0.0,0.0,0.0,0.0,0.0,0.0,0.0,0.0,0.0,0.0,0.0,0.0,0.0,0.0,0.0,0.0,0.0,0.0,0.0,0.0,0.0,0.0,0.0,1.0E-4,0.0,85410.0,141900.0,136500.0,100100.0,2.557E7,47840.0,22470.0,38340.0,19750.0,37210.0,0.0,4.7229999999999995E-37,2.0219999999999997E-37,1.038E-36,8.117E-37,1.1339999999999999E-37,1.933E-38,2.8809999999999998E-39,1.162E-39,1.192E-39,4.207E-39,2.08E-35,0.0,0.4234,1.267,1.635,0.9705,0.1887,0.02272,0.006534,0.001886,0.002125,0.007516,0.0,0.0,7.305E-4,6.866E-4,8.939E-4,0.9958,5.105E-4,3.557E-4,8.045E-4,5.162E-5,1.553E-4,0.0,0.01694,0.002361,0.002312,0.002082,0.1756,0.005521,0.003455,5.386E-4,6.851E-4,4.034E-4,
0.0,1474.0,163.8,110.0,69.53,0.5083,2.676,0.6044,0.1254,0.1736,0.2701,0.0,343.9,0.08966,1.039,0.1209,0.1943,0.5723,0.1476,0.05782,0.4606,13.8,0.0,343.9,0.08966,1.039,0.1209,0.1943,0.5723,0.1476,0.05782,0.4606,13.8,0.0,0.0,0.0,0.0,0.0,0.0,0.0,0.0,0.0,0.0,0.0,0.0,20.17,317.6,120.9,60.04,910.9,213.8,5.776,6.512,3.798,11.39,0.0,137.7,4.095,7.772,50.52,30.86,0.3276,0.05934,0.1282,0.1011,0.4296,0.0,0.0,0.0,0.0,0.0,0.0,0.0,0.0,0.0,0.0,0.0,0.0,0.0,0.0,0.0,0.0,0.0,0.0,0.0,0.0,0.0,0.0,0.0,0.0,1.002E-4,0.0,85590.0,140400.0,132800.0,96760.0,2.659E7,47640.0,22490.0,38000.0,18650.0,35630.0,0.0,4.98E-37,2.116E-37,1.0130000000000001E-36,7.846E-37,1.1349999999999999E-37,1.918E-38,2.864E-39,1.163E-39,1.185E-39,4.1679999999999995E-39,2.08E-35,0.0,0.4417,1.273,1.622,0.9495,0.189,0.02261,0.006546,0.001902,0.002134,0.007548,0.0,0.0,7.305E-4,6.866E-4,8.939E-4,0.9958,5.105E-4,3.557E-4,8.045E-4,5.162E-5,1.553E-4,0.0,0.01696,0.002356,0.002313,0.002084,0.1756,0.005489,0.003457,5.51E-4,6.737E-4,4.095E-4,
0.0,1474.0,162.6,109.9,70.55,0.7336,2.486,0.6046,0.1268,0.1743,0.2716,0.0,343.9,0.1265,1.009,0.1124,0.1977,0.5672,0.1478,0.05843,0.4608,13.8,0.0,343.9,0.1265,1.009,0.1124,0.1977,0.5672,0.1478,0.05843,0.4608,13.8,0.0,0.0,0.0,0.0,0.0,0.0,0.0,0.0,0.0,0.0,0.0,0.0,20.17,320.1,121.4,60.03,907.1,213.1,5.884,6.611,3.843,11.5,0.0,137.7,3.765,7.831,50.31,30.69,0.3243,0.05922,0.1282,0.1011,0.4295,0.0,0.0,0.0,0.0,0.0,0.0,0.0,0.0,0.0,0.0,0.0,0.0,0.0,0.0,0.0,0.0,0.0,0.0,0.0,0.0,0.0,0.0,0.0,0.0,4.498E-4,0.0,85660.0,141400.0,133800.0,95680.0,2.785E7,47480.0,22740.0,38210.0,17980.0,34720.0,0.0,4.98E-37,2.286E-37,9.845E-37,7.820999999999999E-37,1.149E-37,1.741E-38,2.8399999999999998E-39,1.162E-39,1.1769999999999999E-39,4.126E-39,2.08E-35,0.0,0.4418,1.289,1.595,0.9567,0.1902,0.02082,0.006546,0.001917,0.002142,0.007564,0.0,0.0,7.305E-4,6.866E-4,8.939E-4,0.9958,5.105E-4,3.557E-4,8.045E-4,5.162E-5,1.553E-4,0.0,0.01698,0.002364,0.002303,0.002065,0.1756,0.005449,0.003456,5.525E-4,6.743E-4,4.112E-4,
0.0,1474.0,153.0,115.7,70.28,0.5262,2.009,0.6038,0.3443,0.1748,0.2719,0.0,343.9,0.1084,1.045,0.1018,0.1954,0.5571,0.1475,0.05887,0.461,13.8,0.0,343.9,0.1084,1.045,0.1018,0.1954,0.5571,0.1475,0.05887,0.461,13.8,0.0,0.0,0.0,0.0,0.0,0.0,0.0,0.0,0.0,0.0,0.0,0.0,20.17,322.5,124.5,57.65,902.1,213.9,5.911,6.65,3.867,11.54,0.0,137.7,4.122,7.769,52.11,32.38,0.321,0.05888,0.127,0.1003,0.4288,0.0,0.0,0.0,0.0,0.0,0.0,0.0,0.0,0.0,0.0,0.0,0.0,0.0,0.0,0.0,0.0,0.0,0.0,0.0,0.0,0.0,0.0,0.0,0.0,1.001E-4,0.0,85730.0,143300.0,135800.0,98350.0,2.932E7,48060.0,23160.0,39230.0,17870.0,34900.0,0.0,4.98E-37,2.215E-37,9.773999999999999E-37,7.846E-37,1.153E-37,1.0769999999999999E-38,2.832E-39,2.658E-39,1.1659999999999999E-39,4.081E-39,2.08E-35,0.0,0.4418,1.2,1.678,0.9595,0.1897,0.01444,0.006541,0.003799,0.002144,0.007566,0.0,0.0,7.305E-4,6.866E-4,8.939E-4,0.9958,5.105E-4,3.557E-4,8.045E-4,5.162E-5,1.553E-4,0.0,0.01699,0.002419,0.002251,0.002052,0.1753,0.005371,0.003434,5.644E-4,6.753E-4,4.089E-4,
0.0,1476.0,154.9,114.6,67.39,0.4749,1.524,0.5837,0.3371,0.172,0.2469,0.0,343.9,0.1239,1.022,0.1008,0.1866,0.2842,0.1397,0.05578,0.461,14.1,0.0,343.9,0.1239,1.022,0.1008,0.1866,0.2842,0.1397,0.05578,0.461,14.1,0.0,0.0,0.0,0.0,0.0,0.0,0.0,0.0,0.0,0.0,0.0,0.0,20.17,307.5,137.4,57.0,898.4,227.9,2.954,6.137,3.753,7.606,0.0,137.7,3.87,7.124,51.37,33.53,0.3265,0.05983,0.1294,0.1005,0.4291,0.0,0.0,0.0,0.0,0.0,0.0,0.0,0.0,0.0,0.0,0.0,0.0,0.0,0.0,0.0,0.0,0.0,0.0,0.0,0.0,0.0,0.0,0.0,0.0,6.593E-4,0.0,85900.0,139000.0,135600.0,95050.0,2.848E7,66280.0,21390.0,35430.0,17900.0,34750.0,0.0,5.094E-37,2.4729999999999997E-37,9.544999999999999E-37,7.632E-37,1.075E-37,1.358E-38,2.7639999999999998E-39,2.576E-39,1.16E-39,3.968E-39,2.08E-35,0.0,0.4687,1.222,1.678,0.9254,0.17,0.01459,0.006428,0.003747,0.00212,0.007428,0.0,0.0,0.00108,4.531E-4,7.365E-4,0.9956,9.846E-4,2.931E-4,6.629E-4,4.253E-5,1.28E-4,0.0,0.01705,0.002447,0.002274,0.001976,0.1752,0.005473,0.003423,5.313E-4,6.739E-4,3.886E-4,
0.0,1476.0,152.7,117.4,69.98,0.4787,1.522,0.5833,0.3371,0.1726,0.2465,0.0,343.9,0.1108,1.044,0.0919,0.1859,0.2838,0.1396,0.04956,0.4881,14.08,0.0,343.9,0.1108,1.044,0.0919,0.1859,0.2838,0.1396,0.04956,0.4881,14.08,0.0,0.0,0.0,0.0,0.0,0.0,0.0,0.0,0.0,0.0,0.0,0.0,20.17,307.2,139.2,56.09,894.3,229.3,2.978,6.186,3.773,7.622,0.0,137.7,3.749,6.89,48.59,33.51,0.3263,0.05988,0.1294,0.1005,0.4291,0.0,0.0,0.0,0.0,0.0,0.0,0.0,0.0,0.0,0.0,0.0,0.0,0.0,0.0,0.0,0.0,0.0,0.0,0.0,0.0,0.0,0.0,0.0,0.0,2.235E-4,0.0,85980.0,138900.0,135800.0,96080.0,2.697E7,64430.0,21260.0,35330.0,18370.0,35720.0,0.0,5.094E-37,2.255E-37,9.689E-37,7.599999999999999E-37,1.074E-37,1.358E-38,2.744E-39,2.493E-39,1.154E-39,3.92E-39,2.08E-35,0.0,0.4687,1.196,1.706,0.9234,0.17,0.01458,0.006424,0.003748,0.002127,0.007423,0.0,0.0,0.001111,4.66E-4,7.574E-4,0.9955,0.001012,3.014E-4,6.817E-4,4.374E-5,1.316E-4,0.0,0.01707,0.002472,0.002256,0.001974,0.1749,0.005468,0.003423,5.36E-4,6.763E-4,3.848E-4,
0.0,1473.0,153.3,118.4,72.63,0.4695,1.512,0.5836,0.3377,0.1723,0.2474,0.0,343.9,0.1134,1.042,0.09191,0.1854,0.281,0.1403,0.05161,0.483,14.08,0.0,343.9,0.1134,1.042,0.09191,0.1854,0.281,0.1403,0.05161,0.483,14.08,0.0,0.0,0.0,0.0,0.0,0.0,0.0,0.0,0.0,0.0,0.0,0.0,20.16,308.3,139.3,56.33,892.1,228.6,3.078,6.388,3.857,7.697,0.0,136.7,3.68,6.747,48.51,33.48,0.326,0.05997,0.1296,0.1003,0.4287,0.0,0.0,0.0,0.0,0.0,0.0,0.0,0.0,0.0,0.0,0.0,0.0,0.0,0.0,0.0,0.0,0.0,0.0,0.0,0.0,0.0,0.0,0.0,0.0,5.227E-4,0.0,86090.0,141700.0,137500.0,99590.0,2.624E7,65500.0,22040.0,37320.0,18940.0,37030.0,0.0,4.856E-37,2.246E-37,9.551E-37,7.652E-37,1.074E-37,1.35E-38,2.729E-39,2.414E-39,1.149E-39,3.875E-39,2.08E-35,0.0,0.4469,1.187,1.706,0.9516,0.1699,0.01447,0.006426,0.003753,0.002127,0.00743,0.0,0.0,0.001263,5.298E-4,8.611E-4,0.9949,0.001151,3.427E-4,7.751E-4,4.973E-5,1.496E-4,0.0,0.0171,0.002495,0.002252,0.001993,0.1744,0.005448,0.003433,5.455E-4,6.737E-4,3.922E-4,
0.0,1461.0,161.4,120.8,73.27,0.3952,1.505,0.5838,0.3384,0.1731,0.2472,0.0,343.9,0.1211,1.037,0.09037,0.184,0.278,0.1397,0.04976,0.2165,14.35,0.0,343.9,0.1211,1.037,0.09037,0.184,0.278,0.1397,0.04976,0.2165,14.35,0.0,0.0,0.0,0.0,0.0,0.0,0.0,0.0,0.0,0.0,0.0,0.0,20.14,309.9,139.8,56.8,894.0,227.7,3.192,6.616,3.974,7.79,0.0,133.3,3.083,8.335,50.18,34.94,0.3263,0.06053,0.1314,0.1015,0.4297,0.0,0.0,0.0,0.0,0.0,0.0,0.0,0.0,0.0,0.0,0.0,0.0,0.0,0.0,0.0,0.0,0.0,0.0,0.0,0.0,0.0,0.0,0.0,0.0,1.001E-4,0.0,86040.0,141300.0,134100.0,98540.0,2.507E7,64360.0,21870.0,37100.0,19310.0,37890.0,0.0,4.041E-37,2.2889999999999997E-37,9.543E-37,7.588E-37,1.0829999999999999E-37,1.344E-38,2.721E-39,2.342E-39,1.147E-39,3.834E-39,2.08E-35,0.0,0.3719,1.207,1.749,0.9588,0.1699,0.01439,0.00643,0.003764,0.002135,0.007433,0.0,0.0,0.001298,5.446E-4,8.853E-4,0.9947,0.001183,3.523E-4,7.968E-4,5.112E-5,1.538E-4,0.0,0.01709,0.002539,0.00223,0.001994,0.1742,0.005426,0.003438,5.507E-4,6.771E-4,3.918E-4,
0.0,1461.0,144.5,133.5,75.68,2.941,1.501,0.5848,0.3398,0.1751,0.2464,0.0,343.9,0.1161,1.038,0.09452,0.1844,0.2741,0.1401,0.04916,0.4889,14.08,0.0,343.9,0.1161,1.038,0.09452,0.1844,0.2741,0.1401,0.04916,0.4889,14.08,0.0,0.0,0.0,0.0,0.0,0.0,0.0,0.0,0.0,0.0,0.0,0.0,20.14,312.7,139.2,57.36,892.0,225.9,3.396,7.03,4.157,7.93,0.0,133.3,3.089,7.801,48.92,35.17,0.326,0.06033,0.1313,0.1015,0.4297,0.0,0.0,0.0,0.0,0.0,0.0,0.0,0.0,0.0,0.0,0.0,0.0,0.0,0.0,0.0,0.0,0.0,0.0,0.0,0.0,0.0,0.0,0.0,0.0,1.0E-4,0.0,86140.0,140000.0,129800.0,96100.0,2.442E7,62920.0,21470.0,35930.0,19050.0,37890.0,0.0,4.041E-37,2.164E-37,9.388E-37,7.694E-37,1.1029999999999999E-37,1.334E-38,2.707E-39,2.279E-39,1.149E-39,3.794E-39,2.08E-35,0.0,0.372,1.074,1.831,0.9725,0.2032,0.01427,0.006436,0.003779,0.002148,0.00743,0.0,0.0,0.001298,5.446E-4,8.853E-4,0.9947,0.001183,3.523E-4,7.968E-4,5.112E-5,1.538E-4,0.0,0.01713,0.002531,0.002214,0.002001,0.1742,0.005381,0.003443,5.459E-4,6.849E-4,3.847E-4,
0.0,1464.0,146.4,128.4,74.4,0.2373,3.085,0.5855,0.3442,0.1761,0.2477,0.0,343.9,0.1318,1.02,0.09751,0.1845,0.2689,0.1403,0.04974,0.4878,14.08,0.0,343.9,0.1318,1.02,0.09751,0.1845,0.2689,0.1403,0.04974,0.4878,14.08,0.0,0.0,0.0,0.0,0.0,0.0,0.0,0.0,0.0,0.0,0.0,0.0,20.14,300.5,155.2,57.49,884.3,221.4,3.905,8.018,4.61,8.276,0.0,133.3,3.574,8.338,47.18,37.87,0.3258,0.0602,0.1313,0.1014,0.4297,0.0,0.0,0.0,0.0,0.0,0.0,0.0,0.0,0.0,0.0,0.0,0.0,0.0,0.0,0.0,0.0,0.0,0.0,0.0,0.0,0.0,0.0,0.0,0.0,1.0E-4,0.0,86320.0,137100.0,127700.0,94460.0,2.464E7,62700.0,21520.0,35930.0,19020.0,37700.0,0.0,4.421E-37,2.329E-37,9.113E-37,7.219E-37,1.1029999999999999E-37,2.493E-38,2.707E-39,2.232E-39,1.1549999999999999E-39,3.7639999999999996E-39,2.08E-35,0.0,0.4048,1.107,1.775,0.9462,0.2032,0.02815,0.006439,0.00382,0.002156,0.007442,0.0,0.0,0.001298,5.446E-4,8.853E-4,0.9947,0.001183,3.523E-4,7.968E-4,5.112E-5,1.538E-4,0.0,0.01719,0.002484,0.002259,0.001983,0.1741,0.005325,0.003454,5.43E-4,6.86E-4,3.871E-4,
0.0,1464.0,146.2,120.3,86.23,0.1494,1.813,0.5834,0.3441,0.1768,0.2808,0.0,343.9,0.1301,0.9987,0.1192,0.1845,0.2667,0.1405,0.05053,0.5303,14.03,0.0,343.9,0.1301,0.9987,0.1192,0.1845,0.2667,0.1405,0.05053,0.5303,14.03,0.0,0.0,0.0,0.0,0.0,0.0,0.0,0.0,0.0,0.0,0.0,0.0,20.14,298.8,159.1,57.59,879.6,220.8,3.964,8.104,4.645,8.222,0.0,133.3,3.596,13.13,39.53,37.96,0.3252,0.06016,0.1313,0.1014,0.4301,0.0,0.0,0.0,0.0,0.0,0.0,0.0,0.0,0.0,0.0,0.0,0.0,0.0,0.0,0.0,0.0,0.0,0.0,0.0,0.0,0.0,0.0,0.0,0.0,5.403E-4,0.0,86400.0,135400.0,127300.0,93300.0,2.527E7,61280.0,21610.0,35960.0,18420.0,36060.0,0.0,4.421E-37,2.339E-37,9.081E-37,7.241E-37,1.1029999999999999E-37,1.455E-38,2.7269999999999997E-39,2.1649999999999998E-39,1.1549999999999999E-39,4.5639999999999995E-39,2.08E-35,0.0,0.4048,1.098,1.712,1.025,0.2032,0.01624,0.006415,0.003823,0.002176,0.007388,0.0,0.0,0.001298,5.446E-4,8.853E-4,0.9947,0.001183,3.523E-4,7.968E-4,5.112E-5,1.538E-4,0.0,0.01721,0.002459,0.002258,0.00199,0.1741,0.005251,0.003451,5.43E-4,7.036E-4,3.715E-4,
0.0,1469.0,145.8,123.9,87.7,0.143,1.807,0.5835,0.3442,0.1771,0.2491,0.0,343.9,0.1194,1.016,0.1074,0.1841,0.2648,0.1406,0.04926,0.4808,14.09,0.0,343.9,0.1194,1.016,0.1074,0.1841,0.2648,0.1406,0.04926,0.4808,14.09,0.0,0.0,0.0,0.0,0.0,0.0,0.0,0.0,0.0,0.0,0.0,0.0,20.14,301.9,161.7,57.88,882.3,220.6,3.997,8.182,4.704,8.463,0.0,134.4,3.817,8.716,30.65,37.88,0.3251,0.05994,0.1302,0.101,0.43,0.0,0.0,0.0,0.0,0.0,0.0,0.0,0.0,0.0,0.0,0.0,0.0,0.0,0.0,0.0,0.0,0.0,0.0,0.0,0.0,0.0,0.0,0.0,0.0,1.0E-4,0.0,86680.0,136200.0,128600.0,93800.0,2.631E7,61290.0,22010.0,36790.0,18350.0,35840.0,0.0,4.592E-37,2.378E-37,9.371E-37,6.622E-37,1.101E-37,1.448E-38,2.716E-39,2.099E-39,1.149E-39,4.381E-39,2.08E-35,0.0,0.4526,1.097,1.712,0.9634,0.203,0.01618,0.006414,0.003822,0.002177,0.006956,0.0,0.0,0.001298,5.446E-4,8.853E-4,0.9947,0.001183,3.523E-4,7.968E-4,5.112E-5,1.538E-4,0.0,0.01726,0.002463,0.002261,0.001934,0.1737,0.005163,0.003459,5.428E-4,7.017E-4,3.727E-4,
0.0,1469.0,149.9,123.2,87.28,0.1375,1.827,0.583,0.344,0.1771,0.2493,0.0,343.9,0.1195,1.013,0.1095,0.184,0.2638,0.1405,0.04907,0.474,14.09,0.0,343.9,0.1195,1.013,0.1095,0.184,0.2638,0.1405,0.04907,0.474,14.09,0.0,0.0,0.0,0.0,0.0,0.0,0.0,0.0,0.0,0.0,0.0,0.0,20.13,304.0,162.6,57.9,881.5,220.4,4.016,8.218,4.704,8.433,0.0,133.0,3.597,8.269,28.8,37.87,0.3246,0.05995,0.1302,0.101,0.43,0.0,0.0,0.0,0.0,0.0,0.0,0.0,0.0,0.0,0.0,0.0,0.0,0.0,0.0,0.0,0.0,0.0,0.0,0.0,0.0,0.0,0.0,0.0,0.0,4.484E-4,0.0,86770.0,138000.0,131000.0,95270.0,2.76E7,61280.0,22450.0,37920.0,18050.0,35270.0,0.0,4.53E-37,2.271E-37,9.285999999999999E-37,6.502E-37,1.101E-37,1.45E-38,2.698E-39,2.038E-39,1.143E-39,4.38E-39,2.08E-35,0.0,0.4626,1.112,1.701,0.943,0.2029,0.01631,0.006408,0.00382,0.002177,0.006957,0.0,0.0,0.001298,5.446E-4,8.853E-4,0.9947,0.001183,3.523E-4,7.968E-4,5.112E-5,1.538E-4,0.0,0.01729,0.002403,0.002254,0.001913,0.1739,0.005104,0.003457,5.42E-4,6.999E-4,3.737E-4,
0.0,1471.0,149.2,124.5,87.96,1.253,1.853,0.5782,0.3357,0.1741,0.2468,0.0,343.9,0.1152,1.037,0.09205,0.1788,0.2692,0.1394,0.04705,0.4735,14.09,0.0,343.9,0.1152,1.037,0.09205,0.1788,0.2692,0.1394,0.04705,0.4735,14.09,0.0,0.0,0.0,0.0,0.0,0.0,0.0,0.0,0.0,0.0,0.0,0.0,20.13,302.9,158.6,61.55,876.5,229.8,3.065,5.987,3.71,7.677,0.0,133.0,3.615,7.663,23.99,38.19,0.3251,0.06005,0.1304,0.1013,0.4305,0.0,0.0,0.0,0.0,0.0,0.0,0.0,0.0,0.0,0.0,0.0,0.0,0.0,0.0,0.0,0.0,0.0,0.0,0.0,0.0,0.0,0.0,0.0,0.0,1.003E-4,0.0,86870.0,141000.0,139300.0,98550.0,2.901E7,61840.0,22990.0,39360.0,18140.0,35440.0,0.0,4.633E-37,2.12E-37,9.296999999999999E-37,6.418E-37,1.112E-37,1.475E-38,2.658E-39,1.913E-39,1.1119999999999999E-39,4.3579999999999996E-39,2.08E-35,0.0,0.4798,1.112,1.715,0.902,0.2068,0.0166,0.006356,0.003737,0.002148,0.006935,0.0,0.0,0.001298,5.446E-4,8.853E-4,0.9947,0.001183,3.523E-4,7.968E-4,5.112E-5,1.538E-4,0.0,0.01732,0.002422,0.002265,0.001853,0.1735,0.005091,0.003447,5.171E-4,6.946E-4,3.69E-4,
0.0,1473.0,148.0,122.7,90.85,0.1318,1.167,0.576,0.4061,0.09881,0.2257,0.0,343.9,0.1197,1.034,0.09111,0.1765,0.2675,0.1388,0.09242,0.303,14.22,0.0,343.9,0.1197,1.034,0.09111,0.1765,0.2675,0.1388,0.09242,0.303,14.22,0.0,0.0,0.0,0.0,0.0,0.0,0.0,0.0,0.0,0.0,0.0,0.0,20.13,307.7,160.9,56.07,872.3,229.9,3.138,5.319,3.744,7.697,0.0,133.0,3.419,8.018,22.06,39.24,0.3258,0.06008,0.1334,0.1013,0.4306,0.0,0.0,0.0,0.0,0.0,0.0,0.0,0.0,0.0,0.0,0.0,0.0,0.0,0.0,0.0,0.0,0.0,0.0,0.0,0.0,0.0,0.0,0.0,0.0,1.0E-4,0.0,86980.0,143300.0,140000.0,100200.0,3.055E7,61820.0,23550.0,41420.0,16560.0,35220.0,0.0,4.734E-37,2.0839999999999998E-37,9.272E-37,6.355E-37,1.079E-37,9.897E-39,2.6369999999999997E-39,1.877E-39,1.064E-39,4.229E-39,2.08E-35,0.0,0.497,1.102,1.703,0.9118,0.2017,0.01058,0.006334,0.004441,0.001413,0.006645,0.0,0.0,0.001298,5.446E-4,8.853E-4,0.9947,0.001183,3.523E-4,7.968E-4,5.112E-5,1.538E-4,0.0,0.01735,0.002397,0.002273,0.001824,0.1735,0.00507,0.003446,9.162E-4,2.914E-4,3.694E-4,
0.0,1476.0,147.8,118.8,89.87,0.1339,1.135,0.5749,0.407,0.09947,0.2252,0.0,343.9,0.1195,1.012,0.09248,0.1806,0.2654,0.1382,0.09312,0.7599,13.77,0.0,343.9,0.1195,1.012,0.09248,0.1806,0.2654,0.1382,0.09312,0.7599,13.77,0.0,0.0,0.0,0.0,0.0,0.0,0.0,0.0,0.0,0.0,0.0,0.0,20.13,312.0,161.5,57.98,866.4,229.2,3.351,6.33,3.872,8.03,0.0,133.0,3.284,8.107,20.34,41.37,0.3285,0.06019,0.1382,0.1016,0.9515,0.0,0.0,0.0,0.0,0.0,0.0,0.0,0.0,0.0,0.0,0.0,0.0,0.0,0.0,0.0,0.0,0.0,0.0,0.0,0.0,0.0,0.0,0.0,0.0,5.108E-4,0.0,87160.0,147400.0,139700.0,103400.0,3.13E7,62390.0,23820.0,43300.0,16770.0,35980.0,0.0,4.932E-37,2.074E-37,8.957999999999999E-37,6.185E-37,1.173E-37,9.943E-39,2.6279999999999997E-39,1.832E-39,1.066E-39,6.405E-39,2.08E-35,0.0,0.5316,1.099,1.679,0.8839,0.2097,0.01054,0.006324,0.004463,0.001418,0.008482,0.0,0.0,0.001298,5.446E-4,8.853E-4,0.9947,0.001183,3.523E-4,7.968E-4,5.112E-5,1.538E-4,0.0,0.01741,0.002409,0.002228,0.001814,0.1734,0.005038,0.003445,9.241E-4,2.92E-4,3.822E-4,
0.0,1481.0,147.4,119.1,85.77,0.1339,1.116,0.5765,0.4082,0.1027,0.2232,0.0,343.9,0.1191,1.011,0.0924,0.1799,0.2605,0.1387,0.09473,1.977,12.56,0.0,343.9,0.1191,1.011,0.0924,0.1799,0.2605,0.1387,0.09473,1.977,12.56,0.0,0.0,0.0,0.0,0.0,0.0,0.0,0.0,0.0,0.0,0.0,0.0,20.13,310.4,164.5,58.51,868.9,227.8,3.629,6.669,4.024,8.259,0.0,133.0,3.247,7.928,19.74,40.97,0.3284,0.06013,0.138,0.1016,0.8843,0.0,0.0,0.0,0.0,0.0,0.0,0.0,0.0,0.0,0.0,0.0,0.0,0.0,0.0,0.0,0.0,0.0,0.0,0.0,0.0,0.0,0.0,0.0,0.0,9.544E-4,0.0,87440.0,142400.0,135700.0,98000.0,2.891E7,57900.0,22610.0,39720.0,15350.0,34130.0,0.0,5.17E-37,2.072E-37,8.898E-37,5.8709999999999994E-37,1.16E-37,9.828999999999999E-39,2.63E-39,1.78E-39,1.072E-39,6.12E-39,2.08E-35,0.0,0.5727,1.095,1.679,0.8446,0.2085,0.0104,0.006285,0.004475,0.001466,0.008226,0.0,0.0,0.001298,5.446E-4,8.853E-4,0.9947,0.001183,3.523E-4,7.968E-4,5.112E-5,1.538E-4,0.0,0.01752,0.002392,0.002235,0.001779,0.1732,0.004962,0.003446,9.219E-4,3.034E-4,3.723E-4,
0.0,1469.0,151.6,126.0,88.49,0.02187,1.318,0.6058,0.4162,0.1133,0.2302,0.0,343.9,0.1353,0.977,0.1039,0.1811,0.2607,0.1399,0.09181,2.151,12.38,0.0,343.9,0.1353,0.977,0.1039,0.1811,0.2607,0.1399,0.09181,2.151,12.38,0.0,0.0,0.0,0.0,0.0,0.0,0.0,0.0,0.0,0.0,0.0,0.0,20.11,334.2,149.5,53.67,872.3,226.5,3.92,7.044,4.192,8.388,0.0,130.0,4.541,8.92,16.64,40.78,0.2371,0.06006,0.1379,0.1016,0.8843,0.0,0.0,0.0,0.0,0.0,0.0,0.0,0.0,0.0,0.0,0.0,0.0,0.0,0.0,0.0,0.0,0.0,0.0,0.0,0.0,0.0,0.0,0.0,0.0,1.0E-4,0.0,87420.0,141600.0,131700.0,93190.0,2.814E7,56950.0,22150.0,38590.0,14860.0,33070.0,0.0,4.408E-37,2.485E-37,8.492E-37,5.996E-37,1.225E-37,9.309999999999999E-39,2.419E-39,1.6839999999999998E-39,1.008E-39,6.066E-39,2.08E-35,0.0,0.4883,1.122,1.703,0.8583,0.214,0.01193,0.006502,0.004536,0.001544,0.00828,0.0,0.0,0.001298,5.446E-4,8.853E-4,0.9947,0.001183,3.523E-4,7.968E-4,5.112E-5,1.538E-4,0.0,0.01752,0.002401,0.002268,0.001727,0.1732,0.00494,0.003429,9.511E-4,2.928E-4,3.689E-4,
0.0,1462.0,163.7,124.3,89.42,0.02745,1.309,0.6069,0.4172,0.1146,0.2299,0.0,343.9,0.1439,0.9768,0.09724,0.1798,0.2571,0.1398,0.09264,2.077,12.46,0.0,343.9,0.1439,0.9768,0.09724,0.1798,0.2571,0.1398,0.09264,2.077,12.46,0.0,0.0,0.0,0.0,0.0,0.0,0.0,0.0,0.0,0.0,0.0,0.0,20.09,335.0,146.7,55.67,869.1,223.9,4.461,7.757,4.521,8.628,0.0,128.0,2.888,7.915,16.88,41.19,0.2607,0.06051,0.1398,0.1028,0.8854,0.0,0.0,0.0,0.0,0.0,0.0,0.0,0.0,0.0,0.0,0.0,0.0,0.0,0.0,0.0,0.0,0.0,0.0,0.0,0.0,0.0,0.0,0.0,0.0,5.966E-4,0.0,87420.0,142200.0,128000.0,93050.0,2.833E7,57010.0,22130.0,38320.0,14700.0,32990.0,0.0,3.963E-37,2.251E-37,8.353E-37,5.9799999999999996E-37,1.195E-37,9.047E-39,2.416E-39,1.649E-39,1.0129999999999999E-39,6.069999999999999E-39,2.08E-35,0.0,0.4391,1.182,1.685,0.8692,0.2116,0.01172,0.006512,0.004548,0.001558,0.008282,0.0,0.0,0.001298,5.446E-4,8.853E-4,0.9947,0.001183,3.523E-4,7.968E-4,5.112E-5,1.538E-4,0.0,0.01753,0.002407,0.002224,0.001759,0.1732,0.004903,0.00343,9.565E-4,2.963E-4,3.683E-4,
0.0,1462.0,159.7,125.9,91.73,0.02727,1.301,0.6087,0.418,0.1156,0.2295,0.0,343.9,0.1136,0.9969,0.1052,0.1825,0.2543,0.1403,0.1052,2.14,12.38,0.0,343.9,0.1136,0.9969,0.1052,0.1825,0.2543,0.1403,0.1052,2.14,12.38,0.0,0.0,0.0,0.0,0.0,0.0,0.0,0.0,0.0,0.0,0.0,0.0,20.09,335.9,149.7,55.66,869.8,221.0,4.754,7.474,4.178,8.326,0.0,128.0,2.882,7.858,16.23,41.48,0.2617,0.06156,0.1441,0.1056,0.8877,0.0,0.0,0.0,0.0,0.0,0.0,0.0,0.0,0.0,0.0,0.0,0.0,0.0,0.0,0.0,0.0,0.0,0.0,0.0,0.0,0.0,0.0,0.0,0.0,5.138E-4,0.0,87560.0,142200.0,134900.0,93980.0,2.911E7,57290.0,21690.0,35870.0,12870.0,32040.0,0.0,4.034E-37,1.928E-37,8.436E-37,6.005E-37,1.231E-37,8.959E-39,2.42E-39,1.65E-39,1.0419999999999999E-39,6.090999999999999E-39,2.08E-35,0.0,0.4491,1.138,1.699,0.8812,0.217,0.01166,0.006545,0.004612,0.001601,0.008311,0.0,0.0,0.001298,5.446E-4,8.853E-4,0.9947,0.001183,3.523E-4,7.968E-4,5.112E-5,1.538E-4,0.0,0.01756,0.002397,0.002234,0.001762,0.1732,0.00481,0.003433,9.47E-4,2.915E-4,3.598E-4,
0.0,1462.0,157.7,122.6,91.83,5.217,1.286,0.615,0.4259,0.122,0.2493,0.0,343.9,0.1465,0.9687,0.1016,0.1805,0.2496,0.1419,0.1055,2.781,11.74,0.0,343.9,0.1465,0.9687,0.1016,0.1805,0.2496,0.1419,0.1055,2.781,11.74,0.0,0.0,0.0,0.0,0.0,0.0,0.0,0.0,0.0,0.0,0.0,0.0,20.09,335.1,147.6,54.31,871.8,220.6,5.12,8.477,4.865,8.883,0.0,128.0,2.604,6.426,24.09,35.0,0.2794,0.02412,0.07451,0.05684,0.7548,0.0,0.0,0.0,0.0,0.0,0.0,0.0,0.0,0.0,0.0,0.0,0.0,0.0,0.0,0.0,0.0,0.0,0.0,0.0,0.0,0.0,0.0,0.0,0.0,1.0E-4,0.0,87800.0,141800.0,127600.0,95710.0,3.028E7,62670.0,22490.0,38850.0,14600.0,34010.0,0.0,4.034E-37,2.1269999999999998E-37,8.099E-37,6.1629999999999995E-37,1.102E-37,8.881E-39,2.317E-39,1.4019999999999999E-39,8.883E-40,5.5979999999999995E-39,2.08E-35,0.0,0.4493,1.126,1.662,0.9065,0.2392,0.01158,0.006393,0.004378,0.001434,0.007782,0.0,0.0,0.001298,5.446E-4,8.853E-4,0.9947,0.001183,3.523E-4,7.968E-4,5.112E-5,1.538E-4,0.0,0.01761,0.002384,0.002184,0.001755,0.1733,0.00466,0.003389,9.819E-4,3.015E-4,3.624E-4,
0.0,1465.0,154.1,125.2,89.52,4.673,1.296,0.6092,0.42,0.1174,0.2277,0.0,343.9,0.127,0.9814,0.1038,0.1847,0.2474,0.1421,0.1077,3.04,11.48,0.0,343.9,0.127,0.9814,0.1038,0.1847,0.2474,0.1421,0.1077,3.04,11.48,0.0,0.0,0.0,0.0,0.0,0.0,0.0,0.0,0.0,0.0,0.0,0.0,20.09,336.1,148.1,54.9,871.6,219.9,5.315,8.856,5.036,9.04,0.0,128.0,2.56,6.891,24.4,35.5,0.2804,0.02959,0.08295,0.06272,0.7754,0.0,0.0,0.0,0.0,0.0,0.0,0.0,0.0,0.0,0.0,0.0,0.0,0.0,0.0,0.0,0.0,0.0,0.0,0.0,0.0,0.0,0.0,0.0,0.0,1.0E-4,0.0,87940.0,145600.0,125700.0,96800.0,3.162E7,63990.0,22920.0,39520.0,14890.0,34690.0,0.0,4.253E-37,2.011E-37,8.112E-37,5.885E-37,1.129E-37,8.791E-39,2.2999999999999998E-39,1.3619999999999999E-39,8.854E-40,5.574E-39,2.08E-35,0.0,0.4723,1.102,1.674,0.888,0.2433,0.01154,0.006382,0.004382,0.001432,0.007747,0.0,0.0,0.001298,5.446E-4,8.853E-4,0.9947,0.001183,3.523E-4,7.968E-4,5.112E-5,1.538E-4,0.0,0.01765,0.002365,0.002178,0.001731,0.1732,0.004569,0.003405,9.694E-4,3.1E-4,3.598E-4,
0.0,1465.0,148.4,124.1,88.18,9.972,1.291,0.6089,0.4204,0.1173,0.2277,0.0,343.9,0.1093,0.9922,0.105,0.1898,0.2463,0.1406,0.1136,3.035,11.48,0.0,343.9,0.1093,0.9922,0.105,0.1898,0.2463,0.1406,0.1136,3.035,11.48,0.0,0.0,0.0,0.0,0.0,0.0,0.0,0.0,0.0,0.0,0.0,0.0,20.09,315.8,153.1,54.75,884.0,219.8,5.322,8.894,5.048,9.02,0.0,128.0,2.571,7.574,25.11,36.02,0.2807,0.02991,0.08415,0.06352,0.7761,0.0,0.0,0.0,0.0,0.0,0.0,0.0,0.0,0.0,0.0,0.0,0.0,0.0,0.0,0.0,0.0,0.0,0.0,0.0,0.0,0.0,0.0,0.0,0.0,4.078E-4,0.0,87990.0,146500.0,127600.0,101000.0,3.317E7,65860.0,23580.0,40590.0,15290.0,35970.0,0.0,4.291E-37,1.701E-37,8.169E-37,5.781E-37,1.346E-37,8.744E-39,2.2919999999999998E-39,1.3279999999999999E-39,8.857E-40,5.574E-39,2.08E-35,0.0,0.4775,1.044,1.687,0.8788,0.289,0.01154,0.006382,0.004389,0.001435,0.007749,0.0,0.0,0.001298,5.446E-4,8.853E-4,0.9947,0.001183,3.523E-4,7.968E-4,5.112E-5,1.538E-4,0.0,0.01766,0.002287,0.002173,0.001739,0.1734,0.004508,0.003438,9.451E-4,3.238E-4,3.602E-4,
0.0,1466.0,143.7,121.5,81.34,4.741,1.305,0.6094,0.4214,0.1169,0.2259,0.0,343.9,0.1595,1.186,0.1515,0.4316,0.2444,0.1406,0.1144,3.035,10.89,0.0,343.9,0.1595,1.186,0.1515,0.4316,0.2444,0.1406,0.1144,3.035,10.89,0.0,0.0,0.0,0.0,0.0,0.0,0.0,0.0,0.0,0.0,0.0,0.0,20.09,318.7,156.2,52.74,871.5,219.0,5.468,9.034,5.104,10.05,0.0,128.0,3.122,12.25,33.82,40.44,0.2806,0.02995,0.08416,0.06353,0.759,0.0,0.0,0.0,0.0,0.0,0.0,0.0,0.0,0.0,0.0,0.0,0.0,0.0,0.0,0.0,0.0,0.0,0.0,0.0,0.0,0.0,0.0,0.0,0.0,3.954E-4,0.0,88050.0,151500.0,133900.0,108600.0,3.474E7,67950.0,24180.0,41870.0,15670.0,41380.0,0.0,4.318E-37,1.645E-37,8.034E-37,5.72E-37,1.417E-37,8.689E-39,2.2869999999999998E-39,1.297E-39,8.853E-40,7.471E-39,2.08E-35,0.0,0.4864,1.016,1.698,0.8717,0.2976,0.01158,0.006386,0.004397,0.001432,0.01014,0.0,0.0,0.001298,5.446E-4,8.853E-4,0.9947,0.001183,3.523E-4,7.968E-4,5.112E-5,1.538E-4,0.0,0.01767,0.002282,0.002173,0.001699,0.1731,0.004438,0.003441,9.482E-4,3.203E-4,3.675E-4,
0.0,1462.0,150.7,116.1,80.8,3.227,1.289,0.6098,0.4233,0.1172,0.2285,0.0,343.9,0.1102,1.067,0.09822,0.3909,0.2437,0.1402,0.1151,3.035,11.14,0.0,343.9,0.1102,1.067,0.09822,0.3909,0.2437,0.1402,0.1151,3.035,11.14,0.0,0.0,0.0,0.0,0.0,0.0,0.0,0.0,0.0,0.0,0.0,0.0,20.08,318.0,161.5,50.3,873.0,218.3,5.589,9.171,5.182,8.746,0.0,131.6,3.31,12.71,30.55,43.52,0.2966,0.02988,0.08398,0.0638,0.6152,0.0,0.0,0.0,0.0,0.0,0.0,0.0,0.0,0.0,0.0,0.0,0.0,0.0,0.0,0.0,0.0,0.0,0.0,0.0,0.0,0.0,0.0,0.0,0.0,9.815E-4,0.0,90970.0,165900.0,582100.0,103400.0,3.175E7,58180.0,21560.0,36090.0,15010.0,36600.0,0.0,4.222E-37,1.629E-37,7.245E-37,5.5029999999999995E-37,2.154E-37,8.713E-39,2.303E-39,1.32E-39,8.89E-40,5.3579999999999997E-39,2.08E-35,0.0,0.4815,1.054,1.625,0.8511,0.3566,0.01162,0.006402,0.004442,0.001436,0.007387,0.0,0.0,0.002011,0.01541,0.001046,0.9794,9.843E-4,2.93E-4,6.627E-4,4.252E-5,1.279E-4,0.0,0.0177,0.002377,0.004391,0.001697,0.1708,0.004323,0.003428,9.32E-4,3.173E-4,3.676E-4,
0.0,1445.0,155.6,125.1,78.28,0.01693,1.275,0.6094,0.2071,0.1166,0.2276,0.0,343.9,0.1069,1.11,0.09753,0.3367,0.2422,0.14,0.1181,3.616,10.55,0.0,343.9,0.1069,1.11,0.09753,0.3367,0.2422,0.14,0.1181,3.616,10.55,0.0,0.0,0.0,0.0,0.0,0.0,0.0,0.0,0.0,0.0,0.0,0.0,20.03,320.5,164.8,50.65,877.1,217.6,5.737,9.357,5.268,8.849,0.0,126.9,3.378,14.59,35.18,45.04,0.2921,0.02999,0.0844,0.06381,0.6139,0.0,0.0,0.0,0.0,0.0,0.0,0.0,0.0,0.0,0.0,0.0,0.0,0.0,0.0,0.0,0.0,0.0,0.0,0.0,0.0,0.0,0.0,0.0,0.0,1.0E-4,0.0,90820.0,120300.0,158700.0,104800.0,3.092E7,56150.0,21330.0,35820.0,14550.0,34770.0,0.0,3.238E-37,1.5959999999999999E-37,7.88E-37,5.5029999999999995E-37,1.429E-37,8.477E-39,2.275E-39,9.337E-40,8.858E-40,5.305E-39,2.08E-35,0.0,0.3692,1.05,1.758,0.8606,0.29,0.01148,0.006384,0.002537,0.00143,0.007319,0.0,0.0,3.882E-4,7.477E-4,0.001073,0.9956,0.00101,3.005E-4,6.797E-4,4.361E-5,1.312E-4,0.0,0.01767,0.002159,0.002235,0.001719,0.1729,0.00425,0.003427,9.418E-4,3.15E-4,3.647E-4,
0.0,1445.0,155.1,123.0,80.39,0.01414,1.275,0.6091,0.2079,0.116,0.228,0.0,343.9,0.1045,1.082,0.1281,0.3367,0.2388,0.1397,0.1064,3.613,10.57,0.0,343.9,0.1045,1.082,0.1281,0.3367,0.2388,0.1397,0.1064,3.613,10.57,0.0,0.0,0.0,0.0,0.0,0.0,0.0,0.0,0.0,0.0,0.0,0.0,20.03,322.2,165.1,50.68,874.2,217.2,5.815,9.458,5.302,8.861,0.0,126.9,3.379,14.56,35.17,45.04,0.2845,0.03,0.08446,0.0638,0.6138,0.0,0.0,0.0,0.0,0.0,0.0,0.0,0.0,0.0,0.0,0.0,0.0,0.0,0.0,0.0,0.0,0.0,0.0,0.0,0.0,0.0,0.0,0.0,0.0,8.8E-4,0.0,90960.0,120500.0,158300.0,102200.0,2.854E7,54030.0,20940.0,35200.0,14550.0,34150.0,0.0,3.238E-37,1.578E-37,7.743E-37,5.539E-37,1.429E-37,8.392999999999999E-39,2.2649999999999998E-39,9.324E-40,8.849999999999999E-40,5.3039999999999997E-39,2.08E-35,0.0,0.3693,1.044,1.739,0.8815,0.29,0.01141,0.006381,0.002541,0.001425,0.007324,0.0,0.0,4.016E-4,7.736E-4,0.00111,0.9955,0.001045,3.11E-4,7.033E-4,4.512E-5,1.358E-4,0.0,0.01771,0.002131,0.002223,0.001737,0.1729,0.004201,0.003426,9.47E-4,3.122E-4,3.675E-4,
0.0,1447.0,156.7,119.3,77.72,0.686,1.275,0.608,0.2082,0.1193,0.2292,0.0,344.0,0.1298,1.063,0.1056,0.3393,0.2375,0.1398,0.1069,2.398,11.78,0.0,344.0,0.1298,1.063,0.1056,0.3393,0.2375,0.1398,0.1069,2.398,11.78,0.0,0.0,0.0,0.0,0.0,0.0,0.0,0.0,0.0,0.0,0.0,0.0,20.03,249.2,167.3,50.6,948.2,217.2,5.82,9.406,5.303,8.863,0.0,126.9,3.382,15.01,34.72,45.95,0.2826,0.03003,0.09216,0.06381,0.6137,0.0,0.0,0.0,0.0,0.0,0.0,0.0,0.0,0.0,0.0,0.0,0.0,0.0,0.0,0.0,0.0,0.0,0.0,0.0,0.0,0.0,0.0,0.0,0.0,1.005E-4,0.0,91070.0,113300.0,165600.0,103100.0,2.692E7,53370.0,20850.0,34970.0,14860.0,34540.0,0.0,3.3189999999999998E-37,1.872E-37,7.338E-37,5.424E-37,1.429E-37,8.317E-39,2.259E-39,9.251E-40,8.898E-40,5.306E-39,2.08E-35,0.0,0.3912,1.073,1.691,0.8653,0.2975,0.01142,0.006363,0.002577,0.001434,0.007326,0.0,0.0,4.191E-4,8.072E-4,0.001159,0.9953,0.00109,3.245E-4,7.338E-4,4.708E-5,1.417E-4,0.0,0.01774,0.002043,0.002209,0.00174,0.173,0.004176,0.003413,9.556E-4,3.276E-4,3.752E-4,
0.0,1447.0,154.4,114.7,68.05,0.6939,1.274,0.6062,0.2091,0.1183,0.2282,0.0,344.0,0.1075,1.093,0.09554,0.3403,0.2364,0.1393,0.1066,2.178,12.0,0.0,344.0,0.1075,1.093,0.09554,0.3403,0.2364,0.1393,0.1066,2.178,12.0,0.0,0.0,0.0,0.0,0.0,0.0,0.0,0.0,0.0,0.0,0.0,0.0,20.03,251.9,169.1,50.68,946.6,216.8,5.91,9.522,5.352,8.866,0.0,126.9,4.059,16.01,46.45,46.19,0.28,0.0301,0.09231,0.06528,0.614,0.0,0.0,0.0,0.0,0.0,0.0,0.0,0.0,0.0,0.0,0.0,0.0,0.0,0.0,0.0,0.0,0.0,0.0,0.0,0.0,0.0,0.0,0.0,0.0,1.0E-4,0.0,91170.0,115300.0,177000.0,104800.0,2.578E7,54030.0,21250.0,35830.0,15980.0,34930.0,0.0,3.3189999999999998E-37,1.605E-37,7.510999999999999E-37,5.387E-37,1.4319999999999999E-37,8.262E-39,2.25E-39,9.259E-40,8.943E-40,5.3E-39,2.08E-35,0.0,0.3912,1.048,1.691,0.8639,0.3017,0.01139,0.006344,0.002588,0.001434,0.007323,0.0,0.0,4.506E-4,8.68E-4,0.001246,0.9949,0.001172,3.489E-4,7.891E-4,5.063E-5,1.523E-4,0.0,0.01776,0.002044,0.002242,0.001758,0.1724,0.004117,0.003418,9.612E-4,3.285E-4,3.762E-4,
0.0,1448.0,150.4,113.8,67.11,0.691,1.468,0.5085,0.1852,0.08757,0.231,0.0,344.0,0.1188,1.063,0.1111,0.3379,0.236,0.1407,0.1053,1.744,12.44,0.0,344.0,0.1188,1.063,0.1111,0.3379,0.236,0.1407,0.1053,1.744,12.44,0.0,0.0,0.0,0.0,0.0,0.0,0.0,0.0,0.0,0.0,0.0,0.0,20.03,236.8,189.2,51.74,941.7,215.9,5.627,9.648,5.313,8.931,0.0,126.9,5.317,19.36,44.81,47.04,0.2783,0.155,0.1227,0.1036,0.6118,0.0,0.0,0.0,0.0,0.0,0.0,0.0,0.0,0.0,0.0,0.0,0.0,0.0,0.0,0.0,0.0,0.0,0.0,0.0,0.0,0.0,0.0,0.0,0.0,8.082E-4,0.0,91250.0,116400.0,175600.0,104400.0,2.447E7,52740.0,20930.0,35340.0,16420.0,35400.0,0.0,3.332E-37,1.506E-37,7.403E-37,5.43E-37,1.4219999999999999E-37,8.413E-39,3.291E-39,1.187E-39,1.219E-39,5.299E-39,2.08E-35,0.0,0.3967,1.038,1.677,0.8691,0.2996,0.01316,0.007675,0.002924,0.001844,0.007332,0.0,0.0,4.506E-4,8.68E-4,0.001246,0.9949,0.001172,3.489E-4,7.891E-4,5.063E-5,1.523E-4,0.0,0.01777,0.001952,0.002364,0.001735,0.1724,0.004069,0.003402,9.864E-4,3.098E-4,3.807E-4,
0.0,1441.0,147.3,127.7,71.42,0.6876,1.466,0.5797,0.2031,0.1103,0.233,0.0,344.0,0.112,1.051,0.1068,0.3572,0.2355,0.1405,0.1052,1.41,12.77,0.0,344.0,0.112,1.051,0.1068,0.3572,0.2355,0.1405,0.1052,1.41,12.77,0.0,0.0,0.0,0.0,0.0,0.0,0.0,0.0,0.0,0.0,0.0,0.0,20.02,240.6,186.7,57.22,937.9,214.8,6.067,9.955,5.482,8.971,0.0,125.0,4.228,14.73,41.42,48.56,0.2773,0.107,0.1103,0.08849,0.6097,0.0,0.0,0.0,0.0,0.0,0.0,0.0,0.0,0.0,0.0,0.0,0.0,0.0,0.0,0.0,0.0,0.0,0.0,0.0,0.0,0.0,0.0,0.0,0.0,1.0E-4,0.0,91210.0,117800.0,180900.0,104800.0,2.432E7,52920.0,20910.0,35450.0,16850.0,35950.0,0.0,2.9889999999999998E-37,1.3909999999999999E-37,7.3319999999999995E-37,5.396E-37,1.526E-37,8.334E-39,3.254E-39,1.178E-39,1.2109999999999999E-39,5.296E-39,2.08E-35,0.0,0.3559,0.9787,1.733,0.8703,0.3252,0.01314,0.007637,0.002912,0.001838,0.00733,0.0,0.0,4.506E-4,8.68E-4,0.001246,0.9949,0.001172,3.489E-4,7.891E-4,5.063E-5,1.523E-4,0.0,0.01776,0.001958,0.002333,0.001763,0.1723,0.004036,0.003402,9.845E-4,3.109E-4,3.772E-4,
0.0,1428.0,159.9,112.6,70.49,0.7089,1.658,0.444,0.2184,0.1291,0.1944,0.0,344.0,0.09671,1.135,0.08665,0.2891,0.3051,0.06925,0.1053,1.41,12.78,0.0,344.0,0.09671,1.135,0.08665,0.2891,0.3051,0.06925,0.1053,1.41,12.78,0.0,0.0,0.0,0.0,0.0,0.0,0.0,0.0,0.0,0.0,0.0,0.0,19.99,244.7,164.2,62.03,957.2,214.3,6.4,10.15,5.621,10.14,0.0,123.5,6.853,27.02,42.25,47.81,0.2764,0.0661,0.09994,0.07538,1.878,0.0,0.0,0.0,0.0,0.0,0.0,0.0,0.0,0.0,0.0,0.0,0.0,0.0,0.0,0.0,0.0,0.0,0.0,0.0,0.0,0.0,0.0,0.0,0.0,1.0E-4,0.0,92020.0,120800.0,158800.0,117400.0,2.489E7,58720.0,16250.0,35320.0,16680.0,37910.0,0.0,2.546E-37,1.651E-37,7.592E-37,5.268E-37,1.295E-37,8.316E-39,3.1889999999999996E-39,1.179E-39,1.2129999999999999E-39,4.54E-39,2.08E-35,0.0,0.3038,1.025,1.784,0.8554,0.2808,0.0152,0.005553,0.00292,0.00184,0.006659,0.0,0.0,4.506E-4,8.68E-4,0.001246,0.9949,0.001172,3.489E-4,7.891E-4,5.063E-5,1.523E-4,0.0,0.01776,0.002013,0.002174,0.001799,0.1723,0.00588,0.001499,9.851E-4,3.096E-4,4.133E-4,
0.0,1428.0,162.4,107.6,73.06,0.6785,3.437,0.5579,0.2432,0.1358,0.2213,0.0,344.0,0.1972,1.265,0.1188,0.2911,0.311,0.06857,0.1058,1.578,12.33,0.0,344.0,0.1972,1.265,0.1188,0.2911,0.311,0.06857,0.1058,1.578,12.33,0.0,0.0,0.0,0.0,0.0,0.0,0.0,0.0,0.0,0.0,0.0,0.0,19.99,231.9,179.0,60.49,952.3,214.2,6.574,10.13,9.148,13.0,0.0,123.5,15.3,20.49,38.72,47.38,0.3399,0.04394,0.08759,0.1165,0.6003,0.0,0.0,0.0,0.0,0.0,0.0,0.0,0.0,0.0,0.0,0.0,0.0,0.0,0.0,0.0,0.0,0.0,0.0,0.0,0.0,0.0,0.0,0.0,0.0,4.8E-4,0.0,92080.0,115600.0,164700.0,114100.0,2.589E7,60710.0,16200.0,34710.0,23520.0,40630.0,0.0,2.546E-37,1.3299999999999999E-37,7.346E-37,5.271E-37,1.337E-37,1.6E-38,3.5659999999999996E-39,1.2919999999999999E-39,1.356E-39,4.6629999999999995E-39,2.08E-35,0.0,0.3038,1.123,1.659,0.8513,0.2891,0.02797,0.006168,0.003123,0.00214,0.006241,0.0,0.0,4.506E-4,8.68E-4,0.001246,0.9949,0.001172,3.489E-4,7.891E-4,5.063E-5,1.523E-4,0.0,0.0178,0.001923,0.002239,0.001794,0.1721,0.005857,0.001444,9.798E-4,3.324E-4,4.347E-4,
0.0,1428.0,171.5,109.1,77.32,0.6486,2.176,0.5493,0.2294,0.1378,0.1638,0.0,344.0,0.194,1.295,0.09487,0.2871,0.3103,0.06825,0.1062,1.597,12.31,0.0,344.0,0.194,1.295,0.09487,0.2871,0.3103,0.06825,0.1062,1.597,12.31,0.0,0.0,0.0,0.0,0.0,0.0,0.0,0.0,0.0,0.0,0.0,0.0,19.99,223.8,169.3,72.71,962.3,214.1,7.021,11.97,5.492,14.14,0.0,123.5,8.0,14.39,38.21,46.9,0.5028,0.09609,0.1231,0.07145,0.4884,0.0,0.0,0.0,0.0,0.0,0.0,0.0,0.0,0.0,0.0,0.0,0.0,0.0,0.0,0.0,0.0,0.0,0.0,0.0,0.0,0.0,0.0,0.0,0.0,1.003E-4,0.0,92110.0,124800.0,137600.0,139900.0,2.699E7,61640.0,16650.0,37420.0,15310.0,40920.0,0.0,2.549E-37,1.168E-37,7.507E-37,5.348E-37,1.222E-37,1.122E-38,3.739E-39,1.099E-39,1.135E-39,4.136E-39,2.08E-35,0.0,0.3064,1.029,1.76,0.8581,0.2757,0.02172,0.006407,0.002901,0.001794,0.005778,0.0,0.0,4.506E-4,8.68E-4,0.001246,0.9949,0.001172,3.489E-4,7.891E-4,5.063E-5,1.523E-4,0.0,0.0178,0.001869,0.002165,0.001888,0.172,0.005819,0.001427,9.903E-4,3.053E-4,4.4E-4,
0.0,1430.0,172.0,111.0,80.98,0.6093,2.017,0.5738,0.2276,0.1388,0.1235,0.0,344.0,0.1963,1.287,0.09496,0.2934,0.3092,0.06744,0.1085,1.623,12.29,0.0,344.0,0.1963,1.287,0.09496,0.2934,0.3092,0.06744,0.1085,1.623,12.29,0.0,0.0,0.0,0.0,0.0,0.0,0.0,0.0,0.0,0.0,0.0,0.0,19.99,225.4,179.1,77.37,949.1,213.1,6.868,9.975,5.267,13.54,0.0,123.5,5.975,13.09,32.47,48.5,0.4046,0.05306,0.09846,0.06399,0.4889,0.0,0.0,0.0,0.0,0.0,0.0,0.0,0.0,0.0,0.0,0.0,0.0,0.0,0.0,0.0,0.0,0.0,0.0,0.0,0.0,0.0,0.0,0.0,0.0,1.111E-4,0.0,92170.0,119800.0,184500.0,178100.0,2.821E7,60250.0,17150.0,38260.0,13000.0,39220.0,0.0,2.566E-37,1.154E-37,7.325E-37,5.288E-37,1.367E-37,1.113E-38,3.676E-39,1.1679999999999999E-39,1.1549999999999999E-39,3.9979999999999996E-39,2.08E-35,0.0,0.3197,1.021,1.738,0.8476,0.3011,0.0196,0.006248,0.002957,0.001832,0.005516,0.0,0.0,4.506E-4,8.68E-4,0.001246,0.9949,0.001172,3.489E-4,7.891E-4,5.063E-5,1.523E-4,0.0,0.01781,0.001851,0.002654,0.00241,0.1711,0.005848,0.001353,0.001014,3.011E-4,4.349E-4,
0.0,1418.0,182.4,106.8,74.57,0.01105,2.017,0.5851,0.2286,0.1395,0.06384,0.0,344.0,0.09132,1.28,0.08362,0.3728,0.3058,0.06746,0.1081,1.623,12.33,0.0,344.0,0.09132,1.28,0.08362,0.3728,0.3058,0.06746,0.1081,1.623,12.33,0.0,0.0,0.0,0.0,0.0,0.0,0.0,0.0,0.0,0.0,0.0,0.0,19.96,202.3,171.5,52.43,1018.0,207.8,7.416,7.225,5.937,7.683,0.0,120.6,8.577,16.37,49.86,39.62,0.3243,0.01512,0.007898,0.01135,0.4129,0.0,0.0,0.0,0.0,0.0,0.0,0.0,0.0,0.0,0.0,0.0,0.0,0.0,0.0,0.0,0.0,0.0,0.0,0.0,0.0,0.0,0.0,0.0,0.0,1.0E-4,0.0,92140.0,109900.0,141100.0,101800.0,2.987E7,50280.0,18320.0,28600.0,14220.0,22860.0,0.0,2.1659999999999997E-37,1.416E-37,7.27E-37,5.569E-37,1.188E-37,1.062E-38,3.5749999999999996E-39,8.339E-40,9.647E-40,3.354E-39,2.08E-35,0.0,0.2699,1.046,1.74,0.8944,0.2724,0.01917,0.006094,0.002426,0.00153,0.004772,0.0,0.0,4.506E-4,8.68E-4,0.001246,0.9949,0.001172,3.489E-4,7.891E-4,5.063E-5,1.523E-4,0.0,0.01781,0.001724,0.002226,0.001721,0.1727,0.005704,0.001347,9.184E-4,3.16E-4,2.768E-4,
0.0,1411.0,197.9,104.3,83.86,0.006246,2.16,0.5359,0.2232,0.126,0.04499,0.0,344.0,0.09377,1.295,0.08311,0.3538,0.3076,0.0659,0.1082,1.943,12.01,0.0,344.0,0.09377,1.295,0.08311,0.3538,0.3076,0.0659,0.1082,1.943,12.01,0.0,0.0,0.0,0.0,0.0,0.0,0.0,0.0,0.0,0.0,0.0,0.0,19.94,203.0,175.2,44.61,1023.0,208.9,7.806,7.491,6.879,8.69,0.0,118.0,4.918,15.9,41.72,39.44,0.2291,0.01182,0.008067,0.01247,0.4718,0.0,0.0,0.0,0.0,0.0,0.0,0.0,0.0,0.0,0.0,0.0,0.0,0.0,0.0,0.0,0.0,0.0,0.0,0.0,0.0,0.0,0.0,0.0,0.0,3.974E-4,0.0,92180.0,113300.0,155000.0,89000.0,3.141E7,55750.0,20140.0,30370.0,16840.0,24560.0,0.0,1.964E-37,1.0419999999999999E-37,6.9809999999999995E-37,5.542E-37,1.363E-37,1.025E-38,3.322E-39,8.061E-40,9.015E-40,3.16E-39,2.08E-35,0.0,0.2506,1.083,1.709,0.8919,0.2859,0.01912,0.005653,0.002384,0.001426,0.004455,0.0,0.0,4.506E-4,8.68E-4,0.001246,0.9949,0.001172,3.489E-4,7.891E-4,5.063E-5,1.523E-4,0.0,0.01782,0.001728,0.002258,0.001593,0.1727,0.005722,0.001318,9.282E-4,3.491E-4,2.778E-4,
0.0,1415.0,197.1,107.5,73.27,0.004114,1.577,0.4543,0.2613,0.1444,0.05531,0.0,344.0,0.09325,1.303,0.07764,0.3336,0.3007,0.06722,0.1146,2.545,11.41,0.0,344.0,0.09325,1.303,0.07764,0.3336,0.3007,0.06722,0.1146,2.545,11.41,0.0,0.0,0.0,0.0,0.0,0.0,0.0,0.0,0.0,0.0,0.0,0.0,19.94,200.1,162.1,45.59,1043.0,209.0,7.902,7.588,8.205,7.487,0.0,118.1,5.472,16.17,44.78,38.53,0.9833,0.00779,0.008014,0.1553,0.3307,0.0,0.0,0.0,0.0,0.0,0.0,0.0,0.0,0.0,0.0,0.0,0.0,0.0,0.0,0.0,0.0,0.0,0.0,0.0,0.0,0.0,0.0,0.0,0.0,1.002E-4,0.0,92540.0,110000.0,144800.0,87610.0,2.995E7,53190.0,19220.0,28860.0,20690.0,20460.0,0.0,2.171E-37,1.014E-37,7.297E-37,5.332E-37,9.565999999999999E-38,9.056999999999999E-39,2.8719999999999998E-39,9.864E-40,1.144E-39,3.0619999999999996E-39,2.08E-35,0.0,0.2836,1.078,1.743,0.857,0.2462,0.0189,0.005064,0.002696,0.00193,0.0042,0.0,0.0,4.506E-4,8.68E-4,0.001246,0.9949,0.001172,3.489E-4,7.891E-4,5.063E-5,1.523E-4,0.0,0.01788,0.001699,0.0022,0.001566,0.1727,0.005726,0.001274,9.06E-4,4.18E-4,2.398E-4,
0.0,1420.0,195.8,107.4,67.94,0.005588,1.57,0.4548,0.2613,0.1424,0.05633,0.0,344.0,0.09407,1.301,0.07398,0.3397,0.2983,0.06916,0.1119,1.831,12.12,0.0,344.0,0.09407,1.301,0.07398,0.3397,0.2983,0.06916,0.1119,1.831,12.12,0.0,0.0,0.0,0.0,0.0,0.0,0.0,0.0,0.0,0.0,0.0,0.0,19.94,204.3,161.3,45.03,1028.0,209.0,7.843,7.556,8.091,6.72,0.0,118.2,5.294,16.08,45.53,38.55,0.6806,0.007685,0.007987,0.1558,0.3223,0.0,0.0,0.0,0.0,0.0,0.0,0.0,0.0,0.0,0.0,0.0,0.0,0.0,0.0,0.0,0.0,0.0,0.0,0.0,0.0,0.0,0.0,0.0,0.0,8.247E-4,0.0,93000.0,111600.0,145600.0,82110.0,2.861E7,51210.0,18280.0,27690.0,21080.0,18910.0,0.0,2.41E-37,9.978E-38,7.282E-37,5.0909999999999995E-37,9.584E-38,8.163E-39,2.87E-39,9.852E-40,1.144E-39,2.9899999999999996E-39,2.08E-35,0.0,0.3229,1.072,1.741,0.8209,0.2464,0.01709,0.005066,0.002698,0.001915,0.00411,0.0,0.0,4.506E-4,8.68E-4,0.001246,0.9949,0.001172,3.489E-4,7.891E-4,5.063E-5,1.523E-4,0.0,0.01796,0.001692,0.002199,0.001539,0.1728,0.00583,0.00111,9.147E-4,4.123E-4,2.435E-4,
0.0,1408.0,207.2,105.6,69.42,0.006087,1.661,0.4546,0.261,0.144,0.05484,0.0,344.0,0.1048,1.288,0.07891,0.3282,0.298,0.06904,0.111,2.317,11.64,0.0,344.0,0.1048,1.288,0.07891,0.3282,0.298,0.06904,0.111,2.317,11.64,0.0,0.0,0.0,0.0,0.0,0.0,0.0,0.0,0.0,0.0,0.0,0.0,19.91,206.3,163.2,45.85,1022.0,209.0,7.847,7.582,8.699,7.25,0.0,115.3,8.23,17.75,43.87,38.45,0.6803,0.007187,0.01101,0.222,0.3067,0.0,0.0,0.0,0.0,0.0,0.0,0.0,0.0,0.0,0.0,0.0,0.0,0.0,0.0,0.0,0.0,0.0,0.0,0.0,0.0,0.0,0.0,0.0,0.0,6.542E-4,0.0,92950.0,112500.0,146900.0,81690.0,2.845E7,50550.0,18230.0,27680.0,24570.0,19350.0,0.0,2.015E-37,1.451E-37,7.1279999999999995E-37,5.096E-37,9.543E-38,8.099E-39,2.864E-39,9.872E-40,1.219E-39,3.033E-39,2.08E-35,0.0,0.27,1.132,1.726,0.8209,0.2459,0.01724,0.005059,0.002703,0.002082,0.00415,0.0,0.0,4.506E-4,8.68E-4,0.001246,0.9949,0.001172,3.489E-4,7.891E-4,5.063E-5,1.523E-4,0.0,0.01793,0.001697,0.002201,0.00153,0.1728,0.005914,0.001041,9.126E-4,4.289E-4,2.371E-4,
0.0,1408.0,207.7,107.1,58.03,0.01521,1.66,0.4556,0.2682,0.3268,0.06941,0.0,344.0,0.1064,1.268,0.09632,0.3292,0.2978,0.06862,0.1119,2.313,11.64,0.0,344.0,0.1064,1.268,0.09632,0.3292,0.2978,0.06862,0.1119,2.313,11.64,0.0,0.0,0.0,0.0,0.0,0.0,0.0,0.0,0.0,0.0,0.0,0.0,19.91,207.8,162.9,46.62,1020.0,209.0,7.834,7.618,8.428,7.314,0.0,117.0,6.788,21.31,48.07,38.44,0.6803,0.005518,0.007846,0.02124,0.2979,0.0,0.0,0.0,0.0,0.0,0.0,0.0,0.0,0.0,0.0,0.0,0.0,0.0,0.0,0.0,0.0,0.0,0.0,0.0,0.0,0.0,0.0,0.0,0.0,5.492E-4,0.0,93480.0,111600.0,147100.0,81710.0,2.905E7,50720.0,18700.0,28240.0,24480.0,19470.0,0.0,2.14E-37,1.107E-37,7.114E-37,4.9079999999999995E-37,9.543E-38,8.08E-39,2.8619999999999997E-39,9.895E-40,1.201E-39,3.038E-39,2.08E-35,0.0,0.2934,1.138,1.723,0.7914,0.2459,0.01724,0.005047,0.002719,0.002022,0.004168,0.0,0.0,4.506E-4,8.68E-4,0.001246,0.9949,0.001172,3.489E-4,7.891E-4,5.063E-5,1.523E-4,0.0,0.01796,0.001704,0.002187,0.001515,0.1727,0.005912,0.001035,9.142E-4,4.274E-4,2.372E-4,
0.0,1408.0,207.0,107.3,65.48,0.005129,1.644,0.4561,0.27,0.3419,0.06194,0.0,344.0,0.1073,1.276,0.08265,0.3321,0.2963,0.06793,0.1112,2.292,11.67,0.0,344.0,0.1073,1.276,0.08265,0.3321,0.2963,0.06793,0.1112,2.292,11.67,0.0,0.0,0.0,0.0,0.0,0.0,0.0,0.0,0.0,0.0,0.0,0.0,19.91,210.2,162.4,46.71,1017.0,209.0,7.816,7.616,8.574,7.202,0.0,117.0,6.7,19.92,42.24,38.45,0.6802,0.00515,0.007754,0.0206,0.2972,0.0,0.0,0.0,0.0,0.0,0.0,0.0,0.0,0.0,0.0,0.0,0.0,0.0,0.0,0.0,0.0,0.0,0.0,0.0,0.0,0.0,0.0,0.0,0.0,4.834E-4,0.0,93590.0,113400.0,151500.0,81670.0,3.012E7,51440.0,19410.0,29190.0,24690.0,19680.0,0.0,2.141E-37,1.203E-37,6.9809999999999995E-37,4.933E-37,9.315E-38,8.032999999999999E-39,2.8619999999999997E-39,9.917E-40,1.217E-39,3.0269999999999996E-39,2.08E-35,0.0,0.2935,1.132,1.71,0.8127,0.242,0.01713,0.005043,0.002728,0.002068,0.004142,0.0,0.0,4.506E-4,8.68E-4,0.001246,0.9949,0.001172,3.489E-4,7.891E-4,5.063E-5,1.523E-4,0.0,0.01802,0.001699,0.002173,0.001545,0.1727,0.005845,0.001034,9.149E-4,4.336E-4,2.331E-4,
0.0,1409.0,203.6,112.6,70.57,0.4449,1.574,0.463,0.2799,0.3479,0.06184,0.0,344.0,0.08832,1.155,0.07215,0.3716,0.2879,0.06784,0.1114,2.8,11.27,0.0,344.0,0.08832,1.155,0.07215,0.3716,0.2879,0.06784,0.1114,2.8,11.27,0.0,0.0,0.0,0.0,0.0,0.0,0.0,0.0,0.0,0.0,0.0,0.0,19.91,204.0,113.9,42.5,1080.0,207.1,7.859,7.713,8.58,3.732,0.0,117.0,4.217,9.285,35.65,50.2,0.582,0.01068,0.02036,0.0153,0.1523,0.0,0.0,0.0,0.0,0.0,0.0,0.0,0.0,0.0,0.0,0.0,0.0,0.0,0.0,0.0,0.0,0.0,0.0,0.0,0.0,0.0,0.0,0.0,0.0,3.419E-4,0.0,93650.0,107700.0,854200.0,224700.0,3.02E7,68670.0,17700.0,24540.0,24150.0,22020.0,0.0,2.141E-37,1.129E-37,6.608999999999999E-37,4.855E-37,1.398E-37,7.038E-39,2.9E-39,1.071E-39,1.2179999999999999E-39,1.938E-39,2.08E-35,0.0,0.2935,1.111,1.663,0.8037,0.3156,0.01543,0.005121,0.002874,0.002072,0.002409,0.0,0.0,2.683E-4,0.02665,0.006697,0.9634,0.001795,2.57E-4,5.811E-4,3.729E-5,3.539E-4,0.0,0.01804,0.001693,0.005971,0.002344,0.168,0.005912,0.001018,8.852E-4,4.323E-4,2.551E-4,
0.0,1416.0,202.8,113.1,66.77,0.004663,1.574,0.4625,0.2798,0.3498,0.0625,0.0,344.0,0.08949,1.379,0.06949,0.1489,0.2876,0.06717,0.1117,1.426,12.65,0.0,344.0,0.08949,1.379,0.06949,0.1489,0.2876,0.06717,0.1117,1.426,12.65,0.0,0.0,0.0,0.0,0.0,0.0,0.0,0.0,0.0,0.0,0.0,0.0,19.91,202.6,99.64,38.81,1100.0,206.3,7.85,7.727,8.544,3.735,0.0,117.7,4.091,6.011,56.85,28.63,0.3157,0.004632,0.006764,0.01243,0.1432,0.0,0.0,0.0,0.0,0.0,0.0,0.0,0.0,0.0,0.0,0.0,0.0,0.0,0.0,0.0,0.0,0.0,0.0,0.0,0.0,0.0,0.0,0.0,0.0,1.0E-4,0.0,94130.0,102500.0,131200.0,55080.0,2.962E7,28590.0,18210.0,24850.0,24490.0,21820.0,0.0,2.59E-37,1.089E-37,7.425E-37,4.651E-37,3.541E-38,6.142999999999999E-39,2.8709999999999997E-39,1.007E-39,1.2129999999999999E-39,1.898E-39,2.08E-35,0.0,0.3658,1.095,1.806,0.7679,0.1529,0.01373,0.005073,0.002778,0.002066,0.002351,0.0,0.0,2.868E-4,2.652E-4,4.869E-4,0.9973,3.788E-4,2.746E-4,6.211E-4,3.985E-5,3.782E-4,0.0,0.0181,0.001688,0.002134,0.001385,0.1725,0.005702,0.001019,8.921E-4,4.326E-4,2.585E-4,
0.0,1401.0,220.1,113.6,61.29,0.3049,2.373,0.4852,0.3063,0.3622,0.06926,0.0,344.0,0.1043,1.334,0.09195,0.1492,0.2821,0.06854,0.1176,2.007,12.07,0.0,344.0,0.1043,1.334,0.09195,0.1492,0.2821,0.06854,0.1176,2.007,12.07,0.0,0.0,0.0,0.0,0.0,0.0,0.0,0.0,0.0,0.0,0.0,0.0,19.87,204.2,99.87,39.11,1094.0,206.1,7.918,7.822,8.573,3.778,0.0,113.9,4.189,8.547,59.43,27.35,1.019,0.004654,0.006846,0.0162,0.1477,0.0,0.0,0.0,0.0,0.0,0.0,0.0,0.0,0.0,0.0,0.0,0.0,0.0,0.0,0.0,0.0,0.0,0.0,0.0,0.0,0.0,0.0,0.0,0.0,4.235E-4,0.0,94070.0,103100.0,116000.0,59220.0,2.873E7,28550.0,19040.0,25890.0,26080.0,23800.0,0.0,2.04E-37,1.173E-37,7.363E-37,4.638E-37,3.397E-38,9.257999999999999E-39,2.967E-39,1.1189999999999999E-39,1.2669999999999999E-39,2.002E-39,2.08E-35,0.0,0.2881,1.183,1.78,0.7752,0.1479,0.02304,0.005247,0.00298,0.002164,0.002507,0.0,0.0,3.16E-4,2.922E-4,5.365E-4,0.997,4.175E-4,3.026E-4,6.845E-4,4.391E-5,4.168E-4,0.0,0.01808,0.001736,0.002099,0.001397,0.1719,0.005653,0.00102,9.008E-4,4.409E-4,2.704E-4,
0.0,1401.0,209.2,121.8,61.41,0.679,1.479,0.4853,0.3065,0.3632,0.06862,0.0,344.0,0.1154,1.276,0.1385,0.1512,0.2779,0.06831,0.1305,2.888,11.18,0.0,344.0,0.1154,1.276,0.1385,0.1512,0.2779,0.06831,0.1305,2.888,11.18,0.0,0.0,0.0,0.0,0.0,0.0,0.0,0.0,0.0,0.0,0.0,0.0,19.87,206.5,102.1,39.17,1100.0,206.1,7.944,7.874,8.584,3.811,0.0,113.9,3.901,19.24,51.1,27.38,0.5607,0.004689,0.006972,0.01592,0.1474,0.0,0.0,0.0,0.0,0.0,0.0,0.0,0.0,0.0,0.0,0.0,0.0,0.0,0.0,0.0,0.0,0.0,0.0,0.0,0.0,0.0,0.0,0.0,0.0,1.0E-4,0.0,94190.0,100700.0,106700.0,55560.0,2.681E7,28310.0,19120.0,26330.0,25450.0,23420.0,0.0,2.04E-37,1.159E-37,7.301E-37,4.649E-37,3.574E-38,6.334E-39,2.9639999999999996E-39,1.118E-39,1.266E-39,2.001E-39,2.08E-35,0.0,0.2882,1.198,1.751,0.7887,0.1489,0.01429,0.005247,0.002984,0.002168,0.002499,0.0,0.0,3.547E-4,3.279E-4,6.021E-4,0.9966,4.685E-4,3.396E-4,7.681E-4,4.928E-5,4.678E-4,0.0,0.01811,0.001711,0.002115,0.001401,0.1718,0.005581,0.001027,9.152E-4,4.429E-4,2.741E-4,
0.0,1403.0,201.1,122.5,63.99,5.469,1.471,0.4852,0.3066,0.3661,0.06511,0.0,344.0,0.1216,1.323,0.07786,0.1577,0.2736,0.06833,0.1311,3.941,10.12,0.0,344.0,0.1216,1.323,0.07786,0.1577,0.2736,0.06833,0.1311,3.941,10.12,0.0,0.0,0.0,0.0,0.0,0.0,0.0,0.0,0.0,0.0,0.0,0.0,19.87,160.4,102.9,39.19,1152.0,206.1,7.946,7.877,8.584,3.812,0.0,113.9,3.798,6.795,60.89,27.7,0.56,0.004689,0.006975,0.01216,0.1519,0.0,0.0,0.0,0.0,0.0,0.0,0.0,0.0,0.0,0.0,0.0,0.0,0.0,0.0,0.0,0.0,0.0,0.0,0.0,0.0,0.0,0.0,0.0,0.0,7.743E-4,0.0,94450.0,97380.0,99160.0,52380.0,2.526E7,27050.0,18190.0,25000.0,23810.0,22410.0,0.0,2.099E-37,1.107E-37,7.196E-37,4.661E-37,4.126E-38,6.316E-39,2.958E-39,1.1119999999999999E-39,1.2689999999999999E-39,1.993E-39,2.08E-35,0.0,0.3072,1.138,1.742,0.7915,0.1928,0.01422,0.005242,0.002981,0.002183,0.00248,0.0,0.0,3.565E-4,3.296E-4,6.052E-4,0.9966,4.709E-4,3.414E-4,7.72E-4,4.953E-5,4.702E-4,0.0,0.01816,0.001587,0.002109,0.001407,0.1719,0.005527,0.001024,9.161E-4,4.462E-4,2.704E-4,
0.0,1403.0,198.1,120.0,60.31,0.19,1.901,0.5643,0.2275,0.3661,0.06628,0.0,344.0,0.1023,1.33,0.08315,0.1621,0.2731,0.1289,0.07045,2.975,11.09,0.0,344.0,0.1023,1.33,0.08315,0.1621,0.2731,0.1289,0.07045,2.975,11.09,0.0,0.0,0.0,0.0,0.0,0.0,0.0,0.0,0.0,0.0,0.0,0.0,19.87,158.7,83.68,38.51,1174.0,206.1,7.93,7.869,8.554,3.803,0.0,113.9,3.352,12.38,62.4,33.6,0.5676,0.004673,0.006965,0.01206,0.1507,0.0,0.0,0.0,0.0,0.0,0.0,0.0,0.0,0.0,0.0,0.0,0.0,0.0,0.0,0.0,0.0,0.0,0.0,0.0,0.0,0.0,0.0,0.0,0.0,1.002E-4,0.0,94610.0,98700.0,109800.0,57310.0,2.469E7,26430.0,19040.0,23290.0,23380.0,21630.0,0.0,2.099E-37,1.041E-37,7.234E-37,4.576E-37,4.635E-38,9.71E-39,2.959E-39,1.1049999999999999E-39,1.268E-39,1.991E-39,2.08E-35,0.0,0.3077,1.107,1.733,0.8002,0.2124,0.01878,0.006057,0.002165,0.002183,0.00248,0.0,0.0,3.565E-4,3.296E-4,6.052E-4,0.9966,4.709E-4,3.414E-4,7.72E-4,4.953E-5,4.702E-4,0.0,0.01819,0.001587,0.002146,0.001417,0.1717,0.005431,0.001386,5.533E-4,4.461E-4,2.689E-4,
0.0,1404.0,196.4,121.0,58.74,0.004451,2.188,0.5654,0.2283,0.3676,0.06611,0.0,344.0,0.09986,1.318,0.105,0.15,0.2708,0.1489,0.05083,3.895,10.17,0.0,344.0,0.09986,1.318,0.105,0.15,0.2708,0.1489,0.05083,3.895,10.17,0.0,0.0,0.0,0.0,0.0,0.0,0.0,0.0,0.0,0.0,0.0,0.0,19.87,163.3,71.87,38.65,1189.0,206.1,7.93,7.869,8.554,3.803,0.0,113.9,3.351,11.88,61.2,35.08,0.5609,0.004566,0.00694,0.01197,0.1492,0.0,0.0,0.0,0.0,0.0,0.0,0.0,0.0,0.0,0.0,0.0,0.0,0.0,0.0,0.0,0.0,0.0,0.0,0.0,0.0,0.0,0.0,0.0,0.0,5.839E-4,0.0,94750.0,98380.0,102400.0,55350.0,2.509E7,26120.0,19270.0,23630.0,23380.0,21600.0,0.0,2.1459999999999998E-37,1.027E-37,7.305E-37,4.502E-37,3.65E-38,1.202E-38,2.958E-39,1.1029999999999999E-39,1.268E-39,1.989E-39,2.08E-35,0.0,0.3137,1.098,1.783,0.7959,0.1573,0.02203,0.006068,0.002172,0.00219,0.002468,0.0,0.0,3.565E-4,3.296E-4,6.052E-4,0.9966,4.709E-4,3.414E-4,7.72E-4,4.953E-5,4.702E-4,0.0,0.01822,0.001581,0.002104,0.00142,0.1716,0.005319,0.00138,5.614E-4,4.497E-4,2.64E-4,
0.0,1404.0,183.6,131.5,60.64,0.003156,1.883,0.5651,0.2286,0.3681,0.06697,0.0,344.0,0.09915,1.316,0.09881,0.1518,0.2742,0.1503,0.05065,4.435,9.631,0.0,344.0,0.09915,1.316,0.09881,0.1518,0.2742,0.1503,0.05065,4.435,9.631,0.0,0.0,0.0,0.0,0.0,0.0,0.0,0.0,0.0,0.0,0.0,0.0,19.87,166.6,71.97,39.33,1192.0,206.1,7.93,7.869,8.554,3.803,0.0,113.9,2.895,8.626,64.19,35.02,0.9205,0.004532,0.006935,0.01193,0.1475,0.0,0.0,0.0,0.0,0.0,0.0,0.0,0.0,0.0,0.0,0.0,0.0,0.0,0.0,0.0,0.0,0.0,0.0,0.0,0.0,0.0,0.0,0.0,0.0,1.0E-4,0.0,94870.0,100500.0,96110.0,53930.0,2.607E7,27720.0,19910.0,24420.0,23640.0,21970.0,0.0,2.1459999999999998E-37,9.991E-38,7.3299999999999994E-37,4.449E-37,3.822E-38,1.288E-38,2.9539999999999996E-39,1.1E-39,1.2669999999999999E-39,1.987E-39,2.08E-35,0.0,0.314,1.036,1.835,0.797,0.16,0.02331,0.006063,0.002176,0.002195,0.00246,0.0,0.0,3.565E-4,3.296E-4,6.052E-4,0.9966,4.709E-4,3.414E-4,7.72E-4,4.953E-5,4.702E-4,0.0,0.01825,0.001599,0.002059,0.001417,0.1717,0.005274,0.001391,5.494E-4,4.551E-4,2.596E-4,
0.0,1404.0,183.6,129.5,59.46,0.003666,1.848,0.5645,0.2293,0.3687,0.07013,0.0,344.0,0.1286,1.261,0.0922,0.1897,0.267,0.1499,0.04959,4.413,9.652,0.0,344.0,0.1286,1.261,0.0922,0.1897,0.267,0.1499,0.04959,4.413,9.652,0.0,0.0,0.0,0.0,0.0,0.0,0.0,0.0,0.0,0.0,0.0,0.0,19.87,168.7,72.34,39.39,1194.0,206.1,7.93,7.869,8.554,3.803,0.0,113.9,2.84,8.115,67.16,34.79,0.6637,0.004514,0.0069,0.01116,0.1441,0.0,0.0,0.0,0.0,0.0,0.0,0.0,0.0,0.0,0.0,0.0,0.0,0.0,0.0,0.0,0.0,0.0,0.0,0.0,0.0,0.0,0.0,0.0,0.0,1.0E-4,0.0,95010.0,100500.0,96110.0,53990.0,2.74E7,27580.0,20720.0,25540.0,23810.0,22520.0,0.0,2.1459999999999998E-37,1.229E-37,6.9639999999999995E-37,4.4579999999999995E-37,5.061E-38,1.015E-38,2.949E-39,1.097E-39,1.268E-39,1.983E-39,2.08E-35,0.0,0.3143,1.07,1.78,0.7981,0.1787,0.01921,0.006056,0.002184,0.002194,0.002457,0.0,0.0,3.565E-4,3.296E-4,6.052E-4,0.9966,4.709E-4,3.414E-4,7.72E-4,4.953E-5,4.702E-4,0.0,0.0183,0.001598,0.002035,0.001438,0.1717,0.005148,0.001393,5.474E-4,4.541E-4,2.595E-4,
0.0,1404.0,176.0,135.7,59.03,0.003578,2.898,0.6856,0.3847,0.3691,0.06956,0.0,344.0,0.098,1.331,0.09457,0.158,0.261,0.1496,0.04938,4.482,9.574,0.0,344.0,0.098,1.331,0.09457,0.158,0.261,0.1496,0.04938,4.482,9.574,0.0,0.0,0.0,0.0,0.0,0.0,0.0,0.0,0.0,0.0,0.0,0.0,19.87,169.8,72.35,39.44,1190.0,206.1,7.928,7.864,8.554,3.8,0.0,113.9,3.162,8.384,66.58,34.71,0.6634,0.004511,0.006893,0.01116,0.1442,0.0,0.0,0.0,0.0,0.0,0.0,0.0,0.0,0.0,0.0,0.0,0.0,0.0,0.0,0.0,0.0,0.0,0.0,0.0,0.0,0.0,0.0,0.0,0.0,4.275E-4,0.0,95260.0,100400.0,93240.0,53180.0,2.896E7,27840.0,21630.0,26880.0,24530.0,24440.0,0.0,2.1459999999999998E-37,9.622E-38,7.284E-37,4.39E-37,4.057E-38,1.536E-38,3.4049999999999996E-39,1.6749999999999998E-39,1.643E-39,3.717E-39,2.08E-35,0.0,0.3145,1.007,1.848,0.7924,0.1632,0.02706,0.006725,0.003055,0.002772,0.00511,0.0,0.0,3.565E-4,3.296E-4,6.052E-4,0.9966,4.709E-4,3.414E-4,7.72E-4,4.953E-5,4.702E-4,0.0,0.01841,0.001601,0.002009,0.00143,0.1718,0.005004,0.001388,5.481E-4,4.592E-4,2.776E-4,
0.0,1406.0,174.7,137.4,57.29,0.003532,2.48,0.5715,0.3213,0.3692,0.07063,0.0,344.0,0.09874,1.333,0.08718,0.157,0.2793,0.1273,0.05118,4.478,9.58,0.0,344.0,0.09874,1.333,0.08718,0.157,0.2793,0.1273,0.05118,4.478,9.58,0.0,0.0,0.0,0.0,0.0,0.0,0.0,0.0,0.0,0.0,0.0,0.0,19.87,172.2,72.89,39.34,1172.0,206.1,8.052,8.029,8.515,3.78,0.0,113.9,3.073,7.991,66.31,34.66,0.6632,0.004573,0.006971,0.01102,0.1431,0.0,0.0,0.0,0.0,0.0,0.0,0.0,0.0,0.0,0.0,0.0,0.0,0.0,0.0,0.0,0.0,0.0,0.0,0.0,0.0,0.0,0.0,0.0,0.0,4.097E-4,0.0,95460.0,100400.0,91410.0,53020.0,3.061E7,29170.0,21700.0,28210.0,25090.0,24760.0,0.0,2.259E-37,9.545E-38,7.259E-37,4.2899999999999995E-37,4.034E-38,1.344E-38,3.354E-39,1.618E-39,1.714E-39,3.606E-39,2.08E-35,0.0,0.3318,0.9991,1.838,0.79,0.1629,0.02484,0.006095,0.003122,0.002884,0.004943,0.0,0.0,3.565E-4,3.296E-4,6.052E-4,0.9966,4.709E-4,3.414E-4,7.72E-4,4.953E-5,4.702E-4,0.0,0.0185,0.001596,0.002001,0.001414,0.1716,0.005269,0.00105,5.484E-4,4.584E-4,2.766E-4,
0.0,1407.0,174.3,136.3,57.73,0.002633,2.212,0.5705,0.3229,0.3662,0.07409,0.0,344.0,0.1047,1.332,0.08735,0.1576,0.2773,0.1285,0.06729,3.203,10.83,0.0,344.0,0.1047,1.332,0.08735,0.1576,0.2773,0.1285,0.06729,3.203,10.83,0.0,0.0,0.0,0.0,0.0,0.0,0.0,0.0,0.0,0.0,0.0,0.0,19.87,173.0,72.78,39.39,1169.0,206.3,8.067,8.078,8.527,3.792,0.0,113.9,2.934,7.813,66.15,34.78,0.5918,0.004556,0.006927,0.01079,0.1423,0.0,0.0,0.0,0.0,0.0,0.0,0.0,0.0,0.0,0.0,0.0,0.0,0.0,0.0,0.0,0.0,0.0,0.0,0.0,0.0,0.0,0.0,0.0,0.0,1.0E-4,0.0,96070.0,100100.0,87670.0,53200.0,3.214E7,30940.0,21930.0,29220.0,24340.0,24980.0,0.0,2.436E-37,9.513E-38,7.035E-37,4.319E-37,4.102E-38,1.151E-38,3.349E-39,1.619E-39,1.708E-39,3.607E-39,2.08E-35,0.0,0.3581,0.996,1.809,0.7956,0.1639,0.02197,0.006087,0.003116,0.002878,0.004948,0.0,0.0,3.565E-4,3.296E-4,6.052E-4,0.9966,4.709E-4,3.414E-4,7.72E-4,4.953E-5,4.702E-4,0.0,0.01858,0.001593,0.001971,0.001413,0.1716,0.0052,0.001041,5.454E-4,4.611E-4,2.772E-4,
0.0,1400.0,175.4,134.1,66.28,0.002844,2.208,0.5704,0.323,0.3677,0.07341,0.0,344.0,0.128,1.266,0.1027,0.178,0.2772,0.1284,0.06808,2.378,11.65,0.0,344.0,0.128,1.266,0.1027,0.178,0.2772,0.1284,0.06808,2.378,11.65,0.0,0.0,0.0,0.0,0.0,0.0,0.0,0.0,0.0,0.0,0.0,0.0,19.86,178.6,74.23,40.54,1165.0,207.1,8.047,8.067,8.489,3.78,0.0,112.3,4.301,9.218,60.53,36.0,0.6796,0.004544,0.1934,0.01278,0.1395,0.0,0.0,0.0,0.0,0.0,0.0,0.0,0.0,0.0,0.0,0.0,0.0,0.0,0.0,0.0,0.0,0.0,0.0,0.0,0.0,0.0,0.0,0.0,0.0,1.0E-4,0.0,96040.0,100300.0,89210.0,54400.0,3.199E7,31800.0,21300.0,28960.0,23080.0,23970.0,0.0,2.2089999999999998E-37,9.651E-38,6.648999999999999E-37,4.488E-37,5.424E-38,1.172E-38,3.345E-39,2.2469999999999998E-39,1.712E-39,3.599E-39,2.08E-35,0.0,0.3247,0.9891,1.769,0.8403,0.1833,0.02242,0.006086,0.003996,0.002889,0.004937,0.0,0.0,3.565E-4,3.296E-4,6.052E-4,0.9966,4.709E-4,3.414E-4,7.72E-4,4.953E-5,4.702E-4,0.0,0.0186,0.001616,0.001973,0.001436,0.1716,0.005159,0.001037,5.491E-4,4.849E-4,2.535E-4,
0.0,1396.0,181.3,136.8,61.74,0.008952,3.999,0.5711,0.324,0.3677,0.07573,0.0,344.0,0.105,1.306,0.09188,0.1581,0.2887,0.127,0.06645,1.524,12.51,0.0,344.0,0.105,1.306,0.09188,0.1581,0.2887,0.127,0.06645,1.524,12.51,0.0,0.0,0.0,0.0,0.0,0.0,0.0,0.0,0.0,0.0,0.0,0.0,19.83,184.8,73.63,40.67,1168.0,207.1,8.047,8.067,8.489,3.78,0.0,110.2,2.832,6.656,65.96,34.48,0.6781,0.004541,0.005812,0.01255,0.1376,0.0,0.0,0.0,0.0,0.0,0.0,0.0,0.0,0.0,0.0,0.0,0.0,0.0,0.0,0.0,0.0,0.0,0.0,0.0,0.0,0.0,0.0,0.0,0.0,9.194E-4,0.0,96100.0,100300.0,89800.0,52080.0,3.0E7,30320.0,20590.0,27150.0,22290.0,22800.0,0.0,1.956E-37,8.929E-38,6.701E-37,4.492E-37,4.239E-38,1.937E-38,3.346E-39,1.609E-39,1.71E-39,3.598E-39,2.08E-35,0.0,0.3016,0.9909,1.798,0.8296,0.1656,0.0348,0.006082,0.003124,0.002887,0.004942,0.0,0.0,3.565E-4,3.296E-4,6.052E-4,0.9966,4.709E-4,3.414E-4,7.72E-4,4.953E-5,4.702E-4,0.0,0.01863,0.001657,0.001946,0.001447,0.1716,0.005072,0.001037,5.474E-4,4.841E-4,2.56E-4,
0.0,1393.0,186.8,138.5,64.91,0.07159,3.083,0.5663,0.3116,0.3746,0.6156,0.0,344.0,0.1077,1.797,0.08993,0.1572,0.2836,0.1136,0.05162,1.627,11.94,0.0,344.0,0.1077,1.797,0.08993,0.1572,0.2836,0.1136,0.05162,1.627,11.94,0.0,0.0,0.0,0.0,0.0,0.0,0.0,0.0,0.0,0.0,0.0,0.0,19.82,185.9,71.15,39.93,1167.0,224.4,4.838,3.404,6.583,2.216,0.0,108.7,2.87,6.098,59.09,34.48,0.6774,0.004553,0.005819,0.01764,0.1907,0.0,0.0,0.0,0.0,0.0,0.0,0.0,0.0,0.0,0.0,0.0,0.0,0.0,0.0,0.0,0.0,0.0,0.0,0.0,0.0,0.0,0.0,0.0,0.0,1.001E-4,0.0,96200.0,99910.0,86310.0,49730.0,2.945E7,30850.0,20350.0,26730.0,21980.0,23120.0,0.0,1.8129999999999999E-37,9.819E-38,6.557E-37,4.444E-37,4.239E-38,1.3009999999999999E-38,3.293E-39,1.532E-39,1.691E-39,1.452E-38,2.08E-35,0.0,0.2941,1.016,1.778,0.8056,0.1659,0.02714,0.00603,0.003031,0.004104,0.03369,0.0,0.0,3.565E-4,3.296E-4,6.052E-4,0.9966,4.709E-4,3.414E-4,7.72E-4,4.953E-5,4.702E-4,0.0,0.01866,0.001643,0.001915,0.00144,0.1712,0.005008,0.001035,5.41E-4,4.757E-4,2.78E-4,
0.0,1390.0,189.3,139.2,66.76,0.02391,3.525,0.583,0.3315,0.3842,0.112,0.0,344.0,0.1082,1.424,0.09559,0.1572,0.2413,0.114,0.05254,1.869,12.07,0.0,344.0,0.1082,1.424,0.09559,0.1572,0.2413,0.114,0.05254,1.869,12.07,0.0,0.0,0.0,0.0,0.0,0.0,0.0,0.0,0.0,0.0,0.0,0.0,19.82,185.7,72.25,41.84,1163.0,215.0,7.128,5.615,7.576,2.982,0.0,108.0,3.656,5.848,57.55,34.52,0.6732,0.006475,0.008046,0.01602,0.157,0.0,0.0,0.0,0.0,0.0,0.0,0.0,0.0,0.0,0.0,0.0,0.0,0.0,0.0,0.0,0.0,0.0,0.0,0.0,0.0,0.0,0.0,0.0,0.0,6.169E-4,0.0,96640.0,100200.0,84490.0,48590.0,2.964E7,30080.0,19780.0,26690.0,20650.0,22610.0,0.0,1.7609999999999999E-37,1.0E-37,6.696E-37,4.409E-37,4.239E-38,1.414E-38,3.365E-39,1.615E-39,1.526E-39,2.9209999999999998E-39,2.08E-35,0.0,0.2851,1.022,1.797,0.8141,0.1659,0.0314,0.006166,0.003196,0.003329,0.006434,0.0,0.0,3.565E-4,3.296E-4,6.052E-4,0.9966,4.709E-4,3.414E-4,7.72E-4,4.953E-5,4.702E-4,0.0,0.01886,0.00164,0.001917,0.001436,0.1713,0.004763,0.001028,5.457E-4,4.833E-4,2.744E-4,
0.0,1376.0,202.5,140.3,67.65,0.02106,3.154,0.5915,0.3404,0.3917,0.126,0.0,344.0,0.1083,1.428,0.08947,0.157,0.2336,0.1176,0.04739,0.7718,13.18,0.0,344.0,0.1083,1.428,0.08947,0.157,0.2336,0.1176,0.04739,0.7718,13.18,0.0,0.0,0.0,0.0,0.0,0.0,0.0,0.0,0.0,0.0,0.0,0.0,19.78,188.9,73.31,43.66,1163.0,205.1,9.586,7.984,8.693,3.779,0.0,104.7,6.15,5.775,56.8,34.52,0.6703,0.005265,0.006737,0.01376,0.1436,0.0,0.0,0.0,0.0,0.0,0.0,0.0,0.0,0.0,0.0,0.0,0.0,0.0,0.0,0.0,0.0,0.0,0.0,0.0,0.0,0.0,0.0,0.0,0.0,1.0E-4,0.0,96540.0,100100.0,83020.0,46700.0,2.821E7,28850.0,18990.0,25660.0,19690.0,21420.0,0.0,1.404E-37,1.2879999999999999E-37,6.648E-37,4.42E-37,4.24E-38,1.325E-38,3.3869999999999996E-39,1.638E-39,1.541E-39,2.9209999999999998E-39,2.08E-35,0.0,0.2273,1.071,1.799,0.8194,0.1659,0.02728,0.00622,0.003249,0.003368,0.006444,0.0,0.0,3.585E-4,3.315E-4,6.087E-4,0.9966,4.736E-4,3.433E-4,7.765E-4,4.982E-5,4.729E-4,0.0,0.01884,0.001671,0.001919,0.001443,0.1713,0.004686,0.001046,5.375E-4,4.907E-4,2.759E-4,
0.0,1362.0,227.5,131.2,73.92,0.009651,2.705,0.6031,0.3551,0.3992,0.1334,0.0,344.0,0.1261,1.31,0.08526,0.2643,0.2278,0.1182,0.05081,0.7779,13.17,0.0,344.0,0.1261,1.31,0.08526,0.2643,0.2278,0.1182,0.05081,0.7779,13.17,0.0,0.0,0.0,0.0,0.0,0.0,0.0,0.0,0.0,0.0,0.0,0.0,19.73,190.9,89.99,42.57,1153.0,203.9,9.848,8.234,8.816,3.858,0.0,101.4,2.662,5.583,65.0,23.99,0.5538,0.004643,0.005891,0.01297,0.1391,0.0,0.0,0.0,0.0,0.0,0.0,0.0,0.0,0.0,0.0,0.0,0.0,0.0,0.0,0.0,0.0,0.0,0.0,0.0,0.0,0.0,0.0,0.0,0.0,7.642E-4,0.0,96360.0,162500.0,672600.0,36510.0,2.6E7,54790.0,16360.0,20130.0,18590.0,17760.0,0.0,1.112E-37,1.013E-37,6.0809999999999995E-37,4.4979999999999995E-37,8.651E-38,1.101E-38,3.2779999999999996E-39,1.529E-39,1.46E-39,2.923E-39,2.08E-35,0.0,0.1801,1.147,1.685,0.8339,0.2336,0.02361,0.005919,0.00294,0.003119,0.006487,0.0,0.0,0.003133,0.02472,2.885E-4,0.9689,0.001691,2.615E-4,5.914E-4,3.794E-5,3.601E-4,0.0,0.01881,0.002097,0.005569,0.001395,0.1671,0.004795,0.00104,5.037E-4,4.897E-4,2.596E-4,
0.0,1343.0,242.0,137.5,74.78,0.009657,3.088,0.6025,0.3552,0.3996,0.1353,0.0,344.1,0.1227,1.346,0.08775,0.2295,0.2246,0.1202,0.04866,0.7749,13.17,0.0,344.1,0.1227,1.346,0.08775,0.2295,0.2246,0.1202,0.04866,0.7749,13.17,0.0,0.0,0.0,0.0,0.0,0.0,0.0,0.0,0.0,0.0,0.0,0.0,19.69,192.9,86.26,42.58,1159.0,202.9,9.851,8.24,8.816,3.862,0.0,97.17,4.5,5.499,63.88,24.0,0.5513,0.004529,0.005767,0.01256,0.1372,0.0,0.0,0.0,0.0,0.0,0.0,0.0,0.0,0.0,0.0,0.0,0.0,0.0,0.0,0.0,0.0,0.0,0.0,0.0,0.0,0.0,0.0,0.0,0.0,6.459E-4,0.0,96280.0,159900.0,514600.0,34590.0,2.488E7,19170.0,16120.0,19570.0,18450.0,17260.0,0.0,8.211E-38,1.078E-37,6.219E-37,4.489E-37,7.364E-38,1.209E-38,3.274E-39,1.52E-39,1.459E-39,2.918E-39,2.08E-35,0.0,0.133,1.165,1.729,0.8345,0.2133,0.0256,0.005906,0.002927,0.003118,0.00648,0.0,0.0,0.00318,0.01912,2.928E-4,0.9759,2.237E-4,2.654E-4,6.002E-4,3.851E-5,3.655E-4,0.0,0.01881,0.002144,0.004747,0.001398,0.168,0.004507,0.001038,5.053E-4,4.894E-4,2.606E-4,
0.0,1339.0,241.7,144.0,68.26,0.1727,2.932,0.5973,0.3473,0.4037,0.1329,0.0,344.1,0.1177,1.442,0.09292,0.1191,0.2268,0.1245,0.04859,0.7874,13.15,0.0,344.1,0.1177,1.442,0.09292,0.1191,0.2268,0.1245,0.04859,0.7874,13.15,0.0,0.0,0.0,0.0,0.0,0.0,0.0,0.0,0.0,0.0,0.0,0.0,19.68,195.2,75.52,42.8,1169.0,203.2,9.776,8.152,8.794,3.861,0.0,96.32,2.537,5.413,69.31,24.03,0.5547,0.004502,0.006044,0.0124,0.1365,0.0,0.0,0.0,0.0,0.0,0.0,0.0,0.0,0.0,0.0,0.0,0.0,0.0,0.0,0.0,0.0,0.0,0.0,0.0,0.0,0.0,0.0,0.0,0.0,1.0E-4,0.0,96260.0,106400.0,104800.0,37790.0,2.502E7,19990.0,16510.0,20070.0,18780.0,17430.0,0.0,7.731E-38,1.004E-37,6.576E-37,4.428E-37,3.289E-38,1.163E-38,3.1349999999999996E-39,1.333E-39,1.4629999999999999E-39,2.897E-39,2.08E-35,0.0,0.1252,1.135,1.81,0.8409,0.1496,0.02567,0.005816,0.002791,0.003127,0.006447,0.0,0.0,7.248E-4,7.467E-4,3.065E-4,0.9967,2.342E-4,2.778E-4,6.283E-4,4.031E-5,3.826E-4,0.0,0.01881,0.001797,0.002063,0.001416,0.1707,0.004482,0.001041,5.102E-4,4.956E-4,2.567E-4,
0.0,1339.0,235.5,142.2,71.91,0.1732,2.923,0.5977,0.3657,0.3805,0.1361,0.0,344.1,0.1265,1.434,0.08788,0.1218,0.2227,0.1251,0.051,0.4503,13.49,0.0,344.1,0.1265,1.434,0.08788,0.1218,0.2227,0.1251,0.051,0.4503,13.49,0.0,0.0,0.0,0.0,0.0,0.0,0.0,0.0,0.0,0.0,0.0,0.0,19.68,199.1,75.19,44.45,1159.0,203.2,9.779,8.462,8.437,4.034,0.0,96.32,3.093,5.876,70.16,24.55,0.5504,0.004527,0.006674,0.01231,0.2595,0.0,0.0,0.0,0.0,0.0,0.0,0.0,0.0,0.0,0.0,0.0,0.0,0.0,0.0,0.0,0.0,0.0,0.0,0.0,0.0,0.0,0.0,0.0,0.0,1.0E-4,0.0,96410.0,108500.0,102100.0,38570.0,2.4E7,19530.0,17140.0,21000.0,19300.0,17280.0,0.0,7.734E-38,1.0009999999999999E-37,6.541E-37,4.4389999999999996E-37,3.18E-38,1.146E-38,3.1349999999999996E-39,1.3549999999999999E-39,1.4359999999999999E-39,2.648E-39,2.08E-35,0.0,0.1253,1.112,1.806,0.8589,0.1503,0.02557,0.005818,0.002842,0.003059,0.006612,0.0,0.0,8.012E-4,8.255E-4,3.388E-4,0.9963,2.589E-4,3.071E-4,6.946E-4,4.456E-5,4.23E-4,0.0,0.01887,0.001813,0.002053,0.001432,0.1706,0.004375,0.001049,5.154E-4,4.979E-4,2.648E-4,
0.0,1339.0,233.7,137.9,75.09,0.1735,2.814,0.5149,0.2697,0.3385,0.1,0.0,344.1,0.1266,1.427,0.09038,0.1232,0.24,0.1196,0.04388,0.4474,13.49,0.0,344.1,0.1266,1.427,0.09038,0.1232,0.24,0.1196,0.04388,0.4474,13.49,0.0,0.0,0.0,0.0,0.0,0.0,0.0,0.0,0.0,0.0,0.0,0.0,19.68,208.1,66.73,46.51,1158.0,204.0,9.538,8.214,8.281,4.042,0.0,96.32,3.464,10.87,66.63,24.6,0.5467,0.004629,0.01045,0.008762,0.1489,0.0,0.0,0.0,0.0,0.0,0.0,0.0,0.0,0.0,0.0,0.0,0.0,0.0,0.0,0.0,0.0,0.0,0.0,0.0,0.0,0.0,0.0,0.0,0.0,1.0E-4,0.0,96510.0,109100.0,98150.0,39630.0,2.315E7,19950.0,17700.0,21670.0,19820.0,17720.0,0.0,7.735E-38,1.02E-37,6.498E-37,4.457E-37,3.073E-38,1.07E-38,2.952E-39,1.1479999999999999E-39,1.3409999999999999E-39,2.378E-39,2.08E-35,0.0,0.1254,1.119,1.795,0.8601,0.1511,0.02413,0.005552,0.00253,0.002917,0.006227,0.0,0.0,8.612E-4,8.873E-4,3.642E-4,0.996,2.783E-4,3.301E-4,7.467E-4,4.791E-5,4.547E-4,0.0,0.01892,0.001807,0.002036,0.001458,0.1704,0.004318,0.001053,5.281E-4,4.927E-4,2.695E-4,
0.0,1339.0,201.1,165.1,71.95,0.178,6.241,0.5488,0.3336,0.3526,0.1248,0.0,344.1,0.1155,1.423,0.1176,0.125,0.2483,0.1193,0.222,1.338,12.39,0.0,344.1,0.1155,1.423,0.1176,0.125,0.2483,0.1193,0.222,1.338,12.39,0.0,0.0,0.0,0.0,0.0,0.0,0.0,0.0,0.0,0.0,0.0,0.0,19.68,214.3,66.18,44.81,1135.0,219.2,3.887,4.332,5.841,2.322,0.0,96.32,3.461,11.68,64.23,30.35,0.606,0.007426,0.007663,0.008669,0.1485,0.0,0.0,0.0,0.0,0.0,0.0,0.0,0.0,0.0,0.0,0.0,0.0,0.0,0.0,0.0,0.0,0.0,0.0,0.0,0.0,0.0,0.0,0.0,0.0,1.002E-4,0.0,96600.0,109500.0,100800.0,39190.0,2.245E7,20340.0,18010.0,21610.0,20410.0,17800.0,0.0,7.735E-38,9.291E-38,6.509E-37,4.348E-37,3.22E-38,2.441E-38,3.032E-39,1.322E-39,1.221E-39,2.686E-39,2.08E-35,0.0,0.1254,0.9702,1.921,0.827,0.169,0.05784,0.005619,0.00283,0.002284,0.007422,0.0,0.0,8.888E-4,9.157E-4,3.759E-4,0.9959,2.872E-4,3.407E-4,7.705E-4,4.944E-5,4.692E-4,0.0,0.01894,0.001791,0.002076,0.001465,0.17,0.004294,0.001039,5.243E-4,4.864E-4,2.685E-4,
0.0,1332.0,211.4,165.4,65.21,0.1732,6.992,0.8167,0.3032,0.3562,0.1189,0.0,344.1,0.1024,1.463,0.08383,0.1271,0.2309,0.1231,0.2199,1.331,12.41,0.0,344.1,0.1024,1.463,0.08383,0.1271,0.2309,0.1231,0.2199,1.331,12.41,0.0,0.0,0.0,0.0,0.0,0.0,0.0,0.0,0.0,0.0,0.0,0.0,19.65,215.5,70.69,41.95,1114.0,222.0,3.845,2.45,5.747,2.295,0.0,93.97,2.761,6.66,73.47,28.54,0.5462,0.007351,0.007588,0.008615,0.1485,0.0,0.0,0.0,0.0,0.0,0.0,0.0,0.0,0.0,0.0,0.0,0.0,0.0,0.0,0.0,0.0,0.0,0.0,0.0,0.0,0.0,0.0,0.0,0.0,6.668E-4,0.0,96600.0,110500.0,97290.0,43340.0,2.222E7,19480.0,18340.0,21590.0,21180.0,17840.0,0.0,6.731E-38,8.449999999999999E-38,6.58E-37,4.241E-37,3.235E-38,2.621E-38,4.01E-39,1.2129999999999999E-39,1.2899999999999999E-39,2.5709999999999998E-39,2.08E-35,0.0,0.1221,0.9706,1.924,0.8053,0.1649,0.06084,0.007891,0.002579,0.002566,0.006949,0.0,0.0,8.888E-4,9.157E-4,3.759E-4,0.9959,2.872E-4,3.407E-4,7.705E-4,4.944E-5,4.692E-4,0.0,0.01894,0.001789,0.002084,0.001469,0.17,0.004262,0.00104,5.237E-4,4.867E-4,2.667E-4,
0.0,1332.0,214.3,163.8,70.17,0.1754,3.63,0.4244,0.2722,0.3229,0.3816,0.0,344.1,0.1604,1.308,0.1104,0.1452,0.2434,0.1265,0.2171,1.29,12.48,0.0,344.1,0.1604,1.308,0.1104,0.1452,0.2434,0.1265,0.2171,1.29,12.48,0.0,0.0,0.0,0.0,0.0,0.0,0.0,0.0,0.0,0.0,0.0,0.0,19.65,221.2,69.17,32.44,1120.0,232.1,3.221,2.364,5.57,2.346,0.0,93.98,3.799,7.739,67.1,28.5,1.172,0.06171,0.02113,0.02559,0.1484,0.0,0.0,0.0,0.0,0.0,0.0,0.0,0.0,0.0,0.0,0.0,0.0,0.0,0.0,0.0,0.0,0.0,0.0,0.0,0.0,0.0,0.0,0.0,0.0,5.748E-4,0.0,97170.0,109400.0,94810.0,44520.0,2.267E7,19390.0,18500.0,22080.0,21150.0,17940.0,0.0,7.038E-38,1.164E-37,6.168E-37,4.1699999999999995E-37,3.979E-38,2.67E-38,2.001E-39,9.67E-40,1.106E-39,4.082E-39,2.08E-35,0.0,0.1268,1.026,1.852,0.8189,0.1756,0.04294,0.004592,0.002339,0.00283,0.008581,0.0,0.0,8.888E-4,9.157E-4,3.759E-4,0.9959,2.872E-4,3.407E-4,7.705E-4,4.944E-5,4.692E-4,0.0,0.01896,0.001772,0.002047,0.001459,0.17,0.004275,0.001039,5.183E-4,4.856E-4,2.721E-4,
0.0,1327.0,214.1,171.7,77.82,0.2841,2.633,0.438,0.1583,0.3343,0.1555,0.0,344.1,0.1038,1.392,0.08556,0.1543,0.2353,0.1216,0.2119,0.5243,13.26,0.0,344.1,0.1038,1.392,0.08556,0.1543,0.2353,0.1216,0.2119,0.5243,13.26,0.0,0.0,0.0,0.0,0.0,0.0,0.0,0.0,0.0,0.0,0.0,0.0,19.64,212.4,58.71,58.48,1111.0,226.4,4.075,2.51,5.892,2.48,0.0,93.91,2.564,5.879,61.12,28.47,0.5463,0.008507,0.007812,0.008944,0.1484,0.0,0.0,0.0,0.0,0.0,0.0,0.0,0.0,0.0,0.0,0.0,0.0,0.0,0.0,0.0,0.0,0.0,0.0,0.0,0.0,0.0,0.0,0.0,0.0,1.0E-4,0.0,97570.0,112200.0,94480.0,44260.0,2.346E7,18630.0,18200.0,22670.0,19940.0,18020.0,0.0,7.245E-38,7.388E-38,6.397E-37,4.4E-37,4.314E-38,1.0139999999999999E-38,2.1879999999999998E-39,6.23E-40,1.063E-39,2.9899999999999996E-39,2.08E-35,0.0,0.1291,0.9647,1.897,0.8497,0.1814,0.02266,0.00448,0.001465,0.002249,0.007727,0.0,0.0,8.888E-4,9.157E-4,3.759E-4,0.9959,2.872E-4,3.407E-4,7.705E-4,4.944E-5,4.692E-4,0.0,0.01901,0.001701,0.001943,0.001671,0.17,0.004181,0.001046,5.215E-4,4.886E-4,2.749E-4,
0.0,1314.0,226.6,172.7,76.78,0.2054,3.837,0.5083,0.2339,0.3632,0.2214,0.0,344.1,0.09261,1.406,0.08211,0.1285,0.2198,0.1357,0.251,0.5052,13.26,0.0,344.1,0.09261,1.406,0.08211,0.1285,0.2198,0.1357,0.251,0.5052,13.26,0.0,0.0,0.0,0.0,0.0,0.0,0.0,0.0,0.0,0.0,0.0,0.0,19.62,213.3,58.41,60.08,1113.0,223.7,4.669,2.727,6.235,2.837,0.0,91.23,3.898,5.63,61.48,28.33,0.5469,0.006828,0.007401,0.008388,0.1199,0.0,0.0,0.0,0.0,0.0,0.0,0.0,0.0,0.0,0.0,0.0,0.0,0.0,0.0,0.0,0.0,0.0,0.0,0.0,0.0,0.0,0.0,0.0,0.0,1.0E-4,0.0,97570.0,113400.0,93600.0,43530.0,2.467E7,18360.0,18410.0,23530.0,19610.0,18610.0,0.0,5.938E-38,7.328E-38,6.503E-37,4.341E-37,3.557E-38,1.479E-38,2.3589999999999998E-39,8.194E-40,1.1909999999999999E-39,3.416E-39,2.08E-35,0.0,0.1058,0.9747,1.913,0.8434,0.1693,0.03379,0.004818,0.001814,0.002637,0.007944,0.0,0.0,8.888E-4,9.157E-4,3.759E-4,0.9959,2.872E-4,3.407E-4,7.705E-4,4.944E-5,4.692E-4,0.0,0.01903,0.001717,0.001937,0.001681,0.1701,0.00412,0.001046,5.212E-4,4.891E-4,2.783E-4,
0.0,1314.0,225.8,172.6,78.52,0.1642,4.686,0.5657,0.3021,0.3664,0.2218,0.0,344.1,0.1032,1.364,0.0827,0.1365,0.2231,0.1367,0.281,0.47,13.27,0.0,344.1,0.1032,1.364,0.0827,0.1365,0.2231,0.1367,0.281,0.47,13.27,0.0,0.0,0.0,0.0,0.0,0.0,0.0,0.0,0.0,0.0,0.0,0.0,19.62,215.7,61.83,62.13,1100.0,216.2,6.318,3.146,7.063,3.996,0.0,91.23,2.567,6.803,58.82,28.76,0.5414,0.006077,0.008539,0.006551,0.1104,0.0,0.0,0.0,0.0,0.0,0.0,0.0,0.0,0.0,0.0,0.0,0.0,0.0,0.0,0.0,0.0,0.0,0.0,0.0,0.0,0.0,0.0,0.0,0.0,1.0E-4,0.0,97600.0,114700.0,98890.0,42210.0,2.612E7,19080.0,18940.0,24850.0,19630.0,19230.0,0.0,5.938E-38,7.897E-38,6.24E-37,4.2709999999999995E-37,4.051E-38,1.966E-38,2.5209999999999998E-39,1.016E-39,1.212E-39,3.271E-39,2.08E-35,0.0,0.1058,0.9849,1.882,0.8366,0.1755,0.04345,0.005189,0.002257,0.002746,0.007642,0.0,0.0,8.888E-4,9.157E-4,3.759E-4,0.9959,2.872E-4,3.407E-4,7.705E-4,4.944E-5,4.692E-4,0.0,0.01904,0.00173,0.001954,0.001673,0.17,0.004069,0.001043,5.52E-4,4.694E-4,2.803E-4,
0.0,1306.0,235.0,165.9,78.26,0.0645,7.377,0.5922,0.2898,0.3787,0.1275,0.0,344.1,0.09222,1.343,0.1053,0.1366,0.2211,0.137,0.2793,0.479,13.27,0.0,344.1,0.09222,1.343,0.1053,0.1366,0.2211,0.137,0.2793,0.479,13.27,0.0,0.0,0.0,0.0,0.0,0.0,0.0,0.0,0.0,0.0,0.0,0.0,19.6,219.4,62.09,62.24,1090.0,215.9,6.345,2.872,7.323,4.081,0.0,89.52,2.633,14.78,54.43,28.9,0.6324,0.005694,0.008134,0.006354,0.1103,0.0,0.0,0.0,0.0,0.0,0.0,0.0,0.0,0.0,0.0,0.0,0.0,0.0,0.0,0.0,0.0,0.0,0.0,0.0,0.0,0.0,0.0,0.0,0.0,1.001E-4,0.0,97820.0,116200.0,99160.0,41330.0,2.774E7,18960.0,19700.0,26200.0,20160.0,20360.0,0.0,5.201E-38,6.891E-38,6.232E-37,4.196E-37,4.052E-38,2.8179999999999997E-38,2.6149999999999998E-39,1.0019999999999999E-39,2.338E-39,8.22E-39,2.08E-35,0.0,0.09269,0.9848,1.869,0.8294,0.1756,0.06187,0.005407,0.00221,0.004364,0.01456,0.0,0.0,8.888E-4,9.157E-4,3.759E-4,0.9959,2.872E-4,3.407E-4,7.705E-4,4.944E-5,4.692E-4,0.0,0.01909,0.001708,0.001924,0.001662,0.1701,0.003993,0.00105,5.57E-4,4.598E-4,3.058E-4,
0.0,1306.0,234.9,165.1,80.01,0.06196,3.82,0.569,0.2897,0.3807,0.123,0.0,344.1,0.1443,1.281,0.08936,0.1337,0.2379,0.1377,0.2761,0.4129,13.34,0.0,344.1,0.1443,1.281,0.08936,0.1337,0.2379,0.1377,0.2761,0.4129,13.34,0.0,0.0,0.0,0.0,0.0,0.0,0.0,0.0,0.0,0.0,0.0,0.0,19.6,229.7,58.53,63.27,1085.0,216.0,6.443,2.996,7.355,4.043,0.0,89.52,6.253,10.47,55.43,28.9,0.5151,0.005487,0.007816,0.006245,0.1094,0.0,0.0,0.0,0.0,0.0,0.0,0.0,0.0,0.0,0.0,0.0,0.0,0.0,0.0,0.0,0.0,0.0,0.0,0.0,0.0,0.0,0.0,0.0,0.0,3.959E-4,0.0,97910.0,123800.0,100300.0,45220.0,2.945E7,19960.0,20610.0,27680.0,21030.0,21080.0,0.0,5.203E-38,9.153E-38,6.01E-37,4.23E-37,3.805E-38,2.427E-38,2.528E-39,1.0E-39,1.237E-39,2.582E-39,2.08E-35,0.0,0.09273,1.024,1.824,0.8516,0.1729,0.0459,0.0052,0.002206,0.002821,0.006611,0.0,0.0,8.888E-4,9.157E-4,3.759E-4,0.9959,2.872E-4,3.407E-4,7.705E-4,4.944E-5,4.692E-4,0.0,0.01913,0.001741,0.001879,0.001687,0.17,0.003982,0.001057,5.562E-4,4.675E-4,2.984E-4,
0.0,1306.0,193.6,200.6,63.95,0.1657,3.528,0.3049,0.1974,0.2958,0.1336,0.0,344.1,0.1032,1.313,0.143,0.1283,0.1977,0.1361,0.2735,1.02,12.73,0.0,344.1,0.1032,1.313,0.143,0.1283,0.1977,0.1361,0.2735,1.02,12.73,0.0,0.0,0.0,0.0,0.0,0.0,0.0,0.0,0.0,0.0,0.0,0.0,19.6,235.9,65.32,53.13,1089.0,215.5,6.611,3.599,7.554,4.505,0.0,89.52,6.456,13.49,71.22,30.27,0.637,0.4806,0.3478,0.2022,0.3395,0.0,0.0,0.0,0.0,0.0,0.0,0.0,0.0,0.0,0.0,0.0,0.0,0.0,0.0,0.0,0.0,0.0,0.0,0.0,0.0,0.0,0.0,0.0,0.0,1.001E-4,0.0,97960.0,123600.0,99530.0,50040.0,3.122E7,20690.0,21870.0,29450.0,22030.0,21690.0,0.0,5.203999999999999E-38,8.417E-38,6.175E-37,4.108E-37,3.85E-38,1.366E-38,3.9989999999999996E-39,2.9899999999999996E-39,2.054E-39,3.875E-39,2.08E-35,0.0,0.09275,0.8854,1.969,0.8465,0.1731,0.03,0.007219,0.004822,0.003928,0.008256,0.0,0.0,8.888E-4,9.157E-4,3.759E-4,0.9959,2.872E-4,3.407E-4,7.705E-4,4.944E-5,4.692E-4,0.0,0.01914,0.001737,0.001943,0.001597,0.17,0.003975,0.001061,5.613E-4,4.783E-4,2.958E-4,
0.0,1303.0,178.7,222.0,64.8,0.1783,3.556,0.3598,0.2393,0.3226,0.1738,0.0,344.1,0.09149,1.296,0.1662,0.1261,0.2063,0.1336,0.2726,1.051,12.7,0.0,344.1,0.09149,1.296,0.1662,0.1261,0.2063,0.1336,0.2726,1.051,12.7,0.0,0.0,0.0,0.0,0.0,0.0,0.0,0.0,0.0,0.0,0.0,0.0,19.59,238.2,49.1,67.8,1085.0,215.6,7.237,4.037,7.805,4.947,0.0,88.39,6.531,18.22,58.97,29.88,4.931,0.5834,0.4213,0.2446,0.412,0.0,0.0,0.0,0.0,0.0,0.0,0.0,0.0,0.0,0.0,0.0,0.0,0.0,0.0,0.0,0.0,0.0,0.0,0.0,0.0,0.0,0.0,0.0,0.0,1.001E-4,0.0,98030.0,121200.0,98880.0,48820.0,2.903E7,20330.0,21500.0,27970.0,22640.0,20800.0,0.0,5.036E-38,7.06E-38,6.289E-37,3.979E-37,3.525E-38,2.6E-38,3.893E-39,2.915E-39,2.011E-39,3.798E-39,2.08E-35,0.0,0.09929,0.7993,2.057,0.8229,0.169,0.04791,0.007045,0.004724,0.003878,0.008159,0.0,0.0,8.888E-4,9.157E-4,3.759E-4,0.9959,2.872E-4,3.407E-4,7.705E-4,4.944E-5,4.692E-4,0.0,0.01916,0.001748,0.00181,0.001689,0.1698,0.00397,0.001065,5.631E-4,4.817E-4,2.984E-4,
0.0,1303.0,170.2,230.0,69.56,0.203,3.196,0.4066,0.2721,0.3426,0.2067,0.0,344.1,0.08958,1.345,0.1095,0.1376,0.1931,0.1341,0.2729,1.051,12.7,0.0,344.1,0.08958,1.345,0.1095,0.1376,0.1931,0.1341,0.2729,1.051,12.7,0.0,0.0,0.0,0.0,0.0,0.0,0.0,0.0,0.0,0.0,0.0,0.0,19.59,239.7,51.43,64.35,1078.0,215.8,7.869,4.478,8.053,5.394,0.0,91.83,6.4,8.455,62.27,30.11,3.846,0.4909,0.3551,0.2064,0.3468,0.0,0.0,0.0,0.0,0.0,0.0,0.0,0.0,0.0,0.0,0.0,0.0,0.0,0.0,0.0,0.0,0.0,0.0,0.0,0.0,0.0,0.0,0.0,0.0,7.227E-4,0.0,98450.0,121700.0,101000.0,46690.0,2.841E7,19950.0,21760.0,27740.0,23520.0,20730.0,0.0,5.707E-38,6.677E-38,6.257E-37,3.9409999999999995E-37,4.067E-38,1.861E-38,3.679E-39,2.761E-39,1.92E-39,3.646E-39,2.08E-35,0.0,0.1091,0.7634,2.084,0.8232,0.1764,0.03594,0.006769,0.004523,0.003767,0.007963,0.0,0.0,8.888E-4,9.157E-4,3.759E-4,0.9959,2.872E-4,3.407E-4,7.705E-4,4.944E-5,4.692E-4,0.0,0.01924,0.001745,0.001826,0.001636,0.1698,0.003922,0.00107,5.658E-4,4.852E-4,3.018E-4,
0.0,1303.0,182.0,217.4,77.98,0.5099,2.646,0.5624,0.3946,0.3601,0.2349,0.0,344.1,0.1108,1.342,0.1074,0.1203,0.1923,0.1397,0.2676,1.655,12.1,0.0,344.1,0.1108,1.342,0.1074,0.1203,0.1923,0.1397,0.2676,1.655,12.1,0.0,0.0,0.0,0.0,0.0,0.0,0.0,0.0,0.0,0.0,0.0,0.0,19.59,240.9,48.54,67.39,1083.0,215.8,7.869,4.464,8.061,5.401,0.0,91.83,6.425,7.312,55.18,33.55,0.6274,0.4506,0.3264,0.1898,0.3187,0.0,0.0,0.0,0.0,0.0,0.0,0.0,0.0,0.0,0.0,0.0,0.0,0.0,0.0,0.0,0.0,0.0,0.0,0.0,0.0,0.0,0.0,0.0,0.0,6.404E-4,0.0,98460.0,124800.0,93530.0,48430.0,2.839E7,19560.0,21120.0,27000.0,21630.0,20170.0,0.0,5.707E-38,7.533E-38,6.152E-37,3.995E-37,4.072E-38,1.067E-38,3.941E-39,3.088E-39,1.917E-39,3.641E-39,2.08E-35,0.0,0.1091,0.829,2.012,0.8387,0.1768,0.02343,0.007708,0.00518,0.003774,0.00796,0.0,0.0,8.888E-4,9.157E-4,3.759E-4,0.9959,2.872E-4,3.407E-4,7.705E-4,4.944E-5,4.692E-4,0.0,0.01925,0.00174,0.001766,0.001679,0.1698,0.003912,0.00117,4.602E-4,4.872E-4,2.999E-4,
0.0,1304.0,176.9,220.1,78.21,0.8622,2.633,0.566,0.397,0.3632,0.2353,0.0,344.1,0.1465,1.38,0.12,0.1266,0.191,0.1393,0.2678,1.658,11.99,0.0,344.1,0.1465,1.38,0.12,0.1266,0.191,0.1393,0.2678,1.658,11.99,0.0,0.0,0.0,0.0,0.0,0.0,0.0,0.0,0.0,0.0,0.0,0.0,19.59,245.0,50.69,67.82,1079.0,217.3,7.409,4.331,7.18,5.121,0.0,91.83,6.964,8.807,53.27,33.48,0.6728,0.4634,0.3327,0.2191,0.3261,0.0,0.0,0.0,0.0,0.0,0.0,0.0,0.0,0.0,0.0,0.0,0.0,0.0,0.0,0.0,0.0,0.0,0.0,0.0,0.0,0.0,0.0,0.0,0.0,5.264E-4,0.0,98570.0,128000.0,97560.0,50470.0,2.906E7,31410.0,18810.0,26200.0,16740.0,19210.0,0.0,6.431E-38,9.049E-38,5.925E-37,3.925E-37,3.649E-38,1.063E-38,3.9349999999999996E-39,3.069E-39,1.919E-39,5.4819999999999995E-39,2.08E-35,0.0,0.1208,0.8578,1.98,0.8288,0.1666,0.02345,0.007721,0.005168,0.003816,0.01051,0.0,0.0,8.888E-4,9.157E-4,3.759E-4,0.9959,2.872E-4,3.407E-4,7.705E-4,4.944E-5,4.692E-4,0.0,0.01928,0.001749,0.001761,0.00169,0.1697,0.003975,0.001153,4.545E-4,4.606E-4,2.909E-4,
0.0,1301.0,146.5,253.5,88.49,0.2632,2.676,0.5435,0.382,0.3549,0.2187,0.0,344.1,0.0917,1.353,0.111,0.3059,0.19,0.1394,0.2674,2.065,11.49,0.0,344.1,0.0917,1.353,0.111,0.3059,0.19,0.1394,0.2674,2.065,11.49,0.0,0.0,0.0,0.0,0.0,0.0,0.0,0.0,0.0,0.0,0.0,0.0,19.57,252.1,52.17,68.28,1077.0,217.6,7.618,4.446,7.583,5.248,0.0,90.48,6.328,8.237,44.13,33.46,0.6618,0.4873,0.3492,0.233,0.3476,0.0,0.0,0.0,0.0,0.0,0.0,0.0,0.0,0.0,0.0,0.0,0.0,0.0,0.0,0.0,0.0,0.0,0.0,0.0,0.0,0.0,0.0,0.0,0.0,1.0E-4,0.0,98700.0,131000.0,100400.0,51710.0,3.011E7,31920.0,19840.0,27400.0,18010.0,21600.0,0.0,5.938E-38,6.183E-38,6.132E-37,3.931E-37,3.924E-38,1.064E-38,3.931E-39,3.0629999999999996E-39,1.921E-39,3.9699999999999995E-39,2.08E-35,0.0,0.1251,0.6421,2.175,0.837,0.168,0.02342,0.007713,0.005171,0.00384,0.008372,0.0,0.0,8.888E-4,9.157E-4,3.759E-4,0.9959,2.872E-4,3.407E-4,7.705E-4,4.944E-5,4.692E-4,0.0,0.01931,0.001779,0.001777,0.001692,0.1695,0.003947,0.001159,4.571E-4,4.765E-4,3.021E-4,
0.0,1301.0,143.9,256.1,93.0,0.2081,3.935,0.4161,0.2355,0.342,0.1956,0.0,344.1,0.1051,1.361,0.1005,0.1294,0.1897,0.1343,0.2698,2.394,11.32,0.0,344.1,0.1051,1.361,0.1005,0.1294,0.1897,0.1343,0.2698,2.394,11.32,0.0,0.0,0.0,0.0,0.0,0.0,0.0,0.0,0.0,0.0,0.0,0.0,19.57,258.7,51.61,69.31,1063.0,218.0,7.748,4.529,8.002,5.377,0.0,90.48,6.393,7.551,37.66,33.45,0.6221,0.5224,0.3737,0.2523,0.3925,0.0,0.0,0.0,0.0,0.0,0.0,0.0,0.0,0.0,0.0,0.0,0.0,0.0,0.0,0.0,0.0,0.0,0.0,0.0,0.0,0.0,0.0,0.0,0.0,4.717E-4,0.0,98720.0,130900.0,102500.0,54690.0,3.13E7,32420.0,20590.0,28700.0,18650.0,27770.0,0.0,5.938E-38,6.138E-38,6.139E-37,3.886E-37,3.61E-38,1.267E-38,3.709E-39,2.7719999999999997E-39,1.926E-39,3.636E-39,2.08E-35,0.0,0.1251,0.6446,2.172,0.8307,0.1635,0.02896,0.007027,0.004306,0.003861,0.007907,0.0,0.0,8.888E-4,9.157E-4,3.759E-4,0.9959,2.872E-4,3.407E-4,7.705E-4,4.944E-5,4.692E-4,0.0,0.01931,0.00179,0.001777,0.001691,0.1696,0.003986,0.001152,4.685E-4,4.972E-4,3.411E-4,
0.0,1299.0,130.2,273.2,94.27,0.1743,6.258,0.4602,0.2841,0.3291,0.1719,0.0,344.1,0.1346,1.329,0.1049,0.1265,0.1867,0.1353,0.2698,2.409,11.31,0.0,344.1,0.1346,1.329,0.1049,0.1265,0.1867,0.1353,0.2698,2.409,11.31,0.0,0.0,0.0,0.0,0.0,0.0,0.0,0.0,0.0,0.0,0.0,0.0,19.57,265.6,50.43,66.83,1070.0,217.7,7.795,4.608,8.001,5.377,0.0,89.69,6.177,7.032,34.93,31.39,1.222,0.555,0.397,0.2657,0.4155,0.0,0.0,0.0,0.0,0.0,0.0,0.0,0.0,0.0,0.0,0.0,0.0,0.0,0.0,0.0,0.0,0.0,0.0,0.0,0.0,0.0,0.0,0.0,0.0,1.001E-4,0.0,98770.0,130200.0,102800.0,53750.0,3.275E7,31750.0,20800.0,29660.0,18110.0,27010.0,0.0,6.024E-38,6.556E-38,6.066E-37,3.799E-37,3.195E-38,1.934E-38,3.95E-39,3.021E-39,1.922E-39,3.625E-39,2.08E-35,0.0,0.1284,0.58,2.229,0.8244,0.1576,0.03943,0.007543,0.004875,0.003865,0.007902,0.0,0.0,8.888E-4,9.157E-4,3.759E-4,0.9959,2.872E-4,3.407E-4,7.705E-4,4.944E-5,4.692E-4,0.0,0.01935,0.001792,0.001771,0.001632,0.1696,0.003958,0.001153,4.673E-4,5.003E-4,3.38E-4,
0.0,1299.0,132.5,260.5,91.86,2.222,3.575,0.4336,0.2622,0.3181,0.152,0.0,344.1,0.1502,1.277,0.1003,0.1314,0.1855,0.1369,0.269,2.409,11.34,0.0,344.1,0.1502,1.277,0.1003,0.1314,0.1855,0.1369,0.269,2.409,11.34,0.0,0.0,0.0,0.0,0.0,0.0,0.0,0.0,0.0,0.0,0.0,0.0,19.56,268.5,51.85,66.27,1067.0,217.7,7.793,4.592,8.011,5.375,0.0,89.21,7.052,8.146,47.05,31.43,0.5909,0.5832,0.4171,0.2773,0.4368,0.0,0.0,0.0,0.0,0.0,0.0,0.0,0.0,0.0,0.0,0.0,0.0,0.0,0.0,0.0,0.0,0.0,0.0,0.0,0.0,0.0,0.0,0.0,0.0,4.122E-4,0.0,98840.0,133000.0,102100.0,52900.0,3.436E7,31760.0,21390.0,30890.0,18180.0,27460.0,0.0,6.488999999999999E-38,9.529E-38,5.767E-37,3.759E-37,3.602E-38,1.107E-38,3.94E-39,3.004E-39,1.9179999999999998E-39,3.614E-39,2.08E-35,0.0,0.1417,0.6007,2.194,0.8281,0.1683,0.0259,0.007546,0.004865,0.003868,0.007902,0.0,0.0,8.888E-4,9.157E-4,3.759E-4,0.9959,2.872E-4,3.407E-4,7.705E-4,4.944E-5,4.692E-4,0.0,0.01936,0.00186,0.001732,0.001578,0.1696,0.003947,0.001161,4.61E-4,5.013E-4,3.501E-4,
0.0,1303.0,133.4,261.4,88.28,0.1033,3.683,0.4465,0.2885,0.3103,0.1364,0.0,344.1,0.1162,1.294,0.1095,0.1295,0.1844,0.1373,0.2925,2.406,11.32,0.0,344.1,0.1162,1.294,0.1095,0.1295,0.1844,0.1373,0.2925,2.406,11.32,0.0,0.0,0.0,0.0,0.0,0.0,0.0,0.0,0.0,0.0,0.0,0.0,19.56,263.3,61.29,66.88,1065.0,217.6,7.754,4.527,8.007,5.365,0.0,89.21,7.041,9.703,44.98,30.68,0.5985,0.6054,0.433,0.2865,0.4524,0.0,0.0,0.0,0.0,0.0,0.0,0.0,0.0,0.0,0.0,0.0,0.0,0.0,0.0,0.0,0.0,0.0,0.0,0.0,0.0,0.0,0.0,0.0,0.0,1.0E-4,0.0,99030.0,130600.0,98740.0,52250.0,3.265E7,31070.0,21000.0,29680.0,18490.0,26130.0,0.0,7.143E-38,8.119E-38,5.848E-37,3.683E-37,3.282E-38,1.123E-38,4.001E-39,3.0799999999999996E-39,1.913E-39,3.6019999999999996E-39,2.08E-35,0.0,0.1605,0.5779,2.214,0.8108,0.158,0.02682,0.007825,0.005203,0.003872,0.007902,0.0,0.0,8.888E-4,9.157E-4,3.759E-4,0.9959,2.872E-4,3.407E-4,7.705E-4,4.944E-5,4.692E-4,0.0,0.0194,0.001791,0.001762,0.00158,0.1696,0.003913,0.001165,4.578E-4,5.026E-4,3.501E-4,
0.0,1305.0,142.1,250.4,91.95,0.6523,3.655,0.4294,0.2766,0.2924,0.08384,0.0,344.1,0.1267,1.353,0.1106,0.1306,0.1827,0.1615,0.2684,2.11,11.54,0.0,344.1,0.1267,1.353,0.1106,0.1306,0.1827,0.1615,0.2684,2.11,11.54,0.0,0.0,0.0,0.0,0.0,0.0,0.0,0.0,0.0,0.0,0.0,0.0,19.56,258.2,63.62,66.81,1064.0,217.6,7.728,4.517,7.87,5.376,0.0,89.21,7.0,8.978,39.79,30.51,0.6143,0.6219,0.4449,0.3086,0.521,0.0,0.0,0.0,0.0,0.0,0.0,0.0,0.0,0.0,0.0,0.0,0.0,0.0,0.0,0.0,0.0,0.0,0.0,0.0,0.0,0.0,0.0,0.0,0.0,1.0E-4,0.0,99230.0,124300.0,95070.0,51820.0,3.1E7,30690.0,20760.0,28550.0,19100.0,25480.0,0.0,7.495E-38,7.241E-38,5.91E-37,3.618E-37,3.304E-38,1.11E-38,3.987E-39,3.06E-39,2.036E-39,3.7739999999999996E-39,2.08E-35,0.0,0.1703,0.6282,2.149,0.8009,0.1595,0.02677,0.007826,0.005201,0.003736,0.006152,0.0,0.0,8.888E-4,9.157E-4,3.759E-4,0.9959,2.872E-4,3.407E-4,7.705E-4,4.944E-5,4.692E-4,0.0,0.01947,0.001757,0.001742,0.001574,0.1697,0.00386,0.001178,4.408E-4,5.108E-4,3.52E-4,
0.0,1297.0,132.3,268.8,96.35,0.4713,4.401,0.4632,0.2962,0.3076,0.1722,0.0,344.1,0.1107,1.367,0.1136,0.1301,0.197,0.1608,0.2659,0.8438,12.79,0.0,344.1,0.1107,1.367,0.1136,0.1301,0.197,0.1608,0.2659,0.8438,12.79,0.0,0.0,0.0,0.0,0.0,0.0,0.0,0.0,0.0,0.0,0.0,0.0,19.55,264.9,60.55,67.12,1066.0,217.9,7.75,4.529,7.912,5.389,0.0,93.43,7.63,7.968,29.31,30.35,0.6202,0.59,0.422,0.2802,0.4414,0.0,0.0,0.0,0.0,0.0,0.0,0.0,0.0,0.0,0.0,0.0,0.0,0.0,0.0,0.0,0.0,0.0,0.0,0.0,0.0,0.0,0.0,0.0,0.0,6.908E-4,0.0,101400.0,127900.0,92720.0,47880.0,3.051E7,29950.0,20440.0,28130.0,18770.0,24900.0,0.0,7.788E-38,7.097E-38,5.9169999999999995E-37,3.4829999999999998E-37,3.266E-38,1.305E-38,3.9709999999999996E-39,3.042E-39,1.8059999999999998E-39,3.9269999999999996E-39,2.08E-35,0.0,0.1688,0.5638,2.228,0.7843,0.1583,0.03027,0.007853,0.00517,0.003249,0.00649,0.0,0.0,8.888E-4,9.157E-4,3.759E-4,0.9959,2.872E-4,3.407E-4,7.705E-4,4.944E-5,4.692E-4,0.0,0.01954,0.001825,0.001716,0.001543,0.1693,0.00382,0.001182,4.236E-4,5.044E-4,3.495E-4,
0.0,1295.0,151.6,254.9,99.01,0.4916,4.231,0.4821,0.3085,0.3146,0.1854,0.0,344.1,0.1339,1.347,0.1133,0.1301,0.1933,0.1606,0.2662,0.8467,12.79,0.0,344.1,0.1339,1.347,0.1133,0.1301,0.1933,0.1606,0.2662,0.8467,12.79,0.0,0.0,0.0,0.0,0.0,0.0,0.0,0.0,0.0,0.0,0.0,0.0,19.54,272.2,60.78,68.46,1060.0,218.0,7.747,4.524,7.911,5.387,0.0,93.04,6.93,7.664,25.52,30.33,0.6241,0.5722,0.4092,0.2728,0.4287,0.0,0.0,0.0,0.0,0.0,0.0,0.0,0.0,0.0,0.0,0.0,0.0,0.0,0.0,0.0,0.0,0.0,0.0,0.0,0.0,0.0,0.0,0.0,0.0,1.0E-4,0.0,101500.0,126300.0,91740.0,46830.0,3.083E7,29100.0,20210.0,28290.0,18010.0,24720.0,0.0,7.936E-38,7.308E-38,5.827E-37,3.4179999999999997E-37,3.267E-38,1.249E-38,3.959E-39,3.0259999999999996E-39,1.807E-39,3.921E-39,2.08E-35,0.0,0.1682,0.6407,2.155,0.7804,0.1583,0.02942,0.007855,0.005169,0.003257,0.006483,0.0,0.0,8.888E-4,9.157E-4,3.759E-4,0.9959,2.872E-4,3.407E-4,7.705E-4,4.944E-5,4.692E-4,0.0,0.01956,0.001828,0.001703,0.001541,0.1692,0.003802,0.001185,4.238E-4,5.054E-4,3.488E-4,
0.0,1284.0,160.6,256.2,100.7,1.852,6.156,0.3347,0.3092,0.3137,0.185,0.0,344.1,0.1099,1.375,0.1095,0.13,0.2851,0.06835,0.267,0.8432,12.79,0.0,344.1,0.1099,1.375,0.1095,0.13,0.2851,0.06835,0.267,0.8432,12.79,0.0,0.0,0.0,0.0,0.0,0.0,0.0,0.0,0.0,0.0,0.0,0.0,19.52,276.7,59.33,68.39,1063.0,218.0,7.747,4.524,7.911,5.387,0.0,90.73,6.983,7.435,23.02,30.33,0.6315,0.5723,0.4093,0.2729,0.4288,0.0,0.0,0.0,0.0,0.0,0.0,0.0,0.0,0.0,0.0,0.0,0.0,0.0,0.0,0.0,0.0,0.0,0.0,0.0,0.0,0.0,0.0,0.0,0.0,5.077E-4,0.0,101600.0,127800.0,92060.0,46980.0,3.177E7,31300.0,18260.0,29080.0,17940.0,25030.0,0.0,6.663E-38,6.859E-38,5.861E-37,3.305E-37,3.293E-38,1.964E-38,3.94E-39,3.015E-39,1.793E-39,3.9259999999999996E-39,2.08E-35,0.0,0.1413,0.6464,2.162,0.7753,0.1646,0.04277,0.006376,0.00518,0.003239,0.006492,0.0,0.0,8.888E-4,9.157E-4,3.759E-4,0.9959,2.872E-4,3.407E-4,7.705E-4,4.944E-5,4.692E-4,0.0,0.01956,0.001847,0.001697,0.001531,0.1693,0.00457,4.119E-4,4.3E-4,5.026E-4,3.522E-4,
0.0,1288.0,146.4,264.5,102.9,1.823,5.454,0.2976,0.3001,0.3079,0.1751,0.0,344.1,0.1154,1.366,0.1119,0.1298,0.2843,0.06838,0.2658,1.544,12.09,0.0,344.1,0.1154,1.366,0.1119,0.1298,0.2843,0.06838,0.2658,1.544,12.09,0.0,0.0,0.0,0.0,0.0,0.0,0.0,0.0,0.0,0.0,0.0,0.0,19.52,279.8,58.85,68.46,1058.0,224.9,6.396,3.988,6.601,3.711,0.0,90.73,7.049,8.038,22.09,30.82,0.5524,0.5839,0.4176,0.2777,0.4372,0.0,0.0,0.0,0.0,0.0,0.0,0.0,0.0,0.0,0.0,0.0,0.0,0.0,0.0,0.0,0.0,0.0,0.0,0.0,0.0,0.0,0.0,0.0,0.0,4.576E-4,0.0,102100.0,128700.0,93900.0,48190.0,3.307E7,31350.0,18830.0,30180.0,18280.0,25390.0,0.0,7.474999999999999E-38,6.823E-38,5.78E-37,3.304E-37,3.301E-38,1.503E-38,3.87E-39,2.9989999999999996E-39,1.784E-39,3.912E-39,2.08E-35,0.0,0.1615,0.5924,2.193,0.7817,0.1664,0.03588,0.006274,0.005168,0.003232,0.006465,0.0,0.0,8.888E-4,9.157E-4,3.759E-4,0.9959,2.872E-4,3.407E-4,7.705E-4,4.944E-5,4.692E-4,0.0,0.01965,0.001829,0.001692,0.001544,0.1693,0.004488,4.087E-4,4.192E-4,5.031E-4,3.521E-4,
0.0,1288.0,138.6,266.2,102.3,0.5053,4.782,0.2746,0.2892,0.3029,0.1597,0.0,344.1,0.1068,1.373,0.1132,0.1295,0.2921,0.05922,0.3621,0.3398,13.2,0.0,344.1,0.1068,1.373,0.1132,0.1295,0.2921,0.05922,0.3621,0.3398,13.2,0.0,0.0,0.0,0.0,0.0,0.0,0.0,0.0,0.0,0.0,0.0,0.0,19.52,287.8,58.17,66.0,1051.0,228.9,4.829,4.02,6.726,3.799,0.0,90.73,7.873,12.59,20.94,34.94,0.5106,0.5997,0.4289,0.2842,0.4483,0.0,0.0,0.0,0.0,0.0,0.0,0.0,0.0,0.0,0.0,0.0,0.0,0.0,0.0,0.0,0.0,0.0,0.0,0.0,0.0,0.0,0.0,0.0,0.0,1.001E-4,0.0,102300.0,130500.0,101100.0,49830.0,3.457E7,31840.0,19550.0,31400.0,18930.0,25560.0,0.0,7.478E-38,6.574E-38,5.757E-37,3.323E-37,3.295E-38,1.296E-38,3.843E-39,2.986E-39,1.777E-39,3.905E-39,2.08E-35,0.0,0.1616,0.5608,2.215,0.7952,0.1656,0.03126,0.006225,0.005168,0.003229,0.006451,0.0,0.0,8.888E-4,9.157E-4,3.759E-4,0.9959,2.872E-4,3.407E-4,7.705E-4,4.944E-5,4.692E-4,0.0,0.0197,0.001823,0.001686,0.001541,0.1693,0.004473,3.859E-4,4.2E-4,5.062E-4,3.495E-4,
0.0,1268.0,169.1,254.7,105.7,0.4659,3.996,0.2844,0.308,0.2967,0.1496,0.0,344.1,0.1057,1.363,0.1242,0.1297,0.2971,0.05176,0.288,0.34,13.27,0.0,344.1,0.1057,1.363,0.1242,0.1297,0.2971,0.05176,0.288,0.34,13.27,0.0,0.0,0.0,0.0,0.0,0.0,0.0,0.0,0.0,0.0,0.0,0.0,19.46,292.5,58.82,66.78,1041.0,226.3,4.945,4.203,7.074,4.263,0.0,86.65,9.596,12.47,20.37,35.41,0.251,0.6149,0.4398,0.2905,0.4588,0.0,0.0,0.0,0.0,0.0,0.0,0.0,0.0,0.0,0.0,0.0,0.0,0.0,0.0,0.0,0.0,0.0,0.0,0.0,0.0,0.0,0.0,0.0,0.0,1.0E-4,0.0,102100.0,131100.0,102600.0,51410.0,3.619E7,32580.0,20440.0,32720.0,19710.0,26130.0,0.0,5.377E-38,7.913E-38,5.698E-37,3.346E-37,3.295E-38,1.006E-38,3.834E-39,2.9729999999999996E-39,1.772E-39,3.903E-39,2.08E-35,0.0,0.1162,0.6486,2.156,0.8143,0.1661,0.02467,0.006408,0.0054,0.00323,0.006454,0.0,0.0,8.888E-4,9.157E-4,3.759E-4,0.9959,2.872E-4,3.407E-4,7.705E-4,4.944E-5,4.692E-4,0.0,0.01968,0.001857,0.001686,0.001539,0.1692,0.004444,3.779E-4,4.214E-4,5.078E-4,3.514E-4,
0.0,1265.0,159.6,260.4,106.8,11.22,3.968,0.1471,0.1418,0.2908,0.1415,0.0,344.1,0.1064,1.36,0.1243,0.1319,0.2919,0.05489,0.2882,0.3401,13.27,0.0,344.1,0.1064,1.36,0.1243,0.1319,0.2919,0.05489,0.2882,0.3401,13.27,0.0,0.0,0.0,0.0,0.0,0.0,0.0,0.0,0.0,0.0,0.0,0.0,19.46,237.0,61.58,65.78,1083.0,225.8,4.913,4.156,7.266,4.53,0.0,86.0,3.626,9.134,25.68,35.33,0.2542,0.6277,0.4489,0.2957,0.4671,0.0,0.0,0.0,0.0,0.0,0.0,0.0,0.0,0.0,0.0,0.0,0.0,0.0,0.0,0.0,0.0,0.0,0.0,0.0,0.0,0.0,0.0,0.0,0.0,6.722E-4,0.0,102200.0,129000.0,102200.0,52040.0,3.597E7,32780.0,20780.0,32680.0,20660.0,25780.0,0.0,5.109E-38,6.437E-38,5.6309999999999996E-37,3.392E-37,3.472E-38,9.872E-39,3.527E-39,2.5829999999999997E-39,1.766E-39,3.901E-39,2.08E-35,0.0,0.1104,0.6034,2.164,0.8298,0.1952,0.02456,0.005397,0.004121,0.003231,0.006455,0.0,0.0,8.888E-4,9.157E-4,3.759E-4,0.9959,2.872E-4,3.407E-4,7.705E-4,4.944E-5,4.692E-4,0.0,0.01972,0.001785,0.001719,0.001532,0.1693,0.004341,3.884E-4,4.223E-4,5.079E-4,3.523E-4,
0.0,1265.0,155.5,264.4,107.3,12.25,3.963,0.1371,0.1342,0.2907,0.1316,0.0,344.1,0.09746,1.368,0.126,0.1312,0.2936,0.05214,0.2881,2.215,11.4,0.0,344.1,0.09746,1.368,0.126,0.1312,0.2936,0.05214,0.2881,2.215,11.4,0.0,0.0,0.0,0.0,0.0,0.0,0.0,0.0,0.0,0.0,0.0,0.0,19.46,241.0,61.45,66.14,1079.0,225.2,4.874,4.329,7.31,4.614,0.0,86.0,3.586,8.69,24.49,35.17,0.2566,0.6376,0.4561,0.3132,0.4597,0.0,0.0,0.0,0.0,0.0,0.0,0.0,0.0,0.0,0.0,0.0,0.0,0.0,0.0,0.0,0.0,0.0,0.0,0.0,0.0,0.0,0.0,0.0,0.0,9.984E-4,0.0,102200.0,128000.0,97620.0,54820.0,3.34E7,32330.0,20310.0,30880.0,22680.0,23300.0,0.0,5.109E-38,5.836E-38,5.67E-37,3.354E-37,3.562E-38,9.732E-39,3.523E-39,2.577E-39,1.7739999999999998E-39,3.885E-39,2.08E-35,0.0,0.1104,0.5775,2.187,0.8251,0.2015,0.02454,0.005397,0.004116,0.003266,0.006421,0.0,0.0,8.888E-4,9.157E-4,3.759E-4,0.9959,2.872E-4,3.407E-4,7.705E-4,4.944E-5,4.692E-4,0.0,0.01974,0.001779,0.001711,0.001544,0.1693,0.004287,3.878E-4,4.214E-4,5.469E-4,3.135E-4,
0.0,1268.0,156.6,261.4,105.2,11.23,4.067,0.151,0.1432,0.3003,0.137,0.0,344.1,0.0995,1.36,0.1294,0.1314,0.2929,0.0522,0.2882,3.334,10.28,0.0,344.1,0.0995,1.36,0.1294,0.1314,0.2929,0.0522,0.2882,3.334,10.28,0.0,0.0,0.0,0.0,0.0,0.0,0.0,0.0,0.0,0.0,0.0,0.0,19.46,247.1,62.56,65.8,1063.0,224.6,5.114,4.29,7.334,4.669,0.0,86.0,3.516,8.528,25.81,34.65,0.2534,0.625,0.447,0.308,0.4501,0.0,0.0,0.0,0.0,0.0,0.0,0.0,0.0,0.0,0.0,0.0,0.0,0.0,0.0,0.0,0.0,0.0,0.0,0.0,0.0,0.0,0.0,0.0,0.0,7.615E-4,0.0,102300.0,128400.0,96770.0,54260.0,3.249E7,32440.0,20400.0,30370.0,23530.0,22970.0,0.0,5.519E-38,5.927E-38,5.632E-37,3.303E-37,3.377E-38,9.959999999999999E-39,3.523E-39,2.5709999999999998E-39,1.772E-39,3.88E-39,2.08E-35,0.0,0.1303,0.586,2.17,0.8174,0.1909,0.02553,0.005409,0.004116,0.003286,0.006401,0.0,0.0,8.888E-4,9.157E-4,3.759E-4,0.9959,2.872E-4,3.407E-4,7.705E-4,4.944E-5,4.692E-4,0.0,0.01975,0.00177,0.001705,0.001525,0.1692,0.004256,3.884E-4,4.215E-4,5.537E-4,3.07E-4,
0.0,1268.0,158.9,245.9,101.2,12.97,4.064,0.1741,0.1568,0.308,0.1511,0.0,344.1,0.1095,1.328,0.1542,0.1294,0.2922,0.0528,0.2909,3.186,10.42,0.0,344.1,0.1095,1.328,0.1542,0.1294,0.2922,0.0528,0.2909,3.186,10.42,0.0,0.0,0.0,0.0,0.0,0.0,0.0,0.0,0.0,0.0,0.0,0.0,19.46,248.4,62.8,66.06,1057.0,223.8,5.334,4.169,7.361,4.704,0.0,86.0,3.156,8.842,28.93,46.29,0.2531,0.6115,0.4523,0.301,0.4434,0.0,0.0,0.0,0.0,0.0,0.0,0.0,0.0,0.0,0.0,0.0,0.0,0.0,0.0,0.0,0.0,0.0,0.0,0.0,0.0,0.0,0.0,0.0,0.0,1.0E-4,0.0,102300.0,122300.0,111300.0,77670.0,3.163E7,29090.0,17430.0,32900.0,21580.0,19500.0,0.0,5.519E-38,6.351E-38,5.582E-37,3.28E-37,3.219E-38,9.785E-39,3.537E-39,2.555E-39,1.767E-39,3.877E-39,2.08E-35,0.0,0.1303,0.6104,2.157,0.8185,0.1759,0.02547,0.005439,0.00411,0.003285,0.006406,0.0,0.0,8.539E-4,1.331E-4,0.001207,0.996,2.286E-4,2.711E-4,9.235E-4,3.935E-5,3.735E-4,0.0,0.01975,0.001762,0.001739,0.001669,0.1691,0.004194,3.838E-4,4.401E-4,5.518E-4,2.942E-4,
0.0,1270.0,150.4,254.3,97.74,12.98,4.654,0.1803,0.1622,0.3082,0.1582,0.0,344.1,0.1132,1.355,0.1281,0.1254,0.2896,0.05382,0.2929,1.046,12.56,0.0,344.1,0.1132,1.355,0.1281,0.1254,0.2896,0.05382,0.2929,1.046,12.56,0.0,0.0,0.0,0.0,0.0,0.0,0.0,0.0,0.0,0.0,0.0,0.0,19.46,255.6,60.36,66.25,1056.0,223.7,5.324,4.189,7.322,4.704,0.0,86.0,3.189,8.821,28.64,46.24,0.2515,0.6049,0.4479,0.2983,0.4385,0.0,0.0,0.0,0.0,0.0,0.0,0.0,0.0,0.0,0.0,0.0,0.0,0.0,0.0,0.0,0.0,0.0,0.0,0.0,0.0,0.0,0.0,0.0,0.0,7.657E-4,0.0,102400.0,121400.0,102400.0,74740.0,2.951E7,28020.0,16750.0,31580.0,20830.0,18820.0,0.0,5.88E-38,6.101E-38,5.569E-37,3.242E-37,3.038E-38,1.07E-38,3.5309999999999996E-39,2.55E-39,1.759E-39,3.876E-39,2.08E-35,0.0,0.1502,0.5737,2.194,0.802,0.1664,0.03029,0.005434,0.00411,0.003279,0.006413,0.0,0.0,8.813E-4,1.374E-4,0.001246,0.9958,2.359E-4,2.798E-4,9.532E-4,4.061E-5,3.854E-4,0.0,0.01979,0.001763,0.001727,0.001667,0.1688,0.004144,3.837E-4,4.441E-4,5.504E-4,2.975E-4,
0.0,1270.0,150.6,252.2,98.46,12.94,5.555,0.1762,0.1587,0.3077,0.155,0.0,344.1,0.09906,1.371,0.1267,0.125,0.2879,0.05384,0.1794,1.061,12.66,0.0,344.1,0.09906,1.371,0.1267,0.125,0.2879,0.05384,0.1794,1.061,12.66,0.0,0.0,0.0,0.0,0.0,0.0,0.0,0.0,0.0,0.0,0.0,0.0,19.46,259.1,60.51,66.67,1048.0,224.1,4.906,4.037,7.349,4.804,0.0,86.0,3.238,10.34,27.08,46.17,0.2529,0.6094,0.4527,0.2997,0.4419,0.0,0.0,0.0,0.0,0.0,0.0,0.0,0.0,0.0,0.0,0.0,0.0,0.0,0.0,0.0,0.0,0.0,0.0,0.0,0.0,0.0,0.0,0.0,0.0,7.023E-4,0.0,102500.0,122600.0,99390.0,76470.0,2.782E7,28040.0,17170.0,33220.0,20770.0,19390.0,0.0,5.881E-38,5.661E-38,5.561E-37,3.225E-37,3.034E-38,1.29E-38,3.525E-39,2.545E-39,1.755E-39,3.871E-39,2.08E-35,0.0,0.1502,0.5822,2.169,0.8142,0.1663,0.03405,0.005434,0.004108,0.003285,0.006411,0.0,0.0,0.001007,1.57E-4,0.001424,0.9952,2.696E-4,3.198E-4,0.001089,4.64E-5,4.404E-4,0.0,0.01982,0.001756,0.001739,0.001694,0.1684,0.004087,3.895E-4,4.623E-4,5.56E-4,3.005E-4,
0.0,1271.0,147.2,239.1,105.3,12.92,6.772,0.1676,0.1519,0.303,0.1479,0.0,344.1,0.1025,1.34,0.1466,0.1315,0.284,0.05421,0.1659,1.04,12.69,0.0,344.1,0.1025,1.34,0.1466,0.1315,0.284,0.05421,0.1659,1.04,12.69,0.0,0.0,0.0,0.0,0.0,0.0,0.0,0.0,0.0,0.0,0.0,0.0,19.46,262.9,60.61,66.72,1031.0,223.7,4.932,4.067,7.294,4.825,0.0,86.0,4.259,16.74,26.88,46.02,0.2555,0.6193,0.4599,0.3038,0.4487,0.0,0.0,0.0,0.0,0.0,0.0,0.0,0.0,0.0,0.0,0.0,0.0,0.0,0.0,0.0,0.0,0.0,0.0,0.0,0.0,0.0,0.0,0.0,0.0,7.884E-4,0.0,102600.0,122400.0,98210.0,75130.0,2.615E7,27720.0,17000.0,32080.0,21050.0,18750.0,0.0,6.327E-38,5.731E-38,5.387E-37,3.251E-37,3.314E-38,1.507E-38,3.5209999999999996E-39,2.54E-39,1.7519999999999998E-39,3.862E-39,2.08E-35,0.0,0.1586,0.5612,2.103,0.8709,0.174,0.04639,0.005445,0.004102,0.003293,0.006402,0.0,0.0,0.001032,1.609E-4,0.001459,0.9951,2.762E-4,3.277E-4,0.001116,4.755E-5,4.513E-4,0.0,0.01987,0.001748,0.001725,0.001716,0.1684,0.003996,3.951E-4,4.662E-4,5.546E-4,3.008E-4,
0.0,1282.0,144.4,239.1,93.81,12.73,5.067,0.1568,0.1443,0.2997,0.1449,0.0,344.1,0.1026,1.365,0.1252,0.1269,0.2783,0.05447,0.5878,1.039,12.28,0.0,344.1,0.1026,1.365,0.1252,0.1269,0.2783,0.05447,0.5878,1.039,12.28,0.0,0.0,0.0,0.0,0.0,0.0,0.0,0.0,0.0,0.0,0.0,0.0,19.46,268.8,60.8,66.84,1014.0,222.7,5.298,4.268,7.302,4.863,0.0,86.0,4.313,17.49,30.54,45.97,0.2584,0.6303,0.4787,0.2976,0.4507,0.0,0.0,0.0,0.0,0.0,0.0,0.0,0.0,0.0,0.0,0.0,0.0,0.0,0.0,0.0,0.0,0.0,0.0,0.0,0.0,0.0,0.0,0.0,0.0,7.145E-4,0.0,102800.0,122500.0,96940.0,75580.0,2.501E7,27870.0,17080.0,32100.0,20860.0,18470.0,0.0,7.895999999999999E-38,5.813E-38,5.329E-37,3.1529999999999998E-37,3.148E-38,1.16E-38,3.516E-39,2.5439999999999998E-39,1.7379999999999998E-39,3.857E-39,2.08E-35,0.0,0.2344,0.5559,2.088,0.8307,0.1703,0.03161,0.005445,0.004115,0.00329,0.006394,0.0,0.0,0.001056,1.647E-4,0.001493,0.995,2.827E-4,3.354E-4,0.001142,4.867E-5,4.62E-4,0.0,0.01992,0.001727,0.001716,0.00168,0.1683,0.00397,3.971E-4,4.972E-4,5.35E-4,2.993E-4,
0.0,1284.0,142.4,235.2,93.17,2.349,5.278,0.2787,0.1703,0.2957,0.1381,0.0,344.1,0.1007,1.365,0.1223,0.1266,0.2751,0.05433,0.5884,1.04,12.28,0.0,344.1,0.1007,1.365,0.1223,0.1266,0.2751,0.05433,0.5884,1.04,12.28,0.0,0.0,0.0,0.0,0.0,0.0,0.0,0.0,0.0,0.0,0.0,0.0,19.46,269.5,61.73,67.23,1007.0,223.0,4.838,4.045,7.327,4.953,0.0,86.0,5.508,18.08,30.32,57.46,0.2609,0.6401,0.4857,0.3016,0.4576,0.0,0.0,0.0,0.0,0.0,0.0,0.0,0.0,0.0,0.0,0.0,0.0,0.0,0.0,0.0,0.0,0.0,0.0,0.0,0.0,0.0,0.0,0.0,0.0,6.689E-4,0.0,102900.0,125200.0,101900.0,76050.0,2.479E7,28000.0,17270.0,31860.0,21380.0,18430.0,0.0,8.147E-38,5.7E-38,5.253E-37,3.141E-37,3.151E-38,1.186E-38,3.786E-39,2.608E-39,1.732E-39,3.8539999999999996E-39,2.08E-35,0.0,0.2545,0.5487,2.075,0.8266,0.1704,0.03111,0.006073,0.004273,0.00329,0.006395,0.0,0.0,0.001056,1.647E-4,0.001493,0.995,2.827E-4,3.354E-4,0.001142,4.867E-5,4.62E-4,0.0,0.01993,0.001715,0.001737,0.001679,0.1682,0.003922,3.935E-4,4.975E-4,5.354E-4,3.011E-4,
0.0,1276.0,158.0,230.1,95.51,2.429,3.247,0.1399,0.1395,0.2925,0.1326,0.0,344.1,0.1006,1.375,0.1234,0.128,0.2619,0.05427,0.5884,1.04,12.28,0.0,344.1,0.1006,1.375,0.1234,0.128,0.2619,0.05427,0.5884,1.04,12.28,0.0,0.0,0.0,0.0,0.0,0.0,0.0,0.0,0.0,0.0,0.0,0.0,19.44,272.6,61.04,67.58,1000.0,223.3,4.788,4.047,7.351,5.002,0.0,83.97,5.448,17.8,30.14,57.67,0.2629,0.648,0.4914,0.3049,0.4632,0.0,0.0,0.0,0.0,0.0,0.0,0.0,0.0,0.0,0.0,0.0,0.0,0.0,0.0,0.0,0.0,0.0,0.0,0.0,0.0,0.0,0.0,0.0,0.0,5.592E-4,0.0,102900.0,129000.0,98750.0,78510.0,2.54E7,28570.0,17870.0,32600.0,22250.0,18870.0,0.0,7.065E-38,5.747E-38,5.218E-37,3.155E-37,3.265E-38,7.421999999999999E-39,3.511E-39,2.554E-39,1.727E-39,3.85E-39,2.08E-35,0.0,0.2285,0.5944,2.045,0.8422,0.1747,0.02109,0.00544,0.004154,0.003291,0.006395,0.0,0.0,0.001056,1.647E-4,0.001493,0.995,2.827E-4,3.354E-4,0.001142,4.867E-5,4.62E-4,0.0,0.01992,0.001726,0.001723,0.001689,0.1682,0.003869,3.944E-4,4.976E-4,5.354E-4,3.003E-4,
0.0,1279.0,155.9,230.4,89.26,4.293,5.8,0.1107,0.2692,0.2884,0.1372,0.0,344.1,0.09788,1.375,0.1279,0.1251,0.2652,0.04908,0.5881,0.3191,13.0,0.0,344.1,0.09788,1.375,0.1279,0.1251,0.2652,0.04908,0.5881,0.3191,13.0,0.0,0.0,0.0,0.0,0.0,0.0,0.0,0.0,0.0,0.0,0.0,0.0,19.44,275.4,64.57,70.82,994.3,222.7,4.774,4.083,7.34,5.022,0.0,83.97,5.61,17.17,29.64,58.52,0.5292,0.6452,0.5466,0.304,0.4606,0.0,0.0,0.0,0.0,0.0,0.0,0.0,0.0,0.0,0.0,0.0,0.0,0.0,0.0,0.0,0.0,0.0,0.0,0.0,0.0,0.0,0.0,0.0,0.0,4.898E-4,0.0,103100.0,204700.0,217600.0,159100.0,2.623E7,28780.0,16870.0,29310.0,22990.0,17650.0,0.0,7.556E-38,5.701E-38,5.151E-37,2.9479999999999998E-37,4.277E-38,1.458E-38,3.505E-39,3.065E-39,1.719E-39,3.852E-39,2.08E-35,0.0,0.2519,0.5894,2.032,0.7926,0.2012,0.03664,0.005148,0.005239,0.003268,0.006415,0.0,0.0,0.004135,0.004653,0.004764,0.9846,2.321E-4,2.753E-4,9.377E-4,3.995E-5,3.792E-4,0.0,0.01995,0.002177,0.002434,0.002171,0.1665,0.003969,2.357E-4,4.687E-4,5.314E-4,2.897E-4,
0.0,1279.0,152.3,227.3,93.4,0.4776,3.669,0.1311,0.2458,0.2982,0.1865,0.0,344.1,0.103,1.557,0.1412,0.1206,0.2619,0.04998,0.5899,0.317,12.8,0.0,344.1,0.103,1.557,0.1412,0.1206,0.2619,0.04998,0.5899,0.317,12.8,0.0,0.0,0.0,0.0,0.0,0.0,0.0,0.0,0.0,0.0,0.0,0.0,19.44,277.1,63.35,68.37,1005.0,222.9,4.79,4.007,7.399,5.035,0.0,83.97,5.521,23.14,50.51,38.92,0.2524,0.6214,0.4552,0.2956,0.9795,0.0,0.0,0.0,0.0,0.0,0.0,0.0,0.0,0.0,0.0,0.0,0.0,0.0,0.0,0.0,0.0,0.0,0.0,0.0,0.0,0.0,0.0,0.0,0.0,1.0E-4,0.0,103200.0,123300.0,130200.0,50660.0,2.539E7,27870.0,16370.0,29310.0,21900.0,18630.0,0.0,7.557E-38,5.784E-38,5.085E-37,3.063E-37,3.416E-38,8.395E-39,3.5029999999999996E-39,2.8039999999999998E-39,1.714E-39,6.176E-39,2.08E-35,0.0,0.252,0.5723,2.038,0.8257,0.177,0.02328,0.005155,0.004684,0.003276,0.01319,0.0,0.0,5.103E-4,0.001061,6.88E-5,0.9964,2.469E-4,2.929E-4,9.977E-4,4.251E-5,4.034E-4,0.0,0.02003,0.001633,0.001899,0.0015,0.168,0.003894,2.374E-4,4.762E-4,5.307E-4,3.003E-4,
0.0,1279.0,151.6,227.0,94.88,0.4721,4.033,0.1458,0.1754,0.3024,0.2372,0.0,344.1,0.1034,1.428,0.1134,0.123,0.2543,0.04957,0.5898,0.317,12.95,0.0,344.1,0.1034,1.428,0.1134,0.123,0.2543,0.04957,0.5898,0.317,12.95,0.0,0.0,0.0,0.0,0.0,0.0,0.0,0.0,0.0,0.0,0.0,0.0,19.44,280.3,63.85,68.59,1004.0,222.9,4.804,4.045,7.4,5.049,0.0,83.97,5.548,21.4,49.66,40.01,0.2499,0.6111,0.4478,0.2914,0.9568,0.0,0.0,0.0,0.0,0.0,0.0,0.0,0.0,0.0,0.0,0.0,0.0,0.0,0.0,0.0,0.0,0.0,0.0,0.0,0.0,0.0,0.0,0.0,0.0,1.0E-4,0.0,103300.0,125500.0,128100.0,48000.0,2.441E7,27040.0,15930.0,29510.0,20830.0,20680.0,0.0,7.558E-38,6.033E-38,5.035E-37,3.026E-37,3.391E-38,1.013E-38,3.517E-39,2.5889999999999998E-39,1.709E-39,3.829E-39,2.08E-35,0.0,0.2521,0.5741,2.03,0.8241,0.1757,0.02992,0.005214,0.004302,0.003276,0.006414,0.0,0.0,5.449E-4,0.001133,7.347E-5,0.9961,2.637E-4,3.128E-4,0.001065,4.539E-5,4.308E-4,0.0,0.02008,0.001617,0.001911,0.001503,0.1678,0.003871,2.312E-4,4.848E-4,5.31E-4,3.191E-4,
0.0,1269.0,162.5,225.2,92.5,2.078,6.892,0.1412,0.1649,0.307,0.3371,0.0,344.1,0.1086,1.409,0.1155,0.1736,0.2591,0.04956,0.5889,0.509,12.71,0.0,344.1,0.1086,1.409,0.1155,0.1736,0.2591,0.04956,0.5889,0.509,12.71,0.0,0.0,0.0,0.0,0.0,0.0,0.0,0.0,0.0,0.0,0.0,0.0,19.41,254.9,63.17,68.19,1025.0,224.3,5.567,5.521,7.107,4.178,0.0,82.06,5.475,21.52,49.51,40.05,0.25,0.6111,0.4478,0.2914,0.8613,0.0,0.0,0.0,0.0,0.0,0.0,0.0,0.0,0.0,0.0,0.0,0.0,0.0,0.0,0.0,0.0,0.0,0.0,0.0,0.0,0.0,0.0,0.0,0.0,7.202E-4,0.0,103300.0,122500.0,126500.0,46860.0,2.33E7,26500.0,15600.0,28820.0,20480.0,19760.0,0.0,6.413E-38,6.281E-38,4.86E-37,2.9479999999999998E-37,4.694E-38,1.575E-38,3.5E-39,2.5479999999999998E-39,1.722E-39,3.835E-39,2.08E-35,0.0,0.2139,0.6105,1.991,0.8061,0.2128,0.04987,0.005175,0.004196,0.003321,0.006449,0.0,0.0,5.596E-4,0.001164,7.545E-5,0.996,2.708E-4,3.212E-4,0.001094,4.661E-5,4.424E-4,0.0,0.0201,0.001597,0.001918,0.001499,0.1678,0.003841,2.339E-4,4.913E-4,5.26E-4,3.176E-4,
0.0,1269.0,158.4,218.5,94.97,1.618,3.549,0.1291,0.1519,0.4429,0.2776,0.0,344.1,0.1259,1.419,0.1237,0.1376,0.2586,0.04883,0.5877,1.484,11.74,0.0,344.1,0.1259,1.419,0.1237,0.1376,0.2586,0.04883,0.5877,1.484,11.74,0.0,0.0,0.0,0.0,0.0,0.0,0.0,0.0,0.0,0.0,0.0,0.0,19.41,262.4,60.96,68.57,1021.0,227.0,4.456,3.687,7.182,4.281,0.0,82.06,5.513,34.9,46.81,40.16,0.2522,0.6179,0.4525,0.3877,0.6876,0.0,0.0,0.0,0.0,0.0,0.0,0.0,0.0,0.0,0.0,0.0,0.0,0.0,0.0,0.0,0.0,0.0,0.0,0.0,0.0,0.0,0.0,0.0,0.0,6.786E-4,0.0,103400.0,124100.0,122300.0,46290.0,2.243E7,25340.0,14980.0,28380.0,19670.0,18610.0,0.0,6.415E-38,6.751E-38,4.884E-37,2.991E-37,3.593E-38,1.045E-38,3.479E-39,2.518E-39,1.727E-39,3.814E-39,2.08E-35,0.0,0.2139,0.6106,1.998,0.8448,0.1842,0.02863,0.005129,0.004122,0.003348,0.006422,0.0,0.0,5.799E-4,0.001206,7.819E-5,0.9959,2.806E-4,3.329E-4,0.001134,4.83E-5,4.585E-4,0.0,0.02014,0.001609,0.001897,0.001499,0.1675,0.003812,2.315E-4,4.907E-4,5.398E-4,3.078E-4,
0.0,1264.0,161.8,217.2,96.64,1.802,3.307,0.1196,0.1452,0.4606,0.2927,0.0,344.1,0.1248,1.443,0.1193,0.1174,0.2603,0.04873,0.5877,1.516,11.71,0.0,344.1,0.1248,1.443,0.1193,0.1174,0.2603,0.04873,0.5877,1.516,11.71,0.0,0.0,0.0,0.0,0.0,0.0,0.0,0.0,0.0,0.0,0.0,0.0,19.4,268.0,60.29,67.98,1012.0,230.0,4.438,3.597,5.897,3.882,0.0,93.43,6.032,26.04,41.49,42.09,0.2547,0.6269,0.4586,0.3636,0.6695,0.0,0.0,0.0,0.0,0.0,0.0,0.0,0.0,0.0,0.0,0.0,0.0,0.0,0.0,0.0,0.0,0.0,0.0,0.0,0.0,0.0,0.0,0.0,0.0,1.0E-4,0.0,104300.0,128100.0,115500.0,44340.0,2.248E7,24770.0,14660.0,28230.0,18920.0,18290.0,0.0,6.248E-38,6.621999999999999E-38,4.94E-37,2.9259999999999997E-37,2.93E-38,1.103E-38,3.4769999999999996E-39,2.513E-39,1.704E-39,3.796E-39,2.08E-35,0.0,0.2098,0.618,2.009,0.8346,0.1756,0.02675,0.005124,0.004118,0.003294,0.006398,0.0,0.0,5.799E-4,0.001206,7.819E-5,0.9959,2.806E-4,3.329E-4,0.001134,4.83E-5,4.585E-4,0.0,0.02014,0.001621,0.00187,0.001481,0.1675,0.003824,2.294E-4,4.904E-4,5.344E-4,3.063E-4,
0.0,1261.0,162.3,217.5,97.06,4.503,4.879,0.2241,0.1396,0.4725,0.3004,0.0,344.1,0.1093,1.451,0.1263,0.1172,0.2603,0.0507,0.5855,1.516,11.71,0.0,344.1,0.1093,1.451,0.1263,0.1172,0.2603,0.0507,0.5855,1.516,11.71,0.0,0.0,0.0,0.0,0.0,0.0,0.0,0.0,0.0,0.0,0.0,0.0,19.39,269.6,60.88,67.94,1013.0,229.8,4.445,3.614,5.916,3.963,0.0,92.72,6.048,21.93,42.06,42.48,1.225,0.6354,0.4642,0.3514,0.662,0.0,0.0,0.0,0.0,0.0,0.0,0.0,0.0,0.0,0.0,0.0,0.0,0.0,0.0,0.0,0.0,0.0,0.0,0.0,0.0,0.0,0.0,0.0,0.0,1.0E-4,0.0,104400.0,130900.0,114900.0,44060.0,2.322E7,25670.0,14920.0,29010.0,18940.0,18550.0,0.0,5.931E-38,6.325E-38,4.934E-37,2.881E-37,2.938E-38,1.485E-38,3.643E-39,2.51E-39,1.699E-39,3.7829999999999996E-39,2.08E-35,0.0,0.1991,0.6036,1.995,0.8357,0.1902,0.0475,0.006054,0.004118,0.003294,0.0064,0.0,0.0,5.799E-4,0.001206,7.819E-5,0.9959,2.806E-4,3.329E-4,0.001134,4.83E-5,4.585E-4,0.0,0.02014,0.001614,0.001872,0.00148,0.1675,0.003828,2.259E-4,4.901E-4,5.344E-4,3.064E-4,
0.0,1259.0,164.4,217.8,100.2,3.495,3.428,0.1028,0.1351,0.478,0.303,0.0,344.1,0.1087,1.449,0.1289,0.118,0.2587,0.05069,0.5855,1.516,11.71,0.0,344.1,0.1087,1.449,0.1289,0.118,0.2587,0.05069,0.5855,1.516,11.71,0.0,0.0,0.0,0.0,0.0,0.0,0.0,0.0,0.0,0.0,0.0,0.0,19.39,271.6,60.95,68.12,1013.0,229.7,4.446,3.622,5.922,4.004,0.0,101.6,6.09,20.63,31.7,43.77,0.2585,0.6427,0.4687,0.3459,0.6596,0.0,0.0,0.0,0.0,0.0,0.0,0.0,0.0,0.0,0.0,0.0,0.0,0.0,0.0,0.0,0.0,0.0,0.0,0.0,0.0,0.0,0.0,0.0,0.0,4.826E-4,0.0,105100.0,133400.0,117200.0,44480.0,2.441E7,26090.0,15510.0,30390.0,19330.0,19130.0,0.0,6.132E-38,6.308E-38,4.895E-37,2.87E-37,2.94E-38,1.092E-38,3.47E-39,2.5119999999999998E-39,1.6889999999999998E-39,3.768E-39,2.08E-35,0.0,0.2162,0.6097,1.981,0.8457,0.1903,0.0278,0.005117,0.004128,0.003284,0.006402,0.0,0.0,5.799E-4,0.001206,7.819E-5,0.9959,2.806E-4,3.329E-4,0.001134,4.83E-5,4.585E-4,0.0,0.02017,0.001618,0.001872,0.001471,0.1675,0.00381,2.259E-4,4.918E-4,5.328E-4,3.066E-4,
0.0,1261.0,163.5,207.5,99.1,15.34,3.359,0.1012,0.1456,0.4817,0.3093,0.0,344.1,0.1088,1.408,0.1309,0.1562,0.2574,0.05073,0.5856,1.522,11.7,0.0,344.1,0.1088,1.408,0.1309,0.1562,0.2574,0.05073,0.5856,1.522,11.7,0.0,0.0,0.0,0.0,0.0,0.0,0.0,0.0,0.0,0.0,0.0,0.0,19.39,276.1,69.35,68.54,1004.0,229.0,4.419,3.545,5.947,4.164,0.0,101.6,6.029,20.06,29.64,44.18,0.3266,0.6491,0.4745,0.3435,0.6602,0.0,0.0,0.0,0.0,0.0,0.0,0.0,0.0,0.0,0.0,0.0,0.0,0.0,0.0,0.0,0.0,0.0,0.0,0.0,0.0,0.0,0.0,0.0,0.0,3.453E-4,0.0,105200.0,214900.0,435000.0,66660.0,2.497E7,26410.0,14620.0,26340.0,19750.0,17560.0,0.0,6.769E-38,6.309E-38,4.73E-37,2.814E-37,4.108E-38,1.076E-38,3.472E-39,2.522E-39,1.687E-39,3.758E-39,2.08E-35,0.0,0.2298,0.6071,1.883,0.8349,0.2832,0.02784,0.005148,0.004235,0.003298,0.006442,0.0,0.0,0.003882,0.01505,0.001048,0.9782,2.211E-4,2.623E-4,8.933E-4,3.806E-5,3.612E-4,0.0,0.02019,0.00213,0.003936,0.001591,0.1647,0.003823,2.157E-4,4.573E-4,5.339E-4,2.906E-4,
0.0,1262.0,148.8,220.8,81.39,0.09738,2.69,0.1144,0.1448,0.591,0.2198,0.0,344.1,0.1284,1.419,0.1474,0.09668,0.2672,0.04265,0.5856,2.01,11.21,0.0,344.1,0.1284,1.419,0.1474,0.09668,0.2672,0.04265,0.5856,2.01,11.21,0.0,0.0,0.0,0.0,0.0,0.0,0.0,0.0,0.0,0.0,0.0,0.0,19.39,280.7,61.52,66.47,1017.0,228.6,4.44,3.636,5.994,4.496,0.0,101.6,5.608,23.64,50.17,53.7,0.445,0.6367,0.4707,0.351,0.632,0.0,0.0,0.0,0.0,0.0,0.0,0.0,0.0,0.0,0.0,0.0,0.0,0.0,0.0,0.0,0.0,0.0,0.0,0.0,0.0,0.0,0.0,0.0,0.0,1.0E-4,0.0,105300.0,144700.0,101700.0,68170.0,2.414E7,26960.0,14750.0,26150.0,20420.0,17390.0,0.0,7.036E-38,6.743999999999999E-38,4.769E-37,2.817E-37,2.516E-38,8.831E-39,3.469E-39,2.506E-39,1.688E-39,3.735E-39,2.08E-35,0.0,0.237,0.5796,1.989,0.856,0.1716,0.02546,0.005136,0.004136,0.003311,0.006396,0.0,0.0,3.947E-4,2.477E-5,0.0011,0.9966,2.32E-4,2.752E-4,9.375E-4,3.994E-5,3.791E-4,0.0,0.02023,0.001664,0.001756,0.001592,0.1672,0.003784,2.155E-4,4.635E-4,5.393E-4,2.874E-4,
0.0,1253.0,171.4,207.3,83.68,0.1383,2.814,0.149,0.1579,0.7282,0.2484,0.0,344.1,0.09712,1.473,0.1209,0.09785,0.2662,0.0388,0.5628,0.6723,12.58,0.0,344.1,0.09712,1.473,0.1209,0.09785,0.2662,0.0388,0.5628,0.6723,12.58,0.0,0.0,0.0,0.0,0.0,0.0,0.0,0.0,0.0,0.0,0.0,0.0,19.36,275.2,69.73,66.68,1007.0,227.9,4.453,3.701,6.064,4.806,0.0,99.29,7.855,19.13,52.6,53.66,0.2612,0.6217,0.4615,0.2969,0.5035,0.0,0.0,0.0,0.0,0.0,0.0,0.0,0.0,0.0,0.0,0.0,0.0,0.0,0.0,0.0,0.0,0.0,0.0,0.0,0.0,0.0,0.0,0.0,0.0,1.0E-4,0.0,105200.0,146800.0,102400.0,68630.0,2.33E7,27500.0,15200.0,26610.0,21300.0,17330.0,0.0,5.979E-38,6.774E-38,4.846E-37,2.806E-37,2.546E-38,8.856E-39,3.496E-39,2.505E-39,1.6889999999999998E-39,3.726E-39,2.08E-35,0.0,0.2014,0.6363,1.963,0.8597,0.1723,0.0255,0.005273,0.004138,0.003323,0.006395,0.0,0.0,4.195E-4,2.632E-5,0.001169,0.9964,2.466E-4,2.925E-4,9.963E-4,4.245E-5,4.029E-4,0.0,0.02021,0.001635,0.001788,0.001605,0.167,0.003779,2.162E-4,4.763E-4,5.432E-4,2.834E-4,
0.0,1254.0,162.5,216.1,86.48,0.1582,2.781,0.1592,0.1717,0.7209,0.2943,0.0,344.1,0.08856,1.482,0.1206,0.09849,0.2671,0.03733,0.6798,0.6924,12.44,0.0,344.1,0.08856,1.482,0.1206,0.09849,0.2671,0.03733,0.6798,0.6924,12.44,0.0,0.0,0.0,0.0,0.0,0.0,0.0,0.0,0.0,0.0,0.0,0.0,19.36,276.1,71.93,67.32,995.4,226.5,4.474,3.845,6.093,5.259,0.0,99.29,5.788,18.99,49.62,54.02,0.2617,0.6187,0.4593,0.2936,0.4603,0.0,0.0,0.0,0.0,0.0,0.0,0.0,0.0,0.0,0.0,0.0,0.0,0.0,0.0,0.0,0.0,0.0,0.0,0.0,0.0,0.0,0.0,0.0,0.0,1.0E-4,0.0,105300.0,151400.0,104300.0,70460.0,2.304E7,28200.0,15850.0,27610.0,22050.0,17690.0,0.0,6.191E-38,5.491E-38,4.83E-37,2.787E-37,2.589E-38,8.677E-39,3.507E-39,2.5029999999999998E-39,1.688E-39,3.73E-39,2.08E-35,0.0,0.2135,0.5975,1.989,0.8569,0.173,0.02525,0.005331,0.004139,0.003326,0.006412,0.0,0.0,4.44E-4,2.786E-5,0.001237,0.9962,2.609E-4,3.096E-4,0.001054,4.492E-5,4.264E-4,0.0,0.02023,0.001644,0.0018,0.001611,0.1669,0.003785,2.131E-4,4.869E-4,5.421E-4,2.871E-4,
0.0,1257.0,158.4,201.1,87.73,0.2307,2.711,0.1405,0.168,0.8847,0.1431,0.0,344.1,0.09458,1.474,0.1211,0.09961,0.2626,0.03803,0.6309,1.675,11.51,0.0,344.1,0.09458,1.474,0.1211,0.09961,0.2626,0.03803,0.6309,1.675,11.51,0.0,0.0,0.0,0.0,0.0,0.0,0.0,0.0,0.0,0.0,0.0,0.0,19.36,275.7,71.87,68.56,1001.0,224.9,4.492,3.959,6.157,5.765,0.0,112.6,18.97,23.82,32.06,54.4,0.325,0.6377,0.4622,0.301,0.4445,0.0,0.0,0.0,0.0,0.0,0.0,0.0,0.0,0.0,0.0,0.0,0.0,0.0,0.0,0.0,0.0,0.0,0.0,0.0,0.0,0.0,0.0,0.0,0.0,1.0E-4,0.0,106100.0,164500.0,100400.0,70010.0,2.245E7,27620.0,15780.0,28140.0,22040.0,17070.0,0.0,7.842E-38,5.65E-38,4.801E-37,2.606E-37,2.565E-38,8.523E-39,3.505E-39,2.502E-39,2.65E-39,2.771E-39,2.08E-35,0.0,0.257,0.5931,2.007,0.8104,0.1606,0.02515,0.005332,0.00414,0.00561,0.004149,0.0,0.0,4.729E-4,2.968E-5,0.001317,0.9959,2.78E-4,3.298E-4,0.001123,4.785E-5,4.542E-4,0.0,0.0203,0.001634,0.001802,0.001593,0.1668,0.003745,2.161E-4,4.956E-4,5.759E-4,2.599E-4,
0.0,1257.0,155.0,202.7,95.83,0.1876,2.62,0.1221,0.1757,0.8865,0.1504,0.0,344.1,0.08439,1.479,0.121,0.1093,0.2544,0.03844,0.2388,1.554,12.02,0.0,344.1,0.08439,1.479,0.121,0.1093,0.2544,0.03844,0.2388,1.554,12.02,0.0,0.0,0.0,0.0,0.0,0.0,0.0,0.0,0.0,0.0,0.0,0.0,19.36,278.1,73.09,71.98,1008.0,214.7,4.606,4.596,6.632,9.007,0.0,112.6,20.06,18.65,26.41,56.6,0.3721,0.6559,0.4611,0.879,0.5918,0.0,0.0,0.0,0.0,0.0,0.0,0.0,0.0,0.0,0.0,0.0,0.0,0.0,0.0,0.0,0.0,0.0,0.0,0.0,0.0,0.0,0.0,0.0,0.0,7.391E-4,0.0,106200.0,164400.0,98660.0,70420.0,2.178E7,26310.0,14990.0,27230.0,21950.0,16710.0,0.0,7.843E-38,5.268E-38,4.7229999999999995E-37,2.656E-37,2.732E-38,8.295E-39,3.5039999999999996E-39,2.5169999999999998E-39,2.6549999999999997E-39,3.238E-39,2.08E-35,0.0,0.257,0.574,1.995,0.8263,0.1703,0.02479,0.005335,0.004158,0.005639,0.00583,0.0,0.0,4.729E-4,2.968E-5,0.001317,0.9959,2.78E-4,3.298E-4,0.001123,4.785E-5,4.542E-4,0.0,0.02031,0.001614,0.001783,0.001616,0.1666,0.003703,2.149E-4,5.075E-4,5.89E-4,2.638E-4,
0.0,1258.0,158.4,181.4,104.6,0.4911,2.6,0.1132,0.1677,0.8881,0.145,0.0,344.1,0.1022,1.456,0.1207,0.1138,0.2525,0.04059,0.2192,1.787,11.81,0.0,344.1,0.1022,1.456,0.1207,0.1138,0.2525,0.04059,0.2192,1.787,11.81,0.0,0.0,0.0,0.0,0.0,0.0,0.0,0.0,0.0,0.0,0.0,0.0,19.36,279.2,74.26,72.31,1004.0,213.6,4.586,4.62,6.641,9.324,0.0,112.6,22.51,22.68,26.56,56.6,0.3812,0.6655,0.4669,0.8807,0.597,0.0,0.0,0.0,0.0,0.0,0.0,0.0,0.0,0.0,0.0,0.0,0.0,0.0,0.0,0.0,0.0,0.0,0.0,0.0,0.0,0.0,0.0,0.0,0.0,1.0E-4,0.0,106400.0,170700.0,99670.0,70740.0,2.212E7,26030.0,14980.0,27450.0,21390.0,16760.0,0.0,8.244999999999999E-38,5.075E-38,4.7249999999999995E-37,2.614E-37,2.617E-38,8.18E-39,3.5029999999999996E-39,2.5159999999999998E-39,2.657E-39,2.812E-39,2.08E-35,0.0,0.2677,0.6256,1.922,0.8373,0.1697,0.02471,0.005338,0.004151,0.005661,0.00426,0.0,0.0,4.729E-4,2.968E-5,0.001317,0.9959,2.78E-4,3.298E-4,0.001123,4.785E-5,4.542E-4,0.0,0.02034,0.001617,0.00179,0.001609,0.1667,0.003637,2.201E-4,4.956E-4,6.027E-4,2.61E-4,
0.0,1262.0,157.5,182.4,104.8,0.6408,3.513,0.1074,0.1623,0.8842,0.1401,0.0,344.1,0.08974,1.428,0.1581,0.118,0.2513,0.04108,0.1421,1.985,11.69,0.0,344.1,0.08974,1.428,0.1581,0.118,0.2513,0.04108,0.1421,1.985,11.69,0.0,0.0,0.0,0.0,0.0,0.0,0.0,0.0,0.0,0.0,0.0,0.0,19.36,283.0,74.21,72.74,1006.0,212.4,4.602,4.7,6.665,9.703,0.0,114.5,19.57,23.11,20.98,56.5,0.3838,0.673,0.472,0.8831,0.6019,0.0,0.0,0.0,0.0,0.0,0.0,0.0,0.0,0.0,0.0,0.0,0.0,0.0,0.0,0.0,0.0,0.0,0.0,0.0,0.0,0.0,0.0,0.0,0.0,5.261E-4,0.0,106600.0,171800.0,96770.0,71860.0,2.301E7,26320.0,15390.0,28470.0,21400.0,17210.0,0.0,8.349E-38,4.823E-38,4.671E-37,2.609E-37,2.726E-38,1.053E-38,3.502E-39,2.514E-39,2.654E-39,2.815E-39,2.08E-35,0.0,0.2811,0.5728,1.961,0.8291,0.1682,0.03254,0.005341,0.004154,0.00566,0.004269,0.0,0.0,4.729E-4,2.968E-5,0.001317,0.9959,2.78E-4,3.298E-4,0.001123,4.785E-5,4.542E-4,0.0,0.02036,0.001615,0.001784,0.001606,0.1667,0.003598,2.207E-4,4.963E-4,6.032E-4,2.6E-4,
0.0,1237.0,178.4,184.4,114.8,6.96,2.904,0.1031,0.1577,0.8822,0.137,0.0,344.1,0.08034,1.5,0.1085,0.1055,0.2497,0.04142,0.1723,2.682,10.96,0.0,344.1,0.08034,1.5,0.1085,0.1055,0.2497,0.04142,0.1723,2.682,10.96,0.0,0.0,0.0,0.0,0.0,0.0,0.0,0.0,0.0,0.0,0.0,0.0,19.29,287.7,76.33,74.86,999.1,211.0,4.593,4.771,6.678,10.11,0.0,107.9,19.11,18.47,17.63,57.27,0.3854,0.6789,0.4762,0.8851,0.5843,0.0,0.0,0.0,0.0,0.0,0.0,0.0,0.0,0.0,0.0,0.0,0.0,0.0,0.0,0.0,0.0,0.0,0.0,0.0,0.0,0.0,0.0,0.0,0.0,4.72E-4,0.0,106300.0,191400.0,99020.0,80640.0,2.425E7,26990.0,16070.0,29960.0,21750.0,17990.0,0.0,5.407E-38,4.454E-38,4.6389999999999995E-37,2.683E-37,2.83E-38,8.866E-39,3.501E-39,2.513E-39,2.6509999999999998E-39,3.483E-39,2.08E-35,0.0,0.1821,0.638,1.952,0.8598,0.1829,0.02734,0.005344,0.004161,0.005663,0.006829,0.0,0.0,4.729E-4,2.968E-5,0.001317,0.9959,2.78E-4,3.298E-4,0.001123,4.785E-5,4.542E-4,0.0,0.0203,0.001636,0.001811,0.001619,0.1667,0.003552,2.204E-4,4.976E-4,6.04E-4,2.575E-4,
0.0,1241.0,181.2,183.7,113.1,6.893,2.724,0.08068,0.1119,0.8879,0.1431,0.0,344.1,0.08889,1.478,0.111,0.1123,0.2497,0.04137,0.172,3.782,9.86,0.0,344.1,0.08889,1.478,0.111,0.1123,0.2497,0.04137,0.172,3.782,9.86,0.0,0.0,0.0,0.0,0.0,0.0,0.0,0.0,0.0,0.0,0.0,0.0,19.29,260.0,77.1,73.69,1035.0,210.3,4.602,4.817,6.711,10.35,0.0,108.0,7.172,16.37,17.98,66.88,0.3833,0.6697,0.4695,0.8811,0.6913,0.0,0.0,0.0,0.0,0.0,0.0,0.0,0.0,0.0,0.0,0.0,0.0,0.0,0.0,0.0,0.0,0.0,0.0,0.0,0.0,0.0,0.0,0.0,0.0,1.0E-4,0.0,106400.0,162000.0,97140.0,77630.0,2.58E7,27740.0,16850.0,31680.0,22350.0,18770.0,0.0,6.149E-38,4.44E-38,4.574E-37,2.607E-37,2.934E-38,9.137E-39,3.534E-39,2.531E-39,2.648E-39,3.283E-39,2.08E-35,0.0,0.1975,0.6359,1.931,0.8514,0.1978,0.02687,0.005204,0.003853,0.005671,0.006058,0.0,0.0,4.729E-4,2.968E-5,0.001317,0.9959,2.78E-4,3.298E-4,0.001123,4.785E-5,4.542E-4,0.0,0.02033,0.0016,0.001816,0.00161,0.1667,0.003496,2.213E-4,4.974E-4,6.066E-4,2.558E-4,
0.0,1228.0,200.3,173.7,109.8,0.1644,2.549,0.1004,0.1283,0.9556,0.1084,0.0,344.1,0.103,1.355,0.1188,0.1109,0.2478,0.04163,0.181,4.413,9.319,0.0,344.1,0.103,1.355,0.1188,0.1109,0.2478,0.04163,0.181,4.413,9.319,0.0,0.0,0.0,0.0,0.0,0.0,0.0,0.0,0.0,0.0,0.0,0.0,19.25,259.9,78.18,77.09,1020.0,209.4,4.596,4.848,6.723,10.58,0.0,104.4,8.142,24.31,18.49,73.75,0.3961,0.655,0.9228,0.4099,0.6805,0.0,0.0,0.0,0.0,0.0,0.0,0.0,0.0,0.0,0.0,0.0,0.0,0.0,0.0,0.0,0.0,0.0,0.0,0.0,0.0,0.0,0.0,0.0,0.0,4.157E-4,0.0,106300.0,166900.0,96440.0,81360.0,2.75E7,28610.0,17710.0,34210.0,22630.0,19620.0,0.0,5.105E-38,4.845E-38,4.504E-37,2.562E-37,2.924E-38,8.652E-39,3.543E-39,2.5479999999999998E-39,2.951E-39,3.059E-39,2.08E-35,0.0,0.1622,0.7005,1.905,0.8391,0.1963,0.0253,0.005256,0.003927,0.006391,0.005536,0.0,0.0,4.729E-4,2.968E-5,0.001317,0.9959,2.78E-4,3.298E-4,0.001123,4.785E-5,4.542E-4,0.0,0.0203,0.001637,0.001813,0.001621,0.1667,0.003472,2.219E-4,5.136E-4,6.007E-4,2.473E-4,
0.0,1231.0,192.8,181.7,104.1,0.7959,4.053,0.1069,0.1326,0.9553,0.1173,0.0,344.1,0.08585,1.362,0.1247,0.1125,0.2472,0.04172,0.1758,3.468,10.27,0.0,344.1,0.08585,1.362,0.1247,0.1125,0.2472,0.04172,0.1758,3.468,10.27,0.0,0.0,0.0,0.0,0.0,0.0,0.0,0.0,0.0,0.0,0.0,0.0,19.25,259.5,80.0,77.82,1021.0,208.6,4.603,4.891,6.763,10.87,0.0,105.7,8.002,22.94,17.61,73.77,0.7009,0.6484,0.9181,0.4072,0.6759,0.0,0.0,0.0,0.0,0.0,0.0,0.0,0.0,0.0,0.0,0.0,0.0,0.0,0.0,0.0,0.0,0.0,0.0,0.0,0.0,0.0,0.0,0.0,0.0,1.0E-4,0.0,107600.0,172500.0,94030.0,84390.0,2.929E7,29890.0,18660.0,36240.0,23460.0,20550.0,0.0,5.447E-38,4.489E-38,4.4999999999999996E-37,2.477E-37,2.961E-38,1.428E-38,3.543E-39,2.55E-39,2.933E-39,3.055E-39,2.08E-35,0.0,0.1851,0.6736,1.918,0.8083,0.2022,0.03809,0.005258,0.003932,0.006392,0.005524,0.0,0.0,4.729E-4,2.968E-5,0.001317,0.9959,2.78E-4,3.298E-4,0.001123,4.785E-5,4.542E-4,0.0,0.02031,0.001611,0.001793,0.001634,0.1667,0.003457,2.22E-4,5.139E-4,6.114E-4,2.362E-4,
0.0,1231.0,190.5,188.0,90.93,0.1179,2.547,0.1056,0.1296,0.9581,0.1188,0.0,344.1,0.08447,1.259,0.1184,0.1948,0.2417,0.04135,0.1773,4.255,9.512,0.0,344.1,0.08447,1.259,0.1184,0.1948,0.2417,0.04135,0.1773,4.255,9.512,0.0,0.0,0.0,0.0,0.0,0.0,0.0,0.0,0.0,0.0,0.0,0.0,19.25,259.3,63.63,77.88,1029.0,207.8,4.769,5.112,7.022,11.23,0.0,105.7,6.693,21.5,37.63,67.14,0.3948,0.6516,0.921,0.41,0.6799,0.0,0.0,0.0,0.0,0.0,0.0,0.0,0.0,0.0,0.0,0.0,0.0,0.0,0.0,0.0,0.0,0.0,0.0,0.0,0.0,0.0,0.0,0.0,0.0,1.0E-4,0.0,107700.0,175300.0,106700.0,92400.0,3.106E7,30910.0,19590.0,38480.0,24120.0,21910.0,0.0,5.448E-38,4.429E-38,4.192E-37,2.567E-37,5.23E-38,7.274999999999999E-39,3.759E-39,2.819E-39,3.2609999999999996E-39,3.475E-39,2.08E-35,0.0,0.1851,0.679,1.852,0.8404,0.2317,0.02262,0.005727,0.004512,0.007142,0.006433,0.0,0.0,4.729E-4,2.968E-5,0.001317,0.9959,2.78E-4,3.298E-4,0.001123,4.785E-5,4.542E-4,0.0,0.02032,0.001613,0.001644,0.001595,0.1669,0.003415,2.238E-4,5.173E-4,6.186E-4,2.365E-4,
0.0,1231.0,187.6,187.4,85.84,0.0949,2.987,0.1188,0.1755,1.009,0.1464,0.0,344.1,0.07407,1.28,0.1211,0.1679,0.2357,0.04061,0.1756,3.668,10.1,0.0,344.1,0.07407,1.28,0.1211,0.1679,0.2357,0.04061,0.1756,3.668,10.1,0.0,0.0,0.0,0.0,0.0,0.0,0.0,0.0,0.0,0.0,0.0,0.0,19.25,266.3,58.99,77.98,1034.0,207.8,4.832,5.191,7.141,11.33,0.0,105.7,6.567,24.56,41.21,66.93,0.4199,0.6584,0.9261,0.4133,0.6851,0.0,0.0,0.0,0.0,0.0,0.0,0.0,0.0,0.0,0.0,0.0,0.0,0.0,0.0,0.0,0.0,0.0,0.0,0.0,0.0,0.0,0.0,0.0,0.0,1.003E-4,0.0,107700.0,189500.0,99490.0,90750.0,2.978E7,29190.0,18410.0,36850.0,22410.0,21050.0,0.0,5.449E-38,4.16E-38,4.226E-37,2.5789999999999998E-37,4.1889999999999997E-38,8.381E-39,3.67E-39,2.707E-39,3.118E-39,3.29E-39,2.08E-35,0.0,0.1852,0.6494,1.883,0.8423,0.2087,0.02693,0.005701,0.004708,0.007274,0.006352,0.0,0.0,4.729E-4,2.968E-5,0.001317,0.9959,2.78E-4,3.298E-4,0.001123,4.785E-5,4.542E-4,0.0,0.02036,0.001621,0.001555,0.001612,0.1668,0.003376,2.265E-4,5.197E-4,6.191E-4,2.378E-4,
