RabA,RabB,RabC,RabD,RabE,RabF,RabG,RabH,RabI,xER,xPM,
9145000.0,2398000.0,1406000.0,7308000.0,4033000.0,1065000.0,372700.0,4892000.0,1386000.0,9849000.0,9887000.0,
9254000.0,2373000.0,1387000.0,7268000.0,4009000.0,1065000.0,372600.0,4892000.0,1506000.0,9777000.0,9619000.0,
9121000.0,2368000.0,1382000.0,7188000.0,3964000.0,1065000.0,372600.0,4892000.0,1506000.0,9925000.0,9691000.0,
9046000.0,2358000.0,1356000.0,7081000.0,3943000.0,1065000.0,372500.0,4892000.0,1630000.0,9851000.0,9654000.0,
8982000.0,2358000.0,1356000.0,7061000.0,3935000.0,1065000.0,372500.0,4892000.0,1688000.0,9792000.0,9600000.0,
8882000.0,2357000.0,1355000.0,7027000.0,3855000.0,1065000.0,372400.0,4892000.0,1771000.0,9758000.0,9680000.0,
8703000.0,2326000.0,1354000.0,6988000.0,3831000.0,1065000.0,372400.0,4892000.0,1771000.0,9758000.0,9704000.0,
8604000.0,2312000.0,1352000.0,6953000.0,3823000.0,1065000.0,372300.0,4892000.0,1898000.0,9679000.0,9590000.0,
8508000.0,2293000.0,1350000.0,6884000.0,3777000.0,1065000.0,372100.0,4892000.0,2006000.0,9572000.0,9582000.0,
8407000.0,2274000.0,1345000.0,6847000.0,3722000.0,1063000.0,372000.0,4892000.0,2006000.0,9572000.0,9504000.0,
8334000.0,2246000.0,1345000.0,6822000.0,3676000.0,1063000.0,371900.0,4892000.0,2006000.0,9619000.0,9550000.0,
8328000.0,2242000.0,1345000.0,6822000.0,3655000.0,1062000.0,371900.0,4892000.0,2006000.0,9619000.0,9573000.0,
8328000.0,2241000.0,1345000.0,6798000.0,3628000.0,1062000.0,371900.0,4892000.0,2082000.0,9592000.0,9600000.0,
8466000.0,2238000.0,1344000.0,6778000.0,3612000.0,1062000.0,371900.0,4892000.0,2097000.0,9672000.0,9458000.0,
8435000.0,2235000.0,1342000.0,6749000.0,3596000.0,1062000.0,371900.0,4892000.0,2097000.0,9721000.0,9472000.0,
8386000.0,2224000.0,1341000.0,6730000.0,3596000.0,1062000.0,371900.0,4892000.0,2305000.0,9608000.0,9472000.0,
8343000.0,2223000.0,1340000.0,6715000.0,3574000.0,1062000.0,371800.0,4892000.0,2466000.0,9447000.0,9494000.0,
8288000.0,2223000.0,1340000.0,6705000.0,3549000.0,1062000.0,370300.0,4892000.0,2466000.0,9447000.0,9521000.0,
8258000.0,2223000.0,1340000.0,6695000.0,3496000.0,1062000.0,370300.0,4892000.0,2466000.0,9447000.0,9574000.0,
8217000.0,2218000.0,1340000.0,6675000.0,3488000.0,1061000.0,370300.0,4892000.0,2466000.0,9447000.0,9582000.0,
8185000.0,2216000.0,1339000.0,6675000.0,3466000.0,1061000.0,370300.0,4892000.0,2466000.0,9494000.0,9604000.0,
8138000.0,2215000.0,1339000.0,6670000.0,3447000.0,1054000.0,368700.0,4892000.0,2466000.0,9494000.0,9649000.0,
8108000.0,2212000.0,1336000.0,6666000.0,3447000.0,1054000.0,368700.0,4892000.0,2466000.0,9494000.0,9649000.0,
8069000.0,2212000.0,1336000.0,6652000.0,3433000.0,1054000.0,368700.0,4892000.0,2466000.0,9494000.0,9688000.0,
8015000.0,2211000.0,1336000.0,6627000.0,3394000.0,1054000.0,368700.0,4892000.0,2466000.0,9494000.0,9765000.0,
7982000.0,2211000.0,1336000.0,6622000.0,3387000.0,1054000.0,368700.0,4892000.0,2466000.0,9494000.0,9795000.0,
7923000.0,2211000.0,1335000.0,6613000.0,3387000.0,1054000.0,368700.0,4892000.0,2466000.0,9589000.0,9819000.0,
7955000.0,2208000.0,1335000.0,6603000.0,3387000.0,1054000.0,368700.0,4892000.0,2466000.0,9589000.0,9745000.0,
7920000.0,2208000.0,1317000.0,6603000.0,3387000.0,1054000.0,368700.0,4892000.0,2466000.0,9637000.0,9763000.0,
7906000.0,2202000.0,1317000.0,6603000.0,3363000.0,1054000.0,368700.0,4892000.0,2466000.0,9637000.0,9786000.0,
7973000.0,2202000.0,1316000.0,6599000.0,3328000.0,1054000.0,368700.0,4892000.0,2513000.0,9687000.0,9689000.0,
7916000.0,2196000.0,1306000.0,6594000.0,3328000.0,1072000.0,350500.0,4943000.0,2461000.0,9687000.0,9702000.0,
7921000.0,2216000.0,1308000.0,6612000.0,3312000.0,1066000.0,362600.0,4947000.0,2562000.0,9618000.0,9614000.0,
7841000.0,2214000.0,1309000.0,6632000.0,3289000.0,1076000.0,1135000.0,4165000.0,2562000.0,9618000.0,9637000.0,
7815000.0,2218000.0,1311000.0,6633000.0,3273000.0,1070000.0,1555000.0,3784000.0,2523000.0,9666000.0,9659000.0,
7775000.0,2224000.0,1314000.0,6628000.0,3220000.0,1070000.0,1555000.0,3838000.0,2469000.0,9666000.0,9712000.0,
7704000.0,2229000.0,1321000.0,6627000.0,3204000.0,1064000.0,1561000.0,3854000.0,2441000.0,9666000.0,9740000.0,
7874000.0,2233000.0,1324000.0,6601000.0,3191000.0,1070000.0,1555000.0,3865000.0,2561000.0,9534000.0,9565000.0,
7835000.0,2232000.0,1329000.0,6576000.0,3179000.0,1076000.0,1549000.0,3899000.0,2527000.0,9630000.0,9578000.0,
7789000.0,2246000.0,1331000.0,6577000.0,3144000.0,1082000.0,1555000.0,3956000.0,2458000.0,9630000.0,9613000.0,
7750000.0,2237000.0,1332000.0,6573000.0,3136000.0,1053000.0,1555000.0,4070000.0,2344000.0,9630000.0,9650000.0,
7810000.0,2244000.0,1334000.0,6580000.0,3094000.0,1053000.0,1567000.0,4101000.0,2347000.0,9584000.0,9580000.0,
7878000.0,2257000.0,1338000.0,6574000.0,3059000.0,1053000.0,1588000.0,4099000.0,2328000.0,9584000.0,9446000.0,
7725000.0,2263000.0,1339000.0,6685000.0,3035000.0,1053000.0,1594000.0,4141000.0,2280000.0,9584000.0,9470000.0,
7555000.0,2374000.0,1343000.0,6689000.0,3047000.0,1041000.0,1606000.0,4222000.0,2187000.0,9632000.0,9470000.0,
7542000.0,2364000.0,1332000.0,6684000.0,3028000.0,1047000.0,1600000.0,4327000.0,2081000.0,9632000.0,9503000.0,
7483000.0,2364000.0,1334000.0,6711000.0,3059000.0,1017000.0,1606000.0,4358000.0,2099000.0,9625000.0,9503000.0,
7417000.0,2371000.0,1336000.0,6708000.0,3041000.0,1023000.0,1600000.0,4405000.0,2153000.0,9525000.0,9520000.0,
7355000.0,2372000.0,1316000.0,6726000.0,3228000.0,842700.0,1600000.0,4447000.0,2105000.0,9525000.0,9543000.0,
7319000.0,2384000.0,1320000.0,6696000.0,3228000.0,842700.0,1600000.0,4464000.0,2087000.0,9572000.0,9543000.0,
7280000.0,2387000.0,1319000.0,6657000.0,3208000.0,838800.0,1600000.0,4522000.0,2128000.0,9522000.0,9567000.0,
7221000.0,2399000.0,1322000.0,6647000.0,3208000.0,838700.0,1600000.0,4560000.0,2090000.0,9522000.0,9567000.0,
7102000.0,2402000.0,1331000.0,6703000.0,3208000.0,844800.0,1594000.0,4589000.0,2061000.0,9522000.0,9567000.0,
7039000.0,2409000.0,1319000.0,6732000.0,3153000.0,844800.0,1593000.0,4643000.0,2007000.0,9522000.0,9636000.0,
6988000.0,2416000.0,1323000.0,6746000.0,3153000.0,844800.0,1593000.0,4658000.0,1992000.0,9522000.0,9636000.0,
7006000.0,2403000.0,1329000.0,6781000.0,3153000.0,844800.0,1593000.0,4698000.0,1952000.0,9522000.0,9570000.0,
6947000.0,2413000.0,1316000.0,6821000.0,3153000.0,851200.0,1587000.0,4698000.0,1952000.0,9522000.0,9588000.0,
6887000.0,2421000.0,1317000.0,6828000.0,3115000.0,851200.0,1587000.0,4720000.0,1930000.0,9522000.0,9626000.0,
6923000.0,2434000.0,1319000.0,6872000.0,3098000.0,851200.0,1587000.0,4750000.0,1900000.0,9569000.0,9531000.0,
6730000.0,2411000.0,1321000.0,6985000.0,3072000.0,851200.0,1587000.0,4772000.0,1878000.0,9569000.0,9578000.0,
6678000.0,2405000.0,1309000.0,6981000.0,3072000.0,857200.0,1591000.0,4798000.0,1842000.0,9569000.0,9592000.0,
6630000.0,2392000.0,1313000.0,6988000.0,3080000.0,849200.0,1591000.0,4893000.0,1747000.0,9569000.0,9592000.0,
6584000.0,2362000.0,1319000.0,6978000.0,3061000.0,849200.0,1591000.0,4906000.0,1734000.0,9617000.0,9610000.0,
6645000.0,2374000.0,1320000.0,6984000.0,3042000.0,855200.0,1585000.0,4906000.0,1822000.0,9529000.0,9523000.0,
6587000.0,2390000.0,1298000.0,7003000.0,2999000.0,855200.0,1585000.0,4952000.0,1776000.0,9529000.0,9591000.0,
6498000.0,2392000.0,1287000.0,6989000.0,2961000.0,849100.0,1591000.0,5025000.0,1697000.0,9529000.0,9648000.0,
6420000.0,2401000.0,1288000.0,6982000.0,2961000.0,849100.0,1591000.0,5049000.0,1673000.0,9529000.0,9648000.0,
6673000.0,2397000.0,1292000.0,6972000.0,2936000.0,849100.0,1596000.0,5096000.0,1621000.0,9529000.0,9399000.0,
6657000.0,2385000.0,1295000.0,6967000.0,2942000.0,849100.0,1590000.0,5107000.0,1610000.0,9529000.0,9399000.0,
6617000.0,2372000.0,1299000.0,6952000.0,2918000.0,849100.0,1596000.0,5122000.0,1589000.0,9576000.0,9422000.0,
6596000.0,2369000.0,1290000.0,6947000.0,3464000.0,309500.0,1609000.0,5103000.0,1589000.0,9576000.0,9435000.0,
6528000.0,2376000.0,1292000.0,6986000.0,3448000.0,309500.0,1623000.0,5082000.0,1589000.0,9576000.0,9457000.0,
6055000.0,2389000.0,1294000.0,7414000.0,3430000.0,309400.0,1635000.0,5096000.0,1564000.0,9576000.0,9475000.0,
6009000.0,2394000.0,1295000.0,7429000.0,3436000.0,743400.0,1211000.0,5080000.0,1564000.0,9576000.0,9475000.0,
5977000.0,2409000.0,1277000.0,7413000.0,3436000.0,743400.0,1217000.0,5080000.0,1557000.0,9576000.0,9495000.0,
5821000.0,2404000.0,1274000.0,7508000.0,3436000.0,743400.0,1217000.0,5124000.0,1513000.0,9576000.0,9508000.0,
5772000.0,2415000.0,1277000.0,7508000.0,3448000.0,731400.0,1276000.0,5124000.0,1454000.0,9576000.0,9508000.0,
5686000.0,2440000.0,1279000.0,7558000.0,3448000.0,737400.0,2235000.0,4160000.0,1454000.0,9576000.0,9508000.0,
5654000.0,2448000.0,1283000.0,7558000.0,3413000.0,737400.0,2235000.0,4212000.0,1401000.0,9624000.0,9544000.0,
5613000.0,2457000.0,1284000.0,7563000.0,3394000.0,749400.0,2223000.0,4239000.0,1406000.0,9593000.0,9563000.0,
5586000.0,2456000.0,1287000.0,7558000.0,3355000.0,754300.0,2227000.0,4273000.0,1363000.0,9593000.0,9601000.0,
5609000.0,2454000.0,1295000.0,7557000.0,3342000.0,754300.0,2250000.0,4243000.0,1363000.0,9593000.0,9577000.0,
5595000.0,2457000.0,1296000.0,7547000.0,3298000.0,754300.0,2271000.0,4308000.0,1277000.0,9593000.0,9622000.0,
5574000.0,2465000.0,1298000.0,7537000.0,3272000.0,748200.0,2282000.0,4360000.0,1214000.0,9593000.0,9654000.0,
5553000.0,2468000.0,1301000.0,7532000.0,3272000.0,748200.0,2292000.0,4362000.0,1202000.0,9593000.0,9654000.0,
5519000.0,2466000.0,1305000.0,7525000.0,3272000.0,758100.0,2296000.0,4348000.0,1202000.0,9593000.0,9654000.0,
5678000.0,2486000.0,1308000.0,7521000.0,3265000.0,747200.0,2303000.0,4357000.0,1187000.0,9593000.0,9458000.0,
5612000.0,2488000.0,1312000.0,7526000.0,3239000.0,747200.0,2309000.0,4380000.0,1158000.0,9689000.0,9483000.0,
5577000.0,2488000.0,1318000.0,7545000.0,3217000.0,747200.0,2333000.0,4370000.0,1281000.0,9551000.0,9505000.0,
5374000.0,2500000.0,1324000.0,7720000.0,3160000.0,747200.0,2345000.0,4369000.0,1270000.0,9551000.0,9562000.0,
5333000.0,2511000.0,1306000.0,7726000.0,3160000.0,772300.0,2326000.0,4377000.0,1256000.0,9551000.0,9585000.0,
5278000.0,2504000.0,1309000.0,7734000.0,3126000.0,772200.0,2338000.0,4379000.0,1242000.0,9551000.0,9619000.0,
5246000.0,2486000.0,1313000.0,7736000.0,3049000.0,784300.0,2326000.0,4379000.0,1242000.0,9551000.0,9696000.0,
5230000.0,2490000.0,1313000.0,7717000.0,2979000.0,784300.0,2343000.0,4366000.0,1226000.0,9551000.0,9777000.0,
5200000.0,2495000.0,1316000.0,7700000.0,2928000.0,784300.0,2370000.0,4412000.0,1153000.0,9551000.0,9828000.0,
5173000.0,2499000.0,1320000.0,7689000.0,2927000.0,784300.0,2633000.0,4161000.0,1141000.0,9551000.0,9828000.0,
5163000.0,2506000.0,1323000.0,7674000.0,2907000.0,784300.0,4156000.0,2663000.0,1117000.0,9551000.0,9849000.0,
5179000.0,2494000.0,1327000.0,7686000.0,2907000.0,790300.0,4167000.0,2646000.0,1117000.0,9599000.0,9794000.0,
5159000.0,2497000.0,1334000.0,7680000.0,2859000.0,796300.0,4189000.0,2640000.0,1092000.0,9695000.0,9843000.0,
5131000.0,2488000.0,1316000.0,7688000.0,2839000.0,2514000.0,2503000.0,2620000.0,1080000.0,9744000.0,9885000.0,
5131000.0,2493000.0,1320000.0,7692000.0,2793000.0,2520000.0,2509000.0,2625000.0,1093000.0,9714000.0,9878000.0,
5175000.0,2498000.0,1321000.0,7685000.0,2793000.0,2520000.0,2515000.0,2632000.0,1169000.0,9673000.0,9806000.0,
5237000.0,2502000.0,1324000.0,7672000.0,2771000.0,2520000.0,2522000.0,2626000.0,1212000.0,9678000.0,9741000.0,
5202000.0,2513000.0,1324000.0,7657000.0,2771000.0,2520000.0,2522000.0,2626000.0,1212000.0,9678000.0,9741000.0,
5419000.0,2520000.0,1328000.0,7640000.0,2771000.0,2520000.0,2530000.0,2630000.0,1398000.0,9529000.0,9493000.0,
5394000.0,2524000.0,1333000.0,7636000.0,2775000.0,2516000.0,2548000.0,2612000.0,1398000.0,9529000.0,9493000.0,
5370000.0,2528000.0,1336000.0,7644000.0,2775000.0,2516000.0,2563000.0,2597000.0,1398000.0,9529000.0,9493000.0,
5212000.0,2533000.0,1340000.0,7767000.0,2775000.0,2516000.0,2592000.0,2583000.0,1382000.0,9529000.0,9493000.0,
5167000.0,2539000.0,1343000.0,7788000.0,2756000.0,2516000.0,3758000.0,1431000.0,1368000.0,9529000.0,9512000.0,
5136000.0,2549000.0,1344000.0,7800000.0,2730000.0,2516000.0,3764000.0,1425000.0,1368000.0,9529000.0,9536000.0,
5123000.0,2553000.0,1347000.0,7765000.0,2684000.0,2516000.0,3764000.0,1452000.0,1341000.0,9577000.0,9583000.0,
5105000.0,2554000.0,1334000.0,7765000.0,2623000.0,2521000.0,3753000.0,1452000.0,1341000.0,9624000.0,9664000.0,
5087000.0,2564000.0,1337000.0,7756000.0,2612000.0,2515000.0,3753000.0,1511000.0,1275000.0,9624000.0,9687000.0,
5051000.0,2585000.0,1342000.0,7746000.0,2600000.0,2509000.0,3771000.0,1489000.0,1275000.0,9624000.0,9711000.0,
5019000.0,2583000.0,1346000.0,7765000.0,2606000.0,2503000.0,3771000.0,1489000.0,1275000.0,9624000.0,9711000.0,
5077000.0,2588000.0,1348000.0,7769000.0,2588000.0,2514000.0,3765000.0,1483000.0,1278000.0,9610000.0,9662000.0,
5025000.0,2594000.0,1324000.0,7795000.0,2496000.0,2513000.0,3779000.0,1490000.0,1257000.0,9610000.0,9780000.0,
5136000.0,2590000.0,1327000.0,7783000.0,2471000.0,2539000.0,3765000.0,1487000.0,1304000.0,9553000.0,9676000.0,
5291000.0,2593000.0,1333000.0,7788000.0,2452000.0,4413000.0,1890000.0,1527000.0,1384000.0,9481000.0,9507000.0,
5281000.0,2594000.0,1337000.0,7784000.0,2452000.0,4432000.0,1871000.0,1537000.0,1374000.0,9481000.0,9507000.0,
5234000.0,2599000.0,1340000.0,7802000.0,2452000.0,4443000.0,1867000.0,1549000.0,1356000.0,9528000.0,9507000.0,
5197000.0,2609000.0,1344000.0,7812000.0,2452000.0,4449000.0,1861000.0,1559000.0,1346000.0,9528000.0,9507000.0,
5181000.0,2615000.0,1347000.0,7802000.0,2452000.0,4472000.0,1850000.0,1585000.0,1308000.0,9528000.0,9507000.0,
5168000.0,2607000.0,1350000.0,7800000.0,2438000.0,4483000.0,1839000.0,1579000.0,1308000.0,9576000.0,9526000.0,
5122000.0,2618000.0,1352000.0,7829000.0,3420000.0,3519000.0,1828000.0,1573000.0,1308000.0,9576000.0,9526000.0,
5105000.0,2615000.0,1357000.0,7819000.0,3426000.0,3836000.0,1523000.0,1639000.0,1223000.0,9576000.0,9526000.0,
5048000.0,2610000.0,1361000.0,7851000.0,3377000.0,3842000.0,1527000.0,1650000.0,1202000.0,9576000.0,9576000.0,
5136000.0,2617000.0,1365000.0,8006000.0,3338000.0,3848000.0,1537000.0,1634000.0,1202000.0,9576000.0,9334000.0,
5102000.0,2619000.0,1371000.0,8018000.0,3321000.0,3854000.0,1530000.0,1649000.0,1188000.0,9624000.0,9352000.0,
5071000.0,2625000.0,1372000.0,8003000.0,3255000.0,3848000.0,1540000.0,1642000.0,1232000.0,9667000.0,9448000.0,
5057000.0,2619000.0,1368000.0,7988000.0,3255000.0,3867000.0,1521000.0,1664000.0,1210000.0,9715000.0,9463000.0,
5021000.0,2627000.0,1371000.0,7987000.0,3236000.0,4120000.0,1268000.0,1721000.0,1223000.0,9645000.0,9482000.0,
4992000.0,2631000.0,1374000.0,7974000.0,3197000.0,4129000.0,1259000.0,1721000.0,1222000.0,9742000.0,9521000.0,
4960000.0,2634000.0,1357000.0,7933000.0,3152000.0,4143000.0,1263000.0,1713000.0,1212000.0,9742000.0,9608000.0,
4951000.0,2634000.0,1360000.0,7913000.0,3127000.0,4109000.0,1273000.0,1721000.0,1195000.0,9840000.0,9668000.0,
4983000.0,2631000.0,1364000.0,7977000.0,3090000.0,4121000.0,1267000.0,1715000.0,1225000.0,9909000.0,9588000.0,
4943000.0,2641000.0,1370000.0,7986000.0,3070000.0,4121000.0,1273000.0,1726000.0,1208000.0,9909000.0,9607000.0,
5080000.0,2637000.0,1362000.0,7966000.0,3031000.0,4121000.0,1281000.0,1776000.0,1359000.0,9699000.0,9500000.0,
5052000.0,2636000.0,1351000.0,7969000.0,3002000.0,4121000.0,1281000.0,1793000.0,1387000.0,9702000.0,9542000.0,
5044000.0,2636000.0,1354000.0,7959000.0,2956000.0,4140000.0,1272000.0,1798000.0,1373000.0,9702000.0,9588000.0,
5026000.0,2638000.0,1336000.0,7959000.0,2934000.0,4147000.0,1288000.0,1802000.0,1343000.0,9751000.0,9633000.0,
5001000.0,2635000.0,1341000.0,7947000.0,2902000.0,4695000.0,745800.0,1824000.0,1315000.0,9751000.0,9664000.0,
5134000.0,2642000.0,1343000.0,7994000.0,2883000.0,4701000.0,739800.0,1848000.0,1333000.0,9757000.0,9485000.0,
5102000.0,2647000.0,1343000.0,7993000.0,2881000.0,4701000.0,739700.0,2022000.0,1159000.0,9806000.0,9485000.0,
5065000.0,2651000.0,1346000.0,7977000.0,2857000.0,4695000.0,759800.0,2002000.0,1159000.0,9855000.0,9514000.0,
5035000.0,2649000.0,1349000.0,7974000.0,2797000.0,4719000.0,741600.0,2007000.0,1220000.0,9783000.0,9572000.0,
4985000.0,2660000.0,1353000.0,7979000.0,2787000.0,4725000.0,729500.0,2039000.0,1187000.0,9783000.0,9587000.0,
4972000.0,2668000.0,1357000.0,7969000.0,2769000.0,4741000.0,725100.0,2047000.0,1168000.0,9881000.0,9606000.0,
4942000.0,2671000.0,1358000.0,7966000.0,2738000.0,4744000.0,749300.0,2031000.0,1152000.0,9881000.0,9642000.0,
4882000.0,2681000.0,1362000.0,7986000.0,2682000.0,4744000.0,761400.0,2013000.0,1152000.0,9881000.0,9704000.0,
4928000.0,2689000.0,1363000.0,7976000.0,2645000.0,4765000.0,2070000.0,693400.0,1237000.0,9786000.0,9665000.0,
4911000.0,2677000.0,1371000.0,7962000.0,2637000.0,4753000.0,2070000.0,693400.0,1237000.0,9786000.0,9686000.0,
4884000.0,2672000.0,1378000.0,7957000.0,2643000.0,4759000.0,2073000.0,703700.0,1211000.0,9786000.0,9686000.0,
4876000.0,2664000.0,1384000.0,7938000.0,2655000.0,4754000.0,2071000.0,729800.0,1179000.0,9786000.0,9686000.0,
5015000.0,2665000.0,1385000.0,7906000.0,2643000.0,4748000.0,2071000.0,729800.0,1248000.0,9766000.0,9545000.0,
4963000.0,2687000.0,1388000.0,7923000.0,2613000.0,4748000.0,2077000.0,767700.0,1286000.0,9684000.0,9574000.0,
4938000.0,2689000.0,1393000.0,7900000.0,2619000.0,4730000.0,2087000.0,796700.0,1266000.0,9660000.0,9592000.0,
4920000.0,2692000.0,1379000.0,7887000.0,2534000.0,4724000.0,2103000.0,871100.0,1176000.0,9660000.0,9701000.0,
5071000.0,2691000.0,1381000.0,7877000.0,2564000.0,4701000.0,2096000.0,871000.0,1334000.0,9502000.0,9539000.0,
5031000.0,2712000.0,1384000.0,7872000.0,3055000.0,4177000.0,2096000.0,886100.0,1319000.0,9502000.0,9573000.0,
4993000.0,2715000.0,1391000.0,7890000.0,3025000.0,4137000.0,2096000.0,922800.0,1282000.0,9502000.0,9643000.0,
4938000.0,2716000.0,1393000.0,7926000.0,2962000.0,4139000.0,2087000.0,928800.0,1276000.0,9502000.0,9711000.0,
4930000.0,2720000.0,1398000.0,7922000.0,2996000.0,4111000.0,2087000.0,934000.0,1266000.0,9502000.0,9711000.0,
5019000.0,2725000.0,1401000.0,7907000.0,2987000.0,4105000.0,2087000.0,1015000.0,1185000.0,9597000.0,9624000.0,
5002000.0,2733000.0,1403000.0,7873000.0,3957000.0,3091000.0,2087000.0,1015000.0,1184000.0,9597000.0,9667000.0,
4956000.0,2736000.0,1405000.0,7884000.0,4308000.0,2681000.0,2087000.0,1049000.0,1150000.0,9645000.0,9726000.0,
4963000.0,2743000.0,1409000.0,7896000.0,4287000.0,2675000.0,2099000.0,1037000.0,1216000.0,9579000.0,9710000.0,
4945000.0,2748000.0,1414000.0,7888000.0,4209000.0,2675000.0,2105000.0,1091000.0,1156000.0,9579000.0,9787000.0,
5178000.0,2753000.0,1417000.0,7888000.0,4166000.0,2675000.0,2111000.0,1085000.0,1156000.0,9579000.0,9580000.0,
5123000.0,2760000.0,1421000.0,7912000.0,4516000.0,2280000.0,2111000.0,1085000.0,1156000.0,9627000.0,9625000.0,
5117000.0,2749000.0,1427000.0,7877000.0,4462000.0,2280000.0,2128000.0,1068000.0,1156000.0,9627000.0,9679000.0,
5093000.0,2752000.0,1433000.0,7868000.0,4422000.0,2274000.0,2134000.0,1119000.0,1099000.0,9675000.0,9725000.0,
5078000.0,2745000.0,1414000.0,7866000.0,4407000.0,2288000.0,2132000.0,1107000.0,1099000.0,9675000.0,9763000.0,
5058000.0,2742000.0,1420000.0,7867000.0,4407000.0,2294000.0,2126000.0,1177000.0,1030000.0,9724000.0,9763000.0,
5340000.0,2756000.0,1406000.0,7863000.0,4394000.0,2300000.0,2503000.0,793200.0,1154000.0,9600000.0,9477000.0,
5325000.0,2753000.0,1409000.0,7863000.0,4281000.0,2300000.0,2529000.0,803600.0,1117000.0,9600000.0,9590000.0,
5275000.0,2765000.0,1414000.0,7886000.0,4192000.0,2300000.0,2529000.0,803600.0,1117000.0,9648000.0,9680000.0,
5396000.0,2770000.0,1419000.0,7878000.0,4171000.0,2298000.0,2529000.0,803600.0,1183000.0,9582000.0,9529000.0,
5351000.0,2777000.0,1420000.0,7901000.0,4145000.0,2304000.0,2529000.0,816400.0,1164000.0,9582000.0,9555000.0,
5325000.0,2774000.0,1424000.0,7905000.0,4072000.0,2304000.0,2551000.0,806300.0,1152000.0,9582000.0,9628000.0,
5368000.0,2774000.0,1429000.0,7890000.0,4058000.0,2304000.0,2573000.0,784200.0,1279000.0,9503000.0,9574000.0,
5355000.0,2777000.0,1431000.0,7892000.0,4023000.0,2310000.0,2567000.0,804500.0,1259000.0,9503000.0,9609000.0,
5342000.0,2792000.0,1432000.0,7967000.0,3941000.0,2304000.0,2573000.0,816700.0,1241000.0,9503000.0,9616000.0,
5473000.0,2801000.0,1421000.0,7962000.0,3941000.0,2304000.0,2573000.0,816700.0,1241000.0,9503000.0,9481000.0,
5440000.0,2791000.0,1428000.0,7963000.0,3932000.0,2305000.0,2584000.0,798800.0,1241000.0,9550000.0,9497000.0,
5436000.0,2791000.0,1422000.0,7958000.0,3881000.0,2307000.0,2588000.0,792700.0,1235000.0,9550000.0,9564000.0,
5360000.0,2782000.0,1423000.0,7976000.0,3885000.0,2298000.0,2581000.0,855900.0,1171000.0,9646000.0,9577000.0,
5330000.0,2792000.0,1426000.0,7982000.0,3877000.0,2310000.0,2562000.0,894700.0,1133000.0,9646000.0,9591000.0,
5308000.0,2793000.0,1429000.0,7995000.0,3837000.0,2316000.0,2565000.0,886200.0,1133000.0,9646000.0,9631000.0,
5287000.0,2796000.0,1432000.0,7985000.0,3819000.0,2322000.0,2559000.0,896300.0,1123000.0,9694000.0,9649000.0,
5341000.0,2795000.0,1434000.0,7985000.0,3782000.0,2337000.0,2554000.0,966700.0,1074000.0,9662000.0,9591000.0,
5327000.0,2800000.0,1438000.0,7960000.0,3758000.0,2343000.0,2542000.0,978000.0,1063000.0,9710000.0,9621000.0,
5380000.0,2807000.0,1444000.0,7960000.0,3720000.0,2331000.0,2556000.0,963500.0,1128000.0,9645000.0,9600000.0,
5504000.0,2824000.0,1445000.0,7956000.0,3706000.0,2331000.0,2556000.0,974700.0,1164000.0,9646000.0,9460000.0,
5480000.0,2826000.0,1450000.0,7946000.0,3706000.0,2350000.0,2546000.0,965300.0,1164000.0,9646000.0,9478000.0,
5424000.0,2826000.0,1456000.0,7981000.0,4131000.0,1907000.0,2534000.0,965300.0,1164000.0,9695000.0,9508000.0,
5403000.0,2829000.0,1457000.0,7988000.0,4148000.0,1891000.0,2534000.0,978300.0,1262000.0,9632000.0,9508000.0,
5351000.0,2850000.0,1460000.0,7996000.0,4199000.0,1833000.0,2528000.0,1006000.0,1234000.0,9632000.0,9520000.0,
5307000.0,2855000.0,1464000.0,7987000.0,4199000.0,1839000.0,2540000.0,999600.0,1223000.0,9680000.0,9520000.0,
5287000.0,2851000.0,1472000.0,7982000.0,4144000.0,1840000.0,2540000.0,1009000.0,1208000.0,9680000.0,9580000.0,
5273000.0,2853000.0,1474000.0,7972000.0,4110000.0,1838000.0,2531000.0,1025000.0,1192000.0,9680000.0,9625000.0,
5216000.0,2844000.0,1475000.0,7992000.0,4057000.0,1844000.0,2531000.0,1034000.0,1177000.0,9680000.0,9678000.0,
5210000.0,2843000.0,1476000.0,7967000.0,3986000.0,1839000.0,2531000.0,1045000.0,1166000.0,9680000.0,9753000.0,
5190000.0,2852000.0,1482000.0,7948000.0,3986000.0,1850000.0,2532000.0,1043000.0,1156000.0,9777000.0,9753000.0,
5165000.0,2855000.0,1488000.0,7938000.0,5223000.0,526500.0,2520000.0,1069000.0,1130000.0,9777000.0,9851000.0,
5297000.0,2866000.0,1492000.0,7916000.0,5154000.0,526400.0,2530000.0,1053000.0,1248000.0,9659000.0,9766000.0,
5133000.0,2872000.0,1478000.0,8055000.0,5100000.0,519400.0,2530000.0,1053000.0,1248000.0,9659000.0,9845000.0,
5154000.0,2894000.0,1480000.0,8052000.0,5100000.0,519400.0,2547000.0,1036000.0,1260000.0,9743000.0,9785000.0,
5258000.0,2898000.0,1482000.0,8027000.0,5100000.0,525400.0,2541000.0,1036000.0,1291000.0,9761000.0,9670000.0,
5346000.0,2893000.0,1484000.0,8005000.0,5058000.0,525300.0,2541000.0,1036000.0,1408000.0,9691000.0,9613000.0,
5308000.0,2900000.0,1459000.0,7992000.0,5064000.0,525500.0,2535000.0,1036000.0,1408000.0,9691000.0,9637000.0,
5191000.0,2899000.0,1465000.0,8080000.0,5064000.0,1754000.0,1314000.0,1058000.0,1378000.0,9691000.0,9637000.0,
5147000.0,2906000.0,1470000.0,8097000.0,4968000.0,1760000.0,1308000.0,1071000.0,1366000.0,9740000.0,9733000.0,
5127000.0,2904000.0,1476000.0,8072000.0,4974000.0,1760000.0,1302000.0,1089000.0,1347000.0,9740000.0,9733000.0,
4949000.0,2916000.0,1478000.0,8222000.0,4953000.0,1760000.0,1311000.0,1098000.0,1328000.0,9740000.0,9754000.0,
5144000.0,2923000.0,1479000.0,8220000.0,4953000.0,1768000.0,1762000.0,639700.0,1389000.0,9679000.0,9534000.0,
5051000.0,2921000.0,1467000.0,8237000.0,4951000.0,1774000.0,1756000.0,667100.0,1361000.0,9776000.0,9564000.0,
5033000.0,2907000.0,1469000.0,8208000.0,4951000.0,1774000.0,1762000.0,661100.0,1361000.0,9825000.0,9564000.0,
5007000.0,2912000.0,1477000.0,8170000.0,4939000.0,1780000.0,1756000.0,685900.0,1336000.0,9825000.0,9577000.0,
4986000.0,2909000.0,1479000.0,8147000.0,4903000.0,1780000.0,1762000.0,692200.0,1340000.0,9809000.0,9612000.0,
5066000.0,2914000.0,1481000.0,8151000.0,4886000.0,1773000.0,1762000.0,698200.0,1428000.0,9715000.0,9514000.0,
5055000.0,2907000.0,1483000.0,8137000.0,4855000.0,1781000.0,1761000.0,702400.0,1412000.0,9715000.0,9550000.0,
5020000.0,2909000.0,1486000.0,8137000.0,4829000.0,1781000.0,1769000.0,699600.0,1406000.0,9764000.0,9575000.0,
5011000.0,2900000.0,1490000.0,8122000.0,4776000.0,1783000.0,1771000.0,721000.0,1376000.0,9764000.0,9634000.0,
4982000.0,2895000.0,1492000.0,8102000.0,4757000.0,1777000.0,1780000.0,729600.0,1359000.0,9813000.0,9659000.0,
5038000.0,2893000.0,1497000.0,8089000.0,4757000.0,1777000.0,1790000.0,738600.0,1383000.0,9818000.0,9574000.0,
5022000.0,2898000.0,1498000.0,8055000.0,4729000.0,1781000.0,1777000.0,767200.0,1355000.0,9867000.0,9609000.0,
5010000.0,2900000.0,1502000.0,8015000.0,4684000.0,1787000.0,1771000.0,796300.0,1325000.0,9917000.0,9654000.0,
4777000.0,2885000.0,1503000.0,8237000.0,4672000.0,1794000.0,1764000.0,855100.0,1267000.0,9917000.0,9666000.0,
4739000.0,2886000.0,1506000.0,8226000.0,4678000.0,1794000.0,1757000.0,861200.0,1260000.0,9917000.0,9666000.0,
4700000.0,2884000.0,1511000.0,8223000.0,4666000.0,1794000.0,1762000.0,868100.0,1249000.0,9917000.0,9679000.0,
4623000.0,2871000.0,1516000.0,8439000.0,4666000.0,1794000.0,1762000.0,905600.0,1397000.0,9731000.0,9522000.0,
4614000.0,2858000.0,1519000.0,8424000.0,4637000.0,1794000.0,1762000.0,905400.0,1397000.0,9829000.0,9551000.0,
4582000.0,2844000.0,1525000.0,8444000.0,4557000.0,2223000.0,1319000.0,905100.0,1397000.0,9829000.0,9644000.0,
4570000.0,2846000.0,1526000.0,8392000.0,4477000.0,2223000.0,1333000.0,918500.0,1369000.0,9878000.0,9725000.0,
4547000.0,2844000.0,1509000.0,8378000.0,4373000.0,2217000.0,1346000.0,948500.0,1326000.0,9927000.0,9861000.0,
4532000.0,2839000.0,1512000.0,8360000.0,4492000.0,2064000.0,1352000.0,961500.0,1307000.0,9927000.0,9894000.0,
4518000.0,2834000.0,1519000.0,8339000.0,4434000.0,2064000.0,1352000.0,961500.0,1307000.0,1.008E7,9952000.0,
4485000.0,2825000.0,1524000.0,8326000.0,4401000.0,2058000.0,1352000.0,975100.0,1293000.0,1.008E7,9991000.0,
4446000.0,2824000.0,1513000.0,8293000.0,4363000.0,2058000.0,1352000.0,1028000.0,1235000.0,1.018E7,1.005E7,
4394000.0,2827000.0,1503000.0,8274000.0,4333000.0,2655000.0,773600.0,1050000.0,1193000.0,1.018E7,1.009E7,
4436000.0,2838000.0,1504000.0,8369000.0,4618000.0,2351000.0,773600.0,1067000.0,1257000.0,1.01E7,9936000.0,
4607000.0,2819000.0,1508000.0,8354000.0,4534000.0,2351000.0,773600.0,1067000.0,1314000.0,1.009E7,9834000.0,
4566000.0,2815000.0,1511000.0,8316000.0,4534000.0,2409000.0,715700.0,1067000.0,1314000.0,1.009E7,9834000.0,
4530000.0,2810000.0,1512000.0,8303000.0,4489000.0,2408000.0,715500.0,1077000.0,1303000.0,1.009E7,9897000.0,
4515000.0,2803000.0,1514000.0,8283000.0,4489000.0,2420000.0,712500.0,1082000.0,1289000.0,1.009E7,9897000.0,
4484000.0,2786000.0,1525000.0,8290000.0,4393000.0,2408000.0,1303000.0,496800.0,1277000.0,1.009E7,1.001E7,
4543000.0,2776000.0,1529000.0,8281000.0,4386000.0,2402000.0,1303000.0,532300.0,1337000.0,1.005E7,9919000.0,
4500000.0,2780000.0,1533000.0,8271000.0,4911000.0,1887000.0,1276000.0,615500.0,1254000.0,1.005E7,9962000.0,
4572000.0,2779000.0,1499000.0,8270000.0,4909000.0,1893000.0,1270000.0,621400.0,1317000.0,1.003E7,9889000.0,
4548000.0,2777000.0,1501000.0,8274000.0,4818000.0,1893000.0,1285000.0,617100.0,1307000.0,1.003E7,9980000.0,
4664000.0,2783000.0,1492000.0,8256000.0,4765000.0,1899000.0,1279000.0,642700.0,1459000.0,9849000.0,9887000.0,
4765000.0,2788000.0,1496000.0,8244000.0,5566000.0,1075000.0,1271000.0,642600.0,1526000.0,9781000.0,9784000.0,
4807000.0,2787000.0,1499000.0,8209000.0,5512000.0,1086000.0,1260000.0,649400.0,1531000.0,9818000.0,9765000.0,
4802000.0,2783000.0,1503000.0,8204000.0,5512000.0,1092000.0,1254000.0,649400.0,1531000.0,9818000.0,9765000.0,
4760000.0,2780000.0,1498000.0,8210000.0,5492000.0,1098000.0,1257000.0,640500.0,1531000.0,9818000.0,9797000.0,
4743000.0,2778000.0,1501000.0,8216000.0,5456000.0,1098000.0,1251000.0,692200.0,1479000.0,9818000.0,9840000.0,
4701000.0,2785000.0,1502000.0,8215000.0,5443000.0,1107000.0,1242000.0,734700.0,1437000.0,9818000.0,9852000.0,
4751000.0,2786000.0,1500000.0,8228000.0,5399000.0,1123000.0,1235000.0,738800.0,1471000.0,9818000.0,9797000.0,
4737000.0,2792000.0,1479000.0,8216000.0,5382000.0,1123000.0,1235000.0,737800.0,1471000.0,9818000.0,9836000.0,
4953000.0,2781000.0,1482000.0,8206000.0,5364000.0,1129000.0,1229000.0,772200.0,1606000.0,9649000.0,9631000.0,
5102000.0,2767000.0,1488000.0,8198000.0,5345000.0,1135000.0,1223000.0,772200.0,1761000.0,9494000.0,9471000.0,
5096000.0,2758000.0,1488000.0,8183000.0,5328000.0,1135000.0,1217000.0,777900.0,1755000.0,9494000.0,9494000.0,
5062000.0,2760000.0,1489000.0,8159000.0,5259000.0,1135000.0,1226000.0,792000.0,1732000.0,9541000.0,9563000.0,
5037000.0,2752000.0,1490000.0,8119000.0,5204000.0,1141000.0,1232000.0,792800.0,1719000.0,9541000.0,9631000.0,
5072000.0,2758000.0,1473000.0,8099000.0,5169000.0,1148000.0,1224000.0,810900.0,1701000.0,9541000.0,9612000.0,
5122000.0,2756000.0,1457000.0,8119000.0,5169000.0,1148000.0,1233000.0,802500.0,1701000.0,9541000.0,9548000.0,
5102000.0,2753000.0,1438000.0,8119000.0,5565000.0,720500.0,1233000.0,814800.0,1689000.0,9541000.0,9603000.0,
5277000.0,2757000.0,1442000.0,8131000.0,5454000.0,727700.0,1225000.0,814800.0,1689000.0,9589000.0,9518000.0,
5250000.0,2762000.0,1445000.0,8131000.0,5440000.0,727700.0,1236000.0,804000.0,1689000.0,9637000.0,9532000.0,
5226000.0,2763000.0,1447000.0,8141000.0,5727000.0,425100.0,1254000.0,811600.0,1663000.0,9685000.0,9547000.0,
5214000.0,2757000.0,1435000.0,8141000.0,5715000.0,425100.0,1254000.0,829400.0,1727000.0,9603000.0,9575000.0,
5172000.0,2771000.0,1437000.0,8147000.0,5715000.0,432100.0,1253000.0,838500.0,1743000.0,9620000.0,9575000.0,
5158000.0,2770000.0,1438000.0,8128000.0,5676000.0,438100.0,1256000.0,842000.0,1847000.0,9503000.0,9613000.0,
5160000.0,2760000.0,1435000.0,8122000.0,5676000.0,444100.0,1256000.0,835700.0,1846000.0,9503000.0,9570000.0,
5410000.0,2754000.0,1439000.0,8124000.0,5644000.0,438000.0,1262000.0,829700.0,1846000.0,9503000.0,9328000.0,
5372000.0,2748000.0,1441000.0,8082000.0,5596000.0,438000.0,1262000.0,858100.0,1818000.0,9503000.0,9375000.0,
5351000.0,2757000.0,1430000.0,8070000.0,5576000.0,443900.0,1256000.0,858000.0,1818000.0,9503000.0,9406000.0,
5307000.0,2756000.0,1434000.0,8086000.0,5530000.0,443900.0,1260000.0,853100.0,1818000.0,9503000.0,9451000.0,
5288000.0,2756000.0,1438000.0,8081000.0,5483000.0,450700.0,1254000.0,903100.0,1768000.0,9550000.0,9498000.0,
5262000.0,2763000.0,1442000.0,8066000.0,5483000.0,450700.0,1254000.0,903100.0,1768000.0,9646000.0,9498000.0,
5225000.0,2777000.0,1427000.0,8041000.0,5464000.0,450600.0,1260000.0,948200.0,1716000.0,9646000.0,9535000.0,
5163000.0,2778000.0,1414000.0,8041000.0,5399000.0,450600.0,1260000.0,960300.0,1870000.0,9480000.0,9614000.0,
5228000.0,2779000.0,1421000.0,8050000.0,5384000.0,456600.0,1263000.0,968500.0,1850000.0,9480000.0,9508000.0,
5159000.0,2773000.0,1427000.0,8074000.0,5296000.0,464500.0,1284000.0,955900.0,1834000.0,9575000.0,9596000.0,
5116000.0,2775000.0,1429000.0,8078000.0,5273000.0,469900.0,1277000.0,987100.0,1803000.0,9575000.0,9619000.0,
5156000.0,2778000.0,1432000.0,8127000.0,5250000.0,469900.0,1773000.0,514500.0,1779000.0,9623000.0,9499000.0,
5127000.0,2779000.0,1409000.0,8119000.0,5203000.0,469900.0,1773000.0,531600.0,1811000.0,9575000.0,9568000.0,
5102000.0,2785000.0,1412000.0,8132000.0,5233000.0,439800.0,1773000.0,545700.0,1797000.0,9575000.0,9568000.0,
5019000.0,2782000.0,1415000.0,8179000.0,5239000.0,447300.0,1772000.0,543700.0,1787000.0,9622000.0,9568000.0,
4981000.0,2790000.0,1417000.0,8186000.0,5194000.0,447300.0,1797000.0,537700.0,1849000.0,9541000.0,9614000.0,
5024000.0,2793000.0,1421000.0,8161000.0,5182000.0,441200.0,1816000.0,550500.0,1818000.0,9541000.0,9556000.0,
4987000.0,2793000.0,1425000.0,8144000.0,5135000.0,453300.0,1814000.0,591000.0,1766000.0,9589000.0,9603000.0,
4950000.0,2791000.0,1428000.0,8121000.0,5135000.0,453300.0,1826000.0,659900.0,1685000.0,9589000.0,9603000.0,
4921000.0,2794000.0,1430000.0,8095000.0,5112000.0,453200.0,1850000.0,684400.0,1637000.0,9637000.0,9625000.0,
4875000.0,2797000.0,1418000.0,8082000.0,5059000.0,446500.0,1850000.0,695500.0,1626000.0,9637000.0,9702000.0,
4724000.0,2791000.0,1420000.0,8163000.0,4996000.0,446500.0,1856000.0,782500.0,1532000.0,9685000.0,9765000.0,
4668000.0,2790000.0,1423000.0,8182000.0,4897000.0,446500.0,1856000.0,813400.0,1501000.0,9733000.0,9864000.0,
4639000.0,2794000.0,1427000.0,8162000.0,4789000.0,452500.0,1865000.0,827000.0,1472000.0,9880000.0,9972000.0,
4630000.0,2793000.0,1415000.0,8144000.0,4698000.0,452500.0,1865000.0,846100.0,1453000.0,9880000.0,1.008E7,
4572000.0,2798000.0,1419000.0,8137000.0,4634000.0,452400.0,1875000.0,879400.0,1410000.0,9880000.0,1.014E7,
4560000.0,2794000.0,1421000.0,8151000.0,4634000.0,452400.0,1893000.0,871400.0,1456000.0,9872000.0,1.01E7,
4753000.0,2792000.0,1425000.0,8158000.0,4603000.0,446300.0,1892000.0,902400.0,1542000.0,9756000.0,9926000.0,
4706000.0,2781000.0,1414000.0,8183000.0,4533000.0,455800.0,1875000.0,1094000.0,1350000.0,9756000.0,1.003E7,
4657000.0,2778000.0,1417000.0,8213000.0,4511000.0,461900.0,1869000.0,1182000.0,1263000.0,9804000.0,1.005E7,
4776000.0,2787000.0,1418000.0,8242000.0,4535000.0,452400.0,2189000.0,861400.0,1270000.0,9783000.0,9864000.0,
4742000.0,2793000.0,1422000.0,8227000.0,4512000.0,452400.0,2189000.0,888400.0,1243000.0,9881000.0,9887000.0,
4670000.0,2792000.0,1426000.0,8236000.0,4509000.0,452500.0,2178000.0,888400.0,1243000.0,9930000.0,9899000.0,
4899000.0,2795000.0,1430000.0,8231000.0,4486000.0,464000.0,2167000.0,909900.0,1315000.0,9837000.0,9677000.0,
4858000.0,2806000.0,1434000.0,8216000.0,4445000.0,468900.0,2162000.0,937000.0,1288000.0,9837000.0,9718000.0,
4918000.0,2803000.0,1436000.0,8185000.0,4432000.0,476400.0,2164000.0,976900.0,1293000.0,9782000.0,9646000.0,
4842000.0,2797000.0,1440000.0,8218000.0,4437000.0,471600.0,2164000.0,976900.0,1293000.0,9782000.0,9646000.0,
5046000.0,2797000.0,1443000.0,8209000.0,4437000.0,471600.0,2164000.0,976900.0,1325000.0,9750000.0,9433000.0,
5015000.0,2787000.0,1450000.0,8223000.0,4421000.0,471600.0,2164000.0,1046000.0,1419000.0,9587000.0,9450000.0,
4913000.0,2775000.0,1432000.0,8304000.0,4431000.0,461500.0,2195000.0,1085000.0,1348000.0,9587000.0,9471000.0,
4872000.0,2773000.0,1433000.0,8318000.0,4337000.0,461500.0,2195000.0,1105000.0,1328000.0,9587000.0,9563000.0,
4856000.0,2771000.0,1436000.0,8303000.0,4304000.0,467800.0,2189000.0,1103000.0,1325000.0,9587000.0,9596000.0,
4955000.0,2773000.0,1423000.0,8313000.0,4287000.0,473900.0,2183000.0,1114000.0,1314000.0,9587000.0,9454000.0,
4921000.0,2772000.0,1426000.0,8310000.0,4236000.0,479900.0,2186000.0,1117000.0,1302000.0,9635000.0,9505000.0,
4891000.0,2768000.0,1432000.0,8317000.0,4224000.0,468200.0,2196000.0,1107000.0,1302000.0,9635000.0,9529000.0,
4865000.0,2769000.0,1433000.0,8302000.0,4201000.0,474200.0,2201000.0,1103000.0,1437000.0,9493000.0,9552000.0,
4835000.0,2775000.0,1437000.0,8292000.0,4152000.0,486200.0,2189000.0,1161000.0,1380000.0,9493000.0,9601000.0,
4789000.0,2775000.0,1441000.0,8304000.0,4121000.0,466100.0,2189000.0,1202000.0,1338000.0,9540000.0,9651000.0,
4768000.0,2784000.0,1445000.0,8286000.0,4072000.0,478200.0,2177000.0,1246000.0,1295000.0,9588000.0,9700000.0,
4719000.0,2783000.0,1446000.0,8286000.0,3984000.0,490200.0,2171000.0,1275000.0,1260000.0,9636000.0,9788000.0,
4852000.0,2781000.0,1448000.0,8282000.0,3913000.0,503800.0,2176000.0,1256000.0,1281000.0,9614000.0,9726000.0,
4897000.0,2771000.0,1454000.0,8334000.0,3919000.0,497800.0,2176000.0,1268000.0,1305000.0,9626000.0,9612000.0,
4973000.0,2773000.0,1457000.0,8352000.0,3843000.0,497800.0,2176000.0,1286000.0,1450000.0,9511000.0,9579000.0,
4928000.0,2767000.0,1462000.0,8388000.0,4073000.0,258000.0,2164000.0,1310000.0,1426000.0,9558000.0,9602000.0,
4841000.0,2775000.0,1465000.0,8453000.0,4005000.0,262800.0,2180000.0,1288000.0,1426000.0,9558000.0,9670000.0,
4874000.0,2766000.0,1472000.0,8451000.0,3959000.0,267600.0,2176000.0,1325000.0,1389000.0,9558000.0,9661000.0,
4974000.0,2776000.0,1474000.0,8441000.0,3938000.0,279700.0,2164000.0,1346000.0,1369000.0,9558000.0,9536000.0,
4947000.0,2777000.0,1476000.0,8432000.0,3948000.0,268800.0,2387000.0,1122000.0,1369000.0,9558000.0,9555000.0,
4826000.0,2775000.0,1482000.0,8468000.0,3935000.0,270500.0,2389000.0,1112000.0,1369000.0,9558000.0,9574000.0,
4755000.0,2779000.0,1487000.0,8470000.0,3891000.0,1958000.0,695000.0,1122000.0,1358000.0,9558000.0,9625000.0,
4660000.0,2802000.0,1490000.0,8473000.0,3876000.0,1958000.0,689000.0,1156000.0,1325000.0,9558000.0,9646000.0,
4791000.0,2806000.0,1493000.0,8468000.0,3864000.0,1958000.0,689000.0,1259000.0,1281000.0,9548000.0,9515000.0,
4717000.0,2808000.0,1496000.0,8502000.0,3851000.0,1958000.0,688900.0,1336000.0,1203000.0,9596000.0,9528000.0,
4693000.0,2813000.0,1503000.0,8494000.0,3833000.0,1970000.0,676900.0,1336000.0,1203000.0,9596000.0,9545000.0,
4668000.0,2803000.0,1507000.0,8484000.0,3803000.0,1978000.0,669200.0,1355000.0,1184000.0,9596000.0,9576000.0,
4789000.0,2803000.0,1515000.0,8453000.0,3764000.0,1950000.0,683300.0,1341000.0,1184000.0,9596000.0,9480000.0,
4759000.0,2801000.0,1517000.0,8408000.0,3742000.0,1956000.0,676800.0,1341000.0,1184000.0,9596000.0,9502000.0,
4727000.0,2795000.0,1529000.0,8403000.0,3690000.0,1956000.0,676800.0,1341000.0,1184000.0,9644000.0,9554000.0,
4687000.0,2804000.0,1535000.0,8388000.0,3665000.0,1973000.0,660200.0,1341000.0,1184000.0,9692000.0,9579000.0,
4655000.0,2815000.0,1537000.0,8378000.0,3639000.0,1979000.0,671600.0,1348000.0,1160000.0,9789000.0,9605000.0,
4591000.0,2816000.0,1541000.0,8376000.0,3603000.0,1979000.0,671600.0,1369000.0,1139000.0,9789000.0,9641000.0,
4566000.0,2815000.0,1542000.0,8361000.0,3603000.0,1979000.0,683700.0,1390000.0,1105000.0,9789000.0,9641000.0,
4640000.0,2807000.0,1548000.0,8357000.0,3603000.0,1990000.0,672400.0,1417000.0,1268000.0,9647000.0,9532000.0,
4576000.0,2813000.0,1550000.0,8369000.0,3579000.0,1998000.0,670600.0,1420000.0,1259000.0,9695000.0,9556000.0,
4530000.0,2799000.0,1545000.0,8516000.0,3549000.0,1998000.0,670600.0,1439000.0,1311000.0,9673000.0,9474000.0,
4476000.0,2805000.0,1549000.0,8515000.0,3536000.0,1998000.0,670600.0,1439000.0,1311000.0,9673000.0,9487000.0,
4448000.0,2811000.0,1553000.0,8489000.0,3502000.0,1998000.0,670600.0,1525000.0,1224000.0,9673000.0,9522000.0,
4391000.0,2836000.0,1555000.0,8483000.0,3431000.0,1998000.0,670600.0,1538000.0,1211000.0,9673000.0,9593000.0,
4363000.0,2831000.0,1558000.0,8483000.0,3415000.0,1998000.0,670600.0,1538000.0,1211000.0,9673000.0,9609000.0,
4340000.0,2831000.0,1566000.0,8473000.0,3398000.0,1998000.0,670600.0,1538000.0,1211000.0,9673000.0,9625000.0,
4436000.0,2831000.0,1568000.0,8468000.0,3387000.0,1992000.0,669000.0,1546000.0,1317000.0,9553000.0,9526000.0,
4403000.0,2830000.0,1571000.0,8434000.0,3393000.0,1986000.0,669000.0,1570000.0,1292000.0,9553000.0,9526000.0,
4382000.0,2832000.0,1574000.0,8431000.0,3386000.0,1973000.0,669000.0,1584000.0,1278000.0,9553000.0,9548000.0,
4346000.0,2849000.0,1582000.0,8412000.0,3392000.0,1966000.0,683700.0,1601000.0,1348000.0,9498000.0,9548000.0,
4332000.0,2839000.0,1569000.0,8382000.0,3392000.0,1966000.0,692300.0,1603000.0,1337000.0,9498000.0,9568000.0,
4321000.0,2835000.0,1575000.0,8367000.0,3344000.0,1966000.0,706400.0,1589000.0,1337000.0,9498000.0,9616000.0,
4315000.0,2833000.0,1577000.0,8362000.0,3344000.0,1978000.0,695100.0,1595000.0,1331000.0,9498000.0,9616000.0,
4359000.0,2830000.0,1585000.0,8384000.0,3284000.0,1985000.0,687500.0,1613000.0,1313000.0,9593000.0,9596000.0,
4321000.0,2824000.0,1588000.0,8386000.0,3594000.0,1695000.0,654100.0,1619000.0,1307000.0,9593000.0,9609000.0,
4364000.0,2819000.0,1592000.0,8380000.0,3566000.0,1695000.0,663000.0,1632000.0,1286000.0,9593000.0,9580000.0,
4357000.0,2810000.0,1597000.0,8357000.0,3493000.0,1695000.0,662000.0,1632000.0,1286000.0,9593000.0,9653000.0,
4335000.0,2807000.0,1584000.0,8353000.0,3493000.0,1695000.0,669900.0,1703000.0,1207000.0,9641000.0,9671000.0,
4482000.0,2799000.0,1592000.0,8323000.0,3442000.0,1695000.0,669900.0,1725000.0,1259000.0,9615000.0,9559000.0,
4673000.0,2794000.0,1598000.0,8320000.0,3385000.0,1695000.0,669900.0,1725000.0,1369000.0,9553000.0,9403000.0,
4665000.0,2795000.0,1601000.0,8320000.0,3367000.0,1695000.0,675900.0,1786000.0,1301000.0,9553000.0,9420000.0,
4648000.0,2800000.0,1603000.0,8319000.0,3352000.0,1689000.0,1736000.0,743400.0,1284000.0,9600000.0,9441000.0,
4616000.0,2792000.0,1602000.0,8324000.0,3307000.0,1689000.0,1742000.0,748500.0,1273000.0,9600000.0,9486000.0,
4547000.0,2781000.0,1607000.0,8369000.0,3285000.0,1689000.0,1742000.0,754500.0,1345000.0,9522000.0,9508000.0,
4528000.0,2771000.0,1588000.0,8359000.0,3261000.0,1689000.0,1748000.0,759300.0,1335000.0,9522000.0,9555000.0,
4511000.0,2766000.0,1574000.0,8330000.0,3243000.0,1669000.0,1748000.0,774400.0,1319000.0,9617000.0,9613000.0,
4322000.0,2763000.0,1578000.0,8462000.0,3204000.0,1675000.0,1748000.0,785400.0,1302000.0,9617000.0,9651000.0,
4372000.0,2776000.0,1556000.0,8437000.0,3157000.0,1675000.0,1751000.0,776500.0,1342000.0,9578000.0,9654000.0,
4371000.0,2780000.0,1563000.0,8452000.0,3161000.0,1669000.0,1751000.0,868800.0,1296000.0,9579000.0,9617000.0,
4366000.0,2777000.0,1567000.0,8427000.0,3141000.0,1669000.0,1763000.0,856700.0,1296000.0,9579000.0,9635000.0,
4348000.0,2775000.0,1570000.0,8426000.0,3132000.0,1657000.0,1763000.0,879500.0,1274000.0,9579000.0,9645000.0,
4327000.0,2770000.0,1573000.0,8418000.0,3132000.0,1663000.0,1757000.0,885500.0,1267000.0,9627000.0,9645000.0,
4455000.0,2766000.0,1578000.0,8418000.0,3146000.0,1649000.0,1757000.0,908900.0,1342000.0,9529000.0,9481000.0,
4414000.0,2782000.0,1579000.0,8420000.0,3106000.0,1655000.0,1757000.0,923000.0,1322000.0,9529000.0,9521000.0,
4379000.0,2769000.0,1563000.0,8421000.0,3106000.0,1655000.0,1771000.0,908900.0,1322000.0,9529000.0,9542000.0,
4366000.0,2765000.0,1561000.0,8402000.0,3056000.0,1657000.0,1761000.0,908900.0,1322000.0,9624000.0,9607000.0,
4346000.0,2763000.0,1565000.0,8399000.0,3056000.0,1663000.0,1775000.0,911100.0,1299000.0,9624000.0,9607000.0,
4327000.0,2777000.0,1541000.0,8389000.0,3043000.0,1657000.0,1784000.0,919100.0,1282000.0,9624000.0,9651000.0,
4306000.0,2775000.0,1544000.0,8390000.0,3025000.0,1657000.0,1796000.0,907000.0,1282000.0,9672000.0,9669000.0,
4518000.0,2764000.0,1547000.0,8380000.0,2990000.0,1662000.0,1801000.0,919000.0,1370000.0,9562000.0,9488000.0,
4469000.0,2762000.0,1527000.0,8407000.0,2953000.0,1674000.0,1796000.0,910400.0,1428000.0,9600000.0,9550000.0,
4433000.0,2766000.0,1510000.0,8418000.0,2947000.0,1662000.0,1808000.0,908200.0,1418000.0,9600000.0,9586000.0,
4398000.0,2762000.0,1515000.0,8427000.0,2937000.0,1654000.0,1821000.0,910300.0,1403000.0,9648000.0,9605000.0,
4446000.0,2763000.0,1517000.0,8417000.0,2937000.0,1654000.0,1821000.0,923400.0,1484000.0,9554000.0,9543000.0,
4407000.0,2761000.0,1517000.0,8405000.0,2921000.0,1654000.0,1821000.0,937400.0,1469000.0,9649000.0,9560000.0,
4381000.0,2758000.0,1521000.0,8415000.0,2902000.0,1654000.0,1815000.0,952300.0,1454000.0,9649000.0,9584000.0,
4360000.0,2747000.0,1525000.0,8397000.0,2883000.0,1647000.0,1815000.0,991000.0,1416000.0,9649000.0,9609000.0,
4416000.0,2743000.0,1524000.0,8378000.0,2840000.0,1665000.0,1791000.0,1008000.0,1440000.0,9608000.0,9584000.0,
4381000.0,2743000.0,1530000.0,8387000.0,2839000.0,1665000.0,1791000.0,1029000.0,1418000.0,9704000.0,9584000.0,
4356000.0,2747000.0,1538000.0,8377000.0,2843000.0,1659000.0,1791000.0,1072000.0,1550000.0,9530000.0,9584000.0,
4344000.0,2748000.0,1540000.0,8351000.0,2843000.0,1665000.0,1785000.0,1148000.0,1473000.0,9530000.0,9584000.0,
4294000.0,2755000.0,1547000.0,8344000.0,4046000.0,467900.0,1794000.0,1187000.0,1418000.0,9530000.0,9584000.0,
4276000.0,2751000.0,1551000.0,8312000.0,4014000.0,461900.0,1804000.0,1259000.0,1335000.0,9577000.0,9622000.0,
4238000.0,2761000.0,1533000.0,8314000.0,3989000.0,466700.0,1799000.0,1259000.0,1335000.0,9625000.0,9666000.0,
4298000.0,2758000.0,1535000.0,8301000.0,3989000.0,485700.0,1780000.0,1310000.0,1332000.0,9578000.0,9574000.0,
4270000.0,2753000.0,1540000.0,8299000.0,3995000.0,479600.0,1780000.0,1333000.0,1309000.0,9626000.0,9574000.0,
4296000.0,2747000.0,1543000.0,8274000.0,3941000.0,485600.0,1800000.0,1319000.0,1337000.0,9683000.0,9569000.0,
4261000.0,2755000.0,1522000.0,8284000.0,3898000.0,491900.0,1793000.0,1344000.0,1476000.0,9566000.0,9635000.0,
4401000.0,2759000.0,1523000.0,8284000.0,3844000.0,491900.0,1793000.0,1344000.0,1476000.0,9566000.0,9535000.0,
4388000.0,2759000.0,1525000.0,8274000.0,3838000.0,475900.0,1793000.0,1344000.0,1476000.0,9566000.0,9557000.0,
4348000.0,2762000.0,1528000.0,8273000.0,3819000.0,475900.0,1802000.0,1336000.0,1476000.0,9566000.0,9576000.0,
4310000.0,2767000.0,1536000.0,8273000.0,3795000.0,481900.0,1796000.0,1346000.0,1465000.0,9566000.0,9600000.0,
4298000.0,2763000.0,1541000.0,8224000.0,3795000.0,487900.0,1790000.0,1371000.0,1498000.0,9557000.0,9600000.0,
4284000.0,2766000.0,1540000.0,8195000.0,3795000.0,518100.0,1765000.0,1375000.0,1487000.0,9557000.0,9600000.0,
4250000.0,2760000.0,1541000.0,8185000.0,3748000.0,524100.0,1796000.0,1357000.0,1469000.0,9653000.0,9647000.0,
4365000.0,2762000.0,1546000.0,8156000.0,3640000.0,530000.0,1789000.0,1394000.0,1589000.0,9544000.0,9622000.0,
4349000.0,2760000.0,1549000.0,8136000.0,3591000.0,536300.0,1783000.0,1394000.0,1589000.0,9592000.0,9672000.0,
4472000.0,2779000.0,1552000.0,8117000.0,3544000.0,1756000.0,546100.0,1416000.0,1736000.0,9471000.0,9574000.0,
4454000.0,2762000.0,1556000.0,8077000.0,3485000.0,1756000.0,550900.0,1429000.0,1718000.0,9471000.0,9633000.0,
4545000.0,2755000.0,1559000.0,8072000.0,3451000.0,1769000.0,539700.0,1434000.0,1707000.0,9518000.0,9560000.0,
4487000.0,2749000.0,1542000.0,8081000.0,3469000.0,1727000.0,539700.0,1434000.0,1707000.0,9518000.0,9606000.0,
4454000.0,2744000.0,1543000.0,8052000.0,3403000.0,1726000.0,547700.0,1425000.0,1707000.0,9566000.0,9672000.0,
4548000.0,2751000.0,1544000.0,8015000.0,3407000.0,1709000.0,542800.0,1444000.0,1689000.0,9566000.0,9582000.0,
4524000.0,2750000.0,1548000.0,8005000.0,3331000.0,1709000.0,542800.0,1450000.0,1683000.0,9614000.0,9659000.0,
4509000.0,2752000.0,1550000.0,7995000.0,3304000.0,1720000.0,523600.0,1456000.0,1677000.0,9710000.0,9693000.0,
4479000.0,2758000.0,1554000.0,7975000.0,3254000.0,1720000.0,529600.0,1521000.0,1605000.0,9710000.0,9743000.0,
4447000.0,2758000.0,1560000.0,7952000.0,3236000.0,1732000.0,522400.0,1516000.0,1605000.0,9710000.0,9761000.0,
4414000.0,2764000.0,1541000.0,7924000.0,3236000.0,1732000.0,532100.0,1517000.0,1594000.0,9710000.0,9785000.0,
4381000.0,2767000.0,1543000.0,7926000.0,3236000.0,1732000.0,532100.0,1585000.0,1527000.0,9710000.0,9785000.0,
4546000.0,2762000.0,1548000.0,7922000.0,3208000.0,1732000.0,540400.0,1627000.0,1528000.0,9659000.0,9632000.0,
4597000.0,2756000.0,1535000.0,7929000.0,3176000.0,1732000.0,540400.0,1683000.0,1535000.0,9596000.0,9604000.0,
4580000.0,2761000.0,1537000.0,7924000.0,3163000.0,1736000.0,531100.0,1758000.0,1459000.0,9596000.0,9623000.0,
4617000.0,2760000.0,1541000.0,7898000.0,3149000.0,1742000.0,524500.0,1788000.0,1430000.0,9596000.0,9578000.0,
4603000.0,2760000.0,1543000.0,7896000.0,3149000.0,1742000.0,542300.0,1780000.0,1419000.0,9644000.0,9578000.0,
4581000.0,2759000.0,1546000.0,7871000.0,3149000.0,1748000.0,540700.0,1788000.0,1434000.0,9665000.0,9578000.0,
4556000.0,2771000.0,1535000.0,7862000.0,3147000.0,1742000.0,534700.0,1920000.0,1352000.0,9663000.0,9605000.0,
4508000.0,2791000.0,1538000.0,7929000.0,3160000.0,1729000.0,540700.0,1950000.0,1448000.0,9531000.0,9554000.0,
4487000.0,2784000.0,1517000.0,7914000.0,3171000.0,1718000.0,540700.0,1961000.0,1437000.0,9531000.0,9576000.0,
4481000.0,2788000.0,1519000.0,7904000.0,3171000.0,1718000.0,549200.0,1963000.0,1426000.0,9531000.0,9576000.0,
4450000.0,2794000.0,1522000.0,7885000.0,3157000.0,1718000.0,549200.0,1975000.0,1414000.0,9531000.0,9590000.0,
4426000.0,2789000.0,1529000.0,7873000.0,3157000.0,1724000.0,578300.0,1967000.0,1387000.0,9578000.0,9590000.0,
4410000.0,2791000.0,1534000.0,7878000.0,3157000.0,1724000.0,578300.0,1991000.0,1363000.0,9674000.0,9590000.0,
4369000.0,2803000.0,1537000.0,7887000.0,3157000.0,1724000.0,578300.0,2027000.0,1327000.0,9674000.0,9590000.0,
4316000.0,2806000.0,1548000.0,7872000.0,3157000.0,1724000.0,578300.0,2045000.0,1309000.0,9674000.0,9590000.0,
4366000.0,2806000.0,1553000.0,7833000.0,3145000.0,1730000.0,588500.0,2055000.0,1337000.0,9620000.0,9531000.0,
4314000.0,2814000.0,1537000.0,7856000.0,3121000.0,1730000.0,588500.0,2055000.0,1337000.0,9620000.0,9572000.0,
4280000.0,2809000.0,1536000.0,7854000.0,3070000.0,1734000.0,589700.0,2060000.0,1327000.0,9716000.0,9630000.0,
4243000.0,2814000.0,1542000.0,7853000.0,2985000.0,1734000.0,600500.0,2097000.0,1279000.0,9716000.0,9716000.0,
4213000.0,2814000.0,1529000.0,7849000.0,2985000.0,1734000.0,611400.0,2100000.0,1265000.0,9716000.0,9734000.0,
4191000.0,2819000.0,1531000.0,7824000.0,2985000.0,1741000.0,616800.0,2138000.0,1215000.0,9765000.0,9734000.0,
4271000.0,2811000.0,1535000.0,7810000.0,2977000.0,1747000.0,616800.0,2156000.0,1200000.0,9749000.0,9645000.0,
4512000.0,2809000.0,1517000.0,7802000.0,2958000.0,1747000.0,649400.0,2143000.0,1191000.0,9836000.0,9431000.0,
4473000.0,2815000.0,1519000.0,7814000.0,2949000.0,1741000.0,1507000.0,1291000.0,1185000.0,9836000.0,9446000.0,
4466000.0,2816000.0,1524000.0,7809000.0,4137000.0,544800.0,1514000.0,1279000.0,1185000.0,9935000.0,9460000.0,
4446000.0,2822000.0,1528000.0,7789000.0,4116000.0,544800.0,1537000.0,1339000.0,1206000.0,9830000.0,9481000.0,
4411000.0,2838000.0,1533000.0,7789000.0,4109000.0,800400.0,1279000.0,1333000.0,1206000.0,9830000.0,9496000.0,
4400000.0,2837000.0,1540000.0,7769000.0,4097000.0,800400.0,1291000.0,1331000.0,1196000.0,9830000.0,9509000.0,
4356000.0,2838000.0,1524000.0,7771000.0,4101000.0,795600.0,1332000.0,1301000.0,1288000.0,9728000.0,9540000.0,
4341000.0,2840000.0,1525000.0,7753000.0,4101000.0,795600.0,1344000.0,1322000.0,1255000.0,9728000.0,9540000.0,
4320000.0,2846000.0,1521000.0,7739000.0,4087000.0,795600.0,1349000.0,1316000.0,1255000.0,9825000.0,9569000.0,
4259000.0,2838000.0,1526000.0,7773000.0,4041000.0,795600.0,1361000.0,1330000.0,1229000.0,9874000.0,9614000.0,
4119000.0,2833000.0,1532000.0,7898000.0,4024000.0,794600.0,1361000.0,1401000.0,1157000.0,9924000.0,9631000.0,
4114000.0,2827000.0,1524000.0,7877000.0,4024000.0,801700.0,1364000.0,1459000.0,1089000.0,9924000.0,9646000.0,
4195000.0,2825000.0,1528000.0,7891000.0,3999000.0,807700.0,1399000.0,1435000.0,1135000.0,9910000.0,9559000.0,
4179000.0,2822000.0,1519000.0,7871000.0,3998000.0,815400.0,1407000.0,1466000.0,1088000.0,9910000.0,9576000.0,
4128000.0,2829000.0,1483000.0,7898000.0,3998000.0,815400.0,1407000.0,1485000.0,1069000.0,9960000.0,9615000.0,
4112000.0,2824000.0,1485000.0,7882000.0,3927000.0,841100.0,1381000.0,1485000.0,1069000.0,1.001E7,9686000.0,
4325000.0,2829000.0,1476000.0,7877000.0,3910000.0,841100.0,1387000.0,1506000.0,1201000.0,9851000.0,9480000.0,
4302000.0,2824000.0,1483000.0,7888000.0,3867000.0,845900.0,1382000.0,1519000.0,1314000.0,9725000.0,9523000.0,
4279000.0,2830000.0,1486000.0,7877000.0,3867000.0,845900.0,1382000.0,1579000.0,1254000.0,9725000.0,9523000.0,
4234000.0,2842000.0,1466000.0,7892000.0,3867000.0,851900.0,1385000.0,1577000.0,1248000.0,9773000.0,9546000.0,
4215000.0,2845000.0,1463000.0,7881000.0,3854000.0,858500.0,1378000.0,1577000.0,1247000.0,9871000.0,9559000.0,
4206000.0,2843000.0,1465000.0,7860000.0,3854000.0,858500.0,1387000.0,1568000.0,1247000.0,9871000.0,9559000.0,
4087000.0,2845000.0,1468000.0,7939000.0,3860000.0,852400.0,1386000.0,1601000.0,1214000.0,9921000.0,9559000.0,
4027000.0,2840000.0,1476000.0,7991000.0,3854000.0,848800.0,1392000.0,1608000.0,1215000.0,9903000.0,9573000.0,
3947000.0,2837000.0,1482000.0,8043000.0,3854000.0,848800.0,1421000.0,1631000.0,1195000.0,9870000.0,9573000.0,
3922000.0,2838000.0,1488000.0,8050000.0,3854000.0,848800.0,1433000.0,1700000.0,1233000.0,9801000.0,9573000.0,
3889000.0,2842000.0,1491000.0,8052000.0,3831000.0,848700.0,1433000.0,1724000.0,1318000.0,9740000.0,9596000.0,
4116000.0,2845000.0,1496000.0,8027000.0,3818000.0,854700.0,1432000.0,1720000.0,1481000.0,9577000.0,9363000.0,
4108000.0,2850000.0,1499000.0,8012000.0,3801000.0,854700.0,1432000.0,1725000.0,1476000.0,9673000.0,9381000.0,
4107000.0,2847000.0,1503000.0,8002000.0,4284000.0,348800.0,1423000.0,1730000.0,1464000.0,9673000.0,9419000.0,
4099000.0,2845000.0,1508000.0,7993000.0,4266000.0,348700.0,1423000.0,1730000.0,1644000.0,9493000.0,9437000.0,
4088000.0,2843000.0,1513000.0,7994000.0,4210000.0,550000.0,1228000.0,1724000.0,1644000.0,9493000.0,9493000.0,
4076000.0,2846000.0,1522000.0,7965000.0,4173000.0,560900.0,1217000.0,1743000.0,1626000.0,9493000.0,9530000.0,
4050000.0,2856000.0,1526000.0,7937000.0,4062000.0,560800.0,1217000.0,1748000.0,1619000.0,9493000.0,9640000.0,
4178000.0,2854000.0,1530000.0,7938000.0,4052000.0,899100.0,866300.0,1808000.0,1560000.0,9493000.0,9516000.0,
4174000.0,2852000.0,1520000.0,7938000.0,4039000.0,903900.0,867500.0,1819000.0,1542000.0,9493000.0,9545000.0,
4167000.0,2855000.0,1523000.0,7934000.0,4039000.0,903900.0,867500.0,1819000.0,1542000.0,9493000.0,9545000.0,
4133000.0,2852000.0,1511000.0,7950000.0,4022000.0,915900.0,860200.0,1837000.0,1520000.0,9493000.0,9581000.0,
4248000.0,2857000.0,1496000.0,7931000.0,3973000.0,915800.0,860200.0,1849000.0,1508000.0,9541000.0,9515000.0,
4224000.0,2857000.0,1499000.0,7906000.0,3973000.0,915800.0,1129000.0,1600000.0,1487000.0,9541000.0,9515000.0,
4209000.0,2858000.0,1503000.0,7881000.0,3973000.0,921800.0,1135000.0,1588000.0,1487000.0,9541000.0,9515000.0,
4198000.0,2858000.0,1508000.0,7871000.0,3973000.0,921800.0,1141000.0,1582000.0,1487000.0,9589000.0,9515000.0,
4019000.0,2860000.0,1497000.0,8010000.0,3956000.0,1303000.0,758900.0,1576000.0,1487000.0,9589000.0,9555000.0,
4005000.0,2860000.0,1456000.0,7990000.0,3956000.0,1303000.0,1311000.0,1070000.0,1441000.0,9589000.0,9600000.0,
3958000.0,2873000.0,1464000.0,8005000.0,3956000.0,1320000.0,1294000.0,1083000.0,1428000.0,9589000.0,9600000.0,
3931000.0,2876000.0,1465000.0,8012000.0,3939000.0,1324000.0,1307000.0,1065000.0,1428000.0,9589000.0,9617000.0,
3927000.0,2879000.0,1467000.0,8002000.0,3916000.0,1324000.0,1325000.0,1057000.0,1418000.0,9589000.0,9640000.0,
3925000.0,2878000.0,1471000.0,7997000.0,3916000.0,1324000.0,1336000.0,1077000.0,1388000.0,9636000.0,9640000.0,
3884000.0,2888000.0,1475000.0,8009000.0,3927000.0,1313000.0,1355000.0,1070000.0,1376000.0,9636000.0,9640000.0,
3999000.0,2887000.0,1478000.0,8013000.0,3934000.0,1307000.0,1367000.0,1200000.0,1258000.0,9660000.0,9493000.0,
3993000.0,2880000.0,1485000.0,8004000.0,3910000.0,1307000.0,1391000.0,1176000.0,1258000.0,9660000.0,9516000.0,
3958000.0,2890000.0,1486000.0,7998000.0,3917000.0,1311000.0,1392000.0,1175000.0,1247000.0,9660000.0,9516000.0,
3937000.0,2891000.0,1477000.0,7997000.0,3890000.0,1311000.0,1392000.0,1188000.0,1234000.0,9660000.0,9552000.0,
3916000.0,2898000.0,1460000.0,7994000.0,3890000.0,1315000.0,1388000.0,1198000.0,1224000.0,9660000.0,9572000.0,
3906000.0,2898000.0,1465000.0,7984000.0,3870000.0,1314000.0,1393000.0,1193000.0,1224000.0,9660000.0,9593000.0,
3870000.0,2901000.0,1442000.0,8000000.0,3814000.0,1304000.0,1393000.0,1243000.0,1175000.0,9660000.0,9684000.0,
3896000.0,2906000.0,1446000.0,8021000.0,3741000.0,1304000.0,1391000.0,1243000.0,1196000.0,9638000.0,9689000.0,
3869000.0,2913000.0,1449000.0,8020000.0,3621000.0,1298000.0,1389000.0,1307000.0,1131000.0,9638000.0,9815000.0,
3840000.0,2909000.0,1435000.0,8035000.0,3540000.0,1298000.0,1405000.0,1320000.0,1101000.0,9638000.0,9918000.0,
3984000.0,2909000.0,1440000.0,8035000.0,3504000.0,1298000.0,1404000.0,1315000.0,1187000.0,9553000.0,9790000.0,
4104000.0,2900000.0,1428000.0,8022000.0,3480000.0,1318000.0,1383000.0,1315000.0,1257000.0,9530000.0,9693000.0,
4193000.0,2906000.0,1431000.0,8013000.0,3468000.0,1318000.0,1394000.0,1346000.0,1216000.0,9530000.0,9608000.0,
4373000.0,2903000.0,1437000.0,7993000.0,3401000.0,2107000.0,597900.0,1414000.0,1148000.0,9530000.0,9486000.0,
4364000.0,2904000.0,1440000.0,7973000.0,3338000.0,2100000.0,603100.0,1459000.0,1092000.0,9530000.0,9564000.0,
4436000.0,2924000.0,1443000.0,7950000.0,3242000.0,2102000.0,590100.0,1475000.0,1075000.0,9530000.0,9568000.0,
4598000.0,2923000.0,1450000.0,7935000.0,3167000.0,2103000.0,592300.0,1593000.0,949000.0,9530000.0,9470000.0,
4534000.0,2913000.0,1453000.0,7956000.0,3151000.0,2103000.0,592300.0,1653000.0,889400.0,9530000.0,9486000.0,
4524000.0,2913000.0,1457000.0,7937000.0,3079000.0,2113000.0,589400.0,1656000.0,878400.0,9578000.0,9558000.0,
4639000.0,2917000.0,1460000.0,7917000.0,3016000.0,2117000.0,585500.0,1656000.0,889800.0,9614000.0,9495000.0,
4620000.0,2911000.0,1464000.0,7902000.0,3005000.0,2124000.0,572800.0,1666000.0,895600.0,9598000.0,9512000.0,
4603000.0,2917000.0,1446000.0,7892000.0,2972000.0,2116000.0,572800.0,1677000.0,884100.0,9646000.0,9573000.0,
4580000.0,2919000.0,1451000.0,7892000.0,2948000.0,2116000.0,584700.0,1685000.0,916800.0,9594000.0,9596000.0,
4564000.0,2918000.0,1458000.0,7887000.0,2948000.0,2116000.0,584700.0,1715000.0,886600.0,9642000.0,9596000.0,
4522000.0,2922000.0,1439000.0,7891000.0,2907000.0,2110000.0,584700.0,1745000.0,965800.0,9533000.0,9667000.0,
4756000.0,2921000.0,1424000.0,7891000.0,2907000.0,2116000.0,578600.0,1745000.0,965800.0,9533000.0,9444000.0,
4742000.0,2928000.0,1426000.0,7881000.0,2866000.0,2115000.0,573800.0,1745000.0,965800.0,9533000.0,9491000.0,
4717000.0,2930000.0,1429000.0,7891000.0,2834000.0,2103000.0,573800.0,1755000.0,955800.0,9533000.0,9535000.0,
4687000.0,2932000.0,1407000.0,7895000.0,2823000.0,2097000.0,573800.0,1769000.0,941500.0,9533000.0,9577000.0,
4661000.0,2925000.0,1410000.0,7895000.0,2823000.0,2097000.0,573800.0,1783000.0,927200.0,9533000.0,9577000.0,
4632000.0,2927000.0,1413000.0,7894000.0,2800000.0,2103000.0,915400.0,1452000.0,911100.0,9628000.0,9600000.0,
4672000.0,2939000.0,1390000.0,7889000.0,2783000.0,2097000.0,915400.0,1475000.0,1027000.0,9585000.0,9570000.0,
4634000.0,2936000.0,1396000.0,7893000.0,2783000.0,2097000.0,915400.0,1486000.0,1017000.0,9633000.0,9570000.0,
4619000.0,2940000.0,1398000.0,7883000.0,2783000.0,2097000.0,932300.0,1506000.0,1103000.0,9510000.0,9570000.0,
4602000.0,2954000.0,1400000.0,7859000.0,2783000.0,2097000.0,944300.0,1554000.0,1042000.0,9510000.0,9570000.0,
4588000.0,2955000.0,1386000.0,7839000.0,2965000.0,1895000.0,952100.0,1558000.0,1031000.0,9510000.0,9605000.0,
4742000.0,2954000.0,1393000.0,7841000.0,2977000.0,1889000.0,946000.0,1557000.0,1031000.0,9557000.0,9429000.0,
4732000.0,2957000.0,1395000.0,7836000.0,2935000.0,1889000.0,946000.0,1568000.0,1020000.0,9557000.0,9471000.0,
4723000.0,2953000.0,1403000.0,7836000.0,2896000.0,1889000.0,952100.0,1572000.0,1011000.0,9557000.0,9511000.0,
4721000.0,2951000.0,1406000.0,7831000.0,2888000.0,1877000.0,952100.0,1572000.0,1011000.0,9605000.0,9530000.0,
4790000.0,2942000.0,1331000.0,7896000.0,2874000.0,1871000.0,966200.0,1598000.0,1017000.0,9559000.0,9475000.0,
4774000.0,2947000.0,1332000.0,7892000.0,2835000.0,1859000.0,966200.0,1613000.0,1001000.0,9559000.0,9527000.0,
4754000.0,2945000.0,1314000.0,7877000.0,2818000.0,1853000.0,963600.0,1628000.0,986900.0,9559000.0,9586000.0,
4746000.0,2951000.0,1316000.0,7838000.0,2821000.0,1857000.0,956800.0,1663000.0,951100.0,9559000.0,9586000.0,
4736000.0,2952000.0,1321000.0,7823000.0,2827000.0,1851000.0,956800.0,1663000.0,1083000.0,9474000.0,9586000.0,
4732000.0,2949000.0,1328000.0,7823000.0,2803000.0,1851000.0,965900.0,1654000.0,1083000.0,9474000.0,9609000.0,
4715000.0,2960000.0,1302000.0,7784000.0,2770000.0,1851000.0,977000.0,1640000.0,1083000.0,9474000.0,9676000.0,
4607000.0,2965000.0,1307000.0,7817000.0,2746000.0,1851000.0,977000.0,1640000.0,1083000.0,9474000.0,9700000.0,
4583000.0,2968000.0,1312000.0,7788000.0,2726000.0,1851000.0,977000.0,1654000.0,1069000.0,9617000.0,9720000.0,
4728000.0,2962000.0,1319000.0,7784000.0,2689000.0,1862000.0,978100.0,1642000.0,1124000.0,9562000.0,9590000.0,
4712000.0,2976000.0,1321000.0,7773000.0,2655000.0,1849000.0,978100.0,1642000.0,1124000.0,9562000.0,9637000.0,
4833000.0,2981000.0,1324000.0,7792000.0,2633000.0,1849000.0,978100.0,1642000.0,1124000.0,9562000.0,9475000.0,
4803000.0,2992000.0,1328000.0,7787000.0,2594000.0,1849000.0,978100.0,1642000.0,1124000.0,9562000.0,9514000.0,
4794000.0,2995000.0,1332000.0,7768000.0,2579000.0,2310000.0,517700.0,1636000.0,1124000.0,9562000.0,9535000.0,
4787000.0,2993000.0,1334000.0,7758000.0,2566000.0,2310000.0,517700.0,1636000.0,1124000.0,9562000.0,9555000.0,
4757000.0,2994000.0,1341000.0,7775000.0,2560000.0,2292000.0,517700.0,1648000.0,1112000.0,9562000.0,9579000.0,
4730000.0,3001000.0,1346000.0,7755000.0,2537000.0,2286000.0,517700.0,1664000.0,1096000.0,9562000.0,9608000.0,
4810000.0,2980000.0,1366000.0,7735000.0,2537000.0,2286000.0,517700.0,1664000.0,1096000.0,9562000.0,9514000.0,
4763000.0,2992000.0,1372000.0,7714000.0,2524000.0,2292000.0,511700.0,1664000.0,1096000.0,9562000.0,9528000.0,
4754000.0,2992000.0,1377000.0,7648000.0,2525000.0,2451000.0,340800.0,1656000.0,1096000.0,9562000.0,9548000.0,
4708000.0,3011000.0,1383000.0,7628000.0,2531000.0,2445000.0,340800.0,1656000.0,1096000.0,9562000.0,9548000.0,
4654000.0,3005000.0,1385000.0,7631000.0,2494000.0,2451000.0,534700.0,1470000.0,1082000.0,9562000.0,9584000.0,
4637000.0,3012000.0,1366000.0,7626000.0,2463000.0,2439000.0,534700.0,1470000.0,1082000.0,9609000.0,9651000.0,
4825000.0,3006000.0,1359000.0,7634000.0,2782000.0,2106000.0,530000.0,1477000.0,1132000.0,9546000.0,9457000.0,
4812000.0,3000000.0,1367000.0,7614000.0,2760000.0,2100000.0,530000.0,1483000.0,1126000.0,9546000.0,9485000.0,
4765000.0,3004000.0,1353000.0,7604000.0,2735000.0,2114000.0,515600.0,1483000.0,1126000.0,9594000.0,9542000.0,
4698000.0,3003000.0,1356000.0,7614000.0,2563000.0,2114000.0,515600.0,1483000.0,1126000.0,9642000.0,9714000.0,
4667000.0,3003000.0,1367000.0,7599000.0,2520000.0,2114000.0,515600.0,1496000.0,1113000.0,9690000.0,9757000.0,
4611000.0,3002000.0,1364000.0,7707000.0,2470000.0,2109000.0,515600.0,1511000.0,1129000.0,9756000.0,9709000.0,
4562000.0,3021000.0,1367000.0,7703000.0,2446000.0,2099000.0,515600.0,1570000.0,1071000.0,9756000.0,9744000.0,
4593000.0,3019000.0,1371000.0,7708000.0,2401000.0,2105000.0,517300.0,1592000.0,1078000.0,9816000.0,9710000.0,
4464000.0,3027000.0,1374000.0,7802000.0,2337000.0,2105000.0,529200.0,1580000.0,1078000.0,9865000.0,9774000.0,
4435000.0,3027000.0,1381000.0,7788000.0,2299000.0,2105000.0,529200.0,1580000.0,1078000.0,9865000.0,9812000.0,
4403000.0,3027000.0,1371000.0,7801000.0,2299000.0,2113000.0,521000.0,1606000.0,1052000.0,9914000.0,9827000.0,
4610000.0,3033000.0,1375000.0,7798000.0,2299000.0,2119000.0,515000.0,1606000.0,1117000.0,9849000.0,9588000.0,
4655000.0,3047000.0,1380000.0,7778000.0,3818000.0,561600.0,514000.0,1615000.0,1152000.0,9802000.0,9560000.0,
4635000.0,3044000.0,1360000.0,7753000.0,3769000.0,570800.0,504800.0,1615000.0,1152000.0,9802000.0,9633000.0,
4607000.0,3044000.0,1367000.0,7738000.0,3781000.0,558700.0,526700.0,1611000.0,1134000.0,9802000.0,9633000.0,
4579000.0,3054000.0,1370000.0,7719000.0,3769000.0,558700.0,530700.0,1601000.0,1134000.0,9802000.0,9651000.0,
4537000.0,3059000.0,1376000.0,7674000.0,3668000.0,564900.0,524500.0,1601000.0,1134000.0,9802000.0,9752000.0,
4513000.0,3044000.0,1379000.0,7674000.0,3668000.0,564900.0,524500.0,1601000.0,1134000.0,9802000.0,9752000.0,
4620000.0,3051000.0,1380000.0,7674000.0,3619000.0,556500.0,513600.0,1659000.0,1107000.0,9819000.0,9687000.0,
4600000.0,3054000.0,1374000.0,7659000.0,3624000.0,536400.0,519600.0,1693000.0,1068000.0,9819000.0,9711000.0,
4731000.0,3050000.0,1354000.0,7659000.0,3544000.0,536400.0,519600.0,1719000.0,1215000.0,9644000.0,9670000.0,
4719000.0,3043000.0,1358000.0,7653000.0,3531000.0,542400.0,513600.0,1737000.0,1197000.0,9644000.0,9683000.0,
4707000.0,3036000.0,1363000.0,7653000.0,3518000.0,542400.0,1545000.0,717500.0,1186000.0,9693000.0,9696000.0,
4693000.0,3038000.0,1364000.0,7638000.0,3476000.0,542400.0,1551000.0,711400.0,1186000.0,9693000.0,9738000.0,
5026000.0,3039000.0,1367000.0,7660000.0,3476000.0,548500.0,1555000.0,712700.0,1368000.0,9500000.0,9348000.0,
4998000.0,3043000.0,1371000.0,7645000.0,3430000.0,548500.0,1555000.0,738800.0,1342000.0,9595000.0,9393000.0,
4994000.0,3040000.0,1378000.0,7625000.0,3430000.0,548400.0,1567000.0,746100.0,1322000.0,9595000.0,9393000.0,
4954000.0,3032000.0,1386000.0,7625000.0,3430000.0,535900.0,1567000.0,746100.0,1322000.0,9595000.0,9406000.0,
4929000.0,3029000.0,1373000.0,7619000.0,3682000.0,202900.0,1573000.0,770700.0,1291000.0,9595000.0,9504000.0,
4892000.0,3026000.0,1377000.0,7609000.0,3682000.0,212800.0,1563000.0,821300.0,1241000.0,9595000.0,9524000.0,
4876000.0,3035000.0,1380000.0,7589000.0,3675000.0,208800.0,1557000.0,838300.0,1224000.0,9595000.0,9542000.0,
4861000.0,3033000.0,1387000.0,7579000.0,3675000.0,208800.0,1557000.0,864400.0,1198000.0,9595000.0,9542000.0,
4842000.0,3029000.0,1392000.0,7571000.0,3674000.0,214800.0,1551000.0,870400.0,1192000.0,9691000.0,9542000.0,
4808000.0,3040000.0,1395000.0,7566000.0,3548000.0,214800.0,1557000.0,881000.0,1240000.0,9674000.0,9669000.0,
4793000.0,3037000.0,1403000.0,7566000.0,3487000.0,220900.0,1551000.0,908400.0,1213000.0,9723000.0,9729000.0,
4720000.0,3036000.0,1406000.0,7631000.0,3487000.0,220900.0,1551000.0,951700.0,1169000.0,9723000.0,9729000.0,
4693000.0,3045000.0,1413000.0,7638000.0,3359000.0,220900.0,1559000.0,953200.0,1159000.0,9771000.0,9858000.0,
4664000.0,3030000.0,1406000.0,7646000.0,3359000.0,228300.0,1570000.0,934500.0,1159000.0,9771000.0,9870000.0,
4655000.0,3029000.0,1411000.0,7641000.0,3333000.0,232300.0,1556000.0,993800.0,1100000.0,9771000.0,9906000.0,
4823000.0,3032000.0,1419000.0,7629000.0,3315000.0,232300.0,1556000.0,1004000.0,1221000.0,9640000.0,9732000.0,
4780000.0,3030000.0,1405000.0,7627000.0,3315000.0,232300.0,1562000.0,998200.0,1221000.0,9688000.0,9749000.0,
4831000.0,3031000.0,1409000.0,7607000.0,3325000.0,222200.0,1562000.0,1009000.0,1319000.0,9580000.0,9688000.0,
4807000.0,3021000.0,1412000.0,7572000.0,3309000.0,216200.0,1568000.0,1048000.0,1274000.0,9627000.0,9711000.0,
4874000.0,3017000.0,1417000.0,7528000.0,3309000.0,216200.0,1568000.0,1048000.0,1411000.0,9537000.0,9606000.0,
4824000.0,3023000.0,1422000.0,7518000.0,3315000.0,216200.0,1568000.0,1074000.0,1379000.0,9537000.0,9606000.0,
4904000.0,3034000.0,1423000.0,7483000.0,3315000.0,216200.0,1568000.0,1084000.0,1368000.0,9633000.0,9487000.0,
4866000.0,3035000.0,1407000.0,7472000.0,3295000.0,222200.0,1574000.0,1157000.0,1284000.0,9730000.0,9525000.0,
4704000.0,3035000.0,1413000.0,7599000.0,3288000.0,216200.0,1601000.0,1130000.0,1284000.0,9730000.0,9538000.0,
4651000.0,3044000.0,1418000.0,7623000.0,3288000.0,216200.0,1607000.0,1174000.0,1234000.0,9778000.0,9538000.0,
4604000.0,3047000.0,1423000.0,7632000.0,3275000.0,610500.0,1228000.0,1171000.0,1222000.0,9778000.0,9550000.0,
4596000.0,3038000.0,1429000.0,7608000.0,3275000.0,615300.0,1223000.0,1277000.0,1302000.0,9641000.0,9550000.0,
4557000.0,3043000.0,1431000.0,7634000.0,3275000.0,615300.0,1235000.0,1281000.0,1286000.0,9641000.0,9550000.0,
4546000.0,3052000.0,1433000.0,7624000.0,3253000.0,635100.0,1226000.0,1289000.0,1326000.0,9582000.0,9572000.0,
4516000.0,3039000.0,1440000.0,7626000.0,3245000.0,621800.0,1226000.0,1318000.0,1296000.0,9582000.0,9594000.0,
4477000.0,3042000.0,1443000.0,7598000.0,3158000.0,621800.0,1246000.0,1340000.0,1255000.0,9582000.0,9687000.0,
4352000.0,3035000.0,1449000.0,7678000.0,3158000.0,627800.0,1240000.0,1387000.0,1208000.0,9582000.0,9687000.0,
4315000.0,3044000.0,1452000.0,7674000.0,3158000.0,639800.0,1236000.0,1384000.0,1202000.0,9582000.0,9687000.0,
4479000.0,3040000.0,1460000.0,7658000.0,3158000.0,639800.0,1252000.0,1379000.0,1192000.0,9582000.0,9514000.0,
4461000.0,3052000.0,1461000.0,7658000.0,3136000.0,639800.0,1258000.0,1389000.0,1176000.0,9582000.0,9536000.0,
4435000.0,3057000.0,1466000.0,7634000.0,3136000.0,639800.0,1263000.0,1384000.0,1176000.0,9582000.0,9536000.0,
4367000.0,3052000.0,1453000.0,7671000.0,3136000.0,645900.0,1256000.0,1384000.0,1176000.0,9582000.0,9553000.0,
4336000.0,3072000.0,1459000.0,7662000.0,3114000.0,645900.0,1274000.0,1367000.0,1176000.0,9630000.0,9575000.0,
4324000.0,3076000.0,1462000.0,7623000.0,3095000.0,642800.0,1282000.0,1358000.0,1176000.0,9630000.0,9598000.0,
4296000.0,3089000.0,1466000.0,7618000.0,3095000.0,649200.0,1282000.0,1352000.0,1176000.0,9630000.0,9598000.0,
4273000.0,3088000.0,1469000.0,7620000.0,3073000.0,649200.0,1290000.0,1344000.0,1176000.0,9630000.0,9619000.0,
4248000.0,3106000.0,1458000.0,7575000.0,3078000.0,644400.0,1290000.0,1377000.0,1143000.0,9678000.0,9636000.0,
4234000.0,3111000.0,1463000.0,7555000.0,3060000.0,644400.0,1290000.0,1418000.0,1102000.0,9678000.0,9654000.0,
4275000.0,3108000.0,1469000.0,7621000.0,3060000.0,644400.0,1290000.0,1428000.0,1304000.0,9513000.0,9519000.0,
4264000.0,3109000.0,1470000.0,7609000.0,3047000.0,644400.0,1290000.0,1438000.0,1293000.0,9561000.0,9531000.0,
4250000.0,3109000.0,1472000.0,7591000.0,3047000.0,649200.0,1285000.0,1455000.0,1276000.0,9561000.0,9531000.0,
4227000.0,3107000.0,1477000.0,7611000.0,3053000.0,643200.0,1285000.0,1455000.0,1276000.0,9561000.0,9531000.0,
4208000.0,3108000.0,1480000.0,7606000.0,3032000.0,643200.0,1294000.0,1496000.0,1227000.0,9609000.0,9552000.0,
4187000.0,3094000.0,1482000.0,7614000.0,2995000.0,644400.0,1288000.0,1502000.0,1221000.0,9705000.0,9594000.0,
4165000.0,3104000.0,1486000.0,7617000.0,2974000.0,644400.0,1288000.0,1532000.0,1203000.0,9790000.0,9615000.0,
4139000.0,3099000.0,1480000.0,7603000.0,2974000.0,644400.0,1293000.0,1613000.0,1117000.0,9790000.0,9630000.0,
3999000.0,3101000.0,1484000.0,7722000.0,2974000.0,644400.0,1301000.0,1626000.0,1097000.0,9839000.0,9630000.0,
3976000.0,3103000.0,1487000.0,7731000.0,2965000.0,644400.0,1301000.0,1630000.0,1086000.0,9839000.0,9646000.0,
3963000.0,3105000.0,1492000.0,7716000.0,2955000.0,647800.0,1291000.0,1655000.0,1061000.0,9937000.0,9661000.0,
3912000.0,3112000.0,1495000.0,7752000.0,2959000.0,643900.0,1278000.0,1666000.0,1050000.0,9937000.0,9674000.0,
3967000.0,3111000.0,1501000.0,7713000.0,2944000.0,650900.0,1271000.0,1666000.0,1230000.0,9758000.0,9624000.0,
3944000.0,3111000.0,1506000.0,7730000.0,2944000.0,657700.0,1285000.0,1677000.0,1198000.0,9758000.0,9624000.0,
3892000.0,3106000.0,1506000.0,7731000.0,2944000.0,657700.0,1285000.0,1763000.0,1112000.0,9758000.0,9624000.0,
4138000.0,3101000.0,1513000.0,7719000.0,2944000.0,663700.0,1279000.0,1823000.0,1157000.0,9653000.0,9344000.0,
3981000.0,3094000.0,1515000.0,7826000.0,2944000.0,663700.0,1279000.0,1836000.0,1144000.0,9701000.0,9344000.0,
3980000.0,3094000.0,1517000.0,7826000.0,2934000.0,659000.0,1277000.0,1863000.0,1112000.0,9701000.0,9365000.0,
3957000.0,3090000.0,1520000.0,7789000.0,2910000.0,659000.0,1277000.0,1890000.0,1214000.0,9572000.0,9389000.0,
3936000.0,3092000.0,1523000.0,7780000.0,2886000.0,674000.0,1262000.0,1890000.0,1214000.0,9619000.0,9413000.0,
3910000.0,3090000.0,1527000.0,7759000.0,2850000.0,674000.0,1262000.0,1907000.0,1197000.0,9716000.0,9449000.0,
3876000.0,3095000.0,1528000.0,7761000.0,2802000.0,674000.0,1271000.0,1909000.0,1187000.0,9716000.0,9497000.0,
3852000.0,3099000.0,1519000.0,7736000.0,2802000.0,674000.0,1271000.0,1909000.0,1187000.0,9716000.0,9511000.0,
3816000.0,3083000.0,1521000.0,7753000.0,2784000.0,680200.0,1259000.0,1909000.0,1187000.0,9813000.0,9548000.0,
3800000.0,3081000.0,1524000.0,7743000.0,3175000.0,289000.0,1274000.0,1907000.0,1174000.0,9813000.0,9548000.0,
3767000.0,3085000.0,1533000.0,7744000.0,3175000.0,323000.0,1240000.0,1913000.0,1167000.0,9813000.0,9548000.0,
3740000.0,3090000.0,1533000.0,7739000.0,3175000.0,323000.0,1245000.0,1934000.0,1151000.0,9804000.0,9548000.0,
3716000.0,3084000.0,1537000.0,7746000.0,3181000.0,329700.0,1232000.0,1934000.0,1355000.0,9649000.0,9548000.0,
3681000.0,3106000.0,1539000.0,7746000.0,3181000.0,576100.0,993900.0,1926000.0,1436000.0,9568000.0,9548000.0,
3650000.0,3094000.0,1524000.0,7757000.0,3157000.0,576100.0,993900.0,1964000.0,1398000.0,9761000.0,9594000.0,
3643000.0,3098000.0,1528000.0,7757000.0,3157000.0,580000.0,990000.0,1964000.0,1503000.0,9655000.0,9594000.0,
3624000.0,3093000.0,1531000.0,7752000.0,3152000.0,562600.0,998400.0,1988000.0,1478000.0,9695000.0,9616000.0,
3658000.0,3087000.0,1538000.0,7770000.0,3139000.0,569600.0,991300.0,1988000.0,1547000.0,9626000.0,9552000.0,
3640000.0,3078000.0,1542000.0,7772000.0,3139000.0,1037000.0,523700.0,1988000.0,1610000.0,9564000.0,9552000.0,
3626000.0,3068000.0,1551000.0,7772000.0,3122000.0,1043000.0,517600.0,2065000.0,1533000.0,9564000.0,9570000.0,
3589000.0,3069000.0,1556000.0,7768000.0,3099000.0,1043000.0,517600.0,2065000.0,1666000.0,9479000.0,9592000.0,
3576000.0,3063000.0,1548000.0,7768000.0,3084000.0,1043000.0,814300.0,1768000.0,1666000.0,9479000.0,9620000.0,
3635000.0,3062000.0,1556000.0,7766000.0,3053000.0,1043000.0,822500.0,1766000.0,1660000.0,9479000.0,9566000.0,
3618000.0,3060000.0,1535000.0,7747000.0,3053000.0,1043000.0,828600.0,1783000.0,1637000.0,9526000.0,9590000.0,
3762000.0,3056000.0,1539000.0,7754000.0,3031000.0,1043000.0,858700.0,1764000.0,1625000.0,9574000.0,9430000.0,
3748000.0,3063000.0,1542000.0,7734000.0,3031000.0,1043000.0,872800.0,1750000.0,1625000.0,9574000.0,9430000.0,
3739000.0,3057000.0,1528000.0,7715000.0,3031000.0,1043000.0,872800.0,1760000.0,1615000.0,9767000.0,9454000.0,
3725000.0,3054000.0,1533000.0,7691000.0,3009000.0,1049000.0,866700.0,1772000.0,1630000.0,9739000.0,9476000.0,
3711000.0,3053000.0,1539000.0,7671000.0,3009000.0,1049000.0,872800.0,1772000.0,1675000.0,9737000.0,9476000.0,
3693000.0,3061000.0,1542000.0,7646000.0,2972000.0,1049000.0,880700.0,1780000.0,1659000.0,9786000.0,9512000.0,
3668000.0,3065000.0,1545000.0,7624000.0,2925000.0,1049000.0,880700.0,1780000.0,1705000.0,9740000.0,9559000.0,
3657000.0,3047000.0,1548000.0,7596000.0,2900000.0,1057000.0,872900.0,1797000.0,1813000.0,9615000.0,9585000.0,
3650000.0,3041000.0,1536000.0,7581000.0,2869000.0,1045000.0,878800.0,1813000.0,1791000.0,9712000.0,9643000.0,
3635000.0,3037000.0,1541000.0,7544000.0,2846000.0,1052000.0,872000.0,1868000.0,1735000.0,9809000.0,9666000.0,
3766000.0,3043000.0,1544000.0,7514000.0,2797000.0,1052000.0,872000.0,1868000.0,1902000.0,9691000.0,9574000.0,
3732000.0,3035000.0,1550000.0,7499000.0,2685000.0,1065000.0,859000.0,1880000.0,1890000.0,9739000.0,9687000.0,
3893000.0,3032000.0,1540000.0,7455000.0,2629000.0,1114000.0,809700.0,1913000.0,1899000.0,9746000.0,9589000.0,
3890000.0,3031000.0,1546000.0,7410000.0,2615000.0,1121000.0,796700.0,2014000.0,1948000.0,9643000.0,9609000.0,
4007000.0,3039000.0,1548000.0,7380000.0,2598000.0,1115000.0,796700.0,2090000.0,1897000.0,9619000.0,9499000.0,
3994000.0,3037000.0,1532000.0,7365000.0,2604000.0,1109000.0,796700.0,2090000.0,2073000.0,9540000.0,9519000.0,
3964000.0,3034000.0,1512000.0,7363000.0,2550000.0,1109000.0,796700.0,2112000.0,2050000.0,9587000.0,9608000.0,
4037000.0,3029000.0,1490000.0,7357000.0,2550000.0,1109000.0,796600.0,2112000.0,2050000.0,9587000.0,9549000.0,
4027000.0,3035000.0,1491000.0,7351000.0,2531000.0,1109000.0,796500.0,2118000.0,2043000.0,9635000.0,9569000.0,
4147000.0,3033000.0,1497000.0,7351000.0,2475000.0,1109000.0,804600.0,2155000.0,2093000.0,9588000.0,9496000.0,
4108000.0,3036000.0,1501000.0,7366000.0,3237000.0,346900.0,814000.0,2169000.0,2205000.0,9501000.0,9496000.0,
4093000.0,3035000.0,1506000.0,7368000.0,3237000.0,357100.0,803800.0,2187000.0,2186000.0,9549000.0,9496000.0,
4087000.0,3030000.0,1511000.0,7358000.0,3224000.0,357100.0,809900.0,2193000.0,2174000.0,9549000.0,9509000.0,
4053000.0,3021000.0,1522000.0,7376000.0,3202000.0,357100.0,809900.0,2236000.0,2131000.0,9549000.0,9532000.0,
4051000.0,3014000.0,1505000.0,7361000.0,3208000.0,351000.0,809800.0,2264000.0,2104000.0,9549000.0,9552000.0,
4045000.0,3011000.0,1509000.0,7336000.0,3214000.0,345000.0,809800.0,2275000.0,2093000.0,9596000.0,9552000.0,
4001000.0,3016000.0,1514000.0,7335000.0,3220000.0,338900.0,809800.0,2371000.0,1996000.0,9596000.0,9552000.0,
3992000.0,3006000.0,1518000.0,7300000.0,3220000.0,338900.0,809800.0,2408000.0,1960000.0,9596000.0,9552000.0,
3930000.0,3006000.0,1526000.0,7286000.0,3220000.0,345500.0,803200.0,2514000.0,1853000.0,9644000.0,9575000.0,
3905000.0,3000000.0,1531000.0,7272000.0,3204000.0,353700.0,795100.0,2559000.0,1884000.0,9568000.0,9590000.0,
3891000.0,2999000.0,1536000.0,7257000.0,3185000.0,347700.0,795100.0,2559000.0,1884000.0,9568000.0,9615000.0,
3855000.0,3002000.0,1537000.0,7279000.0,3173000.0,347700.0,795100.0,2565000.0,1878000.0,9568000.0,9627000.0,
4014000.0,3000000.0,1543000.0,7253000.0,3173000.0,347700.0,795100.0,2581000.0,1862000.0,9568000.0,9465000.0,
3967000.0,3014000.0,1546000.0,7264000.0,3187000.0,333600.0,804000.0,2598000.0,1836000.0,9568000.0,9465000.0,
3947000.0,3015000.0,1547000.0,7282000.0,3199000.0,329000.0,804500.0,2614000.0,1812000.0,9568000.0,9465000.0,
3918000.0,3004000.0,1549000.0,7279000.0,3186000.0,335000.0,798400.0,2642000.0,1784000.0,9568000.0,9477000.0,
3889000.0,3009000.0,1555000.0,7272000.0,3186000.0,335000.0,815000.0,2641000.0,1769000.0,9568000.0,9477000.0,
3870000.0,3013000.0,1557000.0,7265000.0,3186000.0,335000.0,815000.0,2641000.0,1769000.0,9568000.0,9477000.0,
3853000.0,3017000.0,1564000.0,7251000.0,3186000.0,339800.0,810200.0,2655000.0,1754000.0,9568000.0,9477000.0,
3840000.0,3013000.0,1570000.0,7238000.0,3192000.0,334400.0,819300.0,2678000.0,1723000.0,9568000.0,9477000.0,
3820000.0,3018000.0,1574000.0,7233000.0,3192000.0,805700.0,348000.0,2706000.0,1695000.0,9568000.0,9477000.0,
3798000.0,3007000.0,1575000.0,7228000.0,3096000.0,802700.0,348000.0,2706000.0,1695000.0,9568000.0,9597000.0,
3785000.0,3007000.0,1576000.0,7205000.0,3096000.0,802700.0,347900.0,2804000.0,1596000.0,9616000.0,9597000.0,
3753000.0,3003000.0,1583000.0,7220000.0,3096000.0,802700.0,347900.0,2848000.0,1571000.0,9598000.0,9597000.0,
3637000.0,3003000.0,1589000.0,7320000.0,3096000.0,817600.0,333100.0,2888000.0,1531000.0,9598000.0,9597000.0,
3609000.0,3010000.0,1592000.0,7333000.0,3096000.0,817500.0,333100.0,2951000.0,1468000.0,9598000.0,9597000.0,
3590000.0,3021000.0,1595000.0,7328000.0,3073000.0,817500.0,352400.0,2977000.0,1423000.0,9598000.0,9620000.0,
3566000.0,3032000.0,1598000.0,7313000.0,3061000.0,817500.0,361300.0,3084000.0,1306000.0,9646000.0,9632000.0,
3551000.0,3023000.0,1605000.0,7289000.0,3036000.0,817500.0,385300.0,3104000.0,1263000.0,9694000.0,9657000.0,
3690000.0,3013000.0,1614000.0,7274000.0,3009000.0,806700.0,391400.0,3098000.0,1308000.0,9648000.0,9546000.0,
3679000.0,3016000.0,1603000.0,7254000.0,2985000.0,806700.0,450800.0,3054000.0,1293000.0,9648000.0,9584000.0,
3667000.0,3019000.0,1608000.0,7239000.0,2936000.0,806700.0,464900.0,3040000.0,1293000.0,9696000.0,9633000.0,
3649000.0,3022000.0,1614000.0,7243000.0,2924000.0,806700.0,483600.0,3062000.0,1252000.0,9696000.0,9645000.0,
3643000.0,3019000.0,1619000.0,7207000.0,2893000.0,800500.0,483500.0,3068000.0,1246000.0,9696000.0,9682000.0,
3676000.0,3019000.0,1623000.0,7214000.0,2885000.0,795200.0,483500.0,3089000.0,1316000.0,9605000.0,9630000.0,
3654000.0,3014000.0,1630000.0,7225000.0,2885000.0,795200.0,489600.0,3115000.0,1284000.0,9605000.0,9630000.0,
3651000.0,3013000.0,1633000.0,7180000.0,2850000.0,795200.0,500000.0,3110000.0,1278000.0,9701000.0,9666000.0,
3638000.0,3022000.0,1637000.0,7180000.0,2835000.0,785100.0,518800.0,3091000.0,1278000.0,9847000.0,9691000.0,
3625000.0,3028000.0,1644000.0,7171000.0,2835000.0,791200.0,512700.0,3103000.0,1266000.0,9897000.0,9691000.0,
3661000.0,3027000.0,1635000.0,7207000.0,2820000.0,785100.0,512700.0,3134000.0,1300000.0,9833000.0,9644000.0,
3761000.0,3020000.0,1642000.0,7212000.0,2820000.0,785100.0,512700.0,3144000.0,1341000.0,9830000.0,9524000.0,
3747000.0,3013000.0,1657000.0,7207000.0,2820000.0,785100.0,943700.0,2725000.0,1329000.0,9879000.0,9524000.0,
3742000.0,3013000.0,1661000.0,7184000.0,2820000.0,785100.0,2644000.0,1059000.0,1295000.0,9978000.0,9524000.0,
3732000.0,3011000.0,1666000.0,7179000.0,2826000.0,779100.0,2675000.0,1034000.0,1289000.0,9978000.0,9524000.0,
3727000.0,3003000.0,1670000.0,7169000.0,2826000.0,779100.0,2681000.0,1085000.0,1290000.0,9920000.0,9524000.0,
3719000.0,2996000.0,1676000.0,7158000.0,2802000.0,779100.0,2681000.0,1132000.0,1244000.0,9920000.0,9548000.0,
3708000.0,2988000.0,1678000.0,7165000.0,2785000.0,791600.0,2668000.0,1161000.0,1329000.0,9806000.0,9566000.0,
3706000.0,2985000.0,1681000.0,7112000.0,2767000.0,791600.0,2697000.0,1182000.0,1320000.0,9764000.0,9583000.0,
3672000.0,3010000.0,1686000.0,7107000.0,2754000.0,798000.0,2691000.0,1225000.0,1277000.0,9813000.0,9596000.0,
3652000.0,3008000.0,1678000.0,7107000.0,2714000.0,798000.0,2704000.0,1226000.0,1263000.0,9862000.0,9650000.0,
3614000.0,3003000.0,1686000.0,7110000.0,2899000.0,613200.0,2704000.0,1226000.0,1263000.0,9912000.0,9672000.0,
3642000.0,3002000.0,1688000.0,7174000.0,2886000.0,620900.0,2696000.0,1250000.0,1316000.0,9884000.0,9561000.0,
3634000.0,2990000.0,1702000.0,7166000.0,2867000.0,614900.0,2696000.0,1265000.0,1301000.0,9884000.0,9587000.0,
3681000.0,2988000.0,1708000.0,7161000.0,2849000.0,608800.0,2694000.0,1265000.0,1396000.0,9789000.0,9560000.0,
3661000.0,2993000.0,1713000.0,7171000.0,2855000.0,602800.0,2712000.0,1248000.0,1439000.0,9746000.0,9560000.0,
3646000.0,2996000.0,1717000.0,7179000.0,2843000.0,614900.0,2711000.0,1253000.0,1422000.0,9746000.0,9573000.0,
3633000.0,2988000.0,1721000.0,7171000.0,2827000.0,614900.0,2711000.0,1265000.0,1411000.0,9746000.0,9588000.0,
3627000.0,2981000.0,1724000.0,7161000.0,2841000.0,617100.0,2695000.0,1271000.0,1405000.0,9746000.0,9588000.0,
3608000.0,2979000.0,1728000.0,7177000.0,2812000.0,1387000.0,1931000.0,1259000.0,1405000.0,9844000.0,9623000.0,
3596000.0,2979000.0,1716000.0,7167000.0,2818000.0,1386000.0,1926000.0,1271000.0,1392000.0,9893000.0,9638000.0,
3568000.0,2971000.0,1721000.0,7162000.0,2818000.0,1390000.0,1922000.0,1285000.0,1379000.0,9942000.0,9638000.0,
3628000.0,2974000.0,1726000.0,7162000.0,2781000.0,1390000.0,1927000.0,1301000.0,1411000.0,9888000.0,9602000.0,
3624000.0,2975000.0,1728000.0,7162000.0,2764000.0,1396000.0,1921000.0,1301000.0,1411000.0,9888000.0,9620000.0,
3745000.0,2987000.0,1731000.0,7152000.0,2764000.0,1396000.0,1929000.0,1294000.0,1437000.0,9912000.0,9480000.0,
3708000.0,2993000.0,1734000.0,7154000.0,2727000.0,1402000.0,1940000.0,1299000.0,1414000.0,9912000.0,9516000.0,
3707000.0,2979000.0,1739000.0,7135000.0,2710000.0,1402000.0,1940000.0,1299000.0,1414000.0,9912000.0,9534000.0,
3698000.0,2978000.0,1744000.0,7135000.0,2697000.0,1402000.0,1946000.0,1308000.0,1398000.0,9962000.0,9546000.0,
3672000.0,2984000.0,1746000.0,7147000.0,2679000.0,2131000.0,1218000.0,1308000.0,1398000.0,1.001E7,9564000.0,
3650000.0,2985000.0,1750000.0,7145000.0,2679000.0,2131000.0,1218000.0,1330000.0,1377000.0,1.001E7,9564000.0,
3565000.0,2981000.0,1755000.0,7223000.0,2679000.0,2137000.0,1212000.0,1330000.0,1377000.0,1.011E7,9564000.0,
3533000.0,2971000.0,1755000.0,7195000.0,2679000.0,2137000.0,1212000.0,1340000.0,1366000.0,1.011E7,9564000.0,
3530000.0,2948000.0,1754000.0,7153000.0,2679000.0,2148000.0,1211000.0,1342000.0,1373000.0,1.009E7,9564000.0,
3518000.0,2945000.0,1759000.0,7148000.0,2662000.0,2148000.0,1225000.0,1348000.0,1352000.0,1.014E7,9582000.0,
3471000.0,2948000.0,1763000.0,7167000.0,2644000.0,2148000.0,1225000.0,1408000.0,1292000.0,1.014E7,9599000.0,
3434000.0,2960000.0,1766000.0,7164000.0,2619000.0,2148000.0,1225000.0,1488000.0,1313000.0,1.014E7,9625000.0,
3579000.0,2969000.0,1756000.0,7170000.0,2619000.0,2156000.0,1258000.0,1470000.0,1404000.0,1.008E7,9464000.0,
3573000.0,2964000.0,1761000.0,7162000.0,2596000.0,2162000.0,1264000.0,1481000.0,1381000.0,1.008E7,9487000.0,
3555000.0,2959000.0,1764000.0,7157000.0,2547000.0,2403000.0,1045000.0,1466000.0,1375000.0,1.008E7,9536000.0,
3518000.0,2953000.0,1767000.0,7177000.0,2521000.0,2409000.0,1047000.0,1502000.0,1365000.0,1.005E7,9561000.0,
3498000.0,2933000.0,1786000.0,7187000.0,2492000.0,2403000.0,1061000.0,1488000.0,1365000.0,1.01E7,9597000.0,
3495000.0,2931000.0,1791000.0,7177000.0,2498000.0,2397000.0,1061000.0,1488000.0,1485000.0,9976000.0,9597000.0,
3457000.0,2930000.0,1793000.0,7177000.0,2487000.0,2392000.0,1055000.0,1498000.0,1475000.0,9976000.0,9642000.0,
3578000.0,2925000.0,1801000.0,7158000.0,2482000.0,2374000.0,1055000.0,1518000.0,1495000.0,9985000.0,9529000.0,
3558000.0,2914000.0,1807000.0,7148000.0,2368000.0,2378000.0,1051000.0,1518000.0,1495000.0,9985000.0,9643000.0,
3484000.0,2908000.0,1810000.0,7210000.0,2884000.0,1881000.0,1038000.0,1518000.0,1489000.0,1.004E7,9643000.0,
3452000.0,2910000.0,1813000.0,7206000.0,2773000.0,1875000.0,1038000.0,1638000.0,1369000.0,1.009E7,9760000.0,
3448000.0,2913000.0,1794000.0,7206000.0,2778000.0,2337000.0,571400.0,1684000.0,1323000.0,1.029E7,9781000.0,
3440000.0,2918000.0,1776000.0,7201000.0,2718000.0,2343000.0,565400.0,1684000.0,1323000.0,1.029E7,9863000.0,
3434000.0,2916000.0,1783000.0,7201000.0,2704000.0,2335000.0,581000.0,1720000.0,1271000.0,1.029E7,9885000.0,
3433000.0,2917000.0,1784000.0,7201000.0,2685000.0,2335000.0,581000.0,1739000.0,1246000.0,1.029E7,9909000.0,
3432000.0,2915000.0,1786000.0,7201000.0,2677000.0,2328000.0,573400.0,1745000.0,1240000.0,1.029E7,9932000.0,
3687000.0,2920000.0,1789000.0,7189000.0,2677000.0,2334000.0,567300.0,1745000.0,1436000.0,1.014E7,9660000.0,
3763000.0,2915000.0,1772000.0,7168000.0,2654000.0,2334000.0,567300.0,1751000.0,1462000.0,1.016E7,9630000.0,
3761000.0,2910000.0,1754000.0,7150000.0,2637000.0,2334000.0,567300.0,1765000.0,1448000.0,1.016E7,9671000.0,
3759000.0,2905000.0,1760000.0,7145000.0,2601000.0,2334000.0,567300.0,1765000.0,1448000.0,1.016E7,9707000.0,
3730000.0,2902000.0,1768000.0,7155000.0,2562000.0,2328000.0,567300.0,1765000.0,1448000.0,1.016E7,9752000.0,
3710000.0,2910000.0,1774000.0,7151000.0,2562000.0,2335000.0,560000.0,1792000.0,1421000.0,1.016E7,9752000.0,
3760000.0,2918000.0,1776000.0,7176000.0,2540000.0,2335000.0,560000.0,1802000.0,1561000.0,1.006E7,9669000.0,
3760000.0,2910000.0,1785000.0,7156000.0,2540000.0,2335000.0,560000.0,1809000.0,1555000.0,1.011E7,9669000.0,
3746000.0,2906000.0,1789000.0,7126000.0,2515000.0,2341000.0,554000.0,1823000.0,1541000.0,1.011E7,9707000.0,
3733000.0,2911000.0,1793000.0,7111000.0,2485000.0,2334000.0,562000.0,1825000.0,1530000.0,1.021E7,9744000.0,
3723000.0,2911000.0,1794000.0,7065000.0,2450000.0,2334000.0,559900.0,1831000.0,1524000.0,1.021E7,9781000.0,
3714000.0,2909000.0,1794000.0,7042000.0,2430000.0,2334000.0,559600.0,1831000.0,1524000.0,1.021E7,9800000.0,
3698000.0,2900000.0,1805000.0,7047000.0,2430000.0,2334000.0,568800.0,1849000.0,1497000.0,1.027E7,9800000.0,
3928000.0,2896000.0,1809000.0,7042000.0,2417000.0,2334000.0,1725000.0,692200.0,1578000.0,1.018E7,9578000.0,
3913000.0,2902000.0,1808000.0,7021000.0,2400000.0,2334000.0,1725000.0,748300.0,1597000.0,1.011E7,9595000.0,
3894000.0,2910000.0,1813000.0,7003000.0,2387000.0,2334000.0,1735000.0,770000.0,1565000.0,1.011E7,9608000.0,
3884000.0,2906000.0,1801000.0,6973000.0,2352000.0,2334000.0,1735000.0,840300.0,1495000.0,1.016E7,9658000.0,
3865000.0,2910000.0,1804000.0,6961000.0,2344000.0,2318000.0,1750000.0,825300.0,1495000.0,1.016E7,9682000.0,
4011000.0,2912000.0,1806000.0,6947000.0,2356000.0,2306000.0,1760000.0,848300.0,1474000.0,1.025E7,9520000.0,
3887000.0,2913000.0,1812000.0,7050000.0,2342000.0,2295000.0,1764000.0,899100.0,1483000.0,1.018E7,9551000.0,
3875000.0,2909000.0,1775000.0,7026000.0,2320000.0,2309000.0,1761000.0,911100.0,1460000.0,1.023E7,9619000.0,
4088000.0,2915000.0,1777000.0,7011000.0,2304000.0,2306000.0,1761000.0,945700.0,1690000.0,9964000.0,9403000.0,
4066000.0,2911000.0,1769000.0,6996000.0,2304000.0,2306000.0,1761000.0,961000.0,1674000.0,1.006E7,9422000.0,
4038000.0,2919000.0,1774000.0,6976000.0,2273000.0,2306000.0,1761000.0,961000.0,1674000.0,1.006E7,9454000.0,
4013000.0,2914000.0,1780000.0,6969000.0,2273000.0,2325000.0,1741000.0,995800.0,1639000.0,1.006E7,9454000.0,
3996000.0,2911000.0,1784000.0,6951000.0,2254000.0,2331000.0,1735000.0,1007000.0,1629000.0,1.017E7,9472000.0,
3984000.0,2908000.0,1788000.0,6907000.0,2254000.0,2339000.0,1733000.0,1001000.0,1629000.0,1.017E7,9472000.0,
3923000.0,2905000.0,1769000.0,6930000.0,2247000.0,2340000.0,1726000.0,1001000.0,1629000.0,1.017E7,9519000.0,
3906000.0,2900000.0,1777000.0,6921000.0,2243000.0,2335000.0,2297000.0,429000.0,1622000.0,1.017E7,9535000.0,
3889000.0,2894000.0,1779000.0,6921000.0,2196000.0,2335000.0,2296000.0,438200.0,1725000.0,1.015E7,9587000.0,
3865000.0,2895000.0,1786000.0,6887000.0,2158000.0,2335000.0,2313000.0,432000.0,1786000.0,1.008E7,9625000.0,
3964000.0,2892000.0,1790000.0,6882000.0,2158000.0,2335000.0,2313000.0,452000.0,1966000.0,9878000.0,9521000.0,
3953000.0,2889000.0,1793000.0,6871000.0,2158000.0,2335000.0,2327000.0,458600.0,2157000.0,9667000.0,9521000.0,
3919000.0,2891000.0,1793000.0,6888000.0,2146000.0,2335000.0,2332000.0,472800.0,2216000.0,9637000.0,9534000.0,
3912000.0,2887000.0,1775000.0,6888000.0,2146000.0,2335000.0,2332000.0,472800.0,2216000.0,9637000.0,9558000.0,
3891000.0,2890000.0,1763000.0,6879000.0,2146000.0,2335000.0,2332000.0,478700.0,2245000.0,9602000.0,9572000.0,
3873000.0,2884000.0,1770000.0,6866000.0,2111000.0,2346000.0,2329000.0,509100.0,2207000.0,9602000.0,9607000.0,
3860000.0,2883000.0,1773000.0,6846000.0,2111000.0,2352000.0,2323000.0,515100.0,2201000.0,9698000.0,9607000.0,
3991000.0,2876000.0,1776000.0,6846000.0,2098000.0,2352000.0,2323000.0,552900.0,2293000.0,9568000.0,9467000.0,
3967000.0,2890000.0,1781000.0,6846000.0,2081000.0,2346000.0,2323000.0,565000.0,2367000.0,9530000.0,9491000.0,
3951000.0,2892000.0,1785000.0,6846000.0,2087000.0,2340000.0,2323000.0,585000.0,2347000.0,9673000.0,9491000.0,
3945000.0,2888000.0,1776000.0,6827000.0,2045000.0,2328000.0,2323000.0,585000.0,2347000.0,9673000.0,9559000.0,
3929000.0,2889000.0,1781000.0,6827000.0,2057000.0,2315000.0,2323000.0,599300.0,2333000.0,9722000.0,9559000.0,
3928000.0,2884000.0,1770000.0,6827000.0,2051000.0,2309000.0,2323000.0,605400.0,2344000.0,9704000.0,9588000.0,
3921000.0,2883000.0,1773000.0,6827000.0,1999000.0,2309000.0,2317000.0,605400.0,2344000.0,9752000.0,9646000.0,
4070000.0,2881000.0,1779000.0,6832000.0,2005000.0,2303000.0,2317000.0,605300.0,2379000.0,9718000.0,9473000.0,
4061000.0,2876000.0,1786000.0,6834000.0,1993000.0,2298000.0,2310000.0,622400.0,2361000.0,9718000.0,9497000.0,
4034000.0,2879000.0,1770000.0,6851000.0,1964000.0,2295000.0,2328000.0,631500.0,2339000.0,9702000.0,9561000.0,
4008000.0,2892000.0,1774000.0,6846000.0,1970000.0,2289000.0,2328000.0,659000.0,2578000.0,9532000.0,9561000.0,
3901000.0,2888000.0,1777000.0,6919000.0,1970000.0,2289000.0,2328000.0,659000.0,2578000.0,9532000.0,9561000.0,
3883000.0,2901000.0,1782000.0,6894000.0,1970000.0,2311000.0,2312000.0,735400.0,2496000.0,9532000.0,9561000.0,
3814000.0,2923000.0,1759000.0,6896000.0,1976000.0,2311000.0,2306000.0,792400.0,2439000.0,9532000.0,9589000.0,
3689000.0,2907000.0,1761000.0,6995000.0,1964000.0,2317000.0,2300000.0,802500.0,2429000.0,9532000.0,9601000.0,
3651000.0,2912000.0,1741000.0,7020000.0,1946000.0,2323000.0,2299000.0,797700.0,2429000.0,9532000.0,9642000.0,
3619000.0,2912000.0,1724000.0,7030000.0,1952000.0,2329000.0,2287000.0,797700.0,2429000.0,9580000.0,9666000.0,
3575000.0,2912000.0,1731000.0,7052000.0,1929000.0,2329000.0,2287000.0,824700.0,2401000.0,9773000.0,9690000.0,
3532000.0,2920000.0,1734000.0,7060000.0,1928000.0,2347000.0,2280000.0,936200.0,2278000.0,9822000.0,9690000.0,
3623000.0,2923000.0,1722000.0,7050000.0,1917000.0,2335000.0,2286000.0,958100.0,2264000.0,9906000.0,9621000.0,
3607000.0,2928000.0,1703000.0,7050000.0,1897000.0,2335000.0,2293000.0,956300.0,2253000.0,9955000.0,9666000.0,
3596000.0,2924000.0,1698000.0,7050000.0,1885000.0,2335000.0,2293000.0,956300.0,2253000.0,9955000.0,9695000.0,
3585000.0,2926000.0,1702000.0,7045000.0,1897000.0,3092000.0,1535000.0,983800.0,2214000.0,1.001E7,9695000.0,
3689000.0,2925000.0,1704000.0,7035000.0,1850000.0,3092000.0,1529000.0,1019000.0,2238000.0,9946000.0,9632000.0,
3642000.0,2930000.0,1703000.0,7042000.0,1831000.0,3086000.0,1529000.0,1076000.0,2181000.0,9946000.0,9658000.0,
3810000.0,2930000.0,1693000.0,7064000.0,1824000.0,3734000.0,874800.0,1100000.0,2192000.0,1.001E7,9476000.0,
3778000.0,2943000.0,1697000.0,7064000.0,1779000.0,3744000.0,858900.0,1125000.0,2166000.0,1.001E7,9527000.0,
3597000.0,2939000.0,1704000.0,7227000.0,1777000.0,3738000.0,857700.0,1170000.0,2276000.0,9902000.0,9541000.0,
3572000.0,2940000.0,1706000.0,7234000.0,1729000.0,3738000.0,865700.0,1182000.0,2277000.0,9880000.0,9589000.0,
3537000.0,2943000.0,1708000.0,7238000.0,1703000.0,3752000.0,863400.0,1230000.0,2281000.0,9817000.0,9615000.0,
3507000.0,2954000.0,1678000.0,7220000.0,1686000.0,3752000.0,863400.0,1262000.0,2249000.0,9817000.0,9665000.0,
3494000.0,2955000.0,1683000.0,7217000.0,1686000.0,3758000.0,866200.0,1322000.0,2180000.0,9817000.0,9665000.0,
3614000.0,2954000.0,1687000.0,7192000.0,1679000.0,3752000.0,866200.0,1364000.0,2289000.0,9666000.0,9545000.0,
3607000.0,2949000.0,1692000.0,7193000.0,1666000.0,3752000.0,866200.0,1406000.0,2301000.0,9611000.0,9558000.0,
3598000.0,2948000.0,1696000.0,7190000.0,1657000.0,3736000.0,866100.0,1412000.0,2295000.0,9611000.0,9583000.0,
3584000.0,2943000.0,1701000.0,7194000.0,1657000.0,3736000.0,890200.0,1517000.0,2166000.0,9611000.0,9583000.0,
3578000.0,2942000.0,1707000.0,7164000.0,1657000.0,3743000.0,1429000.0,1010000.0,2128000.0,9707000.0,9583000.0,
3574000.0,2944000.0,1709000.0,7159000.0,1650000.0,3745000.0,1437000.0,1080000.0,2066000.0,9731000.0,9596000.0,
3552000.0,2944000.0,1712000.0,7167000.0,1634000.0,3739000.0,1443000.0,1208000.0,1932000.0,9731000.0,9618000.0,
3542000.0,2940000.0,1712000.0,7162000.0,1634000.0,3739000.0,1443000.0,1220000.0,1919000.0,9731000.0,9618000.0,
3632000.0,2953000.0,1696000.0,7153000.0,1596000.0,3739000.0,1443000.0,1251000.0,1941000.0,9679000.0,9569000.0,
3579000.0,2965000.0,1676000.0,7170000.0,1596000.0,3739000.0,1452000.0,1279000.0,1923000.0,9756000.0,9593000.0,
3567000.0,2959000.0,1678000.0,7160000.0,1596000.0,3739000.0,1955000.0,776500.0,1923000.0,9756000.0,9593000.0,
3555000.0,2961000.0,1681000.0,7152000.0,1604000.0,3731000.0,1955000.0,776500.0,2082000.0,9597000.0,9593000.0,
3519000.0,2977000.0,1683000.0,7161000.0,1604000.0,3731000.0,1955000.0,804800.0,2053000.0,9645000.0,9593000.0,
3517000.0,2965000.0,1686000.0,7153000.0,1604000.0,3731000.0,1955000.0,825000.0,2033000.0,9645000.0,9593000.0,
3479000.0,2979000.0,1691000.0,7152000.0,1571000.0,3737000.0,1949000.0,872100.0,2061000.0,9570000.0,9624000.0,
3463000.0,2983000.0,1678000.0,7158000.0,1552000.0,3731000.0,1949000.0,885200.0,2048000.0,9570000.0,9669000.0,
3454000.0,2982000.0,1682000.0,7160000.0,1557000.0,3726000.0,1949000.0,953800.0,1979000.0,9570000.0,9669000.0,
3527000.0,2979000.0,1685000.0,7158000.0,1544000.0,3729000.0,1945000.0,984800.0,1947000.0,9570000.0,9575000.0,
3517000.0,2964000.0,1688000.0,7156000.0,1544000.0,3729000.0,1957000.0,989600.0,1930000.0,9570000.0,9575000.0,
3503000.0,2969000.0,1690000.0,7137000.0,1509000.0,3736000.0,1951000.0,1021000.0,1899000.0,9570000.0,9611000.0,
3493000.0,2970000.0,1694000.0,7122000.0,1521000.0,3724000.0,1962000.0,1058000.0,1851000.0,9618000.0,9611000.0,
3762000.0,2964000.0,1701000.0,7122000.0,1521000.0,3730000.0,1960000.0,1073000.0,1875000.0,9670000.0,9335000.0,
3746000.0,2964000.0,1707000.0,7109000.0,1527000.0,3730000.0,1954000.0,1148000.0,1800000.0,9670000.0,9335000.0,
3738000.0,2957000.0,1711000.0,7095000.0,1531000.0,3712000.0,1954000.0,1198000.0,1750000.0,9718000.0,9348000.0,
3697000.0,2957000.0,1713000.0,7108000.0,1527000.0,3700000.0,1968000.0,1225000.0,1703000.0,9718000.0,9371000.0,
3660000.0,2929000.0,1716000.0,7111000.0,1527000.0,3700000.0,1978000.0,1269000.0,1649000.0,9718000.0,9371000.0,
3637000.0,2938000.0,1720000.0,7091000.0,1527000.0,3699000.0,1978000.0,1283000.0,1635000.0,9718000.0,9371000.0,
3622000.0,2935000.0,1723000.0,7091000.0,1533000.0,3693000.0,1983000.0,1301000.0,1611000.0,9718000.0,9371000.0,
3595000.0,2936000.0,1688000.0,7089000.0,1521000.0,3687000.0,1983000.0,1313000.0,1600000.0,9767000.0,9421000.0,
3578000.0,2928000.0,1682000.0,7080000.0,1527000.0,4137000.0,1526000.0,1337000.0,1576000.0,9865000.0,9437000.0,
3561000.0,2923000.0,1685000.0,7074000.0,1533000.0,4131000.0,1526000.0,1348000.0,1565000.0,9963000.0,9437000.0,
3553000.0,2922000.0,1689000.0,7064000.0,1557000.0,4151000.0,1496000.0,1348000.0,1552000.0,9963000.0,9437000.0,
3534000.0,2934000.0,1669000.0,7064000.0,1585000.0,4130000.0,1494000.0,1361000.0,1534000.0,1.001E7,9459000.0,
3522000.0,2941000.0,1647000.0,7049000.0,1597000.0,4118000.0,1494000.0,1361000.0,1534000.0,1.001E7,9484000.0,
3522000.0,2932000.0,1652000.0,7044000.0,1627000.0,4088000.0,1494000.0,1377000.0,1517000.0,1.001E7,9484000.0,
3498000.0,2921000.0,1658000.0,7049000.0,1633000.0,4082000.0,1494000.0,1389000.0,1505000.0,1.006E7,9484000.0,
3485000.0,2921000.0,1661000.0,7038000.0,1633000.0,4086000.0,1510000.0,1435000.0,1439000.0,1.016E7,9484000.0,
3337000.0,2913000.0,1646000.0,7165000.0,1633000.0,4090000.0,1512000.0,1467000.0,1401000.0,1.022E7,9503000.0,
3294000.0,2914000.0,1649000.0,7164000.0,1633000.0,4096000.0,1511000.0,1508000.0,1424000.0,1.015E7,9503000.0,
3232000.0,2910000.0,1653000.0,7182000.0,1639000.0,4090000.0,1511000.0,1539000.0,1501000.0,1.014E7,9503000.0,
3219000.0,2907000.0,1643000.0,7174000.0,1622000.0,4090000.0,1505000.0,1581000.0,1459000.0,1.014E7,9540000.0,
3181000.0,2913000.0,1646000.0,7183000.0,1621000.0,4090000.0,1505000.0,1581000.0,1459000.0,1.019E7,9540000.0,
3173000.0,2912000.0,1636000.0,7169000.0,1601000.0,4090000.0,1505000.0,1648000.0,1488000.0,1.009E7,9574000.0,
3144000.0,2908000.0,1637000.0,7181000.0,1579000.0,4096000.0,1504000.0,1653000.0,1659000.0,9914000.0,9594000.0,
3201000.0,2905000.0,1640000.0,7181000.0,1565000.0,4096000.0,1498000.0,1675000.0,1841000.0,9758000.0,9548000.0,
3194000.0,2903000.0,1644000.0,7171000.0,1565000.0,4096000.0,1509000.0,1689000.0,1816000.0,9758000.0,9548000.0,
3130000.0,2896000.0,1649000.0,7207000.0,2023000.0,3638000.0,1509000.0,1725000.0,1833000.0,9705000.0,9548000.0,
3105000.0,2886000.0,1653000.0,7194000.0,2022000.0,3801000.0,1334000.0,1747000.0,1811000.0,9705000.0,9560000.0,
3083000.0,2876000.0,1655000.0,7189000.0,2022000.0,3808000.0,1326000.0,1759000.0,2099000.0,9550000.0,9560000.0,
3215000.0,2868000.0,1638000.0,7201000.0,3173000.0,2619000.0,1348000.0,1737000.0,2099000.0,9550000.0,9469000.0,
3201000.0,2868000.0,1642000.0,7181000.0,3688000.0,2104000.0,1348000.0,1777000.0,2060000.0,9646000.0,9469000.0,
3198000.0,2857000.0,1585000.0,7166000.0,3706000.0,2082000.0,1345000.0,1807000.0,2149000.0,9520000.0,9548000.0,
3195000.0,2850000.0,1576000.0,7122000.0,3706000.0,2088000.0,1349000.0,1815000.0,2131000.0,9520000.0,9560000.0,
3170000.0,2835000.0,1568000.0,7092000.0,3696000.0,2089000.0,1352000.0,1835000.0,2102000.0,9520000.0,9593000.0,
3166000.0,2836000.0,1571000.0,7077000.0,3679000.0,2974000.0,471200.0,1835000.0,2092000.0,9567000.0,9616000.0,
3157000.0,2836000.0,1574000.0,7062000.0,3630000.0,2962000.0,471200.0,1864000.0,2063000.0,9615000.0,9677000.0,
3134000.0,2840000.0,1553000.0,7064000.0,3580000.0,2959000.0,476000.0,1860000.0,2063000.0,9663000.0,9754000.0,
3317000.0,2841000.0,1544000.0,7024000.0,3502000.0,2966000.0,481600.0,1920000.0,2101000.0,9552000.0,9653000.0,
3432000.0,2838000.0,1546000.0,7015000.0,3501000.0,2966000.0,481500.0,1931000.0,2090000.0,9552000.0,9532000.0,
3321000.0,2839000.0,1540000.0,7092000.0,3479000.0,2966000.0,481500.0,1944000.0,2077000.0,9647000.0,9570000.0,
3306000.0,2835000.0,1546000.0,7095000.0,3443000.0,2966000.0,481500.0,1961000.0,2108000.0,9647000.0,9606000.0,
3294000.0,2830000.0,1553000.0,7095000.0,3403000.0,2966000.0,481500.0,1961000.0,2108000.0,9695000.0,9645000.0,
3287000.0,2821000.0,1558000.0,7095000.0,3378000.0,2966000.0,493400.0,1949000.0,2108000.0,9793000.0,9670000.0,
3279000.0,2818000.0,1559000.0,7080000.0,3396000.0,2948000.0,493400.0,1977000.0,2080000.0,9841000.0,9670000.0,
3268000.0,2811000.0,1566000.0,7071000.0,3379000.0,2948000.0,499400.0,1971000.0,2080000.0,9891000.0,9688000.0,
3259000.0,2816000.0,1569000.0,7071000.0,3379000.0,2954000.0,493400.0,2014000.0,2037000.0,9990000.0,9688000.0,
3241000.0,2822000.0,1562000.0,7066000.0,3362000.0,2960000.0,493400.0,2104000.0,1941000.0,9990000.0,9714000.0,
3306000.0,2813000.0,1566000.0,7056000.0,3350000.0,2960000.0,509500.0,2102000.0,1945000.0,1.002E7,9646000.0,
3303000.0,2809000.0,1569000.0,7041000.0,3350000.0,2964000.0,533100.0,2074000.0,1945000.0,1.007E7,9646000.0,
3380000.0,2801000.0,1572000.0,7036000.0,3337000.0,2964000.0,545200.0,2085000.0,1994000.0,1.0E7,9582000.0,
3379000.0,2798000.0,1575000.0,7036000.0,3304000.0,3180000.0,329000.0,2132000.0,1947000.0,1.0E7,9616000.0,
3457000.0,2790000.0,1583000.0,7028000.0,3304000.0,3180000.0,344700.0,2122000.0,1998000.0,9944000.0,9536000.0,
3453000.0,2783000.0,1589000.0,7013000.0,3304000.0,3184000.0,340800.0,2178000.0,1985000.0,1.005E7,9536000.0,
3427000.0,2778000.0,1596000.0,7017000.0,3263000.0,3190000.0,334800.0,2178000.0,2013000.0,1.002E7,9577000.0,
3418000.0,2767000.0,1591000.0,6993000.0,3208000.0,3184000.0,344800.0,2181000.0,2000000.0,1.007E7,9650000.0,
3483000.0,2759000.0,1582000.0,6974000.0,3173000.0,3184000.0,354600.0,2246000.0,2095000.0,9902000.0,9618000.0,
3447000.0,2754000.0,1590000.0,6976000.0,3155000.0,3184000.0,384400.0,2216000.0,2095000.0,9951000.0,9635000.0,
3525000.0,2747000.0,1594000.0,6956000.0,3124000.0,3178000.0,384400.0,2240000.0,2332000.0,9741000.0,9589000.0,
3511000.0,2747000.0,1597000.0,6946000.0,3115000.0,3176000.0,380300.0,2246000.0,2320000.0,9741000.0,9610000.0,
3345000.0,2756000.0,1600000.0,7095000.0,3054000.0,3181000.0,397500.0,2282000.0,2261000.0,9789000.0,9671000.0,
3234000.0,2764000.0,1602000.0,7186000.0,3017000.0,3222000.0,928900.0,1720000.0,2250000.0,9838000.0,9707000.0,
3232000.0,2761000.0,1607000.0,7176000.0,5022000.0,1237000.0,915800.0,1714000.0,2250000.0,9838000.0,9707000.0,
3215000.0,2764000.0,1614000.0,7174000.0,5028000.0,1230000.0,927900.0,1790000.0,2163000.0,9887000.0,9707000.0,
3092000.0,2770000.0,1617000.0,7261000.0,5006000.0,1221000.0,949100.0,1773000.0,2150000.0,9937000.0,9747000.0,
3092000.0,2768000.0,1620000.0,7236000.0,5006000.0,1221000.0,949100.0,1795000.0,2128000.0,9937000.0,9747000.0,
3070000.0,2763000.0,1626000.0,7221000.0,4994000.0,1221000.0,964700.0,1840000.0,2067000.0,9937000.0,9760000.0,
3015000.0,2754000.0,1631000.0,7248000.0,4922000.0,1221000.0,964700.0,1871000.0,2028000.0,9937000.0,9832000.0,
2995000.0,2755000.0,1623000.0,7218000.0,4895000.0,1197000.0,963500.0,1866000.0,2028000.0,9937000.0,9899000.0,
2980000.0,2763000.0,1625000.0,7203000.0,4837000.0,1197000.0,977600.0,1852000.0,2028000.0,9937000.0,9957000.0,
3261000.0,2782000.0,1628000.0,7178000.0,4753000.0,1197000.0,993900.0,1846000.0,2226000.0,9729000.0,9734000.0,
3360000.0,2789000.0,1593000.0,7158000.0,4697000.0,1197000.0,999600.0,1846000.0,2319000.0,9630000.0,9719000.0,
3309000.0,2790000.0,1595000.0,7165000.0,4636000.0,1197000.0,1015000.0,1875000.0,2274000.0,9678000.0,9800000.0,
3289000.0,2801000.0,1597000.0,7132000.0,4585000.0,1205000.0,1007000.0,1945000.0,2205000.0,9678000.0,9852000.0,
3344000.0,2793000.0,1603000.0,7121000.0,4543000.0,1211000.0,1007000.0,1977000.0,2217000.0,9623000.0,9825000.0,
3344000.0,2783000.0,1605000.0,7079000.0,4491000.0,1211000.0,1007000.0,1988000.0,2206000.0,9623000.0,9877000.0,
3373000.0,2758000.0,1612000.0,7079000.0,4466000.0,1211000.0,1016000.0,2012000.0,2226000.0,9618000.0,9856000.0,
3342000.0,2754000.0,1599000.0,7091000.0,4428000.0,1218000.0,1028000.0,2004000.0,2215000.0,9618000.0,9910000.0,
3398000.0,2750000.0,1603000.0,7109000.0,4372000.0,1218000.0,1028000.0,2037000.0,2238000.0,9562000.0,9883000.0,
3507000.0,2746000.0,1604000.0,7094000.0,4356000.0,1218000.0,1038000.0,2039000.0,2275000.0,9610000.0,9787000.0,
3502000.0,2740000.0,1581000.0,7079000.0,4269000.0,1224000.0,1038000.0,2053000.0,2254000.0,9658000.0,9898000.0,
3493000.0,2734000.0,1585000.0,7045000.0,4163000.0,1224000.0,1044000.0,2087000.0,2214000.0,9658000.0,1.0E7,
3486000.0,2726000.0,1578000.0,7030000.0,4134000.0,1224000.0,1095000.0,2046000.0,2204000.0,9706000.0,1.005E7,
3618000.0,2717000.0,1584000.0,7015000.0,4098000.0,1214000.0,1095000.0,2132000.0,2183000.0,9739000.0,9967000.0,
3611000.0,2714000.0,1576000.0,7005000.0,4085000.0,1214000.0,1095000.0,2164000.0,2150000.0,9739000.0,9992000.0,
3716000.0,2713000.0,1580000.0,7016000.0,4017000.0,1243000.0,1080000.0,2150000.0,2174000.0,9715000.0,9916000.0,
3931000.0,2710000.0,1561000.0,7005000.0,3987000.0,1237000.0,1089000.0,2254000.0,2203000.0,9573000.0,9755000.0,
3911000.0,2720000.0,1566000.0,6985000.0,3995000.0,1212000.0,1099000.0,2276000.0,2171000.0,9573000.0,9772000.0,
4084000.0,2717000.0,1570000.0,6980000.0,4563000.0,526200.0,1091000.0,2276000.0,2170000.0,9573000.0,9705000.0,
4099000.0,2719000.0,1575000.0,6950000.0,4522000.0,494700.0,1097000.0,2409000.0,2030000.0,9573000.0,9730000.0,
4224000.0,2717000.0,1581000.0,6950000.0,4446000.0,483000.0,1091000.0,2457000.0,1982000.0,9573000.0,9683000.0,
4273000.0,2721000.0,1583000.0,6925000.0,4421000.0,483000.0,1103000.0,2444000.0,1982000.0,9573000.0,9626000.0,
4325000.0,2721000.0,1589000.0,6928000.0,4408000.0,496000.0,1096000.0,2664000.0,1757000.0,9621000.0,9558000.0,
4311000.0,2716000.0,1592000.0,6918000.0,4380000.0,490000.0,1102000.0,2675000.0,1750000.0,9609000.0,9592000.0,
4290000.0,2717000.0,1599000.0,6933000.0,4363000.0,490000.0,1102000.0,2694000.0,1732000.0,9609000.0,9609000.0,
4392000.0,2720000.0,1602000.0,6933000.0,4369000.0,484000.0,1111000.0,2790000.0,1770000.0,9465000.0,9497000.0,
4375000.0,2724000.0,1604000.0,6933000.0,4357000.0,1074000.0,515800.0,2820000.0,1740000.0,9465000.0,9514000.0,
4362000.0,2729000.0,1607000.0,6908000.0,4345000.0,1074000.0,515800.0,2843000.0,1717000.0,9465000.0,9527000.0,
4339000.0,2732000.0,1611000.0,6920000.0,4304000.0,1081000.0,508000.0,2884000.0,1676000.0,9465000.0,9567000.0,
4324000.0,2727000.0,1612000.0,6927000.0,4311000.0,1075000.0,508000.0,2910000.0,1650000.0,9465000.0,9567000.0,
4312000.0,2729000.0,1617000.0,6927000.0,4274000.0,1075000.0,517500.0,2954000.0,1597000.0,9465000.0,9604000.0,
4306000.0,2723000.0,1619000.0,6927000.0,4211000.0,1082000.0,518400.0,2975000.0,1568000.0,9465000.0,9666000.0,
4296000.0,2722000.0,1620000.0,6932000.0,4179000.0,1088000.0,512400.0,3036000.0,1507000.0,9465000.0,9699000.0,
4281000.0,2712000.0,1623000.0,6924000.0,4149000.0,1082000.0,548400.0,3029000.0,1477000.0,9465000.0,9734000.0,
4646000.0,2712000.0,1628000.0,6921000.0,4051000.0,1088000.0,542400.0,3029000.0,1477000.0,9513000.0,9446000.0,
4587000.0,2703000.0,1614000.0,6936000.0,4029000.0,1088000.0,552700.0,3025000.0,1471000.0,9513000.0,9510000.0,
4561000.0,2709000.0,1609000.0,6934000.0,4023000.0,1081000.0,552700.0,3046000.0,1450000.0,9513000.0,9530000.0,
4545000.0,2701000.0,1618000.0,6899000.0,3996000.0,1076000.0,552700.0,3086000.0,1410000.0,9560000.0,9562000.0,
4532000.0,2705000.0,1622000.0,6869000.0,3969000.0,1076000.0,552700.0,3123000.0,1373000.0,9608000.0,9589000.0,
4463000.0,2707000.0,1627000.0,6900000.0,3914000.0,1076000.0,552700.0,3148000.0,1348000.0,9608000.0,9644000.0,
4417000.0,2722000.0,1628000.0,6907000.0,3891000.0,1084000.0,545300.0,3172000.0,1323000.0,9656000.0,9667000.0,
4403000.0,2724000.0,1630000.0,6907000.0,3867000.0,1084000.0,550100.0,3173000.0,1316000.0,9656000.0,9691000.0,
4373000.0,2728000.0,1620000.0,6918000.0,4503000.0,415200.0,546300.0,3203000.0,1286000.0,9656000.0,9743000.0,
4421000.0,2730000.0,1626000.0,6929000.0,4480000.0,419700.0,540200.0,3203000.0,1368000.0,9622000.0,9685000.0,
4409000.0,2733000.0,1629000.0,6924000.0,4456000.0,427400.0,532500.0,3203000.0,1368000.0,9622000.0,9709000.0,
4402000.0,2730000.0,1632000.0,6922000.0,4407000.0,501800.0,460200.0,3195000.0,1368000.0,9622000.0,9764000.0,
4586000.0,2726000.0,1639000.0,6913000.0,4364000.0,501500.0,454100.0,3240000.0,1419000.0,9526000.0,9597000.0,
4556000.0,2742000.0,1642000.0,6913000.0,4352000.0,515800.0,451900.0,3252000.0,1394000.0,9526000.0,9609000.0,
4525000.0,2737000.0,1628000.0,6903000.0,4352000.0,515800.0,451900.0,3282000.0,1364000.0,9526000.0,9630000.0,
4492000.0,2746000.0,1631000.0,6877000.0,4267000.0,515800.0,473600.0,3298000.0,1327000.0,9574000.0,9714000.0,
4452000.0,2756000.0,1635000.0,6873000.0,4254000.0,521800.0,499400.0,3266000.0,1327000.0,9574000.0,9727000.0,
4397000.0,2755000.0,1638000.0,6907000.0,4224000.0,521800.0,505400.0,3305000.0,1281000.0,9574000.0,9757000.0,
4388000.0,2749000.0,1643000.0,6867000.0,4199000.0,521800.0,515300.0,3361000.0,1215000.0,9574000.0,9782000.0,
4406000.0,2760000.0,1605000.0,6845000.0,4199000.0,521800.0,515300.0,3374000.0,1215000.0,9609000.0,9767000.0,
4381000.0,2747000.0,1589000.0,6914000.0,4152000.0,521800.0,515300.0,3402000.0,1294000.0,9599000.0,9771000.0,
4350000.0,2757000.0,1594000.0,6909000.0,4128000.0,521800.0,527400.0,3390000.0,1294000.0,9599000.0,9794000.0,
4330000.0,2763000.0,1576000.0,6889000.0,4067000.0,521800.0,531900.0,3406000.0,1271000.0,9599000.0,9879000.0,
4318000.0,2760000.0,1579000.0,6875000.0,4059000.0,522100.0,531000.0,3447000.0,1221000.0,9599000.0,9897000.0,
4290000.0,2763000.0,1583000.0,6881000.0,4046000.0,522100.0,544700.0,3453000.0,1202000.0,9647000.0,9910000.0,
4479000.0,2768000.0,1587000.0,6876000.0,4010000.0,534500.0,540600.0,3462000.0,1262000.0,9568000.0,9733000.0,
4364000.0,2768000.0,1591000.0,6978000.0,3987000.0,534500.0,540600.0,3473000.0,1251000.0,9568000.0,9756000.0,
4512000.0,2771000.0,1599000.0,6963000.0,4000000.0,533300.0,534600.0,3500000.0,1219000.0,9568000.0,9590000.0,
4449000.0,2776000.0,1606000.0,6969000.0,4000000.0,533300.0,534600.0,3500000.0,1219000.0,9568000.0,9590000.0,
4428000.0,2773000.0,1610000.0,6954000.0,4000000.0,533300.0,534600.0,3512000.0,1207000.0,9568000.0,9590000.0,
4387000.0,2770000.0,1614000.0,6973000.0,4006000.0,533300.0,528500.0,3533000.0,1185000.0,9568000.0,9590000.0,
4378000.0,2767000.0,1623000.0,6973000.0,3982000.0,541600.0,530600.0,3565000.0,1144000.0,9616000.0,9615000.0,
4358000.0,2765000.0,1626000.0,6971000.0,3967000.0,529800.0,536500.0,3558000.0,1144000.0,9664000.0,9642000.0,
4314000.0,2772000.0,1627000.0,6993000.0,3970000.0,548600.0,514400.0,3558000.0,1144000.0,9761000.0,9642000.0,
4281000.0,2764000.0,1633000.0,7008000.0,3981000.0,537700.0,519200.0,3621000.0,1077000.0,9810000.0,9642000.0,
4268000.0,2766000.0,1617000.0,7006000.0,3981000.0,537700.0,525200.0,3634000.0,1057000.0,9810000.0,9659000.0,
4337000.0,2776000.0,1620000.0,6974000.0,3951000.0,537700.0,525100.0,3670000.0,1153000.0,9677000.0,9573000.0,
4319000.0,2782000.0,1605000.0,6950000.0,3878000.0,537700.0,540900.0,3655000.0,1153000.0,9677000.0,9664000.0,
4277000.0,2780000.0,1588000.0,6957000.0,3813000.0,531500.0,540900.0,3667000.0,1141000.0,9677000.0,9754000.0,
4262000.0,2780000.0,1591000.0,6913000.0,3818000.0,694500.0,373100.0,3677000.0,1130000.0,9677000.0,9754000.0,
4178000.0,2790000.0,1596000.0,6947000.0,3794000.0,713700.0,353900.0,3709000.0,1098000.0,9677000.0,9779000.0,
4146000.0,2783000.0,1605000.0,6951000.0,3745000.0,713700.0,353900.0,3709000.0,1098000.0,9677000.0,9827000.0,
4239000.0,2788000.0,1608000.0,6972000.0,3722000.0,713700.0,359900.0,3766000.0,1091000.0,9622000.0,9694000.0,
4205000.0,2786000.0,1614000.0,6963000.0,3722000.0,713700.0,365900.0,3768000.0,1083000.0,9670000.0,9694000.0,
4247000.0,2787000.0,1616000.0,6958000.0,3642000.0,713700.0,390100.0,3758000.0,1108000.0,9727000.0,9723000.0,
4180000.0,2788000.0,1620000.0,6980000.0,3628000.0,713700.0,417800.0,3730000.0,1108000.0,9727000.0,9737000.0,
4234000.0,2790000.0,1624000.0,6991000.0,3634000.0,748400.0,387400.0,3732000.0,1151000.0,9673000.0,9656000.0,
4396000.0,2797000.0,1628000.0,7001000.0,3563000.0,756100.0,409800.0,3716000.0,1192000.0,9666000.0,9523000.0,
4352000.0,2805000.0,1629000.0,7026000.0,3563000.0,762100.0,403800.0,3716000.0,1192000.0,9666000.0,9523000.0,
4293000.0,2808000.0,1633000.0,7038000.0,3569000.0,756200.0,415800.0,3714000.0,1181000.0,9714000.0,9523000.0,
4263000.0,2805000.0,1637000.0,7036000.0,3569000.0,756200.0,432100.0,3716000.0,1163000.0,9763000.0,9523000.0,
4237000.0,2804000.0,1639000.0,7012000.0,3535000.0,756200.0,438100.0,3721000.0,1152000.0,9861000.0,9557000.0,
4181000.0,2800000.0,1643000.0,7025000.0,3542000.0,749600.0,438100.0,3721000.0,1152000.0,9861000.0,9569000.0,
4151000.0,2796000.0,1645000.0,7037000.0,3500000.0,749600.0,444200.0,3745000.0,1122000.0,9861000.0,9611000.0,
4112000.0,2805000.0,1648000.0,7037000.0,3425000.0,763200.0,452700.0,3723000.0,1122000.0,9861000.0,9698000.0,
4078000.0,2817000.0,1652000.0,7048000.0,3366000.0,762000.0,451200.0,3723000.0,1122000.0,9861000.0,9760000.0,
4049000.0,2818000.0,1659000.0,7061000.0,3365000.0,768000.0,451200.0,3735000.0,1104000.0,9910000.0,9760000.0,
4004000.0,2818000.0,1594000.0,7089000.0,3284000.0,768000.0,460900.0,3735000.0,1095000.0,9910000.0,9909000.0,
4003000.0,2795000.0,1598000.0,7089000.0,3276000.0,773800.0,463100.0,3717000.0,1095000.0,9910000.0,9927000.0,
3979000.0,2797000.0,1605000.0,7084000.0,3276000.0,773800.0,463100.0,3730000.0,1081000.0,1.001E7,9927000.0,
3960000.0,2814000.0,1607000.0,7053000.0,3253000.0,768600.0,457100.0,3778000.0,1034000.0,1.001E7,9961000.0,
3953000.0,2804000.0,1613000.0,7028000.0,3246000.0,763800.0,463100.0,3772000.0,1034000.0,1.006E7,9973000.0,
3926000.0,2800000.0,1603000.0,7022000.0,3251000.0,759000.0,469100.0,3766000.0,1034000.0,1.006E7,9997000.0,
3886000.0,2822000.0,1605000.0,7011000.0,3219000.0,753000.0,481200.0,3770000.0,1018000.0,1.006E7,1.003E7,
3940000.0,2814000.0,1607000.0,6996000.0,3180000.0,751500.0,491500.0,3749000.0,1028000.0,1.01E7,1.004E7,
3918000.0,2805000.0,1608000.0,6987000.0,3186000.0,745500.0,509600.0,3809000.0,948700.0,1.01E7,1.004E7,
3865000.0,2816000.0,1593000.0,6998000.0,3144000.0,750300.0,550500.0,3807000.0,903000.0,1.01E7,1.01E7,
3840000.0,2825000.0,1595000.0,6990000.0,3089000.0,754700.0,580700.0,3799000.0,874800.0,1.01E7,1.016E7,
3815000.0,2807000.0,1599000.0,6995000.0,3096000.0,756100.0,614200.0,3772000.0,860700.0,1.015E7,1.016E7,
3806000.0,2811000.0,1605000.0,6990000.0,3067000.0,746800.0,638300.0,3765000.0,843400.0,1.02E7,1.02E7,
3783000.0,2809000.0,1612000.0,6972000.0,3050000.0,745600.0,649200.0,3792000.0,800800.0,1.02E7,1.022E7,
3771000.0,2814000.0,1614000.0,6947000.0,3028000.0,754300.0,646500.0,3803000.0,784200.0,1.02E7,1.024E7,
3750000.0,2810000.0,1619000.0,6942000.0,3028000.0,759100.0,659800.0,3852000.0,716400.0,1.02E7,1.024E7,
3727000.0,2808000.0,1622000.0,6939000.0,2992000.0,759100.0,666400.0,3900000.0,661800.0,1.02E7,1.028E7,
3717000.0,2797000.0,1627000.0,6924000.0,2992000.0,759100.0,700200.0,3904000.0,623700.0,1.02E7,1.028E7,
3709000.0,2797000.0,1617000.0,6924000.0,2992000.0,763000.0,702300.0,3898000.0,623700.0,1.025E7,1.029E7,
3684000.0,2801000.0,1620000.0,6937000.0,2977000.0,772600.0,710700.0,3893000.0,611100.0,1.025E7,1.03E7,
3676000.0,2797000.0,1627000.0,6937000.0,2977000.0,772600.0,728800.0,3888000.0,598500.0,1.025E7,1.03E7,
3648000.0,2803000.0,1631000.0,6976000.0,2927000.0,783500.0,717900.0,3888000.0,691600.0,1.021E7,1.031E7,
3604000.0,2811000.0,1635000.0,6995000.0,2912000.0,788300.0,713100.0,3894000.0,685600.0,1.021E7,1.033E7,
3584000.0,2821000.0,1640000.0,6975000.0,2883000.0,782300.0,713100.0,3894000.0,685600.0,1.026E7,1.036E7,
3568000.0,2816000.0,1644000.0,6940000.0,2865000.0,797700.0,697700.0,3907000.0,672200.0,1.026E7,1.038E7,
3553000.0,2821000.0,1649000.0,6931000.0,2843000.0,797700.0,697700.0,3907000.0,672200.0,1.026E7,1.04E7,
3506000.0,2840000.0,1630000.0,6921000.0,2843000.0,797700.0,715800.0,3912000.0,648800.0,1.031E7,1.042E7,
3490000.0,2842000.0,1634000.0,6911000.0,2849000.0,791600.0,726600.0,3901000.0,648800.0,1.031E7,1.042E7,
3463000.0,2851000.0,1637000.0,6906000.0,2823000.0,791600.0,732700.0,3906000.0,638100.0,1.036E7,1.045E7,
3506000.0,2850000.0,1640000.0,6917000.0,2827000.0,787800.0,732600.0,3912000.0,682700.0,1.031E7,1.037E7,
3477000.0,2863000.0,1621000.0,6912000.0,2827000.0,801600.0,724800.0,3906000.0,682700.0,1.031E7,1.04E7,
3604000.0,2869000.0,1628000.0,6920000.0,2827000.0,801600.0,748000.0,3895000.0,816800.0,1.022E7,1.023E7,
3548000.0,2871000.0,1632000.0,6903000.0,2831000.0,802300.0,763800.0,3875000.0,816800.0,1.027E7,1.025E7,
3632000.0,2867000.0,1635000.0,6881000.0,2841000.0,802100.0,765800.0,3883000.0,973300.0,1.009E7,1.013E7,
3833000.0,2851000.0,1628000.0,6876000.0,2826000.0,805300.0,771100.0,3868000.0,1182000.0,9881000.0,9958000.0,
3804000.0,2848000.0,1634000.0,6888000.0,2820000.0,799300.0,777100.0,3886000.0,1159000.0,9881000.0,9971000.0,
3782000.0,2845000.0,1636000.0,6888000.0,2820000.0,805300.0,798300.0,3874000.0,1143000.0,9930000.0,9989000.0,
3753000.0,2847000.0,1622000.0,6888000.0,2805000.0,805300.0,2150000.0,2517000.0,1143000.0,9980000.0,1.002E7,
4124000.0,2843000.0,1609000.0,6888000.0,2822000.0,805300.0,2159000.0,2528000.0,1243000.0,9941000.0,9659000.0,
4051000.0,2837000.0,1590000.0,6923000.0,2812000.0,805300.0,2173000.0,2520000.0,1232000.0,9941000.0,9698000.0,
4019000.0,2837000.0,1592000.0,6913000.0,2816000.0,821200.0,2171000.0,2501000.0,1232000.0,9991000.0,9698000.0,
3958000.0,2833000.0,1595000.0,6931000.0,2821000.0,816400.0,2189000.0,2484000.0,1232000.0,9991000.0,9698000.0,
4040000.0,2832000.0,1601000.0,6934000.0,3242000.0,413000.0,2177000.0,2478000.0,1395000.0,9877000.0,9573000.0,
4008000.0,2831000.0,1601000.0,6936000.0,3242000.0,413000.0,2457000.0,2199000.0,1449000.0,9823000.0,9573000.0,
3939000.0,2836000.0,1585000.0,6975000.0,3239000.0,1482000.0,1398000.0,2178000.0,1561000.0,9711000.0,9603000.0,
4031000.0,2835000.0,1588000.0,6961000.0,3277000.0,1430000.0,1720000.0,1851000.0,1686000.0,9634000.0,9517000.0,
4007000.0,2818000.0,1589000.0,6975000.0,3277000.0,1440000.0,1723000.0,1894000.0,1631000.0,9682000.0,9517000.0,
3983000.0,2807000.0,1596000.0,6966000.0,3263000.0,1434000.0,1747000.0,1891000.0,1648000.0,9739000.0,9535000.0,
3943000.0,2799000.0,1600000.0,6954000.0,3269000.0,1443000.0,1752000.0,1872000.0,1648000.0,9788000.0,9535000.0,
3891000.0,2801000.0,1602000.0,6930000.0,3286000.0,1436000.0,2595000.0,1028000.0,1638000.0,9788000.0,9558000.0,
3753000.0,2800000.0,1607000.0,7052000.0,3286000.0,1436000.0,2607000.0,1016000.0,1638000.0,9788000.0,9558000.0,
3721000.0,2794000.0,1615000.0,7054000.0,3286000.0,1436000.0,2630000.0,992900.0,1703000.0,9723000.0,9558000.0,
3703000.0,2789000.0,1605000.0,7039000.0,3467000.0,1255000.0,2634000.0,1010000.0,1717000.0,9687000.0,9576000.0,
3694000.0,2778000.0,1609000.0,7029000.0,3467000.0,1255000.0,2634000.0,1027000.0,1699000.0,9736000.0,9576000.0,
3658000.0,2774000.0,1615000.0,7004000.0,3475000.0,1247000.0,2634000.0,1027000.0,1699000.0,9736000.0,9576000.0,
3634000.0,2771000.0,1620000.0,6990000.0,3470000.0,1254000.0,2624000.0,1033000.0,1710000.0,9714000.0,9591000.0,
3610000.0,2766000.0,1628000.0,6997000.0,3476000.0,1247000.0,2624000.0,1033000.0,1710000.0,9714000.0,9591000.0,
3579000.0,2770000.0,1630000.0,6992000.0,3445000.0,1247000.0,2630000.0,1060000.0,1719000.0,9671000.0,9621000.0,
3566000.0,2756000.0,1636000.0,6972000.0,3410000.0,1253000.0,2625000.0,1060000.0,1719000.0,9719000.0,9656000.0,
3639000.0,2763000.0,1638000.0,6947000.0,3380000.0,1253000.0,2631000.0,1079000.0,1911000.0,9551000.0,9574000.0,
3637000.0,2757000.0,1646000.0,6927000.0,3362000.0,1247000.0,2640000.0,1097000.0,1883000.0,9551000.0,9598000.0,
3613000.0,2765000.0,1647000.0,6891000.0,3995000.0,620700.0,2640000.0,1091000.0,1883000.0,9551000.0,9598000.0,
3590000.0,2755000.0,1652000.0,6878000.0,3995000.0,620700.0,2640000.0,1091000.0,1883000.0,9551000.0,9598000.0,
3573000.0,2759000.0,1655000.0,6858000.0,3974000.0,629400.0,2632000.0,1129000.0,1846000.0,9599000.0,9619000.0,
3552000.0,2763000.0,1660000.0,6845000.0,4016000.0,592000.0,2627000.0,1178000.0,1796000.0,9599000.0,9619000.0,
3668000.0,2766000.0,1663000.0,6861000.0,4016000.0,592000.0,2632000.0,1298000.0,1671000.0,9599000.0,9457000.0,
3643000.0,2763000.0,1670000.0,6863000.0,4013000.0,571000.0,2632000.0,1323000.0,1646000.0,9599000.0,9479000.0,
3612000.0,2759000.0,1674000.0,6859000.0,4019000.0,570900.0,2626000.0,1323000.0,1646000.0,9599000.0,9479000.0,
3595000.0,2758000.0,1677000.0,6854000.0,4011000.0,570600.0,2625000.0,1322000.0,1668000.0,9614000.0,9494000.0,
3467000.0,2757000.0,1682000.0,6939000.0,3973000.0,576600.0,2625000.0,1331000.0,1654000.0,9614000.0,9532000.0,
3435000.0,2761000.0,1685000.0,6938000.0,3995000.0,554500.0,2625000.0,1362000.0,1622000.0,9614000.0,9532000.0,
3415000.0,2753000.0,1687000.0,6933000.0,4274000.0,244600.0,2619000.0,1476000.0,1509000.0,9614000.0,9570000.0,
3402000.0,2748000.0,1691000.0,6928000.0,4280000.0,244600.0,2622000.0,1481000.0,1494000.0,9614000.0,9570000.0,
3391000.0,2733000.0,1684000.0,6928000.0,4257000.0,277700.0,2589000.0,1496000.0,1501000.0,9593000.0,9605000.0,
3348000.0,2737000.0,1687000.0,6955000.0,4257000.0,283800.0,2595000.0,1499000.0,1486000.0,9641000.0,9605000.0,
3330000.0,2739000.0,1669000.0,6957000.0,4241000.0,289800.0,2595000.0,1503000.0,1476000.0,9641000.0,9643000.0,
3385000.0,2740000.0,1671000.0,6947000.0,4212000.0,280400.0,2589000.0,1516000.0,1476000.0,9627000.0,9624000.0,
3522000.0,2737000.0,1677000.0,6937000.0,4178000.0,286400.0,2582000.0,1636000.0,1406000.0,9577000.0,9514000.0,
3514000.0,2728000.0,1667000.0,6912000.0,4146000.0,284700.0,2587000.0,1655000.0,1377000.0,9625000.0,9569000.0,
3490000.0,2727000.0,1670000.0,7019000.0,4116000.0,280300.0,2592000.0,1643000.0,1492000.0,9606000.0,9515000.0,
3476000.0,2728000.0,1660000.0,7026000.0,4102000.0,1271000.0,1594000.0,1643000.0,1516000.0,9630000.0,9548000.0,
3463000.0,2733000.0,1663000.0,7016000.0,4102000.0,1278000.0,1601000.0,1648000.0,1498000.0,9679000.0,9548000.0,
3434000.0,2727000.0,1655000.0,7024000.0,4101000.0,1284000.0,1594000.0,1654000.0,1492000.0,9679000.0,9564000.0,
3432000.0,2720000.0,1660000.0,7024000.0,4088000.0,1294000.0,1590000.0,1668000.0,1575000.0,9575000.0,9576000.0,
3400000.0,2730000.0,1663000.0,7032000.0,4044000.0,1294000.0,1590000.0,1678000.0,1565000.0,9623000.0,9621000.0,
3381000.0,2730000.0,1665000.0,7039000.0,4031000.0,1294000.0,1594000.0,1680000.0,1559000.0,9623000.0,9633000.0,
3344000.0,2742000.0,1673000.0,7026000.0,4014000.0,1294000.0,1603000.0,1689000.0,1541000.0,9720000.0,9650000.0,
3338000.0,2742000.0,1658000.0,7011000.0,3984000.0,1294000.0,1597000.0,1699000.0,1531000.0,9720000.0,9702000.0,
3328000.0,2723000.0,1667000.0,6986000.0,3918000.0,1294000.0,1591000.0,1699000.0,1531000.0,9720000.0,9774000.0,
3387000.0,2728000.0,1670000.0,7010000.0,3859000.0,1299000.0,1586000.0,1719000.0,1683000.0,9643000.0,9742000.0,
3374000.0,2737000.0,1674000.0,7000000.0,3824000.0,1317000.0,1586000.0,1701000.0,1683000.0,9643000.0,9777000.0,
3336000.0,2739000.0,1665000.0,7019000.0,3776000.0,1311000.0,1586000.0,1723000.0,1660000.0,9643000.0,9842000.0,
3365000.0,2728000.0,1671000.0,7029000.0,4367000.0,609200.0,1590000.0,1720000.0,1738000.0,9559000.0,9899000.0,
3426000.0,2728000.0,1653000.0,7029000.0,4384000.0,538800.0,1604000.0,1728000.0,1716000.0,9607000.0,9911000.0,
3274000.0,2726000.0,1632000.0,7168000.0,4322000.0,538800.0,1604000.0,1728000.0,1716000.0,9607000.0,9996000.0,
3316000.0,2725000.0,1634000.0,7159000.0,4309000.0,538800.0,1610000.0,1722000.0,1807000.0,9515000.0,9961000.0,
3309000.0,2723000.0,1637000.0,7150000.0,4292000.0,538800.0,1619000.0,1860000.0,1662000.0,9659000.0,9979000.0,
3305000.0,2725000.0,1639000.0,7150000.0,4269000.0,538800.0,1619000.0,1870000.0,1651000.0,9659000.0,1.0E7,
3302000.0,2720000.0,1645000.0,7123000.0,4268000.0,538800.0,1619000.0,1894000.0,1627000.0,9707000.0,1.0E7,
3269000.0,2733000.0,1648000.0,7119000.0,4205000.0,538800.0,1629000.0,1919000.0,1592000.0,9756000.0,1.006E7,
3410000.0,2739000.0,1652000.0,7109000.0,4192000.0,1157000.0,1011000.0,1929000.0,1651000.0,9832000.0,9922000.0,
3398000.0,2745000.0,1658000.0,7099000.0,4174000.0,1157000.0,1011000.0,1975000.0,1605000.0,9832000.0,9940000.0,
3372000.0,2749000.0,1656000.0,7086000.0,4157000.0,1157000.0,1017000.0,1979000.0,1596000.0,9832000.0,9965000.0,
3355000.0,2755000.0,1657000.0,7086000.0,4126000.0,1157000.0,1017000.0,2007000.0,1568000.0,9832000.0,9996000.0,
3336000.0,2751000.0,1664000.0,7083000.0,4111000.0,1163000.0,1011000.0,2019000.0,1555000.0,9832000.0,1.001E7,
3311000.0,2751000.0,1666000.0,7090000.0,4053000.0,1169000.0,1015000.0,2063000.0,1502000.0,9832000.0,1.007E7,
3524000.0,2750000.0,1670000.0,7091000.0,4039000.0,1157000.0,1015000.0,2063000.0,1607000.0,9728000.0,9867000.0,
3568000.0,2752000.0,1675000.0,7109000.0,4004000.0,1157000.0,1026000.0,2061000.0,1736000.0,9589000.0,9819000.0,
3560000.0,2747000.0,1682000.0,7104000.0,3978000.0,1163000.0,1020000.0,2080000.0,1717000.0,9589000.0,9844000.0,
3531000.0,2744000.0,1686000.0,7112000.0,3970000.0,1163000.0,1027000.0,2077000.0,1702000.0,9637000.0,9862000.0,
3502000.0,2740000.0,1691000.0,7071000.0,3934000.0,1163000.0,1027000.0,2152000.0,1627000.0,9637000.0,9898000.0,
3495000.0,2734000.0,1697000.0,7038000.0,3881000.0,1163000.0,1029000.0,2166000.0,1604000.0,9637000.0,9959000.0,
3757000.0,2722000.0,1699000.0,7008000.0,3856000.0,1178000.0,1015000.0,2194000.0,1703000.0,9557000.0,9701000.0,
3817000.0,2726000.0,1702000.0,7016000.0,3820000.0,1178000.0,1037000.0,2194000.0,1680000.0,9557000.0,9652000.0,
3785000.0,2714000.0,1704000.0,7012000.0,3792000.0,1178000.0,1037000.0,2206000.0,1668000.0,9557000.0,9681000.0,
3936000.0,2714000.0,1708000.0,6998000.0,3768000.0,1183000.0,1032000.0,2231000.0,1644000.0,9653000.0,9539000.0,
3913000.0,2720000.0,1710000.0,6978000.0,3768000.0,1183000.0,1032000.0,2252000.0,1753000.0,9570000.0,9539000.0,
3886000.0,2718000.0,1716000.0,6986000.0,3768000.0,1183000.0,1038000.0,2246000.0,1753000.0,9570000.0,9539000.0,
3746000.0,2718000.0,1720000.0,7112000.0,3746000.0,1183000.0,1038000.0,2246000.0,1753000.0,9570000.0,9561000.0,
3699000.0,2725000.0,1722000.0,7120000.0,3737000.0,1179000.0,1038000.0,2262000.0,1736000.0,9570000.0,9574000.0,
3661000.0,2728000.0,1723000.0,7108000.0,3688000.0,1185000.0,1076000.0,2283000.0,1671000.0,9570000.0,9623000.0,
3753000.0,2729000.0,1724000.0,7104000.0,4395000.0,1029000.0,535900.0,2288000.0,1657000.0,9570000.0,9514000.0,
3734000.0,2730000.0,1725000.0,7070000.0,4347000.0,1029000.0,535900.0,2314000.0,1631000.0,9570000.0,9572000.0,
3711000.0,2724000.0,1728000.0,7065000.0,4329000.0,1029000.0,547100.0,2315000.0,1618000.0,9570000.0,9589000.0,
3809000.0,2722000.0,1739000.0,7050000.0,4317000.0,1029000.0,547100.0,2325000.0,1608000.0,9570000.0,9486000.0,
3802000.0,2716000.0,1742000.0,7035000.0,4269000.0,1029000.0,547100.0,2337000.0,1596000.0,9570000.0,9533000.0,
3790000.0,2715000.0,1749000.0,7030000.0,4245000.0,1038000.0,547900.0,2384000.0,1538000.0,9570000.0,9557000.0,
3766000.0,2716000.0,1752000.0,7030000.0,4245000.0,1038000.0,547900.0,2513000.0,1409000.0,9618000.0,9557000.0,
3736000.0,2717000.0,1755000.0,7041000.0,4234000.0,1032000.0,547900.0,2535000.0,1388000.0,9618000.0,9575000.0,
3708000.0,2713000.0,1756000.0,7034000.0,4195000.0,1032000.0,565200.0,2544000.0,1361000.0,9618000.0,9612000.0,
3702000.0,2713000.0,1757000.0,7073000.0,4195000.0,1039000.0,563900.0,2561000.0,1390000.0,9566000.0,9548000.0,
3682000.0,2713000.0,1762000.0,7068000.0,4156000.0,1039000.0,577900.0,2559000.0,1377000.0,9566000.0,9587000.0,
3680000.0,2724000.0,1766000.0,7094000.0,4138000.0,1046000.0,577200.0,2569000.0,1361000.0,9566000.0,9551000.0,
3661000.0,2715000.0,1772000.0,7101000.0,4103000.0,1052000.0,583300.0,2557000.0,1361000.0,9614000.0,9587000.0,
3868000.0,2711000.0,1774000.0,7091000.0,4051000.0,1039000.0,1586000.0,1554000.0,1387000.0,9588000.0,9431000.0,
3834000.0,2720000.0,1778000.0,7102000.0,4010000.0,1009000.0,1598000.0,1584000.0,1431000.0,9549000.0,9502000.0,
3826000.0,2709000.0,1782000.0,7102000.0,3957000.0,1009000.0,1619000.0,1573000.0,1421000.0,9597000.0,9556000.0,
3798000.0,2709000.0,1787000.0,7104000.0,3889000.0,1003000.0,1646000.0,1577000.0,1391000.0,9645000.0,9629000.0,
3899000.0,2706000.0,1787000.0,7089000.0,3889000.0,1003000.0,1664000.0,1609000.0,1502000.0,9581000.0,9502000.0,
3850000.0,2713000.0,1780000.0,7075000.0,3726000.0,1009000.0,1670000.0,1650000.0,1448000.0,9581000.0,9678000.0,
3823000.0,2709000.0,1731000.0,7045000.0,3580000.0,1009000.0,2073000.0,1296000.0,1398000.0,9581000.0,9878000.0,
4151000.0,2704000.0,1735000.0,7025000.0,3580000.0,1015000.0,2067000.0,1314000.0,1416000.0,9690000.0,9542000.0,
4125000.0,2702000.0,1738000.0,7005000.0,3558000.0,1015000.0,2091000.0,1336000.0,1370000.0,9738000.0,9564000.0,
4077000.0,2705000.0,1733000.0,6992000.0,3529000.0,1015000.0,2088000.0,1369000.0,1337000.0,9836000.0,9604000.0,
4041000.0,2701000.0,1741000.0,6979000.0,3473000.0,1015000.0,2088000.0,1424000.0,1282000.0,9984000.0,9659000.0,
4091000.0,2694000.0,1745000.0,6992000.0,3441000.0,1021000.0,2082000.0,1445000.0,1359000.0,9985000.0,9602000.0,
4058000.0,2692000.0,1748000.0,6998000.0,3441000.0,1021000.0,2082000.0,1534000.0,1269000.0,9985000.0,9602000.0,
4131000.0,2690000.0,1753000.0,6988000.0,3441000.0,1037000.0,2085000.0,1527000.0,1270000.0,1.002E7,9521000.0,
4101000.0,2694000.0,1754000.0,6983000.0,3441000.0,1046000.0,2090000.0,1526000.0,1486000.0,9894000.0,9521000.0,
4086000.0,2691000.0,1757000.0,6972000.0,3406000.0,1053000.0,2083000.0,1526000.0,1486000.0,9894000.0,9557000.0,
3892000.0,2691000.0,1758000.0,7151000.0,3383000.0,1053000.0,2083000.0,1537000.0,1535000.0,9883000.0,9579000.0,
3861000.0,2688000.0,1764000.0,7173000.0,3383000.0,1053000.0,2107000.0,1513000.0,1648000.0,9771000.0,9579000.0,
3831000.0,2688000.0,1765000.0,7186000.0,3383000.0,1066000.0,2094000.0,1560000.0,1640000.0,9780000.0,9579000.0,
3798000.0,2675000.0,1765000.0,7188000.0,3373000.0,1060000.0,2093000.0,1560000.0,1770000.0,9650000.0,9597000.0,
3760000.0,2664000.0,1767000.0,7194000.0,3373000.0,1060000.0,2140000.0,1532000.0,1751000.0,9698000.0,9597000.0,
3752000.0,2662000.0,1772000.0,7179000.0,3436000.0,996800.0,2140000.0,1538000.0,1745000.0,9747000.0,9597000.0,
3670000.0,2661000.0,1775000.0,7240000.0,3411000.0,1006000.0,2144000.0,1538000.0,1732000.0,9747000.0,9622000.0,
3718000.0,2667000.0,1777000.0,7235000.0,3217000.0,1006000.0,2150000.0,1532000.0,1823000.0,9655000.0,9745000.0,
3692000.0,2675000.0,1780000.0,7224000.0,3201000.0,1010000.0,2139000.0,1532000.0,1823000.0,9655000.0,9769000.0,
3681000.0,2671000.0,1784000.0,7210000.0,3201000.0,1010000.0,2145000.0,1526000.0,1823000.0,9655000.0,9769000.0,
3877000.0,2665000.0,1792000.0,7200000.0,3172000.0,1016000.0,2138000.0,1538000.0,2004000.0,9462000.0,9595000.0,
3940000.0,2661000.0,1783000.0,7185000.0,3148000.0,1015000.0,2140000.0,1530000.0,2004000.0,9462000.0,9560000.0,
3936000.0,2656000.0,1786000.0,7156000.0,3118000.0,1015000.0,2140000.0,1530000.0,2004000.0,9462000.0,9590000.0,
3919000.0,2655000.0,1788000.0,7163000.0,3001000.0,1015000.0,2160000.0,1619000.0,1895000.0,9509000.0,9707000.0,
4119000.0,2654000.0,1795000.0,7176000.0,2949000.0,1039000.0,2136000.0,1619000.0,1895000.0,9509000.0,9514000.0,
4084000.0,2652000.0,1801000.0,7183000.0,2944000.0,1023000.0,2148000.0,1659000.0,1837000.0,9509000.0,9541000.0,
4077000.0,2645000.0,1808000.0,7179000.0,2950000.0,1022000.0,2143000.0,1706000.0,1790000.0,9605000.0,9541000.0,
4065000.0,2638000.0,1796000.0,7179000.0,2950000.0,1043000.0,2130000.0,1697000.0,1960000.0,9435000.0,9557000.0,
3992000.0,2637000.0,1800000.0,7208000.0,2933000.0,1055000.0,2155000.0,1678000.0,1943000.0,9435000.0,9575000.0,
3984000.0,2628000.0,1786000.0,7203000.0,2908000.0,1055000.0,2174000.0,1678000.0,1923000.0,9482000.0,9616000.0,
4095000.0,2635000.0,1787000.0,7206000.0,2887000.0,1055000.0,2174000.0,1678000.0,1923000.0,9482000.0,9496000.0,
4076000.0,2635000.0,1794000.0,7197000.0,2871000.0,1050000.0,2183000.0,1669000.0,1923000.0,9482000.0,9518000.0,
4061000.0,2635000.0,1799000.0,7192000.0,2871000.0,1050000.0,2191000.0,1662000.0,1923000.0,9482000.0,9518000.0,
4033000.0,2637000.0,1802000.0,7199000.0,2841000.0,1044000.0,2185000.0,1671000.0,1913000.0,9529000.0,9560000.0,
4010000.0,2615000.0,1789000.0,7205000.0,2816000.0,1047000.0,2181000.0,1682000.0,1902000.0,9529000.0,9599000.0,
3989000.0,2612000.0,1793000.0,7205000.0,2777000.0,1047000.0,2181000.0,1694000.0,1890000.0,9529000.0,9638000.0,
3957000.0,2642000.0,1794000.0,7205000.0,3097000.0,728100.0,2190000.0,1696000.0,1879000.0,9577000.0,9638000.0,
4044000.0,2638000.0,1798000.0,7201000.0,3097000.0,734700.0,2184000.0,1696000.0,1879000.0,9577000.0,9535000.0,
4035000.0,2632000.0,1801000.0,7192000.0,3095000.0,728700.0,2177000.0,1696000.0,1879000.0,9625000.0,9549000.0,
3969000.0,2643000.0,1782000.0,7227000.0,3095000.0,728700.0,2177000.0,1696000.0,1879000.0,9625000.0,9569000.0,
3966000.0,2643000.0,1785000.0,7227000.0,3074000.0,728700.0,2177000.0,1710000.0,1865000.0,9673000.0,9589000.0,
3955000.0,2641000.0,1789000.0,7221000.0,3085000.0,724700.0,2171000.0,1710000.0,2023000.0,9515000.0,9589000.0,
3943000.0,2642000.0,1789000.0,7216000.0,3062000.0,730700.0,2165000.0,1794000.0,1939000.0,9515000.0,9612000.0,
3925000.0,2640000.0,1790000.0,7221000.0,3062000.0,736700.0,2159000.0,1824000.0,1909000.0,9515000.0,9612000.0,
3920000.0,2643000.0,1792000.0,7211000.0,3048000.0,2121000.0,798600.0,1824000.0,1885000.0,9562000.0,9626000.0,
3887000.0,2663000.0,1793000.0,7191000.0,3017000.0,2132000.0,787800.0,1874000.0,1834000.0,9562000.0,9657000.0,
4019000.0,2657000.0,1800000.0,7191000.0,2994000.0,2113000.0,787800.0,1901000.0,1808000.0,9610000.0,9561000.0,
4016000.0,2656000.0,1803000.0,7186000.0,2970000.0,2113000.0,787800.0,1914000.0,1795000.0,9658000.0,9585000.0,
4016000.0,2652000.0,1782000.0,7178000.0,2970000.0,2113000.0,968700.0,1748000.0,1779000.0,9658000.0,9610000.0,
4013000.0,2650000.0,1785000.0,7151000.0,2947000.0,2119000.0,962600.0,1821000.0,1707000.0,9658000.0,9633000.0,
4007000.0,2647000.0,1788000.0,7146000.0,2912000.0,2125000.0,1342000.0,1445000.0,1697000.0,9707000.0,9668000.0,
3999000.0,2637000.0,1791000.0,7126000.0,2917000.0,2127000.0,1345000.0,1436000.0,1697000.0,9707000.0,9668000.0,
4131000.0,2630000.0,1794000.0,7142000.0,2917000.0,2133000.0,1345000.0,1483000.0,1731000.0,9717000.0,9513000.0,
4105000.0,2617000.0,1798000.0,7168000.0,2859000.0,2166000.0,1317000.0,1557000.0,1704000.0,9664000.0,9571000.0,
4085000.0,2617000.0,1803000.0,7168000.0,2834000.0,2179000.0,1310000.0,1580000.0,1675000.0,9712000.0,9596000.0,
4076000.0,2620000.0,1804000.0,7163000.0,2818000.0,2187000.0,1303000.0,1643000.0,1612000.0,9712000.0,9611000.0,
4069000.0,2619000.0,1807000.0,7163000.0,2823000.0,2190000.0,1295000.0,1655000.0,1600000.0,9712000.0,9611000.0,
4040000.0,2619000.0,1810000.0,7189000.0,2823000.0,2190000.0,1295000.0,1673000.0,1582000.0,9761000.0,9611000.0,
4024000.0,2616000.0,1793000.0,7189000.0,2829000.0,2190000.0,1295000.0,1705000.0,1544000.0,9761000.0,9631000.0,
4068000.0,2624000.0,1785000.0,7184000.0,2829000.0,2190000.0,1306000.0,1731000.0,1546000.0,9721000.0,9559000.0,
4031000.0,2614000.0,1786000.0,7190000.0,2813000.0,2190000.0,1328000.0,1709000.0,1546000.0,9770000.0,9574000.0,
4087000.0,2617000.0,1791000.0,7190000.0,2765000.0,2201000.0,1309000.0,1730000.0,1644000.0,9699000.0,9548000.0,
4084000.0,2616000.0,1770000.0,7190000.0,2743000.0,2201000.0,1315000.0,1742000.0,1931000.0,9492000.0,9593000.0,
4051000.0,2611000.0,1731000.0,7210000.0,2728000.0,2201000.0,1325000.0,1732000.0,1931000.0,9539000.0,9654000.0,
4028000.0,2608000.0,1719000.0,7201000.0,2709000.0,2201000.0,1325000.0,1794000.0,1868000.0,9587000.0,9686000.0,
4015000.0,2608000.0,1722000.0,7201000.0,2722000.0,2189000.0,1330000.0,1789000.0,1868000.0,9587000.0,9686000.0,
3939000.0,2593000.0,1705000.0,7276000.0,2722000.0,2196000.0,1329000.0,1794000.0,1857000.0,9635000.0,9708000.0,
3994000.0,2591000.0,1710000.0,7292000.0,2725000.0,2193000.0,1344000.0,1801000.0,1866000.0,9603000.0,9624000.0,
3978000.0,2593000.0,1713000.0,7287000.0,2709000.0,2205000.0,1332000.0,1835000.0,1832000.0,9603000.0,9640000.0,
3961000.0,2588000.0,1721000.0,7273000.0,2698000.0,2230000.0,1309000.0,1858000.0,1801000.0,9651000.0,9657000.0,
3954000.0,2590000.0,1726000.0,7268000.0,2675000.0,2236000.0,1303000.0,1973000.0,1686000.0,9699000.0,9680000.0,
4169000.0,2588000.0,1730000.0,7268000.0,3027000.0,1844000.0,1303000.0,1991000.0,1741000.0,9674000.0,9498000.0,
4154000.0,2595000.0,1732000.0,7259000.0,3011000.0,1866000.0,1281000.0,2030000.0,1702000.0,9723000.0,9513000.0,
4114000.0,2594000.0,1734000.0,7272000.0,2999000.0,2597000.0,550000.0,2030000.0,1785000.0,9640000.0,9526000.0,
4089000.0,2580000.0,1734000.0,7265000.0,2981000.0,2611000.0,543600.0,2129000.0,1678000.0,9640000.0,9544000.0,
4082000.0,2569000.0,1736000.0,7248000.0,2950000.0,2611000.0,543600.0,2166000.0,1708000.0,9669000.0,9583000.0,
4046000.0,2584000.0,1733000.0,7231000.0,2932000.0,2606000.0,553000.0,2170000.0,1694000.0,9718000.0,9603000.0,
4005000.0,2588000.0,1737000.0,7259000.0,2907000.0,2614000.0,545100.0,2170000.0,1694000.0,9718000.0,9628000.0,
3988000.0,2587000.0,1741000.0,7258000.0,2907000.0,2668000.0,490900.0,2170000.0,1694000.0,9718000.0,9628000.0,
3979000.0,2588000.0,1744000.0,7253000.0,2907000.0,2680000.0,488800.0,2171000.0,1684000.0,9718000.0,9628000.0,
3935000.0,2592000.0,1746000.0,7256000.0,2907000.0,2701000.0,477100.0,2192000.0,1653000.0,9718000.0,9628000.0,
3991000.0,2591000.0,1748000.0,7282000.0,2907000.0,2709000.0,469500.0,2208000.0,1645000.0,9758000.0,9529000.0,
3871000.0,2580000.0,1747000.0,7370000.0,2936000.0,2679000.0,475500.0,2234000.0,1613000.0,9758000.0,9529000.0,
3859000.0,2582000.0,1753000.0,7370000.0,2923000.0,2681000.0,476900.0,2256000.0,1581000.0,9758000.0,9548000.0,
3853000.0,2586000.0,1754000.0,7370000.0,2923000.0,2693000.0,474900.0,2246000.0,1581000.0,9758000.0,9548000.0,
3845000.0,2585000.0,1757000.0,7366000.0,2904000.0,2699000.0,478300.0,2263000.0,1640000.0,9672000.0,9568000.0,
3825000.0,2589000.0,1759000.0,7356000.0,2904000.0,2699000.0,478300.0,2285000.0,1618000.0,9672000.0,9568000.0,
3816000.0,2589000.0,1763000.0,7356000.0,2909000.0,2701000.0,481400.0,2274000.0,1618000.0,9769000.0,9568000.0,
3783000.0,2596000.0,1765000.0,7370000.0,2909000.0,2701000.0,481400.0,2274000.0,1618000.0,9867000.0,9568000.0,
3766000.0,2605000.0,1768000.0,7335000.0,2892000.0,2701000.0,481400.0,2329000.0,1564000.0,9916000.0,9585000.0,
3737000.0,2607000.0,1771000.0,7333000.0,2981000.0,2619000.0,491600.0,2338000.0,1537000.0,9916000.0,9585000.0,
3711000.0,2607000.0,1759000.0,7307000.0,2999000.0,2609000.0,491000.0,2332000.0,1537000.0,9966000.0,9599000.0,
3704000.0,2610000.0,1762000.0,7283000.0,2999000.0,2609000.0,491000.0,2362000.0,1621000.0,9851000.0,9599000.0,
3870000.0,2617000.0,1753000.0,7243000.0,3005000.0,2602000.0,859900.0,2075000.0,1574000.0,9914000.0,9435000.0,
3854000.0,2616000.0,1754000.0,7228000.0,2988000.0,2602000.0,859900.0,2158000.0,1492000.0,9964000.0,9452000.0,
3848000.0,2610000.0,1757000.0,7213000.0,2994000.0,2657000.0,799300.0,2171000.0,1517000.0,9925000.0,9452000.0,
3646000.0,2598000.0,1760000.0,7358000.0,2994000.0,2664000.0,801000.0,2162000.0,1517000.0,9925000.0,9452000.0,
3637000.0,2600000.0,1760000.0,7324000.0,2990000.0,2658000.0,795000.0,2197000.0,1482000.0,9925000.0,9469000.0,
3631000.0,2601000.0,1760000.0,7309000.0,4304000.0,1311000.0,795000.0,2219000.0,1539000.0,9945000.0,9502000.0,
3605000.0,2607000.0,1746000.0,7319000.0,4304000.0,1311000.0,816200.0,2198000.0,1538000.0,9945000.0,9518000.0,
3599000.0,2607000.0,1727000.0,7297000.0,4269000.0,1311000.0,816200.0,2284000.0,1452000.0,9945000.0,9575000.0,
3590000.0,2598000.0,1716000.0,7292000.0,4269000.0,1317000.0,810100.0,2329000.0,1407000.0,9945000.0,9589000.0,
3760000.0,2606000.0,1720000.0,7277000.0,4256000.0,1317000.0,810100.0,2353000.0,1548000.0,9780000.0,9419000.0,
3747000.0,2606000.0,1723000.0,7262000.0,4217000.0,1317000.0,810100.0,2396000.0,1619000.0,9666000.0,9458000.0,
3719000.0,2591000.0,1728000.0,7264000.0,4201000.0,1713000.0,408000.0,2440000.0,1575000.0,9666000.0,9480000.0,
3687000.0,2593000.0,1709000.0,7278000.0,4157000.0,1699000.0,412800.0,2455000.0,1555000.0,9666000.0,9563000.0,
3670000.0,2591000.0,1712000.0,7280000.0,4144000.0,1699000.0,418900.0,2467000.0,1672000.0,9532000.0,9575000.0,
3658000.0,2600000.0,1713000.0,7260000.0,4122000.0,1699000.0,418900.0,2478000.0,1660000.0,9532000.0,9598000.0,
3498000.0,2609000.0,1719000.0,7386000.0,4051000.0,1706000.0,418900.0,2486000.0,1646000.0,9532000.0,9668000.0,
3489000.0,2605000.0,1721000.0,7372000.0,3970000.0,1713000.0,417300.0,2502000.0,1624000.0,9532000.0,9750000.0,
3443000.0,2597000.0,1727000.0,7512000.0,3912000.0,1719000.0,411300.0,2512000.0,1614000.0,9579000.0,9700000.0,
3421000.0,2609000.0,1731000.0,7489000.0,3740000.0,1731000.0,399200.0,2527000.0,1599000.0,9579000.0,9873000.0,
3662000.0,2609000.0,1733000.0,7475000.0,3639000.0,1737000.0,399200.0,2533000.0,1587000.0,9579000.0,9720000.0,
3654000.0,2607000.0,1737000.0,7460000.0,3614000.0,1737000.0,399200.0,2533000.0,1587000.0,9627000.0,9745000.0,
3648000.0,2609000.0,1740000.0,7446000.0,3594000.0,1737000.0,405300.0,2538000.0,1576000.0,9627000.0,9764000.0,
3833000.0,2609000.0,1743000.0,7432000.0,3551000.0,1737000.0,405300.0,2584000.0,1565000.0,9592000.0,9603000.0,
3987000.0,2600000.0,1746000.0,7417000.0,3483000.0,1737000.0,405300.0,2606000.0,1543000.0,9640000.0,9503000.0,
3960000.0,2597000.0,1750000.0,7412000.0,3434000.0,1737000.0,411300.0,2600000.0,1543000.0,9640000.0,9552000.0,
3931000.0,2597000.0,1755000.0,7402000.0,3400000.0,1737000.0,421900.0,2647000.0,1595000.0,9531000.0,9586000.0,
3902000.0,2602000.0,1757000.0,7396000.0,3324000.0,1762000.0,397000.0,2657000.0,1584000.0,9531000.0,9662000.0,
3869000.0,2602000.0,1763000.0,7382000.0,3324000.0,1762000.0,420300.0,2644000.0,1574000.0,9531000.0,9662000.0,
3819000.0,2593000.0,1766000.0,7392000.0,3244000.0,1760000.0,442400.0,2656000.0,1540000.0,9531000.0,9743000.0,
3796000.0,2595000.0,1768000.0,7382000.0,3229000.0,1754000.0,442400.0,2656000.0,1540000.0,9531000.0,9764000.0,
3844000.0,2593000.0,1737000.0,7397000.0,3210000.0,1754000.0,448500.0,2655000.0,1528000.0,9531000.0,9749000.0,
3832000.0,2592000.0,1740000.0,7378000.0,4480000.0,457300.0,466100.0,2657000.0,1503000.0,9626000.0,9781000.0,
3826000.0,2587000.0,1745000.0,7368000.0,4463000.0,658900.0,292700.0,2659000.0,1468000.0,9674000.0,9803000.0,
4013000.0,2582000.0,1751000.0,7374000.0,4446000.0,658900.0,307000.0,2660000.0,1531000.0,9596000.0,9607000.0,
3978000.0,2577000.0,1758000.0,7351000.0,4400000.0,658900.0,307000.0,2677000.0,1514000.0,9596000.0,9653000.0,
4138000.0,2577000.0,1760000.0,7347000.0,4384000.0,658900.0,301000.0,2702000.0,1489000.0,9644000.0,9491000.0,
4111000.0,2588000.0,1747000.0,7317000.0,4333000.0,658900.0,301000.0,2716000.0,1516000.0,9602000.0,9557000.0,
4104000.0,2589000.0,1749000.0,7297000.0,4308000.0,658900.0,310400.0,2707000.0,1516000.0,9602000.0,9582000.0,
4090000.0,2573000.0,1754000.0,7302000.0,4241000.0,687900.0,281400.0,2707000.0,1516000.0,9602000.0,9649000.0,
4130000.0,2570000.0,1755000.0,7302000.0,4233000.0,688700.0,293400.0,2754000.0,1488000.0,9565000.0,9593000.0,
4124000.0,2563000.0,1738000.0,7287000.0,4183000.0,693500.0,288600.0,2779000.0,1463000.0,9565000.0,9663000.0,
4231000.0,2556000.0,1741000.0,7268000.0,4154000.0,687800.0,300800.0,2792000.0,1438000.0,9565000.0,9578000.0,
4426000.0,2555000.0,1725000.0,7253000.0,4456000.0,288300.0,294800.0,2886000.0,1393000.0,9558000.0,9486000.0,
4364000.0,2552000.0,1730000.0,7262000.0,4421000.0,288300.0,300800.0,2943000.0,1330000.0,9558000.0,9521000.0,
4335000.0,2545000.0,1720000.0,7255000.0,4408000.0,283500.0,300800.0,3103000.0,1170000.0,9558000.0,9551000.0,
4297000.0,2555000.0,1693000.0,7255000.0,4390000.0,278700.0,318700.0,3127000.0,1128000.0,9558000.0,9604000.0,
4352000.0,2551000.0,1693000.0,7244000.0,4334000.0,278700.0,329600.0,3129000.0,1115000.0,9558000.0,9585000.0,
4312000.0,2553000.0,1673000.0,7237000.0,4310000.0,272600.0,345100.0,3127000.0,1101000.0,9558000.0,9639000.0,
4315000.0,2556000.0,1676000.0,7248000.0,4293000.0,272600.0,357200.0,3115000.0,1101000.0,9558000.0,9610000.0,
4264000.0,2559000.0,1676000.0,7262000.0,4293000.0,278700.0,357200.0,3201000.0,1009000.0,9558000.0,9610000.0,
4242000.0,2558000.0,1659000.0,7258000.0,4281000.0,278700.0,369200.0,3220000.0,977600.0,9558000.0,9641000.0,
4228000.0,2552000.0,1645000.0,7248000.0,4239000.0,278700.0,369200.0,3261000.0,936800.0,9558000.0,9702000.0,
4216000.0,2542000.0,1633000.0,7248000.0,4239000.0,291400.0,378500.0,3250000.0,925700.0,9606000.0,9721000.0,
4207000.0,2543000.0,1636000.0,7248000.0,4217000.0,291400.0,390600.0,3253000.0,911300.0,9654000.0,9743000.0,
4194000.0,2552000.0,1639000.0,7243000.0,4223000.0,285300.0,390600.0,3284000.0,880300.0,9702000.0,9743000.0,
4364000.0,2565000.0,1641000.0,7233000.0,4223000.0,289200.0,386700.0,3284000.0,1031000.0,9599000.0,9544000.0,
4309000.0,2566000.0,1642000.0,7215000.0,4350000.0,162500.0,386700.0,3284000.0,1031000.0,9647000.0,9544000.0,
4279000.0,2572000.0,1650000.0,7195000.0,4350000.0,162500.0,399200.0,3297000.0,1005000.0,9647000.0,9544000.0,
4225000.0,2568000.0,1657000.0,7194000.0,4254000.0,162500.0,399200.0,3363000.0,975100.0,9660000.0,9658000.0,
4257000.0,2572000.0,1659000.0,7199000.0,4164000.0,157700.0,399200.0,3375000.0,1068000.0,9554000.0,9684000.0,
4219000.0,2582000.0,1661000.0,7215000.0,4126000.0,162500.0,400400.0,3388000.0,1049000.0,9554000.0,9723000.0,
4305000.0,2581000.0,1665000.0,7231000.0,4103000.0,170500.0,392400.0,3388000.0,1049000.0,9602000.0,9631000.0,
4372000.0,2582000.0,1668000.0,7234000.0,4054000.0,184600.0,384300.0,3423000.0,1197000.0,9412000.0,9590000.0,
4339000.0,2581000.0,1671000.0,7241000.0,4054000.0,190600.0,378300.0,3423000.0,1197000.0,9412000.0,9590000.0,
4294000.0,2587000.0,1674000.0,7241000.0,4031000.0,190600.0,400000.0,3445000.0,1154000.0,9459000.0,9613000.0,
4489000.0,2597000.0,1675000.0,7225000.0,4031000.0,196700.0,856600.0,2982000.0,1154000.0,9602000.0,9388000.0,
4473000.0,2601000.0,1661000.0,7225000.0,4037000.0,195400.0,851800.0,3001000.0,1135000.0,9602000.0,9405000.0,
4459000.0,2580000.0,1659000.0,7215000.0,4037000.0,209300.0,849900.0,3001000.0,1123000.0,9602000.0,9405000.0,
4441000.0,2579000.0,1659000.0,7215000.0,4037000.0,221700.0,2677000.0,1168000.0,1117000.0,9602000.0,9405000.0,
4409000.0,2584000.0,1638000.0,7203000.0,4037000.0,226500.0,2672000.0,1246000.0,1039000.0,9602000.0,9429000.0,
4394000.0,2585000.0,1640000.0,7185000.0,4022000.0,234000.0,2670000.0,1268000.0,1011000.0,9602000.0,9444000.0,
4364000.0,2579000.0,1646000.0,7190000.0,4007000.0,240100.0,2682000.0,1262000.0,998400.0,9650000.0,9459000.0,
4227000.0,2561000.0,1652000.0,7319000.0,3998000.0,234000.0,2701000.0,1258000.0,984400.0,9650000.0,9474000.0,
4201000.0,2569000.0,1630000.0,7336000.0,3998000.0,234000.0,2707000.0,1284000.0,951900.0,9650000.0,9497000.0,
4192000.0,2566000.0,1637000.0,7331000.0,3998000.0,234000.0,2707000.0,1295000.0,940900.0,9650000.0,9497000.0,
4174000.0,2570000.0,1636000.0,7326000.0,3998000.0,233900.0,2731000.0,1271000.0,940800.0,9650000.0,9497000.0,
4146000.0,2586000.0,1637000.0,7326000.0,3949000.0,233900.0,2746000.0,1256000.0,940800.0,9698000.0,9547000.0,
4134000.0,2586000.0,1639000.0,7326000.0,3949000.0,233900.0,2761000.0,1251000.0,930700.0,9747000.0,9547000.0,
4125000.0,2591000.0,1636000.0,7322000.0,3955000.0,227800.0,2777000.0,1235000.0,1101000.0,9576000.0,9554000.0,
4116000.0,2590000.0,1641000.0,7312000.0,3930000.0,227800.0,2777000.0,1241000.0,1095000.0,9576000.0,9579000.0,
4099000.0,2600000.0,1626000.0,7274000.0,3978000.0,188000.0,2779000.0,1243000.0,1083000.0,9624000.0,9594000.0,
4071000.0,2596000.0,1629000.0,7288000.0,3978000.0,188000.0,2779000.0,1265000.0,1060000.0,9624000.0,9594000.0,
4059000.0,2595000.0,1633000.0,7288000.0,3955000.0,188000.0,2785000.0,1259000.0,1060000.0,9672000.0,9617000.0,
4103000.0,2614000.0,1638000.0,7293000.0,3938000.0,180900.0,2785000.0,1281000.0,1214000.0,9592000.0,9557000.0,
4079000.0,2609000.0,1629000.0,7283000.0,3938000.0,180900.0,2794000.0,1286000.0,1200000.0,9592000.0,9569000.0,
4066000.0,2606000.0,1630000.0,7268000.0,3938000.0,180900.0,2794000.0,1286000.0,1200000.0,9592000.0,9569000.0,
3933000.0,2621000.0,1631000.0,7320000.0,3938000.0,180900.0,2800000.0,1280000.0,1200000.0,9640000.0,9569000.0,
3922000.0,2617000.0,1633000.0,7318000.0,3914000.0,180900.0,2800000.0,1286000.0,1267000.0,9566000.0,9593000.0,
4006000.0,2619000.0,1623000.0,7304000.0,3871000.0,180900.0,2812000.0,1275000.0,1267000.0,9566000.0,9543000.0,
3991000.0,2628000.0,1623000.0,7290000.0,3852000.0,180900.0,2812000.0,1275000.0,1267000.0,9614000.0,9563000.0,
3968000.0,2628000.0,1628000.0,7298000.0,3898000.0,154500.0,2792000.0,1292000.0,1250000.0,9662000.0,9563000.0,
3819000.0,2625000.0,1630000.0,7443000.0,3898000.0,154500.0,2792000.0,1319000.0,1224000.0,9710000.0,9563000.0,
3789000.0,2630000.0,1629000.0,7453000.0,3866000.0,160500.0,2780000.0,1368000.0,1174000.0,9710000.0,9601000.0,
3930000.0,2630000.0,1630000.0,7468000.0,3878000.0,154500.0,2786000.0,1356000.0,1203000.0,9681000.0,9430000.0,
3878000.0,2629000.0,1632000.0,7488000.0,3878000.0,1598000.0,1342000.0,1481000.0,1078000.0,9681000.0,9430000.0,
3731000.0,2627000.0,1635000.0,7620000.0,3834000.0,1598000.0,1342000.0,1498000.0,1061000.0,9681000.0,9473000.0,
3702000.0,2622000.0,1638000.0,7597000.0,3795000.0,1604000.0,1336000.0,1509000.0,1051000.0,9681000.0,9512000.0,
3677000.0,2613000.0,1642000.0,7617000.0,3774000.0,1610000.0,1339000.0,1531000.0,1019000.0,9729000.0,9533000.0,
3595000.0,2614000.0,1646000.0,7643000.0,3753000.0,1616000.0,1333000.0,1543000.0,1007000.0,9729000.0,9554000.0,
3585000.0,2608000.0,1653000.0,7618000.0,3753000.0,1622000.0,1333000.0,1564000.0,979900.0,9729000.0,9554000.0,
3563000.0,2607000.0,1656000.0,7601000.0,3765000.0,1616000.0,1336000.0,1556000.0,979900.0,9827000.0,9554000.0,
3525000.0,2603000.0,1660000.0,7588000.0,3771000.0,1610000.0,1336000.0,1566000.0,969500.0,9827000.0,9577000.0,
3500000.0,2598000.0,1664000.0,7588000.0,3771000.0,1616000.0,1336000.0,1571000.0,1027000.0,9759000.0,9577000.0,
3669000.0,2600000.0,1641000.0,7588000.0,3776000.0,1611000.0,1347000.0,1683000.0,960300.0,9750000.0,9423000.0,
3659000.0,2596000.0,1645000.0,7583000.0,3765000.0,1595000.0,1356000.0,1675000.0,1092000.0,9667000.0,9450000.0,
3624000.0,2593000.0,1636000.0,7602000.0,3724000.0,1600000.0,1351000.0,1675000.0,1092000.0,9716000.0,9505000.0,
3608000.0,2585000.0,1639000.0,7577000.0,3686000.0,1750000.0,1210000.0,1666000.0,1167000.0,9640000.0,9543000.0,
3578000.0,2591000.0,1645000.0,7555000.0,3686000.0,1754000.0,1206000.0,1729000.0,1103000.0,9737000.0,9543000.0,
3576000.0,2591000.0,1635000.0,7515000.0,3686000.0,1754000.0,1206000.0,1729000.0,1150000.0,9739000.0,9555000.0,
3567000.0,2592000.0,1638000.0,7485000.0,3686000.0,1754000.0,1211000.0,1747000.0,1127000.0,9739000.0,9555000.0,
3552000.0,2598000.0,1641000.0,7480000.0,3686000.0,1760000.0,1205000.0,1759000.0,1124000.0,9878000.0,9555000.0,
3531000.0,2594000.0,1648000.0,7489000.0,3671000.0,1766000.0,1205000.0,1775000.0,1102000.0,9927000.0,9571000.0,
3491000.0,2590000.0,1650000.0,7510000.0,3671000.0,1766000.0,1205000.0,1785000.0,1174000.0,9844000.0,9571000.0,
3477000.0,2595000.0,1655000.0,7490000.0,3635000.0,1766000.0,1205000.0,1820000.0,1234000.0,9749000.0,9607000.0,
3604000.0,2597000.0,1659000.0,7480000.0,3635000.0,2249000.0,731200.0,1810000.0,1266000.0,9717000.0,9473000.0,
3546000.0,2611000.0,1660000.0,7508000.0,3618000.0,2249000.0,731200.0,1810000.0,1402000.0,9580000.0,9490000.0,
3423000.0,2617000.0,1662000.0,7602000.0,3593000.0,2249000.0,731200.0,1810000.0,1402000.0,9580000.0,9515000.0,
3384000.0,2615000.0,1667000.0,7609000.0,3575000.0,2249000.0,736000.0,1820000.0,1388000.0,9580000.0,9533000.0,
3375000.0,2614000.0,1656000.0,7594000.0,3581000.0,2243000.0,736000.0,1831000.0,1377000.0,9628000.0,9547000.0,
3357000.0,2620000.0,1659000.0,7584000.0,3564000.0,2249000.0,743100.0,1818000.0,1377000.0,9628000.0,9565000.0,
3335000.0,2616000.0,1665000.0,7588000.0,3545000.0,2243000.0,743100.0,1818000.0,1377000.0,9628000.0,9589000.0,
3522000.0,2604000.0,1666000.0,7583000.0,3531000.0,2244000.0,735800.0,1838000.0,1379000.0,9606000.0,9415000.0,
3401000.0,2602000.0,1670000.0,7687000.0,3537000.0,2238000.0,735800.0,1838000.0,1489000.0,9496000.0,9415000.0,
3356000.0,2605000.0,1673000.0,7716000.0,3520000.0,2238000.0,740600.0,1833000.0,1489000.0,9496000.0,9432000.0,
3307000.0,2605000.0,1674000.0,7744000.0,4697000.0,1072000.0,733900.0,1828000.0,1489000.0,9496000.0,9432000.0,
3300000.0,2600000.0,1681000.0,7740000.0,4697000.0,1082000.0,732200.0,1831000.0,1477000.0,9544000.0,9432000.0,
3290000.0,2593000.0,1689000.0,7723000.0,4703000.0,1076000.0,738300.0,1825000.0,1477000.0,9639000.0,9432000.0,
3282000.0,2596000.0,1692000.0,7720000.0,4664000.0,1070000.0,738200.0,1824000.0,1477000.0,9687000.0,9477000.0,
3273000.0,2597000.0,1695000.0,7700000.0,4647000.0,1070000.0,738200.0,1824000.0,1477000.0,9687000.0,9494000.0,
3255000.0,2597000.0,1698000.0,7685000.0,4647000.0,1070000.0,759100.0,1804000.0,1535000.0,9629000.0,9494000.0,
3243000.0,2594000.0,1699000.0,7679000.0,4647000.0,1070000.0,759100.0,1804000.0,1702000.0,9462000.0,9494000.0,
3231000.0,2596000.0,1703000.0,7670000.0,4653000.0,1070000.0,753000.0,1814000.0,1692000.0,9462000.0,9494000.0,
3227000.0,2599000.0,1705000.0,7665000.0,4653000.0,1070000.0,753000.0,1814000.0,1692000.0,9462000.0,9494000.0,
3159000.0,2601000.0,1706000.0,7700000.0,4630000.0,1074000.0,749100.0,1829000.0,1677000.0,9462000.0,9517000.0,
3130000.0,2610000.0,1710000.0,7680000.0,4630000.0,1081000.0,756000.0,1815000.0,1677000.0,9510000.0,9517000.0,
3121000.0,2603000.0,1715000.0,7636000.0,4617000.0,1081000.0,766800.0,1804000.0,1677000.0,9557000.0,9529000.0,
3104000.0,2593000.0,1712000.0,7586000.0,4617000.0,1081000.0,788800.0,1782000.0,1677000.0,9605000.0,9529000.0,
3084000.0,2579000.0,1691000.0,7571000.0,4602000.0,1094000.0,1955000.0,639100.0,1640000.0,9701000.0,9564000.0,
3055000.0,2573000.0,1681000.0,7582000.0,4602000.0,1094000.0,1955000.0,679500.0,1600000.0,9701000.0,9579000.0,
3124000.0,2571000.0,1685000.0,7564000.0,4564000.0,1100000.0,1949000.0,709100.0,1579000.0,9839000.0,9533000.0,
3099000.0,2566000.0,1673000.0,7561000.0,4564000.0,1100000.0,1955000.0,732000.0,1550000.0,9888000.0,9548000.0,
3089000.0,2566000.0,1674000.0,7555000.0,4549000.0,1100000.0,1961000.0,726000.0,1707000.0,9731000.0,9563000.0,
3076000.0,2563000.0,1678000.0,7533000.0,4531000.0,1383000.0,1704000.0,757100.0,1672000.0,9708000.0,9581000.0,
3062000.0,2568000.0,1681000.0,7533000.0,4480000.0,1389000.0,1704000.0,788800.0,1634000.0,9708000.0,9632000.0,
3104000.0,2582000.0,1665000.0,7528000.0,4480000.0,1395000.0,1708000.0,779100.0,1761000.0,9581000.0,9582000.0,
3093000.0,2576000.0,1674000.0,7506000.0,4454000.0,1395000.0,1708000.0,779100.0,1761000.0,9581000.0,9607000.0,
3173000.0,2571000.0,1680000.0,7487000.0,4454000.0,1399000.0,1704000.0,801600.0,1807000.0,9561000.0,9525000.0,
3127000.0,2569000.0,1682000.0,7518000.0,4445000.0,1393000.0,1704000.0,807700.0,1801000.0,9561000.0,9540000.0,
3112000.0,2571000.0,1685000.0,7523000.0,4375000.0,1393000.0,1710000.0,866400.0,1736000.0,9608000.0,9611000.0,
3105000.0,2572000.0,1686000.0,7513000.0,4331000.0,1406000.0,1697000.0,916300.0,1686000.0,9608000.0,9655000.0,
3236000.0,2571000.0,1670000.0,7510000.0,4319000.0,1426000.0,1677000.0,932800.0,1693000.0,9585000.0,9526000.0,
3224000.0,2567000.0,1675000.0,7516000.0,4278000.0,1432000.0,1677000.0,926800.0,1693000.0,9681000.0,9567000.0,
3203000.0,2564000.0,1678000.0,7486000.0,4173000.0,1442000.0,1673000.0,920700.0,1693000.0,9681000.0,9671000.0,
3302000.0,2571000.0,1680000.0,7482000.0,4104000.0,1454000.0,1661000.0,983100.0,1683000.0,9726000.0,9622000.0,
3394000.0,2564000.0,1684000.0,7477000.0,4056000.0,1458000.0,1651000.0,1014000.0,1676000.0,9702000.0,9577000.0,
3324000.0,2573000.0,1663000.0,7618000.0,3990000.0,1464000.0,1655000.0,1022000.0,1833000.0,9528000.0,9574000.0,
3387000.0,2589000.0,1616000.0,7588000.0,3910000.0,1473000.0,1644000.0,1086000.0,1769000.0,9528000.0,9613000.0,
3375000.0,2591000.0,1620000.0,7580000.0,3821000.0,1473000.0,1650000.0,1139000.0,1709000.0,9528000.0,9702000.0,
3344000.0,2585000.0,1623000.0,7598000.0,3800000.0,1485000.0,1638000.0,1151000.0,1697000.0,9528000.0,9722000.0,
3327000.0,2588000.0,1627000.0,7593000.0,3788000.0,1485000.0,1638000.0,1151000.0,1697000.0,9528000.0,9735000.0,
3456000.0,2585000.0,1630000.0,7580000.0,3752000.0,1514000.0,1610000.0,1163000.0,1685000.0,9575000.0,9623000.0,
3483000.0,2576000.0,1633000.0,7552000.0,3717000.0,1514000.0,1610000.0,1215000.0,1785000.0,9472000.0,9595000.0,
3475000.0,2571000.0,1591000.0,7537000.0,3665000.0,2632000.0,498200.0,1208000.0,1785000.0,9472000.0,9693000.0,
3635000.0,2566000.0,1596000.0,7533000.0,3628000.0,2638000.0,498200.0,1208000.0,1779000.0,9519000.0,9563000.0,
3622000.0,2556000.0,1599000.0,7530000.0,3556000.0,2648000.0,488200.0,1208000.0,1779000.0,9567000.0,9634000.0,
3698000.0,2542000.0,1587000.0,7520000.0,3493000.0,2648000.0,504900.0,1198000.0,1773000.0,9567000.0,9631000.0,
3800000.0,2541000.0,1595000.0,7498000.0,3493000.0,2654000.0,498900.0,1218000.0,1846000.0,9569000.0,9515000.0,
3775000.0,2541000.0,1595000.0,7477000.0,3481000.0,2648000.0,498900.0,1218000.0,2012000.0,9451000.0,9533000.0,
3755000.0,2547000.0,1596000.0,7435000.0,3457000.0,2636000.0,498800.0,1294000.0,1936000.0,9451000.0,9569000.0,
3728000.0,2549000.0,1600000.0,7421000.0,3428000.0,2626000.0,498800.0,1326000.0,1898000.0,9451000.0,9614000.0,
3744000.0,2551000.0,1582000.0,7433000.0,3415000.0,2626000.0,1223000.0,641400.0,1858000.0,9499000.0,9579000.0,
3699000.0,2552000.0,1586000.0,7434000.0,3393000.0,2631000.0,1218000.0,763000.0,1736000.0,9499000.0,9602000.0,
3677000.0,2553000.0,1587000.0,7419000.0,3341000.0,2613000.0,1223000.0,799700.0,1694000.0,9546000.0,9671000.0,
3644000.0,2551000.0,1592000.0,7417000.0,3324000.0,2818000.0,1012000.0,832000.0,1662000.0,9546000.0,9694000.0,
3635000.0,2552000.0,1595000.0,7403000.0,3319000.0,2805000.0,1018000.0,840000.0,1648000.0,9546000.0,9712000.0,
3616000.0,2550000.0,1599000.0,7400000.0,3864000.0,2243000.0,1018000.0,844100.0,1638000.0,9546000.0,9735000.0,
3706000.0,2547000.0,1602000.0,7395000.0,3841000.0,2243000.0,1018000.0,844100.0,1638000.0,9594000.0,9662000.0,
3704000.0,2549000.0,1578000.0,7390000.0,3847000.0,2237000.0,1038000.0,836400.0,1626000.0,9594000.0,9687000.0,
3780000.0,2544000.0,1581000.0,7400000.0,3832000.0,2237000.0,1053000.0,830200.0,1657000.0,9697000.0,9594000.0,
3772000.0,2537000.0,1586000.0,7365000.0,3836000.0,2224000.0,1064000.0,850700.0,1619000.0,9697000.0,9609000.0,
3898000.0,2541000.0,1576000.0,7330000.0,3825000.0,2218000.0,1064000.0,883600.0,1669000.0,9614000.0,9497000.0,
3859000.0,2539000.0,1581000.0,7331000.0,3792000.0,2218000.0,1080000.0,892000.0,1645000.0,9614000.0,9529000.0,
3849000.0,2534000.0,1574000.0,7330000.0,3775000.0,2230000.0,1074000.0,907100.0,1721000.0,9565000.0,9559000.0,
3834000.0,2542000.0,1576000.0,7330000.0,3775000.0,2234000.0,1070000.0,929700.0,1698000.0,9565000.0,9559000.0,
3822000.0,2549000.0,1581000.0,7320000.0,3722000.0,2240000.0,1074000.0,930100.0,1688000.0,9565000.0,9612000.0,
3971000.0,2555000.0,1587000.0,7305000.0,3722000.0,2240000.0,1074000.0,950200.0,1668000.0,9565000.0,9451000.0,
3948000.0,2548000.0,1589000.0,7307000.0,3730000.0,2238000.0,1068000.0,950200.0,1668000.0,9565000.0,9451000.0,
3899000.0,2552000.0,1591000.0,7319000.0,4058000.0,1867000.0,1076000.0,942200.0,1668000.0,9565000.0,9494000.0,
3875000.0,2569000.0,1570000.0,7317000.0,4036000.0,1873000.0,1070000.0,963300.0,1647000.0,9565000.0,9536000.0,
3868000.0,2567000.0,1575000.0,7313000.0,4042000.0,1872000.0,1065000.0,1008000.0,1629000.0,9586000.0,9536000.0,
3849000.0,2565000.0,1575000.0,7323000.0,4020000.0,1872000.0,1071000.0,1002000.0,1629000.0,9586000.0,9559000.0,
3803000.0,2562000.0,1575000.0,7323000.0,4007000.0,1872000.0,1071000.0,1001000.0,1628000.0,9683000.0,9571000.0,
3790000.0,2562000.0,1575000.0,7309000.0,3988000.0,1861000.0,1076000.0,1128000.0,1497000.0,9683000.0,9601000.0,
3947000.0,2569000.0,1578000.0,7338000.0,3882000.0,1867000.0,1070000.0,1139000.0,1533000.0,9684000.0,9487000.0,
3903000.0,2561000.0,1555000.0,7338000.0,3888000.0,1867000.0,1082000.0,1149000.0,1563000.0,9625000.0,9511000.0,
3897000.0,2559000.0,1555000.0,7330000.0,3893000.0,1862000.0,1101000.0,1130000.0,1563000.0,9625000.0,9511000.0,
3893000.0,2549000.0,1559000.0,7316000.0,3865000.0,1862000.0,1101000.0,1164000.0,1572000.0,9583000.0,9540000.0,
3891000.0,2543000.0,1562000.0,7296000.0,3841000.0,1868000.0,1095000.0,1164000.0,1572000.0,9630000.0,9563000.0,
3715000.0,2553000.0,1564000.0,7420000.0,3823000.0,1868000.0,1095000.0,1164000.0,1632000.0,9570000.0,9581000.0,
3698000.0,2553000.0,1563000.0,7413000.0,3823000.0,1874000.0,1089000.0,1194000.0,1602000.0,9570000.0,9581000.0,
3756000.0,2545000.0,1567000.0,7414000.0,3802000.0,1871000.0,1089000.0,1194000.0,1602000.0,9570000.0,9529000.0,
3745000.0,2544000.0,1562000.0,7403000.0,3752000.0,1868000.0,1089000.0,1223000.0,1641000.0,9549000.0,9592000.0,
3834000.0,2545000.0,1563000.0,7378000.0,3723000.0,1874000.0,1082000.0,1223000.0,1641000.0,9597000.0,9528000.0,
3806000.0,2540000.0,1568000.0,7386000.0,3700000.0,1882000.0,1083000.0,1334000.0,1522000.0,9645000.0,9552000.0,
3800000.0,2534000.0,1570000.0,7362000.0,3651000.0,1882000.0,1083000.0,1334000.0,1522000.0,9645000.0,9601000.0,
3767000.0,2529000.0,1550000.0,7372000.0,3650000.0,1882000.0,1083000.0,1379000.0,1477000.0,9645000.0,9624000.0,
3763000.0,2522000.0,1556000.0,7357000.0,3656000.0,1876000.0,1091000.0,1396000.0,1452000.0,9693000.0,9624000.0,
3795000.0,2515000.0,1559000.0,7381000.0,3584000.0,1891000.0,1075000.0,1408000.0,1579000.0,9548000.0,9645000.0,
3851000.0,2508000.0,1562000.0,7362000.0,3476000.0,1891000.0,1094000.0,1419000.0,1549000.0,9548000.0,9685000.0,
3848000.0,2503000.0,1565000.0,7352000.0,3407000.0,1898000.0,1081000.0,1425000.0,1543000.0,9548000.0,9759000.0,
3865000.0,2497000.0,1569000.0,7369000.0,3413000.0,1892000.0,1081000.0,1451000.0,1517000.0,9548000.0,9707000.0,
3859000.0,2500000.0,1572000.0,7364000.0,3329000.0,1912000.0,1061000.0,1451000.0,1517000.0,9548000.0,9792000.0,
3853000.0,2501000.0,1576000.0,7360000.0,3329000.0,1912000.0,1061000.0,1498000.0,1469000.0,9548000.0,9792000.0,
3992000.0,2501000.0,1581000.0,7370000.0,3322000.0,1906000.0,1080000.0,1480000.0,1469000.0,9548000.0,9635000.0,
4083000.0,2507000.0,1572000.0,7370000.0,3328000.0,1914000.0,1082000.0,1476000.0,1458000.0,9548000.0,9532000.0,
4077000.0,2504000.0,1577000.0,7370000.0,3327000.0,1906000.0,1076000.0,1650000.0,1284000.0,9596000.0,9548000.0,
4073000.0,2504000.0,1538000.0,7370000.0,3327000.0,2219000.0,761700.0,1661000.0,1273000.0,9596000.0,9591000.0,
4066000.0,2497000.0,1547000.0,7370000.0,3285000.0,2570000.0,420800.0,1662000.0,1262000.0,9596000.0,9633000.0,
4063000.0,2496000.0,1551000.0,7365000.0,3285000.0,2590000.0,400900.0,1692000.0,1232000.0,9596000.0,9633000.0,
4048000.0,2491000.0,1542000.0,7340000.0,3243000.0,2584000.0,400800.0,1704000.0,1220000.0,9596000.0,9695000.0,
4250000.0,2484000.0,1544000.0,7324000.0,3255000.0,2572000.0,411300.0,1740000.0,1312000.0,9553000.0,9488000.0,
4225000.0,2486000.0,1547000.0,7319000.0,3267000.0,2567000.0,424000.0,1720000.0,1312000.0,9553000.0,9488000.0,
4202000.0,2483000.0,1540000.0,7307000.0,3273000.0,2567000.0,418000.0,1743000.0,1288000.0,9553000.0,9502000.0,
4188000.0,2480000.0,1531000.0,7294000.0,3273000.0,2567000.0,428000.0,1757000.0,1264000.0,9553000.0,9516000.0,
4152000.0,2481000.0,1535000.0,7305000.0,3246000.0,2567000.0,428000.0,1785000.0,1236000.0,9553000.0,9539000.0,
4122000.0,2479000.0,1540000.0,7286000.0,3250000.0,2574000.0,439500.0,1761000.0,1236000.0,9601000.0,9539000.0,
4097000.0,2480000.0,1542000.0,7298000.0,3256000.0,2578000.0,452800.0,1738000.0,1236000.0,9649000.0,9539000.0,
4083000.0,2474000.0,1552000.0,7288000.0,3277000.0,2576000.0,443700.0,1781000.0,1251000.0,9630000.0,9539000.0,
4072000.0,2476000.0,1538000.0,7248000.0,3289000.0,2570000.0,437700.0,1804000.0,1228000.0,9630000.0,9557000.0,
4011000.0,2485000.0,1543000.0,7255000.0,3626000.0,2171000.0,443700.0,1827000.0,1343000.0,9534000.0,9619000.0,
3998000.0,2496000.0,1546000.0,7250000.0,3590000.0,2171000.0,452800.0,1818000.0,1343000.0,9534000.0,9655000.0,
4080000.0,2501000.0,1547000.0,7240000.0,3590000.0,2171000.0,452800.0,1818000.0,1343000.0,9581000.0,9567000.0,
4066000.0,2494000.0,1552000.0,7245000.0,3577000.0,2195000.0,429500.0,1824000.0,1337000.0,9629000.0,9580000.0,
3996000.0,2491000.0,1535000.0,7292000.0,3552000.0,2201000.0,423000.0,1852000.0,1333000.0,9606000.0,9627000.0,
3886000.0,2487000.0,1538000.0,7393000.0,3518000.0,2208000.0,416600.0,1863000.0,1321000.0,9606000.0,9662000.0,
3809000.0,2493000.0,1541000.0,7441000.0,3503000.0,2208000.0,425700.0,1932000.0,1244000.0,9606000.0,9676000.0,
4036000.0,2494000.0,1544000.0,7426000.0,3492000.0,2208000.0,425700.0,1932000.0,1269000.0,9580000.0,9452000.0,
4002000.0,2510000.0,1532000.0,7433000.0,3461000.0,2225000.0,418900.0,1953000.0,1238000.0,9580000.0,9495000.0,
3981000.0,2529000.0,1534000.0,7433000.0,3450000.0,2219000.0,427900.0,2025000.0,1156000.0,9676000.0,9513000.0,
3971000.0,2530000.0,1538000.0,7433000.0,3964000.0,1704000.0,432800.0,2117000.0,1081000.0,9703000.0,9513000.0,
3946000.0,2535000.0,1540000.0,7445000.0,4357000.0,1399000.0,359500.0,2113000.0,1101000.0,9721000.0,9513000.0,
3932000.0,2525000.0,1548000.0,7430000.0,4346000.0,1399000.0,368600.0,2126000.0,1203000.0,9693000.0,9525000.0,
3909000.0,2539000.0,1553000.0,7420000.0,4335000.0,1407000.0,360900.0,2156000.0,1173000.0,9693000.0,9536000.0,
3907000.0,2541000.0,1553000.0,7415000.0,4296000.0,1415000.0,359200.0,2150000.0,1173000.0,9693000.0,9575000.0,
3889000.0,2545000.0,1556000.0,7411000.0,4284000.0,1416000.0,351400.0,2150000.0,1227000.0,9639000.0,9593000.0,
3871000.0,2548000.0,1558000.0,7424000.0,4239000.0,1416000.0,361900.0,2150000.0,1217000.0,9639000.0,9638000.0,
3975000.0,2554000.0,1561000.0,7409000.0,4239000.0,1422000.0,355900.0,2161000.0,1363000.0,9579000.0,9520000.0,
3961000.0,2551000.0,1562000.0,7404000.0,4189000.0,1428000.0,349900.0,2161000.0,1363000.0,9579000.0,9570000.0,
3929000.0,2571000.0,1564000.0,7404000.0,4172000.0,1423000.0,355900.0,2155000.0,1422000.0,9616000.0,9593000.0,
3909000.0,2572000.0,1565000.0,7412000.0,4172000.0,1423000.0,361900.0,2247000.0,1323000.0,9616000.0,9593000.0,
3801000.0,2568000.0,1570000.0,7509000.0,4177000.0,1418000.0,385800.0,2223000.0,1368000.0,9668000.0,9593000.0,
3789000.0,2564000.0,1574000.0,7502000.0,4176000.0,1424000.0,391800.0,2211000.0,1368000.0,9668000.0,9593000.0,
3756000.0,2569000.0,1576000.0,7508000.0,4163000.0,1424000.0,397800.0,2303000.0,1270000.0,9668000.0,9605000.0,
3955000.0,2568000.0,1577000.0,7502000.0,4155000.0,1418000.0,431000.0,2291000.0,1310000.0,9603000.0,9421000.0,
3838000.0,2577000.0,1578000.0,7579000.0,4155000.0,1418000.0,431000.0,2304000.0,1297000.0,9651000.0,9421000.0,
3786000.0,2574000.0,1570000.0,7594000.0,4124000.0,1418000.0,431000.0,2304000.0,1433000.0,9563000.0,9465000.0,
3730000.0,2569000.0,1574000.0,7589000.0,4124000.0,1425000.0,423700.0,2304000.0,1433000.0,9563000.0,9465000.0,
3707000.0,2572000.0,1580000.0,7559000.0,4124000.0,1455000.0,393500.0,2336000.0,1401000.0,9563000.0,9465000.0,
3697000.0,2575000.0,1582000.0,7544000.0,4142000.0,1437000.0,802600.0,1997000.0,1415000.0,9527000.0,9465000.0,
3667000.0,2577000.0,1585000.0,7539000.0,4142000.0,1437000.0,802600.0,1997000.0,1415000.0,9527000.0,9465000.0,
3660000.0,2575000.0,1588000.0,7539000.0,4128000.0,1437000.0,808600.0,1985000.0,1415000.0,9527000.0,9485000.0,
3639000.0,2568000.0,1595000.0,7540000.0,4084000.0,1451000.0,795300.0,2007000.0,1393000.0,9575000.0,9529000.0,
3465000.0,2566000.0,1598000.0,7666000.0,4084000.0,1451000.0,801300.0,2070000.0,1370000.0,9576000.0,9550000.0,
3445000.0,2580000.0,1600000.0,7666000.0,4067000.0,1451000.0,807400.0,2064000.0,1370000.0,9576000.0,9568000.0,
3366000.0,2579000.0,1602000.0,7702000.0,4032000.0,1441000.0,807400.0,2064000.0,1370000.0,9624000.0,9634000.0,
3415000.0,2567000.0,1603000.0,7694000.0,4020000.0,1441000.0,803000.0,2070000.0,1438000.0,9549000.0,9591000.0,
3396000.0,2563000.0,1606000.0,7654000.0,4026000.0,1435000.0,802900.0,2103000.0,1405000.0,9549000.0,9591000.0,
3385000.0,2554000.0,1568000.0,7632000.0,4025000.0,1443000.0,794500.0,2119000.0,1390000.0,9549000.0,9630000.0,
3352000.0,2550000.0,1574000.0,7653000.0,4025000.0,1443000.0,794500.0,2143000.0,1365000.0,9549000.0,9630000.0,
3338000.0,2541000.0,1581000.0,7644000.0,4025000.0,1443000.0,794500.0,2193000.0,1315000.0,9549000.0,9630000.0,
3316000.0,2547000.0,1582000.0,7654000.0,4005000.0,1443000.0,803400.0,2196000.0,1303000.0,9549000.0,9651000.0,
3309000.0,2535000.0,1587000.0,7644000.0,3994000.0,1443000.0,808800.0,2192000.0,1293000.0,9549000.0,9671000.0,
3270000.0,2530000.0,1588000.0,7667000.0,3994000.0,1449000.0,802800.0,2192000.0,1293000.0,9549000.0,9671000.0,
3241000.0,2520000.0,1592000.0,7662000.0,3974000.0,1449000.0,808800.0,2186000.0,1293000.0,9549000.0,9691000.0,
3210000.0,2536000.0,1597000.0,7646000.0,3974000.0,1449000.0,808800.0,2195000.0,1284000.0,9597000.0,9691000.0,
3357000.0,2531000.0,1599000.0,7622000.0,3951000.0,1456000.0,801500.0,2220000.0,1259000.0,9597000.0,9548000.0,
3353000.0,2511000.0,1619000.0,7622000.0,3951000.0,1456000.0,807600.0,2224000.0,1249000.0,9597000.0,9548000.0,
3340000.0,2505000.0,1622000.0,7612000.0,4944000.0,439400.0,807600.0,2234000.0,1239000.0,9597000.0,9571000.0,
3300000.0,2503000.0,1626000.0,7625000.0,4937000.0,435400.0,801500.0,2234000.0,1239000.0,9597000.0,9589000.0,
3287000.0,2495000.0,1632000.0,7625000.0,4913000.0,435400.0,801500.0,2234000.0,1239000.0,9645000.0,9612000.0,
3444000.0,2498000.0,1634000.0,7623000.0,4872000.0,435400.0,801500.0,2309000.0,1180000.0,9677000.0,9474000.0,
3432000.0,2489000.0,1644000.0,7608000.0,4848000.0,435400.0,801500.0,2341000.0,1285000.0,9589000.0,9498000.0,
3376000.0,2488000.0,1650000.0,7635000.0,4848000.0,446300.0,790600.0,2350000.0,1276000.0,9636000.0,9498000.0,
3369000.0,2485000.0,1653000.0,7596000.0,4842000.0,446300.0,784500.0,2360000.0,1380000.0,9569000.0,9510000.0,
3351000.0,2494000.0,1656000.0,7582000.0,4822000.0,446300.0,784500.0,2407000.0,1334000.0,9569000.0,9531000.0,
3202000.0,2495000.0,1660000.0,7701000.0,4748000.0,434300.0,784500.0,2428000.0,1313000.0,9569000.0,9616000.0,
3254000.0,2482000.0,1662000.0,7676000.0,4748000.0,434300.0,784500.0,2428000.0,1313000.0,9617000.0,9555000.0,
3237000.0,2480000.0,1654000.0,7684000.0,4706000.0,434300.0,783000.0,2428000.0,1313000.0,9617000.0,9612000.0,
3308000.0,2480000.0,1657000.0,7684000.0,4661000.0,434300.0,783000.0,2440000.0,1336000.0,9582000.0,9572000.0,
3278000.0,2463000.0,1638000.0,7693000.0,4595000.0,434300.0,783000.0,2457000.0,1319000.0,9582000.0,9662000.0,
3249000.0,2464000.0,1643000.0,7711000.0,4552000.0,434300.0,801100.0,2489000.0,1269000.0,9630000.0,9705000.0,
3235000.0,2457000.0,1637000.0,7711000.0,4531000.0,434300.0,807100.0,2494000.0,1258000.0,9678000.0,9743000.0,
3196000.0,2464000.0,1638000.0,7706000.0,4465000.0,440400.0,801100.0,2540000.0,1212000.0,9678000.0,9809000.0,
3234000.0,2461000.0,1643000.0,7704000.0,4617000.0,264200.0,796200.0,2566000.0,1245000.0,9655000.0,9782000.0,
3198000.0,2454000.0,1645000.0,7694000.0,4521000.0,264200.0,810700.0,2552000.0,1245000.0,9703000.0,9878000.0,
3298000.0,2451000.0,1650000.0,7674000.0,4477000.0,758300.0,322700.0,2563000.0,1270000.0,9660000.0,9812000.0,
3271000.0,2450000.0,1653000.0,7664000.0,4480000.0,755200.0,322700.0,2589000.0,1244000.0,9660000.0,9812000.0,
3268000.0,2449000.0,1657000.0,7659000.0,4464000.0,761200.0,328600.0,2655000.0,1166000.0,9660000.0,9828000.0,
3260000.0,2450000.0,1662000.0,7647000.0,4478000.0,727000.0,334700.0,2676000.0,1139000.0,9708000.0,9847000.0,
3255000.0,2426000.0,1654000.0,7642000.0,4448000.0,734100.0,336100.0,2667000.0,1139000.0,9708000.0,9890000.0,
3230000.0,2414000.0,1656000.0,7651000.0,4420000.0,741300.0,328800.0,2678000.0,1128000.0,9708000.0,9916000.0,
3157000.0,2414000.0,1661000.0,7790000.0,4381000.0,747400.0,322700.0,2689000.0,1209000.0,9664000.0,9855000.0,
3146000.0,2411000.0,1666000.0,7774000.0,4367000.0,747400.0,322700.0,2689000.0,1209000.0,9664000.0,9870000.0,
3300000.0,2408000.0,1668000.0,7744000.0,4367000.0,747300.0,322700.0,2704000.0,1238000.0,9620000.0,9712000.0,
3399000.0,2407000.0,1670000.0,7719000.0,4311000.0,747300.0,328800.0,2709000.0,1370000.0,9478000.0,9657000.0,
3474000.0,2410000.0,1674000.0,7695000.0,4311000.0,747300.0,334800.0,2760000.0,1312000.0,9478000.0,9569000.0,
3470000.0,2394000.0,1680000.0,7690000.0,4329000.0,729200.0,334800.0,2760000.0,1312000.0,9478000.0,9569000.0,
3449000.0,2392000.0,1682000.0,7680000.0,4329000.0,729100.0,334700.0,2771000.0,1301000.0,9573000.0,9569000.0,
3432000.0,2389000.0,1687000.0,7660000.0,4329000.0,729100.0,353500.0,2774000.0,1280000.0,9621000.0,9569000.0,
3399000.0,2387000.0,1691000.0,7656000.0,4329000.0,729100.0,353500.0,2774000.0,1374000.0,9526000.0,9569000.0,
3191000.0,2385000.0,1694000.0,7853000.0,4284000.0,729100.0,370400.0,2768000.0,1363000.0,9526000.0,9614000.0,
3274000.0,2384000.0,1683000.0,7838000.0,4217000.0,729100.0,379200.0,2765000.0,1357000.0,9526000.0,9605000.0,
3264000.0,2389000.0,1687000.0,7829000.0,4204000.0,729100.0,389300.0,2755000.0,1357000.0,9526000.0,9617000.0,
3340000.0,2386000.0,1691000.0,7819000.0,4163000.0,733900.0,384500.0,2769000.0,1343000.0,9574000.0,9577000.0,
3331000.0,2376000.0,1700000.0,7819000.0,4163000.0,739900.0,378400.0,2769000.0,1343000.0,9574000.0,9577000.0,
3315000.0,2386000.0,1702000.0,7819000.0,4136000.0,742000.0,404500.0,2787000.0,1287000.0,9574000.0,9613000.0,
3407000.0,2384000.0,1704000.0,7819000.0,4127000.0,731100.0,410500.0,2781000.0,1287000.0,9574000.0,9541000.0,
3402000.0,2384000.0,1709000.0,7814000.0,4119000.0,731200.0,914400.0,2398000.0,1160000.0,9574000.0,9555000.0,
3399000.0,2383000.0,1712000.0,7766000.0,4118000.0,777800.0,867400.0,2479000.0,1078000.0,9574000.0,9555000.0,
3384000.0,2389000.0,1715000.0,7757000.0,4118000.0,791500.0,853600.0,2552000.0,1005000.0,9621000.0,9555000.0,
3373000.0,2384000.0,1720000.0,7763000.0,4118000.0,791500.0,853600.0,2552000.0,1005000.0,9670000.0,9555000.0,
3363000.0,2387000.0,1722000.0,7753000.0,4123000.0,786700.0,870500.0,2563000.0,1056000.0,9590000.0,9555000.0,
3346000.0,2389000.0,1724000.0,7762000.0,4123000.0,792700.0,864500.0,2578000.0,1042000.0,9638000.0,9555000.0,
3315000.0,2387000.0,1727000.0,7772000.0,4123000.0,792700.0,884600.0,2588000.0,1011000.0,9638000.0,9555000.0,
3305000.0,2385000.0,1732000.0,7743000.0,4099000.0,793900.0,878500.0,2633000.0,965800.0,9638000.0,9584000.0,
3294000.0,2388000.0,1736000.0,7733000.0,4085000.0,798800.0,879800.0,2642000.0,950900.0,9686000.0,9598000.0,
3281000.0,2390000.0,1741000.0,7728000.0,4085000.0,809600.0,881000.0,2701000.0,880500.0,9686000.0,9598000.0,
3264000.0,2392000.0,1741000.0,7723000.0,4071000.0,803600.0,893000.0,2702000.0,1005000.0,9596000.0,9618000.0,
3230000.0,2391000.0,1744000.0,7725000.0,4075000.0,799700.0,893000.0,2702000.0,1005000.0,9596000.0,9618000.0,
3412000.0,2388000.0,1750000.0,7710000.0,4054000.0,805700.0,901000.0,2710000.0,983000.0,9596000.0,9449000.0,
3389000.0,2389000.0,1752000.0,7705000.0,4046000.0,801800.0,901000.0,2728000.0,1121000.0,9488000.0,9461000.0,
3359000.0,2380000.0,1760000.0,7701000.0,4046000.0,801800.0,901000.0,2728000.0,1121000.0,9488000.0,9461000.0,
3352000.0,2381000.0,1761000.0,7686000.0,4046000.0,808700.0,900000.0,2742000.0,1100000.0,9488000.0,9461000.0,
3197000.0,2379000.0,1763000.0,7790000.0,4419000.0,416100.0,2269000.0,1385000.0,1089000.0,9488000.0,9480000.0,
3175000.0,2372000.0,1749000.0,7790000.0,4375000.0,423100.0,2262000.0,1398000.0,1076000.0,9488000.0,9548000.0,
3162000.0,2380000.0,1749000.0,7766000.0,4375000.0,436200.0,2253000.0,1399000.0,1070000.0,9536000.0,9548000.0,
3148000.0,2380000.0,1752000.0,7746000.0,4375000.0,436200.0,2259000.0,1393000.0,1070000.0,9583000.0,9548000.0,
3088000.0,2382000.0,1756000.0,7784000.0,4350000.0,441000.0,2261000.0,1402000.0,1055000.0,9631000.0,9572000.0,
3351000.0,2378000.0,1758000.0,7774000.0,4316000.0,433300.0,2261000.0,1414000.0,1086000.0,9588000.0,9345000.0,
3279000.0,2373000.0,1764000.0,7813000.0,4291000.0,433300.0,2279000.0,1434000.0,1048000.0,9588000.0,9370000.0,
3269000.0,2371000.0,1767000.0,7808000.0,4239000.0,432100.0,2295000.0,1427000.0,1037000.0,9636000.0,9424000.0,
3251000.0,2376000.0,1769000.0,7799000.0,4183000.0,438200.0,2305000.0,1431000.0,1016000.0,9685000.0,9480000.0,
3218000.0,2379000.0,1771000.0,7785000.0,4148000.0,438200.0,2300000.0,1431000.0,1036000.0,9665000.0,9533000.0,
3193000.0,2377000.0,1776000.0,7791000.0,4133000.0,438200.0,2300000.0,1431000.0,1036000.0,9713000.0,9549000.0,
3160000.0,2379000.0,1782000.0,7796000.0,4117000.0,452200.0,2300000.0,1429000.0,1114000.0,9623000.0,9565000.0,
3149000.0,2378000.0,1784000.0,7776000.0,4117000.0,459300.0,2309000.0,1438000.0,1122000.0,9638000.0,9565000.0,
3111000.0,2380000.0,1788000.0,7762000.0,4107000.0,471400.0,2301000.0,1469000.0,1072000.0,9735000.0,9591000.0,
3107000.0,2382000.0,1789000.0,7753000.0,4039000.0,977300.0,1812000.0,1498000.0,1026000.0,9783000.0,9658000.0,
3173000.0,2377000.0,1793000.0,7724000.0,4044000.0,981500.0,1830000.0,1493000.0,1083000.0,9703000.0,9582000.0,
3370000.0,2372000.0,1796000.0,7694000.0,4267000.0,1704000.0,878300.0,1516000.0,1104000.0,9644000.0,9397000.0,
3357000.0,2364000.0,1784000.0,7680000.0,4244000.0,1762000.0,820000.0,1516000.0,1104000.0,9693000.0,9444000.0,
3346000.0,2353000.0,1786000.0,7655000.0,4244000.0,1762000.0,820000.0,1521000.0,1098000.0,9741000.0,9444000.0,
3320000.0,2338000.0,1790000.0,7636000.0,4220000.0,1769000.0,818900.0,1523000.0,1090000.0,9790000.0,9468000.0,
3294000.0,2337000.0,1795000.0,7629000.0,4220000.0,1769000.0,825000.0,1529000.0,1107000.0,9761000.0,9468000.0,
3272000.0,2333000.0,1797000.0,7643000.0,4220000.0,1769000.0,836500.0,1517000.0,1207000.0,9710000.0,9468000.0,
3234000.0,2312000.0,1805000.0,7634000.0,4181000.0,1769000.0,836500.0,1517000.0,1358000.0,9559000.0,9507000.0,
3181000.0,2313000.0,1808000.0,7643000.0,4162000.0,1776000.0,829500.0,1523000.0,1351000.0,9559000.0,9526000.0,
3160000.0,2312000.0,1812000.0,7636000.0,4168000.0,1823000.0,785300.0,1593000.0,1273000.0,9559000.0,9526000.0,
3157000.0,2307000.0,1794000.0,7631000.0,4168000.0,1836000.0,772400.0,1604000.0,1261000.0,9655000.0,9547000.0,
3145000.0,2303000.0,1782000.0,7616000.0,4168000.0,1840000.0,767400.0,1604000.0,1281000.0,9635000.0,9560000.0,
3194000.0,2305000.0,1785000.0,7623000.0,4144000.0,1840000.0,776300.0,1595000.0,1317000.0,9600000.0,9513000.0,
3183000.0,2306000.0,1784000.0,7613000.0,4126000.0,1846000.0,783800.0,1581000.0,1317000.0,9600000.0,9532000.0,
3158000.0,2303000.0,1787000.0,7604000.0,4081000.0,1845000.0,783800.0,1600000.0,1298000.0,9648000.0,9578000.0,
3124000.0,2311000.0,1788000.0,7604000.0,4081000.0,1845000.0,789800.0,1594000.0,1398000.0,9548000.0,9578000.0,
3115000.0,2311000.0,1779000.0,7594000.0,4062000.0,1845000.0,789800.0,1600000.0,1391000.0,9595000.0,9610000.0,
3165000.0,2305000.0,1782000.0,7588000.0,4008000.0,1845000.0,789800.0,1600000.0,1431000.0,9604000.0,9598000.0,
3159000.0,2306000.0,1786000.0,7584000.0,4010000.0,1831000.0,794600.0,1633000.0,1393000.0,9652000.0,9610000.0,
3244000.0,2301000.0,1789000.0,7604000.0,4009000.0,1831000.0,803300.0,1647000.0,1388000.0,9635000.0,9487000.0,
3233000.0,2299000.0,1792000.0,7599000.0,3942000.0,1839000.0,807100.0,1635000.0,1388000.0,9635000.0,9555000.0,
3219000.0,2290000.0,1798000.0,7596000.0,3942000.0,1845000.0,807100.0,1629000.0,1428000.0,9643000.0,9555000.0,
3207000.0,2296000.0,1799000.0,7587000.0,3924000.0,1842000.0,815300.0,1629000.0,1416000.0,9691000.0,9579000.0,
3204000.0,2294000.0,1803000.0,7577000.0,3930000.0,1843000.0,808200.0,1629000.0,1416000.0,9691000.0,9579000.0,
3195000.0,2298000.0,1808000.0,7543000.0,3941000.0,1836000.0,804300.0,1629000.0,1416000.0,9691000.0,9579000.0,
3186000.0,2298000.0,1811000.0,7533000.0,3941000.0,1845000.0,801400.0,1695000.0,1344000.0,9788000.0,9579000.0,
3178000.0,2298000.0,1814000.0,7533000.0,3923000.0,1845000.0,806200.0,1715000.0,1473000.0,9633000.0,9597000.0,
3167000.0,2293000.0,1817000.0,7510000.0,3908000.0,1844000.0,799800.0,1725000.0,1463000.0,9682000.0,9621000.0,
3292000.0,2279000.0,1819000.0,7499000.0,3913000.0,1838000.0,799800.0,1736000.0,1501000.0,9778000.0,9475000.0,
3265000.0,2270000.0,1825000.0,7489000.0,3890000.0,1838000.0,807400.0,1766000.0,1502000.0,9788000.0,9498000.0,
3248000.0,2279000.0,1813000.0,7489000.0,3890000.0,1838000.0,816400.0,1757000.0,1502000.0,9788000.0,9511000.0,
3227000.0,2285000.0,1817000.0,7496000.0,3896000.0,2273000.0,364600.0,1785000.0,1562000.0,9694000.0,9527000.0,
3179000.0,2291000.0,1819000.0,7507000.0,3902000.0,2274000.0,363600.0,1790000.0,1551000.0,9694000.0,9545000.0,
3157000.0,2291000.0,1794000.0,7475000.0,3933000.0,2243000.0,363500.0,1790000.0,1551000.0,9694000.0,9570000.0,
2998000.0,2290000.0,1799000.0,7592000.0,3933000.0,2243000.0,363500.0,1802000.0,1539000.0,9694000.0,9570000.0,
2972000.0,2286000.0,1779000.0,7605000.0,3910000.0,2243000.0,372800.0,1807000.0,1525000.0,9742000.0,9615000.0,
3038000.0,2285000.0,1782000.0,7597000.0,3887000.0,2237000.0,376000.0,1797000.0,1678000.0,9589000.0,9568000.0,
2997000.0,2298000.0,1785000.0,7611000.0,3887000.0,2237000.0,382000.0,1805000.0,1664000.0,9589000.0,9568000.0,
2978000.0,2291000.0,1790000.0,7599000.0,3887000.0,2237000.0,382000.0,1815000.0,1654000.0,9589000.0,9568000.0,
2974000.0,2284000.0,1795000.0,7594000.0,3887000.0,2236000.0,391300.0,1838000.0,1621000.0,9685000.0,9568000.0,
2959000.0,2282000.0,1806000.0,7594000.0,3858000.0,2230000.0,391300.0,1863000.0,1597000.0,9734000.0,9604000.0,
2927000.0,2288000.0,1811000.0,7591000.0,3810000.0,2238000.0,390300.0,1891000.0,1563000.0,9782000.0,9652000.0,
2904000.0,2297000.0,1814000.0,7578000.0,3717000.0,2250000.0,377200.0,1897000.0,1557000.0,9782000.0,9744000.0,
2900000.0,2298000.0,1816000.0,7549000.0,3675000.0,2255000.0,390500.0,1904000.0,1525000.0,9930000.0,9792000.0,
2870000.0,2295000.0,1815000.0,7565000.0,3576000.0,2250000.0,390400.0,1955000.0,1475000.0,1.003E7,9899000.0,
2857000.0,2292000.0,1817000.0,7566000.0,3576000.0,2344000.0,310400.0,1966000.0,1450000.0,1.003E7,9899000.0,
3221000.0,2280000.0,1819000.0,7556000.0,3515000.0,2343000.0,304200.0,1999000.0,1627000.0,9818000.0,9592000.0,
3197000.0,2280000.0,1819000.0,7555000.0,3527000.0,2331000.0,304100.0,2017000.0,1663000.0,9764000.0,9592000.0,
3186000.0,2278000.0,1821000.0,7535000.0,3512000.0,2327000.0,303100.0,2040000.0,1638000.0,9764000.0,9615000.0,
3169000.0,2286000.0,1801000.0,7496000.0,3499000.0,2327000.0,307900.0,2074000.0,1599000.0,9812000.0,9652000.0,
3150000.0,2290000.0,1801000.0,7461000.0,3466000.0,2315000.0,318800.0,2114000.0,1548000.0,9812000.0,9697000.0,
3144000.0,2288000.0,1803000.0,7442000.0,3449000.0,2309000.0,327600.0,2123000.0,1530000.0,9861000.0,9720000.0,
3186000.0,2282000.0,1806000.0,7461000.0,3412000.0,2295000.0,329800.0,2117000.0,1573000.0,9818000.0,9691000.0,
3388000.0,2283000.0,1808000.0,7411000.0,3391000.0,2301000.0,323700.0,2117000.0,1675000.0,9864000.0,9503000.0,
3369000.0,2289000.0,1811000.0,7406000.0,3397000.0,2301000.0,317700.0,2195000.0,1691000.0,9771000.0,9503000.0,
3333000.0,2291000.0,1813000.0,7412000.0,3403000.0,2295000.0,323700.0,2231000.0,1738000.0,9682000.0,9503000.0,
3307000.0,2295000.0,1815000.0,7413000.0,3403000.0,2295000.0,329800.0,2246000.0,1716000.0,9682000.0,9503000.0,
3295000.0,2288000.0,1818000.0,7408000.0,3409000.0,2289000.0,329800.0,2261000.0,1702000.0,9682000.0,9503000.0,
3265000.0,2294000.0,1822000.0,7383000.0,3409000.0,2289000.0,350900.0,2253000.0,1831000.0,9539000.0,9503000.0,
3253000.0,2290000.0,1828000.0,7344000.0,3415000.0,2283000.0,360700.0,2325000.0,1749000.0,9539000.0,9503000.0,
3244000.0,2285000.0,1831000.0,7329000.0,3767000.0,1943000.0,348600.0,2325000.0,1749000.0,9539000.0,9503000.0,
3237000.0,2283000.0,1834000.0,7309000.0,3742000.0,1943000.0,357500.0,2338000.0,1727000.0,9539000.0,9527000.0,
3220000.0,2289000.0,1835000.0,7304000.0,3748000.0,1937000.0,365400.0,2406000.0,1652000.0,9539000.0,9527000.0,
3205000.0,2296000.0,1838000.0,7300000.0,5050000.0,612400.0,380200.0,2397000.0,1677000.0,9603000.0,9550000.0,
3197000.0,2296000.0,1842000.0,7294000.0,5050000.0,619400.0,373100.0,2407000.0,1667000.0,9651000.0,9550000.0,
3173000.0,2296000.0,1844000.0,7306000.0,5028000.0,631500.0,372300.0,2408000.0,1655000.0,9699000.0,9572000.0,
3164000.0,2297000.0,1847000.0,7306000.0,5028000.0,631500.0,378400.0,2415000.0,1642000.0,9699000.0,9572000.0,
3138000.0,2295000.0,1851000.0,7319000.0,5003000.0,631500.0,393200.0,2400000.0,1642000.0,9748000.0,9597000.0,
3121000.0,2294000.0,1854000.0,7309000.0,5003000.0,631500.0,408700.0,2384000.0,1642000.0,9748000.0,9597000.0,
3078000.0,2303000.0,1856000.0,7332000.0,4931000.0,632900.0,401200.0,2402000.0,1624000.0,9748000.0,9675000.0,
3062000.0,2316000.0,1858000.0,7312000.0,4918000.0,632900.0,407300.0,2410000.0,1611000.0,9796000.0,9688000.0,
3048000.0,2323000.0,1858000.0,7298000.0,4909000.0,625700.0,412700.0,2405000.0,1605000.0,9845000.0,9710000.0,
3008000.0,2323000.0,1863000.0,7329000.0,4909000.0,635000.0,403400.0,2442000.0,1567000.0,9895000.0,9710000.0,
3003000.0,2317000.0,1865000.0,7329000.0,4868000.0,712000.0,337100.0,2520000.0,1478000.0,9944000.0,9751000.0,
2995000.0,2316000.0,1869000.0,7329000.0,4875000.0,691900.0,343200.0,2526000.0,1466000.0,1.004E7,9764000.0,
2984000.0,2316000.0,1871000.0,7328000.0,4815000.0,691900.0,343200.0,2566000.0,1426000.0,1.009E7,9824000.0,
2961000.0,2314000.0,1867000.0,7339000.0,4789000.0,691900.0,364400.0,2577000.0,1394000.0,1.009E7,9858000.0,
3101000.0,2309000.0,1870000.0,7344000.0,4753000.0,691900.0,362900.0,2589000.0,1506000.0,9970000.0,9721000.0,
3303000.0,2310000.0,1871000.0,7329000.0,4732000.0,699700.0,355000.0,2600000.0,1670000.0,9796000.0,9533000.0,
3281000.0,2300000.0,1876000.0,7326000.0,4743000.0,687900.0,355000.0,2625000.0,1776000.0,9712000.0,9533000.0,
3270000.0,2295000.0,1883000.0,7321000.0,4605000.0,683800.0,353500.0,2638000.0,1759000.0,9761000.0,9682000.0,
3248000.0,2292000.0,1882000.0,7321000.0,4598000.0,678100.0,353500.0,2651000.0,1746000.0,9761000.0,9694000.0,
3328000.0,2284000.0,1891000.0,7321000.0,4598000.0,686800.0,355700.0,2652000.0,1756000.0,9787000.0,9609000.0,
3479000.0,2278000.0,1892000.0,7321000.0,4591000.0,678400.0,361700.0,2673000.0,1820000.0,9696000.0,9463000.0,
3468000.0,2273000.0,1893000.0,7321000.0,4568000.0,693000.0,952800.0,2085000.0,1840000.0,9707000.0,9486000.0,
3456000.0,2273000.0,1895000.0,7321000.0,4568000.0,711500.0,940300.0,2090000.0,1829000.0,9707000.0,9486000.0,
3450000.0,2272000.0,1898000.0,7321000.0,4568000.0,711500.0,971200.0,2070000.0,1819000.0,9707000.0,9486000.0,
3429000.0,2280000.0,1900000.0,7321000.0,4544000.0,711500.0,977300.0,2118000.0,1918000.0,9553000.0,9510000.0,
3388000.0,2280000.0,1903000.0,7325000.0,4508000.0,717600.0,983300.0,2159000.0,1947000.0,9518000.0,9546000.0,
3239000.0,2276000.0,1909000.0,7461000.0,4460000.0,737300.0,969600.0,2230000.0,1871000.0,9518000.0,9594000.0,
3214000.0,2277000.0,1911000.0,7456000.0,4451000.0,731200.0,987400.0,2242000.0,1841000.0,9518000.0,9626000.0,
3342000.0,2270000.0,1913000.0,7417000.0,4451000.0,731200.0,987400.0,2252000.0,1830000.0,9613000.0,9497000.0,
3328000.0,2264000.0,1919000.0,7381000.0,4405000.0,731200.0,998300.0,2264000.0,1807000.0,9613000.0,9543000.0,
3305000.0,2257000.0,1926000.0,7363000.0,4358000.0,731200.0,1004000.0,2258000.0,1807000.0,9613000.0,9590000.0,
3372000.0,2260000.0,1926000.0,7359000.0,4011000.0,728200.0,1004000.0,2280000.0,1901000.0,9498000.0,9869000.0,
3491000.0,2261000.0,1929000.0,7359000.0,4011000.0,728200.0,1004000.0,2280000.0,1901000.0,9546000.0,9732000.0,
3482000.0,2261000.0,1933000.0,7359000.0,3925000.0,728200.0,1010000.0,2361000.0,1814000.0,9593000.0,9817000.0,
3431000.0,2253000.0,1939000.0,7344000.0,3879000.0,728200.0,1010000.0,2373000.0,1802000.0,9593000.0,9881000.0,
3497000.0,2250000.0,1946000.0,7339000.0,4269000.0,338600.0,1024000.0,2370000.0,1791000.0,9593000.0,9801000.0,
3495000.0,2245000.0,1952000.0,7329000.0,4269000.0,344600.0,1030000.0,2358000.0,1791000.0,9641000.0,9801000.0,
3654000.0,2239000.0,1957000.0,7304000.0,4185000.0,350600.0,1034000.0,2370000.0,1913000.0,9498000.0,9723000.0,
3614000.0,2257000.0,1962000.0,7312000.0,4049000.0,350600.0,1052000.0,2373000.0,1892000.0,9545000.0,9859000.0,
3603000.0,2255000.0,1964000.0,7307000.0,4041000.0,345800.0,1076000.0,2349000.0,1892000.0,9641000.0,9872000.0,
3596000.0,2256000.0,1965000.0,7302000.0,4025000.0,355800.0,1089000.0,2326000.0,1892000.0,9689000.0,9887000.0,
3489000.0,2259000.0,1966000.0,7381000.0,4025000.0,355800.0,1095000.0,2326000.0,1886000.0,9689000.0,9887000.0,
3476000.0,2252000.0,1964000.0,7366000.0,4001000.0,355700.0,2523000.0,897100.0,1886000.0,9689000.0,9912000.0,
3469000.0,2250000.0,1968000.0,7366000.0,3933000.0,355700.0,2537000.0,913500.0,1855000.0,9689000.0,9980000.0,
3562000.0,2254000.0,1970000.0,7366000.0,3894000.0,345800.0,2560000.0,921000.0,1844000.0,9671000.0,9926000.0,
3520000.0,2255000.0,1972000.0,7390000.0,3840000.0,339800.0,2566000.0,983400.0,1775000.0,9719000.0,9986000.0,
3511000.0,2255000.0,1975000.0,7390000.0,3849000.0,342900.0,2554000.0,1071000.0,1688000.0,9719000.0,9986000.0,
3627000.0,2255000.0,1980000.0,7385000.0,3791000.0,349000.0,2548000.0,1175000.0,1686000.0,9666000.0,9907000.0,
3595000.0,2243000.0,1982000.0,7383000.0,3731000.0,355000.0,2542000.0,1221000.0,1639000.0,9763000.0,9967000.0,
3575000.0,2242000.0,1986000.0,7380000.0,3624000.0,355000.0,2552000.0,1292000.0,1558000.0,9763000.0,1.007E7,
4131000.0,2238000.0,1989000.0,7380000.0,3567000.0,349000.0,2558000.0,1309000.0,1819000.0,9529000.0,9568000.0,
4121000.0,2232000.0,1999000.0,7365000.0,3573000.0,342600.0,2589000.0,1340000.0,1756000.0,9672000.0,9568000.0,
4086000.0,2222000.0,2000000.0,7354000.0,3570000.0,1408000.0,1510000.0,1340000.0,1750000.0,9721000.0,9590000.0,
4054000.0,2214000.0,2007000.0,7376000.0,3570000.0,1429000.0,1488000.0,1380000.0,1961000.0,9470000.0,9590000.0,
4044000.0,2215000.0,2012000.0,7332000.0,3552000.0,1435000.0,1482000.0,1398000.0,1943000.0,9565000.0,9608000.0,
4001000.0,2214000.0,2015000.0,7335000.0,3483000.0,1435000.0,1482000.0,1460000.0,1881000.0,9565000.0,9695000.0,
4173000.0,2211000.0,2018000.0,7315000.0,3460000.0,1435000.0,1492000.0,1472000.0,1860000.0,9565000.0,9536000.0,
4149000.0,2210000.0,2009000.0,7285000.0,3436000.0,1441000.0,1486000.0,1511000.0,1820000.0,9661000.0,9572000.0,
4117000.0,2211000.0,2009000.0,7276000.0,4289000.0,615200.0,1470000.0,1500000.0,1820000.0,9709000.0,9572000.0,
4105000.0,2208000.0,2009000.0,7276000.0,4289000.0,627300.0,1467000.0,1515000.0,1796000.0,9709000.0,9572000.0,
4083000.0,2204000.0,2010000.0,7276000.0,4225000.0,621300.0,1467000.0,1515000.0,1796000.0,9709000.0,9643000.0,
4149000.0,2204000.0,2010000.0,7277000.0,4214000.0,629900.0,1455000.0,1535000.0,1844000.0,9637000.0,9563000.0,
4143000.0,2202000.0,2003000.0,7277000.0,4202000.0,623800.0,1455000.0,1535000.0,1970000.0,9607000.0,9591000.0,
4076000.0,2205000.0,2009000.0,7316000.0,4202000.0,623800.0,1469000.0,1533000.0,2034000.0,9532000.0,9591000.0,
4095000.0,2204000.0,2010000.0,7335000.0,4183000.0,623800.0,1464000.0,1550000.0,2016000.0,9675000.0,9562000.0,
4068000.0,2207000.0,2015000.0,7334000.0,4183000.0,623800.0,1470000.0,1556000.0,2025000.0,9704000.0,9562000.0,
4063000.0,2201000.0,2020000.0,7285000.0,4163000.0,623800.0,1466000.0,1556000.0,2025000.0,9704000.0,9586000.0,
4042000.0,2202000.0,2021000.0,7297000.0,4331000.0,424000.0,1460000.0,1556000.0,2025000.0,9704000.0,9624000.0,
4191000.0,2204000.0,2023000.0,7283000.0,4316000.0,430400.0,1482000.0,1558000.0,2228000.0,9471000.0,9472000.0,
4168000.0,2197000.0,2028000.0,7283000.0,4299000.0,438700.0,1506000.0,1616000.0,2137000.0,9566000.0,9489000.0,
4127000.0,2194000.0,2033000.0,7287000.0,4266000.0,438700.0,1506000.0,1644000.0,2108000.0,9662000.0,9522000.0,
4100000.0,2191000.0,2037000.0,7277000.0,4264000.0,427800.0,1532000.0,1641000.0,2246000.0,9502000.0,9534000.0,
4089000.0,2192000.0,2041000.0,7277000.0,4418000.0,206400.0,1520000.0,1659000.0,2227000.0,9550000.0,9614000.0,
4062000.0,2186000.0,2049000.0,7277000.0,4381000.0,212400.0,1514000.0,1720000.0,2167000.0,9550000.0,9651000.0,
4018000.0,2187000.0,2050000.0,7285000.0,4342000.0,200400.0,1514000.0,1732000.0,2155000.0,9550000.0,9702000.0,
4041000.0,2192000.0,2041000.0,7304000.0,4283000.0,193100.0,1514000.0,1738000.0,2149000.0,9550000.0,9720000.0,
4024000.0,2196000.0,2031000.0,7304000.0,4266000.0,193100.0,1514000.0,1738000.0,2149000.0,9550000.0,9750000.0,
4055000.0,2182000.0,2021000.0,7347000.0,4248000.0,193100.0,1514000.0,1744000.0,2143000.0,9598000.0,9672000.0,
4105000.0,2187000.0,2023000.0,7342000.0,4279000.0,169800.0,1527000.0,1742000.0,2124000.0,9646000.0,9600000.0,
4084000.0,2185000.0,2026000.0,7347000.0,4249000.0,169800.0,1527000.0,1760000.0,2107000.0,9646000.0,9630000.0,
4196000.0,2189000.0,2029000.0,7322000.0,4190000.0,169800.0,1527000.0,1793000.0,2236000.0,9580000.0,9560000.0,
4185000.0,2192000.0,2031000.0,7302000.0,4151000.0,169800.0,1541000.0,2150000.0,1864000.0,9580000.0,9599000.0,
4169000.0,2202000.0,2032000.0,7292000.0,4134000.0,174600.0,1548000.0,2157000.0,1959000.0,9514000.0,9616000.0,
4291000.0,2199000.0,2037000.0,7283000.0,4127000.0,172800.0,1556000.0,2183000.0,1921000.0,9514000.0,9494000.0,
4263000.0,2198000.0,2041000.0,7303000.0,4108000.0,172800.0,1556000.0,2295000.0,1809000.0,9562000.0,9513000.0,
4244000.0,2195000.0,2045000.0,7296000.0,4107000.0,160400.0,1589000.0,2294000.0,1777000.0,9562000.0,9526000.0,
4222000.0,2197000.0,2046000.0,7291000.0,4081000.0,170300.0,1588000.0,2285000.0,1776000.0,9562000.0,9552000.0,
4260000.0,2198000.0,2048000.0,7276000.0,3999000.0,170300.0,1588000.0,2310000.0,1772000.0,9638000.0,9582000.0,
4258000.0,2196000.0,2048000.0,7276000.0,3999000.0,177500.0,1581000.0,2336000.0,1760000.0,9671000.0,9582000.0,
4230000.0,2196000.0,2040000.0,7292000.0,4003000.0,174400.0,1581000.0,2358000.0,1738000.0,9671000.0,9597000.0,
4276000.0,2203000.0,2041000.0,7292000.0,3952000.0,185200.0,1580000.0,2371000.0,1764000.0,9670000.0,9589000.0,
4265000.0,2208000.0,2042000.0,7282000.0,3951000.0,185200.0,1580000.0,2412000.0,1787000.0,9654000.0,9589000.0,
4243000.0,2201000.0,2043000.0,7274000.0,3914000.0,185200.0,1580000.0,2437000.0,1762000.0,9702000.0,9626000.0,
4294000.0,2192000.0,2029000.0,7254000.0,3898000.0,185200.0,1588000.0,2440000.0,1886000.0,9567000.0,9599000.0,
4324000.0,2191000.0,2017000.0,7249000.0,3875000.0,191200.0,1582000.0,2450000.0,1876000.0,9567000.0,9595000.0,
4292000.0,2200000.0,2019000.0,7261000.0,3862000.0,199800.0,1574000.0,2450000.0,1876000.0,9615000.0,9608000.0,
4267000.0,2208000.0,2020000.0,7261000.0,3846000.0,211800.0,1562000.0,2510000.0,1817000.0,9615000.0,9624000.0,
4253000.0,2209000.0,2024000.0,7246000.0,3835000.0,202100.0,1562000.0,2530000.0,1797000.0,9615000.0,9644000.0,
4329000.0,2210000.0,2026000.0,7236000.0,3802000.0,196100.0,1568000.0,2554000.0,1885000.0,9592000.0,9584000.0,
4433000.0,2223000.0,2007000.0,7211000.0,3757000.0,207500.0,1567000.0,2568000.0,1860000.0,9640000.0,9511000.0,
4415000.0,2227000.0,2011000.0,7201000.0,3757000.0,207500.0,1582000.0,2609000.0,2014000.0,9430000.0,9511000.0,
4410000.0,2225000.0,2013000.0,7196000.0,3757000.0,1270000.0,518900.0,2651000.0,1972000.0,9430000.0,9511000.0,
4396000.0,2231000.0,2015000.0,7203000.0,3735000.0,1270000.0,518900.0,2705000.0,1917000.0,9430000.0,9532000.0,
4273000.0,2232000.0,2018000.0,7312000.0,3664000.0,1270000.0,1542000.0,1682000.0,1917000.0,9430000.0,9603000.0,
4358000.0,2239000.0,2021000.0,7418000.0,3550000.0,1271000.0,1536000.0,1830000.0,1770000.0,9430000.0,9516000.0,
4328000.0,2252000.0,2023000.0,7429000.0,3555000.0,1278000.0,1536000.0,1891000.0,1696000.0,9477000.0,9516000.0,
4315000.0,2250000.0,2010000.0,7421000.0,3489000.0,1295000.0,1525000.0,1885000.0,1696000.0,9525000.0,9597000.0,
4307000.0,2250000.0,2012000.0,7401000.0,3495000.0,1300000.0,1523000.0,2025000.0,1548000.0,9572000.0,9597000.0,
4290000.0,2259000.0,2016000.0,7397000.0,3443000.0,1311000.0,1526000.0,2109000.0,1449000.0,9572000.0,9648000.0,
4262000.0,2262000.0,2017000.0,7415000.0,3451000.0,1303000.0,1532000.0,2109000.0,1443000.0,9572000.0,9648000.0,
4228000.0,2259000.0,2022000.0,7432000.0,3420000.0,1298000.0,1518000.0,2109000.0,1443000.0,9572000.0,9698000.0,
4280000.0,2273000.0,2024000.0,7432000.0,3408000.0,1298000.0,1537000.0,2090000.0,1517000.0,9547000.0,9632000.0,
4265000.0,2276000.0,2029000.0,7405000.0,3364000.0,1314000.0,1524000.0,2084000.0,1516000.0,9547000.0,9677000.0,
4235000.0,2284000.0,2010000.0,7415000.0,3361000.0,1301000.0,1563000.0,2066000.0,1488000.0,9595000.0,9724000.0,
4286000.0,2286000.0,2018000.0,7410000.0,3322000.0,1301000.0,1599000.0,2031000.0,1488000.0,9643000.0,9701000.0,
4285000.0,2281000.0,2023000.0,7395000.0,3281000.0,1301000.0,1605000.0,2025000.0,1488000.0,9643000.0,9742000.0,
4272000.0,2279000.0,2028000.0,7390000.0,3181000.0,1301000.0,1617000.0,2053000.0,1447000.0,9643000.0,9842000.0,
4264000.0,2284000.0,2030000.0,7365000.0,3143000.0,1269000.0,1626000.0,2057000.0,1435000.0,9643000.0,9912000.0,
4259000.0,2277000.0,2034000.0,7345000.0,3154000.0,1264000.0,1652000.0,2054000.0,1405000.0,9643000.0,9912000.0,
4322000.0,2274000.0,2036000.0,7342000.0,3115000.0,1264000.0,1652000.0,2067000.0,1528000.0,9555000.0,9861000.0,
4171000.0,2276000.0,2020000.0,7460000.0,3106000.0,1258000.0,1668000.0,2167000.0,1413000.0,9555000.0,9898000.0,
4290000.0,2274000.0,2023000.0,7430000.0,3106000.0,1271000.0,1676000.0,2146000.0,1413000.0,9555000.0,9757000.0,
4278000.0,2273000.0,2026000.0,7395000.0,3106000.0,1271000.0,1675000.0,2152000.0,1406000.0,9555000.0,9757000.0,
4251000.0,2279000.0,2012000.0,7395000.0,3082000.0,1284000.0,1673000.0,2160000.0,1388000.0,9555000.0,9797000.0,
4229000.0,2273000.0,2019000.0,7396000.0,3082000.0,1284000.0,1681000.0,2158000.0,1382000.0,9555000.0,9797000.0,
