cMHCIEnEr,cMHCIEnPm,cMHCIEnRabA,cMHCIEnRabB,cMHCIEnRabC,cMHCIEnRabD,cMHCIEnRabE,cMHCIEnRabF,cMHCIEnRabG,cMHCIEnRabH,cMHCIEnRabI,exCxEnEr,exCxEnPm,exCxEnRabA,exCxEnRabB,exCxEnRabC,exCxEnRabD,exCxEnRabE,exCxEnRabF,exCxEnRabG,exCxEnRabH,exCxEnRabI,imCxEnEr,imCxEnPm,imCxEnRabA,imCxEnRabB,imCxEnRabC,imCxEnRabD,imCxEnRabE,imCxEnRabF,imCxEnRabG,imCxEnRabH,imCxEnRabI,membraneMarkerEr,membraneMarkerPm,membraneMarkerRabA,membraneMarkerRabB,membraneMarkerRabC,membraneMarkerRabD,membraneMarkerRabE,membraneMarkerRabF,membraneMarkerRabG,membraneMarkerRabH,membraneMarkerRabI,mvbEr,mvbPm,mvbRabA,mvbRabB,mvbRabC,mvbRabD,mvbRabE,mvbRabF,mvbRabG,mvbRabH,mvbRabI,oMHCIEnEr,oMHCIEnPm,oMHCIEnRabA,oMHCIEnRabB,oMHCIEnRabC,oMHCIEnRabD,oMHCIEnRabE,oMHCIEnRabF,oMHCIEnRabG,oMHCIEnRabH,oMHCIEnRabI,ovaCyCy,ovaEnEr,ovaEnPm,ovaEnRabA,ovaEnRabB,ovaEnRabC,ovaEnRabD,ovaEnRabE,ovaEnRabF,ovaEnRabG,ovaEnRabH,ovaEnRabI,pepCyCy,pepEnEr,pepEnPm,pepEnRabA,pepEnRabB,pepEnRabC,pepEnRabD,pepEnRabE,pepEnRabF,pepEnRabG,pepEnRabH,pepEnRabI,pepMHCIEnEr,pepMHCIEnPm,pepMHCIEnRabA,pepMHCIEnRabB,pepMHCIEnRabC,pepMHCIEnRabD,pepMHCIEnRabE,pepMHCIEnRabF,pepMHCIEnRabG,pepMHCIEnRabH,pepMHCIEnRabI,protonCyCy,protonEnEr,protonEnPm,protonEnRabA,protonEnRabB,protonEnRabC,protonEnRabD,protonEnRabE,protonEnRabF,protonEnRabG,protonEnRabH,protonEnRabI,R-TfaEnEr,R-TfaEnPm,R-TfaEnRabA,R-TfaEnRabB,R-TfaEnRabC,R-TfaEnRabD,R-TfaEnRabE,R-TfaEnRabF,R-TfaEnRabG,R-TfaEnRabH,R-TfaEnRabI,R-TfEnPm,REnEr,REnPm,REnRabA,REnRabB,REnRabC,REnRabD,REnRabE,REnRabF,REnRabG,REnRabH,REnRabI,solubleMarkerEr,solubleMarkerPm,solubleMarkerRabA,solubleMarkerRabB,solubleMarkerRabC,solubleMarkerRabD,solubleMarkerRabE,solubleMarkerRabF,solubleMarkerRabG,solubleMarkerRabH,solubleMarkerRabI,TfaEnEr,TfaEnPm,TfaEnRabA,TfaEnRabB,TfaEnRabC,TfaEnRabD,TfaEnRabE,TfaEnRabF,TfaEnRabG,TfaEnRabH,TfaEnRabI,
0.0,1605.0,164.5,183.8,154.6,0.04903,5.632,0.2397,0.1645,0.9829,0.4028,0.0,343.6,0.1339,0.6707,0.6161,0.07124,0.1893,0.05927,0.08164,4.769,11.01,0.0,343.6,0.1339,0.6707,0.6161,0.07124,0.1893,0.05927,0.08164,4.769,11.01,0.0,0.0,0.0,0.0,0.0,0.0,0.0,0.0,0.0,0.0,0.0,0.0,0.0,271.1,100.1,37.73,821.3,165.2,3.317,3.693,30.57,4.163,0.0,45.19,6.762,11.94,64.07,42.59,0.1306,0.01362,0.01546,0.0119,0.01397,0.0,0.0,0.0,0.0,0.0,0.0,0.0,0.0,0.0,0.0,0.0,0.0,0.0,0.0,0.0,0.0,0.0,0.0,0.0,0.0,0.0,0.0,0.0,0.0,0.0,0.0,0.0,0.0,0.0,0.0,0.0,0.0,0.0,0.0,0.0,1.0E-4,0.0,0.0,83370.0,89590.0,47810.0,2.239E7,45540.0,21470.0,24240.0,13490.0,24790.0,0.0,4.68E-36,2.439E-36,1.4120000000000002E-35,1.6810000000000002E-35,2.147E-36,3.9829999999999995E-37,1.252E-38,7.804E-39,4.854E-38,2.182E-38,2.08E-35,0.0,0.6631,1.195,3.037,1.58,0.2256,0.0437,0.003975,0.002625,0.01634,0.009706,0.0,0.0,2.511E-4,1.092E-4,8.2E-4,0.9961,0.001029,4.119E-4,5.405E-4,6.266E-5,6.565E-4,0.0,1.0E-5,0.00942,0.01029,0.006469,0.2457,0.01391,0.001641,6.993E-4,0.005386,9.758E-4,
0.0,1606.0,147.9,194.5,156.3,0.04925,4.896,0.2234,0.1636,0.984,0.4029,0.0,343.6,0.1311,0.671,0.6021,0.07099,0.187,0.05927,0.08111,4.77,11.01,0.0,343.6,0.1311,0.671,0.6021,0.07099,0.187,0.05927,0.08111,4.77,11.01,0.0,0.0,0.0,0.0,0.0,0.0,0.0,0.0,0.0,0.0,0.0,0.0,0.0,293.6,104.9,38.98,754.5,165.1,3.134,3.442,30.58,3.998,0.0,47.91,6.052,10.75,59.7,41.56,0.1228,0.01344,0.01535,0.0118,0.01384,0.0,0.0,0.0,0.0,0.0,0.0,0.0,0.0,0.0,0.0,0.0,0.0,0.0,0.0,0.0,0.0,0.0,0.0,0.0,0.0,0.0,0.0,0.0,0.0,0.0,0.0,0.0,0.0,0.0,0.0,0.0,0.0,0.0,0.0,0.0,1.0E-4,0.0,285.6,76700.0,81350.0,44260.0,2.143E7,42650.0,20220.0,22830.0,13210.0,23520.0,0.0,4.8880000000000004E-36,2.256E-36,1.4210000000000002E-35,1.658E-35,2.131E-36,3.4809999999999997E-37,1.136E-38,7.738E-39,4.773E-38,2.181E-38,2.08E-35,0.0,0.6873,1.086,3.093,1.565,0.2235,0.03121,0.003698,0.002609,0.01635,0.009706,0.0,0.0,2.511E-4,1.092E-4,8.2E-4,0.9961,0.001029,4.119E-4,5.405E-4,6.266E-5,6.565E-4,0.0,1.832E-4,0.009434,0.01024,0.006403,0.2436,0.01378,0.001636,6.885E-4,0.005391,9.714E-4,
0.0,1608.0,143.6,191.3,155.0,0.05176,4.853,0.2274,0.1657,0.9806,0.4031,0.0,343.6,0.1298,0.6725,0.5835,0.0725,0.1864,0.05937,0.08115,4.364,11.42,0.0,343.6,0.1298,0.6725,0.5835,0.0725,0.1864,0.05937,0.08115,4.364,11.42,0.0,0.0,0.0,0.0,0.0,0.0,0.0,0.0,0.0,0.0,0.0,0.0,0.0,305.5,105.9,40.34,760.8,165.0,3.163,3.489,29.97,3.953,0.0,50.24,5.853,10.97,57.03,43.39,0.1157,0.01341,0.01534,0.002484,0.01381,0.0,0.0,0.0,0.0,0.0,0.0,0.0,0.0,0.0,0.0,0.0,0.0,0.0,0.0,0.0,0.0,0.0,0.0,0.0,0.0,0.0,0.0,0.0,0.0,0.0,0.0,0.0,0.0,0.0,0.0,0.0,0.0,0.0,0.0,0.0,6.245E-4,0.0,611.4,72070.0,82830.0,43080.0,2.148E7,41690.0,20050.0,22680.0,13160.0,23410.0,0.0,5.096E-36,2.256E-36,1.392E-35,1.648E-35,2.149E-36,3.474E-37,1.138E-38,7.82E-39,4.698E-38,2.177E-38,2.08E-35,0.0,0.7114,1.06,3.067,1.558,0.2261,0.03117,0.003725,0.002643,0.01615,0.009707,0.0,0.0,2.511E-4,1.092E-4,8.2E-4,0.9961,0.001029,4.119E-4,5.405E-4,6.266E-5,6.565E-4,0.0,3.143E-4,0.009336,0.01023,0.006389,0.2436,0.01369,0.00164,6.891E-4,0.005406,9.642E-4,
0.0,1609.0,142.1,186.8,156.3,0.4018,4.749,0.255,0.1807,0.9986,0.4034,0.0,343.6,0.1269,0.678,0.5721,0.078,0.1848,0.05939,0.09234,4.233,11.54,0.0,343.6,0.1269,0.678,0.5721,0.078,0.1848,0.05939,0.09234,4.233,11.54,0.0,0.0,0.0,0.0,0.0,0.0,0.0,0.0,0.0,0.0,0.0,0.0,0.0,307.9,105.5,37.28,764.2,164.9,3.117,3.432,29.95,3.89,0.0,50.24,2.352,10.54,71.72,34.08,0.1042,0.01317,0.01421,0.002992,0.01182,0.0,0.0,0.0,0.0,0.0,0.0,0.0,0.0,0.0,0.0,0.0,0.0,0.0,0.0,0.0,0.0,0.0,0.0,0.0,0.0,0.0,0.0,0.0,0.0,0.0,0.0,0.0,0.0,0.0,0.0,0.0,0.0,0.0,0.0,0.0,1.0E-4,0.0,769.2,139800.0,99780.0,36000.0,2.161E7,36550.0,18150.0,20250.0,12770.0,20460.0,0.0,5.2E-36,2.3760000000000002E-36,1.375E-35,1.641E-35,1.983E-36,3.4609999999999998E-37,1.126E-38,7.851999999999999E-39,4.665E-38,2.169E-38,2.08E-35,0.0,0.7342,1.088,3.011,1.566,0.2168,0.0311,0.003717,0.002646,0.01614,0.009707,0.0,0.0,0.003691,5.582E-4,3.771E-4,0.9934,7.636E-4,3.057E-4,4.011E-4,4.651E-5,4.873E-4,0.0,4.516E-4,0.01001,0.01015,0.006172,0.2402,0.01352,0.001604,6.785E-4,0.005411,9.253E-4,
0.0,1607.0,147.1,183.3,157.5,0.05123,4.759,0.2567,0.1812,0.9989,0.4033,0.0,343.6,0.131,0.6739,0.5277,0.07721,0.227,0.0595,0.09215,4.233,11.54,0.0,343.6,0.131,0.6739,0.5277,0.07721,0.227,0.0595,0.09215,4.233,11.54,0.0,0.0,0.0,0.0,0.0,0.0,0.0,0.0,0.0,0.0,0.0,0.0,0.0,306.1,105.8,37.36,744.8,164.9,3.089,3.402,29.93,3.868,0.0,49.94,2.317,10.49,71.94,34.11,0.03122,0.01212,0.01367,0.002321,0.0119,0.0,0.0,0.0,0.0,0.0,0.0,0.0,0.0,0.0,0.0,0.0,0.0,0.0,0.0,0.0,0.0,0.0,0.0,0.0,0.0,0.0,0.0,0.0,0.0,0.0,0.0,0.0,0.0,0.0,0.0,0.0,0.0,0.0,0.0,0.0,5.545E-4,0.0,993.8,76210.0,97170.0,34790.0,2.08E7,36330.0,18450.0,20600.0,12700.0,20780.0,0.0,5.135E-36,2.3280000000000002E-36,1.372E-35,1.623E-35,1.969E-36,3.4579999999999997E-37,1.121E-38,7.833999999999999E-39,4.633E-38,2.165E-38,2.08E-35,0.0,0.7204,1.096,3.006,1.576,0.2151,0.03103,0.003718,0.002646,0.01614,0.009707,0.0,0.0,2.872E-4,5.949E-4,4.018E-4,0.9966,8.137E-4,3.258E-4,4.275E-4,4.956E-5,5.192E-4,0.0,6.815E-4,0.009384,0.01012,0.006122,0.2374,0.01331,0.001612,6.761E-4,0.005411,9.259E-4,
0.0,1612.0,140.0,183.9,155.7,0.05138,7.395,0.2572,0.182,0.9984,0.4034,0.0,343.6,0.1378,0.6634,0.5272,0.07561,0.2269,0.05918,0.09252,4.234,11.54,0.0,343.6,0.1378,0.6634,0.5272,0.07561,0.2269,0.05918,0.09252,4.234,11.54,0.0,0.0,0.0,0.0,0.0,0.0,0.0,0.0,0.0,0.0,0.0,0.0,0.0,311.2,108.2,37.55,725.2,164.9,3.065,3.379,29.87,3.852,0.0,49.94,2.487,10.19,71.7,33.8,0.06315,0.01208,0.01362,0.002317,0.01192,0.0,0.0,0.0,0.0,0.0,0.0,0.0,0.0,0.0,0.0,0.0,0.0,0.0,0.0,0.0,0.0,0.0,0.0,0.0,0.0,0.0,0.0,0.0,0.0,0.0,0.0,0.0,0.0,0.0,0.0,0.0,0.0,0.0,0.0,0.0,1.052E-4,0.0,1161.0,75700.0,97960.0,35170.0,2.02E7,37390.0,19210.0,21540.0,12780.0,21740.0,0.0,5.266E-36,2.4770000000000003E-36,1.349E-35,1.599E-35,1.96E-36,3.888E-37,1.091E-38,8.049999999999999E-39,4.654E-38,2.164E-38,2.08E-35,0.0,0.7716,1.086,2.987,1.531,0.2141,0.04979,0.003717,0.002654,0.01612,0.00971,0.0,0.0,3.208E-4,6.643E-4,4.487E-4,0.9962,9.087E-4,3.638E-4,4.774E-4,5.534E-5,5.798E-4,0.0,7.944E-4,0.009511,0.01002,0.006113,0.234,0.0132,0.001611,6.887E-4,0.005424,9.329E-4,
0.0,1610.0,141.7,185.3,157.9,0.0513,4.651,0.2572,0.182,0.9984,0.4034,0.0,343.6,0.1227,0.6932,0.5085,0.07437,0.224,0.06151,0.09295,4.23,11.54,0.0,343.6,0.1227,0.6932,0.5085,0.07437,0.224,0.06151,0.09295,4.23,11.54,0.0,0.0,0.0,0.0,0.0,0.0,0.0,0.0,0.0,0.0,0.0,0.0,0.0,314.4,110.6,37.82,724.6,164.9,3.013,3.326,29.86,3.818,0.0,49.67,2.714,9.922,71.45,33.57,0.0284,0.01212,0.01364,0.002352,0.01197,0.0,0.0,0.0,0.0,0.0,0.0,0.0,0.0,0.0,0.0,0.0,0.0,0.0,0.0,0.0,0.0,0.0,0.0,0.0,0.0,0.0,0.0,0.0,0.0,0.0,0.0,0.0,0.0,0.0,0.0,0.0,0.0,0.0,0.0,0.0,1.048E-4,0.0,1343.0,76630.0,99210.0,35690.0,1.981E7,38400.0,20090.0,22550.0,12890.0,22710.0,0.0,5.078E-36,2.2190000000000002E-36,1.363E-35,1.6E-35,1.957E-36,2.998E-37,1.075E-38,8.017E-39,4.627E-38,2.16E-38,2.08E-35,0.0,0.7449,1.08,3.017,1.545,0.2138,0.03022,0.003717,0.002654,0.01612,0.00971,0.0,0.0,3.431E-4,7.106E-4,4.8E-4,0.9959,9.721E-4,3.892E-4,5.107E-4,5.92E-5,6.203E-4,0.0,9.456E-4,0.009447,0.01001,0.00609,0.2297,0.01308,0.001612,6.93E-4,0.005425,9.374E-4,
0.0,1608.0,155.0,172.6,150.2,0.04884,4.609,0.2554,0.1796,1.013,0.4025,0.0,343.6,0.151,0.7373,0.4375,0.06975,0.2231,0.06127,0.09266,4.232,11.54,0.0,343.6,0.151,0.7373,0.4375,0.06975,0.2231,0.06127,0.09266,4.232,11.54,0.0,0.0,0.0,0.0,0.0,0.0,0.0,0.0,0.0,0.0,0.0,0.0,0.0,314.6,116.8,36.9,695.6,164.8,2.909,3.19,30.56,3.753,0.0,74.71,3.205,6.523,53.38,35.19,1.903,0.01201,0.01349,0.002372,0.01188,0.0,0.0,0.0,0.0,0.0,0.0,0.0,0.0,0.0,0.0,0.0,0.0,0.0,0.0,0.0,0.0,0.0,0.0,0.0,0.0,0.0,0.0,0.0,0.0,0.0,0.0,0.0,0.0,0.0,0.0,0.0,0.0,0.0,0.0,0.0,1.0E-4,0.0,4799.0,78270.0,96210.0,35980.0,1.981E7,39180.0,20380.0,22880.0,12940.0,22960.0,0.0,5.1520000000000005E-36,2.738E-36,1.343E-35,1.5290000000000002E-35,1.9650000000000003E-36,4.295E-37,1.0499999999999999E-38,7.871999999999999E-39,4.645E-38,2.152E-38,2.08E-35,0.0,0.7522,1.217,2.874,1.518,0.2147,0.04,0.003684,0.002615,0.01636,0.009695,0.0,0.0,3.431E-4,7.106E-4,4.8E-4,0.9959,9.721E-4,3.892E-4,5.107E-4,5.92E-5,6.203E-4,0.0,0.00115,0.009462,0.009948,0.006043,0.2285,0.01294,0.001607,6.874E-4,0.005409,9.323E-4,
0.0,1584.0,181.2,165.9,143.3,0.04626,4.589,0.2568,0.1796,0.9994,0.4043,0.0,343.6,0.1435,0.7508,0.4088,0.06899,0.2097,0.06094,0.09316,4.237,11.57,0.0,343.6,0.1435,0.7508,0.4088,0.06899,0.2097,0.06094,0.09316,4.237,11.57,0.0,0.0,0.0,0.0,0.0,0.0,0.0,0.0,0.0,0.0,0.0,0.0,0.0,326.4,127.1,33.89,659.3,174.8,2.295,2.632,27.93,3.875,0.0,71.41,4.681,8.536,56.49,36.83,0.03581,0.012,0.01342,0.002413,0.01187,0.0,0.0,0.0,0.0,0.0,0.0,0.0,0.0,0.0,0.0,0.0,0.0,0.0,0.0,0.0,0.0,0.0,0.0,0.0,0.0,0.0,0.0,0.0,0.0,0.0,0.0,0.0,0.0,0.0,0.0,0.0,0.0,0.0,0.0,0.0,1.0E-4,0.0,4857.0,80250.0,93380.0,40280.0,2.048E7,40180.0,21000.0,23650.0,12920.0,23770.0,0.0,3.7550000000000004E-36,3.4530000000000004E-36,1.338E-35,1.461E-35,2.33E-36,3.006E-37,1.008E-38,7.783E-39,4.447E-38,2.169E-38,2.08E-35,0.0,0.5482,1.426,2.795,1.5,0.2349,0.03049,0.003672,0.00268,0.01617,0.009704,0.0,0.0,3.431E-4,7.106E-4,4.8E-4,0.9959,9.721E-4,3.892E-4,5.107E-4,5.92E-5,6.203E-4,0.0,0.001211,0.00948,0.00996,0.005971,0.2279,0.01295,0.001599,7.009E-4,0.005355,9.518E-4,
0.0,1587.0,172.4,173.6,142.0,0.0463,4.679,0.2566,0.1741,1.007,0.3993,0.0,343.6,0.1184,0.7874,0.3886,0.06875,0.1458,0.06036,0.09184,4.238,11.63,0.0,343.6,0.1184,0.7874,0.3886,0.06875,0.1458,0.06036,0.09184,4.238,11.63,0.0,0.0,0.0,0.0,0.0,0.0,0.0,0.0,0.0,0.0,0.0,0.0,0.0,346.2,118.0,34.54,635.5,176.2,2.417,2.483,28.47,2.325,0.0,71.41,2.742,8.396,59.21,33.41,0.0317,0.01176,0.01322,0.002308,0.01168,0.0,0.0,0.0,0.0,0.0,0.0,0.0,0.0,0.0,0.0,0.0,0.0,0.0,0.0,0.0,0.0,0.0,0.0,0.0,0.0,0.0,0.0,0.0,0.0,0.0,0.0,0.0,0.0,0.0,0.0,0.0,0.0,0.0,0.0,0.0,1.0E-4,0.0,5033.0,79840.0,89450.0,38960.0,2.136E7,40040.0,20680.0,23370.0,12900.0,23790.0,0.0,3.806E-36,2.239E-36,1.354E-35,1.498E-35,1.879E-36,3.125E-37,9.947E-39,7.558E-39,4.436E-38,2.092E-38,2.08E-35,0.0,0.5822,1.347,2.813,1.527,0.2075,0.0325,0.003663,0.002586,0.01629,0.009645,0.0,0.0,3.431E-4,7.106E-4,4.8E-4,0.9959,9.721E-4,3.892E-4,5.107E-4,5.92E-5,6.203E-4,0.0,0.001251,0.01098,0.008362,0.005803,0.2269,0.01318,0.001594,6.836E-4,0.005379,9.228E-4,
0.0,1589.0,174.0,175.4,136.4,0.0473,5.29,0.2594,0.1779,1.01,2.048,0.0,343.6,0.1099,0.9833,0.5844,0.06828,0.1411,0.06013,0.09109,4.238,11.26,0.0,343.6,0.1099,0.9833,0.5844,0.06828,0.1411,0.06013,0.09109,4.238,11.26,0.0,0.0,0.0,0.0,0.0,0.0,0.0,0.0,0.0,0.0,0.0,0.0,0.0,349.1,119.4,35.83,626.9,172.4,2.992,2.998,29.14,2.422,0.0,76.91,2.615,10.55,48.64,33.26,0.02586,0.01169,0.0132,0.002242,0.01598,0.0,0.0,0.0,0.0,0.0,0.0,0.0,0.0,0.0,0.0,0.0,0.0,0.0,0.0,0.0,0.0,0.0,0.0,0.0,0.0,0.0,0.0,0.0,0.0,0.0,0.0,0.0,0.0,0.0,0.0,0.0,0.0,0.0,0.0,0.0,1.0E-4,0.0,5892.0,78910.0,87750.0,36450.0,2.258E7,40180.0,20540.0,23330.0,12870.0,24210.0,0.0,4.151E-36,1.9840000000000002E-36,1.378E-35,1.414E-35,1.873E-36,3.823E-37,1.01E-38,7.791E-39,4.43E-38,9.001E-38,2.08E-35,0.0,0.6364,1.345,2.816,1.44,0.2067,0.04015,0.003687,0.002606,0.01632,0.0281,0.0,0.0,3.431E-4,7.106E-4,4.8E-4,0.9959,9.721E-4,3.892E-4,5.107E-4,5.92E-5,6.203E-4,0.0,0.001395,0.01098,0.008263,0.005673,0.2268,0.0131,0.001603,6.886E-4,0.005388,0.001014,
0.0,1602.0,173.1,176.0,133.0,0.04826,4.616,0.2622,0.1819,1.014,0.7656,0.0,343.6,0.109,0.8509,0.4507,0.06825,0.1389,0.06115,0.09023,4.238,11.51,0.0,343.6,0.109,0.8509,0.4507,0.06825,0.1389,0.06115,0.09023,4.238,11.51,0.0,0.0,0.0,0.0,0.0,0.0,0.0,0.0,0.0,0.0,0.0,0.0,0.0,349.3,119.6,37.1,621.3,168.3,3.635,3.582,29.86,2.555,0.0,76.91,2.729,8.04,44.35,33.26,0.02458,0.01167,0.0132,0.002226,0.01196,0.0,0.0,0.0,0.0,0.0,0.0,0.0,0.0,0.0,0.0,0.0,0.0,0.0,0.0,0.0,0.0,0.0,0.0,0.0,0.0,0.0,0.0,0.0,0.0,0.0,0.0,0.0,0.0,0.0,0.0,0.0,0.0,0.0,0.0,0.0,1.0E-4,0.0,6074.0,79450.0,87870.0,36630.0,2.41E7,40960.0,21030.0,23980.0,12990.0,25060.0,0.0,4.273E-36,1.993E-36,1.356E-35,1.418E-35,1.873E-36,3.1309999999999997E-37,1.028E-38,8.050999999999999E-39,4.394E-38,3.492E-38,2.08E-35,0.0,0.684,1.346,2.803,1.427,0.2067,0.03202,0.003713,0.002631,0.01635,0.01336,0.0,0.0,3.431E-4,7.106E-4,4.8E-4,0.9959,9.721E-4,3.892E-4,5.107E-4,5.92E-5,6.203E-4,0.0,0.001556,0.011,0.008198,0.005622,0.2275,0.01283,0.001623,6.901E-4,0.005398,0.001016,
0.0,1606.0,173.2,176.8,128.5,0.04842,6.358,0.2626,0.1823,1.014,0.7658,0.0,343.6,0.162,0.8094,0.4179,0.06823,0.153,0.06102,0.09029,3.829,11.92,0.0,343.6,0.162,0.8094,0.4179,0.06823,0.153,0.06102,0.09029,3.829,11.92,0.0,0.0,0.0,0.0,0.0,0.0,0.0,0.0,0.0,0.0,0.0,0.0,0.0,349.3,121.2,37.77,622.3,167.5,3.759,3.695,29.99,2.582,0.0,85.64,1.676,7.274,34.12,33.25,0.02142,0.01168,0.0132,0.002233,0.01178,0.0,0.0,0.0,0.0,0.0,0.0,0.0,0.0,0.0,0.0,0.0,0.0,0.0,0.0,0.0,0.0,0.0,0.0,0.0,0.0,0.0,0.0,0.0,0.0,0.0,0.0,0.0,0.0,0.0,0.0,0.0,0.0,0.0,0.0,0.0,4.053E-4,0.0,6254.0,79850.0,89170.0,37600.0,2.566E7,42090.0,21720.0,24870.0,13100.0,26080.0,0.0,4.3360000000000006E-36,2.375E-36,1.3230000000000001E-35,1.349E-35,1.873E-36,6.013E-37,1.02E-38,8.074E-39,4.377E-38,3.487E-38,2.08E-35,0.0,0.6962,1.361,2.762,1.41,0.2067,0.05171,0.003718,0.002635,0.01634,0.01337,0.0,0.0,3.431E-4,7.106E-4,4.8E-4,0.9959,9.721E-4,3.892E-4,5.107E-4,5.92E-5,6.203E-4,0.0,0.001699,0.01105,0.00798,0.005721,0.2271,0.01262,0.001621,6.883E-4,0.005398,0.001015,
0.0,1609.0,170.8,177.1,131.4,0.08221,4.718,0.2632,0.1837,1.002,0.7675,0.0,343.6,0.1063,0.8946,0.3831,0.06816,0.1534,0.06108,0.09049,3.478,12.27,0.0,343.6,0.1063,0.8946,0.3831,0.06816,0.1534,0.06108,0.09049,3.478,12.27,0.0,0.0,0.0,0.0,0.0,0.0,0.0,0.0,0.0,0.0,0.0,0.0,0.0,354.4,121.2,37.84,613.0,167.1,3.831,3.801,29.44,2.663,0.0,93.44,1.622,6.877,24.74,32.79,0.2268,0.0117,0.01321,0.002258,0.01173,0.0,0.0,0.0,0.0,0.0,0.0,0.0,0.0,0.0,0.0,0.0,0.0,0.0,0.0,0.0,0.0,0.0,0.0,0.0,0.0,0.0,0.0,0.0,0.0,0.0,0.0,0.0,0.0,0.0,0.0,0.0,0.0,0.0,0.0,0.0,1.0E-4,0.0,6532.0,82500.0,88780.0,39230.0,2.727E7,43670.0,22740.0,26110.0,13300.0,27390.0,0.0,4.9070000000000004E-36,1.928E-36,1.364E-35,1.293E-35,1.856E-36,3.571E-37,1.008E-38,8.119999999999999E-39,4.2719999999999997E-38,3.489E-38,2.08E-35,0.0,0.7433,1.316,2.769,1.413,0.2018,0.03561,0.003726,0.002657,0.01614,0.0134,0.0,0.0,3.431E-4,7.106E-4,4.8E-4,0.9959,9.721E-4,3.892E-4,5.107E-4,5.92E-5,6.203E-4,0.0,0.00179,0.01105,0.00799,0.005618,0.2269,0.01249,0.001619,6.861E-4,0.005408,0.001013,
0.0,1615.0,174.5,173.9,119.4,0.08321,4.238,0.2634,0.1807,0.9978,0.7654,0.0,343.6,0.1127,0.9403,0.3339,0.06796,0.1393,0.06108,0.09346,3.481,12.27,0.0,343.6,0.1127,0.9403,0.3339,0.06796,0.1393,0.06108,0.09346,3.481,12.27,0.0,0.0,0.0,0.0,0.0,0.0,0.0,0.0,0.0,0.0,0.0,0.0,0.0,359.1,119.7,37.81,615.9,166.6,3.91,3.875,29.52,2.686,0.0,93.55,1.657,5.319,30.28,32.7,0.3601,0.01167,0.01313,0.002286,0.01168,0.0,0.0,0.0,0.0,0.0,0.0,0.0,0.0,0.0,0.0,0.0,0.0,0.0,0.0,0.0,0.0,0.0,0.0,0.0,0.0,0.0,0.0,0.0,0.0,0.0,0.0,0.0,0.0,0.0,0.0,0.0,0.0,0.0,0.0,0.0,1.0E-4,0.0,6999.0,84810.0,91640.0,39820.0,2.903E7,45480.0,23940.0,27570.0,13490.0,28900.0,0.0,5.444E-36,2.043E-36,1.3410000000000001E-35,1.235E-35,1.85E-36,3.0689999999999997E-37,9.964E-39,8.134E-39,4.241E-38,3.484E-38,2.08E-35,0.0,0.7982,1.358,2.714,1.362,0.201,0.03203,0.003728,0.002659,0.01614,0.0134,0.0,0.0,3.431E-4,7.106E-4,4.8E-4,0.9959,9.721E-4,3.892E-4,5.107E-4,5.92E-5,6.203E-4,0.0,0.002014,0.01104,0.007961,0.00556,0.2273,0.0123,0.00162,6.86E-4,0.005408,0.001013,
0.0,1615.0,172.4,171.3,124.6,0.08099,4.134,0.2636,0.1809,0.9972,0.7661,0.0,343.6,0.1378,0.8918,0.3566,0.0678,0.1381,0.06109,0.09346,2.93,12.83,0.0,343.6,0.1378,0.8918,0.3566,0.0678,0.1381,0.06109,0.09346,2.93,12.83,0.0,0.0,0.0,0.0,0.0,0.0,0.0,0.0,0.0,0.0,0.0,0.0,0.0,363.8,116.9,38.19,615.9,166.2,3.985,3.945,29.59,2.704,0.0,93.55,1.658,5.247,29.28,32.68,0.03585,0.01173,0.01314,0.002345,0.0117,0.0,0.0,0.0,0.0,0.0,0.0,0.0,0.0,0.0,0.0,0.0,0.0,0.0,0.0,0.0,0.0,0.0,0.0,0.0,0.0,0.0,0.0,0.0,0.0,0.0,0.0,0.0,0.0,0.0,0.0,0.0,0.0,0.0,0.0,0.0,8.117E-4,0.0,7162.0,86550.0,92390.0,38650.0,2.74E7,44940.0,23900.0,27390.0,13510.0,28360.0,0.0,5.444E-36,2.152E-36,1.301E-35,1.2420000000000001E-35,1.85E-36,2.586E-37,9.857E-39,8.138999999999999E-39,4.218E-38,3.479E-38,2.08E-35,0.0,0.7983,1.342,2.677,1.409,0.2009,0.02869,0.003731,0.002662,0.01612,0.01341,0.0,0.0,3.443E-4,7.13E-4,4.816E-4,0.9959,9.753E-4,3.905E-4,5.123E-4,5.94E-5,6.223E-4,0.0,0.002205,0.01102,0.007904,0.005601,0.2254,0.01203,0.001619,6.848E-4,0.005405,0.001014,
0.0,1618.0,176.4,157.0,125.8,0.07738,4.07,0.2636,0.1812,0.9978,0.7655,0.0,343.6,0.1122,0.94,0.3339,0.06784,0.137,0.06107,0.09376,2.268,13.49,0.0,343.6,0.1122,0.94,0.3339,0.06784,0.137,0.06107,0.09376,2.268,13.49,0.0,0.0,0.0,0.0,0.0,0.0,0.0,0.0,0.0,0.0,0.0,0.0,0.0,367.3,117.7,36.19,619.9,165.7,4.066,4.02,29.66,2.724,0.0,93.57,2.492,8.334,37.67,25.89,0.0356,0.01181,0.01317,0.002424,0.01175,0.0,0.0,0.0,0.0,0.0,0.0,0.0,0.0,0.0,0.0,0.0,0.0,0.0,0.0,0.0,0.0,0.0,0.0,0.0,0.0,0.0,0.0,0.0,0.0,0.0,0.0,0.0,0.0,0.0,0.0,0.0,0.0,0.0,0.0,0.0,7.138E-4,0.0,7476.0,88620.0,96020.0,28980.0,2.673E7,44420.0,24270.0,27730.0,13490.0,28420.0,0.0,5.5960000000000005E-36,2.066E-36,1.3050000000000001E-35,1.221E-35,1.709E-36,2.561E-37,9.754E-39,8.156999999999999E-39,4.194E-38,3.47E-38,2.08E-35,0.0,0.8264,1.372,2.648,1.413,0.1638,0.02862,0.003735,0.002665,0.01612,0.01342,0.0,0.0,3.443E-4,7.13E-4,4.816E-4,0.9959,9.753E-4,3.905E-4,5.123E-4,5.94E-5,6.223E-4,0.0,0.002381,0.01093,0.007934,0.005179,0.2257,0.012,0.001616,6.888E-4,0.005408,0.00101,
0.0,1598.0,194.5,161.1,124.4,6.832,4.012,0.2639,0.1812,0.9977,0.7987,0.0,343.6,0.1097,0.9767,0.3485,0.06893,0.1516,0.06149,0.08786,2.256,13.44,0.0,343.6,0.1097,0.9767,0.3485,0.06893,0.1516,0.06149,0.08786,2.256,13.44,0.0,0.0,0.0,0.0,0.0,0.0,0.0,0.0,0.0,0.0,0.0,0.0,0.0,371.0,117.8,37.24,616.3,165.1,4.15,4.096,29.75,2.741,0.0,90.0,2.562,8.274,32.32,25.85,0.02987,0.01178,0.01316,0.002402,0.01173,0.0,0.0,0.0,0.0,0.0,0.0,0.0,0.0,0.0,0.0,0.0,0.0,0.0,0.0,0.0,0.0,0.0,0.0,0.0,0.0,0.0,0.0,0.0,0.0,0.0,0.0,0.0,0.0,0.0,0.0,0.0,0.0,0.0,0.0,0.0,1.0E-4,0.0,7897.0,89550.0,91150.0,33330.0,2.685E7,44060.0,24200.0,27670.0,13450.0,28700.0,0.0,4.3030000000000005E-36,2.0800000000000002E-36,1.312E-35,1.176E-35,1.8070000000000002E-36,2.53E-37,9.682E-39,8.165E-39,4.163E-38,3.8039999999999997E-38,2.08E-35,0.0,0.6331,1.522,2.68,1.375,0.2002,0.02867,0.003738,0.002669,0.01612,0.01533,0.0,0.0,3.443E-4,7.13E-4,4.816E-4,0.9959,9.753E-4,3.905E-4,5.123E-4,5.94E-5,6.223E-4,0.0,0.002606,0.01087,0.007836,0.0052,0.2256,0.0118,0.00162,6.84E-4,0.005409,0.001091,
0.0,1600.0,190.3,163.3,128.5,0.06794,3.963,0.2645,0.1821,0.999,1.47,0.0,343.6,0.1092,0.9728,0.3502,0.06862,0.1377,0.06164,0.06936,2.145,13.58,0.0,343.6,0.1092,0.9728,0.3502,0.06862,0.1377,0.06164,0.06936,2.145,13.58,0.0,0.0,0.0,0.0,0.0,0.0,0.0,0.0,0.0,0.0,0.0,0.0,0.0,377.7,114.7,37.61,613.9,163.9,4.335,4.265,29.95,2.781,0.0,90.0,2.597,7.499,29.59,29.9,0.02358,0.01165,0.01312,0.002276,0.01171,0.0,0.0,0.0,0.0,0.0,0.0,0.0,0.0,0.0,0.0,0.0,0.0,0.0,0.0,0.0,0.0,0.0,0.0,0.0,0.0,0.0,0.0,0.0,0.0,0.0,0.0,0.0,0.0,0.0,0.0,0.0,0.0,0.0,0.0,0.0,5.379E-4,0.0,8161.0,88590.0,91620.0,32260.0,2.746E7,43300.0,23410.0,26870.0,13250.0,28260.0,0.0,4.403E-36,1.995E-36,1.298E-35,1.156E-35,1.725E-36,2.5159999999999998E-37,9.642E-39,8.233E-39,4.138E-38,8.746E-38,2.08E-35,0.0,0.6618,1.493,2.674,1.379,0.1806,0.02857,0.003744,0.002677,0.01613,0.02933,0.0,0.0,3.443E-4,7.13E-4,4.816E-4,0.9959,9.753E-4,3.905E-4,5.123E-4,5.94E-5,6.223E-4,0.0,0.00274,0.01079,0.007795,0.00518,0.2256,0.01155,0.001623,6.85E-4,0.005419,0.001095,
0.0,1600.0,188.5,164.1,132.6,0.06066,3.942,0.2671,0.185,1.011,0.9757,0.0,343.6,0.07328,0.9468,0.3459,0.06804,0.134,0.06226,0.05668,1.775,14.03,0.0,343.6,0.07328,0.9468,0.3459,0.06804,0.134,0.06226,0.05668,1.775,14.03,0.0,0.0,0.0,0.0,0.0,0.0,0.0,0.0,0.0,0.0,0.0,0.0,0.0,381.0,115.7,37.06,611.9,163.2,4.406,4.187,30.71,3.034,0.0,90.0,2.669,7.728,25.04,29.9,0.0217,0.01161,0.01311,0.002236,0.01158,0.0,0.0,0.0,0.0,0.0,0.0,0.0,0.0,0.0,0.0,0.0,0.0,0.0,0.0,0.0,0.0,0.0,0.0,0.0,0.0,0.0,0.0,0.0,0.0,0.0,0.0,0.0,0.0,0.0,0.0,0.0,0.0,0.0,0.0,0.0,1.0E-4,0.0,8250.0,88880.0,90810.0,32030.0,2.849E7,43730.0,23450.0,27040.0,13280.0,28670.0,0.0,4.403E-36,1.954E-36,1.295E-35,1.134E-35,1.725E-36,2.507E-37,9.64E-39,9.162999999999999E-39,4.124E-38,5.981E-38,2.08E-35,0.0,0.6618,1.472,2.675,1.397,0.1806,0.02851,0.003751,0.002751,0.01633,0.01793,0.0,0.0,3.443E-4,7.13E-4,4.816E-4,0.9959,9.753E-4,3.905E-4,5.123E-4,5.94E-5,6.223E-4,0.0,0.002792,0.01082,0.007739,0.005136,0.2256,0.01143,0.001631,6.792E-4,0.005395,0.001175,
0.0,1602.0,190.8,160.0,135.7,0.05701,4.43,0.2671,0.185,1.011,0.9758,0.0,343.6,0.08795,0.9315,0.3395,0.06805,0.1406,0.06248,0.0567,1.775,14.03,0.0,343.6,0.08795,0.9315,0.3395,0.06805,0.1406,0.06248,0.0567,1.775,14.03,0.0,0.0,0.0,0.0,0.0,0.0,0.0,0.0,0.0,0.0,0.0,0.0,0.0,381.9,115.4,36.91,607.4,163.2,4.397,4.177,30.71,3.026,0.0,90.0,2.72,7.478,21.43,29.94,0.02165,0.01161,0.01311,0.002236,0.01157,0.0,0.0,0.0,0.0,0.0,0.0,0.0,0.0,0.0,0.0,0.0,0.0,0.0,0.0,0.0,0.0,0.0,0.0,0.0,0.0,0.0,0.0,0.0,0.0,0.0,0.0,0.0,0.0,0.0,0.0,0.0,0.0,0.0,0.0,0.0,4.361E-4,0.0,8424.0,89440.0,91370.0,31770.0,2.981E7,44900.0,24000.0,27750.0,13390.0,29490.0,0.0,4.453E-36,2.008E-36,1.277E-35,1.104E-35,1.725E-36,3.302E-37,9.527999999999999E-39,9.113999999999999E-39,4.084E-38,5.917E-38,2.08E-35,0.0,0.682,1.492,2.632,1.392,0.1808,0.03319,0.003751,0.002751,0.01633,0.01793,0.0,0.0,3.443E-4,7.13E-4,4.816E-4,0.9959,9.753E-4,3.905E-4,5.123E-4,5.94E-5,6.223E-4,0.0,0.002878,0.01078,0.007692,0.005136,0.2256,0.0113,0.001632,6.781E-4,0.005391,0.001175,
0.0,1604.0,186.8,161.9,137.3,0.05441,4.424,0.264,0.183,1.011,0.9756,0.0,343.6,0.07218,0.9435,0.3353,0.06792,0.1379,0.06294,0.05646,1.743,14.07,0.0,343.6,0.07218,0.9435,0.3353,0.06792,0.1379,0.06294,0.05646,1.743,14.07,0.0,0.0,0.0,0.0,0.0,0.0,0.0,0.0,0.0,0.0,0.0,0.0,0.0,383.9,113.3,37.44,609.0,163.2,4.397,4.177,30.71,3.026,0.0,90.0,2.778,7.384,20.16,29.8,0.02265,0.01164,0.01312,0.002258,0.01158,0.0,0.0,0.0,0.0,0.0,0.0,0.0,0.0,0.0,0.0,0.0,0.0,0.0,0.0,0.0,0.0,0.0,0.0,0.0,0.0,0.0,0.0,0.0,0.0,0.0,0.0,0.0,0.0,0.0,0.0,0.0,0.0,0.0,0.0,0.0,1.0E-4,0.0,8504.0,92190.0,94040.0,32950.0,3.13E7,46490.0,24890.0,28830.0,13590.0,30640.0,0.0,4.738E-36,1.931E-36,1.272E-35,1.057E-35,1.7230000000000002E-36,3.252E-37,9.435999999999999E-39,9.072E-39,4.026E-38,5.861E-38,2.08E-35,0.0,0.6987,1.461,2.636,1.404,0.1801,0.03311,0.003751,0.002751,0.01633,0.01793,0.0,0.0,3.443E-4,7.13E-4,4.816E-4,0.9959,9.753E-4,3.905E-4,5.123E-4,5.94E-5,6.223E-4,0.0,0.002985,0.01101,0.007473,0.005125,0.2255,0.01124,0.001634,6.737E-4,0.00539,0.001174,
0.0,1590.0,206.5,161.5,133.1,0.05216,4.448,0.2542,0.1762,1.003,0.9883,0.0,343.6,0.0848,0.8885,0.3609,0.07559,0.1352,0.09698,0.2847,1.545,14.01,0.0,343.6,0.0848,0.8885,0.3609,0.07559,0.1352,0.09698,0.2847,1.545,14.01,0.0,0.0,0.0,0.0,0.0,0.0,0.0,0.0,0.0,0.0,0.0,0.0,0.0,384.8,113.6,32.87,611.3,175.5,2.456,2.398,28.57,2.666,0.0,87.29,2.35,6.53,24.66,27.11,0.02454,0.01168,0.01313,0.002298,0.01162,0.0,0.0,0.0,0.0,0.0,0.0,0.0,0.0,0.0,0.0,0.0,0.0,0.0,0.0,0.0,0.0,0.0,0.0,0.0,0.0,0.0,0.0,0.0,0.0,0.0,0.0,0.0,0.0,0.0,0.0,0.0,0.0,0.0,0.0,0.0,3.969E-4,0.0,8710.0,94350.0,101600.0,33290.0,3.291E7,48450.0,25950.0,30100.0,13790.0,32060.0,0.0,3.861E-36,2.1870000000000003E-36,1.248E-35,1.014E-35,1.779E-36,3.259E-37,8.384E-39,7.827E-39,3.88E-38,5.655E-38,2.08E-35,0.0,0.5897,1.62,2.585,1.388,0.1911,0.03349,0.003658,0.002655,0.01624,0.01809,0.0,0.0,3.443E-4,7.13E-4,4.816E-4,0.9959,9.753E-4,3.905E-4,5.123E-4,5.94E-5,6.223E-4,0.0,0.003136,0.01091,0.007328,0.005096,0.2258,0.01128,0.001614,6.475E-4,0.005377,0.001172,
0.0,1590.0,207.6,154.9,131.4,0.2786,3.835,0.4833,0.2338,1.075,1.208,0.0,343.6,0.1237,0.8946,0.3189,0.07891,0.1199,0.09779,0.285,1.562,14.0,0.0,343.6,0.1237,0.8946,0.3189,0.07891,0.1199,0.09779,0.285,1.562,14.0,0.0,0.0,0.0,0.0,0.0,0.0,0.0,0.0,0.0,0.0,0.0,0.0,0.0,387.0,114.7,33.18,611.1,174.8,2.565,2.499,28.69,2.687,0.0,87.29,2.075,4.748,32.79,27.04,0.02736,0.01174,0.01315,0.002358,0.01167,0.0,0.0,0.0,0.0,0.0,0.0,0.0,0.0,0.0,0.0,0.0,0.0,0.0,0.0,0.0,0.0,0.0,0.0,0.0,0.0,0.0,0.0,0.0,0.0,0.0,0.0,0.0,0.0,0.0,0.0,0.0,0.0,0.0,0.0,0.0,7.338E-4,0.0,8770.0,96090.0,107600.0,32490.0,3.209E7,48010.0,26170.0,30270.0,13880.0,31980.0,0.0,3.861E-36,2.252E-36,1.232E-35,9.937000000000001E-36,1.798E-36,2.665E-37,2.995E-38,1.3189999999999999E-38,4.516E-38,7.465E-38,2.08E-35,0.0,0.5898,1.633,2.506,1.391,0.2473,0.02724,0.006111,0.003272,0.01701,0.02044,0.0,0.0,3.443E-4,7.13E-4,4.816E-4,0.9959,9.753E-4,3.905E-4,5.123E-4,5.94E-5,6.223E-4,0.0,0.003222,0.0109,0.007352,0.00501,0.2257,0.01121,0.001632,6.529E-4,0.005384,0.001189,
0.0,1591.0,203.9,159.2,134.3,0.05666,3.713,0.4881,0.2401,1.066,1.21,0.0,343.6,0.07651,0.9317,0.3189,0.08518,0.118,0.09844,0.2848,1.531,14.03,0.0,343.6,0.07651,0.9317,0.3189,0.08518,0.118,0.09844,0.2848,1.531,14.03,0.0,0.0,0.0,0.0,0.0,0.0,0.0,0.0,0.0,0.0,0.0,0.0,0.0,390.6,114.3,35.89,611.4,166.8,3.911,3.828,29.44,3.075,0.0,87.29,2.167,6.15,25.66,27.21,0.03601,0.01697,0.0188,0.003408,0.01598,0.0,0.0,0.0,0.0,0.0,0.0,0.0,0.0,0.0,0.0,0.0,0.0,0.0,0.0,0.0,0.0,0.0,0.0,0.0,0.0,0.0,0.0,0.0,0.0,0.0,0.0,0.0,0.0,0.0,0.0,0.0,0.0,0.0,0.0,0.0,8.796E-4,0.0,8940.0,101400.0,111800.0,35550.0,3.014E7,44650.0,23540.0,27220.0,13480.0,29230.0,0.0,3.876E-36,2.07E-36,1.246E-35,9.710000000000001E-36,1.748E-36,2.582E-37,2.995E-38,1.342E-38,4.468E-38,7.148E-38,2.08E-35,0.0,0.5998,1.592,2.596,1.38,0.1882,0.02688,0.00619,0.003379,0.01685,0.02049,0.0,0.0,3.443E-4,7.13E-4,4.816E-4,0.9959,9.753E-4,3.905E-4,5.123E-4,5.94E-5,6.223E-4,0.0,0.003363,0.01094,0.007464,0.005082,0.2254,0.01105,0.001625,6.317E-4,0.0054,0.001172,
0.0,1594.0,203.2,159.3,134.9,0.05222,3.348,0.4777,0.2248,1.057,1.245,0.0,343.6,0.07623,0.9239,0.3047,0.08512,0.1818,0.112,0.2696,1.424,14.09,0.0,343.6,0.07623,0.9239,0.3047,0.08512,0.1818,0.112,0.2696,1.424,14.09,0.0,0.0,0.0,0.0,0.0,0.0,0.0,0.0,0.0,0.0,0.0,0.0,0.0,391.8,115.2,32.84,606.4,175.7,2.365,2.428,27.69,2.767,0.0,87.29,2.252,5.498,23.48,27.2,0.05733,0.01784,0.01964,0.003735,0.01664,0.0,0.0,0.0,0.0,0.0,0.0,0.0,0.0,0.0,0.0,0.0,0.0,0.0,0.0,0.0,0.0,0.0,0.0,0.0,0.0,0.0,0.0,0.0,0.0,0.0,0.0,0.0,0.0,0.0,0.0,0.0,0.0,0.0,0.0,0.0,7.107E-4,0.0,9161.0,102900.0,104400.0,35040.0,2.95E7,44090.0,22870.0,26440.0,13370.0,28550.0,0.0,4.08E-36,2.057E-36,1.221E-35,9.382E-36,1.748E-36,3.77E-37,2.933E-38,1.316E-38,4.403E-38,6.956E-38,2.08E-35,0.0,0.6444,1.585,2.56,1.363,0.1882,0.03775,0.006187,0.003374,0.01684,0.02057,0.0,0.0,3.443E-4,7.13E-4,4.816E-4,0.9959,9.753E-4,3.905E-4,5.123E-4,5.94E-5,6.223E-4,0.0,0.003607,0.01089,0.00737,0.005042,0.2253,0.01094,0.00162,6.186E-4,0.005373,0.001231,
0.0,1594.0,202.2,156.9,133.9,0.04935,5.479,0.4801,0.2319,1.082,1.432,0.0,343.6,0.07718,0.9219,0.3745,0.08653,0.1794,0.1127,0.2816,1.719,13.72,0.0,343.6,0.07718,0.9219,0.3745,0.08653,0.1794,0.1127,0.2816,1.719,13.72,0.0,0.0,0.0,0.0,0.0,0.0,0.0,0.0,0.0,0.0,0.0,0.0,0.0,395.7,116.3,33.84,603.7,171.1,2.951,3.177,28.55,2.927,0.0,87.29,2.118,5.578,24.07,27.6,0.03069,0.01752,0.01949,0.003422,0.01644,0.0,0.0,0.0,0.0,0.0,0.0,0.0,0.0,0.0,0.0,0.0,0.0,0.0,0.0,0.0,0.0,0.0,0.0,0.0,0.0,0.0,0.0,0.0,0.0,0.0,0.0,0.0,0.0,0.0,0.0,0.0,0.0,0.0,0.0,0.0,5.814E-4,0.0,9217.0,103000.0,102300.0,35170.0,2.979E7,43440.0,22490.0,26120.0,13180.0,28340.0,0.0,4.08E-36,2.0550000000000002E-36,1.212E-35,8.849E-36,1.769E-36,6.957999999999999E-37,2.948E-38,1.392E-38,4.537E-38,7.607999999999999E-38,2.08E-35,0.0,0.6444,1.577,2.56,1.335,0.1902,0.06086,0.006257,0.003531,0.01725,0.02267,0.0,0.0,3.443E-4,7.13E-4,4.816E-4,0.9959,9.753E-4,3.905E-4,5.123E-4,5.94E-5,6.223E-4,0.0,0.003614,0.01089,0.007383,0.005019,0.2253,0.01088,0.001636,6.608E-4,0.005321,0.001255,
0.0,1594.0,202.1,154.0,125.2,0.05755,3.336,0.4832,0.2311,1.071,1.232,0.0,343.6,0.07653,0.9166,0.3159,0.08648,0.1771,0.1124,0.2692,0.5991,14.91,0.0,343.6,0.07653,0.9166,0.3159,0.08648,0.1771,0.1124,0.2692,0.5991,14.91,0.0,0.0,0.0,0.0,0.0,0.0,0.0,0.0,0.0,0.0,0.0,0.0,0.0,398.8,119.7,36.99,601.3,158.4,4.614,4.522,30.65,3.18,0.0,87.29,2.1,6.84,36.85,27.26,0.02759,0.0176,0.01963,0.003385,0.01651,0.0,0.0,0.0,0.0,0.0,0.0,0.0,0.0,0.0,0.0,0.0,0.0,0.0,0.0,0.0,0.0,0.0,0.0,0.0,0.0,0.0,0.0,0.0,0.0,0.0,0.0,0.0,0.0,0.0,0.0,0.0,0.0,0.0,0.0,0.0,1.0E-4,0.0,9312.0,102500.0,99630.0,35800.0,3.053E7,43390.0,22260.0,25890.0,13180.0,28350.0,0.0,4.081E-36,2.0290000000000002E-36,1.207E-35,9.031E-36,1.771E-36,3.496E-37,3.079E-38,1.539E-38,4.638E-38,6.605E-38,2.08E-35,0.0,0.6444,1.577,2.536,1.385,0.1903,0.0359,0.006428,0.00363,0.01723,0.01982,0.0,0.0,3.443E-4,7.13E-4,4.816E-4,0.9959,9.753E-4,3.905E-4,5.123E-4,5.94E-5,6.223E-4,0.0,0.003658,0.01087,0.007364,0.005157,0.2249,0.01069,0.001657,6.524E-4,0.005368,0.001245,
0.0,1594.0,201.7,155.3,128.4,0.9961,3.891,0.4324,0.229,1.051,1.232,0.0,343.6,0.07693,0.9233,0.3118,0.08426,0.1747,0.1125,0.2707,0.5964,14.91,0.0,343.6,0.07693,0.9233,0.3118,0.08426,0.1747,0.1125,0.2707,0.5964,14.91,0.0,0.0,0.0,0.0,0.0,0.0,0.0,0.0,0.0,0.0,0.0,0.0,0.0,400.4,120.1,37.14,597.4,158.5,4.705,5.064,29.68,3.204,0.0,87.29,2.127,5.966,30.34,27.12,1.039,0.01759,0.01962,0.003373,0.0165,0.0,0.0,0.0,0.0,0.0,0.0,0.0,0.0,0.0,0.0,0.0,0.0,0.0,0.0,0.0,0.0,0.0,0.0,0.0,0.0,0.0,0.0,0.0,0.0,0.0,0.0,0.0,0.0,0.0,0.0,0.0,0.0,0.0,0.0,0.0,4.659E-4,0.0,9411.0,103800.0,102200.0,37490.0,3.163E7,44250.0,22360.0,26090.0,13260.0,28780.0,0.0,4.081E-36,2.021E-36,1.192E-35,8.544E-36,1.931E-36,5.373E-37,3.019E-38,1.558E-38,4.5129999999999997E-38,6.474E-38,2.08E-35,0.0,0.6468,1.574,2.519,1.365,0.2039,0.05171,0.005897,0.003671,0.0169,0.01983,0.0,0.0,3.443E-4,7.13E-4,4.816E-4,0.9959,9.753E-4,3.905E-4,5.123E-4,5.94E-5,6.223E-4,0.0,0.003879,0.01087,0.007319,0.005146,0.2249,0.01049,0.001628,6.31E-4,0.005392,0.001244,
0.0,1596.0,179.8,176.9,135.0,0.0639,3.708,0.4273,0.2141,1.071,1.231,0.0,343.6,0.07705,0.9279,0.3087,0.08333,0.1733,0.112,0.2686,0.599,14.91,0.0,343.6,0.07705,0.9279,0.3087,0.08333,0.1733,0.112,0.2686,0.599,14.91,0.0,0.0,0.0,0.0,0.0,0.0,0.0,0.0,0.0,0.0,0.0,0.0,0.0,410.9,107.3,30.83,594.9,175.2,1.889,2.419,28.1,2.636,0.0,87.29,2.062,6.765,23.74,25.82,0.1108,0.01762,0.01966,0.00341,0.01652,0.0,0.0,0.0,0.0,0.0,0.0,0.0,0.0,0.0,0.0,0.0,0.0,0.0,0.0,0.0,0.0,0.0,0.0,0.0,0.0,0.0,0.0,0.0,0.0,0.0,0.0,0.0,0.0,0.0,0.0,0.0,0.0,0.0,0.0,0.0,4.288E-4,0.0,9530.0,105200.0,102900.0,36750.0,3.302E7,52360.0,23000.0,26910.0,13280.0,29700.0,0.0,4.2520000000000005E-36,2.0360000000000003E-36,1.178E-35,8.696000000000001E-36,1.741E-36,2.71E-37,2.61E-38,1.208E-38,4.184E-38,6.272E-38,2.08E-35,0.0,0.6712,1.405,2.67,1.387,0.1851,0.03249,0.005564,0.003193,0.01696,0.01976,0.0,0.0,3.443E-4,7.13E-4,4.816E-4,0.9959,9.753E-4,3.905E-4,5.123E-4,5.94E-5,6.223E-4,0.0,0.003946,0.01103,0.007007,0.004899,0.225,0.01086,0.001612,6.222E-4,0.005351,0.00124,
0.0,1593.0,189.6,169.9,134.5,1.949,4.77,0.4336,0.214,1.234,1.102,0.0,343.6,0.08826,0.8355,0.328,0.09654,0.1783,0.1127,0.2683,0.597,14.96,0.0,343.6,0.08826,0.8355,0.328,0.09654,0.1783,0.1127,0.2683,0.597,14.96,0.0,0.0,0.0,0.0,0.0,0.0,0.0,0.0,0.0,0.0,0.0,0.0,0.0,416.4,105.1,31.51,598.2,173.9,2.076,2.578,27.83,2.695,0.0,86.82,2.141,5.726,20.56,26.21,0.3389,0.01765,0.01967,0.003448,0.01655,0.0,0.0,0.0,0.0,0.0,0.0,0.0,0.0,0.0,0.0,0.0,0.0,0.0,0.0,0.0,0.0,0.0,0.0,0.0,0.0,0.0,0.0,0.0,0.0,0.0,0.0,0.0,0.0,0.0,0.0,0.0,0.0,0.0,0.0,0.0,1.0E-4,0.0,9647.0,105400.0,101200.0,39110.0,3.449E7,54880.0,23920.0,28020.0,13480.0,30960.0,0.0,4.0970000000000005E-36,2.26E-36,1.131E-35,8.125000000000001E-36,2.0900000000000002E-36,4.644E-37,2.557E-38,1.199E-38,4.84E-38,5.592E-38,2.08E-35,0.0,0.6468,1.497,2.562,1.364,0.2187,0.05137,0.005605,0.003193,0.01927,0.01792,0.0,0.0,3.443E-4,7.13E-4,4.816E-4,0.9959,9.753E-4,3.905E-4,5.123E-4,5.94E-5,6.223E-4,0.0,0.004042,0.01104,0.006771,0.004963,0.225,0.01084,0.001626,6.154E-4,0.005372,0.001239,
0.0,1599.0,186.0,162.9,119.8,1.236,4.774,0.4373,0.2149,1.238,1.099,0.0,343.6,0.08459,0.912,0.26,0.08437,0.1723,0.134,0.2791,1.193,14.33,0.0,343.6,0.08459,0.912,0.26,0.08437,0.1723,0.134,0.2791,1.193,14.33,0.0,0.0,0.0,0.0,0.0,0.0,0.0,0.0,0.0,0.0,0.0,0.0,0.0,412.9,109.2,32.83,596.5,175.2,2.325,3.106,28.26,2.783,0.0,87.16,1.906,4.524,40.25,26.94,0.1649,0.01771,0.0197,0.003508,0.0166,0.0,0.0,0.0,0.0,0.0,0.0,0.0,0.0,0.0,0.0,0.0,0.0,0.0,0.0,0.0,0.0,0.0,0.0,0.0,0.0,0.0,0.0,0.0,0.0,0.0,0.0,0.0,0.0,0.0,0.0,0.0,0.0,0.0,0.0,0.0,5.325E-4,0.0,9922.0,104500.0,100200.0,38830.0,3.511E7,55310.0,24540.0,28740.0,13540.0,31590.0,0.0,4.241E-36,2.141E-36,1.135E-35,8.025E-36,1.876E-36,3.283E-37,2.511E-38,1.2109999999999999E-38,4.801E-38,5.47E-38,2.08E-35,0.0,0.7114,1.475,2.559,1.321,0.2082,0.04344,0.005625,0.003216,0.01933,0.01788,0.0,0.0,3.443E-4,7.13E-4,4.816E-4,0.9959,9.753E-4,3.905E-4,5.123E-4,5.94E-5,6.223E-4,0.0,0.004198,0.01067,0.007044,0.004835,0.2249,0.01081,0.001633,6.159E-4,0.005393,0.001216,
0.0,1599.0,182.0,165.9,129.5,0.5884,3.262,0.4303,0.2186,1.098,1.231,0.0,343.6,0.08152,0.8978,0.3123,0.08776,0.1713,0.1337,0.2797,0.8097,14.66,0.0,343.6,0.08152,0.8978,0.3123,0.08776,0.1713,0.1337,0.2797,0.8097,14.66,0.0,0.0,0.0,0.0,0.0,0.0,0.0,0.0,0.0,0.0,0.0,0.0,0.0,414.2,112.8,34.5,596.9,172.4,2.526,3.732,29.27,2.889,0.0,87.16,1.884,4.425,33.44,25.68,0.1176,0.01779,0.01971,0.003575,0.01666,0.0,0.0,0.0,0.0,0.0,0.0,0.0,0.0,0.0,0.0,0.0,0.0,0.0,0.0,0.0,0.0,0.0,0.0,0.0,0.0,0.0,0.0,0.0,0.0,0.0,0.0,0.0,0.0,0.0,0.0,0.0,0.0,0.0,0.0,0.0,1.0E-4,0.0,9968.0,104500.0,98770.0,38490.0,3.229E7,55600.0,23880.0,27890.0,13550.0,30170.0,0.0,4.241E-36,2.0770000000000002E-36,1.122E-35,8.050000000000001E-36,1.8170000000000003E-36,2.259E-37,2.446E-38,1.233E-38,4.203E-38,5.885E-38,2.08E-35,0.0,0.7114,1.435,2.564,1.366,0.1974,0.02805,0.005513,0.003263,0.01743,0.01969,0.0,0.0,3.443E-4,7.13E-4,4.816E-4,0.9959,9.753E-4,3.905E-4,5.123E-4,5.94E-5,6.223E-4,0.0,0.004198,0.01064,0.006979,0.004859,0.2248,0.01098,0.001501,6.275E-4,0.00541,0.001186,
0.0,1590.0,192.3,163.7,129.6,0.4273,3.219,0.4337,0.223,1.088,1.408,0.0,343.6,0.08231,0.8836,0.3136,0.0907,0.1457,0.1534,0.2629,1.171,14.32,0.0,343.6,0.08231,0.8836,0.3136,0.0907,0.1457,0.1534,0.2629,1.171,14.32,0.0,0.0,0.0,0.0,0.0,0.0,0.0,0.0,0.0,0.0,0.0,0.0,0.0,417.2,116.0,34.76,586.6,168.3,3.047,4.634,29.41,3.147,0.0,85.68,1.965,5.222,33.23,25.87,0.1323,0.01789,0.01974,0.003671,0.01711,0.0,0.0,0.0,0.0,0.0,0.0,0.0,0.0,0.0,0.0,0.0,0.0,0.0,0.0,0.0,0.0,0.0,0.0,0.0,0.0,0.0,0.0,0.0,0.0,0.0,0.0,0.0,0.0,0.0,0.0,0.0,0.0,0.0,0.0,0.0,1.0E-4,0.0,10080.0,106600.0,97830.0,38080.0,3.121E7,53540.0,23930.0,27870.0,13560.0,29970.0,0.0,3.771E-36,2.098E-36,1.059E-35,7.849E-36,1.8420000000000002E-36,2.2289999999999998E-37,2.405E-38,1.2649999999999999E-38,4.144E-38,5.428E-37,2.08E-35,0.0,0.6361,1.517,2.515,1.36,0.2004,0.02781,0.005553,0.003329,0.01727,0.05478,0.0,0.0,3.443E-4,7.13E-4,4.816E-4,0.9959,9.753E-4,3.905E-4,5.123E-4,5.94E-5,6.223E-4,0.0,0.004356,0.01063,0.00691,0.004836,0.2244,0.01075,0.001488,6.405E-4,0.005439,0.001309,
0.0,1590.0,192.6,160.9,124.0,0.5417,11.21,0.436,0.2717,1.052,1.237,0.0,343.6,0.08409,0.8751,0.3102,0.09079,0.1539,0.1539,0.3658,2.358,13.03,0.0,343.6,0.08409,0.8751,0.3102,0.09079,0.1539,0.1539,0.3658,2.358,13.03,0.0,0.0,0.0,0.0,0.0,0.0,0.0,0.0,0.0,0.0,0.0,0.0,0.0,417.6,117.7,34.98,584.2,164.2,3.48,5.546,30.16,3.306,0.0,85.68,1.892,5.152,32.86,26.06,0.1208,0.01789,0.01985,0.003558,0.01674,0.0,0.0,0.0,0.0,0.0,0.0,0.0,0.0,0.0,0.0,0.0,0.0,0.0,0.0,0.0,0.0,0.0,0.0,0.0,0.0,0.0,0.0,0.0,0.0,0.0,0.0,0.0,0.0,0.0,0.0,0.0,0.0,0.0,0.0,0.0,1.009E-4,0.0,10120.0,106700.0,97390.0,38170.0,3.109E7,51370.0,23190.0,28480.0,12000.0,29270.0,0.0,3.7810000000000004E-36,2.095E-36,1.0780000000000001E-35,7.678000000000001E-36,1.853E-36,3.409E-37,2.356E-38,1.434E-38,4.004E-38,8.282E-38,2.08E-35,0.0,0.6413,1.52,2.508,1.339,0.2041,0.07112,0.005583,0.004095,0.01665,0.02157,0.0,0.0,3.443E-4,7.13E-4,4.816E-4,0.9959,9.753E-4,3.905E-4,5.123E-4,5.94E-5,6.223E-4,0.0,0.004374,0.01052,0.006895,0.004858,0.2246,0.0107,0.001499,0.001476,0.004668,0.001262,
0.0,1586.0,195.9,160.8,133.7,0.4912,3.118,0.4353,0.2729,1.058,1.187,0.0,343.6,0.08395,0.9016,0.3952,0.1189,0.153,0.1539,0.3654,1.858,13.39,0.0,343.6,0.08395,0.9016,0.3952,0.1189,0.153,0.1539,0.3654,1.858,13.39,0.0,0.0,0.0,0.0,0.0,0.0,0.0,0.0,0.0,0.0,0.0,0.0,0.0,423.6,116.8,32.51,584.1,164.2,3.481,5.546,30.15,5.877,0.0,84.81,1.874,5.01,30.91,25.97,0.08534,0.01778,0.01982,0.003455,0.5973,0.0,0.0,0.0,0.0,0.0,0.0,0.0,0.0,0.0,0.0,0.0,0.0,0.0,0.0,0.0,0.0,0.0,0.0,0.0,0.0,0.0,0.0,0.0,0.0,0.0,0.0,0.0,0.0,0.0,0.0,0.0,0.0,0.0,0.0,0.0,5.443E-4,0.0,10180.0,106700.0,96080.0,37560.0,3.161E7,50860.0,23010.0,28310.0,11960.0,29700.0,0.0,3.59E-36,2.1030000000000002E-36,1.067E-35,7.593000000000001E-36,1.8420000000000002E-36,2.089E-37,2.284E-38,1.414E-38,3.953E-38,9.903E-38,2.08E-35,0.0,0.6113,1.546,2.501,1.383,0.2019,0.02294,0.005568,0.004105,0.01666,0.02717,0.0,0.0,3.443E-4,7.13E-4,4.816E-4,0.9959,9.753E-4,3.905E-4,5.123E-4,5.94E-5,6.223E-4,0.0,0.004474,0.01055,0.006853,0.004835,0.2245,0.01062,0.001484,0.001472,0.004683,0.001283,
0.0,1589.0,191.4,162.3,133.6,0.41,3.826,0.4352,0.2729,1.062,1.049,0.0,343.6,0.09244,0.8914,0.3957,0.1189,0.1535,0.1542,0.365,2.598,12.65,0.0,343.6,0.09244,0.8914,0.3957,0.1189,0.1535,0.1542,0.365,2.598,12.65,0.0,0.0,0.0,0.0,0.0,0.0,0.0,0.0,0.0,0.0,0.0,0.0,0.0,422.8,120.5,32.56,584.1,164.2,3.482,5.546,30.15,5.879,0.0,84.81,2.439,6.56,27.96,26.06,0.08351,0.01775,0.01981,0.003431,0.7304,0.0,0.0,0.0,0.0,0.0,0.0,0.0,0.0,0.0,0.0,0.0,0.0,0.0,0.0,0.0,0.0,0.0,0.0,0.0,0.0,0.0,0.0,0.0,0.0,0.0,0.0,0.0,0.0,0.0,0.0,0.0,0.0,0.0,0.0,0.0,1.0E-4,0.0,10340.0,107600.0,93720.0,37750.0,3.258E7,51260.0,23410.0,28820.0,12060.0,30330.0,0.0,3.649E-36,2.0930000000000002E-36,1.057E-35,7.320000000000001E-36,1.8420000000000002E-36,2.899E-37,2.209E-38,1.39E-38,3.9119999999999997E-38,9.802E-38,2.08E-35,0.0,0.6366,1.523,2.516,1.353,0.2019,0.03106,0.005566,0.004105,0.0167,0.02712,0.0,0.0,3.443E-4,7.13E-4,4.816E-4,0.9959,9.753E-4,3.905E-4,5.123E-4,5.94E-5,6.223E-4,0.0,0.004562,0.01056,0.00684,0.004778,0.2244,0.01059,0.001481,0.001475,0.004712,0.001247,
0.0,1574.0,213.9,158.1,132.8,0.3624,3.141,0.4352,0.2738,1.063,0.9632,0.0,343.6,0.1062,0.8761,0.397,0.1178,0.1533,0.1542,0.3653,2.266,12.98,0.0,343.6,0.1062,0.8761,0.397,0.1178,0.1533,0.1542,0.3653,2.266,12.98,0.0,0.0,0.0,0.0,0.0,0.0,0.0,0.0,0.0,0.0,0.0,0.0,0.0,425.2,121.1,32.61,575.1,164.2,3.48,5.542,30.14,5.874,0.0,82.15,2.359,6.547,27.7,26.1,0.08382,0.01776,0.01982,0.003446,0.8157,0.0,0.0,0.0,0.0,0.0,0.0,0.0,0.0,0.0,0.0,0.0,0.0,0.0,0.0,0.0,0.0,0.0,0.0,0.0,0.0,0.0,0.0,0.0,0.0,0.0,0.0,0.0,0.0,0.0,0.0,0.0,0.0,0.0,0.0,0.0,1.0E-4,0.0,10450.0,109800.0,94100.0,38630.0,3.392E7,52450.0,24200.0,29790.0,12200.0,31460.0,0.0,2.9360000000000002E-36,2.1640000000000002E-36,1.043E-35,7.211E-36,1.828E-36,2.1239999999999997E-37,2.1359999999999999E-38,1.366E-38,3.855E-38,9.709E-38,2.08E-35,0.0,0.5232,1.686,2.477,1.344,0.2002,0.0244,0.005566,0.004114,0.0167,0.02711,0.0,0.0,3.443E-4,7.13E-4,4.816E-4,0.9959,9.753E-4,3.905E-4,5.123E-4,5.94E-5,6.223E-4,0.0,0.004654,0.01057,0.006833,0.004719,0.2246,0.01056,0.001481,0.001482,0.004713,0.001239,
0.0,1575.0,215.9,160.1,127.7,0.511,3.104,0.4415,0.4167,0.9354,2.182,0.0,343.6,0.09512,0.9426,0.3953,0.1177,0.1558,0.1507,0.4525,1.999,13.11,0.0,343.6,0.09512,0.9426,0.3953,0.1177,0.1558,0.1507,0.4525,1.999,13.11,0.0,0.0,0.0,0.0,0.0,0.0,0.0,0.0,0.0,0.0,0.0,0.0,0.0,419.9,127.4,33.01,574.7,164.2,3.443,5.521,30.35,5.738,0.0,84.41,2.172,6.529,22.91,26.13,0.08557,0.0178,0.01985,0.003484,0.8678,0.0,0.0,0.0,0.0,0.0,0.0,0.0,0.0,0.0,0.0,0.0,0.0,0.0,0.0,0.0,0.0,0.0,0.0,0.0,0.0,0.0,0.0,0.0,0.0,0.0,0.0,0.0,0.0,0.0,0.0,0.0,0.0,0.0,0.0,0.0,1.0E-4,0.0,10890.0,110800.0,95310.0,38710.0,3.537E7,54420.0,25220.0,35170.0,8268.0,32780.0,0.0,3.392E-36,2.2570000000000002E-36,1.0020000000000001E-35,6.703E-36,1.8330000000000002E-36,2.133E-37,2.07E-38,1.733E-38,3.46E-38,2.163E-37,2.08E-35,0.0,0.5613,1.715,2.424,1.307,0.2023,0.02434,0.005565,0.00643,0.01459,0.04023,0.0,0.0,3.443E-4,7.13E-4,4.816E-4,0.9959,9.753E-4,3.905E-4,5.123E-4,5.94E-5,6.223E-4,0.0,0.004784,0.01052,0.00682,0.004637,0.2246,0.01047,0.001507,0.004053,0.002239,0.001195,
0.0,1575.0,202.1,172.1,128.7,0.3688,3.101,0.4418,0.4199,0.9334,0.8836,0.0,343.6,0.08892,0.8398,0.3954,0.1522,0.1532,0.1529,0.454,2.589,12.59,0.0,343.6,0.08892,0.8398,0.3954,0.1522,0.1532,0.1529,0.454,2.589,12.59,0.0,0.0,0.0,0.0,0.0,0.0,0.0,0.0,0.0,0.0,0.0,0.0,0.0,429.2,124.3,33.5,570.2,164.1,3.412,5.483,30.33,5.708,0.0,84.41,2.034,5.665,22.64,28.17,0.04052,0.01881,0.02113,0.003694,0.8883,0.0,0.0,0.0,0.0,0.0,0.0,0.0,0.0,0.0,0.0,0.0,0.0,0.0,0.0,0.0,0.0,0.0,0.0,0.0,0.0,0.0,0.0,0.0,0.0,0.0,0.0,0.0,0.0,0.0,0.0,0.0,0.0,0.0,0.0,0.0,4.487E-4,0.0,10920.0,120100.0,349600.0,52690.0,3.511E7,60580.0,23300.0,32520.0,7999.0,29280.0,0.0,3.392E-36,2.136E-36,9.78E-36,6.616E-36,2.169E-36,2.099E-37,2.017E-38,1.718E-38,3.426E-38,9.539E-38,2.08E-35,0.0,0.5613,1.587,2.516,1.318,0.228,0.02404,0.005586,0.006499,0.01455,0.02695,0.0,0.0,6.439E-4,0.008438,9.297E-4,0.9876,0.001164,3.105E-4,4.073E-4,4.722E-5,4.948E-4,0.0,0.004784,0.01057,0.008066,0.00472,0.2229,0.01049,0.001501,0.004092,0.002189,0.001163,
0.0,1575.0,197.1,176.2,128.7,0.4134,3.679,0.4154,0.3878,0.9091,0.9993,0.0,343.6,0.08216,0.8718,0.399,0.1204,0.1541,0.1528,0.4543,2.898,12.29,0.0,343.6,0.08216,0.8718,0.399,0.1204,0.1541,0.1528,0.4543,2.898,12.29,0.0,0.0,0.0,0.0,0.0,0.0,0.0,0.0,0.0,0.0,0.0,0.0,0.0,431.6,123.2,33.42,572.3,165.6,3.44,5.517,30.32,5.766,0.0,84.41,2.187,5.062,22.26,28.21,0.04681,0.0192,0.02158,0.003827,0.9024,0.0,0.0,0.0,0.0,0.0,0.0,0.0,0.0,0.0,0.0,0.0,0.0,0.0,0.0,0.0,0.0,0.0,0.0,0.0,0.0,0.0,0.0,0.0,0.0,0.0,0.0,0.0,0.0,0.0,0.0,0.0,0.0,0.0,0.0,0.0,1.0E-4,0.0,10950.0,123000.0,111100.0,57790.0,3.338E7,65240.0,25000.0,34590.0,8364.0,31530.0,0.0,3.392E-36,2.031E-36,1.017E-35,6.498E-36,1.7200000000000002E-36,2.436E-37,1.778E-38,1.464E-38,3.244E-38,9.67E-38,2.08E-35,0.0,0.5613,1.546,2.571,1.319,0.1894,0.03688,0.005004,0.005784,0.01401,0.02911,0.0,0.0,7.663E-4,7.333E-4,0.001106,0.9945,0.001385,3.695E-4,4.848E-4,5.62E-5,5.888E-4,0.0,0.004784,0.01059,0.006782,0.004766,0.224,0.01055,0.001511,0.00412,0.002197,0.001172,
0.0,1576.0,187.5,174.7,125.3,8.282,9.153,0.4161,0.5223,0.9476,0.7635,0.0,343.6,0.08566,0.8365,0.4029,0.1255,0.1908,0.1652,0.6708,3.011,11.93,0.0,343.6,0.08566,0.8365,0.4029,0.1255,0.1908,0.1652,0.6708,3.011,11.93,0.0,0.0,0.0,0.0,0.0,0.0,0.0,0.0,0.0,0.0,0.0,0.0,0.0,374.7,126.9,33.36,628.4,166.4,3.471,8.185,27.43,6.205,0.0,84.41,2.9,5.415,20.98,28.36,0.05205,0.01942,0.02177,0.003962,0.9054,0.0,0.0,0.0,0.0,0.0,0.0,0.0,0.0,0.0,0.0,0.0,0.0,0.0,0.0,0.0,0.0,0.0,0.0,0.0,0.0,0.0,0.0,0.0,0.0,0.0,0.0,0.0,0.0,0.0,0.0,0.0,0.0,0.0,0.0,0.0,1.0E-4,0.0,11050.0,120800.0,109400.0,56570.0,3.072E7,64260.0,25140.0,34400.0,8659.0,31250.0,0.0,3.449E-36,1.9650000000000003E-36,9.624000000000001E-36,6.306E-36,1.7620000000000002E-36,7.161E-37,1.729E-38,2.756E-38,6.309E-38,6.3E-38,2.08E-35,0.0,0.5764,1.487,2.531,1.279,0.2411,0.1088,0.005029,0.007846,0.01579,0.02305,0.0,0.0,8.043E-4,7.697E-4,0.001161,0.9942,0.001454,3.878E-4,5.088E-4,5.899E-5,6.18E-4,0.0,0.004838,0.01046,0.006766,0.004787,0.2241,0.01054,0.00152,0.003949,0.002406,0.001139,
0.0,1576.0,183.9,178.9,113.9,8.155,4.945,0.4166,0.446,0.8614,0.7552,0.0,343.6,0.08055,0.8652,0.4045,0.1209,0.1514,0.1543,0.4786,1.594,13.57,0.0,343.6,0.08055,0.8652,0.4045,0.1209,0.1514,0.1543,0.4786,1.594,13.57,0.0,0.0,0.0,0.0,0.0,0.0,0.0,0.0,0.0,0.0,0.0,0.0,0.0,376.6,127.7,33.41,628.7,166.2,3.468,8.308,28.02,5.778,0.0,84.41,3.53,6.694,33.28,28.51,0.05056,0.01938,0.02176,0.00393,0.9039,0.0,0.0,0.0,0.0,0.0,0.0,0.0,0.0,0.0,0.0,0.0,0.0,0.0,0.0,0.0,0.0,0.0,0.0,0.0,0.0,0.0,0.0,0.0,0.0,0.0,0.0,0.0,0.0,0.0,0.0,0.0,0.0,0.0,0.0,0.0,1.0E-4,0.0,11130.0,120200.0,106500.0,56210.0,2.904E7,61240.0,24080.0,33080.0,8604.0,29780.0,0.0,3.449E-36,1.943E-36,9.921E-36,6.271E-36,1.7620000000000002E-36,2.694E-37,1.664E-38,1.825E-38,5.208E-38,6.164E-38,2.08E-35,0.0,0.5764,1.464,2.58,1.3,0.2412,0.05728,0.005038,0.006892,0.01477,0.02287,0.0,0.0,8.043E-4,7.697E-4,0.001161,0.9942,0.001454,3.878E-4,5.088E-4,5.899E-5,6.18E-4,0.0,0.004881,0.01021,0.006973,0.004783,0.2241,0.0105,0.001526,0.003944,0.002417,0.001126,
0.0,1577.0,182.3,178.8,114.2,8.082,7.653,0.3627,0.4421,0.8684,0.7589,0.0,343.7,0.07873,0.8681,0.4012,0.1209,0.1786,0.1217,0.4782,1.922,13.24,0.0,343.7,0.07873,0.8681,0.4012,0.1209,0.1786,0.1217,0.4782,1.922,13.24,0.0,0.0,0.0,0.0,0.0,0.0,0.0,0.0,0.0,0.0,0.0,0.0,0.0,378.2,129.1,33.41,629.7,166.2,3.369,8.148,28.27,5.817,0.0,84.41,3.264,5.379,31.55,28.58,0.04256,0.0192,0.02167,0.003742,0.9057,0.0,0.0,0.0,0.0,0.0,0.0,0.0,0.0,0.0,0.0,0.0,0.0,0.0,0.0,0.0,0.0,0.0,0.0,0.0,0.0,0.0,0.0,0.0,0.0,0.0,0.0,0.0,0.0,0.0,0.0,0.0,0.0,0.0,0.0,0.0,1.0E-4,0.0,11250.0,119500.0,106200.0,54980.0,2.857E7,59920.0,22450.0,31920.0,8466.0,28830.0,0.0,3.4780000000000003E-36,1.9360000000000003E-36,9.875000000000001E-36,5.838E-36,1.7620000000000002E-36,5.312E-37,1.574E-38,1.768E-38,5.2E-38,6.111E-38,2.08E-35,0.0,0.5897,1.449,2.56,1.283,0.2412,0.0886,0.004257,0.006827,0.01486,0.02295,0.0,0.0,8.043E-4,7.697E-4,0.001161,0.9942,0.001454,3.878E-4,5.088E-4,5.899E-5,6.18E-4,0.0,0.005058,0.0102,0.006966,0.004754,0.2241,0.01111,7.639E-4,0.003938,0.002434,0.001111,
0.0,1573.0,184.8,172.9,121.1,8.258,5.153,0.3771,0.951,0.3573,0.7437,0.0,343.7,0.1276,0.8161,0.3925,0.121,0.1649,0.295,0.575,2.078,12.84,0.0,343.7,0.1276,0.8161,0.3925,0.121,0.1649,0.295,0.575,2.078,12.84,0.0,0.0,0.0,0.0,0.0,0.0,0.0,0.0,0.0,0.0,0.0,0.0,0.0,371.0,142.9,29.94,623.0,166.1,3.397,27.4,8.696,5.814,0.0,83.08,4.224,6.954,23.77,36.55,0.03906,0.01915,0.02165,0.003689,0.9088,0.0,0.0,0.0,0.0,0.0,0.0,0.0,0.0,0.0,0.0,0.0,0.0,0.0,0.0,0.0,0.0,0.0,0.0,0.0,0.0,0.0,0.0,0.0,0.0,0.0,0.0,0.0,0.0,0.0,0.0,0.0,0.0,0.0,0.0,0.0,1.0E-4,0.0,11360.0,120300.0,105800.0,57960.0,2.892E7,59880.0,22460.0,34540.0,5755.0,28810.0,0.0,3.361E-36,2.231E-36,9.086E-36,6.082000000000001E-36,1.7880000000000003E-36,2.766E-37,1.516E-38,5.065E-38,1.817E-38,6.021E-38,2.08E-35,0.0,0.5756,1.502,2.481,1.294,0.2886,0.05955,0.004395,0.01631,0.005264,0.02293,0.0,0.0,8.043E-4,7.697E-4,0.001161,0.9942,0.001454,3.878E-4,5.088E-4,5.899E-5,6.18E-4,0.0,0.005098,0.008767,0.008978,0.004212,0.2241,0.01104,8.476E-4,0.005199,0.001125,0.001058,
0.0,1575.0,176.2,174.5,121.9,8.182,4.594,0.3771,0.9785,0.3627,1.785,0.0,343.7,0.08506,0.8521,0.3853,0.121,0.1675,0.2882,0.5561,2.371,12.57,0.0,343.7,0.08506,0.8521,0.3853,0.121,0.1675,0.2882,0.5561,2.371,12.57,0.0,0.0,0.0,0.0,0.0,0.0,0.0,0.0,0.0,0.0,0.0,0.0,0.0,364.2,154.8,30.32,623.0,166.0,3.603,27.61,8.824,5.78,0.0,83.08,4.297,11.63,21.42,36.63,0.03937,0.01915,0.02166,0.003693,0.9116,0.0,0.0,0.0,0.0,0.0,0.0,0.0,0.0,0.0,0.0,0.0,0.0,0.0,0.0,0.0,0.0,0.0,0.0,0.0,0.0,0.0,0.0,0.0,0.0,0.0,0.0,0.0,0.0,0.0,0.0,0.0,0.0,0.0,0.0,0.0,1.0E-4,0.0,11460.0,122600.0,104300.0,58960.0,2.985E7,61130.0,22920.0,35200.0,5957.0,29360.0,0.0,3.4670000000000005E-36,1.776E-36,9.336E-36,5.948E-36,1.7880000000000003E-36,2.8039999999999998E-37,1.457E-38,5.011E-38,1.787E-38,5.607E-38,2.08E-35,0.0,0.6,1.41,2.55,1.274,0.2886,0.05433,0.004396,0.0166,0.005272,0.03387,0.0,0.0,8.043E-4,7.697E-4,0.001161,0.9942,0.001454,3.878E-4,5.088E-4,5.899E-5,6.18E-4,0.0,0.005139,0.007605,0.009988,0.004146,0.2241,0.01109,8.347E-4,0.005222,0.001125,0.001089,
0.0,1576.0,175.0,175.0,123.2,8.178,4.59,0.3775,0.976,0.3642,1.784,0.0,343.7,0.08487,0.846,0.3873,0.1208,0.1546,0.2866,0.5115,1.601,13.4,0.0,343.7,0.08487,0.846,0.3873,0.1208,0.1546,0.2866,0.5115,1.601,13.4,0.0,0.0,0.0,0.0,0.0,0.0,0.0,0.0,0.0,0.0,0.0,0.0,0.0,365.6,155.8,30.47,625.4,166.4,3.467,27.43,8.773,5.78,0.0,83.08,4.251,10.12,20.01,37.19,0.04101,0.01918,0.02169,0.003731,0.9138,0.0,0.0,0.0,0.0,0.0,0.0,0.0,0.0,0.0,0.0,0.0,0.0,0.0,0.0,0.0,0.0,0.0,0.0,0.0,0.0,0.0,0.0,0.0,0.0,0.0,0.0,0.0,0.0,0.0,0.0,0.0,0.0,0.0,0.0,0.0,1.0E-4,0.0,11520.0,124600.0,103000.0,60960.0,3.107E7,63100.0,23740.0,36260.0,6125.0,30430.0,0.0,3.49E-36,1.77E-36,9.218E-36,5.8800000000000005E-36,1.7810000000000002E-36,2.786E-37,1.404E-38,4.942E-38,1.769E-38,5.54E-38,2.08E-35,0.0,0.6067,1.4,2.557,1.273,0.2741,0.05431,0.004404,0.01656,0.005288,0.03388,0.0,0.0,8.043E-4,7.697E-4,0.001161,0.9942,0.001454,3.878E-4,5.088E-4,5.899E-5,6.18E-4,0.0,0.005184,0.007607,0.009936,0.004156,0.2241,0.01104,8.391E-4,0.005224,0.001123,0.001095,
0.0,1569.0,182.3,175.7,122.6,8.177,4.58,0.3779,0.9755,0.3684,1.778,0.0,343.7,0.08475,0.8478,0.3855,0.1208,0.1531,0.287,0.5115,2.059,12.94,0.0,343.7,0.08475,0.8478,0.3855,0.1208,0.1531,0.287,0.5115,2.059,12.94,0.0,0.0,0.0,0.0,0.0,0.0,0.0,0.0,0.0,0.0,0.0,0.0,0.0,367.5,156.0,30.47,624.5,165.6,3.72,27.63,8.994,5.774,0.0,82.02,4.225,8.028,21.54,37.77,0.04413,0.01924,0.02173,0.003799,0.9153,0.0,0.0,0.0,0.0,0.0,0.0,0.0,0.0,0.0,0.0,0.0,0.0,0.0,0.0,0.0,0.0,0.0,0.0,0.0,0.0,0.0,0.0,0.0,0.0,0.0,0.0,0.0,0.0,0.0,0.0,0.0,0.0,0.0,0.0,0.0,4.212E-4,0.0,11570.0,126800.0,105100.0,64800.0,3.251E7,65570.0,24780.0,37530.0,6347.0,31790.0,0.0,3.194E-36,1.7810000000000002E-36,9.073000000000001E-36,5.8280000000000005E-36,1.821E-36,2.769E-37,1.353E-38,4.89E-38,1.783E-38,5.441E-38,2.08E-35,0.0,0.5553,1.448,2.555,1.27,0.2797,0.05427,0.004412,0.01655,0.005329,0.03385,0.0,0.0,8.043E-4,7.697E-4,0.001161,0.9942,0.001454,3.878E-4,5.088E-4,5.899E-5,6.18E-4,0.0,0.005247,0.007609,0.009944,0.004148,0.2241,0.01097,8.431E-4,0.005223,0.001183,0.001038,
0.0,1569.0,182.8,174.0,93.84,8.176,4.575,0.3763,0.9764,0.3785,1.767,0.0,343.7,0.09016,0.8334,0.3945,0.1207,0.1531,0.2881,0.5102,1.629,13.37,0.0,343.7,0.09016,0.8334,0.3945,0.1207,0.1531,0.2881,0.5102,1.629,13.37,0.0,0.0,0.0,0.0,0.0,0.0,0.0,0.0,0.0,0.0,0.0,0.0,0.0,368.2,156.0,30.58,627.7,165.6,3.721,27.61,9.013,5.774,0.0,82.02,4.915,10.66,48.72,37.02,0.04873,0.01933,0.0218,0.0039,0.9164,0.0,0.0,0.0,0.0,0.0,0.0,0.0,0.0,0.0,0.0,0.0,0.0,0.0,0.0,0.0,0.0,0.0,0.0,0.0,0.0,0.0,0.0,0.0,0.0,0.0,0.0,0.0,0.0,0.0,0.0,0.0,0.0,0.0,0.0,0.0,1.0E-4,0.0,11590.0,128700.0,102200.0,70730.0,3.409E7,68400.0,25980.0,38900.0,6648.0,33230.0,0.0,3.194E-36,1.7880000000000003E-36,8.711E-36,6.085E-36,1.779E-36,2.755E-37,1.308E-38,4.832E-38,1.763E-38,5.379E-38,2.08E-35,0.0,0.5553,1.463,2.517,1.299,0.2739,0.05427,0.004412,0.01655,0.005328,0.03385,0.0,0.0,8.043E-4,7.697E-4,0.001161,0.9942,0.001454,3.878E-4,5.088E-4,5.899E-5,6.18E-4,0.0,0.005247,0.00757,0.009965,0.004167,0.224,0.01098,8.548E-4,0.005175,0.001225,0.001027,
0.0,1562.0,189.3,174.5,90.66,8.242,4.554,0.3762,0.9778,0.3768,1.766,0.0,343.7,0.08519,0.89,0.3428,0.1207,0.1527,0.2881,0.5109,1.629,13.37,0.0,343.7,0.08519,0.89,0.3428,0.1207,0.1527,0.2881,0.5109,1.629,13.37,0.0,0.0,0.0,0.0,0.0,0.0,0.0,0.0,0.0,0.0,0.0,0.0,0.0,368.1,157.1,30.56,625.7,165.6,3.714,27.65,8.96,5.768,0.0,80.85,4.89,9.411,53.31,37.8,0.06438,0.01944,0.02188,0.004035,0.9171,0.0,0.0,0.0,0.0,0.0,0.0,0.0,0.0,0.0,0.0,0.0,0.0,0.0,0.0,0.0,0.0,0.0,0.0,0.0,0.0,0.0,0.0,0.0,0.0,0.0,0.0,0.0,0.0,0.0,0.0,0.0,0.0,0.0,0.0,0.0,5.237E-4,0.0,11720.0,130900.0,105500.0,71530.0,3.479E7,70370.0,26850.0,39920.0,6795.0,34220.0,0.0,2.9040000000000002E-36,1.776E-36,8.683E-36,6.0010000000000004E-36,1.7810000000000002E-36,2.7409999999999997E-37,1.261E-38,4.801E-38,1.732E-38,5.32E-38,2.08E-35,0.0,0.5069,1.498,2.542,1.283,0.2758,0.05412,0.004413,0.01657,0.005299,0.03385,0.0,0.0,8.043E-4,7.697E-4,0.001161,0.9942,0.001454,3.878E-4,5.088E-4,5.899E-5,6.18E-4,0.0,0.005308,0.007477,0.01001,0.004213,0.2239,0.01089,8.548E-4,0.00519,0.00121,0.001027,
0.0,1562.0,187.9,173.1,109.0,10.27,5.582,0.3769,0.9811,0.3763,1.764,0.0,343.7,0.08616,0.8771,0.353,0.1218,0.1532,0.2882,0.5122,2.992,12.01,0.0,343.7,0.08616,0.8771,0.353,0.1218,0.1532,0.2882,0.5122,2.992,12.01,0.0,0.0,0.0,0.0,0.0,0.0,0.0,0.0,0.0,0.0,0.0,0.0,0.0,370.4,158.1,31.22,617.7,165.6,3.712,27.78,8.813,5.765,0.0,80.85,6.466,9.39,35.25,34.85,0.2878,0.0196,0.022,0.004212,0.9162,0.0,0.0,0.0,0.0,0.0,0.0,0.0,0.0,0.0,0.0,0.0,0.0,0.0,0.0,0.0,0.0,0.0,0.0,0.0,0.0,0.0,0.0,0.0,0.0,0.0,0.0,0.0,0.0,0.0,0.0,0.0,0.0,0.0,0.0,0.0,0.001,0.0,11750.0,140600.0,110700.0,68340.0,3.206E7,66970.0,26000.0,38810.0,6695.0,32590.0,0.0,2.9040000000000002E-36,1.773E-36,8.574E-36,6.019E-36,1.741E-36,2.931E-37,1.223E-38,4.786E-38,1.702E-38,5.253E-38,2.08E-35,0.0,0.5069,1.49,2.511,1.304,0.2792,0.06337,0.004415,0.01663,0.005286,0.0338,0.0,0.0,8.043E-4,7.697E-4,0.001161,0.9942,0.001454,3.878E-4,5.088E-4,5.899E-5,6.18E-4,0.0,0.005308,0.007465,0.01001,0.004237,0.2238,0.0109,8.606E-4,0.005209,0.001224,0.001002,
0.0,1554.0,193.6,166.7,123.0,8.224,4.935,0.3769,0.9841,0.3784,1.76,0.0,343.7,0.07829,0.9005,0.3397,0.1173,0.156,0.2883,0.5322,1.783,13.19,0.0,343.7,0.07829,0.9005,0.3397,0.1173,0.156,0.2883,0.5322,1.783,13.19,0.0,0.0,0.0,0.0,0.0,0.0,0.0,0.0,0.0,0.0,0.0,0.0,0.0,373.6,155.3,31.73,614.0,165.6,3.711,27.83,8.757,5.762,0.0,79.56,11.21,9.036,26.28,37.43,0.07966,0.01928,0.02178,0.00386,0.9155,0.0,0.0,0.0,0.0,0.0,0.0,0.0,0.0,0.0,0.0,0.0,0.0,0.0,0.0,0.0,0.0,0.0,0.0,0.0,0.0,0.0,0.0,0.0,0.0,0.0,0.0,0.0,0.0,0.0,0.0,0.0,0.0,0.0,0.0,0.0,1.0E-4,0.0,11790.0,144500.0,103500.0,66410.0,3.088E7,63410.0,24290.0,36950.0,6362.0,30880.0,0.0,2.6080000000000002E-36,1.722E-36,8.606000000000001E-36,5.9770000000000006E-36,1.7070000000000002E-36,2.7839999999999998E-37,1.18E-38,4.751E-38,1.7E-38,5.176E-38,2.08E-35,0.0,0.4572,1.516,2.549,1.303,0.2646,0.05721,0.004409,0.01665,0.0053,0.03376,0.0,0.0,8.043E-4,7.697E-4,0.001161,0.9942,0.001454,3.878E-4,5.088E-4,5.899E-5,6.18E-4,0.0,0.005326,0.007503,0.009944,0.004235,0.2239,0.01089,8.573E-4,0.005262,0.001196,9.765E-4,
0.0,1539.0,211.9,165.9,125.6,9.31,4.855,0.3804,0.7678,0.5937,1.748,0.0,343.7,0.08231,0.7877,0.403,0.1707,0.1583,0.3041,0.4538,1.604,13.42,0.0,343.7,0.08231,0.7877,0.403,0.1707,0.1583,0.3041,0.4538,1.604,13.42,0.0,0.0,0.0,0.0,0.0,0.0,0.0,0.0,0.0,0.0,0.0,0.0,0.0,372.5,151.1,47.25,608.3,165.4,3.962,17.92,18.71,6.092,0.0,77.23,11.06,9.927,20.73,37.85,0.08087,0.02527,0.02306,0.04791,0.9283,0.0,0.0,0.0,0.0,0.0,0.0,0.0,0.0,0.0,0.0,0.0,0.0,0.0,0.0,0.0,0.0,0.0,0.0,0.0,0.0,0.0,0.0,0.0,0.0,0.0,0.0,0.0,0.0,0.0,0.0,0.0,0.0,0.0,0.0,0.0,1.0E-4,0.0,11800.0,169700.0,651500.0,89420.0,3.005E7,87820.0,29750.0,33360.0,80070.0,45210.0,0.0,2.098E-36,1.9100000000000002E-36,8.099000000000001E-36,5.728E-36,2.1710000000000003E-36,2.809E-37,1.203E-38,3.375E-38,3.096E-38,5.206E-38,2.08E-35,0.0,0.3677,1.621,2.427,1.314,0.3473,0.05673,0.00452,0.01268,0.009239,0.0339,0.0,0.0,0.001833,0.02002,0.002144,0.969,0.002306,5.95E-4,3.883E-4,0.002636,0.00112,0.0,0.005357,0.007435,0.01155,0.006386,0.219,0.01091,8.576E-4,0.005397,0.001599,0.001052,
0.0,1539.0,225.2,145.3,129.4,0.1423,4.706,0.2091,0.7098,0.8996,1.989,0.0,343.7,0.1065,0.8738,0.3434,0.1138,0.153,0.3041,0.3863,1.875,13.23,0.0,343.7,0.1065,0.8738,0.3434,0.1138,0.153,0.3041,0.3863,1.875,13.23,0.0,0.0,0.0,0.0,0.0,0.0,0.0,0.0,0.0,0.0,0.0,0.0,0.0,391.4,144.4,31.94,608.5,166.3,3.923,17.84,17.95,5.934,0.0,77.23,10.81,11.68,37.22,31.25,0.05867,0.023,0.02253,0.01927,0.9223,0.0,0.0,0.0,0.0,0.0,0.0,0.0,0.0,0.0,0.0,0.0,0.0,0.0,0.0,0.0,0.0,0.0,0.0,0.0,0.0,0.0,0.0,0.0,0.0,0.0,0.0,0.0,0.0,0.0,0.0,0.0,0.0,0.0,0.0,0.0,1.0E-4,0.0,11800.0,299500.0,129200.0,47330.0,2.889E7,81780.0,24180.0,27290.0,11020.0,40140.0,0.0,2.098E-36,1.9740000000000002E-36,8.367000000000001E-36,5.967E-36,1.5270000000000002E-36,2.671E-37,7.298E-39,3.25E-38,3.064E-38,5.912999999999999E-38,2.08E-35,0.0,0.3677,1.749,2.337,1.379,0.2376,0.05476,0.002798,0.01219,0.01231,0.03652,0.0,0.0,3.494E-4,8.808E-5,6.706E-4,0.9942,0.002384,6.152E-4,4.015E-4,1.496E-4,0.001158,0.0,0.005357,0.01027,0.008961,0.005123,0.2203,0.01091,7.524E-4,0.005275,0.00116,9.97E-4,
0.0,1527.0,225.9,152.1,132.7,0.03617,4.69,0.2128,0.6321,1.036,0.8549,0.0,343.7,0.08899,0.9097,0.3472,0.1108,0.3119,0.3098,0.6464,1.285,13.37,0.0,343.7,0.08899,0.9097,0.3472,0.1108,0.3119,0.3098,0.6464,1.285,13.37,0.0,0.0,0.0,0.0,0.0,0.0,0.0,0.0,0.0,0.0,0.0,0.0,0.0,342.3,128.8,31.43,679.8,165.6,4.073,13.93,22.91,6.312,0.0,75.49,14.18,10.36,40.52,28.07,0.06584,0.02566,0.02568,0.01972,0.9248,0.0,0.0,0.0,0.0,0.0,0.0,0.0,0.0,0.0,0.0,0.0,0.0,0.0,0.0,0.0,0.0,0.0,0.0,0.0,0.0,0.0,0.0,0.0,0.0,0.0,0.0,0.0,0.0,0.0,0.0,0.0,0.0,0.0,0.0,0.0,2.742E-4,0.0,11800.0,179100.0,132100.0,39920.0,2.848E7,37300.0,24910.0,28150.0,10770.0,40640.0,0.0,1.783E-36,1.532E-36,8.718E-36,5.993E-36,1.4960000000000002E-36,2.6179999999999997E-37,6.872E-39,2.598E-38,3.812E-38,5.199E-38,2.08E-35,0.0,0.3125,1.66,2.505,1.395,0.1976,0.05418,0.002641,0.01029,0.01471,0.02439,0.0,0.0,6.4E-4,4.941E-4,3.462E-4,0.9956,5.483E-4,6.156E-4,4.018E-4,1.497E-4,0.001158,0.0,0.005372,0.007658,0.008505,0.005075,0.2232,0.01044,7.745E-4,0.00534,0.001193,0.001076,
0.0,1527.0,226.9,147.3,121.1,0.2964,6.096,0.2153,0.6563,1.017,0.849,0.0,343.7,0.08697,0.8362,0.4062,0.1083,0.3128,0.3073,0.3787,0.6406,14.3,0.0,343.7,0.08697,0.8362,0.4062,0.1083,0.3128,0.3073,0.3787,0.6406,14.3,0.0,0.0,0.0,0.0,0.0,0.0,0.0,0.0,0.0,0.0,0.0,0.0,0.0,344.1,130.1,31.58,674.9,165.8,4.294,15.12,22.09,6.248,0.0,75.49,13.46,17.65,45.72,28.03,1.005,0.02763,0.02776,0.02009,0.9271,0.0,0.0,0.0,0.0,0.0,0.0,0.0,0.0,0.0,0.0,0.0,0.0,0.0,0.0,0.0,0.0,0.0,0.0,0.0,0.0,0.0,0.0,0.0,0.0,0.0,0.0,0.0,0.0,0.0,0.0,0.0,0.0,0.0,0.0,0.0,7.14E-4,0.0,11840.0,169600.0,113400.0,52930.0,2.665E7,38560.0,26560.0,29240.0,10700.0,43590.0,0.0,1.783E-36,1.549E-36,8.541E-36,5.8470000000000005E-36,1.506E-36,4.468E-37,7.072E-39,2.728E-38,3.649E-38,5.15E-38,2.08E-35,0.0,0.3126,1.672,2.463,1.388,0.2016,0.08034,0.00268,0.01071,0.01438,0.02432,0.0,0.0,7.517E-4,5.803E-4,4.067E-4,0.9949,6.439E-4,7.231E-4,4.719E-4,1.758E-4,0.001361,0.0,0.005388,0.007704,0.008495,0.004907,0.2228,0.01052,8.269E-4,0.005396,0.001172,0.00112,
0.0,1528.0,216.1,138.1,110.9,0.02533,6.442,0.5631,0.7948,1.031,0.8466,0.0,343.7,0.06296,1.056,0.3758,0.1069,0.3182,0.3062,0.378,0.8191,13.95,0.0,343.7,0.06296,1.056,0.3758,0.1069,0.3182,0.3062,0.378,0.8191,13.95,0.0,0.0,0.0,0.0,0.0,0.0,0.0,0.0,0.0,0.0,0.0,0.0,0.0,345.9,125.1,38.59,679.0,168.6,4.528,15.41,22.33,6.555,0.0,75.49,14.57,23.22,64.92,28.23,1.935,0.03297,0.03358,0.02113,0.932,0.0,0.0,0.0,0.0,0.0,0.0,0.0,0.0,0.0,0.0,0.0,0.0,0.0,0.0,0.0,0.0,0.0,0.0,0.0,0.0,0.0,0.0,0.0,0.0,0.0,0.0,0.0,0.0,0.0,0.0,0.0,0.0,0.0,0.0,0.0,5.356E-4,0.0,11900.0,162700.0,108600.0,52380.0,2.545E7,41970.0,28280.0,30950.0,10910.0,45260.0,0.0,1.7840000000000002E-36,1.2750000000000001E-36,8.629E-36,5.6930000000000005E-36,1.4860000000000001E-36,6.316E-37,4.137E-38,4.074E-38,3.669E-38,6.298E-38,2.08E-35,0.0,0.3192,1.561,2.522,1.383,0.1944,0.1036,0.0066,0.01229,0.01452,0.03864,0.0,0.0,7.997E-4,6.174E-4,4.326E-4,0.9946,6.85E-4,7.692E-4,5.021E-4,1.871E-4,0.001447,0.0,0.005388,0.006967,0.008518,0.005476,0.2221,0.01079,8.622E-4,0.005439,0.001223,0.001128,
0.0,1531.0,213.1,140.8,106.6,0.7793,5.912,0.2902,1.01,1.104,1.151,0.0,343.7,0.06231,1.062,0.3746,0.1068,0.3128,0.3106,0.3722,0.8208,13.96,0.0,343.7,0.06231,1.062,0.3746,0.1068,0.3128,0.3106,0.3722,0.8208,13.96,0.0,0.0,0.0,0.0,0.0,0.0,0.0,0.0,0.0,0.0,0.0,0.0,0.0,346.1,118.9,45.84,682.9,168.8,4.793,15.66,22.63,7.506,0.0,75.52,14.63,20.56,66.3,29.28,1.532,0.05357,0.05929,0.03996,1.012,0.0,0.0,0.0,0.0,0.0,0.0,0.0,0.0,0.0,0.0,0.0,0.0,0.0,0.0,0.0,0.0,0.0,0.0,0.0,0.0,0.0,0.0,0.0,0.0,0.0,0.0,0.0,0.0,0.0,0.0,0.0,0.0,0.0,0.0,0.0,8.301E-4,0.0,12040.0,154400.0,102700.0,50740.0,2.377E7,39930.0,26890.0,29820.0,10510.0,43100.0,0.0,1.911E-36,1.199E-36,8.606000000000001E-36,5.7780000000000006E-36,1.49E-36,4.404E-37,1.028E-38,5.598E-38,3.964E-38,7.506E-38,2.08E-35,0.0,0.3427,1.534,2.514,1.397,0.2081,0.08025,0.003113,0.01418,0.01497,0.04043,0.0,0.0,8.054E-4,6.218E-4,4.357E-4,0.9945,6.899E-4,7.747E-4,5.057E-4,1.884E-4,0.001458,0.0,0.005456,0.006863,0.008436,0.005614,0.2202,0.01073,8.707E-4,0.005441,0.001227,0.001141,
0.0,1535.0,196.4,157.3,100.6,0.7762,6.731,0.3062,1.024,1.122,1.201,0.0,343.7,0.06031,1.049,0.3657,0.1067,0.3071,0.3143,0.3716,1.253,13.52,0.0,343.7,0.06031,1.049,0.3657,0.1067,0.3071,0.3143,0.3716,1.253,13.52,0.0,0.0,0.0,0.0,0.0,0.0,0.0,0.0,0.0,0.0,0.0,0.0,0.0,347.2,119.5,46.04,685.0,168.8,4.782,15.49,22.78,7.497,0.0,75.52,15.47,19.65,67.9,29.26,0.9341,0.04025,0.04266,0.02764,0.9589,0.0,0.0,0.0,0.0,0.0,0.0,0.0,0.0,0.0,0.0,0.0,0.0,0.0,0.0,0.0,0.0,0.0,0.0,0.0,0.0,0.0,0.0,0.0,0.0,0.0,0.0,0.0,0.0,0.0,0.0,0.0,0.0,0.0,0.0,0.0,1.002E-4,0.0,12240.0,152200.0,96050.0,48720.0,2.3E7,38800.0,26220.0,29270.0,10300.0,41910.0,0.0,2.156E-36,1.297E-36,8.618000000000001E-36,5.433E-36,1.4860000000000001E-36,3.649E-37,1.0229999999999999E-38,5.497E-38,3.96E-38,7.399E-38,2.08E-35,0.0,0.3808,1.43,2.638,1.356,0.1908,0.07581,0.003116,0.01412,0.01505,0.04041,0.0,0.0,8.054E-4,6.218E-4,4.357E-4,0.9945,6.899E-4,7.747E-4,5.057E-4,1.884E-4,0.001458,0.0,0.005647,0.00689,0.00834,0.005594,0.2202,0.01062,8.847E-4,0.00544,0.001239,0.00113,
0.0,1538.0,190.4,168.3,103.0,0.02708,5.596,0.3101,0.88,1.127,1.415,0.0,343.7,0.1315,1.161,0.4652,0.1067,0.3148,0.3017,0.4017,1.25,13.17,0.0,343.7,0.1315,1.161,0.4652,0.1067,0.3148,0.3017,0.4017,1.25,13.17,0.0,0.0,0.0,0.0,0.0,0.0,0.0,0.0,0.0,0.0,0.0,0.0,0.0,351.4,120.9,47.26,673.0,168.8,4.774,15.51,22.85,7.688,0.0,75.52,11.92,17.13,63.96,30.0,0.585,0.03641,0.1048,0.02403,1.063,0.0,0.0,0.0,0.0,0.0,0.0,0.0,0.0,0.0,0.0,0.0,0.0,0.0,0.0,0.0,0.0,0.0,0.0,0.0,0.0,0.0,0.0,0.0,0.0,0.0,0.0,0.0,0.0,0.0,0.0,0.0,0.0,0.0,0.0,0.0,1.0E-4,0.0,12340.0,151600.0,92200.0,47800.0,2.321E7,38540.0,26600.0,29640.0,10350.0,42780.0,0.0,2.272E-36,1.616E-36,8.140000000000001E-36,5.315E-36,1.49E-36,3.247E-37,1.016E-38,4.547E-38,3.95E-38,1.006E-37,2.08E-35,0.0,0.4058,1.442,2.567,1.361,0.208,0.06351,0.003117,0.01349,0.01507,0.04453,0.0,0.0,8.054E-4,6.218E-4,4.357E-4,0.9945,6.899E-4,7.747E-4,5.057E-4,1.884E-4,0.001458,0.0,0.005758,0.006912,0.008253,0.005499,0.2201,0.01057,8.731E-4,0.005456,0.001236,0.001225,
0.0,1542.0,188.3,170.3,106.5,0.04261,5.633,0.3114,0.7704,1.129,1.206,0.0,343.7,0.08055,1.081,0.3729,0.1067,0.3067,0.3074,0.4523,1.254,13.32,0.0,343.7,0.08055,1.081,0.3729,0.1067,0.3067,0.3074,0.4523,1.254,13.32,0.0,0.0,0.0,0.0,0.0,0.0,0.0,0.0,0.0,0.0,0.0,0.0,0.0,362.0,121.9,46.88,669.0,168.8,4.772,15.52,22.76,8.423,0.0,75.54,12.02,15.54,56.63,29.99,0.53,0.03511,0.03611,0.0228,0.9388,0.0,0.0,0.0,0.0,0.0,0.0,0.0,0.0,0.0,0.0,0.0,0.0,0.0,0.0,0.0,0.0,0.0,0.0,0.0,0.0,0.0,0.0,0.0,0.0,0.0,0.0,0.0,0.0,0.0,0.0,0.0,0.0,0.0,0.0,0.0,1.001E-4,0.0,12480.0,151500.0,89890.0,46580.0,2.406E7,38700.0,27650.0,30470.0,10570.0,44890.0,0.0,2.3540000000000002E-36,1.3170000000000001E-36,8.354E-36,5.2180000000000006E-36,1.49E-36,3.231E-37,1.013E-38,2.976E-38,3.922E-38,6.464E-38,2.08E-35,0.0,0.4388,1.4,2.578,1.353,0.208,0.06337,0.003118,0.01119,0.01506,0.0261,0.0,0.0,8.054E-4,6.218E-4,4.357E-4,0.9945,6.899E-4,7.747E-4,5.057E-4,1.884E-4,0.001458,0.0,0.005802,0.00698,0.008176,0.005379,0.2202,0.01058,8.725E-4,0.005457,0.001233,0.001329,
0.0,1543.0,187.9,178.6,102.7,0.02175,6.401,0.3116,0.7828,1.12,1.207,0.0,343.7,0.07325,0.8779,0.5695,0.1085,0.3209,0.309,0.7049,1.137,13.17,0.0,343.7,0.07325,0.8779,0.5695,0.1085,0.3209,0.309,0.7049,1.137,13.17,0.0,0.0,0.0,0.0,0.0,0.0,0.0,0.0,0.0,0.0,0.0,0.0,0.0,362.6,123.2,48.89,665.1,168.9,4.748,16.0,22.26,8.494,0.0,75.03,11.93,19.85,45.38,30.0,1.011,0.03463,0.03545,0.02234,0.9368,0.0,0.0,0.0,0.0,0.0,0.0,0.0,0.0,0.0,0.0,0.0,0.0,0.0,0.0,0.0,0.0,0.0,0.0,0.0,0.0,0.0,0.0,0.0,0.0,0.0,0.0,0.0,0.0,0.0,0.0,0.0,0.0,0.0,0.0,0.0,5.863E-4,0.0,12700.0,148100.0,89020.0,45880.0,2.353E7,38510.0,27850.0,30850.0,10560.0,44590.0,0.0,2.375E-36,1.2240000000000001E-36,8.318E-36,5.0370000000000005E-36,1.485E-36,4.206E-37,1.009E-38,3.01E-38,3.838E-38,6.47E-38,2.08E-35,0.0,0.4771,1.38,2.599,1.304,0.1907,0.07908,0.003114,0.01134,0.01489,0.02616,0.0,0.0,8.112E-4,6.263E-4,4.388E-4,0.9945,6.949E-4,7.803E-4,5.093E-4,1.898E-4,0.001468,0.0,0.005967,0.006968,0.008263,0.005233,0.2184,0.01049,8.718E-4,0.005469,0.001229,0.001322,
0.0,1545.0,191.0,175.1,110.9,0.04565,11.45,0.4314,0.8339,1.124,1.204,0.0,343.7,0.07703,1.062,0.3762,0.1058,0.3307,0.3069,0.9097,1.159,12.94,0.0,343.7,0.07703,1.062,0.3762,0.1058,0.3307,0.3069,0.9097,1.159,12.94,0.0,0.0,0.0,0.0,0.0,0.0,0.0,0.0,0.0,0.0,0.0,0.0,0.0,370.6,118.6,52.71,661.2,174.8,5.886,13.78,18.96,7.619,0.0,75.03,11.93,12.49,36.87,29.98,1.133,0.04775,0.04051,0.02542,0.9364,0.0,0.0,0.0,0.0,0.0,0.0,0.0,0.0,0.0,0.0,0.0,0.0,0.0,0.0,0.0,0.0,0.0,0.0,0.0,0.0,0.0,0.0,0.0,0.0,0.0,0.0,0.0,0.0,0.0,0.0,0.0,0.0,0.0,0.0,0.0,1.005E-4,0.0,12770.0,147200.0,88650.0,45370.0,2.307E7,38950.0,28050.0,31110.0,10060.0,44090.0,0.0,2.4E-36,1.27E-36,8.238E-36,4.7970000000000003E-36,1.4840000000000001E-36,5.4189999999999994E-37,1.429E-38,3.094E-38,3.587E-38,6.191E-38,2.08E-35,0.0,0.4944,1.402,2.56,1.271,0.1907,0.09768,0.003764,0.01171,0.01459,0.0259,0.0,0.0,8.112E-4,6.263E-4,4.388E-4,0.9945,6.949E-4,7.803E-4,5.093E-4,1.898E-4,0.001468,0.0,0.006087,0.007026,0.008166,0.005227,0.2181,0.0105,9.053E-4,0.005456,0.001184,0.001283,
0.0,1546.0,176.8,193.0,114.7,0.03328,6.441,0.313,0.7998,1.104,1.195,0.0,343.7,0.07719,1.083,0.3683,0.1049,0.3109,0.3072,0.4446,1.12,13.45,0.0,343.7,0.07719,1.083,0.3683,0.1049,0.3109,0.3072,0.4446,1.12,13.45,0.0,0.0,0.0,0.0,0.0,0.0,0.0,0.0,0.0,0.0,0.0,0.0,0.0,371.4,118.7,50.24,663.6,181.7,3.57,14.2,19.19,7.627,0.0,74.64,11.54,11.79,34.53,29.89,0.4675,0.03383,0.03456,0.007442,0.9372,0.0,0.0,0.0,0.0,0.0,0.0,0.0,0.0,0.0,0.0,0.0,0.0,0.0,0.0,0.0,0.0,0.0,0.0,0.0,0.0,0.0,0.0,0.0,0.0,0.0,0.0,0.0,0.0,0.0,0.0,0.0,0.0,0.0,0.0,0.0,5.618E-4,0.0,12870.0,143900.0,89820.0,45520.0,2.349E7,38690.0,28940.0,32020.0,8850.0,46350.0,0.0,2.478E-36,1.221E-36,8.220000000000001E-36,4.8880000000000004E-36,1.4830000000000002E-36,2.955E-37,9.689999999999999E-39,2.967E-38,3.529E-38,6.649E-38,2.08E-35,0.0,0.5144,1.288,2.669,1.279,0.1905,0.06367,0.00309,0.01159,0.01453,0.02742,0.0,0.0,8.112E-4,6.263E-4,4.388E-4,0.9945,6.949E-4,7.803E-4,5.093E-4,1.898E-4,0.001468,0.0,0.006181,0.007013,0.008158,0.005108,0.2182,0.01052,8.889E-4,0.005464,0.001184,0.001316,
0.0,1549.0,177.1,193.6,110.4,0.649,6.416,0.3179,0.7816,1.134,1.199,0.0,343.7,0.1301,1.031,0.3674,0.1059,0.3042,0.3116,0.4399,0.9664,13.61,0.0,343.7,0.1301,1.031,0.3674,0.1059,0.3042,0.3116,0.4399,0.9664,13.61,0.0,0.0,0.0,0.0,0.0,0.0,0.0,0.0,0.0,0.0,0.0,0.0,0.0,383.1,112.7,50.57,653.0,178.4,3.992,13.85,20.77,7.784,0.0,74.64,11.71,11.79,33.12,29.87,0.4574,0.03377,0.03448,0.00729,0.9359,0.0,0.0,0.0,0.0,0.0,0.0,0.0,0.0,0.0,0.0,0.0,0.0,0.0,0.0,0.0,0.0,0.0,0.0,0.0,0.0,0.0,0.0,0.0,0.0,0.0,0.0,0.0,0.0,0.0,0.0,0.0,0.0,0.0,0.0,0.0,1.001E-4,0.0,12940.0,142400.0,92100.0,47750.0,2.444E7,38880.0,30320.0,33300.0,9077.0,48020.0,0.0,2.572E-36,1.445E-36,7.908E-36,4.8040000000000004E-36,1.498E-36,2.909E-37,1.0229999999999999E-38,2.858E-38,3.688E-38,6.687E-38,2.08E-35,0.0,0.5493,1.308,2.621,1.259,0.1973,0.06321,0.003154,0.01123,0.015,0.02743,0.0,0.0,8.112E-4,6.263E-4,4.388E-4,0.9945,6.949E-4,7.803E-4,5.093E-4,1.898E-4,0.001468,0.0,0.006223,0.007018,0.008087,0.005127,0.2182,0.01047,8.965E-4,0.005501,0.001161,0.001323,
0.0,1549.0,177.1,195.0,106.7,0.1404,5.126,0.3123,0.7769,1.14,1.125,0.0,343.7,0.07832,1.094,0.3489,0.114,0.3029,0.312,0.4396,0.9696,13.6,0.0,343.7,0.07832,1.094,0.3489,0.114,0.3029,0.312,0.4396,0.9696,13.6,0.0,0.0,0.0,0.0,0.0,0.0,0.0,0.0,0.0,0.0,0.0,0.0,0.0,386.8,114.9,50.05,655.5,165.2,5.488,16.62,22.98,7.554,0.0,74.64,11.38,14.42,34.12,30.06,0.4126,0.03368,0.03437,0.007169,0.9353,0.0,0.0,0.0,0.0,0.0,0.0,0.0,0.0,0.0,0.0,0.0,0.0,0.0,0.0,0.0,0.0,0.0,0.0,0.0,0.0,0.0,0.0,0.0,0.0,0.0,0.0,0.0,0.0,0.0,0.0,0.0,0.0,0.0,0.0,0.0,1.001E-4,0.0,13060.0,139200.0,89110.0,48820.0,2.559E7,39230.0,31310.0,33940.0,9358.0,49660.0,0.0,2.572E-36,1.284E-36,8.012000000000001E-36,4.784E-36,1.5370000000000002E-36,2.859E-37,8.828E-39,2.662E-38,3.593E-38,5.922E-38,2.08E-35,0.0,0.5502,1.288,2.652,1.252,0.1999,0.05216,0.003109,0.01111,0.01509,0.02691,0.0,0.0,8.112E-4,6.263E-4,4.388E-4,0.9945,6.949E-4,7.803E-4,5.093E-4,1.898E-4,0.001468,0.0,0.006224,0.006808,0.008133,0.005109,0.2184,0.01032,9.124E-4,0.005522,0.001183,0.001317,
0.0,1550.0,174.3,195.3,107.7,0.1385,4.552,0.2672,1.13,0.6995,0.9356,0.0,343.7,0.07694,1.096,0.3481,0.114,0.3025,0.3121,0.5142,1.502,13.0,0.0,343.7,0.07694,1.096,0.3481,0.114,0.3025,0.3121,0.5142,1.502,13.0,0.0,0.0,0.0,0.0,0.0,0.0,0.0,0.0,0.0,0.0,0.0,0.0,0.0,391.2,113.9,50.7,656.6,164.7,5.61,31.29,8.676,7.64,0.0,74.64,12.58,14.57,32.43,30.06,1.016,0.07304,0.08358,0.04367,1.089,0.0,0.0,0.0,0.0,0.0,0.0,0.0,0.0,0.0,0.0,0.0,0.0,0.0,0.0,0.0,0.0,0.0,0.0,0.0,0.0,0.0,0.0,0.0,0.0,0.0,0.0,0.0,0.0,0.0,0.0,0.0,0.0,0.0,0.0,0.0,4.493E-4,0.0,13140.0,139800.0,87180.0,47750.0,2.683E7,38810.0,31560.0,35230.0,8106.0,50670.0,0.0,2.5890000000000002E-36,1.274E-36,7.984E-36,4.75E-36,1.5370000000000002E-36,2.889E-37,8.623999999999999E-39,4.695E-38,1.485E-38,5.814E-38,2.08E-35,0.0,0.5592,1.277,2.652,1.247,0.1999,0.05219,0.003046,0.01789,0.00823,0.0266,0.0,0.0,8.112E-4,6.263E-4,4.388E-4,0.9945,6.949E-4,7.803E-4,5.093E-4,1.898E-4,0.001468,0.0,0.006265,0.006751,0.00816,0.005104,0.2184,0.01022,9.125E-4,0.006156,6.212E-4,0.001246,
0.0,1558.0,172.4,192.6,103.9,0.1946,4.326,0.2516,1.105,0.6858,0.867,0.0,343.7,0.07347,1.095,0.3492,0.1178,0.3011,0.3133,0.5134,1.523,12.97,0.0,343.7,0.07347,1.095,0.3492,0.1178,0.3011,0.3133,0.5134,1.523,12.97,0.0,0.0,0.0,0.0,0.0,0.0,0.0,0.0,0.0,0.0,0.0,0.0,0.0,395.2,108.0,50.08,652.7,167.1,5.725,31.3,8.899,8.154,0.0,74.64,13.18,13.94,34.35,29.37,0.4096,0.04483,0.04831,0.01749,0.9783,0.0,0.0,0.0,0.0,0.0,0.0,0.0,0.0,0.0,0.0,0.0,0.0,0.0,0.0,0.0,0.0,0.0,0.0,0.0,0.0,0.0,0.0,0.0,0.0,0.0,0.0,0.0,0.0,0.0,0.0,0.0,0.0,0.0,0.0,0.0,4.174E-4,0.0,13310.0,143000.0,87570.0,47720.0,2.827E7,39420.0,32540.0,35770.0,8345.0,52480.0,0.0,2.6660000000000002E-36,1.199E-36,8.033000000000001E-36,4.691E-36,1.5460000000000002E-36,2.529E-37,6.705E-39,4.393E-38,1.305E-38,5.033E-38,2.08E-35,0.0,0.5943,1.241,2.688,1.216,0.2103,0.04112,0.002471,0.01707,0.007704,0.02421,0.0,0.0,8.112E-4,6.263E-4,4.388E-4,0.9945,6.949E-4,7.803E-4,5.093E-4,1.898E-4,0.001468,0.0,0.006424,0.006856,0.008009,0.005018,0.2183,0.0102,9.261E-4,0.006156,6.183E-4,0.001256,
0.0,1561.0,174.2,188.9,110.2,0.4152,4.434,0.2771,1.089,0.6851,0.8836,0.0,343.7,0.08522,1.086,0.346,0.1139,0.2998,0.3316,0.4937,2.033,12.47,0.0,343.7,0.08522,1.086,0.346,0.1139,0.2998,0.3316,0.4937,2.033,12.47,0.0,0.0,0.0,0.0,0.0,0.0,0.0,0.0,0.0,0.0,0.0,0.0,0.0,397.8,110.6,50.47,644.7,167.4,5.732,31.51,8.707,8.191,0.0,77.81,12.7,13.76,22.87,29.85,0.2345,0.03813,0.03993,0.01127,0.9517,0.0,0.0,0.0,0.0,0.0,0.0,0.0,0.0,0.0,0.0,0.0,0.0,0.0,0.0,0.0,0.0,0.0,0.0,0.0,0.0,0.0,0.0,0.0,0.0,0.0,0.0,0.0,0.0,0.0,0.0,0.0,0.0,0.0,0.0,0.0,3.981E-4,0.0,14010.0,144000.0,88220.0,47240.0,2.988E7,40440.0,34580.0,36120.0,8713.0,54780.0,0.0,2.81E-36,1.268E-36,7.892E-36,4.53E-36,1.536E-36,2.51E-37,6.881999999999999E-39,4.329E-38,1.272E-38,4.976E-38,2.08E-35,0.0,0.635,1.258,2.647,1.173,0.2123,0.04057,0.00284,0.0167,0.007618,0.03503,0.0,0.0,8.112E-4,6.263E-4,4.388E-4,0.9945,6.949E-4,7.803E-4,5.093E-4,1.898E-4,0.001468,0.0,0.006561,0.006852,0.007983,0.004973,0.2184,0.01015,0.001339,0.005727,6.427E-4,0.001246,
0.0,1547.0,184.3,192.8,109.9,0.5861,6.948,0.2834,1.138,0.6421,0.8875,0.0,343.7,0.07562,1.076,0.3549,0.1139,0.3098,0.3332,0.5384,3.23,11.22,0.0,343.7,0.07562,1.076,0.3549,0.1139,0.3098,0.3332,0.5384,3.23,11.22,0.0,0.0,0.0,0.0,0.0,0.0,0.0,0.0,0.0,0.0,0.0,0.0,0.0,404.4,104.8,50.63,644.7,167.3,5.906,33.43,6.832,8.235,0.0,75.76,14.83,12.69,20.97,29.95,0.1692,0.03601,0.03728,0.009309,0.9434,0.0,0.0,0.0,0.0,0.0,0.0,0.0,0.0,0.0,0.0,0.0,0.0,0.0,0.0,0.0,0.0,0.0,0.0,0.0,0.0,0.0,0.0,0.0,0.0,0.0,0.0,0.0,0.0,0.0,0.0,0.0,0.0,0.0,0.0,0.0,1.0E-4,0.0,14200.0,141700.0,88580.0,47230.0,3.075E7,41030.0,35630.0,36840.0,9094.0,56160.0,0.0,2.317E-36,1.69E-36,7.862E-36,4.4630000000000004E-36,1.536E-36,3.7089999999999998E-37,6.932E-39,4.577E-38,1.007E-38,4.954E-38,2.08E-35,0.0,0.5237,1.339,2.67,1.165,0.2149,0.06159,0.002906,0.01747,0.006882,0.02566,0.0,0.0,8.112E-4,6.263E-4,4.388E-4,0.9945,6.949E-4,7.803E-4,5.093E-4,1.898E-4,0.001468,0.0,0.006663,0.006849,0.007956,0.004977,0.2184,0.01006,0.001342,0.005569,8.115E-4,0.0012,
0.0,1548.0,184.5,187.8,108.1,0.4939,5.456,0.2944,1.057,0.7084,0.8902,0.0,343.7,0.07438,1.099,0.3465,0.1138,0.2964,0.3322,0.4507,3.261,11.28,0.0,343.7,0.07438,1.099,0.3465,0.1138,0.2964,0.3322,0.4507,3.261,11.28,0.0,0.0,0.0,0.0,0.0,0.0,0.0,0.0,0.0,0.0,0.0,0.0,0.0,403.3,108.9,50.7,642.8,167.3,6.353,29.88,9.673,8.206,0.0,76.43,11.17,20.79,19.21,32.57,0.1391,0.03521,0.03628,0.008567,0.9403,0.0,0.0,0.0,0.0,0.0,0.0,0.0,0.0,0.0,0.0,0.0,0.0,0.0,0.0,0.0,0.0,0.0,0.0,0.0,0.0,0.0,0.0,0.0,0.0,0.0,0.0,0.0,0.0,0.0,0.0,0.0,0.0,0.0,0.0,0.0,9.019E-4,0.0,14440.0,139600.0,89300.0,46400.0,2.872E7,40050.0,34480.0,36660.0,8586.0,53460.0,0.0,2.337E-36,1.196E-36,7.950000000000001E-36,4.42E-36,1.525E-36,2.8659999999999998E-37,7.328999999999999E-39,4.175E-38,1.272E-38,4.937E-38,2.08E-35,0.0,0.5332,1.324,2.741,1.153,0.1685,0.0482,0.003076,0.0161,0.007983,0.02565,0.0,0.0,8.112E-4,6.263E-4,4.388E-4,0.9945,6.949E-4,7.803E-4,5.093E-4,1.898E-4,0.001468,0.0,0.006699,0.006792,0.008068,0.004909,0.2183,0.01004,0.001317,0.005727,6.881E-4,0.001192,
0.0,1551.0,178.4,187.3,107.5,5.752,5.186,0.2954,1.061,0.7092,0.8871,0.0,343.7,0.07502,1.117,0.3269,0.1144,0.3042,0.3415,0.346,1.503,13.13,0.0,343.7,0.07502,1.117,0.3269,0.1144,0.3042,0.3415,0.346,1.503,13.13,0.0,0.0,0.0,0.0,0.0,0.0,0.0,0.0,0.0,0.0,0.0,0.0,0.0,396.4,110.6,50.73,654.9,167.3,6.363,29.98,9.577,8.211,0.0,76.43,11.1,20.08,18.44,32.58,0.1246,0.03471,0.03569,0.008252,0.939,0.0,0.0,0.0,0.0,0.0,0.0,0.0,0.0,0.0,0.0,0.0,0.0,0.0,0.0,0.0,0.0,0.0,0.0,0.0,0.0,0.0,0.0,0.0,0.0,0.0,0.0,0.0,0.0,0.0,0.0,0.0,0.0,0.0,0.0,0.0,6.977E-4,0.0,14540.0,135900.0,94770.0,46560.0,2.813E7,40130.0,34430.0,36910.0,8635.0,52910.0,0.0,2.497E-36,1.181E-36,7.748E-36,4.422E-36,1.547E-36,2.753E-37,7.256E-39,4.124E-38,1.251E-38,4.921E-38,2.08E-35,0.0,0.561,1.274,2.716,1.148,0.2141,0.04588,0.003082,0.01614,0.007984,0.02561,0.0,0.0,8.112E-4,6.263E-4,4.388E-4,0.9945,6.949E-4,7.803E-4,5.093E-4,1.898E-4,0.001468,0.0,0.006768,0.006745,0.008053,0.004883,0.218,0.01002,0.001295,0.00574,7.144E-4,0.001169,
0.0,1552.0,177.3,188.4,102.8,5.741,5.183,0.2963,1.06,0.7102,0.886,0.0,343.7,0.07448,1.114,0.3292,0.1146,0.3038,0.3457,0.344,0.9603,13.67,0.0,343.7,0.07448,1.114,0.3292,0.1146,0.3038,0.3457,0.344,0.9603,13.67,0.0,0.0,0.0,0.0,0.0,0.0,0.0,0.0,0.0,0.0,0.0,0.0,0.0,400.3,111.2,50.41,658.8,167.3,6.379,29.97,9.557,8.212,0.0,76.43,10.97,18.36,22.41,32.4,0.1174,0.03462,0.03559,0.008173,0.9387,0.0,0.0,0.0,0.0,0.0,0.0,0.0,0.0,0.0,0.0,0.0,0.0,0.0,0.0,0.0,0.0,0.0,0.0,0.0,0.0,0.0,0.0,0.0,0.0,0.0,0.0,0.0,0.0,0.0,0.0,0.0,0.0,0.0,0.0,0.0,5.736E-4,0.0,14700.0,135200.0,96260.0,52730.0,2.848E7,40780.0,35330.0,37770.0,8856.0,53840.0,0.0,2.54E-36,1.1800000000000001E-36,7.649E-36,4.4060000000000005E-36,1.554E-36,2.75E-37,7.229E-39,4.067E-38,1.244E-38,4.9E-38,2.08E-35,0.0,0.568,1.267,2.688,1.163,0.2132,0.04583,0.003096,0.01613,0.008001,0.02558,0.0,0.0,8.112E-4,6.263E-4,4.388E-4,0.9945,6.949E-4,7.803E-4,5.093E-4,1.898E-4,0.001468,0.0,0.006884,0.006743,0.008043,0.004879,0.2181,0.009914,0.001303,0.005737,7.367E-4,0.001142,
0.0,1548.0,174.4,195.6,103.2,0.4977,5.189,0.2843,1.144,0.6469,0.8829,0.0,343.7,0.07384,1.112,0.3312,0.1144,0.296,0.3678,0.3592,2.989,11.61,0.0,343.7,0.07384,1.112,0.3312,0.1144,0.296,0.3678,0.3592,2.989,11.61,0.0,0.0,0.0,0.0,0.0,0.0,0.0,0.0,0.0,0.0,0.0,0.0,0.0,403.4,110.3,50.39,656.5,167.3,5.84,33.61,6.734,8.184,0.0,75.82,11.54,17.0,22.03,37.59,0.1066,0.03462,0.03563,0.008193,0.9388,0.0,0.0,0.0,0.0,0.0,0.0,0.0,0.0,0.0,0.0,0.0,0.0,0.0,0.0,0.0,0.0,0.0,0.0,0.0,0.0,0.0,0.0,0.0,0.0,0.0,0.0,0.0,0.0,0.0,0.0,0.0,0.0,0.0,0.0,0.0,4.979E-4,0.0,14890.0,138400.0,93730.0,53240.0,2.938E7,41750.0,36680.0,38800.0,9331.0,55620.0,0.0,2.4480000000000003E-36,1.1770000000000001E-36,7.616000000000001E-36,4.3660000000000004E-36,1.552E-36,2.747E-37,6.712E-39,4.357E-38,9.766E-39,4.875E-38,2.08E-35,0.0,0.5517,1.249,2.727,1.155,0.2121,0.04578,0.002895,0.01754,0.006946,0.02553,0.0,0.0,8.112E-4,6.263E-4,4.388E-4,0.9945,6.949E-4,7.803E-4,5.093E-4,1.898E-4,0.001468,0.0,0.006969,0.006745,0.008043,0.00487,0.2181,0.009841,0.001318,0.005601,8.755E-4,0.00112,
0.0,1546.0,175.9,201.9,99.97,0.4918,5.214,0.2906,1.063,0.7149,0.8828,0.0,343.7,0.071,1.095,0.3506,0.1145,0.2959,0.3702,0.3519,2.992,11.61,0.0,343.7,0.071,1.095,0.3506,0.1145,0.2959,0.3702,0.3519,2.992,11.61,0.0,0.0,0.0,0.0,0.0,0.0,0.0,0.0,0.0,0.0,0.0,0.0,0.0,405.8,111.9,50.5,657.5,167.4,6.114,30.09,9.653,8.209,0.0,75.32,11.57,13.84,21.6,37.59,0.07861,0.03465,0.03567,0.00822,0.9391,0.0,0.0,0.0,0.0,0.0,0.0,0.0,0.0,0.0,0.0,0.0,0.0,0.0,0.0,0.0,0.0,0.0,0.0,0.0,0.0,0.0,0.0,0.0,0.0,0.0,0.0,0.0,0.0,0.0,0.0,0.0,0.0,0.0,0.0,0.0,4.96E-4,0.0,15040.0,141300.0,91930.0,51980.0,3.032E7,41030.0,36140.0,38160.0,9062.0,56140.0,0.0,2.424E-36,1.159E-36,7.582E-36,4.272E-36,1.552E-36,2.744E-37,6.924E-39,3.971E-38,1.231E-38,4.862E-38,2.08E-35,0.0,0.5566,1.265,2.726,1.121,0.2118,0.04579,0.003001,0.01617,0.008085,0.02554,0.0,0.0,8.112E-4,6.263E-4,4.388E-4,0.9945,6.949E-4,7.803E-4,5.093E-4,1.898E-4,0.001468,0.0,0.007048,0.006858,0.007958,0.004775,0.2182,0.009819,0.001305,0.005746,7.508E-4,0.001123,
0.0,1546.0,162.9,218.5,100.5,0.4906,5.23,0.2879,1.071,0.7091,0.8824,0.0,343.7,0.07424,1.103,0.3391,0.1144,0.2953,0.3615,0.3532,2.263,12.34,0.0,343.7,0.07424,1.103,0.3391,0.1144,0.2953,0.3615,0.3532,2.263,12.34,0.0,0.0,0.0,0.0,0.0,0.0,0.0,0.0,0.0,0.0,0.0,0.0,0.0,409.4,113.3,50.59,653.6,167.4,6.118,30.45,9.268,8.199,0.0,75.32,11.56,8.52,21.43,37.57,0.0618,0.03419,0.03507,0.00778,0.9369,0.0,0.0,0.0,0.0,0.0,0.0,0.0,0.0,0.0,0.0,0.0,0.0,0.0,0.0,0.0,0.0,0.0,0.0,0.0,0.0,0.0,0.0,0.0,0.0,0.0,0.0,0.0,0.0,0.0,0.0,0.0,0.0,0.0,0.0,0.0,4.476E-4,0.0,15100.0,145400.0,91920.0,51490.0,3.153E7,41090.0,36570.0,38150.0,9287.0,57330.0,0.0,2.424E-36,1.1510000000000001E-36,7.499E-36,4.287E-36,1.552E-36,2.7409999999999997E-37,6.889E-39,3.945E-38,1.181E-38,4.847E-38,2.08E-35,0.0,0.5566,1.162,2.811,1.126,0.2118,0.04576,0.003002,0.0163,0.007962,0.02551,0.0,0.0,8.112E-4,6.263E-4,4.388E-4,0.9945,6.949E-4,7.803E-4,5.093E-4,1.898E-4,0.001468,0.0,0.007117,0.006885,0.007884,0.004807,0.2179,0.009762,0.001295,0.005741,7.622E-4,0.001113,
0.0,1542.0,158.1,227.9,99.31,0.03285,5.237,0.286,1.075,0.7113,0.8837,0.0,343.7,0.08584,1.09,0.3396,0.1144,0.2948,0.3634,0.3513,2.64,11.97,0.0,343.7,0.08584,1.09,0.3396,0.1144,0.2948,0.3634,0.3513,2.64,11.97,0.0,0.0,0.0,0.0,0.0,0.0,0.0,0.0,0.0,0.0,0.0,0.0,0.0,416.3,111.3,50.62,649.6,167.3,5.983,30.56,9.288,8.193,0.0,74.76,12.04,8.473,21.38,38.03,0.04758,0.03353,0.03424,0.007172,0.934,0.0,0.0,0.0,0.0,0.0,0.0,0.0,0.0,0.0,0.0,0.0,0.0,0.0,0.0,0.0,0.0,0.0,0.0,0.0,0.0,0.0,0.0,0.0,0.0,0.0,0.0,0.0,0.0,0.0,0.0,0.0,0.0,0.0,0.0,0.0,4.178E-4,0.0,15170.0,149300.0,93370.0,52070.0,3.304E7,41930.0,37710.0,38840.0,9596.0,59530.0,0.0,2.304E-36,1.395E-36,7.348E-36,4.269E-36,1.552E-36,2.736E-37,6.769E-39,3.911E-38,1.3729999999999999E-38,4.628E-38,2.08E-35,0.0,0.5289,1.184,2.813,1.126,0.2118,0.04573,0.002951,0.01635,0.009096,0.02438,0.0,0.0,8.112E-4,6.263E-4,4.388E-4,0.9945,6.949E-4,7.803E-4,5.093E-4,1.898E-4,0.001468,0.0,0.007183,0.006876,0.007877,0.004793,0.2182,0.009701,0.001306,0.005744,7.758E-4,0.001097,
0.0,1542.0,154.8,232.1,98.54,0.03216,5.52,0.2832,1.08,0.7102,0.8841,0.0,343.7,0.06917,1.004,0.4427,0.1143,0.2945,0.3625,0.3527,2.649,11.96,0.0,343.7,0.06917,1.004,0.4427,0.1143,0.2945,0.3625,0.3527,2.649,11.96,0.0,0.0,0.0,0.0,0.0,0.0,0.0,0.0,0.0,0.0,0.0,0.0,0.0,413.5,113.2,53.5,647.6,167.3,5.848,30.73,9.232,8.185,0.0,74.76,11.44,8.35,21.36,38.1,0.04462,0.03337,0.03404,0.007026,0.9332,0.0,0.0,0.0,0.0,0.0,0.0,0.0,0.0,0.0,0.0,0.0,0.0,0.0,0.0,0.0,0.0,0.0,0.0,0.0,0.0,0.0,0.0,0.0,0.0,0.0,0.0,0.0,0.0,0.0,0.0,0.0,0.0,0.0,0.0,0.0,3.997E-4,0.0,15200.0,147600.0,95910.0,52200.0,3.466E7,43280.0,39200.0,39870.0,9943.0,62050.0,0.0,2.304E-36,1.076E-36,7.507000000000001E-36,4.256E-36,1.551E-36,2.842E-37,6.62E-39,3.883E-38,1.35E-38,4.619E-38,2.08E-35,0.0,0.5289,1.118,2.877,1.124,0.2122,0.04801,0.0029,0.01642,0.009064,0.02438,0.0,0.0,8.112E-4,6.263E-4,4.388E-4,0.9945,6.949E-4,7.803E-4,5.093E-4,1.898E-4,0.001468,0.0,0.007217,0.006649,0.007947,0.004947,0.2183,0.009668,0.001304,0.00575,7.665E-4,0.001104,
0.0,1542.0,157.9,228.8,98.53,0.0368,5.229,0.2832,1.083,0.7074,0.8844,0.0,343.7,0.07358,1.098,0.3441,0.1143,0.2934,0.3624,0.3529,2.309,12.3,0.0,343.7,0.07358,1.098,0.3441,0.1143,0.2934,0.3624,0.3529,2.309,12.3,0.0,0.0,0.0,0.0,0.0,0.0,0.0,0.0,0.0,0.0,0.0,0.0,0.0,415.4,110.8,56.02,644.6,167.3,5.847,30.84,9.115,8.181,0.0,74.76,11.48,8.32,21.36,38.1,0.04564,0.03337,0.03404,0.007026,0.9331,0.0,0.0,0.0,0.0,0.0,0.0,0.0,0.0,0.0,0.0,0.0,0.0,0.0,0.0,0.0,0.0,0.0,0.0,0.0,0.0,0.0,0.0,0.0,0.0,0.0,0.0,0.0,0.0,0.0,0.0,0.0,0.0,0.0,0.0,0.0,9.538E-4,0.0,15320.0,145200.0,95960.0,51150.0,3.23E7,42050.0,37740.0,39100.0,9572.0,58820.0,0.0,2.327E-36,1.149E-36,7.38E-36,4.256E-36,1.551E-36,2.728E-37,6.586E-39,3.843E-38,1.324E-38,4.6099999999999997E-38,2.08E-35,0.0,0.5362,1.156,2.833,1.123,0.2122,0.04566,0.002901,0.01647,0.009018,0.02438,0.0,0.0,8.112E-4,6.263E-4,4.388E-4,0.9945,6.949E-4,7.803E-4,5.093E-4,1.898E-4,0.001468,0.0,0.007328,0.006627,0.007814,0.005058,0.2183,0.009565,0.001304,0.005751,7.661E-4,0.001103,
0.0,1539.0,159.6,228.3,99.14,0.04207,5.222,0.2802,1.09,0.7027,0.8844,0.0,343.7,0.07313,1.094,0.3489,0.1142,0.2929,0.3619,0.3536,2.308,12.3,0.0,343.7,0.07313,1.094,0.3489,0.1142,0.2929,0.3619,0.3536,2.308,12.3,0.0,0.0,0.0,0.0,0.0,0.0,0.0,0.0,0.0,0.0,0.0,0.0,0.0,416.5,111.1,55.76,639.5,167.3,5.706,31.16,8.914,8.173,0.0,74.29,11.49,8.126,21.57,39.71,0.04912,0.03344,0.03414,0.007104,0.9332,0.0,0.0,0.0,0.0,0.0,0.0,0.0,0.0,0.0,0.0,0.0,0.0,0.0,0.0,0.0,0.0,0.0,0.0,0.0,0.0,0.0,0.0,0.0,0.0,0.0,0.0,0.0,0.0,0.0,0.0,0.0,0.0,0.0,0.0,0.0,8.202E-4,0.0,15340.0,144900.0,100700.0,51300.0,3.088E7,41700.0,37140.0,38970.0,9399.0,57130.0,0.0,2.2290000000000003E-36,1.0870000000000001E-36,7.395E-36,4.261E-36,1.5530000000000002E-36,2.724E-37,6.47E-39,3.837E-38,1.292E-38,4.601E-38,2.08E-35,0.0,0.5137,1.151,2.853,1.13,0.2127,0.04564,0.002844,0.0166,0.008941,0.02466,0.0,0.0,8.112E-4,6.263E-4,4.388E-4,0.9945,6.949E-4,7.803E-4,5.093E-4,1.898E-4,0.001468,0.0,0.007361,0.006598,0.007846,0.005034,0.2183,0.009527,0.001308,0.005757,7.636E-4,0.001103,
0.0,1533.0,159.1,232.0,100.7,0.03664,5.21,0.2809,1.092,0.6995,0.884,0.0,343.7,0.07632,1.089,0.3495,0.114,0.2936,0.3631,0.3539,2.306,12.3,0.0,343.7,0.07632,1.089,0.3495,0.114,0.2936,0.3631,0.3539,2.306,12.3,0.0,0.0,0.0,0.0,0.0,0.0,0.0,0.0,0.0,0.0,0.0,0.0,0.0,421.2,114.9,57.02,626.8,167.3,5.689,31.26,8.789,8.154,0.0,73.38,18.03,3.193,21.34,38.99,0.06354,0.03358,0.03432,0.007242,0.9335,0.0,0.0,0.0,0.0,0.0,0.0,0.0,0.0,0.0,0.0,0.0,0.0,0.0,0.0,0.0,0.0,0.0,0.0,0.0,0.0,0.0,0.0,0.0,0.0,0.0,0.0,0.0,0.0,0.0,0.0,0.0,0.0,0.0,0.0,0.0,1.002E-4,0.0,15370.0,194600.0,103100.0,51400.0,3.063E7,42890.0,37570.0,39530.0,9472.0,57330.0,0.0,2.049E-36,1.1880000000000001E-36,7.217E-36,4.307E-36,1.544E-36,2.7189999999999997E-37,6.448999999999999E-39,3.8039999999999997E-38,1.267E-38,4.591E-38,2.08E-35,0.0,0.4722,1.178,2.87,1.144,0.1809,0.04561,0.002858,0.01663,0.008893,0.02466,0.0,0.0,8.112E-4,6.263E-4,4.388E-4,0.9945,6.949E-4,7.803E-4,5.093E-4,1.898E-4,0.001468,0.0,0.007427,0.0066,0.007772,0.005189,0.2182,0.009407,0.001314,0.005754,7.62E-4,0.001103,
0.0,1534.0,153.8,226.7,100.9,0.03656,5.136,0.2793,1.093,0.7011,0.8821,0.0,343.7,0.06615,1.097,0.3525,0.1139,0.2914,0.3332,0.3935,2.847,11.75,0.0,343.7,0.06615,1.097,0.3525,0.1139,0.2914,0.3332,0.3935,2.847,11.75,0.0,0.0,0.0,0.0,0.0,0.0,0.0,0.0,0.0,0.0,0.0,0.0,0.0,420.1,114.9,57.08,625.9,167.3,5.674,31.22,8.786,8.167,0.0,73.39,15.75,12.24,21.04,41.15,0.06415,0.03356,0.03442,0.007271,0.9335,0.0,0.0,0.0,0.0,0.0,0.0,0.0,0.0,0.0,0.0,0.0,0.0,0.0,0.0,0.0,0.0,0.0,0.0,0.0,0.0,0.0,0.0,0.0,0.0,0.0,0.0,0.0,0.0,0.0,0.0,0.0,0.0,0.0,0.0,0.0,5.462E-4,0.0,15440.0,181700.0,100100.0,52590.0,3.122E7,43630.0,38590.0,40570.0,9911.0,58440.0,0.0,2.0810000000000003E-36,1.0450000000000001E-36,7.277E-36,4.326E-36,1.5460000000000002E-36,2.675E-37,6.504999999999999E-39,3.748E-38,1.257E-38,4.577E-38,2.08E-35,0.0,0.4874,1.108,2.92,1.144,0.1851,0.04499,0.002852,0.01662,0.008918,0.02436,0.0,0.0,8.112E-4,6.263E-4,4.388E-4,0.9945,6.949E-4,7.803E-4,5.093E-4,1.898E-4,0.001468,0.0,0.007442,0.006579,0.007759,0.00521,0.2183,0.009415,0.001261,0.005791,7.799E-4,0.001087,
0.0,1535.0,154.3,219.7,106.9,0.03633,5.126,0.2824,1.104,0.6938,0.8813,0.0,343.7,0.06717,1.095,0.3532,0.1139,0.2948,0.3082,0.4118,2.851,11.75,0.0,343.7,0.06717,1.095,0.3532,0.1139,0.2948,0.3082,0.4118,2.851,11.75,0.0,0.0,0.0,0.0,0.0,0.0,0.0,0.0,0.0,0.0,0.0,0.0,0.0,420.5,114.9,57.09,625.5,167.3,5.673,31.5,8.537,8.124,0.0,73.39,15.71,12.2,20.87,40.85,0.06499,0.0336,0.03452,0.00733,0.9337,0.0,0.0,0.0,0.0,0.0,0.0,0.0,0.0,0.0,0.0,0.0,0.0,0.0,0.0,0.0,0.0,0.0,0.0,0.0,0.0,0.0,0.0,0.0,0.0,0.0,0.0,0.0,0.0,0.0,0.0,0.0,0.0,0.0,0.0,0.0,1.0E-4,0.0,15510.0,184300.0,96730.0,52070.0,3.197E7,43390.0,38340.0,40080.0,9921.0,59000.0,0.0,2.114E-36,1.056E-36,7.265E-36,4.261E-36,1.545E-36,2.668E-37,6.531E-39,3.719E-38,1.22E-38,4.568E-38,2.08E-35,0.0,0.495,1.113,2.876,1.175,0.1846,0.04495,0.002858,0.01675,0.008816,0.02434,0.0,0.0,8.112E-4,6.263E-4,4.388E-4,0.9945,6.949E-4,7.803E-4,5.093E-4,1.898E-4,0.001468,0.0,0.007499,0.006573,0.00777,0.005174,0.2181,0.009368,0.001239,0.005833,7.831E-4,0.001075,
0.0,1535.0,147.3,218.3,107.6,7.763,5.391,0.285,1.141,0.5248,1.006,0.0,343.7,0.06696,1.09,0.3563,0.117,0.2901,0.3178,0.5256,3.092,11.39,0.0,343.7,0.06696,1.09,0.3563,0.117,0.2901,0.3178,0.5256,3.092,11.39,0.0,0.0,0.0,0.0,0.0,0.0,0.0,0.0,0.0,0.0,0.0,0.0,0.0,420.4,114.9,57.17,622.5,167.3,5.68,33.04,6.838,8.232,0.0,73.39,15.73,12.18,20.56,40.86,0.05647,0.03347,0.03425,0.007151,0.9335,0.0,0.0,0.0,0.0,0.0,0.0,0.0,0.0,0.0,0.0,0.0,0.0,0.0,0.0,0.0,0.0,0.0,0.0,0.0,0.0,0.0,0.0,0.0,0.0,0.0,0.0,0.0,0.0,0.0,0.0,0.0,0.0,0.0,0.0,0.0,6.37E-4,0.0,15550.0,187400.0,94050.0,50870.0,3.132E7,41860.0,37150.0,38770.0,9760.0,57650.0,0.0,2.114E-36,1.015E-36,7.189E-36,4.266E-36,1.603E-36,2.859E-37,6.534E-39,3.807E-38,1.017E-38,4.609E-38,2.08E-35,0.0,0.495,1.062,2.858,1.18,0.2458,0.04795,0.002885,0.01736,0.006787,0.02567,0.0,0.0,8.171E-4,6.308E-4,4.42E-4,0.9944,6.999E-4,7.86E-4,5.13E-4,1.911E-4,0.001479,0.0,0.007572,0.006491,0.007774,0.005161,0.2182,0.009319,0.00125,0.005774,8.177E-4,0.001097,
0.0,1529.0,158.5,212.7,107.4,8.258,5.915,0.2855,1.14,0.5256,1.007,0.0,343.7,0.07227,1.09,0.3507,0.117,0.2903,0.4248,0.339,2.021,12.54,0.0,343.7,0.07227,1.09,0.3507,0.117,0.2903,0.4248,0.339,2.021,12.54,0.0,0.0,0.0,0.0,0.0,0.0,0.0,0.0,0.0,0.0,0.0,0.0,0.0,421.0,114.7,55.81,623.1,168.8,5.68,33.04,6.838,8.232,0.0,72.61,15.63,12.18,20.26,40.71,0.05203,0.03332,0.03402,0.006996,0.9327,0.0,0.0,0.0,0.0,0.0,0.0,0.0,0.0,0.0,0.0,0.0,0.0,0.0,0.0,0.0,0.0,0.0,0.0,0.0,0.0,0.0,0.0,0.0,0.0,0.0,0.0,0.0,0.0,0.0,0.0,0.0,0.0,0.0,0.0,0.0,1.001E-4,0.0,15560.0,190900.0,92570.0,49850.0,2.931E7,40000.0,35150.0,37640.0,9359.0,54310.0,0.0,1.9650000000000003E-36,1.076E-36,7.094E-36,4.2260000000000005E-36,1.603E-36,3.2939999999999997E-37,6.501E-39,3.762E-38,1.004E-38,4.595E-38,2.08E-35,0.0,0.4603,1.15,2.793,1.181,0.249,0.05513,0.002893,0.01734,0.006811,0.02565,0.0,0.0,8.171E-4,6.308E-4,4.42E-4,0.9944,6.999E-4,7.86E-4,5.13E-4,1.911E-4,0.001479,0.0,0.007569,0.006461,0.007795,0.005165,0.2181,0.009328,0.00113,0.005906,8.16E-4,0.001087,
0.0,1529.0,152.5,208.8,108.3,0.9145,6.158,0.2874,1.169,0.503,1.006,0.0,343.7,0.06697,1.094,0.3508,0.1169,0.29,0.4208,0.298,0.8991,13.7,0.0,343.7,0.06697,1.094,0.3508,0.1169,0.29,0.4208,0.298,0.8991,13.7,0.0,0.0,0.0,0.0,0.0,0.0,0.0,0.0,0.0,0.0,0.0,0.0,0.0,418.8,117.1,56.28,617.3,168.7,5.75,34.22,5.88,8.17,0.0,72.61,16.45,18.73,20.22,48.05,0.05256,0.03333,0.03402,0.007,0.9325,0.0,0.0,0.0,0.0,0.0,0.0,0.0,0.0,0.0,0.0,0.0,0.0,0.0,0.0,0.0,0.0,0.0,0.0,0.0,0.0,0.0,0.0,0.0,0.0,0.0,0.0,0.0,0.0,0.0,0.0,0.0,0.0,0.0,0.0,0.0,1.0E-4,0.0,15560.0,190800.0,94480.0,48890.0,2.874E7,39580.0,34690.0,37280.0,9326.0,53380.0,0.0,1.9650000000000003E-36,1.0160000000000001E-36,7.096E-36,4.235E-36,1.603E-36,3.349E-37,6.549E-39,3.833E-38,8.994E-39,4.581E-38,2.08E-35,0.0,0.4603,1.103,2.816,1.191,0.249,0.0569,0.002926,0.01781,0.006447,0.02563,0.0,0.0,8.171E-4,6.308E-4,4.42E-4,0.9944,6.999E-4,7.86E-4,5.13E-4,1.911E-4,0.001479,0.0,0.007569,0.006424,0.007826,0.005168,0.2178,0.00931,0.001145,0.005833,8.892E-4,0.001078,
0.0,1529.0,151.4,207.2,98.01,0.5936,6.077,0.2858,1.174,0.5035,1.005,0.0,343.7,0.06911,1.095,0.3396,0.1186,0.2957,0.4205,0.2983,1.045,13.56,0.0,343.7,0.06911,1.095,0.3396,0.1186,0.2957,0.4205,0.2983,1.045,13.56,0.0,0.0,0.0,0.0,0.0,0.0,0.0,0.0,0.0,0.0,0.0,0.0,0.0,418.8,118.7,51.38,617.0,172.2,5.669,34.45,5.847,8.165,0.0,72.61,16.38,20.39,31.11,48.31,0.4216,0.03339,0.0341,0.007066,0.9326,0.0,0.0,0.0,0.0,0.0,0.0,0.0,0.0,0.0,0.0,0.0,0.0,0.0,0.0,0.0,0.0,0.0,0.0,0.0,0.0,0.0,0.0,0.0,0.0,0.0,0.0,0.0,0.0,0.0,0.0,0.0,0.0,0.0,0.0,0.0,5.708E-4,0.0,15580.0,193100.0,97710.0,50940.0,2.906E7,41250.0,35260.0,37940.0,9484.0,54080.0,0.0,1.9650000000000003E-36,1.044E-36,7.018E-36,4.1860000000000004E-36,1.619E-36,3.837E-37,6.478E-39,3.786E-38,8.837E-39,4.567E-38,2.08E-35,0.0,0.4603,1.1,2.811,1.191,0.2507,0.06359,0.002897,0.0179,0.006453,0.02561,0.0,0.0,8.171E-4,6.308E-4,4.42E-4,0.9944,6.999E-4,7.86E-4,5.13E-4,1.911E-4,0.001479,0.0,0.007569,0.006418,0.007831,0.004973,0.2177,0.009429,0.001144,0.005856,8.958E-4,0.001069,
0.0,1531.0,151.1,208.4,100.1,1.031,5.247,0.2901,1.121,0.5467,1.004,0.0,343.7,0.07268,1.086,0.3461,0.1192,0.2945,0.4208,0.3104,0.6549,13.93,0.0,343.7,0.07268,1.086,0.3461,0.1192,0.2945,0.4208,0.3104,0.6549,13.93,0.0,0.0,0.0,0.0,0.0,0.0,0.0,0.0,0.0,0.0,0.0,0.0,0.0,418.9,118.8,51.6,616.2,171.7,5.882,32.19,7.624,8.195,0.0,72.61,16.4,19.95,27.07,48.36,0.5076,0.0338,0.03458,0.007261,0.933,0.0,0.0,0.0,0.0,0.0,0.0,0.0,0.0,0.0,0.0,0.0,0.0,0.0,0.0,0.0,0.0,0.0,0.0,0.0,0.0,0.0,0.0,0.0,0.0,0.0,0.0,0.0,0.0,0.0,0.0,0.0,0.0,0.0,0.0,0.0,1.0E-4,0.0,15620.0,197800.0,102400.0,51290.0,2.989E7,42390.0,36030.0,38740.0,9637.0,55350.0,0.0,1.988E-36,1.068E-36,6.948E-36,4.2060000000000004E-36,1.6240000000000003E-36,3.526E-37,6.605E-39,3.544E-38,9.989E-39,4.559E-38,2.08E-35,0.0,0.4761,1.106,2.803,1.18,0.2549,0.05691,0.002972,0.01702,0.007176,0.02558,0.0,0.0,8.171E-4,6.308E-4,4.42E-4,0.9944,6.999E-4,7.86E-4,5.13E-4,1.911E-4,0.001479,0.0,0.007617,0.006426,0.007791,0.004974,0.2176,0.009368,0.001142,0.00593,8.391E-4,0.001065,
0.0,1531.0,151.9,206.5,104.5,0.5677,5.229,0.2868,1.124,0.5466,1.003,0.0,343.7,0.07863,1.06,0.3619,0.1192,0.2945,0.4204,0.3119,0.6557,13.93,0.0,343.7,0.07863,1.06,0.3619,0.1192,0.2945,0.4204,0.3119,0.6557,13.93,0.0,0.0,0.0,0.0,0.0,0.0,0.0,0.0,0.0,0.0,0.0,0.0,0.0,419.7,121.1,51.77,614.0,171.7,5.747,32.3,7.636,8.191,0.0,72.61,16.42,19.71,23.08,48.92,0.5251,0.03397,0.0348,0.007433,0.9334,0.0,0.0,0.0,0.0,0.0,0.0,0.0,0.0,0.0,0.0,0.0,0.0,0.0,0.0,0.0,0.0,0.0,0.0,0.0,0.0,0.0,0.0,0.0,0.0,0.0,0.0,0.0,0.0,0.0,0.0,0.0,0.0,0.0,0.0,0.0,4.844E-4,0.0,15640.0,202600.0,105900.0,50810.0,3.087E7,42790.0,35810.0,38080.0,9683.0,56120.0,0.0,1.988E-36,1.096E-36,6.858E-36,4.203E-36,1.6240000000000003E-36,3.5209999999999997E-37,6.468999999999999E-39,3.502E-38,9.810999999999999E-39,4.5489999999999997E-38,2.08E-35,0.0,0.4761,1.107,2.783,1.187,0.2553,0.05691,0.002921,0.01708,0.007168,0.02558,0.0,0.0,8.171E-4,6.308E-4,4.42E-4,0.9944,6.999E-4,7.86E-4,5.13E-4,1.911E-4,0.001479,0.0,0.007617,0.006416,0.007809,0.00498,0.2177,0.009365,0.001142,0.005942,8.311E-4,0.001065,
0.0,1533.0,151.4,206.6,107.9,0.5299,5.23,0.2837,1.13,0.5439,1.003,0.0,343.7,0.07404,1.049,0.3646,0.1192,0.3057,0.4197,0.3126,0.6544,13.93,0.0,343.7,0.07404,1.049,0.3646,0.1192,0.3057,0.4197,0.3126,0.6544,13.93,0.0,0.0,0.0,0.0,0.0,0.0,0.0,0.0,0.0,0.0,0.0,0.0,0.0,420.1,121.1,51.8,614.7,171.7,5.601,32.53,7.524,8.181,0.0,72.61,16.3,19.3,18.91,48.66,0.5282,0.034,0.03499,0.007524,0.9334,0.0,0.0,0.0,0.0,0.0,0.0,0.0,0.0,0.0,0.0,0.0,0.0,0.0,0.0,0.0,0.0,0.0,0.0,0.0,0.0,0.0,0.0,0.0,0.0,0.0,0.0,0.0,0.0,0.0,0.0,0.0,0.0,0.0,0.0,0.0,1.0E-4,0.0,15760.0,204500.0,107700.0,50630.0,3.214E7,43580.0,36350.0,38160.0,9871.0,57710.0,0.0,2.056E-36,1.062E-36,6.853E-36,4.134E-36,1.6240000000000003E-36,3.587E-37,6.341999999999999E-39,3.474E-38,9.583E-39,4.54E-38,2.08E-35,0.0,0.5108,1.098,2.781,1.155,0.2546,0.06479,0.002869,0.01718,0.007146,0.02528,0.0,0.0,8.171E-4,6.308E-4,4.42E-4,0.9944,6.999E-4,7.86E-4,5.13E-4,1.911E-4,0.001479,0.0,0.007666,0.006301,0.00782,0.004995,0.2176,0.009299,0.001138,0.005943,8.291E-4,0.001064,
0.0,1533.0,144.4,214.1,106.8,0.5565,7.012,0.3249,1.151,0.3104,1.254,0.0,343.7,0.09724,1.053,0.3437,0.1191,0.2931,0.4726,0.3789,0.6586,13.82,0.0,343.7,0.09724,1.053,0.3437,0.1191,0.2931,0.4726,0.3789,0.6586,13.82,0.0,0.0,0.0,0.0,0.0,0.0,0.0,0.0,0.0,0.0,0.0,0.0,0.0,422.1,121.4,51.49,609.7,171.7,5.405,32.33,7.194,8.906,0.0,72.61,16.3,19.2,17.31,48.64,0.5355,0.03393,0.03514,0.007699,0.9333,0.0,0.0,0.0,0.0,0.0,0.0,0.0,0.0,0.0,0.0,0.0,0.0,0.0,0.0,0.0,0.0,0.0,0.0,0.0,0.0,0.0,0.0,0.0,0.0,0.0,0.0,0.0,0.0,0.0,0.0,0.0,0.0,0.0,0.0,0.0,1.001E-4,0.0,15760.0,201100.0,105200.0,51210.0,3.356E7,45110.0,37550.0,38950.0,10150.0,59960.0,0.0,2.056E-36,1.126E-36,6.782E-36,3.984E-36,1.628E-36,4.691E-37,9.272999999999999E-39,3.594E-38,9.684E-39,4.614E-38,2.08E-35,0.0,0.5108,1.07,2.818,1.131,0.2561,0.07526,0.00332,0.01746,0.004699,0.02798,0.0,0.0,8.171E-4,6.308E-4,4.42E-4,0.9944,6.999E-4,7.86E-4,5.13E-4,1.911E-4,0.001479,0.0,0.007666,0.006297,0.007804,0.004974,0.2175,0.00933,0.001139,0.005908,8.088E-4,0.001118,
0.0,1533.0,138.6,219.1,109.4,0.5553,5.277,1.103,0.6881,0.3476,1.253,0.0,343.7,0.09419,1.06,0.3399,0.12,0.2923,0.4957,0.2444,0.4139,14.17,0.0,343.7,0.09419,1.06,0.3399,0.12,0.2923,0.4957,0.2444,0.4139,14.17,0.0,0.0,0.0,0.0,0.0,0.0,0.0,0.0,0.0,0.0,0.0,0.0,0.0,421.5,124.5,51.67,605.9,171.7,27.3,11.57,6.078,8.936,0.0,72.61,16.31,19.11,16.72,48.65,0.5172,0.03358,0.03446,0.007258,0.9332,0.0,0.0,0.0,0.0,0.0,0.0,0.0,0.0,0.0,0.0,0.0,0.0,0.0,0.0,0.0,0.0,0.0,0.0,0.0,0.0,0.0,0.0,0.0,0.0,0.0,0.0,0.0,0.0,0.0,0.0,0.0,0.0,0.0,0.0,0.0,1.001E-4,0.0,15820.0,202800.0,105400.0,52410.0,3.516E7,46120.0,40750.0,38320.0,10500.0,62520.0,0.0,2.056E-36,1.0870000000000001E-36,6.793E-36,4.061E-36,1.6300000000000002E-36,3.546E-37,4.07E-38,2.5E-38,1.329E-38,4.588E-38,2.08E-35,0.0,0.5108,1.024,2.856,1.15,0.2572,0.0579,0.01516,0.009169,0.00515,0.02777,0.0,0.0,8.171E-4,6.308E-4,4.42E-4,0.9944,6.999E-4,7.86E-4,5.13E-4,1.911E-4,0.001479,0.0,0.00771,0.00627,0.007831,0.004976,0.2176,0.009277,0.001873,0.005157,8.314E-4,0.001119,
0.0,1534.0,129.5,213.3,110.5,7.0,3.958,1.04,0.5975,0.2731,0.9702,0.0,343.7,0.09006,1.061,0.3379,0.1243,0.2884,0.5013,0.2439,0.4105,14.17,0.0,343.7,0.09006,1.061,0.3379,0.1243,0.2884,0.5013,0.2439,0.4105,14.17,0.0,0.0,0.0,0.0,0.0,0.0,0.0,0.0,0.0,0.0,0.0,0.0,0.0,427.5,127.3,43.75,613.5,166.4,27.65,11.5,5.7,8.842,0.0,72.61,16.31,19.08,22.11,48.72,0.5233,0.03457,0.03563,0.008143,0.937,0.0,0.0,0.0,0.0,0.0,0.0,0.0,0.0,0.0,0.0,0.0,0.0,0.0,0.0,0.0,0.0,0.0,0.0,0.0,0.0,0.0,0.0,0.0,0.0,0.0,0.0,0.0,0.0,0.0,0.0,0.0,0.0,0.0,0.0,0.0,0.001048,0.0,15900.0,205600.0,108600.0,52240.0,3.205E7,45590.0,38890.0,37290.0,10070.0,58490.0,0.0,2.0900000000000002E-36,1.002E-36,6.678E-36,4.1860000000000004E-36,1.647E-36,3.201E-37,3.9009999999999997E-38,2.2509999999999999E-38,1.131E-38,3.916E-38,2.08E-35,0.0,0.5285,0.9524,2.798,1.204,0.3064,0.04737,0.01479,0.008504,0.004529,0.02573,0.0,0.0,8.171E-4,6.308E-4,4.42E-4,0.9944,6.999E-4,7.86E-4,5.13E-4,1.911E-4,0.001479,0.0,0.007799,0.006236,0.007805,0.00482,0.2178,0.009071,0.001895,0.005169,8.135E-4,0.001121,
0.0,1532.0,132.8,212.7,111.0,6.996,3.95,1.067,0.5875,0.2578,0.9679,0.0,343.7,0.09067,1.058,0.3402,0.1244,0.2879,0.5181,0.2377,0.5489,14.02,0.0,343.7,0.09067,1.058,0.3402,0.1244,0.2879,0.5181,0.2377,0.5489,14.02,0.0,0.0,0.0,0.0,0.0,0.0,0.0,0.0,0.0,0.0,0.0,0.0,0.0,427.9,127.3,43.93,614.7,166.5,28.82,11.11,4.976,8.944,0.0,72.24,16.23,19.05,21.98,48.36,0.5233,0.03446,0.0355,0.00818,0.937,0.0,0.0,0.0,0.0,0.0,0.0,0.0,0.0,0.0,0.0,0.0,0.0,0.0,0.0,0.0,0.0,0.0,0.0,0.0,0.0,0.0,0.0,0.0,0.0,0.0,0.0,0.0,0.0,0.0,0.0,0.0,0.0,0.0,0.0,0.0,1.001E-4,0.0,15930.0,204300.0,107900.0,51940.0,3.084E7,45260.0,38370.0,37120.0,10190.0,56980.0,0.0,2.0190000000000002E-36,1.015E-36,6.605000000000001E-36,4.202E-36,1.647E-36,3.19E-37,3.946E-38,2.186E-38,1.067E-38,3.908E-38,2.08E-35,0.0,0.5105,0.9749,2.788,1.209,0.3059,0.04735,0.01523,0.008347,0.004253,0.02574,0.0,0.0,8.171E-4,6.308E-4,4.42E-4,0.9944,6.999E-4,7.86E-4,5.13E-4,1.911E-4,0.001479,0.0,0.007878,0.006209,0.007801,0.004821,0.2177,0.008985,0.001885,0.005174,8.369E-4,0.001114,
0.0,1532.0,140.2,204.6,112.0,7.031,3.947,1.072,0.5834,0.2557,0.9691,0.0,343.7,0.0968,1.048,0.3436,0.1263,0.2875,0.5218,0.2349,0.5478,14.02,0.0,343.7,0.0968,1.048,0.3436,0.1263,0.2875,0.5218,0.2349,0.5478,14.02,0.0,0.0,0.0,0.0,0.0,0.0,0.0,0.0,0.0,0.0,0.0,0.0,0.0,419.5,133.1,45.48,618.2,165.6,28.87,10.67,4.683,8.125,0.0,72.24,17.17,19.1,18.96,49.6,0.5817,0.04757,0.05188,0.02034,0.9881,0.0,0.0,0.0,0.0,0.0,0.0,0.0,0.0,0.0,0.0,0.0,0.0,0.0,0.0,0.0,0.0,0.0,0.0,0.0,0.0,0.0,0.0,0.0,0.0,0.0,0.0,0.0,0.0,0.0,0.0,0.0,0.0,0.0,0.0,0.0,6.283E-4,0.0,15960.0,214500.0,109400.0,54170.0,3.075E7,46370.0,39010.0,37840.0,10370.0,57670.0,0.0,2.0190000000000002E-36,1.059E-36,6.559E-36,4.112E-36,1.686E-36,3.187E-37,3.9369999999999997E-38,2.161E-38,1.056E-38,3.966E-38,2.08E-35,0.0,0.5105,1.025,2.739,1.196,0.3173,0.04759,0.01538,0.008348,0.004284,0.02595,0.0,0.0,8.171E-4,6.308E-4,4.42E-4,0.9944,6.999E-4,7.86E-4,5.13E-4,1.911E-4,0.001479,0.0,0.007923,0.006138,0.007812,0.004871,0.2177,0.008939,0.001857,0.005175,8.318E-4,0.001095,
0.0,1523.0,148.0,207.2,110.8,6.5,3.936,1.07,0.5889,0.2513,0.9686,0.0,343.7,0.0944,1.051,0.3427,0.1262,0.2892,0.5179,0.2389,0.7448,13.82,0.0,343.7,0.0944,1.051,0.3427,0.1262,0.2892,0.5179,0.2389,0.7448,13.82,0.0,0.0,0.0,0.0,0.0,0.0,0.0,0.0,0.0,0.0,0.0,0.0,0.0,430.3,128.3,45.91,622.6,165.6,28.76,10.83,4.691,8.16,0.0,70.72,16.53,19.06,20.37,49.07,0.5557,0.04037,0.04288,0.01367,0.9596,0.0,0.0,0.0,0.0,0.0,0.0,0.0,0.0,0.0,0.0,0.0,0.0,0.0,0.0,0.0,0.0,0.0,0.0,0.0,0.0,0.0,0.0,0.0,0.0,0.0,0.0,0.0,0.0,0.0,0.0,0.0,0.0,0.0,0.0,0.0,5.293E-4,0.0,15990.0,218800.0,110800.0,54340.0,3.14E7,47530.0,40140.0,38910.0,10590.0,59160.0,0.0,1.77E-36,1.031E-36,6.528E-36,4.1160000000000005E-36,1.668E-36,3.168E-37,3.888E-38,2.12E-38,1.016E-38,3.9E-38,2.08E-35,0.0,0.4584,1.06,2.757,1.192,0.3113,0.04736,0.01529,0.008341,0.004199,0.02579,0.0,0.0,8.171E-4,6.308E-4,4.42E-4,0.9944,6.999E-4,7.86E-4,5.13E-4,1.911E-4,0.001479,0.0,0.007937,0.006179,0.007729,0.004891,0.2178,0.008878,0.001902,0.005222,7.905E-4,0.001105,
0.0,1523.0,148.7,202.7,99.56,6.492,3.328,0.8427,0.466,0.1742,0.9682,0.0,343.7,0.09301,0.9956,0.369,0.1438,0.2962,0.5252,0.2359,0.5517,14.01,0.0,343.7,0.09301,0.9956,0.369,0.1438,0.2962,0.5252,0.2359,0.5517,14.01,0.0,0.0,0.0,0.0,0.0,0.0,0.0,0.0,0.0,0.0,0.0,0.0,0.0,409.8,139.5,43.91,633.5,166.7,29.77,11.3,5.118,9.542,0.0,70.72,9.327,20.96,43.26,46.47,0.8152,0.1382,0.0998,0.05145,1.064,0.0,0.0,0.0,0.0,0.0,0.0,0.0,0.0,0.0,0.0,0.0,0.0,0.0,0.0,0.0,0.0,0.0,0.0,0.0,0.0,0.0,0.0,0.0,0.0,0.0,0.0,0.0,0.0,0.0,0.0,0.0,0.0,0.0,0.0,0.0,1.001E-4,0.0,15990.0,192200.0,129400.0,52380.0,3.216E7,51260.0,41180.0,38940.0,11140.0,62030.0,0.0,1.77E-36,9.436E-37,6.409000000000001E-36,4.195E-36,1.74E-36,3.106E-37,4.0559999999999997E-38,2.191E-38,1.079E-38,5.275999999999999E-38,2.08E-35,0.0,0.4584,1.034,2.732,1.215,0.3263,0.05062,0.01746,0.009456,0.004968,0.02959,0.0,0.0,8.171E-4,6.308E-4,4.42E-4,0.9944,6.999E-4,7.86E-4,5.13E-4,1.911E-4,0.001479,0.0,0.007937,0.005749,0.007896,0.00477,0.218,0.008901,0.001919,0.005232,7.995E-4,0.001161,
0.0,1523.0,154.6,193.9,100.1,0.07859,3.314,0.8429,0.4652,0.1754,0.9678,0.0,343.7,0.09328,0.8994,0.425,0.1451,0.2898,0.5296,0.2396,0.8776,13.72,0.0,343.7,0.09328,0.8994,0.425,0.1451,0.2898,0.5296,0.2396,0.8776,13.72,0.0,0.0,0.0,0.0,0.0,0.0,0.0,0.0,0.0,0.0,0.0,0.0,0.0,412.0,140.9,44.03,632.8,165.4,29.88,11.35,5.158,9.613,0.0,70.72,9.899,22.66,43.03,52.82,0.6456,0.1545,0.1085,0.05703,1.077,0.0,0.0,0.0,0.0,0.0,0.0,0.0,0.0,0.0,0.0,0.0,0.0,0.0,0.0,0.0,0.0,0.0,0.0,0.0,0.0,0.0,0.0,0.0,0.0,0.0,0.0,0.0,0.0,0.0,0.0,0.0,0.0,0.0,0.0,0.0,4.659E-4,0.0,16010.0,194700.0,134600.0,51790.0,3.33E7,49900.0,41620.0,38830.0,11330.0,63430.0,0.0,1.77E-36,9.491E-37,6.369E-36,4.2190000000000005E-36,1.742E-36,2.753E-37,4.094E-38,2.177E-38,1.089E-38,5.307E-38,2.08E-35,0.0,0.4585,1.074,2.69,1.223,0.3268,0.04126,0.0176,0.009508,0.005029,0.02969,0.0,0.0,8.171E-4,6.308E-4,4.42E-4,0.9944,6.999E-4,7.86E-4,5.13E-4,1.911E-4,0.001479,0.0,0.007995,0.005722,0.007869,0.004777,0.2181,0.008828,0.001923,0.005229,8.085E-4,0.001168,
0.0,1523.0,152.8,194.2,98.89,1.687,3.312,0.8473,0.4597,0.1752,0.9678,0.0,343.7,0.09732,0.8833,0.3984,0.1537,0.2905,0.5317,0.2368,1.105,13.5,0.0,343.7,0.09732,0.8833,0.3984,0.1537,0.2905,0.5317,0.2368,1.105,13.5,0.0,0.0,0.0,0.0,0.0,0.0,0.0,0.0,0.0,0.0,0.0,0.0,0.0,416.6,143.9,45.44,632.8,165.4,30.03,11.2,5.158,9.615,0.0,70.72,9.82,22.19,41.48,52.86,0.6492,0.1545,0.1087,0.05712,1.077,0.0,0.0,0.0,0.0,0.0,0.0,0.0,0.0,0.0,0.0,0.0,0.0,0.0,0.0,0.0,0.0,0.0,0.0,0.0,0.0,0.0,0.0,0.0,0.0,0.0,0.0,0.0,0.0,0.0,0.0,0.0,0.0,0.0,0.0,0.0,1.0E-4,0.0,16020.0,188500.0,136100.0,55460.0,3.464E7,50950.0,42610.0,39380.0,11620.0,65500.0,0.0,1.77E-36,9.805E-37,6.304E-36,4.092E-36,1.805E-36,2.747E-37,4.094E-38,2.142E-38,1.079E-38,5.3E-38,2.08E-35,0.0,0.4585,1.062,2.687,1.2,0.3411,0.04128,0.01767,0.009423,0.005019,0.02969,0.0,0.0,8.171E-4,6.308E-4,4.42E-4,0.9944,6.999E-4,7.86E-4,5.13E-4,1.911E-4,0.001479,0.0,0.007995,0.00574,0.007834,0.00479,0.218,0.008834,0.001929,0.005218,8.116E-4,0.001163,
0.0,1523.0,150.1,185.4,86.53,5.422,3.357,0.8608,0.4628,0.1778,0.9801,0.0,343.7,0.09336,0.8631,0.3178,0.2573,0.2839,0.5305,0.2336,1.12,13.48,0.0,343.7,0.09336,0.8631,0.3178,0.2573,0.2839,0.5305,0.2336,1.12,13.48,0.0,0.0,0.0,0.0,0.0,0.0,0.0,0.0,0.0,0.0,0.0,0.0,0.0,415.9,149.4,44.7,636.8,164.2,29.78,10.93,5.045,9.345,0.0,70.72,9.736,25.17,55.27,55.37,0.2541,0.07531,0.06808,0.03004,1.023,0.0,0.0,0.0,0.0,0.0,0.0,0.0,0.0,0.0,0.0,0.0,0.0,0.0,0.0,0.0,0.0,0.0,0.0,0.0,0.0,0.0,0.0,0.0,0.0,0.0,0.0,0.0,0.0,0.0,0.0,0.0,0.0,0.0,0.0,0.0,1.0E-4,0.0,16080.0,266100.0,1161000.0,174500.0,3.466E7,248400.0,77490.0,56840.0,23690.0,86440.0,0.0,1.77E-36,9.36E-37,5.82E-36,4.1030000000000004E-36,2.35E-36,2.258E-37,2.513E-38,1.303E-38,5.408E-39,4.158E-38,2.08E-35,0.0,0.4585,1.049,2.561,1.209,0.4792,0.03384,0.01345,0.007183,0.003576,0.02663,0.0,0.0,0.003279,0.03146,0.004027,0.9492,0.006623,0.001803,0.001013,5.47E-4,0.002031,0.0,0.008104,0.006117,0.01285,0.005356,0.2108,0.009608,0.002096,0.005289,8.661E-4,0.00125,
0.0,1523.0,150.1,183.1,83.25,0.06013,3.324,0.8543,0.4543,0.1767,0.9673,0.0,343.7,0.09293,0.9146,0.3556,0.1186,0.2806,0.5322,0.2313,1.506,13.14,0.0,343.7,0.09293,0.9146,0.3556,0.1186,0.2806,0.5322,0.2313,1.506,13.14,0.0,0.0,0.0,0.0,0.0,0.0,0.0,0.0,0.0,0.0,0.0,0.0,0.0,414.9,139.8,43.94,649.4,162.1,29.32,10.86,5.053,8.809,0.0,70.72,9.704,29.11,73.17,44.6,0.1549,0.05109,0.05602,0.02357,0.9951,0.0,0.0,0.0,0.0,0.0,0.0,0.0,0.0,0.0,0.0,0.0,0.0,0.0,0.0,0.0,0.0,0.0,0.0,0.0,0.0,0.0,0.0,0.0,0.0,0.0,0.0,0.0,0.0,0.0,0.0,0.0,0.0,0.0,0.0,0.0,1.0E-4,0.0,16140.0,168700.0,186500.0,63530.0,3.404E7,54950.0,28850.0,56630.0,23520.0,37540.0,0.0,1.77E-36,9.438E-37,6.444000000000001E-36,4.157E-36,1.618E-36,2.195E-37,2.375E-38,1.198E-38,4.938E-39,3.985E-38,2.08E-35,0.0,0.4586,1.049,2.718,1.234,0.2934,0.03236,0.01318,0.006961,0.003485,0.0262,0.0,0.0,2.795E-4,8.751E-4,5.384E-4,0.9952,6.279E-4,3.136E-4,0.001068,5.768E-4,5.539E-4,0.0,0.008173,0.005586,0.007607,0.004756,0.2182,0.008498,0.001844,0.005286,8.864E-4,9.739E-4,
0.0,1523.0,148.0,185.5,84.27,0.05945,3.324,0.861,0.4481,0.1762,0.9718,0.0,343.7,0.08856,0.9196,0.3189,0.1547,0.2805,0.536,0.2271,1.506,13.14,0.0,343.7,0.08856,0.9196,0.3189,0.1547,0.2805,0.536,0.2271,1.506,13.14,0.0,0.0,0.0,0.0,0.0,0.0,0.0,0.0,0.0,0.0,0.0,0.0,0.0,416.8,138.3,43.31,646.7,162.1,29.58,10.53,5.046,8.799,0.0,70.72,8.645,16.01,94.96,35.23,0.1509,0.05044,0.05381,0.02237,0.9895,0.0,0.0,0.0,0.0,0.0,0.0,0.0,0.0,0.0,0.0,0.0,0.0,0.0,0.0,0.0,0.0,0.0,0.0,0.0,0.0,0.0,0.0,0.0,0.0,0.0,0.0,0.0,0.0,0.0,0.0,0.0,0.0,0.0,0.0,0.0,4.728E-4,0.0,16150.0,166000.0,328800.0,97150.0,3.259E7,51960.0,28310.0,54500.0,22190.0,36400.0,0.0,1.77E-36,9.131E-37,6.472E-36,4.098E-36,1.648E-36,2.1879999999999998E-37,2.391E-38,1.166E-38,4.92E-39,3.985E-38,2.08E-35,0.0,0.4586,1.027,2.762,1.246,0.2577,0.03234,0.0133,0.006887,0.003496,0.02622,0.0,0.0,1.711E-4,0.004948,9.934E-4,0.9909,6.025E-4,3.009E-4,0.001025,5.535E-4,5.315E-4,0.0,0.008207,0.005553,0.008181,0.004767,0.2173,0.008461,0.001848,0.005273,8.801E-4,9.7E-4,
0.0,1518.0,132.2,205.8,87.32,0.0502,3.327,0.869,0.4395,0.1763,0.972,0.0,343.7,0.102,0.9189,0.3231,0.1338,0.2803,0.5408,0.2218,1.507,13.14,0.0,343.7,0.102,0.9189,0.3231,0.1338,0.2803,0.5408,0.2218,1.507,13.14,0.0,0.0,0.0,0.0,0.0,0.0,0.0,0.0,0.0,0.0,0.0,0.0,0.0,418.4,138.6,43.57,652.6,161.2,29.35,9.678,4.851,7.923,0.0,70.09,9.703,14.62,91.89,35.73,0.1208,0.04559,0.04752,0.01647,0.9641,0.0,0.0,0.0,0.0,0.0,0.0,0.0,0.0,0.0,0.0,0.0,0.0,0.0,0.0,0.0,0.0,0.0,0.0,0.0,0.0,0.0,0.0,0.0,0.0,0.0,0.0,0.0,0.0,0.0,0.0,0.0,0.0,0.0,0.0,0.0,1.001E-4,0.0,16170.0,182600.0,187700.0,102800.0,3.102E7,54500.0,25010.0,51320.0,22970.0,39310.0,0.0,1.6650000000000002E-36,9.878E-37,6.444000000000001E-36,4.1290000000000005E-36,1.525E-36,2.159E-37,2.361E-38,1.054E-38,4.333E-39,3.784E-38,2.08E-35,0.0,0.4315,1.067,2.756,1.264,0.2233,0.03169,0.01328,0.006538,0.003359,0.02599,0.0,0.0,1.824E-4,3.978E-4,0.001059,0.9951,6.423E-4,3.208E-4,0.001093,5.901E-4,5.666E-4,0.0,0.008204,0.005757,0.007344,0.004958,0.2175,0.008489,0.001815,0.005217,8.914E-4,9.866E-4,
0.0,1512.0,136.0,210.7,95.59,0.03348,3.318,0.8688,0.4392,0.1761,0.9718,0.0,343.7,0.09874,0.9216,0.3217,0.1192,0.279,0.5406,0.2218,1.506,13.16,0.0,343.7,0.09874,0.9216,0.3217,0.1192,0.279,0.5406,0.2218,1.506,13.16,0.0,0.0,0.0,0.0,0.0,0.0,0.0,0.0,0.0,0.0,0.0,0.0,0.0,424.8,137.4,41.17,654.6,159.6,29.41,9.815,4.898,6.373,0.0,84.14,8.819,13.22,74.91,29.87,0.07455,0.01797,0.01654,0.00681,0.9127,0.0,0.0,0.0,0.0,0.0,0.0,0.0,0.0,0.0,0.0,0.0,0.0,0.0,0.0,0.0,0.0,0.0,0.0,0.0,0.0,0.0,0.0,0.0,0.0,0.0,0.0,0.0,0.0,0.0,0.0,0.0,0.0,0.0,0.0,0.0,1.0E-4,0.0,20370.0,163300.0,171600.0,73470.0,2.941E7,41000.0,25330.0,52610.0,23650.0,25970.0,0.0,1.599E-36,9.524E-37,6.452E-36,4.086E-36,1.4840000000000001E-36,2.148E-37,2.334E-38,1.002E-38,4.1969999999999996E-39,3.735E-38,2.08E-35,0.0,0.4139,1.033,2.813,1.267,0.2046,0.03146,0.0132,0.006439,0.003326,0.0258,0.0,0.0,2.017E-4,4.397E-4,0.001171,0.9946,7.1E-4,3.546E-4,0.001208,6.523E-4,6.264E-4,0.0,0.008319,0.005524,0.007325,0.004675,0.2179,0.008249,0.001833,0.005245,9.057E-4,8.28E-4,
0.0,1512.0,137.5,208.7,98.27,0.2959,3.255,0.8811,0.3778,0.1585,0.9699,0.0,343.7,0.1058,0.9064,0.3181,0.1246,0.2872,0.5568,0.2024,1.389,13.27,0.0,343.7,0.1058,0.9064,0.3181,0.1246,0.2872,0.5568,0.2024,1.389,13.27,0.0,0.0,0.0,0.0,0.0,0.0,0.0,0.0,0.0,0.0,0.0,0.0,0.0,422.9,139.4,41.59,659.8,159.7,29.88,10.42,5.494,6.044,0.0,84.14,8.254,12.99,72.69,30.33,0.08251,0.02069,0.01971,0.007957,0.9134,0.0,0.0,0.0,0.0,0.0,0.0,0.0,0.0,0.0,0.0,0.0,0.0,0.0,0.0,0.0,0.0,0.0,0.0,0.0,0.0,0.0,0.0,0.0,0.0,0.0,0.0,0.0,0.0,0.0,0.0,0.0,0.0,0.0,0.0,0.0,7.059E-4,0.0,20370.0,161000.0,166700.0,71700.0,2.753E7,40650.0,29330.0,53240.0,24140.0,25540.0,0.0,1.599E-36,1.002E-36,6.356E-36,4.081E-36,1.492E-36,2.14E-37,2.392E-38,9.104E-39,4.192E-39,3.726E-38,2.08E-35,0.0,0.4139,1.053,2.778,1.271,0.213,0.03154,0.0139,0.005698,0.003342,0.02579,0.0,0.0,2.089E-4,4.556E-4,0.001213,0.9944,7.356E-4,3.674E-4,0.001251,6.758E-4,6.489E-4,0.0,0.008319,0.005435,0.007352,0.004697,0.2174,0.008348,0.002858,0.004269,9.476E-4,8.174E-4,
0.0,1512.0,145.9,199.6,98.96,0.3065,4.804,0.8859,0.3721,0.159,0.9685,0.0,343.7,0.1106,0.8684,0.3198,0.1242,0.3183,0.5597,0.3494,1.047,13.46,0.0,343.7,0.1106,0.8684,0.3198,0.1242,0.3183,0.5597,0.3494,1.047,13.46,0.0,0.0,0.0,0.0,0.0,0.0,0.0,0.0,0.0,0.0,0.0,0.0,0.0,420.1,145.3,41.64,662.0,159.8,30.23,10.42,5.559,6.079,0.0,84.14,8.226,11.52,71.96,30.29,0.0942,0.02191,0.02123,0.00863,0.914,0.0,0.0,0.0,0.0,0.0,0.0,0.0,0.0,0.0,0.0,0.0,0.0,0.0,0.0,0.0,0.0,0.0,0.0,0.0,0.0,0.0,0.0,0.0,0.0,0.0,0.0,0.0,0.0,0.0,0.0,0.0,0.0,0.0,0.0,0.0,6.726E-4,0.0,20370.0,160700.0,164400.0,69600.0,2.595E7,39900.0,29550.0,52850.0,23970.0,25150.0,0.0,1.599E-36,1.1000000000000001E-36,6.177E-36,4.056E-36,1.492E-36,2.737E-37,2.396E-38,8.755E-39,4.1519999999999996E-39,3.719E-38,2.08E-35,0.0,0.4139,1.109,2.7,1.275,0.2129,0.04503,0.01399,0.00562,0.003352,0.02578,0.0,0.0,2.187E-4,4.769E-4,0.00127,0.9942,7.701E-4,3.846E-4,0.00131,7.075E-4,6.793E-4,0.0,0.008319,0.005415,0.007388,0.00472,0.2172,0.008357,0.002976,0.004201,9.65E-4,8.151E-4,
0.0,1512.0,115.9,230.2,101.9,0.3137,3.304,0.8879,0.3703,0.1595,0.9676,0.0,343.7,0.1029,0.9121,0.3206,0.1243,0.2812,0.5606,0.3486,1.059,13.45,0.0,343.7,0.1029,0.9121,0.3206,0.1243,0.2812,0.5606,0.3486,1.059,13.45,0.0,0.0,0.0,0.0,0.0,0.0,0.0,0.0,0.0,0.0,0.0,0.0,0.0,430.8,137.1,41.61,664.6,159.6,29.53,9.647,5.312,5.973,0.0,84.15,8.04,11.5,69.42,30.14,0.09152,0.01824,0.01738,0.007407,0.9133,0.0,0.0,0.0,0.0,0.0,0.0,0.0,0.0,0.0,0.0,0.0,0.0,0.0,0.0,0.0,0.0,0.0,0.0,0.0,0.0,0.0,0.0,0.0,0.0,0.0,0.0,0.0,0.0,0.0,0.0,0.0,0.0,0.0,0.0,0.0,7.808E-4,0.0,20650.0,151700.0,155400.0,64210.0,2.481E7,36350.0,23920.0,45540.0,21370.0,23530.0,0.0,1.599E-36,1.007E-36,6.298E-36,4.041E-36,1.492E-36,2.152E-37,2.38E-38,8.462999999999999E-39,4.063E-39,3.713E-38,2.08E-35,0.0,0.4139,0.9064,2.907,1.278,0.2127,0.0321,0.014,0.005564,0.003347,0.02576,0.0,0.0,2.187E-4,4.769E-4,0.00127,0.9942,7.701E-4,3.846E-4,0.00131,7.075E-4,6.793E-4,0.0,0.008335,0.005346,0.007338,0.004685,0.2174,0.008326,0.002917,0.004108,9.383E-4,8.023E-4,
0.0,1512.0,117.1,228.8,107.6,0.3214,3.303,0.8871,0.3663,0.1642,3.514,0.0,343.7,0.1096,0.964,0.1823,0.1099,0.2826,0.5137,0.328,1.172,13.5,0.0,343.7,0.1096,0.964,0.1823,0.1099,0.2826,0.5137,0.328,1.172,13.5,0.0,0.0,0.0,0.0,0.0,0.0,0.0,0.0,0.0,0.0,0.0,0.0,0.0,434.5,143.6,36.88,664.8,159.7,29.77,9.874,5.747,4.347,0.0,84.16,8.057,11.69,60.71,29.91,0.07306,0.01979,0.01911,0.007867,0.5385,0.0,0.0,0.0,0.0,0.0,0.0,0.0,0.0,0.0,0.0,0.0,0.0,0.0,0.0,0.0,0.0,0.0,0.0,0.0,0.0,0.0,0.0,0.0,0.0,0.0,0.0,0.0,0.0,0.0,0.0,0.0,0.0,0.0,0.0,0.0,6.308E-4,0.0,23000.0,146100.0,152700.0,59990.0,2.471E7,33820.0,25370.0,47310.0,21850.0,25120.0,0.0,1.647E-36,1.0160000000000001E-36,6.217000000000001E-36,3.979E-36,1.4910000000000001E-36,2.144E-37,2.369E-38,8.19E-39,4.103E-39,7.862E-38,2.08E-35,0.0,0.4208,0.9209,2.871,1.279,0.2134,0.0321,0.01401,0.005626,0.003276,0.03454,0.0,0.0,2.187E-4,4.769E-4,0.00127,0.9942,7.701E-4,3.846E-4,0.00131,7.075E-4,6.793E-4,0.0,0.00839,0.005305,0.007418,0.004647,0.2174,0.008308,0.00293,0.004141,9.61E-4,8.184E-4,
0.0,1506.0,129.2,222.3,115.7,0.393,3.885,0.3209,0.3653,0.1656,3.689,0.0,343.7,0.1089,0.9614,0.1848,0.1098,0.6466,0.1471,0.324,1.178,13.5,0.0,343.7,0.1089,0.9614,0.1848,0.1098,0.6466,0.1471,0.324,1.178,13.5,0.0,0.0,0.0,0.0,0.0,0.0,0.0,0.0,0.0,0.0,0.0,0.0,0.0,437.3,145.0,37.09,663.3,179.6,10.24,10.27,5.893,4.401,0.0,83.19,8.059,11.65,53.35,29.88,0.04279,0.02132,0.02056,0.008098,0.3638,0.0,0.0,0.0,0.0,0.0,0.0,0.0,0.0,0.0,0.0,0.0,0.0,0.0,0.0,0.0,0.0,0.0,0.0,0.0,0.0,0.0,0.0,0.0,0.0,0.0,0.0,0.0,0.0,0.0,0.0,0.0,0.0,0.0,0.0,0.0,1.0E-4,0.0,25070.0,143700.0,151900.0,60530.0,2.524E7,34010.0,25090.0,49870.0,22860.0,25270.0,0.0,1.519E-36,1.031E-36,6.158000000000001E-36,3.976E-36,1.4910000000000001E-36,2.284E-37,8.6E-39,8.021E-39,4.085E-39,7.857E-38,2.08E-35,0.0,0.3881,0.9829,2.828,1.286,0.2139,0.04129,0.004804,0.005605,0.003308,0.03454,0.0,0.0,2.187E-4,4.769E-4,0.00127,0.9942,7.701E-4,3.846E-4,0.00131,7.075E-4,6.793E-4,0.0,0.008485,0.005295,0.007448,0.00467,0.2171,0.009186,0.002002,0.00417,9.799E-4,8.241E-4,
0.0,1507.0,118.2,232.0,120.8,0.7095,3.95,0.2932,0.3247,0.1702,3.73,0.0,343.7,0.1123,0.944,0.1879,0.1202,0.6873,0.1295,0.2845,1.659,13.03,0.0,343.7,0.1123,0.944,0.1879,0.1202,0.6873,0.1295,0.2845,1.659,13.03,0.0,0.0,0.0,0.0,0.0,0.0,0.0,0.0,0.0,0.0,0.0,0.0,0.0,436.3,147.3,37.8,663.4,182.4,9.061,8.582,5.904,4.405,0.0,83.19,8.058,11.64,47.76,29.93,0.03828,0.02115,0.02028,0.007954,0.3182,0.0,0.0,0.0,0.0,0.0,0.0,0.0,0.0,0.0,0.0,0.0,0.0,0.0,0.0,0.0,0.0,0.0,0.0,0.0,0.0,0.0,0.0,0.0,0.0,0.0,0.0,0.0,0.0,0.0,0.0,0.0,0.0,0.0,0.0,0.0,4.88E-4,0.0,25170.0,142300.0,152700.0,61150.0,2.623E7,34470.0,24850.0,50720.0,23530.0,25370.0,0.0,1.571E-36,1.009E-36,6.056000000000001E-36,3.934E-36,1.548E-36,2.2909999999999998E-37,7.795E-39,6.759E-39,4.0699999999999996E-39,7.85E-38,2.08E-35,0.0,0.3985,0.9214,2.86,1.282,0.231,0.04233,0.004352,0.004938,0.003352,0.0345,0.0,0.0,2.187E-4,4.769E-4,0.00127,0.9942,7.701E-4,3.846E-4,0.00131,7.075E-4,6.793E-4,0.0,0.008589,0.005272,0.007439,0.004685,0.2172,0.009115,0.001994,0.004157,0.001006,7.964E-4,
0.0,1507.0,113.5,233.0,124.0,0.6447,3.973,0.2675,0.3226,0.1729,3.743,0.0,343.7,0.08861,0.9652,0.1897,0.1144,0.7031,0.1132,0.2739,1.578,13.12,0.0,343.7,0.08861,0.9652,0.1897,0.1144,0.7031,0.1132,0.2739,1.578,13.12,0.0,0.0,0.0,0.0,0.0,0.0,0.0,0.0,0.0,0.0,0.0,0.0,0.0,439.8,149.3,38.7,664.1,183.5,7.867,8.567,5.907,4.414,0.0,83.19,8.379,12.0,43.34,32.35,0.03936,0.02105,0.02015,0.007933,0.3035,0.0,0.0,0.0,0.0,0.0,0.0,0.0,0.0,0.0,0.0,0.0,0.0,0.0,0.0,0.0,0.0,0.0,0.0,0.0,0.0,0.0,0.0,0.0,0.0,0.0,0.0,0.0,0.0,0.0,0.0,0.0,0.0,0.0,0.0,0.0,4.266E-4,0.0,25180.0,149600.0,146700.0,62280.0,2.749E7,35440.0,24890.0,52000.0,24360.0,25880.0,0.0,1.571E-36,8.444E-37,6.187E-36,3.843E-36,1.579E-36,2.2909999999999998E-37,7.013E-39,6.553E-39,4.04E-39,7.846E-38,2.08E-35,0.0,0.3985,0.8502,2.901,1.281,0.238,0.04273,0.003936,0.004902,0.00339,0.03447,0.0,0.0,2.187E-4,4.769E-4,0.00127,0.9942,7.701E-4,3.846E-4,0.00131,7.075E-4,6.793E-4,0.0,0.008589,0.005467,0.007379,0.004666,0.2171,0.009136,0.002003,0.00414,0.001013,7.893E-4,
0.0,1507.0,112.5,232.6,126.4,0.4156,4.017,0.2125,0.3251,0.173,3.748,0.0,343.7,0.08834,0.9724,0.185,0.1114,0.7387,0.07682,0.2736,2.867,11.84,0.0,343.7,0.08834,0.9724,0.185,0.1114,0.7387,0.07682,0.2736,2.867,11.84,0.0,0.0,0.0,0.0,0.0,0.0,0.0,0.0,0.0,0.0,0.0,0.0,0.0,442.1,148.9,38.17,667.9,185.9,5.313,8.641,5.844,4.436,0.0,83.19,8.122,11.93,44.24,30.36,0.04404,0.02117,0.0203,0.008048,0.2978,0.0,0.0,0.0,0.0,0.0,0.0,0.0,0.0,0.0,0.0,0.0,0.0,0.0,0.0,0.0,0.0,0.0,0.0,0.0,0.0,0.0,0.0,0.0,0.0,0.0,0.0,0.0,0.0,0.0,0.0,0.0,0.0,0.0,0.0,0.0,1.0E-4,0.0,25210.0,148900.0,141300.0,61650.0,2.886E7,36560.0,24960.0,53370.0,25500.0,26270.0,0.0,1.571E-36,8.339999999999999E-37,6.173E-36,3.8520000000000004E-36,1.5400000000000002E-36,2.297E-37,5.3839999999999996E-39,6.371E-39,3.977E-39,7.843E-38,2.08E-35,0.0,0.3985,0.8436,2.901,1.296,0.2248,0.04364,0.002989,0.004966,0.003345,0.03445,0.0,0.0,2.187E-4,4.769E-4,0.00127,0.9942,7.701E-4,3.846E-4,0.00131,7.075E-4,6.793E-4,0.0,0.008617,0.005475,0.007349,0.004658,0.217,0.009069,0.00203,0.004122,0.001083,7.502E-4,
0.0,1507.0,110.0,232.0,127.8,3.209,3.994,0.2133,0.3257,0.1741,3.752,0.0,343.7,0.08888,0.9721,0.1867,0.1126,0.7284,0.07903,0.2745,3.084,11.62,0.0,343.7,0.08888,0.9721,0.1867,0.1126,0.7284,0.07903,0.2745,3.084,11.62,0.0,0.0,0.0,0.0,0.0,0.0,0.0,0.0,0.0,0.0,0.0,0.0,0.0,431.4,149.7,36.66,683.6,185.5,5.352,8.696,5.848,4.516,0.0,83.19,5.763,11.57,46.44,29.69,0.05186,0.02136,0.02055,0.008239,0.2953,0.0,0.0,0.0,0.0,0.0,0.0,0.0,0.0,0.0,0.0,0.0,0.0,0.0,0.0,0.0,0.0,0.0,0.0,0.0,0.0,0.0,0.0,0.0,0.0,0.0,0.0,0.0,0.0,0.0,0.0,0.0,0.0,0.0,0.0,0.0,4.086E-4,0.0,25280.0,149700.0,139100.0,62080.0,3.045E7,37880.0,25490.0,55620.0,26700.0,27080.0,0.0,1.571E-36,8.181E-37,6.142E-36,3.8390000000000004E-36,1.544E-36,2.283E-37,5.425E-39,6.249999999999999E-39,3.9439999999999996E-39,7.843E-38,2.08E-35,0.0,0.3986,0.821,2.896,1.301,0.2462,0.04341,0.003005,0.00498,0.00336,0.03447,0.0,0.0,2.187E-4,4.769E-4,0.00127,0.9942,7.701E-4,3.846E-4,0.00131,7.075E-4,6.793E-4,0.0,0.008704,0.005316,0.007351,0.004628,0.2174,0.009069,0.001919,0.004147,0.001086,7.448E-4,
0.0,1507.0,113.1,227.9,111.5,3.214,3.942,0.2168,0.3261,0.1744,3.758,0.0,343.7,0.1039,0.9435,0.2098,0.15,0.679,0.08174,0.2761,3.085,11.61,0.0,343.7,0.1039,0.9435,0.2098,0.15,0.679,0.08174,0.2761,3.085,11.61,0.0,0.0,0.0,0.0,0.0,0.0,0.0,0.0,0.0,0.0,0.0,0.0,0.0,430.1,150.4,36.76,676.7,184.8,5.553,8.931,6.015,5.981,0.0,87.18,5.651,17.97,53.01,29.43,0.141,0.04454,0.04338,0.03676,0.524,0.0,0.0,0.0,0.0,0.0,0.0,0.0,0.0,0.0,0.0,0.0,0.0,0.0,0.0,0.0,0.0,0.0,0.0,0.0,0.0,0.0,0.0,0.0,0.0,0.0,0.0,0.0,0.0,0.0,0.0,0.0,0.0,0.0,0.0,0.0,1.001E-4,0.0,26190.0,150300.0,139200.0,65190.0,3.21E7,42510.0,26950.0,58370.0,28200.0,29880.0,0.0,1.655E-36,8.703E-37,5.987E-36,3.7630000000000005E-36,1.5750000000000002E-36,2.281E-37,5.941E-39,6.668E-39,4.535E-39,8.36E-38,2.08E-35,0.0,0.4223,0.8538,2.846,1.285,0.2532,0.0433,0.00323,0.005148,0.003577,0.03618,0.0,0.0,2.187E-4,4.769E-4,0.00127,0.9942,7.701E-4,3.846E-4,0.00131,7.075E-4,6.793E-4,0.0,0.008849,0.005297,0.007403,0.004561,0.2175,0.008769,0.002006,0.004138,0.00109,8.086E-4,
0.0,1497.0,122.1,218.1,86.82,0.06366,3.766,0.2362,0.3464,0.1766,3.791,0.0,343.7,0.1169,0.9526,0.2347,0.1596,0.5725,0.09368,0.2892,3.326,11.39,0.0,343.7,0.1169,0.9526,0.2347,0.1596,0.5725,0.09368,0.2892,3.326,11.39,0.0,0.0,0.0,0.0,0.0,0.0,0.0,0.0,0.0,0.0,0.0,0.0,0.0,429.2,150.2,37.19,678.9,177.6,5.661,9.243,5.887,7.305,0.0,85.45,5.695,26.62,76.75,36.73,0.1475,0.06789,0.06999,0.04532,0.5277,0.0,0.0,0.0,0.0,0.0,0.0,0.0,0.0,0.0,0.0,0.0,0.0,0.0,0.0,0.0,0.0,0.0,0.0,0.0,0.0,0.0,0.0,0.0,0.0,0.0,0.0,0.0,0.0,0.0,0.0,0.0,0.0,0.0,0.0,0.0,1.0E-4,0.0,26200.0,143500.0,137800.0,65620.0,2.946E7,38980.0,22110.0,50600.0,25030.0,28200.0,0.0,1.4360000000000001E-36,8.602E-37,5.9750000000000004E-36,3.735E-36,1.581E-36,2.2279999999999998E-37,6.234999999999999E-39,6.984E-39,4.491E-39,8.443E-38,2.08E-35,0.0,0.3666,0.8879,2.851,1.317,0.2336,0.04049,0.003514,0.005442,0.003611,0.03672,0.0,0.0,2.187E-4,4.769E-4,0.00127,0.9942,7.701E-4,3.846E-4,0.00131,7.075E-4,6.793E-4,0.0,0.008854,0.005173,0.007501,0.004491,0.2176,0.008665,0.00198,0.004054,0.001069,7.995E-4,
0.0,1497.0,121.8,215.6,92.25,0.06278,3.695,0.2418,0.3475,0.8785,3.088,0.0,343.7,0.116,0.9573,0.2264,0.1576,0.5705,0.09363,0.2893,3.289,11.43,0.0,343.7,0.116,0.9573,0.2264,0.1576,0.5705,0.09363,0.2893,3.289,11.43,0.0,0.0,0.0,0.0,0.0,0.0,0.0,0.0,0.0,0.0,0.0,0.0,0.0,429.4,151.5,37.47,680.7,177.6,5.819,9.421,6.556,6.716,0.0,85.45,6.261,21.0,78.55,35.81,1.278,0.1067,0.07163,0.04595,0.5275,0.0,0.0,0.0,0.0,0.0,0.0,0.0,0.0,0.0,0.0,0.0,0.0,0.0,0.0,0.0,0.0,0.0,0.0,0.0,0.0,0.0,0.0,0.0,0.0,0.0,0.0,0.0,0.0,0.0,0.0,0.0,0.0,0.0,0.0,0.0,1.0E-4,0.0,26360.0,140400.0,131300.0,60470.0,2.842E7,39420.0,22310.0,49960.0,24870.0,27960.0,0.0,1.4360000000000001E-36,8.909E-37,5.9120000000000005E-36,3.622E-36,1.5590000000000002E-36,3.055E-37,9.216E-39,6.863999999999999E-39,5.655E-39,8.319E-38,2.08E-35,0.0,0.3667,0.8992,2.835,1.306,0.2246,0.05529,0.004111,0.005469,0.01121,0.0291,0.0,0.0,2.187E-4,4.769E-4,0.00127,0.9942,7.701E-4,3.846E-4,0.00131,7.075E-4,6.793E-4,0.0,0.008896,0.005142,0.007497,0.004511,0.2177,0.00861,0.002014,0.004064,0.001145,7.263E-4,
0.0,1493.0,131.1,213.2,91.86,0.03173,3.196,0.2026,0.978,1.115,2.915,0.0,343.7,0.09323,0.9676,0.1804,0.1379,0.316,0.1063,0.81,3.627,10.89,0.0,343.7,0.09323,0.9676,0.1804,0.1379,0.316,0.1063,0.81,3.627,10.89,0.0,0.0,0.0,0.0,0.0,0.0,0.0,0.0,0.0,0.0,0.0,0.0,0.0,421.2,158.4,36.37,681.2,160.6,6.759,32.89,6.923,4.863,0.0,84.41,6.211,18.14,81.72,35.7,0.1193,0.0702,0.07378,0.04584,0.5226,0.0,0.0,0.0,0.0,0.0,0.0,0.0,0.0,0.0,0.0,0.0,0.0,0.0,0.0,0.0,0.0,0.0,0.0,0.0,0.0,0.0,0.0,0.0,0.0,0.0,0.0,0.0,0.0,0.0,0.0,0.0,0.0,0.0,0.0,0.0,1.0E-4,0.0,26570.0,140000.0,129200.0,59830.0,2.841E7,38020.0,23650.0,52270.0,25400.0,28390.0,0.0,1.369E-36,9.186E-37,5.8470000000000005E-36,3.649E-36,1.558E-36,2.111E-37,6.828999999999999E-39,2.153E-38,6.024E-39,8.181E-38,2.08E-35,0.0,0.354,0.9524,2.807,1.308,0.2239,0.03225,0.003291,0.01526,0.01373,0.027,0.0,0.0,2.187E-4,4.769E-4,0.00127,0.9942,7.701E-4,3.846E-4,0.00131,7.075E-4,6.793E-4,0.0,0.008991,0.005116,0.00751,0.004473,0.2175,0.008524,0.002153,0.004036,0.001174,7.166E-4,
0.0,1493.0,119.4,224.0,89.48,0.4451,7.009,1.154,0.2925,1.146,2.889,0.0,343.7,0.08975,0.962,0.1785,0.1392,0.3051,0.5235,0.2464,2.499,12.18,0.0,343.7,0.08975,0.962,0.1785,0.1392,0.3051,0.5235,0.2464,2.499,12.18,0.0,0.0,0.0,0.0,0.0,0.0,0.0,0.0,0.0,0.0,0.0,0.0,0.0,428.3,153.1,36.93,679.3,160.1,31.76,8.791,7.108,4.859,0.0,84.41,6.206,18.04,80.39,35.63,0.1092,0.07137,0.07382,0.04619,0.521,0.0,0.0,0.0,0.0,0.0,0.0,0.0,0.0,0.0,0.0,0.0,0.0,0.0,0.0,0.0,0.0,0.0,0.0,0.0,0.0,0.0,0.0,0.0,0.0,0.0,0.0,0.0,0.0,0.0,0.0,0.0,0.0,0.0,0.0,0.0,1.001E-4,0.0,26970.0,141700.0,125500.0,59420.0,2.903E7,37730.0,29530.0,49160.0,26230.0,29230.0,0.0,1.369E-36,8.806E-37,5.8420000000000006E-36,3.6340000000000005E-36,1.564E-36,2.225E-37,2.351E-38,5.651E-39,5.977E-39,8.176E-38,2.08E-35,0.0,0.3541,0.8559,2.892,1.279,0.2282,0.06455,0.01725,0.003634,0.01411,0.02665,0.0,0.0,2.187E-4,4.769E-4,0.00127,0.9942,7.701E-4,3.846E-4,0.00131,7.075E-4,6.793E-4,0.0,0.009094,0.005132,0.007503,0.0045,0.2174,0.00839,0.004848,0.001413,0.001195,7.08E-4,
0.0,1494.0,124.8,217.1,91.68,0.4492,5.922,0.9229,0.6653,1.152,2.889,0.0,343.7,0.1201,0.9,0.1945,0.1456,0.3067,0.5063,0.4309,2.563,11.96,0.0,343.7,0.1201,0.9,0.1945,0.1456,0.3067,0.5063,0.4309,2.563,11.96,0.0,0.0,0.0,0.0,0.0,0.0,0.0,0.0,0.0,0.0,0.0,0.0,0.0,432.6,154.1,37.75,676.8,160.2,30.54,8.912,7.157,5.085,0.0,84.41,6.747,19.61,76.22,36.26,0.1047,0.07129,0.07378,0.04617,0.5225,0.0,0.0,0.0,0.0,0.0,0.0,0.0,0.0,0.0,0.0,0.0,0.0,0.0,0.0,0.0,0.0,0.0,0.0,0.0,0.0,0.0,0.0,0.0,0.0,0.0,0.0,0.0,0.0,0.0,0.0,0.0,0.0,0.0,0.0,0.0,1.0E-4,0.0,27280.0,147200.0,125900.0,65450.0,3.008E7,38110.0,29890.0,50520.0,27030.0,31980.0,0.0,1.3880000000000001E-36,1.101E-36,5.5260000000000005E-36,3.619E-36,1.621E-36,2.185E-37,2.203E-38,6.899999999999999E-39,5.892999999999999E-39,8.183E-38,2.08E-35,0.0,0.3668,0.9517,2.768,1.283,0.2424,0.05526,0.01504,0.006851,0.0142,0.02671,0.0,0.0,2.187E-4,4.769E-4,0.00127,0.9942,7.701E-4,3.846E-4,0.00131,7.075E-4,6.793E-4,0.0,0.009129,0.005113,0.007473,0.004528,0.2175,0.008367,0.00486,0.001419,0.001187,7.312E-4,
0.0,1494.0,117.3,223.5,94.4,0.4514,4.452,0.9242,0.9806,1.262,2.88,0.0,343.7,0.09308,0.9091,0.176,0.1774,0.3056,0.5056,0.5022,2.171,12.28,0.0,343.7,0.09308,0.9091,0.176,0.1774,0.3056,0.5056,0.5022,2.171,12.28,0.0,0.0,0.0,0.0,0.0,0.0,0.0,0.0,0.0,0.0,0.0,0.0,0.0,425.2,162.5,37.79,678.8,160.2,30.54,8.714,7.37,5.073,0.0,84.41,3.343,15.67,77.67,41.4,0.1101,0.07133,0.07391,0.04627,0.5224,0.0,0.0,0.0,0.0,0.0,0.0,0.0,0.0,0.0,0.0,0.0,0.0,0.0,0.0,0.0,0.0,0.0,0.0,0.0,0.0,0.0,0.0,0.0,0.0,0.0,0.0,0.0,0.0,0.0,0.0,0.0,0.0,0.0,0.0,0.0,1.001E-4,0.0,27310.0,116700.0,162000.0,62880.0,2.899E7,38040.0,30010.0,49630.0,26530.0,31500.0,0.0,1.3880000000000001E-36,8.9E-37,5.459E-36,3.682E-36,1.786E-36,2.131E-37,2.192E-38,8.083999999999999E-39,5.967E-39,8.177E-38,2.08E-35,0.0,0.3668,0.8398,2.805,1.311,0.2931,0.04275,0.01505,0.009168,0.01552,0.02662,0.0,0.0,2.2E-4,4.798E-4,0.001277,0.9941,7.746E-4,3.869E-4,0.001318,7.116E-4,6.833E-4,0.0,0.009129,0.005059,0.007437,0.004526,0.2155,0.00836,0.004876,0.001419,0.001182,7.269E-4,
0.0,1487.0,124.9,223.8,94.72,0.4656,4.897,1.002,0.1995,1.25,2.909,0.0,343.7,0.1056,0.9703,0.1732,0.1396,0.2748,0.5093,0.5003,2.337,12.11,0.0,343.7,0.1056,0.9703,0.1732,0.1396,0.2748,0.5093,0.5003,2.337,12.11,0.0,0.0,0.0,0.0,0.0,0.0,0.0,0.0,0.0,0.0,0.0,0.0,0.0,425.9,154.0,38.46,690.8,160.4,30.59,8.892,7.199,4.854,0.0,83.28,2.488,8.742,75.83,48.45,1.655,0.08005,0.08367,0.05257,0.5303,0.0,0.0,0.0,0.0,0.0,0.0,0.0,0.0,0.0,0.0,0.0,0.0,0.0,0.0,0.0,0.0,0.0,0.0,0.0,0.0,0.0,0.0,0.0,0.0,0.0,0.0,0.0,0.0,0.0,0.0,0.0,0.0,0.0,0.0,0.0,1.0E-4,0.0,27410.0,109500.0,111600.0,61820.0,2.767E7,39110.0,30410.0,48250.0,26320.0,30200.0,0.0,1.2640000000000001E-36,8.807E-37,5.702E-36,3.645E-36,1.5430000000000002E-36,2.317E-37,2.149E-38,5.932E-39,4.72E-39,7.962E-38,2.08E-35,0.0,0.3341,0.865,2.925,1.296,0.1737,0.06875,0.01621,0.003004,0.01545,0.02704,0.0,0.0,2.2E-4,4.798E-4,0.001277,0.9941,7.746E-4,3.869E-4,0.001318,7.116E-4,6.833E-4,0.0,0.00923,0.004982,0.00726,0.004546,0.2159,0.008311,0.004945,0.001358,0.001205,6.916E-4,
0.0,1484.0,129.7,221.9,99.68,0.4707,3.85,1.003,0.2012,1.252,2.909,0.0,343.7,0.09674,0.9736,0.176,0.144,0.2569,0.5133,0.5047,2.807,11.64,0.0,343.7,0.09674,0.9736,0.176,0.144,0.2569,0.5133,0.5047,2.807,11.64,0.0,0.0,0.0,0.0,0.0,0.0,0.0,0.0,0.0,0.0,0.0,0.0,0.0,429.8,154.4,38.89,696.4,159.2,30.93,9.262,7.312,5.071,0.0,82.62,2.969,9.595,71.68,48.75,0.1514,0.07423,0.07745,0.05053,0.5262,0.0,0.0,0.0,0.0,0.0,0.0,0.0,0.0,0.0,0.0,0.0,0.0,0.0,0.0,0.0,0.0,0.0,0.0,0.0,0.0,0.0,0.0,0.0,0.0,0.0,0.0,0.0,0.0,0.0,0.0,0.0,0.0,0.0,0.0,0.0,1.0E-4,0.0,27500.0,110800.0,113700.0,61500.0,2.748E7,38330.0,31230.0,48770.0,26540.0,30330.0,0.0,1.239E-36,8.774999999999999E-37,5.6550000000000006E-36,3.687E-36,1.5460000000000002E-36,1.592E-37,2.133E-38,5.878E-39,4.5819999999999995E-39,7.96E-38,2.08E-35,0.0,0.3308,0.8811,2.911,1.313,0.1831,0.03967,0.0162,0.002988,0.0155,0.02698,0.0,0.0,2.2E-4,4.798E-4,0.001277,0.9941,7.746E-4,3.869E-4,0.001318,7.116E-4,6.833E-4,0.0,0.009331,0.005007,0.007296,0.004537,0.2159,0.008162,0.004955,0.001372,0.001214,6.953E-4,
0.0,1484.0,127.1,223.1,115.1,0.4699,3.888,0.9988,0.202,1.279,2.91,0.0,343.7,0.1012,0.935,0.2027,0.1438,0.2576,0.5102,0.504,1.968,12.49,0.0,343.7,0.1012,0.935,0.2027,0.1438,0.2576,0.5102,0.504,1.968,12.49,0.0,0.0,0.0,0.0,0.0,0.0,0.0,0.0,0.0,0.0,0.0,0.0,0.0,431.1,155.6,39.36,699.4,159.1,30.92,9.261,7.365,5.062,0.0,82.62,2.748,9.965,56.59,48.74,0.144,0.07287,0.07659,0.04719,0.5244,0.0,0.0,0.0,0.0,0.0,0.0,0.0,0.0,0.0,0.0,0.0,0.0,0.0,0.0,0.0,0.0,0.0,0.0,0.0,0.0,0.0,0.0,0.0,0.0,0.0,0.0,0.0,0.0,0.0,0.0,0.0,0.0,0.0,0.0,0.0,1.0E-4,0.0,27540.0,108900.0,112400.0,60800.0,2.806E7,38760.0,32330.0,50250.0,27180.0,30500.0,0.0,1.239E-36,9.119E-37,5.5650000000000006E-36,3.688E-36,1.5460000000000002E-36,1.592E-37,2.1179999999999999E-38,5.831E-39,4.5289999999999996E-39,7.959E-38,2.08E-35,0.0,0.3308,0.8841,2.892,1.322,0.1831,0.03966,0.01612,0.002985,0.01581,0.02694,0.0,0.0,2.2E-4,4.798E-4,0.001277,0.9941,7.746E-4,3.869E-4,0.001318,7.116E-4,6.833E-4,0.0,0.009331,0.004966,0.007292,0.004517,0.216,0.0082,0.004963,0.001365,0.001213,6.927E-4,
0.0,1478.0,135.4,219.8,115.0,1.136,6.988,1.039,0.1955,1.263,2.908,0.0,343.7,0.1019,0.9353,0.19,0.1462,0.2548,0.5281,0.5031,2.139,12.31,0.0,343.7,0.1019,0.9353,0.19,0.1462,0.2548,0.5281,0.5031,2.139,12.31,0.0,0.0,0.0,0.0,0.0,0.0,0.0,0.0,0.0,0.0,0.0,0.0,0.0,428.2,156.4,39.2,704.9,159.0,32.42,9.09,7.1,4.808,0.0,81.28,4.13,9.274,53.75,49.66,0.4907,0.0724,0.07672,0.04823,0.5186,0.0,0.0,0.0,0.0,0.0,0.0,0.0,0.0,0.0,0.0,0.0,0.0,0.0,0.0,0.0,0.0,0.0,0.0,0.0,0.0,0.0,0.0,0.0,0.0,0.0,0.0,0.0,0.0,0.0,0.0,0.0,0.0,0.0,0.0,0.0,1.0E-4,0.0,27570.0,105700.0,116100.0,62290.0,2.909E7,40060.0,33610.0,52420.0,28240.0,31020.0,0.0,1.147E-36,1.062E-36,5.444E-36,3.619E-36,1.5820000000000002E-36,2.069E-37,2.174E-38,5.774E-39,4.3949999999999997E-39,7.942E-38,2.08E-35,0.0,0.3127,0.9279,2.844,1.302,0.2015,0.05701,0.01674,0.002904,0.01559,0.02683,0.0,0.0,2.2E-4,4.798E-4,0.001277,0.9941,7.746E-4,3.869E-4,0.001318,7.116E-4,6.833E-4,0.0,0.009344,0.004845,0.007289,0.0045,0.216,0.008199,0.004946,0.001386,0.001227,6.786E-4,
0.0,1478.0,131.6,217.2,115.2,1.105,4.295,1.054,0.2045,4.477,0.18,0.0,343.7,0.09009,0.9365,0.1771,0.1458,0.4072,0.5654,0.3844,2.264,12.13,0.0,343.7,0.09009,0.9365,0.1771,0.1458,0.4072,0.5654,0.3844,2.264,12.13,0.0,0.0,0.0,0.0,0.0,0.0,0.0,0.0,0.0,0.0,0.0,0.0,0.0,416.9,143.2,40.01,729.4,158.9,31.82,8.415,6.87,4.745,0.0,81.28,2.338,14.74,55.29,51.7,0.8968,0.08371,0.08941,0.05161,0.5194,0.0,0.0,0.0,0.0,0.0,0.0,0.0,0.0,0.0,0.0,0.0,0.0,0.0,0.0,0.0,0.0,0.0,0.0,0.0,0.0,0.0,0.0,0.0,0.0,0.0,0.0,0.0,0.0,0.0,0.0,0.0,0.0,0.0,0.0,0.0,1.001E-4,0.0,27630.0,109500.0,117300.0,66830.0,3.022E7,39590.0,28700.0,47990.0,27740.0,30600.0,0.0,1.147E-36,8.098E-37,5.445E-36,3.701E-36,1.5820000000000002E-36,1.922E-37,2.208E-38,5.972E-39,7.55E-38,1.862E-38,2.08E-35,0.0,0.3127,0.8647,2.863,1.351,0.1973,0.05041,0.01677,0.002906,0.03615,0.008907,0.0,0.0,2.2E-4,4.798E-4,0.001277,0.9941,7.746E-4,3.869E-4,0.001318,7.116E-4,6.833E-4,0.0,0.009361,0.004965,0.007237,0.004574,0.2162,0.008181,0.004851,0.001308,0.00122,6.416E-4,
0.0,1478.0,128.2,220.2,128.3,4.122,4.149,1.038,0.1962,1.914,1.147,0.0,343.7,0.1185,0.8774,0.1626,0.1646,0.3263,0.6025,0.4149,2.624,11.81,0.0,343.7,0.1185,0.8774,0.1626,0.1646,0.3263,0.6025,0.4149,2.624,11.81,0.0,0.0,0.0,0.0,0.0,0.0,0.0,0.0,0.0,0.0,0.0,0.0,0.0,410.4,143.1,36.79,740.0,159.0,32.23,8.875,7.067,5.724,0.0,81.28,2.186,10.13,63.74,31.44,1.865,0.08909,0.1011,0.05495,0.5208,0.0,0.0,0.0,0.0,0.0,0.0,0.0,0.0,0.0,0.0,0.0,0.0,0.0,0.0,0.0,0.0,0.0,0.0,0.0,0.0,0.0,0.0,0.0,0.0,0.0,0.0,0.0,0.0,0.0,0.0,0.0,0.0,0.0,0.0,0.0,1.0E-4,0.0,27740.0,117700.0,142300.0,66140.0,3.15E7,40590.0,30600.0,51620.0,29300.0,32800.0,0.0,1.173E-36,7.488E-37,4.9780000000000004E-36,3.68E-36,2.0130000000000002E-36,2.477E-37,2.171E-38,5.8049999999999995E-39,3.288E-38,3.989E-38,2.08E-35,0.0,0.3231,0.8581,2.802,1.352,0.2513,0.05849,0.01666,0.00285,0.01762,0.01463,0.0,0.0,2.2E-4,4.798E-4,0.001277,0.9941,7.746E-4,3.869E-4,0.001318,7.116E-4,6.833E-4,0.0,0.009389,0.005008,0.006937,0.004443,0.2163,0.008198,0.004877,0.001343,0.001259,7.954E-4,
0.0,1478.0,116.3,231.4,137.1,0.05123,4.316,1.03,0.1971,1.922,1.137,0.0,343.7,0.1172,0.8923,0.1639,0.1437,0.3242,0.6007,0.4142,2.405,12.03,0.0,343.7,0.1172,0.8923,0.1639,0.1437,0.3242,0.6007,0.4142,2.405,12.03,0.0,0.0,0.0,0.0,0.0,0.0,0.0,0.0,0.0,0.0,0.0,0.0,0.0,410.4,142.3,34.87,743.9,159.9,32.58,9.288,7.208,5.766,0.0,81.28,1.953,11.83,57.16,31.97,0.8174,0.09914,0.1126,0.05843,0.5223,0.0,0.0,0.0,0.0,0.0,0.0,0.0,0.0,0.0,0.0,0.0,0.0,0.0,0.0,0.0,0.0,0.0,0.0,0.0,0.0,0.0,0.0,0.0,0.0,0.0,0.0,0.0,0.0,0.0,0.0,0.0,0.0,0.0,0.0,0.0,1.0E-4,0.0,27800.0,104400.0,122200.0,68590.0,3.292E7,41680.0,32480.0,55090.0,30840.0,34160.0,0.0,1.173E-36,6.86E-37,5.323E-36,3.744E-36,1.589E-36,1.872E-37,2.15E-38,5.804E-39,3.283E-38,3.968E-38,2.08E-35,0.0,0.3232,0.7839,2.913,1.374,0.1829,0.04961,0.0166,0.002863,0.01831,0.01473,0.0,0.0,2.2E-4,4.798E-4,0.001277,0.9941,7.746E-4,3.869E-4,0.001318,7.116E-4,6.833E-4,0.0,0.009411,0.004964,0.006878,0.004477,0.2162,0.008177,0.004899,0.001376,0.001274,7.991E-4,
0.0,1476.0,115.3,235.2,123.8,0.7107,5.246,1.008,0.2061,1.889,1.15,0.0,343.7,0.1164,0.8861,0.1648,0.1318,0.3234,0.5901,0.4114,2.996,11.47,0.0,343.7,0.1164,0.8861,0.1648,0.1318,0.3234,0.5901,0.4114,2.996,11.47,0.0,0.0,0.0,0.0,0.0,0.0,0.0,0.0,0.0,0.0,0.0,0.0,0.0,426.2,116.0,41.88,742.8,164.2,31.54,9.37,7.32,4.782,0.0,80.73,4.68,15.15,59.58,32.83,3.766,0.09716,0.1105,0.05519,0.3135,0.0,0.0,0.0,0.0,0.0,0.0,0.0,0.0,0.0,0.0,0.0,0.0,0.0,0.0,0.0,0.0,0.0,0.0,0.0,0.0,0.0,0.0,0.0,0.0,0.0,0.0,0.0,0.0,0.0,0.0,0.0,0.0,0.0,0.0,0.0,1.0E-4,0.0,27980.0,101700.0,119100.0,69800.0,3.353E7,48650.0,32410.0,55560.0,31250.0,30670.0,0.0,1.1450000000000001E-36,8.544E-37,5.213E-36,3.4410000000000005E-36,1.6490000000000002E-36,3.711E-37,2.103E-38,6.051E-39,3.183E-38,3.536E-38,2.08E-35,0.0,0.3186,0.789,2.938,1.304,0.1941,0.0846,0.01623,0.002976,0.01814,0.01333,0.0,0.0,2.2E-4,4.798E-4,0.001277,0.9941,7.746E-4,3.869E-4,0.001318,7.116E-4,6.833E-4,0.0,0.009604,0.005191,0.005811,0.004896,0.2164,0.008258,0.004878,0.001371,0.001297,7.775E-4,
0.0,1476.0,120.5,229.8,121.8,1.438,9.773,1.058,0.2064,1.891,1.146,0.0,343.7,0.1229,0.8606,0.175,0.139,0.3243,0.5905,0.5511,3.239,11.09,0.0,343.7,0.1229,0.8606,0.175,0.139,0.3243,0.5905,0.5511,3.239,11.09,0.0,0.0,0.0,0.0,0.0,0.0,0.0,0.0,0.0,0.0,0.0,0.0,0.0,427.4,119.0,38.74,744.9,163.0,31.74,9.347,7.982,4.11,0.0,80.73,3.868,15.32,56.87,34.02,2.49,0.2149,0.1116,0.05545,0.314,0.0,0.0,0.0,0.0,0.0,0.0,0.0,0.0,0.0,0.0,0.0,0.0,0.0,0.0,0.0,0.0,0.0,0.0,0.0,0.0,0.0,0.0,0.0,0.0,0.0,0.0,0.0,0.0,0.0,0.0,0.0,0.0,0.0,0.0,0.0,9.975E-4,0.0,28000.0,100100.0,120900.0,76220.0,3.089E7,48590.0,31890.0,52320.0,29480.0,28010.0,0.0,1.1450000000000001E-36,8.371E-37,5.045E-36,3.3950000000000004E-36,1.771E-36,3.889E-37,3.008E-38,6.026E-39,3.103E-38,3.533E-38,2.08E-35,0.0,0.3186,0.836,2.868,1.293,0.2169,0.09303,0.01794,0.002986,0.01816,0.01329,0.0,0.0,2.2E-4,4.798E-4,0.001277,0.9941,7.746E-4,3.869E-4,0.001318,7.116E-4,6.833E-4,0.0,0.009604,0.005129,0.00595,0.004766,0.2166,0.008148,0.004885,0.001381,0.001301,7.63E-4,
0.0,1478.0,115.4,237.1,115.8,0.08719,5.805,1.016,0.2036,1.887,1.14,0.0,343.7,0.11,0.8332,0.2092,0.1386,0.3253,0.598,0.5501,3.299,11.02,0.0,343.7,0.11,0.8332,0.2092,0.1386,0.3253,0.598,0.5501,3.299,11.02,0.0,0.0,0.0,0.0,0.0,0.0,0.0,0.0,0.0,0.0,0.0,0.0,0.0,424.0,119.8,40.84,745.4,163.7,32.34,9.295,7.825,3.946,0.0,80.76,1.706,21.73,56.11,35.88,4.048,0.2914,0.1121,0.06014,0.3097,0.0,0.0,0.0,0.0,0.0,0.0,0.0,0.0,0.0,0.0,0.0,0.0,0.0,0.0,0.0,0.0,0.0,0.0,0.0,0.0,0.0,0.0,0.0,0.0,0.0,0.0,0.0,0.0,0.0,0.0,0.0,0.0,0.0,0.0,0.0,7.527E-4,0.0,28200.0,96750.0,119600.0,74430.0,2.997E7,47690.0,32070.0,51510.0,29040.0,26830.0,0.0,1.191E-36,6.15E-37,5.015E-36,3.5810000000000004E-36,1.798E-36,3.5229999999999998E-37,3.1309999999999997E-38,5.962999999999999E-39,3.007E-38,3.521E-38,2.08E-35,0.0,0.3443,0.7612,2.884,1.324,0.2219,0.08872,0.01837,0.002954,0.01812,0.01321,0.0,0.0,2.2E-4,4.798E-4,0.001277,0.9941,7.746E-4,3.869E-4,0.001318,7.116E-4,6.833E-4,0.0,0.009683,0.004918,0.005991,0.004851,0.2165,0.008139,0.00487,0.001377,0.001312,7.479E-4,
0.0,1478.0,117.2,231.9,128.1,2.368,3.723,0.9924,0.2006,1.007,3.854,0.0,343.7,0.1166,0.8726,0.1398,0.135,0.3128,0.5867,0.5528,3.705,10.66,0.0,343.7,0.1166,0.8726,0.1398,0.135,0.3128,0.5867,0.5528,3.705,10.66,0.0,0.0,0.0,0.0,0.0,0.0,0.0,0.0,0.0,0.0,0.0,0.0,0.0,428.1,111.5,56.39,744.2,159.5,31.82,9.485,7.996,4.165,0.0,80.76,1.737,8.669,64.09,32.71,0.629,0.4311,0.1106,0.05978,0.3187,0.0,0.0,0.0,0.0,0.0,0.0,0.0,0.0,0.0,0.0,0.0,0.0,0.0,0.0,0.0,0.0,0.0,0.0,0.0,0.0,0.0,0.0,0.0,0.0,0.0,0.0,0.0,0.0,0.0,0.0,0.0,0.0,0.0,0.0,0.0,6.062E-4,0.0,28270.0,95810.0,118500.0,81690.0,3.01E7,45580.0,32900.0,52280.0,29310.0,27220.0,0.0,1.207E-36,7.098E-37,4.6700000000000005E-36,4.015E-36,1.6910000000000002E-36,1.3189999999999999E-37,3.333E-38,5.882E-39,1.67E-38,1.119E-37,2.08E-35,0.0,0.3511,0.7849,2.805,1.406,0.2099,0.03845,0.01849,0.002977,0.01067,0.04441,0.0,0.0,2.2E-4,4.798E-4,0.001277,0.9941,7.746E-4,3.869E-4,0.001318,7.116E-4,6.833E-4,0.0,0.009784,0.004972,0.005528,0.005459,0.2163,0.007806,0.004923,0.001376,0.001295,8.114E-4,
0.0,1468.0,127.2,226.6,122.7,0.08568,3.718,0.9914,0.1988,1.035,5.206,0.0,343.7,0.1117,0.874,0.1413,0.1306,0.3121,0.5857,0.5514,4.236,10.13,0.0,343.7,0.1117,0.874,0.1413,0.1306,0.3121,0.5857,0.5514,4.236,10.13,0.0,0.0,0.0,0.0,0.0,0.0,0.0,0.0,0.0,0.0,0.0,0.0,0.0,431.6,111.9,56.44,746.2,159.5,31.54,9.166,7.935,3.978,0.0,79.01,3.466,12.95,68.92,33.89,0.6318,0.4279,0.1084,0.05929,0.3152,0.0,0.0,0.0,0.0,0.0,0.0,0.0,0.0,0.0,0.0,0.0,0.0,0.0,0.0,0.0,0.0,0.0,0.0,0.0,0.0,0.0,0.0,0.0,0.0,0.0,0.0,0.0,0.0,0.0,0.0,0.0,0.0,0.0,0.0,0.0,5.098E-4,0.0,28300.0,97730.0,117300.0,79980.0,3.082E7,45720.0,31950.0,51610.0,29390.0,28150.0,0.0,1.046E-36,6.732E-37,4.635E-36,4.002E-36,1.606E-36,1.317E-37,3.318E-38,5.794E-39,1.77E-38,2.335E-37,2.08E-35,0.0,0.3061,0.8197,2.797,1.401,0.1902,0.03843,0.01847,0.002967,0.01115,0.07563,0.0,0.0,2.2E-4,4.798E-4,0.001277,0.9941,7.746E-4,3.869E-4,0.001318,7.116E-4,6.833E-4,0.0,0.009806,0.005,0.00549,0.005465,0.2165,0.007778,0.004895,0.001347,0.001306,8.202E-4,
0.0,1468.0,132.5,226.9,118.6,0.3876,4.456,1.022,0.1928,1.01,3.362,0.0,343.8,0.1759,0.8281,0.1989,0.1217,0.2563,0.2966,0.486,4.005,10.71,0.0,343.8,0.1759,0.8281,0.1989,0.1217,0.2563,0.2966,0.486,4.005,10.71,0.0,0.0,0.0,0.0,0.0,0.0,0.0,0.0,0.0,0.0,0.0,0.0,0.0,437.0,108.6,56.44,742.0,160.6,33.0,9.234,7.77,4.564,0.0,79.01,5.617,13.2,64.38,33.59,1.184,0.4332,0.1153,0.06215,0.9799,0.0,0.0,0.0,0.0,0.0,0.0,0.0,0.0,0.0,0.0,0.0,0.0,0.0,0.0,0.0,0.0,0.0,0.0,0.0,0.0,0.0,0.0,0.0,0.0,0.0,0.0,0.0,0.0,0.0,0.0,0.0,0.0,0.0,0.0,0.0,1.0E-4,0.0,28440.0,99160.0,115600.0,80370.0,3.178E7,46880.0,32760.0,53380.0,30640.0,28930.0,0.0,1.0470000000000001E-36,8.089E-37,4.652E-36,3.925E-36,1.599E-36,1.5549999999999999E-37,3.362E-38,5.668E-39,1.614E-38,1.065E-37,2.08E-35,0.0,0.3062,0.9104,2.736,1.381,0.189,0.05216,0.01895,0.002883,0.01078,0.05101,0.0,0.0,2.2E-4,4.798E-4,0.001277,0.9941,7.746E-4,3.869E-4,0.001318,7.116E-4,6.833E-4,0.0,0.009896,0.005,0.005394,0.005508,0.2164,0.007731,0.004933,0.001329,0.001337,8.723E-4,
0.0,1460.0,135.1,231.3,117.9,0.07615,4.34,0.9974,0.1546,0.9919,2.226,0.0,343.8,0.1119,0.8418,0.09413,0.1168,0.2395,0.2942,0.4853,3.911,10.98,0.0,343.8,0.1119,0.8418,0.09413,0.1168,0.2395,0.2942,0.4853,3.911,10.98,0.0,0.0,0.0,0.0,0.0,0.0,0.0,0.0,0.0,0.0,0.0,0.0,0.0,437.6,110.1,55.73,739.9,176.5,30.64,3.891,5.126,2.641,0.0,77.64,5.92,16.11,64.47,34.66,0.6884,0.4323,0.1153,0.06398,0.1258,0.0,0.0,0.0,0.0,0.0,0.0,0.0,0.0,0.0,0.0,0.0,0.0,0.0,0.0,0.0,0.0,0.0,0.0,0.0,0.0,0.0,0.0,0.0,0.0,0.0,0.0,0.0,0.0,0.0,0.0,0.0,0.0,0.0,0.0,0.0,1.0E-4,0.0,28490.0,98180.0,115600.0,80740.0,3.304E7,47890.0,32940.0,54640.0,32010.0,28250.0,0.0,9.261E-37,7.0479999999999996E-37,4.66E-36,4.0200000000000005E-36,1.609E-36,1.3499999999999999E-37,3.265E-38,3.847E-39,1.456E-38,6.9E-38,2.08E-35,0.0,0.271,0.8678,2.793,1.407,0.1986,0.04195,0.01863,0.002672,0.01068,0.02947,0.0,0.0,2.2E-4,4.798E-4,0.001277,0.9941,7.746E-4,3.869E-4,0.001318,7.116E-4,6.833E-4,0.0,0.01005,0.005007,0.005437,0.005397,0.2164,0.00777,0.004934,0.001282,0.001331,8.298E-4,
0.0,1460.0,133.5,230.0,117.6,0.05883,4.253,1.013,0.1675,0.9881,1.255,0.0,343.8,0.1132,0.8331,0.1031,0.1168,0.238,0.2979,0.6982,4.997,9.669,0.0,343.8,0.1132,0.8331,0.1031,0.1168,0.238,0.2979,0.6982,4.997,9.669,0.0,0.0,0.0,0.0,0.0,0.0,0.0,0.0,0.0,0.0,0.0,0.0,0.0,436.0,120.0,57.41,744.4,168.8,32.05,4.085,6.409,2.946,0.0,77.64,5.997,14.81,67.31,34.57,0.6895,0.4328,0.1156,0.06378,0.1251,0.0,0.0,0.0,0.0,0.0,0.0,0.0,0.0,0.0,0.0,0.0,0.0,0.0,0.0,0.0,0.0,0.0,0.0,0.0,0.0,0.0,0.0,0.0,0.0,0.0,0.0,0.0,0.0,0.0,0.0,0.0,0.0,0.0,0.0,0.0,1.0E-4,0.0,28610.0,97820.0,111800.0,82320.0,3.449E7,48150.0,33520.0,56600.0,32900.0,28960.0,0.0,9.3E-37,6.929E-37,4.635E-36,3.991E-36,1.607E-36,1.324E-37,3.301E-38,4.013E-39,1.42E-38,4.835E-38,2.08E-35,0.0,0.2727,0.8537,2.792,1.405,0.1967,0.04145,0.01872,0.002791,0.01059,0.01773,0.0,0.0,2.2E-4,4.798E-4,0.001277,0.9941,7.746E-4,3.869E-4,0.001318,7.116E-4,6.833E-4,0.0,0.01006,0.004963,0.005549,0.005381,0.2164,0.007698,0.004945,0.001289,0.00133,8.392E-4,
0.0,1461.0,130.3,226.1,118.3,3.987,4.32,1.054,0.1589,1.019,1.246,0.0,343.8,0.1126,0.8349,0.08377,0.1313,0.2347,0.2966,0.6801,4.254,10.44,0.0,343.8,0.1126,0.8349,0.08377,0.1313,0.2347,0.2966,0.6801,4.254,10.44,0.0,0.0,0.0,0.0,0.0,0.0,0.0,0.0,0.0,0.0,0.0,0.0,0.0,428.8,122.2,58.93,752.0,160.8,34.35,3.989,7.825,3.165,0.0,77.65,6.767,12.38,73.28,30.7,0.7478,0.4337,0.1164,0.06369,0.1248,0.0,0.0,0.0,0.0,0.0,0.0,0.0,0.0,0.0,0.0,0.0,0.0,0.0,0.0,0.0,0.0,0.0,0.0,0.0,0.0,0.0,0.0,0.0,0.0,0.0,0.0,0.0,0.0,0.0,0.0,0.0,0.0,0.0,0.0,0.0,1.0E-4,0.0,28670.0,99280.0,439900.0,53650.0,3.453E7,42680.0,31560.0,48670.0,28580.0,24440.0,0.0,9.485E-37,6.807E-37,4.5020000000000004E-36,4.047E-36,1.655E-36,1.2569999999999999E-37,3.373E-38,3.9539999999999996E-39,1.4269999999999999E-38,4.715E-38,2.08E-35,0.0,0.2868,0.8334,2.735,1.407,0.2565,0.04143,0.01918,0.002713,0.01086,0.01763,0.0,0.0,3.252E-4,0.01041,3.628E-4,0.9859,6.011E-4,3.002E-4,0.001023,5.522E-4,5.303E-4,0.0,0.01015,0.004929,0.007315,0.005226,0.2151,0.007503,0.00497,0.00123,0.001331,8.031E-4,
0.0,1452.0,147.8,218.4,126.6,4.764,4.277,1.044,0.1615,1.005,1.25,0.0,343.8,0.1141,0.8785,0.0644,0.09968,0.2356,0.3208,0.7015,4.092,10.55,0.0,343.8,0.1141,0.8785,0.0644,0.09968,0.2356,0.3208,0.7015,4.092,10.55,0.0,0.0,0.0,0.0,0.0,0.0,0.0,0.0,0.0,0.0,0.0,0.0,0.0,430.5,119.8,59.88,753.3,161.0,33.79,4.016,7.781,3.198,0.0,76.12,8.015,11.53,63.89,30.84,0.7028,0.4349,0.1172,0.06362,0.1248,0.0,0.0,0.0,0.0,0.0,0.0,0.0,0.0,0.0,0.0,0.0,0.0,0.0,0.0,0.0,0.0,0.0,0.0,0.0,0.0,0.0,0.0,0.0,0.0,0.0,0.0,0.0,0.0,0.0,0.0,0.0,0.0,0.0,0.0,0.0,7.863E-4,0.0,28710.0,98800.0,133800.0,53150.0,3.255E7,41600.0,31660.0,47630.0,27770.0,23480.0,0.0,8.240999999999999E-37,6.969E-37,4.5530000000000004E-36,4.0580000000000004E-36,1.529E-36,1.24E-37,3.342E-38,3.829E-39,1.358E-38,4.624E-38,2.08E-35,0.0,0.2492,0.9021,2.727,1.413,0.2133,0.04086,0.01897,0.002691,0.01068,0.01764,0.0,0.0,3.329E-4,7.261E-4,3.714E-4,0.9955,6.152E-4,3.073E-4,0.001047,5.652E-4,5.427E-4,0.0,0.01018,0.005012,0.005637,0.00518,0.2167,0.007399,0.00497,0.00124,0.001345,8.101E-4,
0.0,1457.0,131.4,233.3,126.6,4.761,4.252,1.04,0.1607,1.011,1.25,0.0,343.8,0.1118,0.8566,0.08073,0.09952,0.2332,0.2881,1.03,3.523,10.82,0.0,343.8,0.1118,0.8566,0.08073,0.09952,0.2332,0.2881,1.03,3.523,10.82,0.0,0.0,0.0,0.0,0.0,0.0,0.0,0.0,0.0,0.0,0.0,0.0,0.0,435.6,119.9,59.65,749.2,161.0,33.78,4.71,7.155,3.194,0.0,76.12,8.054,11.71,57.24,30.83,0.7151,0.4364,0.1184,0.06378,0.123,0.0,0.0,0.0,0.0,0.0,0.0,0.0,0.0,0.0,0.0,0.0,0.0,0.0,0.0,0.0,0.0,0.0,0.0,0.0,0.0,0.0,0.0,0.0,0.0,0.0,0.0,0.0,0.0,0.0,0.0,0.0,0.0,0.0,0.0,0.0,1.0E-4,0.0,28940.0,99370.0,129600.0,54240.0,3.086E7,42540.0,33000.0,50030.0,29020.0,24060.0,0.0,9.618E-37,6.783E-37,4.481E-36,3.95E-36,1.529E-36,1.2369999999999999E-37,3.331E-38,3.799E-39,1.308E-38,4.555E-38,2.08E-35,0.0,0.2754,0.8203,2.777,1.399,0.2133,0.04074,0.01896,0.002698,0.01075,0.0176,0.0,0.0,3.731E-4,8.139E-4,4.163E-4,0.9949,6.896E-4,3.444E-4,0.001173,6.335E-4,6.083E-4,0.0,0.01031,0.005024,0.005656,0.005131,0.2162,0.007286,0.00496,0.001277,0.00135,8.633E-4,
0.0,1458.0,134.3,228.6,129.6,4.126,5.089,1.038,0.1676,1.011,1.254,0.0,343.8,0.1146,0.8674,0.06571,0.0999,0.2353,0.2845,1.032,3.635,10.71,0.0,343.8,0.1146,0.8674,0.06571,0.0999,0.2353,0.2845,1.032,3.635,10.71,0.0,0.0,0.0,0.0,0.0,0.0,0.0,0.0,0.0,0.0,0.0,0.0,0.0,435.0,123.3,59.55,741.9,161.6,33.53,4.891,7.196,3.194,0.0,76.12,7.585,10.43,53.27,31.16,0.708,0.4348,0.1166,0.06311,0.1179,0.0,0.0,0.0,0.0,0.0,0.0,0.0,0.0,0.0,0.0,0.0,0.0,0.0,0.0,0.0,0.0,0.0,0.0,0.0,0.0,0.0,0.0,0.0,0.0,0.0,0.0,0.0,0.0,0.0,0.0,0.0,0.0,0.0,0.0,0.0,5.833E-4,0.0,28980.0,98910.0,128400.0,55710.0,2.938E7,43540.0,34040.0,52000.0,29950.0,24590.0,0.0,9.731999999999999E-37,7.091E-37,4.35E-36,4.0060000000000004E-36,1.528E-36,1.321E-37,3.308E-38,3.847E-39,1.245E-38,4.486E-38,2.08E-35,0.0,0.2897,0.842,2.705,1.414,0.2124,0.0497,0.01885,0.002762,0.01076,0.01758,0.0,0.0,4.095E-4,8.932E-4,4.568E-4,0.9945,7.568E-4,3.78E-4,0.001287,6.953E-4,6.676E-4,0.0,0.01032,0.004996,0.005715,0.00515,0.2155,0.007323,0.004925,0.001262,0.001394,8.623E-4,
0.0,1458.0,142.9,217.7,131.1,4.263,5.396,1.039,0.1639,1.025,1.31,0.0,343.8,0.1175,0.8446,0.07794,0.1001,0.2413,0.2847,1.205,2.971,11.2,0.0,343.8,0.1175,0.8446,0.07794,0.1001,0.2413,0.2847,1.205,2.971,11.2,0.0,0.0,0.0,0.0,0.0,0.0,0.0,0.0,0.0,0.0,0.0,0.0,0.0,428.9,130.0,60.73,740.4,163.4,33.58,4.852,7.243,3.077,0.0,76.12,6.437,10.61,53.63,31.13,1.265,0.432,0.1158,0.06279,0.08681,0.0,0.0,0.0,0.0,0.0,0.0,0.0,0.0,0.0,0.0,0.0,0.0,0.0,0.0,0.0,0.0,0.0,0.0,0.0,0.0,0.0,0.0,0.0,0.0,0.0,0.0,0.0,0.0,0.0,0.0,0.0,0.0,0.0,0.0,0.0,8.416E-4,0.0,29010.0,97950.0,126200.0,53560.0,2.788E7,43150.0,34250.0,50940.0,29180.0,23460.0,0.0,9.733E-37,7.032E-37,4.288E-36,4.017E-36,1.531E-36,1.558E-37,3.296E-38,3.772E-39,1.218E-38,4.537E-38,2.08E-35,0.0,0.2898,0.874,2.623,1.441,0.2143,0.06301,0.01884,0.002711,0.0109,0.01821,0.0,0.0,4.095E-4,8.932E-4,4.568E-4,0.9945,7.568E-4,3.78E-4,0.001287,6.953E-4,6.676E-4,0.0,0.01035,0.004941,0.005742,0.005181,0.2155,0.007301,0.004937,0.001269,0.001384,8.602E-4,
0.0,1464.0,130.2,222.4,126.9,4.001,4.715,1.051,0.1635,1.009,1.26,0.0,343.8,0.1143,0.8767,0.06945,0.08464,0.233,0.2858,1.204,2.835,11.34,0.0,343.8,0.1143,0.8767,0.06945,0.08464,0.233,0.2858,1.204,2.835,11.34,0.0,0.0,0.0,0.0,0.0,0.0,0.0,0.0,0.0,0.0,0.0,0.0,0.0,433.1,129.3,64.48,743.6,161.6,33.93,4.727,7.157,3.172,0.0,76.14,6.563,11.16,54.17,32.08,0.9517,0.4307,0.1164,0.06299,0.1801,0.0,0.0,0.0,0.0,0.0,0.0,0.0,0.0,0.0,0.0,0.0,0.0,0.0,0.0,0.0,0.0,0.0,0.0,0.0,0.0,0.0,0.0,0.0,0.0,0.0,0.0,0.0,0.0,0.0,0.0,0.0,0.0,0.0,0.0,0.0,1.0E-4,0.0,29280.0,124500.0,130400.0,55610.0,2.715E7,39170.0,32730.0,44460.0,25630.0,19880.0,0.0,1.1450000000000001E-36,6.7789999999999995E-37,4.332E-36,3.855E-36,1.4880000000000002E-36,1.328E-37,3.302E-38,3.736E-39,1.164E-38,4.503E-38,2.08E-35,0.0,0.3564,0.8132,2.67,1.38,0.2029,0.04852,0.01902,0.002676,0.01074,0.01826,0.0,0.0,0.001548,7.188E-4,5.872E-4,0.9941,6.041E-4,3.017E-4,0.001028,5.549E-4,5.329E-4,0.0,0.01052,0.005119,0.005705,0.005154,0.215,0.00717,0.004945,0.001206,0.001362,8.352E-4,
0.0,1464.0,133.2,215.1,129.1,0.507,5.223,1.05,0.1691,1.014,1.263,0.0,343.8,0.1124,0.8711,0.07476,0.08777,0.2314,0.2865,1.233,3.231,10.91,0.0,343.8,0.1124,0.8711,0.07476,0.08777,0.2314,0.2865,1.233,3.231,10.91,0.0,0.0,0.0,0.0,0.0,0.0,0.0,0.0,0.0,0.0,0.0,0.0,0.0,434.7,127.0,64.99,742.9,161.5,34.09,4.712,7.191,3.201,0.0,76.14,6.939,13.87,51.91,36.18,0.9547,0.4302,0.1168,0.06281,0.18,0.0,0.0,0.0,0.0,0.0,0.0,0.0,0.0,0.0,0.0,0.0,0.0,0.0,0.0,0.0,0.0,0.0,0.0,0.0,0.0,0.0,0.0,0.0,0.0,0.0,0.0,0.0,0.0,0.0,0.0,0.0,0.0,0.0,0.0,0.0,1.0E-4,0.0,29340.0,124700.0,132900.0,55110.0,2.591E7,39300.0,32120.0,44820.0,25890.0,20320.0,0.0,1.146E-36,7.039999999999999E-37,4.256E-36,3.869E-36,1.501E-36,1.378E-37,3.296E-38,3.74E-39,1.118E-38,4.471E-38,2.08E-35,0.0,0.3565,0.8326,2.635,1.385,0.2074,0.05368,0.01903,0.002721,0.0108,0.01828,0.0,0.0,0.001728,8.027E-4,6.558E-4,0.9934,6.746E-4,3.37E-4,0.001148,6.198E-4,5.951E-4,0.0,0.01055,0.005127,0.005618,0.005182,0.2147,0.007143,0.004963,0.001227,0.001369,8.433E-4,
0.0,1456.0,147.4,207.5,121.8,2.552,6.131,1.089,0.1809,0.9942,1.528,0.0,343.8,0.1366,0.9082,0.07318,0.1683,0.2289,0.2854,1.056,2.783,11.39,0.0,343.8,0.1366,0.9082,0.07318,0.1683,0.2289,0.2854,1.056,2.783,11.39,0.0,0.0,0.0,0.0,0.0,0.0,0.0,0.0,0.0,0.0,0.0,0.0,0.0,444.2,124.6,59.99,746.5,171.0,33.96,4.793,7.148,3.95,0.0,74.87,5.77,12.06,54.81,32.33,8.186,0.3414,0.118,0.06003,0.201,0.0,0.0,0.0,0.0,0.0,0.0,0.0,0.0,0.0,0.0,0.0,0.0,0.0,0.0,0.0,0.0,0.0,0.0,0.0,0.0,0.0,0.0,0.0,0.0,0.0,0.0,0.0,0.0,0.0,0.0,0.0,0.0,0.0,0.0,0.0,1.0E-4,0.0,29440.0,127500.0,127600.0,53510.0,2.437E7,41770.0,31490.0,43740.0,25330.0,21670.0,0.0,1.022E-36,7.344E-37,4.19E-36,3.558E-36,1.505E-36,4.409E-37,2.984E-38,3.798E-39,1.065E-38,5.095E-38,2.08E-35,0.0,0.3188,0.9002,2.564,1.326,0.219,0.1105,0.01862,0.002844,0.0106,0.02441,0.0,0.0,0.001798,8.351E-4,6.822E-4,0.9932,7.018E-4,3.505E-4,0.001194,6.448E-4,6.191E-4,0.0,0.01059,0.005075,0.005573,0.004753,0.2143,0.007624,0.004963,0.001228,0.001376,8.666E-4,
0.0,1457.0,135.8,213.3,126.1,0.271,4.704,1.105,0.1722,1.017,1.257,0.0,343.8,0.09926,0.9,0.07329,0.1151,0.2283,0.2843,1.238,2.758,11.33,0.0,343.8,0.09926,0.9,0.07329,0.1151,0.2283,0.2843,1.238,2.758,11.33,0.0,0.0,0.0,0.0,0.0,0.0,0.0,0.0,0.0,0.0,0.0,0.0,0.0,445.7,128.2,67.02,757.7,161.9,34.29,4.797,7.237,3.402,0.0,74.87,5.994,13.48,59.42,35.74,1.117,0.3856,0.1186,0.06028,0.2889,0.0,0.0,0.0,0.0,0.0,0.0,0.0,0.0,0.0,0.0,0.0,0.0,0.0,0.0,0.0,0.0,0.0,0.0,0.0,0.0,0.0,0.0,0.0,0.0,0.0,0.0,0.0,0.0,0.0,0.0,0.0,0.0,0.0,0.0,0.0,6.217E-4,0.0,29520.0,123500.0,126300.0,52950.0,2.329E7,39620.0,30830.0,43350.0,25260.0,20670.0,0.0,1.0470000000000001E-36,6.681E-37,4.2250000000000004E-36,3.8460000000000005E-36,1.507E-36,1.386E-37,3.212E-38,3.699E-39,1.053E-38,4.524E-38,2.08E-35,0.0,0.3327,0.8276,2.624,1.386,0.2136,0.04891,0.01905,0.002756,0.01083,0.01932,0.0,0.0,0.001925,8.939E-4,7.303E-4,0.9927,7.512E-4,3.752E-4,0.001278,6.902E-4,6.627E-4,0.0,0.01063,0.005057,0.0056,0.004983,0.2142,0.007235,0.004977,0.00125,0.001379,8.532E-4,
0.0,1445.0,144.9,215.7,132.1,0.3129,4.758,1.097,0.1717,1.026,1.254,0.0,343.8,0.1005,0.8953,0.07686,0.1142,0.2282,0.2825,1.054,3.121,11.15,0.0,343.8,0.1005,0.8953,0.07686,0.1142,0.2282,0.2825,1.054,3.121,11.15,0.0,0.0,0.0,0.0,0.0,0.0,0.0,0.0,0.0,0.0,0.0,0.0,0.0,447.9,130.4,67.22,764.3,162.1,33.43,4.97,7.338,3.432,0.0,72.93,5.911,12.79,54.47,35.61,1.089,0.3728,0.1193,0.06032,0.2878,0.0,0.0,0.0,0.0,0.0,0.0,0.0,0.0,0.0,0.0,0.0,0.0,0.0,0.0,0.0,0.0,0.0,0.0,0.0,0.0,0.0,0.0,0.0,0.0,0.0,0.0,0.0,0.0,0.0,0.0,0.0,0.0,0.0,0.0,0.0,1.002E-4,0.0,29550.0,122800.0,124500.0,50020.0,2.267E7,39770.0,30440.0,42400.0,24790.0,20380.0,0.0,8.665E-37,6.869E-37,4.1880000000000006E-36,3.855E-36,1.506E-36,1.333E-37,3.164E-38,3.712E-39,1.016E-38,4.496E-38,2.08E-35,0.0,0.2783,0.8581,2.623,1.4,0.2122,0.04992,0.01871,0.002781,0.01093,0.01927,0.0,0.0,0.001925,8.939E-4,7.303E-4,0.9927,7.512E-4,3.752E-4,0.001278,6.902E-4,6.627E-4,0.0,0.01061,0.005048,0.005613,0.005028,0.2141,0.007197,0.004972,0.001252,0.001392,8.395E-4,
0.0,1449.0,144.1,215.1,135.7,0.3067,5.676,1.099,0.1263,1.027,1.254,0.0,343.8,0.09566,0.8974,0.07743,0.1142,0.2612,0.2742,1.034,3.035,11.24,0.0,343.8,0.09566,0.8974,0.07743,0.1142,0.2612,0.2742,1.034,3.035,11.24,0.0,0.0,0.0,0.0,0.0,0.0,0.0,0.0,0.0,0.0,0.0,0.0,0.0,455.6,127.3,67.63,762.4,162.1,33.41,4.941,7.337,3.429,0.0,73.43,5.805,12.75,46.85,35.58,1.189,0.3751,0.1203,0.06053,0.2885,0.0,0.0,0.0,0.0,0.0,0.0,0.0,0.0,0.0,0.0,0.0,0.0,0.0,0.0,0.0,0.0,0.0,0.0,0.0,0.0,0.0,0.0,0.0,0.0,0.0,0.0,0.0,0.0,0.0,0.0,0.0,0.0,0.0,0.0,0.0,5.869E-4,0.0,29790.0,124000.0,125800.0,48890.0,2.301E7,41290.0,30270.0,42350.0,25090.0,20680.0,0.0,9.142E-37,6.681E-37,4.156E-36,3.7940000000000004E-36,1.506E-36,1.8029999999999999E-37,3.109E-38,3.5E-39,9.837E-39,4.4769999999999997E-38,2.08E-35,0.0,0.3135,0.8495,2.615,1.371,0.2121,0.05798,0.0187,0.002145,0.01095,0.01927,0.0,0.0,0.001925,8.939E-4,7.303E-4,0.9927,7.512E-4,3.752E-4,0.001278,6.902E-4,6.627E-4,0.0,0.01063,0.005038,0.005594,0.005007,0.2142,0.007957,0.004726,7.531E-4,0.001394,8.382E-4,
0.0,1449.0,120.2,239.3,135.9,1.979,6.161,0.6023,0.1266,1.033,1.253,0.0,343.8,0.09653,0.8764,0.08084,0.127,0.3187,0.2177,1.035,3.053,11.22,0.0,343.8,0.09653,0.8764,0.08084,0.127,0.3187,0.2177,1.035,3.053,11.22,0.0,0.0,0.0,0.0,0.0,0.0,0.0,0.0,0.0,0.0,0.0,0.0,0.0,461.1,130.4,67.99,756.9,181.5,13.7,4.869,7.314,3.392,0.0,73.43,5.953,12.39,43.72,35.47,1.111,0.3855,0.1237,0.06267,0.2904,0.0,0.0,0.0,0.0,0.0,0.0,0.0,0.0,0.0,0.0,0.0,0.0,0.0,0.0,0.0,0.0,0.0,0.0,0.0,0.0,0.0,0.0,0.0,0.0,0.0,0.0,0.0,0.0,0.0,0.0,0.0,0.0,0.0,0.0,0.0,4.482E-4,0.0,29850.0,91000.0,304600.0,59070.0,2.36E7,39910.0,28740.0,38800.0,23130.0,18680.0,0.0,9.142E-37,6.589E-37,4.0960000000000004E-36,3.803E-36,1.555E-36,1.8129999999999999E-37,2.295E-38,3.562E-39,9.629E-39,4.453E-38,2.08E-35,0.0,0.3135,0.7472,2.68,1.374,0.2398,0.06617,0.0108,0.00217,0.01102,0.01927,0.0,0.0,9.554E-5,0.009083,0.001168,0.9866,6.077E-4,3.035E-4,0.001034,5.583E-4,5.361E-4,0.0,0.01065,0.004714,0.007028,0.005065,0.2129,0.008128,0.004504,7.239E-4,0.001377,8.126E-4,
0.0,1449.0,117.2,241.7,137.4,0.3446,5.237,0.6075,0.1318,1.035,1.259,0.0,343.8,0.09414,0.9086,0.07747,0.1047,0.3128,0.2183,1.15,2.845,11.31,0.0,343.8,0.09414,0.9086,0.07747,0.1047,0.3128,0.2183,1.15,2.845,11.31,0.0,0.0,0.0,0.0,0.0,0.0,0.0,0.0,0.0,0.0,0.0,0.0,0.0,458.7,134.0,68.28,762.8,180.1,14.46,5.045,7.394,3.415,0.0,73.43,5.562,11.95,42.84,37.16,1.124,0.3982,0.1244,0.06136,0.2902,0.0,0.0,0.0,0.0,0.0,0.0,0.0,0.0,0.0,0.0,0.0,0.0,0.0,0.0,0.0,0.0,0.0,0.0,0.0,0.0,0.0,0.0,0.0,0.0,0.0,0.0,0.0,0.0,0.0,0.0,0.0,0.0,0.0,0.0,0.0,1.0E-4,0.0,29920.0,90900.0,126400.0,59260.0,2.277E7,39730.0,29320.0,39150.0,22990.0,18880.0,0.0,9.34E-37,6.4929999999999996E-37,4.157E-36,3.8070000000000004E-36,1.4860000000000001E-36,1.568E-37,2.318E-38,3.553E-39,9.344999999999999E-39,4.433E-38,2.08E-35,0.0,0.3238,0.7263,2.72,1.38,0.2073,0.05745,0.01107,0.002212,0.01102,0.01931,0.0,0.0,9.895E-5,2.011E-4,0.00121,0.9953,6.294E-4,3.144E-4,0.001071,5.782E-4,5.552E-4,0.0,0.01066,0.004664,0.005558,0.005074,0.2142,0.008042,0.004589,7.353E-4,0.001368,8.22E-4,
0.0,1449.0,118.1,239.7,138.0,0.2864,5.158,0.5733,0.1345,1.036,1.255,0.0,343.8,0.1025,0.8811,0.09757,0.1047,0.3108,0.2167,1.323,2.958,11.03,0.0,343.8,0.1025,0.8811,0.09757,0.1047,0.3108,0.2167,1.323,2.958,11.03,0.0,0.0,0.0,0.0,0.0,0.0,0.0,0.0,0.0,0.0,0.0,0.0,0.0,465.7,132.9,68.51,763.7,180.7,13.54,5.161,7.452,3.453,0.0,73.43,5.814,11.49,42.13,37.17,1.147,0.4105,0.1249,0.06184,0.2903,0.0,0.0,0.0,0.0,0.0,0.0,0.0,0.0,0.0,0.0,0.0,0.0,0.0,0.0,0.0,0.0,0.0,0.0,0.0,0.0,0.0,0.0,0.0,0.0,0.0,0.0,0.0,0.0,0.0,0.0,0.0,0.0,0.0,0.0,0.0,4.602E-4,0.0,30050.0,93510.0,128300.0,62200.0,2.224E7,41140.0,30900.0,41860.0,24320.0,20000.0,0.0,9.342999999999999E-37,6.851E-37,4.095E-36,3.8080000000000005E-36,1.4860000000000001E-36,1.57E-37,2.276E-38,3.587E-39,8.977E-39,4.41E-38,2.08E-35,0.0,0.3238,0.7468,2.688,1.38,0.2074,0.05753,0.01072,0.002246,0.01103,0.01927,0.0,0.0,1.113E-4,2.262E-4,0.001361,0.9948,7.08E-4,3.536E-4,0.001204,6.504E-4,6.246E-4,0.0,0.01075,0.004697,0.005525,0.005123,0.2138,0.007812,0.004731,7.543E-4,0.001384,8.262E-4,
0.0,1449.0,117.8,238.5,139.5,0.27,5.232,0.4275,0.1463,1.021,1.31,0.0,343.8,0.1131,0.9055,0.08281,0.1053,0.3186,0.2059,1.324,2.608,11.36,0.0,343.8,0.1131,0.9055,0.08281,0.1053,0.3186,0.2059,1.324,2.608,11.36,0.0,0.0,0.0,0.0,0.0,0.0,0.0,0.0,0.0,0.0,0.0,0.0,0.0,467.8,134.2,69.05,765.9,184.7,7.761,5.64,7.605,3.521,0.0,73.43,5.442,11.42,41.5,37.18,1.171,0.4208,0.1254,0.06227,0.2413,0.0,0.0,0.0,0.0,0.0,0.0,0.0,0.0,0.0,0.0,0.0,0.0,0.0,0.0,0.0,0.0,0.0,0.0,0.0,0.0,0.0,0.0,0.0,0.0,0.0,0.0,0.0,0.0,0.0,0.0,0.0,0.0,0.0,0.0,0.0,5.419E-4,0.0,30050.0,94750.0,131500.0,63360.0,2.174E7,41650.0,31400.0,43290.0,24860.0,20320.0,0.0,9.342999999999999E-37,7.059E-37,4.042E-36,3.817E-36,1.487E-36,1.5859999999999999E-37,2.036E-38,3.769E-39,8.613E-39,4.38E-38,2.08E-35,0.0,0.3238,0.7512,2.668,1.387,0.2075,0.05909,0.008518,0.002429,0.01091,0.01936,0.0,0.0,1.178E-4,2.394E-4,0.00144,0.9945,7.491E-4,3.742E-4,0.001274,6.882E-4,6.609E-4,0.0,0.01075,0.004708,0.005506,0.005152,0.2138,0.007875,0.00465,7.705E-4,0.001395,8.332E-4,
0.0,1450.0,116.5,219.9,134.8,1.637,5.792,0.4141,0.1464,1.042,1.306,0.0,343.8,0.09645,0.8872,0.08578,0.136,0.3184,0.2053,1.324,2.575,11.39,0.0,343.8,0.09645,0.8872,0.08578,0.136,0.3184,0.2053,1.324,2.575,11.39,0.0,0.0,0.0,0.0,0.0,0.0,0.0,0.0,0.0,0.0,0.0,0.0,0.0,469.7,139.1,68.44,756.0,184.6,7.7,5.52,7.604,3.458,0.0,73.43,5.426,29.61,52.61,29.83,1.191,0.4255,0.1158,0.05739,0.2366,0.0,0.0,0.0,0.0,0.0,0.0,0.0,0.0,0.0,0.0,0.0,0.0,0.0,0.0,0.0,0.0,0.0,0.0,0.0,0.0,0.0,0.0,0.0,0.0,0.0,0.0,0.0,0.0,0.0,0.0,0.0,0.0,0.0,0.0,0.0,6.033E-4,0.0,30100.0,109200.0,319600.0,39820.0,2.095E7,38680.0,30410.0,38910.0,22250.0,17700.0,0.0,9.493E-37,6.5099999999999995E-37,3.957E-36,3.811E-36,1.589E-36,1.7209999999999999E-37,2.026E-38,3.857E-39,8.535999999999999E-39,4.364E-38,2.08E-35,0.0,0.3313,0.73,2.643,1.384,0.2436,0.06357,0.008475,0.002448,0.01113,0.01934,0.0,0.0,8.47E-4,0.01057,8.007E-5,0.9855,6.072E-4,3.033E-4,0.001033,5.578E-4,5.357E-4,0.0,0.01076,0.004818,0.007288,0.004922,0.21,0.007836,0.004639,7.135E-4,0.001373,8.084E-4,
0.0,1450.0,109.7,226.8,128.7,0.2178,5.902,0.2642,0.1444,1.04,1.305,0.0,343.8,0.1005,0.9298,0.08387,0.0907,0.4297,0.08947,1.324,2.484,11.48,0.0,343.8,0.1005,0.9298,0.08387,0.0907,0.4297,0.08947,1.324,2.484,11.48,0.0,0.0,0.0,0.0,0.0,0.0,0.0,0.0,0.0,0.0,0.0,0.0,0.0,466.7,131.0,68.88,776.6,184.6,7.706,5.54,7.615,3.48,0.0,73.43,8.748,25.84,59.39,29.91,1.213,0.4292,0.1172,0.0583,0.1932,0.0,0.0,0.0,0.0,0.0,0.0,0.0,0.0,0.0,0.0,0.0,0.0,0.0,0.0,0.0,0.0,0.0,0.0,0.0,0.0,0.0,0.0,0.0,0.0,0.0,0.0,0.0,0.0,0.0,0.0,0.0,0.0,0.0,0.0,0.0,5.505E-4,0.0,30260.0,112400.0,108200.0,44200.0,2.056E7,43560.0,24870.0,38110.0,21990.0,17630.0,0.0,9.644E-37,6.605E-37,4.093E-36,3.764E-36,1.4590000000000002E-36,1.742E-37,1.793E-38,3.736E-39,8.224E-39,4.238E-38,2.08E-35,0.0,0.339,0.7229,2.726,1.365,0.1767,0.06575,0.006127,0.002406,0.01111,0.01838,0.0,0.0,8.75E-4,9.245E-5,8.271E-5,0.9958,6.273E-4,3.133E-4,0.001067,5.763E-4,5.534E-4,0.0,0.01086,0.004768,0.005438,0.004892,0.2119,0.01052,0.001884,7.192E-4,0.001376,8.138E-4,
0.0,1450.0,111.5,227.9,130.7,0.2328,5.791,0.4743,0.1294,1.035,1.3,0.0,343.8,0.1026,0.9307,0.07354,0.09495,0.416,0.1049,1.323,2.563,11.4,0.0,343.8,0.1026,0.9307,0.07354,0.09495,0.416,0.1049,1.323,2.563,11.4,0.0,0.0,0.0,0.0,0.0,0.0,0.0,0.0,0.0,0.0,0.0,0.0,0.0,469.2,130.0,65.8,780.7,178.9,15.97,4.912,7.338,3.386,0.0,73.43,10.79,19.42,56.99,31.35,1.084,0.4189,0.1178,0.05797,0.156,0.0,0.0,0.0,0.0,0.0,0.0,0.0,0.0,0.0,0.0,0.0,0.0,0.0,0.0,0.0,0.0,0.0,0.0,0.0,0.0,0.0,0.0,0.0,0.0,0.0,0.0,0.0,0.0,0.0,0.0,0.0,0.0,0.0,0.0,0.0,1.001E-4,0.0,30350.0,110700.0,102200.0,41770.0,1.99E7,43030.0,24730.0,37270.0,21770.0,17580.0,0.0,9.646E-37,6.89E-37,4.043E-36,3.757E-36,1.4730000000000001E-36,1.6899999999999999E-37,2.13E-38,3.47E-39,7.974E-39,4.1E-38,2.08E-35,0.0,0.3391,0.7237,2.716,1.359,0.1884,0.06224,0.009317,0.00217,0.01101,0.01783,0.0,0.0,9.085E-4,9.6E-5,8.589E-5,0.9957,6.513E-4,3.253E-4,0.001108,5.984E-4,5.746E-4,0.0,0.01093,0.004778,0.005412,0.004849,0.2117,0.01057,0.001795,7.196E-4,0.001398,7.869E-4,
0.0,1450.0,111.3,226.8,137.1,0.2506,5.977,0.2763,0.135,1.038,1.296,0.0,343.8,0.09948,0.9415,0.06881,0.09304,0.4271,0.08872,0.7756,2.325,12.19,0.0,343.8,0.09948,0.9415,0.06881,0.09304,0.4271,0.08872,0.7756,2.325,12.19,0.0,0.0,0.0,0.0,0.0,0.0,0.0,0.0,0.0,0.0,0.0,0.0,0.0,470.5,127.7,66.86,782.8,186.7,7.648,5.444,7.267,3.31,0.0,73.43,9.625,16.81,55.11,31.77,1.133,0.4142,0.1187,0.05811,0.1784,0.0,0.0,0.0,0.0,0.0,0.0,0.0,0.0,0.0,0.0,0.0,0.0,0.0,0.0,0.0,0.0,0.0,0.0,0.0,0.0,0.0,0.0,0.0,0.0,0.0,0.0,0.0,0.0,0.0,0.0,0.0,0.0,0.0,0.0,0.0,1.001E-4,0.0,30440.0,112200.0,97980.0,41690.0,1.962E7,44550.0,24230.0,38790.0,22660.0,18430.0,0.0,9.647E-37,6.585E-37,4.009E-36,3.812E-36,1.469E-36,1.715E-37,1.782E-38,3.546E-39,7.714E-39,4.062E-38,2.08E-35,0.0,0.3392,0.7131,2.7,1.389,0.1855,0.06475,0.00609,0.002253,0.01104,0.01767,0.0,0.0,0.001006,1.063E-4,9.506E-5,0.9952,7.209E-4,3.601E-4,0.001226,6.623E-4,6.359E-4,0.0,0.01098,0.004782,0.00538,0.004873,0.2117,0.01074,0.001591,7.401E-4,0.00142,7.915E-4,
0.0,1450.0,103.7,231.1,138.0,0.238,6.897,0.2844,0.1497,1.022,1.301,0.0,343.8,0.09514,0.9484,0.06968,0.09346,0.4187,0.08849,0.7782,2.088,12.42,0.0,343.8,0.09514,0.9484,0.06968,0.09346,0.4187,0.08849,0.7782,2.088,12.42,0.0,0.0,0.0,0.0,0.0,0.0,0.0,0.0,0.0,0.0,0.0,0.0,0.0,478.3,125.1,67.66,780.1,184.4,7.872,5.951,7.428,3.373,0.0,73.43,8.553,19.93,52.33,32.26,2.141,0.4155,0.119,0.0582,0.1786,0.0,0.0,0.0,0.0,0.0,0.0,0.0,0.0,0.0,0.0,0.0,0.0,0.0,0.0,0.0,0.0,0.0,0.0,0.0,0.0,0.0,0.0,0.0,0.0,0.0,0.0,0.0,0.0,0.0,0.0,0.0,0.0,0.0,0.0,0.0,1.0E-4,0.0,30530.0,113800.0,101000.0,45170.0,1.946E7,44830.0,24450.0,39100.0,22790.0,18520.0,0.0,9.647999999999999E-37,6.4719999999999995E-37,4.0120000000000003E-36,3.792E-36,1.466E-36,1.871E-37,1.785E-38,3.812E-39,7.496E-39,4.046E-38,2.08E-35,0.0,0.3393,0.666,2.746,1.383,0.1838,0.06984,0.006207,0.002485,0.01091,0.01773,0.0,0.0,0.001013,1.071E-4,9.578E-5,0.9952,7.263E-4,3.628E-4,0.001236,6.673E-4,6.407E-4,0.0,0.0111,0.004797,0.005373,0.004911,0.2116,0.01056,0.001608,7.444E-4,0.001424,7.901E-4,
0.0,1450.0,104.1,231.8,142.1,0.2093,5.893,0.2812,0.1524,1.026,1.296,0.0,343.8,0.1061,0.9251,0.08174,0.09331,0.4189,0.08808,0.965,2.491,11.83,0.0,343.8,0.1061,0.9251,0.08174,0.09331,0.4189,0.08808,0.965,2.491,11.83,0.0,0.0,0.0,0.0,0.0,0.0,0.0,0.0,0.0,0.0,0.0,0.0,0.0,483.8,125.6,67.83,781.1,184.3,7.857,5.945,7.43,3.379,0.0,73.43,8.003,18.56,50.06,32.15,1.378,0.4184,0.1171,0.05769,0.1775,0.0,0.0,0.0,0.0,0.0,0.0,0.0,0.0,0.0,0.0,0.0,0.0,0.0,0.0,0.0,0.0,0.0,0.0,0.0,0.0,0.0,0.0,0.0,0.0,0.0,0.0,0.0,0.0,0.0,0.0,0.0,0.0,0.0,0.0,0.0,5.788E-4,0.0,30580.0,115300.0,101400.0,45930.0,1.922E7,45400.0,24840.0,39700.0,23080.0,18730.0,0.0,9.647999999999999E-37,6.9999999999999994E-37,3.947E-36,3.8140000000000005E-36,1.4670000000000002E-36,1.5959999999999999E-37,1.783E-38,3.806E-39,7.234E-39,4.025E-38,2.08E-35,0.0,0.3394,0.6784,2.726,1.396,0.1841,0.06064,0.0062,0.002495,0.01093,0.01769,0.0,0.0,0.00104,1.099E-4,9.831E-5,0.995,7.456E-4,3.724E-4,0.001268,6.849E-4,6.577E-4,0.0,0.01115,0.004761,0.005397,0.004933,0.2112,0.01051,0.001613,7.496E-4,0.001425,7.746E-4,
0.0,1451.0,99.66,237.1,143.0,0.1535,5.63,0.3109,0.1699,0.9905,1.288,0.0,343.8,0.09076,0.9683,0.06881,0.09294,0.3961,0.0874,0.984,2.62,11.69,0.0,343.8,0.09076,0.9683,0.06881,0.09294,0.3961,0.0874,0.984,2.62,11.69,0.0,0.0,0.0,0.0,0.0,0.0,0.0,0.0,0.0,0.0,0.0,0.0,0.0,486.5,119.6,63.91,770.6,204.2,3.898,5.474,4.197,2.757,0.0,73.43,7.834,20.08,46.33,32.18,1.223,0.4373,0.1201,0.05693,0.1856,0.0,0.0,0.0,0.0,0.0,0.0,0.0,0.0,0.0,0.0,0.0,0.0,0.0,0.0,0.0,0.0,0.0,0.0,0.0,0.0,0.0,0.0,0.0,0.0,0.0,0.0,0.0,0.0,0.0,0.0,0.0,0.0,0.0,0.0,0.0,1.002E-4,0.0,30690.0,115800.0,99980.0,46980.0,1.902E7,46260.0,25380.0,40170.0,23120.0,19480.0,0.0,9.853E-37,6.09E-37,3.984E-36,3.8190000000000003E-36,1.466E-36,1.481E-37,1.7399999999999999E-38,3.9629999999999996E-39,5.907E-39,6.67E-38,2.08E-35,0.0,0.352,0.6417,2.738,1.4,0.1839,0.05796,0.006587,0.002638,0.01074,0.0266,0.0,0.0,0.001043,1.102E-4,9.863E-5,0.995,7.48E-4,3.736E-4,0.001272,6.872E-4,6.599E-4,0.0,0.01122,0.004741,0.005345,0.004879,0.2093,0.01064,0.001567,7.436E-4,0.001397,7.87E-4,
0.0,1449.0,104.5,233.4,141.5,0.1405,5.676,0.3145,0.1733,0.9917,1.286,0.0,343.8,0.1028,0.9409,0.07833,0.0929,0.3963,0.08699,0.9841,2.463,11.85,0.0,343.8,0.1028,0.9409,0.07833,0.0929,0.3963,0.08699,0.9841,2.463,11.85,0.0,0.0,0.0,0.0,0.0,0.0,0.0,0.0,0.0,0.0,0.0,0.0,0.0,487.8,119.1,64.2,765.8,203.9,3.862,5.474,4.236,2.763,0.0,73.03,9.237,22.6,45.67,32.19,1.172,0.4333,0.1178,0.05692,0.1856,0.0,0.0,0.0,0.0,0.0,0.0,0.0,0.0,0.0,0.0,0.0,0.0,0.0,0.0,0.0,0.0,0.0,0.0,0.0,0.0,0.0,0.0,0.0,0.0,0.0,0.0,0.0,0.0,0.0,0.0,0.0,0.0,0.0,0.0,0.0,1.0E-4,0.0,30730.0,116700.0,99710.0,49050.0,1.909E7,46390.0,26150.0,41020.0,23420.0,19690.0,0.0,9.495E-37,7.497E-37,3.933E-36,3.778E-36,1.466E-36,1.479E-37,1.738E-38,3.9699999999999995E-39,5.674E-39,3.971E-38,2.08E-35,0.0,0.3392,0.6914,2.709,1.4,0.1839,0.05793,0.006578,0.002648,0.01075,0.01764,0.0,0.0,0.001048,1.107E-4,9.908E-5,0.995,7.514E-4,3.753E-4,0.001278,6.903E-4,6.629E-4,0.0,0.01125,0.004741,0.00533,0.004895,0.2093,0.0106,0.001581,7.328E-4,0.001402,7.831E-4,
0.0,1449.0,101.7,234.1,134.6,0.1311,5.716,0.3087,0.1856,0.9965,1.286,0.0,343.8,0.09019,0.9545,0.07604,0.0928,0.4003,0.08865,1.004,2.996,11.3,0.0,343.8,0.09019,0.9545,0.07604,0.0928,0.4003,0.08865,1.004,2.996,11.3,0.0,0.0,0.0,0.0,0.0,0.0,0.0,0.0,0.0,0.0,0.0,0.0,0.0,489.9,118.1,64.27,765.9,203.4,3.851,5.582,4.342,2.789,0.0,73.03,7.327,22.18,56.5,32.18,1.66,0.434,0.1172,0.05701,0.1856,0.0,0.0,0.0,0.0,0.0,0.0,0.0,0.0,0.0,0.0,0.0,0.0,0.0,0.0,0.0,0.0,0.0,0.0,0.0,0.0,0.0,0.0,0.0,0.0,0.0,0.0,0.0,0.0,0.0,0.0,0.0,0.0,0.0,0.0,0.0,5.311E-4,0.0,30740.0,118400.0,97050.0,51100.0,1.976E7,46200.0,27030.0,42550.0,23890.0,20140.0,0.0,9.495E-37,6.044E-37,3.979E-36,3.798E-36,1.466E-36,1.764E-37,1.734E-38,4.0079999999999996E-39,5.475E-39,3.941E-38,2.08E-35,0.0,0.3392,0.6475,2.725,1.422,0.1839,0.06401,0.006525,0.002755,0.0108,0.01765,0.0,0.0,0.001048,1.107E-4,9.908E-5,0.995,7.514E-4,3.753E-4,0.001278,6.903E-4,6.629E-4,0.0,0.01125,0.004737,0.00532,0.004886,0.2094,0.01062,0.00159,7.315E-4,0.001403,7.795E-4,
0.0,1440.0,115.8,221.4,138.6,2.682,6.319,0.3069,0.1858,1.088,3.859,0.0,343.8,0.1219,0.9157,0.07173,0.09571,0.3994,0.08654,0.9891,2.14,12.18,0.0,343.8,0.1219,0.9157,0.07173,0.09571,0.3994,0.08654,0.9891,2.14,12.18,0.0,0.0,0.0,0.0,0.0,0.0,0.0,0.0,0.0,0.0,0.0,0.0,0.0,491.2,118.8,65.7,765.0,204.0,3.856,5.64,4.487,3.512,0.0,71.63,7.281,20.17,53.81,33.87,2.661,0.4366,0.1175,0.05718,0.1525,0.0,0.0,0.0,0.0,0.0,0.0,0.0,0.0,0.0,0.0,0.0,0.0,0.0,0.0,0.0,0.0,0.0,0.0,0.0,0.0,0.0,0.0,0.0,0.0,0.0,0.0,0.0,0.0,0.0,0.0,0.0,0.0,0.0,0.0,0.0,1.001E-4,0.0,30750.0,121000.0,96810.0,56680.0,2.068E7,48320.0,27180.0,43530.0,24440.0,20740.0,0.0,8.403E-37,7.276E-37,3.78E-36,3.753E-36,1.5110000000000002E-36,1.8629999999999999E-37,1.732E-38,4.0159999999999996E-39,7.048E-39,8.446E-38,2.08E-35,0.0,0.3022,0.7339,2.618,1.42,0.2113,0.07324,0.006533,0.002758,0.01146,0.03406,0.0,0.0,0.001048,1.107E-4,9.908E-5,0.995,7.514E-4,3.753E-4,0.001278,6.903E-4,6.629E-4,0.0,0.01126,0.004768,0.005252,0.004871,0.209,0.01059,0.001605,7.197E-4,0.00141,8.817E-4,
0.0,1440.0,112.4,226.2,137.3,0.1325,5.944,0.3137,0.1849,1.091,3.809,0.0,343.8,0.08975,0.9369,0.06566,0.1118,0.3989,0.08583,0.9893,2.141,12.18,0.0,343.8,0.08975,0.9369,0.06566,0.1118,0.3989,0.08583,0.9893,2.141,12.18,0.0,0.0,0.0,0.0,0.0,0.0,0.0,0.0,0.0,0.0,0.0,0.0,0.0,493.5,120.2,58.92,767.2,202.4,3.827,5.721,4.637,3.71,0.0,71.63,7.027,17.15,61.27,31.95,2.709,0.4311,0.1182,0.05745,0.06014,0.0,0.0,0.0,0.0,0.0,0.0,0.0,0.0,0.0,0.0,0.0,0.0,0.0,0.0,0.0,0.0,0.0,0.0,0.0,0.0,0.0,0.0,0.0,0.0,0.0,0.0,0.0,0.0,0.0,0.0,0.0,0.0,0.0,0.0,0.0,4.793E-4,0.0,30750.0,120700.0,94860.0,51850.0,2.175E7,48840.0,26280.0,43710.0,24870.0,21480.0,0.0,8.403E-37,6.0179999999999995E-37,3.829E-36,3.748E-36,1.5370000000000002E-36,2.199E-37,1.734E-38,4.055E-39,6.908E-39,8.321E-38,2.08E-35,0.0,0.3022,0.6891,2.64,1.453,0.1986,0.07253,0.006532,0.002755,0.01149,0.03337,0.0,0.0,0.001048,1.107E-4,9.908E-5,0.995,7.514E-4,3.753E-4,0.001278,6.903E-4,6.629E-4,0.0,0.01126,0.004754,0.005272,0.004802,0.2093,0.01056,0.001595,7.451E-4,0.001416,8.836E-4,
0.0,1433.0,121.5,220.4,127.8,0.1682,6.653,0.3248,0.1887,1.1,3.831,0.0,343.8,0.1092,0.9378,0.06027,0.09918,0.395,0.0858,0.988,2.143,12.17,0.0,343.8,0.1092,0.9378,0.06027,0.09918,0.395,0.0858,0.988,2.143,12.17,0.0,0.0,0.0,0.0,0.0,0.0,0.0,0.0,0.0,0.0,0.0,0.0,0.0,495.5,120.9,60.51,772.5,199.0,3.858,6.045,5.075,3.761,0.0,70.58,6.301,13.62,79.05,31.81,1.938,0.6222,0.3643,0.05784,0.05943,0.0,0.0,0.0,0.0,0.0,0.0,0.0,0.0,0.0,0.0,0.0,0.0,0.0,0.0,0.0,0.0,0.0,0.0,0.0,0.0,0.0,0.0,0.0,0.0,0.0,0.0,0.0,0.0,0.0,0.0,0.0,0.0,0.0,0.0,0.0,1.0E-4,0.0,30790.0,124900.0,91190.0,53000.0,2.31E7,49770.0,26390.0,45040.0,25760.0,22280.0,0.0,7.580999999999999E-37,6.54E-37,3.824E-36,3.78E-36,1.4670000000000002E-36,1.879E-37,2.104E-38,8.785999999999999E-39,6.885E-39,8.318E-38,2.08E-35,0.0,0.2727,0.7319,2.633,1.461,0.1802,0.07145,0.007373,0.003769,0.01158,0.03362,0.0,0.0,0.001048,1.107E-4,9.908E-5,0.995,7.514E-4,3.753E-4,0.001278,6.903E-4,6.629E-4,0.0,0.01129,0.004767,0.005256,0.004855,0.2094,0.01043,0.00162,7.312E-4,0.001427,8.888E-4,
0.0,1425.0,113.8,236.5,130.6,0.1459,5.966,0.3511,0.2192,1.08,3.853,0.0,343.8,0.09549,0.9445,0.06356,0.09892,0.3818,0.08684,0.9885,2.108,12.21,0.0,343.8,0.09549,0.9445,0.06356,0.09892,0.3818,0.08684,0.9885,2.108,12.21,0.0,0.0,0.0,0.0,0.0,0.0,0.0,0.0,0.0,0.0,0.0,0.0,0.0,497.0,124.3,60.79,780.0,197.7,3.892,6.253,5.259,3.853,0.0,75.77,6.127,15.28,63.11,31.77,8.591,0.6011,0.34,0.05828,0.06115,0.0,0.0,0.0,0.0,0.0,0.0,0.0,0.0,0.0,0.0,0.0,0.0,0.0,0.0,0.0,0.0,0.0,0.0,0.0,0.0,0.0,0.0,0.0,0.0,0.0,0.0,0.0,0.0,0.0,0.0,0.0,0.0,0.0,0.0,0.0,4.126E-4,0.0,32030.0,122900.0,87290.0,50900.0,2.462E7,53680.0,27020.0,47090.0,26930.0,23300.0,0.0,7.222E-37,5.91E-37,3.875E-36,3.5430000000000004E-36,1.4670000000000002E-36,3.375E-37,2.103E-38,8.839999999999999E-39,6.726E-39,8.307E-38,2.08E-35,0.0,0.2738,0.6825,2.69,1.397,0.1799,0.1002,0.007423,0.003827,0.01138,0.03391,0.0,0.0,0.001048,1.107E-4,9.908E-5,0.995,7.514E-4,3.753E-4,0.001278,6.903E-4,6.629E-4,0.0,0.01143,0.00469,0.005254,0.004784,0.2094,0.01031,0.001622,7.384E-4,0.00144,8.802E-4,
0.0,1425.0,113.6,236.0,132.3,0.1429,6.931,0.3498,0.2183,1.078,3.853,0.0,343.8,0.09541,0.9204,0.07388,0.09889,0.3926,0.234,0.9831,2.005,12.17,0.0,343.8,0.09541,0.9204,0.07388,0.09889,0.3926,0.234,0.9831,2.005,12.17,0.0,0.0,0.0,0.0,0.0,0.0,0.0,0.0,0.0,0.0,0.0,0.0,0.0,502.9,124.4,60.79,775.2,197.7,3.851,6.207,5.244,3.847,0.0,75.77,6.1,13.51,70.86,31.76,0.8547,0.4258,0.1187,0.0576,0.05998,0.0,0.0,0.0,0.0,0.0,0.0,0.0,0.0,0.0,0.0,0.0,0.0,0.0,0.0,0.0,0.0,0.0,0.0,0.0,0.0,0.0,0.0,0.0,0.0,0.0,0.0,0.0,0.0,0.0,0.0,0.0,0.0,0.0,0.0,0.0,3.965E-4,0.0,32070.0,125500.0,87700.0,49730.0,2.628E7,54670.0,28030.0,49580.0,28200.0,24530.0,0.0,7.224E-37,5.901E-37,3.8460000000000005E-36,3.677E-36,1.4670000000000002E-36,2.117E-37,2.239E-38,1.06E-38,6.539999999999999E-39,8.248E-38,2.08E-35,0.0,0.2739,0.6813,2.67,1.442,0.1799,0.07541,0.007768,0.004229,0.01136,0.03391,0.0,0.0,0.001048,1.107E-4,9.908E-5,0.995,7.514E-4,3.753E-4,0.001278,6.903E-4,6.629E-4,0.0,0.01145,0.004683,0.005272,0.004759,0.2095,0.01011,0.001628,7.459E-4,0.001429,8.746E-4,
0.0,1415.0,124.2,235.7,138.8,0.1273,4.932,0.3384,0.3296,0.956,3.851,0.0,343.8,0.09334,0.9398,0.07789,0.0989,0.3792,0.234,1.012,2.354,11.78,0.0,343.8,0.09334,0.9398,0.07789,0.0989,0.3792,0.234,1.012,2.354,11.78,0.0,0.0,0.0,0.0,0.0,0.0,0.0,0.0,0.0,0.0,0.0,0.0,0.0,504.8,124.4,60.95,771.3,197.4,3.855,6.251,5.296,3.856,0.0,74.11,6.132,16.92,62.88,31.78,0.8361,0.4366,0.1281,0.05735,0.0613,0.0,0.0,0.0,0.0,0.0,0.0,0.0,0.0,0.0,0.0,0.0,0.0,0.0,0.0,0.0,0.0,0.0,0.0,0.0,0.0,0.0,0.0,0.0,0.0,0.0,0.0,0.0,0.0,0.0,0.0,0.0,0.0,0.0,0.0,0.0,3.856E-4,0.0,32070.0,128800.0,89620.0,49050.0,2.802E7,56030.0,29260.0,54320.0,27670.0,26040.0,0.0,6.437E-37,5.905E-37,3.856E-36,3.696E-36,1.4670000000000002E-36,1.4009999999999999E-37,2.173E-38,1.008E-38,6.153E-39,8.194E-38,2.08E-35,0.0,0.2504,0.7126,2.68,1.442,0.1799,0.0551,0.00764,0.005322,0.01009,0.03392,0.0,0.0,0.001048,1.107E-4,9.908E-5,0.995,7.514E-4,3.753E-4,0.001278,6.903E-4,6.629E-4,0.0,0.01145,0.004688,0.005257,0.00475,0.2096,0.01011,0.001631,0.001232,9.482E-4,8.901E-4,
0.0,1415.0,115.4,245.3,141.0,0.1139,4.918,0.341,0.3366,3.549,1.259,0.0,343.8,0.09338,0.9379,0.06623,0.1124,0.3773,0.238,1.023,2.632,11.49,0.0,343.8,0.09338,0.9379,0.06623,0.1124,0.3773,0.238,1.023,2.632,11.49,0.0,0.0,0.0,0.0,0.0,0.0,0.0,0.0,0.0,0.0,0.0,0.0,0.0,504.4,125.0,60.86,769.3,196.5,3.854,6.291,6.799,2.168,0.0,74.11,5.997,13.93,63.03,31.8,0.8324,0.4348,0.1218,0.05738,0.05278,0.0,0.0,0.0,0.0,0.0,0.0,0.0,0.0,0.0,0.0,0.0,0.0,0.0,0.0,0.0,0.0,0.0,0.0,0.0,0.0,0.0,0.0,0.0,0.0,0.0,0.0,0.0,0.0,0.0,0.0,0.0,0.0,0.0,0.0,0.0,1.0E-4,0.0,32170.0,126100.0,102600.0,48640.0,2.781E7,57210.0,29930.0,54740.0,28080.0,25090.0,0.0,6.438E-37,5.883E-37,3.784E-36,3.7230000000000004E-36,1.492E-36,1.395E-37,2.174E-38,1.008E-38,6.805E-38,1.945E-38,2.08E-35,0.0,0.2505,0.6803,2.674,1.457,0.2031,0.05483,0.007642,0.005329,0.03131,0.01276,0.0,0.0,0.001048,1.107E-4,9.908E-5,0.995,7.514E-4,3.753E-4,0.001278,6.903E-4,6.629E-4,0.0,0.01149,0.004665,0.005265,0.004763,0.2096,0.00998,0.001633,0.00124,0.001168,6.729E-4,
0.0,1415.0,118.4,239.0,137.8,0.2597,4.887,0.3395,0.3396,3.549,1.261,0.0,343.8,0.09324,0.9565,0.06726,0.09743,0.3709,0.2359,1.025,2.63,11.49,0.0,343.8,0.09324,0.9565,0.06726,0.09743,0.3709,0.2359,1.025,2.63,11.49,0.0,0.0,0.0,0.0,0.0,0.0,0.0,0.0,0.0,0.0,0.0,0.0,0.0,504.4,121.5,61.2,763.6,196.0,3.81,6.297,6.837,2.444,0.0,74.11,5.736,14.85,68.62,31.88,0.769,0.4311,0.1145,0.05079,0.05733,0.0,0.0,0.0,0.0,0.0,0.0,0.0,0.0,0.0,0.0,0.0,0.0,0.0,0.0,0.0,0.0,0.0,0.0,0.0,0.0,0.0,0.0,0.0,0.0,0.0,0.0,0.0,0.0,0.0,0.0,0.0,0.0,0.0,0.0,0.0,7.62E-4,0.0,32260.0,121500.0,91880.0,49990.0,2.681E7,53210.0,30160.0,54050.0,27400.0,25290.0,0.0,6.442E-37,6.503E-37,3.8390000000000004E-36,3.6390000000000004E-36,1.4460000000000002E-36,1.343E-37,2.122E-38,9.533E-39,6.686E-38,1.863E-38,2.08E-35,0.0,0.2506,0.7151,2.682,1.446,0.1723,0.05346,0.007576,0.005269,0.03121,0.01247,0.0,0.0,0.001048,1.107E-4,9.908E-5,0.995,7.514E-4,3.753E-4,0.001278,6.903E-4,6.629E-4,0.0,0.01159,0.004602,0.005219,0.004748,0.2095,0.009689,0.001641,0.001241,0.001164,6.78E-4,
0.0,1410.0,121.7,237.4,125.1,0.2213,4.903,0.3317,0.3404,3.549,1.261,0.0,343.8,0.08732,0.9086,0.1112,0.1038,0.3736,0.2364,1.027,1.523,12.6,0.0,343.8,0.08732,0.9086,0.1112,0.1038,0.3736,0.2364,1.027,1.523,12.6,0.0,0.0,0.0,0.0,0.0,0.0,0.0,0.0,0.0,0.0,0.0,0.0,0.0,504.2,136.1,49.68,760.5,196.5,3.428,6.358,6.897,2.498,0.0,73.21,5.611,27.25,70.83,33.67,2.029,0.3461,0.1139,0.05094,0.05754,0.0,0.0,0.0,0.0,0.0,0.0,0.0,0.0,0.0,0.0,0.0,0.0,0.0,0.0,0.0,0.0,0.0,0.0,0.0,0.0,0.0,0.0,0.0,0.0,0.0,0.0,0.0,0.0,0.0,0.0,0.0,0.0,0.0,0.0,0.0,1.0E-4,0.0,32260.0,121700.0,94780.0,51370.0,2.686E7,53320.0,30670.0,54710.0,27540.0,25310.0,0.0,5.922E-37,5.899E-37,3.8330000000000005E-36,3.554E-36,1.5300000000000002E-36,1.895E-37,1.907E-38,9.540999999999999E-39,6.64E-38,1.852E-38,2.08E-35,0.0,0.2304,0.6976,2.685,1.448,0.1917,0.06622,0.007401,0.005279,0.03122,0.01247,0.0,0.0,0.001048,1.107E-4,9.908E-5,0.995,7.514E-4,3.753E-4,0.001278,6.903E-4,6.629E-4,0.0,0.01158,0.004574,0.005735,0.004217,0.2093,0.00957,0.001625,0.001247,0.001161,6.793E-4,
0.0,1411.0,118.1,240.9,125.2,0.2167,4.862,0.3311,0.3394,3.554,1.256,0.0,343.8,0.0875,0.9383,0.08657,0.1021,0.3704,0.2356,1.027,1.474,12.65,0.0,343.8,0.0875,0.9383,0.08657,0.1021,0.3704,0.2356,1.027,1.474,12.65,0.0,0.0,0.0,0.0,0.0,0.0,0.0,0.0,0.0,0.0,0.0,0.0,0.0,503.8,135.0,52.93,762.7,194.3,3.612,6.416,6.968,2.512,0.0,78.69,5.478,20.72,71.73,34.01,0.3239,0.3742,0.1148,0.05145,0.05671,0.0,0.0,0.0,0.0,0.0,0.0,0.0,0.0,0.0,0.0,0.0,0.0,0.0,0.0,0.0,0.0,0.0,0.0,0.0,0.0,0.0,0.0,0.0,0.0,0.0,0.0,0.0,0.0,0.0,0.0,0.0,0.0,0.0,0.0,0.0,5.79E-4,0.0,32920.0,121100.0,88710.0,49120.0,2.722E7,52560.0,29080.0,53410.0,27340.0,25400.0,0.0,6.622E-37,5.7279999999999995E-37,3.8590000000000005E-36,3.525E-36,1.528E-36,1.157E-37,1.885E-38,9.527999999999999E-39,6.597E-38,1.825E-38,2.08E-35,0.0,0.2747,0.6918,2.689,1.421,0.1912,0.05012,0.007354,0.005275,0.03127,0.01241,0.0,0.0,0.001048,1.107E-4,9.908E-5,0.995,7.514E-4,3.753E-4,0.001278,6.903E-4,6.629E-4,0.0,0.01164,0.00451,0.005672,0.00428,0.2094,0.00938,0.001626,0.001241,0.001191,6.49E-4,
0.0,1414.0,113.8,236.3,118.8,0.5494,4.759,0.3502,0.375,5.784,0.7929,0.0,343.8,0.08962,0.91,0.1046,0.1183,0.3681,0.2361,1.032,1.453,12.65,0.0,343.8,0.08962,0.91,0.1046,0.1183,0.3681,0.2361,1.032,1.453,12.65,0.0,0.0,0.0,0.0,0.0,0.0,0.0,0.0,0.0,0.0,0.0,0.0,0.0,508.8,136.8,54.85,761.2,194.2,3.847,6.481,8.187,2.848,0.0,78.69,3.719,26.73,79.15,30.84,0.3392,0.3472,0.1146,0.04978,0.08612,0.0,0.0,0.0,0.0,0.0,0.0,0.0,0.0,0.0,0.0,0.0,0.0,0.0,0.0,0.0,0.0,0.0,0.0,0.0,0.0,0.0,0.0,0.0,0.0,0.0,0.0,0.0,0.0,0.0,0.0,0.0,0.0,0.0,0.0,0.0,1.001E-4,0.0,33020.0,123000.0,87860.0,47480.0,2.813E7,52880.0,28690.0,53800.0,27870.0,30940.0,0.0,7.697E-37,5.525E-37,3.87E-36,3.3950000000000004E-36,1.4760000000000001E-36,1.139E-37,1.933E-38,1.029E-38,1.162E-37,7.377E-39,2.08E-35,0.0,0.3053,0.6583,2.686,1.411,0.179,0.04955,0.007496,0.005569,0.04945,0.008904,0.0,0.0,0.001048,1.107E-4,9.908E-5,0.995,7.514E-4,3.753E-4,0.001278,6.903E-4,6.629E-4,0.0,0.01173,0.004501,0.005638,0.004109,0.2094,0.009162,0.001655,0.001238,0.001314,6.553E-4,
0.0,1415.0,113.0,237.7,122.9,0.5385,4.718,0.3501,0.3753,5.984,0.6106,0.0,343.8,0.08227,0.9145,0.08815,0.1191,0.3664,0.2348,1.03,1.496,12.62,0.0,343.8,0.08227,0.9145,0.08815,0.1191,0.3664,0.2348,1.03,1.496,12.62,0.0,0.0,0.0,0.0,0.0,0.0,0.0,0.0,0.0,0.0,0.0,0.0,0.0,511.5,141.1,52.83,762.5,193.6,3.872,6.595,8.492,2.73,0.0,78.69,2.986,18.88,82.06,30.34,0.3759,0.3504,0.1184,0.05276,0.08695,0.0,0.0,0.0,0.0,0.0,0.0,0.0,0.0,0.0,0.0,0.0,0.0,0.0,0.0,0.0,0.0,0.0,0.0,0.0,0.0,0.0,0.0,0.0,0.0,0.0,0.0,0.0,0.0,0.0,0.0,0.0,0.0,0.0,0.0,0.0,4.546E-4,0.0,33120.0,125900.0,87190.0,45120.0,2.937E7,53830.0,29050.0,55310.0,28910.0,31020.0,0.0,7.896E-37,5.327E-37,3.837E-36,3.3830000000000005E-36,1.474E-36,1.1339999999999999E-37,1.93E-38,1.03E-38,1.144E-37,3.6659999999999996E-39,2.08E-35,0.0,0.3155,0.6461,2.676,1.406,0.1785,0.04952,0.007518,0.005602,0.05114,0.007387,0.0,0.0,0.001048,1.107E-4,9.908E-5,0.995,7.514E-4,3.753E-4,0.001278,6.903E-4,6.629E-4,0.0,0.0118,0.004511,0.005656,0.004052,0.2094,0.00902,0.001654,0.00124,0.001324,6.483E-4,
0.0,1409.0,121.3,241.3,129.8,0.5603,4.765,0.3312,0.3756,0.7773,0.5694,0.0,343.8,0.08172,0.9358,0.08483,0.1184,0.3605,0.2356,1.034,1.395,12.7,0.0,343.8,0.08172,0.9358,0.08483,0.1184,0.3605,0.2356,1.034,1.395,12.7,0.0,0.0,0.0,0.0,0.0,0.0,0.0,0.0,0.0,0.0,0.0,0.0,0.0,511.3,142.8,52.55,766.1,192.1,4.018,7.9,9.681,2.695,0.0,82.13,2.888,18.1,71.44,30.34,0.6931,0.3489,0.1146,0.05168,0.1149,0.0,0.0,0.0,0.0,0.0,0.0,0.0,0.0,0.0,0.0,0.0,0.0,0.0,0.0,0.0,0.0,0.0,0.0,0.0,0.0,0.0,0.0,0.0,0.0,0.0,0.0,0.0,0.0,0.0,0.0,0.0,0.0,0.0,0.0,0.0,1.0E-4,0.0,34790.0,127900.0,88100.0,43010.0,3.082E7,53940.0,30350.0,57660.0,30130.0,31940.0,0.0,7.402E-37,5.519E-37,3.868E-36,3.378E-36,1.474E-36,1.122E-37,1.888E-38,1.013E-38,1.352E-38,3.4039999999999996E-39,2.08E-35,0.0,0.3026,0.6854,2.693,1.402,0.1788,0.04881,0.007377,0.005809,0.007317,0.007268,0.0,0.0,0.001048,1.107E-4,9.908E-5,0.995,7.514E-4,3.753E-4,0.001278,6.903E-4,6.629E-4,0.0,0.01183,0.004504,0.005599,0.00401,0.2093,0.009026,0.001662,0.001267,0.00135,6.474E-4,
0.0,1411.0,118.7,244.5,133.8,0.1492,9.959,0.3207,0.3217,0.7609,0.6359,0.0,343.8,0.08232,0.932,0.09546,0.119,0.5868,0.2406,1.071,1.392,12.42,0.0,343.8,0.08232,0.932,0.09546,0.119,0.5868,0.2406,1.071,1.392,12.42,0.0,0.0,0.0,0.0,0.0,0.0,0.0,0.0,0.0,0.0,0.0,0.0,0.0,514.1,142.4,54.27,768.1,195.0,5.08,4.881,7.435,3.969,0.0,82.13,3.259,17.78,59.52,30.73,0.2544,0.3482,0.1113,0.05025,0.1137,0.0,0.0,0.0,0.0,0.0,0.0,0.0,0.0,0.0,0.0,0.0,0.0,0.0,0.0,0.0,0.0,0.0,0.0,0.0,0.0,0.0,0.0,0.0,0.0,0.0,0.0,0.0,0.0,0.0,0.0,0.0,0.0,0.0,0.0,0.0,4.017E-4,0.0,34930.0,130400.0,90060.0,43630.0,3.246E7,54740.0,31440.0,59830.0,31160.0,32990.0,0.0,7.819E-37,5.314E-37,3.805E-36,3.278E-36,1.474E-36,2.2279999999999998E-37,1.942E-38,9.156E-39,1.279E-38,4.929E-39,2.08E-35,0.0,0.3292,0.6773,2.682,1.358,0.1788,0.08364,0.007367,0.005001,0.006993,0.007722,0.0,0.0,0.001048,1.107E-4,9.908E-5,0.995,7.514E-4,3.753E-4,0.001278,6.903E-4,6.629E-4,0.0,0.01189,0.004496,0.005553,0.004017,0.2094,0.008942,0.001682,0.001224,0.001322,6.75E-4,
0.0,1411.0,116.6,243.4,139.2,0.1288,4.747,0.2586,0.3244,0.7617,0.6062,0.0,343.8,0.08138,0.9409,0.1012,0.1212,0.7708,0.1026,0.6824,1.287,12.85,0.0,343.8,0.08138,0.9409,0.1012,0.1212,0.7708,0.1026,0.6824,1.287,12.85,0.0,0.0,0.0,0.0,0.0,0.0,0.0,0.0,0.0,0.0,0.0,0.0,0.0,516.7,145.1,49.8,767.6,198.3,3.847,4.414,7.342,4.023,0.0,82.13,3.924,14.98,74.17,20.35,0.2069,0.2829,0.037,0.02677,0.07401,0.0,0.0,0.0,0.0,0.0,0.0,0.0,0.0,0.0,0.0,0.0,0.0,0.0,0.0,0.0,0.0,0.0,0.0,0.0,0.0,0.0,0.0,0.0,0.0,0.0,0.0,0.0,0.0,0.0,0.0,0.0,0.0,0.0,0.0,0.0,1.0E-4,0.0,34970.0,143500.0,123700.0,33550.0,3.312E7,58580.0,26310.0,54650.0,29760.0,38100.0,0.0,7.82E-37,5.432E-37,3.764E-36,3.38E-36,1.4810000000000001E-36,9.812E-38,1.837E-38,9.063E-39,1.21E-38,3.605E-39,2.08E-35,0.0,0.3292,0.6749,2.659,1.408,0.1832,0.04779,0.007004,0.005096,0.007026,0.007343,0.0,0.0,0.001048,1.107E-4,9.908E-5,0.995,7.514E-4,3.753E-4,0.001278,6.903E-4,6.629E-4,0.0,0.01192,0.00463,0.005882,0.003879,0.2089,0.00901,0.001598,0.001147,0.001309,7.459E-4,
0.0,1412.0,113.7,240.4,144.3,0.6882,4.74,0.2574,0.3277,0.7655,0.5918,0.0,343.8,0.07898,0.9486,0.09938,0.1119,0.5338,0.1006,0.6827,1.672,12.71,0.0,343.8,0.07898,0.9486,0.09938,0.1119,0.5338,0.1006,0.6827,1.672,12.71,0.0,0.0,0.0,0.0,0.0,0.0,0.0,0.0,0.0,0.0,0.0,0.0,0.0,495.7,142.4,49.73,787.3,198.3,3.88,4.639,7.584,2.663,0.0,82.13,2.583,14.24,73.58,20.65,0.2083,0.2832,0.03695,0.02712,0.07236,0.0,0.0,0.0,0.0,0.0,0.0,0.0,0.0,0.0,0.0,0.0,0.0,0.0,0.0,0.0,0.0,0.0,0.0,0.0,0.0,0.0,0.0,0.0,0.0,0.0,0.0,0.0,0.0,0.0,0.0,0.0,0.0,0.0,0.0,0.0,1.0E-4,0.0,35030.0,108700.0,91310.0,32770.0,3.055E7,55730.0,24680.0,50830.0,27960.0,35530.0,0.0,7.918E-37,5.1309999999999994E-37,3.7760000000000006E-36,3.365E-36,1.453E-36,9.765E-38,1.822E-38,8.953E-39,1.161E-38,3.151E-39,2.08E-35,0.0,0.3399,0.6544,2.688,1.408,0.156,0.04763,0.006892,0.005002,0.006998,0.007128,0.0,0.0,0.001048,1.107E-4,9.908E-5,0.995,7.514E-4,3.753E-4,0.001278,6.903E-4,6.629E-4,0.0,0.01196,0.004173,0.005542,0.003846,0.2099,0.008984,0.001593,0.001158,0.001321,7.19E-4,
0.0,1400.0,123.5,241.5,143.1,1.732,4.721,0.2569,0.3287,0.7697,0.5912,0.0,343.8,0.06887,0.945,0.1022,0.1227,0.5333,0.0998,0.6833,2.053,12.33,0.0,343.8,0.06887,0.945,0.1022,0.1227,0.5333,0.0998,0.6833,2.053,12.33,0.0,0.0,0.0,0.0,0.0,0.0,0.0,0.0,0.0,0.0,0.0,0.0,0.0,492.4,145.9,49.99,782.8,197.3,4.052,4.961,7.803,2.931,0.0,80.11,4.408,17.19,71.46,20.68,0.2156,0.2843,0.03782,0.02717,0.07177,0.0,0.0,0.0,0.0,0.0,0.0,0.0,0.0,0.0,0.0,0.0,0.0,0.0,0.0,0.0,0.0,0.0,0.0,0.0,0.0,0.0,0.0,0.0,0.0,0.0,0.0,0.0,0.0,0.0,0.0,0.0,0.0,0.0,0.0,0.0,1.0E-4,0.0,35010.0,107300.0,92240.0,33150.0,2.955E7,55630.0,24990.0,50460.0,27660.0,35660.0,0.0,6.622E-37,6.115E-37,3.7740000000000004E-36,3.3440000000000005E-36,1.477E-36,9.712E-38,1.821E-38,8.962E-39,1.094E-38,3.137E-39,2.08E-35,0.0,0.2842,0.6957,2.676,1.413,0.1766,0.04755,0.006894,0.005014,0.007034,0.00711,0.0,0.0,0.001048,1.107E-4,9.908E-5,0.995,7.514E-4,3.753E-4,0.001278,6.903E-4,6.629E-4,0.0,0.01196,0.004171,0.005536,0.00387,0.2099,0.00897,0.001605,0.001178,0.001333,7.297E-4,
0.0,1400.0,124.2,244.1,145.3,1.533,5.669,0.2614,0.335,0.777,0.5953,0.0,343.8,0.0691,0.9421,0.1038,0.1246,0.5314,0.0991,0.6998,2.037,12.33,0.0,343.8,0.0691,0.9421,0.1038,0.1246,0.5314,0.0991,0.6998,2.037,12.33,0.0,0.0,0.0,0.0,0.0,0.0,0.0,0.0,0.0,0.0,0.0,0.0,0.0,493.8,148.9,51.08,780.9,191.2,4.183,5.99,8.568,3.494,0.0,80.11,2.39,16.24,66.56,21.46,0.2432,0.2853,0.03862,0.02757,0.07228,0.0,0.0,0.0,0.0,0.0,0.0,0.0,0.0,0.0,0.0,0.0,0.0,0.0,0.0,0.0,0.0,0.0,0.0,0.0,0.0,0.0,0.0,0.0,0.0,0.0,0.0,0.0,0.0,0.0,0.0,0.0,0.0,0.0,0.0,0.0,6.292E-4,0.0,35110.0,106700.0,92430.0,33680.0,2.949E7,55680.0,24870.0,50420.0,27810.0,35540.0,0.0,6.623E-37,4.822E-37,3.6910000000000004E-36,3.3500000000000004E-36,1.5E-36,1.235E-37,1.835E-38,9.119E-39,1.056E-38,3.2249999999999996E-39,2.08E-35,0.0,0.2843,0.6889,2.658,1.429,0.174,0.05546,0.006909,0.005062,0.007085,0.007142,0.0,0.0,0.001048,1.107E-4,9.908E-5,0.995,7.514E-4,3.753E-4,0.001278,6.903E-4,6.629E-4,0.0,0.01198,0.004228,0.005501,0.003883,0.2098,0.008857,0.001604,0.001198,0.001358,7.433E-4,
0.0,1400.0,122.9,242.2,143.6,0.877,9.699,0.3028,0.345,0.7979,0.6054,0.0,343.8,0.07109,0.9534,0.1219,0.1149,1.083,0.1025,0.7013,1.663,12.12,0.0,343.8,0.07109,0.9534,0.1219,0.1149,1.083,0.1025,0.7013,1.663,12.12,0.0,0.0,0.0,0.0,0.0,0.0,0.0,0.0,0.0,0.0,0.0,0.0,0.0,488.9,153.1,54.17,777.9,194.2,5.398,5.375,7.634,3.376,0.0,80.11,2.303,15.11,70.22,18.87,0.2472,0.2872,0.04588,0.0281,0.0735,0.0,0.0,0.0,0.0,0.0,0.0,0.0,0.0,0.0,0.0,0.0,0.0,0.0,0.0,0.0,0.0,0.0,0.0,0.0,0.0,0.0,0.0,0.0,0.0,0.0,0.0,0.0,0.0,0.0,0.0,0.0,0.0,0.0,0.0,0.0,6.306E-4,0.0,35220.0,265100.0,93320.0,41850.0,2.856E7,53770.0,24380.0,46990.0,24760.0,33580.0,0.0,6.626E-37,4.762E-37,3.7110000000000005E-36,3.231E-36,1.445E-36,2.325E-37,1.949E-38,9.450999999999999E-39,1.055E-38,3.596E-39,2.08E-35,0.0,0.2844,0.6813,2.668,1.406,0.1526,0.08777,0.007238,0.005169,0.007244,0.007258,0.0,0.0,0.007195,8.14E-5,4.325E-4,0.9892,6.119E-4,3.056E-4,0.001041,5.621E-4,5.398E-4,0.0,0.0121,0.005253,0.005504,0.00393,0.2085,0.008805,0.001645,0.001183,0.001347,7.356E-4,
0.0,1401.0,122.0,242.4,144.0,0.2183,4.378,0.1659,0.3249,0.77,0.5851,0.0,343.8,0.07148,0.9459,0.1105,0.1151,1.15,0.04604,0.8744,1.979,11.63,0.0,343.8,0.07148,0.9459,0.1105,0.1151,1.15,0.04604,0.8744,1.979,11.63,0.0,0.0,0.0,0.0,0.0,0.0,0.0,0.0,0.0,0.0,0.0,0.0,0.0,485.5,154.2,50.4,777.5,198.8,4.642,5.596,7.841,3.58,0.0,80.11,4.551,15.23,72.25,19.52,0.2732,0.2888,0.04749,0.02898,0.07443,0.0,0.0,0.0,0.0,0.0,0.0,0.0,0.0,0.0,0.0,0.0,0.0,0.0,0.0,0.0,0.0,0.0,0.0,0.0,0.0,0.0,0.0,0.0,0.0,0.0,0.0,0.0,0.0,0.0,0.0,0.0,0.0,0.0,0.0,0.0,1.001E-4,0.0,35270.0,91660.0,89810.0,42670.0,2.772E7,55930.0,23070.0,48180.0,25590.0,34230.0,0.0,6.728E-37,4.797E-37,3.6720000000000004E-36,3.3510000000000005E-36,1.445E-36,9.199E-38,1.783E-38,8.897999999999999E-39,9.311999999999999E-39,3.0979999999999996E-39,2.08E-35,0.0,0.2921,0.6827,2.661,1.44,0.1525,0.04754,0.005607,0.005029,0.007032,0.007107,0.0,0.0,3.09E-4,9.018E-5,4.792E-4,0.9957,6.779E-4,3.386E-4,0.001153,6.228E-4,5.98E-4,0.0,0.01214,0.004103,0.00552,0.003889,0.2094,0.009808,6.876E-4,0.001218,0.001359,7.476E-4,
0.0,1399.0,119.8,243.7,147.0,0.03024,6.655,0.1462,0.3171,0.7611,0.5844,0.0,343.8,0.06971,0.9486,0.1028,0.1617,1.091,0.04466,0.8744,2.089,11.52,0.0,343.8,0.06971,0.9486,0.1028,0.1617,1.091,0.04466,0.8744,2.089,11.52,0.0,0.0,0.0,0.0,0.0,0.0,0.0,0.0,0.0,0.0,0.0,0.0,0.0,486.4,156.5,49.71,801.3,185.6,4.492,5.116,8.204,3.93,0.0,79.74,4.793,11.71,66.33,23.97,0.4922,0.3015,0.04445,0.03911,0.07821,0.0,0.0,0.0,0.0,0.0,0.0,0.0,0.0,0.0,0.0,0.0,0.0,0.0,0.0,0.0,0.0,0.0,0.0,0.0,0.0,0.0,0.0,0.0,0.0,0.0,0.0,0.0,0.0,0.0,0.0,0.0,0.0,0.0,0.0,0.0,1.0E-4,0.0,35400.0,126100.0,222300.0,137400.0,2.521E7,638700.0,51370.0,21640.0,43030.0,34520.0,0.0,6.52E-37,4.834E-37,3.5630000000000005E-36,3.238E-36,1.5500000000000003E-36,1.4009999999999999E-37,1.769E-38,8.785E-39,8.761E-39,3.1969999999999996E-39,2.08E-35,0.0,0.2831,0.6675,2.639,1.406,0.1953,0.06184,0.005345,0.004877,0.006903,0.007119,0.0,0.0,0.001847,0.005118,0.004592,0.9598,0.02493,0.00157,8.244E-5,0.001404,6.617E-4,0.0,0.01222,0.004353,0.006311,0.004537,0.2034,0.01365,8.176E-4,0.00103,0.001494,7.595E-4,
0.0,1401.0,120.4,244.1,151.1,0.2523,3.796,0.1516,0.3271,0.7739,0.7245,0.0,343.8,0.07966,0.9766,0.1064,0.1487,1.063,0.1952,0.7293,2.24,11.35,0.0,343.8,0.07966,0.9766,0.1064,0.1487,1.063,0.1952,0.7293,2.24,11.35,0.0,0.0,0.0,0.0,0.0,0.0,0.0,0.0,0.0,0.0,0.0,0.0,0.0,488.3,156.1,49.93,810.2,165.4,4.085,6.26,9.786,5.137,0.0,79.74,4.383,11.24,70.1,16.59,0.258,0.2864,0.04193,0.02789,0.07299,0.0,0.0,0.0,0.0,0.0,0.0,0.0,0.0,0.0,0.0,0.0,0.0,0.0,0.0,0.0,0.0,0.0,0.0,0.0,0.0,0.0,0.0,0.0,0.0,0.0,0.0,0.0,0.0,0.0,0.0,0.0,0.0,0.0,0.0,0.0,4.024E-4,0.0,35580.0,90430.0,122100.0,43960.0,2.53E7,80060.0,16240.0,21620.0,44060.0,36360.0,0.0,6.787E-37,4.687E-37,3.577E-36,3.302E-36,1.4380000000000002E-36,8.024E-38,1.755E-38,8.996E-39,8.499999999999999E-39,5.2029999999999995E-39,2.08E-35,0.0,0.3016,0.6691,2.632,1.438,0.153,0.03814,0.005289,0.00494,0.006923,0.009542,0.0,0.0,3.266E-4,5.335E-4,5.181E-4,0.996,3.217E-4,3.173E-5,8.785E-5,0.001496,7.051E-4,0.0,0.01228,0.004113,0.005583,0.003904,0.2087,0.009405,5.716E-4,0.001051,0.001534,7.999E-4,
0.0,1401.0,116.6,239.2,130.4,6.742,8.489,0.2178,0.3474,0.7994,0.5919,0.0,343.8,0.07409,0.9047,0.1894,0.1478,1.329,0.2039,0.5607,3.355,10.12,0.0,343.8,0.07409,0.9047,0.1894,0.1478,1.329,0.2039,0.5607,3.355,10.12,0.0,0.0,0.0,0.0,0.0,0.0,0.0,0.0,0.0,0.0,0.0,0.0,0.0,485.2,158.8,51.21,808.0,170.2,5.546,5.705,7.635,3.799,0.0,79.74,3.658,18.29,79.24,16.8,1.892,0.4186,0.2046,0.03749,0.2119,0.0,0.0,0.0,0.0,0.0,0.0,0.0,0.0,0.0,0.0,0.0,0.0,0.0,0.0,0.0,0.0,0.0,0.0,0.0,0.0,0.0,0.0,0.0,0.0,0.0,0.0,0.0,0.0,0.0,0.0,0.0,0.0,0.0,0.0,0.0,5.098E-4,0.0,35620.0,88180.0,120500.0,42470.0,2.443E7,74130.0,16540.0,22180.0,46130.0,36530.0,0.0,6.926E-37,4.74E-37,3.5560000000000004E-36,3.111E-36,1.4380000000000002E-36,2.366E-37,1.999E-38,1.074E-38,8.488E-39,5.623E-39,2.08E-35,0.0,0.3067,0.6603,2.601,1.406,0.1803,0.07622,0.006258,0.005488,0.007092,0.009548,0.0,0.0,3.548E-4,5.796E-4,5.628E-4,0.9956,3.495E-4,3.447E-5,9.543E-5,0.001625,7.659E-4,0.0,0.01229,0.003955,0.005761,0.003814,0.2083,0.009462,5.974E-4,0.001061,0.001606,7.125E-4,
0.0,1401.0,123.7,232.2,139.1,6.73,3.363,0.1444,0.2977,0.7522,0.577,0.0,343.8,0.09991,0.9342,0.1122,0.1537,1.358,0.2044,0.4054,3.421,10.19,0.0,343.8,0.09991,0.9342,0.1122,0.1537,1.358,0.2044,0.4054,3.421,10.19,0.0,0.0,0.0,0.0,0.0,0.0,0.0,0.0,0.0,0.0,0.0,0.0,0.0,481.9,171.1,37.75,811.9,175.9,5.315,4.813,7.526,3.921,0.0,84.51,1.465,13.01,78.87,18.05,0.1692,0.2772,0.1415,0.02781,0.2039,0.0,0.0,0.0,0.0,0.0,0.0,0.0,0.0,0.0,0.0,0.0,0.0,0.0,0.0,0.0,0.0,0.0,0.0,0.0,0.0,0.0,0.0,0.0,0.0,0.0,0.0,0.0,0.0,0.0,0.0,0.0,0.0,0.0,0.0,0.0,1.0E-4,0.0,37870.0,87740.0,122100.0,37460.0,2.337E7,69360.0,16960.0,22820.0,45120.0,36380.0,0.0,7.282E-37,5.254E-37,3.445E-36,3.251E-36,1.456E-36,7.201E-38,1.663E-38,8.619E-39,7.029E-39,4.967E-39,2.08E-35,0.0,0.321,0.7207,2.527,1.441,0.189,0.0317,0.005348,0.004965,0.006683,0.009435,0.0,0.0,3.61E-4,5.898E-4,5.727E-4,0.9956,3.556E-4,3.508E-5,9.711E-5,0.001654,7.794E-4,0.0,0.01238,0.003932,0.005958,0.003503,0.2083,0.009462,6.156E-4,0.001059,0.001595,7.24E-4,
0.0,1401.0,114.3,234.7,136.7,6.781,6.301,0.3562,0.3508,0.8294,0.6541,0.0,343.8,0.07938,0.9412,0.159,0.156,0.828,0.08859,0.3523,2.716,11.56,0.0,343.8,0.07938,0.9412,0.159,0.156,0.828,0.08859,0.3523,2.716,11.56,0.0,0.0,0.0,0.0,0.0,0.0,0.0,0.0,0.0,0.0,0.0,0.0,0.0,498.3,159.2,39.86,811.9,177.3,4.213,4.927,6.997,3.528,0.0,84.51,1.504,14.67,76.25,23.38,0.1572,0.2769,0.1413,0.02748,0.2164,0.0,0.0,0.0,0.0,0.0,0.0,0.0,0.0,0.0,0.0,0.0,0.0,0.0,0.0,0.0,0.0,0.0,0.0,0.0,0.0,0.0,0.0,0.0,0.0,0.0,0.0,0.0,0.0,0.0,0.0,0.0,0.0,0.0,0.0,0.0,3.587E-4,0.0,37910.0,87530.0,125500.0,43660.0,2.298E7,67670.0,17310.0,23350.0,46180.0,41270.0,0.0,7.282E-37,4.568E-37,3.4910000000000004E-36,3.226E-36,1.3480000000000002E-36,1.291E-37,2.166E-38,9.944E-39,8.497E-39,6.281E-39,2.08E-35,0.0,0.321,0.6584,2.539,1.404,0.2378,0.05296,0.006563,0.005273,0.007159,0.009821,0.0,0.0,3.829E-4,6.255E-4,6.074E-4,0.9953,3.772E-4,3.721E-5,1.03E-4,0.001754,8.267E-4,0.0,0.0124,0.004001,0.005999,0.00371,0.2074,0.009422,6.191E-4,0.001058,0.001631,7.135E-4,
0.0,1397.0,119.1,232.2,132.8,6.77,8.183,0.5763,0.4013,0.9013,0.7373,0.0,343.8,0.07691,0.9135,0.2367,0.137,0.7014,0.1327,0.3612,2.86,11.45,0.0,343.8,0.07691,0.9135,0.2367,0.137,0.7014,0.1327,0.3612,2.86,11.45,0.0,0.0,0.0,0.0,0.0,0.0,0.0,0.0,0.0,0.0,0.0,0.0,0.0,504.0,158.5,42.11,814.0,174.8,3.874,4.416,6.954,2.442,0.0,83.71,1.568,15.66,76.52,25.57,0.166,0.2836,0.1542,0.03547,0.18,0.0,0.0,0.0,0.0,0.0,0.0,0.0,0.0,0.0,0.0,0.0,0.0,0.0,0.0,0.0,0.0,0.0,0.0,0.0,0.0,0.0,0.0,0.0,0.0,0.0,0.0,0.0,0.0,0.0,0.0,0.0,0.0,0.0,0.0,0.0,7.388E-4,0.0,37920.0,122500.0,119600.0,45280.0,2.219E7,58510.0,12250.0,17790.0,43210.0,31880.0,0.0,6.826E-37,4.594E-37,3.687E-36,3.149E-36,1.062E-36,1.9609999999999998E-37,2.643E-38,1.107E-38,1.0049999999999999E-38,7.965E-39,2.08E-35,0.0,0.3009,0.6737,2.562,1.394,0.199,0.0683,0.007744,0.005521,0.007604,0.009904,0.0,0.0,3.829E-4,6.255E-4,6.074E-4,0.9953,3.772E-4,3.721E-5,1.03E-4,0.001754,8.267E-4,0.0,0.01241,0.004468,0.005919,0.003716,0.2072,0.009332,5.57E-4,9.918E-4,0.001618,6.506E-4,
0.0,1386.0,136.0,215.0,121.6,7.94,3.261,0.5721,0.3833,0.9113,0.8756,0.0,343.8,0.1256,1.069,0.2187,0.1445,0.643,0.1293,0.415,2.857,11.26,0.0,343.8,0.1256,1.069,0.2187,0.1445,0.643,0.1293,0.415,2.857,11.26,0.0,0.0,0.0,0.0,0.0,0.0,0.0,0.0,0.0,0.0,0.0,0.0,0.0,498.4,155.0,42.11,825.6,171.5,4.689,5.215,7.355,4.342,0.0,81.75,5.586,15.01,98.89,26.69,0.1777,0.2864,0.1575,0.04063,0.8888,0.0,0.0,0.0,0.0,0.0,0.0,0.0,0.0,0.0,0.0,0.0,0.0,0.0,0.0,0.0,0.0,0.0,0.0,0.0,0.0,0.0,0.0,0.0,0.0,0.0,0.0,0.0,0.0,0.0,0.0,0.0,0.0,0.0,0.0,0.0,1.0E-4,0.0,39560.0,86510.0,99780.0,45640.0,2.231E7,56050.0,13350.0,19080.0,44000.0,33830.0,0.0,5.758E-37,5.863E-37,4.043E-36,3.21E-36,6.828E-37,7.412E-38,2.661E-38,1.136E-38,1.227E-38,3.454E-38,2.08E-35,0.0,0.2538,0.7719,2.487,1.457,0.1564,0.03337,0.007855,0.005773,0.01014,0.03788,0.0,0.0,3.829E-4,6.255E-4,6.074E-4,0.9953,3.772E-4,3.721E-5,1.03E-4,0.001754,8.267E-4,0.0,0.01243,0.004018,0.005294,0.00371,0.2082,0.009234,5.809E-4,0.001014,0.001645,7.78E-4,
0.0,1382.0,135.2,224.5,118.6,6.761,7.514,0.575,0.3859,0.9062,0.7574,0.0,343.8,0.1069,0.9975,0.1983,0.1391,0.4957,0.1456,0.3933,2.877,11.5,0.0,343.8,0.1069,0.9975,0.1983,0.1391,0.4957,0.1456,0.3933,2.877,11.5,0.0,0.0,0.0,0.0,0.0,0.0,0.0,0.0,0.0,0.0,0.0,0.0,0.0,501.3,152.2,44.51,818.5,170.3,5.595,6.112,7.735,4.829,0.0,80.88,3.805,11.32,99.17,26.61,0.1902,0.2901,0.1611,0.03755,0.8488,0.0,0.0,0.0,0.0,0.0,0.0,0.0,0.0,0.0,0.0,0.0,0.0,0.0,0.0,0.0,0.0,0.0,0.0,0.0,0.0,0.0,0.0,0.0,0.0,0.0,0.0,0.0,0.0,0.0,0.0,0.0,0.0,0.0,0.0,0.0,1.095E-4,0.0,39630.0,86720.0,97320.0,45110.0,2.293E7,56490.0,15280.0,21150.0,46230.0,36170.0,0.0,5.491E-37,4.609E-37,4.101E-36,3.052E-36,6.633E-37,1.88E-37,2.661E-38,1.121E-38,9.919999999999999E-39,1.455E-38,2.08E-35,0.0,0.2492,0.7372,2.576,1.4,0.1473,0.0681,0.007793,0.005543,0.007843,0.01649,0.0,0.0,3.829E-4,6.255E-4,6.074E-4,0.9953,3.772E-4,3.721E-5,1.03E-4,0.001754,8.267E-4,0.0,0.01246,0.004001,0.005295,0.003712,0.208,0.009259,6.237E-4,0.001051,0.00169,7.992E-4,
0.0,1382.0,135.7,222.8,127.5,0.118,3.66,0.5769,0.3921,0.8974,0.7495,0.0,343.8,0.1245,0.9797,0.1966,0.1391,0.4941,0.1354,0.3763,2.948,11.46,0.0,343.8,0.1245,0.9797,0.1966,0.1391,0.4941,0.1354,0.3763,2.948,11.46,0.0,0.0,0.0,0.0,0.0,0.0,0.0,0.0,0.0,0.0,0.0,0.0,0.0,487.9,167.0,47.73,819.7,168.5,5.721,6.193,7.634,4.839,0.0,80.88,4.337,11.67,93.97,33.24,0.2055,0.2913,0.1622,0.03787,0.8489,0.0,0.0,0.0,0.0,0.0,0.0,0.0,0.0,0.0,0.0,0.0,0.0,0.0,0.0,0.0,0.0,0.0,0.0,0.0,0.0,0.0,0.0,0.0,0.0,0.0,0.0,0.0,0.0,0.0,0.0,0.0,0.0,0.0,0.0,0.0,1.0E-4,0.0,39650.0,86750.0,96140.0,45210.0,2.404E7,54880.0,15080.0,20880.0,48190.0,36590.0,0.0,5.491E-37,4.995E-37,4.0580000000000004E-36,3.139E-36,6.633E-37,8.577E-38,2.665E-38,1.132E-38,9.709E-39,1.432E-38,2.08E-35,0.0,0.2492,0.7658,2.549,1.426,0.1473,0.03698,0.007841,0.005636,0.007863,0.01623,0.0,0.0,3.829E-4,6.255E-4,6.074E-4,0.9953,3.772E-4,3.721E-5,1.03E-4,0.001754,8.267E-4,0.0,0.01247,0.003985,0.00531,0.003731,0.208,0.009131,6.149E-4,0.001067,0.001688,7.884E-4,
0.0,1380.0,138.2,224.3,128.2,3.111,3.676,0.5791,0.3958,0.9002,0.7471,0.0,343.8,0.1223,0.957,0.21,0.1403,0.4911,0.1354,0.3773,3.233,11.17,0.0,343.8,0.1223,0.957,0.21,0.1403,0.4911,0.1354,0.3773,3.233,11.17,0.0,0.0,0.0,0.0,0.0,0.0,0.0,0.0,0.0,0.0,0.0,0.0,0.0,467.7,167.9,47.92,843.8,167.9,5.81,6.282,7.671,5.146,0.0,80.2,4.194,12.84,87.41,33.25,0.1824,0.2897,0.1604,0.03729,0.7662,0.0,0.0,0.0,0.0,0.0,0.0,0.0,0.0,0.0,0.0,0.0,0.0,0.0,0.0,0.0,0.0,0.0,0.0,0.0,0.0,0.0,0.0,0.0,0.0,0.0,0.0,0.0,0.0,0.0,0.0,0.0,0.0,0.0,0.0,0.0,4.458E-4,0.0,39730.0,86310.0,95920.0,45530.0,2.543E7,53930.0,15300.0,21020.0,50680.0,37740.0,0.0,5.321E-37,4.584E-37,4.063E-36,3.0800000000000004E-36,7.234E-37,8.545E-38,2.666E-38,1.132E-38,9.435999999999999E-39,1.369E-38,2.08E-35,0.0,0.248,0.7356,2.539,1.407,0.202,0.03691,0.007845,0.005654,0.007864,0.01557,0.0,0.0,3.829E-4,6.255E-4,6.074E-4,0.9953,3.772E-4,3.721E-5,1.03E-4,0.001754,8.267E-4,0.0,0.01252,0.00362,0.005321,0.003715,0.2084,0.009063,6.166E-4,0.001073,0.00169,7.813E-4,
0.0,1381.0,146.5,214.7,136.8,3.202,3.679,0.5798,0.399,0.9,0.7451,0.0,343.8,0.1373,0.9455,0.2005,0.1418,0.4867,0.1355,0.5291,3.282,10.98,0.0,343.8,0.1373,0.9455,0.2005,0.1418,0.4867,0.1355,0.5291,3.282,10.98,0.0,0.0,0.0,0.0,0.0,0.0,0.0,0.0,0.0,0.0,0.0,0.0,0.0,469.7,167.8,48.33,844.6,167.9,5.811,6.292,7.658,5.147,0.0,80.2,3.66,16.23,71.46,37.63,0.1672,0.289,0.1596,0.03783,0.7742,0.0,0.0,0.0,0.0,0.0,0.0,0.0,0.0,0.0,0.0,0.0,0.0,0.0,0.0,0.0,0.0,0.0,0.0,0.0,0.0,0.0,0.0,0.0,0.0,0.0,0.0,0.0,0.0,0.0,0.0,0.0,0.0,0.0,0.0,0.0,1.049E-4,0.0,39880.0,86760.0,99640.0,47580.0,2.703E7,53280.0,15960.0,21730.0,53740.0,39920.0,0.0,5.447E-37,4.844E-37,3.9940000000000005E-36,3.075E-36,7.382E-37,8.51E-38,2.666E-38,1.131E-38,9.253999999999999E-39,1.364E-38,2.08E-35,0.0,0.2549,0.7922,2.465,1.401,0.2158,0.03678,0.007845,0.005675,0.007889,0.01552,0.0,0.0,3.829E-4,6.255E-4,6.074E-4,0.9953,3.772E-4,3.721E-5,1.03E-4,0.001754,8.267E-4,0.0,0.0126,0.003607,0.005326,0.003709,0.2084,0.008896,6.165E-4,0.001081,0.00171,7.739E-4,
0.0,1381.0,143.5,205.3,151.1,2.999,4.609,0.5782,0.4049,0.9019,0.7459,0.0,343.8,0.1325,0.962,0.1912,0.1397,0.485,0.1318,0.488,3.097,11.2,0.0,343.8,0.1325,0.962,0.1912,0.1397,0.485,0.1318,0.488,3.097,11.2,0.0,0.0,0.0,0.0,0.0,0.0,0.0,0.0,0.0,0.0,0.0,0.0,0.0,466.4,170.6,48.16,847.7,167.0,5.923,6.489,7.77,5.154,0.0,80.2,3.02,22.25,64.06,36.16,0.3103,0.2888,0.1594,0.03774,0.7747,0.0,0.0,0.0,0.0,0.0,0.0,0.0,0.0,0.0,0.0,0.0,0.0,0.0,0.0,0.0,0.0,0.0,0.0,0.0,0.0,0.0,0.0,0.0,0.0,0.0,0.0,0.0,0.0,0.0,0.0,0.0,0.0,0.0,0.0,0.0,1.044E-4,0.0,39960.0,87970.0,102300.0,48310.0,2.873E7,52220.0,16750.0,22630.0,56810.0,41820.0,0.0,5.559E-37,4.707E-37,3.9940000000000005E-36,3.056E-36,7.285E-37,9.906E-38,2.665E-38,1.13E-38,9.174E-39,1.364E-38,2.08E-35,0.0,0.2635,0.7625,2.487,1.4,0.2085,0.04399,0.007831,0.005731,0.00788,0.01554,0.0,0.0,3.829E-4,6.255E-4,6.074E-4,0.9953,3.772E-4,3.721E-5,1.03E-4,0.001754,8.267E-4,0.0,0.01266,0.003572,0.005346,0.003701,0.2083,0.008767,6.229E-4,0.001075,0.001703,7.837E-4,
0.0,1376.0,143.0,206.5,161.4,3.349,6.886,0.5786,0.4039,0.9038,0.7453,0.0,343.8,0.1259,0.9647,0.1967,0.1393,0.4816,0.1316,0.409,2.894,11.49,0.0,343.8,0.1259,0.9647,0.1967,0.1393,0.4816,0.1316,0.409,2.894,11.49,0.0,0.0,0.0,0.0,0.0,0.0,0.0,0.0,0.0,0.0,0.0,0.0,0.0,464.9,175.2,47.85,848.1,166.6,5.975,6.512,7.815,5.16,0.0,79.27,5.307,22.36,52.76,33.44,3.801,0.2888,0.1594,0.03857,0.7742,0.0,0.0,0.0,0.0,0.0,0.0,0.0,0.0,0.0,0.0,0.0,0.0,0.0,0.0,0.0,0.0,0.0,0.0,0.0,0.0,0.0,0.0,0.0,0.0,0.0,0.0,0.0,0.0,0.0,0.0,0.0,0.0,0.0,0.0,0.0,1.04E-4,0.0,40020.0,90690.0,106400.0,47850.0,3.052E7,52600.0,17560.0,23670.0,60080.0,43980.0,0.0,5.13E-37,4.474E-37,3.992E-36,2.955E-36,7.181E-37,2.153E-37,2.665E-38,1.129E-38,8.91E-39,1.363E-38,2.08E-35,0.0,0.2433,0.7534,2.5,1.386,0.203,0.07528,0.007834,0.005722,0.007889,0.01555,0.0,0.0,3.829E-4,6.255E-4,6.074E-4,0.9953,3.772E-4,3.721E-5,1.03E-4,0.001754,8.267E-4,0.0,0.01269,0.00358,0.00537,0.00368,0.2084,0.008682,6.178E-4,0.00108,0.001705,7.824E-4,
0.0,1377.0,123.7,225.0,169.4,3.348,4.878,0.581,0.406,1.208,0.4413,0.0,343.8,0.1189,0.9636,0.1956,0.1488,0.4776,0.1308,0.407,2.809,11.57,0.0,343.8,0.1189,0.9636,0.1956,0.1488,0.4776,0.1308,0.407,2.809,11.57,0.0,0.0,0.0,0.0,0.0,0.0,0.0,0.0,0.0,0.0,0.0,0.0,0.0,479.8,164.1,48.27,845.5,164.9,5.537,5.987,7.574,4.457,0.0,79.27,4.987,21.46,47.67,34.2,2.606,0.2862,0.1568,0.03361,0.7606,0.0,0.0,0.0,0.0,0.0,0.0,0.0,0.0,0.0,0.0,0.0,0.0,0.0,0.0,0.0,0.0,0.0,0.0,0.0,0.0,0.0,0.0,0.0,0.0,0.0,0.0,0.0,0.0,0.0,0.0,0.0,0.0,0.0,0.0,0.0,7.951E-4,0.0,40110.0,91650.0,119600.0,48880.0,2.928E7,50920.0,12530.0,17920.0,56400.0,38980.0,0.0,5.336E-37,4.201E-37,3.991E-36,3.0290000000000005E-36,7.2709999999999995E-37,1.21E-37,2.668E-38,1.131E-38,8.756E-39,1.359E-38,2.08E-35,0.0,0.2546,0.6642,2.57,1.405,0.2133,0.05212,0.007864,0.005753,0.01155,0.01178,0.0,0.0,3.829E-4,6.255E-4,6.074E-4,0.9953,3.772E-4,3.721E-5,1.03E-4,0.001754,8.267E-4,0.0,0.01272,0.003607,0.005487,0.00371,0.2084,0.008421,5.614E-4,0.001015,0.001705,7.213E-4,
0.0,1377.0,125.9,223.4,172.9,4.06,4.907,0.5814,0.4063,1.21,0.4406,0.0,343.8,0.1237,0.9587,0.1977,0.1447,0.4773,0.1308,0.4071,2.92,11.46,0.0,343.8,0.1237,0.9587,0.1977,0.1447,0.4773,0.1308,0.4071,2.92,11.46,0.0,0.0,0.0,0.0,0.0,0.0,0.0,0.0,0.0,0.0,0.0,0.0,0.0,472.7,165.7,48.65,846.1,164.1,5.689,6.135,7.625,4.485,0.0,79.27,5.252,20.02,44.13,34.03,2.544,0.2863,0.1568,0.03289,0.7602,0.0,0.0,0.0,0.0,0.0,0.0,0.0,0.0,0.0,0.0,0.0,0.0,0.0,0.0,0.0,0.0,0.0,0.0,0.0,0.0,0.0,0.0,0.0,0.0,0.0,0.0,0.0,0.0,0.0,0.0,0.0,0.0,0.0,0.0,0.0,1.001E-4,0.0,40150.0,91220.0,104000.0,47820.0,2.773E7,47390.0,11850.0,17040.0,53430.0,36630.0,0.0,5.3369999999999995E-37,4.327E-37,3.9740000000000004E-36,3.021E-36,7.175E-37,1.231E-37,2.664E-38,1.126E-38,8.494E-39,1.353E-38,2.08E-35,0.0,0.2547,0.6889,2.545,1.407,0.2081,0.05505,0.007832,0.005715,0.01154,0.01173,0.0,0.0,3.829E-4,6.255E-4,6.074E-4,0.9953,3.772E-4,3.721E-5,1.03E-4,0.001754,8.267E-4,0.0,0.01274,0.003577,0.005341,0.003702,0.2069,0.008315,5.619E-4,0.001015,0.00169,7.332E-4,
0.0,1361.0,146.5,220.5,172.1,1.352,5.079,0.581,0.406,1.213,0.4383,0.0,343.9,0.1228,0.9595,0.1976,0.1442,0.4733,0.1308,0.4071,3.134,11.25,0.0,343.9,0.1228,0.9595,0.1976,0.1442,0.4733,0.1308,0.4071,3.134,11.25,0.0,0.0,0.0,0.0,0.0,0.0,0.0,0.0,0.0,0.0,0.0,0.0,0.0,476.6,166.6,49.03,843.9,164.0,6.306,6.819,7.859,5.101,0.0,76.4,5.36,22.3,44.14,36.55,1.909,0.2965,0.1683,0.03651,0.7701,0.0,0.0,0.0,0.0,0.0,0.0,0.0,0.0,0.0,0.0,0.0,0.0,0.0,0.0,0.0,0.0,0.0,0.0,0.0,0.0,0.0,0.0,0.0,0.0,0.0,0.0,0.0,0.0,0.0,0.0,0.0,0.0,0.0,0.0,0.0,8.235E-4,0.0,40180.0,96160.0,105500.0,50610.0,2.626E7,46730.0,14830.0,20270.0,52290.0,38430.0,0.0,4.051E-37,4.444E-37,3.946E-36,3.0290000000000005E-36,7.1679999999999995E-37,1.192E-37,2.666E-38,1.127E-38,8.273E-39,1.352E-38,2.08E-35,0.0,0.1933,0.7571,2.533,1.411,0.2073,0.05358,0.007851,0.005736,0.01158,0.01172,0.0,0.0,3.856E-4,6.3E-4,6.117E-4,0.9953,3.799E-4,3.747E-5,1.037E-4,0.001767,8.326E-4,0.0,0.01279,0.003618,0.005371,0.003741,0.2066,0.008227,6.101E-4,0.001066,0.001715,7.773E-4,
0.0,1362.0,143.4,222.1,173.5,0.9279,4.339,0.5816,0.4056,1.215,0.4348,0.0,343.9,0.1209,0.9391,0.2188,0.1441,0.4709,0.1311,0.5577,3.734,10.5,0.0,343.9,0.1209,0.9391,0.2188,0.1441,0.4709,0.1311,0.5577,3.734,10.5,0.0,0.0,0.0,0.0,0.0,0.0,0.0,0.0,0.0,0.0,0.0,0.0,0.0,481.3,166.7,49.37,844.1,163.5,6.364,6.871,7.884,5.087,0.0,76.4,6.16,21.32,43.41,36.93,1.551,0.2995,0.1672,0.0368,0.77,0.0,0.0,0.0,0.0,0.0,0.0,0.0,0.0,0.0,0.0,0.0,0.0,0.0,0.0,0.0,0.0,0.0,0.0,0.0,0.0,0.0,0.0,0.0,0.0,0.0,0.0,0.0,0.0,0.0,0.0,0.0,0.0,0.0,0.0,0.0,7.562E-4,0.0,40270.0,96920.0,105300.0,49690.0,2.54E7,44850.0,14640.0,19180.0,50780.0,36850.0,0.0,4.481E-37,4.272E-37,3.937E-36,3.0040000000000002E-36,7.167E-37,1.046E-37,2.666E-38,1.124E-38,8.065E-39,1.349E-38,2.08E-35,0.0,0.2069,0.7388,2.541,1.412,0.2072,0.04619,0.007869,0.005733,0.0116,0.01169,0.0,0.0,3.856E-4,6.3E-4,6.117E-4,0.9953,3.799E-4,3.747E-5,1.037E-4,0.001767,8.326E-4,0.0,0.01285,0.003605,0.005359,0.003746,0.2065,0.008154,6.223E-4,0.001058,0.001721,7.683E-4,
0.0,1362.0,141.3,218.2,171.5,0.7617,7.675,0.4117,0.3634,1.163,0.2671,0.0,343.9,0.1237,0.9564,0.1074,0.1442,0.4437,0.04351,0.5358,3.529,10.92,0.0,343.9,0.1237,0.9564,0.1074,0.1442,0.4437,0.04351,0.5358,3.529,10.92,0.0,0.0,0.0,0.0,0.0,0.0,0.0,0.0,0.0,0.0,0.0,0.0,0.0,480.3,169.1,49.36,844.3,162.5,6.525,7.023,7.959,5.1,0.0,80.47,8.479,25.09,38.48,37.08,1.188,0.2988,0.1663,0.03652,0.7693,0.0,0.0,0.0,0.0,0.0,0.0,0.0,0.0,0.0,0.0,0.0,0.0,0.0,0.0,0.0,0.0,0.0,0.0,0.0,0.0,0.0,0.0,0.0,0.0,0.0,0.0,0.0,0.0,0.0,0.0,0.0,0.0,0.0,0.0,0.0,1.0E-4,0.0,41370.0,98000.0,107400.0,49290.0,2.56E7,43540.0,14630.0,19190.0,51190.0,36790.0,0.0,4.835E-37,4.263E-37,3.9240000000000006E-36,2.926E-36,7.1679999999999995E-37,1.496E-37,2.266E-38,1.025E-38,6.593999999999999E-39,9.575E-39,2.08E-35,0.0,0.2231,0.7504,2.528,1.378,0.2071,0.06548,0.006896,0.00549,0.01131,0.01072,0.0,0.0,3.856E-4,6.3E-4,6.117E-4,0.9953,3.799E-4,3.747E-5,1.037E-4,0.001767,8.326E-4,0.0,0.01295,0.003529,0.005384,0.003712,0.2066,0.007944,6.215E-4,0.001053,0.001722,7.9E-4,
0.0,1364.0,118.6,239.8,173.7,0.2411,4.954,0.6771,0.4308,1.247,0.2667,0.0,343.9,0.1212,0.9532,0.109,0.1442,0.4437,0.04384,0.536,3.532,10.92,0.0,343.9,0.1212,0.9532,0.109,0.1442,0.4437,0.04384,0.536,3.532,10.92,0.0,0.0,0.0,0.0,0.0,0.0,0.0,0.0,0.0,0.0,0.0,0.0,0.0,480.1,171.6,49.42,843.4,161.9,6.613,7.106,7.991,5.103,0.0,84.55,9.45,24.6,33.27,37.55,0.924,0.2976,0.165,0.03613,0.7688,0.0,0.0,0.0,0.0,0.0,0.0,0.0,0.0,0.0,0.0,0.0,0.0,0.0,0.0,0.0,0.0,0.0,0.0,0.0,0.0,0.0,0.0,0.0,0.0,0.0,0.0,0.0,0.0,0.0,0.0,0.0,0.0,0.0,0.0,0.0,1.001E-4,0.0,42420.0,100900.0,111000.0,50050.0,2.644E7,43190.0,15010.0,19680.0,52750.0,37690.0,0.0,5.617E-37,4.178E-37,3.905E-36,2.881E-36,7.1679999999999995E-37,1.0929999999999999E-37,2.875E-38,1.177E-38,8.254E-39,9.562999999999999E-39,2.08E-35,0.0,0.2528,0.6672,2.596,1.374,0.207,0.0516,0.008427,0.005876,0.0118,0.01071,0.0,0.0,3.856E-4,6.3E-4,6.117E-4,0.9953,3.799E-4,3.747E-5,1.037E-4,0.001767,8.326E-4,0.0,0.01305,0.003504,0.005387,0.003676,0.2067,0.007863,6.182E-4,0.001055,0.001727,7.867E-4,
0.0,1364.0,118.6,238.6,171.5,0.1541,6.608,0.1475,0.3375,1.126,0.2027,0.0,343.9,0.1227,0.9283,0.1116,0.1948,0.436,0.04538,0.5931,3.923,10.44,0.0,343.9,0.1227,0.9283,0.1116,0.1948,0.436,0.04538,0.5931,3.923,10.44,0.0,0.0,0.0,0.0,0.0,0.0,0.0,0.0,0.0,0.0,0.0,0.0,0.0,480.7,181.1,49.95,832.4,166.2,6.036,6.682,10.04,6.195,0.0,84.55,10.23,24.88,33.36,37.39,1.052,0.2841,0.1457,0.096,0.8169,0.0,0.0,0.0,0.0,0.0,0.0,0.0,0.0,0.0,0.0,0.0,0.0,0.0,0.0,0.0,0.0,0.0,0.0,0.0,0.0,0.0,0.0,0.0,0.0,0.0,0.0,0.0,0.0,0.0,0.0,0.0,0.0,0.0,0.0,0.0,1.0E-4,0.0,42810.0,105100.0,154200.0,55300.0,2.75E7,76110.0,11200.0,15490.0,70200.0,49240.0,0.0,5.619E-37,4.369E-37,3.835E-36,2.861E-36,7.588E-37,1.121E-37,1.661E-38,8.958E-39,4.7269999999999996E-39,1.01E-38,2.08E-35,0.0,0.253,0.681,2.54,1.368,0.2426,0.05927,0.005486,0.005611,0.01183,0.01036,0.0,0.0,3.856E-4,6.3E-4,6.117E-4,0.9953,3.799E-4,3.747E-5,1.037E-4,0.001767,8.326E-4,0.0,0.01313,0.003555,0.005865,0.003728,0.2053,0.008158,5.583E-4,0.001008,0.001904,9.517E-4,
0.0,1364.0,116.5,241.3,177.9,0.1107,5.08,0.1514,0.4417,1.007,0.1436,0.0,343.9,0.1197,0.9581,0.1064,0.184,0.4327,0.04459,0.5607,2.768,11.61,0.0,343.9,0.1197,0.9581,0.1064,0.184,0.4327,0.04459,0.5607,2.768,11.61,0.0,0.0,0.0,0.0,0.0,0.0,0.0,0.0,0.0,0.0,0.0,0.0,0.0,480.1,176.5,50.84,844.8,164.1,6.227,7.522,7.719,6.329,0.0,84.55,11.78,19.1,33.02,36.33,0.4316,0.285,0.1468,0.05902,0.8291,0.0,0.0,0.0,0.0,0.0,0.0,0.0,0.0,0.0,0.0,0.0,0.0,0.0,0.0,0.0,0.0,0.0,0.0,0.0,0.0,0.0,0.0,0.0,0.0,0.0,0.0,0.0,0.0,0.0,0.0,0.0,0.0,0.0,0.0,0.0,4.449E-4,0.0,42990.0,122500.0,114500.0,57060.0,2.883E7,64660.0,11270.0,15590.0,61820.0,50130.0,0.0,5.62E-37,4.214E-37,3.8390000000000004E-36,2.8910000000000002E-36,7.27E-37,9.659E-38,1.654E-38,9.142E-39,4.0059999999999995E-39,1.118E-38,2.08E-35,0.0,0.253,0.6609,2.576,1.403,0.1949,0.05254,0.005431,0.006585,0.01046,0.0115,0.0,0.0,3.856E-4,6.3E-4,6.117E-4,0.9953,3.799E-4,3.747E-5,1.037E-4,0.001767,8.326E-4,0.0,0.01316,0.003494,0.005283,0.003751,0.2062,0.00792,5.644E-4,9.877E-4,0.001797,9.874E-4,
0.0,1364.0,118.4,241.0,178.8,0.1146,5.063,0.1522,0.4404,1.011,0.1579,0.0,343.9,0.1185,0.9582,0.1089,0.1429,0.4258,0.0446,0.5603,3.09,11.33,0.0,343.9,0.1185,0.9582,0.1089,0.1429,0.4258,0.0446,0.5603,3.09,11.33,0.0,0.0,0.0,0.0,0.0,0.0,0.0,0.0,0.0,0.0,0.0,0.0,0.0,483.7,177.6,52.07,841.8,159.1,6.754,8.083,8.166,4.95,0.0,84.55,11.63,17.31,32.55,35.55,0.3083,0.2946,0.1577,0.06689,0.7839,0.0,0.0,0.0,0.0,0.0,0.0,0.0,0.0,0.0,0.0,0.0,0.0,0.0,0.0,0.0,0.0,0.0,0.0,0.0,0.0,0.0,0.0,0.0,0.0,0.0,0.0,0.0,0.0,0.0,0.0,0.0,0.0,0.0,0.0,0.0,4.147E-4,0.0,43340.0,126800.0,118200.0,61230.0,3.028E7,39490.0,13460.0,18170.0,66610.0,42020.0,0.0,5.622E-37,4.264E-37,3.829E-36,2.8720000000000002E-36,7.203999999999999E-37,9.521E-38,1.657E-38,9.152E-39,3.9269999999999996E-39,1.11E-38,2.08E-35,0.0,0.2531,0.6709,2.564,1.406,0.1911,0.052,0.005456,0.006592,0.01051,0.01144,0.0,0.0,3.856E-4,6.3E-4,6.117E-4,0.9953,3.799E-4,3.747E-5,1.037E-4,0.001767,8.326E-4,0.0,0.01325,0.003545,0.005318,0.003812,0.2064,0.007439,6.033E-4,0.001027,0.001842,8.587E-4,
0.0,1357.0,127.4,226.6,173.3,0.1032,5.219,0.1534,0.4432,1.009,0.1638,0.0,343.9,0.1223,0.9316,0.11,0.1685,0.4215,0.04491,0.5627,2.888,11.53,0.0,343.9,0.1223,0.9316,0.11,0.1685,0.4215,0.04491,0.5627,2.888,11.53,0.0,0.0,0.0,0.0,0.0,0.0,0.0,0.0,0.0,0.0,0.0,0.0,0.0,489.7,180.2,53.63,828.7,158.4,6.989,8.341,8.161,5.022,0.0,83.24,9.897,16.11,37.01,52.58,0.285,0.2984,0.163,0.09929,0.7966,0.0,0.0,0.0,0.0,0.0,0.0,0.0,0.0,0.0,0.0,0.0,0.0,0.0,0.0,0.0,0.0,0.0,0.0,0.0,0.0,0.0,0.0,0.0,0.0,0.0,0.0,0.0,0.0,0.0,0.0,0.0,0.0,0.0,0.0,0.0,1.0E-4,0.0,43310.0,405300.0,496200.0,160300.0,2.748E7,34500.0,13300.0,17550.0,53540.0,35260.0,0.0,5.044E-37,4.341E-37,3.687E-36,2.8730000000000003E-36,8.257E-37,9.49E-38,1.66E-38,9.167999999999999E-39,3.976E-39,1.118E-38,2.08E-35,0.0,0.2271,0.6974,2.472,1.397,0.289,0.0527,0.005478,0.006636,0.01063,0.01152,0.0,0.0,0.01208,0.01485,0.004427,0.9662,2.965E-4,2.925E-5,8.097E-5,0.001379,6.499E-4,0.0,0.01324,0.005498,0.007697,0.004435,0.2014,0.007386,6.163E-4,0.001034,0.001782,8.472E-4,
0.0,1357.0,130.9,219.8,164.2,0.1382,5.765,0.1536,0.4339,1.017,0.1663,0.0,343.9,0.1244,0.9852,0.1052,0.1223,0.4159,0.04521,0.5571,2.889,11.54,0.0,343.9,0.1244,0.9852,0.1052,0.1223,0.4159,0.04521,0.5571,2.889,11.54,0.0,0.0,0.0,0.0,0.0,0.0,0.0,0.0,0.0,0.0,0.0,0.0,0.0,484.6,174.7,51.24,845.6,158.4,7.005,8.315,8.242,5.05,0.0,83.24,9.786,15.24,59.76,42.32,0.2058,0.2989,0.1627,0.07563,0.7837,0.0,0.0,0.0,0.0,0.0,0.0,0.0,0.0,0.0,0.0,0.0,0.0,0.0,0.0,0.0,0.0,0.0,0.0,0.0,0.0,0.0,0.0,0.0,0.0,0.0,0.0,0.0,0.0,0.0,0.0,0.0,0.0,0.0,0.0,0.0,1.0E-4,0.0,43350.0,127500.0,131000.0,73110.0,2.657E7,33940.0,12930.0,17080.0,51950.0,33650.0,0.0,5.044E-37,4.381E-37,3.74E-36,2.881E-36,7.203999999999999E-37,1.025E-37,1.66E-38,9.107E-39,3.694E-39,1.108E-38,2.08E-35,0.0,0.2271,0.716,2.529,1.413,0.1986,0.05049,0.005482,0.006554,0.01054,0.01145,0.0,0.0,9.366E-4,1.46E-4,9.012E-4,0.9955,3.063E-4,3.022E-5,8.365E-5,0.001425,6.714E-4,0.0,0.01327,0.003673,0.005329,0.003855,0.2058,0.007345,6.221E-4,0.00103,0.001793,8.496E-4,
0.0,1358.0,129.7,216.6,161.9,0.1162,4.043,0.1519,0.4338,1.019,0.1694,0.0,343.9,0.123,0.9925,0.1011,0.1223,0.4017,0.04509,0.7071,2.365,11.91,0.0,343.9,0.123,0.9925,0.1011,0.1223,0.4017,0.04509,0.7071,2.365,11.91,0.0,0.0,0.0,0.0,0.0,0.0,0.0,0.0,0.0,0.0,0.0,0.0,0.0,493.6,171.8,49.56,836.3,158.4,6.971,8.276,8.209,5.013,0.0,83.24,11.82,18.75,66.21,37.43,0.2336,0.2997,0.1636,0.07171,0.7824,0.0,0.0,0.0,0.0,0.0,0.0,0.0,0.0,0.0,0.0,0.0,0.0,0.0,0.0,0.0,0.0,0.0,0.0,0.0,0.0,0.0,0.0,0.0,0.0,0.0,0.0,0.0,0.0,0.0,0.0,0.0,0.0,0.0,0.0,0.0,1.0E-4,0.0,43500.0,122700.0,118900.0,71770.0,2.464E7,34480.0,12810.0,16890.0,49350.0,31960.0,0.0,5.086E-37,4.384E-37,3.7500000000000005E-36,2.871E-36,7.034E-37,7.431E-38,1.66E-38,9.081E-39,3.569E-39,1.108E-38,2.08E-35,0.0,0.2314,0.7154,2.523,1.434,0.1839,0.0375,0.005475,0.006559,0.01052,0.01146,0.0,0.0,9.475E-4,1.477E-4,9.118E-4,0.9954,3.099E-4,3.057E-5,8.462E-5,0.001441,6.792E-4,0.0,0.0134,0.003711,0.005245,0.00386,0.2057,0.007248,6.234E-4,0.001034,0.001775,8.668E-4,
0.0,1358.0,125.6,219.8,160.9,0.3899,4.055,0.1591,0.403,1.019,0.17,0.0,343.9,0.1199,0.9827,0.1096,0.128,0.4231,0.09935,0.7024,2.507,11.7,0.0,343.9,0.1199,0.9827,0.1096,0.128,0.4231,0.09935,0.7024,2.507,11.7,0.0,0.0,0.0,0.0,0.0,0.0,0.0,0.0,0.0,0.0,0.0,0.0,0.0,495.8,174.6,48.55,836.2,158.4,6.484,7.737,7.79,4.508,0.0,83.24,9.933,18.41,73.03,33.05,0.2302,0.2745,0.1352,0.04745,0.754,0.0,0.0,0.0,0.0,0.0,0.0,0.0,0.0,0.0,0.0,0.0,0.0,0.0,0.0,0.0,0.0,0.0,0.0,0.0,0.0,0.0,0.0,0.0,0.0,0.0,0.0,0.0,0.0,0.0,0.0,0.0,0.0,0.0,0.0,0.0,1.0E-4,0.0,43510.0,123200.0,123900.0,69450.0,2.405E7,36870.0,10710.0,13910.0,49430.0,30130.0,0.0,5.086E-37,4.241E-37,3.747E-36,2.864E-36,6.959E-37,7.406E-38,1.637E-38,9.0E-39,3.429E-39,1.102E-38,2.08E-35,0.0,0.2314,0.6907,2.536,1.445,0.1766,0.03751,0.005461,0.006187,0.01048,0.01141,0.0,0.0,0.001055,1.644E-4,0.001015,0.9949,3.449E-4,3.402E-5,9.418E-5,0.001604,7.559E-4,0.0,0.01341,0.003682,0.00535,0.003782,0.2055,0.007433,5.447E-4,8.448E-4,0.001765,8.264E-4,
0.0,1355.0,125.0,215.1,160.7,3.059,4.665,0.1974,0.3662,1.019,0.1701,0.0,343.9,0.1162,0.9844,0.1094,0.1304,0.4212,0.1845,0.6172,2.465,11.74,0.0,343.9,0.1162,0.9844,0.1094,0.1304,0.4212,0.1845,0.6172,2.465,11.74,0.0,0.0,0.0,0.0,0.0,0.0,0.0,0.0,0.0,0.0,0.0,0.0,0.0,508.6,163.2,49.0,835.7,158.5,7.634,7.403,8.181,4.937,0.0,82.85,11.45,23.34,71.48,32.47,0.2143,0.2783,0.1395,0.05235,0.7589,0.0,0.0,0.0,0.0,0.0,0.0,0.0,0.0,0.0,0.0,0.0,0.0,0.0,0.0,0.0,0.0,0.0,0.0,0.0,0.0,0.0,0.0,0.0,0.0,0.0,0.0,0.0,0.0,0.0,0.0,0.0,0.0,0.0,0.0,0.0,1.0E-4,0.0,43530.0,126600.0,125900.0,68590.0,2.299E7,35870.0,12830.0,15540.0,50100.0,31380.0,0.0,4.9249999999999994E-37,4.028E-37,3.7500000000000005E-36,2.839E-36,6.959E-37,8.936E-38,1.638E-38,8.982999999999999E-39,3.356E-39,1.102E-38,2.08E-35,0.0,0.2241,0.6786,2.533,1.444,0.1934,0.04276,0.00586,0.005809,0.01049,0.01142,0.0,0.0,0.001074,1.673E-4,0.001033,0.9948,3.511E-4,3.464E-5,9.589E-5,0.001633,7.696E-4,0.0,0.01343,0.003715,0.005378,0.003815,0.2051,0.007417,6.739E-4,7.828E-4,0.001807,8.558E-4,
0.0,1354.0,126.4,196.1,167.1,0.1409,4.646,0.1977,0.3683,1.034,0.1543,0.0,343.9,0.1244,0.986,0.1037,0.1257,0.4087,0.2194,0.6262,3.082,11.09,0.0,343.9,0.1244,0.986,0.1037,0.1257,0.4087,0.2194,0.6262,3.082,11.09,0.0,0.0,0.0,0.0,0.0,0.0,0.0,0.0,0.0,0.0,0.0,0.0,0.0,512.6,164.9,50.15,834.2,158.6,7.763,7.559,8.34,5.099,0.0,82.52,10.96,27.03,80.3,34.67,0.2262,0.2791,0.1405,0.05386,0.7606,0.0,0.0,0.0,0.0,0.0,0.0,0.0,0.0,0.0,0.0,0.0,0.0,0.0,0.0,0.0,0.0,0.0,0.0,0.0,0.0,0.0,0.0,0.0,0.0,0.0,0.0,0.0,0.0,0.0,0.0,0.0,0.0,0.0,0.0,0.0,6.853E-4,0.0,43530.0,124600.0,122800.0,72070.0,2.196E7,35460.0,13270.0,16020.0,51080.0,31710.0,0.0,4.796E-37,4.0249999999999995E-37,3.7550000000000004E-36,2.81E-36,6.911E-37,8.88E-38,1.638E-38,8.964999999999999E-39,6.195999999999999E-39,8.136E-39,2.08E-35,0.0,0.2183,0.6879,2.486,1.487,0.1831,0.04278,0.005863,0.005828,0.0136,0.008297,0.0,0.0,0.001147,1.787E-4,0.001103,0.9945,3.75E-4,3.699E-5,1.024E-4,0.001744,8.219E-4,0.0,0.01344,0.003692,0.005382,0.003836,0.2048,0.007396,6.836E-4,7.944E-4,0.001887,8.382E-4,
0.0,1354.0,126.0,195.0,157.8,2.131,4.91,0.2373,0.3676,1.037,0.1506,0.0,343.9,0.1239,0.9527,0.1343,0.1284,0.4088,0.2196,0.6261,2.811,11.36,0.0,343.9,0.1239,0.9527,0.1343,0.1284,0.4088,0.2196,0.6261,2.811,11.36,0.0,0.0,0.0,0.0,0.0,0.0,0.0,0.0,0.0,0.0,0.0,0.0,0.0,478.2,167.5,50.15,868.0,158.6,7.751,7.546,8.328,5.087,0.0,82.54,12.51,35.49,77.72,34.7,0.222,0.2789,0.1402,0.0537,0.7608,0.0,0.0,0.0,0.0,0.0,0.0,0.0,0.0,0.0,0.0,0.0,0.0,0.0,0.0,0.0,0.0,0.0,0.0,0.0,0.0,0.0,0.0,0.0,0.0,0.0,0.0,0.0,0.0,0.0,0.0,0.0,0.0,0.0,0.0,0.0,6.922E-4,0.0,43980.0,120600.0,118800.0,72530.0,2.157E7,34860.0,13210.0,15940.0,50520.0,31040.0,0.0,4.796E-37,4.255E-37,3.739E-36,2.7570000000000003E-36,6.978999999999999E-37,9.369E-38,1.719E-38,8.943E-39,6.185E-39,7.999E-39,2.08E-35,0.0,0.2183,0.6982,2.46,1.484,0.1947,0.04496,0.006194,0.00582,0.01364,0.008256,0.0,0.0,0.001147,1.787E-4,0.001103,0.9945,3.75E-4,3.699E-5,1.024E-4,0.001744,8.219E-4,0.0,0.01345,0.003637,0.005389,0.00383,0.2048,0.0074,6.801E-4,7.934E-4,0.001919,8.052E-4,
0.0,1357.0,111.2,200.8,155.7,5.68,4.873,0.2324,0.308,1.085,0.1744,0.0,343.9,0.1153,0.9911,0.1037,0.1284,0.4078,0.2193,0.9015,2.923,10.97,0.0,343.9,0.1153,0.9911,0.1037,0.1284,0.4078,0.2193,0.9015,2.923,10.97,0.0,0.0,0.0,0.0,0.0,0.0,0.0,0.0,0.0,0.0,0.0,0.0,0.0,487.9,163.7,50.15,862.3,158.6,7.688,7.133,8.601,5.193,0.0,86.96,11.76,20.1,91.27,34.71,0.2029,0.279,0.1404,0.05537,0.7592,0.0,0.0,0.0,0.0,0.0,0.0,0.0,0.0,0.0,0.0,0.0,0.0,0.0,0.0,0.0,0.0,0.0,0.0,0.0,0.0,0.0,0.0,0.0,0.0,0.0,0.0,0.0,0.0,0.0,0.0,0.0,0.0,0.0,0.0,0.0,5.703E-4,0.0,47210.0,119200.0,118100.0,70550.0,2.202E7,32760.0,13460.0,16370.0,51540.0,31280.0,0.0,5.315E-37,3.886E-37,3.7180000000000005E-36,2.7300000000000002E-36,6.995E-37,9.206E-38,1.714E-38,8.894999999999999E-39,6.131E-39,7.971E-39,2.08E-35,0.0,0.2678,0.6303,2.502,1.436,0.2087,0.04465,0.006149,0.005247,0.01413,0.008457,0.0,0.0,0.001147,1.787E-4,0.001103,0.9945,3.75E-4,3.699E-5,1.024E-4,0.001744,8.219E-4,0.0,0.01359,0.00362,0.005358,0.003793,0.2044,0.007323,6.765E-4,8.18E-4,0.001903,7.917E-4,
0.0,1354.0,117.4,198.3,158.5,1.426,4.942,0.2358,0.2945,1.128,0.1434,0.0,343.9,0.1234,0.9841,0.1012,0.1267,0.407,0.218,0.9952,2.524,11.28,0.0,343.9,0.1234,0.9841,0.1012,0.1267,0.407,0.218,0.9952,2.524,11.28,0.0,0.0,0.0,0.0,0.0,0.0,0.0,0.0,0.0,0.0,0.0,0.0,0.0,490.6,163.9,50.16,847.4,158.6,7.688,7.041,8.842,5.001,0.0,107.5,13.99,18.83,66.32,38.51,0.2046,0.2794,0.1408,0.0555,0.7595,0.0,0.0,0.0,0.0,0.0,0.0,0.0,0.0,0.0,0.0,0.0,0.0,0.0,0.0,0.0,0.0,0.0,0.0,0.0,0.0,0.0,0.0,0.0,0.0,0.0,0.0,0.0,0.0,0.0,0.0,0.0,0.0,0.0,0.0,0.0,5.005E-4,0.0,48120.0,119600.0,116700.0,69740.0,2.301E7,32510.0,13890.0,16910.0,53620.0,32080.0,0.0,5.411E-37,4.143E-37,3.686E-36,2.6670000000000003E-36,6.948E-37,9.115E-38,1.718E-38,8.868E-39,6.135E-39,7.91E-39,2.08E-35,0.0,0.2884,0.6625,2.488,1.398,0.2053,0.04509,0.00618,0.005119,0.01454,0.008171,0.0,0.0,0.001147,1.787E-4,0.001103,0.9945,3.75E-4,3.699E-5,1.024E-4,0.001744,8.219E-4,0.0,0.01363,0.003602,0.00535,0.003764,0.2045,0.007309,6.806E-4,8.161E-4,0.001929,7.697E-4,
0.0,1347.0,123.0,203.7,153.9,6.068,4.954,0.4087,0.3581,1.24,0.1384,0.0,343.9,0.1132,0.9756,0.09515,0.1267,0.4019,0.2096,0.9716,2.341,11.53,0.0,343.9,0.1132,0.9756,0.09515,0.1267,0.4019,0.2096,0.9716,2.341,11.53,0.0,0.0,0.0,0.0,0.0,0.0,0.0,0.0,0.0,0.0,0.0,0.0,0.0,489.0,167.7,50.17,843.3,158.6,7.654,6.935,8.874,4.963,0.0,105.9,13.41,18.11,62.62,39.61,0.3705,0.3217,0.1936,0.121,0.7589,0.0,0.0,0.0,0.0,0.0,0.0,0.0,0.0,0.0,0.0,0.0,0.0,0.0,0.0,0.0,0.0,0.0,0.0,0.0,0.0,0.0,0.0,0.0,0.0,0.0,0.0,0.0,0.0,0.0,0.0,0.0,0.0,0.0,0.0,0.0,1.004E-4,0.0,48120.0,122900.0,117400.0,71670.0,2.435E7,32150.0,14500.0,17670.0,56360.0,33300.0,0.0,4.855E-37,3.9219999999999995E-37,3.694E-36,2.6270000000000002E-36,6.9999999999999994E-37,9.686E-38,2.182E-38,1.1929999999999999E-38,1.154E-38,7.198E-39,2.08E-35,0.0,0.2587,0.6639,2.511,1.362,0.2322,0.04919,0.008534,0.00663,0.01838,0.007422,0.0,0.0,0.001147,1.787E-4,0.001103,0.9945,3.75E-4,3.699E-5,1.024E-4,0.001744,8.219E-4,0.0,0.01362,0.003589,0.005339,0.003724,0.2045,0.007338,6.861E-4,8.138E-4,0.001968,7.476E-4,
0.0,1347.0,123.0,201.9,145.2,1.147,7.667,0.39,0.2976,1.138,0.1441,0.0,343.9,0.1133,0.9757,0.09728,0.1264,0.5976,0.2129,0.8736,2.387,11.38,0.0,343.9,0.1133,0.9757,0.09728,0.1264,0.5976,0.2129,0.8736,2.387,11.38,0.0,0.0,0.0,0.0,0.0,0.0,0.0,0.0,0.0,0.0,0.0,0.0,0.0,487.1,172.6,50.18,852.3,158.6,7.654,6.95,8.83,4.995,0.0,105.9,12.61,19.14,70.22,44.59,0.3009,0.303,0.1701,0.09083,0.7582,0.0,0.0,0.0,0.0,0.0,0.0,0.0,0.0,0.0,0.0,0.0,0.0,0.0,0.0,0.0,0.0,0.0,0.0,0.0,0.0,0.0,0.0,0.0,0.0,0.0,0.0,0.0,0.0,0.0,0.0,0.0,0.0,0.0,0.0,0.0,4.257E-4,0.0,48150.0,125800.0,114400.0,73690.0,2.589E7,32250.0,15250.0,18620.0,59350.0,35030.0,0.0,4.855E-37,3.893E-37,3.642E-36,2.606E-36,6.999E-37,1.512E-37,2.048E-38,9.601E-39,8.11E-39,7.201E-39,2.08E-35,0.0,0.2588,0.6597,2.491,1.369,0.2322,0.0689,0.007718,0.005305,0.01651,0.007473,0.0,0.0,0.001147,1.787E-4,0.001103,0.9945,3.75E-4,3.699E-5,1.024E-4,0.001744,8.219E-4,0.0,0.01363,0.003547,0.005331,0.003735,0.2045,0.007334,6.703E-4,8.31E-4,0.00197,7.487E-4,
0.0,1350.0,123.9,197.3,143.5,1.068,4.19,0.3134,0.2222,1.122,0.09844,0.0,343.9,0.1125,0.9669,0.09551,0.1335,0.6462,0.2049,0.8857,2.287,11.43,0.0,343.9,0.1125,0.9669,0.09551,0.1335,0.6462,0.2049,0.8857,2.287,11.43,0.0,0.0,0.0,0.0,0.0,0.0,0.0,0.0,0.0,0.0,0.0,0.0,0.0,487.5,173.6,49.89,847.1,161.1,7.177,6.436,8.664,4.649,0.0,105.9,12.73,19.59,73.07,44.71,0.967,0.3147,0.1827,0.09388,0.7655,0.0,0.0,0.0,0.0,0.0,0.0,0.0,0.0,0.0,0.0,0.0,0.0,0.0,0.0,0.0,0.0,0.0,0.0,0.0,0.0,0.0,0.0,0.0,0.0,0.0,0.0,0.0,0.0,0.0,0.0,0.0,0.0,0.0,0.0,0.0,1.003E-4,0.0,48230.0,130900.0,114500.0,77040.0,2.756E7,38110.0,16100.0,19660.0,62740.0,36970.0,0.0,5.53E-37,4.012E-37,3.619E-36,2.607E-36,7.0039999999999995E-37,7.162E-38,1.803E-38,7.361E-39,7.328E-39,5.993E-39,2.08E-35,0.0,0.2851,0.6608,2.476,1.38,0.2325,0.03686,0.006556,0.004097,0.01621,0.006738,0.0,0.0,0.001147,1.787E-4,0.001103,0.9945,3.75E-4,3.699E-5,1.024E-4,0.001744,8.219E-4,0.0,0.0137,0.003511,0.005324,0.003681,0.2045,0.007476,6.427E-4,7.99E-4,0.001972,7.125E-4,
0.0,1342.0,133.8,198.4,145.7,0.9999,5.029,0.332,0.1879,1.168,0.104,0.0,343.9,0.1139,0.97,0.09435,0.1294,0.5419,0.233,1.024,2.233,11.42,0.0,343.9,0.1139,0.97,0.09435,0.1294,0.5419,0.233,1.024,2.233,11.42,0.0,0.0,0.0,0.0,0.0,0.0,0.0,0.0,0.0,0.0,0.0,0.0,0.0,489.2,174.3,49.99,846.8,160.3,7.634,5.985,9.041,4.921,0.0,103.7,13.48,18.52,69.68,44.73,0.8639,0.3341,0.168,0.09879,0.779,0.0,0.0,0.0,0.0,0.0,0.0,0.0,0.0,0.0,0.0,0.0,0.0,0.0,0.0,0.0,0.0,0.0,0.0,0.0,0.0,0.0,0.0,0.0,0.0,0.0,0.0,0.0,0.0,0.0,0.0,0.0,0.0,0.0,0.0,0.0,1.111E-4,0.0,48300.0,135400.0,117000.0,79000.0,2.919E7,37930.0,16540.0,20010.0,65780.0,38560.0,0.0,4.996E-37,4.281E-37,3.598E-36,2.572E-36,6.9999999999999994E-37,8.469E-38,1.8299999999999999E-38,7.253E-39,7.201E-39,6.218E-39,2.08E-35,0.0,0.2587,0.6946,2.47,1.37,0.2323,0.04323,0.006869,0.003842,0.01652,0.006839,0.0,0.0,0.001147,1.787E-4,0.001103,0.9945,3.75E-4,3.699E-5,1.024E-4,0.001744,8.219E-4,0.0,0.01373,0.003513,0.00531,0.003698,0.2043,0.007414,6.654E-4,7.997E-4,0.001994,6.935E-4,
0.0,1342.0,133.0,197.5,148.3,0.955,4.421,0.3749,0.1538,1.187,0.1082,0.0,343.9,0.1188,0.9669,0.09261,0.1326,0.5365,0.249,0.857,2.654,11.15,0.0,343.9,0.1188,0.9669,0.09261,0.1326,0.5365,0.249,0.857,2.654,11.15,0.0,0.0,0.0,0.0,0.0,0.0,0.0,0.0,0.0,0.0,0.0,0.0,0.0,490.9,174.2,49.65,842.7,160.1,7.658,5.921,9.078,4.926,0.0,103.7,15.14,16.51,68.91,45.19,0.6581,0.3247,0.1641,0.09861,0.7675,0.0,0.0,0.0,0.0,0.0,0.0,0.0,0.0,0.0,0.0,0.0,0.0,0.0,0.0,0.0,0.0,0.0,0.0,0.0,0.0,0.0,0.0,0.0,0.0,0.0,0.0,0.0,0.0,0.0,0.0,0.0,0.0,0.0,0.0,0.0,4.338E-4,0.0,48400.0,138300.0,120000.0,80120.0,3.072E7,37300.0,16680.0,19050.0,68480.0,38930.0,0.0,4.997E-37,4.0689999999999996E-37,3.547E-36,2.5960000000000003E-36,7.075E-37,6.883E-38,1.816E-38,7.209E-39,7.144E-39,6.2E-39,2.08E-35,0.0,0.2588,0.705,2.443,1.383,0.2396,0.03646,0.007207,0.003423,0.0167,0.006801,0.0,0.0,0.001147,1.787E-4,0.001103,0.9945,3.75E-4,3.699E-5,1.024E-4,0.001744,8.219E-4,0.0,0.01377,0.003483,0.005348,0.003723,0.2041,0.007318,8.311E-4,6.298E-4,0.002045,6.496E-4,
0.0,1342.0,132.2,197.9,157.3,0.955,4.431,0.3852,0.1494,1.198,0.1056,0.0,343.9,0.1142,0.9607,0.1035,0.1319,0.4212,0.2544,0.9996,3.058,10.71,0.0,343.9,0.1142,0.9607,0.1035,0.1319,0.4212,0.2544,0.9996,3.058,10.71,0.0,0.0,0.0,0.0,0.0,0.0,0.0,0.0,0.0,0.0,0.0,0.0,0.0,491.1,177.8,50.21,843.4,160.1,7.658,5.909,9.09,4.926,0.0,103.7,14.21,16.45,61.02,44.75,0.5878,0.3197,0.1607,0.09458,0.7659,0.0,0.0,0.0,0.0,0.0,0.0,0.0,0.0,0.0,0.0,0.0,0.0,0.0,0.0,0.0,0.0,0.0,0.0,0.0,0.0,0.0,0.0,0.0,0.0,0.0,0.0,0.0,0.0,0.0,0.0,0.0,0.0,0.0,0.0,0.0,1.0E-4,0.0,48710.0,137600.0,122300.0,78670.0,2.85E7,36070.0,16710.0,18830.0,64700.0,36960.0,0.0,4.997E-37,3.939E-37,3.542E-36,2.587E-36,7.054E-37,6.797E-38,1.798E-38,7.169999999999999E-39,6.917999999999999E-39,6.207E-39,2.08E-35,0.0,0.2588,0.6884,2.459,1.383,0.237,0.03605,0.007231,0.003366,0.01675,0.006778,0.0,0.0,0.001147,1.787E-4,0.001103,0.9945,3.75E-4,3.699E-5,1.024E-4,0.001744,8.219E-4,0.0,0.01378,0.003464,0.005357,0.003731,0.2042,0.007312,8.409E-4,6.185E-4,0.002062,6.412E-4,
0.0,1343.0,129.5,191.9,166.8,7.611,3.48,0.3908,0.2163,1.122,0.1015,0.0,343.9,0.1252,0.9508,0.09725,0.1366,0.4186,0.2597,0.9209,2.226,11.61,0.0,343.9,0.1252,0.9508,0.09725,0.1366,0.4186,0.2597,0.9209,2.226,11.61,0.0,0.0,0.0,0.0,0.0,0.0,0.0,0.0,0.0,0.0,0.0,0.0,0.0,489.5,178.6,50.46,844.1,160.1,7.666,6.236,8.632,4.908,0.0,103.7,14.24,16.22,52.28,44.91,0.5801,0.3186,0.1589,0.09245,0.7667,0.0,0.0,0.0,0.0,0.0,0.0,0.0,0.0,0.0,0.0,0.0,0.0,0.0,0.0,0.0,0.0,0.0,0.0,0.0,0.0,0.0,0.0,0.0,0.0,0.0,0.0,0.0,0.0,0.0,0.0,0.0,0.0,0.0,0.0,0.0,7.338E-4,0.0,48800.0,137600.0,123600.0,77590.0,2.784E7,35640.0,17020.0,19110.0,63920.0,36670.0,0.0,5.003E-37,4.021E-37,3.489E-36,2.5760000000000002E-36,7.3129999999999995E-37,6.664E-38,1.783E-38,7.445E-39,6.453E-39,6.186E-39,2.08E-35,0.0,0.2659,0.681,2.407,1.389,0.283,0.02985,0.007291,0.004237,0.01568,0.006753,0.0,0.0,0.001147,1.787E-4,0.001103,0.9945,3.75E-4,3.699E-5,1.024E-4,0.001744,8.219E-4,0.0,0.01386,0.003419,0.005345,0.003737,0.2043,0.007232,8.408E-4,6.037E-4,0.002095,6.279E-4,
0.0,1343.0,126.4,190.8,181.3,5.653,9.399,0.4087,0.2156,1.131,0.09525,0.0,343.9,0.1177,0.9592,0.09598,0.1336,0.4187,0.2578,0.9126,2.648,11.2,0.0,343.9,0.1177,0.9592,0.09598,0.1336,0.4187,0.2578,0.9126,2.648,11.2,0.0,0.0,0.0,0.0,0.0,0.0,0.0,0.0,0.0,0.0,0.0,0.0,0.0,493.6,171.8,52.08,842.1,169.3,7.135,4.283,8.163,4.703,0.0,103.7,14.47,17.13,36.67,44.48,0.634,0.3202,0.1574,0.09165,0.7689,0.0,0.0,0.0,0.0,0.0,0.0,0.0,0.0,0.0,0.0,0.0,0.0,0.0,0.0,0.0,0.0,0.0,0.0,0.0,0.0,0.0,0.0,0.0,0.0,0.0,0.0,0.0,0.0,0.0,0.0,0.0,0.0,0.0,0.0,0.0,1.0E-4,0.0,48850.0,138500.0,138500.0,78290.0,2.81E7,35730.0,17340.0,19440.0,64570.0,37080.0,0.0,5.003E-37,3.81E-37,3.5040000000000004E-36,2.498E-36,7.239E-37,1.2689999999999999E-37,1.809E-38,7.312999999999999E-39,6.382E-39,6.152E-39,2.08E-35,0.0,0.266,0.6695,2.451,1.336,0.2639,0.06696,0.007527,0.004285,0.01578,0.006724,0.0,0.0,0.001147,1.787E-4,0.001103,0.9945,3.75E-4,3.699E-5,1.024E-4,0.001744,8.219E-4,0.0,0.01389,0.003425,0.005298,0.003736,0.204,0.007253,8.448E-4,5.935E-4,0.002118,5.996E-4,
0.0,1346.0,132.5,188.9,180.8,5.625,3.344,0.3602,0.2048,1.135,0.09652,0.0,343.9,0.136,0.9296,0.0841,0.1954,0.414,0.2555,0.9123,2.837,10.98,0.0,343.9,0.136,0.9296,0.0841,0.1954,0.414,0.2555,0.9123,2.837,10.98,0.0,0.0,0.0,0.0,0.0,0.0,0.0,0.0,0.0,0.0,0.0,0.0,0.0,495.0,166.1,41.06,867.3,169.1,3.709,5.036,9.103,4.734,0.0,103.1,12.3,13.17,34.08,51.53,0.6057,0.09567,0.06203,0.1044,0.7792,0.0,0.0,0.0,0.0,0.0,0.0,0.0,0.0,0.0,0.0,0.0,0.0,0.0,0.0,0.0,0.0,0.0,0.0,0.0,0.0,0.0,0.0,0.0,0.0,0.0,0.0,0.0,0.0,0.0,0.0,0.0,0.0,0.0,0.0,0.0,5.355E-4,0.0,49100.0,170600.0,661100.0,386800.0,2.727E7,55200.0,41650.0,33500.0,63790.0,34570.0,0.0,4.984E-37,4.034E-37,3.166E-36,2.471E-36,1.0690000000000001E-36,6.26E-38,4.324E-39,2.155E-39,7.03E-39,6.995E-39,2.08E-35,0.0,0.2717,0.7042,2.346,1.307,0.3891,0.03178,0.004032,0.002877,0.01602,0.006836,0.0,0.0,0.00258,0.02131,0.01343,0.9571,0.001349,0.001058,7.079E-4,0.001757,7.111E-4,0.0,0.01399,0.003577,0.008052,0.005359,0.1988,0.007334,9.536E-4,6.797E-4,0.002132,6.148E-4,
0.0,1331.0,141.4,194.2,183.0,9.588,3.189,0.3563,0.2187,1.146,0.09539,0.0,343.9,0.1541,0.9862,0.07365,0.1331,0.4081,0.1942,1.076,2.74,10.97,0.0,343.9,0.1541,0.9862,0.07365,0.1331,0.4081,0.1942,1.076,2.74,10.97,0.0,0.0,0.0,0.0,0.0,0.0,0.0,0.0,0.0,0.0,0.0,0.0,0.0,511.1,143.8,42.48,879.2,157.8,3.799,7.101,10.98,4.854,0.0,99.59,9.403,10.67,40.2,48.88,0.674,0.1007,0.0619,0.1061,0.7813,0.0,0.0,0.0,0.0,0.0,0.0,0.0,0.0,0.0,0.0,0.0,0.0,0.0,0.0,0.0,0.0,0.0,0.0,0.0,0.0,0.0,0.0,0.0,0.0,0.0,0.0,0.0,0.0,0.0,0.0,0.0,0.0,0.0,0.0,0.0,1.0E-4,0.0,49150.0,110000.0,145600.0,365400.0,2.593E7,52270.0,40770.0,33230.0,61780.0,34260.0,0.0,3.895E-37,4.082E-37,3.452E-36,2.485E-36,7.411E-37,5.977E-38,3.799E-39,2.214E-39,6.404E-39,6.734999999999999E-39,2.08E-35,0.0,0.2123,0.7565,2.411,1.331,0.305,0.03092,0.003922,0.002917,0.01594,0.006769,0.0,0.0,1.24E-4,1.324E-4,0.01375,0.9803,0.001382,0.001083,7.25E-4,0.0018,7.283E-4,0.0,0.01401,0.003274,0.00452,0.005433,0.2025,0.007206,9.624E-4,6.959E-4,0.002152,6.164E-4,
0.0,1331.0,129.5,208.1,186.2,8.579,3.13,0.3576,0.2264,1.159,0.08595,0.0,343.9,0.1179,1.025,0.07234,0.1276,0.4046,0.1943,1.078,3.875,9.838,0.0,343.9,0.1179,1.025,0.07234,0.1276,0.4046,0.1943,1.078,3.875,9.838,0.0,0.0,0.0,0.0,0.0,0.0,0.0,0.0,0.0,0.0,0.0,0.0,0.0,524.7,134.9,38.3,878.1,157.0,3.8,7.276,10.31,4.851,0.0,99.59,9.413,15.39,44.93,34.51,0.7026,0.08391,0.04441,0.06096,0.7725,0.0,0.0,0.0,0.0,0.0,0.0,0.0,0.0,0.0,0.0,0.0,0.0,0.0,0.0,0.0,0.0,0.0,0.0,0.0,0.0,0.0,0.0,0.0,0.0,0.0,0.0,0.0,0.0,0.0,0.0,0.0,0.0,0.0,0.0,0.0,1.0E-4,0.0,49190.0,111800.0,136100.0,148200.0,2.499E7,50900.0,40940.0,33740.0,28030.0,34630.0,0.0,3.895E-37,3.5239999999999998E-37,3.4790000000000005E-36,2.6280000000000003E-36,5.759E-37,5.871E-38,3.5579999999999996E-39,2.106E-39,5.845E-39,6.546E-39,2.08E-35,0.0,0.2123,0.6612,2.502,1.381,0.249,0.03079,0.003871,0.002903,0.01586,0.006684,0.0,0.0,1.28E-4,1.367E-4,0.00429,0.9911,0.001426,0.001118,7.485E-4,2.937E-4,7.519E-4,0.0,0.01403,0.003329,0.004451,0.003889,0.2043,0.007092,9.958E-4,7.106E-4,0.001924,5.987E-4,
0.0,1332.0,125.6,205.3,184.3,8.415,3.076,0.3572,0.2331,1.166,0.07961,0.0,343.9,0.1025,1.023,0.07418,0.1276,0.403,0.1947,1.079,4.459,9.253,0.0,343.9,0.1025,1.023,0.07418,0.1276,0.403,0.1947,1.079,4.459,9.253,0.0,0.0,0.0,0.0,0.0,0.0,0.0,0.0,0.0,0.0,0.0,0.0,0.0,525.8,141.5,36.65,878.9,157.0,3.833,7.288,10.3,4.863,0.0,99.59,9.571,19.28,52.73,28.88,0.7429,0.07787,0.03479,0.05408,0.7711,0.0,0.0,0.0,0.0,0.0,0.0,0.0,0.0,0.0,0.0,0.0,0.0,0.0,0.0,0.0,0.0,0.0,0.0,0.0,0.0,0.0,0.0,0.0,0.0,0.0,0.0,0.0,0.0,0.0,0.0,0.0,0.0,0.0,0.0,0.0,4.752E-4,0.0,49310.0,117900.0,126800.0,71980.0,2.448E7,51840.0,42650.0,35250.0,28820.0,36080.0,0.0,3.998E-37,3.142E-37,3.438E-36,2.678E-36,5.176E-37,5.797E-38,3.355E-39,2.033E-39,5.585E-39,6.481E-39,2.08E-35,0.0,0.2203,0.6304,2.498,1.393,0.2313,0.03072,0.003851,0.002901,0.01587,0.00664,0.0,0.0,1.378E-4,1.471E-4,6.85E-4,0.9944,0.001535,0.001204,8.057E-4,3.162E-4,8.094E-4,0.0,0.0141,0.003321,0.004463,0.003288,0.2045,0.007043,0.001012,7.235E-4,0.001933,5.962E-4,
0.0,1330.0,133.0,189.6,159.6,6.071,3.116,0.3573,0.1498,1.258,0.0929,0.0,343.9,0.1219,1.011,0.08629,0.1939,0.3943,0.1702,1.069,5.476,8.183,0.0,343.9,0.1219,1.011,0.08629,0.1939,0.3943,0.1702,1.069,5.476,8.183,0.0,0.0,0.0,0.0,0.0,0.0,0.0,0.0,0.0,0.0,0.0,0.0,0.0,531.7,137.9,36.57,877.3,156.9,3.753,6.758,11.0,5.155,0.0,98.51,9.951,33.3,72.08,32.02,0.6938,0.07213,0.03171,0.05278,0.7698,0.0,0.0,0.0,0.0,0.0,0.0,0.0,0.0,0.0,0.0,0.0,0.0,0.0,0.0,0.0,0.0,0.0,0.0,0.0,0.0,0.0,0.0,0.0,0.0,0.0,0.0,0.0,0.0,0.0,0.0,0.0,0.0,0.0,0.0,0.0,4.069E-4,0.0,49470.0,145100.0,158500.0,67000.0,2.373E7,48110.0,39100.0,32400.0,38050.0,43910.0,0.0,3.86E-37,3.426E-37,3.392E-36,2.6400000000000002E-36,5.119E-37,5.73E-38,3.217E-39,1.7429999999999998E-39,5.727E-39,6.521999999999999E-39,2.08E-35,0.0,0.217,0.6724,2.446,1.396,0.2326,0.03065,0.003799,0.001741,0.01706,0.006849,0.0,0.0,0.001477,0.001024,3.398E-4,0.9919,0.001422,0.001115,7.461E-4,7.633E-4,0.001258,0.0,0.01417,0.003519,0.004606,0.003253,0.204,0.006957,9.976E-4,7.292E-4,0.001999,6.754E-4,
0.0,1332.0,129.0,195.0,160.8,0.1551,3.205,0.3652,0.1513,1.276,0.08097,0.0,343.9,0.1067,1.026,0.0728,0.1933,0.3871,0.1644,1.067,2.845,10.84,0.0,343.9,0.1067,1.026,0.0728,0.1933,0.3871,0.1644,1.067,2.845,10.84,0.0,0.0,0.0,0.0,0.0,0.0,0.0,0.0,0.0,0.0,0.0,0.0,0.0,529.3,144.1,36.83,878.3,157.0,3.751,6.741,11.07,5.079,0.0,98.55,10.1,28.83,70.91,37.92,0.5965,0.06464,0.03051,0.04946,0.7661,0.0,0.0,0.0,0.0,0.0,0.0,0.0,0.0,0.0,0.0,0.0,0.0,0.0,0.0,0.0,0.0,0.0,0.0,0.0,0.0,0.0,0.0,0.0,0.0,0.0,0.0,0.0,0.0,0.0,0.0,0.0,0.0,0.0,0.0,0.0,6.101E-4,0.0,49750.0,144000.0,157300.0,64950.0,2.279E7,47560.0,38510.0,31750.0,37180.0,43250.0,0.0,4.005E-37,3.052E-37,3.403E-36,2.619E-36,5.117E-37,5.663E-38,3.0989999999999996E-39,1.739E-39,5.678E-39,6.428E-39,2.08E-35,0.0,0.2315,0.6418,2.462,1.392,0.2326,0.03059,0.003806,0.001743,0.01724,0.006653,0.0,0.0,0.001549,0.001074,3.564E-4,0.9915,0.001491,0.001169,7.825E-4,8.005E-4,0.00132,0.0,0.01425,0.003466,0.004619,0.003248,0.2037,0.006894,0.001011,7.393E-4,0.00202,6.667E-4,
0.0,1332.0,128.4,197.8,162.6,0.9998,3.233,0.3689,0.1516,1.276,0.08195,0.0,343.9,0.1066,0.9974,0.09658,0.1974,0.3859,0.1632,1.069,2.818,10.86,0.0,343.9,0.1066,0.9974,0.09658,0.1974,0.3859,0.1632,1.069,2.818,10.86,0.0,0.0,0.0,0.0,0.0,0.0,0.0,0.0,0.0,0.0,0.0,0.0,0.0,530.1,146.1,38.2,879.9,157.0,3.777,6.784,11.1,5.128,0.0,98.55,11.87,30.08,62.96,37.77,0.5654,0.06221,0.03205,0.0463,0.7654,0.0,0.0,0.0,0.0,0.0,0.0,0.0,0.0,0.0,0.0,0.0,0.0,0.0,0.0,0.0,0.0,0.0,0.0,0.0,0.0,0.0,0.0,0.0,0.0,0.0,0.0,0.0,0.0,0.0,0.0,0.0,0.0,0.0,0.0,0.0,1.0E-4,0.0,49780.0,147800.0,158600.0,65880.0,2.224E7,48440.0,39280.0,32990.0,36790.0,44180.0,0.0,4.005E-37,3.065E-37,3.3700000000000005E-36,2.6080000000000002E-36,5.185E-37,5.609E-38,2.9999999999999996E-39,1.7379999999999998E-39,5.525E-39,6.425E-39,2.08E-35,0.0,0.2315,0.6452,2.447,1.394,0.2415,0.03057,0.003816,0.00175,0.01722,0.006663,0.0,0.0,0.001657,0.001149,3.811E-4,0.9909,0.001595,0.00125,8.367E-4,8.56E-4,0.001411,0.0,0.01427,0.003472,0.004601,0.003278,0.2035,0.006886,0.00103,7.54E-4,0.002014,6.85E-4,
0.0,1334.0,128.0,190.0,159.6,0.8289,3.168,0.3741,0.1544,1.254,0.08062,0.0,343.9,0.106,1.009,0.08089,0.2023,0.3839,0.1639,1.073,2.848,10.83,0.0,343.9,0.106,1.009,0.08089,0.2023,0.3839,0.1639,1.073,2.848,10.83,0.0,0.0,0.0,0.0,0.0,0.0,0.0,0.0,0.0,0.0,0.0,0.0,0.0,476.8,146.4,38.8,931.3,157.1,3.825,6.796,10.97,5.152,0.0,98.55,10.05,23.21,78.69,39.85,0.5802,0.06324,0.03196,0.04089,0.7723,0.0,0.0,0.0,0.0,0.0,0.0,0.0,0.0,0.0,0.0,0.0,0.0,0.0,0.0,0.0,0.0,0.0,0.0,0.0,0.0,0.0,0.0,0.0,0.0,0.0,0.0,0.0,0.0,0.0,0.0,0.0,0.0,0.0,0.0,0.0,5.525E-4,0.0,49870.0,147600.0,161000.0,66050.0,2.173E7,48840.0,39890.0,33510.0,37070.0,44980.0,0.0,4.087E-37,3.032E-37,3.346E-36,2.571E-36,5.3219999999999996E-37,5.483E-38,2.911E-39,1.736E-39,5.2849999999999996E-39,6.403E-39,2.08E-35,0.0,0.2421,0.6394,2.435,1.39,0.2449,0.03024,0.003897,0.001785,0.01692,0.00667,0.0,0.0,0.001734,0.001202,3.99E-4,0.9904,0.001669,0.001309,8.759E-4,8.961E-4,0.001477,0.0,0.01433,0.003436,0.004617,0.00329,0.2034,0.006826,0.001043,7.612E-4,0.002012,7.093E-4,
0.0,1334.0,126.7,188.3,162.2,1.421,3.112,0.3719,0.154,1.254,0.08563,0.0,343.9,0.1055,1.01,0.08032,0.2022,0.3827,0.1638,1.073,2.748,10.93,0.0,343.9,0.1055,1.01,0.08032,0.2022,0.3827,0.1638,1.073,2.748,10.93,0.0,0.0,0.0,0.0,0.0,0.0,0.0,0.0,0.0,0.0,0.0,0.0,0.0,474.6,146.8,38.97,925.8,157.1,3.839,6.808,10.98,5.169,0.0,98.55,10.03,24.28,74.34,39.84,3.005,0.06628,0.03207,0.04069,0.7675,0.0,0.0,0.0,0.0,0.0,0.0,0.0,0.0,0.0,0.0,0.0,0.0,0.0,0.0,0.0,0.0,0.0,0.0,0.0,0.0,0.0,0.0,0.0,0.0,0.0,0.0,0.0,0.0,0.0,0.0,0.0,0.0,0.0,0.0,0.0,1.0E-4,0.0,49910.0,149300.0,162300.0,65860.0,2.167E7,50460.0,41190.0,34600.0,38040.0,46430.0,0.0,4.087E-37,2.973E-37,3.3120000000000005E-36,2.565E-36,5.361E-37,6.101E-38,2.812E-39,1.726E-39,5.0699999999999997E-39,6.375999999999999E-39,2.08E-35,0.0,0.2421,0.6318,2.422,1.393,0.2496,0.03989,0.003906,0.001778,0.0169,0.006679,0.0,0.0,0.001808,0.001253,4.159E-4,0.99,0.00174,0.001364,9.13E-4,9.34E-4,0.00154,0.0,0.01434,0.003397,0.004607,0.003307,0.2032,0.006826,0.001054,7.657E-4,0.002016,7.217E-4,
0.0,1335.0,127.3,177.8,162.9,4.337,2.964,0.3144,0.1538,1.253,0.3669,0.0,343.9,0.08242,0.9982,0.07809,0.2613,0.3802,0.1281,1.108,2.832,10.82,0.0,343.9,0.08242,0.9982,0.07809,0.2613,0.3802,0.1281,1.108,2.832,10.82,0.0,0.0,0.0,0.0,0.0,0.0,0.0,0.0,0.0,0.0,0.0,0.0,0.0,477.8,148.5,38.96,922.8,157.1,3.402,7.219,10.98,4.336,0.0,98.55,9.014,30.98,78.93,36.49,0.6707,0.07184,0.03067,0.04199,0.2434,0.0,0.0,0.0,0.0,0.0,0.0,0.0,0.0,0.0,0.0,0.0,0.0,0.0,0.0,0.0,0.0,0.0,0.0,0.0,0.0,0.0,0.0,0.0,0.0,0.0,0.0,0.0,0.0,0.0,0.0,0.0,0.0,0.0,0.0,0.0,1.041E-4,0.0,50020.0,152400.0,162400.0,65600.0,2.133E7,49870.0,42010.0,34360.0,38310.0,49830.0,0.0,4.228E-37,2.981E-37,3.3110000000000004E-36,2.5220000000000003E-36,5.451E-37,5.201E-38,2.1609999999999998E-39,1.7E-39,4.847E-39,4.2949999999999996E-39,2.08E-35,0.0,0.2541,0.6344,2.39,1.413,0.2546,0.02741,0.003022,0.001773,0.01691,0.005303,0.0,0.0,0.001808,0.001253,4.159E-4,0.99,0.00174,0.001364,9.13E-4,9.34E-4,0.00154,0.0,0.01438,0.003367,0.004648,0.003269,0.2031,0.006803,0.001107,7.119E-4,0.002017,6.99E-4,
0.0,1328.0,132.3,181.6,160.7,4.16,2.906,0.3098,0.155,1.252,0.07691,0.0,343.9,0.07122,0.9931,0.07878,0.1983,0.3807,0.188,1.054,2.859,10.86,0.0,343.9,0.07122,0.9931,0.07878,0.1983,0.3807,0.188,1.054,2.859,10.86,0.0,0.0,0.0,0.0,0.0,0.0,0.0,0.0,0.0,0.0,0.0,0.0,0.0,478.0,146.2,39.15,923.0,157.1,3.239,7.342,11.0,3.113,0.0,97.08,8.873,31.77,78.08,38.42,0.7228,0.07579,0.03068,0.0431,0.077,0.0,0.0,0.0,0.0,0.0,0.0,0.0,0.0,0.0,0.0,0.0,0.0,0.0,0.0,0.0,0.0,0.0,0.0,0.0,0.0,0.0,0.0,0.0,0.0,0.0,0.0,0.0,0.0,0.0,0.0,0.0,0.0,0.0,0.0,0.0,5.761E-4,0.0,50050.0,150700.0,150900.0,64530.0,2.186E7,50800.0,43250.0,35510.0,39360.0,48370.0,0.0,3.807E-37,2.901E-37,3.326E-36,2.5120000000000003E-36,5.282E-37,5.192E-38,2.1609999999999998E-39,1.6839999999999998E-39,4.653E-39,1.0239999999999999E-39,2.08E-35,0.0,0.2288,0.6458,2.417,1.415,0.2425,0.02736,0.003019,0.001776,0.01691,0.001049,0.0,0.0,0.001808,0.001253,4.159E-4,0.99,0.00174,0.001364,9.13E-4,9.34E-4,0.00154,0.0,0.0144,0.003331,0.004578,0.003278,0.2033,0.006784,0.001111,7.047E-4,0.002022,6.672E-4,
0.0,1329.0,130.9,189.3,160.1,4.124,2.86,0.3044,0.1569,1.25,0.07447,0.0,343.9,0.06938,0.9947,0.08055,0.1986,0.3763,0.1115,0.7632,2.628,11.46,0.0,343.9,0.06938,0.9947,0.08055,0.1986,0.3763,0.1115,0.7632,2.628,11.46,0.0,0.0,0.0,0.0,0.0,0.0,0.0,0.0,0.0,0.0,0.0,0.0,0.0,482.6,146.1,39.14,921.5,157.1,3.235,7.354,11.0,3.104,0.0,97.08,10.84,27.49,75.03,36.7,0.7673,0.07939,0.03055,0.04399,0.07944,0.0,0.0,0.0,0.0,0.0,0.0,0.0,0.0,0.0,0.0,0.0,0.0,0.0,0.0,0.0,0.0,0.0,0.0,0.0,0.0,0.0,0.0,0.0,0.0,0.0,0.0,0.0,0.0,0.0,0.0,0.0,0.0,0.0,0.0,0.0,1.0E-4,0.0,50130.0,155900.0,148200.0,64020.0,2.288E7,52200.0,45030.0,37020.0,40760.0,50310.0,0.0,3.93E-37,2.88E-37,3.3110000000000004E-36,2.4920000000000002E-36,5.29E-37,5.188E-38,2.1469999999999998E-39,1.6799999999999998E-39,4.468E-39,1.0019999999999999E-39,2.08E-35,0.0,0.2393,0.6509,2.42,1.408,0.2291,0.02737,0.003001,0.001797,0.01689,0.001049,0.0,0.0,0.001808,0.001253,4.159E-4,0.99,0.00174,0.001364,9.13E-4,9.34E-4,0.00154,0.0,0.01442,0.003309,0.00457,0.003246,0.2033,0.006804,0.001107,7.102E-4,0.002018,6.656E-4,
0.0,1331.0,133.1,185.0,148.3,2.625,2.849,0.3031,0.1583,1.242,0.07755,0.0,343.9,0.08249,0.9516,0.1166,0.1922,0.3768,0.1106,0.6809,1.719,12.45,0.0,343.9,0.08249,0.9516,0.1166,0.1922,0.3768,0.1106,0.6809,1.719,12.45,0.0,0.0,0.0,0.0,0.0,0.0,0.0,0.0,0.0,0.0,0.0,0.0,0.0,484.4,145.9,39.7,908.4,157.1,3.214,7.356,10.95,3.101,0.0,96.11,17.14,34.33,70.9,42.01,0.7802,0.0806,0.03053,0.04432,0.08026,0.0,0.0,0.0,0.0,0.0,0.0,0.0,0.0,0.0,0.0,0.0,0.0,0.0,0.0,0.0,0.0,0.0,0.0,0.0,0.0,0.0,0.0,0.0,0.0,0.0,0.0,0.0,0.0,0.0,0.0,0.0,0.0,0.0,0.0,0.0,1.0E-4,0.0,50150.0,159000.0,143700.0,65390.0,2.397E7,54030.0,45850.0,37250.0,41090.0,51280.0,0.0,4.037E-37,3.917E-37,3.263E-36,2.413E-36,5.159E-37,5.181E-38,2.1389999999999998E-39,1.6839999999999998E-39,4.327E-39,9.431E-40,2.08E-35,0.0,0.2387,0.6929,2.412,1.378,0.2227,0.02738,0.003001,0.001822,0.01678,0.001109,0.0,0.0,0.001808,0.001253,4.159E-4,0.99,0.00174,0.001364,9.13E-4,9.34E-4,0.00154,0.0,0.01446,0.0033,0.004551,0.003219,0.2033,0.006805,0.001106,7.138E-4,0.002018,6.631E-4,
0.0,1325.0,150.2,179.1,148.1,1.774,2.942,0.3116,0.1581,1.244,0.0913,0.0,343.9,0.08225,0.9857,0.07813,0.1922,0.3761,0.1106,0.5574,1.5,12.79,0.0,343.9,0.08225,0.9857,0.07813,0.1922,0.3761,0.1106,0.5574,1.5,12.79,0.0,0.0,0.0,0.0,0.0,0.0,0.0,0.0,0.0,0.0,0.0,0.0,0.0,488.2,146.5,39.24,899.6,157.1,3.184,7.326,10.92,3.068,0.0,94.76,11.35,20.39,85.07,42.84,0.671,0.0728,0.03011,0.0417,0.06698,0.0,0.0,0.0,0.0,0.0,0.0,0.0,0.0,0.0,0.0,0.0,0.0,0.0,0.0,0.0,0.0,0.0,0.0,0.0,0.0,0.0,0.0,0.0,0.0,0.0,0.0,0.0,0.0,0.0,0.0,0.0,0.0,0.0,0.0,0.0,1.0E-4,0.0,50180.0,163300.0,146900.0,64720.0,2.525E7,55790.0,46800.0,37470.0,41410.0,52270.0,0.0,3.787E-37,3.247E-37,3.237E-36,2.4310000000000002E-36,5.159E-37,5.167E-38,2.1289999999999998E-39,1.6749999999999998E-39,4.1499999999999995E-39,9.24E-40,2.08E-35,0.0,0.2273,0.7391,2.361,1.384,0.2227,0.02728,0.003008,0.001817,0.01678,0.001113,0.0,0.0,0.001808,0.001253,4.159E-4,0.99,0.00174,0.001364,9.13E-4,9.34E-4,0.00154,0.0,0.01446,0.00331,0.004543,0.003204,0.2033,0.006814,0.001109,7.103E-4,0.002018,6.631E-4,
0.0,1322.0,150.7,182.1,141.6,0.1818,6.392,0.2926,0.1315,1.208,0.09366,0.0,343.9,0.07777,0.9225,0.1124,0.192,0.3986,0.1108,0.5687,1.247,13.03,0.0,343.9,0.07777,0.9225,0.1124,0.192,0.3986,0.1108,0.5687,1.247,13.03,0.0,0.0,0.0,0.0,0.0,0.0,0.0,0.0,0.0,0.0,0.0,0.0,0.0,494.9,147.4,38.87,895.9,158.7,3.163,7.298,10.89,3.043,0.0,93.95,11.88,22.79,81.92,44.35,1.904,0.3909,0.4325,0.5436,0.06408,0.0,0.0,0.0,0.0,0.0,0.0,0.0,0.0,0.0,0.0,0.0,0.0,0.0,0.0,0.0,0.0,0.0,0.0,0.0,0.0,0.0,0.0,0.0,0.0,0.0,0.0,0.0,0.0,0.0,0.0,0.0,0.0,0.0,0.0,0.0,1.0E-4,0.0,50210.0,168800.0,153200.0,63920.0,2.674E7,58430.0,48640.0,38660.0,42550.0,54320.0,0.0,3.573E-37,2.917E-37,3.239E-36,2.3280000000000002E-36,5.1559999999999995E-37,1.2679999999999999E-37,5.001E-39,5.2759999999999996E-39,8.523E-39,9.001E-40,2.08E-35,0.0,0.2145,0.722,2.357,1.361,0.2224,0.06245,0.004132,0.003245,0.0185,0.001111,0.0,0.0,0.001808,0.001253,4.159E-4,0.99,0.00174,0.001364,9.13E-4,9.34E-4,0.00154,0.0,0.0145,0.003312,0.004569,0.003167,0.2032,0.00683,0.001098,7.149E-4,0.002001,6.604E-4,
0.0,1322.0,148.4,180.3,144.5,0.1533,4.054,0.2933,0.1329,1.208,0.09396,0.0,343.9,0.07464,0.9465,0.09617,0.1971,0.3694,0.1133,0.4089,1.247,13.2,0.0,343.9,0.07464,0.9465,0.09617,0.1971,0.3694,0.1133,0.4089,1.247,13.2,0.0,0.0,0.0,0.0,0.0,0.0,0.0,0.0,0.0,0.0,0.0,0.0,0.0,497.4,152.4,38.78,898.1,157.1,3.158,7.291,10.89,3.037,0.0,93.95,13.19,23.11,80.86,44.22,1.898,0.3901,0.432,0.5429,0.06361,0.0,0.0,0.0,0.0,0.0,0.0,0.0,0.0,0.0,0.0,0.0,0.0,0.0,0.0,0.0,0.0,0.0,0.0,0.0,0.0,0.0,0.0,0.0,0.0,0.0,0.0,0.0,0.0,0.0,0.0,0.0,0.0,0.0,0.0,0.0,4.16E-4,0.0,50250.0,174000.0,160700.0,65010.0,2.838E7,61220.0,50850.0,40170.0,44010.0,56830.0,0.0,3.573E-37,2.93E-37,3.232E-36,2.3120000000000002E-36,5.2129999999999994E-37,8.593E-38,4.99E-39,5.269E-39,8.351E-39,8.879E-40,2.08E-35,0.0,0.2145,0.7098,2.359,1.368,0.2272,0.04091,0.004132,0.003259,0.01849,0.00111,0.0,0.0,0.001808,0.001253,4.159E-4,0.99,0.00174,0.001364,9.13E-4,9.34E-4,0.00154,0.0,0.0145,0.003309,0.004611,0.003156,0.2031,0.006803,0.001098,7.199E-4,0.001997,6.59E-4,
0.0,1331.0,136.4,190.7,143.4,0.05053,2.693,0.292,0.1339,1.203,0.09269,0.0,343.9,0.08496,0.9425,0.09287,0.191,0.3733,0.1106,0.4154,1.241,13.19,0.0,343.9,0.08496,0.9425,0.09287,0.191,0.3733,0.1106,0.4154,1.241,13.19,0.0,0.0,0.0,0.0,0.0,0.0,0.0,0.0,0.0,0.0,0.0,0.0,0.0,499.0,151.7,38.86,901.1,157.1,3.151,7.307,10.88,3.037,0.0,95.8,12.78,19.38,79.99,44.2,0.6346,0.07109,0.03081,0.04199,0.06487,0.0,0.0,0.0,0.0,0.0,0.0,0.0,0.0,0.0,0.0,0.0,0.0,0.0,0.0,0.0,0.0,0.0,0.0,0.0,0.0,0.0,0.0,0.0,0.0,0.0,0.0,0.0,0.0,0.0,0.0,0.0,0.0,0.0,0.0,0.0,4.026E-4,0.0,50650.0,178800.0,166700.0,66270.0,3.012E7,64340.0,53530.0,42180.0,45910.0,59840.0,0.0,3.816E-37,3.1109999999999997E-37,3.207E-36,2.321E-36,5.138E-37,5.057E-38,3.238E-39,3.082E-39,5.503E-39,8.739E-40,2.08E-35,0.0,0.2442,0.6925,2.36,1.375,0.2207,0.02776,0.003524,0.002504,0.01748,0.00111,0.0,0.0,0.001808,0.001253,4.159E-4,0.99,0.00174,0.001364,9.13E-4,9.34E-4,0.00154,0.0,0.01453,0.003325,0.004559,0.003124,0.2031,0.006812,0.001101,7.284E-4,0.00199,6.59E-4,
0.0,1331.0,127.6,202.2,142.6,0.04864,3.776,0.3462,0.1502,1.203,0.5362,0.0,343.9,0.09608,0.943,0.1366,0.1956,0.3809,0.1088,0.4171,1.24,13.08,0.0,343.9,0.09608,0.943,0.1366,0.1956,0.3809,0.1088,0.4171,1.24,13.08,0.0,0.0,0.0,0.0,0.0,0.0,0.0,0.0,0.0,0.0,0.0,0.0,0.0,504.2,150.0,40.59,903.4,157.0,3.145,7.315,10.87,3.553,0.0,95.8,13.8,19.69,71.77,45.18,0.7779,0.07786,0.03552,0.04871,0.06692,0.0,0.0,0.0,0.0,0.0,0.0,0.0,0.0,0.0,0.0,0.0,0.0,0.0,0.0,0.0,0.0,0.0,0.0,0.0,0.0,0.0,0.0,0.0,0.0,0.0,0.0,0.0,0.0,0.0,0.0,0.0,0.0,0.0,0.0,0.0,1.001E-4,0.0,50680.0,179100.0,167200.0,66460.0,2.917E7,63570.0,52630.0,41850.0,45420.0,58850.0,0.0,3.816E-37,3.328E-37,3.155E-36,2.227E-36,5.3769999999999994E-37,9.762E-38,3.994E-39,2.893E-39,4.775E-39,9.233E-39,2.08E-35,0.0,0.2443,0.6853,2.348,1.342,0.2325,0.05233,0.003988,0.002447,0.01717,0.00497,0.0,0.0,0.001808,0.001253,4.159E-4,0.99,0.00174,0.001364,9.13E-4,9.34E-4,0.00154,0.0,0.01454,0.003325,0.004523,0.003118,0.2031,0.006803,0.0011,7.306E-4,0.001989,6.948E-4,
0.0,1333.0,123.9,202.7,150.1,0.0317,5.079,0.2868,0.1379,1.198,0.5169,0.0,343.9,0.09628,0.9934,0.089,0.193,0.3701,0.11,0.4223,1.238,13.08,0.0,343.9,0.09628,0.9934,0.089,0.193,0.3701,0.11,0.4223,1.238,13.08,0.0,0.0,0.0,0.0,0.0,0.0,0.0,0.0,0.0,0.0,0.0,0.0,0.0,505.6,152.5,37.82,904.7,157.3,3.171,7.375,10.92,3.687,0.0,95.87,16.52,20.78,69.21,36.9,0.7767,0.0843,0.03944,0.05451,0.0692,0.0,0.0,0.0,0.0,0.0,0.0,0.0,0.0,0.0,0.0,0.0,0.0,0.0,0.0,0.0,0.0,0.0,0.0,0.0,0.0,0.0,0.0,0.0,0.0,0.0,0.0,0.0,0.0,0.0,0.0,0.0,0.0,0.0,0.0,0.0,1.001E-4,0.0,50790.0,178800.0,161600.0,65750.0,2.825E7,61950.0,51870.0,41670.0,45070.0,57980.0,0.0,3.967E-37,3.0299999999999998E-37,3.158E-36,2.211E-36,5.229E-37,1.051E-37,3.515E-39,3.417E-39,5.66E-39,8.833E-39,2.08E-35,0.0,0.2542,0.6538,2.363,1.358,0.2212,0.04927,0.003664,0.002708,0.01763,0.004823,0.0,0.0,0.001808,0.001253,4.159E-4,0.99,0.00174,0.001364,9.13E-4,9.34E-4,0.00154,0.0,0.01456,0.003328,0.004549,0.003065,0.2032,0.006809,0.001103,7.389E-4,0.001983,6.971E-4,
0.0,1334.0,121.4,200.2,160.7,0.02904,2.441,0.2789,0.1382,1.222,0.08697,0.0,343.9,0.08164,0.9433,0.08242,0.2776,0.3622,0.1071,0.4242,1.322,12.99,0.0,343.9,0.08164,0.9433,0.08242,0.2776,0.3622,0.1071,0.4242,1.322,12.99,0.0,0.0,0.0,0.0,0.0,0.0,0.0,0.0,0.0,0.0,0.0,0.0,0.0,504.0,147.9,37.57,903.0,157.5,3.109,7.369,11.05,3.655,0.0,95.87,15.08,23.1,58.44,38.46,4.914,0.08645,0.03793,0.05358,0.1526,0.0,0.0,0.0,0.0,0.0,0.0,0.0,0.0,0.0,0.0,0.0,0.0,0.0,0.0,0.0,0.0,0.0,0.0,0.0,0.0,0.0,0.0,0.0,0.0,0.0,0.0,0.0,0.0,0.0,0.0,0.0,0.0,0.0,0.0,0.0,6.288E-4,0.0,50820.0,178500.0,179200.0,64730.0,2.834E7,65960.0,52410.0,42290.0,45550.0,61250.0,0.0,4.021E-37,2.778E-37,3.1190000000000005E-36,2.2580000000000003E-36,5.647E-37,5.19E-38,3.5029999999999996E-39,3.4049999999999996E-39,5.5639999999999996E-39,1.453E-39,2.08E-35,0.0,0.2631,0.6331,2.358,1.383,0.2348,0.0306,0.003583,0.002696,0.01794,0.001452,0.0,0.0,0.001808,0.001253,4.159E-4,0.99,0.00174,0.001364,9.13E-4,9.34E-4,0.00154,0.0,0.01456,0.003325,0.004364,0.003073,0.2031,0.006802,0.001105,7.39E-4,0.001964,6.954E-4,
0.0,1334.0,121.6,195.1,159.3,0.1196,6.116,0.3028,0.138,1.225,0.08056,0.0,343.9,0.07536,0.9705,0.08252,0.2581,0.362,0.1069,0.652,1.512,12.57,0.0,343.9,0.07536,0.9705,0.08252,0.2581,0.362,0.1069,0.652,1.512,12.57,0.0,0.0,0.0,0.0,0.0,0.0,0.0,0.0,0.0,0.0,0.0,0.0,0.0,496.6,141.8,41.62,901.7,170.8,3.876,3.928,7.778,3.957,0.0,95.87,16.78,24.89,55.97,39.88,4.848,0.08858,0.03668,0.05245,0.2213,0.0,0.0,0.0,0.0,0.0,0.0,0.0,0.0,0.0,0.0,0.0,0.0,0.0,0.0,0.0,0.0,0.0,0.0,0.0,0.0,0.0,0.0,0.0,0.0,0.0,0.0,0.0,0.0,0.0,0.0,0.0,0.0,0.0,0.0,0.0,5.589E-4,0.0,50840.0,168500.0,166200.0,66700.0,2.898E7,74600.0,53170.0,42590.0,45900.0,63390.0,0.0,4.021E-37,2.841E-37,3.141E-36,2.178E-36,5.287E-37,1.085E-37,3.94E-39,3.267E-39,5.2739999999999995E-39,1.129E-39,2.08E-35,0.0,0.2631,0.6416,2.363,1.359,0.2069,0.06798,0.00385,0.002708,0.01801,0.001226,0.0,0.0,0.001808,0.001253,4.159E-4,0.99,0.00174,0.001364,9.13E-4,9.34E-4,0.00154,0.0,0.01456,0.003274,0.00433,0.003097,0.2032,0.006861,0.001109,7.166E-4,0.001952,6.922E-4,
0.0,1332.0,131.4,195.0,168.2,0.02047,2.583,0.2854,0.1147,1.215,0.7481,0.0,343.9,0.105,1.01,0.1032,0.2564,0.3046,0.1065,0.4217,1.417,12.87,0.0,343.9,0.105,1.01,0.1032,0.2564,0.3046,0.1065,0.4217,1.417,12.87,0.0,0.0,0.0,0.0,0.0,0.0,0.0,0.0,0.0,0.0,0.0,0.0,0.0,498.7,138.7,33.82,902.3,181.3,4.127,4.206,7.976,3.971,0.0,95.04,16.84,24.45,44.36,39.86,4.241,0.08062,0.03409,0.04808,0.2185,0.0,0.0,0.0,0.0,0.0,0.0,0.0,0.0,0.0,0.0,0.0,0.0,0.0,0.0,0.0,0.0,0.0,0.0,0.0,0.0,0.0,0.0,0.0,0.0,0.0,0.0,0.0,0.0,0.0,0.0,0.0,0.0,0.0,0.0,0.0,1.0E-4,0.0,50910.0,169500.0,166500.0,65570.0,2.983E7,74960.0,53220.0,42090.0,45590.0,63320.0,0.0,3.892E-37,3.241E-37,3.123E-36,2.1990000000000002E-36,5.268E-37,3.71E-38,3.508E-39,2.7859999999999998E-39,4.886E-39,1.306E-38,2.08E-35,0.0,0.2615,0.6998,2.321,1.378,0.2059,0.02616,0.003602,0.00245,0.01786,0.01069,0.0,0.0,0.001808,0.001253,4.159E-4,0.99,0.00174,0.001364,9.13E-4,9.34E-4,0.00154,0.0,0.01457,0.003286,0.004235,0.003079,0.2032,0.00692,0.001102,7.3E-4,0.00198,6.936E-4,
0.0,1326.0,135.6,198.1,176.5,0.07221,3.322,0.3269,0.1301,1.204,0.09442,0.0,343.9,0.08406,1.009,0.07964,0.2562,0.3023,0.107,0.4231,1.861,12.47,0.0,343.9,0.08406,1.009,0.07964,0.2562,0.3023,0.107,0.4231,1.861,12.47,0.0,0.0,0.0,0.0,0.0,0.0,0.0,0.0,0.0,0.0,0.0,0.0,0.0,491.1,142.7,35.48,895.0,170.6,7.579,8.063,10.55,4.126,0.0,93.86,16.82,23.73,36.38,39.84,3.509,0.05212,0.03175,0.03767,0.1996,0.0,0.0,0.0,0.0,0.0,0.0,0.0,0.0,0.0,0.0,0.0,0.0,0.0,0.0,0.0,0.0,0.0,0.0,0.0,0.0,0.0,0.0,0.0,0.0,0.0,0.0,0.0,0.0,0.0,0.0,0.0,0.0,0.0,0.0,0.0,1.007E-4,0.0,50910.0,171100.0,168700.0,66360.0,3.106E7,75300.0,54360.0,42660.0,46170.0,64610.0,0.0,3.57E-37,3.16E-37,3.22E-36,2.1000000000000002E-36,5.268E-37,3.653E-38,3.641E-39,2.961E-39,4.8799999999999996E-39,1.0649999999999999E-39,2.08E-35,0.0,0.2398,0.6998,2.353,1.376,0.206,0.02588,0.00377,0.00259,0.01756,0.001178,0.0,0.0,0.001808,0.001253,4.159E-4,0.99,0.00174,0.001364,9.13E-4,9.34E-4,0.00154,0.0,0.01456,0.003277,0.004253,0.003068,0.2029,0.00689,0.001115,7.517E-4,0.001991,6.856E-4,
0.0,1327.0,133.4,190.0,165.3,0.2574,3.699,0.3279,0.1405,1.219,0.1027,0.0,343.9,0.06602,1.023,0.09362,0.2448,0.2997,0.1059,0.4272,1.9,12.43,0.0,343.9,0.06602,1.023,0.09362,0.2448,0.2997,0.1059,0.4272,1.9,12.43,0.0,0.0,0.0,0.0,0.0,0.0,0.0,0.0,0.0,0.0,0.0,0.0,0.0,491.8,146.4,35.63,898.0,166.9,8.332,9.019,11.26,3.729,0.0,99.05,13.52,32.58,40.02,44.52,3.116,0.04649,0.03082,0.03527,0.2121,0.0,0.0,0.0,0.0,0.0,0.0,0.0,0.0,0.0,0.0,0.0,0.0,0.0,0.0,0.0,0.0,0.0,0.0,0.0,0.0,0.0,0.0,0.0,0.0,0.0,0.0,0.0,0.0,0.0,0.0,0.0,0.0,0.0,0.0,0.0,1.0E-4,0.0,51220.0,169100.0,170800.0,68410.0,3.257E7,74740.0,56350.0,44020.0,47560.0,65960.0,0.0,3.848E-37,2.61E-37,3.244E-36,2.047E-36,5.235E-37,3.615E-38,3.663E-39,3.005E-39,4.8179999999999997E-39,8.963E-40,2.08E-35,0.0,0.2701,0.6607,2.386,1.354,0.1966,0.02569,0.0037,0.002723,0.0177,0.001198,0.0,0.0,0.001808,0.001253,4.159E-4,0.99,0.00174,0.001364,9.13E-4,9.34E-4,0.00154,0.0,0.01463,0.003267,0.004251,0.003047,0.203,0.006784,0.001123,7.608E-4,0.001972,6.93E-4,
0.0,1327.0,133.2,192.5,170.8,0.1771,4.756,0.3306,0.1406,1.224,0.09835,0.0,343.9,0.06576,1.039,0.08354,0.2382,0.2983,0.1055,0.4248,1.305,13.03,0.0,343.9,0.06576,1.039,0.08354,0.2382,0.2983,0.1055,0.4248,1.305,13.03,0.0,0.0,0.0,0.0,0.0,0.0,0.0,0.0,0.0,0.0,0.0,0.0,0.0,494.4,145.1,34.48,901.0,167.0,7.942,8.579,10.9,3.632,0.0,99.05,18.49,24.32,43.22,35.71,2.934,0.03277,0.01667,0.02249,0.2687,0.0,0.0,0.0,0.0,0.0,0.0,0.0,0.0,0.0,0.0,0.0,0.0,0.0,0.0,0.0,0.0,0.0,0.0,0.0,0.0,0.0,0.0,0.0,0.0,0.0,0.0,0.0,0.0,0.0,0.0,0.0,0.0,0.0,0.0,0.0,1.0E-4,0.0,51240.0,172800.0,172600.0,57310.0,3.407E7,75980.0,54110.0,40520.0,44750.0,64880.0,0.0,3.848E-37,2.662E-37,3.232E-36,2.033E-36,5.057E-37,5.059999999999999E-38,3.624E-39,2.956E-39,4.731E-39,8.645E-40,2.08E-35,0.0,0.2701,0.6658,2.382,1.364,0.1763,0.03417,0.003678,0.002687,0.01774,0.001115,0.0,0.0,0.001808,0.001253,4.159E-4,0.99,0.00174,0.001364,9.13E-4,9.34E-4,0.00154,0.0,0.01465,0.003296,0.004249,0.002948,0.2031,0.006743,0.001085,7.106E-4,0.001933,6.473E-4,
0.0,1330.0,148.0,178.9,171.6,0.3331,6.061,0.3969,0.1592,1.224,0.9305,0.0,343.9,0.1008,1.227,0.08671,0.2377,0.2976,0.1044,0.4411,0.8476,13.24,0.0,343.9,0.1008,1.227,0.08671,0.2377,0.2976,0.1044,0.4411,0.8476,13.24,0.0,0.0,0.0,0.0,0.0,0.0,0.0,0.0,0.0,0.0,0.0,0.0,0.0,474.5,143.7,51.5,900.9,173.7,8.353,9.043,11.31,4.122,0.0,101.5,12.8,24.05,38.31,34.68,4.295,0.03566,0.01832,0.0243,0.2654,0.0,0.0,0.0,0.0,0.0,0.0,0.0,0.0,0.0,0.0,0.0,0.0,0.0,0.0,0.0,0.0,0.0,0.0,0.0,0.0,0.0,0.0,0.0,0.0,0.0,0.0,0.0,0.0,0.0,0.0,0.0,0.0,0.0,0.0,0.0,1.0E-4,0.0,51430.0,156300.0,173800.0,61170.0,3.383E7,76900.0,56850.0,43770.0,47510.0,68100.0,0.0,3.923E-37,3.538E-37,3.174E-36,1.9290000000000002E-36,5.092E-37,7.753E-38,4.869E-39,3.2689999999999996E-39,4.669E-39,1.134E-38,2.08E-35,0.0,0.2806,0.7541,2.276,1.341,0.1747,0.05287,0.004478,0.002909,0.01774,0.01299,0.0,0.0,0.001808,0.001253,4.159E-4,0.99,0.00174,0.001364,9.13E-4,9.34E-4,0.00154,0.0,0.0147,0.003186,0.004224,0.002931,0.2032,0.0067,0.001111,7.657E-4,0.001963,7.024E-4,
0.0,1322.0,147.6,189.7,171.7,0.0476,4.323,0.3135,0.121,1.219,0.09635,0.0,343.9,0.09488,1.029,0.08282,0.2406,0.2915,0.1021,0.3843,0.7177,13.63,0.0,343.9,0.09488,1.029,0.08282,0.2406,0.2915,0.1021,0.3843,0.7177,13.63,0.0,0.0,0.0,0.0,0.0,0.0,0.0,0.0,0.0,0.0,0.0,0.0,0.0,483.0,160.2,31.76,895.5,193.1,3.281,3.456,8.009,3.91,0.0,99.21,7.631,19.33,51.84,34.16,2.814,0.03843,0.01778,0.0245,0.2676,0.0,0.0,0.0,0.0,0.0,0.0,0.0,0.0,0.0,0.0,0.0,0.0,0.0,0.0,0.0,0.0,0.0,0.0,0.0,0.0,0.0,0.0,0.0,0.0,0.0,0.0,0.0,0.0,0.0,0.0,0.0,0.0,0.0,0.0,0.0,9.817E-4,0.0,51470.0,152000.0,166900.0,55100.0,3.142E7,72340.0,52970.0,40770.0,44660.0,64060.0,0.0,3.35E-37,3.1129999999999998E-37,3.185E-36,1.982E-36,5.09E-37,4.029E-38,3.391E-39,2.6969999999999998E-39,4.461E-39,9.319E-40,2.08E-35,0.0,0.2471,0.7203,2.319,1.391,0.1744,0.03091,0.003561,0.002468,0.01772,0.00115,0.0,0.0,0.001808,0.001253,4.159E-4,0.99,0.00174,0.001364,9.13E-4,9.34E-4,0.00154,0.0,0.01472,0.003173,0.00425,0.002899,0.2032,0.006691,0.001086,7.313E-4,0.001951,7.061E-4,
0.0,1322.0,142.5,199.8,182.7,0.03524,3.158,0.3085,0.1294,1.196,0.0984,0.0,343.9,0.0795,1.034,0.09674,0.2407,0.2894,0.1007,0.4659,0.5571,13.71,0.0,343.9,0.0795,1.034,0.09674,0.2407,0.2894,0.1007,0.4659,0.5571,13.71,0.0,0.0,0.0,0.0,0.0,0.0,0.0,0.0,0.0,0.0,0.0,0.0,0.0,485.4,158.0,33.05,894.7,192.1,3.322,3.559,8.002,3.928,0.0,99.21,5.916,19.3,40.81,34.18,0.5961,0.04221,0.01694,0.02469,0.2706,0.0,0.0,0.0,0.0,0.0,0.0,0.0,0.0,0.0,0.0,0.0,0.0,0.0,0.0,0.0,0.0,0.0,0.0,0.0,0.0,0.0,0.0,0.0,0.0,0.0,0.0,0.0,0.0,0.0,0.0,0.0,0.0,0.0,0.0,0.0,1.0E-4,0.0,51480.0,150100.0,160300.0,53390.0,3.062E7,70380.0,51490.0,39730.0,43620.0,62670.0,0.0,3.35E-37,2.7629999999999998E-37,3.201E-36,1.98E-36,5.09E-37,3.859E-38,3.411E-39,2.694E-39,4.399E-39,9.209E-40,2.08E-35,0.0,0.2471,0.6705,2.359,1.403,0.1744,0.02832,0.003555,0.002549,0.01742,0.001218,0.0,0.0,0.001808,0.001253,4.159E-4,0.99,0.00174,0.001364,9.13E-4,9.34E-4,0.00154,0.0,0.01472,0.003128,0.004244,0.002906,0.2032,0.006684,0.001055,7.569E-4,0.001964,7.054E-4,
0.0,1324.0,144.5,197.5,178.2,0.2656,3.083,0.3093,0.1314,1.206,0.09556,0.0,343.9,0.1037,1.03,0.07868,0.2394,0.2859,0.09864,0.4194,0.6071,13.71,0.0,343.9,0.1037,1.03,0.07868,0.2394,0.2859,0.09864,0.4194,0.6071,13.71,0.0,0.0,0.0,0.0,0.0,0.0,0.0,0.0,0.0,0.0,0.0,0.0,0.0,492.5,158.7,34.41,900.3,173.0,4.494,5.296,11.25,4.12,0.0,99.21,5.908,17.11,43.87,35.26,0.6094,0.04747,0.01697,0.0262,0.2741,0.0,0.0,0.0,0.0,0.0,0.0,0.0,0.0,0.0,0.0,0.0,0.0,0.0,0.0,0.0,0.0,0.0,0.0,0.0,0.0,0.0,0.0,0.0,0.0,0.0,0.0,0.0,0.0,0.0,0.0,0.0,0.0,0.0,0.0,0.0,1.0E-4,0.0,51540.0,150800.0,159300.0,56650.0,3.085E7,69710.0,51880.0,39970.0,43940.0,63330.0,0.0,3.576E-37,3.178E-37,3.154E-36,1.9330000000000003E-36,5.144E-37,3.766E-38,3.47E-39,2.769E-39,4.4669999999999997E-39,9.166E-40,2.08E-35,0.0,0.267,0.7264,2.297,1.383,0.178,0.02758,0.003623,0.002596,0.01754,0.001226,0.0,0.0,0.001808,0.001253,4.159E-4,0.99,0.00174,0.001364,9.13E-4,9.34E-4,0.00154,0.0,0.01475,0.003116,0.004218,0.002882,0.2032,0.006561,0.001082,7.498E-4,0.001989,7.061E-4,
0.0,1326.0,139.2,193.5,154.0,13.25,2.622,0.3048,0.1367,1.215,0.08881,0.0,343.9,0.09414,1.039,0.07406,0.2447,0.2855,0.09904,0.2387,0.6833,13.82,0.0,343.9,0.09414,1.039,0.07406,0.2447,0.2855,0.09904,0.2387,0.6833,13.82,0.0,0.0,0.0,0.0,0.0,0.0,0.0,0.0,0.0,0.0,0.0,0.0,0.0,495.9,154.6,34.43,896.9,173.0,4.497,5.318,11.32,4.093,0.0,99.22,5.629,22.24,58.08,35.42,0.664,0.05152,0.01829,0.02845,0.2778,0.0,0.0,0.0,0.0,0.0,0.0,0.0,0.0,0.0,0.0,0.0,0.0,0.0,0.0,0.0,0.0,0.0,0.0,0.0,0.0,0.0,0.0,0.0,0.0,0.0,0.0,0.0,0.0,0.0,0.0,0.0,0.0,0.0,0.0,0.0,5.252E-4,0.0,51630.0,154800.0,162800.0,62040.0,3.174E7,71110.0,53250.0,41280.0,44920.0,65250.0,0.0,3.655E-37,2.917E-37,3.159E-36,1.917E-36,5.21E-37,3.767E-38,3.447E-39,2.7819999999999998E-39,4.4309999999999997E-39,9.024E-40,2.08E-35,0.0,0.2788,0.6897,2.305,1.389,0.1881,0.02732,0.003637,0.002683,0.01767,0.001182,0.0,0.0,0.001808,0.001253,4.159E-4,0.99,0.00174,0.001364,9.13E-4,9.34E-4,0.00154,0.0,0.01476,0.003096,0.004219,0.002902,0.2032,0.006569,0.001077,7.721E-4,0.001965,7.093E-4,
0.0,1326.0,135.3,201.1,151.5,0.258,2.486,0.2998,0.1452,1.196,0.08448,0.0,343.9,0.07551,1.045,0.07929,0.2514,0.2855,0.09879,0.2381,0.5936,13.91,0.0,343.9,0.07551,1.045,0.07929,0.2514,0.2855,0.09879,0.2381,0.5936,13.91,0.0,0.0,0.0,0.0,0.0,0.0,0.0,0.0,0.0,0.0,0.0,0.0,0.0,497.8,155.1,35.59,896.5,173.0,4.499,5.364,11.2,4.077,0.0,99.22,6.535,23.67,54.74,45.97,0.9013,0.05688,0.01849,0.02779,0.2812,0.0,0.0,0.0,0.0,0.0,0.0,0.0,0.0,0.0,0.0,0.0,0.0,0.0,0.0,0.0,0.0,0.0,0.0,0.0,0.0,0.0,0.0,0.0,0.0,0.0,0.0,0.0,0.0,0.0,0.0,0.0,0.0,0.0,0.0,0.0,1.0E-4,0.0,51650.0,157500.0,170200.0,67870.0,3.295E7,73260.0,55300.0,42830.0,46550.0,67910.0,0.0,3.655E-37,2.683E-37,3.129E-36,1.877E-36,5.916E-37,3.761E-38,3.438E-39,2.784E-39,4.391E-39,8.885E-40,2.08E-35,0.0,0.2788,0.6512,2.33,1.379,0.2098,0.02742,0.003643,0.002797,0.0174,0.001187,0.0,0.0,0.001808,0.001253,4.159E-4,0.99,0.00174,0.001364,9.13E-4,9.34E-4,0.00154,0.0,0.01476,0.003092,0.004215,0.002923,0.203,0.006569,0.001074,7.616E-4,0.001984,7.055E-4,
0.0,1326.0,130.6,204.9,154.3,0.1359,2.563,0.3058,0.1383,1.204,0.08867,0.0,343.9,0.06729,1.067,0.07276,0.2426,0.2849,0.099,0.2395,0.7557,13.75,0.0,343.9,0.06729,1.067,0.07276,0.2426,0.2849,0.099,0.2395,0.7557,13.75,0.0,0.0,0.0,0.0,0.0,0.0,0.0,0.0,0.0,0.0,0.0,0.0,0.0,504.8,132.5,31.26,922.5,173.0,4.494,5.319,11.24,4.071,0.0,99.22,4.908,18.28,65.45,38.73,0.6738,0.05183,0.0182,0.02609,0.278,0.0,0.0,0.0,0.0,0.0,0.0,0.0,0.0,0.0,0.0,0.0,0.0,0.0,0.0,0.0,0.0,0.0,0.0,0.0,0.0,0.0,0.0,0.0,0.0,0.0,0.0,0.0,0.0,0.0,0.0,0.0,0.0,0.0,0.0,0.0,4.374E-4,0.0,51720.0,163300.0,177100.0,67820.0,3.449E7,75480.0,57840.0,44840.0,48490.0,71100.0,0.0,3.655E-37,2.56E-37,3.162E-36,1.911E-36,5.147E-37,3.745E-38,3.442E-39,2.776E-39,4.3389999999999995E-39,8.834E-40,2.08E-35,0.0,0.2788,0.6206,2.36,1.404,0.1812,0.02729,0.003647,0.002701,0.01748,0.001198,0.0,0.0,0.001808,0.001253,4.159E-4,0.99,0.00174,0.001364,9.13E-4,9.34E-4,0.00154,0.0,0.01481,0.003106,0.004126,0.0029,0.2033,0.006509,0.001075,7.617E-4,0.00198,7.101E-4,
0.0,1326.0,120.6,211.5,155.1,0.1154,2.639,0.3114,0.1389,1.205,0.09231,0.0,343.9,0.07936,1.047,0.0737,0.2492,0.2833,0.07488,0.2767,0.4083,14.08,0.0,343.9,0.07936,1.047,0.0737,0.2492,0.2833,0.07488,0.2767,0.4083,14.08,0.0,0.0,0.0,0.0,0.0,0.0,0.0,0.0,0.0,0.0,0.0,0.0,0.0,505.4,132.3,33.44,919.0,173.0,4.36,5.498,11.16,4.061,0.0,99.22,5.458,20.11,64.51,39.43,0.6039,0.04623,0.01789,0.02423,0.2744,0.0,0.0,0.0,0.0,0.0,0.0,0.0,0.0,0.0,0.0,0.0,0.0,0.0,0.0,0.0,0.0,0.0,0.0,0.0,0.0,0.0,0.0,0.0,0.0,0.0,0.0,0.0,0.0,0.0,0.0,0.0,0.0,0.0,0.0,0.0,1.0E-4,0.0,51830.0,172600.0,186700.0,69070.0,3.61E7,77740.0,60570.0,46990.0,50560.0,74130.0,0.0,3.656E-37,2.664E-37,3.128E-36,1.899E-36,5.29E-37,3.739E-38,3.433E-39,2.7729999999999998E-39,4.2959999999999997E-39,8.727E-40,2.08E-35,0.0,0.2789,0.5983,2.364,1.403,0.2,0.02729,0.003648,0.002704,0.01747,0.001198,0.0,0.0,0.001808,0.001253,4.159E-4,0.99,0.00174,0.001364,9.13E-4,9.34E-4,0.00154,0.0,0.01489,0.003094,0.004175,0.002911,0.2032,0.006438,0.001078,7.602E-4,0.001979,7.108E-4,
0.0,1327.0,123.0,210.9,149.5,0.1759,5.205,0.3111,0.1405,1.205,0.09314,0.0,343.9,0.09172,1.021,0.08927,0.2472,0.2855,0.07162,0.3441,0.3086,14.11,0.0,343.9,0.09172,1.021,0.08927,0.2472,0.2855,0.07162,0.3441,0.3086,14.11,0.0,0.0,0.0,0.0,0.0,0.0,0.0,0.0,0.0,0.0,0.0,0.0,0.0,502.7,123.4,28.37,936.6,173.0,4.343,5.48,11.14,4.041,0.0,105.5,4.888,14.53,73.45,30.36,0.5898,0.04517,0.01782,0.02389,0.2737,0.0,0.0,0.0,0.0,0.0,0.0,0.0,0.0,0.0,0.0,0.0,0.0,0.0,0.0,0.0,0.0,0.0,0.0,0.0,0.0,0.0,0.0,0.0,0.0,0.0,0.0,0.0,0.0,0.0,0.0,0.0,0.0,0.0,0.0,0.0,1.0E-4,0.0,52100.0,177100.0,174600.0,55170.0,3.786E7,80440.0,63540.0,49360.0,52790.0,77210.0,0.0,3.815E-37,2.641E-37,3.3E-36,1.937E-36,2.688E-37,4.766E-38,3.529E-39,2.798E-39,4.2599999999999996E-39,8.63E-40,2.08E-35,0.0,0.2985,0.6091,2.376,1.404,0.1429,0.03852,0.003626,0.002705,0.01747,0.001199,0.0,0.0,0.001808,0.001253,4.159E-4,0.99,0.00174,0.001364,9.13E-4,9.34E-4,0.00154,0.0,0.01492,0.003082,0.004422,0.002509,0.2034,0.006374,0.001114,7.868E-4,0.001983,7.107E-4,
0.0,1328.0,123.7,207.6,121.2,2.573,3.171,0.3067,0.1331,1.236,0.08921,0.0,343.9,0.09652,0.9799,0.1071,0.2588,0.2907,0.07148,0.3427,0.311,14.11,0.0,343.9,0.09652,0.9799,0.1071,0.2588,0.2907,0.07148,0.3427,0.311,14.11,0.0,0.0,0.0,0.0,0.0,0.0,0.0,0.0,0.0,0.0,0.0,0.0,0.0,489.6,107.5,53.63,940.9,172.5,4.313,5.42,11.27,3.987,0.0,105.5,7.361,17.72,92.93,34.16,0.6698,0.04702,0.01791,0.02453,0.2749,0.0,0.0,0.0,0.0,0.0,0.0,0.0,0.0,0.0,0.0,0.0,0.0,0.0,0.0,0.0,0.0,0.0,0.0,0.0,0.0,0.0,0.0,0.0,0.0,0.0,0.0,0.0,0.0,0.0,0.0,0.0,0.0,0.0,0.0,0.0,0.001139,0.0,52240.0,176000.0,169300.0,70780.0,3.437E7,74580.0,58420.0,45760.0,49470.0,71390.0,0.0,3.8169999999999995E-37,2.581E-37,3.2540000000000005E-36,1.906E-36,3.382E-37,4.3689999999999997E-38,3.5129999999999996E-39,2.7909999999999998E-39,4.265E-39,8.534999999999999E-40,2.08E-35,0.0,0.3027,0.6155,2.319,1.397,0.1999,0.03187,0.003593,0.002609,0.01779,0.001162,0.0,0.0,0.001808,0.001253,4.159E-4,0.99,0.00174,0.001364,9.13E-4,9.34E-4,0.00154,0.0,0.01494,0.00307,0.004377,0.00258,0.2034,0.006352,0.001115,7.906E-4,0.001975,7.111E-4,
0.0,1328.0,117.4,204.4,115.5,0.1552,2.562,0.3033,0.1281,1.243,0.0843,0.0,343.9,0.06338,1.031,0.08855,0.2634,0.2854,0.07018,0.3423,1.032,13.39,0.0,343.9,0.06338,1.031,0.08855,0.2634,0.2854,0.07018,0.3423,1.032,13.39,0.0,0.0,0.0,0.0,0.0,0.0,0.0,0.0,0.0,0.0,0.0,0.0,0.0,485.5,114.3,39.54,954.1,172.8,4.307,5.388,11.29,3.981,0.0,105.5,5.531,17.29,113.7,33.07,0.7224,0.05057,0.0181,0.02575,0.2772,0.0,0.0,0.0,0.0,0.0,0.0,0.0,0.0,0.0,0.0,0.0,0.0,0.0,0.0,0.0,0.0,0.0,0.0,0.0,0.0,0.0,0.0,0.0,0.0,0.0,0.0,0.0,0.0,0.0,0.0,0.0,0.0,0.0,0.0,0.0,1.005E-4,0.0,52250.0,172900.0,165800.0,67410.0,3.277E7,72270.0,55560.0,43410.0,47230.0,68180.0,0.0,3.8169999999999995E-37,1.928E-37,3.276E-36,1.973E-36,3.04E-37,3.662E-38,3.571E-39,2.798E-39,4.2489999999999995E-39,8.401E-40,2.08E-35,0.0,0.3027,0.5419,2.362,1.456,0.1704,0.02717,0.003589,0.00254,0.01789,0.001132,0.0,0.0,0.001808,0.001253,4.159E-4,0.99,0.00174,0.001364,9.13E-4,9.34E-4,0.00154,0.0,0.01494,0.003042,0.004368,0.002581,0.2034,0.006298,0.001154,7.998E-4,0.00199,7.024E-4,
0.0,1328.0,118.6,204.7,112.2,2.314,3.827,0.3098,0.1365,1.243,0.09811,0.0,343.9,0.05244,1.061,0.08191,0.2666,0.284,0.07032,0.3421,1.53,12.88,0.0,343.9,0.05244,1.061,0.08191,0.2666,0.284,0.07032,0.3421,1.53,12.88,0.0,0.0,0.0,0.0,0.0,0.0,0.0,0.0,0.0,0.0,0.0,0.0,0.0,472.5,92.74,42.0,987.2,172.6,4.321,5.403,11.31,4.025,0.0,105.5,5.011,15.27,118.9,28.55,0.6907,0.055,0.01843,0.02736,0.1355,0.0,0.0,0.0,0.0,0.0,0.0,0.0,0.0,0.0,0.0,0.0,0.0,0.0,0.0,0.0,0.0,0.0,0.0,0.0,0.0,0.0,0.0,0.0,0.0,0.0,0.0,0.0,0.0,0.0,0.0,0.0,0.0,0.0,0.0,0.0,1.0E-4,0.0,52250.0,175100.0,186400.0,73740.0,3.238E7,71850.0,54590.0,42420.0,46340.0,65460.0,0.0,3.8169999999999995E-37,1.883E-37,3.295E-36,1.915E-36,3.1529999999999998E-37,5.235E-38,3.687E-39,2.933E-39,4.2409999999999996E-39,1.2959999999999999E-39,2.08E-35,0.0,0.3027,0.5332,2.389,1.413,0.18,0.04184,0.003719,0.002654,0.01791,0.001524,0.0,0.0,0.001808,0.001253,4.159E-4,0.99,0.00174,0.001364,9.13E-4,9.34E-4,0.00154,0.0,0.01494,0.003004,0.004366,0.002576,0.2034,0.006295,0.001164,7.935E-4,0.00199,6.981E-4,
0.0,1328.0,116.2,205.8,113.0,0.337,2.889,0.3032,0.1438,1.213,0.07582,0.0,343.9,0.06351,1.086,0.08285,0.2296,0.2828,0.07048,0.3406,0.635,13.77,0.0,343.9,0.06351,1.086,0.08285,0.2296,0.2828,0.07048,0.3406,0.635,13.77,0.0,0.0,0.0,0.0,0.0,0.0,0.0,0.0,0.0,0.0,0.0,0.0,0.0,473.1,80.94,39.53,996.6,173.3,4.314,5.447,11.14,4.779,0.0,108.7,4.292,24.89,118.0,19.75,0.6888,0.05943,0.01862,0.02877,0.06823,0.0,0.0,0.0,0.0,0.0,0.0,0.0,0.0,0.0,0.0,0.0,0.0,0.0,0.0,0.0,0.0,0.0,0.0,0.0,0.0,0.0,0.0,0.0,0.0,0.0,0.0,0.0,0.0,0.0,0.0,0.0,0.0,0.0,0.0,0.0,1.0E-4,0.0,52710.0,181400.0,163100.0,57060.0,3.283E7,73430.0,54580.0,42160.0,46170.0,66550.0,0.0,4.018E-37,2.471E-37,3.199E-36,1.995E-36,2.509E-37,3.989E-38,3.6E-39,2.865E-39,4.22E-39,7.344E-40,2.08E-35,0.0,0.3251,0.5506,2.394,1.434,0.1191,0.03093,0.003696,0.002765,0.01752,9.974E-4,0.0,0.0,0.001808,0.001253,4.159E-4,0.99,0.00174,0.001364,9.13E-4,9.34E-4,0.00154,0.0,0.01499,0.002991,0.004307,0.002539,0.2034,0.006269,0.00115,8.083E-4,0.001996,7.014E-4,
0.0,1328.0,110.3,211.1,111.0,0.3285,2.817,0.3061,0.1514,1.222,0.06193,0.0,343.9,0.05677,1.09,0.08238,0.2318,0.2812,0.07117,0.3408,1.205,13.2,0.0,343.9,0.05677,1.09,0.08238,0.2318,0.2812,0.07117,0.3408,1.205,13.2,0.0,0.0,0.0,0.0,0.0,0.0,0.0,0.0,0.0,0.0,0.0,0.0,0.0,474.2,80.89,39.43,990.5,173.4,4.304,5.435,11.13,4.85,0.0,112.9,4.297,13.89,127.3,19.76,0.7458,0.06357,0.01864,0.03011,0.07173,0.0,0.0,0.0,0.0,0.0,0.0,0.0,0.0,0.0,0.0,0.0,0.0,0.0,0.0,0.0,0.0,0.0,0.0,0.0,0.0,0.0,0.0,0.0,0.0,0.0,0.0,0.0,0.0,0.0,0.0,0.0,0.0,0.0,0.0,0.0,5.35E-4,0.0,55780.0,184800.0,161500.0,51890.0,3.364E7,74970.0,55130.0,42160.0,46500.0,66870.0,0.0,4.056E-37,2.3089999999999997E-37,3.194E-36,1.9940000000000003E-36,2.521E-37,4.123E-38,3.583E-39,2.8489999999999998E-39,4.068E-39,7.192E-40,2.08E-35,0.0,0.3562,0.5171,2.411,1.408,0.129,0.03152,0.003742,0.00281,0.01749,9.556E-4,0.0,0.0,0.001808,0.001253,4.159E-4,0.99,0.00174,0.001364,9.13E-4,9.34E-4,0.00154,0.0,0.01506,0.002979,0.004332,0.002478,0.2031,0.006219,0.00116,8.187E-4,0.002028,6.687E-4,
0.0,1328.0,96.83,222.1,114.3,0.2242,3.116,0.3096,0.1537,1.224,0.6531,0.0,343.9,0.09903,1.132,0.1106,0.2318,0.2823,0.07119,0.4082,1.562,12.67,0.0,343.9,0.09903,1.132,0.1106,0.2318,0.2823,0.07119,0.4082,1.562,12.67,0.0,0.0,0.0,0.0,0.0,0.0,0.0,0.0,0.0,0.0,0.0,0.0,0.0,472.8,84.37,33.42,978.1,174.9,4.282,5.415,11.11,7.779,0.0,112.9,4.33,14.63,124.0,19.86,0.7367,0.06348,0.01768,0.02982,0.07131,0.0,0.0,0.0,0.0,0.0,0.0,0.0,0.0,0.0,0.0,0.0,0.0,0.0,0.0,0.0,0.0,0.0,0.0,0.0,0.0,0.0,0.0,0.0,0.0,0.0,0.0,0.0,0.0,0.0,0.0,0.0,0.0,0.0,0.0,0.0,4.798E-4,0.0,55830.0,189200.0,160900.0,50790.0,3.49E7,77190.0,56640.0,42980.0,47430.0,68630.0,0.0,4.104E-37,2.245E-37,3.184E-36,1.986E-36,2.521E-37,4.203E-38,3.596E-39,2.86E-39,4.036E-39,3.0889999999999996E-39,2.08E-35,0.0,0.3629,0.476,2.44,1.406,0.129,0.03347,0.003775,0.002836,0.01751,0.005001,0.0,0.0,0.001808,0.001253,4.159E-4,0.99,0.00174,0.001364,9.13E-4,9.34E-4,0.00154,0.0,0.01508,0.003024,0.004319,0.002382,0.2031,0.006178,0.00117,8.143E-4,0.002033,7.077E-4,
0.0,1322.0,104.1,223.6,121.6,0.2328,5.965,0.372,0.1576,1.244,0.4702,0.0,344.0,0.08901,1.149,0.1052,0.2295,0.3338,0.06784,0.3685,1.562,12.65,0.0,344.0,0.08901,1.149,0.1052,0.2295,0.3338,0.06784,0.3685,1.562,12.65,0.0,0.0,0.0,0.0,0.0,0.0,0.0,0.0,0.0,0.0,0.0,0.0,0.0,468.7,73.21,36.75,978.1,192.4,3.64,5.016,10.3,6.982,0.0,112.0,4.064,9.741,117.0,19.51,0.8742,0.04199,0.0164,0.02248,0.1055,0.0,0.0,0.0,0.0,0.0,0.0,0.0,0.0,0.0,0.0,0.0,0.0,0.0,0.0,0.0,0.0,0.0,0.0,0.0,0.0,0.0,0.0,0.0,0.0,0.0,0.0,0.0,0.0,0.0,0.0,0.0,0.0,0.0,0.0,0.0,4.482E-4,0.0,56990.0,192600.0,151900.0,50070.0,3.638E7,80460.0,58530.0,44430.0,48790.0,71410.0,0.0,3.826E-37,2.236E-37,3.199E-36,1.969E-36,2.13E-37,5.316E-38,3.33E-39,2.841E-39,3.957E-39,2.7149999999999998E-39,2.08E-35,0.0,0.3445,0.5064,2.446,1.378,0.1153,0.05508,0.003975,0.002847,0.01757,0.004119,0.0,0.0,0.001808,0.001253,4.159E-4,0.99,0.00174,0.001364,9.13E-4,9.34E-4,0.00154,0.0,0.01513,0.003,0.004073,0.002443,0.2032,0.006167,0.001151,8.126E-4,0.002031,7.505E-4,
0.0,1324.0,104.9,222.3,130.8,0.4042,4.776,0.3658,0.1605,1.242,0.3296,0.0,344.0,0.09802,1.124,0.1065,0.2272,0.2111,0.06515,0.3693,1.56,12.79,0.0,344.0,0.09802,1.124,0.1065,0.2272,0.2111,0.06515,0.3693,1.56,12.79,0.0,0.0,0.0,0.0,0.0,0.0,0.0,0.0,0.0,0.0,0.0,0.0,0.0,471.2,75.09,36.58,978.7,189.2,4.169,5.41,11.06,6.598,0.0,112.0,3.712,12.68,105.1,19.47,0.3081,0.02828,0.01567,0.01793,0.04917,0.0,0.0,0.0,0.0,0.0,0.0,0.0,0.0,0.0,0.0,0.0,0.0,0.0,0.0,0.0,0.0,0.0,0.0,0.0,0.0,0.0,0.0,0.0,0.0,0.0,0.0,0.0,0.0,0.0,0.0,0.0,0.0,0.0,0.0,0.0,1.0E-4,0.0,57080.0,193300.0,150400.0,51020.0,3.8E7,83650.0,61100.0,46330.0,50620.0,74380.0,0.0,3.889E-37,2.402E-37,3.1700000000000004E-36,1.967E-36,2.13E-37,4.462E-38,3.2329999999999996E-39,2.8489999999999998E-39,3.93E-39,1.784E-39,2.08E-35,0.0,0.3557,0.519,2.426,1.381,0.1153,0.0434,0.003874,0.00288,0.01753,0.002803,0.0,0.0,0.001808,0.001253,4.159E-4,0.99,0.00174,0.001364,9.13E-4,9.34E-4,0.00154,0.0,0.01514,0.00298,0.004083,0.002428,0.2032,0.006136,0.001164,8.189E-4,0.002034,7.294E-4,
0.0,1324.0,106.9,223.2,141.2,0.4168,6.531,0.3762,0.1427,1.278,0.3444,0.0,344.0,0.08993,1.14,0.1051,0.2231,0.2132,0.06244,0.3688,1.03,13.32,0.0,344.0,0.08993,1.14,0.1051,0.2231,0.2132,0.06244,0.3688,1.03,13.32,0.0,0.0,0.0,0.0,0.0,0.0,0.0,0.0,0.0,0.0,0.0,0.0,0.0,472.4,75.13,36.74,978.1,188.5,4.206,5.251,11.17,6.584,0.0,112.0,3.647,10.51,92.03,19.44,0.4561,0.03653,0.02685,0.02716,0.05969,0.0,0.0,0.0,0.0,0.0,0.0,0.0,0.0,0.0,0.0,0.0,0.0,0.0,0.0,0.0,0.0,0.0,0.0,0.0,0.0,0.0,0.0,0.0,0.0,0.0,0.0,0.0,0.0,0.0,0.0,0.0,0.0,0.0,0.0,0.0,9.411E-4,0.0,57130.0,191300.0,145600.0,50280.0,3.583E7,78820.0,56630.0,42670.0,47100.0,69610.0,0.0,3.89E-37,2.281E-37,3.175E-36,1.946E-36,2.09E-37,5.831E-38,3.157E-39,2.6879999999999998E-39,3.933E-39,1.825E-39,2.08E-35,0.0,0.3557,0.517,2.435,1.372,0.1053,0.05497,0.003852,0.002628,0.01792,0.002924,0.0,0.0,0.001808,0.001253,4.159E-4,0.99,0.00174,0.001364,9.13E-4,9.34E-4,0.00154,0.0,0.01516,0.003003,0.004062,0.002459,0.203,0.006099,0.001143,7.943E-4,0.002019,7.115E-4,
0.0,1324.0,113.7,216.2,151.4,0.2811,5.156,0.3815,0.1433,1.26,0.3467,0.0,344.0,0.09107,1.152,0.09435,0.2228,0.2002,0.07151,0.3686,1.684,12.67,0.0,344.0,0.09107,1.152,0.09435,0.2228,0.2002,0.07151,0.3686,1.684,12.67,0.0,0.0,0.0,0.0,0.0,0.0,0.0,0.0,0.0,0.0,0.0,0.0,0.0,465.2,83.29,36.98,980.4,188.5,4.364,5.406,11.2,6.766,0.0,112.0,3.689,9.403,84.58,19.53,0.2135,0.03789,0.02902,0.0289,0.06158,0.0,0.0,0.0,0.0,0.0,0.0,0.0,0.0,0.0,0.0,0.0,0.0,0.0,0.0,0.0,0.0,0.0,0.0,0.0,0.0,0.0,0.0,0.0,0.0,0.0,0.0,0.0,0.0,0.0,0.0,0.0,0.0,0.0,0.0,0.0,1.0E-4,0.0,57190.0,188100.0,142400.0,48690.0,3.358E7,74980.0,54010.0,41050.0,45410.0,67030.0,0.0,3.89E-37,2.341E-37,3.1500000000000004E-36,1.9550000000000002E-36,2.09E-37,4.672E-38,3.147E-39,2.699E-39,3.9089999999999996E-39,1.82E-39,2.08E-35,0.0,0.3557,0.5415,2.407,1.385,0.1052,0.04521,0.003914,0.002639,0.01768,0.002952,0.0,0.0,0.001808,0.001253,4.159E-4,0.99,0.00174,0.001364,9.13E-4,9.34E-4,0.00154,0.0,0.01518,0.002991,0.004067,0.00249,0.2031,0.006043,0.001159,8.063E-4,0.00204,7.242E-4,
0.0,1322.0,102.2,227.0,149.7,0.6495,6.745,0.3819,0.1459,1.262,0.3436,0.0,344.0,0.08432,1.105,0.1403,0.2266,0.2025,0.07119,0.3682,1.808,12.55,0.0,344.0,0.08432,1.105,0.1403,0.2266,0.2025,0.07119,0.3682,1.808,12.55,0.0,0.0,0.0,0.0,0.0,0.0,0.0,0.0,0.0,0.0,0.0,0.0,0.0,469.1,80.28,37.44,983.0,188.5,4.37,5.412,11.21,6.759,0.0,111.4,3.939,15.08,79.65,21.01,0.9757,0.03978,0.02898,0.0295,0.06268,0.0,0.0,0.0,0.0,0.0,0.0,0.0,0.0,0.0,0.0,0.0,0.0,0.0,0.0,0.0,0.0,0.0,0.0,0.0,0.0,0.0,0.0,0.0,0.0,0.0,0.0,0.0,0.0,0.0,0.0,0.0,0.0,0.0,0.0,0.0,7.567E-4,0.0,57200.0,190000.0,138000.0,52170.0,3.285E7,74010.0,52740.0,40020.0,44490.0,65890.0,0.0,3.753E-37,2.212E-37,3.13E-36,1.8880000000000003E-36,2.6369999999999997E-37,6.657E-38,3.159E-39,2.73E-39,3.887E-39,1.804E-39,2.08E-35,0.0,0.3432,0.4964,2.448,1.367,0.1189,0.06352,0.003943,0.002675,0.01769,0.00294,0.0,0.0,0.001808,0.001253,4.159E-4,0.99,0.00174,0.001364,9.13E-4,9.34E-4,0.00154,0.0,0.01519,0.003058,0.004001,0.002498,0.2031,0.006017,0.001163,7.979E-4,0.002067,7.074E-4,
0.0,1322.0,102.0,227.6,159.8,0.3547,5.603,0.3841,0.154,1.261,0.3429,0.0,344.0,0.08376,1.158,0.09598,0.2219,0.1994,0.07039,0.3706,1.94,12.41,0.0,344.0,0.08376,1.158,0.09598,0.2219,0.1994,0.07039,0.3706,1.94,12.41,0.0,0.0,0.0,0.0,0.0,0.0,0.0,0.0,0.0,0.0,0.0,0.0,0.0,470.9,81.43,36.43,979.1,188.5,4.364,5.42,11.19,6.766,0.0,111.4,4.268,11.77,74.93,20.22,0.2807,0.04403,0.02925,0.03103,0.06231,0.0,0.0,0.0,0.0,0.0,0.0,0.0,0.0,0.0,0.0,0.0,0.0,0.0,0.0,0.0,0.0,0.0,0.0,0.0,0.0,0.0,0.0,0.0,0.0,0.0,0.0,0.0,0.0,0.0,0.0,0.0,0.0,0.0,0.0,0.0,6.148E-4,0.0,57300.0,192400.0,136500.0,51090.0,3.312E7,74830.0,53170.0,40370.0,44840.0,66600.0,0.0,3.753E-37,2.191E-37,3.116E-36,1.905E-36,2.567E-37,4.739E-38,3.255E-39,2.815E-39,3.86E-39,1.794E-39,2.08E-35,0.0,0.3432,0.4952,2.448,1.39,0.1129,0.04837,0.00402,0.002767,0.01769,0.002934,0.0,0.0,0.001808,0.001253,4.159E-4,0.99,0.00174,0.001364,9.13E-4,9.34E-4,0.00154,0.0,0.0152,0.00303,0.004015,0.00249,0.2031,0.005955,0.001183,8.156E-4,0.002067,7.06E-4,
0.0,1324.0,104.6,224.9,173.3,0.1898,5.519,0.3778,0.156,1.257,0.3379,0.0,344.0,0.08464,1.157,0.09645,0.2218,0.1981,0.07041,0.3717,2.288,12.06,0.0,344.0,0.08464,1.157,0.09645,0.2218,0.1981,0.07041,0.3717,2.288,12.06,0.0,0.0,0.0,0.0,0.0,0.0,0.0,0.0,0.0,0.0,0.0,0.0,0.0,470.1,81.89,36.64,971.3,188.5,4.343,5.398,11.17,6.728,0.0,111.4,5.617,9.177,60.18,20.39,0.363,0.05041,0.02964,0.03324,0.06611,0.0,0.0,0.0,0.0,0.0,0.0,0.0,0.0,0.0,0.0,0.0,0.0,0.0,0.0,0.0,0.0,0.0,0.0,0.0,0.0,0.0,0.0,0.0,0.0,0.0,0.0,0.0,0.0,0.0,0.0,0.0,0.0,0.0,0.0,0.0,5.321E-4,0.0,57400.0,195300.0,136200.0,50060.0,3.398E7,76550.0,54650.0,41540.0,45950.0,68050.0,0.0,3.8379999999999995E-37,2.218E-37,3.0920000000000004E-36,1.8940000000000002E-36,2.568E-37,4.721E-38,3.228E-39,2.8129999999999998E-39,3.835E-39,1.786E-39,2.08E-35,0.0,0.3563,0.5047,2.425,1.39,0.113,0.04834,0.004021,0.0028,0.01766,0.002922,0.0,0.0,0.001808,0.001253,4.159E-4,0.99,0.00174,0.001364,9.13E-4,9.34E-4,0.00154,0.0,0.01524,0.003015,0.004003,0.002494,0.203,0.005929,0.001192,8.214E-4,0.002067,7.008E-4,
0.0,1326.0,105.2,225.7,176.4,0.9723,6.895,0.3658,0.1493,1.232,0.3328,0.0,344.0,0.08221,1.173,0.09769,0.2273,0.1782,0.07051,0.3715,2.286,12.06,0.0,344.0,0.08221,1.173,0.09769,0.2273,0.1782,0.07051,0.3715,2.286,12.06,0.0,0.0,0.0,0.0,0.0,0.0,0.0,0.0,0.0,0.0,0.0,0.0,0.0,468.8,75.04,38.24,968.5,199.8,3.632,4.323,9.195,6.592,0.0,112.9,4.122,8.124,53.02,20.41,0.451,0.0587,0.02984,0.03564,0.07143,0.0,0.0,0.0,0.0,0.0,0.0,0.0,0.0,0.0,0.0,0.0,0.0,0.0,0.0,0.0,0.0,0.0,0.0,0.0,0.0,0.0,0.0,0.0,0.0,0.0,0.0,0.0,0.0,0.0,0.0,0.0,0.0,0.0,0.0,0.0,4.819E-4,0.0,57770.0,197300.0,135400.0,49730.0,3.519E7,78570.0,56640.0,43010.0,47360.0,70030.0,0.0,4.018E-37,2.1039999999999997E-37,3.0790000000000003E-36,1.8710000000000002E-36,2.6189999999999998E-37,4.6569999999999997E-38,3.13E-39,2.699E-39,3.613E-39,1.767E-39,2.08E-35,0.0,0.3801,0.4923,2.42,1.374,0.1193,0.05182,0.00398,0.002724,0.01739,0.002926,0.0,0.0,0.001808,0.001253,4.159E-4,0.99,0.00174,0.001364,9.13E-4,9.34E-4,0.00154,0.0,0.01528,0.002983,0.003963,0.002497,0.2028,0.005964,0.001189,8.126E-4,0.002058,6.986E-4,
0.0,1322.0,108.8,219.8,174.9,0.8823,6.39,0.3521,0.1647,1.242,0.3237,0.0,344.0,0.1001,1.151,0.124,0.1366,0.1812,0.06765,0.3843,2.598,11.8,0.0,344.0,0.1001,1.151,0.124,0.1366,0.1812,0.06765,0.3843,2.598,11.8,0.0,0.0,0.0,0.0,0.0,0.0,0.0,0.0,0.0,0.0,0.0,0.0,0.0,464.3,69.46,37.88,985.0,190.6,4.426,5.563,11.31,4.548,0.0,112.1,3.329,13.01,60.87,16.69,0.5587,0.06971,0.03098,0.03963,0.06069,0.0,0.0,0.0,0.0,0.0,0.0,0.0,0.0,0.0,0.0,0.0,0.0,0.0,0.0,0.0,0.0,0.0,0.0,0.0,0.0,0.0,0.0,0.0,0.0,0.0,0.0,0.0,0.0,0.0,0.0,0.0,0.0,0.0,0.0,0.0,1.0E-4,0.0,57800.0,160700.0,134500.0,35820.0,3.37E7,34590.0,46330.0,36420.0,40360.0,30950.0,0.0,3.826E-37,2.294E-37,3.053E-36,1.8910000000000003E-36,2.259E-37,4.517E-38,3.096E-39,2.6999999999999997E-39,3.601E-39,1.668E-39,2.08E-35,0.0,0.362,0.5316,2.402,1.393,0.09814,0.0497,0.003923,0.00293,0.01755,0.002819,0.0,0.0,9.076E-4,7.926E-4,6.278E-5,0.9948,4.82E-4,0.001057,7.076E-4,7.239E-4,4.267E-4,0.0,0.01529,0.002789,0.003977,0.002428,0.2032,0.005703,0.001145,8.037E-4,0.002005,5.113E-4,
0.0,1322.0,105.6,223.7,181.6,0.1979,5.272,0.3432,0.1672,1.241,0.3137,0.0,344.0,0.07867,1.186,0.09901,0.1234,0.1808,0.06733,0.3765,2.576,11.84,0.0,344.0,0.07867,1.186,0.09901,0.1234,0.1808,0.06733,0.3765,2.576,11.84,0.0,0.0,0.0,0.0,0.0,0.0,0.0,0.0,0.0,0.0,0.0,0.0,0.0,466.6,73.29,37.83,988.2,190.0,4.509,5.672,11.49,4.562,0.0,112.1,3.464,12.22,54.49,17.24,0.6881,0.08018,0.03136,0.04302,0.06731,0.0,0.0,0.0,0.0,0.0,0.0,0.0,0.0,0.0,0.0,0.0,0.0,0.0,0.0,0.0,0.0,0.0,0.0,0.0,0.0,0.0,0.0,0.0,0.0,0.0,0.0,0.0,0.0,0.0,0.0,0.0,0.0,0.0,0.0,0.0,7.769E-4,0.0,57850.0,154800.0,129200.0,34050.0,3.161E7,33160.0,45230.0,35960.0,39810.0,30540.0,0.0,3.826E-37,2.88E-37,3.0290000000000005E-36,1.843E-36,2.051E-37,4.122E-38,3.007E-39,2.6329999999999998E-39,3.587E-39,1.661E-39,2.08E-35,0.0,0.362,0.5054,2.423,1.4,0.083,0.04415,0.003853,0.002877,0.01758,0.002779,0.0,0.0,9.284E-4,8.108E-4,6.422E-5,0.9947,4.93E-4,0.001082,7.238E-4,7.405E-4,4.365E-4,0.0,0.01529,0.002859,0.003904,0.002425,0.2028,0.005696,0.001136,7.958E-4,0.00201,5.045E-4,
0.0,1325.0,106.7,221.0,177.8,0.08043,4.967,0.3156,0.1426,1.259,0.3071,0.0,344.0,0.09284,1.163,0.1077,0.1232,0.1803,0.06984,0.3694,2.581,11.84,0.0,344.0,0.09284,1.163,0.1077,0.1232,0.1803,0.06984,0.3694,2.581,11.84,0.0,0.0,0.0,0.0,0.0,0.0,0.0,0.0,0.0,0.0,0.0,0.0,0.0,470.1,73.53,37.93,986.1,190.0,4.554,5.602,11.62,4.581,0.0,112.1,3.427,14.99,54.9,17.36,0.8142,0.09049,0.03191,0.04645,0.0739,0.0,0.0,0.0,0.0,0.0,0.0,0.0,0.0,0.0,0.0,0.0,0.0,0.0,0.0,0.0,0.0,0.0,0.0,0.0,0.0,0.0,0.0,0.0,0.0,0.0,0.0,0.0,0.0,0.0,0.0,0.0,0.0,0.0,0.0,0.0,7.074E-4,0.0,57980.0,150900.0,126100.0,32530.0,2.998E7,33020.0,46230.0,36920.0,40850.0,31130.0,0.0,3.955E-37,3.76E-37,2.9210000000000003E-36,1.8360000000000002E-36,2.051E-37,3.893E-38,3.0899999999999996E-39,2.5429999999999998E-39,3.57E-39,1.6569999999999998E-39,2.08E-35,0.0,0.3852,0.5439,2.352,1.41,0.08299,0.04342,0.003823,0.002582,0.01781,0.002779,0.0,0.0,0.001002,8.751E-4,6.932E-5,0.9943,5.321E-4,0.001167,7.812E-4,7.992E-4,4.711E-4,0.0,0.01533,0.002856,0.003898,0.002421,0.2024,0.005672,0.001146,8.006E-4,0.002027,5.099E-4,
0.0,1320.0,114.4,222.8,180.4,0.6416,3.658,0.3224,0.1609,1.253,0.322,0.0,344.0,0.09267,1.164,0.107,0.1234,0.178,0.07097,0.3664,1.887,12.53,0.0,344.0,0.09267,1.164,0.107,0.1234,0.178,0.07097,0.3664,1.887,12.53,0.0,0.0,0.0,0.0,0.0,0.0,0.0,0.0,0.0,0.0,0.0,0.0,0.0,470.5,70.66,38.63,985.9,190.0,4.558,5.593,11.6,4.602,0.0,110.4,1.763,12.93,50.58,19.95,0.6504,0.07694,0.03104,0.04184,0.06512,0.0,0.0,0.0,0.0,0.0,0.0,0.0,0.0,0.0,0.0,0.0,0.0,0.0,0.0,0.0,0.0,0.0,0.0,0.0,0.0,0.0,0.0,0.0,0.0,0.0,0.0,0.0,0.0,0.0,0.0,0.0,0.0,0.0,0.0,0.0,8.094E-4,0.0,58070.0,149800.0,120900.0,35430.0,2.829E7,31760.0,45390.0,36740.0,40500.0,31190.0,0.0,3.66E-37,3.766E-37,2.916E-36,1.818E-36,2.059E-37,3.3719999999999997E-38,3.069E-39,2.5979999999999998E-39,3.546E-39,1.652E-39,2.08E-35,0.0,0.3606,0.5647,2.36,1.398,0.09506,0.03497,0.003786,0.002722,0.01766,0.002865,0.0,0.0,0.001021,8.918E-4,7.064E-5,0.9942,5.423E-4,0.00119,7.961E-4,8.144E-4,4.801E-4,0.0,0.01538,0.002849,0.003921,0.002407,0.2024,0.005599,0.001166,8.213E-4,0.002017,5.196E-4,
0.0,1321.0,112.5,223.4,181.3,1.223,3.715,0.3275,0.1616,1.26,0.3188,0.0,344.0,0.08203,1.12,0.1059,0.1757,0.1779,0.07047,0.3214,1.246,13.22,0.0,344.0,0.08203,1.12,0.1059,0.1757,0.1779,0.07047,0.3214,1.246,13.22,0.0,0.0,0.0,0.0,0.0,0.0,0.0,0.0,0.0,0.0,0.0,0.0,0.0,362.2,68.51,37.04,1100.0,196.7,3.935,4.601,9.832,4.474,0.0,110.4,1.541,11.52,47.72,22.29,0.5964,0.07393,0.03172,0.0413,0.06286,0.0,0.0,0.0,0.0,0.0,0.0,0.0,0.0,0.0,0.0,0.0,0.0,0.0,0.0,0.0,0.0,0.0,0.0,0.0,0.0,0.0,0.0,0.0,0.0,0.0,0.0,0.0,0.0,0.0,0.0,0.0,0.0,0.0,0.0,0.0,1.0E-4,0.0,58130.0,737000.0,406000.0,44190.0,2.6E7,28550.0,38510.0,31610.0,35440.0,27490.0,0.0,3.721E-37,2.895E-37,2.9750000000000002E-36,1.802E-36,2.253E-37,3.375E-38,3.12E-39,2.627E-39,3.559E-39,1.667E-39,2.08E-35,0.0,0.3693,0.5271,2.353,1.386,0.1398,0.03505,0.003834,0.002754,0.01775,0.002809,0.0,0.0,0.02669,0.01356,4.698E-4,0.9561,4.565E-4,0.001001,6.702E-4,6.856E-4,4.042E-4,0.0,0.01539,0.007057,0.00586,0.002478,0.1962,0.005607,0.001133,7.975E-4,0.002,4.945E-4,
0.0,1321.0,106.2,213.9,180.9,6.268,8.571,0.2243,0.1643,1.308,0.3979,0.0,344.0,0.08726,1.127,0.1369,0.1247,0.1845,0.06718,0.3809,1.22,13.18,0.0,344.0,0.08726,1.127,0.1369,0.1247,0.1845,0.06718,0.3809,1.22,13.18,0.0,0.0,0.0,0.0,0.0,0.0,0.0,0.0,0.0,0.0,0.0,0.0,0.0,345.2,60.36,37.98,1119.0,190.7,4.1,5.761,11.83,4.358,0.0,110.4,2.637,15.6,47.18,23.63,0.4525,0.03233,0.0302,0.03049,0.0418,0.0,0.0,0.0,0.0,0.0,0.0,0.0,0.0,0.0,0.0,0.0,0.0,0.0,0.0,0.0,0.0,0.0,0.0,0.0,0.0,0.0,0.0,0.0,0.0,0.0,0.0,0.0,0.0,0.0,0.0,0.0,0.0,0.0,0.0,0.0,1.0E-4,0.0,58170.0,138300.0,110800.0,43070.0,2.526E7,28560.0,38480.0,31520.0,35410.0,27080.0,0.0,3.721E-37,3.394E-37,3.0040000000000002E-36,1.754E-36,1.657E-37,3.685E-38,2.271E-39,2.5799999999999998E-39,3.462E-39,1.511E-39,2.08E-35,0.0,0.3693,0.5285,2.336,1.404,0.1144,0.05245,0.00273,0.002672,0.01786,0.002871,0.0,0.0,6.487E-4,8.405E-4,5.163E-4,0.9945,5.017E-4,0.001101,7.366E-4,7.535E-4,4.442E-4,0.0,0.0154,0.002812,0.003815,0.002482,0.2024,0.005623,0.001113,8.106E-4,0.002017,4.87E-4,
0.0,1323.0,106.5,212.3,183.6,6.22,4.975,0.2016,0.1621,1.283,0.3584,0.0,344.0,0.106,1.126,0.1192,0.12,0.1688,0.06636,0.4495,0.8829,13.45,0.0,344.0,0.106,1.126,0.1192,0.12,0.1688,0.06636,0.4495,0.8829,13.45,0.0,0.0,0.0,0.0,0.0,0.0,0.0,0.0,0.0,0.0,0.0,0.0,0.0,344.1,75.63,31.39,1116.0,186.0,4.248,5.822,11.98,4.321,0.0,119.1,2.81,14.1,41.98,22.19,0.117,0.03006,0.02987,0.02815,0.0387,0.0,0.0,0.0,0.0,0.0,0.0,0.0,0.0,0.0,0.0,0.0,0.0,0.0,0.0,0.0,0.0,0.0,0.0,0.0,0.0,0.0,0.0,0.0,0.0,0.0,0.0,0.0,0.0,0.0,0.0,0.0,0.0,0.0,0.0,0.0,6.265E-4,0.0,58690.0,135000.0,104400.0,41760.0,2.428E7,28440.0,38520.0,31530.0,35450.0,26900.0,0.0,4.224E-37,3.0679999999999997E-37,2.971E-36,1.751E-36,1.5559999999999999E-37,3.839E-38,2.2109999999999998E-39,2.5659999999999998E-39,3.419E-39,2.178E-39,2.08E-35,0.0,0.4166,0.5267,2.308,1.396,0.1049,0.04121,0.002617,0.002672,0.01771,0.003223,0.0,0.0,6.825E-4,8.844E-4,5.433E-4,0.9942,5.279E-4,0.001158,7.75E-4,7.929E-4,4.674E-4,0.0,0.01544,0.002806,0.00388,0.002444,0.2022,0.005512,0.001125,8.187E-4,0.002033,5.002E-4,
0.0,1324.0,109.0,214.0,173.5,6.216,3.298,0.1118,0.1678,1.264,0.3561,0.0,344.0,0.1122,1.14,0.1047,0.1196,0.1984,0.02754,0.4498,1.298,13.04,0.0,344.0,0.1122,1.14,0.1047,0.1196,0.1984,0.02754,0.4498,1.298,13.04,0.0,0.0,0.0,0.0,0.0,0.0,0.0,0.0,0.0,0.0,0.0,0.0,0.0,341.4,80.84,33.62,1109.0,181.9,4.3,5.892,11.91,4.635,0.0,119.1,3.079,14.69,47.45,22.14,0.1181,0.02993,0.02961,0.02804,0.03519,0.0,0.0,0.0,0.0,0.0,0.0,0.0,0.0,0.0,0.0,0.0,0.0,0.0,0.0,0.0,0.0,0.0,0.0,0.0,0.0,0.0,0.0,0.0,0.0,0.0,0.0,0.0,0.0,0.0,0.0,0.0,0.0,0.0,0.0,0.0,4.934E-4,0.0,58760.0,130700.0,101400.0,42200.0,2.362E7,29240.0,38120.0,32070.0,36010.0,27170.0,0.0,4.267E-37,3.487E-37,2.9430000000000003E-36,1.7300000000000002E-36,1.5549999999999999E-37,2.402E-38,2.135E-39,2.5609999999999998E-39,3.385E-39,2.132E-39,2.08E-35,0.0,0.4293,0.5518,2.292,1.39,0.1048,0.0249,0.001688,0.002747,0.01746,0.003166,0.0,0.0,7.202E-4,9.332E-4,5.733E-4,0.9938,5.571E-4,0.001222,8.178E-4,8.366E-4,4.932E-4,0.0,0.01547,0.002841,0.003887,0.002407,0.2017,0.005946,6.53E-4,8.231E-4,0.00204,5.075E-4,
0.0,1332.0,107.2,207.9,169.3,6.21,3.274,0.112,0.166,1.267,0.3533,0.0,344.0,0.1035,1.143,0.1144,0.1154,0.1986,0.02782,0.4438,2.422,11.92,0.0,344.0,0.1035,1.143,0.1144,0.1154,0.1986,0.02782,0.4438,2.422,11.92,0.0,0.0,0.0,0.0,0.0,0.0,0.0,0.0,0.0,0.0,0.0,0.0,0.0,338.8,84.41,33.64,1109.0,181.9,4.349,5.893,11.97,4.646,0.0,129.3,2.972,18.45,38.01,21.37,0.1425,0.03057,0.02978,0.02872,0.03446,0.0,0.0,0.0,0.0,0.0,0.0,0.0,0.0,0.0,0.0,0.0,0.0,0.0,0.0,0.0,0.0,0.0,0.0,0.0,0.0,0.0,0.0,0.0,0.0,0.0,0.0,0.0,0.0,0.0,0.0,0.0,0.0,0.0,0.0,0.0,1.0E-4,0.0,59250.0,128000.0,105100.0,43100.0,2.319E7,29480.0,39470.0,33050.0,37200.0,27710.0,0.0,5.335E-37,3.1329999999999998E-37,2.9310000000000003E-36,1.658E-36,1.517E-37,2.391E-38,2.128E-39,2.5519999999999998E-39,3.366E-39,2.1199999999999998E-39,2.08E-35,0.0,0.4791,0.5315,2.282,1.374,0.1003,0.02491,0.001695,0.002734,0.01749,0.003134,0.0,0.0,7.666E-4,9.933E-4,6.102E-4,0.9935,5.929E-4,0.001301,8.704E-4,8.905E-4,5.25E-4,0.0,0.01554,0.00281,0.003899,0.002379,0.2013,0.005907,7.102E-4,8.191E-4,0.002079,4.88E-4,
0.0,1335.0,113.8,195.3,171.8,6.206,3.767,0.1114,0.1657,1.267,0.3505,0.0,344.0,0.1159,1.135,0.1049,0.1182,0.1963,0.08136,0.4193,2.809,11.5,0.0,344.0,0.1159,1.135,0.1049,0.1182,0.1963,0.08136,0.4193,2.809,11.5,0.0,0.0,0.0,0.0,0.0,0.0,0.0,0.0,0.0,0.0,0.0,0.0,0.0,339.1,84.46,33.55,1111.0,181.9,4.376,5.919,11.98,4.661,0.0,129.3,2.861,18.2,39.86,19.76,0.1733,0.03148,0.02982,0.02972,0.03627,0.0,0.0,0.0,0.0,0.0,0.0,0.0,0.0,0.0,0.0,0.0,0.0,0.0,0.0,0.0,0.0,0.0,0.0,0.0,0.0,0.0,0.0,0.0,0.0,0.0,0.0,0.0,0.0,0.0,0.0,0.0,0.0,0.0,0.0,0.0,7.616E-4,0.0,59490.0,127100.0,103800.0,44740.0,2.223E7,29120.0,39290.0,33130.0,37170.0,27950.0,0.0,5.798E-37,3.804E-37,2.8300000000000002E-36,1.6170000000000002E-36,1.5959999999999999E-37,2.8179999999999997E-38,2.119E-39,2.54E-39,3.346E-39,2.104E-39,2.08E-35,0.0,0.5097,0.5766,2.205,1.366,0.1028,0.03017,0.001696,0.002735,0.0175,0.003121,0.0,0.0,7.836E-4,0.001015,6.237E-4,0.9933,6.061E-4,0.00133,8.897E-4,9.102E-4,5.366E-4,0.0,0.0156,0.002822,0.0039,0.002343,0.1995,0.005813,7.725E-4,8.231E-4,0.002105,4.632E-4,
0.0,1335.0,108.6,203.9,170.9,6.064,3.496,0.08014,0.1567,1.253,0.2856,0.0,344.0,0.11,1.133,0.1128,0.1137,0.2021,0.08052,0.4035,1.533,12.79,0.0,344.0,0.11,1.133,0.1128,0.1137,0.2021,0.08052,0.4035,1.533,12.79,0.0,0.0,0.0,0.0,0.0,0.0,0.0,0.0,0.0,0.0,0.0,0.0,0.0,336.7,82.7,34.14,1118.0,183.7,3.782,5.354,11.49,3.845,0.0,129.3,2.531,16.69,38.62,21.07,0.05789,0.03324,0.03492,0.03119,0.03529,0.0,0.0,0.0,0.0,0.0,0.0,0.0,0.0,0.0,0.0,0.0,0.0,0.0,0.0,0.0,0.0,0.0,0.0,0.0,0.0,0.0,0.0,0.0,0.0,0.0,0.0,0.0,0.0,0.0,0.0,0.0,0.0,0.0,0.0,0.0,1.0E-4,0.0,59520.0,113200.0,100200.0,55280.0,2.193E7,36120.0,34320.0,27750.0,32530.0,22170.0,0.0,5.798E-37,3.188E-37,2.881E-36,1.6040000000000002E-36,1.578E-37,3.498E-38,2.087E-39,2.5439999999999998E-39,3.2969999999999996E-39,2.037E-39,2.08E-35,0.0,0.5097,0.5391,2.259,1.352,0.09603,0.0351,0.001568,0.002684,0.01761,0.002849,0.0,0.0,7.836E-4,0.001015,6.237E-4,0.9933,6.061E-4,0.00133,8.897E-4,9.102E-4,5.366E-4,0.0,0.01561,0.00268,0.003831,0.002461,0.1997,0.005904,7.228E-4,7.789E-4,0.002054,3.976E-4,
0.0,1349.0,102.0,202.3,151.6,0.1128,3.253,0.0791,0.1487,1.254,0.3223,0.0,344.0,0.1031,1.068,0.09471,0.1847,0.1915,0.0759,0.405,1.651,12.7,0.0,344.0,0.1031,1.068,0.09471,0.1847,0.1915,0.0759,0.405,1.651,12.7,0.0,0.0,0.0,0.0,0.0,0.0,0.0,0.0,0.0,0.0,0.0,0.0,0.0,342.2,93.81,32.65,1082.0,185.4,3.735,5.327,11.54,4.072,0.0,139.4,3.576,14.45,41.78,28.88,0.1017,0.02426,0.02099,0.02006,0.01884,0.0,0.0,0.0,0.0,0.0,0.0,0.0,0.0,0.0,0.0,0.0,0.0,0.0,0.0,0.0,0.0,0.0,0.0,0.0,0.0,0.0,0.0,0.0,0.0,0.0,0.0,0.0,0.0,0.0,0.0,0.0,0.0,0.0,0.0,0.0,1.0E-4,0.0,61230.0,270400.0,425900.0,39780.0,2.114E7,99630.0,28320.0,23900.0,28540.0,19980.0,0.0,7.015E-37,3.056E-37,2.722E-36,1.5500000000000003E-36,2.348E-37,4.248E-38,2.1519999999999998E-39,2.5609999999999998E-39,3.3229999999999996E-39,2.079E-39,2.08E-35,0.0,0.6203,0.5016,2.173,1.293,0.1679,0.03504,0.001643,0.002658,0.01772,0.002902,0.0,0.0,0.009398,0.01856,5.439E-4,0.9648,0.003977,9.726E-4,6.509E-4,6.659E-4,3.925E-4,0.0,0.01575,0.004112,0.006703,0.002261,0.195,0.00637,6.802E-4,7.461E-4,0.002038,4.284E-4,
0.0,1352.0,103.4,200.4,144.6,0.02937,2.721,0.1181,0.1965,1.317,0.3225,0.0,344.0,0.1164,1.147,0.08923,0.1133,0.1761,0.07318,0.4049,2.565,11.78,0.0,344.0,0.1164,1.147,0.08923,0.1133,0.1761,0.07318,0.4049,2.565,11.78,0.0,0.0,0.0,0.0,0.0,0.0,0.0,0.0,0.0,0.0,0.0,0.0,0.0,333.9,83.36,33.62,1103.0,183.0,4.169,5.784,11.96,4.602,0.0,139.4,7.293,13.56,41.22,30.22,0.08692,0.02743,0.0245,0.02318,0.02245,0.0,0.0,0.0,0.0,0.0,0.0,0.0,0.0,0.0,0.0,0.0,0.0,0.0,0.0,0.0,0.0,0.0,0.0,0.0,0.0,0.0,0.0,0.0,0.0,0.0,0.0,0.0,0.0,0.0,0.0,0.0,0.0,0.0,0.0,0.0,1.0E-4,0.0,61370.0,104800.0,119900.0,41810.0,2.09E7,41840.0,30380.0,26250.0,30620.0,22360.0,0.0,7.279E-37,3.5439999999999998E-37,2.7890000000000003E-36,1.4780000000000001E-36,1.574E-37,2.724E-38,1.573E-39,1.875E-39,2.473E-39,2.061E-39,2.08E-35,0.0,0.641,0.5504,2.214,1.256,0.09826,0.02513,0.00138,0.002371,0.0174,0.002875,0.0,0.0,1.328E-4,0.001458,5.618E-4,0.9943,7.572E-4,0.001005,6.724E-4,6.879E-4,4.055E-4,0.0,0.01577,0.002622,0.003945,0.002286,0.1994,0.005859,7.165E-4,7.84E-4,0.002076,4.654E-4,
0.0,1352.0,115.6,199.3,137.9,0.02876,2.708,0.1196,0.1949,1.318,0.3216,0.0,344.0,0.11,1.157,0.0834,0.1109,0.1731,0.07377,0.4102,2.789,11.55,0.0,344.0,0.11,1.157,0.0834,0.1109,0.1731,0.07377,0.4102,2.789,11.55,0.0,0.0,0.0,0.0,0.0,0.0,0.0,0.0,0.0,0.0,0.0,0.0,0.0,334.8,83.46,33.64,1095.0,183.1,4.203,5.837,11.95,4.615,0.0,136.1,6.507,15.5,38.58,30.42,0.09169,0.02776,0.02471,0.02348,0.02268,0.0,0.0,0.0,0.0,0.0,0.0,0.0,0.0,0.0,0.0,0.0,0.0,0.0,0.0,0.0,0.0,0.0,0.0,0.0,0.0,0.0,0.0,0.0,0.0,0.0,0.0,0.0,0.0,0.0,0.0,0.0,0.0,0.0,0.0,0.0,4.709E-4,0.0,61580.0,101800.0,86800.0,40450.0,2.046E7,41090.0,30430.0,25940.0,30470.0,21780.0,0.0,6.414E-37,2.7409999999999997E-37,2.841E-36,1.4520000000000001E-36,1.623E-37,2.697E-38,1.5489999999999998E-39,1.849E-39,2.439E-39,2.055E-39,2.08E-35,0.0,0.5688,0.6112,2.225,1.248,0.1,0.02505,0.001393,0.002347,0.0174,0.002864,0.0,0.0,1.41E-4,2.17E-5,5.965E-4,0.9955,8.04E-4,0.001067,7.139E-4,7.303E-4,4.305E-4,0.0,0.01585,0.002566,0.003784,0.00225,0.1994,0.005808,7.302E-4,7.887E-4,0.002085,4.647E-4,
0.0,1353.0,120.2,184.7,128.2,0.3219,2.393,0.1203,0.1937,1.319,0.3187,0.0,344.0,0.1047,1.137,0.09931,0.108,0.1772,0.07385,0.4101,3.542,10.8,0.0,344.0,0.1047,1.137,0.09931,0.108,0.1772,0.07385,0.4101,3.542,10.8,0.0,0.0,0.0,0.0,0.0,0.0,0.0,0.0,0.0,0.0,0.0,0.0,0.0,332.6,87.64,33.62,1095.0,183.1,4.244,5.858,11.97,4.62,0.0,140.8,6.035,21.84,46.37,30.39,0.1067,0.02825,0.02494,0.02382,0.02315,0.0,0.0,0.0,0.0,0.0,0.0,0.0,0.0,0.0,0.0,0.0,0.0,0.0,0.0,0.0,0.0,0.0,0.0,0.0,0.0,0.0,0.0,0.0,0.0,0.0,0.0,0.0,0.0,0.0,0.0,0.0,0.0,0.0,0.0,0.0,4.53E-4,0.0,63480.0,97070.0,79460.0,40570.0,2.012E7,41530.0,31280.0,26440.0,31060.0,21970.0,0.0,6.637E-37,2.251E-37,2.877E-36,1.421E-36,1.544E-37,3.091E-38,1.526E-39,1.823E-39,2.4039999999999998E-39,2.0489999999999998E-39,2.08E-35,0.0,0.5946,0.5977,2.207,1.249,0.0954,0.0284,0.001407,0.002332,0.01741,0.002842,0.0,0.0,1.515E-4,2.332E-5,6.41E-4,0.9952,8.64E-4,0.001146,7.671E-4,7.848E-4,4.627E-4,0.0,0.01596,0.002557,0.003785,0.002236,0.1992,0.005746,7.442E-4,7.943E-4,0.0021,4.612E-4,
0.0,1355.0,107.3,198.0,131.0,0.412,4.86,0.1201,0.1981,1.309,0.3243,0.0,344.0,0.1057,1.153,0.09393,0.106,0.1728,0.07405,0.4205,4.432,9.893,0.0,344.0,0.1057,1.153,0.09393,0.106,0.1728,0.07405,0.4205,4.432,9.893,0.0,0.0,0.0,0.0,0.0,0.0,0.0,0.0,0.0,0.0,0.0,0.0,0.0,337.0,81.85,34.78,1095.0,183.1,4.258,5.885,11.91,4.654,0.0,140.8,5.967,16.17,44.11,30.69,0.1124,0.02868,0.02509,0.02422,0.02377,0.0,0.0,0.0,0.0,0.0,0.0,0.0,0.0,0.0,0.0,0.0,0.0,0.0,0.0,0.0,0.0,0.0,0.0,0.0,0.0,0.0,0.0,0.0,0.0,0.0,0.0,0.0,0.0,0.0,0.0,0.0,0.0,0.0,0.0,0.0,1.0E-4,0.0,63790.0,93960.0,76500.0,40350.0,1.993E7,41740.0,31850.0,26940.0,31520.0,22330.0,0.0,6.8169999999999995E-37,2.378E-37,2.778E-36,1.4090000000000002E-36,2.032E-37,4.007E-38,1.501E-39,1.791E-39,2.3629999999999998E-39,2.043E-39,2.08E-35,0.0,0.6126,0.5393,2.242,1.234,0.1074,0.03717,0.001407,0.002391,0.01726,0.002935,0.0,0.0,1.568E-4,2.413E-5,6.632E-4,0.995,8.939E-4,0.001186,7.937E-4,8.12E-4,4.787E-4,0.0,0.01602,0.00249,0.003741,0.002271,0.199,0.005716,7.503E-4,8.032E-4,0.002099,4.64E-4,
0.0,1346.0,129.6,190.9,132.4,0.3302,6.182,0.212,0.1222,1.315,0.3167,0.0,344.0,0.113,1.148,0.08586,0.1042,0.1721,0.2613,0.2243,3.105,11.23,0.0,344.0,0.113,1.148,0.08586,0.1042,0.1721,0.2613,0.2243,3.105,11.23,0.0,0.0,0.0,0.0,0.0,0.0,0.0,0.0,0.0,0.0,0.0,0.0,0.0,338.0,81.86,34.82,1090.0,183.2,5.114,5.126,12.0,4.633,0.0,137.6,5.299,13.38,40.32,30.89,1.117,0.03416,0.02559,0.0251,0.02481,0.0,0.0,0.0,0.0,0.0,0.0,0.0,0.0,0.0,0.0,0.0,0.0,0.0,0.0,0.0,0.0,0.0,0.0,0.0,0.0,0.0,0.0,0.0,0.0,0.0,0.0,0.0,0.0,0.0,0.0,0.0,0.0,0.0,0.0,0.0,2.407E-4,0.0,63900.0,94260.0,74760.0,41250.0,1.991E7,43310.0,35280.0,27780.0,33350.0,23660.0,0.0,5.962E-37,1.861E-37,2.8150000000000003E-36,1.405E-36,1.713E-37,5.271E-38,1.6119999999999998E-39,1.7519999999999998E-39,2.316E-39,2.041E-39,2.08E-35,0.0,0.5368,0.6579,2.203,1.223,0.09903,0.04917,0.002366,0.001549,0.01735,0.002847,0.0,0.0,1.742E-4,2.682E-5,7.37E-4,0.9944,9.933E-4,0.001318,8.82E-4,9.023E-4,5.319E-4,0.0,0.01607,0.002503,0.003723,0.002292,0.1987,0.005673,0.001117,4.701E-4,0.002119,4.656E-4,
0.0,1342.0,112.4,201.0,148.1,5.444,8.75,0.2859,0.1083,1.315,0.3156,0.0,344.0,0.1022,1.158,0.08466,0.1048,0.169,0.2632,0.2232,3.115,11.22,0.0,344.0,0.1022,1.158,0.08466,0.1048,0.169,0.2632,0.2232,3.115,11.22,0.0,0.0,0.0,0.0,0.0,0.0,0.0,0.0,0.0,0.0,0.0,0.0,0.0,339.0,81.94,34.86,1082.0,183.1,5.094,5.086,11.98,4.61,0.0,136.2,6.25,11.1,30.97,30.84,0.156,0.03025,0.02572,0.02573,0.02589,0.0,0.0,0.0,0.0,0.0,0.0,0.0,0.0,0.0,0.0,0.0,0.0,0.0,0.0,0.0,0.0,0.0,0.0,0.0,0.0,0.0,0.0,0.0,0.0,0.0,0.0,0.0,0.0,0.0,0.0,0.0,0.0,0.0,0.0,0.0,1.0E-4,0.0,64110.0,94280.0,77450.0,41440.0,1.999E7,43940.0,35750.0,28330.0,33820.0,24290.0,0.0,5.779E-37,2.036E-37,2.777E-36,1.4280000000000001E-36,1.702E-37,3.882E-38,1.906E-39,1.651E-39,2.263E-39,2.0389999999999998E-39,2.08E-35,0.0,0.5154,0.5871,2.23,1.258,0.1208,0.05619,0.002818,0.001465,0.01736,0.002846,0.0,0.0,1.742E-4,2.682E-5,7.37E-4,0.9944,9.933E-4,0.001318,8.82E-4,9.023E-4,5.319E-4,0.0,0.01615,0.00249,0.003724,0.002309,0.1987,0.005636,0.001104,4.497E-4,0.002118,4.643E-4,
0.0,1334.0,135.8,192.7,150.6,5.165,7.094,0.2732,0.1112,1.3,1.695,0.0,344.0,0.1048,1.147,0.1004,0.1048,0.156,0.2986,0.1885,3.687,10.66,0.0,344.0,0.1048,1.147,0.1004,0.1048,0.156,0.2986,0.1885,3.687,10.66,0.0,0.0,0.0,0.0,0.0,0.0,0.0,0.0,0.0,0.0,0.0,0.0,0.0,338.0,82.17,37.63,1071.0,183.1,5.262,4.911,11.85,4.623,0.0,133.4,4.638,9.497,27.68,31.1,0.19,0.03091,0.02588,0.02651,0.03919,0.0,0.0,0.0,0.0,0.0,0.0,0.0,0.0,0.0,0.0,0.0,0.0,0.0,0.0,0.0,0.0,0.0,0.0,0.0,0.0,0.0,0.0,0.0,0.0,0.0,0.0,0.0,0.0,0.0,0.0,0.0,0.0,0.0,0.0,0.0,5.45E-4,0.0,64130.0,94020.0,75990.0,43670.0,2.079E7,44740.0,37210.0,29670.0,35090.0,25430.0,0.0,5.084E-37,1.747E-37,2.748E-36,1.4120000000000001E-36,1.702E-37,3.493E-38,1.85E-39,1.615E-39,2.2109999999999998E-39,4.3049999999999997E-39,2.08E-35,0.0,0.4524,0.7106,2.166,1.266,0.1208,0.04748,0.002758,0.001514,0.01711,0.004073,0.0,0.0,1.742E-4,2.682E-5,7.37E-4,0.9944,9.933E-4,0.001318,8.82E-4,9.023E-4,5.319E-4,0.0,0.01617,0.002492,0.003627,0.002384,0.1987,0.005607,0.00109,4.629E-4,0.002131,4.684E-4,
0.0,1337.0,127.0,194.4,156.2,6.612,4.736,0.1752,0.1082,1.298,1.701,0.0,344.0,0.1287,1.102,0.09879,0.1275,0.158,0.2895,0.1938,3.687,10.66,0.0,344.0,0.1287,1.102,0.09879,0.1275,0.158,0.2895,0.1938,3.687,10.66,0.0,0.0,0.0,0.0,0.0,0.0,0.0,0.0,0.0,0.0,0.0,0.0,0.0,336.9,89.07,39.23,1058.0,182.5,5.192,4.778,11.7,4.521,0.0,133.4,4.577,10.86,20.72,35.6,0.2138,0.03963,0.02804,0.02942,0.03392,0.0,0.0,0.0,0.0,0.0,0.0,0.0,0.0,0.0,0.0,0.0,0.0,0.0,0.0,0.0,0.0,0.0,0.0,0.0,0.0,0.0,0.0,0.0,0.0,0.0,0.0,0.0,0.0,0.0,0.0,0.0,0.0,0.0,0.0,0.0,5.088E-4,0.0,66060.0,96730.0,203300.0,51370.0,2.112E7,30830.0,37940.0,27030.0,32240.0,24160.0,0.0,5.533E-37,2.089E-37,2.6530000000000002E-36,1.353E-36,2.035E-37,4.739E-38,1.3569999999999999E-39,1.5939999999999998E-39,2.176E-39,4.315E-39,2.08E-35,0.0,0.4872,0.6839,2.152,1.241,0.1544,0.04181,0.002179,0.001524,0.01711,0.004084,0.0,0.0,8.867E-5,0.006441,0.001135,0.9892,7.781E-5,0.001281,6.655E-4,6.809E-4,4.014E-4,0.0,0.0163,0.002512,0.00472,0.002419,0.1976,0.005407,0.001072,4.381E-4,0.002091,4.483E-4,
0.0,1338.0,124.0,197.3,146.0,6.166,3.573,0.1748,0.1047,1.328,1.69,0.0,344.0,0.1044,1.117,0.1316,0.1085,0.1468,0.2912,0.2695,2.349,11.92,0.0,344.0,0.1044,1.117,0.1316,0.1085,0.1468,0.2912,0.2695,2.349,11.92,0.0,0.0,0.0,0.0,0.0,0.0,0.0,0.0,0.0,0.0,0.0,0.0,0.0,336.9,84.66,39.33,1061.0,182.5,5.323,4.811,11.87,4.543,0.0,133.4,4.01,16.01,23.92,38.44,0.2115,0.04111,0.02894,0.03026,0.03191,0.0,0.0,0.0,0.0,0.0,0.0,0.0,0.0,0.0,0.0,0.0,0.0,0.0,0.0,0.0,0.0,0.0,0.0,0.0,0.0,0.0,0.0,0.0,0.0,0.0,0.0,0.0,0.0,0.0,0.0,0.0,0.0,0.0,0.0,0.0,3.352E-4,0.0,66180.0,95310.0,94730.0,54400.0,2.109E7,30540.0,41210.0,29180.0,34310.0,25750.0,0.0,5.724E-37,1.6899999999999999E-37,2.6720000000000002E-36,1.361E-36,1.905E-37,2.787E-38,1.297E-39,1.5449999999999998E-39,2.114E-39,4.301E-39,2.08E-35,0.0,0.5012,0.6502,2.185,1.25,0.1446,0.03007,0.002149,0.001471,0.01734,0.004037,0.0,0.0,1.004E-4,2.683E-4,0.001285,0.9948,8.811E-5,0.00145,7.536E-4,7.71E-4,4.545E-4,0.0,0.01634,0.002512,0.003716,0.002451,0.1981,0.005386,0.001104,4.512E-4,0.002114,4.445E-4,
0.0,1339.0,123.6,196.5,150.2,5.182,3.602,0.1756,0.1129,1.302,1.698,0.0,344.0,0.1047,1.159,0.1003,0.1058,0.1506,0.2771,0.2826,2.333,11.92,0.0,344.0,0.1047,1.159,0.1003,0.1058,0.1506,0.2771,0.2826,2.333,11.92,0.0,0.0,0.0,0.0,0.0,0.0,0.0,0.0,0.0,0.0,0.0,0.0,0.0,337.9,84.8,39.44,1065.0,182.5,5.321,4.909,11.77,4.581,0.0,133.4,4.174,9.83,26.88,38.27,0.1944,0.04185,0.0296,0.03056,0.03044,0.0,0.0,0.0,0.0,0.0,0.0,0.0,0.0,0.0,0.0,0.0,0.0,0.0,0.0,0.0,0.0,0.0,0.0,0.0,0.0,0.0,0.0,0.0,0.0,0.0,0.0,0.0,0.0,0.0,0.0,0.0,0.0,0.0,0.0,0.0,1.0E-4,0.0,66240.0,93320.0,88000.0,54380.0,2.065E7,29900.0,42110.0,29330.0,34570.0,25470.0,0.0,5.836E-37,1.672E-37,2.6500000000000002E-36,1.352E-36,1.799E-37,2.762E-38,1.271E-39,1.514E-39,2.061E-39,4.301E-39,2.08E-35,0.0,0.5097,0.6477,2.185,1.253,0.1333,0.03008,0.002169,0.001562,0.01698,0.004117,0.0,0.0,1.091E-4,2.916E-4,0.001396,0.9944,9.577E-5,0.001576,8.192E-4,8.38E-4,4.94E-4,0.0,0.01634,0.002486,0.003713,0.002471,0.1979,0.005389,0.001083,4.825E-4,0.00214,4.491E-4,
0.0,1340.0,116.9,187.6,153.8,5.222,3.649,0.1771,0.1181,1.293,1.699,0.0,344.0,0.1059,1.161,0.09945,0.1063,0.151,0.2819,0.2824,2.775,11.47,0.0,344.0,0.1059,1.161,0.09945,0.1063,0.151,0.2819,0.2824,2.775,11.47,0.0,0.0,0.0,0.0,0.0,0.0,0.0,0.0,0.0,0.0,0.0,0.0,0.0,343.1,84.58,39.33,1051.0,182.5,5.406,4.943,11.72,4.614,0.0,133.4,4.47,22.43,24.41,37.95,0.1816,0.04275,0.02997,0.03077,0.03034,0.0,0.0,0.0,0.0,0.0,0.0,0.0,0.0,0.0,0.0,0.0,0.0,0.0,0.0,0.0,0.0,0.0,0.0,0.0,0.0,0.0,0.0,0.0,0.0,0.0,0.0,0.0,0.0,0.0,0.0,0.0,0.0,0.0,0.0,0.0,5.53E-4,0.0,66370.0,91350.0,83510.0,54230.0,2.018E7,29100.0,42840.0,29280.0,34660.0,25100.0,0.0,6.0139999999999994E-37,1.6469999999999999E-37,2.623E-36,1.3300000000000001E-36,1.7709999999999999E-37,2.8E-38,1.242E-39,1.481E-39,2.007E-39,4.298E-39,2.08E-35,0.0,0.5228,0.6051,2.221,1.246,0.1303,0.03082,0.002184,0.001609,0.01685,0.004137,0.0,0.0,1.172E-4,3.132E-4,0.0015,0.994,1.028E-4,0.001693,8.797E-4,8.999E-4,5.305E-4,0.0,0.01638,0.002479,0.003711,0.002473,0.1975,0.005365,0.00111,4.882E-4,0.002149,4.515E-4,
0.0,1332.0,130.1,188.3,156.3,5.6,5.5,0.1769,0.1181,1.293,1.699,0.0,344.0,0.1053,1.157,0.09942,0.1072,0.1479,0.2885,0.2802,2.776,11.47,0.0,344.0,0.1053,1.157,0.09942,0.1072,0.1479,0.2885,0.2802,2.776,11.47,0.0,0.0,0.0,0.0,0.0,0.0,0.0,0.0,0.0,0.0,0.0,0.0,0.0,343.9,84.77,39.34,1043.0,182.5,5.419,4.913,11.71,4.598,0.0,130.3,4.333,19.43,19.91,37.31,0.6633,0.04294,0.02994,0.03089,0.0307,0.0,0.0,0.0,0.0,0.0,0.0,0.0,0.0,0.0,0.0,0.0,0.0,0.0,0.0,0.0,0.0,0.0,0.0,0.0,0.0,0.0,0.0,0.0,0.0,0.0,0.0,0.0,0.0,0.0,0.0,0.0,0.0,0.0,0.0,0.0,6.315E-4,0.0,66390.0,91540.0,80950.0,54480.0,2.036E7,28930.0,43060.0,29280.0,34720.0,25030.0,0.0,5.117E-37,1.662E-37,2.59E-36,1.3060000000000001E-36,1.807E-37,4.341E-38,1.208E-39,1.4379999999999999E-39,1.944E-39,4.298E-39,2.08E-35,0.0,0.4551,0.6837,2.208,1.227,0.1318,0.04753,0.002184,0.001609,0.01685,0.004134,0.0,0.0,1.172E-4,3.132E-4,0.0015,0.994,1.028E-4,0.001693,8.797E-4,8.999E-4,5.305E-4,0.0,0.01637,0.002457,0.003719,0.002461,0.1975,0.005352,0.001121,4.833E-4,0.002151,4.498E-4,
0.0,1332.0,130.7,185.3,154.8,6.11,4.43,0.1739,0.1152,1.326,1.688,0.0,344.0,0.1158,1.131,0.09743,0.1151,0.1439,0.2933,0.2723,2.291,11.97,0.0,344.0,0.1158,1.131,0.09743,0.1151,0.1439,0.2933,0.2723,2.291,11.97,0.0,0.0,0.0,0.0,0.0,0.0,0.0,0.0,0.0,0.0,0.0,0.0,0.0,345.6,84.81,39.03,1046.0,182.5,5.439,4.865,11.89,4.544,0.0,130.3,5.247,17.56,23.33,39.11,0.2841,0.04337,0.03,0.03136,0.0315,0.0,0.0,0.0,0.0,0.0,0.0,0.0,0.0,0.0,0.0,0.0,0.0,0.0,0.0,0.0,0.0,0.0,0.0,0.0,0.0,0.0,0.0,0.0,0.0,0.0,0.0,0.0,0.0,0.0,0.0,0.0,0.0,0.0,0.0,0.0,5.367E-4,0.0,66490.0,91860.0,87030.0,58080.0,2.123E7,29280.0,44680.0,30280.0,35650.0,25720.0,0.0,5.117E-37,2.396E-37,2.4920000000000002E-36,1.2850000000000001E-36,1.9409999999999998E-37,3.757E-38,1.1729999999999999E-39,1.3909999999999999E-39,1.8909999999999998E-39,4.2949999999999996E-39,2.08E-35,0.0,0.4552,0.7141,2.164,1.231,0.1454,0.04097,0.00215,0.001582,0.01727,0.004009,0.0,0.0,1.172E-4,3.132E-4,0.0015,0.994,1.028E-4,0.001693,8.797E-4,8.999E-4,5.305E-4,0.0,0.01637,0.002448,0.003703,0.002481,0.1976,0.005352,0.00113,4.844E-4,0.002143,4.491E-4,
0.0,1332.0,129.5,181.8,159.0,0.2375,5.564,0.1748,0.1129,1.325,1.688,0.0,344.0,0.11,1.144,0.09078,0.1125,0.1409,0.2933,0.2678,1.344,12.93,0.0,344.0,0.11,1.144,0.09078,0.1125,0.1409,0.2933,0.2678,1.344,12.93,0.0,0.0,0.0,0.0,0.0,0.0,0.0,0.0,0.0,0.0,0.0,0.0,0.0,346.6,84.03,39.09,1046.0,182.5,5.444,4.847,11.91,4.541,0.0,130.3,4.85,16.98,22.04,46.17,0.2593,0.04395,0.03014,0.03202,0.0326,0.0,0.0,0.0,0.0,0.0,0.0,0.0,0.0,0.0,0.0,0.0,0.0,0.0,0.0,0.0,0.0,0.0,0.0,0.0,0.0,0.0,0.0,0.0,0.0,0.0,0.0,0.0,0.0,0.0,0.0,0.0,0.0,0.0,0.0,0.0,1.0E-4,0.0,66640.0,95370.0,86270.0,60070.0,2.25E7,30030.0,47070.0,31780.0,37120.0,26850.0,0.0,5.162E-37,2.318E-37,2.4220000000000003E-36,1.3300000000000001E-36,1.8629999999999999E-37,3.522E-38,1.1369999999999999E-39,1.3459999999999999E-39,1.832E-39,4.2949999999999996E-39,2.08E-35,0.0,0.4587,0.7064,2.143,1.261,0.1371,0.04344,0.002168,0.001556,0.01728,0.004017,0.0,0.0,1.172E-4,3.132E-4,0.0015,0.994,1.028E-4,0.001693,8.797E-4,8.999E-4,5.305E-4,0.0,0.01644,0.002402,0.003641,0.002549,0.1975,0.005292,0.001132,4.825E-4,0.00214,4.517E-4,
0.0,1333.0,128.6,181.2,165.0,0.02649,3.465,0.1745,0.1116,1.328,1.685,0.0,344.0,0.1008,1.15,0.09648,0.1095,0.1386,0.295,0.2677,1.763,12.51,0.0,344.0,0.1008,1.15,0.09648,0.1095,0.1386,0.295,0.2677,1.763,12.51,0.0,0.0,0.0,0.0,0.0,0.0,0.0,0.0,0.0,0.0,0.0,0.0,0.0,347.5,83.89,39.19,1033.0,182.5,5.427,4.825,11.9,4.534,0.0,130.3,8.831,9.76,21.39,47.01,0.3517,0.04459,0.03031,0.03279,0.03375,0.0,0.0,0.0,0.0,0.0,0.0,0.0,0.0,0.0,0.0,0.0,0.0,0.0,0.0,0.0,0.0,0.0,0.0,0.0,0.0,0.0,0.0,0.0,0.0,0.0,0.0,0.0,0.0,0.0,0.0,0.0,0.0,0.0,0.0,0.0,4.418E-4,0.0,66840.0,95830.0,89740.0,63590.0,2.405E7,30750.0,50030.0,33650.0,39220.0,27980.0,0.0,5.6269999999999995E-37,1.588E-37,2.3960000000000002E-36,1.3560000000000002E-36,1.827E-37,2.667E-38,1.102E-39,1.3029999999999999E-39,1.773E-39,4.2939999999999995E-39,2.08E-35,0.0,0.4766,0.674,2.133,1.299,0.1349,0.03087,0.002171,0.001542,0.01731,0.003997,0.0,0.0,1.172E-4,3.132E-4,0.0015,0.994,1.028E-4,0.001693,8.797E-4,8.999E-4,5.305E-4,0.0,0.01651,0.002383,0.003636,0.002566,0.1975,0.005244,0.001137,4.824E-4,0.002162,4.31E-4,
0.0,1322.0,141.6,171.7,162.6,3.743,6.593,0.1745,0.1084,2.445,0.5676,0.0,344.0,0.1186,1.135,0.09489,0.1084,0.138,0.2968,0.2672,1.75,12.52,0.0,344.0,0.1186,1.135,0.09489,0.1084,0.138,0.2968,0.2672,1.75,12.52,0.0,0.0,0.0,0.0,0.0,0.0,0.0,0.0,0.0,0.0,0.0,0.0,0.0,344.0,83.42,39.43,1020.0,182.5,5.378,4.757,11.86,4.489,0.0,126.8,7.952,16.9,19.14,48.01,0.3925,0.04524,0.03051,0.03375,0.03458,0.0,0.0,0.0,0.0,0.0,0.0,0.0,0.0,0.0,0.0,0.0,0.0,0.0,0.0,0.0,0.0,0.0,0.0,0.0,0.0,0.0,0.0,0.0,0.0,0.0,0.0,0.0,0.0,0.0,0.0,0.0,0.0,0.0,0.0,0.0,4.198E-4,0.0,66980.0,94900.0,93430.0,67730.0,2.574E7,31760.0,53290.0,35710.0,41300.0,29630.0,0.0,5.233E-37,1.838E-37,2.346E-36,1.268E-36,1.8009999999999998E-37,4.139E-38,1.068E-39,1.2599999999999999E-39,3.5309999999999996E-39,2.478E-39,2.08E-35,0.0,0.4225,0.7643,2.113,1.255,0.1456,0.0444,0.002179,0.001505,0.01831,0.003033,0.0,0.0,1.172E-4,3.132E-4,0.0015,0.994,1.028E-4,0.001693,8.797E-4,8.999E-4,5.305E-4,0.0,0.01653,0.002382,0.003591,0.002538,0.1975,0.005243,0.001142,4.789E-4,0.00217,4.214E-4,
0.0,1322.0,148.9,167.3,166.9,3.742,3.419,0.1799,0.1098,2.423,0.5691,0.0,344.0,0.1033,1.137,0.09307,0.1265,0.1383,0.2994,0.2941,1.733,12.5,0.0,344.0,0.1033,1.137,0.09307,0.1265,0.1383,0.2994,0.2941,1.733,12.5,0.0,0.0,0.0,0.0,0.0,0.0,0.0,0.0,0.0,0.0,0.0,0.0,0.0,345.1,84.31,39.58,1014.0,182.5,5.408,4.757,11.73,4.498,0.0,130.3,6.95,14.42,14.57,48.13,0.4074,0.04556,0.03069,0.03419,0.03507,0.0,0.0,0.0,0.0,0.0,0.0,0.0,0.0,0.0,0.0,0.0,0.0,0.0,0.0,0.0,0.0,0.0,0.0,0.0,0.0,0.0,0.0,0.0,0.0,0.0,0.0,0.0,0.0,0.0,0.0,0.0,0.0,0.0,0.0,0.0,1.0E-4,0.0,68370.0,93910.0,95920.0,68830.0,2.751E7,32240.0,56770.0,37960.0,43450.0,31340.0,0.0,5.352E-37,1.695E-37,2.3120000000000002E-36,1.258E-36,2.0019999999999998E-37,2.599E-38,1.035E-39,1.2199999999999999E-39,3.471E-39,2.477E-39,2.08E-35,0.0,0.4382,0.7803,2.078,1.253,0.1617,0.03078,0.002252,0.001522,0.01803,0.00306,0.0,0.0,1.172E-4,3.132E-4,0.0015,0.994,1.028E-4,0.001693,8.797E-4,8.999E-4,5.305E-4,0.0,0.01657,0.00238,0.003589,0.002507,0.1975,0.005242,0.001144,4.806E-4,0.002169,4.206E-4,
0.0,1325.0,135.9,182.6,165.0,3.743,3.454,0.1808,0.1094,2.423,0.5712,0.0,344.0,0.101,1.158,0.09216,0.1086,0.1376,0.2992,0.2941,1.733,12.5,0.0,344.0,0.101,1.158,0.09216,0.1086,0.1376,0.2992,0.2941,1.733,12.5,0.0,0.0,0.0,0.0,0.0,0.0,0.0,0.0,0.0,0.0,0.0,0.0,0.0,345.2,83.96,40.85,1006.0,182.5,5.389,4.746,11.71,4.492,0.0,130.3,6.354,12.5,12.98,48.22,0.3698,0.04473,0.03069,0.03344,0.03313,0.0,0.0,0.0,0.0,0.0,0.0,0.0,0.0,0.0,0.0,0.0,0.0,0.0,0.0,0.0,0.0,0.0,0.0,0.0,0.0,0.0,0.0,0.0,0.0,0.0,0.0,0.0,0.0,0.0,0.0,0.0,0.0,0.0,0.0,0.0,4.277E-4,0.0,68520.0,92970.0,93310.0,70760.0,2.916E7,32090.0,59500.0,39300.0,44850.0,32100.0,0.0,5.542E-37,1.631E-37,2.3090000000000002E-36,1.228E-36,1.8009999999999998E-37,2.559E-38,1.003E-39,1.181E-39,3.416E-39,2.4759999999999998E-39,2.08E-35,0.0,0.4619,0.7268,2.146,1.229,0.1456,0.03076,0.002249,0.001521,0.01802,0.003061,0.0,0.0,1.172E-4,3.132E-4,0.0015,0.994,1.028E-4,0.001693,8.797E-4,8.999E-4,5.305E-4,0.0,0.01662,0.002363,0.003587,0.002486,0.1975,0.005219,0.001143,4.802E-4,0.002169,4.207E-4,
0.0,1328.0,137.3,180.7,163.6,7.555,3.472,0.1812,0.1101,2.424,0.5715,0.0,344.0,0.1206,1.134,0.09566,0.1091,0.1365,0.2992,0.2943,1.851,12.39,0.0,344.0,0.1206,1.134,0.09566,0.1091,0.1365,0.2992,0.2943,1.851,12.39,0.0,0.0,0.0,0.0,0.0,0.0,0.0,0.0,0.0,0.0,0.0,0.0,0.0,291.4,83.76,40.92,1070.0,182.5,5.389,4.746,11.71,4.492,0.0,130.3,3.835,11.15,11.81,47.9,0.3446,0.04427,0.03051,0.03279,0.03232,0.0,0.0,0.0,0.0,0.0,0.0,0.0,0.0,0.0,0.0,0.0,0.0,0.0,0.0,0.0,0.0,0.0,0.0,0.0,0.0,0.0,0.0,0.0,0.0,0.0,0.0,0.0,0.0,0.0,0.0,0.0,0.0,0.0,0.0,0.0,4.53E-4,0.0,68670.0,88050.0,90090.0,72300.0,3.063E7,30870.0,61270.0,39530.0,45280.0,31690.0,0.0,5.549E-37,2.008E-37,2.233E-36,1.2220000000000001E-36,1.786E-37,2.514E-38,9.692E-40,1.1389999999999999E-39,3.358E-39,2.475E-39,2.08E-35,0.0,0.4847,0.741,2.108,1.211,0.1606,0.0307,0.002249,0.001528,0.01801,0.003057,0.0,0.0,1.172E-4,3.132E-4,0.0015,0.994,1.028E-4,0.001693,8.797E-4,8.999E-4,5.305E-4,0.0,0.01671,0.002314,0.003588,0.002456,0.1975,0.005162,0.001143,4.813E-4,0.00217,4.193E-4,
0.0,1328.0,114.4,203.6,164.2,7.551,3.567,0.1813,0.1101,2.425,0.571,0.0,344.0,0.1003,1.156,0.09545,0.1071,0.1378,0.2937,0.2962,1.969,12.27,0.0,344.0,0.1003,1.156,0.09545,0.1071,0.1378,0.2937,0.2962,1.969,12.27,0.0,0.0,0.0,0.0,0.0,0.0,0.0,0.0,0.0,0.0,0.0,0.0,0.0,294.9,79.98,39.97,1066.0,182.5,5.352,4.753,11.71,4.499,0.0,130.3,3.245,10.27,19.49,40.45,0.3337,0.04428,0.03043,0.03256,0.03249,0.0,0.0,0.0,0.0,0.0,0.0,0.0,0.0,0.0,0.0,0.0,0.0,0.0,0.0,0.0,0.0,0.0,0.0,0.0,0.0,0.0,0.0,0.0,0.0,0.0,0.0,0.0,0.0,0.0,0.0,0.0,0.0,0.0,0.0,0.0,9.598E-4,0.0,68720.0,88360.0,74590.0,65120.0,2.848E7,29420.0,56970.0,36710.0,42580.0,29540.0,0.0,5.549E-37,1.435E-37,2.32E-36,1.25E-36,7.95E-38,2.463E-38,9.336E-40,1.0959999999999999E-39,3.2969999999999996E-39,2.474E-39,2.08E-35,0.0,0.4847,0.6209,2.242,1.226,0.1293,0.0311,0.002249,0.001527,0.01802,0.003053,0.0,0.0,1.172E-4,3.132E-4,0.0015,0.994,1.028E-4,0.001693,8.797E-4,8.999E-4,5.305E-4,0.0,0.01673,0.002324,0.003381,0.00243,0.1977,0.005134,0.001146,4.755E-4,0.002177,4.188E-4,
0.0,1328.0,109.9,208.2,155.6,7.558,6.455,0.1751,0.111,2.505,0.5748,0.0,344.0,0.09063,1.215,0.08919,0.1045,0.1341,0.292,0.296,1.048,13.15,0.0,344.0,0.09063,1.215,0.08919,0.1045,0.1341,0.292,0.296,1.048,13.15,0.0,0.0,0.0,0.0,0.0,0.0,0.0,0.0,0.0,0.0,0.0,0.0,0.0,295.8,80.87,40.02,1060.0,182.5,5.286,4.724,11.81,4.455,0.0,130.3,3.21,12.51,22.27,40.54,0.3443,0.04453,0.03042,0.1107,0.03992,0.0,0.0,0.0,0.0,0.0,0.0,0.0,0.0,0.0,0.0,0.0,0.0,0.0,0.0,0.0,0.0,0.0,0.0,0.0,0.0,0.0,0.0,0.0,0.0,0.0,0.0,0.0,0.0,0.0,0.0,0.0,0.0,0.0,0.0,0.0,7.518E-4,0.0,68760.0,87760.0,76360.0,64280.0,2.781E7,28890.0,55460.0,35580.0,41760.0,29200.0,0.0,5.549E-37,1.897E-37,2.22E-36,1.2510000000000001E-36,7.65E-38,3.112E-38,8.975E-40,1.052E-39,3.7199999999999996E-39,2.5299999999999998E-39,2.08E-35,0.0,0.4847,0.6167,2.226,1.228,0.1254,0.04736,0.002172,0.001537,0.01886,0.003061,0.0,0.0,1.172E-4,3.132E-4,0.0015,0.994,1.028E-4,0.001693,8.797E-4,8.999E-4,5.305E-4,0.0,0.01675,0.002323,0.003288,0.0025,0.1978,0.00511,0.001148,4.787E-4,0.00218,4.408E-4,
0.0,1320.0,123.0,187.6,166.2,7.455,3.232,0.1738,0.1105,2.456,0.5777,0.0,344.0,0.106,1.19,0.09822,0.105,0.132,0.3448,0.2426,1.047,13.15,0.0,344.0,0.106,1.19,0.09822,0.105,0.132,0.3448,0.2426,1.047,13.15,0.0,0.0,0.0,0.0,0.0,0.0,0.0,0.0,0.0,0.0,0.0,0.0,0.0,296.0,84.25,40.47,1062.0,182.5,5.276,4.719,11.8,4.452,0.0,127.9,3.13,24.8,17.5,43.06,0.362,0.04497,0.03051,0.1589,0.03693,0.0,0.0,0.0,0.0,0.0,0.0,0.0,0.0,0.0,0.0,0.0,0.0,0.0,0.0,0.0,0.0,0.0,0.0,0.0,0.0,0.0,0.0,0.0,0.0,0.0,0.0,0.0,0.0,0.0,0.0,0.0,0.0,0.0,0.0,0.0,1.0E-4,0.0,69290.0,87640.0,76850.0,64260.0,2.814E7,28480.0,55950.0,35780.0,42080.0,29210.0,0.0,4.879E-37,1.849E-37,2.125E-36,1.323E-36,7.734E-38,1.874E-38,8.619E-40,1.008E-39,3.6649999999999996E-39,2.5289999999999997E-39,2.08E-35,0.0,0.4262,0.6839,2.166,1.288,0.1337,0.02801,0.00216,0.00154,0.01885,0.003059,0.0,0.0,1.172E-4,3.132E-4,0.0015,0.994,1.028E-4,0.001693,8.797E-4,8.999E-4,5.305E-4,0.0,0.0168,0.002309,0.003286,0.002533,0.1978,0.005055,0.001143,4.769E-4,0.002178,4.397E-4,
0.0,1321.0,123.0,185.9,169.3,3.76,3.394,0.1732,0.1101,2.451,0.5734,0.0,344.0,0.09391,1.203,0.09748,0.1063,0.1306,0.345,0.2425,1.665,12.54,0.0,344.0,0.09391,1.203,0.09748,0.1063,0.1306,0.345,0.2425,1.665,12.54,0.0,0.0,0.0,0.0,0.0,0.0,0.0,0.0,0.0,0.0,0.0,0.0,0.0,294.6,86.47,39.31,1031.0,182.5,5.225,4.683,11.77,4.431,0.0,127.9,6.554,20.76,16.76,45.15,0.3373,0.0456,0.03079,0.1696,0.03566,0.0,0.0,0.0,0.0,0.0,0.0,0.0,0.0,0.0,0.0,0.0,0.0,0.0,0.0,0.0,0.0,0.0,0.0,0.0,0.0,0.0,0.0,0.0,0.0,0.0,0.0,0.0,0.0,0.0,0.0,0.0,0.0,0.0,0.0,0.0,5.266E-4,0.0,69330.0,90450.0,76440.0,66090.0,2.902E7,29670.0,57360.0,36510.0,43060.0,29330.0,0.0,5.069E-37,1.542E-37,2.114E-36,1.315E-36,6.877E-38,1.839E-38,8.285E-40,9.67E-40,3.634E-39,2.504E-39,2.08E-35,0.0,0.4404,0.6945,2.143,1.288,0.1293,0.02858,0.002159,0.001535,0.01887,0.003049,0.0,0.0,1.172E-4,3.132E-4,0.0015,0.994,1.028E-4,0.001693,8.797E-4,8.999E-4,5.305E-4,0.0,0.01682,0.002293,0.003283,0.002532,0.1975,0.005053,0.001143,4.863E-4,0.002179,4.285E-4,
0.0,1322.0,121.7,188.7,168.8,3.741,3.37,0.1726,0.1099,2.449,0.5729,0.0,344.0,0.09438,1.176,0.1115,0.1166,0.1289,0.345,0.2425,1.568,12.63,0.0,344.0,0.09438,1.176,0.1115,0.1166,0.1289,0.345,0.2425,1.568,12.63,0.0,0.0,0.0,0.0,0.0,0.0,0.0,0.0,0.0,0.0,0.0,0.0,0.0,298.1,86.46,39.3,1026.0,182.5,5.215,4.678,11.77,4.428,0.0,127.9,5.755,19.58,15.02,45.67,0.3263,0.04612,0.03097,0.1725,0.03616,0.0,0.0,0.0,0.0,0.0,0.0,0.0,0.0,0.0,0.0,0.0,0.0,0.0,0.0,0.0,0.0,0.0,0.0,0.0,0.0,0.0,0.0,0.0,0.0,0.0,0.0,0.0,0.0,0.0,0.0,0.0,0.0,0.0,0.0,0.0,1.0E-4,0.0,69430.0,85740.0,79720.0,67640.0,3.015E7,29470.0,58700.0,36760.0,43490.0,29170.0,0.0,5.2779999999999995E-37,1.523E-37,2.088E-36,1.286E-36,6.786E-38,1.759E-38,7.965E-40,9.275E-40,3.581E-39,2.504E-39,2.08E-35,0.0,0.4567,0.6675,2.191,1.273,0.1034,0.02817,0.002159,0.001535,0.01887,0.003049,0.0,0.0,1.172E-4,3.132E-4,0.0015,0.994,1.028E-4,0.001693,8.797E-4,8.999E-4,5.305E-4,0.0,0.01686,0.002278,0.003271,0.002522,0.1975,0.00503,0.001143,4.863E-4,0.002179,4.289E-4,
0.0,1322.0,120.7,189.5,167.1,3.734,5.246,0.1765,0.1124,2.429,0.5734,0.0,344.0,0.09313,1.19,0.1013,0.1159,0.1291,0.3457,0.3901,1.654,12.4,0.0,344.0,0.09313,1.19,0.1013,0.1159,0.1291,0.3457,0.3901,1.654,12.4,0.0,0.0,0.0,0.0,0.0,0.0,0.0,0.0,0.0,0.0,0.0,0.0,0.0,296.8,86.94,39.36,1027.0,182.5,5.24,4.687,11.67,4.441,0.0,127.9,5.638,20.08,14.32,45.7,0.3525,0.04662,0.03118,0.1738,0.03697,0.0,0.0,0.0,0.0,0.0,0.0,0.0,0.0,0.0,0.0,0.0,0.0,0.0,0.0,0.0,0.0,0.0,0.0,0.0,0.0,0.0,0.0,0.0,0.0,0.0,0.0,0.0,0.0,0.0,0.0,0.0,0.0,0.0,0.0,0.0,1.001E-4,0.0,69460.0,78470.0,83700.0,69760.0,3.159E7,29650.0,60980.0,37850.0,44720.0,29720.0,0.0,5.2779999999999995E-37,1.496E-37,2.0650000000000003E-36,1.255E-36,6.797E-38,3.569E-38,7.666E-40,8.906E-40,3.529E-39,2.5029999999999998E-39,2.08E-35,0.0,0.4567,0.6604,2.196,1.257,0.1041,0.04329,0.002214,0.001565,0.01864,0.003069,0.0,0.0,1.172E-4,3.132E-4,0.0015,0.994,1.028E-4,0.001693,8.797E-4,8.999E-4,5.305E-4,0.0,0.01686,0.002252,0.003301,0.002526,0.1975,0.005029,0.001142,4.893E-4,0.002183,4.254E-4,
0.0,1325.0,122.1,186.2,163.5,4.335,5.104,0.1767,0.1123,2.43,0.575,0.0,344.0,0.1093,1.162,0.1101,0.1162,0.1734,0.3028,0.3901,1.655,12.4,0.0,344.0,0.1093,1.162,0.1101,0.1162,0.1734,0.3028,0.3901,1.655,12.4,0.0,0.0,0.0,0.0,0.0,0.0,0.0,0.0,0.0,0.0,0.0,0.0,0.0,297.6,86.18,40.21,1025.0,182.6,5.24,4.687,11.67,4.441,0.0,127.9,4.916,17.98,19.16,45.81,0.3679,0.04599,0.03123,0.1736,0.03542,0.0,0.0,0.0,0.0,0.0,0.0,0.0,0.0,0.0,0.0,0.0,0.0,0.0,0.0,0.0,0.0,0.0,0.0,0.0,0.0,0.0,0.0,0.0,0.0,0.0,0.0,0.0,0.0,0.0,0.0,0.0,0.0,0.0,0.0,0.0,1.0E-4,0.0,69510.0,77660.0,79770.0,72270.0,3.317E7,29410.0,63760.0,39420.0,46360.0,30750.0,0.0,5.355E-37,2.245E-37,1.9520000000000002E-36,1.245E-36,7.047E-38,3.358E-38,7.38E-40,8.552E-40,3.48E-39,2.502E-39,2.08E-35,0.0,0.4738,0.7006,2.146,1.247,0.1073,0.04194,0.002213,0.001565,0.01864,0.003069,0.0,0.0,1.172E-4,3.132E-4,0.0015,0.994,1.028E-4,0.001693,8.797E-4,8.999E-4,5.305E-4,0.0,0.01689,0.00223,0.003265,0.002556,0.1974,0.005022,0.001141,4.893E-4,0.002182,4.259E-4,
0.0,1325.0,117.4,188.0,161.7,0.5217,5.914,0.1774,0.1124,2.447,0.5735,0.0,344.0,0.1074,1.171,0.1052,0.1163,0.1708,0.3019,0.2635,1.734,12.44,0.0,344.0,0.1074,1.171,0.1052,0.1163,0.1708,0.3019,0.2635,1.734,12.44,0.0,0.0,0.0,0.0,0.0,0.0,0.0,0.0,0.0,0.0,0.0,0.0,0.0,303.7,80.77,40.44,1024.0,182.5,5.215,4.679,11.76,4.428,0.0,127.9,5.75,19.86,19.86,49.57,0.3865,0.0457,0.03248,0.2102,0.03428,0.0,0.0,0.0,0.0,0.0,0.0,0.0,0.0,0.0,0.0,0.0,0.0,0.0,0.0,0.0,0.0,0.0,0.0,0.0,0.0,0.0,0.0,0.0,0.0,0.0,0.0,0.0,0.0,0.0,0.0,0.0,0.0,0.0,0.0,0.0,1.0E-4,0.0,69520.0,81340.0,82700.0,76130.0,3.497E7,29410.0,67000.0,41420.0,48420.0,32100.0,0.0,5.355E-37,1.81E-37,1.9680000000000002E-36,1.237E-36,7.023E-38,2.986E-38,7.274E-40,8.276E-40,3.5659999999999996E-39,2.502E-39,2.08E-35,0.0,0.4738,0.6625,2.179,1.249,0.1072,0.04376,0.002182,0.00156,0.01902,0.003034,0.0,0.0,1.172E-4,3.132E-4,0.0015,0.994,1.028E-4,0.001693,8.797E-4,8.999E-4,5.305E-4,0.0,0.01689,0.002235,0.003261,0.002581,0.1975,0.005005,0.00114,4.996E-4,0.00217,4.266E-4,
0.0,1319.0,121.2,187.9,162.1,4.635,3.497,0.17,0.3851,2.373,0.5762,0.0,344.0,0.09769,1.169,0.1145,0.114,0.1712,0.3014,0.6102,3.144,10.69,0.0,344.0,0.09769,1.169,0.1145,0.114,0.1712,0.3014,0.6102,3.144,10.69,0.0,0.0,0.0,0.0,0.0,0.0,0.0,0.0,0.0,0.0,0.0,0.0,0.0,306.3,82.91,40.65,1017.0,182.5,5.205,4.674,11.75,4.425,0.0,125.5,5.873,21.42,20.15,49.84,0.3894,0.04505,0.03081,0.03355,0.0338,0.0,0.0,0.0,0.0,0.0,0.0,0.0,0.0,0.0,0.0,0.0,0.0,0.0,0.0,0.0,0.0,0.0,0.0,0.0,0.0,0.0,0.0,0.0,0.0,0.0,0.0,0.0,0.0,0.0,0.0,0.0,0.0,0.0,0.0,0.0,8.733E-4,0.0,69490.0,83860.0,85580.0,75010.0,3.348E7,28510.0,64720.0,40550.0,47570.0,31870.0,0.0,4.7459999999999996E-37,1.5669999999999999E-37,1.976E-36,1.229E-36,6.105E-38,1.768E-38,6.7889999999999995E-40,1.228E-39,3.093E-39,2.5079999999999998E-39,2.08E-35,0.0,0.4272,0.6846,2.195,1.252,0.119,0.02921,0.002129,0.001789,0.01882,0.003007,0.0,0.0,1.172E-4,3.132E-4,0.0015,0.994,1.028E-4,0.001693,8.797E-4,8.999E-4,5.305E-4,0.0,0.01688,0.002247,0.003258,0.00258,0.1975,0.005008,0.001136,5.025E-4,0.002175,4.189E-4,
0.0,1324.0,120.2,190.9,154.0,4.596,8.114,0.1703,0.1166,2.973,0.2929,0.0,344.0,0.09081,1.186,0.1034,0.1136,0.1708,0.3014,0.236,2.946,11.26,0.0,344.0,0.09081,1.186,0.1034,0.1136,0.1708,0.3014,0.236,2.946,11.26,0.0,0.0,0.0,0.0,0.0,0.0,0.0,0.0,0.0,0.0,0.0,0.0,0.0,306.7,83.53,40.56,1015.0,182.5,5.177,4.657,11.74,4.405,0.0,125.6,5.95,21.22,16.09,49.79,0.4456,0.04513,0.03072,0.0335,0.03411,0.0,0.0,0.0,0.0,0.0,0.0,0.0,0.0,0.0,0.0,0.0,0.0,0.0,0.0,0.0,0.0,0.0,0.0,0.0,0.0,0.0,0.0,0.0,0.0,0.0,0.0,0.0,0.0,0.0,0.0,0.0,0.0,0.0,0.0,0.0,8.78E-4,0.0,69880.0,86630.0,83800.0,73450.0,3.196E7,28600.0,62520.0,39790.0,46720.0,31710.0,0.0,5.439E-37,1.435E-37,1.959E-36,1.131E-36,6.056E-38,4.136E-38,6.524E-40,7.572E-40,4.004E-39,2.05E-39,2.08E-35,0.0,0.4759,0.6754,2.2,1.185,0.1188,0.05148,0.00212,0.001564,0.01933,0.00276,0.0,0.0,1.172E-4,3.132E-4,0.0015,0.994,1.028E-4,0.001693,8.797E-4,8.999E-4,5.305E-4,0.0,0.01697,0.002232,0.003255,0.002501,0.1975,0.00501,0.001136,4.997E-4,0.00218,4.151E-4,
0.0,1327.0,122.7,185.8,160.9,4.848,3.471,0.1704,0.1165,2.973,0.291,0.0,344.0,0.145,1.127,0.09566,0.1282,0.1745,0.3018,0.3631,3.929,10.14,0.0,344.0,0.145,1.127,0.09566,0.1282,0.1745,0.3018,0.3631,3.929,10.14,0.0,0.0,0.0,0.0,0.0,0.0,0.0,0.0,0.0,0.0,0.0,0.0,0.0,304.2,85.28,38.16,1017.0,183.9,5.155,4.632,11.72,4.384,0.0,125.7,5.025,20.71,24.24,40.14,0.3402,0.04545,0.03076,0.03384,0.03478,0.0,0.0,0.0,0.0,0.0,0.0,0.0,0.0,0.0,0.0,0.0,0.0,0.0,0.0,0.0,0.0,0.0,0.0,0.0,0.0,0.0,0.0,0.0,0.0,0.0,0.0,0.0,0.0,0.0,0.0,0.0,0.0,0.0,0.0,0.0,1.0E-4,0.0,70070.0,89640.0,89300.0,72580.0,3.173E7,29160.0,62590.0,40220.0,47130.0,32350.0,0.0,5.523E-37,2.507E-37,1.712E-36,1.2250000000000001E-36,8.593E-38,1.797E-38,6.2489999999999995E-40,7.224E-40,3.915E-39,2.051E-39,2.08E-35,0.0,0.5021,0.7355,2.057,1.247,0.1335,0.02976,0.002126,0.001562,0.01933,0.002755,0.0,0.0,1.172E-4,3.132E-4,0.0015,0.994,1.028E-4,0.001693,8.797E-4,8.999E-4,5.305E-4,0.0,0.01703,0.002271,0.003115,0.00249,0.1974,0.005035,0.001139,4.986E-4,0.002184,4.09E-4,
0.0,1328.0,117.1,192.0,156.5,4.7,4.448,0.1706,0.116,2.974,0.2889,0.0,344.0,0.09905,1.146,0.1244,0.1134,0.1898,0.35,0.3145,4.282,9.789,0.0,344.0,0.09905,1.146,0.1244,0.1134,0.1898,0.35,0.3145,4.282,9.789,0.0,0.0,0.0,0.0,0.0,0.0,0.0,0.0,0.0,0.0,0.0,0.0,0.0,302.6,83.29,38.22,1022.0,183.9,5.165,4.623,11.72,4.376,0.0,125.7,4.841,26.35,19.87,39.2,2.183,0.04589,0.03088,0.03435,0.03561,0.0,0.0,0.0,0.0,0.0,0.0,0.0,0.0,0.0,0.0,0.0,0.0,0.0,0.0,0.0,0.0,0.0,0.0,0.0,0.0,0.0,0.0,0.0,0.0,0.0,0.0,0.0,0.0,0.0,0.0,0.0,0.0,0.0,0.0,0.0,1.0E-4,0.0,70180.0,80670.0,80150.0,74920.0,3.236E7,30670.0,64080.0,41430.0,48350.0,33410.0,0.0,5.68E-37,1.55E-37,1.8200000000000002E-36,1.189E-36,6.267E-38,2.802E-38,6.008E-40,6.887E-40,3.8189999999999996E-39,2.05E-39,2.08E-35,0.0,0.5128,0.6609,2.14,1.24,0.1016,0.04851,0.002123,0.001559,0.01934,0.002743,0.0,0.0,1.172E-4,3.132E-4,0.0015,0.994,1.028E-4,0.001693,8.797E-4,8.999E-4,5.305E-4,0.0,0.01704,0.002281,0.003096,0.002464,0.1975,0.005036,0.001136,4.968E-4,0.002188,4.05E-4,
0.0,1328.0,116.0,186.3,154.8,4.23,3.242,0.1708,0.1152,2.973,0.288,0.0,344.0,0.09888,1.196,0.08875,0.1105,0.1744,0.3537,0.3142,4.282,9.789,0.0,344.0,0.09888,1.196,0.08875,0.1105,0.1744,0.3537,0.3142,4.282,9.789,0.0,0.0,0.0,0.0,0.0,0.0,0.0,0.0,0.0,0.0,0.0,0.0,0.0,300.1,90.92,38.88,1018.0,183.9,5.172,4.61,11.71,4.363,0.0,125.7,4.774,18.17,39.56,38.47,0.5749,0.04635,0.03105,0.03496,0.03646,0.0,0.0,0.0,0.0,0.0,0.0,0.0,0.0,0.0,0.0,0.0,0.0,0.0,0.0,0.0,0.0,0.0,0.0,0.0,0.0,0.0,0.0,0.0,0.0,0.0,0.0,0.0,0.0,0.0,0.0,0.0,0.0,0.0,0.0,0.0,1.001E-4,0.0,70300.0,80630.0,82140.0,75920.0,3.315E7,30240.0,64700.0,41130.0,48250.0,32750.0,0.0,5.68E-37,1.5669999999999999E-37,1.7910000000000002E-36,1.2060000000000001E-36,5.912E-38,1.797E-38,5.758E-40,6.576E-40,3.754E-39,2.05E-39,2.08E-35,0.0,0.5129,0.6586,2.129,1.269,0.0958,0.03103,0.00213,0.001552,0.01934,0.002743,0.0,0.0,1.172E-4,3.132E-4,0.0015,0.994,1.028E-4,0.001693,8.797E-4,8.999E-4,5.305E-4,0.0,0.01706,0.002271,0.003083,0.002487,0.1974,0.00501,0.001143,4.953E-4,0.002188,4.051E-4,
0.0,1328.0,116.2,185.2,156.3,4.212,3.126,0.1704,0.126,2.952,0.2937,0.0,344.0,0.09434,1.209,0.08583,0.1112,0.1777,0.3542,0.3275,4.627,9.421,0.0,344.0,0.09434,1.209,0.08583,0.1112,0.1777,0.3542,0.3275,4.627,9.421,0.0,0.0,0.0,0.0,0.0,0.0,0.0,0.0,0.0,0.0,0.0,0.0,0.0,298.0,92.37,40.48,1018.0,183.9,5.162,4.623,11.65,4.363,0.0,125.7,4.544,17.22,39.22,38.34,0.664,0.0468,0.03125,0.03559,0.03722,0.0,0.0,0.0,0.0,0.0,0.0,0.0,0.0,0.0,0.0,0.0,0.0,0.0,0.0,0.0,0.0,0.0,0.0,0.0,0.0,0.0,0.0,0.0,0.0,0.0,0.0,0.0,0.0,0.0,0.0,0.0,0.0,0.0,0.0,0.0,4.994E-4,0.0,70360.0,80400.0,83270.0,77050.0,3.437E7,30570.0,66280.0,41620.0,48850.0,32740.0,0.0,5.868999999999999E-37,1.642E-37,1.7750000000000002E-36,1.178E-36,5.86E-38,1.73E-38,5.53E-40,6.402E-40,3.6469999999999996E-39,2.056E-39,2.08E-35,0.0,0.5259,0.6595,2.11,1.273,0.09511,0.03037,0.002127,0.001616,0.01923,0.002779,0.0,0.0,1.172E-4,3.132E-4,0.0015,0.994,1.028E-4,0.001693,8.797E-4,8.999E-4,5.305E-4,0.0,0.01708,0.002266,0.003041,0.002514,0.1975,0.005014,0.001142,5.006E-4,0.00218,4.071E-4,
0.0,1328.0,116.1,187.6,152.0,0.4393,3.085,0.1693,0.1306,2.957,0.2889,0.0,344.0,0.1165,1.178,0.08914,0.1159,0.1728,0.3534,0.3291,4.23,9.822,0.0,344.0,0.1165,1.178,0.08914,0.1159,0.1728,0.3534,0.3291,4.23,9.822,0.0,0.0,0.0,0.0,0.0,0.0,0.0,0.0,0.0,0.0,0.0,0.0,0.0,299.9,92.41,40.52,1016.0,183.9,5.151,4.618,11.65,4.341,0.0,125.7,4.751,16.98,40.46,42.46,0.6776,0.0466,0.03136,0.03555,0.03661,0.0,0.0,0.0,0.0,0.0,0.0,0.0,0.0,0.0,0.0,0.0,0.0,0.0,0.0,0.0,0.0,0.0,0.0,0.0,0.0,0.0,0.0,0.0,0.0,0.0,0.0,0.0,0.0,0.0,0.0,0.0,0.0,0.0,0.0,0.0,4.635E-4,0.0,70410.0,79030.0,81210.0,78640.0,3.583E7,30690.0,68640.0,42810.0,50070.0,33370.0,0.0,5.868999999999999E-37,1.8229999999999999E-37,1.713E-36,1.197E-36,6.646E-38,1.688E-38,5.3109999999999995E-40,6.186E-40,3.577E-39,2.0529999999999998E-39,2.08E-35,0.0,0.5259,0.6753,2.067,1.292,0.1012,0.03016,0.002113,0.001638,0.01927,0.00274,0.0,0.0,1.172E-4,3.132E-4,0.0015,0.994,1.028E-4,0.001693,8.797E-4,8.999E-4,5.305E-4,0.0,0.0171,0.002233,0.003031,0.002546,0.1975,0.004974,0.001139,5.019E-4,0.002187,4.007E-4,
0.0,1329.0,114.8,186.4,144.3,0.1124,2.426,0.1435,0.07527,2.931,0.297,0.0,344.0,0.09751,1.167,0.08967,0.1374,0.1593,0.3528,0.3199,4.241,9.841,0.0,344.0,0.09751,1.167,0.08967,0.1374,0.1593,0.3528,0.3199,4.241,9.841,0.0,0.0,0.0,0.0,0.0,0.0,0.0,0.0,0.0,0.0,0.0,0.0,0.0,301.0,92.23,40.49,1013.0,184.9,5.153,4.595,12.02,4.024,0.0,125.7,4.795,17.29,46.73,45.38,1.336,0.0562,0.04719,0.05561,0.0316,0.0,0.0,0.0,0.0,0.0,0.0,0.0,0.0,0.0,0.0,0.0,0.0,0.0,0.0,0.0,0.0,0.0,0.0,0.0,0.0,0.0,0.0,0.0,0.0,0.0,0.0,0.0,0.0,0.0,0.0,0.0,0.0,0.0,0.0,0.0,1.0E-4,0.0,70480.0,79790.0,80950.0,85900.0,3.745E7,35310.0,71520.0,44400.0,51890.0,34550.0,0.0,5.91E-37,1.529E-37,1.6850000000000002E-36,1.173E-36,1.028E-37,3.902E-38,6.8269999999999995E-40,7.732E-40,3.825E-39,1.993E-39,2.08E-35,0.0,0.5335,0.651,2.069,1.276,0.1239,0.03843,0.002018,0.001399,0.01928,0.002655,0.0,0.0,1.172E-4,3.132E-4,0.0015,0.994,1.028E-4,0.001693,8.797E-4,8.999E-4,5.305E-4,0.0,0.01711,0.00222,0.003025,0.002542,0.1973,0.004942,0.001144,4.944E-4,0.00221,4.246E-4,
0.0,1329.0,115.1,191.8,138.7,0.02366,2.49,0.1497,2.368,0.6566,0.2953,0.0,344.0,0.1111,1.151,0.122,0.1105,0.1564,0.3538,2.017,2.27,10.11,0.0,344.0,0.1111,1.151,0.122,0.1105,0.1564,0.3538,2.017,2.27,10.11,0.0,0.0,0.0,0.0,0.0,0.0,0.0,0.0,0.0,0.0,0.0,0.0,0.0,302.6,93.07,40.59,1012.0,185.1,5.16,8.573,8.059,4.025,0.0,125.7,4.742,19.34,45.08,45.26,0.5848,0.04475,0.0333,0.03714,0.02654,0.0,0.0,0.0,0.0,0.0,0.0,0.0,0.0,0.0,0.0,0.0,0.0,0.0,0.0,0.0,0.0,0.0,0.0,0.0,0.0,0.0,0.0,0.0,0.0,0.0,0.0,0.0,0.0,0.0,0.0,0.0,0.0,0.0,0.0,0.0,7.365E-4,0.0,70480.0,79720.0,78630.0,84920.0,3.696E7,33820.0,69950.0,49840.0,44210.0,32820.0,0.0,5.91E-37,1.724E-37,1.706E-36,1.1740000000000001E-36,6.048E-38,2.318E-38,5.76E-40,2.7769999999999998E-39,1.4449999999999999E-39,1.9949999999999998E-39,2.08E-35,0.0,0.5335,0.6584,2.078,1.296,0.0951,0.02834,0.001903,0.0155,0.004814,0.002644,0.0,0.0,1.172E-4,3.132E-4,0.0015,0.994,1.028E-4,0.001693,8.797E-4,8.999E-4,5.305E-4,0.0,0.01711,0.002235,0.003009,0.002525,0.1972,0.004946,0.001146,0.001948,7.829E-4,3.991E-4,
0.0,1330.0,115.2,188.9,145.6,0.02959,3.182,0.1517,2.389,0.6389,0.2942,0.0,344.0,0.1116,1.179,0.08768,0.1217,0.1501,0.4297,1.959,2.914,9.449,0.0,344.0,0.1116,1.179,0.08768,0.1217,0.1501,0.4297,1.959,2.914,9.449,0.0,0.0,0.0,0.0,0.0,0.0,0.0,0.0,0.0,0.0,0.0,0.0,0.0,304.3,92.71,40.39,1003.0,198.3,3.522,6.689,3.993,3.739,0.0,125.7,4.755,15.25,42.47,46.37,0.1743,0.04295,0.03096,0.03357,0.02603,0.0,0.0,0.0,0.0,0.0,0.0,0.0,0.0,0.0,0.0,0.0,0.0,0.0,0.0,0.0,0.0,0.0,0.0,0.0,0.0,0.0,0.0,0.0,0.0,0.0,0.0,0.0,0.0,0.0,0.0,0.0,0.0,0.0,0.0,0.0,0.001046,0.0,70570.0,79350.0,81220.0,79250.0,3.424E7,34250.0,65100.0,46980.0,41260.0,30970.0,0.0,6.005E-37,1.7309999999999999E-37,1.679E-36,1.163E-36,6.671999999999999E-38,2.084E-38,5.424E-40,2.753E-39,1.371E-39,1.992E-39,2.08E-35,0.0,0.5404,0.6635,2.053,1.295,0.1034,0.02716,0.001857,0.01561,0.004696,0.002627,0.0,0.0,1.172E-4,3.132E-4,0.0015,0.994,1.028E-4,0.001693,8.797E-4,8.999E-4,5.305E-4,0.0,0.01712,0.002237,0.002964,0.002532,0.1972,0.00499,0.001131,0.001948,7.794E-4,3.946E-4,
0.0,1330.0,111.3,190.1,140.7,0.9107,3.181,0.1509,2.399,0.6321,0.2934,0.0,344.0,0.09828,1.201,0.08671,0.1104,0.1507,0.4291,1.965,3.646,8.711,0.0,344.0,0.09828,1.201,0.08671,0.1104,0.1507,0.4291,1.965,3.646,8.711,0.0,0.0,0.0,0.0,0.0,0.0,0.0,0.0,0.0,0.0,0.0,0.0,0.0,302.2,94.72,42.9,997.4,198.6,3.542,6.854,4.115,3.746,0.0,125.7,2.989,14.39,49.47,48.14,0.1771,0.04277,0.03054,0.03346,0.02603,0.0,0.0,0.0,0.0,0.0,0.0,0.0,0.0,0.0,0.0,0.0,0.0,0.0,0.0,0.0,0.0,0.0,0.0,0.0,0.0,0.0,0.0,0.0,0.0,0.0,0.0,0.0,0.0,0.0,0.0,0.0,0.0,0.0,0.0,0.0,1.0E-4,0.0,70590.0,79470.0,78920.0,78680.0,3.327E7,33330.0,63500.0,46260.0,40460.0,30590.0,0.0,6.027E-37,1.6279999999999999E-37,1.68E-36,1.162E-36,5.766E-38,2.081E-38,5.425E-40,2.747E-39,1.363E-39,1.991E-39,2.08E-35,0.0,0.5422,0.6383,2.057,1.321,0.09286,0.02718,0.001844,0.01567,0.004658,0.002617,0.0,0.0,1.172E-4,3.132E-4,0.0015,0.994,1.028E-4,0.001693,8.797E-4,8.999E-4,5.305E-4,0.0,0.01712,0.002203,0.002947,0.002557,0.1971,0.004997,0.001127,0.001954,7.783E-4,3.918E-4,
0.0,1332.0,110.8,191.2,142.9,0.03478,3.154,0.1521,2.783,0.2483,0.2937,0.0,344.0,0.09244,1.18,0.09787,0.1165,0.1506,0.4275,2.212,3.187,8.923,0.0,344.0,0.09244,1.18,0.09787,0.1165,0.1506,0.4275,2.212,3.187,8.923,0.0,0.0,0.0,0.0,0.0,0.0,0.0,0.0,0.0,0.0,0.0,0.0,0.0,303.1,100.2,41.38,997.0,196.7,3.46,8.055,3.445,3.728,0.0,125.7,2.534,12.89,46.34,49.31,0.1914,0.0455,0.03168,0.03543,0.02703,0.0,0.0,0.0,0.0,0.0,0.0,0.0,0.0,0.0,0.0,0.0,0.0,0.0,0.0,0.0,0.0,0.0,0.0,0.0,0.0,0.0,0.0,0.0,0.0,0.0,0.0,0.0,0.0,0.0,0.0,0.0,0.0,0.0,0.0,0.0,7.167E-4,0.0,70640.0,84590.0,95170.0,69620.0,3.174E7,31900.0,51590.0,40160.0,34530.0,27140.0,0.0,6.0959999999999994E-37,1.53E-37,1.652E-36,1.1560000000000001E-36,6.147E-38,2.072E-38,5.507E-40,3.052E-39,1.0219999999999999E-39,1.9939999999999997E-39,2.08E-35,0.0,0.5564,0.6305,2.039,1.314,0.09579,0.02711,0.001844,0.0181,0.002238,0.002618,0.0,0.0,3.293E-4,7.456E-4,0.001286,0.9944,8.117E-5,0.001336,6.943E-4,7.103E-4,4.187E-4,0.0,0.01714,0.002248,0.003058,0.002482,0.1972,0.004984,0.00106,0.00189,7.988E-4,3.731E-4,
0.0,1333.0,110.7,192.4,133.3,0.1092,3.554,0.1549,2.799,0.2627,0.2945,0.0,344.0,0.09024,1.194,0.08764,0.1153,0.1494,0.4276,2.212,2.367,9.743,0.0,344.0,0.09024,1.194,0.08764,0.1153,0.1494,0.4276,2.212,2.367,9.743,0.0,0.0,0.0,0.0,0.0,0.0,0.0,0.0,0.0,0.0,0.0,0.0,0.0,307.2,100.8,44.64,999.7,183.9,3.958,10.31,5.681,3.89,0.0,125.7,2.392,12.78,51.47,49.4,1.266,0.04646,0.0319,0.03683,0.02741,0.0,0.0,0.0,0.0,0.0,0.0,0.0,0.0,0.0,0.0,0.0,0.0,0.0,0.0,0.0,0.0,0.0,0.0,0.0,0.0,0.0,0.0,0.0,0.0,0.0,0.0,0.0,0.0,0.0,0.0,0.0,0.0,0.0,0.0,0.0,1.0E-4,0.0,70800.0,84980.0,94690.0,69160.0,3.0E7,31720.0,50930.0,40130.0,34360.0,27290.0,0.0,6.436E-37,1.513E-37,1.65E-36,1.105E-36,6.219E-38,2.813E-38,5.642E-40,3.104E-39,1.09E-39,1.998E-39,2.08E-35,0.0,0.5813,0.6271,2.045,1.274,0.09697,0.03665,0.001863,0.01819,0.002328,0.002625,0.0,0.0,3.431E-4,7.77E-4,0.00134,0.9942,8.458E-5,0.001392,7.235E-4,7.402E-4,4.364E-4,0.0,0.01718,0.002262,0.003047,0.0025,0.1965,0.004894,0.00107,0.001906,8.152E-4,3.751E-4,
0.0,1333.0,111.5,194.9,142.3,0.06285,3.112,0.1573,2.764,0.264,0.3018,0.0,344.0,0.09434,1.154,0.1338,0.117,0.1494,0.4293,2.19,2.368,9.748,0.0,344.0,0.09434,1.154,0.1338,0.117,0.1494,0.4293,2.19,2.368,9.748,0.0,0.0,0.0,0.0,0.0,0.0,0.0,0.0,0.0,0.0,0.0,0.0,0.0,305.4,103.1,45.35,994.6,183.8,4.0,10.23,5.698,3.9,0.0,125.7,2.319,9.385,43.65,49.76,0.2415,0.04817,0.03256,0.03885,0.02812,0.0,0.0,0.0,0.0,0.0,0.0,0.0,0.0,0.0,0.0,0.0,0.0,0.0,0.0,0.0,0.0,0.0,0.0,0.0,0.0,0.0,0.0,0.0,0.0,0.0,0.0,0.0,0.0,0.0,0.0,0.0,0.0,0.0,0.0,0.0,1.0E-4,0.0,70980.0,85800.0,99450.0,69870.0,2.89E7,31550.0,52060.0,40980.0,35060.0,28010.0,0.0,6.437E-37,1.6179999999999999E-37,1.651E-36,1.0870000000000001E-36,6.106999999999999E-38,2.075E-38,5.667E-40,3.051E-39,1.088E-39,2.0039999999999998E-39,2.08E-35,0.0,0.5815,0.6368,2.038,1.282,0.09573,0.02723,0.001879,0.01797,0.002345,0.002673,0.0,0.0,3.686E-4,8.347E-4,0.00144,0.9937,9.087E-5,0.001496,7.773E-4,7.952E-4,4.688E-4,0.0,0.01722,0.002232,0.003073,0.00251,0.196,0.004814,0.001081,0.001918,8.189E-4,3.762E-4,
0.0,1329.0,119.1,192.2,146.1,1.158,3.048,0.158,2.767,0.2631,0.3016,0.0,344.0,0.1199,1.146,0.09895,0.1287,0.1476,0.4309,2.062,2.161,10.08,0.0,344.0,0.1199,1.146,0.09895,0.1287,0.1476,0.4309,2.062,2.161,10.08,0.0,0.0,0.0,0.0,0.0,0.0,0.0,0.0,0.0,0.0,0.0,0.0,0.0,305.9,105.0,45.51,1002.0,182.7,3.937,10.37,5.841,3.888,0.0,124.5,2.13,8.204,40.2,49.61,0.2809,0.04588,0.03122,0.03887,0.02769,0.0,0.0,0.0,0.0,0.0,0.0,0.0,0.0,0.0,0.0,0.0,0.0,0.0,0.0,0.0,0.0,0.0,0.0,0.0,0.0,0.0,0.0,0.0,0.0,0.0,0.0,0.0,0.0,0.0,0.0,0.0,0.0,0.0,0.0,0.0,1.0E-4,0.0,71120.0,92010.0,155600.0,93050.0,2.83E7,30270.0,45300.0,37020.0,31220.0,25230.0,0.0,6.022E-37,1.809E-37,1.6010000000000002E-36,1.086E-36,7.915E-38,2.075E-38,5.891E-40,3.043E-39,1.1E-39,2.009E-39,2.08E-35,0.0,0.544,0.6961,1.99,1.294,0.1041,0.02718,0.001898,0.01799,0.002342,0.002697,0.0,0.0,6.822E-4,0.002965,0.002306,0.991,7.682E-5,0.001264,6.571E-4,6.723E-4,3.963E-4,0.0,0.01728,0.002291,0.003407,0.002653,0.1951,0.004663,0.001048,0.001899,8.036E-4,3.587E-4,
0.0,1329.0,113.1,193.4,147.8,0.5867,2.979,0.1564,2.767,0.2616,0.3017,0.0,344.0,0.1116,1.156,0.1017,0.123,0.1472,0.4305,2.062,2.385,9.857,0.0,344.0,0.1116,1.156,0.1017,0.123,0.1472,0.4305,2.062,2.385,9.857,0.0,0.0,0.0,0.0,0.0,0.0,0.0,0.0,0.0,0.0,0.0,0.0,0.0,312.0,99.92,45.4,1001.0,182.1,3.98,10.49,5.959,3.902,0.0,124.5,2.629,11.66,48.85,40.15,0.319,0.03468,0.02521,0.03405,0.02436,0.0,0.0,0.0,0.0,0.0,0.0,0.0,0.0,0.0,0.0,0.0,0.0,0.0,0.0,0.0,0.0,0.0,0.0,0.0,0.0,0.0,0.0,0.0,0.0,0.0,0.0,0.0,0.0,0.0,0.0,0.0,0.0,0.0,0.0,0.0,1.0E-4,0.0,71180.0,92530.0,98170.0,69060.0,2.823E7,29970.0,45700.0,36930.0,31170.0,24880.0,0.0,6.022E-37,1.6589999999999999E-37,1.602E-36,1.096E-36,6.784E-38,2.056E-38,5.625E-40,3.012E-39,1.0829999999999999E-39,2.001E-39,2.08E-35,0.0,0.544,0.6556,2.024,1.307,0.09589,0.02698,0.001871,0.01798,0.002337,0.00269,0.0,0.0,7.06E-4,6.137E-4,9.135E-4,0.9946,7.95E-5,0.001309,6.8E-4,6.957E-4,4.101E-4,0.0,0.01731,0.002293,0.003023,0.002504,0.1948,0.004589,0.001051,0.001901,8.032E-4,3.614E-4,
0.0,1329.0,112.4,193.9,150.7,0.09628,2.953,0.1575,2.767,0.2688,0.3209,0.0,344.0,0.1129,1.156,0.1008,0.1181,0.147,0.4548,2.037,3.589,8.659,0.0,344.0,0.1129,1.156,0.1008,0.1181,0.147,0.4548,2.037,3.589,8.659,0.0,0.0,0.0,0.0,0.0,0.0,0.0,0.0,0.0,0.0,0.0,0.0,0.0,317.6,96.75,45.77,993.9,180.8,4.19,10.79,6.278,3.98,0.0,124.5,2.097,8.108,49.77,40.91,0.3131,0.03533,0.02583,0.03224,0.0243,0.0,0.0,0.0,0.0,0.0,0.0,0.0,0.0,0.0,0.0,0.0,0.0,0.0,0.0,0.0,0.0,0.0,0.0,0.0,0.0,0.0,0.0,0.0,0.0,0.0,0.0,0.0,0.0,0.0,0.0,0.0,0.0,0.0,0.0,0.0,5.513E-4,0.0,71230.0,93730.0,98760.0,68330.0,2.715E7,29220.0,49390.0,38830.0,33170.0,26240.0,0.0,6.022E-37,1.558E-37,1.59E-36,1.0920000000000001E-36,5.72E-38,2.05E-38,5.648E-40,3.001E-39,3.7199999999999996E-39,2.148E-38,2.08E-35,0.0,0.544,0.6429,2.017,1.31,0.08802,0.02693,0.001874,0.01798,0.005208,0.02374,0.0,0.0,8.263E-4,7.182E-4,0.001069,0.9937,9.305E-5,0.001531,7.959E-4,8.142E-4,4.8E-4,0.0,0.01732,0.002299,0.002994,0.002527,0.1943,0.004542,0.001093,0.001913,8.306E-4,4.195E-4,
0.0,1329.0,110.2,195.1,154.2,0.06511,2.961,0.1579,2.768,0.2675,0.3061,0.0,344.0,0.09744,1.156,0.1034,0.1245,0.1483,0.4101,2.029,3.572,8.733,0.0,344.0,0.09744,1.156,0.1034,0.1245,0.1483,0.4101,2.029,3.572,8.733,0.0,0.0,0.0,0.0,0.0,0.0,0.0,0.0,0.0,0.0,0.0,0.0,0.0,316.8,99.52,46.09,996.0,180.0,4.233,10.95,6.43,4.01,0.0,124.5,2.118,7.845,47.34,40.93,0.3005,0.03522,0.02589,0.03127,0.02415,0.0,0.0,0.0,0.0,0.0,0.0,0.0,0.0,0.0,0.0,0.0,0.0,0.0,0.0,0.0,0.0,0.0,0.0,0.0,0.0,0.0,0.0,0.0,0.0,0.0,0.0,0.0,0.0,0.0,0.0,0.0,0.0,0.0,0.0,0.0,5.656E-4,0.0,71280.0,92530.0,95840.0,65090.0,2.605E7,27680.0,48590.0,37930.0,32350.0,25320.0,0.0,6.022E-37,1.4419999999999999E-37,1.5880000000000002E-36,1.102E-36,6.48E-38,2.044E-38,5.649E-40,2.988E-39,1.579E-39,7.084E-39,2.08E-35,0.0,0.544,0.6251,2.031,1.324,0.09413,0.0269,0.001873,0.01798,0.002896,0.008179,0.0,0.0,8.615E-4,7.489E-4,0.001115,0.9934,9.702E-5,0.001597,8.299E-4,8.49E-4,5.005E-4,0.0,0.01734,0.002246,0.003018,0.002553,0.194,0.004493,0.001101,0.001919,8.332E-4,4.292E-4,
0.0,1331.0,109.7,188.6,139.5,0.1788,2.978,0.1582,2.768,0.2689,0.3023,0.0,344.0,0.09805,1.16,0.1075,0.1873,0.1479,0.4092,2.029,3.575,8.649,0.0,344.0,0.09805,1.16,0.1075,0.1873,0.1479,0.4092,2.029,3.575,8.649,0.0,0.0,0.0,0.0,0.0,0.0,0.0,0.0,0.0,0.0,0.0,0.0,0.0,318.6,101.9,46.21,998.9,179.0,3.967,10.73,6.257,3.49,0.0,126.5,4.133,7.283,60.14,41.5,2.366,0.03472,0.02509,0.03058,0.03432,0.0,0.0,0.0,0.0,0.0,0.0,0.0,0.0,0.0,0.0,0.0,0.0,0.0,0.0,0.0,0.0,0.0,0.0,0.0,0.0,0.0,0.0,0.0,0.0,0.0,0.0,0.0,0.0,0.0,0.0,0.0,0.0,0.0,0.0,0.0,6.476E-4,0.0,71440.0,94020.0,95880.0,66290.0,2.464E7,25640.0,44730.0,33890.0,28810.0,26040.0,0.0,6.114E-37,1.465E-37,1.545E-36,1.081E-36,8.08E-38,3.187E-38,5.753E-40,2.985E-39,1.586E-39,7.104E-39,2.08E-35,0.0,0.5508,0.6248,2.006,1.303,0.1079,0.04026,0.001877,0.01798,0.002904,0.00819,0.0,0.0,8.994E-4,7.818E-4,0.001164,0.9931,1.013E-4,0.001667,8.664E-4,8.864E-4,5.225E-4,0.0,0.01736,0.002296,0.003052,0.002581,0.1939,0.004405,0.001074,0.001881,8.017E-4,4.411E-4,
0.0,1321.0,123.4,187.4,136.7,0.03861,11.27,0.1982,2.815,0.3303,0.3794,0.0,344.0,0.1079,1.193,0.1302,0.163,0.1321,0.3511,2.009,3.552,8.71,0.0,344.0,0.1079,1.193,0.1302,0.163,0.1321,0.3511,2.009,3.552,8.71,0.0,0.0,0.0,0.0,0.0,0.0,0.0,0.0,0.0,0.0,0.0,0.0,0.0,319.9,106.5,46.45,1000.0,180.0,4.381,11.19,6.663,3.905,0.0,123.4,5.128,6.418,45.71,41.19,10.76,0.04028,0.03112,0.03643,0.0398,0.0,0.0,0.0,0.0,0.0,0.0,0.0,0.0,0.0,0.0,0.0,0.0,0.0,0.0,0.0,0.0,0.0,0.0,0.0,0.0,0.0,0.0,0.0,0.0,0.0,0.0,0.0,0.0,0.0,0.0,0.0,0.0,0.0,0.0,0.0,1.0E-4,0.0,71440.0,94330.0,93170.0,65040.0,2.381E7,28820.0,45820.0,35840.0,30400.0,26850.0,0.0,5.275E-37,2.636E-37,1.525E-36,1.011E-36,5.263E-38,8.85E-38,7.093E-40,3.128E-39,1.777E-39,7.341E-39,2.08E-35,0.0,0.4726,0.7257,1.992,1.231,0.08478,0.1091,0.002287,0.01849,0.003546,0.008992,0.0,0.0,8.994E-4,7.818E-4,0.001164,0.9931,1.013E-4,0.001667,8.664E-4,8.864E-4,5.225E-4,0.0,0.01737,0.002317,0.003039,0.00263,0.1936,0.004406,0.001112,0.001917,8.367E-4,4.782E-4,
0.0,1321.0,126.8,185.7,160.1,0.0378,4.63,0.1991,2.83,0.3309,0.3786,0.0,344.0,0.1279,1.175,0.1241,0.165,0.1298,0.3484,2.107,3.671,8.493,0.0,344.0,0.1279,1.175,0.1241,0.165,0.1298,0.3484,2.107,3.671,8.493,0.0,0.0,0.0,0.0,0.0,0.0,0.0,0.0,0.0,0.0,0.0,0.0,0.0,321.0,106.8,47.07,1008.0,180.6,4.347,11.23,6.664,3.899,0.0,123.4,1.869,5.359,38.71,43.71,0.3391,0.04067,0.03119,0.03747,0.04005,0.0,0.0,0.0,0.0,0.0,0.0,0.0,0.0,0.0,0.0,0.0,0.0,0.0,0.0,0.0,0.0,0.0,0.0,0.0,0.0,0.0,0.0,0.0,0.0,0.0,0.0,0.0,0.0,0.0,0.0,0.0,0.0,0.0,0.0,0.0,1.0E-4,0.0,71510.0,94360.0,98180.0,66160.0,2.401E7,28550.0,45960.0,35890.0,30430.0,26110.0,0.0,5.275E-37,1.886E-37,1.5020000000000001E-36,1.064E-36,3.756E-38,3.055E-38,7.173E-40,3.271E-39,1.7699999999999998E-39,7.328999999999999E-39,2.08E-35,0.0,0.4726,0.7453,1.967,1.297,0.08292,0.04137,0.00228,0.01868,0.003554,0.008989,0.0,0.0,8.994E-4,7.818E-4,0.001164,0.9931,1.013E-4,0.001667,8.664E-4,8.864E-4,5.225E-4,0.0,0.0174,0.002325,0.00303,0.002684,0.1935,0.004366,0.001081,0.001943,8.366E-4,4.768E-4,
0.0,1322.0,122.9,187.6,164.9,0.03001,4.55,0.1987,2.84,0.3313,0.3757,0.0,344.0,0.1052,1.195,0.124,0.1648,0.1271,0.352,2.107,4.106,8.058,0.0,344.0,0.1052,1.195,0.124,0.1648,0.1271,0.352,2.107,4.106,8.058,0.0,0.0,0.0,0.0,0.0,0.0,0.0,0.0,0.0,0.0,0.0,0.0,0.0,323.5,108.5,46.57,1003.0,180.6,4.331,11.18,6.63,3.866,0.0,123.4,1.825,5.145,33.81,43.64,0.3611,0.04114,0.03127,0.03869,0.04035,0.0,0.0,0.0,0.0,0.0,0.0,0.0,0.0,0.0,0.0,0.0,0.0,0.0,0.0,0.0,0.0,0.0,0.0,0.0,0.0,0.0,0.0,0.0,0.0,0.0,0.0,0.0,0.0,0.0,0.0,0.0,0.0,0.0,0.0,0.0,5.455E-4,0.0,71580.0,96150.0,97650.0,66810.0,2.487E7,28820.0,47520.0,36790.0,31370.0,26250.0,0.0,5.673E-37,1.585E-37,1.5170000000000002E-36,1.0240000000000001E-36,3.755E-38,3.004E-38,7.167E-40,3.327E-39,1.762E-39,7.313999999999999E-39,2.08E-35,0.0,0.4961,0.7107,1.988,1.281,0.08291,0.04081,0.00228,0.01877,0.003564,0.008974,0.0,0.0,8.994E-4,7.818E-4,0.001164,0.9931,1.013E-4,0.001667,8.664E-4,8.864E-4,5.225E-4,0.0,0.01743,0.002322,0.003042,0.002643,0.1935,0.004364,0.001087,0.001942,8.402E-4,4.722E-4,
0.0,1325.0,121.6,183.6,161.8,0.02852,4.333,0.1983,2.843,0.3275,0.3753,0.0,344.0,0.1089,1.146,0.1506,0.1808,0.127,0.3518,2.297,3.916,8.057,0.0,344.0,0.1089,1.146,0.1506,0.1808,0.127,0.3518,2.297,3.916,8.057,0.0,0.0,0.0,0.0,0.0,0.0,0.0,0.0,0.0,0.0,0.0,0.0,0.0,322.1,115.3,46.61,991.5,180.1,4.147,11.09,6.533,3.808,0.0,123.4,1.848,6.142,34.78,46.15,0.3416,0.04964,0.03552,0.0442,0.04317,0.0,0.0,0.0,0.0,0.0,0.0,0.0,0.0,0.0,0.0,0.0,0.0,0.0,0.0,0.0,0.0,0.0,0.0,0.0,0.0,0.0,0.0,0.0,0.0,0.0,0.0,0.0,0.0,0.0,0.0,0.0,0.0,0.0,0.0,0.0,1.0E-4,0.0,71710.0,125700.0,207700.0,76630.0,2.551E7,39220.0,39680.0,32990.0,27360.0,23800.0,0.0,5.86E-37,1.651E-37,1.4460000000000002E-36,1.043E-36,4.94E-38,2.91E-38,7.328E-40,3.3149999999999996E-39,1.763E-39,7.303E-39,2.08E-35,0.0,0.5235,0.712,1.934,1.277,0.1062,0.0393,0.002319,0.01881,0.003565,0.008986,0.0,0.0,0.002525,0.005824,0.001654,0.9863,8.42E-4,0.001203,6.252E-4,6.396E-4,3.771E-4,0.0,0.01749,0.002554,0.003807,0.002748,0.1925,0.004464,0.001014,0.001909,7.974E-4,4.494E-4,
0.0,1326.0,121.8,184.5,153.9,0.02603,4.312,0.1971,2.822,0.3415,0.3773,0.0,344.0,0.1111,1.172,0.1442,0.1588,0.1213,0.3527,2.265,4.0,8.007,0.0,344.0,0.1111,1.172,0.1442,0.1588,0.1213,0.3527,2.265,4.0,8.007,0.0,0.0,0.0,0.0,0.0,0.0,0.0,0.0,0.0,0.0,0.0,0.0,0.0,320.5,112.0,46.51,997.3,180.1,4.183,11.06,6.589,3.822,0.0,123.4,1.837,9.613,48.52,35.01,0.3533,0.03662,0.02857,0.03818,0.03923,0.0,0.0,0.0,0.0,0.0,0.0,0.0,0.0,0.0,0.0,0.0,0.0,0.0,0.0,0.0,0.0,0.0,0.0,0.0,0.0,0.0,0.0,0.0,0.0,0.0,0.0,0.0,0.0,0.0,0.0,0.0,0.0,0.0,0.0,0.0,4.978E-4,0.0,71810.0,75300.0,94240.0,47610.0,2.507E7,39880.0,40380.0,33780.0,27970.0,24440.0,0.0,6.005E-37,1.6489999999999999E-37,1.435E-36,1.048E-36,2.651E-38,2.903E-38,6.977E-40,3.267E-39,1.754E-39,7.273E-39,2.08E-35,0.0,0.5341,0.714,1.938,1.29,0.07292,0.03928,0.002266,0.01866,0.003636,0.008992,0.0,0.0,2.665E-4,8.672E-4,3.054E-4,0.9947,8.771E-4,0.001253,6.512E-4,6.662E-4,3.928E-4,0.0,0.0175,0.002184,0.002994,0.002565,0.1938,0.004468,0.001009,0.001918,7.965E-4,4.674E-4,
0.0,1326.0,121.8,184.8,152.8,0.02796,5.966,0.1986,2.835,0.3297,0.3775,0.0,344.0,0.1202,1.18,0.125,0.1588,0.1228,0.3529,2.268,3.749,8.255,0.0,344.0,0.1202,1.18,0.125,0.1588,0.1228,0.3529,2.268,3.749,8.255,0.0,0.0,0.0,0.0,0.0,0.0,0.0,0.0,0.0,0.0,0.0,0.0,0.0,323.5,110.0,47.94,998.8,181.8,4.322,11.16,6.627,3.867,0.0,123.4,1.839,9.338,46.84,34.98,0.3234,0.03649,0.02872,0.03697,0.03902,0.0,0.0,0.0,0.0,0.0,0.0,0.0,0.0,0.0,0.0,0.0,0.0,0.0,0.0,0.0,0.0,0.0,0.0,0.0,0.0,0.0,0.0,0.0,0.0,0.0,0.0,0.0,0.0,0.0,0.0,0.0,0.0,0.0,0.0,0.0,1.0E-4,0.0,71910.0,75980.0,94260.0,47900.0,2.481E7,42180.0,44630.0,36340.0,30520.0,26000.0,0.0,6.19E-37,1.805E-37,1.3990000000000001E-36,1.028E-36,2.649E-38,3.767E-38,6.9759999999999996E-40,3.253E-39,1.736E-39,7.255E-39,2.08E-35,0.0,0.5476,0.7216,1.919,1.272,0.0729,0.0511,0.002271,0.01874,0.003548,0.008992,0.0,0.0,3.088E-4,0.001005,3.538E-4,0.9939,0.001016,0.001452,7.544E-4,7.718E-4,4.55E-4,0.0,0.01752,0.002179,0.002976,0.002567,0.1928,0.004509,0.001043,0.001937,8.203E-4,4.72E-4,
0.0,1326.0,118.9,187.5,154.7,0.02136,7.561,0.2001,2.869,0.3404,0.3648,0.0,344.0,0.1116,1.176,0.1235,0.154,0.1221,0.354,2.38,5.059,6.851,0.0,344.0,0.1116,1.176,0.1235,0.154,0.1221,0.354,2.38,5.059,6.851,0.0,0.0,0.0,0.0,0.0,0.0,0.0,0.0,0.0,0.0,0.0,0.0,0.0,323.7,110.8,47.91,993.9,181.8,4.317,11.24,6.629,3.832,0.0,123.4,1.853,9.177,43.5,34.94,0.2913,0.03588,0.02863,0.03527,0.03862,0.0,0.0,0.0,0.0,0.0,0.0,0.0,0.0,0.0,0.0,0.0,0.0,0.0,0.0,0.0,0.0,0.0,0.0,0.0,0.0,0.0,0.0,0.0,0.0,0.0,0.0,0.0,0.0,0.0,0.0,0.0,0.0,0.0,0.0,0.0,1.0E-4,0.0,71910.0,76320.0,94850.0,46730.0,2.439E7,41810.0,45030.0,36980.0,31010.0,26450.0,0.0,6.19E-37,1.7089999999999999E-37,1.3780000000000001E-36,1.0420000000000001E-36,2.645E-38,4.258E-38,7.017E-40,3.257E-39,1.737E-39,7.228E-39,2.08E-35,0.0,0.5476,0.7126,1.919,1.274,0.0728,0.05732,0.00227,0.01895,0.003604,0.008913,0.0,0.0,3.141E-4,0.001022,3.599E-4,0.9938,0.001034,0.001477,7.675E-4,7.852E-4,4.629E-4,0.0,0.01752,0.002186,0.002986,0.00257,0.1924,0.004506,0.00105,0.001946,8.153E-4,4.691E-4,
0.0,1327.0,117.9,177.7,156.4,0.02477,7.456,0.1958,2.879,0.3322,0.368,0.0,344.0,0.1102,1.179,0.1221,0.1533,0.1216,0.3511,2.457,4.827,7.008,0.0,344.0,0.1102,1.179,0.1221,0.1533,0.1216,0.3511,2.457,4.827,7.008,0.0,0.0,0.0,0.0,0.0,0.0,0.0,0.0,0.0,0.0,0.0,0.0,0.0,324.6,110.8,48.08,998.7,181.8,4.345,11.29,6.624,3.837,0.0,123.4,2.265,18.0,42.05,35.28,0.2802,0.03577,0.02864,0.03479,0.03852,0.0,0.0,0.0,0.0,0.0,0.0,0.0,0.0,0.0,0.0,0.0,0.0,0.0,0.0,0.0,0.0,0.0,0.0,0.0,0.0,0.0,0.0,0.0,0.0,0.0,0.0,0.0,0.0,0.0,0.0,0.0,0.0,0.0,0.0,0.0,1.002E-4,0.0,72040.0,77610.0,95190.0,46220.0,2.367E7,41980.0,45750.0,37930.0,31650.0,27050.0,0.0,6.297E-37,1.6899999999999999E-37,1.3640000000000002E-36,1.0370000000000001E-36,2.656E-38,4.163E-38,6.978E-40,3.239E-39,1.7289999999999998E-39,7.195E-39,2.08E-35,0.0,0.5557,0.7085,1.909,1.276,0.07476,0.05684,0.002242,0.01901,0.003552,0.008931,0.0,0.0,3.279E-4,0.001067,3.757E-4,0.9935,0.001079,0.001542,8.012E-4,8.196E-4,4.832E-4,0.0,0.01755,0.002187,0.003008,0.002576,0.1923,0.004492,0.001059,0.001968,8.062E-4,4.718E-4,
0.0,1328.0,117.2,176.6,128.7,0.1208,7.484,0.2014,2.821,0.3375,0.3806,0.0,344.0,0.1093,1.189,0.1294,0.156,0.1225,0.3547,2.513,4.678,7.075,0.0,344.0,0.1093,1.189,0.1294,0.156,0.1225,0.3547,2.513,4.678,7.075,0.0,0.0,0.0,0.0,0.0,0.0,0.0,0.0,0.0,0.0,0.0,0.0,0.0,318.9,113.7,52.96,1005.0,181.9,4.423,11.18,6.675,3.89,0.0,123.4,2.175,17.75,70.13,35.55,0.3233,0.03589,0.02858,0.03504,0.0385,0.0,0.0,0.0,0.0,0.0,0.0,0.0,0.0,0.0,0.0,0.0,0.0,0.0,0.0,0.0,0.0,0.0,0.0,0.0,0.0,0.0,0.0,0.0,0.0,0.0,0.0,0.0,0.0,0.0,0.0,0.0,0.0,0.0,0.0,0.0,1.0E-4,0.0,72180.0,76990.0,94790.0,47140.0,2.307E7,42010.0,46200.0,38200.0,31820.0,26580.0,0.0,6.479E-37,1.8029999999999999E-37,1.366E-36,9.955E-37,2.774E-38,3.885E-38,7.012E-40,3.174E-39,1.726E-39,7.162E-39,2.08E-35,0.0,0.5703,0.71,1.908,1.258,0.07565,0.05692,0.002278,0.01865,0.003586,0.009012,0.0,0.0,3.443E-4,0.00112,3.945E-4,0.9932,0.001133,0.001619,8.412E-4,8.606E-4,5.073E-4,0.0,0.01759,0.002201,0.00302,0.002556,0.1915,0.004482,0.001068,0.001979,8.096E-4,4.731E-4,
0.0,1328.0,119.5,171.8,138.0,0.07815,7.558,0.203,2.821,0.3369,0.3806,0.0,344.0,0.1308,1.135,0.1515,0.161,0.1225,0.3546,2.512,4.724,7.031,0.0,344.0,0.1308,1.135,0.1515,0.161,0.1225,0.3546,2.512,4.724,7.031,0.0,0.0,0.0,0.0,0.0,0.0,0.0,0.0,0.0,0.0,0.0,0.0,0.0,307.2,128.8,53.51,1007.0,181.9,4.427,11.18,6.678,3.892,0.0,123.4,6.324,17.21,58.25,36.79,0.3288,0.03622,0.02864,0.03585,0.03869,0.0,0.0,0.0,0.0,0.0,0.0,0.0,0.0,0.0,0.0,0.0,0.0,0.0,0.0,0.0,0.0,0.0,0.0,0.0,0.0,0.0,0.0,0.0,0.0,0.0,0.0,0.0,0.0,0.0,0.0,0.0,0.0,0.0,0.0,0.0,7.847E-4,0.0,72190.0,76110.0,92260.0,46800.0,2.224E7,40690.0,44360.0,36760.0,30490.0,25040.0,0.0,6.479E-37,1.947E-37,1.321E-36,1.0080000000000001E-36,3.172E-38,3.83E-38,7.032E-40,3.155E-39,1.7159999999999998E-39,7.108E-39,2.08E-35,0.0,0.5703,0.7304,1.863,1.269,0.08206,0.05694,0.002281,0.01864,0.003586,0.009013,0.0,0.0,3.458E-4,0.001125,3.962E-4,0.9932,0.001138,0.001626,8.448E-4,8.643E-4,5.095E-4,0.0,0.01759,0.002188,0.003008,0.002591,0.1915,0.004478,0.001072,0.001979,8.119E-4,4.735E-4,
0.0,1328.0,117.3,171.6,136.0,0.04595,8.648,0.202,2.821,0.3362,0.3796,0.0,344.0,0.1136,1.163,0.131,0.1605,0.1217,0.3573,2.603,4.655,7.005,0.0,344.0,0.1136,1.163,0.131,0.1605,0.1217,0.3573,2.603,4.655,7.005,0.0,0.0,0.0,0.0,0.0,0.0,0.0,0.0,0.0,0.0,0.0,0.0,0.0,304.9,131.6,56.32,1009.0,182.1,4.409,11.13,6.645,3.859,0.0,123.4,4.983,14.07,59.96,40.21,1.29,0.03659,0.02871,0.03688,0.03893,0.0,0.0,0.0,0.0,0.0,0.0,0.0,0.0,0.0,0.0,0.0,0.0,0.0,0.0,0.0,0.0,0.0,0.0,0.0,0.0,0.0,0.0,0.0,0.0,0.0,0.0,0.0,0.0,0.0,0.0,0.0,0.0,0.0,0.0,0.0,6.482E-4,0.0,72250.0,70590.0,96200.0,47550.0,2.237E7,41180.0,44420.0,36610.0,30490.0,24610.0,0.0,6.546E-37,1.7609999999999999E-37,1.3300000000000001E-36,9.739E-37,2.684E-38,5.889E-38,7.024E-40,3.138E-39,1.717E-39,7.035E-39,2.08E-35,0.0,0.5754,0.702,1.9,1.244,0.06502,0.07437,0.002274,0.01865,0.003598,0.008997,0.0,0.0,3.458E-4,0.001125,3.962E-4,0.9932,0.001138,0.001626,8.448E-4,8.643E-4,5.095E-4,0.0,0.01761,0.002174,0.003148,0.002627,0.1914,0.004469,0.001077,0.001969,8.233E-4,4.668E-4,
0.0,1328.0,121.0,155.4,135.0,0.03326,5.726,0.1625,2.764,0.2806,0.2964,0.0,344.0,0.1221,1.172,0.09809,0.1748,0.1205,0.358,2.731,5.15,6.373,0.0,344.0,0.1221,1.172,0.09809,0.1748,0.1205,0.358,2.731,5.15,6.373,0.0,0.0,0.0,0.0,0.0,0.0,0.0,0.0,0.0,0.0,0.0,0.0,0.0,301.6,135.1,55.77,1012.0,184.4,4.059,11.0,6.215,3.777,0.0,122.2,4.943,15.1,73.4,43.12,0.4951,0.03808,0.03088,0.03284,0.03964,0.0,0.0,0.0,0.0,0.0,0.0,0.0,0.0,0.0,0.0,0.0,0.0,0.0,0.0,0.0,0.0,0.0,0.0,0.0,0.0,0.0,0.0,0.0,0.0,0.0,0.0,0.0,0.0,0.0,0.0,0.0,0.0,0.0,0.0,0.0,5.079E-4,0.0,72340.0,80390.0,264900.0,47240.0,2.208E7,37510.0,36860.0,32900.0,26370.0,22250.0,0.0,6.3039999999999995E-37,1.7929999999999999E-37,1.278E-36,9.874E-37,4.717E-38,3.807E-38,7.88E-40,3.231E-39,1.798E-39,7.122E-39,2.08E-35,0.0,0.5736,0.7414,1.829,1.253,0.1057,0.05087,0.002255,0.01857,0.003502,0.008909,0.0,0.0,3.295E-4,0.008753,3.423E-4,0.9869,8.502E-4,0.001215,6.312E-4,6.458E-4,3.807E-4,0.0,0.01766,0.002241,0.004405,0.002564,0.1901,0.004499,0.001014,0.001948,7.73E-4,4.308E-4,
0.0,1329.0,122.5,153.3,133.6,0.03803,5.893,0.1956,2.75,0.3011,0.2917,0.0,344.0,0.1174,1.202,0.09384,0.1447,0.1145,0.3761,2.94,5.078,6.228,0.0,344.0,0.1174,1.202,0.09384,0.1447,0.1145,0.3761,2.94,5.078,6.228,0.0,0.0,0.0,0.0,0.0,0.0,0.0,0.0,0.0,0.0,0.0,0.0,0.0,307.2,129.0,55.75,1014.0,182.9,4.348,11.03,6.659,3.888,0.0,122.2,4.829,10.79,79.15,43.09,0.2403,0.03791,0.03096,0.03171,0.03942,0.0,0.0,0.0,0.0,0.0,0.0,0.0,0.0,0.0,0.0,0.0,0.0,0.0,0.0,0.0,0.0,0.0,0.0,0.0,0.0,0.0,0.0,0.0,0.0,0.0,0.0,0.0,0.0,0.0,0.0,0.0,0.0,0.0,0.0,0.0,1.0E-4,0.0,72370.0,78050.0,98980.0,50390.0,2.221E7,37580.0,38980.0,34160.0,27690.0,22960.0,0.0,6.3689999999999995E-37,1.776E-37,1.279E-36,9.889E-37,2.402E-38,3.692E-38,8.102E-40,3.1889999999999996E-39,1.861E-39,7.052E-39,2.08E-35,0.0,0.5787,0.7472,1.837,1.272,0.06253,0.04986,0.002418,0.01846,0.003614,0.008883,0.0,0.0,3.579E-4,4.311E-4,3.718E-4,0.9948,9.235E-4,0.001319,6.857E-4,7.015E-4,4.136E-4,0.0,0.01767,0.002263,0.003072,0.002601,0.1907,0.004433,0.001034,0.001954,8.065E-4,4.28E-4,
0.0,1329.0,111.1,164.8,153.5,0.5051,7.507,0.2339,2.749,0.3023,0.2908,0.0,344.0,0.1193,1.184,0.1062,0.144,0.1137,0.3786,2.622,2.546,9.075,0.0,344.0,0.1193,1.184,0.1062,0.144,0.1137,0.3786,2.622,2.546,9.075,0.0,0.0,0.0,0.0,0.0,0.0,0.0,0.0,0.0,0.0,0.0,0.0,0.0,309.3,129.0,56.75,998.1,182.9,4.352,11.03,6.66,3.89,0.0,122.2,4.549,9.731,57.56,42.97,0.2174,0.03774,0.03082,0.0314,0.03925,0.0,0.0,0.0,0.0,0.0,0.0,0.0,0.0,0.0,0.0,0.0,0.0,0.0,0.0,0.0,0.0,0.0,0.0,0.0,0.0,0.0,0.0,0.0,0.0,0.0,0.0,0.0,0.0,0.0,0.0,0.0,0.0,0.0,0.0,0.0,5.573E-4,0.0,72440.0,76460.0,92050.0,49640.0,2.177E7,37120.0,39180.0,34510.0,28030.0,23260.0,0.0,6.46E-37,1.78E-37,1.263E-36,9.689E-37,2.402E-38,4.994E-38,1.12E-39,3.182E-39,1.849E-39,6.982E-39,2.08E-35,0.0,0.5862,0.6764,1.892,1.254,0.06506,0.06653,0.002811,0.01847,0.003617,0.00888,0.0,0.0,3.64E-4,4.384E-4,3.781E-4,0.9947,9.392E-4,0.001342,6.974E-4,7.134E-4,4.206E-4,0.0,0.01769,0.002251,0.003075,0.002608,0.1905,0.004422,0.001043,0.001951,8.082E-4,4.291E-4,
0.0,1322.0,117.4,156.7,143.9,0.5039,7.759,0.2772,2.764,0.3327,0.1379,0.0,344.0,0.08966,1.211,0.1178,0.1447,0.1116,0.4567,2.466,2.53,9.16,0.0,344.0,0.08966,1.211,0.1178,0.1447,0.1116,0.4567,2.466,2.53,9.16,0.0,0.0,0.0,0.0,0.0,0.0,0.0,0.0,0.0,0.0,0.0,0.0,0.0,291.8,120.7,83.7,995.7,182.6,4.344,11.07,6.674,3.504,0.0,120.1,9.106,30.83,50.32,42.68,1.549,0.03807,0.03093,0.03193,0.4556,0.0,0.0,0.0,0.0,0.0,0.0,0.0,0.0,0.0,0.0,0.0,0.0,0.0,0.0,0.0,0.0,0.0,0.0,0.0,0.0,0.0,0.0,0.0,0.0,0.0,0.0,0.0,0.0,0.0,0.0,0.0,0.0,0.0,0.0,0.0,5.433E-4,0.0,72500.0,79810.0,78720.0,58100.0,2.142E7,37780.0,41230.0,34090.0,28740.0,24180.0,0.0,5.841E-37,1.757E-37,1.315E-36,9.048E-37,2.445E-38,4.279E-38,8.977E-40,5.4539999999999995E-39,2.482E-39,7.221999999999999E-39,2.08E-35,0.0,0.5291,0.7399,1.897,1.249,0.06376,0.05845,0.002958,0.02026,0.004263,0.00967,0.0,0.0,3.774E-4,4.546E-4,3.92E-4,0.9945,9.739E-4,0.001391,7.231E-4,7.397E-4,4.361E-4,0.0,0.01771,0.002249,0.002894,0.00283,0.1903,0.004393,0.001321,0.001686,8.136E-4,4.367E-4,
0.0,1323.0,116.9,159.9,153.8,0.5027,5.953,0.279,2.764,0.3301,0.1896,0.0,344.0,0.07117,1.208,0.1316,0.1479,0.1141,0.4561,2.459,2.522,9.175,0.0,344.0,0.07117,1.208,0.1316,0.1479,0.1141,0.4561,2.459,2.522,9.175,0.0,0.0,0.0,0.0,0.0,0.0,0.0,0.0,0.0,0.0,0.0,0.0,0.0,280.5,125.0,91.82,998.1,183.5,4.405,11.09,6.702,3.981,0.0,120.1,5.525,17.87,55.93,42.57,0.6251,0.0387,0.03112,0.03301,0.4866,0.0,0.0,0.0,0.0,0.0,0.0,0.0,0.0,0.0,0.0,0.0,0.0,0.0,0.0,0.0,0.0,0.0,0.0,0.0,0.0,0.0,0.0,0.0,0.0,0.0,0.0,0.0,0.0,0.0,0.0,0.0,0.0,0.0,0.0,0.0,5.262E-4,0.0,72600.0,78450.0,78410.0,56450.0,2.12E7,39190.0,43100.0,35450.0,30070.0,25150.0,0.0,5.989E-37,1.527E-37,1.313E-36,9.048E-37,2.687E-38,3.757E-38,9.028E-40,5.431E-39,2.4759999999999998E-39,7.581999999999999E-39,2.08E-35,0.0,0.5411,0.7119,1.895,1.267,0.06721,0.05179,0.002973,0.02026,0.004271,0.01031,0.0,0.0,4.039E-4,4.865E-4,4.195E-4,0.9941,0.001042,0.001489,7.737E-4,7.916E-4,4.667E-4,0.0,0.01773,0.002155,0.002934,0.002864,0.19,0.004416,0.001337,0.00169,8.26E-4,4.418E-4,
0.0,1323.0,109.8,167.9,149.5,0.5006,7.132,0.2524,2.76,0.3376,0.2779,0.0,344.0,0.06764,1.328,0.1173,0.1473,0.1062,0.4459,2.539,2.791,8.743,0.0,344.0,0.06764,1.328,0.1173,0.1473,0.1062,0.4459,2.539,2.791,8.743,0.0,0.0,0.0,0.0,0.0,0.0,0.0,0.0,0.0,0.0,0.0,0.0,0.0,280.9,126.1,92.47,999.9,183.7,4.379,11.15,7.548,3.92,0.0,120.1,5.397,19.71,56.32,42.53,0.5634,0.03898,0.03217,0.05621,0.4006,0.0,0.0,0.0,0.0,0.0,0.0,0.0,0.0,0.0,0.0,0.0,0.0,0.0,0.0,0.0,0.0,0.0,0.0,0.0,0.0,0.0,0.0,0.0,0.0,0.0,0.0,0.0,0.0,0.0,0.0,0.0,0.0,0.0,0.0,0.0,3.374E-4,0.0,72630.0,79310.0,78410.0,56130.0,2.111E7,40280.0,45230.0,36980.0,32100.0,25970.0,0.0,5.989E-37,1.513E-37,1.294E-36,9.132999999999999E-37,2.683E-38,4.29E-38,3.695E-40,4.8249999999999995E-39,2.581E-39,7.096999999999999E-39,2.08E-35,0.0,0.5411,0.6703,1.923,1.273,0.06712,0.05894,0.002171,0.01954,0.004782,0.009638,0.0,0.0,4.325E-4,5.209E-4,4.492E-4,0.9937,0.001116,0.001594,8.286E-4,8.477E-4,4.997E-4,0.0,0.01773,0.00214,0.002931,0.002882,0.1898,0.004438,0.001351,0.001697,8.781E-4,4.436E-4,
0.0,1324.0,112.2,167.2,155.4,0.5168,6.661,0.2545,2.761,0.3654,0.3625,0.0,344.0,0.09728,1.292,0.1153,0.1512,0.09962,0.4458,2.435,1.367,10.28,0.0,344.0,0.09728,1.292,0.1153,0.1512,0.09962,0.4458,2.435,1.367,10.28,0.0,0.0,0.0,0.0,0.0,0.0,0.0,0.0,0.0,0.0,0.0,0.0,0.0,283.9,126.1,92.54,999.9,183.6,4.394,11.14,7.581,3.902,0.0,120.1,4.445,18.41,49.72,43.51,0.5176,0.03963,0.03071,0.03542,0.3123,0.0,0.0,0.0,0.0,0.0,0.0,0.0,0.0,0.0,0.0,0.0,0.0,0.0,0.0,0.0,0.0,0.0,0.0,0.0,0.0,0.0,0.0,0.0,0.0,0.0,0.0,0.0,0.0,0.0,0.0,0.0,0.0,0.0,0.0,0.0,7.124E-4,0.0,72710.0,80010.0,77040.0,53240.0,2.084E7,39300.0,43800.0,35370.0,30700.0,24390.0,0.0,6.074E-37,1.728E-37,1.2590000000000001E-36,9.138E-37,2.936E-38,3.637E-38,3.916E-40,4.815E-39,2.605E-39,6.966E-39,2.08E-35,0.0,0.5481,0.7171,1.865,1.277,0.07278,0.05129,0.002208,0.01956,0.004875,0.0096,0.0,0.0,4.325E-4,5.209E-4,4.492E-4,0.9937,0.001116,0.001594,8.286E-4,8.477E-4,4.997E-4,0.0,0.01776,0.00216,0.002915,0.002884,0.19,0.004406,0.001356,0.001693,8.856E-4,4.382E-4,
0.0,1324.0,107.9,172.9,155.5,0.05767,7.636,0.2537,2.76,0.3623,0.4258,0.0,344.0,0.06663,1.313,0.1242,0.1519,0.1002,0.4475,2.433,1.366,10.28,0.0,344.0,0.06663,1.313,0.1242,0.1519,0.1002,0.4475,2.433,1.366,10.28,0.0,0.0,0.0,0.0,0.0,0.0,0.0,0.0,0.0,0.0,0.0,0.0,0.0,281.6,128.9,92.91,1001.0,183.8,4.403,11.13,7.582,3.903,0.0,120.1,7.308,14.04,47.84,44.79,0.4983,0.0404,0.03084,0.03748,0.2491,0.0,0.0,0.0,0.0,0.0,0.0,0.0,0.0,0.0,0.0,0.0,0.0,0.0,0.0,0.0,0.0,0.0,0.0,0.0,0.0,0.0,0.0,0.0,0.0,0.0,0.0,0.0,0.0,0.0,0.0,0.0,0.0,0.0,0.0,0.0,5.886E-4,0.0,72740.0,78780.0,81140.0,52830.0,2.142E7,39690.0,44290.0,35280.0,30630.0,24030.0,0.0,6.074E-37,1.558E-37,1.273E-36,8.985E-37,2.939E-38,4.637E-38,3.876E-40,4.775E-39,2.564E-39,6.84E-39,2.08E-35,0.0,0.5481,0.6695,1.907,1.274,0.07274,0.0602,0.002208,0.01956,0.004868,0.0096,0.0,0.0,4.325E-4,5.209E-4,4.492E-4,0.9937,0.001116,0.001594,8.286E-4,8.477E-4,4.997E-4,0.0,0.01777,0.00215,0.002928,0.002899,0.19,0.004394,0.001361,0.001687,8.845E-4,4.383E-4,
0.0,1324.0,105.8,173.7,155.7,1.447,6.668,0.2564,2.754,0.367,0.4579,0.0,344.0,0.06978,1.289,0.1407,0.152,0.1004,0.4516,2.428,1.966,9.68,0.0,344.0,0.06978,1.289,0.1407,0.152,0.1004,0.4516,2.428,1.966,9.68,0.0,0.0,0.0,0.0,0.0,0.0,0.0,0.0,0.0,0.0,0.0,0.0,0.0,280.8,130.0,92.76,1002.0,183.8,4.403,11.13,7.586,3.904,0.0,120.1,7.625,15.0,46.43,44.8,0.5014,0.04122,0.03098,0.03962,0.2104,0.0,0.0,0.0,0.0,0.0,0.0,0.0,0.0,0.0,0.0,0.0,0.0,0.0,0.0,0.0,0.0,0.0,0.0,0.0,0.0,0.0,0.0,0.0,0.0,0.0,0.0,0.0,0.0,0.0,0.0,0.0,0.0,0.0,0.0,0.0,1.0E-4,0.0,72810.0,78800.0,80020.0,53200.0,2.255E7,40980.0,45990.0,36080.0,31590.0,24290.0,0.0,6.164E-37,1.603E-37,1.237E-36,9.174999999999999E-37,2.976E-38,3.69E-38,3.841E-40,4.7259999999999995E-39,2.531E-39,6.705E-39,2.08E-35,0.0,0.5559,0.6654,1.886,1.288,0.07882,0.052,0.002235,0.01952,0.004884,0.00959,0.0,0.0,4.325E-4,5.209E-4,4.492E-4,0.9937,0.001116,0.001594,8.286E-4,8.477E-4,4.997E-4,0.0,0.01779,0.002136,0.002916,0.002911,0.19,0.004398,0.001364,0.001681,8.895E-4,4.338E-4,
0.0,1326.0,105.1,174.2,170.7,1.45,7.502,0.2572,2.752,0.3659,0.4809,0.0,344.0,0.06836,1.3,0.1363,0.1368,0.106,0.4525,2.427,1.857,9.789,0.0,344.0,0.06836,1.3,0.1363,0.1368,0.106,0.4525,2.427,1.857,9.789,0.0,0.0,0.0,0.0,0.0,0.0,0.0,0.0,0.0,0.0,0.0,0.0,0.0,279.9,137.7,91.52,994.2,183.8,4.394,11.12,7.581,3.902,0.0,120.1,7.374,14.74,28.62,44.75,0.3859,0.04541,0.03532,0.04441,0.1914,0.0,0.0,0.0,0.0,0.0,0.0,0.0,0.0,0.0,0.0,0.0,0.0,0.0,0.0,0.0,0.0,0.0,0.0,0.0,0.0,0.0,0.0,0.0,0.0,0.0,0.0,0.0,0.0,0.0,0.0,0.0,0.0,0.0,0.0,0.0,4.698E-4,0.0,72980.0,83070.0,100600.0,54640.0,2.382E7,44210.0,47360.0,36290.0,31880.0,24120.0,0.0,6.378E-37,1.612E-37,1.223E-36,8.952E-37,2.95E-38,3.783E-38,4.031E-40,4.706E-39,2.505E-39,6.596E-39,2.08E-35,0.0,0.5758,0.6647,1.868,1.279,0.07877,0.0535,0.002287,0.01955,0.004927,0.009636,0.0,0.0,4.325E-4,5.209E-4,4.492E-4,0.9937,0.001116,0.001594,8.286E-4,8.477E-4,4.997E-4,0.0,0.01782,0.002186,0.003093,0.002894,0.1897,0.004415,0.001365,0.00168,8.869E-4,4.322E-4,
0.0,1326.0,106.6,178.9,161.0,4.39,6.308,0.2595,2.74,0.3844,0.5924,0.0,344.0,0.1342,1.191,0.182,0.1435,0.09823,0.4554,2.409,2.457,9.203,0.0,344.0,0.1342,1.191,0.182,0.1435,0.09823,0.4554,2.409,2.457,9.203,0.0,0.0,0.0,0.0,0.0,0.0,0.0,0.0,0.0,0.0,0.0,0.0,0.0,282.0,139.0,86.49,992.0,183.0,4.388,11.07,7.634,2.59,0.0,120.1,10.26,14.35,27.22,45.08,0.3167,0.2486,0.08607,0.1056,0.1185,0.0,0.0,0.0,0.0,0.0,0.0,0.0,0.0,0.0,0.0,0.0,0.0,0.0,0.0,0.0,0.0,0.0,0.0,0.0,0.0,0.0,0.0,0.0,0.0,0.0,0.0,0.0,0.0,0.0,0.0,0.0,0.0,0.0,0.0,0.0,1.0E-4,0.0,73010.0,80790.0,94420.0,60350.0,2.525E7,45030.0,49170.0,36620.0,32410.0,23950.0,0.0,6.378E-37,1.79E-37,1.197E-36,8.865999999999999E-37,4.388E-38,3.332E-38,3.988E-40,4.617E-39,2.502E-39,6.273E-39,2.08E-35,0.0,0.5758,0.6805,1.841,1.276,0.09884,0.04794,0.002302,0.01942,0.005041,0.009254,0.0,0.0,4.325E-4,5.209E-4,4.492E-4,0.9937,0.001116,0.001594,8.286E-4,8.477E-4,4.997E-4,0.0,0.01783,0.002166,0.003072,0.002916,0.1894,0.004403,0.001371,0.001667,8.958E-4,4.167E-4,
0.0,1327.0,109.4,161.3,108.4,1.986,6.198,0.2622,2.739,0.3859,0.1334,0.0,344.0,0.1183,1.225,0.1522,0.1459,0.157,0.4292,2.41,2.237,9.391,0.0,344.0,0.1183,1.225,0.1522,0.1459,0.157,0.4292,2.41,2.237,9.391,0.0,0.0,0.0,0.0,0.0,0.0,0.0,0.0,0.0,0.0,0.0,0.0,0.0,249.1,155.6,98.53,994.5,184.1,4.392,11.07,7.592,3.192,0.0,121.3,11.42,19.75,85.31,47.3,1.389,0.05257,0.03633,0.04272,0.4433,0.0,0.0,0.0,0.0,0.0,0.0,0.0,0.0,0.0,0.0,0.0,0.0,0.0,0.0,0.0,0.0,0.0,0.0,0.0,0.0,0.0,0.0,0.0,0.0,0.0,0.0,0.0,0.0,0.0,0.0,0.0,0.0,0.0,0.0,0.0,4.389E-4,0.0,73390.0,79980.0,94620.0,65640.0,2.69E7,47420.0,51460.0,37780.0,33570.0,24600.0,0.0,6.4489999999999995E-37,2.212E-37,1.162E-36,8.579E-37,4.289E-38,3.803E-38,3.96E-40,4.5909999999999995E-39,2.423E-39,5.992E-39,2.08E-35,0.0,0.5929,0.7335,1.795,1.238,0.1047,0.05238,0.002306,0.01944,0.004993,0.009049,0.0,0.0,4.325E-4,5.209E-4,4.492E-4,0.9937,0.001116,0.001594,8.286E-4,8.477E-4,4.997E-4,0.0,0.01789,0.002243,0.003073,0.002792,0.1894,0.004379,0.001372,0.001673,8.887E-4,4.239E-4,
0.0,1328.0,105.7,158.6,119.8,1.632,6.166,2.001,1.004,0.3928,0.1362,0.0,344.0,0.109,1.261,0.1165,0.1419,0.1552,1.564,1.259,1.519,10.13,0.0,344.0,0.109,1.261,0.1165,0.1419,0.1552,1.564,1.259,1.519,10.13,0.0,0.0,0.0,0.0,0.0,0.0,0.0,0.0,0.0,0.0,0.0,0.0,0.0,257.6,155.4,89.16,998.5,186.5,8.218,7.208,7.638,3.877,0.0,121.3,10.46,14.22,86.32,46.84,0.912,0.04417,0.03495,0.04138,0.5316,0.0,0.0,0.0,0.0,0.0,0.0,0.0,0.0,0.0,0.0,0.0,0.0,0.0,0.0,0.0,0.0,0.0,0.0,0.0,0.0,0.0,0.0,0.0,0.0,0.0,0.0,0.0,0.0,0.0,0.0,0.0,0.0,0.0,0.0,0.0,4.324E-4,0.0,73440.0,80170.0,92070.0,65740.0,2.861E7,49940.0,55940.0,37800.0,35310.0,25470.0,0.0,6.484E-37,1.945E-37,1.141E-36,8.955E-37,4.215E-38,3.06E-38,1.638E-39,3.276E-39,2.394E-39,5.596E-39,2.08E-35,0.0,0.601,0.6968,1.773,1.29,0.09734,0.04521,0.01325,0.008445,0.005054,0.008667,0.0,0.0,4.325E-4,5.209E-4,4.492E-4,0.9937,0.001116,0.001594,8.286E-4,8.477E-4,4.997E-4,0.0,0.01789,0.002255,0.002996,0.002799,0.1895,0.00441,0.001575,0.00146,9.003E-4,4.247E-4,
0.0,1326.0,109.0,156.6,110.3,1.533,5.899,2.0,1.019,0.4111,0.1207,0.0,344.0,0.1464,1.24,0.09271,0.1385,0.1752,1.549,1.258,1.564,10.08,0.0,344.0,0.1464,1.24,0.09271,0.1385,0.1752,1.549,1.258,1.564,10.08,0.0,0.0,0.0,0.0,0.0,0.0,0.0,0.0,0.0,0.0,0.0,0.0,0.0,274.9,135.1,91.25,995.0,191.6,8.208,7.227,7.663,3.156,0.0,121.1,10.43,10.09,94.87,49.56,4.093,0.04482,0.03528,0.04274,0.6914,0.0,0.0,0.0,0.0,0.0,0.0,0.0,0.0,0.0,0.0,0.0,0.0,0.0,0.0,0.0,0.0,0.0,0.0,0.0,0.0,0.0,0.0,0.0,0.0,0.0,0.0,0.0,0.0,0.0,0.0,0.0,0.0,0.0,0.0,0.0,4.299E-4,0.0,73490.0,81150.0,89530.0,67900.0,3.027E7,53420.0,58550.0,38970.0,36560.0,25980.0,0.0,6.2449999999999995E-37,1.878E-37,1.142E-36,8.675E-37,4.809E-38,3.887E-38,1.634E-39,3.286E-39,2.411E-39,5.2759999999999996E-39,2.08E-35,0.0,0.5823,0.716,1.769,1.26,0.1084,0.05867,0.01325,0.008538,0.005173,0.008685,0.0,0.0,4.325E-4,5.209E-4,4.492E-4,0.9937,0.001116,0.001594,8.286E-4,8.477E-4,4.997E-4,0.0,0.0179,0.002308,0.002902,0.002825,0.1894,0.00446,0.001577,0.001459,9.029E-4,4.195E-4,
0.0,1326.0,108.3,162.3,110.0,1.506,9.04,2.13,0.8811,0.4124,0.1195,0.0,344.0,0.0878,1.278,0.09842,0.143,0.1854,1.633,1.167,1.567,10.08,0.0,344.0,0.0878,1.278,0.09842,0.143,0.1854,1.633,1.167,1.567,10.08,0.0,0.0,0.0,0.0,0.0,0.0,0.0,0.0,0.0,0.0,0.0,0.0,0.0,274.1,136.1,78.12,994.4,196.3,8.501,6.898,7.659,3.965,0.0,121.1,8.972,9.434,91.5,47.69,3.25,0.04523,0.03518,0.04408,0.5161,0.0,0.0,0.0,0.0,0.0,0.0,0.0,0.0,0.0,0.0,0.0,0.0,0.0,0.0,0.0,0.0,0.0,0.0,0.0,0.0,0.0,0.0,0.0,0.0,0.0,0.0,0.0,0.0,0.0,0.0,0.0,0.0,0.0,0.0,0.0,1.001E-4,0.0,73540.0,79810.0,86810.0,63880.0,2.923E7,52640.0,56560.0,37510.0,35250.0,25140.0,0.0,6.2869999999999995E-37,1.734E-37,1.136E-36,8.613E-37,4.346E-38,5.514E-38,1.723E-39,3.1169999999999996E-39,2.338E-39,4.688E-39,2.08E-35,0.0,0.5862,0.7033,1.77,1.252,0.1013,0.08032,0.01406,0.007673,0.005186,0.008019,0.0,0.0,4.325E-4,5.209E-4,4.492E-4,0.9937,0.001116,0.001594,8.286E-4,8.477E-4,4.997E-4,0.0,0.01792,0.002295,0.0029,0.002721,0.1894,0.004477,0.001587,0.001439,9.091E-4,4.241E-4,
0.0,1328.0,109.2,162.4,111.9,0.1095,5.769,2.127,0.8827,0.4168,0.11,0.0,344.0,0.09976,1.257,0.1012,0.1561,0.1724,1.631,1.186,2.037,9.591,0.0,344.0,0.09976,1.257,0.1012,0.1561,0.1724,1.631,1.186,2.037,9.591,0.0,0.0,0.0,0.0,0.0,0.0,0.0,0.0,0.0,0.0,0.0,0.0,0.0,273.2,134.7,44.6,1047.0,184.2,8.343,6.825,7.579,2.51,0.0,121.1,13.93,17.96,98.17,31.32,0.2821,0.03186,0.02792,0.03817,0.02997,0.0,0.0,0.0,0.0,0.0,0.0,0.0,0.0,0.0,0.0,0.0,0.0,0.0,0.0,0.0,0.0,0.0,0.0,0.0,0.0,0.0,0.0,0.0,0.0,0.0,0.0,0.0,0.0,0.0,0.0,0.0,0.0,0.0,0.0,0.0,1.0E-4,0.0,73710.0,129800.0,112400.0,74340.0,2.77E7,41670.0,44530.0,31300.0,28840.0,41780.0,0.0,6.438E-37,1.9189999999999997E-37,1.134E-36,8.662E-37,2.44E-38,2.801E-38,1.718E-39,3.051E-39,2.2739999999999998E-39,3.182E-39,2.08E-35,0.0,0.6006,0.7321,1.777,1.268,0.06649,0.04251,0.01403,0.007685,0.00519,0.005931,0.0,0.0,0.002354,7.905E-4,5.676E-4,0.9921,5.547E-4,0.001193,6.202E-4,6.345E-4,0.001196,0.0,0.01796,0.002595,0.003009,0.002521,0.1891,0.004309,0.001518,0.00142,8.717E-4,5.175E-4,
0.0,1329.0,111.9,158.0,118.9,0.07906,6.4,2.128,0.8832,0.4135,0.1097,0.0,344.0,0.08861,1.291,0.07854,0.1561,0.1713,1.632,1.28,1.942,9.591,0.0,344.0,0.08861,1.291,0.07854,0.1561,0.1713,1.632,1.28,1.942,9.591,0.0,0.0,0.0,0.0,0.0,0.0,0.0,0.0,0.0,0.0,0.0,0.0,0.0,272.1,135.9,43.71,1049.0,184.2,8.379,6.837,7.593,2.547,0.0,125.2,10.93,8.709,99.22,31.35,0.3173,0.03236,0.02806,0.03975,0.03035,0.0,0.0,0.0,0.0,0.0,0.0,0.0,0.0,0.0,0.0,0.0,0.0,0.0,0.0,0.0,0.0,0.0,0.0,0.0,0.0,0.0,0.0,0.0,0.0,0.0,0.0,0.0,0.0,0.0,0.0,0.0,0.0,0.0,0.0,0.0,1.0E-4,0.0,74090.0,73950.0,109400.0,70660.0,2.683E7,40260.0,44990.0,31680.0,29190.0,42220.0,0.0,6.572E-37,1.884E-37,1.1320000000000001E-36,8.444E-37,2.441E-38,3.54E-38,1.714E-39,2.977E-39,2.2059999999999998E-39,3.029E-39,2.08E-35,0.0,0.6211,0.739,1.76,1.25,0.0666,0.05013,0.01404,0.007687,0.005182,0.005932,0.0,0.0,4.276E-5,8.301E-4,5.961E-4,0.9941,5.825E-4,0.001253,6.513E-4,6.663E-4,0.001256,0.0,0.01799,0.002222,0.003027,0.002494,0.1895,0.004325,0.001528,0.001428,8.724E-4,5.267E-4,
0.0,1332.0,108.6,157.2,121.4,0.08232,5.698,2.13,0.8807,0.4084,0.1125,0.0,344.0,0.08713,1.288,0.0687,0.167,0.1745,1.715,1.231,2.079,9.416,0.0,344.0,0.08713,1.288,0.0687,0.167,0.1745,1.715,1.231,2.079,9.416,0.0,0.0,0.0,0.0,0.0,0.0,0.0,0.0,0.0,0.0,0.0,0.0,0.0,272.1,137.0,43.73,1053.0,184.2,8.461,6.897,7.584,2.645,0.0,128.3,8.556,10.74,95.07,31.57,0.3674,0.03302,0.02822,0.04117,0.03078,0.0,0.0,0.0,0.0,0.0,0.0,0.0,0.0,0.0,0.0,0.0,0.0,0.0,0.0,0.0,0.0,0.0,0.0,0.0,0.0,0.0,0.0,0.0,0.0,0.0,0.0,0.0,0.0,0.0,0.0,0.0,0.0,0.0,0.0,0.0,3.984E-4,0.0,74630.0,74000.0,107900.0,73070.0,2.626E7,40290.0,47270.0,33070.0,30500.0,44420.0,0.0,6.854E-37,1.705E-37,1.12E-36,8.367E-37,3.176E-38,2.949E-38,1.712E-39,2.911E-39,2.095E-39,2.8939999999999998E-39,2.08E-35,0.0,0.6597,0.704,1.754,1.242,0.07858,0.04434,0.01407,0.007703,0.005092,0.005984,0.0,0.0,4.675E-5,9.075E-4,6.516E-4,0.9936,6.367E-4,0.00137,7.12E-4,7.284E-4,0.001373,0.0,0.01803,0.002216,0.003044,0.002478,0.1891,0.004333,0.001552,0.001436,8.684E-4,5.527E-4,
0.0,1332.0,98.0,169.9,126.1,0.08261,5.744,2.129,0.8813,0.4147,0.1109,0.0,344.0,0.09214,1.295,0.06592,0.156,0.1659,1.707,1.198,0.8521,10.69,0.0,344.0,0.09214,1.295,0.06592,0.156,0.1659,1.707,1.198,0.8521,10.69,0.0,0.0,0.0,0.0,0.0,0.0,0.0,0.0,0.0,0.0,0.0,0.0,0.0,273.1,136.1,43.08,1041.0,184.3,8.537,6.951,7.662,2.714,0.0,128.3,8.317,10.25,88.09,30.92,1.966,0.03256,0.02841,0.03931,0.03055,0.0,0.0,0.0,0.0,0.0,0.0,0.0,0.0,0.0,0.0,0.0,0.0,0.0,0.0,0.0,0.0,0.0,0.0,0.0,0.0,0.0,0.0,0.0,0.0,0.0,0.0,0.0,0.0,0.0,0.0,0.0,0.0,0.0,0.0,0.0,1.002E-4,0.0,74640.0,73530.0,96840.0,82190.0,2.53E7,39770.0,48420.0,33470.0,31010.0,45510.0,0.0,6.854E-37,1.828E-37,1.1060000000000001E-36,8.262E-37,3.052E-38,3.713E-38,1.704E-39,2.834E-39,2.042E-39,2.743E-39,2.08E-35,0.0,0.6597,0.6418,1.832,1.228,0.06546,0.05524,0.01405,0.007704,0.005141,0.005957,0.0,0.0,5.1E-5,9.9E-4,7.109E-4,0.993,6.946E-4,0.001495,7.767E-4,7.946E-4,0.001498,0.0,0.01803,0.002244,0.003004,0.00249,0.1882,0.004342,0.001568,0.001442,8.829E-4,5.672E-4,
0.0,1330.0,100.3,167.1,111.2,2.0,5.992,2.145,0.8824,0.4052,0.0867,0.0,344.0,0.09724,1.443,0.1061,0.1694,0.1657,1.716,1.192,1.219,10.12,0.0,344.0,0.09724,1.443,0.1061,0.1694,0.1657,1.716,1.192,1.219,10.12,0.0,0.0,0.0,0.0,0.0,0.0,0.0,0.0,0.0,0.0,0.0,0.0,0.0,220.8,137.9,42.95,1091.0,184.3,8.615,7.019,7.595,2.765,0.0,127.3,8.061,15.22,101.0,31.04,0.2831,0.03203,0.02835,0.03773,0.0344,0.0,0.0,0.0,0.0,0.0,0.0,0.0,0.0,0.0,0.0,0.0,0.0,0.0,0.0,0.0,0.0,0.0,0.0,0.0,0.0,0.0,0.0,0.0,0.0,0.0,0.0,0.0,0.0,0.0,0.0,0.0,0.0,0.0,0.0,0.0,6.431E-4,0.0,74860.0,69010.0,90280.0,79480.0,2.426E7,38730.0,48160.0,33020.0,30710.0,46030.0,0.0,6.647E-37,1.7499999999999999E-37,1.0820000000000001E-36,8.247E-37,4.614E-38,3.122E-38,1.7109999999999998E-39,2.778E-39,1.9359999999999998E-39,2.6069999999999998E-39,2.08E-35,0.0,0.6466,0.6635,1.801,1.235,0.08691,0.04621,0.01413,0.007763,0.004965,0.00596,0.0,0.0,5.366E-5,0.001042,7.48E-4,0.9926,7.309E-4,0.001573,8.173E-4,8.361E-4,0.001576,0.0,0.01806,0.002025,0.002994,0.002472,0.1882,0.004343,0.001585,0.001441,8.993E-4,5.933E-4,
0.0,1330.0,100.5,170.5,114.6,1.909,6.01,2.143,0.8836,0.4144,0.07818,0.0,344.0,0.08338,1.467,0.09686,0.1689,0.1661,1.714,1.192,1.838,9.498,0.0,344.0,0.08338,1.467,0.09686,0.1689,0.1661,1.714,1.192,1.838,9.498,0.0,0.0,0.0,0.0,0.0,0.0,0.0,0.0,0.0,0.0,0.0,0.0,0.0,220.4,137.7,43.56,1091.0,184.3,8.603,7.018,7.59,2.76,0.0,127.3,7.386,12.71,97.18,31.11,0.2657,0.03175,0.02815,0.03727,0.0341,0.0,0.0,0.0,0.0,0.0,0.0,0.0,0.0,0.0,0.0,0.0,0.0,0.0,0.0,0.0,0.0,0.0,0.0,0.0,0.0,0.0,0.0,0.0,0.0,0.0,0.0,0.0,0.0,0.0,0.0,0.0,0.0,0.0,0.0,0.0,7.861E-4,0.0,74860.0,67830.0,86430.0,75470.0,2.344E7,37290.0,46830.0,32260.0,29980.0,44500.0,0.0,6.647E-37,1.655E-37,1.08E-36,8.305E-37,4.607E-38,3.106E-38,1.703E-39,2.699E-39,1.8689999999999998E-39,2.4709999999999998E-39,2.08E-35,0.0,0.6466,0.654,1.801,1.244,0.08679,0.04622,0.01411,0.00777,0.004974,0.005951,0.0,0.0,5.366E-5,0.001042,7.48E-4,0.9926,7.309E-4,0.001573,8.173E-4,8.361E-4,0.001576,0.0,0.01806,0.002046,0.002952,0.002487,0.188,0.004344,0.001583,0.001439,9.011E-4,5.894E-4,
0.0,1320.0,111.6,172.0,116.9,1.809,6.049,2.128,0.8837,0.4159,0.08072,0.0,344.0,0.1473,1.424,0.07476,0.1689,0.3054,1.714,1.1,1.817,9.471,0.0,344.0,0.1473,1.424,0.07476,0.1689,0.3054,1.714,1.1,1.817,9.471,0.0,0.0,0.0,0.0,0.0,0.0,0.0,0.0,0.0,0.0,0.0,0.0,0.0,220.4,138.6,43.63,1093.0,184.3,8.596,7.023,7.59,2.76,0.0,124.5,7.121,11.58,93.38,31.2,2.184,0.03197,0.02819,0.03786,0.03418,0.0,0.0,0.0,0.0,0.0,0.0,0.0,0.0,0.0,0.0,0.0,0.0,0.0,0.0,0.0,0.0,0.0,0.0,0.0,0.0,0.0,0.0,0.0,0.0,0.0,0.0,0.0,0.0,0.0,0.0,0.0,0.0,0.0,0.0,0.0,1.002E-4,0.0,74820.0,67860.0,85840.0,73940.0,2.37E7,37390.0,47450.0,32740.0,30430.0,45070.0,0.0,5.727E-37,1.8109999999999998E-37,1.0660000000000001E-36,8.296E-37,4.606E-38,3.471E-38,1.669E-39,2.594E-39,1.802E-39,2.347E-39,2.08E-35,0.0,0.5575,0.7419,1.796,1.242,0.08677,0.05198,0.01405,0.007749,0.004985,0.005965,0.0,0.0,5.366E-5,0.001042,7.48E-4,0.9926,7.309E-4,0.001573,8.173E-4,8.361E-4,0.001576,0.0,0.01804,0.002075,0.002937,0.002491,0.1881,0.004337,0.00158,0.001443,9.035E-4,5.924E-4,
0.0,1321.0,104.1,173.5,112.8,5.744,7.043,2.15,0.8712,0.4189,0.1034,0.0,344.0,0.07835,1.492,0.07784,0.1689,0.2697,1.731,1.26,1.582,9.562,0.0,344.0,0.07835,1.492,0.07784,0.1689,0.2697,1.731,1.26,1.582,9.562,0.0,0.0,0.0,0.0,0.0,0.0,0.0,0.0,0.0,0.0,0.0,0.0,0.0,217.4,137.0,43.75,1099.0,184.3,8.631,6.985,7.59,2.761,0.0,124.5,7.079,10.93,99.51,32.56,0.2883,0.03238,0.02825,0.03892,0.03037,0.0,0.0,0.0,0.0,0.0,0.0,0.0,0.0,0.0,0.0,0.0,0.0,0.0,0.0,0.0,0.0,0.0,0.0,0.0,0.0,0.0,0.0,0.0,0.0,0.0,0.0,0.0,0.0,0.0,0.0,0.0,0.0,0.0,0.0,0.0,5.423E-4,0.0,74870.0,66950.0,89340.0,78540.0,2.46E7,37690.0,49080.0,33790.0,31490.0,46570.0,0.0,5.755E-37,1.6079999999999999E-37,1.07E-36,8.28E-37,4.729E-38,3.277E-38,1.694E-39,2.5E-39,1.753E-39,2.2459999999999998E-39,2.08E-35,0.0,0.5607,0.6924,1.812,1.245,0.1167,0.04928,0.01417,0.007656,0.005025,0.006017,0.0,0.0,5.366E-5,0.001042,7.48E-4,0.9926,7.309E-4,0.001573,8.173E-4,8.361E-4,0.001576,0.0,0.01805,0.002048,0.002943,0.00249,0.1878,0.00433,0.001581,0.001442,9.054E-4,5.921E-4,
0.0,1321.0,103.9,173.3,118.6,5.692,7.032,2.145,0.896,0.3953,0.1049,0.0,344.0,0.07841,1.494,0.08164,0.168,0.2594,1.725,1.279,1.203,9.934,0.0,344.0,0.07841,1.494,0.08164,0.168,0.2594,1.725,1.279,1.203,9.934,0.0,0.0,0.0,0.0,0.0,0.0,0.0,0.0,0.0,0.0,0.0,0.0,0.0,218.4,136.7,43.75,1095.0,184.3,8.616,7.14,7.43,2.761,0.0,124.5,6.906,10.23,94.6,32.55,0.2997,0.03252,0.02796,0.03983,0.03032,0.0,0.0,0.0,0.0,0.0,0.0,0.0,0.0,0.0,0.0,0.0,0.0,0.0,0.0,0.0,0.0,0.0,0.0,0.0,0.0,0.0,0.0,0.0,0.0,0.0,0.0,0.0,0.0,0.0,0.0,0.0,0.0,0.0,0.0,0.0,4.86E-4,0.0,74880.0,68990.0,94040.0,80940.0,2.593E7,38350.0,51430.0,35280.0,33090.0,48700.0,0.0,5.755E-37,1.6059999999999999E-37,1.057E-36,8.331E-37,4.713E-38,3.261E-38,1.687E-39,2.4579999999999998E-39,1.638E-39,2.209E-39,2.08E-35,0.0,0.5607,0.6895,1.799,1.258,0.1164,0.04927,0.01414,0.007942,0.004728,0.00608,0.0,0.0,5.366E-5,0.001042,7.48E-4,0.9926,7.309E-4,0.001573,8.173E-4,8.361E-4,0.001576,0.0,0.01805,0.002043,0.002934,0.0025,0.1878,0.004334,0.001574,0.001444,9.053E-4,5.893E-4,
0.0,1321.0,103.5,172.7,113.8,5.942,7.009,2.217,0.9769,0.3718,0.09408,0.0,344.0,0.07649,1.325,0.1675,0.1769,0.2887,1.748,1.025,1.664,9.734,0.0,344.0,0.07649,1.325,0.1675,0.1769,0.2887,1.748,1.025,1.664,9.734,0.0,0.0,0.0,0.0,0.0,0.0,0.0,0.0,0.0,0.0,0.0,0.0,0.0,215.7,143.3,44.01,1099.0,184.3,8.644,7.218,7.413,2.741,0.0,124.5,5.897,12.38,91.39,36.74,3.179,0.03296,0.02803,0.04103,0.0306,0.0,0.0,0.0,0.0,0.0,0.0,0.0,0.0,0.0,0.0,0.0,0.0,0.0,0.0,0.0,0.0,0.0,0.0,0.0,0.0,0.0,0.0,0.0,0.0,0.0,0.0,0.0,0.0,0.0,0.0,0.0,0.0,0.0,0.0,0.0,1.002E-4,0.0,74950.0,67140.0,100100.0,97440.0,2.75E7,42930.0,54320.0,37020.0,34980.0,51500.0,0.0,5.785E-37,1.589E-37,1.033E-36,8.081E-37,6.331E-38,4.223E-38,1.881E-39,3.631E-39,1.291E-39,2.163E-39,2.08E-35,0.0,0.5682,0.6831,1.775,1.223,0.1384,0.06506,0.01476,0.01004,0.004226,0.006019,0.0,0.0,5.366E-5,0.001042,7.48E-4,0.9926,7.309E-4,0.001573,8.173E-4,8.361E-4,0.001576,0.0,0.01806,0.002002,0.002927,0.002506,0.1878,0.004332,0.001542,0.001442,9.3E-4,5.862E-4,
0.0,1321.0,104.5,172.5,114.6,5.769,7.139,1.659,1.446,0.5722,0.5615,0.0,344.0,0.07839,1.446,0.08343,0.1797,0.3238,0.7619,0.9569,1.225,11.13,0.0,344.0,0.07839,1.446,0.08343,0.1797,0.3238,0.7619,0.9569,1.225,11.13,0.0,0.0,0.0,0.0,0.0,0.0,0.0,0.0,0.0,0.0,0.0,0.0,0.0,211.3,141.2,42.01,1104.0,199.4,6.247,5.779,3.468,3.566,0.0,124.5,5.269,4.943,104.7,31.86,0.4079,0.03337,0.02811,0.04356,0.03447,0.0,0.0,0.0,0.0,0.0,0.0,0.0,0.0,0.0,0.0,0.0,0.0,0.0,0.0,0.0,0.0,0.0,0.0,0.0,0.0,0.0,0.0,0.0,0.0,0.0,0.0,0.0,0.0,0.0,0.0,0.0,0.0,0.0,0.0,0.0,4.296E-4,0.0,74980.0,68390.0,102400.0,94660.0,2.924E7,44950.0,57740.0,38820.0,36960.0,54820.0,0.0,5.786E-37,1.593E-37,1.0210000000000001E-36,8.269E-37,5.072E-38,3.65E-38,1.4469999999999999E-39,3.753E-39,1.1099999999999999E-39,2.137E-39,2.08E-35,0.0,0.5682,0.6858,1.763,1.256,0.1196,0.05595,0.01118,0.01312,0.004091,0.006009,0.0,0.0,5.366E-5,0.001042,7.48E-4,0.9926,7.309E-4,0.001573,8.173E-4,8.361E-4,0.001576,0.0,0.01807,0.001975,0.002906,0.002497,0.1878,0.004388,0.001593,0.001385,9.173E-4,5.839E-4,
0.0,1321.0,105.9,171.1,116.2,5.677,6.66,1.66,1.454,0.5757,0.5705,0.0,344.0,0.07681,1.441,0.09177,0.1788,0.3203,0.762,0.9577,1.246,11.11,0.0,344.0,0.07681,1.441,0.09177,0.1788,0.3203,0.762,0.9577,1.246,11.11,0.0,0.0,0.0,0.0,0.0,0.0,0.0,0.0,0.0,0.0,0.0,0.0,0.0,211.9,134.5,50.54,1108.0,195.4,6.298,6.807,3.663,4.371,0.0,124.5,7.263,5.812,99.74,31.93,1.42,0.03305,0.02806,0.04184,0.032,0.0,0.0,0.0,0.0,0.0,0.0,0.0,0.0,0.0,0.0,0.0,0.0,0.0,0.0,0.0,0.0,0.0,0.0,0.0,0.0,0.0,0.0,0.0,0.0,0.0,0.0,0.0,0.0,0.0,0.0,0.0,0.0,0.0,0.0,0.0,1.0E-4,0.0,75050.0,69740.0,104200.0,92880.0,3.099E7,45260.0,60630.0,40570.0,38610.0,57710.0,0.0,5.786E-37,1.645E-37,1.015E-36,8.189E-37,5.068E-38,3.756E-38,1.4289999999999999E-39,3.554E-39,1.077E-39,2.114E-39,2.08E-35,0.0,0.5682,0.6977,1.76,1.245,0.1195,0.05791,0.01119,0.01316,0.004101,0.006043,0.0,0.0,5.366E-5,0.001042,7.48E-4,0.9926,7.309E-4,0.001573,8.173E-4,8.361E-4,0.001576,0.0,0.01809,0.001977,0.0029,0.002511,0.1878,0.004358,0.001593,0.00139,9.188E-4,5.864E-4,
0.0,1321.0,108.7,168.1,123.9,0.5915,6.499,1.651,1.455,0.6275,0.5815,0.0,344.0,0.1262,1.396,0.09307,0.1808,0.3072,0.7589,0.9381,1.326,11.06,0.0,344.0,0.1262,1.396,0.09307,0.1808,0.3072,0.7589,0.9381,1.326,11.06,0.0,0.0,0.0,0.0,0.0,0.0,0.0,0.0,0.0,0.0,0.0,0.0,0.0,215.4,137.9,51.19,1104.0,178.9,6.407,9.601,4.417,6.666,0.0,124.5,6.683,5.697,93.77,37.03,0.7336,0.03229,0.02796,0.03958,0.03086,0.0,0.0,0.0,0.0,0.0,0.0,0.0,0.0,0.0,0.0,0.0,0.0,0.0,0.0,0.0,0.0,0.0,0.0,0.0,0.0,0.0,0.0,0.0,0.0,0.0,0.0,0.0,0.0,0.0,0.0,0.0,0.0,0.0,0.0,0.0,4.492E-4,0.0,75090.0,70240.0,105100.0,91170.0,3.263E7,44560.0,62380.0,41160.0,39080.0,59610.0,0.0,5.786E-37,1.936E-37,9.767E-37,8.224E-37,5.076E-38,3.546E-38,1.4019999999999999E-39,3.523E-39,1.102E-39,2.136E-39,2.08E-35,0.0,0.5683,0.7291,1.723,1.252,0.1196,0.05509,0.0111,0.01304,0.0045,0.006124,0.0,0.0,5.366E-5,0.001042,7.48E-4,0.9926,7.309E-4,0.001573,8.173E-4,8.361E-4,0.001576,0.0,0.0181,0.001977,0.002914,0.002516,0.1879,0.004259,0.00159,0.001426,9.004E-4,5.965E-4,
0.0,1321.0,106.5,160.1,117.7,0.0589,6.781,2.177,1.185,0.3877,0.5743,0.0,344.0,0.08511,1.432,0.08699,0.1793,0.3151,0.9019,0.8233,1.116,11.24,0.0,344.0,0.08511,1.432,0.08699,0.1793,0.3151,0.9019,0.8233,1.116,11.24,0.0,0.0,0.0,0.0,0.0,0.0,0.0,0.0,0.0,0.0,0.0,0.0,0.0,215.5,138.8,51.15,1104.0,179.0,7.966,8.867,3.639,6.641,0.0,124.5,9.051,13.15,94.84,38.5,4.36,0.03198,0.02792,0.03865,0.03036,0.0,0.0,0.0,0.0,0.0,0.0,0.0,0.0,0.0,0.0,0.0,0.0,0.0,0.0,0.0,0.0,0.0,0.0,0.0,0.0,0.0,0.0,0.0,0.0,0.0,0.0,0.0,0.0,0.0,0.0,0.0,0.0,0.0,0.0,0.0,1.003E-4,0.0,75150.0,71990.0,105000.0,87680.0,3.131E7,43970.0,59810.0,42000.0,35300.0,57160.0,0.0,5.851E-37,1.697E-37,9.903999999999999E-37,8.033E-37,5.13E-38,4.67E-38,1.71E-39,3.336E-39,7.746E-40,2.0759999999999998E-39,2.08E-35,0.0,0.5755,0.7188,1.723,1.23,0.1251,0.07174,0.01449,0.01214,0.002057,0.006072,0.0,0.0,5.366E-5,0.001042,7.48E-4,0.9926,7.309E-4,0.001573,8.173E-4,8.361E-4,0.001576,0.0,0.01811,0.00198,0.002907,0.00249,0.1876,0.004256,0.001526,0.001889,4.839E-4,5.935E-4,
0.0,1322.0,105.8,158.5,136.8,0.05592,6.75,2.391,0.9456,0.4101,0.5764,0.0,344.0,0.09863,1.437,0.0793,0.1641,0.3151,0.9559,0.7413,1.119,11.26,0.0,344.0,0.09863,1.437,0.0793,0.1641,0.3151,0.9559,0.7413,1.119,11.26,0.0,0.0,0.0,0.0,0.0,0.0,0.0,0.0,0.0,0.0,0.0,0.0,0.0,211.8,128.2,40.27,1123.0,178.0,8.62,8.445,3.572,6.776,0.0,124.5,9.156,11.13,96.32,24.24,0.5263,0.02547,0.02053,0.03234,0.02374,0.0,0.0,0.0,0.0,0.0,0.0,0.0,0.0,0.0,0.0,0.0,0.0,0.0,0.0,0.0,0.0,0.0,0.0,0.0,0.0,0.0,0.0,0.0,0.0,0.0,0.0,0.0,0.0,0.0,0.0,0.0,0.0,0.0,0.0,0.0,1.0E-4,0.0,75210.0,62720.0,132600.0,68250.0,2.898E7,40210.0,53730.0,37120.0,30910.0,51060.0,0.0,5.893E-37,1.78E-37,9.743E-37,8.217999999999999E-37,3.292E-38,3.53E-38,1.778E-39,2.904E-39,8.901E-40,2.007E-39,2.08E-35,0.0,0.5811,0.7133,1.724,1.257,0.1027,0.05555,0.01582,0.01045,0.002349,0.006073,0.0,0.0,5.396E-5,0.001047,7.521E-4,0.9926,7.349E-4,0.001581,8.218E-4,8.408E-4,0.001585,0.0,0.01812,0.001902,0.003253,0.002371,0.1859,0.004208,0.001482,0.001832,4.877E-4,5.649E-4,
0.0,1322.0,109.4,154.5,148.2,0.05231,7.069,2.406,0.5252,0.3457,0.5983,0.0,344.0,0.1355,1.464,0.07707,0.1426,0.4473,0.8857,0.6768,1.098,11.24,0.0,344.0,0.1355,1.464,0.07707,0.1426,0.4473,0.8857,0.6768,1.098,11.24,0.0,0.0,0.0,0.0,0.0,0.0,0.0,0.0,0.0,0.0,0.0,0.0,0.0,214.6,123.3,37.8,1126.0,179.8,9.214,9.037,4.081,7.292,0.0,124.5,8.712,10.9,85.37,24.25,0.431,0.03079,0.02628,0.03788,0.02895,0.0,0.0,0.0,0.0,0.0,0.0,0.0,0.0,0.0,0.0,0.0,0.0,0.0,0.0,0.0,0.0,0.0,0.0,0.0,0.0,0.0,0.0,0.0,0.0,0.0,0.0,0.0,0.0,0.0,0.0,0.0,0.0,0.0,0.0,0.0,8.166E-4,0.0,75220.0,65790.0,82250.0,66190.0,2.784E7,41740.0,54630.0,39060.0,32430.0,51890.0,0.0,5.893E-37,2.051E-37,9.337E-37,8.205E-37,2.36E-38,4.083E-38,1.724E-39,1.614E-39,7.2319999999999995E-40,1.925E-39,2.08E-35,0.0,0.5811,0.7439,1.693,1.261,0.08617,0.0602,0.01581,0.005592,0.001811,0.006022,0.0,0.0,5.396E-5,0.001047,7.521E-4,0.9926,7.349E-4,0.001581,8.218E-4,8.408E-4,0.001585,0.0,0.01812,0.00196,0.002766,0.002357,0.1862,0.00422,0.001522,0.001874,5.184E-4,5.998E-4,
0.0,1323.0,100.7,155.9,154.2,0.08442,6.811,2.427,0.4173,0.4358,0.595,0.0,344.0,0.1242,1.484,0.07655,0.1382,0.5599,0.9188,0.5512,0.87,11.44,0.0,344.0,0.1242,1.484,0.07655,0.1382,0.5599,0.9188,0.5512,0.87,11.44,0.0,0.0,0.0,0.0,0.0,0.0,0.0,0.0,0.0,0.0,0.0,0.0,0.0,214.0,124.4,37.83,1123.0,178.9,9.213,8.427,4.418,7.204,0.0,124.5,7.753,17.66,79.64,24.59,0.4155,0.03325,0.02875,0.04094,0.0313,0.0,0.0,0.0,0.0,0.0,0.0,0.0,0.0,0.0,0.0,0.0,0.0,0.0,0.0,0.0,0.0,0.0,0.0,0.0,0.0,0.0,0.0,0.0,0.0,0.0,0.0,0.0,0.0,0.0,0.0,0.0,0.0,0.0,0.0,0.0,1.0E-4,0.0,75280.0,64590.0,91410.0,64730.0,2.776E7,41140.0,53790.0,38390.0,31280.0,50980.0,0.0,5.9739999999999995E-37,1.779E-37,9.494E-37,8.186E-37,2.362E-38,3.625E-38,1.7559999999999998E-39,1.279E-39,9.405E-40,1.8639999999999998E-39,2.08E-35,0.0,0.5918,0.6765,1.759,1.262,0.08013,0.05641,0.01603,0.004364,0.002815,0.006018,0.0,0.0,5.396E-5,0.001047,7.521E-4,0.9926,7.349E-4,0.001581,8.218E-4,8.408E-4,0.001585,0.0,0.01814,0.001964,0.00286,0.002349,0.1861,0.004181,0.001512,0.001952,4.512E-4,5.962E-4,
0.0,1323.0,95.75,145.9,146.2,3.609,6.263,2.419,0.4247,0.4365,0.5927,0.0,344.0,0.08113,1.524,0.1034,0.139,0.4956,0.8881,0.62,1.304,11.0,0.0,344.0,0.08113,1.524,0.1034,0.139,0.4956,0.8881,0.62,1.304,11.0,0.0,0.0,0.0,0.0,0.0,0.0,0.0,0.0,0.0,0.0,0.0,0.0,0.0,212.2,122.4,41.36,1121.0,180.4,9.248,8.487,4.464,7.251,0.0,124.5,8.047,31.58,75.96,31.73,1.836,0.03433,0.0297,0.04267,0.03231,0.0,0.0,0.0,0.0,0.0,0.0,0.0,0.0,0.0,0.0,0.0,0.0,0.0,0.0,0.0,0.0,0.0,0.0,0.0,0.0,0.0,0.0,0.0,0.0,0.0,0.0,0.0,0.0,0.0,0.0,0.0,0.0,0.0,0.0,0.0,1.0E-4,0.0,75310.0,70170.0,104000.0,79360.0,2.833E7,43030.0,54740.0,38520.0,31630.0,51790.0,0.0,5.9739999999999995E-37,1.313E-37,9.615E-37,8.129999999999999E-37,5.334E-38,3.365E-38,1.7429999999999998E-39,1.225E-39,9.133E-40,1.803E-39,2.08E-35,0.0,0.5918,0.6352,1.769,1.228,0.1415,0.05237,0.01599,0.0044,0.002823,0.006012,0.0,0.0,5.396E-5,0.001047,7.521E-4,0.9926,7.349E-4,0.001581,8.218E-4,8.408E-4,0.001585,0.0,0.01814,0.001858,0.0028,0.002465,0.186,0.004206,0.001533,0.001929,4.658E-4,5.953E-4,
0.0,1323.0,97.46,142.1,143.7,0.04922,6.244,2.414,0.4279,0.4356,0.5926,0.0,344.0,0.07976,1.471,0.09955,0.1774,0.4291,0.895,0.6416,1.272,11.07,0.0,344.0,0.07976,1.471,0.09955,0.1774,0.4291,0.895,0.6416,1.272,11.07,0.0,0.0,0.0,0.0,0.0,0.0,0.0,0.0,0.0,0.0,0.0,0.0,0.0,213.4,130.2,41.77,1110.0,180.3,8.975,8.329,4.307,6.979,0.0,124.5,6.5,23.63,84.41,41.55,1.058,0.04584,0.03574,0.04957,0.04381,0.0,0.0,0.0,0.0,0.0,0.0,0.0,0.0,0.0,0.0,0.0,0.0,0.0,0.0,0.0,0.0,0.0,0.0,0.0,0.0,0.0,0.0,0.0,0.0,0.0,0.0,0.0,0.0,0.0,0.0,0.0,0.0,0.0,0.0,0.0,1.0E-4,0.0,75320.0,142200.0,401900.0,91410.0,2.824E7,38680.0,44940.0,33320.0,26320.0,41980.0,0.0,5.9739999999999995E-37,1.357E-37,9.298E-37,8.011999999999999E-37,8.113E-38,2.877E-38,1.785E-39,1.194E-39,9.06E-40,1.789E-39,2.08E-35,0.0,0.5918,0.6345,1.733,1.24,0.1632,0.0472,0.01607,0.004462,0.002878,0.006113,0.0,0.0,0.003135,0.01269,0.001222,0.9788,5.448E-4,0.001172,6.092E-4,6.233E-4,0.001175,0.0,0.01814,0.002348,0.004519,0.002569,0.1839,0.004183,0.001467,0.001904,4.297E-4,5.342E-4,
0.0,1323.0,96.78,141.3,145.2,0.04805,6.233,2.412,0.4281,0.4364,0.5927,0.0,344.0,0.08166,1.505,0.07983,0.1339,0.3638,0.9617,0.5686,1.231,11.18,0.0,344.0,0.08166,1.505,0.07983,0.1339,0.3638,0.9617,0.5686,1.231,11.18,0.0,0.0,0.0,0.0,0.0,0.0,0.0,0.0,0.0,0.0,0.0,0.0,0.0,209.1,126.7,42.58,1123.0,180.3,8.982,8.342,4.321,6.996,0.0,124.5,4.149,19.88,89.99,41.4,1.044,0.04607,0.03613,0.04997,0.04416,0.0,0.0,0.0,0.0,0.0,0.0,0.0,0.0,0.0,0.0,0.0,0.0,0.0,0.0,0.0,0.0,0.0,0.0,0.0,0.0,0.0,0.0,0.0,0.0,0.0,0.0,0.0,0.0,0.0,0.0,0.0,0.0,0.0,0.0,0.0,1.0E-4,0.0,75420.0,85060.0,96580.0,87850.0,2.715E7,37980.0,43890.0,32840.0,25780.0,40880.0,0.0,5.9739999999999995E-37,1.294E-37,9.543E-37,8.013E-37,4.049E-38,2.848E-38,1.713E-39,1.142E-39,8.517E-40,1.6839999999999998E-39,2.08E-35,0.0,0.5919,0.6242,1.793,1.254,0.08644,0.04707,0.01596,0.004421,0.002841,0.006026,0.0,0.0,8.534E-4,7.682E-4,0.001242,0.9929,5.54E-4,0.001192,6.195E-4,6.337E-4,0.001194,0.0,0.01816,0.002012,0.002692,0.002564,0.1859,0.004142,0.001468,0.00191,4.31E-4,5.522E-4,
0.0,1323.0,102.2,137.9,160.6,3.09,13.33,2.309,0.4839,0.5121,0.6019,0.0,344.0,0.08737,1.485,0.08887,0.1485,0.3658,0.9303,0.5733,1.467,10.95,0.0,344.0,0.08737,1.485,0.08887,0.1485,0.3658,0.9303,0.5733,1.467,10.95,0.0,0.0,0.0,0.0,0.0,0.0,0.0,0.0,0.0,0.0,0.0,0.0,0.0,160.1,127.0,42.91,1165.0,180.2,8.699,8.342,4.337,7.037,0.0,124.5,6.43,14.59,66.16,40.79,1.027,0.0456,0.03669,0.04817,0.0443,0.0,0.0,0.0,0.0,0.0,0.0,0.0,0.0,0.0,0.0,0.0,0.0,0.0,0.0,0.0,0.0,0.0,0.0,0.0,0.0,0.0,0.0,0.0,0.0,0.0,0.0,0.0,0.0,0.0,0.0,0.0,0.0,0.0,0.0,0.0,1.0E-4,0.0,75450.0,81830.0,89660.0,84980.0,2.567E7,38260.0,43400.0,32820.0,25690.0,40340.0,0.0,5.9739999999999995E-37,1.328E-37,9.402E-37,7.716E-37,4.561E-38,4.558E-38,1.632E-39,1.189E-39,9.353E-40,1.623E-39,2.08E-35,0.0,0.5919,0.669,1.714,1.228,0.1076,0.07365,0.01527,0.004648,0.003137,0.006085,0.0,0.0,8.861E-4,7.977E-4,0.00129,0.9927,5.752E-4,0.001238,6.432E-4,6.58E-4,0.00124,0.0,0.01817,0.001987,0.00268,0.002581,0.1858,0.004153,0.001469,0.001914,4.315E-4,5.567E-4,
0.0,1313.0,109.9,148.5,182.0,3.213,6.316,2.384,0.4405,0.4594,0.575,0.0,344.1,0.1269,1.375,0.1243,0.1444,0.3695,0.9486,0.5737,2.039,10.37,0.0,344.1,0.1269,1.375,0.1243,0.1444,0.3695,0.9486,0.5737,2.039,10.37,0.0,0.0,0.0,0.0,0.0,0.0,0.0,0.0,0.0,0.0,0.0,0.0,0.0,165.6,126.5,45.07,1169.0,180.4,8.975,8.388,4.349,7.045,0.0,121.2,5.593,19.71,39.6,40.65,1.014,0.04527,0.03719,0.047,0.04463,0.0,0.0,0.0,0.0,0.0,0.0,0.0,0.0,0.0,0.0,0.0,0.0,0.0,0.0,0.0,0.0,0.0,0.0,0.0,0.0,0.0,0.0,0.0,0.0,0.0,0.0,0.0,0.0,0.0,0.0,0.0,0.0,0.0,0.0,0.0,1.002E-4,0.0,75400.0,83440.0,83110.0,84330.0,2.462E7,38130.0,43160.0,33010.0,25800.0,40270.0,0.0,4.9709999999999995E-37,1.563E-37,9.132999999999999E-37,7.667E-37,4.557E-38,2.715E-38,1.6709999999999998E-39,1.039E-39,7.662999999999999E-40,1.548E-39,2.08E-35,0.0,0.4999,0.7309,1.748,1.228,0.1079,0.04614,0.01578,0.004465,0.002821,0.00601,0.0,0.0,9.155E-4,8.241E-4,0.001332,0.9924,5.943E-4,0.001279,6.645E-4,6.798E-4,0.001281,0.0,0.01815,0.002032,0.002676,0.002568,0.1852,0.004161,0.00146,0.001921,4.384E-4,5.596E-4,
0.0,1313.0,108.7,148.2,187.4,0.6755,8.647,2.405,0.4905,0.5358,0.6668,0.0,344.1,0.1089,1.431,0.09703,0.1444,0.4173,0.9511,0.5527,1.89,10.47,0.0,344.1,0.1089,1.431,0.09703,0.1444,0.4173,0.9511,0.5527,1.89,10.47,0.0,0.0,0.0,0.0,0.0,0.0,0.0,0.0,0.0,0.0,0.0,0.0,0.0,166.2,129.3,43.76,1162.0,180.4,9.069,8.37,4.376,7.074,0.0,121.2,3.403,13.29,41.49,43.17,1.082,0.04558,0.03929,0.04884,0.04753,0.0,0.0,0.0,0.0,0.0,0.0,0.0,0.0,0.0,0.0,0.0,0.0,0.0,0.0,0.0,0.0,0.0,0.0,0.0,0.0,0.0,0.0,0.0,0.0,0.0,0.0,0.0,0.0,0.0,0.0,0.0,0.0,0.0,0.0,0.0,1.0E-4,0.0,75410.0,85140.0,82820.0,85420.0,2.406E7,38520.0,43920.0,33670.0,26580.0,40900.0,0.0,4.9709999999999995E-37,1.43E-37,9.075999999999999E-37,7.645E-37,4.556E-38,3.194E-38,1.672E-39,1.106E-39,9.023E-40,1.677E-39,2.08E-35,0.0,0.5,0.713,1.75,1.23,0.1079,0.05371,0.01592,0.004586,0.003091,0.006311,0.0,0.0,9.508E-4,8.559E-4,0.001384,0.9921,6.172E-4,0.001328,6.902E-4,7.061E-4,0.001331,0.0,0.01816,0.002042,0.002678,0.002569,0.1849,0.004156,0.001476,0.001915,4.489E-4,5.678E-4,
0.0,1313.0,105.4,151.1,193.0,0.6054,8.208,0.5037,0.4327,0.4711,0.5667,0.0,344.1,0.1283,1.406,0.07918,0.1442,1.057,0.293,0.5184,2.067,10.37,0.0,344.1,0.1283,1.406,0.07918,0.1442,1.057,0.293,0.5184,2.067,10.37,0.0,0.0,0.0,0.0,0.0,0.0,0.0,0.0,0.0,0.0,0.0,0.0,0.0,165.6,134.1,43.94,1166.0,185.2,4.432,8.443,4.451,7.214,0.0,121.2,3.36,12.85,38.14,43.2,1.008,0.04711,0.03796,0.04823,0.04631,0.0,0.0,0.0,0.0,0.0,0.0,0.0,0.0,0.0,0.0,0.0,0.0,0.0,0.0,0.0,0.0,0.0,0.0,0.0,0.0,0.0,0.0,0.0,0.0,0.0,0.0,0.0,0.0,0.0,0.0,0.0,0.0,0.0,0.0,0.0,1.0E-4,0.0,75440.0,87440.0,87210.0,90500.0,2.374E7,43920.0,43780.0,36000.0,28850.0,44730.0,0.0,4.9709999999999995E-37,1.5449999999999999E-37,8.865999999999999E-37,7.646E-37,4.554E-38,2.798E-38,4.828E-40,9.369E-40,7.209E-40,1.4309999999999999E-39,2.08E-35,0.0,0.5,0.7001,1.755,1.236,0.1078,0.05834,0.003577,0.004397,0.002851,0.006015,0.0,0.0,0.001085,9.765E-4,0.001579,0.991,7.042E-4,0.001515,7.874E-4,8.056E-4,0.001518,0.0,0.01816,0.002071,0.002686,0.0026,0.1844,0.005032,6.388E-4,0.001933,4.624E-4,5.943E-4,
0.0,1313.0,114.0,148.3,192.4,0.5796,8.182,0.5051,0.435,0.471,0.5671,0.0,344.1,0.1567,1.359,0.08788,0.144,1.053,0.2934,0.5193,2.067,10.37,0.0,344.1,0.1567,1.359,0.08788,0.144,1.053,0.2934,0.5193,2.067,10.37,0.0,0.0,0.0,0.0,0.0,0.0,0.0,0.0,0.0,0.0,0.0,0.0,0.0,169.4,133.8,45.51,1168.0,185.2,4.46,8.456,4.465,7.236,0.0,121.2,3.609,8.363,36.08,43.15,1.019,0.04772,0.03809,0.04924,0.04674,0.0,0.0,0.0,0.0,0.0,0.0,0.0,0.0,0.0,0.0,0.0,0.0,0.0,0.0,0.0,0.0,0.0,0.0,0.0,0.0,0.0,0.0,0.0,0.0,0.0,0.0,0.0,0.0,0.0,0.0,0.0,0.0,0.0,0.0,0.0,6.701E-4,0.0,75470.0,88080.0,88890.0,92420.0,2.314E7,44120.0,44070.0,36550.0,29280.0,45050.0,0.0,4.9709999999999995E-37,1.7089999999999999E-37,8.51E-37,7.646E-37,4.5489999999999997E-38,2.779E-38,4.78E-40,8.939E-40,6.934E-40,1.371E-39,2.08E-35,0.0,0.5,0.7498,1.685,1.241,0.1076,0.05826,0.003592,0.004408,0.002854,0.006019,0.0,0.0,0.001114,0.001003,0.001621,0.9908,7.232E-4,0.001556,8.087E-4,8.273E-4,0.001559,0.0,0.01819,0.002082,0.00268,0.002612,0.1843,0.005005,6.433E-4,0.001941,4.619E-4,6.004E-4,
0.0,1313.0,111.6,143.9,194.3,0.5669,13.56,0.3163,0.4839,0.4856,0.5443,0.0,344.1,0.2012,1.344,0.08266,0.1252,1.544,0.1175,0.5828,2.877,9.173,0.0,344.1,0.2012,1.344,0.08266,0.1252,1.544,0.1175,0.5828,2.877,9.173,0.0,0.0,0.0,0.0,0.0,0.0,0.0,0.0,0.0,0.0,0.0,0.0,0.0,164.0,113.9,45.29,1197.0,186.2,3.181,8.372,4.383,7.077,0.0,121.2,3.691,8.455,33.56,44.75,1.056,0.05112,0.03988,0.05164,0.0498,0.0,0.0,0.0,0.0,0.0,0.0,0.0,0.0,0.0,0.0,0.0,0.0,0.0,0.0,0.0,0.0,0.0,0.0,0.0,0.0,0.0,0.0,0.0,0.0,0.0,0.0,0.0,0.0,0.0,0.0,0.0,0.0,0.0,0.0,0.0,1.0E-4,0.0,75470.0,74520.0,85890.0,88640.0,2.287E7,41910.0,36750.0,33130.0,25750.0,38190.0,0.0,4.9709999999999995E-37,1.867E-37,8.354999999999999E-37,7.512999999999999E-37,3.538E-38,3.884E-38,6.3599999999999996E-40,9.555E-40,6.669E-40,1.2989999999999999E-39,2.08E-35,0.0,0.5,0.7574,1.681,1.243,0.08172,0.0775,0.001774,0.004569,0.00288,0.006013,0.0,0.0,4.41E-4,8.088E-4,0.001351,0.9932,5.567E-4,0.001198,6.225E-4,6.369E-4,0.0012,0.0,0.01819,0.002004,0.002718,0.002549,0.1843,0.005061,5.192E-4,0.001912,4.362E-4,5.497E-4,
0.0,1313.0,109.6,145.3,202.3,0.5445,7.612,0.3141,0.6236,0.7075,0.4983,0.0,344.1,0.1909,1.334,0.1043,0.1246,1.057,0.1213,0.5662,3.25,9.299,0.0,344.1,0.1909,1.334,0.1043,0.1246,1.057,0.1213,0.5662,3.25,9.299,0.0,0.0,0.0,0.0,0.0,0.0,0.0,0.0,0.0,0.0,0.0,0.0,0.0,165.7,115.0,44.6,1194.0,186.3,3.245,8.371,4.382,7.134,0.0,121.2,4.13,8.052,31.35,44.76,1.074,0.05203,0.04086,0.05314,0.05138,0.0,0.0,0.0,0.0,0.0,0.0,0.0,0.0,0.0,0.0,0.0,0.0,0.0,0.0,0.0,0.0,0.0,0.0,0.0,0.0,0.0,0.0,0.0,0.0,0.0,0.0,0.0,0.0,0.0,0.0,0.0,0.0,0.0,0.0,0.0,1.0E-4,0.0,75470.0,72880.0,83910.0,90630.0,2.236E7,42410.0,37200.0,32810.0,25700.0,38540.0,0.0,4.9709999999999995E-37,1.809E-37,8.328E-37,7.594E-37,3.538E-38,2.597E-38,6.21E-40,1.6E-39,2.2549999999999998E-39,4.714E-40,2.08E-35,0.0,0.5,0.7456,1.686,1.265,0.0817,0.05789,0.001776,0.00535,0.008269,0.001617,0.0,0.0,4.75E-4,8.711E-4,0.001455,0.9927,5.995E-4,0.00129,6.704E-4,6.859E-4,0.001293,0.0,0.01819,0.002007,0.002728,0.002572,0.1839,0.00506,5.403E-4,0.001916,4.844E-4,5.21E-4,
0.0,1314.0,103.6,145.6,200.7,1.815,9.041,0.3165,0.4953,0.5503,0.498,0.0,344.1,0.1742,1.359,0.08437,0.135,1.055,0.1223,0.5653,2.32,10.23,0.0,344.1,0.1742,1.359,0.08437,0.135,1.055,0.1223,0.5653,2.32,10.23,0.0,0.0,0.0,0.0,0.0,0.0,0.0,0.0,0.0,0.0,0.0,0.0,0.0,167.4,115.8,45.43,1193.0,186.3,3.302,8.391,4.405,7.191,0.0,121.2,5.986,11.66,29.14,44.71,1.112,0.05322,0.0422,0.05453,0.05308,0.0,0.0,0.0,0.0,0.0,0.0,0.0,0.0,0.0,0.0,0.0,0.0,0.0,0.0,0.0,0.0,0.0,0.0,0.0,0.0,0.0,0.0,0.0,0.0,0.0,0.0,0.0,0.0,0.0,0.0,0.0,0.0,0.0,0.0,0.0,2.677E-4,0.0,75570.0,72590.0,89060.0,89630.0,2.215E7,43000.0,38290.0,33200.0,26160.0,39660.0,0.0,5.047E-37,1.727E-37,8.258E-37,7.394E-37,4.4409999999999997E-38,3.245E-38,6.212E-40,9.901E-40,1.485E-39,4.609E-40,2.08E-35,0.0,0.511,0.7222,1.692,1.248,0.09359,0.06612,0.001797,0.00463,0.007392,0.001621,0.0,0.0,5.062E-4,9.283E-4,0.00155,0.9922,6.389E-4,0.001375,7.144E-4,7.309E-4,0.001378,0.0,0.01822,0.001988,0.002791,0.002594,0.1837,0.00504,5.615E-4,0.001913,4.914E-4,5.337E-4,
0.0,1319.0,101.6,142.3,199.7,0.7373,9.368,0.1354,0.4346,0.5227,0.5004,0.0,344.1,0.1435,1.401,0.0855,0.125,1.046,0.1182,0.5663,2.321,10.23,0.0,344.1,0.1435,1.401,0.0855,0.125,1.046,0.1182,0.5663,2.321,10.23,0.0,0.0,0.0,0.0,0.0,0.0,0.0,0.0,0.0,0.0,0.0,0.0,0.0,168.0,119.4,45.58,1198.0,186.2,3.339,8.418,4.436,7.238,0.0,121.2,8.058,16.0,23.65,44.68,1.116,0.05297,0.04347,0.05325,0.05396,0.0,0.0,0.0,0.0,0.0,0.0,0.0,0.0,0.0,0.0,0.0,0.0,0.0,0.0,0.0,0.0,0.0,0.0,0.0,0.0,0.0,0.0,0.0,0.0,0.0,0.0,0.0,0.0,0.0,0.0,0.0,0.0,0.0,0.0,0.0,6.53E-4,0.0,75690.0,73450.0,81570.0,88320.0,2.171E7,42710.0,38560.0,33360.0,26310.0,39920.0,0.0,5.123E-37,1.544E-37,8.402E-37,7.324E-37,3.643E-38,2.8899999999999997E-38,2.292E-40,7.592E-40,1.279E-39,4.5E-40,2.08E-35,0.0,0.5374,0.7143,1.694,1.229,0.08445,0.06282,0.001189,0.004365,0.007239,0.00164,0.0,0.0,5.215E-4,9.564E-4,0.001597,0.9919,6.583E-4,0.001416,7.361E-4,7.53E-4,0.001419,0.0,0.01824,0.001988,0.002799,0.002594,0.1837,0.005013,5.78E-4,0.001915,4.95E-4,5.405E-4,
0.0,1323.0,100.2,142.5,199.0,2.335,9.058,0.1523,0.4406,0.5725,0.4738,0.0,344.1,0.1323,1.399,0.09561,0.1446,1.009,0.1226,0.5688,3.073,9.483,0.0,344.1,0.1323,1.399,0.09561,0.1446,1.009,0.1226,0.5688,3.073,9.483,0.0,0.0,0.0,0.0,0.0,0.0,0.0,0.0,0.0,0.0,0.0,0.0,0.0,167.3,120.4,46.33,1199.0,185.9,3.477,8.473,4.502,7.375,0.0,121.3,8.366,14.09,21.81,44.3,1.135,0.05369,0.04562,0.05266,0.05607,0.0,0.0,0.0,0.0,0.0,0.0,0.0,0.0,0.0,0.0,0.0,0.0,0.0,0.0,0.0,0.0,0.0,0.0,0.0,0.0,0.0,0.0,0.0,0.0,0.0,0.0,0.0,0.0,0.0,0.0,0.0,0.0,0.0,0.0,0.0,1.001E-4,0.0,75840.0,74600.0,85130.0,91010.0,2.141E7,43580.0,40590.0,34650.0,27530.0,41980.0,0.0,5.2589999999999995E-37,1.499E-37,8.228999999999999E-37,7.134E-37,4.803E-38,2.835E-38,2.3439999999999998E-40,7.441E-40,1.2129999999999999E-39,4.412E-40,2.08E-35,0.0,0.56,0.7008,1.684,1.217,0.09223,0.06148,0.001297,0.004416,0.007293,0.001734,0.0,0.0,5.673E-4,0.00104,0.001738,0.9912,7.161E-4,0.001541,8.008E-4,8.193E-4,0.001544,0.0,0.01827,0.001994,0.002812,0.002599,0.1833,0.004986,5.958E-4,0.001936,5.063E-4,5.564E-4,
0.0,1323.0,102.6,143.9,194.9,0.8651,8.772,0.156,0.7305,0.3331,0.4214,0.0,344.1,0.1756,1.351,0.09193,0.1498,1.002,0.139,0.8796,2.996,9.234,0.0,344.1,0.1756,1.351,0.09193,0.1498,1.002,0.139,0.8796,2.996,9.234,0.0,0.0,0.0,0.0,0.0,0.0,0.0,0.0,0.0,0.0,0.0,0.0,0.0,165.9,121.5,47.73,1193.0,185.9,3.468,8.892,4.075,7.367,0.0,121.3,7.709,12.58,23.77,45.82,1.184,0.05359,0.04762,0.05253,0.05755,0.0,0.0,0.0,0.0,0.0,0.0,0.0,0.0,0.0,0.0,0.0,0.0,0.0,0.0,0.0,0.0,0.0,0.0,0.0,0.0,0.0,0.0,0.0,0.0,0.0,0.0,0.0,0.0,0.0,0.0,0.0,0.0,0.0,0.0,0.0,1.0E-4,0.0,75920.0,73660.0,82300.0,93130.0,2.133E7,44430.0,40770.0,35450.0,27480.0,42180.0,0.0,5.2589999999999995E-37,1.7299999999999999E-37,7.972E-37,7.02E-37,4.635E-38,2.778E-38,2.318E-40,8.202E-40,1.059E-39,4.257E-40,2.08E-35,0.0,0.5601,0.7328,1.662,1.206,0.0867,0.06075,0.001319,0.005654,0.006066,0.001729,0.0,0.0,5.673E-4,0.00104,0.001738,0.9912,7.161E-4,0.001541,8.008E-4,8.193E-4,0.001544,0.0,0.01829,0.001984,0.002778,0.002656,0.1832,0.004938,5.946E-4,0.002018,4.345E-4,5.491E-4,
0.0,1313.0,111.6,144.5,190.2,0.5868,8.401,0.1573,0.7337,0.375,0.3823,0.0,344.1,0.1169,1.395,0.09177,0.157,0.9985,0.1394,0.8008,3.747,8.562,0.0,344.1,0.1169,1.395,0.09177,0.157,0.9985,0.1394,0.8008,3.747,8.562,0.0,0.0,0.0,0.0,0.0,0.0,0.0,0.0,0.0,0.0,0.0,0.0,0.0,166.1,122.1,48.25,1196.0,185.8,3.47,8.892,4.076,7.369,0.0,118.7,7.882,16.57,26.51,46.3,1.116,0.05358,0.04506,0.05235,0.0556,0.0,0.0,0.0,0.0,0.0,0.0,0.0,0.0,0.0,0.0,0.0,0.0,0.0,0.0,0.0,0.0,0.0,0.0,0.0,0.0,0.0,0.0,0.0,0.0,0.0,0.0,0.0,0.0,0.0,0.0,0.0,0.0,0.0,0.0,0.0,1.0E-4,0.0,75880.0,73690.0,81830.0,98170.0,2.206E7,45070.0,42270.0,36550.0,28550.0,43660.0,0.0,4.508E-37,1.5149999999999999E-37,8.087E-37,6.944E-37,5.158E-38,2.676E-38,2.267E-40,7.859E-40,1.014E-39,4.098E-40,2.08E-35,0.0,0.4801,0.7773,1.683,1.208,0.09495,0.05941,0.001325,0.005659,0.006076,0.001722,0.0,0.0,5.673E-4,0.00104,0.001738,0.9912,7.161E-4,0.001541,8.008E-4,8.193E-4,0.001544,0.0,0.01827,0.001989,0.002751,0.00269,0.1833,0.004909,5.954E-4,0.002018,4.394E-4,5.433E-4,
0.0,1313.0,109.7,142.2,181.3,0.5068,9.095,0.1613,0.7653,0.3846,0.4067,0.0,344.1,0.1155,1.355,0.1165,0.1719,0.9936,0.1403,1.025,4.328,7.758,0.0,344.1,0.1155,1.355,0.1165,0.1719,0.9936,0.1403,1.025,4.328,7.758,0.0,0.0,0.0,0.0,0.0,0.0,0.0,0.0,0.0,0.0,0.0,0.0,0.0,163.5,122.4,52.22,1191.0,187.0,3.46,8.877,4.064,7.358,0.0,118.7,11.11,19.78,28.43,48.85,2.117,0.05381,0.04389,0.05287,0.05483,0.0,0.0,0.0,0.0,0.0,0.0,0.0,0.0,0.0,0.0,0.0,0.0,0.0,0.0,0.0,0.0,0.0,0.0,0.0,0.0,0.0,0.0,0.0,0.0,0.0,0.0,0.0,0.0,0.0,0.0,0.0,0.0,0.0,0.0,0.0,1.0E-4,0.0,75910.0,86470.0,97590.0,102200.0,2.322E7,50740.0,44550.0,38090.0,30070.0,45900.0,0.0,4.508E-37,1.501E-37,8.01E-37,6.717E-37,6.342E-38,3.254E-38,2.266E-40,7.905E-40,1.099E-39,3.931E-40,2.08E-35,0.0,0.4801,0.7762,1.681,1.187,0.108,0.06716,0.001346,0.005722,0.006812,0.001502,0.0,0.0,5.673E-4,0.00104,0.001738,0.9912,7.161E-4,0.001541,8.008E-4,8.193E-4,0.001544,0.0,0.01828,0.001994,0.002787,0.002762,0.1831,0.004894,6.042E-4,0.002019,4.549E-4,5.336E-4,
0.0,1313.0,108.5,137.8,179.9,0.467,8.67,0.1655,0.8917,0.425,0.4219,0.0,344.1,0.1035,1.37,0.1186,0.1664,0.9847,0.2162,0.8758,3.993,8.175,0.0,344.1,0.1035,1.37,0.1186,0.1664,0.9847,0.2162,0.8758,3.993,8.175,0.0,0.0,0.0,0.0,0.0,0.0,0.0,0.0,0.0,0.0,0.0,0.0,0.0,161.2,121.3,54.49,1186.0,185.8,3.455,8.88,4.051,7.351,0.0,124.1,9.654,24.15,26.11,51.29,0.9187,0.05415,0.04386,0.05376,0.05498,0.0,0.0,0.0,0.0,0.0,0.0,0.0,0.0,0.0,0.0,0.0,0.0,0.0,0.0,0.0,0.0,0.0,0.0,0.0,0.0,0.0,0.0,0.0,0.0,0.0,0.0,0.0,0.0,0.0,0.0,0.0,0.0,0.0,0.0,0.0,1.0E-4,0.0,76620.0,81140.0,95090.0,108700.0,2.475E7,48060.0,47330.0,39920.0,31880.0,48720.0,0.0,4.6179999999999995E-37,1.3819999999999999E-37,8.097E-37,6.543E-37,6.674E-38,2.652E-38,2.23E-40,9.321E-40,1.248E-39,3.874E-40,2.08E-35,0.0,0.5053,0.7612,1.699,1.162,0.112,0.05971,0.001365,0.00632,0.00738,9.059E-4,0.0,0.0,5.673E-4,0.00104,0.001738,0.9912,7.161E-4,0.001541,8.008E-4,8.193E-4,0.001544,0.0,0.0183,0.001954,0.002777,0.00278,0.1831,0.004842,6.059E-4,0.002014,4.624E-4,5.304E-4,
0.0,1314.0,107.3,137.8,181.6,0.4071,7.289,0.1759,1.126,0.6546,0.5498,0.0,344.1,0.09956,1.406,0.09721,0.1497,0.9848,0.2126,1.503,3.616,7.93,0.0,344.1,0.09956,1.406,0.09721,0.1497,0.9848,0.2126,1.503,3.616,7.93,0.0,0.0,0.0,0.0,0.0,0.0,0.0,0.0,0.0,0.0,0.0,0.0,0.0,156.9,116.2,49.02,1186.0,205.1,5.364,3.931,4.346,4.372,0.0,125.4,10.65,19.69,31.53,47.67,0.6689,0.05439,0.03961,0.0539,0.05185,0.0,0.0,0.0,0.0,0.0,0.0,0.0,0.0,0.0,0.0,0.0,0.0,0.0,0.0,0.0,0.0,0.0,0.0,0.0,0.0,0.0,0.0,0.0,0.0,0.0,0.0,0.0,0.0,0.0,0.0,0.0,0.0,0.0,0.0,0.0,4.858E-4,0.0,76920.0,80970.0,87870.0,100700.0,2.615E7,49520.0,48840.0,39780.0,32220.0,50020.0,0.0,4.666E-37,1.374E-37,8.11E-37,6.563E-37,4.976E-38,2.123E-38,2.769E-40,1.142E-39,1.6709999999999998E-39,5.8199999999999996E-40,2.08E-35,0.0,0.5131,0.7602,1.704,1.173,0.09146,0.05263,0.00128,0.007103,0.007972,0.001251,0.0,0.0,5.673E-4,0.00104,0.001738,0.9912,7.161E-4,0.001541,8.008E-4,8.193E-4,0.001544,0.0,0.01835,0.001937,0.002714,0.002695,0.1833,0.00487,6.297E-4,0.001982,4.694E-4,5.166E-4,
0.0,1305.0,120.0,139.5,180.3,0.3729,7.164,0.1534,1.133,0.6659,0.5629,0.0,344.1,0.1012,1.398,0.1086,0.1512,0.9604,0.2108,1.505,3.616,7.932,0.0,344.1,0.1012,1.398,0.1086,0.1512,0.9604,0.2108,1.505,3.616,7.932,0.0,0.0,0.0,0.0,0.0,0.0,0.0,0.0,0.0,0.0,0.0,0.0,0.0,158.5,117.6,49.72,1184.0,199.9,3.233,4.312,5.418,5.379,0.0,122.3,12.03,18.75,29.52,47.72,0.6903,0.0546,0.03967,0.05474,0.0521,0.0,0.0,0.0,0.0,0.0,0.0,0.0,0.0,0.0,0.0,0.0,0.0,0.0,0.0,0.0,0.0,0.0,0.0,0.0,0.0,0.0,0.0,0.0,0.0,0.0,0.0,0.0,0.0,0.0,0.0,0.0,0.0,0.0,0.0,0.0,1.0E-4,0.0,77100.0,82050.0,88520.0,102500.0,2.771E7,49190.0,50720.0,40430.0,32990.0,52060.0,0.0,4.0249999999999995E-37,1.4E-37,8.042E-37,6.392E-37,4.98E-38,2.087E-38,2.074E-40,1.1209999999999999E-39,1.638E-39,6.08E-40,2.08E-35,0.0,0.4479,0.8443,1.7,1.159,0.09153,0.05212,0.001194,0.007137,0.008019,0.001309,0.0,0.0,5.673E-4,0.00104,0.001738,0.9912,7.161E-4,0.001541,8.008E-4,8.193E-4,0.001544,0.0,0.01846,0.001961,0.002716,0.002671,0.1833,0.004726,6.178E-4,0.001989,4.698E-4,5.203E-4,
0.0,1306.0,126.7,135.5,175.4,0.3482,9.576,0.1564,1.15,0.7209,0.5454,0.0,344.1,0.1558,1.379,0.1086,0.1532,0.9399,0.2117,1.662,4.479,6.888,0.0,344.1,0.1558,1.379,0.1086,0.1532,0.9399,0.2117,1.662,4.479,6.888,0.0,0.0,0.0,0.0,0.0,0.0,0.0,0.0,0.0,0.0,0.0,0.0,0.0,161.5,118.5,54.31,1171.0,186.0,3.345,5.055,7.454,7.275,0.0,122.6,13.2,17.96,26.96,47.55,0.6667,0.0545,0.03985,0.05425,0.05217,0.0,0.0,0.0,0.0,0.0,0.0,0.0,0.0,0.0,0.0,0.0,0.0,0.0,0.0,0.0,0.0,0.0,0.0,0.0,0.0,0.0,0.0,0.0,0.0,0.0,0.0,0.0,0.0,0.0,0.0,0.0,0.0,0.0,0.0,0.0,1.002E-4,0.0,77310.0,82440.0,88050.0,104900.0,2.899E7,48970.0,52100.0,40650.0,33350.0,53480.0,0.0,4.073E-37,1.692E-37,7.706E-37,6.186E-37,4.925E-38,2.666E-38,2.075E-40,1.1549999999999999E-39,1.606E-39,6.698E-40,2.08E-35,0.0,0.4557,0.8993,1.646,1.136,0.09088,0.0633,0.001211,0.007601,0.007566,0.001549,0.0,0.0,5.673E-4,0.00104,0.001738,0.9912,7.161E-4,0.001541,8.008E-4,8.193E-4,0.001544,0.0,0.01849,0.001953,0.002675,0.002723,0.1815,0.004629,6.153E-4,0.001997,4.747E-4,5.189E-4,
0.0,1300.0,127.4,142.0,167.2,0.3043,7.252,0.1967,1.187,0.7756,0.5487,0.0,344.1,0.105,1.42,0.1146,0.1535,0.9647,0.1849,1.38,2.827,8.819,0.0,344.1,0.105,1.42,0.1146,0.1535,0.9647,0.1849,1.38,2.827,8.819,0.0,0.0,0.0,0.0,0.0,0.0,0.0,0.0,0.0,0.0,0.0,0.0,0.0,161.3,118.8,55.68,1171.0,184.5,3.628,5.137,7.542,7.395,0.0,120.9,14.52,17.68,36.73,47.45,0.926,0.0714,0.04416,0.05797,0.05869,0.0,0.0,0.0,0.0,0.0,0.0,0.0,0.0,0.0,0.0,0.0,0.0,0.0,0.0,0.0,0.0,0.0,0.0,0.0,0.0,0.0,0.0,0.0,0.0,0.0,0.0,0.0,0.0,0.0,0.0,0.0,0.0,0.0,0.0,0.0,1.0E-4,0.0,77360.0,82590.0,84150.0,106500.0,2.741E7,46410.0,49610.0,39160.0,31830.0,51040.0,0.0,3.692E-37,1.419E-37,7.937E-37,6.087E-37,4.968E-38,2.718E-38,7.024E-40,1.543E-39,2.115E-39,7.313E-40,2.08E-35,0.0,0.4132,0.8881,1.7,1.144,0.09285,0.05092,0.001848,0.008079,0.008462,0.001557,0.0,0.0,5.712E-4,0.001048,0.001749,0.9912,7.21E-4,0.001551,8.062E-4,8.248E-4,0.001554,0.0,0.01851,0.001961,0.002678,0.002769,0.1815,0.004519,6.134E-4,0.002006,4.73E-4,5.203E-4,
0.0,1287.0,145.3,142.4,168.8,0.3809,7.903,0.2375,1.198,0.8364,0.5161,0.0,344.1,0.107,1.425,0.1194,0.1535,0.9425,0.1897,1.38,4.414,7.234,0.0,344.1,0.107,1.425,0.1194,0.1535,0.9425,0.1897,1.38,4.414,7.234,0.0,0.0,0.0,0.0,0.0,0.0,0.0,0.0,0.0,0.0,0.0,0.0,0.0,163.5,118.8,56.02,1173.0,183.6,3.828,5.191,7.603,7.474,0.0,117.4,12.16,17.08,34.87,47.37,0.6102,0.05361,0.03976,0.05174,0.05173,0.0,0.0,0.0,0.0,0.0,0.0,0.0,0.0,0.0,0.0,0.0,0.0,0.0,0.0,0.0,0.0,0.0,0.0,0.0,0.0,0.0,0.0,0.0,0.0,0.0,0.0,0.0,0.0,0.0,0.0,0.0,0.0,0.0,0.0,0.0,7.434E-4,0.0,77270.0,83230.0,82020.0,104300.0,2.691E7,45770.0,48850.0,38770.0,31460.0,50280.0,0.0,2.971E-37,1.446E-37,7.834E-37,6.0599999999999995E-37,4.968E-38,2.741E-38,8.332E-40,1.533E-39,2.0939999999999998E-39,7.72E-40,2.08E-35,0.0,0.3326,0.9653,1.693,1.149,0.09285,0.05152,0.002037,0.008118,0.008547,0.001592,0.0,0.0,5.712E-4,0.001048,0.001749,0.9912,7.21E-4,0.001551,8.062E-4,8.248E-4,0.001554,0.0,0.01848,0.001983,0.002663,0.002776,0.1815,0.004514,6.19E-4,0.002006,4.818E-4,5.111E-4,
0.0,1291.0,131.4,154.7,154.8,0.4104,7.793,0.2379,1.2,0.8377,0.5097,0.0,344.1,0.09541,1.37,0.129,0.2017,0.9295,0.1901,1.645,3.492,7.9,0.0,344.1,0.09541,1.37,0.129,0.2017,0.9295,0.1901,1.645,3.492,7.9,0.0,0.0,0.0,0.0,0.0,0.0,0.0,0.0,0.0,0.0,0.0,0.0,0.0,163.6,118.8,57.52,1176.0,183.5,3.551,5.021,7.468,7.201,0.0,117.4,10.12,19.88,41.18,51.53,0.6068,0.05149,0.03869,0.05148,0.05094,0.0,0.0,0.0,0.0,0.0,0.0,0.0,0.0,0.0,0.0,0.0,0.0,0.0,0.0,0.0,0.0,0.0,0.0,0.0,0.0,0.0,0.0,0.0,0.0,0.0,0.0,0.0,0.0,0.0,0.0,0.0,0.0,0.0,0.0,0.0,1.0E-4,0.0,77480.0,86300.0,305100.0,118200.0,2.631E7,41780.0,39830.0,34310.0,27020.0,41700.0,0.0,3.073E-37,1.188E-37,7.543E-37,5.8519999999999995E-37,1.02E-37,2.689E-38,8.528E-40,1.497E-39,2.065E-39,8.133E-40,2.08E-35,0.0,0.3473,0.8605,1.729,1.119,0.1744,0.05112,0.002101,0.0081,0.008678,0.001584,0.0,0.0,3.419E-4,0.01036,0.00203,0.9832,5.428E-4,0.001168,6.07E-4,6.21E-4,0.00117,0.0,0.01854,0.001906,0.004005,0.002842,0.1803,0.004443,5.622E-4,0.001986,4.492E-4,4.562E-4,
0.0,1293.0,130.4,156.1,148.5,0.4065,12.9,0.2389,1.2,0.8374,0.5096,0.0,344.1,0.09332,1.398,0.1349,0.1625,0.9271,0.191,1.615,3.484,7.937,0.0,344.1,0.09332,1.398,0.1349,0.1625,0.9271,0.191,1.615,3.484,7.937,0.0,0.0,0.0,0.0,0.0,0.0,0.0,0.0,0.0,0.0,0.0,0.0,0.0,167.7,109.3,54.39,1188.0,183.5,3.577,5.026,7.475,7.227,0.0,117.4,10.13,15.82,56.6,38.07,0.6221,0.04169,0.03359,0.0467,0.04075,0.0,0.0,0.0,0.0,0.0,0.0,0.0,0.0,0.0,0.0,0.0,0.0,0.0,0.0,0.0,0.0,0.0,0.0,0.0,0.0,0.0,0.0,0.0,0.0,0.0,0.0,0.0,0.0,0.0,0.0,0.0,0.0,0.0,0.0,0.0,6.253E-4,0.0,77670.0,85840.0,82050.0,84590.0,2.567E7,42490.0,40220.0,34780.0,27400.0,42020.0,0.0,3.1529999999999998E-37,1.1649999999999999E-37,7.816E-37,5.782E-37,5.151E-38,3.672E-38,8.02E-40,1.423E-39,1.975E-39,7.658E-40,2.08E-35,0.0,0.3625,0.8515,1.778,1.11,0.09308,0.07819,0.002036,0.008065,0.008644,0.001517,0.0,0.0,3.566E-4,6.541E-4,6.665E-4,0.994,5.662E-4,0.001218,6.331E-4,6.477E-4,0.001221,0.0,0.01858,0.001918,0.002534,0.002557,0.182,0.004447,5.682E-4,0.00199,4.539E-4,4.631E-4,
0.0,1296.0,127.0,159.3,133.4,0.3831,8.719,0.2385,1.2,0.8365,0.5094,0.0,344.1,0.09317,1.406,0.1238,0.162,0.9222,0.1913,1.614,3.484,7.937,0.0,344.1,0.09317,1.406,0.1238,0.162,0.9222,0.1913,1.614,3.484,7.937,0.0,0.0,0.0,0.0,0.0,0.0,0.0,0.0,0.0,0.0,0.0,0.0,0.0,169.7,110.5,55.46,1182.0,183.6,3.643,5.059,7.511,7.293,0.0,118.2,10.66,14.8,72.81,38.05,0.652,0.04244,0.03397,0.04794,0.04137,0.0,0.0,0.0,0.0,0.0,0.0,0.0,0.0,0.0,0.0,0.0,0.0,0.0,0.0,0.0,0.0,0.0,0.0,0.0,0.0,0.0,0.0,0.0,0.0,0.0,0.0,0.0,0.0,0.0,0.0,0.0,0.0,0.0,0.0,0.0,5.049E-4,0.0,77960.0,86100.0,72970.0,92600.0,2.496E7,43990.0,41660.0,35850.0,28400.0,43450.0,0.0,3.304E-37,1.163E-37,7.712E-37,5.66E-37,5.105E-38,2.8179999999999997E-38,7.858E-40,1.374E-39,1.908E-39,7.567E-40,2.08E-35,0.0,0.3841,0.8465,1.766,1.115,0.09243,0.05672,0.002037,0.008063,0.008646,0.001518,0.0,0.0,3.832E-4,7.028E-4,7.161E-4,0.9936,6.083E-4,0.001309,6.802E-4,6.959E-4,0.001312,0.0,0.01865,0.001918,0.002511,0.002541,0.1816,0.004437,5.813E-4,0.001997,4.609E-4,4.762E-4,
0.0,1292.0,130.3,160.1,138.8,0.3496,8.424,0.2385,1.197,0.895,0.4514,0.0,344.1,0.09234,1.406,0.1257,0.1621,0.9153,0.1913,1.612,4.736,6.688,0.0,344.1,0.09234,1.406,0.1257,0.1621,0.9153,0.1913,1.612,4.736,6.688,0.0,0.0,0.0,0.0,0.0,0.0,0.0,0.0,0.0,0.0,0.0,0.0,0.0,168.5,111.7,55.47,1182.0,183.6,3.652,5.063,7.515,7.302,0.0,117.2,11.6,14.33,67.64,38.08,0.6904,0.04295,0.03427,0.04933,0.04205,0.0,0.0,0.0,0.0,0.0,0.0,0.0,0.0,0.0,0.0,0.0,0.0,0.0,0.0,0.0,0.0,0.0,0.0,0.0,0.0,0.0,0.0,0.0,0.0,0.0,0.0,0.0,0.0,0.0,0.0,0.0,0.0,0.0,0.0,0.0,7.038E-4,0.0,78030.0,85820.0,71520.0,91560.0,2.41E7,45960.0,41200.0,35970.0,28470.0,43010.0,0.0,3.123E-37,1.1759999999999999E-37,7.659E-37,5.6099999999999996E-37,5.105E-38,2.743E-38,7.695E-40,1.32E-39,1.858E-39,7.416E-40,2.08E-35,0.0,0.3631,0.867,1.766,1.117,0.09243,0.05522,0.002037,0.007985,0.00874,0.001503,0.0,0.0,3.864E-4,7.087E-4,7.222E-4,0.9935,6.134E-4,0.00132,6.859E-4,7.017E-4,0.001323,0.0,0.01866,0.001916,0.002508,0.002535,0.1815,0.00443,5.839E-4,0.001997,4.709E-4,4.692E-4,
0.0,1292.0,128.0,159.3,139.6,0.2831,8.059,0.3056,1.193,0.8822,0.43,0.0,344.1,0.09223,1.401,0.1184,0.1665,0.9129,0.2099,1.554,4.74,6.732,0.0,344.1,0.09223,1.401,0.1184,0.1665,0.9129,0.2099,1.554,4.74,6.732,0.0,0.0,0.0,0.0,0.0,0.0,0.0,0.0,0.0,0.0,0.0,0.0,0.0,171.3,113.5,46.72,1173.0,186.4,3.579,4.554,7.534,6.899,0.0,117.2,12.69,14.14,75.69,31.64,0.1617,0.03273,0.02818,0.03099,0.0343,0.0,0.0,0.0,0.0,0.0,0.0,0.0,0.0,0.0,0.0,0.0,0.0,0.0,0.0,0.0,0.0,0.0,0.0,0.0,0.0,0.0,0.0,0.0,0.0,0.0,0.0,0.0,0.0,0.0,0.0,0.0,0.0,0.0,0.0,0.0,1.0E-4,0.0,78050.0,92860.0,96120.0,62980.0,2.325E7,76980.0,37710.0,31200.0,26750.0,38840.0,0.0,3.123E-37,1.1559999999999999E-37,7.631E-37,5.7739999999999996E-37,3.207E-38,2.401E-38,7.75E-40,1.277E-39,1.709E-39,7.092E-40,2.08E-35,0.0,0.3631,0.8613,1.766,1.148,0.06824,0.05007,0.002444,0.007967,0.008558,0.001357,0.0,0.0,3.94E-4,7.227E-4,7.365E-4,0.9934,6.256E-4,0.001346,6.995E-4,7.156E-4,0.001349,0.0,0.01866,0.001983,0.002715,0.002422,0.1814,0.004282,5.653E-4,0.001963,4.467E-4,4.281E-4,
0.0,1295.0,125.8,158.7,138.1,0.2674,8.149,0.2254,1.224,0.875,0.4422,0.0,344.1,0.09798,1.425,0.128,0.1728,0.8932,0.1888,1.897,4.93,6.19,0.0,344.1,0.09798,1.425,0.128,0.1728,0.8932,0.1888,1.897,4.93,6.19,0.0,0.0,0.0,0.0,0.0,0.0,0.0,0.0,0.0,0.0,0.0,0.0,0.0,172.6,112.7,46.82,1171.0,186.5,3.739,4.98,7.901,7.359,0.0,117.2,13.8,13.74,71.95,32.14,3.788,0.03749,0.03365,0.03639,0.04004,0.0,0.0,0.0,0.0,0.0,0.0,0.0,0.0,0.0,0.0,0.0,0.0,0.0,0.0,0.0,0.0,0.0,0.0,0.0,0.0,0.0,0.0,0.0,0.0,0.0,0.0,0.0,0.0,0.0,0.0,0.0,0.0,0.0,0.0,0.0,1.001E-4,0.0,78180.0,80280.0,86830.0,63980.0,2.262E7,79350.0,41000.0,33930.0,29300.0,42230.0,0.0,3.224E-37,1.129E-37,7.551E-37,5.574E-37,3.285E-38,3.351E-38,7.1E-40,1.2579999999999999E-39,1.628E-39,7.141E-40,2.08E-35,0.0,0.3822,0.8536,1.76,1.126,0.06853,0.06218,0.001915,0.008438,0.007923,0.001769,0.0,0.0,4.365E-4,8.005E-4,8.157E-4,0.9927,6.929E-4,0.001491,7.748E-4,7.927E-4,0.001494,0.0,0.0187,0.001871,0.002638,0.002429,0.1813,0.004273,5.951E-4,0.002001,4.703E-4,4.682E-4,
0.0,1285.0,137.5,156.5,135.0,0.235,14.84,0.3085,0.9193,0.5034,0.2152,0.0,344.1,0.0955,1.41,0.1304,0.1669,0.8889,0.189,1.303,2.231,9.503,0.0,344.1,0.0955,1.41,0.1304,0.1669,0.8889,0.189,1.303,2.231,9.503,0.0,0.0,0.0,0.0,0.0,0.0,0.0,0.0,0.0,0.0,0.0,0.0,0.0,174.4,109.8,50.75,1159.0,187.1,3.993,5.243,8.168,7.609,0.0,114.3,15.12,16.23,70.63,32.15,0.4926,0.04077,0.03694,0.03877,0.04255,0.0,0.0,0.0,0.0,0.0,0.0,0.0,0.0,0.0,0.0,0.0,0.0,0.0,0.0,0.0,0.0,0.0,0.0,0.0,0.0,0.0,0.0,0.0,0.0,0.0,0.0,0.0,0.0,0.0,0.0,0.0,0.0,0.0,0.0,0.0,6.554E-4,0.0,78210.0,82560.0,86470.0,63400.0,2.201E7,81570.0,42030.0,34870.0,30360.0,43360.0,0.0,2.7629999999999998E-37,1.143E-37,7.4329999999999994E-37,5.5029999999999995E-37,2.963E-38,4.131E-38,8.765E-40,7.428E-40,1.007E-39,3.608E-40,2.08E-35,0.0,0.3324,0.9117,1.74,1.127,0.06473,0.0765,0.002226,0.007578,0.006993,8.565E-4,0.0,0.0,4.51E-4,8.271E-4,8.428E-4,0.9925,7.159E-4,0.00154,8.005E-4,8.19E-4,0.001544,0.0,0.01869,0.001907,0.002642,0.002449,0.181,0.004298,6.162E-4,0.002021,4.892E-4,4.881E-4,
0.0,1286.0,137.8,155.6,132.2,0.2505,7.181,0.2262,2.794,0.4888,0.1832,0.0,344.1,0.09727,1.367,0.1346,0.1554,0.4448,0.1886,1.812,2.225,9.493,0.0,344.1,0.09727,1.367,0.1346,0.1554,0.4448,0.1886,1.812,2.225,9.493,0.0,0.0,0.0,0.0,0.0,0.0,0.0,0.0,0.0,0.0,0.0,0.0,0.0,177.5,108.2,52.95,1149.0,182.1,3.973,10.79,8.103,7.486,0.0,114.3,13.59,14.24,80.16,33.7,0.2928,0.04073,0.03817,0.03841,0.04217,0.0,0.0,0.0,0.0,0.0,0.0,0.0,0.0,0.0,0.0,0.0,0.0,0.0,0.0,0.0,0.0,0.0,0.0,0.0,0.0,0.0,0.0,0.0,0.0,0.0,0.0,0.0,0.0,0.0,0.0,0.0,0.0,0.0,0.0,0.0,1.001E-4,0.0,78340.0,82180.0,80410.0,63920.0,2.22E7,75390.0,41880.0,38050.0,29860.0,43140.0,0.0,2.819E-37,1.223E-37,7.289E-37,5.502E-37,3.435E-38,2.552E-38,6.825E-40,1.894E-39,9.717E-40,3.402E-40,2.08E-35,0.0,0.3494,0.9177,1.714,1.144,0.07051,0.04084,0.001933,0.01974,0.006892,6.445E-4,0.0,0.0,4.51E-4,8.271E-4,8.428E-4,0.9925,7.159E-4,0.00154,8.005E-4,8.19E-4,0.001544,0.0,0.01871,0.001903,0.002596,0.00245,0.1809,0.00411,6.238E-4,0.002217,4.883E-4,4.851E-4,
0.0,1287.0,137.3,151.8,124.0,0.2823,13.92,0.335,1.815,0.4816,0.2454,0.0,344.1,0.09825,1.371,0.1208,0.1549,0.4392,0.1894,1.819,2.06,9.661,0.0,344.1,0.09825,1.371,0.1208,0.1549,0.4392,0.1894,1.819,2.06,9.661,0.0,0.0,0.0,0.0,0.0,0.0,0.0,0.0,0.0,0.0,0.0,0.0,0.0,179.9,109.0,52.81,1142.0,182.5,3.946,10.85,8.098,7.48,0.0,114.3,13.46,12.63,81.41,31.96,7.537,0.04071,0.03684,0.03844,0.04221,0.0,0.0,0.0,0.0,0.0,0.0,0.0,0.0,0.0,0.0,0.0,0.0,0.0,0.0,0.0,0.0,0.0,0.0,0.0,0.0,0.0,0.0,0.0,0.0,0.0,0.0,0.0,0.0,0.0,0.0,0.0,0.0,0.0,0.0,0.0,1.0E-4,0.0,78370.0,81740.0,78810.0,60860.0,2.308E7,78660.0,43170.0,38500.0,30550.0,44470.0,0.0,2.82E-37,1.243E-37,7.1489999999999995E-37,5.281E-37,2.952E-38,5.279E-38,8.811E-40,1.358E-39,9.391E-40,7.851E-40,2.08E-35,0.0,0.3551,0.9058,1.697,1.122,0.06433,0.09036,0.002223,0.01313,0.006835,0.00142,0.0,0.0,4.51E-4,8.271E-4,8.428E-4,0.9925,7.159E-4,0.00154,8.005E-4,8.19E-4,0.001544,0.0,0.01872,0.001922,0.002544,0.002438,0.1809,0.004133,6.166E-4,0.002227,4.824E-4,4.966E-4,
0.0,1289.0,137.1,154.6,151.2,0.6621,8.478,0.2101,1.877,0.5034,0.2538,0.0,344.1,0.0952,1.376,0.1124,0.1603,0.4117,0.1863,1.378,2.095,10.1,0.0,344.1,0.0952,1.376,0.1124,0.1603,0.4117,0.1863,1.378,2.095,10.1,0.0,0.0,0.0,0.0,0.0,0.0,0.0,0.0,0.0,0.0,0.0,0.0,0.0,181.5,109.4,53.0,1133.0,182.1,3.903,11.11,8.075,7.441,0.0,114.4,12.73,13.16,60.88,32.85,0.2207,0.04071,0.03701,0.03892,0.04263,0.0,0.0,0.0,0.0,0.0,0.0,0.0,0.0,0.0,0.0,0.0,0.0,0.0,0.0,0.0,0.0,0.0,0.0,0.0,0.0,0.0,0.0,0.0,0.0,0.0,0.0,0.0,0.0,0.0,0.0,0.0,0.0,0.0,0.0,0.0,4.899E-4,0.0,78490.0,81160.0,80150.0,61130.0,2.44E7,80020.0,45320.0,39890.0,31920.0,46650.0,0.0,2.977E-37,1.213E-37,7.081E-37,5.332E-37,3.325E-38,2.795E-38,6.669E-40,1.406E-39,9.645E-40,7.154E-40,2.08E-35,0.0,0.3878,0.898,1.694,1.137,0.0706,0.04456,0.001826,0.0135,0.006917,0.001444,0.0,0.0,4.51E-4,8.271E-4,8.428E-4,0.9925,7.159E-4,0.00154,8.005E-4,8.19E-4,0.001544,0.0,0.01875,0.001912,0.002553,0.002414,0.181,0.004076,6.118E-4,0.002269,4.885E-4,4.877E-4,
0.0,1289.0,139.4,153.4,159.5,0.6508,7.777,0.2101,2.017,0.6277,0.3303,0.0,344.1,0.2089,1.254,0.1143,0.1557,0.4044,0.1863,1.806,1.669,10.1,0.0,344.1,0.2089,1.254,0.1143,0.1557,0.4044,0.1863,1.806,1.669,10.1,0.0,0.0,0.0,0.0,0.0,0.0,0.0,0.0,0.0,0.0,0.0,0.0,0.0,179.6,115.9,51.73,1140.0,182.4,3.914,11.12,8.102,7.447,0.0,114.4,11.55,12.88,52.64,32.5,0.2321,0.04072,0.03729,0.03962,0.04335,0.0,0.0,0.0,0.0,0.0,0.0,0.0,0.0,0.0,0.0,0.0,0.0,0.0,0.0,0.0,0.0,0.0,0.0,0.0,0.0,0.0,0.0,0.0,0.0,0.0,0.0,0.0,0.0,0.0,0.0,0.0,0.0,0.0,0.0,0.0,1.001E-4,0.0,78610.0,81250.0,81440.0,61820.0,2.597E7,84070.0,48070.0,41390.0,33780.0,49370.0,0.0,3.004E-37,1.667E-37,6.463E-37,5.342E-37,3.097E-38,2.66E-38,6.5329999999999996E-40,1.6479999999999998E-39,1.2779999999999999E-39,8.304E-40,2.08E-35,0.0,0.3934,0.9531,1.623,1.143,0.0677,0.04251,0.001826,0.0139,0.007451,0.00168,0.0,0.0,4.51E-4,8.271E-4,8.428E-4,0.9925,7.159E-4,0.00154,8.005E-4,8.19E-4,0.001544,0.0,0.01877,0.001966,0.002512,0.002396,0.181,0.00407,6.118E-4,0.002273,4.861E-4,4.878E-4,
0.0,1290.0,127.7,162.9,164.8,0.7895,7.732,0.2093,2.016,0.6277,0.3281,0.0,344.1,0.166,1.299,0.1138,0.1584,0.4046,0.1855,1.807,1.711,10.05,0.0,344.1,0.166,1.299,0.1138,0.1584,0.4046,0.1855,1.807,1.711,10.05,0.0,0.0,0.0,0.0,0.0,0.0,0.0,0.0,0.0,0.0,0.0,0.0,0.0,178.1,118.2,51.56,1140.0,182.7,3.9,11.1,8.088,7.433,0.0,114.4,13.1,12.63,45.13,32.86,1.416,0.04079,0.03771,0.04079,0.04444,0.0,0.0,0.0,0.0,0.0,0.0,0.0,0.0,0.0,0.0,0.0,0.0,0.0,0.0,0.0,0.0,0.0,0.0,0.0,0.0,0.0,0.0,0.0,0.0,0.0,0.0,0.0,0.0,0.0,0.0,0.0,0.0,0.0,0.0,0.0,1.0E-4,0.0,78740.0,82620.0,84760.0,64310.0,2.766E7,87570.0,51070.0,43140.0,35710.0,52370.0,0.0,3.0499999999999998E-37,1.459E-37,6.601E-37,5.17E-37,3.601E-38,3.086E-38,6.419E-40,1.629E-39,1.253E-39,7.968E-40,2.08E-35,0.0,0.4014,0.8839,1.68,1.127,0.07601,0.05017,0.001818,0.0139,0.007465,0.001664,0.0,0.0,4.51E-4,8.271E-4,8.428E-4,0.9925,7.159E-4,0.00154,8.005E-4,8.19E-4,0.001544,0.0,0.0188,0.001963,0.002525,0.00238,0.1808,0.004032,6.134E-4,0.002273,4.858E-4,4.885E-4,
0.0,1295.0,113.9,175.0,163.4,0.7625,10.6,0.2148,1.988,0.6268,0.33,0.0,344.1,0.1459,1.341,0.1042,0.1581,0.3959,0.1861,1.8,1.711,10.05,0.0,344.1,0.1459,1.341,0.1042,0.1581,0.3959,0.1861,1.8,1.711,10.05,0.0,0.0,0.0,0.0,0.0,0.0,0.0,0.0,0.0,0.0,0.0,0.0,0.0,182.0,116.0,52.03,1142.0,182.5,3.946,10.94,8.095,7.457,0.0,114.4,14.46,10.28,41.43,33.36,0.5478,0.04072,0.0381,0.04223,0.04577,0.0,0.0,0.0,0.0,0.0,0.0,0.0,0.0,0.0,0.0,0.0,0.0,0.0,0.0,0.0,0.0,0.0,0.0,0.0,0.0,0.0,0.0,0.0,0.0,0.0,0.0,0.0,0.0,0.0,0.0,0.0,0.0,0.0,0.0,0.0,4.162E-4,0.0,78930.0,84280.0,86480.0,65780.0,2.952E7,92500.0,54330.0,45060.0,37880.0,55630.0,0.0,3.2549999999999997E-37,1.208E-37,6.8149999999999994E-37,4.902E-37,3.591E-38,3.229E-38,6.321E-40,1.5939999999999998E-39,1.219E-39,7.131E-40,2.08E-35,0.0,0.4436,0.8089,1.748,1.085,0.07588,0.05538,0.001861,0.01371,0.007468,0.001685,0.0,0.0,4.51E-4,8.271E-4,8.428E-4,0.9925,7.159E-4,0.00154,8.005E-4,8.19E-4,0.001544,0.0,0.01885,0.001986,0.002479,0.002344,0.1808,0.004037,6.135E-4,0.002268,4.851E-4,4.882E-4,
0.0,1295.0,113.6,176.4,162.0,0.7281,10.27,0.2148,1.986,0.6265,0.3265,0.0,344.1,0.1073,1.348,0.1249,0.1573,0.4031,0.185,1.799,1.77,9.993,0.0,344.1,0.1073,1.348,0.1249,0.1573,0.4031,0.185,1.799,1.77,9.993,0.0,0.0,0.0,0.0,0.0,0.0,0.0,0.0,0.0,0.0,0.0,0.0,0.0,197.5,104.3,42.83,1140.0,191.6,3.954,10.92,8.135,7.456,0.0,114.4,15.35,13.39,38.2,32.26,0.5483,0.04076,0.03883,0.04408,0.04764,0.0,0.0,0.0,0.0,0.0,0.0,0.0,0.0,0.0,0.0,0.0,0.0,0.0,0.0,0.0,0.0,0.0,0.0,0.0,0.0,0.0,0.0,0.0,0.0,0.0,0.0,0.0,0.0,0.0,0.0,0.0,0.0,0.0,0.0,0.0,1.0E-4,0.0,78970.0,86280.0,89270.0,67630.0,3.141E7,95900.0,57700.0,47060.0,40100.0,58980.0,0.0,3.2549999999999997E-37,1.15E-37,6.786E-37,4.92E-37,3.318E-38,3.207E-38,6.195E-40,1.5719999999999998E-39,1.187E-39,6.676E-40,2.08E-35,0.0,0.4436,0.8074,1.74,1.093,0.07117,0.0543,0.001861,0.0137,0.007468,0.001683,0.0,0.0,4.51E-4,8.271E-4,8.428E-4,0.9925,7.159E-4,0.00154,8.005E-4,8.19E-4,0.001544,0.0,0.01885,0.002019,0.002453,0.0023,0.1807,0.004058,6.137E-4,0.002266,4.853E-4,4.867E-4,
0.0,1299.0,111.4,171.7,163.8,0.191,13.86,0.2155,1.985,0.6318,0.7161,0.0,344.1,0.1458,1.309,0.1189,0.1573,0.401,0.1847,1.797,1.973,9.799,0.0,344.1,0.1458,1.309,0.1189,0.1573,0.401,0.1847,1.797,1.973,9.799,0.0,0.0,0.0,0.0,0.0,0.0,0.0,0.0,0.0,0.0,0.0,0.0,0.0,200.4,100.2,45.98,1135.0,193.6,3.925,10.89,8.107,7.427,0.0,119.3,15.85,10.75,31.09,32.79,0.4919,0.0407,0.03841,0.04293,0.4501,0.0,0.0,0.0,0.0,0.0,0.0,0.0,0.0,0.0,0.0,0.0,0.0,0.0,0.0,0.0,0.0,0.0,0.0,0.0,0.0,0.0,0.0,0.0,0.0,0.0,0.0,0.0,0.0,0.0,0.0,0.0,0.0,0.0,0.0,0.0,1.0E-4,0.0,79880.0,87120.0,89930.0,66860.0,3.107E7,98170.0,57690.0,47520.0,40590.0,58990.0,0.0,3.505E-37,1.2879999999999999E-37,6.423E-37,4.708E-37,3.318E-38,3.951E-38,6.074E-40,1.552E-39,1.158E-39,3.649E-39,2.08E-35,0.0,0.4903,0.8323,1.666,1.059,0.07117,0.08,0.001866,0.01369,0.007473,0.006015,0.0,0.0,4.51E-4,8.271E-4,8.428E-4,0.9925,7.159E-4,0.00154,8.005E-4,8.19E-4,0.001544,0.0,0.01888,0.002005,0.002412,0.002275,0.1806,0.004081,6.146E-4,0.002264,4.895E-4,4.966E-4,
0.0,1299.0,106.7,177.3,173.3,0.1872,7.269,0.533,1.666,0.6581,0.9087,0.0,344.2,0.1002,1.363,0.1209,0.1573,0.3856,0.3269,1.653,2.456,9.317,0.0,344.2,0.1002,1.363,0.1209,0.1573,0.3856,0.3269,1.653,2.456,9.317,0.0,0.0,0.0,0.0,0.0,0.0,0.0,0.0,0.0,0.0,0.0,0.0,0.0,203.1,99.66,41.89,1132.0,198.4,3.911,10.87,8.093,7.413,0.0,119.3,15.65,10.26,27.37,32.8,0.4083,0.04057,0.03766,0.04083,0.2345,0.0,0.0,0.0,0.0,0.0,0.0,0.0,0.0,0.0,0.0,0.0,0.0,0.0,0.0,0.0,0.0,0.0,0.0,0.0,0.0,0.0,0.0,0.0,0.0,0.0,0.0,0.0,0.0,0.0,0.0,0.0,0.0,0.0,0.0,0.0,8.916E-4,0.0,80080.0,85550.0,86870.0,63600.0,2.951E7,91930.0,59720.0,40330.0,38360.0,55830.0,0.0,3.505E-37,1.077E-37,6.587999999999999E-37,4.812E-37,3.318E-38,2.669E-38,7.539E-40,1.3729999999999999E-39,1.133E-39,3.625E-39,2.08E-35,0.0,0.4904,0.787,1.708,1.092,0.07117,0.04503,0.004007,0.01151,0.007518,0.006008,0.0,0.0,4.51E-4,8.271E-4,8.428E-4,0.9925,7.159E-4,0.00154,8.005E-4,8.19E-4,0.001544,0.0,0.01892,0.00199,0.002405,0.002266,0.1805,0.00405,0.001664,0.001214,4.917E-4,4.924E-4,
0.0,1296.0,120.5,163.8,175.9,0.2119,5.903,0.5331,1.65,0.4674,1.347,0.0,344.2,0.1495,1.302,0.2272,0.1633,1.069,0.3283,1.254,2.544,8.839,0.0,344.2,0.1495,1.302,0.2272,0.1633,1.069,0.3283,1.254,2.544,8.839,0.0,0.0,0.0,0.0,0.0,0.0,0.0,0.0,0.0,0.0,0.0,0.0,0.0,198.8,96.83,40.32,1122.0,216.9,3.712,10.02,5.508,5.181,0.0,117.8,15.33,11.17,29.53,32.74,0.2488,0.04031,0.03593,0.03596,0.1336,0.0,0.0,0.0,0.0,0.0,0.0,0.0,0.0,0.0,0.0,0.0,0.0,0.0,0.0,0.0,0.0,0.0,0.0,0.0,0.0,0.0,0.0,0.0,0.0,0.0,0.0,0.0,0.0,0.0,0.0,0.0,0.0,0.0,0.0,0.0,7.095E-4,0.0,80220.0,82520.0,86500.0,62490.0,2.93E7,89170.0,58880.0,39850.0,37810.0,54780.0,0.0,3.266E-37,1.561E-37,6.211E-37,4.886E-37,3.512E-38,2.211E-38,7.356E-40,1.36E-39,6.771E-40,4.318E-39,2.08E-35,0.0,0.466,0.8788,1.621,1.113,0.07348,0.03976,0.004012,0.01151,0.00688,0.007145,0.0,0.0,4.51E-4,8.271E-4,8.428E-4,0.9925,7.159E-4,0.00154,8.005E-4,8.19E-4,0.001544,0.0,0.01893,0.001954,0.002385,0.002282,0.1807,0.004084,0.001665,0.00121,4.992E-4,4.874E-4,
0.0,1299.0,108.1,173.9,176.9,1.809,7.394,0.6009,1.674,0.5057,1.429,0.0,344.2,0.1119,1.359,0.2317,0.1682,1.148,0.2594,1.238,2.173,9.174,0.0,344.2,0.1119,1.359,0.2317,0.1682,1.148,0.2594,1.238,2.173,9.174,0.0,0.0,0.0,0.0,0.0,0.0,0.0,0.0,0.0,0.0,0.0,0.0,0.0,198.8,103.3,40.47,1113.0,208.4,3.769,10.64,7.111,6.797,0.0,117.8,11.61,10.8,24.26,32.18,3.342,0.1726,0.06902,0.07727,0.1465,0.0,0.0,0.0,0.0,0.0,0.0,0.0,0.0,0.0,0.0,0.0,0.0,0.0,0.0,0.0,0.0,0.0,0.0,0.0,0.0,0.0,0.0,0.0,0.0,0.0,0.0,0.0,0.0,0.0,0.0,0.0,0.0,0.0,0.0,0.0,5.884E-4,0.0,80390.0,82330.0,86300.0,62620.0,2.991E7,89120.0,59690.0,40350.0,38340.0,55710.0,0.0,3.333E-37,1.0219999999999999E-37,6.2829999999999995E-37,4.848E-37,3.572E-38,2.683E-38,9.488E-40,1.417E-39,7.634E-40,4.4299999999999996E-39,2.08E-35,0.0,0.4821,0.7751,1.683,1.109,0.0779,0.0552,0.004695,0.0117,0.007155,0.007481,0.0,0.0,4.51E-4,8.271E-4,8.428E-4,0.9925,7.159E-4,0.00154,8.005E-4,8.19E-4,0.001544,0.0,0.01896,0.001938,0.00239,0.002255,0.1808,0.004037,0.001671,0.001215,5.062E-4,4.952E-4,
0.0,1300.0,107.7,173.0,184.3,1.822,5.654,0.9254,1.638,0.5069,1.444,0.0,344.2,0.1363,1.328,0.2382,0.1699,1.079,0.2794,1.561,1.888,9.174,0.0,344.2,0.1363,1.328,0.2382,0.1699,1.079,0.2794,1.561,1.888,9.174,0.0,0.0,0.0,0.0,0.0,0.0,0.0,0.0,0.0,0.0,0.0,0.0,0.0,204.0,108.8,41.75,1121.0,196.0,4.556,10.86,9.351,9.05,0.0,117.8,11.6,10.08,21.28,32.16,0.09611,0.04054,0.03602,0.03596,0.07799,0.0,0.0,0.0,0.0,0.0,0.0,0.0,0.0,0.0,0.0,0.0,0.0,0.0,0.0,0.0,0.0,0.0,0.0,0.0,0.0,0.0,0.0,0.0,0.0,0.0,0.0,0.0,0.0,0.0,0.0,0.0,0.0,0.0,0.0,0.0,5.143E-4,0.0,80460.0,82130.0,85810.0,63600.0,3.102E7,89250.0,61740.0,41200.0,39770.0,57390.0,0.0,3.345E-37,1.087E-37,6.162E-37,4.863E-37,3.38E-38,2.09E-38,1.478E-39,1.494E-39,7.3289999999999995E-40,4.382E-39,2.08E-35,0.0,0.4875,0.7834,1.66,1.123,0.07559,0.03813,0.005709,0.01109,0.007068,0.007302,0.0,0.0,4.51E-4,8.271E-4,8.428E-4,0.9925,7.159E-4,0.00154,8.005E-4,8.19E-4,0.001544,0.0,0.01897,0.001937,0.002383,0.002258,0.1806,0.003973,0.001694,0.0012,5.149E-4,5.024E-4,
0.0,1311.0,107.0,170.3,179.2,1.809,5.383,1.688,1.932,0.2913,1.849,0.0,344.2,0.1423,1.33,0.2317,0.1714,1.057,0.2825,1.67,1.791,9.162,0.0,344.2,0.1423,1.33,0.2317,0.1714,1.057,0.2825,1.67,1.791,9.162,0.0,0.0,0.0,0.0,0.0,0.0,0.0,0.0,0.0,0.0,0.0,0.0,0.0,205.6,116.1,40.87,1125.0,192.6,4.608,11.19,10.02,9.766,0.0,117.8,12.08,9.733,16.22,32.14,0.09519,0.04096,0.03621,0.03619,0.0464,0.0,0.0,0.0,0.0,0.0,0.0,0.0,0.0,0.0,0.0,0.0,0.0,0.0,0.0,0.0,0.0,0.0,0.0,0.0,0.0,0.0,0.0,0.0,0.0,0.0,0.0,0.0,0.0,0.0,0.0,0.0,0.0,0.0,0.0,0.0,1.0E-4,0.0,80770.0,82690.0,87730.0,64970.0,3.242E7,90980.0,63920.0,42940.0,40470.0,59610.0,0.0,3.554E-37,1.0629999999999999E-37,5.99E-37,4.7419999999999995E-37,3.37E-38,2.033E-38,3.265E-39,1.796E-39,5.885E-40,5.116E-39,2.08E-35,0.0,0.5465,0.7823,1.62,1.091,0.07546,0.03807,0.008731,0.01577,0.002651,0.008658,0.0,0.0,4.51E-4,8.271E-4,8.428E-4,0.9925,7.159E-4,0.00154,8.005E-4,8.19E-4,0.001544,0.0,0.0191,0.001918,0.002379,0.002212,0.1806,0.003873,0.001703,0.001323,3.866E-4,5.028E-4,
0.0,1307.0,115.5,178.0,161.5,0.7545,8.633,2.822,0.7903,0.2941,1.327,0.0,344.2,0.1567,1.316,0.2408,0.1694,1.032,0.5584,1.383,1.685,9.282,0.0,344.2,0.1567,1.316,0.2408,0.1694,1.032,0.5584,1.383,1.685,9.282,0.0,0.0,0.0,0.0,0.0,0.0,0.0,0.0,0.0,0.0,0.0,0.0,0.0,205.6,115.3,45.71,1124.0,192.8,10.49,5.012,10.12,9.768,0.0,116.6,12.95,12.06,23.52,24.79,0.09469,0.02969,0.03049,0.03037,0.03039,0.0,0.0,0.0,0.0,0.0,0.0,0.0,0.0,0.0,0.0,0.0,0.0,0.0,0.0,0.0,0.0,0.0,0.0,0.0,0.0,0.0,0.0,0.0,0.0,0.0,0.0,0.0,0.0,0.0,0.0,0.0,0.0,0.0,0.0,0.0,3.78E-4,0.0,80840.0,107300.0,86010.0,49330.0,3.327E7,99580.0,59230.0,32980.0,35400.0,50260.0,0.0,3.365E-37,1.106E-37,5.858E-37,4.677E-37,2.969E-38,2.97E-38,3.831E-39,1.1929999999999999E-39,5.779E-40,3.39E-39,2.08E-35,0.0,0.5206,0.8383,1.585,1.078,0.06875,0.05415,0.01637,0.008081,0.002616,0.006087,0.0,0.0,0.001253,5.078E-4,1.346E-4,0.9937,7.935E-4,0.001194,6.207E-4,6.35E-4,0.001197,0.0,0.01912,0.001981,0.002283,0.00216,0.1806,0.003858,0.00235,5.908E-4,3.615E-4,4.484E-4,
0.0,1307.0,111.6,175.7,162.2,0.1881,12.25,2.834,0.7847,0.2731,1.307,0.0,344.2,0.1162,1.329,0.2161,0.1542,1.141,0.5593,1.375,1.685,9.236,0.0,344.2,0.1162,1.329,0.2161,0.1542,1.141,0.5593,1.375,1.685,9.236,0.0,0.0,0.0,0.0,0.0,0.0,0.0,0.0,0.0,0.0,0.0,0.0,0.0,198.9,122.5,42.28,1103.0,216.3,10.57,2.886,4.85,4.337,0.0,116.6,13.79,10.61,24.49,25.35,0.09489,0.03004,0.03062,0.03025,0.02999,0.0,0.0,0.0,0.0,0.0,0.0,0.0,0.0,0.0,0.0,0.0,0.0,0.0,0.0,0.0,0.0,0.0,0.0,0.0,0.0,0.0,0.0,0.0,0.0,0.0,0.0,0.0,0.0,0.0,0.0,0.0,0.0,0.0,0.0,0.0,9.393E-4,0.0,80940.0,105500.0,84000.0,47150.0,3.071E7,98140.0,56380.0,31250.0,33780.0,47240.0,0.0,3.365E-37,1.023E-37,5.75E-37,4.647E-37,2.966E-38,4.123E-38,3.851E-39,1.169E-39,5.559E-40,3.361E-39,2.08E-35,0.0,0.5206,0.8165,1.575,1.078,0.06872,0.07364,0.01643,0.008118,0.002551,0.006067,0.0,0.0,0.001268,5.14E-4,1.363E-4,0.9936,8.03E-4,0.001209,6.282E-4,6.427E-4,0.001211,0.0,0.01915,0.001954,0.002302,0.002131,0.1804,0.003868,0.002354,5.857E-4,3.473E-4,4.281E-4,
0.0,1304.0,114.0,179.9,165.2,0.1288,6.269,2.811,0.7683,0.2257,1.257,0.0,344.2,0.1229,1.504,0.2089,0.1537,0.9651,0.5573,1.376,1.684,9.239,0.0,344.2,0.1229,1.504,0.2089,0.1537,0.9651,0.5573,1.376,1.684,9.239,0.0,0.0,0.0,0.0,0.0,0.0,0.0,0.0,0.0,0.0,0.0,0.0,0.0,203.7,117.7,40.34,1095.0,221.4,10.7,3.213,5.581,5.075,0.0,115.8,14.55,10.46,23.8,25.37,0.08364,0.02997,0.0306,0.03009,0.02972,0.0,0.0,0.0,0.0,0.0,0.0,0.0,0.0,0.0,0.0,0.0,0.0,0.0,0.0,0.0,0.0,0.0,0.0,0.0,0.0,0.0,0.0,0.0,0.0,0.0,0.0,0.0,0.0,0.0,0.0,0.0,0.0,0.0,0.0,0.0,5.91E-4,0.0,81000.0,107100.0,83590.0,46400.0,2.943E7,99680.0,56670.0,31540.0,34230.0,47670.0,0.0,3.203E-37,1.05E-37,5.8099999999999995E-37,4.682E-37,2.955E-38,2.381E-38,3.7909999999999996E-39,1.0939999999999999E-39,4.054E-40,3.199E-39,2.08E-35,0.0,0.4956,0.8378,1.592,1.091,0.06854,0.04476,0.01629,0.008059,0.002322,0.005818,0.0,0.0,0.001345,5.453E-4,1.446E-4,0.9932,8.52E-4,0.001283,6.665E-4,6.819E-4,0.001285,0.0,0.0192,0.00196,0.00229,0.002126,0.1803,0.003849,0.002338,5.995E-4,3.557E-4,4.406E-4,
0.0,1304.0,104.5,184.3,166.0,5.084,5.893,2.345,0.7782,0.2266,1.554,0.0,344.2,0.1005,1.531,0.2182,0.1582,0.9388,0.5618,1.379,1.742,9.179,0.0,344.2,0.1005,1.531,0.2182,0.1582,0.9388,0.5618,1.379,1.742,9.179,0.0,0.0,0.0,0.0,0.0,0.0,0.0,0.0,0.0,0.0,0.0,0.0,0.0,205.3,118.9,41.02,1082.0,214.8,11.13,3.704,6.846,6.386,0.0,115.8,15.21,10.17,23.11,25.42,0.08204,0.0299,0.0306,0.03009,0.03062,0.0,0.0,0.0,0.0,0.0,0.0,0.0,0.0,0.0,0.0,0.0,0.0,0.0,0.0,0.0,0.0,0.0,0.0,0.0,0.0,0.0,0.0,0.0,0.0,0.0,0.0,0.0,0.0,0.0,0.0,0.0,0.0,0.0,0.0,0.0,5.708E-4,0.0,81060.0,105400.0,83010.0,45620.0,2.824E7,96740.0,56790.0,31800.0,34380.0,47820.0,0.0,3.203E-37,9.492E-38,5.882E-37,4.651E-37,3.067E-38,2.284E-38,2.695E-39,1.098E-39,4.085E-40,4.063E-39,2.08E-35,0.0,0.4956,0.7721,1.615,1.096,0.1067,0.0431,0.01433,0.008174,0.002244,0.00829,0.0,0.0,0.001407,5.705E-4,1.512E-4,0.9929,8.913E-4,0.001342,6.973E-4,7.133E-4,0.001344,0.0,0.01921,0.001945,0.002295,0.00211,0.1799,0.003808,0.00236,6.011E-4,3.58E-4,4.636E-4,
0.0,1306.0,111.4,178.0,157.6,5.142,8.186,2.348,0.7717,0.2336,1.249,0.0,344.2,0.1517,1.488,0.2093,0.1539,0.9304,0.5645,1.381,1.746,9.179,0.0,344.2,0.1517,1.488,0.2093,0.1539,0.9304,0.5645,1.381,1.746,9.179,0.0,0.0,0.0,0.0,0.0,0.0,0.0,0.0,0.0,0.0,0.0,0.0,0.0,219.2,109.2,38.9,1082.0,212.5,11.32,3.894,7.395,6.935,0.0,115.8,13.37,6.094,33.52,23.38,0.08051,0.02987,0.0306,0.03,0.02983,0.0,0.0,0.0,0.0,0.0,0.0,0.0,0.0,0.0,0.0,0.0,0.0,0.0,0.0,0.0,0.0,0.0,0.0,0.0,0.0,0.0,0.0,0.0,0.0,0.0,0.0,0.0,0.0,0.0,0.0,0.0,0.0,0.0,0.0,0.0,5.376E-4,0.0,81200.0,107800.0,75710.0,46760.0,2.729E7,91540.0,56420.0,31880.0,34000.0,47490.0,0.0,3.271E-37,1.085E-37,5.746E-37,4.49E-37,2.721E-38,2.9509999999999997E-38,2.685E-39,1.077E-39,4.049E-40,3.079E-39,2.08E-35,0.0,0.5084,0.8147,1.571,1.078,0.09542,0.05523,0.01435,0.008119,0.002298,0.006462,0.0,0.0,0.00144,5.839E-4,1.548E-4,0.9927,9.123E-4,0.001373,7.137E-4,7.302E-4,0.001376,0.0,0.01926,0.001975,0.002259,0.002052,0.1794,0.003771,0.002367,5.946E-4,3.65E-4,4.685E-4,
0.0,1311.0,109.5,177.9,153.3,0.4058,9.19,2.345,0.7925,0.243,1.243,0.0,344.2,0.117,1.507,0.2098,0.1524,0.505,0.5535,1.376,2.277,9.103,0.0,344.2,0.117,1.507,0.2098,0.1524,0.505,0.5535,1.376,2.277,9.103,0.0,0.0,0.0,0.0,0.0,0.0,0.0,0.0,0.0,0.0,0.0,0.0,0.0,219.6,106.2,44.71,1087.0,215.7,12.07,3.434,5.236,3.573,0.0,115.8,12.65,6.343,31.85,28.25,0.8022,0.0302,0.03078,0.03028,0.02978,0.0,0.0,0.0,0.0,0.0,0.0,0.0,0.0,0.0,0.0,0.0,0.0,0.0,0.0,0.0,0.0,0.0,0.0,0.0,0.0,0.0,0.0,0.0,0.0,0.0,0.0,0.0,0.0,0.0,0.0,0.0,0.0,0.0,0.0,0.0,1.0E-4,0.0,81410.0,110400.0,79730.0,47350.0,2.646E7,93490.0,59290.0,33580.0,35530.0,50220.0,0.0,3.453E-37,1.004E-37,5.666E-37,4.366E-37,2.851E-38,3.189E-38,2.739E-39,1.095E-39,4.27E-40,3.038E-39,2.08E-35,0.0,0.5386,0.7947,1.577,1.045,0.09723,0.06028,0.01435,0.008352,0.002172,0.006422,0.0,0.0,0.001604,6.504E-4,1.724E-4,0.9919,0.001016,0.00153,7.95E-4,8.133E-4,0.001533,0.0,0.01934,0.001967,0.002229,0.002075,0.1792,0.003748,0.002397,5.956E-4,3.772E-4,4.902E-4,
0.0,1311.0,105.2,181.6,158.9,0.2586,6.616,2.502,0.827,0.2062,1.259,0.0,344.2,0.09342,1.538,0.2084,0.1487,0.5008,0.5663,1.392,2.246,9.105,0.0,344.2,0.09342,1.538,0.2084,0.1487,0.5008,0.5663,1.392,2.246,9.105,0.0,0.0,0.0,0.0,0.0,0.0,0.0,0.0,0.0,0.0,0.0,0.0,0.0,224.7,102.8,42.03,1094.0,211.3,10.03,3.82,6.362,3.681,0.0,115.8,12.35,6.514,28.66,28.68,0.2546,0.3397,0.1194,0.04261,0.04251,0.0,0.0,0.0,0.0,0.0,0.0,0.0,0.0,0.0,0.0,0.0,0.0,0.0,0.0,0.0,0.0,0.0,0.0,0.0,0.0,0.0,0.0,0.0,0.0,0.0,0.0,0.0,0.0,0.0,0.0,0.0,0.0,0.0,0.0,0.0,7.164E-4,0.0,81530.0,114000.0,72830.0,51650.0,2.556E7,93750.0,54400.0,28950.0,31470.0,45390.0,0.0,3.471E-37,9.172E-38,5.714E-37,4.413E-37,2.811E-38,2.246E-38,3.928E-39,1.374E-39,3.664E-40,2.993E-39,2.08E-35,0.0,0.5428,0.7623,1.605,1.056,0.09528,0.04609,0.01683,0.008988,0.002117,0.006397,0.0,0.0,0.001604,6.504E-4,1.724E-4,0.9919,0.001016,0.00153,7.95E-4,8.133E-4,0.001533,0.0,0.01937,0.002,0.002156,0.002094,0.1794,0.003723,0.002366,5.633E-4,3.514E-4,4.633E-4,
0.0,1311.0,104.6,181.8,163.5,0.2518,6.56,2.147,0.7367,0.2188,1.26,0.0,344.2,0.09,1.535,0.2094,0.1502,0.4962,0.5679,1.391,2.249,9.105,0.0,344.2,0.09,1.535,0.2094,0.1502,0.4962,0.5679,1.391,2.249,9.105,0.0,0.0,0.0,0.0,0.0,0.0,0.0,0.0,0.0,0.0,0.0,0.0,0.0,223.1,107.3,40.6,1099.0,206.5,10.44,4.698,7.483,4.314,0.0,115.8,12.59,5.944,33.52,20.41,0.1329,0.06529,0.03002,0.01931,0.01838,0.0,0.0,0.0,0.0,0.0,0.0,0.0,0.0,0.0,0.0,0.0,0.0,0.0,0.0,0.0,0.0,0.0,0.0,0.0,0.0,0.0,0.0,0.0,0.0,0.0,0.0,0.0,0.0,0.0,0.0,0.0,0.0,0.0,0.0,0.0,6.435E-4,0.0,81590.0,120000.0,72060.0,37430.0,2.552E7,97050.0,56820.0,31670.0,33840.0,47820.0,0.0,3.471E-37,9.027E-38,5.675E-37,4.448E-37,2.492E-38,2.196E-38,2.7499999999999998E-39,1.291E-39,3.625E-40,2.961E-39,2.08E-35,0.0,0.5428,0.7581,1.602,1.068,0.08937,0.04546,0.01497,0.008745,0.002303,0.006389,0.0,0.0,0.001604,6.504E-4,1.724E-4,0.9919,0.001016,0.00153,7.95E-4,8.133E-4,0.001533,0.0,0.01939,0.002035,0.002186,0.001976,0.1793,0.003716,0.00239,5.991E-4,3.716E-4,4.887E-4,
0.0,1303.0,108.6,188.2,163.3,0.1977,7.111,2.14,0.5231,0.215,0.8,0.0,344.2,0.09027,1.604,0.1357,0.1527,0.5489,0.5467,1.368,2.252,9.095,0.0,344.2,0.09027,1.604,0.1357,0.1527,0.5489,0.5467,1.368,2.252,9.095,0.0,0.0,0.0,0.0,0.0,0.0,0.0,0.0,0.0,0.0,0.0,0.0,0.0,234.7,106.5,41.22,1093.0,202.4,10.21,6.085,10.09,4.968,0.0,113.5,13.23,6.941,31.65,20.37,0.286,0.03341,0.07935,0.01802,0.2023,0.0,0.0,0.0,0.0,0.0,0.0,0.0,0.0,0.0,0.0,0.0,0.0,0.0,0.0,0.0,0.0,0.0,0.0,0.0,0.0,0.0,0.0,0.0,0.0,0.0,0.0,0.0,0.0,0.0,0.0,0.0,0.0,0.0,0.0,0.0,1.0E-4,0.0,81550.0,133000.0,93290.0,35990.0,2.595E7,96950.0,53490.0,29170.0,31500.0,46130.0,0.0,3.018E-37,8.946E-38,5.594E-37,4.4179999999999996E-37,3.0589999999999997E-38,2.41E-38,2.74E-39,1.113E-39,3.983E-40,2.43E-39,2.08E-35,0.0,0.472,0.7891,1.624,1.068,0.09986,0.05018,0.0153,0.006596,0.002084,0.005335,0.0,0.0,0.001604,6.504E-4,1.724E-4,0.9919,0.001016,0.00153,7.95E-4,8.133E-4,0.001533,0.0,0.01936,0.002207,0.002356,0.001968,0.179,0.003833,0.002116,6.588E-4,3.688E-4,4.694E-4,
0.0,1294.0,112.8,191.9,165.6,0.1714,5.477,2.151,0.5404,0.2151,0.8002,0.0,344.2,0.08579,1.612,0.1383,0.146,0.5535,0.5356,1.377,2.25,9.095,0.0,344.2,0.08579,1.612,0.1383,0.146,0.5535,0.5356,1.377,2.25,9.095,0.0,0.0,0.0,0.0,0.0,0.0,0.0,0.0,0.0,0.0,0.0,0.0,0.0,233.1,101.6,41.35,1100.0,202.5,10.32,6.2,10.19,5.071,0.0,111.2,16.27,7.079,31.0,20.42,0.2263,0.02504,0.07769,0.01848,0.2029,0.0,0.0,0.0,0.0,0.0,0.0,0.0,0.0,0.0,0.0,0.0,0.0,0.0,0.0,0.0,0.0,0.0,0.0,0.0,0.0,0.0,0.0,0.0,0.0,0.0,0.0,0.0,0.0,0.0,0.0,0.0,0.0,0.0,0.0,0.0,5.31E-4,0.0,81500.0,116100.0,71480.0,35870.0,2.698E7,99390.0,55460.0,30170.0,32680.0,47940.0,0.0,2.611E-37,1.252E-37,5.612E-37,4.494E-37,2.552E-38,1.885E-38,2.7139999999999998E-39,1.0919999999999999E-39,3.75E-40,2.411E-39,2.08E-35,0.0,0.4083,0.8213,1.663,1.078,0.09051,0.0426,0.01532,0.006806,0.002053,0.005307,0.0,0.0,0.001604,6.504E-4,1.724E-4,0.9919,0.001016,0.00153,7.95E-4,8.133E-4,0.001533,0.0,0.01937,0.002017,0.00213,0.001975,0.1794,0.003812,0.002121,6.732E-4,3.743E-4,4.761E-4,
0.0,1278.0,131.7,195.1,157.7,0.2651,5.433,2.154,0.5481,0.2158,0.8002,0.0,344.2,0.09904,1.554,0.1675,0.1514,0.5587,0.5356,1.374,2.232,9.118,0.0,344.2,0.09904,1.554,0.1675,0.1514,0.5587,0.5356,1.374,2.232,9.118,0.0,0.0,0.0,0.0,0.0,0.0,0.0,0.0,0.0,0.0,0.0,0.0,0.0,235.2,101.7,42.72,1055.0,230.8,10.51,6.528,10.24,5.305,0.0,107.3,15.63,9.332,31.82,21.34,0.9952,0.03043,0.08074,0.03779,0.2094,0.0,0.0,0.0,0.0,0.0,0.0,0.0,0.0,0.0,0.0,0.0,0.0,0.0,0.0,0.0,0.0,0.0,0.0,0.0,0.0,0.0,0.0,0.0,0.0,0.0,0.0,0.0,0.0,0.0,0.0,0.0,0.0,0.0,0.0,0.0,4.731E-4,0.0,81390.0,121400.0,75360.0,42650.0,2.848E7,160500.0,59030.0,33040.0,34110.0,51640.0,0.0,1.988E-37,9.194E-38,5.495E-37,4.453E-37,2.934E-38,2.133E-38,2.7229999999999998E-39,1.0919999999999999E-39,4.191E-40,2.424E-39,2.08E-35,0.0,0.3109,0.9143,1.651,1.074,0.09917,0.04638,0.01534,0.006931,0.002152,0.005332,0.0,0.0,0.001604,6.504E-4,1.724E-4,0.9919,0.001016,0.00153,7.95E-4,8.133E-4,0.001533,0.0,0.01936,0.00209,0.002125,0.002015,0.179,0.00412,0.002141,6.999E-4,3.907E-4,4.961E-4,
0.0,1278.0,129.1,195.6,153.7,0.1216,9.011,2.102,0.5681,0.2164,0.7994,0.0,344.2,0.0838,1.594,0.1393,0.09491,0.6158,0.4579,1.352,2.522,8.925,0.0,344.2,0.0838,1.594,0.1393,0.09491,0.6158,0.4579,1.352,2.522,8.925,0.0,0.0,0.0,0.0,0.0,0.0,0.0,0.0,0.0,0.0,0.0,0.0,0.0,233.6,105.6,41.66,1055.0,229.3,10.34,6.388,10.35,4.431,0.0,107.3,14.51,6.311,44.4,15.49,0.9995,0.03184,0.08164,0.04347,0.2191,0.0,0.0,0.0,0.0,0.0,0.0,0.0,0.0,0.0,0.0,0.0,0.0,0.0,0.0,0.0,0.0,0.0,0.0,0.0,0.0,0.0,0.0,0.0,0.0,0.0,0.0,0.0,0.0,0.0,0.0,0.0,0.0,0.0,0.0,0.0,1.0E-4,0.0,81500.0,285200.0,79970.0,39890.0,2.731E7,132600.0,45520.0,26900.0,27830.0,21590.0,0.0,1.988E-37,8.396E-38,5.513E-37,4.436E-37,2.337E-38,2.875E-38,2.897E-39,1.142E-39,4.284E-40,2.425E-39,2.08E-35,0.0,0.311,0.8925,1.688,1.081,0.06042,0.06418,0.01486,0.007032,0.002192,0.005349,0.0,0.0,0.008682,7.704E-4,1.168E-4,0.9871,7.564E-4,0.001139,5.917E-4,6.053E-4,2.252E-4,0.0,0.01941,0.003133,0.002183,0.002013,0.1777,0.004522,0.001583,6.7E-4,3.664E-4,3.212E-4,
0.0,1278.0,126.7,191.8,154.3,0.1571,5.771,1.932,0.5541,0.2246,0.7952,0.0,344.2,0.09444,1.619,0.133,0.0822,0.6037,0.4357,1.366,3.006,8.443,0.0,344.2,0.09444,1.619,0.133,0.0822,0.6037,0.4357,1.366,3.006,8.443,0.0,0.0,0.0,0.0,0.0,0.0,0.0,0.0,0.0,0.0,0.0,0.0,0.0,226.2,106.7,40.03,1063.0,233.7,10.15,7.095,9.327,4.187,0.0,107.3,13.46,9.14,51.8,15.44,0.3829,0.02613,0.08275,0.02116,0.2138,0.0,0.0,0.0,0.0,0.0,0.0,0.0,0.0,0.0,0.0,0.0,0.0,0.0,0.0,0.0,0.0,0.0,0.0,0.0,0.0,0.0,0.0,0.0,0.0,0.0,0.0,0.0,0.0,0.0,0.0,0.0,0.0,0.0,0.0,0.0,2.89E-4,0.0,81570.0,74060.0,82340.0,36080.0,2.711E7,127600.0,47710.0,28710.0,26850.0,20400.0,0.0,1.988E-37,8.8E-38,5.428E-37,4.556E-37,2.102E-38,2.045E-38,2.097E-39,7.44E-40,3.697E-40,2.3989999999999998E-39,2.08E-35,0.0,0.311,0.8748,1.697,1.107,0.05603,0.04993,0.01272,0.006924,0.002212,0.005315,0.0,0.0,2.483E-6,8.259E-4,1.253E-4,0.9955,8.108E-4,0.001221,6.343E-4,6.49E-4,2.414E-4,0.0,0.01942,0.00184,0.002204,0.001995,0.1786,0.004571,0.001587,6.825E-4,3.757E-4,3.053E-4,
0.0,1278.0,129.5,188.9,159.3,0.2048,5.671,1.932,0.6048,0.2342,0.7911,0.0,344.2,0.08902,1.624,0.138,0.0766,0.5681,0.4355,1.389,1.323,10.13,0.0,344.2,0.08902,1.624,0.138,0.0766,0.5681,0.4355,1.389,1.323,10.13,0.0,0.0,0.0,0.0,0.0,0.0,0.0,0.0,0.0,0.0,0.0,0.0,0.0,226.5,111.1,40.02,1065.0,234.5,10.31,6.562,9.456,4.215,0.0,107.3,11.91,8.079,47.95,15.2,0.4161,0.02589,0.08324,0.02268,0.2143,0.0,0.0,0.0,0.0,0.0,0.0,0.0,0.0,0.0,0.0,0.0,0.0,0.0,0.0,0.0,0.0,0.0,0.0,0.0,0.0,0.0,0.0,0.0,0.0,0.0,0.0,0.0,0.0,0.0,0.0,0.0,0.0,0.0,0.0,0.0,1.0E-4,0.0,81710.0,69960.0,85810.0,35600.0,2.675E7,118700.0,50540.0,29820.0,28690.0,20400.0,0.0,1.989E-37,8.929E-38,5.387E-37,4.544E-37,1.997E-38,1.727E-38,2.072E-39,6.981E-40,3.4239999999999998E-40,2.392E-39,2.08E-35,0.0,0.3111,0.8911,1.672,1.111,0.05399,0.0432,0.01269,0.007672,0.002295,0.005306,0.0,0.0,2.765E-6,9.198E-4,1.395E-4,0.995,9.031E-4,0.001359,7.065E-4,7.228E-4,2.689E-4,0.0,0.01946,0.001811,0.002232,0.001999,0.1781,0.004531,0.001611,7.038E-4,4.092E-4,2.9E-4,
0.0,1278.0,127.4,190.2,150.0,0.2244,5.886,1.557,0.5092,0.2388,0.5242,0.0,344.2,0.09056,1.618,0.1395,0.07673,0.5507,0.4334,1.389,1.487,9.981,0.0,344.2,0.09056,1.618,0.1395,0.07673,0.5507,0.4334,1.389,1.487,9.981,0.0,0.0,0.0,0.0,0.0,0.0,0.0,0.0,0.0,0.0,0.0,0.0,0.0,228.6,110.9,40.1,1067.0,233.4,11.61,6.685,9.411,4.419,0.0,107.3,10.82,8.106,59.2,15.16,0.3391,0.02046,0.08327,0.03212,0.2063,0.0,0.0,0.0,0.0,0.0,0.0,0.0,0.0,0.0,0.0,0.0,0.0,0.0,0.0,0.0,0.0,0.0,0.0,0.0,0.0,0.0,0.0,0.0,0.0,0.0,0.0,0.0,0.0,0.0,0.0,0.0,0.0,0.0,0.0,0.0,5.303E-4,0.0,81780.0,68280.0,85210.0,38990.0,2.587E7,110500.0,53640.0,31380.0,32350.0,19640.0,0.0,1.989E-37,8.658E-38,5.334E-37,4.587E-37,1.996E-38,1.732E-38,1.072E-39,4.358E-40,3.415E-40,1.564E-39,2.08E-35,0.0,0.3111,0.863,1.686,1.125,0.05393,0.04317,0.01103,0.007254,0.002319,0.003553,0.0,0.0,3.079E-6,0.001024,1.553E-4,0.9944,0.001006,0.001514,7.866E-4,8.048E-4,2.994E-4,0.0,0.01946,0.001803,0.002233,0.002041,0.1777,0.004495,0.001642,7.157E-4,4.441E-4,2.859E-4,
0.0,1280.0,129.0,189.3,145.6,0.2176,9.007,1.488,0.5151,0.2308,0.3957,0.0,344.2,0.0849,1.617,0.14,0.07711,0.5397,0.4192,1.392,1.182,10.31,0.0,344.2,0.0849,1.617,0.14,0.07711,0.5397,0.4192,1.392,1.182,10.31,0.0,0.0,0.0,0.0,0.0,0.0,0.0,0.0,0.0,0.0,0.0,0.0,0.0,229.9,111.0,40.16,1068.0,233.4,9.972,6.949,9.721,4.678,0.0,106.7,10.92,8.062,58.31,15.17,0.9664,0.02685,0.08736,0.03788,0.2127,0.0,0.0,0.0,0.0,0.0,0.0,0.0,0.0,0.0,0.0,0.0,0.0,0.0,0.0,0.0,0.0,0.0,0.0,0.0,0.0,0.0,0.0,0.0,0.0,0.0,0.0,0.0,0.0,0.0,0.0,0.0,0.0,0.0,0.0,0.0,1.001E-4,0.0,82020.0,67550.0,82040.0,37600.0,2.523E7,102500.0,52080.0,31440.0,32100.0,19880.0,0.0,2.035E-37,8.469E-38,5.296E-37,4.3949999999999995E-37,1.996E-38,2.651E-38,1.019E-39,4.318E-40,3.395E-40,1.163E-39,2.08E-35,0.0,0.3206,0.8673,1.673,1.111,0.05394,0.05745,0.01059,0.007352,0.002295,0.002867,0.0,0.0,3.079E-6,0.001024,1.553E-4,0.9944,0.001006,0.001514,7.866E-4,8.048E-4,2.994E-4,0.0,0.01954,0.001805,0.002228,0.002007,0.1777,0.004431,0.001622,7.241E-4,4.407E-4,2.91E-4,
0.0,1274.0,146.2,175.0,146.1,0.1967,5.882,1.5,0.512,0.2687,0.3547,0.0,344.2,0.1656,1.505,0.1543,0.07698,0.5714,0.4376,1.368,1.396,10.07,0.0,344.2,0.1656,1.505,0.1543,0.07698,0.5714,0.4376,1.368,1.396,10.07,0.0,0.0,0.0,0.0,0.0,0.0,0.0,0.0,0.0,0.0,0.0,0.0,0.0,226.3,125.4,36.66,1069.0,231.0,10.38,7.512,10.45,5.3,0.0,105.1,11.43,9.353,61.22,15.17,0.7621,0.02809,0.09076,0.04287,0.2157,0.0,0.0,0.0,0.0,0.0,0.0,0.0,0.0,0.0,0.0,0.0,0.0,0.0,0.0,0.0,0.0,0.0,0.0,0.0,0.0,0.0,0.0,0.0,0.0,0.0,0.0,0.0,0.0,0.0,0.0,0.0,0.0,0.0,0.0,0.0,1.0E-4,0.0,82120.0,67170.0,82310.0,35900.0,2.557E7,94350.0,52910.0,32280.0,33010.0,20400.0,0.0,1.836E-37,1.116E-37,4.912E-37,4.473E-37,1.995E-38,1.9199999999999999E-38,1.023E-39,4.302E-40,3.487E-40,1.169E-39,2.08E-35,0.0,0.29,0.975,1.566,1.13,0.05391,0.04757,0.0107,0.007337,0.002807,0.0024,0.0,0.0,3.079E-6,0.001024,1.553E-4,0.9944,0.001006,0.001514,7.866E-4,8.048E-4,2.994E-4,0.0,0.01955,0.00179,0.002302,0.00195,0.1774,0.004363,0.001633,7.192E-4,4.518E-4,2.925E-4,
0.0,1274.0,125.9,197.3,134.2,0.1743,7.921,1.353,0.5562,0.2581,0.3558,0.0,344.2,0.1415,1.545,0.1314,0.07759,0.5317,0.4192,1.276,1.851,9.766,0.0,344.2,0.1415,1.545,0.1314,0.07759,0.5317,0.4192,1.276,1.851,9.766,0.0,0.0,0.0,0.0,0.0,0.0,0.0,0.0,0.0,0.0,0.0,0.0,0.0,233.6,123.3,36.86,1066.0,231.8,9.415,7.706,10.45,5.298,0.0,105.1,12.08,7.904,67.47,15.36,1.224,0.02792,0.08872,0.03959,0.2144,0.0,0.0,0.0,0.0,0.0,0.0,0.0,0.0,0.0,0.0,0.0,0.0,0.0,0.0,0.0,0.0,0.0,0.0,0.0,0.0,0.0,0.0,0.0,0.0,0.0,0.0,0.0,0.0,0.0,0.0,0.0,0.0,0.0,0.0,0.0,1.0E-4,0.0,82170.0,70510.0,86760.0,36500.0,2.657E7,87910.0,54610.0,33550.0,34140.0,21040.0,0.0,1.836E-37,9.997E-38,5.039E-37,4.317E-37,2.029E-38,2.689E-38,9.503E-40,4.373E-40,3.404E-40,1.167E-39,2.08E-35,0.0,0.2901,0.8529,1.683,1.111,0.05443,0.06056,0.009746,0.007636,0.002642,0.002407,0.0,0.0,3.079E-6,0.001024,1.553E-4,0.9944,0.001006,0.001514,7.866E-4,8.048E-4,2.994E-4,0.0,0.01956,0.001789,0.002317,0.00195,0.1775,0.004329,0.001626,7.201E-4,4.523E-4,2.945E-4,
0.0,1276.0,123.8,192.3,127.4,0.1501,8.843,1.456,0.5661,0.2641,0.3544,0.0,344.2,0.1263,1.546,0.1317,0.08464,0.5041,0.4425,1.277,1.945,9.673,0.0,344.2,0.1263,1.546,0.1317,0.08464,0.5041,0.4425,1.277,1.945,9.673,0.0,0.0,0.0,0.0,0.0,0.0,0.0,0.0,0.0,0.0,0.0,0.0,0.0,235.7,124.5,37.27,1065.0,231.0,10.09,7.722,10.44,5.288,0.0,105.1,12.82,10.45,74.59,15.3,0.6552,0.02904,0.0868,0.03856,0.2136,0.0,0.0,0.0,0.0,0.0,0.0,0.0,0.0,0.0,0.0,0.0,0.0,0.0,0.0,0.0,0.0,0.0,0.0,0.0,0.0,0.0,0.0,0.0,0.0,0.0,0.0,0.0,0.0,0.0,0.0,0.0,0.0,0.0,0.0,0.0,1.003E-4,0.0,82270.0,73250.0,87550.0,36690.0,2.796E7,85020.0,57140.0,35020.0,35680.0,21890.0,0.0,1.877E-37,9.576E-38,5.017E-37,4.3E-37,2.137E-38,2.226E-38,9.928E-40,4.296E-40,3.356E-40,1.165E-39,2.08E-35,0.0,0.3103,0.8428,1.675,1.095,0.05642,0.06403,0.01041,0.007735,0.002679,0.002397,0.0,0.0,3.079E-6,0.001024,1.553E-4,0.9944,0.001006,0.001514,7.866E-4,8.048E-4,2.994E-4,0.0,0.01958,0.001793,0.00232,0.001946,0.1775,0.004297,0.001635,7.191E-4,4.615E-4,2.861E-4,
0.0,1279.0,115.0,201.9,136.1,1.558,5.922,1.783,0.2608,0.2685,1.482,0.0,344.2,0.08007,2.055,0.1356,0.1657,0.4693,0.4968,1.251,2.538,8.527,0.0,344.2,0.08007,2.055,0.1356,0.1657,0.4693,0.4968,1.251,2.538,8.527,0.0,0.0,0.0,0.0,0.0,0.0,0.0,0.0,0.0,0.0,0.0,0.0,0.0,247.5,116.5,37.63,1067.0,231.0,10.17,7.699,10.41,5.255,0.0,105.1,13.49,7.249,62.63,15.26,1.739,0.02903,0.0868,0.03881,0.2137,0.0,0.0,0.0,0.0,0.0,0.0,0.0,0.0,0.0,0.0,0.0,0.0,0.0,0.0,0.0,0.0,0.0,0.0,0.0,0.0,0.0,0.0,0.0,0.0,0.0,0.0,0.0,0.0,0.0,0.0,0.0,0.0,0.0,0.0,0.0,4.84E-4,0.0,82440.0,74360.0,88150.0,38230.0,2.934E7,83160.0,60210.0,34130.0,36290.0,22080.0,0.0,1.973E-37,7.843E-38,5.031E-37,4.194E-37,2.793E-38,2.084E-38,9.213E-40,3.175E-40,2.859E-40,5.996E-39,2.08E-35,0.0,0.324,0.7834,1.704,1.093,0.06735,0.05461,0.01558,0.002782,0.002749,0.0104,0.0,0.0,3.079E-6,0.001024,1.553E-4,0.9944,0.001006,0.001514,7.866E-4,8.048E-4,2.994E-4,0.0,0.01962,0.001821,0.002283,0.001957,0.1775,0.00427,0.001964,3.946E-4,4.601E-4,2.975E-4,
0.0,1279.0,116.4,185.8,125.4,0.1345,7.833,1.785,0.259,0.2694,0.3759,0.0,344.2,0.0982,1.681,0.2041,0.08497,0.4712,0.4916,1.224,1.222,10.22,0.0,344.2,0.0982,1.681,0.2041,0.08497,0.4712,0.4916,1.224,1.222,10.22,0.0,0.0,0.0,0.0,0.0,0.0,0.0,0.0,0.0,0.0,0.0,0.0,0.0,246.9,122.0,37.71,1064.0,230.9,10.15,7.684,10.4,5.241,0.0,105.1,13.3,21.4,69.93,16.67,2.383,0.02907,0.08728,0.03987,1.304,0.0,0.0,0.0,0.0,0.0,0.0,0.0,0.0,0.0,0.0,0.0,0.0,0.0,0.0,0.0,0.0,0.0,0.0,0.0,0.0,0.0,0.0,0.0,0.0,0.0,0.0,0.0,0.0,0.0,0.0,0.0,0.0,0.0,0.0,0.0,4.642E-4,0.0,82520.0,73600.0,87910.0,37310.0,3.088E7,82420.0,62120.0,34840.0,37060.0,21830.0,0.0,1.974E-37,8.838E-38,4.956E-37,4.139E-37,2.127E-38,2.738E-38,9.113E-40,3.126E-40,2.8009999999999998E-40,1.109E-39,2.08E-35,0.0,0.324,0.8001,1.685,1.089,0.05621,0.0659,0.01563,0.002761,0.002754,0.002288,0.0,0.0,3.079E-6,0.001024,1.553E-4,0.9944,0.001006,0.001514,7.866E-4,8.048E-4,2.994E-4,0.0,0.01964,0.001825,0.002276,0.001959,0.1775,0.004251,0.001969,3.936E-4,4.675E-4,2.888E-4,
0.0,1279.0,116.8,187.6,119.7,0.1838,5.848,1.81,0.2615,0.2671,0.4238,0.0,344.2,0.08992,1.692,0.2085,0.07586,0.4586,0.2364,1.212,1.165,10.56,0.0,344.2,0.08992,1.692,0.2085,0.07586,0.4586,0.2364,1.212,1.165,10.56,0.0,0.0,0.0,0.0,0.0,0.0,0.0,0.0,0.0,0.0,0.0,0.0,0.0,250.2,120.5,38.5,1057.0,231.0,10.03,7.87,10.48,5.2,0.0,105.1,11.77,12.58,85.48,17.84,0.6517,0.02798,0.08811,0.0415,1.248,0.0,0.0,0.0,0.0,0.0,0.0,0.0,0.0,0.0,0.0,0.0,0.0,0.0,0.0,0.0,0.0,0.0,0.0,0.0,0.0,0.0,0.0,0.0,0.0,0.0,0.0,0.0,0.0,0.0,0.0,0.0,0.0,0.0,0.0,0.0,4.377E-4,0.0,82670.0,72130.0,87740.0,37750.0,3.26E7,82830.0,64340.0,36290.0,38150.0,22150.0,0.0,1.974E-37,8.224E-38,4.956E-37,4.255E-37,2.131E-38,1.769E-38,8.953999999999999E-40,3.21E-40,2.795E-40,1.1049999999999999E-39,2.08E-35,0.0,0.3241,0.7874,1.689,1.111,0.05752,0.04765,0.01639,0.002339,0.002584,0.002224,0.0,0.0,3.079E-6,0.001024,1.553E-4,0.9944,0.001006,0.001514,7.866E-4,8.048E-4,2.994E-4,0.0,0.01967,0.001813,0.002263,0.001974,0.1775,0.004226,0.001934,4.146E-4,4.767E-4,2.864E-4,
0.0,1271.0,128.1,183.8,142.0,0.2844,5.859,1.106,0.1608,0.3825,0.371,0.0,344.2,0.0871,1.767,0.1535,0.07582,0.4655,0.2139,1.328,1.518,10.08,0.0,344.2,0.0871,1.767,0.1535,0.07582,0.4655,0.2139,1.328,1.518,10.08,0.0,0.0,0.0,0.0,0.0,0.0,0.0,0.0,0.0,0.0,0.0,0.0,0.0,252.2,120.5,38.54,1059.0,230.9,10.59,7.398,10.46,5.201,0.0,102.8,11.12,10.58,69.16,17.8,0.6809,0.02699,0.08892,0.8057,0.4013,0.0,0.0,0.0,0.0,0.0,0.0,0.0,0.0,0.0,0.0,0.0,0.0,0.0,0.0,0.0,0.0,0.0,0.0,0.0,0.0,0.0,0.0,0.0,0.0,0.0,0.0,0.0,0.0,0.0,0.0,0.0,0.0,0.0,0.0,0.0,4.212E-4,0.0,82720.0,71750.0,87950.0,36850.0,3.444E7,83500.0,67220.0,37870.0,39780.0,22600.0,0.0,1.701E-37,8.277E-38,4.888E-37,4.2689999999999995E-37,2.146E-38,1.814E-38,6.241E-40,2.804E-40,2.713E-40,1.098E-39,2.08E-35,0.0,0.2845,0.8307,1.684,1.115,0.05796,0.04849,0.0101,0.001445,0.00241,0.002216,0.0,0.0,3.079E-6,0.001024,1.553E-4,0.9944,0.001006,0.001514,7.866E-4,8.048E-4,2.994E-4,0.0,0.01971,0.001834,0.002254,0.001983,0.1775,0.004157,0.001952,4.091E-4,4.832E-4,2.767E-4,
0.0,1268.0,132.8,191.7,144.3,0.2852,7.227,1.116,0.1604,0.4423,0.3874,0.0,344.2,0.1002,1.749,0.1513,0.07577,0.4697,0.2147,1.246,1.375,10.31,0.0,344.2,0.1002,1.749,0.1513,0.07577,0.4697,0.2147,1.246,1.375,10.31,0.0,0.0,0.0,0.0,0.0,0.0,0.0,0.0,0.0,0.0,0.0,0.0,0.0,253.7,120.9,38.57,1050.0,230.9,10.65,7.377,10.36,5.185,0.0,102.0,10.98,9.22,57.16,17.8,1.065,0.02213,0.09698,0.7313,0.3844,0.0,0.0,0.0,0.0,0.0,0.0,0.0,0.0,0.0,0.0,0.0,0.0,0.0,0.0,0.0,0.0,0.0,0.0,0.0,0.0,0.0,0.0,0.0,0.0,0.0,0.0,0.0,0.0,0.0,0.0,0.0,0.0,0.0,0.0,0.0,1.0E-4,0.0,82790.0,71190.0,83390.0,36220.0,3.189E7,81550.0,63350.0,37070.0,37010.0,22090.0,0.0,1.62E-37,8.709E-38,4.789E-37,4.175E-37,2.146E-38,2.888E-38,6.217E-40,2.808E-40,2.604E-40,1.097E-39,2.08E-35,0.0,0.2709,0.8522,1.663,1.106,0.05796,0.06768,0.01017,0.001462,0.00233,0.002214,0.0,0.0,3.079E-6,0.001024,1.553E-4,0.9944,0.001006,0.001514,7.866E-4,8.048E-4,2.994E-4,0.0,0.01973,0.001836,0.002227,0.001977,0.1775,0.004165,0.001963,4.287E-4,4.559E-4,2.732E-4,
0.0,1268.0,131.3,197.6,147.2,0.2697,6.62,1.121,0.1588,0.3024,1.385,0.0,344.2,0.0898,1.751,0.1616,0.07585,0.4591,0.2152,1.246,1.449,10.23,0.0,344.2,0.0898,1.751,0.1616,0.07585,0.4591,0.2152,1.246,1.449,10.23,0.0,0.0,0.0,0.0,0.0,0.0,0.0,0.0,0.0,0.0,0.0,0.0,0.0,253.3,122.9,38.95,1050.0,230.9,10.71,7.377,10.3,5.185,0.0,102.0,11.21,11.38,47.59,17.82,0.7789,0.02213,0.09819,0.04083,0.2118,0.0,0.0,0.0,0.0,0.0,0.0,0.0,0.0,0.0,0.0,0.0,0.0,0.0,0.0,0.0,0.0,0.0,0.0,0.0,0.0,0.0,0.0,0.0,0.0,0.0,0.0,0.0,0.0,0.0,0.0,0.0,0.0,0.0,0.0,0.0,1.0E-4,0.0,82920.0,71420.0,81920.0,35460.0,3.108E7,80450.0,62420.0,36840.0,36600.0,22370.0,0.0,1.62E-37,8.263E-38,4.876E-37,4.163E-37,2.146E-38,2.056E-38,6.171E-40,2.776E-40,2.503E-40,1.099E-39,2.08E-35,0.0,0.2709,0.8415,1.676,1.112,0.05797,0.05488,0.01022,0.001455,0.002299,0.002197,0.0,0.0,3.079E-6,0.001024,1.553E-4,0.9944,0.001006,0.001514,7.866E-4,8.048E-4,2.994E-4,0.0,0.01976,0.001829,0.00223,0.001971,0.1775,0.004141,0.001971,4.281E-4,4.44E-4,2.777E-4,
0.0,1268.0,123.0,198.9,150.1,1.599,3.73,1.108,0.161,0.2981,1.394,0.0,344.2,0.09154,1.879,0.1402,0.07639,0.3538,0.2238,1.245,1.542,10.12,0.0,344.2,0.09154,1.879,0.1402,0.07639,0.3538,0.2238,1.245,1.542,10.12,0.0,0.0,0.0,0.0,0.0,0.0,0.0,0.0,0.0,0.0,0.0,0.0,0.0,240.0,96.74,26.75,1047.0,291.8,10.56,4.514,5.007,3.369,0.0,102.0,12.43,8.762,55.22,16.72,0.5408,0.0213,0.08581,0.02409,0.1989,0.0,0.0,0.0,0.0,0.0,0.0,0.0,0.0,0.0,0.0,0.0,0.0,0.0,0.0,0.0,0.0,0.0,0.0,0.0,0.0,0.0,0.0,0.0,0.0,0.0,0.0,0.0,0.0,0.0,0.0,0.0,0.0,0.0,0.0,0.0,1.0E-4,0.0,83090.0,75190.0,83180.0,34120.0,3.132E7,80000.0,63180.0,37240.0,36830.0,22690.0,0.0,1.644E-37,6.876E-38,4.9519999999999996E-37,4.225E-37,2.146E-38,1.257E-38,6.048E-40,2.393E-40,1.824E-40,1.0759999999999999E-39,2.08E-35,0.0,0.275,0.8037,1.691,1.135,0.06517,0.03935,0.0101,0.001415,0.002196,0.002193,0.0,0.0,3.079E-6,0.001024,1.553E-4,0.9944,0.001006,0.001514,7.866E-4,8.048E-4,2.994E-4,0.0,0.01978,0.001875,0.002088,0.001888,0.1775,0.004331,0.001978,4.149E-4,4.311E-4,2.737E-4,
0.0,1266.0,117.6,207.9,149.0,1.575,8.091,1.12,0.1666,0.2814,1.427,0.0,344.2,0.1229,1.844,0.1449,0.07322,0.3456,0.2122,1.241,0.9688,10.71,0.0,344.2,0.1229,1.844,0.1449,0.07322,0.3456,0.2122,1.241,0.9688,10.71,0.0,0.0,0.0,0.0,0.0,0.0,0.0,0.0,0.0,0.0,0.0,0.0,0.0,242.9,92.94,27.74,1044.0,289.0,10.91,5.294,5.977,3.695,0.0,101.6,13.67,8.325,49.46,16.9,0.7639,0.02121,0.08115,0.02394,0.1844,0.0,0.0,0.0,0.0,0.0,0.0,0.0,0.0,0.0,0.0,0.0,0.0,0.0,0.0,0.0,0.0,0.0,0.0,0.0,0.0,0.0,0.0,0.0,0.0,0.0,0.0,0.0,0.0,0.0,0.0,0.0,0.0,0.0,0.0,0.0,5.489E-4,0.0,83160.0,77410.0,83900.0,33980.0,3.222E7,78430.0,64760.0,38350.0,37940.0,23290.0,0.0,1.594E-37,7.64E-38,4.897E-37,4.095E-37,2.049E-38,2.345E-38,6.021E-40,2.428E-40,1.866E-40,1.0759999999999999E-39,2.08E-35,0.0,0.2667,0.775,1.731,1.111,0.0625,0.0579,0.01021,0.001412,0.00222,0.002172,0.0,0.0,3.079E-6,0.001024,1.553E-4,0.9944,0.001006,0.001514,7.866E-4,8.048E-4,2.994E-4,0.0,0.0198,0.001877,0.002066,0.001893,0.1773,0.004316,0.001968,4.171E-4,4.372E-4,2.708E-4,
0.0,1262.0,131.5,195.7,163.8,1.516,3.402,1.104,0.1799,0.502,1.232,0.0,344.2,0.08924,1.869,0.1551,0.07611,0.3393,0.2114,1.319,0.8968,10.71,0.0,344.2,0.08924,1.869,0.1551,0.07611,0.3393,0.2114,1.319,0.8968,10.71,0.0,0.0,0.0,0.0,0.0,0.0,0.0,0.0,0.0,0.0,0.0,0.0,0.0,244.1,92.97,30.61,1025.0,282.0,10.96,6.325,7.239,4.117,0.0,100.7,13.88,9.433,40.22,16.95,0.5238,0.02106,0.07499,0.02371,0.1655,0.0,0.0,0.0,0.0,0.0,0.0,0.0,0.0,0.0,0.0,0.0,0.0,0.0,0.0,0.0,0.0,0.0,0.0,0.0,0.0,0.0,0.0,0.0,0.0,0.0,0.0,0.0,0.0,0.0,0.0,0.0,0.0,0.0,0.0,0.0,1.0E-4,0.0,83170.0,78850.0,90370.0,33690.0,3.339E7,77430.0,66590.0,39200.0,38870.0,23500.0,0.0,1.498E-37,6.841E-38,4.892E-37,4.226E-37,2.101E-38,9.103E-39,5.943E-40,2.496E-40,1.957E-40,1.0759999999999999E-39,2.08E-35,0.0,0.2506,0.8456,1.658,1.147,0.06383,0.03243,0.01008,0.001454,0.002271,0.002165,0.0,0.0,3.079E-6,0.001024,1.553E-4,0.9944,0.001006,0.001514,7.866E-4,8.048E-4,2.994E-4,0.0,0.0198,0.00188,0.002106,0.001904,0.1773,0.004269,0.001971,4.208E-4,4.447E-4,2.677E-4,
0.0,1262.0,130.8,193.0,171.4,1.465,3.364,1.132,0.2477,0.4323,1.248,0.0,344.2,0.08968,1.864,0.1551,0.08071,0.3356,0.6921,0.9011,1.119,10.42,0.0,344.2,0.08968,1.864,0.1551,0.08071,0.3356,0.6921,0.9011,1.119,10.42,0.0,0.0,0.0,0.0,0.0,0.0,0.0,0.0,0.0,0.0,0.0,0.0,0.0,245.3,93.53,32.65,1029.0,270.2,11.53,8.508,9.931,5.041,0.0,100.7,14.92,9.966,32.65,18.66,0.5067,0.02093,0.06927,0.02356,0.1478,0.0,0.0,0.0,0.0,0.0,0.0,0.0,0.0,0.0,0.0,0.0,0.0,0.0,0.0,0.0,0.0,0.0,0.0,0.0,0.0,0.0,0.0,0.0,0.0,0.0,0.0,0.0,0.0,0.0,0.0,0.0,0.0,0.0,0.0,0.0,5.005E-4,0.0,83210.0,82110.0,99210.0,35250.0,3.46E7,76350.0,67620.0,40470.0,37600.0,22760.0,0.0,1.498E-37,6.834E-38,4.85E-37,4.213E-37,2.199E-38,8.879999999999999E-39,5.942E-40,2.7299999999999998E-40,2.059E-40,1.081E-39,2.08E-35,0.0,0.2507,0.8456,1.653,1.146,0.06881,0.03215,0.01009,0.002254,0.001542,0.002172,0.0,0.0,3.079E-6,0.001024,1.553E-4,0.9944,0.001006,0.001514,7.866E-4,8.048E-4,2.994E-4,0.0,0.0198,0.001885,0.002143,0.001925,0.1769,0.004219,0.001975,5.304E-4,3.478E-4,2.636E-4,
0.0,1266.0,133.8,192.0,164.6,1.529,3.555,1.133,0.2542,0.4883,1.208,0.0,344.2,0.1115,1.854,0.1424,0.08135,0.3348,0.6921,0.9012,1.344,10.2,0.0,344.2,0.1115,1.854,0.1424,0.08135,0.3348,0.6921,0.9012,1.344,10.2,0.0,0.0,0.0,0.0,0.0,0.0,0.0,0.0,0.0,0.0,0.0,0.0,0.0,246.8,91.55,33.15,1033.0,266.9,11.69,9.126,10.69,5.303,0.0,100.8,13.4,8.493,35.01,19.67,0.5125,0.02093,0.06503,0.02355,0.1344,0.0,0.0,0.0,0.0,0.0,0.0,0.0,0.0,0.0,0.0,0.0,0.0,0.0,0.0,0.0,0.0,0.0,0.0,0.0,0.0,0.0,0.0,0.0,0.0,0.0,0.0,0.0,0.0,0.0,0.0,0.0,0.0,0.0,0.0,0.0,4.6E-4,0.0,83420.0,83780.0,102400.0,39020.0,3.615E7,77250.0,69690.0,41260.0,38570.0,22860.0,0.0,1.604E-37,7.276E-38,4.764E-37,4.091E-37,2.256E-38,9.454999999999999E-39,5.9E-40,2.753E-40,2.094E-40,1.081E-39,2.08E-35,0.0,0.2682,0.8529,1.642,1.126,0.07223,0.03331,0.0101,0.002266,0.001555,0.002172,0.0,0.0,3.079E-6,0.001024,1.553E-4,0.9944,0.001006,0.001514,7.866E-4,8.048E-4,2.994E-4,0.0,0.01982,0.001877,0.002149,0.001919,0.1769,0.004178,0.001975,5.328E-4,3.499E-4,2.63E-4,
0.0,1258.0,148.7,193.5,153.0,0.2236,5.189,1.111,0.3083,0.5331,1.174,0.0,344.2,0.08891,1.797,0.1638,0.08245,0.3341,0.6909,0.9017,1.957,9.643,0.0,344.2,0.08891,1.797,0.1638,0.08245,0.3341,0.6909,0.9017,1.957,9.643,0.0,0.0,0.0,0.0,0.0,0.0,0.0,0.0,0.0,0.0,0.0,0.0,0.0,248.1,92.92,32.86,1032.0,266.9,11.44,9.172,10.72,5.311,0.0,97.63,12.44,14.72,32.91,21.22,0.4876,0.02085,0.06208,0.02349,0.2253,0.0,0.0,0.0,0.0,0.0,0.0,0.0,0.0,0.0,0.0,0.0,0.0,0.0,0.0,0.0,0.0,0.0,0.0,0.0,0.0,0.0,0.0,0.0,0.0,0.0,0.0,0.0,0.0,0.0,0.0,0.0,0.0,0.0,0.0,0.0,4.35E-4,0.0,83450.0,87600.0,103500.0,39000.0,3.788E7,78720.0,72270.0,42600.0,40050.0,24670.0,0.0,1.355E-37,6.977E-38,4.775E-37,3.928E-37,2.295E-38,1.452E-38,5.758E-40,4.208E-40,2.104E-40,1.082E-39,2.08E-35,0.0,0.2388,0.8998,1.654,1.087,0.06647,0.0424,0.009905,0.002577,0.001578,0.002169,0.0,0.0,3.079E-6,0.001024,1.553E-4,0.9944,0.001006,0.001514,7.866E-4,8.048E-4,2.994E-4,0.0,0.01982,0.001921,0.00214,0.001897,0.1769,0.004148,0.001978,5.33E-4,3.537E-4,2.725E-4,
0.0,1258.0,147.8,174.3,148.3,2.599,5.294,1.111,0.3323,0.5356,1.178,0.0,344.2,0.09027,1.804,0.1519,0.08636,0.3289,0.6917,0.9027,2.191,9.411,0.0,344.2,0.09027,1.804,0.1519,0.08636,0.3289,0.6917,0.9027,2.191,9.411,0.0,0.0,0.0,0.0,0.0,0.0,0.0,0.0,0.0,0.0,0.0,0.0,0.0,198.8,93.38,33.25,1088.0,265.9,11.49,9.366,10.96,5.393,0.0,97.63,11.48,17.49,45.71,28.85,0.4836,0.02088,0.06027,0.02355,0.2195,0.0,0.0,0.0,0.0,0.0,0.0,0.0,0.0,0.0,0.0,0.0,0.0,0.0,0.0,0.0,0.0,0.0,0.0,0.0,0.0,0.0,0.0,0.0,0.0,0.0,0.0,0.0,0.0,0.0,0.0,0.0,0.0,0.0,0.0,0.0,9.398E-4,0.0,83500.0,85470.0,102200.0,42960.0,3.601E7,76780.0,69500.0,41340.0,38760.0,24140.0,0.0,1.355E-37,6.658E-38,4.716E-37,3.927E-37,2.827E-38,1.354E-38,5.705E-40,4.468E-40,2.094E-40,1.08E-39,2.08E-35,0.0,0.2388,0.8885,1.635,1.095,0.0892,0.04091,0.009905,0.002635,0.001586,0.002166,0.0,0.0,3.079E-6,0.001024,1.553E-4,0.9944,0.001006,0.001514,7.866E-4,8.048E-4,2.994E-4,0.0,0.01983,0.001792,0.002129,0.001931,0.177,0.004107,0.001977,5.335E-4,3.537E-4,2.706E-4,
0.0,1259.0,146.7,168.8,145.9,2.59,3.648,1.092,0.2469,0.5715,1.163,0.0,344.2,0.144,1.741,0.1582,0.08644,0.3364,0.9496,0.7405,2.215,9.282,0.0,344.2,0.144,1.741,0.1582,0.08644,0.3364,0.9496,0.7405,2.215,9.282,0.0,0.0,0.0,0.0,0.0,0.0,0.0,0.0,0.0,0.0,0.0,0.0,0.0,198.9,94.14,33.48,1081.0,265.9,11.48,9.361,10.96,5.39,0.0,97.63,14.05,19.03,50.46,28.85,0.4813,0.02092,0.05914,0.02365,0.2158,0.0,0.0,0.0,0.0,0.0,0.0,0.0,0.0,0.0,0.0,0.0,0.0,0.0,0.0,0.0,0.0,0.0,0.0,0.0,0.0,0.0,0.0,0.0,0.0,0.0,0.0,0.0,0.0,0.0,0.0,0.0,0.0,0.0,0.0,0.0,1.0E-4,0.0,83650.0,87170.0,98640.0,42050.0,3.416E7,76230.0,66250.0,40240.0,37570.0,23820.0,0.0,1.4E-37,7.315E-38,4.563E-37,3.961E-37,2.827E-38,9.382999999999999E-39,5.56E-40,2.87E-40,2.08E-40,1.0779999999999999E-39,2.08E-35,0.0,0.2507,0.8957,1.606,1.109,0.08918,0.03371,0.009675,0.002147,0.001779,0.002174,0.0,0.0,3.079E-6,0.001024,1.553E-4,0.9944,0.001006,0.001514,7.866E-4,8.048E-4,2.994E-4,0.0,0.01984,0.001766,0.00212,0.001923,0.177,0.00425,0.001835,5.332E-4,3.519E-4,2.71E-4,
0.0,1256.0,149.5,168.5,150.6,2.563,3.801,0.8918,0.2576,0.6796,1.093,0.0,344.2,0.1477,1.713,0.1812,0.08325,0.3452,0.9394,0.7403,2.755,8.743,0.0,344.2,0.1477,1.713,0.1812,0.08325,0.3452,0.9394,0.7403,2.755,8.743,0.0,0.0,0.0,0.0,0.0,0.0,0.0,0.0,0.0,0.0,0.0,0.0,0.0,199.0,94.24,33.29,1069.0,268.2,9.164,9.324,10.92,5.381,0.0,96.75,13.27,12.53,54.54,28.9,0.4459,0.02079,0.04614,0.02342,0.1751,0.0,0.0,0.0,0.0,0.0,0.0,0.0,0.0,0.0,0.0,0.0,0.0,0.0,0.0,0.0,0.0,0.0,0.0,0.0,0.0,0.0,0.0,0.0,0.0,0.0,0.0,0.0,0.0,0.0,0.0,0.0,0.0,0.0,0.0,0.0,1.0E-4,0.0,83870.0,89990.0,97630.0,42450.0,3.377E7,75390.0,65960.0,40390.0,37680.0,24090.0,0.0,1.336E-37,8.207E-38,4.529E-37,3.935E-37,2.72E-38,9.682E-39,4.756E-40,2.833E-40,2.053E-40,1.075E-39,2.08E-35,0.0,0.2431,0.9065,1.607,1.108,0.08617,0.03525,0.007892,0.002128,0.001766,0.002161,0.0,0.0,3.079E-6,0.001024,1.553E-4,0.9944,0.001006,0.001514,7.866E-4,8.048E-4,2.994E-4,0.0,0.01989,0.001771,0.002131,0.001914,0.177,0.004146,0.001883,5.338E-4,3.552E-4,2.684E-4,
0.0,1259.0,148.8,169.2,155.2,2.537,5.558,0.8683,0.3094,0.6412,1.119,0.0,344.3,0.08403,1.794,0.1539,0.08327,0.2985,0.6388,0.6639,2.679,9.251,0.0,344.3,0.08403,1.794,0.1539,0.08327,0.2985,0.6388,0.6639,2.679,9.251,0.0,0.0,0.0,0.0,0.0,0.0,0.0,0.0,0.0,0.0,0.0,0.0,0.0,198.5,92.05,35.82,1066.0,268.1,9.399,9.312,10.91,5.368,0.0,96.75,12.71,12.22,46.55,28.93,0.4114,0.02052,0.03608,0.1031,0.06389,0.0,0.0,0.0,0.0,0.0,0.0,0.0,0.0,0.0,0.0,0.0,0.0,0.0,0.0,0.0,0.0,0.0,0.0,0.0,0.0,0.0,0.0,0.0,0.0,0.0,0.0,0.0,0.0,0.0,0.0,0.0,0.0,0.0,0.0,0.0,1.0E-4,0.0,83930.0,90890.0,96580.0,42490.0,3.43E7,76150.0,66280.0,41320.0,39190.0,24060.0,0.0,1.4E-37,6.265E-38,4.555E-37,3.869E-37,2.72E-38,1.37E-38,4.665E-40,2.814E-40,2.077E-40,1.073E-39,2.08E-35,0.0,0.2546,0.8839,1.592,1.117,0.08617,0.05269,0.007727,0.002134,0.001771,0.002163,0.0,0.0,3.079E-6,0.001024,1.553E-4,0.9944,0.001006,0.001514,7.866E-4,8.048E-4,2.994E-4,0.0,0.0199,0.001742,0.002097,0.001978,0.177,0.004315,0.001694,5.357E-4,3.672E-4,2.646E-4,
0.0,1263.0,147.9,169.3,148.8,0.3652,10.41,1.039,0.349,0.6746,1.15,0.0,344.3,0.08317,1.798,0.1542,0.0875,0.2792,0.6454,0.7269,2.774,9.093,0.0,344.3,0.08317,1.798,0.1542,0.0875,0.2792,0.6454,0.7269,2.774,9.093,0.0,0.0,0.0,0.0,0.0,0.0,0.0,0.0,0.0,0.0,0.0,0.0,0.0,195.1,94.14,38.73,1060.0,268.9,10.64,8.543,9.726,4.381,0.0,96.98,13.59,12.28,42.89,31.23,0.664,0.02044,0.09604,0.03644,0.05033,0.0,0.0,0.0,0.0,0.0,0.0,0.0,0.0,0.0,0.0,0.0,0.0,0.0,0.0,0.0,0.0,0.0,0.0,0.0,0.0,0.0,0.0,0.0,0.0,0.0,0.0,0.0,0.0,0.0,0.0,0.0,0.0,0.0,0.0,0.0,1.0E-4,0.0,84350.0,92220.0,102300.0,45700.0,3.54E7,83260.0,68660.0,43150.0,39890.0,24730.0,0.0,1.481E-37,6.245E-38,4.495E-37,3.609E-37,2.883E-38,2.953E-38,6.003E-40,3.851E-40,2.748E-40,1.133E-39,2.08E-35,0.0,0.2874,0.8834,1.595,1.052,0.09287,0.06935,0.009127,0.002303,0.001886,0.002268,0.0,0.0,3.079E-6,0.001024,1.553E-4,0.9944,0.001006,0.001514,7.866E-4,8.048E-4,2.994E-4,0.0,0.01995,0.001717,0.002097,0.001978,0.177,0.004281,0.001742,5.425E-4,3.49E-4,2.532E-4,
0.0,1263.0,147.9,167.7,155.4,0.1428,5.071,0.293,0.306,0.6445,1.129,0.0,344.3,0.08995,1.789,0.1528,0.08769,0.3878,0.5344,0.7317,2.769,9.093,0.0,344.3,0.08995,1.789,0.1528,0.08769,0.3878,0.5344,0.7317,2.769,9.093,0.0,0.0,0.0,0.0,0.0,0.0,0.0,0.0,0.0,0.0,0.0,0.0,0.0,195.6,95.09,35.27,1064.0,274.8,5.589,8.781,9.901,4.53,0.0,96.98,15.06,12.57,42.51,31.27,0.3817,0.0193,0.09321,0.03564,0.04504,0.0,0.0,0.0,0.0,0.0,0.0,0.0,0.0,0.0,0.0,0.0,0.0,0.0,0.0,0.0,0.0,0.0,0.0,0.0,0.0,0.0,0.0,0.0,0.0,0.0,0.0,0.0,0.0,0.0,0.0,0.0,0.0,0.0,0.0,0.0,5.354E-4,0.0,84640.0,93420.0,105100.0,44780.0,3.646E7,88430.0,63680.0,42720.0,39690.0,23820.0,0.0,1.482E-37,6.476E-38,4.4369999999999995E-37,3.778E-37,2.825E-38,1.144E-38,2.5879999999999998E-40,2.5759999999999998E-40,1.864E-40,1.057E-39,2.08E-35,0.0,0.2874,0.8937,1.587,1.081,0.09185,0.04376,0.002599,0.002074,0.001736,0.002139,0.0,0.0,3.079E-6,0.001024,1.553E-4,0.9944,0.001006,0.001514,7.866E-4,8.048E-4,2.994E-4,0.0,0.01999,0.001723,0.002092,0.001941,0.177,0.005359,6.415E-4,5.441E-4,3.518E-4,2.546E-4,
0.0,1263.0,150.0,169.7,154.8,0.1886,5.019,0.2569,0.3646,0.5788,1.15,0.0,344.3,0.1002,1.717,0.2163,0.08864,0.7667,0.1463,0.7822,2.552,9.264,0.0,344.3,0.1002,1.717,0.2163,0.08864,0.7667,0.1463,0.7822,2.552,9.264,0.0,0.0,0.0,0.0,0.0,0.0,0.0,0.0,0.0,0.0,0.0,0.0,0.0,195.9,94.89,35.61,1060.0,270.0,5.847,9.422,10.34,4.909,0.0,96.98,14.18,12.04,40.35,31.24,0.4202,0.02099,0.09535,0.03782,0.04464,0.0,0.0,0.0,0.0,0.0,0.0,0.0,0.0,0.0,0.0,0.0,0.0,0.0,0.0,0.0,0.0,0.0,0.0,0.0,0.0,0.0,0.0,0.0,0.0,0.0,0.0,0.0,0.0,0.0,0.0,0.0,0.0,0.0,0.0,0.0,1.0E-4,0.0,84800.0,94670.0,108300.0,45560.0,3.789E7,88300.0,65390.0,43320.0,40440.0,23690.0,0.0,1.482E-37,6.739E-38,4.3949999999999995E-37,3.741E-37,2.829E-38,1.119E-38,2.604E-40,2.742E-40,1.956E-40,1.077E-39,2.08E-35,0.0,0.2875,0.9027,1.58,1.08,0.09179,0.04359,0.002465,0.002045,0.001811,0.002203,0.0,0.0,3.079E-6,0.001024,1.553E-4,0.9944,0.001006,0.001514,7.866E-4,8.048E-4,2.994E-4,0.0,0.02003,0.001724,0.002081,0.001949,0.177,0.005256,6.193E-4,5.516E-4,3.587E-4,2.91E-4,
0.0,1257.0,158.5,170.2,154.6,0.2314,4.957,0.3981,0.3689,0.5766,1.146,0.0,344.3,0.09045,1.779,0.1598,0.08958,0.5349,0.06134,0.6727,2.304,9.94,0.0,344.3,0.09045,1.779,0.1598,0.08958,0.5349,0.06134,0.6727,2.304,9.94,0.0,0.0,0.0,0.0,0.0,0.0,0.0,0.0,0.0,0.0,0.0,0.0,0.0,196.0,94.46,36.43,1059.0,265.1,5.89,10.1,10.81,5.306,0.0,95.08,14.59,12.29,36.24,31.14,2.564,0.025,0.1013,0.04253,0.04724,0.0,0.0,0.0,0.0,0.0,0.0,0.0,0.0,0.0,0.0,0.0,0.0,0.0,0.0,0.0,0.0,0.0,0.0,0.0,0.0,0.0,0.0,0.0,0.0,0.0,0.0,0.0,0.0,0.0,0.0,0.0,0.0,0.0,0.0,0.0,4.49E-4,0.0,84860.0,96790.0,112100.0,46010.0,3.956E7,90960.0,67640.0,44610.0,41770.0,24210.0,0.0,1.358E-37,8.723E-38,4.335E-37,3.6469999999999998E-37,2.833E-38,1.289E-38,7.945E-40,2.896E-40,2.0549999999999998E-40,1.084E-39,2.08E-35,0.0,0.2609,0.9349,1.567,1.074,0.09174,0.05571,0.003098,0.002088,0.001835,0.002209,0.0,0.0,3.079E-6,0.001024,1.553E-4,0.9944,0.001006,0.001514,7.866E-4,8.048E-4,2.994E-4,0.0,0.02003,0.001746,0.002066,0.001947,0.1771,0.005253,5.782E-4,5.6E-4,3.642E-4,2.911E-4,
0.0,1250.0,176.3,163.4,155.1,0.9446,7.345,0.4003,0.3719,0.6033,1.163,0.0,344.3,0.1053,1.776,0.1724,0.2057,1.218,0.06621,0.451,1.805,9.831,0.0,344.3,0.1053,1.776,0.1724,0.2057,1.218,0.06621,0.451,1.805,9.831,0.0,0.0,0.0,0.0,0.0,0.0,0.0,0.0,0.0,0.0,0.0,0.0,0.0,200.4,90.52,37.23,1036.0,268.9,4.582,8.461,11.27,4.833,0.0,92.95,11.28,11.01,34.29,34.39,0.7531,0.02298,0.09556,0.05621,0.04879,0.0,0.0,0.0,0.0,0.0,0.0,0.0,0.0,0.0,0.0,0.0,0.0,0.0,0.0,0.0,0.0,0.0,0.0,0.0,0.0,0.0,0.0,0.0,0.0,0.0,0.0,0.0,0.0,0.0,0.0,0.0,0.0,0.0,0.0,0.0,7.294E-4,0.0,84900.0,97420.0,118100.0,58150.0,3.919E7,102200.0,66970.0,44260.0,42280.0,24400.0,0.0,1.194E-37,6.94E-38,4.289E-37,3.515E-37,3.137E-38,1.608E-38,8.371E-40,2.817E-40,4.189E-40,1.144E-39,2.08E-35,0.0,0.237,0.9982,1.511,1.076,0.1086,0.05271,0.002942,0.002074,0.002194,0.002314,0.0,0.0,3.079E-6,0.001024,1.553E-4,0.9944,0.001006,0.001514,7.866E-4,8.048E-4,2.994E-4,0.0,0.02002,0.00176,0.002059,0.001972,0.177,0.005327,5.404E-4,5.448E-4,3.807E-4,2.913E-4,
0.0,1253.0,172.0,162.2,141.8,0.2348,5.402,0.4158,0.3388,0.5601,1.129,0.0,344.3,0.09278,1.773,0.1463,0.1065,0.6206,0.06086,0.4344,1.858,10.53,0.0,344.3,0.09278,1.773,0.1463,0.1065,0.6206,0.06086,0.4344,1.858,10.53,0.0,0.0,0.0,0.0,0.0,0.0,0.0,0.0,0.0,0.0,0.0,0.0,0.0,175.7,121.6,34.98,1036.0,269.5,4.664,8.535,9.895,4.219,0.0,92.96,11.36,13.98,52.35,29.51,1.619,0.03348,0.104,0.0538,0.0411,0.0,0.0,0.0,0.0,0.0,0.0,0.0,0.0,0.0,0.0,0.0,0.0,0.0,0.0,0.0,0.0,0.0,0.0,0.0,0.0,0.0,0.0,0.0,0.0,0.0,0.0,0.0,0.0,0.0,0.0,0.0,0.0,0.0,0.0,0.0,0.001075,0.0,85120.0,98140.0,115400.0,51000.0,3.636E7,99790.0,62870.0,42260.0,39870.0,23640.0,0.0,1.2569999999999999E-37,6.684E-38,4.237E-37,3.475E-37,2.905E-38,1.479E-38,9.29E-40,2.368E-40,2.154E-40,1.1459999999999999E-39,2.08E-35,0.0,0.2643,0.9725,1.526,1.072,0.08712,0.05224,0.003111,0.002004,0.001856,0.002315,0.0,0.0,3.079E-6,0.001024,1.553E-4,0.9944,0.001006,0.001514,7.866E-4,8.048E-4,2.994E-4,0.0,0.02007,0.001688,0.002124,0.001905,0.1771,0.005323,5.404E-4,5.428E-4,3.724E-4,2.871E-4,
0.0,1253.0,168.9,163.8,139.9,0.5542,4.823,0.5621,0.3391,0.5603,1.129,0.0,344.3,0.07621,1.798,0.1487,0.1103,0.6039,0.0608,0.4346,1.858,10.53,0.0,344.3,0.07621,1.798,0.1487,0.1103,0.6039,0.0608,0.4346,1.858,10.53,0.0,0.0,0.0,0.0,0.0,0.0,0.0,0.0,0.0,0.0,0.0,0.0,0.0,174.6,123.1,36.56,1035.0,266.6,4.781,8.639,10.01,4.236,0.0,92.96,12.33,14.15,51.56,32.06,1.516,0.03729,0.107,0.05729,0.04151,0.0,0.0,0.0,0.0,0.0,0.0,0.0,0.0,0.0,0.0,0.0,0.0,0.0,0.0,0.0,0.0,0.0,0.0,0.0,0.0,0.0,0.0,0.0,0.0,0.0,0.0,0.0,0.0,0.0,0.0,0.0,0.0,0.0,0.0,0.0,8.233E-4,0.0,85240.0,102000.0,118000.0,54510.0,3.533E7,99140.0,61680.0,41880.0,39400.0,23730.0,0.0,1.2569999999999999E-37,6.242E-38,4.259E-37,3.4409999999999998E-37,3.156E-38,1.159E-38,1.0939999999999999E-39,2.4219999999999998E-40,2.22E-40,1.142E-39,2.08E-35,0.0,0.2644,0.9549,1.539,1.067,0.09634,0.04759,0.004173,0.002019,0.001871,0.002318,0.0,0.0,3.079E-6,0.001024,1.553E-4,0.9944,0.001006,0.001514,7.866E-4,8.048E-4,2.994E-4,0.0,0.02009,0.001681,0.002118,0.001945,0.177,0.005272,5.427E-4,5.438E-4,3.735E-4,2.871E-4,
0.0,1253.0,167.7,165.0,134.7,0.1881,8.752,0.651,0.2969,0.5598,0.8896,0.0,344.3,0.07855,1.667,0.2254,0.1442,0.5826,0.06226,0.4216,1.673,10.76,0.0,344.3,0.07855,1.667,0.2254,0.1442,0.5826,0.06226,0.4216,1.673,10.76,0.0,0.0,0.0,0.0,0.0,0.0,0.0,0.0,0.0,0.0,0.0,0.0,0.0,174.8,123.4,36.41,1045.0,248.6,5.536,9.285,10.75,4.345,0.0,92.96,13.16,15.55,53.26,30.29,1.029,0.06105,0.1254,0.07941,0.04474,0.0,0.0,0.0,0.0,0.0,0.0,0.0,0.0,0.0,0.0,0.0,0.0,0.0,0.0,0.0,0.0,0.0,0.0,0.0,0.0,0.0,0.0,0.0,0.0,0.0,0.0,0.0,0.0,0.0,0.0,0.0,0.0,0.0,0.0,0.0,6.645E-4,0.0,85400.0,107400.0,123100.0,53180.0,3.544E7,94870.0,62560.0,42580.0,40140.0,24200.0,0.0,1.2569999999999999E-37,6.169E-38,4.139E-37,3.396E-37,3.05E-38,2.408E-38,1.1549999999999999E-39,2.282E-40,2.781E-40,8.323E-40,2.08E-35,0.0,0.2644,0.9526,1.517,1.069,0.0987,0.06751,0.005042,0.002,0.001976,0.00179,0.0,0.0,3.079E-6,0.001024,1.553E-4,0.9944,0.001006,0.001514,7.866E-4,8.048E-4,2.994E-4,0.0,0.02013,0.001682,0.002128,0.001939,0.177,0.005061,5.532E-4,5.453E-4,3.847E-4,2.916E-4,
0.0,1253.0,168.6,157.7,127.8,0.3047,4.635,0.4618,0.2991,0.5687,0.6624,0.0,344.3,0.1231,1.706,0.1385,0.1728,0.5419,0.06191,0.4224,2.237,10.21,0.0,344.3,0.1231,1.706,0.1385,0.1728,0.5419,0.06191,0.4224,2.237,10.21,0.0,0.0,0.0,0.0,0.0,0.0,0.0,0.0,0.0,0.0,0.0,0.0,0.0,174.7,123.2,36.42,1031.0,248.5,5.509,9.28,10.74,4.329,0.0,92.96,13.69,21.73,63.18,31.4,0.9741,0.06107,0.1259,0.07969,0.0458,0.0,0.0,0.0,0.0,0.0,0.0,0.0,0.0,0.0,0.0,0.0,0.0,0.0,0.0,0.0,0.0,0.0,0.0,0.0,0.0,0.0,0.0,0.0,0.0,0.0,0.0,0.0,0.0,0.0,0.0,0.0,0.0,0.0,0.0,0.0,1.006E-4,0.0,85530.0,106100.0,123800.0,54100.0,3.63E7,97600.0,64450.0,43990.0,41500.0,25140.0,0.0,1.2569999999999999E-37,6.487E-38,4.144E-37,3.457E-37,2.968E-38,1.024E-38,6.129E-40,2.27E-40,2.764E-40,1.767E-40,2.08E-35,0.0,0.2645,0.9611,1.528,1.084,0.09012,0.04412,0.004089,0.002018,0.001991,5.771E-4,0.0,0.0,3.079E-6,0.001024,1.553E-4,0.9944,0.001006,0.001514,7.866E-4,8.048E-4,2.994E-4,0.0,0.02015,0.00168,0.00211,0.001951,0.177,0.005021,5.515E-4,5.473E-4,3.869E-4,2.901E-4,
0.0,1253.0,166.8,163.0,128.1,0.1319,4.386,0.6421,0.3147,0.7427,0.4716,0.0,344.3,0.1326,1.615,0.2104,0.1713,0.5281,0.07294,0.3739,3.469,9.025,0.0,344.3,0.1326,1.615,0.2104,0.1713,0.5281,0.07294,0.3739,3.469,9.025,0.0,0.0,0.0,0.0,0.0,0.0,0.0,0.0,0.0,0.0,0.0,0.0,0.0,175.6,125.2,36.61,1026.0,246.6,7.973,9.25,10.75,4.329,0.0,92.96,14.33,20.27,59.43,31.4,0.9788,0.06006,0.1256,0.07657,0.04491,0.0,0.0,0.0,0.0,0.0,0.0,0.0,0.0,0.0,0.0,0.0,0.0,0.0,0.0,0.0,0.0,0.0,0.0,0.0,0.0,0.0,0.0,0.0,0.0,0.0,0.0,0.0,0.0,0.0,0.0,0.0,0.0,0.0,0.0,0.0,1.0E-4,0.0,85630.0,105900.0,123100.0,53270.0,3.732E7,98530.0,67300.0,44180.0,41850.0,24710.0,0.0,1.2569999999999999E-37,6.621999999999999E-38,4.11E-37,3.3979999999999997E-37,2.916E-38,9.998E-39,5.874E-40,2.286E-40,2.738E-40,1.71E-40,2.08E-35,0.0,0.2645,0.9631,1.527,1.077,0.0892,0.04211,0.005818,0.001994,0.002001,5.512E-4,0.0,0.0,3.079E-6,0.001024,1.553E-4,0.9944,0.001006,0.001514,7.866E-4,8.048E-4,2.994E-4,0.0,0.02018,0.001671,0.002124,0.00194,0.177,0.004732,8.131E-4,5.513E-4,3.892E-4,2.843E-4,
0.0,1253.0,161.0,170.5,132.0,0.1426,4.396,0.6146,0.316,0.7433,0.4681,0.0,344.3,0.08199,1.685,0.1431,0.1993,0.5293,0.07166,0.374,1.954,10.56,0.0,344.3,0.08199,1.685,0.1431,0.1993,0.5293,0.07166,0.374,1.954,10.56,0.0,0.0,0.0,0.0,0.0,0.0,0.0,0.0,0.0,0.0,0.0,0.0,0.0,177.3,126.5,36.51,1008.0,246.8,7.709,9.237,10.73,4.324,0.0,92.96,13.98,18.24,55.52,31.56,0.9946,0.05993,0.1262,0.07774,0.04524,0.0,0.0,0.0,0.0,0.0,0.0,0.0,0.0,0.0,0.0,0.0,0.0,0.0,0.0,0.0,0.0,0.0,0.0,0.0,0.0,0.0,0.0,0.0,0.0,0.0,0.0,0.0,0.0,0.0,0.0,0.0,0.0,0.0,0.0,0.0,1.005E-4,0.0,85650.0,106700.0,129700.0,53510.0,3.86E7,101300.0,68690.0,44510.0,42390.0,24380.0,0.0,1.2569999999999999E-37,6.261E-38,4.093E-37,3.375E-37,3.02E-38,9.958999999999999E-39,5.616E-40,2.29E-40,2.725E-40,1.664E-40,2.08E-35,0.0,0.2645,0.9161,1.565,1.078,0.09206,0.04232,0.005588,0.002,0.002007,5.427E-4,0.0,0.0,3.079E-6,0.001024,1.553E-4,0.9944,0.001006,0.001514,7.866E-4,8.048E-4,2.994E-4,0.0,0.02018,0.001673,0.002126,0.001942,0.177,0.004749,7.873E-4,5.53E-4,3.902E-4,2.81E-4,
0.0,1257.0,162.5,150.6,131.0,0.4307,11.53,0.6956,0.4036,0.8263,0.4518,0.0,344.3,0.09849,1.616,0.1277,0.2885,0.487,0.1008,0.3211,1.927,10.6,0.0,344.3,0.09849,1.616,0.1277,0.2885,0.487,0.1008,0.3211,1.927,10.6,0.0,0.0,0.0,0.0,0.0,0.0,0.0,0.0,0.0,0.0,0.0,0.0,0.0,177.8,140.4,45.1,1026.0,228.3,7.212,3.798,5.5,2.206,0.0,92.96,12.89,17.0,63.22,29.49,2.043,0.04341,0.09908,0.06486,0.04324,0.0,0.0,0.0,0.0,0.0,0.0,0.0,0.0,0.0,0.0,0.0,0.0,0.0,0.0,0.0,0.0,0.0,0.0,0.0,0.0,0.0,0.0,0.0,0.0,0.0,0.0,0.0,0.0,0.0,0.0,0.0,0.0,0.0,0.0,0.0,1.0E-4,0.0,85900.0,207100.0,614900.0,57290.0,3.667E7,85550.0,80650.0,58610.0,59790.0,25110.0,0.0,1.3099999999999999E-37,6.211E-38,3.905E-37,3.155E-37,3.754E-38,2.758E-38,6.863E-40,2.604E-40,4.554E-40,1.943E-40,2.08E-35,0.0,0.2786,0.9187,1.435,1.054,0.1662,0.08176,0.006123,0.002172,0.002609,6.469E-4,0.0,0.0,0.003128,0.01521,2.725E-4,0.9764,1.389E-4,0.00192,0.001255,0.001367,3.381E-4,0.0,0.02023,0.002085,0.004249,0.00195,0.1742,0.004504,8.679E-4,5.891E-4,4.551E-4,2.795E-4,
0.0,1253.0,166.9,152.8,134.3,0.3763,14.11,0.7896,0.4202,0.767,0.4619,0.0,344.3,0.08287,1.724,0.1244,0.1987,0.4843,0.1016,0.3054,1.866,10.67,0.0,344.3,0.08287,1.724,0.1244,0.1987,0.4843,0.1016,0.3054,1.866,10.67,0.0,0.0,0.0,0.0,0.0,0.0,0.0,0.0,0.0,0.0,0.0,0.0,0.0,175.1,131.2,46.42,1027.0,232.3,6.813,3.928,2.406,2.238,0.0,92.65,13.06,15.1,58.37,29.67,0.3342,0.0248,0.08622,0.03708,0.03751,0.0,0.0,0.0,0.0,0.0,0.0,0.0,0.0,0.0,0.0,0.0,0.0,0.0,0.0,0.0,0.0,0.0,0.0,0.0,0.0,0.0,0.0,0.0,0.0,0.0,0.0,0.0,0.0,0.0,0.0,0.0,0.0,0.0,0.0,0.0,1.0E-4,0.0,86570.0,128400.0,120200.0,51880.0,3.465E7,80470.0,34190.0,56210.0,56990.0,24660.0,0.0,1.27E-37,6.955E-38,4.06E-37,3.0909999999999998E-37,2.065E-38,2.781E-38,7.273E-40,2.594E-40,1.2879999999999999E-40,1.907E-40,2.08E-35,0.0,0.2687,0.9289,1.54,1.041,0.06689,0.08824,0.006418,0.00217,0.001868,6.216E-4,0.0,0.0,8.59E-4,1.172E-4,2.786E-4,0.995,1.421E-4,5.588E-4,0.001283,0.001398,3.457E-4,0.0,0.02029,0.001707,0.00205,0.001936,0.177,0.00443,7.119E-4,5.995E-4,4.445E-4,2.81E-4,
0.0,1247.0,174.0,145.6,147.1,0.3254,4.548,0.7275,0.3769,0.7893,0.4351,0.0,344.3,0.08299,1.721,0.1217,0.1986,0.4871,0.1012,0.3139,1.581,10.95,0.0,344.3,0.08299,1.721,0.1217,0.1986,0.4871,0.1012,0.3139,1.581,10.95,0.0,0.0,0.0,0.0,0.0,0.0,0.0,0.0,0.0,0.0,0.0,0.0,0.0,177.3,132.3,28.94,1029.0,251.0,4.927,4.174,2.483,2.351,0.0,91.32,16.39,16.18,56.67,29.54,0.3105,0.02386,0.08514,0.03673,0.03697,0.0,0.0,0.0,0.0,0.0,0.0,0.0,0.0,0.0,0.0,0.0,0.0,0.0,0.0,0.0,0.0,0.0,0.0,0.0,0.0,0.0,0.0,0.0,0.0,0.0,0.0,0.0,0.0,0.0,0.0,0.0,0.0,0.0,0.0,0.0,7.942E-4,0.0,86630.0,128000.0,117300.0,46960.0,3.259E7,75430.0,33320.0,54560.0,55130.0,24720.0,0.0,1.1649999999999999E-37,6.141E-38,4.0059999999999996E-37,3.269E-37,2.054E-38,8.017E-39,5.502E-40,1.203E-40,1.252E-40,1.267E-40,2.08E-35,0.0,0.2468,0.9564,1.528,1.092,0.06662,0.03751,0.006244,0.002087,0.002149,4.887E-4,0.0,0.0,8.754E-4,1.195E-4,2.839E-4,0.9949,1.448E-4,5.695E-4,0.001308,0.001425,3.523E-4,0.0,0.0203,0.001723,0.002053,0.001868,0.1769,0.004477,7.104E-4,6.111E-4,4.459E-4,2.816E-4,
0.0,1248.0,173.2,144.5,151.7,0.2998,4.469,0.8011,0.3753,0.7927,0.4364,0.0,344.3,0.08093,1.722,0.1221,0.1987,0.4827,0.1264,0.2917,1.581,10.95,0.0,344.3,0.08093,1.722,0.1221,0.1987,0.4827,0.1264,0.2917,1.581,10.95,0.0,0.0,0.0,0.0,0.0,0.0,0.0,0.0,0.0,0.0,0.0,0.0,0.0,176.5,133.0,29.41,1021.0,248.5,5.606,4.732,2.62,2.573,0.0,108.5,12.61,15.19,41.46,29.16,0.3093,0.02346,0.08382,0.03641,0.03641,0.0,0.0,0.0,0.0,0.0,0.0,0.0,0.0,0.0,0.0,0.0,0.0,0.0,0.0,0.0,0.0,0.0,0.0,0.0,0.0,0.0,0.0,0.0,0.0,0.0,0.0,0.0,0.0,0.0,0.0,0.0,0.0,0.0,0.0,0.0,1.0E-4,0.0,87940.0,130400.0,113300.0,44570.0,3.048E7,69280.0,33060.0,54710.0,55580.0,24140.0,0.0,1.218E-37,5.916E-38,3.984E-37,3.22E-37,2.052E-38,7.893E-39,6.08E-40,1.195E-40,1.224E-40,1.258E-40,2.08E-35,0.0,0.2756,0.9447,1.529,1.075,0.06648,0.03687,0.006834,0.002088,0.00215,4.918E-4,0.0,0.0,9.735E-4,1.329E-4,3.157E-4,0.9944,1.61E-4,6.333E-4,0.001454,0.001584,3.918E-4,0.0,0.02033,0.001735,0.002054,0.001852,0.1766,0.004401,7.862E-4,6.333E-4,4.689E-4,2.879E-4,
0.0,1250.0,170.8,143.3,158.6,0.4451,4.388,0.8186,0.7154,0.8491,0.3836,0.0,344.3,0.08561,1.702,0.1248,0.2102,0.4786,0.1271,0.2925,1.954,10.58,0.0,344.3,0.08561,1.702,0.1248,0.2102,0.4786,0.1271,0.2925,1.954,10.58,0.0,0.0,0.0,0.0,0.0,0.0,0.0,0.0,0.0,0.0,0.0,0.0,0.0,178.0,134.3,31.14,1030.0,240.4,5.861,6.835,2.87,3.451,0.0,108.5,13.29,14.23,35.58,29.15,0.3098,0.02324,0.09001,0.03603,0.03583,0.0,0.0,0.0,0.0,0.0,0.0,0.0,0.0,0.0,0.0,0.0,0.0,0.0,0.0,0.0,0.0,0.0,0.0,0.0,0.0,0.0,0.0,0.0,0.0,0.0,0.0,0.0,0.0,0.0,0.0,0.0,0.0,0.0,0.0,0.0,1.0E-4,0.0,88160.0,132600.0,115300.0,43190.0,2.84E7,66300.0,32470.0,53730.0,54540.0,23700.0,0.0,1.22E-37,5.952E-38,3.8799999999999995E-37,3.23E-37,2.392E-38,7.688999999999999E-39,6.195E-40,6.642E-40,1.212E-40,1.276E-40,2.08E-35,0.0,0.2867,0.9388,1.498,1.087,0.07579,0.03647,0.006978,0.003516,0.002155,4.962E-4,0.0,0.0,0.001038,1.417E-4,3.367E-4,0.994,1.717E-4,6.753E-4,0.001551,0.001689,4.177E-4,0.0,0.02034,0.00175,0.002049,0.001869,0.1765,0.004308,8.104E-4,6.577E-4,4.853E-4,2.911E-4,
0.0,1250.0,169.6,144.0,157.9,0.1993,4.387,0.8178,0.7189,0.8499,0.3888,0.0,344.3,0.08123,1.676,0.1677,0.1982,0.4761,0.1271,0.2921,1.955,10.58,0.0,344.3,0.08123,1.676,0.1677,0.1982,0.4761,0.1271,0.2921,1.955,10.58,0.0,0.0,0.0,0.0,0.0,0.0,0.0,0.0,0.0,0.0,0.0,0.0,0.0,178.3,134.3,31.56,1034.0,239.6,5.905,7.121,2.973,3.567,0.0,108.5,13.87,14.74,35.65,29.28,0.3075,0.02324,0.08325,0.0358,0.03541,0.0,0.0,0.0,0.0,0.0,0.0,0.0,0.0,0.0,0.0,0.0,0.0,0.0,0.0,0.0,0.0,0.0,0.0,0.0,0.0,0.0,0.0,0.0,0.0,0.0,0.0,0.0,0.0,0.0,0.0,0.0,0.0,0.0,0.0,0.0,1.0E-4,0.0,88210.0,132100.0,112600.0,42940.0,2.707E7,62590.0,32360.0,53770.0,54770.0,23540.0,0.0,1.22E-37,5.874E-38,3.888E-37,3.221E-37,2.067E-38,7.685E-39,6.169E-40,6.6229999999999996E-40,1.193E-40,1.264E-40,2.08E-35,0.0,0.2867,0.9323,1.51,1.09,0.0668,0.0364,0.006973,0.003514,0.002158,5.037E-4,0.0,0.0,0.001104,1.506E-4,3.58E-4,0.9936,1.825E-4,7.181E-4,0.001649,0.001796,4.442E-4,0.0,0.02035,0.00176,0.002043,0.001872,0.1762,0.004272,8.163E-4,6.697E-4,5.024E-4,2.958E-4,
0.0,1246.0,173.0,145.7,163.2,0.1429,4.357,0.8316,0.7237,0.8536,0.3844,0.0,344.3,0.08118,1.722,0.1224,0.1977,0.4719,0.1277,0.2923,2.677,9.856,0.0,344.3,0.08118,1.722,0.1224,0.1977,0.4719,0.1277,0.2923,2.677,9.856,0.0,0.0,0.0,0.0,0.0,0.0,0.0,0.0,0.0,0.0,0.0,0.0,0.0,178.8,134.0,31.76,1042.0,239.0,6.03,7.232,2.983,3.614,0.0,107.6,15.05,11.15,32.4,28.95,0.3059,0.02316,0.08059,0.03546,0.03499,0.0,0.0,0.0,0.0,0.0,0.0,0.0,0.0,0.0,0.0,0.0,0.0,0.0,0.0,0.0,0.0,0.0,0.0,0.0,0.0,0.0,0.0,0.0,0.0,0.0,0.0,0.0,0.0,0.0,0.0,0.0,0.0,0.0,0.0,0.0,1.0E-4,0.0,88280.0,130600.0,106600.0,41050.0,2.588E7,58900.0,31020.0,51320.0,52260.0,22630.0,0.0,1.148E-37,5.759E-38,3.865E-37,3.2159999999999998E-37,2.056E-38,7.598E-39,6.241E-40,6.606E-40,1.178E-40,1.228E-40,2.08E-35,0.0,0.2699,0.9242,1.532,1.095,0.0653,0.03609,0.007088,0.003518,0.002164,4.966E-4,0.0,0.0,0.001104,1.506E-4,3.58E-4,0.9936,1.825E-4,7.181E-4,0.001649,0.001796,4.442E-4,0.0,0.02037,0.001776,0.002034,0.001869,0.1762,0.00421,8.274E-4,6.692E-4,5.05E-4,2.929E-4,
0.0,1247.0,168.9,151.5,165.9,0.2432,4.033,1.021,0.6143,0.8048,0.3588,0.0,344.3,0.08208,1.705,0.1371,0.4647,0.4673,0.1363,0.2956,3.326,8.93,0.0,344.3,0.08208,1.705,0.1371,0.4647,0.4673,0.1363,0.2956,3.326,8.93,0.0,0.0,0.0,0.0,0.0,0.0,0.0,0.0,0.0,0.0,0.0,0.0,0.0,177.1,133.6,28.35,1040.0,250.7,7.533,4.181,3.372,3.532,0.0,107.6,11.38,12.45,28.55,29.05,0.3048,0.02305,0.102,0.05769,0.05093,0.0,0.0,0.0,0.0,0.0,0.0,0.0,0.0,0.0,0.0,0.0,0.0,0.0,0.0,0.0,0.0,0.0,0.0,0.0,0.0,0.0,0.0,0.0,0.0,0.0,0.0,0.0,0.0,0.0,0.0,0.0,0.0,0.0,0.0,0.0,6.771E-4,0.0,88490.0,129400.0,106900.0,39520.0,2.588E7,56160.0,31850.0,57960.0,60540.0,32650.0,0.0,1.19E-37,5.642E-38,3.8209999999999996E-37,3.197E-37,2.056E-38,6.572E-39,7.777E-40,5.481E-40,1.3069999999999999E-40,1.201E-40,2.08E-35,0.0,0.2837,0.892,1.547,1.095,0.06626,0.03353,0.008639,0.003456,0.002204,4.818E-4,0.0,0.0,0.001104,1.506E-4,3.58E-4,0.9936,1.825E-4,7.181E-4,0.001649,0.001796,4.442E-4,0.0,0.02039,0.001764,0.002027,0.001843,0.1759,0.004079,9.997E-4,7.353E-4,6.016E-4,3.902E-4,
0.0,1234.0,161.9,176.4,168.3,0.2376,3.858,1.182,0.6177,0.8127,0.3517,0.0,344.3,0.09846,1.797,0.1232,0.3717,0.4569,0.1419,0.2963,4.162,8.089,0.0,344.3,0.09846,1.797,0.1232,0.3717,0.4569,0.1419,0.2963,4.162,8.089,0.0,0.0,0.0,0.0,0.0,0.0,0.0,0.0,0.0,0.0,0.0,0.0,0.0,174.2,108.1,24.27,1076.0,247.5,8.854,4.525,3.264,3.533,0.0,104.3,10.04,9.751,30.93,25.87,0.3073,0.02479,0.1084,0.05689,0.05687,0.0,0.0,0.0,0.0,0.0,0.0,0.0,0.0,0.0,0.0,0.0,0.0,0.0,0.0,0.0,0.0,0.0,0.0,0.0,0.0,0.0,0.0,0.0,0.0,0.0,0.0,0.0,0.0,0.0,0.0,0.0,0.0,0.0,0.0,0.0,1.0E-4,0.0,88410.0,127100.0,87070.0,41710.0,2.661E7,51270.0,31170.0,55160.0,56440.0,27320.0,0.0,9.464E-38,5.84E-38,3.846E-37,3.189E-37,1.486E-38,6.375E-39,9.029999999999999E-40,5.437E-40,1.197E-40,1.059E-40,2.08E-35,0.0,0.2257,0.84,1.665,1.101,0.04928,0.03211,0.009955,0.003479,0.002228,4.755E-4,0.0,0.0,0.001104,1.506E-4,3.58E-4,0.9936,1.825E-4,7.181E-4,0.001649,0.001796,4.442E-4,0.0,0.02037,0.001827,0.002083,0.001924,0.1759,0.003869,0.001119,7.051E-4,5.542E-4,3.191E-4,
0.0,1228.0,166.6,179.9,168.5,0.3212,3.977,0.8499,0.5646,0.7356,0.3554,0.0,344.3,0.0677,1.779,0.1209,0.2187,0.4664,0.1306,0.2961,4.161,8.286,0.0,344.3,0.0677,1.779,0.1209,0.2187,0.4664,0.1306,0.2961,4.161,8.286,0.0,0.0,0.0,0.0,0.0,0.0,0.0,0.0,0.0,0.0,0.0,0.0,0.0,211.6,66.9,26.23,1085.0,243.9,6.516,6.383,3.505,2.749,0.0,102.6,10.51,8.698,30.62,26.04,0.3096,0.02491,0.1013,0.05667,0.03792,0.0,0.0,0.0,0.0,0.0,0.0,0.0,0.0,0.0,0.0,0.0,0.0,0.0,0.0,0.0,0.0,0.0,0.0,0.0,0.0,0.0,0.0,0.0,0.0,0.0,0.0,0.0,0.0,0.0,0.0,0.0,0.0,0.0,0.0,0.0,1.0E-4,0.0,88380.0,132200.0,86660.0,42200.0,2.775E7,51030.0,30100.0,56470.0,58180.0,20380.0,0.0,8.444E-38,4.875E-38,3.804E-37,3.221E-37,1.872E-38,6.520999999999999E-39,6.479E-40,5.327E-40,9.975E-41,9.235999999999998E-41,2.08E-35,0.0,0.2014,0.8339,1.666,1.116,0.06073,0.03272,0.007092,0.002781,0.001358,4.406E-4,0.0,0.0,0.001104,1.506E-4,3.58E-4,0.9936,1.825E-4,7.181E-4,0.001649,0.001796,4.442E-4,0.0,0.02035,0.001924,0.001962,0.00192,0.176,0.004138,8.631E-4,7.12E-4,5.585E-4,2.514E-4,
0.0,1228.0,165.0,171.2,165.3,0.3003,4.152,0.8717,0.5615,0.7368,0.3619,0.0,344.3,0.06665,1.747,0.1202,0.2404,0.4625,0.1808,0.2464,4.161,8.286,0.0,344.3,0.06665,1.747,0.1202,0.2404,0.4625,0.1808,0.2464,4.161,8.286,0.0,0.0,0.0,0.0,0.0,0.0,0.0,0.0,0.0,0.0,0.0,0.0,0.0,215.4,79.15,27.89,1076.0,240.3,6.783,7.78,3.934,3.407,0.0,102.6,9.365,8.411,36.45,33.22,0.3217,0.05982,0.08709,0.08323,0.04168,0.0,0.0,0.0,0.0,0.0,0.0,0.0,0.0,0.0,0.0,0.0,0.0,0.0,0.0,0.0,0.0,0.0,0.0,0.0,0.0,0.0,0.0,0.0,0.0,0.0,0.0,0.0,0.0,0.0,0.0,0.0,0.0,0.0,0.0,0.0,1.0E-4,0.0,88530.0,285500.0,321400.0,75220.0,2.78E7,50460.0,26910.0,49210.0,50640.0,18470.0,0.0,8.671E-38,4.633E-38,3.68E-37,3.185E-37,2.745E-38,7.022E-39,6.544E-40,5.5359999999999995E-40,1.208E-40,9.889E-41,2.08E-35,0.0,0.2085,0.8256,1.622,1.117,0.09431,0.03366,0.007091,0.002867,0.001438,4.69E-4,0.0,0.0,0.007039,0.009186,0.001535,0.9786,1.395E-4,5.488E-4,0.00126,0.001373,3.395E-4,0.0,0.02037,0.002797,0.003361,0.002127,0.1734,0.004137,8.55E-4,6.772E-4,5.265E-4,2.504E-4,
0.0,1227.0,169.0,171.9,160.1,0.7663,6.1,0.8954,0.5646,0.7512,0.5267,0.0,344.3,0.06622,1.634,0.2567,0.1916,0.4812,0.1817,0.2461,4.121,8.327,0.0,344.3,0.06622,1.634,0.2567,0.1916,0.4812,0.1817,0.2461,4.121,8.327,0.0,0.0,0.0,0.0,0.0,0.0,0.0,0.0,0.0,0.0,0.0,0.0,0.0,214.7,74.09,26.97,1077.0,239.7,6.889,7.884,3.928,3.636,0.0,101.5,9.785,11.62,44.44,21.39,0.3198,0.04321,0.06921,0.07002,0.02713,0.0,0.0,0.0,0.0,0.0,0.0,0.0,0.0,0.0,0.0,0.0,0.0,0.0,0.0,0.0,0.0,0.0,0.0,0.0,0.0,0.0,0.0,0.0,0.0,0.0,0.0,0.0,0.0,0.0,0.0,0.0,0.0,0.0,0.0,0.0,8.285E-4,0.0,88680.0,190700.0,97760.0,39680.0,2.65E7,48150.0,26070.0,47010.0,49950.0,16000.0,0.0,8.845E-38,4.511E-38,3.719E-37,3.079E-37,1.549E-38,1.303E-38,6.558E-40,5.364E-40,1.024E-40,2.207E-39,2.08E-35,0.0,0.214,0.8376,1.653,1.101,0.04518,0.04504,0.007174,0.0028,0.001374,0.002007,0.0,0.0,0.003385,4.039E-4,1.498E-4,0.9923,1.415E-4,5.565E-4,0.001278,0.001392,3.442E-4,0.0,0.02039,0.00225,0.002086,0.001897,0.1755,0.004109,8.699E-4,6.793E-4,5.546E-4,2.357E-4,
0.0,1221.0,174.2,172.4,149.9,0.2093,4.348,0.8625,0.642,0.7543,0.5756,0.0,344.3,0.0698,1.782,0.1464,0.1859,0.4793,0.1459,0.4265,4.801,7.466,0.0,344.3,0.0698,1.782,0.1464,0.1859,0.4793,0.1459,0.4265,4.801,7.466,0.0,0.0,0.0,0.0,0.0,0.0,0.0,0.0,0.0,0.0,0.0,0.0,0.0,213.2,74.49,27.1,1083.0,238.4,6.599,8.319,4.325,4.149,0.0,99.81,10.29,14.55,54.02,21.89,0.3111,0.03714,0.06752,0.06798,0.02471,0.0,0.0,0.0,0.0,0.0,0.0,0.0,0.0,0.0,0.0,0.0,0.0,0.0,0.0,0.0,0.0,0.0,0.0,0.0,0.0,0.0,0.0,0.0,0.0,0.0,0.0,0.0,0.0,0.0,0.0,0.0,0.0,0.0,0.0,0.0,1.001E-4,0.0,89640.0,116000.0,92160.0,42220.0,2.517E7,45840.0,25700.0,45590.0,48350.0,15660.0,0.0,7.854E-38,4.495E-38,3.7499999999999998E-37,3.082E-37,1.434E-38,7.68E-39,5.651E-40,6.039E-40,1.854E-40,2.312E-39,2.08E-35,0.0,0.1952,0.849,1.671,1.1,0.04323,0.03464,0.006851,0.003098,0.001743,0.002461,0.0,0.0,1.038E-4,4.105E-4,1.522E-4,0.9956,1.438E-4,5.655E-4,0.001298,0.001415,3.498E-4,0.0,0.02042,0.001781,0.00208,0.001908,0.1758,0.004029,8.757E-4,6.87E-4,5.626E-4,2.413E-4,
0.0,1221.0,174.7,168.2,147.8,0.9363,4.189,0.7899,0.6257,0.7548,0.5744,0.0,344.3,0.0757,1.771,0.1488,0.1879,0.5664,0.1534,0.427,4.634,7.536,0.0,344.3,0.0757,1.771,0.1488,0.1879,0.5664,0.1534,0.427,4.634,7.536,0.0,0.0,0.0,0.0,0.0,0.0,0.0,0.0,0.0,0.0,0.0,0.0,0.0,213.6,73.17,29.18,1079.0,237.2,6.861,8.629,4.392,4.274,0.0,99.82,12.2,18.1,52.64,22.77,0.2992,0.03479,0.06699,0.06733,0.0238,0.0,0.0,0.0,0.0,0.0,0.0,0.0,0.0,0.0,0.0,0.0,0.0,0.0,0.0,0.0,0.0,0.0,0.0,0.0,0.0,0.0,0.0,0.0,0.0,0.0,0.0,0.0,0.0,0.0,0.0,0.0,0.0,0.0,0.0,0.0,1.0E-4,0.0,90290.0,118000.0,94860.0,44030.0,2.447E7,43640.0,26810.0,45910.0,49110.0,15960.0,0.0,7.855E-38,4.902E-38,3.675E-37,3.065E-37,1.753E-38,6.695E-39,5.825E-40,6.039E-40,1.845E-40,2.316E-39,2.08E-35,0.0,0.1953,0.8659,1.645,1.098,0.05508,0.03399,0.006186,0.002943,0.001747,0.002472,0.0,0.0,1.094E-4,4.327E-4,1.605E-4,0.9953,1.516E-4,5.962E-4,0.001369,0.001491,3.688E-4,0.0,0.02046,0.001769,0.00215,0.001899,0.1753,0.003906,9.577E-4,6.441E-4,5.713E-4,2.551E-4,
0.0,1222.0,173.1,167.0,144.1,0.2249,4.473,0.7926,0.5946,0.7861,0.59,0.0,344.3,0.07052,1.736,0.1269,0.1954,0.5867,0.1564,0.4995,4.258,7.864,0.0,344.3,0.07052,1.736,0.1269,0.1954,0.5867,0.1564,0.4995,4.258,7.864,0.0,0.0,0.0,0.0,0.0,0.0,0.0,0.0,0.0,0.0,0.0,0.0,0.0,214.3,73.11,29.54,1069.0,237.2,6.865,8.639,4.403,4.277,0.0,99.82,12.81,9.949,67.16,21.84,0.3024,0.03355,0.06357,0.05586,0.02185,0.0,0.0,0.0,0.0,0.0,0.0,0.0,0.0,0.0,0.0,0.0,0.0,0.0,0.0,0.0,0.0,0.0,0.0,0.0,0.0,0.0,0.0,0.0,0.0,0.0,0.0,0.0,0.0,0.0,0.0,0.0,0.0,0.0,0.0,0.0,1.001E-4,0.0,90680.0,117000.0,91860.0,43260.0,2.396E7,43670.0,27350.0,46520.0,49820.0,16150.0,0.0,8.11E-38,4.535E-38,3.513E-37,3.106E-37,1.619E-38,1.731E-38,5.833E-40,6.015E-40,1.835E-40,2.3139999999999998E-39,2.08E-35,0.0,0.2017,0.8497,1.623,1.113,0.05076,0.05185,0.006195,0.002896,0.001771,0.002487,0.0,0.0,1.13E-4,4.469E-4,1.657E-4,0.9952,1.565E-4,6.157E-4,0.001414,0.00154,3.809E-4,0.0,0.0205,0.001734,0.002141,0.001894,0.175,0.003883,9.631E-4,6.453E-4,5.819E-4,2.58E-4,
0.0,1224.0,174.2,166.7,141.0,0.2086,4.321,1.13,0.5942,0.7953,0.584,0.0,344.3,0.08071,1.752,0.1275,0.1972,0.5262,0.1664,0.4209,3.984,8.214,0.0,344.3,0.08071,1.752,0.1275,0.1972,0.5262,0.1664,0.4209,3.984,8.214,0.0,0.0,0.0,0.0,0.0,0.0,0.0,0.0,0.0,0.0,0.0,0.0,0.0,216.4,75.03,29.98,1075.0,235.2,8.255,8.819,4.456,4.348,0.0,99.82,12.6,10.83,60.2,27.34,0.7009,0.03283,0.06325,0.05549,0.02153,0.0,0.0,0.0,0.0,0.0,0.0,0.0,0.0,0.0,0.0,0.0,0.0,0.0,0.0,0.0,0.0,0.0,0.0,0.0,0.0,0.0,0.0,0.0,0.0,0.0,0.0,0.0,0.0,0.0,0.0,0.0,0.0,0.0,0.0,0.0,1.0E-4,0.0,90770.0,118700.0,90360.0,45970.0,2.316E7,41900.0,28780.0,46470.0,49760.0,16280.0,0.0,8.582999999999999E-38,5.183E-38,3.515E-37,2.98E-37,1.976E-38,8.155999999999999E-39,7.333E-40,6.018E-40,1.839E-40,2.313E-39,2.08E-35,0.0,0.2185,0.8665,1.622,1.073,0.06542,0.03331,0.00903,0.0029,0.00179,0.00248,0.0,0.0,1.154E-4,4.566E-4,1.693E-4,0.9951,1.599E-4,6.291E-4,0.001444,0.001574,3.892E-4,0.0,0.02051,0.001733,0.002131,0.001908,0.1749,0.003705,0.001113,6.489E-4,5.889E-4,2.583E-4,
0.0,1224.0,173.2,168.1,155.3,0.3757,4.169,1.206,0.598,0.7976,0.5806,0.0,344.3,0.09019,1.753,0.1158,0.1984,0.5215,0.1693,0.4212,4.406,7.792,0.0,344.3,0.09019,1.753,0.1158,0.1984,0.5215,0.1693,0.4212,4.406,7.792,0.0,0.0,0.0,0.0,0.0,0.0,0.0,0.0,0.0,0.0,0.0,0.0,0.0,218.0,75.18,29.25,1082.0,233.4,8.942,9.183,4.534,4.495,0.0,99.82,10.04,8.592,51.88,25.28,0.6212,0.03237,0.06316,0.05542,0.02137,0.0,0.0,0.0,0.0,0.0,0.0,0.0,0.0,0.0,0.0,0.0,0.0,0.0,0.0,0.0,0.0,0.0,0.0,0.0,0.0,0.0,0.0,0.0,0.0,0.0,0.0,0.0,0.0,0.0,0.0,0.0,0.0,0.0,0.0,0.0,1.001E-4,0.0,90820.0,119900.0,89450.0,44730.0,2.269E7,41120.0,30370.0,47120.0,50830.0,16730.0,0.0,8.582999999999999E-38,4.815E-38,3.474E-37,3.056E-37,1.733E-38,7.627E-39,7.935E-40,6.035E-40,1.84E-40,2.311E-39,2.08E-35,0.0,0.2185,0.8478,1.615,1.108,0.05521,0.03179,0.009649,0.002911,0.001803,0.002471,0.0,0.0,1.204E-4,4.763E-4,1.766E-4,0.9948,1.668E-4,6.563E-4,0.001507,0.001642,4.06E-4,0.0,0.02052,0.001727,0.002135,0.001904,0.1746,0.003593,0.001185,6.594E-4,6.004E-4,2.58E-4,
0.0,1220.0,175.0,164.7,158.7,2.67,4.262,1.681,0.5989,0.7982,0.5801,0.0,344.3,0.07522,1.677,0.1417,0.2567,0.5569,0.1851,0.4327,4.413,7.728,0.0,344.3,0.07522,1.677,0.1417,0.2567,0.5569,0.1851,0.4327,4.413,7.728,0.0,0.0,0.0,0.0,0.0,0.0,0.0,0.0,0.0,0.0,0.0,0.0,0.0,207.2,81.81,29.82,1082.0,232.9,8.886,9.214,4.393,4.53,0.0,98.94,9.612,8.575,56.99,20.35,0.5587,0.09218,0.06176,0.05389,0.02067,0.0,0.0,0.0,0.0,0.0,0.0,0.0,0.0,0.0,0.0,0.0,0.0,0.0,0.0,0.0,0.0,0.0,0.0,0.0,0.0,0.0,0.0,0.0,0.0,0.0,0.0,0.0,0.0,0.0,0.0,0.0,0.0,0.0,0.0,0.0,4.551E-4,0.0,90800.0,137500.0,309900.0,57670.0,2.211E7,48560.0,29130.0,42550.0,46130.0,15830.0,0.0,8.078E-38,4.523E-38,3.3599999999999998E-37,3.0479999999999997E-37,2.751E-38,7.657E-39,2.8269999999999998E-39,6.19E-40,2.001E-40,2.3139999999999998E-39,2.08E-35,0.0,0.2056,0.8381,1.577,1.113,0.1081,0.03189,0.01206,0.002978,0.001874,0.002486,0.0,0.0,0.001078,0.01128,8.009E-4,0.9828,4.347E-4,5.561E-4,0.001277,0.001391,3.44E-4,0.0,0.02051,0.001834,0.003749,0.002001,0.1726,0.003617,0.001172,6.259E-4,5.64E-4,2.478E-4,
0.0,1220.0,173.7,165.9,162.1,0.3056,4.786,1.251,0.6471,0.8056,0.5752,0.0,344.3,0.07478,1.73,0.1526,0.1907,0.5606,0.1801,0.4369,4.593,7.547,0.0,344.3,0.07478,1.73,0.1526,0.1907,0.5606,0.1801,0.4369,4.593,7.547,0.0,0.0,0.0,0.0,0.0,0.0,0.0,0.0,0.0,0.0,0.0,0.0,0.0,208.2,75.41,29.92,1092.0,233.5,7.285,9.844,4.409,4.604,0.0,98.94,9.6,23.65,38.28,22.69,0.3185,0.02828,0.06123,0.05321,0.01969,0.0,0.0,0.0,0.0,0.0,0.0,0.0,0.0,0.0,0.0,0.0,0.0,0.0,0.0,0.0,0.0,0.0,0.0,0.0,0.0,0.0,0.0,0.0,0.0,0.0,0.0,0.0,0.0,0.0,0.0,0.0,0.0,0.0,0.0,0.0,1.001E-4,0.0,90850.0,139100.0,95900.0,59200.0,2.206E7,49320.0,27880.0,43680.0,46900.0,16250.0,0.0,8.078E-38,4.495E-38,3.456E-37,3.0489999999999997E-37,1.548E-38,8.164E-39,1.8239999999999998E-39,6.491E-40,1.822E-40,2.3089999999999998E-39,2.08E-35,0.0,0.2057,0.8319,1.629,1.116,0.05797,0.03388,0.008703,0.003336,0.001796,0.002478,0.0,0.0,0.001107,2.388E-5,8.229E-4,0.9939,4.466E-4,5.713E-4,0.001312,0.001429,3.534E-4,0.0,0.02052,0.001831,0.002118,0.001997,0.1736,0.003722,0.001003,6.812E-4,5.691E-4,2.484E-4,
0.0,1204.0,184.3,183.2,160.3,0.3892,9.915,1.381,0.5971,0.8408,0.5356,0.0,344.3,0.07082,1.79,0.1167,0.1644,0.5523,0.1841,0.7663,4.297,7.513,0.0,344.3,0.07082,1.79,0.1167,0.1644,0.5523,0.1841,0.7663,4.297,7.513,0.0,0.0,0.0,0.0,0.0,0.0,0.0,0.0,0.0,0.0,0.0,0.0,0.0,209.8,73.78,27.8,1088.0,231.5,8.894,10.12,4.405,4.669,0.0,106.6,3.115,10.29,38.97,18.94,0.2989,0.01429,0.04015,0.02904,0.009066,0.0,0.0,0.0,0.0,0.0,0.0,0.0,0.0,0.0,0.0,0.0,0.0,0.0,0.0,0.0,0.0,0.0,0.0,0.0,0.0,0.0,0.0,0.0,0.0,0.0,0.0,0.0,0.0,0.0,0.0,0.0,0.0,0.0,0.0,0.0,1.0E-4,0.0,92700.0,148700.0,94990.0,43180.0,2.188E7,46790.0,28440.0,43420.0,46480.0,15970.0,0.0,6.523E-38,4.428E-38,3.466E-37,2.847E-37,1.307E-38,2.069E-38,1.894E-39,6.118E-40,1.691E-40,2.302E-39,2.08E-35,0.0,0.1755,0.7974,1.723,1.071,0.04992,0.05431,0.009661,0.003231,0.001767,0.002455,0.0,0.0,0.001153,2.487E-5,8.568E-4,0.9937,4.65E-4,5.949E-4,0.001366,0.001488,3.68E-4,0.0,0.02054,0.001926,0.002111,0.001841,0.1733,0.003546,0.001127,6.957E-4,5.73E-4,2.462E-4,
0.0,1206.0,184.4,182.2,158.8,0.5674,5.132,1.382,0.5977,0.8407,0.5316,0.0,344.3,0.07089,1.796,0.119,0.1555,0.55,0.1843,0.7663,4.59,7.22,0.0,344.3,0.07089,1.796,0.119,0.1555,0.55,0.1843,0.7663,4.59,7.22,0.0,0.0,0.0,0.0,0.0,0.0,0.0,0.0,0.0,0.0,0.0,0.0,0.0,216.1,74.44,28.05,1076.0,230.8,8.964,10.45,4.559,4.799,0.0,106.6,2.847,9.059,41.6,19.95,0.2871,0.01455,0.0424,0.03164,0.009992,0.0,0.0,0.0,0.0,0.0,0.0,0.0,0.0,0.0,0.0,0.0,0.0,0.0,0.0,0.0,0.0,0.0,0.0,0.0,0.0,0.0,0.0,0.0,0.0,0.0,0.0,0.0,0.0,0.0,0.0,0.0,0.0,0.0,0.0,0.0,1.001E-4,0.0,94330.0,152300.0,91180.0,45260.0,2.142E7,44840.0,29170.0,45230.0,48340.0,16340.0,0.0,7.069E-38,4.518E-38,3.449E-37,2.891E-37,1.13E-38,9.238999999999999E-39,1.893E-39,6.133E-40,1.6859999999999999E-40,2.2999999999999998E-39,2.08E-35,0.0,0.1885,0.8113,1.699,1.074,0.04838,0.03459,0.009665,0.003236,0.001771,0.002448,0.0,0.0,0.001292,2.787E-5,9.602E-4,0.9929,5.212E-4,6.667E-4,0.001531,0.001668,4.124E-4,0.0,0.02057,0.001941,0.002117,0.001851,0.1731,0.003502,0.00114,7.23E-4,6.025E-4,2.501E-4,
0.0,1206.0,182.9,178.2,157.1,0.5879,8.833,1.139,0.6008,0.8427,0.5157,0.0,344.3,0.08676,1.702,0.1253,0.1576,2.326,0.2113,0.8546,3.574,6.414,0.0,344.3,0.08676,1.702,0.1253,0.1576,2.326,0.2113,0.8546,3.574,6.414,0.0,0.0,0.0,0.0,0.0,0.0,0.0,0.0,0.0,0.0,0.0,0.0,0.0,216.8,76.01,28.18,1081.0,230.1,8.656,10.75,4.6,4.912,0.0,106.6,2.642,10.16,43.15,20.02,0.3737,0.02063,0.04275,0.03204,0.01006,0.0,0.0,0.0,0.0,0.0,0.0,0.0,0.0,0.0,0.0,0.0,0.0,0.0,0.0,0.0,0.0,0.0,0.0,0.0,0.0,0.0,0.0,0.0,0.0,0.0,0.0,0.0,0.0,0.0,0.0,0.0,0.0,0.0,0.0,0.0,1.0E-4,0.0,94380.0,154300.0,92270.0,45760.0,2.111E7,43320.0,29600.0,46140.0,49210.0,16510.0,0.0,7.069E-38,4.654E-38,3.2529999999999997E-37,2.875E-37,1.199E-38,2.539E-38,1.708E-39,6.161E-40,1.653E-40,2.312E-39,2.08E-35,0.0,0.1885,0.814,1.652,1.082,0.05126,0.06504,0.008957,0.00325,0.001722,0.002467,0.0,0.0,0.001375,2.966E-5,0.001022,0.9925,5.547E-4,7.096E-4,0.001629,0.001775,4.389E-4,0.0,0.02059,0.001941,0.002102,0.001868,0.173,0.003444,0.001151,7.39E-4,6.152E-4,2.732E-4,
0.0,1202.0,188.4,171.5,162.9,1.161,8.224,1.11,0.5963,0.8407,1.389,0.0,344.3,0.0984,1.685,0.1185,0.1831,1.634,0.1707,0.3814,2.748,8.43,0.0,344.3,0.0984,1.685,0.1185,0.1831,1.634,0.1707,0.3814,2.748,8.43,0.0,0.0,0.0,0.0,0.0,0.0,0.0,0.0,0.0,0.0,0.0,0.0,0.0,217.5,77.35,28.28,1083.0,229.7,8.661,10.76,4.6,4.912,0.0,105.6,3.723,10.09,40.11,21.74,0.2636,0.01573,0.04273,0.03203,0.01005,0.0,0.0,0.0,0.0,0.0,0.0,0.0,0.0,0.0,0.0,0.0,0.0,0.0,0.0,0.0,0.0,0.0,0.0,0.0,0.0,0.0,0.0,0.0,0.0,0.0,0.0,0.0,0.0,0.0,0.0,0.0,0.0,0.0,0.0,0.0,1.0E-4,0.0,94380.0,155300.0,95170.0,46210.0,2.12E7,41350.0,29680.0,46280.0,49340.0,16600.0,0.0,6.602E-38,5.425E-38,3.188E-37,2.8639999999999997E-37,1.539E-38,2.225E-38,1.5359999999999998E-39,6.1729999999999996E-40,1.663E-40,3.556E-39,2.08E-35,0.0,0.1761,0.8376,1.619,1.096,0.05847,0.05926,0.008638,0.003259,0.001721,0.008565,0.0,0.0,0.001375,2.966E-5,0.001022,0.9925,5.547E-4,7.096E-4,0.001629,0.001775,4.389E-4,0.0,0.02059,0.001935,0.002124,0.001861,0.173,0.003432,0.001148,7.423E-4,6.192E-4,2.719E-4,
0.0,1204.0,186.2,166.3,161.7,0.583,8.954,0.3906,0.6252,0.8472,1.231,0.0,344.3,0.07998,1.75,0.1214,0.1709,0.4044,0.1146,0.3747,2.28,10.14,0.0,344.3,0.07998,1.75,0.1214,0.1709,0.4044,0.1146,0.3747,2.28,10.14,0.0,0.0,0.0,0.0,0.0,0.0,0.0,0.0,0.0,0.0,0.0,0.0,0.0,221.0,77.4,28.58,1081.0,236.2,4.025,10.66,4.58,4.904,0.0,105.6,3.645,11.76,40.31,25.96,0.2356,0.01429,0.04273,0.03202,0.01005,0.0,0.0,0.0,0.0,0.0,0.0,0.0,0.0,0.0,0.0,0.0,0.0,0.0,0.0,0.0,0.0,0.0,0.0,0.0,0.0,0.0,0.0,0.0,0.0,0.0,0.0,0.0,0.0,0.0,0.0,0.0,0.0,0.0,0.0,0.0,5.77E-4,0.0,94440.0,158800.0,92590.0,46410.0,2.201E7,47400.0,24610.0,47790.0,51050.0,17080.0,0.0,7.144E-38,4.634E-38,3.25E-37,2.7829999999999998E-37,1.381E-38,1.97E-38,6.851E-40,6.142E-40,1.652E-40,3.282E-39,2.08E-35,0.0,0.1891,0.8219,1.634,1.088,0.05517,0.05871,0.002679,0.003187,0.001727,0.007493,0.0,0.0,0.001375,2.966E-5,0.001022,0.9925,5.547E-4,7.096E-4,0.001629,0.001775,4.389E-4,0.0,0.02061,0.001937,0.002103,0.001865,0.1729,0.004163,4.412E-4,7.311E-4,6.176E-4,2.578E-4,
0.0,1205.0,194.3,161.4,164.2,0.2668,7.464,0.3182,0.4559,0.9172,0.8903,0.0,344.3,0.08045,1.708,0.1631,0.1708,0.4635,0.09117,0.3481,2.843,9.57,0.0,344.3,0.08045,1.708,0.1631,0.1708,0.4635,0.09117,0.3481,2.843,9.57,0.0,0.0,0.0,0.0,0.0,0.0,0.0,0.0,0.0,0.0,0.0,0.0,0.0,223.1,77.35,28.55,1078.0,237.1,3.462,10.28,4.56,4.896,0.0,110.4,2.587,6.892,36.35,26.41,0.2401,0.01391,0.0427,0.03198,0.01001,0.0,0.0,0.0,0.0,0.0,0.0,0.0,0.0,0.0,0.0,0.0,0.0,0.0,0.0,0.0,0.0,0.0,0.0,0.0,0.0,0.0,0.0,0.0,0.0,0.0,0.0,0.0,0.0,0.0,0.0,0.0,0.0,0.0,0.0,0.0,1.0E-4,0.0,95130.0,162500.0,90910.0,46470.0,2.331E7,49170.0,26220.0,49010.0,53760.0,17880.0,0.0,7.498E-38,4.727E-38,3.21E-37,2.8049999999999998E-37,1.382E-38,1.431E-38,6.3599999999999996E-40,5.45E-40,1.6669999999999999E-40,2.838E-39,2.08E-35,0.0,0.2038,0.8829,1.571,1.084,0.05568,0.05037,0.002471,0.002363,0.001815,0.005336,0.0,0.0,0.001375,2.966E-5,0.001022,0.9925,5.547E-4,7.096E-4,0.001629,0.001775,4.389E-4,0.0,0.02065,0.001923,0.002113,0.00184,0.173,0.004253,4.9E-4,5.823E-4,6.142E-4,2.553E-4,
0.0,1205.0,173.4,184.0,157.2,0.08937,14.4,0.2411,0.452,0.9007,0.9025,0.0,344.3,0.07508,1.743,0.1306,0.1588,0.4818,0.09181,0.3631,3.245,9.147,0.0,344.3,0.07508,1.743,0.1306,0.1588,0.4818,0.09181,0.3631,3.245,9.147,0.0,0.0,0.0,0.0,0.0,0.0,0.0,0.0,0.0,0.0,0.0,0.0,0.0,226.7,75.73,28.62,1081.0,237.8,2.79,10.2,4.561,4.898,0.0,110.4,2.274,4.512,33.36,26.3,4.055,0.01384,0.04272,0.03198,0.01002,0.0,0.0,0.0,0.0,0.0,0.0,0.0,0.0,0.0,0.0,0.0,0.0,0.0,0.0,0.0,0.0,0.0,0.0,0.0,0.0,0.0,0.0,0.0,0.0,0.0,0.0,0.0,0.0,0.0,0.0,0.0,0.0,0.0,0.0,0.0,4.678E-4,0.0,95200.0,166900.0,91970.0,47540.0,2.487E7,52610.0,26990.0,51660.0,57110.0,18630.0,0.0,7.499E-38,4.377E-38,3.1919999999999997E-37,2.61E-37,1.223E-38,3.757E-38,5.76E-40,5.374E-40,1.644E-40,2.805E-39,2.08E-35,0.0,0.2038,0.7801,1.666,1.051,0.05153,0.09343,0.001842,0.002295,0.001786,0.005362,0.0,0.0,0.001375,2.966E-5,0.001022,0.9925,5.547E-4,7.096E-4,0.001629,0.001775,4.389E-4,0.0,0.02066,0.001918,0.002085,0.001839,0.1727,0.00435,4.142E-4,5.728E-4,6.09E-4,2.58E-4,
0.0,1205.0,148.1,196.2,171.1,0.1118,8.954,0.2414,0.4577,0.8952,0.9025,0.0,344.3,0.08537,1.748,0.1236,0.1609,0.4676,0.0918,1.052,2.556,9.147,0.0,344.3,0.08537,1.748,0.1236,0.1609,0.4676,0.0918,1.052,2.556,9.147,0.0,0.0,0.0,0.0,0.0,0.0,0.0,0.0,0.0,0.0,0.0,0.0,0.0,226.4,82.39,29.95,1084.0,237.9,2.807,10.23,4.583,4.908,0.0,110.4,5.098,9.494,32.41,26.98,0.3087,0.01386,0.04283,0.03206,0.01008,0.0,0.0,0.0,0.0,0.0,0.0,0.0,0.0,0.0,0.0,0.0,0.0,0.0,0.0,0.0,0.0,0.0,0.0,0.0,0.0,0.0,0.0,0.0,0.0,0.0,0.0,0.0,0.0,0.0,0.0,0.0,0.0,0.0,0.0,0.0,4.482E-4,0.0,95310.0,164100.0,99870.0,49680.0,2.652E7,53360.0,28290.0,54420.0,60140.0,19450.0,0.0,7.499E-38,4.463E-38,3.1709999999999997E-37,2.778E-37,1.314E-38,1.766E-38,5.763E-40,5.3699999999999996E-40,1.6279999999999999E-40,2.7729999999999998E-39,2.08E-35,0.0,0.2039,0.6757,1.748,1.102,0.05596,0.05741,0.001844,0.002305,0.001779,0.005362,0.0,0.0,0.001375,2.966E-5,0.001022,0.9925,5.547E-4,7.096E-4,0.001629,0.001775,4.389E-4,0.0,0.02069,0.001915,0.002088,0.001824,0.1726,0.004292,4.158E-4,5.731E-4,6.075E-4,2.58E-4,
0.0,1208.0,148.5,191.5,168.2,0.1126,10.49,0.2416,0.456,0.9118,0.8883,0.0,344.3,0.1027,1.671,0.1443,0.1972,0.4656,0.088,1.037,1.618,10.11,0.0,344.3,0.1027,1.671,0.1443,0.1972,0.4656,0.088,1.037,1.618,10.11,0.0,0.0,0.0,0.0,0.0,0.0,0.0,0.0,0.0,0.0,0.0,0.0,0.0,231.5,82.26,30.84,1083.0,238.0,2.797,10.21,4.565,4.901,0.0,110.6,4.927,8.302,27.01,29.52,4.457,0.0139,0.04295,0.03215,0.01015,0.0,0.0,0.0,0.0,0.0,0.0,0.0,0.0,0.0,0.0,0.0,0.0,0.0,0.0,0.0,0.0,0.0,0.0,0.0,0.0,0.0,0.0,0.0,0.0,0.0,0.0,0.0,0.0,0.0,0.0,0.0,0.0,0.0,0.0,0.0,1.0E-4,0.0,95600.0,160200.0,101000.0,53330.0,2.807E7,53150.0,28770.0,56160.0,62000.0,19690.0,0.0,8.309E-38,4.485E-38,3.106E-37,2.6199999999999998E-37,1.842E-38,2.267E-38,5.744E-40,5.391E-40,1.63E-40,2.74E-39,2.08E-35,0.0,0.2284,0.6791,1.708,1.082,0.06847,0.07153,0.001846,0.002306,0.001801,0.005344,0.0,0.0,0.001375,2.966E-5,0.001022,0.9925,5.547E-4,7.096E-4,0.001629,0.001775,4.389E-4,0.0,0.02073,0.001864,0.002128,0.001805,0.1723,0.00426,4.165E-4,5.721E-4,6.114E-4,2.544E-4,
0.0,1209.0,147.2,184.2,166.0,0.1136,13.54,0.3151,0.548,0.9098,0.8861,0.0,344.3,0.09551,1.552,0.1352,0.3253,0.5172,0.06214,1.033,1.786,9.915,0.0,344.3,0.09551,1.552,0.1352,0.3253,0.5172,0.06214,1.033,1.786,9.915,0.0,0.0,0.0,0.0,0.0,0.0,0.0,0.0,0.0,0.0,0.0,0.0,0.0,234.6,101.0,30.69,1066.0,239.7,2.702,9.372,4.318,4.84,0.0,110.6,4.908,5.225,42.57,27.46,0.2643,0.01583,0.04867,0.03696,0.01137,0.0,0.0,0.0,0.0,0.0,0.0,0.0,0.0,0.0,0.0,0.0,0.0,0.0,0.0,0.0,0.0,0.0,0.0,0.0,0.0,0.0,0.0,0.0,0.0,0.0,0.0,0.0,0.0,0.0,0.0,0.0,0.0,0.0,0.0,0.0,4.997E-4,0.0,95820.0,212800.0,780600.0,45440.0,2.672E7,119900.0,23770.0,24910.0,50050.0,16550.0,0.0,8.514E-38,4.2249999999999997E-38,2.862E-37,2.676E-37,3.893E-38,1.82E-38,7.597E-40,7.546E-40,1.956E-40,2.7179999999999997E-39,2.08E-35,0.0,0.2358,0.6703,1.586,1.096,0.1801,0.06497,0.002232,0.002733,0.001973,0.005388,0.0,0.0,0.003632,0.02732,6.968E-4,0.9627,0.00308,5.423E-4,3.263E-4,0.001357,3.355E-4,0.0,0.02078,0.002185,0.00615,0.001761,0.1678,0.004578,3.924E-4,3.969E-4,5.511E-4,2.392E-4,
0.0,1203.0,154.4,177.1,167.2,0.1165,8.536,0.1139,0.4513,0.9102,0.8809,0.0,344.3,0.09308,1.574,0.128,0.3287,0.4357,0.0957,1.217,1.544,10.0,0.0,344.3,0.09308,1.574,0.128,0.3287,0.4357,0.0957,1.217,1.544,10.0,0.0,0.0,0.0,0.0,0.0,0.0,0.0,0.0,0.0,0.0,0.0,0.0,0.0,234.1,106.2,31.92,1046.0,247.3,2.586,9.661,3.614,4.534,0.0,109.0,4.837,4.99,45.26,35.58,0.6374,0.08189,0.1347,0.09125,0.03744,0.0,0.0,0.0,0.0,0.0,0.0,0.0,0.0,0.0,0.0,0.0,0.0,0.0,0.0,0.0,0.0,0.0,0.0,0.0,0.0,0.0,0.0,0.0,0.0,0.0,0.0,0.0,0.0,0.0,0.0,0.0,0.0,0.0,0.0,0.0,1.0E-4,0.0,95800.0,137700.0,749400.0,51930.0,2.523E7,110600.0,24890.0,25710.0,43900.0,14580.0,0.0,7.711E-38,4.213E-38,2.842E-37,2.724E-37,4.276E-38,9.542999999999999E-39,1.301E-40,5.967E-40,2.324E-40,2.698E-39,2.08E-35,0.0,0.2136,0.6912,1.556,1.114,0.2118,0.04586,0.001264,0.002662,0.002171,0.005471,0.0,0.0,4.094E-4,0.02612,7.016E-4,0.9694,7.845E-4,5.461E-4,3.286E-4,0.001366,3.378E-4,0.0,0.02078,0.001754,0.006322,0.001838,0.1677,0.004664,4.149E-4,4.115E-4,5.17E-4,2.425E-4,
0.0,1205.0,142.6,190.0,165.2,0.1115,7.945,0.5742,0.5302,0.8989,0.876,0.0,344.3,0.09381,1.68,0.1498,0.2023,0.4152,0.1039,1.363,1.97,9.438,0.0,344.3,0.09381,1.68,0.1498,0.2023,0.4152,0.1039,1.363,1.97,9.438,0.0,0.0,0.0,0.0,0.0,0.0,0.0,0.0,0.0,0.0,0.0,0.0,0.0,239.2,86.91,33.02,1067.0,234.2,7.351,11.14,4.262,4.806,0.0,109.0,5.055,3.921,43.96,36.02,0.3356,0.1076,0.1682,0.1143,0.04729,0.0,0.0,0.0,0.0,0.0,0.0,0.0,0.0,0.0,0.0,0.0,0.0,0.0,0.0,0.0,0.0,0.0,0.0,0.0,0.0,0.0,0.0,0.0,0.0,0.0,0.0,0.0,0.0,0.0,0.0,0.0,0.0,0.0,0.0,0.0,1.0E-4,0.0,95930.0,140200.0,310200.0,54200.0,2.482E7,62100.0,31090.0,29880.0,46130.0,15590.0,0.0,7.867E-38,4.143E-38,3.047E-37,2.6999999999999997E-37,2.167E-38,8.503E-39,5.99E-40,6.098E-40,1.804E-40,2.6599999999999998E-39,2.08E-35,0.0,0.2256,0.6477,1.714,1.096,0.1029,0.04012,0.004695,0.002968,0.001933,0.005378,0.0,0.0,4.168E-4,0.008622,7.143E-4,0.9868,7.986E-4,5.559E-4,3.345E-4,0.001391,3.439E-4,0.0,0.02083,0.001779,0.003416,0.001867,0.1708,0.003864,7.438E-4,5.102E-4,5.571E-4,2.572E-4,
0.0,1206.0,145.3,186.1,165.3,0.1143,9.116,0.6205,0.5494,0.9049,0.9039,0.0,344.3,0.1053,1.731,0.1314,0.16,0.4423,0.09218,1.361,2.173,9.217,0.0,344.3,0.1053,1.731,0.1314,0.16,0.4423,0.09218,1.361,2.173,9.217,0.0,0.0,0.0,0.0,0.0,0.0,0.0,0.0,0.0,0.0,0.0,0.0,0.0,235.5,86.0,32.98,1055.0,232.7,7.253,11.14,4.257,4.797,0.0,109.7,4.766,4.178,40.49,36.19,0.3479,0.1192,0.1568,0.1148,0.04729,0.0,0.0,0.0,0.0,0.0,0.0,0.0,0.0,0.0,0.0,0.0,0.0,0.0,0.0,0.0,0.0,0.0,0.0,0.0,0.0,0.0,0.0,0.0,0.0,0.0,0.0,0.0,0.0,0.0,0.0,0.0,0.0,0.0,0.0,0.0,6.482E-4,0.0,96360.0,137200.0,121200.0,52570.0,2.397E7,58070.0,31900.0,27410.0,45880.0,15410.0,0.0,8.255999999999999E-38,4.358E-38,3.081E-37,2.614E-37,1.522E-38,1.096E-38,6.798E-40,6.307E-40,1.973E-40,2.6779999999999998E-39,2.08E-35,0.0,0.2401,0.6693,1.716,1.074,0.07044,0.04862,0.004908,0.003065,0.001961,0.005514,0.0,0.0,4.414E-4,1.207E-4,7.564E-4,0.9951,8.457E-4,5.888E-4,3.543E-4,0.001473,3.642E-4,0.0,0.02088,0.001761,0.002203,0.001841,0.1716,0.00385,7.562E-4,5.023E-4,5.701E-4,2.605E-4,
0.0,1206.0,144.4,185.6,159.5,0.1141,13.03,0.5631,0.5801,0.9017,1.25,0.0,344.3,0.1062,1.726,0.131,0.1577,0.4404,0.0913,1.36,2.198,9.2,0.0,344.3,0.1062,1.726,0.131,0.1577,0.4404,0.0913,1.36,2.198,9.2,0.0,0.0,0.0,0.0,0.0,0.0,0.0,0.0,0.0,0.0,0.0,0.0,0.0,233.2,89.72,29.59,1061.0,234.4,7.258,11.16,4.317,5.198,0.0,109.7,4.9,3.742,39.63,36.21,0.3913,0.1203,0.1581,0.116,0.04762,0.0,0.0,0.0,0.0,0.0,0.0,0.0,0.0,0.0,0.0,0.0,0.0,0.0,0.0,0.0,0.0,0.0,0.0,0.0,0.0,0.0,0.0,0.0,0.0,0.0,0.0,0.0,0.0,0.0,0.0,0.0,0.0,0.0,0.0,0.0,1.0E-4,0.0,96410.0,134600.0,114500.0,52450.0,2.349E7,57450.0,31550.0,26870.0,46550.0,15480.0,0.0,8.255999999999999E-38,3.94E-38,3.005E-37,2.689E-37,1.483E-38,1.058E-38,5.88E-40,8.337E-40,1.679E-40,3.931E-39,2.08E-35,0.0,0.2401,0.6679,1.716,1.059,0.06877,0.0435,0.004608,0.003244,0.001889,0.008878,0.0,0.0,4.672E-4,1.277E-4,8.006E-4,0.9948,8.951E-4,6.231E-4,3.749E-4,0.001559,3.854E-4,0.0,0.02089,0.001739,0.002301,0.001721,0.1712,0.003849,7.595E-4,5.048E-4,5.845E-4,2.746E-4,
0.0,1207.0,131.6,179.4,159.7,0.1138,14.68,0.6243,0.6242,1.002,1.251,0.0,344.3,0.1002,1.738,0.1238,0.1575,0.4142,0.1073,1.364,2.075,9.326,0.0,344.3,0.1002,1.738,0.1238,0.1575,0.4142,0.1073,1.364,2.075,9.326,0.0,0.0,0.0,0.0,0.0,0.0,0.0,0.0,0.0,0.0,0.0,0.0,0.0,238.1,89.07,30.74,1061.0,234.1,7.277,11.14,4.368,5.213,0.0,111.2,4.661,19.1,37.4,36.17,0.4289,0.1213,0.1594,0.1173,0.04794,0.0,0.0,0.0,0.0,0.0,0.0,0.0,0.0,0.0,0.0,0.0,0.0,0.0,0.0,0.0,0.0,0.0,0.0,0.0,0.0,0.0,0.0,0.0,0.0,0.0,0.0,0.0,0.0,0.0,0.0,0.0,0.0,0.0,0.0,0.0,1.0E-4,0.0,96960.0,137300.0,110900.0,52730.0,2.275E7,56470.0,31370.0,26540.0,46810.0,15520.0,0.0,8.692E-38,3.58E-38,2.981E-37,2.65E-37,1.483E-38,1.305E-38,5.883E-40,7.454E-40,1.6989999999999999E-40,3.907E-39,2.08E-35,0.0,0.2553,0.6214,1.736,1.053,0.06875,0.05357,0.005122,0.003697,0.002737,0.00888,0.0,0.0,4.912E-4,1.343E-4,8.418E-4,0.9945,9.411E-4,6.552E-4,3.942E-4,0.001639,4.053E-4,0.0,0.02095,0.001743,0.002279,0.001733,0.171,0.003815,7.589E-4,5.061E-4,5.961E-4,2.787E-4,
0.0,1207.0,142.0,172.2,159.8,0.7724,14.71,0.6328,0.6329,0.9943,1.255,0.0,344.3,0.1215,1.676,0.173,0.1481,0.4134,0.1081,1.367,2.373,9.025,0.0,344.3,0.1215,1.676,0.173,0.1481,0.4134,0.1081,1.367,2.373,9.025,0.0,0.0,0.0,0.0,0.0,0.0,0.0,0.0,0.0,0.0,0.0,0.0,0.0,239.7,85.82,36.53,1055.0,234.1,7.307,11.1,4.37,5.206,0.0,111.9,4.592,7.987,43.59,36.07,0.4005,0.1224,0.1411,0.1185,0.0483,0.0,0.0,0.0,0.0,0.0,0.0,0.0,0.0,0.0,0.0,0.0,0.0,0.0,0.0,0.0,0.0,0.0,0.0,0.0,0.0,0.0,0.0,0.0,0.0,0.0,0.0,0.0,0.0,0.0,0.0,0.0,0.0,0.0,0.0,0.0,5.827E-4,0.0,97370.0,137300.0,105500.0,58870.0,2.213E7,56150.0,31130.0,25820.0,46780.0,15460.0,0.0,8.796E-38,4.144E-38,2.874E-37,2.6599999999999998E-37,1.472E-38,1.288E-38,5.925E-40,7.4E-40,1.683E-40,3.885E-39,2.08E-35,0.0,0.2628,0.6748,1.664,1.061,0.06952,0.05348,0.005179,0.003708,0.002734,0.008885,0.0,0.0,5.097E-4,1.394E-4,8.735E-4,0.9943,9.766E-4,6.799E-4,4.091E-4,0.001701,4.206E-4,0.0,0.02097,0.00173,0.002249,0.001771,0.1705,0.003836,7.679E-4,4.691E-4,6.038E-4,2.812E-4,
0.0,1210.0,147.8,161.5,162.6,0.1065,14.36,0.78,0.6524,1.028,1.3,0.0,344.3,0.1004,1.709,0.1486,0.1512,0.3858,0.1026,1.398,2.195,9.2,0.0,344.3,0.1004,1.709,0.1486,0.1512,0.3858,0.1026,1.398,2.195,9.2,0.0,0.0,0.0,0.0,0.0,0.0,0.0,0.0,0.0,0.0,0.0,0.0,0.0,244.5,89.27,34.07,1056.0,233.6,7.823,11.11,4.409,5.216,0.0,115.5,4.781,6.65,37.48,36.51,0.3874,0.1234,0.1425,0.1196,0.04871,0.0,0.0,0.0,0.0,0.0,0.0,0.0,0.0,0.0,0.0,0.0,0.0,0.0,0.0,0.0,0.0,0.0,0.0,0.0,0.0,0.0,0.0,0.0,0.0,0.0,0.0,0.0,0.0,0.0,0.0,0.0,0.0,0.0,0.0,0.0,1.001E-4,0.0,97750.0,134400.0,102600.0,55980.0,2.176E7,55660.0,31420.0,25560.0,46990.0,15470.0,0.0,9.662E-38,3.608E-38,2.868E-37,2.594E-37,1.372E-38,1.135E-38,7.842E-40,7.781E-40,2.14E-40,3.941E-39,2.08E-35,0.0,0.2842,0.6837,1.636,1.046,0.06771,0.05082,0.006074,0.003819,0.002879,0.00911,0.0,0.0,5.266E-4,1.44E-4,9.024E-4,0.9941,0.001009,7.023E-4,4.226E-4,0.001757,4.344E-4,0.0,0.021,0.001728,0.002256,0.001747,0.1704,0.003795,8.187E-4,4.736E-4,6.138E-4,2.831E-4,
0.0,1201.0,172.3,165.6,155.2,0.1054,8.959,0.8249,0.4573,1.035,1.313,0.0,344.3,0.1026,1.696,0.1604,0.1512,0.3775,0.1058,1.399,2.528,8.87,0.0,344.3,0.1026,1.696,0.1604,0.1512,0.3775,0.1058,1.399,2.528,8.87,0.0,0.0,0.0,0.0,0.0,0.0,0.0,0.0,0.0,0.0,0.0,0.0,0.0,245.8,89.92,34.09,1056.0,233.4,8.014,11.1,4.409,5.216,0.0,113.0,4.848,6.973,32.93,36.46,0.39,0.1234,0.1427,0.1195,0.04872,0.0,0.0,0.0,0.0,0.0,0.0,0.0,0.0,0.0,0.0,0.0,0.0,0.0,0.0,0.0,0.0,0.0,0.0,0.0,0.0,0.0,0.0,0.0,0.0,0.0,0.0,0.0,0.0,0.0,0.0,0.0,0.0,0.0,0.0,0.0,1.0E-4,0.0,98000.0,133100.0,100600.0,55420.0,2.191E7,55600.0,31650.0,25660.0,47300.0,15540.0,0.0,8.183E-38,3.892E-38,2.847E-37,2.551E-37,1.369E-38,9.371E-39,8.297E-40,2.705E-40,2.219E-40,3.9359999999999996E-39,2.08E-35,0.0,0.2429,0.7779,1.592,1.04,0.06761,0.04652,0.006363,0.002679,0.002912,0.009169,0.0,0.0,5.266E-4,1.44E-4,9.024E-4,0.9941,0.001009,7.023E-4,4.226E-4,0.001757,4.344E-4,0.0,0.02101,0.001758,0.002262,0.001719,0.1703,0.003751,8.388E-4,4.691E-4,6.141E-4,2.831E-4,
0.0,1198.0,173.2,166.7,155.7,0.1024,8.781,0.9992,0.4349,1.035,1.313,0.0,344.3,0.1032,1.688,0.1542,0.164,0.3717,0.255,1.255,1.724,9.673,0.0,344.3,0.1032,1.688,0.1542,0.164,0.3717,0.255,1.255,1.724,9.673,0.0,0.0,0.0,0.0,0.0,0.0,0.0,0.0,0.0,0.0,0.0,0.0,0.0,254.7,91.7,34.28,1058.0,232.0,9.272,11.24,4.416,5.22,0.0,111.9,4.789,5.22,31.78,36.35,0.3968,0.1226,0.1421,0.1189,0.04852,0.0,0.0,0.0,0.0,0.0,0.0,0.0,0.0,0.0,0.0,0.0,0.0,0.0,0.0,0.0,0.0,0.0,0.0,0.0,0.0,0.0,0.0,0.0,0.0,0.0,0.0,0.0,0.0,0.0,0.0,0.0,0.0,0.0,0.0,0.0,5.663E-4,0.0,98110.0,133500.0,102700.0,56470.0,2.277E7,55230.0,33390.0,26490.0,49030.0,16050.0,0.0,7.703E-38,3.741E-38,2.797E-37,2.522E-37,1.628E-38,9.155E-39,9.205E-40,2.766E-40,2.168E-40,3.911E-39,2.08E-35,0.0,0.2313,0.7777,1.573,1.038,0.0828,0.04517,0.007501,0.002785,0.002912,0.009169,0.0,0.0,5.266E-4,1.44E-4,9.024E-4,0.9941,0.001009,7.023E-4,4.226E-4,0.001757,4.344E-4,0.0,0.021,0.001768,0.002252,0.001724,0.1702,0.003629,9.403E-4,4.762E-4,6.133E-4,2.823E-4,
0.0,1206.0,169.7,167.1,151.9,2.169,5.456,1.02,0.4387,1.36,0.9873,0.0,344.3,0.1014,1.699,0.1555,0.1519,0.3694,0.2562,1.373,1.582,9.697,0.0,344.3,0.1014,1.699,0.1555,0.1519,0.3694,0.2562,1.373,1.582,9.697,0.0,0.0,0.0,0.0,0.0,0.0,0.0,0.0,0.0,0.0,0.0,0.0,0.0,249.4,91.87,34.31,1069.0,231.8,9.455,11.26,4.416,5.22,0.0,111.9,4.907,4.637,31.12,36.34,0.3738,0.1225,0.1418,0.1187,0.04757,0.0,0.0,0.0,0.0,0.0,0.0,0.0,0.0,0.0,0.0,0.0,0.0,0.0,0.0,0.0,0.0,0.0,0.0,0.0,0.0,0.0,0.0,0.0,0.0,0.0,0.0,0.0,0.0,0.0,0.0,0.0,0.0,0.0,0.0,0.0,5.069E-4,0.0,98300.0,133100.0,101500.0,57320.0,2.408E7,55760.0,35060.0,27880.0,51810.0,16800.0,0.0,8.627E-38,3.432E-38,2.809E-37,2.424E-37,1.596E-38,8.056E-39,9.263E-40,2.75E-40,3.67E-40,3.732E-39,2.08E-35,0.0,0.251,0.7599,1.587,1.023,0.08039,0.04169,0.007679,0.002804,0.005206,0.00687,0.0,0.0,5.266E-4,1.44E-4,9.024E-4,0.9941,0.001009,7.023E-4,4.226E-4,0.001757,4.344E-4,0.0,0.02104,0.001699,0.002254,0.001705,0.1702,0.003594,9.612E-4,4.797E-4,6.187E-4,2.751E-4,
0.0,1206.0,161.0,174.5,153.4,2.163,5.415,1.056,0.4459,1.356,0.9886,0.0,344.3,0.09821,1.699,0.1589,0.1517,0.3672,0.2573,1.373,1.726,9.553,0.0,344.3,0.09821,1.699,0.1589,0.1517,0.3672,0.2573,1.373,1.726,9.553,0.0,0.0,0.0,0.0,0.0,0.0,0.0,0.0,0.0,0.0,0.0,0.0,0.0,253.0,93.06,34.52,1072.0,231.4,9.763,11.31,4.416,5.22,0.0,111.9,5.103,4.453,29.68,36.32,0.3512,0.1227,0.1417,0.1186,0.04694,0.0,0.0,0.0,0.0,0.0,0.0,0.0,0.0,0.0,0.0,0.0,0.0,0.0,0.0,0.0,0.0,0.0,0.0,0.0,0.0,0.0,0.0,0.0,0.0,0.0,0.0,0.0,0.0,0.0,0.0,0.0,0.0,0.0,0.0,0.0,4.652E-4,0.0,98400.0,136700.0,101500.0,58820.0,2.568E7,56760.0,37260.0,29590.0,55230.0,17690.0,0.0,8.628E-38,3.361E-38,2.798E-37,2.411E-37,1.595E-38,7.967E-39,9.417E-40,2.745E-40,3.503E-40,3.722E-39,2.08E-35,0.0,0.251,0.7287,1.611,1.026,0.08036,0.04131,0.007961,0.002841,0.005211,0.006866,0.0,0.0,5.266E-4,1.44E-4,9.024E-4,0.9941,0.001009,7.023E-4,4.226E-4,0.001757,4.344E-4,0.0,0.02105,0.001692,0.002246,0.00171,0.1703,0.003546,9.907E-4,4.834E-4,6.211E-4,2.728E-4,
0.0,1206.0,153.4,183.1,151.4,1.633,7.086,0.783,0.4104,1.358,0.9887,0.0,344.3,0.09918,1.713,0.1357,0.1578,0.3771,0.2507,1.369,1.724,9.556,0.0,344.3,0.09918,1.713,0.1357,0.1578,0.3771,0.2507,1.369,1.724,9.556,0.0,0.0,0.0,0.0,0.0,0.0,0.0,0.0,0.0,0.0,0.0,0.0,0.0,256.8,94.14,32.64,1075.0,234.1,7.367,11.06,4.424,5.218,0.0,111.9,4.858,3.578,28.85,37.85,0.4058,0.1224,0.1416,0.1186,0.04669,0.0,0.0,0.0,0.0,0.0,0.0,0.0,0.0,0.0,0.0,0.0,0.0,0.0,0.0,0.0,0.0,0.0,0.0,0.0,0.0,0.0,0.0,0.0,0.0,0.0,0.0,0.0,0.0,0.0,0.0,0.0,0.0,0.0,0.0,0.0,4.41E-4,0.0,98440.0,139700.0,105300.0,61930.0,2.741E7,59990.0,37150.0,31240.0,58890.0,18740.0,0.0,8.628E-38,3.254E-38,2.787E-37,2.369E-37,1.597E-38,1.148E-38,7.281E-40,2.514E-40,3.3529999999999998E-40,3.7109999999999996E-39,2.08E-35,0.0,0.251,0.7005,1.627,1.024,0.08402,0.05206,0.00567,0.002608,0.005221,0.006864,0.0,0.0,5.266E-4,1.44E-4,9.024E-4,0.9941,0.001009,7.023E-4,4.226E-4,0.001757,4.344E-4,0.0,0.02106,0.001688,0.002237,0.001715,0.1701,0.003768,7.87E-4,4.659E-4,6.222E-4,2.726E-4,
0.0,1202.0,160.1,182.2,151.9,0.1293,5.839,0.8213,0.4114,1.797,0.5498,0.0,344.3,0.09722,1.715,0.1355,0.1576,0.3754,0.2368,1.391,1.723,9.55,0.0,344.3,0.09722,1.715,0.1355,0.1576,0.3754,0.2368,1.391,1.723,9.55,0.0,0.0,0.0,0.0,0.0,0.0,0.0,0.0,0.0,0.0,0.0,0.0,0.0,259.2,94.63,32.75,1063.0,233.7,7.691,11.05,4.837,4.745,0.0,109.5,7.947,5.026,23.75,39.25,0.3298,0.1224,0.1417,0.1185,0.04659,0.0,0.0,0.0,0.0,0.0,0.0,0.0,0.0,0.0,0.0,0.0,0.0,0.0,0.0,0.0,0.0,0.0,0.0,0.0,0.0,0.0,0.0,0.0,0.0,0.0,0.0,0.0,0.0,0.0,0.0,0.0,0.0,0.0,0.0,0.0,1.0E-4,0.0,98430.0,145800.0,108000.0,65670.0,2.932E7,60690.0,39530.0,33230.0,63220.0,19600.0,0.0,8.458E-38,4.443E-38,2.777E-37,2.247E-37,1.622E-38,8.714999999999999E-39,7.464E-40,2.493E-40,3.0629999999999996E-39,9.588E-40,2.08E-35,0.0,0.2381,0.7383,1.63,0.9949,0.0847,0.04443,0.005984,0.00262,0.00928,0.002807,0.0,0.0,5.266E-4,1.44E-4,9.024E-4,0.9941,0.001009,7.023E-4,4.226E-4,0.001757,4.344E-4,0.0,0.02106,0.001703,0.002251,0.001687,0.1702,0.003738,8.201E-4,4.679E-4,6.375E-4,2.573E-4,
0.0,1205.0,155.9,189.5,146.2,0.1123,6.336,0.8003,0.3959,1.767,0.4847,0.0,344.3,0.09824,1.715,0.1344,0.1832,0.3539,0.2339,1.39,2.1,9.168,0.0,344.3,0.09824,1.715,0.1344,0.1832,0.3539,0.2339,1.39,2.1,9.168,0.0,0.0,0.0,0.0,0.0,0.0,0.0,0.0,0.0,0.0,0.0,0.0,0.0,260.6,94.87,32.88,1058.0,233.5,8.731,11.16,4.978,5.029,0.0,109.6,6.095,4.586,24.16,38.99,0.4834,0.3483,0.1983,0.1891,0.1639,0.0,0.0,0.0,0.0,0.0,0.0,0.0,0.0,0.0,0.0,0.0,0.0,0.0,0.0,0.0,0.0,0.0,0.0,0.0,0.0,0.0,0.0,0.0,0.0,0.0,0.0,0.0,0.0,0.0,0.0,0.0,0.0,0.0,0.0,0.0,4.166E-4,0.0,98730.0,150700.0,109400.0,71760.0,3.127E7,65190.0,44960.0,36030.0,68210.0,22240.0,0.0,9.089E-38,3.195E-38,2.786E-37,2.164E-37,1.639E-38,9.508999999999999E-39,7.894E-40,2.519E-40,3.042E-39,9.398E-40,2.08E-35,0.0,0.2644,0.7132,1.65,0.9683,0.08479,0.04773,0.006737,0.002726,0.009316,0.002849,0.0,0.0,5.266E-4,1.44E-4,9.024E-4,0.9941,0.001009,7.023E-4,4.226E-4,0.001757,4.344E-4,0.0,0.02109,0.0017,0.00224,0.001675,0.1702,0.003693,8.846E-4,4.75E-4,6.447E-4,2.65E-4,
0.0,1210.0,160.1,188.7,142.5,0.1123,6.366,0.8025,0.3925,1.764,0.433,0.0,344.3,0.09896,1.712,0.1405,0.1666,0.3535,0.2589,1.396,2.163,9.083,0.0,344.3,0.09896,1.712,0.1405,0.1666,0.3535,0.2589,1.396,2.163,9.083,0.0,0.0,0.0,0.0,0.0,0.0,0.0,0.0,0.0,0.0,0.0,0.0,0.0,263.8,94.02,31.75,1059.0,233.5,8.686,10.91,4.83,5.014,0.0,108.3,6.253,3.938,28.85,30.17,0.4454,0.2707,0.1185,0.132,0.1512,0.0,0.0,0.0,0.0,0.0,0.0,0.0,0.0,0.0,0.0,0.0,0.0,0.0,0.0,0.0,0.0,0.0,0.0,0.0,0.0,0.0,0.0,0.0,0.0,0.0,0.0,0.0,0.0,0.0,0.0,0.0,0.0,0.0,0.0,0.0,1.0E-4,0.0,98790.0,136400.0,93920.0,61000.0,3.241E7,65350.0,44540.0,35160.0,69150.0,23020.0,0.0,8.99E-38,3.186E-38,2.769E-37,2.118E-37,1.396E-38,9.043E-39,7.676999999999999E-40,2.3E-40,3.021E-39,1.016E-39,2.08E-35,0.0,0.2978,0.727,1.653,0.9301,0.06479,0.04774,0.006644,0.002603,0.009274,0.003301,0.0,0.0,5.266E-4,1.44E-4,9.024E-4,0.9941,0.001009,7.023E-4,4.226E-4,0.001757,4.344E-4,0.0,0.02112,0.001678,0.002254,0.001587,0.1703,0.003687,8.684E-4,4.442E-4,6.287E-4,2.833E-4,
0.0,1211.0,159.6,185.8,141.7,0.2413,9.575,0.8732,0.402,1.761,0.459,0.0,344.3,0.1033,1.71,0.1372,0.167,0.3505,0.2587,0.7072,1.912,10.03,0.0,344.3,0.1033,1.71,0.1372,0.167,0.3505,0.2587,0.7072,1.912,10.03,0.0,0.0,0.0,0.0,0.0,0.0,0.0,0.0,0.0,0.0,0.0,0.0,0.0,266.6,95.72,31.76,1052.0,232.8,9.527,11.26,5.003,5.09,0.0,108.3,6.431,4.343,26.28,30.14,0.4492,0.274,0.1233,0.1325,0.1322,0.0,0.0,0.0,0.0,0.0,0.0,0.0,0.0,0.0,0.0,0.0,0.0,0.0,0.0,0.0,0.0,0.0,0.0,0.0,0.0,0.0,0.0,0.0,0.0,0.0,0.0,0.0,0.0,0.0,0.0,0.0,0.0,0.0,0.0,0.0,9.931E-4,0.0,98820.0,135300.0,96130.0,59290.0,3.028E7,62600.0,43400.0,34200.0,65520.0,21970.0,0.0,8.991E-38,3.261E-38,2.725E-37,2.0439999999999998E-37,1.416E-38,1.665E-38,8.184E-40,2.365E-40,3.0089999999999996E-39,1.012E-39,2.08E-35,0.0,0.3106,0.7296,1.633,0.9153,0.066,0.06134,0.00722,0.002684,0.009278,0.003303,0.0,0.0,5.266E-4,1.44E-4,9.024E-4,0.9941,0.001009,7.023E-4,4.226E-4,0.001757,4.344E-4,0.0,0.02114,0.001667,0.002265,0.001586,0.1703,0.003622,9.401E-4,4.673E-4,6.397E-4,2.848E-4,
0.0,1211.0,150.9,192.5,136.5,0.2335,6.347,0.96,0.4207,1.461,0.9292,0.0,344.3,0.09506,1.729,0.1254,0.1668,0.3464,0.2622,0.7076,2.099,9.84,0.0,344.3,0.09506,1.729,0.1254,0.1668,0.3464,0.2622,0.7076,2.099,9.84,0.0,0.0,0.0,0.0,0.0,0.0,0.0,0.0,0.0,0.0,0.0,0.0,0.0,269.6,95.55,31.68,1057.0,232.3,10.21,11.41,5.005,5.091,0.0,108.3,6.629,5.053,34.8,30.09,0.4605,0.2739,0.1237,0.1314,0.132,0.0,0.0,0.0,0.0,0.0,0.0,0.0,0.0,0.0,0.0,0.0,0.0,0.0,0.0,0.0,0.0,0.0,0.0,0.0,0.0,0.0,0.0,0.0,0.0,0.0,0.0,0.0,0.0,0.0,0.0,0.0,0.0,0.0,0.0,0.0,1.0E-4,0.0,98870.0,136400.0,94470.0,60520.0,2.972E7,60990.0,43090.0,33160.0,64040.0,21440.0,0.0,8.991E-38,3.072E-38,2.704E-37,2.135E-37,1.415E-38,8.979E-39,7.983E-40,2.665E-40,2.9169999999999998E-39,1.135E-39,2.08E-35,0.0,0.3106,0.691,1.657,0.9396,0.06594,0.04668,0.007913,0.002801,0.007148,0.006626,0.0,0.0,5.266E-4,1.44E-4,9.024E-4,0.9941,0.001009,7.023E-4,4.226E-4,0.001757,4.344E-4,0.0,0.02114,0.001665,0.002243,0.001588,0.1703,0.003536,0.001027,4.767E-4,6.339E-4,2.962E-4,
0.0,1212.0,132.2,209.9,140.0,0.2231,7.158,0.4092,0.4277,1.463,0.9282,0.0,344.3,0.09716,1.726,0.1267,0.1668,0.3825,0.2254,0.7076,2.099,9.84,0.0,344.3,0.09716,1.726,0.1267,0.1668,0.3825,0.2254,0.7076,2.099,9.84,0.0,0.0,0.0,0.0,0.0,0.0,0.0,0.0,0.0,0.0,0.0,0.0,0.0,277.7,93.62,31.67,1047.0,236.5,5.605,11.41,4.956,5.071,0.0,108.3,6.767,4.367,30.04,30.1,0.4575,0.2739,0.1236,0.1306,0.1318,0.0,0.0,0.0,0.0,0.0,0.0,0.0,0.0,0.0,0.0,0.0,0.0,0.0,0.0,0.0,0.0,0.0,0.0,0.0,0.0,0.0,0.0,0.0,0.0,0.0,0.0,0.0,0.0,0.0,0.0,0.0,0.0,0.0,0.0,0.0,6.33E-4,0.0,99020.0,137800.0,94860.0,60220.0,3.016E7,66100.0,38530.0,33350.0,64810.0,21570.0,0.0,9.288E-38,2.977E-38,2.7009999999999998E-37,2.087E-37,1.415E-38,9.948E-39,4.445E-40,2.8E-40,2.9119999999999998E-39,1.107E-39,2.08E-35,0.0,0.324,0.6268,1.714,0.9251,0.06593,0.05312,0.00334,0.002836,0.007157,0.006617,0.0,0.0,5.266E-4,1.44E-4,9.024E-4,0.9941,0.001009,7.023E-4,4.226E-4,0.001757,4.344E-4,0.0,0.02119,0.001646,0.002244,0.001573,0.1703,0.004063,4.632E-4,4.769E-4,6.35E-4,2.95E-4,
0.0,1212.0,122.3,219.3,146.0,0.2166,7.229,0.1782,0.3784,1.41,0.9638,0.0,344.3,0.1022,1.723,0.128,0.1667,0.656,0.08258,0.672,1.83,10.01,0.0,344.3,0.1022,1.723,0.128,0.1667,0.656,0.08258,0.672,1.83,10.01,0.0,0.0,0.0,0.0,0.0,0.0,0.0,0.0,0.0,0.0,0.0,0.0,0.0,276.5,95.31,31.58,1051.0,239.1,3.877,11.05,4.977,5.094,0.0,108.3,6.963,4.074,24.74,30.1,0.4391,0.2738,0.123,0.1302,0.1315,0.0,0.0,0.0,0.0,0.0,0.0,0.0,0.0,0.0,0.0,0.0,0.0,0.0,0.0,0.0,0.0,0.0,0.0,0.0,0.0,0.0,0.0,0.0,0.0,0.0,0.0,0.0,0.0,0.0,0.0,0.0,0.0,0.0,0.0,0.0,5.457E-4,0.0,99060.0,141400.0,98730.0,60880.0,3.123E7,68200.0,38730.0,34100.0,66990.0,22210.0,0.0,9.288E-38,3.035E-38,2.668E-37,2.096E-37,1.415E-38,9.676E-39,2.032E-40,2.293E-40,2.913E-39,1.0919999999999999E-39,2.08E-35,0.0,0.324,0.5912,1.744,0.9314,0.06592,0.05331,0.001952,0.002542,0.007172,0.006632,0.0,0.0,5.266E-4,1.44E-4,9.024E-4,0.9941,0.001009,7.023E-4,4.226E-4,0.001757,4.344E-4,0.0,0.02119,0.001638,0.002245,0.001577,0.1704,0.004197,3.544E-4,4.524E-4,6.371E-4,2.956E-4,
0.0,1212.0,138.8,201.8,147.3,0.2197,7.394,0.221,0.287,1.373,0.982,0.0,344.3,0.1002,1.703,0.1446,0.1727,0.6624,0.07667,0.5828,1.952,9.975,0.0,344.3,0.1002,1.703,0.1446,0.1727,0.6624,0.07667,0.5828,1.952,9.975,0.0,0.0,0.0,0.0,0.0,0.0,0.0,0.0,0.0,0.0,0.0,0.0,0.0,277.9,95.34,32.11,1049.0,239.7,3.759,10.55,4.966,5.09,0.0,108.3,6.867,11.78,15.22,30.94,0.4336,0.2735,0.1225,0.1296,0.1312,0.0,0.0,0.0,0.0,0.0,0.0,0.0,0.0,0.0,0.0,0.0,0.0,0.0,0.0,0.0,0.0,0.0,0.0,0.0,0.0,0.0,0.0,0.0,0.0,0.0,0.0,0.0,0.0,0.0,0.0,0.0,0.0,0.0,0.0,0.0,4.914E-4,0.0,99100.0,145400.0,97860.0,62660.0,3.261E7,70170.0,40510.0,34630.0,69810.0,22960.0,0.0,9.289E-38,3.03E-38,2.6389999999999998E-37,2.091E-37,1.501E-38,9.949E-39,1.78E-40,1.835E-40,2.913E-39,1.0739999999999999E-39,2.08E-35,0.0,0.324,0.6513,1.672,0.9353,0.07069,0.05442,0.002004,0.001993,0.007166,0.006649,0.0,0.0,5.266E-4,1.44E-4,9.024E-4,0.9941,0.001009,7.023E-4,4.226E-4,0.001757,4.344E-4,0.0,0.0212,0.00162,0.002245,0.001583,0.17,0.004239,3.934E-4,3.546E-4,6.345E-4,2.984E-4,
0.0,1214.0,118.1,223.6,144.6,0.2164,8.609,0.5675,0.3784,1.428,0.9486,0.0,344.3,0.09518,1.709,0.1453,0.1709,0.5068,0.07889,0.5815,1.997,10.08,0.0,344.3,0.09518,1.709,0.1453,0.1709,0.5068,0.07889,0.5815,1.997,10.08,0.0,0.0,0.0,0.0,0.0,0.0,0.0,0.0,0.0,0.0,0.0,0.0,0.0,279.4,94.33,32.99,1036.0,247.3,6.534,6.962,4.623,6.169,0.0,108.3,6.541,3.737,23.01,30.06,0.4082,0.2735,0.1217,0.1295,0.1309,0.0,0.0,0.0,0.0,0.0,0.0,0.0,0.0,0.0,0.0,0.0,0.0,0.0,0.0,0.0,0.0,0.0,0.0,0.0,0.0,0.0,0.0,0.0,0.0,0.0,0.0,0.0,0.0,0.0,0.0,0.0,0.0,0.0,0.0,0.0,5.775E-4,0.0,99220.0,144900.0,96490.0,64110.0,3.348E7,68350.0,44380.0,36310.0,72280.0,23800.0,0.0,9.406E-38,2.887E-38,2.629E-37,2.034E-37,1.472E-38,1.425E-38,4.023E-40,2.622E-40,2.914E-39,1.154E-39,2.08E-35,0.0,0.3313,0.5724,1.756,0.911,0.06905,0.06334,0.004904,0.002778,0.007602,0.006397,0.0,0.0,5.304E-4,1.45E-4,9.089E-4,0.9941,0.001016,7.074E-4,4.257E-4,0.001769,4.376E-4,0.0,0.02122,0.001621,0.002223,0.001586,0.1702,0.003991,6.115E-4,3.735E-4,6.346E-4,3.142E-4,
0.0,1210.0,120.8,224.5,144.0,0.08242,9.005,0.5281,0.3422,1.41,0.9004,0.0,344.3,0.09491,1.651,0.1568,0.2249,0.2767,0.2035,0.3771,1.921,10.46,0.0,344.3,0.09491,1.651,0.1568,0.2249,0.2767,0.2035,0.3771,1.921,10.46,0.0,0.0,0.0,0.0,0.0,0.0,0.0,0.0,0.0,0.0,0.0,0.0,0.0,279.3,100.4,32.99,1038.0,247.4,4.843,6.908,3.038,2.324,0.0,107.4,7.461,4.846,27.98,24.19,0.7727,0.05554,0.05342,0.042,0.0218,0.0,0.0,0.0,0.0,0.0,0.0,0.0,0.0,0.0,0.0,0.0,0.0,0.0,0.0,0.0,0.0,0.0,0.0,0.0,0.0,0.0,0.0,0.0,0.0,0.0,0.0,0.0,0.0,0.0,0.0,0.0,0.0,0.0,0.0,0.0,4.926E-4,0.0,99210.0,130700.0,274700.0,53280.0,3.219E7,80600.0,24330.0,34530.0,24260.0,35110.0,0.0,8.851E-38,3.463E-38,2.564E-37,2.021E-37,1.868E-38,1.551E-38,2.933E-40,2.607E-40,2.892E-39,9.793E-40,2.08E-35,0.0,0.3117,0.5882,1.737,0.9136,0.08652,0.06674,0.003971,0.002388,0.007273,0.005846,0.0,0.0,2.149E-4,0.005619,7.211E-4,0.9897,0.001609,2.662E-4,6.244E-4,3.224E-4,9.42E-4,0.0,0.02122,0.001552,0.003132,0.001526,0.1696,0.004109,4.835E-4,3.278E-4,3.95E-4,3.511E-4,
0.0,1212.0,121.4,221.8,140.3,0.2128,6.906,0.3726,0.2815,1.41,0.8944,0.0,344.3,0.09172,1.72,0.1338,0.1833,0.2802,0.2133,0.5271,1.815,10.4,0.0,344.3,0.09172,1.72,0.1338,0.1833,0.2802,0.2133,0.5271,1.815,10.4,0.0,0.0,0.0,0.0,0.0,0.0,0.0,0.0,0.0,0.0,0.0,0.0,0.0,280.6,93.72,29.06,1049.0,254.1,3.958,4.052,3.326,2.509,0.0,107.4,6.477,4.811,34.49,24.23,1.27,0.05926,0.05879,0.04441,0.02325,0.0,0.0,0.0,0.0,0.0,0.0,0.0,0.0,0.0,0.0,0.0,0.0,0.0,0.0,0.0,0.0,0.0,0.0,0.0,0.0,0.0,0.0,0.0,0.0,0.0,0.0,0.0,0.0,0.0,0.0,0.0,0.0,0.0,0.0,0.0,6.14E-4,0.0,99490.0,128900.0,101200.0,53130.0,3.081E7,39910.0,23410.0,35130.0,24430.0,35200.0,0.0,9.058E-38,2.834E-38,2.5989999999999998E-37,2.055E-37,1.3189999999999999E-38,1.058E-38,1.701E-40,1.316E-40,2.869E-39,9.524E-40,2.08E-35,0.0,0.3253,0.5839,1.759,0.921,0.05855,0.0567,0.002758,0.001919,0.007216,0.00579,0.0,0.0,2.244E-4,3.503E-4,7.529E-4,0.9962,1.755E-4,2.779E-4,6.52E-4,3.366E-4,9.837E-4,0.0,0.02125,0.001534,0.002198,0.001519,0.1704,0.004044,3.809E-4,3.372E-4,3.894E-4,3.608E-4,
0.0,1203.0,131.1,220.3,138.2,0.2178,10.53,0.3944,0.2839,1.414,0.8928,0.0,344.3,0.09277,1.705,0.1486,0.1833,0.2784,0.1283,0.5267,1.815,10.49,0.0,344.3,0.09277,1.705,0.1486,0.1833,0.2784,0.1283,0.5267,1.815,10.49,0.0,0.0,0.0,0.0,0.0,0.0,0.0,0.0,0.0,0.0,0.0,0.0,0.0,286.3,95.32,30.86,1045.0,242.4,5.828,5.592,4.243,3.278,0.0,105.1,6.579,4.726,32.32,24.17,3.404,0.06225,0.06255,0.04706,0.02468,0.0,0.0,0.0,0.0,0.0,0.0,0.0,0.0,0.0,0.0,0.0,0.0,0.0,0.0,0.0,0.0,0.0,0.0,0.0,0.0,0.0,0.0,0.0,0.0,0.0,0.0,0.0,0.0,0.0,0.0,0.0,0.0,0.0,0.0,0.0,1.0E-4,0.0,99490.0,127500.0,100500.0,56470.0,3.022E7,38410.0,24230.0,37320.0,25460.0,37970.0,0.0,7.78E-38,2.889E-38,2.594E-37,1.938E-37,1.3189999999999999E-38,1.952E-38,3.014E-40,1.476E-40,2.8669999999999998E-39,9.497E-40,2.08E-35,0.0,0.2794,0.6264,1.747,0.9113,0.05853,0.07791,0.002924,0.001957,0.007236,0.005806,0.0,0.0,2.506E-4,3.912E-4,8.408E-4,0.9958,1.96E-4,3.104E-4,7.281E-4,3.759E-4,0.001099,0.0,0.02125,0.001555,0.002203,0.001553,0.1702,0.004017,3.892E-4,3.577E-4,4.058E-4,3.862E-4,
0.0,1203.0,128.9,219.2,149.1,0.1372,11.31,0.3622,0.2919,1.419,0.8854,0.0,344.3,0.1425,1.947,0.1422,0.1828,0.2787,0.1276,0.5262,1.733,10.28,0.0,344.3,0.1425,1.947,0.1422,0.1828,0.2787,0.1276,0.5262,1.733,10.28,0.0,0.0,0.0,0.0,0.0,0.0,0.0,0.0,0.0,0.0,0.0,0.0,0.0,287.7,94.37,35.84,1044.0,247.1,4.464,4.866,3.623,2.653,0.0,105.1,6.887,4.32,25.62,24.06,0.6714,0.06724,0.06907,0.05207,0.3161,0.0,0.0,0.0,0.0,0.0,0.0,0.0,0.0,0.0,0.0,0.0,0.0,0.0,0.0,0.0,0.0,0.0,0.0,0.0,0.0,0.0,0.0,0.0,0.0,0.0,0.0,0.0,0.0,0.0,0.0,0.0,0.0,0.0,0.0,0.0,1.002E-4,0.0,99520.0,127400.0,97440.0,56650.0,2.799E7,38850.0,24700.0,38200.0,26130.0,41060.0,0.0,7.78E-38,2.986E-38,2.543E-37,1.965E-37,1.327E-38,1.679E-38,1.897E-40,1.5449999999999999E-40,2.8619999999999997E-39,2.479E-39,2.08E-35,0.0,0.2795,0.6243,1.726,0.9242,0.05832,0.07722,0.002629,0.002002,0.007255,0.01214,0.0,0.0,2.682E-4,4.188E-4,9.001E-4,0.9955,2.098E-4,3.322E-4,7.795E-4,4.024E-4,0.001176,0.0,0.02125,0.001547,0.002172,0.001586,0.1702,0.004043,3.891E-4,3.823E-4,4.239E-4,4.375E-4,
0.0,1205.0,128.1,219.1,157.7,0.07274,7.355,0.2879,0.2713,1.404,0.8315,0.0,344.3,0.1055,1.755,0.133,0.1828,0.2804,0.1266,0.5255,1.405,10.85,0.0,344.3,0.1055,1.755,0.133,0.1828,0.2804,0.1266,0.5255,1.405,10.85,0.0,0.0,0.0,0.0,0.0,0.0,0.0,0.0,0.0,0.0,0.0,0.0,0.0,289.5,94.53,29.76,1036.0,254.5,2.854,4.881,3.619,2.651,0.0,105.1,7.478,4.203,19.33,24.07,0.6687,0.0672,0.06903,0.05173,0.05221,0.0,0.0,0.0,0.0,0.0,0.0,0.0,0.0,0.0,0.0,0.0,0.0,0.0,0.0,0.0,0.0,0.0,0.0,0.0,0.0,0.0,0.0,0.0,0.0,0.0,0.0,0.0,0.0,0.0,0.0,0.0,0.0,0.0,0.0,0.0,7.901E-4,0.0,99560.0,127900.0,96260.0,55140.0,2.727E7,38850.0,23950.0,37380.0,25550.0,39620.0,0.0,8.384E-38,2.97E-38,2.562E-37,1.951E-37,1.318E-38,9.808E-39,1.183E-40,1.271E-40,2.8449999999999998E-39,9.174E-40,2.08E-35,0.0,0.2919,0.622,1.728,0.9386,0.05805,0.05655,0.00215,0.001886,0.007166,0.005352,0.0,0.0,2.682E-4,4.188E-4,9.001E-4,0.9955,2.098E-4,3.322E-4,7.795E-4,4.024E-4,0.001176,0.0,0.02127,0.001547,0.002172,0.001552,0.1702,0.004067,3.68E-4,3.829E-4,4.254E-4,4.41E-4,
0.0,1206.0,129.1,219.9,142.0,0.0741,8.771,0.351,0.303,1.075,0.9058,0.0,344.3,0.1059,1.754,0.217,0.2649,0.2958,0.1271,0.5148,1.404,10.68,0.0,344.3,0.1059,1.754,0.217,0.2649,0.2958,0.1271,0.5148,1.404,10.68,0.0,0.0,0.0,0.0,0.0,0.0,0.0,0.0,0.0,0.0,0.0,0.0,0.0,291.5,90.79,31.59,1032.0,254.2,2.682,5.163,3.357,2.858,0.0,105.1,7.776,4.143,29.64,24.31,0.6643,0.06713,0.069,0.0516,0.4924,0.0,0.0,0.0,0.0,0.0,0.0,0.0,0.0,0.0,0.0,0.0,0.0,0.0,0.0,0.0,0.0,0.0,0.0,0.0,0.0,0.0,0.0,0.0,0.0,0.0,0.0,0.0,0.0,0.0,0.0,0.0,0.0,0.0,0.0,0.0,1.0E-4,0.0,99650.0,130300.0,94700.0,58120.0,2.759E7,39590.0,24040.0,37990.0,25920.0,39110.0,0.0,8.524E-38,3.249E-38,2.527E-37,1.8629999999999999E-37,1.3549999999999999E-38,1.233E-38,1.153E-39,3.947E-40,1.591E-39,4.0799999999999996E-39,2.08E-35,0.0,0.301,0.6361,1.716,0.9058,0.05937,0.06234,0.005135,0.002719,0.00744,0.01567,0.0,0.0,2.682E-4,4.188E-4,9.001E-4,0.9955,2.098E-4,3.322E-4,7.795E-4,4.024E-4,0.001176,0.0,0.02129,0.001575,0.002092,0.00158,0.1702,0.004072,3.486E-4,3.851E-4,4.263E-4,4.522E-4,
0.0,1206.0,127.8,218.9,143.9,0.0541,7.987,0.556,0.343,0.9792,0.7473,0.0,344.3,0.1096,1.731,0.1328,0.1828,0.2767,0.1461,0.5159,1.401,10.87,0.0,344.3,0.1096,1.731,0.1328,0.1828,0.2767,0.1461,0.5159,1.401,10.87,0.0,0.0,0.0,0.0,0.0,0.0,0.0,0.0,0.0,0.0,0.0,0.0,0.0,293.4,90.58,32.25,1032.0,257.3,2.801,5.329,3.353,3.022,0.0,105.1,7.91,5.339,29.15,24.66,0.6577,0.06704,0.06897,0.05155,0.02897,0.0,0.0,0.0,0.0,0.0,0.0,0.0,0.0,0.0,0.0,0.0,0.0,0.0,0.0,0.0,0.0,0.0,0.0,0.0,0.0,0.0,0.0,0.0,0.0,0.0,0.0,0.0,0.0,0.0,0.0,0.0,0.0,0.0,0.0,0.0,1.0E-4,0.0,99670.0,133300.0,98610.0,58840.0,2.858E7,40120.0,24850.0,39450.0,26750.0,40190.0,0.0,8.524E-38,3.2029999999999997E-38,2.5569999999999998E-37,1.86E-37,1.41E-38,1.172E-38,1.091E-39,3.584E-40,3.227E-40,1.351E-39,2.08E-35,0.0,0.301,0.631,1.727,0.9072,0.06123,0.0642,0.00495,0.002615,0.003698,0.007206,0.0,0.0,2.682E-4,4.188E-4,9.001E-4,0.9955,2.098E-4,3.322E-4,7.795E-4,4.024E-4,0.001176,0.0,0.02129,0.001572,0.002103,0.001582,0.1702,0.004078,3.515E-4,3.859E-4,4.25E-4,4.544E-4,
0.0,1206.0,127.2,218.7,145.6,0.06301,6.982,0.3138,0.2964,0.9809,0.9805,0.0,344.3,0.1034,1.735,0.1246,0.1829,0.2771,0.1461,0.516,1.422,10.85,0.0,344.3,0.1034,1.735,0.1246,0.1829,0.2771,0.1461,0.516,1.422,10.85,0.0,0.0,0.0,0.0,0.0,0.0,0.0,0.0,0.0,0.0,0.0,0.0,0.0,292.6,92.9,35.9,1027.0,256.6,2.816,5.544,3.428,3.077,0.0,105.1,7.218,5.459,29.06,24.42,0.6503,0.06695,0.06894,0.05154,0.02874,0.0,0.0,0.0,0.0,0.0,0.0,0.0,0.0,0.0,0.0,0.0,0.0,0.0,0.0,0.0,0.0,0.0,0.0,0.0,0.0,0.0,0.0,0.0,0.0,0.0,0.0,0.0,0.0,0.0,0.0,0.0,0.0,0.0,0.0,0.0,4.951E-4,0.0,99670.0,130900.0,98690.0,59800.0,2.995E7,39160.0,25810.0,41230.0,27790.0,41790.0,0.0,8.524E-38,3.092E-38,2.5379999999999998E-37,1.89E-37,1.377E-38,9.290999999999999E-39,6.579E-40,2.732E-40,3.23E-40,1.854E-39,2.08E-35,0.0,0.301,0.6243,1.723,0.9202,0.06007,0.05478,0.003677,0.002372,0.003714,0.009797,0.0,0.0,2.682E-4,4.188E-4,9.001E-4,0.9955,2.098E-4,3.322E-4,7.795E-4,4.024E-4,0.001176,0.0,0.02129,0.00155,0.002078,0.001612,0.17,0.004068,3.501E-4,3.852E-4,4.249E-4,4.6E-4,
0.0,1206.0,129.1,216.7,145.7,0.06851,7.027,0.3082,0.3007,0.9848,0.9769,0.0,344.3,0.1306,1.701,0.1284,0.1849,0.2757,0.1872,0.659,1.517,10.57,0.0,344.3,0.1306,1.701,0.1284,0.1849,0.2757,0.1872,0.659,1.517,10.57,0.0,0.0,0.0,0.0,0.0,0.0,0.0,0.0,0.0,0.0,0.0,0.0,0.0,290.2,96.79,39.18,1018.0,253.5,2.83,6.245,3.642,3.269,0.0,105.1,6.679,5.8,28.96,24.38,0.6436,0.06687,0.06892,0.05153,0.02863,0.0,0.0,0.0,0.0,0.0,0.0,0.0,0.0,0.0,0.0,0.0,0.0,0.0,0.0,0.0,0.0,0.0,0.0,0.0,0.0,0.0,0.0,0.0,0.0,0.0,0.0,0.0,0.0,0.0,0.0,0.0,0.0,0.0,0.0,0.0,1.0E-4,0.0,99670.0,128500.0,100500.0,63290.0,3.161E7,38870.0,27170.0,43560.0,29180.0,43830.0,0.0,8.524E-38,3.4189999999999997E-38,2.493E-37,1.877E-37,1.397E-38,9.285E-39,6.624E-40,2.804E-40,3.2369999999999998E-40,1.831E-39,2.08E-35,0.0,0.301,0.6423,1.695,0.9265,0.06146,0.05478,0.003628,0.002386,0.003728,0.0098,0.0,0.0,2.682E-4,4.188E-4,9.001E-4,0.9955,2.098E-4,3.322E-4,7.795E-4,4.024E-4,0.001176,0.0,0.02129,0.001517,0.002071,0.001645,0.1701,0.004044,3.525E-4,3.892E-4,4.268E-4,4.585E-4,
0.0,1196.0,141.9,217.6,145.0,0.07265,7.65,0.339,0.3193,0.9849,0.9807,0.0,344.3,0.113,1.721,0.1278,0.1834,0.2867,0.19,0.4746,1.253,11.01,0.0,344.3,0.113,1.721,0.1278,0.1834,0.2867,0.19,0.4746,1.253,11.01,0.0,0.0,0.0,0.0,0.0,0.0,0.0,0.0,0.0,0.0,0.0,0.0,0.0,292.1,96.46,42.11,1022.0,245.5,2.991,8.28,4.312,3.846,0.0,102.2,6.832,5.425,28.58,24.41,0.6383,0.0668,0.0689,0.05152,0.02856,0.0,0.0,0.0,0.0,0.0,0.0,0.0,0.0,0.0,0.0,0.0,0.0,0.0,0.0,0.0,0.0,0.0,0.0,0.0,0.0,0.0,0.0,0.0,0.0,0.0,0.0,0.0,0.0,0.0,0.0,0.0,0.0,0.0,0.0,0.0,4.365E-4,0.0,99600.0,131000.0,101200.0,66000.0,3.342E7,38690.0,28460.0,46110.0,30560.0,46190.0,0.0,7.161E-38,3.375E-38,2.501E-37,1.827E-37,1.385E-38,1.128E-38,7.404E-40,3.155E-40,3.274E-40,1.811E-39,2.08E-35,0.0,0.2536,0.6844,1.71,0.9121,0.06086,0.05919,0.003819,0.002484,0.003742,0.009819,0.0,0.0,2.682E-4,4.188E-4,9.001E-4,0.9955,2.098E-4,3.322E-4,7.795E-4,4.024E-4,0.001176,0.0,0.02127,0.001566,0.002048,0.001644,0.1701,0.003967,3.525E-4,3.938E-4,4.291E-4,4.648E-4,
0.0,1196.0,140.2,222.7,144.5,0.07232,6.656,0.3041,0.314,0.9791,0.9848,0.0,344.3,0.1181,1.701,0.1251,0.1837,0.2988,0.1775,0.4752,1.348,10.92,0.0,344.3,0.1181,1.701,0.1251,0.1837,0.2988,0.1775,0.4752,1.348,10.92,0.0,0.0,0.0,0.0,0.0,0.0,0.0,0.0,0.0,0.0,0.0,0.0,0.0,294.0,97.4,42.28,1014.0,244.8,3.014,8.62,4.424,3.931,0.0,102.2,6.921,5.412,26.88,23.92,0.2512,0.06676,0.06888,0.05152,0.02845,0.0,0.0,0.0,0.0,0.0,0.0,0.0,0.0,0.0,0.0,0.0,0.0,0.0,0.0,0.0,0.0,0.0,0.0,0.0,0.0,0.0,0.0,0.0,0.0,0.0,0.0,0.0,0.0,0.0,0.0,0.0,0.0,0.0,0.0,0.0,1.0E-4,0.0,99640.0,131100.0,103400.0,72020.0,3.532E7,39440.0,29910.0,48800.0,32140.0,48450.0,0.0,7.161E-38,3.296E-38,2.41E-37,1.915E-37,1.3369999999999999E-38,8.547E-39,6.5779999999999996E-40,2.968E-40,3.275E-40,1.787E-39,2.08E-35,0.0,0.2536,0.6777,1.703,0.9341,0.05917,0.05026,0.003595,0.002437,0.003743,0.009829,0.0,0.0,2.682E-4,4.188E-4,9.001E-4,0.9955,2.098E-4,3.322E-4,7.795E-4,4.024E-4,0.001176,0.0,0.02128,0.001572,0.002036,0.001647,0.1701,0.003908,3.573E-4,3.957E-4,4.274E-4,4.672E-4,
0.0,1196.0,139.0,222.5,156.8,0.07044,6.885,0.644,0.3103,0.9778,0.9864,0.0,344.3,0.1179,1.633,0.1404,0.2073,0.3739,0.1318,0.4723,1.344,10.93,0.0,344.3,0.1179,1.633,0.1404,0.2073,0.3739,0.1318,0.4723,1.344,10.93,0.0,0.0,0.0,0.0,0.0,0.0,0.0,0.0,0.0,0.0,0.0,0.0,0.0,295.8,105.0,42.13,1014.0,241.8,5.155,8.265,4.149,3.848,0.0,102.2,7.099,5.521,14.98,23.78,0.2459,0.06099,0.06149,0.0465,0.02619,0.0,0.0,0.0,0.0,0.0,0.0,0.0,0.0,0.0,0.0,0.0,0.0,0.0,0.0,0.0,0.0,0.0,0.0,0.0,0.0,0.0,0.0,0.0,0.0,0.0,0.0,0.0,0.0,0.0,0.0,0.0,0.0,0.0,0.0,0.0,1.0E-4,0.0,99760.0,131300.0,164900.0,69760.0,3.528E7,35740.0,29650.0,45420.0,29750.0,47320.0,0.0,7.163E-38,3.289E-38,2.333E-37,1.922E-37,1.634E-38,1.0319999999999999E-38,9.32E-40,3.255E-40,3.411E-40,1.769E-39,2.08E-35,0.0,0.2537,0.6743,1.676,0.9414,0.07571,0.05195,0.0062,0.002559,0.003821,0.009878,0.0,0.0,2.682E-4,4.188E-4,9.001E-4,0.9955,2.098E-4,3.322E-4,7.795E-4,4.024E-4,0.001176,0.0,0.02132,0.001564,0.002427,0.00163,0.1698,0.003627,5.479E-4,3.688E-4,4.095E-4,4.608E-4,
0.0,1196.0,136.9,227.1,152.6,0.06119,8.443,0.5655,0.3115,0.9958,0.9721,0.0,344.4,0.1253,1.676,0.1382,0.1878,0.3532,0.1206,0.4682,1.694,10.58,0.0,344.4,0.1253,1.676,0.1382,0.1878,0.3532,0.1206,0.4682,1.694,10.58,0.0,0.0,0.0,0.0,0.0,0.0,0.0,0.0,0.0,0.0,0.0,0.0,0.0,299.7,101.0,40.81,1020.0,242.0,4.995,9.003,4.607,4.068,0.0,102.2,7.409,5.259,14.74,23.86,0.2444,0.06643,0.07003,0.05255,0.02784,0.0,0.0,0.0,0.0,0.0,0.0,0.0,0.0,0.0,0.0,0.0,0.0,0.0,0.0,0.0,0.0,0.0,0.0,0.0,0.0,0.0,0.0,0.0,0.0,0.0,0.0,0.0,0.0,0.0,0.0,0.0,0.0,0.0,0.0,0.0,9.961E-4,0.0,99890.0,149600.0,109000.0,70810.0,3.295E7,35840.0,29850.0,45810.0,30510.0,44890.0,0.0,7.165E-38,3.325E-38,2.3499999999999997E-37,1.908E-37,1.354E-38,1.048E-38,8.575E-40,3.051E-40,3.427E-40,1.7199999999999998E-39,2.08E-35,0.0,0.2538,0.6651,1.698,0.9445,0.05939,0.05173,0.005505,0.002444,0.003855,0.00973,0.0,0.0,2.682E-4,4.188E-4,9.001E-4,0.9955,2.098E-4,3.322E-4,7.795E-4,4.024E-4,0.001176,0.0,0.02137,0.001699,0.002037,0.001645,0.17,0.003608,5.171E-4,3.981E-4,4.469E-4,4.467E-4,
0.0,1194.0,138.3,227.5,158.6,0.05875,5.934,0.4833,0.3495,1.058,0.9837,0.0,344.4,0.1147,1.69,0.1343,0.1876,0.3697,0.1042,0.4668,2.772,9.5,0.0,344.4,0.1147,1.69,0.1343,0.1876,0.3697,0.1042,0.4668,2.772,9.5,0.0,0.0,0.0,0.0,0.0,0.0,0.0,0.0,0.0,0.0,0.0,0.0,0.0,300.7,104.0,39.29,1024.0,242.2,4.09,9.198,4.707,4.134,0.0,101.6,7.692,5.196,11.27,23.82,0.2406,0.06526,0.07644,0.04742,0.02756,0.0,0.0,0.0,0.0,0.0,0.0,0.0,0.0,0.0,0.0,0.0,0.0,0.0,0.0,0.0,0.0,0.0,0.0,0.0,0.0,0.0,0.0,0.0,0.0,0.0,0.0,0.0,0.0,0.0,0.0,0.0,0.0,0.0,0.0,0.0,8.142E-4,0.0,99920.0,149400.0,105200.0,67520.0,3.203E7,35820.0,27410.0,43830.0,28670.0,43410.0,0.0,6.898999999999999E-38,3.201E-38,2.328E-37,1.951E-37,1.354E-38,7.481E-39,8.066E-40,3.519E-40,3.737E-40,1.724E-39,2.08E-35,0.0,0.2443,0.6679,1.7,0.951,0.05938,0.04583,0.004798,0.002692,0.004084,0.009869,0.0,0.0,2.682E-4,4.188E-4,9.001E-4,0.9955,2.098E-4,3.322E-4,7.795E-4,4.024E-4,0.001176,0.0,0.02138,0.001702,0.002041,0.001642,0.1697,0.003636,4.419E-4,4.061E-4,4.57E-4,4.37E-4,
0.0,1195.0,141.0,224.7,157.6,0.05652,6.54,0.5663,0.5122,1.132,1.082,0.0,344.4,0.1318,1.669,0.1418,0.1877,0.3683,0.09112,0.4692,2.773,9.502,0.0,344.4,0.1318,1.669,0.1418,0.1877,0.3683,0.09112,0.4692,2.773,9.502,0.0,0.0,0.0,0.0,0.0,0.0,0.0,0.0,0.0,0.0,0.0,0.0,0.0,301.5,104.4,39.49,1020.0,242.2,3.243,9.379,4.802,4.194,0.0,101.6,8.011,5.154,9.67,23.78,0.234,0.05136,0.07554,0.04714,0.02743,0.0,0.0,0.0,0.0,0.0,0.0,0.0,0.0,0.0,0.0,0.0,0.0,0.0,0.0,0.0,0.0,0.0,0.0,0.0,0.0,0.0,0.0,0.0,0.0,0.0,0.0,0.0,0.0,0.0,0.0,0.0,0.0,0.0,0.0,0.0,6.594E-4,0.0,100100.0,151100.0,104600.0,66570.0,3.223E7,36800.0,25280.0,42860.0,27940.0,43400.0,0.0,7.058E-38,3.75E-38,2.254E-37,1.917E-37,1.353E-38,8.585E-39,9.559E-40,5.148E-40,4.487E-40,1.795E-39,2.08E-35,0.0,0.2531,0.6906,1.664,0.9487,0.05935,0.04886,0.004984,0.003552,0.004529,0.01041,0.0,0.0,2.682E-4,4.188E-4,9.001E-4,0.9955,2.098E-4,3.322E-4,7.795E-4,4.024E-4,0.001176,0.0,0.02146,0.001708,0.002028,0.001644,0.1696,0.003616,3.555E-4,4.078E-4,4.549E-4,4.374E-4,
0.0,1185.0,155.2,224.5,156.1,1.159,5.36,0.481,0.4947,1.137,1.075,0.0,344.4,0.1183,1.678,0.1445,0.1699,0.362,0.09101,0.2922,3.066,9.409,0.0,344.4,0.1183,1.678,0.1445,0.1699,0.362,0.09101,0.2922,3.066,9.409,0.0,0.0,0.0,0.0,0.0,0.0,0.0,0.0,0.0,0.0,0.0,0.0,0.0,303.8,106.9,47.68,1016.0,235.1,2.599,8.699,4.277,4.133,0.0,98.28,7.179,5.305,8.288,25.09,0.04065,0.04747,0.07051,0.04391,0.04579,0.0,0.0,0.0,0.0,0.0,0.0,0.0,0.0,0.0,0.0,0.0,0.0,0.0,0.0,0.0,0.0,0.0,0.0,0.0,0.0,0.0,0.0,0.0,0.0,0.0,0.0,0.0,0.0,0.0,0.0,0.0,0.0,0.0,0.0,0.0,5.578E-4,0.0,100200.0,143200.0,125200.0,78050.0,3.309E7,32550.0,21590.0,38390.0,24840.0,46870.0,0.0,6.076E-38,3.389E-38,2.283E-37,1.866E-37,1.464E-38,6.155E-39,8.219999999999999E-40,4.761E-40,4.464E-40,1.766E-39,2.08E-35,0.0,0.2271,0.7284,1.669,0.9228,0.0741,0.04012,0.004592,0.003507,0.004603,0.01041,0.0,0.0,2.682E-4,4.188E-4,9.001E-4,0.9955,2.098E-4,3.322E-4,7.795E-4,4.024E-4,0.001176,0.0,0.02146,0.001714,0.002224,0.001645,0.1695,0.003483,3.224E-4,3.646E-4,4.28E-4,4.562E-4,
0.0,1185.0,155.8,219.7,157.5,0.06782,6.351,0.4855,0.4845,1.139,1.064,0.0,344.4,0.1174,1.673,0.1432,0.1672,0.371,0.09104,0.2921,3.745,8.73,0.0,344.4,0.1174,1.673,0.1432,0.1672,0.371,0.09104,0.2921,3.745,8.73,0.0,0.0,0.0,0.0,0.0,0.0,0.0,0.0,0.0,0.0,0.0,0.0,0.0,305.8,100.8,52.89,1014.0,241.2,3.87,5.394,3.655,3.406,0.0,98.28,7.42,6.979,7.653,26.11,0.05627,0.06169,0.08912,0.05676,0.05262,0.0,0.0,0.0,0.0,0.0,0.0,0.0,0.0,0.0,0.0,0.0,0.0,0.0,0.0,0.0,0.0,0.0,0.0,0.0,0.0,0.0,0.0,0.0,0.0,0.0,0.0,0.0,0.0,0.0,0.0,0.0,0.0,0.0,0.0,0.0,4.963E-4,0.0,100300.0,146700.0,102300.0,81650.0,3.434E7,34100.0,24960.0,43230.0,28070.0,49200.0,0.0,6.076E-38,3.425E-38,2.236E-37,1.881E-37,1.395E-38,7.478E-39,8.225E-40,4.395E-40,4.3419999999999996E-40,1.73E-39,2.08E-35,0.0,0.2271,0.736,1.649,0.9374,0.06401,0.04601,0.004591,0.003391,0.00457,0.01036,0.0,0.0,2.682E-4,4.188E-4,9.001E-4,0.9955,2.098E-4,3.322E-4,7.795E-4,4.024E-4,0.001176,0.0,0.02146,0.001745,0.001997,0.001705,0.1696,0.003499,3.577E-4,4.005E-4,4.599E-4,4.624E-4,
0.0,1182.0,145.3,235.1,157.2,0.06703,4.798,0.4831,0.4781,1.142,1.054,0.0,344.4,0.115,1.671,0.1439,0.167,0.3686,0.09238,0.2923,4.041,8.434,0.0,344.4,0.115,1.671,0.1439,0.167,0.3686,0.09238,0.2923,4.041,8.434,0.0,0.0,0.0,0.0,0.0,0.0,0.0,0.0,0.0,0.0,0.0,0.0,0.0,315.4,104.3,45.88,1009.0,239.7,5.397,7.441,4.567,4.187,0.0,96.98,7.274,7.099,7.313,26.04,0.0615,0.06211,0.08968,0.0596,0.05447,0.0,0.0,0.0,0.0,0.0,0.0,0.0,0.0,0.0,0.0,0.0,0.0,0.0,0.0,0.0,0.0,0.0,0.0,0.0,0.0,0.0,0.0,0.0,0.0,0.0,0.0,0.0,0.0,0.0,0.0,0.0,0.0,0.0,0.0,0.0,1.0E-4,0.0,100400.0,147700.0,102800.0,82130.0,3.579E7,32810.0,24870.0,43690.0,28430.0,50150.0,0.0,5.768E-38,3.358E-38,2.2279999999999998E-37,1.8749999999999999E-37,1.385E-38,5.126E-39,8.096E-40,4.244E-40,4.257E-40,1.6979999999999998E-39,2.08E-35,0.0,0.2216,0.6853,1.713,0.929,0.06361,0.03774,0.004572,0.003365,0.004567,0.01034,0.0,0.0,2.682E-4,4.188E-4,9.001E-4,0.9955,2.098E-4,3.322E-4,7.795E-4,4.024E-4,0.001176,0.0,0.02148,0.001758,0.002,0.001683,0.1695,0.003465,3.61E-4,4.062E-4,4.684E-4,4.576E-4,
0.0,1182.0,146.0,232.2,148.4,0.06734,6.52,0.4836,0.4782,1.146,1.053,0.0,344.4,0.1466,1.583,0.1629,0.2013,0.3633,0.0963,0.2925,3.89,8.585,0.0,344.4,0.1466,1.583,0.1629,0.2013,0.3633,0.0963,0.2925,3.89,8.585,0.0,0.0,0.0,0.0,0.0,0.0,0.0,0.0,0.0,0.0,0.0,0.0,0.0,317.6,106.4,46.39,1012.0,239.1,5.455,7.517,4.599,4.219,0.0,96.98,8.568,6.152,15.67,26.16,0.06025,0.06206,0.08962,0.05933,0.05269,0.0,0.0,0.0,0.0,0.0,0.0,0.0,0.0,0.0,0.0,0.0,0.0,0.0,0.0,0.0,0.0,0.0,0.0,0.0,0.0,0.0,0.0,0.0,0.0,0.0,0.0,0.0,0.0,0.0,0.0,0.0,0.0,0.0,0.0,0.0,1.0E-4,0.0,100400.0,146300.0,109100.0,83340.0,3.743E7,31990.0,25070.0,44520.0,28830.0,51510.0,0.0,5.768E-38,3.731E-38,2.131E-37,1.839E-37,1.6679999999999999E-38,8.778E-39,8.02E-40,4.174E-40,4.223E-40,1.669E-39,2.08E-35,0.0,0.2216,0.7055,1.672,0.9242,0.0753,0.04839,0.004575,0.003366,0.004587,0.01033,0.0,0.0,2.682E-4,4.188E-4,9.001E-4,0.9955,2.098E-4,3.322E-4,7.795E-4,4.024E-4,0.001176,0.0,0.02148,0.001752,0.002032,0.00169,0.1695,0.003437,3.612E-4,4.069E-4,4.73E-4,4.527E-4,
0.0,1182.0,147.7,229.5,144.7,0.09458,6.311,0.4854,0.4855,1.146,1.327,0.0,344.4,0.1147,1.655,0.1503,0.172,0.3603,0.09645,0.2956,3.239,9.234,0.0,344.4,0.1147,1.655,0.1503,0.172,0.3603,0.09645,0.2956,3.239,9.234,0.0,0.0,0.0,0.0,0.0,0.0,0.0,0.0,0.0,0.0,0.0,0.0,0.0,322.2,106.3,47.9,1009.0,235.6,5.97,8.2,4.912,4.479,0.0,96.98,8.609,7.725,17.06,26.18,0.06622,0.06203,0.08958,0.05899,0.04235,0.0,0.0,0.0,0.0,0.0,0.0,0.0,0.0,0.0,0.0,0.0,0.0,0.0,0.0,0.0,0.0,0.0,0.0,0.0,0.0,0.0,0.0,0.0,0.0,0.0,0.0,0.0,0.0,0.0,0.0,0.0,0.0,0.0,0.0,0.0,4.384E-4,0.0,100500.0,146300.0,108600.0,85500.0,3.922E7,31150.0,25810.0,46110.0,29780.0,53200.0,0.0,5.768999999999999E-38,3.37E-38,2.179E-37,1.829E-37,1.416E-38,8.18E-39,7.959E-40,4.128E-40,4.189E-40,1.9539999999999998E-39,2.08E-35,0.0,0.2217,0.7101,1.681,0.9128,0.06484,0.04742,0.004586,0.00338,0.004596,0.01368,0.0,0.0,2.682E-4,4.188E-4,9.001E-4,0.9955,2.098E-4,3.322E-4,7.795E-4,4.024E-4,0.001176,0.0,0.02151,0.001784,0.001982,0.001683,0.1695,0.003359,3.618E-4,4.101E-4,4.732E-4,4.53E-4,
0.0,1172.0,135.4,252.7,149.6,0.09148,4.818,0.4861,0.4861,1.153,1.193,0.0,344.4,0.1072,1.61,0.1556,0.1782,0.359,0.0965,0.2956,3.984,8.528,0.0,344.4,0.1072,1.61,0.1556,0.1782,0.359,0.0965,0.2956,3.984,8.528,0.0,0.0,0.0,0.0,0.0,0.0,0.0,0.0,0.0,0.0,0.0,0.0,0.0,326.7,108.5,47.74,1005.0,235.6,5.97,8.196,4.914,4.474,0.0,95.37,8.623,7.262,14.01,26.53,0.0581,0.06169,0.08916,0.05864,0.04055,0.0,0.0,0.0,0.0,0.0,0.0,0.0,0.0,0.0,0.0,0.0,0.0,0.0,0.0,0.0,0.0,0.0,0.0,0.0,0.0,0.0,0.0,0.0,0.0,0.0,0.0,0.0,0.0,0.0,0.0,0.0,0.0,0.0,0.0,0.0,0.001175,0.0,100700.0,146200.0,111300.0,83180.0,3.57E7,29660.0,25080.0,43930.0,28860.0,48890.0,0.0,4.933E-38,3.223E-38,2.142E-37,1.855E-37,1.524E-38,5.01E-39,7.878E-40,4.073E-40,4.15E-40,1.919E-39,2.08E-35,0.0,0.1889,0.6519,1.76,0.9287,0.06923,0.03786,0.004588,0.003385,0.004616,0.01168,0.0,0.0,2.682E-4,4.188E-4,9.001E-4,0.9955,2.098E-4,3.322E-4,7.795E-4,4.024E-4,0.001176,0.0,0.0215,0.001803,0.001982,0.001689,0.1695,0.00331,3.619E-4,4.132E-4,4.776E-4,4.511E-4,
0.0,1173.0,143.0,241.7,149.2,0.05105,4.923,0.472,0.5014,1.138,1.158,0.0,344.4,0.1142,1.617,0.1553,0.1603,0.3655,0.09495,0.4078,4.651,7.748,0.0,344.4,0.1142,1.617,0.1553,0.1603,0.3655,0.09495,0.4078,4.651,7.748,0.0,0.0,0.0,0.0,0.0,0.0,0.0,0.0,0.0,0.0,0.0,0.0,0.0,337.3,103.5,47.68,999.4,236.0,5.892,8.17,4.785,4.407,0.0,99.56,8.784,8.734,8.734,26.89,0.051,0.0616,0.08326,0.05697,0.0398,0.0,0.0,0.0,0.0,0.0,0.0,0.0,0.0,0.0,0.0,0.0,0.0,0.0,0.0,0.0,0.0,0.0,0.0,0.0,0.0,0.0,0.0,0.0,0.0,0.0,0.0,0.0,0.0,0.0,0.0,0.0,0.0,0.0,0.0,0.0,5.0E-4,0.0,101700.0,178200.0,119100.0,77800.0,3.443E7,28550.0,24060.0,40940.0,27290.0,43210.0,0.0,6.096E-38,3.647E-38,2.09E-37,1.732E-37,1.374E-38,5.054E-39,7.676999999999999E-40,3.958E-40,3.957E-40,1.8419999999999998E-39,2.08E-35,0.0,0.2298,0.6865,1.724,0.8915,0.06264,0.0385,0.004484,0.003349,0.004483,0.01159,0.0,0.0,0.001292,9.642E-5,7.913E-4,0.9953,1.845E-4,2.921E-4,6.852E-4,3.537E-4,0.001034,0.0,0.02156,0.001936,0.001972,0.00162,0.1692,0.003319,3.483E-4,4.044E-4,4.663E-4,4.235E-4,
0.0,1173.0,126.3,257.1,151.0,0.06002,4.851,0.4799,0.508,1.149,1.195,0.0,344.4,0.1034,1.622,0.1578,0.1606,0.3649,0.09462,0.205,4.098,8.505,0.0,344.4,0.1034,1.622,0.1578,0.1606,0.3649,0.09462,0.205,4.098,8.505,0.0,0.0,0.0,0.0,0.0,0.0,0.0,0.0,0.0,0.0,0.0,0.0,0.0,340.9,108.7,42.81,996.4,235.9,5.904,8.199,4.819,5.546,0.0,99.56,8.967,8.646,7.411,26.83,0.04043,0.06119,0.08275,0.05649,0.03921,0.0,0.0,0.0,0.0,0.0,0.0,0.0,0.0,0.0,0.0,0.0,0.0,0.0,0.0,0.0,0.0,0.0,0.0,0.0,0.0,0.0,0.0,0.0,0.0,0.0,0.0,0.0,0.0,0.0,0.0,0.0,0.0,0.0,0.0,0.0,8.075E-4,0.0,101800.0,178100.0,113200.0,77170.0,3.223E7,27870.0,24230.0,40680.0,27310.0,41820.0,0.0,6.096E-38,3.16E-38,2.114E-37,1.7209999999999999E-37,1.374E-38,4.9429999999999996E-39,7.646E-40,3.97E-40,4.002E-40,1.899E-39,2.08E-35,0.0,0.2298,0.6196,1.783,0.8956,0.06265,0.0378,0.004527,0.00341,0.004559,0.0116,0.0,0.0,0.001322,9.867E-5,8.097E-4,0.9952,1.888E-4,2.989E-4,7.012E-4,3.62E-4,0.001058,0.0,0.02156,0.001923,0.002014,0.001577,0.1688,0.0033,3.487E-4,4.067E-4,4.717E-4,4.4E-4,
0.0,1173.0,124.1,257.9,152.7,0.06581,4.859,0.4918,0.5197,1.144,1.202,0.0,344.4,0.1056,1.621,0.1571,0.1604,0.4138,0.08821,0.2525,3.63,8.882,0.0,344.4,0.1056,1.621,0.1571,0.1604,0.4138,0.08821,0.2525,3.63,8.882,0.0,0.0,0.0,0.0,0.0,0.0,0.0,0.0,0.0,0.0,0.0,0.0,0.0,345.7,108.8,42.95,993.3,235.8,5.901,8.217,4.833,5.613,0.0,99.56,7.922,8.48,7.061,26.8,0.03942,0.0613,0.08302,0.05654,0.03938,0.0,0.0,0.0,0.0,0.0,0.0,0.0,0.0,0.0,0.0,0.0,0.0,0.0,0.0,0.0,0.0,0.0,0.0,0.0,0.0,0.0,0.0,0.0,0.0,0.0,0.0,0.0,0.0,0.0,0.0,0.0,0.0,0.0,0.0,0.0,1.0E-4,0.0,101800.0,181000.0,110900.0,79420.0,3.044E7,28140.0,25230.0,42310.0,28300.0,43080.0,0.0,6.096E-38,3.176E-38,2.067E-37,1.733E-37,1.374E-38,5.01E-39,7.695E-40,3.916E-40,4.005E-40,1.872E-39,2.08E-35,0.0,0.2298,0.6083,1.775,0.91,0.06265,0.03814,0.004568,0.003438,0.004576,0.0116,0.0,0.0,0.001463,1.092E-4,8.965E-4,0.9946,2.09E-4,3.309E-4,7.763E-4,4.008E-4,0.001171,0.0,0.02156,0.001934,0.001995,0.001603,0.1683,0.00329,3.513E-4,4.12E-4,4.897E-4,4.551E-4,
0.0,1176.0,123.5,255.8,143.8,0.2,8.809,0.7314,0.5183,1.157,1.198,0.0,344.4,0.1108,1.597,0.1678,0.1603,0.3835,0.05878,0.1938,1.71,10.93,0.0,344.4,0.1108,1.597,0.1678,0.1603,0.3835,0.05878,0.1938,1.71,10.93,0.0,0.0,0.0,0.0,0.0,0.0,0.0,0.0,0.0,0.0,0.0,0.0,0.0,354.2,107.2,41.07,983.0,236.1,5.954,8.198,4.837,5.63,0.0,99.56,4.848,8.042,14.56,26.26,0.03908,0.06129,0.08301,0.05648,0.03922,0.0,0.0,0.0,0.0,0.0,0.0,0.0,0.0,0.0,0.0,0.0,0.0,0.0,0.0,0.0,0.0,0.0,0.0,0.0,0.0,0.0,0.0,0.0,0.0,0.0,0.0,0.0,0.0,0.0,0.0,0.0,0.0,0.0,0.0,0.0,1.0E-4,0.0,101900.0,179200.0,107400.0,78060.0,2.913E7,28140.0,25220.0,42390.0,28620.0,41760.0,0.0,6.663E-38,3.395E-38,2.026E-37,1.57E-37,1.3549999999999999E-38,1.346E-38,1.358E-39,3.811E-40,3.984E-40,1.8459999999999998E-39,2.08E-35,0.0,0.2543,0.615,1.762,0.8601,0.06323,0.06288,0.006097,0.003436,0.004635,0.01161,0.0,0.0,0.001463,1.092E-4,8.965E-4,0.9946,2.09E-4,3.309E-4,7.763E-4,4.008E-4,0.001171,0.0,0.02159,0.001946,0.00198,0.001577,0.1684,0.003374,2.572E-4,4.127E-4,4.999E-4,4.488E-4,
0.0,1178.0,120.0,257.1,141.5,0.2097,9.465,0.8792,0.5502,1.158,1.219,0.0,344.4,0.1103,1.64,0.1505,0.1586,0.3591,0.06897,0.2743,4.645,7.9,0.0,344.4,0.1103,1.64,0.1505,0.1586,0.3591,0.06897,0.2743,4.645,7.9,0.0,0.0,0.0,0.0,0.0,0.0,0.0,0.0,0.0,0.0,0.0,0.0,0.0,369.8,86.85,66.33,967.1,226.5,4.089,5.328,3.558,4.529,0.0,99.56,4.788,7.908,14.55,26.23,0.03883,0.06089,0.08249,0.05598,0.03894,0.0,0.0,0.0,0.0,0.0,0.0,0.0,0.0,0.0,0.0,0.0,0.0,0.0,0.0,0.0,0.0,0.0,0.0,0.0,0.0,0.0,0.0,0.0,0.0,0.0,0.0,0.0,0.0,0.0,0.0,0.0,0.0,0.0,0.0,0.0,7.005E-4,0.0,102000.0,182000.0,100800.0,78250.0,2.904E7,27520.0,25620.0,42860.0,28900.0,41810.0,0.0,6.999E-38,2.777E-38,2.062E-37,1.526E-37,1.304E-38,1.332E-38,1.631E-39,4.283E-40,4.136E-40,1.838E-39,2.08E-35,0.0,0.2673,0.5747,1.783,0.8573,0.06056,0.06497,0.006973,0.003619,0.004693,0.0117,0.0,0.0,0.001463,1.092E-4,8.965E-4,0.9946,2.09E-4,3.309E-4,7.763E-4,4.008E-4,0.001171,0.0,0.0216,0.001938,0.001955,0.001617,0.1684,0.003329,2.541E-4,4.089E-4,4.947E-4,4.495E-4,
0.0,1178.0,119.0,254.0,154.0,0.1819,5.497,1.127,0.7315,1.167,1.197,0.0,344.4,0.1418,1.602,0.1493,0.1591,0.3603,0.05923,0.1919,1.876,10.76,0.0,344.4,0.1418,1.602,0.1493,0.1591,0.3603,0.05923,0.1919,1.876,10.76,0.0,0.0,0.0,0.0,0.0,0.0,0.0,0.0,0.0,0.0,0.0,0.0,0.0,375.6,91.68,46.59,968.3,233.6,6.525,8.216,4.843,5.642,0.0,99.56,4.99,7.662,6.632,26.25,0.03859,0.06093,0.08254,0.05554,0.03802,0.0,0.0,0.0,0.0,0.0,0.0,0.0,0.0,0.0,0.0,0.0,0.0,0.0,0.0,0.0,0.0,0.0,0.0,0.0,0.0,0.0,0.0,0.0,0.0,0.0,0.0,0.0,0.0,0.0,0.0,0.0,0.0,0.0,0.0,0.0,1.0E-4,0.0,102100.0,180600.0,99770.0,76990.0,2.952E7,27010.0,24610.0,41710.0,28110.0,41770.0,0.0,7.024E-38,3.046E-38,1.998E-37,1.6E-37,1.302E-38,5.773E-39,1.8009999999999998E-39,3.796E-40,3.91E-40,1.793E-39,2.08E-35,0.0,0.2695,0.5797,1.755,0.884,0.06052,0.04252,0.008917,0.005247,0.004694,0.0116,0.0,0.0,0.001463,1.092E-4,8.965E-4,0.9946,2.09E-4,3.309E-4,7.763E-4,4.008E-4,0.001171,0.0,0.0216,0.001919,0.001957,0.00159,0.1684,0.003321,2.58E-4,4.128E-4,5.068E-4,4.417E-4,
0.0,1180.0,112.5,235.9,173.4,0.4923,5.238,1.127,0.7332,1.17,1.192,0.0,344.4,0.09469,1.63,0.1532,0.17,0.3625,0.05923,0.1918,2.188,10.45,0.0,344.4,0.09469,1.63,0.1532,0.17,0.3625,0.05923,0.1918,2.188,10.45,0.0,0.0,0.0,0.0,0.0,0.0,0.0,0.0,0.0,0.0,0.0,0.0,0.0,377.9,92.34,46.64,968.3,233.6,6.526,8.218,4.846,5.646,0.0,99.56,6.852,9.339,4.186,26.89,0.04037,0.0609,0.0825,0.0554,0.03763,0.0,0.0,0.0,0.0,0.0,0.0,0.0,0.0,0.0,0.0,0.0,0.0,0.0,0.0,0.0,0.0,0.0,0.0,0.0,0.0,0.0,0.0,0.0,0.0,0.0,0.0,0.0,0.0,0.0,0.0,0.0,0.0,0.0,0.0,0.0,5.354E-4,0.0,102200.0,186200.0,101600.0,77460.0,3.06E7,27150.0,24580.0,42050.0,28140.0,42850.0,0.0,7.469E-38,2.476E-38,1.996E-37,1.568E-37,1.508E-38,5.198E-39,1.7789999999999998E-39,3.709E-40,3.844E-40,1.764E-39,2.08E-35,0.0,0.2857,0.5449,1.699,0.9449,0.07039,0.03965,0.008917,0.005256,0.004694,0.01159,0.0,0.0,0.001463,1.092E-4,8.965E-4,0.9946,2.09E-4,3.309E-4,7.763E-4,4.008E-4,0.001171,0.0,0.02162,0.001895,0.001939,0.001585,0.1684,0.00331,2.575E-4,4.128E-4,5.094E-4,4.387E-4,
0.0,1187.0,109.2,246.2,161.7,0.4209,4.678,1.187,0.6705,1.17,1.184,0.0,344.4,0.09474,1.629,0.1511,0.1609,0.4147,0.03649,0.1794,1.631,11.0,0.0,344.4,0.09474,1.629,0.1511,0.1609,0.4147,0.03649,0.1794,1.631,11.0,0.0,0.0,0.0,0.0,0.0,0.0,0.0,0.0,0.0,0.0,0.0,0.0,0.0,378.9,92.35,46.65,971.3,233.6,6.526,8.219,4.849,5.65,0.0,99.56,8.032,7.091,2.845,27.31,0.04275,0.06144,0.08263,0.05553,0.03765,0.0,0.0,0.0,0.0,0.0,0.0,0.0,0.0,0.0,0.0,0.0,0.0,0.0,0.0,0.0,0.0,0.0,0.0,0.0,0.0,0.0,0.0,0.0,0.0,0.0,0.0,0.0,0.0,0.0,0.0,0.0,0.0,0.0,0.0,0.0,4.834E-4,0.0,102400.0,192800.0,102300.0,79860.0,3.205E7,26860.0,25500.0,43070.0,28990.0,44400.0,0.0,7.934E-38,2.496E-38,2.006E-37,1.5049999999999999E-37,1.349E-38,4.193E-39,1.76E-39,3.508E-40,3.723E-40,1.73E-39,2.08E-35,0.0,0.3058,0.5372,1.716,0.9276,0.06315,0.03484,0.009003,0.005104,0.004683,0.0115,0.0,0.0,0.001463,1.092E-4,8.965E-4,0.9946,2.09E-4,3.309E-4,7.763E-4,4.008E-4,0.001171,0.0,0.02166,0.001888,0.00193,0.001567,0.1684,0.003257,3.001E-4,3.767E-4,5.17E-4,4.421E-4,
0.0,1187.0,107.0,246.6,162.1,0.3494,5.783,1.197,0.6765,1.182,1.197,0.0,344.4,0.1132,1.605,0.1596,0.1609,0.3638,0.05564,0.1866,1.737,10.92,0.0,344.4,0.1132,1.605,0.1596,0.1609,0.3638,0.05564,0.1866,1.737,10.92,0.0,0.0,0.0,0.0,0.0,0.0,0.0,0.0,0.0,0.0,0.0,0.0,0.0,381.4,91.77,46.73,961.4,233.6,6.523,8.214,4.851,5.645,0.0,99.56,9.092,6.659,2.452,27.38,0.03868,0.0609,0.08249,0.05534,0.03743,0.0,0.0,0.0,0.0,0.0,0.0,0.0,0.0,0.0,0.0,0.0,0.0,0.0,0.0,0.0,0.0,0.0,0.0,0.0,0.0,0.0,0.0,0.0,0.0,0.0,0.0,0.0,0.0,0.0,0.0,0.0,0.0,0.0,0.0,0.0,4.573E-4,0.0,102400.0,196600.0,99520.0,81570.0,3.37E7,26970.0,26500.0,44910.0,30070.0,46450.0,0.0,7.934E-38,2.703E-38,1.966E-37,1.4729999999999999E-37,1.349E-38,6.03E-39,1.74E-39,3.503E-40,3.773E-40,1.7199999999999998E-39,2.08E-35,0.0,0.3058,0.5395,1.706,0.929,0.06315,0.03995,0.009072,0.005168,0.004794,0.0116,0.0,0.0,0.001463,1.092E-4,8.965E-4,0.9946,2.09E-4,3.309E-4,7.763E-4,4.008E-4,0.001171,0.0,0.02168,0.001886,0.001926,0.001572,0.1684,0.003226,3.018E-4,3.729E-4,5.212E-4,4.396E-4,
0.0,1201.0,109.7,245.5,147.0,0.2728,4.589,1.195,0.6774,1.17,1.21,0.0,344.4,0.09656,1.612,0.1707,0.1609,0.3556,0.05249,0.1873,1.782,10.88,0.0,344.4,0.09656,1.612,0.1707,0.1609,0.3556,0.05249,0.1873,1.782,10.88,0.0,0.0,0.0,0.0,0.0,0.0,0.0,0.0,0.0,0.0,0.0,0.0,0.0,382.5,92.62,46.74,953.5,233.5,6.506,8.192,4.84,5.637,0.0,97.6,12.37,6.511,2.214,27.4,0.03855,0.0605,0.08197,0.05498,0.03722,0.0,0.0,0.0,0.0,0.0,0.0,0.0,0.0,0.0,0.0,0.0,0.0,0.0,0.0,0.0,0.0,0.0,0.0,0.0,0.0,0.0,0.0,0.0,0.0,0.0,0.0,0.0,0.0,0.0,0.0,0.0,0.0,0.0,0.0,0.0,4.385E-4,0.0,102700.0,202600.0,96510.0,83010.0,3.546E7,27280.0,27560.0,46940.0,31200.0,48730.0,0.0,7.084E-38,3.615E-38,1.971E-37,1.4519999999999999E-37,1.349E-38,3.9709999999999996E-39,1.7109999999999998E-39,3.429E-40,3.722E-40,1.697E-39,2.08E-35,0.0,0.3417,0.5674,1.704,0.8733,0.0631,0.03386,0.009062,0.00517,0.004805,0.0116,0.0,0.0,0.001463,1.092E-4,8.965E-4,0.9946,2.09E-4,3.309E-4,7.763E-4,4.008E-4,0.001171,0.0,0.02169,0.001907,0.001923,0.001566,0.1683,0.003192,2.936E-4,3.709E-4,5.242E-4,4.398E-4,
0.0,1201.0,107.1,251.8,143.0,0.2219,5.205,1.194,0.6778,1.183,1.2,0.0,344.4,0.1001,1.601,0.1598,0.1761,0.3528,0.05142,0.1855,1.522,11.15,0.0,344.4,0.1001,1.601,0.1598,0.1761,0.3528,0.05142,0.1855,1.522,11.15,0.0,0.0,0.0,0.0,0.0,0.0,0.0,0.0,0.0,0.0,0.0,0.0,0.0,370.0,98.97,41.14,971.6,233.4,6.194,7.785,4.564,5.493,0.0,97.6,9.663,6.174,11.2,20.94,0.01935,0.01126,0.01757,0.01096,0.01378,0.0,0.0,0.0,0.0,0.0,0.0,0.0,0.0,0.0,0.0,0.0,0.0,0.0,0.0,0.0,0.0,0.0,0.0,0.0,0.0,0.0,0.0,0.0,0.0,0.0,0.0,0.0,0.0,0.0,0.0,0.0,0.0,0.0,0.0,0.0,1.0E-4,0.0,102700.0,215100.0,150400.0,81320.0,3.709E7,26080.0,24320.0,43350.0,28720.0,48780.0,0.0,7.084E-38,2.313E-38,1.952E-37,1.43E-37,1.504E-38,4.9869999999999995E-39,1.695E-39,3.506E-40,4.0409999999999996E-40,1.6529999999999998E-39,2.08E-35,0.0,0.3418,0.5425,1.712,0.8756,0.07061,0.0381,0.00911,0.005236,0.00506,0.01143,0.0,0.0,0.001463,1.092E-4,8.965E-4,0.9946,2.09E-4,3.309E-4,7.763E-4,4.008E-4,0.001171,0.0,0.02169,0.001908,0.00237,0.001509,0.168,0.003172,2.693E-4,3.39E-4,5.178E-4,4.143E-4,
0.0,1201.0,106.5,250.9,139.5,0.1638,8.56,1.732,0.7877,1.298,1.305,0.0,344.4,0.09188,1.595,0.1796,0.1647,0.3502,0.04812,0.1849,1.97,10.71,0.0,344.4,0.09188,1.595,0.1796,0.1647,0.3502,0.04812,0.1849,1.97,10.71,0.0,0.0,0.0,0.0,0.0,0.0,0.0,0.0,0.0,0.0,0.0,0.0,0.0,373.0,90.31,41.76,977.8,233.4,6.449,8.143,4.812,5.348,0.0,97.6,9.561,6.525,11.2,21.0,0.01865,0.01219,0.01878,0.01179,0.01419,0.0,0.0,0.0,0.0,0.0,0.0,0.0,0.0,0.0,0.0,0.0,0.0,0.0,0.0,0.0,0.0,0.0,0.0,0.0,0.0,0.0,0.0,0.0,0.0,0.0,0.0,0.0,0.0,0.0,0.0,0.0,0.0,0.0,0.0,0.0,1.092E-4,0.0,102800.0,208100.0,91150.0,77340.0,3.389E7,25300.0,24080.0,41970.0,28280.0,45320.0,0.0,7.084E-38,2.339E-38,1.931E-37,1.384E-37,1.295E-38,9.189E-39,2.375E-39,4.438E-40,5.203E-40,1.05E-39,2.08E-35,0.0,0.3418,0.5441,1.714,0.864,0.05663,0.05306,0.01244,0.005725,0.005801,0.009938,0.0,0.0,0.001463,1.092E-4,8.965E-4,0.9946,2.09E-4,3.309E-4,7.763E-4,4.008E-4,0.001171,0.0,0.02169,0.001917,0.001898,0.001526,0.1684,0.003157,2.829E-4,3.566E-4,5.404E-4,4.096E-4,
0.0,1201.0,107.1,245.1,128.3,0.1261,6.259,1.957,0.916,1.301,1.302,0.0,344.4,0.09572,1.626,0.1391,0.1647,0.349,0.04813,0.2407,2.152,10.47,0.0,344.4,0.09572,1.626,0.1391,0.1647,0.349,0.04813,0.2407,2.152,10.47,0.0,0.0,0.0,0.0,0.0,0.0,0.0,0.0,0.0,0.0,0.0,0.0,0.0,376.2,90.38,42.56,972.5,233.4,6.525,8.241,4.883,5.384,0.0,97.6,10.69,10.22,24.1,21.03,0.01856,0.01247,0.01915,0.01204,0.01433,0.0,0.0,0.0,0.0,0.0,0.0,0.0,0.0,0.0,0.0,0.0,0.0,0.0,0.0,0.0,0.0,0.0,0.0,0.0,0.0,0.0,0.0,0.0,0.0,0.0,0.0,0.0,0.0,0.0,0.0,0.0,0.0,0.0,0.0,0.0,8.78E-4,0.0,102800.0,194900.0,85820.0,81630.0,3.257E7,24620.0,23380.0,40640.0,27500.0,43840.0,0.0,7.084E-38,2.435E-38,1.907E-37,1.383E-37,1.295E-38,6.346E-39,2.7239999999999998E-39,5.708E-40,5.121E-40,1.03E-39,2.08E-35,0.0,0.3418,0.5532,1.699,0.8734,0.05663,0.0426,0.01394,0.006211,0.00581,0.009941,0.0,0.0,0.001463,1.092E-4,8.965E-4,0.9946,2.09E-4,3.309E-4,7.763E-4,4.008E-4,0.001171,0.0,0.0217,0.001899,0.001843,0.001609,0.1684,0.003131,2.866E-4,3.626E-4,5.453E-4,4.083E-4,
0.0,1204.0,104.5,240.3,123.1,0.1141,6.904,1.515,0.859,1.319,1.659,0.0,344.4,0.09566,1.567,0.2236,0.1648,0.3689,0.06473,0.2062,1.978,10.62,0.0,344.4,0.09566,1.567,0.2236,0.1648,0.3689,0.06473,0.2062,1.978,10.62,0.0,0.0,0.0,0.0,0.0,0.0,0.0,0.0,0.0,0.0,0.0,0.0,0.0,378.3,90.63,42.43,969.6,233.4,6.373,8.185,4.829,5.383,0.0,104.8,12.2,13.45,19.57,21.04,0.0187,0.4006,0.1162,0.1333,0.9837,0.0,0.0,0.0,0.0,0.0,0.0,0.0,0.0,0.0,0.0,0.0,0.0,0.0,0.0,0.0,0.0,0.0,0.0,0.0,0.0,0.0,0.0,0.0,0.0,0.0,0.0,0.0,0.0,0.0,0.0,0.0,0.0,0.0,0.0,0.0,6.991E-4,0.0,107100.0,192200.0,82030.0,75240.0,3.251E7,24210.0,23190.0,40270.0,27260.0,44160.0,0.0,7.611E-38,2.502E-38,1.866E-37,1.303E-37,1.295E-38,7.523E-39,2.36E-39,5.666E-40,5.9E-40,3.1519999999999996E-39,2.08E-35,0.0,0.3673,0.5479,1.688,0.8463,0.05663,0.04682,0.01326,0.006406,0.006543,0.02071,0.0,0.0,0.001463,1.092E-4,8.965E-4,0.9946,2.09E-4,3.309E-4,7.763E-4,4.008E-4,0.001171,0.0,0.02178,0.001897,0.001822,0.001537,0.1684,0.0031,2.864E-4,3.613E-4,5.474E-4,4.471E-4,
0.0,1204.0,104.9,240.7,125.8,0.1043,6.557,1.448,0.611,1.252,1.139,0.0,344.4,0.1016,1.558,0.1624,0.1868,0.3582,0.1632,0.07688,2.434,10.25,0.0,344.4,0.1016,1.558,0.1624,0.1868,0.3582,0.1632,0.07688,2.434,10.25,0.0,0.0,0.0,0.0,0.0,0.0,0.0,0.0,0.0,0.0,0.0,0.0,0.0,379.5,90.2,42.38,955.1,233.4,6.637,8.384,4.961,5.413,0.0,104.8,11.8,8.888,23.36,20.89,0.02091,0.3207,0.1018,0.1107,0.03143,0.0,0.0,0.0,0.0,0.0,0.0,0.0,0.0,0.0,0.0,0.0,0.0,0.0,0.0,0.0,0.0,0.0,0.0,0.0,0.0,0.0,0.0,0.0,0.0,0.0,0.0,0.0,0.0,0.0,0.0,0.0,0.0,0.0,0.0,0.0,5.832E-4,0.0,107200.0,197000.0,85300.0,76520.0,3.326E7,24490.0,24940.0,42650.0,28740.0,45960.0,0.0,7.611E-38,2.507E-38,1.8639999999999999E-37,1.315E-37,1.29E-38,6.598E-39,1.9539999999999998E-39,3.3909999999999998E-40,4.559E-40,8.361E-40,2.08E-35,0.0,0.3673,0.5466,1.7,0.8555,0.05662,0.04397,0.0109,0.004761,0.005564,0.008841,0.0,0.0,0.001463,1.092E-4,8.965E-4,0.9946,2.09E-4,3.309E-4,7.763E-4,4.008E-4,0.001171,0.0,0.02178,0.001924,0.001812,0.001534,0.1683,0.003095,3.177E-4,3.579E-4,5.633E-4,4.409E-4,
0.0,1204.0,104.2,240.8,129.6,0.1075,6.509,1.342,0.6003,1.288,1.142,0.0,344.4,0.09917,1.558,0.1706,0.182,0.3531,0.1639,0.07809,2.826,9.855,0.0,344.4,0.09917,1.558,0.1706,0.182,0.3531,0.1639,0.07809,2.826,9.855,0.0,0.0,0.0,0.0,0.0,0.0,0.0,0.0,0.0,0.0,0.0,0.0,0.0,383.8,91.31,41.23,956.9,233.5,6.881,8.688,5.134,5.629,0.0,107.1,10.65,8.727,18.99,20.83,0.02346,0.2015,0.07762,0.07559,0.03137,0.0,0.0,0.0,0.0,0.0,0.0,0.0,0.0,0.0,0.0,0.0,0.0,0.0,0.0,0.0,0.0,0.0,0.0,0.0,0.0,0.0,0.0,0.0,0.0,0.0,0.0,0.0,0.0,0.0,0.0,0.0,0.0,0.0,0.0,0.0,1.001E-4,0.0,107600.0,199300.0,86450.0,76650.0,3.451E7,25160.0,26250.0,44790.0,29950.0,47930.0,0.0,7.738E-38,2.392E-38,1.855E-37,1.305E-37,1.285E-38,6.176E-39,1.543E-39,2.992E-40,4.537E-40,8.33E-40,2.08E-35,0.0,0.3806,0.5379,1.698,0.8538,0.05639,0.04304,0.009382,0.004629,0.005581,0.008856,0.0,0.0,0.001463,1.092E-4,8.965E-4,0.9946,2.09E-4,3.309E-4,7.763E-4,4.008E-4,0.001171,0.0,0.0218,0.001929,0.001828,0.001493,0.1683,0.0031,3.249E-4,3.625E-4,5.685E-4,4.43E-4,
0.0,1206.0,106.0,225.6,133.9,0.1193,5.53,1.397,0.8242,1.3,1.225,0.0,344.4,0.104,1.526,0.1934,0.1876,0.3519,0.164,0.07847,2.826,9.854,0.0,344.4,0.104,1.526,0.1934,0.1876,0.3519,0.164,0.07847,2.826,9.854,0.0,0.0,0.0,0.0,0.0,0.0,0.0,0.0,0.0,0.0,0.0,0.0,0.0,386.4,91.58,41.39,957.9,233.5,6.881,8.688,5.134,5.629,0.0,107.1,10.67,16.94,18.04,21.26,0.0247,0.1252,0.05858,0.05179,0.02839,0.0,0.0,0.0,0.0,0.0,0.0,0.0,0.0,0.0,0.0,0.0,0.0,0.0,0.0,0.0,0.0,0.0,0.0,0.0,0.0,0.0,0.0,0.0,0.0,0.0,0.0,0.0,0.0,0.0,0.0,0.0,0.0,0.0,0.0,0.0,1.0E-4,0.0,107700.0,201200.0,86400.0,78310.0,3.606E7,25880.0,27310.0,46730.0,31160.0,49780.0,0.0,8.063E-38,2.465E-38,1.8129999999999999E-37,1.275E-37,1.341E-38,5.2229999999999997E-39,1.5129999999999998E-39,4.847E-40,4.462E-40,8.28E-40,2.08E-35,0.0,0.3936,0.5472,1.66,0.8695,0.05858,0.0389,0.009249,0.005386,0.005522,0.009413,0.0,0.0,0.001463,1.092E-4,8.965E-4,0.9946,2.09E-4,3.309E-4,7.763E-4,4.008E-4,0.001171,0.0,0.02182,0.001931,0.001824,0.001499,0.1683,0.003091,3.248E-4,3.632E-4,5.681E-4,4.444E-4,
0.0,1214.0,104.5,227.2,125.3,0.1351,7.178,1.461,0.848,1.316,1.115,0.0,344.4,0.127,1.523,0.163,0.1888,0.3584,0.1638,0.1022,2.802,9.855,0.0,344.4,0.127,1.523,0.163,0.1888,0.3584,0.1638,0.1022,2.802,9.855,0.0,0.0,0.0,0.0,0.0,0.0,0.0,0.0,0.0,0.0,0.0,0.0,0.0,385.9,104.6,41.27,940.6,233.6,6.841,8.636,5.099,5.61,0.0,107.1,10.9,15.9,16.56,21.28,0.03052,0.08864,0.04925,0.04029,0.02691,0.0,0.0,0.0,0.0,0.0,0.0,0.0,0.0,0.0,0.0,0.0,0.0,0.0,0.0,0.0,0.0,0.0,0.0,0.0,0.0,0.0,0.0,0.0,0.0,0.0,0.0,0.0,0.0,0.0,0.0,0.0,0.0,0.0,0.0,0.0,4.68E-4,0.0,107700.0,205300.0,85940.0,79280.0,3.759E7,29400.0,27250.0,47240.0,31240.0,51410.0,0.0,8.339E-38,2.79E-38,1.755E-37,1.212E-37,1.348E-38,8.089E-39,1.481E-39,4.718E-40,4.401E-40,8.232E-40,2.08E-35,0.0,0.428,0.5612,1.63,0.8355,0.05951,0.04926,0.009436,0.005445,0.005593,0.00863,0.0,0.0,0.001463,1.092E-4,8.965E-4,0.9946,2.09E-4,3.309E-4,7.763E-4,4.008E-4,0.001171,0.0,0.02183,0.001971,0.001796,0.001498,0.1682,0.003103,3.311E-4,3.664E-4,5.681E-4,4.428E-4,
0.0,1215.0,108.0,222.5,125.2,0.08157,5.235,1.477,1.242,0.9404,1.106,0.0,344.4,0.1311,1.529,0.1569,0.189,0.353,0.1638,0.5065,3.388,8.865,0.0,344.4,0.1311,1.529,0.1569,0.189,0.353,0.1638,0.5065,3.388,8.865,0.0,0.0,0.0,0.0,0.0,0.0,0.0,0.0,0.0,0.0,0.0,0.0,0.0,377.6,114.0,41.52,941.2,233.6,6.841,8.636,5.099,5.61,0.0,109.4,11.13,15.51,16.04,21.34,0.03429,0.07213,0.04517,0.03522,0.02638,0.0,0.0,0.0,0.0,0.0,0.0,0.0,0.0,0.0,0.0,0.0,0.0,0.0,0.0,0.0,0.0,0.0,0.0,0.0,0.0,0.0,0.0,0.0,0.0,0.0,0.0,0.0,0.0,0.0,0.0,0.0,0.0,0.0,0.0,0.0,1.0E-4,0.0,108300.0,201900.0,87860.0,80950.0,3.928E7,29640.0,27480.0,49200.0,30650.0,53250.0,0.0,8.565E-38,2.835E-38,1.7299999999999999E-37,1.2169999999999999E-37,1.351E-38,4.577E-39,1.4489999999999999E-39,4.675E-40,4.27E-40,8.156E-40,2.08E-35,0.0,0.4504,0.574,1.617,0.8246,0.05966,0.03697,0.009436,0.006113,0.004956,0.0086,0.0,0.0,0.001463,1.092E-4,8.965E-4,0.9946,2.09E-4,3.309E-4,7.763E-4,4.008E-4,0.001171,0.0,0.02186,0.001937,0.001814,0.001467,0.1682,0.003103,3.31E-4,4.651E-4,4.848E-4,4.272E-4,
0.0,1215.0,107.0,220.0,128.3,0.1267,9.044,1.021,1.086,0.9376,1.111,0.0,344.4,0.1279,1.529,0.161,0.1886,0.3472,0.1638,0.1488,3.358,9.251,0.0,344.4,0.1279,1.529,0.161,0.1886,0.3472,0.1638,0.1488,3.358,9.251,0.0,0.0,0.0,0.0,0.0,0.0,0.0,0.0,0.0,0.0,0.0,0.0,0.0,381.0,112.6,48.51,932.7,236.8,5.509,5.153,3.541,4.272,0.0,109.4,10.32,11.65,17.14,21.15,0.03845,0.06462,0.04334,0.03297,0.02622,0.0,0.0,0.0,0.0,0.0,0.0,0.0,0.0,0.0,0.0,0.0,0.0,0.0,0.0,0.0,0.0,0.0,0.0,0.0,0.0,0.0,0.0,0.0,0.0,0.0,0.0,0.0,0.0,0.0,0.0,0.0,0.0,0.0,0.0,0.0,9.845E-4,0.0,108300.0,195300.0,87170.0,80100.0,3.716E7,29730.0,26980.0,47790.0,29910.0,50970.0,0.0,8.565E-38,2.781E-38,1.7199999999999999E-37,1.147E-37,1.35E-38,9.892E-39,6.98E-40,3.321E-40,4.239E-40,8.126E-40,2.08E-35,0.0,0.4504,0.5559,1.599,0.8327,0.05828,0.06161,0.006549,0.005531,0.004965,0.008616,0.0,0.0,0.001463,1.092E-4,8.965E-4,0.9946,2.09E-4,3.309E-4,7.763E-4,4.008E-4,0.001171,0.0,0.02187,0.001926,0.001791,0.001488,0.1682,0.003097,3.29E-4,4.598E-4,4.796E-4,4.271E-4,
0.0,1201.0,128.7,213.5,129.8,0.136,8.294,1.027,1.288,0.9413,1.11,0.0,344.4,0.1277,1.51,0.1613,0.1776,0.3455,0.1626,0.1469,3.361,9.281,0.0,344.4,0.1277,1.51,0.1613,0.1776,0.3455,0.1626,0.1469,3.361,9.281,0.0,0.0,0.0,0.0,0.0,0.0,0.0,0.0,0.0,0.0,0.0,0.0,0.0,381.2,120.5,50.05,928.5,235.4,3.37,5.219,1.928,2.955,0.0,105.5,9.936,12.03,17.04,21.18,0.04449,0.0436,0.0338,0.02153,0.01501,0.0,0.0,0.0,0.0,0.0,0.0,0.0,0.0,0.0,0.0,0.0,0.0,0.0,0.0,0.0,0.0,0.0,0.0,0.0,0.0,0.0,0.0,0.0,0.0,0.0,0.0,0.0,0.0,0.0,0.0,0.0,0.0,0.0,0.0,0.0,9.768E-4,0.0,108200.0,187500.0,118800.0,78650.0,3.499E7,29490.0,14110.0,47230.0,22320.0,43670.0,0.0,6.485E-38,2.894E-38,1.672E-37,1.14E-37,1.628E-38,9.273999999999999E-39,6.919E-40,5.023E-40,4.164E-40,7.993E-40,2.08E-35,0.0,0.3411,0.6726,1.56,0.8372,0.07455,0.05873,0.006518,0.006438,0.004965,0.008565,0.0,0.0,0.001463,1.092E-4,8.965E-4,0.9946,2.09E-4,3.309E-4,7.763E-4,4.008E-4,0.001171,0.0,0.02184,0.001965,0.002065,0.001511,0.168,0.003075,2.193E-4,4.707E-4,4.19E-4,3.831E-4,
0.0,1205.0,124.3,204.6,133.4,2.948,6.178,0.9849,1.395,0.8207,1.106,0.0,344.4,0.134,1.467,0.2065,0.1664,0.3477,0.1626,0.1504,3.357,9.28,0.0,344.4,0.134,1.467,0.2065,0.1664,0.3477,0.1626,0.1504,3.357,9.28,0.0,0.0,0.0,0.0,0.0,0.0,0.0,0.0,0.0,0.0,0.0,0.0,0.0,375.4,119.7,47.17,928.7,248.1,1.546,3.316,2.166,3.022,0.0,105.5,12.94,10.49,16.49,24.73,0.04993,0.04305,0.02401,0.02221,0.01529,0.0,0.0,0.0,0.0,0.0,0.0,0.0,0.0,0.0,0.0,0.0,0.0,0.0,0.0,0.0,0.0,0.0,0.0,0.0,0.0,0.0,0.0,0.0,0.0,0.0,0.0,0.0,0.0,0.0,0.0,0.0,0.0,0.0,0.0,0.0,1.0E-4,0.0,108300.0,177900.0,97300.0,84330.0,3.433E7,30770.0,13880.0,35370.0,21420.0,42520.0,0.0,6.781E-38,2.988E-38,1.666E-37,1.128E-37,1.53E-38,5.756E-39,6.208E-40,4.458E-40,4.001E-40,7.891E-40,2.08E-35,0.0,0.3645,0.6681,1.552,0.8364,0.07906,0.04441,0.00622,0.006398,0.004712,0.00854,0.0,0.0,0.001463,1.092E-4,8.965E-4,0.9946,2.09E-4,3.309E-4,7.763E-4,4.008E-4,0.001171,0.0,0.02186,0.00196,0.001822,0.001529,0.1683,0.003106,2.186E-4,4.395E-4,3.511E-4,3.833E-4,
0.0,1221.0,117.0,194.4,118.1,8.178,4.364,0.9235,1.429,0.8346,1.523,0.0,344.4,0.1747,1.491,0.151,0.1571,0.346,0.1619,0.1504,3.172,9.467,0.0,344.4,0.1747,1.491,0.151,0.1571,0.346,0.1619,0.1504,3.172,9.467,0.0,0.0,0.0,0.0,0.0,0.0,0.0,0.0,0.0,0.0,0.0,0.0,0.0,376.3,107.4,38.92,937.8,251.5,1.882,3.735,2.346,3.123,0.0,105.5,14.01,12.17,19.66,31.33,0.05457,0.04595,0.02974,0.02521,0.02372,0.0,0.0,0.0,0.0,0.0,0.0,0.0,0.0,0.0,0.0,0.0,0.0,0.0,0.0,0.0,0.0,0.0,0.0,0.0,0.0,0.0,0.0,0.0,0.0,0.0,0.0,0.0,0.0,0.0,0.0,0.0,0.0,0.0,0.0,0.0,1.0E-4,0.0,108500.0,195300.0,279300.0,87810.0,3.351E7,28860.0,11780.0,30510.0,18690.0,35660.0,0.0,7.754E-38,3.175E-38,1.6179999999999999E-37,1.055E-37,1.576E-38,3.336E-39,6.1659999999999995E-40,4.34E-40,4.013E-40,9.062E-40,2.08E-35,0.0,0.4489,0.6638,1.512,0.7699,0.1135,0.0328,0.005773,0.006582,0.004768,0.01072,0.0,0.0,0.001977,0.004874,0.00118,0.9896,1.741E-4,2.756E-4,6.466E-4,3.338E-4,9.754E-4,0.0,0.0219,0.00204,0.002606,0.001506,0.1673,0.003091,2.111E-4,4.219E-4,3.444E-4,3.691E-4,
0.0,1223.0,111.2,187.0,114.1,8.908,5.788,0.9573,1.178,0.8459,3.702,0.0,344.4,0.1439,1.513,0.15,0.1368,0.3532,0.1623,0.1862,4.08,8.54,0.0,344.4,0.1439,1.513,0.15,0.1368,0.3532,0.1623,0.1862,4.08,8.54,0.0,0.0,0.0,0.0,0.0,0.0,0.0,0.0,0.0,0.0,0.0,0.0,0.0,379.8,103.3,41.45,933.3,238.3,4.045,6.635,3.631,12.56,0.0,105.6,13.82,16.29,25.87,30.99,0.2011,0.02555,0.02538,0.0194,0.02347,0.0,0.0,0.0,0.0,0.0,0.0,0.0,0.0,0.0,0.0,0.0,0.0,0.0,0.0,0.0,0.0,0.0,0.0,0.0,0.0,0.0,0.0,0.0,0.0,0.0,0.0,0.0,0.0,0.0,0.0,0.0,0.0,0.0,0.0,0.0,6.511E-4,0.0,108900.0,148800.0,131300.0,100700.0,3.198E7,29230.0,10860.0,30510.0,18620.0,35540.0,0.0,8.172E-38,2.826E-38,1.609E-37,1.027E-37,1.317E-38,4.3769999999999997E-39,6.262E-40,2.751E-40,3.964E-40,2.491E-39,2.08E-35,0.0,0.4662,0.6304,1.521,0.7508,0.1038,0.04017,0.005832,0.005668,0.004769,0.03194,0.0,0.0,5.048E-4,3.875E-4,0.001259,0.9953,1.857E-4,2.94E-4,6.898E-4,3.561E-4,0.001041,0.0,0.02194,0.001839,0.00186,0.001517,0.1678,0.003069,2.078E-4,4.318E-4,3.629E-4,4.709E-4,
0.0,1223.0,109.4,189.4,115.5,8.154,5.311,0.9988,1.214,0.8495,1.611,0.0,344.4,0.1397,1.494,0.1679,0.1348,0.3527,0.1623,0.1846,4.168,8.456,0.0,344.4,0.1397,1.494,0.1679,0.1348,0.3527,0.1623,0.1846,4.168,8.456,0.0,0.0,0.0,0.0,0.0,0.0,0.0,0.0,0.0,0.0,0.0,0.0,0.0,385.7,97.56,39.72,942.0,238.4,4.051,6.643,3.634,13.36,0.0,105.7,14.0,8.901,39.37,24.54,0.04941,0.01528,0.02317,0.01879,0.02124,0.0,0.0,0.0,0.0,0.0,0.0,0.0,0.0,0.0,0.0,0.0,0.0,0.0,0.0,0.0,0.0,0.0,0.0,0.0,0.0,0.0,0.0,0.0,0.0,0.0,0.0,0.0,0.0,0.0,0.0,0.0,0.0,0.0,0.0,0.0,6.25E-4,0.0,109300.0,139300.0,97420.0,84280.0,3.052E7,28780.0,10870.0,30620.0,19980.0,34180.0,0.0,8.286E-38,2.677E-38,1.6379999999999999E-37,1.025E-37,9.316E-39,4.0069999999999996E-39,6.43E-40,2.931E-40,3.917E-40,9.227E-40,2.08E-35,0.0,0.4706,0.6184,1.548,0.7727,0.07677,0.03702,0.005952,0.005799,0.004779,0.01153,0.0,0.0,5.328E-4,4.089E-4,0.001329,0.995,1.96E-4,3.103E-4,7.28E-4,3.758E-4,0.001098,0.0,0.02195,0.001843,0.001798,0.001531,0.1676,0.003055,2.104E-4,4.366E-4,3.882E-4,4.618E-4,
0.0,1225.0,107.5,178.3,110.2,0.07575,4.703,1.125,1.353,0.8512,1.606,0.0,344.4,0.1204,1.518,0.1638,0.1324,0.5619,0.05567,0.1264,3.963,8.616,0.0,344.4,0.1204,1.518,0.1638,0.1324,0.5619,0.05567,0.1264,3.963,8.616,0.0,0.0,0.0,0.0,0.0,0.0,0.0,0.0,0.0,0.0,0.0,0.0,0.0,339.0,75.88,40.65,1013.0,238.2,4.028,6.521,3.562,13.4,0.0,105.7,14.6,27.71,41.04,27.89,0.06125,0.0136,0.02984,0.02215,0.02204,0.0,0.0,0.0,0.0,0.0,0.0,0.0,0.0,0.0,0.0,0.0,0.0,0.0,0.0,0.0,0.0,0.0,0.0,0.0,0.0,0.0,0.0,0.0,0.0,0.0,0.0,0.0,0.0,0.0,0.0,0.0,0.0,0.0,0.0,0.0,5.974E-4,0.0,109400.0,194500.0,103100.0,87110.0,2.912E7,25960.0,10400.0,28410.0,18620.0,34240.0,0.0,8.575E-38,2.446E-38,1.654E-37,9.827E-38,8.964E-39,3.608E-39,7.1349999999999995E-40,3.7119999999999995E-40,3.867E-40,8.917E-40,2.08E-35,0.0,0.4849,0.598,1.586,0.7594,0.05723,0.0347,0.006437,0.006359,0.00481,0.01151,0.0,0.0,5.624E-4,4.317E-4,0.001403,0.9947,2.069E-4,3.276E-4,7.685E-4,3.967E-4,0.001159,0.0,0.02197,0.002271,0.001849,0.001574,0.1667,0.00305,1.971E-4,4.192E-4,3.795E-4,4.614E-4,
0.0,1225.0,106.4,177.6,110.8,0.05326,5.323,1.143,1.209,0.857,1.586,0.0,344.4,0.1177,1.517,0.1624,0.1302,0.4505,0.07695,0.1585,4.246,8.397,0.0,344.4,0.1177,1.517,0.1624,0.1302,0.4505,0.07695,0.1585,4.246,8.397,0.0,0.0,0.0,0.0,0.0,0.0,0.0,0.0,0.0,0.0,0.0,0.0,0.0,325.3,80.96,38.35,1021.0,237.2,5.754,7.2,3.783,13.27,0.0,105.7,15.28,26.78,44.32,24.82,0.05199,0.02089,0.02726,0.01572,0.02133,0.0,0.0,0.0,0.0,0.0,0.0,0.0,0.0,0.0,0.0,0.0,0.0,0.0,0.0,0.0,0.0,0.0,0.0,0.0,0.0,0.0,0.0,0.0,0.0,0.0,0.0,0.0,0.0,0.0,0.0,0.0,0.0,0.0,0.0,0.0,9.302E-4,0.0,109500.0,145700.0,96460.0,74390.0,2.735E7,25360.0,11840.0,30020.0,17360.0,32190.0,0.0,8.575E-38,2.407E-38,1.643E-37,9.738E-38,8.393999999999999E-39,3.8909999999999996E-39,7.676E-40,2.93E-40,3.806E-40,8.527E-40,2.08E-35,0.0,0.4849,0.5919,1.581,0.7727,0.0478,0.03622,0.007421,0.005982,0.004823,0.01137,0.0,0.0,5.648E-4,4.335E-4,0.001409,0.9947,2.077E-4,3.289E-4,7.717E-4,3.984E-4,0.001164,0.0,0.02199,0.00185,0.001861,0.001486,0.1672,0.003,2.553E-4,4.666E-4,3.713E-4,4.527E-4,
0.0,1217.0,118.2,180.3,111.9,1.219,4.924,1.23,1.303,0.8622,1.585,0.0,344.4,0.127,1.495,0.1617,0.139,0.4528,0.07293,0.1532,4.249,8.395,0.0,344.4,0.127,1.495,0.1617,0.139,0.4528,0.07293,0.1532,4.249,8.395,0.0,0.0,0.0,0.0,0.0,0.0,0.0,0.0,0.0,0.0,0.0,0.0,0.0,325.6,83.76,38.25,1017.0,237.6,5.561,6.965,3.797,13.27,0.0,103.2,14.72,25.97,38.98,24.78,0.02972,0.01052,0.02472,0.01459,0.02089,0.0,0.0,0.0,0.0,0.0,0.0,0.0,0.0,0.0,0.0,0.0,0.0,0.0,0.0,0.0,0.0,0.0,0.0,0.0,0.0,0.0,0.0,0.0,0.0,0.0,0.0,0.0,0.0,0.0,0.0,0.0,0.0,0.0,0.0,0.0,7.591E-4,0.0,109500.0,142200.0,90900.0,76020.0,2.69E7,25850.0,11400.0,29400.0,17110.0,31670.0,0.0,7.474999999999999E-38,2.49E-38,1.613E-37,9.41E-38,9.622E-39,3.33E-39,8.133E-40,3.432E-40,3.766E-40,8.292E-40,2.08E-35,0.0,0.4212,0.6659,1.566,0.7672,0.05607,0.03357,0.007637,0.006233,0.004848,0.01136,0.0,0.0,5.648E-4,4.335E-4,0.001409,0.9947,2.077E-4,3.289E-4,7.717E-4,3.984E-4,0.001164,0.0,0.02197,0.001862,0.001843,0.0015,0.1672,0.00301,2.514E-4,4.594E-4,3.745E-4,4.506E-4,
0.0,1217.0,118.9,176.5,109.6,0.4894,5.01,1.146,1.27,0.8479,1.576,0.0,344.4,0.1252,1.474,0.1853,0.1298,0.3674,0.04448,0.1457,4.249,8.52,0.0,344.4,0.1252,1.474,0.1853,0.1298,0.3674,0.04448,0.1457,4.249,8.52,0.0,0.0,0.0,0.0,0.0,0.0,0.0,0.0,0.0,0.0,0.0,0.0,0.0,326.9,89.64,34.8,1013.0,237.8,4.911,6.795,3.636,13.21,0.0,103.2,17.97,15.91,50.59,25.51,0.02645,0.01021,0.02465,0.01451,0.02087,0.0,0.0,0.0,0.0,0.0,0.0,0.0,0.0,0.0,0.0,0.0,0.0,0.0,0.0,0.0,0.0,0.0,0.0,0.0,0.0,0.0,0.0,0.0,0.0,0.0,0.0,0.0,0.0,0.0,0.0,0.0,0.0,0.0,0.0,0.0,6.235E-4,0.0,109600.0,141600.0,86840.0,76210.0,2.746E7,25790.0,11150.0,29800.0,17300.0,32220.0,0.0,7.474999999999999E-38,2.514E-38,1.605E-37,9.29E-38,8.451E-39,3.37E-39,7.536E-40,3.247E-40,3.593E-40,8.013E-40,2.08E-35,0.0,0.4212,0.668,1.566,0.7684,0.04935,0.03431,0.007009,0.006053,0.004733,0.0113,0.0,0.0,5.648E-4,4.335E-4,0.001409,0.9947,2.077E-4,3.289E-4,7.717E-4,3.984E-4,0.001164,0.0,0.02198,0.001875,0.001862,0.001479,0.1672,0.00302,2.328E-4,4.559E-4,3.73E-4,4.484E-4,
0.0,1217.0,115.4,181.3,110.6,0.6378,5.088,0.9937,1.171,0.9268,1.579,0.0,344.4,0.1187,1.515,0.1528,0.1343,0.367,0.04097,0.1331,4.26,8.519,0.0,344.4,0.1187,1.515,0.1528,0.1343,0.367,0.04097,0.1331,4.26,8.519,0.0,0.0,0.0,0.0,0.0,0.0,0.0,0.0,0.0,0.0,0.0,0.0,0.0,329.1,85.99,36.7,1012.0,239.0,4.163,6.798,3.651,13.22,0.0,103.2,17.73,16.52,48.71,24.65,0.02834,0.01204,0.02703,0.01749,0.02459,0.0,0.0,0.0,0.0,0.0,0.0,0.0,0.0,0.0,0.0,0.0,0.0,0.0,0.0,0.0,0.0,0.0,0.0,0.0,0.0,0.0,0.0,0.0,0.0,0.0,0.0,0.0,0.0,0.0,0.0,0.0,0.0,0.0,0.0,0.0,5.381E-4,0.0,109700.0,142200.0,90150.0,77360.0,2.858E7,26130.0,11160.0,30700.0,17540.0,33380.0,0.0,7.474999999999999E-38,2.452E-38,1.598E-37,9.115E-38,8.842999999999999E-39,3.373E-39,6.878E-40,3.388E-40,3.862E-40,8.191E-40,2.08E-35,0.0,0.4212,0.6536,1.581,0.7667,0.05124,0.03451,0.006145,0.005927,0.004986,0.01144,0.0,0.0,5.648E-4,4.335E-4,0.001409,0.9947,2.077E-4,3.289E-4,7.717E-4,3.984E-4,0.001164,0.0,0.022,0.00187,0.00186,0.001491,0.1672,0.003025,2.146E-4,4.6E-4,3.673E-4,4.491E-4,
0.0,1219.0,114.9,180.6,110.9,0.09447,4.984,0.9933,1.183,0.9338,1.584,0.0,344.4,0.1166,1.518,0.1552,0.1289,0.4756,0.04263,0.3282,2.646,9.828,0.0,344.4,0.1166,1.518,0.1552,0.1289,0.4756,0.04263,0.3282,2.646,9.828,0.0,0.0,0.0,0.0,0.0,0.0,0.0,0.0,0.0,0.0,0.0,0.0,0.0,330.0,86.19,36.99,1011.0,240.6,5.217,5.331,1.765,15.89,0.0,103.2,17.15,16.14,47.23,24.89,0.02596,0.01099,0.02555,0.01565,0.02222,0.0,0.0,0.0,0.0,0.0,0.0,0.0,0.0,0.0,0.0,0.0,0.0,0.0,0.0,0.0,0.0,0.0,0.0,0.0,0.0,0.0,0.0,0.0,0.0,0.0,0.0,0.0,0.0,0.0,0.0,0.0,0.0,0.0,0.0,0.0,1.0E-4,0.0,110000.0,144400.0,88200.0,79840.0,3.009E7,26120.0,11640.0,31850.0,18140.0,34960.0,0.0,7.602E-38,2.42E-38,1.602E-37,8.862E-38,8.024E-39,3.133E-39,6.873E-40,3.347E-40,3.778E-40,8.052E-40,2.08E-35,0.0,0.4345,0.6487,1.572,0.767,0.04733,0.03406,0.006175,0.005973,0.004997,0.01149,0.0,0.0,5.648E-4,4.335E-4,0.001409,0.9947,2.077E-4,3.289E-4,7.717E-4,3.984E-4,0.001164,0.0,0.02205,0.00187,0.001864,0.001476,0.1672,0.002977,2.193E-4,4.585E-4,3.71E-4,4.523E-4,
0.0,1219.0,114.2,183.4,108.2,0.08486,5.097,0.8889,1.174,1.867,2.248,0.0,344.4,0.1139,1.515,0.3166,0.1291,0.3872,0.04228,0.1163,1.689,10.93,0.0,344.4,0.1139,1.515,0.3166,0.1291,0.3872,0.04228,0.1163,1.689,10.93,0.0,0.0,0.0,0.0,0.0,0.0,0.0,0.0,0.0,0.0,0.0,0.0,0.0,329.9,89.42,39.05,1008.0,226.8,8.551,7.68,1.842,19.24,0.0,103.2,16.96,16.28,46.02,24.89,0.02767,0.009536,0.02455,0.0144,0.02094,0.0,0.0,0.0,0.0,0.0,0.0,0.0,0.0,0.0,0.0,0.0,0.0,0.0,0.0,0.0,0.0,0.0,0.0,0.0,0.0,0.0,0.0,0.0,0.0,0.0,0.0,0.0,0.0,0.0,0.0,0.0,0.0,0.0,0.0,0.0,4.575E-4,0.0,110200.0,143900.0,87410.0,81100.0,3.179E7,26480.0,12200.0,33290.0,18900.0,36760.0,0.0,7.603E-38,2.36E-38,1.588E-37,8.746E-38,8.023E-39,3.263E-39,6.561E-40,3.5449999999999998E-40,6.9379999999999996E-40,1.1909999999999999E-39,2.08E-35,0.0,0.4345,0.6428,1.573,0.7605,0.04732,0.03493,0.005373,0.005597,0.0115,0.01523,0.0,0.0,5.648E-4,4.335E-4,0.001409,0.9947,2.077E-4,3.289E-4,7.717E-4,3.984E-4,0.001164,0.0,0.02207,0.001864,0.001863,0.001465,0.167,0.002921,2.221E-4,4.666E-4,3.827E-4,4.594E-4,
0.0,1219.0,113.8,182.0,121.8,0.09181,5.311,0.7917,1.061,2.088,1.385,0.0,344.4,0.1207,1.491,0.3165,0.1324,0.3711,0.04513,0.1221,1.408,11.23,0.0,344.4,0.1207,1.491,0.3165,0.1324,0.3711,0.04513,0.1221,1.408,11.23,0.0,0.0,0.0,0.0,0.0,0.0,0.0,0.0,0.0,0.0,0.0,0.0,0.0,329.8,90.52,39.1,1011.0,226.8,8.551,7.683,1.844,19.24,0.0,103.2,17.35,16.3,33.27,25.97,0.02583,0.008202,0.02413,0.01391,0.02081,0.0,0.0,0.0,0.0,0.0,0.0,0.0,0.0,0.0,0.0,0.0,0.0,0.0,0.0,0.0,0.0,0.0,0.0,0.0,0.0,0.0,0.0,0.0,0.0,0.0,0.0,0.0,0.0,0.0,0.0,0.0,0.0,0.0,0.0,0.0,1.001E-4,0.0,110300.0,145800.0,89600.0,82650.0,3.367E7,27870.0,12840.0,35000.0,19870.0,38710.0,0.0,7.603E-38,2.409E-38,1.568E-37,8.669E-38,8.243E-39,3.0629999999999996E-39,6.7129999999999996E-40,3.6809999999999996E-40,6.993E-40,1.079E-39,2.08E-35,0.0,0.4346,0.648,1.565,0.7696,0.04814,0.03365,0.004615,0.004698,0.0117,0.009949,0.0,0.0,5.648E-4,4.335E-4,0.001409,0.9947,2.077E-4,3.289E-4,7.717E-4,3.984E-4,0.001164,0.0,0.02209,0.001859,0.001879,0.001454,0.1671,0.002921,2.22E-4,4.67E-4,4.026E-4,4.419E-4,
0.0,1210.0,127.9,178.1,123.1,0.6049,6.224,0.7908,1.176,2.043,1.319,0.0,344.4,0.1562,1.473,0.292,0.1383,0.37,0.04461,0.1369,1.46,11.16,0.0,344.4,0.1562,1.473,0.292,0.1383,0.37,0.04461,0.1369,1.46,11.16,0.0,0.0,0.0,0.0,0.0,0.0,0.0,0.0,0.0,0.0,0.0,0.0,0.0,337.0,85.27,39.3,1011.0,226.8,8.551,7.683,1.844,19.24,0.0,100.9,17.32,13.78,34.23,25.83,0.03693,0.007817,0.02403,0.0138,0.0208,0.0,0.0,0.0,0.0,0.0,0.0,0.0,0.0,0.0,0.0,0.0,0.0,0.0,0.0,0.0,0.0,0.0,0.0,0.0,0.0,0.0,0.0,0.0,0.0,0.0,0.0,0.0,0.0,0.0,0.0,0.0,0.0,0.0,0.0,0.0,1.0E-4,0.0,110200.0,148300.0,89260.0,84240.0,3.554E7,30030.0,13530.0,36760.0,20920.0,40850.0,0.0,6.43E-38,2.821E-38,1.51E-37,8.503E-38,8.847E-39,3.9979999999999996E-39,6.685E-40,3.655E-40,6.943E-40,1.061E-39,2.08E-35,0.0,0.3675,0.7337,1.538,0.7644,0.0524,0.03879,0.004619,0.004907,0.01186,0.009564,0.0,0.0,5.648E-4,4.335E-4,0.001409,0.9947,2.077E-4,3.289E-4,7.717E-4,3.984E-4,0.001164,0.0,0.02207,0.001893,0.001866,0.001441,0.167,0.002938,2.184E-4,4.632E-4,4.093E-4,4.399E-4,
0.0,1211.0,132.3,164.7,121.9,0.07983,6.412,0.7913,1.178,2.044,1.317,0.0,344.4,0.1113,1.525,0.2915,0.1323,0.3696,0.04458,0.1371,1.653,10.97,0.0,344.4,0.1113,1.525,0.2915,0.1323,0.3696,0.04458,0.1371,1.653,10.97,0.0,0.0,0.0,0.0,0.0,0.0,0.0,0.0,0.0,0.0,0.0,0.0,0.0,340.9,85.55,40.03,1008.0,226.8,8.551,7.683,1.844,19.24,0.0,109.5,19.04,15.19,26.26,30.79,0.0382,0.007714,0.024,0.01377,0.02081,0.0,0.0,0.0,0.0,0.0,0.0,0.0,0.0,0.0,0.0,0.0,0.0,0.0,0.0,0.0,0.0,0.0,0.0,0.0,0.0,0.0,0.0,0.0,0.0,0.0,0.0,0.0,0.0,0.0,0.0,0.0,0.0,0.0,0.0,0.0,7.928E-4,0.0,112200.0,147100.0,86760.0,81850.0,3.488E7,30320.0,13370.0,36630.0,21010.0,39800.0,0.0,6.687E-38,2.477E-38,1.533E-37,8.177E-38,8.323E-39,4.1249999999999996E-39,6.652E-40,3.617E-40,6.863E-40,1.0469999999999999E-39,2.08E-35,0.0,0.3859,0.7288,1.536,0.7486,0.04876,0.0405,0.004619,0.004918,0.01186,0.009546,0.0,0.0,5.648E-4,4.335E-4,0.001409,0.9947,2.077E-4,3.289E-4,7.717E-4,3.984E-4,0.001164,0.0,0.02208,0.001887,0.00186,0.001432,0.1671,0.002932,2.187E-4,4.712E-4,4.122E-4,4.3E-4,
0.0,1211.0,120.6,176.2,118.4,0.06837,6.227,0.7911,1.18,2.337,1.02,0.0,344.4,0.1077,1.529,0.2903,0.1321,0.3679,0.04489,0.1377,1.664,10.96,0.0,344.4,0.1077,1.529,0.2903,0.1321,0.3679,0.04489,0.1377,1.664,10.96,0.0,0.0,0.0,0.0,0.0,0.0,0.0,0.0,0.0,0.0,0.0,0.0,0.0,341.9,85.63,40.03,1009.0,226.8,8.551,7.683,9.972,11.11,0.0,109.5,18.87,16.04,28.63,30.95,0.03468,0.007741,0.02399,0.0138,0.02083,0.0,0.0,0.0,0.0,0.0,0.0,0.0,0.0,0.0,0.0,0.0,0.0,0.0,0.0,0.0,0.0,0.0,0.0,0.0,0.0,0.0,0.0,0.0,0.0,0.0,0.0,0.0,0.0,0.0,0.0,0.0,0.0,0.0,0.0,0.0,9.793E-4,0.0,112300.0,144500.0,86190.0,79810.0,3.287E7,29320.0,12630.0,34670.0,20390.0,37160.0,0.0,6.758E-38,2.393E-38,1.521E-37,8.113E-38,8.410999999999999E-39,3.807E-39,6.6159999999999996E-40,3.584E-40,7.907E-40,9.218E-40,2.08E-35,0.0,0.3919,0.6829,1.572,0.7525,0.04932,0.03857,0.004617,0.004927,0.01475,0.006651,0.0,0.0,5.648E-4,4.335E-4,0.001409,0.9947,2.077E-4,3.289E-4,7.717E-4,3.984E-4,0.001164,0.0,0.02209,0.001885,0.001859,0.001437,0.1671,0.002933,2.141E-4,4.743E-4,4.891E-4,3.526E-4,
0.0,1208.0,126.2,175.3,117.9,0.08045,6.582,0.7795,1.187,2.415,0.9881,0.0,344.4,0.1185,1.511,0.2889,0.1397,0.3659,0.04565,0.09191,1.473,11.2,0.0,344.4,0.1185,1.511,0.2889,0.1397,0.3659,0.04565,0.09191,1.473,11.2,0.0,0.0,0.0,0.0,0.0,0.0,0.0,0.0,0.0,0.0,0.0,0.0,0.0,342.8,88.29,39.77,1007.0,226.6,8.547,7.923,12.4,9.11,0.0,108.5,18.08,13.81,30.77,30.82,0.03957,0.007861,0.024,0.01386,0.02086,0.0,0.0,0.0,0.0,0.0,0.0,0.0,0.0,0.0,0.0,0.0,0.0,0.0,0.0,0.0,0.0,0.0,0.0,0.0,0.0,0.0,0.0,0.0,0.0,0.0,0.0,0.0,0.0,0.0,0.0,0.0,0.0,0.0,0.0,0.0,1.001E-4,0.0,112300.0,142300.0,87480.0,79910.0,3.236E7,28910.0,12440.0,34050.0,20130.0,36640.0,0.0,6.362E-38,2.524E-38,1.481E-37,8.046E-38,9.757999999999999E-39,4.109E-39,6.413E-40,3.539E-40,8.021E-40,9.487E-40,2.08E-35,0.0,0.369,0.7119,1.552,0.7508,0.05577,0.04181,0.004526,0.005,0.01554,0.006262,0.0,0.0,5.648E-4,4.335E-4,0.001409,0.9947,2.077E-4,3.289E-4,7.717E-4,3.984E-4,0.001164,0.0,0.02211,0.00188,0.001877,0.001433,0.167,0.002911,2.145E-4,4.763E-4,5.074E-4,3.431E-4,
0.0,1211.0,121.1,177.6,115.4,3.75,5.231,0.8118,1.181,2.424,0.928,0.0,344.4,0.1003,1.535,0.2847,0.132,0.3625,0.04019,0.1004,1.462,11.21,0.0,344.4,0.1003,1.535,0.2847,0.132,0.3625,0.04019,0.1004,1.462,11.21,0.0,0.0,0.0,0.0,0.0,0.0,0.0,0.0,0.0,0.0,0.0,0.0,0.0,270.7,90.92,39.83,1074.0,226.6,8.544,7.91,12.39,9.11,0.0,112.2,17.7,13.42,26.68,30.82,0.04696,0.009988,0.02211,0.01396,0.02091,0.0,0.0,0.0,0.0,0.0,0.0,0.0,0.0,0.0,0.0,0.0,0.0,0.0,0.0,0.0,0.0,0.0,0.0,0.0,0.0,0.0,0.0,0.0,0.0,0.0,0.0,0.0,0.0,0.0,0.0,0.0,0.0,0.0,0.0,0.0,6.277E-4,0.0,113000.0,140200.0,84960.0,80230.0,3.288E7,29160.0,13090.0,33890.0,20230.0,37160.0,0.0,6.873E-38,2.3859999999999997E-38,1.496E-37,7.527E-38,8.666E-39,2.841E-39,6.7059999999999996E-40,3.557E-40,7.946E-40,8.612E-40,2.08E-35,0.0,0.4098,0.6863,1.572,0.7151,0.06265,0.03339,0.004713,0.005015,0.0156,0.005801,0.0,0.0,5.648E-4,4.335E-4,0.001409,0.9947,2.077E-4,3.289E-4,7.717E-4,3.984E-4,0.001164,0.0,0.02217,0.001858,0.001862,0.001395,0.1671,0.00289,2.398E-4,4.607E-4,4.941E-4,3.471E-4,
0.0,1211.0,121.8,176.4,122.3,3.736,4.743,1.341,1.228,2.429,0.9222,0.0,344.4,0.1275,1.492,0.2998,0.1319,0.3505,0.05388,0.1011,1.47,11.21,0.0,344.4,0.1275,1.492,0.2998,0.1319,0.3505,0.05388,0.1011,1.47,11.21,0.0,0.0,0.0,0.0,0.0,0.0,0.0,0.0,0.0,0.0,0.0,0.0,0.0,271.7,90.65,39.88,1071.0,222.7,12.41,8.345,12.42,9.084,0.0,112.2,17.57,13.28,20.34,30.82,0.02524,0.01304,0.02087,0.01377,0.02078,0.0,0.0,0.0,0.0,0.0,0.0,0.0,0.0,0.0,0.0,0.0,0.0,0.0,0.0,0.0,0.0,0.0,0.0,0.0,0.0,0.0,0.0,0.0,0.0,0.0,0.0,0.0,0.0,0.0,0.0,0.0,0.0,0.0,0.0,0.0,5.425E-4,0.0,113100.0,142400.0,83630.0,81640.0,3.398E7,25820.0,16990.0,34990.0,20720.0,38270.0,0.0,6.905E-38,2.556E-38,1.47E-37,7.385E-38,8.659E-39,2.478E-39,1.0109999999999999E-39,3.88E-40,7.814E-40,8.562999999999999E-40,2.08E-35,0.0,0.4125,0.6971,1.556,0.7173,0.06256,0.02971,0.008446,0.005402,0.01565,0.005764,0.0,0.0,5.648E-4,4.335E-4,0.001409,0.9947,2.077E-4,3.289E-4,7.717E-4,3.984E-4,0.001164,0.0,0.02217,0.00187,0.001848,0.001379,0.1671,0.002785,3.503E-4,4.648E-4,4.972E-4,3.444E-4,
0.0,1212.0,118.7,180.6,123.6,3.731,4.806,1.346,1.25,2.396,0.9441,0.0,344.4,0.1055,1.418,0.4051,0.132,0.3554,0.06703,0.1728,2.742,9.834,0.0,344.4,0.1055,1.418,0.4051,0.132,0.3554,0.06703,0.1728,2.742,9.834,0.0,0.0,0.0,0.0,0.0,0.0,0.0,0.0,0.0,0.0,0.0,0.0,0.0,270.5,95.17,37.51,1070.0,222.7,12.46,8.595,11.6,9.608,0.0,112.2,17.68,13.27,16.61,30.82,0.02477,0.008734,0.01993,0.01317,0.02078,0.0,0.0,0.0,0.0,0.0,0.0,0.0,0.0,0.0,0.0,0.0,0.0,0.0,0.0,0.0,0.0,0.0,0.0,0.0,0.0,0.0,0.0,0.0,0.0,0.0,0.0,0.0,0.0,0.0,0.0,0.0,0.0,0.0,0.0,0.0,1.001E-4,0.0,113200.0,144400.0,80540.0,83070.0,3.549E7,27190.0,16530.0,36260.0,21200.0,39930.0,0.0,6.911E-38,2.273E-38,1.4639999999999999E-37,7.506E-38,8.659999999999999E-39,2.5469999999999997E-39,1.0059999999999999E-39,3.926E-40,7.591E-40,8.603E-40,2.08E-35,0.0,0.4175,0.669,1.557,0.7368,0.06257,0.03025,0.008446,0.005549,0.01534,0.005964,0.0,0.0,5.648E-4,4.335E-4,0.001409,0.9947,2.077E-4,3.289E-4,7.717E-4,3.984E-4,0.001164,0.0,0.02218,0.001844,0.001872,0.001369,0.1671,0.002808,3.324E-4,4.649E-4,4.835E-4,3.527E-4,
0.0,1216.0,105.5,190.1,109.4,10.89,7.923,1.434,1.145,2.39,0.8495,0.0,344.4,0.156,1.462,0.2842,0.1369,0.4038,0.06655,0.1325,2.438,10.15,0.0,344.4,0.156,1.462,0.2842,0.1369,0.4038,0.06655,0.1325,2.438,10.15,0.0,0.0,0.0,0.0,0.0,0.0,0.0,0.0,0.0,0.0,0.0,0.0,0.0,267.4,87.07,34.72,1075.0,223.3,13.01,8.591,11.78,9.47,0.0,112.3,16.94,12.32,19.88,31.48,0.8866,0.008049,0.0566,0.05905,0.07825,0.0,0.0,0.0,0.0,0.0,0.0,0.0,0.0,0.0,0.0,0.0,0.0,0.0,0.0,0.0,0.0,0.0,0.0,0.0,0.0,0.0,0.0,0.0,0.0,0.0,0.0,0.0,0.0,0.0,0.0,0.0,0.0,0.0,0.0,0.0,4.567E-4,0.0,113500.0,147900.0,87620.0,88860.0,3.721E7,28650.0,17060.0,37960.0,22040.0,41730.0,0.0,7.215E-38,2.548E-38,1.384E-37,7.439E-38,8.2E-39,3.777E-39,1.052E-39,3.824E-40,7.363E-40,8.384E-40,2.08E-35,0.0,0.4398,0.5944,1.596,0.6897,0.1056,0.04514,0.008994,0.005282,0.01527,0.005581,0.0,0.0,5.648E-4,4.335E-4,0.001409,0.9947,2.077E-4,3.289E-4,7.717E-4,3.984E-4,0.001164,0.0,0.0222,0.001891,0.001826,0.00137,0.1671,0.002793,3.475E-4,4.694E-4,4.856E-4,3.466E-4,
0.0,1227.0,97.98,188.0,106.8,0.06843,4.213,1.886,1.008,2.339,0.793,0.0,344.4,0.1572,1.589,0.1415,0.1238,0.3751,0.08532,0.3256,1.276,11.15,0.0,344.4,0.1572,1.589,0.1415,0.1238,0.3751,0.08532,0.3256,1.276,11.15,0.0,0.0,0.0,0.0,0.0,0.0,0.0,0.0,0.0,0.0,0.0,0.0,0.0,265.2,79.25,35.86,1086.0,221.7,14.33,8.332,12.61,9.086,0.0,112.3,16.95,17.42,19.06,43.42,0.1187,0.007905,0.01978,0.01303,0.02077,0.0,0.0,0.0,0.0,0.0,0.0,0.0,0.0,0.0,0.0,0.0,0.0,0.0,0.0,0.0,0.0,0.0,0.0,0.0,0.0,0.0,0.0,0.0,0.0,0.0,0.0,0.0,0.0,0.0,0.0,0.0,0.0,0.0,0.0,0.0,1.0E-4,0.0,114200.0,147100.0,80440.0,90870.0,3.902E7,28450.0,18260.0,39540.0,23030.0,43660.0,0.0,8.011E-38,2.21E-38,1.4009999999999999E-37,6.889E-38,6.824999999999999E-39,2.371E-39,1.1929999999999999E-39,3.781E-40,7.044E-40,7.984E-40,2.08E-35,0.0,0.4977,0.5529,1.672,0.6604,0.05868,0.02754,0.01091,0.005188,0.015,0.005164,0.0,0.0,5.648E-4,4.335E-4,0.001409,0.9947,2.077E-4,3.289E-4,7.717E-4,3.984E-4,0.001164,0.0,0.02226,0.001883,0.001796,0.001334,0.1671,0.00275,3.956E-4,4.451E-4,4.913E-4,3.46E-4,
0.0,1227.0,92.45,187.8,110.8,0.0647,4.141,1.89,1.772,1.612,0.8232,0.0,344.4,0.1572,1.587,0.1434,0.1245,0.3725,0.08579,0.3278,1.245,11.18,0.0,344.4,0.1572,1.587,0.1434,0.1245,0.3725,0.08579,0.3278,1.245,11.18,0.0,0.0,0.0,0.0,0.0,0.0,0.0,0.0,0.0,0.0,0.0,0.0,0.0,268.0,79.09,37.11,1086.0,221.7,14.33,8.332,12.6,9.086,0.0,112.3,17.29,18.48,19.24,43.2,0.1187,0.007746,0.01976,0.01301,0.02076,0.0,0.0,0.0,0.0,0.0,0.0,0.0,0.0,0.0,0.0,0.0,0.0,0.0,0.0,0.0,0.0,0.0,0.0,0.0,0.0,0.0,0.0,0.0,0.0,0.0,0.0,0.0,0.0,0.0,0.0,0.0,0.0,0.0,0.0,0.0,1.001E-4,0.0,114300.0,148500.0,79770.0,93340.0,3.984E7,28860.0,18460.0,40750.0,23410.0,44480.0,0.0,8.011E-38,2.072E-38,1.3819999999999999E-37,7.023E-38,6.882999999999999E-39,2.32E-39,1.1909999999999999E-39,4.0199999999999995E-40,6.784E-40,8.063E-40,2.08E-35,0.0,0.4978,0.5254,1.676,0.6819,0.05883,0.02724,0.01093,0.009672,0.01067,0.005285,0.0,0.0,5.648E-4,4.335E-4,0.001409,0.9947,2.077E-4,3.289E-4,7.717E-4,3.984E-4,0.001164,0.0,0.02229,0.001865,0.001799,0.001348,0.1671,0.002724,3.956E-4,4.759E-4,4.618E-4,3.466E-4,
0.0,1229.0,91.7,184.3,109.5,0.08628,4.122,1.89,1.776,1.591,0.8264,0.0,344.4,0.1573,1.584,0.1463,0.1263,0.3724,0.08579,0.3286,1.242,11.18,0.0,344.4,0.1573,1.584,0.1463,0.1263,0.3724,0.08579,0.3286,1.242,11.18,0.0,0.0,0.0,0.0,0.0,0.0,0.0,0.0,0.0,0.0,0.0,0.0,0.0,268.0,79.13,37.17,1082.0,221.8,14.33,8.402,12.14,9.171,0.0,112.3,16.16,20.22,19.56,45.33,0.1186,0.00774,0.01975,0.013,0.02076,0.0,0.0,0.0,0.0,0.0,0.0,0.0,0.0,0.0,0.0,0.0,0.0,0.0,0.0,0.0,0.0,0.0,0.0,0.0,0.0,0.0,0.0,0.0,0.0,0.0,0.0,0.0,0.0,0.0,0.0,0.0,0.0,0.0,0.0,0.0,1.0E-4,0.0,114500.0,147900.0,77300.0,88540.0,3.662E7,27690.0,17350.0,38010.0,21970.0,40800.0,0.0,8.145E-38,2.054E-38,1.3709999999999999E-37,6.823E-38,7.12E-39,2.2829999999999998E-39,1.188E-39,3.971E-40,6.651E-40,8.032E-40,2.08E-35,0.0,0.5127,0.5219,1.671,0.6709,0.06356,0.02717,0.01093,0.009705,0.01051,0.005309,0.0,0.0,5.648E-4,4.335E-4,0.001409,0.9947,2.077E-4,3.289E-4,7.717E-4,3.984E-4,0.001164,0.0,0.02231,0.001859,0.001797,0.001349,0.1671,0.002704,3.945E-4,4.761E-4,4.677E-4,3.415E-4,
0.0,1231.0,82.65,192.0,110.3,0.06757,4.295,1.89,1.776,1.59,0.8282,0.0,344.4,0.1488,1.571,0.1625,0.1263,0.374,0.08581,0.3313,1.239,11.19,0.0,344.4,0.1488,1.571,0.1625,0.1263,0.374,0.08581,0.3313,1.239,11.19,0.0,0.0,0.0,0.0,0.0,0.0,0.0,0.0,0.0,0.0,0.0,0.0,0.0,276.5,72.84,36.9,1077.0,221.8,14.33,8.388,12.13,9.17,0.0,112.3,15.97,19.96,18.17,45.47,0.482,0.007826,0.02986,0.01301,0.02076,0.0,0.0,0.0,0.0,0.0,0.0,0.0,0.0,0.0,0.0,0.0,0.0,0.0,0.0,0.0,0.0,0.0,0.0,0.0,0.0,0.0,0.0,0.0,0.0,0.0,0.0,0.0,0.0,0.0,0.0,0.0,0.0,0.0,0.0,0.0,8.952E-4,0.0,114600.0,147900.0,75790.0,86880.0,3.521E7,26900.0,16900.0,36410.0,21080.0,39380.0,0.0,8.207E-38,1.954E-38,1.338E-37,6.832E-38,7.119E-39,3.977E-39,1.185E-39,4.299E-40,6.539E-40,7.995E-40,2.08E-35,0.0,0.521,0.4869,1.68,0.6798,0.06356,0.03355,0.01093,0.009818,0.01051,0.005315,0.0,0.0,5.648E-4,4.335E-4,0.001409,0.9947,2.077E-4,3.289E-4,7.717E-4,3.984E-4,0.001164,0.0,0.02232,0.001854,0.00176,0.001359,0.167,0.002704,3.947E-4,4.762E-4,4.673E-4,3.451E-4,
0.0,1223.0,95.59,191.3,109.9,0.07216,4.314,1.893,1.867,1.592,0.8272,0.0,344.4,0.1712,1.552,0.1451,0.1305,0.3754,0.08577,0.3313,1.245,11.18,0.0,344.4,0.1712,1.552,0.1451,0.1305,0.3754,0.08577,0.3313,1.245,11.18,0.0,0.0,0.0,0.0,0.0,0.0,0.0,0.0,0.0,0.0,0.0,0.0,0.0,276.8,74.54,37.0,1082.0,221.8,14.33,8.392,12.13,9.17,0.0,109.9,15.75,18.25,19.1,45.04,0.1185,0.007983,0.01976,0.01299,0.02076,0.0,0.0,0.0,0.0,0.0,0.0,0.0,0.0,0.0,0.0,0.0,0.0,0.0,0.0,0.0,0.0,0.0,0.0,0.0,0.0,0.0,0.0,0.0,0.0,0.0,0.0,0.0,0.0,0.0,0.0,0.0,0.0,0.0,0.0,0.0,7.076E-4,0.0,114600.0,147900.0,79630.0,91250.0,3.514E7,26560.0,16980.0,36140.0,20900.0,39340.0,0.0,7.118E-38,2.363E-38,1.281E-37,6.949E-38,7.359E-39,2.9169999999999998E-39,1.1819999999999999E-39,6.9E-40,6.444E-40,7.949E-40,2.08E-35,0.0,0.4526,0.5737,1.649,0.6913,0.0641,0.03006,0.01093,0.01059,0.01052,0.005309,0.0,0.0,5.648E-4,4.335E-4,0.001409,0.9947,2.077E-4,3.289E-4,7.717E-4,3.984E-4,0.001164,0.0,0.0223,0.001867,0.001759,0.001379,0.1668,0.002685,3.991E-4,4.765E-4,4.691E-4,3.455E-4,
0.0,1221.0,98.31,188.1,102.5,0.09578,16.57,1.405,1.875,1.662,0.8297,0.0,344.4,0.1592,1.568,0.1452,0.1267,0.3998,0.06173,0.8375,0.7376,11.18,0.0,344.4,0.1592,1.568,0.1452,0.1267,0.3998,0.06173,0.8375,0.7376,11.18,0.0,0.0,0.0,0.0,0.0,0.0,0.0,0.0,0.0,0.0,0.0,0.0,0.0,281.7,74.66,37.19,1082.0,227.9,8.551,7.822,12.04,9.191,0.0,109.2,15.26,17.45,16.73,45.92,0.1193,0.007242,0.01968,0.01298,0.02076,0.0,0.0,0.0,0.0,0.0,0.0,0.0,0.0,0.0,0.0,0.0,0.0,0.0,0.0,0.0,0.0,0.0,0.0,0.0,0.0,0.0,0.0,0.0,0.0,0.0,0.0,0.0,0.0,0.0,0.0,0.0,0.0,0.0,0.0,0.0,5.914E-4,0.0,114800.0,149400.0,81680.0,93230.0,3.595E7,30790.0,13540.0,36580.0,21150.0,40240.0,0.0,6.948E-38,2.096E-38,1.274E-37,6.686E-38,7.462E-39,4.3949999999999997E-39,6.7749999999999995E-40,6.399E-40,6.3079999999999996E-40,7.913E-40,2.08E-35,0.0,0.4479,0.5894,1.627,0.6836,0.06485,0.04943,0.005503,0.01012,0.01051,0.005326,0.0,0.0,5.648E-4,4.335E-4,0.001409,0.9947,2.077E-4,3.289E-4,7.717E-4,3.984E-4,0.001164,0.0,0.02232,0.001858,0.001756,0.001365,0.167,0.002902,1.851E-4,4.639E-4,4.659E-4,3.455E-4,
0.0,1224.0,96.4,188.6,113.5,0.09565,5.175,1.076,1.791,1.58,0.8291,0.0,344.4,0.1649,1.557,0.15,0.1265,0.3995,0.06181,0.8375,0.7385,11.18,0.0,344.4,0.1649,1.557,0.15,0.1265,0.3995,0.06181,0.8375,0.7385,11.18,0.0,0.0,0.0,0.0,0.0,0.0,0.0,0.0,0.0,0.0,0.0,0.0,0.0,283.5,74.61,38.58,1087.0,227.9,8.552,7.825,12.05,9.191,0.0,109.2,15.15,17.3,16.19,45.81,0.1196,0.007258,0.01966,0.01295,0.02076,0.0,0.0,0.0,0.0,0.0,0.0,0.0,0.0,0.0,0.0,0.0,0.0,0.0,0.0,0.0,0.0,0.0,0.0,0.0,0.0,0.0,0.0,0.0,0.0,0.0,0.0,0.0,0.0,0.0,0.0,0.0,0.0,0.0,0.0,0.0,5.27E-4,0.0,114900.0,149900.0,79850.0,96250.0,3.713E7,31320.0,13920.0,37630.0,21820.0,41430.0,0.0,7.012E-38,2.05E-38,1.253E-37,6.819E-38,7.402999999999999E-39,3.277E-39,6.552E-40,6.299E-40,6.15E-40,7.85E-40,2.08E-35,0.0,0.4646,0.577,1.625,0.6963,0.06457,0.03448,0.005201,0.01004,0.01043,0.005321,0.0,0.0,5.648E-4,4.335E-4,0.001409,0.9947,2.077E-4,3.289E-4,7.717E-4,3.984E-4,0.001164,0.0,0.02233,0.001842,0.001756,0.001372,0.1667,0.002891,1.853E-4,4.63E-4,4.656E-4,3.448E-4,
0.0,1224.0,102.9,181.1,113.8,0.761,5.307,1.076,1.792,1.58,0.8317,0.0,344.4,0.2053,1.62,0.1554,0.1267,0.4626,0.06721,0.8374,0.742,11.0,0.0,344.4,0.2053,1.62,0.1554,0.1267,0.4626,0.06721,0.8374,0.742,11.0,0.0,0.0,0.0,0.0,0.0,0.0,0.0,0.0,0.0,0.0,0.0,0.0,0.0,283.9,76.59,38.04,1089.0,227.9,8.552,7.825,12.05,9.191,0.0,109.2,15.71,15.64,26.88,35.2,0.1501,0.007198,0.01965,0.01292,0.781,0.0,0.0,0.0,0.0,0.0,0.0,0.0,0.0,0.0,0.0,0.0,0.0,0.0,0.0,0.0,0.0,0.0,0.0,0.0,0.0,0.0,0.0,0.0,0.0,0.0,0.0,0.0,0.0,0.0,0.0,0.0,0.0,0.0,0.0,0.0,4.849E-4,0.0,115000.0,145700.0,80250.0,99230.0,3.87E7,32180.0,14460.0,39150.0,22620.0,43280.0,0.0,7.012E-38,2.022E-38,1.2379999999999999E-37,6.769E-38,7.551E-39,3.525E-39,6.5119999999999995E-40,6.254E-40,6.055E-40,9.459E-40,2.08E-35,0.0,0.4646,0.5904,1.6,0.7071,0.06103,0.03598,0.005202,0.01005,0.01043,0.008111,0.0,0.0,5.648E-4,4.335E-4,0.001409,0.9947,2.077E-4,3.289E-4,7.717E-4,3.984E-4,0.001164,0.0,0.02234,0.001812,0.001739,0.001382,0.1668,0.002869,1.847E-4,4.69E-4,4.664E-4,3.637E-4,
0.0,1220.0,82.12,206.6,115.2,0.7572,5.427,1.075,1.794,1.591,1.012,0.0,344.4,0.1984,1.613,0.166,0.1267,0.3981,0.0613,0.8386,0.7401,11.07,0.0,344.4,0.1984,1.613,0.166,0.1267,0.3981,0.0613,0.8386,0.7401,11.07,0.0,0.0,0.0,0.0,0.0,0.0,0.0,0.0,0.0,0.0,0.0,0.0,0.0,290.0,73.36,41.57,1083.0,227.8,8.476,7.904,12.25,9.233,0.0,108.0,15.28,15.81,26.23,35.1,0.1321,0.007164,0.01966,0.01289,0.6039,0.0,0.0,0.0,0.0,0.0,0.0,0.0,0.0,0.0,0.0,0.0,0.0,0.0,0.0,0.0,0.0,0.0,0.0,0.0,0.0,0.0,0.0,0.0,0.0,0.0,0.0,0.0,0.0,0.0,0.0,0.0,0.0,0.0,0.0,0.0,4.574E-4,0.0,114900.0,147700.0,78160.0,101800.0,4.045E7,32980.0,15100.0,40890.0,23510.0,45180.0,0.0,6.487E-38,1.875E-38,1.2169999999999999E-37,6.941E-38,7.536E-39,3.502E-39,6.468E-40,6.216E-40,5.9789999999999995E-40,9.384E-40,2.08E-35,0.0,0.4299,0.5043,1.704,0.7198,0.06093,0.03632,0.005183,0.01009,0.0105,0.008133,0.0,0.0,5.648E-4,4.335E-4,0.001409,0.9947,2.077E-4,3.289E-4,7.717E-4,3.984E-4,0.001164,0.0,0.02233,0.001824,0.001699,0.001424,0.1668,0.002869,1.88E-4,4.728E-4,4.606E-4,3.667E-4,
0.0,1221.0,82.62,206.1,117.9,0.7522,6.322,1.078,1.788,1.607,1.155,0.0,344.4,0.2034,1.613,0.1521,0.1267,0.3971,0.06161,0.9549,1.077,10.62,0.0,344.4,0.2034,1.613,0.1521,0.1267,0.3971,0.06161,0.9549,1.077,10.62,0.0,0.0,0.0,0.0,0.0,0.0,0.0,0.0,0.0,0.0,0.0,0.0,0.0,292.9,74.3,41.63,1079.0,227.8,8.474,7.767,12.51,9.085,0.0,108.0,15.3,15.45,21.48,35.1,0.1284,0.007169,0.0197,0.01289,0.455,0.0,0.0,0.0,0.0,0.0,0.0,0.0,0.0,0.0,0.0,0.0,0.0,0.0,0.0,0.0,0.0,0.0,0.0,0.0,0.0,0.0,0.0,0.0,0.0,0.0,0.0,0.0,0.0,0.0,0.0,0.0,0.0,0.0,0.0,0.0,1.001E-4,0.0,115000.0,148900.0,77670.0,103700.0,4.234E7,34260.0,15780.0,42700.0,24560.0,47160.0,0.0,6.538E-38,1.929E-38,1.188E-37,6.846E-38,7.536E-39,4.0959999999999995E-39,6.434E-40,6.149E-40,5.918E-40,9.285E-40,2.08E-35,0.0,0.4364,0.5103,1.665,0.7358,0.06092,0.04214,0.005191,0.01004,0.01061,0.008074,0.0,0.0,5.648E-4,4.335E-4,0.001409,0.9947,2.077E-4,3.289E-4,7.717E-4,3.984E-4,0.001164,0.0,0.02235,0.001818,0.001703,0.001419,0.1669,0.002858,1.944E-4,4.598E-4,4.696E-4,3.65E-4,
0.0,1217.0,88.63,204.8,116.5,0.09547,6.565,1.092,1.791,1.369,0.9955,0.0,344.4,0.2252,1.593,0.1527,0.1325,0.3932,0.06114,0.8275,0.7077,11.11,0.0,344.4,0.2252,1.593,0.1527,0.1325,0.3932,0.06114,0.8275,0.7077,11.11,0.0,0.0,0.0,0.0,0.0,0.0,0.0,0.0,0.0,0.0,0.0,0.0,0.0,293.8,76.17,41.43,1081.0,226.9,8.475,7.768,12.5,9.086,0.0,118.7,15.46,16.29,9.595,35.85,0.07414,0.007201,0.01977,0.0187,0.3474,0.0,0.0,0.0,0.0,0.0,0.0,0.0,0.0,0.0,0.0,0.0,0.0,0.0,0.0,0.0,0.0,0.0,0.0,0.0,0.0,0.0,0.0,0.0,0.0,0.0,0.0,0.0,0.0,0.0,0.0,0.0,0.0,0.0,0.0,0.0,0.00113,0.0,118100.0,149800.0,78390.0,95990.0,3.928E7,35870.0,14730.0,40490.0,24070.0,44280.0,0.0,6.226E-38,2.091E-38,1.171E-37,6.62E-38,7.723E-39,3.409E-39,6.388E-40,6.118E-40,3.938E-40,6.836E-40,2.08E-35,0.0,0.4263,0.5509,1.652,0.7199,0.06154,0.04045,0.005196,0.01005,0.009454,0.006657,0.0,0.0,5.648E-4,4.335E-4,0.001409,0.9947,2.077E-4,3.289E-4,7.717E-4,3.984E-4,0.001164,0.0,0.02236,0.001822,0.001711,0.001394,0.1668,0.002855,1.949E-4,4.625E-4,4.751E-4,3.662E-4,
0.0,1219.0,104.4,188.1,116.1,0.09247,6.421,1.104,1.981,1.238,1.055,0.0,344.4,0.2211,1.596,0.1534,0.13,0.393,0.06122,0.8274,0.8388,10.98,0.0,344.4,0.2211,1.596,0.1534,0.13,0.393,0.06122,0.8274,0.8388,10.98,0.0,0.0,0.0,0.0,0.0,0.0,0.0,0.0,0.0,0.0,0.0,0.0,0.0,300.3,75.41,41.53,1072.0,227.1,8.47,7.684,12.56,9.08,0.0,118.7,15.14,16.4,9.493,35.7,0.08393,0.00726,0.01988,0.02754,0.2899,0.0,0.0,0.0,0.0,0.0,0.0,0.0,0.0,0.0,0.0,0.0,0.0,0.0,0.0,0.0,0.0,0.0,0.0,0.0,0.0,0.0,0.0,0.0,0.0,0.0,0.0,0.0,0.0,0.0,0.0,0.0,0.0,0.0,0.0,0.0,1.0E-4,0.0,118300.0,148300.0,79470.0,92650.0,3.703E7,34090.0,13850.0,37900.0,22800.0,41850.0,0.0,6.35E-38,2.014E-38,1.168E-37,6.442E-38,7.518E-39,3.3869999999999996E-39,6.338E-40,6.106E-40,3.896E-40,6.815E-40,2.08E-35,0.0,0.4358,0.5966,1.6,0.7143,0.06092,0.0399,0.005288,0.01118,0.008664,0.006627,0.0,0.0,5.648E-4,4.335E-4,0.001409,0.9947,2.077E-4,3.289E-4,7.717E-4,3.984E-4,0.001164,0.0,0.02237,0.001811,0.001713,0.001388,0.1667,0.002849,1.916E-4,4.688E-4,4.738E-4,3.654E-4,
0.0,1220.0,77.01,206.9,107.0,10.11,13.19,0.7536,1.893,1.12,1.105,0.0,344.4,0.2002,1.599,0.1489,0.1528,0.3869,0.06314,0.8283,0.8075,11.01,0.0,344.4,0.2002,1.599,0.1489,0.1528,0.3869,0.06314,0.8283,0.8075,11.01,0.0,0.0,0.0,0.0,0.0,0.0,0.0,0.0,0.0,0.0,0.0,0.0,0.0,305.5,72.46,41.62,1076.0,227.1,8.584,7.692,12.72,9.195,0.0,120.0,14.56,16.32,8.22,35.24,0.09209,0.04275,0.02887,0.03508,0.2499,0.0,0.0,0.0,0.0,0.0,0.0,0.0,0.0,0.0,0.0,0.0,0.0,0.0,0.0,0.0,0.0,0.0,0.0,0.0,0.0,0.0,0.0,0.0,0.0,0.0,0.0,0.0,0.0,0.0,0.0,0.0,0.0,0.0,0.0,0.0,7.827E-4,0.0,119200.0,154000.0,91200.0,96930.0,3.641E7,33220.0,15730.0,37600.0,23050.0,41380.0,0.0,6.564E-38,1.63E-38,1.126E-37,5.984E-38,1.62E-38,4.147E-39,3.8989999999999996E-40,3.388E-40,3.487E-40,7.154E-40,2.08E-35,0.0,0.4541,0.4594,1.667,0.6565,0.1343,0.07447,0.004092,0.01058,0.008312,0.006843,0.0,0.0,5.648E-4,4.335E-4,0.001409,0.9947,2.077E-4,3.289E-4,7.717E-4,3.984E-4,0.001164,0.0,0.0224,0.00179,0.001696,0.001362,0.1666,0.002839,1.887E-4,4.703E-4,4.824E-4,3.555E-4,
0.0,1220.0,78.55,201.5,115.9,6.414,6.275,0.6766,1.915,1.078,1.093,0.0,344.4,0.2158,1.593,0.1521,0.1402,0.3863,0.06286,0.8283,0.9015,10.92,0.0,344.4,0.2158,1.593,0.1521,0.1402,0.3863,0.06286,0.8283,0.9015,10.92,0.0,0.0,0.0,0.0,0.0,0.0,0.0,0.0,0.0,0.0,0.0,0.0,0.0,303.3,73.33,40.71,1074.0,227.0,8.724,7.701,12.8,9.257,0.0,120.0,13.3,17.69,15.33,33.48,0.1044,0.009985,0.02089,0.01448,0.2173,0.0,0.0,0.0,0.0,0.0,0.0,0.0,0.0,0.0,0.0,0.0,0.0,0.0,0.0,0.0,0.0,0.0,0.0,0.0,0.0,0.0,0.0,0.0,0.0,0.0,0.0,0.0,0.0,0.0,0.0,0.0,0.0,0.0,0.0,0.0,1.001E-4,0.0,119200.0,146200.0,85460.0,93760.0,3.69E7,33300.0,16340.0,38040.0,23500.0,42070.0,0.0,6.564E-38,1.64E-38,1.159E-37,6.286E-38,8.739E-39,3.7199999999999996E-39,2.457E-40,3.933E-40,2.555E-40,6.486E-40,2.08E-35,0.0,0.4541,0.4624,1.675,0.7182,0.09554,0.04028,0.003331,0.01071,0.007876,0.006523,0.0,0.0,5.648E-4,4.335E-4,0.001409,0.9947,2.077E-4,3.289E-4,7.717E-4,3.984E-4,0.001164,0.0,0.0224,0.001726,0.001682,0.001351,0.1668,0.002835,1.9E-4,4.719E-4,4.865E-4,3.538E-4,
0.0,1221.0,78.25,196.5,115.5,0.2777,5.942,0.7409,1.99,1.177,1.095,0.0,344.4,0.1982,1.61,0.1494,0.1388,0.39,0.0622,0.8273,1.018,10.8,0.0,344.4,0.1982,1.61,0.1494,0.1388,0.39,0.0622,0.8273,1.018,10.8,0.0,0.0,0.0,0.0,0.0,0.0,0.0,0.0,0.0,0.0,0.0,0.0,0.0,307.3,72.6,40.77,1077.0,227.0,9.17,7.813,13.08,9.447,0.0,120.0,13.08,22.99,15.53,39.59,0.09991,0.01035,0.0209,0.01422,0.2093,0.0,0.0,0.0,0.0,0.0,0.0,0.0,0.0,0.0,0.0,0.0,0.0,0.0,0.0,0.0,0.0,0.0,0.0,0.0,0.0,0.0,0.0,0.0,0.0,0.0,0.0,0.0,0.0,0.0,0.0,0.0,0.0,0.0,0.0,0.0,5.559E-4,0.0,119300.0,147800.0,90710.0,96150.0,3.795E7,33340.0,18230.0,39360.0,24950.0,43860.0,0.0,6.610999999999999E-38,1.589E-38,1.157E-37,6.191E-38,8.699999999999999E-39,3.461E-39,2.448E-40,3.88E-40,2.501E-40,6.311E-40,2.08E-35,0.0,0.4578,0.4543,1.683,0.7157,0.0953,0.03826,0.00357,0.01098,0.00823,0.006431,0.0,0.0,5.648E-4,4.335E-4,0.001409,0.9947,2.077E-4,3.289E-4,7.717E-4,3.984E-4,0.001164,0.0,0.02242,0.001763,0.001648,0.001351,0.1668,0.002819,1.989E-4,4.742E-4,4.951E-4,3.539E-4,
0.0,1221.0,78.39,193.6,117.2,0.4114,5.339,0.8083,2.074,1.285,1.094,0.0,344.4,0.1974,1.582,0.1725,0.1439,0.3896,0.06234,0.8273,1.286,10.53,0.0,344.4,0.1974,1.582,0.1725,0.1439,0.3896,0.06234,0.8273,1.286,10.53,0.0,0.0,0.0,0.0,0.0,0.0,0.0,0.0,0.0,0.0,0.0,0.0,0.0,308.8,73.07,40.81,1080.0,227.0,9.208,7.822,13.1,9.463,0.0,125.0,12.34,26.64,14.28,33.67,0.517,0.01035,0.02083,0.01379,0.2073,0.0,0.0,0.0,0.0,0.0,0.0,0.0,0.0,0.0,0.0,0.0,0.0,0.0,0.0,0.0,0.0,0.0,0.0,0.0,0.0,0.0,0.0,0.0,0.0,0.0,0.0,0.0,0.0,0.0,0.0,0.0,0.0,0.0,0.0,0.0,5.07E-4,0.0,121100.0,145900.0,92890.0,97280.0,3.936E7,33770.0,19020.0,40780.0,25880.0,45500.0,0.0,6.868E-38,1.564E-38,1.133E-37,6.077E-38,8.78E-39,3.3E-39,2.436E-40,3.879E-40,2.516E-40,6.22E-40,2.08E-35,0.0,0.4711,0.456,1.656,0.7297,0.09399,0.03628,0.003831,0.01129,0.008641,0.00642,0.0,0.0,5.648E-4,4.335E-4,0.001409,0.9947,2.077E-4,3.289E-4,7.717E-4,3.984E-4,0.001164,0.0,0.02243,0.001748,0.001639,0.001361,0.1667,0.00282,1.978E-4,4.742E-4,4.992E-4,3.504E-4,
0.0,1226.0,82.01,186.2,113.4,0.1004,5.196,0.8144,1.974,1.282,1.158,0.0,344.4,0.1899,1.591,0.1529,0.137,0.3819,0.05959,0.8203,1.566,10.28,0.0,344.4,0.1899,1.591,0.1529,0.137,0.3819,0.05959,0.8203,1.566,10.28,0.0,0.0,0.0,0.0,0.0,0.0,0.0,0.0,0.0,0.0,0.0,0.0,0.0,311.1,74.31,39.63,1070.0,234.7,8.945,2.556,12.68,9.182,0.0,125.0,11.94,20.5,25.03,32.65,0.1072,0.01037,0.02088,0.01355,0.1172,0.0,0.0,0.0,0.0,0.0,0.0,0.0,0.0,0.0,0.0,0.0,0.0,0.0,0.0,0.0,0.0,0.0,0.0,0.0,0.0,0.0,0.0,0.0,0.0,0.0,0.0,0.0,0.0,0.0,0.0,0.0,0.0,0.0,0.0,0.0,1.0E-4,0.0,122000.0,145500.0,95270.0,99000.0,4.103E7,33510.0,19910.0,42370.0,26950.0,47400.0,0.0,6.909E-38,1.554E-38,1.121E-37,6.103E-38,8.361E-39,2.5929999999999998E-39,2.334E-40,1.862E-40,2.436E-40,5.867E-40,2.08E-35,0.0,0.4931,0.4714,1.622,0.7254,0.0899,0.03547,0.003873,0.01054,0.008586,0.006173,0.0,0.0,5.648E-4,4.335E-4,0.001409,0.9947,2.077E-4,3.289E-4,7.717E-4,3.984E-4,0.001164,0.0,0.02244,0.001716,0.001665,0.001368,0.1666,0.002808,1.969E-4,4.631E-4,5.061E-4,3.556E-4,
0.0,1223.0,85.59,183.6,116.6,0.09057,5.876,0.7192,1.861,1.126,1.212,0.0,344.4,0.1898,1.579,0.1628,0.137,0.3827,0.05975,0.8204,1.566,10.28,0.0,344.4,0.1898,1.579,0.1628,0.137,0.3827,0.05975,0.8204,1.566,10.28,0.0,0.0,0.0,0.0,0.0,0.0,0.0,0.0,0.0,0.0,0.0,0.0,0.0,313.9,74.64,39.78,1069.0,233.9,9.207,2.561,12.69,9.445,0.0,124.0,11.5,18.83,26.42,32.66,0.1088,0.01044,0.02102,0.01348,0.06329,0.0,0.0,0.0,0.0,0.0,0.0,0.0,0.0,0.0,0.0,0.0,0.0,0.0,0.0,0.0,0.0,0.0,0.0,0.0,0.0,0.0,0.0,0.0,0.0,0.0,0.0,0.0,0.0,0.0,0.0,0.0,0.0,0.0,0.0,0.0,1.0E-4,0.0,122500.0,146100.0,97990.0,101300.0,4.289E7,33690.0,20920.0,44270.0,28110.0,49650.0,0.0,6.538E-38,1.561E-38,1.108E-37,6.112E-38,8.362E-39,2.5619999999999998E-39,2.214E-40,1.7439999999999999E-40,2.275E-40,5.776E-40,2.08E-35,0.0,0.4666,0.4935,1.599,0.749,0.0899,0.03779,0.003513,0.01012,0.007983,0.006175,0.0,0.0,5.648E-4,4.335E-4,0.001409,0.9947,2.077E-4,3.289E-4,7.717E-4,3.984E-4,0.001164,0.0,0.02246,0.001714,0.001667,0.001372,0.1668,0.002778,1.97E-4,4.639E-4,5.051E-4,3.559E-4,
0.0,1222.0,89.45,181.9,116.1,0.5282,5.705,0.8474,2.023,1.333,1.227,0.0,344.4,0.1885,1.602,0.1356,0.1263,0.3853,0.06008,0.8212,2.052,9.799,0.0,344.4,0.1885,1.602,0.1356,0.1263,0.3853,0.06008,0.8212,2.052,9.799,0.0,0.0,0.0,0.0,0.0,0.0,0.0,0.0,0.0,0.0,0.0,0.0,0.0,314.3,73.39,45.75,1060.0,233.7,9.205,2.557,12.68,9.44,0.0,136.8,12.79,14.81,15.24,32.37,0.1094,0.01057,0.02126,0.01355,0.04524,0.0,0.0,0.0,0.0,0.0,0.0,0.0,0.0,0.0,0.0,0.0,0.0,0.0,0.0,0.0,0.0,0.0,0.0,0.0,0.0,0.0,0.0,0.0,0.0,0.0,0.0,0.0,0.0,0.0,0.0,0.0,0.0,0.0,0.0,0.0,8.931E-4,0.0,123700.0,145300.0,101900.0,112000.0,4.149E7,33510.0,20910.0,43660.0,28050.0,48000.0,0.0,6.361E-38,2.003E-38,1.072E-37,5.935E-38,9.020999999999999E-39,2.9809999999999996E-39,2.86E-40,2.593E-40,3.324E-40,5.68E-40,2.08E-35,0.0,0.4799,0.5258,1.567,0.7197,0.0942,0.04326,0.004864,0.01181,0.01011,0.006163,0.0,0.0,5.648E-4,4.335E-4,0.001409,0.9947,2.077E-4,3.289E-4,7.717E-4,3.984E-4,0.001164,0.0,0.02249,0.001697,0.001657,0.001393,0.1666,0.002763,1.966E-4,4.638E-4,5.082E-4,3.526E-4,
0.0,1224.0,89.92,182.2,114.7,0.08371,5.616,0.7791,1.938,1.231,0.8833,0.0,344.4,0.1776,1.656,0.1325,0.126,0.3824,0.06099,0.8284,2.172,9.633,0.0,344.4,0.1776,1.656,0.1325,0.126,0.3824,0.06099,0.8284,2.172,9.633,0.0,0.0,0.0,0.0,0.0,0.0,0.0,0.0,0.0,0.0,0.0,0.0,0.0,315.9,74.05,42.49,1059.0,233.7,9.173,2.618,12.82,9.608,0.0,136.8,11.52,15.17,15.26,32.36,0.1212,0.01065,0.02157,0.01363,0.02594,0.0,0.0,0.0,0.0,0.0,0.0,0.0,0.0,0.0,0.0,0.0,0.0,0.0,0.0,0.0,0.0,0.0,0.0,0.0,0.0,0.0,0.0,0.0,0.0,0.0,0.0,0.0,0.0,0.0,0.0,0.0,0.0,0.0,0.0,0.0,1.0E-4,0.0,123800.0,144500.0,100800.0,102200.0,3.849E7,32180.0,20290.0,40710.0,26670.0,45520.0,0.0,6.393E-38,1.694E-38,1.054E-37,5.966E-38,8.033999999999999E-39,2.4309999999999998E-39,2.057E-40,1.6279999999999999E-40,2.115E-40,7.68E-40,2.08E-35,0.0,0.4905,0.5337,1.558,0.7213,0.09019,0.03661,0.003698,0.01041,0.00837,0.009686,0.0,0.0,5.648E-4,4.335E-4,0.001409,0.9947,2.077E-4,3.289E-4,7.717E-4,3.984E-4,0.001164,0.0,0.0225,0.001702,0.001642,0.00138,0.1667,0.002755,1.986E-4,4.655E-4,5.049E-4,3.613E-4,
0.0,1226.0,87.68,185.4,111.1,0.1053,7.156,0.8288,1.934,1.3,0.5026,0.0,344.4,0.1686,1.583,0.1261,0.1264,0.3814,0.05934,0.4724,1.695,10.56,0.0,344.4,0.1686,1.583,0.1261,0.1264,0.3814,0.05934,0.4724,1.695,10.56,0.0,0.0,0.0,0.0,0.0,0.0,0.0,0.0,0.0,0.0,0.0,0.0,0.0,316.0,75.7,39.73,1060.0,235.7,9.173,2.517,13.1,9.422,0.0,142.7,11.41,14.93,9.52,31.77,0.1303,0.01089,0.02204,0.01389,0.0222,0.0,0.0,0.0,0.0,0.0,0.0,0.0,0.0,0.0,0.0,0.0,0.0,0.0,0.0,0.0,0.0,0.0,0.0,0.0,0.0,0.0,0.0,0.0,0.0,0.0,0.0,0.0,0.0,0.0,0.0,0.0,0.0,0.0,0.0,0.0,8.63E-4,0.0,124200.0,144700.0,103000.0,95730.0,3.736E7,34850.0,20190.0,39420.0,26250.0,44420.0,0.0,6.473E-38,1.529E-38,1.064E-37,5.924E-38,7.157E-39,2.4939999999999998E-39,2.128E-40,1.576E-40,2.367E-40,4.139E-40,2.08E-35,0.0,0.5036,0.5112,1.589,0.701,0.08663,0.04146,0.003921,0.01038,0.008972,0.003835,0.0,0.0,5.648E-4,4.335E-4,0.001409,0.9947,2.077E-4,3.289E-4,7.717E-4,3.984E-4,0.001164,0.0,0.02251,0.001713,0.001601,0.001344,0.1668,0.002768,1.965E-4,4.639E-4,5.222E-4,3.754E-4,
0.0,1226.0,88.77,180.2,117.0,0.1014,5.987,0.7675,1.948,1.412,0.3841,0.0,344.4,0.1375,1.55,0.1608,0.126,0.4308,0.05751,0.3516,2.085,10.27,0.0,344.4,0.1375,1.55,0.1608,0.126,0.4308,0.05751,0.3516,2.085,10.27,0.0,0.0,0.0,0.0,0.0,0.0,0.0,0.0,0.0,0.0,0.0,0.0,0.0,320.0,79.84,38.95,1059.0,244.1,2.016,2.415,15.0,4.656,0.0,142.7,11.4,14.47,9.085,31.78,0.1617,0.0112,0.02266,0.01401,0.02234,0.0,0.0,0.0,0.0,0.0,0.0,0.0,0.0,0.0,0.0,0.0,0.0,0.0,0.0,0.0,0.0,0.0,0.0,0.0,0.0,0.0,0.0,0.0,0.0,0.0,0.0,0.0,0.0,0.0,0.0,0.0,0.0,0.0,0.0,0.0,6.892E-4,0.0,124400.0,146200.0,104000.0,96190.0,3.743E7,36650.0,20510.0,39420.0,26460.0,44520.0,0.0,6.477E-38,1.536E-38,1.016E-37,5.958E-38,7.159E-39,5.513E-39,1.459E-40,1.956E-40,3.838E-40,3.103E-40,2.08E-35,0.0,0.5042,0.5162,1.527,0.741,0.08665,0.05711,0.00349,0.01051,0.01013,0.002887,0.0,0.0,5.648E-4,4.335E-4,0.001409,0.9947,2.077E-4,3.289E-4,7.717E-4,3.984E-4,0.001164,0.0,0.02253,0.001702,0.001519,0.001358,0.1665,0.002841,1.844E-4,4.645E-4,5.353E-4,3.621E-4,
0.0,1226.0,85.91,160.7,113.7,25.73,5.826,0.8294,2.04,1.335,0.4413,0.0,344.4,0.1672,1.478,0.1686,0.1937,0.3515,0.04517,0.365,2.073,10.32,0.0,344.4,0.1672,1.478,0.1686,0.1937,0.3515,0.04517,0.365,2.073,10.32,0.0,0.0,0.0,0.0,0.0,0.0,0.0,0.0,0.0,0.0,0.0,0.0,0.0,327.1,86.03,50.56,1030.0,240.2,2.775,2.181,17.62,10.87,0.0,142.7,12.49,13.83,9.065,31.23,0.1711,0.01078,0.02076,0.01277,0.02225,0.0,0.0,0.0,0.0,0.0,0.0,0.0,0.0,0.0,0.0,0.0,0.0,0.0,0.0,0.0,0.0,0.0,0.0,0.0,0.0,0.0,0.0,0.0,0.0,0.0,0.0,0.0,0.0,0.0,0.0,0.0,0.0,0.0,0.0,0.0,1.0E-4,0.0,124400.0,178300.0,373800.0,196800.0,3.791E7,62670.0,20600.0,36980.0,25360.0,45470.0,0.0,6.477E-38,1.492E-38,9.611E-38,6.135E-38,1.2E-38,3.523E-39,1.825E-40,2.676E-40,3.078E-40,3.051E-40,2.08E-35,0.0,0.5042,0.5074,1.411,0.7382,0.2276,0.04209,0.0039,0.01111,0.009452,0.003229,0.0,0.0,5.648E-4,4.335E-4,0.001409,0.9947,2.077E-4,3.289E-4,7.717E-4,3.984E-4,0.001164,0.0,0.02253,0.00184,0.00292,0.001956,0.1644,0.002974,1.846E-4,4.435E-4,5.379E-4,3.939E-4,
0.0,1227.0,84.15,158.0,93.92,2.321,5.398,1.844,0.9816,1.326,0.4341,0.0,344.4,0.1795,1.534,0.1152,0.1759,0.3534,0.06228,0.3621,2.773,9.608,0.0,344.4,0.1795,1.534,0.1152,0.1759,0.3534,0.06228,0.3621,2.773,9.608,0.0,0.0,0.0,0.0,0.0,0.0,0.0,0.0,0.0,0.0,0.0,0.0,0.0,325.3,78.31,38.69,1051.0,238.5,2.79,2.508,17.85,10.82,0.0,142.7,14.62,9.723,55.18,33.59,0.1349,0.01105,0.02296,0.01398,0.02202,0.0,0.0,0.0,0.0,0.0,0.0,0.0,0.0,0.0,0.0,0.0,0.0,0.0,0.0,0.0,0.0,0.0,0.0,0.0,0.0,0.0,0.0,0.0,0.0,0.0,0.0,0.0,0.0,0.0,0.0,0.0,0.0,0.0,0.0,0.0,5.386E-4,0.0,124500.0,142400.0,308100.0,118100.0,3.912E7,48650.0,22530.0,36920.0,26060.0,46800.0,0.0,6.561E-38,1.326E-38,9.738E-38,6.189999999999999E-38,9.865999999999999E-39,3.0449999999999996E-39,1.81E-40,3.5899999999999998E-40,3.539E-40,3.003E-40,2.08E-35,0.0,0.5126,0.4794,1.444,0.7716,0.174,0.0397,0.009252,0.00594,0.009594,0.003188,0.0,0.0,5.648E-4,4.335E-4,0.001409,0.9947,2.077E-4,3.289E-4,7.717E-4,3.984E-4,0.001164,0.0,0.02253,0.001642,0.002687,0.001454,0.1654,0.002905,3.712E-4,2.658E-4,5.459E-4,3.853E-4,
0.0,1227.0,82.84,157.4,95.02,0.08541,5.217,1.796,0.9685,1.413,0.3991,0.0,344.4,0.1293,1.634,0.1102,0.1252,0.3305,0.05846,0.3484,2.185,10.24,0.0,344.4,0.1293,1.634,0.1102,0.1252,0.3305,0.05846,0.3484,2.185,10.24,0.0,0.0,0.0,0.0,0.0,0.0,0.0,0.0,0.0,0.0,0.0,0.0,0.0,327.1,49.08,38.3,1084.0,236.0,2.806,2.81,18.14,10.75,0.0,142.7,14.26,8.615,64.79,27.65,0.117,0.01134,0.02449,0.01484,0.02199,0.0,0.0,0.0,0.0,0.0,0.0,0.0,0.0,0.0,0.0,0.0,0.0,0.0,0.0,0.0,0.0,0.0,0.0,0.0,0.0,0.0,0.0,0.0,0.0,0.0,0.0,0.0,0.0,0.0,0.0,0.0,0.0,0.0,0.0,0.0,1.0E-4,0.0,124900.0,140600.0,109500.0,110600.0,4.061E7,32110.0,23010.0,39300.0,27280.0,48370.0,0.0,6.758E-38,1.226E-38,1.008E-37,6.05E-38,5.54E-39,3.02E-39,2.286E-40,3.733E-40,6.226E-40,3.278E-40,2.08E-35,0.0,0.5311,0.4657,1.557,0.7767,0.04894,0.03957,0.009514,0.005918,0.01153,0.003299,0.0,0.0,5.648E-4,4.335E-4,0.001409,0.9947,2.077E-4,3.289E-4,7.717E-4,3.984E-4,0.001164,0.0,0.02257,0.001641,0.001624,0.001431,0.1665,0.002777,3.726E-4,2.769E-4,5.662E-4,3.812E-4,
0.0,1214.0,102.0,157.7,95.47,0.0929,5.433,1.064,0.7243,1.344,0.3936,0.0,344.4,0.1297,1.633,0.1124,0.1247,0.3275,0.06402,0.4385,1.61,10.72,0.0,344.4,0.1297,1.633,0.1124,0.1247,0.3275,0.06402,0.4385,1.61,10.72,0.0,0.0,0.0,0.0,0.0,0.0,0.0,0.0,0.0,0.0,0.0,0.0,0.0,329.4,49.87,38.44,1086.0,235.8,2.811,2.616,18.34,10.75,0.0,138.0,13.97,7.241,64.76,27.83,0.1264,0.01139,0.02458,0.01489,0.02202,0.0,0.0,0.0,0.0,0.0,0.0,0.0,0.0,0.0,0.0,0.0,0.0,0.0,0.0,0.0,0.0,0.0,0.0,0.0,0.0,0.0,0.0,0.0,0.0,0.0,0.0,0.0,0.0,0.0,0.0,0.0,0.0,0.0,0.0,0.0,5.035E-4,0.0,124800.0,140300.0,101800.0,109400.0,4.208E7,31960.0,23460.0,40090.0,27680.0,50310.0,0.0,5.334E-38,1.421E-38,9.985E-38,5.838E-38,5.523E-39,4.118E-39,2.135E-40,1.743E-40,5.174E-40,3.2699999999999998E-40,2.08E-35,0.0,0.4199,0.5868,1.551,0.7738,0.04853,0.04067,0.006151,0.00459,0.01142,0.003291,0.0,0.0,5.648E-4,4.335E-4,0.001409,0.9947,2.077E-4,3.289E-4,7.717E-4,3.984E-4,0.001164,0.0,0.02255,0.001687,0.001628,0.001427,0.1665,0.00275,3.732E-4,2.823E-4,5.618E-4,3.852E-4,
0.0,1215.0,102.1,148.9,100.5,0.09411,5.536,1.069,0.7231,1.34,0.3913,0.0,344.4,0.1462,1.611,0.1134,0.1253,0.327,0.06451,0.5146,1.768,10.49,0.0,344.4,0.1462,1.611,0.1134,0.1253,0.327,0.06451,0.5146,1.768,10.49,0.0,0.0,0.0,0.0,0.0,0.0,0.0,0.0,0.0,0.0,0.0,0.0,0.0,329.7,50.46,38.53,1080.0,235.8,2.845,2.609,18.35,10.76,0.0,138.0,13.9,15.17,58.51,28.22,0.1353,0.01145,0.02485,0.01501,0.02208,0.0,0.0,0.0,0.0,0.0,0.0,0.0,0.0,0.0,0.0,0.0,0.0,0.0,0.0,0.0,0.0,0.0,0.0,0.0,0.0,0.0,0.0,0.0,0.0,0.0,0.0,0.0,0.0,0.0,0.0,0.0,0.0,0.0,0.0,0.0,6.364E-4,0.0,124900.0,141400.0,98830.0,110700.0,4.262E7,32180.0,23870.0,40500.0,28030.0,51040.0,0.0,5.417E-38,1.3909999999999999E-38,9.981E-38,5.491E-38,5.907E-39,4.201E-39,2.112E-40,1.72E-40,5.129E-40,3.2629999999999998E-40,2.08E-35,0.0,0.4271,0.5923,1.534,0.7624,0.05587,0.04188,0.006175,0.004591,0.01139,0.003285,0.0,0.0,5.648E-4,4.335E-4,0.001409,0.9947,2.077E-4,3.289E-4,7.717E-4,3.984E-4,0.001164,0.0,0.02256,0.001687,0.001628,0.001427,0.1666,0.002743,3.746E-4,2.841E-4,5.583E-4,3.852E-4,
0.0,1222.0,107.3,137.9,94.16,0.09183,5.322,1.071,0.7454,1.358,0.3789,0.0,344.4,0.1735,1.575,0.1201,0.126,0.3271,0.06463,0.5147,3.632,8.622,0.0,344.4,0.1735,1.575,0.1201,0.126,0.3271,0.06463,0.5147,3.632,8.622,0.0,0.0,0.0,0.0,0.0,0.0,0.0,0.0,0.0,0.0,0.0,0.0,0.0,324.2,55.79,38.63,1079.0,235.8,2.845,2.609,18.35,10.76,0.0,138.0,13.83,18.2,61.42,27.59,0.15,0.01168,0.02531,0.01529,0.02224,0.0,0.0,0.0,0.0,0.0,0.0,0.0,0.0,0.0,0.0,0.0,0.0,0.0,0.0,0.0,0.0,0.0,0.0,0.0,0.0,0.0,0.0,0.0,0.0,0.0,0.0,0.0,0.0,0.0,0.0,0.0,0.0,0.0,0.0,0.0,1.0E-4,0.0,125300.0,137600.0,96910.0,106400.0,3.898E7,31740.0,22940.0,37900.0,27040.0,46510.0,0.0,5.665E-38,1.494E-38,9.783E-38,5.302E-38,5.458E-39,3.8269999999999996E-39,2.092E-40,2.236E-40,5.358E-40,3.255E-40,2.08E-35,0.0,0.4572,0.6223,1.494,0.7489,0.04991,0.04028,0.006182,0.004777,0.01148,0.003266,0.0,0.0,5.648E-4,4.335E-4,0.001409,0.9947,2.077E-4,3.289E-4,7.717E-4,3.984E-4,0.001164,0.0,0.02258,0.001637,0.00167,0.001421,0.1665,0.002741,3.749E-4,2.887E-4,5.711E-4,3.672E-4,
0.0,1222.0,106.1,140.8,94.19,0.09578,5.508,1.072,0.7917,1.379,0.3768,0.0,344.4,0.1401,1.601,0.123,0.1261,0.3311,0.0651,0.514,3.871,8.384,0.0,344.4,0.1401,1.601,0.123,0.1261,0.3311,0.0651,0.514,3.871,8.384,0.0,0.0,0.0,0.0,0.0,0.0,0.0,0.0,0.0,0.0,0.0,0.0,0.0,318.6,58.55,38.6,1075.0,235.8,2.842,2.596,18.34,10.76,0.0,138.0,13.89,16.92,60.58,27.6,0.1793,0.012,0.02594,0.01568,0.02245,0.0,0.0,0.0,0.0,0.0,0.0,0.0,0.0,0.0,0.0,0.0,0.0,0.0,0.0,0.0,0.0,0.0,0.0,0.0,0.0,0.0,0.0,0.0,0.0,0.0,0.0,0.0,0.0,0.0,0.0,0.0,0.0,0.0,0.0,0.0,1.0E-4,0.0,125300.0,138800.0,95000.0,104100.0,3.753E7,31950.0,22890.0,37070.0,26840.0,44800.0,0.0,5.665E-38,1.431E-38,9.716E-38,5.346E-38,5.46E-39,3.523E-39,2.069E-40,3.378E-40,5.906E-40,3.249E-40,2.08E-35,0.0,0.4572,0.611,1.504,0.748,0.04998,0.04184,0.006191,0.005185,0.01168,0.003255,0.0,0.0,5.648E-4,4.335E-4,0.001409,0.9947,2.077E-4,3.289E-4,7.717E-4,3.984E-4,0.001164,0.0,0.02259,0.001636,0.001649,0.001439,0.1664,0.002732,3.758E-4,2.881E-4,5.733E-4,3.644E-4,
0.0,1218.0,109.6,142.8,98.39,0.1016,6.362,1.078,0.8014,1.434,0.3156,0.0,344.4,0.1345,1.603,0.1315,0.1264,0.3409,0.07101,0.6113,4.272,7.861,0.0,344.4,0.1345,1.603,0.1315,0.1264,0.3409,0.07101,0.6113,4.272,7.861,0.0,0.0,0.0,0.0,0.0,0.0,0.0,0.0,0.0,0.0,0.0,0.0,0.0,315.9,59.57,37.71,1067.0,235.8,2.835,2.896,20.75,11.75,0.0,136.1,15.89,15.36,53.55,27.61,0.5626,0.0124,0.02674,0.01617,0.02267,0.0,0.0,0.0,0.0,0.0,0.0,0.0,0.0,0.0,0.0,0.0,0.0,0.0,0.0,0.0,0.0,0.0,0.0,0.0,0.0,0.0,0.0,0.0,0.0,0.0,0.0,0.0,0.0,0.0,0.0,0.0,0.0,0.0,0.0,0.0,1.0E-4,0.0,125400.0,141000.0,94220.0,104300.0,3.75E7,31930.0,23370.0,37460.0,27490.0,44790.0,0.0,5.224E-38,1.885E-38,9.64E-38,5.189E-38,5.462E-39,4.4649999999999995E-39,2.051E-40,3.329E-40,6.3319999999999995E-40,2.766E-40,2.08E-35,0.0,0.4213,0.64,1.503,0.7446,0.05005,0.04643,0.006216,0.005269,0.01212,0.002796,0.0,0.0,5.648E-4,4.335E-4,0.001409,0.9947,2.077E-4,3.289E-4,7.717E-4,3.984E-4,0.001164,0.0,0.02258,0.001576,0.001644,0.00142,0.1666,0.002732,3.773E-4,2.997E-4,6.201E-4,3.9E-4,
0.0,1220.0,114.2,139.0,99.7,0.09684,5.767,1.081,0.8008,1.449,0.3248,0.0,344.4,0.1343,1.596,0.1169,0.1274,0.3499,0.06962,0.5973,3.281,8.879,0.0,344.4,0.1343,1.596,0.1169,0.1274,0.3499,0.06962,0.5973,3.281,8.879,0.0,0.0,0.0,0.0,0.0,0.0,0.0,0.0,0.0,0.0,0.0,0.0,0.0,310.6,64.16,37.81,1062.0,235.8,2.834,2.908,21.43,12.17,0.0,136.1,12.81,16.17,52.14,28.11,0.3152,0.01289,0.02769,0.01674,0.02298,0.0,0.0,0.0,0.0,0.0,0.0,0.0,0.0,0.0,0.0,0.0,0.0,0.0,0.0,0.0,0.0,0.0,0.0,0.0,0.0,0.0,0.0,0.0,0.0,0.0,0.0,0.0,0.0,0.0,0.0,0.0,0.0,0.0,0.0,0.0,1.0E-4,0.0,125500.0,142300.0,97570.0,106400.0,3.827E7,32190.0,23910.0,38390.0,28150.0,45600.0,0.0,5.28E-38,1.434E-38,9.487E-38,5.168E-38,5.595E-39,3.8269999999999996E-39,2.035E-40,3.223E-40,6.365E-40,2.85E-40,2.08E-35,0.0,0.4257,0.6611,1.475,0.7446,0.05221,0.04434,0.006237,0.005269,0.01225,0.002872,0.0,0.0,5.648E-4,4.335E-4,0.001409,0.9947,2.077E-4,3.289E-4,7.717E-4,3.984E-4,0.001164,0.0,0.02258,0.00154,0.001652,0.00142,0.1665,0.002731,3.807E-4,2.969E-4,6.312E-4,3.937E-4,
0.0,1220.0,110.7,141.1,98.8,0.08285,7.143,1.136,0.722,1.437,0.3004,0.0,344.4,0.1987,1.572,0.1434,0.1272,0.3089,0.06964,0.5805,1.628,10.52,0.0,344.4,0.1987,1.572,0.1434,0.1272,0.3089,0.06964,0.5805,1.628,10.52,0.0,0.0,0.0,0.0,0.0,0.0,0.0,0.0,0.0,0.0,0.0,0.0,0.0,310.1,64.77,33.73,1062.0,249.3,2.184,2.908,18.94,8.319,0.0,136.1,15.74,15.82,49.67,28.13,0.4846,0.01199,0.09143,0.09759,0.1248,0.0,0.0,0.0,0.0,0.0,0.0,0.0,0.0,0.0,0.0,0.0,0.0,0.0,0.0,0.0,0.0,0.0,0.0,0.0,0.0,0.0,0.0,0.0,0.0,0.0,0.0,0.0,0.0,0.0,0.0,0.0,0.0,0.0,0.0,0.0,1.0E-4,0.0,125800.0,146400.0,92830.0,106800.0,3.949E7,33390.0,24510.0,39790.0,29020.0,47100.0,0.0,5.281E-38,1.615E-38,9.247E-38,5.149E-38,5.595E-39,3.7099999999999996E-39,2.015E-40,2.825E-40,6.145E-40,2.847E-40,2.08E-35,0.0,0.4258,0.6685,1.461,0.7441,0.05221,0.04811,0.006528,0.005144,0.01259,0.003245,0.0,0.0,5.648E-4,4.335E-4,0.001409,0.9947,2.077E-4,3.289E-4,7.717E-4,3.984E-4,0.001164,0.0,0.02263,0.001542,0.001623,0.001421,0.1665,0.002718,3.797E-4,2.959E-4,6.32E-4,3.855E-4,
0.0,1210.0,125.5,135.4,95.37,0.09146,4.683,1.237,0.8368,1.58,0.2839,0.0,344.4,0.1038,1.641,0.1241,0.1278,0.428,0.0701,0.5866,1.535,10.5,0.0,344.4,0.1038,1.641,0.1241,0.1278,0.428,0.0701,0.5866,1.535,10.5,0.0,0.0,0.0,0.0,0.0,0.0,0.0,0.0,0.0,0.0,0.0,0.0,0.0,308.1,69.64,34.39,1061.0,247.1,2.565,3.107,20.57,10.56,0.0,132.9,13.29,18.53,56.92,28.8,0.2597,0.0116,0.05091,0.04722,0.06212,0.0,0.0,0.0,0.0,0.0,0.0,0.0,0.0,0.0,0.0,0.0,0.0,0.0,0.0,0.0,0.0,0.0,0.0,0.0,0.0,0.0,0.0,0.0,0.0,0.0,0.0,0.0,0.0,0.0,0.0,0.0,0.0,0.0,0.0,0.0,5.38E-4,0.0,125700.0,144000.0,90290.0,105800.0,4.069E7,32710.0,24180.0,40080.0,28830.0,48520.0,0.0,4.467E-38,1.472E-38,9.363999999999999E-38,5.109E-38,5.8149999999999995E-39,3.1169999999999996E-39,2.042E-40,2.914E-40,6.267E-40,2.957E-40,2.08E-35,0.0,0.3602,0.7204,1.462,0.7508,0.05638,0.03856,0.006935,0.005867,0.01348,0.003561,0.0,0.0,5.648E-4,4.335E-4,0.001409,0.9947,2.077E-4,3.289E-4,7.717E-4,3.984E-4,0.001164,0.0,0.0226,0.001554,0.001629,0.001421,0.1665,0.002705,3.84E-4,3.016E-4,6.394E-4,3.921E-4,
0.0,1210.0,125.7,134.8,95.34,0.08916,4.695,1.235,0.8318,1.562,0.2874,0.0,344.4,0.1059,1.633,0.1258,0.1271,0.3087,0.0706,0.6556,1.084,11.0,0.0,344.4,0.1059,1.633,0.1258,0.1271,0.3087,0.0706,0.6556,1.084,11.0,0.0,0.0,0.0,0.0,0.0,0.0,0.0,0.0,0.0,0.0,0.0,0.0,0.0,310.5,75.28,35.11,1063.0,241.0,2.923,3.191,21.49,12.36,0.0,132.9,15.0,11.76,60.93,28.17,0.2538,0.01157,0.05064,0.04691,0.06179,0.0,0.0,0.0,0.0,0.0,0.0,0.0,0.0,0.0,0.0,0.0,0.0,0.0,0.0,0.0,0.0,0.0,0.0,0.0,0.0,0.0,0.0,0.0,0.0,0.0,0.0,0.0,0.0,0.0,0.0,0.0,0.0,0.0,0.0,0.0,1.0E-4,0.0,125800.0,141500.0,87810.0,102800.0,3.969E7,32010.0,23560.0,39090.0,28130.0,47590.0,0.0,4.468E-38,1.495E-38,9.247E-38,5.067E-38,5.592E-39,3.055E-39,2.024E-40,2.817E-40,6.209E-40,2.964E-40,2.08E-35,0.0,0.3602,0.7195,1.447,0.7536,0.05242,0.03857,0.006925,0.005844,0.01336,0.003578,0.0,0.0,5.678E-4,4.358E-4,0.001416,0.9947,2.089E-4,3.307E-4,7.759E-4,4.006E-4,0.001171,0.0,0.02264,0.001561,0.001623,0.001421,0.1651,0.002646,3.886E-4,3.015E-4,6.431E-4,3.917E-4,
0.0,1212.0,125.9,135.8,95.44,0.08903,3.944,1.369,0.7186,1.567,0.2862,0.0,344.4,0.11,1.628,0.1196,0.1363,0.2975,0.08109,0.6437,1.573,10.51,0.0,344.4,0.11,1.628,0.1196,0.1363,0.2975,0.08109,0.6437,1.573,10.51,0.0,0.0,0.0,0.0,0.0,0.0,0.0,0.0,0.0,0.0,0.0,0.0,0.0,315.0,75.66,35.52,1064.0,241.0,2.923,3.191,21.49,12.36,0.0,132.9,12.49,10.24,60.43,28.29,0.434,0.0117,0.05054,0.04664,0.06131,0.0,0.0,0.0,0.0,0.0,0.0,0.0,0.0,0.0,0.0,0.0,0.0,0.0,0.0,0.0,0.0,0.0,0.0,0.0,0.0,0.0,0.0,0.0,0.0,0.0,0.0,0.0,0.0,0.0,0.0,0.0,0.0,0.0,0.0,0.0,0.00111,0.0,126000.0,141000.0,104600.0,99930.0,3.674E7,34340.0,22600.0,36870.0,26960.0,44180.0,0.0,4.591E-38,1.487E-38,9.15E-38,4.946E-38,5.7889999999999996E-39,2.482E-39,2.037E-40,2.731E-40,6.167E-40,2.952E-40,2.08E-35,0.0,0.3743,0.7057,1.436,0.7516,0.0581,0.0325,0.00752,0.00536,0.0134,0.003575,0.0,0.0,5.678E-4,4.358E-4,0.001416,0.9947,2.089E-4,3.307E-4,7.759E-4,4.006E-4,0.001171,0.0,0.02266,0.001561,0.001645,0.00142,0.165,0.002624,3.893E-4,3.06E-4,6.445E-4,3.893E-4,
0.0,1212.0,126.2,136.4,101.6,0.09073,4.441,1.344,0.7251,1.568,0.287,0.0,344.4,0.1076,1.638,0.1177,0.1297,0.2987,0.07963,0.6441,1.318,10.77,0.0,344.4,0.1076,1.638,0.1177,0.1297,0.2987,0.07963,0.6441,1.318,10.77,0.0,0.0,0.0,0.0,0.0,0.0,0.0,0.0,0.0,0.0,0.0,0.0,0.0,315.6,76.07,35.51,1064.0,241.0,2.924,3.194,21.49,12.37,0.0,132.9,12.42,9.343,53.08,28.9,0.4575,0.01192,0.05052,0.04635,0.0608,0.0,0.0,0.0,0.0,0.0,0.0,0.0,0.0,0.0,0.0,0.0,0.0,0.0,0.0,0.0,0.0,0.0,0.0,0.0,0.0,0.0,0.0,0.0,0.0,0.0,0.0,0.0,0.0,0.0,0.0,0.0,0.0,0.0,0.0,0.0,1.0E-4,0.0,126000.0,141800.0,99950.0,99860.0,3.568E7,34710.0,22440.0,36230.0,26780.0,42980.0,0.0,4.591E-38,1.494E-38,9.125E-38,4.8E-38,6.086E-39,2.8179999999999998E-39,2.016E-40,2.6589999999999998E-40,6.1139999999999995E-40,2.939E-40,2.08E-35,0.0,0.3743,0.7072,1.436,0.7437,0.06112,0.03594,0.00742,0.005397,0.01342,0.003573,0.0,0.0,5.678E-4,4.358E-4,0.001416,0.9947,2.089E-4,3.307E-4,7.759E-4,4.006E-4,0.001171,0.0,0.02266,0.001558,0.001642,0.001414,0.1649,0.002642,3.871E-4,3.074E-4,6.436E-4,3.892E-4,
0.0,1212.0,126.3,135.6,102.5,0.0773,4.241,1.382,0.6835,1.671,0.2127,0.0,344.4,0.1066,1.623,0.1186,0.1303,0.2985,0.2778,0.4407,1.166,10.93,0.0,344.4,0.1066,1.623,0.1186,0.1303,0.2985,0.2778,0.4407,1.166,10.93,0.0,0.0,0.0,0.0,0.0,0.0,0.0,0.0,0.0,0.0,0.0,0.0,0.0,313.4,80.55,35.66,1060.0,241.0,2.924,2.874,25.17,9.566,0.0,132.9,12.44,9.231,53.34,28.21,0.4875,0.01224,0.05072,0.04622,0.06039,0.0,0.0,0.0,0.0,0.0,0.0,0.0,0.0,0.0,0.0,0.0,0.0,0.0,0.0,0.0,0.0,0.0,0.0,0.0,0.0,0.0,0.0,0.0,0.0,0.0,0.0,0.0,0.0,0.0,0.0,0.0,0.0,0.0,0.0,0.0,1.0E-4,0.0,126000.0,144700.0,103200.0,99700.0,3.583E7,34680.0,23130.0,36210.0,27280.0,43030.0,0.0,4.592E-38,1.505E-38,9.036E-38,4.799E-38,5.794E-39,2.632E-39,2.012E-40,2.541E-40,6.783E-40,2.4E-40,2.08E-35,0.0,0.3743,0.7088,1.427,0.7507,0.05807,0.03473,0.007591,0.005205,0.01422,0.00299,0.0,0.0,5.678E-4,4.358E-4,0.001416,0.9947,2.089E-4,3.307E-4,7.759E-4,4.006E-4,0.001171,0.0,0.02267,0.001545,0.00165,0.001405,0.1647,0.00263,4.38E-4,2.5E-4,7.118E-4,3.375E-4,
0.0,1212.0,124.1,137.5,102.8,0.06411,3.973,1.796,0.7785,1.666,0.2085,0.0,344.4,0.1147,1.606,0.127,0.1293,0.2856,0.2901,0.4431,1.216,10.88,0.0,344.4,0.1147,1.606,0.127,0.1293,0.2856,0.2901,0.4431,1.216,10.88,0.0,0.0,0.0,0.0,0.0,0.0,0.0,0.0,0.0,0.0,0.0,0.0,0.0,314.4,79.72,35.61,1047.0,243.9,5.758,3.518,25.11,9.54,0.0,132.9,12.51,9.062,53.17,28.2,0.3219,0.01411,0.04784,0.04366,0.05874,0.0,0.0,0.0,0.0,0.0,0.0,0.0,0.0,0.0,0.0,0.0,0.0,0.0,0.0,0.0,0.0,0.0,0.0,0.0,0.0,0.0,0.0,0.0,0.0,0.0,0.0,0.0,0.0,0.0,0.0,0.0,0.0,0.0,0.0,0.0,1.0E-4,0.0,126100.0,146700.0,103000.0,101000.0,3.67E7,44940.0,27090.0,38040.0,27940.0,43960.0,0.0,4.592E-38,1.486E-38,8.994E-38,4.776E-38,5.7069999999999995E-39,2.3769999999999998E-39,4.506E-40,3.054E-40,6.637E-40,2.36E-40,2.08E-35,0.0,0.3743,0.6971,1.433,0.7538,0.05758,0.03194,0.01043,0.005851,0.01417,0.002953,0.0,0.0,5.678E-4,4.358E-4,0.001416,0.9947,2.089E-4,3.307E-4,7.759E-4,4.006E-4,0.001171,0.0,0.02268,0.001538,0.001642,0.001406,0.1645,0.002572,5.1E-4,2.673E-4,7.143E-4,3.319E-4,
0.0,1213.0,120.5,141.9,99.34,0.7638,3.975,1.808,0.7815,1.656,0.2065,0.0,344.4,0.09823,1.59,0.1356,0.1533,0.2851,0.291,0.3458,1.564,10.62,0.0,344.4,0.09823,1.59,0.1356,0.1533,0.2851,0.291,0.3458,1.564,10.62,0.0,0.0,0.0,0.0,0.0,0.0,0.0,0.0,0.0,0.0,0.0,0.0,0.0,316.5,79.47,35.77,1050.0,241.1,5.759,3.519,25.1,9.54,0.0,132.1,12.57,10.6,52.93,28.73,0.3121,0.01223,0.04709,0.04336,0.05837,0.0,0.0,0.0,0.0,0.0,0.0,0.0,0.0,0.0,0.0,0.0,0.0,0.0,0.0,0.0,0.0,0.0,0.0,0.0,0.0,0.0,0.0,0.0,0.0,0.0,0.0,0.0,0.0,0.0,0.0,0.0,0.0,0.0,0.0,0.0,1.0E-4,0.0,126200.0,152200.0,109300.0,104100.0,3.809E7,38620.0,27630.0,39470.0,28930.0,45610.0,0.0,4.43E-38,1.394E-38,8.945E-38,4.664E-38,6.574999999999999E-39,2.302E-39,4.48E-40,2.975E-40,6.496E-40,2.349E-40,2.08E-35,0.0,0.3687,0.6797,1.448,0.7488,0.06734,0.0318,0.01048,0.005855,0.01412,0.002952,0.0,0.0,5.678E-4,4.358E-4,0.001416,0.9947,2.089E-4,3.307E-4,7.759E-4,4.006E-4,0.001171,0.0,0.02269,0.001554,0.001646,0.001406,0.1646,0.002557,5.122E-4,2.666E-4,7.138E-4,3.313E-4,
0.0,1209.0,125.0,141.6,101.8,0.5546,3.741,2.101,0.7417,1.656,0.2011,0.0,344.4,0.1387,1.563,0.1345,0.1394,0.2755,0.2411,0.3434,1.563,10.69,0.0,344.4,0.1387,1.563,0.1345,0.1394,0.2755,0.2411,0.3434,1.563,10.69,0.0,0.0,0.0,0.0,0.0,0.0,0.0,0.0,0.0,0.0,0.0,0.0,0.0,316.0,78.49,35.55,1046.0,238.8,8.635,2.995,25.07,9.531,0.0,130.9,14.08,9.048,51.0,29.07,0.2478,0.0105,0.04646,0.04315,0.05813,0.0,0.0,0.0,0.0,0.0,0.0,0.0,0.0,0.0,0.0,0.0,0.0,0.0,0.0,0.0,0.0,0.0,0.0,0.0,0.0,0.0,0.0,0.0,0.0,0.0,0.0,0.0,0.0,0.0,0.0,0.0,0.0,0.0,0.0,0.0,4.7E-4,0.0,126800.0,154800.0,111400.0,109100.0,3.973E7,34960.0,30900.0,40650.0,30050.0,47510.0,0.0,4.163E-38,1.785E-38,8.828E-38,4.627E-38,6.153E-39,2.064E-39,6.986E-40,2.462E-40,6.362E-40,2.329E-40,2.08E-35,0.0,0.3468,0.7104,1.444,0.7488,0.06241,0.02996,0.01278,0.005495,0.01412,0.002924,0.0,0.0,5.678E-4,4.358E-4,0.001416,0.9947,2.089E-4,3.307E-4,7.759E-4,4.006E-4,0.001171,0.0,0.02269,0.001549,0.001638,0.001413,0.1646,0.002485,5.863E-4,2.551E-4,7.143E-4,3.295E-4,
0.0,1209.0,123.6,141.8,101.1,0.5532,3.683,2.189,0.7424,1.656,0.2032,0.0,344.4,0.1009,1.57,0.1343,0.161,0.2742,0.2414,0.3434,1.312,10.94,0.0,344.4,0.1009,1.57,0.1343,0.161,0.2742,0.2414,0.3434,1.312,10.94,0.0,0.0,0.0,0.0,0.0,0.0,0.0,0.0,0.0,0.0,0.0,0.0,0.0,315.4,79.96,33.19,1047.0,235.2,8.706,2.957,24.69,9.467,0.0,130.9,12.82,10.77,65.31,15.27,0.2485,0.01156,0.03655,0.03906,0.04332,0.0,0.0,0.0,0.0,0.0,0.0,0.0,0.0,0.0,0.0,0.0,0.0,0.0,0.0,0.0,0.0,0.0,0.0,0.0,0.0,0.0,0.0,0.0,0.0,0.0,0.0,0.0,0.0,0.0,0.0,0.0,0.0,0.0,0.0,0.0,7.268E-4,0.0,126800.0,148700.0,290600.0,65400.0,3.856E7,160100.0,59850.0,42250.0,46560.0,52010.0,0.0,4.163E-38,1.384E-38,8.695E-38,4.836E-38,5.712E-39,1.951E-39,7.145E-40,2.36E-40,6.154E-40,2.266E-40,2.08E-35,0.0,0.3468,0.6902,1.443,0.7656,0.05967,0.02942,0.01323,0.005482,0.01406,0.002907,0.0,0.0,6.376E-4,0.005839,3.724E-4,0.9843,0.004074,0.001411,8.926E-4,0.001029,0.001403,0.0,0.02269,0.001586,0.002416,0.001282,0.163,0.003005,7.443E-4,2.688E-4,8.078E-4,3.474E-4,
0.0,1209.0,123.8,140.9,101.1,2.381,4.346,1.44,0.7043,1.83,0.1899,0.0,344.4,0.1121,1.549,0.1443,0.1589,0.2759,0.2279,0.3432,1.569,10.7,0.0,344.4,0.1121,1.549,0.1443,0.1589,0.2759,0.2279,0.3432,1.569,10.7,0.0,0.0,0.0,0.0,0.0,0.0,0.0,0.0,0.0,0.0,0.0,0.0,0.0,317.7,84.06,36.91,1029.0,232.5,9.108,2.647,24.49,9.731,0.0,130.9,12.77,8.541,62.04,19.3,0.1985,0.01378,0.04126,0.03815,0.03508,0.0,0.0,0.0,0.0,0.0,0.0,0.0,0.0,0.0,0.0,0.0,0.0,0.0,0.0,0.0,0.0,0.0,0.0,0.0,0.0,0.0,0.0,0.0,0.0,0.0,0.0,0.0,0.0,0.0,0.0,0.0,0.0,0.0,0.0,0.0,1.0E-4,0.0,126800.0,155900.0,171400.0,92930.0,3.639E7,45100.0,56370.0,37880.0,43070.0,49350.0,0.0,4.163E-38,1.461E-38,8.634E-38,4.665E-38,6.283E-39,2.329E-39,3.493E-40,1.913E-40,9.907E-40,1.465E-40,2.08E-35,0.0,0.3468,0.6952,1.428,0.7508,0.08095,0.03439,0.008268,0.005125,0.01705,0.002393,0.0,0.0,6.44E-4,6.584E-4,3.762E-4,0.9928,7.814E-4,0.001425,9.015E-4,0.001039,0.001417,0.0,0.02269,0.001659,0.002029,0.001443,0.1631,0.002515,7.558E-4,2.553E-4,8.151E-4,3.478E-4,
0.0,1209.0,123.4,141.8,103.2,0.5554,3.487,1.437,0.7052,1.837,0.1979,0.0,344.4,0.105,1.586,0.1316,0.1424,0.2712,0.2278,0.3432,1.757,10.51,0.0,344.4,0.105,1.586,0.1316,0.1424,0.2712,0.2278,0.3432,1.757,10.51,0.0,0.0,0.0,0.0,0.0,0.0,0.0,0.0,0.0,0.0,0.0,0.0,0.0,316.8,79.1,33.0,1043.0,232.6,9.192,2.826,24.68,9.793,0.0,131.3,12.42,12.32,62.67,14.66,0.114,0.01137,0.02468,0.0252,0.02701,0.0,0.0,0.0,0.0,0.0,0.0,0.0,0.0,0.0,0.0,0.0,0.0,0.0,0.0,0.0,0.0,0.0,0.0,0.0,0.0,0.0,0.0,0.0,0.0,0.0,0.0,0.0,0.0,0.0,0.0,0.0,0.0,0.0,0.0,0.0,1.0E-4,0.0,127400.0,151700.0,119000.0,59650.0,3.447E7,43630.0,56130.0,38220.0,43240.0,49350.0,0.0,4.191E-38,1.437E-38,8.752E-38,4.719E-38,4.488E-39,1.733E-39,3.472E-40,1.8079999999999999E-40,9.433E-40,1.45E-40,2.08E-35,0.0,0.3494,0.6902,1.451,0.7673,0.04772,0.02778,0.008247,0.005046,0.01704,0.002394,0.0,0.0,6.831E-4,6.983E-4,3.99E-4,0.9923,8.289E-4,0.001511,9.563E-4,0.001102,0.001503,0.0,0.02271,0.001675,0.001744,0.001286,0.1635,0.002511,7.694E-4,2.69E-4,8.246E-4,3.628E-4,
0.0,1209.0,118.8,142.6,104.8,0.6383,3.501,1.435,0.7062,1.416,0.1928,0.0,344.4,0.09827,1.591,0.1325,0.1396,0.2713,0.2279,0.3436,1.706,10.57,0.0,344.4,0.09827,1.591,0.1325,0.1396,0.2713,0.2279,0.3436,1.706,10.57,0.0,0.0,0.0,0.0,0.0,0.0,0.0,0.0,0.0,0.0,0.0,0.0,0.0,314.3,81.62,32.94,1045.0,232.7,9.287,2.806,24.78,9.907,0.0,131.3,14.04,10.03,64.08,15.66,0.1003,0.01215,0.02387,0.02267,0.02231,0.0,0.0,0.0,0.0,0.0,0.0,0.0,0.0,0.0,0.0,0.0,0.0,0.0,0.0,0.0,0.0,0.0,0.0,0.0,0.0,0.0,0.0,0.0,0.0,0.0,0.0,0.0,0.0,0.0,0.0,0.0,0.0,0.0,0.0,0.0,1.0E-4,0.0,127400.0,138700.0,113500.0,57270.0,3.226E7,43320.0,57480.0,38470.0,44070.0,51130.0,0.0,4.191E-38,1.381E-38,8.794E-38,4.717E-38,4.3229999999999997E-39,1.6979999999999998E-39,3.445E-40,1.729E-40,6.274E-40,1.371E-40,2.08E-35,0.0,0.3494,0.6626,1.474,0.7735,0.04667,0.02777,0.008223,0.005022,0.01277,0.002294,0.0,0.0,7.633E-4,7.803E-4,4.458E-4,0.9914,9.261E-4,0.001689,0.001068,0.001231,0.001679,0.0,0.02271,0.001625,0.001745,0.001299,0.1633,0.002527,7.892E-4,2.81E-4,8.455E-4,3.826E-4,
0.0,1209.0,109.6,150.0,104.3,0.5936,3.019,1.44,0.6552,1.373,0.188,0.0,344.4,0.0933,1.583,0.131,0.1512,0.2697,0.2239,0.3415,1.069,11.21,0.0,344.4,0.0933,1.583,0.131,0.1512,0.2697,0.2239,0.3415,1.069,11.21,0.0,0.0,0.0,0.0,0.0,0.0,0.0,0.0,0.0,0.0,0.0,0.0,0.0,321.5,76.91,33.44,1035.0,232.9,9.401,3.241,24.4,9.73,0.0,131.3,14.27,11.29,65.18,15.02,0.491,0.01267,0.02384,0.02152,0.01973,0.0,0.0,0.0,0.0,0.0,0.0,0.0,0.0,0.0,0.0,0.0,0.0,0.0,0.0,0.0,0.0,0.0,0.0,0.0,0.0,0.0,0.0,0.0,0.0,0.0,0.0,0.0,0.0,0.0,0.0,0.0,0.0,0.0,0.0,0.0,1.001E-4,0.0,129600.0,138900.0,115900.0,57900.0,3.033E7,40670.0,56790.0,38870.0,44110.0,50400.0,0.0,4.191E-38,1.244E-38,8.796E-38,4.786E-38,4.491E-39,1.615E-39,3.452E-40,1.209E-40,5.675E-40,1.319E-40,2.08E-35,0.0,0.3494,0.6087,1.52,0.78,0.04676,0.02667,0.008254,0.004579,0.01235,0.002223,0.0,0.0,8.034E-4,8.213E-4,4.693E-4,0.991,9.748E-4,0.001777,0.001125,0.001296,0.001767,0.0,0.02273,0.001646,0.00177,0.001321,0.1628,0.00252,8.036E-4,2.945E-4,8.661E-4,3.878E-4,
0.0,1198.0,112.8,160.7,105.5,0.3397,2.993,1.439,0.6567,1.373,0.2049,0.0,344.4,0.09528,1.6,0.1176,0.1616,0.3566,0.224,0.3437,1.375,10.8,0.0,344.4,0.09528,1.6,0.1176,0.1616,0.3566,0.224,0.3437,1.375,10.8,0.0,0.0,0.0,0.0,0.0,0.0,0.0,0.0,0.0,0.0,0.0,0.0,0.0,325.2,76.0,31.92,1049.0,207.0,8.831,3.158,22.02,26.71,0.0,127.7,11.81,10.47,64.94,16.75,0.5034,0.01282,0.0229,0.02096,0.02358,0.0,0.0,0.0,0.0,0.0,0.0,0.0,0.0,0.0,0.0,0.0,0.0,0.0,0.0,0.0,0.0,0.0,0.0,0.0,0.0,0.0,0.0,0.0,0.0,0.0,0.0,0.0,0.0,0.0,0.0,0.0,0.0,0.0,0.0,0.0,1.002E-4,0.0,129600.0,136900.0,113200.0,56900.0,2.906E7,46740.0,54430.0,37230.0,42510.0,49470.0,0.0,3.437E-38,1.231E-38,8.797E-38,4.744E-38,4.388E-39,1.573E-39,3.4359999999999998E-40,1.191E-40,5.355E-40,1.508E-40,2.08E-35,0.0,0.2866,0.6066,1.577,0.7783,0.04777,0.02645,0.008249,0.004582,0.01233,0.002363,0.0,0.0,8.034E-4,8.213E-4,4.693E-4,0.991,9.748E-4,0.001777,0.001125,0.001296,0.001767,0.0,0.02269,0.001676,0.001776,0.001327,0.1628,0.002493,8.032E-4,2.958E-4,8.633E-4,4.312E-4,
0.0,1198.0,110.5,161.8,106.4,0.3299,2.982,1.457,1.096,0.9251,0.1844,0.0,344.4,0.09444,1.587,0.1171,0.1484,0.1947,0.227,0.499,1.365,10.83,0.0,344.4,0.09444,1.587,0.1171,0.1484,0.1947,0.227,0.499,1.365,10.83,0.0,0.0,0.0,0.0,0.0,0.0,0.0,0.0,0.0,0.0,0.0,0.0,0.0,333.5,74.93,32.74,1054.0,222.8,9.481,15.49,9.742,6.931,0.0,134.5,11.71,9.473,57.38,16.97,0.5291,0.01338,0.02292,0.02085,0.01944,0.0,0.0,0.0,0.0,0.0,0.0,0.0,0.0,0.0,0.0,0.0,0.0,0.0,0.0,0.0,0.0,0.0,0.0,0.0,0.0,0.0,0.0,0.0,0.0,0.0,0.0,0.0,0.0,0.0,0.0,0.0,0.0,0.0,0.0,0.0,1.0E-4,0.0,131800.0,136800.0,115100.0,54660.0,2.906E7,47820.0,54470.0,37970.0,41900.0,48830.0,0.0,3.5E-38,1.226E-38,8.706E-38,4.655E-38,4.435E-39,1.578E-39,3.523E-40,3.358E-40,2.8199999999999998E-40,1.28E-40,2.08E-35,0.0,0.2989,0.5957,1.572,0.7696,0.04753,0.02656,0.008434,0.008951,0.007846,0.002193,0.0,0.0,8.034E-4,8.213E-4,4.693E-4,0.991,9.748E-4,0.001777,0.001125,0.001296,0.001767,0.0,0.02271,0.001694,0.001762,0.001308,0.1627,0.002519,8.057E-4,4.065E-4,7.527E-4,3.965E-4,
0.0,1198.0,109.4,160.7,103.4,0.3032,3.025,1.465,1.088,0.9283,0.1872,0.0,344.4,0.09133,1.584,0.1248,0.1443,0.1964,0.2281,0.499,1.464,10.73,0.0,344.4,0.09133,1.584,0.1248,0.1443,0.1964,0.2281,0.499,1.464,10.73,0.0,0.0,0.0,0.0,0.0,0.0,0.0,0.0,0.0,0.0,0.0,0.0,0.0,336.7,75.78,33.75,1037.0,232.5,10.14,15.43,11.71,9.762,0.0,134.5,11.05,11.74,59.9,17.87,0.4976,0.01358,0.02283,0.02052,0.01873,0.0,0.0,0.0,0.0,0.0,0.0,0.0,0.0,0.0,0.0,0.0,0.0,0.0,0.0,0.0,0.0,0.0,0.0,0.0,0.0,0.0,0.0,0.0,0.0,0.0,0.0,0.0,0.0,0.0,0.0,0.0,0.0,0.0,0.0,0.0,5.865E-4,0.0,131800.0,137800.0,115000.0,58480.0,2.99E7,47110.0,55700.0,39010.0,43120.0,50100.0,0.0,3.5E-38,1.2E-38,8.658E-38,4.674E-38,4.4129999999999997E-39,1.577E-39,3.55E-40,3.183E-40,2.744E-40,1.2939999999999999E-40,2.08E-35,0.0,0.2989,0.5869,1.575,0.7749,0.04732,0.02664,0.008506,0.008907,0.007843,0.002209,0.0,0.0,8.034E-4,8.213E-4,4.693E-4,0.991,9.748E-4,0.001777,0.001125,0.001296,0.001767,0.0,0.02271,0.001689,0.001773,0.001324,0.1628,0.002532,8.085E-4,4.107E-4,7.561E-4,3.95E-4,
0.0,1198.0,108.8,159.5,112.5,2.194,3.059,1.475,1.085,0.9327,0.1903,0.0,344.4,0.09156,1.578,0.1259,0.1493,0.196,0.2284,0.4988,1.463,10.73,0.0,344.4,0.09156,1.578,0.1259,0.1493,0.196,0.2284,0.4988,1.463,10.73,0.0,0.0,0.0,0.0,0.0,0.0,0.0,0.0,0.0,0.0,0.0,0.0,0.0,339.2,86.52,36.87,1022.0,231.5,10.2,15.13,11.76,10.02,0.0,134.5,12.19,10.23,52.25,15.88,0.4375,0.01354,0.02261,0.01903,0.01629,0.0,0.0,0.0,0.0,0.0,0.0,0.0,0.0,0.0,0.0,0.0,0.0,0.0,0.0,0.0,0.0,0.0,0.0,0.0,0.0,0.0,0.0,0.0,0.0,0.0,0.0,0.0,0.0,0.0,0.0,0.0,0.0,0.0,0.0,0.0,5.122E-4,0.0,131900.0,138900.0,194800.0,65950.0,3.111E7,45400.0,57420.0,39040.0,43900.0,52170.0,0.0,3.5E-38,1.204E-38,8.494E-38,4.6569999999999997E-38,5.612E-39,1.571E-39,3.567E-40,3.021E-40,2.682E-40,1.29E-40,2.08E-35,0.0,0.2989,0.584,1.548,0.7759,0.0718,0.02658,0.008571,0.008931,0.007885,0.002215,0.0,0.0,8.034E-4,8.213E-4,4.693E-4,0.991,9.748E-4,0.001777,0.001125,0.001296,0.001767,0.0,0.02271,0.001678,0.002281,0.001359,0.1622,0.002496,8.106E-4,3.956E-4,7.523E-4,3.932E-4,
0.0,1198.0,108.9,156.7,113.9,0.2582,4.216,1.4,1.125,0.9326,0.204,0.0,344.4,0.115,1.55,0.1486,0.1327,0.2561,0.2298,0.4336,1.015,11.18,0.0,344.4,0.115,1.55,0.1486,0.1327,0.2561,0.2298,0.4336,1.015,11.18,0.0,0.0,0.0,0.0,0.0,0.0,0.0,0.0,0.0,0.0,0.0,0.0,0.0,341.8,75.51,36.28,1039.0,231.0,9.645,15.75,11.94,10.04,0.0,136.6,11.67,10.68,54.87,12.18,0.3862,0.0113,0.01047,0.01025,0.01221,0.0,0.0,0.0,0.0,0.0,0.0,0.0,0.0,0.0,0.0,0.0,0.0,0.0,0.0,0.0,0.0,0.0,0.0,0.0,0.0,0.0,0.0,0.0,0.0,0.0,0.0,0.0,0.0,0.0,0.0,0.0,0.0,0.0,0.0,0.0,4.828E-4,0.0,132100.0,143900.0,116000.0,50810.0,3.259E7,45460.0,60120.0,41750.0,46500.0,54750.0,0.0,3.517E-38,1.346E-38,8.527E-38,4.514E-38,3.924E-39,2.2239999999999998E-39,3.29E-40,2.939E-40,2.535E-40,1.381E-40,2.08E-35,0.0,0.3008,0.5954,1.558,0.7777,0.03771,0.03149,0.008129,0.009083,0.007816,0.002292,0.0,0.0,8.034E-4,8.213E-4,4.693E-4,0.991,9.748E-4,0.001777,0.001125,0.001296,0.001767,0.0,0.02272,0.0017,0.001749,0.001282,0.1628,0.002478,8.075E-4,3.893E-4,7.622E-4,4.121E-4,
0.0,1200.0,122.4,142.1,117.3,0.2336,3.353,1.309,1.127,0.9353,0.2026,0.0,344.4,0.1446,1.542,0.1269,0.1327,0.2615,0.2231,0.4352,1.569,10.63,0.0,344.4,0.1446,1.542,0.1269,0.1327,0.2615,0.2231,0.4352,1.569,10.63,0.0,0.0,0.0,0.0,0.0,0.0,0.0,0.0,0.0,0.0,0.0,0.0,0.0,330.3,92.56,36.9,1036.0,231.8,9.643,15.74,11.93,10.04,0.0,136.6,12.24,9.702,50.85,12.17,0.3551,0.01128,0.009834,0.009376,0.0111,0.0,0.0,0.0,0.0,0.0,0.0,0.0,0.0,0.0,0.0,0.0,0.0,0.0,0.0,0.0,0.0,0.0,0.0,0.0,0.0,0.0,0.0,0.0,0.0,0.0,0.0,0.0,0.0,0.0,0.0,0.0,0.0,0.0,0.0,0.0,1.0E-4,0.0,132100.0,142500.0,113400.0,51760.0,3.417E7,48500.0,60550.0,43350.0,48450.0,57630.0,0.0,3.675E-38,1.622E-38,8.154E-38,4.471E-38,3.924E-39,1.439E-39,2.971E-40,2.795E-40,2.451E-40,1.371E-40,2.08E-35,0.0,0.3146,0.6728,1.461,0.7817,0.03771,0.0277,0.007607,0.009097,0.007817,0.002284,0.0,0.0,8.034E-4,8.213E-4,4.693E-4,0.991,9.748E-4,0.001777,0.001125,0.001296,0.001767,0.0,0.02273,0.00165,0.001755,0.00129,0.1628,0.00274,5.537E-4,3.942E-4,7.614E-4,4.08E-4,
0.0,1200.0,100.8,161.3,123.2,0.2061,3.586,1.31,1.312,0.8318,0.2018,0.0,344.4,0.1096,1.584,0.1177,0.1327,0.2615,0.2972,0.3855,2.371,9.8,0.0,344.4,0.1096,1.584,0.1177,0.1327,0.2615,0.2972,0.3855,2.371,9.8,0.0,0.0,0.0,0.0,0.0,0.0,0.0,0.0,0.0,0.0,0.0,0.0,0.0,343.9,82.77,37.04,1036.0,231.9,9.624,19.53,7.995,10.08,0.0,137.4,12.98,9.832,44.67,12.19,0.3337,0.01128,0.009604,0.009065,0.01072,0.0,0.0,0.0,0.0,0.0,0.0,0.0,0.0,0.0,0.0,0.0,0.0,0.0,0.0,0.0,0.0,0.0,0.0,0.0,0.0,0.0,0.0,0.0,0.0,0.0,0.0,0.0,0.0,0.0,0.0,0.0,0.0,0.0,0.0,0.0,1.0E-4,0.0,132800.0,142600.0,108200.0,49480.0,3.588E7,49860.0,63550.0,45310.0,50710.0,60720.0,0.0,3.731E-38,1.274E-38,8.414E-38,4.43E-38,3.923E-39,1.48E-39,2.961E-40,3.232E-40,1.988E-40,1.3649999999999999E-40,2.08E-35,0.0,0.3198,0.5532,1.571,0.7809,0.0377,0.02845,0.007609,0.01058,0.006607,0.002284,0.0,0.0,8.034E-4,8.213E-4,4.693E-4,0.991,9.748E-4,0.001777,0.001125,0.001296,0.001767,0.0,0.02274,0.001676,0.001725,0.001286,0.1627,0.002772,5.238E-4,3.899E-4,7.671E-4,4.023E-4,
0.0,1200.0,97.33,154.1,125.0,1.35,3.703,1.31,1.266,0.8107,0.1999,0.0,344.4,0.1264,1.53,0.1378,0.1384,0.2645,0.2973,0.3855,2.803,9.367,0.0,344.4,0.1264,1.53,0.1378,0.1384,0.2645,0.2973,0.3855,2.803,9.367,0.0,0.0,0.0,0.0,0.0,0.0,0.0,0.0,0.0,0.0,0.0,0.0,0.0,343.5,90.8,37.9,1036.0,232.4,9.624,19.53,7.995,10.08,0.0,137.4,15.47,10.22,41.59,12.5,1.246,0.01129,0.009515,0.008942,0.01056,0.0,0.0,0.0,0.0,0.0,0.0,0.0,0.0,0.0,0.0,0.0,0.0,0.0,0.0,0.0,0.0,0.0,0.0,0.0,0.0,0.0,0.0,0.0,0.0,0.0,0.0,0.0,0.0,0.0,0.0,0.0,0.0,0.0,0.0,0.0,1.0E-4,0.0,132800.0,141700.0,104400.0,49440.0,3.674E7,50690.0,65270.0,46460.0,51920.0,62140.0,0.0,3.731E-38,1.374E-38,8.115E-38,4.452E-38,4.014E-39,1.822E-39,2.947E-40,2.954E-40,1.909E-40,1.357E-40,2.08E-35,0.0,0.3198,0.5683,1.515,0.7767,0.042,0.03389,0.007612,0.0104,0.006523,0.002278,0.0,0.0,8.034E-4,8.213E-4,4.693E-4,0.991,9.748E-4,0.001777,0.001125,0.001296,0.001767,0.0,0.02274,0.001627,0.001723,0.001313,0.1627,0.002785,5.249E-4,3.898E-4,7.677E-4,4.01E-4,
0.0,1204.0,95.83,155.4,105.8,1.346,3.336,1.102,1.084,0.5252,0.198,0.0,344.5,0.1183,1.601,0.1391,0.1276,0.3049,0.2907,0.3988,2.845,9.217,0.0,344.5,0.1183,1.601,0.1391,0.1276,0.3049,0.2907,0.3988,2.845,9.217,0.0,0.0,0.0,0.0,0.0,0.0,0.0,0.0,0.0,0.0,0.0,0.0,0.0,348.8,87.33,38.84,1034.0,232.5,9.613,19.52,7.987,10.07,0.0,138.1,13.61,11.3,58.3,12.92,0.1623,0.01194,0.01027,0.009879,0.01415,0.0,0.0,0.0,0.0,0.0,0.0,0.0,0.0,0.0,0.0,0.0,0.0,0.0,0.0,0.0,0.0,0.0,0.0,0.0,0.0,0.0,0.0,0.0,0.0,0.0,0.0,0.0,0.0,0.0,0.0,0.0,0.0,0.0,0.0,0.0,0.001069,0.0,133200.0,138700.0,84010.0,53230.0,3.413E7,49100.0,60760.0,43790.0,48620.0,57510.0,0.0,4.082E-38,1.311E-38,8.046E-38,4.228E-38,3.849E-39,1.1459999999999999E-39,2.904E-40,2.911E-40,1.885E-40,1.349E-40,2.08E-35,0.0,0.3456,0.5527,1.516,0.7723,0.03893,0.02565,0.00675,0.009629,0.005318,0.002275,0.0,0.0,8.034E-4,8.213E-4,4.693E-4,0.991,9.748E-4,0.001777,0.001125,0.001296,0.001767,0.0,0.02277,0.001629,0.001666,0.0013,0.1627,0.002772,5.259E-4,3.912E-4,7.681E-4,4.008E-4,
0.0,1208.0,97.33,152.5,108.2,1.353,3.338,1.102,1.084,0.5279,0.1991,0.0,344.5,0.1276,1.588,0.1396,0.1271,0.3048,0.2915,0.3994,2.744,9.316,0.0,344.5,0.1276,1.588,0.1396,0.1271,0.3048,0.2915,0.3994,2.744,9.316,0.0,0.0,0.0,0.0,0.0,0.0,0.0,0.0,0.0,0.0,0.0,0.0,0.0,350.5,87.59,39.15,1032.0,232.6,9.611,19.51,7.982,10.07,0.0,139.8,12.73,8.519,55.02,12.86,0.1553,0.01152,0.009687,0.009147,0.01151,0.0,0.0,0.0,0.0,0.0,0.0,0.0,0.0,0.0,0.0,0.0,0.0,0.0,0.0,0.0,0.0,0.0,0.0,0.0,0.0,0.0,0.0,0.0,0.0,0.0,0.0,0.0,0.0,0.0,0.0,0.0,0.0,0.0,0.0,0.0,8.193E-4,0.0,133600.0,138600.0,80600.0,51650.0,3.329E7,47740.0,59390.0,43160.0,47650.0,55750.0,0.0,4.419E-38,1.375E-38,7.75E-38,4.077E-38,3.8089999999999996E-39,1.134E-39,2.8909999999999998E-40,2.772E-40,1.858E-40,1.341E-40,2.08E-35,0.0,0.3741,0.5638,1.478,0.7679,0.03854,0.02562,0.006742,0.009633,0.005319,0.002269,0.0,0.0,8.034E-4,8.213E-4,4.693E-4,0.991,9.748E-4,0.001777,0.001125,0.001296,0.001767,0.0,0.02281,0.001614,0.00165,0.001288,0.1627,0.002762,5.276E-4,3.928E-4,7.711E-4,3.961E-4,
0.0,1209.0,97.12,149.0,101.4,3.007,3.215,1.224,1.118,0.514,0.1996,0.0,344.5,0.1234,1.592,0.1188,0.1438,0.3045,0.2915,0.4033,2.682,9.374,0.0,344.5,0.1234,1.592,0.1188,0.1438,0.3045,0.2915,0.4033,2.682,9.374,0.0,0.0,0.0,0.0,0.0,0.0,0.0,0.0,0.0,0.0,0.0,0.0,0.0,322.1,88.61,39.78,1066.0,232.6,9.611,19.51,7.982,10.07,0.0,139.8,15.72,5.96,60.07,12.86,0.1532,0.01145,0.009554,0.008975,0.01091,0.0,0.0,0.0,0.0,0.0,0.0,0.0,0.0,0.0,0.0,0.0,0.0,0.0,0.0,0.0,0.0,0.0,0.0,0.0,0.0,0.0,0.0,0.0,0.0,0.0,0.0,0.0,0.0,0.0,0.0,0.0,0.0,0.0,0.0,0.0,1.001E-4,0.0,133800.0,138200.0,79340.0,51620.0,3.358E7,47580.0,59950.0,43780.0,48150.0,55920.0,0.0,4.572E-38,1.375E-38,7.582E-38,3.884E-38,5.156E-39,1.104E-39,3.0829999999999998E-40,2.682E-40,1.815E-40,1.331E-40,2.08E-35,0.0,0.3847,0.5678,1.45,0.7577,0.05317,0.02512,0.007217,0.009769,0.005264,0.002268,0.0,0.0,8.034E-4,8.213E-4,4.693E-4,0.991,9.748E-4,0.001777,0.001125,0.001296,0.001767,0.0,0.02283,0.001501,0.001647,0.001278,0.1628,0.002748,5.276E-4,3.935E-4,7.718E-4,3.946E-4,
0.0,1215.0,97.43,148.1,102.4,1.866,3.578,1.195,1.084,0.4728,0.2007,0.0,344.5,0.1171,1.596,0.1188,0.1437,0.3051,0.2913,0.4935,2.653,9.313,0.0,344.5,0.1171,1.596,0.1188,0.1437,0.3051,0.2913,0.4935,2.653,9.313,0.0,0.0,0.0,0.0,0.0,0.0,0.0,0.0,0.0,0.0,0.0,0.0,0.0,320.0,92.97,39.43,1066.0,232.8,9.611,19.51,7.982,10.07,0.0,144.0,16.1,5.797,50.2,12.7,0.1503,0.01146,0.0095,0.008901,0.01068,0.0,0.0,0.0,0.0,0.0,0.0,0.0,0.0,0.0,0.0,0.0,0.0,0.0,0.0,0.0,0.0,0.0,0.0,0.0,0.0,0.0,0.0,0.0,0.0,0.0,0.0,0.0,0.0,0.0,0.0,0.0,0.0,0.0,0.0,0.0,1.001E-4,0.0,134700.0,139900.0,79700.0,50380.0,3.452E7,47830.0,61670.0,45160.0,49420.0,57310.0,0.0,4.776E-38,1.279E-38,7.633E-38,3.698E-38,4.9699999999999996E-39,1.107E-39,3.065E-40,2.553E-40,1.767E-40,1.327E-40,2.08E-35,0.0,0.428,0.5558,1.457,0.718,0.05064,0.02875,0.006948,0.009439,0.00485,0.002272,0.0,0.0,8.034E-4,8.213E-4,4.693E-4,0.991,9.748E-4,0.001777,0.001125,0.001296,0.001767,0.0,0.02289,0.001491,0.001647,0.001216,0.1626,0.002748,5.227E-4,3.94E-4,7.692E-4,3.953E-4,
0.0,1215.0,96.11,147.4,109.8,1.864,3.581,1.195,1.085,0.4727,0.2005,0.0,344.5,0.1076,1.599,0.1234,0.1393,0.3051,0.2914,0.3982,2.387,9.675,0.0,344.5,0.1076,1.599,0.1234,0.1393,0.3051,0.2914,0.3982,2.387,9.675,0.0,0.0,0.0,0.0,0.0,0.0,0.0,0.0,0.0,0.0,0.0,0.0,0.0,322.1,95.2,40.05,1060.0,232.8,9.607,19.5,7.971,10.07,0.0,144.0,15.15,7.36,42.76,12.73,0.1463,0.01148,0.00939,0.008748,0.01042,0.0,0.0,0.0,0.0,0.0,0.0,0.0,0.0,0.0,0.0,0.0,0.0,0.0,0.0,0.0,0.0,0.0,0.0,0.0,0.0,0.0,0.0,0.0,0.0,0.0,0.0,0.0,0.0,0.0,0.0,0.0,0.0,0.0,0.0,0.0,1.0E-4,0.0,134700.0,141400.0,80630.0,51210.0,3.594E7,48240.0,64210.0,47120.0,51350.0,59510.0,0.0,4.834E-38,1.225E-38,7.62E-38,3.619E-38,5.017E-39,1.1009999999999999E-39,3.0569999999999998E-40,2.446E-40,1.74E-40,1.3199999999999999E-40,2.08E-35,0.0,0.432,0.5392,1.472,0.7098,0.0492,0.02875,0.006951,0.00944,0.004847,0.00227,0.0,0.0,8.034E-4,8.213E-4,4.693E-4,0.991,9.748E-4,0.001777,0.001125,0.001296,0.001767,0.0,0.0229,0.001492,0.001646,0.001214,0.1628,0.002743,5.235E-4,3.956E-4,7.7E-4,3.93E-4,
0.0,1207.0,108.8,150.0,105.6,1.877,4.517,0.4037,1.001,0.4679,0.2022,0.0,344.5,0.1088,1.591,0.1239,0.1395,0.3143,0.282,0.3979,2.211,9.85,0.0,344.5,0.1088,1.591,0.1239,0.1395,0.3143,0.282,0.3979,2.211,9.85,0.0,0.0,0.0,0.0,0.0,0.0,0.0,0.0,0.0,0.0,0.0,0.0,0.0,320.5,99.68,40.3,1061.0,239.0,3.526,19.05,8.009,10.07,0.0,140.7,13.62,6.837,43.92,13.89,0.1328,0.01124,0.009318,0.008693,0.01032,0.0,0.0,0.0,0.0,0.0,0.0,0.0,0.0,0.0,0.0,0.0,0.0,0.0,0.0,0.0,0.0,0.0,0.0,0.0,0.0,0.0,0.0,0.0,0.0,0.0,0.0,0.0,0.0,0.0,0.0,0.0,0.0,0.0,0.0,0.0,1.0E-4,0.0,134700.0,141600.0,81210.0,56610.0,3.719E7,52700.0,63110.0,47830.0,52860.0,62130.0,0.0,4.18E-38,1.263E-38,7.521E-38,3.498E-38,5.767E-39,1.39E-39,4.676999999999999E-41,2.11E-40,1.717E-40,1.316E-40,2.08E-35,0.0,0.3722,0.6041,1.461,0.7053,0.05609,0.03411,0.002497,0.009027,0.00484,0.002272,0.0,0.0,8.034E-4,8.213E-4,4.693E-4,0.991,9.748E-4,0.001777,0.001125,0.001296,0.001767,0.0,0.02288,0.00147,0.001672,0.001236,0.1628,0.002898,3.665E-4,3.891E-4,7.709E-4,3.916E-4,
0.0,1207.0,109.0,146.2,108.4,0.7833,4.475,0.4013,0.9836,0.4798,0.1969,0.0,344.5,0.1364,1.562,0.11,0.1398,0.2836,0.2858,0.4484,2.16,9.892,0.0,344.5,0.1364,1.562,0.11,0.1398,0.2836,0.2858,0.4484,2.16,9.892,0.0,0.0,0.0,0.0,0.0,0.0,0.0,0.0,0.0,0.0,0.0,0.0,0.0,321.4,99.58,40.38,1061.0,239.2,3.43,18.47,8.57,10.11,0.0,140.8,13.38,9.688,42.65,13.93,0.2008,0.01122,0.009293,0.008676,0.01028,0.0,0.0,0.0,0.0,0.0,0.0,0.0,0.0,0.0,0.0,0.0,0.0,0.0,0.0,0.0,0.0,0.0,0.0,0.0,0.0,0.0,0.0,0.0,0.0,0.0,0.0,0.0,0.0,0.0,0.0,0.0,0.0,0.0,0.0,0.0,1.0E-4,0.0,135000.0,140000.0,86010.0,54780.0,3.876E7,53710.0,65970.0,49440.0,54820.0,65130.0,0.0,4.18E-38,1.366E-38,7.384E-38,3.537E-38,5.1039999999999995E-39,1.412E-39,4.5359999999999995E-41,1.964E-40,1.671E-40,1.2429999999999999E-40,2.08E-35,0.0,0.3722,0.6136,1.449,0.7131,0.05001,0.03446,0.002464,0.008835,0.004956,0.002227,0.0,0.0,8.034E-4,8.213E-4,4.693E-4,0.991,9.748E-4,0.001777,0.001125,0.001296,0.001767,0.0,0.02291,0.001481,0.001676,0.001237,0.1628,0.002876,3.671E-4,3.966E-4,7.596E-4,3.931E-4,
0.0,1207.0,107.5,147.3,110.5,0.4054,4.82,0.4033,0.9902,0.4888,0.2052,0.0,344.5,0.1226,1.567,0.1116,0.139,0.279,0.2983,0.4522,2.558,9.48,0.0,344.5,0.1226,1.567,0.1116,0.139,0.279,0.2983,0.4522,2.558,9.48,0.0,0.0,0.0,0.0,0.0,0.0,0.0,0.0,0.0,0.0,0.0,0.0,0.0,322.6,96.39,38.94,1064.0,244.9,3.435,18.53,8.636,10.19,0.0,140.8,13.41,9.914,37.37,14.74,0.7564,0.01063,0.008554,0.008673,0.01026,0.0,0.0,0.0,0.0,0.0,0.0,0.0,0.0,0.0,0.0,0.0,0.0,0.0,0.0,0.0,0.0,0.0,0.0,0.0,0.0,0.0,0.0,0.0,0.0,0.0,0.0,0.0,0.0,0.0,0.0,0.0,0.0,0.0,0.0,0.0,1.0E-4,0.0,135000.0,137100.0,93310.0,52730.0,4.054E7,65710.0,69080.0,51430.0,57130.0,68330.0,0.0,4.217E-38,1.208E-38,7.463999999999999E-38,3.424E-38,5.0969999999999997E-39,1.7609999999999998E-39,4.5129999999999994E-41,1.9529999999999998E-40,1.708E-40,1.305E-40,2.08E-35,0.0,0.3748,0.6003,1.449,0.7081,0.05087,0.03735,0.002475,0.008888,0.005029,0.002304,0.0,0.0,8.034E-4,8.213E-4,4.693E-4,0.991,9.748E-4,0.001777,0.001125,0.001296,0.001767,0.0,0.02291,0.001461,0.001673,0.001232,0.1628,0.002896,3.698E-4,3.969E-4,7.65E-4,3.909E-4,
0.0,1202.0,115.2,145.9,113.7,0.7238,5.85,0.8281,0.9982,0.4809,0.1939,0.0,344.5,0.1212,1.549,0.1223,0.1433,0.2728,0.2958,0.2902,2.539,9.673,0.0,344.5,0.1212,1.549,0.1223,0.1433,0.2728,0.2958,0.2902,2.539,9.673,0.0,0.0,0.0,0.0,0.0,0.0,0.0,0.0,0.0,0.0,0.0,0.0,0.0,311.4,96.38,41.35,1072.0,241.0,7.016,18.74,8.552,9.932,0.0,138.7,12.48,9.269,32.56,16.26,1.367,0.01074,0.008541,0.008659,0.01025,0.0,0.0,0.0,0.0,0.0,0.0,0.0,0.0,0.0,0.0,0.0,0.0,0.0,0.0,0.0,0.0,0.0,0.0,0.0,0.0,0.0,0.0,0.0,0.0,0.0,0.0,0.0,0.0,0.0,0.0,0.0,0.0,0.0,0.0,0.0,1.0E-4,0.0,135700.0,125300.0,95160.0,54440.0,3.766E7,59490.0,65830.0,48330.0,53390.0,63070.0,0.0,3.83E-38,1.158E-38,7.269999999999999E-38,3.452E-38,6.193E-39,1.8729999999999998E-39,1.858E-40,1.916E-40,1.651E-40,1.276E-40,2.08E-35,0.0,0.3417,0.6307,1.422,0.7133,0.06636,0.04218,0.004905,0.008958,0.004984,0.002211,0.0,0.0,8.034E-4,8.213E-4,4.693E-4,0.991,9.748E-4,0.001777,0.001125,0.001296,0.001767,0.0,0.02292,0.001425,0.001668,0.001249,0.1628,0.002825,4.32E-4,3.981E-4,7.662E-4,3.877E-4,
0.0,1202.0,116.9,145.9,118.8,0.2299,4.3,0.9218,1.01,0.4748,0.2002,0.0,344.5,0.1204,1.542,0.1289,0.1443,0.2745,0.4579,0.3433,1.411,10.58,0.0,344.5,0.1204,1.542,0.1289,0.1443,0.2745,0.4579,0.3433,1.411,10.58,0.0,0.0,0.0,0.0,0.0,0.0,0.0,0.0,0.0,0.0,0.0,0.0,0.0,316.3,94.88,37.82,1063.0,243.2,7.789,18.97,8.321,9.924,0.0,138.7,12.56,9.104,26.77,17.06,1.031,0.01073,0.008562,0.008675,0.01027,0.0,0.0,0.0,0.0,0.0,0.0,0.0,0.0,0.0,0.0,0.0,0.0,0.0,0.0,0.0,0.0,0.0,0.0,0.0,0.0,0.0,0.0,0.0,0.0,0.0,0.0,0.0,0.0,0.0,0.0,0.0,0.0,0.0,0.0,0.0,1.0E-4,0.0,136200.0,124500.0,97930.0,49020.0,3.59E7,63760.0,62760.0,46560.0,51170.0,59860.0,0.0,3.86E-38,1.155E-38,7.191E-38,3.434E-38,6.263E-39,1.9089999999999998E-39,2.168E-40,1.898E-40,1.636E-40,1.3069999999999999E-40,2.08E-35,0.0,0.3438,0.6376,1.419,0.7144,0.06161,0.03698,0.005451,0.009062,0.004927,0.00225,0.0,0.0,8.034E-4,8.213E-4,4.693E-4,0.991,9.748E-4,0.001777,0.001125,0.001296,0.001767,0.0,0.02293,0.001417,0.001675,0.001233,0.1628,0.002819,4.478E-4,3.929E-4,7.632E-4,3.963E-4,
0.0,1203.0,114.0,148.2,122.4,0.1926,4.039,1.104,1.039,0.4786,0.1997,0.0,344.5,0.1307,1.536,0.1318,0.1391,0.3565,0.3831,0.2892,2.272,9.766,0.0,344.5,0.1307,1.536,0.1318,0.1391,0.3565,0.3831,0.2892,2.272,9.766,0.0,0.0,0.0,0.0,0.0,0.0,0.0,0.0,0.0,0.0,0.0,0.0,0.0,320.6,90.7,39.87,1059.0,243.6,8.871,19.63,8.36,9.928,0.0,138.8,12.64,8.556,23.21,17.02,1.256,0.01076,0.00855,0.008658,0.0102,0.0,0.0,0.0,0.0,0.0,0.0,0.0,0.0,0.0,0.0,0.0,0.0,0.0,0.0,0.0,0.0,0.0,0.0,0.0,0.0,0.0,0.0,0.0,0.0,0.0,0.0,0.0,0.0,0.0,0.0,0.0,0.0,0.0,0.0,0.0,8.592E-4,0.0,136500.0,124500.0,93780.0,49170.0,3.412E7,63170.0,60320.0,45090.0,49280.0,56690.0,0.0,3.8759999999999997E-38,1.207E-38,7.173E-38,3.413E-38,5.5099999999999996E-39,1.75E-39,2.805E-40,1.894E-40,1.627E-40,1.299E-40,2.08E-35,0.0,0.345,0.6262,1.431,0.7152,0.05612,0.03495,0.006399,0.009315,0.00494,0.002254,0.0,0.0,8.087E-4,8.267E-4,4.724E-4,0.9909,9.813E-4,0.001789,0.001132,0.001305,0.001779,0.0,0.02295,0.001414,0.001648,0.001245,0.1627,0.002782,4.77E-4,4.015E-4,7.57E-4,4.0E-4,
0.0,1195.0,117.5,152.5,125.6,0.1782,4.042,1.12,1.048,0.4707,0.1997,0.0,344.5,0.1194,1.555,0.1226,0.1395,0.504,0.3214,0.2427,1.121,10.88,0.0,344.5,0.1194,1.555,0.1226,0.1395,0.504,0.3214,0.2427,1.121,10.88,0.0,0.0,0.0,0.0,0.0,0.0,0.0,0.0,0.0,0.0,0.0,0.0,0.0,326.5,90.9,33.03,1062.0,243.3,9.002,19.86,8.114,9.929,0.0,136.1,12.75,8.285,24.66,14.62,0.2697,0.01077,0.008543,0.008653,0.0102,0.0,0.0,0.0,0.0,0.0,0.0,0.0,0.0,0.0,0.0,0.0,0.0,0.0,0.0,0.0,0.0,0.0,0.0,0.0,0.0,0.0,0.0,0.0,0.0,0.0,0.0,0.0,0.0,0.0,0.0,0.0,0.0,0.0,0.0,0.0,9.184E-4,0.0,136700.0,124100.0,92790.0,40480.0,3.254E7,60060.0,57390.0,43530.0,47300.0,53540.0,0.0,3.398E-38,1.07E-38,7.292E-38,3.572E-38,4.356E-39,1.27E-39,2.851E-40,1.853E-40,1.602E-40,1.291E-40,2.08E-35,0.0,0.3022,0.6337,1.454,0.7336,0.04754,0.03136,0.006492,0.009398,0.004861,0.002255,0.0,0.0,8.087E-4,8.267E-4,4.724E-4,0.9909,9.813E-4,0.001789,0.001132,0.001305,0.001779,0.0,0.02294,0.001438,0.00164,0.001204,0.1626,0.002772,4.816E-4,3.995E-4,7.647E-4,3.958E-4,
0.0,1199.0,116.3,153.8,121.3,0.2268,4.123,1.15,0.9531,0.4663,0.1985,0.0,344.5,0.1193,1.542,0.1304,0.14,0.4498,0.325,0.2543,1.191,10.85,0.0,344.5,0.1193,1.542,0.1304,0.14,0.4498,0.325,0.2543,1.191,10.85,0.0,0.0,0.0,0.0,0.0,0.0,0.0,0.0,0.0,0.0,0.0,0.0,0.0,325.5,93.91,33.99,1050.0,244.3,9.865,17.86,8.28,9.89,0.0,136.1,13.02,8.423,23.92,14.46,0.2621,0.01081,0.008539,0.008644,0.01018,0.0,0.0,0.0,0.0,0.0,0.0,0.0,0.0,0.0,0.0,0.0,0.0,0.0,0.0,0.0,0.0,0.0,0.0,0.0,0.0,0.0,0.0,0.0,0.0,0.0,0.0,0.0,0.0,0.0,0.0,0.0,0.0,0.0,0.0,0.0,7.218E-4,0.0,136900.0,124300.0,93580.0,47700.0,3.239E7,59220.0,57070.0,43630.0,47160.0,52920.0,0.0,3.452E-38,1.019E-38,7.25E-38,3.515E-38,4.3589999999999997E-39,1.2599999999999999E-39,2.879E-40,1.683E-40,1.5769999999999999E-40,1.283E-40,2.08E-35,0.0,0.3154,0.629,1.451,0.7197,0.04753,0.03182,0.006795,0.008613,0.004879,0.002245,0.0,0.0,8.087E-4,8.267E-4,4.724E-4,0.9909,9.813E-4,0.001789,0.001132,0.001305,0.001779,0.0,0.02296,0.001422,0.001646,0.001195,0.1627,0.002773,4.854E-4,3.989E-4,7.632E-4,3.941E-4,
0.0,1200.0,115.8,157.0,121.7,0.1594,4.082,1.059,1.05,0.4839,0.1965,0.0,344.5,0.1158,1.545,0.1305,0.1401,0.4497,0.3285,0.2921,2.742,9.255,0.0,344.5,0.1158,1.545,0.1305,0.1401,0.4497,0.3285,0.2921,2.742,9.255,0.0,0.0,0.0,0.0,0.0,0.0,0.0,0.0,0.0,0.0,0.0,0.0,0.0,325.4,93.97,34.03,1047.0,244.3,9.863,17.85,8.275,9.89,0.0,136.1,13.05,7.961,19.57,14.91,0.2575,0.01087,0.008538,0.008639,0.01017,0.0,0.0,0.0,0.0,0.0,0.0,0.0,0.0,0.0,0.0,0.0,0.0,0.0,0.0,0.0,0.0,0.0,0.0,0.0,0.0,0.0,0.0,0.0,0.0,0.0,0.0,0.0,0.0,0.0,0.0,0.0,0.0,0.0,0.0,0.0,6.474E-4,0.0,136900.0,125500.0,95250.0,45950.0,3.275E7,59340.0,58030.0,43720.0,47410.0,53750.0,0.0,3.548E-38,1.0E-38,7.185E-38,3.454E-38,4.361E-39,1.246E-39,2.748E-40,1.7629999999999999E-40,1.58E-40,1.276E-40,2.08E-35,0.0,0.3221,0.624,1.45,0.719,0.04756,0.03164,0.006432,0.009002,0.004947,0.002241,0.0,0.0,8.087E-4,8.267E-4,4.724E-4,0.9909,9.813E-4,0.001789,0.001132,0.001305,0.001779,0.0,0.02297,0.001411,0.001658,0.001186,0.1626,0.002769,4.852E-4,4.104E-4,7.498E-4,3.957E-4,
0.0,1200.0,114.6,157.7,115.2,0.1471,4.578,1.057,1.063,0.476,0.1945,0.0,344.5,0.1082,1.523,0.1264,0.1403,0.4952,0.3246,0.2743,2.369,9.636,0.0,344.5,0.1082,1.523,0.1264,0.1403,0.4952,0.3246,0.2743,2.369,9.636,0.0,0.0,0.0,0.0,0.0,0.0,0.0,0.0,0.0,0.0,0.0,0.0,0.0,325.2,90.56,33.96,1048.0,247.9,9.9,18.22,8.071,9.852,0.0,136.1,12.5,7.343,26.39,15.62,0.2359,0.01099,0.00854,0.008638,0.01017,0.0,0.0,0.0,0.0,0.0,0.0,0.0,0.0,0.0,0.0,0.0,0.0,0.0,0.0,0.0,0.0,0.0,0.0,0.0,0.0,0.0,0.0,0.0,0.0,0.0,0.0,0.0,0.0,0.0,0.0,0.0,0.0,0.0,0.0,0.0,5.731E-4,0.0,137000.0,127700.0,99640.0,48080.0,3.366E7,60690.0,60020.0,44350.0,48470.0,55660.0,0.0,3.548E-38,9.893E-39,7.152E-38,3.457E-38,4.397E-39,1.2489999999999999E-39,2.741E-40,1.4549999999999999E-40,1.212E-40,8.402999999999999E-41,2.08E-35,0.0,0.3221,0.6168,1.456,0.7216,0.04895,0.03148,0.006428,0.008558,0.004167,0.00134,0.0,0.0,8.087E-4,8.267E-4,4.724E-4,0.9909,9.813E-4,0.001789,0.001132,0.001305,0.001779,0.0,0.02297,0.001405,0.001636,0.001195,0.1627,0.002803,4.786E-4,4.1E-4,7.513E-4,3.938E-4,
0.0,1200.0,85.24,180.7,119.1,0.1261,4.607,1.055,1.044,0.4828,0.1954,0.0,344.5,0.108,1.5,0.151,0.1397,0.4996,0.324,0.2715,1.414,10.59,0.0,344.5,0.108,1.5,0.151,0.1397,0.4996,0.324,0.2715,1.414,10.59,0.0,0.0,0.0,0.0,0.0,0.0,0.0,0.0,0.0,0.0,0.0,0.0,0.0,325.4,91.43,34.02,1047.0,248.3,9.872,17.63,8.261,9.888,0.0,136.1,12.0,9.905,25.48,17.05,0.2209,0.01115,0.008547,0.00864,0.01017,0.0,0.0,0.0,0.0,0.0,0.0,0.0,0.0,0.0,0.0,0.0,0.0,0.0,0.0,0.0,0.0,0.0,0.0,0.0,0.0,0.0,0.0,0.0,0.0,0.0,0.0,0.0,0.0,0.0,0.0,0.0,0.0,0.0,0.0,0.0,1.0E-4,0.0,137000.0,129000.0,113500.0,47080.0,3.498E7,63050.0,62710.0,45740.0,50220.0,58060.0,0.0,3.548E-38,9.246E-39,7.169E-38,3.461E-38,4.3569999999999995E-39,1.242E-39,2.735E-40,1.391E-40,1.204E-40,8.359999999999999E-41,2.08E-35,0.0,0.3221,0.462,1.586,0.7399,0.05488,0.03162,0.006417,0.008361,0.004234,0.001352,0.0,0.0,8.087E-4,8.267E-4,4.724E-4,0.9909,9.813E-4,0.001789,0.001132,0.001305,0.001779,0.0,0.02297,0.001401,0.001649,0.001197,0.1627,0.002804,4.79E-4,4.088E-4,7.545E-4,3.904E-4,
0.0,1203.0,84.75,180.8,114.5,0.1509,4.569,1.057,1.076,0.4781,0.1959,0.0,344.5,0.1318,1.488,0.1337,0.1445,0.5308,0.305,0.2717,1.407,10.58,0.0,344.5,0.1318,1.488,0.1337,0.1445,0.5308,0.305,0.2717,1.407,10.58,0.0,0.0,0.0,0.0,0.0,0.0,0.0,0.0,0.0,0.0,0.0,0.0,0.0,325.5,91.88,34.45,1048.0,247.4,9.933,18.57,8.121,9.893,0.0,136.1,11.78,9.357,28.35,17.13,0.2155,0.0114,0.008557,0.008644,0.01017,0.0,0.0,0.0,0.0,0.0,0.0,0.0,0.0,0.0,0.0,0.0,0.0,0.0,0.0,0.0,0.0,0.0,0.0,0.0,0.0,0.0,0.0,0.0,0.0,0.0,0.0,0.0,0.0,0.0,0.0,0.0,0.0,0.0,0.0,0.0,4.761E-4,0.0,137200.0,133500.0,115400.0,47300.0,3.656E7,65790.0,65800.0,47650.0,52350.0,60850.0,0.0,3.659E-38,9.615999999999999E-39,7.041E-38,3.365E-38,4.624E-39,1.23E-39,2.732E-40,1.379E-40,1.184E-40,8.304E-41,2.08E-35,0.0,0.3399,0.4653,1.576,0.7249,0.05898,0.03128,0.006432,0.008674,0.004187,0.001353,0.0,0.0,8.087E-4,8.267E-4,4.724E-4,0.9909,9.813E-4,0.001789,0.001132,0.001305,0.001779,0.0,0.02302,0.001403,0.001642,0.001181,0.1626,0.002773,4.804E-4,4.119E-4,7.542E-4,3.91E-4,
0.0,1203.0,88.41,171.1,110.4,0.2708,6.637,1.058,1.089,0.4773,0.1966,0.0,344.5,0.132,1.531,0.1353,0.1743,0.5279,0.3051,0.2736,1.193,10.72,0.0,344.5,0.132,1.531,0.1353,0.1743,0.5279,0.3051,0.2736,1.193,10.72,0.0,0.0,0.0,0.0,0.0,0.0,0.0,0.0,0.0,0.0,0.0,0.0,0.0,323.5,92.49,35.81,1033.0,246.8,9.933,18.9,8.107,9.874,0.0,136.1,11.82,11.39,33.8,16.78,0.9892,0.01177,0.008572,0.009007,0.01072,0.0,0.0,0.0,0.0,0.0,0.0,0.0,0.0,0.0,0.0,0.0,0.0,0.0,0.0,0.0,0.0,0.0,0.0,0.0,0.0,0.0,0.0,0.0,0.0,0.0,0.0,0.0,0.0,0.0,0.0,0.0,0.0,0.0,0.0,0.0,1.0E-4,0.0,137200.0,132400.0,122600.0,54330.0,3.832E7,69720.0,69190.0,49860.0,54790.0,63990.0,0.0,3.659E-38,1.012E-38,6.727E-38,3.44E-38,5.493E-39,1.479E-39,2.729E-40,1.344E-40,1.1849999999999999E-40,3.659E-40,2.08E-35,0.0,0.3399,0.4863,1.521,0.7365,0.0684,0.04027,0.00644,0.008793,0.004198,0.003925,0.0,0.0,8.087E-4,8.267E-4,4.724E-4,0.9909,9.813E-4,0.001789,0.001132,0.001305,0.001779,0.0,0.02302,0.001397,0.001621,0.001202,0.1626,0.002778,4.806E-4,4.129E-4,7.552E-4,3.926E-4,
0.0,1203.0,75.64,182.4,115.6,0.1041,5.64,1.057,1.094,0.4719,0.1955,0.0,344.5,0.129,1.54,0.1254,0.1432,0.5276,0.306,0.2747,1.193,10.76,0.0,344.5,0.129,1.54,0.1254,0.1432,0.5276,0.306,0.2747,1.193,10.76,0.0,0.0,0.0,0.0,0.0,0.0,0.0,0.0,0.0,0.0,0.0,0.0,0.0,325.5,94.12,36.13,1027.0,246.8,9.932,19.05,7.927,9.864,0.0,136.1,12.73,10.03,31.71,16.37,0.3489,0.01228,0.008593,0.008655,0.01017,0.0,0.0,0.0,0.0,0.0,0.0,0.0,0.0,0.0,0.0,0.0,0.0,0.0,0.0,0.0,0.0,0.0,0.0,0.0,0.0,0.0,0.0,0.0,0.0,0.0,0.0,0.0,0.0,0.0,0.0,0.0,0.0,0.0,0.0,0.0,1.0E-4,0.0,137300.0,133700.0,121000.0,53060.0,3.919E7,71630.0,70900.0,51100.0,55980.0,65320.0,0.0,3.708E-38,9.754E-39,6.824E-38,3.431E-38,4.2939999999999995E-39,1.3209999999999999E-39,2.725E-40,1.296E-40,1.1659999999999999E-40,2.367E-40,2.08E-35,0.0,0.3455,0.4198,1.592,0.744,0.05484,0.03503,0.006443,0.008846,0.004141,0.002756,0.0,0.0,8.087E-4,8.267E-4,4.724E-4,0.9909,9.813E-4,0.001789,0.001132,0.001305,0.001779,0.0,0.02303,0.001394,0.001609,0.001202,0.1628,0.002768,4.811E-4,4.138E-4,7.552E-4,3.924E-4,
0.0,1203.0,74.42,182.7,119.0,0.07544,5.896,0.9036,1.102,0.4716,0.195,0.0,344.5,0.1352,1.519,0.1398,0.1427,0.5285,0.3034,0.276,1.192,10.76,0.0,344.5,0.1352,1.519,0.1398,0.1427,0.5285,0.3034,0.276,1.192,10.76,0.0,0.0,0.0,0.0,0.0,0.0,0.0,0.0,0.0,0.0,0.0,0.0,0.0,322.8,102.1,36.13,1024.0,248.1,8.508,19.22,7.923,9.86,0.0,136.1,14.31,9.001,28.27,16.39,0.2652,0.01125,0.008557,0.008641,0.01017,0.0,0.0,0.0,0.0,0.0,0.0,0.0,0.0,0.0,0.0,0.0,0.0,0.0,0.0,0.0,0.0,0.0,0.0,0.0,0.0,0.0,0.0,0.0,0.0,0.0,0.0,0.0,0.0,0.0,0.0,0.0,0.0,0.0,0.0,0.0,0.001105,0.0,137400.0,131800.0,116300.0,50860.0,3.629E7,70770.0,64450.0,48060.0,52190.0,59830.0,0.0,3.708E-38,1.0319999999999999E-38,6.68E-38,3.47E-38,4.264E-39,1.363E-39,2.215E-40,1.264E-40,1.1529999999999999E-40,2.36E-40,2.08E-35,0.0,0.3456,0.4304,1.57,0.7531,0.05456,0.03612,0.005534,0.008914,0.004138,0.002753,0.0,0.0,8.087E-4,8.267E-4,4.724E-4,0.9909,9.813E-4,0.001789,0.001132,0.001305,0.001779,0.0,0.02304,0.001397,0.001597,0.001213,0.1627,0.002778,4.584E-4,4.158E-4,7.547E-4,3.922E-4,
0.0,1203.0,76.11,177.5,116.6,0.08246,5.951,0.9704,1.061,0.4799,0.1936,0.0,344.5,0.1395,1.46,0.1697,0.1682,0.5282,0.3079,0.3662,2.831,9.022,0.0,344.5,0.1395,1.46,0.1697,0.1682,0.5282,0.3079,0.3662,2.831,9.022,0.0,0.0,0.0,0.0,0.0,0.0,0.0,0.0,0.0,0.0,0.0,0.0,0.0,324.3,103.3,36.59,1030.0,247.8,9.619,17.93,8.076,9.942,0.0,137.5,13.49,11.14,29.26,18.01,0.2381,0.0111,0.008548,0.008637,0.01016,0.0,0.0,0.0,0.0,0.0,0.0,0.0,0.0,0.0,0.0,0.0,0.0,0.0,0.0,0.0,0.0,0.0,0.0,0.0,0.0,0.0,0.0,0.0,0.0,0.0,0.0,0.0,0.0,0.0,0.0,0.0,0.0,0.0,0.0,0.0,8.398E-4,0.0,137900.0,128700.0,116200.0,50030.0,3.531E7,67810.0,62420.0,47310.0,50950.0,57690.0,0.0,3.784E-38,1.089E-38,6.541E-38,3.388E-38,4.702E-39,1.374E-39,2.362E-40,1.201E-40,1.141E-40,2.35E-40,2.08E-35,0.0,0.3525,0.4371,1.545,0.7503,0.06533,0.03634,0.006021,0.008507,0.004201,0.002753,0.0,0.0,8.087E-4,8.267E-4,4.724E-4,0.9909,9.813E-4,0.001789,0.001132,0.001305,0.001779,0.0,0.02305,0.001393,0.001579,0.001213,0.1628,0.002765,4.628E-4,4.266E-4,7.573E-4,3.823E-4,
0.0,1203.0,74.26,179.3,117.3,0.08292,6.4,1.026,1.064,0.4808,0.1933,0.0,344.5,0.1371,1.535,0.1222,0.144,0.5998,0.2713,0.3552,2.971,8.856,0.0,344.5,0.1371,1.535,0.1222,0.144,0.5998,0.2713,0.3552,2.971,8.856,0.0,0.0,0.0,0.0,0.0,0.0,0.0,0.0,0.0,0.0,0.0,0.0,0.0,326.5,103.4,36.32,1022.0,247.3,10.06,17.94,8.07,9.933,0.0,137.5,13.13,6.766,34.97,15.76,0.2276,0.01101,0.008543,0.008635,0.01016,0.0,0.0,0.0,0.0,0.0,0.0,0.0,0.0,0.0,0.0,0.0,0.0,0.0,0.0,0.0,0.0,0.0,0.0,0.0,0.0,0.0,0.0,0.0,0.0,0.0,0.0,0.0,0.0,0.0,0.0,0.0,0.0,0.0,0.0,0.0,1.0E-4,0.0,138000.0,127300.0,117400.0,50600.0,3.53E7,66460.0,62450.0,47200.0,50870.0,57660.0,0.0,3.784E-38,1.0139999999999999E-38,6.529E-38,3.489E-38,4.1689999999999996E-39,1.3479999999999999E-39,2.536E-40,1.168E-40,1.136E-40,2.34E-40,2.08E-35,0.0,0.3525,0.4233,1.557,0.7591,0.05229,0.04094,0.006334,0.008527,0.004208,0.002746,0.0,0.0,8.087E-4,8.267E-4,4.724E-4,0.9909,9.813E-4,0.001789,0.001132,0.001305,0.001779,0.0,0.02307,0.001385,0.001583,0.001211,0.1628,0.002751,4.728E-4,4.266E-4,7.593E-4,3.794E-4,
0.0,1203.0,74.75,179.7,117.5,0.0937,6.374,1.076,1.067,0.4829,0.1913,0.0,344.5,0.1459,1.501,0.1352,0.144,0.5318,0.2695,0.3772,3.334,8.553,0.0,344.5,0.1459,1.501,0.1352,0.144,0.5318,0.2695,0.3772,3.334,8.553,0.0,0.0,0.0,0.0,0.0,0.0,0.0,0.0,0.0,0.0,0.0,0.0,0.0,328.2,103.8,36.23,1023.0,246.9,10.48,17.96,8.077,9.934,0.0,137.5,12.5,5.501,35.46,15.74,0.2975,0.01098,0.00854,0.008635,0.01016,0.0,0.0,0.0,0.0,0.0,0.0,0.0,0.0,0.0,0.0,0.0,0.0,0.0,0.0,0.0,0.0,0.0,0.0,0.0,0.0,0.0,0.0,0.0,0.0,0.0,0.0,0.0,0.0,0.0,0.0,0.0,0.0,0.0,0.0,0.0,1.0E-4,0.0,138100.0,127000.0,117100.0,50860.0,3.577E7,67170.0,63630.0,47140.0,51330.0,58880.0,0.0,3.784E-38,1.043E-38,6.301E-38,3.602E-38,4.1689999999999996E-39,1.754E-39,2.694E-40,1.138E-40,1.125E-40,2.337E-40,2.08E-35,0.0,0.3525,0.4244,1.539,0.7708,0.05229,0.04458,0.006621,0.008539,0.00421,0.002744,0.0,0.0,8.087E-4,8.267E-4,4.724E-4,0.9909,9.813E-4,0.001789,0.001132,0.001305,0.001779,0.0,0.02307,0.001382,0.00157,0.001227,0.1627,0.002732,4.826E-4,4.265E-4,7.589E-4,3.779E-4,
0.0,1204.0,74.46,175.9,117.8,4.405,6.419,1.034,0.6807,0.4794,0.1928,0.0,344.5,0.1309,1.401,0.1039,0.2931,0.5204,0.2581,0.3691,1.826,10.07,0.0,344.5,0.1309,1.401,0.1039,0.2931,0.5204,0.2581,0.3691,1.826,10.07,0.0,0.0,0.0,0.0,0.0,0.0,0.0,0.0,0.0,0.0,0.0,0.0,0.0,332.9,123.8,36.16,1008.0,239.5,9.721,18.33,7.918,9.764,0.0,137.5,11.61,5.106,33.84,16.8,0.105,0.01336,0.01261,0.01162,0.01196,0.0,0.0,0.0,0.0,0.0,0.0,0.0,0.0,0.0,0.0,0.0,0.0,0.0,0.0,0.0,0.0,0.0,0.0,0.0,0.0,0.0,0.0,0.0,0.0,0.0,0.0,0.0,0.0,0.0,0.0,0.0,0.0,0.0,0.0,0.0,5.423E-4,0.0,138100.0,300400.0,710000.0,187100.0,3.584E7,231800.0,51100.0,36660.0,40960.0,46960.0,0.0,3.92E-38,9.766E-39,5.973E-38,3.433E-38,8.33E-39,1.1769999999999999E-39,2.835E-40,2.416E-40,1.214E-40,2.408E-40,2.08E-35,0.0,0.3672,0.4158,1.489,0.755,0.1134,0.03958,0.006325,0.006143,0.004252,0.002776,0.0,0.0,0.005721,0.0156,0.004552,0.9631,0.006521,0.001343,8.5E-4,9.795E-4,0.001336,0.0,0.02308,0.002175,0.004211,0.001821,0.1582,0.003466,4.244E-4,3.77E-4,7.088E-4,3.152E-4,
0.0,1194.0,86.0,176.5,112.4,0.08267,7.456,1.025,0.449,0.5003,0.2879,0.0,344.5,0.2818,1.51,0.1408,0.1836,0.4836,0.2161,0.259,2.256,9.64,0.0,344.5,0.2818,1.51,0.1408,0.1836,0.4836,0.2161,0.259,2.256,9.64,0.0,0.0,0.0,0.0,0.0,0.0,0.0,0.0,0.0,0.0,0.0,0.0,0.0,338.1,102.1,35.23,1025.0,235.6,9.76,18.56,7.976,9.779,0.0,133.9,11.47,8.478,45.2,11.76,0.04835,0.006468,0.00861,0.006705,0.004926,0.0,0.0,0.0,0.0,0.0,0.0,0.0,0.0,0.0,0.0,0.0,0.0,0.0,0.0,0.0,0.0,0.0,0.0,0.0,0.0,0.0,0.0,0.0,0.0,0.0,0.0,0.0,0.0,0.0,0.0,0.0,0.0,0.0,0.0,0.0,1.0E-4,0.0,138000.0,151000.0,402100.0,55840.0,3.343E7,43470.0,48060.0,34830.0,38760.0,43900.0,0.0,3.267E-38,9.481E-39,6.219E-38,3.522E-38,4.778E-39,1.553E-39,2.844E-40,2.17E-40,8.287E-41,2.847E-40,2.08E-35,0.0,0.306,0.4633,1.545,0.7518,0.06162,0.04568,0.00625,0.005166,0.003831,0.003647,0.0,0.0,0.001693,0.009923,4.973E-4,0.9826,6.62E-4,0.001371,8.672E-4,9.993E-4,0.001363,0.0,0.02305,0.001559,0.002886,0.001268,0.1614,0.002659,4.292E-4,3.829E-4,7.191E-4,3.213E-4,
0.0,1194.0,87.22,170.1,112.8,0.1189,8.352,1.04,0.5505,0.4711,0.2498,0.0,344.5,0.2946,1.516,0.1531,0.1495,0.473,0.2178,0.4296,2.627,9.105,0.0,344.5,0.2946,1.516,0.1531,0.1495,0.473,0.2178,0.4296,2.627,9.105,0.0,0.0,0.0,0.0,0.0,0.0,0.0,0.0,0.0,0.0,0.0,0.0,0.0,327.3,110.4,35.69,1018.0,235.7,9.694,18.92,8.123,9.825,0.0,133.9,12.39,8.304,46.31,12.67,0.06393,0.006887,0.009747,0.007417,0.005045,0.0,0.0,0.0,0.0,0.0,0.0,0.0,0.0,0.0,0.0,0.0,0.0,0.0,0.0,0.0,0.0,0.0,0.0,0.0,0.0,0.0,0.0,0.0,0.0,0.0,0.0,0.0,0.0,0.0,0.0,0.0,0.0,0.0,0.0,0.0,1.0E-4,0.0,138000.0,108900.0,132100.0,55720.0,3.192E7,41560.0,48610.0,38790.0,36580.0,44100.0,0.0,3.267E-38,9.81E-39,6.261E-38,3.536E-38,2.681E-39,1.724E-39,2.803E-40,2.11E-40,1.105E-40,2.466E-40,2.08E-35,0.0,0.306,0.4829,1.527,0.7585,0.04292,0.04924,0.006255,0.005995,0.003667,0.003055,0.0,0.0,3.276E-4,7.248E-4,5.291E-4,0.9928,7.043E-4,0.001458,9.226E-4,0.001063,0.00145,0.0,0.02308,0.001345,0.001619,0.001293,0.1625,0.002641,4.428E-4,7.808E-4,3.559E-4,3.295E-4,
0.0,1194.0,85.47,171.5,115.9,0.09375,6.875,1.04,0.5503,0.4727,0.2481,0.0,344.5,0.2856,1.529,0.1512,0.1469,0.4722,0.218,0.4122,3.115,8.634,0.0,344.5,0.2856,1.529,0.1512,0.1469,0.4722,0.218,0.4122,3.115,8.634,0.0,0.0,0.0,0.0,0.0,0.0,0.0,0.0,0.0,0.0,0.0,0.0,0.0,334.3,105.0,35.96,1014.0,235.7,9.77,18.94,8.172,9.895,0.0,133.9,7.329,6.28,53.62,11.09,0.05792,0.007204,0.009845,0.007522,0.005184,0.0,0.0,0.0,0.0,0.0,0.0,0.0,0.0,0.0,0.0,0.0,0.0,0.0,0.0,0.0,0.0,0.0,0.0,0.0,0.0,0.0,0.0,0.0,0.0,0.0,0.0,0.0,0.0,0.0,0.0,0.0,0.0,0.0,0.0,0.0,6.441E-4,0.0,138100.0,110000.0,122500.0,53410.0,3.035E7,40330.0,49880.0,39320.0,37010.0,45310.0,0.0,3.267E-38,9.293999999999999E-39,6.246E-38,3.608E-38,2.4579999999999998E-39,1.401E-39,2.7939999999999998E-40,2.001E-40,1.096E-40,2.458E-40,2.08E-35,0.0,0.3061,0.4641,1.535,0.7789,0.03811,0.04276,0.006257,0.005993,0.003676,0.003047,0.0,0.0,3.556E-4,7.867E-4,5.742E-4,0.9922,7.644E-4,0.001583,0.001001,0.001154,0.001574,0.0,0.02309,0.001369,0.0016,0.001302,0.1621,0.002641,4.593E-4,8.177E-4,3.463E-4,3.417E-4,
0.0,1199.0,82.74,172.4,117.0,0.08109,6.804,1.033,0.5611,0.4719,0.584,0.0,344.5,0.2851,1.512,0.2075,0.1339,0.4705,0.2145,0.4167,2.74,8.976,0.0,344.5,0.2851,1.512,0.2075,0.1339,0.4705,0.2145,0.4167,2.74,8.976,0.0,0.0,0.0,0.0,0.0,0.0,0.0,0.0,0.0,0.0,0.0,0.0,0.0,335.8,102.1,37.02,1024.0,235.9,8.956,19.89,7.965,10.51,0.0,141.2,7.589,5.439,43.7,9.726,0.02536,0.006533,0.005282,0.004908,0.01164,0.0,0.0,0.0,0.0,0.0,0.0,0.0,0.0,0.0,0.0,0.0,0.0,0.0,0.0,0.0,0.0,0.0,0.0,0.0,0.0,0.0,0.0,0.0,0.0,0.0,0.0,0.0,0.0,0.0,0.0,0.0,0.0,0.0,0.0,0.0,1.0E-4,0.0,139400.0,115000.0,133400.0,41240.0,2.845E7,41510.0,48810.0,36770.0,35290.0,44470.0,0.0,3.6E-38,8.948999999999999E-39,6.242E-38,3.252E-38,2.421E-39,1.336E-39,2.7299999999999998E-40,2.009E-40,1.08E-40,3.38E-40,2.08E-35,0.0,0.3489,0.4486,1.548,0.7377,0.03706,0.04173,0.006123,0.006183,0.003658,0.003692,0.0,0.0,3.738E-4,8.269E-4,6.036E-4,0.9918,8.035E-4,0.001664,0.001053,0.001213,0.001654,0.0,0.02313,0.001424,0.001631,0.001207,0.1621,0.00266,4.686E-4,8.101E-4,3.524E-4,3.569E-4,
0.0,1199.0,81.7,172.6,121.4,0.08946,6.552,1.306,0.6242,0.48,0.5914,0.0,344.5,0.286,1.51,0.2165,0.136,0.68,0.1054,1.53,2.424,8.068,0.0,344.5,0.286,1.51,0.2165,0.136,0.68,0.1054,1.53,2.424,8.068,0.0,0.0,0.0,0.0,0.0,0.0,0.0,0.0,0.0,0.0,0.0,0.0,0.0,335.7,99.53,39.57,1026.0,236.1,9.07,19.52,8.392,10.56,0.0,141.2,9.036,5.975,38.08,9.691,0.0243,0.006899,0.005343,0.004935,0.007229,0.0,0.0,0.0,0.0,0.0,0.0,0.0,0.0,0.0,0.0,0.0,0.0,0.0,0.0,0.0,0.0,0.0,0.0,0.0,0.0,0.0,0.0,0.0,0.0,0.0,0.0,0.0,0.0,0.0,0.0,0.0,0.0,0.0,0.0,0.0,8.012E-4,0.0,139400.0,114100.0,126100.0,38980.0,2.702E7,39480.0,47150.0,35880.0,34140.0,42480.0,0.0,3.6E-38,8.996E-39,6.207E-38,3.217E-38,2.5919999999999997E-39,1.3139999999999999E-39,2.792E-40,1.889E-40,1.102E-40,3.382E-40,2.08E-35,0.0,0.3489,0.4415,1.549,0.7397,0.04067,0.03918,0.008739,0.006752,0.003735,0.003707,0.0,0.0,3.755E-4,8.306E-4,6.063E-4,0.9918,8.071E-4,0.001671,0.001057,0.001218,0.001662,0.0,0.02313,0.001424,0.001628,0.001214,0.1619,0.002665,4.73E-4,8.095E-4,3.656E-4,3.548E-4,
0.0,1201.0,84.79,169.4,122.8,0.1419,6.129,1.133,0.5795,0.4979,0.6156,0.0,344.5,0.38,1.414,0.2474,0.1379,0.5163,0.1655,0.9411,2.413,8.739,0.0,344.5,0.38,1.414,0.2474,0.1379,0.5163,0.1655,0.9411,2.413,8.739,0.0,0.0,0.0,0.0,0.0,0.0,0.0,0.0,0.0,0.0,0.0,0.0,0.0,327.6,101.0,40.17,1015.0,236.2,8.905,20.01,8.389,10.53,0.0,141.2,7.68,5.198,35.57,10.68,0.02386,0.007508,0.005508,0.005055,0.006153,0.0,0.0,0.0,0.0,0.0,0.0,0.0,0.0,0.0,0.0,0.0,0.0,0.0,0.0,0.0,0.0,0.0,0.0,0.0,0.0,0.0,0.0,0.0,0.0,0.0,0.0,0.0,0.0,0.0,0.0,0.0,0.0,0.0,0.0,0.0,1.001E-4,0.0,139500.0,105900.0,122900.0,37780.0,2.573E7,38550.0,47280.0,36240.0,34220.0,42300.0,0.0,3.622E-38,1.272E-38,5.766E-38,3.183E-38,2.803E-39,1.2719999999999999E-39,2.8459999999999998E-40,1.86E-40,1.112E-40,3.402E-40,2.08E-35,0.0,0.3648,0.4921,1.483,0.7343,0.04943,0.03618,0.006448,0.006226,0.003784,0.003779,0.0,0.0,3.933E-4,8.701E-4,6.351E-4,0.9914,8.455E-4,0.00175,0.001108,0.001276,0.00174,0.0,0.02315,0.001381,0.001668,0.001213,0.1615,0.002663,4.767E-4,8.274E-4,3.745E-4,3.642E-4,
0.0,1198.0,89.97,169.8,120.8,0.1201,6.183,1.133,0.5879,0.4897,0.6157,0.0,344.5,0.3553,1.44,0.2446,0.1379,0.5165,0.1656,0.9604,2.508,8.624,0.0,344.5,0.3553,1.44,0.2446,0.1379,0.5165,0.1656,0.9604,2.508,8.624,0.0,0.0,0.0,0.0,0.0,0.0,0.0,0.0,0.0,0.0,0.0,0.0,0.0,329.6,100.9,39.66,1012.0,236.6,8.904,20.58,7.808,10.53,0.0,139.0,9.659,5.222,34.16,10.89,0.2332,0.007575,0.00552,0.005066,0.005777,0.0,0.0,0.0,0.0,0.0,0.0,0.0,0.0,0.0,0.0,0.0,0.0,0.0,0.0,0.0,0.0,0.0,0.0,0.0,0.0,0.0,0.0,0.0,0.0,0.0,0.0,0.0,0.0,0.0,0.0,0.0,0.0,0.0,0.0,0.0,8.579E-4,0.0,139600.0,106000.0,121700.0,36550.0,2.466E7,37440.0,45690.0,35100.0,32950.0,40750.0,0.0,3.366E-38,1.564E-38,5.829999999999999E-38,3.011E-38,2.918E-39,1.414E-39,2.842E-40,1.817E-40,1.075E-40,3.395E-40,2.08E-35,0.0,0.3438,0.5118,1.499,0.716,0.05042,0.03753,0.006449,0.006331,0.00368,0.003777,0.0,0.0,3.959E-4,8.758E-4,6.393E-4,0.9913,8.51E-4,0.001762,0.001115,0.001285,0.001752,0.0,0.02315,0.0014,0.001665,0.001195,0.1616,0.002663,4.786E-4,8.349E-4,3.701E-4,3.652E-4,
0.0,1200.0,92.52,165.5,121.7,0.1739,10.9,1.248,0.6166,0.4907,0.6149,0.0,344.5,0.3121,1.475,0.2455,0.138,0.522,0.1636,0.9603,2.694,8.439,0.0,344.5,0.3121,1.475,0.2455,0.138,0.522,0.1636,0.9603,2.694,8.439,0.0,0.0,0.0,0.0,0.0,0.0,0.0,0.0,0.0,0.0,0.0,0.0,0.0,332.5,99.51,39.76,1008.0,237.1,8.902,20.57,7.803,10.53,0.0,139.0,7.298,4.538,31.29,10.8,0.5403,0.007059,0.00549,0.005058,0.005617,0.0,0.0,0.0,0.0,0.0,0.0,0.0,0.0,0.0,0.0,0.0,0.0,0.0,0.0,0.0,0.0,0.0,0.0,0.0,0.0,0.0,0.0,0.0,0.0,0.0,0.0,0.0,0.0,0.0,0.0,0.0,0.0,0.0,0.0,0.0,6.927E-4,0.0,139700.0,108300.0,122400.0,36280.0,2.475E7,37280.0,45520.0,35210.0,33070.0,40790.0,0.0,3.466E-38,1.042E-38,5.840999999999999E-38,2.894E-38,2.895E-39,2.343E-39,3.381E-40,1.883E-40,1.068E-40,3.388E-40,2.08E-35,0.0,0.3521,0.4923,1.486,0.715,0.05022,0.05844,0.007614,0.006624,0.003684,0.003773,0.0,0.0,3.959E-4,8.758E-4,6.393E-4,0.9913,8.51E-4,0.001762,0.001115,0.001285,0.001752,0.0,0.02316,0.001444,0.001611,0.001188,0.1616,0.002667,4.824E-4,8.354E-4,3.721E-4,3.633E-4,
0.0,1203.0,92.15,167.5,120.4,0.1483,9.743,1.655,0.7238,0.4901,0.6168,0.0,344.5,0.3207,1.496,0.2445,0.138,0.514,0.1576,0.9488,2.773,8.356,0.0,344.5,0.3207,1.496,0.2445,0.138,0.514,0.1576,0.9488,2.773,8.356,0.0,0.0,0.0,0.0,0.0,0.0,0.0,0.0,0.0,0.0,0.0,0.0,0.0,334.4,99.59,40.39,1007.0,236.7,8.514,20.5,7.778,10.53,0.0,139.0,7.354,4.397,28.46,10.84,0.07314,0.006621,0.005483,0.005048,0.00554,0.0,0.0,0.0,0.0,0.0,0.0,0.0,0.0,0.0,0.0,0.0,0.0,0.0,0.0,0.0,0.0,0.0,0.0,0.0,0.0,0.0,0.0,0.0,0.0,0.0,0.0,0.0,0.0,0.0,0.0,0.0,0.0,0.0,0.0,0.0,1.0E-4,0.0,139900.0,110600.0,125500.0,36710.0,2.561E7,37650.0,46460.0,36260.0,34190.0,42390.0,0.0,3.62E-38,1.018E-38,5.804E-38,2.837E-38,2.928E-39,1.501E-39,3.974E-40,1.986E-40,1.055E-40,3.3909999999999998E-40,2.08E-35,0.0,0.3756,0.4902,1.474,0.7103,0.05034,0.0514,0.009561,0.007142,0.003677,0.00378,0.0,0.0,3.959E-4,8.758E-4,6.393E-4,0.9913,8.51E-4,0.001762,0.001115,0.001285,0.001752,0.0,0.02318,0.001437,0.001599,0.001182,0.1616,0.002666,4.764E-4,8.35E-4,3.743E-4,3.704E-4,
0.0,1211.0,90.83,170.1,119.8,0.09796,6.914,1.377,0.6451,0.4878,0.6092,0.0,344.5,0.3066,1.509,0.2372,0.138,0.5309,0.1556,0.9458,3.22,7.904,0.0,344.5,0.3066,1.509,0.2372,0.138,0.5309,0.1556,0.9458,3.22,7.904,0.0,0.0,0.0,0.0,0.0,0.0,0.0,0.0,0.0,0.0,0.0,0.0,0.0,339.7,101.4,40.19,994.8,236.5,8.732,20.49,7.767,10.51,0.0,139.0,7.332,4.209,23.38,10.89,0.0949,0.00637,0.005453,0.005045,0.005501,0.0,0.0,0.0,0.0,0.0,0.0,0.0,0.0,0.0,0.0,0.0,0.0,0.0,0.0,0.0,0.0,0.0,0.0,0.0,0.0,0.0,0.0,0.0,0.0,0.0,0.0,0.0,0.0,0.0,0.0,0.0,0.0,0.0,0.0,0.0,5.16E-4,0.0,140100.0,112400.0,129000.0,37060.0,2.694E7,38200.0,48570.0,37890.0,35960.0,44400.0,0.0,3.77E-38,9.109999999999999E-39,5.851E-38,2.716E-38,2.928E-39,1.519E-39,3.3459999999999998E-40,1.704E-40,1.024E-40,3.314E-40,2.08E-35,0.0,0.4144,0.4727,1.474,0.6974,0.05034,0.04332,0.007886,0.006656,0.003659,0.003706,0.0,0.0,3.959E-4,8.758E-4,6.393E-4,0.9913,8.51E-4,0.001762,0.001115,0.001285,0.001752,0.0,0.02321,0.001436,0.001596,0.001158,0.1615,0.002655,4.807E-4,8.35E-4,3.765E-4,3.646E-4,
0.0,1212.0,89.5,166.2,117.5,0.07573,5.791,1.409,0.6733,0.4674,0.6131,0.0,344.5,0.3051,1.512,0.2301,0.1499,0.5162,0.1568,1.007,2.947,8.122,0.0,344.5,0.3051,1.512,0.2301,0.1499,0.5162,0.1568,1.007,2.947,8.122,0.0,0.0,0.0,0.0,0.0,0.0,0.0,0.0,0.0,0.0,0.0,0.0,0.0,338.6,104.6,39.84,995.8,236.1,8.813,20.39,7.641,10.33,0.0,139.0,7.298,10.55,26.49,8.636,0.08971,0.002581,0.003134,0.002382,0.001851,0.0,0.0,0.0,0.0,0.0,0.0,0.0,0.0,0.0,0.0,0.0,0.0,0.0,0.0,0.0,0.0,0.0,0.0,0.0,0.0,0.0,0.0,0.0,0.0,0.0,0.0,0.0,0.0,0.0,0.0,0.0,0.0,0.0,0.0,0.0,4.468E-4,0.0,140300.0,132000.0,126600.0,26640.0,2.75E7,34370.0,41160.0,34250.0,30170.0,36990.0,0.0,3.805E-38,8.899E-39,5.832E-38,2.762E-38,2.528E-39,1.125E-39,3.45E-40,1.691E-40,1.017E-40,3.34E-40,2.08E-35,0.0,0.4239,0.4644,1.48,0.7026,0.04716,0.03409,0.008069,0.006895,0.003472,0.003737,0.0,0.0,0.001168,2.484E-4,8.678E-6,0.9932,6.814E-4,0.001411,8.926E-4,0.001029,0.001403,0.0,0.02324,0.001536,0.001565,0.001096,0.1616,0.002599,4.373E-4,8.782E-4,2.708E-4,3.146E-4,
0.0,1212.0,89.49,168.3,115.5,1.216,5.784,1.412,0.671,0.4671,0.6131,0.0,344.5,0.3105,1.475,0.2408,0.1692,0.5148,0.1573,0.9861,2.914,8.175,0.0,344.5,0.3105,1.475,0.2408,0.1692,0.5148,0.1573,0.9861,2.914,8.175,0.0,0.0,0.0,0.0,0.0,0.0,0.0,0.0,0.0,0.0,0.0,0.0,0.0,341.8,105.7,38.07,997.0,236.1,8.909,20.45,7.711,10.43,0.0,139.0,7.214,9.343,24.64,9.881,0.03627,0.002541,0.003132,0.002383,0.001841,0.0,0.0,0.0,0.0,0.0,0.0,0.0,0.0,0.0,0.0,0.0,0.0,0.0,0.0,0.0,0.0,0.0,0.0,0.0,0.0,0.0,0.0,0.0,0.0,0.0,0.0,0.0,0.0,0.0,0.0,0.0,0.0,0.0,0.0,0.0,5.306E-4,0.0,140300.0,138500.0,126900.0,32690.0,2.676E7,35830.0,43570.0,36170.0,32150.0,39330.0,0.0,3.806E-38,9.254999999999999E-39,5.693E-38,2.675E-38,4.0509999999999995E-39,1.0869999999999999E-39,3.447E-40,1.631E-40,1.009E-40,3.3339999999999998E-40,2.08E-35,0.0,0.4239,0.4667,1.468,0.6914,0.06463,0.0338,0.008079,0.006888,0.003469,0.003737,0.0,0.0,0.001301,2.766E-4,9.664E-6,0.9924,7.588E-4,0.001571,9.94E-4,0.001145,0.001562,0.0,0.02326,0.001559,0.001566,0.001138,0.1613,0.002593,4.641E-4,8.872E-4,2.863E-4,3.362E-4,
0.0,1214.0,86.79,162.1,109.6,0.06108,9.824,1.381,0.6578,0.4273,0.5797,0.0,344.5,0.311,1.493,0.229,0.157,0.4811,0.1414,0.9786,3.704,7.445,0.0,344.5,0.311,1.493,0.229,0.157,0.4811,0.1414,0.9786,3.704,7.445,0.0,0.0,0.0,0.0,0.0,0.0,0.0,0.0,0.0,0.0,0.0,0.0,0.0,340.5,105.9,38.57,1005.0,243.8,9.335,22.1,6.864,4.143,0.0,139.0,7.055,12.55,32.89,8.563,0.02187,0.002585,0.003122,0.002376,0.001739,0.0,0.0,0.0,0.0,0.0,0.0,0.0,0.0,0.0,0.0,0.0,0.0,0.0,0.0,0.0,0.0,0.0,0.0,0.0,0.0,0.0,0.0,0.0,0.0,0.0,0.0,0.0,0.0,0.0,0.0,0.0,0.0,0.0,0.0,0.0,5.212E-4,0.0,140700.0,138400.0,123600.0,30270.0,2.609E7,36230.0,44620.0,37210.0,33060.0,40130.0,0.0,3.883E-38,9.342E-39,5.559E-38,2.768E-38,2.702E-39,1.537E-39,3.408E-40,1.489E-40,9.232999999999999E-41,3.161E-40,2.08E-35,0.0,0.4307,0.4603,1.455,0.6947,0.04945,0.05494,0.007988,0.006814,0.003341,0.003557,0.0,0.0,0.001385,2.944E-4,1.029E-5,0.9919,8.078E-4,0.001673,0.001058,0.00122,0.001663,0.0,0.0233,0.001559,0.001552,0.00115,0.161,0.002576,4.758E-4,8.97E-4,2.94E-4,3.338E-4,
0.0,1206.0,97.49,157.1,114.6,0.5009,7.101,1.216,0.6112,0.5113,0.6134,0.0,344.5,0.3292,1.457,0.2545,0.1554,0.4272,0.1537,0.3996,3.722,8.04,0.0,344.5,0.3292,1.457,0.2545,0.1554,0.4272,0.1537,0.3996,3.722,8.04,0.0,0.0,0.0,0.0,0.0,0.0,0.0,0.0,0.0,0.0,0.0,0.0,0.0,342.7,108.1,41.24,1005.0,232.4,10.44,22.6,10.26,5.015,0.0,135.7,10.12,12.42,32.37,8.522,0.02244,0.002688,0.003124,0.002376,0.001682,0.0,0.0,0.0,0.0,0.0,0.0,0.0,0.0,0.0,0.0,0.0,0.0,0.0,0.0,0.0,0.0,0.0,0.0,0.0,0.0,0.0,0.0,0.0,0.0,0.0,0.0,0.0,0.0,0.0,0.0,0.0,0.0,0.0,0.0,0.0,7.384E-4,0.0,140600.0,138500.0,121500.0,28290.0,2.516E7,36200.0,44810.0,37580.0,33310.0,40140.0,0.0,3.303E-38,1.604E-38,5.362E-38,2.871E-38,2.658E-39,1.026E-39,3.035E-40,1.335E-40,1.004E-40,3.1799999999999998E-40,2.08E-35,0.0,0.3707,0.5395,1.412,0.7308,0.05163,0.03969,0.007023,0.00647,0.003785,0.003696,0.0,0.0,0.001453,3.088E-4,1.079E-5,0.9915,8.473E-4,0.001754,0.00111,0.001279,0.001744,0.0,0.02328,0.001599,0.00155,0.001165,0.1607,0.002551,4.844E-4,8.997E-4,3.122E-4,3.453E-4,
0.0,1206.0,99.74,154.6,119.0,0.5002,6.698,1.228,0.5964,0.5249,0.6135,0.0,344.5,0.3189,1.472,0.2374,0.1662,0.4238,0.1551,0.3986,3.724,8.041,0.0,344.5,0.3189,1.472,0.2374,0.1662,0.4238,0.1551,0.3986,3.724,8.041,0.0,0.0,0.0,0.0,0.0,0.0,0.0,0.0,0.0,0.0,0.0,0.0,0.0,333.3,120.5,40.68,1005.0,233.3,10.38,21.39,11.37,5.018,0.0,139.3,6.857,11.33,27.44,9.52,0.02584,0.002872,0.003134,0.002379,0.001663,0.0,0.0,0.0,0.0,0.0,0.0,0.0,0.0,0.0,0.0,0.0,0.0,0.0,0.0,0.0,0.0,0.0,0.0,0.0,0.0,0.0,0.0,0.0,0.0,0.0,0.0,0.0,0.0,0.0,0.0,0.0,0.0,0.0,0.0,0.0,7.991E-4,0.0,143100.0,135200.0,125300.0,24250.0,2.447E7,35020.0,43960.0,36590.0,32270.0,39240.0,0.0,3.3719999999999997E-38,1.015E-38,5.255E-38,2.83E-38,2.9819999999999996E-39,1.012E-39,3.037E-40,1.252E-40,1.024E-40,3.1729999999999998E-40,2.08E-35,0.0,0.3801,0.5347,1.393,0.7345,0.0597,0.03793,0.007107,0.006269,0.003968,0.003697,0.0,0.0,0.001453,3.088E-4,1.079E-5,0.9915,8.473E-4,0.001754,0.00111,0.001279,0.001744,0.0,0.02332,0.001585,0.001575,0.001137,0.1606,0.002545,4.811E-4,9.118E-4,3.027E-4,3.452E-4,
0.0,1209.0,87.75,166.7,114.6,0.7024,8.382,0.8846,0.583,0.5149,0.6124,0.0,344.5,0.3102,1.525,0.2498,0.3152,0.4215,0.1573,0.3993,3.733,7.823,0.0,344.5,0.3102,1.525,0.2498,0.3152,0.4215,0.1573,0.3993,3.733,7.823,0.0,0.0,0.0,0.0,0.0,0.0,0.0,0.0,0.0,0.0,0.0,0.0,0.0,348.0,104.9,40.21,1005.0,233.5,10.05,21.89,10.73,4.247,0.0,139.3,6.855,11.18,27.01,9.554,0.02338,0.002403,0.003134,0.002406,0.003415,0.0,0.0,0.0,0.0,0.0,0.0,0.0,0.0,0.0,0.0,0.0,0.0,0.0,0.0,0.0,0.0,0.0,0.0,0.0,0.0,0.0,0.0,0.0,0.0,0.0,0.0,0.0,0.0,0.0,0.0,0.0,0.0,0.0,0.0,0.0,3.473E-4,0.0,143200.0,119400.0,124300.0,26160.0,2.447E7,41500.0,37080.0,32290.0,27540.0,14150.0,0.0,3.4549999999999997E-38,9.269E-39,5.355E-38,2.752E-38,2.4539999999999998E-39,1.0219999999999999E-39,1.814E-40,1.152E-40,9.867E-41,3.165E-40,2.08E-35,0.0,0.3999,0.4714,1.458,0.7143,0.05159,0.04667,0.005212,0.006219,0.003863,0.003693,0.0,0.0,6.611E-4,2.939E-4,1.314E-4,0.9939,0.00117,0.001431,9.052E-4,0.001043,4.492E-4,0.0,0.02335,0.001464,0.001557,0.001149,0.1609,0.002571,4.376E-4,8.88E-4,2.697E-4,1.761E-4,
0.0,1206.0,84.8,170.9,117.0,0.4922,6.255,0.8054,0.5768,0.5336,0.875,0.0,344.5,0.3377,1.589,0.2514,0.3144,1.26,0.1825,0.4059,3.624,6.961,0.0,344.5,0.3377,1.589,0.2514,0.3144,1.26,0.1825,0.4059,3.624,6.961,0.0,0.0,0.0,0.0,0.0,0.0,0.0,0.0,0.0,0.0,0.0,0.0,0.0,348.8,99.68,36.1,1007.0,255.6,8.148,20.77,4.777,2.588,0.0,138.0,6.915,11.35,26.6,12.0,0.02306,0.002636,0.003325,0.002631,0.003509,0.0,0.0,0.0,0.0,0.0,0.0,0.0,0.0,0.0,0.0,0.0,0.0,0.0,0.0,0.0,0.0,0.0,0.0,0.0,0.0,0.0,0.0,0.0,0.0,0.0,0.0,0.0,0.0,0.0,0.0,0.0,0.0,0.0,0.0,0.0,1.0E-4,0.0,143200.0,120200.0,127400.0,26640.0,2.374E7,42140.0,37770.0,32790.0,28360.0,13910.0,0.0,3.268E-38,8.929999999999999E-39,5.312E-38,2.759E-38,2.4529999999999998E-39,8.678E-40,1.749E-40,1.106E-40,9.494999999999999E-41,3.283E-40,2.08E-35,0.0,0.3803,0.4535,1.488,0.7255,0.05158,0.03577,0.004904,0.006299,0.003978,0.005014,0.0,0.0,7.081E-4,3.148E-4,1.407E-4,0.9935,0.001253,0.001532,9.695E-4,0.001117,4.811E-4,0.0,0.02335,0.00147,0.001561,0.001148,0.1605,0.002606,4.442E-4,8.844E-4,2.812E-4,1.817E-4,
0.0,1208.0,91.46,162.0,116.5,0.05574,5.805,0.9596,0.6099,0.4036,0.8285,0.0,344.5,0.3583,1.562,0.2502,0.3059,0.5283,0.1787,0.398,3.497,7.84,0.0,344.5,0.3583,1.562,0.2502,0.3059,0.5283,0.1787,0.398,3.497,7.84,0.0,0.0,0.0,0.0,0.0,0.0,0.0,0.0,0.0,0.0,0.0,0.0,0.0,349.7,106.6,38.03,1004.0,246.8,8.869,20.34,8.08,3.295,0.0,138.0,7.424,11.8,26.16,13.34,0.02738,0.002564,0.003327,0.002635,0.003509,0.0,0.0,0.0,0.0,0.0,0.0,0.0,0.0,0.0,0.0,0.0,0.0,0.0,0.0,0.0,0.0,0.0,0.0,0.0,0.0,0.0,0.0,0.0,0.0,0.0,0.0,0.0,0.0,0.0,0.0,0.0,0.0,0.0,0.0,0.0,6.81E-4,0.0,143300.0,139300.0,117800.0,25620.0,2.324E7,42140.0,37530.0,33150.0,28450.0,13710.0,0.0,3.341E-38,1.02E-38,5.127E-38,2.717E-38,1.955E-39,8.453E-40,1.794E-40,1.0759999999999999E-40,9.054999999999999E-41,3.2559999999999998E-40,2.08E-35,0.0,0.3937,0.493,1.443,0.7204,0.047,0.03363,0.005645,0.006322,0.003468,0.00479,0.0,0.0,7.302E-4,3.246E-4,1.451E-4,0.9933,0.001292,0.00158,9.998E-4,0.001152,4.961E-4,0.0,0.02337,0.001481,0.001556,0.001147,0.1604,0.002585,4.533E-4,9.052E-4,2.755E-4,1.831E-4,
0.0,1208.0,77.92,170.4,113.1,0.05391,7.383,0.9627,0.612,0.4109,0.8309,0.0,344.5,0.3339,1.579,0.257,0.3036,0.5254,0.1771,0.3986,3.857,7.483,0.0,344.5,0.3339,1.579,0.257,0.3036,0.5254,0.1771,0.3986,3.857,7.483,0.0,0.0,0.0,0.0,0.0,0.0,0.0,0.0,0.0,0.0,0.0,0.0,0.0,363.7,97.81,39.79,996.6,238.3,9.609,21.1,10.13,3.941,0.0,138.0,7.582,15.56,27.32,13.34,0.02269,0.002541,0.003326,0.004895,0.001247,0.0,0.0,0.0,0.0,0.0,0.0,0.0,0.0,0.0,0.0,0.0,0.0,0.0,0.0,0.0,0.0,0.0,0.0,0.0,0.0,0.0,0.0,0.0,0.0,0.0,0.0,0.0,0.0,0.0,0.0,0.0,0.0,0.0,0.0,0.0,5.556E-4,0.0,143400.0,140700.0,115200.0,26130.0,2.299E7,41820.0,37370.0,33380.0,29840.0,12250.0,0.0,3.382E-38,8.118E-39,5.234E-38,2.702E-38,1.957E-39,8.562999999999999E-40,1.7889999999999999E-40,1.033E-40,9.106999999999999E-41,3.25E-40,2.08E-35,0.0,0.4006,0.4269,1.494,0.7137,0.047,0.04226,0.005659,0.00633,0.003509,0.004795,0.0,0.0,7.414E-4,3.296E-4,1.473E-4,0.9932,0.001312,0.001604,0.001015,0.00117,5.037E-4,0.0,0.0234,0.001478,0.001559,0.00115,0.1602,0.002549,4.595E-4,9.08E-4,2.955E-4,1.719E-4,
0.0,1200.0,88.91,168.1,113.2,0.05743,7.212,0.9665,0.6113,0.4174,0.8269,0.0,344.5,0.342,1.565,0.2581,0.3024,0.5246,0.2538,0.3223,4.192,7.148,0.0,344.5,0.342,1.565,0.2581,0.3024,0.5246,0.2538,0.3223,4.192,7.148,0.0,0.0,0.0,0.0,0.0,0.0,0.0,0.0,0.0,0.0,0.0,0.0,0.0,364.5,102.4,41.0,993.5,235.0,9.975,21.52,10.89,4.221,0.0,135.2,7.287,17.0,27.16,13.68,0.0257,0.002557,0.003334,0.004905,0.001251,0.0,0.0,0.0,0.0,0.0,0.0,0.0,0.0,0.0,0.0,0.0,0.0,0.0,0.0,0.0,0.0,0.0,0.0,0.0,0.0,0.0,0.0,0.0,0.0,0.0,0.0,0.0,0.0,0.0,0.0,0.0,0.0,0.0,0.0,0.0,6.586E-4,0.0,143600.0,143500.0,117000.0,26210.0,2.265E7,43110.0,39070.0,34750.0,31450.0,12440.0,0.0,2.92E-38,8.81E-39,5.131E-38,2.651E-38,1.952E-39,8.436E-40,1.783E-40,1.001E-40,9.160999999999999E-41,3.233E-40,2.08E-35,0.0,0.3461,0.4881,1.481,0.7118,0.04678,0.04136,0.00568,0.006333,0.003531,0.004777,0.0,0.0,8.011E-4,3.562E-4,1.592E-4,0.9926,0.001417,0.001734,0.001097,0.001264,5.443E-4,0.0,0.02339,0.001514,0.001562,0.00115,0.16,0.002547,4.815E-4,9.153E-4,3.245E-4,1.623E-4,
0.0,1200.0,89.26,166.7,114.3,1.245,6.91,0.9664,0.6219,0.4065,0.8267,0.0,344.5,0.3399,1.545,0.2617,0.3198,0.5223,0.2551,0.3272,4.272,7.063,0.0,344.5,0.3399,1.545,0.2617,0.3198,0.5223,0.2551,0.3272,4.272,7.063,0.0,0.0,0.0,0.0,0.0,0.0,0.0,0.0,0.0,0.0,0.0,0.0,0.0,366.0,101.2,41.03,998.3,235.0,9.983,22.4,10.01,4.225,0.0,135.2,7.201,16.41,26.71,13.86,0.02243,0.00258,0.003337,0.004907,0.001248,0.0,0.0,0.0,0.0,0.0,0.0,0.0,0.0,0.0,0.0,0.0,0.0,0.0,0.0,0.0,0.0,0.0,0.0,0.0,0.0,0.0,0.0,0.0,0.0,0.0,0.0,0.0,0.0,0.0,0.0,0.0,0.0,0.0,0.0,0.0,1.001E-4,0.0,143600.0,144300.0,121200.0,27530.0,2.252E7,43030.0,38940.0,34960.0,31450.0,12320.0,0.0,2.92E-38,8.85E-39,5.007E-38,2.655E-38,2.6189999999999997E-39,8.314E-40,1.774E-40,9.788E-41,8.926E-41,3.226E-40,2.08E-35,0.0,0.3461,0.4904,1.454,0.7166,0.06804,0.0397,0.005681,0.006477,0.003384,0.004776,0.0,0.0,8.054E-4,3.581E-4,1.601E-4,0.9926,0.001425,0.001743,0.001103,0.001271,5.473E-4,0.0,0.02339,0.001519,0.001571,0.001167,0.16,0.002548,4.826E-4,9.145E-4,3.279E-4,1.619E-4,
0.0,1200.0,88.46,164.4,111.3,0.05954,7.167,0.9668,0.6213,0.4068,0.4987,0.0,344.5,0.3463,1.561,0.2544,0.3041,0.5224,0.2574,0.3249,3.67,7.664,0.0,344.5,0.3463,1.561,0.2544,0.3041,0.5224,0.2574,0.3249,3.67,7.664,0.0,0.0,0.0,0.0,0.0,0.0,0.0,0.0,0.0,0.0,0.0,0.0,0.0,368.5,101.9,40.13,980.2,235.0,9.943,22.37,9.99,4.056,0.0,135.5,7.266,16.7,31.1,14.21,0.01701,0.002619,0.003346,0.004911,0.3148,0.0,0.0,0.0,0.0,0.0,0.0,0.0,0.0,0.0,0.0,0.0,0.0,0.0,0.0,0.0,0.0,0.0,0.0,0.0,0.0,0.0,0.0,0.0,0.0,0.0,0.0,0.0,0.0,0.0,0.0,0.0,0.0,0.0,0.0,0.0,1.018E-4,0.0,143900.0,143000.0,115000.0,25810.0,2.29E7,43540.0,39960.0,35180.0,31900.0,12850.0,0.0,2.983E-38,9.108E-39,4.976E-38,2.584E-38,2.105E-39,9.602E-40,1.767E-40,9.422999999999999E-41,8.873999999999999E-41,3.06E-40,2.08E-35,0.0,0.3565,0.4907,1.451,0.7198,0.05168,0.04094,0.005685,0.006472,0.003385,0.00476,0.0,0.0,8.054E-4,3.581E-4,1.601E-4,0.9926,0.001425,0.001743,0.001103,0.001271,5.473E-4,0.0,0.0234,0.001513,0.001556,0.00116,0.16,0.002552,4.858E-4,9.117E-4,3.288E-4,1.624E-4,
0.0,1201.0,88.24,164.0,113.2,0.1013,7.535,0.5786,0.5925,0.3955,0.5878,0.0,344.5,0.3503,1.539,0.248,0.3035,0.5356,0.2233,0.3207,2.247,9.138,0.0,344.5,0.3503,1.539,0.248,0.3035,0.5356,0.2233,0.3207,2.247,9.138,0.0,0.0,0.0,0.0,0.0,0.0,0.0,0.0,0.0,0.0,0.0,0.0,0.0,371.6,102.4,40.14,980.5,240.0,5.151,22.1,10.0,4.14,0.0,135.5,8.183,15.6,29.72,13.69,0.01183,0.002482,0.003341,0.004912,0.2558,0.0,0.0,0.0,0.0,0.0,0.0,0.0,0.0,0.0,0.0,0.0,0.0,0.0,0.0,0.0,0.0,0.0,0.0,0.0,0.0,0.0,0.0,0.0,0.0,0.0,0.0,0.0,0.0,0.0,0.0,0.0,0.0,0.0,0.0,0.0,1.0E-4,0.0,144000.0,144700.0,112600.0,25480.0,2.381E7,47890.0,38530.0,35850.0,33010.0,13330.0,0.0,2.988E-38,9.387E-39,4.919E-38,2.557E-38,2.072E-39,1.075E-39,6.015999999999999E-41,8.429999999999999E-41,8.855E-41,2.994E-40,2.08E-35,0.0,0.3573,0.4935,1.444,0.7214,0.05103,0.04311,0.003356,0.006289,0.003324,0.005135,0.0,0.0,8.054E-4,3.581E-4,1.601E-4,0.9926,0.001425,0.001743,0.001103,0.001271,5.473E-4,0.0,0.0234,0.001541,0.001529,0.00116,0.1599,0.002696,3.457E-4,9.06E-4,3.312E-4,1.619E-4,
0.0,1201.0,88.7,157.3,100.6,0.1053,9.015,0.5298,0.5794,0.3992,0.6316,0.0,344.5,0.3359,1.547,0.2381,0.3037,0.5483,0.2187,0.3202,2.3,9.082,0.0,344.5,0.3359,1.547,0.2381,0.3037,0.5483,0.2187,0.3202,2.3,9.082,0.0,0.0,0.0,0.0,0.0,0.0,0.0,0.0,0.0,0.0,0.0,0.0,0.0,372.3,104.0,39.84,975.7,241.8,4.407,21.99,9.921,4.15,0.0,135.5,7.825,20.51,39.8,14.07,0.009002,0.002451,0.003319,0.004907,0.2096,0.0,0.0,0.0,0.0,0.0,0.0,0.0,0.0,0.0,0.0,0.0,0.0,0.0,0.0,0.0,0.0,0.0,0.0,0.0,0.0,0.0,0.0,0.0,0.0,0.0,0.0,0.0,0.0,0.0,0.0,0.0,0.0,0.0,0.0,0.0,5.117E-4,0.0,144100.0,147000.0,111700.0,28140.0,2.517E7,49860.0,40620.0,37120.0,34730.0,14150.0,0.0,3.016E-38,9.209E-39,4.879E-38,2.523E-38,2.11E-39,1.147E-39,4.247E-41,7.619999999999999E-41,8.942999999999999E-41,2.99E-40,2.08E-35,0.0,0.3633,0.4918,1.43,0.714,0.05234,0.05102,0.003063,0.006223,0.003333,0.00512,0.0,0.0,8.054E-4,3.581E-4,1.601E-4,0.9926,0.001425,0.001743,0.001103,0.001271,5.473E-4,0.0,0.02341,0.001526,0.001514,0.001174,0.1599,0.002706,3.328E-4,9.012E-4,3.326E-4,1.617E-4,
0.0,1201.0,89.7,154.3,101.5,0.1067,9.427,0.4992,0.5824,0.401,0.6806,0.0,344.5,0.3484,1.532,0.2409,0.3038,0.5364,0.2241,0.3226,2.092,9.293,0.0,344.5,0.3484,1.532,0.2409,0.3038,0.5364,0.2241,0.3226,2.092,9.293,0.0,0.0,0.0,0.0,0.0,0.0,0.0,0.0,0.0,0.0,0.0,0.0,0.0,373.2,104.1,39.93,975.7,242.0,3.963,22.17,9.818,4.157,0.0,135.5,7.826,13.02,46.11,14.07,1.883,0.002436,0.00332,0.003291,0.1627,0.0,0.0,0.0,0.0,0.0,0.0,0.0,0.0,0.0,0.0,0.0,0.0,0.0,0.0,0.0,0.0,0.0,0.0,0.0,0.0,0.0,0.0,0.0,0.0,0.0,0.0,0.0,0.0,0.0,0.0,0.0,0.0,0.0,0.0,0.0,1.0E-4,0.0,144200.0,150800.0,112500.0,27860.0,2.684E7,52470.0,43220.0,39020.0,36020.0,15670.0,0.0,3.016E-38,9.540999999999999E-39,4.813E-38,2.477E-38,2.11E-39,1.488E-39,3.16E-41,7.377999999999999E-41,8.980999999999999E-41,2.988E-40,2.08E-35,0.0,0.3633,0.4998,1.414,0.7178,0.05236,0.05458,0.002881,0.006254,0.003326,0.005127,0.0,0.0,8.054E-4,3.581E-4,1.601E-4,0.9926,0.001425,0.001743,0.001103,0.001271,5.473E-4,0.0,0.02342,0.001525,0.001518,0.001166,0.1599,0.002702,3.241E-4,9.016E-4,3.229E-4,1.721E-4,
0.0,1203.0,85.3,157.7,104.3,0.06393,9.456,0.9109,0.6868,0.4646,0.7354,0.0,344.5,0.3295,1.531,0.2598,0.3038,0.5375,0.2249,0.3231,1.418,9.965,0.0,344.5,0.3295,1.531,0.2598,0.3038,0.5375,0.2249,0.3231,1.418,9.965,0.0,0.0,0.0,0.0,0.0,0.0,0.0,0.0,0.0,0.0,0.0,0.0,0.0,385.0,94.09,41.15,969.8,242.0,3.954,22.31,9.652,4.154,0.0,135.5,7.734,12.32,43.54,14.11,0.301,0.002438,0.003322,0.003272,0.1298,0.0,0.0,0.0,0.0,0.0,0.0,0.0,0.0,0.0,0.0,0.0,0.0,0.0,0.0,0.0,0.0,0.0,0.0,0.0,0.0,0.0,0.0,0.0,0.0,0.0,0.0,0.0,0.0,0.0,0.0,0.0,0.0,0.0,0.0,0.0,4.472E-4,0.0,144300.0,155900.0,113900.0,28030.0,2.867E7,55250.0,46290.0,41190.0,38530.0,16290.0,0.0,3.051E-38,8.269E-39,4.87E-38,2.477E-38,2.11E-39,1.248E-39,7.199999999999999E-41,8.139999999999999E-41,8.908E-41,2.983E-40,2.08E-35,0.0,0.3724,0.4724,1.428,0.7173,0.05236,0.05483,0.004797,0.006754,0.003694,0.004729,0.0,0.0,8.054E-4,3.581E-4,1.601E-4,0.9926,0.001425,0.001743,0.001103,0.001271,5.473E-4,0.0,0.02344,0.001529,0.001503,0.001178,0.1599,0.002675,3.254E-4,9.008E-4,3.199E-4,1.741E-4,
0.0,1205.0,79.75,164.5,107.7,0.3299,8.448,0.9966,0.6531,0.4724,0.8018,0.0,344.5,0.3238,1.543,0.2577,0.3024,0.5327,0.2259,0.3228,1.443,9.94,0.0,344.5,0.3238,1.543,0.2577,0.3024,0.5327,0.2259,0.3228,1.443,9.94,0.0,0.0,0.0,0.0,0.0,0.0,0.0,0.0,0.0,0.0,0.0,0.0,0.0,408.1,82.29,42.59,959.5,242.2,4.636,22.05,9.5,4.148,0.0,135.5,7.352,10.9,42.29,11.27,0.1825,0.003208,0.006812,0.005246,0.05157,0.0,0.0,0.0,0.0,0.0,0.0,0.0,0.0,0.0,0.0,0.0,0.0,0.0,0.0,0.0,0.0,0.0,0.0,0.0,0.0,0.0,0.0,0.0,0.0,0.0,0.0,0.0,0.0,0.0,0.0,0.0,0.0,0.0,0.0,0.0,1.0E-4,0.0,144400.0,219600.0,129200.0,36780.0,3.046E7,56000.0,48970.0,41100.0,39580.0,17080.0,0.0,3.0589999999999997E-38,7.55E-39,4.87E-38,2.444E-38,2.14E-39,1.578E-39,8.567999999999999E-41,7.440999999999999E-41,8.875999999999999E-41,2.978E-40,2.08E-35,0.0,0.3793,0.4412,1.456,0.7115,0.05181,0.05323,0.005791,0.006617,0.003749,0.00466,0.0,0.0,8.054E-4,3.581E-4,1.601E-4,0.9926,0.001425,0.001743,0.001103,0.001271,5.473E-4,0.0,0.02345,0.001877,0.001539,0.001222,0.1594,0.002669,3.267E-4,8.874E-4,3.121E-4,1.752E-4,
0.0,1205.0,79.45,165.5,110.2,0.05472,7.697,0.6998,0.5243,0.3842,1.168,0.0,344.5,0.3296,1.517,0.3472,0.3022,0.7471,0.2301,0.3305,1.453,9.63,0.0,344.5,0.3296,1.517,0.3472,0.3022,0.7471,0.2301,0.3305,1.453,9.63,0.0,0.0,0.0,0.0,0.0,0.0,0.0,0.0,0.0,0.0,0.0,0.0,0.0,395.1,85.47,42.94,971.1,242.9,4.665,21.92,9.296,4.677,0.0,135.5,7.17,20.3,29.96,12.05,0.1137,0.003516,0.008197,0.005989,0.02339,0.0,0.0,0.0,0.0,0.0,0.0,0.0,0.0,0.0,0.0,0.0,0.0,0.0,0.0,0.0,0.0,0.0,0.0,0.0,0.0,0.0,0.0,0.0,0.0,0.0,0.0,0.0,0.0,0.0,0.0,0.0,0.0,0.0,0.0,0.0,1.0E-4,0.0,144600.0,151300.0,114700.0,37450.0,3.224E7,59310.0,52290.0,43610.0,42150.0,17810.0,0.0,3.083E-38,7.469E-39,4.826E-38,2.48E-38,2.15E-39,1.0849999999999999E-39,6.143E-41,5.091999999999999E-41,6.943999999999999E-41,3.0569999999999998E-40,2.08E-35,0.0,0.3834,0.4381,1.455,0.7182,0.05041,0.04771,0.004084,0.005664,0.002908,0.008023,0.0,0.0,8.054E-4,3.581E-4,1.601E-4,0.9926,0.001425,0.001743,0.001103,0.001271,5.473E-4,0.0,0.02346,0.001483,0.001422,0.001222,0.1597,0.002678,3.354E-4,8.967E-4,3.085E-4,2.023E-4,
0.0,1205.0,79.44,161.3,105.6,0.05561,6.635,0.6888,0.4896,0.3434,0.8407,0.0,344.5,0.3237,1.524,0.2821,0.3022,0.5755,0.2302,0.3255,1.449,9.874,0.0,344.5,0.3237,1.524,0.2821,0.3022,0.5755,0.2302,0.3255,1.449,9.874,0.0,0.0,0.0,0.0,0.0,0.0,0.0,0.0,0.0,0.0,0.0,0.0,0.0,401.3,85.47,43.04,963.2,242.8,4.79,22.37,9.752,4.339,0.0,135.5,7.115,14.33,45.73,12.03,0.08082,0.003778,0.009354,0.006615,0.0137,0.0,0.0,0.0,0.0,0.0,0.0,0.0,0.0,0.0,0.0,0.0,0.0,0.0,0.0,0.0,0.0,0.0,0.0,0.0,0.0,0.0,0.0,0.0,0.0,0.0,0.0,0.0,0.0,0.0,0.0,0.0,0.0,0.0,0.0,0.0,1.006E-4,0.0,144700.0,149400.0,107500.0,42930.0,3.171E7,59580.0,51780.0,43910.0,42090.0,17570.0,0.0,3.085E-38,7.711E-39,4.662E-38,2.545E-38,2.149E-39,1.3189999999999999E-39,5.901E-41,4.4889999999999994E-41,6.463999999999999E-41,2.6849999999999998E-40,2.08E-35,0.0,0.384,0.436,1.429,0.7527,0.05038,0.0413,0.003982,0.005328,0.002508,0.004745,0.0,0.0,8.054E-4,3.581E-4,1.601E-4,0.9926,0.001425,0.001743,0.001103,0.001271,5.473E-4,0.0,0.02347,0.001479,0.001393,0.001255,0.1598,0.002672,3.399E-4,9.069E-4,3.189E-4,1.962E-4,
0.0,1200.0,85.92,161.7,103.2,0.05921,6.759,0.7414,0.4361,0.3462,0.8422,0.0,344.5,0.3351,1.55,0.2522,0.2993,0.5696,0.3126,0.2427,1.972,9.352,0.0,344.5,0.3351,1.55,0.2522,0.2993,0.5696,0.3126,0.2427,1.972,9.352,0.0,0.0,0.0,0.0,0.0,0.0,0.0,0.0,0.0,0.0,0.0,0.0,0.0,410.7,85.41,42.88,950.0,242.8,4.777,22.35,9.739,4.335,0.0,133.9,7.419,9.798,52.0,11.45,0.107,0.003794,0.00937,0.006615,0.009672,0.0,0.0,0.0,0.0,0.0,0.0,0.0,0.0,0.0,0.0,0.0,0.0,0.0,0.0,0.0,0.0,0.0,0.0,0.0,0.0,0.0,0.0,0.0,0.0,0.0,0.0,0.0,0.0,0.0,0.0,0.0,0.0,0.0,0.0,0.0,9.031E-4,0.0,144600.0,163100.0,102800.0,40320.0,3.026E7,57580.0,52440.0,39070.0,40250.0,16820.0,0.0,2.844E-38,8.118E-39,4.685E-38,2.491E-38,1.913E-39,1.039E-39,6.198999999999999E-41,3.865E-41,6.441999999999999E-41,2.682E-40,2.08E-35,0.0,0.3539,0.4696,1.431,0.7527,0.04664,0.03813,0.004683,0.00462,0.002528,0.00473,0.0,0.0,8.054E-4,3.581E-4,1.601E-4,0.9926,0.001425,0.001743,0.001103,0.001271,5.473E-4,0.0,0.02346,0.001493,0.001406,0.001242,0.1597,0.002674,7.523E-4,4.907E-4,3.226E-4,1.938E-4,
0.0,1195.0,93.19,159.0,113.5,2.776,6.446,0.7428,0.4415,0.3527,0.8403,0.0,344.5,0.323,1.55,0.2564,0.3073,0.5666,0.312,0.2366,1.929,9.403,0.0,344.5,0.323,1.55,0.2564,0.3073,0.5666,0.312,0.2366,1.929,9.403,0.0,0.0,0.0,0.0,0.0,0.0,0.0,0.0,0.0,0.0,0.0,0.0,0.0,403.3,90.24,43.04,948.7,248.1,4.72,22.08,9.589,4.329,0.0,131.8,7.054,9.502,42.71,11.67,0.1134,0.003381,0.007406,0.00551,0.00772,0.0,0.0,0.0,0.0,0.0,0.0,0.0,0.0,0.0,0.0,0.0,0.0,0.0,0.0,0.0,0.0,0.0,0.0,0.0,0.0,0.0,0.0,0.0,0.0,0.0,0.0,0.0,0.0,0.0,0.0,0.0,0.0,0.0,0.0,0.0,1.0E-4,0.0,144600.0,143600.0,127700.0,35620.0,3.01E7,100500.0,51960.0,37170.0,39160.0,16720.0,0.0,2.569E-38,7.682E-39,4.639E-38,2.484E-38,2.442E-39,8.859E-40,6.050999999999999E-41,3.755E-41,6.445E-41,2.679E-40,2.08E-35,0.0,0.3214,0.4991,1.414,0.7579,0.06272,0.03637,0.004692,0.004643,0.002564,0.004705,0.0,0.0,8.054E-4,3.581E-4,1.601E-4,0.9926,0.001425,0.001743,0.001103,0.001271,5.473E-4,0.0,0.02353,0.00145,0.001583,0.00122,0.1594,0.002859,7.536E-4,4.754E-4,3.169E-4,1.925E-4,
0.0,1195.0,89.09,160.7,120.6,0.04316,8.469,0.8064,0.4598,0.3485,0.8388,0.0,344.5,0.3184,1.556,0.2555,0.301,0.569,0.3137,0.2358,2.394,8.937,0.0,344.5,0.3184,1.556,0.2555,0.301,0.569,0.3137,0.2358,2.394,8.937,0.0,0.0,0.0,0.0,0.0,0.0,0.0,0.0,0.0,0.0,0.0,0.0,0.0,400.0,74.23,41.16,979.7,241.5,5.739,22.68,9.708,4.316,0.0,131.8,6.804,14.1,32.72,11.84,0.3255,0.004308,0.01195,0.007558,0.006802,0.0,0.0,0.0,0.0,0.0,0.0,0.0,0.0,0.0,0.0,0.0,0.0,0.0,0.0,0.0,0.0,0.0,0.0,0.0,0.0,0.0,0.0,0.0,0.0,0.0,0.0,0.0,0.0,0.0,0.0,0.0,0.0,0.0,0.0,0.0,1.0E-4,0.0,144700.0,219700.0,101000.0,37720.0,3.068E7,61100.0,54350.0,39820.0,40820.0,17110.0,0.0,2.588E-38,7.447E-39,4.631E-38,2.454E-38,2.0399999999999998E-39,1.075E-39,8.065999999999999E-41,4.41E-41,6.328999999999999E-41,2.672E-40,2.08E-35,0.0,0.3265,0.4764,1.443,0.7529,0.04481,0.04449,0.005079,0.004758,0.002544,0.004691,0.0,0.0,8.054E-4,3.581E-4,1.601E-4,0.9926,0.001425,0.001743,0.001103,0.001271,5.473E-4,0.0,0.02353,0.001507,0.001429,0.001227,0.1597,0.002588,7.757E-4,4.915E-4,3.244E-4,1.907E-4,
0.0,1191.0,94.01,161.4,125.0,0.03459,5.067,0.7978,0.4362,0.3338,0.8409,0.0,344.5,0.3202,1.56,0.2495,0.3022,0.5655,0.2557,0.222,2.374,9.027,0.0,344.5,0.3202,1.56,0.2495,0.3022,0.5655,0.2557,0.222,2.374,9.027,0.0,0.0,0.0,0.0,0.0,0.0,0.0,0.0,0.0,0.0,0.0,0.0,0.0,402.8,73.65,41.17,977.5,242.2,5.601,22.31,9.497,4.314,0.0,130.3,8.212,13.3,31.39,11.83,0.2021,0.004296,0.01193,0.007549,0.005717,0.0,0.0,0.0,0.0,0.0,0.0,0.0,0.0,0.0,0.0,0.0,0.0,0.0,0.0,0.0,0.0,0.0,0.0,0.0,0.0,0.0,0.0,0.0,0.0,0.0,0.0,0.0,0.0,0.0,0.0,0.0,0.0,0.0,0.0,0.0,1.0E-4,0.0,144700.0,215200.0,102500.0,37000.0,3.172E7,62030.0,56160.0,40490.0,41940.0,17800.0,0.0,2.397E-38,9.459E-39,4.592E-38,2.439E-38,2.2199999999999998E-39,8.404E-40,7.649999999999999E-41,3.4479999999999997E-41,5.854999999999999E-41,2.67E-40,2.08E-35,0.0,0.3041,0.5039,1.44,0.7632,0.04666,0.02974,0.005027,0.004621,0.002452,0.004694,0.0,0.0,8.054E-4,3.581E-4,1.601E-4,0.9926,0.001425,0.001743,0.001103,0.001271,5.473E-4,0.0,0.02354,0.001517,0.001429,0.001226,0.1597,0.002571,7.826E-4,4.824E-4,3.165E-4,1.929E-4,
0.0,1191.0,95.65,160.5,126.5,0.03866,5.234,0.7426,0.4512,0.321,0.8425,0.0,344.5,0.3315,1.553,0.2454,0.3018,0.5662,0.2548,0.2423,2.199,9.181,0.0,344.5,0.3315,1.553,0.2454,0.3018,0.5662,0.2548,0.2423,2.199,9.181,0.0,0.0,0.0,0.0,0.0,0.0,0.0,0.0,0.0,0.0,0.0,0.0,0.0,405.3,74.34,41.46,980.2,242.8,4.787,22.52,9.334,4.325,0.0,130.3,6.602,13.21,30.15,11.77,0.1833,0.004277,0.01184,0.007528,0.005383,0.0,0.0,0.0,0.0,0.0,0.0,0.0,0.0,0.0,0.0,0.0,0.0,0.0,0.0,0.0,0.0,0.0,0.0,0.0,0.0,0.0,0.0,0.0,0.0,0.0,0.0,0.0,0.0,0.0,0.0,0.0,0.0,0.0,0.0,0.0,5.024E-4,0.0,144800.0,216800.0,102000.0,36900.0,3.317E7,63980.0,58140.0,42170.0,43700.0,18590.0,0.0,2.404E-38,7.591E-39,4.5379999999999997E-38,2.407E-38,2.1969999999999998E-39,9.611E-40,5.675999999999999E-41,3.4509999999999997E-41,5.847E-41,2.67E-40,2.08E-35,0.0,0.3068,0.5075,1.43,0.7647,0.04635,0.03111,0.004697,0.004709,0.002374,0.004702,0.0,0.0,8.054E-4,3.581E-4,1.601E-4,0.9926,0.001425,0.001743,0.001103,0.001271,5.473E-4,0.0,0.02356,0.001512,0.001421,0.001229,0.1597,0.002577,7.607E-4,4.8E-4,3.177E-4,1.937E-4,
0.0,1192.0,96.32,157.3,128.9,0.0371,5.64,0.7426,0.4514,0.3217,0.8444,0.0,344.5,0.3274,1.553,0.2492,0.3,0.5665,0.2545,0.239,1.544,9.84,0.0,344.5,0.3274,1.553,0.2492,0.3,0.5665,0.2545,0.239,1.544,9.84,0.0,0.0,0.0,0.0,0.0,0.0,0.0,0.0,0.0,0.0,0.0,0.0,0.0,408.4,74.31,41.62,971.1,242.8,4.776,22.49,9.319,4.322,0.0,130.3,6.578,12.86,29.47,11.77,0.171,0.004277,0.01175,0.007505,0.002556,0.0,0.0,0.0,0.0,0.0,0.0,0.0,0.0,0.0,0.0,0.0,0.0,0.0,0.0,0.0,0.0,0.0,0.0,0.0,0.0,0.0,0.0,0.0,0.0,0.0,0.0,0.0,0.0,0.0,0.0,0.0,0.0,0.0,0.0,0.0,1.0E-4,0.0,145000.0,221900.0,103300.0,37270.0,3.488E7,66160.0,61010.0,44140.0,45880.0,19470.0,0.0,2.424E-38,7.497E-39,4.496E-38,2.406E-38,2.0979999999999998E-39,8.591E-40,5.516999999999999E-41,3.3369999999999995E-41,5.824E-41,2.667E-40,2.08E-35,0.0,0.3116,0.5089,1.412,0.7741,0.04529,0.03283,0.004698,0.004709,0.002378,0.004696,0.0,0.0,8.054E-4,3.581E-4,1.601E-4,0.9926,0.001425,0.001743,0.001103,0.001271,5.473E-4,0.0,0.02359,0.001514,0.001412,0.001228,0.1597,0.002544,7.602E-4,4.806E-4,3.179E-4,1.933E-4,
0.0,1192.0,95.34,157.8,129.6,0.03544,5.884,0.7435,0.4519,0.3214,0.8461,0.0,344.5,0.329,1.543,0.2566,0.3003,0.5635,0.2574,0.239,1.519,9.864,0.0,344.5,0.329,1.543,0.2566,0.3003,0.5635,0.2574,0.239,1.519,9.864,0.0,0.0,0.0,0.0,0.0,0.0,0.0,0.0,0.0,0.0,0.0,0.0,0.0,410.0,74.36,41.64,971.4,242.8,4.782,22.48,9.323,4.324,0.0,136.3,6.583,12.51,23.03,11.77,0.1674,0.004277,0.01172,0.007497,0.001584,0.0,0.0,0.0,0.0,0.0,0.0,0.0,0.0,0.0,0.0,0.0,0.0,0.0,0.0,0.0,0.0,0.0,0.0,0.0,0.0,0.0,0.0,0.0,0.0,0.0,0.0,0.0,0.0,0.0,0.0,0.0,0.0,0.0,0.0,0.0,1.0E-4,0.0,146200.0,228200.0,105300.0,37150.0,3.675E7,68610.0,64100.0,46370.0,48280.0,20440.0,0.0,2.54E-38,7.598E-39,4.432E-38,2.277E-38,2.0979999999999998E-39,9.676E-40,5.361E-41,3.2449999999999995E-41,5.800999999999999E-41,2.665E-40,2.08E-35,0.0,0.34,0.5059,1.407,0.7515,0.0453,0.03398,0.004701,0.004711,0.002377,0.0047,0.0,0.0,8.054E-4,3.581E-4,1.601E-4,0.9926,0.001425,0.001743,0.001103,0.001271,5.473E-4,0.0,0.02366,0.001488,0.001408,0.001186,0.1597,0.002512,7.61E-4,4.807E-4,3.171E-4,1.962E-4,
0.0,1193.0,97.65,153.9,128.0,0.3635,6.385,0.8498,0.4513,0.3219,0.8465,0.0,344.5,0.3669,1.541,0.2664,0.2507,0.5614,0.2547,0.2376,1.517,9.869,0.0,344.5,0.3669,1.541,0.2664,0.2507,0.5614,0.2547,0.2376,1.517,9.869,0.0,0.0,0.0,0.0,0.0,0.0,0.0,0.0,0.0,0.0,0.0,0.0,0.0,414.0,75.06,42.97,970.9,242.6,4.642,22.4,9.219,4.28,0.0,139.1,6.605,12.37,20.17,12.16,0.1669,0.005346,0.01239,0.008273,0.001604,0.0,0.0,0.0,0.0,0.0,0.0,0.0,0.0,0.0,0.0,0.0,0.0,0.0,0.0,0.0,0.0,0.0,0.0,0.0,0.0,0.0,0.0,0.0,0.0,0.0,0.0,0.0,0.0,0.0,0.0,0.0,0.0,0.0,0.0,0.0,6.593E-4,0.0,146600.0,227200.0,132800.0,68100.0,3.641E7,59640.0,53240.0,39630.0,40440.0,16980.0,0.0,2.567E-38,8.637E-39,4.1889999999999997E-38,2.275E-38,2.3369999999999998E-39,1.183E-39,5.846E-41,3.151E-41,5.798E-41,2.664E-40,2.08E-35,0.0,0.3591,0.5283,1.37,0.7388,0.0463,0.03606,0.005249,0.004705,0.002381,0.004701,0.0,0.0,5.537E-4,8.349E-4,0.001035,0.9926,0.001162,0.001422,8.996E-4,0.001037,4.464E-4,0.0,0.02367,0.001461,0.001487,0.001326,0.1597,0.002459,7.32E-4,4.369E-4,2.861E-4,1.825E-4,
0.0,1194.0,95.09,152.7,128.1,0.01529,5.662,0.7436,0.4438,0.3059,0.8505,0.0,344.5,0.3445,1.579,0.2662,0.2463,1.034,0.2593,0.2398,2.253,8.627,0.0,344.5,0.3445,1.579,0.2662,0.2463,1.034,0.2593,0.2398,2.253,8.627,0.0,0.0,0.0,0.0,0.0,0.0,0.0,0.0,0.0,0.0,0.0,0.0,0.0,415.3,77.71,43.38,965.3,249.3,4.101,21.72,3.523,6.749,0.0,143.8,6.616,12.56,18.9,12.68,0.1662,0.005418,0.01243,0.008323,0.0015,0.0,0.0,0.0,0.0,0.0,0.0,0.0,0.0,0.0,0.0,0.0,0.0,0.0,0.0,0.0,0.0,0.0,0.0,0.0,0.0,0.0,0.0,0.0,0.0,0.0,0.0,0.0,0.0,0.0,0.0,0.0,0.0,0.0,0.0,0.0,6.742E-4,0.0,147700.0,225300.0,128300.0,67150.0,3.463E7,59030.0,52780.0,39550.0,40240.0,16760.0,0.0,2.68E-38,7.664E-39,4.183E-38,2.19E-38,2.24E-39,1.1479999999999999E-39,5.225999999999999E-41,3.0839999999999997E-41,5.588999999999999E-41,2.698E-40,2.08E-35,0.0,0.3848,0.5081,1.373,0.7272,0.04441,0.03327,0.004712,0.004652,0.002307,0.004719,0.0,0.0,5.811E-4,8.763E-4,0.001086,0.9922,0.00122,0.001492,9.442E-4,0.001088,4.685E-4,0.0,0.02372,0.001451,0.001488,0.001305,0.1594,0.002447,7.482E-4,4.353E-4,2.933E-4,1.861E-4,
0.0,1194.0,95.55,153.7,127.2,0.01441,5.478,0.7579,0.4362,0.3067,0.7009,0.0,344.5,0.3547,1.586,0.2527,0.2467,1.026,0.2672,0.2369,2.253,8.626,0.0,344.5,0.3547,1.586,0.2527,0.2467,1.026,0.2672,0.2369,2.253,8.626,0.0,0.0,0.0,0.0,0.0,0.0,0.0,0.0,0.0,0.0,0.0,0.0,0.0,415.6,80.45,45.52,958.0,241.9,5.854,21.63,3.932,8.128,0.0,143.8,7.508,13.61,16.49,12.67,0.166,0.005487,0.01247,0.008372,0.00127,0.0,0.0,0.0,0.0,0.0,0.0,0.0,0.0,0.0,0.0,0.0,0.0,0.0,0.0,0.0,0.0,0.0,0.0,0.0,0.0,0.0,0.0,0.0,0.0,0.0,0.0,0.0,0.0,0.0,0.0,0.0,0.0,0.0,0.0,0.0,1.001E-4,0.0,147800.0,224800.0,123500.0,67170.0,3.306E7,58510.0,52180.0,39510.0,39980.0,16530.0,0.0,2.68E-38,7.647E-39,4.1169999999999997E-38,2.227E-38,2.24E-39,1.075E-39,5.165E-41,3.06E-41,5.611999999999999E-41,1.752E-40,2.08E-35,0.0,0.3848,0.508,1.363,0.7367,0.04441,0.03279,0.0049,0.004527,0.002302,0.004086,0.0,0.0,6.066E-4,9.148E-4,0.001134,0.9919,0.001273,0.001558,9.856E-4,0.001136,4.891E-4,0.0,0.02373,0.001456,0.001481,0.001322,0.1591,0.002425,7.636E-4,4.357E-4,2.993E-4,1.878E-4,
0.0,1194.0,101.1,153.4,123.7,0.01423,5.395,0.7613,0.4315,0.3071,2.366,0.0,344.5,0.3644,1.579,0.233,0.246,1.033,0.2686,0.2349,2.253,8.635,0.0,344.5,0.3644,1.579,0.233,0.246,1.033,0.2686,0.2349,2.253,8.635,0.0,0.0,0.0,0.0,0.0,0.0,0.0,0.0,0.0,0.0,0.0,0.0,0.0,411.7,82.6,44.51,954.1,242.3,6.151,21.26,3.976,8.444,0.0,143.8,7.33,12.44,14.7,12.67,0.1659,0.005543,0.01251,0.008412,0.001284,0.0,0.0,0.0,0.0,0.0,0.0,0.0,0.0,0.0,0.0,0.0,0.0,0.0,0.0,0.0,0.0,0.0,0.0,0.0,0.0,0.0,0.0,0.0,0.0,0.0,0.0,0.0,0.0,0.0,0.0,0.0,0.0,0.0,0.0,0.0,6.176E-4,0.0,148200.0,216900.0,118800.0,66720.0,3.173E7,57690.0,51530.0,39550.0,39740.0,16350.0,0.0,2.594E-38,7.707999999999999E-39,4.071E-38,2.092E-38,2.24E-39,1.0219999999999999E-39,5.017E-41,2.979E-41,5.593E-41,6.8479999999999996E-40,2.08E-35,0.0,0.3837,0.5333,1.361,0.7049,0.04442,0.03229,0.004945,0.004465,0.002307,0.01499,0.0,0.0,6.299E-4,9.499E-4,0.001177,0.9916,0.001322,0.001617,0.001023,0.001179,5.079E-4,0.0,0.02374,0.001456,0.001481,0.001292,0.1589,0.002425,7.693E-4,4.431E-4,3.05E-4,2.109E-4,
0.0,1197.0,101.5,151.3,127.7,0.01478,5.586,0.7601,0.4318,0.3086,0.6274,0.0,344.5,0.3862,1.501,0.2758,0.2459,1.033,0.2682,0.2348,2.253,8.648,0.0,344.5,0.3862,1.501,0.2758,0.2459,1.033,0.2682,0.2348,2.253,8.648,0.0,0.0,0.0,0.0,0.0,0.0,0.0,0.0,0.0,0.0,0.0,0.0,0.0,409.5,85.61,44.82,951.8,242.3,6.074,21.44,4.019,8.465,0.0,143.9,7.782,10.28,12.44,12.65,0.1659,0.005649,0.01252,0.008462,0.001311,0.0,0.0,0.0,0.0,0.0,0.0,0.0,0.0,0.0,0.0,0.0,0.0,0.0,0.0,0.0,0.0,0.0,0.0,0.0,0.0,0.0,0.0,0.0,0.0,0.0,0.0,0.0,0.0,0.0,0.0,0.0,0.0,0.0,0.0,0.0,1.0E-4,0.0,148500.0,205900.0,114700.0,64640.0,2.963E7,56210.0,51120.0,38710.0,39180.0,16260.0,0.0,2.636E-38,8.263999999999999E-39,3.9369999999999997E-38,2.138E-38,2.239E-39,1.023E-39,4.832E-41,2.9179999999999997E-41,5.58E-41,1.325E-40,2.08E-35,0.0,0.3975,0.5495,1.317,0.7282,0.04439,0.03338,0.004926,0.004473,0.00232,0.00365,0.0,0.0,6.726E-4,0.001014,0.001257,0.991,0.001412,0.001727,0.001093,0.001259,5.423E-4,0.0,0.02378,0.001457,0.001479,0.001296,0.1587,0.002407,7.843E-4,4.509E-4,3.161E-4,2.16E-4,
0.0,1196.0,102.9,152.8,125.9,0.01483,5.643,0.7174,0.4349,0.3078,0.6289,0.0,344.5,0.3585,1.566,0.2394,0.2459,1.093,0.208,0.2096,2.726,8.198,0.0,344.5,0.3585,1.566,0.2394,0.2459,1.093,0.208,0.2096,2.726,8.198,0.0,0.0,0.0,0.0,0.0,0.0,0.0,0.0,0.0,0.0,0.0,0.0,0.0,408.5,87.16,44.65,953.9,242.2,6.033,21.26,3.911,8.461,0.0,146.4,7.454,10.3,8.056,12.67,0.1646,0.005195,0.01044,0.007259,0.001261,0.0,0.0,0.0,0.0,0.0,0.0,0.0,0.0,0.0,0.0,0.0,0.0,0.0,0.0,0.0,0.0,0.0,0.0,0.0,0.0,0.0,0.0,0.0,0.0,0.0,0.0,0.0,0.0,0.0,0.0,0.0,0.0,0.0,0.0,0.0,1.001E-4,0.0,148900.0,198200.0,110800.0,59180.0,2.819E7,55570.0,45750.0,35340.0,36390.0,15490.0,0.0,2.647E-38,7.562999999999999E-39,3.987E-38,1.98E-38,2.24E-39,1.021E-39,4.3959999999999996E-41,2.8449999999999996E-41,5.575E-41,1.33E-40,2.08E-35,0.0,0.4034,0.5454,1.331,0.7072,0.04443,0.034,0.004389,0.004484,0.00232,0.003666,0.0,0.0,6.726E-4,0.001014,0.001257,0.991,0.001412,0.001727,0.001093,0.001259,5.423E-4,0.0,0.0238,0.001463,0.001463,0.001249,0.1587,0.002753,4.295E-4,4.419E-4,3.146E-4,2.2E-4,
0.0,1193.0,109.1,148.3,128.2,0.01471,6.396,1.51,0.5038,0.2356,0.6275,0.0,344.5,0.4129,1.5,0.2523,0.2456,1.094,0.4072,0.6661,2.999,7.265,0.0,344.5,0.4129,1.5,0.2523,0.2456,1.094,0.4072,0.6661,2.999,7.265,0.0,0.0,0.0,0.0,0.0,0.0,0.0,0.0,0.0,0.0,0.0,0.0,0.0,411.1,85.82,46.69,956.8,241.1,6.059,21.02,4.083,8.453,0.0,144.9,7.749,9.82,7.63,12.62,0.1654,0.005546,0.01202,0.008168,0.001297,0.0,0.0,0.0,0.0,0.0,0.0,0.0,0.0,0.0,0.0,0.0,0.0,0.0,0.0,0.0,0.0,0.0,0.0,0.0,0.0,0.0,0.0,0.0,0.0,0.0,0.0,0.0,0.0,0.0,0.0,0.0,0.0,0.0,0.0,0.0,1.0E-4,0.0,149000.0,195700.0,111000.0,60570.0,2.795E7,56240.0,45850.0,36940.0,36090.0,15370.0,0.0,2.477E-38,8.778E-39,3.786E-38,1.9739999999999999E-38,2.2379999999999998E-39,1.4039999999999999E-39,7.131E-41,2.875E-41,5.480999999999999E-41,1.328E-40,2.08E-35,0.0,0.3796,0.595,1.288,0.7169,0.04434,0.03676,0.008378,0.004898,0.001854,0.003658,0.0,0.0,6.726E-4,0.001014,0.001257,0.991,0.001412,0.001727,0.001093,0.001259,5.423E-4,0.0,0.0238,0.001478,0.001463,0.00126,0.1587,0.00277,4.334E-4,4.911E-4,2.726E-4,2.164E-4,
0.0,1194.0,108.3,148.4,127.7,0.4329,7.08,1.288,0.5022,0.2413,0.6263,0.0,344.5,0.3562,1.561,0.2326,0.2431,1.101,0.1984,0.2034,2.796,8.13,0.0,344.5,0.3562,1.561,0.2326,0.2431,1.101,0.1984,0.2034,2.796,8.13,0.0,0.0,0.0,0.0,0.0,0.0,0.0,0.0,0.0,0.0,0.0,0.0,0.0,406.5,95.55,45.83,956.9,241.1,5.954,20.63,5.105,8.456,0.0,144.9,7.537,9.694,7.364,12.59,0.1659,0.00558,0.01214,0.008235,0.001302,0.0,0.0,0.0,0.0,0.0,0.0,0.0,0.0,0.0,0.0,0.0,0.0,0.0,0.0,0.0,0.0,0.0,0.0,0.0,0.0,0.0,0.0,0.0,0.0,0.0,0.0,0.0,0.0,0.0,0.0,0.0,0.0,0.0,0.0,0.0,6.212E-4,0.0,149100.0,195300.0,117500.0,61070.0,2.847E7,57260.0,46920.0,37390.0,36730.0,15730.0,0.0,2.492E-38,7.510999999999999E-39,3.852E-38,1.969E-38,2.245E-39,1.188E-39,6.201E-41,2.801E-41,5.497E-41,1.326E-40,2.08E-35,0.0,0.3843,0.5715,1.299,0.7144,0.04682,0.03875,0.007028,0.004852,0.001992,0.003653,0.0,0.0,6.726E-4,0.001014,0.001257,0.991,0.001412,0.001727,0.001093,0.001259,5.423E-4,0.0,0.02382,0.001455,0.001496,0.001251,0.1586,0.002759,4.254E-4,4.931E-4,2.805E-4,2.149E-4,
0.0,1197.0,111.6,145.7,124.4,0.4352,5.844,1.286,0.4744,0.2672,0.603,0.0,344.5,0.3657,1.546,0.2281,0.2436,1.168,0.1944,0.1985,3.264,7.608,0.0,344.5,0.3657,1.546,0.2281,0.2436,1.168,0.1944,0.1985,3.264,7.608,0.0,0.0,0.0,0.0,0.0,0.0,0.0,0.0,0.0,0.0,0.0,0.0,0.0,408.2,97.1,46.07,948.0,241.9,6.189,20.07,5.329,8.2,0.0,144.9,7.453,9.549,7.196,12.6,0.1667,0.005595,0.01216,0.008236,0.001305,0.0,0.0,0.0,0.0,0.0,0.0,0.0,0.0,0.0,0.0,0.0,0.0,0.0,0.0,0.0,0.0,0.0,0.0,0.0,0.0,0.0,0.0,0.0,0.0,0.0,0.0,0.0,0.0,0.0,0.0,0.0,0.0,0.0,0.0,0.0,1.001E-4,0.0,149300.0,197500.0,119700.0,62600.0,2.959E7,59320.0,48850.0,38420.0,38180.0,16270.0,0.0,2.539E-38,7.940999999999999E-39,3.778E-38,1.9019999999999999E-38,2.2459999999999998E-39,1.043E-39,6.096E-41,2.4859999999999997E-41,5.746E-41,1.3E-40,2.08E-35,0.0,0.4039,0.5885,1.275,0.7009,0.04684,0.03396,0.007017,0.004573,0.002234,0.003433,0.0,0.0,6.726E-4,0.001014,0.001257,0.991,0.001412,0.001727,0.001093,0.001259,5.423E-4,0.0,0.02383,0.001421,0.001486,0.001244,0.1587,0.002788,4.153E-4,4.811E-4,2.971E-4,2.083E-4,
0.0,1200.0,106.7,149.8,121.1,0.4265,6.928,1.257,0.4737,0.2552,0.5552,0.0,344.5,0.3752,1.51,0.2087,0.2432,1.145,0.11,0.182,3.543,7.493,0.0,344.5,0.3752,1.51,0.2087,0.2432,1.145,0.11,0.182,3.543,7.493,0.0,0.0,0.0,0.0,0.0,0.0,0.0,0.0,0.0,0.0,0.0,0.0,0.0,407.0,98.7,46.45,945.4,241.2,6.892,20.22,5.357,7.909,0.0,144.9,7.414,9.498,7.094,12.61,0.2023,0.008729,0.01267,0.008925,0.002165,0.0,0.0,0.0,0.0,0.0,0.0,0.0,0.0,0.0,0.0,0.0,0.0,0.0,0.0,0.0,0.0,0.0,0.0,0.0,0.0,0.0,0.0,0.0,0.0,0.0,0.0,0.0,0.0,0.0,0.0,0.0,0.0,0.0,0.0,0.0,4.99E-4,0.0,149300.0,190500.0,118400.0,64740.0,3.106E7,61050.0,51980.0,40000.0,40070.0,17030.0,0.0,2.577E-38,7.833999999999999E-39,3.747E-38,1.842E-38,2.244E-39,1.172E-39,7.381E-41,2.3649999999999996E-41,5.737999999999999E-41,1.261E-40,2.08E-35,0.0,0.4187,0.5684,1.287,0.6829,0.04682,0.04055,0.007071,0.004692,0.002235,0.003122,0.0,0.0,6.726E-4,0.001014,0.001257,0.991,0.001412,0.001727,0.001093,0.001259,5.423E-4,0.0,0.02384,0.00141,0.001487,0.001255,0.1587,0.00277,4.244E-4,4.832E-4,2.966E-4,1.999E-4,
0.0,1195.0,111.9,146.4,122.7,0.4267,5.831,1.273,0.488,0.2686,0.5731,0.0,344.5,0.3559,1.53,0.2155,0.2568,1.034,0.1614,0.1921,3.089,7.973,0.0,344.5,0.3559,1.53,0.2155,0.2568,1.034,0.1614,0.1921,3.089,7.973,0.0,0.0,0.0,0.0,0.0,0.0,0.0,0.0,0.0,0.0,0.0,0.0,0.0,408.6,98.34,46.11,946.5,241.9,6.083,20.37,5.313,7.91,0.0,143.3,8.236,8.945,9.389,13.42,0.164,0.01092,0.01305,0.009406,0.002766,0.0,0.0,0.0,0.0,0.0,0.0,0.0,0.0,0.0,0.0,0.0,0.0,0.0,0.0,0.0,0.0,0.0,0.0,0.0,0.0,0.0,0.0,0.0,0.0,0.0,0.0,0.0,0.0,0.0,0.0,0.0,0.0,0.0,0.0,0.0,4.682E-4,0.0,149300.0,174700.0,134400.0,73550.0,3.272E7,63790.0,54210.0,42010.0,42250.0,17940.0,0.0,2.38E-38,7.703E-39,3.675E-38,1.825E-38,3.1429999999999996E-39,1.0329999999999999E-39,6.216999999999999E-41,2.379E-41,5.787E-41,1.265E-40,2.08E-35,0.0,0.3867,0.5933,1.277,0.6906,0.06034,0.03372,0.006971,0.004763,0.002276,0.003184,0.0,0.0,6.726E-4,0.001014,0.001257,0.991,0.001412,0.001727,0.001093,0.001259,5.423E-4,0.0,0.02382,0.001411,0.001487,0.001255,0.1586,0.002809,3.827E-4,4.845E-4,2.962E-4,2.001E-4,
0.0,1195.0,111.8,146.3,123.7,0.4267,5.953,1.319,0.4964,0.2813,0.5744,0.0,344.5,0.3571,1.526,0.2174,0.2561,1.034,0.1658,0.1832,3.093,7.973,0.0,344.5,0.3571,1.526,0.2174,0.2561,1.034,0.1658,0.1832,3.093,7.973,0.0,0.0,0.0,0.0,0.0,0.0,0.0,0.0,0.0,0.0,0.0,0.0,0.0,408.1,99.46,46.0,942.1,241.9,6.838,18.81,5.986,7.924,0.0,143.3,7.715,9.13,8.659,13.35,0.1546,0.00737,0.01243,0.008628,0.001794,0.0,0.0,0.0,0.0,0.0,0.0,0.0,0.0,0.0,0.0,0.0,0.0,0.0,0.0,0.0,0.0,0.0,0.0,0.0,0.0,0.0,0.0,0.0,0.0,0.0,0.0,0.0,0.0,0.0,0.0,0.0,0.0,0.0,0.0,0.0,1.002E-4,0.0,149300.0,173900.0,131200.0,75230.0,3.459E7,65840.0,57280.0,44350.0,44640.0,18920.0,0.0,2.38E-38,7.487E-39,3.648E-38,1.81E-38,3.097E-39,1.048E-39,6.691999999999999E-41,2.9219999999999996E-41,5.790999999999999E-41,1.264E-40,2.08E-35,0.0,0.3867,0.5876,1.28,0.6912,0.05974,0.0348,0.007392,0.004792,0.002411,0.003188,0.0,0.0,6.726E-4,0.001014,0.001257,0.991,0.001412,0.001727,0.001093,0.001259,5.423E-4,0.0,0.02382,0.001413,0.00148,0.001249,0.1587,0.002813,3.815E-4,4.931E-4,2.927E-4,2.0E-4,
0.0,1195.0,111.0,142.4,122.2,0.8796,8.01,1.34,0.5571,0.2932,0.6095,0.0,344.5,0.3646,1.489,0.2403,0.2556,1.045,0.1654,0.182,3.087,7.972,0.0,344.5,0.3646,1.489,0.2403,0.2556,1.045,0.1654,0.182,3.087,7.972,0.0,0.0,0.0,0.0,0.0,0.0,0.0,0.0,0.0,0.0,0.0,0.0,0.0,409.1,102.4,46.24,935.0,241.8,6.757,18.6,5.258,7.797,0.0,143.3,7.812,9.431,8.493,13.18,1.984,0.04785,0.1355,0.1273,0.07295,0.0,0.0,0.0,0.0,0.0,0.0,0.0,0.0,0.0,0.0,0.0,0.0,0.0,0.0,0.0,0.0,0.0,0.0,0.0,0.0,0.0,0.0,0.0,0.0,0.0,0.0,0.0,0.0,0.0,0.0,0.0,0.0,0.0,0.0,0.0,4.326E-4,0.0,149400.0,175000.0,128300.0,78150.0,3.65E7,69720.0,60470.0,46810.0,47350.0,19960.0,0.0,2.398E-38,7.472999999999999E-39,3.592E-38,1.768E-38,3.1069999999999996E-39,1.2629999999999999E-39,6.627E-41,2.8709999999999997E-41,5.285E-41,1.261E-40,2.08E-35,0.0,0.3891,0.5858,1.243,0.6951,0.05941,0.0579,0.007743,0.005827,0.002953,0.003786,0.0,0.0,6.726E-4,0.001014,0.001257,0.991,0.001412,0.001727,0.001093,0.001259,5.423E-4,0.0,0.02383,0.001403,0.00148,0.001264,0.1586,0.00282,3.804E-4,4.897E-4,2.822E-4,1.979E-4,
0.0,1188.0,120.8,142.2,116.6,0.4291,7.728,1.38,0.6642,0.3989,1.355,0.0,344.5,0.3584,1.835,0.2689,0.2552,1.025,0.1683,0.1842,2.557,8.149,0.0,344.5,0.3584,1.835,0.2689,0.2552,1.025,0.1683,0.1842,2.557,8.149,0.0,0.0,0.0,0.0,0.0,0.0,0.0,0.0,0.0,0.0,0.0,0.0,0.0,397.7,105.2,46.46,940.9,240.7,6.845,18.78,5.574,7.936,0.0,140.8,7.747,8.54,15.96,13.15,0.7372,0.03857,0.1089,0.1012,0.05747,0.0,0.0,0.0,0.0,0.0,0.0,0.0,0.0,0.0,0.0,0.0,0.0,0.0,0.0,0.0,0.0,0.0,0.0,0.0,0.0,0.0,0.0,0.0,0.0,0.0,0.0,0.0,0.0,0.0,0.0,0.0,0.0,0.0,0.0,0.0,1.0E-4,0.0,149400.0,156200.0,126700.0,76010.0,3.44E7,66090.0,56600.0,44800.0,44730.0,18760.0,0.0,2.117E-38,7.439999999999999E-39,3.577E-38,1.75E-38,3.052E-39,1.1479999999999999E-39,6.61E-41,2.9459999999999995E-41,5.345999999999999E-41,3.25E-40,2.08E-35,0.0,0.3434,0.6303,1.244,0.7009,0.05745,0.04647,0.007786,0.005892,0.003048,0.01171,0.0,0.0,6.726E-4,0.001014,0.001257,0.991,0.001412,0.001727,0.001093,0.001259,5.423E-4,0.0,0.02382,0.001402,0.001461,0.001274,0.1587,0.002791,3.829E-4,4.955E-4,2.877E-4,2.095E-4,
0.0,1183.0,121.5,144.2,116.4,2.637,7.869,1.379,0.7755,0.4281,0.8066,0.0,344.5,0.3511,1.539,0.2085,0.2615,0.8978,0.1096,0.234,2.491,8.698,0.0,344.5,0.3511,1.539,0.2085,0.2615,0.8978,0.1096,0.234,2.491,8.698,0.0,0.0,0.0,0.0,0.0,0.0,0.0,0.0,0.0,0.0,0.0,0.0,0.0,387.3,102.2,46.83,956.9,240.6,6.057,21.51,3.805,7.92,0.0,138.0,9.037,8.026,15.0,16.67,0.3548,0.01692,0.04588,0.04075,0.02088,0.0,0.0,0.0,0.0,0.0,0.0,0.0,0.0,0.0,0.0,0.0,0.0,0.0,0.0,0.0,0.0,0.0,0.0,0.0,0.0,0.0,0.0,0.0,0.0,0.0,0.0,0.0,0.0,0.0,0.0,0.0,0.0,0.0,0.0,0.0,1.002E-4,0.0,149300.0,194100.0,127600.0,74950.0,3.317E7,64440.0,54380.0,43660.0,43320.0,18090.0,0.0,1.86E-38,6.886E-39,3.5159999999999997E-38,1.763E-38,3.551E-39,1.1839999999999999E-39,6.605999999999999E-41,3.044E-41,5.345999999999999E-41,1.315E-40,2.08E-35,0.0,0.3131,0.6278,1.249,0.698,0.09153,0.04667,0.007629,0.00644,0.002706,0.004208,0.0,0.0,6.726E-4,0.001014,0.001257,0.991,0.001412,0.001727,0.001093,0.001259,5.423E-4,0.0,0.0238,0.001446,0.001442,0.001278,0.1586,0.002767,3.862E-4,4.856E-4,2.939E-4,2.17E-4,
0.0,1183.0,119.6,142.1,118.4,4.887,8.077,1.356,0.7964,0.4456,0.7605,0.0,344.5,0.3407,1.494,0.1951,0.3297,0.9174,0.1006,0.2324,2.495,8.676,0.0,344.5,0.3407,1.494,0.1951,0.3297,0.9174,0.1006,0.2324,2.495,8.676,0.0,0.0,0.0,0.0,0.0,0.0,0.0,0.0,0.0,0.0,0.0,0.0,0.0,388.7,109.6,46.16,947.8,242.0,5.875,21.38,3.663,7.856,0.0,138.0,9.011,7.775,15.63,15.72,0.04438,0.006067,0.01502,0.01094,0.003036,0.0,0.0,0.0,0.0,0.0,0.0,0.0,0.0,0.0,0.0,0.0,0.0,0.0,0.0,0.0,0.0,0.0,0.0,0.0,0.0,0.0,0.0,0.0,0.0,0.0,0.0,0.0,0.0,0.0,0.0,0.0,0.0,0.0,0.0,0.0,5.453E-4,0.0,149400.0,185100.0,401500.0,62020.0,3.264E7,188000.0,43750.0,36830.0,35410.0,14710.0,0.0,1.862E-38,6.636E-39,3.367E-38,1.793E-38,4.5189999999999995E-39,9.808E-40,6.566999999999999E-41,3.0789999999999995E-41,5.45E-41,1.293E-40,2.08E-35,0.0,0.3134,0.6154,1.224,0.7122,0.1133,0.04307,0.007543,0.006414,0.002673,0.003993,0.0,0.0,2.152E-4,0.01014,8.159E-4,0.9796,0.0056,0.001363,8.625E-4,9.939E-4,4.28E-4,0.0,0.02383,0.001391,0.002702,0.001222,0.1569,0.003312,3.443E-4,4.552E-4,2.566E-4,1.945E-4,
0.0,1184.0,119.9,143.2,112.5,2.516,10.08,1.531,0.839,0.4983,0.8103,0.0,344.5,0.3409,1.606,0.1961,0.2206,0.8891,0.1083,0.2336,2.509,8.677,0.0,344.5,0.3409,1.606,0.1961,0.2206,0.8891,0.1083,0.2336,2.509,8.677,0.0,0.0,0.0,0.0,0.0,0.0,0.0,0.0,0.0,0.0,0.0,0.0,0.0,388.1,104.7,46.73,952.4,239.2,5.829,21.45,3.672,7.86,0.0,138.6,9.23,7.991,16.55,17.97,0.136,0.008877,0.01521,0.01157,0.002967,0.0,0.0,0.0,0.0,0.0,0.0,0.0,0.0,0.0,0.0,0.0,0.0,0.0,0.0,0.0,0.0,0.0,0.0,0.0,0.0,0.0,0.0,0.0,0.0,0.0,0.0,0.0,0.0,0.0,0.0,0.0,0.0,0.0,0.0,0.0,6.607E-4,0.0,150800.0,180300.0,132300.0,61780.0,3.133E7,40540.0,42030.0,35260.0,33930.0,14200.0,0.0,1.8839999999999999E-38,6.78E-39,3.389E-38,1.798E-38,3.255E-39,1.1589999999999999E-39,7.235999999999999E-41,3.1679999999999995E-41,5.604E-41,1.304E-40,2.08E-35,0.0,0.3185,0.6192,1.238,0.7033,0.08731,0.05263,0.008277,0.006588,0.002884,0.004149,0.0,0.0,2.184E-4,7.446E-4,8.279E-4,0.9941,4.346E-4,0.001383,8.752E-4,0.001009,4.343E-4,0.0,0.02384,0.001364,0.001382,0.001238,0.1584,0.002593,3.486E-4,4.554E-4,2.586E-4,1.96E-4,
0.0,1187.0,119.9,144.3,112.0,2.367,9.355,1.222,0.8062,0.4529,0.8109,0.0,344.5,0.3409,1.556,0.2396,0.2205,0.8926,0.1084,0.2346,2.618,8.568,0.0,344.5,0.3409,1.556,0.2396,0.2205,0.8926,0.1084,0.2346,2.618,8.568,0.0,0.0,0.0,0.0,0.0,0.0,0.0,0.0,0.0,0.0,0.0,0.0,0.0,383.5,108.9,47.86,953.3,239.3,5.053,21.67,3.702,7.873,0.0,140.2,9.104,7.924,12.69,18.13,0.1211,0.008754,0.01455,0.01096,0.00258,0.0,0.0,0.0,0.0,0.0,0.0,0.0,0.0,0.0,0.0,0.0,0.0,0.0,0.0,0.0,0.0,0.0,0.0,0.0,0.0,0.0,0.0,0.0,0.0,0.0,0.0,0.0,0.0,0.0,0.0,0.0,0.0,0.0,0.0,0.0,7.596E-4,0.0,151300.0,180700.0,131400.0,61010.0,2.963E7,38850.0,41530.0,34820.0,33510.0,14050.0,0.0,1.951E-38,6.758E-39,3.3109999999999997E-38,1.7579999999999999E-38,3.254E-39,1.284E-39,1.009E-40,2.9449999999999997E-41,5.351999999999999E-41,1.301E-40,2.08E-35,0.0,0.3387,0.6186,1.231,0.6933,0.08731,0.05181,0.007211,0.006457,0.002676,0.004148,0.0,0.0,2.3E-4,7.843E-4,8.72E-4,0.9938,4.578E-4,0.001457,9.219E-4,0.001062,4.574E-4,0.0,0.02387,0.001359,0.001387,0.001217,0.1583,0.002579,3.557E-4,4.627E-4,2.656E-4,1.99E-4,
0.0,1187.0,119.4,143.2,105.8,0.1141,6.882,0.9335,0.7556,0.4102,0.5228,0.0,344.5,0.2969,1.558,0.1601,0.2209,1.114,0.07713,0.2276,2.767,8.353,0.0,344.5,0.2969,1.558,0.1601,0.2209,1.114,0.07713,0.2276,2.767,8.353,0.0,0.0,0.0,0.0,0.0,0.0,0.0,0.0,0.0,0.0,0.0,0.0,0.0,377.8,108.7,41.32,955.7,255.5,7.784,21.33,3.049,3.877,0.0,140.2,9.295,8.385,22.07,20.29,0.4569,0.009058,0.01455,0.011,0.002557,0.0,0.0,0.0,0.0,0.0,0.0,0.0,0.0,0.0,0.0,0.0,0.0,0.0,0.0,0.0,0.0,0.0,0.0,0.0,0.0,0.0,0.0,0.0,0.0,0.0,0.0,0.0,0.0,0.0,0.0,0.0,0.0,0.0,0.0,0.0,4.447E-4,0.0,151400.0,179700.0,131500.0,64960.0,2.885E7,39220.0,45410.0,37280.0,36320.0,15250.0,0.0,1.97E-38,6.711E-39,3.289E-38,1.7579999999999999E-38,3.25E-39,9.178E-40,8.409999999999999E-41,2.473E-41,4.98E-41,1.151E-40,2.08E-35,0.0,0.3429,0.6169,1.229,0.7067,0.0869,0.03963,0.005691,0.006199,0.002462,0.002752,0.0,0.0,2.623E-4,8.942E-4,9.943E-4,0.9929,5.219E-4,0.001661,0.001051,0.001211,5.216E-4,0.0,0.02388,0.001343,0.001397,0.00122,0.1579,0.002615,3.865E-4,4.762E-4,2.822E-4,2.009E-4,
0.0,1190.0,117.8,139.5,103.6,1.104,8.261,1.274,0.4032,0.4017,0.4998,0.0,344.5,0.1639,1.517,0.1427,0.2188,0.4468,0.202,0.08162,2.313,9.685,0.0,344.5,0.1639,1.517,0.1427,0.2188,0.4468,0.202,0.08162,2.313,9.685,0.0,0.0,0.0,0.0,0.0,0.0,0.0,0.0,0.0,0.0,0.0,0.0,0.0,376.6,109.5,41.06,952.9,258.6,24.8,2.598,3.222,1.777,0.0,142.5,9.771,8.929,20.63,20.43,0.3819,0.009117,0.0145,0.01096,0.002522,0.0,0.0,0.0,0.0,0.0,0.0,0.0,0.0,0.0,0.0,0.0,0.0,0.0,0.0,0.0,0.0,0.0,0.0,0.0,0.0,0.0,0.0,0.0,0.0,0.0,0.0,0.0,0.0,0.0,0.0,0.0,0.0,0.0,0.0,0.0,1.0E-4,0.0,151800.0,178900.0,131400.0,63660.0,2.735E7,37830.0,45900.0,34830.0,35480.0,14790.0,0.0,2.044E-38,6.958E-39,3.193E-38,1.6859999999999999E-38,3.402E-39,1.027E-39,8.723999999999999E-41,1.9949999999999999E-41,4.232E-41,1.057E-40,2.08E-35,0.0,0.3694,0.6176,1.209,0.6852,0.09324,0.04689,0.009508,0.002307,0.002341,0.002563,0.0,0.0,2.71E-4,9.24E-4,0.001027,0.9926,5.393E-4,0.001716,0.001086,0.001252,5.389E-4,0.0,0.02394,0.001328,0.001398,0.001201,0.1579,0.002601,5.719E-4,3.016E-4,2.873E-4,2.004E-4,
0.0,1190.0,117.8,135.2,103.1,0.9377,6.826,1.464,0.4568,0.4316,0.4983,0.0,344.5,0.1485,1.56,0.1513,0.2184,0.4145,0.2055,0.08308,2.494,9.493,0.0,344.5,0.1485,1.56,0.1513,0.2184,0.4145,0.2055,0.08308,2.494,9.493,0.0,0.0,0.0,0.0,0.0,0.0,0.0,0.0,0.0,0.0,0.0,0.0,0.0,385.6,103.4,41.24,952.6,264.1,20.53,2.622,3.298,1.785,0.0,142.5,9.747,12.92,21.88,20.99,0.5767,0.009099,0.01445,0.01092,0.002496,0.0,0.0,0.0,0.0,0.0,0.0,0.0,0.0,0.0,0.0,0.0,0.0,0.0,0.0,0.0,0.0,0.0,0.0,0.0,0.0,0.0,0.0,0.0,0.0,0.0,0.0,0.0,0.0,0.0,0.0,0.0,0.0,0.0,0.0,0.0,8.185E-4,0.0,151900.0,179800.0,132000.0,64460.0,2.656E7,37140.0,44320.0,34150.0,34550.0,14290.0,0.0,2.044E-38,6.516E-39,3.164E-38,1.727E-38,3.4399999999999996E-39,9.146E-40,9.741E-41,2.3589999999999996E-41,2.0549999999999997E-41,1.053E-40,2.08E-35,0.0,0.3694,0.6078,1.206,0.6984,0.09418,0.04314,0.01054,0.002597,0.002253,0.002553,0.0,0.0,2.71E-4,9.24E-4,0.001027,0.9926,5.393E-4,0.001716,0.001086,0.001252,5.389E-4,0.0,0.02394,0.001335,0.001383,0.001235,0.1578,0.002609,5.629E-4,3.007E-4,2.967E-4,1.929E-4,
0.0,1190.0,118.5,134.8,106.0,0.9212,6.079,1.565,0.4825,0.4637,0.4984,0.0,344.5,0.2023,1.519,0.1419,0.2191,0.4079,0.2064,0.2015,2.377,9.493,0.0,344.5,0.2023,1.519,0.1419,0.2191,0.4079,0.2064,0.2015,2.377,9.493,0.0,0.0,0.0,0.0,0.0,0.0,0.0,0.0,0.0,0.0,0.0,0.0,0.0,378.2,116.2,41.04,950.1,262.6,20.74,2.713,3.606,1.817,0.0,142.5,9.631,11.95,20.07,20.8,0.7708,0.009068,0.01442,0.01089,0.002483,0.0,0.0,0.0,0.0,0.0,0.0,0.0,0.0,0.0,0.0,0.0,0.0,0.0,0.0,0.0,0.0,0.0,0.0,0.0,0.0,0.0,0.0,0.0,0.0,0.0,0.0,0.0,0.0,0.0,0.0,0.0,0.0,0.0,0.0,0.0,1.001E-4,0.0,152000.0,181800.0,144800.0,63120.0,2.687E7,37360.0,44700.0,34750.0,35010.0,14380.0,0.0,2.0459999999999999E-38,7.596E-39,3.056E-38,1.692E-38,3.399E-39,8.739E-40,1.0309999999999999E-40,2.5339999999999996E-41,2.273E-41,1.051E-40,2.08E-35,0.0,0.3697,0.631,1.18,0.7053,0.09242,0.03873,0.01108,0.002739,0.002421,0.002553,0.0,0.0,2.71E-4,9.24E-4,0.001027,0.9926,5.393E-4,0.001716,0.001086,0.001252,5.389E-4,0.0,0.02394,0.001294,0.001446,0.001235,0.1578,0.002603,5.63E-4,3.022E-4,2.963E-4,1.93E-4,
0.0,1193.0,119.2,137.4,104.6,0.9306,6.055,1.569,0.4884,0.4649,0.4987,0.0,344.5,0.175,1.546,0.1404,0.2201,0.406,0.2067,0.6987,1.909,9.464,0.0,344.5,0.175,1.546,0.1404,0.2201,0.406,0.2067,0.6987,1.909,9.464,0.0,0.0,0.0,0.0,0.0,0.0,0.0,0.0,0.0,0.0,0.0,0.0,0.0,362.5,122.6,39.43,964.6,254.1,22.01,3.309,5.498,2.009,0.0,142.5,8.648,10.45,18.08,19.99,0.7677,0.009056,0.01441,0.01088,0.002477,0.0,0.0,0.0,0.0,0.0,0.0,0.0,0.0,0.0,0.0,0.0,0.0,0.0,0.0,0.0,0.0,0.0,0.0,0.0,0.0,0.0,0.0,0.0,0.0,0.0,0.0,0.0,0.0,0.0,0.0,0.0,0.0,0.0,0.0,0.0,1.0E-4,0.0,152200.0,158500.0,147300.0,59990.0,2.79E7,37300.0,46260.0,36260.0,36210.0,14860.0,0.0,2.142E-38,7.003E-39,3.068E-38,1.616E-38,3.265E-39,8.646E-40,1.02E-40,2.5459999999999995E-41,2.333E-41,1.0499999999999999E-40,2.08E-35,0.0,0.394,0.6201,1.181,0.6886,0.09342,0.03891,0.0111,0.002791,0.002406,0.002555,0.0,0.0,2.71E-4,9.24E-4,0.001027,0.9926,5.393E-4,0.001716,0.001086,0.001252,5.389E-4,0.0,0.02397,0.001253,0.001458,0.001209,0.1579,0.002583,5.662E-4,3.2E-4,2.863E-4,1.92E-4,
0.0,1195.0,110.8,145.4,100.6,0.9328,9.239,1.887,0.5687,0.5632,0.4997,0.0,344.5,0.1629,1.511,0.1832,0.2202,0.4115,0.1873,0.6932,1.818,9.577,0.0,344.5,0.1629,1.511,0.1832,0.2202,0.4115,0.1873,0.6932,1.818,9.577,0.0,0.0,0.0,0.0,0.0,0.0,0.0,0.0,0.0,0.0,0.0,0.0,0.0,358.1,126.7,39.65,964.1,253.2,22.14,3.378,5.697,2.03,0.0,142.5,8.472,9.82,17.96,19.99,0.7649,0.009069,0.01448,0.01092,0.002476,0.0,0.0,0.0,0.0,0.0,0.0,0.0,0.0,0.0,0.0,0.0,0.0,0.0,0.0,0.0,0.0,0.0,0.0,0.0,0.0,0.0,0.0,0.0,0.0,0.0,0.0,0.0,0.0,0.0,0.0,0.0,0.0,0.0,0.0,0.0,1.0E-4,0.0,152300.0,156000.0,146800.0,60620.0,2.906E7,37730.0,48380.0,37360.0,37580.0,15540.0,0.0,2.205E-38,6.792999999999999E-39,3.0E-38,1.572E-38,3.265E-39,1.118E-39,1.2939999999999999E-40,3.296E-41,3.118E-41,1.055E-40,2.08E-35,0.0,0.4108,0.577,1.206,0.6692,0.09343,0.05673,0.01295,0.003257,0.00297,0.002566,0.0,0.0,2.71E-4,9.24E-4,0.001027,0.9926,5.393E-4,0.001716,0.001086,0.001252,5.389E-4,0.0,0.02399,0.001246,0.001444,0.00121,0.1577,0.002565,5.664E-4,3.218E-4,2.802E-4,1.962E-4,
0.0,1195.0,106.5,142.9,113.8,0.9336,6.263,1.297,0.4686,0.3646,0.5006,0.0,344.5,0.2151,1.5,0.1529,0.213,0.4024,0.1868,0.6932,1.817,9.577,0.0,344.5,0.2151,1.5,0.1529,0.213,0.4024,0.1868,0.6932,1.817,9.577,0.0,0.0,0.0,0.0,0.0,0.0,0.0,0.0,0.0,0.0,0.0,0.0,0.0,358.6,124.8,39.4,960.5,252.1,22.3,3.436,5.925,2.054,0.0,142.5,9.031,9.824,13.86,20.11,0.8666,0.08232,0.106,0.01083,0.002423,0.0,0.0,0.0,0.0,0.0,0.0,0.0,0.0,0.0,0.0,0.0,0.0,0.0,0.0,0.0,0.0,0.0,0.0,0.0,0.0,0.0,0.0,0.0,0.0,0.0,0.0,0.0,0.0,0.0,0.0,0.0,0.0,0.0,0.0,0.0,1.0E-4,0.0,152500.0,161400.0,139400.0,60630.0,3.041E7,38090.0,50890.0,38450.0,39170.0,16340.0,0.0,2.206E-38,7.652999999999999E-39,2.907E-38,1.599E-38,2.865E-39,9.01E-40,9.136999999999999E-41,3.8109999999999994E-41,1.528E-41,1.053E-40,2.08E-35,0.0,0.411,0.574,1.183,0.7176,0.08885,0.03976,0.009757,0.002839,0.001859,0.00257,0.0,0.0,2.71E-4,9.24E-4,0.001027,0.9926,5.393E-4,0.001716,0.001086,0.001252,5.389E-4,0.0,0.02399,0.001247,0.001429,0.001211,0.1577,0.002541,5.674E-4,3.233E-4,2.811E-4,1.997E-4,
0.0,1195.0,104.1,143.5,111.8,0.3495,6.45,1.331,0.5119,0.3659,0.4999,0.0,344.5,0.1668,1.542,0.153,0.2143,0.3976,0.2113,0.7534,2.418,8.894,0.0,344.5,0.1668,1.542,0.153,0.2143,0.3976,0.2113,0.7534,2.418,8.894,0.0,0.0,0.0,0.0,0.0,0.0,0.0,0.0,0.0,0.0,0.0,0.0,0.0,359.3,125.3,39.26,949.7,251.6,22.37,3.438,6.023,2.065,0.0,142.5,9.713,10.19,16.58,20.87,0.2638,0.04772,0.06273,0.0108,0.002403,0.0,0.0,0.0,0.0,0.0,0.0,0.0,0.0,0.0,0.0,0.0,0.0,0.0,0.0,0.0,0.0,0.0,0.0,0.0,0.0,0.0,0.0,0.0,0.0,0.0,0.0,0.0,0.0,0.0,0.0,0.0,0.0,0.0,0.0,0.0,4.808E-4,0.0,152600.0,161300.0,146300.0,64720.0,3.204E7,37380.0,53740.0,40100.0,41200.0,17220.0,0.0,2.206E-38,6.798E-39,2.936E-38,1.606E-38,2.883E-39,8.368999999999999E-40,9.001999999999999E-41,3.8129999999999996E-41,1.5689999999999998E-41,1.045E-40,2.08E-35,0.0,0.411,0.558,1.19,0.7255,0.09055,0.03799,0.009759,0.002839,0.001872,0.002559,0.0,0.0,2.71E-4,9.24E-4,0.001027,0.9926,5.393E-4,0.001716,0.001086,0.001252,5.389E-4,0.0,0.02401,0.001233,0.001419,0.001235,0.1577,0.002483,5.677E-4,3.231E-4,2.83E-4,1.98E-4,
0.0,1195.0,103.5,142.6,110.4,0.03545,7.765,1.351,0.5355,0.3669,0.5003,0.0,344.5,0.1717,1.533,0.1532,0.2175,0.3967,0.1873,0.6926,2.131,9.266,0.0,344.5,0.1717,1.533,0.1532,0.2175,0.3967,0.1873,0.6926,2.131,9.266,0.0,0.0,0.0,0.0,0.0,0.0,0.0,0.0,0.0,0.0,0.0,0.0,0.0,361.7,127.1,39.55,950.8,250.5,22.51,3.514,6.257,2.091,0.0,142.5,9.082,11.61,17.22,20.86,0.1417,0.0291,0.03944,0.01078,0.002393,0.0,0.0,0.0,0.0,0.0,0.0,0.0,0.0,0.0,0.0,0.0,0.0,0.0,0.0,0.0,0.0,0.0,0.0,0.0,0.0,0.0,0.0,0.0,0.0,0.0,0.0,0.0,0.0,0.0,0.0,0.0,0.0,0.0,0.0,0.0,4.577E-4,0.0,152600.0,159600.0,145800.0,66050.0,3.385E7,37570.0,56820.0,42120.0,43610.0,18060.0,0.0,2.206E-38,6.695E-39,2.911E-38,1.584E-38,2.8889999999999997E-39,9.275E-40,8.875999999999999E-41,3.8099999999999996E-41,1.5719999999999998E-41,1.043E-40,2.08E-35,0.0,0.411,0.5495,1.187,0.7208,0.09437,0.04437,0.009765,0.002839,0.001878,0.002561,0.0,0.0,2.71E-4,9.24E-4,0.001027,0.9926,5.393E-4,0.001716,0.001086,0.001252,5.389E-4,0.0,0.02401,0.001232,0.001422,0.001227,0.1577,0.002463,5.684E-4,3.228E-4,2.832E-4,1.979E-4,
0.0,1189.0,108.8,142.3,105.9,0.1215,8.715,1.394,0.4776,0.402,0.5438,0.0,344.5,0.1697,1.525,0.1538,0.2202,0.3973,0.1862,0.6924,2.13,9.266,0.0,344.5,0.1697,1.525,0.1538,0.2202,0.3973,0.1862,0.6924,2.13,9.266,0.0,0.0,0.0,0.0,0.0,0.0,0.0,0.0,0.0,0.0,0.0,0.0,0.0,357.7,132.4,39.54,946.8,250.2,22.54,3.543,6.342,2.102,0.0,140.4,11.12,9.762,21.61,21.67,0.02486,0.1966,0.2488,0.01082,0.002391,0.0,0.0,0.0,0.0,0.0,0.0,0.0,0.0,0.0,0.0,0.0,0.0,0.0,0.0,0.0,0.0,0.0,0.0,0.0,0.0,0.0,0.0,0.0,0.0,0.0,0.0,0.0,0.0,0.0,0.0,0.0,0.0,0.0,0.0,0.0,1.0E-4,0.0,152600.0,158600.0,147800.0,67280.0,3.557E7,38170.0,59920.0,43830.0,45740.0,19070.0,0.0,1.994E-38,8.851E-39,2.833E-38,1.57E-38,3.237E-39,9.375999999999999E-40,1.079E-40,5.604E-41,1.8099999999999998E-41,1.071E-40,2.08E-35,0.0,0.3716,0.5885,1.182,0.712,0.09646,0.05104,0.01088,0.003614,0.002075,0.002805,0.0,0.0,2.71E-4,9.24E-4,0.001027,0.9926,5.393E-4,0.001716,0.001086,0.001252,5.389E-4,0.0,0.02399,0.00125,0.001425,0.001225,0.1575,0.002462,5.679E-4,3.226E-4,2.833E-4,1.979E-4,
0.0,1177.0,133.2,134.5,108.5,0.02968,8.63,0.8489,0.4876,0.3578,1.017,0.0,344.5,0.2531,1.556,0.2409,0.2138,0.4213,0.1816,0.6919,2.273,8.908,0.0,344.5,0.2531,1.556,0.2409,0.2138,0.4213,0.1816,0.6919,2.273,8.908,0.0,0.0,0.0,0.0,0.0,0.0,0.0,0.0,0.0,0.0,0.0,0.0,0.0,358.2,132.2,38.16,942.0,252.0,22.39,3.568,6.425,3.136,0.0,136.1,9.576,10.76,18.66,21.83,0.01739,0.1364,0.1737,0.01082,0.002391,0.0,0.0,0.0,0.0,0.0,0.0,0.0,0.0,0.0,0.0,0.0,0.0,0.0,0.0,0.0,0.0,0.0,0.0,0.0,0.0,0.0,0.0,0.0,0.0,0.0,0.0,0.0,0.0,0.0,0.0,0.0,0.0,0.0,0.0,0.0,0.001018,0.0,152400.0,160800.0,142500.0,66200.0,3.336E7,36070.0,56220.0,41130.0,42920.0,18010.0,0.0,1.6E-38,7.668E-39,2.781E-38,1.556E-38,2.8719999999999998E-39,9.528E-40,5.657E-41,4.975E-41,1.5069999999999998E-41,1.413E-40,2.08E-35,0.0,0.2981,0.7006,1.135,0.7202,0.09164,0.05083,0.007313,0.003315,0.001842,0.005547,0.0,0.0,2.71E-4,9.24E-4,0.001027,0.9926,5.393E-4,0.001716,0.001086,0.001252,5.389E-4,0.0,0.02395,0.001289,0.001398,0.001237,0.1575,0.002447,5.661E-4,3.261E-4,2.859E-4,1.945E-4,
0.0,1177.0,133.7,129.1,111.8,0.05446,6.675,1.003,0.5577,0.3634,0.976,0.0,344.5,0.2601,1.551,0.2331,0.2108,0.3655,0.1755,0.6911,2.272,8.977,0.0,344.5,0.2601,1.551,0.2331,0.2108,0.3655,0.1755,0.6911,2.272,8.977,0.0,0.0,0.0,0.0,0.0,0.0,0.0,0.0,0.0,0.0,0.0,0.0,0.0,350.7,143.6,38.04,931.4,251.2,22.71,3.709,6.61,3.119,0.0,136.1,9.501,12.67,20.43,21.52,0.1433,0.08494,0.1092,0.01078,0.002388,0.0,0.0,0.0,0.0,0.0,0.0,0.0,0.0,0.0,0.0,0.0,0.0,0.0,0.0,0.0,0.0,0.0,0.0,0.0,0.0,0.0,0.0,0.0,0.0,0.0,0.0,0.0,0.0,0.0,0.0,0.0,0.0,0.0,0.0,0.0,1.004E-4,0.0,152400.0,160200.0,144200.0,64500.0,3.216E7,36490.0,54130.0,39710.0,41390.0,17450.0,0.0,1.6E-38,7.767E-39,2.745E-38,1.549E-38,2.8269999999999998E-39,8.174E-40,6.286999999999999E-41,4.98E-41,1.521E-41,1.3969999999999999E-40,2.08E-35,0.0,0.2981,0.7049,1.123,0.7377,0.08958,0.04139,0.00786,0.003347,0.001864,0.005403,0.0,0.0,2.71E-4,9.24E-4,0.001027,0.9926,5.393E-4,0.001716,0.001086,0.001252,5.389E-4,0.0,0.02396,0.001256,0.001423,0.001235,0.1574,0.00244,5.669E-4,3.256E-4,2.854E-4,1.933E-4,
0.0,1177.0,133.4,130.0,112.8,0.05127,6.771,1.347,0.672,0.3651,0.9745,0.0,344.5,0.2344,1.574,0.2399,0.2101,0.3613,0.1771,0.7817,2.57,8.588,0.0,344.5,0.2344,1.574,0.2399,0.2101,0.3613,0.1771,0.7817,2.57,8.588,0.0,0.0,0.0,0.0,0.0,0.0,0.0,0.0,0.0,0.0,0.0,0.0,0.0,353.0,140.0,38.88,914.3,250.3,23.09,3.594,6.752,3.128,0.0,136.1,9.07,11.92,18.4,21.51,1.208,0.05339,0.0698,0.01078,0.002388,0.0,0.0,0.0,0.0,0.0,0.0,0.0,0.0,0.0,0.0,0.0,0.0,0.0,0.0,0.0,0.0,0.0,0.0,0.0,0.0,0.0,0.0,0.0,0.0,0.0,0.0,0.0,0.0,0.0,0.0,0.0,0.0,0.0,0.0,0.0,6.968E-4,0.0,152400.0,163800.0,145900.0,64120.0,3.224E7,35940.0,54200.0,39860.0,41500.0,17470.0,0.0,1.6E-38,7.341E-39,2.767E-38,1.522E-38,2.819E-39,9.281E-40,8.390999999999999E-41,5.522999999999999E-41,1.636E-41,1.382E-40,2.08E-35,0.0,0.2981,0.6943,1.13,0.7319,0.08938,0.04879,0.009636,0.003753,0.00188,0.005383,0.0,0.0,2.71E-4,9.24E-4,0.001027,0.9926,5.393E-4,0.001716,0.001086,0.001252,5.389E-4,0.0,0.02396,0.001267,0.001403,0.001232,0.1574,0.002409,5.667E-4,3.285E-4,2.85E-4,1.892E-4,
0.0,1177.0,132.9,131.0,109.3,0.06626,12.0,0.8939,0.6333,0.3876,0.9786,0.0,344.5,0.2247,1.594,0.2491,0.2093,0.3047,0.1762,1.456,1.954,8.561,0.0,344.5,0.2247,1.594,0.2491,0.2093,0.3047,0.1762,1.456,1.954,8.561,0.0,0.0,0.0,0.0,0.0,0.0,0.0,0.0,0.0,0.0,0.0,0.0,0.0,345.7,140.7,45.38,913.5,256.5,23.61,2.817,3.079,2.772,0.0,136.1,8.733,11.49,17.85,21.64,0.1378,0.03792,0.05047,0.01078,0.002388,0.0,0.0,0.0,0.0,0.0,0.0,0.0,0.0,0.0,0.0,0.0,0.0,0.0,0.0,0.0,0.0,0.0,0.0,0.0,0.0,0.0,0.0,0.0,0.0,0.0,0.0,0.0,0.0,0.0,0.0,0.0,0.0,0.0,0.0,0.0,5.862E-4,0.0,152600.0,159600.0,150500.0,65540.0,3.311E7,35730.0,55570.0,40930.0,42560.0,17890.0,0.0,1.61E-38,7.151999999999999E-39,2.719E-38,1.524E-38,2.821E-39,1.093E-39,4.846E-41,5.066999999999999E-41,1.6899999999999999E-41,1.381E-40,2.08E-35,0.0,0.3009,0.6873,1.129,0.7148,0.09018,0.07071,0.006899,0.003428,0.002003,0.005398,0.0,0.0,2.71E-4,9.24E-4,0.001027,0.9926,5.393E-4,0.001716,0.001086,0.001252,5.389E-4,0.0,0.02397,0.001248,0.001391,0.001247,0.1574,0.002387,5.678E-4,3.284E-4,2.78E-4,1.928E-4,
0.0,1176.0,133.7,131.3,109.3,0.9539,8.133,0.8073,0.6321,0.3541,0.9769,0.0,344.5,0.1991,1.606,0.2351,0.2366,0.2973,0.1894,1.486,2.241,8.237,0.0,344.5,0.1991,1.606,0.2351,0.2366,0.2973,0.1894,1.486,2.241,8.237,0.0,0.0,0.0,0.0,0.0,0.0,0.0,0.0,0.0,0.0,0.0,0.0,0.0,330.4,141.1,40.6,921.9,263.2,22.18,2.944,2.013,2.801,0.0,135.2,8.388,11.72,20.24,22.32,0.137,0.03036,0.04102,0.01078,0.002386,0.0,0.0,0.0,0.0,0.0,0.0,0.0,0.0,0.0,0.0,0.0,0.0,0.0,0.0,0.0,0.0,0.0,0.0,0.0,0.0,0.0,0.0,0.0,0.0,0.0,0.0,0.0,0.0,0.0,0.0,0.0,0.0,0.0,0.0,0.0,1.0E-4,0.0,152700.0,159600.0,157500.0,66990.0,3.443E7,35610.0,57680.0,42580.0,44240.0,18790.0,0.0,1.573E-38,6.715E-39,2.699E-38,1.506E-38,3.285E-39,8.057E-40,4.1239999999999996E-41,4.975E-41,1.4359999999999997E-41,1.377E-40,2.08E-35,0.0,0.2959,0.6855,1.139,0.7143,0.1009,0.04919,0.006366,0.00337,0.001818,0.00539,0.0,0.0,2.71E-4,9.24E-4,0.001027,0.9926,5.393E-4,0.001716,0.001086,0.001252,5.389E-4,0.0,0.02399,0.001181,0.001402,0.001234,0.1574,0.002381,5.638E-4,3.279E-4,2.807E-4,1.936E-4,
0.0,1176.0,133.3,134.6,114.6,0.9344,6.415,0.7718,0.6274,0.3519,0.9754,0.0,344.5,0.1972,1.61,0.239,0.2362,0.2891,0.1737,1.457,1.906,8.617,0.0,344.5,0.1972,1.61,0.239,0.2362,0.2891,0.1737,1.457,1.906,8.617,0.0,0.0,0.0,0.0,0.0,0.0,0.0,0.0,0.0,0.0,0.0,0.0,0.0,332.3,140.3,36.87,917.1,268.8,19.73,3.046,2.032,2.819,0.0,135.2,8.061,10.0,15.0,22.3,0.1381,0.02646,0.03614,0.01077,0.002383,0.0,0.0,0.0,0.0,0.0,0.0,0.0,0.0,0.0,0.0,0.0,0.0,0.0,0.0,0.0,0.0,0.0,0.0,0.0,0.0,0.0,0.0,0.0,0.0,0.0,0.0,0.0,0.0,0.0,0.0,0.0,0.0,0.0,0.0,0.0,1.0E-4,0.0,152800.0,160000.0,159200.0,68190.0,3.605E7,36540.0,60280.0,44580.0,46350.0,19630.0,0.0,1.593E-38,6.657E-39,2.664E-38,1.511E-38,3.283E-39,6.264E-40,3.8329999999999997E-41,4.894999999999999E-41,1.3969999999999998E-41,1.373E-40,2.08E-35,0.0,0.301,0.6815,1.132,0.7334,0.1009,0.03562,0.006147,0.003316,0.001805,0.005381,0.0,0.0,2.71E-4,9.24E-4,0.001027,0.9926,5.393E-4,0.001716,0.001086,0.001252,5.389E-4,0.0,0.024,0.00118,0.001393,0.001226,0.1575,0.002392,5.627E-4,3.256E-4,2.821E-4,1.923E-4,
0.0,1177.0,132.6,133.0,111.8,0.9704,6.47,0.7749,0.6306,0.3537,0.9791,0.0,344.5,0.1952,1.552,0.2682,0.2413,0.2888,0.1743,1.457,2.057,8.488,0.0,344.5,0.1952,1.552,0.2682,0.2413,0.2888,0.1743,1.457,2.057,8.488,0.0,0.0,0.0,0.0,0.0,0.0,0.0,0.0,0.0,0.0,0.0,0.0,0.0,332.3,141.3,36.94,917.9,267.3,19.98,3.314,2.096,2.871,0.0,135.2,7.817,10.12,18.43,23.27,0.1368,0.02431,0.0334,0.01109,0.003442,0.0,0.0,0.0,0.0,0.0,0.0,0.0,0.0,0.0,0.0,0.0,0.0,0.0,0.0,0.0,0.0,0.0,0.0,0.0,0.0,0.0,0.0,0.0,0.0,0.0,0.0,0.0,0.0,0.0,0.0,0.0,0.0,0.0,0.0,0.0,1.001E-4,0.0,152800.0,158200.0,159000.0,70760.0,3.781E7,36890.0,63210.0,46710.0,48840.0,21290.0,0.0,1.623E-38,6.576999999999999E-39,2.568E-38,1.52E-38,3.331E-39,6.279E-40,3.8039999999999996E-41,4.885E-41,6.095E-41,2.755E-40,2.08E-35,0.0,0.3087,0.6784,1.114,0.7391,0.103,0.0359,0.006154,0.003318,0.002788,0.008256,0.0,0.0,2.71E-4,9.24E-4,0.001027,0.9926,5.393E-4,0.001716,0.001086,0.001252,5.389E-4,0.0,0.02401,0.001173,0.001365,0.001232,0.1573,0.002391,5.636E-4,3.245E-4,2.866E-4,2.092E-4,
0.0,1177.0,131.4,131.7,115.3,0.9224,6.657,0.7929,0.653,0.3547,0.9799,0.0,344.5,0.1915,1.544,0.2786,0.2373,0.2928,0.1743,1.457,2.132,8.413,0.0,344.5,0.1915,1.544,0.2786,0.2373,0.2928,0.1743,1.457,2.132,8.413,0.0,0.0,0.0,0.0,0.0,0.0,0.0,0.0,0.0,0.0,0.0,0.0,0.0,327.8,135.5,36.63,933.0,263.9,20.46,3.715,2.137,2.976,0.0,135.2,7.892,10.34,19.08,19.79,1.444,0.02293,0.03115,0.01043,0.002728,0.0,0.0,0.0,0.0,0.0,0.0,0.0,0.0,0.0,0.0,0.0,0.0,0.0,0.0,0.0,0.0,0.0,0.0,0.0,0.0,0.0,0.0,0.0,0.0,0.0,0.0,0.0,0.0,0.0,0.0,0.0,0.0,0.0,0.0,0.0,4.477E-4,0.0,152900.0,138300.0,148700.0,70060.0,3.949E7,36070.0,65600.0,45740.0,49510.0,21880.0,0.0,1.623E-38,6.44E-39,2.535E-38,1.542E-38,2.9209999999999998E-39,9.226E-40,3.942E-41,5.067999999999999E-41,6.080999999999999E-41,2.753E-40,2.08E-35,0.0,0.3088,0.6638,1.134,0.7462,0.08025,0.04484,0.00626,0.003446,0.002789,0.008256,0.0,0.0,2.71E-4,9.24E-4,0.001027,0.9926,5.393E-4,0.001716,0.001086,0.001252,5.389E-4,0.0,0.02401,0.001142,0.001436,0.001231,0.1573,0.00238,5.611E-4,3.105E-4,2.79E-4,2.082E-4,
0.0,1179.0,131.4,129.0,115.1,0.83,6.957,0.8014,0.6632,0.3563,0.9801,0.0,344.5,0.1907,1.548,0.2587,0.2604,0.2853,0.1745,1.457,2.273,8.272,0.0,344.5,0.1907,1.548,0.2587,0.2604,0.2853,0.1745,1.457,2.273,8.272,0.0,0.0,0.0,0.0,0.0,0.0,0.0,0.0,0.0,0.0,0.0,0.0,0.0,328.5,136.6,37.13,929.2,257.5,21.49,4.922,2.464,3.189,0.0,135.2,7.906,8.629,20.14,21.36,0.4349,0.0179,0.02555,0.01091,0.002544,0.0,0.0,0.0,0.0,0.0,0.0,0.0,0.0,0.0,0.0,0.0,0.0,0.0,0.0,0.0,0.0,0.0,0.0,0.0,0.0,0.0,0.0,0.0,0.0,0.0,0.0,0.0,0.0,0.0,0.0,0.0,0.0,0.0,0.0,0.0,8.677E-4,0.0,153000.0,137600.0,148700.0,68280.0,3.818E7,35330.0,63670.0,44830.0,48240.0,21180.0,0.0,1.642E-38,6.413999999999999E-39,2.557E-38,1.513E-38,2.6379999999999998E-39,7.792E-40,3.936E-41,5.085999999999999E-41,6.082E-41,2.751E-40,2.08E-35,0.0,0.323,0.6639,1.131,0.7352,0.08376,0.04022,0.006278,0.003468,0.002799,0.008255,0.0,0.0,2.71E-4,9.24E-4,0.001027,0.9926,5.393E-4,0.001716,0.001086,0.001252,5.389E-4,0.0,0.02401,0.001142,0.001461,0.001231,0.1572,0.002373,5.635E-4,3.158E-4,2.864E-4,2.036E-4,
0.0,1179.0,131.1,128.1,116.7,0.7735,9.544,0.6338,0.5349,0.3589,0.9793,0.0,344.5,0.2151,1.539,0.2729,0.2312,0.2826,0.1744,1.457,2.786,7.759,0.0,344.5,0.2151,1.539,0.2729,0.2312,0.2826,0.1744,1.457,2.786,7.759,0.0,0.0,0.0,0.0,0.0,0.0,0.0,0.0,0.0,0.0,0.0,0.0,0.0,329.0,139.7,37.95,923.6,250.7,22.62,6.319,2.871,3.423,0.0,135.2,7.717,8.819,17.53,21.3,0.2111,0.009549,0.01679,0.01221,0.002526,0.0,0.0,0.0,0.0,0.0,0.0,0.0,0.0,0.0,0.0,0.0,0.0,0.0,0.0,0.0,0.0,0.0,0.0,0.0,0.0,0.0,0.0,0.0,0.0,0.0,0.0,0.0,0.0,0.0,0.0,0.0,0.0,0.0,0.0,0.0,1.001E-4,0.0,153000.0,138200.0,147000.0,64980.0,3.569E7,36220.0,59870.0,43340.0,45930.0,19870.0,0.0,1.642E-38,6.726E-39,2.4939999999999997E-38,1.502E-38,2.559E-39,1.012E-39,1.38E-41,3.181E-41,6.096E-41,2.7489999999999998E-40,2.08E-35,0.0,0.323,0.6666,1.127,0.7283,0.07538,0.05647,0.005673,0.003063,0.002819,0.008247,0.0,0.0,2.71E-4,9.24E-4,0.001027,0.9926,5.393E-4,0.001716,0.001086,0.001252,5.389E-4,0.0,0.02402,0.001148,0.00148,0.001233,0.1572,0.002362,5.662E-4,3.251E-4,2.954E-4,2.003E-4,
0.0,1181.0,124.5,127.9,120.7,6.644,5.497,0.6179,0.4554,0.3605,0.9786,0.0,344.6,0.2037,1.554,0.2619,0.2313,0.282,0.1736,1.457,2.669,7.876,0.0,344.6,0.2037,1.554,0.2619,0.2313,0.282,0.1736,1.457,2.669,7.876,0.0,0.0,0.0,0.0,0.0,0.0,0.0,0.0,0.0,0.0,0.0,0.0,0.0,327.0,143.5,38.0,921.0,250.1,22.71,6.409,2.891,3.441,0.0,135.2,7.651,8.73,16.67,21.44,0.138,0.009549,0.01677,0.0122,0.002497,0.0,0.0,0.0,0.0,0.0,0.0,0.0,0.0,0.0,0.0,0.0,0.0,0.0,0.0,0.0,0.0,0.0,0.0,0.0,0.0,0.0,0.0,0.0,0.0,0.0,0.0,0.0,0.0,0.0,0.0,0.0,0.0,0.0,0.0,0.0,1.0E-4,0.0,153100.0,136800.0,145700.0,63260.0,3.485E7,35500.0,58550.0,42140.0,44830.0,19390.0,0.0,1.656E-38,6.457E-39,2.495E-38,1.513E-38,2.6249999999999998E-39,5.443E-40,1.343E-41,2.174E-41,6.094E-41,2.746E-40,2.08E-35,0.0,0.3313,0.6338,1.127,0.7446,0.1019,0.03367,0.005558,0.002672,0.002827,0.008242,0.0,0.0,2.71E-4,9.24E-4,0.001027,0.9926,5.393E-4,0.001716,0.001086,0.001252,5.389E-4,0.0,0.02403,0.001127,0.001482,0.001221,0.1572,0.002345,5.669E-4,3.266E-4,3.001E-4,1.999E-4,
0.0,1175.0,132.4,123.9,106.8,5.994,5.491,0.6213,0.4561,0.3607,0.9786,0.0,344.6,0.209,1.559,0.2508,0.2327,0.2818,0.313,1.502,2.678,7.683,0.0,344.6,0.209,1.559,0.2508,0.2327,0.2818,0.313,1.502,2.678,7.683,0.0,0.0,0.0,0.0,0.0,0.0,0.0,0.0,0.0,0.0,0.0,0.0,0.0,342.8,128.3,38.87,912.3,248.9,22.88,6.597,2.928,3.477,0.0,133.3,5.539,7.966,37.37,21.51,0.1375,0.00955,0.01677,0.0122,0.002484,0.0,0.0,0.0,0.0,0.0,0.0,0.0,0.0,0.0,0.0,0.0,0.0,0.0,0.0,0.0,0.0,0.0,0.0,0.0,0.0,0.0,0.0,0.0,0.0,0.0,0.0,0.0,0.0,0.0,0.0,0.0,0.0,0.0,0.0,0.0,6.686E-4,0.0,153100.0,137200.0,149900.0,68150.0,3.514E7,34980.0,59100.0,42380.0,45150.0,19620.0,0.0,1.504E-38,6.211E-39,2.555E-38,1.471E-38,2.573E-39,5.42E-40,1.3499999999999998E-41,2.1669999999999998E-41,6.084E-41,2.744E-40,2.08E-35,0.0,0.3008,0.6718,1.121,0.7426,0.1025,0.03364,0.005569,0.002676,0.002828,0.008244,0.0,0.0,2.71E-4,9.24E-4,0.001027,0.9926,5.393E-4,0.001716,0.001086,0.001252,5.389E-4,0.0,0.02401,0.001171,0.001479,0.001192,0.1572,0.00231,5.745E-4,3.256E-4,2.999E-4,2.0E-4,
0.0,1176.0,128.9,127.2,106.2,5.985,6.505,0.6603,0.4311,0.877,2.013,0.0,344.6,0.1997,1.548,0.3089,0.2324,0.3007,0.3136,1.502,2.704,7.588,0.0,344.6,0.1997,1.548,0.3089,0.2324,0.3007,0.3136,1.502,2.704,7.588,0.0,0.0,0.0,0.0,0.0,0.0,0.0,0.0,0.0,0.0,0.0,0.0,0.0,338.4,132.6,36.06,905.8,260.3,25.71,3.443,2.019,2.808,0.0,133.3,3.506,7.138,36.01,22.22,0.1461,0.009552,0.01719,0.01251,0.003105,0.0,0.0,0.0,0.0,0.0,0.0,0.0,0.0,0.0,0.0,0.0,0.0,0.0,0.0,0.0,0.0,0.0,0.0,0.0,0.0,0.0,0.0,0.0,0.0,0.0,0.0,0.0,0.0,0.0,0.0,0.0,0.0,0.0,0.0,0.0,5.764E-4,0.0,153200.0,140100.0,155500.0,67980.0,3.611E7,35740.0,60800.0,43480.0,46430.0,19950.0,0.0,1.535E-38,5.748E-39,2.528E-38,1.4269999999999999E-38,2.569E-39,7.557E-40,1.8899999999999998E-41,1.9329999999999998E-41,1.149E-40,3.387E-40,2.08E-35,0.0,0.3096,0.6508,1.128,0.728,0.1027,0.0407,0.005848,0.002563,0.005825,0.01334,0.0,0.0,2.71E-4,9.24E-4,0.001027,0.9926,5.393E-4,0.001716,0.001086,0.001252,5.389E-4,0.0,0.02402,0.001192,0.001475,0.001173,0.1572,0.002292,5.822E-4,3.206E-4,2.996E-4,1.992E-4,
0.0,1176.0,128.0,127.3,109.0,5.979,4.957,0.6086,0.4208,1.076,0.7912,0.0,344.6,0.1951,1.661,0.3805,0.2322,0.2611,0.3354,1.578,2.671,7.375,0.0,344.6,0.1951,1.661,0.3805,0.2322,0.2611,0.3354,1.578,2.671,7.375,0.0,0.0,0.0,0.0,0.0,0.0,0.0,0.0,0.0,0.0,0.0,0.0,0.0,341.0,131.0,36.19,905.9,271.2,19.55,2.117,2.409,2.593,0.0,133.3,3.654,7.11,34.01,22.22,0.1404,0.009548,0.01692,0.5309,1.147,0.0,0.0,0.0,0.0,0.0,0.0,0.0,0.0,0.0,0.0,0.0,0.0,0.0,0.0,0.0,0.0,0.0,0.0,0.0,0.0,0.0,0.0,0.0,0.0,0.0,0.0,0.0,0.0,0.0,0.0,0.0,0.0,0.0,0.0,0.0,5.168E-4,0.0,153200.0,138000.0,154600.0,69570.0,3.75E7,35970.0,63010.0,45150.0,48610.0,21420.0,0.0,1.535E-38,5.921E-39,2.481E-38,1.443E-38,2.568E-39,5.5879999999999995E-40,1.216E-41,1.7969999999999998E-41,1.733E-40,2.166E-40,2.08E-35,0.0,0.3096,0.6509,1.119,0.7351,0.1027,0.02991,0.005499,0.002493,0.01175,0.01486,0.0,0.0,2.71E-4,9.24E-4,0.001027,0.9926,5.393E-4,0.001716,0.001086,0.001252,5.389E-4,0.0,0.02402,0.001184,0.001445,0.001177,0.1572,0.002312,5.723E-4,3.176E-4,3.094E-4,2.076E-4,
0.0,1176.0,127.3,131.4,112.7,0.2043,5.05,0.6341,0.4257,0.9941,0.5795,0.0,344.6,0.1707,1.553,0.1828,0.2331,0.2509,0.3137,1.545,1.935,8.497,0.0,344.6,0.1707,1.553,0.1828,0.2331,0.2509,0.3137,1.545,1.935,8.497,0.0,0.0,0.0,0.0,0.0,0.0,0.0,0.0,0.0,0.0,0.0,0.0,0.0,335.2,135.3,35.84,895.9,270.9,19.58,2.1,2.249,2.031,0.0,133.3,3.879,6.865,31.5,23.21,0.8395,0.4737,0.09858,0.1671,0.1907,0.0,0.0,0.0,0.0,0.0,0.0,0.0,0.0,0.0,0.0,0.0,0.0,0.0,0.0,0.0,0.0,0.0,0.0,0.0,0.0,0.0,0.0,0.0,0.0,0.0,0.0,0.0,0.0,0.0,0.0,0.0,0.0,0.0,0.0,0.0,1.001E-4,0.0,153200.0,136600.0,157000.0,71030.0,3.917E7,36460.0,65740.0,47200.0,50640.0,22080.0,0.0,1.535E-38,5.712E-39,2.455E-38,1.43E-38,2.604E-39,6.64E-40,7.317999999999999E-41,2.8599999999999995E-41,1.57E-40,1.548E-40,2.08E-35,0.0,0.3096,0.648,1.139,0.7443,0.08216,0.03179,0.006371,0.002649,0.008179,0.005145,0.0,0.0,2.71E-4,9.24E-4,0.001027,0.9926,5.393E-4,0.001716,0.001086,0.001252,5.389E-4,0.0,0.02402,0.001166,0.001439,0.001184,0.1572,0.002304,5.714E-4,3.178E-4,3.09E-4,2.051E-4,
0.0,1176.0,125.6,132.9,110.3,0.007458,6.524,1.099,0.5244,1.142,0.7323,0.0,344.6,0.181,1.527,0.1899,0.2343,0.2564,0.3133,1.545,2.641,7.792,0.0,344.6,0.181,1.527,0.1899,0.2343,0.2564,0.3133,1.545,2.641,7.792,0.0,0.0,0.0,0.0,0.0,0.0,0.0,0.0,0.0,0.0,0.0,0.0,0.0,335.9,143.0,32.34,894.9,266.9,20.82,2.207,2.7,2.373,0.0,133.3,3.943,5.415,33.13,23.61,0.1381,0.009574,0.01677,0.04191,0.03686,0.0,0.0,0.0,0.0,0.0,0.0,0.0,0.0,0.0,0.0,0.0,0.0,0.0,0.0,0.0,0.0,0.0,0.0,0.0,0.0,0.0,0.0,0.0,0.0,0.0,0.0,0.0,0.0,0.0,0.0,0.0,0.0,0.0,0.0,0.0,1.0E-4,0.0,153300.0,139200.0,157700.0,76010.0,4.101E7,37290.0,68770.0,49420.0,52970.0,22870.0,0.0,1.535E-38,5.641E-39,2.404E-38,1.443E-38,2.614E-39,8.122E-40,7.328E-41,3.1469999999999996E-41,1.606E-40,1.547E-40,2.08E-35,0.0,0.3096,0.639,1.13,0.7446,0.08252,0.04146,0.006369,0.002726,0.008283,0.005137,0.0,0.0,2.71E-4,9.24E-4,0.001027,0.9926,5.393E-4,0.001716,0.001086,0.001252,5.389E-4,0.0,0.02403,0.001158,0.00143,0.001163,0.1572,0.002324,5.752E-4,3.181E-4,3.165E-4,1.985E-4,
0.0,1176.0,124.6,134.8,115.6,0.005413,6.528,0.7884,0.5132,1.142,0.7479,0.0,344.6,0.1749,1.51,0.2176,0.2339,0.3717,0.1927,1.545,2.64,7.792,0.0,344.6,0.1749,1.51,0.2176,0.2339,0.3717,0.1927,1.545,2.64,7.792,0.0,0.0,0.0,0.0,0.0,0.0,0.0,0.0,0.0,0.0,0.0,0.0,0.0,336.4,143.5,34.5,896.0,277.3,7.565,2.293,2.969,2.554,0.0,133.3,3.948,5.4,26.81,23.55,0.1376,0.009563,0.01677,0.02829,0.02103,0.0,0.0,0.0,0.0,0.0,0.0,0.0,0.0,0.0,0.0,0.0,0.0,0.0,0.0,0.0,0.0,0.0,0.0,0.0,0.0,0.0,0.0,0.0,0.0,0.0,0.0,0.0,0.0,0.0,0.0,0.0,0.0,0.0,0.0,0.0,1.001E-4,0.0,153300.0,142900.0,160800.0,77420.0,4.18E7,39410.0,68040.0,50520.0,53990.0,23140.0,0.0,1.536E-38,5.3659999999999996E-39,2.385E-38,1.472E-38,2.6149999999999998E-39,7.33E-40,7.097999999999999E-41,2.9359999999999997E-41,1.58E-40,1.546E-40,2.08E-35,0.0,0.3097,0.6312,1.134,0.7497,0.08251,0.04146,0.002986,0.00268,0.008222,0.005134,0.0,0.0,2.71E-4,9.24E-4,0.001027,0.9926,5.393E-4,0.001716,0.001086,0.001252,5.389E-4,0.0,0.02403,0.001135,0.001417,0.001198,0.1572,0.002537,3.593E-4,3.176E-4,3.166E-4,1.988E-4,
0.0,1176.0,125.3,136.0,113.2,2.556,6.716,0.7932,0.58,1.234,2.707,0.0,344.6,0.1799,1.455,0.3201,0.2405,0.3621,0.1915,1.547,2.317,8.066,0.0,344.6,0.1799,1.455,0.3201,0.2405,0.3621,0.1915,1.547,2.317,8.066,0.0,0.0,0.0,0.0,0.0,0.0,0.0,0.0,0.0,0.0,0.0,0.0,0.0,336.3,144.3,34.38,890.0,274.2,8.341,2.336,3.246,3.998,0.0,133.3,3.89,4.328,23.73,22.58,0.2082,0.009559,0.01677,0.02199,0.01379,0.0,0.0,0.0,0.0,0.0,0.0,0.0,0.0,0.0,0.0,0.0,0.0,0.0,0.0,0.0,0.0,0.0,0.0,0.0,0.0,0.0,0.0,0.0,0.0,0.0,0.0,0.0,0.0,0.0,0.0,0.0,0.0,0.0,0.0,0.0,1.0E-4,0.0,153400.0,143900.0,164400.0,86520.0,3.849E7,41570.0,62210.0,47210.0,49850.0,21240.0,0.0,1.536E-38,5.466E-39,2.333E-38,1.416E-38,2.971E-39,7.078E-40,7.098999999999999E-41,4.247E-41,1.745E-40,4.731E-40,2.08E-35,0.0,0.3097,0.6358,1.118,0.734,0.09496,0.04306,0.003035,0.002997,0.008641,0.01434,0.0,0.0,2.71E-4,9.24E-4,0.001027,0.9926,5.393E-4,0.001716,0.001086,0.001252,5.389E-4,0.0,0.02404,0.001126,0.001429,0.001239,0.1571,0.002527,3.617E-4,3.179E-4,3.166E-4,2.092E-4,
0.0,1176.0,124.8,124.0,109.7,4.816,7.01,0.7789,0.5249,0.9999,0.7773,0.0,344.6,0.1774,1.471,0.1692,0.2519,0.3876,0.1872,1.547,1.454,9.031,0.0,344.6,0.1774,1.471,0.1692,0.2519,0.3876,0.1872,1.547,1.454,9.031,0.0,0.0,0.0,0.0,0.0,0.0,0.0,0.0,0.0,0.0,0.0,0.0,0.0,338.0,146.6,32.73,881.8,275.9,7.591,2.443,3.884,4.209,0.0,133.3,3.973,5.839,37.27,22.69,0.2569,0.009557,0.01677,0.07749,0.02398,0.0,0.0,0.0,0.0,0.0,0.0,0.0,0.0,0.0,0.0,0.0,0.0,0.0,0.0,0.0,0.0,0.0,0.0,0.0,0.0,0.0,0.0,0.0,0.0,0.0,0.0,0.0,0.0,0.0,0.0,0.0,0.0,0.0,0.0,0.0,1.002E-4,0.0,153500.0,149400.0,172000.0,84580.0,3.688E7,42460.0,59630.0,45060.0,49420.0,20830.0,0.0,1.536E-38,5.3399999999999997E-39,2.257E-38,1.498E-38,3.091E-39,8.077E-40,7.079E-41,3.175E-41,1.488E-40,1.0629999999999999E-40,2.08E-35,0.0,0.3098,0.6348,1.085,0.7633,0.1055,0.04715,0.002883,0.002731,0.007458,0.005032,0.0,0.0,2.71E-4,9.24E-4,0.001027,0.9926,5.393E-4,0.001716,0.001086,0.001252,5.389E-4,0.0,0.02406,0.00113,0.001426,0.001254,0.1571,0.002506,3.568E-4,3.182E-4,3.204E-4,2.096E-4,
0.0,1178.0,113.3,127.9,96.68,0.007804,5.574,0.7256,0.5251,0.5584,0.6762,0.0,344.6,0.182,1.49,0.1674,0.2538,0.3783,0.2444,1.475,1.446,9.031,0.0,344.6,0.182,1.49,0.1674,0.2538,0.3783,0.2444,1.475,1.446,9.031,0.0,0.0,0.0,0.0,0.0,0.0,0.0,0.0,0.0,0.0,0.0,0.0,0.0,337.9,145.6,33.75,868.1,276.8,4.825,2.444,4.131,4.579,0.0,133.3,5.228,12.22,50.67,27.39,0.1504,0.009556,0.01677,0.1538,0.09302,0.0,0.0,0.0,0.0,0.0,0.0,0.0,0.0,0.0,0.0,0.0,0.0,0.0,0.0,0.0,0.0,0.0,0.0,0.0,0.0,0.0,0.0,0.0,0.0,0.0,0.0,0.0,0.0,0.0,0.0,0.0,0.0,0.0,0.0,0.0,1.0E-4,0.0,153500.0,145100.0,173500.0,82440.0,3.664E7,40380.0,59250.0,44570.0,48890.0,21000.0,0.0,1.543E-38,5.2389999999999995E-39,2.284E-38,1.506E-38,2.9209999999999998E-39,4.869E-40,7.037999999999999E-41,3.163E-41,6.363999999999999E-41,9.470999999999999E-41,2.08E-35,0.0,0.3163,0.5877,1.139,0.7645,0.1036,0.03565,0.002305,0.002732,0.004396,0.004618,0.0,0.0,2.71E-4,9.24E-4,0.001027,0.9926,5.393E-4,0.001716,0.001086,0.001252,5.389E-4,0.0,0.02407,0.001121,0.001422,0.001253,0.1571,0.002493,3.502E-4,3.161E-4,3.184E-4,2.11E-4,
0.0,1178.0,123.3,118.1,98.31,0.00775,5.566,0.7276,0.5253,0.5635,0.6728,0.0,344.6,0.185,1.458,0.1707,0.2764,0.3771,0.2535,1.491,2.207,8.245,0.0,344.6,0.185,1.458,0.1707,0.2764,0.3771,0.2535,1.491,2.207,8.245,0.0,0.0,0.0,0.0,0.0,0.0,0.0,0.0,0.0,0.0,0.0,0.0,0.0,337.2,148.6,33.75,860.1,276.2,4.937,2.446,4.157,4.612,0.0,133.3,5.368,10.59,49.6,27.71,0.1499,0.009556,0.01677,0.1533,0.09206,0.0,0.0,0.0,0.0,0.0,0.0,0.0,0.0,0.0,0.0,0.0,0.0,0.0,0.0,0.0,0.0,0.0,0.0,0.0,0.0,0.0,0.0,0.0,0.0,0.0,0.0,0.0,0.0,0.0,0.0,0.0,0.0,0.0,0.0,0.0,6.215E-4,0.0,153600.0,146800.0,179200.0,81520.0,3.729E7,40020.0,60370.0,45240.0,49950.0,21260.0,0.0,1.543E-38,5.4449999999999995E-39,2.217E-38,1.498E-38,3.0979999999999996E-39,4.841E-40,7.048E-41,3.1499999999999996E-41,6.386999999999999E-41,9.433E-41,2.08E-35,0.0,0.3163,0.6269,1.086,0.7678,0.1099,0.0356,0.002312,0.002734,0.004416,0.0046,0.0,0.0,2.71E-4,9.24E-4,0.001027,0.9926,5.393E-4,0.001716,0.001086,0.001252,5.389E-4,0.0,0.02408,0.00112,0.001428,0.001255,0.1571,0.00246,3.522E-4,3.161E-4,3.304E-4,1.991E-4,
0.0,1178.0,115.7,118.1,98.24,7.585,5.515,0.7727,0.5258,0.5665,0.6716,0.0,344.6,0.2434,1.394,0.1621,0.3001,0.3621,0.3092,1.538,2.657,7.697,0.0,344.6,0.2434,1.394,0.1621,0.3001,0.3621,0.3092,1.538,2.657,7.697,0.0,0.0,0.0,0.0,0.0,0.0,0.0,0.0,0.0,0.0,0.0,0.0,0.0,331.8,145.7,32.55,870.4,275.9,7.443,2.385,3.356,4.536,0.0,133.3,5.207,9.474,53.54,22.91,1.344,0.004872,0.01375,0.01576,0.007198,0.0,0.0,0.0,0.0,0.0,0.0,0.0,0.0,0.0,0.0,0.0,0.0,0.0,0.0,0.0,0.0,0.0,0.0,0.0,0.0,0.0,0.0,0.0,0.0,0.0,0.0,0.0,0.0,0.0,0.0,0.0,0.0,0.0,0.0,0.0,4.21E-4,0.0,153600.0,197100.0,268600.0,80300.0,3.777E7,136500.0,50960.0,39360.0,39400.0,46100.0,0.0,1.544E-38,6.275E-39,2.113E-38,1.502E-38,2.989E-39,5.442E-40,7.043999999999999E-41,3.133E-41,4.2839999999999996E-41,8.105999999999999E-41,2.08E-35,0.0,0.3164,0.6078,1.075,0.7604,0.1389,0.03904,0.002809,0.002737,0.003675,0.004125,0.0,0.0,0.001934,0.003482,6.758E-4,0.9863,0.003225,0.001394,8.821E-4,8.898E-4,0.001262,0.0,0.02408,0.001316,0.001764,0.001236,0.1559,0.002828,3.15E-4,2.886E-4,2.881E-4,2.918E-4,
0.0,1161.0,130.0,118.3,79.89,8.153,5.721,0.754,0.525,0.5646,0.4936,0.0,344.6,0.1488,1.424,0.2178,0.2725,0.3631,0.1935,1.698,1.531,8.805,0.0,344.6,0.1488,1.424,0.2178,0.2725,0.3631,0.1935,1.698,1.531,8.805,0.0,0.0,0.0,0.0,0.0,0.0,0.0,0.0,0.0,0.0,0.0,0.0,0.0,296.5,141.1,31.96,924.6,276.7,6.619,2.408,3.408,2.793,0.0,127.4,9.54,17.58,67.81,22.63,0.1853,0.005212,0.01397,0.01568,0.007318,0.0,0.0,0.0,0.0,0.0,0.0,0.0,0.0,0.0,0.0,0.0,0.0,0.0,0.0,0.0,0.0,0.0,0.0,0.0,0.0,0.0,0.0,0.0,0.0,0.0,0.0,0.0,0.0,0.0,0.0,0.0,0.0,0.0,0.0,0.0,1.0E-4,0.0,153300.0,144300.0,155400.0,77050.0,3.548E7,54530.0,49600.0,38680.0,38210.0,44890.0,0.0,1.144E-38,8.733999999999999E-39,2.237E-38,1.429E-38,2.81E-39,4.992E-40,7.003999999999999E-41,3.0849999999999995E-41,4.238E-41,4.666E-41,2.08E-35,0.0,0.2331,0.6601,1.116,0.7521,0.1356,0.0356,0.002604,0.002729,0.00366,0.003262,0.0,0.0,5.12E-4,1.08E-4,7.119E-4,0.9931,8.545E-4,0.001468,9.292E-4,9.373E-4,0.00133,0.0,0.02404,0.001158,0.001309,0.001214,0.1567,0.002497,3.234E-4,2.982E-4,2.913E-4,2.958E-4,
0.0,1161.0,133.9,116.0,76.15,1.669,9.411,0.8429,0.6149,0.683,0.6387,0.0,344.6,0.1443,1.484,0.1602,0.2715,0.3709,0.1723,1.708,1.431,8.906,0.0,344.6,0.1443,1.484,0.1602,0.2715,0.3709,0.1723,1.708,1.431,8.906,0.0,0.0,0.0,0.0,0.0,0.0,0.0,0.0,0.0,0.0,0.0,0.0,0.0,294.5,140.0,43.19,915.1,278.9,4.486,2.561,2.847,2.63,0.0,127.4,5.493,10.7,76.36,29.12,0.185,0.005321,0.01403,0.01306,0.004446,0.0,0.0,0.0,0.0,0.0,0.0,0.0,0.0,0.0,0.0,0.0,0.0,0.0,0.0,0.0,0.0,0.0,0.0,0.0,0.0,0.0,0.0,0.0,0.0,0.0,0.0,0.0,0.0,0.0,0.0,0.0,0.0,0.0,0.0,0.0,1.0E-4,0.0,153300.0,144300.0,156200.0,77250.0,3.44E7,54890.0,52260.0,40700.0,39810.0,47260.0,0.0,1.153E-38,5.2499999999999997E-39,2.22E-38,1.389E-38,2.811E-39,7.701E-40,7.621999999999999E-41,3.4229999999999994E-41,4.692E-41,5.219E-41,2.08E-35,0.0,0.2353,0.6585,1.116,0.7256,0.1357,0.05665,0.00318,0.003514,0.004659,0.004498,0.0,0.0,5.647E-4,1.191E-4,7.852E-4,0.9924,9.425E-4,0.00162,0.001025,0.001034,0.001467,0.0,0.02404,0.001159,0.001296,0.001228,0.1564,0.00251,3.429E-4,3.157E-4,3.096E-4,3.205E-4,
0.0,1161.0,130.7,119.3,75.33,1.229,9.403,0.8121,0.6156,0.6855,0.6399,0.0,344.6,0.1344,1.491,0.1629,0.273,0.3683,0.1722,1.708,1.437,8.9,0.0,344.6,0.1344,1.491,0.1629,0.273,0.3683,0.1722,1.708,1.437,8.9,0.0,0.0,0.0,0.0,0.0,0.0,0.0,0.0,0.0,0.0,0.0,0.0,0.0,304.2,128.3,46.98,915.4,277.3,2.594,2.617,2.917,2.722,0.0,127.4,5.535,10.68,77.43,29.33,0.03496,0.005367,0.01406,0.01214,0.003452,0.0,0.0,0.0,0.0,0.0,0.0,0.0,0.0,0.0,0.0,0.0,0.0,0.0,0.0,0.0,0.0,0.0,0.0,0.0,0.0,0.0,0.0,0.0,0.0,0.0,0.0,0.0,0.0,0.0,0.0,0.0,0.0,0.0,0.0,0.0,9.137E-4,0.0,153300.0,146800.0,160700.0,76820.0,3.229E7,62360.0,50950.0,40230.0,39000.0,46030.0,0.0,1.153E-38,4.878E-39,2.244E-38,1.386E-38,2.837E-39,7.485E-40,7.360999999999999E-41,3.4039999999999997E-41,4.681999999999999E-41,5.203999999999999E-41,2.08E-35,0.0,0.2353,0.6417,1.132,0.7261,0.1368,0.05546,0.002998,0.003521,0.004669,0.0045,0.0,0.0,5.945E-4,1.254E-4,8.267E-4,0.992,9.922E-4,0.001705,0.001079,0.001088,0.001544,0.0,0.02404,0.001166,0.001288,0.001241,0.1562,0.002535,3.527E-4,3.23E-4,3.227E-4,3.248E-4,
0.0,1163.0,127.0,121.2,77.94,1.888,7.207,0.7969,0.6152,0.6832,0.6343,0.0,344.6,0.1316,1.502,0.1551,0.2731,0.3691,0.1688,1.708,2.541,7.797,0.0,344.6,0.1316,1.502,0.1551,0.2731,0.3691,0.1688,1.708,2.541,7.797,0.0,0.0,0.0,0.0,0.0,0.0,0.0,0.0,0.0,0.0,0.0,0.0,0.0,304.2,130.0,36.44,901.3,285.5,2.975,2.68,3.046,2.831,0.0,127.4,5.474,9.704,74.56,31.64,0.03902,0.005363,0.01406,0.01184,0.003116,0.0,0.0,0.0,0.0,0.0,0.0,0.0,0.0,0.0,0.0,0.0,0.0,0.0,0.0,0.0,0.0,0.0,0.0,0.0,0.0,0.0,0.0,0.0,0.0,0.0,0.0,0.0,0.0,0.0,0.0,0.0,0.0,0.0,0.0,0.0,8.445E-4,0.0,153400.0,148400.0,169300.0,78480.0,3.139E7,59270.0,49240.0,39520.0,38080.0,44360.0,0.0,1.164E-38,4.317E-39,2.28E-38,1.348E-38,3.244E-39,6.809E-40,7.221E-41,3.3719999999999996E-41,4.65E-41,5.124E-41,2.08E-35,0.0,0.2464,0.6285,1.135,0.7263,0.1492,0.0409,0.002908,0.003523,0.004654,0.004468,0.0,0.0,5.945E-4,1.254E-4,8.267E-4,0.992,9.922E-4,0.001705,0.001079,0.001088,0.001544,0.0,0.02406,0.001165,0.001301,0.001232,0.1563,0.002541,3.502E-4,3.23E-4,3.319E-4,3.17E-4,
0.0,1163.0,125.9,119.9,78.08,1.21,6.047,0.8191,0.6169,0.6694,0.6365,0.0,344.6,0.1367,1.501,0.1523,0.2735,0.3665,0.9976,0.94,2.41,7.868,0.0,344.6,0.1367,1.501,0.1523,0.2735,0.3665,0.9976,0.94,2.41,7.868,0.0,0.0,0.0,0.0,0.0,0.0,0.0,0.0,0.0,0.0,0.0,0.0,0.0,309.1,134.5,40.26,903.9,270.6,5.368,2.925,3.894,3.486,0.0,127.4,4.905,10.8,79.64,29.33,0.0339,0.005364,0.01406,0.01172,0.002986,0.0,0.0,0.0,0.0,0.0,0.0,0.0,0.0,0.0,0.0,0.0,0.0,0.0,0.0,0.0,0.0,0.0,0.0,0.0,0.0,0.0,0.0,0.0,0.0,0.0,0.0,0.0,0.0,0.0,0.0,0.0,0.0,0.0,0.0,0.0,7.191E-4,0.0,153500.0,149600.0,174300.0,76250.0,3.137E7,56820.0,49940.0,39580.0,37010.0,44540.0,0.0,1.164E-38,4.245E-39,2.263E-38,1.418E-38,2.8359999999999998E-39,4.787E-40,7.256E-41,3.4009999999999997E-41,4.5839999999999994E-41,5.118E-41,2.08E-35,0.0,0.2464,0.6223,1.131,0.7509,0.1368,0.0356,0.00312,0.003469,0.004562,0.004482,0.0,0.0,5.945E-4,1.254E-4,8.267E-4,0.992,9.922E-4,0.001705,0.001079,0.001088,0.001544,0.0,0.02407,0.001161,0.001305,0.001234,0.1563,0.002515,4.175E-4,3.049E-4,2.87E-4,3.176E-4,
0.0,1163.0,125.7,120.5,77.87,1.23,6.038,0.8199,0.6181,0.6697,0.6374,0.0,344.6,0.1645,1.454,0.1724,0.2733,0.364,0.997,0.9408,2.41,7.868,0.0,344.6,0.1645,1.454,0.1724,0.2733,0.364,0.997,0.9408,2.41,7.868,0.0,0.0,0.0,0.0,0.0,0.0,0.0,0.0,0.0,0.0,0.0,0.0,0.0,303.6,140.2,40.52,903.1,269.6,5.51,2.992,3.941,3.558,0.0,127.4,4.906,10.93,79.09,29.34,0.03209,0.005366,0.01407,0.01167,0.00293,0.0,0.0,0.0,0.0,0.0,0.0,0.0,0.0,0.0,0.0,0.0,0.0,0.0,0.0,0.0,0.0,0.0,0.0,0.0,0.0,0.0,0.0,0.0,0.0,0.0,0.0,0.0,0.0,0.0,0.0,0.0,0.0,0.0,0.0,0.0,6.321E-4,0.0,153600.0,151800.0,181200.0,74410.0,3.196E7,55930.0,51150.0,39810.0,37440.0,45760.0,0.0,1.164E-38,4.635E-39,2.204E-38,1.423E-38,2.8449999999999998E-39,4.761E-40,7.229999999999999E-41,3.3719999999999996E-41,4.5679999999999996E-41,5.099E-41,2.08E-35,0.0,0.2477,0.6296,1.127,0.7459,0.1371,0.0355,0.003126,0.003482,0.004565,0.004491,0.0,0.0,5.945E-4,1.254E-4,8.267E-4,0.992,9.922E-4,0.001705,0.001079,0.001088,0.001544,0.0,0.02407,0.001159,0.001323,0.001223,0.1563,0.002494,4.172E-4,3.053E-4,2.871E-4,3.177E-4,
0.0,1163.0,123.3,120.4,78.22,0.2862,5.997,0.8231,0.6222,0.6707,0.6405,0.0,344.6,0.1395,1.491,0.1641,0.2719,0.3552,1.008,0.9444,2.433,7.834,0.0,344.6,0.1395,1.491,0.1641,0.2719,0.3552,1.008,0.9444,2.433,7.834,0.0,0.0,0.0,0.0,0.0,0.0,0.0,0.0,0.0,0.0,0.0,0.0,0.0,309.6,138.1,41.46,896.6,267.6,5.707,3.229,4.004,3.735,0.0,127.4,4.923,9.961,81.83,30.38,0.0316,0.005368,0.01407,0.0104,0.003875,0.0,0.0,0.0,0.0,0.0,0.0,0.0,0.0,0.0,0.0,0.0,0.0,0.0,0.0,0.0,0.0,0.0,0.0,0.0,0.0,0.0,0.0,0.0,0.0,0.0,0.0,0.0,0.0,0.0,0.0,0.0,0.0,0.0,0.0,0.0,5.523E-4,0.0,153700.0,152600.0,168100.0,76950.0,3.312E7,56070.0,53190.0,40900.0,37690.0,48460.0,0.0,1.164E-38,4.236E-39,2.25E-38,1.416E-38,2.666E-39,4.742E-40,7.206999999999999E-41,3.344E-41,4.5449999999999995E-41,5.087E-41,2.08E-35,0.0,0.2478,0.6126,1.135,0.7588,0.1311,0.03525,0.003152,0.003527,0.00457,0.004524,0.0,0.0,5.945E-4,1.254E-4,8.267E-4,0.992,9.922E-4,0.001705,0.001079,0.001088,0.001544,0.0,0.0241,0.001162,0.001306,0.001233,0.1561,0.002444,4.235E-4,3.035E-4,2.806E-4,3.241E-4,
0.0,1164.0,113.5,130.5,88.0,0.04266,5.892,0.8218,0.6227,0.6709,0.6407,0.0,344.6,0.1398,1.486,0.1676,0.2719,0.3551,1.008,0.9444,2.453,7.815,0.0,344.6,0.1398,1.486,0.1676,0.2719,0.3551,1.008,0.9444,2.453,7.815,0.0,0.0,0.0,0.0,0.0,0.0,0.0,0.0,0.0,0.0,0.0,0.0,0.0,308.0,143.4,42.33,897.7,266.8,5.844,3.241,4.053,3.771,0.0,127.4,4.891,9.717,71.54,30.57,0.03154,0.005373,0.01417,0.01013,0.003421,0.0,0.0,0.0,0.0,0.0,0.0,0.0,0.0,0.0,0.0,0.0,0.0,0.0,0.0,0.0,0.0,0.0,0.0,0.0,0.0,0.0,0.0,0.0,0.0,0.0,0.0,0.0,0.0,0.0,0.0,0.0,0.0,0.0,0.0,0.0,5.028E-4,0.0,153700.0,153500.0,170400.0,76080.0,3.468E7,57790.0,55810.0,42760.0,39160.0,50740.0,0.0,1.178E-38,4.1409999999999995E-39,2.248E-38,1.403E-38,2.662E-39,4.298E-40,7.153999999999999E-41,3.3159999999999995E-41,4.5269999999999995E-41,5.066999999999999E-41,2.08E-35,0.0,0.2526,0.5626,1.184,0.7555,0.1309,0.0338,0.003149,0.003529,0.00457,0.004523,0.0,0.0,5.945E-4,1.254E-4,8.267E-4,0.992,9.922E-4,0.001705,0.001079,0.001088,0.001544,0.0,0.0241,0.001165,0.001299,0.00122,0.1563,0.00245,4.18E-4,3.065E-4,2.796E-4,3.227E-4,
0.0,1164.0,111.5,131.3,89.61,1.691,7.528,0.9161,0.5303,0.593,0.6213,0.0,344.6,0.1444,1.467,0.2058,0.2736,0.4073,0.9828,0.9021,2.441,7.795,0.0,344.6,0.1444,1.467,0.2058,0.2736,0.4073,0.9828,0.9021,2.441,7.795,0.0,0.0,0.0,0.0,0.0,0.0,0.0,0.0,0.0,0.0,0.0,0.0,0.0,310.5,143.7,42.73,888.8,266.7,6.24,3.329,4.169,3.919,0.0,127.4,4.894,14.18,62.68,30.58,0.03258,0.00538,0.01412,0.01008,0.003113,0.0,0.0,0.0,0.0,0.0,0.0,0.0,0.0,0.0,0.0,0.0,0.0,0.0,0.0,0.0,0.0,0.0,0.0,0.0,0.0,0.0,0.0,0.0,0.0,0.0,0.0,0.0,0.0,0.0,0.0,0.0,0.0,0.0,0.0,0.0,1.0E-4,0.0,153800.0,152200.0,174800.0,76730.0,3.643E7,59020.0,58690.0,44730.0,41070.0,53200.0,0.0,1.178E-38,4.068E-39,2.218E-38,1.361E-38,2.713E-39,7.664E-40,7.253999999999999E-41,3.148E-41,4.395E-41,5.018E-41,2.08E-35,0.0,0.2526,0.5531,1.183,0.7419,0.1395,0.04247,0.003617,0.003068,0.00418,0.004424,0.0,0.0,5.945E-4,1.254E-4,8.267E-4,0.992,9.922E-4,0.001705,0.001079,0.001088,0.001544,0.0,0.02411,0.001119,0.001286,0.001223,0.1562,0.002437,4.22E-4,3.077E-4,2.814E-4,3.251E-4,
0.0,1164.0,110.8,129.4,95.9,1.696,5.105,0.9165,0.5316,0.5927,0.621,0.0,344.6,0.1423,1.498,0.1664,0.2826,0.4065,0.993,0.9047,2.461,7.762,0.0,344.6,0.1423,1.498,0.1664,0.2826,0.4065,0.993,0.9047,2.461,7.762,0.0,0.0,0.0,0.0,0.0,0.0,0.0,0.0,0.0,0.0,0.0,0.0,0.0,312.5,140.7,43.37,891.7,265.8,6.389,3.338,4.22,3.961,0.0,129.0,4.18,5.643,73.71,24.78,0.02908,0.005394,0.0141,0.009969,0.002929,0.0,0.0,0.0,0.0,0.0,0.0,0.0,0.0,0.0,0.0,0.0,0.0,0.0,0.0,0.0,0.0,0.0,0.0,0.0,0.0,0.0,0.0,0.0,0.0,0.0,0.0,0.0,0.0,0.0,0.0,0.0,0.0,0.0,0.0,0.0,5.382E-4,0.0,154800.0,148400.0,174200.0,79930.0,3.705E7,58320.0,59930.0,45790.0,41950.0,54180.0,0.0,1.201E-38,4.037E-39,2.2E-38,1.364E-38,2.875E-39,4.131E-40,7.222999999999999E-41,3.139E-41,4.3719999999999997E-41,4.988E-41,2.08E-35,0.0,0.2598,0.5469,1.184,0.7553,0.1314,0.02988,0.00362,0.003074,0.004178,0.004422,0.0,0.0,5.977E-4,1.261E-4,8.311E-4,0.992,9.976E-4,0.001714,0.001085,0.001094,0.001552,0.0,0.02414,0.001103,0.001316,0.00122,0.1562,0.002405,4.238E-4,3.135E-4,2.785E-4,3.244E-4,
0.0,1168.0,114.4,123.6,96.48,1.693,5.091,0.9167,0.5316,0.5927,0.6211,0.0,344.6,0.1721,1.49,0.1674,0.2581,0.4036,0.9931,0.9053,2.461,7.762,0.0,344.6,0.1721,1.49,0.1674,0.2581,0.4036,0.9931,0.9053,2.461,7.762,0.0,0.0,0.0,0.0,0.0,0.0,0.0,0.0,0.0,0.0,0.0,0.0,0.0,303.5,154.7,42.67,886.4,265.8,6.382,3.327,4.212,3.956,0.0,131.3,4.26,5.565,68.53,24.8,0.03099,0.005387,0.01401,0.009832,0.002821,0.0,0.0,0.0,0.0,0.0,0.0,0.0,0.0,0.0,0.0,0.0,0.0,0.0,0.0,0.0,0.0,0.0,0.0,0.0,0.0,0.0,0.0,0.0,0.0,0.0,0.0,0.0,0.0,0.0,0.0,0.0,0.0,0.0,0.0,0.0,1.0E-4,0.0,155400.0,149300.0,169800.0,77250.0,3.46E7,55290.0,55530.0,43250.0,39250.0,50100.0,0.0,1.248E-38,4.506E-39,2.175E-38,1.305E-38,2.6069999999999998E-39,4.098E-40,7.180999999999999E-41,3.1079999999999996E-41,4.3549999999999996E-41,4.966999999999999E-41,2.08E-35,0.0,0.282,0.5707,1.17,0.741,0.1103,0.0298,0.003621,0.003074,0.004178,0.004422,0.0,0.0,5.977E-4,1.261E-4,8.311E-4,0.992,9.976E-4,0.001714,0.001085,0.001094,0.001552,0.0,0.02419,0.0011,0.001296,0.001211,0.1559,0.00237,4.242E-4,3.131E-4,2.778E-4,3.242E-4,
0.0,1168.0,113.4,122.1,98.55,2.023,9.235,1.121,0.5343,0.6087,0.6203,0.0,344.6,0.1798,1.41,0.1544,0.2704,0.4181,1.038,0.9629,2.114,8.056,0.0,344.6,0.1798,1.41,0.1544,0.2704,0.4181,1.038,0.9629,2.114,8.056,0.0,0.0,0.0,0.0,0.0,0.0,0.0,0.0,0.0,0.0,0.0,0.0,0.0,300.6,155.2,47.6,882.7,266.2,13.16,3.098,3.719,2.827,0.0,131.3,4.274,5.505,63.73,24.77,0.0291,0.005378,0.014,0.009782,0.002736,0.0,0.0,0.0,0.0,0.0,0.0,0.0,0.0,0.0,0.0,0.0,0.0,0.0,0.0,0.0,0.0,0.0,0.0,0.0,0.0,0.0,0.0,0.0,0.0,0.0,0.0,0.0,0.0,0.0,0.0,0.0,0.0,0.0,0.0,0.0,8.11E-4,0.0,155500.0,150500.0,172700.0,76350.0,3.393E7,53720.0,54440.0,42760.0,38610.0,48680.0,0.0,1.248E-38,4.5569999999999997E-39,2.115E-38,1.277E-38,2.7719999999999997E-39,8.442E-40,7.845999999999999E-41,3.1759999999999997E-41,4.4409999999999995E-41,5.328999999999999E-41,2.08E-35,0.0,0.282,0.5663,1.152,0.7319,0.1146,0.05024,0.005473,0.00306,0.004363,0.004523,0.0,0.0,5.977E-4,1.261E-4,8.311E-4,0.992,9.976E-4,0.001714,0.001085,0.001094,0.001552,0.0,0.02421,0.001079,0.001283,0.00122,0.1561,0.002333,4.557E-4,3.132E-4,2.723E-4,3.337E-4,
0.0,1168.0,112.3,122.7,103.2,1.72,8.495,1.147,0.5586,0.5978,0.6201,0.0,344.6,0.151,1.473,0.1595,0.2582,0.5645,1.02,0.8228,2.363,7.784,0.0,344.6,0.151,1.473,0.1595,0.2582,0.5645,1.02,0.8228,2.363,7.784,0.0,0.0,0.0,0.0,0.0,0.0,0.0,0.0,0.0,0.0,0.0,0.0,0.0,302.4,153.8,48.63,878.0,264.9,14.86,4.466,3.204,2.85,0.0,145.5,4.289,5.496,46.0,24.82,0.02816,0.00535,0.01472,0.009029,0.002726,0.0,0.0,0.0,0.0,0.0,0.0,0.0,0.0,0.0,0.0,0.0,0.0,0.0,0.0,0.0,0.0,0.0,0.0,0.0,0.0,0.0,0.0,0.0,0.0,0.0,0.0,0.0,0.0,0.0,0.0,0.0,0.0,0.0,0.0,0.0,1.005E-4,0.0,157500.0,153400.0,177100.0,74770.0,3.418E7,52460.0,54870.0,43240.0,38730.0,48890.0,0.0,1.266E-38,4.19E-39,2.132E-38,1.279E-38,2.648E-39,7.76E-40,7.168999999999999E-41,3.1609999999999997E-41,4.4119999999999994E-41,5.253E-41,2.08E-35,0.0,0.2967,0.5546,1.159,0.7253,0.1111,0.04573,0.006114,0.00333,0.004253,0.004508,0.0,0.0,5.977E-4,1.261E-4,8.311E-4,0.992,9.976E-4,0.001714,0.001085,0.001094,0.001552,0.0,0.02424,0.001077,0.001276,0.001212,0.156,0.002304,4.689E-4,3.202E-4,2.656E-4,3.333E-4,
0.0,1167.0,118.4,118.9,111.7,2.569,4.541,1.161,0.5546,0.5899,0.6159,0.0,344.6,0.1639,1.459,0.151,0.2545,0.4986,1.082,0.8354,1.871,8.268,0.0,344.6,0.1639,1.459,0.151,0.2545,0.4986,1.082,0.8354,1.871,8.268,0.0,0.0,0.0,0.0,0.0,0.0,0.0,0.0,0.0,0.0,0.0,0.0,0.0,303.2,154.9,37.79,881.9,273.3,16.01,4.791,3.219,2.937,0.0,144.6,4.726,4.968,43.77,20.53,0.02618,0.005348,0.01468,0.009015,0.002723,0.0,0.0,0.0,0.0,0.0,0.0,0.0,0.0,0.0,0.0,0.0,0.0,0.0,0.0,0.0,0.0,0.0,0.0,0.0,0.0,0.0,0.0,0.0,0.0,0.0,0.0,0.0,0.0,0.0,0.0,0.0,0.0,0.0,0.0,0.0,6.325E-4,0.0,157800.0,157500.0,171200.0,77930.0,3.474E7,51970.0,56150.0,43300.0,39140.0,50180.0,0.0,1.228E-38,4.914E-39,2.098E-38,1.3189999999999999E-38,2.358E-39,3.82E-40,7.040999999999999E-41,3.045E-41,4.3289999999999995E-41,5.179999999999999E-41,2.08E-35,0.0,0.2938,0.5834,1.143,0.7482,0.09308,0.02497,0.006296,0.003329,0.004202,0.004487,0.0,0.0,5.977E-4,1.261E-4,8.311E-4,0.992,9.976E-4,0.001714,0.001085,0.001094,0.001552,0.0,0.02424,0.001079,0.001288,0.001193,0.1559,0.00231,4.729E-4,3.23E-4,2.637E-4,3.331E-4,
0.0,1166.0,106.8,126.3,105.4,12.18,4.341,1.121,0.5017,1.062,1.122,0.0,344.6,0.1408,1.435,0.186,0.2651,0.391,0.3813,0.7499,2.073,8.958,0.0,344.6,0.1408,1.435,0.186,0.2651,0.391,0.3813,0.7499,2.073,8.958,0.0,0.0,0.0,0.0,0.0,0.0,0.0,0.0,0.0,0.0,0.0,0.0,0.0,307.3,152.7,40.85,881.1,257.7,17.24,6.331,4.328,3.646,0.0,143.9,3.801,6.038,44.16,21.19,0.02708,0.005348,0.01444,0.009806,0.003644,0.0,0.0,0.0,0.0,0.0,0.0,0.0,0.0,0.0,0.0,0.0,0.0,0.0,0.0,0.0,0.0,0.0,0.0,0.0,0.0,0.0,0.0,0.0,0.0,0.0,0.0,0.0,0.0,0.0,0.0,0.0,0.0,0.0,0.0,0.0,1.0E-4,0.0,157800.0,154800.0,162100.0,78890.0,3.593E7,52480.0,58290.0,44320.0,40430.0,52150.0,0.0,1.196E-38,4.045E-39,2.106E-38,1.326E-38,2.416E-39,3.6349999999999998E-40,6.623E-41,2.591E-41,4.936999999999999E-41,5.759999999999999E-41,2.08E-35,0.0,0.29,0.5227,1.155,0.748,0.1445,0.02319,0.005922,0.002826,0.004527,0.004791,0.0,0.0,5.977E-4,1.261E-4,8.311E-4,0.992,9.976E-4,0.001714,0.001085,0.001094,0.001552,0.0,0.02426,0.001053,0.001296,0.001188,0.156,0.002287,4.743E-4,3.234E-4,2.71E-4,3.284E-4,
0.0,1166.0,105.5,126.7,103.6,2.425,4.289,1.134,0.5065,1.067,1.129,0.0,344.6,0.1348,1.382,0.2356,0.2576,0.3443,0.3771,0.7455,2.067,9.036,0.0,344.6,0.1348,1.382,0.2356,0.2576,0.3443,0.3771,0.7455,2.067,9.036,0.0,0.0,0.0,0.0,0.0,0.0,0.0,0.0,0.0,0.0,0.0,0.0,0.0,306.6,147.4,42.97,881.2,256.6,17.89,6.426,4.359,3.677,0.0,150.9,5.972,9.833,31.41,33.06,0.02662,0.005349,0.01425,0.009261,0.003105,0.0,0.0,0.0,0.0,0.0,0.0,0.0,0.0,0.0,0.0,0.0,0.0,0.0,0.0,0.0,0.0,0.0,0.0,0.0,0.0,0.0,0.0,0.0,0.0,0.0,0.0,0.0,0.0,0.0,0.0,0.0,0.0,0.0,0.0,0.0,5.013E-4,0.0,160800.0,170800.0,153900.0,83380.0,3.742E7,53690.0,60890.0,45890.0,42040.0,54510.0,0.0,1.253E-38,3.92E-39,2.0819999999999999E-38,1.275E-38,2.609E-39,3.551E-40,6.558E-41,2.624E-41,4.982E-41,5.835999999999999E-41,2.08E-35,0.0,0.3143,0.525,1.146,0.7294,0.1448,0.02284,0.006058,0.002858,0.004548,0.00482,0.0,0.0,5.977E-4,1.261E-4,8.311E-4,0.992,9.976E-4,0.001714,0.001085,0.001094,0.001552,0.0,0.02427,0.001051,0.001271,0.001195,0.156,0.002258,4.807E-4,3.24E-4,2.715E-4,3.333E-4,
0.0,1161.0,111.9,121.2,102.2,0.0177,4.269,1.156,0.5068,1.065,1.129,0.0,344.6,0.1295,1.476,0.163,0.2403,0.3317,0.3904,0.7456,2.604,8.498,0.0,344.6,0.1295,1.476,0.163,0.2403,0.3317,0.3904,0.7456,2.604,8.498,0.0,0.0,0.0,0.0,0.0,0.0,0.0,0.0,0.0,0.0,0.0,0.0,0.0,307.2,143.4,44.1,885.8,255.4,19.0,6.278,4.156,3.673,0.0,148.9,5.755,7.416,38.35,37.35,0.03037,0.006652,0.02005,0.01249,0.003075,0.0,0.0,0.0,0.0,0.0,0.0,0.0,0.0,0.0,0.0,0.0,0.0,0.0,0.0,0.0,0.0,0.0,0.0,0.0,0.0,0.0,0.0,0.0,0.0,0.0,0.0,0.0,0.0,0.0,0.0,0.0,0.0,0.0,0.0,0.0,1.0E-4,0.0,160800.0,173000.0,151900.0,84880.0,3.771E7,52640.0,61400.0,43990.0,41220.0,55470.0,0.0,1.152E-38,3.805E-39,2.113E-38,1.281E-38,2.087E-39,3.531E-40,6.487E-41,2.582E-41,4.946E-41,5.805E-41,2.08E-35,0.0,0.2904,0.5471,1.167,0.7286,0.1226,0.02262,0.006287,0.002858,0.004525,0.004821,0.0,0.0,6.016E-4,1.269E-4,8.366E-4,0.9919,0.001004,0.001726,0.001092,0.001101,0.001563,0.0,0.02426,0.001092,0.001271,0.001224,0.1547,0.002244,4.839E-4,3.112E-4,2.643E-4,3.315E-4,
0.0,1162.0,110.9,118.4,91.47,0.03012,5.717,1.163,0.5071,1.073,1.134,0.0,344.6,0.1386,1.4,0.2133,0.2593,0.6667,0.7328,0.4088,2.36,8.391,0.0,344.6,0.1386,1.4,0.2133,0.2593,0.6667,0.7328,0.4088,2.36,8.391,0.0,0.0,0.0,0.0,0.0,0.0,0.0,0.0,0.0,0.0,0.0,0.0,0.0,304.7,146.3,46.41,875.1,265.3,18.79,4.825,4.123,3.625,0.0,148.9,7.862,8.571,42.86,37.57,3.106,0.007933,0.02582,0.01578,0.003138,0.0,0.0,0.0,0.0,0.0,0.0,0.0,0.0,0.0,0.0,0.0,0.0,0.0,0.0,0.0,0.0,0.0,0.0,0.0,0.0,0.0,0.0,0.0,0.0,0.0,0.0,0.0,0.0,0.0,0.0,0.0,0.0,0.0,0.0,0.0,1.0E-4,0.0,160800.0,174100.0,149700.0,88560.0,3.476E7,51280.0,56910.0,42090.0,38880.0,51200.0,0.0,1.168E-38,4.158E-39,2.075E-38,1.166E-38,2.334E-39,9.265E-40,6.505999999999999E-41,2.585E-41,4.97E-41,5.944999999999999E-41,2.08E-35,0.0,0.2971,0.5536,1.154,0.6943,0.132,0.04052,0.006326,0.002863,0.004544,0.004877,0.0,0.0,6.016E-4,1.269E-4,8.366E-4,0.9919,0.001004,0.001726,0.001092,0.001101,0.001563,0.0,0.02427,0.001098,0.001278,0.001245,0.1544,0.002263,4.888E-4,3.162E-4,2.693E-4,3.312E-4,
0.0,1159.0,118.8,110.9,95.56,0.01868,4.102,1.159,0.5002,1.066,1.127,0.0,344.6,0.1504,1.449,0.1618,0.2423,0.6695,0.7353,0.4067,2.841,7.911,0.0,344.6,0.1504,1.449,0.1618,0.2423,0.6695,0.7353,0.4067,2.841,7.911,0.0,0.0,0.0,0.0,0.0,0.0,0.0,0.0,0.0,0.0,0.0,0.0,0.0,307.4,144.7,40.02,876.4,268.4,19.22,4.727,4.399,3.834,0.0,147.5,6.095,9.4,49.07,36.43,0.03917,0.007931,0.02579,0.01574,0.003099,0.0,0.0,0.0,0.0,0.0,0.0,0.0,0.0,0.0,0.0,0.0,0.0,0.0,0.0,0.0,0.0,0.0,0.0,0.0,0.0,0.0,0.0,0.0,0.0,0.0,0.0,0.0,0.0,0.0,0.0,0.0,0.0,0.0,0.0,0.0,8.661E-4,0.0,160900.0,177000.0,147800.0,84120.0,3.368E7,49270.0,55150.0,40600.0,37610.0,49630.0,0.0,1.097E-38,4.306E-39,2.055E-38,1.258E-38,1.946E-39,3.37E-40,6.313E-41,2.515E-41,4.839E-41,5.808999999999999E-41,2.08E-35,0.0,0.2791,0.5843,1.139,0.7228,0.1195,0.02168,0.006323,0.002807,0.004509,0.004834,0.0,0.0,6.016E-4,1.269E-4,8.366E-4,0.9919,0.001004,0.001726,0.001092,0.001101,0.001563,0.0,0.02426,0.001118,0.001278,0.001208,0.1545,0.002266,4.905E-4,3.148E-4,2.721E-4,3.289E-4,
0.0,1159.0,113.4,111.5,99.35,0.005484,4.38,0.9665,0.2638,0.8395,0.9506,0.0,344.6,0.1325,1.418,0.1521,0.2898,0.5887,0.7762,0.3381,3.055,7.814,0.0,344.6,0.1325,1.418,0.1521,0.2898,0.5887,0.7762,0.3381,3.055,7.814,0.0,0.0,0.0,0.0,0.0,0.0,0.0,0.0,0.0,0.0,0.0,0.0,0.0,306.2,147.0,37.68,867.6,267.3,19.23,4.499,4.429,3.138,0.0,152.5,4.92,10.35,48.22,33.12,0.1064,0.03289,0.04674,0.03679,0.01748,0.0,0.0,0.0,0.0,0.0,0.0,0.0,0.0,0.0,0.0,0.0,0.0,0.0,0.0,0.0,0.0,0.0,0.0,0.0,0.0,0.0,0.0,0.0,0.0,0.0,0.0,0.0,0.0,0.0,0.0,0.0,0.0,0.0,0.0,0.0,6.155E-4,0.0,162000.0,167400.0,350200.0,76970.0,3.264E7,203700.0,73270.0,63740.0,61630.0,22510.0,0.0,1.127E-38,3.941E-39,2.05E-38,1.242E-38,2.072E-39,3.991E-40,6.126999999999999E-41,2.3619999999999996E-41,4.728E-41,5.741999999999999E-41,2.08E-35,0.0,0.3032,0.5524,1.141,0.7107,0.1328,0.02728,0.005462,0.001639,0.003392,0.003859,0.0,0.0,3.054E-4,0.007141,7.126E-4,0.9789,0.006177,0.002312,0.001896,0.001906,6.058E-4,0.0,0.02429,0.001094,0.002234,0.001148,0.1524,0.00294,6.061E-4,3.741E-4,3.717E-4,1.911E-4,
0.0,1159.0,112.7,111.8,103.5,1.016,4.023,0.6158,0.1867,0.7796,0.875,0.0,344.6,0.1363,1.461,0.1718,0.2339,0.577,0.7915,0.3199,2.222,8.65,0.0,344.6,0.1363,1.461,0.1718,0.2339,0.577,0.7915,0.3199,2.222,8.65,0.0,0.0,0.0,0.0,0.0,0.0,0.0,0.0,0.0,0.0,0.0,0.0,0.0,305.2,150.7,38.72,874.2,248.9,22.09,3.419,6.523,5.3,0.0,152.5,4.889,10.56,42.36,33.62,0.6394,0.06762,0.04807,0.04014,0.03016,0.0,0.0,0.0,0.0,0.0,0.0,0.0,0.0,0.0,0.0,0.0,0.0,0.0,0.0,0.0,0.0,0.0,0.0,0.0,0.0,0.0,0.0,0.0,0.0,0.0,0.0,0.0,0.0,0.0,0.0,0.0,0.0,0.0,0.0,0.0,1.0E-4,0.0,162100.0,168500.0,166200.0,80260.0,3.134E7,47690.0,7969.0,23810.0,21740.0,21560.0,0.0,1.127E-38,3.9359999999999996E-39,2.054E-38,1.236E-38,1.834E-39,6.019E-40,3.459E-41,1.9259999999999998E-41,4.176E-41,5.137999999999999E-41,2.08E-35,0.0,0.3032,0.5498,1.176,0.7101,0.09404,0.03095,0.006103,0.001454,0.003574,0.004189,0.0,0.0,3.149E-4,7.623E-4,7.348E-4,0.9957,7.107E-4,2.657E-5,5.403E-4,5.512E-4,6.246E-4,0.0,0.02429,0.001094,0.001387,0.001167,0.1544,0.002193,3.098E-4,1.929E-4,1.924E-4,1.965E-4,
0.0,1153.0,117.9,110.5,107.3,0.006272,2.897,0.4645,0.1604,0.7479,0.8336,0.0,344.6,0.1362,1.473,0.1679,0.2299,0.5656,0.7097,0.3426,3.172,7.767,0.0,344.6,0.1362,1.473,0.1679,0.2299,0.5656,0.7097,0.3426,3.172,7.767,0.0,0.0,0.0,0.0,0.0,0.0,0.0,0.0,0.0,0.0,0.0,0.0,0.0,307.4,149.7,39.74,880.3,243.1,23.09,3.865,7.681,6.196,0.0,151.4,7.11,12.07,40.03,33.47,0.09195,0.02322,0.04055,0.0306,0.01811,0.0,0.0,0.0,0.0,0.0,0.0,0.0,0.0,0.0,0.0,0.0,0.0,0.0,0.0,0.0,0.0,0.0,0.0,0.0,0.0,0.0,0.0,0.0,0.0,0.0,0.0,0.0,0.0,0.0,0.0,0.0,0.0,0.0,0.0,0.0,1.0E-4,0.0,162200.0,172600.0,164300.0,78480.0,3.032E7,45610.0,7436.0,23350.0,21510.0,21280.0,0.0,1.0229999999999999E-38,5.046E-39,2.058E-38,1.255E-38,1.775E-39,3.272E-40,5.7030000000000006E-42,1.417E-41,3.593E-41,4.2839999999999996E-41,2.08E-35,0.0,0.2787,0.5776,1.182,0.7201,0.08758,0.01776,0.004702,0.00121,0.003293,0.003787,0.0,0.0,3.271E-4,7.918E-4,7.633E-4,0.9956,7.382E-4,2.76E-5,5.613E-4,5.726E-4,6.488E-4,0.0,0.02427,0.001124,0.001372,0.001176,0.154,0.002179,3.098E-4,1.958E-4,2.027E-4,1.938E-4,
0.0,1153.0,122.4,109.6,111.3,0.02334,3.507,0.4645,0.145,0.7288,0.8096,0.0,344.6,0.1382,1.478,0.1552,0.2295,0.5703,0.5692,0.2834,2.257,8.881,0.0,344.6,0.1382,1.478,0.1552,0.2295,0.5703,0.5692,0.2834,2.257,8.881,0.0,0.0,0.0,0.0,0.0,0.0,0.0,0.0,0.0,0.0,0.0,0.0,0.0,309.3,148.4,39.42,878.8,244.9,23.08,3.704,7.484,5.955,0.0,151.4,4.828,10.2,35.05,33.44,0.08989,0.02317,0.04065,0.03838,0.01062,0.0,0.0,0.0,0.0,0.0,0.0,0.0,0.0,0.0,0.0,0.0,0.0,0.0,0.0,0.0,0.0,0.0,0.0,0.0,0.0,0.0,0.0,0.0,0.0,0.0,0.0,0.0,0.0,0.0,0.0,0.0,0.0,0.0,0.0,0.0,1.0E-4,0.0,162300.0,173900.0,163400.0,77200.0,2.853E7,44120.0,7101.0,22790.0,21930.0,19950.0,0.0,1.0229999999999999E-38,4.0509999999999995E-39,2.044E-38,1.256E-38,1.775E-39,2.774E-40,5.54E-42,9.878000000000001E-42,3.044E-41,3.595E-41,2.08E-35,0.0,0.2787,0.5921,1.164,0.7188,0.0876,0.01861,0.004702,0.001119,0.003183,0.003631,0.0,0.0,3.449E-4,8.349E-4,8.048E-4,0.9953,7.784E-4,2.91E-5,5.918E-4,6.037E-4,6.842E-4,0.0,0.02429,0.001122,0.001372,0.001178,0.1539,0.00219,3.105E-4,1.98E-4,2.122E-4,1.89E-4,
0.0,1150.0,120.4,115.4,113.5,0.0236,3.128,0.4662,0.1732,0.7684,0.8567,0.0,344.6,0.1359,1.484,0.1582,0.2278,0.563,0.5777,0.2753,3.086,8.053,0.0,344.6,0.1359,1.484,0.1582,0.2278,0.563,0.5777,0.2753,3.086,8.053,0.0,0.0,0.0,0.0,0.0,0.0,0.0,0.0,0.0,0.0,0.0,0.0,0.0,311.6,148.8,39.88,872.7,243.3,23.08,3.852,7.666,6.18,0.0,150.0,4.819,9.849,33.3,33.46,0.08942,0.03074,0.03316,0.03853,0.01079,0.0,0.0,0.0,0.0,0.0,0.0,0.0,0.0,0.0,0.0,0.0,0.0,0.0,0.0,0.0,0.0,0.0,0.0,0.0,0.0,0.0,0.0,0.0,0.0,0.0,0.0,0.0,0.0,0.0,0.0,0.0,0.0,0.0,0.0,0.0,5.721E-4,0.0,162200.0,174400.0,166400.0,77500.0,2.753E7,44050.0,7907.0,22190.0,22220.0,20380.0,0.0,9.616999999999999E-39,3.9519999999999995E-39,2.034E-38,1.267E-38,1.776E-39,2.5429999999999998E-40,5.4110000000000004E-42,1.1499999999999998E-41,3.252E-41,3.8579999999999995E-41,2.08E-35,0.0,0.262,0.5778,1.187,0.7228,0.08743,0.01725,0.004732,0.001194,0.003328,0.003796,0.0,0.0,3.695E-4,8.945E-4,8.622E-4,0.995,8.339E-4,3.117E-5,6.34E-4,6.468E-4,7.33E-4,0.0,0.02428,0.001134,0.001403,0.001183,0.1534,0.002193,3.28E-4,1.847E-4,2.204E-4,1.934E-4,
0.0,1145.0,126.8,115.7,108.4,0.02326,3.045,0.4664,0.1806,0.7774,0.8657,0.0,344.6,0.1362,1.484,0.1596,0.2271,0.5577,0.5797,0.4965,4.18,6.739,0.0,344.6,0.1362,1.484,0.1596,0.2271,0.5577,0.5797,0.4965,4.18,6.739,0.0,0.0,0.0,0.0,0.0,0.0,0.0,0.0,0.0,0.0,0.0,0.0,0.0,311.7,148.9,39.98,876.7,243.0,23.07,3.893,7.715,6.239,0.0,148.3,5.267,12.27,35.31,33.42,0.0937,0.03063,0.03324,0.03859,0.01086,0.0,0.0,0.0,0.0,0.0,0.0,0.0,0.0,0.0,0.0,0.0,0.0,0.0,0.0,0.0,0.0,0.0,0.0,0.0,0.0,0.0,0.0,0.0,0.0,0.0,0.0,0.0,0.0,0.0,0.0,0.0,0.0,0.0,0.0,0.0,6.804E-4,0.0,162200.0,169600.0,156500.0,78450.0,2.651E7,44510.0,7807.0,22220.0,22550.0,19680.0,0.0,8.861999999999999E-39,3.984E-39,2.0279999999999999E-38,1.263E-38,1.775E-39,2.48E-40,5.271E-42,1.18E-41,3.2939999999999997E-41,3.8909999999999994E-41,2.08E-35,0.0,0.2415,0.5988,1.184,0.7261,0.08737,0.01694,0.004732,0.001221,0.003368,0.00382,0.0,0.0,3.825E-4,9.26E-4,8.926E-4,0.9948,8.633E-4,3.227E-5,6.564E-4,6.696E-4,7.588E-4,0.0,0.02428,0.00115,0.001391,0.001194,0.1534,0.002187,3.292E-4,1.895E-4,2.252E-4,1.934E-4,
0.0,1149.0,126.9,112.5,103.4,0.4407,3.062,0.4663,0.1806,0.7781,0.8658,0.0,344.6,0.1517,1.461,0.1702,0.2272,0.5393,0.593,0.4998,4.19,6.725,0.0,344.6,0.1517,1.461,0.1702,0.2272,0.5393,0.593,0.4998,4.19,6.725,0.0,0.0,0.0,0.0,0.0,0.0,0.0,0.0,0.0,0.0,0.0,0.0,0.0,310.1,150.4,39.18,874.9,243.6,23.06,3.895,7.721,6.247,0.0,148.3,5.16,10.25,41.55,33.45,0.1396,0.02442,0.03332,0.03866,0.01093,0.0,0.0,0.0,0.0,0.0,0.0,0.0,0.0,0.0,0.0,0.0,0.0,0.0,0.0,0.0,0.0,0.0,0.0,0.0,0.0,0.0,0.0,0.0,0.0,0.0,0.0,0.0,0.0,0.0,0.0,0.0,0.0,0.0,0.0,0.0,1.0E-4,0.0,162400.0,164800.0,153500.0,77290.0,2.568E7,47970.0,7154.0,22340.0,22480.0,19460.0,0.0,9.182999999999999E-39,4.1249999999999996E-39,1.986E-38,1.238E-38,1.795E-39,2.549E-40,5.085E-42,1.17E-41,3.285E-41,3.8759999999999995E-41,2.08E-35,0.0,0.2567,0.6029,1.17,0.7148,0.08993,0.01721,0.004723,0.001221,0.003372,0.00382,0.0,0.0,3.942E-4,9.541E-4,9.197E-4,0.9947,8.895E-4,3.325E-5,6.763E-4,6.899E-4,7.818E-4,0.0,0.02429,0.001139,0.001409,0.001178,0.1533,0.002203,3.232E-4,1.919E-4,2.311E-4,1.964E-4,
0.0,1141.0,123.3,125.7,108.1,0.439,3.056,0.468,0.1796,0.7783,0.8664,0.0,344.6,0.1499,1.458,0.1605,0.2268,0.5398,0.5936,0.3915,1.934,9.086,0.0,344.6,0.1499,1.458,0.1605,0.2268,0.5398,0.5936,0.3915,1.934,9.086,0.0,0.0,0.0,0.0,0.0,0.0,0.0,0.0,0.0,0.0,0.0,0.0,0.0,312.3,154.2,37.92,877.9,243.8,23.05,3.896,7.722,6.247,0.0,145.5,5.079,9.691,36.89,33.4,0.1409,0.02435,0.0333,0.03864,0.0109,0.0,0.0,0.0,0.0,0.0,0.0,0.0,0.0,0.0,0.0,0.0,0.0,0.0,0.0,0.0,0.0,0.0,0.0,0.0,0.0,0.0,0.0,0.0,0.0,0.0,0.0,0.0,0.0,0.0,0.0,0.0,0.0,0.0,0.0,0.0,1.0E-4,0.0,162400.0,166100.0,153900.0,78100.0,2.577E7,48120.0,7214.0,22660.0,22620.0,19460.0,0.0,8.04E-39,4.0529999999999996E-39,1.98E-38,1.236E-38,1.789E-39,2.537E-40,5.08E-42,1.1599999999999999E-41,3.267E-41,3.862E-41,2.08E-35,0.0,0.2247,0.5728,1.222,0.7154,0.08974,0.01718,0.004724,0.001212,0.003374,0.003826,0.0,0.0,3.942E-4,9.541E-4,9.197E-4,0.9947,8.895E-4,3.325E-5,6.763E-4,6.899E-4,7.818E-4,0.0,0.02429,0.001161,0.001435,0.001154,0.1533,0.002191,3.257E-4,1.896E-4,2.303E-4,1.987E-4,
0.0,1141.0,123.3,127.2,114.2,0.4399,4.459,0.468,0.1796,0.7899,0.925,0.0,344.6,0.1496,1.484,0.1627,0.227,0.5345,0.5937,0.3895,2.018,8.966,0.0,344.6,0.1496,1.484,0.1627,0.227,0.5345,0.5937,0.3895,2.018,8.966,0.0,0.0,0.0,0.0,0.0,0.0,0.0,0.0,0.0,0.0,0.0,0.0,0.0,312.3,155.2,37.92,878.9,243.8,23.05,3.897,7.723,6.247,0.0,145.5,4.999,9.377,27.0,33.4,1.118,0.01156,0.03329,0.03477,0.02936,0.0,0.0,0.0,0.0,0.0,0.0,0.0,0.0,0.0,0.0,0.0,0.0,0.0,0.0,0.0,0.0,0.0,0.0,0.0,0.0,0.0,0.0,0.0,0.0,0.0,0.0,0.0,0.0,0.0,0.0,0.0,0.0,0.0,0.0,0.0,1.0E-4,0.0,165400.0,169000.0,155500.0,80320.0,2.664E7,47630.0,5806.0,23540.0,22700.0,20460.0,0.0,8.041E-39,3.969E-39,1.939E-38,1.203E-38,1.789E-39,5.784E-40,4.8680000000000003E-42,1.1499999999999998E-41,6.541999999999999E-41,2.179E-40,2.08E-35,0.0,0.2248,0.5733,1.21,0.704,0.08974,0.03171,0.004708,0.001212,0.004317,0.008985,0.0,0.0,3.942E-4,9.541E-4,9.197E-4,0.9947,8.895E-4,3.325E-5,6.763E-4,6.899E-4,7.818E-4,0.0,0.02434,0.001148,0.001432,0.001159,0.1533,0.002149,3.119E-4,1.894E-4,2.244E-4,2.083E-4,
0.0,1143.0,103.0,149.2,121.5,0.4395,3.097,0.4683,0.1798,0.7859,0.8856,0.0,344.6,0.1502,1.441,0.1639,0.2271,0.5371,0.5979,0.3288,1.608,9.464,0.0,344.6,0.1502,1.441,0.1639,0.2271,0.5371,0.5979,0.3288,1.608,9.464,0.0,0.0,0.0,0.0,0.0,0.0,0.0,0.0,0.0,0.0,0.0,0.0,0.0,313.2,155.9,37.84,874.5,243.8,23.05,3.891,7.72,6.247,0.0,145.6,4.702,8.553,20.12,33.11,0.1362,0.01196,0.03381,0.03121,0.0504,0.0,0.0,0.0,0.0,0.0,0.0,0.0,0.0,0.0,0.0,0.0,0.0,0.0,0.0,0.0,0.0,0.0,0.0,0.0,0.0,0.0,0.0,0.0,0.0,0.0,0.0,0.0,0.0,0.0,0.0,0.0,0.0,0.0,0.0,0.0,5.251E-4,0.0,165600.0,172800.0,158900.0,86220.0,2.8E7,48750.0,5926.0,24800.0,23120.0,21660.0,0.0,8.201E-39,3.8719999999999996E-39,1.947E-38,1.222E-38,1.749E-39,2.538E-40,4.843E-42,1.1229999999999999E-41,4.244E-41,7.095E-41,2.08E-35,0.0,0.2341,0.4928,1.288,0.7148,0.08744,0.0173,0.004702,0.001206,0.003656,0.004747,0.0,0.0,3.942E-4,9.541E-4,9.197E-4,0.9947,8.895E-4,3.325E-5,6.763E-4,6.899E-4,7.818E-4,0.0,0.02435,0.001151,0.001427,0.001163,0.1533,0.002142,3.142E-4,1.873E-4,2.214E-4,2.137E-4,
0.0,1141.0,107.1,150.8,121.3,0.05437,4.985,0.4541,0.1983,0.8002,1.082,0.0,344.6,0.1482,1.422,0.1997,0.2311,0.8369,0.468,0.3176,2.157,8.738,0.0,344.6,0.1482,1.422,0.1997,0.2311,0.8369,0.468,0.3176,2.157,8.738,0.0,0.0,0.0,0.0,0.0,0.0,0.0,0.0,0.0,0.0,0.0,0.0,0.0,310.1,155.3,42.66,872.3,244.5,17.41,3.386,2.436,18.84,0.0,144.0,6.284,7.986,14.82,33.48,0.1365,0.009913,0.03151,0.0273,0.03048,0.0,0.0,0.0,0.0,0.0,0.0,0.0,0.0,0.0,0.0,0.0,0.0,0.0,0.0,0.0,0.0,0.0,0.0,0.0,0.0,0.0,0.0,0.0,0.0,0.0,0.0,0.0,0.0,0.0,0.0,0.0,0.0,0.0,0.0,0.0,5.147E-4,0.0,165600.0,173200.0,159100.0,86540.0,2.946E7,52350.0,5710.0,25630.0,23970.0,23260.0,0.0,7.796999999999999E-39,4.499E-39,1.925E-38,1.186E-38,1.7519999999999998E-39,4.5219999999999996E-40,5.1540000000000005E-42,1.2769999999999999E-41,4.268E-41,8.932E-41,2.08E-35,0.0,0.2256,0.5105,1.287,0.697,0.08721,0.02454,0.004509,0.00129,0.003715,0.005488,0.0,0.0,3.942E-4,9.541E-4,9.197E-4,0.9947,8.895E-4,3.325E-5,6.763E-4,6.899E-4,7.818E-4,0.0,0.02436,0.001155,0.001437,0.001151,0.1533,0.002139,3.087E-4,1.859E-4,2.222E-4,2.384E-4,
0.0,1127.0,125.4,154.1,122.2,2.85,3.068,0.4402,0.2066,0.7942,0.9192,0.0,344.6,0.1963,1.372,0.1711,0.2186,0.2381,0.4553,0.3125,1.941,9.605,0.0,344.6,0.1963,1.372,0.1711,0.2186,0.2381,0.4553,0.3125,1.941,9.605,0.0,0.0,0.0,0.0,0.0,0.0,0.0,0.0,0.0,0.0,0.0,0.0,0.0,311.5,154.3,39.09,870.9,263.7,17.01,4.739,2.217,2.594,0.0,138.2,7.487,5.829,11.68,33.48,0.1113,0.009354,0.03128,0.02483,0.02078,0.0,0.0,0.0,0.0,0.0,0.0,0.0,0.0,0.0,0.0,0.0,0.0,0.0,0.0,0.0,0.0,0.0,0.0,0.0,0.0,0.0,0.0,0.0,0.0,0.0,0.0,0.0,0.0,0.0,0.0,0.0,0.0,0.0,0.0,0.0,1.0E-4,0.0,165500.0,175200.0,159800.0,86030.0,3.091E7,52820.0,5537.0,26220.0,24740.0,24120.0,0.0,5.972E-39,5.646E-39,1.836E-38,1.179E-38,1.825E-39,2.484E-40,4.6420000000000006E-42,1.138E-41,4.2209999999999997E-41,7.120999999999999E-41,2.08E-35,0.0,0.1763,0.581,1.255,0.6986,0.1015,0.01656,0.004365,0.001466,0.003645,0.00477,0.0,0.0,3.942E-4,9.541E-4,9.197E-4,0.9947,8.895E-4,3.325E-5,6.763E-4,6.899E-4,7.818E-4,0.0,0.02431,0.001222,0.001415,0.001148,0.1533,0.002152,3.01E-4,1.945E-4,2.217E-4,2.223E-4,
0.0,1127.0,124.8,152.2,113.1,2.84,3.232,0.1458,0.273,0.7954,0.9273,0.0,344.6,0.1649,1.399,0.1652,0.2339,0.442,0.271,0.3356,1.884,9.608,0.0,344.6,0.1649,1.399,0.1652,0.2339,0.442,0.271,0.3356,1.884,9.608,0.0,0.0,0.0,0.0,0.0,0.0,0.0,0.0,0.0,0.0,0.0,0.0,0.0,310.2,153.2,48.43,862.7,277.3,1.927,8.869,2.449,3.114,0.0,138.3,4.267,7.359,15.41,41.53,0.1031,0.009101,0.03124,0.02357,0.01665,0.0,0.0,0.0,0.0,0.0,0.0,0.0,0.0,0.0,0.0,0.0,0.0,0.0,0.0,0.0,0.0,0.0,0.0,0.0,0.0,0.0,0.0,0.0,0.0,0.0,0.0,0.0,0.0,0.0,0.0,0.0,0.0,0.0,0.0,0.0,1.008E-4,0.0,166000.0,171200.0,163000.0,119100.0,3.259E7,53010.0,5361.0,27220.0,25890.0,25350.0,0.0,6.258E-39,4.229E-39,1.843E-38,1.138E-38,2.1649999999999998E-39,2.393E-40,3.8620000000000005E-42,1.1569999999999999E-41,4.2099999999999996E-41,7.110999999999999E-41,2.08E-35,0.0,0.1906,0.5544,1.263,0.6642,0.1359,0.01855,0.001304,0.002137,0.003651,0.004809,0.0,0.0,3.942E-4,9.541E-4,9.197E-4,0.9947,8.895E-4,3.325E-5,6.763E-4,6.899E-4,7.818E-4,0.0,0.02435,0.00122,0.001445,0.001181,0.1532,0.002147,2.847E-4,1.955E-4,2.156E-4,2.224E-4,
0.0,1127.0,127.6,150.0,99.29,5.489,3.322,0.1499,0.4556,0.8002,0.9429,0.0,344.6,0.1808,1.319,0.253,0.2302,0.2457,0.2722,0.4954,1.721,9.784,0.0,344.6,0.1808,1.319,0.253,0.2302,0.2457,0.2722,0.4954,1.721,9.784,0.0,0.0,0.0,0.0,0.0,0.0,0.0,0.0,0.0,0.0,0.0,0.0,0.0,318.2,145.0,43.33,882.3,247.7,3.818,23.13,3.803,5.882,0.0,138.3,5.55,17.43,22.43,32.97,0.07324,0.009005,0.03124,0.02294,0.0146,0.0,0.0,0.0,0.0,0.0,0.0,0.0,0.0,0.0,0.0,0.0,0.0,0.0,0.0,0.0,0.0,0.0,0.0,0.0,0.0,0.0,0.0,0.0,0.0,0.0,0.0,0.0,0.0,0.0,0.0,0.0,0.0,0.0,0.0,0.0,4.584E-4,0.0,166000.0,169800.0,155500.0,111500.0,3.445E7,56580.0,5375.0,28690.0,27200.0,26770.0,0.0,6.258E-39,4.814E-39,1.77E-38,1.121E-38,2.209E-39,3.354E-40,4.1110000000000005E-42,1.275E-41,4.217E-41,7.138E-41,2.08E-35,0.0,0.1906,0.5893,1.239,0.6635,0.1169,0.0215,0.001328,0.003981,0.003686,0.00492,0.0,0.0,3.942E-4,9.541E-4,9.197E-4,0.9947,8.895E-4,3.325E-5,6.763E-4,6.899E-4,7.818E-4,0.0,0.02435,0.001228,0.001431,0.001181,0.1532,0.002141,2.791E-4,2.075E-4,2.15E-4,2.268E-4,
0.0,1127.0,108.1,158.4,77.4,2.894,3.015,0.1501,0.4557,0.8036,0.9416,0.0,344.6,0.1534,1.464,0.1734,0.1883,0.2436,0.2723,0.4925,2.675,8.833,0.0,344.6,0.1534,1.464,0.1734,0.1883,0.2436,0.2723,0.4925,2.675,8.833,0.0,0.0,0.0,0.0,0.0,0.0,0.0,0.0,0.0,0.0,0.0,0.0,0.0,320.9,140.9,44.85,887.1,247.3,3.909,23.35,3.822,5.951,0.0,138.3,4.964,14.42,67.78,25.91,0.3039,0.008717,0.02642,0.01771,0.007967,0.0,0.0,0.0,0.0,0.0,0.0,0.0,0.0,0.0,0.0,0.0,0.0,0.0,0.0,0.0,0.0,0.0,0.0,0.0,0.0,0.0,0.0,0.0,0.0,0.0,0.0,0.0,0.0,0.0,0.0,0.0,0.0,0.0,0.0,0.0,5.439E-4,0.0,166100.0,171700.0,135100.0,86910.0,3.378E7,61410.0,5248.0,24840.0,23220.0,21930.0,0.0,6.258E-39,4.181E-39,1.831E-38,1.148E-38,1.7969999999999998E-39,3.066E-40,4.0650000000000004E-42,1.266E-41,4.2059999999999997E-41,7.113E-41,2.08E-35,0.0,0.1906,0.501,1.329,0.6836,0.09168,0.0201,0.001328,0.003971,0.003691,0.004901,0.0,0.0,6.062E-4,2.942E-4,9.785E-5,0.9964,8.445E-4,2.709E-5,5.51E-4,5.621E-4,6.37E-4,0.0,0.02435,0.001252,0.001331,0.001103,0.1534,0.00215,2.829E-4,1.906E-4,2.05E-4,2.014E-4,
0.0,1127.0,112.4,158.5,87.35,2.86,3.751,0.1499,0.4557,0.8073,0.9388,0.0,344.6,0.2193,1.385,0.182,0.1904,0.2431,0.2711,0.3883,1.651,9.962,0.0,344.6,0.2193,1.385,0.182,0.1904,0.2431,0.2711,0.3883,1.651,9.962,0.0,0.0,0.0,0.0,0.0,0.0,0.0,0.0,0.0,0.0,0.0,0.0,0.0,322.6,140.0,46.67,888.4,247.3,3.909,23.37,3.843,5.978,0.0,138.3,4.563,9.325,58.23,25.4,0.3185,0.008694,0.02641,0.01753,0.007375,0.0,0.0,0.0,0.0,0.0,0.0,0.0,0.0,0.0,0.0,0.0,0.0,0.0,0.0,0.0,0.0,0.0,0.0,0.0,0.0,0.0,0.0,0.0,0.0,0.0,0.0,0.0,0.0,0.0,0.0,0.0,0.0,0.0,0.0,0.0,6.323E-4,0.0,166100.0,173200.0,132700.0,84110.0,3.238E7,59260.0,5345.0,25700.0,23960.0,22490.0,0.0,6.258E-39,4.901E-39,1.737E-38,1.145E-38,1.796E-39,4.046E-40,3.9860000000000004E-42,1.256E-41,4.2149999999999997E-41,7.078E-41,2.08E-35,0.0,0.1906,0.5424,1.282,0.6836,0.0914,0.02399,0.001326,0.00397,0.0037,0.004893,0.0,0.0,6.626E-4,3.216E-4,1.07E-4,0.996,9.231E-4,2.961E-5,6.023E-4,6.144E-4,6.963E-4,0.0,0.02436,0.001256,0.001326,0.001119,0.1531,0.00215,2.851E-4,1.958E-4,2.167E-4,2.039E-4,
0.0,1119.0,106.4,168.1,90.62,11.75,4.843,0.1499,0.4557,0.8079,0.9386,0.0,344.6,0.1845,1.429,0.17,0.1873,0.2442,0.2711,0.3883,1.976,9.637,0.0,344.6,0.1845,1.429,0.17,0.1873,0.2442,0.2711,0.3883,1.976,9.637,0.0,0.0,0.0,0.0,0.0,0.0,0.0,0.0,0.0,0.0,0.0,0.0,0.0,300.7,142.8,46.09,913.4,248.0,3.91,23.39,3.867,6.009,0.0,134.4,4.501,9.62,52.41,25.96,0.4496,0.008683,0.02641,0.01744,0.007044,0.0,0.0,0.0,0.0,0.0,0.0,0.0,0.0,0.0,0.0,0.0,0.0,0.0,0.0,0.0,0.0,0.0,0.0,0.0,0.0,0.0,0.0,0.0,0.0,0.0,0.0,0.0,0.0,0.0,0.0,0.0,0.0,0.0,0.0,0.0,6.026E-4,0.0,166000.0,162900.0,134800.0,80880.0,3.121E7,58660.0,5442.0,26750.0,24850.0,23230.0,0.0,5.317E-39,4.22E-39,1.767E-38,1.117E-38,1.91E-39,6.113E-40,3.9320000000000005E-42,1.2459999999999998E-41,4.2039999999999996E-41,7.064999999999999E-41,2.08E-35,0.0,0.1641,0.484,1.331,0.6661,0.1354,0.03146,0.001326,0.00397,0.003703,0.00489,0.0,0.0,7.248E-4,3.517E-4,1.17E-4,0.9957,0.00101,3.239E-5,6.588E-4,6.721E-4,7.616E-4,0.0,0.02433,0.001268,0.001337,0.00111,0.1527,0.002163,2.848E-4,2.033E-4,2.254E-4,2.108E-4,
0.0,1119.0,103.1,172.3,93.88,3.808,4.398,0.1501,0.4551,0.8091,0.9391,0.0,344.6,0.1779,1.43,0.1693,0.1868,0.2514,0.2697,0.385,2.154,9.457,0.0,344.6,0.1779,1.43,0.1693,0.1868,0.2514,0.2697,0.385,2.154,9.457,0.0,0.0,0.0,0.0,0.0,0.0,0.0,0.0,0.0,0.0,0.0,0.0,0.0,302.7,144.8,45.54,909.3,248.5,3.909,23.39,3.867,6.013,0.0,134.4,5.353,7.789,48.7,33.82,0.3457,0.008678,0.02642,0.01701,0.005605,0.0,0.0,0.0,0.0,0.0,0.0,0.0,0.0,0.0,0.0,0.0,0.0,0.0,0.0,0.0,0.0,0.0,0.0,0.0,0.0,0.0,0.0,0.0,0.0,0.0,0.0,0.0,0.0,0.0,0.0,0.0,0.0,0.0,0.0,0.0,1.004E-4,0.0,166100.0,165500.0,135300.0,80460.0,2.991E7,57460.0,5501.0,26490.0,24410.0,22420.0,0.0,5.318E-39,4.048E-39,1.739E-38,1.151E-38,1.9049999999999998E-39,5.24E-40,3.87E-42,1.2329999999999998E-41,4.1999999999999997E-41,7.043E-41,2.08E-35,0.0,0.1641,0.4722,1.322,0.6844,0.135,0.0283,0.001327,0.003966,0.003708,0.004884,0.0,0.0,7.386E-4,3.584E-4,1.192E-4,0.9956,0.001029,3.301E-5,6.714E-4,6.849E-4,7.761E-4,0.0,0.02433,0.00127,0.001328,0.00111,0.1526,0.002167,2.866E-4,2.036E-4,2.279E-4,2.109E-4,
0.0,1119.0,98.02,175.5,94.81,2.841,4.129,0.15,0.4551,0.8091,0.9411,0.0,344.6,0.1675,1.437,0.1705,0.1865,0.2432,0.2721,0.3883,2.466,9.147,0.0,344.6,0.1675,1.437,0.1705,0.1865,0.2432,0.2721,0.3883,2.466,9.147,0.0,0.0,0.0,0.0,0.0,0.0,0.0,0.0,0.0,0.0,0.0,0.0,0.0,305.8,141.4,47.53,913.6,248.5,3.907,23.38,3.865,6.013,0.0,134.4,4.572,8.307,48.24,35.58,0.3484,0.008928,0.02642,0.01651,0.003967,0.0,0.0,0.0,0.0,0.0,0.0,0.0,0.0,0.0,0.0,0.0,0.0,0.0,0.0,0.0,0.0,0.0,0.0,0.0,0.0,0.0,0.0,0.0,0.0,0.0,0.0,0.0,0.0,0.0,0.0,0.0,0.0,0.0,0.0,0.0,7.633E-4,0.0,166100.0,164000.0,134200.0,80910.0,2.963E7,55800.0,5593.0,26640.0,24350.0,22020.0,0.0,5.318E-39,3.834E-39,1.745E-38,1.153E-38,1.916E-39,4.87E-40,3.8380000000000005E-42,1.2239999999999998E-41,4.1869999999999994E-41,7.032E-41,2.08E-35,0.0,0.1642,0.4397,1.344,0.6875,0.1392,0.02688,0.001328,0.003966,0.003707,0.004884,0.0,0.0,7.386E-4,3.584E-4,1.192E-4,0.9956,0.001029,3.301E-5,6.714E-4,6.849E-4,7.761E-4,0.0,0.02434,0.001257,0.001326,0.001114,0.1527,0.002156,2.871E-4,2.037E-4,2.273E-4,2.115E-4,
0.0,1119.0,96.7,178.0,96.84,0.01974,5.096,0.1511,0.4507,0.3675,0.4625,0.0,344.6,0.1585,1.412,0.1495,0.1852,0.2736,0.2684,0.3847,1.87,9.772,0.0,344.6,0.1585,1.412,0.1495,0.1852,0.2736,0.2684,0.3847,1.87,9.772,0.0,0.0,0.0,0.0,0.0,0.0,0.0,0.0,0.0,0.0,0.0,0.0,0.0,307.5,140.9,45.54,913.6,249.6,3.906,23.38,4.214,6.396,0.0,134.4,5.147,7.91,43.28,38.18,0.8175,0.006188,0.02668,0.0171,0.004962,0.0,0.0,0.0,0.0,0.0,0.0,0.0,0.0,0.0,0.0,0.0,0.0,0.0,0.0,0.0,0.0,0.0,0.0,0.0,0.0,0.0,0.0,0.0,0.0,0.0,0.0,0.0,0.0,0.0,0.0,0.0,0.0,0.0,0.0,0.0,1.0E-4,0.0,166300.0,162800.0,130200.0,76110.0,2.977E7,55130.0,5302.0,26090.0,24220.0,22410.0,0.0,5.318E-39,3.8999999999999996E-39,1.734E-38,1.136E-38,1.845E-39,6.606E-40,3.77E-42,1.167E-41,2.8629999999999995E-41,5.600999999999999E-41,2.08E-35,0.0,0.1642,0.4387,1.365,0.6837,0.1139,0.03456,0.001331,0.003956,0.002315,0.003382,0.0,0.0,7.386E-4,3.584E-4,1.192E-4,0.9956,0.001029,3.301E-5,6.714E-4,6.849E-4,7.761E-4,0.0,0.02436,0.001247,0.001329,0.001093,0.1527,0.002142,2.873E-4,2.034E-4,2.329E-4,2.177E-4,
0.0,1119.0,97.13,177.2,104.6,0.00992,4.058,0.1513,0.4511,0.3681,0.4639,0.0,344.6,0.1702,1.429,0.1252,0.185,0.2677,0.2683,0.3849,1.87,9.772,0.0,344.6,0.1702,1.429,0.1252,0.185,0.2677,0.2683,0.3849,1.87,9.772,0.0,0.0,0.0,0.0,0.0,0.0,0.0,0.0,0.0,0.0,0.0,0.0,0.0,307.9,142.5,46.45,912.7,249.7,3.905,23.38,4.211,6.396,0.0,134.4,5.599,6.956,37.4,37.91,0.3555,0.2726,0.02655,0.01665,0.003956,0.0,0.0,0.0,0.0,0.0,0.0,0.0,0.0,0.0,0.0,0.0,0.0,0.0,0.0,0.0,0.0,0.0,0.0,0.0,0.0,0.0,0.0,0.0,0.0,0.0,0.0,0.0,0.0,0.0,0.0,0.0,0.0,0.0,0.0,0.0,5.955E-4,0.0,166400.0,166200.0,134000.0,76020.0,3.068E7,56170.0,5295.0,26420.0,24680.0,23140.0,0.0,5.38E-39,4.0259999999999996E-39,1.712E-38,1.148E-38,1.835E-39,4.6189999999999996E-40,1.251E-41,1.1589999999999998E-41,2.8529999999999997E-41,5.591E-41,2.08E-35,0.0,0.1667,0.4465,1.356,0.6892,0.1127,0.02651,0.002141,0.003957,0.002316,0.003384,0.0,0.0,7.386E-4,3.584E-4,1.192E-4,0.9956,0.001029,3.301E-5,6.714E-4,6.849E-4,7.761E-4,0.0,0.02437,0.001243,0.001333,0.001094,0.1527,0.00213,2.866E-4,2.041E-4,2.337E-4,2.188E-4,
0.0,1117.0,100.4,175.9,106.6,0.03072,4.774,0.1513,0.4347,0.204,0.277,0.0,344.6,0.1748,1.424,0.1261,0.2186,0.24,0.2683,0.3832,1.863,9.763,0.0,344.6,0.1748,1.424,0.1261,0.2186,0.24,0.2683,0.3832,1.863,9.763,0.0,0.0,0.0,0.0,0.0,0.0,0.0,0.0,0.0,0.0,0.0,0.0,0.0,307.5,133.2,48.16,914.5,253.6,3.905,23.64,5.116,7.427,0.0,136.4,5.882,7.944,31.39,37.17,0.7601,0.1319,0.04865,0.09667,0.09497,0.0,0.0,0.0,0.0,0.0,0.0,0.0,0.0,0.0,0.0,0.0,0.0,0.0,0.0,0.0,0.0,0.0,0.0,0.0,0.0,0.0,0.0,0.0,0.0,0.0,0.0,0.0,0.0,0.0,0.0,0.0,0.0,0.0,0.0,0.0,1.001E-4,0.0,167700.0,161700.0,122500.0,72730.0,3.205E7,75410.0,5323.0,28270.0,29060.0,28280.0,0.0,5.613E-39,3.949E-39,1.688E-38,1.084E-38,1.71E-39,7.76E-40,7.789E-42,1.6619999999999998E-41,2.8299999999999996E-41,5.564999999999999E-41,2.08E-35,0.0,0.1895,0.457,1.337,0.6578,0.1137,0.03694,0.001712,0.00412,0.002231,0.003287,0.0,0.0,7.386E-4,3.584E-4,1.192E-4,0.9956,0.001029,3.301E-5,6.714E-4,6.849E-4,7.761E-4,0.0,0.02442,0.001258,0.001305,0.001031,0.1528,0.002124,2.867E-4,2.041E-4,2.336E-4,2.187E-4,
0.0,1117.0,102.8,176.9,100.3,0.03059,2.541,0.1528,0.4106,0.2043,0.2769,0.0,344.6,0.1971,1.44,0.1147,0.2187,0.2123,0.2678,0.6087,2.325,9.075,0.0,344.6,0.1971,1.44,0.1147,0.2187,0.2123,0.2678,0.6087,2.325,9.075,0.0,0.0,0.0,0.0,0.0,0.0,0.0,0.0,0.0,0.0,0.0,0.0,0.0,311.2,131.4,47.74,911.8,253.8,3.905,23.65,5.116,7.427,0.0,136.4,5.456,5.545,36.97,38.48,0.7587,0.1321,0.04857,0.0966,0.09483,0.0,0.0,0.0,0.0,0.0,0.0,0.0,0.0,0.0,0.0,0.0,0.0,0.0,0.0,0.0,0.0,0.0,0.0,0.0,0.0,0.0,0.0,0.0,0.0,0.0,0.0,0.0,0.0,0.0,0.0,0.0,0.0,0.0,0.0,0.0,1.0E-4,0.0,167800.0,159900.0,119800.0,76210.0,3.374E7,76210.0,5542.0,29410.0,29940.0,29150.0,0.0,5.7509999999999995E-39,4.279E-39,1.659E-38,1.085E-38,1.784E-39,3.787E-40,7.909000000000001E-42,1.2209999999999998E-41,2.82E-41,5.551999999999999E-41,2.08E-35,0.0,0.1952,0.4712,1.319,0.6624,0.1192,0.02259,0.001714,0.003962,0.002232,0.003285,0.0,0.0,7.386E-4,3.584E-4,1.192E-4,0.9956,0.001029,3.301E-5,6.714E-4,6.849E-4,7.761E-4,0.0,0.02443,0.001262,0.001289,0.001024,0.1528,0.002118,2.919E-4,2.044E-4,2.346E-4,2.179E-4,
0.0,1117.0,102.1,180.3,96.64,0.1845,4.595,0.2749,0.4125,0.2042,1.077,0.0,344.6,0.18,1.41,0.151,0.2168,0.2104,0.2646,0.4966,2.002,9.515,0.0,344.6,0.18,1.41,0.151,0.2168,0.2104,0.2646,0.4966,2.002,9.515,0.0,0.0,0.0,0.0,0.0,0.0,0.0,0.0,0.0,0.0,0.0,0.0,0.0,316.7,130.5,47.89,901.4,254.3,3.905,23.66,5.139,7.453,0.0,136.4,4.83,5.934,35.17,36.93,0.7357,0.02587,0.04754,0.09232,0.2316,0.0,0.0,0.0,0.0,0.0,0.0,0.0,0.0,0.0,0.0,0.0,0.0,0.0,0.0,0.0,0.0,0.0,0.0,0.0,0.0,0.0,0.0,0.0,0.0,0.0,0.0,0.0,0.0,0.0,0.0,0.0,0.0,0.0,0.0,0.0,7.268E-4,0.0,168000.0,159400.0,118400.0,76140.0,3.296E7,72850.0,5614.0,29010.0,29390.0,28730.0,0.0,5.7509999999999995E-39,4.272E-39,1.663E-38,1.031E-38,1.721E-39,6.361E-40,2.2649999999999998E-41,1.225E-41,2.769E-41,1.828E-40,2.08E-35,0.0,0.1952,0.467,1.32,0.6467,0.1138,0.0346,0.002199,0.003969,0.002202,0.009237,0.0,0.0,7.435E-4,3.608E-4,1.2E-4,0.9956,0.001036,3.323E-5,6.758E-4,6.894E-4,7.812E-4,0.0,0.02445,0.001261,0.001277,0.001024,0.1526,0.002099,2.905E-4,2.049E-4,2.348E-4,2.245E-4,
0.0,1120.0,99.24,174.7,97.12,0.8755,2.648,0.2074,0.4025,0.2406,0.2628,0.0,344.6,0.1515,1.401,0.1001,0.238,0.1859,0.2886,0.3817,1.683,10.01,0.0,344.6,0.1515,1.401,0.1001,0.238,0.1859,0.2886,0.3817,1.683,10.01,0.0,0.0,0.0,0.0,0.0,0.0,0.0,0.0,0.0,0.0,0.0,0.0,0.0,312.5,131.7,50.56,903.9,255.5,5.541,21.73,6.192,6.375,0.0,136.4,4.83,9.509,40.62,33.75,1.553,0.09595,0.06915,0.1709,0.1802,0.0,0.0,0.0,0.0,0.0,0.0,0.0,0.0,0.0,0.0,0.0,0.0,0.0,0.0,0.0,0.0,0.0,0.0,0.0,0.0,0.0,0.0,0.0,0.0,0.0,0.0,0.0,0.0,0.0,0.0,0.0,0.0,0.0,0.0,0.0,9.296E-4,0.0,168200.0,158800.0,128300.0,82190.0,3.139E7,79310.0,5406.0,27490.0,28230.0,27750.0,0.0,5.943999999999999E-39,3.768E-39,1.644E-38,1.103E-38,1.744E-39,3.791E-40,2.2009999999999998E-41,1.5599999999999998E-41,2.3889999999999996E-41,4.734999999999999E-41,2.08E-35,0.0,0.208,0.4446,1.311,0.6729,0.1172,0.02593,0.002422,0.003738,0.002588,0.003198,0.0,0.0,7.435E-4,3.608E-4,1.2E-4,0.9956,0.001036,3.323E-5,6.758E-4,6.894E-4,7.812E-4,0.0,0.02446,0.001252,0.001265,0.001029,0.1526,0.002098,2.925E-4,2.048E-4,2.349E-4,2.211E-4,
0.0,1122.0,102.7,173.5,102.1,0.03401,2.316,0.187,0.3801,0.2036,0.2176,0.0,344.6,0.1519,1.413,0.09785,0.2355,0.1745,0.2885,0.3816,1.525,10.17,0.0,344.6,0.1519,1.413,0.09785,0.2355,0.1745,0.2885,0.3816,1.525,10.17,0.0,0.0,0.0,0.0,0.0,0.0,0.0,0.0,0.0,0.0,0.0,0.0,0.0,310.9,126.4,44.25,926.6,246.6,5.456,21.73,6.461,6.669,0.0,136.4,3.895,6.792,46.01,25.71,0.345,0.1015,0.03156,0.03484,0.02488,0.0,0.0,0.0,0.0,0.0,0.0,0.0,0.0,0.0,0.0,0.0,0.0,0.0,0.0,0.0,0.0,0.0,0.0,0.0,0.0,0.0,0.0,0.0,0.0,0.0,0.0,0.0,0.0,0.0,0.0,0.0,0.0,0.0,0.0,0.0,7.416E-4,0.0,168600.0,147100.0,117100.0,68550.0,3.121E7,60250.0,5452.0,27330.0,28710.0,28440.0,0.0,6.15E-39,3.862E-39,1.639E-38,1.1E-38,1.498E-39,3.15E-40,2.2179999999999997E-41,1.4669999999999998E-41,2.0029999999999997E-41,4.2859999999999997E-41,2.08E-35,0.0,0.2186,0.4598,1.316,0.6788,0.08778,0.01903,0.00231,0.00346,0.001912,0.002408,0.0,0.0,7.435E-4,3.608E-4,1.2E-4,0.9956,0.001036,3.323E-5,6.758E-4,6.894E-4,7.812E-4,0.0,0.02448,0.001246,0.001249,9.844E-4,0.1524,0.002045,3.089E-4,2.031E-4,2.36E-4,2.196E-4,
0.0,1120.0,108.8,170.1,105.2,0.03957,3.02,0.1891,0.4092,0.2082,0.2231,0.0,344.6,0.1628,1.398,0.09903,0.2346,0.1727,0.2889,0.3815,1.261,10.43,0.0,344.6,0.1628,1.398,0.09903,0.2346,0.1727,0.2889,0.3815,1.261,10.43,0.0,0.0,0.0,0.0,0.0,0.0,0.0,0.0,0.0,0.0,0.0,0.0,0.0,311.3,131.5,44.35,928.7,248.0,5.548,21.88,6.817,7.09,0.0,135.2,3.76,5.534,41.19,25.7,0.3443,0.1025,0.03213,0.03689,0.02695,0.0,0.0,0.0,0.0,0.0,0.0,0.0,0.0,0.0,0.0,0.0,0.0,0.0,0.0,0.0,0.0,0.0,0.0,0.0,0.0,0.0,0.0,0.0,0.0,0.0,0.0,0.0,0.0,0.0,0.0,0.0,0.0,0.0,0.0,0.0,1.0E-4,0.0,168800.0,144600.0,116300.0,67610.0,3.189E7,59430.0,5484.0,27960.0,29670.0,29490.0,0.0,6.082E-39,4.009E-39,1.612E-38,1.073E-38,1.503E-39,3.257E-40,2.2259999999999998E-41,1.448E-41,2.0259999999999999E-41,4.3139999999999995E-41,2.08E-35,0.0,0.219,0.4821,1.292,0.6702,0.08809,0.02106,0.002335,0.003541,0.001961,0.002466,0.0,0.0,7.435E-4,3.608E-4,1.2E-4,0.9956,0.001036,3.323E-5,6.758E-4,6.894E-4,7.812E-4,0.0,0.02449,0.001233,0.001246,9.768E-4,0.1526,0.002047,3.132E-4,2.033E-4,2.382E-4,2.214E-4,
0.0,1120.0,108.1,170.7,107.4,0.1783,2.963,0.1893,0.4229,0.2087,0.2219,0.0,344.6,0.1566,1.402,0.1004,0.2354,0.1717,0.2888,0.3816,1.418,10.28,0.0,344.6,0.1566,1.402,0.1004,0.2354,0.1717,0.2888,0.3816,1.418,10.28,0.0,0.0,0.0,0.0,0.0,0.0,0.0,0.0,0.0,0.0,0.0,0.0,0.0,311.6,132.2,44.43,928.6,247.9,5.548,21.9,6.799,7.07,0.0,135.2,3.67,5.099,39.07,25.84,0.4579,0.1028,0.03213,0.03688,0.02677,0.0,0.0,0.0,0.0,0.0,0.0,0.0,0.0,0.0,0.0,0.0,0.0,0.0,0.0,0.0,0.0,0.0,0.0,0.0,0.0,0.0,0.0,0.0,0.0,0.0,0.0,0.0,0.0,0.0,0.0,0.0,0.0,0.0,0.0,0.0,1.01E-4,0.0,168900.0,142900.0,118000.0,68380.0,3.309E7,60280.0,5537.0,29000.0,30800.0,30530.0,0.0,6.082E-39,3.968E-39,1.595E-38,1.08E-38,1.524E-39,3.364E-40,2.2309999999999997E-41,1.5389999999999999E-41,2.0119999999999997E-41,4.3049999999999995E-41,2.08E-35,0.0,0.2191,0.4786,1.286,0.6771,0.08898,0.02163,0.002338,0.003593,0.001961,0.002463,0.0,0.0,7.435E-4,3.608E-4,1.2E-4,0.9956,0.001036,3.323E-5,6.758E-4,6.894E-4,7.812E-4,0.0,0.02449,0.00122,0.001247,9.74E-4,0.1525,0.002046,3.168E-4,2.045E-4,2.395E-4,2.188E-4,
0.0,1121.0,110.0,152.7,99.65,0.5448,2.959,0.1887,0.4225,0.2086,0.2226,0.0,344.6,0.1968,1.363,0.09829,0.2344,0.1706,0.2889,0.3733,1.438,10.26,0.0,344.6,0.1968,1.363,0.09829,0.2344,0.1706,0.2889,0.3733,1.438,10.26,0.0,0.0,0.0,0.0,0.0,0.0,0.0,0.0,0.0,0.0,0.0,0.0,0.0,313.0,132.8,44.53,930.5,247.9,5.548,21.9,6.799,7.07,0.0,143.4,4.202,15.45,33.73,34.46,0.4583,0.1029,0.03214,0.03687,0.02658,0.0,0.0,0.0,0.0,0.0,0.0,0.0,0.0,0.0,0.0,0.0,0.0,0.0,0.0,0.0,0.0,0.0,0.0,0.0,0.0,0.0,0.0,0.0,0.0,0.0,0.0,0.0,0.0,0.0,0.0,0.0,0.0,0.0,0.0,0.0,4.985E-4,0.0,170200.0,144600.0,120100.0,71440.0,3.466E7,61870.0,5612.0,30350.0,32210.0,31930.0,0.0,6.293E-39,4.3489999999999996E-39,1.551E-38,1.049E-38,1.577E-39,3.358E-40,2.2259999999999998E-41,1.5349999999999998E-41,2.0059999999999997E-41,4.2979999999999997E-41,2.08E-35,0.0,0.2373,0.4977,1.235,0.6376,0.1399,0.02162,0.002334,0.003591,0.00196,0.002467,0.0,0.0,7.435E-4,3.608E-4,1.2E-4,0.9956,0.001036,3.323E-5,6.758E-4,6.894E-4,7.812E-4,0.0,0.0245,0.001211,0.001257,9.758E-4,0.1525,0.002047,3.133E-4,2.006E-4,2.386E-4,2.236E-4,
0.0,1121.0,108.1,157.1,92.44,0.02908,4.719,0.1888,0.4222,0.2095,0.2215,0.0,344.6,0.149,1.387,0.1158,0.2344,0.1729,0.2909,0.3687,1.417,10.29,0.0,344.6,0.149,1.387,0.1158,0.2344,0.1729,0.2909,0.3687,1.417,10.29,0.0,0.0,0.0,0.0,0.0,0.0,0.0,0.0,0.0,0.0,0.0,0.0,0.0,313.0,130.6,47.06,928.7,248.5,5.547,21.89,6.78,7.05,0.0,143.4,4.208,15.23,36.4,34.91,0.5133,0.1029,0.03207,0.03687,0.02668,0.0,0.0,0.0,0.0,0.0,0.0,0.0,0.0,0.0,0.0,0.0,0.0,0.0,0.0,0.0,0.0,0.0,0.0,0.0,0.0,0.0,0.0,0.0,0.0,0.0,0.0,0.0,0.0,0.0,0.0,0.0,0.0,0.0,0.0,0.0,4.702E-4,0.0,170300.0,147400.0,120400.0,72430.0,3.641E7,63220.0,5707.0,31840.0,33840.0,33520.0,0.0,6.294E-39,4.0329999999999995E-39,1.585E-38,1.017E-38,1.602E-39,5.1069999999999996E-40,2.2199999999999999E-41,1.531E-41,2.0009999999999998E-41,4.2889999999999997E-41,2.08E-35,0.0,0.2373,0.4786,1.254,0.627,0.1401,0.02956,0.002336,0.003589,0.001962,0.002465,0.0,0.0,7.435E-4,3.608E-4,1.2E-4,0.9956,0.001036,3.323E-5,6.758E-4,6.894E-4,7.812E-4,0.0,0.02451,0.001202,0.001247,9.805E-4,0.1524,0.002048,3.147E-4,1.983E-4,2.407E-4,2.213E-4,
0.0,1117.0,113.5,156.4,94.96,0.9499,3.159,0.1888,0.4221,0.2095,0.2215,0.0,344.6,0.166,1.38,0.09853,0.2434,0.1689,0.2909,0.3657,1.42,10.29,0.0,344.6,0.166,1.38,0.09853,0.2434,0.1689,0.2909,0.3657,1.42,10.29,0.0,0.0,0.0,0.0,0.0,0.0,0.0,0.0,0.0,0.0,0.0,0.0,0.0,300.3,137.0,48.55,930.9,248.1,5.545,21.88,6.774,7.049,0.0,141.9,3.653,11.94,44.41,29.22,0.4474,0.1029,0.03204,0.03682,0.02662,0.0,0.0,0.0,0.0,0.0,0.0,0.0,0.0,0.0,0.0,0.0,0.0,0.0,0.0,0.0,0.0,0.0,0.0,0.0,0.0,0.0,0.0,0.0,0.0,0.0,0.0,0.0,0.0,0.0,0.0,0.0,0.0,0.0,0.0,0.0,1.0E-4,0.0,170200.0,148600.0,111000.0,75710.0,3.835E7,64650.0,5833.0,33550.0,35720.0,35440.0,0.0,5.8519999999999996E-39,3.822E-39,1.572E-38,1.053E-38,1.642E-39,3.543E-40,2.2139999999999999E-41,1.5259999999999998E-41,1.9939999999999998E-41,4.2799999999999997E-41,2.08E-35,0.0,0.2207,0.5004,1.263,0.6528,0.1054,0.02248,0.002335,0.003589,0.001962,0.002465,0.0,0.0,7.435E-4,3.608E-4,1.2E-4,0.9956,0.001036,3.323E-5,6.758E-4,6.894E-4,7.812E-4,0.0,0.0245,0.001206,0.001228,9.832E-4,0.1525,0.002044,3.143E-4,1.98E-4,2.409E-4,2.213E-4,
0.0,1106.0,121.4,154.9,92.81,5.026,3.738,0.1918,0.4235,0.2093,0.2204,0.0,344.6,0.1593,1.371,0.09852,0.2551,0.1728,0.2908,0.3723,1.73,9.972,0.0,344.6,0.1593,1.371,0.09852,0.2551,0.1728,0.2908,0.3723,1.73,9.972,0.0,0.0,0.0,0.0,0.0,0.0,0.0,0.0,0.0,0.0,0.0,0.0,0.0,295.6,136.9,48.69,933.6,248.1,5.544,21.87,6.77,7.049,0.0,137.5,7.967,12.46,45.05,30.27,0.4423,0.0891,0.03219,0.0369,0.02659,0.0,0.0,0.0,0.0,0.0,0.0,0.0,0.0,0.0,0.0,0.0,0.0,0.0,0.0,0.0,0.0,0.0,0.0,0.0,0.0,0.0,0.0,0.0,0.0,0.0,0.0,0.0,0.0,0.0,0.0,0.0,0.0,0.0,0.0,0.0,5.827E-4,0.0,170200.0,149800.0,111000.0,75830.0,3.928E7,64610.0,5854.0,34600.0,36880.0,36540.0,0.0,4.761E-39,4.396E-39,1.555E-38,1.0409999999999999E-38,1.8869999999999998E-39,4.181E-40,7.288000000000001E-42,1.5439999999999998E-41,1.9749999999999997E-41,4.262E-41,2.08E-35,0.0,0.1821,0.5236,1.262,0.6439,0.1281,0.02505,0.001644,0.003594,0.001963,0.002459,0.0,0.0,7.435E-4,3.608E-4,1.2E-4,0.9956,0.001036,3.323E-5,6.758E-4,6.894E-4,7.812E-4,0.0,0.02447,0.001222,0.001226,9.786E-4,0.1524,0.002045,3.144E-4,2.025E-4,2.398E-4,2.178E-4,
0.0,1106.0,117.2,161.8,90.84,5.022,3.738,0.1899,0.4234,0.209,0.2207,0.0,344.6,0.1745,1.353,0.1008,0.2552,0.1751,0.2904,0.3718,1.703,9.997,0.0,344.6,0.1745,1.353,0.1008,0.2552,0.1751,0.2904,0.3718,1.703,9.997,0.0,0.0,0.0,0.0,0.0,0.0,0.0,0.0,0.0,0.0,0.0,0.0,0.0,297.3,136.4,48.26,929.0,248.0,5.544,21.86,6.732,7.005,0.0,137.5,5.631,11.61,47.95,29.66,0.4403,0.09093,0.03219,0.03691,0.02659,0.0,0.0,0.0,0.0,0.0,0.0,0.0,0.0,0.0,0.0,0.0,0.0,0.0,0.0,0.0,0.0,0.0,0.0,0.0,0.0,0.0,0.0,0.0,0.0,0.0,0.0,0.0,0.0,0.0,0.0,0.0,0.0,0.0,0.0,0.0,1.0E-4,0.0,170200.0,147600.0,108800.0,74660.0,3.616E7,60570.0,5560.0,31940.0,34850.0,34830.0,0.0,4.761E-39,3.775E-39,1.537E-38,1.038E-38,1.8999999999999998E-39,4.175E-40,7.224E-42,1.5389999999999999E-41,1.9659999999999997E-41,4.247E-41,2.08E-35,0.0,0.1821,0.5056,1.278,0.6461,0.1281,0.02504,0.001644,0.003594,0.001961,0.002461,0.0,0.0,7.435E-4,3.608E-4,1.2E-4,0.9956,0.001036,3.323E-5,6.758E-4,6.894E-4,7.812E-4,0.0,0.02447,0.001216,0.001228,9.766E-4,0.1524,0.002039,3.149E-4,2.024E-4,2.389E-4,2.187E-4,
0.0,1106.0,122.7,153.0,97.12,2.671,3.743,0.3905,0.4235,0.209,0.2207,0.0,344.6,0.2091,1.307,0.1119,0.2551,0.1701,0.2911,0.3725,1.701,10.0,0.0,344.6,0.2091,1.307,0.1119,0.2551,0.1701,0.2911,0.3725,1.701,10.0,0.0,0.0,0.0,0.0,0.0,0.0,0.0,0.0,0.0,0.0,0.0,0.0,0.0,302.4,137.2,48.94,926.3,248.0,5.542,21.85,6.729,7.005,0.0,137.5,5.867,12.06,43.01,32.0,0.4343,0.09165,0.03217,0.03688,0.02656,0.0,0.0,0.0,0.0,0.0,0.0,0.0,0.0,0.0,0.0,0.0,0.0,0.0,0.0,0.0,0.0,0.0,0.0,0.0,0.0,0.0,0.0,0.0,0.0,0.0,0.0,0.0,0.0,0.0,0.0,0.0,0.0,0.0,0.0,0.0,1.007E-4,0.0,170300.0,149300.0,113100.0,73920.0,3.502E7,58570.0,5440.0,31020.0,34390.0,34570.0,0.0,4.761E-39,4.189E-39,1.478E-38,1.045E-38,1.898E-39,4.171E-40,3.234E-41,1.5349999999999998E-41,1.9579999999999999E-41,4.2269999999999997E-41,2.08E-35,0.0,0.1821,0.5435,1.226,0.6549,0.1279,0.02504,0.002822,0.003593,0.001962,0.002461,0.0,0.0,7.435E-4,3.608E-4,1.2E-4,0.9956,0.001036,3.323E-5,6.758E-4,6.894E-4,7.812E-4,0.0,0.02447,0.001216,0.001221,9.834E-4,0.1524,0.00204,3.151E-4,2.025E-4,2.388E-4,2.184E-4,
0.0,1095.0,134.1,153.6,101.1,0.02751,3.743,0.3893,0.4235,0.2095,0.2202,0.0,344.6,0.1887,1.325,0.1135,0.2549,0.1699,0.2897,0.3725,1.998,9.704,0.0,344.6,0.1887,1.325,0.1135,0.2549,0.1699,0.2897,0.3725,1.998,9.704,0.0,0.0,0.0,0.0,0.0,0.0,0.0,0.0,0.0,0.0,0.0,0.0,0.0,303.3,138.3,49.01,925.2,248.1,5.541,21.86,6.777,7.063,0.0,133.5,6.094,13.16,39.6,34.58,0.4339,0.09185,0.03231,0.0374,0.02715,0.0,0.0,0.0,0.0,0.0,0.0,0.0,0.0,0.0,0.0,0.0,0.0,0.0,0.0,0.0,0.0,0.0,0.0,0.0,0.0,0.0,0.0,0.0,0.0,0.0,0.0,0.0,0.0,0.0,0.0,0.0,0.0,0.0,0.0,0.0,7.059E-4,0.0,170000.0,150800.0,117300.0,72950.0,3.503E7,58230.0,5412.0,31070.0,34700.0,34980.0,0.0,3.843E-39,4.0339999999999996E-39,1.479E-38,1.0499999999999999E-38,1.897E-39,4.165E-40,3.2259999999999997E-41,1.5319999999999998E-41,1.9549999999999999E-41,4.2129999999999995E-41,2.08E-35,0.0,0.147,0.5609,1.235,0.6597,0.1278,0.02504,0.002813,0.003594,0.001968,0.002461,0.0,0.0,7.435E-4,3.608E-4,1.2E-4,0.9956,0.001036,3.323E-5,6.758E-4,6.894E-4,7.812E-4,0.0,0.02443,0.001258,0.001221,9.862E-4,0.152,0.002038,3.127E-4,2.024E-4,2.396E-4,2.174E-4,
0.0,1096.0,127.8,156.5,104.1,0.01764,3.737,0.3906,0.423,0.2106,0.2205,0.0,344.6,0.1601,1.334,0.1333,0.257,0.3209,0.3337,0.3243,1.873,9.68,0.0,344.6,0.1601,1.334,0.1333,0.257,0.3209,0.3337,0.3243,1.873,9.68,0.0,0.0,0.0,0.0,0.0,0.0,0.0,0.0,0.0,0.0,0.0,0.0,0.0,311.4,149.3,56.67,901.9,246.9,5.541,21.72,6.249,6.462,0.0,133.5,5.803,12.74,38.17,35.67,0.194,0.09196,0.03576,0.04999,0.04139,0.0,0.0,0.0,0.0,0.0,0.0,0.0,0.0,0.0,0.0,0.0,0.0,0.0,0.0,0.0,0.0,0.0,0.0,0.0,0.0,0.0,0.0,0.0,0.0,0.0,0.0,0.0,0.0,0.0,0.0,0.0,0.0,0.0,0.0,0.0,6.107E-4,0.0,170100.0,172300.0,149800.0,103600.0,3.58E7,57290.0,5520.0,31040.0,32920.0,32600.0,0.0,3.947E-39,3.478E-39,1.464E-38,1.051E-38,2.452E-39,3.4E-40,3.222E-41,1.7299999999999999E-41,2.695E-41,5.046E-41,2.08E-35,0.0,0.1535,0.5184,1.236,0.6663,0.1555,0.02121,0.002817,0.003691,0.002331,0.002871,0.0,0.0,7.435E-4,3.608E-4,1.2E-4,0.9956,0.001036,3.323E-5,6.758E-4,6.894E-4,7.812E-4,0.0,0.02445,0.001265,0.001232,0.001005,0.1523,0.002006,3.191E-4,2.016E-4,2.434E-4,2.187E-4,
0.0,1096.0,127.5,157.5,102.6,0.04089,3.726,0.3904,0.4997,0.2995,0.2199,0.0,344.6,0.1549,1.379,0.1038,0.2456,0.2698,0.3478,0.4035,1.789,9.718,0.0,344.6,0.1549,1.379,0.1038,0.2456,0.2698,0.3478,0.4035,1.789,9.718,0.0,0.0,0.0,0.0,0.0,0.0,0.0,0.0,0.0,0.0,0.0,0.0,0.0,302.6,141.4,46.31,929.0,247.0,5.541,21.79,6.53,6.781,0.0,135.9,5.479,11.53,38.02,34.52,0.1788,0.09211,0.02893,0.02637,0.01355,0.0,0.0,0.0,0.0,0.0,0.0,0.0,0.0,0.0,0.0,0.0,0.0,0.0,0.0,0.0,0.0,0.0,0.0,0.0,0.0,0.0,0.0,0.0,0.0,0.0,0.0,0.0,0.0,0.0,0.0,0.0,0.0,0.0,0.0,0.0,5.36E-4,0.0,173000.0,147100.0,140000.0,72140.0,3.715E7,58170.0,5602.0,32220.0,34440.0,34110.0,0.0,4.173E-39,3.408E-39,1.483E-38,1.06E-38,1.9269999999999998E-39,3.341E-40,3.2149999999999996E-41,2.0059999999999997E-41,2.65E-41,4.413E-41,2.08E-35,0.0,0.1693,0.5136,1.251,0.6702,0.1249,0.02088,0.002817,0.003924,0.002408,0.00252,0.0,0.0,7.435E-4,3.608E-4,1.2E-4,0.9956,0.001036,3.323E-5,6.758E-4,6.894E-4,7.812E-4,0.0,0.02447,0.001223,0.00123,9.618E-4,0.1523,0.00199,3.19E-4,2.039E-4,2.406E-4,2.198E-4,
0.0,1097.0,124.7,156.6,100.9,2.433,5.888,0.4581,0.5621,0.3475,0.3663,0.0,344.6,0.1521,1.386,0.1194,0.2385,0.6051,0.3613,0.4058,1.872,9.267,0.0,344.6,0.1521,1.386,0.1194,0.2385,0.6051,0.3613,0.4058,1.872,9.267,0.0,0.0,0.0,0.0,0.0,0.0,0.0,0.0,0.0,0.0,0.0,0.0,0.0,296.0,149.5,51.41,926.4,227.7,5.446,17.89,10.69,17.11,0.0,135.9,5.456,11.15,38.22,33.9,0.2256,0.09266,0.02843,0.02242,0.01091,0.0,0.0,0.0,0.0,0.0,0.0,0.0,0.0,0.0,0.0,0.0,0.0,0.0,0.0,0.0,0.0,0.0,0.0,0.0,0.0,0.0,0.0,0.0,0.0,0.0,0.0,0.0,0.0,0.0,0.0,0.0,0.0,0.0,0.0,0.0,4.918E-4,0.0,173000.0,149400.0,126500.0,66500.0,3.878E7,60310.0,5736.0,33830.0,36920.0,36840.0,0.0,4.218E-39,3.032E-39,1.466E-38,1.046E-38,2.0399999999999998E-39,6.921E-40,4.1189999999999994E-41,3.1559999999999995E-41,3.2389999999999995E-41,6.506999999999999E-41,2.08E-35,0.0,0.1726,0.4986,1.246,0.6644,0.124,0.03939,0.003394,0.004467,0.002738,0.003546,0.0,0.0,7.435E-4,3.608E-4,1.2E-4,0.9956,0.001036,3.323E-5,6.758E-4,6.894E-4,7.812E-4,0.0,0.02447,0.0012,0.001217,9.596E-4,0.1523,0.00197,3.187E-4,2.011E-4,2.527E-4,2.322E-4,
0.0,1097.0,123.7,151.7,102.9,2.763,4.784,0.4487,0.5314,0.2811,0.3079,0.0,344.6,0.1542,1.371,0.1341,0.2408,0.6015,0.3612,0.4608,1.888,9.196,0.0,344.6,0.1542,1.371,0.1341,0.2408,0.6015,0.3612,0.4608,1.888,9.196,0.0,0.0,0.0,0.0,0.0,0.0,0.0,0.0,0.0,0.0,0.0,0.0,0.0,297.0,139.7,51.8,918.5,239.3,5.557,18.08,7.44,17.76,0.0,137.8,6.313,14.74,35.83,33.75,1.043,0.09213,0.02746,0.02106,0.007633,0.0,0.0,0.0,0.0,0.0,0.0,0.0,0.0,0.0,0.0,0.0,0.0,0.0,0.0,0.0,0.0,0.0,0.0,0.0,0.0,0.0,0.0,0.0,0.0,0.0,0.0,0.0,0.0,0.0,0.0,0.0,0.0,0.0,0.0,0.0,4.676E-4,0.0,176200.0,153300.0,129000.0,64380.0,4.058E7,61810.0,5903.0,35270.0,38060.0,37930.0,0.0,4.4559999999999995E-39,3.064E-39,1.458E-38,1.031E-38,2.0399999999999998E-39,5.765E-40,3.951E-41,2.7639999999999997E-41,1.913E-41,6.274E-41,2.08E-35,0.0,0.1861,0.5005,1.235,0.6613,0.1244,0.03819,0.00331,0.004259,0.002164,0.003254,0.0,0.0,7.435E-4,3.608E-4,1.2E-4,0.9956,0.001036,3.323E-5,6.758E-4,6.894E-4,7.812E-4,0.0,0.02448,0.001197,0.001201,9.598E-4,0.1522,0.001979,3.225E-4,2.037E-4,2.481E-4,2.318E-4,
0.0,1096.0,129.3,147.8,101.5,0.08646,4.765,0.268,0.5066,0.267,0.2234,0.0,344.6,0.1429,1.38,0.1042,0.2382,0.2766,0.358,0.4547,2.019,9.429,0.0,344.6,0.1429,1.38,0.1042,0.2382,0.2766,0.358,0.4547,2.019,9.429,0.0,0.0,0.0,0.0,0.0,0.0,0.0,0.0,0.0,0.0,0.0,0.0,0.0,296.6,143.3,41.43,911.0,264.3,5.847,14.69,7.653,5.16,0.0,136.4,5.887,15.96,37.14,36.84,0.2559,0.09211,0.02744,0.02096,0.07878,0.0,0.0,0.0,0.0,0.0,0.0,0.0,0.0,0.0,0.0,0.0,0.0,0.0,0.0,0.0,0.0,0.0,0.0,0.0,0.0,0.0,0.0,0.0,0.0,0.0,0.0,0.0,0.0,0.0,0.0,0.0,0.0,0.0,0.0,0.0,1.0E-4,0.0,176300.0,158100.0,130100.0,65280.0,4.254E7,63210.0,6036.0,36880.0,39690.0,40830.0,0.0,4.234E-39,3.04E-39,1.453E-38,1.033E-38,2.038E-39,4.71E-40,1.6469999999999999E-41,2.372E-41,1.4919999999999998E-41,4.924999999999999E-41,2.08E-35,0.0,0.1894,0.5094,1.235,0.6563,0.1239,0.02883,0.002229,0.004067,0.002011,0.002626,0.0,0.0,7.435E-4,3.608E-4,1.2E-4,0.9956,0.001036,3.323E-5,6.758E-4,6.894E-4,7.812E-4,0.0,0.0245,0.001195,0.001194,9.447E-4,0.1522,0.001985,3.226E-4,2.01E-4,2.501E-4,2.282E-4,
0.0,1096.0,127.8,148.4,102.8,0.007068,3.886,0.4556,0.5007,0.3046,0.2357,0.0,344.6,0.1274,1.379,0.09957,0.2384,0.2761,0.3078,0.2375,1.979,9.756,0.0,344.6,0.1274,1.379,0.09957,0.2384,0.2761,0.3078,0.2375,1.979,9.756,0.0,0.0,0.0,0.0,0.0,0.0,0.0,0.0,0.0,0.0,0.0,0.0,0.0,302.3,143.0,41.5,908.1,253.8,8.36,14.31,10.65,6.002,0.0,137.9,5.87,15.8,35.09,36.92,0.2543,0.0921,0.02743,0.02089,0.07874,0.0,0.0,0.0,0.0,0.0,0.0,0.0,0.0,0.0,0.0,0.0,0.0,0.0,0.0,0.0,0.0,0.0,0.0,0.0,0.0,0.0,0.0,0.0,0.0,0.0,0.0,0.0,0.0,0.0,0.0,0.0,0.0,0.0,0.0,0.0,1.0E-4,0.0,178400.0,157600.0,131300.0,61470.0,3.942E7,59370.0,5826.0,34380.0,37650.0,38690.0,0.0,4.446E-39,2.901E-39,1.451E-38,1.025E-38,2.038E-39,3.513E-40,3.797E-41,2.432E-41,1.5599999999999998E-41,4.759999999999999E-41,2.08E-35,0.0,0.2019,0.4975,1.237,0.6542,0.1239,0.02379,0.003367,0.003955,0.002339,0.002677,0.0,0.0,7.435E-4,3.608E-4,1.2E-4,0.9956,0.001036,3.323E-5,6.758E-4,6.894E-4,7.812E-4,0.0,0.02451,0.001194,0.001203,9.36E-4,0.1523,0.001971,3.248E-4,2.004E-4,2.533E-4,2.277E-4,
0.0,1098.0,128.0,140.7,102.1,0.00454,4.186,0.4501,0.494,0.2961,0.2231,0.0,344.6,0.1246,1.317,0.09925,0.3013,0.2747,0.3081,0.2379,2.955,8.78,0.0,344.6,0.1246,1.317,0.09925,0.3013,0.2747,0.3081,0.2379,2.955,8.78,0.0,0.0,0.0,0.0,0.0,0.0,0.0,0.0,0.0,0.0,0.0,0.0,0.0,293.6,148.9,39.19,911.8,247.9,9.782,14.79,12.08,7.093,0.0,137.9,5.064,12.13,33.8,48.35,0.2594,0.09252,0.04547,0.03727,0.09823,0.0,0.0,0.0,0.0,0.0,0.0,0.0,0.0,0.0,0.0,0.0,0.0,0.0,0.0,0.0,0.0,0.0,0.0,0.0,0.0,0.0,0.0,0.0,0.0,0.0,0.0,0.0,0.0,0.0,0.0,0.0,0.0,0.0,0.0,0.0,1.001E-4,0.0,178600.0,285400.0,1013000.0,101400.0,3.551E7,47650.0,5362.0,30890.0,42120.0,45170.0,0.0,4.59E-39,2.6559999999999998E-39,1.334E-38,9.98E-39,3.433E-39,3.839E-40,3.7809999999999995E-41,2.5519999999999995E-41,1.718E-41,4.709E-41,2.08E-35,0.0,0.2139,0.4948,1.168,0.6437,0.1916,0.02483,0.003324,0.003962,0.00236,0.002683,0.0,0.0,0.0054,0.029,0.001567,0.9608,7.746E-4,2.485E-5,5.674E-4,8.675E-4,0.001024,0.0,0.02453,0.001858,0.005156,0.001113,0.1475,0.001907,3.249E-4,1.997E-4,2.804E-4,2.604E-4,
0.0,1090.0,140.2,140.1,102.0,0.004987,4.189,0.4501,0.4928,0.3837,0.6154,0.0,344.6,0.1302,1.413,0.09851,0.1924,0.2739,0.2997,0.2001,1.374,10.42,0.0,344.6,0.1302,1.413,0.09851,0.1924,0.2739,0.2997,0.2001,1.374,10.42,0.0,0.0,0.0,0.0,0.0,0.0,0.0,0.0,0.0,0.0,0.0,0.0,0.0,291.5,135.3,39.27,922.4,247.9,9.782,14.79,12.05,7.06,0.0,134.5,5.782,11.23,43.47,38.02,0.2591,0.09224,0.03908,0.02638,0.0867,0.0,0.0,0.0,0.0,0.0,0.0,0.0,0.0,0.0,0.0,0.0,0.0,0.0,0.0,0.0,0.0,0.0,0.0,0.0,0.0,0.0,0.0,0.0,0.0,0.0,0.0,0.0,0.0,0.0,0.0,0.0,0.0,0.0,0.0,0.0,1.0E-4,0.0,178600.0,108900.0,256300.0,63320.0,3.526E7,47040.0,5312.0,30400.0,42330.0,45320.0,0.0,3.853E-39,2.6969999999999998E-39,1.511E-38,1.008E-38,1.361E-39,3.803E-40,3.7679999999999997E-41,2.407E-41,2.881E-41,1.046E-40,2.08E-35,0.0,0.1804,0.5316,1.256,0.6472,0.09252,0.02468,0.003322,0.003906,0.00288,0.005308,0.0,0.0,1.796E-5,0.004934,2.287E-4,0.9915,7.994E-4,2.564E-5,5.855E-4,8.952E-4,0.001057,0.0,0.0245,0.001175,0.001994,9.428E-4,0.1512,0.001902,3.25E-4,1.984E-4,2.905E-4,2.622E-4,
0.0,1090.0,141.6,136.4,103.0,0.004829,4.28,0.4502,0.4655,0.2892,0.3594,0.0,344.6,0.1503,1.397,0.1025,0.1736,0.2724,0.2996,0.1996,1.373,10.42,0.0,344.6,0.1503,1.397,0.1025,0.1736,0.2724,0.2996,0.1996,1.373,10.42,0.0,0.0,0.0,0.0,0.0,0.0,0.0,0.0,0.0,0.0,0.0,0.0,0.0,291.5,136.3,39.3,921.4,247.9,9.781,14.79,12.05,7.073,0.0,134.5,5.79,11.15,43.13,37.91,0.2534,0.09225,0.03916,0.02651,0.08683,0.0,0.0,0.0,0.0,0.0,0.0,0.0,0.0,0.0,0.0,0.0,0.0,0.0,0.0,0.0,0.0,0.0,0.0,0.0,0.0,0.0,0.0,0.0,0.0,0.0,0.0,0.0,0.0,0.0,0.0,0.0,0.0,0.0,0.0,0.0,1.0E-4,0.0,178800.0,106300.0,128300.0,63220.0,3.402E7,47650.0,5350.0,30910.0,43630.0,46790.0,0.0,3.853E-39,2.8979999999999997E-39,1.479E-38,1.013E-38,1.037E-39,3.958E-40,3.758E-41,2.316E-41,1.7259999999999998E-41,5.770999999999999E-41,2.08E-35,0.0,0.1804,0.5408,1.241,0.6522,0.07864,0.02553,0.003322,0.003835,0.002371,0.003522,0.0,0.0,1.939E-5,8.294E-4,2.47E-4,0.9953,8.633E-4,2.77E-5,6.324E-4,9.669E-4,0.001141,0.0,0.02453,0.00117,0.001464,9.531E-4,0.1517,0.001886,3.254E-4,2.045E-4,2.998E-4,2.732E-4,
0.0,1090.0,141.4,137.0,100.3,0.00473,6.724,0.442,0.4592,0.2604,0.3607,0.0,344.8,0.1322,1.395,0.114,0.1733,0.1729,0.2889,0.1527,1.522,10.26,0.0,344.8,0.1322,1.395,0.114,0.1733,0.1729,0.2889,0.1527,1.522,10.26,0.0,0.0,0.0,0.0,0.0,0.0,0.0,0.0,0.0,0.0,0.0,0.0,0.0,291.1,135.1,39.8,923.4,249.1,9.723,14.7,12.06,7.086,0.0,134.5,5.71,11.07,42.85,37.87,0.2487,0.09216,0.03906,0.02654,0.08647,0.0,0.0,0.0,0.0,0.0,0.0,0.0,0.0,0.0,0.0,0.0,0.0,0.0,0.0,0.0,0.0,0.0,0.0,0.0,0.0,0.0,0.0,0.0,0.0,0.0,0.0,0.0,0.0,0.0,0.0,0.0,0.0,0.0,0.0,0.0,1.0E-4,0.0,179200.0,105500.0,123200.0,63460.0,3.194E7,46540.0,5336.0,30120.0,42770.0,45610.0,0.0,3.8819999999999996E-39,2.81E-39,1.48E-38,9.758999999999999E-39,1.037E-39,6.944E-40,3.504E-41,2.345E-41,1.376E-41,5.161999999999999E-41,2.08E-35,0.0,0.1823,0.5382,1.243,0.6371,0.07862,0.03961,0.003179,0.003747,0.00219,0.003515,0.0,0.0,1.984E-5,8.485E-4,2.527E-4,0.9952,8.832E-4,2.833E-5,6.47E-4,9.891E-4,0.001168,0.0,0.02454,0.001167,0.001463,9.529E-4,0.1517,0.001884,3.245E-4,2.033E-4,3.052E-4,2.743E-4,
0.0,1093.0,131.2,139.1,102.0,4.835,3.568,0.4196,0.3699,0.2588,0.3647,0.0,344.8,0.12,1.439,0.09701,0.1731,0.1557,0.2871,0.1702,0.9338,10.83,0.0,344.8,0.12,1.439,0.09701,0.1731,0.1557,0.2871,0.1702,0.9338,10.83,0.0,0.0,0.0,0.0,0.0,0.0,0.0,0.0,0.0,0.0,0.0,0.0,0.0,291.4,134.9,38.89,923.3,249.5,9.791,14.99,12.08,7.115,0.0,134.5,5.784,12.95,42.53,38.39,0.2432,0.09217,0.03917,0.0267,0.08666,0.0,0.0,0.0,0.0,0.0,0.0,0.0,0.0,0.0,0.0,0.0,0.0,0.0,0.0,0.0,0.0,0.0,0.0,0.0,0.0,0.0,0.0,0.0,0.0,0.0,0.0,0.0,0.0,0.0,0.0,0.0,0.0,0.0,0.0,0.0,1.002E-4,0.0,179300.0,108400.0,121500.0,65600.0,3.057E7,47800.0,5432.0,31130.0,44470.0,47250.0,0.0,4.1139999999999995E-39,2.5379999999999997E-39,1.493E-38,9.879E-39,1.054E-39,3.511E-40,3.2539999999999995E-41,1.3719999999999998E-41,1.235E-41,4.858999999999999E-41,2.08E-35,0.0,0.1934,0.4953,1.264,0.6494,0.09488,0.02282,0.003059,0.003276,0.002154,0.003597,0.0,0.0,2.181E-5,9.328E-4,2.778E-4,0.9947,9.71E-4,3.115E-5,7.112E-4,0.001087,0.001284,0.0,0.02456,0.001169,0.001461,9.469E-4,0.1517,0.001891,3.247E-4,2.139E-4,3.167E-4,2.897E-4,
0.0,1094.0,130.4,133.5,97.31,4.828,3.6,0.3885,0.3691,0.2572,0.3651,0.0,344.8,0.1193,1.434,0.09484,0.1304,0.1952,0.2472,0.1662,0.9458,10.88,0.0,344.8,0.1193,1.434,0.09484,0.1304,0.1952,0.2472,0.1662,0.9458,10.88,0.0,0.0,0.0,0.0,0.0,0.0,0.0,0.0,0.0,0.0,0.0,0.0,0.0,290.5,131.1,41.65,925.1,249.5,10.02,14.93,11.79,6.558,0.0,134.6,4.897,15.5,44.33,44.72,0.2465,0.01298,0.04221,0.03612,0.08444,0.0,0.0,0.0,0.0,0.0,0.0,0.0,0.0,0.0,0.0,0.0,0.0,0.0,0.0,0.0,0.0,0.0,0.0,0.0,0.0,0.0,0.0,0.0,0.0,0.0,0.0,0.0,0.0,0.0,0.0,0.0,0.0,0.0,0.0,0.0,5.724E-4,0.0,180500.0,112900.0,180300.0,99210.0,2.958E7,43860.0,15640.0,27550.0,31920.0,18600.0,0.0,4.2869999999999997E-39,2.421E-39,1.491E-38,9.576999999999999E-39,1.2109999999999999E-39,3.493E-40,3.1579999999999997E-41,1.367E-41,1.1189999999999999E-41,4.2659999999999996E-41,2.08E-35,0.0,0.2046,0.491,1.252,0.6348,0.1143,0.0231,0.00276,0.003278,0.002127,0.003608,0.0,0.0,1.249E-4,0.002842,0.001474,0.993,7.983E-4,4.918E-4,5.848E-4,5.107E-4,1.464E-4,0.0,0.02457,0.001187,0.001697,0.001138,0.1512,0.002018,2.429E-4,1.932E-4,2.56E-4,1.42E-4,
0.0,1094.0,128.7,133.6,97.61,1.149,3.529,0.389,0.3695,0.2573,0.365,0.0,344.8,0.1187,1.424,0.1013,0.1212,0.1949,0.2466,0.1612,0.7477,11.08,0.0,344.8,0.1187,1.424,0.1013,0.1212,0.1949,0.2466,0.1612,0.7477,11.08,0.0,0.0,0.0,0.0,0.0,0.0,0.0,0.0,0.0,0.0,0.0,0.0,0.0,289.2,133.2,41.18,929.6,249.5,10.04,14.96,11.82,6.564,0.0,134.6,5.339,14.72,52.32,41.62,0.2386,0.008642,0.03695,0.03157,0.08316,0.0,0.0,0.0,0.0,0.0,0.0,0.0,0.0,0.0,0.0,0.0,0.0,0.0,0.0,0.0,0.0,0.0,0.0,0.0,0.0,0.0,0.0,0.0,0.0,0.0,0.0,0.0,0.0,0.0,0.0,0.0,0.0,0.0,0.0,0.0,5.586E-4,0.0,180600.0,115300.0,111800.0,66370.0,2.886E7,44520.0,16150.0,28360.0,31800.0,18230.0,0.0,4.2869999999999997E-39,2.37E-39,1.516E-38,9.591E-39,7.529E-40,3.3529999999999998E-40,3.1439999999999996E-41,1.346E-41,1.0649999999999999E-41,3.6589999999999996E-41,2.08E-35,0.0,0.2046,0.4873,1.261,0.6417,0.0932,0.02251,0.002754,0.003274,0.00212,0.003606,0.0,0.0,1.35E-4,5.585E-4,8.454E-5,0.9965,8.629E-4,5.316E-4,6.321E-4,5.52E-4,1.583E-4,0.0,0.02458,0.001165,0.001417,9.574E-4,0.1514,0.002013,2.468E-4,2.015E-4,2.614E-4,1.427E-4,
0.0,1098.0,128.0,132.7,97.08,0.6154,3.085,0.3846,0.3392,0.2453,0.392,0.0,344.8,0.1176,1.428,0.09794,0.128,0.1892,0.2459,0.1607,1.005,10.82,0.0,344.8,0.1176,1.428,0.09794,0.128,0.1892,0.2459,0.1607,1.005,10.82,0.0,0.0,0.0,0.0,0.0,0.0,0.0,0.0,0.0,0.0,0.0,0.0,0.0,286.4,133.8,40.85,920.9,265.1,5.887,14.65,7.784,3.751,0.0,134.7,5.351,13.8,50.26,43.35,0.2171,0.008686,0.03701,0.03793,0.07683,0.0,0.0,0.0,0.0,0.0,0.0,0.0,0.0,0.0,0.0,0.0,0.0,0.0,0.0,0.0,0.0,0.0,0.0,0.0,0.0,0.0,0.0,0.0,0.0,0.0,0.0,0.0,0.0,0.0,0.0,0.0,0.0,0.0,0.0,0.0,1.0E-4,0.0,180900.0,112700.0,110200.0,66170.0,2.778E7,46770.0,17440.0,29830.0,32890.0,18290.0,0.0,4.801E-39,2.353E-39,1.504E-38,9.108999999999999E-39,8.107E-40,2.79E-40,3.0779999999999997E-41,1.015E-41,9.752E-42,3.3249999999999995E-41,2.08E-35,0.0,0.2308,0.4841,1.256,0.6245,0.09603,0.01922,0.002721,0.00311,0.002028,0.003782,0.0,0.0,1.578E-4,6.526E-4,9.879E-5,0.9959,0.001008,6.212E-4,7.387E-4,6.451E-4,1.85E-4,0.0,0.02462,0.001161,0.001426,9.342E-4,0.1512,0.002042,2.564E-4,2.103E-4,2.74E-4,1.407E-4,
0.0,1096.0,137.2,131.2,97.27,0.0108,4.159,0.4496,0.3611,0.2896,0.4635,0.0,344.8,0.1167,1.422,0.09981,0.1266,0.1849,0.247,0.1606,0.9009,10.93,0.0,344.8,0.1167,1.422,0.09981,0.1266,0.1849,0.247,0.1606,0.9009,10.93,0.0,0.0,0.0,0.0,0.0,0.0,0.0,0.0,0.0,0.0,0.0,0.0,0.0,279.3,142.4,42.73,927.5,252.7,8.482,17.22,9.724,5.098,0.0,132.0,5.249,13.73,46.53,43.84,0.1842,0.00871,0.03701,0.03234,0.01418,0.0,0.0,0.0,0.0,0.0,0.0,0.0,0.0,0.0,0.0,0.0,0.0,0.0,0.0,0.0,0.0,0.0,0.0,0.0,0.0,0.0,0.0,0.0,0.0,0.0,0.0,0.0,0.0,0.0,0.0,0.0,0.0,0.0,0.0,0.0,1.0E-4,0.0,181300.0,109700.0,105900.0,64470.0,2.665E7,45190.0,16770.0,28580.0,32030.0,18210.0,0.0,4.661E-39,2.351E-39,1.484E-38,8.656E-39,8.001E-40,3.401E-40,3.509E-41,1.183E-41,1.148E-41,3.098E-41,2.08E-35,0.0,0.2276,0.5116,1.236,0.6142,0.09548,0.02392,0.00302,0.003213,0.002163,0.003862,0.0,0.0,1.592E-4,6.584E-4,9.968E-5,0.9959,0.001017,6.268E-4,7.453E-4,6.508E-4,1.866E-4,0.0,0.02463,0.001171,0.00143,9.177E-4,0.1511,0.002023,2.524E-4,2.138E-4,2.788E-4,1.412E-4,
0.0,1092.0,139.9,130.6,97.21,0.6853,3.409,0.4647,0.3716,0.3118,0.4604,0.0,344.8,0.1193,1.393,0.1005,0.1569,0.1856,0.2479,0.1612,1.05,10.77,0.0,344.8,0.1193,1.393,0.1005,0.1569,0.1856,0.2479,0.1612,1.05,10.77,0.0,0.0,0.0,0.0,0.0,0.0,0.0,0.0,0.0,0.0,0.0,0.0,0.0,281.5,143.6,44.57,931.9,235.7,11.44,20.16,11.94,7.24,0.0,130.2,8.608,12.6,47.01,43.89,0.1558,0.01258,0.03798,0.03294,0.03514,0.0,0.0,0.0,0.0,0.0,0.0,0.0,0.0,0.0,0.0,0.0,0.0,0.0,0.0,0.0,0.0,0.0,0.0,0.0,0.0,0.0,0.0,0.0,0.0,0.0,0.0,0.0,0.0,0.0,0.0,0.0,0.0,0.0,0.0,0.0,7.379E-4,0.0,181800.0,116000.0,99490.0,65840.0,2.658E7,45760.0,16750.0,28220.0,32300.0,20680.0,0.0,4.408E-39,2.505E-39,1.433E-38,8.499999999999999E-39,8.768E-40,4.364E-40,5.723999999999999E-41,1.808E-41,1.8669999999999997E-41,8.032999999999999E-41,2.08E-35,0.0,0.2163,0.5326,1.208,0.6135,0.1039,0.02818,0.004168,0.003534,0.002543,0.007878,0.0,0.0,1.592E-4,6.584E-4,9.968E-5,0.9959,0.001017,6.268E-4,7.453E-4,6.508E-4,1.866E-4,0.0,0.02462,0.001223,0.001396,9.087E-4,0.1511,0.002008,2.405E-4,2.154E-4,2.826E-4,1.63E-4,
0.0,1094.0,133.7,127.5,91.43,0.5192,4.018,0.4245,0.3863,0.3287,0.4823,0.0,344.8,0.1193,1.378,0.09923,0.1487,0.1861,0.2483,0.2461,1.005,10.74,0.0,344.8,0.1193,1.378,0.09923,0.1487,0.1861,0.2483,0.2461,1.005,10.74,0.0,0.0,0.0,0.0,0.0,0.0,0.0,0.0,0.0,0.0,0.0,0.0,0.0,278.8,148.7,43.69,927.4,235.5,11.44,20.15,11.92,7.396,0.0,130.2,11.12,17.43,51.67,44.2,0.119,0.009211,0.04126,0.03285,0.02668,0.0,0.0,0.0,0.0,0.0,0.0,0.0,0.0,0.0,0.0,0.0,0.0,0.0,0.0,0.0,0.0,0.0,0.0,0.0,0.0,0.0,0.0,0.0,0.0,0.0,0.0,0.0,0.0,0.0,0.0,0.0,0.0,0.0,0.0,0.0,6.294E-4,0.0,182000.0,113800.0,95260.0,65960.0,2.73E7,46540.0,16980.0,29300.0,33250.0,20590.0,0.0,4.59E-39,2.4219999999999998E-39,1.426E-38,8.468E-39,8.169E-40,3.546E-40,3.4549999999999995E-41,1.2119999999999998E-41,1.1059999999999999E-41,2.5339999999999996E-41,2.08E-35,0.0,0.2259,0.5177,1.212,0.6201,0.09962,0.0243,0.003037,0.003343,0.002297,0.004082,0.0,0.0,1.592E-4,6.584E-4,9.968E-5,0.9959,0.001017,6.268E-4,7.453E-4,6.508E-4,1.866E-4,0.0,0.02463,0.001211,0.001403,9.047E-4,0.1512,0.002018,2.172E-4,2.222E-4,2.847E-4,1.553E-4,
0.0,1097.0,113.9,144.8,90.04,0.3797,3.715,0.4189,0.3789,0.3193,0.4706,0.0,344.8,0.1195,1.362,0.1141,0.1539,0.256,0.1726,0.2462,1.156,10.59,0.0,344.8,0.1195,1.362,0.1141,0.1539,0.256,0.1726,0.2462,1.156,10.59,0.0,0.0,0.0,0.0,0.0,0.0,0.0,0.0,0.0,0.0,0.0,0.0,0.0,281.0,147.6,44.19,928.5,235.7,11.46,20.17,11.95,7.433,0.0,130.2,12.06,16.69,51.52,43.67,0.1392,0.3149,0.1175,0.1283,0.1461,0.0,0.0,0.0,0.0,0.0,0.0,0.0,0.0,0.0,0.0,0.0,0.0,0.0,0.0,0.0,0.0,0.0,0.0,0.0,0.0,0.0,0.0,0.0,0.0,0.0,0.0,0.0,0.0,0.0,0.0,0.0,0.0,0.0,0.0,0.0,5.516E-4,0.0,182100.0,116300.0,116800.0,67830.0,2.845E7,48750.0,17680.0,30260.0,34490.0,21410.0,0.0,4.705E-39,2.378E-39,1.399E-38,8.401E-39,9.254E-40,3.15E-40,5.752999999999999E-41,1.7719999999999998E-41,1.7969999999999998E-41,3.187E-41,2.08E-35,0.0,0.2408,0.4665,1.237,0.613,0.1119,0.02156,0.004414,0.003645,0.002674,0.004554,0.0,0.0,1.592E-4,6.584E-4,9.968E-5,0.9959,0.001017,6.268E-4,7.453E-4,6.508E-4,1.866E-4,0.0,0.02464,0.001215,0.001398,9.087E-4,0.1509,0.002009,2.094E-4,2.223E-4,2.85E-4,1.562E-4,
0.0,1097.0,123.3,127.9,88.21,0.1949,3.404,0.3955,0.3545,0.2897,0.4309,0.0,344.8,0.1328,1.305,0.1208,0.1911,0.2632,0.1673,0.247,1.201,10.54,0.0,344.8,0.1328,1.305,0.1208,0.1911,0.2632,0.1673,0.247,1.201,10.54,0.0,0.0,0.0,0.0,0.0,0.0,0.0,0.0,0.0,0.0,0.0,0.0,0.0,282.4,148.2,44.52,924.4,240.9,11.38,20.08,11.86,7.369,0.0,130.2,12.72,23.41,50.49,46.06,0.1904,0.315,0.1271,0.1205,0.1498,0.0,0.0,0.0,0.0,0.0,0.0,0.0,0.0,0.0,0.0,0.0,0.0,0.0,0.0,0.0,0.0,0.0,0.0,0.0,0.0,0.0,0.0,0.0,0.0,0.0,0.0,0.0,0.0,0.0,0.0,0.0,0.0,0.0,0.0,0.0,1.0E-4,0.0,182300.0,140000.0,142700.0,184300.0,2.841E7,178800.0,14530.0,28270.0,30680.0,57590.0,0.0,4.758E-39,2.6339999999999998E-39,1.374E-38,8.01E-39,1.143E-39,2.521E-40,5.699999999999999E-41,1.7409999999999997E-41,1.722E-41,2.8709999999999997E-41,2.08E-35,0.0,0.2438,0.504,1.193,0.6016,0.1236,0.02087,0.004245,0.003488,0.002461,0.004236,0.0,0.0,0.001142,7.144E-4,0.004855,0.9836,0.006357,4.89E-4,5.814E-4,5.078E-4,0.001719,0.0,0.02466,0.001346,0.00151,0.001541,0.1491,0.002744,1.761E-4,2.143E-4,2.558E-4,3.529E-4,
0.0,1098.0,127.4,118.0,88.11,0.2102,3.404,0.3971,0.3564,0.2848,0.4347,0.0,344.8,0.1439,1.313,0.1002,0.1425,0.2715,0.1724,0.2563,1.043,10.72,0.0,344.8,0.1439,1.313,0.1002,0.1425,0.2715,0.1724,0.2563,1.043,10.72,0.0,0.0,0.0,0.0,0.0,0.0,0.0,0.0,0.0,0.0,0.0,0.0,0.0,305.0,123.9,43.26,930.6,237.3,11.38,19.85,11.02,5.733,0.0,130.5,14.41,26.76,56.54,39.87,0.1703,0.31,0.1319,0.1507,0.1757,0.0,0.0,0.0,0.0,0.0,0.0,0.0,0.0,0.0,0.0,0.0,0.0,0.0,0.0,0.0,0.0,0.0,0.0,0.0,0.0,0.0,0.0,0.0,0.0,0.0,0.0,0.0,0.0,0.0,0.0,0.0,0.0,0.0,0.0,0.0,5.365E-4,0.0,182700.0,132000.0,136700.0,76460.0,2.803E7,37620.0,14330.0,27120.0,26540.0,20380.0,0.0,4.85E-39,2.5969999999999998E-39,1.361E-38,8.186E-39,9.239E-40,2.481E-40,5.662E-41,1.715E-41,1.6729999999999997E-41,2.6489999999999997E-41,2.08E-35,0.0,0.2492,0.5272,1.16,0.6146,0.1149,0.02084,0.004236,0.003506,0.002551,0.004326,0.0,0.0,0.001156,7.232E-4,2.145E-4,0.9957,3.229E-4,4.95E-4,5.885E-4,5.14E-4,3.311E-4,0.0,0.02467,0.001345,0.001495,9.358E-4,0.1504,0.001947,1.748E-4,2.145E-4,2.523E-4,1.72E-4,
0.0,1098.0,113.4,131.7,80.64,0.146,3.391,0.3991,0.3568,0.2863,0.4355,0.0,344.8,0.1134,1.332,0.1041,0.1413,0.3725,0.1728,0.2953,1.068,10.56,0.0,344.8,0.1134,1.332,0.1041,0.1413,0.3725,0.1728,0.2953,1.068,10.56,0.0,0.0,0.0,0.0,0.0,0.0,0.0,0.0,0.0,0.0,0.0,0.0,0.0,304.2,129.9,44.07,927.1,237.9,11.4,20.09,11.83,6.638,0.0,130.5,14.02,28.48,62.07,39.71,0.1856,0.308,0.1383,0.175,0.2033,0.0,0.0,0.0,0.0,0.0,0.0,0.0,0.0,0.0,0.0,0.0,0.0,0.0,0.0,0.0,0.0,0.0,0.0,0.0,0.0,0.0,0.0,0.0,0.0,0.0,0.0,0.0,0.0,0.0,0.0,0.0,0.0,0.0,0.0,0.0,6.386E-4,0.0,182900.0,132000.0,131000.0,79570.0,2.725E7,39150.0,14780.0,28540.0,30340.0,24110.0,0.0,4.85E-39,2.352E-39,1.361E-38,8.224E-39,9.215E-40,2.459E-40,5.635999999999999E-41,1.7129999999999997E-41,1.6839999999999999E-41,2.532E-41,2.08E-35,0.0,0.2492,0.4804,1.194,0.6205,0.1143,0.0209,0.004237,0.003529,0.00264,0.004423,0.0,0.0,0.001245,7.793E-4,2.311E-4,0.9953,3.479E-4,5.334E-4,6.342E-4,5.538E-4,3.567E-4,0.0,0.02468,0.001349,0.001486,9.573E-4,0.1502,0.001942,1.762E-4,2.21E-4,2.629E-4,1.808E-4,
0.0,1096.0,117.4,132.5,76.06,0.4578,2.998,0.3826,0.3389,0.2735,0.4263,0.0,344.8,0.1004,1.319,0.1225,0.1303,0.3757,0.1653,0.2769,0.9855,10.67,0.0,344.8,0.1004,1.319,0.1225,0.1303,0.3757,0.1653,0.2769,0.9855,10.67,0.0,0.0,0.0,0.0,0.0,0.0,0.0,0.0,0.0,0.0,0.0,0.0,0.0,299.1,119.4,39.26,936.0,270.5,5.851,14.59,7.663,3.743,0.0,128.0,14.02,29.43,55.57,48.63,0.19,0.3128,0.1462,0.1817,0.2071,0.0,0.0,0.0,0.0,0.0,0.0,0.0,0.0,0.0,0.0,0.0,0.0,0.0,0.0,0.0,0.0,0.0,0.0,0.0,0.0,0.0,0.0,0.0,0.0,0.0,0.0,0.0,0.0,0.0,0.0,0.0,0.0,0.0,0.0,0.0,1.0E-4,0.0,183300.0,112000.0,130700.0,153000.0,2.672E7,36290.0,14160.0,26440.0,28280.0,22450.0,0.0,4.667E-39,2.8759999999999998E-39,1.376E-38,7.74E-39,8.063E-40,2.073E-40,5.408E-41,1.5069999999999998E-41,1.519E-41,2.298E-41,2.08E-35,0.0,0.2481,0.4894,1.234,0.5875,0.09705,0.01922,0.004156,0.003451,0.002586,0.00438,0.0,0.0,7.0E-4,5.526E-4,0.003975,0.9925,3.188E-4,4.887E-4,5.811E-4,5.074E-4,3.268E-4,0.0,0.02469,0.001301,0.001569,0.001439,0.1494,0.001895,2.362E-4,2.086E-4,2.537E-4,1.72E-4,
0.0,1096.0,116.6,133.0,76.78,0.113,2.989,0.3844,0.3392,0.2803,0.4237,0.0,344.8,0.09987,1.343,0.09476,0.1351,0.3739,0.1654,0.2781,1.045,10.61,0.0,344.8,0.09987,1.343,0.09476,0.1351,0.3739,0.1654,0.2781,1.045,10.61,0.0,0.0,0.0,0.0,0.0,0.0,0.0,0.0,0.0,0.0,0.0,0.0,0.0,299.4,122.6,36.4,939.3,267.9,6.349,15.08,8.04,4.004,0.0,128.0,11.51,23.77,74.19,38.14,0.1867,0.3059,0.1398,0.1759,0.203,0.0,0.0,0.0,0.0,0.0,0.0,0.0,0.0,0.0,0.0,0.0,0.0,0.0,0.0,0.0,0.0,0.0,0.0,0.0,0.0,0.0,0.0,0.0,0.0,0.0,0.0,0.0,0.0,0.0,0.0,0.0,0.0,0.0,0.0,0.0,5.653E-4,0.0,183400.0,108400.0,129400.0,80580.0,2.597E7,34860.0,14340.0,25930.0,28030.0,22340.0,0.0,4.668E-39,2.196E-39,1.358E-38,7.971E-39,6.534E-40,2.048E-40,5.379999999999999E-41,1.5E-41,1.5049999999999998E-41,2.1849999999999998E-41,2.08E-35,0.0,0.2482,0.4797,1.232,0.614,0.08281,0.01917,0.004155,0.00345,0.002578,0.00438,0.0,0.0,7.392E-4,5.836E-4,7.6E-4,0.9956,3.366E-4,5.16E-4,6.136E-4,5.358E-4,3.451E-4,0.0,0.0247,0.001293,0.001599,0.001016,0.1497,0.001876,2.458E-4,2.123E-4,2.594E-4,1.739E-4,
0.0,1096.0,115.5,133.4,78.23,0.06553,2.942,0.3782,0.3493,0.2888,0.4287,0.0,344.8,0.1062,1.341,0.0905,0.1362,0.389,0.1449,0.2791,1.145,10.51,0.0,344.8,0.1062,1.341,0.0905,0.1362,0.389,0.1449,0.2791,1.145,10.51,0.0,0.0,0.0,0.0,0.0,0.0,0.0,0.0,0.0,0.0,0.0,0.0,0.0,302.2,126.7,37.35,943.4,241.8,11.29,19.98,11.74,6.568,0.0,128.0,11.57,22.44,74.58,38.01,0.1903,0.3045,0.1395,0.1755,0.2025,0.0,0.0,0.0,0.0,0.0,0.0,0.0,0.0,0.0,0.0,0.0,0.0,0.0,0.0,0.0,0.0,0.0,0.0,0.0,0.0,0.0,0.0,0.0,0.0,0.0,0.0,0.0,0.0,0.0,0.0,0.0,0.0,0.0,0.0,0.0,6.396E-4,0.0,183700.0,108900.0,123100.0,78620.0,2.526E7,34780.0,13780.0,26010.0,28470.0,22420.0,0.0,4.7009999999999997E-39,2.2329999999999998E-39,1.347E-38,7.882E-39,6.5189999999999995E-40,1.962E-40,5.450999999999999E-41,1.6089999999999998E-41,1.5779999999999998E-41,2.1459999999999999E-41,2.08E-35,0.0,0.25,0.4803,1.225,0.6188,0.08231,0.01897,0.004065,0.003507,0.002624,0.004407,0.0,0.0,7.893E-4,6.231E-4,8.115E-4,0.9953,3.594E-4,5.51E-4,6.552E-4,5.721E-4,3.685E-4,0.0,0.02473,0.001313,0.001594,0.001016,0.1494,0.001927,1.492E-4,2.215E-4,2.692E-4,1.766E-4,
0.0,1099.0,113.2,133.5,77.33,0.03975,3.016,0.546,0.1838,0.4109,0.3065,0.0,344.8,0.1043,1.331,0.09475,0.1363,0.3883,0.2034,0.2398,1.366,10.27,0.0,344.8,0.1043,1.331,0.09475,0.1363,0.3883,0.2034,0.2398,1.366,10.27,0.0,0.0,0.0,0.0,0.0,0.0,0.0,0.0,0.0,0.0,0.0,0.0,0.0,300.5,133.3,37.32,923.6,241.8,19.86,11.39,11.72,6.554,0.0,133.0,12.26,23.11,67.55,38.04,0.1903,0.3035,0.1393,0.1826,0.1947,0.0,0.0,0.0,0.0,0.0,0.0,0.0,0.0,0.0,0.0,0.0,0.0,0.0,0.0,0.0,0.0,0.0,0.0,0.0,0.0,0.0,0.0,0.0,0.0,0.0,0.0,0.0,0.0,0.0,0.0,0.0,0.0,0.0,0.0,0.0,1.001E-4,0.0,186300.0,109000.0,118100.0,76440.0,2.481E7,34520.0,13870.0,25820.0,29120.0,22350.0,0.0,5.145E-39,2.2099999999999998E-39,1.327E-38,7.457999999999999E-39,6.5189999999999995E-40,1.962E-40,5.411999999999999E-41,1.595E-41,1.737E-41,1.885E-41,2.08E-35,0.0,0.2744,0.4716,1.215,0.6029,0.08231,0.01966,0.005782,0.001789,0.00348,0.003553,0.0,0.0,8.093E-4,6.389E-4,8.32E-4,0.9952,3.685E-4,5.649E-4,6.718E-4,5.866E-4,3.779E-4,0.0,0.02479,0.001308,0.001596,9.863E-4,0.149,0.001913,1.626E-4,2.003E-4,2.76E-4,1.731E-4,
0.0,1100.0,112.6,133.9,78.21,0.03154,3.013,0.5496,0.1848,0.413,0.307,0.0,344.8,0.1042,1.33,0.09592,0.1357,0.3869,0.2017,0.2273,1.637,10.01,0.0,344.8,0.1042,1.33,0.09592,0.1357,0.3869,0.2017,0.2273,1.637,10.01,0.0,0.0,0.0,0.0,0.0,0.0,0.0,0.0,0.0,0.0,0.0,0.0,0.0,303.5,133.4,37.37,919.3,241.8,19.88,11.42,11.75,6.583,0.0,133.0,12.26,22.69,65.85,37.97,0.1896,0.3063,0.1319,0.1824,0.1907,0.0,0.0,0.0,0.0,0.0,0.0,0.0,0.0,0.0,0.0,0.0,0.0,0.0,0.0,0.0,0.0,0.0,0.0,0.0,0.0,0.0,0.0,0.0,0.0,0.0,0.0,0.0,0.0,0.0,0.0,0.0,0.0,0.0,0.0,0.0,4.877E-4,0.0,186400.0,110200.0,116200.0,78110.0,2.455E7,35120.0,15000.0,26750.0,31120.0,22720.0,0.0,5.1509999999999997E-39,2.207E-39,1.3189999999999999E-38,7.4E-39,6.5119999999999995E-40,1.945E-40,5.368999999999999E-41,1.5789999999999999E-41,1.712E-41,1.817E-41,2.08E-35,0.0,0.2801,0.4699,1.214,0.5982,0.08208,0.01964,0.005786,0.001785,0.003486,0.003541,0.0,0.0,8.878E-4,7.008E-4,9.127E-4,0.9947,4.043E-4,6.197E-4,7.369E-4,6.435E-4,4.145E-4,0.0,0.0248,0.001295,0.001605,9.962E-4,0.1488,0.001898,1.759E-4,2.015E-4,2.932E-4,1.682E-4,
0.0,1091.0,126.2,132.7,80.03,0.02713,4.097,0.5899,0.2484,0.4623,0.3093,0.0,344.8,0.1078,1.314,0.1006,0.1367,0.3918,0.2021,0.2313,1.652,9.989,0.0,344.8,0.1078,1.314,0.1006,0.1367,0.3918,0.2021,0.2313,1.652,9.989,0.0,0.0,0.0,0.0,0.0,0.0,0.0,0.0,0.0,0.0,0.0,0.0,0.0,304.3,133.5,39.45,916.4,240.7,19.9,11.45,11.76,6.605,0.0,129.7,13.2,22.48,59.86,38.42,1.197,0.2743,0.1655,0.1724,0.1782,0.0,0.0,0.0,0.0,0.0,0.0,0.0,0.0,0.0,0.0,0.0,0.0,0.0,0.0,0.0,0.0,0.0,0.0,0.0,0.0,0.0,0.0,0.0,0.0,0.0,0.0,0.0,0.0,0.0,0.0,0.0,0.0,0.0,0.0,0.0,1.001E-4,0.0,186300.0,110400.0,113200.0,79580.0,2.469E7,35920.0,15040.0,27130.0,31710.0,23300.0,0.0,4.3309999999999996E-39,2.3359999999999998E-39,1.296E-38,7.293999999999999E-39,6.788E-40,2.938E-40,5.340999999999999E-41,1.8779999999999999E-41,1.758E-41,1.783E-41,2.08E-35,0.0,0.2371,0.5271,1.194,0.5927,0.0853,0.02444,0.005834,0.002074,0.003747,0.003449,0.0,0.0,8.878E-4,7.008E-4,9.127E-4,0.9947,4.043E-4,6.197E-4,7.369E-4,6.435E-4,4.145E-4,0.0,0.02479,0.001304,0.001607,0.001015,0.1487,0.001872,1.76E-4,2.01E-4,2.919E-4,1.697E-4,
0.0,1080.0,138.6,131.7,81.17,0.02444,4.163,0.631,0.3171,0.4536,0.3264,0.0,344.8,0.1087,1.322,0.1021,0.1307,0.376,0.2045,0.2664,1.464,10.15,0.0,344.8,0.1087,1.322,0.1021,0.1307,0.376,0.2045,0.2664,1.464,10.15,0.0,0.0,0.0,0.0,0.0,0.0,0.0,0.0,0.0,0.0,0.0,0.0,0.0,308.5,131.3,39.12,923.6,245.5,17.25,10.77,10.32,6.593,0.0,125.9,12.21,22.68,69.29,30.41,0.2882,0.2247,0.1608,0.1557,0.1589,0.0,0.0,0.0,0.0,0.0,0.0,0.0,0.0,0.0,0.0,0.0,0.0,0.0,0.0,0.0,0.0,0.0,0.0,0.0,0.0,0.0,0.0,0.0,0.0,0.0,0.0,0.0,0.0,0.0,0.0,0.0,0.0,0.0,0.0,0.0,1.001E-4,0.0,186100.0,110100.0,104000.0,85410.0,2.529E7,35580.0,15360.0,27640.0,31880.0,24280.0,0.0,3.49E-39,2.306E-39,1.305E-38,7.223999999999999E-39,5.0479999999999995E-40,3.207E-40,5.924E-41,2.0379999999999998E-41,1.74E-41,1.7449999999999998E-41,2.08E-35,0.0,0.1911,0.5638,1.211,0.5947,0.0655,0.02667,0.005688,0.002047,0.00348,0.003433,0.0,0.0,8.878E-4,7.008E-4,9.127E-4,0.9947,4.043E-4,6.197E-4,7.369E-4,6.435E-4,4.145E-4,0.0,0.02476,0.001341,0.001584,0.001028,0.1488,0.00184,1.75E-4,2.074E-4,2.851E-4,1.743E-4,
0.0,1080.0,148.5,121.3,83.87,0.176,3.526,0.5777,0.361,0.403,0.3084,0.0,344.8,0.1406,1.273,0.1184,0.1331,0.4164,0.1991,0.3362,2.201,9.302,0.0,344.8,0.1406,1.273,0.1184,0.1331,0.4164,0.1991,0.3362,2.201,9.302,0.0,0.0,0.0,0.0,0.0,0.0,0.0,0.0,0.0,0.0,0.0,0.0,0.0,310.0,131.8,39.32,921.7,242.2,19.59,11.13,10.79,6.583,0.0,125.9,12.01,23.44,66.24,30.43,0.1746,0.3966,0.1689,0.217,0.2261,0.0,0.0,0.0,0.0,0.0,0.0,0.0,0.0,0.0,0.0,0.0,0.0,0.0,0.0,0.0,0.0,0.0,0.0,0.0,0.0,0.0,0.0,0.0,0.0,0.0,0.0,0.0,0.0,0.0,0.0,0.0,0.0,0.0,0.0,0.0,5.69E-4,0.0,186300.0,109300.0,97820.0,83430.0,2.642E7,35700.0,16490.0,27640.0,33700.0,25520.0,0.0,3.491E-39,2.5749999999999998E-39,1.262E-38,7.357E-39,5.212E-40,2.132E-40,4.5389999999999995E-41,1.8709999999999998E-41,1.475E-41,1.439E-41,2.08E-35,0.0,0.1911,0.5994,1.165,0.6083,0.06658,0.01981,0.006016,0.002319,0.003403,0.003561,0.0,0.0,8.878E-4,7.008E-4,9.127E-4,0.9947,4.043E-4,6.197E-4,7.369E-4,6.435E-4,4.145E-4,0.0,0.0248,0.001325,0.001582,0.001033,0.1487,0.001801,1.756E-4,1.93E-4,3.048E-4,1.718E-4,
0.0,1083.0,134.3,132.1,84.38,0.1867,3.629,0.5398,0.3624,0.4051,0.2893,0.0,344.9,0.1014,1.315,0.112,0.1331,0.4153,0.1989,0.3101,2.512,9.016,0.0,344.9,0.1014,1.315,0.112,0.1331,0.4153,0.1989,0.3101,2.512,9.016,0.0,0.0,0.0,0.0,0.0,0.0,0.0,0.0,0.0,0.0,0.0,0.0,0.0,316.3,127.9,39.92,921.6,242.2,19.59,11.13,10.79,6.583,0.0,125.9,11.93,21.65,66.55,30.41,0.1321,0.7166,0.2346,0.3063,0.3556,0.0,0.0,0.0,0.0,0.0,0.0,0.0,0.0,0.0,0.0,0.0,0.0,0.0,0.0,0.0,0.0,0.0,0.0,0.0,0.0,0.0,0.0,0.0,0.0,0.0,0.0,0.0,0.0,0.0,0.0,0.0,0.0,0.0,0.0,0.0,5.335E-4,0.0,186400.0,109700.0,94430.0,82330.0,2.783E7,35390.0,17340.0,28230.0,33660.0,25410.0,0.0,3.5659999999999996E-39,2.2E-39,1.278E-38,7.341E-39,5.211E-40,2.1899999999999998E-40,4.0759999999999997E-41,1.7629999999999998E-41,1.342E-41,1.254E-41,2.08E-35,0.0,0.2117,0.5478,1.199,0.6011,0.06655,0.02011,0.005625,0.002221,0.003282,0.003407,0.0,0.0,8.878E-4,7.008E-4,9.127E-4,0.9947,4.043E-4,6.197E-4,7.369E-4,6.435E-4,4.145E-4,0.0,0.02482,0.001325,0.00157,0.001018,0.1488,0.001801,1.758E-4,1.887E-4,3.039E-4,1.772E-4,
0.0,1083.0,132.6,131.1,84.96,0.8608,3.693,0.5508,0.3687,0.4585,0.2441,0.0,344.9,0.1,1.313,0.1157,0.1317,0.4113,0.1996,0.4087,2.125,9.304,0.0,344.9,0.1,1.313,0.1157,0.1317,0.4113,0.1996,0.4087,2.125,9.304,0.0,0.0,0.0,0.0,0.0,0.0,0.0,0.0,0.0,0.0,0.0,0.0,0.0,319.6,130.1,37.36,922.8,240.9,20.18,11.06,10.25,5.81,0.0,125.9,12.84,20.44,76.86,19.74,0.05522,0.712,0.1943,0.239,0.2863,0.0,0.0,0.0,0.0,0.0,0.0,0.0,0.0,0.0,0.0,0.0,0.0,0.0,0.0,0.0,0.0,0.0,0.0,0.0,0.0,0.0,0.0,0.0,0.0,0.0,0.0,0.0,0.0,0.0,0.0,0.0,0.0,0.0,0.0,0.0,1.017E-4,0.0,186500.0,103900.0,95840.0,59100.0,2.937E7,36750.0,17880.0,27480.0,33780.0,26020.0,0.0,3.5669999999999996E-39,2.16E-39,1.276E-38,7.349999999999999E-39,3.973E-40,2.22E-40,4.0199999999999996E-41,1.734E-41,1.4399999999999998E-41,1.015E-41,2.08E-35,0.0,0.2117,0.5427,1.201,0.6107,0.05159,0.02009,0.005735,0.002178,0.004162,0.002146,0.0,0.0,8.878E-4,7.008E-4,9.127E-4,0.9947,4.043E-4,6.197E-4,7.369E-4,6.435E-4,4.145E-4,0.0,0.02483,0.001303,0.001581,9.341E-4,0.1488,0.001813,1.732E-4,1.833E-4,3.32E-4,2.029E-4,
0.0,1080.0,131.8,130.9,86.02,3.435,4.562,0.5519,0.3897,0.4652,0.2262,0.0,344.9,0.09732,1.309,0.1102,0.1351,0.3869,0.1962,0.339,1.606,9.925,0.0,344.9,0.09732,1.309,0.1102,0.1351,0.3869,0.1962,0.339,1.606,9.925,0.0,0.0,0.0,0.0,0.0,0.0,0.0,0.0,0.0,0.0,0.0,0.0,0.0,321.6,130.2,37.24,913.5,241.0,20.18,11.09,10.32,5.874,0.0,124.7,13.92,19.7,76.01,19.31,1.447,0.712,0.1927,0.2391,0.2864,0.0,0.0,0.0,0.0,0.0,0.0,0.0,0.0,0.0,0.0,0.0,0.0,0.0,0.0,0.0,0.0,0.0,0.0,0.0,0.0,0.0,0.0,0.0,0.0,0.0,0.0,0.0,0.0,0.0,0.0,0.0,0.0,0.0,0.0,0.0,5.045E-4,0.0,186700.0,104400.0,96800.0,57870.0,3.093E7,37350.0,18910.0,28580.0,34480.0,26400.0,0.0,3.344E-39,2.28E-39,1.266E-38,7.329999999999999E-39,4.884E-40,2.418E-40,3.9589999999999994E-41,1.7749999999999998E-41,1.429E-41,9.763E-42,2.08E-35,0.0,0.1985,0.5344,1.194,0.6177,0.06801,0.02318,0.005751,0.002458,0.004226,0.001864,0.0,0.0,8.878E-4,7.008E-4,9.127E-4,0.9947,4.043E-4,6.197E-4,7.369E-4,6.435E-4,4.145E-4,0.0,0.02486,0.001299,0.001582,9.421E-4,0.1488,0.001775,1.74E-4,1.861E-4,3.32E-4,2.059E-4,
0.0,1080.0,126.9,126.2,87.19,1.654,4.074,0.5648,0.3933,0.4741,0.2802,0.0,344.9,0.08209,1.291,0.1057,0.1468,0.3873,0.1973,0.2694,1.576,10.05,0.0,344.9,0.08209,1.291,0.1057,0.1468,0.3873,0.1973,0.2694,1.576,10.05,0.0,0.0,0.0,0.0,0.0,0.0,0.0,0.0,0.0,0.0,0.0,0.0,0.0,224.5,152.8,28.21,1002.0,243.9,20.86,11.5,10.96,6.332,0.0,124.7,2.638,19.63,97.5,19.87,0.09342,0.7121,0.1984,0.2342,0.2901,0.0,0.0,0.0,0.0,0.0,0.0,0.0,0.0,0.0,0.0,0.0,0.0,0.0,0.0,0.0,0.0,0.0,0.0,0.0,0.0,0.0,0.0,0.0,0.0,0.0,0.0,0.0,0.0,0.0,0.0,0.0,0.0,0.0,0.0,0.0,4.744E-4,0.0,186700.0,124800.0,103800.0,57950.0,3.253E7,41520.0,20250.0,31910.0,38690.0,30290.0,0.0,3.344E-39,1.633E-39,1.258E-38,7.382E-39,7.732E-40,2.664E-40,3.895E-41,1.7819999999999998E-41,1.429E-41,1.075E-41,2.08E-35,0.0,0.1985,0.4909,1.184,0.644,0.08824,0.02434,0.005877,0.002489,0.004255,0.00192,0.0,0.0,8.878E-4,7.008E-4,9.127E-4,0.9947,4.043E-4,6.197E-4,7.369E-4,6.435E-4,4.145E-4,0.0,0.02487,0.00126,0.001602,9.341E-4,0.1486,0.001788,1.768E-4,1.997E-4,3.44E-4,2.334E-4,
0.0,1080.0,126.8,120.0,90.77,1.97,6.455,0.5649,0.3946,0.4747,0.2789,0.0,344.9,0.09618,1.272,0.1075,0.1464,0.3845,0.1973,0.2695,1.572,10.05,0.0,344.9,0.09618,1.272,0.1075,0.1464,0.3845,0.1973,0.2695,1.572,10.05,0.0,0.0,0.0,0.0,0.0,0.0,0.0,0.0,0.0,0.0,0.0,0.0,0.0,170.1,141.7,28.82,1064.0,244.2,20.86,11.52,10.99,6.361,0.0,124.7,1.848,20.62,94.63,21.24,0.1103,0.7121,0.1981,0.2344,0.2901,0.0,0.0,0.0,0.0,0.0,0.0,0.0,0.0,0.0,0.0,0.0,0.0,0.0,0.0,0.0,0.0,0.0,0.0,0.0,0.0,0.0,0.0,0.0,0.0,0.0,0.0,0.0,0.0,0.0,0.0,0.0,0.0,0.0,0.0,0.0,1.012E-4,0.0,186800.0,96210.0,100600.0,58240.0,3.433E7,42550.0,21390.0,33160.0,39700.0,30800.0,0.0,3.345E-39,1.5629999999999998E-39,1.248E-38,7.291E-39,7.811999999999999E-40,3.614E-40,3.821E-41,1.7809999999999997E-41,1.4209999999999998E-41,1.0699999999999999E-41,2.08E-35,0.0,0.1985,0.4637,1.189,0.6492,0.09036,0.03293,0.005878,0.002497,0.004263,0.001906,0.0,0.0,8.878E-4,7.008E-4,9.127E-4,0.9947,4.043E-4,6.197E-4,7.369E-4,6.435E-4,4.145E-4,0.0,0.02489,0.001187,0.001588,9.425E-4,0.1488,0.001765,1.772E-4,2.014E-4,3.497E-4,2.329E-4,
0.0,1080.0,125.6,122.3,95.43,1.769,3.962,0.5648,0.3948,0.4748,0.2816,0.0,344.9,0.09223,1.271,0.1068,0.1423,0.3839,0.1976,0.2695,1.572,10.05,0.0,344.9,0.09223,1.271,0.1068,0.1423,0.3839,0.1976,0.2695,1.572,10.05,0.0,0.0,0.0,0.0,0.0,0.0,0.0,0.0,0.0,0.0,0.0,0.0,0.0,170.6,140.9,28.87,1061.0,244.2,20.86,11.51,10.98,6.357,0.0,124.7,1.791,19.5,91.43,22.38,0.1051,0.712,0.1978,0.2344,0.2875,0.0,0.0,0.0,0.0,0.0,0.0,0.0,0.0,0.0,0.0,0.0,0.0,0.0,0.0,0.0,0.0,0.0,0.0,0.0,0.0,0.0,0.0,0.0,0.0,0.0,0.0,0.0,0.0,0.0,0.0,0.0,0.0,0.0,0.0,0.0,1.0E-4,0.0,186800.0,95040.0,103400.0,56220.0,3.197E7,41100.0,19880.0,31250.0,37890.0,29550.0,0.0,3.345E-39,1.565E-39,1.234E-38,7.364999999999999E-39,7.358E-40,2.555E-40,3.7469999999999997E-41,1.777E-41,1.407E-41,1.0659999999999999E-41,2.08E-35,0.0,0.1985,0.4648,1.187,0.6596,0.08299,0.02358,0.005879,0.002497,0.004263,0.001906,0.0,0.0,8.878E-4,7.008E-4,9.127E-4,0.9947,4.043E-4,6.197E-4,7.369E-4,6.435E-4,4.145E-4,0.0,0.02489,0.001169,0.001603,9.436E-4,0.1486,0.001762,1.776E-4,2.012E-4,3.495E-4,2.327E-4,
0.0,1077.0,129.6,120.7,97.07,1.762,3.727,0.5646,0.9663,0.6083,0.4454,0.0,344.9,0.1194,1.245,0.1502,0.1464,0.4183,0.1253,0.2345,1.821,9.821,0.0,344.9,0.1194,1.245,0.1502,0.1464,0.4183,0.1253,0.2345,1.821,9.821,0.0,0.0,0.0,0.0,0.0,0.0,0.0,0.0,0.0,0.0,0.0,0.0,0.0,174.4,142.0,28.83,1060.0,244.1,20.86,11.63,11.02,6.398,0.0,123.6,1.871,20.6,90.03,21.34,0.08895,0.712,0.201,0.2357,0.2891,0.0,0.0,0.0,0.0,0.0,0.0,0.0,0.0,0.0,0.0,0.0,0.0,0.0,0.0,0.0,0.0,0.0,0.0,0.0,0.0,0.0,0.0,0.0,0.0,0.0,0.0,0.0,0.0,0.0,0.0,0.0,0.0,0.0,0.0,0.0,8.148E-4,0.0,186900.0,96010.0,104300.0,55320.0,3.146E7,41030.0,19520.0,31010.0,37820.0,29560.0,0.0,3.166E-39,1.681E-39,1.208E-38,7.345E-39,7.214E-40,2.435E-40,3.6729999999999997E-41,2.766E-41,1.651E-41,1.3839999999999998E-41,2.08E-35,0.0,0.189,0.4825,1.174,0.6581,0.08259,0.02294,0.005877,0.00326,0.00446,0.00214,0.0,0.0,8.878E-4,7.008E-4,9.127E-4,0.9947,4.043E-4,6.197E-4,7.369E-4,6.435E-4,4.145E-4,0.0,0.02492,0.001158,0.001604,9.449E-4,0.1489,0.00172,1.76E-4,2.042E-4,3.517E-4,2.348E-4,
0.0,1081.0,126.5,121.7,93.95,1.081,4.704,0.5644,0.9714,0.6088,0.4481,0.0,344.9,0.1088,1.252,0.1494,0.1476,0.3272,0.1252,0.2109,1.884,9.869,0.0,344.9,0.1088,1.252,0.1494,0.1476,0.3272,0.1252,0.2109,1.884,9.869,0.0,0.0,0.0,0.0,0.0,0.0,0.0,0.0,0.0,0.0,0.0,0.0,0.0,174.4,142.8,28.99,1059.0,244.1,20.86,11.62,11.0,6.382,0.0,123.6,2.584,22.18,86.47,21.37,0.08425,0.712,0.1966,0.2349,0.2881,0.0,0.0,0.0,0.0,0.0,0.0,0.0,0.0,0.0,0.0,0.0,0.0,0.0,0.0,0.0,0.0,0.0,0.0,0.0,0.0,0.0,0.0,0.0,0.0,0.0,0.0,0.0,0.0,0.0,0.0,0.0,0.0,0.0,0.0,0.0,6.648E-4,0.0,187200.0,98760.0,107700.0,55820.0,3.196E7,41780.0,19780.0,31610.0,38710.0,30250.0,0.0,3.2419999999999996E-39,1.55E-39,1.199E-38,7.178E-39,7.466E-40,3.474E-40,3.6019999999999997E-41,2.763E-41,1.6369999999999998E-41,1.3969999999999998E-41,2.08E-35,0.0,0.2057,0.461,1.178,0.6454,0.08684,0.02839,0.005877,0.003268,0.004453,0.002152,0.0,0.0,8.878E-4,7.008E-4,9.127E-4,0.9947,4.043E-4,6.197E-4,7.369E-4,6.435E-4,4.145E-4,0.0,0.02495,0.001155,0.0016,9.416E-4,0.1489,0.001688,1.761E-4,2.033E-4,3.533E-4,2.401E-4,
0.0,1082.0,125.5,123.5,90.77,1.081,5.459,0.5646,0.9801,0.6202,0.4464,0.0,344.9,0.1094,1.258,0.1407,0.1477,0.324,0.1245,0.2068,2.268,9.494,0.0,344.9,0.1094,1.258,0.1407,0.1477,0.324,0.1245,0.2068,2.268,9.494,0.0,0.0,0.0,0.0,0.0,0.0,0.0,0.0,0.0,0.0,0.0,0.0,0.0,174.5,141.1,31.52,1057.0,244.1,20.86,11.61,10.98,6.366,0.0,123.6,2.804,22.74,87.04,20.99,0.08208,0.712,0.1973,0.2373,0.2877,0.0,0.0,0.0,0.0,0.0,0.0,0.0,0.0,0.0,0.0,0.0,0.0,0.0,0.0,0.0,0.0,0.0,0.0,0.0,0.0,0.0,0.0,0.0,0.0,0.0,0.0,0.0,0.0,0.0,0.0,0.0,0.0,0.0,0.0,0.0,1.007E-4,0.0,187300.0,100900.0,109700.0,61060.0,3.309E7,43130.0,20410.0,32800.0,40240.0,31350.0,0.0,3.272E-39,1.5939999999999998E-39,1.2E-38,6.957E-39,7.287E-40,3.818E-40,3.5319999999999995E-41,2.81E-41,1.6869999999999999E-41,1.3909999999999998E-41,2.08E-35,0.0,0.2105,0.4602,1.173,0.6383,0.08546,0.03688,0.005878,0.003337,0.004552,0.00214,0.0,0.0,8.878E-4,7.008E-4,9.127E-4,0.9947,4.043E-4,6.197E-4,7.369E-4,6.435E-4,4.145E-4,0.0,0.02496,0.001123,0.00156,9.943E-4,0.1489,0.001685,1.77E-4,2.044E-4,3.575E-4,2.382E-4,
0.0,1076.0,127.0,128.8,96.91,4.423,5.187,0.703,0.9611,0.6501,0.4454,0.0,344.9,0.1126,1.262,0.1267,0.1579,0.3543,0.09145,0.2185,1.895,9.855,0.0,344.9,0.1126,1.262,0.1267,0.1579,0.3543,0.09145,0.2185,1.895,9.855,0.0,0.0,0.0,0.0,0.0,0.0,0.0,0.0,0.0,0.0,0.0,0.0,0.0,152.4,141.1,31.18,1081.0,244.0,20.85,11.6,10.96,6.351,0.0,121.6,2.573,21.63,78.94,21.27,0.08155,0.7423,0.1944,0.2344,0.2875,0.0,0.0,0.0,0.0,0.0,0.0,0.0,0.0,0.0,0.0,0.0,0.0,0.0,0.0,0.0,0.0,0.0,0.0,0.0,0.0,0.0,0.0,0.0,0.0,0.0,0.0,0.0,0.0,0.0,0.0,0.0,0.0,0.0,0.0,0.0,5.219E-4,0.0,187200.0,101300.0,118800.0,61060.0,3.462E7,45160.0,21320.0,34460.0,42030.0,32830.0,0.0,2.948E-39,1.611E-39,1.166E-38,7.096999999999999E-39,8.555E-40,3.11E-40,3.5709999999999995E-41,2.787E-41,1.697E-41,1.3869999999999998E-41,2.08E-35,0.0,0.1921,0.4685,1.15,0.659,0.1028,0.02997,0.006914,0.003149,0.004784,0.002131,0.0,0.0,8.878E-4,7.008E-4,9.127E-4,0.9947,4.043E-4,6.197E-4,7.369E-4,6.435E-4,4.145E-4,0.0,0.02495,0.001121,0.001557,9.94E-4,0.149,0.001685,1.736E-4,2.076E-4,3.547E-4,2.376E-4,
0.0,1064.0,143.2,126.4,99.95,3.788,5.183,0.7445,0.9608,0.6524,0.4431,0.0,344.9,0.1207,1.251,0.1372,0.1488,0.3535,0.1048,0.2052,2.779,8.971,0.0,344.9,0.1207,1.251,0.1372,0.1488,0.3535,0.1048,0.2052,2.779,8.971,0.0,0.0,0.0,0.0,0.0,0.0,0.0,0.0,0.0,0.0,0.0,0.0,0.0,156.0,140.7,31.41,1076.0,244.0,20.85,11.6,10.96,6.349,0.0,117.4,5.599,26.5,69.76,21.84,0.0817,0.7192,0.1901,0.2343,0.2873,0.0,0.0,0.0,0.0,0.0,0.0,0.0,0.0,0.0,0.0,0.0,0.0,0.0,0.0,0.0,0.0,0.0,0.0,0.0,0.0,0.0,0.0,0.0,0.0,0.0,0.0,0.0,0.0,0.0,0.0,0.0,0.0,0.0,0.0,0.0,4.853E-4,0.0,186900.0,105000.0,125500.0,61390.0,3.64E7,46980.0,22410.0,36210.0,44280.0,34310.0,0.0,2.279E-39,1.8369999999999998E-39,1.156E-38,6.965E-39,7.517E-40,3.0569999999999998E-40,3.5489999999999997E-41,2.781E-41,1.6799999999999998E-41,1.383E-41,2.08E-35,0.0,0.1485,0.5212,1.152,0.6517,0.09526,0.02994,0.006636,0.003147,0.004792,0.002121,0.0,0.0,8.878E-4,7.008E-4,9.127E-4,0.9947,4.043E-4,6.197E-4,7.369E-4,6.435E-4,4.145E-4,0.0,0.02491,0.001171,0.001562,9.903E-4,0.1489,0.001669,1.767E-4,2.042E-4,3.609E-4,2.313E-4,
0.0,1064.0,126.6,142.6,105.4,3.665,5.185,0.7474,0.9597,0.6547,0.445,0.0,344.9,0.1125,1.258,0.1246,0.1479,0.3529,0.1048,0.2046,2.511,9.254,0.0,344.9,0.1125,1.258,0.1246,0.1479,0.3529,0.1048,0.2046,2.511,9.254,0.0,0.0,0.0,0.0,0.0,0.0,0.0,0.0,0.0,0.0,0.0,0.0,0.0,158.5,140.3,31.34,1080.0,244.0,20.85,11.6,10.96,6.349,0.0,117.4,2.372,21.98,71.24,22.3,0.0772,0.7164,0.1899,0.2342,0.2872,0.0,0.0,0.0,0.0,0.0,0.0,0.0,0.0,0.0,0.0,0.0,0.0,0.0,0.0,0.0,0.0,0.0,0.0,0.0,0.0,0.0,0.0,0.0,0.0,0.0,0.0,0.0,0.0,0.0,0.0,0.0,0.0,0.0,0.0,0.0,4.635E-4,0.0,186900.0,108700.0,138900.0,61430.0,3.828E7,48260.0,23500.0,37990.0,46330.0,35820.0,0.0,2.279E-39,1.5809999999999998E-39,1.161E-38,7.046E-39,7.441E-40,3.004E-40,3.548E-41,2.7769999999999995E-41,1.6679999999999998E-41,1.3839999999999998E-41,2.08E-35,0.0,0.1485,0.4612,1.206,0.657,0.09338,0.02993,0.006636,0.003136,0.004808,0.002127,0.0,0.0,8.878E-4,7.008E-4,9.127E-4,0.9947,4.043E-4,6.197E-4,7.369E-4,6.435E-4,4.145E-4,0.0,0.02491,0.001175,0.001574,9.877E-4,0.1487,0.001663,1.766E-4,2.034E-4,3.619E-4,2.31E-4,
0.0,1064.0,126.2,142.7,99.99,5.101,5.231,0.8543,0.9283,0.6847,0.4453,0.0,344.9,0.114,1.256,0.124,0.1491,0.3752,0.09358,0.1871,2.382,9.387,0.0,344.9,0.114,1.256,0.124,0.1491,0.3752,0.09358,0.1871,2.382,9.387,0.0,0.0,0.0,0.0,0.0,0.0,0.0,0.0,0.0,0.0,0.0,0.0,0.0,161.5,139.7,31.68,1066.0,244.0,20.84,11.57,10.91,6.304,0.0,117.4,2.248,20.27,76.92,22.34,0.08088,0.7115,0.1888,0.2329,0.2856,0.0,0.0,0.0,0.0,0.0,0.0,0.0,0.0,0.0,0.0,0.0,0.0,0.0,0.0,0.0,0.0,0.0,0.0,0.0,0.0,0.0,0.0,0.0,0.0,0.0,0.0,0.0,0.0,0.0,0.0,0.0,0.0,0.0,0.0,0.0,1.011E-4,0.0,187200.0,112400.0,141200.0,65420.0,4.007E7,47920.0,24570.0,39010.0,47010.0,36120.0,0.0,2.279E-39,1.595E-39,1.153E-38,6.895E-39,8.121E-40,2.995E-40,4.4739999999999995E-41,2.7499999999999996E-41,1.675E-41,1.3779999999999998E-41,2.08E-35,0.0,0.1486,0.4601,1.205,0.6486,0.1022,0.03018,0.007238,0.002861,0.005072,0.002126,0.0,0.0,8.878E-4,7.008E-4,9.127E-4,0.9947,4.043E-4,6.197E-4,7.369E-4,6.435E-4,4.145E-4,0.0,0.02494,0.001178,0.001568,9.893E-4,0.1488,0.001642,1.783E-4,2.02E-4,3.632E-4,2.304E-4,
0.0,1065.0,127.5,142.5,92.67,3.884,4.994,0.8322,0.9324,0.7039,0.6762,0.0,344.9,0.1293,1.207,0.1398,0.1532,0.3591,0.09996,0.1895,2.454,9.335,0.0,344.9,0.1293,1.207,0.1398,0.1532,0.3591,0.09996,0.1895,2.454,9.335,0.0,0.0,0.0,0.0,0.0,0.0,0.0,0.0,0.0,0.0,0.0,0.0,0.0,162.6,139.7,31.89,1068.0,244.2,19.53,11.76,11.86,6.35,0.0,122.4,2.268,20.19,76.87,23.27,0.07156,0.7104,0.1885,0.2328,0.2855,0.0,0.0,0.0,0.0,0.0,0.0,0.0,0.0,0.0,0.0,0.0,0.0,0.0,0.0,0.0,0.0,0.0,0.0,0.0,0.0,0.0,0.0,0.0,0.0,0.0,0.0,0.0,0.0,0.0,0.0,0.0,0.0,0.0,0.0,0.0,0.001024,0.0,187400.0,111500.0,137700.0,63630.0,3.799E7,45470.0,23260.0,36900.0,44610.0,34250.0,0.0,2.3359999999999998E-39,1.8149999999999998E-39,1.116E-38,6.74E-39,8.606E-40,2.745E-40,4.4289999999999996E-41,2.749E-41,1.6579999999999998E-41,9.388999999999998E-41,2.08E-35,0.0,0.1606,0.4755,1.18,0.6387,0.1023,0.0288,0.006984,0.0029,0.00526,0.009131,0.0,0.0,8.878E-4,7.008E-4,9.127E-4,0.9947,4.043E-4,6.197E-4,7.369E-4,6.435E-4,4.145E-4,0.0,0.02494,0.001176,0.001558,9.921E-4,0.1488,0.001636,1.776E-4,2.028E-4,3.682E-4,2.343E-4,
0.0,1066.0,125.3,141.5,95.3,3.651,5.178,0.8106,0.9028,0.6371,0.629,0.0,344.9,0.111,1.238,0.1319,0.1485,0.512,0.1031,0.1932,2.525,9.102,0.0,344.9,0.111,1.238,0.1319,0.1485,0.512,0.1031,0.1932,2.525,9.102,0.0,0.0,0.0,0.0,0.0,0.0,0.0,0.0,0.0,0.0,0.0,0.0,0.0,164.7,139.6,29.04,1067.0,247.4,19.68,11.77,11.64,6.333,0.0,122.4,2.136,19.36,76.63,23.89,0.07074,0.7049,0.1869,0.2327,0.2853,0.0,0.0,0.0,0.0,0.0,0.0,0.0,0.0,0.0,0.0,0.0,0.0,0.0,0.0,0.0,0.0,0.0,0.0,0.0,0.0,0.0,0.0,0.0,0.0,0.0,0.0,0.0,0.0,0.0,0.0,0.0,0.0,0.0,0.0,0.0,1.0E-4,0.0,187500.0,110300.0,137600.0,61560.0,3.611E7,43940.0,22010.0,35340.0,43600.0,33230.0,0.0,2.352E-39,1.584E-39,1.127E-38,6.716999999999999E-39,8.393E-40,2.724E-40,4.3349999999999994E-41,2.7049999999999997E-41,1.57E-41,8.828999999999999E-41,2.08E-35,0.0,0.1719,0.4569,1.192,0.6331,0.1011,0.03006,0.006839,0.002692,0.004742,0.008827,0.0,0.0,8.878E-4,7.008E-4,9.127E-4,0.9947,4.043E-4,6.197E-4,7.369E-4,6.435E-4,4.145E-4,0.0,0.02497,0.00117,0.001553,9.613E-4,0.1488,0.001574,1.751E-4,2.008E-4,4.431E-4,2.363E-4,
0.0,1063.0,128.1,141.9,98.82,3.647,5.365,0.8121,0.9031,0.6412,0.6255,0.0,344.9,0.1109,1.233,0.1244,0.1485,0.3628,0.1043,0.1901,1.206,10.58,0.0,344.9,0.1109,1.233,0.1244,0.1485,0.3628,0.1043,0.1901,1.206,10.58,0.0,0.0,0.0,0.0,0.0,0.0,0.0,0.0,0.0,0.0,0.0,0.0,0.0,165.2,141.4,29.18,1063.0,247.1,19.85,11.81,11.69,6.334,0.0,121.4,2.129,19.1,72.28,23.9,0.0704,0.7047,0.1865,0.2326,0.2852,0.0,0.0,0.0,0.0,0.0,0.0,0.0,0.0,0.0,0.0,0.0,0.0,0.0,0.0,0.0,0.0,0.0,0.0,0.0,0.0,0.0,0.0,0.0,0.0,0.0,0.0,0.0,0.0,0.0,0.0,0.0,0.0,0.0,0.0,0.0,7.811E-4,0.0,187500.0,110800.0,140300.0,61700.0,3.58E7,44120.0,21790.0,35200.0,43670.0,33320.0,0.0,2.227E-39,1.586E-39,1.11E-38,6.655E-39,8.394E-40,2.796E-40,4.1419999999999995E-41,2.7019999999999997E-41,1.558E-41,8.334999999999999E-41,2.08E-35,0.0,0.1629,0.4631,1.184,0.6354,0.1011,0.03104,0.006832,0.002698,0.004779,0.008795,0.0,0.0,8.878E-4,7.008E-4,9.127E-4,0.9947,4.043E-4,6.197E-4,7.369E-4,6.435E-4,4.145E-4,0.0,0.02496,0.001168,0.001557,9.684E-4,0.1488,0.001574,1.762E-4,2.003E-4,4.449E-4,2.343E-4,
0.0,1057.0,125.4,153.6,103.1,3.641,5.34,0.8049,0.9033,0.6514,0.6237,0.0,344.9,0.1101,1.216,0.1411,0.1502,0.3595,0.104,0.1902,1.114,10.67,0.0,344.9,0.1101,1.216,0.1411,0.1502,0.3595,0.104,0.1902,1.114,10.67,0.0,0.0,0.0,0.0,0.0,0.0,0.0,0.0,0.0,0.0,0.0,0.0,0.0,165.5,141.1,29.23,1050.0,247.1,19.84,11.77,11.64,6.286,0.0,119.2,2.164,17.65,69.81,23.39,0.0704,0.7044,0.1863,0.2325,0.285,0.0,0.0,0.0,0.0,0.0,0.0,0.0,0.0,0.0,0.0,0.0,0.0,0.0,0.0,0.0,0.0,0.0,0.0,0.0,0.0,0.0,0.0,0.0,0.0,0.0,0.0,0.0,0.0,0.0,0.0,0.0,0.0,0.0,0.0,0.0,6.444E-4,0.0,187400.0,113600.0,147500.0,65250.0,3.645E7,45030.0,22130.0,35930.0,44720.0,34100.0,0.0,1.953E-39,1.615E-39,1.093E-38,6.724E-39,8.464E-40,2.745E-40,4.0939999999999996E-41,2.6999999999999995E-41,1.5529999999999997E-41,7.855999999999999E-41,2.08E-35,0.0,0.1428,0.4482,1.203,0.6513,0.1015,0.03089,0.006789,0.002698,0.004855,0.008789,0.0,0.0,8.878E-4,7.008E-4,9.127E-4,0.9947,4.043E-4,6.197E-4,7.369E-4,6.435E-4,4.145E-4,0.0,0.02494,0.001192,0.001554,9.705E-4,0.1488,0.001566,1.757E-4,2.003E-4,4.512E-4,2.324E-4,
0.0,1058.0,124.2,152.3,108.0,1.102,5.534,0.7063,0.9109,0.6378,0.5474,0.0,344.9,0.1269,1.209,0.1478,0.1584,0.3319,0.09774,0.2204,0.9539,10.81,0.0,344.9,0.1269,1.209,0.1478,0.1584,0.3319,0.09774,0.2204,0.9539,10.81,0.0,0.0,0.0,0.0,0.0,0.0,0.0,0.0,0.0,0.0,0.0,0.0,0.0,167.4,141.3,29.5,1051.0,247.6,19.79,11.65,11.58,6.296,0.0,119.2,2.713,16.06,64.96,27.56,0.07198,0.7221,0.1855,0.2316,0.2839,0.0,0.0,0.0,0.0,0.0,0.0,0.0,0.0,0.0,0.0,0.0,0.0,0.0,0.0,0.0,0.0,0.0,0.0,0.0,0.0,0.0,0.0,0.0,0.0,0.0,0.0,0.0,0.0,0.0,0.0,0.0,0.0,0.0,0.0,0.0,1.024E-4,0.0,187800.0,117700.0,159300.0,66310.0,3.731E7,44640.0,22680.0,36110.0,44430.0,33660.0,0.0,2.002E-39,1.5939999999999998E-39,1.057E-38,6.764E-39,9.903E-40,2.604E-40,3.646E-41,2.422E-41,1.447E-41,5.585E-41,2.08E-35,0.0,0.1555,0.4508,1.18,0.6451,0.1132,0.03238,0.006482,0.002793,0.004836,0.00659,0.0,0.0,8.878E-4,7.008E-4,9.127E-4,0.9947,4.043E-4,6.197E-4,7.369E-4,6.435E-4,4.145E-4,0.0,0.02497,0.001174,0.001542,9.826E-4,0.1487,0.00154,1.744E-4,2.018E-4,4.498E-4,2.376E-4,
0.0,1049.0,136.7,152.0,111.7,0.06587,7.122,0.7343,0.9276,0.6703,0.4374,0.0,344.9,0.1238,1.21,0.1297,0.1585,0.3222,0.09784,0.2195,0.9622,10.83,0.0,344.9,0.1238,1.21,0.1297,0.1585,0.3222,0.09784,0.2195,0.9622,10.83,0.0,0.0,0.0,0.0,0.0,0.0,0.0,0.0,0.0,0.0,0.0,0.0,0.0,170.2,140.3,26.57,1049.0,246.9,19.83,11.75,11.62,6.282,0.0,118.0,3.24,14.71,58.16,28.7,0.09953,0.7022,0.1841,0.2297,0.2817,0.0,0.0,0.0,0.0,0.0,0.0,0.0,0.0,0.0,0.0,0.0,0.0,0.0,0.0,0.0,0.0,0.0,0.0,0.0,0.0,0.0,0.0,0.0,0.0,0.0,0.0,0.0,0.0,0.0,0.0,0.0,0.0,0.0,0.0,0.0,5.635E-4,0.0,188000.0,125600.0,161400.0,66490.0,3.857E7,44370.0,23480.0,36660.0,44630.0,33680.0,0.0,1.764E-39,1.628E-39,1.046E-38,6.609999999999999E-39,9.982E-40,2.807E-40,3.658E-41,2.517E-41,1.4729999999999998E-41,2.6189999999999997E-41,2.08E-35,0.0,0.1451,0.478,1.178,0.6294,0.114,0.03459,0.006502,0.002834,0.005011,0.003306,0.0,0.0,8.878E-4,7.008E-4,9.127E-4,0.9947,4.043E-4,6.197E-4,7.369E-4,6.435E-4,4.145E-4,0.0,0.02496,0.001207,0.001539,9.674E-4,0.1487,0.001523,1.754E-4,2.029E-4,4.581E-4,2.369E-4,
0.0,1050.0,134.5,153.7,117.0,0.04643,7.299,0.7469,0.6014,0.6145,0.3654,0.0,344.9,0.1075,1.195,0.1405,0.1773,0.3213,0.09596,0.1866,0.843,10.98,0.0,344.9,0.1075,1.195,0.1405,0.1773,0.3213,0.09596,0.1866,0.843,10.98,0.0,0.0,0.0,0.0,0.0,0.0,0.0,0.0,0.0,0.0,0.0,0.0,0.0,172.0,141.4,26.76,1048.0,246.9,19.83,11.76,11.62,6.283,0.0,118.0,3.338,13.34,53.49,28.99,0.08056,0.6898,0.1818,0.227,0.2782,0.0,0.0,0.0,0.0,0.0,0.0,0.0,0.0,0.0,0.0,0.0,0.0,0.0,0.0,0.0,0.0,0.0,0.0,0.0,0.0,0.0,0.0,0.0,0.0,0.0,0.0,0.0,0.0,0.0,0.0,0.0,0.0,0.0,0.0,0.0,5.122E-4,0.0,188200.0,130200.0,170500.0,67580.0,4.021E7,44850.0,24480.0,37790.0,45680.0,34330.0,0.0,1.875E-39,1.517E-39,1.024E-38,6.537E-39,1.178E-39,2.952E-40,3.6449999999999995E-41,1.876E-41,1.3409999999999998E-41,2.4509999999999996E-41,2.08E-35,0.0,0.1579,0.4695,1.173,0.6216,0.1214,0.0361,0.006503,0.002363,0.004931,0.003194,0.0,0.0,8.878E-4,7.008E-4,9.127E-4,0.9947,4.043E-4,6.197E-4,7.369E-4,6.435E-4,4.145E-4,0.0,0.02499,0.001196,0.001539,9.726E-4,0.1487,0.001499,1.763E-4,1.97E-4,4.584E-4,2.393E-4,
0.0,1040.0,147.1,151.4,120.1,3.673,7.418,0.4588,0.6088,0.6053,0.3698,0.0,344.9,0.08644,1.218,0.1558,0.1609,0.3201,0.09735,0.189,1.243,10.58,0.0,344.9,0.08644,1.218,0.1558,0.1609,0.3201,0.09735,0.189,1.243,10.58,0.0,0.0,0.0,0.0,0.0,0.0,0.0,0.0,0.0,0.0,0.0,0.0,0.0,158.1,139.5,26.81,1061.0,246.3,19.79,11.41,11.04,5.757,0.0,114.4,3.446,12.36,50.94,29.14,0.07939,0.6771,0.1778,0.2225,0.273,0.0,0.0,0.0,0.0,0.0,0.0,0.0,0.0,0.0,0.0,0.0,0.0,0.0,0.0,0.0,0.0,0.0,0.0,0.0,0.0,0.0,0.0,0.0,0.0,0.0,0.0,0.0,0.0,0.0,0.0,0.0,0.0,0.0,0.0,0.0,4.634E-4,0.0,188000.0,135200.0,158400.0,68450.0,4.205E7,39020.0,25080.0,35750.0,41250.0,30080.0,0.0,1.5219999999999998E-39,1.284E-39,1.052E-38,6.518E-39,1.0239999999999999E-39,2.949E-40,2.4829999999999997E-41,1.86E-41,1.294E-41,2.405E-41,2.08E-35,0.0,0.1308,0.4882,1.186,0.6269,0.1123,0.03667,0.004955,0.002381,0.004793,0.003172,0.0,0.0,8.878E-4,7.008E-4,9.127E-4,0.9947,4.043E-4,6.197E-4,7.369E-4,6.435E-4,4.145E-4,0.0,0.02496,0.001204,0.001482,9.78E-4,0.1489,0.001466,1.751E-4,1.837E-4,4.357E-4,2.195E-4,
0.0,1042.0,145.2,148.9,108.6,3.669,7.943,0.5109,0.6113,0.6104,0.3718,0.0,344.9,0.08495,1.196,0.1432,0.197,0.2929,0.07698,0.18,1.132,10.74,0.0,344.9,0.08495,1.196,0.1432,0.197,0.2929,0.07698,0.18,1.132,10.74,0.0,0.0,0.0,0.0,0.0,0.0,0.0,0.0,0.0,0.0,0.0,0.0,0.0,156.6,147.6,25.96,1054.0,246.4,19.76,11.46,11.17,5.882,0.0,114.4,2.576,15.88,66.54,22.85,0.09229,0.6693,0.1768,0.2211,0.2706,0.0,0.0,0.0,0.0,0.0,0.0,0.0,0.0,0.0,0.0,0.0,0.0,0.0,0.0,0.0,0.0,0.0,0.0,0.0,0.0,0.0,0.0,0.0,0.0,0.0,0.0,0.0,0.0,0.0,0.0,0.0,0.0,0.0,0.0,0.0,1.008E-4,0.0,188200.0,105700.0,863900.0,47400.0,3.956E7,35710.0,18680.0,28590.0,35490.0,26570.0,0.0,1.64E-39,1.2469999999999999E-39,1.0049999999999999E-38,6.387E-39,1.412E-39,3.295E-40,2.74E-41,1.8889999999999998E-41,1.315E-41,2.3939999999999997E-41,2.08E-35,0.0,0.1489,0.479,1.144,0.6149,0.1522,0.03942,0.00523,0.002421,0.004841,0.003185,0.0,0.0,4.583E-5,0.02088,3.222E-4,0.9767,3.011E-4,4.616E-4,5.489E-4,4.794E-4,3.088E-4,0.0,0.02497,0.001108,0.004171,8.888E-4,0.1463,0.001455,1.568E-4,1.635E-4,4.256E-4,2.107E-4,
0.0,1042.0,137.7,157.8,113.2,4.158,6.258,0.4639,0.5463,0.5939,0.3819,0.0,344.9,0.08389,1.265,0.141,0.134,0.2427,0.09703,0.1692,1.977,9.932,0.0,344.9,0.08389,1.265,0.141,0.134,0.2427,0.09703,0.1692,1.977,9.932,0.0,0.0,0.0,0.0,0.0,0.0,0.0,0.0,0.0,0.0,0.0,0.0,0.0,155.8,133.5,24.47,1056.0,275.2,16.14,5.391,9.246,2.506,0.0,114.4,2.602,14.51,61.17,23.7,0.5795,0.6623,0.1755,0.22,0.2687,0.0,0.0,0.0,0.0,0.0,0.0,0.0,0.0,0.0,0.0,0.0,0.0,0.0,0.0,0.0,0.0,0.0,0.0,0.0,0.0,0.0,0.0,0.0,0.0,0.0,0.0,0.0,0.0,0.0,0.0,0.0,0.0,0.0,0.0,0.0,1.008E-4,0.0,188300.0,104100.0,183700.0,48320.0,3.732E7,40610.0,18420.0,29690.0,37940.0,28860.0,0.0,1.641E-39,1.2289999999999999E-39,1.055E-38,6.479E-39,8.523E-40,2.026E-40,2.2909999999999999E-41,1.328E-41,9.859E-42,2.273E-41,2.08E-35,0.0,0.1489,0.4566,1.238,0.6144,0.08372,0.03286,0.004874,0.002017,0.004765,0.003176,0.0,0.0,4.847E-5,0.001038,3.407E-4,0.9964,3.185E-4,4.882E-4,5.805E-4,5.069E-4,3.265E-4,0.0,0.02499,0.001103,0.001645,8.992E-4,0.1487,0.001499,1.569E-4,1.664E-4,4.401E-4,2.313E-4,
0.0,1043.0,132.3,160.0,118.0,8.725,5.838,0.4683,0.563,0.632,0.399,0.0,344.9,0.1032,1.206,0.1397,0.1697,0.239,0.09318,0.1587,1.717,10.21,0.0,344.9,0.1032,1.206,0.1397,0.1697,0.239,0.09318,0.1587,1.717,10.21,0.0,0.0,0.0,0.0,0.0,0.0,0.0,0.0,0.0,0.0,0.0,0.0,0.0,160.0,122.2,25.62,1079.0,261.5,12.4,6.752,13.14,2.142,0.0,114.4,2.084,14.2,56.03,23.1,0.02421,0.6579,0.1796,0.2272,0.2746,0.0,0.0,0.0,0.0,0.0,0.0,0.0,0.0,0.0,0.0,0.0,0.0,0.0,0.0,0.0,0.0,0.0,0.0,0.0,0.0,0.0,0.0,0.0,0.0,0.0,0.0,0.0,0.0,0.0,0.0,0.0,0.0,0.0,0.0,0.0,1.0E-4,0.0,188300.0,167200.0,460000.0,73890.0,3.503E7,24250.0,17310.0,24420.0,29580.0,21270.0,0.0,1.6569999999999998E-39,1.243E-39,9.729E-39,6.602E-39,1.457E-39,1.383E-40,2.2869999999999998E-41,1.5169999999999998E-41,1.3129999999999998E-41,2.518E-41,2.08E-35,0.0,0.1512,0.4437,1.173,0.6304,0.1445,0.02597,0.004884,0.0022,0.005155,0.003391,0.0,0.0,5.023E-5,0.001076,3.531E-4,0.9962,3.3E-4,5.059E-4,6.016E-4,5.253E-4,3.384E-4,0.0,0.025,0.001376,0.002799,0.001023,0.1472,0.001423,1.509E-4,1.483E-4,4.156E-4,1.956E-4,
0.0,1043.0,128.0,161.7,132.5,0.0101,7.292,0.4666,0.5492,0.61,0.3768,0.0,344.9,0.1028,1.226,0.1474,0.1383,0.2422,0.09308,0.1586,1.893,10.03,0.0,344.9,0.1028,1.226,0.1474,0.1383,0.2422,0.09308,0.1586,1.893,10.03,0.0,0.0,0.0,0.0,0.0,0.0,0.0,0.0,0.0,0.0,0.0,0.0,0.0,161.9,100.2,26.08,1107.0,260.8,12.44,6.919,13.49,2.226,0.0,129.3,1.876,10.45,30.5,32.41,0.06319,0.6568,0.1946,0.2527,0.297,0.0,0.0,0.0,0.0,0.0,0.0,0.0,0.0,0.0,0.0,0.0,0.0,0.0,0.0,0.0,0.0,0.0,0.0,0.0,0.0,0.0,0.0,0.0,0.0,0.0,0.0,0.0,0.0,0.0,0.0,0.0,0.0,0.0,0.0,0.0,6.793E-4,0.0,191300.0,158500.0,333300.0,70680.0,3.338E7,23560.0,17790.0,24980.0,30260.0,21380.0,0.0,1.73E-39,1.2399999999999999E-39,9.912E-39,6.641E-39,1.0379999999999999E-39,1.703E-40,2.2909999999999999E-41,1.444E-41,1.1839999999999998E-41,2.3879999999999997E-41,2.08E-35,0.0,0.1598,0.4323,1.207,0.636,0.1023,0.02988,0.004861,0.002129,0.005043,0.003278,0.0,0.0,5.489E-5,0.001176,3.859E-4,0.9959,3.606E-4,5.528E-4,6.574E-4,5.741E-4,3.698E-4,0.0,0.02502,0.001356,0.00235,0.00103,0.1474,0.001408,1.572E-4,1.56E-4,4.247E-4,1.989E-4,
0.0,1045.0,127.3,165.4,138.0,0.01859,5.704,0.5544,0.5714,0.6452,0.404,0.0,344.9,0.07356,1.3,0.1386,0.09918,0.2382,0.09292,0.1585,2.194,9.734,0.0,344.9,0.07356,1.3,0.1386,0.09918,0.2382,0.09292,0.1585,2.194,9.734,0.0,0.0,0.0,0.0,0.0,0.0,0.0,0.0,0.0,0.0,0.0,0.0,0.0,148.8,75.83,21.63,1150.0,260.9,12.46,7.03,13.66,2.376,0.0,129.3,1.559,8.01,34.98,21.1,0.02389,0.5655,0.1534,0.1931,0.2338,0.0,0.0,0.0,0.0,0.0,0.0,0.0,0.0,0.0,0.0,0.0,0.0,0.0,0.0,0.0,0.0,0.0,0.0,0.0,0.0,0.0,0.0,0.0,0.0,0.0,0.0,0.0,0.0,0.0,0.0,0.0,0.0,0.0,0.0,0.0,1.0E-4,0.0,191500.0,106400.0,185100.0,51430.0,3.245E7,23200.0,18250.0,25710.0,31140.0,21910.0,0.0,1.817E-39,1.082E-39,1.0409999999999999E-38,6.672E-39,4.4319999999999996E-40,1.303E-40,2.2649999999999998E-41,1.336E-41,1.0089999999999999E-41,2.1969999999999997E-41,2.08E-35,0.0,0.1715,0.4196,1.264,0.6404,0.04162,0.02514,0.004842,0.002024,0.004876,0.003109,0.0,0.0,5.846E-5,0.001252,4.11E-4,0.9956,3.841E-4,5.888E-4,7.001E-4,6.114E-4,3.938E-4,0.0,0.02503,0.001154,0.001754,9.496E-4,0.1482,0.001404,1.595E-4,1.63E-4,4.385E-4,1.977E-4,
0.0,1045.0,125.2,162.1,145.2,1.282,5.722,0.7049,0.611,0.6977,0.4642,0.0,344.9,0.06875,1.284,0.1329,0.1254,0.2294,0.09302,0.1555,2.242,9.698,0.0,344.9,0.06875,1.284,0.1329,0.1254,0.2294,0.09302,0.1555,2.242,9.698,0.0,0.0,0.0,0.0,0.0,0.0,0.0,0.0,0.0,0.0,0.0,0.0,0.0,151.0,96.53,21.66,1145.0,260.9,12.47,7.013,13.62,2.338,0.0,130.8,1.527,7.854,29.7,20.99,0.02349,0.4155,0.1158,0.1461,0.1751,0.0,0.0,0.0,0.0,0.0,0.0,0.0,0.0,0.0,0.0,0.0,0.0,0.0,0.0,0.0,0.0,0.0,0.0,0.0,0.0,0.0,0.0,0.0,0.0,0.0,0.0,0.0,0.0,0.0,0.0,0.0,0.0,0.0,0.0,0.0,9.024E-4,0.0,192600.0,102800.0,262100.0,47930.0,3.023E7,22370.0,17550.0,24680.0,30110.0,21050.0,0.0,1.89E-39,1.028E-39,9.979E-39,6.637E-39,8.01E-40,1.298E-40,2.2659999999999998E-41,1.3929999999999998E-41,1.1029999999999999E-41,2.2659999999999998E-41,2.08E-35,0.0,0.1788,0.4103,1.21,0.657,0.07782,0.0252,0.004851,0.002085,0.004967,0.003217,0.0,0.0,6.069E-5,0.0013,4.266E-4,0.9954,3.987E-4,6.112E-4,7.268E-4,6.347E-4,4.088E-4,0.0,0.02503,0.001144,0.002123,9.577E-4,0.1477,0.001404,1.623E-4,1.652E-4,4.411E-4,1.989E-4,
0.0,1045.0,123.7,161.3,131.8,0.01781,4.97,0.4896,0.5586,0.6256,0.3716,0.0,344.9,0.06863,1.283,0.1624,0.09824,0.2258,0.09371,0.1546,3.095,8.845,0.0,344.9,0.06863,1.283,0.1624,0.09824,0.2258,0.09371,0.1546,3.095,8.845,0.0,0.0,0.0,0.0,0.0,0.0,0.0,0.0,0.0,0.0,0.0,0.0,0.0,155.0,76.55,22.25,1156.0,260.9,12.39,7.17,13.88,2.527,0.0,130.8,1.771,9.025,42.8,22.17,0.02413,0.94,0.2497,0.3146,0.384,0.0,0.0,0.0,0.0,0.0,0.0,0.0,0.0,0.0,0.0,0.0,0.0,0.0,0.0,0.0,0.0,0.0,0.0,0.0,0.0,0.0,0.0,0.0,0.0,0.0,0.0,0.0,0.0,0.0,0.0,0.0,0.0,0.0,0.0,0.0,8.895E-4,0.0,192600.0,99880.0,159400.0,47710.0,2.912E7,21920.0,16950.0,24370.0,30290.0,21220.0,0.0,1.917E-39,1.025E-39,1.022E-38,6.645E-39,4.292E-40,1.281E-40,2.7889999999999995E-41,1.4669999999999998E-41,1.162E-41,2.3499999999999997E-41,2.08E-35,0.0,0.1827,0.4062,1.237,0.6675,0.04023,0.02203,0.005458,0.002191,0.004993,0.003385,0.0,0.0,6.069E-5,0.0013,4.266E-4,0.9954,3.987E-4,6.112E-4,7.268E-4,6.347E-4,4.088E-4,0.0,0.02504,0.001139,0.001716,9.746E-4,0.1481,0.001404,1.621E-4,1.689E-4,4.516E-4,1.956E-4,
0.0,1049.0,122.0,168.3,123.8,0.004167,6.25,0.431,0.5667,0.6412,0.3786,0.0,344.9,0.06989,1.308,0.1305,0.09374,0.2286,0.09326,0.1541,3.123,8.821,0.0,344.9,0.06989,1.308,0.1305,0.09374,0.2286,0.09326,0.1541,3.123,8.821,0.0,0.0,0.0,0.0,0.0,0.0,0.0,0.0,0.0,0.0,0.0,0.0,0.0,159.8,74.92,23.03,1153.0,261.0,12.41,7.276,14.06,2.683,0.0,130.8,1.764,7.026,42.29,22.5,0.02423,0.441,0.1257,0.16,0.1903,0.0,0.0,0.0,0.0,0.0,0.0,0.0,0.0,0.0,0.0,0.0,0.0,0.0,0.0,0.0,0.0,0.0,0.0,0.0,0.0,0.0,0.0,0.0,0.0,0.0,0.0,0.0,0.0,0.0,0.0,0.0,0.0,0.0,0.0,0.0,7.772E-4,0.0,192800.0,99670.0,150100.0,47440.0,2.873E7,21930.0,16880.0,24590.0,30850.0,21630.0,0.0,1.943E-39,1.088E-39,9.932E-39,6.64E-39,4.265E-40,2.022E-40,1.8619999999999998E-41,1.364E-41,1.027E-41,2.1689999999999997E-41,2.08E-35,0.0,0.1951,0.4057,1.227,0.6532,0.0395,0.02911,0.004552,0.002091,0.00491,0.003183,0.0,0.0,6.105E-5,0.001307,4.292E-4,0.9954,4.011E-4,6.149E-4,7.311E-4,6.385E-4,4.113E-4,0.0,0.02504,0.001141,0.00168,9.806E-4,0.1481,0.001408,1.651E-4,1.713E-4,4.579E-4,1.969E-4,
0.0,1050.0,97.85,190.4,128.6,0.003808,5.067,0.58,0.5959,0.679,0.4218,0.0,344.9,0.08835,1.286,0.1334,0.09358,0.2269,0.09364,0.1542,3.202,8.742,0.0,344.9,0.08835,1.286,0.1334,0.09358,0.2269,0.09364,0.1542,3.202,8.742,0.0,0.0,0.0,0.0,0.0,0.0,0.0,0.0,0.0,0.0,0.0,0.0,0.0,162.8,74.18,23.51,1138.0,261.1,12.44,7.54,14.51,3.09,0.0,130.8,2.282,6.761,39.25,22.47,0.02497,0.3257,0.09887,0.1274,0.1483,0.0,0.0,0.0,0.0,0.0,0.0,0.0,0.0,0.0,0.0,0.0,0.0,0.0,0.0,0.0,0.0,0.0,0.0,0.0,0.0,0.0,0.0,0.0,0.0,0.0,0.0,0.0,0.0,0.0,0.0,0.0,0.0,0.0,0.0,0.0,8.716E-4,0.0,192900.0,99580.0,144200.0,48610.0,2.762E7,21890.0,16370.0,24880.0,32000.0,22770.0,0.0,1.988E-39,1.1459999999999999E-39,9.781E-39,6.671E-39,4.233E-40,1.313E-40,2.0499999999999998E-41,1.362E-41,1.018E-41,2.147E-41,2.08E-35,0.0,0.2021,0.3392,1.28,0.6646,0.03926,0.02258,0.004736,0.002093,0.004913,0.003182,0.0,0.0,6.105E-5,0.001307,4.292E-4,0.9954,4.011E-4,6.149E-4,7.311E-4,6.385E-4,4.113E-4,0.0,0.02507,0.001142,0.001673,9.909E-4,0.148,0.001393,1.67E-4,1.771E-4,4.679E-4,2.035E-4,
0.0,1049.0,101.3,190.1,137.3,0.01978,3.275,0.6791,0.6197,0.7111,0.4586,0.0,344.9,0.07241,1.3,0.1349,0.09362,0.226,0.0926,0.1308,2.17,9.798,0.0,344.9,0.07241,1.3,0.1349,0.09362,0.226,0.0926,0.1308,2.17,9.798,0.0,0.0,0.0,0.0,0.0,0.0,0.0,0.0,0.0,0.0,0.0,0.0,0.0,163.9,74.19,23.76,1127.0,261.1,12.46,7.7,14.78,3.337,0.0,129.8,2.24,6.95,30.74,22.44,0.02098,0.2276,0.0755,0.09871,0.1117,0.0,0.0,0.0,0.0,0.0,0.0,0.0,0.0,0.0,0.0,0.0,0.0,0.0,0.0,0.0,0.0,0.0,0.0,0.0,0.0,0.0,0.0,0.0,0.0,0.0,0.0,0.0,0.0,0.0,0.0,0.0,0.0,0.0,0.0,0.0,1.001E-4,0.0,194500.0,98490.0,141800.0,49550.0,2.77E7,20850.0,16500.0,25550.0,33090.0,23720.0,0.0,1.975E-39,1.061E-39,9.792E-39,6.589E-39,4.233E-40,1.073E-40,2.0469999999999998E-41,1.359E-41,1.0079999999999999E-41,2.1229999999999997E-41,2.08E-35,0.0,0.2087,0.3417,1.286,0.653,0.0393,0.01873,0.004735,0.002093,0.004917,0.003183,0.0,0.0,6.105E-5,0.001307,4.292E-4,0.9954,4.011E-4,6.149E-4,7.311E-4,6.385E-4,4.113E-4,0.0,0.02509,0.001141,0.001673,9.867E-4,0.148,0.001377,1.678E-4,1.797E-4,4.746E-4,2.075E-4,
0.0,1049.0,103.3,174.7,119.0,0.01851,2.972,0.7404,0.6357,0.7344,0.4779,0.0,344.9,0.07202,1.284,0.1361,0.1421,0.2256,0.09295,0.1218,2.071,9.869,0.0,344.9,0.07202,1.284,0.1361,0.1421,0.2256,0.09295,0.1218,2.071,9.869,0.0,0.0,0.0,0.0,0.0,0.0,0.0,0.0,0.0,0.0,0.0,0.0,0.0,166.3,75.68,27.46,1115.0,262.0,12.57,7.653,18.53,3.555,0.0,129.8,3.671,16.21,44.71,28.65,0.05593,0.1695,0.0636,0.2085,0.09842,0.0,0.0,0.0,0.0,0.0,0.0,0.0,0.0,0.0,0.0,0.0,0.0,0.0,0.0,0.0,0.0,0.0,0.0,0.0,0.0,0.0,0.0,0.0,0.0,0.0,0.0,0.0,0.0,0.0,0.0,0.0,0.0,0.0,0.0,0.0,4.766E-4,0.0,194600.0,121600.0,150900.0,245000.0,2.709E7,69490.0,13230.0,21670.0,232200.0,35340.0,0.0,1.9759999999999997E-39,1.068E-39,9.64E-39,6.214999999999999E-39,8.476E-40,9.066999999999999E-41,2.0619999999999998E-41,1.3809999999999998E-41,1.466E-41,2.1419999999999998E-41,2.08E-35,0.0,0.2087,0.3461,1.268,0.643,0.05881,0.01769,0.004759,0.002111,0.005189,0.003194,0.0,0.0,0.00109,3.355E-4,0.008282,0.9773,0.00228,4.768E-4,5.67E-4,0.008803,8.877E-4,0.0,0.0251,0.001278,0.001605,0.002032,0.1453,0.001627,1.498E-4,1.591E-4,0.00158,2.709E-4,
0.0,1045.0,110.9,174.1,111.8,0.01813,3.057,0.4928,0.5993,1.835,0.9106,0.0,344.9,0.06927,1.244,0.1557,0.1424,0.2004,0.09129,0.1345,3.373,8.604,0.0,344.9,0.06927,1.244,0.1557,0.1424,0.2004,0.09129,0.1345,3.373,8.604,0.0,0.0,0.0,0.0,0.0,0.0,0.0,0.0,0.0,0.0,0.0,0.0,0.0,170.7,73.26,25.74,1120.0,261.4,12.58,7.662,14.28,3.57,0.0,127.5,2.375,14.88,63.49,16.42,0.05332,0.04431,0.03362,0.408,0.2037,0.0,0.0,0.0,0.0,0.0,0.0,0.0,0.0,0.0,0.0,0.0,0.0,0.0,0.0,0.0,0.0,0.0,0.0,0.0,0.0,0.0,0.0,0.0,0.0,0.0,0.0,0.0,0.0,0.0,0.0,0.0,0.0,0.0,0.0,0.0,5.593E-4,0.0,194600.0,120500.0,143300.0,67590.0,2.678E7,37270.0,13420.0,22290.0,31500.0,38820.0,0.0,1.757E-39,1.0329999999999999E-39,9.502E-39,6.678E-39,4.27E-40,9.198999999999999E-41,9.463000000000001E-42,1.17E-41,5.279999999999999E-41,3.702E-41,2.08E-35,0.0,0.1912,0.364,1.263,0.6644,0.03467,0.01797,0.003654,0.001936,0.009131,0.004844,0.0,0.0,0.001145,3.525E-4,5.005E-4,0.9949,9.48E-4,5.01E-4,5.957E-4,8.357E-5,9.327E-4,0.0,0.02508,0.001275,0.001597,0.001057,0.1474,0.001452,1.51E-4,1.643E-4,4.719E-4,3.041E-4,
0.0,1045.0,110.2,173.3,113.3,0.03275,3.051,0.4869,0.5976,1.805,0.3877,0.0,344.9,0.0831,1.22,0.1485,0.1423,0.192,0.0835,0.2255,1.836,10.08,0.0,344.9,0.0831,1.22,0.1485,0.1423,0.192,0.0835,0.2255,1.836,10.08,0.0,0.0,0.0,0.0,0.0,0.0,0.0,0.0,0.0,0.0,0.0,0.0,0.0,176.2,74.72,24.82,1126.0,261.4,12.6,7.686,14.28,3.607,0.0,127.7,2.4,13.89,64.06,16.39,0.02592,0.003309,0.0164,0.02528,0.02791,0.0,0.0,0.0,0.0,0.0,0.0,0.0,0.0,0.0,0.0,0.0,0.0,0.0,0.0,0.0,0.0,0.0,0.0,0.0,0.0,0.0,0.0,0.0,0.0,0.0,0.0,0.0,0.0,0.0,0.0,0.0,0.0,0.0,0.0,0.0,5.488E-4,0.0,195300.0,120900.0,137500.0,64460.0,2.618E7,37600.0,13990.0,23330.0,30990.0,39770.0,0.0,1.876E-39,1.134E-39,9.281E-39,6.611999999999999E-39,4.268E-40,9.001999999999999E-41,8.013000000000001E-42,1.115E-41,4.019E-41,1.6309999999999998E-41,2.08E-35,0.0,0.2039,0.3735,1.245,0.6605,0.03471,0.01786,0.003514,0.001881,0.007935,0.002725,0.0,0.0,0.001239,3.815E-4,5.416E-4,0.9945,0.001026,5.421E-4,6.446E-4,9.043E-5,0.001009,0.0,0.0251,0.001271,0.001609,0.001042,0.1472,0.001458,1.563E-4,1.733E-4,4.789E-4,3.053E-4,
0.0,1046.0,110.1,166.9,116.1,0.03269,2.984,0.3941,0.5596,8.625,0.3517,0.0,344.9,0.0826,1.21,0.1478,0.1422,0.4372,0.08338,0.3501,1.509,10.04,0.0,344.9,0.0826,1.21,0.1478,0.1422,0.4372,0.08338,0.3501,1.509,10.04,0.0,0.0,0.0,0.0,0.0,0.0,0.0,0.0,0.0,0.0,0.0,0.0,0.0,177.7,75.31,24.82,1127.0,261.5,12.62,7.717,14.29,3.655,0.0,127.8,2.344,10.73,60.82,19.17,0.0259,0.00335,0.01644,0.02818,0.02538,0.0,0.0,0.0,0.0,0.0,0.0,0.0,0.0,0.0,0.0,0.0,0.0,0.0,0.0,0.0,0.0,0.0,0.0,0.0,0.0,0.0,0.0,0.0,0.0,0.0,0.0,0.0,0.0,0.0,0.0,0.0,0.0,0.0,0.0,0.0,5.199E-4,0.0,195400.0,122500.0,133800.0,63570.0,2.577E7,38880.0,14900.0,24840.0,31920.0,40610.0,0.0,1.901E-39,1.153E-39,9.076999999999999E-39,6.622E-39,4.374E-40,8.654E-41,4.321E-42,9.626E-42,5.75E-41,1.451E-41,2.08E-35,0.0,0.2083,0.3693,1.208,0.6628,0.03531,0.01769,0.003292,0.001779,0.0393,0.002638,0.0,0.0,0.001364,4.199E-4,5.962E-4,0.994,0.001129,5.968E-4,7.096E-4,9.954E-5,0.001111,0.0,0.02511,0.001279,0.001602,0.001057,0.147,0.00147,1.628E-4,1.798E-4,4.98E-4,3.022E-4,
0.0,1047.0,115.9,162.0,114.8,0.03268,5.197,0.3836,0.5574,6.721,0.3506,0.0,344.9,0.1005,1.19,0.1532,0.1419,0.3836,0.08309,0.3637,1.733,9.845,0.0,344.9,0.1005,1.19,0.1532,0.1419,0.3836,0.08309,0.3637,1.733,9.845,0.0,0.0,0.0,0.0,0.0,0.0,0.0,0.0,0.0,0.0,0.0,0.0,0.0,177.3,75.36,25.05,1135.0,261.7,12.53,7.747,14.31,3.649,0.0,127.8,2.432,6.446,62.76,20.05,0.02635,0.003362,0.01646,0.02801,0.0254,0.0,0.0,0.0,0.0,0.0,0.0,0.0,0.0,0.0,0.0,0.0,0.0,0.0,0.0,0.0,0.0,0.0,0.0,0.0,0.0,0.0,0.0,0.0,0.0,0.0,0.0,0.0,0.0,0.0,0.0,0.0,0.0,0.0,0.0,0.0,1.0E-4,0.0,195800.0,119200.0,125600.0,64060.0,2.522E7,38580.0,14850.0,25310.0,31880.0,41020.0,0.0,1.965E-39,1.248E-39,8.914999999999999E-39,6.428E-39,4.3869999999999996E-40,2.113E-40,4.2050000000000005E-42,9.579E-42,4.5239999999999995E-41,1.4339999999999998E-41,2.08E-35,0.0,0.2159,0.399,1.181,0.653,0.03538,0.02533,0.003234,0.001774,0.0307,0.00264,0.0,0.0,0.0014,4.311E-4,6.12E-4,0.9938,0.001159,6.126E-4,7.285E-4,1.022E-4,0.001141,0.0,0.02512,0.001254,0.001601,0.001078,0.1469,0.001475,1.646E-4,1.822E-4,5.013E-4,3.036E-4,
0.0,1047.0,106.3,172.6,114.7,0.03271,4.183,0.1815,0.5596,2.179,0.348,0.0,344.9,0.07785,1.263,0.1319,0.1344,0.2768,0.09621,0.2792,1.516,10.2,0.0,344.9,0.07785,1.263,0.1319,0.1344,0.2768,0.09621,0.2792,1.516,10.2,0.0,0.0,0.0,0.0,0.0,0.0,0.0,0.0,0.0,0.0,0.0,0.0,0.0,175.6,56.85,30.8,1155.0,273.2,3.732,8.247,11.13,3.653,0.0,127.8,2.311,5.76,65.82,21.59,0.0261,0.00354,0.01666,0.02756,0.02524,0.0,0.0,0.0,0.0,0.0,0.0,0.0,0.0,0.0,0.0,0.0,0.0,0.0,0.0,0.0,0.0,0.0,0.0,0.0,0.0,0.0,0.0,0.0,0.0,0.0,0.0,0.0,0.0,0.0,0.0,0.0,0.0,0.0,0.0,0.0,1.001E-4,0.0,196000.0,114000.0,95570.0,83180.0,2.515E7,38700.0,14520.0,25860.0,31550.0,41580.0,0.0,1.9719999999999998E-39,1.017E-39,9.004999999999999E-39,6.517E-39,3.886E-40,1.359E-40,3.975E-42,9.513E-42,1.648E-41,1.4119999999999998E-41,2.08E-35,0.0,0.2172,0.3538,1.236,0.6535,0.03829,0.02345,0.00133,0.001837,0.009872,0.002626,0.0,0.0,0.0014,4.311E-4,6.12E-4,0.9938,0.001159,6.126E-4,7.285E-4,1.022E-4,0.001141,0.0,0.02512,0.00125,0.00161,0.001119,0.147,0.001511,1.273E-4,1.837E-4,5.004E-4,3.033E-4,
0.0,1049.0,104.7,172.9,115.7,0.01892,4.153,0.1349,0.6107,2.189,0.3528,0.0,344.9,0.07513,1.217,0.1379,0.134,0.2744,0.05616,0.2514,2.122,9.669,0.0,344.9,0.07513,1.217,0.1379,0.134,0.2744,0.05616,0.2514,2.122,9.669,0.0,0.0,0.0,0.0,0.0,0.0,0.0,0.0,0.0,0.0,0.0,0.0,0.0,177.5,60.37,26.12,1151.0,271.8,1.296,10.83,11.29,3.756,0.0,127.8,2.212,5.589,66.6,19.34,0.02601,0.003362,0.01645,0.02527,0.02474,0.0,0.0,0.0,0.0,0.0,0.0,0.0,0.0,0.0,0.0,0.0,0.0,0.0,0.0,0.0,0.0,0.0,0.0,0.0,0.0,0.0,0.0,0.0,0.0,0.0,0.0,0.0,0.0,0.0,0.0,0.0,0.0,0.0,0.0,0.0,6.327E-4,0.0,196700.0,115400.0,90000.0,73450.0,2.594E7,39590.0,14910.0,26950.0,32150.0,42860.0,0.0,2.052E-39,9.803E-40,8.748E-39,6.657E-39,3.04E-40,1.344E-40,3.8200000000000006E-42,9.379E-42,1.6929999999999999E-41,1.497E-41,2.08E-35,0.0,0.2284,0.3459,1.225,0.6611,0.03185,0.02311,8.486E-4,0.002324,0.009986,0.002793,0.0,0.0,0.0014,4.311E-4,6.12E-4,0.9938,0.001159,6.126E-4,7.285E-4,1.022E-4,0.001141,0.0,0.02514,0.001247,0.001608,0.001103,0.147,0.001512,1.257E-4,1.849E-4,5.116E-4,2.933E-4,
0.0,1049.0,102.1,174.1,116.7,0.01886,3.968,0.1325,0.799,2.193,0.3568,0.0,344.9,0.07073,1.216,0.1385,0.1339,0.2294,0.07879,0.1434,2.225,9.698,0.0,344.9,0.07073,1.216,0.1385,0.1339,0.2294,0.07879,0.1434,2.225,9.698,0.0,0.0,0.0,0.0,0.0,0.0,0.0,0.0,0.0,0.0,0.0,0.0,0.0,182.6,60.92,25.92,1153.0,262.0,1.142,20.7,11.62,4.161,0.0,127.8,2.106,3.758,67.43,19.32,0.02609,0.003362,0.01645,0.02526,0.02474,0.0,0.0,0.0,0.0,0.0,0.0,0.0,0.0,0.0,0.0,0.0,0.0,0.0,0.0,0.0,0.0,0.0,0.0,0.0,0.0,0.0,0.0,0.0,0.0,0.0,0.0,0.0,0.0,0.0,0.0,0.0,0.0,0.0,0.0,0.0,5.549E-4,0.0,196700.0,117300.0,86070.0,72470.0,2.731E7,41190.0,15680.0,28490.0,32630.0,45140.0,0.0,2.052E-39,9.586E-40,8.721E-39,6.64E-39,3.03E-40,1.337E-40,3.8200000000000006E-42,9.399E-42,1.679E-41,1.368E-41,2.08E-35,0.0,0.2284,0.338,1.228,0.6615,0.03177,0.02126,8.33E-4,0.004229,0.01004,0.002723,0.0,0.0,0.0014,4.311E-4,6.12E-4,0.9938,0.001159,6.126E-4,7.285E-4,1.022E-4,0.001141,0.0,0.02514,0.001243,0.001603,0.001106,0.147,0.001506,1.266E-4,1.887E-4,5.122E-4,2.945E-4,
0.0,1049.0,106.3,170.1,119.6,0.01881,4.207,0.1327,0.8077,2.2,0.3412,0.0,344.9,0.07325,1.21,0.1377,0.1339,0.1797,0.07824,0.1207,2.556,9.443,0.0,344.9,0.07325,1.21,0.1377,0.1339,0.1797,0.07824,0.1207,2.556,9.443,0.0,0.0,0.0,0.0,0.0,0.0,0.0,0.0,0.0,0.0,0.0,0.0,0.0,183.0,61.38,25.94,1145.0,262.0,1.144,21.13,11.61,3.629,0.0,127.8,2.415,3.736,63.34,19.7,0.02629,0.003361,0.01645,0.02526,0.02474,0.0,0.0,0.0,0.0,0.0,0.0,0.0,0.0,0.0,0.0,0.0,0.0,0.0,0.0,0.0,0.0,0.0,0.0,0.0,0.0,0.0,0.0,0.0,0.0,0.0,0.0,0.0,0.0,0.0,0.0,0.0,0.0,0.0,0.0,0.0,5.602E-4,0.0,196800.0,119100.0,82790.0,72940.0,2.862E7,42970.0,16480.0,29120.0,31420.0,45950.0,0.0,2.052E-39,1.0239999999999999E-39,8.627999999999999E-39,6.581E-39,3.252E-40,1.393E-40,3.736E-42,9.369E-42,1.6729999999999997E-41,1.3259999999999998E-41,2.08E-35,0.0,0.2284,0.3568,1.21,0.6581,0.03351,0.02183,8.345E-4,0.004316,0.01005,0.002632,0.0,0.0,0.0014,4.311E-4,6.12E-4,0.9938,0.001159,6.126E-4,7.285E-4,1.022E-4,0.001141,0.0,0.02514,0.001242,0.001596,0.001112,0.147,0.001499,1.266E-4,1.893E-4,5.154E-4,2.958E-4,
0.0,1041.0,102.8,185.1,113.8,0.09408,3.891,0.1327,0.4539,2.137,0.2562,0.0,344.9,0.08078,1.246,0.1174,0.1368,0.1716,0.07824,0.2012,2.451,9.448,0.0,344.9,0.08078,1.246,0.1174,0.1368,0.1716,0.07824,0.2012,2.451,9.448,0.0,0.0,0.0,0.0,0.0,0.0,0.0,0.0,0.0,0.0,0.0,0.0,0.0,189.7,59.33,25.9,1141.0,262.0,1.142,21.12,11.59,3.609,0.0,124.1,3.355,7.586,64.18,19.6,0.1112,0.003362,0.1637,0.05219,0.0584,0.0,0.0,0.0,0.0,0.0,0.0,0.0,0.0,0.0,0.0,0.0,0.0,0.0,0.0,0.0,0.0,0.0,0.0,0.0,0.0,0.0,0.0,0.0,0.0,0.0,0.0,0.0,0.0,0.0,0.0,0.0,0.0,0.0,0.0,0.0,5.325E-4,0.0,196500.0,122000.0,80650.0,73410.0,3.014E7,44500.0,17410.0,30010.0,30330.0,47130.0,0.0,1.737E-39,1.055E-39,8.603E-39,6.439E-39,3.233E-40,1.391E-40,3.643E-42,1.2209999999999998E-41,1.7199999999999998E-41,1.3499999999999998E-41,2.08E-35,0.0,0.1929,0.3545,1.251,0.6516,0.03336,0.02162,8.346E-4,0.004569,0.01008,0.002697,0.0,0.0,0.0014,4.311E-4,6.12E-4,0.9938,0.001159,6.126E-4,7.285E-4,1.022E-4,0.001141,0.0,0.02511,0.00129,0.001584,0.001111,0.147,0.00149,1.266E-4,1.911E-4,5.169E-4,2.933E-4,
0.0,1041.0,101.1,185.1,111.1,0.02127,3.965,0.08758,0.4244,2.099,0.2487,0.0,344.9,0.0697,1.244,0.1201,0.1437,0.1825,0.07806,0.1908,2.675,9.224,0.0,344.9,0.0697,1.244,0.1201,0.1437,0.1825,0.07806,0.1908,2.675,9.224,0.0,0.0,0.0,0.0,0.0,0.0,0.0,0.0,0.0,0.0,0.0,0.0,0.0,190.3,62.94,20.82,1135.0,277.2,2.774,19.88,5.651,3.982,0.0,124.1,1.961,8.676,68.34,19.55,0.08037,0.003461,0.08567,0.03801,0.04061,0.0,0.0,0.0,0.0,0.0,0.0,0.0,0.0,0.0,0.0,0.0,0.0,0.0,0.0,0.0,0.0,0.0,0.0,0.0,0.0,0.0,0.0,0.0,0.0,0.0,0.0,0.0,0.0,0.0,0.0,0.0,0.0,0.0,0.0,0.0,5.147E-4,0.0,196500.0,124200.0,80920.0,72500.0,3.172E7,52940.0,18470.0,30930.0,29310.0,48500.0,0.0,1.737E-39,9.173E-40,8.499999999999999E-39,6.538999999999999E-39,3.129E-40,1.524E-40,1.176E-42,7.107E-42,1.596E-41,1.2089999999999998E-41,2.08E-35,0.0,0.1929,0.3412,1.241,0.6643,0.03256,0.02144,5.738E-4,0.004201,0.009852,0.002617,0.0,0.0,0.0014,4.311E-4,6.12E-4,0.9938,0.001159,6.126E-4,7.285E-4,1.022E-4,0.001141,0.0,0.02511,0.001278,0.001582,0.001097,0.1468,0.001549,1.262E-4,1.922E-4,5.162E-4,2.942E-4,
0.0,1041.0,94.25,189.4,108.6,0.004583,3.252,0.0909,0.5163,1.839,0.3796,0.0,344.9,0.07688,1.239,0.1283,0.1494,0.202,0.09564,0.2648,1.751,10.02,0.0,344.9,0.07688,1.239,0.1283,0.1494,0.202,0.09564,0.2648,1.751,10.02,0.0,0.0,0.0,0.0,0.0,0.0,0.0,0.0,0.0,0.0,0.0,0.0,0.0,196.9,62.76,18.97,1133.0,273.3,3.909,20.68,6.844,4.215,0.0,124.1,1.909,5.136,76.96,19.67,0.07302,0.003397,0.09295,0.03928,0.04226,0.0,0.0,0.0,0.0,0.0,0.0,0.0,0.0,0.0,0.0,0.0,0.0,0.0,0.0,0.0,0.0,0.0,0.0,0.0,0.0,0.0,0.0,0.0,0.0,0.0,0.0,0.0,0.0,0.0,0.0,0.0,0.0,0.0,0.0,0.0,5.075E-4,0.0,196500.0,126400.0,80830.0,70980.0,3.342E7,53600.0,19560.0,32060.0,28640.0,50060.0,0.0,1.737E-39,9.102E-40,8.411999999999999E-39,6.551E-39,3.688E-40,1.022E-40,9.637E-43,7.546E-42,1.3999999999999998E-41,1.2549999999999998E-41,2.08E-35,0.0,0.1929,0.3264,1.244,0.6728,0.03583,0.01749,5.879E-4,0.004645,0.008687,0.003219,0.0,0.0,0.0014,4.311E-4,6.12E-4,0.9938,0.001159,6.126E-4,7.285E-4,1.022E-4,0.001141,0.0,0.02511,0.001273,0.001587,0.001096,0.1469,0.001546,1.271E-4,1.934E-4,5.185E-4,2.94E-4,
0.0,1041.0,99.67,182.3,114.9,0.3323,3.244,0.08082,0.4311,2.094,0.2567,0.0,344.9,0.08629,1.199,0.1167,0.172,0.1796,0.07349,0.1509,1.004,10.94,0.0,344.9,0.08629,1.199,0.1167,0.172,0.1796,0.07349,0.1509,1.004,10.94,0.0,0.0,0.0,0.0,0.0,0.0,0.0,0.0,0.0,0.0,0.0,0.0,0.0,201.8,63.82,19.61,1125.0,260.2,6.37,22.44,9.461,4.741,0.0,124.1,1.899,5.829,70.6,19.45,0.07176,0.003401,0.09342,0.03937,0.04236,0.0,0.0,0.0,0.0,0.0,0.0,0.0,0.0,0.0,0.0,0.0,0.0,0.0,0.0,0.0,0.0,0.0,0.0,0.0,0.0,0.0,0.0,0.0,0.0,0.0,0.0,0.0,0.0,0.0,0.0,0.0,0.0,0.0,0.0,0.0,1.0E-4,0.0,196600.0,128700.0,83820.0,71550.0,3.533E7,54410.0,20730.0,33630.0,28790.0,52250.0,0.0,1.7609999999999998E-39,9.192999999999999E-40,7.969E-39,6.653E-39,6.286E-40,1.013E-40,1.059E-42,7.111E-42,1.568E-41,1.1529999999999998E-41,2.08E-35,0.0,0.1954,0.3476,1.193,0.6831,0.05083,0.01753,5.432E-4,0.004265,0.009835,0.002673,0.0,0.0,0.0014,4.311E-4,6.12E-4,0.9938,0.001159,6.126E-4,7.285E-4,1.022E-4,0.001141,0.0,0.02511,0.001263,0.001566,0.001111,0.1469,0.001536,1.288E-4,1.961E-4,5.225E-4,2.922E-4,
0.0,1043.0,84.7,196.6,115.2,0.3336,4.258,0.08366,0.4263,2.105,0.2566,0.0,344.9,0.06723,1.235,0.1186,0.1539,0.1772,0.07359,0.1505,1.011,10.94,0.0,344.9,0.06723,1.235,0.1186,0.1539,0.1772,0.07359,0.1505,1.011,10.94,0.0,0.0,0.0,0.0,0.0,0.0,0.0,0.0,0.0,0.0,0.0,0.0,0.0,206.5,63.28,20.76,1122.0,249.3,8.414,23.89,11.63,5.178,0.0,124.1,1.886,5.357,68.36,19.46,0.09081,0.003404,0.09351,0.03939,0.04238,0.0,0.0,0.0,0.0,0.0,0.0,0.0,0.0,0.0,0.0,0.0,0.0,0.0,0.0,0.0,0.0,0.0,0.0,0.0,0.0,0.0,0.0,0.0,0.0,0.0,0.0,0.0,0.0,0.0,0.0,0.0,0.0,0.0,0.0,0.0,9.795E-4,0.0,196700.0,125500.0,78100.0,69460.0,3.362E7,51920.0,19670.0,32700.0,28900.0,50640.0,0.0,1.872E-39,8.288E-40,8.187E-39,6.506E-39,4.258E-40,1.6E-40,1.182E-42,7.169000000000001E-42,1.5819999999999998E-41,1.1189999999999999E-41,2.08E-35,0.0,0.2056,0.2879,1.259,0.6716,0.0393,0.02193,5.534E-4,0.004247,0.009885,0.002673,0.0,0.0,0.0014,4.311E-4,6.12E-4,0.9938,0.001159,6.126E-4,7.285E-4,1.022E-4,0.001141,0.0,0.02512,0.001263,0.001552,0.001108,0.1468,0.001521,1.302E-4,1.951E-4,5.268E-4,2.918E-4,
0.0,1044.0,89.88,191.3,105.0,0.3337,3.417,0.08996,0.449,2.062,0.2593,0.0,344.9,0.07649,1.204,0.1395,0.1537,0.1786,0.07382,0.1525,1.288,10.66,0.0,344.9,0.07649,1.204,0.1395,0.1537,0.1786,0.07382,0.1525,1.288,10.66,0.0,0.0,0.0,0.0,0.0,0.0,0.0,0.0,0.0,0.0,0.0,0.0,0.0,210.4,63.28,20.92,1118.0,248.0,8.66,24.07,11.9,5.225,0.0,124.1,1.905,11.18,69.84,19.38,2.139,0.003398,0.09354,0.03939,0.04239,0.0,0.0,0.0,0.0,0.0,0.0,0.0,0.0,0.0,0.0,0.0,0.0,0.0,0.0,0.0,0.0,0.0,0.0,0.0,0.0,0.0,0.0,0.0,0.0,0.0,0.0,0.0,0.0,0.0,0.0,0.0,0.0,0.0,0.0,0.0,8.532E-4,0.0,196800.0,124200.0,72500.0,67950.0,3.28E7,50130.0,19110.0,32450.0,29210.0,50170.0,0.0,1.9629999999999998E-39,9.066E-40,8.043E-39,6.429E-39,4.256E-40,1.591E-40,1.2360000000000001E-42,7.299E-42,1.546E-41,1.0849999999999999E-41,2.08E-35,0.0,0.2169,0.3083,1.229,0.6661,0.03915,0.02351,5.801E-4,0.004349,0.009688,0.002687,0.0,0.0,0.0014,4.311E-4,6.12E-4,0.9938,0.001159,6.126E-4,7.285E-4,1.022E-4,0.001141,0.0,0.02513,0.001261,0.001523,0.00111,0.1467,0.001516,1.287E-4,1.938E-4,5.287E-4,2.897E-4,
0.0,1044.0,84.76,201.8,95.67,0.3366,2.99,0.08139,0.4283,2.102,0.2587,0.0,344.9,0.07628,1.246,0.1037,0.1476,0.177,0.07263,0.1712,0.9409,10.99,0.0,344.9,0.07628,1.246,0.1037,0.1476,0.177,0.07263,0.1712,0.9409,10.99,0.0,0.0,0.0,0.0,0.0,0.0,0.0,0.0,0.0,0.0,0.0,0.0,0.0,213.3,63.69,20.93,1115.0,248.0,8.658,24.05,11.88,5.207,0.0,124.1,1.851,7.531,78.63,20.18,0.07248,0.003381,0.09348,0.03927,0.04229,0.0,0.0,0.0,0.0,0.0,0.0,0.0,0.0,0.0,0.0,0.0,0.0,0.0,0.0,0.0,0.0,0.0,0.0,0.0,0.0,0.0,0.0,0.0,0.0,0.0,0.0,0.0,0.0,0.0,0.0,0.0,0.0,0.0,0.0,0.0,1.0E-4,0.0,196900.0,126800.0,68120.0,74740.0,3.314E7,49610.0,19270.0,33250.0,30040.0,51250.0,0.0,1.9629999999999998E-39,9.548E-40,8.001E-39,6.486999999999999E-39,3.865E-40,8.841999999999999E-41,1.1640000000000001E-42,7.147E-42,1.559E-41,1.0519999999999998E-41,2.08E-35,0.0,0.2169,0.2975,1.248,0.6654,0.03685,0.01662,5.419E-4,0.004256,0.009866,0.002686,0.0,0.0,0.0014,4.311E-4,6.12E-4,0.9938,0.001159,6.126E-4,7.285E-4,1.022E-4,0.001141,0.0,0.02513,0.001256,0.001517,0.001127,0.1468,0.001506,1.281E-4,1.958E-4,5.269E-4,2.889E-4,
0.0,1044.0,84.36,201.3,106.2,0.3365,2.99,0.08141,0.4231,2.107,0.2591,0.0,344.9,0.07442,1.237,0.1143,0.1475,0.1768,0.07263,0.1709,1.2,10.73,0.0,344.9,0.07442,1.237,0.1143,0.1475,0.1768,0.07263,0.1709,1.2,10.73,0.0,0.0,0.0,0.0,0.0,0.0,0.0,0.0,0.0,0.0,0.0,0.0,0.0,216.4,63.8,20.92,1117.0,248.0,8.659,24.06,11.89,5.222,0.0,124.1,1.907,8.196,67.96,20.16,0.07176,0.003394,0.09357,0.03941,0.04241,0.0,0.0,0.0,0.0,0.0,0.0,0.0,0.0,0.0,0.0,0.0,0.0,0.0,0.0,0.0,0.0,0.0,0.0,0.0,0.0,0.0,0.0,0.0,0.0,0.0,0.0,0.0,0.0,0.0,0.0,0.0,0.0,0.0,0.0,0.0,6.011E-4,0.0,197000.0,129000.0,66110.0,74320.0,3.407E7,50260.0,19820.0,34220.0,30410.0,52630.0,0.0,1.9629999999999998E-39,9.021E-40,7.923999999999999E-39,6.573999999999999E-39,3.865E-40,8.790999999999999E-41,1.147E-42,7.093E-42,1.5419999999999999E-41,1.024E-41,2.08E-35,0.0,0.2169,0.2979,1.244,0.6676,0.03684,0.01661,5.42E-4,0.004233,0.009883,0.002693,0.0,0.0,0.0014,4.311E-4,6.12E-4,0.9938,0.001159,6.126E-4,7.285E-4,1.022E-4,0.001141,0.0,0.02513,0.001257,0.001502,0.001139,0.1468,0.001501,1.281E-4,1.948E-4,5.316E-4,2.859E-4,
0.0,1044.0,83.71,201.6,115.0,1.446,2.996,0.08132,0.4191,2.107,0.263,0.0,344.9,0.07582,1.229,0.1121,0.1573,0.1769,0.07323,0.1713,1.271,10.66,0.0,344.9,0.07582,1.229,0.1121,0.1573,0.1769,0.07323,0.1713,1.271,10.66,0.0,0.0,0.0,0.0,0.0,0.0,0.0,0.0,0.0,0.0,0.0,0.0,0.0,218.4,63.78,20.87,1114.0,248.0,8.661,24.07,11.91,5.237,0.0,124.1,1.711,6.743,59.25,20.36,0.07035,0.003414,0.09366,0.03956,0.04254,0.0,0.0,0.0,0.0,0.0,0.0,0.0,0.0,0.0,0.0,0.0,0.0,0.0,0.0,0.0,0.0,0.0,0.0,0.0,0.0,0.0,0.0,0.0,0.0,0.0,0.0,0.0,0.0,0.0,0.0,0.0,0.0,0.0,0.0,0.0,1.005E-4,0.0,197300.0,130700.0,67360.0,74530.0,3.509E7,51150.0,20500.0,34520.0,29250.0,53030.0,0.0,1.9849999999999997E-39,8.979E-40,7.805E-39,6.546E-39,4.741E-40,8.767E-41,1.129E-42,7.055E-42,1.5259999999999998E-41,9.999999999999999E-42,2.08E-35,0.0,0.2193,0.2934,1.234,0.671,0.04565,0.01672,5.417E-4,0.00422,0.00988,0.002709,0.0,0.0,0.0014,4.311E-4,6.12E-4,0.9938,0.001159,6.126E-4,7.285E-4,1.022E-4,0.001141,0.0,0.02515,0.001255,0.0015,0.001146,0.1468,0.00149,1.282E-4,1.942E-4,5.326E-4,2.862E-4,
0.0,1044.0,82.91,201.9,120.0,0.009459,3.137,0.08774,0.4256,2.077,0.2685,0.0,344.9,0.07213,1.24,0.1144,0.1493,0.1775,0.07516,0.173,1.467,10.45,0.0,344.9,0.07213,1.24,0.1144,0.1493,0.1775,0.07516,0.173,1.467,10.45,0.0,0.0,0.0,0.0,0.0,0.0,0.0,0.0,0.0,0.0,0.0,0.0,0.0,220.4,63.94,20.8,1109.0,248.0,8.659,24.06,11.89,5.215,0.0,124.1,1.749,6.329,54.94,21.43,0.09283,0.003424,0.09367,0.03957,0.04254,0.0,0.0,0.0,0.0,0.0,0.0,0.0,0.0,0.0,0.0,0.0,0.0,0.0,0.0,0.0,0.0,0.0,0.0,0.0,0.0,0.0,0.0,0.0,0.0,0.0,0.0,0.0,0.0,0.0,0.0,0.0,0.0,0.0,0.0,0.0,1.0E-4,0.0,197400.0,133200.0,67100.0,74830.0,3.653E7,52560.0,21390.0,35400.0,28820.0,54240.0,0.0,1.9849999999999997E-39,8.89E-40,7.777E-39,6.610999999999999E-39,4.028E-40,8.989999999999999E-41,1.166E-42,7.073000000000001E-42,1.488E-41,9.802E-42,2.08E-35,0.0,0.2193,0.2902,1.233,0.6787,0.04022,0.01769,5.709E-4,0.00425,0.009738,0.002741,0.0,0.0,0.0014,4.311E-4,6.12E-4,0.9938,0.001159,6.126E-4,7.285E-4,1.022E-4,0.001141,0.0,0.02515,0.001254,0.001491,0.00116,0.1468,0.001481,1.28E-4,1.941E-4,5.332E-4,2.862E-4,
0.0,1044.0,82.77,201.6,121.5,0.006468,3.136,0.08661,0.4255,2.084,0.262,0.0,344.9,0.07148,1.238,0.1175,0.1492,0.1775,0.07495,0.173,1.513,10.41,0.0,344.9,0.07148,1.238,0.1175,0.1492,0.1775,0.07495,0.173,1.513,10.41,0.0,0.0,0.0,0.0,0.0,0.0,0.0,0.0,0.0,0.0,0.0,0.0,0.0,221.2,64.24,20.88,1104.0,248.0,8.657,24.04,11.86,5.193,0.0,124.1,1.729,6.159,53.84,21.43,0.09462,0.003446,0.09368,0.03959,0.04255,0.0,0.0,0.0,0.0,0.0,0.0,0.0,0.0,0.0,0.0,0.0,0.0,0.0,0.0,0.0,0.0,0.0,0.0,0.0,0.0,0.0,0.0,0.0,0.0,0.0,0.0,0.0,0.0,0.0,0.0,0.0,0.0,0.0,0.0,0.0,1.0E-4,0.0,197500.0,136600.0,65240.0,75340.0,3.821E7,54830.0,22430.0,36690.0,28970.0,56250.0,0.0,2.002E-39,8.852E-40,7.714E-39,6.621E-39,4.026E-40,8.933999999999999E-41,1.1180000000000001E-42,7.052E-42,1.4649999999999999E-41,9.473000000000001E-42,2.08E-35,0.0,0.2214,0.2895,1.227,0.6822,0.0402,0.01769,5.649E-4,0.00425,0.009756,0.002723,0.0,0.0,0.0014,4.311E-4,6.12E-4,0.9938,0.001159,6.126E-4,7.285E-4,1.022E-4,0.001141,0.0,0.02516,0.001249,0.001482,0.001167,0.1467,0.001486,1.252E-4,1.94E-4,5.366E-4,2.828E-4,
0.0,1048.0,81.18,189.3,122.4,0.007958,3.133,0.08682,0.4275,2.081,0.2625,0.0,344.9,0.06685,1.245,0.1142,0.1509,0.1751,0.07509,0.1693,1.511,10.41,0.0,344.9,0.06685,1.245,0.1142,0.1509,0.1751,0.07509,0.1693,1.511,10.41,0.0,0.0,0.0,0.0,0.0,0.0,0.0,0.0,0.0,0.0,0.0,0.0,0.0,222.4,64.59,21.05,1107.0,248.0,8.658,24.03,11.87,5.202,0.0,124.1,2.427,6.969,59.21,22.78,0.492,0.003486,0.1841,0.05629,0.06334,0.0,0.0,0.0,0.0,0.0,0.0,0.0,0.0,0.0,0.0,0.0,0.0,0.0,0.0,0.0,0.0,0.0,0.0,0.0,0.0,0.0,0.0,0.0,0.0,0.0,0.0,0.0,0.0,0.0,0.0,0.0,0.0,0.0,0.0,0.0,5.079E-4,0.0,197600.0,140000.0,69210.0,77170.0,3.98E7,58080.0,23480.0,37710.0,28140.0,57550.0,0.0,2.0569999999999998E-39,8.874E-40,7.576E-39,6.627E-39,4.313E-40,8.6E-41,1.104E-42,3.287E-42,1.3569999999999998E-41,8.426E-42,2.08E-35,0.0,0.2443,0.2863,1.206,0.6739,0.04588,0.0177,5.668E-4,0.00435,0.009764,0.002747,0.0,0.0,0.0014,4.311E-4,6.12E-4,0.9938,0.001159,6.126E-4,7.285E-4,1.022E-4,0.001141,0.0,0.02517,0.001231,0.001492,0.001153,0.1468,0.001495,1.256E-4,1.95E-4,5.37E-4,2.83E-4,
0.0,1048.0,82.55,194.6,107.2,0.005082,3.389,0.07488,0.4241,2.102,0.2555,0.0,344.9,0.08132,1.165,0.1692,0.1576,0.1756,0.07209,0.1676,0.8761,11.05,0.0,344.9,0.08132,1.165,0.1692,0.1576,0.1756,0.07209,0.1676,0.8761,11.05,0.0,0.0,0.0,0.0,0.0,0.0,0.0,0.0,0.0,0.0,0.0,0.0,0.0,218.1,62.24,19.36,1109.0,272.7,3.35,20.31,6.204,4.032,0.0,124.1,3.522,19.87,53.98,21.95,0.4806,0.003398,0.1704,0.05369,0.06018,0.0,0.0,0.0,0.0,0.0,0.0,0.0,0.0,0.0,0.0,0.0,0.0,0.0,0.0,0.0,0.0,0.0,0.0,0.0,0.0,0.0,0.0,0.0,0.0,0.0,0.0,0.0,0.0,0.0,0.0,0.0,0.0,0.0,0.0,0.0,1.004E-4,0.0,197700.0,138700.0,77400.0,80650.0,3.866E7,56650.0,22660.0,36700.0,27480.0,55930.0,0.0,2.074E-39,1.028E-39,7.363E-39,6.467999999999999E-39,6.018E-40,8.796999999999999E-41,6.034E-43,2.814E-42,1.284E-41,8.058000000000001E-42,2.08E-35,0.0,0.2464,0.2954,1.185,0.6672,0.06031,0.01875,5.105E-4,0.004291,0.009845,0.002707,0.0,0.0,0.0014,4.311E-4,6.12E-4,0.9938,0.001159,6.126E-4,7.285E-4,1.022E-4,0.001141,0.0,0.02517,0.001252,0.001441,0.001168,0.1468,0.001519,1.213E-4,1.933E-4,5.326E-4,2.802E-4,
0.0,1050.0,92.75,181.2,112.0,0.02078,3.348,0.07695,0.425,1.202,0.2463,0.0,344.9,0.07785,1.267,0.107,0.152,0.1997,0.05916,0.165,1.902,9.981,0.0,344.9,0.07785,1.267,0.107,0.152,0.1997,0.05916,0.165,1.902,9.981,0.0,0.0,0.0,0.0,0.0,0.0,0.0,0.0,0.0,0.0,0.0,0.0,0.0,212.4,62.81,20.97,1100.0,268.7,5.182,21.62,8.172,4.431,0.0,124.1,7.004,10.31,56.68,22.03,0.4797,0.0034,0.1704,0.05369,0.06487,0.0,0.0,0.0,0.0,0.0,0.0,0.0,0.0,0.0,0.0,0.0,0.0,0.0,0.0,0.0,0.0,0.0,0.0,0.0,0.0,0.0,0.0,0.0,0.0,0.0,0.0,0.0,0.0,0.0,0.0,0.0,0.0,0.0,0.0,0.0,0.001045,0.0,197800.0,134300.0,73060.0,75880.0,3.649E7,53560.0,21330.0,35320.0,27640.0,55110.0,0.0,2.132E-39,1.115E-39,7.405E-39,6.318E-39,4.623E-40,8.590999999999999E-41,8.036E-43,3.082E-42,3.051E-41,8.014000000000001E-42,2.08E-35,0.0,0.2651,0.3362,1.164,0.641,0.04676,0.0185,5.247E-4,0.004321,0.008436,0.002683,0.0,0.0,0.0014,4.311E-4,6.12E-4,0.9938,0.001159,6.126E-4,7.285E-4,1.022E-4,0.001141,0.0,0.02519,0.001248,0.001423,0.001138,0.1468,0.001518,1.235E-4,1.951E-4,5.439E-4,2.936E-4,
0.0,1050.0,79.27,194.9,114.7,0.02,3.351,0.08116,0.4313,1.187,0.2458,0.0,344.9,0.06693,1.28,0.111,0.1458,0.1906,0.06439,0.2842,1.146,10.62,0.0,344.9,0.06693,1.28,0.111,0.1458,0.1906,0.06439,0.2842,1.146,10.62,0.0,0.0,0.0,0.0,0.0,0.0,0.0,0.0,0.0,0.0,0.0,0.0,0.0,216.3,58.85,19.86,1095.0,268.6,5.145,21.39,7.794,4.084,0.0,124.1,4.541,9.563,61.38,17.47,0.4744,0.001915,0.1599,0.03612,0.04914,0.0,0.0,0.0,0.0,0.0,0.0,0.0,0.0,0.0,0.0,0.0,0.0,0.0,0.0,0.0,0.0,0.0,0.0,0.0,0.0,0.0,0.0,0.0,0.0,0.0,0.0,0.0,0.0,0.0,0.0,0.0,0.0,0.0,0.0,0.0,1.0E-4,0.0,197900.0,142000.0,78330.0,62200.0,3.576E7,51280.0,20670.0,33100.0,24490.0,51290.0,0.0,2.1479999999999998E-39,9.279E-40,7.489E-39,6.432999999999999E-39,3.99E-40,8.513999999999999E-41,8.951E-43,3.097E-42,2.9309999999999995E-41,7.753E-42,2.08E-35,0.0,0.2672,0.2847,1.208,0.6541,0.03913,0.01848,5.535E-4,0.004351,0.008316,0.002682,0.0,0.0,0.0014,4.311E-4,6.12E-4,0.9938,0.001159,6.126E-4,7.285E-4,1.022E-4,0.001141,0.0,0.0252,0.001282,0.001439,0.001109,0.1467,0.001516,1.225E-4,1.894E-4,5.374E-4,2.811E-4,
0.0,1050.0,88.67,186.2,117.8,0.5056,3.325,0.08642,0.4296,1.202,0.2442,0.0,344.9,0.08704,1.253,0.1145,0.1494,0.1895,0.06463,0.2837,1.263,10.51,0.0,344.9,0.08704,1.253,0.1145,0.1494,0.1895,0.06463,0.2837,1.263,10.51,0.0,0.0,0.0,0.0,0.0,0.0,0.0,0.0,0.0,0.0,0.0,0.0,0.0,218.0,59.64,22.34,1097.0,254.6,8.13,23.78,11.41,5.152,0.0,124.1,3.956,12.94,54.2,17.43,0.4735,0.001978,0.1603,0.03682,0.04976,0.0,0.0,0.0,0.0,0.0,0.0,0.0,0.0,0.0,0.0,0.0,0.0,0.0,0.0,0.0,0.0,0.0,0.0,0.0,0.0,0.0,0.0,0.0,0.0,0.0,0.0,0.0,0.0,0.0,0.0,0.0,0.0,0.0,0.0,0.0,6.778E-4,0.0,198000.0,144000.0,77510.0,59540.0,3.597E7,51600.0,21090.0,34680.0,26500.0,53360.0,0.0,2.1479999999999998E-39,1.0379999999999999E-39,7.292E-39,6.445E-39,4.378E-40,8.322E-41,1.138E-42,3.103E-42,2.8709999999999997E-41,7.66E-42,2.08E-35,0.0,0.2672,0.3173,1.168,0.6555,0.04452,0.01836,5.796E-4,0.004329,0.008396,0.002679,0.0,0.0,0.0014,4.311E-4,6.12E-4,0.9938,0.001159,6.126E-4,7.285E-4,1.022E-4,0.001141,0.0,0.0252,0.001289,0.001448,0.001113,0.1467,0.001507,1.25E-4,1.961E-4,5.5E-4,2.889E-4,
0.0,1050.0,78.5,195.1,116.9,0.4995,5.824,0.1644,0.6788,1.224,0.2742,0.0,344.9,0.0749,1.256,0.1474,0.1473,0.1801,0.0578,0.3817,1.284,10.38,0.0,344.9,0.0749,1.256,0.1474,0.1473,0.1801,0.0578,0.3817,1.284,10.38,0.0,0.0,0.0,0.0,0.0,0.0,0.0,0.0,0.0,0.0,0.0,0.0,0.0,219.1,58.8,22.74,1082.0,254.6,8.124,23.73,11.34,5.087,0.0,124.1,2.521,11.92,51.55,17.42,3.883,0.4026,0.487,0.1424,0.1818,0.0,0.0,0.0,0.0,0.0,0.0,0.0,0.0,0.0,0.0,0.0,0.0,0.0,0.0,0.0,0.0,0.0,0.0,0.0,0.0,0.0,0.0,0.0,0.0,0.0,0.0,0.0,0.0,0.0,0.0,0.0,0.0,0.0,0.0,0.0,1.006E-4,0.0,198000.0,147200.0,69910.0,58890.0,3.678E7,53750.0,21740.0,35400.0,25990.0,54000.0,0.0,2.1479999999999998E-39,9.217E-40,7.237E-39,6.313E-39,4.172E-40,3.226E-40,1.9479999999999998E-41,1.8459999999999998E-41,3.2199999999999997E-41,1.324E-41,2.08E-35,0.0,0.2672,0.284,1.182,0.649,0.04243,0.04105,0.002785,0.006149,0.008993,0.003431,0.0,0.0,0.0014,4.311E-4,6.12E-4,0.9938,0.001159,6.126E-4,7.285E-4,1.022E-4,0.001141,0.0,0.0252,0.001334,0.001379,0.001123,0.1467,0.001516,1.276E-4,2.014E-4,5.46E-4,2.895E-4,
0.0,1050.0,76.34,196.7,115.3,0.5553,3.328,0.08423,0.4409,1.202,0.2408,0.0,344.9,0.06756,1.277,0.1254,0.1474,0.122,0.04412,0.5265,1.425,10.18,0.0,344.9,0.06756,1.277,0.1254,0.1474,0.122,0.04412,0.5265,1.425,10.18,0.0,0.0,0.0,0.0,0.0,0.0,0.0,0.0,0.0,0.0,0.0,0.0,0.0,218.9,59.57,23.77,1082.0,254.6,8.125,23.74,11.36,5.102,0.0,124.1,2.477,11.55,59.72,17.43,1.729,0.008941,0.3568,0.03903,0.05249,0.0,0.0,0.0,0.0,0.0,0.0,0.0,0.0,0.0,0.0,0.0,0.0,0.0,0.0,0.0,0.0,0.0,0.0,0.0,0.0,0.0,0.0,0.0,0.0,0.0,0.0,0.0,0.0,0.0,0.0,0.0,0.0,0.0,0.0,0.0,1.0E-4,0.0,198000.0,147000.0,67920.0,58980.0,3.807E7,54970.0,22540.0,36370.0,25870.0,55340.0,0.0,2.1479999999999998E-39,8.514E-40,7.325E-39,6.471E-39,4.173E-40,1.3779999999999999E-40,3.53E-42,1.191E-41,2.755E-41,8.283E-42,2.08E-35,0.0,0.2672,0.2736,1.194,0.6669,0.04247,0.02462,8.888E-4,0.00536,0.008514,0.002792,0.0,0.0,0.0014,4.311E-4,6.12E-4,0.9938,0.001159,6.126E-4,7.285E-4,1.022E-4,0.001141,0.0,0.0252,0.001328,0.001373,0.001129,0.1467,0.001516,1.276E-4,2.011E-4,5.474E-4,2.899E-4,
0.0,1051.0,76.63,198.4,116.1,0.5595,3.324,0.08438,0.4479,1.203,0.2439,0.0,344.9,0.06693,1.294,0.1073,0.147,0.1135,0.04265,0.536,1.151,10.45,0.0,344.9,0.06693,1.294,0.1073,0.147,0.1135,0.04265,0.536,1.151,10.45,0.0,0.0,0.0,0.0,0.0,0.0,0.0,0.0,0.0,0.0,0.0,0.0,0.0,220.6,57.61,26.6,1075.0,254.6,8.123,23.73,11.33,5.081,0.0,124.1,7.996,7.204,55.7,16.79,0.4209,0.00773,0.6448,0.02014,0.02653,0.0,0.0,0.0,0.0,0.0,0.0,0.0,0.0,0.0,0.0,0.0,0.0,0.0,0.0,0.0,0.0,0.0,0.0,0.0,0.0,0.0,0.0,0.0,0.0,0.0,0.0,0.0,0.0,0.0,0.0,0.0,0.0,0.0,0.0,0.0,1.0E-4,0.0,198100.0,149800.0,65960.0,62730.0,3.957E7,56520.0,23470.0,37380.0,25740.0,56640.0,0.0,2.222E-39,1.0759999999999999E-39,7.272E-39,6.159999999999999E-39,4.1239999999999996E-40,8.414999999999999E-41,3.49E-42,1.5109999999999998E-41,2.674E-41,7.959E-42,2.08E-35,0.0,0.2724,0.2862,1.19,0.654,0.04201,0.01877,8.812E-4,0.005688,0.008498,0.002767,0.0,0.0,0.0014,4.311E-4,6.12E-4,0.9938,0.001159,6.126E-4,7.285E-4,1.022E-4,0.001141,0.0,0.0252,0.001363,0.001327,0.001149,0.1467,0.001516,1.27E-4,2.028E-4,5.503E-4,2.875E-4,
0.0,1051.0,77.46,199.1,121.1,0.5594,3.316,0.08536,0.4487,1.213,0.2485,0.0,344.9,0.0846,1.277,0.1083,0.147,0.114,0.04311,0.4711,1.125,10.53,0.0,344.9,0.0846,1.277,0.1083,0.147,0.114,0.04311,0.4711,1.125,10.53,0.0,0.0,0.0,0.0,0.0,0.0,0.0,0.0,0.0,0.0,0.0,0.0,0.0,221.7,58.59,23.99,1075.0,254.5,8.043,23.01,12.42,5.229,0.0,124.1,3.554,7.37,53.44,16.78,0.4185,0.006313,0.6328,0.01973,0.026,0.0,0.0,0.0,0.0,0.0,0.0,0.0,0.0,0.0,0.0,0.0,0.0,0.0,0.0,0.0,0.0,0.0,0.0,0.0,0.0,0.0,0.0,0.0,0.0,0.0,0.0,0.0,0.0,0.0,0.0,0.0,0.0,0.0,0.0,0.0,1.0E-4,0.0,198100.0,152500.0,66220.0,62720.0,4.128E7,58410.0,24520.0,38450.0,25760.0,58390.0,0.0,2.222E-39,1.0039999999999999E-39,7.152999999999999E-39,6.317E-39,4.1239999999999996E-40,8.435E-41,3.478E-42,1.512E-41,2.52E-41,7.897000000000001E-42,2.08E-35,0.0,0.2724,0.2862,1.18,0.6648,0.042,0.01883,8.691E-4,0.005561,0.008635,0.00281,0.0,0.0,0.0014,4.311E-4,6.12E-4,0.9938,0.001159,6.126E-4,7.285E-4,1.022E-4,0.001141,0.0,0.0252,0.001369,0.001346,0.001123,0.1467,0.001518,1.272E-4,2.023E-4,5.54E-4,2.86E-4,
0.0,1047.0,78.49,202.6,128.8,0.5595,3.337,0.08587,0.4306,1.213,0.2489,0.0,344.9,0.08046,1.262,0.1331,0.1604,0.1171,0.04192,0.471,1.124,10.51,0.0,344.9,0.08046,1.262,0.1331,0.1604,0.1171,0.04192,0.471,1.124,10.51,0.0,0.0,0.0,0.0,0.0,0.0,0.0,0.0,0.0,0.0,0.0,0.0,0.0,224.1,56.23,27.5,1069.0,254.5,8.041,23.0,12.4,5.207,0.0,122.7,3.124,7.911,43.36,17.48,0.4106,0.003263,0.05943,0.01879,0.02992,0.0,0.0,0.0,0.0,0.0,0.0,0.0,0.0,0.0,0.0,0.0,0.0,0.0,0.0,0.0,0.0,0.0,0.0,0.0,0.0,0.0,0.0,0.0,0.0,0.0,0.0,0.0,0.0,0.0,0.0,0.0,0.0,0.0,0.0,0.0,6.507E-4,0.0,198100.0,153900.0,68830.0,63640.0,4.192E7,59390.0,24880.0,38690.0,25490.0,59100.0,0.0,2.069E-39,9.325E-40,7.014E-39,6.267E-39,5.807E-40,8.539999999999999E-41,2.8230000000000004E-42,2.7650000000000003E-42,2.382E-41,2.174E-41,2.08E-35,0.0,0.256,0.297,1.161,0.6663,0.05177,0.01904,7.843E-4,0.004194,0.008608,0.004217,0.0,0.0,0.0014,4.311E-4,6.12E-4,0.9938,0.001159,6.126E-4,7.285E-4,1.022E-4,0.001141,0.0,0.02519,0.001364,0.00131,0.001156,0.1468,0.001522,1.259E-4,2.015E-4,5.535E-4,2.886E-4,
0.0,1047.0,74.43,200.1,129.5,0.3119,4.094,0.08529,0.434,1.211,0.2509,0.0,344.9,0.07138,1.243,0.1237,0.1983,0.1179,0.04086,0.4709,1.079,10.55,0.0,344.9,0.07138,1.243,0.1237,0.1983,0.1179,0.04086,0.4709,1.079,10.55,0.0,0.0,0.0,0.0,0.0,0.0,0.0,0.0,0.0,0.0,0.0,0.0,0.0,223.6,61.07,26.74,1060.0,254.5,8.014,22.96,12.39,5.156,0.0,122.7,2.903,6.012,43.19,25.18,0.3883,0.007747,0.06591,0.01938,0.03808,0.0,0.0,0.0,0.0,0.0,0.0,0.0,0.0,0.0,0.0,0.0,0.0,0.0,0.0,0.0,0.0,0.0,0.0,0.0,0.0,0.0,0.0,0.0,0.0,0.0,0.0,0.0,0.0,0.0,0.0,0.0,0.0,0.0,0.0,0.0,1.0E-4,0.0,198100.0,186100.0,568400.0,121900.0,3.867E7,45720.0,17560.0,30260.0,24560.0,45670.0,0.0,2.069E-39,9.143E-40,6.635E-39,6.261E-39,9.401E-40,9.644E-41,3.115E-42,3.148E-42,2.2579999999999997E-41,2.2149999999999997E-41,2.08E-35,0.0,0.256,0.2788,1.145,0.6663,0.08428,0.02059,7.882E-4,0.004229,0.008604,0.004259,0.0,0.0,0.002477,0.01463,0.002368,0.9778,8.414E-4,4.447E-4,5.288E-4,7.417E-5,8.278E-4,0.0,0.02521,0.001506,0.00314,0.001376,0.1447,0.001476,9.941E-5,1.78E-4,5.495E-4,2.478E-4,
0.0,1047.0,74.92,200.3,128.8,0.08529,5.511,0.08606,0.4339,1.21,0.2509,0.0,344.9,0.06841,1.319,0.1153,0.1319,0.118,0.08345,0.4366,1.072,10.55,0.0,344.9,0.06841,1.319,0.1153,0.1319,0.118,0.08345,0.4366,1.072,10.55,0.0,0.0,0.0,0.0,0.0,0.0,0.0,0.0,0.0,0.0,0.0,0.0,0.0,220.8,56.52,25.62,1065.0,254.5,8.022,22.96,12.37,5.153,0.0,122.7,2.738,8.715,49.65,15.0,0.348,0.003357,0.06068,0.01868,0.02984,0.0,0.0,0.0,0.0,0.0,0.0,0.0,0.0,0.0,0.0,0.0,0.0,0.0,0.0,0.0,0.0,0.0,0.0,0.0,0.0,0.0,0.0,0.0,0.0,0.0,0.0,0.0,0.0,0.0,0.0,0.0,0.0,0.0,0.0,0.0,1.0E-4,0.0,198200.0,112000.0,83940.0,45070.0,3.673E7,46850.0,16980.0,29960.0,25070.0,44980.0,0.0,2.069E-39,8.93E-40,7.179E-39,6.385E-39,2.1519999999999998E-40,1.44E-40,2.784E-42,2.7330000000000002E-42,2.1269999999999998E-41,2.1409999999999997E-41,2.08E-35,0.0,0.256,0.2781,1.191,0.6702,0.03039,0.02553,7.671E-4,0.004198,0.008597,0.004215,0.0,0.0,3.419E-4,4.84E-4,2.283E-4,0.9961,8.756E-4,4.628E-4,5.503E-4,7.719E-5,8.615E-4,0.0,0.02521,0.001229,0.001348,0.001097,0.1469,0.001487,1.015E-4,1.807E-4,5.493E-4,2.519E-4,
0.0,1048.0,74.1,202.9,132.4,0.06337,3.498,0.3399,0.1806,1.212,0.2487,0.0,344.9,0.06738,1.313,0.1204,0.132,0.1191,0.1158,0.4043,1.464,10.16,0.0,344.9,0.06738,1.313,0.1204,0.132,0.1191,0.1158,0.4043,1.464,10.16,0.0,0.0,0.0,0.0,0.0,0.0,0.0,0.0,0.0,0.0,0.0,0.0,0.0,221.7,56.58,25.62,1065.0,254.5,20.07,10.93,12.37,5.168,0.0,122.7,2.679,8.292,45.14,15.02,1.349,0.003379,0.0607,0.01869,0.02983,0.0,0.0,0.0,0.0,0.0,0.0,0.0,0.0,0.0,0.0,0.0,0.0,0.0,0.0,0.0,0.0,0.0,0.0,0.0,0.0,0.0,0.0,0.0,0.0,0.0,0.0,0.0,0.0,0.0,0.0,0.0,0.0,0.0,0.0,0.0,6.763E-4,0.0,198200.0,111000.0,76590.0,44130.0,3.512E7,46140.0,17030.0,29790.0,25930.0,44950.0,0.0,2.114E-39,8.867E-40,7.152999999999999E-39,6.339E-39,2.153E-40,1.446E-40,2.858E-42,2.6590000000000003E-42,2.0069999999999998E-41,2.125E-41,2.08E-35,0.0,0.2607,0.2751,1.192,0.6693,0.0304,0.02296,0.003216,0.001751,0.008608,0.004205,0.0,0.0,3.534E-4,5.003E-4,2.36E-4,0.996,9.052E-4,4.784E-4,5.688E-4,7.979E-5,8.906E-4,0.0,0.02522,0.001225,0.001346,0.001095,0.1465,0.00149,1.33E-4,1.553E-4,5.53E-4,2.524E-4,
0.0,1048.0,73.07,203.4,130.8,1.137,3.53,0.3405,0.1823,1.214,0.2416,0.0,344.9,0.06425,1.315,0.1173,0.1347,0.1131,0.1882,0.3279,2.001,9.636,0.0,344.9,0.06425,1.315,0.1173,0.1347,0.1131,0.1882,0.3279,2.001,9.636,0.0,0.0,0.0,0.0,0.0,0.0,0.0,0.0,0.0,0.0,0.0,0.0,0.0,218.3,54.77,27.44,1066.0,254.5,20.07,10.93,12.35,5.154,0.0,122.7,2.3,6.322,49.19,15.42,0.2838,0.003351,0.06069,0.01865,0.02979,0.0,0.0,0.0,0.0,0.0,0.0,0.0,0.0,0.0,0.0,0.0,0.0,0.0,0.0,0.0,0.0,0.0,0.0,0.0,0.0,0.0,0.0,0.0,0.0,0.0,0.0,0.0,0.0,0.0,0.0,0.0,0.0,0.0,0.0,0.0,1.0E-4,0.0,198200.0,110600.0,72270.0,41950.0,3.289E7,43790.0,16150.0,29340.0,26950.0,43840.0,0.0,2.114E-39,8.124E-40,7.087E-39,6.385E-39,2.963E-40,1.248E-40,2.855E-42,2.6480000000000002E-42,1.888E-41,2.1109999999999998E-41,2.08E-35,0.0,0.2607,0.2711,1.187,0.6755,0.03509,0.02186,0.003218,0.001757,0.008616,0.00419,0.0,0.0,3.584E-4,5.073E-4,2.393E-4,0.9959,9.179E-4,4.851E-4,5.768E-4,8.092E-5,9.031E-4,0.0,0.02522,0.001146,0.001326,0.001119,0.1465,0.001486,1.349E-4,1.569E-4,5.592E-4,2.517E-4,
0.0,1048.0,71.67,206.3,123.9,1.132,3.557,0.3428,0.1863,1.19,0.2475,0.0,344.9,0.06074,1.323,0.1185,0.1304,0.1138,0.1885,0.2342,2.508,9.22,0.0,344.9,0.06074,1.323,0.1185,0.1304,0.1138,0.1885,0.2342,2.508,9.22,0.0,0.0,0.0,0.0,0.0,0.0,0.0,0.0,0.0,0.0,0.0,0.0,0.0,216.5,56.5,27.45,1066.0,254.5,20.09,10.94,12.33,5.172,0.0,122.7,2.244,5.939,54.01,16.06,0.2629,0.003385,0.06073,0.01866,0.02982,0.0,0.0,0.0,0.0,0.0,0.0,0.0,0.0,0.0,0.0,0.0,0.0,0.0,0.0,0.0,0.0,0.0,0.0,0.0,0.0,0.0,0.0,0.0,0.0,0.0,0.0,0.0,0.0,0.0,0.0,0.0,0.0,0.0,0.0,0.0,6.185E-4,0.0,198300.0,111900.0,69820.0,43130.0,3.177E7,44490.0,16660.0,30610.0,28140.0,45590.0,0.0,2.128E-39,8.041E-40,7.076999999999999E-39,6.355E-39,2.996E-40,1.236E-40,2.8650000000000003E-42,2.699E-42,1.7419999999999998E-41,2.1109999999999998E-41,2.08E-35,0.0,0.2639,0.2656,1.194,0.6683,0.03711,0.02189,0.003229,0.001789,0.00844,0.004241,0.0,0.0,3.883E-4,5.497E-4,2.593E-4,0.9956,9.945E-4,5.256E-4,6.25E-4,8.767E-5,9.785E-4,0.0,0.02522,0.001147,0.001333,0.00112,0.1465,0.001492,1.406E-4,1.624E-4,5.627E-4,2.588E-4,
0.0,1048.0,81.53,197.3,118.4,1.108,3.553,0.5797,0.2477,1.265,0.4431,0.0,344.9,0.1015,1.28,0.158,0.1301,0.09919,0.188,0.2344,2.996,8.707,0.0,344.9,0.1015,1.28,0.158,0.1301,0.09919,0.188,0.2344,2.996,8.707,0.0,0.0,0.0,0.0,0.0,0.0,0.0,0.0,0.0,0.0,0.0,0.0,0.0,215.0,58.66,27.86,1063.0,254.6,20.12,10.97,12.33,5.23,0.0,122.7,2.147,11.82,49.97,15.83,2.322,0.003485,0.06082,0.01869,0.4928,0.0,0.0,0.0,0.0,0.0,0.0,0.0,0.0,0.0,0.0,0.0,0.0,0.0,0.0,0.0,0.0,0.0,0.0,0.0,0.0,0.0,0.0,0.0,0.0,0.0,0.0,0.0,0.0,0.0,0.0,0.0,0.0,0.0,0.0,0.0,1.0E-4,0.0,198300.0,112800.0,70080.0,42860.0,3.049E7,46480.0,17520.0,32380.0,29390.0,48040.0,0.0,2.128E-39,1.025E-39,6.756999999999999E-39,6.357E-39,2.867E-40,1.475E-40,1.2489999999999998E-41,5.0990000000000004E-42,1.9299999999999998E-41,3.892E-41,2.08E-35,0.0,0.2639,0.3166,1.131,0.6746,0.03619,0.02305,0.00404,0.002001,0.008695,0.006125,0.0,0.0,4.349E-4,6.156E-4,2.904E-4,0.9951,0.001114,5.886E-4,6.999E-4,9.818E-5,0.001096,0.0,0.02522,0.001162,0.001328,0.001132,0.1463,0.001507,1.481E-4,1.737E-4,5.638E-4,2.716E-4,
0.0,1048.0,81.1,193.2,108.6,0.0937,3.829,0.5993,0.2812,1.327,1.003,0.0,344.9,0.07302,1.259,0.1438,0.1376,0.1017,0.1879,0.2341,2.995,8.762,0.0,344.9,0.07302,1.259,0.1438,0.1376,0.1017,0.1879,0.2341,2.995,8.762,0.0,0.0,0.0,0.0,0.0,0.0,0.0,0.0,0.0,0.0,0.0,0.0,0.0,215.6,58.95,27.97,1053.0,254.6,20.12,10.96,12.31,5.632,0.0,122.7,3.618,8.175,66.85,17.63,0.06053,0.003504,0.06084,0.01871,0.1018,0.0,0.0,0.0,0.0,0.0,0.0,0.0,0.0,0.0,0.0,0.0,0.0,0.0,0.0,0.0,0.0,0.0,0.0,0.0,0.0,0.0,0.0,0.0,0.0,0.0,0.0,0.0,0.0,0.0,0.0,0.0,0.0,0.0,0.0,0.0,1.002E-4,0.0,198400.0,115600.0,70000.0,44240.0,2.935E7,45710.0,17180.0,32350.0,30430.0,48610.0,0.0,2.1429999999999998E-39,8.652999999999999E-40,6.682999999999999E-39,6.418E-39,3.62E-40,1.245E-40,1.4429999999999998E-41,7.525E-42,2.453E-41,9.926E-41,2.08E-35,0.0,0.2656,0.2941,1.132,0.6805,0.04283,0.02217,0.004243,0.002255,0.009331,0.01182,0.0,0.0,4.466E-4,6.322E-4,2.982E-4,0.9949,0.001144,6.045E-4,7.188E-4,1.008E-4,0.001125,0.0,0.02522,0.001168,0.001298,0.001141,0.1463,0.001509,1.502E-4,1.765E-4,5.648E-4,2.975E-4,
0.0,1050.0,79.74,188.0,110.8,0.01398,4.438,0.5973,0.2737,1.373,1.01,0.0,344.9,0.08052,1.238,0.1365,0.1457,0.1006,0.1876,0.2315,3.424,8.337,0.0,344.9,0.08052,1.238,0.1365,0.1457,0.1006,0.1876,0.2315,3.424,8.337,0.0,0.0,0.0,0.0,0.0,0.0,0.0,0.0,0.0,0.0,0.0,0.0,0.0,219.6,61.68,28.14,1046.0,254.5,20.12,10.96,12.31,5.835,0.0,122.7,12.0,8.173,57.48,21.05,0.08287,0.003531,0.06086,0.01874,0.06052,0.0,0.0,0.0,0.0,0.0,0.0,0.0,0.0,0.0,0.0,0.0,0.0,0.0,0.0,0.0,0.0,0.0,0.0,0.0,0.0,0.0,0.0,0.0,0.0,0.0,0.0,0.0,0.0,0.0,0.0,0.0,0.0,0.0,0.0,0.0,1.0E-4,0.0,198500.0,120500.0,74810.0,48170.0,2.864E7,44580.0,16810.0,31030.0,28770.0,46500.0,0.0,2.2099999999999998E-39,9.737E-40,6.472E-39,6.13E-39,5.608E-40,1.6349999999999999E-40,1.4369999999999998E-41,7.393000000000001E-42,2.428E-41,9.460999999999998E-41,2.08E-35,0.0,0.2749,0.3107,1.11,0.6591,0.0525,0.02586,0.004228,0.002206,0.009633,0.01134,0.0,0.0,4.466E-4,6.322E-4,2.982E-4,0.9949,0.001144,6.045E-4,7.188E-4,1.008E-4,0.001125,0.0,0.02523,0.001182,0.001315,0.001144,0.1462,0.001509,1.503E-4,1.765E-4,5.67E-4,2.949E-4,
0.0,1050.0,80.06,189.9,112.4,0.01454,3.937,0.5972,0.2744,1.376,1.024,0.0,344.9,0.08197,1.25,0.1345,0.1311,0.1017,0.1877,0.2637,3.91,7.819,0.0,344.9,0.08197,1.25,0.1345,0.1311,0.1017,0.1877,0.2637,3.91,7.819,0.0,0.0,0.0,0.0,0.0,0.0,0.0,0.0,0.0,0.0,0.0,0.0,0.0,223.9,58.23,27.74,1045.0,254.6,20.11,10.94,12.28,5.813,0.0,122.7,8.416,5.0,65.78,15.75,0.09666,0.003577,0.0609,0.01879,0.04276,0.0,0.0,0.0,0.0,0.0,0.0,0.0,0.0,0.0,0.0,0.0,0.0,0.0,0.0,0.0,0.0,0.0,0.0,0.0,0.0,0.0,0.0,0.0,0.0,0.0,0.0,0.0,0.0,0.0,0.0,0.0,0.0,0.0,0.0,0.0,6.819E-4,0.0,198500.0,116400.0,71390.0,46990.0,2.909E7,45180.0,17090.0,31090.0,28280.0,46520.0,0.0,2.218E-39,9.351E-40,6.596E-39,6.324999999999999E-39,2.571E-40,1.252E-40,1.432E-41,7.34E-42,2.357E-41,9.341999999999998E-41,2.08E-35,0.0,0.2767,0.293,1.125,0.6762,0.0345,0.02235,0.00423,0.002212,0.009645,0.01133,0.0,0.0,4.466E-4,6.322E-4,2.982E-4,0.9949,0.001144,6.045E-4,7.188E-4,1.008E-4,0.001125,0.0,0.02523,0.001168,0.001301,0.001139,0.1463,0.001508,1.508E-4,1.773E-4,5.68E-4,2.934E-4,
0.0,1050.0,80.18,189.9,120.2,0.1795,4.333,0.6198,0.3014,1.405,1.077,0.0,344.9,0.0578,1.262,0.1407,0.1337,0.1025,0.1881,0.2643,2.394,9.335,0.0,344.9,0.0578,1.262,0.1407,0.1337,0.1025,0.1881,0.2643,2.394,9.335,0.0,0.0,0.0,0.0,0.0,0.0,0.0,0.0,0.0,0.0,0.0,0.0,0.0,224.3,61.0,28.37,1035.0,251.1,20.12,10.93,12.27,5.798,0.0,122.7,8.121,4.627,58.22,15.31,0.09506,0.003643,0.06094,0.01886,0.03488,0.0,0.0,0.0,0.0,0.0,0.0,0.0,0.0,0.0,0.0,0.0,0.0,0.0,0.0,0.0,0.0,0.0,0.0,0.0,0.0,0.0,0.0,0.0,0.0,0.0,0.0,0.0,0.0,0.0,0.0,0.0,0.0,0.0,0.0,0.0,5.846E-4,0.0,198500.0,116100.0,71510.0,47580.0,3.02E7,46460.0,17760.0,32000.0,28500.0,47790.0,0.0,2.218E-39,7.637E-40,6.679E-39,6.32E-39,2.7299999999999998E-40,1.6799999999999999E-40,1.4309999999999998E-41,7.315000000000001E-42,2.279E-41,9.22E-41,2.08E-35,0.0,0.2767,0.2839,1.123,0.684,0.03513,0.02414,0.004361,0.002375,0.009825,0.01158,0.0,0.0,4.466E-4,6.322E-4,2.982E-4,0.9949,0.001144,6.045E-4,7.188E-4,1.008E-4,0.001125,0.0,0.02523,0.001152,0.001317,0.001169,0.1462,0.001487,1.511E-4,1.776E-4,5.666E-4,2.944E-4,
0.0,1052.0,79.32,187.9,115.4,0.7747,4.74,0.6215,0.3135,1.405,1.085,0.0,344.9,0.05636,1.25,0.1334,0.1553,0.1025,0.1885,0.2649,2.387,9.34,0.0,344.9,0.05636,1.25,0.1334,0.1553,0.1025,0.1885,0.2649,2.387,9.34,0.0,0.0,0.0,0.0,0.0,0.0,0.0,0.0,0.0,0.0,0.0,0.0,0.0,224.1,63.24,28.32,1032.0,251.1,20.11,10.93,12.27,5.792,0.0,122.7,6.954,6.98,60.41,16.08,0.09259,0.003732,0.06101,0.01896,0.03145,0.0,0.0,0.0,0.0,0.0,0.0,0.0,0.0,0.0,0.0,0.0,0.0,0.0,0.0,0.0,0.0,0.0,0.0,0.0,0.0,0.0,0.0,0.0,0.0,0.0,0.0,0.0,0.0,0.0,0.0,0.0,0.0,0.0,0.0,0.0,1.0E-4,0.0,198700.0,114300.0,77500.0,46640.0,3.177E7,48210.0,18700.0,33460.0,29190.0,49890.0,0.0,2.3819999999999998E-39,7.678E-40,6.563E-39,6.133E-39,3.487E-40,1.881E-40,1.4269999999999998E-41,7.891000000000001E-42,2.2749999999999998E-41,9.104E-41,2.08E-35,0.0,0.2925,0.2794,1.118,0.6674,0.04297,0.02624,0.004371,0.002445,0.009811,0.01161,0.0,0.0,4.466E-4,6.322E-4,2.982E-4,0.9949,0.001144,6.045E-4,7.188E-4,1.008E-4,0.001125,0.0,0.02526,0.001141,0.001329,0.001159,0.1462,0.001478,1.514E-4,1.78E-4,5.658E-4,2.945E-4,
0.0,1046.0,90.94,175.9,101.6,0.1854,4.061,0.5722,0.285,1.375,1.067,0.0,344.9,0.08438,1.233,0.1461,0.1343,0.1039,0.1861,0.2639,2.163,9.562,0.0,344.9,0.08438,1.233,0.1461,0.1343,0.1039,0.1861,0.2639,2.163,9.562,0.0,0.0,0.0,0.0,0.0,0.0,0.0,0.0,0.0,0.0,0.0,0.0,0.0,225.5,66.12,28.81,1028.0,251.1,20.11,10.91,12.24,5.765,0.0,120.4,6.798,5.122,76.66,23.99,0.1089,0.02576,0.06645,0.02573,0.03844,0.0,0.0,0.0,0.0,0.0,0.0,0.0,0.0,0.0,0.0,0.0,0.0,0.0,0.0,0.0,0.0,0.0,0.0,0.0,0.0,0.0,0.0,0.0,0.0,0.0,0.0,0.0,0.0,0.0,0.0,0.0,0.0,0.0,0.0,0.0,4.911E-4,0.0,198600.0,113900.0,80690.0,48490.0,3.354E7,50080.0,19740.0,35200.0,30170.0,52490.0,0.0,2.11E-39,8.984E-40,6.5E-39,6.069E-39,3.2109999999999998E-40,1.4679999999999999E-40,1.5729999999999999E-41,7.596000000000001E-42,2.1719999999999997E-41,9.045E-41,2.08E-35,0.0,0.2584,0.3445,1.085,0.6562,0.05274,0.02257,0.004544,0.002441,0.009781,0.01167,0.0,0.0,4.466E-4,6.322E-4,2.982E-4,0.9949,0.001144,6.045E-4,7.188E-4,1.008E-4,0.001125,0.0,0.02525,0.001153,0.001335,0.001173,0.1461,0.001467,1.523E-4,1.786E-4,5.673E-4,2.93E-4,
0.0,1046.0,88.53,176.5,110.5,0.1243,3.897,0.5132,0.2785,1.376,1.041,0.0,344.9,0.07288,1.259,0.1146,0.1319,0.1182,0.1739,0.2731,2.397,9.321,0.0,344.9,0.07288,1.259,0.1146,0.1319,0.1182,0.1739,0.2731,2.397,9.321,0.0,0.0,0.0,0.0,0.0,0.0,0.0,0.0,0.0,0.0,0.0,0.0,0.0,226.5,72.2,28.42,1013.0,250.9,19.65,10.69,14.55,5.413,0.0,120.4,6.499,4.964,71.6,22.44,0.1053,0.005262,0.06048,0.02795,0.02836,0.0,0.0,0.0,0.0,0.0,0.0,0.0,0.0,0.0,0.0,0.0,0.0,0.0,0.0,0.0,0.0,0.0,0.0,0.0,0.0,0.0,0.0,0.0,0.0,0.0,0.0,0.0,0.0,0.0,0.0,0.0,0.0,0.0,0.0,0.0,1.0E-4,0.0,198600.0,120800.0,91710.0,46550.0,3.514E7,50640.0,20360.0,33460.0,45080.0,49750.0,0.0,2.11E-39,7.366E-40,6.429999999999999E-39,6.303E-39,2.734E-40,1.343E-40,1.361E-41,7.053000000000001E-42,2.0489999999999997E-41,8.847999999999999E-41,2.08E-35,0.0,0.2584,0.3274,1.079,0.6824,0.04711,0.02152,0.004236,0.002439,0.009857,0.01156,0.0,0.0,4.466E-4,6.322E-4,2.982E-4,0.9949,0.001144,6.045E-4,7.188E-4,1.008E-4,0.001125,0.0,0.02527,0.001164,0.001367,0.00118,0.1461,0.001458,1.503E-4,1.709E-4,6.172E-4,2.771E-4,
0.0,1046.0,88.28,175.2,116.3,0.9315,3.919,0.5141,0.2802,1.376,1.041,0.0,344.9,0.07237,1.247,0.1178,0.1393,0.1182,0.1739,0.2733,1.333,10.39,0.0,344.9,0.07237,1.247,0.1178,0.1393,0.1182,0.1739,0.2733,1.333,10.39,0.0,0.0,0.0,0.0,0.0,0.0,0.0,0.0,0.0,0.0,0.0,0.0,0.0,226.3,74.29,28.65,1009.0,251.0,19.69,11.03,10.75,5.921,0.0,120.4,6.077,4.757,66.3,22.31,0.08209,0.004449,0.06834,0.01278,0.02857,0.0,0.0,0.0,0.0,0.0,0.0,0.0,0.0,0.0,0.0,0.0,0.0,0.0,0.0,0.0,0.0,0.0,0.0,0.0,0.0,0.0,0.0,0.0,0.0,0.0,0.0,0.0,0.0,0.0,0.0,0.0,0.0,0.0,0.0,0.0,1.0E-4,0.0,198700.0,105200.0,101600.0,46790.0,3.693E7,53470.0,21820.0,39770.0,12680.0,55500.0,0.0,2.11E-39,7.356E-40,6.305999999999999E-39,6.301E-39,3.61E-40,1.326E-40,1.3569999999999998E-41,7.031E-42,1.965E-41,8.748E-41,2.08E-35,0.0,0.2584,0.3254,1.067,0.6853,0.05552,0.02152,0.004236,0.002453,0.009837,0.01156,0.0,0.0,4.466E-4,6.322E-4,2.982E-4,0.9949,0.001144,6.045E-4,7.188E-4,1.008E-4,0.001125,0.0,0.02527,0.001109,0.001392,0.001186,0.1462,0.001461,1.516E-4,1.881E-4,5.204E-4,2.871E-4,
0.0,1046.0,85.92,179.5,122.4,0.1291,2.706,0.4906,0.253,1.329,0.2323,0.0,344.9,0.08559,1.161,0.1252,0.1339,0.1038,0.1111,0.256,1.502,10.38,0.0,344.9,0.08559,1.161,0.1252,0.1339,0.1038,0.1111,0.256,1.502,10.38,0.0,0.0,0.0,0.0,0.0,0.0,0.0,0.0,0.0,0.0,0.0,0.0,0.0,229.5,79.4,27.56,1011.0,246.4,19.77,10.92,10.72,5.103,0.0,120.4,5.898,7.158,58.18,22.07,0.08199,0.003944,0.06825,0.01264,0.02814,0.0,0.0,0.0,0.0,0.0,0.0,0.0,0.0,0.0,0.0,0.0,0.0,0.0,0.0,0.0,0.0,0.0,0.0,0.0,0.0,0.0,0.0,0.0,0.0,0.0,0.0,0.0,0.0,0.0,0.0,0.0,0.0,0.0,0.0,0.0,7.744E-4,0.0,198800.0,105200.0,100100.0,45500.0,3.666E7,53150.0,21740.0,38490.0,12560.0,54180.0,0.0,2.141E-39,8.545E-40,6.293E-39,6.225E-39,3.0829999999999998E-40,1.295E-40,1.4489999999999998E-41,8.255000000000001E-42,2.039E-41,2.7789999999999997E-41,2.08E-35,0.0,0.2616,0.3297,1.083,0.6831,0.04945,0.01363,0.0041,0.002291,0.0095,0.003252,0.0,0.0,4.466E-4,6.322E-4,2.982E-4,0.9949,0.001144,6.045E-4,7.188E-4,1.008E-4,0.001125,0.0,0.02529,0.001116,0.001438,0.001162,0.1461,0.001411,1.504E-4,1.876E-4,5.202E-4,2.863E-4,
0.0,1046.0,83.83,179.1,129.8,0.1203,2.397,0.4671,0.23,1.284,0.2248,0.0,344.9,0.09588,1.154,0.1202,0.1341,0.104,0.1106,0.2577,1.804,10.07,0.0,344.9,0.09588,1.154,0.1202,0.1341,0.104,0.1106,0.2577,1.804,10.07,0.0,0.0,0.0,0.0,0.0,0.0,0.0,0.0,0.0,0.0,0.0,0.0,0.0,232.3,77.29,23.24,1004.0,272.8,14.6,7.667,4.194,4.075,0.0,120.4,6.381,8.445,51.66,21.97,0.07723,0.009506,0.06216,0.01239,0.026,0.0,0.0,0.0,0.0,0.0,0.0,0.0,0.0,0.0,0.0,0.0,0.0,0.0,0.0,0.0,0.0,0.0,0.0,0.0,0.0,0.0,0.0,0.0,0.0,0.0,0.0,0.0,0.0,0.0,0.0,0.0,0.0,0.0,0.0,0.0,1.0E-4,0.0,198800.0,102900.0,95120.0,44990.0,3.447E7,50530.0,21790.0,34800.0,12140.0,51280.0,0.0,2.141E-39,8.651E-40,6.196999999999999E-39,6.277E-39,3.093E-40,1.117E-40,1.3449999999999999E-41,7.217000000000001E-42,1.7349999999999998E-41,2.733E-41,2.08E-35,0.0,0.2616,0.317,1.091,0.6867,0.04961,0.01202,0.003954,0.002137,0.009161,0.00319,0.0,0.0,4.466E-4,6.322E-4,2.982E-4,0.9949,0.001144,6.045E-4,7.188E-4,1.008E-4,0.001125,0.0,0.02529,0.001116,0.001407,0.001173,0.1461,0.001428,1.543E-4,1.795E-4,5.219E-4,2.813E-4,
0.0,1047.0,79.11,184.0,135.6,0.1196,2.415,0.4669,0.2185,1.306,0.2243,0.0,344.9,0.08183,1.175,0.1107,0.1341,0.1051,0.1118,0.2576,2.124,9.753,0.0,344.9,0.08183,1.175,0.1107,0.1341,0.1051,0.1118,0.2576,2.124,9.753,0.0,0.0,0.0,0.0,0.0,0.0,0.0,0.0,0.0,0.0,0.0,0.0,0.0,232.3,80.24,23.97,995.6,269.7,15.32,8.32,4.486,4.261,0.0,120.4,6.206,8.582,44.53,21.98,0.07431,0.009433,0.06214,0.01237,0.02503,0.0,0.0,0.0,0.0,0.0,0.0,0.0,0.0,0.0,0.0,0.0,0.0,0.0,0.0,0.0,0.0,0.0,0.0,0.0,0.0,0.0,0.0,0.0,0.0,0.0,0.0,0.0,0.0,0.0,0.0,0.0,0.0,0.0,0.0,0.0,8.109E-4,0.0,198900.0,101100.0,92180.0,44570.0,3.4E7,49310.0,21360.0,34520.0,12020.0,50780.0,0.0,2.1929999999999998E-39,8.072E-40,6.225E-39,6.213999999999999E-39,3.094E-40,1.12E-40,1.3439999999999998E-41,7.103000000000001E-42,1.6959999999999998E-41,2.727E-41,2.08E-35,0.0,0.2666,0.2991,1.107,0.682,0.04962,0.01216,0.003952,0.002049,0.009297,0.00319,0.0,0.0,4.466E-4,6.322E-4,2.982E-4,0.9949,0.001144,6.045E-4,7.188E-4,1.008E-4,0.001125,0.0,0.0253,0.001108,0.001404,0.001169,0.1461,0.001425,1.569E-4,1.83E-4,5.204E-4,2.789E-4,
0.0,1047.0,77.22,186.8,138.9,0.1368,6.398,0.5335,0.2962,1.391,0.3261,0.0,344.9,0.0706,1.153,0.1436,0.1341,0.1034,0.1118,0.2574,2.513,9.365,0.0,344.9,0.0706,1.153,0.1436,0.1341,0.1034,0.1118,0.2574,2.513,9.365,0.0,0.0,0.0,0.0,0.0,0.0,0.0,0.0,0.0,0.0,0.0,0.0,0.0,238.2,76.93,32.27,996.0,263.1,14.6,7.659,4.253,4.055,0.0,120.4,5.05,8.219,37.05,22.0,0.06648,0.009415,0.06215,0.01238,0.02476,0.0,0.0,0.0,0.0,0.0,0.0,0.0,0.0,0.0,0.0,0.0,0.0,0.0,0.0,0.0,0.0,0.0,0.0,0.0,0.0,0.0,0.0,0.0,0.0,0.0,0.0,0.0,0.0,0.0,0.0,0.0,0.0,0.0,0.0,0.0,6.647E-4,0.0,198900.0,100200.0,94130.0,44600.0,3.455E7,49270.0,21580.0,35170.0,12120.0,51710.0,0.0,2.1929999999999998E-39,7.854E-40,6.218E-39,6.006E-39,3.119E-40,2.899E-40,1.7269999999999999E-41,1.167E-41,2.1659999999999997E-41,3.3779999999999996E-41,2.08E-35,0.0,0.2666,0.2857,1.11,0.6687,0.04993,0.03083,0.004319,0.00249,0.009791,0.003801,0.0,0.0,4.466E-4,6.322E-4,2.982E-4,0.9949,0.001144,6.045E-4,7.188E-4,1.008E-4,0.001125,0.0,0.0253,0.001115,0.001395,0.001169,0.1461,0.001428,1.575E-4,1.832E-4,5.227E-4,2.782E-4,
0.0,1047.0,75.43,187.4,144.6,0.1235,2.652,0.4967,0.2586,1.378,0.4838,0.0,344.9,0.1017,1.162,0.1097,0.1334,0.1049,0.1112,0.2571,2.516,9.355,0.0,344.9,0.1017,1.162,0.1097,0.1334,0.1049,0.1112,0.2571,2.516,9.355,0.0,0.0,0.0,0.0,0.0,0.0,0.0,0.0,0.0,0.0,0.0,0.0,0.0,239.2,77.43,22.48,999.6,272.1,14.87,7.917,4.384,4.135,0.0,120.4,4.222,4.829,45.54,16.58,0.05965,0.009385,0.06213,0.01236,0.02463,0.0,0.0,0.0,0.0,0.0,0.0,0.0,0.0,0.0,0.0,0.0,0.0,0.0,0.0,0.0,0.0,0.0,0.0,0.0,0.0,0.0,0.0,0.0,0.0,0.0,0.0,0.0,0.0,0.0,0.0,0.0,0.0,0.0,0.0,0.0,1.0E-4,0.0,199000.0,101200.0,100500.0,56690.0,3.571E7,50170.0,22190.0,36440.0,12270.0,53680.0,0.0,2.1929999999999998E-39,8.72E-40,6.105999999999999E-39,6.137E-39,3.126E-40,1.1659999999999999E-40,1.5819999999999998E-41,1.0109999999999999E-41,2.2809999999999998E-41,6.285999999999999E-41,2.08E-35,0.0,0.2666,0.2796,1.118,0.6917,0.03949,0.01302,0.004151,0.002323,0.009935,0.006599,0.0,0.0,4.466E-4,6.322E-4,2.982E-4,0.9949,0.001144,6.045E-4,7.188E-4,1.008E-4,0.001125,0.0,0.0253,0.001118,0.001402,0.001196,0.146,0.001434,1.565E-4,1.827E-4,5.231E-4,2.83E-4,
0.0,1048.0,72.56,187.5,139.5,0.1266,2.546,0.5007,0.2643,1.341,0.2905,0.0,344.9,0.07611,1.18,0.107,0.1356,0.1499,0.08736,0.4706,2.284,9.359,0.0,344.9,0.07611,1.18,0.107,0.1356,0.1499,0.08736,0.4706,2.284,9.359,0.0,0.0,0.0,0.0,0.0,0.0,0.0,0.0,0.0,0.0,0.0,0.0,0.0,235.9,81.58,23.5,1006.0,257.5,18.26,11.04,5.623,5.11,0.0,120.4,4.122,8.917,47.05,17.67,0.05672,0.009374,0.06213,0.01235,0.02457,0.0,0.0,0.0,0.0,0.0,0.0,0.0,0.0,0.0,0.0,0.0,0.0,0.0,0.0,0.0,0.0,0.0,0.0,0.0,0.0,0.0,0.0,0.0,0.0,0.0,0.0,0.0,0.0,0.0,0.0,0.0,0.0,0.0,0.0,0.0,1.0E-4,0.0,199000.0,103200.0,102000.0,58060.0,3.732E7,51570.0,23130.0,38170.0,12480.0,56120.0,0.0,2.258E-39,7.617E-40,6.189E-39,6.042E-39,3.838E-40,1.064E-40,1.556E-41,9.695E-42,1.879E-41,3.1379999999999996E-41,2.08E-35,0.0,0.273,0.2659,1.131,0.6845,0.04359,0.01216,0.004139,0.002316,0.009489,0.0036,0.0,0.0,4.466E-4,6.322E-4,2.982E-4,0.9949,0.001144,6.045E-4,7.188E-4,1.008E-4,0.001125,0.0,0.0253,0.001098,0.001399,0.001184,0.1461,0.00142,1.606E-4,1.865E-4,5.232E-4,2.844E-4,
0.0,1048.0,70.43,189.2,135.6,0.127,2.547,0.5009,0.2657,1.339,0.2909,0.0,344.9,0.06763,1.191,0.1013,0.1391,0.1494,0.08742,0.2525,2.006,9.856,0.0,344.9,0.06763,1.191,0.1013,0.1391,0.1494,0.08742,0.2525,2.006,9.856,0.0,0.0,0.0,0.0,0.0,0.0,0.0,0.0,0.0,0.0,0.0,0.0,0.0,235.8,82.51,23.59,1007.0,256.8,18.43,11.2,5.686,5.159,0.0,120.4,4.505,10.57,49.52,17.09,0.05571,0.009368,0.06213,0.01235,0.02454,0.0,0.0,0.0,0.0,0.0,0.0,0.0,0.0,0.0,0.0,0.0,0.0,0.0,0.0,0.0,0.0,0.0,0.0,0.0,0.0,0.0,0.0,0.0,0.0,0.0,0.0,0.0,0.0,0.0,0.0,0.0,0.0,0.0,0.0,0.0,1.0E-4,0.0,199000.0,108000.0,107000.0,65720.0,3.909E7,53510.0,24180.0,40100.0,12690.0,58910.0,0.0,2.258E-39,7.107E-40,6.136E-39,6.121E-39,3.78E-40,1.053E-40,1.5509999999999998E-41,9.699000000000001E-42,1.829E-41,3.137E-41,2.08E-35,0.0,0.273,0.2584,1.131,0.6896,0.04492,0.01217,0.004141,0.002325,0.009474,0.003606,0.0,0.0,4.466E-4,6.322E-4,2.982E-4,0.9949,0.001144,6.045E-4,7.188E-4,1.008E-4,0.001125,0.0,0.02531,0.001093,0.001402,0.001217,0.1461,0.001417,1.587E-4,1.878E-4,5.232E-4,2.842E-4,
0.0,1048.0,70.97,188.1,131.6,2.184,4.407,0.5003,0.2642,1.355,0.2851,0.0,344.9,0.07294,1.18,0.09866,0.1422,0.1173,0.1037,0.2566,0.849,11.02,0.0,344.9,0.07294,1.18,0.09866,0.1422,0.1173,0.1037,0.2566,0.849,11.02,0.0,0.0,0.0,0.0,0.0,0.0,0.0,0.0,0.0,0.0,0.0,0.0,0.0,236.6,87.91,25.57,1007.0,256.8,18.45,11.21,5.722,5.165,0.0,120.4,4.365,11.13,46.48,18.45,0.9078,0.003407,0.06064,0.01049,0.02451,0.0,0.0,0.0,0.0,0.0,0.0,0.0,0.0,0.0,0.0,0.0,0.0,0.0,0.0,0.0,0.0,0.0,0.0,0.0,0.0,0.0,0.0,0.0,0.0,0.0,0.0,0.0,0.0,0.0,0.0,0.0,0.0,0.0,0.0,0.0,1.0E-4,0.0,199000.0,108400.0,119200.0,70310.0,4.102E7,56550.0,24160.0,41860.0,14270.0,61850.0,0.0,2.258E-39,7.363E-40,6.099E-39,5.8149999999999995E-39,5.683E-40,1.807E-40,1.5439999999999998E-41,9.586000000000001E-42,1.7909999999999998E-41,3.13E-41,2.08E-35,0.0,0.273,0.2608,1.119,0.6699,0.0599,0.02123,0.004132,0.002313,0.009514,0.003567,0.0,0.0,4.466E-4,6.322E-4,2.982E-4,0.9949,0.001144,6.045E-4,7.188E-4,1.008E-4,0.001125,0.0,0.02531,0.001085,0.001463,0.001225,0.1459,0.00142,1.53E-4,1.862E-4,5.321E-4,2.827E-4,
0.0,1043.0,80.93,183.0,106.4,1.939,2.467,0.5606,0.3426,1.451,0.3848,0.0,344.9,0.08769,1.131,0.1072,0.165,0.119,0.2263,0.6049,1.194,10.21,0.0,344.9,0.08769,1.131,0.1072,0.165,0.119,0.2263,0.6049,1.194,10.21,0.0,0.0,0.0,0.0,0.0,0.0,0.0,0.0,0.0,0.0,0.0,0.0,0.0,237.0,84.4,23.49,1011.0,257.3,18.57,11.37,5.916,4.948,0.0,122.0,2.574,14.51,71.91,16.94,0.3372,0.07536,0.1506,0.123,0.166,0.0,0.0,0.0,0.0,0.0,0.0,0.0,0.0,0.0,0.0,0.0,0.0,0.0,0.0,0.0,0.0,0.0,0.0,0.0,0.0,0.0,0.0,0.0,0.0,0.0,0.0,0.0,0.0,0.0,0.0,0.0,0.0,0.0,0.0,0.0,1.0E-4,0.0,199400.0,109500.0,113200.0,67220.0,4.276E7,58500.0,25260.0,42850.0,14290.0,64020.0,0.0,2.091E-39,7.768E-40,5.919E-39,5.917E-39,5.015E-40,1.345E-40,2.4799999999999997E-41,2.1289999999999997E-41,3.2509999999999995E-41,4.5349999999999997E-41,2.08E-35,0.0,0.2517,0.3041,1.087,0.6795,0.06113,0.01423,0.004918,0.003301,0.01077,0.004674,0.0,0.0,4.466E-4,6.322E-4,2.982E-4,0.9949,0.001144,6.045E-4,7.188E-4,1.008E-4,0.001125,0.0,0.02531,0.001115,0.001376,0.001206,0.1461,0.00142,1.548E-4,1.897E-4,5.36E-4,2.864E-4,
0.0,1043.0,76.47,183.8,107.7,0.3198,2.109,0.6283,0.4198,1.533,0.4358,0.0,344.9,0.07479,1.14,0.1138,0.1645,0.1186,0.2339,0.2507,0.8111,10.93,0.0,344.9,0.07479,1.14,0.1138,0.1645,0.1186,0.2339,0.2507,0.8111,10.93,0.0,0.0,0.0,0.0,0.0,0.0,0.0,0.0,0.0,0.0,0.0,0.0,0.0,238.8,82.35,25.06,1017.0,257.4,18.55,11.58,6.057,5.585,0.0,122.0,2.354,14.03,73.14,20.11,0.08722,0.01816,0.09287,0.03502,0.1031,0.0,0.0,0.0,0.0,0.0,0.0,0.0,0.0,0.0,0.0,0.0,0.0,0.0,0.0,0.0,0.0,0.0,0.0,0.0,0.0,0.0,0.0,0.0,0.0,0.0,0.0,0.0,0.0,0.0,0.0,0.0,0.0,0.0,0.0,0.0,0.001281,0.0,199400.0,105300.0,115100.0,64430.0,3.889E7,56780.0,22990.0,39070.0,13610.0,59020.0,0.0,2.091E-39,7.229E-40,5.997999999999999E-39,5.957E-39,4.331E-40,9.141999999999999E-41,2.437E-41,2.1459999999999999E-41,3.192E-41,3.187E-41,2.08E-35,0.0,0.2517,0.2842,1.114,0.6843,0.04953,0.01052,0.0049,0.003112,0.01061,0.003215,0.0,0.0,4.466E-4,6.322E-4,2.982E-4,0.9949,0.001144,6.045E-4,7.188E-4,1.008E-4,0.001125,0.0,0.02531,0.001111,0.001387,0.001215,0.146,0.001427,1.566E-4,1.924E-4,5.372E-4,2.891E-4,
0.0,1043.0,76.64,180.0,106.3,0.2762,2.085,0.6084,0.4085,1.517,0.4198,0.0,344.9,0.08137,1.132,0.1083,0.1631,0.1194,0.2292,0.2516,0.8084,10.94,0.0,344.9,0.08137,1.132,0.1083,0.1631,0.1194,0.2292,0.2516,0.8084,10.94,0.0,0.0,0.0,0.0,0.0,0.0,0.0,0.0,0.0,0.0,0.0,0.0,0.0,238.7,85.48,24.35,1008.0,257.8,18.68,12.0,6.255,5.823,0.0,122.0,2.423,15.6,76.66,19.98,0.09607,0.008864,0.09747,0.02429,0.08972,0.0,0.0,0.0,0.0,0.0,0.0,0.0,0.0,0.0,0.0,0.0,0.0,0.0,0.0,0.0,0.0,0.0,0.0,0.0,0.0,0.0,0.0,0.0,0.0,0.0,0.0,0.0,0.0,0.0,0.0,0.0,0.0,0.0,0.0,0.0,1.001E-4,0.0,199600.0,105300.0,107800.0,62990.0,3.736E7,54850.0,22070.0,38020.0,13230.0,57260.0,0.0,2.124E-39,7.705E-40,5.925999999999999E-39,5.903E-39,4.296E-40,8.895999999999999E-41,2.2369999999999997E-41,2.0469999999999998E-41,3.0219999999999997E-41,2.991E-41,2.08E-35,0.0,0.2551,0.2887,1.106,0.6829,0.04905,0.01037,0.004722,0.00305,0.01046,0.003047,0.0,0.0,4.466E-4,6.322E-4,2.982E-4,0.9949,0.001144,6.045E-4,7.188E-4,1.008E-4,0.001125,0.0,0.02531,0.001129,0.001374,0.001202,0.146,0.001429,1.585E-4,1.943E-4,5.375E-4,2.914E-4,
0.0,1044.0,76.36,177.3,100.8,0.2561,1.452,0.611,0.4157,1.518,0.4258,0.0,344.9,0.07514,1.141,0.1085,0.163,0.1166,0.2289,0.2492,0.8171,10.93,0.0,344.9,0.07514,1.141,0.1085,0.163,0.1166,0.2289,0.2492,0.8171,10.93,0.0,0.0,0.0,0.0,0.0,0.0,0.0,0.0,0.0,0.0,0.0,0.0,0.0,241.1,85.91,22.91,1010.0,257.8,18.68,12.0,6.255,5.823,0.0,122.0,3.268,13.33,83.93,21.55,0.2904,0.005577,0.09348,0.01929,0.08348,0.0,0.0,0.0,0.0,0.0,0.0,0.0,0.0,0.0,0.0,0.0,0.0,0.0,0.0,0.0,0.0,0.0,0.0,0.0,0.0,0.0,0.0,0.0,0.0,0.0,0.0,0.0,0.0,0.0,0.0,0.0,0.0,0.0,0.0,0.0,7.543E-4,0.0,199700.0,105600.0,109300.0,66080.0,3.728E7,55440.0,21980.0,38010.0,13210.0,57340.0,0.0,2.158E-39,7.14E-40,5.896E-39,5.964999999999999E-39,4.364E-40,4.4339999999999997E-41,2.2349999999999998E-41,2.0469999999999998E-41,3.0069999999999997E-41,2.9899999999999996E-41,2.08E-35,0.0,0.2589,0.2834,1.105,0.6858,0.05138,0.005638,0.004717,0.003073,0.01043,0.003049,0.0,0.0,4.466E-4,6.322E-4,2.982E-4,0.9949,0.001144,6.045E-4,7.188E-4,1.008E-4,0.001125,0.0,0.02531,0.001132,0.001377,0.001205,0.146,0.001431,1.554E-4,1.952E-4,5.373E-4,2.903E-4,
0.0,1044.0,81.12,170.7,95.1,0.23,1.481,0.613,0.4177,1.517,0.428,0.0,344.9,0.08992,1.125,0.1086,0.163,0.1013,0.2339,0.2393,0.8743,10.9,0.0,344.9,0.08992,1.125,0.1086,0.163,0.1013,0.2339,0.2393,0.8743,10.9,0.0,0.0,0.0,0.0,0.0,0.0,0.0,0.0,0.0,0.0,0.0,0.0,0.0,241.4,85.83,22.87,997.0,259.4,18.67,11.98,6.253,5.782,0.0,122.5,3.136,15.17,89.67,21.02,0.3251,0.004536,0.09223,0.01773,0.08152,0.0,0.0,0.0,0.0,0.0,0.0,0.0,0.0,0.0,0.0,0.0,0.0,0.0,0.0,0.0,0.0,0.0,0.0,0.0,0.0,0.0,0.0,0.0,0.0,0.0,0.0,0.0,0.0,0.0,0.0,0.0,0.0,0.0,0.0,0.0,6.297E-4,0.0,200100.0,112700.0,106600.0,65780.0,3.806E7,60610.0,22430.0,38890.0,13240.0,58700.0,0.0,2.198E-39,7.552E-40,5.8409999999999995E-39,5.922E-39,4.226E-40,4.912999999999999E-41,2.2349999999999998E-41,2.0459999999999997E-41,3.006E-41,2.974E-41,2.08E-35,0.0,0.2629,0.3031,1.085,0.6829,0.04986,0.006069,0.004718,0.003079,0.01043,0.003043,0.0,0.0,4.466E-4,6.322E-4,2.982E-4,0.9949,0.001144,6.045E-4,7.188E-4,1.008E-4,0.001125,0.0,0.02532,0.001136,0.001372,0.0012,0.1459,0.001445,1.558E-4,1.953E-4,5.463E-4,2.814E-4,
