R-TfaEn,REn,RabA,RabB,RabC,RabD,RabE,RabF,RabG,RabH,RabI,TfaEn,area,cMHCIEn,exCxEn,imCxEn,membraneMarker,mvb,oMHCIEn,ovaEn,pepEn,pepMHCIEn,protonEn,solubleMarker,volume,
2.6E-39,0.0089,2200.0,4600.0,3800.0,4099999.9999999995,1400.0,4500.0,240.0,3200.0,6100.0,0.15,4099999.9999999995,1.5E-5,0.097,0.097,0.0,530.0,8.7,0.0,0.0,0.0,2.9E7,1.0,7.8E8,
9.1E-40,0.0065,30.0,2900.0,490.0,4099999.9999999995,1400.0,4400.0,230.0,3100.0,5900.0,0.15,4099999.9999999995,1.5E-5,0.1,0.1,0.0,490.0,8.4,0.0,0.0,0.0,2.9E7,1.0,7.8E8,
2.6E-39,0.0089,2200.0,4600.0,3800.0,3999999.9999999995,1400.0,4500.0,240.0,3200.0,6000.0,0.15,4099999.9999999995,1.6E-5,0.097,0.097,0.0,510.0,8.7,0.0,0.0,0.0,2.8E7,1.0,7.7E8,
9.1E-40,0.0064,30.0,2900.0,490.0,3999999.9999999995,1400.0,4400.0,230.0,3100.0,5900.0,0.15,4099999.9999999995,1.7E-5,0.099,0.099,0.0,460.0,8.4,0.0,0.0,0.0,2.7E7,1.0,7.7E8,
2.6E-39,0.0089,2200.0,4600.0,3800.0,3999999.9999999995,1400.0,4500.0,240.0,3200.0,6000.0,0.15,3999999.9999999995,1.9E-5,0.097,0.097,0.0,450.0,8.6,0.0,0.0,0.0,2.6E7,1.0,7.6E8,
9.1E-40,0.0064,30.0,2900.0,490.0,3999999.9999999995,1400.0,4400.0,230.0,3100.0,5900.0,0.15,4099999.9999999995,2.1E-5,0.099,0.099,0.0,430.0,8.4,0.0,0.0,0.0,2.5E7,1.0,7.7E8,
2.6E-39,0.0088,2200.0,4600.0,3800.0,3999999.9999999995,1400.0,4500.0,240.0,3200.0,6000.0,0.15,3999999.9999999995,2.3E-5,0.096,0.096,0.0,430.0,8.6,0.0,0.0,0.0,2.4E7,1.0,7.5E8,
9.1E-40,0.0064,30.0,2900.0,490.0,3999999.9999999995,1400.0,4400.0,230.0,3100.0,5900.0,0.15,4099999.9999999995,2.2E-5,0.099,0.099,0.0,400.0,8.4,0.0,0.0,0.0,2.5E7,1.0,7.7E8,
2.6E-39,0.0088,2200.0,4600.0,3800.0,3999999.9999999995,1400.0,4500.0,240.0,3200.0,6000.0,0.15,3999999.9999999995,2.5E-5,0.096,0.096,0.0,400.0,8.6,0.0,0.0,0.0,2.3E7,1.0,7.5E8,
9.1E-40,0.0064,30.0,2900.0,490.0,3999999.9999999995,1400.0,4400.0,230.0,3100.0,5900.0,0.15,4099999.9999999995,2.1E-5,0.099,0.099,0.0,370.0,8.4,0.0,0.0,0.0,2.5E7,1.0,7.7E8,
2.6E-39,0.0088,2200.0,4600.0,3800.0,3999999.9999999995,1400.0,4500.0,240.0,3200.0,6000.0,0.15,3999999.9999999995,2.4E-5,0.096,0.096,0.0,400.0,8.6,0.0,0.0,0.0,2.4E7,1.0,7.5E8,
9.1E-40,0.0064,30.0,2900.0,490.0,3999999.9999999995,1400.0,4400.0,230.0,3100.0,5900.0,0.15,4099999.9999999995,1.9E-5,0.099,0.099,0.0,350.0,8.4,0.0,0.0,0.0,2.6E7,1.0,7.7E8,
2.6E-39,0.0088,2200.0,4600.0,3800.0,3999999.9999999995,1400.0,4500.0,240.0,3200.0,6000.0,0.15,3999999.9999999995,2.2E-5,0.096,0.096,0.0,380.0,8.6,0.0,0.0,0.0,2.5E7,1.0,7.5E8,
9.1E-40,0.0064,30.0,2900.0,490.0,3999999.9999999995,1400.0,4400.0,230.0,3100.0,5900.0,0.15,4099999.9999999995,1.6E-5,0.099,0.099,0.0,330.0,8.4,0.0,0.0,0.0,2.7E7,1.0,7.7E8,
2.6E-38,0.12,1900.0,190000.0,490.0,1.0E7,2100.0,2000.0,1400.0,6200.0,4400.0,0.3,1.0E7,8.2,0.26,0.26,0.0,870.0,10.0,0.0,0.0,0.0,5.4E7,1.0,1.6E9,
2.0000000000000002E-38,0.087,1900.0,140000.0,480.0,9900000.0,2100.0,2000.0,1400.0,6200.0,4300.0,0.29,1.0E7,3.3E-5,0.22,0.22,0.0,840.0,17.0,0.0,0.0,0.0,5.1E7,1.0,1.6E9,
5.4E-39,0.024,1900.0,31000.0,480.0,9600000.0,2100.0,2000.0,1300.0,6200.0,4300.0,0.29,9700000.0,4.9E-5,0.13,0.13,0.0,820.0,17.0,0.0,1.3E-18,3.5E-30,4.8E7,1.0,1.6E9,
1.3999999999999999E-39,0.0062,1900.0,560.0,480.0,9500000.0,2100.0,2000.0,1300.0,6200.0,4300.0,0.29,9500000.0,2.6E-5,0.11,0.11,0.0,810.0,17.0,0.0,5.6E-17,2.6000000000000004E-28,4.5E7,1.0,1.6E9,
1.3999999999999999E-39,0.0062,1900.0,560.0,480.0,9500000.0,2100.0,2000.0,1300.0,6200.0,4300.0,0.29,9500000.0,6.5E-5,0.11,0.11,0.0,810.0,16.0,0.0,1.9E-16,3.2000000000000003E-27,4.3E7,1.0,1.6E9,
2.0000000000000002E-38,0.14,1600.0,150000.0,1200.0,1.1E7,33000.0,6500.0,2200.0,7200.0,5100.0,0.29,1.1E7,9.2E-5,0.22,0.22,0.0,880.0,21.0,0.0,9.4E-16,3.7E-23,4.2E7,1.0,1.6E9,
9.5E-39,0.066,1600.0,64000.0,1200.0,1.0E7,650.0,6500.0,2200.0,7200.0,5100.0,0.29,1.0E7,4.6E-5,0.16,0.16,0.0,880.0,20.0,0.0,2.3E-15,9.6E-24,4.1E7,1.0,1.6E9,
1.8E-39,0.013,1600.0,3300.0,1200.0,1.0E7,650.0,6500.0,2200.0,7200.0,5100.0,0.29,1.0E7,5.2E-5,0.11,0.11,0.0,880.0,19.0,0.0,3.3E-15,1.2999999999999998E-24,4.0E7,1.0,1.6E9,
1.8E-39,0.012,1600.0,3300.0,1200.0,9400000.0,640.0,6500.0,2200.0,7200.0,5100.0,0.29,9500000.0,9.9E-5,0.11,0.11,0.0,880.0,18.0,0.0,5.9E-15,7.1E-25,3.9E7,1.0,1.6E9,
1.7E-39,0.012,1600.0,3300.0,1200.0,9100000.0,640.0,6500.0,2200.0,7200.0,5100.0,0.29,9200000.0,1.0E-4,0.11,0.11,0.0,870.0,18.0,0.0,9.9E-15,6.0E-25,3.8E7,1.0,1.6E9,
1.7E-39,0.011,1600.0,3300.0,1200.0,8500000.0,640.0,6500.0,2200.0,7200.0,5100.0,0.29,8500000.0,1.0E-4,0.1,0.1,0.0,870.0,17.0,0.0,1.4E-14,6.699999999999999E-25,3.7E7,1.0,1.5E9,
1.6E-39,0.011,1600.0,3300.0,1200.0,8099999.999999999,640.0,6500.0,2200.0,7100.0,5100.0,0.29,8099999.999999999,1.0E-4,0.1,0.1,0.0,880.0,16.0,0.0,2.0E-14,9.0E-25,3.6E7,1.0,1.5E9,
1.6E-39,0.011,1600.0,3300.0,1200.0,7899999.999999999,640.0,6500.0,2200.0,7100.0,5100.0,0.29,7999999.999999999,1.1E-4,0.099,0.099,0.0,880.0,16.0,0.0,3.1E-14,1.4999999999999998E-24,3.5E7,1.0,1.5E9,
1.6E-39,0.011,1600.0,3300.0,1200.0,7799999.999999999,640.0,6500.0,2200.0,7100.0,5100.0,0.29,7799999.999999999,1.1E-4,0.097,0.097,0.0,870.0,16.0,0.0,4.2E-14,2.1999999999999996E-24,3.5E7,1.0,1.5E9,
1.4999999999999998E-39,0.01,1600.0,3300.0,1200.0,7299999.999999999,640.0,6500.0,2200.0,7100.0,5100.0,0.29,7299999.999999999,1.1E-4,0.094,0.094,0.0,870.0,15.0,0.0,5.1E-14,2.6999999999999997E-24,3.4E7,1.0,1.5E9,
1.4999999999999998E-39,0.01,1600.0,3300.0,1200.0,7099999.999999999,640.0,6500.0,2200.0,7100.0,5100.0,0.29,7099999.999999999,1.1E-4,0.092,0.092,0.0,870.0,14.0,0.0,6.2E-14,3.4E-24,3.4E7,1.0,1.5E9,
1.4999999999999998E-39,0.01,1600.0,3300.0,1200.0,6899999.999999999,640.0,6500.0,2100.0,7100.0,5100.0,0.29,6999999.999999999,1.1E-4,0.091,0.091,0.0,860.0,14.0,0.0,7.4E-14,4.0999999999999994E-24,3.4E7,1.0,1.5E9,
1.3999999999999999E-39,0.01,1600.0,3300.0,1200.0,6799999.999999999,640.0,6500.0,2100.0,7100.0,5000.0,0.28,6799999.999999999,1.1E-4,0.09,0.09,0.0,840.0,14.0,0.0,8.8E-14,5.0E-24,3.3E7,1.0,1.5E9,
1.3999999999999999E-39,0.0099,1600.0,3300.0,1200.0,6799999.999999999,640.0,6500.0,2100.0,7100.0,5000.0,0.28,6799999.999999999,1.1E-4,0.09,0.09,0.0,840.0,14.0,0.0,1.1E-13,6.3E-24,3.3E7,1.0,1.5E9,
1.3999999999999999E-39,0.0098,1600.0,3300.0,1200.0,6599999.999999999,640.0,6500.0,2100.0,7100.0,5000.0,0.28,6599999.999999999,1.1E-4,0.089,0.089,0.0,830.0,14.0,0.0,1.2E-13,7.4E-24,3.3E7,1.0,1.5E9,
1.3999999999999999E-39,0.0096,1600.0,3300.0,1200.0,6399999.999999999,640.0,6500.0,2100.0,7100.0,5000.0,0.28,6399999.999999999,1.1E-4,0.087,0.087,0.0,830.0,13.0,0.0,1.5E-13,8.7E-24,3.3E7,1.0,1.5E9,
1.3999999999999999E-39,0.0096,1600.0,3300.0,1200.0,6399999.999999999,640.0,6500.0,2100.0,7100.0,5000.0,0.28,6399999.999999999,9.6E-5,0.087,0.087,0.0,830.0,13.0,0.0,1.8E-13,1.0E-23,3.4E7,1.0,1.5E9,
1.3999999999999999E-39,0.0096,1600.0,3300.0,1200.0,6399999.999999999,640.0,6500.0,2100.0,7100.0,5000.0,0.28,6399999.999999999,8.1E-5,0.087,0.087,0.0,830.0,13.0,0.0,2.2E-13,1.1E-23,3.6E7,1.0,1.5E9,
1.3999999999999999E-39,0.0096,1600.0,3300.0,1200.0,6399999.999999999,640.0,6500.0,2100.0,7100.0,5000.0,0.28,6399999.999999999,6.6E-5,0.087,0.087,0.0,830.0,13.0,0.0,2.7E-13,1.2E-23,3.9E7,1.0,1.5E9,
1.3999999999999999E-39,0.0096,1600.0,3300.0,1200.0,6399999.999999999,640.0,6500.0,2100.0,7100.0,5000.0,0.28,6399999.999999999,5.3E-5,0.087,0.087,0.0,830.0,13.0,0.0,3.2E-13,1.1E-23,4.2E7,1.0,1.5E9,
1.3999999999999999E-39,0.0096,1600.0,3300.0,1200.0,6399999.999999999,640.0,6500.0,2100.0,7100.0,5000.0,0.28,6399999.999999999,4.3E-5,0.087,0.087,0.0,830.0,13.0,0.0,3.8E-13,1.1E-23,4.5E7,1.0,1.5E9,
1.3999999999999999E-39,0.0096,1600.0,3300.0,1200.0,6399999.999999999,640.0,6500.0,2100.0,7100.0,5000.0,0.28,6399999.999999999,3.5E-5,0.087,0.087,0.0,820.0,13.0,0.0,4.4E-13,1.1E-23,4.9E7,1.0,1.5E9,
1.3999999999999999E-39,0.0096,1600.0,3300.0,1200.0,6399999.999999999,640.0,6500.0,2100.0,7100.0,5000.0,0.28,6399999.999999999,2.9E-5,0.087,0.087,0.0,820.0,13.0,0.0,5.1E-13,1.0E-23,5.2E7,1.0,1.5E9,
1.3999999999999999E-39,0.0096,1600.0,3300.0,1200.0,6399999.999999999,640.0,6500.0,2100.0,7100.0,5000.0,0.28,6399999.999999999,2.8E-5,0.087,0.087,0.0,820.0,13.0,0.0,5.8E-13,9.899999999999999E-24,5.3E7,1.0,1.5E9,
1.3999999999999999E-39,0.0096,1600.0,3300.0,1200.0,6399999.999999999,640.0,6500.0,2100.0,7100.0,5000.0,0.28,6399999.999999999,3.3E-5,0.087,0.087,0.0,810.0,13.0,0.0,6.6E-13,1.2E-23,5.0E7,1.0,1.5E9,
1.3999999999999999E-39,0.0096,1600.0,3300.0,1200.0,6399999.999999999,640.0,6500.0,2100.0,7100.0,5000.0,0.28,6399999.999999999,3.3E-5,0.087,0.087,0.0,810.0,13.0,0.0,7.6E-13,1.4000000000000002E-23,5.0E7,1.0,1.5E9,
1.3999999999999999E-39,0.0096,1600.0,3300.0,1200.0,6399999.999999999,640.0,6500.0,2100.0,7100.0,5000.0,0.28,6399999.999999999,3.1E-5,0.087,0.087,0.0,800.0,13.0,0.0,8.7E-13,1.6000000000000002E-23,5.1E7,1.0,1.5E9,
1.3999999999999999E-39,0.0096,1600.0,3300.0,1200.0,6399999.999999999,640.0,6500.0,2100.0,7100.0,5000.0,0.28,6399999.999999999,2.8E-5,0.087,0.087,0.0,790.0,13.0,0.0,1.0E-12,1.8E-23,5.3E7,1.0,1.5E9,
1.3999999999999999E-39,0.0096,1600.0,3300.0,1200.0,6399999.999999999,640.0,6500.0,2100.0,7100.0,5000.0,0.28,6399999.999999999,2.4E-5,0.087,0.087,0.0,790.0,13.0,0.0,1.2E-12,1.8E-23,5.6E7,1.0,1.5E9,
1.3999999999999999E-39,0.0096,1600.0,3300.0,1200.0,6399999.999999999,640.0,6500.0,2100.0,7100.0,5000.0,0.28,6399999.999999999,2.1E-5,0.087,0.087,0.0,790.0,13.0,0.0,1.3E-12,1.8E-23,5.9E7,1.0,1.5E9,
1.3999999999999999E-39,0.0096,1600.0,3300.0,1200.0,6399999.999999999,640.0,6500.0,2100.0,7100.0,5000.0,0.28,6399999.999999999,1.8E-5,0.087,0.087,0.0,790.0,13.0,0.0,1.5E-12,1.8E-23,6.2E7,1.0,1.5E9,
1.3999999999999999E-39,0.0096,1600.0,3300.0,1200.0,6399999.999999999,640.0,6500.0,2100.0,7100.0,5000.0,0.28,6399999.999999999,1.5E-5,0.087,0.087,0.0,790.0,13.0,0.0,1.7E-12,1.7E-23,6.6E7,1.0,1.5E9,
1.3999999999999999E-39,0.0096,1600.0,3300.0,1200.0,6399999.999999999,640.0,6500.0,2100.0,7100.0,5000.0,0.28,6399999.999999999,2.0E-5,0.087,0.087,0.0,790.0,13.0,0.0,1.8E-12,2.0E-23,6.0E7,1.0,1.5E9,
1.3999999999999999E-39,0.0096,1600.0,3300.0,1200.0,6399999.999999999,640.0,6500.0,2100.0,7100.0,5000.0,0.28,6399999.999999999,2.2E-5,0.087,0.087,0.0,780.0,13.0,0.0,2.1E-12,2.6E-23,5.8E7,1.0,1.5E9,
1.3999999999999999E-39,0.0096,1600.0,3300.0,1200.0,6399999.999999999,640.0,6500.0,2100.0,7100.0,5000.0,0.28,6399999.999999999,2.2E-5,0.087,0.087,0.0,770.0,13.0,0.0,2.3E-12,3.0E-23,5.8E7,1.0,1.5E9,
1.3999999999999999E-39,0.0096,1600.0,3300.0,1200.0,6399999.999999999,640.0,6500.0,2100.0,7100.0,5000.0,0.28,6399999.999999999,2.1E-5,0.087,0.087,0.0,770.0,13.0,0.0,2.5E-12,3.3E-23,5.9E7,1.0,1.5E9,
1.3999999999999999E-39,0.0096,1600.0,3300.0,1200.0,6399999.999999999,640.0,6500.0,2100.0,7100.0,5000.0,0.28,6399999.999999999,1.9E-5,0.087,0.087,0.0,770.0,13.0,0.0,2.9E-12,3.4E-23,6.2E7,1.0,1.5E9,
1.3999999999999999E-39,0.0096,1600.0,3300.0,1200.0,6399999.999999999,640.0,6500.0,2100.0,7100.0,5000.0,0.28,6399999.999999999,1.6E-5,0.087,0.087,0.0,760.0,13.0,0.0,3.2E-12,3.4E-23,6.5E7,1.0,1.5E9,
1.3999999999999999E-39,0.0096,1600.0,3300.0,1200.0,6399999.999999999,640.0,6500.0,2100.0,7100.0,5000.0,0.28,6399999.999999999,1.4E-5,0.087,0.087,0.0,750.0,13.0,0.0,3.5E-12,3.4E-23,6.8E7,1.0,1.5E9,
1.3999999999999999E-39,0.0096,1600.0,3300.0,1200.0,6399999.999999999,640.0,6500.0,2100.0,7100.0,5000.0,0.28,6399999.999999999,1.3E-5,0.087,0.087,0.0,740.0,13.0,0.0,3.8E-12,3.3E-23,7.0E7,1.0,1.5E9,
1.3999999999999999E-39,0.0096,1600.0,3300.0,1200.0,6399999.999999999,640.0,6500.0,2100.0,7100.0,5000.0,0.28,6399999.999999999,1.5E-5,0.087,0.087,0.0,740.0,13.0,0.0,4.2E-12,3.5E-23,6.6E7,1.0,1.5E9,
1.3999999999999999E-39,0.0096,1600.0,3300.0,1200.0,6399999.999999999,640.0,6500.0,2100.0,7100.0,5000.0,0.28,6399999.999999999,1.8E-5,0.087,0.087,0.0,730.0,13.0,0.0,4.6E-12,4.6E-23,6.2E7,1.0,1.5E9,
1.3999999999999999E-39,0.0096,1600.0,3300.0,1200.0,6399999.999999999,640.0,6500.0,2100.0,7100.0,5000.0,0.28,6399999.999999999,1.9E-5,0.087,0.087,0.0,730.0,13.0,0.0,5.0E-12,5.600000000000001E-23,6.1E7,1.0,1.5E9,
1.3999999999999999E-39,0.0096,1600.0,3300.0,1200.0,6399999.999999999,640.0,6500.0,2100.0,7100.0,5000.0,0.28,6399999.999999999,1.8E-5,0.087,0.087,0.0,730.0,13.0,0.0,5.4E-12,6.1E-23,6.2E7,1.0,1.5E9,
1.3999999999999999E-39,0.0096,1600.0,3300.0,1200.0,6399999.999999999,640.0,6500.0,2100.0,7100.0,5000.0,0.28,6399999.999999999,1.7E-5,0.087,0.087,0.0,720.0,13.0,0.0,6.0E-12,6.400000000000001E-23,6.4E7,1.0,1.5E9,
1.3999999999999999E-39,0.0096,1600.0,3300.0,1200.0,6399999.999999999,640.0,6500.0,2100.0,7100.0,5000.0,0.28,6399999.999999999,1.5E-5,0.087,0.087,0.0,720.0,13.0,0.0,6.5E-12,6.5E-23,6.6E7,1.0,1.5E9,
1.3999999999999999E-39,0.0096,1600.0,3300.0,1200.0,6399999.999999999,640.0,6500.0,2100.0,7100.0,5000.0,0.28,6399999.999999999,1.3E-5,0.087,0.087,0.0,710.0,13.0,0.0,7.2E-12,6.400000000000001E-23,7.0E7,1.0,1.5E9,
1.3999999999999999E-39,0.0096,1600.0,3300.0,1200.0,6399999.999999999,640.0,6500.0,2100.0,7100.0,5000.0,0.28,6399999.999999999,1.2E-5,0.087,0.087,0.0,700.0,13.0,0.0,7.7E-12,6.2E-23,7.2E7,1.0,1.5E9,
1.3999999999999999E-39,0.0096,1600.0,3300.0,1200.0,6399999.999999999,640.0,6500.0,2100.0,7100.0,5000.0,0.28,6399999.999999999,1.2E-5,0.087,0.087,0.0,700.0,13.0,0.0,8.4E-12,6.1E-23,7.1E7,1.0,1.5E9,
1.3999999999999999E-39,0.0096,1600.0,3300.0,1200.0,6399999.999999999,640.0,6500.0,2100.0,7100.0,5000.0,0.28,6399999.999999999,1.6E-5,0.087,0.087,0.0,700.0,13.0,0.0,9.0E-12,7.6E-23,6.5E7,1.0,1.5E9,
1.4E-38,0.11,43000.0,180000.0,24000.0,9700000.0,2700.0,10000.0,9700.0,15000.0,6300.0,0.29,1.0E7,6.3,0.29,0.29,0.0,1100.0,39.0,43.0,8.9E-11,6.1E-17,6.5E7,1.0,1.6E9,
1.1E-38,0.083,5000.0,160000.0,1900.0,9600000.0,2700.0,10000.0,2100.0,2100.0,6300.0,0.29,9800000.0,2.4E-5,0.27,0.27,0.0,1100.0,15.0,2.3,9.0E-11,2.7E-17,6.1E7,1.0,1.6E9,
2.7999999999999998E-39,0.021,5000.0,31000.0,1900.0,9500000.0,2700.0,2700.0,2100.0,2100.0,6300.0,0.29,9600000.0,1.2E-5,0.16,0.16,0.0,1100.0,15.0,0.32,9.0E-11,4.4E-18,5.9E7,1.0,1.6E9,
9.4E-40,0.0069,5000.0,3200.0,1800.0,9000000.0,2700.0,2700.0,2100.0,2100.0,6300.0,0.29,9000000.0,2.8E-5,0.13,0.13,0.0,1100.0,14.0,0.043,9.0E-11,9.9E-19,5.6E7,1.0,1.6E9,
9.1E-40,0.0067,5000.0,3200.0,1800.0,8700000.0,2700.0,2700.0,2100.0,2100.0,6300.0,0.29,8700000.0,3.1E-5,0.13,0.13,0.0,1100.0,14.0,0.0022,9.0E-11,5.3E-19,5.4E7,1.0,1.6E9,
8.7E-40,0.0064,5000.0,3200.0,1800.0,7999999.999999999,2700.0,2700.0,2100.0,2100.0,6300.0,0.29,7999999.999999999,3.0E-5,0.12,0.12,0.0,1000.0,13.0,8.0E-4,9.0E-11,4.1E-19,5.3E7,1.0,1.6E9,
8.3E-40,0.0061,5000.0,3200.0,1800.0,7499999.999999999,2700.0,2700.0,2100.0,2100.0,6300.0,0.28,7499999.999999999,3.1E-5,0.12,0.12,0.0,1000.0,12.0,1.1E-4,9.0E-11,2.7E-19,5.1E7,1.0,1.6E9,
8.2E-40,0.0061,5000.0,3200.0,1800.0,7299999.999999999,2700.0,2700.0,2100.0,2100.0,6300.0,0.28,7299999.999999999,3.6E-5,0.12,0.12,0.0,1000.0,12.0,2.0E-6,9.0E-11,1.2E-19,4.8E7,1.0,1.6E9,
8.0E-40,0.0059,5000.0,3200.0,1800.0,6999999.999999999,2700.0,2700.0,2100.0,2100.0,6300.0,0.28,6999999.999999999,3.7E-5,0.11,0.11,0.0,1000.0,12.0,2.7E-7,9.0E-11,7.8E-20,4.7E7,1.0,1.6E9,
7.7E-40,0.0057,5000.0,3200.0,1800.0,6499999.999999999,2700.0,2700.0,2100.0,2100.0,6300.0,0.28,6499999.999999999,3.6E-5,0.11,0.11,0.0,1000.0,11.0,1.0E-7,9.0E-11,6.2E-20,4.6E7,1.0,1.6E9,
7.7E-40,0.0056,5000.0,3200.0,1800.0,6499999.999999999,2700.0,2700.0,2100.0,2100.0,6300.0,0.28,6499999.999999999,4.1E-5,0.11,0.11,0.0,1000.0,11.0,6.9E-10,9.1E-11,2.4E-20,4.4E7,1.0,1.6E9,
7.7E-40,0.0056,5000.0,3200.0,1800.0,6499999.999999999,2700.0,2700.0,2100.0,2100.0,6300.0,0.28,6499999.999999999,4.1E-5,0.11,0.11,0.0,990.0,11.0,1.7E-12,9.3E-11,9.0E-21,4.4E7,1.0,1.6E9,
7.7E-40,0.0056,5000.0,3200.0,1800.0,6499999.999999999,2700.0,2700.0,2100.0,2100.0,6300.0,0.28,6499999.999999999,3.8E-5,0.11,0.11,0.0,980.0,11.0,4.4E-15,9.4E-11,4.4E-21,4.5E7,1.0,1.6E9,
7.7E-40,0.0056,5000.0,3200.0,1800.0,6499999.999999999,2700.0,2700.0,2100.0,2100.0,6300.0,0.28,6499999.999999999,3.3E-5,0.11,0.11,0.0,960.0,11.0,1.1E-17,9.6E-11,2.8E-21,4.8E7,1.0,1.6E9,
7.7E-40,0.0056,5000.0,3200.0,1800.0,6499999.999999999,2700.0,2700.0,2100.0,2100.0,6300.0,0.28,6499999.999999999,2.8E-5,0.11,0.11,0.0,950.0,11.0,2.7E-20,9.8E-11,2.2E-21,5.0E7,1.0,1.6E9,
7.7E-40,0.0056,5000.0,3200.0,1800.0,6499999.999999999,2700.0,2700.0,2100.0,2100.0,6300.0,0.28,6499999.999999999,2.4E-5,0.11,0.11,0.0,930.0,11.0,2.6999999999999997E-22,1.0E-10,1.8E-21,5.3E7,1.0,1.6E9,
1.2E-38,0.17,110000.0,130000.0,60000.0,9600000.0,2700.0,2700.0,2100.0,2100.0,6300.0,0.29,1.0E7,7.6,0.2,0.2,0.0,1100.0,42.0,28.0,2.0E-10,1.4E-15,5.8E7,1.0,1.6E9,
6.7E-39,0.094,76000.0,58000.0,47000.0,9600000.0,2700.0,2700.0,2100.0,2100.0,6300.0,0.29,9800000.0,9.3E-5,0.15,0.15,0.0,1100.0,40.0,0.57,2.0E-10,3.5E-16,5.4E7,1.0,1.6E9,
8.0E-40,0.011,18000.0,77.0,4300.0,9300000.0,2700.0,2700.0,2100.0,2100.0,6300.0,0.29,9400000.0,2.6E-5,0.1,0.1,0.0,1100.0,9.7,0.011,2.1E-10,1.9E-17,5.1E7,1.0,1.6E9,
7.9E-40,0.011,270.0,77.0,4300.0,9100000.0,2700.0,2700.0,2100.0,2100.0,6300.0,0.29,9100000.0,3.0E-5,0.1,0.1,0.0,1100.0,9.5,2.0E-4,2.1E-10,8.3E-18,4.8E7,1.0,1.6E9,
7.7E-40,0.011,270.0,77.0,4300.0,8800000.0,2700.0,2700.0,2100.0,2100.0,6300.0,0.28,8800000.0,3.3E-5,0.1,0.1,0.0,1100.0,9.3,3.8E-6,2.1E-10,3.6E-18,4.6E7,1.0,1.6E9,
7.5E-40,0.011,270.0,77.0,4300.0,8500000.0,2700.0,2700.0,2100.0,2100.0,6300.0,0.28,8500000.0,3.5E-5,0.099,0.099,0.0,1100.0,9.1,1.9E-7,2.1E-10,2.0E-18,4.5E7,1.0,1.6E9,
7.4E-40,0.01,270.0,77.0,4300.0,8199999.999999999,2700.0,2700.0,2100.0,2100.0,6300.0,0.28,8199999.999999999,3.8E-5,0.097,0.097,0.0,1100.0,8.9,9.4E-9,2.1E-10,1.1E-18,4.3E7,1.0,1.6E9,
7.0E-40,0.0098,270.0,77.0,4300.0,7599999.999999999,2700.0,2700.0,2100.0,2100.0,6300.0,0.28,7699999.999999999,3.9E-5,0.093,0.093,0.0,1100.0,8.5,4.7E-10,2.1E-10,5.5E-19,4.2E7,1.0,1.6E9,
6.7E-40,0.0094,270.0,77.0,4300.0,7099999.999999999,2700.0,2700.0,2100.0,2100.0,6200.0,0.28,7199999.999999999,3.9E-5,0.09,0.09,0.0,1100.0,8.1,6.4E-11,2.1E-10,3.6E-19,4.1E7,1.0,1.6E9,
6.5E-40,0.0092,270.0,77.0,4300.0,6799999.999999999,2700.0,2700.0,2100.0,2100.0,6200.0,0.28,6899999.999999999,3.8E-5,0.087,0.087,0.0,1100.0,7.9,6.3E-11,2.1E-10,3.5E-19,4.1E7,1.0,1.6E9,
6.4E-40,0.0089,270.0,77.0,4300.0,6499999.999999999,2700.0,2700.0,2100.0,2100.0,6200.0,0.28,6499999.999999999,4.0E-5,0.085,0.085,0.0,1100.0,7.7,1.2E-12,2.1E-10,1.6E-19,3.9E7,1.0,1.6E9,
6.4E-40,0.0089,270.0,77.0,4300.0,6499999.999999999,2700.0,2700.0,2100.0,2100.0,6200.0,0.28,6499999.999999999,4.1E-5,0.085,0.085,0.0,1100.0,7.7,3.0E-15,2.1E-10,5.1E-20,3.9E7,1.0,1.6E9,
6.4E-40,0.0089,270.0,77.0,4300.0,6499999.999999999,2700.0,2700.0,2100.0,2100.0,6200.0,0.28,6499999.999999999,3.7E-5,0.085,0.085,0.0,1100.0,7.7,7.5E-18,2.1E-10,1.9E-20,4.1E7,1.0,1.6E9,
6.3E-40,0.0089,270.0,77.0,4300.0,6499999.999999999,2700.0,2700.0,2100.0,2100.0,6200.0,0.28,6499999.999999999,3.9E-5,0.085,0.085,0.0,1100.0,7.7,5.1E-20,2.1E-10,1.0E-20,4.0E7,1.0,1.6E9,
6.3E-40,0.0089,270.0,77.0,4300.0,6499999.999999999,2700.0,2700.0,2100.0,2100.0,6200.0,0.28,6499999.999999999,3.7E-5,0.085,0.085,0.0,1100.0,7.6,1.3E-22,2.1E-10,6.7E-21,4.0E7,1.0,1.6E9,
6.3E-40,0.0089,270.0,77.0,4300.0,6499999.999999999,2700.0,2700.0,2100.0,2100.0,6200.0,0.28,6499999.999999999,3.3E-5,0.085,0.085,0.0,1100.0,7.6,3.3E-25,2.2E-10,5.4E-21,4.2E7,1.0,1.6E9,
6.3E-40,0.0089,270.0,77.0,4300.0,6499999.999999999,2700.0,2700.0,2100.0,2100.0,6200.0,0.28,6499999.999999999,2.8E-5,0.085,0.085,0.0,1000.0,7.6,8.2E-28,2.2E-10,4.6E-21,4.4E7,1.0,1.6E9,
6.3E-40,0.0089,270.0,77.0,4300.0,6499999.999999999,2700.0,2700.0,2100.0,2100.0,6200.0,0.28,6499999.999999999,2.4E-5,0.085,0.085,0.0,1000.0,7.6,1.6E-30,2.2E-10,3.9E-21,4.7E7,1.0,1.6E9,
6.3E-40,0.0089,270.0,77.0,4300.0,6499999.999999999,2700.0,2700.0,2100.0,2100.0,6200.0,0.28,6499999.999999999,2.0E-5,0.085,0.085,0.0,1000.0,7.6,0.0,2.2E-10,3.3E-21,5.1E7,1.0,1.6E9,
6.3E-40,0.0089,270.0,77.0,4300.0,6499999.999999999,2700.0,2700.0,2100.0,2100.0,6200.0,0.28,6499999.999999999,1.6E-5,0.085,0.085,0.0,1000.0,7.6,0.0,2.3E-10,2.8E-21,5.4E7,1.0,1.6E9,
5.0E-39,0.11,120000.0,74000.0,860.0,9700000.0,16000.0,2700.0,2100.0,2100.0,6200.0,0.28,9900000.0,0.25,0.21,0.21,0.0,1100.0,21.0,13.0,6.2E-9,4.2E-15,5.6E7,1.0,1.6E9,
8.2E-40,0.018,4400.0,3600.0,860.0,9600000.0,3000.0,2700.0,2100.0,2100.0,6200.0,0.28,9600000.0,7.7E-6,0.14,0.14,0.0,1100.0,20.0,1.8,6.1E-9,4.7E-16,5.5E7,1.0,1.6E9,
8.0E-40,0.017,4400.0,3600.0,860.0,9200000.0,3000.0,2700.0,2100.0,2100.0,6200.0,0.28,9200000.0,4.8E-5,0.14,0.14,0.0,1100.0,19.0,0.25,6.1E-9,3.1E-16,5.3E7,1.0,1.6E9,
7.7E-40,0.017,4400.0,3600.0,860.0,8700000.0,3000.0,2700.0,2100.0,2100.0,6200.0,0.28,8700000.0,4.8E-5,0.14,0.14,0.0,1100.0,19.0,0.091,6.1E-9,2.4E-16,5.2E7,1.0,1.6E9,
7.6E-40,0.016,4400.0,3600.0,860.0,8500000.0,3000.0,2700.0,2100.0,2100.0,6200.0,0.28,8500000.0,5.4E-5,0.13,0.13,0.0,1100.0,18.0,0.0017,6.1E-9,1.1E-16,4.9E7,1.0,1.6E9,
7.4E-40,0.016,4400.0,3600.0,850.0,8299999.999999999,3000.0,2600.0,2100.0,2100.0,6200.0,0.28,8299999.999999999,6.1E-5,0.13,0.13,0.0,1100.0,18.0,3.1E-5,6.1E-9,4.8E-17,4.6E7,1.0,1.6E9,
7.2E-40,0.016,4400.0,3600.0,850.0,7899999.999999999,3000.0,2600.0,2100.0,2000.0,6200.0,0.28,7899999.999999999,6.6E-5,0.13,0.13,0.0,1100.0,17.0,5.8E-7,6.0E-9,2.1E-17,4.4E7,1.0,1.6E9,
7.1E-40,0.015,4400.0,3600.0,850.0,7599999.999999999,3000.0,2600.0,2100.0,2000.0,6200.0,0.28,7699999.999999999,7.1E-5,0.13,0.13,0.0,1100.0,17.0,1.1E-8,6.0E-9,9.3E-18,4.3E7,1.0,1.6E9,
6.9E-40,0.015,4400.0,3600.0,850.0,7399999.999999999,3000.0,2600.0,2100.0,2000.0,6200.0,0.27,7499999.999999999,7.8E-5,0.12,0.12,0.0,1100.0,16.0,7.3E-11,6.0E-9,3.6E-18,4.1E7,1.0,1.6E9,
6.8E-40,0.015,4400.0,3600.0,850.0,7199999.999999999,3000.0,2600.0,2100.0,2000.0,6200.0,0.27,7199999.999999999,8.0E-5,0.12,0.12,0.0,1100.0,16.0,9.9E-12,6.0E-9,2.4E-18,4.0E7,1.0,1.6E9,
7.799999999999999E-39,0.083,29000.0,80000.0,76000.0,9800000.0,4000.0,4200.0,2100.0,8100.0,7700.0,0.28,1.0E7,2.0E-4,0.21,0.21,0.0,1300.0,36.0,36.0,8.1E-9,2.9E-14,4.0E7,1.0,1.6E9,
2.0E-39,0.021,1400.0,1800.0,30000.0,9800000.0,4000.0,4200.0,2100.0,540.0,170.0,0.28,9800000.0,9.7E-5,0.083,0.083,0.0,1200.0,17.0,1.8,8.1E-9,4.1E-15,3.9E7,1.0,1.6E9,
6.6E-40,0.0071,1400.0,1800.0,2700.0,9500000.0,4000.0,4100.0,2100.0,540.0,170.0,0.28,9500000.0,3.1E-5,0.081,0.081,0.0,1200.0,5.1,0.034,8.1E-9,6.1E-16,3.8E7,1.0,1.6E9,
6.5E-40,0.0069,1400.0,1800.0,2700.0,9100000.0,4000.0,4100.0,2100.0,540.0,170.0,0.28,9100000.0,3.1E-5,0.078,0.078,0.0,1200.0,4.9,0.0046,8.0E-9,4.0E-16,3.8E7,1.0,1.6E9,
6.4E-40,0.0068,1400.0,1800.0,2700.0,9000000.0,3900.0,4100.0,2100.0,540.0,170.0,0.28,9000000.0,3.2E-5,0.077,0.077,0.0,1200.0,4.9,8.4E-5,8.0E-9,1.8E-16,3.7E7,1.0,1.6E9,
6.2E-40,0.0066,1400.0,1800.0,2700.0,8700000.0,3900.0,4100.0,2100.0,540.0,170.0,0.27,8700000.0,3.3E-5,0.074,0.074,0.0,1200.0,4.7,4.2E-6,8.0E-9,9.5E-17,3.6E7,1.0,1.6E9,
6.1E-40,0.0065,1400.0,1800.0,2700.0,8400000.0,3900.0,4100.0,2100.0,540.0,170.0,0.27,8400000.0,3.3E-5,0.071,0.071,0.0,1200.0,4.6,7.7E-8,8.0E-9,4.2E-17,3.6E7,1.0,1.6E9,
5.7E-40,0.0061,1400.0,1800.0,2700.0,7499999.999999999,3900.0,4100.0,2100.0,540.0,170.0,0.27,7499999.999999999,3.1E-5,0.064,0.064,0.0,1200.0,4.2,1.0E-8,7.9E-9,2.6E-17,3.5E7,1.0,1.6E9,
5.6E-40,0.0059,1400.0,1800.0,2700.0,7299999.999999999,3900.0,4100.0,2100.0,540.0,170.0,0.27,7299999.999999999,3.1E-5,0.062,0.062,0.0,1200.0,4.1,5.2E-10,7.9E-9,1.4E-17,3.5E7,1.0,1.6E9,
3.2E-39,0.041,11000.0,67000.0,5000.0,9900000.0,3900.0,4100.0,2100.0,540.0,170.0,0.28,1.0E7,4.8E-5,0.14,0.14,0.0,1200.0,9.1,3.6,8.5E-9,2.5E-15,3.5E7,1.0,1.6E9,
2.6E-39,0.033,11000.0,52000.0,5000.0,9900000.0,3900.0,4100.0,2100.0,530.0,170.0,0.28,1.0E7,7.2E-5,0.13,0.13,0.0,1200.0,9.1,0.068,8.5E-9,9.2E-16,3.5E7,1.0,1.6E9,
7.4E-40,0.0093,3300.0,4200.0,4900.0,9800000.0,3900.0,4100.0,2100.0,530.0,170.0,0.27,9800000.0,7.2E-5,0.088,0.088,0.0,1200.0,8.9,0.0034,8.5E-9,1.4E-16,3.5E7,1.0,1.6E9,
7.1E-40,0.0091,3300.0,4200.0,4900.0,9200000.0,3900.0,4100.0,2100.0,530.0,170.0,0.27,9300000.0,7.0E-5,0.084,0.084,0.0,1200.0,8.6,1.7E-4,8.5E-9,7.6E-17,3.4E7,1.0,1.6E9,
1.0000000000000001E-38,0.1,6100.0,220000.0,8600.0,9900000.0,3900.0,4100.0,2100.0,530.0,170.0,0.27,1.0E7,7.1,0.29,0.29,0.0,1200.0,9.6,91.0,1.1E-8,2.3E-13,3.4E7,1.0,1.6E9,
7.799999999999999E-39,0.076,6100.0,170000.0,1100.0,9900000.0,3900.0,4100.0,2100.0,530.0,170.0,0.27,1.0E7,8.3E-5,0.24,0.24,0.0,1200.0,10.0,0.69,1.1E-8,6.4E-14,3.4E7,1.0,1.6E9,
5.1E-39,0.049,6100.0,110000.0,1100.0,9700000.0,3900.0,4100.0,2100.0,530.0,170.0,0.27,9900000.0,6.9E-5,0.19,0.19,0.0,1200.0,9.8,0.013,1.1E-8,1.9E-14,3.4E7,1.0,1.6E9,
6.2E-40,0.006,6100.0,3900.0,1100.0,9300000.0,3900.0,4100.0,2100.0,530.0,170.0,0.27,9400000.0,3.0E-5,0.089,0.089,0.0,1200.0,9.3,6.8E-4,1.1E-8,1.3E-15,3.4E7,1.0,1.6E9,
5.9E-40,0.0057,6100.0,3900.0,1000.0,8700000.0,3900.0,4100.0,2100.0,530.0,170.0,0.27,8700000.0,7.7E-5,0.083,0.083,0.0,1200.0,8.8,9.1E-5,1.1E-8,8.1E-16,3.4E7,1.0,1.6E9,
9.0E-39,0.09,64000.0,220000.0,4200.0,9800000.0,11000.0,4100.0,2100.0,530.0,170.0,0.27,1.0E7,9.0E-5,0.27,0.27,0.0,1200.0,10.0,40.0,1.2E-8,3.7E-14,3.4E7,1.0,1.6E9,
4.9E-39,0.049,3700.0,110000.0,4200.0,9800000.0,3500.0,4100.0,2100.0,530.0,170.0,0.27,1.0E7,7.4E-5,0.18,0.18,0.0,1200.0,10.0,0.8,1.2E-8,9.1E-15,3.4E7,1.0,1.6E9,
7.0E-40,0.007,3700.0,4200.0,4200.0,9700000.0,3500.0,4100.0,2100.0,530.0,170.0,0.27,9700000.0,3.2E-5,0.088,0.088,0.0,1200.0,9.8,0.11,1.2E-8,8.7E-16,3.3E7,1.0,1.6E9,
7.0E-40,0.007,3700.0,4200.0,4200.0,9700000.0,3500.0,4100.0,2100.0,530.0,170.0,0.27,9700000.0,8.7E-5,0.088,0.088,0.0,1200.0,9.8,2.8E-4,1.2E-8,2.6E-16,3.4E7,1.0,1.6E9,
6.9E-40,0.0069,3700.0,4200.0,4200.0,9200000.0,3500.0,4100.0,2100.0,530.0,170.0,0.27,9300000.0,8.5E-5,0.085,0.085,0.0,1200.0,9.5,3.7E-5,1.2E-8,1.7E-16,3.3E7,1.0,1.6E9,
6.7E-40,0.0067,3700.0,4200.0,4200.0,8900000.0,3500.0,4100.0,2100.0,530.0,170.0,0.27,8900000.0,8.3E-5,0.082,0.082,0.0,1200.0,9.3,2.5E-7,1.2E-8,6.3E-17,3.3E7,1.0,1.6E9,
6.6E-40,0.0066,3700.0,4200.0,4200.0,8500000.0,3400.0,4100.0,2100.0,530.0,170.0,0.27,8500000.0,8.1E-5,0.078,0.078,0.0,1200.0,9.0,3.4E-8,1.2E-8,4.1E-17,3.3E7,1.0,1.6E9,
6.3E-40,0.0063,3700.0,4200.0,4200.0,7699999.999999999,3400.0,4100.0,2100.0,530.0,170.0,0.27,7699999.999999999,7.7E-5,0.072,0.072,0.0,1200.0,8.4,4.6E-9,1.2E-8,2.7E-17,3.3E7,1.0,1.6E9,
6.2E-40,0.0062,3700.0,4100.0,4200.0,7499999.999999999,3400.0,4100.0,2100.0,530.0,170.0,0.27,7499999.999999999,7.5E-5,0.07,0.07,0.0,1200.0,8.3,8.6E-11,1.2E-8,1.2E-17,3.3E7,1.0,1.6E9,
6.1E-40,0.0061,3700.0,4100.0,4200.0,7199999.999999999,3400.0,4100.0,2100.0,530.0,170.0,0.27,7199999.999999999,7.3E-5,0.067,0.067,0.0,1200.0,8.1,1.6E-12,1.2E-8,5.7E-18,3.3E7,1.0,1.6E9,
5.9999999999999996E-40,0.006,3700.0,4100.0,4200.0,7099999.999999999,3400.0,4100.0,2100.0,530.0,170.0,0.26,7099999.999999999,7.1E-5,0.066,0.066,0.0,1200.0,8.0,2.9E-14,1.2E-8,2.8E-18,3.3E7,1.0,1.6E9,
5.9999999999999996E-40,0.006,3700.0,4100.0,4200.0,6999999.999999999,3400.0,4100.0,2100.0,530.0,170.0,0.26,6999999.999999999,6.9E-5,0.065,0.065,0.0,1100.0,7.9,5.4E-16,1.2E-8,1.5E-18,3.3E7,1.0,1.6E9,
5.8E-40,0.0058,3700.0,4100.0,4100.0,6599999.999999999,3400.0,4100.0,2100.0,530.0,170.0,0.26,6599999.999999999,6.7E-5,0.062,0.062,0.0,1100.0,7.6,3.7E-18,1.2E-8,8.8E-19,3.3E7,1.0,1.6E9,
5.8E-40,0.0058,3700.0,4100.0,4100.0,6599999.999999999,3400.0,4100.0,2100.0,530.0,170.0,0.26,6599999.999999999,6.6E-5,0.062,0.062,0.0,1100.0,7.6,9.4E-21,1.2E-8,6.2E-19,3.3E7,1.0,1.6E9,
5.8E-40,0.0058,3700.0,4100.0,4100.0,6599999.999999999,3400.0,4100.0,2100.0,530.0,170.0,0.26,6599999.999999999,5.9E-5,0.062,0.062,0.0,1100.0,7.6,2.4E-23,1.2E-8,5.1E-19,3.5E7,1.0,1.6E9,
5.8E-40,0.0058,3700.0,4100.0,4100.0,6599999.999999999,3400.0,4100.0,2100.0,530.0,170.0,0.26,6599999.999999999,4.9E-5,0.062,0.062,0.0,1100.0,7.6,6.0E-26,1.2E-8,4.3E-19,3.7E7,1.0,1.6E9,
5.8E-40,0.0058,3700.0,4100.0,4100.0,6599999.999999999,3400.0,4100.0,2100.0,530.0,170.0,0.26,6599999.999999999,4.0E-5,0.062,0.062,0.0,1100.0,7.6,1.5000000000000002E-28,1.2E-8,3.6E-19,4.0E7,1.0,1.6E9,
5.8E-40,0.0058,3700.0,4100.0,4100.0,6599999.999999999,3400.0,4100.0,2100.0,530.0,170.0,0.26,6599999.999999999,3.2E-5,0.062,0.062,0.0,1100.0,7.6,4.4999999999999995E-31,1.2E-8,2.9E-19,4.3E7,1.0,1.6E9,
5.8E-40,0.0058,3700.0,4100.0,4100.0,6599999.999999999,3400.0,4100.0,2100.0,530.0,170.0,0.26,6599999.999999999,2.6E-5,0.062,0.062,0.0,1100.0,7.6,4.1000000000000003E-32,1.2E-8,2.4E-19,4.7E7,1.0,1.6E9,
5.8E-40,0.0058,3700.0,4100.0,4100.0,6599999.999999999,3400.0,4100.0,2100.0,530.0,170.0,0.26,6599999.999999999,2.1E-5,0.062,0.062,0.0,1100.0,7.6,2.8E-32,1.2E-8,1.9E-19,5.0E7,1.0,1.6E9,
5.8E-40,0.0058,3700.0,4100.0,4100.0,6599999.999999999,3400.0,4100.0,2100.0,530.0,170.0,0.26,6599999.999999999,1.7E-5,0.062,0.062,0.0,1100.0,7.6,5.7E-33,1.2E-8,1.6E-19,5.4E7,1.0,1.6E9,
5.8E-40,0.0058,3700.0,4100.0,4100.0,6599999.999999999,3400.0,4100.0,2100.0,530.0,170.0,0.26,6599999.999999999,1.7E-5,0.062,0.062,0.0,1100.0,7.6,0.0,1.2E-8,1.3E-19,5.5E7,1.0,1.6E9,
1.9000000000000002E-38,0.23,78000.0,480000.0,5000.0,9900000.0,900.0,4100.0,2100.0,2500.0,13000.0,0.27,1.1E7,5.5,0.94,0.94,0.0,1300.0,12.0,120.0,2.0E-8,3.3E-13,5.3E7,1.0,1.6E9,
1.9000000000000002E-38,0.23,4800.0,480000.0,5000.0,9800000.0,900.0,4000.0,2100.0,2500.0,430.0,0.27,1.0E7,5.0E-5,0.77,0.77,0.0,1300.0,17.0,7.1,2.0E-8,1.8E-13,5.1E7,1.0,1.6E9,
1.3E-38,0.16,4800.0,340000.0,5000.0,9800000.0,900.0,4000.0,2100.0,2500.0,430.0,0.27,1.0E7,5.5E-5,0.58,0.58,0.0,1300.0,17.0,0.4,2.0E-8,7.1E-14,4.9E7,1.0,1.6E9,
1.0000000000000001E-38,0.13,4700.0,260000.0,5000.0,9400000.0,900.0,4000.0,2100.0,2500.0,430.0,0.27,9600000.0,5.9E-5,0.47,0.47,0.0,1300.0,16.0,0.022,2.0E-8,3.0E-14,4.7E7,1.0,1.6E9,
3.7E-39,0.046,4700.0,84000.0,5000.0,9300000.0,900.0,4000.0,2100.0,2500.0,430.0,0.27,9400000.0,6.4E-5,0.24,0.24,0.0,1300.0,16.0,0.0011,2.0E-8,5.9E-15,4.5E7,1.0,1.6E9,
6.7E-40,0.0082,4700.0,3400.0,5000.0,9200000.0,900.0,4000.0,2100.0,2500.0,430.0,0.27,9200000.0,6.7E-5,0.13,0.13,0.0,1300.0,16.0,5.6E-5,2.0E-8,5.8E-16,4.4E7,1.0,1.6E9,
6.6E-40,0.0081,4700.0,3400.0,5000.0,8900000.0,900.0,4000.0,2000.0,2500.0,430.0,0.27,8900000.0,7.2E-5,0.13,0.13,0.0,1300.0,15.0,1.0E-6,2.0E-8,2.6E-16,4.2E7,1.0,1.6E9,
6.4E-40,0.0078,4700.0,3400.0,5000.0,8400000.0,900.0,4000.0,2000.0,2500.0,430.0,0.27,8400000.0,7.4E-5,0.12,0.12,0.0,1300.0,15.0,5.2E-8,2.0E-8,1.4E-16,4.1E7,1.0,1.6E9,
6.2E-40,0.0076,4700.0,3400.0,5000.0,7999999.999999999,900.0,4000.0,2000.0,2500.0,430.0,0.26,7999999.999999999,7.9E-5,0.12,0.12,0.0,1300.0,14.0,9.6E-10,2.0E-8,6.1E-17,4.0E7,1.0,1.6E9,
5.9999999999999996E-40,0.0074,4700.0,3400.0,5000.0,7499999.999999999,900.0,4000.0,2000.0,2500.0,430.0,0.26,7499999.999999999,7.8E-5,0.11,0.11,0.0,1300.0,14.0,1.3E-10,2.0E-8,4.0E-17,3.9E7,1.0,1.6E9,
5.8E-40,0.0072,4700.0,3400.0,5000.0,6999999.999999999,900.0,4000.0,2000.0,2500.0,430.0,0.26,6999999.999999999,8.0E-5,0.1,0.1,0.0,1300.0,13.0,6.5E-12,2.0E-8,2.2E-17,3.8E7,1.0,1.6E9,
5.7E-40,0.007,4700.0,3400.0,4900.0,6599999.999999999,890.0,4000.0,2000.0,2500.0,430.0,0.26,6599999.999999999,8.0E-5,0.097,0.097,0.0,1300.0,13.0,8.8E-13,2.0E-8,1.4E-17,3.8E7,1.0,1.6E9,
5.7E-40,0.007,4700.0,3400.0,4900.0,6599999.999999999,890.0,4000.0,2000.0,2500.0,430.0,0.26,6599999.999999999,8.2E-5,0.097,0.097,0.0,1300.0,13.0,2.2E-15,2.0E-8,5.1E-18,3.8E7,1.0,1.6E9,
5.7E-40,0.007,4700.0,3400.0,4900.0,6599999.999999999,890.0,4000.0,2000.0,2500.0,430.0,0.26,6599999.999999999,7.5E-5,0.097,0.097,0.0,1300.0,13.0,5.6E-18,2.0E-8,2.2E-18,3.9E7,1.0,1.6E9,
5.7E-40,0.007,4700.0,3400.0,4900.0,6599999.999999999,890.0,4000.0,2000.0,2500.0,430.0,0.26,6599999.999999999,6.4E-5,0.097,0.097,0.0,1200.0,13.0,1.4E-20,2.0E-8,1.3E-18,4.1E7,1.0,1.6E9,
5.7E-40,0.007,4700.0,3400.0,4900.0,6599999.999999999,890.0,4000.0,2000.0,2500.0,430.0,0.26,6599999.999999999,5.3E-5,0.097,0.097,0.0,1200.0,13.0,3.6E-23,2.0E-8,8.7E-19,4.4E7,1.0,1.6E9,
5.7E-40,0.007,4700.0,3400.0,4900.0,6599999.999999999,890.0,4000.0,2000.0,2500.0,430.0,0.26,6599999.999999999,4.3E-5,0.097,0.097,0.0,1200.0,13.0,7.5E-26,2.0E-8,6.7E-19,4.7E7,1.0,1.6E9,
5.7E-40,0.007,4700.0,3400.0,4900.0,6599999.999999999,890.0,4000.0,2000.0,2500.0,430.0,0.26,6599999.999999999,3.6E-5,0.097,0.097,0.0,1200.0,13.0,6.399999999999999E-29,2.0E-8,5.4E-19,5.1E7,1.0,1.6E9,
5.7E-40,0.007,4700.0,3400.0,4900.0,6599999.999999999,890.0,4000.0,2000.0,2500.0,430.0,0.26,6599999.999999999,2.9E-5,0.097,0.097,0.0,1200.0,13.0,8.1E-32,2.0E-8,4.4E-19,5.4E7,1.0,1.6E9,
1.0000000000000001E-38,0.17,75000.0,260000.0,32000.0,9800000.0,13000.0,4000.0,6100.0,2500.0,430.0,0.27,1.0E7,6.9E-5,0.36,0.36,0.0,1300.0,32.0,510.0,2.2E-8,2.2E-14,5.6E7,1.0,1.6E9,
3.4E-39,0.056,15000.0,85000.0,4600.0,9800000.0,13000.0,4000.0,6100.0,2500.0,430.0,0.26,9900000.0,2.8E-5,0.19,0.19,0.0,1300.0,11.0,10.0,2.2E-8,3.3E-15,5.3E7,1.0,1.6E9,
3.7999999999999996E-39,0.051,3800.0,110000.0,5200.0,9800000.0,800.0,4000.0,6100.0,2500.0,430.0,0.26,9900000.0,0.4,0.21,0.21,0.0,1300.0,11.0,27.0,2.2E-8,4.6E-14,5.1E7,1.0,1.6E9,
5.2E-40,0.007,3800.0,2400.0,5200.0,9400000.0,800.0,4000.0,6100.0,2500.0,430.0,0.26,9500000.0,3.4E-5,0.1,0.1,0.0,1300.0,11.0,1.4,2.2E-8,3.4E-15,4.9E7,1.0,1.6E9,
5.2E-40,0.0069,3800.0,2400.0,5200.0,9300000.0,800.0,4000.0,6100.0,2400.0,430.0,0.26,9300000.0,3.8E-5,0.099,0.099,0.0,1300.0,11.0,0.025,2.2E-8,1.5E-15,4.7E7,1.0,1.6E9,
5.0E-40,0.0067,3800.0,2400.0,5200.0,8900000.0,800.0,4000.0,6100.0,2400.0,430.0,0.26,8900000.0,4.0E-5,0.095,0.095,0.0,1300.0,10.0,0.0034,2.2E-8,1.0E-15,4.6E7,1.0,1.6E9,
4.9E-40,0.0065,3800.0,2400.0,5200.0,8299999.999999999,800.0,4000.0,6100.0,2400.0,430.0,0.26,8400000.0,4.3E-5,0.09,0.09,0.0,1300.0,9.8,6.3E-5,2.2E-8,4.3E-16,4.4E7,1.0,1.6E9,
4.7E-40,0.0063,3800.0,2400.0,5200.0,7799999.999999999,800.0,4000.0,6100.0,2400.0,430.0,0.26,7899999.999999999,4.3E-5,0.085,0.085,0.0,1300.0,9.5,8.5E-6,2.2E-8,2.8E-16,4.3E7,1.0,1.6E9,
4.7E-40,0.0062,3800.0,2400.0,5200.0,7699999.999999999,800.0,4000.0,6100.0,2400.0,430.0,0.26,7699999.999999999,4.6E-5,0.083,0.083,0.0,1300.0,9.3,4.3E-7,2.2E-8,1.5E-16,4.2E7,1.0,1.6E9,
4.6E-40,0.0061,3800.0,2400.0,5200.0,7399999.999999999,800.0,4000.0,6100.0,2400.0,430.0,0.26,7499999.999999999,4.8E-5,0.081,0.081,0.0,1300.0,9.2,7.9E-9,2.2E-8,6.8E-17,4.1E7,1.0,1.6E9,
4.6E-40,0.0061,3800.0,2400.0,5200.0,7299999.999999999,800.0,4000.0,6100.0,2400.0,430.0,0.26,7399999.999999999,5.1E-5,0.08,0.08,0.0,1300.0,9.1,1.5E-10,2.2E-8,3.1E-17,3.9E7,1.0,1.6E9,
4.5E-40,0.0059,3800.0,2400.0,5200.0,6999999.999999999,800.0,4000.0,6100.0,2400.0,430.0,0.26,6999999.999999999,5.3E-5,0.076,0.076,0.0,1300.0,8.8,7.4E-12,2.2E-8,1.7E-17,3.9E7,1.0,1.6E9,
4.4E-40,0.0059,3800.0,2400.0,5200.0,6899999.999999999,790.0,4000.0,6100.0,2400.0,430.0,0.26,6999999.999999999,5.5E-5,0.076,0.076,0.0,1300.0,8.8,1.4E-13,2.2E-8,7.9E-18,3.8E7,1.0,1.6E9,
4.4E-40,0.0058,3800.0,2400.0,5200.0,6699999.999999999,790.0,4000.0,6100.0,2400.0,430.0,0.25,6699999.999999999,5.6E-5,0.073,0.073,0.0,1200.0,8.6,1.9E-14,2.2E-8,5.5E-18,3.7E7,1.0,1.6E9,
4.3E-40,0.0058,3800.0,2400.0,5200.0,6599999.999999999,790.0,4000.0,6100.0,2400.0,430.0,0.25,6599999.999999999,5.8E-5,0.072,0.072,0.0,1200.0,8.6,1.3E-16,2.2E-8,2.5E-18,3.7E7,1.0,1.6E9,
4.3E-40,0.0058,3800.0,2400.0,5200.0,6599999.999999999,790.0,4000.0,6100.0,2400.0,430.0,0.25,6599999.999999999,5.4E-5,0.072,0.072,0.0,1200.0,8.6,3.2E-19,2.2E-8,1.3E-18,3.8E7,1.0,1.6E9,
4.3E-40,0.0058,3800.0,2400.0,5200.0,6599999.999999999,790.0,4000.0,6100.0,2400.0,430.0,0.25,6599999.999999999,4.6E-5,0.072,0.072,0.0,1200.0,8.6,8.199999999999999E-22,2.2E-8,8.5E-19,4.0E7,1.0,1.6E9,
8.699999999999999E-39,0.11,55000.0,260000.0,3900.0,9700000.0,790.0,4000.0,6100.0,2400.0,430.0,0.26,1.0E7,5.4,0.35,0.35,0.0,1400.0,4.4,87.0,2.6E-8,6.9E-14,4.3E7,1.0,1.7E9,
8.699999999999999E-39,0.11,4200.0,260000.0,3900.0,9700000.0,790.0,4000.0,6100.0,2400.0,430.0,0.26,1.0E7,5.1E-5,0.35,0.35,0.0,1400.0,9.8,1.8,2.6E-8,3.1E-14,4.1E7,1.0,1.7E9,
7.1E-40,0.0089,4200.0,9100.0,3900.0,9400000.0,790.0,4000.0,6100.0,2400.0,430.0,0.26,9400000.0,5.2E-5,0.1,0.1,0.0,1400.0,9.4,0.094,2.6E-8,1.4E-15,4.0E7,1.0,1.6E9,
4.6E-40,0.0058,4200.0,1600.0,3900.0,9200000.0,790.0,4000.0,6100.0,2400.0,430.0,0.26,9200000.0,5.4E-5,0.093,0.093,0.0,1400.0,9.2,0.0047,2.6E-8,5.0E-16,4.0E7,1.0,1.6E9,
4.5E-40,0.0056,4200.0,1600.0,3900.0,8700000.0,790.0,4000.0,6100.0,2400.0,430.0,0.26,8700000.0,5.5E-5,0.089,0.089,0.0,1400.0,8.9,2.3E-4,2.5E-8,2.7E-16,3.9E7,1.0,1.6E9,
4.4E-40,0.0055,4200.0,1600.0,3900.0,8400000.0,790.0,4000.0,6100.0,2400.0,430.0,0.26,8500000.0,5.7E-5,0.086,0.086,0.0,1400.0,8.7,4.3E-6,2.5E-8,1.2E-16,3.8E7,1.0,1.6E9,
5.999999999999999E-39,0.11,110000.0,140000.0,64000.0,9800000.0,3700.0,4000.0,7600.0,3300.0,2300.0,0.26,1.0E7,1.7E-4,0.22,0.22,0.0,1400.0,29.0,220.0,3.0E-8,1.7E-13,3.8E7,1.0,1.7E9,
5.999999999999999E-39,0.11,110000.0,140000.0,64000.0,9800000.0,3700.0,4000.0,7600.0,3300.0,2200.0,0.26,1.0E7,2.0E-4,0.22,0.22,0.0,1400.0,29.0,0.67,3.0E-8,5.1E-14,3.7E7,1.0,1.7E9,
4.2E-39,0.075,63000.0,140000.0,1200.0,9800000.0,3700.0,4000.0,58.0,3300.0,2200.0,0.26,1.0E7,3.2E-5,0.22,0.22,0.0,1400.0,4.3,0.036,3.0E-8,2.0E-14,3.7E7,1.0,1.7E9,
1.1E-39,0.019,4700.0,28000.0,1200.0,9700000.0,3700.0,4000.0,57.0,3300.0,2200.0,0.26,9700000.0,1.0E-5,0.13,0.13,0.0,1400.0,4.2,0.0019,3.0E-8,2.8E-15,3.6E7,1.0,1.7E9,
3.2E-40,0.0056,4700.0,350.0,1200.0,9700000.0,3700.0,4000.0,57.0,3300.0,2200.0,0.26,9700000.0,3.3E-5,0.1,0.1,0.0,1400.0,4.2,3.5E-5,3.0E-8,3.7E-16,3.6E7,1.0,1.7E9,
3.1E-40,0.0055,4700.0,350.0,1200.0,9500000.0,3700.0,3900.0,57.0,3300.0,2200.0,0.26,9500000.0,3.2E-5,0.1,0.1,0.0,1400.0,4.1,6.5E-7,3.0E-8,1.6E-16,3.6E7,1.0,1.7E9,
2.9999999999999998E-40,0.0053,4700.0,350.0,1200.0,9100000.0,3700.0,3900.0,57.0,3300.0,2200.0,0.25,9100000.0,3.2E-5,0.096,0.096,0.0,1400.0,4.0,3.2E-8,3.0E-8,8.7E-17,3.6E7,1.0,1.6E9,
2.8E-40,0.0049,4700.0,350.0,1200.0,8299999.999999999,3700.0,3900.0,57.0,3300.0,2200.0,0.25,8299999.999999999,3.0E-5,0.09,0.09,0.0,1400.0,3.7,4.4E-9,3.0E-8,5.4E-17,3.5E7,1.0,1.6E9,
2.7E-40,0.0047,4600.0,350.0,1200.0,7899999.999999999,3700.0,3900.0,57.0,3300.0,2200.0,0.25,7899999.999999999,2.9E-5,0.086,0.086,0.0,1400.0,3.5,1.6E-9,2.9E-8,4.2E-17,3.5E7,1.0,1.6E9,
2.6E-40,0.0046,4600.0,350.0,1200.0,7599999.999999999,3700.0,3900.0,57.0,3300.0,2200.0,0.25,7599999.999999999,2.9E-5,0.083,0.083,0.0,1400.0,3.4,1.1E-11,2.9E-8,1.5E-17,3.5E7,1.0,1.6E9,
2.5E-40,0.0045,4600.0,350.0,1200.0,7399999.999999999,3700.0,3900.0,57.0,3300.0,2200.0,0.25,7399999.999999999,2.8E-5,0.082,0.082,0.0,1400.0,3.3,5.5E-13,2.9E-8,8.5E-18,3.5E7,1.0,1.6E9,
2.4E-40,0.0042,4600.0,350.0,1200.0,6799999.999999999,3600.0,3900.0,57.0,3300.0,2200.0,0.25,6799999.999999999,2.7E-5,0.077,0.077,0.0,1400.0,3.1,2.0E-13,2.9E-8,6.6E-18,3.4E7,1.0,1.6E9,
3.7999999999999996E-39,0.092,1400.0,120000.0,19000.0,9700000.0,3600.0,7100.0,4900.0,24000.0,13000.0,0.25,9900000.0,2.3,0.27,0.27,0.0,1400.0,13.0,84.0,3.3E-8,1.4E-13,3.5E7,1.0,1.7E9,
1.4999999999999998E-39,0.035,1400.0,46000.0,1900.0,9600000.0,3600.0,7100.0,4900.0,24000.0,440.0,0.25,9700000.0,6.0E-5,0.11,0.11,0.0,1400.0,7.0,1.6,3.2E-8,2.4E-14,3.5E7,1.0,1.7E9,
3.7E-40,0.0089,1400.0,3400.0,1900.0,9400000.0,3600.0,7100.0,4900.0,1200.0,440.0,0.25,9400000.0,5.8E-5,0.078,0.078,0.0,1400.0,6.8,0.22,3.2E-8,4.0E-15,3.5E7,1.0,1.7E9,
3.6E-40,0.0087,1400.0,3400.0,1900.0,9000000.0,3600.0,7100.0,4900.0,1200.0,440.0,0.25,9000000.0,5.7E-5,0.076,0.076,0.0,1400.0,6.6,0.0015,3.2E-8,1.5E-15,3.5E7,1.0,1.7E9,
3.6E-40,0.0087,1400.0,3400.0,1900.0,8900000.0,3600.0,7100.0,4900.0,1200.0,440.0,0.25,8900000.0,5.6E-5,0.075,0.075,0.0,1400.0,6.5,2.8E-5,3.2E-8,6.5E-16,3.5E7,1.0,1.7E9,
3.5E-40,0.0085,1400.0,3400.0,1900.0,8700000.0,3600.0,7100.0,4900.0,1200.0,440.0,0.25,8700000.0,5.5E-5,0.073,0.073,0.0,1400.0,6.3,5.1E-7,3.2E-8,2.9E-16,3.5E7,1.0,1.7E9,
3.5E-40,0.0083,1400.0,3400.0,1900.0,8299999.999999999,3600.0,7100.0,4900.0,1200.0,440.0,0.25,8400000.0,5.4E-5,0.07,0.07,0.0,1400.0,6.2,2.6E-8,3.2E-8,1.5E-16,3.4E7,1.0,1.6E9,
3.4E-40,0.0082,1400.0,3400.0,1900.0,8199999.999999999,3600.0,7100.0,4900.0,1200.0,440.0,0.25,8199999.999999999,5.4E-5,0.069,0.069,0.0,1300.0,6.1,1.3E-9,3.2E-8,8.5E-17,3.4E7,1.0,1.6E9,
3.4E-40,0.0081,1400.0,3400.0,1900.0,7999999.999999999,3600.0,7100.0,4900.0,1200.0,440.0,0.25,7999999.999999999,5.3E-5,0.067,0.067,0.0,1300.0,5.9,2.4E-11,3.2E-8,3.8E-17,3.4E7,1.0,1.6E9,
3.3E-40,0.008,1400.0,3400.0,1900.0,7899999.999999999,3600.0,7100.0,4900.0,1200.0,440.0,0.25,7899999.999999999,5.1E-5,0.067,0.067,0.0,1300.0,5.9,6.0E-14,3.2E-8,1.2E-17,3.5E7,1.0,1.6E9,
3.3E-40,0.0079,1400.0,3400.0,1900.0,7599999.999999999,3600.0,7100.0,4900.0,1200.0,440.0,0.25,7699999.999999999,5.0E-5,0.065,0.065,0.0,1300.0,5.7,8.1E-15,3.2E-8,8.2E-18,3.4E7,1.0,1.6E9,
3.1E-40,0.0076,1400.0,3400.0,1900.0,7099999.999999999,3600.0,7000.0,4900.0,1200.0,430.0,0.25,7099999.999999999,4.8E-5,0.061,0.061,0.0,1300.0,5.4,4.1E-16,3.2E-8,4.8E-18,3.4E7,1.0,1.6E9,
3.1E-40,0.0074,1400.0,3400.0,1900.0,6799999.999999999,3600.0,7000.0,4900.0,1200.0,430.0,0.25,6799999.999999999,4.6E-5,0.059,0.059,0.0,1300.0,5.2,2.0E-17,3.2E-8,3.0E-18,3.4E7,1.0,1.6E9,
2.9999999999999998E-40,0.0073,1400.0,3400.0,1900.0,6699999.999999999,3600.0,7000.0,4900.0,1200.0,430.0,0.25,6699999.999999999,4.5E-5,0.058,0.058,0.0,1300.0,5.2,1.4E-19,3.2E-8,1.6E-18,3.4E7,1.0,1.6E9,
2.9999999999999998E-40,0.0073,1400.0,3400.0,1900.0,6699999.999999999,3600.0,7000.0,4900.0,1200.0,430.0,0.25,6699999.999999999,4.0E-5,0.058,0.058,0.0,1300.0,5.2,3.4999999999999996E-22,3.2E-8,1.1E-18,3.6E7,1.0,1.6E9,
2.9999999999999998E-40,0.0073,1400.0,3400.0,1900.0,6699999.999999999,3600.0,7000.0,4900.0,1200.0,430.0,0.25,6699999.999999999,3.3E-5,0.058,0.058,0.0,1300.0,5.2,9.0E-25,3.2E-8,8.1E-19,3.8E7,1.0,1.6E9,
2.9999999999999998E-40,0.0073,1400.0,3400.0,1900.0,6699999.999999999,3600.0,7000.0,4900.0,1200.0,430.0,0.25,6699999.999999999,2.7E-5,0.058,0.058,0.0,1300.0,5.2,2.3E-27,3.2E-8,6.4E-19,4.1E7,1.0,1.6E9,
2.9999999999999998E-40,0.0073,1400.0,3400.0,1900.0,6699999.999999999,3600.0,7000.0,4900.0,1200.0,430.0,0.25,6699999.999999999,2.2E-5,0.058,0.058,0.0,1300.0,5.2,7.3E-30,3.2E-8,5.2E-19,4.4E7,1.0,1.6E9,
2.9999999999999998E-40,0.0073,1400.0,3400.0,1900.0,6599999.999999999,3600.0,7000.0,4900.0,1200.0,430.0,0.24,6699999.999999999,2.2E-5,0.057,0.057,0.0,1300.0,5.1,2.4E-32,3.1E-8,4.4E-19,4.4E7,1.0,1.6E9,
2.9999999999999998E-40,0.0073,1400.0,3400.0,1900.0,6599999.999999999,3600.0,7000.0,4900.0,1200.0,430.0,0.24,6699999.999999999,2.2E-5,0.057,0.057,0.0,1300.0,5.1,6.0E-35,3.1E-8,4.3E-19,4.4E7,1.0,1.6E9,
2.9999999999999998E-40,0.0073,1400.0,3400.0,1900.0,6599999.999999999,3600.0,7000.0,4900.0,1200.0,430.0,0.24,6699999.999999999,2.0E-5,0.057,0.057,0.0,1300.0,5.1,1.5E-37,3.1E-8,4.2E-19,4.5E7,1.0,1.6E9,
2.9999999999999998E-40,0.0073,1400.0,3400.0,1900.0,6599999.999999999,3600.0,7000.0,4900.0,1200.0,430.0,0.24,6699999.999999999,1.8E-5,0.057,0.057,0.0,1300.0,5.1,3.8E-40,3.1E-8,3.8E-19,4.7E7,1.0,1.6E9,
2.9999999999999998E-40,0.0073,1400.0,3400.0,1900.0,6599999.999999999,3600.0,7000.0,4900.0,1200.0,430.0,0.24,6699999.999999999,1.5E-5,0.057,0.057,0.0,1300.0,5.1,1.2E-42,3.1E-8,3.3E-19,5.0E7,1.0,1.6E9,
2.9999999999999998E-40,0.0073,1400.0,3400.0,1900.0,6599999.999999999,3600.0,7000.0,4900.0,1200.0,430.0,0.24,6699999.999999999,1.2E-5,0.057,0.057,0.0,1300.0,5.1,2.0999999999999997E-43,3.1E-8,2.8E-19,5.4E7,1.0,1.6E9,
2.9999999999999998E-40,0.0073,1400.0,3400.0,1900.0,6599999.999999999,3600.0,7000.0,4900.0,1200.0,430.0,0.24,6699999.999999999,1.0E-5,0.057,0.057,0.0,1300.0,5.1,4.1000000000000004E-44,3.1E-8,2.4E-19,5.7E7,1.0,1.6E9,
2.9999999999999998E-40,0.0073,1400.0,3400.0,1900.0,6599999.999999999,3600.0,7000.0,4900.0,1200.0,430.0,0.24,6699999.999999999,8.8E-6,0.057,0.057,0.0,1300.0,5.1,0.0,3.1E-8,2.0E-19,6.1E7,1.0,1.6E9,
2.9999999999999998E-40,0.0073,1400.0,3400.0,1900.0,6599999.999999999,3600.0,7000.0,4900.0,1200.0,430.0,0.24,6699999.999999999,8.7E-6,0.057,0.057,0.0,1300.0,5.1,2.2E-45,3.1E-8,1.7E-19,6.1E7,1.0,1.6E9,
2.9999999999999998E-40,0.0073,1400.0,3400.0,1900.0,6599999.999999999,3600.0,7000.0,4900.0,1200.0,430.0,0.24,6699999.999999999,1.0E-5,0.057,0.057,0.0,1200.0,5.1,5.6E-48,3.1E-8,1.8E-19,5.7E7,1.0,1.6E9,
2.9999999999999998E-40,0.0073,1400.0,3400.0,1900.0,6599999.999999999,3600.0,7000.0,4900.0,1200.0,430.0,0.24,6699999.999999999,1.1E-5,0.057,0.057,0.0,1200.0,5.1,1.4E-50,3.1E-8,2.0E-19,5.6E7,1.0,1.6E9,
2.9999999999999998E-40,0.0073,1400.0,3400.0,1900.0,6599999.999999999,3600.0,7000.0,4900.0,1200.0,430.0,0.24,6699999.999999999,1.0E-5,0.057,0.057,0.0,1200.0,5.1,3.6E-53,3.1E-8,2.0E-19,5.7E7,1.0,1.6E9,
2.9999999999999998E-40,0.0073,1400.0,3400.0,1900.0,6599999.999999999,3600.0,7000.0,4900.0,1200.0,430.0,0.24,6699999.999999999,9.3E-6,0.057,0.057,0.0,1200.0,5.1,9.7E-56,3.1E-8,1.9E-19,5.9E7,1.0,1.6E9,
2.9999999999999998E-40,0.0073,1400.0,3400.0,1900.0,6599999.999999999,3600.0,7000.0,4900.0,1200.0,430.0,0.24,6699999.999999999,8.2E-6,0.057,0.057,0.0,1200.0,5.1,2.0E-58,3.2E-8,1.8E-19,6.2E7,1.0,1.6E9,
2.9999999999999998E-40,0.0073,1400.0,3400.0,1900.0,6599999.999999999,3600.0,7000.0,4900.0,1200.0,430.0,0.24,6699999.999999999,7.2E-6,0.057,0.057,0.0,1200.0,5.1,0.0,3.2E-8,1.6E-19,6.5E7,1.0,1.6E9,
2.9999999999999998E-40,0.0073,1400.0,3400.0,1900.0,6599999.999999999,3600.0,7000.0,4900.0,1200.0,430.0,0.24,6699999.999999999,6.2E-6,0.057,0.057,0.0,1200.0,5.1,0.0,3.2E-8,1.4E-19,6.9E7,1.0,1.6E9,
2.9999999999999998E-40,0.0073,1400.0,3400.0,1900.0,6599999.999999999,3600.0,7000.0,4900.0,1200.0,430.0,0.24,6699999.999999999,5.4E-6,0.057,0.057,0.0,1200.0,5.1,5.8000000000000005E-58,3.2E-8,1.2E-19,7.2E7,1.0,1.6E9,
2.9999999999999998E-40,0.0073,1400.0,3400.0,1900.0,6599999.999999999,3600.0,7000.0,4900.0,1200.0,430.0,0.24,6699999.999999999,7.1E-6,0.057,0.057,0.0,1200.0,5.1,1.5E-60,3.2E-8,1.2E-19,6.6E7,1.0,1.6E9,
2.9999999999999998E-40,0.0073,1400.0,3400.0,1900.0,6599999.999999999,3600.0,7000.0,4900.0,1200.0,430.0,0.24,6699999.999999999,8.0E-6,0.057,0.057,0.0,1200.0,5.1,3.7E-63,3.2E-8,1.4E-19,6.3E7,1.0,1.6E9,
2.9999999999999998E-40,0.0073,1400.0,3400.0,1900.0,6599999.999999999,3600.0,7000.0,4900.0,1200.0,430.0,0.24,6699999.999999999,8.1E-6,0.057,0.057,0.0,1100.0,5.1,9.5E-66,3.2E-8,1.5E-19,6.3E7,1.0,1.6E9,
2.9999999999999998E-40,0.0073,1400.0,3400.0,1900.0,6599999.999999999,3600.0,7000.0,4900.0,1200.0,430.0,0.24,6699999.999999999,7.6E-6,0.057,0.057,0.0,1100.0,5.1,2.4E-68,3.2E-8,1.5E-19,6.4E7,1.0,1.6E9,
2.9999999999999998E-40,0.0073,1400.0,3400.0,1900.0,6599999.999999999,3600.0,7000.0,4900.0,1200.0,430.0,0.24,6699999.999999999,6.9E-6,0.057,0.057,0.0,1100.0,5.1,2.5E-70,3.2E-8,1.4E-19,6.6E7,1.0,1.6E9,
2.9999999999999998E-40,0.0073,1400.0,3400.0,1900.0,6599999.999999999,3600.0,7000.0,4900.0,1200.0,430.0,0.24,6699999.999999999,6.1E-6,0.057,0.057,0.0,1100.0,5.1,7.2E-71,3.2E-8,1.3E-19,6.9E7,1.0,1.6E9,
2.9999999999999998E-40,0.0073,1400.0,3400.0,1900.0,6599999.999999999,3600.0,7000.0,4900.0,1200.0,430.0,0.24,6699999.999999999,5.4E-6,0.057,0.057,0.0,1100.0,5.1,2.1E-71,3.2E-8,1.2E-19,7.2E7,1.0,1.6E9,
2.9999999999999998E-40,0.0073,1400.0,3400.0,1900.0,6599999.999999999,3600.0,7000.0,4900.0,1200.0,430.0,0.24,6699999.999999999,4.7E-6,0.057,0.057,0.0,1100.0,5.1,0.0,3.2E-8,1.0E-19,7.6E7,1.0,1.6E9,
2.9999999999999998E-40,0.0073,1400.0,3400.0,1900.0,6599999.999999999,3600.0,7000.0,4900.0,1200.0,430.0,0.24,6699999.999999999,5.6E-6,0.057,0.057,0.0,1100.0,5.1,0.0,3.2E-8,1.0E-19,7.1E7,1.0,1.6E9,
2.9999999999999998E-40,0.0073,1400.0,3400.0,1900.0,6599999.999999999,3600.0,7000.0,4900.0,1200.0,430.0,0.24,6699999.999999999,6.7E-6,0.057,0.057,0.0,1100.0,5.1,0.0,3.2E-8,1.2E-19,6.7E7,1.0,1.6E9,
2.9999999999999998E-40,0.0073,1400.0,3400.0,1900.0,6599999.999999999,3600.0,7000.0,4900.0,1200.0,430.0,0.24,6699999.999999999,7.1E-6,0.057,0.057,0.0,1100.0,5.1,0.0,3.2E-8,1.3E-19,6.5E7,1.0,1.6E9,
2.9999999999999998E-40,0.0073,1400.0,3400.0,1900.0,6599999.999999999,3600.0,7000.0,4900.0,1200.0,430.0,0.24,6699999.999999999,6.9E-6,0.057,0.057,0.0,1100.0,5.1,0.0,3.2E-8,1.4E-19,6.6E7,1.0,1.6E9,
2.9999999999999998E-40,0.0073,1400.0,3400.0,1900.0,6599999.999999999,3600.0,7000.0,4900.0,1200.0,430.0,0.24,6699999.999999999,6.4E-6,0.057,0.057,0.0,1100.0,5.1,0.0,3.2E-8,1.3E-19,6.8E7,1.0,1.6E9,
2.9999999999999998E-40,0.0073,1400.0,3400.0,1900.0,6599999.999999999,3600.0,7000.0,4900.0,1200.0,430.0,0.24,6699999.999999999,5.8E-6,0.057,0.057,0.0,1100.0,5.1,0.0,3.2E-8,1.2E-19,7.1E7,1.0,1.6E9,
2.9999999999999998E-40,0.0073,1400.0,3400.0,1900.0,6599999.999999999,3600.0,7000.0,4900.0,1200.0,430.0,0.24,6699999.999999999,5.1E-6,0.057,0.057,0.0,1100.0,5.1,0.0,3.2E-8,1.1E-19,7.4E7,1.0,1.6E9,
2.9999999999999998E-40,0.0073,1400.0,3400.0,1900.0,6599999.999999999,3600.0,7000.0,4900.0,1200.0,430.0,0.24,6699999.999999999,4.5E-6,0.057,0.057,0.0,1000.0,5.1,0.0,3.2E-8,9.9E-20,7.7E7,1.0,1.6E9,
2.9999999999999998E-40,0.0073,1400.0,3400.0,1900.0,6599999.999999999,3600.0,7000.0,4900.0,1200.0,430.0,0.24,6699999.999999999,4.7E-6,0.057,0.057,0.0,1000.0,5.1,0.0,3.2E-8,9.0E-20,7.6E7,1.0,1.6E9,
2.9999999999999998E-40,0.0073,1400.0,3400.0,1900.0,6599999.999999999,3600.0,7000.0,4900.0,1200.0,430.0,0.24,6699999.999999999,6.0E-6,0.057,0.057,0.0,1000.0,5.1,0.0,3.2E-8,1.0E-19,7.0E7,1.0,1.6E9,
2.9999999999999998E-40,0.0073,1400.0,3400.0,1900.0,6599999.999999999,3600.0,7000.0,4900.0,1200.0,430.0,0.24,6699999.999999999,6.6E-6,0.057,0.057,0.0,1000.0,5.1,0.0,3.2E-8,1.2E-19,6.7E7,1.0,1.6E9,
2.9999999999999998E-40,0.0073,1400.0,3400.0,1900.0,6599999.999999999,3600.0,7000.0,4900.0,1200.0,430.0,0.24,6699999.999999999,6.6E-6,0.057,0.057,0.0,1000.0,5.1,0.0,3.2E-8,1.3E-19,6.7E7,1.0,1.6E9,
2.9999999999999998E-40,0.0073,1400.0,3400.0,1900.0,6599999.999999999,3600.0,7000.0,4900.0,1200.0,430.0,0.24,6699999.999999999,6.3E-6,0.057,0.057,0.0,990.0,5.1,0.0,3.2E-8,1.3E-19,6.9E7,1.0,1.6E9,
3.1E-39,0.058,4600.0,110000.0,390.0,8600000.0,1500.0,7000.0,4900.0,1200.0,430.0,0.25,8700000.0,6.3E-6,0.21,0.21,0.0,1200.0,4.6,28.0,4.3E-8,3.3E-14,6.7E7,1.0,1.6E9,
3.6E-40,0.0068,4600.0,5700.0,390.0,8199999.999999999,1500.0,7000.0,4900.0,1200.0,430.0,0.24,8199999.999999999,6.6E-6,0.093,0.093,0.0,1100.0,4.3,3.8,4.3E-8,2.5E-15,6.4E7,1.0,1.6E9,
3.4E-40,0.0065,4600.0,5700.0,390.0,7699999.999999999,1500.0,7000.0,4900.0,1200.0,430.0,0.24,7699999.999999999,6.9E-6,0.088,0.088,0.0,1100.0,4.1,0.52,4.3E-8,1.6E-15,6.2E7,1.0,1.6E9,
7.6E-40,0.014,23000.0,3600.0,16000.0,8900000.0,17000.0,9800.0,6200.0,2900.0,4200.0,0.25,9000000.0,0.1,0.14,0.14,0.0,1200.0,11.0,69.0,4.5E-8,1.5E-14,5.9E7,1.0,1.7E9,
4.2E-40,0.0077,130.0,3600.0,3900.0,8600000.0,4700.0,2300.0,6200.0,2900.0,4200.0,0.24,8600000.0,1.2E-5,0.13,0.13,0.0,1200.0,5.5,3.5,4.5E-8,4.7E-15,5.6E7,1.0,1.7E9,
4.2E-40,0.0076,130.0,3600.0,3900.0,8299999.999999999,4700.0,2300.0,6200.0,2900.0,4200.0,0.24,8400000.0,1.3E-5,0.13,0.13,0.0,1200.0,5.3,0.47,4.5E-8,3.1E-15,5.4E7,1.0,1.6E9,
4.0E-40,0.0073,130.0,3600.0,3900.0,7699999.999999999,4700.0,2300.0,6200.0,2900.0,4200.0,0.24,7799999.999999999,1.3E-5,0.12,0.12,0.0,1200.0,5.1,0.17,4.4E-8,2.4E-15,5.3E7,1.0,1.6E9,
3.9E-40,0.0071,130.0,3600.0,3900.0,7399999.999999999,4700.0,2300.0,6200.0,2900.0,4200.0,0.24,7499999.999999999,1.5E-5,0.12,0.12,0.0,1200.0,4.9,0.0032,4.4E-8,1.1E-15,5.0E7,1.0,1.6E9,
3.8E-40,0.0069,130.0,3600.0,3900.0,6899999.999999999,4700.0,2300.0,6200.0,2900.0,4200.0,0.24,6999999.999999999,1.6E-5,0.12,0.12,0.0,1200.0,4.7,1.6E-4,4.4E-8,5.7E-16,4.8E7,1.0,1.6E9,
3.7E-40,0.0068,130.0,3600.0,3800.0,6699999.999999999,4700.0,2200.0,6200.0,2900.0,4200.0,0.24,6699999.999999999,1.7E-5,0.11,0.11,0.0,1200.0,4.6,3.0E-6,4.4E-8,2.5E-16,4.6E7,1.0,1.6E9,
3.7E-40,0.0068,130.0,3600.0,3800.0,6699999.999999999,4700.0,2200.0,6200.0,2900.0,4200.0,0.24,6699999.999999999,1.9E-5,0.11,0.11,0.0,1200.0,4.6,7.6E-9,4.4E-8,7.6E-17,4.5E7,1.0,1.6E9,
3.7E-40,0.0068,130.0,3600.0,3800.0,6699999.999999999,4700.0,2200.0,6200.0,2900.0,4200.0,0.24,6699999.999999999,1.8E-5,0.11,0.11,0.0,1200.0,4.6,1.9E-11,4.4E-8,2.3E-17,4.6E7,1.0,1.6E9,
3.7E-40,0.0068,130.0,3600.0,3800.0,6699999.999999999,4700.0,2200.0,6200.0,2900.0,4200.0,0.24,6699999.999999999,1.6E-5,0.11,0.11,0.0,1100.0,4.6,4.9E-14,4.4E-8,7.3E-18,4.8E7,1.0,1.6E9,
3.7E-40,0.0068,130.0,3600.0,3800.0,6699999.999999999,4700.0,2200.0,6200.0,2900.0,4200.0,0.24,6699999.999999999,1.3E-5,0.11,0.11,0.0,1100.0,4.6,1.3E-16,4.4E-8,2.5E-18,5.1E7,1.0,1.6E9,
3.7E-40,0.0068,130.0,3600.0,3800.0,6699999.999999999,4700.0,2200.0,6200.0,2900.0,4200.0,0.24,6699999.999999999,1.1E-5,0.11,0.11,0.0,1100.0,4.6,3.6E-19,4.4E-8,9.7E-19,5.4E7,1.0,1.6E9,
5.8E-39,0.13,4900.0,240000.0,44000.0,8700000.0,4700.0,2200.0,6200.0,2900.0,4200.0,0.24,9000000.0,6.6,0.36,0.36,0.0,1400.0,8.3,310.0,5.3E-8,5.5E-13,5.7E7,1.0,1.7E9,
4.6E-39,0.11,4900.0,220000.0,3300.0,8700000.0,4700.0,2200.0,6200.0,2900.0,4200.0,0.24,9000000.0,2.0E-5,0.34,0.34,0.0,1400.0,5.5,44.0,5.3E-8,2.9E-13,5.5E7,1.0,1.7E9,
1.1999999999999999E-39,0.028,4900.0,48000.0,3300.0,8500000.0,4700.0,2200.0,6200.0,2800.0,4200.0,0.24,8600000.0,1.5E-5,0.17,0.17,0.0,1300.0,5.3,0.88,5.3E-8,3.4E-14,5.2E7,1.0,1.7E9,
2.4E-40,0.0055,4900.0,690.0,3300.0,7999999.999999999,4700.0,2200.0,6200.0,2800.0,4200.0,0.24,7999999.999999999,1.7E-5,0.12,0.12,0.0,1300.0,5.1,0.016,5.2E-8,3.1E-15,4.9E7,1.0,1.7E9,
2.2E-40,0.0051,4900.0,690.0,3300.0,7199999.999999999,4700.0,2200.0,6200.0,2800.0,4200.0,0.24,7199999.999999999,1.7E-5,0.11,0.11,0.0,1300.0,4.7,0.0022,5.2E-8,1.9E-15,4.8E7,1.0,1.6E9,
2.2E-40,0.005,4900.0,680.0,3300.0,6999999.999999999,4700.0,2200.0,6200.0,2800.0,4100.0,0.24,6999999.999999999,1.9E-5,0.11,0.11,0.0,1300.0,4.7,1.5E-5,5.2E-8,6.9E-16,4.6E7,1.0,1.6E9,
2.1E-40,0.0049,4900.0,680.0,3300.0,6699999.999999999,4700.0,2200.0,6100.0,2800.0,4100.0,0.24,6699999.999999999,2.0E-5,0.11,0.11,0.0,1300.0,4.5,2.8E-7,5.2E-8,3.0E-16,4.4E7,1.0,1.6E9,
2.1E-40,0.0049,4900.0,680.0,3300.0,6699999.999999999,4700.0,2200.0,6100.0,2800.0,4100.0,0.24,6699999.999999999,2.1E-5,0.11,0.11,0.0,1300.0,4.5,7.2E-10,5.2E-8,9.2E-17,4.3E7,1.0,1.6E9,
2.1E-40,0.0049,4900.0,680.0,3300.0,6699999.999999999,4700.0,2200.0,6100.0,2800.0,4100.0,0.24,6699999.999999999,1.9E-5,0.11,0.11,0.0,1300.0,4.5,1.8E-12,5.2E-8,2.8E-17,4.4E7,1.0,1.6E9,
2.1E-40,0.0049,4900.0,680.0,3300.0,6699999.999999999,4700.0,2200.0,6100.0,2800.0,4100.0,0.24,6699999.999999999,1.7E-5,0.11,0.11,0.0,1200.0,4.5,4.6E-15,5.2E-8,8.9E-18,4.6E7,1.0,1.6E9,
2.1E-40,0.0049,4900.0,680.0,3300.0,6699999.999999999,4700.0,2200.0,6100.0,2800.0,4100.0,0.24,6699999.999999999,1.4E-5,0.11,0.11,0.0,1200.0,4.5,1.2E-17,5.2E-8,3.0E-18,4.9E7,1.0,1.6E9,
2.1E-40,0.0049,4900.0,680.0,3300.0,6699999.999999999,4700.0,2200.0,6100.0,2800.0,4100.0,0.24,6699999.999999999,1.2E-5,0.11,0.11,0.0,1200.0,4.5,3.5E-20,5.2E-8,1.2E-18,5.3E7,1.0,1.6E9,
2.1E-40,0.0049,4900.0,680.0,3300.0,6699999.999999999,4700.0,2200.0,6100.0,2800.0,4100.0,0.24,6699999.999999999,1.0E-5,0.11,0.11,0.0,1200.0,4.5,9.3E-23,5.2E-8,6.0E-19,5.6E7,1.0,1.6E9,
2.1E-40,0.0049,4900.0,680.0,3300.0,6699999.999999999,4700.0,2200.0,6100.0,2800.0,4100.0,0.24,6699999.999999999,8.5E-6,0.11,0.11,0.0,1200.0,4.5,4.5E-25,5.2E-8,3.8E-19,6.0E7,1.0,1.6E9,
2.1E-40,0.0049,4900.0,680.0,3300.0,6699999.999999999,4700.0,2200.0,6100.0,2800.0,4100.0,0.24,6699999.999999999,7.1E-6,0.11,0.11,0.0,1200.0,4.5,0.0,5.2E-8,2.9E-19,6.4E7,1.0,1.6E9,
2.1E-40,0.0049,4900.0,680.0,3300.0,6699999.999999999,4700.0,2200.0,6100.0,2800.0,4100.0,0.24,6699999.999999999,9.0E-6,0.11,0.11,0.0,1200.0,4.5,0.0,5.2E-8,2.7E-19,5.8E7,1.0,1.6E9,
2.1E-40,0.0049,4900.0,680.0,3300.0,6699999.999999999,4700.0,2200.0,6100.0,2800.0,4100.0,0.24,6699999.999999999,9.7E-6,0.11,0.11,0.0,1200.0,4.5,0.0,5.2E-8,2.9E-19,5.7E7,1.0,1.6E9,
2.1E-40,0.0049,4900.0,680.0,3300.0,6699999.999999999,4700.0,2200.0,6100.0,2800.0,4100.0,0.24,6699999.999999999,9.5E-6,0.11,0.11,0.0,1200.0,4.5,0.0,5.2E-8,3.0E-19,5.7E7,1.0,1.6E9,
2.1E-40,0.0049,4900.0,680.0,3300.0,6699999.999999999,4700.0,2200.0,6100.0,2800.0,4100.0,0.24,6699999.999999999,8.7E-6,0.11,0.11,0.0,1200.0,4.5,0.0,5.2E-8,2.9E-19,5.9E7,1.0,1.6E9,
2.1E-40,0.0049,4900.0,680.0,3300.0,6699999.999999999,4700.0,2200.0,6100.0,2800.0,4100.0,0.24,6699999.999999999,7.7E-6,0.11,0.11,0.0,1100.0,4.5,0.0,5.2E-8,2.7E-19,6.2E7,1.0,1.6E9,
2.1E-40,0.0049,4900.0,680.0,3300.0,6699999.999999999,4700.0,2200.0,6100.0,2800.0,4100.0,0.24,6699999.999999999,6.7E-6,0.11,0.11,0.0,1100.0,4.5,0.0,5.2E-8,2.4E-19,6.5E7,1.0,1.6E9,
2.1E-40,0.0049,4900.0,680.0,3300.0,6699999.999999999,4700.0,2200.0,6100.0,2800.0,4100.0,0.24,6699999.999999999,5.8E-6,0.11,0.11,0.0,1100.0,4.5,0.0,5.2E-8,2.1E-19,6.8E7,1.0,1.6E9,
2.1E-40,0.0049,4900.0,680.0,3300.0,6699999.999999999,4700.0,2200.0,6100.0,2800.0,4100.0,0.24,6699999.999999999,5.0E-6,0.11,0.11,0.0,1100.0,4.5,0.0,5.2E-8,1.8E-19,7.2E7,1.0,1.6E9,
2.1E-40,0.0049,4900.0,680.0,3300.0,6699999.999999999,4700.0,2200.0,6100.0,2800.0,4100.0,0.24,6699999.999999999,5.9E-6,0.11,0.11,0.0,1100.0,4.5,0.0,5.2E-8,1.7E-19,6.8E7,1.0,1.6E9,
2.1E-40,0.0049,4900.0,680.0,3300.0,6699999.999999999,4700.0,2200.0,6100.0,2800.0,4100.0,0.24,6699999.999999999,7.0E-6,0.11,0.11,0.0,1100.0,4.5,0.0,5.3E-8,2.0E-19,6.4E7,1.0,1.6E9,
2.1E-40,0.0049,4900.0,680.0,3300.0,6699999.999999999,4700.0,2200.0,6100.0,2800.0,4100.0,0.24,6699999.999999999,7.2E-6,0.11,0.11,0.0,1100.0,4.5,0.0,5.3E-8,2.2E-19,6.3E7,1.0,1.6E9,
2.1E-40,0.0049,4900.0,680.0,3300.0,6699999.999999999,4700.0,2200.0,6100.0,2800.0,4100.0,0.24,6699999.999999999,7.0E-6,0.11,0.11,0.0,1100.0,4.5,0.0,5.3E-8,2.3E-19,6.4E7,1.0,1.6E9,
2.1E-40,0.0049,4900.0,680.0,3300.0,6699999.999999999,4700.0,2200.0,6100.0,2800.0,4100.0,0.24,6699999.999999999,6.4E-6,0.11,0.11,0.0,1100.0,4.5,0.0,5.3E-8,2.2E-19,6.6E7,1.0,1.6E9,
2.1E-40,0.0049,4900.0,680.0,3300.0,6699999.999999999,4700.0,2200.0,6100.0,2800.0,4100.0,0.24,6699999.999999999,5.7E-6,0.11,0.11,0.0,1000.0,4.5,0.0,5.3E-8,2.0E-19,6.9E7,1.0,1.6E9,
2.1E-40,0.0049,4900.0,680.0,3300.0,6699999.999999999,4700.0,2200.0,6100.0,2800.0,4100.0,0.24,6699999.999999999,5.0E-6,0.11,0.11,0.0,1000.0,4.5,0.0,5.3E-8,1.8E-19,7.2E7,1.0,1.6E9,
2.1E-40,0.0049,4900.0,680.0,3300.0,6699999.999999999,4700.0,2200.0,6100.0,2800.0,4100.0,0.24,6699999.999999999,4.4E-6,0.11,0.11,0.0,1000.0,4.5,0.0,5.3E-8,1.6E-19,7.6E7,1.0,1.6E9,
2.1E-40,0.0049,4900.0,680.0,3300.0,6699999.999999999,4700.0,2200.0,6100.0,2800.0,4100.0,0.24,6699999.999999999,4.5E-6,0.11,0.11,0.0,1000.0,4.5,0.0,5.3E-8,1.4E-19,7.5E7,1.0,1.6E9,
2.1E-40,0.0049,4900.0,680.0,3300.0,6699999.999999999,4700.0,2200.0,6100.0,2800.0,4100.0,0.24,6699999.999999999,5.7E-6,0.11,0.11,0.0,1000.0,4.5,0.0,5.3E-8,1.6E-19,6.9E7,1.0,1.6E9,
2.1E-40,0.0049,4900.0,680.0,3300.0,6699999.999999999,4700.0,2200.0,6100.0,2800.0,4100.0,0.24,6699999.999999999,6.3E-6,0.11,0.11,0.0,1000.0,4.5,0.0,5.3E-8,1.9E-19,6.7E7,1.0,1.6E9,
2.1E-40,0.0049,4900.0,680.0,3300.0,6699999.999999999,4700.0,2200.0,6100.0,2800.0,4100.0,0.24,6699999.999999999,6.3E-6,0.11,0.11,0.0,1000.0,4.5,0.0,5.3E-8,2.0E-19,6.7E7,1.0,1.6E9,
2.1E-40,0.0049,4900.0,680.0,3300.0,6699999.999999999,4700.0,2200.0,6100.0,2800.0,4100.0,0.24,6699999.999999999,5.9E-6,0.11,0.11,0.0,1000.0,4.5,0.0,5.3E-8,2.0E-19,6.8E7,1.0,1.6E9,
2.1E-40,0.0049,4900.0,680.0,3300.0,6699999.999999999,4700.0,2200.0,6100.0,2800.0,4100.0,0.24,6699999.999999999,5.3E-6,0.11,0.11,0.0,1000.0,4.5,0.0,5.3E-8,1.8E-19,7.1E7,1.0,1.6E9,
2.1E-40,0.0049,4900.0,680.0,3300.0,6699999.999999999,4700.0,2200.0,6100.0,2800.0,4100.0,0.24,6699999.999999999,4.7E-6,0.11,0.11,0.0,1000.0,4.5,0.0,5.3E-8,1.7E-19,7.4E7,1.0,1.6E9,
2.1E-40,0.0049,4900.0,680.0,3300.0,6699999.999999999,4700.0,2200.0,6100.0,2800.0,4100.0,0.24,6699999.999999999,4.2E-6,0.11,0.11,0.0,1000.0,4.5,0.0,5.3E-8,1.5E-19,7.7E7,1.0,1.6E9,
2.1E-40,0.0049,4900.0,680.0,3300.0,6699999.999999999,4700.0,2200.0,6100.0,2800.0,4100.0,0.24,6699999.999999999,3.7E-6,0.11,0.11,0.0,1000.0,4.5,0.0,5.3E-8,1.3E-19,8.1E7,1.0,1.6E9,
2.1E-40,0.0049,4900.0,680.0,3300.0,6699999.999999999,4700.0,2200.0,6100.0,2800.0,4100.0,0.24,6699999.999999999,5.0E-6,0.11,0.11,0.0,1000.0,4.5,0.0,5.3E-8,1.4E-19,7.2E7,1.0,1.6E9,
2.1E-40,0.0049,4900.0,680.0,3300.0,6699999.999999999,4700.0,2200.0,6100.0,2800.0,4100.0,0.24,6699999.999999999,5.7E-6,0.11,0.11,0.0,1000.0,4.5,0.0,5.3E-8,1.7E-19,6.9E7,1.0,1.6E9,
2.1E-40,0.0049,4900.0,680.0,3300.0,6699999.999999999,4700.0,2200.0,6100.0,2800.0,4100.0,0.24,6699999.999999999,5.9E-6,0.11,0.11,0.0,1000.0,4.5,0.0,5.3E-8,1.8E-19,6.8E7,1.0,1.6E9,
2.1E-40,0.0049,4900.0,680.0,3300.0,6699999.999999999,4700.0,2200.0,6100.0,2800.0,4100.0,0.24,6699999.999999999,5.7E-6,0.11,0.11,0.0,1000.0,4.5,0.0,5.3E-8,1.9E-19,6.9E7,1.0,1.6E9,
2.1E-40,0.0049,4900.0,680.0,3300.0,6699999.999999999,4700.0,2200.0,6100.0,2800.0,4100.0,0.24,6699999.999999999,5.2E-6,0.11,0.11,0.0,1000.0,4.5,0.0,5.3E-8,1.8E-19,7.1E7,1.0,1.6E9,
2.1E-40,0.0049,4900.0,680.0,3300.0,6699999.999999999,4700.0,2200.0,6100.0,2800.0,4100.0,0.24,6699999.999999999,4.7E-6,0.11,0.11,0.0,1000.0,4.5,0.0,5.3E-8,1.7E-19,7.4E7,1.0,1.6E9,
3.7999999999999996E-39,0.14,49000.0,270000.0,12000.0,8500000.0,15000.0,3300.0,7100.0,11000.0,9300.0,0.24,8800000.0,2.6E-5,0.54,0.54,0.0,1200.0,25.0,180.0,7.6E-8,3.9E-13,7.6E7,1.0,1.7E9,
3.4E-39,0.13,1400.0,250000.0,4300.0,8500000.0,2300.0,3300.0,7100.0,3200.0,1800.0,0.24,8700000.0,2.1E-5,0.42,0.42,0.0,1200.0,16.0,3.7,7.7E-8,1.6E-13,7.0E7,1.0,1.7E9,
2.9E-39,0.11,1400.0,210000.0,4300.0,8400000.0,2300.0,3300.0,7100.0,3200.0,1800.0,0.24,8700000.0,2.6E-5,0.37,0.37,0.0,1200.0,16.0,0.029,7.7E-8,4.9E-14,6.4E7,1.0,1.7E9,
7.8E-40,0.048,28000.0,74000.0,15000.0,8600000.0,2300.0,3300.0,7100.0,3200.0,1800.0,0.24,8700000.0,4.3E-5,0.17,0.17,0.0,1200.0,23.0,130.0,7.8E-8,1.5E-13,6.0E7,1.0,1.7E9,
1.6E-40,0.0096,820.0,3800.0,7400.0,8400000.0,2300.0,3300.0,7100.0,3200.0,1800.0,0.24,8400000.0,1.6E-5,0.1,0.1,0.0,1200.0,15.0,2.5,7.8E-8,1.3E-14,5.6E7,1.0,1.7E9,
1.4999999999999999E-40,0.0094,820.0,3800.0,7400.0,7899999.999999999,2300.0,3300.0,7100.0,3200.0,1800.0,0.24,7899999.999999999,3.9E-5,0.095,0.095,0.0,1200.0,15.0,0.046,7.8E-8,5.7E-15,5.3E7,1.0,1.7E9,
1.4999999999999999E-40,0.0093,820.0,3800.0,7400.0,7799999.999999999,2300.0,3300.0,7100.0,3200.0,1800.0,0.24,7799999.999999999,4.6E-5,0.094,0.094,0.0,1200.0,15.0,3.2E-4,7.8E-8,2.1E-15,5.0E7,1.0,1.7E9,
1.4999999999999999E-40,0.0091,810.0,3800.0,7400.0,7499999.999999999,2300.0,3300.0,7100.0,3200.0,1800.0,0.24,7499999.999999999,4.8E-5,0.091,0.091,0.0,1200.0,14.0,4.3E-5,7.8E-8,1.4E-15,4.9E7,1.0,1.7E9,
1.4E-40,0.0089,810.0,3800.0,7400.0,6899999.999999999,2300.0,3300.0,7100.0,3200.0,1800.0,0.24,6899999.999999999,4.9E-5,0.085,0.085,0.0,1200.0,14.0,1.6E-5,7.7E-8,1.1E-15,4.8E7,1.0,1.7E9,
1.4E-40,0.0088,810.0,3800.0,7400.0,6699999.999999999,2300.0,3300.0,7100.0,3200.0,1800.0,0.24,6799999.999999999,5.3E-5,0.084,0.084,0.0,1200.0,14.0,1.1E-7,7.7E-8,4.0E-16,4.6E7,1.0,1.7E9,
1.4E-40,0.0088,810.0,3800.0,7400.0,6699999.999999999,2300.0,3300.0,7100.0,3200.0,1800.0,0.24,6799999.999999999,5.4E-5,0.084,0.084,0.0,1200.0,14.0,2.8E-10,7.7E-8,1.2E-16,4.6E7,1.0,1.7E9,
1.4E-40,0.0088,810.0,3800.0,7400.0,6699999.999999999,2300.0,3300.0,7100.0,3200.0,1800.0,0.24,6799999.999999999,4.9E-5,0.084,0.084,0.0,1200.0,14.0,7.1E-13,7.7E-8,3.9E-17,4.7E7,1.0,1.7E9,
1.4E-40,0.0088,810.0,3800.0,7400.0,6699999.999999999,2300.0,3300.0,7100.0,3200.0,1800.0,0.24,6799999.999999999,4.3E-5,0.084,0.084,0.0,1100.0,14.0,1.8E-15,7.8E-8,1.3E-17,5.0E7,1.0,1.7E9,
7.7E-40,0.028,15000.0,53000.0,870.0,8800000.0,6400.0,3300.0,7100.0,3200.0,1800.0,0.24,8900000.0,1.9E-5,0.16,0.16,0.0,1200.0,5.7,34.0,8.4E-8,9.2E-14,4.9E7,1.0,1.7E9,
1.4999999999999999E-40,0.0054,2000.0,3200.0,870.0,8299999.999999999,6400.0,3300.0,7100.0,3200.0,1800.0,0.24,8299999.999999999,6.3E-6,0.1,0.1,0.0,1200.0,5.3,1.7,8.4E-8,9.9E-15,4.8E7,1.0,1.7E9,
1.4E-40,0.0052,2000.0,3200.0,870.0,7799999.999999999,6400.0,3300.0,7100.0,3200.0,1800.0,0.24,7799999.999999999,2.0E-5,0.098,0.098,0.0,1200.0,5.0,0.24,8.3E-8,6.4E-15,4.6E7,1.0,1.7E9,
1.4E-40,0.0051,2000.0,3200.0,870.0,7699999.999999999,6400.0,3300.0,7100.0,3200.0,1800.0,0.24,7699999.999999999,2.2E-5,0.097,0.097,0.0,1200.0,5.0,0.0016,8.3E-8,2.3E-15,4.5E7,1.0,1.7E9,
1.4E-40,0.0051,1900.0,3200.0,860.0,7599999.999999999,6400.0,3300.0,7100.0,3200.0,1800.0,0.24,7599999.999999999,2.4E-5,0.096,0.096,0.0,1200.0,4.9,1.1E-5,8.3E-8,8.5E-16,4.3E7,1.0,1.7E9,
1.4E-40,0.005,1900.0,3200.0,860.0,7399999.999999999,6400.0,3300.0,7100.0,3200.0,1800.0,0.24,7399999.999999999,2.5E-5,0.094,0.094,0.0,1200.0,4.8,7.6E-8,8.3E-8,3.1E-16,4.2E7,1.0,1.7E9,
1.4E-40,0.0048,1900.0,3200.0,860.0,6999999.999999999,6400.0,3300.0,7100.0,3200.0,1800.0,0.24,7099999.999999999,2.6E-5,0.09,0.09,0.0,1200.0,4.6,3.8E-9,8.3E-8,1.6E-16,4.1E7,1.0,1.7E9,
1.3E-40,0.0048,1900.0,3200.0,860.0,6899999.999999999,6400.0,3300.0,7100.0,3200.0,1800.0,0.24,6899999.999999999,2.7E-5,0.089,0.089,0.0,1200.0,4.5,7.1E-11,8.3E-8,7.4E-17,4.0E7,1.0,1.7E9,
1.3E-40,0.0047,1900.0,3200.0,860.0,6699999.999999999,6400.0,3300.0,7100.0,3200.0,1800.0,0.24,6799999.999999999,2.7E-5,0.088,0.088,0.0,1200.0,4.4,1.3E-12,8.3E-8,3.4E-17,3.9E7,1.0,1.7E9,
1.3E-40,0.0047,1900.0,3200.0,860.0,6699999.999999999,6400.0,3300.0,7100.0,3200.0,1800.0,0.24,6799999.999999999,2.6E-5,0.088,0.088,0.0,1100.0,4.4,3.3E-15,8.3E-8,1.1E-17,4.0E7,1.0,1.7E9,
1.3E-40,0.0047,1900.0,3200.0,860.0,6699999.999999999,6400.0,3300.0,7100.0,3200.0,1800.0,0.24,6799999.999999999,2.3E-5,0.088,0.088,0.0,1100.0,4.4,8.5E-18,8.3E-8,4.2E-18,4.2E7,1.0,1.7E9,
1.3E-40,0.0047,1900.0,3200.0,860.0,6699999.999999999,6400.0,3300.0,7100.0,3200.0,1800.0,0.24,6799999.999999999,1.9E-5,0.088,0.088,0.0,1100.0,4.4,2.2E-20,8.3E-8,2.0E-18,4.5E7,1.0,1.7E9,
1.3E-39,0.061,12000.0,100000.0,7900.0,9200000.0,6400.0,3300.0,7100.0,3200.0,1800.0,0.24,9400000.0,6.7,0.2,0.2,0.0,1200.0,9.9,350.0,8.8E-8,1.7E-13,4.9E7,1.0,1.7E9,
1.4999999999999999E-40,0.0071,4300.0,4400.0,340.0,9200000.0,6400.0,3300.0,7100.0,3200.0,1800.0,0.24,9300000.0,3.6E-5,0.11,0.11,0.0,1200.0,9.2,18.0,8.8E-8,1.1E-14,4.7E7,1.0,1.7E9,
1.4999999999999999E-40,0.0069,4300.0,4400.0,340.0,8900000.0,6400.0,3300.0,7100.0,3200.0,1800.0,0.24,8900000.0,3.7E-5,0.11,0.11,0.0,1200.0,8.9,0.88,8.8E-8,5.9E-15,4.6E7,1.0,1.7E9,
1.4E-40,0.0069,4300.0,4400.0,340.0,8800000.0,6400.0,3300.0,7100.0,3200.0,1800.0,0.24,8800000.0,4.1E-5,0.11,0.11,0.0,1200.0,8.8,0.006,8.8E-8,2.2E-15,4.4E7,1.0,1.7E9,
1.4E-40,0.0068,4300.0,4400.0,340.0,8500000.0,6400.0,3300.0,7100.0,3200.0,1800.0,0.24,8600000.0,4.3E-5,0.1,0.1,0.0,1100.0,8.6,1.1E-4,8.8E-8,9.6E-16,4.3E7,1.0,1.7E9,
1.4E-40,0.0066,4300.0,4400.0,340.0,8299999.999999999,6400.0,3300.0,7100.0,3200.0,1800.0,0.24,8299999.999999999,4.5E-5,0.1,0.1,0.0,1100.0,8.3,5.6E-6,8.7E-8,5.2E-16,4.2E7,1.0,1.7E9,
1.4E-40,0.0064,4300.0,4400.0,340.0,7899999.999999999,6400.0,3300.0,7000.0,3200.0,1800.0,0.24,7899999.999999999,4.6E-5,0.097,0.097,0.0,1100.0,8.0,1.0E-7,8.7E-8,2.3E-16,4.1E7,1.0,1.7E9,
1.3E-40,0.0064,4300.0,4400.0,340.0,7799999.999999999,6400.0,3300.0,7000.0,3200.0,1800.0,0.23,7799999.999999999,4.7E-5,0.096,0.096,0.0,1100.0,7.8,5.2E-9,8.7E-8,1.2E-16,4.0E7,1.0,1.7E9,
1.3E-40,0.006,4300.0,4400.0,340.0,6999999.999999999,6400.0,3300.0,7000.0,3200.0,1800.0,0.23,6999999.999999999,4.5E-5,0.088,0.088,0.0,1100.0,7.0,7.1E-10,8.6E-8,7.9E-17,3.9E7,1.0,1.7E9,
1.2E-40,0.0058,4200.0,4400.0,340.0,6799999.999999999,6400.0,3300.0,7000.0,3200.0,1800.0,0.23,6799999.999999999,4.5E-5,0.086,0.086,0.0,1100.0,6.8,1.3E-11,8.6E-8,3.6E-17,3.9E7,1.0,1.7E9,
1.2E-40,0.0058,4200.0,4400.0,340.0,6799999.999999999,6300.0,3300.0,7000.0,3200.0,1800.0,0.23,6799999.999999999,4.5E-5,0.086,0.086,0.0,1100.0,6.8,3.4E-14,8.6E-8,1.3E-17,3.8E7,1.0,1.7E9,
1.2E-40,0.0058,4200.0,4400.0,340.0,6799999.999999999,6300.0,3300.0,7000.0,3200.0,1800.0,0.23,6799999.999999999,4.1E-5,0.086,0.086,0.0,1100.0,6.8,8.5E-17,8.6E-8,5.3E-18,4.0E7,1.0,1.7E9,
1.2E-40,0.0058,4200.0,4400.0,340.0,6799999.999999999,6300.0,3300.0,7000.0,3200.0,1800.0,0.23,6799999.999999999,3.5E-5,0.086,0.086,0.0,1100.0,6.8,2.2E-19,8.6E-8,3.0E-18,4.2E7,1.0,1.7E9,
1.2E-40,0.0058,4200.0,4400.0,340.0,6799999.999999999,6300.0,3300.0,7000.0,3200.0,1800.0,0.23,6799999.999999999,2.9E-5,0.086,0.086,0.0,1100.0,6.8,5.6E-22,8.6E-8,2.0E-18,4.5E7,1.0,1.7E9,
1.2E-40,0.0058,4200.0,4400.0,340.0,6799999.999999999,6300.0,3300.0,7000.0,3200.0,1800.0,0.23,6799999.999999999,2.4E-5,0.086,0.086,0.0,1100.0,6.8,1.2999999999999998E-24,8.6E-8,1.5E-18,4.8E7,1.0,1.7E9,
1.2E-40,0.0058,4200.0,4400.0,340.0,6799999.999999999,6300.0,3300.0,7000.0,3200.0,1800.0,0.23,6799999.999999999,1.9E-5,0.086,0.086,0.0,1100.0,6.8,8.800000000000001E-27,8.7E-8,1.2E-18,5.2E7,1.0,1.7E9,
1.3E-40,0.007,16000.0,2600.0,4300.0,8700000.0,6300.0,3300.0,7000.0,3200.0,1800.0,0.23,8700000.0,2.5E-6,0.11,0.11,0.0,1200.0,5.5,9.4,9.9E-8,1.1E-14,5.0E7,1.0,1.7E9,
1.3E-40,0.0069,3600.0,2600.0,4300.0,8400000.0,6300.0,3300.0,7000.0,3200.0,1800.0,0.23,8500000.0,1.9E-5,0.11,0.11,0.0,1200.0,5.4,1.3,9.8E-8,7.5E-15,4.9E7,1.0,1.7E9,
1.3E-40,0.0068,3600.0,2600.0,4300.0,8199999.999999999,6300.0,3300.0,7000.0,3200.0,1800.0,0.23,8199999.999999999,2.1E-5,0.11,0.11,0.0,1200.0,5.3,0.024,9.8E-8,3.3E-15,4.7E7,1.0,1.7E9,
1.2E-40,0.0066,3600.0,2600.0,4300.0,7699999.999999999,6300.0,3300.0,7000.0,3200.0,1800.0,0.23,7699999.999999999,2.2E-5,0.1,0.1,0.0,1200.0,5.1,4.4E-4,9.7E-8,1.4E-15,4.5E7,1.0,1.7E9,
1.2E-40,0.0064,3600.0,2600.0,4300.0,7299999.999999999,6300.0,3300.0,7000.0,3200.0,1800.0,0.23,7399999.999999999,2.4E-5,0.099,0.099,0.0,1200.0,5.0,3.0E-6,9.7E-8,5.2E-16,4.3E7,1.0,1.7E9,
1.6E-39,0.17,20000.0,170000.0,14000.0,8800000.0,84000.0,3300.0,4100.0,6700.0,6700.0,0.23,9200000.0,3.8,0.65,0.65,0.0,1200.0,35.0,270.0,1.4E-7,2.9E-13,4.3E7,1.0,1.7E9,
5.7E-40,0.061,20000.0,61000.0,1200.0,8700000.0,42000.0,3300.0,4100.0,6700.0,6700.0,0.23,8900000.0,7.9E-5,0.43,0.43,0.0,1200.0,17.0,15.0,1.3E-7,5.9E-14,4.1E7,1.0,1.7E9,
5.7E-40,0.061,2700.0,61000.0,1200.0,8700000.0,29000.0,3300.0,4100.0,6700.0,6700.0,0.23,8800000.0,1.0E-4,0.43,0.43,0.0,1200.0,17.0,0.11,1.3E-7,2.2E-14,4.0E7,1.0,1.7E9,
3.5E-40,0.037,2700.0,33000.0,1200.0,8700000.0,3900.0,3300.0,4100.0,6700.0,6700.0,0.23,8800000.0,1.1E-4,0.37,0.37,0.0,1200.0,17.0,0.002,1.3E-7,5.9E-15,4.0E7,1.0,1.7E9,
8.099999999999999E-41,0.0087,2700.0,590.0,1200.0,8299999.999999999,3900.0,3300.0,4100.0,6700.0,6700.0,0.23,8299999.999999999,1.1E-4,0.3,0.3,0.0,1200.0,16.0,3.7E-5,1.3E-7,6.2E-16,3.9E7,1.0,1.7E9,
7.9E-41,0.0085,2700.0,590.0,1200.0,7999999.999999999,3900.0,3300.0,4100.0,6700.0,6600.0,0.23,7999999.999999999,1.1E-4,0.29,0.29,0.0,1200.0,16.0,6.9E-7,1.3E-7,2.8E-16,3.8E7,1.0,1.7E9,
7.6E-41,0.0081,2700.0,590.0,1200.0,7599999.999999999,3900.0,3300.0,4100.0,6700.0,6600.0,0.23,7599999.999999999,1.1E-4,0.28,0.28,0.0,1200.0,15.0,2.5E-7,1.3E-7,2.2E-16,3.8E7,1.0,1.7E9,
1.6E-39,0.065,3600.0,150000.0,7300.0,8900000.0,3900.0,1800.0,5600.0,6700.0,6600.0,0.23,9000000.0,1.5E-4,0.52,0.52,0.0,1200.0,20.0,31.0,1.4E-7,4.2E-13,3.8E7,1.0,1.7E9,
1.9E-40,0.0078,3600.0,3800.0,7300.0,8700000.0,3900.0,1800.0,5600.0,6600.0,6600.0,0.23,8800000.0,9.1E-5,0.27,0.27,0.0,1200.0,20.0,1.6,1.4E-7,2.7E-14,3.8E7,1.0,1.7E9,
1.9E-40,0.0078,3600.0,3800.0,7300.0,8600000.0,3900.0,1800.0,5500.0,6600.0,6600.0,0.23,8700000.0,1.5E-4,0.27,0.27,0.0,1200.0,20.0,0.03,1.4E-7,1.2E-14,3.7E7,1.0,1.7E9,
1.8E-40,0.0076,3600.0,3800.0,7300.0,8199999.999999999,3900.0,1700.0,5500.0,6600.0,6600.0,0.23,8299999.999999999,1.5E-4,0.26,0.26,0.0,1200.0,19.0,0.0015,1.4E-7,6.6E-15,3.7E7,1.0,1.7E9,
1.8E-40,0.0076,3600.0,3800.0,7300.0,8099999.999999999,3900.0,1700.0,5500.0,6600.0,6600.0,0.23,8099999.999999999,1.5E-4,0.26,0.26,0.0,1200.0,19.0,7.6E-5,1.4E-7,3.6E-15,3.6E7,1.0,1.7E9,
1.8E-40,0.0075,3600.0,3800.0,7300.0,7899999.999999999,3900.0,1700.0,5500.0,6600.0,6600.0,0.23,7999999.999999999,1.5E-4,0.25,0.25,0.0,1200.0,19.0,1.4E-6,1.4E-7,1.6E-15,3.6E7,1.0,1.7E9,
1.8E-40,0.0073,3600.0,3800.0,7300.0,7499999.999999999,3900.0,1700.0,5500.0,6600.0,6600.0,0.23,7599999.999999999,1.5E-4,0.25,0.25,0.0,1200.0,18.0,7.1E-8,1.4E-7,8.7E-16,3.6E7,1.0,1.7E9,
1.7E-40,0.0072,3600.0,3800.0,7300.0,7099999.999999999,3800.0,1700.0,5500.0,6600.0,6600.0,0.23,7099999.999999999,1.5E-4,0.24,0.24,0.0,1200.0,18.0,3.6E-9,1.4E-7,4.7E-16,3.6E7,1.0,1.7E9,
1.7E-40,0.0071,3600.0,3800.0,7200.0,6999999.999999999,3800.0,1700.0,5500.0,6600.0,6600.0,0.23,6999999.999999999,1.5E-4,0.24,0.24,0.0,1200.0,18.0,2.5E-11,1.4E-7,1.8E-16,3.5E7,1.0,1.7E9,
1.7E-40,0.007,3600.0,3800.0,7200.0,6799999.999999999,3800.0,1700.0,5500.0,6600.0,6600.0,0.22,6799999.999999999,1.5E-4,0.23,0.23,0.0,1200.0,17.0,1.3E-12,1.4E-7,1.0E-16,3.5E7,1.0,1.7E9,
1.7E-40,0.007,3600.0,3800.0,7200.0,6799999.999999999,3800.0,1700.0,5500.0,6600.0,6600.0,0.22,6799999.999999999,1.4E-4,0.23,0.23,0.0,1200.0,17.0,3.2E-15,1.4E-7,4.0E-17,3.6E7,1.0,1.7E9,
1.7E-40,0.007,3600.0,3800.0,7200.0,6799999.999999999,3800.0,1700.0,5500.0,6600.0,6600.0,0.22,6799999.999999999,1.2E-4,0.23,0.23,0.0,1200.0,17.0,8.3E-18,1.4E-7,1.9E-17,3.8E7,1.0,1.7E9,
1.7E-40,0.007,3600.0,3800.0,7200.0,6799999.999999999,3800.0,1700.0,5500.0,6600.0,6600.0,0.22,6799999.999999999,1.0E-4,0.23,0.23,0.0,1100.0,17.0,2.1E-20,1.4E-7,1.2E-17,4.1E7,1.0,1.7E9,
1.7E-40,0.007,3600.0,3800.0,7200.0,6799999.999999999,3800.0,1700.0,5500.0,6600.0,6600.0,0.22,6799999.999999999,8.1E-5,0.23,0.23,0.0,1100.0,17.0,5.600000000000001E-23,1.4E-7,8.8E-18,4.4E7,1.0,1.7E9,
1.4E-40,0.008,27000.0,21000.0,2700.0,8700000.0,3800.0,1700.0,5500.0,6600.0,6600.0,0.23,8800000.0,6.4E-5,0.24,0.24,0.0,1200.0,13.0,1.4,1.4E-7,1.6E-14,4.4E7,1.0,1.7E9,
5.4E-41,0.003,4100.0,1100.0,2700.0,8400000.0,3800.0,1700.0,5500.0,6600.0,6600.0,0.23,8400000.0,6.3E-5,0.21,0.21,0.0,1200.0,12.0,0.19,1.4E-7,4.1E-15,4.3E7,1.0,1.7E9,
5.3E-41,0.0029,4100.0,1100.0,2700.0,8299999.999999999,3800.0,1700.0,5500.0,6600.0,6600.0,0.23,8299999.999999999,6.7E-5,0.21,0.21,0.0,1200.0,12.0,0.0097,1.4E-7,2.2E-15,4.2E7,1.0,1.7E9,
5.3E-41,0.0029,4100.0,1100.0,2700.0,8099999.999999999,3800.0,1700.0,5500.0,6600.0,6500.0,0.23,8099999.999999999,7.1E-5,0.21,0.21,0.0,1200.0,12.0,6.7E-5,1.4E-7,8.2E-16,4.1E7,1.0,1.7E9,
5.2E-41,0.0029,4100.0,1100.0,2700.0,7899999.999999999,3800.0,1700.0,5500.0,6600.0,6500.0,0.22,7999999.999999999,7.5E-5,0.2,0.2,0.0,1200.0,12.0,4.6E-7,1.4E-7,3.0E-16,4.0E7,1.0,1.7E9,
1.8E-40,0.0079,910.0,1800.0,10000.0,8800000.0,9500.0,1700.0,5500.0,6600.0,6500.0,0.23,8800000.0,9.2E-5,0.2,0.2,0.0,1400.0,14.0,38.0,1.5E-7,8.7E-14,3.9E7,1.0,1.7E9,
1.1E-40,0.005,910.0,1800.0,2600.0,8600000.0,1900.0,1700.0,5500.0,6600.0,6500.0,0.23,8600000.0,5.7E-5,0.2,0.2,0.0,1400.0,8.2,0.71,1.5E-7,2.5E-14,3.9E7,1.0,1.7E9,
1.1E-40,0.0049,910.0,1800.0,2600.0,8299999.999999999,1900.0,1700.0,5500.0,6500.0,6500.0,0.22,8299999.999999999,5.6E-5,0.2,0.2,0.0,1400.0,8.0,0.096,1.5E-7,1.6E-14,3.8E7,1.0,1.7E9,
1.1E-40,0.0047,910.0,1800.0,2600.0,7899999.999999999,1900.0,1700.0,5500.0,6500.0,6500.0,0.22,7899999.999999999,5.5E-5,0.19,0.19,0.0,1300.0,7.7,0.035,1.5E-7,1.3E-14,3.8E7,1.0,1.7E9,
1.0E-40,0.0046,910.0,1800.0,2600.0,7499999.999999999,1900.0,1700.0,5500.0,6500.0,6500.0,0.22,7499999.999999999,5.5E-5,0.18,0.18,0.0,1300.0,7.4,6.5E-4,1.5E-7,5.6E-15,3.8E7,1.0,1.7E9,
9.7E-41,0.0043,910.0,1800.0,2600.0,6899999.999999999,1900.0,1700.0,5500.0,6500.0,6500.0,0.22,6899999.999999999,5.3E-5,0.18,0.18,0.0,1300.0,6.9,3.3E-5,1.5E-7,2.9E-15,3.7E7,1.0,1.7E9,
9.7E-41,0.0043,910.0,1800.0,2600.0,6799999.999999999,1900.0,1700.0,5500.0,6500.0,6500.0,0.22,6899999.999999999,5.4E-5,0.18,0.18,0.0,1300.0,6.9,2.2E-7,1.5E-7,1.1E-15,3.7E7,1.0,1.7E9,
9.7E-41,0.0043,910.0,1800.0,2600.0,6799999.999999999,1900.0,1700.0,5500.0,6500.0,6500.0,0.22,6899999.999999999,5.0E-5,0.18,0.18,0.0,1300.0,6.9,5.7E-10,1.5E-7,3.3E-16,3.8E7,1.0,1.7E9,
9.7E-41,0.0043,910.0,1800.0,2600.0,6799999.999999999,1900.0,1700.0,5500.0,6500.0,6500.0,0.22,6899999.999999999,4.2E-5,0.18,0.18,0.0,1300.0,6.9,1.5E-12,1.5E-7,1.0E-16,4.0E7,1.0,1.7E9,
9.7E-41,0.0043,910.0,1800.0,2600.0,6799999.999999999,1900.0,1700.0,5500.0,6500.0,6500.0,0.22,6899999.999999999,3.5E-5,0.18,0.18,0.0,1300.0,6.9,3.7E-15,1.5E-7,3.3E-17,4.3E7,1.0,1.7E9,
9.7E-41,0.0043,910.0,1800.0,2600.0,6799999.999999999,1900.0,1700.0,5500.0,6500.0,6500.0,0.22,6899999.999999999,2.8E-5,0.18,0.18,0.0,1300.0,6.9,1.0E-17,1.5E-7,1.2E-17,4.6E7,1.0,1.7E9,
9.7E-41,0.0043,910.0,1800.0,2600.0,6799999.999999999,1900.0,1700.0,5500.0,6500.0,6500.0,0.22,6899999.999999999,2.3E-5,0.18,0.18,0.0,1300.0,6.9,3.2E-20,1.5E-7,5.1E-18,5.0E7,1.0,1.7E9,
9.7E-41,0.0043,910.0,1800.0,2600.0,6799999.999999999,1900.0,1700.0,5500.0,6500.0,6500.0,0.22,6899999.999999999,1.9E-5,0.18,0.18,0.0,1300.0,6.9,4.6E-22,1.5E-7,2.8E-18,5.4E7,1.0,1.7E9,
9.7E-41,0.0043,910.0,1800.0,2600.0,6799999.999999999,1900.0,1700.0,5500.0,6500.0,6500.0,0.22,6899999.999999999,1.6E-5,0.18,0.18,0.0,1300.0,6.9,0.0,1.5E-7,1.9E-18,5.7E7,1.0,1.7E9,
9.7E-41,0.0043,910.0,1800.0,2600.0,6799999.999999999,1900.0,1700.0,5500.0,6500.0,6500.0,0.22,6899999.999999999,1.4E-5,0.18,0.18,0.0,1200.0,6.9,5.999999999999999E-24,1.5E-7,1.5E-18,6.0E7,1.0,1.7E9,
9.7E-41,0.0043,910.0,1800.0,2600.0,6799999.999999999,1900.0,1700.0,5500.0,6500.0,6500.0,0.22,6899999.999999999,1.7E-5,0.18,0.18,0.0,1200.0,6.9,1.5E-26,1.5E-7,1.4E-18,5.6E7,1.0,1.7E9,
9.7E-41,0.0043,910.0,1800.0,2600.0,6799999.999999999,1900.0,1700.0,5500.0,6500.0,6500.0,0.22,6899999.999999999,1.7E-5,0.18,0.18,0.0,1200.0,6.9,3.9E-29,1.5E-7,1.5E-18,5.5E7,1.0,1.7E9,
9.7E-41,0.0043,910.0,1800.0,2600.0,6799999.999999999,1900.0,1700.0,5500.0,6500.0,6500.0,0.22,6899999.999999999,1.6E-5,0.18,0.18,0.0,1200.0,6.9,9.800000000000001E-32,1.5E-7,1.5E-18,5.6E7,1.0,1.7E9,
9.7E-41,0.0043,910.0,1800.0,2600.0,6799999.999999999,1900.0,1700.0,5500.0,6500.0,6500.0,0.22,6899999.999999999,1.5E-5,0.18,0.18,0.0,1200.0,6.9,2.6E-34,1.5E-7,1.4E-18,5.9E7,1.0,1.7E9,
9.7E-41,0.0043,910.0,1800.0,2600.0,6799999.999999999,1900.0,1700.0,5500.0,6500.0,6500.0,0.22,6899999.999999999,1.3E-5,0.18,0.18,0.0,1200.0,6.9,1.9000000000000002E-36,1.5E-7,1.3E-18,6.1E7,1.0,1.7E9,
2.9E-40,0.013,8600.0,20000.0,13000.0,8500000.0,1900.0,1700.0,5500.0,6500.0,6500.0,0.22,8600000.0,1.7E-5,0.22,0.22,0.0,1300.0,9.0,2.6,1.6E-7,1.7E-14,6.2E7,1.0,1.7E9,
9.3E-41,0.004,1100.0,4600.0,7.5,8400000.0,1900.0,1700.0,5400.0,6500.0,6500.0,0.22,8400000.0,7.9E-6,0.2,0.2,0.0,1200.0,3.6,0.13,1.6E-7,3.0E-15,5.8E7,1.0,1.7E9,
8.999999999999999E-41,0.0039,1100.0,4600.0,7.5,7999999.999999999,1900.0,1700.0,5400.0,6500.0,6500.0,0.22,7999999.999999999,8.6E-6,0.19,0.19,0.0,1200.0,3.4,0.0067,1.6E-7,1.6E-15,5.6E7,1.0,1.7E9,
8.999999999999999E-41,0.0039,1100.0,4600.0,7.5,7999999.999999999,1900.0,1700.0,5400.0,6500.0,6500.0,0.22,7999999.999999999,9.9E-6,0.19,0.19,0.0,1200.0,3.4,1.2E-4,1.6E-7,7.0E-16,5.3E7,1.0,1.7E9,
8.7E-41,0.0038,1100.0,4600.0,7.5,7499999.999999999,1900.0,1700.0,5400.0,6500.0,6500.0,0.22,7499999.999999999,1.0E-5,0.18,0.18,0.0,1200.0,3.2,6.2E-6,1.6E-7,3.7E-16,5.0E7,1.0,1.7E9,
8.299999999999999E-41,0.0036,1100.0,4600.0,7.5,6999999.999999999,1900.0,1700.0,5400.0,6500.0,6500.0,0.22,6999999.999999999,1.1E-5,0.18,0.18,0.0,1200.0,3.0,3.1E-7,1.6E-7,2.0E-16,4.9E7,1.0,1.7E9,
8.199999999999999E-41,0.0036,1100.0,4600.0,7.5,6799999.999999999,1900.0,1700.0,5400.0,6500.0,6500.0,0.22,6899999.999999999,1.2E-5,0.18,0.18,0.0,1200.0,2.9,5.8E-9,1.6E-7,8.8E-17,4.7E7,1.0,1.7E9,
8.199999999999999E-41,0.0036,1100.0,4600.0,7.5,6799999.999999999,1900.0,1700.0,5400.0,6500.0,6500.0,0.22,6899999.999999999,1.2E-5,0.18,0.18,0.0,1200.0,2.9,1.5E-11,1.6E-7,2.7E-17,4.7E7,1.0,1.7E9,
8.199999999999999E-41,0.0036,1100.0,4600.0,7.5,6799999.999999999,1900.0,1700.0,5400.0,6500.0,6500.0,0.22,6899999.999999999,1.1E-5,0.18,0.18,0.0,1200.0,2.9,3.7E-14,1.6E-7,9.0E-18,4.8E7,1.0,1.7E9,
8.199999999999999E-41,0.0036,1100.0,4600.0,7.5,6799999.999999999,1900.0,1700.0,5400.0,6500.0,6500.0,0.22,6899999.999999999,9.5E-6,0.18,0.18,0.0,1200.0,2.9,9.5E-17,1.6E-7,3.4E-18,5.0E7,1.0,1.7E9,
8.199999999999999E-41,0.0036,1100.0,4600.0,7.5,6799999.999999999,1900.0,1700.0,5400.0,6500.0,6500.0,0.22,6899999.999999999,8.1E-6,0.18,0.18,0.0,1200.0,2.9,2.4E-19,1.6E-7,1.6E-18,5.3E7,1.0,1.7E9,
8.199999999999999E-41,0.0036,1100.0,4600.0,7.5,6799999.999999999,1900.0,1700.0,5400.0,6500.0,6500.0,0.22,6899999.999999999,6.8E-6,0.18,0.18,0.0,1200.0,2.9,6.4E-22,1.6E-7,9.7E-19,5.7E7,1.0,1.7E9,
8.199999999999999E-41,0.0036,1100.0,4600.0,7.5,6799999.999999999,1900.0,1700.0,5400.0,6500.0,6500.0,0.22,6899999.999999999,5.8E-6,0.18,0.18,0.0,1200.0,2.9,0.0,1.6E-7,7.1E-19,6.0E7,1.0,1.7E9,
6.1E-40,0.039,22000.0,100000.0,1400.0,7999999.999999999,1900.0,1700.0,5400.0,6500.0,6500.0,0.22,8099999.999999999,4.6,0.3,0.3,0.0,1200.0,1.3,4500.0,1.9E-7,6.2E-13,6.4E7,1.0,1.7E9,
7.299999999999999E-41,0.0047,4800.0,4500.0,1400.0,7399999.999999999,1900.0,1700.0,5400.0,6500.0,6500.0,0.22,7499999.999999999,1.1E-5,0.17,0.17,0.0,1200.0,5.5,230.0,1.9E-7,4.1E-14,6.0E7,1.0,1.7E9,
7.299999999999999E-41,0.0046,4800.0,4500.0,1400.0,7299999.999999999,1900.0,1700.0,5400.0,6500.0,6500.0,0.22,7399999.999999999,1.3E-5,0.17,0.17,0.0,1200.0,5.5,1.6,1.9E-7,1.5E-14,5.6E7,1.0,1.7E9,
7.0E-41,0.0045,4800.0,4500.0,1400.0,6799999.999999999,1900.0,1700.0,5400.0,6500.0,6500.0,0.22,6899999.999999999,1.5E-5,0.17,0.17,0.0,1200.0,5.2,0.03,1.9E-7,6.4E-15,5.3E7,1.0,1.7E9,
7.0E-41,0.0045,4800.0,4500.0,1400.0,6799999.999999999,1900.0,1700.0,5400.0,6500.0,6500.0,0.22,6899999.999999999,1.6E-5,0.17,0.17,0.0,1200.0,5.2,7.6E-5,1.9E-7,1.9E-15,5.2E7,1.0,1.7E9,
7.0E-41,0.0045,4800.0,4500.0,1400.0,6799999.999999999,1900.0,1700.0,5400.0,6500.0,6500.0,0.22,6899999.999999999,1.5E-5,0.17,0.17,0.0,1200.0,5.2,1.9E-7,1.9E-7,5.9E-16,5.3E7,1.0,1.7E9,
7.0E-41,0.0045,4800.0,4500.0,1400.0,6799999.999999999,1900.0,1700.0,5400.0,6500.0,6500.0,0.22,6899999.999999999,1.4E-5,0.17,0.17,0.0,1200.0,5.2,4.9E-10,1.9E-7,1.8E-16,5.5E7,1.0,1.7E9,
7.0E-41,0.0045,4800.0,4500.0,1400.0,6799999.999999999,1900.0,1700.0,5400.0,6500.0,6500.0,0.22,6899999.999999999,1.2E-5,0.17,0.17,0.0,1200.0,5.2,1.3E-12,1.9E-7,5.4E-17,5.7E7,1.0,1.7E9,
7.0E-41,0.0045,4800.0,4500.0,1400.0,6799999.999999999,1900.0,1700.0,5400.0,6500.0,6500.0,0.22,6899999.999999999,1.0E-5,0.17,0.17,0.0,1200.0,5.2,3.4E-15,1.9E-7,1.7E-17,6.1E7,1.0,1.7E9,
7.0E-41,0.0045,4800.0,4500.0,1400.0,6799999.999999999,1900.0,1700.0,5400.0,6500.0,6500.0,0.22,6899999.999999999,8.6E-6,0.17,0.17,0.0,1200.0,5.2,2.8E-17,1.9E-7,5.9E-18,6.4E7,1.0,1.7E9,
7.0E-41,0.0045,4800.0,4500.0,1400.0,6799999.999999999,1900.0,1700.0,5400.0,6500.0,6500.0,0.22,6899999.999999999,7.4E-6,0.17,0.17,0.0,1100.0,5.2,7.5E-20,1.9E-7,2.4E-18,6.8E7,1.0,1.7E9,
7.0E-41,0.0045,4800.0,4500.0,1400.0,6799999.999999999,1900.0,1700.0,5400.0,6500.0,6500.0,0.22,6899999.999999999,7.4E-6,0.17,0.17,0.0,1100.0,5.2,2.8E-22,1.9E-7,1.3E-18,6.8E7,1.0,1.7E9,
7.0E-41,0.0045,4800.0,4500.0,1400.0,6799999.999999999,1900.0,1700.0,5400.0,6500.0,6500.0,0.22,6899999.999999999,9.0E-6,0.17,0.17,0.0,1100.0,5.2,7.2E-25,1.9E-7,1.0E-18,6.3E7,1.0,1.7E9,
7.0E-41,0.0045,4800.0,4500.0,1400.0,6799999.999999999,1900.0,1700.0,5400.0,6500.0,6500.0,0.22,6899999.999999999,9.5E-6,0.17,0.17,0.0,1100.0,5.2,1.8E-27,1.9E-7,1.0E-18,6.2E7,1.0,1.7E9,
7.0E-41,0.0045,4800.0,4500.0,1400.0,6799999.999999999,1900.0,1700.0,5400.0,6500.0,6500.0,0.22,6899999.999999999,9.2E-6,0.17,0.17,0.0,1100.0,5.2,4.7000000000000004E-30,1.9E-7,1.0E-18,6.3E7,1.0,1.7E9,
7.0E-41,0.0045,4800.0,4500.0,1400.0,6799999.999999999,1900.0,1700.0,5400.0,6500.0,6500.0,0.22,6899999.999999999,8.5E-6,0.17,0.17,0.0,1100.0,5.2,1.3000000000000001E-32,1.9E-7,1.0E-18,6.5E7,1.0,1.7E9,
7.0E-41,0.0045,4800.0,4500.0,1400.0,6799999.999999999,1900.0,1700.0,5400.0,6500.0,6500.0,0.22,6899999.999999999,7.5E-6,0.17,0.17,0.0,1100.0,5.2,2.7E-35,1.9E-7,9.2E-19,6.7E7,1.0,1.7E9,
7.0E-41,0.0045,4800.0,4500.0,1400.0,6799999.999999999,1900.0,1700.0,5400.0,6500.0,6500.0,0.22,6899999.999999999,6.6E-6,0.17,0.17,0.0,1100.0,5.2,0.0,1.9E-7,8.2E-19,7.1E7,1.0,1.7E9,
7.0E-41,0.0045,4800.0,4500.0,1400.0,6799999.999999999,1900.0,1700.0,5400.0,6500.0,6500.0,0.22,6899999.999999999,5.8E-6,0.17,0.17,0.0,1100.0,5.2,0.0,1.9E-7,7.2E-19,7.4E7,1.0,1.7E9,
7.0E-41,0.0045,4800.0,4500.0,1400.0,6799999.999999999,1900.0,1700.0,5400.0,6500.0,6500.0,0.22,6899999.999999999,5.0E-6,0.17,0.17,0.0,1100.0,5.2,0.0,1.9E-7,6.3E-19,7.8E7,1.0,1.7E9,
7.0E-41,0.0045,4800.0,4500.0,1400.0,6799999.999999999,1900.0,1700.0,5400.0,6500.0,6500.0,0.22,6899999.999999999,6.7E-6,0.17,0.17,0.0,1100.0,5.2,0.0,1.9E-7,6.6E-19,7.1E7,1.0,1.7E9,
7.0E-41,0.0045,4800.0,4500.0,1400.0,6799999.999999999,1900.0,1700.0,5400.0,6500.0,6500.0,0.22,6899999.999999999,7.6E-6,0.17,0.17,0.0,1000.0,5.2,0.0,1.9E-7,7.7E-19,6.7E7,1.0,1.7E9,
7.0E-41,0.0045,4800.0,4500.0,1400.0,6799999.999999999,1900.0,1700.0,5400.0,6500.0,6500.0,0.22,6899999.999999999,7.7E-6,0.17,0.17,0.0,1000.0,5.2,0.0,1.9E-7,8.4E-19,6.7E7,1.0,1.7E9,
7.0E-41,0.0045,4800.0,4500.0,1400.0,6799999.999999999,1900.0,1700.0,5400.0,6500.0,6500.0,0.22,6899999.999999999,7.3E-6,0.17,0.17,0.0,1000.0,5.2,0.0,1.9E-7,8.4E-19,6.8E7,1.0,1.7E9,
7.0E-41,0.0045,4800.0,4500.0,1400.0,6799999.999999999,1900.0,1700.0,5400.0,6500.0,6500.0,0.22,6899999.999999999,6.7E-6,0.17,0.17,0.0,1000.0,5.2,0.0,1.9E-7,8.0E-19,7.1E7,1.0,1.7E9,
7.0E-41,0.0045,4800.0,4500.0,1400.0,6799999.999999999,1900.0,1700.0,5400.0,6500.0,6500.0,0.22,6899999.999999999,5.9E-6,0.17,0.17,0.0,1000.0,5.2,0.0,1.9E-7,7.3E-19,7.4E7,1.0,1.7E9,
7.0E-41,0.0045,4800.0,4500.0,1400.0,6799999.999999999,1900.0,1700.0,5400.0,6500.0,6500.0,0.22,6899999.999999999,5.2E-6,0.17,0.17,0.0,1000.0,5.2,0.0,1.9E-7,6.5E-19,7.7E7,1.0,1.7E9,
7.0E-41,0.0045,4800.0,4500.0,1400.0,6799999.999999999,1900.0,1700.0,5400.0,6500.0,6500.0,0.22,6899999.999999999,4.6E-6,0.17,0.17,0.0,1000.0,5.2,0.0,1.9E-7,5.8E-19,8.1E7,1.0,1.7E9,
7.0E-41,0.0045,4800.0,4500.0,1400.0,6799999.999999999,1900.0,1700.0,5400.0,6500.0,6500.0,0.22,6899999.999999999,5.5E-6,0.17,0.17,0.0,1000.0,5.2,0.0,1.9E-7,5.6E-19,7.6E7,1.0,1.7E9,
7.0E-41,0.0045,4800.0,4500.0,1400.0,6799999.999999999,1900.0,1700.0,5400.0,6500.0,6500.0,0.22,6899999.999999999,6.6E-6,0.17,0.17,0.0,1000.0,5.2,0.0,1.9E-7,6.6E-19,7.1E7,1.0,1.7E9,
7.0E-41,0.0045,4800.0,4500.0,1400.0,6799999.999999999,1900.0,1700.0,5400.0,6500.0,6500.0,0.22,6899999.999999999,7.0E-6,0.17,0.17,0.0,990.0,5.2,0.0,1.9E-7,7.4E-19,6.9E7,1.0,1.7E9,
7.0E-41,0.0045,4800.0,4500.0,1400.0,6799999.999999999,1900.0,1700.0,5400.0,6500.0,6500.0,0.22,6899999.999999999,6.8E-6,0.17,0.17,0.0,990.0,5.2,0.0,1.9E-7,7.7E-19,7.0E7,1.0,1.7E9,
7.0E-41,0.0045,4800.0,4500.0,1400.0,6799999.999999999,1900.0,1700.0,5400.0,6500.0,6500.0,0.22,6899999.999999999,6.3E-6,0.17,0.17,0.0,990.0,5.2,0.0,1.9E-7,7.5E-19,7.2E7,1.0,1.7E9,
7.0E-41,0.0044,4800.0,4500.0,1400.0,6799999.999999999,1900.0,1700.0,5400.0,6500.0,6500.0,0.22,6799999.999999999,7.5E-6,0.16,0.16,0.0,970.0,5.1,0.0,1.9E-7,7.7E-19,6.7E7,1.0,1.7E9,
7.0E-41,0.0044,4800.0,4500.0,1400.0,6799999.999999999,1900.0,1700.0,5400.0,6500.0,6500.0,0.22,6799999.999999999,8.7E-6,0.16,0.16,0.0,970.0,5.1,0.0,1.9E-7,8.9E-19,6.3E7,1.0,1.7E9,
7.0E-41,0.0044,4800.0,4500.0,1400.0,6799999.999999999,1900.0,1700.0,5400.0,6500.0,6500.0,0.22,6799999.999999999,9.0E-6,0.16,0.16,0.0,970.0,5.1,0.0,1.9E-7,9.8E-19,6.3E7,1.0,1.7E9,
7.0E-41,0.0044,4800.0,4500.0,1400.0,6799999.999999999,1900.0,1700.0,5400.0,6500.0,6500.0,0.22,6799999.999999999,8.5E-6,0.16,0.16,0.0,960.0,5.1,0.0,1.9E-7,9.9E-19,6.4E7,1.0,1.7E9,
1.1999999999999999E-39,0.11,41000.0,160000.0,78000.0,8500000.0,2100.0,4700.0,2900.0,12000.0,510.0,0.22,8800000.0,4.6E-5,0.32,0.32,0.0,1100.0,29.0,170.0,2.7E-7,1.1E-12,6.4E7,1.0,1.7E9,
6.3E-40,0.058,6000.0,77000.0,46000.0,8500000.0,2100.0,4700.0,2900.0,12000.0,510.0,0.22,8600000.0,3.8E-5,0.21,0.21,0.0,1100.0,18.0,3.5,2.7E-7,2.6E-13,5.9E7,1.0,1.7E9,
1.2E-40,0.011,6000.0,4600.0,13000.0,8400000.0,2100.0,4700.0,2900.0,4200.0,510.0,0.22,8400000.0,1.8E-5,0.12,0.12,0.0,1100.0,7.0,0.066,2.7E-7,2.3E-14,5.6E7,1.0,1.7E9,
1.2E-40,0.011,6000.0,4600.0,13000.0,8299999.999999999,2100.0,4700.0,2900.0,4200.0,510.0,0.22,8299999.999999999,2.1E-5,0.12,0.12,0.0,1100.0,7.0,4.5E-4,2.7E-7,8.3E-15,5.2E7,1.0,1.7E9,
6.1E-41,0.0057,6000.0,4600.0,240.0,7899999.999999999,2100.0,4700.0,2900.0,4200.0,510.0,0.22,7999999.999999999,8.8E-6,0.11,0.11,0.0,1100.0,2.7,6.2E-5,2.7E-7,2.8E-15,5.1E7,1.0,1.7E9,
3.3E-40,0.07,27000.0,61000.0,8700.0,8500000.0,4800.0,4700.0,2900.0,4200.0,510.0,0.22,8600000.0,9.0,0.17,0.17,0.0,1100.0,4.6,270.0,2.7E-7,4.5E-13,4.9E7,1.0,1.7E9,
5.4E-41,0.012,4800.0,3600.0,1100.0,8400000.0,4800.0,4700.0,2900.0,4200.0,510.0,0.22,8400000.0,1.5E-5,0.11,0.11,0.0,1100.0,4.0,37.0,2.7E-7,5.1E-14,4.8E7,1.0,1.7E9,
5.3E-41,0.011,4800.0,3600.0,1100.0,7999999.999999999,4800.0,4700.0,2900.0,4200.0,510.0,0.22,8099999.999999999,1.7E-5,0.1,0.1,0.0,1100.0,3.9,0.68,2.7E-7,2.2E-14,4.6E7,1.0,1.7E9,
5.2E-41,0.011,4800.0,3600.0,1100.0,7699999.999999999,4800.0,4700.0,2900.0,4200.0,510.0,0.22,7699999.999999999,1.7E-5,0.097,0.097,0.0,1100.0,3.7,0.092,2.7E-7,1.4E-14,4.5E7,1.0,1.7E9,
5.1E-41,0.011,4800.0,3600.0,1100.0,7399999.999999999,4800.0,4700.0,2900.0,4200.0,510.0,0.22,7399999.999999999,1.8E-5,0.094,0.094,0.0,1100.0,3.6,0.0046,2.7E-7,7.8E-15,4.4E7,1.0,1.7E9,
4.9E-41,0.01,4800.0,3600.0,1100.0,7099999.999999999,4800.0,4700.0,2900.0,4200.0,510.0,0.22,7099999.999999999,1.8E-5,0.09,0.09,0.0,1100.0,3.5,3.2E-5,2.7E-7,2.8E-15,4.2E7,1.0,1.7E9,
4.9E-41,0.01,4800.0,3600.0,1100.0,6999999.999999999,4800.0,4700.0,2900.0,4200.0,510.0,0.22,6999999.999999999,1.9E-5,0.09,0.09,0.0,1100.0,3.4,2.2E-7,2.7E-7,1.0E-15,4.2E7,1.0,1.7E9,
4.799999999999999E-41,0.01,4800.0,3600.0,1100.0,6799999.999999999,4800.0,4700.0,2900.0,4200.0,510.0,0.22,6899999.999999999,2.0E-5,0.088,0.088,0.0,1100.0,3.4,4.0E-9,2.7E-7,4.5E-16,4.1E7,1.0,1.7E9,
4.799999999999999E-41,0.01,4800.0,3600.0,1100.0,6799999.999999999,4800.0,4700.0,2900.0,4200.0,510.0,0.22,6899999.999999999,2.0E-5,0.088,0.088,0.0,1100.0,3.4,1.0E-11,2.7E-7,1.4E-16,4.1E7,1.0,1.7E9,
4.799999999999999E-41,0.01,4800.0,3600.0,1100.0,6799999.999999999,4800.0,4700.0,2900.0,4200.0,510.0,0.22,6899999.999999999,1.7E-5,0.088,0.088,0.0,1100.0,3.4,2.6E-14,2.7E-7,4.4E-17,4.3E7,1.0,1.7E9,
4.799999999999999E-41,0.01,4800.0,3600.0,1100.0,6799999.999999999,4800.0,4700.0,2900.0,4200.0,510.0,0.22,6899999.999999999,1.5E-5,0.088,0.088,0.0,1100.0,3.4,6.6E-17,2.7E-7,1.5E-17,4.6E7,1.0,1.7E9,
4.799999999999999E-41,0.01,4800.0,3600.0,1100.0,6799999.999999999,4800.0,4700.0,2900.0,4200.0,510.0,0.22,6899999.999999999,1.2E-5,0.088,0.088,0.0,1100.0,3.4,1.8E-19,2.7E-7,6.0E-18,4.9E7,1.0,1.7E9,
4.799999999999999E-41,0.01,4800.0,3600.0,1100.0,6799999.999999999,4800.0,4700.0,2900.0,4200.0,510.0,0.22,6899999.999999999,1.0E-5,0.088,0.088,0.0,1100.0,3.4,4.0999999999999995E-22,2.7E-7,3.0E-18,5.2E7,1.0,1.7E9,
4.799999999999999E-41,0.01,4800.0,3600.0,1100.0,6799999.999999999,4800.0,4700.0,2900.0,4200.0,510.0,0.22,6899999.999999999,8.2E-6,0.088,0.088,0.0,1100.0,3.4,8.3E-25,2.7E-7,1.9E-18,5.6E7,1.0,1.7E9,
4.799999999999999E-41,0.01,4800.0,3600.0,1100.0,6799999.999999999,4800.0,4700.0,2900.0,4200.0,510.0,0.22,6899999.999999999,6.8E-6,0.088,0.088,0.0,1100.0,3.4,1.2E-26,2.7E-7,1.4E-18,6.0E7,1.0,1.7E9,
4.799999999999999E-41,0.01,4800.0,3600.0,1100.0,6799999.999999999,4800.0,4700.0,2900.0,4200.0,510.0,0.22,6899999.999999999,6.2E-6,0.088,0.088,0.0,1100.0,3.4,2.7E-29,2.7E-7,1.1E-18,6.2E7,1.0,1.7E9,
4.799999999999999E-41,0.01,4800.0,3600.0,1100.0,6799999.999999999,4800.0,4700.0,2900.0,4200.0,510.0,0.22,6899999.999999999,7.5E-6,0.088,0.088,0.0,1100.0,3.4,6.800000000000001E-32,2.7E-7,1.1E-18,5.8E7,1.0,1.7E9,
4.799999999999999E-41,0.01,4800.0,3600.0,1100.0,6799999.999999999,4800.0,4700.0,2900.0,4200.0,510.0,0.22,6899999.999999999,7.8E-6,0.088,0.088,0.0,1100.0,3.4,1.7E-34,2.7E-7,1.2E-18,5.7E7,1.0,1.7E9,
4.799999999999999E-41,0.01,4800.0,3600.0,1100.0,6799999.999999999,4800.0,4700.0,2900.0,4200.0,510.0,0.22,6899999.999999999,7.5E-6,0.088,0.088,0.0,1100.0,3.4,4.4E-37,2.7E-7,1.2E-18,5.8E7,1.0,1.7E9,
4.799999999999999E-41,0.01,4800.0,3600.0,1100.0,6799999.999999999,4800.0,4700.0,2900.0,4200.0,510.0,0.22,6899999.999999999,6.8E-6,0.088,0.088,0.0,1100.0,3.4,1.1E-39,2.7E-7,1.1E-18,6.0E7,1.0,1.7E9,
4.799999999999999E-41,0.01,4800.0,3600.0,1100.0,6799999.999999999,4800.0,4700.0,2900.0,4200.0,510.0,0.22,6899999.999999999,5.9E-6,0.088,0.088,0.0,1100.0,3.4,8.4E-42,2.7E-7,1.0E-18,6.3E7,1.0,1.7E9,
5.1E-40,0.046,1800.0,97000.0,2600.0,8700000.0,4800.0,4700.0,2900.0,4200.0,510.0,0.22,8800000.0,1.8E-5,0.25,0.25,0.0,1100.0,9.7,16.0,3.0E-7,1.1E-12,6.2E7,1.0,1.7E9,
8.3E-40,0.07,1900.0,190000.0,560.0,8800000.0,5300.0,8900.0,2900.0,4200.0,510.0,0.22,9000000.0,2.6E-5,0.32,0.32,0.0,1100.0,4.9,47.0,3.1E-7,8.1E-13,6.0E7,1.0,1.7E9,
5.2E-41,0.0044,1900.0,3100.0,560.0,8700000.0,5300.0,1300.0,2900.0,4200.0,510.0,0.22,8700000.0,1.1E-6,0.11,0.11,0.0,1100.0,4.7,6.6,3.1E-7,3.4E-14,5.8E7,1.0,1.7E9,
5.2E-41,0.0044,1900.0,3100.0,560.0,8600000.0,5300.0,1300.0,2900.0,4200.0,500.0,0.22,8600000.0,1.3E-5,0.11,0.11,0.0,1100.0,4.7,0.12,3.1E-7,1.5E-14,5.5E7,1.0,1.7E9,
1.1E-39,0.12,4500.0,220000.0,860.0,8800000.0,5300.0,7300.0,4400.0,4200.0,500.0,0.22,9000000.0,5.1E-5,0.38,0.38,0.0,1100.0,6.7,120.0,3.3E-7,2.3E-12,5.3E7,1.0,1.7E9,
6.499999999999999E-41,0.0075,4500.0,4600.0,860.0,8500000.0,5300.0,7300.0,4400.0,4200.0,500.0,0.21,8500000.0,2.1E-5,0.11,0.11,0.0,1100.0,6.4,6.2,3.3E-7,7.7E-14,5.1E7,1.0,1.7E9,
6.2E-41,0.0072,4500.0,4600.0,860.0,7999999.999999999,5300.0,7300.0,4400.0,4200.0,500.0,0.21,7999999.999999999,2.2E-5,0.11,0.11,0.0,1100.0,6.0,0.31,3.3E-7,4.1E-14,4.9E7,1.0,1.7E9,
6.0E-41,0.0069,4500.0,4600.0,860.0,7499999.999999999,5300.0,7300.0,4400.0,4200.0,500.0,0.21,7599999.999999999,2.3E-5,0.1,0.1,0.0,1100.0,5.7,0.016,3.3E-7,2.1E-14,4.7E7,1.0,1.7E9,
5.8E-41,0.0068,4500.0,4600.0,860.0,7199999.999999999,5300.0,7300.0,4400.0,4200.0,500.0,0.21,7199999.999999999,2.4E-5,0.098,0.098,0.0,1100.0,5.5,7.9E-4,3.3E-7,1.1E-14,4.6E7,1.0,1.7E9,
5.8E-41,0.0067,4500.0,4600.0,860.0,7099999.999999999,5300.0,7300.0,4400.0,4100.0,500.0,0.21,7099999.999999999,2.6E-5,0.096,0.096,0.0,1100.0,5.4,1.5E-5,3.3E-7,5.1E-15,4.4E7,1.0,1.7E9,
5.699999999999999E-41,0.0066,4500.0,4600.0,860.0,6899999.999999999,5300.0,7300.0,4400.0,4100.0,500.0,0.21,6899999.999999999,2.8E-5,0.094,0.094,0.0,1100.0,5.2,1.0E-7,3.3E-7,1.9E-15,4.3E7,1.0,1.7E9,
5.699999999999999E-41,0.0066,4500.0,4600.0,860.0,6899999.999999999,5300.0,7300.0,4400.0,4100.0,500.0,0.21,6899999.999999999,2.8E-5,0.094,0.094,0.0,1100.0,5.2,2.6E-10,3.3E-7,5.6E-16,4.2E7,1.0,1.7E9,
5.699999999999999E-41,0.0066,4500.0,4600.0,860.0,6899999.999999999,5300.0,7300.0,4400.0,4100.0,500.0,0.21,6899999.999999999,2.5E-5,0.094,0.094,0.0,1100.0,5.2,6.5E-13,3.3E-7,1.7E-16,4.4E7,1.0,1.7E9,
5.699999999999999E-41,0.0066,4500.0,4600.0,860.0,6899999.999999999,5300.0,7300.0,4400.0,4100.0,500.0,0.21,6899999.999999999,2.2E-5,0.094,0.094,0.0,1100.0,5.2,1.7E-15,3.3E-7,5.5E-17,4.6E7,1.0,1.7E9,
5.699999999999999E-41,0.0066,4500.0,4600.0,860.0,6899999.999999999,5300.0,7300.0,4400.0,4100.0,500.0,0.21,6899999.999999999,1.8E-5,0.094,0.094,0.0,1100.0,5.2,4.5E-18,3.3E-7,1.9E-17,4.9E7,1.0,1.7E9,
5.699999999999999E-41,0.0066,4500.0,4600.0,860.0,6799999.999999999,5300.0,7300.0,4400.0,4100.0,500.0,0.21,6899999.999999999,1.9E-5,0.093,0.093,0.0,1100.0,5.2,3.2E-20,3.2E-7,9.3E-18,4.9E7,1.0,1.7E9,
5.699999999999999E-41,0.0066,4500.0,4600.0,860.0,6799999.999999999,5300.0,7300.0,4400.0,4100.0,500.0,0.21,6899999.999999999,2.0E-5,0.093,0.093,0.0,1100.0,5.2,8.2E-23,3.2E-7,5.4E-18,4.8E7,1.0,1.7E9,
5.699999999999999E-41,0.0066,4500.0,4600.0,860.0,6799999.999999999,5300.0,7300.0,4400.0,4100.0,500.0,0.21,6899999.999999999,1.9E-5,0.093,0.093,0.0,1100.0,5.2,2.1E-25,3.2E-7,4.2E-18,4.9E7,1.0,1.7E9,
5.599999999999999E-41,0.0065,4500.0,4600.0,860.0,6799999.999999999,5300.0,7300.0,4400.0,4100.0,500.0,0.21,6799999.999999999,1.7E-5,0.093,0.093,0.0,1100.0,5.2,5.300000000000001E-28,3.2E-7,3.6E-18,4.9E7,1.0,1.7E9,
5.599999999999999E-41,0.0065,4500.0,4600.0,860.0,6799999.999999999,5300.0,7300.0,4400.0,4100.0,500.0,0.21,6799999.999999999,1.9E-5,0.093,0.093,0.0,1100.0,5.2,1.4000000000000001E-30,3.2E-7,3.6E-18,4.7E7,1.0,1.7E9,
5.599999999999999E-41,0.0065,4400.0,4600.0,860.0,6799999.999999999,5300.0,7300.0,4400.0,4100.0,500.0,0.21,6799999.999999999,1.9E-5,0.093,0.093,0.0,1100.0,5.2,3.4E-33,3.2E-7,3.7E-18,4.7E7,1.0,1.7E9,
5.599999999999999E-41,0.0065,4400.0,4600.0,860.0,6699999.999999999,5300.0,7300.0,4400.0,4100.0,500.0,0.2,6799999.999999999,1.9E-5,0.092,0.092,0.0,1100.0,5.1,6.4E-35,3.2E-7,3.6E-18,4.7E7,1.0,1.7E9,
2.6E-40,0.045,2500.0,91000.0,5300.0,8800000.0,1300.0,7300.0,4400.0,4100.0,500.0,0.21,9000000.0,2.8E-5,0.16,0.16,0.0,1200.0,13.0,6.9,3.9E-7,1.3E-13,4.5E7,1.0,1.7E9,
6.1E-41,0.011,2500.0,10000.0,5300.0,8700000.0,1300.0,7300.0,4400.0,4100.0,500.0,0.21,8700000.0,5.9E-5,0.088,0.088,0.0,1200.0,13.0,0.95,3.8E-7,2.1E-14,4.4E7,1.0,1.7E9,
4.1999999999999997E-41,0.0072,2500.0,2900.0,5300.0,8500000.0,1300.0,7300.0,4400.0,4100.0,500.0,0.21,8600000.0,6.5E-5,0.08,0.08,0.0,1100.0,13.0,0.0065,3.8E-7,5.3E-15,4.3E7,1.0,1.7E9,
4.0999999999999996E-41,0.007,2500.0,2900.0,5300.0,8099999.999999999,1300.0,7300.0,4400.0,4100.0,500.0,0.21,8199999.999999999,6.7E-5,0.077,0.077,0.0,1100.0,12.0,3.3E-4,3.8E-7,2.8E-15,4.2E7,1.0,1.7E9,
4.0E-41,0.0069,2500.0,2900.0,5300.0,7899999.999999999,1300.0,7300.0,4400.0,4100.0,500.0,0.2,7899999.999999999,6.9E-5,0.075,0.075,0.0,1100.0,12.0,1.6E-5,3.8E-7,1.5E-15,4.1E7,1.0,1.7E9,
3.9E-41,0.0068,2500.0,2900.0,5300.0,7599999.999999999,1300.0,7300.0,4400.0,4100.0,500.0,0.2,7699999.999999999,7.2E-5,0.073,0.073,0.0,1100.0,12.0,3.0E-7,3.8E-7,6.9E-16,4.0E7,1.0,1.7E9,
3.9E-41,0.0068,2500.0,2900.0,5300.0,7499999.999999999,1300.0,7300.0,4400.0,4100.0,500.0,0.2,7499999.999999999,7.6E-5,0.071,0.071,0.0,1100.0,12.0,2.1E-9,3.8E-7,2.6E-16,3.9E7,1.0,1.7E9,
3.4E-40,0.053,23000.0,89000.0,480.0,9100000.0,3500.0,4000.0,1800.0,5900.0,3000.0,0.21,9200000.0,1.8E-5,0.22,0.22,0.0,1200.0,4.7,31.0,4.4E-7,3.6E-13,3.9E7,1.0,1.7E9,
2.6E-40,0.041,5400.0,66000.0,480.0,9000000.0,3500.0,4000.0,1800.0,5900.0,3000.0,0.21,9100000.0,2.5E-5,0.2,0.2,0.0,1200.0,4.7,0.61,4.4E-7,1.2E-13,3.8E7,1.0,1.7E9,
4.3E-41,0.0068,5400.0,3000.0,480.0,9000000.0,3500.0,4000.0,1800.0,5900.0,3000.0,0.21,9000000.0,1.2E-5,0.13,0.13,0.0,1200.0,4.7,0.0043,4.4E-7,7.6E-15,3.8E7,1.0,1.7E9,
4.1999999999999997E-41,0.0067,5400.0,3000.0,480.0,8800000.0,3500.0,4000.0,1800.0,5900.0,3000.0,0.2,8800000.0,3.4E-5,0.13,0.13,0.0,1200.0,4.5,7.9E-5,4.4E-7,3.3E-15,3.7E7,1.0,1.7E9,
4.0999999999999996E-41,0.0064,5400.0,3000.0,480.0,8299999.999999999,3500.0,4000.0,1800.0,5900.0,3000.0,0.2,8299999.999999999,3.3E-5,0.12,0.12,0.0,1200.0,4.3,1.1E-5,4.3E-7,2.2E-15,3.7E7,1.0,1.7E9,
3.9E-41,0.0061,5400.0,3000.0,480.0,7799999.999999999,3500.0,4000.0,1800.0,5900.0,3000.0,0.2,7799999.999999999,3.2E-5,0.12,0.12,0.0,1200.0,4.0,7.3E-8,4.3E-7,7.6E-16,3.6E7,1.0,1.7E9,
3.6999999999999997E-41,0.0058,5400.0,3000.0,480.0,7299999.999999999,3500.0,4000.0,1800.0,5900.0,3000.0,0.2,7299999.999999999,3.1E-5,0.11,0.11,0.0,1200.0,3.8,1.4E-9,4.3E-7,3.3E-16,3.6E7,1.0,1.7E9,
3.6E-41,0.0057,5400.0,3000.0,480.0,6999999.999999999,3500.0,4000.0,1800.0,5900.0,3000.0,0.2,6999999.999999999,3.0E-5,0.11,0.11,0.0,1200.0,3.7,2.5E-11,4.3E-7,1.5E-16,3.6E7,1.0,1.7E9,
3.6E-41,0.0056,5400.0,3000.0,480.0,6799999.999999999,3500.0,4000.0,1800.0,5900.0,3000.0,0.2,6799999.999999999,3.0E-5,0.11,0.11,0.0,1200.0,3.6,4.7E-13,4.3E-7,7.0E-17,3.5E7,1.0,1.7E9,
3.6E-41,0.0056,5400.0,3000.0,480.0,6799999.999999999,3500.0,4000.0,1800.0,5900.0,3000.0,0.2,6799999.999999999,2.8E-5,0.11,0.11,0.0,1200.0,3.6,1.2E-15,4.3E-7,2.6E-17,3.6E7,1.0,1.7E9,
3.6E-41,0.0056,5400.0,3000.0,480.0,6799999.999999999,3500.0,4000.0,1800.0,5900.0,3000.0,0.2,6799999.999999999,2.4E-5,0.11,0.11,0.0,1200.0,3.6,3.0E-18,4.3E-7,1.3E-17,3.8E7,1.0,1.7E9,
3.6E-41,0.0056,5400.0,3000.0,480.0,6799999.999999999,3500.0,4000.0,1800.0,5900.0,3000.0,0.2,6799999.999999999,2.0E-5,0.11,0.11,0.0,1200.0,3.6,7.6E-21,4.3E-7,7.7E-18,4.1E7,1.0,1.7E9,
3.6E-41,0.0056,5400.0,3000.0,480.0,6799999.999999999,3500.0,4000.0,1800.0,5900.0,3000.0,0.2,6799999.999999999,1.6E-5,0.11,0.11,0.0,1100.0,3.6,2.0E-23,4.3E-7,5.5E-18,4.4E7,1.0,1.7E9,
3.6E-41,0.0056,5400.0,3000.0,480.0,6799999.999999999,3500.0,4000.0,1800.0,5900.0,3000.0,0.2,6799999.999999999,1.3E-5,0.11,0.11,0.0,1100.0,3.6,9.3E-26,4.3E-7,4.2E-18,4.8E7,1.0,1.7E9,
3.6E-41,0.0056,5400.0,3000.0,480.0,6799999.999999999,3500.0,4000.0,1800.0,5900.0,3000.0,0.2,6799999.999999999,1.1E-5,0.11,0.11,0.0,1100.0,3.6,7.5E-27,4.3E-7,3.4E-18,5.1E7,1.0,1.7E9,
3.6E-41,0.0056,5400.0,3000.0,480.0,6799999.999999999,3500.0,4000.0,1800.0,5900.0,3000.0,0.2,6799999.999999999,8.8E-6,0.11,0.11,0.0,1100.0,3.6,2.2000000000000004E-28,4.3E-7,2.7E-18,5.5E7,1.0,1.7E9,
3.6E-41,0.0056,5400.0,3000.0,480.0,6799999.999999999,3500.0,4000.0,1800.0,5900.0,3000.0,0.2,6799999.999999999,7.2E-6,0.11,0.11,0.0,1100.0,3.6,0.0,4.3E-7,2.2E-18,5.9E7,1.0,1.7E9,
3.6E-41,0.0056,5400.0,3000.0,480.0,6799999.999999999,3500.0,4000.0,1800.0,5900.0,3000.0,0.2,6799999.999999999,8.4E-6,0.11,0.11,0.0,1100.0,3.6,0.0,4.3E-7,2.1E-18,5.6E7,1.0,1.7E9,
3.6E-41,0.0056,5400.0,3000.0,480.0,6799999.999999999,3500.0,4000.0,1800.0,5900.0,3000.0,0.2,6799999.999999999,9.1E-6,0.11,0.11,0.0,1100.0,3.6,0.0,4.3E-7,2.2E-18,5.4E7,1.0,1.7E9,
3.6E-41,0.0056,5400.0,3000.0,480.0,6799999.999999999,3500.0,4000.0,1800.0,5900.0,3000.0,0.2,6799999.999999999,8.8E-6,0.11,0.11,0.0,1100.0,3.6,0.0,4.3E-7,2.3E-18,5.5E7,1.0,1.7E9,
3.6E-41,0.0056,5400.0,3000.0,480.0,6799999.999999999,3500.0,4000.0,1800.0,5900.0,3000.0,0.2,6799999.999999999,8.0E-6,0.11,0.11,0.0,1100.0,3.6,0.0,4.3E-7,2.2E-18,5.7E7,1.0,1.7E9,
3.6E-41,0.0056,5400.0,3000.0,480.0,6799999.999999999,3500.0,4000.0,1800.0,5900.0,3000.0,0.2,6799999.999999999,7.0E-6,0.11,0.11,0.0,1100.0,3.6,0.0,4.3E-7,2.0E-18,6.0E7,1.0,1.7E9,
3.6E-41,0.0056,5400.0,3000.0,480.0,6799999.999999999,3500.0,4000.0,1800.0,5900.0,3000.0,0.2,6799999.999999999,6.1E-6,0.11,0.11,0.0,1100.0,3.6,0.0,4.3E-7,1.8E-18,6.3E7,1.0,1.7E9,
1.1E-39,0.073,1900.0,160000.0,4300.0,8400000.0,3500.0,4000.0,1800.0,5900.0,3000.0,0.2,8600000.0,8.9E-6,0.4,0.4,0.0,1100.0,4.7,22.0,5.2E-7,1.6E-12,6.1E7,1.0,1.7E9,
7.7E-41,0.0053,1900.0,210.0,4300.0,7899999.999999999,3500.0,4000.0,1800.0,5900.0,3000.0,0.2,7899999.999999999,3.8E-6,0.16,0.16,0.0,1100.0,4.4,3.1,5.2E-7,7.8E-14,5.9E7,1.0,1.7E9,
7.499999999999999E-41,0.0051,1900.0,210.0,4300.0,7399999.999999999,3400.0,4000.0,1800.0,5900.0,3000.0,0.2,7499999.999999999,1.0E-5,0.15,0.15,0.0,1100.0,4.3,0.056,5.2E-7,3.4E-14,5.6E7,1.0,1.7E9,
7.299999999999999E-41,0.005,1900.0,210.0,4300.0,7099999.999999999,3400.0,3900.0,1800.0,5900.0,3000.0,0.2,7099999.999999999,1.1E-5,0.15,0.15,0.0,1100.0,4.1,0.0028,5.2E-7,1.8E-14,5.3E7,1.0,1.7E9,
7.2E-41,0.005,1900.0,210.0,4300.0,7099999.999999999,3400.0,3900.0,1800.0,5900.0,3000.0,0.2,7099999.999999999,1.3E-5,0.15,0.15,0.0,1100.0,4.1,1.9E-5,5.2E-7,6.7E-15,5.0E7,1.0,1.7E9,
7.1E-41,0.0048,1900.0,210.0,4300.0,6799999.999999999,3400.0,3900.0,1800.0,5900.0,3000.0,0.2,6799999.999999999,1.4E-5,0.14,0.14,0.0,1100.0,4.0,9.7E-7,5.1E-7,3.6E-15,4.8E7,1.0,1.7E9,
7.1E-41,0.0048,1900.0,210.0,4300.0,6799999.999999999,3400.0,3900.0,1800.0,5900.0,3000.0,0.2,6799999.999999999,1.6E-5,0.14,0.14,0.0,1100.0,4.0,2.5E-9,5.1E-7,1.1E-15,4.7E7,1.0,1.7E9,
4.0E-40,0.068,6500.0,130000.0,1600.0,9100000.0,3400.0,3900.0,1700.0,5900.0,3000.0,0.2,9300000.0,5.6E-5,0.32,0.32,0.0,1100.0,14.0,73.0,5.5E-7,1.8E-12,4.7E7,1.0,1.7E9,
3.1999999999999996E-41,0.0055,6500.0,870.0,1600.0,9000000.0,3400.0,3900.0,1700.0,5900.0,3000.0,0.2,9100000.0,1.3E-5,0.15,0.15,0.0,1100.0,14.0,1.4,5.5E-7,6.4E-14,4.5E7,1.0,1.7E9,
3.1999999999999996E-41,0.0053,6400.0,870.0,1600.0,8700000.0,3400.0,3900.0,1700.0,5800.0,3000.0,0.2,8800000.0,6.6E-5,0.15,0.15,0.0,1100.0,13.0,0.026,5.5E-7,2.8E-14,4.4E7,1.0,1.7E9,
3.1E-41,0.0053,6400.0,870.0,1600.0,8700000.0,3400.0,3900.0,1700.0,5800.0,3000.0,0.2,8700000.0,7.0E-5,0.15,0.15,0.0,1100.0,13.0,0.0013,5.5E-7,1.5E-14,4.3E7,1.0,1.7E9,
3.0E-41,0.0051,6400.0,870.0,1600.0,8400000.0,3400.0,3900.0,1700.0,5800.0,3000.0,0.2,8400000.0,7.4E-5,0.14,0.14,0.0,1100.0,13.0,8.9E-6,5.5E-7,5.5E-15,4.1E7,1.0,1.7E9,
2.9E-41,0.005,6400.0,870.0,1600.0,7899999.999999999,3400.0,3900.0,1700.0,5800.0,3000.0,0.2,7999999.999999999,7.6E-5,0.14,0.14,0.0,1100.0,12.0,1.6E-7,5.4E-7,2.4E-15,4.0E7,1.0,1.7E9,
2.7E-41,0.0046,6400.0,870.0,1600.0,7299999.999999999,3400.0,3900.0,1700.0,5800.0,3000.0,0.2,7299999.999999999,7.4E-5,0.13,0.13,0.0,1100.0,12.0,8.2E-9,5.4E-7,1.2E-15,3.9E7,1.0,1.7E9,
2.6E-41,0.0044,6400.0,870.0,1600.0,6799999.999999999,3400.0,3900.0,1700.0,5800.0,3000.0,0.2,6799999.999999999,7.3E-5,0.13,0.13,0.0,1100.0,11.0,1.1E-9,5.4E-7,8.0E-16,3.9E7,1.0,1.7E9,
2.6E-41,0.0044,6400.0,870.0,1600.0,6799999.999999999,3400.0,3900.0,1700.0,5800.0,3000.0,0.2,6799999.999999999,7.3E-5,0.13,0.13,0.0,1000.0,11.0,2.8E-12,5.4E-7,2.6E-16,3.9E7,1.0,1.7E9,
2.6E-41,0.0044,6400.0,870.0,1600.0,6799999.999999999,3400.0,3900.0,1700.0,5800.0,3000.0,0.2,6799999.999999999,6.6E-5,0.13,0.13,0.0,1000.0,11.0,7.2E-15,5.4E-7,9.3E-17,4.0E7,1.0,1.7E9,
2.6E-41,0.0044,6400.0,870.0,1600.0,6799999.999999999,3400.0,3900.0,1700.0,5800.0,3000.0,0.2,6799999.999999999,5.6E-5,0.13,0.13,0.0,1000.0,11.0,1.8E-17,5.4E-7,4.2E-17,4.2E7,1.0,1.7E9,
2.6E-41,0.0044,6400.0,870.0,1600.0,6799999.999999999,3400.0,3900.0,1700.0,5800.0,3000.0,0.2,6799999.999999999,4.6E-5,0.13,0.13,0.0,1000.0,11.0,4.7E-20,5.4E-7,2.4E-17,4.5E7,1.0,1.7E9,
2.6E-41,0.0044,6400.0,870.0,1600.0,6799999.999999999,3400.0,3900.0,1700.0,5800.0,3000.0,0.2,6799999.999999999,3.8E-5,0.13,0.13,0.0,1000.0,11.0,1.8E-22,5.4E-7,1.6E-17,4.9E7,1.0,1.7E9,
2.6E-41,0.0044,6400.0,870.0,1600.0,6799999.999999999,3400.0,3900.0,1700.0,5800.0,3000.0,0.2,6799999.999999999,3.1E-5,0.13,0.13,0.0,1000.0,11.0,7.8E-24,5.4E-7,1.3E-17,5.2E7,1.0,1.7E9,
2.6E-41,0.0044,6400.0,870.0,1600.0,6799999.999999999,3400.0,3900.0,1700.0,5800.0,3000.0,0.2,6799999.999999999,2.6E-5,0.13,0.13,0.0,1000.0,11.0,0.0,5.4E-7,1.0E-17,5.6E7,1.0,1.7E9,
2.6E-41,0.0044,6400.0,870.0,1600.0,6799999.999999999,3400.0,3900.0,1700.0,5800.0,3000.0,0.2,6799999.999999999,2.1E-5,0.13,0.13,0.0,1000.0,11.0,0.0,5.4E-7,8.2E-18,6.0E7,1.0,1.7E9,
2.6E-41,0.0044,6400.0,870.0,1600.0,6799999.999999999,3400.0,3900.0,1700.0,5800.0,3000.0,0.2,6799999.999999999,2.4E-5,0.13,0.13,0.0,990.0,11.0,1.1000000000000001E-27,5.4E-7,7.4E-18,5.8E7,1.0,1.7E9,
2.6E-41,0.0044,6400.0,870.0,1600.0,6799999.999999999,3400.0,3900.0,1700.0,5800.0,3000.0,0.2,6799999.999999999,2.6E-5,0.13,0.13,0.0,980.0,11.0,2.7000000000000002E-30,5.4E-7,7.9E-18,5.6E7,1.0,1.7E9,
2.6E-41,0.0044,6400.0,870.0,1600.0,6799999.999999999,3400.0,3900.0,1700.0,5800.0,3000.0,0.2,6799999.999999999,2.6E-5,0.13,0.13,0.0,960.0,11.0,6.9E-33,5.4E-7,8.3E-18,5.6E7,1.0,1.7E9,
2.6E-41,0.0044,6400.0,870.0,1600.0,6799999.999999999,3400.0,3900.0,1700.0,5800.0,3000.0,0.2,6799999.999999999,2.4E-5,0.13,0.13,0.0,960.0,11.0,1.7999999999999998E-35,5.4E-7,8.1E-18,5.8E7,1.0,1.7E9,
2.6E-41,0.0044,6400.0,870.0,1600.0,6799999.999999999,3400.0,3900.0,1700.0,5800.0,3000.0,0.2,6799999.999999999,2.1E-5,0.13,0.13,0.0,950.0,11.0,6.100000000000001E-38,5.4E-7,7.5E-18,6.0E7,1.0,1.7E9,
2.6E-41,0.0044,6400.0,870.0,1600.0,6799999.999999999,3400.0,3900.0,1700.0,5800.0,3000.0,0.2,6799999.999999999,1.8E-5,0.13,0.13,0.0,950.0,11.0,1.4E-38,5.4E-7,6.6E-18,6.3E7,1.0,1.7E9,
2.6E-41,0.0044,6400.0,870.0,1600.0,6799999.999999999,3400.0,3900.0,1700.0,5800.0,3000.0,0.2,6799999.999999999,1.6E-5,0.13,0.13,0.0,940.0,11.0,8.8E-40,5.4E-7,5.8E-18,6.7E7,1.0,1.7E9,
2.6E-41,0.0044,6400.0,870.0,1600.0,6799999.999999999,3400.0,3900.0,1700.0,5800.0,3000.0,0.2,6799999.999999999,1.4E-5,0.13,0.13,0.0,940.0,11.0,0.0,5.4E-7,5.0E-18,7.0E7,1.0,1.7E9,
2.6E-41,0.0044,6400.0,870.0,1600.0,6799999.999999999,3400.0,3900.0,1700.0,5800.0,3000.0,0.2,6799999.999999999,1.4E-5,0.13,0.13,0.0,920.0,11.0,2.6E-40,5.4E-7,4.5E-18,7.0E7,1.0,1.7E9,
2.6E-41,0.0044,6400.0,870.0,1600.0,6799999.999999999,3400.0,3900.0,1700.0,5800.0,3000.0,0.2,6799999.999999999,1.7E-5,0.13,0.13,0.0,920.0,11.0,6.5999999999999995E-43,5.4E-7,4.9E-18,6.5E7,1.0,1.7E9,
2.6E-41,0.0044,6400.0,870.0,1600.0,6799999.999999999,3400.0,3900.0,1700.0,5800.0,3000.0,0.2,6799999.999999999,1.8E-5,0.13,0.13,0.0,920.0,11.0,1.7E-45,5.4E-7,5.6E-18,6.3E7,1.0,1.7E9,
2.6E-41,0.0044,6400.0,870.0,1600.0,6799999.999999999,3400.0,3900.0,1700.0,5800.0,3000.0,0.2,6799999.999999999,1.8E-5,0.13,0.13,0.0,910.0,11.0,4.2000000000000004E-48,5.4E-7,5.8E-18,6.4E7,1.0,1.7E9,
2.6E-41,0.0044,6400.0,870.0,1600.0,6799999.999999999,3400.0,3900.0,1700.0,5800.0,3000.0,0.2,6799999.999999999,1.7E-5,0.13,0.13,0.0,910.0,11.0,1.1E-50,5.4E-7,5.6E-18,6.6E7,1.0,1.7E9,
2.6E-41,0.0044,6400.0,870.0,1600.0,6799999.999999999,3400.0,3900.0,1700.0,5800.0,3000.0,0.2,6799999.999999999,1.5E-5,0.13,0.13,0.0,890.0,11.0,2.3999999999999996E-53,5.4E-7,5.2E-18,6.9E7,1.0,1.7E9,
2.6E-41,0.0044,6400.0,870.0,1600.0,6799999.999999999,3400.0,3900.0,1700.0,5800.0,3000.0,0.2,6799999.999999999,1.3E-5,0.13,0.13,0.0,890.0,11.0,0.0,5.4E-7,4.7E-18,7.2E7,1.0,1.7E9,
2.6E-41,0.0044,6400.0,870.0,1600.0,6799999.999999999,3400.0,3900.0,1700.0,5800.0,3000.0,0.2,6799999.999999999,1.1E-5,0.13,0.13,0.0,890.0,11.0,0.0,5.4E-7,4.1E-18,7.5E7,1.0,1.7E9,
2.6E-41,0.0044,6400.0,870.0,1600.0,6799999.999999999,3400.0,3900.0,1700.0,5800.0,3000.0,0.2,6799999.999999999,1.0E-5,0.13,0.13,0.0,880.0,11.0,0.0,5.4E-7,3.6E-18,7.9E7,1.0,1.7E9,
2.6E-41,0.0044,6400.0,870.0,1600.0,6799999.999999999,3400.0,3900.0,1700.0,5800.0,3000.0,0.2,6799999.999999999,1.3E-5,0.13,0.13,0.0,870.0,11.0,0.0,5.4E-7,3.8E-18,7.1E7,1.0,1.7E9,
2.6E-41,0.0044,6400.0,870.0,1600.0,6799999.999999999,3400.0,3900.0,1700.0,5800.0,3000.0,0.2,6799999.999999999,1.5E-5,0.13,0.13,0.0,860.0,11.0,0.0,5.4E-7,4.5E-18,6.8E7,1.0,1.7E9,
2.6E-41,0.0044,6400.0,870.0,1600.0,6799999.999999999,3400.0,3900.0,1700.0,5800.0,3000.0,0.2,6799999.999999999,1.6E-5,0.13,0.13,0.0,860.0,11.0,0.0,5.4E-7,4.9E-18,6.7E7,1.0,1.7E9,
2.6E-41,0.0044,6400.0,870.0,1600.0,6799999.999999999,3400.0,3900.0,1700.0,5800.0,3000.0,0.2,6799999.999999999,1.5E-5,0.13,0.13,0.0,840.0,11.0,0.0,5.4E-7,4.9E-18,6.8E7,1.0,1.7E9,
2.6E-41,0.0044,6400.0,870.0,1600.0,6799999.999999999,3400.0,3900.0,1700.0,5800.0,3000.0,0.2,6799999.999999999,1.4E-5,0.13,0.13,0.0,830.0,11.0,0.0,5.4E-7,4.7E-18,7.1E7,1.0,1.7E9,
2.6E-41,0.0044,6400.0,870.0,1600.0,6799999.999999999,3400.0,3900.0,1700.0,5800.0,3000.0,0.2,6799999.999999999,1.2E-5,0.13,0.13,0.0,830.0,11.0,0.0,5.4E-7,4.3E-18,7.4E7,1.0,1.7E9,
2.6E-41,0.0044,6400.0,870.0,1600.0,6799999.999999999,3400.0,3900.0,1700.0,5800.0,3000.0,0.2,6799999.999999999,1.1E-5,0.13,0.13,0.0,830.0,11.0,0.0,5.4E-7,3.8E-18,7.7E7,1.0,1.7E9,
2.6E-41,0.0044,6400.0,870.0,1600.0,6799999.999999999,3400.0,3900.0,1700.0,5800.0,3000.0,0.2,6799999.999999999,9.4E-6,0.13,0.13,0.0,820.0,11.0,0.0,5.4E-7,3.4E-18,8.1E7,1.0,1.7E9,
2.6E-41,0.0044,6400.0,870.0,1600.0,6799999.999999999,3400.0,3900.0,1700.0,5800.0,3000.0,0.2,6799999.999999999,1.1E-5,0.13,0.13,0.0,820.0,11.0,0.0,5.4E-7,3.3E-18,7.6E7,1.0,1.7E9,
2.6E-41,0.0044,6400.0,870.0,1600.0,6799999.999999999,3400.0,3900.0,1700.0,5800.0,3000.0,0.2,6799999.999999999,1.4E-5,0.13,0.13,0.0,810.0,11.0,0.0,5.4E-7,3.9E-18,7.1E7,1.0,1.7E9,
2.6E-41,0.0044,6400.0,870.0,1600.0,6799999.999999999,3400.0,3900.0,1700.0,5800.0,3000.0,0.2,6799999.999999999,1.4E-5,0.13,0.13,0.0,810.0,11.0,0.0,5.4E-7,4.4E-18,6.9E7,1.0,1.7E9,
2.6E-41,0.0044,6400.0,870.0,1600.0,6799999.999999999,3400.0,3900.0,1700.0,5800.0,3000.0,0.2,6799999.999999999,1.4E-5,0.13,0.13,0.0,810.0,11.0,0.0,5.4E-7,4.6E-18,7.0E7,1.0,1.7E9,
2.6E-41,0.0044,6400.0,870.0,1600.0,6799999.999999999,3400.0,3900.0,1700.0,5800.0,3000.0,0.2,6799999.999999999,1.3E-5,0.13,0.13,0.0,800.0,11.0,0.0,5.4E-7,4.5E-18,7.2E7,1.0,1.7E9,
2.6E-41,0.0044,6400.0,870.0,1600.0,6799999.999999999,3400.0,3900.0,1700.0,5800.0,3000.0,0.2,6799999.999999999,1.2E-5,0.13,0.13,0.0,790.0,11.0,0.0,5.4E-7,4.2E-18,7.4E7,1.0,1.7E9,
2.6E-41,0.0044,6400.0,870.0,1600.0,6799999.999999999,3400.0,3900.0,1700.0,5800.0,3000.0,0.2,6799999.999999999,1.1E-5,0.13,0.13,0.0,780.0,11.0,0.0,5.4E-7,3.8E-18,7.7E7,1.0,1.7E9,
2.6E-41,0.0044,6400.0,870.0,1600.0,6799999.999999999,3400.0,3900.0,1700.0,5800.0,3000.0,0.2,6799999.999999999,9.3E-6,0.13,0.13,0.0,770.0,11.0,0.0,5.4E-7,3.4E-18,8.1E7,1.0,1.7E9,
2.6E-41,0.0044,6400.0,870.0,1600.0,6799999.999999999,3400.0,3900.0,1700.0,5800.0,3000.0,0.2,6799999.999999999,9.7E-6,0.13,0.13,0.0,770.0,11.0,0.0,5.4E-7,3.1E-18,8.0E7,1.0,1.7E9,
2.6E-41,0.0044,6400.0,870.0,1600.0,6799999.999999999,3400.0,3900.0,1700.0,5800.0,3000.0,0.2,6799999.999999999,1.2E-5,0.13,0.13,0.0,760.0,11.0,0.0,5.4E-7,3.5E-18,7.3E7,1.0,1.7E9,
2.6E-41,0.0044,6400.0,870.0,1600.0,6799999.999999999,3400.0,3900.0,1700.0,5800.0,3000.0,0.2,6799999.999999999,1.4E-5,0.13,0.13,0.0,760.0,11.0,0.0,5.4E-7,4.1E-18,7.0E7,1.0,1.7E9,
2.6E-41,0.0044,6400.0,870.0,1600.0,6799999.999999999,3400.0,3900.0,1700.0,5800.0,3000.0,0.2,6799999.999999999,1.4E-5,0.13,0.13,0.0,750.0,11.0,0.0,5.4E-7,4.4E-18,7.0E7,1.0,1.7E9,
2.6E-41,0.0044,6400.0,870.0,1600.0,6799999.999999999,3400.0,3900.0,1700.0,5800.0,3000.0,0.2,6799999.999999999,1.3E-5,0.13,0.13,0.0,750.0,11.0,0.0,5.4E-7,4.4E-18,7.2E7,1.0,1.7E9,
2.6E-41,0.0044,6400.0,870.0,1600.0,6799999.999999999,3400.0,3900.0,1700.0,5800.0,3000.0,0.2,6799999.999999999,1.2E-5,0.13,0.13,0.0,750.0,11.0,0.0,5.5E-7,4.1E-18,7.4E7,1.0,1.7E9,
2.6E-41,0.0044,6400.0,870.0,1600.0,6799999.999999999,3400.0,3900.0,1700.0,5800.0,3000.0,0.2,6799999.999999999,1.1E-5,0.13,0.13,0.0,730.0,11.0,0.0,5.5E-7,3.8E-18,7.7E7,1.0,1.7E9,
2.6E-41,0.0044,6400.0,870.0,1600.0,6799999.999999999,3400.0,3900.0,1700.0,5800.0,3000.0,0.2,6799999.999999999,9.6E-6,0.12,0.12,0.0,720.0,11.0,0.0,5.4E-7,3.4E-18,7.9E7,1.0,1.7E9,
2.6E-41,0.0044,6400.0,870.0,1600.0,6799999.999999999,3400.0,3900.0,1700.0,5800.0,3000.0,0.2,6799999.999999999,1.3E-5,0.12,0.12,0.0,710.0,11.0,0.0,5.4E-7,3.7E-18,7.1E7,1.0,1.7E9,
2.6E-41,0.0044,6400.0,870.0,1600.0,6799999.999999999,3400.0,3900.0,1700.0,5800.0,3000.0,0.2,6799999.999999999,1.5E-5,0.12,0.12,0.0,710.0,11.0,0.0,5.4E-7,4.3E-18,6.8E7,1.0,1.7E9,
2.6E-41,0.0044,6400.0,870.0,1600.0,6799999.999999999,3400.0,3900.0,1700.0,5800.0,3000.0,0.2,6799999.999999999,1.5E-5,0.12,0.12,0.0,710.0,11.0,0.0,5.4E-7,4.7E-18,6.7E7,1.0,1.7E9,
2.6E-41,0.0044,6400.0,870.0,1600.0,6799999.999999999,3400.0,3900.0,1700.0,5800.0,3000.0,0.2,6799999.999999999,1.4E-5,0.12,0.12,0.0,700.0,11.0,0.0,5.4E-7,4.8E-18,6.8E7,1.0,1.7E9,
2.6E-41,0.0044,6400.0,870.0,1600.0,6799999.999999999,3400.0,3900.0,1700.0,5800.0,3000.0,0.2,6799999.999999999,1.3E-5,0.12,0.12,0.0,700.0,11.0,0.0,5.4E-7,4.6E-18,7.1E7,1.0,1.7E9,
2.6E-41,0.0044,6400.0,870.0,1600.0,6799999.999999999,3400.0,3900.0,1700.0,5800.0,3000.0,0.2,6799999.999999999,1.2E-5,0.12,0.12,0.0,700.0,11.0,0.0,5.4E-7,4.2E-18,7.4E7,1.0,1.7E9,
2.6E-41,0.0044,6400.0,870.0,1600.0,6799999.999999999,3400.0,3900.0,1700.0,5800.0,3000.0,0.2,6799999.999999999,1.0E-5,0.12,0.12,0.0,690.0,11.0,0.0,5.4E-7,3.8E-18,7.7E7,1.0,1.7E9,
2.6E-41,0.0044,6400.0,870.0,1600.0,6799999.999999999,3400.0,3900.0,1700.0,5800.0,3000.0,0.2,6799999.999999999,9.2E-6,0.12,0.12,0.0,690.0,11.0,0.0,5.4E-7,3.3E-18,8.0E7,1.0,1.7E9,
2.6E-41,0.0044,6400.0,870.0,1600.0,6799999.999999999,3400.0,3900.0,1700.0,5800.0,3000.0,0.2,6799999.999999999,1.1E-5,0.12,0.12,0.0,680.0,11.0,0.0,5.4E-7,3.3E-18,7.5E7,1.0,1.7E9,
2.6E-41,0.0044,6400.0,870.0,1600.0,6799999.999999999,3400.0,3900.0,1700.0,5800.0,3000.0,0.2,6799999.999999999,1.3E-5,0.12,0.12,0.0,680.0,11.0,0.0,5.4E-7,3.8E-18,7.0E7,1.0,1.7E9,
2.6E-41,0.0044,6400.0,870.0,1600.0,6799999.999999999,3400.0,3900.0,1700.0,5800.0,3000.0,0.2,6799999.999999999,1.4E-5,0.12,0.12,0.0,680.0,11.0,0.0,5.4E-7,4.3E-18,6.9E7,1.0,1.7E9,
2.6E-41,0.0044,6400.0,870.0,1600.0,6799999.999999999,3400.0,3900.0,1700.0,5800.0,3000.0,0.2,6799999.999999999,1.4E-5,0.12,0.12,0.0,670.0,11.0,0.0,5.4E-7,4.5E-18,6.9E7,1.0,1.7E9,
2.6E-41,0.0044,6400.0,870.0,1600.0,6799999.999999999,3400.0,3900.0,1700.0,5800.0,3000.0,0.2,6799999.999999999,1.3E-5,0.12,0.12,0.0,670.0,11.0,0.0,5.4E-7,4.4E-18,7.1E7,1.0,1.7E9,
2.6E-41,0.0044,6400.0,870.0,1600.0,6799999.999999999,3400.0,3900.0,1700.0,5800.0,3000.0,0.2,6799999.999999999,1.2E-5,0.12,0.12,0.0,670.0,11.0,0.0,5.4E-7,4.1E-18,7.4E7,1.0,1.7E9,
2.6E-41,0.0044,6400.0,870.0,1600.0,6699999.999999999,3400.0,3900.0,1700.0,5800.0,3000.0,0.2,6699999.999999999,1.3E-5,0.12,0.12,0.0,670.0,11.0,0.0,5.4E-7,4.0E-18,6.9E7,1.0,1.6E9,
2.6E-41,0.0044,6400.0,870.0,1600.0,6699999.999999999,3400.0,3900.0,1700.0,5800.0,3000.0,0.2,6699999.999999999,1.6E-5,0.12,0.12,0.0,670.0,11.0,0.0,5.4E-7,4.7E-18,6.5E7,1.0,1.6E9,
2.6E-41,0.0044,6400.0,870.0,1600.0,6699999.999999999,3400.0,3900.0,1700.0,5800.0,3000.0,0.2,6699999.999999999,1.7E-5,0.12,0.12,0.0,660.0,11.0,0.0,5.4E-7,5.2E-18,6.4E7,1.0,1.6E9,
2.6E-41,0.0044,6400.0,870.0,1600.0,6699999.999999999,3400.0,3900.0,1700.0,5800.0,3000.0,0.2,6699999.999999999,1.6E-5,0.12,0.12,0.0,660.0,11.0,0.0,5.4E-7,5.3E-18,6.5E7,1.0,1.6E9,
2.6E-41,0.0044,6400.0,870.0,1600.0,6699999.999999999,3400.0,3900.0,1700.0,5800.0,3000.0,0.2,6699999.999999999,1.5E-5,0.12,0.12,0.0,640.0,11.0,0.0,5.4E-7,5.1E-18,6.7E7,1.0,1.6E9,
2.6E-41,0.0044,6400.0,870.0,1600.0,6699999.999999999,3400.0,3900.0,1700.0,5800.0,3000.0,0.2,6699999.999999999,1.3E-5,0.12,0.12,0.0,630.0,11.0,0.0,5.4E-7,4.7E-18,7.0E7,1.0,1.6E9,
2.6E-41,0.0044,6400.0,870.0,1600.0,6699999.999999999,3400.0,3900.0,1700.0,5800.0,3000.0,0.2,6699999.999999999,1.2E-5,0.12,0.12,0.0,620.0,11.0,0.0,5.4E-7,4.2E-18,7.3E7,1.0,1.6E9,
2.6E-41,0.0044,6400.0,870.0,1600.0,6699999.999999999,3400.0,3900.0,1700.0,5800.0,3000.0,0.2,6699999.999999999,1.0E-5,0.12,0.12,0.0,610.0,11.0,0.0,5.4E-7,3.8E-18,7.7E7,1.0,1.6E9,
2.6E-41,0.0044,6400.0,870.0,1600.0,6699999.999999999,3400.0,3900.0,1700.0,5800.0,3000.0,0.2,6699999.999999999,1.1E-5,0.12,0.12,0.0,610.0,11.0,0.0,5.4E-7,3.4E-18,7.6E7,1.0,1.6E9,
2.6E-41,0.0044,6400.0,870.0,1600.0,6699999.999999999,3400.0,3900.0,1700.0,5800.0,3000.0,0.2,6699999.999999999,1.3E-5,0.12,0.12,0.0,610.0,11.0,0.0,5.4E-7,3.9E-18,6.9E7,1.0,1.6E9,
2.6E-41,0.0044,6400.0,870.0,1600.0,6699999.999999999,3400.0,3900.0,1700.0,5800.0,3000.0,0.2,6699999.999999999,1.5E-5,0.12,0.12,0.0,610.0,11.0,0.0,5.4E-7,4.5E-18,6.7E7,1.0,1.6E9,
2.6E-41,0.0044,6400.0,870.0,1600.0,6699999.999999999,3400.0,3900.0,1700.0,5800.0,3000.0,0.2,6699999.999999999,1.5E-5,0.12,0.12,0.0,610.0,11.0,0.0,5.4E-7,4.8E-18,6.7E7,1.0,1.6E9,
2.6E-41,0.0044,6400.0,870.0,1600.0,6699999.999999999,3400.0,3900.0,1700.0,5800.0,3000.0,0.2,6699999.999999999,1.4E-5,0.12,0.12,0.0,590.0,11.0,0.0,5.4E-7,4.7E-18,6.9E7,1.0,1.6E9,
2.6E-41,0.0044,6400.0,870.0,1600.0,6699999.999999999,3400.0,3900.0,1700.0,5800.0,3000.0,0.2,6699999.999999999,1.3E-5,0.12,0.12,0.0,590.0,11.0,0.0,5.4E-7,4.4E-18,7.1E7,1.0,1.6E9,
2.6E-41,0.0044,6400.0,870.0,1600.0,6699999.999999999,3400.0,3900.0,1700.0,5800.0,3000.0,0.2,6699999.999999999,1.1E-5,0.12,0.12,0.0,590.0,11.0,0.0,5.4E-7,4.0E-18,7.4E7,1.0,1.6E9,
2.6E-41,0.0044,6400.0,870.0,1600.0,6699999.999999999,3400.0,3900.0,1700.0,5800.0,3000.0,0.2,6699999.999999999,9.9E-6,0.12,0.12,0.0,590.0,11.0,0.0,5.4E-7,3.6E-18,7.7E7,1.0,1.6E9,
2.6E-41,0.0044,6400.0,870.0,1600.0,6699999.999999999,3400.0,3900.0,1700.0,5800.0,3000.0,0.2,6699999.999999999,8.7E-6,0.12,0.12,0.0,590.0,11.0,0.0,5.4E-7,3.2E-18,8.1E7,1.0,1.6E9,
2.6E-41,0.0044,6400.0,870.0,1600.0,6699999.999999999,3400.0,3900.0,1700.0,5800.0,3000.0,0.2,6699999.999999999,1.2E-5,0.12,0.12,0.0,590.0,11.0,0.0,5.4E-7,3.4E-18,7.3E7,1.0,1.6E9,
2.6E-41,0.0044,6400.0,870.0,1600.0,6699999.999999999,3400.0,3900.0,1700.0,5800.0,3000.0,0.2,6699999.999999999,1.4E-5,0.12,0.12,0.0,590.0,11.0,0.0,5.5E-7,4.0E-18,6.9E7,1.0,1.6E9,
2.6E-41,0.0044,6400.0,870.0,1600.0,6699999.999999999,3400.0,3900.0,1700.0,5800.0,3000.0,0.2,6699999.999999999,1.4E-5,0.12,0.12,0.0,580.0,11.0,0.0,5.5E-7,4.4E-18,6.8E7,1.0,1.6E9,
2.6E-41,0.0044,6400.0,870.0,1600.0,6699999.999999999,3400.0,3900.0,1700.0,5800.0,3000.0,0.2,6699999.999999999,1.3E-5,0.12,0.12,0.0,580.0,11.0,0.0,5.5E-7,4.5E-18,6.9E7,1.0,1.6E9,
2.6E-41,0.0044,6400.0,870.0,1600.0,6699999.999999999,3400.0,3900.0,1700.0,5800.0,3000.0,0.2,6699999.999999999,1.2E-5,0.12,0.12,0.0,570.0,11.0,0.0,5.5E-7,4.3E-18,7.1E7,1.0,1.6E9,
2.6E-41,0.0044,6400.0,870.0,1600.0,6699999.999999999,3400.0,3900.0,1700.0,5800.0,3000.0,0.2,6699999.999999999,1.1E-5,0.12,0.12,0.0,570.0,11.0,0.0,5.5E-7,4.0E-18,7.4E7,1.0,1.6E9,
2.6E-41,0.0044,6400.0,870.0,1600.0,6699999.999999999,3400.0,3900.0,1700.0,5800.0,3000.0,0.2,6699999.999999999,9.9E-6,0.12,0.12,0.0,560.0,11.0,0.0,5.5E-7,3.6E-18,7.7E7,1.0,1.6E9,
2.6E-41,0.0044,6400.0,870.0,1600.0,6699999.999999999,3400.0,3900.0,1700.0,5800.0,3000.0,0.2,6699999.999999999,8.7E-6,0.12,0.12,0.0,560.0,11.0,0.0,5.5E-7,3.2E-18,8.1E7,1.0,1.6E9,
2.6E-41,0.0044,6400.0,870.0,1600.0,6699999.999999999,3400.0,3900.0,1700.0,5800.0,3000.0,0.2,6699999.999999999,1.0E-5,0.12,0.12,0.0,550.0,11.0,0.0,5.5E-7,3.1E-18,7.6E7,1.0,1.6E9,
2.6E-41,0.0044,6400.0,870.0,1600.0,6699999.999999999,3400.0,3900.0,1700.0,5800.0,3000.0,0.2,6699999.999999999,1.3E-5,0.12,0.12,0.0,550.0,11.0,0.0,5.5E-7,3.7E-18,7.1E7,1.0,1.6E9,
2.6E-41,0.0044,6400.0,870.0,1600.0,6699999.999999999,3400.0,3900.0,1700.0,5800.0,3000.0,0.2,6699999.999999999,1.4E-5,0.12,0.12,0.0,550.0,11.0,0.0,5.5E-7,4.2E-18,6.9E7,1.0,1.6E9,
2.6E-41,0.0044,6400.0,870.0,1600.0,6699999.999999999,3400.0,3900.0,1700.0,5800.0,3000.0,0.2,6699999.999999999,1.3E-5,0.12,0.12,0.0,540.0,11.0,0.0,5.5E-7,4.4E-18,6.9E7,1.0,1.6E9,
2.6E-41,0.0044,6400.0,870.0,1600.0,6699999.999999999,3400.0,3900.0,1700.0,5800.0,3000.0,0.2,6699999.999999999,1.2E-5,0.12,0.12,0.0,540.0,11.0,0.0,5.5E-7,4.3E-18,7.1E7,1.0,1.6E9,
2.6E-41,0.0044,6400.0,870.0,1600.0,6699999.999999999,3400.0,3900.0,1700.0,5800.0,3000.0,0.2,6699999.999999999,1.1E-5,0.12,0.12,0.0,530.0,11.0,0.0,5.5E-7,4.0E-18,7.4E7,1.0,1.6E9,
2.6E-41,0.0044,6400.0,870.0,1600.0,6699999.999999999,3400.0,3900.0,1700.0,5800.0,3000.0,0.2,6699999.999999999,1.0E-5,0.12,0.12,0.0,530.0,11.0,0.0,5.5E-7,3.7E-18,7.7E7,1.0,1.6E9,
2.6E-41,0.0044,6400.0,870.0,1600.0,6699999.999999999,3400.0,3900.0,1700.0,5800.0,3000.0,0.2,6699999.999999999,8.9E-6,0.12,0.12,0.0,530.0,11.0,0.0,5.5E-7,3.3E-18,8.0E7,1.0,1.6E9,
2.6E-41,0.0044,6400.0,870.0,1600.0,6699999.999999999,3400.0,3900.0,1700.0,5800.0,3000.0,0.2,6699999.999999999,9.3E-6,0.12,0.12,0.0,530.0,11.0,0.0,5.5E-7,3.0E-18,7.9E7,1.0,1.6E9,
2.6E-41,0.0044,6400.0,870.0,1600.0,6699999.999999999,3400.0,3900.0,1700.0,5800.0,3000.0,0.2,6699999.999999999,1.2E-5,0.12,0.12,0.0,530.0,11.0,0.0,5.5E-7,3.5E-18,7.2E7,1.0,1.6E9,
2.6E-41,0.0044,6400.0,870.0,1600.0,6699999.999999999,3400.0,3900.0,1700.0,5800.0,3000.0,0.2,6699999.999999999,1.3E-5,0.12,0.12,0.0,530.0,11.0,0.0,5.5E-7,4.0E-18,7.0E7,1.0,1.6E9,
2.6E-41,0.0044,6400.0,870.0,1600.0,6699999.999999999,3400.0,3900.0,1700.0,5800.0,3000.0,0.2,6699999.999999999,1.3E-5,0.12,0.12,0.0,530.0,11.0,0.0,5.5E-7,4.3E-18,6.9E7,1.0,1.6E9,
2.6E-41,0.0044,6400.0,870.0,1600.0,6699999.999999999,3400.0,3900.0,1700.0,5800.0,3000.0,0.2,6699999.999999999,1.3E-5,0.12,0.12,0.0,520.0,11.0,0.0,5.5E-7,4.3E-18,7.1E7,1.0,1.6E9,
2.6E-41,0.0044,6400.0,870.0,1600.0,6699999.999999999,3400.0,3900.0,1700.0,5800.0,3000.0,0.2,6699999.999999999,1.2E-5,0.12,0.12,0.0,520.0,11.0,0.0,5.5E-7,4.1E-18,7.3E7,1.0,1.6E9,
2.6E-41,0.0044,6400.0,870.0,1600.0,6699999.999999999,3400.0,3900.0,1700.0,5800.0,3000.0,0.2,6699999.999999999,1.0E-5,0.12,0.12,0.0,520.0,11.0,0.0,5.5E-7,3.8E-18,7.6E7,1.0,1.6E9,
2.6E-41,0.0044,6400.0,870.0,1600.0,6699999.999999999,3400.0,3900.0,1700.0,5800.0,3000.0,0.2,6699999.999999999,9.2E-6,0.12,0.12,0.0,510.0,11.0,0.0,5.5E-7,3.4E-18,7.9E7,1.0,1.6E9,
2.6E-41,0.0044,6400.0,870.0,1600.0,6699999.999999999,3400.0,3900.0,1700.0,5800.0,3000.0,0.2,6699999.999999999,8.1E-6,0.12,0.12,0.0,510.0,11.0,0.0,5.5E-7,3.0E-18,8.3E7,1.0,1.6E9,
2.6E-41,0.0044,6400.0,870.0,1600.0,6699999.999999999,3400.0,3900.0,1700.0,5800.0,3000.0,0.2,6699999.999999999,1.1E-5,0.12,0.12,0.0,510.0,11.0,0.0,5.5E-7,3.2E-18,7.4E7,1.0,1.6E9,
2.6E-41,0.0044,6400.0,870.0,1600.0,6699999.999999999,3400.0,3900.0,1700.0,5800.0,3000.0,0.2,6699999.999999999,1.3E-5,0.12,0.12,0.0,510.0,11.0,0.0,5.5E-7,3.8E-18,7.0E7,1.0,1.6E9,
2.6E-41,0.0044,6400.0,870.0,1600.0,6699999.999999999,3400.0,3900.0,1700.0,5800.0,3000.0,0.2,6699999.999999999,1.3E-5,0.12,0.12,0.0,500.0,11.0,0.0,5.5E-7,4.3E-18,6.9E7,1.0,1.6E9,
2.6E-41,0.0044,6400.0,870.0,1600.0,6699999.999999999,3400.0,3900.0,1700.0,5800.0,3000.0,0.2,6699999.999999999,1.3E-5,0.12,0.12,0.0,500.0,11.0,0.0,5.5E-7,4.4E-18,7.0E7,1.0,1.6E9,
2.6E-41,0.0044,6400.0,870.0,1600.0,6699999.999999999,3400.0,3900.0,1700.0,5800.0,3000.0,0.2,6699999.999999999,1.2E-5,0.12,0.12,0.0,500.0,11.0,0.0,5.5E-7,4.2E-18,7.2E7,1.0,1.6E9,
2.6E-41,0.0044,6400.0,870.0,1600.0,6699999.999999999,3400.0,3900.0,1700.0,5800.0,3000.0,0.2,6699999.999999999,1.1E-5,0.12,0.12,0.0,500.0,11.0,0.0,5.5E-7,3.9E-18,7.5E7,1.0,1.6E9,
2.6E-41,0.0044,6400.0,870.0,1600.0,6699999.999999999,3400.0,3900.0,1700.0,5800.0,3000.0,0.2,6699999.999999999,9.5E-6,0.12,0.12,0.0,490.0,11.0,0.0,5.5E-7,3.5E-18,7.8E7,1.0,1.6E9,
2.6E-41,0.0044,6400.0,870.0,1600.0,6699999.999999999,3400.0,3900.0,1700.0,5800.0,3000.0,0.2,6699999.999999999,8.4E-6,0.12,0.12,0.0,480.0,11.0,0.0,5.5E-7,3.1E-18,8.2E7,1.0,1.6E9,
2.6E-41,0.0044,6400.0,870.0,1600.0,6699999.999999999,3400.0,3900.0,1700.0,5800.0,3000.0,0.2,6699999.999999999,1.0E-5,0.12,0.12,0.0,480.0,11.0,0.0,5.5E-7,3.1E-18,7.7E7,1.0,1.6E9,
2.6E-41,0.0044,6400.0,870.0,1600.0,6699999.999999999,3400.0,3900.0,1700.0,5800.0,3000.0,0.2,6699999.999999999,1.2E-5,0.12,0.12,0.0,480.0,11.0,0.0,5.5E-7,3.6E-18,7.1E7,1.0,1.6E9,
2.6E-41,0.0043,6400.0,870.0,1600.0,6699999.999999999,3400.0,3900.0,1700.0,5800.0,3000.0,0.2,6699999.999999999,1.4E-5,0.12,0.12,0.0,480.0,11.0,0.0,5.5E-7,4.1E-18,6.7E7,1.0,1.6E9,
2.6E-41,0.0043,6400.0,870.0,1600.0,6699999.999999999,3400.0,3900.0,1700.0,5800.0,3000.0,0.2,6699999.999999999,1.8E-5,0.12,0.12,0.0,480.0,11.0,0.0,5.5E-7,5.2E-18,6.2E7,1.0,1.6E9,
2.6E-41,0.0043,6400.0,870.0,1600.0,6699999.999999999,3400.0,3900.0,1700.0,5800.0,3000.0,0.2,6699999.999999999,2.0E-5,0.12,0.12,0.0,480.0,11.0,0.0,5.5E-7,6.1E-18,5.9E7,1.0,1.6E9,
2.6E-41,0.0043,6400.0,870.0,1600.0,6699999.999999999,3400.0,3900.0,1700.0,5800.0,3000.0,0.2,6699999.999999999,2.0E-5,0.12,0.12,0.0,480.0,11.0,0.0,5.5E-7,6.6E-18,6.0E7,1.0,1.6E9,
2.6E-41,0.0043,6400.0,870.0,1600.0,6699999.999999999,3400.0,3900.0,1700.0,5800.0,3000.0,0.2,6699999.999999999,1.8E-5,0.12,0.12,0.0,470.0,11.0,0.0,5.5E-7,6.5E-18,6.1E7,1.0,1.6E9,
2.6E-41,0.0043,6400.0,870.0,1600.0,6699999.999999999,3400.0,3900.0,1700.0,5800.0,3000.0,0.2,6699999.999999999,1.6E-5,0.12,0.12,0.0,470.0,11.0,0.0,5.5E-7,6.0E-18,6.4E7,1.0,1.6E9,
2.6E-41,0.0043,6400.0,870.0,1600.0,6699999.999999999,3400.0,3900.0,1700.0,5800.0,3000.0,0.2,6699999.999999999,1.4E-5,0.12,0.12,0.0,470.0,11.0,0.0,5.5E-7,5.4E-18,6.7E7,1.0,1.6E9,
2.6E-41,0.0043,6400.0,870.0,1600.0,6699999.999999999,3400.0,3900.0,1700.0,5800.0,3000.0,0.2,6699999.999999999,1.3E-5,0.12,0.12,0.0,460.0,11.0,0.0,5.5E-7,4.8E-18,7.0E7,1.0,1.6E9,
2.6E-41,0.0043,6400.0,870.0,1600.0,6699999.999999999,3400.0,3900.0,1700.0,5800.0,3000.0,0.2,6699999.999999999,1.1E-5,0.12,0.12,0.0,450.0,11.0,0.0,5.5E-7,4.2E-18,7.4E7,1.0,1.6E9,
2.6E-41,0.0043,6400.0,870.0,1600.0,6699999.999999999,3400.0,3900.0,1700.0,5800.0,3000.0,0.2,6699999.999999999,1.3E-5,0.12,0.12,0.0,450.0,11.0,0.0,5.5E-7,4.0E-18,6.9E7,1.0,1.6E9,
2.6E-41,0.0043,6400.0,870.0,1600.0,6699999.999999999,3400.0,3900.0,1700.0,5800.0,3000.0,0.2,6699999.999999999,1.5E-5,0.12,0.12,0.0,450.0,11.0,0.0,5.5E-7,4.7E-18,6.5E7,1.0,1.6E9,
2.6E-41,0.0043,6400.0,870.0,1600.0,6699999.999999999,3400.0,3900.0,1700.0,5800.0,3000.0,0.2,6699999.999999999,1.6E-5,0.12,0.12,0.0,450.0,11.0,0.0,5.5E-7,5.2E-18,6.4E7,1.0,1.6E9,
2.6E-41,0.0043,6400.0,870.0,1600.0,6699999.999999999,3400.0,3900.0,1700.0,5800.0,3000.0,0.2,6699999.999999999,1.6E-5,0.12,0.12,0.0,450.0,11.0,0.0,5.5E-7,5.3E-18,6.5E7,1.0,1.6E9,
2.6E-41,0.0043,6400.0,870.0,1600.0,6699999.999999999,3400.0,3900.0,1700.0,5800.0,3000.0,0.2,6699999.999999999,1.4E-5,0.12,0.12,0.0,440.0,11.0,0.0,5.5E-7,5.1E-18,6.7E7,1.0,1.6E9,
2.6E-41,0.0043,6400.0,870.0,1600.0,6699999.999999999,3400.0,3900.0,1700.0,5800.0,3000.0,0.2,6699999.999999999,1.3E-5,0.12,0.12,0.0,440.0,11.0,0.0,5.5E-7,4.8E-18,6.9E7,1.0,1.6E9,
2.6E-41,0.0043,6400.0,870.0,1600.0,6699999.999999999,3400.0,3900.0,1700.0,5800.0,3000.0,0.2,6699999.999999999,1.1E-5,0.12,0.12,0.0,440.0,11.0,0.0,5.5E-7,4.3E-18,7.3E7,1.0,1.6E9,
2.6E-41,0.0043,6400.0,870.0,1600.0,6699999.999999999,3400.0,3900.0,1700.0,5800.0,3000.0,0.2,6699999.999999999,1.0E-5,0.12,0.12,0.0,440.0,11.0,0.0,5.5E-7,3.8E-18,7.6E7,1.0,1.6E9,
5.9E-40,0.16,53000.0,290000.0,160000.0,8900000.0,8300.0,15000.0,11000.0,13000.0,5500.0,0.2,9500000.0,19.0,0.51,0.51,0.0,780.0,22.0,770.0,1.2E-6,5.1E-11,7.9E7,1.0,1.7E9,
5.1E-40,0.14,53000.0,290000.0,96000.0,8900000.0,8300.0,2200.0,11000.0,13000.0,5500.0,0.2,9400000.0,4.2E-5,0.51,0.51,0.0,790.0,26.0,18.0,1.2E-6,2.0E-11,7.3E7,1.0,1.7E9,
4.1E-40,0.11,53000.0,220000.0,88000.0,8800000.0,8300.0,2200.0,3000.0,890.0,5500.0,0.2,9200000.0,3.5E-5,0.43,0.43,0.0,790.0,24.0,0.39,1.2E-6,7.1E-12,6.7E7,1.0,1.7E9,
3.8E-40,0.11,4800.0,210000.0,75000.0,8800000.0,720.0,2200.0,3000.0,890.0,5500.0,0.2,9100000.0,3.7E-5,0.42,0.42,0.0,790.0,21.0,0.0082,1.2E-6,3.0E-12,6.2E7,1.0,1.7E9,
1.8E-40,0.049,4800.0,130000.0,43.0,8600000.0,720.0,2200.0,3000.0,890.0,5500.0,0.2,8700000.0,4.5E-6,0.31,0.31,0.0,760.0,2.2,4.3E-4,1.2E-6,7.6E-13,5.9E7,1.0,1.7E9,
1.1E-41,0.0029,4800.0,12.0,43.0,8099999.999999999,710.0,2200.0,3000.0,890.0,5500.0,0.2,8099999.999999999,4.8E-6,0.16,0.16,0.0,760.0,2.0,2.2E-5,1.2E-6,2.5E-14,5.6E7,1.0,1.7E9,
9.9E-42,0.0028,4800.0,12.0,43.0,7599999.999999999,710.0,2200.0,3000.0,890.0,5500.0,0.2,7599999.999999999,4.7E-6,0.15,0.15,0.0,760.0,1.9,8.0E-6,1.2E-6,1.9E-14,5.5E7,1.0,1.7E9,
9.5E-42,0.0026,4800.0,12.0,43.0,7299999.999999999,710.0,2200.0,3000.0,890.0,5500.0,0.19,7299999.999999999,4.9E-6,0.15,0.15,0.0,760.0,1.8,1.1E-6,1.2E-6,1.2E-14,5.3E7,1.0,1.7E9,
9.4E-42,0.0026,4800.0,12.0,42.0,7199999.999999999,710.0,2200.0,2900.0,890.0,5500.0,0.19,7199999.999999999,5.8E-6,0.15,0.15,0.0,760.0,1.8,7.4E-9,1.2E-6,4.5E-15,5.0E7,1.0,1.7E9,
8.8E-42,0.0024,4800.0,12.0,42.0,6699999.999999999,710.0,2200.0,2900.0,880.0,5400.0,0.19,6799999.999999999,5.8E-6,0.14,0.14,0.0,760.0,1.7,1.0E-9,1.2E-6,2.8E-15,4.9E7,1.0,1.7E9,
8.8E-42,0.0024,4800.0,12.0,42.0,6699999.999999999,710.0,2200.0,2900.0,880.0,5400.0,0.19,6799999.999999999,6.5E-6,0.14,0.14,0.0,760.0,1.7,2.5E-12,1.2E-6,8.5E-16,4.6E7,1.0,1.7E9,
8.8E-42,0.0024,4800.0,12.0,42.0,6699999.999999999,710.0,2200.0,2900.0,880.0,5400.0,0.19,6799999.999999999,6.5E-6,0.14,0.14,0.0,760.0,1.7,6.3E-15,1.2E-6,2.6E-16,4.7E7,1.0,1.7E9,
8.8E-42,0.0024,4800.0,12.0,42.0,6699999.999999999,710.0,2200.0,2900.0,880.0,5400.0,0.19,6799999.999999999,5.9E-6,0.14,0.14,0.0,760.0,1.7,1.6E-17,1.2E-6,8.1E-17,4.8E7,1.0,1.7E9,
8.8E-42,0.0024,4800.0,12.0,42.0,6699999.999999999,710.0,2200.0,2900.0,880.0,5400.0,0.19,6799999.999999999,5.1E-6,0.14,0.14,0.0,760.0,1.7,4.0E-20,1.2E-6,2.7E-17,5.1E7,1.0,1.7E9,
8.8E-42,0.0024,4800.0,12.0,42.0,6699999.999999999,710.0,2200.0,2900.0,880.0,5400.0,0.19,6799999.999999999,4.3E-6,0.14,0.14,0.0,760.0,1.7,1.3E-22,1.2E-6,1.1E-17,5.4E7,1.0,1.7E9,
8.8E-42,0.0024,4800.0,12.0,42.0,6699999.999999999,710.0,2200.0,2900.0,880.0,5400.0,0.19,6799999.999999999,3.6E-6,0.14,0.14,0.0,750.0,1.7,9.2E-25,1.2E-6,5.2E-18,5.7E7,1.0,1.7E9,
8.8E-42,0.0024,4800.0,12.0,42.0,6699999.999999999,710.0,2200.0,2900.0,880.0,5400.0,0.19,6799999.999999999,3.1E-6,0.14,0.14,0.0,750.0,1.7,4.6E-26,1.2E-6,3.3E-18,6.1E7,1.0,1.7E9,
8.8E-42,0.0024,4800.0,12.0,42.0,6699999.999999999,710.0,2200.0,2900.0,880.0,5400.0,0.19,6799999.999999999,2.6E-6,0.14,0.14,0.0,740.0,1.7,0.0,1.2E-6,2.4E-18,6.5E7,1.0,1.7E9,
8.8E-42,0.0024,4800.0,12.0,42.0,6699999.999999999,710.0,2200.0,2900.0,880.0,5400.0,0.19,6799999.999999999,2.9E-6,0.14,0.14,0.0,740.0,1.7,0.0,1.2E-6,2.1E-18,6.2E7,1.0,1.7E9,
8.8E-42,0.0024,4800.0,12.0,42.0,6699999.999999999,710.0,2200.0,2900.0,880.0,5400.0,0.19,6799999.999999999,3.4E-6,0.14,0.14,0.0,740.0,1.7,0.0,1.2E-6,2.3E-18,5.9E7,1.0,1.7E9,
8.8E-42,0.0024,4800.0,12.0,42.0,6699999.999999999,710.0,2200.0,2900.0,880.0,5400.0,0.19,6799999.999999999,3.4E-6,0.14,0.14,0.0,740.0,1.7,0.0,1.2E-6,2.5E-18,5.9E7,1.0,1.7E9,
8.8E-42,0.0024,4800.0,12.0,42.0,6699999.999999999,710.0,2200.0,2900.0,880.0,5400.0,0.19,6799999.999999999,3.2E-6,0.14,0.14,0.0,740.0,1.7,0.0,1.2E-6,2.4E-18,6.0E7,1.0,1.7E9,
8.8E-42,0.0024,4800.0,12.0,42.0,6699999.999999999,710.0,2200.0,2900.0,880.0,5400.0,0.19,6799999.999999999,2.9E-6,0.14,0.14,0.0,740.0,1.7,0.0,1.2E-6,2.3E-18,6.2E7,1.0,1.7E9,
8.8E-42,0.0024,4800.0,12.0,42.0,6699999.999999999,710.0,2200.0,2900.0,880.0,5400.0,0.19,6799999.999999999,2.5E-6,0.14,0.14,0.0,730.0,1.7,0.0,1.2E-6,2.1E-18,6.5E7,1.0,1.7E9,
8.8E-42,0.0024,4800.0,12.0,42.0,6699999.999999999,710.0,2200.0,2900.0,880.0,5400.0,0.19,6799999.999999999,2.2E-6,0.14,0.14,0.0,720.0,1.7,0.0,1.2E-6,1.8E-18,6.9E7,1.0,1.7E9,
8.8E-42,0.0024,4800.0,12.0,42.0,6699999.999999999,710.0,2200.0,2900.0,880.0,5400.0,0.19,6799999.999999999,1.9E-6,0.14,0.14,0.0,720.0,1.7,0.0,1.2E-6,1.6E-18,7.2E7,1.0,1.7E9,
8.8E-42,0.0024,4800.0,12.0,42.0,6699999.999999999,710.0,2200.0,2900.0,880.0,5400.0,0.19,6799999.999999999,1.9E-6,0.14,0.14,0.0,710.0,1.7,0.0,1.2E-6,1.4E-18,7.2E7,1.0,1.7E9,
8.8E-42,0.0024,4800.0,12.0,42.0,6699999.999999999,710.0,2200.0,2900.0,880.0,5400.0,0.19,6799999.999999999,2.4E-6,0.14,0.14,0.0,710.0,1.7,0.0,1.2E-6,1.6E-18,6.6E7,1.0,1.7E9,
8.8E-42,0.0024,4800.0,12.0,42.0,6699999.999999999,710.0,2200.0,2900.0,880.0,5400.0,0.19,6799999.999999999,2.6E-6,0.14,0.14,0.0,710.0,1.7,0.0,1.2E-6,1.8E-18,6.4E7,1.0,1.7E9,
8.8E-42,0.0024,4800.0,12.0,42.0,6699999.999999999,710.0,2200.0,2900.0,880.0,5400.0,0.19,6799999.999999999,2.6E-6,0.14,0.14,0.0,710.0,1.7,0.0,1.2E-6,1.9E-18,6.5E7,1.0,1.7E9,
8.8E-42,0.0024,4800.0,12.0,42.0,6699999.999999999,710.0,2200.0,2900.0,880.0,5400.0,0.19,6799999.999999999,2.4E-6,0.14,0.14,0.0,710.0,1.7,0.0,1.2E-6,1.9E-18,6.6E7,1.0,1.7E9,
8.8E-42,0.0024,4800.0,12.0,42.0,6699999.999999999,710.0,2200.0,2900.0,880.0,5400.0,0.19,6799999.999999999,2.2E-6,0.14,0.14,0.0,690.0,1.7,0.0,1.2E-6,1.7E-18,6.9E7,1.0,1.7E9,
8.8E-42,0.0024,4800.0,12.0,42.0,6699999.999999999,710.0,2200.0,2900.0,880.0,5400.0,0.19,6799999.999999999,1.9E-6,0.14,0.14,0.0,690.0,1.7,0.0,1.2E-6,1.6E-18,7.2E7,1.0,1.7E9,
8.8E-42,0.0024,4800.0,12.0,42.0,6699999.999999999,710.0,2200.0,2900.0,880.0,5400.0,0.19,6799999.999999999,1.7E-6,0.14,0.14,0.0,690.0,1.7,0.0,1.2E-6,1.4E-18,7.6E7,1.0,1.7E9,
8.8E-42,0.0024,4800.0,12.0,42.0,6699999.999999999,710.0,2200.0,2900.0,880.0,5400.0,0.19,6799999.999999999,1.5E-6,0.14,0.14,0.0,690.0,1.7,0.0,1.2E-6,1.2E-18,7.9E7,1.0,1.7E9,
8.8E-42,0.0024,4800.0,12.0,42.0,6699999.999999999,710.0,2200.0,2900.0,880.0,5400.0,0.19,6799999.999999999,2.0E-6,0.14,0.14,0.0,680.0,1.7,0.0,1.2E-6,1.3E-18,7.1E7,1.0,1.7E9,
8.8E-42,0.0024,4800.0,12.0,42.0,6699999.999999999,710.0,2200.0,2900.0,880.0,5400.0,0.19,6799999.999999999,2.3E-6,0.14,0.14,0.0,680.0,1.7,0.0,1.2E-6,1.5E-18,6.8E7,1.0,1.7E9,
8.8E-42,0.0024,4800.0,12.0,42.0,6699999.999999999,710.0,2200.0,2900.0,880.0,5400.0,0.19,6799999.999999999,2.3E-6,0.14,0.14,0.0,680.0,1.7,0.0,1.2E-6,1.7E-18,6.7E7,1.0,1.7E9,
8.8E-42,0.0024,4800.0,12.0,42.0,6699999.999999999,710.0,2200.0,2900.0,880.0,5400.0,0.19,6799999.999999999,2.2E-6,0.14,0.14,0.0,680.0,1.7,0.0,1.2E-6,1.7E-18,6.8E7,1.0,1.7E9,
8.8E-42,0.0024,4800.0,12.0,42.0,6699999.999999999,710.0,2200.0,2900.0,880.0,5400.0,0.19,6799999.999999999,2.0E-6,0.14,0.14,0.0,680.0,1.7,0.0,1.2E-6,1.6E-18,7.1E7,1.0,1.7E9,
8.8E-42,0.0024,4800.0,12.0,42.0,6699999.999999999,710.0,2200.0,2900.0,880.0,5400.0,0.19,6799999.999999999,1.8E-6,0.14,0.14,0.0,670.0,1.7,0.0,1.2E-6,1.5E-18,7.3E7,1.0,1.7E9,
8.8E-42,0.0024,4800.0,12.0,42.0,6699999.999999999,710.0,2200.0,2900.0,880.0,5400.0,0.19,6799999.999999999,1.6E-6,0.14,0.14,0.0,670.0,1.7,0.0,1.2E-6,1.3E-18,7.7E7,1.0,1.7E9,
8.8E-42,0.0024,4800.0,12.0,42.0,6699999.999999999,710.0,2200.0,2900.0,880.0,5400.0,0.19,6799999.999999999,1.4E-6,0.14,0.14,0.0,660.0,1.7,0.0,1.2E-6,1.2E-18,8.0E7,1.0,1.7E9,
8.8E-42,0.0024,4800.0,12.0,42.0,6699999.999999999,710.0,2200.0,2900.0,880.0,5400.0,0.19,6799999.999999999,1.7E-6,0.14,0.14,0.0,660.0,1.7,0.0,1.2E-6,1.1E-18,7.5E7,1.0,1.7E9,
8.8E-42,0.0024,4800.0,12.0,42.0,6699999.999999999,710.0,2200.0,2900.0,880.0,5400.0,0.19,6799999.999999999,2.1E-6,0.14,0.14,0.0,650.0,1.7,0.0,1.2E-6,1.3E-18,7.0E7,1.0,1.7E9,
8.8E-42,0.0024,4800.0,12.0,42.0,6699999.999999999,710.0,2200.0,2900.0,880.0,5400.0,0.19,6799999.999999999,2.2E-6,0.14,0.14,0.0,640.0,1.7,0.0,1.2E-6,1.5E-18,6.9E7,1.0,1.7E9,
8.8E-42,0.0024,4800.0,12.0,42.0,6699999.999999999,710.0,2200.0,2900.0,880.0,5400.0,0.19,6799999.999999999,2.2E-6,0.14,0.14,0.0,640.0,1.7,0.0,1.2E-6,1.6E-18,6.9E7,1.0,1.7E9,
8.8E-42,0.0024,4800.0,12.0,42.0,6699999.999999999,710.0,2200.0,2900.0,880.0,5400.0,0.19,6799999.999999999,2.0E-6,0.14,0.14,0.0,630.0,1.7,0.0,1.2E-6,1.6E-18,7.1E7,1.0,1.7E9,
8.8E-42,0.0024,4800.0,12.0,42.0,6699999.999999999,710.0,2200.0,2900.0,880.0,5400.0,0.19,6799999.999999999,1.8E-6,0.14,0.14,0.0,620.0,1.7,0.0,1.2E-6,1.4E-18,7.4E7,1.0,1.7E9,
8.8E-42,0.0024,4800.0,12.0,42.0,6699999.999999999,710.0,2200.0,2900.0,880.0,5400.0,0.19,6799999.999999999,1.6E-6,0.14,0.14,0.0,620.0,1.7,0.0,1.2E-6,1.3E-18,7.7E7,1.0,1.7E9,
8.8E-42,0.0024,4800.0,12.0,42.0,6699999.999999999,710.0,2200.0,2900.0,880.0,5400.0,0.19,6799999.999999999,1.4E-6,0.14,0.14,0.0,610.0,1.7,0.0,1.2E-6,1.2E-18,8.0E7,1.0,1.7E9,
8.8E-42,0.0024,4800.0,12.0,42.0,6699999.999999999,710.0,2200.0,2900.0,880.0,5400.0,0.19,6799999.999999999,1.5E-6,0.14,0.14,0.0,610.0,1.7,0.0,1.2E-6,1.1E-18,7.9E7,1.0,1.7E9,
8.8E-42,0.0024,4800.0,12.0,42.0,6699999.999999999,710.0,2200.0,2900.0,880.0,5400.0,0.19,6799999.999999999,1.9E-6,0.14,0.14,0.0,590.0,1.7,0.0,1.2E-6,1.2E-18,7.2E7,1.0,1.7E9,
8.8E-42,0.0024,4800.0,12.0,42.0,6699999.999999999,710.0,2200.0,2900.0,880.0,5400.0,0.19,6799999.999999999,2.1E-6,0.14,0.14,0.0,590.0,1.7,0.0,1.2E-6,1.4E-18,7.0E7,1.0,1.7E9,
8.8E-42,0.0024,4800.0,12.0,42.0,6699999.999999999,710.0,2200.0,2900.0,880.0,5400.0,0.19,6799999.999999999,2.1E-6,0.14,0.14,0.0,580.0,1.7,0.0,1.2E-6,1.5E-18,7.0E7,1.0,1.7E9,
8.8E-42,0.0024,4800.0,12.0,42.0,6699999.999999999,710.0,2200.0,2900.0,880.0,5400.0,0.19,6799999.999999999,2.0E-6,0.14,0.14,0.0,570.0,1.7,0.0,1.2E-6,1.5E-18,7.1E7,1.0,1.7E9,
8.8E-42,0.0024,4800.0,12.0,42.0,6699999.999999999,710.0,2200.0,2900.0,880.0,5400.0,0.19,6799999.999999999,1.8E-6,0.14,0.14,0.0,570.0,1.7,0.0,1.2E-6,1.5E-18,7.3E7,1.0,1.7E9,
8.8E-42,0.0024,4800.0,12.0,42.0,6699999.999999999,710.0,2200.0,2900.0,880.0,5400.0,0.19,6799999.999999999,1.6E-6,0.14,0.14,0.0,570.0,1.7,0.0,1.2E-6,1.3E-18,7.6E7,1.0,1.7E9,
8.8E-42,0.0024,4800.0,12.0,42.0,6699999.999999999,710.0,2200.0,2900.0,880.0,5400.0,0.19,6799999.999999999,1.5E-6,0.14,0.14,0.0,570.0,1.7,0.0,1.2E-6,1.2E-18,8.0E7,1.0,1.7E9,
8.8E-42,0.0024,4800.0,12.0,42.0,6699999.999999999,710.0,2200.0,2900.0,880.0,5400.0,0.19,6799999.999999999,1.3E-6,0.14,0.14,0.0,560.0,1.7,0.0,1.2E-6,1.1E-18,8.3E7,1.0,1.7E9,
8.8E-42,0.0024,4800.0,12.0,42.0,6699999.999999999,710.0,2200.0,2900.0,880.0,5400.0,0.19,6699999.999999999,1.7E-6,0.14,0.14,0.0,560.0,1.7,0.0,1.2E-6,1.1E-18,7.5E7,1.0,1.6E9,
8.8E-42,0.0024,4800.0,12.0,42.0,6699999.999999999,710.0,2200.0,2900.0,880.0,5400.0,0.19,6699999.999999999,2.1E-6,0.14,0.14,0.0,560.0,1.7,0.0,1.2E-6,1.4E-18,6.8E7,1.0,1.6E9,
8.8E-42,0.0024,4800.0,12.0,42.0,6699999.999999999,710.0,2200.0,2900.0,880.0,5400.0,0.19,6699999.999999999,2.4E-6,0.14,0.14,0.0,560.0,1.7,0.0,1.2E-6,1.6E-18,6.6E7,1.0,1.6E9,
8.8E-42,0.0024,4800.0,12.0,42.0,6699999.999999999,710.0,2200.0,2900.0,880.0,5400.0,0.19,6699999.999999999,2.4E-6,0.14,0.14,0.0,560.0,1.7,0.0,1.2E-6,1.8E-18,6.6E7,1.0,1.6E9,
8.8E-42,0.0024,4800.0,12.0,42.0,6699999.999999999,710.0,2200.0,2900.0,880.0,5400.0,0.19,6699999.999999999,2.3E-6,0.14,0.14,0.0,560.0,1.7,0.0,1.2E-6,1.8E-18,6.7E7,1.0,1.6E9,
8.8E-42,0.0024,4800.0,12.0,42.0,6699999.999999999,710.0,2200.0,2900.0,880.0,5400.0,0.19,6699999.999999999,2.1E-6,0.14,0.14,0.0,560.0,1.7,0.0,1.2E-6,1.7E-18,6.9E7,1.0,1.6E9,
8.8E-42,0.0024,4800.0,12.0,42.0,6699999.999999999,710.0,2200.0,2900.0,880.0,5400.0,0.19,6699999.999999999,1.8E-6,0.14,0.14,0.0,560.0,1.7,0.0,1.2E-6,1.5E-18,7.2E7,1.0,1.6E9,
8.8E-42,0.0024,4800.0,12.0,42.0,6699999.999999999,710.0,2200.0,2900.0,880.0,5400.0,0.19,6699999.999999999,1.6E-6,0.14,0.14,0.0,560.0,1.7,0.0,1.2E-6,1.4E-18,7.6E7,1.0,1.6E9,
8.8E-42,0.0024,4800.0,12.0,42.0,6699999.999999999,710.0,2200.0,2900.0,880.0,5400.0,0.19,6699999.999999999,1.4E-6,0.14,0.14,0.0,550.0,1.7,0.0,1.2E-6,1.2E-18,7.9E7,1.0,1.6E9,
8.8E-42,0.0024,4800.0,12.0,42.0,6699999.999999999,710.0,2200.0,2900.0,880.0,5400.0,0.19,6699999.999999999,1.8E-6,0.14,0.14,0.0,530.0,1.7,0.0,1.2E-6,1.2E-18,7.3E7,1.0,1.6E9,
8.8E-42,0.0024,4800.0,12.0,42.0,6699999.999999999,710.0,2200.0,2900.0,880.0,5400.0,0.19,6699999.999999999,2.1E-6,0.14,0.14,0.0,530.0,1.7,0.0,1.2E-6,1.4E-18,6.8E7,1.0,1.6E9,
8.8E-42,0.0024,4800.0,12.0,42.0,6699999.999999999,710.0,2200.0,2900.0,880.0,5400.0,0.19,6699999.999999999,2.2E-6,0.14,0.14,0.0,530.0,1.7,0.0,1.2E-6,1.6E-18,6.7E7,1.0,1.6E9,
8.8E-42,0.0024,4800.0,12.0,42.0,6699999.999999999,710.0,2200.0,2900.0,880.0,5400.0,0.19,6699999.999999999,2.2E-6,0.14,0.14,0.0,530.0,1.7,0.0,1.2E-6,1.6E-18,6.8E7,1.0,1.6E9,
8.8E-42,0.0024,4800.0,12.0,42.0,6699999.999999999,710.0,2200.0,2900.0,880.0,5400.0,0.19,6699999.999999999,2.0E-6,0.14,0.14,0.0,530.0,1.7,0.0,1.2E-6,1.6E-18,7.0E7,1.0,1.6E9,
8.8E-42,0.0024,4800.0,12.0,42.0,6699999.999999999,710.0,2200.0,2900.0,880.0,5400.0,0.19,6699999.999999999,1.8E-6,0.14,0.14,0.0,520.0,1.7,0.0,1.2E-6,1.5E-18,7.3E7,1.0,1.6E9,
8.8E-42,0.0024,4800.0,12.0,42.0,6699999.999999999,710.0,2200.0,2900.0,880.0,5400.0,0.19,6699999.999999999,1.6E-6,0.14,0.14,0.0,520.0,1.7,0.0,1.2E-6,1.3E-18,7.6E7,1.0,1.6E9,
8.8E-42,0.0024,4800.0,12.0,42.0,6699999.999999999,710.0,2200.0,2900.0,880.0,5400.0,0.19,6699999.999999999,1.4E-6,0.14,0.14,0.0,520.0,1.7,0.0,1.2E-6,1.2E-18,8.0E7,1.0,1.6E9,
8.8E-42,0.0024,4800.0,12.0,42.0,6699999.999999999,710.0,2200.0,2900.0,880.0,5400.0,0.19,6699999.999999999,1.6E-6,0.14,0.14,0.0,520.0,1.7,0.0,1.2E-6,1.1E-18,7.6E7,1.0,1.6E9,
8.8E-42,0.0024,4800.0,12.0,42.0,6699999.999999999,710.0,2200.0,2900.0,880.0,5400.0,0.19,6699999.999999999,2.0E-6,0.14,0.14,0.0,520.0,1.7,0.0,1.2E-6,1.3E-18,7.1E7,1.0,1.6E9,
8.8E-42,0.0024,4800.0,12.0,42.0,6699999.999999999,710.0,2200.0,2900.0,880.0,5400.0,0.19,6699999.999999999,2.1E-6,0.14,0.14,0.0,520.0,1.7,0.0,1.2E-6,1.5E-18,6.9E7,1.0,1.6E9,
8.8E-42,0.0024,4800.0,12.0,42.0,6699999.999999999,710.0,2200.0,2900.0,880.0,5400.0,0.19,6699999.999999999,2.1E-6,0.14,0.14,0.0,520.0,1.7,0.0,1.2E-6,1.6E-18,6.9E7,1.0,1.6E9,
8.8E-42,0.0024,4800.0,12.0,42.0,6699999.999999999,710.0,2200.0,2900.0,880.0,5400.0,0.19,6699999.999999999,2.0E-6,0.14,0.14,0.0,510.0,1.7,0.0,1.2E-6,1.6E-18,7.0E7,1.0,1.6E9,
8.8E-42,0.0024,4800.0,12.0,42.0,6699999.999999999,710.0,2200.0,2900.0,880.0,5400.0,0.19,6699999.999999999,1.8E-6,0.14,0.14,0.0,510.0,1.7,0.0,1.2E-6,1.5E-18,7.3E7,1.0,1.6E9,
8.8E-42,0.0024,4800.0,12.0,42.0,6699999.999999999,710.0,2200.0,2900.0,880.0,5400.0,0.19,6699999.999999999,1.6E-6,0.14,0.14,0.0,510.0,1.7,0.0,1.2E-6,1.3E-18,7.6E7,1.0,1.6E9,
8.8E-42,0.0024,4800.0,12.0,42.0,6699999.999999999,710.0,2200.0,2900.0,880.0,5400.0,0.19,6699999.999999999,1.4E-6,0.14,0.14,0.0,500.0,1.7,0.0,1.2E-6,1.2E-18,7.9E7,1.0,1.6E9,
8.8E-42,0.0024,4800.0,12.0,42.0,6699999.999999999,710.0,2200.0,2900.0,880.0,5400.0,0.19,6699999.999999999,1.4E-6,0.14,0.14,0.0,500.0,1.7,0.0,1.2E-6,1.1E-18,8.0E7,1.0,1.6E9,
8.8E-42,0.0024,4800.0,12.0,42.0,6699999.999999999,710.0,2200.0,2900.0,880.0,5400.0,0.19,6699999.999999999,1.8E-6,0.14,0.14,0.0,490.0,1.7,0.0,1.2E-6,1.2E-18,7.3E7,1.0,1.6E9,
8.8E-42,0.0024,4800.0,12.0,42.0,6699999.999999999,710.0,2200.0,2900.0,880.0,5400.0,0.19,6699999.999999999,2.1E-6,0.14,0.14,0.0,490.0,1.7,0.0,1.2E-6,1.4E-18,6.9E7,1.0,1.6E9,
8.8E-42,0.0024,4800.0,12.0,42.0,6699999.999999999,710.0,2200.0,2900.0,880.0,5400.0,0.19,6699999.999999999,2.1E-6,0.14,0.14,0.0,490.0,1.7,0.0,1.2E-6,1.5E-18,6.9E7,1.0,1.6E9,
8.8E-42,0.0024,4800.0,12.0,42.0,6699999.999999999,710.0,2200.0,2900.0,880.0,5400.0,0.19,6699999.999999999,2.0E-6,0.14,0.14,0.0,490.0,1.7,0.0,1.2E-6,1.5E-18,7.0E7,1.0,1.6E9,
8.8E-42,0.0024,4800.0,12.0,42.0,6699999.999999999,710.0,2200.0,2900.0,880.0,5400.0,0.19,6699999.999999999,1.8E-6,0.14,0.14,0.0,490.0,1.7,0.0,1.2E-6,1.5E-18,7.2E7,1.0,1.6E9,
8.8E-42,0.0024,4800.0,12.0,42.0,6699999.999999999,710.0,2200.0,2900.0,880.0,5400.0,0.19,6699999.999999999,1.6E-6,0.14,0.14,0.0,490.0,1.7,0.0,1.2E-6,1.4E-18,7.5E7,1.0,1.6E9,
8.8E-42,0.0024,4800.0,12.0,42.0,6699999.999999999,710.0,2200.0,2900.0,880.0,5400.0,0.19,6699999.999999999,1.5E-6,0.14,0.14,0.0,480.0,1.7,0.0,1.2E-6,1.2E-18,7.8E7,1.0,1.6E9,
8.8E-42,0.0024,4800.0,12.0,42.0,6699999.999999999,710.0,2200.0,2900.0,880.0,5400.0,0.19,6699999.999999999,1.3E-6,0.14,0.14,0.0,480.0,1.7,0.0,1.2E-6,1.1E-18,8.2E7,1.0,1.6E9,
8.8E-42,0.0024,4800.0,12.0,42.0,6699999.999999999,710.0,2200.0,2900.0,880.0,5400.0,0.19,6699999.999999999,1.7E-6,0.14,0.14,0.0,470.0,1.7,0.0,1.2E-6,1.1E-18,7.5E7,1.0,1.6E9,
8.8E-42,0.0024,4800.0,12.0,42.0,6699999.999999999,710.0,2200.0,2900.0,880.0,5400.0,0.19,6699999.999999999,2.0E-6,0.14,0.14,0.0,470.0,1.7,0.0,1.2E-6,1.3E-18,7.0E7,1.0,1.6E9,
8.8E-42,0.0024,4800.0,12.0,42.0,6699999.999999999,710.0,2200.0,2900.0,880.0,5400.0,0.19,6699999.999999999,2.1E-6,0.14,0.14,0.0,470.0,1.7,0.0,1.2E-6,1.5E-18,6.9E7,1.0,1.6E9,
8.8E-42,0.0024,4800.0,12.0,42.0,6699999.999999999,710.0,2200.0,2900.0,880.0,5400.0,0.19,6699999.999999999,2.0E-6,0.14,0.14,0.0,470.0,1.7,0.0,1.2E-6,1.5E-18,7.0E7,1.0,1.6E9,
8.8E-42,0.0024,4800.0,12.0,42.0,6699999.999999999,710.0,2200.0,2900.0,880.0,5400.0,0.19,6699999.999999999,1.9E-6,0.14,0.14,0.0,470.0,1.7,0.0,1.2E-6,1.5E-18,7.2E7,1.0,1.6E9,
8.7E-42,0.0024,4800.0,12.0,42.0,6699999.999999999,710.0,2200.0,2900.0,880.0,5400.0,0.19,6699999.999999999,2.1E-6,0.14,0.14,0.0,470.0,1.7,0.0,1.2E-6,1.5E-18,6.8E7,1.0,1.6E9,
8.7E-42,0.0024,4800.0,12.0,42.0,6699999.999999999,710.0,2200.0,2900.0,880.0,5400.0,0.19,6699999.999999999,2.6E-6,0.14,0.14,0.0,460.0,1.7,0.0,1.2E-6,1.8E-18,6.3E7,1.0,1.6E9,
8.7E-42,0.0024,4800.0,12.0,42.0,6699999.999999999,710.0,2200.0,2900.0,880.0,5400.0,0.19,6699999.999999999,2.7E-6,0.14,0.14,0.0,460.0,1.7,0.0,1.2E-6,2.0E-18,6.2E7,1.0,1.6E9,
8.5E-41,0.055,49000.0,170000.0,3100.0,8099999.999999999,11000.0,2200.0,2900.0,880.0,5400.0,0.19,8400000.0,7.6E-6,0.3,0.3,0.0,610.0,3.7,4.2,1.5E-6,1.1E-12,5.8E7,1.0,1.7E9,
5.9E-42,0.0037,1100.0,1400.0,3100.0,8099999.999999999,3000.0,2200.0,2900.0,880.0,5400.0,0.19,8099999.999999999,8.2E-6,0.13,0.13,0.0,610.0,3.6,0.58,1.5E-6,5.2E-14,5.6E7,1.0,1.6E9,
5.799999999999999E-42,0.0037,1100.0,1400.0,3100.0,7999999.999999999,3000.0,2200.0,2900.0,880.0,5400.0,0.19,7999999.999999999,9.1E-6,0.13,0.13,0.0,610.0,3.6,0.029,1.5E-6,2.8E-14,5.4E7,1.0,1.6E9,
5.7E-42,0.0036,1100.0,1400.0,3100.0,7699999.999999999,3000.0,2200.0,2900.0,880.0,5400.0,0.19,7699999.999999999,1.1E-5,0.13,0.13,0.0,600.0,3.5,2.0E-4,1.5E-6,1.0E-14,5.0E7,1.0,1.6E9,
5.6E-42,0.0036,1100.0,1400.0,3100.0,7499999.999999999,3000.0,2200.0,2900.0,880.0,5400.0,0.19,7499999.999999999,1.2E-5,0.13,0.13,0.0,600.0,3.4,1.3E-6,1.5E-6,3.7E-15,4.7E7,1.0,1.6E9,
5.6E-42,0.0036,1100.0,1400.0,3100.0,7499999.999999999,3000.0,2200.0,2900.0,880.0,5400.0,0.19,7499999.999999999,1.4E-5,0.13,0.13,0.0,600.0,3.4,9.1E-9,1.5E-6,1.4E-15,4.6E7,1.0,1.6E9,
5.5E-42,0.0035,1100.0,1400.0,3100.0,7399999.999999999,3000.0,2200.0,2900.0,880.0,5400.0,0.19,7399999.999999999,1.5E-5,0.13,0.13,0.0,590.0,3.4,6.2E-11,1.5E-6,5.1E-16,4.4E7,1.0,1.6E9,
5.5E-42,0.0035,1100.0,1400.0,3100.0,7299999.999999999,3000.0,2200.0,2900.0,880.0,5400.0,0.19,7399999.999999999,1.6E-5,0.13,0.13,0.0,590.0,3.4,4.2E-13,1.5E-6,1.9E-16,4.3E7,1.0,1.6E9,
5.3E-42,0.0034,1100.0,1400.0,3100.0,6899999.999999999,3000.0,2200.0,2900.0,880.0,5400.0,0.19,6999999.999999999,1.6E-5,0.12,0.12,0.0,590.0,3.2,2.1E-14,1.4E-6,1.1E-16,4.2E7,1.0,1.6E9,
5.2E-42,0.0033,1100.0,1400.0,3100.0,6799999.999999999,3000.0,2200.0,2900.0,880.0,5400.0,0.19,6799999.999999999,1.7E-5,0.12,0.12,0.0,580.0,3.2,1.1E-15,1.4E-6,6.6E-17,4.1E7,1.0,1.6E9,
5.2E-42,0.0033,1100.0,1400.0,3100.0,6699999.999999999,3000.0,2200.0,2900.0,880.0,5400.0,0.19,6699999.999999999,1.8E-5,0.12,0.12,0.0,580.0,3.1,2.7E-18,1.4E-6,3.1E-17,4.0E7,1.0,1.6E9,
5.2E-42,0.0033,1100.0,1400.0,3100.0,6699999.999999999,3000.0,2200.0,2900.0,880.0,5400.0,0.19,6699999.999999999,1.7E-5,0.12,0.12,0.0,580.0,3.1,6.8E-21,1.4E-6,2.0E-17,4.0E7,1.0,1.6E9,
5.2E-42,0.0033,1100.0,1400.0,3100.0,6699999.999999999,3000.0,2200.0,2900.0,880.0,5400.0,0.19,6699999.999999999,1.5E-5,0.12,0.12,0.0,580.0,3.1,1.7E-23,1.4E-6,1.6E-17,4.2E7,1.0,1.6E9,
5.2E-42,0.0033,1100.0,1400.0,3100.0,6699999.999999999,3000.0,2200.0,2900.0,880.0,5400.0,0.19,6699999.999999999,1.3E-5,0.12,0.12,0.0,560.0,3.1,4.3E-26,1.4E-6,1.3E-17,4.5E7,1.0,1.6E9,
5.2E-42,0.0033,1100.0,1400.0,3100.0,6699999.999999999,3000.0,2200.0,2900.0,880.0,5400.0,0.19,6699999.999999999,1.1E-5,0.12,0.12,0.0,560.0,3.1,1.5000000000000002E-28,1.4E-6,1.1E-17,4.8E7,1.0,1.6E9,
5.2E-42,0.0033,1100.0,1400.0,3100.0,6699999.999999999,3000.0,2200.0,2900.0,880.0,5400.0,0.19,6699999.999999999,8.8E-6,0.12,0.12,0.0,550.0,3.1,2.4E-29,1.4E-6,9.3E-18,5.1E7,1.0,1.6E9,
5.2E-42,0.0033,1100.0,1400.0,3100.0,6699999.999999999,3000.0,2200.0,2900.0,880.0,5400.0,0.19,6699999.999999999,7.3E-6,0.12,0.12,0.0,550.0,3.1,5.0000000000000004E-30,1.4E-6,7.7E-18,5.5E7,1.0,1.6E9,
5.2E-42,0.0033,1100.0,1400.0,3100.0,6699999.999999999,3000.0,2200.0,2900.0,880.0,5400.0,0.19,6699999.999999999,6.8E-6,0.12,0.12,0.0,540.0,3.1,0.0,1.4E-6,6.6E-18,5.6E7,1.0,1.6E9,
5.2E-42,0.0033,1100.0,1400.0,3100.0,6699999.999999999,3000.0,2200.0,2900.0,880.0,5400.0,0.19,6699999.999999999,8.0E-6,0.12,0.12,0.0,530.0,3.1,0.0,1.4E-6,6.7E-18,5.3E7,1.0,1.6E9,
5.2E-42,0.0033,1100.0,1400.0,3100.0,6699999.999999999,3000.0,2200.0,2900.0,880.0,5400.0,0.19,6699999.999999999,8.2E-6,0.12,0.12,0.0,530.0,3.1,0.0,1.4E-6,7.1E-18,5.2E7,1.0,1.6E9,
5.2E-42,0.0033,1100.0,1400.0,3100.0,6699999.999999999,3000.0,2200.0,2900.0,880.0,5400.0,0.19,6699999.999999999,7.7E-6,0.12,0.12,0.0,530.0,3.1,0.0,1.4E-6,7.0E-18,5.3E7,1.0,1.6E9,
5.2E-42,0.0033,1100.0,1400.0,3100.0,6699999.999999999,3000.0,2200.0,2900.0,880.0,5400.0,0.19,6699999.999999999,6.9E-6,0.12,0.12,0.0,530.0,3.1,0.0,1.4E-6,6.6E-18,5.6E7,1.0,1.6E9,
5.2E-42,0.0033,1100.0,1400.0,3100.0,6699999.999999999,3000.0,2200.0,2900.0,880.0,5400.0,0.19,6699999.999999999,6.0E-6,0.12,0.12,0.0,520.0,3.1,0.0,1.4E-6,5.9E-18,5.8E7,1.0,1.6E9,
5.2E-42,0.0033,1100.0,1400.0,3100.0,6699999.999999999,3000.0,2200.0,2900.0,880.0,5400.0,0.19,6699999.999999999,5.2E-6,0.12,0.12,0.0,520.0,3.1,0.0,1.4E-6,5.2E-18,6.2E7,1.0,1.6E9,
5.2E-42,0.0033,1100.0,1400.0,3100.0,6699999.999999999,3000.0,2200.0,2900.0,880.0,5400.0,0.19,6699999.999999999,4.5E-6,0.12,0.12,0.0,520.0,3.1,0.0,1.4E-6,4.5E-18,6.5E7,1.0,1.6E9,
5.2E-42,0.0033,1100.0,1400.0,3100.0,6699999.999999999,3000.0,2200.0,2900.0,880.0,5400.0,0.19,6699999.999999999,3.8E-6,0.12,0.12,0.0,520.0,3.1,0.0,1.4E-6,3.9E-18,6.9E7,1.0,1.6E9,
5.2E-42,0.0033,1100.0,1400.0,3100.0,6699999.999999999,3000.0,2200.0,2900.0,880.0,5400.0,0.19,6699999.999999999,4.7E-6,0.12,0.12,0.0,520.0,3.1,0.0,1.4E-6,3.8E-18,6.4E7,1.0,1.6E9,
5.2E-42,0.0033,1100.0,1400.0,3100.0,6699999.999999999,3000.0,2200.0,2900.0,880.0,5400.0,0.19,6699999.999999999,5.3E-6,0.12,0.12,0.0,510.0,3.1,0.0,1.4E-6,4.3E-18,6.1E7,1.0,1.6E9,
5.2E-42,0.0033,1100.0,1400.0,3100.0,6699999.999999999,3000.0,2200.0,2900.0,880.0,5400.0,0.19,6699999.999999999,5.4E-6,0.12,0.12,0.0,510.0,3.1,0.0,1.4E-6,4.7E-18,6.1E7,1.0,1.6E9,
5.2E-42,0.0033,1100.0,1400.0,3100.0,6699999.999999999,3000.0,2200.0,2900.0,880.0,5400.0,0.19,6699999.999999999,5.1E-6,0.12,0.12,0.0,510.0,3.1,0.0,1.4E-6,4.7E-18,6.2E7,1.0,1.6E9,
5.2E-42,0.0033,1100.0,1400.0,3100.0,6699999.999999999,3000.0,2200.0,2900.0,880.0,5400.0,0.19,6699999.999999999,4.6E-6,0.12,0.12,0.0,510.0,3.1,0.0,1.4E-6,4.4E-18,6.4E7,1.0,1.6E9,
5.2E-42,0.0033,1100.0,1400.0,3100.0,6699999.999999999,3000.0,2200.0,2900.0,880.0,5400.0,0.19,6699999.999999999,4.1E-6,0.12,0.12,0.0,510.0,3.1,0.0,1.4E-6,4.0E-18,6.7E7,1.0,1.6E9,
5.2E-42,0.0033,1100.0,1400.0,3100.0,6699999.999999999,3000.0,2200.0,2900.0,880.0,5400.0,0.19,6699999.999999999,3.6E-6,0.12,0.12,0.0,510.0,3.1,0.0,1.4E-6,3.5E-18,7.0E7,1.0,1.6E9,
5.2E-42,0.0033,1100.0,1400.0,3100.0,6699999.999999999,3000.0,2200.0,2900.0,880.0,5400.0,0.19,6699999.999999999,3.1E-6,0.12,0.12,0.0,510.0,3.1,0.0,1.4E-6,3.1E-18,7.4E7,1.0,1.6E9,
5.2E-42,0.0033,1100.0,1400.0,3100.0,6699999.999999999,3000.0,2200.0,2900.0,880.0,5400.0,0.19,6699999.999999999,3.5E-6,0.12,0.12,0.0,500.0,3.1,0.0,1.4E-6,2.9E-18,7.1E7,1.0,1.6E9,
5.2E-42,0.0033,1100.0,1400.0,3100.0,6699999.999999999,3000.0,2200.0,2900.0,880.0,5400.0,0.19,6699999.999999999,4.2E-6,0.12,0.12,0.0,500.0,3.1,0.0,1.4E-6,3.3E-18,6.6E7,1.0,1.6E9,
5.2E-42,0.0033,1100.0,1400.0,3100.0,6699999.999999999,3000.0,2200.0,2900.0,880.0,5400.0,0.19,6699999.999999999,4.5E-6,0.12,0.12,0.0,500.0,3.1,0.0,1.4E-6,3.8E-18,6.5E7,1.0,1.6E9,
5.2E-42,0.0033,1100.0,1400.0,3100.0,6699999.999999999,3000.0,2200.0,2900.0,880.0,5400.0,0.19,6699999.999999999,4.5E-6,0.12,0.12,0.0,500.0,3.1,0.0,1.4E-6,3.9E-18,6.5E7,1.0,1.6E9,
5.2E-42,0.0033,1100.0,1400.0,3100.0,6699999.999999999,3000.0,2200.0,2900.0,880.0,5400.0,0.19,6699999.999999999,4.1E-6,0.12,0.12,0.0,500.0,3.1,0.0,1.4E-6,3.8E-18,6.7E7,1.0,1.6E9,
5.2E-42,0.0033,1100.0,1400.0,3100.0,6699999.999999999,3000.0,2200.0,2900.0,880.0,5400.0,0.19,6699999.999999999,3.7E-6,0.12,0.12,0.0,500.0,3.1,0.0,1.4E-6,3.6E-18,6.9E7,1.0,1.6E9,
5.2E-42,0.0033,1100.0,1400.0,3100.0,6699999.999999999,3000.0,2200.0,2900.0,880.0,5400.0,0.19,6699999.999999999,3.3E-6,0.12,0.12,0.0,500.0,3.1,0.0,1.4E-6,3.2E-18,7.2E7,1.0,1.6E9,
5.2E-42,0.0033,1100.0,1400.0,3100.0,6699999.999999999,3000.0,2200.0,2900.0,880.0,5400.0,0.19,6699999.999999999,2.9E-6,0.12,0.12,0.0,500.0,3.1,0.0,1.4E-6,2.9E-18,7.6E7,1.0,1.6E9,
5.2E-42,0.0033,1100.0,1400.0,3100.0,6699999.999999999,3000.0,2200.0,2900.0,880.0,5400.0,0.19,6699999.999999999,2.8E-6,0.12,0.12,0.0,500.0,3.1,0.0,1.4E-6,2.5E-18,7.7E7,1.0,1.6E9,
5.2E-42,0.0033,1100.0,1400.0,3100.0,6699999.999999999,3000.0,2200.0,2900.0,880.0,5400.0,0.19,6699999.999999999,3.6E-6,0.12,0.12,0.0,500.0,3.1,0.0,1.4E-6,2.8E-18,7.0E7,1.0,1.6E9,
5.2E-42,0.0033,1100.0,1400.0,3100.0,6699999.999999999,3000.0,2200.0,2900.0,880.0,5400.0,0.19,6699999.999999999,4.1E-6,0.12,0.12,0.0,500.0,3.1,0.0,1.4E-6,3.3E-18,6.7E7,1.0,1.6E9,
5.2E-42,0.0033,1100.0,1400.0,3100.0,6699999.999999999,3000.0,2200.0,2900.0,880.0,5400.0,0.19,6699999.999999999,4.2E-6,0.12,0.12,0.0,500.0,3.1,0.0,1.4E-6,3.6E-18,6.7E7,1.0,1.6E9,
5.2E-42,0.0033,1100.0,1400.0,3100.0,6699999.999999999,3000.0,2200.0,2900.0,880.0,5400.0,0.19,6699999.999999999,3.9E-6,0.12,0.12,0.0,500.0,3.1,0.0,1.4E-6,3.6E-18,6.8E7,1.0,1.6E9,
5.2E-42,0.0033,1100.0,1400.0,3100.0,6699999.999999999,3000.0,2200.0,2900.0,880.0,5400.0,0.19,6699999.999999999,3.6E-6,0.12,0.12,0.0,490.0,3.1,0.0,1.4E-6,3.4E-18,7.0E7,1.0,1.6E9,
5.2E-42,0.0033,1100.0,1400.0,3100.0,6699999.999999999,3000.0,2200.0,2900.0,880.0,5400.0,0.19,6699999.999999999,3.2E-6,0.12,0.12,0.0,480.0,3.1,0.0,1.4E-6,3.1E-18,7.3E7,1.0,1.6E9,
5.2E-42,0.0033,1100.0,1400.0,3100.0,6699999.999999999,3000.0,2200.0,2900.0,880.0,5400.0,0.19,6699999.999999999,2.9E-6,0.12,0.12,0.0,480.0,3.1,0.0,1.4E-6,2.8E-18,7.6E7,1.0,1.6E9,
5.2E-42,0.0033,1100.0,1400.0,3100.0,6699999.999999999,3000.0,2200.0,2900.0,880.0,5400.0,0.19,6699999.999999999,2.5E-6,0.12,0.12,0.0,480.0,3.1,0.0,1.4E-6,2.5E-18,8.0E7,1.0,1.6E9,
5.2E-42,0.0033,1100.0,1400.0,3100.0,6699999.999999999,3000.0,2200.0,2900.0,880.0,5400.0,0.19,6699999.999999999,3.2E-6,0.12,0.12,0.0,480.0,3.1,0.0,1.4E-6,2.5E-18,7.3E7,1.0,1.6E9,
5.2E-42,0.0033,1100.0,1400.0,3100.0,6699999.999999999,3000.0,2200.0,2900.0,880.0,5400.0,0.19,6699999.999999999,3.8E-6,0.12,0.12,0.0,470.0,3.1,0.0,1.4E-6,3.0E-18,6.9E7,1.0,1.6E9,
5.2E-42,0.0033,1100.0,1400.0,3100.0,6699999.999999999,3000.0,2200.0,2900.0,880.0,5400.0,0.19,6699999.999999999,4.0E-6,0.12,0.12,0.0,470.0,3.1,0.0,1.4E-6,3.4E-18,6.8E7,1.0,1.6E9,
5.2E-42,0.0033,1100.0,1400.0,3100.0,6699999.999999999,3000.0,2200.0,2900.0,880.0,5400.0,0.19,6699999.999999999,3.9E-6,0.12,0.12,0.0,460.0,3.1,0.0,1.4E-6,3.5E-18,6.8E7,1.0,1.6E9,
5.2E-42,0.0033,1100.0,1400.0,3100.0,6699999.999999999,3000.0,2200.0,2900.0,880.0,5400.0,0.19,6699999.999999999,3.6E-6,0.12,0.12,0.0,450.0,3.1,0.0,1.4E-6,3.3E-18,7.0E7,1.0,1.6E9,
8.5E-41,0.058,45000.0,130000.0,72000.0,8700000.0,15000.0,2200.0,2900.0,880.0,5400.0,0.19,8900000.0,2.2E-5,0.29,0.29,0.0,550.0,17.0,0.78,1.8E-6,2.8E-12,6.5E7,1.0,1.7E9,
5.4E-41,0.036,7500.0,120000.0,1500.0,8600000.0,15000.0,2200.0,2900.0,880.0,5400.0,0.19,8800000.0,4.3E-6,0.28,0.28,0.0,550.0,2.2,0.0061,1.8E-6,6.5E-13,5.9E7,1.0,1.7E9,
3.1E-41,0.021,7500.0,67000.0,1500.0,8600000.0,15000.0,2200.0,2900.0,880.0,5400.0,0.19,8700000.0,4.9E-6,0.22,0.22,0.0,550.0,2.2,3.1E-4,1.7E-6,2.1E-13,5.6E7,1.0,1.7E9,
4.6E-42,0.0031,7500.0,1300.0,1500.0,8500000.0,2600.0,2200.0,2900.0,880.0,5400.0,0.19,8500000.0,8.4E-7,0.15,0.15,0.0,550.0,2.1,6.0E-6,1.7E-6,1.4E-14,5.3E7,1.0,1.7E9,
4.3E-42,0.0029,7500.0,1300.0,1500.0,7799999.999999999,2600.0,2200.0,2900.0,880.0,5400.0,0.19,7799999.999999999,6.1E-6,0.14,0.14,0.0,550.0,2.0,1.1E-7,1.7E-6,5.8E-15,5.0E7,1.0,1.6E9,
4.2E-42,0.0029,7500.0,1300.0,1500.0,7599999.999999999,2600.0,2200.0,2900.0,880.0,5400.0,0.19,7699999.999999999,6.8E-6,0.14,0.14,0.0,540.0,1.9,2.0E-9,1.7E-6,2.6E-15,4.8E7,1.0,1.6E9,
7.9E-42,0.018,46000.0,15000.0,12000.0,8800000.0,5100.0,2200.0,2900.0,880.0,5400.0,0.19,8900000.0,0.17,0.17,0.17,0.0,570.0,13.0,70.0,1.8E-6,2.0E-13,4.8E7,1.0,1.7E9,
3.4E-42,0.0076,2800.0,2500.0,4100.0,8700000.0,5100.0,2200.0,2900.0,880.0,5400.0,0.19,8700000.0,3.2E-5,0.15,0.15,0.0,570.0,8.0,1.3,1.8E-6,4.0E-14,4.6E7,1.0,1.7E9,
3.4E-42,0.0075,2800.0,2500.0,4100.0,8600000.0,5100.0,2200.0,2900.0,880.0,5400.0,0.19,8700000.0,3.6E-5,0.15,0.15,0.0,570.0,7.9,0.024,1.8E-6,1.8E-14,4.4E7,1.0,1.7E9,
3.3E-42,0.0074,2800.0,2500.0,4100.0,8299999.999999999,5100.0,2200.0,2900.0,880.0,5400.0,0.19,8400000.0,3.8E-5,0.15,0.15,0.0,560.0,7.7,0.0012,1.8E-6,9.6E-15,4.3E7,1.0,1.7E9,
3.2E-42,0.0072,2800.0,2500.0,4100.0,7999999.999999999,5100.0,2200.0,2900.0,870.0,5400.0,0.19,7999999.999999999,3.8E-5,0.14,0.14,0.0,550.0,7.6,1.6E-4,1.8E-6,6.3E-15,4.2E7,1.0,1.7E9,
3.2E-42,0.0072,2800.0,2500.0,4100.0,7899999.999999999,5000.0,2200.0,2900.0,870.0,5400.0,0.19,7999999.999999999,4.1E-5,0.14,0.14,0.0,550.0,7.5,4.1E-7,1.8E-6,1.9E-15,4.1E7,1.0,1.7E9,
3.2E-42,0.0071,2800.0,2500.0,4100.0,7799999.999999999,5000.0,2200.0,2900.0,870.0,5400.0,0.19,7799999.999999999,4.3E-5,0.14,0.14,0.0,560.0,7.4,7.6E-9,1.8E-6,8.8E-16,4.0E7,1.0,1.7E9,
3.1E-42,0.0069,2800.0,2500.0,4100.0,7399999.999999999,5000.0,2200.0,2900.0,870.0,5400.0,0.19,7399999.999999999,4.4E-5,0.14,0.14,0.0,560.0,7.2,1.4E-10,1.8E-6,4.1E-16,3.9E7,1.0,1.6E9,
3.0E-42,0.0067,2800.0,2500.0,4100.0,7099999.999999999,5000.0,2200.0,2900.0,870.0,5300.0,0.19,7099999.999999999,4.5E-5,0.13,0.13,0.0,550.0,6.9,2.6E-12,1.8E-6,2.1E-16,3.8E7,1.0,1.6E9,
3.0E-42,0.0066,2800.0,2500.0,4100.0,6699999.999999999,5000.0,2200.0,2900.0,870.0,5300.0,0.19,6699999.999999999,4.5E-5,0.13,0.13,0.0,550.0,6.7,1.8E-14,1.8E-6,1.0E-16,3.8E7,1.0,1.6E9,
3.0E-42,0.0066,2800.0,2500.0,4100.0,6699999.999999999,5000.0,2200.0,2900.0,870.0,5300.0,0.19,6699999.999999999,4.2E-5,0.13,0.13,0.0,540.0,6.7,4.5E-17,1.8E-6,6.4E-17,3.9E7,1.0,1.6E9,
3.0E-42,0.0066,2800.0,2500.0,4100.0,6699999.999999999,5000.0,2200.0,2900.0,870.0,5300.0,0.19,6699999.999999999,3.6E-5,0.13,0.13,0.0,540.0,6.7,1.2E-19,1.8E-6,4.9E-17,4.1E7,1.0,1.6E9,
3.0E-42,0.0066,2800.0,2500.0,4100.0,6699999.999999999,5000.0,2200.0,2900.0,870.0,5300.0,0.19,6699999.999999999,3.0E-5,0.13,0.13,0.0,540.0,6.7,2.8999999999999997E-22,1.8E-6,3.9E-17,4.4E7,1.0,1.6E9,
3.0E-42,0.0066,2800.0,2500.0,4100.0,6699999.999999999,5000.0,2200.0,2900.0,870.0,5300.0,0.19,6699999.999999999,2.5E-5,0.13,0.13,0.0,530.0,6.7,1.3999999999999999E-24,1.8E-6,3.2E-17,4.7E7,1.0,1.6E9,
3.0E-42,0.0066,2800.0,2500.0,4100.0,6699999.999999999,5000.0,2200.0,2900.0,870.0,5300.0,0.19,6699999.999999999,2.0E-5,0.13,0.13,0.0,530.0,6.7,9.999999999999999E-26,1.8E-6,2.6E-17,5.0E7,1.0,1.6E9,
3.0E-42,0.0066,2800.0,2500.0,4100.0,6699999.999999999,5000.0,2200.0,2900.0,870.0,5300.0,0.19,6699999.999999999,1.7E-5,0.13,0.13,0.0,520.0,6.7,0.0,1.8E-6,2.2E-17,5.4E7,1.0,1.6E9,
3.0E-42,0.0066,2800.0,2500.0,4100.0,6699999.999999999,5000.0,2200.0,2900.0,870.0,5300.0,0.19,6699999.999999999,1.4E-5,0.13,0.13,0.0,520.0,6.7,2.3E-26,1.8E-6,1.8E-17,5.8E7,1.0,1.6E9,
3.0E-42,0.0066,2800.0,2500.0,4100.0,6699999.999999999,5000.0,2200.0,2900.0,870.0,5300.0,0.19,6699999.999999999,1.3E-5,0.13,0.13,0.0,520.0,6.7,0.0,1.8E-6,1.5E-17,5.8E7,1.0,1.6E9,
3.0E-42,0.0066,2800.0,2500.0,4100.0,6699999.999999999,5000.0,2200.0,2900.0,870.0,5300.0,0.19,6699999.999999999,1.6E-5,0.13,0.13,0.0,520.0,6.7,0.0,1.8E-6,1.6E-17,5.5E7,1.0,1.6E9,
3.0E-42,0.0066,2800.0,2500.0,4100.0,6699999.999999999,5000.0,2200.0,2900.0,870.0,5300.0,0.19,6699999.999999999,1.6E-5,0.13,0.13,0.0,510.0,6.7,0.0,1.8E-6,1.7E-17,5.5E7,1.0,1.6E9,
3.0E-42,0.0066,2800.0,2500.0,4100.0,6699999.999999999,5000.0,2200.0,2900.0,870.0,5300.0,0.19,6699999.999999999,1.5E-5,0.13,0.13,0.0,510.0,6.7,0.0,1.8E-6,1.7E-17,5.6E7,1.0,1.6E9,
3.0E-42,0.0066,2800.0,2500.0,4100.0,6699999.999999999,5000.0,2200.0,2900.0,870.0,5300.0,0.19,6699999.999999999,1.4E-5,0.13,0.13,0.0,510.0,6.7,0.0,1.8E-6,1.6E-17,5.8E7,1.0,1.6E9,
3.0E-42,0.0066,2800.0,2500.0,4100.0,6699999.999999999,5000.0,2200.0,2900.0,870.0,5300.0,0.19,6699999.999999999,1.2E-5,0.13,0.13,0.0,510.0,6.7,0.0,1.8E-6,1.4E-17,6.1E7,1.0,1.6E9,
3.0E-42,0.0066,2800.0,2500.0,4100.0,6699999.999999999,5000.0,2200.0,2900.0,870.0,5300.0,0.19,6699999.999999999,1.0E-5,0.13,0.13,0.0,510.0,6.7,0.0,1.8E-6,1.3E-17,6.4E7,1.0,1.6E9,
3.0E-42,0.0066,2800.0,2500.0,4100.0,6699999.999999999,5000.0,2200.0,2900.0,870.0,5300.0,0.19,6699999.999999999,8.8E-6,0.13,0.13,0.0,500.0,6.7,0.0,1.8E-6,1.1E-17,6.8E7,1.0,1.6E9,
3.0E-42,0.0066,2800.0,2500.0,4100.0,6699999.999999999,5000.0,2200.0,2900.0,870.0,5300.0,0.19,6699999.999999999,7.6E-6,0.13,0.13,0.0,500.0,6.7,0.0,1.8E-6,9.4E-18,7.1E7,1.0,1.6E9,
3.0E-42,0.0066,2800.0,2500.0,4100.0,6699999.999999999,5000.0,2200.0,2900.0,870.0,5300.0,0.19,6699999.999999999,1.0E-5,0.13,0.13,0.0,500.0,6.7,0.0,1.8E-6,9.7E-18,6.5E7,1.0,1.6E9,
3.0E-42,0.0066,2800.0,2500.0,4100.0,6699999.999999999,5000.0,2200.0,2900.0,870.0,5300.0,0.19,6699999.999999999,1.1E-5,0.13,0.13,0.0,490.0,6.7,0.0,1.8E-6,1.1E-17,6.2E7,1.0,1.6E9,
3.0E-42,0.0066,2800.0,2500.0,4100.0,6699999.999999999,5000.0,2200.0,2900.0,870.0,5300.0,0.19,6699999.999999999,1.1E-5,0.13,0.13,0.0,490.0,6.7,0.0,1.8E-6,1.2E-17,6.2E7,1.0,1.6E9,
3.0E-42,0.0066,2800.0,2500.0,4100.0,6699999.999999999,5000.0,2200.0,2900.0,870.0,5300.0,0.19,6699999.999999999,1.0E-5,0.13,0.13,0.0,490.0,6.7,0.0,1.8E-6,1.2E-17,6.4E7,1.0,1.6E9,
3.0E-42,0.0066,2800.0,2500.0,4100.0,6699999.999999999,5000.0,2200.0,2900.0,870.0,5300.0,0.19,6699999.999999999,9.5E-6,0.13,0.13,0.0,490.0,6.7,0.0,1.8E-6,1.1E-17,6.6E7,1.0,1.6E9,
3.0E-42,0.0066,2800.0,2500.0,4100.0,6699999.999999999,5000.0,2200.0,2900.0,870.0,5300.0,0.19,6699999.999999999,8.4E-6,0.13,0.13,0.0,480.0,6.7,0.0,1.8E-6,1.0E-17,6.9E7,1.0,1.6E9,
3.0E-42,0.0066,2800.0,2500.0,4100.0,6699999.999999999,5000.0,2200.0,2900.0,870.0,5300.0,0.19,6699999.999999999,7.4E-6,0.13,0.13,0.0,480.0,6.7,0.0,1.8E-6,8.9E-18,7.2E7,1.0,1.6E9,
3.0E-42,0.0066,2800.0,2500.0,4100.0,6699999.999999999,5000.0,2200.0,2900.0,870.0,5300.0,0.19,6699999.999999999,6.4E-6,0.13,0.13,0.0,480.0,6.7,0.0,1.8E-6,7.8E-18,7.6E7,1.0,1.6E9,
3.0E-42,0.0066,2800.0,2500.0,4100.0,6699999.999999999,5000.0,2200.0,2900.0,870.0,5300.0,0.19,6699999.999999999,7.6E-6,0.13,0.13,0.0,470.0,6.7,0.0,1.8E-6,7.5E-18,7.1E7,1.0,1.6E9,
3.0E-42,0.0066,2800.0,2500.0,4100.0,6699999.999999999,5000.0,2200.0,2900.0,870.0,5300.0,0.19,6699999.999999999,9.1E-6,0.13,0.13,0.0,470.0,6.7,0.0,1.8E-6,8.8E-18,6.7E7,1.0,1.6E9,
3.0E-42,0.0066,2800.0,2500.0,4100.0,6699999.999999999,5000.0,2200.0,2900.0,870.0,5300.0,0.19,6699999.999999999,9.6E-6,0.13,0.13,0.0,470.0,6.7,0.0,1.8E-6,9.8E-18,6.6E7,1.0,1.6E9,
3.0E-42,0.0066,2800.0,2500.0,4100.0,6699999.999999999,5000.0,2200.0,2900.0,870.0,5300.0,0.19,6699999.999999999,9.3E-6,0.13,0.13,0.0,470.0,6.7,0.0,1.8E-6,1.0E-17,6.6E7,1.0,1.6E9,
3.0E-42,0.0066,2800.0,2500.0,4100.0,6699999.999999999,5000.0,2200.0,2900.0,870.0,5300.0,0.19,6699999.999999999,8.6E-6,0.13,0.13,0.0,470.0,6.7,0.0,1.8E-6,9.8E-18,6.8E7,1.0,1.6E9,
3.0E-42,0.0066,2800.0,2500.0,4100.0,6699999.999999999,5000.0,2200.0,2900.0,870.0,5300.0,0.19,6699999.999999999,7.7E-6,0.13,0.13,0.0,460.0,6.7,0.0,1.8E-6,9.1E-18,7.1E7,1.0,1.6E9,
3.0E-42,0.0066,2800.0,2500.0,4100.0,6699999.999999999,5000.0,2200.0,2900.0,870.0,5300.0,0.19,6699999.999999999,6.9E-6,0.13,0.13,0.0,460.0,6.7,0.0,1.8E-6,8.2E-18,7.4E7,1.0,1.6E9,
3.0E-42,0.0066,2800.0,2500.0,4100.0,6699999.999999999,5000.0,2200.0,2900.0,870.0,5300.0,0.19,6699999.999999999,6.0E-6,0.13,0.13,0.0,450.0,6.7,0.0,1.8E-6,7.3E-18,7.8E7,1.0,1.6E9,
3.0E-42,0.0066,2800.0,2500.0,4100.0,6699999.999999999,5000.0,2200.0,2900.0,870.0,5300.0,0.19,6699999.999999999,6.3E-6,0.13,0.13,0.0,450.0,6.7,0.0,1.8E-6,6.6E-18,7.7E7,1.0,1.6E9,
3.0E-42,0.0066,2800.0,2500.0,4100.0,6699999.999999999,5000.0,2200.0,2900.0,870.0,5300.0,0.19,6699999.999999999,8.0E-6,0.13,0.13,0.0,450.0,6.7,0.0,1.8E-6,7.6E-18,7.0E7,1.0,1.6E9,
3.0E-42,0.0066,2800.0,2500.0,4100.0,6699999.999999999,5000.0,2200.0,2900.0,870.0,5300.0,0.19,6699999.999999999,8.8E-6,0.13,0.13,0.0,440.0,6.7,0.0,1.8E-6,8.8E-18,6.8E7,1.0,1.6E9,
3.0E-42,0.0066,2800.0,2500.0,4100.0,6699999.999999999,5000.0,2200.0,2900.0,870.0,5300.0,0.19,6699999.999999999,8.8E-6,0.13,0.13,0.0,440.0,6.7,0.0,1.8E-6,9.4E-18,6.8E7,1.0,1.6E9,
3.1E-41,0.036,20000.0,110000.0,17000.0,8800000.0,5500.0,3600.0,4600.0,3000.0,5300.0,0.19,8900000.0,2.2E-5,0.27,0.27,0.0,550.0,15.0,30.0,2.0E-6,3.6E-12,6.7E7,1.0,1.7E9,
3.4E-42,0.0039,20000.0,1000.0,4900.0,8600000.0,5500.0,3600.0,4600.0,3000.0,5300.0,0.19,8700000.0,2.1E-6,0.15,0.15,0.0,550.0,7.8,1.6,2.0E-6,2.2E-13,6.3E7,1.0,1.7E9,
3.3E-42,0.0038,7000.0,1000.0,4900.0,8400000.0,5500.0,3600.0,4600.0,3000.0,5300.0,0.19,8400000.0,1.5E-5,0.15,0.15,0.0,540.0,7.7,0.079,2.0E-6,1.2E-13,6.0E7,1.0,1.7E9,
3.2E-42,0.0037,7000.0,1000.0,4900.0,7899999.999999999,5500.0,3600.0,4600.0,3000.0,5300.0,0.19,7899999.999999999,1.6E-5,0.14,0.14,0.0,550.0,7.4,0.004,2.0E-6,6.2E-14,5.7E7,1.0,1.7E9,
2.8E-42,0.0032,4400.0,2900.0,3500.0,8500000.0,620.0,3600.0,4600.0,3000.0,5300.0,0.19,8500000.0,6.1E-6,0.19,0.19,0.0,590.0,2.1,44.0,2.2E-6,1.4E-13,5.5E7,1.0,1.7E9,
2.8E-42,0.0032,4400.0,2900.0,3500.0,8299999.999999999,620.0,3600.0,4600.0,3000.0,5300.0,0.19,8299999.999999999,5.8E-6,0.19,0.19,0.0,590.0,2.1,0.82,2.2E-6,6.4E-14,5.3E7,1.0,1.7E9,
2.7E-42,0.0031,4400.0,2900.0,3500.0,7899999.999999999,620.0,3600.0,4600.0,3000.0,5300.0,0.19,7999999.999999999,5.9E-6,0.18,0.18,0.0,600.0,2.0,0.3,2.1E-6,5.1E-14,5.2E7,1.0,1.7E9,
2.7E-42,0.0031,4400.0,2900.0,3500.0,7799999.999999999,620.0,3600.0,4600.0,3000.0,5300.0,0.18,7799999.999999999,6.5E-6,0.18,0.18,0.0,600.0,2.0,0.015,2.1E-6,2.8E-14,4.9E7,1.0,1.7E9,
2.6E-42,0.003,4400.0,2900.0,3500.0,7499999.999999999,620.0,3600.0,4600.0,3000.0,5300.0,0.18,7499999.999999999,7.4E-6,0.18,0.18,0.0,590.0,1.9,1.0E-4,2.1E-6,1.0E-14,4.7E7,1.0,1.7E9,
2.5E-42,0.0029,4400.0,2900.0,3500.0,6999999.999999999,620.0,3600.0,4600.0,3000.0,5300.0,0.18,6999999.999999999,7.7E-6,0.17,0.17,0.0,590.0,1.8,5.2E-6,2.1E-6,5.3E-15,4.5E7,1.0,1.7E9,
2.5E-42,0.0029,4400.0,2900.0,3500.0,6699999.999999999,620.0,3600.0,4600.0,3000.0,5300.0,0.18,6799999.999999999,8.1E-6,0.17,0.17,0.0,590.0,1.8,2.6E-7,2.1E-6,2.8E-15,4.4E7,1.0,1.7E9,
2.5E-42,0.0029,4400.0,2900.0,3500.0,6699999.999999999,620.0,3600.0,4600.0,3000.0,5300.0,0.18,6799999.999999999,8.8E-6,0.17,0.17,0.0,590.0,1.8,6.7E-10,2.1E-6,8.7E-16,4.3E7,1.0,1.7E9,
2.5E-42,0.0029,4400.0,2900.0,3500.0,6699999.999999999,620.0,3600.0,4600.0,3000.0,5300.0,0.18,6799999.999999999,8.4E-6,0.17,0.17,0.0,590.0,1.8,1.7E-12,2.1E-6,2.7E-16,4.3E7,1.0,1.7E9,
2.5E-42,0.0029,4400.0,2900.0,3500.0,6699999.999999999,620.0,3600.0,4600.0,3000.0,5300.0,0.18,6799999.999999999,7.4E-6,0.17,0.17,0.0,590.0,1.8,4.3E-15,2.1E-6,8.8E-17,4.5E7,1.0,1.7E9,
2.5E-42,0.0029,4400.0,2900.0,3500.0,6699999.999999999,620.0,3600.0,4600.0,3000.0,5300.0,0.18,6799999.999999999,6.3E-6,0.17,0.17,0.0,590.0,1.8,1.1E-17,2.1E-6,3.3E-17,4.8E7,1.0,1.7E9,
2.5E-42,0.0029,4400.0,2900.0,3500.0,6699999.999999999,620.0,3600.0,4600.0,3000.0,5300.0,0.18,6799999.999999999,5.3E-6,0.17,0.17,0.0,580.0,1.8,2.9E-20,2.1E-6,1.5E-17,5.1E7,1.0,1.7E9,
2.5E-42,0.0029,4400.0,2900.0,3500.0,6699999.999999999,620.0,3600.0,4600.0,3000.0,5300.0,0.18,6799999.999999999,4.4E-6,0.17,0.17,0.0,580.0,1.8,1.8E-22,2.1E-6,8.7E-18,5.5E7,1.0,1.7E9,
2.5E-42,0.0029,4400.0,2900.0,3500.0,6699999.999999999,620.0,3600.0,4600.0,3000.0,5300.0,0.18,6799999.999999999,3.7E-6,0.17,0.17,0.0,570.0,1.8,1.1E-23,2.1E-6,6.2E-18,5.8E7,1.0,1.7E9,
2.3E-41,0.048,110000.0,48000.0,53000.0,8600000.0,620.0,3600.0,4600.0,3000.0,8100.0,0.18,8900000.0,4.2,0.24,0.24,0.0,660.0,20.0,2700.0,2.3E-6,4.2E-12,6.2E7,1.0,1.7E9,
7.2E-42,0.015,92000.0,370.0,25000.0,8600000.0,620.0,3600.0,4600.0,3000.0,8100.0,0.18,8800000.0,2.9E-5,0.18,0.18,0.0,660.0,13.0,53.0,2.3E-6,6.0E-13,5.8E7,1.0,1.7E9,
7.1E-42,0.015,22000.0,370.0,25000.0,8600000.0,620.0,3600.0,4600.0,3000.0,580.0,0.18,8600000.0,3.4E-5,0.1,0.1,0.0,660.0,13.0,0.37,2.2E-6,2.2E-13,5.4E7,1.0,1.7E9,
2.4E-42,0.005,1800.0,370.0,2800.0,8299999.999999999,620.0,3600.0,4600.0,3000.0,580.0,0.18,8299999.999999999,1.3E-5,0.097,0.097,0.0,670.0,4.3,0.0069,2.2E-6,3.3E-14,5.2E7,1.0,1.7E9,
2.3E-42,0.0048,1800.0,370.0,2800.0,7899999.999999999,620.0,3600.0,4600.0,3000.0,580.0,0.18,7899999.999999999,1.4E-5,0.092,0.092,0.0,660.0,4.1,1.3E-4,2.2E-6,1.4E-14,4.9E7,1.0,1.7E9,
2.2E-42,0.0046,1800.0,370.0,2800.0,7399999.999999999,620.0,3600.0,4600.0,3000.0,580.0,0.18,7399999.999999999,1.4E-5,0.087,0.087,0.0,650.0,3.9,4.7E-5,2.2E-6,1.1E-14,4.8E7,1.0,1.7E9,
2.1E-42,0.0045,1800.0,370.0,2800.0,7099999.999999999,620.0,3600.0,4600.0,3000.0,580.0,0.18,7199999.999999999,1.5E-5,0.084,0.084,0.0,640.0,3.8,2.3E-6,2.2E-6,6.0E-15,4.7E7,1.0,1.7E9,
2.1E-42,0.0043,1800.0,370.0,2800.0,6799999.999999999,620.0,3600.0,4600.0,3000.0,580.0,0.18,6799999.999999999,1.6E-5,0.08,0.08,0.0,630.0,3.7,1.2E-7,2.2E-6,3.2E-15,4.5E7,1.0,1.7E9,
2.1E-42,0.0043,1800.0,370.0,2800.0,6799999.999999999,620.0,3600.0,4600.0,3000.0,580.0,0.18,6799999.999999999,1.7E-5,0.08,0.08,0.0,630.0,3.7,3.0E-10,2.2E-6,9.7E-16,4.4E7,1.0,1.7E9,
2.1E-42,0.0043,1800.0,370.0,2800.0,6799999.999999999,620.0,3600.0,4600.0,3000.0,580.0,0.18,6799999.999999999,1.6E-5,0.08,0.08,0.0,630.0,3.7,7.4E-13,2.2E-6,3.1E-16,4.5E7,1.0,1.7E9,
2.1E-42,0.0043,1800.0,370.0,2800.0,6699999.999999999,620.0,3600.0,4600.0,3000.0,580.0,0.18,6799999.999999999,1.4E-5,0.08,0.08,0.0,630.0,3.7,5.1E-15,2.2E-6,1.3E-16,4.7E7,1.0,1.6E9,
2.1E-42,0.0043,1800.0,370.0,2800.0,6699999.999999999,620.0,3600.0,4600.0,3000.0,580.0,0.18,6799999.999999999,1.6E-5,0.08,0.08,0.0,630.0,3.7,1.3E-17,2.2E-6,5.2E-17,4.5E7,1.0,1.6E9,
2.1E-42,0.0043,1800.0,370.0,2800.0,6699999.999999999,620.0,3600.0,4600.0,3000.0,580.0,0.18,6799999.999999999,1.5E-5,0.08,0.08,0.0,620.0,3.7,3.2E-20,2.2E-6,3.0E-17,4.5E7,1.0,1.6E9,
2.1E-42,0.0043,1800.0,370.0,2800.0,6699999.999999999,620.0,3600.0,4600.0,3000.0,580.0,0.18,6799999.999999999,1.4E-5,0.08,0.08,0.0,620.0,3.7,8.1E-23,2.2E-6,2.2E-17,4.7E7,1.0,1.6E9,
2.1E-42,0.0043,1800.0,370.0,2800.0,6699999.999999999,620.0,3600.0,4600.0,3000.0,580.0,0.18,6799999.999999999,1.2E-5,0.08,0.08,0.0,620.0,3.7,1.9999999999999998E-25,2.2E-6,1.8E-17,5.0E7,1.0,1.6E9,
2.1E-42,0.0043,1800.0,370.0,2800.0,6699999.999999999,620.0,3600.0,4600.0,3000.0,580.0,0.18,6799999.999999999,9.9E-6,0.08,0.08,0.0,610.0,3.7,7.100000000000001E-28,2.2E-6,1.6E-17,5.3E7,1.0,1.6E9,
2.1E-42,0.0043,1800.0,370.0,2800.0,6699999.999999999,620.0,3600.0,4600.0,3000.0,580.0,0.18,6799999.999999999,8.3E-6,0.08,0.08,0.0,600.0,3.7,2.9000000000000002E-30,2.2E-6,1.3E-17,5.6E7,1.0,1.6E9,
2.1E-42,0.0043,1800.0,370.0,2800.0,6699999.999999999,620.0,3600.0,4600.0,3000.0,580.0,0.18,6799999.999999999,7.0E-6,0.08,0.08,0.0,600.0,3.7,0.0,2.2E-6,1.1E-17,6.0E7,1.0,1.6E9,
2.1E-42,0.0043,1800.0,370.0,2800.0,6699999.999999999,620.0,3600.0,4600.0,3000.0,580.0,0.18,6799999.999999999,5.9E-6,0.08,0.08,0.0,600.0,3.7,3.5E-31,2.2E-6,9.2E-18,6.3E7,1.0,1.6E9,
2.1E-42,0.0043,1800.0,370.0,2800.0,6699999.999999999,620.0,3600.0,4600.0,3000.0,580.0,0.18,6799999.999999999,6.7E-6,0.08,0.08,0.0,600.0,3.7,9.3E-33,2.2E-6,8.5E-18,6.1E7,1.0,1.6E9,
2.1E-42,0.0043,1800.0,370.0,2800.0,6699999.999999999,620.0,3600.0,4600.0,3000.0,580.0,0.18,6799999.999999999,7.6E-6,0.08,0.08,0.0,590.0,3.7,2.3E-35,2.2E-6,9.4E-18,5.8E7,1.0,1.6E9,
2.1E-42,0.0043,1800.0,370.0,2800.0,6699999.999999999,620.0,3600.0,4600.0,3000.0,580.0,0.18,6799999.999999999,7.6E-6,0.08,0.08,0.0,590.0,3.7,5.900000000000001E-38,2.2E-6,1.0E-17,5.8E7,1.0,1.6E9,
2.1E-42,0.0043,1800.0,370.0,2800.0,6699999.999999999,620.0,3600.0,4600.0,3000.0,580.0,0.18,6799999.999999999,7.1E-6,0.08,0.08,0.0,590.0,3.7,1.4999999999999999E-40,2.2E-6,9.9E-18,5.9E7,1.0,1.6E9,
2.1E-42,0.0043,1800.0,370.0,2800.0,6699999.999999999,620.0,3600.0,4600.0,3000.0,580.0,0.18,6799999.999999999,6.4E-6,0.08,0.08,0.0,590.0,3.7,5.199999999999999E-43,2.2E-6,9.2E-18,6.2E7,1.0,1.6E9,
2.1E-42,0.0043,1800.0,370.0,2800.0,6699999.999999999,620.0,3600.0,4600.0,3000.0,580.0,0.18,6799999.999999999,5.6E-6,0.08,0.08,0.0,580.0,3.7,1.1999999999999999E-43,2.2E-6,8.3E-18,6.5E7,1.0,1.6E9,
2.1E-42,0.0043,1800.0,370.0,2800.0,6699999.999999999,620.0,3600.0,4600.0,3000.0,580.0,0.18,6799999.999999999,4.9E-6,0.08,0.08,0.0,580.0,3.7,7.8E-45,2.2E-6,7.3E-18,6.8E7,1.0,1.6E9,
2.1E-42,0.0043,1800.0,370.0,2800.0,6699999.999999999,620.0,3600.0,4600.0,3000.0,580.0,0.18,6799999.999999999,4.2E-6,0.08,0.08,0.0,580.0,3.7,0.0,2.2E-6,6.4E-18,7.2E7,1.0,1.6E9,
2.1E-42,0.0043,1800.0,370.0,2800.0,6699999.999999999,620.0,3600.0,4600.0,3000.0,580.0,0.18,6799999.999999999,4.3E-6,0.08,0.08,0.0,570.0,3.7,2.4E-45,2.2E-6,5.7E-18,7.1E7,1.0,1.6E9,
2.1E-42,0.0043,1800.0,370.0,2800.0,6699999.999999999,620.0,3600.0,4600.0,3000.0,580.0,0.18,6799999.999999999,5.4E-6,0.08,0.08,0.0,570.0,3.7,6.100000000000001E-48,2.2E-6,6.4E-18,6.6E7,1.0,1.6E9,
2.1E-42,0.0043,1800.0,370.0,2800.0,6699999.999999999,620.0,3600.0,4600.0,3000.0,580.0,0.18,6799999.999999999,5.8E-6,0.08,0.08,0.0,570.0,3.7,1.5E-50,2.2E-6,7.2E-18,6.4E7,1.0,1.6E9,
2.1E-42,0.0043,1800.0,370.0,2800.0,6699999.999999999,620.0,3600.0,4600.0,3000.0,580.0,0.18,6799999.999999999,5.7E-6,0.08,0.08,0.0,570.0,3.7,3.8999999999999997E-53,2.2E-6,7.6E-18,6.4E7,1.0,1.6E9,
2.1E-42,0.0043,1800.0,370.0,2800.0,6699999.999999999,620.0,3600.0,4600.0,3000.0,580.0,0.18,6799999.999999999,5.3E-6,0.08,0.08,0.0,570.0,3.7,1.0E-55,2.2E-6,7.4E-18,6.6E7,1.0,1.6E9,
2.1E-42,0.0043,1800.0,370.0,2800.0,6699999.999999999,620.0,3600.0,4600.0,3000.0,580.0,0.18,6799999.999999999,4.8E-6,0.08,0.08,0.0,560.0,3.7,2.3000000000000002E-58,2.2E-6,6.9E-18,6.9E7,1.0,1.6E9,
2.9E-41,0.059,17000.0,110000.0,24000.0,8299999.999999999,620.0,3600.0,4600.0,3000.0,580.0,0.18,8500000.0,1.6E-5,0.31,0.31,0.0,610.0,14.0,50.0,2.3E-6,9.5E-12,7.0E7,1.0,1.7E9,
3.1E-42,0.0062,4100.0,790.0,6600.0,8199999.999999999,620.0,3500.0,4600.0,3000.0,580.0,0.18,8199999.999999999,9.0E-6,0.14,0.14,0.0,610.0,6.3,6.8,2.3E-6,6.8E-13,6.7E7,1.0,1.7E9,
2.8999999999999996E-42,0.006,4100.0,790.0,6600.0,7499999.999999999,620.0,3500.0,4600.0,3000.0,580.0,0.18,7599999.999999999,9.8E-6,0.13,0.13,0.0,610.0,6.0,0.34,2.3E-6,3.6E-13,6.3E7,1.0,1.7E9,
2.8999999999999996E-42,0.0059,4000.0,790.0,6600.0,7299999.999999999,620.0,3500.0,4600.0,3000.0,580.0,0.18,7399999.999999999,1.1E-5,0.12,0.12,0.0,600.0,5.9,0.017,2.3E-6,1.9E-13,6.0E7,1.0,1.7E9,
2.8999999999999996E-42,0.0059,4000.0,790.0,6600.0,7199999.999999999,620.0,3500.0,4600.0,3000.0,580.0,0.18,7299999.999999999,1.3E-5,0.12,0.12,0.0,590.0,5.9,4.3E-5,2.3E-6,5.8E-14,5.7E7,1.0,1.7E9,
2.8E-42,0.0057,4000.0,790.0,6600.0,6999999.999999999,620.0,3500.0,4600.0,3000.0,580.0,0.18,6999999.999999999,1.5E-5,0.12,0.12,0.0,590.0,5.8,8.0E-7,2.3E-6,2.6E-14,5.3E7,1.0,1.7E9,
2.8E-42,0.0057,4000.0,780.0,6600.0,6799999.999999999,620.0,3500.0,4600.0,3000.0,580.0,0.18,6799999.999999999,1.7E-5,0.11,0.11,0.0,590.0,5.7,4.0E-8,2.3E-6,1.4E-14,5.1E7,1.0,1.7E9,
2.8E-42,0.0056,4000.0,780.0,6600.0,6699999.999999999,620.0,3500.0,4600.0,3000.0,580.0,0.18,6799999.999999999,2.0E-5,0.11,0.11,0.0,590.0,5.7,2.7E-10,2.3E-6,5.1E-15,4.8E7,1.0,1.7E9,
2.8E-42,0.0056,4000.0,780.0,6600.0,6699999.999999999,620.0,3500.0,4600.0,3000.0,580.0,0.18,6799999.999999999,2.1E-5,0.11,0.11,0.0,590.0,5.7,7.0E-13,2.3E-6,1.6E-15,4.7E7,1.0,1.7E9,
2.8E-42,0.0056,4000.0,780.0,6600.0,6699999.999999999,620.0,3500.0,4600.0,3000.0,580.0,0.18,6799999.999999999,2.0E-5,0.11,0.11,0.0,580.0,5.7,1.8E-15,2.3E-6,4.9E-16,4.8E7,1.0,1.7E9,
2.8E-42,0.0056,4000.0,780.0,6600.0,6699999.999999999,620.0,3500.0,4600.0,3000.0,580.0,0.18,6799999.999999999,1.8E-5,0.11,0.11,0.0,580.0,5.7,4.5E-18,2.3E-6,1.7E-16,4.9E7,1.0,1.7E9,
2.8E-42,0.0056,4000.0,780.0,6600.0,6699999.999999999,620.0,3500.0,4600.0,3000.0,580.0,0.18,6799999.999999999,1.6E-5,0.11,0.11,0.0,570.0,5.7,1.2E-20,2.3E-6,6.6E-17,5.2E7,1.0,1.7E9,
2.8E-42,0.0056,4000.0,780.0,6600.0,6699999.999999999,620.0,3500.0,4600.0,3000.0,580.0,0.18,6799999.999999999,1.3E-5,0.11,0.11,0.0,570.0,5.7,4.5000000000000003E-23,2.3E-6,3.4E-17,5.5E7,1.0,1.7E9,
2.8E-42,0.0056,4000.0,780.0,6600.0,6699999.999999999,620.0,3500.0,4600.0,3000.0,580.0,0.18,6799999.999999999,1.1E-5,0.11,0.11,0.0,570.0,5.7,7.099999999999999E-26,2.3E-6,2.2E-17,5.9E7,1.0,1.7E9,
2.8E-42,0.0056,4000.0,780.0,6600.0,6699999.999999999,620.0,3500.0,4600.0,3000.0,580.0,0.18,6799999.999999999,9.5E-6,0.11,0.11,0.0,560.0,5.7,1.2E-28,2.3E-6,1.7E-17,6.2E7,1.0,1.7E9,
2.8E-42,0.0056,4000.0,780.0,6600.0,6699999.999999999,620.0,3500.0,4600.0,3000.0,580.0,0.18,6799999.999999999,8.5E-6,0.11,0.11,0.0,560.0,5.7,0.0,2.3E-6,1.3E-17,6.5E7,1.0,1.7E9,
2.8E-42,0.0056,4000.0,780.0,6600.0,6699999.999999999,620.0,3500.0,4600.0,3000.0,580.0,0.18,6799999.999999999,1.1E-5,0.11,0.11,0.0,550.0,5.7,0.0,2.3E-6,1.4E-17,6.0E7,1.0,1.7E9,
2.8E-42,0.0056,4000.0,780.0,6600.0,6699999.999999999,620.0,3500.0,4600.0,3000.0,580.0,0.18,6799999.999999999,1.1E-5,0.11,0.11,0.0,550.0,5.7,0.0,2.3E-6,1.5E-17,5.9E7,1.0,1.7E9,
2.8E-42,0.0056,4000.0,780.0,6600.0,6699999.999999999,620.0,3500.0,4600.0,3000.0,580.0,0.18,6799999.999999999,1.1E-5,0.11,0.11,0.0,550.0,5.7,0.0,2.3E-6,1.5E-17,5.9E7,1.0,1.7E9,
2.8E-42,0.0056,4000.0,780.0,6600.0,6699999.999999999,620.0,3500.0,4600.0,3000.0,580.0,0.18,6799999.999999999,1.0E-5,0.11,0.11,0.0,540.0,5.7,0.0,2.3E-6,1.5E-17,6.1E7,1.0,1.7E9,
2.8E-42,0.0056,4000.0,780.0,6600.0,6699999.999999999,620.0,3500.0,4600.0,3000.0,580.0,0.18,6799999.999999999,9.1E-6,0.11,0.11,0.0,540.0,5.7,0.0,2.3E-6,1.4E-17,6.3E7,1.0,1.7E9,
2.8E-42,0.0056,4000.0,780.0,6600.0,6699999.999999999,620.0,3500.0,4600.0,3000.0,580.0,0.18,6799999.999999999,7.8E-6,0.11,0.11,0.0,540.0,5.7,0.0,2.3E-6,1.2E-17,6.7E7,1.0,1.7E9,
2.8E-42,0.0056,4000.0,780.0,6600.0,6699999.999999999,620.0,3500.0,4600.0,3000.0,580.0,0.18,6799999.999999999,6.8E-6,0.11,0.11,0.0,540.0,5.7,0.0,2.3E-6,1.1E-17,7.1E7,1.0,1.7E9,
3.1E-41,0.055,22000.0,140000.0,20000.0,8600000.0,1900.0,9900.0,9500.0,4200.0,2100.0,0.18,8800000.0,7.6,0.87,0.87,0.0,720.0,2.1,140.0,3.0E-6,3.7E-11,7.4E7,1.0,1.7E9,
2.0999999999999999E-41,0.036,4100.0,80000.0,20000.0,8500000.0,1800.0,2400.0,2000.0,4200.0,2100.0,0.18,8700000.0,9.4E-6,0.66,0.66,0.0,730.0,9.6,7.5,3.0E-6,1.3E-11,6.9E7,1.0,1.7E9,
2.8999999999999996E-42,0.005,4100.0,4700.0,2300.0,8299999.999999999,1800.0,2400.0,2000.0,4200.0,2100.0,0.18,8299999.999999999,2.0E-6,0.38,0.38,0.0,720.0,3.6,1.0,3.0E-6,1.3E-12,6.6E7,1.0,1.7E9,
2.8E-42,0.005,4100.0,4700.0,2300.0,8099999.999999999,1800.0,2400.0,2000.0,4200.0,2100.0,0.18,8099999.999999999,5.8E-6,0.37,0.37,0.0,720.0,3.5,0.14,3.0E-6,8.3E-13,6.4E7,1.0,1.7E9,
2.8E-42,0.0049,4100.0,4700.0,2300.0,7899999.999999999,1800.0,2400.0,2000.0,4200.0,2100.0,0.18,7899999.999999999,6.6E-6,0.37,0.37,0.0,710.0,3.4,0.007,3.0E-6,4.5E-13,6.0E7,1.0,1.7E9,
2.7E-42,0.0048,4100.0,4700.0,2300.0,7499999.999999999,1800.0,2400.0,2000.0,4200.0,2100.0,0.18,7499999.999999999,7.4E-6,0.36,0.36,0.0,710.0,3.3,3.5E-4,3.0E-6,2.4E-13,5.7E7,1.0,1.7E9,
2.7E-42,0.0047,4100.0,4700.0,2300.0,7299999.999999999,1800.0,2400.0,2000.0,4200.0,2100.0,0.18,7299999.999999999,7.9E-6,0.35,0.35,0.0,680.0,3.3,4.8E-5,3.0E-6,1.6E-13,5.5E7,1.0,1.7E9,
2.6E-42,0.0046,4100.0,4700.0,2300.0,6899999.999999999,1800.0,2400.0,2000.0,4200.0,2100.0,0.18,6899999.999999999,8.5E-6,0.33,0.33,0.0,670.0,3.1,2.4E-6,2.9E-6,8.4E-14,5.3E7,1.0,1.7E9,
2.6E-42,0.0045,4100.0,4700.0,2300.0,6799999.999999999,1800.0,2400.0,2000.0,4200.0,2100.0,0.18,6799999.999999999,9.7E-6,0.33,0.33,0.0,660.0,3.1,4.4E-8,2.9E-6,3.8E-14,5.0E7,1.0,1.7E9,
2.6E-42,0.0045,4100.0,4700.0,2300.0,6799999.999999999,1800.0,2400.0,2000.0,4200.0,2100.0,0.18,6799999.999999999,1.1E-5,0.33,0.33,0.0,660.0,3.1,1.1E-10,2.9E-6,1.1E-14,4.9E7,1.0,1.7E9,
2.6E-42,0.0045,4100.0,4700.0,2300.0,6799999.999999999,1800.0,2400.0,2000.0,4200.0,2100.0,0.18,6799999.999999999,1.0E-5,0.33,0.33,0.0,650.0,3.1,2.8E-13,2.9E-6,3.4E-15,4.9E7,1.0,1.7E9,
2.6E-42,0.0045,4100.0,4700.0,2300.0,6799999.999999999,1800.0,2400.0,2000.0,4200.0,2100.0,0.18,6799999.999999999,9.3E-6,0.33,0.33,0.0,650.0,3.1,7.2E-16,2.9E-6,1.0E-15,5.1E7,1.0,1.7E9,
2.6E-42,0.0045,4100.0,4700.0,2300.0,6799999.999999999,1800.0,2400.0,2000.0,4200.0,2100.0,0.18,6799999.999999999,8.1E-6,0.33,0.33,0.0,630.0,3.1,1.8E-18,2.9E-6,3.3E-16,5.4E7,1.0,1.7E9,
2.6E-42,0.0045,4100.0,4700.0,2300.0,6799999.999999999,1800.0,2400.0,2000.0,4200.0,2100.0,0.18,6799999.999999999,6.9E-6,0.33,0.33,0.0,630.0,3.1,4.8E-21,2.9E-6,1.1E-16,5.7E7,1.0,1.7E9,
2.6E-42,0.0045,4100.0,4700.0,2300.0,6799999.999999999,1800.0,2400.0,2000.0,4200.0,2100.0,0.18,6799999.999999999,5.9E-6,0.33,0.33,0.0,620.0,3.1,1.6000000000000002E-23,2.9E-6,4.0E-17,6.0E7,1.0,1.7E9,
1.5E-42,0.0029,240.0,520.0,3000.0,8099999.999999999,2000.0,2400.0,2000.0,4200.0,2100.0,0.18,8199999.999999999,0.17,0.31,0.31,0.0,650.0,3.5,56.0,3.0E-6,4.1E-14,6.3E7,1.0,1.7E9,
1.5E-42,0.0028,240.0,520.0,3000.0,7799999.999999999,2000.0,2400.0,2000.0,4200.0,2100.0,0.18,7799999.999999999,6.8E-6,0.3,0.3,0.0,650.0,3.6,7.5,3.0E-6,2.6E-14,6.1E7,1.0,1.7E9,
1.4E-42,0.0027,240.0,520.0,3000.0,7399999.999999999,2000.0,2400.0,2000.0,4200.0,2100.0,0.18,7399999.999999999,7.5E-6,0.29,0.29,0.0,650.0,3.4,0.37,2.9E-6,1.4E-14,5.8E7,1.0,1.7E9,
1.4E-42,0.0026,240.0,520.0,3000.0,7199999.999999999,2000.0,2400.0,2000.0,4200.0,2100.0,0.18,7199999.999999999,8.4E-6,0.28,0.28,0.0,650.0,3.4,0.019,2.9E-6,7.5E-15,5.5E7,1.0,1.7E9,
1.4E-42,0.0026,240.0,520.0,3000.0,6899999.999999999,2000.0,2400.0,2000.0,4200.0,2100.0,0.18,6899999.999999999,9.7E-6,0.27,0.27,0.0,650.0,3.3,1.3E-4,2.9E-6,2.7E-15,5.2E7,1.0,1.7E9,
1.3E-42,0.0026,240.0,520.0,3000.0,6799999.999999999,2000.0,2400.0,2000.0,4200.0,2100.0,0.18,6799999.999999999,1.1E-5,0.27,0.27,0.0,640.0,3.2,2.4E-6,2.9E-6,1.2E-15,4.9E7,1.0,1.7E9,
1.3E-42,0.0026,240.0,520.0,3000.0,6799999.999999999,2000.0,2400.0,2000.0,4200.0,2100.0,0.18,6799999.999999999,1.2E-5,0.27,0.27,0.0,640.0,3.2,5.9E-9,2.9E-6,3.8E-16,4.8E7,1.0,1.7E9,
1.3E-42,0.0026,240.0,520.0,3000.0,6799999.999999999,2000.0,2400.0,2000.0,4200.0,2100.0,0.18,6799999.999999999,1.1E-5,0.27,0.27,0.0,640.0,3.2,1.5E-11,2.9E-6,1.3E-16,4.9E7,1.0,1.7E9,
1.3E-42,0.0026,240.0,520.0,3000.0,6799999.999999999,2000.0,2400.0,2000.0,4200.0,2100.0,0.18,6799999.999999999,9.8E-6,0.27,0.27,0.0,640.0,3.2,3.7E-14,2.9E-6,5.1E-17,5.1E7,1.0,1.7E9,
1.3E-42,0.0026,240.0,520.0,3000.0,6799999.999999999,2000.0,2400.0,2000.0,4200.0,2100.0,0.18,6799999.999999999,8.5E-6,0.27,0.27,0.0,630.0,3.2,9.5E-17,2.9E-6,2.7E-17,5.4E7,1.0,1.7E9,
1.3E-42,0.0026,240.0,520.0,3000.0,6799999.999999999,2000.0,2400.0,2000.0,4200.0,2100.0,0.18,6799999.999999999,7.2E-6,0.27,0.27,0.0,630.0,3.2,3.7E-19,2.9E-6,1.7E-17,5.7E7,1.0,1.7E9,
1.3E-42,0.0026,240.0,520.0,3000.0,6799999.999999999,2000.0,2400.0,2000.0,4200.0,2100.0,0.18,6799999.999999999,6.1E-6,0.27,0.27,0.0,630.0,3.2,0.0,2.9E-6,1.3E-17,6.1E7,1.0,1.7E9,
8.9E-42,0.036,4900.0,59000.0,19000.0,8099999.999999999,17000.0,2400.0,2000.0,4200.0,2100.0,0.18,8199999.999999999,6.8,0.41,0.41,0.0,660.0,4.8,170.0,3.1E-6,1.3E-11,6.5E7,1.0,1.7E9,
1.1E-42,0.0044,4900.0,1000.0,1600.0,7899999.999999999,4100.0,2300.0,2000.0,4200.0,2100.0,0.18,7899999.999999999,8.2E-6,0.25,0.25,0.0,660.0,4.0,1.2,3.1E-6,6.0E-13,5.9E7,1.0,1.7E9,
1.1E-42,0.0043,4800.0,1000.0,1600.0,7699999.999999999,4100.0,2300.0,1900.0,4200.0,2100.0,0.18,7699999.999999999,9.5E-6,0.25,0.25,0.0,660.0,3.9,0.022,3.1E-6,2.7E-13,5.6E7,1.0,1.7E9,
1.0E-42,0.0041,4800.0,1000.0,1600.0,7299999.999999999,4000.0,2300.0,1900.0,4200.0,2100.0,0.18,7299999.999999999,1.0E-5,0.24,0.24,0.0,660.0,3.7,0.0011,3.1E-6,1.4E-13,5.3E7,1.0,1.7E9,
9.899999999999998E-43,0.004,4800.0,1000.0,1600.0,6999999.999999999,4000.0,2300.0,1900.0,4200.0,2100.0,0.17,6999999.999999999,1.2E-5,0.23,0.23,0.0,650.0,3.6,7.4E-6,3.0E-6,5.0E-14,5.0E7,1.0,1.7E9,
9.7E-43,0.0039,4800.0,1000.0,1600.0,6799999.999999999,4000.0,2300.0,1900.0,4200.0,2100.0,0.17,6799999.999999999,1.3E-5,0.23,0.23,0.0,650.0,3.5,5.1E-8,3.0E-6,1.8E-14,4.8E7,1.0,1.7E9,
9.7E-43,0.0039,4800.0,1000.0,1600.0,6799999.999999999,4000.0,2300.0,1900.0,4200.0,2100.0,0.17,6799999.999999999,1.3E-5,0.23,0.23,0.0,650.0,3.5,1.3E-10,3.0E-6,5.5E-15,4.8E7,1.0,1.7E9,
9.7E-43,0.0039,4800.0,1000.0,1600.0,6799999.999999999,4000.0,2300.0,1900.0,4200.0,2100.0,0.17,6799999.999999999,1.2E-5,0.23,0.23,0.0,640.0,3.5,3.2E-13,3.0E-6,1.7E-15,4.9E7,1.0,1.7E9,
9.7E-43,0.0039,4800.0,1000.0,1600.0,6799999.999999999,4000.0,2300.0,1900.0,4200.0,2100.0,0.17,6799999.999999999,1.1E-5,0.23,0.23,0.0,640.0,3.5,8.2E-16,3.0E-6,5.1E-16,5.1E7,1.0,1.7E9,
9.7E-43,0.0039,4800.0,1000.0,1600.0,6799999.999999999,4000.0,2300.0,1900.0,4200.0,2100.0,0.17,6799999.999999999,9.0E-6,0.23,0.23,0.0,640.0,3.5,2.2E-18,3.0E-6,1.7E-16,5.4E7,1.0,1.7E9,
9.7E-43,0.0039,4800.0,1000.0,1600.0,6799999.999999999,4000.0,2300.0,1900.0,4200.0,2100.0,0.17,6799999.999999999,7.7E-6,0.23,0.23,0.0,630.0,3.5,7.9E-21,3.0E-6,6.1E-17,5.8E7,1.0,1.7E9,
9.7E-43,0.0039,4800.0,1000.0,1600.0,6799999.999999999,4000.0,2300.0,1900.0,4200.0,2100.0,0.17,6799999.999999999,6.5E-6,0.23,0.23,0.0,630.0,3.5,1.6E-22,3.0E-6,2.7E-17,6.1E7,1.0,1.7E9,
9.9E-42,0.023,15000.0,71000.0,1300.0,8299999.999999999,4000.0,2300.0,1900.0,8000.0,4900.0,0.18,8400000.0,3.9E-6,0.5,0.5,0.0,670.0,2.0,4.1,3.3E-6,9.4E-13,6.1E7,1.0,1.7E9,
1.8E-42,0.0042,2700.0,5400.0,1300.0,7899999.999999999,4000.0,2300.0,1900.0,470.0,4900.0,0.18,7999999.999999999,4.4E-6,0.33,0.33,0.0,670.0,1.9,0.077,3.2E-6,7.7E-14,5.7E7,1.0,1.7E9,
1.8E-42,0.0041,2700.0,5400.0,1300.0,7699999.999999999,4000.0,2300.0,1900.0,470.0,4900.0,0.18,7699999.999999999,5.0E-6,0.32,0.32,0.0,670.0,1.9,0.0014,3.2E-6,3.4E-14,5.4E7,1.0,1.7E9,
1.7E-42,0.004,2700.0,5400.0,1300.0,7499999.999999999,4000.0,2300.0,1900.0,470.0,4900.0,0.17,7499999.999999999,5.7E-6,0.32,0.32,0.0,670.0,1.8,2.6E-5,3.2E-6,1.5E-14,5.1E7,1.0,1.7E9,
1.7E-42,0.0039,2700.0,5400.0,1300.0,7199999.999999999,4000.0,2300.0,1900.0,470.0,4900.0,0.17,7199999.999999999,6.4E-6,0.31,0.31,0.0,670.0,1.8,1.8E-7,3.2E-6,5.4E-15,4.8E7,1.0,1.7E9,
1.7E-42,0.0039,2700.0,5400.0,1300.0,6999999.999999999,4000.0,2300.0,1900.0,470.0,4900.0,0.17,6999999.999999999,6.7E-6,0.31,0.31,0.0,670.0,1.7,2.4E-8,3.2E-6,3.6E-15,4.7E7,1.0,1.7E9,
6.2E-42,0.018,15000.0,48000.0,4500.0,7999999.999999999,4000.0,2300.0,1900.0,470.0,4900.0,0.17,8099999.999999999,1.9,0.41,0.41,0.0,670.0,1.9,9.9,3.2E-6,4.2E-12,4.6E7,1.0,1.7E9,
4.9E-42,0.014,2400.0,36000.0,4500.0,7999999.999999999,4000.0,2300.0,1900.0,470.0,4900.0,0.17,8099999.999999999,1.8E-5,0.38,0.38,0.0,670.0,3.8,0.19,3.2E-6,1.5E-12,4.4E7,1.0,1.7E9,
1.6E-42,0.0044,2400.0,2900.0,4400.0,7899999.999999999,4000.0,2300.0,1900.0,460.0,4900.0,0.17,7899999.999999999,1.9E-5,0.3,0.3,0.0,670.0,3.7,0.0035,3.2E-6,2.1E-13,4.3E7,1.0,1.7E9,
1.5E-42,0.0043,2400.0,2900.0,4400.0,7499999.999999999,4000.0,2300.0,1900.0,460.0,4900.0,0.17,7499999.999999999,1.9E-5,0.29,0.29,0.0,680.0,3.6,1.7E-4,3.2E-6,1.1E-13,4.2E7,1.0,1.7E9,
1.5E-42,0.0042,2400.0,2900.0,4400.0,7199999.999999999,4000.0,2300.0,1900.0,460.0,4900.0,0.17,7199999.999999999,2.0E-5,0.28,0.28,0.0,660.0,3.5,3.2E-6,3.2E-6,5.0E-14,4.1E7,1.0,1.7E9,
1.5E-42,0.0041,2300.0,2900.0,4400.0,6799999.999999999,4000.0,2300.0,1900.0,460.0,4900.0,0.17,6799999.999999999,2.1E-5,0.28,0.28,0.0,670.0,3.4,1.6E-7,3.2E-6,2.7E-14,4.0E7,1.0,1.7E9,
1.5E-42,0.0041,2300.0,2900.0,4400.0,6799999.999999999,4000.0,2300.0,1900.0,460.0,4900.0,0.17,6799999.999999999,2.0E-5,0.28,0.28,0.0,660.0,3.4,4.1E-10,3.2E-6,8.0E-15,4.0E7,1.0,1.7E9,
1.5E-42,0.0041,2300.0,2900.0,4400.0,6799999.999999999,4000.0,2300.0,1900.0,460.0,4900.0,0.17,6799999.999999999,1.8E-5,0.28,0.28,0.0,650.0,3.4,1.0E-12,3.2E-6,2.4E-15,4.2E7,1.0,1.7E9,
1.5E-42,0.0041,2300.0,2900.0,4400.0,6799999.999999999,4000.0,2300.0,1900.0,460.0,4900.0,0.17,6799999.999999999,1.5E-5,0.28,0.28,0.0,650.0,3.4,2.6E-15,3.2E-6,7.6E-16,4.4E7,1.0,1.7E9,
1.5E-42,0.0041,2300.0,2900.0,4400.0,6799999.999999999,4000.0,2300.0,1900.0,460.0,4900.0,0.17,6799999.999999999,1.3E-5,0.28,0.28,0.0,650.0,3.4,6.7E-18,3.2E-6,2.5E-16,4.7E7,1.0,1.7E9,
1.5E-42,0.0041,2300.0,2900.0,4400.0,6799999.999999999,4000.0,2300.0,1900.0,460.0,4900.0,0.17,6799999.999999999,1.0E-5,0.28,0.28,0.0,640.0,3.4,1.8E-20,3.2E-6,9.0E-17,5.1E7,1.0,1.7E9,
1.5E-42,0.0041,2300.0,2900.0,4400.0,6799999.999999999,4000.0,2300.0,1900.0,460.0,4900.0,0.17,6799999.999999999,8.7E-6,0.28,0.28,0.0,640.0,3.4,5.9E-23,3.2E-6,4.0E-17,5.5E7,1.0,1.7E9,
1.5E-42,0.0041,2300.0,2900.0,4400.0,6799999.999999999,4000.0,2300.0,1900.0,460.0,4900.0,0.17,6799999.999999999,7.2E-6,0.28,0.28,0.0,640.0,3.4,1.4E-25,3.2E-6,2.2E-17,5.8E7,1.0,1.7E9,
1.5E-42,0.0041,2300.0,2900.0,4400.0,6799999.999999999,4000.0,2300.0,1900.0,460.0,4900.0,0.17,6799999.999999999,6.0E-6,0.28,0.28,0.0,640.0,3.4,1.7000000000000003E-28,3.2E-6,1.5E-17,6.2E7,1.0,1.7E9,
1.5E-42,0.0041,2300.0,2900.0,4400.0,6799999.999999999,4000.0,2300.0,1900.0,460.0,4900.0,0.17,6799999.999999999,7.4E-6,0.28,0.28,0.0,640.0,3.4,4.2E-31,3.2E-6,1.4E-17,5.8E7,1.0,1.7E9,
1.5E-42,0.0041,2300.0,2900.0,4400.0,6799999.999999999,4000.0,2300.0,1900.0,460.0,4900.0,0.17,6799999.999999999,8.0E-6,0.28,0.28,0.0,640.0,3.4,1.1E-33,3.2E-6,1.5E-17,5.6E7,1.0,1.7E9,
1.5E-42,0.0041,2300.0,2900.0,4400.0,6799999.999999999,4000.0,2300.0,1900.0,460.0,4900.0,0.17,6799999.999999999,7.7E-6,0.28,0.28,0.0,630.0,3.4,2.7E-36,3.2E-6,1.5E-17,5.7E7,1.0,1.7E9,
1.5E-42,0.0041,2300.0,2900.0,4400.0,6799999.999999999,4000.0,2300.0,1900.0,460.0,4900.0,0.17,6799999.999999999,7.0E-6,0.28,0.28,0.0,630.0,3.4,6.899999999999999E-39,3.2E-6,1.4E-17,5.9E7,1.0,1.7E9,
1.5E-42,0.0041,2300.0,2900.0,4400.0,6799999.999999999,4000.0,2300.0,1900.0,460.0,4900.0,0.17,6799999.999999999,6.2E-6,0.28,0.28,0.0,620.0,3.4,7.2E-41,3.2E-6,1.3E-17,6.2E7,1.0,1.7E9,
1.5E-42,0.0041,2300.0,2900.0,4400.0,6799999.999999999,4000.0,2300.0,1900.0,460.0,4900.0,0.17,6799999.999999999,5.3E-6,0.28,0.28,0.0,620.0,3.4,2.0999999999999999E-41,3.2E-6,1.2E-17,6.5E7,1.0,1.7E9,
1.5E-42,0.0041,2300.0,2900.0,4400.0,6799999.999999999,4000.0,2300.0,1900.0,460.0,4900.0,0.17,6799999.999999999,4.6E-6,0.28,0.28,0.0,620.0,3.4,5.9E-42,3.2E-6,1.0E-17,6.8E7,1.0,1.7E9,
1.5E-42,0.0041,2300.0,2900.0,4400.0,6799999.999999999,4000.0,2300.0,1900.0,460.0,4900.0,0.17,6799999.999999999,4.0E-6,0.28,0.28,0.0,610.0,3.4,0.0,3.2E-6,8.7E-18,7.2E7,1.0,1.7E9,
1.5E-42,0.0041,2300.0,2900.0,4400.0,6799999.999999999,4000.0,2300.0,1900.0,460.0,4900.0,0.17,6799999.999999999,4.6E-6,0.28,0.28,0.0,610.0,3.4,1.1E-43,3.2E-6,8.3E-18,6.8E7,1.0,1.7E9,
1.5E-42,0.0041,2300.0,2900.0,4400.0,6799999.999999999,4000.0,2300.0,1900.0,460.0,4900.0,0.17,6799999.999999999,5.4E-6,0.28,0.28,0.0,610.0,3.4,2.7E-46,3.2E-6,9.5E-18,6.5E7,1.0,1.7E9,
1.5E-42,0.0041,2300.0,2900.0,4400.0,6799999.999999999,4000.0,2300.0,1900.0,460.0,4900.0,0.17,6799999.999999999,5.6E-6,0.28,0.28,0.0,610.0,3.4,6.899999999999999E-49,3.2E-6,1.0E-17,6.4E7,1.0,1.7E9,
1.5E-42,0.0041,2300.0,2900.0,4400.0,6799999.999999999,4000.0,2300.0,1900.0,460.0,4900.0,0.17,6799999.999999999,5.4E-6,0.28,0.28,0.0,610.0,3.4,1.7E-51,3.2E-6,1.1E-17,6.5E7,1.0,1.7E9,
2.4E-42,0.0079,6900.0,13000.0,5900.0,7799999.999999999,4000.0,2300.0,1900.0,460.0,4900.0,0.17,7799999.999999999,0.43,0.3,0.3,0.0,650.0,4.6,180.0,3.4E-6,1.1E-12,6.6E7,1.0,1.7E9,
1.3E-42,0.0041,6900.0,530.0,5900.0,7499999.999999999,4000.0,2300.0,1900.0,460.0,4900.0,0.17,7499999.999999999,8.7E-6,0.26,0.26,0.0,650.0,4.9,9.3,3.4E-6,3.1E-13,6.3E7,1.0,1.7E9,
2.9E-41,0.045,22000.0,89000.0,76000.0,7799999.999999999,7900.0,3800.0,5300.0,3200.0,6700.0,0.17,7999999.999999999,2.8E-5,0.56,0.56,0.0,690.0,13.0,10.0,3.7E-6,4.7E-11,5.8E7,1.0,1.7E9,
1.5999999999999998E-41,0.026,22000.0,89000.0,950.0,7699999.999999999,320.0,3800.0,5300.0,3200.0,6700.0,0.17,7899999.999999999,3.4E-6,0.56,0.56,0.0,680.0,1.3,0.54,3.7E-6,1.4E-11,5.5E7,1.0,1.7E9,
2.4E-42,0.0038,4700.0,6200.0,950.0,7299999.999999999,320.0,3800.0,5300.0,3200.0,6700.0,0.17,7299999.999999999,3.7E-6,0.35,0.35,0.0,680.0,1.2,0.01,3.7E-6,9.6E-13,5.2E7,1.0,1.7E9,
2.4E-42,0.0037,4700.0,6200.0,950.0,7099999.999999999,320.0,3800.0,5300.0,3200.0,6700.0,0.17,7199999.999999999,4.2E-6,0.34,0.34,0.0,670.0,1.2,7.1E-5,3.7E-6,3.5E-13,4.9E7,1.0,1.7E9,
2.3E-42,0.0037,4700.0,6200.0,950.0,6799999.999999999,320.0,3800.0,5300.0,3200.0,6700.0,0.17,6899999.999999999,4.4E-6,0.34,0.34,0.0,670.0,1.2,3.5E-6,3.6E-6,1.9E-13,4.8E7,1.0,1.7E9,
2.3E-42,0.0037,4700.0,6200.0,950.0,6799999.999999999,320.0,3800.0,5300.0,3200.0,6700.0,0.17,6899999.999999999,4.7E-6,0.34,0.34,0.0,670.0,1.2,9.0E-9,3.6E-6,5.7E-14,4.6E7,1.0,1.7E9,
2.3E-42,0.0037,4700.0,6200.0,950.0,6799999.999999999,320.0,3800.0,5300.0,3200.0,6700.0,0.17,6899999.999999999,4.5E-6,0.34,0.34,0.0,660.0,1.2,2.3E-11,3.6E-6,1.7E-14,4.7E7,1.0,1.7E9,
2.3E-42,0.0037,4700.0,6200.0,950.0,6799999.999999999,320.0,3800.0,5300.0,3200.0,6700.0,0.17,6899999.999999999,4.0E-6,0.34,0.34,0.0,650.0,1.2,5.9E-14,3.6E-6,5.2E-15,4.9E7,1.0,1.7E9,
1.0E-41,0.024,40000.0,160000.0,4300.0,7799999.999999999,320.0,3800.0,5300.0,3200.0,6700.0,0.17,7999999.999999999,1.0E-5,0.61,0.61,0.0,670.0,3.2,79.0,3.7E-6,2.5E-12,5.1E7,1.0,1.7E9,
9.7E-42,0.023,26000.0,87000.0,15000.0,7799999.999999999,320.0,3800.0,5300.0,3200.0,6700.0,0.17,7899999.999999999,2.6,0.62,0.62,0.0,670.0,3.3,180.0,3.8E-6,1.5E-11,5.0E7,1.0,1.7E9,
1.0E-42,0.0025,1300.0,1600.0,2600.0,7699999.999999999,320.0,3800.0,5300.0,3200.0,6700.0,0.17,7699999.999999999,9.8E-6,0.38,0.38,0.0,670.0,2.6,9.2,3.7E-6,8.7E-13,4.8E7,1.0,1.7E9,
1.0E-42,0.0024,1300.0,1600.0,2600.0,7299999.999999999,320.0,3800.0,5300.0,3200.0,6700.0,0.17,7299999.999999999,1.1E-5,0.37,0.37,0.0,660.0,2.5,0.17,3.7E-6,3.8E-13,4.6E7,1.0,1.7E9,
9.7E-43,0.0023,1300.0,1600.0,2600.0,6799999.999999999,320.0,3800.0,5300.0,3200.0,6700.0,0.17,6899999.999999999,1.1E-5,0.36,0.36,0.0,660.0,2.4,0.0085,3.7E-6,2.0E-13,4.5E7,1.0,1.7E9,
9.7E-43,0.0023,1300.0,1600.0,2600.0,6799999.999999999,320.0,3800.0,5300.0,3200.0,6700.0,0.17,6899999.999999999,1.2E-5,0.36,0.36,0.0,650.0,2.4,2.2E-5,3.7E-6,6.0E-14,4.3E7,1.0,1.7E9,
9.7E-43,0.0023,1300.0,1600.0,2600.0,6799999.999999999,320.0,3800.0,5300.0,3200.0,6700.0,0.17,6899999.999999999,1.1E-5,0.36,0.36,0.0,640.0,2.4,5.5E-8,3.7E-6,1.8E-14,4.4E7,1.0,1.7E9,
6.6E-42,0.015,5900.0,79000.0,5000.0,7699999.999999999,320.0,3800.0,5300.0,3200.0,6700.0,0.17,7799999.999999999,6.3E-6,0.57,0.57,0.0,650.0,1.4,17.0,3.9E-6,1.6E-12,4.5E7,1.0,1.7E9,
9.599999999999999E-43,0.0022,5900.0,710.0,5000.0,7599999.999999999,320.0,3800.0,5300.0,3200.0,6700.0,0.17,7599999.999999999,6.7E-6,0.37,0.37,0.0,650.0,1.4,0.32,3.9E-6,1.0E-13,4.3E7,1.0,1.7E9,
9.3E-43,0.0021,5900.0,700.0,4900.0,7099999.999999999,320.0,3800.0,5300.0,3200.0,6700.0,0.17,7099999.999999999,6.8E-6,0.36,0.36,0.0,640.0,1.3,0.043,3.8E-6,6.6E-14,4.3E7,1.0,1.7E9,
9.1E-43,0.0021,5900.0,700.0,4900.0,6799999.999999999,320.0,3800.0,5300.0,3200.0,6700.0,0.17,6899999.999999999,7.1E-6,0.35,0.35,0.0,640.0,1.3,8.1E-4,3.8E-6,2.9E-14,4.1E7,1.0,1.7E9,
1.2E-42,0.0029,9200.0,3400.0,5500.0,7799999.999999999,320.0,3800.0,5300.0,3200.0,6600.0,0.17,7799999.999999999,1.2E-5,0.33,0.33,0.0,650.0,2.0,76.0,3.9E-6,3.8E-13,4.1E7,1.0,1.7E9,
1.2E-42,0.0029,1600.0,3400.0,5500.0,7599999.999999999,320.0,3800.0,5300.0,3200.0,6600.0,0.17,7699999.999999999,1.2E-5,0.33,0.33,0.0,650.0,2.0,3.8,3.9E-6,2.1E-13,4.0E7,1.0,1.7E9,
1.2E-42,0.0028,1600.0,3400.0,5500.0,7099999.999999999,310.0,3800.0,5300.0,3200.0,6600.0,0.17,7099999.999999999,1.2E-5,0.32,0.32,0.0,640.0,1.9,0.19,3.9E-6,1.1E-13,3.9E7,1.0,1.7E9,
1.2E-42,0.0027,1600.0,3400.0,5500.0,6799999.999999999,310.0,3800.0,5300.0,3200.0,6600.0,0.17,6899999.999999999,1.3E-5,0.31,0.31,0.0,630.0,1.9,0.0013,3.9E-6,4.0E-14,3.9E7,1.0,1.7E9,
1.2E-42,0.0027,1600.0,3400.0,5500.0,6799999.999999999,310.0,3800.0,5300.0,3200.0,6600.0,0.17,6899999.999999999,1.2E-5,0.31,0.31,0.0,630.0,1.9,3.4E-6,3.9E-6,1.2E-14,3.9E7,1.0,1.7E9,
1.2E-42,0.0027,1600.0,3400.0,5500.0,6799999.999999999,310.0,3800.0,5300.0,3200.0,6600.0,0.17,6899999.999999999,1.1E-5,0.31,0.31,0.0,620.0,1.9,8.5E-9,3.9E-6,3.7E-15,4.1E7,1.0,1.7E9,
1.2E-42,0.0027,1600.0,3400.0,5500.0,6799999.999999999,310.0,3800.0,5300.0,3200.0,6600.0,0.17,6899999.999999999,9.1E-6,0.31,0.31,0.0,620.0,1.9,2.2E-11,3.9E-6,1.1E-15,4.4E7,1.0,1.7E9,
1.2E-42,0.0027,1600.0,3400.0,5500.0,6799999.999999999,310.0,3800.0,5300.0,3200.0,6600.0,0.17,6899999.999999999,7.5E-6,0.31,0.31,0.0,610.0,1.9,5.8E-14,3.9E-6,3.5E-16,4.7E7,1.0,1.7E9,
1.2E-42,0.0027,1600.0,3400.0,5500.0,6799999.999999999,310.0,3800.0,5300.0,3200.0,6600.0,0.17,6899999.999999999,6.1E-6,0.31,0.31,0.0,610.0,1.9,1.5E-16,3.9E-6,1.2E-16,5.0E7,1.0,1.7E9,
1.2E-42,0.0027,1600.0,3400.0,5500.0,6799999.999999999,310.0,3800.0,5300.0,3200.0,6600.0,0.17,6899999.999999999,5.0E-6,0.31,0.31,0.0,610.0,1.9,1.1E-18,3.9E-6,4.4E-17,5.4E7,1.0,1.7E9,
1.2E-42,0.0027,1600.0,3400.0,5500.0,6799999.999999999,310.0,3800.0,5300.0,3200.0,6600.0,0.17,6899999.999999999,4.2E-6,0.31,0.31,0.0,600.0,1.9,4.4E-20,3.9E-6,2.0E-17,5.8E7,1.0,1.7E9,
1.2E-42,0.0027,1600.0,3400.0,5500.0,6799999.999999999,310.0,3800.0,5300.0,3200.0,6600.0,0.17,6899999.999999999,3.5E-6,0.31,0.31,0.0,590.0,1.9,4.3E-21,3.9E-6,1.2E-17,6.2E7,1.0,1.7E9,
1.2E-42,0.0027,1600.0,3400.0,5500.0,6799999.999999999,310.0,3800.0,5300.0,3200.0,6600.0,0.17,6899999.999999999,4.3E-6,0.31,0.31,0.0,590.0,1.9,1.1E-23,3.9E-6,1.0E-17,5.7E7,1.0,1.7E9,
1.2E-42,0.0027,1600.0,3400.0,5500.0,6799999.999999999,310.0,3800.0,5300.0,3200.0,6600.0,0.17,6899999.999999999,4.5E-6,0.31,0.31,0.0,590.0,1.9,2.8E-26,3.9E-6,1.0E-17,5.6E7,1.0,1.7E9,
6.1E-42,0.017,8200.0,73000.0,8000.0,7699999.999999999,310.0,3800.0,5300.0,3200.0,6600.0,0.17,7799999.999999999,1.8E-5,0.47,0.47,0.0,600.0,6.6,2.3,4.0E-6,4.1E-12,5.4E7,1.0,1.7E9,
3.7E-42,0.01,680.0,45000.0,420.0,7699999.999999999,310.0,3800.0,5300.0,3200.0,6600.0,0.17,7799999.999999999,1.1E-5,0.41,0.41,0.0,580.0,3.4,0.016,4.0E-6,9.1E-13,5.1E7,1.0,1.7E9,
7.0999999999999995E-43,0.002,680.0,2300.0,420.0,7399999.999999999,310.0,3800.0,5300.0,3200.0,6600.0,0.17,7399999.999999999,2.2E-6,0.31,0.31,0.0,580.0,3.3,0.0059,3.9E-6,1.4E-13,5.0E7,1.0,1.7E9,
6.799999999999999E-43,0.0019,680.0,2300.0,420.0,6899999.999999999,310.0,3800.0,5300.0,3200.0,6600.0,0.17,6999999.999999999,1.1E-5,0.3,0.3,0.0,590.0,3.1,8.0E-4,3.9E-6,9.1E-14,4.8E7,1.0,1.7E9,
6.699999999999999E-43,0.0019,680.0,2300.0,420.0,6799999.999999999,310.0,3800.0,5300.0,3200.0,6600.0,0.17,6899999.999999999,1.2E-5,0.29,0.29,0.0,570.0,3.1,5.5E-6,3.9E-6,3.3E-14,4.6E7,1.0,1.7E9,
6.699999999999999E-43,0.0019,680.0,2300.0,420.0,6799999.999999999,310.0,3800.0,5300.0,3200.0,6600.0,0.17,6899999.999999999,1.3E-5,0.29,0.29,0.0,570.0,3.1,1.4E-8,3.9E-6,1.0E-14,4.6E7,1.0,1.7E9,
6.699999999999999E-43,0.0018,680.0,2300.0,420.0,6799999.999999999,310.0,3800.0,5300.0,3200.0,6600.0,0.17,6799999.999999999,1.2E-5,0.29,0.29,0.0,570.0,3.0,3.5E-11,3.9E-6,3.0E-15,4.6E7,1.0,1.7E9,
6.699999999999999E-43,0.0018,680.0,2300.0,420.0,6799999.999999999,310.0,3800.0,5300.0,3200.0,6600.0,0.17,6799999.999999999,1.3E-5,0.29,0.29,0.0,560.0,3.0,8.8E-14,3.9E-6,9.3E-16,4.5E7,1.0,1.7E9,
6.699999999999999E-43,0.0018,680.0,2300.0,420.0,6799999.999999999,310.0,3800.0,5300.0,3200.0,6600.0,0.17,6799999.999999999,1.3E-5,0.29,0.29,0.0,560.0,3.0,2.2E-16,3.9E-6,3.0E-16,4.5E7,1.0,1.7E9,
6.699999999999999E-43,0.0018,680.0,2300.0,420.0,6799999.999999999,310.0,3800.0,5300.0,3200.0,6600.0,0.17,6799999.999999999,1.1E-5,0.29,0.29,0.0,560.0,3.0,5.6E-19,3.9E-6,1.1E-16,4.7E7,1.0,1.7E9,
6.699999999999999E-43,0.0018,680.0,2300.0,420.0,6799999.999999999,310.0,3800.0,5300.0,3200.0,6600.0,0.17,6799999.999999999,9.7E-6,0.29,0.29,0.0,560.0,3.0,1.4E-21,3.9E-6,5.0E-17,5.0E7,1.0,1.7E9,
6.699999999999999E-43,0.0018,680.0,2300.0,420.0,6799999.999999999,310.0,3800.0,5300.0,3200.0,6600.0,0.17,6799999.999999999,8.1E-6,0.29,0.29,0.0,560.0,3.0,3.7999999999999995E-24,3.9E-6,2.9E-17,5.4E7,1.0,1.7E9,
6.699999999999999E-43,0.0018,680.0,2300.0,420.0,6799999.999999999,310.0,3800.0,5300.0,3200.0,6600.0,0.17,6799999.999999999,6.8E-6,0.29,0.29,0.0,550.0,3.0,4.4E-26,3.9E-6,2.1E-17,5.7E7,1.0,1.7E9,
6.699999999999999E-43,0.0018,680.0,2300.0,420.0,6799999.999999999,310.0,3800.0,5300.0,3200.0,6600.0,0.17,6799999.999999999,5.7E-6,0.29,0.29,0.0,540.0,3.0,2.0E-27,3.9E-6,1.6E-17,6.1E7,1.0,1.7E9,
6.699999999999999E-43,0.0018,680.0,2300.0,420.0,6799999.999999999,310.0,3800.0,5300.0,3200.0,6600.0,0.17,6799999.999999999,4.8E-6,0.29,0.29,0.0,530.0,3.0,9.3E-28,3.9E-6,1.3E-17,6.5E7,1.0,1.7E9,
6.699999999999999E-43,0.0018,680.0,2300.0,420.0,6799999.999999999,310.0,3800.0,5300.0,3200.0,6600.0,0.17,6799999.999999999,5.7E-6,0.29,0.29,0.0,530.0,3.0,0.0,3.9E-6,1.3E-17,6.1E7,1.0,1.7E9,
6.699999999999999E-43,0.0018,680.0,2300.0,420.0,6799999.999999999,310.0,3800.0,5300.0,3200.0,6600.0,0.17,6799999.999999999,6.4E-6,0.29,0.29,0.0,530.0,3.0,0.0,3.9E-6,1.4E-17,5.8E7,1.0,1.7E9,
6.699999999999999E-43,0.0018,680.0,2300.0,420.0,6799999.999999999,310.0,3800.0,5300.0,3200.0,6600.0,0.17,6799999.999999999,6.3E-6,0.29,0.29,0.0,530.0,3.0,0.0,3.9E-6,1.5E-17,5.9E7,1.0,1.7E9,
6.699999999999999E-43,0.0018,680.0,2300.0,420.0,6799999.999999999,310.0,3800.0,5300.0,3200.0,6600.0,0.17,6799999.999999999,5.8E-6,0.29,0.29,0.0,520.0,3.0,0.0,3.9E-6,1.4E-17,6.0E7,1.0,1.7E9,
6.699999999999999E-43,0.0018,680.0,2300.0,420.0,6799999.999999999,310.0,3800.0,5300.0,3200.0,6600.0,0.17,6799999.999999999,5.2E-6,0.29,0.29,0.0,520.0,3.0,0.0,3.9E-6,1.3E-17,6.3E7,1.0,1.7E9,
6.699999999999999E-43,0.0018,680.0,2300.0,420.0,6799999.999999999,310.0,3800.0,5300.0,3200.0,6600.0,0.17,6799999.999999999,4.6E-6,0.29,0.29,0.0,520.0,3.0,0.0,3.9E-6,1.2E-17,6.6E7,1.0,1.7E9,
6.699999999999999E-43,0.0018,680.0,2300.0,420.0,6799999.999999999,310.0,3800.0,5300.0,3200.0,6600.0,0.17,6799999.999999999,4.0E-6,0.29,0.29,0.0,520.0,3.0,0.0,3.9E-6,1.0E-17,6.9E7,1.0,1.7E9,
6.699999999999999E-43,0.0018,680.0,2300.0,420.0,6799999.999999999,310.0,3800.0,5300.0,3200.0,6600.0,0.17,6799999.999999999,3.4E-6,0.29,0.29,0.0,510.0,3.0,0.0,3.9E-6,9.0E-18,7.3E7,1.0,1.7E9,
6.699999999999999E-43,0.0018,680.0,2300.0,420.0,6799999.999999999,310.0,3800.0,5300.0,3200.0,6600.0,0.17,6799999.999999999,3.7E-6,0.29,0.29,0.0,510.0,3.0,0.0,3.9E-6,8.3E-18,7.1E7,1.0,1.7E9,
6.699999999999999E-43,0.0018,680.0,2300.0,420.0,6799999.999999999,310.0,3800.0,5300.0,3200.0,6600.0,0.17,6799999.999999999,4.5E-6,0.29,0.29,0.0,500.0,3.0,0.0,3.9E-6,9.4E-18,6.6E7,1.0,1.7E9,
6.699999999999999E-43,0.0018,680.0,2300.0,420.0,6799999.999999999,310.0,3800.0,5300.0,3200.0,6600.0,0.17,6799999.999999999,4.8E-6,0.29,0.29,0.0,500.0,3.0,0.0,3.9E-6,1.1E-17,6.5E7,1.0,1.7E9,
6.699999999999999E-43,0.0018,680.0,2300.0,420.0,6799999.999999999,310.0,3800.0,5300.0,3200.0,6600.0,0.17,6799999.999999999,4.7E-6,0.29,0.29,0.0,500.0,3.0,0.0,3.9E-6,1.1E-17,6.5E7,1.0,1.7E9,
6.699999999999999E-43,0.0018,680.0,2300.0,420.0,6799999.999999999,310.0,3800.0,5300.0,3200.0,6600.0,0.17,6799999.999999999,4.3E-6,0.29,0.29,0.0,500.0,3.0,0.0,3.9E-6,1.1E-17,6.7E7,1.0,1.7E9,
6.699999999999999E-43,0.0018,680.0,2300.0,420.0,6799999.999999999,310.0,3800.0,5300.0,3200.0,6600.0,0.17,6799999.999999999,3.9E-6,0.29,0.29,0.0,490.0,3.0,0.0,3.9E-6,9.8E-18,7.0E7,1.0,1.7E9,
6.699999999999999E-43,0.0018,680.0,2300.0,420.0,6799999.999999999,310.0,3800.0,5300.0,3200.0,6600.0,0.17,6799999.999999999,3.4E-6,0.29,0.29,0.0,490.0,3.0,0.0,3.9E-6,8.8E-18,7.3E7,1.0,1.7E9,
6.699999999999999E-43,0.0018,680.0,2300.0,420.0,6799999.999999999,310.0,3800.0,5300.0,3200.0,6600.0,0.17,6799999.999999999,3.0E-6,0.29,0.29,0.0,480.0,3.0,0.0,3.9E-6,7.8E-18,7.7E7,1.0,1.7E9,
6.699999999999999E-43,0.0018,680.0,2300.0,420.0,6799999.999999999,310.0,3800.0,5300.0,3200.0,6600.0,0.17,6799999.999999999,2.8E-6,0.29,0.29,0.0,480.0,3.0,0.0,3.9E-6,6.9E-18,7.8E7,1.0,1.7E9,
6.699999999999999E-43,0.0018,680.0,2300.0,420.0,6799999.999999999,310.0,3800.0,5300.0,3200.0,6600.0,0.17,6799999.999999999,3.7E-6,0.29,0.29,0.0,480.0,3.0,0.0,3.9E-6,7.6E-18,7.1E7,1.0,1.7E9,
6.699999999999999E-43,0.0018,680.0,2300.0,420.0,6799999.999999999,310.0,3800.0,5300.0,3200.0,6600.0,0.17,6799999.999999999,4.2E-6,0.29,0.29,0.0,480.0,3.0,0.0,3.9E-6,8.8E-18,6.8E7,1.0,1.7E9,
6.699999999999999E-43,0.0018,680.0,2300.0,420.0,6799999.999999999,310.0,3800.0,5300.0,3200.0,6600.0,0.17,6799999.999999999,4.2E-6,0.29,0.29,0.0,480.0,3.0,0.0,3.9E-6,9.5E-18,6.8E7,1.0,1.7E9,
2.2E-42,0.011,7900.0,58000.0,4900.0,7899999.999999999,2700.0,3800.0,5300.0,3200.0,6600.0,0.17,7999999.999999999,8.4E-6,0.33,0.33,0.0,600.0,5.1,37.0,4.3E-6,1.0E-12,6.7E7,1.0,1.7E9,
3.9999999999999995E-43,0.002,7900.0,390.0,4900.0,7899999.999999999,2700.0,3800.0,5300.0,3200.0,6600.0,0.17,7899999.999999999,9.8E-6,0.24,0.24,0.0,600.0,5.1,0.096,4.3E-6,5.7E-14,6.1E7,1.0,1.7E9,
3.9E-43,0.002,390.0,390.0,4900.0,7399999.999999999,2700.0,3800.0,5300.0,3200.0,6600.0,0.17,7399999.999999999,1.1E-5,0.23,0.23,0.0,580.0,4.9,0.0048,4.2E-6,3.0E-14,5.8E7,1.0,1.7E9,
3.8E-43,0.0019,390.0,390.0,4900.0,7099999.999999999,2700.0,3800.0,5300.0,3200.0,6600.0,0.17,7099999.999999999,1.2E-5,0.23,0.23,0.0,570.0,4.8,6.5E-4,4.2E-6,2.0E-14,5.6E7,1.0,1.7E9,
3.699999999999999E-43,0.0019,390.0,390.0,4900.0,6899999.999999999,2700.0,3800.0,5300.0,3200.0,6600.0,0.17,6899999.999999999,1.3E-5,0.22,0.22,0.0,570.0,4.7,1.2E-5,4.2E-6,8.8E-15,5.3E7,1.0,1.7E9,
3.699999999999999E-43,0.0019,390.0,390.0,4900.0,6799999.999999999,2700.0,3700.0,5300.0,3200.0,6600.0,0.17,6899999.999999999,1.5E-5,0.22,0.22,0.0,570.0,4.7,8.3E-8,4.2E-6,3.2E-15,5.0E7,1.0,1.7E9,
3.699999999999999E-43,0.0019,390.0,390.0,4900.0,6799999.999999999,2700.0,3700.0,5300.0,3200.0,6600.0,0.17,6899999.999999999,1.6E-5,0.22,0.22,0.0,570.0,4.7,2.1E-10,4.2E-6,1.0E-15,5.0E7,1.0,1.7E9,
3.699999999999999E-43,0.0019,390.0,390.0,4900.0,6799999.999999999,2700.0,3700.0,5300.0,3200.0,6600.0,0.17,6899999.999999999,1.5E-5,0.22,0.22,0.0,560.0,4.7,5.4E-13,4.2E-6,3.3E-16,5.1E7,1.0,1.7E9,
3.699999999999999E-43,0.0019,390.0,390.0,4900.0,6799999.999999999,2700.0,3700.0,5300.0,3200.0,6600.0,0.17,6899999.999999999,1.3E-5,0.22,0.22,0.0,560.0,4.7,1.4E-15,4.2E-6,1.2E-16,5.3E7,1.0,1.7E9,
3.699999999999999E-43,0.0019,390.0,390.0,4900.0,6799999.999999999,2700.0,3700.0,5300.0,3200.0,6600.0,0.17,6899999.999999999,1.1E-5,0.22,0.22,0.0,550.0,4.7,3.5E-18,4.2E-6,5.8E-17,5.6E7,1.0,1.7E9,
3.699999999999999E-43,0.0019,390.0,390.0,4900.0,6799999.999999999,2700.0,3700.0,5300.0,3200.0,6600.0,0.17,6899999.999999999,9.5E-6,0.22,0.22,0.0,550.0,4.7,8.5E-21,4.2E-6,3.5E-17,6.0E7,1.0,1.7E9,
3.699999999999999E-43,0.0019,390.0,390.0,4900.0,6799999.999999999,2700.0,3700.0,5300.0,3200.0,6600.0,0.17,6899999.999999999,8.1E-6,0.22,0.22,0.0,550.0,4.7,0.0,4.2E-6,2.6E-17,6.3E7,1.0,1.7E9,
3.699999999999999E-43,0.0019,390.0,390.0,4900.0,6799999.999999999,2700.0,3700.0,5300.0,3200.0,6600.0,0.17,6899999.999999999,6.9E-6,0.22,0.22,0.0,550.0,4.7,0.0,4.2E-6,2.1E-17,6.7E7,1.0,1.7E9,
3.699999999999999E-43,0.0019,390.0,390.0,4900.0,6799999.999999999,2700.0,3700.0,5300.0,3200.0,6600.0,0.17,6899999.999999999,7.3E-6,0.22,0.22,0.0,550.0,4.7,0.0,4.2E-6,1.8E-17,6.5E7,1.0,1.7E9,
3.699999999999999E-43,0.0019,390.0,390.0,4900.0,6799999.999999999,2700.0,3700.0,5300.0,3200.0,6600.0,0.17,6899999.999999999,8.7E-6,0.22,0.22,0.0,550.0,4.7,0.0,4.2E-6,2.0E-17,6.2E7,1.0,1.7E9,
3.699999999999999E-43,0.0019,390.0,390.0,4900.0,6799999.999999999,2700.0,3700.0,5300.0,3200.0,6600.0,0.17,6899999.999999999,9.0E-6,0.22,0.22,0.0,540.0,4.7,0.0,4.2E-6,2.2E-17,6.1E7,1.0,1.7E9,
3.699999999999999E-43,0.0019,390.0,390.0,4900.0,6799999.999999999,2700.0,3700.0,5300.0,3200.0,6600.0,0.17,6899999.999999999,8.6E-6,0.22,0.22,0.0,540.0,4.7,0.0,4.2E-6,2.2E-17,6.2E7,1.0,1.7E9,
3.699999999999999E-43,0.0019,390.0,390.0,4900.0,6799999.999999999,2700.0,3700.0,5300.0,3200.0,6600.0,0.17,6899999.999999999,7.8E-6,0.22,0.22,0.0,540.0,4.7,0.0,4.2E-6,2.1E-17,6.4E7,1.0,1.7E9,
3.699999999999999E-43,0.0019,390.0,390.0,4900.0,6799999.999999999,2700.0,3700.0,5300.0,3200.0,6600.0,0.17,6899999.999999999,6.9E-6,0.22,0.22,0.0,540.0,4.7,0.0,4.2E-6,1.9E-17,6.7E7,1.0,1.7E9,
3.699999999999999E-43,0.0019,390.0,390.0,4900.0,6799999.999999999,2700.0,3700.0,5300.0,3200.0,6600.0,0.17,6899999.999999999,6.0E-6,0.22,0.22,0.0,540.0,4.7,0.0,4.2E-6,1.7E-17,7.0E7,1.0,1.7E9,
3.699999999999999E-43,0.0019,390.0,390.0,4900.0,6799999.999999999,2700.0,3700.0,5300.0,3200.0,6600.0,0.17,6899999.999999999,5.2E-6,0.22,0.22,0.0,540.0,4.7,0.0,4.2E-6,1.5E-17,7.4E7,1.0,1.7E9,
3.699999999999999E-43,0.0019,390.0,390.0,4900.0,6799999.999999999,2700.0,3700.0,5300.0,3200.0,6600.0,0.17,6899999.999999999,4.9E-6,0.22,0.22,0.0,540.0,4.7,0.0,4.2E-6,1.3E-17,7.5E7,1.0,1.7E9,
3.699999999999999E-43,0.0019,390.0,390.0,4900.0,6799999.999999999,2700.0,3700.0,5300.0,3200.0,6600.0,0.17,6899999.999999999,6.4E-6,0.22,0.22,0.0,540.0,4.7,0.0,4.2E-6,1.4E-17,6.9E7,1.0,1.7E9,
3.699999999999999E-43,0.0019,390.0,390.0,4900.0,6799999.999999999,2700.0,3700.0,5300.0,3200.0,6600.0,0.17,6899999.999999999,7.0E-6,0.22,0.22,0.0,540.0,4.7,0.0,4.2E-6,1.6E-17,6.6E7,1.0,1.7E9,
3.699999999999999E-43,0.0019,390.0,390.0,4900.0,6799999.999999999,2700.0,3700.0,5300.0,3200.0,6600.0,0.17,6899999.999999999,7.1E-6,0.22,0.22,0.0,530.0,4.7,0.0,4.2E-6,1.7E-17,6.6E7,1.0,1.7E9,
3.699999999999999E-43,0.0019,390.0,390.0,4900.0,6799999.999999999,2700.0,3700.0,5300.0,3200.0,6600.0,0.17,6899999.999999999,6.6E-6,0.22,0.22,0.0,530.0,4.7,0.0,4.2E-6,1.7E-17,6.8E7,1.0,1.7E9,
3.699999999999999E-43,0.0019,390.0,390.0,4900.0,6799999.999999999,2700.0,3700.0,5300.0,3200.0,6600.0,0.17,6899999.999999999,6.0E-6,0.22,0.22,0.0,530.0,4.7,0.0,4.2E-6,1.6E-17,7.0E7,1.0,1.7E9,
3.699999999999999E-43,0.0019,390.0,390.0,4900.0,6799999.999999999,2700.0,3700.0,5300.0,3200.0,6600.0,0.17,6899999.999999999,5.3E-6,0.22,0.22,0.0,530.0,4.7,0.0,4.2E-6,1.5E-17,7.3E7,1.0,1.7E9,
3.699999999999999E-43,0.0019,390.0,390.0,4900.0,6799999.999999999,2700.0,3700.0,5300.0,3200.0,6600.0,0.17,6899999.999999999,4.7E-6,0.22,0.22,0.0,520.0,4.7,0.0,4.2E-6,1.3E-17,7.7E7,1.0,1.7E9,
1.3999999999999998E-41,0.11,94000.0,280000.0,51000.0,8700000.0,2700.0,3700.0,5300.0,3200.0,6600.0,0.17,9100000.0,20.0,0.62,0.62,0.0,610.0,12.0,4700.0,4.7E-6,1.7E-11,8.1E7,1.0,1.7E9,
8.8E-42,0.07,94000.0,150000.0,51000.0,8700000.0,2700.0,3700.0,5300.0,3200.0,6600.0,0.17,9000000.0,3.6E-5,0.44,0.44,0.0,610.0,32.0,100.0,4.7E-6,5.0E-12,7.4E7,1.0,1.7E9,
5.7999999999999995E-43,0.0046,3600.0,4800.0,680.0,8400000.0,2700.0,3700.0,5300.0,3200.0,6600.0,0.17,8400000.0,2.0E-6,0.22,0.22,0.0,610.0,4.8,38.0,4.7E-6,2.6E-13,7.3E7,1.0,1.7E9,
3.6E-42,0.014,3800.0,52000.0,670.0,8600000.0,2700.0,3700.0,5300.0,5300.0,5000.0,0.17,8700000.0,8.8E-6,0.14,0.14,0.0,600.0,5.8,7.9,4.7E-6,2.0E-12,6.7E7,1.0,1.7E9,
7.899999999999999E-43,0.003,3800.0,4400.0,670.0,8400000.0,2700.0,3700.0,5200.0,5300.0,5000.0,0.17,8400000.0,1.0E-5,0.1,0.1,0.0,600.0,5.6,0.4,4.7E-6,2.4E-13,6.4E7,1.0,1.7E9,
7.6E-43,0.0029,3800.0,4400.0,670.0,7799999.999999999,2700.0,3700.0,5200.0,5300.0,5000.0,0.16,7899999.999999999,9.9E-6,0.098,0.098,0.0,600.0,5.3,0.15,4.7E-6,1.9E-13,6.2E7,1.0,1.7E9,
7.399999999999999E-43,0.0028,3800.0,4400.0,670.0,7599999.999999999,2700.0,3700.0,5200.0,5300.0,5000.0,0.16,7599999.999999999,1.1E-5,0.096,0.096,0.0,590.0,5.1,0.02,4.6E-6,1.2E-13,6.0E7,1.0,1.7E9,
7.3E-43,0.0028,3800.0,4400.0,670.0,7399999.999999999,2700.0,3700.0,5200.0,5300.0,5000.0,0.16,7399999.999999999,1.2E-5,0.094,0.094,0.0,580.0,5.0,1.4E-4,4.6E-6,4.4E-14,5.6E7,1.0,1.7E9,
7.2E-43,0.0028,3800.0,4400.0,670.0,7299999.999999999,2700.0,3700.0,5200.0,5300.0,5000.0,0.16,7299999.999999999,1.4E-5,0.094,0.094,0.0,570.0,4.9,2.6E-6,4.6E-6,2.0E-14,5.3E7,1.0,1.7E9,
7.2E-43,0.0027,3800.0,4400.0,670.0,7199999.999999999,2700.0,3700.0,5200.0,5300.0,4900.0,0.16,7199999.999999999,1.7E-5,0.093,0.093,0.0,570.0,4.8,1.8E-8,4.6E-6,7.2E-15,5.0E7,1.0,1.7E9,
6.999999999999999E-43,0.0027,3800.0,4400.0,670.0,6899999.999999999,2700.0,3700.0,5200.0,5300.0,4900.0,0.16,6899999.999999999,1.9E-5,0.091,0.091,0.0,570.0,4.7,1.2E-10,4.6E-6,2.6E-15,4.7E7,1.0,1.7E9,
6.999999999999999E-43,0.0027,3800.0,4400.0,670.0,6899999.999999999,2700.0,3700.0,5200.0,5300.0,4900.0,0.16,6899999.999999999,2.1E-5,0.091,0.091,0.0,570.0,4.6,8.3E-13,4.6E-6,1.0E-15,4.5E7,1.0,1.7E9,
6.999999999999999E-43,0.0027,3800.0,4400.0,670.0,6899999.999999999,2700.0,3700.0,5200.0,5300.0,4900.0,0.16,6899999.999999999,2.1E-5,0.091,0.091,0.0,570.0,4.6,2.1E-15,4.6E-6,3.4E-16,4.5E7,1.0,1.7E9,
6.999999999999999E-43,0.0027,3800.0,4400.0,670.0,6899999.999999999,2700.0,3700.0,5200.0,5300.0,4900.0,0.16,6899999.999999999,1.9E-5,0.091,0.091,0.0,570.0,4.6,5.4E-18,4.6E-6,1.4E-16,4.7E7,1.0,1.7E9,
6.999999999999999E-43,0.0027,3800.0,4400.0,670.0,6899999.999999999,2700.0,3700.0,5200.0,5300.0,4900.0,0.16,6899999.999999999,1.6E-5,0.091,0.091,0.0,570.0,4.6,1.4E-20,4.6E-6,7.5E-17,4.9E7,1.0,1.7E9,
6.999999999999999E-43,0.0027,3800.0,4400.0,670.0,6899999.999999999,2700.0,3700.0,5200.0,5300.0,4900.0,0.16,6899999.999999999,1.4E-5,0.091,0.091,0.0,570.0,4.6,3.3E-23,4.6E-6,5.1E-17,5.2E7,1.0,1.7E9,
6.999999999999999E-43,0.0027,3800.0,4400.0,670.0,6899999.999999999,2700.0,3700.0,5200.0,5300.0,4900.0,0.16,6899999.999999999,1.2E-5,0.091,0.091,0.0,560.0,4.6,9.2E-26,4.6E-6,3.9E-17,5.6E7,1.0,1.7E9,
6.999999999999999E-43,0.0027,3800.0,4400.0,670.0,6899999.999999999,2700.0,3700.0,5200.0,5300.0,4900.0,0.16,6899999.999999999,9.7E-6,0.091,0.091,0.0,550.0,4.6,1.1000000000000001E-27,4.6E-6,3.1E-17,5.9E7,1.0,1.7E9,
6.999999999999999E-43,0.0027,3800.0,4400.0,670.0,6899999.999999999,2700.0,3700.0,5200.0,5300.0,4900.0,0.16,6899999.999999999,8.1E-6,0.091,0.091,0.0,550.0,4.6,0.0,4.6E-6,2.6E-17,6.3E7,1.0,1.7E9,
6.999999999999999E-43,0.0027,3800.0,4400.0,670.0,6899999.999999999,2700.0,3700.0,5200.0,5300.0,4900.0,0.16,6899999.999999999,8.0E-6,0.091,0.091,0.0,550.0,4.6,5.5E-31,4.6E-6,2.2E-17,6.4E7,1.0,1.7E9,
6.999999999999999E-43,0.0027,3800.0,4400.0,670.0,6899999.999999999,2700.0,3700.0,5200.0,5300.0,4900.0,0.16,6899999.999999999,9.5E-6,0.091,0.091,0.0,550.0,4.6,1.4000000000000001E-33,4.6E-6,2.4E-17,6.0E7,1.0,1.7E9,
6.999999999999999E-43,0.0027,3800.0,4400.0,670.0,6899999.999999999,2700.0,3700.0,5200.0,5300.0,4900.0,0.16,6899999.999999999,9.9E-6,0.091,0.091,0.0,550.0,4.6,3.6E-36,4.6E-6,2.6E-17,5.9E7,1.0,1.7E9,
6.999999999999999E-43,0.0027,3800.0,4400.0,670.0,6899999.999999999,2700.0,3700.0,5200.0,5300.0,4900.0,0.16,6899999.999999999,9.4E-6,0.091,0.091,0.0,540.0,4.6,9.1E-39,4.6E-6,2.6E-17,6.0E7,1.0,1.7E9,
6.999999999999999E-43,0.0027,3800.0,4400.0,670.0,6899999.999999999,2700.0,3700.0,5200.0,5300.0,4900.0,0.16,6899999.999999999,8.6E-6,0.091,0.091,0.0,540.0,4.6,2.5E-41,4.6E-6,2.5E-17,6.2E7,1.0,1.7E9,
6.999999999999999E-43,0.0027,3800.0,4400.0,670.0,6899999.999999999,2700.0,3700.0,5200.0,5300.0,4900.0,0.16,6899999.999999999,7.5E-6,0.091,0.091,0.0,540.0,4.6,5.200000000000001E-44,4.6E-6,2.3E-17,6.5E7,1.0,1.7E9,
6.999999999999999E-43,0.0027,3800.0,4400.0,670.0,6899999.999999999,2700.0,3700.0,5200.0,5300.0,4900.0,0.16,6899999.999999999,6.6E-6,0.091,0.091,0.0,540.0,4.6,0.0,4.6E-6,2.0E-17,6.8E7,1.0,1.7E9,
6.999999999999999E-43,0.0027,3800.0,4400.0,670.0,6899999.999999999,2700.0,3700.0,5200.0,5300.0,4900.0,0.16,6899999.999999999,5.7E-6,0.091,0.091,0.0,530.0,4.6,0.0,4.6E-6,1.7E-17,7.2E7,1.0,1.7E9,
6.999999999999999E-43,0.0027,3800.0,4400.0,670.0,6899999.999999999,2700.0,3700.0,5200.0,5300.0,4900.0,0.16,6899999.999999999,4.9E-6,0.091,0.091,0.0,530.0,4.6,1.4E-43,4.6E-6,1.5E-17,7.6E7,1.0,1.7E9,
6.999999999999999E-43,0.0027,3800.0,4400.0,670.0,6899999.999999999,2700.0,3700.0,5200.0,5300.0,4900.0,0.16,6899999.999999999,6.5E-6,0.091,0.091,0.0,530.0,4.6,3.7E-46,4.6E-6,1.6E-17,6.9E7,1.0,1.7E9,
6.999999999999999E-43,0.0027,3800.0,4400.0,670.0,6899999.999999999,2700.0,3700.0,5200.0,5300.0,4900.0,0.16,6899999.999999999,7.3E-6,0.091,0.091,0.0,530.0,4.6,9.399999999999999E-49,4.6E-6,1.8E-17,6.6E7,1.0,1.7E9,
6.999999999999999E-43,0.0027,3800.0,4400.0,670.0,6899999.999999999,2700.0,3700.0,5200.0,5300.0,4900.0,0.16,6899999.999999999,7.4E-6,0.091,0.091,0.0,530.0,4.6,2.4E-51,4.6E-6,2.0E-17,6.6E7,1.0,1.7E9,
6.999999999999999E-43,0.0027,3800.0,4400.0,670.0,6899999.999999999,2700.0,3700.0,5200.0,5300.0,4900.0,0.16,6899999.999999999,7.0E-6,0.091,0.091,0.0,530.0,4.6,6.1E-54,4.6E-6,1.9E-17,6.7E7,1.0,1.7E9,
6.999999999999999E-43,0.0027,3800.0,4400.0,670.0,6899999.999999999,2700.0,3700.0,5200.0,5300.0,4900.0,0.16,6899999.999999999,6.3E-6,0.091,0.091,0.0,520.0,4.6,6.4E-56,4.6E-6,1.8E-17,6.9E7,1.0,1.7E9,
6.999999999999999E-43,0.0027,3800.0,4400.0,670.0,6899999.999999999,2700.0,3700.0,5200.0,5300.0,4900.0,0.16,6899999.999999999,5.6E-6,0.091,0.091,0.0,510.0,4.6,1.8999999999999999E-56,4.6E-6,1.7E-17,7.2E7,1.0,1.7E9,
6.999999999999999E-43,0.0027,3800.0,4400.0,670.0,6899999.999999999,2700.0,3700.0,5200.0,5300.0,4900.0,0.16,6899999.999999999,4.9E-6,0.091,0.091,0.0,500.0,4.6,5.200000000000001E-57,4.6E-6,1.5E-17,7.6E7,1.0,1.7E9,
6.999999999999999E-43,0.0027,3800.0,4400.0,670.0,6899999.999999999,2700.0,3700.0,5200.0,5300.0,4900.0,0.16,6899999.999999999,4.3E-6,0.091,0.091,0.0,500.0,4.6,0.0,4.6E-6,1.3E-17,7.9E7,1.0,1.7E9,
6.999999999999999E-43,0.0027,3800.0,4400.0,670.0,6899999.999999999,2700.0,3700.0,5200.0,5300.0,4900.0,0.16,6899999.999999999,5.1E-6,0.091,0.091,0.0,500.0,4.6,0.0,4.6E-6,1.3E-17,7.5E7,1.0,1.7E9,
6.999999999999999E-43,0.0027,3800.0,4400.0,670.0,6899999.999999999,2700.0,3700.0,5200.0,5300.0,4900.0,0.16,6899999.999999999,6.1E-6,0.091,0.091,0.0,500.0,4.6,0.0,4.6E-6,1.5E-17,7.0E7,1.0,1.7E9,
6.999999999999999E-43,0.0027,3800.0,4400.0,670.0,6899999.999999999,2700.0,3700.0,5200.0,5300.0,4900.0,0.16,6899999.999999999,6.5E-6,0.091,0.091,0.0,490.0,4.6,0.0,4.6E-6,1.7E-17,6.9E7,1.0,1.7E9,
6.999999999999999E-43,0.0027,3800.0,4400.0,670.0,6899999.999999999,2700.0,3700.0,5200.0,5300.0,4900.0,0.16,6899999.999999999,6.3E-6,0.091,0.091,0.0,490.0,4.6,0.0,4.6E-6,1.7E-17,6.9E7,1.0,1.7E9,
6.999999999999999E-43,0.0027,3800.0,4400.0,670.0,6899999.999999999,2700.0,3700.0,5200.0,5300.0,4900.0,0.16,6899999.999999999,5.8E-6,0.091,0.091,0.0,490.0,4.6,0.0,4.6E-6,1.7E-17,7.1E7,1.0,1.7E9,
6.999999999999999E-43,0.0027,3800.0,4400.0,670.0,6899999.999999999,2700.0,3700.0,5200.0,5300.0,4900.0,0.16,6899999.999999999,5.3E-6,0.091,0.091,0.0,490.0,4.6,0.0,4.6E-6,1.5E-17,7.4E7,1.0,1.7E9,
6.999999999999999E-43,0.0027,3800.0,4400.0,670.0,6899999.999999999,2700.0,3700.0,5200.0,5300.0,4900.0,0.16,6899999.999999999,4.7E-6,0.091,0.091,0.0,490.0,4.6,0.0,4.6E-6,1.4E-17,7.7E7,1.0,1.7E9,
6.999999999999999E-43,0.0027,3800.0,4400.0,670.0,6899999.999999999,2700.0,3700.0,5200.0,5300.0,4900.0,0.16,6899999.999999999,4.1E-6,0.091,0.091,0.0,480.0,4.6,0.0,4.6E-6,1.2E-17,8.1E7,1.0,1.7E9,
6.999999999999999E-43,0.0027,3800.0,4400.0,670.0,6899999.999999999,2700.0,3700.0,5200.0,5300.0,4900.0,0.16,6899999.999999999,4.3E-6,0.091,0.091,0.0,480.0,4.6,0.0,4.6E-6,1.1E-17,8.0E7,1.0,1.7E9,
6.999999999999999E-43,0.0027,3800.0,4400.0,670.0,6899999.999999999,2700.0,3700.0,5200.0,5300.0,4900.0,0.16,6899999.999999999,5.5E-6,0.091,0.091,0.0,480.0,4.6,0.0,4.6E-6,1.3E-17,7.2E7,1.0,1.7E9,
6.999999999999999E-43,0.0027,3800.0,4400.0,670.0,6799999.999999999,2700.0,3700.0,5200.0,5300.0,4900.0,0.16,6799999.999999999,6.4E-6,0.09,0.09,0.0,480.0,4.6,0.0,4.6E-6,1.5E-17,6.8E7,1.0,1.7E9,
6.999999999999999E-43,0.0027,3800.0,4400.0,670.0,6799999.999999999,2700.0,3700.0,5200.0,5300.0,4900.0,0.16,6799999.999999999,7.8E-6,0.09,0.09,0.0,480.0,4.6,0.0,4.6E-6,1.8E-17,6.3E7,1.0,1.7E9,
6.999999999999999E-43,0.0027,3800.0,4400.0,670.0,6799999.999999999,2700.0,3700.0,5200.0,5300.0,4900.0,0.16,6799999.999999999,8.3E-6,0.09,0.09,0.0,480.0,4.6,0.0,4.6E-6,2.1E-17,6.2E7,1.0,1.7E9,
6.999999999999999E-43,0.0027,3800.0,4400.0,670.0,6799999.999999999,2700.0,3700.0,5200.0,5300.0,4900.0,0.16,6799999.999999999,8.1E-6,0.09,0.09,0.0,470.0,4.6,0.0,4.6E-6,2.2E-17,6.3E7,1.0,1.7E9,
6.999999999999999E-43,0.0027,3800.0,4400.0,670.0,6799999.999999999,2700.0,3700.0,5200.0,5300.0,4900.0,0.16,6799999.999999999,7.4E-6,0.09,0.09,0.0,460.0,4.6,0.0,4.6E-6,2.1E-17,6.4E7,1.0,1.7E9,
6.999999999999999E-43,0.0027,3800.0,4400.0,670.0,6799999.999999999,2700.0,3700.0,5200.0,5300.0,4900.0,0.16,6799999.999999999,6.6E-6,0.09,0.09,0.0,450.0,4.6,0.0,4.6E-6,2.0E-17,6.7E7,1.0,1.7E9,
6.999999999999999E-43,0.0027,3800.0,4400.0,670.0,6799999.999999999,2700.0,3700.0,5200.0,5300.0,4900.0,0.16,6799999.999999999,5.8E-6,0.09,0.09,0.0,450.0,4.6,0.0,4.6E-6,1.8E-17,7.0E7,1.0,1.7E9,
6.9E-43,0.0026,3800.0,4400.0,670.0,6799999.999999999,2700.0,3700.0,5200.0,5300.0,4900.0,0.16,6799999.999999999,6.5E-6,0.09,0.09,0.0,450.0,4.6,0.0,4.5E-6,1.7E-17,6.7E7,1.0,1.7E9,
6.9E-43,0.0026,3800.0,4400.0,670.0,6799999.999999999,2700.0,3700.0,5200.0,5300.0,4900.0,0.16,6799999.999999999,7.9E-6,0.09,0.09,0.0,450.0,4.6,0.0,4.5E-6,1.9E-17,6.2E7,1.0,1.7E9,
6.9E-43,0.0026,3800.0,4400.0,670.0,6799999.999999999,2700.0,3700.0,5200.0,5300.0,4900.0,0.16,6799999.999999999,8.4E-6,0.09,0.09,0.0,450.0,4.6,0.0,4.5E-6,2.2E-17,6.1E7,1.0,1.7E9,
6.9E-43,0.0026,3800.0,4400.0,670.0,6799999.999999999,2700.0,3700.0,5200.0,5300.0,4900.0,0.16,6799999.999999999,8.2E-6,0.09,0.09,0.0,440.0,4.6,0.0,4.5E-6,2.2E-17,6.2E7,1.0,1.7E9,
6.9E-43,0.0026,3800.0,4400.0,670.0,6799999.999999999,2700.0,3700.0,5200.0,5300.0,4900.0,0.16,6799999.999999999,7.5E-6,0.09,0.09,0.0,440.0,4.6,0.0,4.5E-6,2.1E-17,6.4E7,1.0,1.7E9,
6.9E-43,0.0026,3800.0,4400.0,670.0,6799999.999999999,2700.0,3700.0,5200.0,5300.0,4900.0,0.16,6799999.999999999,6.7E-6,0.09,0.09,0.0,430.0,4.6,0.0,4.5E-6,2.0E-17,6.6E7,1.0,1.7E9,
6.9E-43,0.0026,3800.0,4400.0,670.0,6799999.999999999,2700.0,3700.0,5200.0,5300.0,4900.0,0.16,6799999.999999999,5.8E-6,0.09,0.09,0.0,430.0,4.6,0.0,4.5E-6,1.8E-17,7.0E7,1.0,1.7E9,
6.9E-43,0.0026,3800.0,4400.0,670.0,6799999.999999999,2700.0,3700.0,5200.0,5300.0,4900.0,0.16,6799999.999999999,5.1E-6,0.09,0.09,0.0,430.0,4.6,0.0,4.5E-6,1.6E-17,7.3E7,1.0,1.7E9,
6.9E-43,0.0026,3800.0,4400.0,670.0,6799999.999999999,2700.0,3700.0,5200.0,5300.0,4900.0,0.16,6799999.999999999,4.7E-6,0.09,0.09,0.0,420.0,4.6,0.0,4.5E-6,1.3E-17,7.5E7,1.0,1.7E9,
6.9E-43,0.0026,3800.0,4400.0,670.0,6799999.999999999,2700.0,3700.0,5200.0,5300.0,4900.0,0.16,6799999.999999999,5.9E-6,0.09,0.09,0.0,410.0,4.6,0.0,4.5E-6,1.4E-17,6.9E7,1.0,1.7E9,
6.9E-43,0.0026,3800.0,4400.0,670.0,6799999.999999999,2700.0,3700.0,5200.0,5300.0,4900.0,0.16,6799999.999999999,6.7E-6,0.09,0.09,0.0,410.0,4.6,0.0,4.5E-6,1.7E-17,6.6E7,1.0,1.7E9,
6.9E-43,0.0026,3800.0,4400.0,670.0,6799999.999999999,2700.0,3700.0,5200.0,5300.0,4900.0,0.16,6799999.999999999,6.8E-6,0.09,0.09,0.0,410.0,4.6,0.0,4.5E-6,1.8E-17,6.6E7,1.0,1.7E9,
6.9E-43,0.0026,3800.0,4400.0,670.0,6799999.999999999,2700.0,3700.0,5200.0,5300.0,4900.0,0.16,6799999.999999999,6.5E-6,0.09,0.09,0.0,410.0,4.6,0.0,4.5E-6,1.8E-17,6.7E7,1.0,1.7E9,
6.9E-43,0.0026,3800.0,4400.0,670.0,6799999.999999999,2700.0,3700.0,5200.0,5300.0,4900.0,0.16,6799999.999999999,5.8E-6,0.09,0.09,0.0,410.0,4.6,0.0,4.5E-6,1.7E-17,7.0E7,1.0,1.7E9,
6.9E-43,0.0026,3800.0,4400.0,670.0,6799999.999999999,2700.0,3700.0,5200.0,5300.0,4900.0,0.16,6799999.999999999,5.1E-6,0.09,0.09,0.0,410.0,4.6,0.0,4.5E-6,1.5E-17,7.3E7,1.0,1.7E9,
6.9E-43,0.0026,3800.0,4400.0,670.0,6799999.999999999,2700.0,3700.0,5200.0,5300.0,4900.0,0.16,6799999.999999999,4.6E-6,0.09,0.09,0.0,410.0,4.6,0.0,4.5E-6,1.4E-17,7.6E7,1.0,1.7E9,
6.9E-43,0.0026,3800.0,4400.0,670.0,6799999.999999999,2700.0,3700.0,5200.0,5300.0,4900.0,0.16,6799999.999999999,4.0E-6,0.09,0.09,0.0,410.0,4.6,0.0,4.5E-6,1.2E-17,8.0E7,1.0,1.7E9,
6.9E-43,0.0026,3800.0,4400.0,670.0,6799999.999999999,2700.0,3700.0,5200.0,5300.0,4900.0,0.16,6799999.999999999,4.9E-6,0.09,0.09,0.0,410.0,4.6,0.0,4.5E-6,1.2E-17,7.4E7,1.0,1.7E9,
6.9E-43,0.0026,3800.0,4400.0,670.0,6799999.999999999,2700.0,3700.0,5200.0,5300.0,4900.0,0.16,6799999.999999999,6.0E-6,0.09,0.09,0.0,410.0,4.6,0.0,4.5E-6,1.4E-17,6.9E7,1.0,1.7E9,
6.9E-43,0.0026,3800.0,4400.0,670.0,6799999.999999999,2700.0,3700.0,5200.0,5300.0,4900.0,0.16,6799999.999999999,6.2E-6,0.09,0.09,0.0,400.0,4.6,0.0,4.5E-6,1.6E-17,6.8E7,1.0,1.7E9,
6.9E-43,0.0026,3800.0,4400.0,670.0,6799999.999999999,2700.0,3700.0,5200.0,5300.0,4900.0,0.16,6799999.999999999,6.0E-6,0.09,0.09,0.0,400.0,4.6,0.0,4.5E-6,1.6E-17,6.9E7,1.0,1.7E9,
6.9E-43,0.0026,3800.0,4400.0,670.0,6799999.999999999,2700.0,3700.0,5200.0,5300.0,4900.0,0.16,6799999.999999999,5.5E-6,0.09,0.09,0.0,400.0,4.6,0.0,4.5E-6,1.6E-17,7.1E7,1.0,1.7E9,
6.9E-43,0.0026,3800.0,4400.0,670.0,6799999.999999999,2700.0,3700.0,5200.0,5300.0,4900.0,0.16,6799999.999999999,5.1E-6,0.09,0.09,0.0,400.0,4.6,0.0,4.5E-6,1.5E-17,7.3E7,1.0,1.7E9,
6.9E-43,0.0026,3800.0,4400.0,670.0,6799999.999999999,2700.0,3700.0,5200.0,5300.0,4900.0,0.16,6799999.999999999,4.4E-6,0.09,0.09,0.0,390.0,4.6,0.0,4.5E-6,1.3E-17,7.7E7,1.0,1.7E9,
6.9E-43,0.0026,3800.0,4400.0,670.0,6799999.999999999,2700.0,3700.0,5200.0,5300.0,4900.0,0.16,6799999.999999999,3.9E-6,0.09,0.09,0.0,390.0,4.6,0.0,4.5E-6,1.2E-17,8.0E7,1.0,1.7E9,
6.9E-43,0.0026,3800.0,4400.0,670.0,6799999.999999999,2700.0,3700.0,5200.0,5300.0,4900.0,0.16,6799999.999999999,4.4E-6,0.09,0.09,0.0,390.0,4.6,0.0,4.5E-6,1.1E-17,7.7E7,1.0,1.7E9,
6.9E-43,0.0026,3800.0,4400.0,670.0,6799999.999999999,2700.0,3700.0,5200.0,5300.0,4900.0,0.16,6799999.999999999,5.3E-6,0.09,0.09,0.0,390.0,4.6,0.0,4.5E-6,1.3E-17,7.2E7,1.0,1.7E9,
6.9E-43,0.0026,3800.0,4400.0,670.0,6799999.999999999,2700.0,3700.0,5200.0,5300.0,4900.0,0.16,6799999.999999999,5.9E-6,0.09,0.09,0.0,390.0,4.6,0.0,4.5E-6,1.5E-17,6.9E7,1.0,1.7E9,
6.9E-43,0.0026,3800.0,4400.0,670.0,6799999.999999999,2700.0,3700.0,5200.0,5300.0,4900.0,0.16,6799999.999999999,5.8E-6,0.09,0.09,0.0,390.0,4.6,0.0,4.5E-6,1.6E-17,7.0E7,1.0,1.7E9,
6.9E-43,0.0026,3800.0,4400.0,670.0,6799999.999999999,2700.0,3700.0,5200.0,5300.0,4900.0,0.16,6799999.999999999,5.5E-6,0.09,0.09,0.0,390.0,4.6,0.0,4.5E-6,1.5E-17,7.1E7,1.0,1.7E9,
6.9E-43,0.0026,3800.0,4400.0,670.0,6799999.999999999,2700.0,3700.0,5200.0,5300.0,4900.0,0.16,6799999.999999999,5.1E-6,0.09,0.09,0.0,390.0,4.6,0.0,4.5E-6,1.5E-17,7.3E7,1.0,1.7E9,
6.9E-43,0.0026,3800.0,4400.0,670.0,6699999.999999999,2700.0,3700.0,5200.0,5300.0,4900.0,0.16,6699999.999999999,4.6E-6,0.09,0.09,0.0,390.0,4.6,0.0,4.5E-6,1.4E-17,7.6E7,1.0,1.6E9,
6.9E-43,0.0026,3800.0,4400.0,670.0,6699999.999999999,2700.0,3700.0,5200.0,5300.0,4900.0,0.16,6699999.999999999,5.9E-6,0.09,0.09,0.0,390.0,4.6,0.0,4.5E-6,1.4E-17,6.8E7,1.0,1.6E9,
6.9E-43,0.0026,3800.0,4400.0,670.0,6699999.999999999,2700.0,3700.0,5200.0,5300.0,4900.0,0.16,6699999.999999999,6.7E-6,0.09,0.09,0.0,380.0,4.6,0.0,4.5E-6,1.7E-17,6.5E7,1.0,1.6E9,
6.9E-43,0.0026,3800.0,4400.0,670.0,6699999.999999999,2700.0,3700.0,5200.0,5300.0,4900.0,0.16,6699999.999999999,8.3E-6,0.089,0.089,0.0,380.0,4.5,0.0,4.5E-6,2.0E-17,6.0E7,1.0,1.6E9,
6.9E-43,0.0026,3800.0,4400.0,670.0,6699999.999999999,2700.0,3700.0,5200.0,5300.0,4900.0,0.16,6699999.999999999,9.3E-6,0.089,0.089,0.0,380.0,4.5,0.0,4.5E-6,2.3E-17,5.7E7,1.0,1.6E9,
2.8999999999999996E-42,0.021,30000.0,66000.0,21000.0,8500000.0,22000.0,7700.0,7200.0,8800.0,3200.0,0.16,8700000.0,0.64,0.38,0.38,0.0,590.0,11.0,47.0,5.1E-6,4.3E-12,5.8E7,1.0,1.7E9,
2.8999999999999996E-42,0.021,30000.0,66000.0,21000.0,8500000.0,4800.0,7700.0,7200.0,8800.0,3200.0,0.16,8700000.0,3.1E-5,0.38,0.38,0.0,600.0,12.0,0.13,5.1E-6,1.3E-12,5.4E7,1.0,1.7E9,
3.6E-43,0.0026,2400.0,380.0,3100.0,8400000.0,4800.0,140.0,7200.0,1300.0,3200.0,0.16,8400000.0,1.3E-5,0.24,0.24,0.0,590.0,4.6,0.018,5.1E-6,1.1E-13,5.2E7,1.0,1.7E9,
3.4999999999999996E-43,0.0025,2400.0,380.0,3000.0,8099999.999999999,4800.0,140.0,7200.0,1300.0,3200.0,0.16,8099999.999999999,1.5E-5,0.24,0.24,0.0,590.0,4.5,3.3E-4,5.1E-6,4.7E-14,4.9E7,1.0,1.7E9,
3.3999999999999997E-43,0.0024,2400.0,380.0,3000.0,7799999.999999999,4800.0,140.0,7200.0,1300.0,3200.0,0.16,7799999.999999999,1.6E-5,0.23,0.23,0.0,590.0,4.4,6.1E-6,5.1E-6,2.1E-14,4.7E7,1.0,1.7E9,
3.2999999999999998E-43,0.0024,2400.0,380.0,3000.0,7399999.999999999,4800.0,140.0,7200.0,1300.0,3200.0,0.16,7399999.999999999,1.7E-5,0.22,0.22,0.0,580.0,4.3,3.0E-7,5.0E-6,1.1E-14,4.6E7,1.0,1.7E9,
3.2999999999999998E-43,0.0023,2400.0,380.0,3000.0,7199999.999999999,4800.0,140.0,7200.0,1300.0,3200.0,0.16,7199999.999999999,1.9E-5,0.22,0.22,0.0,580.0,4.2,2.1E-9,5.0E-6,4.0E-15,4.4E7,1.0,1.6E9,
3.2E-43,0.0023,2400.0,380.0,3000.0,6899999.999999999,4800.0,140.0,7100.0,1300.0,3200.0,0.16,6999999.999999999,2.0E-5,0.21,0.21,0.0,580.0,4.1,3.8E-11,5.0E-6,1.8E-15,4.2E7,1.0,1.6E9,
3.0999999999999995E-43,0.0022,2400.0,380.0,3000.0,6699999.999999999,4800.0,140.0,7100.0,1300.0,3200.0,0.16,6699999.999999999,2.1E-5,0.21,0.21,0.0,580.0,4.0,7.1E-13,5.0E-6,8.1E-16,4.1E7,1.0,1.6E9,
3.0999999999999995E-43,0.0022,2400.0,380.0,3000.0,6699999.999999999,4800.0,140.0,7100.0,1300.0,3200.0,0.16,6699999.999999999,2.1E-5,0.21,0.21,0.0,580.0,4.0,1.8E-15,5.0E-6,2.9E-16,4.1E7,1.0,1.6E9,
3.0999999999999995E-43,0.0022,2400.0,380.0,3000.0,6699999.999999999,4800.0,140.0,7100.0,1300.0,3200.0,0.16,6699999.999999999,1.9E-5,0.21,0.21,0.0,580.0,4.0,4.5E-18,5.0E-6,1.3E-16,4.2E7,1.0,1.6E9,
3.0999999999999995E-43,0.0022,2400.0,380.0,3000.0,6699999.999999999,4800.0,140.0,7100.0,1300.0,3200.0,0.16,6699999.999999999,1.7E-5,0.21,0.21,0.0,580.0,4.0,1.2E-20,5.0E-6,7.7E-17,4.5E7,1.0,1.6E9,
3.0999999999999995E-43,0.0022,2400.0,380.0,3000.0,6699999.999999999,4800.0,140.0,7100.0,1300.0,3200.0,0.16,6699999.999999999,1.4E-5,0.21,0.21,0.0,570.0,4.0,3.0E-23,5.0E-6,5.5E-17,4.8E7,1.0,1.6E9,
3.0999999999999995E-43,0.0022,2400.0,380.0,3000.0,6699999.999999999,4800.0,140.0,7100.0,1300.0,3200.0,0.16,6699999.999999999,1.2E-5,0.21,0.21,0.0,570.0,4.0,1.0999999999999999E-25,5.0E-6,4.3E-17,5.1E7,1.0,1.6E9,
3.0999999999999995E-43,0.0022,2400.0,380.0,3000.0,6699999.999999999,4800.0,140.0,7100.0,1300.0,3200.0,0.16,6699999.999999999,9.6E-6,0.21,0.21,0.0,570.0,4.0,1.3E-27,5.0E-6,3.5E-17,5.5E7,1.0,1.6E9,
3.0999999999999995E-43,0.0022,2400.0,380.0,3000.0,6699999.999999999,4800.0,140.0,7100.0,1300.0,3200.0,0.16,6699999.999999999,8.0E-6,0.21,0.21,0.0,560.0,4.0,1.5E-27,5.0E-6,2.9E-17,5.8E7,1.0,1.6E9,
3.0999999999999995E-43,0.0022,2400.0,380.0,3000.0,6699999.999999999,4800.0,140.0,7100.0,1300.0,3200.0,0.16,6699999.999999999,6.7E-6,0.21,0.21,0.0,560.0,4.0,0.0,5.0E-6,2.4E-17,6.2E7,1.0,1.6E9,
3.0999999999999995E-43,0.0022,2400.0,380.0,3000.0,6699999.999999999,4800.0,140.0,7100.0,1300.0,3200.0,0.16,6699999.999999999,8.3E-6,0.21,0.21,0.0,560.0,4.0,0.0,5.0E-6,2.4E-17,5.7E7,1.0,1.6E9,
3.0999999999999995E-43,0.0022,2400.0,380.0,3000.0,6699999.999999999,4800.0,140.0,7100.0,1300.0,3200.0,0.16,6699999.999999999,9.0E-6,0.21,0.21,0.0,560.0,4.0,0.0,5.0E-6,2.6E-17,5.6E7,1.0,1.6E9,
3.0999999999999995E-43,0.0022,2400.0,380.0,3000.0,6699999.999999999,4800.0,140.0,7100.0,1300.0,3200.0,0.16,6699999.999999999,8.7E-6,0.21,0.21,0.0,560.0,4.0,0.0,5.0E-6,2.7E-17,5.7E7,1.0,1.6E9,
3.0999999999999995E-43,0.0022,2400.0,380.0,3000.0,6699999.999999999,4800.0,140.0,7100.0,1300.0,3200.0,0.16,6699999.999999999,7.9E-6,0.21,0.21,0.0,550.0,4.0,0.0,5.0E-6,2.6E-17,5.8E7,1.0,1.6E9,
3.0999999999999995E-43,0.0022,2400.0,380.0,3000.0,6699999.999999999,4800.0,140.0,7100.0,1300.0,3200.0,0.16,6699999.999999999,7.0E-6,0.21,0.21,0.0,550.0,4.0,0.0,5.0E-6,2.4E-17,6.1E7,1.0,1.6E9,
3.0999999999999995E-43,0.0022,2400.0,380.0,3000.0,6699999.999999999,4800.0,140.0,7100.0,1300.0,3200.0,0.16,6699999.999999999,6.1E-6,0.21,0.21,0.0,550.0,4.0,0.0,5.0E-6,2.1E-17,6.4E7,1.0,1.6E9,
3.0999999999999995E-43,0.0022,2400.0,380.0,3000.0,6699999.999999999,4800.0,140.0,7100.0,1300.0,3200.0,0.16,6699999.999999999,5.3E-6,0.21,0.21,0.0,540.0,4.0,0.0,5.0E-6,1.8E-17,6.8E7,1.0,1.6E9,
3.0999999999999995E-43,0.0022,2400.0,380.0,3000.0,6699999.999999999,4800.0,140.0,7100.0,1300.0,3200.0,0.16,6699999.999999999,4.6E-6,0.21,0.21,0.0,540.0,4.0,0.0,5.0E-6,1.6E-17,7.1E7,1.0,1.6E9,
3.0999999999999995E-43,0.0022,2400.0,380.0,3000.0,6699999.999999999,4800.0,140.0,7100.0,1300.0,3200.0,0.16,6699999.999999999,5.3E-6,0.21,0.21,0.0,540.0,4.0,0.0,5.0E-6,1.5E-17,6.7E7,1.0,1.6E9,
3.0999999999999995E-43,0.0022,2400.0,380.0,3000.0,6699999.999999999,4800.0,140.0,7100.0,1300.0,3200.0,0.16,6699999.999999999,6.2E-6,0.21,0.21,0.0,540.0,4.0,0.0,5.0E-6,1.7E-17,6.4E7,1.0,1.6E9,
3.0999999999999995E-43,0.0022,2400.0,380.0,3000.0,6699999.999999999,4800.0,140.0,7100.0,1300.0,3200.0,0.16,6699999.999999999,6.5E-6,0.21,0.21,0.0,540.0,4.0,0.0,5.0E-6,1.9E-17,6.3E7,1.0,1.6E9,
3.0999999999999995E-43,0.0022,2400.0,380.0,3000.0,6699999.999999999,4800.0,140.0,7100.0,1300.0,3200.0,0.16,6699999.999999999,6.2E-6,0.21,0.21,0.0,540.0,4.0,0.0,5.0E-6,1.9E-17,6.4E7,1.0,1.6E9,
3.0999999999999995E-43,0.0022,2400.0,380.0,3000.0,6699999.999999999,4800.0,140.0,7100.0,1300.0,3200.0,0.16,6699999.999999999,5.7E-6,0.21,0.21,0.0,540.0,4.0,0.0,5.0E-6,1.8E-17,6.6E7,1.0,1.6E9,
3.0999999999999995E-43,0.0022,2400.0,380.0,3000.0,6699999.999999999,4800.0,140.0,7100.0,1300.0,3200.0,0.16,6699999.999999999,5.1E-6,0.21,0.21,0.0,530.0,4.0,0.0,5.0E-6,1.7E-17,6.9E7,1.0,1.6E9,
3.0999999999999995E-43,0.0022,2400.0,380.0,3000.0,6699999.999999999,4800.0,140.0,7100.0,1300.0,3200.0,0.16,6699999.999999999,4.5E-6,0.21,0.21,0.0,530.0,4.0,0.0,5.0E-6,1.5E-17,7.2E7,1.0,1.6E9,
3.0999999999999995E-43,0.0022,2400.0,380.0,3000.0,6699999.999999999,4800.0,140.0,7100.0,1300.0,3200.0,0.16,6699999.999999999,3.9E-6,0.21,0.21,0.0,530.0,4.0,0.0,5.0E-6,1.3E-17,7.5E7,1.0,1.6E9,
3.0999999999999995E-43,0.0022,2400.0,380.0,3000.0,6699999.999999999,4800.0,140.0,7100.0,1300.0,3200.0,0.16,6699999.999999999,4.0E-6,0.21,0.21,0.0,530.0,4.0,0.0,5.0E-6,1.2E-17,7.5E7,1.0,1.6E9,
3.0999999999999995E-43,0.0022,2400.0,380.0,3000.0,6699999.999999999,4800.0,140.0,7100.0,1300.0,3200.0,0.16,6699999.999999999,5.1E-6,0.21,0.21,0.0,520.0,4.0,0.0,5.0E-6,1.4E-17,6.9E7,1.0,1.6E9,
3.0999999999999995E-43,0.0022,2400.0,380.0,3000.0,6699999.999999999,4800.0,140.0,7100.0,1300.0,3200.0,0.16,6699999.999999999,5.6E-6,0.21,0.21,0.0,520.0,4.0,0.0,5.0E-6,1.6E-17,6.6E7,1.0,1.6E9,
3.0999999999999995E-43,0.0022,2400.0,380.0,3000.0,6699999.999999999,4800.0,140.0,7100.0,1300.0,3200.0,0.16,6699999.999999999,5.5E-6,0.21,0.21,0.0,520.0,4.0,0.0,5.0E-6,1.7E-17,6.6E7,1.0,1.6E9,
3.0999999999999995E-43,0.0022,2400.0,380.0,3000.0,6699999.999999999,4800.0,140.0,7100.0,1300.0,3200.0,0.16,6699999.999999999,5.2E-6,0.21,0.21,0.0,520.0,4.0,0.0,5.0E-6,1.6E-17,6.8E7,1.0,1.6E9,
3.0999999999999995E-43,0.0022,2400.0,380.0,3000.0,6699999.999999999,4800.0,140.0,7100.0,1300.0,3200.0,0.16,6699999.999999999,4.7E-6,0.21,0.21,0.0,520.0,4.0,0.0,5.0E-6,1.5E-17,7.0E7,1.0,1.6E9,
1.4E-42,0.016,12000.0,69000.0,17000.0,8099999.999999999,4800.0,140.0,7100.0,1300.0,3200.0,0.16,8199999.999999999,8.2E-6,0.38,0.38,0.0,600.0,7.1,15.0,5.2E-6,3.0E-12,7.2E7,1.0,1.7E9,
3.699999999999999E-43,0.0042,12000.0,11000.0,4900.0,8099999.999999999,4800.0,140.0,7100.0,1300.0,3200.0,0.16,8099999.999999999,2.5E-6,0.26,0.26,0.0,600.0,3.6,0.3,5.2E-6,3.5E-13,6.7E7,1.0,1.7E9,
2.5999999999999996E-43,0.0029,4700.0,3900.0,4900.0,7999999.999999999,4800.0,140.0,7100.0,1300.0,3200.0,0.16,7999999.999999999,5.9E-6,0.24,0.24,0.0,600.0,3.6,0.015,5.2E-6,1.3E-13,6.3E7,1.0,1.7E9,
2.4999999999999997E-43,0.0028,4600.0,3900.0,4900.0,7799999.999999999,4800.0,140.0,7100.0,1300.0,3200.0,0.16,7799999.999999999,7.0E-6,0.24,0.24,0.0,600.0,3.5,2.8E-4,5.2E-6,5.8E-14,5.9E7,1.0,1.7E9,
2.4999999999999997E-43,0.0028,4600.0,3900.0,4800.0,7399999.999999999,4800.0,140.0,7100.0,1300.0,3200.0,0.16,7499999.999999999,7.7E-6,0.23,0.23,0.0,600.0,3.4,1.4E-5,5.2E-6,3.1E-14,5.6E7,1.0,1.7E9,
2.3999999999999998E-43,0.0027,4600.0,3900.0,4800.0,7099999.999999999,4800.0,140.0,7100.0,1300.0,3200.0,0.16,7199999.999999999,8.5E-6,0.22,0.22,0.0,590.0,3.3,7.0E-7,5.2E-6,1.7E-14,5.4E7,1.0,1.7E9,
2.3999999999999998E-43,0.0027,4600.0,3900.0,4800.0,6999999.999999999,4800.0,140.0,7100.0,1300.0,3200.0,0.16,6999999.999999999,9.8E-6,0.22,0.22,0.0,590.0,3.3,1.3E-8,5.2E-6,7.5E-15,5.1E7,1.0,1.7E9,
2.3999999999999998E-43,0.0026,4600.0,3900.0,4800.0,6699999.999999999,4800.0,140.0,7100.0,1300.0,3200.0,0.16,6799999.999999999,1.1E-5,0.21,0.21,0.0,590.0,3.2,2.4E-10,5.1E-6,3.3E-15,4.8E7,1.0,1.7E9,
2.3999999999999998E-43,0.0026,4600.0,3900.0,4800.0,6699999.999999999,4800.0,140.0,7100.0,1300.0,3200.0,0.16,6799999.999999999,1.2E-5,0.21,0.21,0.0,590.0,3.2,6.1E-13,5.1E-6,1.0E-15,4.7E7,1.0,1.7E9,
2.3999999999999998E-43,0.0026,4600.0,3900.0,4800.0,6699999.999999999,4800.0,140.0,7100.0,1300.0,3200.0,0.16,6799999.999999999,1.2E-5,0.21,0.21,0.0,590.0,3.2,1.6E-15,5.1E-6,3.4E-16,4.8E7,1.0,1.7E9,
2.3999999999999998E-43,0.0026,4600.0,3900.0,4800.0,6699999.999999999,4800.0,140.0,7100.0,1300.0,3200.0,0.16,6799999.999999999,1.0E-5,0.21,0.21,0.0,580.0,3.2,4.0E-18,5.1E-6,1.2E-16,5.0E7,1.0,1.7E9,
2.3999999999999998E-43,0.0026,4600.0,3900.0,4800.0,6699999.999999999,4800.0,140.0,7100.0,1300.0,3200.0,0.16,6799999.999999999,8.9E-6,0.21,0.21,0.0,580.0,3.2,1.1E-20,5.1E-6,5.8E-17,5.2E7,1.0,1.7E9,
2.3999999999999998E-43,0.0026,4600.0,3900.0,4800.0,6699999.999999999,4800.0,140.0,7100.0,1300.0,3200.0,0.16,6799999.999999999,7.6E-6,0.21,0.21,0.0,580.0,3.2,4.9E-23,5.1E-6,3.5E-17,5.5E7,1.0,1.7E9,
2.3999999999999998E-43,0.0026,4600.0,3900.0,4800.0,6699999.999999999,4800.0,140.0,7100.0,1300.0,3200.0,0.16,6799999.999999999,6.4E-6,0.21,0.21,0.0,580.0,3.2,1.9999999999999998E-25,5.1E-6,2.6E-17,5.9E7,1.0,1.7E9,
2.3999999999999998E-43,0.0026,4600.0,3900.0,4800.0,6699999.999999999,4800.0,140.0,7100.0,1300.0,3200.0,0.16,6799999.999999999,5.4E-6,0.21,0.21,0.0,570.0,3.2,3.7E-28,5.1E-6,2.0E-17,6.2E7,1.0,1.7E9,
2.3999999999999998E-43,0.0026,4600.0,3900.0,4800.0,6699999.999999999,4800.0,140.0,7100.0,1300.0,3200.0,0.16,6799999.999999999,4.6E-6,0.21,0.21,0.0,560.0,3.2,1.7E-29,5.1E-6,1.7E-17,6.6E7,1.0,1.7E9,
2.3999999999999998E-43,0.0026,4600.0,3900.0,4800.0,6699999.999999999,4800.0,140.0,7100.0,1300.0,3200.0,0.16,6799999.999999999,5.9E-6,0.21,0.21,0.0,560.0,3.2,4.4E-32,5.1E-6,1.7E-17,6.1E7,1.0,1.7E9,
2.3999999999999998E-43,0.0026,4600.0,3900.0,4800.0,6699999.999999999,4800.0,140.0,7100.0,1300.0,3200.0,0.16,6799999.999999999,6.4E-6,0.21,0.21,0.0,560.0,3.2,1.1E-34,5.1E-6,1.9E-17,5.9E7,1.0,1.7E9,
2.3999999999999998E-43,0.0026,4600.0,3900.0,4800.0,6699999.999999999,4800.0,140.0,7100.0,1300.0,3200.0,0.16,6799999.999999999,6.3E-6,0.21,0.21,0.0,550.0,3.2,2.9E-37,5.1E-6,2.0E-17,5.9E7,1.0,1.7E9,
2.3999999999999998E-43,0.0026,4600.0,3900.0,4800.0,6699999.999999999,4800.0,140.0,7100.0,1300.0,3200.0,0.16,6799999.999999999,5.8E-6,0.21,0.21,0.0,550.0,3.2,7.4E-40,5.1E-6,1.9E-17,6.1E7,1.0,1.7E9,
1.3E-42,0.032,2300.0,110000.0,4600.0,8800000.0,6800.0,140.0,7100.0,1300.0,3600.0,0.16,9000000.0,1.1E-5,0.39,0.39,0.0,660.0,5.8,55.0,5.5E-6,4.3E-12,6.1E7,1.0,1.7E9,
3.3999999999999997E-43,0.0085,2300.0,21000.0,4600.0,8700000.0,6800.0,140.0,7100.0,1300.0,3600.0,0.16,8800000.0,5.6E-6,0.24,0.24,0.0,660.0,5.7,2.8,5.5E-6,6.3E-13,5.8E7,1.0,1.7E9,
1.6E-43,0.0039,2300.0,3100.0,4600.0,8099999.999999999,6800.0,140.0,7100.0,1300.0,3600.0,0.16,8099999.999999999,1.3E-5,0.2,0.2,0.0,660.0,5.5,0.39,5.4E-6,2.0E-13,5.6E7,1.0,1.7E9,
1.6E-43,0.0039,2300.0,3100.0,4600.0,7899999.999999999,6800.0,140.0,7100.0,1300.0,3600.0,0.16,7899999.999999999,1.5E-5,0.19,0.19,0.0,650.0,5.4,0.0072,5.4E-6,8.6E-14,5.2E7,1.0,1.7E9,
1.4999999999999998E-43,0.0038,2300.0,3100.0,4600.0,7599999.999999999,6800.0,140.0,7100.0,1300.0,3600.0,0.15,7699999.999999999,1.7E-5,0.19,0.19,0.0,650.0,5.3,3.6E-4,5.4E-6,4.7E-14,5.0E7,1.0,1.7E9,
1.4999999999999998E-43,0.0038,2300.0,3100.0,4600.0,7399999.999999999,6800.0,140.0,7100.0,1300.0,3600.0,0.15,7399999.999999999,1.8E-5,0.19,0.19,0.0,650.0,5.2,1.8E-5,5.4E-6,2.5E-14,4.9E7,1.0,1.7E9,
1.2E-42,0.017,22000.0,50000.0,40000.0,8800000.0,6700.0,140.0,7100.0,1300.0,19000.0,0.16,9000000.0,0.43,0.48,0.48,0.0,660.0,7.8,22.0,5.6E-6,3.0E-12,4.7E7,1.0,1.7E9,
3.9999999999999995E-43,0.0059,22000.0,2600.0,23000.0,8700000.0,6700.0,140.0,7100.0,1200.0,1100.0,0.16,8800000.0,2.3E-5,0.15,0.15,0.0,670.0,5.3,0.42,5.6E-6,4.6E-13,4.5E7,1.0,1.7E9,
1.2999999999999998E-43,0.0019,4600.0,2600.0,69.0,8400000.0,6700.0,140.0,7100.0,1200.0,1100.0,0.15,8400000.0,6.5E-6,0.14,0.14,0.0,670.0,1.4,0.057,5.5E-6,1.0E-13,4.4E7,1.0,1.7E9,
1.2999999999999998E-43,0.0019,4600.0,2600.0,69.0,8199999.999999999,6700.0,140.0,7000.0,1200.0,1100.0,0.15,8199999.999999999,6.8E-6,0.14,0.14,0.0,670.0,1.4,0.0029,5.5E-6,5.4E-14,4.3E7,1.0,1.7E9,
1.1999999999999999E-43,0.0018,4600.0,2600.0,69.0,7899999.999999999,6700.0,140.0,7000.0,1200.0,1100.0,0.15,7899999.999999999,7.2E-6,0.14,0.14,0.0,660.0,1.3,2.0E-5,5.5E-6,1.9E-14,4.2E7,1.0,1.7E9,
1.1999999999999999E-43,0.0018,4600.0,2600.0,69.0,7699999.999999999,6700.0,140.0,7000.0,1200.0,1100.0,0.15,7699999.999999999,7.5E-6,0.13,0.13,0.0,650.0,1.3,1.3E-7,5.5E-6,7.0E-15,4.1E7,1.0,1.7E9,
1.1E-43,0.0017,4600.0,2600.0,69.0,7099999.999999999,6700.0,140.0,7000.0,1200.0,1100.0,0.15,7099999.999999999,7.3E-6,0.12,0.12,0.0,640.0,1.2,1.8E-8,5.5E-6,4.4E-15,4.0E7,1.0,1.7E9,
1.1E-43,0.0017,4600.0,2600.0,69.0,6799999.999999999,6700.0,140.0,7000.0,1200.0,1100.0,0.15,6799999.999999999,7.3E-6,0.12,0.12,0.0,640.0,1.2,3.4E-10,5.5E-6,1.9E-15,3.9E7,1.0,1.7E9,
1.1E-43,0.0017,4600.0,2600.0,69.0,6799999.999999999,6700.0,140.0,7000.0,1200.0,1100.0,0.15,6799999.999999999,7.2E-6,0.12,0.12,0.0,630.0,1.2,8.5E-13,5.5E-6,6.0E-16,3.9E7,1.0,1.7E9,
1.1E-43,0.0017,4600.0,2600.0,69.0,6799999.999999999,6700.0,140.0,7000.0,1200.0,1100.0,0.15,6799999.999999999,6.5E-6,0.12,0.12,0.0,620.0,1.2,2.1E-15,5.5E-6,2.0E-16,4.1E7,1.0,1.7E9,
1.1E-43,0.0017,4600.0,2600.0,69.0,6799999.999999999,6700.0,140.0,7000.0,1200.0,1100.0,0.15,6799999.999999999,5.5E-6,0.12,0.12,0.0,620.0,1.2,5.4E-18,5.5E-6,7.3E-17,4.3E7,1.0,1.7E9,
1.1E-43,0.0017,4600.0,2600.0,69.0,6799999.999999999,6700.0,140.0,7000.0,1200.0,1100.0,0.15,6799999.999999999,4.6E-6,0.12,0.12,0.0,620.0,1.2,1.4E-20,5.5E-6,3.3E-17,4.6E7,1.0,1.7E9,
1.1E-43,0.0017,4600.0,2600.0,69.0,6799999.999999999,6700.0,140.0,7000.0,1200.0,1100.0,0.15,6799999.999999999,3.8E-6,0.12,0.12,0.0,620.0,1.2,3.3E-23,5.5E-6,1.9E-17,5.0E7,1.0,1.7E9,
1.1E-43,0.0017,4600.0,2600.0,69.0,6799999.999999999,6700.0,140.0,7000.0,1200.0,1100.0,0.15,6799999.999999999,3.1E-6,0.12,0.12,0.0,620.0,1.2,1.3E-25,5.5E-6,1.4E-17,5.3E7,1.0,1.7E9,
1.1E-43,0.0017,4600.0,2600.0,69.0,6799999.999999999,6700.0,140.0,7000.0,1200.0,1100.0,0.15,6799999.999999999,2.6E-6,0.12,0.12,0.0,610.0,1.2,0.0,5.5E-6,1.0E-17,5.7E7,1.0,1.7E9,
1.1E-43,0.0017,4600.0,2600.0,69.0,6799999.999999999,6700.0,140.0,7000.0,1200.0,1100.0,0.15,6799999.999999999,2.1E-6,0.12,0.12,0.0,610.0,1.2,1.7000000000000003E-28,5.5E-6,8.4E-18,6.1E7,1.0,1.7E9,
1.1E-43,0.0017,4600.0,2600.0,69.0,6799999.999999999,6700.0,140.0,7000.0,1200.0,1100.0,0.15,6799999.999999999,2.5E-6,0.12,0.12,0.0,590.0,1.2,4.4E-31,5.5E-6,7.8E-18,5.7E7,1.0,1.7E9,
1.1E-43,0.0017,4600.0,2600.0,69.0,6799999.999999999,6700.0,140.0,7000.0,1200.0,1100.0,0.15,6799999.999999999,2.7E-6,0.12,0.12,0.0,590.0,1.2,1.1E-33,5.5E-6,8.5E-18,5.6E7,1.0,1.7E9,
1.1E-43,0.0017,4600.0,2600.0,69.0,6799999.999999999,6700.0,140.0,7000.0,1200.0,1100.0,0.15,6799999.999999999,2.7E-6,0.12,0.12,0.0,590.0,1.2,2.8E-36,5.5E-6,8.7E-18,5.6E7,1.0,1.7E9,
1.1E-43,0.0017,4600.0,2600.0,69.0,6799999.999999999,6700.0,140.0,7000.0,1200.0,1100.0,0.15,6799999.999999999,2.4E-6,0.12,0.12,0.0,590.0,1.2,7.2E-39,5.5E-6,8.4E-18,5.8E7,1.0,1.7E9,
1.1E-43,0.0017,4600.0,2600.0,69.0,6799999.999999999,6700.0,140.0,7000.0,1200.0,1100.0,0.15,6799999.999999999,2.2E-6,0.12,0.12,0.0,590.0,1.2,4.799999999999999E-41,5.5E-6,7.8E-18,6.1E7,1.0,1.7E9,
1.1E-43,0.0017,4600.0,2600.0,69.0,6799999.999999999,6700.0,140.0,7000.0,1200.0,1100.0,0.15,6799999.999999999,1.9E-6,0.12,0.12,0.0,590.0,1.2,1.5E-41,5.5E-6,6.9E-18,6.4E7,1.0,1.7E9,
1.1E-43,0.0017,4600.0,2600.0,69.0,6799999.999999999,6700.0,140.0,7000.0,1200.0,1100.0,0.15,6799999.999999999,1.6E-6,0.12,0.12,0.0,590.0,1.2,3.4E-42,5.5E-6,6.0E-18,6.7E7,1.0,1.7E9,
1.1E-43,0.0017,4600.0,2600.0,69.0,6799999.999999999,6700.0,140.0,7000.0,1200.0,1100.0,0.15,6799999.999999999,1.4E-6,0.12,0.12,0.0,580.0,1.2,0.0,5.5E-6,5.2E-18,7.1E7,1.0,1.7E9,
1.1E-43,0.0017,4600.0,2600.0,69.0,6799999.999999999,6700.0,140.0,7000.0,1200.0,1100.0,0.15,6799999.999999999,1.5E-6,0.12,0.12,0.0,580.0,1.2,1.1E-43,5.5E-6,4.8E-18,6.9E7,1.0,1.7E9,
1.1E-43,0.0017,4600.0,2600.0,69.0,6799999.999999999,6700.0,140.0,7000.0,1200.0,1100.0,0.15,6799999.999999999,1.8E-6,0.12,0.12,0.0,580.0,1.2,2.8E-46,5.5E-6,5.4E-18,6.4E7,1.0,1.7E9,
1.1E-43,0.0017,4600.0,2600.0,69.0,6799999.999999999,6700.0,140.0,7000.0,1200.0,1100.0,0.15,6799999.999999999,1.9E-6,0.12,0.12,0.0,580.0,1.2,7.0E-49,5.5E-6,6.0E-18,6.3E7,1.0,1.7E9,
1.1E-43,0.0017,4600.0,2600.0,69.0,6799999.999999999,6700.0,140.0,7000.0,1200.0,1100.0,0.15,6799999.999999999,1.9E-6,0.12,0.12,0.0,570.0,1.2,1.8E-51,5.5E-6,6.1E-18,6.4E7,1.0,1.7E9,
1.1E-43,0.0017,4600.0,2600.0,69.0,6799999.999999999,6700.0,140.0,7000.0,1200.0,1100.0,0.15,6799999.999999999,1.7E-6,0.12,0.12,0.0,560.0,1.2,4.7999999999999997E-54,5.5E-6,5.9E-18,6.6E7,1.0,1.7E9,
1.1E-43,0.0017,4600.0,2600.0,69.0,6799999.999999999,6700.0,140.0,7000.0,1200.0,1100.0,0.15,6799999.999999999,1.5E-6,0.12,0.12,0.0,560.0,1.2,1.4E-55,5.5E-6,5.4E-18,6.9E7,1.0,1.7E9,
1.1E-43,0.0017,4600.0,2600.0,69.0,6799999.999999999,6700.0,140.0,7000.0,1200.0,1100.0,0.15,6799999.999999999,1.3E-6,0.12,0.12,0.0,560.0,1.2,0.0,5.5E-6,4.9E-18,7.2E7,1.0,1.7E9,
1.1E-43,0.0017,4600.0,2600.0,69.0,6799999.999999999,6700.0,140.0,7000.0,1200.0,1100.0,0.15,6799999.999999999,1.2E-6,0.12,0.12,0.0,550.0,1.2,0.0,5.5E-6,4.3E-18,7.5E7,1.0,1.7E9,
1.1E-43,0.0017,4600.0,2600.0,69.0,6799999.999999999,6700.0,140.0,7000.0,1200.0,1100.0,0.15,6799999.999999999,1.1E-6,0.12,0.12,0.0,550.0,1.2,0.0,5.5E-6,3.8E-18,7.7E7,1.0,1.7E9,
1.1E-43,0.0017,4600.0,2600.0,69.0,6799999.999999999,6700.0,140.0,7000.0,1200.0,1100.0,0.15,6799999.999999999,1.4E-6,0.12,0.12,0.0,550.0,1.2,0.0,5.5E-6,4.2E-18,7.0E7,1.0,1.7E9,
1.1E-43,0.0017,4600.0,2600.0,69.0,6799999.999999999,6700.0,140.0,7000.0,1200.0,1100.0,0.15,6799999.999999999,1.6E-6,0.12,0.12,0.0,550.0,1.2,0.0,5.5E-6,4.9E-18,6.7E7,1.0,1.7E9,
1.1E-43,0.0017,4600.0,2600.0,69.0,6799999.999999999,6700.0,140.0,7000.0,1200.0,1100.0,0.15,6799999.999999999,1.6E-6,0.12,0.12,0.0,550.0,1.2,0.0,5.5E-6,5.2E-18,6.7E7,1.0,1.7E9,
1.1E-43,0.0017,4600.0,2600.0,69.0,6799999.999999999,6700.0,140.0,7000.0,1200.0,1100.0,0.15,6799999.999999999,1.5E-6,0.12,0.12,0.0,540.0,1.2,0.0,5.5E-6,5.2E-18,6.8E7,1.0,1.7E9,
7.7E-43,0.029,1700.0,90000.0,17.0,8299999.999999999,21000.0,3900.0,100.0,2000.0,2000.0,0.15,8400000.0,3.0,0.32,0.32,0.0,650.0,2.7,38.0,5.8E-6,9.7E-12,7.0E7,1.0,1.7E9,
9.999999999999999E-44,0.0039,1700.0,5000.0,17.0,7999999.999999999,21000.0,3900.0,100.0,2000.0,2000.0,0.15,8099999.999999999,4.5E-6,0.18,0.18,0.0,650.0,3.0,1.9,5.8E-6,7.0E-13,6.6E7,1.0,1.7E9,
1.0E-43,0.0038,1700.0,5000.0,17.0,7799999.999999999,3500.0,3900.0,100.0,2000.0,2000.0,0.15,7799999.999999999,5.2E-6,0.17,0.17,0.0,650.0,2.9,0.096,5.7E-6,3.8E-13,6.2E7,1.0,1.7E9,
9.700000000000001E-44,0.0037,1700.0,5000.0,17.0,7499999.999999999,3500.0,3900.0,100.0,2000.0,2000.0,0.15,7599999.999999999,5.7E-6,0.17,0.17,0.0,640.0,2.8,0.0048,5.7E-6,2.0E-13,5.9E7,1.0,1.7E9,
9.500000000000001E-44,0.0036,1700.0,5000.0,17.0,7199999.999999999,3500.0,3900.0,100.0,2000.0,2000.0,0.15,7299999.999999999,6.1E-6,0.16,0.16,0.0,640.0,2.7,6.5E-4,5.7E-6,1.3E-13,5.7E7,1.0,1.7E9,
9.300000000000001E-44,0.0036,1700.0,5000.0,17.0,6999999.999999999,3500.0,3900.0,100.0,2000.0,2000.0,0.15,7099999.999999999,6.9E-6,0.16,0.16,0.0,640.0,2.6,1.2E-5,5.7E-6,5.9E-14,5.4E7,1.0,1.7E9,
9.1E-44,0.0035,1700.0,5000.0,17.0,6799999.999999999,3500.0,3900.0,100.0,2000.0,2000.0,0.15,6799999.999999999,7.7E-6,0.15,0.15,0.0,640.0,2.5,8.2E-8,5.7E-6,2.1E-14,5.1E7,1.0,1.7E9,
9.1E-44,0.0035,1700.0,5000.0,17.0,6799999.999999999,3500.0,3900.0,100.0,2000.0,2000.0,0.15,6799999.999999999,8.3E-6,0.15,0.15,0.0,640.0,2.5,2.1E-10,5.7E-6,6.4E-15,5.0E7,1.0,1.7E9,
9.1E-44,0.0035,1700.0,5000.0,17.0,6799999.999999999,3500.0,3900.0,100.0,2000.0,2000.0,0.15,6799999.999999999,8.0E-6,0.15,0.15,0.0,630.0,2.5,5.2E-13,5.7E-6,1.9E-15,5.0E7,1.0,1.7E9,
9.1E-44,0.0035,1700.0,5000.0,17.0,6799999.999999999,3500.0,3900.0,100.0,2000.0,2000.0,0.15,6799999.999999999,7.2E-6,0.15,0.15,0.0,630.0,2.5,1.3E-15,5.7E-6,6.0E-16,5.2E7,1.0,1.7E9,
9.1E-44,0.0035,1700.0,5000.0,17.0,6799999.999999999,3500.0,3900.0,100.0,2000.0,2000.0,0.15,6799999.999999999,6.3E-6,0.15,0.15,0.0,620.0,2.5,3.5E-18,5.7E-6,2.0E-16,5.5E7,1.0,1.7E9,
9.1E-44,0.0035,1700.0,5000.0,17.0,6799999.999999999,3500.0,3900.0,100.0,2000.0,2000.0,0.15,6799999.999999999,5.4E-6,0.15,0.15,0.0,610.0,2.5,1.1E-20,5.7E-6,7.3E-17,5.8E7,1.0,1.7E9,
9.1E-44,0.0035,1700.0,5000.0,17.0,6799999.999999999,3500.0,3900.0,100.0,2000.0,2000.0,0.15,6799999.999999999,4.5E-6,0.15,0.15,0.0,600.0,2.5,3.8E-23,5.7E-6,3.4E-17,6.2E7,1.0,1.7E9,
9.1E-44,0.0035,1700.0,5000.0,17.0,6799999.999999999,3500.0,3900.0,100.0,2000.0,2000.0,0.15,6799999.999999999,3.9E-6,0.15,0.15,0.0,590.0,2.5,2.1999999999999996E-24,5.7E-6,2.0E-17,6.5E7,1.0,1.7E9,
9.1E-44,0.0035,1700.0,5000.0,17.0,6799999.999999999,3500.0,3900.0,100.0,2000.0,2000.0,0.15,6799999.999999999,3.6E-6,0.15,0.15,0.0,580.0,2.5,0.0,5.7E-6,1.4E-17,6.7E7,1.0,1.7E9,
9.1E-44,0.0035,1700.0,5000.0,17.0,6799999.999999999,3500.0,3900.0,100.0,2000.0,2000.0,0.15,6799999.999999999,4.6E-6,0.15,0.15,0.0,580.0,2.5,0.0,5.6E-6,1.4E-17,6.1E7,1.0,1.7E9,
9.1E-44,0.0035,1700.0,5000.0,17.0,6799999.999999999,3500.0,3900.0,100.0,2000.0,2000.0,0.15,6799999.999999999,5.1E-6,0.15,0.15,0.0,570.0,2.5,0.0,5.6E-6,1.6E-17,5.8E7,1.0,1.7E9,
9.1E-44,0.0035,1700.0,5000.0,17.0,6799999.999999999,3500.0,3900.0,100.0,2000.0,2000.0,0.15,6799999.999999999,5.1E-6,0.15,0.15,0.0,570.0,2.5,0.0,5.6E-6,1.7E-17,5.9E7,1.0,1.7E9,
9.1E-44,0.0035,1700.0,5000.0,17.0,6799999.999999999,3500.0,3900.0,100.0,2000.0,2000.0,0.15,6799999.999999999,4.7E-6,0.15,0.15,0.0,550.0,2.5,0.0,5.6E-6,1.7E-17,6.0E7,1.0,1.7E9,
9.1E-44,0.0035,1700.0,5000.0,17.0,6799999.999999999,3500.0,3900.0,100.0,2000.0,2000.0,0.15,6799999.999999999,4.2E-6,0.15,0.15,0.0,550.0,2.5,0.0,5.6E-6,1.6E-17,6.3E7,1.0,1.7E9,
9.1E-44,0.0035,1700.0,5000.0,17.0,6799999.999999999,3500.0,3900.0,100.0,2000.0,2000.0,0.15,6799999.999999999,3.7E-6,0.15,0.15,0.0,540.0,2.5,0.0,5.6E-6,1.4E-17,6.6E7,1.0,1.7E9,
9.1E-44,0.0035,1700.0,5000.0,17.0,6799999.999999999,3500.0,3900.0,100.0,2000.0,2000.0,0.15,6799999.999999999,3.2E-6,0.15,0.15,0.0,540.0,2.5,0.0,5.6E-6,1.2E-17,6.9E7,1.0,1.7E9,
9.1E-44,0.0035,1700.0,5000.0,17.0,6799999.999999999,3500.0,3900.0,100.0,2000.0,2000.0,0.15,6799999.999999999,2.8E-6,0.15,0.15,0.0,540.0,2.5,0.0,5.6E-6,1.1E-17,7.3E7,1.0,1.7E9,
9.1E-44,0.0035,1700.0,5000.0,17.0,6799999.999999999,3500.0,3900.0,100.0,2000.0,2000.0,0.15,6799999.999999999,3.0E-6,0.15,0.15,0.0,540.0,2.5,0.0,5.6E-6,9.8E-18,7.0E7,1.0,1.7E9,
9.1E-44,0.0035,1700.0,5000.0,17.0,6799999.999999999,3500.0,3900.0,100.0,2000.0,2000.0,0.15,6799999.999999999,3.7E-6,0.15,0.15,0.0,530.0,2.5,0.0,5.6E-6,1.1E-17,6.6E7,1.0,1.7E9,
9.1E-44,0.0035,1700.0,5000.0,17.0,6799999.999999999,3500.0,3900.0,100.0,2000.0,2000.0,0.15,6799999.999999999,3.9E-6,0.15,0.15,0.0,530.0,2.5,0.0,5.6E-6,1.3E-17,6.4E7,1.0,1.7E9,
9.1E-44,0.0035,1700.0,5000.0,17.0,6799999.999999999,3500.0,3900.0,100.0,2000.0,2000.0,0.15,6799999.999999999,3.8E-6,0.15,0.15,0.0,530.0,2.5,0.0,5.6E-6,1.3E-17,6.5E7,1.0,1.7E9,
9.1E-44,0.0035,1700.0,5000.0,17.0,6799999.999999999,3500.0,3900.0,100.0,2000.0,2000.0,0.15,6799999.999999999,3.5E-6,0.15,0.15,0.0,530.0,2.5,0.0,5.6E-6,1.3E-17,6.7E7,1.0,1.7E9,
9.1E-44,0.0035,1700.0,5000.0,17.0,6799999.999999999,3500.0,3900.0,100.0,2000.0,2000.0,0.15,6799999.999999999,3.2E-6,0.15,0.15,0.0,530.0,2.5,0.0,5.6E-6,1.2E-17,6.9E7,1.0,1.7E9,
9.1E-44,0.0035,1700.0,5000.0,17.0,6799999.999999999,3500.0,3900.0,100.0,2000.0,2000.0,0.15,6799999.999999999,2.8E-6,0.15,0.15,0.0,530.0,2.5,0.0,5.6E-6,1.0E-17,7.3E7,1.0,1.7E9,
9.1E-44,0.0035,1700.0,5000.0,17.0,6799999.999999999,3500.0,3900.0,100.0,2000.0,2000.0,0.15,6799999.999999999,2.4E-6,0.15,0.15,0.0,520.0,2.5,0.0,5.6E-6,9.3E-18,7.6E7,1.0,1.7E9,
9.1E-44,0.0035,1700.0,5000.0,17.0,6799999.999999999,3500.0,3900.0,100.0,2000.0,2000.0,0.15,6799999.999999999,2.3E-6,0.15,0.15,0.0,520.0,2.5,0.0,5.6E-6,8.2E-18,7.7E7,1.0,1.7E9,
9.1E-44,0.0035,1700.0,5000.0,17.0,6799999.999999999,3500.0,3900.0,100.0,2000.0,2000.0,0.15,6799999.999999999,3.0E-6,0.15,0.15,0.0,520.0,2.5,0.0,5.6E-6,9.1E-18,7.0E7,1.0,1.7E9,
9.1E-44,0.0035,1700.0,5000.0,17.0,6799999.999999999,3500.0,3900.0,100.0,2000.0,2000.0,0.15,6799999.999999999,3.4E-6,0.15,0.15,0.0,520.0,2.5,0.0,5.6E-6,1.1E-17,6.8E7,1.0,1.7E9,
9.1E-44,0.0035,1700.0,5000.0,17.0,6799999.999999999,3500.0,3900.0,100.0,2000.0,2000.0,0.15,6799999.999999999,3.4E-6,0.15,0.15,0.0,510.0,2.5,0.0,5.6E-6,1.1E-17,6.7E7,1.0,1.7E9,
9.1E-44,0.0035,1700.0,5000.0,17.0,6799999.999999999,3500.0,3900.0,100.0,2000.0,2000.0,0.15,6799999.999999999,3.3E-6,0.15,0.15,0.0,510.0,2.5,0.0,5.6E-6,1.1E-17,6.9E7,1.0,1.7E9,
9.1E-44,0.0035,1700.0,5000.0,17.0,6799999.999999999,3500.0,3900.0,100.0,2000.0,2000.0,0.15,6799999.999999999,3.0E-6,0.15,0.15,0.0,510.0,2.5,0.0,5.6E-6,1.1E-17,7.1E7,1.0,1.7E9,
9.1E-44,0.0035,1700.0,5000.0,17.0,6799999.999999999,3500.0,3900.0,100.0,2000.0,2000.0,0.15,6799999.999999999,2.6E-6,0.15,0.15,0.0,510.0,2.5,0.0,5.6E-6,9.8E-18,7.4E7,1.0,1.7E9,
9.1E-44,0.0035,1700.0,5000.0,17.0,6799999.999999999,3500.0,3900.0,100.0,2000.0,2000.0,0.15,6799999.999999999,2.3E-6,0.15,0.15,0.0,500.0,2.5,0.0,5.6E-6,8.8E-18,7.7E7,1.0,1.7E9,
9.1E-44,0.0035,1700.0,5000.0,17.0,6799999.999999999,3500.0,3900.0,100.0,2000.0,2000.0,0.15,6799999.999999999,2.1E-6,0.15,0.15,0.0,500.0,2.5,0.0,5.6E-6,7.8E-18,8.1E7,1.0,1.7E9,
9.1E-44,0.0035,1700.0,5000.0,17.0,6799999.999999999,3500.0,3900.0,100.0,2000.0,2000.0,0.15,6799999.999999999,2.6E-6,0.15,0.15,0.0,500.0,2.5,0.0,5.6E-6,8.0E-18,7.4E7,1.0,1.7E9,
9.1E-44,0.0035,1700.0,5000.0,17.0,6799999.999999999,3500.0,3900.0,100.0,2000.0,2000.0,0.15,6799999.999999999,3.1E-6,0.15,0.15,0.0,490.0,2.5,0.0,5.6E-6,9.4E-18,7.0E7,1.0,1.7E9,
9.1E-44,0.0035,1700.0,5000.0,17.0,6799999.999999999,3500.0,3900.0,100.0,2000.0,2000.0,0.15,6799999.999999999,3.3E-6,0.15,0.15,0.0,490.0,2.5,0.0,5.6E-6,1.1E-17,6.9E7,1.0,1.7E9,
9.1E-44,0.0035,1700.0,5000.0,17.0,6799999.999999999,3500.0,3900.0,100.0,2000.0,2000.0,0.15,6799999.999999999,3.2E-6,0.15,0.15,0.0,480.0,2.5,0.0,5.6E-6,1.1E-17,6.9E7,1.0,1.7E9,
9.1E-44,0.0035,1700.0,5000.0,17.0,6799999.999999999,3500.0,3900.0,100.0,2000.0,2000.0,0.15,6799999.999999999,2.9E-6,0.15,0.15,0.0,480.0,2.5,0.0,5.6E-6,1.0E-17,7.1E7,1.0,1.7E9,
9.1E-44,0.0035,1700.0,5000.0,17.0,6799999.999999999,3500.0,3900.0,100.0,2000.0,2000.0,0.15,6799999.999999999,2.6E-6,0.15,0.15,0.0,470.0,2.5,0.0,5.6E-6,9.7E-18,7.4E7,1.0,1.7E9,
9.1E-44,0.0035,1700.0,5000.0,17.0,6799999.999999999,3500.0,3900.0,100.0,2000.0,2000.0,0.15,6799999.999999999,2.3E-6,0.15,0.15,0.0,470.0,2.5,0.0,5.6E-6,8.7E-18,7.7E7,1.0,1.7E9,
9.1E-44,0.0035,1700.0,5000.0,17.0,6799999.999999999,3500.0,3900.0,100.0,2000.0,2000.0,0.15,6799999.999999999,2.1E-6,0.15,0.15,0.0,470.0,2.5,0.0,5.6E-6,7.8E-18,8.1E7,1.0,1.7E9,
9.1E-44,0.0035,1700.0,5000.0,17.0,6799999.999999999,3500.0,3900.0,100.0,2000.0,2000.0,0.15,6799999.999999999,2.3E-6,0.15,0.15,0.0,470.0,2.5,0.0,5.6E-6,7.3E-18,7.8E7,1.0,1.7E9,
9.1E-44,0.0035,1700.0,5000.0,17.0,6799999.999999999,3500.0,3900.0,100.0,2000.0,2000.0,0.15,6799999.999999999,2.9E-6,0.15,0.15,0.0,470.0,2.5,0.0,5.6E-6,8.6E-18,7.2E7,1.0,1.7E9,
9.1E-44,0.0035,1700.0,5000.0,17.0,6799999.999999999,3500.0,3900.0,100.0,2000.0,2000.0,0.15,6799999.999999999,3.1E-6,0.15,0.15,0.0,470.0,2.5,0.0,5.6E-6,9.9E-18,7.0E7,1.0,1.7E9,
8.999999999999999E-43,0.025,26000.0,130000.0,2200.0,9900000.0,20000.0,2900.0,1400.0,5000.0,7000.0,0.16,1.0E7,8.4E-6,0.5,0.5,0.0,910.0,5.5,17.0,8.4E-6,6.9E-12,7.4E7,1.0,1.9E9,
8.499999999999999E-43,0.023,26000.0,120000.0,2200.0,9600000.0,20000.0,2900.0,1400.0,5000.0,7000.0,0.16,9800000.0,1.0E-5,0.48,0.48,0.0,910.0,5.4,0.13,8.4E-6,2.4E-12,6.7E7,1.0,1.9E9,
7.900000000000001E-44,0.0022,3400.0,940.0,2200.0,9500000.0,2100.0,2900.0,1400.0,5000.0,7000.0,0.16,9500000.0,1.1E-5,0.27,0.27,0.0,910.0,5.3,0.017,8.4E-6,1.5E-13,6.5E7,1.0,1.9E9,
7.6E-44,0.0021,3400.0,940.0,2200.0,9000000.0,2100.0,2800.0,1400.0,5000.0,7000.0,0.16,9100000.0,1.2E-5,0.27,0.27,0.0,910.0,5.1,8.7E-4,8.3E-6,7.9E-14,6.2E7,1.0,1.9E9,
7.400000000000001E-44,0.002,3400.0,940.0,2200.0,8700000.0,2100.0,2800.0,1400.0,5000.0,7000.0,0.16,8700000.0,1.2E-5,0.26,0.26,0.0,900.0,4.9,3.2E-4,8.3E-6,6.3E-14,6.1E7,1.0,1.9E9,
7.000000000000001E-44,0.0019,3400.0,940.0,2200.0,7999999.999999999,2100.0,2800.0,1400.0,5000.0,7000.0,0.16,7999999.999999999,1.3E-5,0.25,0.25,0.0,900.0,4.6,1.6E-5,8.3E-6,3.2E-14,5.8E7,1.0,1.9E9,
6.7E-44,0.0018,3400.0,940.0,2200.0,7599999.999999999,2100.0,2800.0,1400.0,5000.0,7000.0,0.16,7599999.999999999,1.5E-5,0.24,0.24,0.0,900.0,4.4,3.0E-7,8.2E-6,1.4E-14,5.5E7,1.0,1.9E9,
6.5E-44,0.0018,3400.0,940.0,2200.0,7299999.999999999,2100.0,2800.0,1400.0,5000.0,7000.0,0.16,7299999.999999999,1.5E-5,0.24,0.24,0.0,890.0,4.3,1.5E-8,8.2E-6,7.5E-15,5.3E7,1.0,1.9E9,
6.5E-44,0.0018,3400.0,940.0,2200.0,7299999.999999999,2100.0,2800.0,1400.0,5000.0,7000.0,0.16,7299999.999999999,1.7E-5,0.24,0.24,0.0,890.0,4.3,3.7E-11,8.2E-6,2.3E-15,5.2E7,1.0,1.9E9,
6.5E-44,0.0018,3400.0,940.0,2200.0,7299999.999999999,2100.0,2800.0,1400.0,5000.0,7000.0,0.16,7299999.999999999,1.6E-5,0.24,0.24,0.0,890.0,4.3,9.5E-14,8.2E-6,7.5E-16,5.3E7,1.0,1.9E9,
6.5E-44,0.0018,3400.0,940.0,2200.0,7299999.999999999,2100.0,2800.0,1400.0,5000.0,7000.0,0.16,7299999.999999999,1.4E-5,0.24,0.24,0.0,880.0,4.3,2.4E-16,8.2E-6,2.7E-16,5.5E7,1.0,1.9E9,
6.5E-44,0.0018,3400.0,940.0,2200.0,7299999.999999999,2100.0,2800.0,1400.0,5000.0,7000.0,0.16,7299999.999999999,1.2E-5,0.24,0.24,0.0,880.0,4.3,6.3E-19,8.2E-6,1.2E-16,5.8E7,1.0,1.9E9,
6.5E-44,0.0018,3400.0,940.0,2200.0,7299999.999999999,2100.0,2800.0,1400.0,5000.0,7000.0,0.16,7299999.999999999,1.0E-5,0.24,0.24,0.0,870.0,4.3,2.2E-21,8.2E-6,7.1E-17,6.1E7,1.0,1.9E9,
6.5E-44,0.0018,3400.0,940.0,2200.0,7299999.999999999,2100.0,2800.0,1400.0,5000.0,7000.0,0.16,7299999.999999999,8.7E-6,0.24,0.24,0.0,860.0,4.3,0.0,8.2E-6,5.0E-17,6.5E7,1.0,1.9E9,
6.5E-44,0.0018,3400.0,940.0,2200.0,7299999.999999999,2100.0,2800.0,1400.0,5000.0,7000.0,0.16,7299999.999999999,7.3E-6,0.24,0.24,0.0,860.0,4.3,0.0,8.2E-6,4.0E-17,6.9E7,1.0,1.9E9,
6.5E-44,0.0018,3400.0,940.0,2200.0,7299999.999999999,2100.0,2800.0,1400.0,5000.0,7000.0,0.16,7299999.999999999,6.2E-6,0.24,0.24,0.0,860.0,4.3,0.0,8.2E-6,3.3E-17,7.4E7,1.0,1.9E9,
6.5E-44,0.0018,3400.0,940.0,2200.0,7299999.999999999,2100.0,2800.0,1400.0,5000.0,7000.0,0.16,7299999.999999999,7.9E-6,0.24,0.24,0.0,860.0,4.3,0.0,8.2E-6,3.2E-17,6.8E7,1.0,1.9E9,
6.5E-44,0.0018,3400.0,940.0,2200.0,7299999.999999999,2100.0,2800.0,1400.0,5000.0,7000.0,0.16,7299999.999999999,8.6E-6,0.24,0.24,0.0,860.0,4.3,0.0,8.2E-6,3.6E-17,6.6E7,1.0,1.9E9,
6.5E-44,0.0018,3400.0,940.0,2200.0,7299999.999999999,2100.0,2800.0,1400.0,5000.0,7000.0,0.16,7299999.999999999,8.5E-6,0.24,0.24,0.0,860.0,4.3,0.0,8.2E-6,3.7E-17,6.6E7,1.0,1.9E9,
6.5E-44,0.0018,3400.0,940.0,2200.0,7299999.999999999,2100.0,2800.0,1400.0,5000.0,7000.0,0.16,7299999.999999999,7.8E-6,0.24,0.24,0.0,850.0,4.3,0.0,8.2E-6,3.6E-17,6.8E7,1.0,1.9E9,
6.5E-44,0.0018,3400.0,940.0,2200.0,7299999.999999999,2100.0,2800.0,1400.0,5000.0,7000.0,0.16,7299999.999999999,6.9E-6,0.24,0.24,0.0,840.0,4.3,0.0,8.2E-6,3.4E-17,7.1E7,1.0,1.9E9,
6.5E-44,0.0018,3400.0,940.0,2200.0,7299999.999999999,2100.0,2800.0,1400.0,5000.0,7000.0,0.16,7299999.999999999,6.1E-6,0.24,0.24,0.0,840.0,4.3,0.0,8.2E-6,3.0E-17,7.4E7,1.0,1.9E9,
7.7E-44,0.0025,22000.0,2900.0,2100.0,9400000.0,2100.0,2800.0,1400.0,5000.0,9700.0,0.16,9500000.0,0.28,0.4,0.4,0.0,930.0,2.5,47.0,8.6E-6,1.4E-12,7.8E7,1.0,1.9E9,
7.6E-44,0.0025,4500.0,2900.0,2100.0,9200000.0,2100.0,2800.0,1400.0,5000.0,2200.0,0.16,9200000.0,3.9E-6,0.24,0.24,0.0,930.0,2.7,6.3,8.5E-6,9.0E-13,7.5E7,1.0,1.9E9,
7.400000000000001E-44,0.0024,4500.0,2900.0,2100.0,8900000.0,2100.0,2800.0,1400.0,5000.0,2200.0,0.16,9000000.0,4.5E-6,0.23,0.23,0.0,920.0,2.7,0.32,8.5E-6,4.8E-13,7.1E7,1.0,1.9E9,
7.300000000000001E-44,0.0024,4500.0,2900.0,2100.0,8700000.0,2100.0,2800.0,1400.0,5000.0,2100.0,0.16,8800000.0,5.5E-6,0.23,0.23,0.0,920.0,2.6,0.0022,8.5E-6,1.8E-13,6.5E7,1.0,1.9E9,
7.100000000000001E-44,0.0023,4400.0,2900.0,2100.0,8400000.0,2100.0,2800.0,1400.0,5000.0,2100.0,0.16,8400000.0,5.8E-6,0.22,0.22,0.0,920.0,2.5,2.9E-4,8.5E-6,1.1E-13,6.3E7,1.0,1.9E9,
6.9E-44,0.0022,4400.0,2900.0,2100.0,7999999.999999999,2100.0,2800.0,1400.0,5000.0,2100.0,0.16,7999999.999999999,6.7E-6,0.21,0.21,0.0,920.0,2.4,5.4E-6,8.5E-6,5.0E-14,5.9E7,1.0,1.9E9,
6.8E-44,0.0022,4400.0,2900.0,2100.0,7799999.999999999,2100.0,2800.0,1400.0,4900.0,2100.0,0.16,7799999.999999999,7.6E-6,0.21,0.21,0.0,930.0,2.4,1.0E-7,8.4E-6,2.2E-14,5.6E7,1.0,1.9E9,
6.6E-44,0.0022,4400.0,2900.0,2100.0,7499999.999999999,2100.0,2800.0,1400.0,4900.0,2100.0,0.15,7499999.999999999,7.9E-6,0.2,0.2,0.0,930.0,2.3,1.3E-8,8.3E-6,1.4E-14,5.4E7,1.0,1.8E9,
6.5E-44,0.0021,4400.0,2900.0,2100.0,7199999.999999999,2100.0,2800.0,1400.0,4900.0,2100.0,0.15,7299999.999999999,8.4E-6,0.2,0.2,0.0,930.0,2.3,6.7E-10,8.3E-6,7.8E-15,5.2E7,1.0,1.8E9,
6.5E-44,0.0021,4400.0,2900.0,2100.0,7199999.999999999,2100.0,2800.0,1400.0,4900.0,2100.0,0.15,7299999.999999999,9.2E-6,0.2,0.2,0.0,930.0,2.3,1.7E-12,8.3E-6,2.4E-15,5.1E7,1.0,1.8E9,
6.5E-44,0.0021,4400.0,2900.0,2100.0,7199999.999999999,2100.0,2800.0,1400.0,4900.0,2100.0,0.15,7299999.999999999,8.9E-6,0.2,0.2,0.0,930.0,2.3,4.3E-15,8.3E-6,7.5E-16,5.1E7,1.0,1.8E9,
6.5E-44,0.0021,4400.0,2900.0,2100.0,7199999.999999999,2100.0,2800.0,1400.0,4900.0,2100.0,0.15,7299999.999999999,7.9E-6,0.2,0.2,0.0,920.0,2.3,1.1E-17,8.3E-6,2.5E-16,5.3E7,1.0,1.8E9,
6.5E-44,0.0021,4400.0,2900.0,2100.0,7199999.999999999,2100.0,2800.0,1400.0,4900.0,2100.0,0.15,7299999.999999999,6.8E-6,0.2,0.2,0.0,910.0,2.3,2.8E-20,8.3E-6,9.9E-17,5.6E7,1.0,1.8E9,
6.5E-44,0.0021,4400.0,2900.0,2100.0,7199999.999999999,2100.0,2800.0,1400.0,4900.0,2100.0,0.15,7199999.999999999,6.3E-6,0.2,0.2,0.0,900.0,2.3,2.3E-22,8.2E-6,5.4E-17,5.7E7,1.0,1.8E9,
6.5E-44,0.0021,4400.0,2900.0,2100.0,7199999.999999999,2100.0,2800.0,1400.0,4900.0,2100.0,0.15,7199999.999999999,7.4E-6,0.2,0.2,0.0,900.0,2.3,5.8E-25,8.2E-6,3.8E-17,5.4E7,1.0,1.8E9,
6.5E-44,0.0021,4400.0,2900.0,2100.0,7199999.999999999,2100.0,2800.0,1400.0,4900.0,2100.0,0.15,7199999.999999999,7.5E-6,0.2,0.2,0.0,900.0,2.3,1.5E-27,8.2E-6,3.5E-17,5.4E7,1.0,1.8E9,
6.5E-44,0.0021,4400.0,2900.0,2100.0,7199999.999999999,2100.0,2800.0,1400.0,4900.0,2100.0,0.15,7199999.999999999,6.9E-6,0.2,0.2,0.0,880.0,2.3,3.7E-30,8.2E-6,3.3E-17,5.5E7,1.0,1.8E9,
6.5E-44,0.0021,4400.0,2900.0,2100.0,7199999.999999999,2100.0,2800.0,1400.0,4900.0,2100.0,0.15,7199999.999999999,6.1E-6,0.2,0.2,0.0,870.0,2.3,9.4E-33,8.2E-6,3.0E-17,5.8E7,1.0,1.8E9,
6.5E-44,0.0021,4400.0,2900.0,2100.0,7199999.999999999,2100.0,2800.0,1400.0,4900.0,2100.0,0.15,7199999.999999999,5.2E-6,0.2,0.2,0.0,860.0,2.3,1.0E-34,8.2E-6,2.7E-17,6.1E7,1.0,1.8E9,
6.5E-44,0.0021,4400.0,2900.0,2100.0,7199999.999999999,2100.0,2800.0,1400.0,4900.0,2100.0,0.15,7199999.999999999,4.4E-6,0.2,0.2,0.0,860.0,2.3,2.7E-35,8.2E-6,2.3E-17,6.5E7,1.0,1.8E9,
6.5E-44,0.0021,4400.0,2900.0,2100.0,7199999.999999999,2100.0,2800.0,1400.0,4900.0,2100.0,0.15,7199999.999999999,3.8E-6,0.2,0.2,0.0,840.0,2.3,7.100000000000001E-36,8.2E-6,2.0E-17,6.9E7,1.0,1.8E9,
6.5E-44,0.0021,4400.0,2900.0,2100.0,7199999.999999999,2100.0,2800.0,1400.0,4900.0,2100.0,0.15,7199999.999999999,3.2E-6,0.2,0.2,0.0,830.0,2.3,0.0,8.2E-6,1.7E-17,7.3E7,1.0,1.8E9,
6.5E-44,0.0021,4400.0,2900.0,2100.0,7199999.999999999,2100.0,2800.0,1400.0,4900.0,2100.0,0.15,7199999.999999999,3.7E-6,0.2,0.2,0.0,830.0,2.3,1.1E-38,8.2E-6,1.6E-17,7.0E7,1.0,1.8E9,
6.5E-44,0.0021,4400.0,2900.0,2100.0,7199999.999999999,2100.0,2800.0,1400.0,4900.0,2100.0,0.15,7199999.999999999,4.2E-6,0.2,0.2,0.0,820.0,2.3,2.7E-41,8.2E-6,1.7E-17,6.6E7,1.0,1.8E9,
6.5E-44,0.0021,4400.0,2900.0,2100.0,7199999.999999999,2100.0,2800.0,1400.0,4900.0,2100.0,0.15,7199999.999999999,4.3E-6,0.2,0.2,0.0,820.0,2.3,6.8E-44,8.1E-6,1.9E-17,6.5E7,1.0,1.8E9,
6.5E-44,0.0021,4400.0,2900.0,2100.0,7099999.999999999,2100.0,2800.0,1400.0,4900.0,2100.0,0.15,7199999.999999999,5.1E-6,0.2,0.2,0.0,820.0,2.2,4.7E-46,8.1E-6,2.1E-17,6.1E7,1.0,1.8E9,
6.5E-44,0.0021,4400.0,2900.0,2100.0,7099999.999999999,2100.0,2800.0,1400.0,4900.0,2100.0,0.15,7199999.999999999,5.5E-6,0.2,0.2,0.0,820.0,2.2,1.2E-48,8.1E-6,2.3E-17,5.9E7,1.0,1.8E9,
6.5E-44,0.0021,4400.0,2900.0,2100.0,7099999.999999999,2100.0,2800.0,1400.0,4900.0,2100.0,0.15,7199999.999999999,5.4E-6,0.2,0.2,0.0,810.0,2.2,3.0E-51,8.1E-6,2.4E-17,6.0E7,1.0,1.8E9,
6.5E-44,0.0021,4400.0,2900.0,2100.0,7099999.999999999,2100.0,2800.0,1400.0,4900.0,2100.0,0.15,7199999.999999999,4.9E-6,0.2,0.2,0.0,810.0,2.2,7.499999999999999E-54,8.1E-6,2.3E-17,6.2E7,1.0,1.8E9,
6.5E-44,0.0021,4400.0,2900.0,2100.0,7099999.999999999,2100.0,2800.0,1400.0,4900.0,2100.0,0.15,7199999.999999999,4.3E-6,0.2,0.2,0.0,790.0,2.2,2.1E-56,8.1E-6,2.1E-17,6.5E7,1.0,1.8E9,
6.5E-44,0.0021,4400.0,2900.0,2100.0,7099999.999999999,2100.0,2800.0,1400.0,4900.0,2100.0,0.15,7199999.999999999,3.8E-6,0.2,0.2,0.0,780.0,2.2,0.0,8.1E-6,1.9E-17,6.8E7,1.0,1.8E9,
6.5E-44,0.0021,4400.0,2900.0,2100.0,7099999.999999999,2100.0,2800.0,1400.0,4900.0,2100.0,0.15,7199999.999999999,3.2E-6,0.2,0.2,0.0,770.0,2.2,1.1000000000000002E-59,8.1E-6,1.7E-17,7.2E7,1.0,1.8E9,
6.5E-44,0.0021,4400.0,2900.0,2100.0,7099999.999999999,2100.0,2800.0,1400.0,4900.0,2100.0,0.15,7199999.999999999,2.8E-6,0.2,0.2,0.0,760.0,2.2,0.0,8.1E-6,1.4E-17,7.6E7,1.0,1.8E9,
6.5E-44,0.0021,4400.0,2900.0,2100.0,7099999.999999999,2100.0,2800.0,1400.0,4900.0,2100.0,0.15,7199999.999999999,3.0E-6,0.2,0.2,0.0,760.0,2.2,0.0,8.1E-6,1.3E-17,7.4E7,1.0,1.8E9,
6.5E-44,0.0021,4400.0,2900.0,2100.0,7099999.999999999,2100.0,2800.0,1400.0,4900.0,2100.0,0.15,7199999.999999999,3.6E-6,0.2,0.2,0.0,750.0,2.2,0.0,8.1E-6,1.5E-17,6.9E7,1.0,1.8E9,
6.5E-44,0.0021,4400.0,2900.0,2100.0,7099999.999999999,2100.0,2800.0,1400.0,4900.0,2100.0,0.15,7199999.999999999,3.8E-6,0.2,0.2,0.0,750.0,2.2,0.0,8.1E-6,1.6E-17,6.8E7,1.0,1.8E9,
6.5E-44,0.0021,4400.0,2900.0,2100.0,7099999.999999999,2100.0,2800.0,1400.0,4900.0,2100.0,0.15,7199999.999999999,3.7E-6,0.2,0.2,0.0,740.0,2.2,0.0,8.1E-6,1.7E-17,6.9E7,1.0,1.8E9,
6.5E-44,0.0021,4400.0,2900.0,2100.0,7099999.999999999,2100.0,2800.0,1400.0,4900.0,2100.0,0.15,7199999.999999999,3.4E-6,0.2,0.2,0.0,730.0,2.2,0.0,8.1E-6,1.6E-17,7.1E7,1.0,1.8E9,
6.5E-44,0.0021,4400.0,2900.0,2100.0,7099999.999999999,2100.0,2800.0,1400.0,4900.0,2100.0,0.15,7199999.999999999,3.0E-6,0.2,0.2,0.0,730.0,2.2,0.0,8.1E-6,1.5E-17,7.4E7,1.0,1.8E9,
6.5E-44,0.0021,4400.0,2900.0,2100.0,7099999.999999999,2100.0,2800.0,1400.0,4900.0,2100.0,0.15,7199999.999999999,2.6E-6,0.2,0.2,0.0,730.0,2.2,0.0,8.1E-6,1.3E-17,7.7E7,1.0,1.8E9,
6.5E-44,0.0021,4400.0,2900.0,2100.0,7099999.999999999,2100.0,2800.0,1400.0,4900.0,2100.0,0.15,7199999.999999999,2.3E-6,0.2,0.2,0.0,720.0,2.2,0.0,8.1E-6,1.2E-17,8.1E7,1.0,1.8E9,
6.5E-44,0.0021,4400.0,2900.0,2100.0,7099999.999999999,2100.0,2800.0,1400.0,4900.0,2100.0,0.15,7199999.999999999,2.2E-6,0.2,0.2,0.0,720.0,2.2,0.0,8.1E-6,1.0E-17,8.3E7,1.0,1.8E9,
6.5E-44,0.0021,4400.0,2900.0,2100.0,7099999.999999999,2100.0,2800.0,1400.0,4900.0,2100.0,0.15,7199999.999999999,2.8E-6,0.2,0.2,0.0,720.0,2.2,0.0,8.1E-6,1.1E-17,7.5E7,1.0,1.8E9,
6.5E-44,0.0021,4400.0,2900.0,2100.0,7099999.999999999,2100.0,2800.0,1400.0,4900.0,2100.0,0.15,7199999.999999999,3.2E-6,0.2,0.2,0.0,720.0,2.2,0.0,8.1E-6,1.3E-17,7.2E7,1.0,1.8E9,
6.5E-44,0.0021,4400.0,2900.0,2100.0,7099999.999999999,2100.0,2800.0,1400.0,4900.0,2100.0,0.15,7199999.999999999,3.2E-6,0.2,0.2,0.0,710.0,2.2,0.0,8.1E-6,1.4E-17,7.2E7,1.0,1.8E9,
6.5E-44,0.0021,4400.0,2900.0,2100.0,7099999.999999999,2100.0,2800.0,1400.0,4900.0,2100.0,0.15,7199999.999999999,3.0E-6,0.2,0.2,0.0,710.0,2.2,0.0,8.1E-6,1.4E-17,7.4E7,1.0,1.8E9,
6.5E-44,0.0021,4400.0,2900.0,2100.0,7099999.999999999,2100.0,2800.0,1400.0,4900.0,2100.0,0.15,7199999.999999999,2.7E-6,0.2,0.2,0.0,690.0,2.2,0.0,8.1E-6,1.3E-17,7.6E7,1.0,1.8E9,
6.5E-44,0.0021,4400.0,2900.0,2100.0,7099999.999999999,2100.0,2800.0,1400.0,4900.0,2100.0,0.15,7199999.999999999,2.4E-6,0.2,0.2,0.0,670.0,2.2,0.0,8.1E-6,1.2E-17,8.0E7,1.0,1.8E9,
6.5E-44,0.0021,4400.0,2900.0,2100.0,7099999.999999999,2100.0,2800.0,1400.0,4900.0,2100.0,0.15,7199999.999999999,2.2E-6,0.2,0.2,0.0,670.0,2.2,0.0,8.1E-6,1.1E-17,8.3E7,1.0,1.8E9,
6.5E-44,0.0021,4400.0,2900.0,2100.0,7099999.999999999,2100.0,2800.0,1400.0,4900.0,2100.0,0.15,7199999.999999999,1.9E-6,0.2,0.2,0.0,660.0,2.2,0.0,8.1E-6,9.6E-18,8.7E7,1.0,1.8E9,
6.5E-44,0.0021,4400.0,2900.0,2100.0,7099999.999999999,2100.0,2800.0,1400.0,4900.0,2100.0,0.15,7199999.999999999,2.4E-6,0.2,0.2,0.0,650.0,2.2,0.0,8.1E-6,9.7E-18,8.0E7,1.0,1.8E9,
6.400000000000001E-44,0.0021,4400.0,2900.0,2100.0,7099999.999999999,2100.0,2800.0,1400.0,4900.0,2100.0,0.15,7099999.999999999,3.0E-6,0.2,0.2,0.0,650.0,2.2,0.0,8.1E-6,1.1E-17,7.3E7,1.0,1.8E9,
6.400000000000001E-44,0.0021,4400.0,2900.0,2100.0,7099999.999999999,2100.0,2800.0,1400.0,4900.0,2100.0,0.15,7099999.999999999,3.6E-6,0.2,0.2,0.0,640.0,2.2,0.0,8.1E-6,1.4E-17,6.8E7,1.0,1.8E9,
6.400000000000001E-44,0.0021,4400.0,2900.0,2100.0,7099999.999999999,2100.0,2800.0,1400.0,4900.0,2100.0,0.15,7099999.999999999,3.8E-6,0.2,0.2,0.0,640.0,2.2,0.0,8.1E-6,1.6E-17,6.7E7,1.0,1.8E9,
6.400000000000001E-44,0.0021,4400.0,2900.0,2100.0,7099999.999999999,2100.0,2800.0,1400.0,4900.0,2100.0,0.15,7099999.999999999,3.7E-6,0.2,0.2,0.0,640.0,2.2,0.0,8.1E-6,1.7E-17,6.8E7,1.0,1.8E9,
6.400000000000001E-44,0.0021,4400.0,2900.0,2100.0,7099999.999999999,2100.0,2800.0,1400.0,4900.0,2100.0,0.15,7099999.999999999,3.4E-6,0.2,0.2,0.0,640.0,2.2,0.0,8.1E-6,1.6E-17,7.0E7,1.0,1.8E9,
5.4E-43,0.03,52000.0,110000.0,28000.0,9400000.0,4800.0,2800.0,1400.0,4900.0,2100.0,0.15,9600000.0,3.5,0.35,0.35,0.0,920.0,11.0,250.0,8.8E-6,1.3E-11,7.4E7,1.0,1.8E9,
2.2E-43,0.012,4300.0,52000.0,270.0,9300000.0,4800.0,2800.0,1400.0,4900.0,2100.0,0.15,9300000.0,6.2E-6,0.25,0.25,0.0,920.0,3.8,13.0,8.8E-6,2.9E-12,7.0E7,1.0,1.8E9,
4.6E-44,0.0026,4300.0,4000.0,270.0,8800000.0,4800.0,2800.0,1400.0,4900.0,2100.0,0.15,8800000.0,7.1E-6,0.17,0.17,0.0,930.0,3.6,0.24,8.8E-6,2.8E-13,6.5E7,1.0,1.8E9,
4.4E-44,0.0025,4300.0,4000.0,270.0,8299999.999999999,4800.0,2800.0,1400.0,4900.0,2100.0,0.15,8400000.0,7.7E-6,0.16,0.16,0.0,930.0,3.4,0.012,8.7E-6,1.5E-13,6.2E7,1.0,1.8E9,
4.3E-44,0.0024,4300.0,4000.0,270.0,7999999.999999999,4800.0,2800.0,1400.0,4900.0,2100.0,0.15,7999999.999999999,8.3E-6,0.16,0.16,0.0,930.0,3.3,6.1E-4,8.7E-6,7.8E-14,5.9E7,1.0,1.8E9,
4.1000000000000004E-44,0.0023,4300.0,4000.0,270.0,7399999.999999999,4800.0,2800.0,1400.0,4900.0,2100.0,0.15,7399999.999999999,8.8E-6,0.15,0.15,0.0,930.0,3.0,3.1E-5,8.6E-6,4.1E-14,5.7E7,1.0,1.8E9,
4.0000000000000003E-44,0.0023,4300.0,4000.0,270.0,7199999.999999999,4800.0,2800.0,1400.0,4900.0,2100.0,0.15,7199999.999999999,9.6E-6,0.14,0.14,0.0,930.0,2.9,5.7E-7,8.6E-6,1.8E-14,5.4E7,1.0,1.8E9,
4.0000000000000003E-44,0.0023,4300.0,4000.0,270.0,7199999.999999999,4800.0,2800.0,1400.0,4900.0,2100.0,0.15,7199999.999999999,1.0E-5,0.14,0.14,0.0,930.0,2.9,1.4E-9,8.6E-6,5.4E-15,5.3E7,1.0,1.8E9,
4.0000000000000003E-44,0.0023,4300.0,4000.0,270.0,7199999.999999999,4800.0,2800.0,1400.0,4900.0,2100.0,0.15,7199999.999999999,9.5E-6,0.14,0.14,0.0,930.0,2.9,3.6E-12,8.6E-6,1.7E-15,5.4E7,1.0,1.8E9,
4.0000000000000003E-44,0.0023,4300.0,4000.0,270.0,7199999.999999999,4800.0,2800.0,1400.0,4900.0,2100.0,0.15,7199999.999999999,8.5E-6,0.14,0.14,0.0,920.0,2.9,9.2E-15,8.6E-6,5.3E-16,5.7E7,1.0,1.8E9,
4.0000000000000003E-44,0.0023,4300.0,4000.0,270.0,7199999.999999999,4800.0,2800.0,1400.0,4900.0,2100.0,0.15,7199999.999999999,7.3E-6,0.14,0.14,0.0,920.0,2.9,2.3E-17,8.6E-6,1.9E-16,6.0E7,1.0,1.8E9,
3.9999999999999995E-43,0.037,15000.0,140000.0,32000.0,9200000.0,4800.0,2800.0,1400.0,4900.0,2100.0,0.15,9400000.0,3.1E-5,0.32,0.32,0.0,940.0,14.0,160.0,8.8E-6,1.2E-11,6.2E7,1.0,1.8E9,
1.1E-43,0.01,15000.0,37000.0,4700.0,9100000.0,4800.0,2800.0,1400.0,4900.0,2100.0,0.15,9200000.0,1.6E-5,0.19,0.19,0.0,950.0,4.8,22.0,8.8E-6,2.4E-12,6.0E7,1.0,1.8E9,
3.9E-44,0.0036,2300.0,4000.0,4700.0,8600000.0,4800.0,2800.0,1400.0,4900.0,2100.0,0.15,8700000.0,1.3E-5,0.14,0.14,0.0,950.0,4.6,2.9,8.8E-6,5.4E-13,5.8E7,1.0,1.8E9,
3.8E-44,0.0034,2300.0,4000.0,4700.0,7999999.999999999,4800.0,2800.0,1400.0,4900.0,2100.0,0.15,7999999.999999999,1.4E-5,0.13,0.13,0.0,940.0,4.4,0.02,8.7E-6,1.9E-13,5.5E7,1.0,1.8E9,
3.7000000000000005E-44,0.0034,2300.0,4000.0,4700.0,7599999.999999999,4800.0,2800.0,1400.0,4900.0,2100.0,0.15,7599999.999999999,1.5E-5,0.13,0.13,0.0,940.0,4.2,0.001,8.7E-6,1.0E-13,5.3E7,1.0,1.8E9,
3.6000000000000004E-44,0.0033,2300.0,4000.0,4700.0,7299999.999999999,4700.0,2800.0,1400.0,4900.0,2100.0,0.15,7399999.999999999,1.7E-5,0.13,0.13,0.0,940.0,4.2,1.9E-5,8.7E-6,4.6E-14,5.1E7,1.0,1.8E9,
3.6000000000000004E-44,0.0033,2300.0,4000.0,4700.0,7199999.999999999,4700.0,2800.0,1400.0,4900.0,2100.0,0.15,7199999.999999999,1.8E-5,0.12,0.12,0.0,940.0,4.1,3.5E-7,8.7E-6,2.0E-14,4.8E7,1.0,1.8E9,
3.6000000000000004E-44,0.0033,2300.0,4000.0,4700.0,7199999.999999999,4700.0,2800.0,1400.0,4900.0,2100.0,0.15,7199999.999999999,1.9E-5,0.12,0.12,0.0,940.0,4.1,8.8E-10,8.7E-6,6.2E-15,4.7E7,1.0,1.8E9,
3.6000000000000004E-44,0.0033,2300.0,4000.0,4700.0,7199999.999999999,4700.0,2800.0,1400.0,4900.0,2100.0,0.15,7199999.999999999,1.8E-5,0.12,0.12,0.0,940.0,4.1,2.2E-12,8.7E-6,1.9E-15,4.8E7,1.0,1.8E9,
3.6000000000000004E-44,0.0033,2300.0,4000.0,4700.0,7199999.999999999,4700.0,2800.0,1400.0,4900.0,2100.0,0.15,7199999.999999999,1.6E-5,0.12,0.12,0.0,940.0,4.1,5.6E-15,8.7E-6,6.4E-16,5.1E7,1.0,1.8E9,
3.6000000000000004E-44,0.0033,2300.0,4000.0,4700.0,7199999.999999999,4700.0,2800.0,1400.0,4900.0,2100.0,0.15,7199999.999999999,1.4E-5,0.12,0.12,0.0,940.0,4.1,1.5E-17,8.7E-6,2.4E-16,5.4E7,1.0,1.8E9,
3.6000000000000004E-44,0.0033,2300.0,4000.0,4700.0,7199999.999999999,4700.0,2800.0,1400.0,4900.0,2100.0,0.15,7199999.999999999,1.1E-5,0.12,0.12,0.0,930.0,4.1,4.8E-20,8.7E-6,1.1E-16,5.7E7,1.0,1.8E9,
3.6000000000000004E-44,0.0033,2300.0,4000.0,4700.0,7199999.999999999,4700.0,2800.0,1400.0,4900.0,2100.0,0.15,7199999.999999999,9.5E-6,0.12,0.12,0.0,930.0,4.1,3.6E-22,8.7E-6,6.8E-17,6.1E7,1.0,1.8E9,
3.6000000000000004E-44,0.0033,2300.0,4000.0,4700.0,7199999.999999999,4700.0,2800.0,1400.0,4900.0,2100.0,0.15,7199999.999999999,8.0E-6,0.12,0.12,0.0,930.0,4.1,1.3E-23,8.7E-6,4.9E-17,6.5E7,1.0,1.8E9,
3.6000000000000004E-44,0.0033,2300.0,4000.0,4700.0,7199999.999999999,4700.0,2800.0,1400.0,4900.0,2100.0,0.15,7199999.999999999,6.7E-6,0.12,0.12,0.0,920.0,4.1,0.0,8.7E-6,3.9E-17,6.9E7,1.0,1.8E9,
3.6000000000000004E-44,0.0033,2300.0,4000.0,4700.0,7199999.999999999,4700.0,2800.0,1400.0,4900.0,2100.0,0.15,7199999.999999999,8.0E-6,0.12,0.12,0.0,920.0,4.1,5.4000000000000005E-27,8.7E-6,3.6E-17,6.5E7,1.0,1.8E9,
3.6000000000000004E-44,0.0033,2300.0,4000.0,4700.0,7199999.999999999,4700.0,2800.0,1400.0,4900.0,2100.0,0.15,7199999.999999999,8.8E-6,0.12,0.12,0.0,920.0,4.1,1.3999999999999998E-29,8.7E-6,3.9E-17,6.3E7,1.0,1.8E9,
3.6000000000000004E-44,0.0033,2300.0,4000.0,4700.0,7199999.999999999,4700.0,2800.0,1400.0,4900.0,2100.0,0.15,7199999.999999999,8.7E-6,0.12,0.12,0.0,900.0,4.1,3.5000000000000004E-32,8.7E-6,4.1E-17,6.3E7,1.0,1.8E9,
3.6000000000000004E-44,0.0033,2300.0,4000.0,4700.0,7199999.999999999,4700.0,2800.0,1400.0,4900.0,2100.0,0.15,7199999.999999999,8.1E-6,0.12,0.12,0.0,900.0,4.1,8.8E-35,8.7E-6,4.0E-17,6.5E7,1.0,1.8E9,
3.6000000000000004E-44,0.0033,2300.0,4000.0,4700.0,7199999.999999999,4700.0,2800.0,1400.0,4900.0,2100.0,0.15,7199999.999999999,7.2E-6,0.12,0.12,0.0,900.0,4.1,5.9000000000000005E-37,8.7E-6,3.7E-17,6.8E7,1.0,1.8E9,
3.6000000000000004E-44,0.0033,2300.0,4000.0,4700.0,7199999.999999999,4700.0,2800.0,1400.0,4900.0,2100.0,0.15,7199999.999999999,6.6E-6,0.12,0.12,0.0,900.0,4.1,6.8E-38,8.7E-6,3.3E-17,6.9E7,1.0,1.8E9,
3.6000000000000004E-44,0.0033,2300.0,4000.0,4700.0,7099999.999999999,4700.0,2800.0,1400.0,4900.0,2100.0,0.15,7199999.999999999,8.1E-6,0.12,0.12,0.0,900.0,4.1,4.7E-40,8.7E-6,3.5E-17,6.4E7,1.0,1.8E9,
3.6000000000000004E-44,0.0033,2300.0,4000.0,4700.0,7099999.999999999,4700.0,2800.0,1400.0,4900.0,2100.0,0.15,7199999.999999999,9.1E-6,0.12,0.12,0.0,900.0,4.1,1.2E-42,8.7E-6,4.0E-17,6.2E7,1.0,1.8E9,
3.6000000000000004E-44,0.0033,2300.0,4000.0,4700.0,7099999.999999999,4700.0,2800.0,1400.0,4900.0,2100.0,0.15,7199999.999999999,9.1E-6,0.12,0.12,0.0,890.0,4.1,3.0E-45,8.7E-6,4.3E-17,6.2E7,1.0,1.8E9,
3.6000000000000004E-44,0.0033,2300.0,4000.0,4700.0,7099999.999999999,4700.0,2800.0,1400.0,4900.0,2100.0,0.15,7199999.999999999,8.5E-6,0.12,0.12,0.0,890.0,4.1,7.6E-48,8.7E-6,4.2E-17,6.3E7,1.0,1.8E9,
3.6000000000000004E-44,0.0033,2300.0,4000.0,4700.0,7099999.999999999,4700.0,2800.0,1400.0,4900.0,2100.0,0.15,7199999.999999999,7.5E-6,0.12,0.12,0.0,890.0,4.1,2.5E-50,8.7E-6,3.9E-17,6.6E7,1.0,1.8E9,
3.6000000000000004E-44,0.0033,2300.0,4000.0,4700.0,7099999.999999999,4700.0,2800.0,1400.0,4900.0,2100.0,0.15,7199999.999999999,6.6E-6,0.12,0.12,0.0,890.0,4.1,7.3E-51,8.7E-6,3.5E-17,6.9E7,1.0,1.8E9,
3.6000000000000004E-44,0.0033,2300.0,4000.0,4700.0,7099999.999999999,4700.0,2800.0,1400.0,4900.0,2100.0,0.15,7199999.999999999,5.7E-6,0.12,0.12,0.0,880.0,4.1,1.2E-51,8.7E-6,3.1E-17,7.3E7,1.0,1.8E9,
3.6000000000000004E-44,0.0033,2300.0,4000.0,4700.0,7099999.999999999,4700.0,2800.0,1400.0,4900.0,2100.0,0.15,7199999.999999999,4.9E-6,0.12,0.12,0.0,880.0,4.1,0.0,8.7E-6,2.7E-17,7.7E7,1.0,1.8E9,
3.6000000000000004E-44,0.0033,2300.0,4000.0,4700.0,7099999.999999999,4700.0,2800.0,1400.0,4900.0,2100.0,0.15,7199999.999999999,5.0E-6,0.12,0.12,0.0,870.0,4.1,1.8E-52,8.7E-6,2.4E-17,7.6E7,1.0,1.8E9,
3.6000000000000004E-44,0.0033,2300.0,4000.0,4700.0,7099999.999999999,4700.0,2800.0,1400.0,4900.0,2100.0,0.15,7199999.999999999,6.2E-6,0.12,0.12,0.0,870.0,4.1,4.4E-55,8.7E-6,2.7E-17,7.1E7,1.0,1.8E9,
3.6000000000000004E-44,0.0033,2300.0,4000.0,4700.0,7099999.999999999,4700.0,2800.0,1400.0,4900.0,2100.0,0.15,7099999.999999999,6.9E-6,0.12,0.12,0.0,860.0,4.1,1.1E-57,8.6E-6,3.0E-17,6.7E7,1.0,1.8E9,
3.6000000000000004E-44,0.0033,2300.0,4000.0,4700.0,7099999.999999999,4700.0,2800.0,1400.0,4900.0,2100.0,0.15,7099999.999999999,8.5E-6,0.12,0.12,0.0,860.0,4.1,2.8E-60,8.6E-6,3.6E-17,6.2E7,1.0,1.8E9,
3.6000000000000004E-44,0.0033,2300.0,4000.0,4700.0,7099999.999999999,4700.0,2800.0,1400.0,4900.0,2100.0,0.15,7099999.999999999,8.9E-6,0.12,0.12,0.0,850.0,4.1,7.2E-63,8.6E-6,4.0E-17,6.1E7,1.0,1.8E9,
3.6000000000000004E-44,0.0033,2300.0,4000.0,4700.0,7099999.999999999,4700.0,2800.0,1400.0,4900.0,2100.0,0.15,7099999.999999999,8.6E-6,0.12,0.12,0.0,840.0,4.1,1.8000000000000001E-65,8.6E-6,4.2E-17,6.2E7,1.0,1.8E9,
3.6000000000000004E-44,0.0033,2300.0,4000.0,4700.0,7099999.999999999,4700.0,2800.0,1400.0,4900.0,2100.0,0.15,7099999.999999999,7.8E-6,0.12,0.12,0.0,840.0,4.1,4.7E-68,8.6E-6,4.0E-17,6.4E7,1.0,1.8E9,
3.6000000000000004E-44,0.0033,2300.0,4000.0,4700.0,7099999.999999999,4700.0,2800.0,1400.0,4900.0,2100.0,0.15,7099999.999999999,6.9E-6,0.12,0.12,0.0,820.0,4.1,1.7999999999999998E-70,8.6E-6,3.6E-17,6.7E7,1.0,1.8E9,
3.6000000000000004E-44,0.0033,2300.0,4000.0,4700.0,7099999.999999999,4700.0,2800.0,1400.0,4900.0,2100.0,0.15,7099999.999999999,6.0E-6,0.12,0.12,0.0,820.0,4.1,0.0,8.6E-6,3.2E-17,7.1E7,1.0,1.8E9,
3.6000000000000004E-44,0.0033,2300.0,4000.0,4700.0,7099999.999999999,4700.0,2800.0,1400.0,4900.0,2100.0,0.15,7099999.999999999,5.2E-6,0.12,0.12,0.0,810.0,4.1,1.9E-71,8.6E-6,2.8E-17,7.4E7,1.0,1.8E9,
3.6000000000000004E-44,0.0033,2300.0,4000.0,4700.0,7099999.999999999,4700.0,2800.0,1400.0,4900.0,2100.0,0.15,7099999.999999999,4.5E-6,0.12,0.12,0.0,800.0,4.1,3.2000000000000003E-71,8.6E-6,2.5E-17,7.8E7,1.0,1.8E9,
3.6000000000000004E-44,0.0033,2300.0,4000.0,4700.0,7099999.999999999,4700.0,2800.0,1400.0,4900.0,2100.0,0.15,7099999.999999999,5.6E-6,0.12,0.12,0.0,800.0,4.1,7.0E-74,8.6E-6,2.4E-17,7.3E7,1.0,1.8E9,
3.6000000000000004E-44,0.0033,2300.0,4000.0,4700.0,7099999.999999999,4700.0,2800.0,1400.0,4900.0,2100.0,0.15,7099999.999999999,6.4E-6,0.12,0.12,0.0,790.0,4.1,1.8E-76,8.6E-6,2.8E-17,6.9E7,1.0,1.8E9,
3.6000000000000004E-44,0.0033,2300.0,4000.0,4700.0,7099999.999999999,4700.0,2800.0,1400.0,4900.0,2100.0,0.15,7099999.999999999,6.5E-6,0.12,0.12,0.0,790.0,4.1,4.5E-79,8.6E-6,3.0E-17,6.8E7,1.0,1.8E9,
3.6000000000000004E-44,0.0033,2300.0,4000.0,4700.0,7099999.999999999,4700.0,2800.0,1400.0,4900.0,2100.0,0.15,7099999.999999999,6.2E-6,0.12,0.12,0.0,790.0,4.1,1.2E-81,8.6E-6,3.1E-17,7.0E7,1.0,1.8E9,
3.6000000000000004E-44,0.0033,2300.0,4000.0,4700.0,7099999.999999999,4700.0,2800.0,1400.0,4900.0,2100.0,0.15,7099999.999999999,5.7E-6,0.12,0.12,0.0,780.0,4.1,7.7E-84,8.6E-6,2.9E-17,7.2E7,1.0,1.8E9,
3.6000000000000004E-44,0.0033,2300.0,4000.0,4700.0,7099999.999999999,4700.0,2800.0,1400.0,4900.0,2100.0,0.15,7099999.999999999,5.0E-6,0.12,0.12,0.0,780.0,4.1,2.3E-84,8.6E-6,2.7E-17,7.5E7,1.0,1.8E9,
3.6000000000000004E-44,0.0033,2300.0,4000.0,4700.0,7099999.999999999,4700.0,2800.0,1400.0,4900.0,2100.0,0.15,7099999.999999999,4.4E-6,0.12,0.12,0.0,780.0,4.1,5.4E-85,8.6E-6,2.4E-17,7.9E7,1.0,1.8E9,
3.6000000000000004E-44,0.0033,2300.0,4000.0,4700.0,7099999.999999999,4700.0,2800.0,1400.0,4900.0,2100.0,0.15,7099999.999999999,3.9E-6,0.12,0.12,0.0,780.0,4.1,0.0,8.6E-6,2.1E-17,8.3E7,1.0,1.8E9,
3.6000000000000004E-44,0.0033,2300.0,4000.0,4700.0,7099999.999999999,4700.0,2800.0,1400.0,4900.0,2100.0,0.15,7099999.999999999,4.3E-6,0.12,0.12,0.0,760.0,4.1,0.0,8.6E-6,1.9E-17,8.0E7,1.0,1.8E9,
3.6000000000000004E-44,0.0033,2300.0,4000.0,4700.0,7099999.999999999,4700.0,2800.0,1400.0,4900.0,2100.0,0.15,7099999.999999999,5.3E-6,0.12,0.12,0.0,750.0,4.1,0.0,8.6E-6,2.2E-17,7.4E7,1.0,1.8E9,
3.6000000000000004E-44,0.0033,2300.0,4000.0,4700.0,7099999.999999999,4700.0,2800.0,1400.0,4900.0,2100.0,0.15,7099999.999999999,5.7E-6,0.12,0.12,0.0,740.0,4.1,0.0,8.6E-6,2.6E-17,7.2E7,1.0,1.8E9,
3.6000000000000004E-44,0.0033,2300.0,4000.0,4700.0,7099999.999999999,4700.0,2800.0,1400.0,4900.0,2100.0,0.15,7099999.999999999,5.6E-6,0.12,0.12,0.0,730.0,4.1,0.0,8.6E-6,2.7E-17,7.2E7,1.0,1.8E9,
3.6000000000000004E-44,0.0033,2300.0,4000.0,4700.0,7099999.999999999,4700.0,2800.0,1400.0,4900.0,2100.0,0.15,7099999.999999999,5.2E-6,0.12,0.12,0.0,730.0,4.1,0.0,8.6E-6,2.6E-17,7.4E7,1.0,1.8E9,
3.6000000000000004E-44,0.0033,2300.0,4000.0,4700.0,7099999.999999999,4700.0,2800.0,1400.0,4900.0,2100.0,0.15,7099999.999999999,4.7E-6,0.12,0.12,0.0,730.0,4.1,0.0,8.6E-6,2.4E-17,7.7E7,1.0,1.8E9,
3.6000000000000004E-44,0.0033,2300.0,4000.0,4700.0,7099999.999999999,4700.0,2800.0,1400.0,4900.0,2100.0,0.15,7099999.999999999,4.2E-6,0.12,0.12,0.0,730.0,4.1,0.0,8.6E-6,2.2E-17,8.0E7,1.0,1.8E9,
3.6000000000000004E-44,0.0033,2300.0,4000.0,4700.0,7099999.999999999,4700.0,2800.0,1400.0,4900.0,2100.0,0.15,7099999.999999999,3.7E-6,0.12,0.12,0.0,730.0,4.1,0.0,8.6E-6,2.0E-17,8.4E7,1.0,1.8E9,
3.6000000000000004E-44,0.0033,2300.0,4000.0,4700.0,7099999.999999999,4700.0,2800.0,1400.0,4900.0,2100.0,0.15,7099999.999999999,3.5E-6,0.12,0.12,0.0,720.0,4.1,0.0,8.6E-6,1.8E-17,8.5E7,1.0,1.8E9,
3.6000000000000004E-44,0.0033,2300.0,4000.0,4700.0,7099999.999999999,4700.0,2800.0,1400.0,4900.0,2100.0,0.15,7099999.999999999,4.6E-6,0.12,0.12,0.0,710.0,4.1,0.0,8.6E-6,2.0E-17,7.8E7,1.0,1.8E9,
3.6000000000000004E-44,0.0033,2300.0,4000.0,4700.0,7099999.999999999,4700.0,2800.0,1400.0,4900.0,2100.0,0.15,7099999.999999999,5.2E-6,0.12,0.12,0.0,710.0,4.1,0.0,8.6E-6,2.3E-17,7.4E7,1.0,1.8E9,
3.6000000000000004E-44,0.0033,2300.0,4000.0,4700.0,7099999.999999999,4700.0,2800.0,1400.0,4900.0,2100.0,0.15,7099999.999999999,5.3E-6,0.12,0.12,0.0,710.0,4.1,0.0,8.6E-6,2.5E-17,7.4E7,1.0,1.8E9,
3.6000000000000004E-44,0.0033,2300.0,4000.0,4700.0,7099999.999999999,4700.0,2800.0,1400.0,4900.0,2100.0,0.15,7099999.999999999,5.1E-6,0.12,0.12,0.0,710.0,4.1,0.0,8.6E-6,2.5E-17,7.5E7,1.0,1.8E9,
3.6000000000000004E-44,0.0033,2300.0,4000.0,4700.0,7099999.999999999,4700.0,2800.0,1400.0,4900.0,2100.0,0.15,7099999.999999999,4.6E-6,0.12,0.12,0.0,710.0,4.1,0.0,8.6E-6,2.4E-17,7.8E7,1.0,1.8E9,
3.6000000000000004E-44,0.0033,2300.0,4000.0,4700.0,7099999.999999999,4700.0,2800.0,1400.0,4900.0,2100.0,0.15,7099999.999999999,4.1E-6,0.12,0.12,0.0,700.0,4.1,0.0,8.6E-6,2.2E-17,8.1E7,1.0,1.8E9,
3.6000000000000004E-44,0.0033,2300.0,4000.0,4700.0,7099999.999999999,4700.0,2800.0,1400.0,4900.0,2100.0,0.15,7099999.999999999,3.7E-6,0.12,0.12,0.0,690.0,4.1,0.0,8.6E-6,2.0E-17,8.4E7,1.0,1.8E9,
3.6000000000000004E-44,0.0033,2300.0,4000.0,4700.0,7099999.999999999,4700.0,2800.0,1400.0,4900.0,2100.0,0.15,7099999.999999999,3.2E-6,0.12,0.12,0.0,690.0,4.1,0.0,8.6E-6,1.7E-17,8.8E7,1.0,1.8E9,
3.6000000000000004E-44,0.0033,2300.0,4000.0,4700.0,7099999.999999999,4700.0,2800.0,1400.0,4900.0,2100.0,0.15,7099999.999999999,4.1E-6,0.12,0.12,0.0,680.0,4.1,0.0,8.6E-6,1.8E-17,8.1E7,1.0,1.8E9,
3.6000000000000004E-44,0.0033,2300.0,4000.0,4700.0,7099999.999999999,4700.0,2800.0,1400.0,4900.0,2100.0,0.15,7099999.999999999,4.9E-6,0.12,0.12,0.0,680.0,4.1,0.0,8.6E-6,2.1E-17,7.6E7,1.0,1.8E9,
3.6000000000000004E-44,0.0033,2300.0,4000.0,4700.0,7099999.999999999,4700.0,2800.0,1400.0,4900.0,2100.0,0.15,7099999.999999999,5.2E-6,0.12,0.12,0.0,680.0,4.1,0.0,8.6E-6,2.3E-17,7.5E7,1.0,1.8E9,
3.6000000000000004E-44,0.0033,2300.0,4000.0,4700.0,7099999.999999999,4700.0,2800.0,1400.0,4900.0,2100.0,0.15,7099999.999999999,5.0E-6,0.12,0.12,0.0,680.0,4.1,0.0,8.6E-6,2.4E-17,7.5E7,1.0,1.8E9,
3.6000000000000004E-44,0.0033,2300.0,4000.0,4700.0,7099999.999999999,4700.0,2800.0,1400.0,4900.0,2100.0,0.15,7099999.999999999,4.6E-6,0.12,0.12,0.0,670.0,4.1,0.0,8.6E-6,2.3E-17,7.8E7,1.0,1.8E9,
3.6000000000000004E-44,0.0033,2300.0,4000.0,4700.0,7099999.999999999,4700.0,2800.0,1400.0,4900.0,2100.0,0.15,7099999.999999999,4.2E-6,0.12,0.12,0.0,660.0,4.1,0.0,8.6E-6,2.2E-17,8.0E7,1.0,1.8E9,
3.6000000000000004E-44,0.0033,2300.0,4000.0,4700.0,7099999.999999999,4700.0,2800.0,1400.0,4900.0,2100.0,0.15,7099999.999999999,3.7E-6,0.12,0.12,0.0,660.0,4.1,0.0,8.6E-6,2.0E-17,8.4E7,1.0,1.8E9,
3.6000000000000004E-44,0.0033,2300.0,4000.0,4700.0,7099999.999999999,4700.0,2800.0,1400.0,4900.0,2100.0,0.15,7099999.999999999,3.3E-6,0.12,0.12,0.0,660.0,4.1,0.0,8.6E-6,1.8E-17,8.8E7,1.0,1.8E9,
3.6000000000000004E-44,0.0033,2300.0,4000.0,4700.0,7099999.999999999,4700.0,2800.0,1400.0,4900.0,2100.0,0.15,7099999.999999999,3.7E-6,0.12,0.12,0.0,650.0,4.1,0.0,8.6E-6,1.7E-17,8.4E7,1.0,1.8E9,
3.5000000000000003E-44,0.0032,2300.0,4000.0,4700.0,6999999.999999999,4700.0,2800.0,1400.0,4900.0,2100.0,0.15,7099999.999999999,4.5E-6,0.12,0.12,0.0,650.0,4.0,0.0,8.6E-6,1.9E-17,7.8E7,1.0,1.8E9,
3.5000000000000003E-44,0.0032,2300.0,4000.0,4700.0,6999999.999999999,4700.0,2800.0,1400.0,4900.0,2100.0,0.15,7099999.999999999,5.7E-6,0.12,0.12,0.0,630.0,4.0,0.0,8.6E-6,2.4E-17,7.1E7,1.0,1.8E9,
3.5000000000000003E-44,0.0032,2300.0,4000.0,4700.0,6999999.999999999,4700.0,2800.0,1400.0,4900.0,2100.0,0.15,7099999.999999999,6.3E-6,0.12,0.12,0.0,630.0,4.0,0.0,8.6E-6,2.8E-17,6.8E7,1.0,1.8E9,
3.5000000000000003E-44,0.0032,2300.0,4000.0,4700.0,6999999.999999999,4700.0,2800.0,1400.0,4900.0,2100.0,0.15,7099999.999999999,6.3E-6,0.12,0.12,0.0,630.0,4.0,0.0,8.6E-6,3.0E-17,6.9E7,1.0,1.8E9,
3.5000000000000003E-44,0.0032,2300.0,4000.0,4700.0,6999999.999999999,4700.0,2800.0,1400.0,4900.0,2100.0,0.15,7099999.999999999,5.9E-6,0.12,0.12,0.0,630.0,4.0,0.0,8.6E-6,3.0E-17,7.0E7,1.0,1.8E9,
3.5000000000000003E-44,0.0032,2300.0,4000.0,4700.0,6999999.999999999,4700.0,2800.0,1400.0,4900.0,2100.0,0.15,7099999.999999999,5.3E-6,0.12,0.12,0.0,630.0,4.0,0.0,8.6E-6,2.8E-17,7.3E7,1.0,1.8E9,
3.5000000000000003E-44,0.0032,2300.0,4000.0,4700.0,6999999.999999999,4700.0,2800.0,1400.0,4900.0,2100.0,0.15,7099999.999999999,4.7E-6,0.12,0.12,0.0,630.0,4.0,0.0,8.6E-6,2.5E-17,7.6E7,1.0,1.8E9,
3.5000000000000003E-44,0.0032,2300.0,4000.0,4700.0,6999999.999999999,4700.0,2800.0,1400.0,4900.0,2100.0,0.15,7099999.999999999,4.2E-6,0.12,0.12,0.0,630.0,4.0,0.0,8.6E-6,2.3E-17,8.0E7,1.0,1.8E9,
3.5000000000000003E-44,0.0032,2300.0,4000.0,4700.0,6999999.999999999,4700.0,2800.0,1400.0,4900.0,2100.0,0.15,7099999.999999999,3.6E-6,0.12,0.12,0.0,620.0,4.0,0.0,8.6E-6,2.0E-17,8.4E7,1.0,1.8E9,
3.5000000000000003E-44,0.0032,2300.0,4000.0,4700.0,6999999.999999999,4700.0,2800.0,1400.0,4900.0,2100.0,0.15,7099999.999999999,4.6E-6,0.12,0.12,0.0,620.0,4.0,0.0,8.6E-6,2.0E-17,7.7E7,1.0,1.8E9,
3.5000000000000003E-44,0.0032,2300.0,4000.0,4700.0,6999999.999999999,4700.0,2800.0,1400.0,4900.0,2100.0,0.15,7099999.999999999,5.4E-6,0.12,0.12,0.0,620.0,4.0,0.0,8.6E-6,2.4E-17,7.2E7,1.0,1.8E9,
3.5000000000000003E-44,0.0032,2300.0,4000.0,4700.0,6999999.999999999,4700.0,2800.0,1400.0,4900.0,2100.0,0.15,7099999.999999999,5.6E-6,0.12,0.12,0.0,610.0,4.0,0.0,8.6E-6,2.6E-17,7.1E7,1.0,1.8E9,
3.5000000000000003E-44,0.0032,2300.0,4000.0,4700.0,6999999.999999999,4700.0,2800.0,1400.0,4900.0,2100.0,0.15,7099999.999999999,5.4E-6,0.12,0.12,0.0,610.0,4.0,0.0,8.6E-6,2.7E-17,7.2E7,1.0,1.8E9,
3.5000000000000003E-44,0.0032,2300.0,4000.0,4700.0,6999999.999999999,4700.0,2800.0,1400.0,4900.0,2100.0,0.15,7099999.999999999,5.0E-6,0.12,0.12,0.0,590.0,4.0,0.0,8.6E-6,2.6E-17,7.5E7,1.0,1.8E9,
3.5000000000000003E-44,0.0032,2300.0,4000.0,4700.0,6999999.999999999,4700.0,2800.0,1400.0,4900.0,2100.0,0.15,7099999.999999999,4.5E-6,0.12,0.12,0.0,590.0,4.0,0.0,8.6E-6,2.4E-17,7.8E7,1.0,1.8E9,
3.5000000000000003E-44,0.0032,2300.0,4000.0,4700.0,6999999.999999999,4700.0,2800.0,1400.0,4900.0,2100.0,0.15,7099999.999999999,4.0E-6,0.12,0.12,0.0,580.0,4.0,0.0,8.6E-6,2.1E-17,8.1E7,1.0,1.8E9,
3.5000000000000003E-44,0.0032,2300.0,4000.0,4700.0,6999999.999999999,4700.0,2800.0,1400.0,4900.0,2100.0,0.15,7099999.999999999,3.5E-6,0.12,0.12,0.0,580.0,4.0,0.0,8.6E-6,1.9E-17,8.5E7,1.0,1.8E9,
3.5000000000000003E-44,0.0032,2300.0,4000.0,4700.0,6999999.999999999,4700.0,2800.0,1400.0,4900.0,2100.0,0.15,7099999.999999999,3.9E-6,0.12,0.12,0.0,570.0,4.0,0.0,8.6E-6,1.8E-17,8.1E7,1.0,1.8E9,
3.5000000000000003E-44,0.0032,2300.0,4000.0,4700.0,6999999.999999999,4700.0,2800.0,1400.0,4900.0,2100.0,0.15,7099999.999999999,4.8E-6,0.12,0.12,0.0,570.0,4.0,0.0,8.6E-6,2.1E-17,7.5E7,1.0,1.8E9,
3.5000000000000003E-44,0.0032,2300.0,4000.0,4700.0,6999999.999999999,4700.0,2800.0,1400.0,4900.0,2100.0,0.15,7099999.999999999,5.3E-6,0.12,0.12,0.0,560.0,4.0,0.0,8.6E-6,2.4E-17,7.3E7,1.0,1.8E9,
3.5000000000000003E-44,0.0032,2300.0,4000.0,4700.0,6999999.999999999,4700.0,2800.0,1400.0,4900.0,2100.0,0.15,7099999.999999999,5.2E-6,0.12,0.12,0.0,550.0,4.0,0.0,8.6E-6,2.5E-17,7.3E7,1.0,1.8E9,
3.5000000000000003E-44,0.0032,2300.0,4000.0,4700.0,6999999.999999999,4700.0,2800.0,1400.0,4900.0,2100.0,0.15,7099999.999999999,4.9E-6,0.12,0.12,0.0,540.0,4.0,0.0,8.6E-6,2.5E-17,7.5E7,1.0,1.8E9,
8.1E-43,0.049,44000.0,200000.0,16000.0,9000000.0,9600.0,3700.0,7200.0,7400.0,5000.0,0.15,9300000.0,1.0E-5,0.3,0.3,0.0,860.0,6.9,1.2,9.8E-6,1.9E-12,7.2E7,1.0,1.8E9,
4.699999999999999E-43,0.028,3800.0,120000.0,3800.0,8900000.0,2000.0,3700.0,7200.0,7400.0,5000.0,0.15,9000000.0,6.3E-6,0.23,0.23,0.0,850.0,3.4,0.17,9.8E-6,7.3E-13,7.0E7,1.0,1.8E9,
4.6E-44,0.0028,3800.0,690.0,3800.0,8600000.0,2000.0,3700.0,7200.0,7400.0,5000.0,0.15,8600000.0,6.1E-6,0.12,0.12,0.0,850.0,3.3,0.0088,9.7E-6,3.9E-14,6.6E7,1.0,1.8E9,
4.5E-44,0.0027,3800.0,690.0,3800.0,8299999.999999999,2000.0,3700.0,7200.0,7400.0,5000.0,0.15,8400000.0,7.3E-6,0.12,0.12,0.0,830.0,3.3,6.0E-5,9.7E-6,1.4E-14,6.1E7,1.0,1.8E9,
1.4999999999999998E-43,0.035,2200.0,68000.0,7600.0,9200000.0,2000.0,3700.0,7200.0,7400.0,5000.0,0.15,9300000.0,6.1E-5,0.21,0.21,0.0,850.0,24.0,570.0,9.8E-6,8.6E-12,6.0E7,1.0,1.8E9,
2.1000000000000003E-44,0.0049,2200.0,3100.0,34.0,8900000.0,2000.0,3700.0,7200.0,7400.0,5000.0,0.15,8900000.0,3.6E-5,0.14,0.14,0.0,850.0,13.0,29.0,9.8E-6,6.7E-13,5.7E7,1.0,1.8E9,
2.0000000000000002E-44,0.0048,2200.0,3100.0,34.0,8700000.0,2000.0,3700.0,7200.0,7400.0,5000.0,0.15,8700000.0,4.0E-5,0.14,0.14,0.0,850.0,13.0,0.53,9.8E-6,3.0E-13,5.4E7,1.0,1.8E9,
2.0000000000000002E-44,0.0047,2200.0,3100.0,34.0,8500000.0,2000.0,3700.0,7200.0,7400.0,5000.0,0.14,8500000.0,4.5E-5,0.14,0.14,0.0,850.0,12.0,0.0098,9.7E-6,1.3E-13,5.2E7,1.0,1.8E9,
1.9E-44,0.0046,2200.0,3100.0,34.0,8099999.999999999,2000.0,3700.0,7200.0,7400.0,5000.0,0.14,8199999.999999999,4.7E-5,0.14,0.14,0.0,850.0,12.0,4.9E-4,9.7E-6,7.0E-14,5.0E7,1.0,1.8E9,
1.9E-44,0.0045,2200.0,3100.0,34.0,7899999.999999999,2000.0,3700.0,7200.0,7400.0,5000.0,0.14,7999999.999999999,4.9E-5,0.13,0.13,0.0,830.0,11.0,6.7E-5,9.7E-6,4.6E-14,4.9E7,1.0,1.8E9,
1.8000000000000002E-44,0.0043,2200.0,3100.0,34.0,7399999.999999999,2000.0,3700.0,7200.0,7400.0,5000.0,0.14,7399999.999999999,5.1E-5,0.13,0.13,0.0,840.0,11.0,1.2E-6,9.6E-6,2.0E-14,4.7E7,1.0,1.8E9,
1.8000000000000002E-44,0.0042,2200.0,3100.0,34.0,7099999.999999999,2000.0,3700.0,7200.0,7400.0,5000.0,0.14,7199999.999999999,5.3E-5,0.13,0.13,0.0,840.0,10.0,2.3E-8,9.6E-6,8.9E-15,4.6E7,1.0,1.8E9,
1.8000000000000002E-44,0.0042,2200.0,3100.0,34.0,7099999.999999999,2000.0,3700.0,7200.0,7400.0,5000.0,0.14,7199999.999999999,5.4E-5,0.13,0.13,0.0,840.0,10.0,5.9E-11,9.6E-6,2.9E-15,4.5E7,1.0,1.8E9,
1.8000000000000002E-44,0.0042,2200.0,3100.0,34.0,7099999.999999999,2000.0,3700.0,7200.0,7400.0,5000.0,0.14,7199999.999999999,4.9E-5,0.13,0.13,0.0,840.0,10.0,1.5E-13,9.6E-6,1.1E-15,4.7E7,1.0,1.8E9,
1.8000000000000002E-44,0.0042,2200.0,3100.0,34.0,7099999.999999999,2000.0,3700.0,7200.0,7400.0,5000.0,0.14,7199999.999999999,4.2E-5,0.13,0.13,0.0,840.0,10.0,3.8E-16,9.6E-6,4.9E-16,4.9E7,1.0,1.8E9,
1.8000000000000002E-44,0.0042,2200.0,3100.0,34.0,7099999.999999999,2000.0,3700.0,7200.0,7400.0,5000.0,0.14,7199999.999999999,3.6E-5,0.13,0.13,0.0,830.0,10.0,9.8E-19,9.6E-6,2.9E-16,5.3E7,1.0,1.8E9,
1.8000000000000002E-44,0.0042,2200.0,3100.0,34.0,7099999.999999999,2000.0,3700.0,7200.0,7400.0,5000.0,0.14,7199999.999999999,3.0E-5,0.13,0.13,0.0,820.0,10.0,3.5E-21,9.6E-6,2.1E-16,5.6E7,1.0,1.8E9,
3.5000000000000003E-44,0.0044,3000.0,1800.0,5300.0,9100000.0,2000.0,3700.0,7200.0,7400.0,5000.0,0.14,9200000.0,4.5E-5,0.18,0.18,0.0,850.0,15.0,8.1,9.8E-6,1.8E-12,5.7E7,1.0,1.8E9,
3.5000000000000003E-44,0.0044,3000.0,1800.0,5300.0,9000000.0,2000.0,3700.0,7200.0,7400.0,5000.0,0.14,9100000.0,5.3E-5,0.18,0.18,0.0,850.0,15.0,0.055,9.8E-6,6.6E-13,5.3E7,1.0,1.8E9,
3.5000000000000003E-44,0.0044,3000.0,1800.0,5300.0,8900000.0,2000.0,3700.0,7100.0,7400.0,4900.0,0.14,8900000.0,5.9E-5,0.17,0.17,0.0,840.0,15.0,0.001,9.7E-6,2.9E-13,5.1E7,1.0,1.8E9,
3.5000000000000003E-44,0.0043,3000.0,1800.0,5300.0,8800000.0,2000.0,3700.0,7100.0,7400.0,4900.0,0.14,8800000.0,6.5E-5,0.17,0.17,0.0,830.0,15.0,1.9E-5,9.7E-6,1.3E-13,4.9E7,1.0,1.8E9,
3.4E-44,0.0042,3000.0,1800.0,5300.0,8400000.0,2000.0,3700.0,7100.0,7400.0,4900.0,0.14,8400000.0,6.6E-5,0.17,0.17,0.0,830.0,15.0,2.6E-6,9.7E-6,8.6E-14,4.8E7,1.0,1.8E9,
3.3E-44,0.0042,3000.0,1800.0,5300.0,8199999.999999999,2000.0,3700.0,7100.0,7400.0,4900.0,0.14,8199999.999999999,7.0E-5,0.17,0.17,0.0,830.0,14.0,1.3E-7,9.7E-6,4.6E-14,4.7E7,1.0,1.8E9,
3.3E-44,0.0041,3000.0,1800.0,5300.0,7799999.999999999,2000.0,3700.0,7100.0,7400.0,4900.0,0.14,7899999.999999999,7.3E-5,0.16,0.16,0.0,830.0,14.0,6.6E-9,9.6E-6,2.5E-14,4.6E7,1.0,1.8E9,
3.2000000000000004E-44,0.0039,3000.0,1800.0,5300.0,7399999.999999999,2000.0,3700.0,7100.0,7400.0,4900.0,0.14,7399999.999999999,7.6E-5,0.16,0.16,0.0,820.0,14.0,1.2E-10,9.6E-6,1.1E-14,4.4E7,1.0,1.8E9,
1.9E-43,0.032,32000.0,110000.0,13000.0,9200000.0,2000.0,3700.0,7100.0,7400.0,4900.0,0.14,9300000.0,1.0,0.28,0.28,0.0,840.0,22.0,260.0,9.8E-6,1.4E-11,4.4E7,1.0,1.8E9,
9.1E-44,0.015,1600.0,42000.0,13000.0,9000000.0,2000.0,3700.0,7100.0,7300.0,4900.0,0.14,9000000.0,7.8E-5,0.2,0.2,0.0,840.0,23.0,5.1,9.7E-6,3.0E-12,4.3E7,1.0,1.8E9,
1.5E-44,0.0026,1600.0,1600.0,160.0,8900000.0,2000.0,3700.0,7100.0,7300.0,4900.0,0.14,8900000.0,6.4E-5,0.16,0.16,0.0,840.0,9.6,0.094,9.7E-6,2.3E-13,4.2E7,1.0,1.8E9,
1.5E-44,0.0025,1600.0,1600.0,160.0,8600000.0,2000.0,3700.0,7100.0,7300.0,4900.0,0.14,8700000.0,6.4E-5,0.15,0.15,0.0,840.0,9.3,0.0047,9.7E-6,1.2E-13,4.2E7,1.0,1.8E9,
1.5E-44,0.0025,1600.0,1600.0,160.0,8400000.0,2000.0,3700.0,7100.0,7300.0,4900.0,0.14,8400000.0,6.4E-5,0.15,0.15,0.0,840.0,9.0,8.8E-5,9.7E-6,5.4E-14,4.1E7,1.0,1.8E9,
1.6E-43,0.031,6400.0,91000.0,2200.0,9100000.0,2000.0,3600.0,7100.0,7300.0,4900.0,0.14,9300000.0,1.4E-4,0.26,0.26,0.0,850.0,19.0,62.0,9.7E-6,1.4E-11,4.1E7,1.0,1.8E9,
1.1999999999999999E-43,0.024,6400.0,66000.0,2200.0,9100000.0,2000.0,3600.0,7100.0,7300.0,4900.0,0.14,9200000.0,1.5E-4,0.23,0.23,0.0,840.0,19.0,0.16,9.7E-6,3.1E-12,4.0E7,1.0,1.8E9,
1.9E-44,0.0036,6400.0,630.0,2200.0,8900000.0,2000.0,3600.0,7100.0,7300.0,4900.0,0.14,9000000.0,3.5E-5,0.15,0.15,0.0,840.0,19.0,0.0084,9.7E-6,2.6E-13,4.0E7,1.0,1.8E9,
1.8000000000000002E-44,0.0036,6400.0,630.0,2200.0,8700000.0,2000.0,3600.0,7100.0,7300.0,4900.0,0.14,8800000.0,1.5E-4,0.15,0.15,0.0,840.0,19.0,1.6E-4,9.7E-6,1.1E-13,4.0E7,1.0,1.8E9,
1.7E-44,0.0033,6400.0,630.0,2200.0,7999999.999999999,2000.0,3600.0,7100.0,7300.0,4900.0,0.14,8099999.999999999,1.4E-4,0.14,0.14,0.0,840.0,17.0,7.8E-6,9.6E-6,6.0E-14,3.9E7,1.0,1.8E9,
1.7E-44,0.0033,6400.0,630.0,2200.0,7799999.999999999,2000.0,3600.0,7100.0,7300.0,4900.0,0.14,7899999.999999999,1.4E-4,0.14,0.14,0.0,840.0,17.0,3.9E-7,9.6E-6,3.3E-14,3.9E7,1.0,1.8E9,
1.6000000000000002E-44,0.0032,6400.0,620.0,2200.0,7499999.999999999,2000.0,3600.0,7100.0,7300.0,4900.0,0.14,7499999.999999999,1.4E-4,0.14,0.14,0.0,850.0,16.0,2.7E-9,9.6E-6,1.2E-14,3.9E7,1.0,1.8E9,
1.6000000000000002E-44,0.0032,6400.0,620.0,2200.0,7399999.999999999,2000.0,3600.0,7100.0,7300.0,4900.0,0.14,7499999.999999999,1.4E-4,0.14,0.14,0.0,850.0,16.0,1.9E-11,9.6E-6,4.9E-15,3.8E7,1.0,1.8E9,
1.6000000000000002E-44,0.0031,6400.0,620.0,2200.0,7199999.999999999,2000.0,3600.0,7100.0,7300.0,4900.0,0.14,7199999.999999999,1.4E-4,0.13,0.13,0.0,850.0,16.0,9.4E-13,9.6E-6,2.9E-15,3.8E7,1.0,1.8E9,
1.6000000000000002E-44,0.0031,6400.0,620.0,2200.0,7199999.999999999,2000.0,3600.0,7000.0,7300.0,4900.0,0.14,7199999.999999999,1.3E-4,0.13,0.13,0.0,850.0,16.0,2.4E-15,9.6E-6,1.4E-15,3.9E7,1.0,1.8E9,
1.6000000000000002E-44,0.0031,6400.0,620.0,2200.0,7199999.999999999,2000.0,3600.0,7000.0,7300.0,4900.0,0.14,7199999.999999999,1.1E-4,0.13,0.13,0.0,830.0,16.0,6.1E-18,9.6E-6,8.7E-16,4.1E7,1.0,1.8E9,
9.999999999999999E-44,0.012,34000.0,44000.0,7400.0,8900000.0,2000.0,3600.0,7000.0,7300.0,4900.0,0.14,9100000.0,9.2E-5,0.21,0.21,0.0,860.0,25.0,33.0,9.8E-6,1.2E-11,4.3E7,1.0,1.8E9,
5.2999999999999995E-43,0.064,37000.0,230000.0,51000.0,9000000.0,2000.0,3600.0,7000.0,7300.0,4900.0,0.14,9300000.0,2.4,0.36,0.36,0.0,860.0,30.0,220.0,9.8E-6,2.2E-11,4.2E7,1.0,1.8E9,
4.1E-43,0.05,19000.0,210000.0,3600.0,8800000.0,2000.0,3600.0,7000.0,7300.0,4900.0,0.14,9100000.0,4.8E-5,0.34,0.34,0.0,860.0,6.7,4.6,9.8E-6,7.7E-12,4.1E7,1.0,1.8E9,
2.5E-44,0.0031,1800.0,1600.0,3600.0,8600000.0,2000.0,3600.0,7000.0,7300.0,4900.0,0.14,8700000.0,8.1E-6,0.13,0.13,0.0,860.0,6.5,1.7,9.8E-6,3.9E-13,4.1E7,1.0,1.8E9,
2.5E-44,0.0031,1800.0,1600.0,3600.0,8400000.0,2000.0,3600.0,7000.0,7200.0,4900.0,0.14,8400000.0,4.8E-5,0.13,0.13,0.0,850.0,6.3,0.031,9.7E-6,1.7E-13,4.0E7,1.0,1.8E9,
1.9999999999999998E-43,0.019,7900.0,82000.0,6300.0,8900000.0,2000.0,3600.0,7000.0,7200.0,4900.0,0.14,9000000.0,4.4E-5,0.21,0.21,0.0,850.0,6.9,0.0019,9.8E-6,2.1E-13,4.0E7,1.0,1.8E9,
3.7000000000000005E-44,0.0036,360.0,3800.0,6300.0,8099999.999999999,2000.0,3600.0,7000.0,7200.0,4900.0,0.14,8099999.999999999,1.0E-5,0.13,0.13,0.0,850.0,6.5,7.0E-4,9.7E-6,3.3E-14,4.0E7,1.0,1.8E9,
3.6000000000000004E-44,0.0035,360.0,3800.0,6300.0,7699999.999999999,2000.0,3600.0,7000.0,7200.0,4900.0,0.14,7799999.999999999,5.1E-5,0.12,0.12,0.0,850.0,6.4,9.6E-5,9.7E-6,2.2E-14,3.9E7,1.0,1.8E9,
3.6000000000000004E-44,0.0035,360.0,3800.0,6300.0,7699999.999999999,2000.0,3600.0,7000.0,7200.0,4900.0,0.14,7799999.999999999,4.9E-5,0.12,0.12,0.0,850.0,6.4,9.0E-8,9.7E-6,5.6E-15,4.0E7,1.0,1.8E9,
3.5000000000000003E-44,0.0034,360.0,3800.0,6300.0,7199999.999999999,2000.0,3600.0,7000.0,7200.0,4900.0,0.14,7199999.999999999,4.8E-5,0.12,0.12,0.0,850.0,6.1,1.2E-8,9.6E-6,3.7E-15,3.9E7,1.0,1.8E9,
3.5000000000000003E-44,0.0034,360.0,3800.0,6300.0,7199999.999999999,2000.0,3600.0,7000.0,7200.0,4900.0,0.14,7199999.999999999,4.7E-5,0.12,0.12,0.0,840.0,6.1,3.1E-11,9.6E-6,1.3E-15,4.0E7,1.0,1.8E9,
3.5000000000000003E-44,0.0034,360.0,3800.0,6300.0,7199999.999999999,2000.0,3600.0,7000.0,7200.0,4900.0,0.14,7199999.999999999,4.1E-5,0.12,0.12,0.0,840.0,6.1,8.0E-14,9.6E-6,5.5E-16,4.2E7,1.0,1.8E9,
3.5000000000000003E-44,0.0034,360.0,3800.0,6300.0,7199999.999999999,2000.0,3600.0,7000.0,7200.0,4900.0,0.14,7199999.999999999,3.5E-5,0.12,0.12,0.0,840.0,6.1,2.0E-16,9.6E-6,3.1E-16,4.4E7,1.0,1.8E9,
3.5000000000000003E-44,0.0034,360.0,3800.0,6300.0,7199999.999999999,2000.0,3600.0,7000.0,7200.0,4900.0,0.14,7199999.999999999,2.8E-5,0.12,0.12,0.0,840.0,6.1,5.3E-19,9.6E-6,2.1E-16,4.8E7,1.0,1.8E9,
3.5000000000000003E-44,0.0034,360.0,3800.0,6300.0,7199999.999999999,2000.0,3600.0,7000.0,7200.0,4900.0,0.14,7199999.999999999,2.3E-5,0.12,0.12,0.0,830.0,6.1,1.2E-21,9.6E-6,1.5E-16,5.2E7,1.0,1.8E9,
2.8999999999999997E-43,0.036,120000.0,140000.0,11000.0,8800000.0,3800.0,3600.0,7000.0,7200.0,4900.0,0.14,9100000.0,4.2E-5,0.27,0.27,0.0,870.0,13.0,1300.0,9.9E-6,1.6E-11,5.5E7,1.0,1.8E9,
1.2999999999999998E-43,0.017,95000.0,64000.0,3800.0,8600000.0,3800.0,3600.0,7000.0,7200.0,4800.0,0.14,8800000.0,1.9E-5,0.19,0.19,0.0,850.0,7.8,73.0,9.8E-6,4.1E-12,5.3E7,1.0,1.8E9,
2.8E-44,0.0035,7100.0,3900.0,3800.0,8299999.999999999,3800.0,3600.0,7000.0,7200.0,4800.0,0.14,8400000.0,3.0E-5,0.13,0.13,0.0,850.0,7.5,3.7,9.8E-6,4.7E-13,5.1E7,1.0,1.8E9,
2.7000000000000004E-44,0.0034,7100.0,3900.0,3800.0,7899999.999999999,3800.0,3600.0,7000.0,7200.0,4800.0,0.14,7899999.999999999,3.2E-5,0.12,0.12,0.0,850.0,7.2,0.069,9.8E-6,2.0E-13,4.9E7,1.0,1.8E9,
2.7000000000000004E-44,0.0034,7100.0,3900.0,3800.0,7699999.999999999,3800.0,3600.0,7000.0,7200.0,4800.0,0.14,7799999.999999999,3.4E-5,0.12,0.12,0.0,850.0,7.1,0.0035,9.8E-6,1.1E-13,4.7E7,1.0,1.8E9,
2.7000000000000004E-44,0.0033,7100.0,3900.0,3800.0,7599999.999999999,3800.0,3600.0,7000.0,7200.0,4800.0,0.14,7599999.999999999,3.6E-5,0.12,0.12,0.0,850.0,7.0,6.5E-5,9.7E-6,4.9E-14,4.6E7,1.0,1.8E9,
2.6000000000000003E-44,0.0033,7100.0,3900.0,3800.0,7399999.999999999,3800.0,3600.0,7000.0,7200.0,4800.0,0.14,7499999.999999999,3.9E-5,0.12,0.12,0.0,850.0,6.9,4.5E-7,9.7E-6,1.8E-14,4.5E7,1.0,1.8E9,
2.6000000000000003E-44,0.0032,7100.0,3900.0,3800.0,7199999.999999999,3800.0,3600.0,7000.0,7200.0,4800.0,0.14,7199999.999999999,4.1E-5,0.12,0.12,0.0,850.0,6.8,3.1E-9,9.7E-6,6.7E-15,4.3E7,1.0,1.8E9,
2.6000000000000003E-44,0.0032,7100.0,3900.0,3800.0,7199999.999999999,3800.0,3600.0,7000.0,7200.0,4800.0,0.14,7199999.999999999,4.1E-5,0.12,0.12,0.0,850.0,6.8,8.0E-12,9.7E-6,2.2E-15,4.4E7,1.0,1.8E9,
2.6000000000000003E-44,0.0032,7100.0,3900.0,3800.0,7199999.999999999,3800.0,3600.0,7000.0,7200.0,4800.0,0.14,7199999.999999999,3.6E-5,0.12,0.12,0.0,850.0,6.8,2.1E-14,9.7E-6,8.0E-16,4.5E7,1.0,1.8E9,
2.6000000000000003E-44,0.0032,7100.0,3900.0,3800.0,7199999.999999999,3800.0,3600.0,7000.0,7200.0,4800.0,0.14,7199999.999999999,3.1E-5,0.12,0.12,0.0,840.0,6.8,5.3E-17,9.7E-6,3.6E-16,4.8E7,1.0,1.8E9,
2.6000000000000003E-44,0.0032,7100.0,3900.0,3800.0,7199999.999999999,3800.0,3600.0,7000.0,7200.0,4800.0,0.14,7199999.999999999,2.6E-5,0.12,0.12,0.0,830.0,6.8,1.4E-19,9.7E-6,2.1E-16,5.2E7,1.0,1.8E9,
2.6000000000000003E-44,0.0032,7100.0,3900.0,3800.0,7199999.999999999,3800.0,3600.0,7000.0,7200.0,4800.0,0.14,7199999.999999999,2.1E-5,0.12,0.12,0.0,830.0,6.8,8.599999999999999E-22,9.7E-6,1.5E-16,5.5E7,1.0,1.8E9,
2.6000000000000003E-44,0.0032,7100.0,3900.0,3800.0,7199999.999999999,3800.0,3600.0,7000.0,7200.0,4800.0,0.14,7199999.999999999,1.7E-5,0.12,0.12,0.0,830.0,6.8,0.0,9.7E-6,1.1E-16,5.9E7,1.0,1.8E9,
2.6000000000000003E-44,0.0032,7100.0,3900.0,3800.0,7199999.999999999,3800.0,3600.0,7000.0,7200.0,4800.0,0.14,7199999.999999999,1.4E-5,0.12,0.12,0.0,820.0,6.8,1.8999999999999998E-24,9.7E-6,9.2E-17,6.3E7,1.0,1.8E9,
1.1E-43,0.013,13000.0,54000.0,8100.0,8500000.0,32000.0,8600.0,15000.0,7200.0,4800.0,0.14,8700000.0,0.62,0.22,0.22,0.0,860.0,9.2,2.1,1.0E-5,4.9E-12,6.7E7,1.0,1.8E9,
9.999999999999999E-44,0.012,5400.0,54000.0,520.0,8500000.0,17000.0,1100.0,1900.0,7200.0,4800.0,0.14,8600000.0,1.2E-5,0.22,0.22,0.0,860.0,5.6,0.039,9.9E-6,2.0E-12,6.3E7,1.0,1.8E9,
2.0000000000000002E-44,0.0024,5400.0,3900.0,520.0,8199999.999999999,4200.0,1100.0,1900.0,7200.0,4800.0,0.14,8299999.999999999,1.4E-5,0.16,0.16,0.0,860.0,5.3,0.002,9.9E-6,2.2E-13,6.0E7,1.0,1.8E9,
2.0000000000000002E-44,0.0023,5400.0,3900.0,520.0,7899999.999999999,4200.0,1100.0,1900.0,7200.0,4800.0,0.14,7999999.999999999,1.4E-5,0.15,0.15,0.0,860.0,5.2,1.0E-4,9.9E-6,1.2E-13,5.8E7,1.0,1.8E9,
1.9E-44,0.0022,5400.0,3900.0,520.0,7299999.999999999,4200.0,1100.0,1900.0,7200.0,4800.0,0.14,7299999.999999999,1.5E-5,0.14,0.14,0.0,850.0,4.8,5.0E-6,9.8E-6,6.0E-14,5.5E7,1.0,1.8E9,
1.9E-44,0.0022,5400.0,3900.0,520.0,7199999.999999999,4200.0,1100.0,1900.0,7200.0,4800.0,0.14,7199999.999999999,1.7E-5,0.14,0.14,0.0,850.0,4.7,3.4E-8,9.8E-6,2.2E-14,5.3E7,1.0,1.8E9,
1.9E-44,0.0022,5400.0,3900.0,520.0,7199999.999999999,4200.0,1100.0,1900.0,7200.0,4800.0,0.14,7199999.999999999,1.7E-5,0.14,0.14,0.0,850.0,4.7,8.7E-11,9.8E-6,6.7E-15,5.2E7,1.0,1.8E9,
1.9E-44,0.0022,5400.0,3900.0,520.0,7199999.999999999,4200.0,1100.0,1900.0,7200.0,4800.0,0.14,7199999.999999999,1.6E-5,0.14,0.14,0.0,850.0,4.7,2.2E-13,9.8E-6,2.1E-15,5.4E7,1.0,1.8E9,
1.9E-44,0.0022,5400.0,3900.0,520.0,7199999.999999999,4200.0,1100.0,1900.0,7200.0,4800.0,0.14,7199999.999999999,1.4E-5,0.14,0.14,0.0,850.0,4.7,5.6E-16,9.8E-6,6.8E-16,5.6E7,1.0,1.8E9,
1.9E-44,0.0022,5400.0,3900.0,520.0,7199999.999999999,4200.0,1100.0,1900.0,7200.0,4800.0,0.14,7199999.999999999,1.2E-5,0.14,0.14,0.0,840.0,4.7,1.4E-18,9.8E-6,2.5E-16,6.0E7,1.0,1.8E9,
1.9E-44,0.0022,5400.0,3900.0,520.0,7199999.999999999,4200.0,1100.0,1900.0,7200.0,4800.0,0.14,7199999.999999999,1.0E-5,0.14,0.14,0.0,830.0,4.7,5.3E-21,9.8E-6,1.2E-16,6.3E7,1.0,1.8E9,
1.9E-44,0.0022,5400.0,3900.0,520.0,7199999.999999999,4200.0,1100.0,1900.0,7200.0,4800.0,0.14,7199999.999999999,8.5E-6,0.14,0.14,0.0,830.0,4.7,7.8E-23,9.8E-6,7.0E-17,6.7E7,1.0,1.8E9,
1.9E-44,0.0022,5400.0,3900.0,520.0,7199999.999999999,4200.0,1100.0,1900.0,7200.0,4800.0,0.14,7199999.999999999,7.2E-6,0.14,0.14,0.0,830.0,4.7,0.0,9.8E-6,5.0E-17,7.1E7,1.0,1.8E9,
1.9E-44,0.0022,5400.0,3900.0,520.0,7199999.999999999,4200.0,1100.0,1900.0,7200.0,4800.0,0.14,7199999.999999999,7.7E-6,0.14,0.14,0.0,820.0,4.7,0.0,9.8E-6,4.2E-17,7.0E7,1.0,1.8E9,
1.9E-44,0.0022,5400.0,3900.0,520.0,7199999.999999999,4200.0,1100.0,1900.0,7200.0,4800.0,0.14,7199999.999999999,9.0E-6,0.14,0.14,0.0,810.0,4.7,0.0,9.8E-6,4.5E-17,6.6E7,1.0,1.8E9,
1.9E-44,0.0022,5400.0,3900.0,520.0,7199999.999999999,4200.0,1100.0,1900.0,7200.0,4800.0,0.14,7199999.999999999,9.3E-6,0.14,0.14,0.0,810.0,4.7,0.0,9.8E-6,4.9E-17,6.5E7,1.0,1.8E9,
1.9E-44,0.0022,5400.0,3900.0,520.0,7199999.999999999,4200.0,1100.0,1900.0,7200.0,4800.0,0.14,7199999.999999999,8.9E-6,0.14,0.14,0.0,810.0,4.7,0.0,9.8E-6,4.9E-17,6.6E7,1.0,1.8E9,
1.9E-44,0.0022,5400.0,3900.0,520.0,7199999.999999999,4200.0,1100.0,1900.0,7200.0,4800.0,0.14,7199999.999999999,8.0E-6,0.14,0.14,0.0,810.0,4.7,0.0,9.8E-6,4.6E-17,6.9E7,1.0,1.8E9,
1.9E-44,0.0022,5400.0,3900.0,520.0,7199999.999999999,4200.0,1100.0,1900.0,7200.0,4800.0,0.14,7199999.999999999,7.1E-6,0.14,0.14,0.0,810.0,4.7,0.0,9.8E-6,4.2E-17,7.2E7,1.0,1.8E9,
1.8E-43,0.026,40000.0,95000.0,31000.0,8600000.0,8300.0,1100.0,1900.0,7200.0,4800.0,0.14,8800000.0,1.6E-5,0.24,0.24,0.0,880.0,11.0,18.0,1.0E-5,6.6E-12,7.2E7,1.0,1.9E9,
1.1E-43,0.016,4300.0,70000.0,3400.0,8500000.0,790.0,1100.0,1900.0,7200.0,4800.0,0.14,8600000.0,5.7E-6,0.22,0.22,0.0,870.0,3.2,0.92,1.0E-5,2.2E-12,6.8E7,1.0,1.8E9,
2.2E-44,0.0031,4300.0,4200.0,3400.0,8299999.999999999,790.0,1100.0,1900.0,7100.0,4800.0,0.14,8299999.999999999,1.2E-6,0.14,0.14,0.0,870.0,3.1,0.34,1.0E-5,3.5E-13,6.7E7,1.0,1.8E9,
2.1000000000000003E-44,0.0031,4300.0,4200.0,3400.0,7999999.999999999,790.0,1100.0,1900.0,7100.0,4800.0,0.14,7999999.999999999,6.6E-6,0.14,0.14,0.0,870.0,3.0,0.017,1.0E-5,1.9E-13,6.4E7,1.0,1.8E9,
2.1000000000000003E-44,0.003,4300.0,4200.0,3400.0,7699999.999999999,790.0,1100.0,1900.0,7100.0,4800.0,0.14,7799999.999999999,7.3E-6,0.14,0.14,0.0,860.0,2.9,8.6E-4,1.0E-5,1.0E-13,6.1E7,1.0,1.8E9,
2.0000000000000002E-44,0.0029,4300.0,4200.0,3400.0,7199999.999999999,790.0,1100.0,1900.0,7100.0,4800.0,0.13,7299999.999999999,8.4E-6,0.13,0.13,0.0,840.0,2.8,5.9E-6,1.0E-5,3.6E-14,5.6E7,1.0,1.8E9,
2.0000000000000002E-44,0.0029,4300.0,4200.0,3400.0,7199999.999999999,790.0,1100.0,1900.0,7100.0,4800.0,0.14,7299999.999999999,9.5E-6,0.13,0.13,0.0,840.0,2.8,1.5E-8,1.0E-5,1.1E-14,5.4E7,1.0,1.8E9,
2.0000000000000002E-44,0.0029,4300.0,4200.0,3400.0,7199999.999999999,790.0,1100.0,1900.0,7100.0,4800.0,0.14,7299999.999999999,9.4E-6,0.13,0.13,0.0,830.0,2.8,3.8E-11,1.0E-5,3.3E-15,5.4E7,1.0,1.8E9,
2.0000000000000002E-44,0.0029,4300.0,4200.0,3400.0,7199999.999999999,790.0,1100.0,1900.0,7100.0,4800.0,0.14,7299999.999999999,8.6E-6,0.13,0.13,0.0,830.0,2.8,9.6E-14,1.0E-5,1.0E-15,5.6E7,1.0,1.8E9,
2.0000000000000002E-44,0.0029,4300.0,4200.0,3400.0,7199999.999999999,790.0,1100.0,1900.0,7100.0,4800.0,0.14,7299999.999999999,7.5E-6,0.13,0.13,0.0,830.0,2.8,2.5E-16,1.0E-5,3.4E-16,5.9E7,1.0,1.8E9,
7.8E-44,0.018,77000.0,91000.0,190.0,8600000.0,790.0,1100.0,1900.0,7100.0,4800.0,0.14,8800000.0,1.7E-5,0.24,0.24,0.0,880.0,6.6,1300.0,1.0E-5,1.3E-11,6.0E7,1.0,1.9E9,
8.7E-45,0.002,1800.0,2600.0,190.0,8400000.0,790.0,1000.0,1900.0,7100.0,4800.0,0.14,8400000.0,1.8E-5,0.14,0.14,0.0,880.0,6.3,67.0,1.0E-5,7.8E-13,5.8E7,1.0,1.9E9,
8.4E-45,0.0019,1800.0,2600.0,190.0,7999999.999999999,790.0,1000.0,1900.0,7100.0,4800.0,0.14,7999999.999999999,1.9E-5,0.14,0.14,0.0,870.0,6.0,3.4,1.0E-5,4.1E-13,5.6E7,1.0,1.8E9,
7.9E-45,0.0018,1800.0,2600.0,190.0,7299999.999999999,790.0,1000.0,1900.0,7100.0,4800.0,0.13,7299999.999999999,1.8E-5,0.13,0.13,0.0,870.0,5.5,1.2,1.0E-5,3.1E-13,5.5E7,1.0,1.8E9,
7.8E-45,0.0018,1800.0,2600.0,190.0,7299999.999999999,790.0,1000.0,1900.0,7100.0,4800.0,0.13,7299999.999999999,2.0E-5,0.13,0.13,0.0,860.0,5.5,0.0084,1.0E-5,1.2E-13,5.2E7,1.0,1.8E9,
7.8E-45,0.0018,1800.0,2600.0,190.0,7299999.999999999,790.0,1000.0,1900.0,7100.0,4800.0,0.13,7299999.999999999,2.1E-5,0.13,0.13,0.0,860.0,5.5,2.1E-5,1.0E-5,3.5E-14,5.2E7,1.0,1.8E9,
7.8E-45,0.0018,1800.0,2600.0,190.0,7299999.999999999,790.0,1000.0,1900.0,7100.0,4800.0,0.13,7299999.999999999,1.9E-5,0.13,0.13,0.0,860.0,5.5,5.3E-8,1.0E-5,1.1E-14,5.4E7,1.0,1.8E9,
7.8E-45,0.0018,1800.0,2600.0,190.0,7299999.999999999,790.0,1000.0,1900.0,7100.0,4800.0,0.13,7299999.999999999,1.7E-5,0.13,0.13,0.0,850.0,5.5,1.4E-10,1.0E-5,3.3E-15,5.6E7,1.0,1.8E9,
7.8E-45,0.0018,1800.0,2600.0,190.0,7299999.999999999,790.0,1000.0,1900.0,7100.0,4800.0,0.13,7299999.999999999,1.4E-5,0.13,0.13,0.0,850.0,5.5,3.7E-13,1.0E-5,1.0E-15,6.0E7,1.0,1.8E9,
7.8E-45,0.0018,1800.0,2600.0,190.0,7199999.999999999,790.0,1000.0,1900.0,7100.0,4800.0,0.13,7199999.999999999,1.5E-5,0.13,0.13,0.0,830.0,5.4,9.6E-16,1.0E-5,3.7E-16,5.7E7,1.0,1.8E9,
7.8E-45,0.0018,1800.0,2600.0,190.0,7199999.999999999,790.0,1000.0,1900.0,7100.0,4800.0,0.13,7199999.999999999,1.6E-5,0.13,0.13,0.0,820.0,5.4,2.4E-18,1.0E-5,1.7E-16,5.6E7,1.0,1.8E9,
7.8E-45,0.0018,1800.0,2600.0,190.0,7199999.999999999,790.0,1000.0,1900.0,7100.0,4800.0,0.13,7199999.999999999,1.6E-5,0.13,0.13,0.0,810.0,5.4,6.1E-21,1.0E-5,1.1E-16,5.7E7,1.0,1.8E9,
7.8E-45,0.0018,1800.0,2600.0,190.0,7199999.999999999,790.0,1000.0,1900.0,7100.0,4800.0,0.13,7199999.999999999,1.4E-5,0.13,0.13,0.0,810.0,5.4,1.5E-23,1.0E-5,9.2E-17,5.9E7,1.0,1.8E9,
5.400000000000001E-44,0.0097,10000.0,23000.0,27000.0,8500000.0,6600.0,7100.0,4600.0,1100.0,4800.0,0.13,8600000.0,2.1,0.17,0.17,0.0,830.0,6.4,260.0,1.0E-5,4.3E-12,6.1E7,1.0,1.8E9,
4.2000000000000005E-44,0.0076,2600.0,23000.0,14000.0,8500000.0,6600.0,7100.0,4600.0,1100.0,4800.0,0.13,8600000.0,1.6E-5,0.17,0.17,0.0,830.0,5.5,1.8,1.0E-5,1.2E-12,5.7E7,1.0,1.8E9,
9.5E-45,0.0017,2600.0,290.0,1500.0,8400000.0,6600.0,7100.0,4600.0,1100.0,4800.0,0.13,8400000.0,7.7E-6,0.15,0.15,0.0,820.0,2.4,0.093,1.0E-5,1.5E-13,5.5E7,1.0,1.8E9,
9.2E-45,0.0016,2600.0,290.0,1500.0,8099999.999999999,6600.0,7100.0,4600.0,1100.0,4800.0,0.13,8099999.999999999,8.0E-6,0.14,0.14,0.0,820.0,2.3,0.013,1.0E-5,1.0E-13,5.4E7,1.0,1.8E9,
9.1E-45,0.0016,2600.0,290.0,1500.0,7999999.999999999,6600.0,7100.0,4600.0,1100.0,4800.0,0.13,7999999.999999999,8.9E-6,0.14,0.14,0.0,820.0,2.3,2.3E-4,1.0E-5,4.4E-14,5.1E7,1.0,1.8E9,
8.9E-45,0.0016,2600.0,290.0,1500.0,7699999.999999999,6600.0,7100.0,4600.0,1100.0,4800.0,0.13,7699999.999999999,9.6E-6,0.14,0.14,0.0,830.0,2.2,4.3E-6,1.0E-5,2.0E-14,5.0E7,1.0,1.8E9,
8.4E-45,0.0015,2600.0,290.0,1500.0,7199999.999999999,6600.0,7000.0,4600.0,1100.0,4800.0,0.13,7199999.999999999,9.9E-6,0.13,0.13,0.0,830.0,2.1,8.1E-8,1.0E-5,8.3E-15,4.8E7,1.0,1.8E9,
7.900000000000001E-44,0.012,21000.0,52000.0,13000.0,8600000.0,6600.0,7000.0,4600.0,1100.0,4800.0,0.13,8700000.0,5.7E-5,0.21,0.21,0.0,830.0,11.0,76.0,1.0E-5,1.7E-11,4.7E7,1.0,1.8E9,
1.4E-44,0.0022,3800.0,4300.0,360.0,8400000.0,6600.0,7000.0,4600.0,1100.0,4800.0,0.13,8400000.0,2.4E-5,0.15,0.15,0.0,830.0,4.6,10.0,1.0E-5,2.0E-12,4.6E7,1.0,1.8E9,
1.3000000000000002E-44,0.0021,3800.0,4300.0,360.0,7899999.999999999,6600.0,7000.0,4600.0,1100.0,4800.0,0.13,7899999.999999999,2.4E-5,0.14,0.14,0.0,820.0,4.3,0.52,1.0E-5,1.1E-12,4.5E7,1.0,1.8E9,
1.3000000000000002E-44,0.002,3800.0,4300.0,360.0,7499999.999999999,6600.0,7000.0,4600.0,1100.0,4700.0,0.13,7499999.999999999,2.5E-5,0.14,0.14,0.0,810.0,4.1,0.026,1.0E-5,5.7E-13,4.4E7,1.0,1.8E9,
1.3000000000000002E-44,0.002,3800.0,4300.0,360.0,7299999.999999999,6600.0,7000.0,4600.0,1100.0,4700.0,0.13,7399999.999999999,2.6E-5,0.14,0.14,0.0,810.0,4.0,1.8E-4,1.0E-5,2.1E-13,4.3E7,1.0,1.8E9,
1.3000000000000002E-44,0.002,3800.0,4300.0,360.0,7199999.999999999,6600.0,7000.0,4600.0,1100.0,4700.0,0.13,7199999.999999999,2.6E-5,0.14,0.14,0.0,800.0,4.0,3.4E-6,1.0E-5,9.2E-14,4.2E7,1.0,1.8E9,
1.3000000000000002E-44,0.002,3800.0,4300.0,360.0,7199999.999999999,6600.0,7000.0,4600.0,1100.0,4700.0,0.13,7199999.999999999,2.5E-5,0.14,0.14,0.0,800.0,4.0,8.6E-9,1.0E-5,2.8E-14,4.3E7,1.0,1.8E9,
1.3000000000000002E-44,0.002,3800.0,4300.0,360.0,7199999.999999999,6600.0,7000.0,4600.0,1100.0,4700.0,0.13,7199999.999999999,2.2E-5,0.14,0.14,0.0,800.0,4.0,2.2E-11,1.0E-5,8.5E-15,4.5E7,1.0,1.8E9,
1.3000000000000002E-44,0.002,3800.0,4300.0,360.0,7199999.999999999,6600.0,7000.0,4600.0,1100.0,4700.0,0.13,7199999.999999999,1.8E-5,0.14,0.14,0.0,790.0,4.0,5.6E-14,1.0E-5,2.6E-15,4.8E7,1.0,1.8E9,
1.3000000000000002E-44,0.002,3800.0,4300.0,360.0,7199999.999999999,6600.0,7000.0,4600.0,1100.0,4700.0,0.13,7199999.999999999,1.5E-5,0.14,0.14,0.0,790.0,4.0,1.4E-16,1.0E-5,8.6E-16,5.2E7,1.0,1.8E9,
1.3000000000000002E-44,0.002,3800.0,4300.0,360.0,7199999.999999999,6600.0,7000.0,4600.0,1100.0,4700.0,0.13,7199999.999999999,1.2E-5,0.14,0.14,0.0,790.0,4.0,5.1E-19,1.0E-5,3.1E-16,5.5E7,1.0,1.8E9,
1.3000000000000002E-44,0.002,3800.0,4300.0,360.0,7199999.999999999,6600.0,7000.0,4600.0,1100.0,4700.0,0.13,7199999.999999999,1.0E-5,0.14,0.14,0.0,770.0,4.0,5.7E-21,1.0E-5,1.4E-16,5.9E7,1.0,1.8E9,
1.3000000000000002E-44,0.002,3800.0,4300.0,360.0,7199999.999999999,6600.0,7000.0,4600.0,1100.0,4700.0,0.13,7199999.999999999,8.4E-6,0.14,0.14,0.0,770.0,4.0,9.9E-23,1.0E-5,7.6E-17,6.4E7,1.0,1.8E9,
1.3000000000000002E-44,0.002,3800.0,4300.0,360.0,7199999.999999999,6600.0,7000.0,4600.0,1100.0,4700.0,0.13,7199999.999999999,7.6E-6,0.14,0.14,0.0,770.0,4.0,0.0,1.0E-5,5.3E-17,6.6E7,1.0,1.8E9,
1.3000000000000002E-44,0.002,3800.0,4300.0,360.0,7199999.999999999,6600.0,7000.0,4600.0,1100.0,4700.0,0.13,7199999.999999999,9.1E-6,0.14,0.14,0.0,750.0,4.0,0.0,1.0E-5,4.9E-17,6.2E7,1.0,1.8E9,
1.3000000000000002E-44,0.002,3800.0,4300.0,360.0,7199999.999999999,6600.0,7000.0,4600.0,1100.0,4700.0,0.13,7199999.999999999,9.5E-6,0.14,0.14,0.0,750.0,4.0,0.0,1.0E-5,5.2E-17,6.1E7,1.0,1.8E9,
1.3000000000000002E-44,0.002,3800.0,4300.0,360.0,7199999.999999999,6600.0,7000.0,4600.0,1100.0,4700.0,0.13,7199999.999999999,9.0E-6,0.14,0.14,0.0,750.0,4.0,0.0,1.0E-5,5.2E-17,6.2E7,1.0,1.8E9,
1.3000000000000002E-44,0.002,3800.0,4300.0,360.0,7199999.999999999,6600.0,7000.0,4600.0,1100.0,4700.0,0.13,7199999.999999999,8.1E-6,0.14,0.14,0.0,730.0,4.0,0.0,1.0E-5,4.9E-17,6.4E7,1.0,1.8E9,
1.3000000000000002E-44,0.002,3800.0,4300.0,360.0,7199999.999999999,6600.0,7000.0,4600.0,1100.0,4700.0,0.13,7199999.999999999,7.1E-6,0.14,0.14,0.0,730.0,4.0,0.0,1.0E-5,4.4E-17,6.7E7,1.0,1.8E9,
1.3000000000000002E-44,0.002,3800.0,4300.0,360.0,7199999.999999999,6600.0,7000.0,4600.0,1100.0,4700.0,0.13,7199999.999999999,6.2E-6,0.14,0.14,0.0,730.0,4.0,0.0,1.0E-5,3.9E-17,7.1E7,1.0,1.8E9,
1.3000000000000002E-44,0.002,3800.0,4300.0,360.0,7199999.999999999,6600.0,7000.0,4600.0,1100.0,4700.0,0.13,7199999.999999999,5.3E-6,0.14,0.14,0.0,730.0,4.0,0.0,1.0E-5,3.4E-17,7.5E7,1.0,1.8E9,
1.3000000000000002E-44,0.002,3800.0,4300.0,360.0,7199999.999999999,6600.0,7000.0,4600.0,1100.0,4700.0,0.13,7199999.999999999,4.6E-6,0.14,0.14,0.0,730.0,4.0,0.0,1.0E-5,2.9E-17,7.9E7,1.0,1.8E9,
1.3000000000000002E-44,0.002,3800.0,4300.0,360.0,7199999.999999999,6600.0,7000.0,4600.0,1100.0,4700.0,0.13,7199999.999999999,5.7E-6,0.14,0.14,0.0,730.0,4.0,0.0,1.0E-5,2.9E-17,7.3E7,1.0,1.8E9,
1.3000000000000002E-44,0.002,3800.0,4300.0,360.0,7199999.999999999,6600.0,7000.0,4600.0,1100.0,4700.0,0.13,7199999.999999999,6.5E-6,0.14,0.14,0.0,730.0,4.0,0.0,1.0E-5,3.3E-17,7.0E7,1.0,1.8E9,
1.3000000000000002E-44,0.002,3800.0,4300.0,360.0,7199999.999999999,6600.0,7000.0,4600.0,1100.0,4700.0,0.13,7199999.999999999,6.6E-6,0.14,0.14,0.0,730.0,4.0,0.0,1.0E-5,3.6E-17,6.9E7,1.0,1.8E9,
1.3000000000000002E-44,0.002,3800.0,4300.0,360.0,7199999.999999999,6600.0,7000.0,4600.0,1100.0,4700.0,0.13,7199999.999999999,6.3E-6,0.14,0.14,0.0,720.0,4.0,0.0,1.0E-5,3.6E-17,7.1E7,1.0,1.8E9,
1.3000000000000002E-44,0.002,3800.0,4300.0,360.0,7199999.999999999,6600.0,7000.0,4600.0,1100.0,4700.0,0.13,7199999.999999999,5.7E-6,0.14,0.14,0.0,710.0,4.0,0.0,1.0E-5,3.4E-17,7.3E7,1.0,1.8E9,
1.3000000000000002E-44,0.002,3800.0,4300.0,360.0,7199999.999999999,6600.0,7000.0,4600.0,1100.0,4700.0,0.13,7199999.999999999,5.1E-6,0.14,0.14,0.0,710.0,4.0,0.0,1.0E-5,3.1E-17,7.6E7,1.0,1.8E9,
1.3000000000000002E-44,0.002,3800.0,4300.0,360.0,7199999.999999999,6600.0,7000.0,4600.0,1100.0,4700.0,0.13,7199999.999999999,4.4E-6,0.14,0.14,0.0,700.0,4.0,0.0,1.0E-5,2.8E-17,8.0E7,1.0,1.8E9,
1.3000000000000002E-44,0.002,3800.0,4300.0,360.0,7199999.999999999,6600.0,7000.0,4600.0,1100.0,4700.0,0.13,7199999.999999999,3.9E-6,0.14,0.14,0.0,700.0,4.0,0.0,1.0E-5,2.4E-17,8.4E7,1.0,1.8E9,
1.3000000000000002E-44,0.002,3800.0,4300.0,360.0,7199999.999999999,6600.0,7000.0,4600.0,1100.0,4700.0,0.13,7199999.999999999,4.3E-6,0.14,0.14,0.0,700.0,4.0,0.0,1.0E-5,2.3E-17,8.1E7,1.0,1.8E9,
1.3000000000000002E-44,0.002,3800.0,4300.0,360.0,7199999.999999999,6600.0,7000.0,4600.0,1100.0,4700.0,0.13,7199999.999999999,5.3E-6,0.14,0.14,0.0,690.0,4.0,0.0,1.0E-5,2.6E-17,7.5E7,1.0,1.8E9,
1.3000000000000002E-44,0.002,3800.0,4300.0,360.0,7199999.999999999,6600.0,7000.0,4600.0,1100.0,4700.0,0.13,7199999.999999999,5.7E-6,0.14,0.14,0.0,680.0,4.0,0.0,1.0E-5,3.0E-17,7.3E7,1.0,1.8E9,
4.4E-44,0.0089,3000.0,54000.0,5600.0,8600000.0,6700.0,7000.0,9200.0,2200.0,1100.0,0.13,8700000.0,1.8E-5,0.17,0.17,0.0,730.0,11.0,3.8,1.1E-5,2.4E-12,7.0E7,1.0,1.8E9,
1.1E-44,0.0023,3000.0,3800.0,5600.0,8400000.0,6700.0,7000.0,1700.0,2200.0,1100.0,0.13,8400000.0,1.9E-5,0.11,0.11,0.0,730.0,10.0,0.52,1.1E-5,4.3E-13,6.7E7,1.0,1.8E9,
1.1E-44,0.0022,3000.0,3800.0,5600.0,7799999.999999999,6700.0,7000.0,1700.0,2200.0,1100.0,0.13,7899999.999999999,2.1E-5,0.11,0.11,0.0,730.0,10.0,0.026,1.1E-5,2.3E-13,6.4E7,1.0,1.8E9,
1.1E-44,0.0022,3000.0,3800.0,5600.0,7499999.999999999,6700.0,7000.0,1700.0,2200.0,1100.0,0.13,7499999.999999999,2.3E-5,0.1,0.1,0.0,730.0,9.8,0.0036,1.1E-5,1.5E-13,6.2E7,1.0,1.8E9,
1.1E-44,0.0022,2900.0,3800.0,5600.0,7199999.999999999,6700.0,7000.0,1700.0,2200.0,1100.0,0.13,7199999.999999999,2.5E-5,0.1,0.1,0.0,720.0,9.5,1.8E-4,1.0E-5,8.1E-14,5.9E7,1.0,1.8E9,
1.1E-44,0.0022,2900.0,3800.0,5600.0,7199999.999999999,6700.0,7000.0,1700.0,2200.0,1100.0,0.13,7199999.999999999,2.8E-5,0.1,0.1,0.0,700.0,9.5,4.5E-7,1.0E-5,2.4E-14,5.7E7,1.0,1.8E9,
1.1E-44,0.0022,2900.0,3800.0,5600.0,7199999.999999999,6700.0,7000.0,1700.0,2200.0,1100.0,0.13,7199999.999999999,2.7E-5,0.1,0.1,0.0,700.0,9.5,1.2E-9,1.0E-5,7.5E-15,5.7E7,1.0,1.8E9,
1.1E-44,0.0022,2900.0,3800.0,5600.0,7199999.999999999,6700.0,7000.0,1700.0,2200.0,1100.0,0.13,7199999.999999999,2.5E-5,0.1,0.1,0.0,700.0,9.5,2.9E-12,1.0E-5,2.3E-15,5.9E7,1.0,1.8E9,
1.1E-44,0.0022,2900.0,3800.0,5600.0,7199999.999999999,6700.0,7000.0,1700.0,2200.0,1100.0,0.13,7199999.999999999,2.2E-5,0.1,0.1,0.0,700.0,9.5,8.0E-15,1.0E-5,8.0E-16,6.2E7,1.0,1.8E9,
1.1E-44,0.0022,2900.0,3800.0,5600.0,7199999.999999999,6700.0,7000.0,1700.0,2200.0,1100.0,0.13,7199999.999999999,1.9E-5,0.1,0.1,0.0,700.0,9.5,2.5E-17,1.0E-5,3.2E-16,6.5E7,1.0,1.8E9,
1.1E-44,0.0022,2900.0,3800.0,5600.0,7199999.999999999,6700.0,7000.0,1700.0,2200.0,1100.0,0.13,7199999.999999999,1.6E-5,0.1,0.1,0.0,690.0,9.5,7.4E-19,1.0E-5,1.7E-16,6.9E7,1.0,1.8E9,
1.1E-44,0.0022,2900.0,3800.0,5600.0,7199999.999999999,6700.0,7000.0,1700.0,2200.0,1100.0,0.13,7199999.999999999,1.4E-5,0.1,0.1,0.0,690.0,9.5,0.0,1.0E-5,1.1E-16,7.3E7,1.0,1.8E9,
1.1E-44,0.0022,2900.0,3800.0,5600.0,7199999.999999999,6700.0,7000.0,1700.0,2200.0,1100.0,0.13,7199999.999999999,1.3E-5,0.1,0.1,0.0,680.0,9.5,0.0,1.0E-5,8.3E-17,7.5E7,1.0,1.8E9,
1.1E-44,0.0022,2900.0,3800.0,5600.0,7199999.999999999,6700.0,7000.0,1700.0,2200.0,1100.0,0.13,7199999.999999999,1.6E-5,0.1,0.1,0.0,660.0,9.5,0.0,1.0E-5,8.4E-17,6.9E7,1.0,1.8E9,
1.1E-44,0.0022,2900.0,3800.0,5600.0,7199999.999999999,6700.0,7000.0,1700.0,2200.0,1100.0,0.13,7199999.999999999,1.7E-5,0.1,0.1,0.0,650.0,9.5,0.0,1.0E-5,9.3E-17,6.7E7,1.0,1.8E9,
1.1E-44,0.0022,2900.0,3800.0,5600.0,7199999.999999999,6700.0,7000.0,1700.0,2200.0,1100.0,0.13,7199999.999999999,1.7E-5,0.1,0.1,0.0,650.0,9.5,0.0,1.0E-5,9.7E-17,6.8E7,1.0,1.8E9,
1.1E-44,0.0022,2900.0,3800.0,5600.0,7199999.999999999,6700.0,7000.0,1700.0,2200.0,1100.0,0.13,7199999.999999999,1.6E-5,0.1,0.1,0.0,650.0,9.5,0.0,1.0E-5,9.4E-17,7.0E7,1.0,1.8E9,
1.1E-44,0.0022,2900.0,3800.0,5600.0,7199999.999999999,6700.0,7000.0,1700.0,2200.0,1100.0,0.13,7199999.999999999,1.4E-5,0.1,0.1,0.0,640.0,9.5,0.0,1.0E-5,8.7E-17,7.2E7,1.0,1.8E9,
1.1E-44,0.0022,2900.0,3800.0,5600.0,7199999.999999999,6700.0,7000.0,1700.0,2200.0,1100.0,0.13,7199999.999999999,1.2E-5,0.1,0.1,0.0,640.0,9.5,0.0,1.0E-5,7.8E-17,7.6E7,1.0,1.8E9,
1.1E-44,0.0022,2900.0,3800.0,5600.0,7199999.999999999,6700.0,7000.0,1700.0,2200.0,1100.0,0.13,7199999.999999999,1.1E-5,0.1,0.1,0.0,640.0,9.5,0.0,1.0E-5,6.9E-17,8.0E7,1.0,1.8E9,
1.1E-44,0.0022,2900.0,3800.0,5600.0,7199999.999999999,6700.0,7000.0,1700.0,2200.0,1100.0,0.13,7199999.999999999,9.4E-6,0.1,0.1,0.0,630.0,9.5,0.0,1.0E-5,6.1E-17,8.4E7,1.0,1.8E9,
4.5E-44,0.016,49000.0,72000.0,1000.0,8700000.0,6700.0,7000.0,1700.0,2200.0,1100.0,0.13,8900000.0,9.0E-6,0.16,0.16,0.0,670.0,7.3,6.5,1.1E-5,3.8E-12,7.8E7,1.0,1.8E9,
4.5E-44,0.016,8900.0,72000.0,1000.0,8700000.0,6700.0,7000.0,1700.0,2200.0,1100.0,0.13,8800000.0,1.1E-5,0.16,0.16,0.0,670.0,7.2,0.13,1.1E-5,1.7E-12,7.3E7,1.0,1.8E9,
6.0E-45,0.0022,1300.0,2000.0,1000.0,8099999.999999999,6700.0,7000.0,1700.0,2200.0,1100.0,0.13,8199999.999999999,1.2E-5,0.09,0.09,0.0,670.0,6.8,0.0063,1.1E-5,1.3E-13,6.8E7,1.0,1.8E9,
5.9E-45,0.0021,1300.0,2000.0,1000.0,7999999.999999999,6700.0,7000.0,1700.0,2200.0,1100.0,0.13,7999999.999999999,1.4E-5,0.089,0.089,0.0,650.0,6.6,3.2E-4,1.1E-5,6.9E-14,6.5E7,1.0,1.8E9,
5.8E-45,0.0021,1300.0,2000.0,990.0,7799999.999999999,6700.0,7000.0,1700.0,2200.0,1100.0,0.13,7799999.999999999,1.5E-5,0.087,0.087,0.0,660.0,6.5,1.6E-5,1.1E-5,3.7E-14,6.2E7,1.0,1.8E9,
5.7E-45,0.002,1300.0,2000.0,990.0,7499999.999999999,6700.0,7000.0,1700.0,2200.0,1100.0,0.13,7599999.999999999,1.6E-5,0.084,0.084,0.0,650.0,6.3,2.1E-6,1.1E-5,2.4E-14,6.0E7,1.0,1.8E9,
5.6E-45,0.002,1300.0,2000.0,990.0,7299999.999999999,6700.0,7000.0,1700.0,2200.0,1100.0,0.13,7299999.999999999,1.8E-5,0.082,0.082,0.0,650.0,6.1,4.0E-8,1.1E-5,1.1E-14,5.7E7,1.0,1.8E9,
5.5E-45,0.002,1300.0,2000.0,990.0,7199999.999999999,6700.0,7000.0,1700.0,2200.0,1100.0,0.13,7299999.999999999,2.1E-5,0.082,0.082,0.0,650.0,6.1,1.0E-10,1.1E-5,3.3E-15,5.3E7,1.0,1.8E9,
5.5E-45,0.002,1300.0,2000.0,990.0,7199999.999999999,6700.0,7000.0,1700.0,2200.0,1100.0,0.13,7199999.999999999,2.3E-5,0.081,0.081,0.0,640.0,6.1,2.5E-13,1.0E-5,1.1E-15,5.1E7,1.0,1.8E9,
5.5E-45,0.002,1300.0,2000.0,990.0,7199999.999999999,6700.0,7000.0,1700.0,2200.0,1100.0,0.13,7199999.999999999,2.5E-5,0.081,0.081,0.0,640.0,6.1,4.6E-15,1.0E-5,5.6E-16,5.0E7,1.0,1.8E9,
5.5E-45,0.002,1300.0,2000.0,990.0,7199999.999999999,6700.0,7000.0,1700.0,2200.0,1100.0,0.13,7199999.999999999,2.5E-5,0.081,0.081,0.0,640.0,6.1,1.2E-17,1.0E-5,2.7E-16,4.9E7,1.0,1.8E9,
5.5E-45,0.002,1300.0,2000.0,990.0,7199999.999999999,6700.0,7000.0,1700.0,2200.0,1100.0,0.13,7199999.999999999,2.3E-5,0.081,0.081,0.0,640.0,6.1,3.0E-20,1.0E-5,1.8E-16,5.1E7,1.0,1.8E9,
5.5E-45,0.002,1300.0,2000.0,990.0,7199999.999999999,6700.0,7000.0,1700.0,2200.0,1100.0,0.13,7199999.999999999,2.0E-5,0.081,0.081,0.0,640.0,6.1,7.5E-23,1.0E-5,1.4E-16,5.4E7,1.0,1.8E9,
5.5E-45,0.002,1300.0,2000.0,990.0,7199999.999999999,6700.0,7000.0,1700.0,2200.0,1100.0,0.13,7199999.999999999,1.7E-5,0.081,0.081,0.0,640.0,6.1,1.8E-25,1.0E-5,1.2E-16,5.7E7,1.0,1.8E9,
5.5E-45,0.002,1300.0,2000.0,990.0,7199999.999999999,6700.0,7000.0,1700.0,2200.0,1100.0,0.13,7199999.999999999,1.4E-5,0.081,0.081,0.0,640.0,6.1,3.2000000000000003E-27,1.0E-5,9.7E-17,6.1E7,1.0,1.8E9,
5.5E-45,0.002,1300.0,2000.0,990.0,7199999.999999999,6700.0,7000.0,1700.0,2200.0,1100.0,0.13,7199999.999999999,1.2E-5,0.081,0.081,0.0,630.0,6.1,9.0E-29,1.0E-5,8.2E-17,6.4E7,1.0,1.8E9,
5.5E-45,0.002,1300.0,2000.0,990.0,7199999.999999999,6700.0,7000.0,1700.0,2200.0,1100.0,0.13,7199999.999999999,1.0E-5,0.081,0.081,0.0,620.0,6.1,8.3E-32,1.0E-5,6.9E-17,6.9E7,1.0,1.8E9,
5.5E-45,0.002,1300.0,2000.0,990.0,7199999.999999999,6700.0,7000.0,1700.0,2200.0,1100.0,0.13,7199999.999999999,1.0E-5,0.081,0.081,0.0,610.0,6.1,0.0,1.0E-5,5.9E-17,6.9E7,1.0,1.8E9,
5.5E-45,0.002,1300.0,2000.0,990.0,7199999.999999999,6700.0,7000.0,1700.0,2200.0,1100.0,0.13,7199999.999999999,1.2E-5,0.081,0.081,0.0,610.0,6.1,0.0,1.0E-5,6.4E-17,6.5E7,1.0,1.8E9,
5.5E-45,0.002,1300.0,2000.0,990.0,7199999.999999999,6700.0,7000.0,1700.0,2200.0,1100.0,0.13,7199999.999999999,1.3E-5,0.081,0.081,0.0,610.0,6.1,0.0,1.0E-5,6.9E-17,6.4E7,1.0,1.8E9,
5.5E-45,0.002,1300.0,2000.0,990.0,7199999.999999999,6700.0,7000.0,1700.0,2200.0,1100.0,0.13,7199999.999999999,1.2E-5,0.081,0.081,0.0,600.0,6.1,0.0,1.0E-5,7.0E-17,6.5E7,1.0,1.8E9,
5.5E-45,0.002,1300.0,2000.0,990.0,7199999.999999999,6700.0,7000.0,1700.0,2200.0,1100.0,0.13,7199999.999999999,1.1E-5,0.081,0.081,0.0,600.0,6.1,0.0,1.0E-5,6.7E-17,6.7E7,1.0,1.8E9,
5.5E-45,0.002,1300.0,2000.0,990.0,7199999.999999999,6700.0,7000.0,1700.0,2200.0,1100.0,0.13,7199999.999999999,9.6E-6,0.081,0.081,0.0,600.0,6.1,0.0,1.0E-5,6.1E-17,7.0E7,1.0,1.8E9,
5.5E-45,0.002,1300.0,2000.0,990.0,7199999.999999999,6700.0,7000.0,1700.0,2200.0,1100.0,0.13,7199999.999999999,8.4E-6,0.081,0.081,0.0,600.0,6.1,0.0,1.0E-5,5.4E-17,7.4E7,1.0,1.8E9,
3.9E-44,0.01,37000.0,52000.0,1700.0,8500000.0,380.0,7000.0,1700.0,2200.0,1100.0,0.13,8600000.0,1.5,0.15,0.15,0.0,670.0,2.9,150.0,1.1E-5,5.9E-12,7.7E7,1.0,1.8E9,
9.0E-45,0.0023,3800.0,4400.0,1700.0,8299999.999999999,380.0,7000.0,1700.0,2200.0,1100.0,0.13,8299999.999999999,4.8E-6,0.097,0.097,0.0,670.0,3.2,2.9,1.1E-5,6.1E-13,7.2E7,1.0,1.8E9,
8.8E-45,0.0023,3800.0,4400.0,1700.0,7999999.999999999,380.0,7000.0,1700.0,2200.0,1100.0,0.13,7999999.999999999,5.6E-6,0.094,0.094,0.0,670.0,3.1,0.053,1.1E-5,2.7E-13,6.7E7,1.0,1.8E9,
8.7E-45,0.0023,3800.0,4400.0,1700.0,7899999.999999999,380.0,6900.0,1700.0,2200.0,1100.0,0.13,7899999.999999999,7.2E-6,0.093,0.093,0.0,670.0,3.0,1.3E-4,1.1E-5,8.0E-14,6.1E7,1.0,1.8E9,
8.4E-45,0.0022,3800.0,4400.0,1700.0,7399999.999999999,380.0,6900.0,1700.0,2200.0,1100.0,0.13,7399999.999999999,7.9E-6,0.088,0.088,0.0,670.0,2.9,2.5E-6,1.1E-5,3.5E-14,5.8E7,1.0,1.8E9,
8.3E-45,0.0021,3800.0,4400.0,1700.0,7199999.999999999,380.0,6900.0,1700.0,2200.0,1100.0,0.13,7199999.999999999,8.9E-6,0.086,0.086,0.0,670.0,2.8,4.5E-8,1.1E-5,1.5E-14,5.5E7,1.0,1.8E9,
8.3E-45,0.0021,3800.0,4400.0,1700.0,7199999.999999999,380.0,6900.0,1700.0,2200.0,1100.0,0.13,7199999.999999999,9.7E-6,0.086,0.086,0.0,660.0,2.8,1.1E-10,1.1E-5,4.7E-15,5.3E7,1.0,1.8E9,
1.1E-43,0.05,16000.0,160000.0,63000.0,8600000.0,19000.0,6900.0,1700.0,2200.0,1100.0,0.13,8900000.0,16.0,0.27,0.27,0.0,700.0,8.7,280.0,1.1E-5,7.5E-11,5.4E7,1.0,1.8E9,
6.8E-44,0.031,3700.0,110000.0,25000.0,8600000.0,1200.0,6900.0,1700.0,2200.0,1100.0,0.13,8800000.0,6.4E-5,0.22,0.22,0.0,700.0,12.0,40.0,1.1E-5,3.2E-11,5.2E7,1.0,1.8E9,
7.0E-45,0.0032,3700.0,4100.0,2800.0,8199999.999999999,1200.0,6900.0,1700.0,2200.0,1100.0,0.13,8199999.999999999,1.5E-5,0.1,0.1,0.0,700.0,3.8,5.5,1.1E-5,2.2E-12,5.1E7,1.0,1.8E9,
1.4999999999999998E-43,0.039,8400.0,140000.0,45000.0,8700000.0,1200.0,6900.0,1700.0,2200.0,1100.0,0.13,8900000.0,5.9,0.25,0.25,0.0,720.0,6.7,110.0,1.1E-5,4.5E-11,5.0E7,1.0,1.8E9,
9.999999999999999E-44,0.027,890.0,120000.0,1900.0,8600000.0,1200.0,6900.0,1700.0,2200.0,1100.0,0.13,8700000.0,1.4E-5,0.23,0.23,0.0,720.0,3.6,16.0,1.1E-5,2.1E-11,4.9E7,1.0,1.8E9,
1.1E-44,0.0028,890.0,3500.0,1900.0,8500000.0,1200.0,6900.0,1700.0,2200.0,1100.0,0.13,8500000.0,1.7E-5,0.1,0.1,0.0,720.0,3.5,2.2,1.1E-5,1.5E-12,4.8E7,1.0,1.8E9,
9.3E-45,0.0061,1700.0,3200.0,6600.0,8600000.0,1200.0,6900.0,1700.0,2200.0,650.0,0.13,8700000.0,3.3,0.069,0.069,0.0,720.0,3.6,100.0,1.1E-5,8.3E-12,4.7E7,1.0,1.8E9,
9.3E-45,0.0061,1700.0,3200.0,6600.0,8500000.0,1200.0,6900.0,1700.0,2200.0,650.0,0.13,8600000.0,3.7E-5,0.068,0.068,0.0,720.0,6.8,1.9,1.1E-5,3.7E-12,4.6E7,1.0,1.8E9,
8.9E-45,0.0058,1700.0,3200.0,6600.0,7799999.999999999,1200.0,6900.0,1700.0,2200.0,650.0,0.13,7799999.999999999,3.7E-5,0.063,0.063,0.0,720.0,6.5,0.035,1.1E-5,1.6E-12,4.5E7,1.0,1.8E9,
8.7E-45,0.0057,1700.0,3200.0,6600.0,7399999.999999999,1200.0,6900.0,1700.0,2200.0,650.0,0.13,7399999.999999999,3.7E-5,0.06,0.06,0.0,720.0,6.3,0.0047,1.1E-5,1.0E-12,4.4E7,1.0,1.8E9,
8.6E-45,0.0056,1700.0,3200.0,6600.0,7199999.999999999,1200.0,6900.0,1700.0,2200.0,650.0,0.13,7199999.999999999,3.9E-5,0.059,0.059,0.0,720.0,6.2,3.2E-5,1.1E-5,3.8E-13,4.3E7,1.0,1.8E9,
8.6E-45,0.0056,1700.0,3200.0,6600.0,7199999.999999999,1200.0,6900.0,1700.0,2200.0,650.0,0.13,7199999.999999999,3.8E-5,0.059,0.059,0.0,720.0,6.2,8.2E-8,1.1E-5,1.1E-13,4.4E7,1.0,1.8E9,
8.6E-45,0.0056,1700.0,3200.0,6600.0,7199999.999999999,1200.0,6900.0,1700.0,2200.0,650.0,0.13,7199999.999999999,3.3E-5,0.059,0.059,0.0,710.0,6.2,2.1E-10,1.1E-5,3.5E-14,4.6E7,1.0,1.8E9,
8.6E-45,0.0056,1700.0,3200.0,6600.0,7199999.999999999,1200.0,6900.0,1700.0,2200.0,650.0,0.13,7199999.999999999,2.8E-5,0.059,0.059,0.0,700.0,6.2,5.2E-13,1.1E-5,1.1E-14,4.9E7,1.0,1.8E9,
8.6E-45,0.0056,1700.0,3200.0,6600.0,7199999.999999999,1200.0,6900.0,1700.0,2200.0,650.0,0.13,7199999.999999999,2.3E-5,0.059,0.059,0.0,700.0,6.2,1.4E-15,1.1E-5,3.3E-15,5.2E7,1.0,1.8E9,
8.6E-45,0.0056,1700.0,3200.0,6600.0,7199999.999999999,1200.0,6900.0,1700.0,2200.0,650.0,0.13,7199999.999999999,1.9E-5,0.059,0.059,0.0,700.0,6.2,4.6E-18,1.1E-5,1.1E-15,5.6E7,1.0,1.8E9,
8.6E-45,0.0056,1700.0,3200.0,6600.0,7199999.999999999,1200.0,6900.0,1700.0,2200.0,650.0,0.13,7199999.999999999,1.6E-5,0.059,0.059,0.0,700.0,6.2,1.6E-20,1.1E-5,4.0E-16,6.0E7,1.0,1.8E9,
8.6E-45,0.0056,1700.0,3200.0,6600.0,7199999.999999999,1200.0,6900.0,1700.0,2200.0,650.0,0.13,7199999.999999999,1.3E-5,0.059,0.059,0.0,700.0,6.2,4.3E-23,1.1E-5,1.8E-16,6.4E7,1.0,1.8E9,
8.6E-45,0.0056,1700.0,3200.0,6600.0,7199999.999999999,1200.0,6900.0,1700.0,2200.0,650.0,0.13,7199999.999999999,1.2E-5,0.059,0.059,0.0,700.0,6.2,0.0,1.1E-5,1.0E-16,6.6E7,1.0,1.8E9,
8.6E-45,0.0056,1700.0,3200.0,6600.0,7199999.999999999,1200.0,6900.0,1700.0,2200.0,650.0,0.13,7199999.999999999,1.4E-5,0.059,0.059,0.0,700.0,6.2,0.0,1.1E-5,8.7E-17,6.2E7,1.0,1.8E9,
8.6E-45,0.0056,1700.0,3200.0,6600.0,7199999.999999999,1200.0,6900.0,1700.0,2200.0,650.0,0.13,7199999.999999999,1.5E-5,0.059,0.059,0.0,690.0,6.2,0.0,1.1E-5,8.8E-17,6.1E7,1.0,1.8E9,
8.6E-45,0.0056,1700.0,3200.0,6600.0,7199999.999999999,1200.0,6900.0,1700.0,2200.0,650.0,0.13,7199999.999999999,1.4E-5,0.059,0.059,0.0,680.0,6.2,0.0,1.1E-5,8.7E-17,6.2E7,1.0,1.8E9,
8.6E-45,0.0056,1700.0,3200.0,6600.0,7199999.999999999,1200.0,6900.0,1700.0,2200.0,650.0,0.13,7199999.999999999,1.3E-5,0.059,0.059,0.0,670.0,6.2,0.0,1.1E-5,8.2E-17,6.5E7,1.0,1.8E9,
8.6E-45,0.0056,1700.0,3200.0,6600.0,7199999.999999999,1200.0,6900.0,1700.0,2200.0,650.0,0.13,7199999.999999999,1.1E-5,0.059,0.059,0.0,670.0,6.2,0.0,1.1E-5,7.4E-17,6.8E7,1.0,1.8E9,
8.6E-45,0.0056,1700.0,3200.0,6600.0,7199999.999999999,1200.0,6900.0,1700.0,2200.0,650.0,0.13,7199999.999999999,9.6E-6,0.059,0.059,0.0,670.0,6.2,0.0,1.1E-5,6.6E-17,7.1E7,1.0,1.8E9,
8.6E-45,0.0056,1700.0,3200.0,6600.0,7199999.999999999,1200.0,6900.0,1700.0,2200.0,650.0,0.13,7199999.999999999,8.3E-6,0.059,0.059,0.0,650.0,6.2,0.0,1.1E-5,5.7E-17,7.5E7,1.0,1.8E9,
8.6E-45,0.0056,1700.0,3200.0,6600.0,7199999.999999999,1200.0,6900.0,1700.0,2200.0,650.0,0.13,7199999.999999999,7.2E-6,0.059,0.059,0.0,640.0,6.2,0.0,1.1E-5,4.9E-17,7.9E7,1.0,1.8E9,
