RabA,RabB,RabC,RabD,RabE,RabF,RabG,RabH,RabI,xER,xPM,
4647000.0,2434000.0,1406000.0,7412000.0,4033000.0,1065000.0,372700.0,4892000.0,1386000.0,2400000.0,2400000.0,
4547000.0,2422000.0,1403000.0,7308000.0,3992000.0,1065000.0,372600.0,4892000.0,1386000.0,9898000.0,9935000.0,
4671000.0,2399000.0,1402000.0,7205000.0,3947000.0,1065000.0,372500.0,4892000.0,1416000.0,9868000.0,9803000.0,
4735000.0,2384000.0,1401000.0,7092000.0,3910000.0,1065000.0,372100.0,4892000.0,1462000.0,9871000.0,9761000.0,
4961000.0,2374000.0,1381000.0,7046000.0,3881000.0,1065000.0,372100.0,4892000.0,1563000.0,9770000.0,9574000.0,
4941000.0,2373000.0,1379000.0,6875000.0,3858000.0,1065000.0,372000.0,4892000.0,1592000.0,9741000.0,9596000.0,
4884000.0,2361000.0,1372000.0,6831000.0,3778000.0,1065000.0,371900.0,4892000.0,1592000.0,9741000.0,9684000.0,
4884000.0,2361000.0,1371000.0,6752000.0,3721000.0,1059000.0,370300.0,4892000.0,1592000.0,9789000.0,9749000.0,
4884000.0,2360000.0,1371000.0,6603000.0,3684000.0,1057000.0,370300.0,4892000.0,1592000.0,9838000.0,9788000.0,
4861000.0,2345000.0,1369000.0,6486000.0,3684000.0,1057000.0,370200.0,4892000.0,1592000.0,9838000.0,9788000.0,
4860000.0,2345000.0,1351000.0,6412000.0,3684000.0,1057000.0,370200.0,4892000.0,1592000.0,9888000.0,9806000.0,
4860000.0,2345000.0,1351000.0,6412000.0,3684000.0,1057000.0,370200.0,4892000.0,1592000.0,9888000.0,9806000.0,
4928000.0,2345000.0,1350000.0,6394000.0,3669000.0,1057000.0,370000.0,4892000.0,1737000.0,9742000.0,9748000.0,
4977000.0,2345000.0,1350000.0,6389000.0,3653000.0,1057000.0,370000.0,4892000.0,1790000.0,9738000.0,9710000.0,
4967000.0,2345000.0,1350000.0,6369000.0,3630000.0,1057000.0,370000.0,4892000.0,1790000.0,9738000.0,9732000.0,
5050000.0,2334000.0,1332000.0,6364000.0,3623000.0,1057000.0,370000.0,4892000.0,1852000.0,9725000.0,9675000.0,
5247000.0,2334000.0,1332000.0,6364000.0,3623000.0,1057000.0,370000.0,4892000.0,1977000.0,9599000.0,9478000.0,
5242000.0,2334000.0,1331000.0,6344000.0,3575000.0,1057000.0,370000.0,4892000.0,1977000.0,9599000.0,9526000.0,
5220000.0,2328000.0,1330000.0,6319000.0,3575000.0,1057000.0,370000.0,4892000.0,1977000.0,9599000.0,9526000.0,
5207000.0,2317000.0,1329000.0,6314000.0,3545000.0,1057000.0,370000.0,4892000.0,1977000.0,9647000.0,9556000.0,
5183000.0,2316000.0,1329000.0,6299000.0,3545000.0,1057000.0,370000.0,4892000.0,1977000.0,9647000.0,9556000.0,
5165000.0,2305000.0,1329000.0,6274000.0,3527000.0,1057000.0,370000.0,4892000.0,1976000.0,9647000.0,9573000.0,
5217000.0,2301000.0,1327000.0,6269000.0,3495000.0,1055000.0,370000.0,4892000.0,2052000.0,9572000.0,9540000.0,
5212000.0,2300000.0,1327000.0,6269000.0,3452000.0,1055000.0,370000.0,4892000.0,2052000.0,9572000.0,9583000.0,
5182000.0,2279000.0,1327000.0,6269000.0,3403000.0,1054000.0,370000.0,4892000.0,2052000.0,9620000.0,9641000.0,
5239000.0,2278000.0,1327000.0,6264000.0,3373000.0,1054000.0,370000.0,4892000.0,2105000.0,9567000.0,9599000.0,
5224000.0,2278000.0,1326000.0,6254000.0,3373000.0,1054000.0,370000.0,4892000.0,2105000.0,9711000.0,9599000.0,
5194000.0,2278000.0,1326000.0,6244000.0,3373000.0,1054000.0,370000.0,4892000.0,2105000.0,9759000.0,9599000.0,
5170000.0,2278000.0,1326000.0,6240000.0,3332000.0,1054000.0,369900.0,4892000.0,2105000.0,9759000.0,9641000.0,
5232000.0,2268000.0,1309000.0,6240000.0,3332000.0,1054000.0,369900.0,4892000.0,2129000.0,9784000.0,9585000.0,
5281000.0,2267000.0,1307000.0,6240000.0,3309000.0,1054000.0,369900.0,4892000.0,2158000.0,9756000.0,9546000.0,
5228000.0,2270000.0,1291000.0,6278000.0,3373000.0,982200.0,400100.0,4919000.0,2100000.0,9756000.0,9571000.0,
5121000.0,2284000.0,1293000.0,6329000.0,3379000.0,982200.0,418200.0,4978000.0,2016000.0,9853000.0,9571000.0,
4985000.0,2287000.0,1297000.0,6418000.0,3938000.0,386700.0,424200.0,5009000.0,1980000.0,9853000.0,9608000.0,
4993000.0,2284000.0,1301000.0,6463000.0,3914000.0,398800.0,428300.0,5004000.0,2047000.0,9775000.0,9568000.0,
4972000.0,2281000.0,1304000.0,6456000.0,3873000.0,398800.0,440300.0,5062000.0,2042000.0,9757000.0,9607000.0,
5177000.0,2285000.0,1307000.0,6448000.0,3846000.0,411600.0,445200.0,5087000.0,2018000.0,9738000.0,9391000.0,
4998000.0,2281000.0,1286000.0,6594000.0,3720000.0,433700.0,435200.0,5091000.0,2013000.0,9776000.0,9539000.0,
4976000.0,2288000.0,1291000.0,6579000.0,3654000.0,451800.0,475400.0,5109000.0,1983000.0,9827000.0,9605000.0,
4925000.0,2287000.0,1275000.0,6592000.0,3646000.0,450200.0,475300.0,5143000.0,1948000.0,9827000.0,9631000.0,
4896000.0,2285000.0,1260000.0,6594000.0,3597000.0,444100.0,475300.0,5168000.0,1924000.0,9925000.0,9705000.0,
5006000.0,2301000.0,1260000.0,6584000.0,3480000.0,456200.0,475300.0,5180000.0,1995000.0,9880000.0,9685000.0,
5089000.0,2298000.0,1265000.0,6574000.0,3413000.0,456200.0,481300.0,5235000.0,2022000.0,9890000.0,9653000.0,
5176000.0,2301000.0,1246000.0,6549000.0,3296000.0,462200.0,481300.0,5268000.0,2027000.0,9846000.0,9687000.0,
5150000.0,2315000.0,1226000.0,6520000.0,3195000.0,462200.0,481200.0,5274000.0,2021000.0,9895000.0,9811000.0,
5118000.0,2325000.0,1231000.0,6502000.0,3160000.0,462100.0,487100.0,5344000.0,1945000.0,9944000.0,9846000.0,
4954000.0,2332000.0,1233000.0,6617000.0,3125000.0,454500.0,510400.0,5331000.0,1934000.0,9944000.0,9888000.0,
4848000.0,2335000.0,1235000.0,6693000.0,3097000.0,580000.0,384800.0,5350000.0,1915000.0,9994000.0,9917000.0,
4813000.0,2336000.0,1237000.0,6690000.0,3056000.0,580000.0,395700.0,5354000.0,1900000.0,9994000.0,9958000.0,
4782000.0,2336000.0,1238000.0,6675000.0,3032000.0,580000.0,395600.0,5382000.0,1871000.0,1.004E7,9981000.0,
4756000.0,2332000.0,1242000.0,6650000.0,3014000.0,580000.0,395500.0,5401000.0,1853000.0,1.009E7,9999000.0,
4732000.0,2344000.0,1224000.0,6630000.0,2927000.0,580000.0,401500.0,5395000.0,1853000.0,1.009E7,1.011E7,
4705000.0,2344000.0,1226000.0,6625000.0,2876000.0,586000.0,401500.0,5409000.0,1833000.0,1.014E7,1.016E7,
4698000.0,2348000.0,1230000.0,6610000.0,2829000.0,586000.0,401500.0,5507000.0,1734000.0,1.025E7,1.02E7,
4668000.0,2349000.0,1233000.0,6610000.0,2777000.0,586000.0,401500.0,5519000.0,1722000.0,1.025E7,1.026E7,
4789000.0,2338000.0,1234000.0,6601000.0,2765000.0,586000.0,419500.0,5585000.0,1694000.0,1.029E7,1.012E7,
4893000.0,2350000.0,1237000.0,6601000.0,2702000.0,586000.0,419500.0,5602000.0,1728000.0,1.029E7,1.004E7,
5011000.0,2364000.0,1239000.0,6586000.0,2684000.0,592000.0,413500.0,5647000.0,1819000.0,1.016E7,9909000.0,
4976000.0,2365000.0,1241000.0,6588000.0,2684000.0,592000.0,413500.0,5647000.0,1819000.0,1.031E7,9909000.0,
5428000.0,2363000.0,1241000.0,6573000.0,2694000.0,581900.0,419500.0,5671000.0,1938000.0,1.016E7,9430000.0,
5401000.0,2365000.0,1245000.0,6568000.0,2670000.0,581900.0,437600.0,5709000.0,1998000.0,1.005E7,9454000.0,
5367000.0,2362000.0,1248000.0,6568000.0,2669000.0,588000.0,437600.0,5793000.0,1932000.0,1.007E7,9454000.0,
5326000.0,2368000.0,1250000.0,6574000.0,2612000.0,581900.0,436100.0,5793000.0,1932000.0,1.012E7,9520000.0,
5297000.0,2367000.0,1243000.0,6569000.0,2589000.0,581900.0,450200.0,5836000.0,1886000.0,1.011E7,9568000.0,
5256000.0,2380000.0,1249000.0,6579000.0,2576000.0,590000.0,448200.0,5850000.0,1866000.0,1.016E7,9581000.0,
5167000.0,2378000.0,1252000.0,6651000.0,2520000.0,585100.0,448200.0,5887000.0,1830000.0,1.021E7,9642000.0,
5140000.0,2377000.0,1236000.0,6662000.0,2527000.0,585500.0,447800.0,5894000.0,1816000.0,1.021E7,9664000.0,
5115000.0,2379000.0,1239000.0,6647000.0,2505000.0,596400.0,442900.0,5888000.0,1816000.0,1.026E7,9685000.0,
5044000.0,2372000.0,1241000.0,6668000.0,2492000.0,596400.0,453800.0,5906000.0,1787000.0,1.026E7,9698000.0,
4991000.0,2371000.0,1243000.0,6667000.0,2770000.0,307600.0,447300.0,5906000.0,1787000.0,1.026E7,9737000.0,
4973000.0,2369000.0,1247000.0,6665000.0,2724000.0,301500.0,447300.0,5917000.0,1776000.0,1.026E7,9789000.0,
4918000.0,2383000.0,1250000.0,6648000.0,2703000.0,301400.0,447300.0,5940000.0,1753000.0,1.026E7,9810000.0,
5083000.0,2378000.0,1256000.0,6617000.0,2668000.0,312300.0,445300.0,5969000.0,1774000.0,1.02E7,9659000.0,
5062000.0,2385000.0,1260000.0,6607000.0,2661000.0,312300.0,439200.0,5975000.0,1768000.0,1.026E7,9673000.0,
5183000.0,2397000.0,1264000.0,6597000.0,2646000.0,312300.0,439200.0,6064000.0,1704000.0,1.033E7,9545000.0,
5163000.0,2400000.0,1265000.0,6582000.0,2624000.0,312200.0,439200.0,6101000.0,1667000.0,1.033E7,9566000.0,
5128000.0,2413000.0,1268000.0,6582000.0,2613000.0,306200.0,445300.0,6095000.0,1667000.0,1.033E7,9584000.0,
5050000.0,2419000.0,1268000.0,6589000.0,2593000.0,311000.0,440500.0,6106000.0,1787000.0,1.02E7,9639000.0,
5101000.0,2430000.0,1271000.0,6584000.0,2599000.0,311000.0,434400.0,6120000.0,1813000.0,1.016E7,9568000.0,
5076000.0,2427000.0,1261000.0,6574000.0,2573000.0,305000.0,446500.0,6187000.0,1727000.0,1.016E7,9619000.0,
5199000.0,2425000.0,1262000.0,6531000.0,2573000.0,311000.0,458500.0,6169000.0,1769000.0,1.012E7,9480000.0,
5161000.0,2424000.0,1256000.0,6521000.0,2556000.0,311000.0,485400.0,6181000.0,1730000.0,1.022E7,9507000.0,
5149000.0,2420000.0,1257000.0,6501000.0,2556000.0,311000.0,497500.0,6235000.0,1752000.0,1.013E7,9507000.0,
5059000.0,2416000.0,1260000.0,6542000.0,2556000.0,311000.0,509500.0,6257000.0,1834000.0,1.002E7,9507000.0,
5002000.0,2420000.0,1267000.0,6578000.0,2553000.0,301000.0,557800.0,6234000.0,1809000.0,1.007E7,9520000.0,
4948000.0,2425000.0,1266000.0,6598000.0,2546000.0,541500.0,335400.0,6222000.0,1797000.0,1.007E7,9532000.0,
4923000.0,2429000.0,1267000.0,6593000.0,2546000.0,541500.0,347500.0,6262000.0,1745000.0,1.007E7,9532000.0,
5029000.0,2423000.0,1272000.0,6578000.0,2451000.0,535400.0,370100.0,6269000.0,1754000.0,1.003E7,9509000.0,
5013000.0,2423000.0,1278000.0,6573000.0,2451000.0,541500.0,376200.0,6301000.0,1822000.0,9916000.0,9509000.0,
4953000.0,2424000.0,1281000.0,6614000.0,2451000.0,541500.0,376200.0,6364000.0,1759000.0,9916000.0,9509000.0,
4922000.0,2428000.0,1283000.0,6603000.0,2430000.0,541500.0,382200.0,6370000.0,1747000.0,9966000.0,9530000.0,
4883000.0,2450000.0,1285000.0,6599000.0,2430000.0,541500.0,826100.0,5926000.0,1747000.0,9966000.0,9530000.0,
4840000.0,2449000.0,1290000.0,6597000.0,2395000.0,543600.0,845000.0,5993000.0,1838000.0,9782000.0,9569000.0,
4798000.0,2467000.0,1293000.0,6593000.0,2402000.0,536600.0,845000.0,5993000.0,1838000.0,9831000.0,9569000.0,
4754000.0,2478000.0,1297000.0,6583000.0,2402000.0,543700.0,844000.0,6007000.0,1842000.0,9808000.0,9569000.0,
4700000.0,2478000.0,1299000.0,6590000.0,2402000.0,549700.0,852100.0,6039000.0,1795000.0,9857000.0,9569000.0,
4667000.0,2484000.0,1301000.0,6578000.0,2402000.0,561700.0,846000.0,6044000.0,1798000.0,9843000.0,9569000.0,
4716000.0,2492000.0,1303000.0,6529000.0,2320000.0,567700.0,852000.0,6071000.0,1786000.0,9816000.0,9577000.0,
4701000.0,2497000.0,1302000.0,6499000.0,2284000.0,567700.0,858100.0,6082000.0,1769000.0,9816000.0,9613000.0,
4663000.0,2511000.0,1307000.0,6489000.0,2236000.0,567700.0,876200.0,6096000.0,1736000.0,9915000.0,9662000.0,
4618000.0,2506000.0,1311000.0,6480000.0,2194000.0,567700.0,876200.0,6096000.0,1736000.0,1.001E7,9703000.0,
4573000.0,2528000.0,1312000.0,6487000.0,2526000.0,222900.0,882200.0,6124000.0,1703000.0,1.006E7,9715000.0,
4796000.0,2528000.0,1314000.0,6489000.0,2505000.0,228900.0,876200.0,6124000.0,1872000.0,9895000.0,9484000.0,
4769000.0,2537000.0,1317000.0,6478000.0,2417000.0,228900.0,882200.0,6118000.0,1872000.0,9895000.0,9572000.0,
4745000.0,2523000.0,1308000.0,6491000.0,2329000.0,233700.0,877400.0,6118000.0,1872000.0,9895000.0,9675000.0,
4736000.0,2523000.0,1311000.0,6481000.0,2329000.0,238600.0,872500.0,6152000.0,1838000.0,9944000.0,9675000.0,
4904000.0,2532000.0,1314000.0,6484000.0,2329000.0,249400.0,867700.0,6146000.0,1892000.0,9890000.0,9463000.0,
4682000.0,2541000.0,1315000.0,6646000.0,2329000.0,249400.0,867700.0,6164000.0,1875000.0,9890000.0,9463000.0,
4661000.0,2546000.0,1316000.0,6626000.0,2328000.0,249400.0,867700.0,6239000.0,1799000.0,9939000.0,9463000.0,
4654000.0,2550000.0,1305000.0,6611000.0,2307000.0,249400.0,867700.0,6248000.0,1892000.0,9887000.0,9498000.0,
4606000.0,2554000.0,1293000.0,6614000.0,2262000.0,255500.0,861700.0,6248000.0,2082000.0,9745000.0,9556000.0,
4592000.0,2560000.0,1296000.0,6614000.0,2240000.0,255500.0,869400.0,6247000.0,2076000.0,9745000.0,9578000.0,
4569000.0,2554000.0,1305000.0,6624000.0,2217000.0,255500.0,869400.0,6299000.0,2024000.0,9745000.0,9600000.0,
4720000.0,2557000.0,1306000.0,6612000.0,2202000.0,249400.0,869400.0,6299000.0,2155000.0,9661000.0,9449000.0,
4693000.0,2557000.0,1311000.0,6603000.0,2160000.0,249400.0,883500.0,6303000.0,2267000.0,9532000.0,9491000.0,
4660000.0,2557000.0,1314000.0,6607000.0,2116000.0,249400.0,895500.0,6361000.0,2197000.0,9532000.0,9535000.0,
4629000.0,2563000.0,1317000.0,6602000.0,2116000.0,337800.0,807100.0,6361000.0,2197000.0,9627000.0,9547000.0,
4605000.0,2560000.0,1319000.0,6577000.0,2102000.0,336100.0,801100.0,6385000.0,2173000.0,9627000.0,9569000.0,
4573000.0,2563000.0,1322000.0,6574000.0,2113000.0,324400.0,807100.0,6473000.0,2098000.0,9608000.0,9569000.0,
4557000.0,2559000.0,1326000.0,6574000.0,2113000.0,340100.0,797500.0,6479000.0,2086000.0,9608000.0,9569000.0,
4531000.0,2571000.0,1329000.0,6580000.0,2113000.0,346200.0,803500.0,6467000.0,2149000.0,9545000.0,9569000.0,
4489000.0,2569000.0,1331000.0,6550000.0,2093000.0,357400.0,801200.0,6465000.0,2139000.0,9545000.0,9620000.0,
4571000.0,2589000.0,1334000.0,6535000.0,2081000.0,363400.0,795200.0,6545000.0,2059000.0,9545000.0,9517000.0,
4536000.0,2596000.0,1337000.0,6551000.0,2081000.0,363400.0,795200.0,6545000.0,2059000.0,9593000.0,9517000.0,
4398000.0,2610000.0,1339000.0,6662000.0,2081000.0,363400.0,795200.0,6545000.0,2059000.0,9641000.0,9517000.0,
4387000.0,2614000.0,1340000.0,6662000.0,2081000.0,375500.0,789200.0,6611000.0,2176000.0,9451000.0,9517000.0,
4354000.0,2616000.0,1345000.0,6678000.0,2095000.0,361400.0,789200.0,6611000.0,2176000.0,9451000.0,9517000.0,
4333000.0,2609000.0,1346000.0,6686000.0,2095000.0,361400.0,797200.0,6629000.0,2150000.0,9451000.0,9517000.0,
4312000.0,2609000.0,1314000.0,6682000.0,2095000.0,361400.0,797200.0,6656000.0,2122000.0,9499000.0,9558000.0,
4289000.0,2614000.0,1317000.0,6673000.0,2074000.0,361400.0,817300.0,6657000.0,2101000.0,9499000.0,9579000.0,
4267000.0,2610000.0,1318000.0,6673000.0,2074000.0,361400.0,817300.0,6657000.0,2101000.0,9499000.0,9579000.0,
4231000.0,2609000.0,1321000.0,6677000.0,2073000.0,361400.0,829400.0,6645000.0,2101000.0,9546000.0,9579000.0,
4187000.0,2612000.0,1322000.0,6683000.0,2073000.0,361400.0,829400.0,6661000.0,2085000.0,9546000.0,9579000.0,
4090000.0,2609000.0,1306000.0,6772000.0,2079000.0,355400.0,835400.0,6666000.0,2074000.0,9594000.0,9600000.0,
4069000.0,2610000.0,1312000.0,6747000.0,2079000.0,355400.0,841500.0,6670000.0,2064000.0,9594000.0,9600000.0,
4019000.0,2616000.0,1294000.0,6763000.0,2079000.0,355300.0,853500.0,6747000.0,1975000.0,9594000.0,9620000.0,
4005000.0,2614000.0,1300000.0,6753000.0,2090000.0,349300.0,866800.0,6764000.0,1940000.0,9642000.0,9620000.0,
3967000.0,2634000.0,1302000.0,6748000.0,2090000.0,349300.0,884900.0,6760000.0,1926000.0,9642000.0,9620000.0,
3947000.0,2625000.0,1282000.0,6748000.0,2060000.0,349300.0,890900.0,6805000.0,1874000.0,9690000.0,9675000.0,
3917000.0,2617000.0,1284000.0,6743000.0,2060000.0,349300.0,928700.0,6779000.0,1863000.0,9739000.0,9675000.0,
3901000.0,2616000.0,1293000.0,6743000.0,2060000.0,349300.0,968600.0,6819000.0,1783000.0,9836000.0,9675000.0,
4052000.0,2619000.0,1296000.0,6743000.0,2060000.0,349300.0,997500.0,6819000.0,1905000.0,9734000.0,9507000.0,
4038000.0,2618000.0,1300000.0,6743000.0,2066000.0,343300.0,1022000.0,6806000.0,1894000.0,9734000.0,9507000.0,
4031000.0,2611000.0,1290000.0,6733000.0,2027000.0,349300.0,1016000.0,6834000.0,1926000.0,9722000.0,9561000.0,
3999000.0,2607000.0,1294000.0,6750000.0,2234000.0,141600.0,1022000.0,6924000.0,1877000.0,9724000.0,9561000.0,
3984000.0,2607000.0,1299000.0,6761000.0,2245000.0,136800.0,1022000.0,6960000.0,1908000.0,9650000.0,9561000.0,
3954000.0,2619000.0,1305000.0,6767000.0,2245000.0,136800.0,1022000.0,6960000.0,1908000.0,9650000.0,9561000.0,
3936000.0,2621000.0,1309000.0,6764000.0,2245000.0,153700.0,1005000.0,7003000.0,1866000.0,9650000.0,9561000.0,
3907000.0,2614000.0,1315000.0,6773000.0,2223000.0,159800.0,999100.0,7052000.0,1817000.0,9650000.0,9583000.0,
3877000.0,2615000.0,1319000.0,6789000.0,2176000.0,159800.0,1010000.0,7089000.0,1851000.0,9615000.0,9630000.0,
3838000.0,2618000.0,1321000.0,6822000.0,2131000.0,166300.0,1003000.0,7246000.0,1694000.0,9615000.0,9675000.0,
3885000.0,2620000.0,1324000.0,6812000.0,2106000.0,172700.0,996700.0,7246000.0,1819000.0,9490000.0,9623000.0,
3869000.0,2615000.0,1288000.0,6807000.0,2106000.0,172700.0,1030000.0,7227000.0,1805000.0,9490000.0,9665000.0,
3839000.0,2616000.0,1291000.0,6824000.0,2106000.0,172700.0,1030000.0,7241000.0,1791000.0,9490000.0,9665000.0,
3797000.0,2616000.0,1292000.0,6854000.0,2106000.0,172700.0,1030000.0,7255000.0,1777000.0,9490000.0,9665000.0,
3778000.0,2621000.0,1285000.0,6842000.0,2106000.0,172700.0,1030000.0,7281000.0,1751000.0,9490000.0,9687000.0,
3914000.0,2616000.0,1292000.0,6837000.0,2112000.0,739100.0,457800.0,7281000.0,1751000.0,9538000.0,9545000.0,
3893000.0,2615000.0,1297000.0,6829000.0,2112000.0,739100.0,469000.0,7299000.0,1721000.0,9538000.0,9545000.0,
3876000.0,2617000.0,1301000.0,6820000.0,2112000.0,751100.0,456900.0,7343000.0,1678000.0,9538000.0,9545000.0,
3857000.0,2619000.0,1303000.0,6811000.0,2016000.0,761700.0,456100.0,7344000.0,1665000.0,9633000.0,9642000.0,
3997000.0,2616000.0,1305000.0,6798000.0,1995000.0,767700.0,450100.0,7496000.0,1590000.0,9557000.0,9501000.0,
3955000.0,2615000.0,1306000.0,6826000.0,1963000.0,767700.0,468200.0,7500000.0,1709000.0,9463000.0,9534000.0,
3928000.0,2620000.0,1309000.0,6840000.0,1963000.0,767700.0,468200.0,7526000.0,1683000.0,9463000.0,9534000.0,
3919000.0,2619000.0,1313000.0,6830000.0,1963000.0,773700.0,468200.0,7520000.0,1683000.0,9463000.0,9534000.0,
3874000.0,2620000.0,1318000.0,6863000.0,1925000.0,773700.0,491500.0,7523000.0,1656000.0,9463000.0,9572000.0,
3861000.0,2619000.0,1322000.0,6844000.0,1925000.0,773700.0,509600.0,7532000.0,1630000.0,9463000.0,9572000.0,
3825000.0,2615000.0,1327000.0,6833000.0,1925000.0,789800.0,523100.0,7502000.0,1630000.0,9463000.0,9572000.0,
3817000.0,2616000.0,1330000.0,6833000.0,1876000.0,789800.0,537200.0,7519000.0,1599000.0,9463000.0,9620000.0,
3872000.0,2626000.0,1334000.0,6823000.0,1860000.0,789800.0,532800.0,7532000.0,1582000.0,9463000.0,9560000.0,
3836000.0,2624000.0,1338000.0,6812000.0,1843000.0,782700.0,538900.0,7575000.0,1534000.0,9511000.0,9584000.0,
3812000.0,2622000.0,1344000.0,6787000.0,1843000.0,794700.0,534800.0,7577000.0,1523000.0,9511000.0,9584000.0,
3784000.0,2624000.0,1345000.0,6806000.0,1818000.0,794700.0,534800.0,7591000.0,1509000.0,9511000.0,9608000.0,
3759000.0,2628000.0,1351000.0,6806000.0,1829000.0,799100.0,527700.0,7593000.0,1499000.0,9511000.0,9608000.0,
3742000.0,2625000.0,1352000.0,6806000.0,1829000.0,799100.0,542700.0,7616000.0,1461000.0,9558000.0,9608000.0,
3701000.0,2629000.0,1359000.0,6824000.0,1833000.0,793000.0,542600.0,7675000.0,1402000.0,9558000.0,9608000.0,
3620000.0,2627000.0,1361000.0,6899000.0,1802000.0,787000.0,542600.0,7716000.0,1361000.0,9558000.0,9645000.0,
3564000.0,2631000.0,1363000.0,6944000.0,1779000.0,787000.0,551600.0,7759000.0,1309000.0,9558000.0,9668000.0,
3553000.0,2637000.0,1363000.0,6929000.0,1779000.0,787000.0,551600.0,7828000.0,1240000.0,9606000.0,9668000.0,
3500000.0,2615000.0,1368000.0,6951000.0,1778000.0,786900.0,3934000.0,4466000.0,1218000.0,9606000.0,9668000.0,
3470000.0,2613000.0,1370000.0,6951000.0,1778000.0,792900.0,3939000.0,4480000.0,1192000.0,9751000.0,9668000.0,
3447000.0,2623000.0,1373000.0,6932000.0,1767000.0,791500.0,3927000.0,4495000.0,1177000.0,9800000.0,9693000.0,
3411000.0,2625000.0,1355000.0,6924000.0,1754000.0,797400.0,3936000.0,4517000.0,1140000.0,9800000.0,9726000.0,
3393000.0,2637000.0,1360000.0,6894000.0,1760000.0,810400.0,3923000.0,4523000.0,1128000.0,9800000.0,9726000.0,
3382000.0,2633000.0,1364000.0,6885000.0,1765000.0,814600.0,3927000.0,4526000.0,1111000.0,9800000.0,9726000.0,
3538000.0,2626000.0,1369000.0,6867000.0,1770000.0,808500.0,3933000.0,4520000.0,1145000.0,9815000.0,9561000.0,
3516000.0,2623000.0,1351000.0,6881000.0,1741000.0,802500.0,3933000.0,4520000.0,1145000.0,9913000.0,9616000.0,
3615000.0,2617000.0,1356000.0,6862000.0,1730000.0,822200.0,3923000.0,4520000.0,1160000.0,9935000.0,9519000.0,
3601000.0,2607000.0,1356000.0,6846000.0,1669000.0,828200.0,3946000.0,4513000.0,1206000.0,9867000.0,9580000.0,
3594000.0,2602000.0,1358000.0,6837000.0,1631000.0,829400.0,3952000.0,4501000.0,1300000.0,9822000.0,9623000.0,
3685000.0,2609000.0,1361000.0,6812000.0,1611000.0,886600.0,3901000.0,4526000.0,1338000.0,9754000.0,9541000.0,
3671000.0,2603000.0,1370000.0,6818000.0,1576000.0,880600.0,5320000.0,3149000.0,1295000.0,9851000.0,9583000.0,
3634000.0,2609000.0,1372000.0,6830000.0,1527000.0,880300.0,5330000.0,3165000.0,1264000.0,9901000.0,9638000.0,
3621000.0,2620000.0,1374000.0,6821000.0,1533000.0,886300.0,5651000.0,2843000.0,1253000.0,9901000.0,9638000.0,
3722000.0,2627000.0,1367000.0,6821000.0,1491000.0,894700.0,5651000.0,2881000.0,1283000.0,9825000.0,9579000.0,
3690000.0,2628000.0,1375000.0,6806000.0,1497000.0,894700.0,5651000.0,2875000.0,1435000.0,9673000.0,9592000.0,
3688000.0,2620000.0,1380000.0,6787000.0,1497000.0,3664000.0,2893000.0,2878000.0,1419000.0,9673000.0,9592000.0,
3654000.0,2625000.0,1380000.0,6780000.0,1502000.0,3665000.0,4501000.0,1302000.0,1381000.0,9673000.0,9592000.0,
3644000.0,2620000.0,1383000.0,6756000.0,1508000.0,3659000.0,4507000.0,1312000.0,1365000.0,9721000.0,9592000.0,
3630000.0,2625000.0,1388000.0,6752000.0,1508000.0,3671000.0,4515000.0,1292000.0,1365000.0,9721000.0,9592000.0,
3627000.0,2618000.0,1392000.0,6742000.0,1508000.0,3687000.0,4505000.0,1311000.0,1400000.0,9660000.0,9592000.0,
3622000.0,2614000.0,1397000.0,6722000.0,1508000.0,3693000.0,4499000.0,1332000.0,1407000.0,9681000.0,9592000.0,
3618000.0,2609000.0,1405000.0,6707000.0,1524000.0,3690000.0,4626000.0,1238000.0,1522000.0,9522000.0,9592000.0,
3600000.0,2623000.0,1409000.0,6687000.0,1685000.0,3540000.0,4620000.0,1260000.0,1493000.0,9570000.0,9592000.0,
3581000.0,2620000.0,1393000.0,6700000.0,1693000.0,3532000.0,4632000.0,1263000.0,1478000.0,9618000.0,9611000.0,
3559000.0,2625000.0,1398000.0,6696000.0,1672000.0,3532000.0,4632000.0,1276000.0,1465000.0,9666000.0,9633000.0,
3806000.0,2623000.0,1402000.0,6702000.0,1663000.0,3533000.0,4625000.0,1303000.0,1507000.0,9639000.0,9395000.0,
3800000.0,2615000.0,1394000.0,6697000.0,1663000.0,6854000.0,1316000.0,1297000.0,1501000.0,9639000.0,9406000.0,
3770000.0,2611000.0,1399000.0,6697000.0,1669000.0,6847000.0,1325000.0,1298000.0,1491000.0,9736000.0,9406000.0,
3753000.0,2604000.0,1398000.0,6697000.0,1647000.0,6854000.0,1319000.0,1327000.0,1462000.0,9785000.0,9429000.0,
3747000.0,2598000.0,1405000.0,6687000.0,1647000.0,6854000.0,1328000.0,1376000.0,1405000.0,9785000.0,9429000.0,
3712000.0,2594000.0,1410000.0,6667000.0,1624000.0,6854000.0,1334000.0,1370000.0,1405000.0,9785000.0,9470000.0,
3696000.0,2597000.0,1413000.0,6667000.0,1624000.0,6868000.0,1320000.0,1381000.0,1394000.0,9785000.0,9470000.0,
3682000.0,2597000.0,1418000.0,6667000.0,1624000.0,6868000.0,1342000.0,1367000.0,1385000.0,9785000.0,9470000.0,
3677000.0,2595000.0,1420000.0,6662000.0,1606000.0,6880000.0,1338000.0,1359000.0,1385000.0,9834000.0,9487000.0,
3641000.0,2595000.0,1425000.0,6663000.0,1613000.0,6885000.0,1335000.0,1387000.0,1388000.0,9793000.0,9487000.0,
3620000.0,2591000.0,1428000.0,6649000.0,1625000.0,6873000.0,1341000.0,1403000.0,1365000.0,9842000.0,9487000.0,
3603000.0,2591000.0,1430000.0,6644000.0,1596000.0,6872000.0,1323000.0,1397000.0,1365000.0,9891000.0,9542000.0,
3587000.0,2589000.0,1421000.0,6639000.0,1596000.0,6878000.0,1317000.0,1419000.0,1343000.0,9891000.0,9554000.0,
3564000.0,2579000.0,1422000.0,6629000.0,1568000.0,6860000.0,1323000.0,1413000.0,1388000.0,9846000.0,9600000.0,
3549000.0,2587000.0,1425000.0,6629000.0,1592000.0,6842000.0,1317000.0,1436000.0,1366000.0,9846000.0,9600000.0,
3542000.0,2585000.0,1428000.0,6614000.0,1555000.0,6842000.0,1325000.0,1484000.0,1309000.0,9846000.0,9637000.0,
3523000.0,2596000.0,1431000.0,6609000.0,1525000.0,6846000.0,1315000.0,1529000.0,1264000.0,9846000.0,9674000.0,
3767000.0,2597000.0,1433000.0,6604000.0,1555000.0,6816000.0,1341000.0,1515000.0,1356000.0,9744000.0,9422000.0,
3755000.0,2602000.0,1435000.0,6594000.0,1566000.0,6792000.0,1341000.0,1534000.0,1336000.0,9744000.0,9434000.0,
3741000.0,2609000.0,1424000.0,6584000.0,6626000.0,1732000.0,1347000.0,1559000.0,1305000.0,9792000.0,9448000.0,
3705000.0,2623000.0,1425000.0,6555000.0,6638000.0,1726000.0,1341000.0,1576000.0,1355000.0,9725000.0,9448000.0,
3696000.0,2624000.0,1427000.0,6555000.0,6620000.0,1726000.0,1341000.0,1576000.0,1355000.0,9774000.0,9466000.0,
3656000.0,2626000.0,1431000.0,6566000.0,6601000.0,2386000.0,680900.0,1604000.0,1327000.0,9774000.0,9484000.0,
3642000.0,2623000.0,1434000.0,6564000.0,6612000.0,2375000.0,680900.0,1604000.0,1327000.0,9774000.0,9484000.0,
3612000.0,2604000.0,1437000.0,6544000.0,6601000.0,2390000.0,681400.0,1608000.0,1308000.0,9774000.0,9496000.0,
3583000.0,2586000.0,1447000.0,6546000.0,6588000.0,2403000.0,695100.0,1581000.0,1308000.0,9872000.0,9508000.0,
3575000.0,2577000.0,1430000.0,6536000.0,6596000.0,2395000.0,703900.0,1584000.0,1400000.0,9818000.0,9527000.0,
3556000.0,2573000.0,1433000.0,6521000.0,6607000.0,2390000.0,697400.0,1624000.0,1432000.0,9794000.0,9527000.0,
3444000.0,2575000.0,1433000.0,6607000.0,6594000.0,2389000.0,697100.0,1652000.0,1403000.0,9794000.0,9540000.0,
3427000.0,2572000.0,1439000.0,6593000.0,6639000.0,2345000.0,703100.0,1657000.0,1489000.0,9746000.0,9540000.0,
3388000.0,2581000.0,1443000.0,6599000.0,6705000.0,2278000.0,712000.0,1661000.0,1475000.0,9795000.0,9540000.0,
3371000.0,2587000.0,1445000.0,6587000.0,6675000.0,2284000.0,706000.0,1737000.0,1435000.0,9760000.0,9570000.0,
3333000.0,2591000.0,1451000.0,6570000.0,6691000.0,2274000.0,710800.0,1771000.0,1456000.0,9791000.0,9570000.0,
3355000.0,2586000.0,1455000.0,6628000.0,6655000.0,2287000.0,698800.0,1782000.0,1457000.0,9828000.0,9477000.0,
3343000.0,2586000.0,1456000.0,6618000.0,6598000.0,2469000.0,531500.0,1790000.0,1533000.0,9729000.0,9534000.0,
3325000.0,2589000.0,1457000.0,6597000.0,6424000.0,2469000.0,1082000.0,1250000.0,1523000.0,9729000.0,9708000.0,
3319000.0,2589000.0,1458000.0,6582000.0,6331000.0,2484000.0,1068000.0,1285000.0,1487000.0,9778000.0,9801000.0,
3293000.0,2588000.0,1459000.0,6564000.0,6325000.0,2454000.0,1037000.0,1273000.0,1487000.0,9778000.0,9880000.0,
3144000.0,2589000.0,1443000.0,6638000.0,6227000.0,2454000.0,1037000.0,1273000.0,1487000.0,9826000.0,9997000.0,
2996000.0,2576000.0,1448000.0,6769000.0,6078000.0,2504000.0,981200.0,1273000.0,1487000.0,9876000.0,1.015E7,
2980000.0,2568000.0,1446000.0,6731000.0,5976000.0,2508000.0,982400.0,1267000.0,1487000.0,9876000.0,1.025E7,
3127000.0,2568000.0,1449000.0,6712000.0,5881000.0,2469000.0,981200.0,1277000.0,1681000.0,9667000.0,1.023E7,
3098000.0,2560000.0,1451000.0,6691000.0,5766000.0,2469000.0,975100.0,1277000.0,1681000.0,9715000.0,1.035E7,
3089000.0,2555000.0,1455000.0,6686000.0,5542000.0,2469000.0,994100.0,1258000.0,1681000.0,9715000.0,1.057E7,
3258000.0,2562000.0,1457000.0,6691000.0,5392000.0,2469000.0,994100.0,1252000.0,1740000.0,9656000.0,1.051E7,
3331000.0,2561000.0,1437000.0,6686000.0,5286000.0,2469000.0,994100.0,1268000.0,1778000.0,9650000.0,1.055E7,
3564000.0,2562000.0,1440000.0,6686000.0,5154000.0,2469000.0,994100.0,1268000.0,1876000.0,9649000.0,1.044E7,
3548000.0,2560000.0,1444000.0,6677000.0,6260000.0,1295000.0,1019000.0,1248000.0,1870000.0,9746000.0,1.051E7,
3585000.0,2554000.0,1443000.0,6649000.0,6141000.0,1300000.0,1015000.0,1248000.0,1926000.0,9689000.0,1.054E7,
3558000.0,2557000.0,1423000.0,6639000.0,6124000.0,1308000.0,1004000.0,1248000.0,1926000.0,9738000.0,1.058E7,
3787000.0,2557000.0,1428000.0,6629000.0,5974000.0,1316000.0,993000.0,1258000.0,1957000.0,9697000.0,1.05E7,
3764000.0,2552000.0,1412000.0,6629000.0,5904000.0,1311000.0,993000.0,1273000.0,1943000.0,9697000.0,1.059E7,
3837000.0,2545000.0,1414000.0,6630000.0,5676000.0,1311000.0,993000.0,1316000.0,2010000.0,9586000.0,1.07E7,
3805000.0,2523000.0,1422000.0,6615000.0,5593000.0,1318000.0,985800.0,1358000.0,1969000.0,9586000.0,1.078E7,
3779000.0,2512000.0,1432000.0,6623000.0,5410000.0,1312000.0,985800.0,1375000.0,1952000.0,9586000.0,1.097E7,
3953000.0,2516000.0,1433000.0,6593000.0,5363000.0,1318000.0,993300.0,1367000.0,1946000.0,9586000.0,1.082E7,
3939000.0,2518000.0,1434000.0,6573000.0,5268000.0,1306000.0,1019000.0,1394000.0,1893000.0,9586000.0,1.093E7,
3933000.0,2517000.0,1436000.0,6543000.0,5222000.0,1301000.0,1019000.0,1400000.0,1887000.0,9586000.0,1.098E7,
3920000.0,2524000.0,1438000.0,6538000.0,5200000.0,1301000.0,1028000.0,1402000.0,1877000.0,9586000.0,1.1E7,
3892000.0,2534000.0,1440000.0,6538000.0,5153000.0,1301000.0,1034000.0,1466000.0,1807000.0,9586000.0,1.105E7,
4277000.0,2538000.0,1443000.0,6533000.0,5366000.0,1045000.0,1043000.0,1487000.0,1777000.0,9586000.0,1.068E7,
4319000.0,2540000.0,1442000.0,6540000.0,5302000.0,1045000.0,1043000.0,1497000.0,1767000.0,9586000.0,1.068E7,
4300000.0,2544000.0,1445000.0,6526000.0,5285000.0,1045000.0,1043000.0,1509000.0,1755000.0,9586000.0,1.07E7,
4425000.0,2552000.0,1447000.0,6533000.0,5210000.0,1045000.0,1043000.0,1521000.0,1743000.0,9634000.0,1.061E7,
4420000.0,2555000.0,1430000.0,6533000.0,5192000.0,1045000.0,1043000.0,1538000.0,1726000.0,9634000.0,1.065E7,
4463000.0,2554000.0,1432000.0,6544000.0,5067000.0,1045000.0,1043000.0,1568000.0,1821000.0,9509000.0,1.069E7,
4448000.0,2552000.0,1434000.0,6544000.0,5050000.0,1165000.0,927600.0,1618000.0,1766000.0,9509000.0,1.071E7,
4433000.0,2540000.0,1436000.0,6540000.0,4980000.0,1165000.0,927600.0,1631000.0,1753000.0,9509000.0,1.078E7,
4415000.0,2524000.0,1435000.0,6539000.0,5149000.0,944500.0,939600.0,1635000.0,1737000.0,9604000.0,1.083E7,
4390000.0,2520000.0,1439000.0,6529000.0,5119000.0,944500.0,948300.0,1729000.0,1634000.0,9604000.0,1.086E7,
4625000.0,2520000.0,1442000.0,6534000.0,5089000.0,938000.0,948300.0,1751000.0,1673000.0,9543000.0,1.063E7,
4591000.0,2523000.0,1444000.0,6534000.0,5097000.0,935400.0,942300.0,1764000.0,1660000.0,9639000.0,1.063E7,
4725000.0,2519000.0,1445000.0,6529000.0,5095000.0,924300.0,942300.0,1774000.0,1740000.0,9597000.0,1.047E7,
4866000.0,2509000.0,1449000.0,6532000.0,5066000.0,924300.0,942300.0,1814000.0,1694000.0,9597000.0,1.033E7,
4985000.0,2506000.0,1455000.0,6505000.0,5034000.0,924300.0,948300.0,1895000.0,1607000.0,9597000.0,1.021E7,
4975000.0,2499000.0,1456000.0,6485000.0,5012000.0,931400.0,941200.0,1919000.0,1583000.0,9597000.0,1.023E7,
4927000.0,2498000.0,1445000.0,6508000.0,5010000.0,919600.0,941200.0,2049000.0,1452000.0,9645000.0,1.026E7,
4911000.0,2502000.0,1447000.0,6508000.0,4964000.0,923000.0,937300.0,2087000.0,1410000.0,9693000.0,1.031E7,
5026000.0,2497000.0,1450000.0,6500000.0,4963000.0,923000.0,954000.0,2081000.0,1441000.0,9650000.0,1.018E7,
5237000.0,2493000.0,1456000.0,6483000.0,4897000.0,923000.0,972100.0,2126000.0,1419000.0,9658000.0,1.0E7,
5186000.0,2487000.0,1457000.0,6475000.0,4909000.0,910500.0,972100.0,2126000.0,1419000.0,9658000.0,1.002E7,
5141000.0,2489000.0,1458000.0,6474000.0,4889000.0,917600.0,965000.0,2207000.0,1337000.0,9658000.0,1.004E7,
5284000.0,2484000.0,1462000.0,6461000.0,4859000.0,917600.0,965000.0,2259000.0,1316000.0,9627000.0,9895000.0,
5302000.0,2477000.0,1471000.0,6458000.0,4812000.0,923600.0,965000.0,2294000.0,1355000.0,9547000.0,9875000.0,
5378000.0,2478000.0,1472000.0,6454000.0,4774000.0,916000.0,980300.0,2328000.0,1302000.0,9595000.0,9806000.0,
5347000.0,2478000.0,1478000.0,6404000.0,4711000.0,916000.0,980300.0,2352000.0,1278000.0,9595000.0,9869000.0,
5317000.0,2464000.0,1484000.0,6392000.0,4667000.0,931300.0,965000.0,2362000.0,1268000.0,9643000.0,9913000.0,
5661000.0,2463000.0,1484000.0,6390000.0,4597000.0,1519000.0,377700.0,2362000.0,1451000.0,9651000.0,9622000.0,
5760000.0,2467000.0,1481000.0,6390000.0,4458000.0,1523000.0,372800.0,2368000.0,1496000.0,9600000.0,9631000.0,
5742000.0,2467000.0,1483000.0,6380000.0,4384000.0,1523000.0,372800.0,2386000.0,1477000.0,9600000.0,9705000.0,
5852000.0,2474000.0,1488000.0,6365000.0,4356000.0,1523000.0,378800.0,2380000.0,1498000.0,9579000.0,9607000.0,
5975000.0,2472000.0,1492000.0,6374000.0,4346000.0,1509000.0,378800.0,2391000.0,1487000.0,9579000.0,9467000.0,
5919000.0,2477000.0,1495000.0,6369000.0,4330000.0,1509000.0,378800.0,2391000.0,1500000.0,9614000.0,9501000.0,
5889000.0,2475000.0,1501000.0,6365000.0,4262000.0,1508000.0,378800.0,2411000.0,1481000.0,9662000.0,9570000.0,
5860000.0,2479000.0,1501000.0,6360000.0,4209000.0,1520000.0,366800.0,2431000.0,1487000.0,9684000.0,9623000.0,
5876000.0,2454000.0,1506000.0,6336000.0,4147000.0,1520000.0,366800.0,2431000.0,1544000.0,9627000.0,9643000.0,
5907000.0,2449000.0,1510000.0,6328000.0,4147000.0,1520000.0,394400.0,2421000.0,1629000.0,9572000.0,9566000.0,
5837000.0,2448000.0,1514000.0,6342000.0,4124000.0,1525000.0,395600.0,2415000.0,1629000.0,9572000.0,9601000.0,
5802000.0,2446000.0,1505000.0,6340000.0,4078000.0,1531000.0,388700.0,2435000.0,1608000.0,9668000.0,9661000.0,
5777000.0,2451000.0,1509000.0,6330000.0,4056000.0,1531000.0,388700.0,2465000.0,1579000.0,9668000.0,9683000.0,
5895000.0,2441000.0,1512000.0,6450000.0,4011000.0,1531000.0,394700.0,2482000.0,1607000.0,9665000.0,9421000.0,
5836000.0,2427000.0,1511000.0,6449000.0,3921000.0,1536000.0,395900.0,2504000.0,1580000.0,9665000.0,9511000.0,
5682000.0,2427000.0,1494000.0,6591000.0,3909000.0,1536000.0,395900.0,2504000.0,1704000.0,9540000.0,9543000.0,
5656000.0,2417000.0,1486000.0,6595000.0,3883000.0,1536000.0,395900.0,2504000.0,1704000.0,9587000.0,9583000.0,
5648000.0,2408000.0,1493000.0,6595000.0,3883000.0,1536000.0,438800.0,2461000.0,1704000.0,9635000.0,9583000.0,
5606000.0,2408000.0,1493000.0,6612000.0,3871000.0,1536000.0,438800.0,2472000.0,1798000.0,9530000.0,9595000.0,
5583000.0,2408000.0,1497000.0,6597000.0,3826000.0,1536000.0,448400.0,2526000.0,1735000.0,9530000.0,9640000.0,
5624000.0,2407000.0,1497000.0,6573000.0,3809000.0,1536000.0,454400.0,2530000.0,1724000.0,9578000.0,9591000.0,
5607000.0,2407000.0,1475000.0,6543000.0,3785000.0,1538000.0,441000.0,2530000.0,1724000.0,9722000.0,9650000.0,
5586000.0,2405000.0,1465000.0,6523000.0,3782000.0,1520000.0,447000.0,2524000.0,1724000.0,9722000.0,9683000.0,
5770000.0,2425000.0,1468000.0,6530000.0,3740000.0,1514000.0,447000.0,2539000.0,1737000.0,9743000.0,9498000.0,
5749000.0,2430000.0,1449000.0,6494000.0,3722000.0,1519000.0,442200.0,2533000.0,1737000.0,9743000.0,9542000.0,
5701000.0,2430000.0,1437000.0,6506000.0,3722000.0,1519000.0,448200.0,2544000.0,1809000.0,9751000.0,9555000.0,
5669000.0,2434000.0,1437000.0,6475000.0,3720000.0,1525000.0,442200.0,2544000.0,1809000.0,9751000.0,9555000.0,
5625000.0,2438000.0,1440000.0,6473000.0,3702000.0,1532000.0,435700.0,2552000.0,1892000.0,9757000.0,9572000.0,
5584000.0,2442000.0,1445000.0,6495000.0,3677000.0,1532000.0,435700.0,2564000.0,1950000.0,9688000.0,9598000.0,
5538000.0,2449000.0,1438000.0,6498000.0,3664000.0,1532000.0,435700.0,2605000.0,1909000.0,9688000.0,9623000.0,
5492000.0,2446000.0,1440000.0,6493000.0,3673000.0,1532000.0,432100.0,2599000.0,1909000.0,9688000.0,9645000.0,
5452000.0,2444000.0,1442000.0,6508000.0,3641000.0,1532000.0,444200.0,2598000.0,1897000.0,9736000.0,9677000.0,
5448000.0,2452000.0,1445000.0,6502000.0,3647000.0,1526000.0,450200.0,2638000.0,1976000.0,9758000.0,9622000.0,
5430000.0,2445000.0,1449000.0,6557000.0,3622000.0,1526000.0,465500.0,2666000.0,1970000.0,9720000.0,9571000.0,
5401000.0,2462000.0,1420000.0,6557000.0,3597000.0,1521000.0,471500.0,2682000.0,1948000.0,9720000.0,9632000.0,
5374000.0,2460000.0,1426000.0,6576000.0,3597000.0,1514000.0,472700.0,2694000.0,1930000.0,9720000.0,9645000.0,
5425000.0,2454000.0,1401000.0,6570000.0,3579000.0,1520000.0,471600.0,2761000.0,1872000.0,9704000.0,9608000.0,
5399000.0,2445000.0,1403000.0,6564000.0,3585000.0,1514000.0,483500.0,2760000.0,1860000.0,9704000.0,9608000.0,
5438000.0,2447000.0,1404000.0,6588000.0,3553000.0,1503000.0,488300.0,2774000.0,1963000.0,9677000.0,9561000.0,
5412000.0,2448000.0,1406000.0,6597000.0,3509000.0,1503000.0,488300.0,2785000.0,1951000.0,9677000.0,9605000.0,
5355000.0,2451000.0,1407000.0,6634000.0,3488000.0,1503000.0,500400.0,2787000.0,1938000.0,9677000.0,9627000.0,
5396000.0,2462000.0,1408000.0,6641000.0,3455000.0,1516000.0,504900.0,2903000.0,1968000.0,9560000.0,9576000.0,
5364000.0,2469000.0,1411000.0,6638000.0,3455000.0,1537000.0,500600.0,2887000.0,1968000.0,9560000.0,9576000.0,
5286000.0,2477000.0,1415000.0,6646000.0,3437000.0,1532000.0,523300.0,2917000.0,1907000.0,9608000.0,9635000.0,
5261000.0,2460000.0,1415000.0,6638000.0,3443000.0,1532000.0,523300.0,2911000.0,1907000.0,9656000.0,9635000.0,
5228000.0,2464000.0,1418000.0,6638000.0,3436000.0,1532000.0,517300.0,2921000.0,1897000.0,9704000.0,9647000.0,
5329000.0,2475000.0,1419000.0,6633000.0,3423000.0,1532000.0,523300.0,2989000.0,1890000.0,9685000.0,9532000.0,
5307000.0,2478000.0,1423000.0,6629000.0,4130000.0,812700.0,531700.0,3090000.0,1781000.0,9685000.0,9545000.0,
5280000.0,2478000.0,1429000.0,6620000.0,4083000.0,812600.0,531700.0,3120000.0,1751000.0,9734000.0,9592000.0,
5387000.0,2474000.0,1431000.0,6606000.0,4041000.0,815100.0,531200.0,3175000.0,1707000.0,9764000.0,9507000.0,
5343000.0,2482000.0,1431000.0,6610000.0,4047000.0,809100.0,531200.0,3269000.0,1614000.0,9764000.0,9507000.0,
5308000.0,2492000.0,1422000.0,6617000.0,4044000.0,798200.0,541300.0,3305000.0,1567000.0,9764000.0,9535000.0,
5239000.0,2493000.0,1425000.0,6652000.0,4036000.0,792200.0,549900.0,3307000.0,1557000.0,9764000.0,9547000.0,
5215000.0,2501000.0,1430000.0,6650000.0,4028000.0,793800.0,570100.0,3290000.0,1635000.0,9675000.0,9560000.0,
5051000.0,2503000.0,1425000.0,6790000.0,3953000.0,793800.0,570100.0,3290000.0,1635000.0,9675000.0,9642000.0,
5022000.0,2502000.0,1415000.0,6786000.0,3953000.0,793800.0,578100.0,3282000.0,1635000.0,9723000.0,9656000.0,
5057000.0,2502000.0,1418000.0,6796000.0,3953000.0,798600.0,573300.0,3288000.0,1705000.0,9647000.0,9593000.0,
5021000.0,2504000.0,1421000.0,6792000.0,3953000.0,798500.0,579300.0,3304000.0,1683000.0,9647000.0,9593000.0,
4979000.0,2514000.0,1421000.0,6768000.0,3953000.0,798500.0,588600.0,3310000.0,1769000.0,9546000.0,9593000.0,
4946000.0,2532000.0,1427000.0,6753000.0,3953000.0,798500.0,596600.0,3322000.0,1749000.0,9594000.0,9593000.0,
4933000.0,2539000.0,1428000.0,6724000.0,3928000.0,810900.0,584100.0,3339000.0,1731000.0,9594000.0,9618000.0,
4924000.0,2531000.0,1428000.0,6699000.0,3934000.0,810900.0,578100.0,3367000.0,1703000.0,9642000.0,9618000.0,
4894000.0,2536000.0,1415000.0,6681000.0,3899000.0,810900.0,608500.0,3353000.0,1687000.0,9642000.0,9669000.0,
4868000.0,2538000.0,1419000.0,6693000.0,3884000.0,816900.0,608500.0,3390000.0,1644000.0,9642000.0,9683000.0,
4838000.0,2539000.0,1407000.0,6687000.0,3884000.0,824600.0,613000.0,3378000.0,1644000.0,9642000.0,9699000.0,
4802000.0,2549000.0,1409000.0,6685000.0,3830000.0,829400.0,608100.0,3425000.0,1597000.0,9642000.0,9749000.0,
4791000.0,2553000.0,1411000.0,6682000.0,3822000.0,829400.0,608100.0,3447000.0,1569000.0,9690000.0,9761000.0,
4888000.0,2561000.0,1414000.0,6676000.0,3821000.0,829400.0,631200.0,3443000.0,1589000.0,9651000.0,9634000.0,
4883000.0,2552000.0,1419000.0,6667000.0,3827000.0,824200.0,637200.0,3443000.0,1583000.0,9699000.0,9634000.0,
4866000.0,2555000.0,1401000.0,6657000.0,3815000.0,818100.0,637200.0,3483000.0,1543000.0,9699000.0,9671000.0,
4835000.0,2559000.0,1394000.0,6657000.0,3820000.0,819000.0,639200.0,3489000.0,1529000.0,9699000.0,9684000.0,
4817000.0,2573000.0,1400000.0,6657000.0,4036000.0,603100.0,648500.0,3480000.0,1529000.0,9699000.0,9684000.0,
4992000.0,2575000.0,1403000.0,6670000.0,4036000.0,603100.0,664100.0,3560000.0,1531000.0,9601000.0,9480000.0,
4968000.0,2574000.0,1406000.0,6677000.0,4036000.0,609200.0,664100.0,3566000.0,1573000.0,9547000.0,9480000.0,
4951000.0,2578000.0,1409000.0,6681000.0,4024000.0,615200.0,689100.0,3570000.0,1539000.0,9547000.0,9493000.0,
4949000.0,2577000.0,1413000.0,6666000.0,4005000.0,617300.0,681000.0,3570000.0,1539000.0,9547000.0,9517000.0,
4932000.0,2572000.0,1419000.0,6648000.0,3988000.0,613400.0,678000.0,3603000.0,1505000.0,9594000.0,9542000.0,
4784000.0,2578000.0,1422000.0,6766000.0,3988000.0,613400.0,678000.0,3603000.0,1505000.0,9594000.0,9542000.0,
4768000.0,2585000.0,1426000.0,6756000.0,3975000.0,613400.0,688000.0,3626000.0,1609000.0,9553000.0,9554000.0,
4621000.0,2591000.0,1426000.0,6846000.0,3958000.0,613400.0,694100.0,3675000.0,1554000.0,9553000.0,9572000.0,
4600000.0,2593000.0,1431000.0,6840000.0,3962000.0,609500.0,709700.0,3684000.0,1529000.0,9553000.0,9572000.0,
4542000.0,2595000.0,1434000.0,6884000.0,3949000.0,609500.0,725400.0,3687000.0,1570000.0,9542000.0,9584000.0,
4529000.0,2605000.0,1438000.0,6869000.0,3956000.0,615400.0,729700.0,3693000.0,1547000.0,9542000.0,9584000.0,
4562000.0,2607000.0,1439000.0,6843000.0,3938000.0,615400.0,735800.0,3687000.0,1661000.0,9523000.0,9526000.0,
4518000.0,2607000.0,1439000.0,6847000.0,3938000.0,615400.0,735800.0,3705000.0,1643000.0,9571000.0,9526000.0,
4474000.0,2607000.0,1442000.0,6853000.0,4257000.0,561600.0,462900.0,3699000.0,1643000.0,9571000.0,9539000.0,
4428000.0,2613000.0,1442000.0,6837000.0,4244000.0,561600.0,478200.0,3802000.0,1524000.0,9571000.0,9552000.0,
4397000.0,2610000.0,1447000.0,6822000.0,4242000.0,550600.0,484200.0,3848000.0,1472000.0,9571000.0,9565000.0,
4371000.0,2608000.0,1445000.0,6801000.0,4242000.0,557400.0,3118000.0,1208000.0,1472000.0,9619000.0,9565000.0,
4326000.0,2617000.0,1446000.0,6791000.0,4242000.0,557400.0,3124000.0,1242000.0,1431000.0,9667000.0,9565000.0,
4303000.0,2623000.0,1447000.0,6781000.0,4225000.0,557400.0,3118000.0,1255000.0,1419000.0,9667000.0,9588000.0,
4490000.0,2612000.0,1452000.0,6773000.0,4204000.0,564200.0,3120000.0,1246000.0,1486000.0,9647000.0,9396000.0,
4440000.0,2622000.0,1454000.0,6771000.0,4204000.0,564200.0,3125000.0,1283000.0,1445000.0,9647000.0,9396000.0,
4425000.0,2629000.0,1457000.0,6741000.0,4204000.0,570200.0,3130000.0,1313000.0,1477000.0,9574000.0,9396000.0,
4361000.0,2637000.0,1460000.0,6774000.0,4209000.0,565400.0,3136000.0,1343000.0,1441000.0,9574000.0,9396000.0,
4312000.0,2639000.0,1440000.0,6777000.0,4191000.0,565400.0,3136000.0,1343000.0,1441000.0,9622000.0,9437000.0,
4290000.0,2641000.0,1441000.0,6777000.0,4172000.0,560600.0,3177000.0,1341000.0,1401000.0,9622000.0,9460000.0,
4252000.0,2646000.0,1442000.0,6758000.0,4172000.0,560500.0,3177000.0,1364000.0,1572000.0,9525000.0,9460000.0,
4216000.0,2654000.0,1445000.0,6763000.0,4182000.0,550500.0,3185000.0,1386000.0,1542000.0,9525000.0,9460000.0,
4055000.0,2640000.0,1447000.0,6862000.0,4188000.0,543300.0,3199000.0,1421000.0,1493000.0,9573000.0,9460000.0,
4045000.0,2633000.0,1454000.0,6852000.0,4188000.0,551000.0,3191000.0,1427000.0,1487000.0,9573000.0,9460000.0,
4025000.0,2636000.0,1459000.0,6824000.0,4188000.0,551000.0,3191000.0,1469000.0,1445000.0,9573000.0,9460000.0,
4004000.0,2637000.0,1462000.0,6801000.0,4188000.0,555800.0,3196000.0,1469000.0,1434000.0,9573000.0,9460000.0,
3995000.0,2637000.0,1466000.0,6791000.0,4194000.0,550600.0,3205000.0,1474000.0,1421000.0,9621000.0,9460000.0,
3955000.0,2631000.0,1470000.0,6793000.0,4181000.0,555900.0,3200000.0,1485000.0,1561000.0,9518000.0,9473000.0,
3932000.0,2629000.0,1474000.0,6777000.0,4181000.0,555900.0,3209000.0,1482000.0,1555000.0,9565000.0,9473000.0,
3924000.0,2625000.0,1479000.0,6755000.0,4168000.0,564000.0,3201000.0,1518000.0,1519000.0,9613000.0,9486000.0,
3913000.0,2625000.0,1484000.0,6731000.0,4168000.0,573900.0,3191000.0,1518000.0,1519000.0,9613000.0,9486000.0,
3884000.0,2633000.0,1488000.0,6703000.0,4146000.0,565700.0,3200000.0,1509000.0,1519000.0,9661000.0,9516000.0,
3867000.0,2628000.0,1490000.0,6704000.0,4146000.0,565700.0,3204000.0,1563000.0,1460000.0,9710000.0,9516000.0,
3837000.0,2628000.0,1495000.0,6723000.0,4146000.0,565700.0,3215000.0,1580000.0,1432000.0,9710000.0,9516000.0,
3793000.0,2629000.0,1498000.0,6723000.0,4146000.0,565700.0,3224000.0,1571000.0,1432000.0,9710000.0,9516000.0,
3773000.0,2618000.0,1503000.0,6729000.0,4110000.0,587600.0,3457000.0,1358000.0,1390000.0,9710000.0,9551000.0,
3757000.0,2625000.0,1506000.0,6720000.0,4093000.0,610600.0,3440000.0,1352000.0,1487000.0,9661000.0,9568000.0,
3743000.0,2636000.0,1507000.0,6687000.0,4072000.0,628700.0,3434000.0,1363000.0,1514000.0,9660000.0,9590000.0,
3723000.0,2633000.0,1508000.0,6679000.0,4072000.0,634700.0,3428000.0,1397000.0,1506000.0,9633000.0,9590000.0,
3714000.0,2627000.0,1517000.0,6670000.0,4046000.0,640700.0,3422000.0,1397000.0,1589000.0,9551000.0,9615000.0,
3696000.0,2628000.0,1519000.0,6674000.0,4008000.0,664800.0,3403000.0,1455000.0,1525000.0,9551000.0,9654000.0,
3804000.0,2628000.0,1525000.0,6674000.0,3960000.0,670900.0,3397000.0,1477000.0,1503000.0,9599000.0,9588000.0,
3775000.0,2630000.0,1528000.0,6689000.0,3922000.0,670900.0,3403000.0,1489000.0,1485000.0,9743000.0,9626000.0,
3756000.0,2635000.0,1505000.0,6657000.0,3896000.0,676900.0,3415000.0,1539000.0,1417000.0,9841000.0,9675000.0,
3994000.0,2628000.0,1504000.0,6664000.0,3896000.0,682900.0,3418000.0,1552000.0,1555000.0,9681000.0,9402000.0,
3966000.0,2627000.0,1510000.0,6682000.0,3896000.0,708700.0,3398000.0,1567000.0,1534000.0,9729000.0,9402000.0,
3926000.0,2636000.0,1511000.0,6703000.0,3870000.0,712600.0,3407000.0,1571000.0,1518000.0,9729000.0,9428000.0,
3905000.0,2636000.0,1513000.0,6716000.0,3870000.0,724600.0,3412000.0,1573000.0,1498000.0,9729000.0,9428000.0,
3838000.0,2648000.0,1519000.0,6751000.0,3876000.0,718600.0,3412000.0,1573000.0,1498000.0,9827000.0,9428000.0,
3830000.0,2641000.0,1524000.0,6746000.0,3876000.0,722400.0,3408000.0,1580000.0,1491000.0,9926000.0,9428000.0,
3809000.0,2649000.0,1526000.0,6746000.0,3876000.0,741900.0,3483000.0,1571000.0,1457000.0,9874000.0,9428000.0,
3803000.0,2648000.0,1529000.0,6741000.0,3841000.0,741900.0,3509000.0,1557000.0,1446000.0,9874000.0,9463000.0,
3660000.0,2650000.0,1531000.0,6875000.0,3828000.0,741900.0,3509000.0,1572000.0,1431000.0,9874000.0,9476000.0,
3654000.0,2650000.0,1532000.0,6875000.0,3828000.0,741900.0,3519000.0,1577000.0,1415000.0,9874000.0,9476000.0,
3640000.0,2648000.0,1533000.0,6870000.0,3827000.0,752800.0,3519000.0,1638000.0,1418000.0,9799000.0,9476000.0,
3627000.0,2644000.0,1513000.0,6870000.0,4214000.0,354100.0,3525000.0,1736000.0,1314000.0,9848000.0,9511000.0,
3614000.0,2654000.0,1516000.0,6870000.0,4191000.0,362400.0,3544000.0,1736000.0,1287000.0,9848000.0,9534000.0,
3589000.0,2657000.0,1503000.0,6872000.0,4154000.0,366300.0,3540000.0,1745000.0,1307000.0,9868000.0,9588000.0,
3552000.0,2658000.0,1489000.0,6879000.0,4147000.0,349400.0,3540000.0,1756000.0,1297000.0,9868000.0,9629000.0,
3744000.0,2651000.0,1492000.0,6854000.0,4218000.0,285000.0,3534000.0,1767000.0,1368000.0,9786000.0,9431000.0,
3643000.0,2641000.0,1494000.0,6949000.0,4200000.0,292300.0,3528000.0,1776000.0,1434000.0,9704000.0,9453000.0,
3633000.0,2639000.0,1485000.0,6949000.0,4127000.0,310400.0,3516000.0,1784000.0,1478000.0,9647000.0,9541000.0,
3625000.0,2638000.0,1417000.0,6919000.0,4139000.0,304300.0,3788000.0,1506000.0,1478000.0,9695000.0,9614000.0,
3618000.0,2631000.0,1421000.0,6884000.0,4139000.0,317800.0,3790000.0,1514000.0,1454000.0,9695000.0,9614000.0,
3585000.0,2628000.0,1401000.0,6835000.0,4099000.0,301700.0,3804000.0,1494000.0,1454000.0,9695000.0,9700000.0,
3741000.0,2623000.0,1403000.0,6825000.0,4081000.0,308700.0,3806000.0,1514000.0,1499000.0,9620000.0,9555000.0,
3712000.0,2620000.0,1405000.0,6811000.0,4059000.0,515100.0,3600000.0,1514000.0,1645000.0,9474000.0,9578000.0,
3705000.0,2617000.0,1410000.0,6781000.0,4020000.0,521200.0,4081000.0,1021000.0,1645000.0,9474000.0,9623000.0,
3691000.0,2619000.0,1412000.0,6780000.0,4020000.0,539300.0,4068000.0,1016000.0,1645000.0,9474000.0,9623000.0,
3680000.0,2618000.0,1399000.0,6780000.0,3998000.0,566800.0,4047000.0,1036000.0,1619000.0,9474000.0,9660000.0,
3736000.0,2617000.0,1403000.0,6780000.0,3966000.0,560100.0,4047000.0,1042000.0,1607000.0,9521000.0,9640000.0,
3721000.0,2627000.0,1408000.0,6780000.0,3931000.0,579300.0,4027000.0,1061000.0,1588000.0,9569000.0,9675000.0,
3708000.0,2624000.0,1413000.0,6765000.0,3948000.0,562400.0,4053000.0,1035000.0,1588000.0,9569000.0,9675000.0,
3699000.0,2621000.0,1419000.0,6751000.0,3936000.0,562400.0,4053000.0,1056000.0,1567000.0,9569000.0,9687000.0,
3782000.0,2616000.0,1424000.0,6762000.0,3924000.0,552300.0,4053000.0,1085000.0,1561000.0,9593000.0,9599000.0,
3779000.0,2612000.0,1414000.0,6757000.0,3853000.0,564900.0,4059000.0,1110000.0,1518000.0,9641000.0,9687000.0,
3765000.0,2611000.0,1395000.0,6754000.0,3819000.0,631800.0,3993000.0,1122000.0,1506000.0,9738000.0,9745000.0,
3737000.0,2616000.0,1397000.0,6774000.0,3751000.0,637800.0,3986000.0,1159000.0,1469000.0,9787000.0,9813000.0,
3731000.0,2615000.0,1379000.0,6774000.0,3723000.0,643100.0,3979000.0,1159000.0,1469000.0,9836000.0,9862000.0,
3819000.0,2631000.0,1380000.0,6794000.0,3707000.0,643100.0,4520000.0,651300.0,1492000.0,9828000.0,9744000.0,
3797000.0,2632000.0,1362000.0,6789000.0,3688000.0,661200.0,4502000.0,667400.0,1476000.0,9828000.0,9786000.0,
4064000.0,2630000.0,1342000.0,6808000.0,3697000.0,679200.0,4480000.0,719900.0,1578000.0,9718000.0,9514000.0,
4031000.0,2646000.0,1325000.0,6808000.0,3672000.0,697300.0,4462000.0,719900.0,1578000.0,9718000.0,9557000.0,
4001000.0,2648000.0,1331000.0,6815000.0,3654000.0,697300.0,4478000.0,709500.0,1566000.0,9766000.0,9581000.0,
3936000.0,2646000.0,1335000.0,6842000.0,3654000.0,721400.0,4454000.0,722600.0,1553000.0,9766000.0,9581000.0,
3892000.0,2641000.0,1341000.0,6853000.0,3654000.0,2191000.0,2984000.0,728600.0,1547000.0,9766000.0,9598000.0,
3857000.0,2645000.0,1345000.0,6866000.0,3640000.0,2197000.0,2978000.0,722600.0,1547000.0,9766000.0,9619000.0,
3948000.0,2645000.0,1319000.0,6863000.0,3640000.0,2204000.0,3133000.0,672700.0,1498000.0,9752000.0,9547000.0,
3942000.0,2644000.0,1325000.0,6853000.0,3594000.0,2210000.0,3155000.0,676000.0,1522000.0,9692000.0,9597000.0,
3922000.0,2642000.0,1327000.0,6853000.0,3593000.0,2216000.0,3149000.0,682000.0,1510000.0,9740000.0,9610000.0,
4113000.0,2651000.0,1328000.0,6843000.0,3580000.0,2234000.0,3133000.0,702700.0,1614000.0,9607000.0,9428000.0,
4111000.0,2646000.0,1334000.0,6829000.0,3974000.0,1856000.0,3116000.0,721800.0,1595000.0,9607000.0,9428000.0,
4102000.0,2645000.0,1339000.0,6814000.0,3954000.0,2139000.0,2823000.0,741400.0,1576000.0,9655000.0,9459000.0,
4088000.0,2651000.0,1342000.0,6814000.0,3954000.0,2168000.0,2805000.0,770200.0,1627000.0,9564000.0,9459000.0,
4031000.0,2647000.0,1347000.0,6816000.0,3874000.0,2166000.0,2802000.0,782300.0,1615000.0,9564000.0,9558000.0,
3998000.0,2653000.0,1356000.0,6800000.0,3851000.0,2161000.0,2808000.0,827500.0,1563000.0,9564000.0,9585000.0,
3984000.0,2655000.0,1345000.0,6790000.0,3782000.0,2167000.0,2808000.0,910100.0,1475000.0,9564000.0,9667000.0,
3937000.0,2656000.0,1354000.0,6773000.0,3757000.0,2151000.0,2808000.0,910100.0,1475000.0,9564000.0,9708000.0,
3914000.0,2660000.0,1359000.0,6736000.0,4806000.0,1116000.0,2794000.0,922000.0,1463000.0,9612000.0,9708000.0,
3853000.0,2656000.0,1365000.0,6750000.0,4769000.0,1116000.0,2817000.0,971300.0,1390000.0,9612000.0,9744000.0,
4137000.0,2656000.0,1368000.0,6734000.0,4752000.0,1111000.0,2817000.0,1055000.0,1432000.0,9486000.0,9470000.0,
4115000.0,2652000.0,1369000.0,6733000.0,4743000.0,1119000.0,2805000.0,1065000.0,1421000.0,9534000.0,9483000.0,
4085000.0,2649000.0,1371000.0,6732000.0,4736000.0,1125000.0,2799000.0,1095000.0,1392000.0,9534000.0,9498000.0,
4036000.0,2648000.0,1351000.0,6739000.0,4700000.0,1131000.0,2805000.0,1183000.0,1291000.0,9534000.0,9558000.0,
3953000.0,2645000.0,1356000.0,6776000.0,4671000.0,1131000.0,2823000.0,1183000.0,1273000.0,9582000.0,9586000.0,
3908000.0,2643000.0,1335000.0,6779000.0,4649000.0,1109000.0,2822000.0,1183000.0,1273000.0,9582000.0,9655000.0,
3888000.0,2638000.0,1336000.0,6777000.0,4624000.0,1109000.0,2850000.0,1154000.0,1273000.0,9629000.0,9680000.0,
3857000.0,2634000.0,1340000.0,6779000.0,4610000.0,1111000.0,2850000.0,1148000.0,1273000.0,9629000.0,9699000.0,
3861000.0,2630000.0,1348000.0,6791000.0,4556000.0,1129000.0,2848000.0,1142000.0,1298000.0,9594000.0,9717000.0,
3825000.0,2628000.0,1351000.0,6810000.0,4499000.0,1146000.0,2839000.0,1145000.0,1288000.0,9642000.0,9775000.0,
3782000.0,2607000.0,1355000.0,6825000.0,4477000.0,1156000.0,2828000.0,1195000.0,1238000.0,9642000.0,9796000.0,
3741000.0,2593000.0,1358000.0,6842000.0,4447000.0,1738000.0,2252000.0,1238000.0,1189000.0,9690000.0,9827000.0,
3788000.0,2595000.0,1359000.0,6852000.0,4425000.0,1738000.0,2252000.0,1252000.0,1248000.0,9617000.0,9778000.0,
3984000.0,2598000.0,1362000.0,6852000.0,4425000.0,1738000.0,2252000.0,1252000.0,1280000.0,9585000.0,9552000.0,
3930000.0,2615000.0,1364000.0,6847000.0,4413000.0,1743000.0,2244000.0,1246000.0,1325000.0,9636000.0,9573000.0,
3896000.0,2590000.0,1365000.0,6853000.0,4374000.0,1749000.0,2238000.0,1246000.0,1322000.0,9636000.0,9613000.0,
3944000.0,2584000.0,1366000.0,6864000.0,4352000.0,3053000.0,951200.0,1244000.0,1408000.0,9534000.0,9521000.0,
3909000.0,2591000.0,1369000.0,6849000.0,4352000.0,3059000.0,951200.0,1264000.0,1382000.0,9534000.0,9521000.0,
3870000.0,2595000.0,1370000.0,6853000.0,4339000.0,3059000.0,957300.0,1258000.0,1382000.0,9534000.0,9533000.0,
4029000.0,2591000.0,1372000.0,6844000.0,4267000.0,3053000.0,963100.0,1252000.0,1381000.0,9534000.0,9434000.0,
4022000.0,2591000.0,1374000.0,6844000.0,4255000.0,3060000.0,951100.0,1268000.0,1366000.0,9534000.0,9450000.0,
4000000.0,2589000.0,1377000.0,6829000.0,4198000.0,3062000.0,940200.0,1262000.0,1366000.0,9534000.0,9523000.0,
3962000.0,2582000.0,1379000.0,6832000.0,4179000.0,3059000.0,946100.0,1256000.0,1365000.0,9534000.0,9545000.0,
3904000.0,2587000.0,1380000.0,6854000.0,4166000.0,3060000.0,940000.0,1256000.0,1365000.0,9534000.0,9563000.0,
4055000.0,2583000.0,1371000.0,6850000.0,4518000.0,2557000.0,934000.0,1277000.0,1344000.0,9581000.0,9561000.0,
4035000.0,2588000.0,1375000.0,6835000.0,4503000.0,2567000.0,924000.0,1277000.0,1344000.0,9581000.0,9576000.0,
4023000.0,2584000.0,1377000.0,6825000.0,4430000.0,2567000.0,924000.0,1310000.0,1311000.0,9581000.0,9649000.0,
4047000.0,2583000.0,1380000.0,6826000.0,6328000.0,669300.0,980900.0,1254000.0,1311000.0,9581000.0,9597000.0,
4044000.0,2577000.0,1384000.0,6821000.0,6335000.0,645700.0,980900.0,1254000.0,1311000.0,9677000.0,9613000.0,
4019000.0,2582000.0,1389000.0,6806000.0,6328000.0,653000.0,966100.0,1272000.0,1291000.0,9677000.0,9630000.0,
4015000.0,2584000.0,1391000.0,6806000.0,6319000.0,651000.0,968100.0,1313000.0,1241000.0,9677000.0,9646000.0,
3982000.0,2582000.0,1396000.0,6806000.0,6319000.0,651000.0,986800.0,1295000.0,1241000.0,9823000.0,9646000.0,
3966000.0,2577000.0,1401000.0,6786000.0,6289000.0,646100.0,986800.0,1305000.0,1231000.0,9823000.0,9681000.0,
3938000.0,2572000.0,1404000.0,6776000.0,6232000.0,638200.0,1003000.0,1300000.0,1220000.0,9823000.0,9747000.0,
3929000.0,2569000.0,1407000.0,6756000.0,6193000.0,651700.0,997100.0,1371000.0,1141000.0,9823000.0,9785000.0,
3918000.0,2577000.0,1410000.0,6751000.0,6109000.0,657700.0,998800.0,1386000.0,1118000.0,9823000.0,9869000.0,
3883000.0,2573000.0,1416000.0,6749000.0,6088000.0,657700.0,998800.0,1386000.0,1117000.0,9823000.0,9890000.0,
3866000.0,2569000.0,1421000.0,6739000.0,6094000.0,651500.0,998800.0,1398000.0,1105000.0,9823000.0,9890000.0,
3851000.0,2576000.0,1424000.0,6739000.0,6100000.0,645900.0,1007000.0,1390000.0,1105000.0,9823000.0,9890000.0,
4019000.0,2579000.0,1427000.0,6747000.0,6081000.0,645900.0,1007000.0,1410000.0,1218000.0,9691000.0,9708000.0,
4153000.0,2595000.0,1408000.0,6737000.0,6058000.0,645900.0,1013000.0,1404000.0,1302000.0,9606000.0,9590000.0,
4287000.0,2590000.0,1410000.0,6731000.0,5999000.0,645100.0,1012000.0,1453000.0,1330000.0,9528000.0,9502000.0,
4238000.0,2591000.0,1413000.0,6721000.0,5995000.0,630100.0,1814000.0,682900.0,1297000.0,9528000.0,9521000.0,
4195000.0,2590000.0,1417000.0,6691000.0,5972000.0,642100.0,1802000.0,737700.0,1242000.0,9576000.0,9544000.0,
4360000.0,2588000.0,1420000.0,6711000.0,5897000.0,642100.0,1802000.0,747700.0,1232000.0,9624000.0,9423000.0,
4341000.0,2587000.0,1425000.0,6711000.0,5838000.0,646000.0,1804000.0,753500.0,1220000.0,9672000.0,9482000.0,
4290000.0,2596000.0,1427000.0,6711000.0,5813000.0,635900.0,1804000.0,753500.0,1220000.0,9672000.0,9548000.0,
4256000.0,2605000.0,1431000.0,6701000.0,5781000.0,642000.0,1798000.0,769500.0,1300000.0,9576000.0,9579000.0,
4223000.0,2609000.0,1435000.0,6691000.0,5737000.0,642000.0,1798000.0,780500.0,1289000.0,9576000.0,9623000.0,
4209000.0,2618000.0,1440000.0,6686000.0,5686000.0,634600.0,1807000.0,836800.0,1224000.0,9576000.0,9682000.0,
4189000.0,2600000.0,1443000.0,6686000.0,5633000.0,985400.0,1456000.0,836800.0,1224000.0,9576000.0,9735000.0,
4394000.0,2596000.0,1447000.0,6688000.0,5605000.0,991400.0,1462000.0,844200.0,1205000.0,9624000.0,9505000.0,
4374000.0,2591000.0,1439000.0,6683000.0,5525000.0,991400.0,1471000.0,836000.0,1309000.0,9519000.0,9599000.0,
4341000.0,2594000.0,1441000.0,6691000.0,5525000.0,991400.0,1651000.0,696600.0,1409000.0,9521000.0,9599000.0,
4313000.0,2592000.0,1445000.0,6666000.0,5491000.0,997400.0,1645000.0,696600.0,1409000.0,9569000.0,9632000.0,
4294000.0,2596000.0,1450000.0,6646000.0,5418000.0,997400.0,1645000.0,714400.0,1391000.0,9569000.0,9706000.0,
4257000.0,2605000.0,1453000.0,6626000.0,5331000.0,997400.0,1650000.0,709600.0,1391000.0,9569000.0,9793000.0,
4316000.0,2602000.0,1457000.0,6621000.0,5296000.0,997400.0,1662000.0,715600.0,1496000.0,9494000.0,9747000.0,
4587000.0,2609000.0,1461000.0,6625000.0,5234000.0,997400.0,1662000.0,726100.0,1486000.0,9541000.0,9483000.0,
4366000.0,2615000.0,1464000.0,6822000.0,5187000.0,997400.0,1668000.0,769800.0,1436000.0,9589000.0,9531000.0,
4342000.0,2620000.0,1466000.0,6828000.0,5168000.0,1013000.0,1672000.0,843200.0,1343000.0,9589000.0,9549000.0,
4304000.0,2628000.0,1469000.0,6815000.0,5135000.0,1013000.0,1681000.0,856500.0,1321000.0,9685000.0,9582000.0,
4256000.0,2636000.0,1473000.0,6825000.0,5070000.0,1013000.0,1681000.0,906200.0,1308000.0,9697000.0,9648000.0,
4238000.0,2637000.0,1487000.0,6815000.0,5070000.0,1019000.0,1937000.0,683800.0,1268000.0,9697000.0,9648000.0,
4391000.0,2632000.0,1489000.0,6776000.0,5076000.0,1018000.0,1938000.0,693900.0,1321000.0,9627000.0,9487000.0,
4356000.0,2627000.0,1492000.0,6767000.0,5050000.0,1024000.0,1932000.0,693800.0,1321000.0,9627000.0,9512000.0,
4325000.0,2624000.0,1471000.0,6782000.0,4989000.0,1036000.0,1920000.0,693800.0,1321000.0,9627000.0,9598000.0,
4301000.0,2631000.0,1460000.0,6782000.0,4940000.0,1058000.0,1907000.0,684700.0,1357000.0,9640000.0,9660000.0,
4422000.0,2630000.0,1457000.0,6797000.0,4895000.0,1064000.0,1915000.0,689600.0,1393000.0,9585000.0,9558000.0,
4389000.0,2626000.0,1461000.0,6808000.0,4871000.0,1064000.0,1923000.0,692800.0,1382000.0,9585000.0,9583000.0,
4361000.0,2620000.0,1462000.0,6803000.0,4823000.0,1146000.0,1842000.0,723200.0,1352000.0,9585000.0,9629000.0,
4521000.0,2632000.0,1464000.0,6803000.0,4810000.0,1166000.0,1809000.0,723200.0,1352000.0,9585000.0,9454000.0,
4502000.0,2642000.0,1458000.0,6789000.0,4794000.0,1165000.0,1805000.0,748400.0,1326000.0,9729000.0,9488000.0,
4487000.0,2643000.0,1460000.0,6780000.0,4729000.0,1177000.0,1793000.0,822100.0,1253000.0,9827000.0,9553000.0,
4435000.0,2652000.0,1466000.0,6782000.0,4705000.0,1183000.0,1780000.0,832100.0,1243000.0,9827000.0,9583000.0,
4416000.0,2651000.0,1452000.0,6749000.0,4680000.0,1394000.0,1553000.0,880300.0,1194000.0,9876000.0,9641000.0,
4386000.0,2662000.0,1456000.0,6720000.0,4679000.0,1394000.0,1562000.0,870700.0,1194000.0,9876000.0,9641000.0,
4586000.0,2667000.0,1458000.0,6710000.0,4618000.0,1400000.0,1562000.0,921500.0,1198000.0,9864000.0,9475000.0,
4547000.0,2681000.0,1459000.0,6690000.0,4493000.0,1400000.0,1567000.0,952500.0,1221000.0,9806000.0,9599000.0,
4524000.0,2676000.0,1465000.0,6661000.0,4493000.0,1400000.0,1567000.0,1007000.0,1167000.0,9806000.0,9599000.0,
4454000.0,2669000.0,1464000.0,6691000.0,4434000.0,2369000.0,604000.0,1001000.0,1167000.0,9855000.0,9676000.0,
4743000.0,2666000.0,1468000.0,6691000.0,4406000.0,2370000.0,612500.0,985800.0,1297000.0,9724000.0,9399000.0,
4692000.0,2674000.0,1471000.0,6706000.0,4383000.0,2376000.0,612500.0,1016000.0,1276000.0,9758000.0,9422000.0,
4669000.0,2682000.0,1474000.0,6689000.0,4319000.0,2376000.0,612500.0,1016000.0,1275000.0,9758000.0,9485000.0,
4630000.0,2677000.0,1480000.0,6698000.0,4290000.0,2370000.0,612500.0,1069000.0,1398000.0,9580000.0,9521000.0,
4615000.0,2670000.0,1485000.0,6689000.0,4290000.0,2374000.0,631800.0,1097000.0,1348000.0,9580000.0,9521000.0,
4591000.0,2676000.0,1489000.0,6684000.0,4268000.0,2374000.0,644600.0,1090000.0,1342000.0,9628000.0,9543000.0,
4539000.0,2682000.0,1495000.0,6678000.0,4244000.0,2374000.0,644600.0,1103000.0,1395000.0,9610000.0,9567000.0,
4497000.0,2679000.0,1500000.0,6678000.0,4219000.0,2386000.0,638100.0,1174000.0,1444000.0,9531000.0,9591000.0,
4536000.0,2668000.0,1505000.0,6678000.0,4145000.0,2391000.0,633200.0,1184000.0,1434000.0,9531000.0,9597000.0,
4510000.0,2675000.0,1507000.0,6665000.0,4027000.0,2386000.0,637100.0,1176000.0,1434000.0,9578000.0,9726000.0,
4579000.0,2677000.0,1511000.0,6640000.0,3998000.0,2386000.0,637100.0,1176000.0,1434000.0,9578000.0,9653000.0,
4833000.0,2685000.0,1515000.0,6631000.0,4002000.0,2382000.0,633200.0,1167000.0,1434000.0,9578000.0,9395000.0,
4802000.0,2688000.0,1518000.0,6616000.0,3921000.0,2389000.0,635800.0,1191000.0,1401000.0,9626000.0,9475000.0,
4753000.0,2690000.0,1523000.0,6642000.0,3888000.0,2383000.0,635800.0,1191000.0,1401000.0,9674000.0,9515000.0,
4711000.0,2697000.0,1492000.0,6654000.0,3857000.0,2378000.0,646600.0,1180000.0,1401000.0,9723000.0,9583000.0,
4694000.0,2699000.0,1497000.0,6650000.0,3822000.0,2378000.0,667900.0,1172000.0,1388000.0,9723000.0,9619000.0,
4589000.0,2695000.0,1501000.0,6716000.0,3804000.0,2378000.0,667900.0,1196000.0,1364000.0,9723000.0,9636000.0,
4605000.0,2699000.0,1482000.0,6715000.0,3798000.0,2372000.0,698200.0,1206000.0,1387000.0,9658000.0,9623000.0,
4586000.0,2699000.0,1486000.0,6715000.0,3804000.0,2377000.0,695400.0,1227000.0,1359000.0,9658000.0,9623000.0,
4555000.0,2706000.0,1489000.0,6711000.0,4102000.0,1991000.0,701400.0,1234000.0,1346000.0,9658000.0,9711000.0,
4821000.0,2708000.0,1493000.0,6713000.0,4083000.0,1984000.0,721500.0,1226000.0,1406000.0,9586000.0,9442000.0,
4780000.0,2706000.0,1497000.0,6712000.0,4072000.0,1978000.0,721500.0,1270000.0,1356000.0,9586000.0,9465000.0,
4737000.0,2709000.0,1500000.0,6734000.0,4065000.0,1972000.0,730600.0,1276000.0,1442000.0,9533000.0,9478000.0,
4699000.0,2721000.0,1502000.0,6748000.0,4027000.0,1962000.0,736700.0,1270000.0,1442000.0,9533000.0,9527000.0,
4669000.0,2719000.0,1509000.0,6748000.0,4009000.0,1951000.0,728900.0,1288000.0,1423000.0,9581000.0,9563000.0,
4621000.0,2713000.0,1487000.0,6743000.0,3981000.0,1962000.0,727000.0,1297000.0,1405000.0,9581000.0,9616000.0,
4592000.0,2719000.0,1492000.0,6752000.0,3940000.0,1969000.0,719700.0,1333000.0,1369000.0,9581000.0,9657000.0,
4539000.0,2730000.0,1493000.0,6752000.0,3909000.0,1969000.0,713700.0,1351000.0,1351000.0,9581000.0,9694000.0,
4514000.0,2708000.0,1498000.0,6743000.0,3863000.0,1969000.0,713700.0,1368000.0,1334000.0,9629000.0,9740000.0,
4524000.0,2695000.0,1485000.0,6771000.0,3776000.0,1957000.0,733000.0,1361000.0,1428000.0,9522000.0,9807000.0,
4458000.0,2713000.0,1491000.0,6778000.0,3777000.0,1941000.0,733000.0,1361000.0,1428000.0,9522000.0,9822000.0,
4415000.0,2716000.0,1481000.0,6775000.0,3717000.0,1941000.0,732900.0,1361000.0,1428000.0,9618000.0,9896000.0,
4401000.0,2714000.0,1483000.0,6770000.0,3703000.0,1941000.0,739000.0,1412000.0,1371000.0,9618000.0,9909000.0,
4391000.0,2701000.0,1478000.0,6755000.0,3644000.0,1947000.0,732900.0,1436000.0,1347000.0,9714000.0,9990000.0,
4488000.0,2698000.0,1484000.0,6765000.0,3540000.0,1947000.0,732900.0,1465000.0,1419000.0,9613000.0,9953000.0,
4539000.0,2693000.0,1487000.0,6754000.0,3484000.0,1947000.0,745800.0,1481000.0,1526000.0,9525000.0,9917000.0,
4735000.0,2702000.0,1490000.0,6749000.0,3391000.0,1941000.0,745800.0,1523000.0,1483000.0,9573000.0,9787000.0,
4705000.0,2700000.0,1492000.0,6734000.0,3391000.0,1948000.0,744100.0,1546000.0,1456000.0,9573000.0,9787000.0,
4818000.0,2696000.0,1491000.0,6732000.0,3317000.0,1948000.0,744100.0,1622000.0,1429000.0,9667000.0,9725000.0,
4791000.0,2692000.0,1497000.0,6717000.0,3321000.0,1944000.0,744100.0,1632000.0,1419000.0,9667000.0,9725000.0,
4766000.0,2693000.0,1499000.0,6698000.0,3299000.0,1946000.0,736400.0,1678000.0,1373000.0,9716000.0,9753000.0,
4738000.0,2705000.0,1501000.0,6693000.0,3258000.0,1946000.0,1521000.0,968100.0,1292000.0,9716000.0,9800000.0,
4720000.0,2703000.0,1498000.0,6683000.0,3219000.0,1953000.0,1520000.0,993800.0,1260000.0,9716000.0,9846000.0,
4750000.0,2704000.0,1483000.0,6674000.0,3188000.0,1953000.0,1540000.0,984600.0,1385000.0,9629000.0,9851000.0,
4901000.0,2703000.0,1483000.0,6669000.0,3068000.0,1941000.0,1540000.0,1003000.0,1459000.0,9537000.0,9811000.0,
5174000.0,2698000.0,1488000.0,6678000.0,3057000.0,1924000.0,1545000.0,990700.0,1459000.0,9584000.0,9540000.0,
5153000.0,2693000.0,1493000.0,6675000.0,2990000.0,1924000.0,1549000.0,1007000.0,1435000.0,9632000.0,9610000.0,
5336000.0,2697000.0,1495000.0,6674000.0,2994000.0,1913000.0,1563000.0,993300.0,1468000.0,9593000.0,9414000.0,
5297000.0,2694000.0,1500000.0,6666000.0,2911000.0,1913000.0,1556000.0,1041000.0,1421000.0,9593000.0,9504000.0,
5271000.0,2695000.0,1505000.0,6661000.0,2911000.0,1913000.0,1564000.0,1045000.0,1409000.0,9593000.0,9504000.0,
5240000.0,2695000.0,1501000.0,6651000.0,2889000.0,1920000.0,1557000.0,1062000.0,1392000.0,9641000.0,9536000.0,
5292000.0,2683000.0,1473000.0,6646000.0,4047000.0,713900.0,1544000.0,1071000.0,1434000.0,9590000.0,9556000.0,
5257000.0,2672000.0,1477000.0,6657000.0,4040000.0,707900.0,1544000.0,1071000.0,1575000.0,9497000.0,9568000.0,
5205000.0,2672000.0,1479000.0,6668000.0,4025000.0,707900.0,2059000.0,571900.0,1552000.0,9497000.0,9589000.0,
5184000.0,2671000.0,1460000.0,6642000.0,4016000.0,689800.0,2065000.0,584000.0,1534000.0,9497000.0,9637000.0,
5134000.0,2683000.0,1463000.0,6637000.0,3999000.0,1078000.0,1677000.0,610100.0,1508000.0,9593000.0,9654000.0,
5113000.0,2673000.0,1467000.0,6635000.0,3983000.0,1071000.0,1695000.0,609500.0,1491000.0,9593000.0,9675000.0,
5191000.0,2683000.0,1469000.0,6632000.0,3943000.0,1065000.0,1718000.0,607800.0,1581000.0,9529000.0,9584000.0,
5167000.0,2657000.0,1473000.0,6598000.0,3929000.0,1060000.0,1712000.0,631800.0,1557000.0,9577000.0,9609000.0,
5098000.0,2652000.0,1474000.0,6568000.0,3894000.0,1350000.0,1432000.0,621700.0,1557000.0,9625000.0,9666000.0,
5216000.0,2660000.0,1476000.0,6558000.0,3851000.0,1344000.0,1432000.0,647900.0,1589000.0,9614000.0,9562000.0,
5181000.0,2664000.0,1482000.0,6549000.0,3851000.0,1354000.0,1422000.0,659000.0,1578000.0,9614000.0,9562000.0,
5166000.0,2665000.0,1486000.0,6543000.0,3800000.0,1360000.0,1416000.0,659000.0,1578000.0,9662000.0,9612000.0,
5210000.0,2659000.0,1489000.0,6538000.0,3759000.0,1360000.0,1715000.0,377100.0,1640000.0,9631000.0,9573000.0,
5185000.0,2653000.0,1494000.0,6538000.0,3741000.0,1366000.0,1709000.0,398200.0,1660000.0,9590000.0,9591000.0,
5144000.0,2659000.0,1498000.0,6528000.0,3741000.0,1366000.0,1709000.0,463700.0,1595000.0,9638000.0,9591000.0,
5102000.0,2659000.0,1501000.0,6518000.0,3709000.0,1366000.0,1707000.0,483200.0,1571000.0,9686000.0,9630000.0,
5068000.0,2658000.0,1506000.0,6503000.0,3632000.0,1372000.0,1701000.0,503100.0,1551000.0,9734000.0,9707000.0,
5039000.0,2662000.0,1511000.0,6483000.0,3588000.0,1367000.0,1701000.0,515900.0,1538000.0,9783000.0,9756000.0,
5090000.0,2662000.0,1514000.0,6483000.0,3576000.0,1346000.0,1701000.0,625400.0,1446000.0,9765000.0,9714000.0,
5225000.0,2647000.0,1517000.0,6468000.0,3539000.0,1344000.0,1698000.0,625400.0,1474000.0,9738000.0,9604000.0,
5307000.0,2644000.0,1519000.0,6484000.0,3507000.0,1356000.0,1686000.0,635300.0,1496000.0,9706000.0,9484000.0,
5147000.0,2645000.0,1524000.0,6613000.0,3452000.0,1342000.0,1686000.0,744800.0,1386000.0,9803000.0,9553000.0,
5114000.0,2639000.0,1527000.0,6618000.0,3383000.0,1342000.0,1696000.0,745500.0,1471000.0,9755000.0,9622000.0,
5100000.0,2638000.0,1531000.0,6624000.0,3297000.0,1342000.0,1709000.0,807900.0,1397000.0,9853000.0,9708000.0,
5191000.0,2637000.0,1536000.0,6619000.0,3237000.0,1342000.0,1715000.0,857100.0,1381000.0,9813000.0,9662000.0,
5147000.0,2647000.0,1539000.0,6641000.0,3191000.0,1342000.0,1715000.0,871200.0,1367000.0,9813000.0,9709000.0,
5136000.0,2648000.0,1544000.0,6616000.0,3191000.0,1360000.0,1734000.0,840000.0,1360000.0,9862000.0,9709000.0,
5306000.0,2648000.0,1550000.0,6616000.0,3191000.0,1360000.0,1743000.0,915300.0,1360000.0,9778000.0,9522000.0,
5271000.0,2648000.0,1552000.0,6619000.0,3139000.0,1369000.0,1729000.0,940200.0,1400000.0,9762000.0,9580000.0,
5239000.0,2652000.0,1555000.0,6615000.0,3120000.0,1369000.0,1737000.0,954100.0,1378000.0,9762000.0,9599000.0,
5211000.0,2654000.0,1559000.0,6605000.0,3120000.0,1369000.0,1737000.0,966000.0,1366000.0,9762000.0,9599000.0,
5173000.0,2651000.0,1547000.0,6624000.0,3122000.0,2463000.0,622200.0,972100.0,1360000.0,9762000.0,9632000.0,
5137000.0,2656000.0,1549000.0,6627000.0,3091000.0,2455000.0,650700.0,943500.0,1360000.0,9762000.0,9671000.0,
5231000.0,2668000.0,1527000.0,6622000.0,3525000.0,2022000.0,656300.0,977400.0,1408000.0,9675000.0,9577000.0,
5201000.0,2669000.0,1531000.0,6592000.0,3504000.0,2022000.0,662400.0,987800.0,1453000.0,9660000.0,9598000.0,
5163000.0,2668000.0,1534000.0,6583000.0,3469000.0,2009000.0,671600.0,978600.0,1453000.0,9660000.0,9645000.0,
5151000.0,2672000.0,1537000.0,6578000.0,3427000.0,2003000.0,671600.0,990100.0,1442000.0,9709000.0,9693000.0,
5128000.0,2686000.0,1537000.0,6563000.0,3433000.0,1997000.0,671600.0,1007000.0,1425000.0,9709000.0,9693000.0,
5103000.0,2683000.0,1543000.0,6533000.0,3399000.0,2002000.0,666700.0,1036000.0,1396000.0,9757000.0,9726000.0,
5230000.0,2676000.0,1547000.0,6519000.0,3399000.0,2002000.0,676000.0,1042000.0,1443000.0,9695000.0,9552000.0,
5190000.0,2687000.0,1553000.0,6502000.0,3366000.0,2002000.0,676000.0,1076000.0,1435000.0,9717000.0,9584000.0,
5167000.0,2685000.0,1545000.0,6482000.0,3366000.0,2002000.0,682000.0,1070000.0,1583000.0,9569000.0,9598000.0,
5132000.0,2677000.0,1549000.0,6491000.0,3366000.0,2002000.0,690500.0,1080000.0,1717000.0,9465000.0,9598000.0,
5180000.0,2686000.0,1551000.0,6481000.0,3280000.0,2002000.0,690500.0,1116000.0,1681000.0,9465000.0,9620000.0,
5169000.0,2685000.0,1558000.0,6490000.0,3280000.0,2002000.0,690500.0,1153000.0,1644000.0,9465000.0,9585000.0,
5153000.0,2684000.0,1559000.0,6490000.0,3259000.0,2002000.0,690500.0,1165000.0,1632000.0,9465000.0,9606000.0,
5242000.0,2689000.0,1561000.0,6475000.0,3277000.0,1991000.0,690100.0,1196000.0,1595000.0,9512000.0,9486000.0,
5203000.0,2698000.0,1564000.0,6492000.0,3260000.0,1991000.0,684100.0,1196000.0,1595000.0,9512000.0,9509000.0,
5176000.0,2706000.0,1566000.0,6498000.0,3247000.0,1991000.0,684100.0,1196000.0,1595000.0,9559000.0,9522000.0,
5149000.0,2715000.0,1545000.0,6490000.0,3247000.0,1991000.0,692800.0,1187000.0,1595000.0,9655000.0,9544000.0,
5133000.0,2714000.0,1546000.0,6487000.0,3261000.0,1977000.0,702900.0,1208000.0,1670000.0,9597000.0,9544000.0,
5120000.0,2711000.0,1552000.0,6467000.0,3231000.0,1995000.0,687100.0,1199000.0,1670000.0,9597000.0,9580000.0,
5109000.0,2710000.0,1554000.0,6457000.0,3231000.0,2009000.0,677800.0,1249000.0,1617000.0,9597000.0,9580000.0,
5096000.0,2710000.0,1557000.0,6457000.0,3243000.0,1997000.0,677800.0,1255000.0,1611000.0,9694000.0,9580000.0,
5029000.0,2711000.0,1560000.0,6489000.0,3231000.0,1997000.0,677800.0,1273000.0,1592000.0,9694000.0,9592000.0,
5009000.0,2713000.0,1551000.0,6474000.0,3636000.0,1602000.0,667500.0,1295000.0,1570000.0,9694000.0,9605000.0,
5114000.0,2715000.0,1534000.0,6474000.0,3642000.0,1610000.0,662000.0,1317000.0,1585000.0,9648000.0,9489000.0,
5092000.0,2714000.0,1538000.0,6483000.0,3624000.0,1621000.0,669000.0,1299000.0,1585000.0,9648000.0,9506000.0,
5041000.0,2718000.0,1545000.0,6503000.0,3941000.0,1286000.0,668000.0,1314000.0,1567000.0,9648000.0,9528000.0,
5017000.0,2728000.0,1524000.0,6473000.0,3941000.0,1286000.0,668000.0,1338000.0,1636000.0,9603000.0,9552000.0,
5000000.0,2724000.0,1531000.0,6444000.0,3901000.0,1286000.0,668000.0,1366000.0,1608000.0,9603000.0,9591000.0,
4968000.0,2708000.0,1534000.0,6432000.0,3849000.0,1286000.0,668000.0,1383000.0,1678000.0,9516000.0,9643000.0,
5080000.0,2721000.0,1516000.0,6412000.0,4384000.0,741400.0,658000.0,1415000.0,1646000.0,9516000.0,9552000.0,
5052000.0,2716000.0,1519000.0,6367000.0,4384000.0,741400.0,658000.0,1445000.0,1616000.0,9516000.0,9552000.0,
5039000.0,2719000.0,1519000.0,6312000.0,4384000.0,748700.0,650600.0,1445000.0,1616000.0,9564000.0,9552000.0,
4962000.0,2723000.0,1520000.0,6344000.0,4361000.0,748700.0,650600.0,1473000.0,1588000.0,9564000.0,9575000.0,
4929000.0,2727000.0,1523000.0,6344000.0,4311000.0,748700.0,650600.0,1498000.0,1563000.0,9564000.0,9624000.0,
5027000.0,2726000.0,1489000.0,6350000.0,4293000.0,748500.0,650300.0,1509000.0,1552000.0,9564000.0,9545000.0,
4971000.0,2726000.0,1492000.0,6393000.0,4293000.0,748500.0,650300.0,1520000.0,1541000.0,9611000.0,9545000.0,
4895000.0,2746000.0,1494000.0,6427000.0,4280000.0,748500.0,650300.0,1548000.0,1536000.0,9636000.0,9558000.0,
4827000.0,2739000.0,1497000.0,6474000.0,4280000.0,754500.0,644300.0,1574000.0,1510000.0,9636000.0,9558000.0,
4801000.0,2738000.0,1503000.0,6481000.0,4220000.0,754500.0,644300.0,1647000.0,1485000.0,9588000.0,9618000.0,
4901000.0,2741000.0,1505000.0,6492000.0,4204000.0,748600.0,644300.0,1647000.0,1568000.0,9601000.0,9519000.0,
4866000.0,2744000.0,1510000.0,6463000.0,4183000.0,748600.0,1300000.0,1006000.0,1553000.0,9601000.0,9538000.0,
4816000.0,2749000.0,1501000.0,6470000.0,4164000.0,754700.0,1294000.0,1006000.0,1553000.0,9697000.0,9571000.0,
4804000.0,2744000.0,1491000.0,6450000.0,4163000.0,754600.0,1311000.0,1002000.0,1540000.0,9794000.0,9584000.0,
4896000.0,2744000.0,1493000.0,6469000.0,4141000.0,754600.0,1311000.0,1017000.0,1685000.0,9733000.0,9477000.0,
4842000.0,2750000.0,1495000.0,6491000.0,4128000.0,754600.0,1317000.0,1037000.0,1659000.0,9781000.0,9490000.0,
4813000.0,2750000.0,1498000.0,6481000.0,4087000.0,760700.0,1311000.0,1105000.0,1618000.0,9754000.0,9552000.0,
4798000.0,2742000.0,1502000.0,6479000.0,4087000.0,766700.0,1310000.0,1116000.0,1602000.0,9852000.0,9552000.0,
4740000.0,2738000.0,1505000.0,6498000.0,4050000.0,766700.0,1310000.0,1128000.0,1590000.0,9901000.0,9610000.0,
4717000.0,2738000.0,1509000.0,6511000.0,4056000.0,760000.0,1320000.0,1128000.0,1579000.0,9901000.0,9610000.0,
4876000.0,2736000.0,1494000.0,6512000.0,4056000.0,772100.0,1308000.0,1218000.0,1615000.0,9775000.0,9458000.0,
4850000.0,2744000.0,1497000.0,6523000.0,4056000.0,778900.0,1301000.0,1218000.0,1615000.0,9775000.0,9458000.0,
4833000.0,2745000.0,1483000.0,6523000.0,4056000.0,778900.0,1301000.0,1233000.0,1600000.0,9775000.0,9472000.0,
4803000.0,2751000.0,1475000.0,6532000.0,4033000.0,778900.0,1313000.0,1234000.0,1587000.0,9824000.0,9510000.0,
4766000.0,2756000.0,1476000.0,6556000.0,4033000.0,774000.0,1315000.0,1235000.0,1577000.0,9873000.0,9522000.0,
4744000.0,2757000.0,1477000.0,6544000.0,4031000.0,779900.0,1308000.0,1235000.0,1674000.0,9776000.0,9522000.0,
4698000.0,2780000.0,1480000.0,6528000.0,4031000.0,779900.0,1308000.0,1235000.0,1789000.0,9661000.0,9522000.0,
4558000.0,2789000.0,1483000.0,6627000.0,4040000.0,777900.0,1307000.0,1246000.0,1811000.0,9719000.0,9522000.0,
4524000.0,2809000.0,1486000.0,6622000.0,4039000.0,777900.0,1315000.0,1265000.0,1843000.0,9708000.0,9522000.0,
4490000.0,2813000.0,1488000.0,6631000.0,4039000.0,777800.0,1330000.0,1251000.0,1843000.0,9708000.0,9522000.0,
4468000.0,2812000.0,1489000.0,6632000.0,4039000.0,777800.0,1330000.0,1272000.0,1921000.0,9608000.0,9522000.0,
4415000.0,2820000.0,1492000.0,6665000.0,4027000.0,777800.0,1330000.0,1272000.0,2013000.0,9517000.0,9535000.0,
4398000.0,2813000.0,1501000.0,6655000.0,4014000.0,784200.0,1333000.0,1284000.0,1991000.0,9517000.0,9547000.0,
4354000.0,2816000.0,1501000.0,6647000.0,4028000.0,774100.0,1328000.0,1318000.0,1957000.0,9517000.0,9547000.0,
4340000.0,2811000.0,1505000.0,6633000.0,4028000.0,774100.0,1328000.0,1333000.0,1942000.0,9517000.0,9547000.0,
4318000.0,2812000.0,1498000.0,6617000.0,4035000.0,766900.0,1328000.0,1463000.0,1812000.0,9565000.0,9560000.0,
4292000.0,2803000.0,1502000.0,6628000.0,4022000.0,1609000.0,486100.0,1508000.0,1767000.0,9565000.0,9572000.0,
4268000.0,2793000.0,1505000.0,6623000.0,4406000.0,1207000.0,486100.0,1520000.0,1755000.0,9565000.0,9587000.0,
4372000.0,2792000.0,1507000.0,6622000.0,4371000.0,1207000.0,498300.0,1518000.0,1744000.0,9565000.0,9493000.0,
4338000.0,2819000.0,1508000.0,6617000.0,4369000.0,1178000.0,504300.0,1524000.0,1733000.0,9565000.0,9523000.0,
4319000.0,2815000.0,1512000.0,6592000.0,4387000.0,1166000.0,504000.0,1575000.0,1676000.0,9565000.0,9523000.0,
4299000.0,2814000.0,1518000.0,6582000.0,4387000.0,1166000.0,504000.0,1607000.0,1644000.0,9565000.0,9523000.0,
4277000.0,2810000.0,1522000.0,6579000.0,4387000.0,1166000.0,510100.0,1651000.0,1593000.0,9565000.0,9523000.0,
4264000.0,2815000.0,1524000.0,6579000.0,4368000.0,1176000.0,500200.0,1695000.0,1571000.0,9639000.0,9542000.0,
4257000.0,2816000.0,1527000.0,6573000.0,4346000.0,1176000.0,506100.0,1703000.0,1659000.0,9584000.0,9564000.0,
4222000.0,2819000.0,1529000.0,6604000.0,4328000.0,1176000.0,1271000.0,956300.0,1641000.0,9680000.0,9582000.0,
4216000.0,2816000.0,1533000.0,6604000.0,4293000.0,1176000.0,1271000.0,990300.0,1607000.0,9826000.0,9616000.0,
4417000.0,2822000.0,1537000.0,6604000.0,4272000.0,1184000.0,1263000.0,990300.0,1700000.0,9734000.0,9425000.0,
4399000.0,2815000.0,1519000.0,6604000.0,4893000.0,546000.0,1257000.0,1014000.0,1676000.0,9783000.0,9471000.0,
4374000.0,2821000.0,1523000.0,6614000.0,4817000.0,540000.0,1257000.0,1028000.0,1662000.0,9783000.0,9554000.0,
4351000.0,2834000.0,1528000.0,6605000.0,4778000.0,540000.0,1283000.0,1002000.0,1726000.0,9718000.0,9592000.0,
4298000.0,2833000.0,1532000.0,6650000.0,4761000.0,540000.0,1314000.0,989300.0,1708000.0,9718000.0,9610000.0,
4336000.0,2837000.0,1535000.0,6662000.0,4733000.0,539900.0,1487000.0,815600.0,1748000.0,9679000.0,9565000.0,
4323000.0,2842000.0,1538000.0,6647000.0,4712000.0,539900.0,1487000.0,843700.0,1720000.0,9874000.0,9587000.0,
4321000.0,2839000.0,1543000.0,6636000.0,4689000.0,546000.0,1481000.0,843700.0,1720000.0,9874000.0,9609000.0,
4274000.0,2840000.0,1547000.0,6648000.0,4619000.0,581600.0,1446000.0,866100.0,1698000.0,9923000.0,9680000.0,
4262000.0,2839000.0,1551000.0,6633000.0,4619000.0,581600.0,1470000.0,869700.0,1670000.0,9923000.0,9680000.0,
4245000.0,2851000.0,1555000.0,6623000.0,4619000.0,581600.0,1483000.0,907300.0,1619000.0,9923000.0,9680000.0,
4237000.0,2850000.0,1559000.0,6618000.0,4601000.0,588800.0,1484000.0,920800.0,1598000.0,9923000.0,9697000.0,
4335000.0,2861000.0,1562000.0,6613000.0,4601000.0,588800.0,1484000.0,934700.0,1691000.0,9816000.0,9581000.0,
4315000.0,2860000.0,1567000.0,6624000.0,4581000.0,588800.0,1492000.0,979500.0,1638000.0,9816000.0,9601000.0,
4307000.0,2862000.0,1560000.0,6609000.0,4581000.0,588700.0,1492000.0,979500.0,1638000.0,9816000.0,9614000.0,
4277000.0,2863000.0,1563000.0,6611000.0,4587000.0,582700.0,1492000.0,1014000.0,1603000.0,9816000.0,9614000.0,
4250000.0,2864000.0,1564000.0,6600000.0,4587000.0,582600.0,1492000.0,1071000.0,1546000.0,9865000.0,9614000.0,
4231000.0,2876000.0,1566000.0,6585000.0,4564000.0,588600.0,1486000.0,1088000.0,1529000.0,9865000.0,9637000.0,
4210000.0,2892000.0,1570000.0,6571000.0,4564000.0,594700.0,1480000.0,1144000.0,1473000.0,9865000.0,9637000.0,
4201000.0,2892000.0,1574000.0,6567000.0,4564000.0,594700.0,1480000.0,1188000.0,1429000.0,9865000.0,9637000.0,
4186000.0,2898000.0,1582000.0,6562000.0,4542000.0,594700.0,1480000.0,1188000.0,1429000.0,9914000.0,9659000.0,
4181000.0,2891000.0,1590000.0,6562000.0,4542000.0,614900.0,1459000.0,1241000.0,1376000.0,9964000.0,9659000.0,
4145000.0,2899000.0,1579000.0,6719000.0,4542000.0,614900.0,1469000.0,1314000.0,1444000.0,9813000.0,9534000.0,
4133000.0,2907000.0,1550000.0,6714000.0,4542000.0,614900.0,1469000.0,1327000.0,1465000.0,9828000.0,9568000.0,
3999000.0,2904000.0,1530000.0,6824000.0,4542000.0,614900.0,1469000.0,1333000.0,1572000.0,9715000.0,9616000.0,
4063000.0,2910000.0,1534000.0,6824000.0,4542000.0,614900.0,1469000.0,1384000.0,1678000.0,9655000.0,9541000.0,
4060000.0,2906000.0,1518000.0,6822000.0,4542000.0,1654000.0,429500.0,1429000.0,1633000.0,9703000.0,9560000.0,
4052000.0,2901000.0,1523000.0,6810000.0,4530000.0,1654000.0,435400.0,1504000.0,1552000.0,9703000.0,9573000.0,
4038000.0,2897000.0,1528000.0,6814000.0,4512000.0,1660000.0,429400.0,1510000.0,1701000.0,9548000.0,9590000.0,
4029000.0,2901000.0,1528000.0,6793000.0,4439000.0,1660000.0,429400.0,1522000.0,1688000.0,9644000.0,9663000.0,
4128000.0,2900000.0,1533000.0,6810000.0,4427000.0,1654000.0,429400.0,1522000.0,1733000.0,9599000.0,9548000.0,
4100000.0,2904000.0,1535000.0,6817000.0,4415000.0,1654000.0,423400.0,1522000.0,1733000.0,9599000.0,9566000.0,
4069000.0,2903000.0,1520000.0,6827000.0,4419000.0,1649000.0,423400.0,1522000.0,1733000.0,9599000.0,9587000.0,
4023000.0,2899000.0,1527000.0,6833000.0,4419000.0,1649000.0,423400.0,1533000.0,1723000.0,9599000.0,9599000.0,
4095000.0,2896000.0,1533000.0,6826000.0,4354000.0,1649000.0,423300.0,1584000.0,1671000.0,9599000.0,9576000.0,
4061000.0,2905000.0,1536000.0,6826000.0,4337000.0,1644000.0,423300.0,1584000.0,1671000.0,9599000.0,9610000.0,
4049000.0,2912000.0,1541000.0,6826000.0,4337000.0,1644000.0,423300.0,1600000.0,1655000.0,9695000.0,9610000.0,
4028000.0,2913000.0,1545000.0,6832000.0,4343000.0,1638000.0,423300.0,1619000.0,1636000.0,9744000.0,9610000.0,
4243000.0,2918000.0,1549000.0,6828000.0,4324000.0,1638000.0,429300.0,1636000.0,1657000.0,9748000.0,9390000.0,
4214000.0,2929000.0,1553000.0,6828000.0,4324000.0,1638000.0,429300.0,1654000.0,1714000.0,9674000.0,9390000.0,
4175000.0,2928000.0,1557000.0,6843000.0,4722000.0,1240000.0,429300.0,1702000.0,1701000.0,9639000.0,9390000.0,
4160000.0,2929000.0,1560000.0,6839000.0,4753000.0,1217000.0,421100.0,1720000.0,1721000.0,9601000.0,9390000.0,
4145000.0,2930000.0,1565000.0,6834000.0,4753000.0,1217000.0,421100.0,1744000.0,1697000.0,9601000.0,9390000.0,
4124000.0,2931000.0,1556000.0,6834000.0,4662000.0,1217000.0,433200.0,1799000.0,1629000.0,9649000.0,9494000.0,
4088000.0,2943000.0,1550000.0,6846000.0,4639000.0,1217000.0,433200.0,1812000.0,1616000.0,9697000.0,9526000.0,
4057000.0,2947000.0,1556000.0,6826000.0,4639000.0,1223000.0,427100.0,1812000.0,1616000.0,9697000.0,9526000.0,
4036000.0,2947000.0,1567000.0,6816000.0,4616000.0,1223000.0,427100.0,1829000.0,1679000.0,9617000.0,9549000.0,
4010000.0,2940000.0,1575000.0,6821000.0,4622000.0,1217000.0,427100.0,1829000.0,1679000.0,9617000.0,9549000.0,
3976000.0,2932000.0,1579000.0,6809000.0,4574000.0,1225000.0,419000.0,1845000.0,1663000.0,9666000.0,9596000.0,
3957000.0,2934000.0,1584000.0,6781000.0,4495000.0,1233000.0,420300.0,1863000.0,1636000.0,9666000.0,9675000.0,
4023000.0,2936000.0,1589000.0,6776000.0,4495000.0,1233000.0,426200.0,1903000.0,1695000.0,9656000.0,9598000.0,
4009000.0,2932000.0,1585000.0,6754000.0,4540000.0,1188000.0,438300.0,1905000.0,1719000.0,9618000.0,9611000.0,
3985000.0,2932000.0,1586000.0,6742000.0,4506000.0,1189000.0,431500.0,1930000.0,1694000.0,9618000.0,9650000.0,
4078000.0,2936000.0,1570000.0,6740000.0,4498000.0,1183000.0,466000.0,1921000.0,1717000.0,9570000.0,9567000.0,
4050000.0,2940000.0,1572000.0,6758000.0,4485000.0,1183000.0,489500.0,1945000.0,1669000.0,9570000.0,9580000.0,
4041000.0,2935000.0,1544000.0,6731000.0,4485000.0,1183000.0,489500.0,1983000.0,1631000.0,9570000.0,9612000.0,
4032000.0,2939000.0,1546000.0,6706000.0,4472000.0,1183000.0,522900.0,1972000.0,1608000.0,9570000.0,9625000.0,
4002000.0,2941000.0,1522000.0,6710000.0,4478000.0,1177000.0,522800.0,1972000.0,1608000.0,9570000.0,9647000.0,
4052000.0,2940000.0,1525000.0,6699000.0,4478000.0,1177000.0,558100.0,1974000.0,1681000.0,9508000.0,9591000.0,
4039000.0,2942000.0,1527000.0,6694000.0,4478000.0,1177000.0,564100.0,1996000.0,1652000.0,9508000.0,9591000.0,
4014000.0,2940000.0,1530000.0,6698000.0,4460000.0,1177000.0,564000.0,2007000.0,1641000.0,9508000.0,9608000.0,
3985000.0,2942000.0,1533000.0,6696000.0,4466000.0,1170000.0,1288000.0,1304000.0,1620000.0,9508000.0,9608000.0,
4133000.0,2949000.0,1538000.0,6650000.0,4473000.0,1164000.0,1288000.0,1383000.0,1542000.0,9508000.0,9435000.0,
4124000.0,2950000.0,1542000.0,6635000.0,4449000.0,1164000.0,1288000.0,1435000.0,1490000.0,9555000.0,9458000.0,
4112000.0,2946000.0,1548000.0,6604000.0,4446000.0,1151000.0,1311000.0,1419000.0,1476000.0,9555000.0,9480000.0,
4084000.0,2940000.0,1549000.0,6612000.0,4431000.0,1151000.0,1311000.0,1419000.0,1476000.0,9700000.0,9495000.0,
4004000.0,2927000.0,1552000.0,6682000.0,4408000.0,1151000.0,1322000.0,1460000.0,1425000.0,9700000.0,9519000.0,
3954000.0,2932000.0,1557000.0,6712000.0,4378000.0,1145000.0,1328000.0,1499000.0,1379000.0,9748000.0,9554000.0,
3934000.0,2931000.0,1561000.0,6648000.0,4384000.0,1139000.0,1337000.0,1500000.0,1542000.0,9574000.0,9554000.0,
3926000.0,2930000.0,1565000.0,6648000.0,4338000.0,1139000.0,1342000.0,1506000.0,1532000.0,9574000.0,9600000.0,
3909000.0,2934000.0,1569000.0,6638000.0,4338000.0,1149000.0,1361000.0,1578000.0,1432000.0,9622000.0,9600000.0,
3899000.0,2933000.0,1564000.0,6613000.0,4308000.0,1147000.0,1359000.0,1643000.0,1362000.0,9622000.0,9643000.0,
3890000.0,2931000.0,1567000.0,6601000.0,4308000.0,1147000.0,1371000.0,1630000.0,1362000.0,9622000.0,9643000.0,
3871000.0,2925000.0,1572000.0,6591000.0,4272000.0,1153000.0,1365000.0,1630000.0,1362000.0,9622000.0,9679000.0,
3863000.0,2922000.0,1558000.0,6586000.0,4241000.0,1149000.0,2123000.0,895500.0,1339000.0,9670000.0,9733000.0,
3830000.0,2930000.0,1565000.0,6576000.0,4232000.0,1149000.0,2137000.0,885600.0,1329000.0,9670000.0,9747000.0,
3823000.0,2929000.0,1567000.0,6561000.0,4232000.0,1149000.0,2154000.0,868800.0,1329000.0,9719000.0,9747000.0,
3760000.0,2929000.0,1560000.0,6597000.0,4189000.0,1149000.0,2163000.0,860200.0,1329000.0,9767000.0,9803000.0,
3726000.0,2932000.0,1566000.0,6608000.0,4176000.0,1149000.0,2163000.0,860200.0,1329000.0,9767000.0,9816000.0,
3679000.0,2938000.0,1551000.0,6627000.0,4174000.0,1144000.0,2155000.0,882000.0,1307000.0,9767000.0,9849000.0,
3790000.0,2936000.0,1554000.0,6622000.0,4886000.0,374500.0,2133000.0,908300.0,1448000.0,9599000.0,9772000.0,
3732000.0,2937000.0,1560000.0,6651000.0,4886000.0,374500.0,2133000.0,934200.0,1423000.0,9599000.0,9772000.0,
3631000.0,2940000.0,1544000.0,6732000.0,4886000.0,374500.0,2143000.0,935300.0,1412000.0,9744000.0,9796000.0,
3544000.0,2941000.0,1546000.0,6840000.0,4886000.0,374500.0,2143000.0,984300.0,1390000.0,9716000.0,9717000.0,
3704000.0,2947000.0,1552000.0,6830000.0,4891000.0,368400.0,2143000.0,1026000.0,1534000.0,9530000.0,9545000.0,
3919000.0,2939000.0,1556000.0,6820000.0,4816000.0,374400.0,2145000.0,1029000.0,1523000.0,9578000.0,9385000.0,
3885000.0,2943000.0,1558000.0,6801000.0,4816000.0,380400.0,2139000.0,1045000.0,1603000.0,9531000.0,9385000.0,
3865000.0,2947000.0,1563000.0,6801000.0,4809000.0,386500.0,2139000.0,1055000.0,1586000.0,9531000.0,9399000.0,
3851000.0,2950000.0,1568000.0,6792000.0,4771000.0,386500.0,2155000.0,1058000.0,1567000.0,9579000.0,9438000.0,
3836000.0,2945000.0,1572000.0,6787000.0,4732000.0,386500.0,2155000.0,1058000.0,1567000.0,9579000.0,9476000.0,
3819000.0,2948000.0,1576000.0,6767000.0,4711000.0,391300.0,2150000.0,1077000.0,1548000.0,9626000.0,9497000.0,
3778000.0,2954000.0,1581000.0,6759000.0,4658000.0,403300.0,2138000.0,1107000.0,1518000.0,9626000.0,9550000.0,
3751000.0,2948000.0,1593000.0,6749000.0,4640000.0,403300.0,2138000.0,1107000.0,1552000.0,9592000.0,9568000.0,
3787000.0,2948000.0,1579000.0,6703000.0,4596000.0,410500.0,2130000.0,1118000.0,1541000.0,9592000.0,9560000.0,
3750000.0,2962000.0,1581000.0,6710000.0,4596000.0,422500.0,2118000.0,1132000.0,1527000.0,9592000.0,9560000.0,
3716000.0,2958000.0,1586000.0,6707000.0,4563000.0,422500.0,2112000.0,1175000.0,1484000.0,9592000.0,9599000.0,
3685000.0,2945000.0,1589000.0,6718000.0,4543000.0,434500.0,2111000.0,1170000.0,1478000.0,9592000.0,9619000.0,
3639000.0,2937000.0,1591000.0,6721000.0,4543000.0,446600.0,2107000.0,1161000.0,1478000.0,9640000.0,9619000.0,
3616000.0,2935000.0,1595000.0,6686000.0,4505000.0,460300.0,2094000.0,1161000.0,1478000.0,9640000.0,9657000.0,
3576000.0,2906000.0,1574000.0,6640000.0,4505000.0,460300.0,2106000.0,1160000.0,1466000.0,9640000.0,9683000.0,
3557000.0,2896000.0,1577000.0,6625000.0,4469000.0,626000.0,1941000.0,1226000.0,1401000.0,9688000.0,9718000.0,
3529000.0,2892000.0,1581000.0,6629000.0,4461000.0,611900.0,1941000.0,1337000.0,1290000.0,9785000.0,9741000.0,
3506000.0,2892000.0,1586000.0,6621000.0,4437000.0,611900.0,1941000.0,1348000.0,1279000.0,9785000.0,9765000.0,
3488000.0,2881000.0,1591000.0,6621000.0,4413000.0,611900.0,1941000.0,1369000.0,1258000.0,9785000.0,9789000.0,
3754000.0,2881000.0,1572000.0,6596000.0,4393000.0,1023000.0,1529000.0,1391000.0,1408000.0,9613000.0,9547000.0,
3723000.0,2880000.0,1574000.0,6606000.0,4346000.0,1029000.0,1523000.0,1391000.0,1408000.0,9613000.0,9593000.0,
3886000.0,2877000.0,1577000.0,6599000.0,4323000.0,1035000.0,1517000.0,1411000.0,1416000.0,9634000.0,9429000.0,
3839000.0,2877000.0,1579000.0,6589000.0,4240000.0,1035000.0,1517000.0,1422000.0,1468000.0,9619000.0,9512000.0,
3797000.0,2878000.0,1571000.0,6579000.0,4179000.0,1336000.0,1217000.0,1422000.0,1468000.0,9667000.0,9597000.0,
3788000.0,2873000.0,1555000.0,6563000.0,4108000.0,1336000.0,1217000.0,1516000.0,1374000.0,9667000.0,9689000.0,
3778000.0,2859000.0,1559000.0,6553000.0,4053000.0,1336000.0,1223000.0,1542000.0,1342000.0,9667000.0,9744000.0,
3761000.0,2849000.0,1562000.0,6552000.0,4053000.0,1336000.0,1229000.0,1536000.0,1342000.0,9667000.0,9744000.0,
3801000.0,2843000.0,1566000.0,6547000.0,4019000.0,1320000.0,1229000.0,1536000.0,1409000.0,9599000.0,9741000.0,
3793000.0,2842000.0,1568000.0,6523000.0,3956000.0,1320000.0,1229000.0,1554000.0,1391000.0,9599000.0,9804000.0,
3667000.0,2855000.0,1571000.0,6624000.0,3892000.0,1320000.0,1226000.0,1573000.0,1372000.0,9599000.0,9871000.0,
3743000.0,2853000.0,1575000.0,6648000.0,3870000.0,1953000.0,580400.0,1635000.0,1410000.0,9594000.0,9782000.0,
3689000.0,2832000.0,1557000.0,6658000.0,3857000.0,1953000.0,586400.0,1646000.0,1394000.0,9594000.0,9817000.0,
3712000.0,2832000.0,1557000.0,6648000.0,3832000.0,1953000.0,586400.0,1645000.0,1394000.0,9690000.0,9805000.0,
3673000.0,2833000.0,1559000.0,6634000.0,3765000.0,1961000.0,578700.0,1662000.0,1378000.0,9690000.0,9872000.0,
3652000.0,2831000.0,1562000.0,6644000.0,3678000.0,1961000.0,578700.0,1693000.0,1346000.0,9690000.0,9959000.0,
3625000.0,2849000.0,1564000.0,6625000.0,3593000.0,1961000.0,587300.0,1694000.0,1336000.0,9690000.0,1.004E7,
3872000.0,2849000.0,1566000.0,6656000.0,3569000.0,1961000.0,587300.0,1694000.0,1513000.0,9610000.0,9769000.0,
3818000.0,2852000.0,1567000.0,6771000.0,3549000.0,1961000.0,587300.0,1694000.0,1654000.0,9517000.0,9693000.0,
3803000.0,2847000.0,1570000.0,6736000.0,3516000.0,1956000.0,587200.0,1714000.0,1634000.0,9517000.0,9732000.0,
3778000.0,2841000.0,1577000.0,6706000.0,3498000.0,1956000.0,595400.0,1734000.0,1605000.0,9565000.0,9750000.0,
3761000.0,2842000.0,1580000.0,6709000.0,3486000.0,1962000.0,597400.0,1762000.0,1570000.0,9565000.0,9762000.0,
3962000.0,2845000.0,1582000.0,6723000.0,3466000.0,1962000.0,591400.0,1947000.0,1436000.0,9609000.0,9534000.0,
3947000.0,2846000.0,1586000.0,6708000.0,4313000.0,1115000.0,606000.0,1961000.0,1407000.0,9705000.0,9534000.0,
3926000.0,2837000.0,1557000.0,6700000.0,4313000.0,1121000.0,606000.0,1992000.0,1530000.0,9546000.0,9565000.0,
3916000.0,2831000.0,1563000.0,6690000.0,4290000.0,1101000.0,612100.0,2020000.0,1496000.0,9593000.0,9608000.0,
3925000.0,2825000.0,1567000.0,6768000.0,4272000.0,1106000.0,615900.0,2029000.0,1479000.0,9593000.0,9521000.0,
3905000.0,2815000.0,1567000.0,6753000.0,4284000.0,1100000.0,609800.0,2034000.0,1473000.0,9641000.0,9521000.0,
3875000.0,2807000.0,1556000.0,6734000.0,4174000.0,1094000.0,609800.0,2057000.0,1538000.0,9553000.0,9660000.0,
3844000.0,2808000.0,1560000.0,6741000.0,4158000.0,1095000.0,602700.0,2057000.0,1538000.0,9601000.0,9681000.0,
3987000.0,2805000.0,1563000.0,6745000.0,4135000.0,1095000.0,602700.0,2057000.0,1616000.0,9523000.0,9542000.0,
3973000.0,2805000.0,1565000.0,6743000.0,4093000.0,1100000.0,596700.0,2057000.0,1616000.0,9571000.0,9583000.0,
4158000.0,2805000.0,1568000.0,6738000.0,4642000.0,526100.0,596700.0,2134000.0,1539000.0,9619000.0,9410000.0,
4132000.0,2803000.0,1575000.0,6738000.0,4588000.0,529700.0,596700.0,2200000.0,1572000.0,9508000.0,9472000.0,
4104000.0,2814000.0,1582000.0,6738000.0,4581000.0,523600.0,596700.0,2215000.0,1557000.0,9555000.0,9485000.0,
4079000.0,2821000.0,1586000.0,6738000.0,4544000.0,523600.0,602700.0,2209000.0,1557000.0,9555000.0,9522000.0,
4059000.0,2811000.0,1596000.0,6738000.0,4531000.0,816600.0,317700.0,2230000.0,1528000.0,9555000.0,9536000.0,
4038000.0,2806000.0,1604000.0,6725000.0,4537000.0,810600.0,323800.0,2239000.0,1513000.0,9555000.0,9536000.0,
4014000.0,2805000.0,1609000.0,6700000.0,4460000.0,810600.0,329800.0,2247000.0,1498000.0,9555000.0,9613000.0,
3991000.0,2805000.0,1612000.0,6691000.0,4440000.0,810500.0,335700.0,2241000.0,1498000.0,9651000.0,9632000.0,
4029000.0,2808000.0,1594000.0,6734000.0,4338000.0,814100.0,336000.0,2245000.0,1506000.0,9631000.0,9653000.0,
3977000.0,2803000.0,1599000.0,6755000.0,4270000.0,814100.0,336000.0,2245000.0,1506000.0,9680000.0,9721000.0,
4104000.0,2798000.0,1602000.0,6744000.0,4212000.0,820100.0,329900.0,2302000.0,1522000.0,9606000.0,9646000.0,
4076000.0,2790000.0,1605000.0,6735000.0,4124000.0,820100.0,341000.0,2290000.0,1522000.0,9654000.0,9746000.0,
4235000.0,2795000.0,1607000.0,6758000.0,4124000.0,820100.0,341000.0,2314000.0,1506000.0,9647000.0,9530000.0,
4219000.0,2801000.0,1607000.0,6757000.0,4124000.0,826100.0,341000.0,2321000.0,1527000.0,9758000.0,9530000.0,
4209000.0,2800000.0,1610000.0,6752000.0,4092000.0,826100.0,1891000.0,835500.0,1462000.0,9758000.0,9563000.0,
4170000.0,2801000.0,1613000.0,6771000.0,4031000.0,826100.0,1901000.0,856800.0,1429000.0,9758000.0,9626000.0,
4153000.0,2810000.0,1616000.0,6761000.0,3993000.0,860800.0,1901000.0,835900.0,1416000.0,9807000.0,9664000.0,
4328000.0,2798000.0,1621000.0,6721000.0,4202000.0,615800.0,1901000.0,835900.0,1479000.0,9743000.0,9492000.0,
4315000.0,2792000.0,1624000.0,6706000.0,4188000.0,615800.0,1909000.0,855100.0,1451000.0,9743000.0,9506000.0,
4283000.0,2789000.0,1628000.0,6712000.0,4090000.0,615800.0,1909000.0,855100.0,1451000.0,9792000.0,9604000.0,
4351000.0,2788000.0,1630000.0,6692000.0,4032000.0,621800.0,1903000.0,855100.0,1601000.0,9640000.0,9565000.0,
4334000.0,2789000.0,1637000.0,6682000.0,3943000.0,621800.0,1913000.0,922100.0,1524000.0,9688000.0,9654000.0,
4391000.0,2778000.0,1628000.0,6678000.0,3943000.0,621800.0,1913000.0,943200.0,1607000.0,9584000.0,9601000.0,
4365000.0,2767000.0,1630000.0,6647000.0,3922000.0,616900.0,1919000.0,980300.0,1564000.0,9584000.0,9628000.0,
4431000.0,2745000.0,1614000.0,6605000.0,3901000.0,630300.0,1906000.0,1035000.0,1655000.0,9486000.0,9582000.0,
4412000.0,2745000.0,1601000.0,6593000.0,3861000.0,630300.0,1916000.0,1084000.0,1596000.0,9486000.0,9636000.0,
4399000.0,2744000.0,1605000.0,6583000.0,3861000.0,630300.0,1930000.0,1126000.0,1539000.0,9486000.0,9636000.0,
4511000.0,2744000.0,1608000.0,6560000.0,3861000.0,630300.0,1930000.0,1126000.0,1539000.0,9533000.0,9504000.0,
4469000.0,2759000.0,1614000.0,6530000.0,3861000.0,644100.0,1926000.0,1117000.0,1539000.0,9533000.0,9504000.0,
4399000.0,2760000.0,1619000.0,6559000.0,3861000.0,644100.0,1926000.0,1117000.0,1539000.0,9533000.0,9504000.0,
4377000.0,2743000.0,1623000.0,6549000.0,3815000.0,650100.0,1919000.0,1174000.0,1482000.0,9533000.0,9550000.0,
4352000.0,2738000.0,1627000.0,6559000.0,3815000.0,650100.0,1919000.0,1194000.0,1462000.0,9629000.0,9550000.0,
4324000.0,2736000.0,1612000.0,6562000.0,4174000.0,266100.0,1919000.0,1194000.0,1462000.0,9677000.0,9592000.0,
4371000.0,2732000.0,1619000.0,6552000.0,4076000.0,266100.0,1919000.0,1206000.0,1532000.0,9596000.0,9621000.0,
4340000.0,2750000.0,1622000.0,6547000.0,4076000.0,266100.0,1919000.0,1206000.0,1532000.0,9644000.0,9621000.0,
4555000.0,2745000.0,1623000.0,6542000.0,4054000.0,260100.0,1919000.0,1223000.0,1713000.0,9445000.0,9422000.0,
4537000.0,2747000.0,1624000.0,6522000.0,4017000.0,260100.0,1919000.0,1235000.0,1701000.0,9445000.0,9459000.0,
4502000.0,2738000.0,1626000.0,6518000.0,4035000.0,241800.0,1937000.0,1227000.0,1692000.0,9445000.0,9476000.0,
4350000.0,2737000.0,1631000.0,6635000.0,4035000.0,241800.0,1947000.0,1241000.0,1667000.0,9492000.0,9476000.0,
4306000.0,2737000.0,1636000.0,6635000.0,4005000.0,235800.0,1961000.0,1227000.0,1667000.0,9540000.0,9531000.0,
4272000.0,2749000.0,1638000.0,6630000.0,3999000.0,235600.0,1955000.0,1239000.0,1655000.0,9540000.0,9544000.0,
4222000.0,2747000.0,1642000.0,6653000.0,3900000.0,238600.0,1959000.0,1251000.0,1632000.0,9540000.0,9645000.0,
4203000.0,2752000.0,1646000.0,6648000.0,3862000.0,244600.0,1953000.0,1286000.0,1598000.0,9588000.0,9684000.0,
4223000.0,2754000.0,1649000.0,6643000.0,3867000.0,238600.0,1978000.0,1267000.0,1591000.0,9588000.0,9640000.0,
4209000.0,2754000.0,1652000.0,6634000.0,3854000.0,1583000.0,635000.0,1261000.0,1585000.0,9684000.0,9663000.0,
4197000.0,2750000.0,1642000.0,6624000.0,3809000.0,1594000.0,624700.0,1282000.0,1565000.0,9684000.0,9723000.0,
4158000.0,2741000.0,1648000.0,6626000.0,3756000.0,1600000.0,618600.0,1296000.0,1550000.0,9684000.0,9776000.0,
4114000.0,2741000.0,1651000.0,6637000.0,3704000.0,1599000.0,619800.0,1353000.0,1488000.0,9732000.0,9833000.0,
4098000.0,2737000.0,1657000.0,6637000.0,3672000.0,1599000.0,619800.0,1386000.0,1449000.0,9732000.0,9871000.0,
4072000.0,2745000.0,1660000.0,6636000.0,3649000.0,1605000.0,613700.0,1413000.0,1422000.0,9732000.0,9894000.0,
4295000.0,2747000.0,1665000.0,6621000.0,3579000.0,1605000.0,619800.0,1419000.0,1432000.0,9709000.0,9729000.0,
4412000.0,2741000.0,1671000.0,6612000.0,3543000.0,1615000.0,609800.0,1419000.0,1446000.0,9743000.0,9622000.0,
4463000.0,2749000.0,1679000.0,6597000.0,3485000.0,1615000.0,609800.0,1472000.0,1511000.0,9675000.0,9598000.0,
4438000.0,2753000.0,1685000.0,6577000.0,3485000.0,1615000.0,609800.0,1507000.0,1476000.0,9675000.0,9598000.0,
4403000.0,2753000.0,1690000.0,6587000.0,3485000.0,1615000.0,615800.0,1566000.0,1543000.0,9543000.0,9598000.0,
4382000.0,2752000.0,1692000.0,6587000.0,3485000.0,1619000.0,612000.0,1566000.0,1543000.0,9543000.0,9598000.0,
4353000.0,2768000.0,1696000.0,6572000.0,3451000.0,1619000.0,629000.0,1570000.0,1522000.0,9543000.0,9632000.0,
4427000.0,2764000.0,1699000.0,6556000.0,3425000.0,1619000.0,638300.0,1589000.0,1494000.0,9543000.0,9559000.0,
4347000.0,2779000.0,1686000.0,6584000.0,3425000.0,1619000.0,638300.0,1600000.0,1483000.0,9543000.0,9573000.0,
4330000.0,2773000.0,1689000.0,6579000.0,3425000.0,1625000.0,649900.0,1581000.0,1483000.0,9543000.0,9573000.0,
4272000.0,2769000.0,1693000.0,6618000.0,3390000.0,1632000.0,643900.0,1591000.0,1513000.0,9598000.0,9608000.0,
4259000.0,2767000.0,1699000.0,6598000.0,3326000.0,1639000.0,648100.0,1649000.0,1444000.0,9646000.0,9672000.0,
4334000.0,2759000.0,1679000.0,6588000.0,3296000.0,1639000.0,648100.0,1683000.0,1494000.0,9609000.0,9634000.0,
4315000.0,2758000.0,1670000.0,6568000.0,3238000.0,1937000.0,350100.0,1698000.0,1479000.0,9609000.0,9706000.0,
4474000.0,2755000.0,1612000.0,6564000.0,3215000.0,1937000.0,350100.0,1710000.0,1604000.0,9472000.0,9614000.0,
4435000.0,2754000.0,1616000.0,6560000.0,3156000.0,1937000.0,361900.0,1709000.0,1593000.0,9472000.0,9673000.0,
4663000.0,2755000.0,1601000.0,6557000.0,3098000.0,1937000.0,371600.0,1737000.0,1556000.0,9472000.0,9476000.0,
4621000.0,2752000.0,1590000.0,6563000.0,3031000.0,1931000.0,381300.0,1740000.0,1543000.0,9472000.0,9562000.0,
4589000.0,2757000.0,1593000.0,6538000.0,3014000.0,1931000.0,405000.0,1717000.0,1543000.0,9472000.0,9580000.0,
4577000.0,2755000.0,1597000.0,6518000.0,2989000.0,1931000.0,405000.0,1768000.0,1492000.0,9472000.0,9604000.0,
4532000.0,2758000.0,1588000.0,6648000.0,2956000.0,1925000.0,412800.0,1770000.0,1482000.0,9519000.0,9534000.0,
4362000.0,2755000.0,1596000.0,6773000.0,2932000.0,1925000.0,412800.0,1780000.0,1472000.0,9519000.0,9558000.0,
4339000.0,2754000.0,1601000.0,6782000.0,2901000.0,1925000.0,412700.0,1797000.0,1454000.0,9519000.0,9589000.0,
4306000.0,2744000.0,1580000.0,6791000.0,2901000.0,1931000.0,406700.0,1835000.0,1416000.0,9519000.0,9615000.0,
4295000.0,2747000.0,1581000.0,6741000.0,2901000.0,1931000.0,406700.0,1854000.0,1398000.0,9519000.0,9615000.0,
4266000.0,2739000.0,1587000.0,6752000.0,2866000.0,1931000.0,421500.0,1912000.0,1325000.0,9519000.0,9650000.0,
4234000.0,2734000.0,1589000.0,6747000.0,2853000.0,1977000.0,375600.0,1946000.0,1290000.0,9567000.0,9662000.0,
4390000.0,2741000.0,1576000.0,6720000.0,2835000.0,1971000.0,375600.0,1997000.0,1239000.0,9567000.0,9508000.0,
4180000.0,2735000.0,1580000.0,6896000.0,2793000.0,1971000.0,390500.0,1988000.0,1233000.0,9567000.0,9551000.0,
4146000.0,2729000.0,1583000.0,6889000.0,2780000.0,1961000.0,390500.0,2008000.0,1214000.0,9567000.0,9574000.0,
4124000.0,2742000.0,1586000.0,6869000.0,2753000.0,1962000.0,386500.0,2067000.0,1148000.0,9615000.0,9610000.0,
4128000.0,2743000.0,1590000.0,6891000.0,2740000.0,1962000.0,386400.0,2097000.0,1157000.0,9624000.0,9553000.0,
4101000.0,2756000.0,1591000.0,6868000.0,2736000.0,1954000.0,386400.0,2119000.0,1135000.0,9672000.0,9565000.0,
4093000.0,2756000.0,1578000.0,6848000.0,2723000.0,1954000.0,392500.0,2124000.0,1182000.0,9614000.0,9594000.0,
4056000.0,2752000.0,1581000.0,6861000.0,2723000.0,1954000.0,392500.0,2146000.0,1337000.0,9437000.0,9594000.0,
4325000.0,2752000.0,1585000.0,6836000.0,2668000.0,1954000.0,404300.0,2162000.0,1309000.0,9437000.0,9371000.0,
4301000.0,2751000.0,1590000.0,6832000.0,2655000.0,1954000.0,404300.0,2210000.0,1261000.0,9437000.0,9383000.0,
4129000.0,2759000.0,1593000.0,6982000.0,2630000.0,1954000.0,412400.0,2233000.0,1230000.0,9437000.0,9408000.0,
4115000.0,2755000.0,1601000.0,6982000.0,2630000.0,1954000.0,412400.0,2294000.0,1169000.0,9437000.0,9408000.0,
4095000.0,2758000.0,1604000.0,6976000.0,2630000.0,1954000.0,422000.0,2284000.0,1169000.0,9437000.0,9408000.0,
4057000.0,2747000.0,1612000.0,6987000.0,2584000.0,1960000.0,415800.0,2294000.0,1159000.0,9437000.0,9455000.0,
4042000.0,2743000.0,1616000.0,6987000.0,2590000.0,1954000.0,425000.0,2296000.0,1148000.0,9437000.0,9455000.0,
4019000.0,2733000.0,1620000.0,6981000.0,2575000.0,1954000.0,435400.0,2297000.0,1137000.0,9485000.0,9469000.0,
3987000.0,2734000.0,1599000.0,7003000.0,2549000.0,1948000.0,444200.0,2322000.0,1103000.0,9532000.0,9526000.0,
3985000.0,2724000.0,1601000.0,7003000.0,2537000.0,1948000.0,444200.0,2333000.0,1092000.0,9532000.0,9538000.0,
3974000.0,2725000.0,1607000.0,6993000.0,2543000.0,1951000.0,434700.0,2490000.0,934700.0,9532000.0,9538000.0,
3950000.0,2728000.0,1609000.0,6996000.0,2529000.0,1945000.0,440800.0,2495000.0,923700.0,9580000.0,9558000.0,
3930000.0,2734000.0,1613000.0,6956000.0,2529000.0,1945000.0,440700.0,2517000.0,901800.0,9580000.0,9558000.0,
3910000.0,2737000.0,1618000.0,6923000.0,2517000.0,1945000.0,440700.0,2539000.0,879800.0,9580000.0,9570000.0,
3889000.0,2733000.0,1621000.0,6905000.0,2502000.0,1945000.0,452800.0,2564000.0,842500.0,9628000.0,9585000.0,
3868000.0,2732000.0,1626000.0,6891000.0,2520000.0,1927000.0,458800.0,2558000.0,842500.0,9676000.0,9585000.0,
3787000.0,2722000.0,1611000.0,7004000.0,2532000.0,1915000.0,464800.0,2582000.0,837000.0,9700000.0,9524000.0,
3776000.0,2724000.0,1612000.0,6970000.0,2532000.0,1915000.0,475700.0,2595000.0,812900.0,9700000.0,9524000.0,
3757000.0,2715000.0,1615000.0,6961000.0,2551000.0,1885000.0,475700.0,2621000.0,1007000.0,9474000.0,9542000.0,
3687000.0,2713000.0,1617000.0,7015000.0,2563000.0,1873000.0,475700.0,2643000.0,984700.0,9474000.0,9542000.0,
3593000.0,2708000.0,1620000.0,7098000.0,2575000.0,1867000.0,484600.0,2655000.0,958400.0,9474000.0,9542000.0,
3540000.0,2704000.0,1624000.0,7101000.0,2574000.0,1855000.0,502800.0,2636000.0,958400.0,9521000.0,9554000.0,
3464000.0,2702000.0,1631000.0,7136000.0,2561000.0,1849000.0,520000.0,2630000.0,947400.0,9521000.0,9574000.0,
3431000.0,2693000.0,1614000.0,7128000.0,2560000.0,1837000.0,520000.0,2652000.0,925100.0,9521000.0,9608000.0,
3413000.0,2681000.0,1619000.0,7123000.0,2549000.0,2012000.0,339100.0,2652000.0,925100.0,9569000.0,9625000.0,
3585000.0,2680000.0,1621000.0,7124000.0,2549000.0,2012000.0,2108000.0,883500.0,961200.0,9580000.0,9411000.0,
3564000.0,2670000.0,1622000.0,7125000.0,2542000.0,2006000.0,2114000.0,889600.0,959200.0,9618000.0,9423000.0,
3549000.0,2657000.0,1626000.0,7123000.0,2504000.0,2000000.0,2123000.0,886800.0,953200.0,9715000.0,9468000.0,
3525000.0,2656000.0,1615000.0,7115000.0,2504000.0,2018000.0,2127000.0,864400.0,1077000.0,9639000.0,9481000.0,
3507000.0,2648000.0,1621000.0,7117000.0,2481000.0,2018000.0,2127000.0,864400.0,1077000.0,9639000.0,9503000.0,
3458000.0,2665000.0,1621000.0,7103000.0,2487000.0,2012000.0,2127000.0,864400.0,1077000.0,9687000.0,9503000.0,
3436000.0,2668000.0,1625000.0,7057000.0,2683000.0,1803000.0,2162000.0,858600.0,1046000.0,9687000.0,9518000.0,
3418000.0,2661000.0,1626000.0,7052000.0,2689000.0,1807000.0,2153000.0,868600.0,1036000.0,9687000.0,9518000.0,
3404000.0,2663000.0,1628000.0,7047000.0,2689000.0,1807000.0,2161000.0,891400.0,1004000.0,9687000.0,9518000.0,
3387000.0,2662000.0,1631000.0,7037000.0,2638000.0,1807000.0,2161000.0,943800.0,951600.0,9687000.0,9568000.0,
3374000.0,2657000.0,1635000.0,7022000.0,2638000.0,1807000.0,2178000.0,927600.0,951500.0,9687000.0,9568000.0,
3357000.0,2668000.0,1635000.0,7012000.0,2627000.0,1793000.0,2178000.0,938600.0,940500.0,9784000.0,9594000.0,
3347000.0,2657000.0,1630000.0,7003000.0,2627000.0,1799000.0,2171000.0,954300.0,1030000.0,9679000.0,9609000.0,
3338000.0,2651000.0,1634000.0,6983000.0,2879000.0,1525000.0,2171000.0,954300.0,1030000.0,9679000.0,9631000.0,
3337000.0,2648000.0,1637000.0,7106000.0,2879000.0,1531000.0,2165000.0,954300.0,1152000.0,9557000.0,9494000.0,
3329000.0,2649000.0,1638000.0,7091000.0,2885000.0,1530000.0,2169000.0,945500.0,1152000.0,9557000.0,9494000.0,
3287000.0,2652000.0,1639000.0,7095000.0,2878000.0,1524000.0,2169000.0,945500.0,1152000.0,9557000.0,9507000.0,
3279000.0,2651000.0,1643000.0,7090000.0,3362000.0,1022000.0,2169000.0,962600.0,1135000.0,9557000.0,9524000.0,
3265000.0,2641000.0,1651000.0,7066000.0,3374000.0,1016000.0,2163000.0,1011000.0,1087000.0,9557000.0,9524000.0,
3242000.0,2641000.0,1652000.0,7072000.0,3380000.0,1010000.0,2181000.0,993000.0,1087000.0,9557000.0,9524000.0,
3200000.0,2639000.0,1656000.0,7077000.0,3392000.0,998100.0,2181000.0,992900.0,1087000.0,9605000.0,9524000.0,
3195000.0,2639000.0,1656000.0,7032000.0,3370000.0,998100.0,2181000.0,1004000.0,1156000.0,9524000.0,9547000.0,
3176000.0,2623000.0,1659000.0,7024000.0,3369000.0,1004000.0,2184000.0,1011000.0,1140000.0,9524000.0,9547000.0,
3172000.0,2606000.0,1663000.0,7007000.0,3375000.0,1008000.0,2174000.0,1017000.0,1134000.0,9572000.0,9547000.0,
3164000.0,2605000.0,1667000.0,7003000.0,3374000.0,1008000.0,2174000.0,1034000.0,1117000.0,9619000.0,9547000.0,
3137000.0,2593000.0,1671000.0,7013000.0,3374000.0,1015000.0,2166000.0,1034000.0,1136000.0,9601000.0,9547000.0,
3259000.0,2593000.0,1677000.0,7031000.0,3252000.0,1015000.0,2180000.0,1052000.0,1185000.0,9568000.0,9523000.0,
3246000.0,2589000.0,1684000.0,7020000.0,3252000.0,1029000.0,2181000.0,1037000.0,1254000.0,9547000.0,9523000.0,
3220000.0,2581000.0,1691000.0,7002000.0,3237000.0,1028000.0,2175000.0,1037000.0,1254000.0,9547000.0,9545000.0,
3184000.0,2579000.0,1694000.0,6993000.0,3245000.0,1026000.0,2169000.0,1049000.0,1242000.0,9547000.0,9545000.0,
3098000.0,2563000.0,1695000.0,7027000.0,3885000.0,398600.0,2165000.0,1081000.0,1201000.0,9642000.0,9545000.0,
3072000.0,2545000.0,1703000.0,7022000.0,3891000.0,397400.0,2567000.0,673500.0,1256000.0,9587000.0,9563000.0,
3062000.0,2546000.0,1706000.0,6997000.0,3891000.0,397400.0,2594000.0,647100.0,1256000.0,9587000.0,9563000.0,
3048000.0,2539000.0,1707000.0,6972000.0,3891000.0,403400.0,2600000.0,635000.0,1256000.0,9587000.0,9563000.0,
3037000.0,2527000.0,1711000.0,6952000.0,3853000.0,415400.0,2588000.0,656100.0,1235000.0,9635000.0,9601000.0,
3028000.0,2516000.0,1715000.0,6947000.0,3818000.0,776300.0,2227000.0,656100.0,1235000.0,9684000.0,9636000.0,
3015000.0,2500000.0,1718000.0,6948000.0,3775000.0,788400.0,2215000.0,701800.0,1189000.0,9684000.0,9679000.0,
3007000.0,2491000.0,1719000.0,6923000.0,3717000.0,2013000.0,989900.0,701800.0,1189000.0,9781000.0,9737000.0,
3000000.0,2465000.0,1719000.0,6906000.0,3717000.0,2013000.0,995900.0,725600.0,1159000.0,9781000.0,9737000.0,
2978000.0,2454000.0,1722000.0,6906000.0,4936000.0,771900.0,995900.0,736600.0,1148000.0,9830000.0,9759000.0,
2973000.0,2442000.0,1729000.0,6896000.0,4913000.0,771900.0,1011000.0,751700.0,1118000.0,9830000.0,9782000.0,
2954000.0,2445000.0,1730000.0,6900000.0,4913000.0,777900.0,1005000.0,796500.0,1073000.0,9830000.0,9782000.0,
2936000.0,2446000.0,1735000.0,6889000.0,5226000.0,471100.0,998700.0,796500.0,1073000.0,9830000.0,9782000.0,
2928000.0,2444000.0,1739000.0,6874000.0,5208000.0,484500.0,980400.0,817800.0,1052000.0,9830000.0,9804000.0,
3066000.0,2452000.0,1741000.0,6867000.0,5341000.0,331700.0,970400.0,834000.0,1154000.0,9712000.0,9674000.0,
3319000.0,2448000.0,1744000.0,6857000.0,5323000.0,331600.0,984000.0,841000.0,1245000.0,9600000.0,9425000.0,
3293000.0,2437000.0,1747000.0,6866000.0,5236000.0,383900.0,944100.0,828600.0,1244000.0,9600000.0,9512000.0,
3264000.0,2440000.0,1748000.0,6872000.0,5214000.0,383800.0,944100.0,849700.0,1223000.0,9648000.0,9533000.0,
3249000.0,2441000.0,1751000.0,6867000.0,5214000.0,390800.0,937100.0,865900.0,1286000.0,9616000.0,9533000.0,
3212000.0,2432000.0,1750000.0,6869000.0,5191000.0,390800.0,937100.0,865900.0,1286000.0,9616000.0,9557000.0,
3196000.0,2427000.0,1755000.0,6860000.0,5167000.0,390800.0,937100.0,932700.0,1219000.0,9664000.0,9581000.0,
3183000.0,2417000.0,1758000.0,6855000.0,5167000.0,390800.0,945900.0,939100.0,1271000.0,9743000.0,9581000.0,
3163000.0,2415000.0,1746000.0,6817000.0,5130000.0,387700.0,1250000.0,646200.0,1260000.0,9743000.0,9633000.0,
3121000.0,2416000.0,1748000.0,6815000.0,5084000.0,387700.0,1250000.0,652200.0,1254000.0,9791000.0,9679000.0,
3042000.0,2406000.0,1755000.0,6882000.0,5084000.0,394700.0,1243000.0,662900.0,1243000.0,9840000.0,9679000.0,
3001000.0,2397000.0,1760000.0,7022000.0,5063000.0,401800.0,1236000.0,662900.0,1269000.0,9864000.0,9591000.0,
3063000.0,2396000.0,1750000.0,7007000.0,5063000.0,408900.0,1229000.0,675200.0,1304000.0,9816000.0,9520000.0,
3051000.0,2385000.0,1756000.0,6994000.0,5003000.0,408900.0,1238000.0,665600.0,1378000.0,9792000.0,9579000.0,
3034000.0,2389000.0,1758000.0,6994000.0,4914000.0,408900.0,1253000.0,739000.0,1289000.0,9792000.0,9669000.0,
3276000.0,2390000.0,1759000.0,6986000.0,4891000.0,408900.0,1253000.0,778600.0,1310000.0,9732000.0,9440000.0,
3249000.0,2387000.0,1765000.0,6991000.0,4849000.0,408900.0,1253000.0,784600.0,1303000.0,9732000.0,9482000.0,
3227000.0,2393000.0,1765000.0,6966000.0,4786000.0,408900.0,1253000.0,812800.0,1275000.0,9781000.0,9546000.0,
3219000.0,2388000.0,1750000.0,6963000.0,4786000.0,414900.0,1247000.0,812800.0,1379000.0,9775000.0,9568000.0,
3193000.0,2390000.0,1754000.0,6973000.0,4727000.0,414900.0,1247000.0,812800.0,1379000.0,9775000.0,9627000.0,
3184000.0,2388000.0,1760000.0,6973000.0,4756000.0,392300.0,1249000.0,841200.0,1342000.0,9775000.0,9627000.0,
3212000.0,2387000.0,1763000.0,6982000.0,4737000.0,404700.0,1237000.0,841200.0,1497000.0,9620000.0,9592000.0,
3203000.0,2381000.0,1766000.0,6963000.0,4737000.0,411500.0,1230000.0,916600.0,1539000.0,9502000.0,9592000.0,
3168000.0,2391000.0,1771000.0,6974000.0,4697000.0,421400.0,1220000.0,935700.0,1520000.0,9597000.0,9632000.0,
3288000.0,2391000.0,1771000.0,6958000.0,4672000.0,427400.0,1214000.0,935700.0,1520000.0,9597000.0,9536000.0,
3267000.0,2389000.0,1777000.0,6956000.0,4804000.0,277700.0,1214000.0,953700.0,1502000.0,9645000.0,9554000.0,
3261000.0,2390000.0,1781000.0,6951000.0,4804000.0,284700.0,1207000.0,964800.0,1491000.0,9742000.0,9554000.0,
3256000.0,2391000.0,1784000.0,6948000.0,4804000.0,284700.0,1207000.0,964800.0,1491000.0,9742000.0,9554000.0,
3240000.0,2390000.0,1786000.0,6948000.0,4744000.0,284700.0,1207000.0,981400.0,1475000.0,9839000.0,9615000.0,
3212000.0,2392000.0,1791000.0,6953000.0,4767000.0,261000.0,1215000.0,973200.0,1475000.0,9889000.0,9615000.0,
3198000.0,2392000.0,1795000.0,6953000.0,4746000.0,269000.0,1207000.0,973200.0,1475000.0,9889000.0,9636000.0,
3183000.0,2394000.0,1799000.0,6953000.0,4746000.0,269000.0,1207000.0,973200.0,1475000.0,9889000.0,9636000.0,
3170000.0,2394000.0,1801000.0,6933000.0,4726000.0,258900.0,1217000.0,987600.0,1450000.0,9889000.0,9666000.0,
3142000.0,2399000.0,1802000.0,6921000.0,4686000.0,264900.0,1219000.0,1058000.0,1371000.0,9889000.0,9706000.0,
3130000.0,2395000.0,1807000.0,6901000.0,4614000.0,264900.0,1219000.0,1070000.0,1359000.0,9889000.0,9778000.0,
3110000.0,2404000.0,1813000.0,6886000.0,4590000.0,258900.0,1334000.0,955900.0,1359000.0,9889000.0,9808000.0,
3087000.0,2408000.0,1816000.0,6866000.0,4549000.0,253300.0,1342000.0,983400.0,1323000.0,9889000.0,9855000.0,
3056000.0,2413000.0,1820000.0,6829000.0,4519000.0,253200.0,1350000.0,975200.0,1323000.0,9938000.0,9884000.0,
3041000.0,2412000.0,1822000.0,6818000.0,4501000.0,253200.0,1361000.0,964400.0,1323000.0,9938000.0,9902000.0,
3037000.0,2412000.0,1826000.0,6782000.0,4388000.0,265700.0,1349000.0,992900.0,1294000.0,9938000.0,1.002E7,
3026000.0,2422000.0,1827000.0,6762000.0,4335000.0,265700.0,1349000.0,1102000.0,1185000.0,9988000.0,1.007E7,
3022000.0,2418000.0,1835000.0,6758000.0,4274000.0,265700.0,1492000.0,994300.0,1149000.0,9988000.0,1.013E7,
3010000.0,2421000.0,1839000.0,6748000.0,4274000.0,265700.0,1498000.0,988300.0,1149000.0,9988000.0,1.013E7,
3012000.0,2413000.0,1843000.0,6776000.0,4238000.0,272700.0,1491000.0,997700.0,1211000.0,1.007E7,1.013E7,
3230000.0,2407000.0,1846000.0,6766000.0,4204000.0,267900.0,1497000.0,991700.0,1299000.0,1.003E7,9942000.0,
3395000.0,2401000.0,1849000.0,6777000.0,4145000.0,262200.0,1497000.0,1027000.0,1293000.0,1.005E7,9805000.0,
3430000.0,2396000.0,1858000.0,6771000.0,4138000.0,256200.0,1506000.0,1069000.0,1319000.0,9973000.0,9759000.0,
3424000.0,2396000.0,1859000.0,6771000.0,4101000.0,256200.0,1506000.0,1069000.0,1319000.0,9973000.0,9796000.0,
3479000.0,2395000.0,1863000.0,6784000.0,4024000.0,262200.0,1506000.0,1063000.0,1350000.0,9942000.0,9768000.0,
3424000.0,2391000.0,1847000.0,6780000.0,4007000.0,256100.0,1518000.0,1061000.0,1340000.0,9992000.0,9808000.0,
3410000.0,2387000.0,1852000.0,6753000.0,4007000.0,256100.0,1518000.0,1061000.0,1339000.0,9992000.0,9808000.0,
3620000.0,2393000.0,1855000.0,6768000.0,3995000.0,262200.0,1512000.0,1078000.0,1464000.0,9898000.0,9562000.0,
3604000.0,2408000.0,1856000.0,6758000.0,3959000.0,262200.0,1512000.0,1103000.0,1562000.0,9776000.0,9597000.0,
3587000.0,2403000.0,1858000.0,6739000.0,3942000.0,262000.0,1517000.0,1110000.0,1550000.0,9825000.0,9614000.0,
3811000.0,2402000.0,1861000.0,6730000.0,3927000.0,607600.0,1177000.0,1103000.0,1593000.0,9782000.0,9382000.0,
3715000.0,2407000.0,1862000.0,6790000.0,3915000.0,607600.0,1188000.0,1137000.0,1549000.0,9831000.0,9395000.0,
3709000.0,2406000.0,1864000.0,6790000.0,3859000.0,607600.0,1188000.0,1150000.0,1535000.0,9831000.0,9450000.0,
3652000.0,2410000.0,1866000.0,6807000.0,3824000.0,607600.0,1188000.0,1150000.0,1716000.0,9698000.0,9510000.0,
3646000.0,2403000.0,1874000.0,6806000.0,3824000.0,607600.0,1204000.0,1144000.0,1705000.0,9796000.0,9510000.0,
3637000.0,2403000.0,1879000.0,6791000.0,3810000.0,607600.0,1204000.0,1155000.0,1694000.0,9845000.0,9524000.0,
3625000.0,2401000.0,1884000.0,6785000.0,3785000.0,1052000.0,759400.0,1166000.0,1683000.0,9845000.0,9549000.0,
3617000.0,2396000.0,1882000.0,6755000.0,3740000.0,1052000.0,765400.0,1182000.0,1662000.0,9845000.0,9593000.0,
3604000.0,2385000.0,1885000.0,6750000.0,3724000.0,1053000.0,759400.0,1218000.0,1625000.0,9845000.0,9615000.0,
3534000.0,2406000.0,1889000.0,6772000.0,3701000.0,1053000.0,759300.0,1231000.0,1612000.0,9845000.0,9638000.0,
3524000.0,2413000.0,1891000.0,6753000.0,3678000.0,1053000.0,759300.0,1237000.0,1606000.0,9845000.0,9660000.0,
3510000.0,2410000.0,1894000.0,6752000.0,3683000.0,1061000.0,746300.0,1249000.0,1594000.0,9943000.0,9660000.0,
3587000.0,2406000.0,1897000.0,6732000.0,3660000.0,1067000.0,740200.0,1260000.0,1733000.0,9843000.0,9592000.0,
3555000.0,2405000.0,1900000.0,6726000.0,3626000.0,1074000.0,733200.0,1294000.0,1791000.0,9898000.0,9626000.0,
3549000.0,2397000.0,1904000.0,6696000.0,3626000.0,1074000.0,745200.0,1305000.0,1768000.0,9947000.0,9626000.0,
3508000.0,2384000.0,1907000.0,6723000.0,3609000.0,1074000.0,745200.0,1305000.0,1768000.0,9947000.0,9643000.0,
3640000.0,2383000.0,1909000.0,6735000.0,3609000.0,1074000.0,757300.0,1421000.0,1665000.0,9923000.0,9487000.0,
3605000.0,2380000.0,1911000.0,6751000.0,3609000.0,1074000.0,765400.0,1413000.0,1706000.0,9881000.0,9487000.0,
3570000.0,2369000.0,1912000.0,6746000.0,3581000.0,1339000.0,502700.0,1436000.0,1775000.0,9830000.0,9542000.0,
3569000.0,2369000.0,1897000.0,6746000.0,3581000.0,1339000.0,508800.0,1451000.0,1780000.0,9853000.0,9559000.0,
3559000.0,2366000.0,1899000.0,6731000.0,3568000.0,1339000.0,514800.0,1445000.0,1780000.0,9853000.0,9571000.0,
3548000.0,2354000.0,1902000.0,6726000.0,3550000.0,1351000.0,502700.0,1451000.0,1835000.0,9792000.0,9589000.0,
3530000.0,2345000.0,1909000.0,6742000.0,3526000.0,1357000.0,502700.0,1478000.0,1840000.0,9754000.0,9584000.0,
3518000.0,2347000.0,1908000.0,6732000.0,3513000.0,1369000.0,1282000.0,696900.0,1974000.0,9658000.0,9596000.0,
3572000.0,2344000.0,1912000.0,6703000.0,3477000.0,1365000.0,1276000.0,708500.0,2099000.0,9521000.0,9565000.0,
3538000.0,2351000.0,1914000.0,6688000.0,3483000.0,1359000.0,1276000.0,719700.0,2087000.0,9521000.0,9585000.0,
3629000.0,2354000.0,1900000.0,6678000.0,3461000.0,1347000.0,1285000.0,716800.0,2081000.0,9521000.0,9525000.0,
3621000.0,2346000.0,1892000.0,6663000.0,3467000.0,1341000.0,1305000.0,696600.0,2081000.0,9521000.0,9538000.0,
3594000.0,2347000.0,1895000.0,6644000.0,3453000.0,1352000.0,1302000.0,699800.0,2070000.0,9569000.0,9551000.0,
3578000.0,2344000.0,1899000.0,6639000.0,3431000.0,1358000.0,1296000.0,800300.0,1970000.0,9617000.0,9572000.0,
3567000.0,2341000.0,1902000.0,6599000.0,3419000.0,1358000.0,1302000.0,804300.0,2015000.0,9561000.0,9585000.0,
3560000.0,2334000.0,1905000.0,6584000.0,3406000.0,1358000.0,1318000.0,858800.0,1945000.0,9561000.0,9597000.0,
3409000.0,2338000.0,1909000.0,6717000.0,3424000.0,1334000.0,1312000.0,868900.0,1935000.0,9561000.0,9610000.0,
3206000.0,2340000.0,1883000.0,6894000.0,3442000.0,1315000.0,1312000.0,886400.0,1917000.0,9561000.0,9640000.0,
3193000.0,2328000.0,1884000.0,6894000.0,3391000.0,1296000.0,1318000.0,880300.0,1917000.0,9705000.0,9710000.0,
3250000.0,2326000.0,1885000.0,6896000.0,3391000.0,1296000.0,1324000.0,908800.0,2016000.0,9572000.0,9632000.0,
3220000.0,2323000.0,1865000.0,6895000.0,3407000.0,1270000.0,1321000.0,900000.0,2016000.0,9620000.0,9677000.0,
3219000.0,2324000.0,1866000.0,6875000.0,3407000.0,1270000.0,1329000.0,903600.0,2004000.0,9620000.0,9677000.0,
3218000.0,2317000.0,1869000.0,6870000.0,3407000.0,1270000.0,1329000.0,944700.0,1963000.0,9668000.0,9677000.0,
3314000.0,2311000.0,1872000.0,6867000.0,3595000.0,1055000.0,1329000.0,944700.0,1979000.0,9700000.0,9599000.0,
3376000.0,2298000.0,1851000.0,6862000.0,3589000.0,1049000.0,1350000.0,986900.0,2061000.0,9556000.0,9562000.0,
3361000.0,2299000.0,1851000.0,6852000.0,3548000.0,1065000.0,1339000.0,1001000.0,2040000.0,9556000.0,9603000.0,
3436000.0,2308000.0,1855000.0,6831000.0,3534000.0,1078000.0,1331000.0,996400.0,2040000.0,9603000.0,9505000.0,
3422000.0,2304000.0,1858000.0,6831000.0,3534000.0,1078000.0,1331000.0,1027000.0,2023000.0,9590000.0,9505000.0,
3299000.0,2307000.0,1861000.0,6923000.0,3542000.0,1070000.0,1331000.0,1104000.0,1946000.0,9590000.0,9505000.0,
3291000.0,2313000.0,1863000.0,6918000.0,3521000.0,1070000.0,1340000.0,1094000.0,1946000.0,9590000.0,9526000.0,
3255000.0,2318000.0,1865000.0,6932000.0,3508000.0,1070000.0,1340000.0,1113000.0,1927000.0,9590000.0,9539000.0,
3248000.0,2318000.0,1867000.0,6927000.0,3513000.0,1081000.0,1324000.0,1113000.0,1927000.0,9590000.0,9539000.0,
3196000.0,2316000.0,1870000.0,6957000.0,3513000.0,1081000.0,1329000.0,1144000.0,2003000.0,9527000.0,9539000.0,
3189000.0,2308000.0,1875000.0,6948000.0,3521000.0,1073000.0,1329000.0,1144000.0,2003000.0,9574000.0,9539000.0,
3184000.0,2307000.0,1880000.0,6943000.0,3498000.0,1073000.0,1329000.0,1150000.0,1997000.0,9574000.0,9562000.0,
3171000.0,2304000.0,1881000.0,6923000.0,3498000.0,1073000.0,1329000.0,1210000.0,1936000.0,9574000.0,9562000.0,
3168000.0,2304000.0,1869000.0,6913000.0,3498000.0,1073000.0,1329000.0,1262000.0,1884000.0,9622000.0,9576000.0,
3161000.0,2310000.0,1855000.0,6899000.0,4184000.0,361300.0,1329000.0,1288000.0,1859000.0,9622000.0,9617000.0,
3134000.0,2308000.0,1860000.0,6899000.0,4194000.0,351200.0,1329000.0,1318000.0,1829000.0,9670000.0,9637000.0,
3124000.0,2310000.0,1865000.0,6893000.0,4173000.0,347800.0,1339000.0,1352000.0,1784000.0,9719000.0,9659000.0,
3245000.0,2300000.0,1867000.0,6896000.0,4173000.0,347700.0,1348000.0,1350000.0,1803000.0,9790000.0,9523000.0,
3128000.0,2299000.0,1870000.0,6992000.0,4136000.0,359800.0,1336000.0,1428000.0,1725000.0,9790000.0,9560000.0,
3379000.0,2296000.0,1876000.0,7005000.0,4069000.0,359800.0,1336000.0,1439000.0,1867000.0,9636000.0,9356000.0,
3365000.0,2297000.0,1883000.0,7000000.0,4069000.0,359800.0,1336000.0,1459000.0,1980000.0,9504000.0,9356000.0,
3340000.0,2300000.0,1885000.0,7010000.0,4033000.0,357600.0,1354000.0,1437000.0,1980000.0,9552000.0,9397000.0,
3309000.0,2301000.0,1889000.0,7021000.0,4039000.0,370100.0,1335000.0,1466000.0,1951000.0,9552000.0,9397000.0,
3300000.0,2305000.0,1894000.0,7021000.0,4047000.0,362000.0,1335000.0,1531000.0,1886000.0,9552000.0,9397000.0,
3275000.0,2307000.0,1899000.0,7023000.0,4047000.0,369100.0,1337000.0,1603000.0,1805000.0,9648000.0,9397000.0,
3251000.0,2311000.0,1904000.0,7023000.0,4047000.0,375100.0,1340000.0,1614000.0,1866000.0,9567000.0,9397000.0,
3234000.0,2307000.0,1910000.0,7023000.0,4047000.0,381100.0,1334000.0,1648000.0,1883000.0,9565000.0,9397000.0,
3206000.0,2302000.0,1912000.0,7025000.0,4054000.0,380400.0,1328000.0,1660000.0,1927000.0,9556000.0,9417000.0,
3199000.0,2301000.0,1914000.0,7021000.0,4037000.0,384200.0,1318000.0,1709000.0,1878000.0,9604000.0,9440000.0,
3181000.0,2295000.0,1919000.0,7020000.0,4009000.0,377000.0,1326000.0,1713000.0,1866000.0,9604000.0,9475000.0,
3130000.0,2291000.0,1923000.0,7040000.0,4009000.0,376900.0,1335000.0,1744000.0,1825000.0,9652000.0,9475000.0,
3091000.0,2289000.0,1924000.0,7056000.0,4009000.0,376900.0,1335000.0,1761000.0,1840000.0,9669000.0,9475000.0,
3076000.0,2287000.0,1926000.0,7057000.0,4144000.0,192100.0,1333000.0,1773000.0,1938000.0,9596000.0,9537000.0,
3056000.0,2294000.0,1927000.0,7054000.0,4108000.0,192100.0,1344000.0,1772000.0,1928000.0,9596000.0,9572000.0,
3026000.0,2299000.0,1921000.0,7061000.0,4108000.0,192100.0,1353000.0,1833000.0,1858000.0,9644000.0,9585000.0,
3015000.0,2302000.0,1924000.0,7051000.0,4073000.0,198100.0,1347000.0,1850000.0,1842000.0,9644000.0,9620000.0,
3168000.0,2293000.0,1904000.0,7053000.0,4016000.0,213000.0,2309000.0,913600.0,1830000.0,9662000.0,9527000.0,
3116000.0,2275000.0,1906000.0,7070000.0,3977000.0,213000.0,2318000.0,995400.0,1740000.0,9662000.0,9566000.0,
3096000.0,2270000.0,1908000.0,7063000.0,3962000.0,213000.0,2324000.0,999600.0,1729000.0,9711000.0,9582000.0,
3083000.0,2268000.0,1892000.0,7012000.0,3903000.0,212900.0,2324000.0,1018000.0,1711000.0,9711000.0,9661000.0,
2951000.0,2263000.0,1894000.0,7108000.0,3903000.0,212900.0,2349000.0,1070000.0,1634000.0,9759000.0,9661000.0,
2927000.0,2269000.0,1897000.0,7113000.0,3903000.0,628100.0,1934000.0,1142000.0,1562000.0,9759000.0,9661000.0,
3051000.0,2275000.0,1899000.0,7113000.0,3886000.0,871300.0,1697000.0,1135000.0,1588000.0,9734000.0,9531000.0,
3035000.0,2274000.0,1901000.0,7078000.0,3862000.0,1893000.0,680400.0,1131000.0,1632000.0,9738000.0,9554000.0,
3018000.0,2285000.0,1903000.0,7073000.0,3784000.0,1892000.0,687400.0,1150000.0,1602000.0,9738000.0,9637000.0,
3013000.0,2285000.0,1906000.0,7058000.0,3763000.0,1892000.0,687400.0,1230000.0,1522000.0,9738000.0,9658000.0,
3254000.0,2287000.0,1909000.0,7048000.0,3728000.0,1892000.0,687400.0,1230000.0,1565000.0,9695000.0,9444000.0,
3233000.0,2290000.0,1878000.0,7038000.0,3716000.0,1901000.0,683300.0,1232000.0,1669000.0,9579000.0,9494000.0,
3232000.0,2279000.0,1880000.0,7028000.0,3716000.0,1901000.0,708800.0,1219000.0,1657000.0,9579000.0,9494000.0,
3215000.0,2273000.0,1883000.0,7018000.0,3698000.0,1895000.0,717300.0,1233000.0,1746000.0,9515000.0,9517000.0,
3204000.0,2265000.0,1880000.0,7008000.0,3675000.0,1885000.0,722100.0,1238000.0,1736000.0,9515000.0,9563000.0,
3174000.0,2265000.0,1883000.0,7015000.0,3652000.0,1898000.0,709600.0,1263000.0,1711000.0,9563000.0,9586000.0,
3156000.0,2266000.0,1884000.0,7006000.0,3634000.0,1940000.0,675100.0,1273000.0,1693000.0,9611000.0,9603000.0,
3137000.0,2264000.0,1885000.0,7006000.0,3634000.0,1945000.0,670300.0,1325000.0,1641000.0,9804000.0,9603000.0,
3159000.0,2262000.0,1889000.0,7103000.0,3621000.0,1945000.0,684600.0,1317000.0,1698000.0,9741000.0,9480000.0,
3155000.0,2257000.0,1892000.0,7083000.0,3598000.0,1945000.0,684600.0,1326000.0,1773000.0,9657000.0,9503000.0,
3142000.0,2260000.0,1896000.0,7074000.0,3598000.0,1988000.0,651500.0,1334000.0,1883000.0,9577000.0,9503000.0,
3121000.0,2254000.0,1903000.0,7050000.0,3581000.0,1988000.0,651500.0,1358000.0,1859000.0,9577000.0,9520000.0,
3099000.0,2256000.0,1905000.0,7043000.0,3581000.0,1988000.0,651400.0,1358000.0,1859000.0,9673000.0,9520000.0,
3088000.0,2256000.0,1906000.0,7028000.0,3587000.0,1982000.0,667200.0,1362000.0,1951000.0,9610000.0,9520000.0,
3086000.0,2254000.0,1910000.0,7007000.0,3564000.0,1988000.0,675400.0,1439000.0,1859000.0,9706000.0,9543000.0,
3082000.0,2251000.0,1910000.0,6994000.0,3541000.0,1988000.0,683900.0,1430000.0,1859000.0,9706000.0,9566000.0,
3053000.0,2257000.0,1913000.0,7003000.0,3541000.0,1993000.0,685100.0,1473000.0,1811000.0,9706000.0,9566000.0,
3051000.0,2256000.0,1916000.0,6994000.0,3541000.0,1993000.0,691100.0,1483000.0,1871000.0,9678000.0,9566000.0,
3038000.0,2255000.0,1921000.0,6979000.0,3541000.0,2005000.0,679000.0,1527000.0,1827000.0,9775000.0,9566000.0,
3030000.0,2257000.0,1921000.0,6959000.0,3541000.0,2005000.0,691000.0,1527000.0,1815000.0,9824000.0,9566000.0,
3006000.0,2270000.0,1921000.0,6939000.0,3547000.0,1999000.0,691000.0,1527000.0,1815000.0,9824000.0,9566000.0,
2973000.0,2270000.0,1923000.0,6939000.0,3559000.0,1993000.0,698900.0,1513000.0,1815000.0,9824000.0,9578000.0,
2873000.0,2274000.0,1924000.0,6984000.0,3565000.0,2001000.0,696200.0,1526000.0,1790000.0,9873000.0,9578000.0,
2866000.0,2274000.0,1906000.0,6979000.0,3565000.0,2001000.0,696200.0,1526000.0,1790000.0,9972000.0,9599000.0,
2843000.0,2280000.0,1907000.0,6980000.0,3565000.0,2001000.0,704100.0,1555000.0,1753000.0,1.002E7,9599000.0,
2838000.0,2282000.0,1910000.0,6960000.0,3582000.0,1984000.0,704100.0,1555000.0,1868000.0,9907000.0,9599000.0,
2828000.0,2285000.0,1894000.0,6955000.0,4845000.0,726000.0,704100.0,1586000.0,1832000.0,9907000.0,9617000.0,
2980000.0,2285000.0,1898000.0,6935000.0,4851000.0,719900.0,704100.0,1620000.0,1869000.0,9835000.0,9460000.0,
2968000.0,2290000.0,1900000.0,6930000.0,4857000.0,738600.0,679400.0,1620000.0,1889000.0,9864000.0,9460000.0,
2957000.0,2280000.0,1902000.0,6925000.0,4861000.0,1048000.0,372400.0,1649000.0,1855000.0,9864000.0,9460000.0,
2950000.0,2276000.0,1906000.0,6906000.0,4881000.0,1033000.0,373600.0,1671000.0,1925000.0,9814000.0,9460000.0,
2937000.0,2280000.0,1910000.0,6876000.0,4881000.0,1033000.0,1408000.0,648700.0,2039000.0,9736000.0,9460000.0,
2932000.0,2269000.0,1912000.0,6866000.0,4881000.0,1042000.0,1399000.0,723000.0,2071000.0,9630000.0,9460000.0,
2927000.0,2265000.0,1903000.0,6831000.0,4874000.0,957500.0,1399000.0,757400.0,2036000.0,9630000.0,9563000.0,
2908000.0,2276000.0,1906000.0,6816000.0,4874000.0,957500.0,1399000.0,769400.0,2024000.0,9630000.0,9563000.0,
2895000.0,2282000.0,1909000.0,6796000.0,4885000.0,951500.0,1394000.0,835200.0,1983000.0,9606000.0,9563000.0,
2890000.0,2284000.0,1892000.0,6786000.0,4863000.0,957500.0,1396000.0,859000.0,1951000.0,9606000.0,9604000.0,
2880000.0,2285000.0,1896000.0,6781000.0,4841000.0,961300.0,1399000.0,856200.0,1937000.0,9702000.0,9636000.0,
3078000.0,2288000.0,1900000.0,6776000.0,4824000.0,955200.0,1399000.0,876800.0,2021000.0,9647000.0,9443000.0,
3002000.0,2291000.0,1901000.0,6808000.0,4824000.0,955200.0,1399000.0,888400.0,2026000.0,9678000.0,9443000.0,
2967000.0,2288000.0,1907000.0,6816000.0,4803000.0,961500.0,1392000.0,918500.0,2101000.0,9573000.0,9465000.0,
2951000.0,2272000.0,1908000.0,6796000.0,4781000.0,1899000.0,454900.0,966300.0,2053000.0,9669000.0,9487000.0,
2924000.0,2272000.0,1910000.0,6776000.0,4787000.0,1893000.0,454900.0,1002000.0,2065000.0,9621000.0,9487000.0,
2912000.0,2270000.0,1908000.0,6751000.0,4748000.0,1887000.0,875300.0,593700.0,2193000.0,9481000.0,9531000.0,
2879000.0,2265000.0,1911000.0,6731000.0,4688000.0,1890000.0,869200.0,631600.0,2155000.0,9529000.0,9595000.0,
2873000.0,2263000.0,1914000.0,6731000.0,4675000.0,1866000.0,883100.0,669900.0,2103000.0,9529000.0,9631000.0,
2867000.0,2262000.0,1916000.0,6731000.0,4657000.0,1873000.0,889800.0,696200.0,2063000.0,9529000.0,9648000.0,
2850000.0,2264000.0,1917000.0,6731000.0,4645000.0,1877000.0,898100.0,696700.0,2043000.0,9529000.0,9668000.0,
2947000.0,2251000.0,1921000.0,6743000.0,5244000.0,1257000.0,907700.0,698100.0,2101000.0,9555000.0,9574000.0,
2979000.0,2251000.0,1904000.0,6748000.0,5195000.0,1267000.0,897700.0,742300.0,2141000.0,9518000.0,9587000.0,
2939000.0,2246000.0,1907000.0,6770000.0,5182000.0,1267000.0,906500.0,733500.0,2141000.0,9566000.0,9599000.0,
2923000.0,2247000.0,1912000.0,6766000.0,5182000.0,1267000.0,915400.0,724600.0,2141000.0,9566000.0,9599000.0,
2918000.0,2244000.0,1915000.0,6761000.0,5170000.0,1273000.0,909400.0,724600.0,2141000.0,9566000.0,9612000.0,
2893000.0,2251000.0,1918000.0,6750000.0,5170000.0,1273000.0,909400.0,806600.0,2059000.0,9613000.0,9612000.0,
3133000.0,2247000.0,1920000.0,6731000.0,5178000.0,1265000.0,909400.0,806600.0,2078000.0,9595000.0,9363000.0,
3121000.0,2250000.0,1924000.0,6731000.0,5172000.0,1264000.0,903000.0,861300.0,2023000.0,9595000.0,9376000.0,
3090000.0,2250000.0,1926000.0,6726000.0,5172000.0,1264000.0,903000.0,889200.0,1995000.0,9595000.0,9376000.0,
3023000.0,2220000.0,1935000.0,6749000.0,5135000.0,1264000.0,911600.0,902600.0,1973000.0,9691000.0,9457000.0,
3009000.0,2223000.0,1936000.0,6744000.0,5086000.0,1264000.0,911600.0,902600.0,2085000.0,9579000.0,9507000.0,
2996000.0,2227000.0,1924000.0,6735000.0,5086000.0,1271000.0,904500.0,902600.0,2085000.0,9579000.0,9522000.0,
2914000.0,2222000.0,1926000.0,6805000.0,5012000.0,1277000.0,907800.0,919800.0,2058000.0,9579000.0,9596000.0,
2896000.0,2223000.0,1926000.0,6801000.0,4904000.0,1284000.0,901500.0,936700.0,2041000.0,9627000.0,9704000.0,
2997000.0,2225000.0,1929000.0,6771000.0,4876000.0,1270000.0,919200.0,988400.0,2062000.0,9634000.0,9636000.0,
2988000.0,2226000.0,1931000.0,6766000.0,4876000.0,1270000.0,925200.0,1014000.0,2030000.0,9682000.0,9636000.0,
2968000.0,2232000.0,1934000.0,6767000.0,4853000.0,1270000.0,930000.0,1064000.0,1975000.0,9682000.0,9659000.0,
2949000.0,2234000.0,1937000.0,6741000.0,4821000.0,1264000.0,930000.0,1075000.0,1964000.0,9730000.0,9697000.0,
3105000.0,2231000.0,1941000.0,6736000.0,5196000.0,888000.0,930000.0,1119000.0,2007000.0,9644000.0,9535000.0,
3089000.0,2229000.0,1923000.0,6731000.0,5155000.0,906700.0,930000.0,1157000.0,2013000.0,9581000.0,9597000.0,
3074000.0,2229000.0,1906000.0,6731000.0,5132000.0,906700.0,930000.0,1205000.0,1965000.0,9581000.0,9642000.0,
3114000.0,2232000.0,1908000.0,6706000.0,5124000.0,892600.0,930000.0,1243000.0,1926000.0,9581000.0,9605000.0,
3153000.0,2242000.0,1909000.0,6691000.0,5124000.0,898900.0,923700.0,1276000.0,1947000.0,9576000.0,9538000.0,
3132000.0,2251000.0,1912000.0,6691000.0,5137000.0,892200.0,917400.0,1312000.0,1910000.0,9576000.0,9538000.0,
3119000.0,2249000.0,1915000.0,6650000.0,5099000.0,887000.0,917300.0,1395000.0,1827000.0,9576000.0,9579000.0,
3114000.0,2245000.0,1917000.0,6601000.0,5049000.0,880800.0,917300.0,1513000.0,1709000.0,9576000.0,9636000.0,
3229000.0,2253000.0,1922000.0,6583000.0,4981000.0,887800.0,916300.0,1521000.0,1695000.0,9576000.0,9545000.0,
3208000.0,2257000.0,1923000.0,6573000.0,4901000.0,887800.0,916300.0,1521000.0,1695000.0,9576000.0,9625000.0,
3229000.0,2261000.0,1925000.0,6563000.0,4875000.0,887800.0,916300.0,1582000.0,1634000.0,9576000.0,9589000.0,
3211000.0,2270000.0,1906000.0,6547000.0,4863000.0,887800.0,916300.0,1592000.0,1623000.0,9576000.0,9625000.0,
3420000.0,2270000.0,1909000.0,6547000.0,4790000.0,887800.0,916300.0,1626000.0,1589000.0,9576000.0,9480000.0,
3402000.0,2263000.0,1918000.0,6549000.0,4742000.0,887800.0,916300.0,1652000.0,1563000.0,9672000.0,9528000.0,
3387000.0,2268000.0,1921000.0,6544000.0,4678000.0,905300.0,907400.0,1660000.0,1673000.0,9642000.0,9589000.0,
3468000.0,2268000.0,1907000.0,6533000.0,4679000.0,892000.0,947000.0,1627000.0,1768000.0,9541000.0,9510000.0,
3439000.0,2269000.0,1908000.0,6528000.0,4901000.0,656100.0,947000.0,1650000.0,1745000.0,9541000.0,9546000.0,
3433000.0,2266000.0,1909000.0,6520000.0,4880000.0,656100.0,947000.0,1669000.0,1726000.0,9541000.0,9568000.0,
3415000.0,2265000.0,1911000.0,6492000.0,4790000.0,655900.0,953000.0,1712000.0,1676000.0,9588000.0,9658000.0,
3387000.0,2269000.0,1914000.0,6473000.0,4777000.0,667900.0,954800.0,1721000.0,1654000.0,9636000.0,9670000.0,
3372000.0,2262000.0,1917000.0,6468000.0,4773000.0,657800.0,1009000.0,1688000.0,1632000.0,9636000.0,9684000.0,
3353000.0,2265000.0,1917000.0,6458000.0,4745000.0,659700.0,1009000.0,1746000.0,1568000.0,9636000.0,9718000.0,
3332000.0,2272000.0,1921000.0,6453000.0,4718000.0,664500.0,1004000.0,1793000.0,1521000.0,9636000.0,9745000.0,
3322000.0,2274000.0,1923000.0,6444000.0,4718000.0,664500.0,1024000.0,1840000.0,1454000.0,9636000.0,9745000.0,
3307000.0,2271000.0,1921000.0,6424000.0,4718000.0,664500.0,1030000.0,1860000.0,1428000.0,9636000.0,9745000.0,
3402000.0,2271000.0,1921000.0,6405000.0,4690000.0,648700.0,1030000.0,1871000.0,1453000.0,9648000.0,9687000.0,
3393000.0,2271000.0,1920000.0,6405000.0,4690000.0,653600.0,1025000.0,1904000.0,1420000.0,9648000.0,9687000.0,
3355000.0,2271000.0,1922000.0,6431000.0,4633000.0,661100.0,1040000.0,1905000.0,1396000.0,9648000.0,9744000.0,
3350000.0,2268000.0,1925000.0,6406000.0,4611000.0,667200.0,1040000.0,1923000.0,1372000.0,9648000.0,9766000.0,
3320000.0,2262000.0,1929000.0,6399000.0,4616000.0,687200.0,1041000.0,1896000.0,1372000.0,9697000.0,9766000.0,
3387000.0,2252000.0,1930000.0,6389000.0,4971000.0,276100.0,1041000.0,1995000.0,1343000.0,9677000.0,9754000.0,
3355000.0,2254000.0,1933000.0,6396000.0,4923000.0,276100.0,1041000.0,2008000.0,1330000.0,9774000.0,9802000.0,
3335000.0,2255000.0,1936000.0,6386000.0,4835000.0,464000.0,860900.0,2000000.0,1330000.0,9774000.0,9890000.0,
3326000.0,2255000.0,1940000.0,6366000.0,4854000.0,445100.0,860900.0,2071000.0,1258000.0,9774000.0,9890000.0,
3313000.0,2253000.0,1945000.0,6342000.0,4854000.0,445000.0,860900.0,2189000.0,1140000.0,9822000.0,9890000.0,
3371000.0,2249000.0,1947000.0,6342000.0,4762000.0,445000.0,860900.0,2219000.0,1133000.0,9849000.0,9914000.0,
3354000.0,2254000.0,1948000.0,6332000.0,4698000.0,451300.0,864500.0,2229000.0,1113000.0,9849000.0,9979000.0,
3454000.0,2256000.0,1951000.0,6347000.0,4664000.0,451300.0,864500.0,2263000.0,1213000.0,9714000.0,9873000.0,
3427000.0,2248000.0,1956000.0,6362000.0,4664000.0,462300.0,853500.0,2273000.0,1203000.0,9763000.0,9873000.0,
3373000.0,2245000.0,1939000.0,6375000.0,4625000.0,462200.0,853400.0,2287000.0,1189000.0,9861000.0,9933000.0,
3351000.0,2239000.0,1942000.0,6375000.0,4586000.0,462200.0,862100.0,2278000.0,1189000.0,9861000.0,9972000.0,
3441000.0,2248000.0,1940000.0,6370000.0,4581000.0,462200.0,862100.0,2297000.0,1207000.0,9874000.0,9865000.0,
3426000.0,2254000.0,1945000.0,6360000.0,4522000.0,462200.0,862100.0,2318000.0,1185000.0,9874000.0,9924000.0,
3395000.0,2269000.0,1946000.0,6366000.0,4487000.0,462200.0,870100.0,2310000.0,1185000.0,9874000.0,9959000.0,
3436000.0,2264000.0,1947000.0,6366000.0,4472000.0,468200.0,864000.0,2310000.0,1270000.0,9790000.0,9921000.0,
3431000.0,2262000.0,1949000.0,6361000.0,4454000.0,476200.0,856000.0,2337000.0,1243000.0,9790000.0,9939000.0,
3514000.0,2250000.0,1951000.0,6347000.0,4395000.0,482200.0,856000.0,2349000.0,1295000.0,9719000.0,9899000.0,
3503000.0,2250000.0,1952000.0,6342000.0,4380000.0,488200.0,849900.0,2349000.0,1295000.0,9767000.0,9913000.0,
3585000.0,2246000.0,1953000.0,6337000.0,4362000.0,488200.0,856000.0,2343000.0,1348000.0,9715000.0,9838000.0,
3563000.0,2246000.0,1957000.0,6351000.0,4308000.0,494200.0,849900.0,2380000.0,1311000.0,9715000.0,9892000.0,
3552000.0,2234000.0,1964000.0,6351000.0,4308000.0,500300.0,1305000.0,1919000.0,1311000.0,9715000.0,9892000.0,
3865000.0,2233000.0,1967000.0,6331000.0,4230000.0,506700.0,1304000.0,1913000.0,1391000.0,9635000.0,9635000.0,
3949000.0,2234000.0,1945000.0,6325000.0,4230000.0,512700.0,1315000.0,1907000.0,1451000.0,9612000.0,9567000.0,
3932000.0,2228000.0,1951000.0,6332000.0,4168000.0,501100.0,1326000.0,1941000.0,1406000.0,9612000.0,9641000.0,
3908000.0,2227000.0,1956000.0,6342000.0,4150000.0,505900.0,1321000.0,1951000.0,1395000.0,9708000.0,9659000.0,
3887000.0,2225000.0,1960000.0,6356000.0,4113000.0,505900.0,1333000.0,1939000.0,1395000.0,9708000.0,9696000.0,
4129000.0,2224000.0,1962000.0,6351000.0,4113000.0,505800.0,1659000.0,1619000.0,1519000.0,9675000.0,9444000.0,
4101000.0,2224000.0,1949000.0,6359000.0,4100000.0,505800.0,1931000.0,1358000.0,1584000.0,9598000.0,9474000.0,
4079000.0,2228000.0,1952000.0,6359000.0,4077000.0,505800.0,1931000.0,1379000.0,1563000.0,9598000.0,9497000.0,
4051000.0,2222000.0,1954000.0,6361000.0,4047000.0,967900.0,1481000.0,1430000.0,1496000.0,9646000.0,9533000.0,
4016000.0,2237000.0,1954000.0,6361000.0,4047000.0,974000.0,1475000.0,1436000.0,1490000.0,9695000.0,9533000.0,
3973000.0,2248000.0,1958000.0,6358000.0,4047000.0,980000.0,1485000.0,1430000.0,1526000.0,9648000.0,9533000.0,
3938000.0,2244000.0,1962000.0,6369000.0,3999000.0,980000.0,1485000.0,1440000.0,1516000.0,9648000.0,9580000.0,
3921000.0,2238000.0,1969000.0,6340000.0,4007000.0,971000.0,1502000.0,1455000.0,1539000.0,9592000.0,9580000.0,
4150000.0,2238000.0,1972000.0,6340000.0,3989000.0,968800.0,1498000.0,1466000.0,1529000.0,9592000.0,9362000.0,
4102000.0,2243000.0,1974000.0,6371000.0,3953000.0,968800.0,1518000.0,1446000.0,1529000.0,9592000.0,9399000.0,
4098000.0,2237000.0,1979000.0,6371000.0,3940000.0,968800.0,1518000.0,1457000.0,1518000.0,9592000.0,9412000.0,
4051000.0,2240000.0,1980000.0,6409000.0,3929000.0,969300.0,1517000.0,1461000.0,1508000.0,9592000.0,9429000.0,
3925000.0,2240000.0,1984000.0,6511000.0,3911000.0,969300.0,1531000.0,1447000.0,1508000.0,9592000.0,9447000.0,
3899000.0,2245000.0,1989000.0,6506000.0,3879000.0,974100.0,1532000.0,1492000.0,1457000.0,9688000.0,9479000.0,
3880000.0,2251000.0,1992000.0,6492000.0,3879000.0,974000.0,1553000.0,1489000.0,1626000.0,9598000.0,9479000.0,
3844000.0,2247000.0,1995000.0,6494000.0,3854000.0,973900.0,1558000.0,1519000.0,1590000.0,9598000.0,9504000.0,
3827000.0,2243000.0,1997000.0,6494000.0,3820000.0,986000.0,1546000.0,1519000.0,1590000.0,9598000.0,9538000.0,
3815000.0,2238000.0,1998000.0,6479000.0,3801000.0,986000.0,1546000.0,1519000.0,1590000.0,9598000.0,9558000.0,
3792000.0,2237000.0,2003000.0,6478000.0,3768000.0,986000.0,1546000.0,1519000.0,1590000.0,9694000.0,9590000.0,
3743000.0,2236000.0,1982000.0,6463000.0,3723000.0,985900.0,1552000.0,1540000.0,1564000.0,9694000.0,9681000.0,
3699000.0,2236000.0,1972000.0,6455000.0,3684000.0,991800.0,1552000.0,1543000.0,1554000.0,9694000.0,9732000.0,
3965000.0,2236000.0,1977000.0,6450000.0,3665000.0,985700.0,1552000.0,1550000.0,1734000.0,9555000.0,9471000.0,
3942000.0,2237000.0,1979000.0,6440000.0,3655000.0,975700.0,1552000.0,1586000.0,1698000.0,9602000.0,9491000.0,
3908000.0,2236000.0,1984000.0,6430000.0,3609000.0,975600.0,1565000.0,1601000.0,1670000.0,9602000.0,9537000.0,
3883000.0,2243000.0,1987000.0,6430000.0,3563000.0,986900.0,1780000.0,1374000.0,1708000.0,9564000.0,9583000.0,
3873000.0,2244000.0,1990000.0,6426000.0,3563000.0,1002000.0,1771000.0,1450000.0,1670000.0,9569000.0,9583000.0,
3864000.0,2242000.0,1991000.0,6426000.0,3574000.0,990800.0,1777000.0,1444000.0,1670000.0,9616000.0,9583000.0,
3836000.0,2239000.0,1978000.0,6439000.0,3574000.0,996800.0,1771000.0,1450000.0,1664000.0,9665000.0,9598000.0,
3803000.0,2245000.0,1979000.0,6450000.0,3554000.0,996800.0,1781000.0,1458000.0,1646000.0,9665000.0,9618000.0,
3778000.0,2246000.0,1982000.0,6456000.0,3554000.0,996800.0,1781000.0,1491000.0,1612000.0,9665000.0,9618000.0,
3842000.0,2247000.0,1984000.0,6436000.0,3554000.0,996800.0,1781000.0,1562000.0,1583000.0,9671000.0,9542000.0,
3818000.0,2244000.0,1984000.0,6422000.0,3554000.0,1008000.0,1771000.0,1573000.0,1572000.0,9719000.0,9542000.0,
3800000.0,2243000.0,1987000.0,6437000.0,3544000.0,1002000.0,1771000.0,1573000.0,1572000.0,9719000.0,9559000.0,
3749000.0,2240000.0,1990000.0,6464000.0,3543000.0,1002000.0,1771000.0,1573000.0,1599000.0,9741000.0,9559000.0,
3705000.0,2238000.0,1996000.0,6490000.0,3660000.0,806600.0,1754000.0,1610000.0,1562000.0,9790000.0,9653000.0,
3692000.0,2248000.0,1999000.0,6476000.0,3660000.0,812500.0,1748000.0,1609000.0,1562000.0,9790000.0,9653000.0,
3794000.0,2235000.0,1996000.0,6477000.0,3524000.0,805600.0,1748000.0,1609000.0,1642000.0,9709000.0,9653000.0,
4041000.0,2236000.0,2002000.0,6458000.0,3505000.0,805600.0,1748000.0,1627000.0,1694000.0,9639000.0,9403000.0,
4024000.0,2232000.0,2006000.0,6454000.0,3469000.0,805600.0,1748000.0,1658000.0,1706000.0,9596000.0,9439000.0,
3998000.0,2233000.0,2010000.0,6444000.0,3421000.0,812600.0,1750000.0,1650000.0,1706000.0,9596000.0,9488000.0,
3827000.0,2245000.0,2013000.0,6591000.0,3421000.0,812600.0,1758000.0,1641000.0,1706000.0,9596000.0,9488000.0,
3776000.0,2253000.0,2016000.0,6621000.0,3421000.0,853200.0,1717000.0,1772000.0,1575000.0,9596000.0,9488000.0,
3758000.0,2257000.0,2016000.0,6631000.0,3417000.0,844600.0,1728000.0,1780000.0,1557000.0,9644000.0,9500000.0,
3717000.0,2265000.0,2019000.0,6649000.0,3417000.0,844600.0,1734000.0,1814000.0,1558000.0,9603000.0,9500000.0,
3704000.0,2261000.0,2003000.0,6651000.0,3429000.0,844500.0,1721000.0,1825000.0,1547000.0,9603000.0,9521000.0,
3688000.0,2248000.0,2005000.0,6645000.0,3392000.0,2073000.0,492600.0,1860000.0,1511000.0,9603000.0,9558000.0,
3667000.0,2258000.0,2006000.0,6645000.0,3373000.0,2073000.0,492600.0,1879000.0,1493000.0,9651000.0,9577000.0,
3760000.0,2256000.0,2015000.0,6635000.0,3348000.0,2085000.0,1731000.0,663700.0,1521000.0,9586000.0,9493000.0,
3757000.0,2255000.0,2018000.0,6635000.0,3348000.0,2085000.0,1731000.0,663700.0,1521000.0,9634000.0,9493000.0,
3738000.0,2251000.0,2024000.0,6592000.0,3305000.0,2085000.0,1737000.0,697600.0,1481000.0,9634000.0,9535000.0,
3731000.0,2251000.0,2026000.0,6587000.0,3309000.0,2081000.0,1743000.0,702600.0,1470000.0,9683000.0,9535000.0,
3718000.0,2253000.0,2027000.0,6572000.0,3309000.0,2081000.0,1749000.0,749100.0,1454000.0,9647000.0,9535000.0,
3710000.0,2249000.0,2028000.0,6568000.0,3287000.0,2081000.0,1749000.0,770500.0,1432000.0,9695000.0,9557000.0,
3692000.0,2238000.0,2036000.0,6539000.0,3262000.0,2089000.0,1755000.0,776900.0,1412000.0,9695000.0,9582000.0,
3664000.0,2247000.0,2038000.0,6546000.0,3267000.0,2084000.0,1755000.0,776900.0,1491000.0,9713000.0,9582000.0,
3640000.0,2251000.0,2020000.0,6544000.0,3245000.0,2084000.0,1755000.0,791000.0,1477000.0,9713000.0,9625000.0,
3622000.0,2254000.0,2019000.0,6529000.0,3220000.0,2084000.0,1761000.0,874100.0,1388000.0,9713000.0,9650000.0,
3587000.0,2249000.0,2021000.0,6509000.0,3183000.0,2084000.0,1761000.0,902200.0,1360000.0,9713000.0,9700000.0,
3730000.0,2250000.0,2029000.0,6490000.0,3183000.0,2084000.0,1761000.0,902000.0,1384000.0,9737000.0,9539000.0,
3697000.0,2239000.0,2031000.0,6471000.0,3183000.0,2084000.0,1760000.0,902000.0,1384000.0,9785000.0,9539000.0,
3672000.0,2234000.0,2032000.0,6490000.0,3126000.0,2084000.0,1760000.0,919100.0,1367000.0,9785000.0,9595000.0,
3810000.0,2234000.0,2034000.0,6490000.0,3076000.0,2084000.0,1776000.0,962700.0,1444000.0,9649000.0,9506000.0,
3800000.0,2226000.0,2037000.0,6480000.0,3076000.0,2084000.0,1776000.0,973800.0,1433000.0,9746000.0,9506000.0,
3795000.0,2229000.0,2018000.0,6475000.0,3011000.0,2096000.0,1764000.0,973800.0,1433000.0,9844000.0,9592000.0,
3766000.0,2235000.0,2022000.0,6471000.0,3011000.0,2096000.0,1783000.0,1009000.0,1379000.0,9893000.0,9592000.0,
3710000.0,2246000.0,2023000.0,6481000.0,3011000.0,2096000.0,1783000.0,1035000.0,1353000.0,9893000.0,9592000.0,
3708000.0,2245000.0,2026000.0,6456000.0,3017000.0,2090000.0,1783000.0,1053000.0,1534000.0,9695000.0,9592000.0,
3690000.0,2240000.0,2030000.0,6451000.0,3010000.0,2090000.0,1776000.0,1053000.0,1534000.0,9695000.0,9605000.0,
3672000.0,2251000.0,2032000.0,6441000.0,2992000.0,2102000.0,1774000.0,1059000.0,1518000.0,9695000.0,9623000.0,
3560000.0,2245000.0,2034000.0,6536000.0,3386000.0,1721000.0,1772000.0,1129000.0,1438000.0,9743000.0,9623000.0,
3624000.0,2253000.0,2040000.0,6545000.0,3373000.0,1721000.0,1772000.0,1151000.0,1506000.0,9653000.0,9549000.0,
3607000.0,2253000.0,2042000.0,6545000.0,3635000.0,1465000.0,1771000.0,1146000.0,1533000.0,9674000.0,9549000.0,
3592000.0,2261000.0,2044000.0,6525000.0,3576000.0,1490000.0,1739000.0,1178000.0,1501000.0,9722000.0,9614000.0,
3581000.0,2264000.0,2034000.0,6521000.0,3668000.0,1398000.0,1748000.0,1169000.0,1501000.0,9771000.0,9627000.0,
3561000.0,2274000.0,2037000.0,6517000.0,3668000.0,1385000.0,1748000.0,1180000.0,1491000.0,9869000.0,9640000.0,
3450000.0,2270000.0,2036000.0,6619000.0,3668000.0,1385000.0,1765000.0,1162000.0,1491000.0,9869000.0,9640000.0,
3535000.0,2273000.0,2038000.0,6618000.0,3643000.0,1385000.0,1765000.0,1162000.0,1711000.0,9747000.0,9570000.0,
3525000.0,2279000.0,2042000.0,6609000.0,3620000.0,1393000.0,1785000.0,1156000.0,1689000.0,9747000.0,9593000.0,
3511000.0,2281000.0,2044000.0,6608000.0,3602000.0,1393000.0,1779000.0,1191000.0,1653000.0,9796000.0,9618000.0,
3627000.0,2279000.0,2045000.0,6568000.0,3601000.0,1393000.0,1779000.0,1202000.0,1681000.0,9757000.0,9497000.0,
3598000.0,2259000.0,2051000.0,6577000.0,3601000.0,1400000.0,1772000.0,1223000.0,1661000.0,9806000.0,9497000.0,
3536000.0,2256000.0,2053000.0,6619000.0,3612000.0,2035000.0,1110000.0,1273000.0,1604000.0,9806000.0,9520000.0,
3530000.0,2255000.0,2054000.0,6601000.0,3582000.0,2341000.0,810000.0,1288000.0,1665000.0,9718000.0,9556000.0,
3510000.0,2254000.0,2050000.0,6579000.0,3550000.0,2335000.0,809900.0,1318000.0,1635000.0,9718000.0,9601000.0,
3482000.0,2252000.0,2052000.0,6567000.0,3549000.0,2335000.0,809800.0,1318000.0,1635000.0,9718000.0,9601000.0,
3464000.0,2260000.0,2053000.0,6543000.0,3517000.0,2341000.0,803700.0,1335000.0,1617000.0,9766000.0,9633000.0,
3451000.0,2259000.0,2039000.0,6538000.0,3523000.0,2335000.0,803700.0,1425000.0,1528000.0,9815000.0,9651000.0,
3526000.0,2263000.0,2021000.0,6528000.0,3469000.0,2335000.0,803700.0,1447000.0,1563000.0,9758000.0,9639000.0,
3565000.0,2275000.0,2024000.0,6528000.0,3451000.0,2335000.0,811700.0,1468000.0,1565000.0,9726000.0,9603000.0,
3558000.0,2273000.0,2004000.0,6514000.0,3389000.0,2334000.0,811700.0,1496000.0,1537000.0,9726000.0,9686000.0,
3753000.0,2267000.0,2009000.0,6504000.0,3367000.0,2334000.0,821700.0,1513000.0,1536000.0,9749000.0,9495000.0,
3739000.0,2268000.0,1988000.0,6490000.0,3357000.0,2321000.0,831800.0,1503000.0,1651000.0,9634000.0,9541000.0,
3700000.0,2270000.0,1993000.0,6503000.0,3338000.0,2315000.0,831800.0,1503000.0,1778000.0,9555000.0,9566000.0,
3697000.0,2269000.0,1996000.0,6498000.0,3280000.0,2315000.0,844500.0,1506000.0,1761000.0,9651000.0,9624000.0,
3680000.0,2267000.0,1999000.0,6509000.0,3297000.0,2298000.0,856200.0,1520000.0,1736000.0,9651000.0,9624000.0,
3613000.0,2262000.0,2004000.0,6572000.0,3283000.0,2298000.0,862200.0,1520000.0,1730000.0,9699000.0,9638000.0,
3600000.0,2266000.0,1984000.0,6578000.0,3271000.0,2298000.0,862200.0,1538000.0,1712000.0,9699000.0,9674000.0,
3481000.0,2265000.0,1973000.0,6675000.0,3219000.0,2311000.0,849000.0,1538000.0,1712000.0,9699000.0,9737000.0,
3685000.0,2263000.0,1976000.0,6656000.0,3189000.0,2301000.0,848900.0,1538000.0,1845000.0,9566000.0,9573000.0,
3683000.0,2261000.0,1980000.0,6646000.0,3166000.0,2301000.0,848900.0,1538000.0,1845000.0,9566000.0,9596000.0,
3790000.0,2268000.0,1983000.0,6646000.0,3152000.0,2295000.0,848900.0,1661000.0,1722000.0,9566000.0,9489000.0,
3769000.0,2271000.0,1986000.0,6627000.0,3130000.0,2294000.0,856900.0,1696000.0,1679000.0,9614000.0,9511000.0,
3749000.0,2278000.0,1987000.0,6608000.0,3136000.0,2296000.0,848900.0,1721000.0,1731000.0,9537000.0,9511000.0,
3728000.0,2281000.0,1990000.0,6598000.0,3123000.0,2296000.0,842300.0,1762000.0,1690000.0,9680000.0,9530000.0,
3699000.0,2272000.0,2002000.0,6615000.0,3072000.0,2290000.0,842300.0,1783000.0,1668000.0,9680000.0,9587000.0,
3678000.0,2260000.0,2009000.0,6579000.0,3072000.0,2272000.0,848300.0,1814000.0,1631000.0,9778000.0,9606000.0,
3747000.0,2260000.0,2014000.0,6552000.0,3026000.0,2267000.0,848300.0,1835000.0,1645000.0,9792000.0,9566000.0,
3733000.0,2265000.0,2018000.0,6527000.0,3026000.0,2267000.0,848200.0,1859000.0,1620000.0,9841000.0,9566000.0,
3732000.0,2262000.0,2020000.0,6504000.0,3006000.0,2267000.0,848200.0,1859000.0,1620000.0,9841000.0,9586000.0,
3718000.0,2265000.0,2021000.0,6499000.0,3014000.0,2264000.0,842200.0,1895000.0,1644000.0,9783000.0,9586000.0,
3849000.0,2263000.0,2007000.0,6456000.0,3001000.0,2269000.0,1180000.0,1581000.0,1762000.0,9635000.0,9482000.0,
3816000.0,2279000.0,2008000.0,6446000.0,3019000.0,2251000.0,1180000.0,1586000.0,1756000.0,9635000.0,9482000.0,
3809000.0,2277000.0,2013000.0,6421000.0,3019000.0,2264000.0,1167000.0,1605000.0,1738000.0,9684000.0,9482000.0,
3779000.0,2270000.0,2019000.0,6407000.0,3014000.0,2258000.0,1161000.0,1631000.0,1711000.0,9732000.0,9500000.0,
3755000.0,2266000.0,2025000.0,6414000.0,3005000.0,2258000.0,1161000.0,1631000.0,1907000.0,9530000.0,9515000.0,
3738000.0,2257000.0,2009000.0,6409000.0,2985000.0,2258000.0,1161000.0,1654000.0,1884000.0,9530000.0,9556000.0,
3688000.0,2257000.0,2012000.0,6421000.0,2985000.0,2258000.0,1167000.0,1690000.0,1842000.0,9578000.0,9556000.0,
3686000.0,2256000.0,2015000.0,6396000.0,4006000.0,1199000.0,1182000.0,1722000.0,1839000.0,9631000.0,9595000.0,
3654000.0,2265000.0,2016000.0,6373000.0,4387000.0,1279000.0,694700.0,1831000.0,1729000.0,9631000.0,9620000.0,
3523000.0,2249000.0,2033000.0,6468000.0,4307000.0,1279000.0,694700.0,1879000.0,1681000.0,9631000.0,9700000.0,
3705000.0,2246000.0,2036000.0,6473000.0,4269000.0,1273000.0,694700.0,1898000.0,1748000.0,9545000.0,9536000.0,
3619000.0,2241000.0,2042000.0,6542000.0,4256000.0,1273000.0,1890000.0,756500.0,1694000.0,9545000.0,9549000.0,
3597000.0,2238000.0,2045000.0,6544000.0,4252000.0,1269000.0,1882000.0,819400.0,1631000.0,9545000.0,9565000.0,
3485000.0,2254000.0,2047000.0,6623000.0,4192000.0,1269000.0,1882000.0,841500.0,1609000.0,9640000.0,9625000.0,
3467000.0,2258000.0,2047000.0,6622000.0,4198000.0,1275000.0,1870000.0,841500.0,1609000.0,9640000.0,9625000.0,
3566000.0,2247000.0,2050000.0,6618000.0,4167000.0,1276000.0,1864000.0,878800.0,1662000.0,9598000.0,9551000.0,
3531000.0,2248000.0,2053000.0,6638000.0,4115000.0,1269000.0,1864000.0,910800.0,1630000.0,9598000.0,9609000.0,
3519000.0,2248000.0,2055000.0,6618000.0,4068000.0,1269000.0,1870000.0,904700.0,1630000.0,9598000.0,9656000.0,
3668000.0,2249000.0,2059000.0,6603000.0,4055000.0,1275000.0,1864000.0,927300.0,1607000.0,9598000.0,9505000.0,
3632000.0,2244000.0,2066000.0,6608000.0,4042000.0,1275000.0,1870000.0,942100.0,1587000.0,9646000.0,9518000.0,
3611000.0,2248000.0,2069000.0,6585000.0,4018000.0,1275000.0,1870000.0,959300.0,1721000.0,9494000.0,9543000.0,
3572000.0,2262000.0,2070000.0,6604000.0,3993000.0,1275000.0,1870000.0,976400.0,1704000.0,9542000.0,9567000.0,
3547000.0,2252000.0,2072000.0,6608000.0,3980000.0,1275000.0,1876000.0,1055000.0,1619000.0,9637000.0,9580000.0,
3657000.0,2248000.0,2073000.0,6583000.0,3934000.0,1275000.0,1876000.0,1067000.0,1644000.0,9600000.0,9514000.0,
3643000.0,2245000.0,2078000.0,6559000.0,3903000.0,1275000.0,1876000.0,1102000.0,1610000.0,9648000.0,9544000.0,
3620000.0,2254000.0,2083000.0,6519000.0,3891000.0,1281000.0,1879000.0,1138000.0,1614000.0,9599000.0,9557000.0,
3608000.0,2242000.0,2086000.0,6510000.0,3873000.0,1281000.0,1878000.0,1160000.0,1592000.0,9599000.0,9575000.0,
3607000.0,2241000.0,2088000.0,6505000.0,3847000.0,1286000.0,1874000.0,1160000.0,1592000.0,9599000.0,9601000.0,
3710000.0,2233000.0,2092000.0,6501000.0,3829000.0,1286000.0,1874000.0,1278000.0,1474000.0,9599000.0,9504000.0,
3663000.0,2237000.0,2072000.0,6529000.0,3809000.0,1286000.0,1874000.0,1304000.0,1448000.0,9599000.0,9548000.0,
3653000.0,2239000.0,2075000.0,6514000.0,3725000.0,1286000.0,1874000.0,1304000.0,1448000.0,9599000.0,9631000.0,
3678000.0,2239000.0,2080000.0,6515000.0,3737000.0,1274000.0,1874000.0,1321000.0,1529000.0,9549000.0,9585000.0,
3671000.0,2237000.0,2061000.0,6628000.0,3704000.0,1274000.0,1883000.0,1326000.0,1515000.0,9597000.0,9525000.0,
3703000.0,2207000.0,2005000.0,6612000.0,3617000.0,1268000.0,1898000.0,1321000.0,1504000.0,9597000.0,9667000.0,
3692000.0,2205000.0,2009000.0,6607000.0,3617000.0,1268000.0,1898000.0,1360000.0,1465000.0,9597000.0,9667000.0,
3651000.0,2206000.0,2012000.0,6634000.0,3592000.0,1256000.0,1906000.0,1363000.0,1454000.0,9645000.0,9703000.0,
3650000.0,2204000.0,2016000.0,6624000.0,3592000.0,1256000.0,1906000.0,1369000.0,1448000.0,9693000.0,9703000.0,
3689000.0,2203000.0,2020000.0,6636000.0,3559000.0,1256000.0,1920000.0,1386000.0,1493000.0,9617000.0,9672000.0,
3669000.0,2200000.0,2021000.0,6622000.0,3537000.0,1268000.0,1923000.0,1372000.0,1493000.0,9617000.0,9694000.0,
3872000.0,2199000.0,2024000.0,6582000.0,3498000.0,1268000.0,1929000.0,1406000.0,1606000.0,9560000.0,9523000.0,
3857000.0,2202000.0,2025000.0,6567000.0,3461000.0,1268000.0,1935000.0,1432000.0,1574000.0,9608000.0,9561000.0,
3846000.0,2208000.0,2026000.0,6567000.0,3474000.0,2503000.0,686600.0,1495000.0,1510000.0,9656000.0,9561000.0,
3844000.0,2207000.0,2028000.0,6567000.0,3451000.0,2497000.0,703100.0,1518000.0,1494000.0,9633000.0,9590000.0,
3831000.0,2207000.0,2031000.0,6567000.0,3425000.0,2510000.0,696100.0,1548000.0,1459000.0,9633000.0,9615000.0,
3813000.0,2204000.0,2043000.0,6572000.0,3389000.0,2510000.0,702100.0,1569000.0,1432000.0,9681000.0,9651000.0,
3799000.0,2205000.0,2046000.0,6552000.0,3305000.0,2510000.0,702100.0,1586000.0,1414000.0,9681000.0,9735000.0,
3965000.0,2211000.0,2051000.0,6547000.0,3305000.0,2515000.0,717400.0,1609000.0,1477000.0,9672000.0,9557000.0,
3945000.0,2216000.0,2057000.0,6547000.0,3293000.0,2515000.0,735500.0,1601000.0,1466000.0,9672000.0,9570000.0,
3894000.0,2217000.0,2058000.0,6683000.0,3252000.0,2526000.0,730600.0,1633000.0,1594000.0,9506000.0,9518000.0,
3789000.0,2227000.0,2061000.0,6766000.0,3251000.0,2532000.0,730600.0,1627000.0,1594000.0,9506000.0,9518000.0,
3780000.0,2221000.0,2065000.0,6742000.0,3251000.0,2544000.0,727400.0,1629000.0,1584000.0,9506000.0,9518000.0,
3754000.0,2221000.0,2069000.0,6744000.0,3229000.0,2624000.0,659400.0,1617000.0,1584000.0,9506000.0,9540000.0,
3725000.0,2224000.0,2072000.0,6751000.0,3216000.0,2624000.0,659400.0,1623000.0,1578000.0,9602000.0,9553000.0,
3712000.0,2222000.0,2076000.0,6758000.0,3216000.0,2624000.0,669500.0,1713000.0,1477000.0,9650000.0,9553000.0,
3697000.0,2230000.0,2077000.0,6728000.0,3217000.0,2611000.0,663400.0,1754000.0,1437000.0,9650000.0,9571000.0,
3689000.0,2231000.0,2066000.0,6678000.0,3209000.0,2605000.0,663400.0,1765000.0,1425000.0,9698000.0,9598000.0,
3677000.0,2231000.0,2068000.0,6673000.0,3222000.0,2553000.0,669800.0,1785000.0,1390000.0,9698000.0,9645000.0,
3670000.0,2224000.0,2072000.0,6673000.0,3181000.0,2553000.0,669800.0,1791000.0,1383000.0,9698000.0,9685000.0,
3667000.0,2220000.0,2074000.0,6659000.0,3164000.0,2559000.0,663700.0,1791000.0,1383000.0,9698000.0,9703000.0,
3886000.0,2217000.0,2079000.0,6644000.0,3107000.0,2559000.0,672600.0,1802000.0,1443000.0,9618000.0,9529000.0,
3867000.0,2216000.0,2073000.0,6641000.0,4256000.0,1387000.0,681400.0,1794000.0,1443000.0,9618000.0,9561000.0,
3887000.0,2211000.0,2073000.0,6641000.0,4223000.0,1387000.0,701000.0,1779000.0,1498000.0,9552000.0,9550000.0,
3884000.0,2210000.0,2077000.0,6631000.0,4165000.0,1381000.0,701000.0,1779000.0,1498000.0,9552000.0,9613000.0,
4109000.0,2208000.0,2061000.0,6645000.0,4123000.0,1381000.0,703000.0,1771000.0,1498000.0,9552000.0,9415000.0,
4084000.0,2209000.0,2065000.0,6640000.0,4141000.0,1377000.0,706200.0,1790000.0,1461000.0,9552000.0,9415000.0,
4062000.0,2210000.0,2067000.0,6640000.0,4053000.0,1377000.0,1788000.0,721200.0,1448000.0,9552000.0,9503000.0,
4032000.0,2199000.0,2070000.0,6641000.0,4065000.0,1365000.0,1794000.0,810300.0,1353000.0,9552000.0,9503000.0,
4008000.0,2188000.0,2071000.0,6641000.0,4065000.0,1371000.0,1815000.0,783700.0,1353000.0,9552000.0,9503000.0,
3976000.0,2187000.0,2075000.0,6641000.0,3975000.0,1377000.0,1808000.0,794700.0,1342000.0,9552000.0,9593000.0,
3964000.0,2164000.0,2075000.0,6631000.0,3956000.0,1386000.0,1812000.0,821700.0,1303000.0,9552000.0,9611000.0,
3938000.0,2166000.0,2077000.0,6620000.0,3960000.0,1382000.0,1821000.0,852400.0,1263000.0,9600000.0,9623000.0,
3801000.0,2153000.0,2077000.0,6741000.0,3919000.0,1377000.0,1842000.0,856600.0,1238000.0,9600000.0,9669000.0,
3850000.0,2169000.0,2062000.0,6733000.0,3894000.0,1382000.0,1846000.0,863800.0,1359000.0,9511000.0,9621000.0,
3917000.0,2168000.0,2066000.0,6713000.0,3894000.0,1392000.0,1836000.0,889500.0,1333000.0,9511000.0,9551000.0,
3902000.0,2170000.0,2069000.0,6688000.0,3881000.0,1392000.0,1836000.0,939500.0,1283000.0,9511000.0,9564000.0,
3816000.0,2178000.0,2071000.0,6749000.0,3887000.0,1386000.0,1836000.0,991000.0,1232000.0,9511000.0,9564000.0,
3795000.0,2174000.0,2075000.0,6754000.0,3873000.0,1384000.0,1837000.0,1020000.0,1196000.0,9559000.0,9585000.0,
3818000.0,2176000.0,2079000.0,6751000.0,3857000.0,1367000.0,1846000.0,1098000.0,1110000.0,9606000.0,9573000.0,
3796000.0,2172000.0,2080000.0,6745000.0,3840000.0,1367000.0,1938000.0,1059000.0,1079000.0,9585000.0,9590000.0,
3790000.0,2167000.0,2082000.0,6745000.0,3781000.0,1367000.0,1944000.0,1069000.0,1063000.0,9585000.0,9648000.0,
3786000.0,2167000.0,2085000.0,6720000.0,3764000.0,1367000.0,1953000.0,1059000.0,1063000.0,9585000.0,9666000.0,
4104000.0,2170000.0,2087000.0,6730000.0,3718000.0,1369000.0,1962000.0,1069000.0,1036000.0,9633000.0,9378000.0,
4050000.0,2176000.0,2089000.0,6742000.0,3679000.0,1362000.0,1958000.0,1085000.0,1016000.0,9681000.0,9433000.0,
4035000.0,2169000.0,2091000.0,6712000.0,3612000.0,1351000.0,1964000.0,1079000.0,1016000.0,9730000.0,9511000.0,
4003000.0,2164000.0,2071000.0,6716000.0,3554000.0,1350000.0,1979000.0,1076000.0,1103000.0,9630000.0,9591000.0,
4040000.0,2166000.0,2054000.0,6696000.0,3568000.0,1336000.0,1979000.0,1153000.0,1181000.0,9523000.0,9560000.0,
4018000.0,2181000.0,2056000.0,6691000.0,3535000.0,1342000.0,1973000.0,1153000.0,1181000.0,9523000.0,9592000.0,
3972000.0,2176000.0,2062000.0,6681000.0,3535000.0,1342000.0,1973000.0,1168000.0,1166000.0,9523000.0,9592000.0,
3960000.0,2174000.0,2066000.0,6671000.0,3489000.0,1342000.0,1973000.0,1174000.0,1160000.0,9523000.0,9639000.0,
4141000.0,2168000.0,2053000.0,6665000.0,3447000.0,1342000.0,1994000.0,1154000.0,1160000.0,9523000.0,9509000.0,
4127000.0,2164000.0,2055000.0,6652000.0,3432000.0,1336000.0,1994000.0,1160000.0,1154000.0,9523000.0,9529000.0,
4094000.0,2165000.0,2048000.0,6662000.0,3396000.0,1339000.0,1997000.0,1156000.0,1148000.0,9523000.0,9577000.0,
4059000.0,2145000.0,2050000.0,6675000.0,3416000.0,1338000.0,1978000.0,1193000.0,1111000.0,9523000.0,9577000.0,
4026000.0,2148000.0,2055000.0,6681000.0,3416000.0,1338000.0,1986000.0,1296000.0,999600.0,9523000.0,9577000.0,
4013000.0,2141000.0,2060000.0,6671000.0,3416000.0,1344000.0,1992000.0,1295000.0,988600.0,9570000.0,9577000.0,
4004000.0,2142000.0,2043000.0,6666000.0,3427000.0,1348000.0,1976000.0,1307000.0,977200.0,9570000.0,9597000.0,
4126000.0,2151000.0,2046000.0,6656000.0,3444000.0,1314000.0,1976000.0,1357000.0,926800.0,9570000.0,9460000.0,
4116000.0,2152000.0,2048000.0,6648000.0,3398000.0,1320000.0,1975000.0,1352000.0,926800.0,9618000.0,9505000.0,
4067000.0,2154000.0,2049000.0,6645000.0,3395000.0,1301000.0,1984000.0,1343000.0,999300.0,9546000.0,9527000.0,
4036000.0,2150000.0,2053000.0,6630000.0,3395000.0,1301000.0,1984000.0,1343000.0,999300.0,9593000.0,9527000.0,
3884000.0,2163000.0,2035000.0,6743000.0,3369000.0,1283000.0,1999000.0,1328000.0,999300.0,9593000.0,9590000.0,
3854000.0,2165000.0,2018000.0,6743000.0,3759000.0,893600.0,1999000.0,1328000.0,999300.0,9593000.0,9615000.0,
3836000.0,2154000.0,2022000.0,6738000.0,3771000.0,893600.0,1987000.0,1338000.0,988800.0,9593000.0,9615000.0,
3775000.0,2148000.0,2027000.0,6760000.0,3771000.0,908000.0,1972000.0,1397000.0,930300.0,9593000.0,9615000.0,
3756000.0,2149000.0,2029000.0,6691000.0,3726000.0,907900.0,1972000.0,1417000.0,910400.0,9593000.0,9660000.0,
3720000.0,2150000.0,2014000.0,6697000.0,3654000.0,915000.0,1968000.0,1418000.0,900400.0,9593000.0,9757000.0,
3712000.0,2148000.0,2014000.0,6677000.0,3597000.0,921100.0,1979000.0,1401000.0,900400.0,9689000.0,9814000.0,
3698000.0,2145000.0,2020000.0,6672000.0,3552000.0,927100.0,1981000.0,1393000.0,900400.0,9689000.0,9858000.0,
3678000.0,2145000.0,2024000.0,6678000.0,3552000.0,939200.0,1969000.0,1404000.0,889700.0,9689000.0,9858000.0,
3757000.0,2147000.0,2030000.0,6684000.0,3504000.0,1281000.0,1627000.0,1428000.0,879900.0,9675000.0,9798000.0,
3710000.0,2142000.0,2034000.0,6691000.0,3455000.0,1281000.0,1627000.0,1445000.0,862800.0,9724000.0,9869000.0,
3900000.0,2146000.0,2029000.0,6671000.0,3288000.0,1281000.0,1635000.0,1476000.0,1011000.0,9536000.0,9847000.0,
4004000.0,2141000.0,2029000.0,6678000.0,3203000.0,1289000.0,1621000.0,1476000.0,1011000.0,9536000.0,9823000.0,
4098000.0,2149000.0,2006000.0,6676000.0,3078000.0,1278000.0,1621000.0,1476000.0,1011000.0,9536000.0,9850000.0,
4094000.0,2151000.0,2009000.0,6666000.0,3022000.0,1290000.0,1609000.0,1487000.0,999800.0,9584000.0,9906000.0,
4244000.0,2157000.0,2010000.0,6651000.0,2982000.0,1294000.0,1618000.0,1495000.0,1053000.0,9654000.0,9787000.0,
4330000.0,2161000.0,2014000.0,6637000.0,2926000.0,1294000.0,1618000.0,1571000.0,1002000.0,9677000.0,9750000.0,
4373000.0,2159000.0,2018000.0,6640000.0,2844000.0,1294000.0,1618000.0,1582000.0,1033000.0,9636000.0,9754000.0,
4335000.0,2176000.0,2019000.0,6635000.0,2835000.0,1289000.0,2670000.0,529400.0,1033000.0,9684000.0,9768000.0,
4350000.0,2177000.0,2020000.0,6647000.0,2811000.0,1289000.0,2676000.0,533400.0,1104000.0,9651000.0,9748000.0,
4490000.0,2171000.0,2024000.0,6647000.0,2816000.0,1290000.0,2670000.0,547400.0,1228000.0,9561000.0,9584000.0,
4482000.0,2165000.0,2028000.0,6647000.0,2816000.0,1306000.0,2654000.0,611900.0,1163000.0,9561000.0,9584000.0,
4373000.0,2154000.0,2032000.0,6727000.0,2711000.0,3145000.0,815200.0,611900.0,1163000.0,9609000.0,9689000.0,
4341000.0,2153000.0,2036000.0,6732000.0,2676000.0,3139000.0,808800.0,640800.0,1134000.0,9705000.0,9736000.0,
4468000.0,2159000.0,2038000.0,6750000.0,2682000.0,3140000.0,801700.0,640800.0,1185000.0,9751000.0,9573000.0,
4720000.0,2154000.0,2008000.0,6745000.0,2682000.0,3144000.0,797900.0,666800.0,1244000.0,9764000.0,9341000.0,
4686000.0,2156000.0,2011000.0,6758000.0,2688000.0,3138000.0,797900.0,724200.0,1186000.0,9764000.0,9341000.0,
4661000.0,2168000.0,2015000.0,6758000.0,2675000.0,3138000.0,791800.0,747900.0,1163000.0,9812000.0,9360000.0,
4652000.0,2156000.0,2020000.0,6758000.0,2663000.0,3138000.0,797900.0,755100.0,1149000.0,9861000.0,9372000.0,
4614000.0,2157000.0,2022000.0,6768000.0,2673000.0,3128000.0,797900.0,787000.0,1146000.0,9833000.0,9372000.0,
4577000.0,2162000.0,2024000.0,6758000.0,2655000.0,3134000.0,785800.0,787000.0,1250000.0,9877000.0,9396000.0,
4529000.0,2157000.0,2023000.0,6772000.0,2632000.0,3140000.0,779800.0,844900.0,1192000.0,9877000.0,9434000.0,
4502000.0,2155000.0,2024000.0,6785000.0,2638000.0,3134000.0,785800.0,877600.0,1263000.0,9865000.0,9434000.0,
4486000.0,2149000.0,2026000.0,6780000.0,2620000.0,3135000.0,779800.0,877600.0,1263000.0,9915000.0,9457000.0,
4464000.0,2136000.0,2033000.0,6792000.0,2625000.0,3128000.0,793800.0,883400.0,1331000.0,9826000.0,9457000.0,
4428000.0,2141000.0,2035000.0,6770000.0,2607000.0,3135000.0,787200.0,889300.0,1324000.0,9826000.0,9474000.0,
4425000.0,2143000.0,2036000.0,6753000.0,2606000.0,3135000.0,797300.0,879000.0,1394000.0,9756000.0,9474000.0,
4395000.0,2147000.0,2041000.0,6724000.0,2592000.0,3129000.0,805700.0,870600.0,1394000.0,9805000.0,9494000.0,
4373000.0,2155000.0,2044000.0,6714000.0,2583000.0,3123000.0,814500.0,861700.0,1394000.0,9854000.0,9509000.0,
4325000.0,2189000.0,2032000.0,6712000.0,2594000.0,3116000.0,824800.0,845100.0,1517000.0,9731000.0,9523000.0,
4313000.0,2195000.0,2032000.0,6705000.0,2605000.0,3111000.0,818600.0,845000.0,1517000.0,9828000.0,9523000.0,
4267000.0,2206000.0,2033000.0,6719000.0,2617000.0,3105000.0,812600.0,873500.0,1488000.0,9927000.0,9523000.0,
4250000.0,2212000.0,2017000.0,6712000.0,2616000.0,3105000.0,817200.0,868500.0,1597000.0,9867000.0,9542000.0,
4210000.0,2208000.0,2021000.0,6709000.0,2576000.0,3105000.0,810000.0,868400.0,1597000.0,9916000.0,9587000.0,
4168000.0,2211000.0,2011000.0,6715000.0,2581000.0,3099000.0,809900.0,868200.0,1597000.0,9916000.0,9602000.0,
4140000.0,2219000.0,2013000.0,6725000.0,2603000.0,3076000.0,809800.0,868000.0,1596000.0,9966000.0,9602000.0,
4103000.0,2234000.0,1996000.0,6721000.0,3536000.0,2142000.0,937300.0,755100.0,1579000.0,1.002E7,9624000.0,
4086000.0,2229000.0,2000000.0,6714000.0,3547000.0,2130000.0,937100.0,755000.0,1579000.0,1.002E7,9624000.0,
4146000.0,2226000.0,2004000.0,6711000.0,3515000.0,2130000.0,931000.0,764900.0,1586000.0,9998000.0,9591000.0,
4103000.0,2234000.0,2007000.0,6721000.0,3509000.0,2115000.0,935400.0,767000.0,1606000.0,1.002E7,9612000.0,
4114000.0,2248000.0,2008000.0,6721000.0,3510000.0,2096000.0,941400.0,795700.0,1633000.0,9957000.0,9589000.0,
4099000.0,2247000.0,1987000.0,6720000.0,3475000.0,2086000.0,941400.0,801800.0,1627000.0,9957000.0,9657000.0,
4084000.0,2247000.0,1987000.0,6714000.0,3439000.0,2522000.0,505400.0,808300.0,1620000.0,9957000.0,9693000.0,
4059000.0,2258000.0,1991000.0,6714000.0,3411000.0,2522000.0,504200.0,813600.0,1610000.0,1.006E7,9728000.0,
3985000.0,2249000.0,1994000.0,6769000.0,3397000.0,2516000.0,504200.0,813600.0,1610000.0,1.011E7,9747000.0,
4040000.0,2249000.0,1997000.0,6781000.0,3319000.0,2521000.0,498100.0,844000.0,1658000.0,1.003E7,9741000.0,
4273000.0,2250000.0,2000000.0,6781000.0,3325000.0,2515000.0,498100.0,883400.0,1657000.0,1.004E7,9495000.0,
4249000.0,2261000.0,2003000.0,6781000.0,3300000.0,2515000.0,504100.0,909400.0,1625000.0,1.004E7,9520000.0,
4208000.0,2282000.0,2008000.0,6781000.0,3303000.0,2519000.0,497400.0,915500.0,1659000.0,1.005E7,9520000.0,
4197000.0,2277000.0,2014000.0,6781000.0,3332000.0,2472000.0,511700.0,921600.0,1671000.0,1.002E7,9539000.0,
4176000.0,2290000.0,2016000.0,6776000.0,3338000.0,2466000.0,511700.0,921600.0,1710000.0,9978000.0,9539000.0,
4146000.0,2303000.0,2011000.0,6771000.0,3338000.0,2476000.0,501700.0,942100.0,1718000.0,1.0E7,9546000.0,
4113000.0,2288000.0,2018000.0,6772000.0,3331000.0,2470000.0,495200.0,963300.0,1697000.0,1.0E7,9565000.0,
4062000.0,2295000.0,2021000.0,6798000.0,3331000.0,2470000.0,504000.0,974700.0,1677000.0,1.0E7,9565000.0,
4027000.0,2296000.0,2003000.0,6812000.0,3331000.0,2476000.0,498000.0,994900.0,1762000.0,9894000.0,9587000.0,
4013000.0,2296000.0,1984000.0,6792000.0,3363000.0,2451000.0,492000.0,994900.0,1762000.0,9943000.0,9610000.0,
3963000.0,2300000.0,1987000.0,6829000.0,3322000.0,2451000.0,504000.0,992900.0,1752000.0,9993000.0,9651000.0,
4051000.0,2309000.0,1973000.0,6821000.0,3293000.0,2451000.0,504000.0,992900.0,1785000.0,9960000.0,9571000.0,
4012000.0,2308000.0,1973000.0,6835000.0,3195000.0,2457000.0,498000.0,999000.0,1779000.0,1.001E7,9669000.0,
4201000.0,2313000.0,1973000.0,6823000.0,3117000.0,2457000.0,497900.0,999000.0,2007000.0,9782000.0,9531000.0,
4169000.0,2329000.0,1978000.0,6823000.0,3095000.0,2457000.0,978900.0,558700.0,2043000.0,9705000.0,9553000.0,
4148000.0,2336000.0,1981000.0,6830000.0,3040000.0,2452000.0,987000.0,560800.0,2095000.0,9692000.0,9613000.0,
4155000.0,2337000.0,1983000.0,6821000.0,3017000.0,2445000.0,987000.0,566800.0,2145000.0,9684000.0,9590000.0,
4341000.0,2348000.0,1970000.0,6816000.0,2992000.0,2445000.0,987000.0,599000.0,2160000.0,9636000.0,9427000.0,
4309000.0,2347000.0,1951000.0,6801000.0,2962000.0,2445000.0,987000.0,610300.0,2203000.0,9582000.0,9477000.0,
4286000.0,2350000.0,1956000.0,6781000.0,3292000.0,2063000.0,979900.0,626700.0,2187000.0,9630000.0,9537000.0,
4241000.0,2346000.0,1958000.0,6798000.0,3833000.0,1462000.0,979900.0,677200.0,2274000.0,9540000.0,9597000.0,
4471000.0,2342000.0,1963000.0,6758000.0,4092000.0,1176000.0,975800.0,675100.0,2268000.0,9540000.0,9385000.0,
4438000.0,2338000.0,1952000.0,6733000.0,4053000.0,1176000.0,992000.0,658900.0,2268000.0,9540000.0,9441000.0,
4414000.0,2334000.0,1960000.0,6748000.0,4007000.0,1170000.0,1133000.0,529100.0,2257000.0,9540000.0,9494000.0,
4352000.0,2343000.0,1960000.0,6766000.0,3980000.0,1170000.0,1133000.0,529100.0,2257000.0,9540000.0,9521000.0,
4335000.0,2334000.0,1948000.0,6751000.0,3967000.0,1170000.0,1133000.0,529100.0,2257000.0,9636000.0,9556000.0,
4274000.0,2334000.0,1951000.0,6789000.0,3967000.0,1170000.0,1141000.0,531200.0,2246000.0,9636000.0,9556000.0,
4239000.0,2338000.0,1955000.0,6812000.0,3967000.0,1170000.0,1155000.0,523500.0,2240000.0,9636000.0,9556000.0,
4211000.0,2335000.0,1960000.0,6802000.0,3943000.0,1164000.0,1149000.0,523500.0,2240000.0,9684000.0,9593000.0,
4291000.0,2344000.0,1963000.0,6808000.0,3891000.0,1164000.0,1165000.0,524400.0,2233000.0,9675000.0,9521000.0,
4258000.0,2334000.0,1965000.0,6798000.0,3864000.0,1170000.0,1158000.0,530500.0,2334000.0,9567000.0,9548000.0,
4213000.0,2339000.0,1969000.0,6805000.0,3851000.0,1170000.0,1158000.0,545300.0,2319000.0,9567000.0,9562000.0,
4033000.0,2352000.0,1971000.0,6930000.0,3838000.0,1170000.0,1158000.0,551300.0,2313000.0,9567000.0,9575000.0,
4009000.0,2352000.0,1974000.0,6925000.0,3824000.0,1170000.0,1158000.0,551300.0,2313000.0,9615000.0,9588000.0,
3984000.0,2345000.0,1959000.0,6915000.0,3802000.0,1176000.0,1162000.0,541300.0,2353000.0,9576000.0,9632000.0,
4069000.0,2344000.0,1962000.0,6915000.0,3769000.0,1171000.0,1178000.0,525100.0,2396000.0,9629000.0,9573000.0,
4023000.0,2341000.0,1965000.0,6913000.0,3731000.0,1171000.0,1178000.0,547300.0,2393000.0,9657000.0,9616000.0,
3998000.0,2338000.0,1946000.0,6914000.0,3695000.0,1177000.0,1172000.0,571400.0,2369000.0,9706000.0,9675000.0,
4061000.0,2337000.0,1951000.0,6901000.0,3670000.0,1183000.0,1166000.0,598600.0,2353000.0,9694000.0,9618000.0,
4036000.0,2336000.0,1952000.0,6894000.0,3646000.0,1183000.0,1175000.0,694100.0,2249000.0,9743000.0,9643000.0,
4194000.0,2340000.0,1957000.0,6890000.0,3646000.0,1176000.0,1168000.0,713200.0,2319000.0,9654000.0,9478000.0,
4181000.0,2338000.0,1940000.0,6874000.0,3646000.0,1190000.0,1154000.0,741100.0,2291000.0,9654000.0,9497000.0,
4172000.0,2339000.0,1943000.0,6854000.0,3559000.0,1190000.0,1154000.0,752900.0,2279000.0,9702000.0,9584000.0,
4195000.0,2353000.0,1946000.0,6844000.0,3540000.0,1184000.0,1154000.0,780000.0,2397000.0,9557000.0,9549000.0,
4182000.0,2354000.0,1946000.0,6811000.0,3508000.0,1178000.0,1154000.0,847500.0,2330000.0,9557000.0,9587000.0,
4173000.0,2355000.0,1949000.0,6786000.0,3491000.0,1184000.0,1157000.0,898600.0,2269000.0,9604000.0,9605000.0,
4262000.0,2372000.0,1935000.0,6771000.0,3440000.0,1184000.0,1157000.0,909900.0,2333000.0,9577000.0,9553000.0,
4232000.0,2384000.0,1922000.0,6767000.0,3660000.0,898600.0,1157000.0,954700.0,2288000.0,9577000.0,9632000.0,
4419000.0,2384000.0,1908000.0,6779000.0,3646000.0,898600.0,1164000.0,965700.0,2270000.0,9577000.0,9442000.0,
4365000.0,2393000.0,1912000.0,6774000.0,3647000.0,885100.0,1164000.0,965700.0,2270000.0,9577000.0,9455000.0,
4285000.0,2400000.0,1914000.0,6790000.0,3633000.0,885100.0,1164000.0,987600.0,2248000.0,9624000.0,9469000.0,
4234000.0,2397000.0,1919000.0,6814000.0,3555000.0,899200.0,1155000.0,1005000.0,2263000.0,9588000.0,9547000.0,
4119000.0,2393000.0,1925000.0,6911000.0,3481000.0,899200.0,1165000.0,1001000.0,2257000.0,9636000.0,9621000.0,
4092000.0,2401000.0,1929000.0,6901000.0,3440000.0,906300.0,1158000.0,1054000.0,2204000.0,9636000.0,9662000.0,
4090000.0,2399000.0,1912000.0,6891000.0,3402000.0,906300.0,1163000.0,1099000.0,2154000.0,9636000.0,9720000.0,
4076000.0,2402000.0,1915000.0,6891000.0,3377000.0,906300.0,1173000.0,1125000.0,2118000.0,9636000.0,9745000.0,
4075000.0,2400000.0,1917000.0,6886000.0,3377000.0,906300.0,1173000.0,1165000.0,2078000.0,9684000.0,9745000.0,
4057000.0,2393000.0,1927000.0,6891000.0,3279000.0,906300.0,1182000.0,1180000.0,2053000.0,9781000.0,9843000.0,
4050000.0,2391000.0,1930000.0,6871000.0,3289000.0,884100.0,1187000.0,1186000.0,2043000.0,9781000.0,9856000.0,
4384000.0,2393000.0,1936000.0,6846000.0,3270000.0,884100.0,1201000.0,1177000.0,2300000.0,9518000.0,9528000.0,
4370000.0,2392000.0,1917000.0,6832000.0,3302000.0,851300.0,1215000.0,1198000.0,2265000.0,9518000.0,9551000.0,
4314000.0,2390000.0,1920000.0,6833000.0,3302000.0,857800.0,1219000.0,1236000.0,2218000.0,9518000.0,9551000.0,
4303000.0,2385000.0,1926000.0,6822000.0,3254000.0,857800.0,1219000.0,1236000.0,2218000.0,9565000.0,9599000.0,
4285000.0,2383000.0,1928000.0,6810000.0,3254000.0,857800.0,1219000.0,1262000.0,2192000.0,9565000.0,9599000.0,
4232000.0,2378000.0,1930000.0,6836000.0,3230000.0,857600.0,1219000.0,1273000.0,2181000.0,9565000.0,9623000.0,
4208000.0,2393000.0,1925000.0,6843000.0,3230000.0,857600.0,1231000.0,1282000.0,2159000.0,9565000.0,9630000.0,
4177000.0,2413000.0,1926000.0,6833000.0,3206000.0,857500.0,1235000.0,1335000.0,2102000.0,9613000.0,9655000.0,
4157000.0,2416000.0,1914000.0,6822000.0,3206000.0,857500.0,1235000.0,1409000.0,2028000.0,9661000.0,9669000.0,
4143000.0,2413000.0,1899000.0,6806000.0,3731000.0,325900.0,1229000.0,1514000.0,1923000.0,9661000.0,9699000.0,
4124000.0,2411000.0,1904000.0,6796000.0,3731000.0,325900.0,1229000.0,1569000.0,1867000.0,9661000.0,9699000.0,
4121000.0,2408000.0,1907000.0,6786000.0,3731000.0,333700.0,1227000.0,1594000.0,1837000.0,9709000.0,9699000.0,
4117000.0,2398000.0,1912000.0,6769000.0,3696000.0,333700.0,1227000.0,1615000.0,1816000.0,9758000.0,9734000.0,
4113000.0,2398000.0,1898000.0,6759000.0,3654000.0,333700.0,1227000.0,1661000.0,1769000.0,9758000.0,9794000.0,
4114000.0,2403000.0,1902000.0,6847000.0,3629000.0,333700.0,1237000.0,1692000.0,1769000.0,9816000.0,9712000.0,
4173000.0,2404000.0,1904000.0,6846000.0,3616000.0,333700.0,1237000.0,1692000.0,1792000.0,9842000.0,9658000.0,
4277000.0,2402000.0,1895000.0,6845000.0,3647000.0,278000.0,1242000.0,1706000.0,1855000.0,9759000.0,9582000.0,
4263000.0,2393000.0,1899000.0,6840000.0,3609000.0,285600.0,1245000.0,1696000.0,1855000.0,9759000.0,9620000.0,
4241000.0,2398000.0,1904000.0,6835000.0,3609000.0,285600.0,1283000.0,1668000.0,1845000.0,9808000.0,9620000.0,
4342000.0,2420000.0,1905000.0,6851000.0,3581000.0,279900.0,1283000.0,1678000.0,1955000.0,9688000.0,9493000.0,
4305000.0,2416000.0,1910000.0,6877000.0,3591000.0,283600.0,1269000.0,1796000.0,1837000.0,9688000.0,9493000.0,
4297000.0,2418000.0,1910000.0,6867000.0,3619000.0,577900.0,955600.0,1808000.0,1816000.0,9785000.0,9493000.0,
4280000.0,2421000.0,1915000.0,6853000.0,3619000.0,577900.0,955600.0,1819000.0,1853000.0,9786000.0,9493000.0,
4227000.0,2426000.0,1917000.0,6879000.0,3594000.0,581700.0,951800.0,1829000.0,1843000.0,9835000.0,9519000.0,
4214000.0,2430000.0,1921000.0,6844000.0,3551000.0,587700.0,945700.0,1854000.0,2055000.0,9598000.0,9561000.0,
4174000.0,2429000.0,1926000.0,6860000.0,3517000.0,599800.0,933600.0,1892000.0,2017000.0,9598000.0,9595000.0,
4164000.0,2436000.0,1929000.0,6855000.0,3484000.0,612300.0,930500.0,2001000.0,1899000.0,9598000.0,9629000.0,
4296000.0,2442000.0,1931000.0,6874000.0,3483000.0,600200.0,938900.0,2142000.0,1819000.0,9575000.0,9467000.0,
4274000.0,2450000.0,1933000.0,6880000.0,3459000.0,600200.0,953800.0,2144000.0,1802000.0,9575000.0,9492000.0,
4250000.0,2450000.0,1940000.0,6888000.0,3459000.0,600200.0,953800.0,2144000.0,1802000.0,9623000.0,9492000.0,
4225000.0,2444000.0,1941000.0,6887000.0,3435000.0,600200.0,974300.0,2156000.0,1770000.0,9671000.0,9516000.0,
4157000.0,2443000.0,1925000.0,6901000.0,3414000.0,1091000.0,483900.0,2222000.0,1850000.0,9526000.0,9558000.0,
4139000.0,2436000.0,1908000.0,6888000.0,3393000.0,1091000.0,505000.0,2201000.0,1850000.0,9526000.0,9599000.0,
4261000.0,2443000.0,1910000.0,6914000.0,3358000.0,1091000.0,505000.0,2280000.0,1771000.0,9526000.0,9466000.0,
4247000.0,2446000.0,1911000.0,6899000.0,3350000.0,1085000.0,519500.0,2276000.0,1760000.0,9573000.0,9479000.0,
4229000.0,2440000.0,1916000.0,6894000.0,3350000.0,1085000.0,529600.0,2304000.0,1771000.0,9571000.0,9479000.0,
4199000.0,2453000.0,1918000.0,6889000.0,3333000.0,1085000.0,540800.0,2299000.0,1765000.0,9571000.0,9496000.0,
4170000.0,2447000.0,1921000.0,6875000.0,3333000.0,1091000.0,544400.0,2290000.0,1765000.0,9619000.0,9496000.0,
4155000.0,2446000.0,1902000.0,6865000.0,3274000.0,1091000.0,562300.0,2282000.0,1754000.0,9619000.0,9574000.0,
4133000.0,2438000.0,1905000.0,6868000.0,3274000.0,1091000.0,578400.0,2266000.0,1794000.0,9627000.0,9574000.0,
4098000.0,2428000.0,1907000.0,6875000.0,3262000.0,1091000.0,592900.0,2252000.0,1794000.0,9675000.0,9587000.0,
4070000.0,2429000.0,1911000.0,6858000.0,3262000.0,1091000.0,592900.0,2252000.0,1794000.0,9675000.0,9587000.0,
3948000.0,2426000.0,1913000.0,6936000.0,3262000.0,1091000.0,604700.0,2240000.0,1794000.0,9675000.0,9587000.0,
3934000.0,2437000.0,1916000.0,6931000.0,3268000.0,1085000.0,615600.0,2254000.0,1769000.0,9675000.0,9587000.0,
3932000.0,2435000.0,1921000.0,6931000.0,3256000.0,1079000.0,615600.0,2284000.0,1738000.0,9724000.0,9605000.0,
3780000.0,2441000.0,1922000.0,7046000.0,3243000.0,1079000.0,615600.0,2284000.0,1738000.0,9821000.0,9617000.0,
3998000.0,2440000.0,1921000.0,7044000.0,3219000.0,1087000.0,607500.0,2319000.0,1795000.0,9730000.0,9392000.0,
3971000.0,2439000.0,1923000.0,7035000.0,3224000.0,1088000.0,615900.0,2331000.0,1769000.0,9730000.0,9392000.0,
3860000.0,2436000.0,1926000.0,7126000.0,3205000.0,1100000.0,604200.0,2344000.0,1839000.0,9689000.0,9417000.0,
3821000.0,2438000.0,1930000.0,7144000.0,3192000.0,1100000.0,619600.0,2353000.0,1814000.0,9689000.0,9429000.0,
3809000.0,2445000.0,1936000.0,7144000.0,3192000.0,1100000.0,630900.0,2402000.0,1753000.0,9738000.0,9429000.0,
3774000.0,2450000.0,1938000.0,7147000.0,3192000.0,1106000.0,630900.0,2445000.0,1704000.0,9786000.0,9429000.0,
3730000.0,2445000.0,1937000.0,7166000.0,3146000.0,1272000.0,464900.0,2445000.0,1704000.0,9835000.0,9475000.0,
3716000.0,2433000.0,1919000.0,7157000.0,3128000.0,1278000.0,458800.0,2478000.0,1765000.0,9839000.0,9512000.0,
3704000.0,2426000.0,1909000.0,7152000.0,3139000.0,1267000.0,476900.0,2460000.0,1765000.0,9888000.0,9526000.0,
3683000.0,2429000.0,1912000.0,7132000.0,3122000.0,1267000.0,516100.0,2445000.0,1735000.0,9888000.0,9548000.0,
3620000.0,2447000.0,1898000.0,7163000.0,3110000.0,1243000.0,524500.0,2454000.0,1718000.0,9888000.0,9603000.0,
3736000.0,2445000.0,1883000.0,7158000.0,3087000.0,1264000.0,534800.0,2445000.0,1748000.0,9835000.0,9527000.0,
3707000.0,2443000.0,1860000.0,7157000.0,3034000.0,1259000.0,543300.0,2492000.0,1693000.0,9835000.0,9607000.0,
3680000.0,2447000.0,1864000.0,7153000.0,3002000.0,1257000.0,538300.0,2581000.0,1604000.0,9934000.0,9646000.0,
3516000.0,2448000.0,1867000.0,7287000.0,3002000.0,1269000.0,532100.0,2581000.0,1598000.0,9934000.0,9646000.0,
3477000.0,2451000.0,1876000.0,7295000.0,3002000.0,1276000.0,551900.0,2554000.0,1598000.0,9934000.0,9646000.0,
3467000.0,2453000.0,1879000.0,7295000.0,2984000.0,1276000.0,566400.0,2540000.0,1598000.0,9984000.0,9665000.0,
3419000.0,2444000.0,1881000.0,7324000.0,2984000.0,1283000.0,570400.0,2540000.0,1587000.0,9984000.0,9665000.0,
3413000.0,2442000.0,1885000.0,7294000.0,2984000.0,1283000.0,949400.0,2201000.0,1548000.0,9984000.0,9665000.0,
3531000.0,2445000.0,1876000.0,7284000.0,2984000.0,1304000.0,927700.0,2325000.0,1542000.0,9865000.0,9547000.0,
3523000.0,2441000.0,1883000.0,7284000.0,2984000.0,1331000.0,901000.0,2325000.0,1542000.0,9914000.0,9547000.0,
3509000.0,2440000.0,1888000.0,7274000.0,2955000.0,1324000.0,901500.0,2325000.0,1645000.0,9805000.0,9589000.0,
3591000.0,2443000.0,1868000.0,7305000.0,2913000.0,1324000.0,930300.0,2366000.0,1705000.0,9725000.0,9509000.0,
3574000.0,2441000.0,1871000.0,7285000.0,3844000.0,383000.0,943900.0,2401000.0,1651000.0,9773000.0,9524000.0,
3527000.0,2445000.0,1877000.0,7296000.0,3844000.0,390800.0,948200.0,2399000.0,1832000.0,9582000.0,9524000.0,
3521000.0,2444000.0,1880000.0,7292000.0,3842000.0,395600.0,952200.0,2439000.0,1783000.0,9582000.0,9524000.0,
3518000.0,2439000.0,1849000.0,7287000.0,3827000.0,401600.0,960700.0,2431000.0,1777000.0,9582000.0,9579000.0,
3497000.0,2452000.0,1852000.0,7257000.0,3803000.0,401500.0,981500.0,2432000.0,1755000.0,9630000.0,9603000.0,
3489000.0,2452000.0,1855000.0,7242000.0,3809000.0,404300.0,986900.0,2417000.0,1755000.0,9678000.0,9603000.0,
3461000.0,2455000.0,1858000.0,7250000.0,3783000.0,411800.0,985400.0,2474000.0,1692000.0,9678000.0,9628000.0,
3440000.0,2447000.0,1861000.0,7251000.0,3793000.0,412600.0,993000.0,2587000.0,1561000.0,9678000.0,9628000.0,
3431000.0,2444000.0,1867000.0,7241000.0,3793000.0,412600.0,999000.0,2601000.0,1541000.0,9727000.0,9628000.0,
3430000.0,2442000.0,1863000.0,7221000.0,3781000.0,419700.0,1003000.0,2590000.0,1541000.0,9727000.0,9649000.0,
3552000.0,2440000.0,1866000.0,7231000.0,3789000.0,417600.0,1015000.0,2578000.0,1593000.0,9669000.0,9500000.0,
3529000.0,2451000.0,1853000.0,7216000.0,3770000.0,418600.0,1028000.0,2557000.0,1593000.0,9669000.0,9540000.0,
3521000.0,2450000.0,1857000.0,7212000.0,3770000.0,418600.0,1051000.0,2547000.0,1580000.0,9669000.0,9540000.0,
3319000.0,2446000.0,1845000.0,7399000.0,3778000.0,404400.0,2739000.0,891300.0,1716000.0,9542000.0,9572000.0,
3294000.0,2453000.0,1848000.0,7363000.0,3778000.0,409200.0,2743000.0,894700.0,1704000.0,9542000.0,9572000.0,
3292000.0,2452000.0,1852000.0,7358000.0,3645000.0,409200.0,2743000.0,912800.0,1686000.0,9542000.0,9706000.0,
3277000.0,2451000.0,1856000.0,7365000.0,3619000.0,409200.0,2743000.0,947800.0,1651000.0,9638000.0,9731000.0,
3444000.0,2453000.0,1860000.0,7372000.0,3605000.0,429000.0,2734000.0,959100.0,1684000.0,9631000.0,9554000.0,
3417000.0,2450000.0,1864000.0,7354000.0,3526000.0,437000.0,2736000.0,979400.0,1653000.0,9728000.0,9633000.0,
3398000.0,2447000.0,1849000.0,7335000.0,3508000.0,444100.0,2729000.0,1006000.0,1627000.0,9728000.0,9667000.0,
3565000.0,2453000.0,1850000.0,7330000.0,3497000.0,442500.0,2724000.0,1006000.0,1694000.0,9661000.0,9495000.0,
3549000.0,2452000.0,1852000.0,7320000.0,3501000.0,438600.0,2724000.0,1052000.0,1648000.0,9661000.0,9495000.0,
3525000.0,2463000.0,1855000.0,7320000.0,3484000.0,443400.0,2731000.0,1040000.0,1731000.0,9578000.0,9512000.0,
3510000.0,2461000.0,1861000.0,7320000.0,3484000.0,443400.0,2737000.0,1083000.0,1698000.0,9609000.0,9512000.0,
3497000.0,2455000.0,1849000.0,7297000.0,3439000.0,443300.0,2742000.0,1147000.0,1629000.0,9609000.0,9572000.0,
3485000.0,2454000.0,1851000.0,7282000.0,3431000.0,442000.0,2735000.0,1147000.0,1629000.0,9657000.0,9589000.0,
3476000.0,2450000.0,1843000.0,7277000.0,3444000.0,1079000.0,2085000.0,1166000.0,1611000.0,9754000.0,9604000.0,
3458000.0,2453000.0,1848000.0,7247000.0,3661000.0,862300.0,2085000.0,1166000.0,1611000.0,9754000.0,9604000.0,
3433000.0,2461000.0,1850000.0,7233000.0,3655000.0,842700.0,2091000.0,1166000.0,1605000.0,9851000.0,9629000.0,
3643000.0,2467000.0,1859000.0,7223000.0,3558000.0,850700.0,2083000.0,1233000.0,1718000.0,9768000.0,9496000.0,
3611000.0,2470000.0,1837000.0,7234000.0,3539000.0,852900.0,2083000.0,1227000.0,1873000.0,9614000.0,9544000.0,
3602000.0,2469000.0,1840000.0,7206000.0,3516000.0,860900.0,2116000.0,1187000.0,1873000.0,9614000.0,9567000.0,
3590000.0,2467000.0,1826000.0,7193000.0,3491000.0,860900.0,2116000.0,1259000.0,1800000.0,9662000.0,9612000.0,
3581000.0,2466000.0,1830000.0,7188000.0,3447000.0,860900.0,2126000.0,1281000.0,1767000.0,9662000.0,9656000.0,
3700000.0,2471000.0,1831000.0,7194000.0,3389000.0,986700.0,2001000.0,1299000.0,1889000.0,9570000.0,9584000.0,
3696000.0,2473000.0,1833000.0,7189000.0,3389000.0,991500.0,1996000.0,1316000.0,1872000.0,9618000.0,9584000.0,
3576000.0,2479000.0,1835000.0,7271000.0,3233000.0,979000.0,1996000.0,1377000.0,1805000.0,9618000.0,9759000.0,
3691000.0,2480000.0,1840000.0,7287000.0,3181000.0,979000.0,1996000.0,1377000.0,1843000.0,9676000.0,9659000.0,
3734000.0,2483000.0,1841000.0,7282000.0,3251000.0,908700.0,1996000.0,1410000.0,1836000.0,9650000.0,9606000.0,
3723000.0,2489000.0,1841000.0,7277000.0,3331000.0,808000.0,2004000.0,1418000.0,1820000.0,9650000.0,9627000.0,
3819000.0,2489000.0,1842000.0,7268000.0,3311000.0,808000.0,2004000.0,1466000.0,1855000.0,9615000.0,9539000.0,
3814000.0,2491000.0,1846000.0,7263000.0,3315000.0,815900.0,1991000.0,1466000.0,1855000.0,9711000.0,9539000.0,
3806000.0,2494000.0,1850000.0,7253000.0,3315000.0,815900.0,1991000.0,1528000.0,1893000.0,9708000.0,9539000.0,
3784000.0,2491000.0,1813000.0,7258000.0,3303000.0,821900.0,1991000.0,1522000.0,1965000.0,9636000.0,9594000.0,
3772000.0,2494000.0,1817000.0,7238000.0,3282000.0,821900.0,1991000.0,1522000.0,2072000.0,9529000.0,9615000.0,
3921000.0,2496000.0,1818000.0,7218000.0,3264000.0,821800.0,1991000.0,1555000.0,2103000.0,9561000.0,9476000.0,
3880000.0,2507000.0,1795000.0,7202000.0,3221000.0,821800.0,2020000.0,1560000.0,2068000.0,9561000.0,9543000.0,
3784000.0,2504000.0,1789000.0,7288000.0,3203000.0,797000.0,2026000.0,1571000.0,2051000.0,9609000.0,9593000.0,
3761000.0,2496000.0,1776000.0,7278000.0,3203000.0,797000.0,2036000.0,1596000.0,2017000.0,9609000.0,9608000.0,
3742000.0,2491000.0,1782000.0,7270000.0,3179000.0,803000.0,2030000.0,1667000.0,1946000.0,9705000.0,9632000.0,
3827000.0,2487000.0,1787000.0,7270000.0,3172000.0,797000.0,2030000.0,1693000.0,2062000.0,9563000.0,9530000.0,
3825000.0,2466000.0,1795000.0,7245000.0,3172000.0,796900.0,2029000.0,1721000.0,2034000.0,9563000.0,9530000.0,
3803000.0,2478000.0,1785000.0,7215000.0,3172000.0,808900.0,2023000.0,1749000.0,1999000.0,9563000.0,9544000.0,
3790000.0,2484000.0,1788000.0,7201000.0,3122000.0,808900.0,2023000.0,1765000.0,1984000.0,9563000.0,9595000.0,
3846000.0,2483000.0,1793000.0,7196000.0,3088000.0,816000.0,2016000.0,1789000.0,1959000.0,9563000.0,9557000.0,
3843000.0,2479000.0,1800000.0,7171000.0,3045000.0,821400.0,2011000.0,1805000.0,1944000.0,9611000.0,9600000.0,
3815000.0,2480000.0,1802000.0,7180000.0,3051000.0,815300.0,2011000.0,1855000.0,1894000.0,9611000.0,9600000.0,
3802000.0,2489000.0,1788000.0,7180000.0,3009000.0,815300.0,2011000.0,1855000.0,1894000.0,9611000.0,9657000.0,
3890000.0,2493000.0,1791000.0,7186000.0,2972000.0,815300.0,2013000.0,1908000.0,1883000.0,9556000.0,9602000.0,
3887000.0,2490000.0,1797000.0,7172000.0,2930000.0,819300.0,2003000.0,1928000.0,1863000.0,9604000.0,9650000.0,
4097000.0,2489000.0,1800000.0,7147000.0,2913000.0,819300.0,2003000.0,1922000.0,1928000.0,9636000.0,9460000.0,
4086000.0,2489000.0,1806000.0,7132000.0,2913000.0,819300.0,2003000.0,1952000.0,1897000.0,9636000.0,9460000.0,
4054000.0,2490000.0,1808000.0,7141000.0,3401000.0,633800.0,1669000.0,1979000.0,1871000.0,9636000.0,9491000.0,
4037000.0,2494000.0,1811000.0,7126000.0,3349000.0,625700.0,1669000.0,1996000.0,1854000.0,9636000.0,9551000.0,
3862000.0,2489000.0,1808000.0,7270000.0,3316000.0,625700.0,2353000.0,1326000.0,1864000.0,9607000.0,9596000.0,
3861000.0,2483000.0,1811000.0,7250000.0,3298000.0,630500.0,2354000.0,1326000.0,1858000.0,9655000.0,9614000.0,
3846000.0,2484000.0,1814000.0,7240000.0,3298000.0,630500.0,2360000.0,1326000.0,1852000.0,9655000.0,9614000.0,
3840000.0,2480000.0,1794000.0,7215000.0,3273000.0,645600.0,2354000.0,1317000.0,1852000.0,9655000.0,9665000.0,
3826000.0,2482000.0,1796000.0,7200000.0,3263000.0,638400.0,2362000.0,1309000.0,1852000.0,9655000.0,9682000.0,
3863000.0,2480000.0,1799000.0,7213000.0,3263000.0,650300.0,2350000.0,1309000.0,1965000.0,9591000.0,9600000.0,
3858000.0,2476000.0,1804000.0,7208000.0,3263000.0,650300.0,2350000.0,1324000.0,1950000.0,9591000.0,9600000.0,
3856000.0,2476000.0,1806000.0,7208000.0,3230000.0,659900.0,2345000.0,1398000.0,1871000.0,9638000.0,9633000.0,
3850000.0,2478000.0,1810000.0,7208000.0,3230000.0,665900.0,2339000.0,1471000.0,1799000.0,9687000.0,9633000.0,
3831000.0,2487000.0,1798000.0,7208000.0,3230000.0,665900.0,2339000.0,1497000.0,1772000.0,9687000.0,9650000.0,
3806000.0,2499000.0,1801000.0,7198000.0,3230000.0,665900.0,2339000.0,1528000.0,1741000.0,9735000.0,9650000.0,
3781000.0,2495000.0,1804000.0,7209000.0,3230000.0,672000.0,2342000.0,1652000.0,1609000.0,9784000.0,9650000.0,
3745000.0,2499000.0,1808000.0,7227000.0,3208000.0,672000.0,2342000.0,1746000.0,1514000.0,9882000.0,9671000.0,
3742000.0,2498000.0,1812000.0,7202000.0,3208000.0,672000.0,2342000.0,1809000.0,1451000.0,9931000.0,9671000.0,
3739000.0,2498000.0,1815000.0,7192000.0,3208000.0,672000.0,2342000.0,1859000.0,1402000.0,9981000.0,9671000.0,
3712000.0,2498000.0,1818000.0,7217000.0,3195000.0,672000.0,2342000.0,1876000.0,1385000.0,1.003E7,9684000.0,
3705000.0,2495000.0,1821000.0,7207000.0,3207000.0,665900.0,2336000.0,1888000.0,1373000.0,1.003E7,9684000.0,
3776000.0,2500000.0,1824000.0,7172000.0,3207000.0,939300.0,2071000.0,1933000.0,1359000.0,9991000.0,9590000.0,
3768000.0,2497000.0,1826000.0,7152000.0,3185000.0,939300.0,2071000.0,2023000.0,1268000.0,9991000.0,9612000.0,
3743000.0,2498000.0,1828000.0,7163000.0,3526000.0,1919000.0,749600.0,2022000.0,1249000.0,1.004E7,9635000.0,
3726000.0,2496000.0,1830000.0,7165000.0,3526000.0,1919000.0,749600.0,2039000.0,1231000.0,1.009E7,9635000.0,
3813000.0,2497000.0,1832000.0,7160000.0,3514000.0,1919000.0,760400.0,2069000.0,1266000.0,1.006E7,9538000.0,
3683000.0,2499000.0,1833000.0,7283000.0,3514000.0,1919000.0,760400.0,2119000.0,1286000.0,1.005E7,9538000.0,
3667000.0,2495000.0,1836000.0,7273000.0,3493000.0,1925000.0,754400.0,2147000.0,1294000.0,1.006E7,9558000.0,
3649000.0,2495000.0,1837000.0,7276000.0,3505000.0,1912000.0,754400.0,2200000.0,1241000.0,1.006E7,9558000.0,
3645000.0,2494000.0,1825000.0,7271000.0,3464000.0,1912000.0,754400.0,2211000.0,1328000.0,1.001E7,9616000.0,
3508000.0,2497000.0,1827000.0,7383000.0,3464000.0,1912000.0,754300.0,2261000.0,1278000.0,1.006E7,9616000.0,
3470000.0,2510000.0,1831000.0,7364000.0,3439000.0,1912000.0,762900.0,2262000.0,1268000.0,1.006E7,9640000.0,
3433000.0,2511000.0,1832000.0,7359000.0,3439000.0,1912000.0,762800.0,2262000.0,1268000.0,1.006E7,9640000.0,
3377000.0,2498000.0,1836000.0,7395000.0,3383000.0,1912000.0,762800.0,2337000.0,1193000.0,1.006E7,9697000.0,
3256000.0,2483000.0,1838000.0,7445000.0,3383000.0,1918000.0,770800.0,2355000.0,1160000.0,1.006E7,9714000.0,
3242000.0,2481000.0,1841000.0,7458000.0,3361000.0,1918000.0,770800.0,2355000.0,1160000.0,1.011E7,9736000.0,
3240000.0,2479000.0,1843000.0,7445000.0,3326000.0,1931000.0,758700.0,2373000.0,1142000.0,1.011E7,9771000.0,
3141000.0,2488000.0,1844000.0,7562000.0,3326000.0,1943000.0,746600.0,2426000.0,1100000.0,1.01E7,9723000.0,
3134000.0,2486000.0,1849000.0,7557000.0,3313000.0,1943000.0,746600.0,2436000.0,1090000.0,1.015E7,9735000.0,
3094000.0,2492000.0,1853000.0,7542000.0,3302000.0,1943000.0,749300.0,2440000.0,1077000.0,1.02E7,9752000.0,
3245000.0,2480000.0,1856000.0,7496000.0,3688000.0,1556000.0,757300.0,2432000.0,1156000.0,1.018E7,9591000.0,
3230000.0,2487000.0,1855000.0,7485000.0,3677000.0,1550000.0,770200.0,2419000.0,1156000.0,1.028E7,9608000.0,
3203000.0,2496000.0,1859000.0,7464000.0,3677000.0,1554000.0,771100.0,2426000.0,1144000.0,1.028E7,9608000.0,
3234000.0,2492000.0,1863000.0,7444000.0,3654000.0,1554000.0,771100.0,2432000.0,1227000.0,1.019E7,9590000.0,
3330000.0,2498000.0,1868000.0,7429000.0,3625000.0,1548000.0,780200.0,2444000.0,1380000.0,1.001E7,9513000.0,
3285000.0,2510000.0,1872000.0,7442000.0,3613000.0,1548000.0,780200.0,2495000.0,1484000.0,9859000.0,9525000.0,
3265000.0,2511000.0,1876000.0,7433000.0,3581000.0,1931000.0,389300.0,2495000.0,1484000.0,9859000.0,9565000.0,
3325000.0,2505000.0,1858000.0,7403000.0,3497000.0,1938000.0,382400.0,2508000.0,1535000.0,9795000.0,9602000.0,
3459000.0,2501000.0,1864000.0,7389000.0,3473000.0,1944000.0,376400.0,2508000.0,1718000.0,9661000.0,9480000.0,
3438000.0,2498000.0,1870000.0,7377000.0,3841000.0,1545000.0,376400.0,2542000.0,1683000.0,9709000.0,9511000.0,
3414000.0,2502000.0,1851000.0,7352000.0,3817000.0,1530000.0,381200.0,2537000.0,1683000.0,9709000.0,9572000.0,
3413000.0,2500000.0,1828000.0,7337000.0,3787000.0,1530000.0,397900.0,2520000.0,1765000.0,9676000.0,9629000.0,
3398000.0,2506000.0,1832000.0,7317000.0,3766000.0,1530000.0,406200.0,2512000.0,1765000.0,9676000.0,9649000.0,
3473000.0,2502000.0,1813000.0,7263000.0,3751000.0,1530000.0,414400.0,2516000.0,1815000.0,9662000.0,9596000.0,
3447000.0,2510000.0,1817000.0,7253000.0,3700000.0,1536000.0,414300.0,2534000.0,1791000.0,9710000.0,9647000.0,
3423000.0,2505000.0,1821000.0,7227000.0,3656000.0,1543000.0,421300.0,2540000.0,1771000.0,9710000.0,9691000.0,
3406000.0,2497000.0,1826000.0,7207000.0,3656000.0,1543000.0,429700.0,2532000.0,1771000.0,9710000.0,9691000.0,
3662000.0,2501000.0,1821000.0,7197000.0,3623000.0,1549000.0,429600.0,2526000.0,1860000.0,9668000.0,9459000.0,
3641000.0,2497000.0,1824000.0,7172000.0,3595000.0,1549000.0,429600.0,2526000.0,1860000.0,9717000.0,9499000.0,
3606000.0,2509000.0,1828000.0,7180000.0,3595000.0,1555000.0,423600.0,2549000.0,2013000.0,9541000.0,9499000.0,
3596000.0,2504000.0,1833000.0,7165000.0,3595000.0,1555000.0,429600.0,2555000.0,2001000.0,9589000.0,9499000.0,
3588000.0,2504000.0,1835000.0,7160000.0,3595000.0,1555000.0,429600.0,2555000.0,2001000.0,9589000.0,9499000.0,
3581000.0,2501000.0,1836000.0,7155000.0,3595000.0,1555000.0,429600.0,2577000.0,1979000.0,9589000.0,9499000.0,
3564000.0,2500000.0,1838000.0,7155000.0,3544000.0,1555000.0,440300.0,2566000.0,1979000.0,9685000.0,9550000.0,
3655000.0,2505000.0,1820000.0,7183000.0,3418000.0,1555000.0,446300.0,2560000.0,2082000.0,9582000.0,9566000.0,
3705000.0,2500000.0,1823000.0,7153000.0,3342000.0,1555000.0,446300.0,2592000.0,2167000.0,9513000.0,9584000.0,
3689000.0,2503000.0,1823000.0,7157000.0,3295000.0,1552000.0,446200.0,2629000.0,2129000.0,9561000.0,9634000.0,
3662000.0,2513000.0,1827000.0,7170000.0,3277000.0,1552000.0,452300.0,2638000.0,2114000.0,9561000.0,9652000.0,
3736000.0,2502000.0,1811000.0,7253000.0,3217000.0,1552000.0,481200.0,2648000.0,2076000.0,9561000.0,9567000.0,
3716000.0,2505000.0,1816000.0,7224000.0,3204000.0,1560000.0,479800.0,2694000.0,2024000.0,9561000.0,9580000.0,
3791000.0,2507000.0,1820000.0,7199000.0,3126000.0,1572000.0,467800.0,2715000.0,2036000.0,9576000.0,9572000.0,
3714000.0,2508000.0,1824000.0,7257000.0,2998000.0,1591000.0,442600.0,2743000.0,2008000.0,9576000.0,9706000.0,
3693000.0,2505000.0,1830000.0,7259000.0,2980000.0,1597000.0,436500.0,2779000.0,1971000.0,9576000.0,9724000.0,
3685000.0,2511000.0,1833000.0,7259000.0,3016000.0,1573000.0,423700.0,2798000.0,1953000.0,9624000.0,9724000.0,
3646000.0,2515000.0,1835000.0,7256000.0,2963000.0,1580000.0,417600.0,2798000.0,1953000.0,9624000.0,9777000.0,
3746000.0,2499000.0,1837000.0,7241000.0,2928000.0,1615000.0,376200.0,2855000.0,1917000.0,9602000.0,9697000.0,
3810000.0,2484000.0,1841000.0,7243000.0,2903000.0,1620000.0,371400.0,2855000.0,2062000.0,9457000.0,9637000.0,
3829000.0,2487000.0,1850000.0,7245000.0,2848000.0,1626000.0,374000.0,2846000.0,2062000.0,9457000.0,9638000.0,
3917000.0,2483000.0,1854000.0,7311000.0,2757000.0,1633000.0,373300.0,2870000.0,2032000.0,9505000.0,9560000.0,
4043000.0,2485000.0,1838000.0,7306000.0,2666000.0,1639000.0,366700.0,2891000.0,2011000.0,9600000.0,9535000.0,
4019000.0,2480000.0,1820000.0,7298000.0,2636000.0,1645000.0,360600.0,2977000.0,1925000.0,9600000.0,9589000.0,
4085000.0,2482000.0,1822000.0,7268000.0,2613000.0,1645000.0,375900.0,2995000.0,1892000.0,9600000.0,9532000.0,
4032000.0,2488000.0,1822000.0,7279000.0,2565000.0,1649000.0,372000.0,2995000.0,1892000.0,9600000.0,9580000.0,
3985000.0,2485000.0,1823000.0,7273000.0,2471000.0,1662000.0,359300.0,3006000.0,1880000.0,9648000.0,9674000.0,
3942000.0,2482000.0,1827000.0,7270000.0,2435000.0,1669000.0,358600.0,3000000.0,1880000.0,9648000.0,9710000.0,
