R-TfaEn,REn,RabA,RabB,RabC,RabD,RabE,RabF,RabG,RabH,RabI,TfaEn,area,cMHCIEn,exCxEn,imCxEn,membraneMarker,mvb,oMHCIEn,ovaEn,pepEn,pepMHCIEn,protonEn,solubleMarker,volume,
1.6E-37,0.0095,960.0,420.0,3100.0,3799999.9999999995,3900.0,1600.0,2100.0,240.0,2500.0,0.19,3799999.9999999995,3.4E-5,0.031,0.031,0.0,490.0,8.6,0.0,0.0,0.0,2.0E7,1.0,7.0E8,
1.6E-37,0.0094,960.0,420.0,3100.0,3799999.9999999995,3900.0,1600.0,2100.0,240.0,2500.0,0.19,3799999.9999999995,3.8E-5,0.031,0.031,0.0,470.0,8.5,0.0,0.0,0.0,1.8E7,1.0,7.0E8,
1.6E-37,0.0094,960.0,420.0,3100.0,3799999.9999999995,3900.0,1600.0,2100.0,240.0,2500.0,0.18,3799999.9999999995,4.1E-5,0.031,0.031,0.0,450.0,8.5,0.0,0.0,0.0,1.8E7,1.0,6.9E8,
1.5E-37,0.0094,960.0,420.0,3100.0,3799999.9999999995,3900.0,1600.0,2100.0,240.0,2500.0,0.18,3799999.9999999995,4.4E-5,0.031,0.031,0.0,430.0,8.5,0.0,0.0,0.0,1.7E7,1.0,6.9E8,
1.5E-37,0.0094,960.0,420.0,3100.0,3799999.9999999995,3900.0,1600.0,2100.0,240.0,2500.0,0.18,3799999.9999999995,4.2E-5,0.031,0.031,0.0,400.0,8.5,0.0,0.0,0.0,1.8E7,1.0,6.9E8,
1.5E-37,0.0094,960.0,420.0,3100.0,3799999.9999999995,3900.0,1600.0,2100.0,240.0,2500.0,0.18,3799999.9999999995,3.7E-5,0.031,0.031,0.0,390.0,8.5,0.0,0.0,0.0,1.8E7,1.0,6.9E8,
1.5E-37,0.0094,960.0,420.0,3100.0,3799999.9999999995,3900.0,1600.0,2100.0,240.0,2500.0,0.18,3799999.9999999995,3.2E-5,0.031,0.031,0.0,380.0,8.5,0.0,0.0,0.0,2.0E7,1.0,6.9E8,
1.5E-37,0.0094,960.0,420.0,3100.0,3799999.9999999995,3900.0,1600.0,2100.0,240.0,2500.0,0.18,3799999.9999999995,2.6E-5,0.031,0.031,0.0,350.0,8.5,0.0,0.0,0.0,2.1E7,1.0,6.9E8,
1.5E-37,0.0094,960.0,420.0,3100.0,3799999.9999999995,3900.0,1600.0,2100.0,240.0,2500.0,0.18,3799999.9999999995,2.2E-5,0.031,0.031,0.0,330.0,8.5,0.0,0.0,0.0,2.2E7,1.0,6.9E8,
1.5E-37,0.0094,960.0,420.0,3100.0,3799999.9999999995,3900.0,1600.0,2100.0,240.0,2500.0,0.18,3799999.9999999995,1.8E-5,0.031,0.031,0.0,310.0,8.5,0.0,0.0,0.0,2.4E7,1.0,6.9E8,
1.5E-37,0.0094,960.0,420.0,3100.0,3799999.9999999995,3900.0,1600.0,2100.0,240.0,2500.0,0.18,3799999.9999999995,1.5E-5,0.031,0.031,0.0,280.0,8.5,0.0,0.0,0.0,2.5E7,1.0,6.9E8,
1.5E-37,0.0094,960.0,420.0,3100.0,3799999.9999999995,3900.0,1600.0,2100.0,240.0,2500.0,0.18,3799999.9999999995,1.6E-5,0.031,0.031,0.0,280.0,8.5,0.0,9.0E-21,4.3000000000000004E-32,2.5E7,1.0,6.9E8,
1.1E-37,0.009,1800.0,1600.0,3600.0,4900000.0,3900.0,1600.0,2100.0,240.0,2500.0,0.19,4900000.0,0.31,0.038,0.038,0.0,380.0,12.0,0.0,8.0E-20,4.7000000000000004E-30,2.4E7,1.0,7.1E8,
1.1E-37,0.0088,1800.0,1600.0,3600.0,4700000.0,3900.0,1600.0,2100.0,240.0,2500.0,0.19,4700000.0,3.2E-5,0.037,0.037,0.0,380.0,12.0,0.0,8.4E-18,8.0E-29,2.3E7,1.0,7.1E8,
1.1E-37,0.0087,1800.0,1600.0,3600.0,4500000.0,3900.0,1600.0,2100.0,240.0,2500.0,0.19,4600000.0,3.5E-5,0.036,0.036,0.0,380.0,12.0,0.0,4.1E-17,6.300000000000001E-28,2.2E7,1.0,7.1E8,
1.0E-37,0.0085,1800.0,1600.0,3600.0,4300000.0,3900.0,1600.0,2100.0,240.0,2500.0,0.19,4300000.0,4.0E-5,0.035,0.035,0.0,380.0,11.0,0.0,1.7E-16,3.9000000000000004E-27,2.0E7,1.0,7.0E8,
1.0E-37,0.0082,1800.0,1600.0,3600.0,4099999.9999999995,3900.0,1600.0,2000.0,240.0,2500.0,0.19,4099999.9999999995,4.1E-5,0.034,0.034,0.0,380.0,11.0,0.0,2.6E-16,6.7E-27,2.0E7,1.0,7.0E8,
1.4E-36,0.16,32000.0,97000.0,11000.0,5000000.0,4300.0,1600.0,3900.0,240.0,8100.0,0.19,5100000.0,1.3E-4,0.18,0.18,0.0,400.0,32.0,19.0,2.7E-12,4.5E-19,1.9E7,1.0,7.2E8,
1.6E-37,0.018,24000.0,4400.0,3700.0,4900000.0,4300.0,1600.0,3900.0,240.0,580.0,0.19,4900000.0,9.8E-6,0.047,0.047,0.0,400.0,17.0,0.39,2.7E-12,2.3E-20,1.9E7,1.0,7.1E8,
1.6E-37,0.018,1700.0,4400.0,3700.0,4800000.0,4300.0,1600.0,3900.0,240.0,580.0,0.19,4800000.0,8.5E-5,0.046,0.046,0.0,400.0,17.0,0.0073,2.7E-12,1.1E-20,1.8E7,1.0,7.1E8,
1.6E-37,0.017,1700.0,4400.0,3700.0,4400000.0,4300.0,1600.0,3900.0,240.0,580.0,0.19,4400000.0,8.7E-5,0.043,0.043,0.0,390.0,16.0,1.4E-4,2.7E-12,4.8E-21,1.7E7,1.0,7.1E8,
1.5E-37,0.017,1600.0,4400.0,3700.0,3799999.9999999995,4200.0,1500.0,3900.0,240.0,580.0,0.18,3799999.9999999995,8.5E-5,0.038,0.038,0.0,400.0,15.0,1.8E-5,2.6E-12,3.1E-21,1.7E7,1.0,7.0E8,
1.5E-37,0.017,1600.0,4400.0,3700.0,3799999.9999999995,4200.0,1500.0,3900.0,240.0,580.0,0.18,3799999.9999999995,8.8E-5,0.038,0.038,0.0,380.0,15.0,1.3E-7,2.6E-12,1.4E-21,1.7E7,1.0,7.0E8,
7.8E-37,0.092,25000.0,66000.0,5200.0,4900000.0,4200.0,1500.0,3800.0,240.0,580.0,0.19,5000000.0,1.2E-4,0.11,0.11,0.0,400.0,20.0,7.4E-5,2.7E-12,1.5E-19,1.7E7,1.0,7.2E8,
1.1E-37,0.013,25000.0,240.0,5200.0,4800000.0,4200.0,1500.0,3800.0,240.0,580.0,0.19,4900000.0,1.2E-4,0.048,0.048,0.0,400.0,20.0,1.4E-6,2.7E-12,9.5E-21,1.7E7,1.0,7.1E8,
1.0E-37,0.012,2100.0,240.0,5200.0,4600000.0,4200.0,1500.0,3800.0,240.0,580.0,0.19,4700000.0,1.3E-4,0.046,0.046,0.0,390.0,19.0,2.7E-8,2.7E-12,4.4E-21,1.7E7,1.0,7.1E8,
1.0E-37,0.012,2100.0,240.0,5200.0,4300000.0,4200.0,1500.0,3800.0,230.0,580.0,0.19,4300000.0,1.3E-4,0.043,0.043,0.0,400.0,19.0,5.0E-10,2.7E-12,2.2E-21,1.6E7,1.0,7.1E8,
9.8E-38,0.012,2100.0,240.0,5200.0,3999999.9999999995,4200.0,1500.0,3800.0,230.0,580.0,0.18,3999999.9999999995,1.3E-4,0.04,0.04,0.0,390.0,18.0,9.3E-12,2.7E-12,1.2E-21,1.6E7,1.0,7.1E8,
9.6E-38,0.011,2100.0,240.0,5200.0,3799999.9999999995,4200.0,1500.0,3800.0,230.0,580.0,0.18,3799999.9999999995,1.3E-4,0.039,0.039,0.0,380.0,18.0,4.7E-13,2.7E-12,8.7E-22,1.6E7,1.0,7.0E8,
9.6E-38,0.011,2100.0,240.0,5200.0,3799999.9999999995,4200.0,1500.0,3800.0,230.0,580.0,0.18,3799999.9999999995,1.2E-4,0.039,0.039,0.0,380.0,18.0,1.2E-15,2.7E-12,5.899999999999999E-22,1.6E7,1.0,7.0E8,
9.6E-38,0.011,2100.0,240.0,5200.0,3799999.9999999995,4200.0,1500.0,3800.0,230.0,580.0,0.18,3799999.9999999995,1.0E-4,0.039,0.039,0.0,370.0,18.0,3.0E-18,2.7E-12,4.699999999999999E-22,1.7E7,1.0,7.0E8,
9.6E-38,0.011,2100.0,240.0,5200.0,3799999.9999999995,4200.0,1500.0,3800.0,230.0,580.0,0.18,3799999.9999999995,8.6E-5,0.039,0.039,0.0,360.0,18.0,7.7E-21,2.7E-12,3.8999999999999995E-22,1.8E7,1.0,7.0E8,
9.6E-38,0.011,2100.0,240.0,5200.0,3799999.9999999995,4200.0,1500.0,3800.0,230.0,580.0,0.18,3799999.9999999995,7.0E-5,0.039,0.039,0.0,360.0,18.0,2.1E-23,2.7E-12,3.2E-22,2.0E7,1.0,7.0E8,
9.6E-38,0.011,2100.0,240.0,5200.0,3799999.9999999995,4200.0,1500.0,3800.0,230.0,580.0,0.18,3799999.9999999995,5.7E-5,0.039,0.039,0.0,360.0,18.0,4.7E-25,2.7E-12,2.6E-22,2.1E7,1.0,7.0E8,
9.6E-38,0.011,2100.0,240.0,5200.0,3799999.9999999995,4200.0,1500.0,3800.0,230.0,580.0,0.18,3799999.9999999995,4.7E-5,0.039,0.039,0.0,360.0,18.0,0.0,2.7E-12,2.0999999999999998E-22,2.3E7,1.0,7.0E8,
9.6E-38,0.011,2100.0,240.0,5200.0,3799999.9999999995,4200.0,1500.0,3800.0,230.0,580.0,0.18,3799999.9999999995,3.9E-5,0.039,0.039,0.0,350.0,18.0,0.0,2.7E-12,1.8E-22,2.4E7,1.0,7.0E8,
9.6E-38,0.011,2100.0,240.0,5200.0,3799999.9999999995,4200.0,1500.0,3800.0,230.0,580.0,0.18,3799999.9999999995,3.5E-5,0.039,0.039,0.0,350.0,18.0,0.0,2.7E-12,1.5E-22,2.5E7,1.0,7.0E8,
9.6E-38,0.011,2100.0,240.0,5200.0,3799999.9999999995,4200.0,1500.0,3800.0,230.0,580.0,0.18,3799999.9999999995,4.2E-5,0.039,0.039,0.0,350.0,18.0,0.0,2.7E-12,1.5E-22,2.4E7,1.0,7.0E8,
9.6E-38,0.011,2100.0,240.0,5200.0,3799999.9999999995,4200.0,1500.0,3800.0,230.0,580.0,0.18,3799999.9999999995,4.3E-5,0.039,0.039,0.0,340.0,18.0,0.0,2.7E-12,1.6E-22,2.3E7,1.0,7.0E8,
9.6E-38,0.011,2100.0,240.0,5200.0,3799999.9999999995,4200.0,1500.0,3800.0,230.0,580.0,0.18,3799999.9999999995,4.4E-5,0.039,0.039,0.0,340.0,18.0,0.0,2.7E-12,1.7E-22,2.3E7,1.0,7.0E8,
9.6E-38,0.011,2100.0,240.0,5200.0,3799999.9999999995,4200.0,1500.0,3800.0,230.0,580.0,0.18,3799999.9999999995,5.1E-5,0.039,0.039,0.0,340.0,18.0,0.0,2.7E-12,1.8E-22,2.2E7,1.0,7.0E8,
9.6E-38,0.011,2100.0,240.0,5200.0,3799999.9999999995,4200.0,1500.0,3800.0,230.0,580.0,0.18,3799999.9999999995,5.1E-5,0.038,0.038,0.0,340.0,18.0,0.0,2.8E-12,1.9999999999999999E-22,2.2E7,1.0,7.0E8,
9.6E-38,0.011,2100.0,240.0,5200.0,3799999.9999999995,4200.0,1500.0,3800.0,230.0,580.0,0.18,3799999.9999999995,4.8E-5,0.038,0.038,0.0,340.0,18.0,0.0,2.8E-12,1.9999999999999999E-22,2.2E7,1.0,7.0E8,
9.6E-38,0.011,2100.0,240.0,5200.0,3799999.9999999995,4200.0,1500.0,3800.0,230.0,580.0,0.18,3799999.9999999995,4.2E-5,0.038,0.038,0.0,340.0,18.0,0.0,2.8E-12,1.8E-22,2.3E7,1.0,7.0E8,
9.6E-38,0.011,2100.0,240.0,5200.0,3799999.9999999995,4200.0,1500.0,3800.0,230.0,580.0,0.18,3799999.9999999995,3.7E-5,0.038,0.038,0.0,340.0,18.0,0.0,2.8E-12,1.7E-22,2.4E7,1.0,7.0E8,
9.6E-38,0.011,2100.0,240.0,5200.0,3799999.9999999995,4200.0,1500.0,3800.0,230.0,580.0,0.18,3799999.9999999995,3.1E-5,0.038,0.038,0.0,340.0,18.0,0.0,2.9E-12,1.4E-22,2.6E7,1.0,7.0E8,
9.6E-38,0.011,2100.0,240.0,5200.0,3799999.9999999995,4200.0,1500.0,3800.0,230.0,580.0,0.18,3799999.9999999995,2.7E-5,0.038,0.038,0.0,340.0,18.0,0.0,2.9E-12,1.3E-22,2.7E7,1.0,7.0E8,
9.6E-38,0.011,2100.0,240.0,5200.0,3799999.9999999995,4200.0,1500.0,3800.0,230.0,580.0,0.18,3799999.9999999995,2.3E-5,0.038,0.038,0.0,340.0,18.0,0.0,2.9E-12,1.0999999999999998E-22,2.9E7,1.0,7.0E8,
9.6E-38,0.011,2100.0,240.0,5200.0,3799999.9999999995,4200.0,1500.0,3800.0,230.0,580.0,0.18,3799999.9999999995,2.8E-5,0.038,0.038,0.0,340.0,18.0,0.0,2.9E-12,1.0999999999999998E-22,2.7E7,1.0,7.0E8,
9.6E-38,0.011,2100.0,240.0,5200.0,3799999.9999999995,4200.0,1500.0,3800.0,230.0,580.0,0.18,3799999.9999999995,3.2E-5,0.038,0.038,0.0,340.0,18.0,0.0,3.0E-12,1.2E-22,2.6E7,1.0,7.0E8,
9.6E-38,0.011,2100.0,240.0,5200.0,3799999.9999999995,4200.0,1500.0,3800.0,230.0,580.0,0.18,3799999.9999999995,3.2E-5,0.038,0.038,0.0,340.0,18.0,0.0,3.0E-12,1.3E-22,2.6E7,1.0,7.0E8,
9.6E-38,0.011,2100.0,240.0,5200.0,3799999.9999999995,4200.0,1500.0,3800.0,230.0,580.0,0.18,3799999.9999999995,3.0E-5,0.038,0.038,0.0,340.0,18.0,0.0,3.1E-12,1.3E-22,2.6E7,1.0,7.0E8,
9.6E-38,0.011,2100.0,240.0,5200.0,3799999.9999999995,4200.0,1500.0,3800.0,230.0,580.0,0.18,3799999.9999999995,2.7E-5,0.038,0.038,0.0,340.0,18.0,0.0,3.1E-12,1.3E-22,2.7E7,1.0,7.0E8,
9.6E-38,0.011,2100.0,240.0,5200.0,3799999.9999999995,4200.0,1500.0,3800.0,230.0,580.0,0.18,3799999.9999999995,2.4E-5,0.038,0.038,0.0,330.0,18.0,0.0,3.1E-12,1.2E-22,2.9E7,1.0,7.0E8,
9.6E-38,0.011,2100.0,240.0,5200.0,3799999.9999999995,4200.0,1500.0,3800.0,230.0,580.0,0.18,3799999.9999999995,2.1E-5,0.038,0.038,0.0,330.0,18.0,0.0,3.2E-12,1.0999999999999998E-22,3.0E7,1.0,7.0E8,
9.6E-38,0.011,2100.0,240.0,5200.0,3799999.9999999995,4200.0,1500.0,3800.0,230.0,580.0,0.18,3799999.9999999995,1.8E-5,0.038,0.038,0.0,330.0,18.0,0.0,3.3E-12,9.4E-23,3.1E7,1.0,7.0E8,
9.6E-38,0.011,2100.0,240.0,5200.0,3799999.9999999995,4200.0,1500.0,3800.0,230.0,580.0,0.18,3799999.9999999995,2.0E-5,0.038,0.038,0.0,330.0,18.0,0.0,3.3E-12,8.9E-23,3.0E7,1.0,7.0E8,
9.6E-38,0.011,2100.0,240.0,5200.0,3799999.9999999995,4200.0,1500.0,3800.0,230.0,580.0,0.18,3799999.9999999995,2.5E-5,0.038,0.038,0.0,330.0,18.0,0.0,3.4E-12,9.999999999999999E-23,2.8E7,1.0,7.0E8,
9.6E-38,0.011,2100.0,240.0,5200.0,3799999.9999999995,4200.0,1500.0,3800.0,230.0,580.0,0.18,3799999.9999999995,2.6E-5,0.038,0.038,0.0,330.0,18.0,0.0,3.4E-12,1.2E-22,2.8E7,1.0,7.0E8,
9.6E-38,0.011,2100.0,240.0,5200.0,3799999.9999999995,4200.0,1500.0,3800.0,230.0,580.0,0.18,3799999.9999999995,2.6E-5,0.038,0.038,0.0,330.0,18.0,0.0,3.5E-12,1.3E-22,2.8E7,1.0,7.0E8,
5.5E-38,0.0099,22000.0,510.0,1000.0,4900000.0,4200.0,1500.0,3800.0,230.0,580.0,0.19,4900000.0,5.6E-6,0.041,0.041,0.0,380.0,12.0,0.45,3.6E-11,7.3E-17,2.7E7,1.0,7.1E8,
5.3E-38,0.0096,4000.0,510.0,1000.0,4600000.0,4200.0,1500.0,3800.0,230.0,580.0,0.18,4700000.0,2.2E-5,0.039,0.039,0.0,380.0,11.0,0.023,3.6E-11,3.8E-17,2.6E7,1.0,7.1E8,
5.1E-38,0.0091,4000.0,510.0,1000.0,4400000.0,4200.0,1500.0,3800.0,230.0,580.0,0.18,4400000.0,2.5E-5,0.037,0.037,0.0,370.0,11.0,4.2E-4,3.6E-11,1.6E-17,2.4E7,1.0,7.1E8,
4.7000000000000005E-38,0.0084,4000.0,510.0,1000.0,3899999.9999999995,4200.0,1500.0,3800.0,230.0,570.0,0.18,3899999.9999999995,2.6E-5,0.034,0.034,0.0,370.0,9.7,7.7E-6,3.6E-11,6.8E-18,2.2E7,1.0,7.1E8,
4.6E-38,0.0083,4000.0,510.0,1000.0,3799999.9999999995,4200.0,1500.0,3800.0,230.0,570.0,0.18,3799999.9999999995,3.0E-5,0.033,0.033,0.0,370.0,9.6,1.4E-7,3.6E-11,3.0E-18,2.1E7,1.0,7.0E8,
4.6E-38,0.0083,4000.0,510.0,1000.0,3799999.9999999995,4200.0,1500.0,3800.0,230.0,570.0,0.18,3799999.9999999995,3.3E-5,0.033,0.033,0.0,370.0,9.6,3.6E-10,3.6E-11,9.1E-19,2.1E7,1.0,7.0E8,
4.6E-38,0.0083,4000.0,510.0,1000.0,3799999.9999999995,4200.0,1500.0,3800.0,230.0,570.0,0.18,3799999.9999999995,3.2E-5,0.033,0.033,0.0,370.0,9.6,9.3E-13,3.6E-11,2.8E-19,2.1E7,1.0,7.0E8,
4.6E-38,0.0083,4000.0,510.0,1000.0,3799999.9999999995,4200.0,1500.0,3800.0,230.0,570.0,0.18,3799999.9999999995,2.9E-5,0.033,0.033,0.0,370.0,9.6,2.4E-15,3.6E-11,8.4E-20,2.2E7,1.0,7.0E8,
4.6E-38,0.0083,4000.0,510.0,1000.0,3799999.9999999995,4200.0,1500.0,3800.0,230.0,570.0,0.18,3799999.9999999995,2.5E-5,0.033,0.033,0.0,360.0,9.6,6.2E-18,3.6E-11,2.6E-20,2.3E7,1.0,7.0E8,
4.6E-38,0.0083,4000.0,510.0,1000.0,3799999.9999999995,4200.0,1500.0,3800.0,230.0,570.0,0.18,3799999.9999999995,2.1E-5,0.033,0.033,0.0,360.0,9.6,1.7E-20,3.6E-11,8.7E-21,2.4E7,1.0,7.0E8,
4.6E-38,0.0083,4000.0,510.0,1000.0,3799999.9999999995,4200.0,1500.0,3800.0,230.0,570.0,0.18,3799999.9999999995,1.8E-5,0.033,0.033,0.0,360.0,9.6,3.9E-23,3.6E-11,3.3E-21,2.6E7,1.0,7.0E8,
4.6E-38,0.0083,4000.0,510.0,1000.0,3799999.9999999995,4200.0,1500.0,3800.0,230.0,570.0,0.18,3799999.9999999995,1.5E-5,0.033,0.033,0.0,360.0,9.6,1.2E-25,3.6E-11,1.6E-21,2.7E7,1.0,7.0E8,
1.3000000000000001E-37,0.012,95000.0,6500.0,1100.0,4800000.0,320.0,1500.0,3800.0,230.0,570.0,0.19,4900000.0,8.0E-6,0.048,0.048,0.0,410.0,3.9,0.63,1.4E-10,1.5E-16,2.5E7,1.0,7.2E8,
1.3000000000000001E-37,0.012,1700.0,6500.0,1100.0,4800000.0,320.0,1500.0,3800.0,230.0,570.0,0.19,4800000.0,8.6E-6,0.047,0.047,0.0,410.0,3.9,0.086,1.4E-10,9.8E-17,2.5E7,1.0,7.2E8,
1.2E-37,0.012,1700.0,6500.0,1100.0,4200000.0,320.0,1500.0,3800.0,230.0,570.0,0.19,4200000.0,9.1E-6,0.042,0.042,0.0,410.0,3.5,0.0016,1.4E-10,4.2E-17,2.3E7,1.0,7.1E8,
1.2E-37,0.012,1700.0,6500.0,1100.0,4099999.9999999995,320.0,1500.0,3800.0,230.0,570.0,0.19,4099999.9999999995,1.1E-5,0.041,0.041,0.0,410.0,3.4,1.1E-5,1.4E-10,1.5E-17,2.2E7,1.0,7.1E8,
1.2E-37,0.011,1700.0,6500.0,1100.0,3799999.9999999995,320.0,1500.0,3800.0,230.0,570.0,0.19,3799999.9999999995,1.2E-5,0.039,0.039,0.0,410.0,3.2,7.5E-8,1.4E-10,5.5E-18,2.0E7,1.0,7.1E8,
1.2E-37,0.011,1700.0,6500.0,1100.0,3799999.9999999995,320.0,1500.0,3800.0,230.0,570.0,0.19,3799999.9999999995,1.2E-5,0.039,0.039,0.0,410.0,3.2,1.9E-10,1.4E-10,1.7E-18,2.0E7,1.0,7.1E8,
1.2E-37,0.011,1700.0,6500.0,1100.0,3799999.9999999995,320.0,1500.0,3800.0,230.0,570.0,0.19,3799999.9999999995,1.1E-5,0.039,0.039,0.0,410.0,3.2,4.8E-13,1.4E-10,5.0E-19,2.1E7,1.0,7.1E8,
1.2E-37,0.011,1700.0,6500.0,1100.0,3799999.9999999995,320.0,1500.0,3800.0,230.0,570.0,0.19,3799999.9999999995,9.9E-6,0.039,0.039,0.0,410.0,3.2,1.2E-15,1.4E-10,1.5E-19,2.2E7,1.0,7.1E8,
1.2E-37,0.011,1700.0,6500.0,1100.0,3799999.9999999995,320.0,1500.0,3800.0,230.0,570.0,0.19,3799999.9999999995,8.5E-6,0.039,0.039,0.0,400.0,3.2,3.5E-18,1.4E-10,4.7E-20,2.3E7,1.0,7.1E8,
1.2E-37,0.011,1700.0,6500.0,1100.0,3799999.9999999995,320.0,1500.0,3800.0,230.0,570.0,0.19,3799999.9999999995,7.2E-6,0.039,0.039,0.0,400.0,3.2,1.2E-20,1.4E-10,1.5E-20,2.4E7,1.0,7.1E8,
1.2E-37,0.011,1700.0,6500.0,1100.0,3799999.9999999995,320.0,1500.0,3800.0,230.0,570.0,0.19,3799999.9999999995,6.1E-6,0.039,0.039,0.0,400.0,3.2,0.0,1.4E-10,5.5E-21,2.6E7,1.0,7.1E8,
1.2E-37,0.011,1700.0,6500.0,1100.0,3799999.9999999995,320.0,1500.0,3800.0,230.0,570.0,0.19,3799999.9999999995,5.1E-6,0.039,0.039,0.0,400.0,3.2,5.199999999999999E-24,1.4E-10,2.4E-21,2.7E7,1.0,7.1E8,
1.2E-37,0.011,1700.0,6500.0,1100.0,3799999.9999999995,320.0,1500.0,3800.0,230.0,570.0,0.19,3799999.9999999995,5.1E-6,0.039,0.039,0.0,400.0,3.2,1.2E-25,1.4E-10,1.4E-21,2.7E7,1.0,7.1E8,
1.2E-37,0.011,1700.0,6500.0,1100.0,3799999.9999999995,320.0,1500.0,3800.0,230.0,570.0,0.19,3799999.9999999995,6.1E-6,0.039,0.039,0.0,400.0,3.2,3.0000000000000005E-28,1.4E-10,1.2E-21,2.6E7,1.0,7.1E8,
1.2E-37,0.011,1700.0,6500.0,1100.0,3799999.9999999995,320.0,1500.0,3800.0,230.0,570.0,0.19,3799999.9999999995,6.4E-6,0.039,0.039,0.0,390.0,3.2,7.6E-31,1.4E-10,1.2E-21,2.5E7,1.0,7.1E8,
1.2E-37,0.011,1700.0,6500.0,1100.0,3799999.9999999995,320.0,1500.0,3800.0,230.0,570.0,0.19,3799999.9999999995,6.2E-6,0.039,0.039,0.0,390.0,3.2,1.9E-33,1.4E-10,1.2E-21,2.6E7,1.0,7.1E8,
1.2E-37,0.011,1700.0,6500.0,1100.0,3799999.9999999995,320.0,1500.0,3800.0,230.0,570.0,0.19,3799999.9999999995,5.6E-6,0.039,0.039,0.0,390.0,3.2,5.2E-36,1.4E-10,1.2E-21,2.6E7,1.0,7.1E8,
1.2E-37,0.011,1700.0,6500.0,1100.0,3799999.9999999995,320.0,1500.0,3800.0,230.0,570.0,0.19,3799999.9999999995,5.0E-6,0.039,0.039,0.0,390.0,3.2,1.1E-38,1.4E-10,1.1E-21,2.8E7,1.0,7.1E8,
1.2E-37,0.011,1700.0,6500.0,1100.0,3799999.9999999995,320.0,1500.0,3800.0,230.0,570.0,0.19,3799999.9999999995,4.4E-6,0.039,0.039,0.0,380.0,3.2,0.0,1.4E-10,9.5E-22,2.9E7,1.0,7.1E8,
1.2E-37,0.011,1700.0,6500.0,1100.0,3799999.9999999995,320.0,1500.0,3800.0,230.0,570.0,0.19,3799999.9999999995,3.8E-6,0.039,0.039,0.0,380.0,3.2,0.0,1.4E-10,8.399999999999999E-22,3.1E7,1.0,7.1E8,
1.2E-37,0.011,1700.0,6500.0,1100.0,3799999.9999999995,320.0,1500.0,3800.0,230.0,570.0,0.19,3799999.9999999995,3.3E-6,0.039,0.039,0.0,380.0,3.2,2.7E-38,1.4E-10,7.299999999999999E-22,3.2E7,1.0,7.1E8,
1.2E-37,0.011,1700.0,6500.0,1100.0,3799999.9999999995,320.0,1500.0,3800.0,230.0,570.0,0.19,3799999.9999999995,4.3E-6,0.039,0.039,0.0,380.0,3.2,6.8E-41,1.4E-10,7.5999999999999995E-22,2.9E7,1.0,7.1E8,
1.2E-37,0.011,1700.0,6500.0,1100.0,3799999.9999999995,320.0,1500.0,3800.0,230.0,570.0,0.19,3799999.9999999995,4.9E-6,0.039,0.039,0.0,370.0,3.2,1.6999999999999998E-43,1.4E-10,8.799999999999998E-22,2.8E7,1.0,7.1E8,
1.2E-37,0.011,1700.0,6500.0,1100.0,3799999.9999999995,320.0,1500.0,3800.0,230.0,570.0,0.19,3799999.9999999995,5.0E-6,0.039,0.039,0.0,370.0,3.2,4.4E-46,1.4E-10,9.5E-22,2.8E7,1.0,7.1E8,
1.2E-37,0.011,1700.0,6500.0,1100.0,3799999.9999999995,320.0,1500.0,3800.0,230.0,570.0,0.19,3799999.9999999995,4.7E-6,0.039,0.039,0.0,360.0,3.2,1.1E-48,1.4E-10,9.5E-22,2.8E7,1.0,7.1E8,
1.2E-37,0.011,1700.0,6500.0,1100.0,3799999.9999999995,320.0,1500.0,3800.0,230.0,570.0,0.19,3799999.9999999995,4.3E-6,0.039,0.039,0.0,360.0,3.2,1.2E-50,1.4E-10,9.0E-22,2.9E7,1.0,7.1E8,
1.2E-37,0.011,1700.0,6500.0,1100.0,3799999.9999999995,320.0,1500.0,3800.0,230.0,570.0,0.19,3799999.9999999995,3.8E-6,0.039,0.039,0.0,360.0,3.2,3.4E-51,1.4E-10,8.199999999999999E-22,3.1E7,1.0,7.1E8,
1.2E-37,0.011,1700.0,6500.0,1100.0,3799999.9999999995,320.0,1500.0,3800.0,230.0,570.0,0.19,3799999.9999999995,3.3E-6,0.039,0.039,0.0,360.0,3.2,9.6E-52,1.4E-10,7.399999999999999E-22,3.2E7,1.0,7.1E8,
1.2E-37,0.011,1700.0,6500.0,1100.0,3799999.9999999995,320.0,1500.0,3800.0,230.0,570.0,0.19,3799999.9999999995,2.9E-6,0.039,0.039,0.0,360.0,3.2,0.0,1.4E-10,6.4999999999999995E-22,3.3E7,1.0,7.1E8,
1.2E-37,0.011,1700.0,6500.0,1100.0,3799999.9999999995,320.0,1500.0,3800.0,230.0,570.0,0.19,3799999.9999999995,3.5E-6,0.039,0.039,0.0,360.0,3.2,3.8E-54,1.4E-10,6.299999999999999E-22,3.1E7,1.0,7.1E8,
5.2E-38,0.005,3200.0,2600.0,1100.0,4600000.0,320.0,1500.0,3800.0,230.0,570.0,0.19,4600000.0,9.2E-6,0.037,0.037,0.0,410.0,7.1,6.4,1.5E-10,1.9E-17,3.0E7,1.0,7.2E8,
5.1E-38,0.0049,3200.0,2600.0,1100.0,4400000.0,320.0,1500.0,3800.0,230.0,570.0,0.19,4400000.0,1.1E-5,0.036,0.036,0.0,410.0,6.9,0.044,1.5E-10,6.8E-18,2.7E7,1.0,7.2E8,
5.0E-38,0.0047,3200.0,2600.0,1100.0,4200000.0,320.0,1500.0,3800.0,230.0,570.0,0.19,4300000.0,1.4E-5,0.034,0.034,0.0,410.0,6.7,3.0E-4,1.5E-10,2.5E-18,2.5E7,1.0,7.2E8,
4.7000000000000005E-38,0.0045,3200.0,2600.0,1100.0,3899999.9999999995,320.0,1500.0,3800.0,230.0,570.0,0.19,3899999.9999999995,1.5E-5,0.032,0.032,0.0,410.0,6.2,5.5E-6,1.5E-10,1.1E-18,2.4E7,1.0,7.2E8,
4.7000000000000005E-38,0.0045,3200.0,2600.0,1100.0,3899999.9999999995,320.0,1500.0,3800.0,230.0,570.0,0.19,3899999.9999999995,1.8E-5,0.032,0.032,0.0,400.0,6.2,1.4E-8,1.5E-10,3.2E-19,2.2E7,1.0,7.1E8,
4.7000000000000005E-38,0.0045,3200.0,2600.0,1100.0,3899999.9999999995,320.0,1500.0,3800.0,230.0,570.0,0.19,3899999.9999999995,1.9E-5,0.032,0.032,0.0,400.0,6.2,3.5E-11,1.5E-10,9.9E-20,2.2E7,1.0,7.1E8,
4.7000000000000005E-38,0.0045,3200.0,2600.0,1100.0,3899999.9999999995,320.0,1500.0,3800.0,230.0,570.0,0.19,3899999.9999999995,1.8E-5,0.032,0.032,0.0,400.0,6.2,8.9E-14,1.5E-10,3.3E-20,2.2E7,1.0,7.1E8,
4.7000000000000005E-38,0.0045,3200.0,2600.0,1100.0,3899999.9999999995,320.0,1500.0,3800.0,230.0,570.0,0.19,3899999.9999999995,1.6E-5,0.032,0.032,0.0,400.0,6.2,2.3E-16,1.5E-10,1.2E-20,2.3E7,1.0,7.1E8,
4.7000000000000005E-38,0.0045,3200.0,2600.0,1100.0,3899999.9999999995,320.0,1500.0,3800.0,230.0,570.0,0.19,3899999.9999999995,1.4E-5,0.032,0.032,0.0,400.0,6.2,5.7E-19,1.5E-10,5.8E-21,2.4E7,1.0,7.1E8,
4.7000000000000005E-38,0.0045,3200.0,2600.0,1100.0,3899999.9999999995,320.0,1500.0,3800.0,230.0,570.0,0.19,3899999.9999999995,1.2E-5,0.032,0.032,0.0,390.0,6.2,1.4E-21,1.5E-10,3.6E-21,2.6E7,1.0,7.1E8,
4.7000000000000005E-38,0.0045,3200.0,2600.0,1100.0,3899999.9999999995,320.0,1500.0,3800.0,230.0,570.0,0.19,3899999.9999999995,1.0E-5,0.032,0.032,0.0,390.0,6.2,0.0,1.5E-10,2.7E-21,2.7E7,1.0,7.1E8,
4.7000000000000005E-38,0.0045,3200.0,2600.0,1100.0,3899999.9999999995,320.0,1500.0,3800.0,230.0,570.0,0.19,3899999.9999999995,8.7E-6,0.032,0.032,0.0,390.0,6.2,0.0,1.5E-10,2.2E-21,2.9E7,1.0,7.1E8,
6.9E-38,0.016,34000.0,3500.0,14000.0,4800000.0,12000.0,1500.0,3800.0,230.0,570.0,0.19,4900000.0,2.4E-5,0.04,0.04,0.0,450.0,16.0,2.9,2.5E-10,2.6E-17,2.9E7,1.0,7.3E8,
3.0000000000000004E-38,0.0069,1300.0,3500.0,1200.0,4800000.0,12000.0,1500.0,3800.0,230.0,570.0,0.19,4800000.0,9.7E-6,0.04,0.04,0.0,450.0,5.3,0.02,2.5E-10,4.2E-18,2.7E7,1.0,7.3E8,
2.9E-38,0.0068,1300.0,3500.0,1200.0,4600000.0,4800.0,1500.0,3800.0,230.0,570.0,0.19,4700000.0,1.1E-5,0.039,0.039,0.0,440.0,5.1,3.7E-4,2.5E-10,1.8E-18,2.5E7,1.0,7.3E8,
2.9E-38,0.0068,1300.0,3500.0,1200.0,4600000.0,4800.0,1500.0,3800.0,230.0,570.0,0.19,4600000.0,1.3E-5,0.038,0.038,0.0,430.0,5.1,6.8E-6,2.5E-10,8.3E-19,2.4E7,1.0,7.3E8,
2.8E-38,0.0066,1300.0,3500.0,1200.0,4400000.0,4800.0,1500.0,3700.0,230.0,560.0,0.19,4400000.0,1.4E-5,0.037,0.037,0.0,430.0,4.9,1.3E-7,2.5E-10,3.7E-19,2.2E7,1.0,7.3E8,
2.8E-38,0.0065,1300.0,3500.0,1200.0,4200000.0,4800.0,1500.0,3700.0,230.0,560.0,0.19,4200000.0,1.6E-5,0.036,0.036,0.0,430.0,4.7,2.3E-9,2.5E-10,1.6E-19,2.1E7,1.0,7.2E8,
2.7E-38,0.0063,1300.0,3500.0,1200.0,3999999.9999999995,4800.0,1500.0,3700.0,230.0,560.0,0.19,3999999.9999999995,1.8E-5,0.034,0.034,0.0,430.0,4.5,1.6E-11,2.5E-10,6.2E-20,2.0E7,1.0,7.2E8,
2.7E-38,0.0062,1300.0,3500.0,1200.0,3899999.9999999995,4800.0,1500.0,3700.0,230.0,560.0,0.19,3899999.9999999995,1.9E-5,0.033,0.033,0.0,430.0,4.4,8.1E-13,2.5E-10,3.7E-20,2.0E7,1.0,7.2E8,
2.7E-38,0.0062,1300.0,3500.0,1200.0,3899999.9999999995,4800.0,1500.0,3700.0,230.0,560.0,0.19,3899999.9999999995,2.0E-5,0.033,0.033,0.0,430.0,4.4,2.1E-15,2.5E-10,1.6E-20,1.9E7,1.0,7.2E8,
2.7E-38,0.0062,1300.0,3500.0,1200.0,3899999.9999999995,4800.0,1500.0,3700.0,230.0,560.0,0.19,3899999.9999999995,1.9E-5,0.033,0.033,0.0,430.0,4.4,5.2E-18,2.5E-10,9.5E-21,1.9E7,1.0,7.2E8,
2.7E-38,0.0062,1300.0,3500.0,1200.0,3899999.9999999995,4800.0,1500.0,3700.0,230.0,560.0,0.19,3899999.9999999995,1.7E-5,0.033,0.033,0.0,430.0,4.4,1.3E-20,2.5E-10,7.2E-21,2.0E7,1.0,7.2E8,
2.7E-38,0.0062,1300.0,3500.0,1200.0,3899999.9999999995,4800.0,1500.0,3700.0,230.0,560.0,0.19,3899999.9999999995,1.4E-5,0.033,0.033,0.0,420.0,4.4,3.4E-23,2.5E-10,5.9E-21,2.2E7,1.0,7.2E8,
2.7E-38,0.0062,1300.0,3500.0,1200.0,3899999.9999999995,4800.0,1500.0,3700.0,230.0,560.0,0.19,3899999.9999999995,1.2E-5,0.033,0.033,0.0,420.0,4.4,6.2E-26,2.5E-10,4.9E-21,2.3E7,1.0,7.2E8,
2.7E-38,0.0062,1300.0,3500.0,1200.0,3899999.9999999995,4800.0,1500.0,3700.0,230.0,560.0,0.19,3899999.9999999995,1.0E-5,0.033,0.033,0.0,410.0,4.4,0.0,2.5E-10,4.1E-21,2.4E7,1.0,7.2E8,
2.7E-38,0.0062,1300.0,3500.0,1200.0,3899999.9999999995,4800.0,1500.0,3700.0,230.0,560.0,0.19,3899999.9999999995,8.5E-6,0.033,0.033,0.0,410.0,4.4,0.0,2.5E-10,3.5E-21,2.6E7,1.0,7.2E8,
2.7E-38,0.0062,1300.0,3500.0,1200.0,3899999.9999999995,4800.0,1500.0,3700.0,230.0,560.0,0.19,3899999.9999999995,7.1E-6,0.033,0.033,0.0,410.0,4.4,0.0,2.5E-10,2.9E-21,2.8E7,1.0,7.2E8,
2.7E-38,0.0062,1300.0,3500.0,1200.0,3899999.9999999995,4800.0,1500.0,3700.0,230.0,560.0,0.19,3899999.9999999995,8.5E-6,0.033,0.033,0.0,410.0,4.4,0.0,2.5E-10,2.8E-21,2.6E7,1.0,7.2E8,
2.7E-38,0.0062,1300.0,3500.0,1200.0,3899999.9999999995,4800.0,1500.0,3700.0,230.0,560.0,0.19,3899999.9999999995,9.4E-6,0.033,0.033,0.0,410.0,4.4,0.0,2.5E-10,3.1E-21,2.5E7,1.0,7.2E8,
2.7E-38,0.0062,1300.0,3500.0,1200.0,3899999.9999999995,4800.0,1500.0,3700.0,230.0,560.0,0.19,3899999.9999999995,9.3E-6,0.033,0.033,0.0,410.0,4.4,0.0,2.5E-10,3.2E-21,2.5E7,1.0,7.2E8,
2.7E-38,0.0062,1300.0,3500.0,1200.0,3899999.9999999995,4800.0,1500.0,3700.0,230.0,560.0,0.19,3899999.9999999995,8.6E-6,0.033,0.033,0.0,410.0,4.4,0.0,2.5E-10,3.2E-21,2.6E7,1.0,7.2E8,
2.7E-38,0.0062,1300.0,3500.0,1200.0,3899999.9999999995,4800.0,1500.0,3700.0,230.0,560.0,0.19,3899999.9999999995,7.7E-6,0.033,0.033,0.0,410.0,4.4,0.0,2.5E-10,2.9E-21,2.7E7,1.0,7.2E8,
2.7E-38,0.0062,1300.0,3500.0,1200.0,3899999.9999999995,4800.0,1500.0,3700.0,230.0,560.0,0.19,3899999.9999999995,6.7E-6,0.033,0.033,0.0,400.0,4.4,0.0,2.5E-10,2.6E-21,2.8E7,1.0,7.2E8,
2.7E-38,0.0062,1300.0,3500.0,1200.0,3899999.9999999995,4800.0,1500.0,3700.0,230.0,560.0,0.19,3899999.9999999995,5.8E-6,0.033,0.033,0.0,400.0,4.4,0.0,2.5E-10,2.3E-21,3.0E7,1.0,7.2E8,
2.7E-38,0.0062,1300.0,3500.0,1200.0,3899999.9999999995,4800.0,1500.0,3700.0,230.0,560.0,0.19,3899999.9999999995,5.1E-6,0.033,0.033,0.0,390.0,4.4,0.0,2.6E-10,2.0E-21,3.1E7,1.0,7.2E8,
2.7E-38,0.0062,1300.0,3500.0,1200.0,3899999.9999999995,4800.0,1500.0,3700.0,230.0,560.0,0.19,3899999.9999999995,5.5E-6,0.033,0.033,0.0,390.0,4.4,0.0,2.6E-10,1.9E-21,3.0E7,1.0,7.2E8,
2.7E-38,0.0062,1300.0,3500.0,1200.0,3899999.9999999995,4800.0,1500.0,3700.0,230.0,560.0,0.19,3899999.9999999995,6.7E-6,0.033,0.033,0.0,390.0,4.4,0.0,2.6E-10,2.1E-21,2.8E7,1.0,7.2E8,
2.7E-38,0.0062,1300.0,3500.0,1200.0,3899999.9999999995,4800.0,1500.0,3700.0,230.0,560.0,0.19,3899999.9999999995,7.1E-6,0.033,0.033,0.0,390.0,4.4,0.0,2.6E-10,2.4E-21,2.8E7,1.0,7.2E8,
2.7E-38,0.0062,1300.0,3500.0,1200.0,3899999.9999999995,4800.0,1500.0,3700.0,230.0,560.0,0.19,3899999.9999999995,6.9E-6,0.033,0.033,0.0,390.0,4.4,0.0,2.6E-10,2.5E-21,2.8E7,1.0,7.2E8,
2.7E-38,0.0062,1300.0,3500.0,1200.0,3899999.9999999995,4800.0,1500.0,3700.0,230.0,560.0,0.19,3899999.9999999995,6.4E-6,0.033,0.033,0.0,390.0,4.4,0.0,2.6E-10,2.4E-21,2.9E7,1.0,7.2E8,
2.7E-38,0.0062,1300.0,3500.0,1200.0,3899999.9999999995,4800.0,1500.0,3700.0,230.0,560.0,0.19,3899999.9999999995,5.7E-6,0.033,0.033,0.0,380.0,4.4,0.0,2.6E-10,2.2E-21,3.0E7,1.0,7.2E8,
3.5E-37,0.08,25000.0,52000.0,25000.0,5000000.0,5200.0,1500.0,3700.0,230.0,560.0,0.19,5200000.0,1.6E-5,0.076,0.076,0.0,550.0,8.2,13.0,6.4E-10,3.7E-16,3.1E7,1.0,7.4E8,
4.9E-38,0.011,25000.0,4700.0,2100.0,4700000.0,5200.0,1500.0,3700.0,230.0,560.0,0.19,4800000.0,2.9E-6,0.04,0.04,0.0,550.0,1.9,0.67,6.4E-10,2.9E-17,2.9E7,1.0,7.4E8,
4.8E-38,0.011,1900.0,4700.0,2100.0,4600000.0,5200.0,1500.0,3700.0,230.0,560.0,0.19,4600000.0,3.5E-6,0.039,0.039,0.0,550.0,1.8,0.012,6.4E-10,1.3E-17,2.7E7,1.0,7.4E8,
4.7000000000000005E-38,0.011,1900.0,4700.0,2100.0,4300000.0,5200.0,1500.0,3700.0,230.0,560.0,0.19,4300000.0,3.8E-6,0.037,0.037,0.0,540.0,1.8,6.3E-4,6.3E-10,6.8E-18,2.5E7,1.0,7.4E8,
4.5E-38,0.01,1900.0,4600.0,2100.0,3899999.9999999995,5200.0,1500.0,3700.0,230.0,560.0,0.18,3899999.9999999995,4.1E-6,0.034,0.034,0.0,540.0,1.7,3.1E-5,6.3E-10,3.6E-18,2.4E7,1.0,7.3E8,
4.5E-38,0.01,1900.0,4600.0,2100.0,3899999.9999999995,5200.0,1500.0,3700.0,230.0,550.0,0.18,3899999.9999999995,4.9E-6,0.034,0.034,0.0,550.0,1.7,8.0E-8,6.3E-10,1.1E-18,2.3E7,1.0,7.3E8,
4.5E-38,0.01,1900.0,4600.0,2100.0,3899999.9999999995,5200.0,1500.0,3700.0,230.0,550.0,0.18,3899999.9999999995,5.0E-6,0.034,0.034,0.0,550.0,1.7,2.1E-10,6.3E-10,3.3E-19,2.2E7,1.0,7.3E8,
4.5E-38,0.01,1900.0,4600.0,2100.0,3899999.9999999995,5200.0,1500.0,3700.0,230.0,550.0,0.18,3899999.9999999995,4.7E-6,0.034,0.034,0.0,550.0,1.7,5.2E-13,6.3E-10,1.0E-19,2.3E7,1.0,7.3E8,
4.5E-38,0.01,1900.0,4600.0,2100.0,3899999.9999999995,5200.0,1500.0,3700.0,230.0,550.0,0.18,3899999.9999999995,4.2E-6,0.034,0.034,0.0,540.0,1.7,1.4E-15,6.3E-10,3.4E-20,2.4E7,1.0,7.3E8,
4.5E-38,0.01,1900.0,4600.0,2100.0,3899999.9999999995,5200.0,1500.0,3700.0,230.0,550.0,0.18,3899999.9999999995,3.6E-6,0.034,0.034,0.0,540.0,1.7,3.9E-18,6.3E-10,1.2E-20,2.5E7,1.0,7.3E8,
4.5E-38,0.01,1900.0,4600.0,2100.0,3899999.9999999995,5200.0,1500.0,3700.0,230.0,550.0,0.18,3899999.9999999995,3.1E-6,0.034,0.034,0.0,530.0,1.7,1.7E-20,6.3E-10,5.7E-21,2.7E7,1.0,7.3E8,
4.5E-38,0.01,1900.0,4600.0,2100.0,3899999.9999999995,5200.0,1500.0,3700.0,230.0,550.0,0.18,3899999.9999999995,2.6E-6,0.034,0.034,0.0,520.0,1.7,1.6E-21,6.3E-10,3.4E-21,2.8E7,1.0,7.3E8,
4.5E-38,0.01,1900.0,4600.0,2100.0,3899999.9999999995,5200.0,1500.0,3700.0,230.0,550.0,0.18,3899999.9999999995,2.2E-6,0.034,0.034,0.0,510.0,1.7,7.0E-23,6.4E-10,2.5E-21,3.0E7,1.0,7.3E8,
4.5E-38,0.01,1900.0,4600.0,2100.0,3899999.9999999995,5200.0,1500.0,3700.0,230.0,550.0,0.18,3899999.9999999995,2.6E-6,0.034,0.034,0.0,510.0,1.7,0.0,6.4E-10,2.2E-21,2.8E7,1.0,7.3E8,
4.5E-38,0.01,1900.0,4600.0,2100.0,3899999.9999999995,5200.0,1500.0,3700.0,230.0,550.0,0.18,3899999.9999999995,3.0E-6,0.034,0.034,0.0,510.0,1.7,0.0,6.4E-10,2.4E-21,2.7E7,1.0,7.3E8,
4.5E-38,0.01,1900.0,4600.0,2100.0,3899999.9999999995,5200.0,1500.0,3700.0,230.0,550.0,0.18,3899999.9999999995,3.1E-6,0.034,0.034,0.0,510.0,1.7,0.0,6.4E-10,2.6E-21,2.7E7,1.0,7.3E8,
4.5E-38,0.01,1900.0,4600.0,2100.0,3899999.9999999995,5200.0,1500.0,3700.0,230.0,550.0,0.18,3899999.9999999995,2.9E-6,0.034,0.034,0.0,510.0,1.7,0.0,6.4E-10,2.6E-21,2.7E7,1.0,7.3E8,
4.5E-38,0.01,1900.0,4600.0,2100.0,3899999.9999999995,5200.0,1500.0,3700.0,230.0,550.0,0.18,3899999.9999999995,2.6E-6,0.034,0.034,0.0,510.0,1.7,0.0,6.4E-10,2.4E-21,2.8E7,1.0,7.3E8,
4.5E-38,0.01,1900.0,4600.0,2100.0,3899999.9999999995,5200.0,1500.0,3700.0,230.0,550.0,0.18,3899999.9999999995,2.3E-6,0.034,0.034,0.0,510.0,1.7,0.0,6.4E-10,2.2E-21,3.0E7,1.0,7.3E8,
4.5E-38,0.01,1900.0,4600.0,2100.0,3899999.9999999995,5200.0,1500.0,3700.0,230.0,550.0,0.18,3899999.9999999995,2.0E-6,0.034,0.034,0.0,510.0,1.7,0.0,6.4E-10,2.0E-21,3.1E7,1.0,7.3E8,
4.5E-38,0.01,1900.0,4600.0,2100.0,3899999.9999999995,5200.0,1500.0,3700.0,230.0,550.0,0.18,3899999.9999999995,1.8E-6,0.034,0.034,0.0,500.0,1.7,0.0,6.4E-10,1.7E-21,3.3E7,1.0,7.3E8,
4.5E-38,0.01,1900.0,4600.0,2100.0,3899999.9999999995,5200.0,1500.0,3700.0,230.0,550.0,0.18,3899999.9999999995,1.8E-6,0.034,0.034,0.0,500.0,1.7,0.0,6.4E-10,1.6E-21,3.2E7,1.0,7.3E8,
4.5E-38,0.01,1900.0,4600.0,2100.0,3899999.9999999995,5200.0,1500.0,3700.0,230.0,550.0,0.18,3899999.9999999995,2.3E-6,0.034,0.034,0.0,490.0,1.7,0.0,6.4E-10,1.8E-21,3.0E7,1.0,7.3E8,
4.5E-38,0.01,1900.0,4600.0,2100.0,3899999.9999999995,5200.0,1500.0,3700.0,230.0,550.0,0.18,3899999.9999999995,2.5E-6,0.034,0.034,0.0,490.0,1.7,0.0,6.4E-10,2.0E-21,2.9E7,1.0,7.3E8,
4.5E-38,0.01,1900.0,4600.0,2100.0,3899999.9999999995,5200.0,1500.0,3700.0,230.0,550.0,0.18,3899999.9999999995,2.4E-6,0.034,0.034,0.0,480.0,1.7,0.0,6.5E-10,2.1E-21,2.9E7,1.0,7.3E8,
4.5E-38,0.01,1900.0,4600.0,2100.0,3899999.9999999995,5200.0,1500.0,3700.0,230.0,550.0,0.18,3899999.9999999995,2.3E-6,0.034,0.034,0.0,470.0,1.7,0.0,6.5E-10,2.1E-21,3.0E7,1.0,7.3E8,
4.5E-38,0.01,1900.0,4600.0,2100.0,3899999.9999999995,5200.0,1500.0,3700.0,230.0,550.0,0.18,3899999.9999999995,2.1E-6,0.034,0.034,0.0,470.0,1.7,0.0,6.5E-10,2.0E-21,3.1E7,1.0,7.3E8,
4.5E-38,0.01,1900.0,4600.0,2100.0,3899999.9999999995,5200.0,1500.0,3700.0,230.0,550.0,0.18,3899999.9999999995,1.8E-6,0.034,0.034,0.0,470.0,1.7,0.0,6.5E-10,1.8E-21,3.2E7,1.0,7.3E8,
4.5E-38,0.01,1900.0,4600.0,2100.0,3899999.9999999995,5200.0,1500.0,3700.0,230.0,550.0,0.18,3899999.9999999995,1.6E-6,0.034,0.034,0.0,470.0,1.7,0.0,6.5E-10,1.6E-21,3.4E7,1.0,7.3E8,
4.5E-38,0.01,1900.0,4600.0,2100.0,3899999.9999999995,5200.0,1500.0,3700.0,230.0,550.0,0.18,3899999.9999999995,1.4E-6,0.034,0.034,0.0,470.0,1.7,0.0,6.5E-10,1.4E-21,3.5E7,1.0,7.3E8,
4.5E-38,0.01,1900.0,4600.0,2100.0,3899999.9999999995,5200.0,1500.0,3700.0,230.0,550.0,0.18,3899999.9999999995,1.9E-6,0.034,0.034,0.0,470.0,1.7,0.0,6.5E-10,1.5E-21,3.2E7,1.0,7.3E8,
4.5E-38,0.01,1900.0,4600.0,2100.0,3899999.9999999995,5200.0,1500.0,3700.0,230.0,550.0,0.18,3899999.9999999995,2.2E-6,0.034,0.034,0.0,460.0,1.7,0.0,6.5E-10,1.7E-21,3.0E7,1.0,7.3E8,
4.5E-38,0.01,1900.0,4600.0,2100.0,3899999.9999999995,5200.0,1500.0,3700.0,230.0,550.0,0.18,3899999.9999999995,2.2E-6,0.034,0.034,0.0,460.0,1.7,0.0,6.5E-10,1.9E-21,3.0E7,1.0,7.3E8,
4.5E-38,0.01,1900.0,4600.0,2100.0,3899999.9999999995,5200.0,1500.0,3700.0,230.0,550.0,0.18,3899999.9999999995,2.1E-6,0.034,0.034,0.0,460.0,1.7,0.0,6.5E-10,1.9E-21,3.0E7,1.0,7.3E8,
4.5E-38,0.01,1900.0,4600.0,2100.0,3899999.9999999995,5200.0,1500.0,3700.0,230.0,550.0,0.18,3899999.9999999995,2.0E-6,0.034,0.034,0.0,460.0,1.7,0.0,6.6E-10,1.9E-21,3.1E7,1.0,7.3E8,
4.5E-38,0.01,1900.0,4600.0,2100.0,3899999.9999999995,5200.0,1500.0,3700.0,230.0,550.0,0.18,3899999.9999999995,1.8E-6,0.034,0.034,0.0,460.0,1.7,0.0,6.6E-10,1.7E-21,3.3E7,1.0,7.3E8,
4.5E-38,0.01,1900.0,4600.0,2100.0,3899999.9999999995,5200.0,1500.0,3700.0,230.0,550.0,0.18,3899999.9999999995,1.6E-6,0.034,0.034,0.0,460.0,1.7,0.0,6.6E-10,1.5E-21,3.4E7,1.0,7.3E8,
4.5E-38,0.01,1900.0,4600.0,2100.0,3899999.9999999995,5200.0,1500.0,3700.0,230.0,550.0,0.18,3899999.9999999995,1.4E-6,0.034,0.034,0.0,450.0,1.7,0.0,6.6E-10,1.4E-21,3.6E7,1.0,7.3E8,
4.5E-38,0.01,1900.0,4600.0,2100.0,3899999.9999999995,5200.0,1500.0,3700.0,230.0,550.0,0.18,3899999.9999999995,1.7E-6,0.034,0.034,0.0,450.0,1.7,0.0,6.6E-10,1.3E-21,3.3E7,1.0,7.3E8,
4.5E-38,0.01,1900.0,4600.0,2100.0,3899999.9999999995,5200.0,1500.0,3700.0,230.0,550.0,0.18,3899999.9999999995,2.0E-6,0.034,0.034,0.0,450.0,1.7,0.0,6.6E-10,1.6E-21,3.1E7,1.0,7.3E8,
4.5E-38,0.01,1900.0,4600.0,2100.0,3899999.9999999995,5200.0,1500.0,3700.0,230.0,550.0,0.18,3899999.9999999995,2.1E-6,0.034,0.034,0.0,440.0,1.7,0.0,6.6E-10,1.8E-21,3.0E7,1.0,7.3E8,
4.5E-38,0.01,1900.0,4600.0,2100.0,3899999.9999999995,5200.0,1500.0,3700.0,230.0,550.0,0.18,3899999.9999999995,2.1E-6,0.034,0.034,0.0,430.0,1.7,0.0,6.6E-10,1.9E-21,3.1E7,1.0,7.3E8,
4.5E-38,0.01,1900.0,4600.0,2100.0,3899999.9999999995,5200.0,1500.0,3700.0,230.0,550.0,0.18,3899999.9999999995,1.9E-6,0.034,0.034,0.0,430.0,1.7,0.0,6.6E-10,1.8E-21,3.1E7,1.0,7.3E8,
4.5E-38,0.01,1900.0,4600.0,2100.0,3899999.9999999995,5200.0,1500.0,3700.0,230.0,550.0,0.18,3899999.9999999995,1.8E-6,0.034,0.034,0.0,430.0,1.7,0.0,6.7E-10,1.7E-21,3.3E7,1.0,7.3E8,
4.5E-38,0.01,1900.0,4600.0,2100.0,3899999.9999999995,5200.0,1500.0,3700.0,230.0,550.0,0.18,3899999.9999999995,1.6E-6,0.034,0.034,0.0,430.0,1.7,0.0,6.7E-10,1.6E-21,3.4E7,1.0,7.3E8,
4.5E-38,0.01,1900.0,4600.0,2100.0,3899999.9999999995,5200.0,1500.0,3700.0,230.0,550.0,0.18,3899999.9999999995,1.4E-6,0.034,0.034,0.0,430.0,1.7,0.0,6.7E-10,1.4E-21,3.6E7,1.0,7.3E8,
4.5E-38,0.01,1900.0,4600.0,2100.0,3899999.9999999995,5200.0,1500.0,3700.0,230.0,550.0,0.18,3899999.9999999995,1.4E-6,0.034,0.034,0.0,430.0,1.7,0.0,6.7E-10,1.3E-21,3.5E7,1.0,7.3E8,
4.5E-38,0.01,1900.0,4600.0,2100.0,3899999.9999999995,5200.0,1500.0,3700.0,230.0,550.0,0.18,3899999.9999999995,1.9E-6,0.034,0.034,0.0,420.0,1.7,0.0,6.7E-10,1.5E-21,3.2E7,1.0,7.3E8,
5.0E-37,0.13,3800.0,130000.0,4600.0,5000000.0,5200.0,6700.0,5000.0,2700.0,3500.0,0.19,5200000.0,5.6,0.21,0.21,0.0,580.0,4.9,120.0,2.5E-9,1.8E-14,3.2E7,1.0,7.6E8,
2.1E-37,0.055,3800.0,51000.0,4600.0,4800000.0,5100.0,6700.0,5000.0,2700.0,3500.0,0.19,4900000.0,1.7E-5,0.13,0.13,0.0,580.0,10.0,0.9,2.5E-9,2.8E-15,2.9E7,1.0,7.5E8,
3.5E-38,0.0088,3800.0,470.0,4600.0,4600000.0,5100.0,6700.0,5000.0,2700.0,3500.0,0.19,4600000.0,4.3E-6,0.078,0.078,0.0,580.0,9.9,0.046,2.5E-9,2.5E-16,2.7E7,1.0,7.5E8,
3.4E-38,0.0086,3800.0,470.0,4600.0,4300000.0,5100.0,6700.0,5000.0,2700.0,3500.0,0.19,4400000.0,2.2E-5,0.075,0.075,0.0,580.0,9.6,8.7E-4,2.5E-9,1.1E-16,2.5E7,1.0,7.5E8,
3.2000000000000003E-38,0.0083,3800.0,470.0,4600.0,3999999.9999999995,5100.0,6700.0,5000.0,2700.0,3500.0,0.18,3999999.9999999995,2.4E-5,0.072,0.072,0.0,580.0,9.3,4.4E-5,2.5E-9,5.7E-17,2.4E7,1.0,7.5E8,
3.2000000000000003E-38,0.0083,3800.0,470.0,4600.0,3999999.9999999995,5100.0,6700.0,5000.0,2700.0,3500.0,0.18,3999999.9999999995,2.8E-5,0.072,0.072,0.0,570.0,9.2,3.1E-7,2.5E-9,2.1E-17,2.3E7,1.0,7.5E8,
3.2000000000000003E-38,0.0082,3800.0,470.0,4600.0,3899999.9999999995,5100.0,6700.0,5000.0,2700.0,3500.0,0.18,3999999.9999999995,2.9E-5,0.072,0.072,0.0,560.0,9.2,8.0E-10,2.5E-9,6.4E-18,2.3E7,1.0,7.5E8,
3.2000000000000003E-38,0.0082,3800.0,470.0,4600.0,3899999.9999999995,5100.0,6700.0,5000.0,2700.0,3500.0,0.18,3999999.9999999995,2.7E-5,0.072,0.072,0.0,560.0,9.2,2.1E-12,2.5E-9,2.0E-18,2.3E7,1.0,7.5E8,
3.2000000000000003E-38,0.0082,3800.0,470.0,4600.0,3899999.9999999995,5100.0,6700.0,5000.0,2700.0,3500.0,0.18,3999999.9999999995,2.4E-5,0.072,0.072,0.0,550.0,9.2,5.5E-15,2.5E-9,6.6E-19,2.4E7,1.0,7.5E8,
3.2000000000000003E-38,0.0082,3800.0,470.0,4600.0,3899999.9999999995,5100.0,6700.0,5000.0,2700.0,3500.0,0.18,3999999.9999999995,2.1E-5,0.072,0.072,0.0,550.0,9.2,1.6E-17,2.5E-9,2.5E-19,2.5E7,1.0,7.5E8,
3.2000000000000003E-38,0.0082,3800.0,470.0,4600.0,3899999.9999999995,5100.0,6700.0,5000.0,2700.0,3500.0,0.18,3999999.9999999995,1.8E-5,0.072,0.072,0.0,550.0,9.2,3.6E-20,2.5E-9,1.2E-19,2.7E7,1.0,7.5E8,
3.2000000000000003E-38,0.0082,3800.0,470.0,4600.0,3899999.9999999995,5100.0,6700.0,5000.0,2700.0,3500.0,0.18,3999999.9999999995,1.5E-5,0.072,0.072,0.0,550.0,9.2,8.5E-23,2.5E-9,7.5E-20,2.8E7,1.0,7.5E8,
3.2000000000000003E-38,0.0082,3800.0,470.0,4600.0,3899999.9999999995,5100.0,6700.0,5000.0,2700.0,3500.0,0.18,3999999.9999999995,1.3E-5,0.072,0.072,0.0,550.0,9.2,1.9E-25,2.5E-9,5.6E-20,3.0E7,1.0,7.5E8,
3.2000000000000003E-38,0.0082,3800.0,470.0,4600.0,3899999.9999999995,5100.0,6700.0,5000.0,2700.0,3500.0,0.18,3999999.9999999995,1.4E-5,0.072,0.072,0.0,550.0,9.2,6.5E-28,2.5E-9,4.8E-20,2.9E7,1.0,7.5E8,
3.2000000000000003E-38,0.0082,3800.0,470.0,4600.0,3899999.9999999995,5100.0,6700.0,5000.0,2700.0,3500.0,0.18,3999999.9999999995,1.7E-5,0.072,0.072,0.0,550.0,9.2,1.7E-30,2.5E-9,5.2E-20,2.7E7,1.0,7.5E8,
3.2000000000000003E-38,0.0082,3800.0,470.0,4600.0,3899999.9999999995,5100.0,6700.0,5000.0,2700.0,3500.0,0.18,3999999.9999999995,1.7E-5,0.072,0.072,0.0,550.0,9.2,4.4E-33,2.5E-9,5.6E-20,2.7E7,1.0,7.5E8,
1.7E-37,0.083,7600.0,64000.0,9500.0,4800000.0,86000.0,6700.0,5000.0,2700.0,3500.0,0.19,5000000.0,0.014,0.13,0.13,0.0,570.0,15.0,30.0,2.9E-9,3.5E-16,2.8E7,1.0,7.6E8,
1.4E-37,0.067,100.0,57000.0,1900.0,4700000.0,86000.0,6700.0,5000.0,2700.0,3500.0,0.19,4900000.0,1.5E-5,0.12,0.12,0.0,570.0,6.9,1.6,2.9E-9,1.5E-16,2.6E7,1.0,7.6E8,
1.8E-38,0.0088,100.0,1600.0,1900.0,4700000.0,79000.0,6700.0,5000.0,2700.0,3500.0,0.19,4800000.0,1.7E-5,0.075,0.075,0.0,570.0,6.8,0.012,2.9E-9,7.4E-18,2.5E7,1.0,7.6E8,
1.8E-38,0.0088,100.0,1600.0,1900.0,4700000.0,66000.0,6700.0,5000.0,2700.0,3500.0,0.19,4800000.0,2.1E-5,0.075,0.075,0.0,570.0,6.8,3.5E-5,2.9E-9,2.3E-18,2.3E7,1.0,7.6E8,
1.7E-38,0.0085,100.0,1600.0,1900.0,4500000.0,770.0,6700.0,5000.0,2700.0,3500.0,0.18,4500000.0,2.2E-5,0.073,0.073,0.0,560.0,6.5,4.7E-6,2.9E-9,1.5E-18,2.2E7,1.0,7.5E8,
1.7E-38,0.0081,100.0,1600.0,1900.0,4200000.0,770.0,6700.0,5000.0,2700.0,3500.0,0.18,4200000.0,2.4E-5,0.07,0.07,0.0,550.0,6.2,8.8E-8,2.9E-9,7.0E-19,2.1E7,1.0,7.5E8,
1.2E-37,0.076,11000.0,32000.0,19000.0,5200000.0,770.0,6600.0,5000.0,2700.0,3500.0,0.19,5300000.0,5.2E-5,0.1,0.1,0.0,570.0,8.9,1.1,5.5E-9,1.4E-14,2.1E7,1.0,7.6E8,
7.0E-38,0.045,3900.0,9700.0,19000.0,5100000.0,770.0,6600.0,4900.0,2700.0,3500.0,0.19,5100000.0,4.1E-5,0.081,0.081,0.0,570.0,8.8,0.021,5.5E-9,3.8E-15,2.0E7,1.0,7.6E8,
2.8E-38,0.018,3900.0,2200.0,6200.0,4900000.0,770.0,6600.0,4900.0,2700.0,3500.0,0.19,4900000.0,2.1E-5,0.073,0.073,0.0,570.0,4.1,0.0011,5.5E-9,8.3E-16,1.9E7,1.0,7.6E8,
2.7E-38,0.018,3900.0,2200.0,6200.0,4700000.0,770.0,6600.0,4900.0,2700.0,3500.0,0.18,4700000.0,2.2E-5,0.071,0.071,0.0,570.0,4.0,2.0E-5,5.5E-9,3.7E-16,1.9E7,1.0,7.6E8,
2.6E-38,0.017,3900.0,2200.0,6200.0,4300000.0,770.0,6600.0,4900.0,2700.0,3500.0,0.18,4300000.0,2.3E-5,0.067,0.067,0.0,570.0,3.9,3.7E-7,5.4E-9,1.6E-16,1.8E7,1.0,7.5E8,
2.6E-38,0.017,3900.0,2200.0,6100.0,4200000.0,760.0,6600.0,4900.0,2700.0,3500.0,0.18,4200000.0,2.4E-5,0.067,0.067,0.0,570.0,3.8,2.6E-9,5.4E-9,5.9E-17,1.8E7,1.0,7.5E8,
2.5E-38,0.016,3900.0,2200.0,6100.0,3999999.9999999995,760.0,6600.0,4900.0,2700.0,3500.0,0.18,3999999.9999999995,2.4E-5,0.065,0.065,0.0,570.0,3.7,4.9E-11,5.4E-9,2.6E-17,1.7E7,1.0,7.5E8,
2.5E-38,0.016,3900.0,2200.0,6100.0,3999999.9999999995,760.0,6600.0,4900.0,2700.0,3500.0,0.18,3999999.9999999995,2.3E-5,0.065,0.065,0.0,570.0,3.7,1.3E-13,5.4E-9,7.9E-18,1.8E7,1.0,7.5E8,
5.7E-38,0.033,3900.0,12000.0,13000.0,5100000.0,760.0,6600.0,4900.0,2700.0,3500.0,0.19,5100000.0,3.0E-5,0.079,0.079,0.0,580.0,4.9,0.22,5.7E-9,6.1E-16,1.8E7,1.0,7.6E8,
3.3E-38,0.019,3800.0,12000.0,670.0,4900000.0,760.0,6600.0,4900.0,2600.0,3500.0,0.18,5000000.0,9.8E-6,0.077,0.077,0.0,580.0,1.5,5.8E-4,5.7E-9,1.0E-16,1.8E7,1.0,7.6E8,
1.7E-38,0.01,3800.0,4000.0,660.0,4500000.0,760.0,6600.0,4900.0,2600.0,3500.0,0.18,4500000.0,5.2E-6,0.068,0.068,0.0,580.0,1.4,2.1E-4,5.7E-9,4.6E-17,1.8E7,1.0,7.6E8,
1.7E-38,0.0095,3800.0,4000.0,660.0,4099999.9999999995,760.0,6600.0,4900.0,2600.0,3500.0,0.18,4099999.9999999995,8.9E-6,0.064,0.064,0.0,560.0,1.3,1.1E-5,5.7E-9,2.4E-17,1.7E7,1.0,7.5E8,
1.6000000000000001E-38,0.0094,3800.0,4000.0,660.0,3999999.9999999995,760.0,6600.0,4900.0,2600.0,3500.0,0.18,3999999.9999999995,8.9E-6,0.063,0.063,0.0,560.0,1.2,2.0E-7,5.6E-9,1.1E-17,1.7E7,1.0,7.5E8,
1.6000000000000001E-38,0.0094,3800.0,4000.0,660.0,3999999.9999999995,760.0,6600.0,4900.0,2600.0,3500.0,0.18,3999999.9999999995,8.5E-6,0.063,0.063,0.0,560.0,1.2,5.2E-10,5.6E-9,3.3E-18,1.7E7,1.0,7.5E8,
1.6000000000000001E-38,0.0094,3800.0,4000.0,660.0,3999999.9999999995,760.0,6600.0,4900.0,2600.0,3500.0,0.18,3999999.9999999995,7.5E-6,0.063,0.063,0.0,560.0,1.2,1.3E-12,5.6E-9,1.0E-18,1.8E7,1.0,7.5E8,
1.6000000000000001E-38,0.0094,3800.0,4000.0,660.0,3999999.9999999995,760.0,6600.0,4900.0,2600.0,3500.0,0.18,3999999.9999999995,6.2E-6,0.063,0.063,0.0,560.0,1.2,3.4E-15,5.7E-9,3.5E-19,1.9E7,1.0,7.5E8,
1.6000000000000001E-38,0.0094,3800.0,4000.0,660.0,3999999.9999999995,760.0,6600.0,4900.0,2600.0,3500.0,0.18,3999999.9999999995,5.1E-6,0.063,0.063,0.0,560.0,1.2,9.0E-18,5.7E-9,1.3E-19,2.1E7,1.0,7.5E8,
1.6000000000000001E-38,0.0094,3800.0,4000.0,660.0,3999999.9999999995,760.0,6600.0,4900.0,2600.0,3500.0,0.18,3999999.9999999995,4.2E-6,0.063,0.063,0.0,560.0,1.2,2.5E-20,5.7E-9,6.4E-20,2.2E7,1.0,7.5E8,
1.6000000000000001E-38,0.0094,3800.0,4000.0,660.0,3999999.9999999995,760.0,6600.0,4900.0,2600.0,3500.0,0.18,3999999.9999999995,3.4E-6,0.063,0.063,0.0,550.0,1.2,0.0,5.7E-9,3.9E-20,2.4E7,1.0,7.5E8,
1.6000000000000001E-38,0.0094,3800.0,4000.0,660.0,3999999.9999999995,760.0,6600.0,4900.0,2600.0,3500.0,0.18,3999999.9999999995,2.8E-6,0.063,0.063,0.0,550.0,1.2,0.0,5.7E-9,2.8E-20,2.6E7,1.0,7.5E8,
1.6000000000000001E-38,0.0094,3800.0,4000.0,660.0,3999999.9999999995,760.0,6600.0,4900.0,2600.0,3500.0,0.18,3999999.9999999995,2.3E-6,0.063,0.063,0.0,550.0,1.2,1.7999999999999997E-24,5.7E-9,2.2E-20,2.7E7,1.0,7.5E8,
1.6000000000000001E-38,0.0094,3800.0,4000.0,660.0,3999999.9999999995,760.0,6600.0,4900.0,2600.0,3500.0,0.18,3999999.9999999995,2.9E-6,0.063,0.063,0.0,540.0,1.2,4.6E-27,5.7E-9,2.1E-20,2.5E7,1.0,7.5E8,
1.6000000000000001E-38,0.0094,3800.0,4000.0,660.0,3999999.9999999995,760.0,6600.0,4900.0,2600.0,3500.0,0.18,3999999.9999999995,3.1E-6,0.063,0.063,0.0,540.0,1.2,1.2E-29,5.7E-9,2.2E-20,2.5E7,1.0,7.5E8,
1.6000000000000001E-38,0.0094,3800.0,4000.0,660.0,3999999.9999999995,760.0,6600.0,4900.0,2600.0,3500.0,0.18,3999999.9999999995,3.0E-6,0.063,0.063,0.0,540.0,1.2,3.0E-32,5.7E-9,2.3E-20,2.5E7,1.0,7.5E8,
1.6000000000000001E-38,0.0094,3800.0,4000.0,660.0,3999999.9999999995,760.0,6600.0,4900.0,2600.0,3500.0,0.18,3999999.9999999995,2.7E-6,0.063,0.063,0.0,530.0,1.2,7.9E-35,5.7E-9,2.2E-20,2.6E7,1.0,7.5E8,
1.6000000000000001E-38,0.0094,3800.0,4000.0,660.0,3999999.9999999995,760.0,6600.0,4900.0,2600.0,3500.0,0.18,3999999.9999999995,2.4E-6,0.063,0.063,0.0,520.0,1.2,8.3E-37,5.7E-9,2.0E-20,2.7E7,1.0,7.5E8,
1.6000000000000001E-38,0.0094,3800.0,4000.0,660.0,3999999.9999999995,760.0,6600.0,4900.0,2600.0,3500.0,0.18,3999999.9999999995,2.0E-6,0.063,0.063,0.0,520.0,1.2,2.5E-37,5.7E-9,1.7E-20,2.9E7,1.0,7.5E8,
1.6000000000000001E-38,0.0094,3800.0,4000.0,660.0,3999999.9999999995,760.0,6600.0,4900.0,2600.0,3500.0,0.18,3999999.9999999995,1.8E-6,0.063,0.063,0.0,520.0,1.2,6.9E-38,5.7E-9,1.5E-20,3.0E7,1.0,7.5E8,
1.6000000000000001E-38,0.0094,3800.0,4000.0,660.0,3999999.9999999995,760.0,6600.0,4900.0,2600.0,3500.0,0.18,3999999.9999999995,1.5E-6,0.063,0.063,0.0,520.0,1.2,0.0,5.7E-9,1.3E-20,3.2E7,1.0,7.5E8,
1.6000000000000001E-38,0.0094,3800.0,4000.0,660.0,3999999.9999999995,760.0,6600.0,4900.0,2600.0,3500.0,0.18,3999999.9999999995,1.8E-6,0.063,0.063,0.0,520.0,1.2,1.1E-39,5.7E-9,1.2E-20,3.0E7,1.0,7.5E8,
1.6000000000000001E-38,0.0094,3800.0,4000.0,660.0,3999999.9999999995,760.0,6600.0,4900.0,2600.0,3500.0,0.18,3999999.9999999995,2.1E-6,0.063,0.063,0.0,520.0,1.2,2.7E-42,5.7E-9,1.4E-20,2.9E7,1.0,7.5E8,
1.6000000000000001E-38,0.0094,3800.0,4000.0,660.0,3999999.9999999995,760.0,6600.0,4900.0,2600.0,3500.0,0.18,3999999.9999999995,2.1E-6,0.063,0.063,0.0,520.0,1.2,7.100000000000001E-45,5.7E-9,1.5E-20,2.8E7,1.0,7.5E8,
1.6000000000000001E-38,0.0094,3800.0,4000.0,660.0,3999999.9999999995,760.0,6600.0,4900.0,2600.0,3500.0,0.18,3999999.9999999995,2.0E-6,0.063,0.063,0.0,510.0,1.2,1.8E-47,5.7E-9,1.6E-20,2.9E7,1.0,7.5E8,
1.6000000000000001E-38,0.0094,3800.0,4000.0,660.0,3999999.9999999995,760.0,6600.0,4900.0,2600.0,3500.0,0.18,3999999.9999999995,1.9E-6,0.063,0.063,0.0,490.0,1.2,6.2E-50,5.7E-9,1.5E-20,3.0E7,1.0,7.5E8,
1.6000000000000001E-38,0.0094,3800.0,4000.0,660.0,3999999.9999999995,760.0,6600.0,4900.0,2600.0,3500.0,0.18,3999999.9999999995,1.6E-6,0.063,0.063,0.0,490.0,1.2,1.3E-50,5.7E-9,1.4E-20,3.1E7,1.0,7.5E8,
1.6000000000000001E-38,0.0094,3800.0,4000.0,660.0,3999999.9999999995,760.0,6600.0,4900.0,2600.0,3500.0,0.18,3999999.9999999995,1.4E-6,0.063,0.063,0.0,490.0,1.2,7.3E-52,5.7E-9,1.2E-20,3.2E7,1.0,7.5E8,
1.6000000000000001E-38,0.0094,3800.0,4000.0,660.0,3999999.9999999995,760.0,6600.0,4900.0,2600.0,3500.0,0.18,3999999.9999999995,1.3E-6,0.063,0.063,0.0,490.0,1.2,0.0,5.8E-9,1.1E-20,3.4E7,1.0,7.5E8,
1.6000000000000001E-38,0.0094,3800.0,4000.0,660.0,3999999.9999999995,760.0,6600.0,4900.0,2600.0,3500.0,0.18,3999999.9999999995,1.3E-6,0.063,0.063,0.0,490.0,1.2,0.0,5.8E-9,9.8E-21,3.4E7,1.0,7.5E8,
1.6000000000000001E-38,0.0094,3800.0,4000.0,660.0,3999999.9999999995,760.0,6600.0,4900.0,2600.0,3500.0,0.18,3999999.9999999995,1.6E-6,0.063,0.063,0.0,490.0,1.2,0.0,5.8E-9,1.1E-20,3.1E7,1.0,7.5E8,
1.6000000000000001E-38,0.0094,3800.0,4000.0,660.0,3899999.9999999995,760.0,6600.0,4900.0,2600.0,3500.0,0.18,3999999.9999999995,1.9E-6,0.063,0.063,0.0,480.0,1.2,0.0,5.7E-9,1.3E-20,2.9E7,1.0,7.4E8,
1.6000000000000001E-38,0.0094,3800.0,4000.0,660.0,3899999.9999999995,760.0,6600.0,4900.0,2600.0,3500.0,0.18,3999999.9999999995,2.3E-6,0.063,0.063,0.0,480.0,1.2,0.0,5.7E-9,1.5E-20,2.7E7,1.0,7.4E8,
1.6000000000000001E-38,0.0094,3800.0,4000.0,660.0,3899999.9999999995,760.0,6600.0,4900.0,2600.0,3500.0,0.18,3999999.9999999995,2.5E-6,0.063,0.063,0.0,480.0,1.2,0.0,5.7E-9,1.8E-20,2.6E7,1.0,7.4E8,
1.6000000000000001E-38,0.0094,3800.0,4000.0,660.0,3899999.9999999995,760.0,6500.0,4900.0,2600.0,3500.0,0.18,3999999.9999999995,2.4E-6,0.063,0.063,0.0,480.0,1.2,0.0,5.7E-9,1.8E-20,2.7E7,1.0,7.4E8,
1.6000000000000001E-38,0.0094,3800.0,4000.0,660.0,3899999.9999999995,760.0,6500.0,4900.0,2600.0,3500.0,0.18,3999999.9999999995,2.2E-6,0.063,0.063,0.0,480.0,1.2,0.0,5.7E-9,1.8E-20,2.8E7,1.0,7.4E8,
1.6000000000000001E-38,0.0094,3800.0,4000.0,660.0,3899999.9999999995,760.0,6500.0,4900.0,2600.0,3500.0,0.18,3999999.9999999995,2.0E-6,0.063,0.063,0.0,470.0,1.2,0.0,5.7E-9,1.7E-20,2.9E7,1.0,7.4E8,
5.8E-38,0.022,61000.0,12000.0,2700.0,5200000.0,2900.0,13000.0,6600.0,4800.0,6500.0,0.18,5300000.0,6.1E-6,0.094,0.094,0.0,520.0,3.9,29.0,8.8E-9,2.0E-14,3.0E7,1.0,7.6E8,
2.8E-38,0.011,17000.0,4500.0,2200.0,5200000.0,1800.0,890.0,6600.0,4800.0,6500.0,0.18,5200000.0,3.9E-6,0.1,0.1,0.0,520.0,2.3,5.6,1.0E-8,4.4E-14,2.8E7,1.0,7.6E8,
2.8E-38,0.011,4300.0,4500.0,2200.0,5000000.0,1800.0,890.0,6600.0,4800.0,6500.0,0.18,5100000.0,4.4E-6,0.1,0.1,0.0,520.0,2.2,0.11,1.0E-8,1.9E-14,2.7E7,1.0,7.6E8,
2.7E-38,0.011,4300.0,4500.0,2200.0,4600000.0,1800.0,890.0,6600.0,4800.0,6500.0,0.18,4700000.0,4.6E-6,0.097,0.097,0.0,520.0,2.1,0.014,1.0E-8,1.3E-14,2.6E7,1.0,7.5E8,
2.6E-38,0.01,4300.0,4500.0,2200.0,4400000.0,1800.0,890.0,6600.0,4800.0,6500.0,0.18,4400000.0,5.3E-6,0.095,0.095,0.0,520.0,2.0,1.0E-4,1.0E-8,4.5E-15,2.4E7,1.0,7.5E8,
2.5E-38,0.01,4300.0,4500.0,2200.0,3999999.9999999995,1800.0,880.0,6500.0,4800.0,6500.0,0.18,3999999.9999999995,5.8E-6,0.092,0.092,0.0,510.0,1.9,1.9E-6,1.0E-8,1.9E-15,2.3E7,1.0,7.5E8,
2.5E-38,0.01,4300.0,4500.0,2200.0,3999999.9999999995,1800.0,880.0,6500.0,4800.0,6500.0,0.18,3999999.9999999995,6.6E-6,0.092,0.092,0.0,510.0,1.9,4.9E-9,1.0E-8,5.9E-16,2.2E7,1.0,7.5E8,
2.5E-38,0.01,4300.0,4500.0,2200.0,3999999.9999999995,1800.0,880.0,6500.0,4800.0,6500.0,0.18,3999999.9999999995,6.6E-6,0.092,0.092,0.0,510.0,1.9,1.3E-11,1.0E-8,1.8E-16,2.2E7,1.0,7.5E8,
2.5E-38,0.01,4300.0,4500.0,2200.0,3999999.9999999995,1800.0,880.0,6500.0,4800.0,6500.0,0.18,3999999.9999999995,6.1E-6,0.092,0.092,0.0,510.0,1.9,3.3E-14,1.0E-8,5.3E-17,2.2E7,1.0,7.5E8,
2.5E-38,0.01,4300.0,4500.0,2200.0,3999999.9999999995,1800.0,880.0,6500.0,4800.0,6500.0,0.18,3999999.9999999995,5.4E-6,0.092,0.092,0.0,510.0,1.9,8.6E-17,1.0E-8,1.6E-17,2.3E7,1.0,7.5E8,
2.5E-38,0.01,4300.0,4500.0,2200.0,3999999.9999999995,1800.0,880.0,6500.0,4800.0,6500.0,0.18,3999999.9999999995,4.6E-6,0.092,0.092,0.0,500.0,1.9,2.3E-19,1.0E-8,4.9E-18,2.5E7,1.0,7.5E8,
2.5E-38,0.01,4300.0,4500.0,2200.0,3999999.9999999995,1800.0,880.0,6500.0,4800.0,6500.0,0.18,3999999.9999999995,3.9E-6,0.092,0.092,0.0,490.0,1.9,7.299999999999999E-22,1.0E-8,1.5E-18,2.6E7,1.0,7.5E8,
2.5E-38,0.01,4300.0,4500.0,2200.0,3999999.9999999995,1800.0,880.0,6500.0,4800.0,6500.0,0.18,3999999.9999999995,3.3E-6,0.092,0.092,0.0,490.0,1.9,2.0E-24,1.0E-8,4.9E-19,2.8E7,1.0,7.5E8,
2.5E-38,0.01,4300.0,4500.0,2200.0,3999999.9999999995,1800.0,880.0,6500.0,4800.0,6500.0,0.18,3999999.9999999995,2.8E-6,0.092,0.092,0.0,490.0,1.9,1.2E-26,1.0E-8,1.8E-19,3.0E7,1.0,7.5E8,
2.5E-38,0.01,4300.0,4500.0,2200.0,3999999.9999999995,1800.0,880.0,6500.0,4800.0,6500.0,0.18,3999999.9999999995,3.2E-6,0.092,0.092,0.0,490.0,1.9,0.0,1.0E-8,8.0E-20,2.8E7,1.0,7.5E8,
2.5E-38,0.01,4300.0,4500.0,2200.0,3999999.9999999995,1800.0,880.0,6500.0,4800.0,6500.0,0.18,3999999.9999999995,3.6E-6,0.092,0.092,0.0,480.0,1.9,0.0,1.0E-8,5.7E-20,2.7E7,1.0,7.5E8,
2.5E-38,0.01,4300.0,4500.0,2200.0,3999999.9999999995,1800.0,880.0,6500.0,4800.0,6500.0,0.18,3999999.9999999995,3.7E-6,0.092,0.092,0.0,480.0,1.9,0.0,1.0E-8,5.2E-20,2.7E7,1.0,7.5E8,
2.5E-38,0.01,4300.0,4500.0,2200.0,3999999.9999999995,1800.0,880.0,6500.0,4800.0,6500.0,0.18,3999999.9999999995,3.5E-6,0.092,0.092,0.0,480.0,1.9,0.0,1.0E-8,5.0E-20,2.7E7,1.0,7.5E8,
2.5E-38,0.01,4300.0,4500.0,2200.0,3999999.9999999995,1800.0,880.0,6500.0,4800.0,6500.0,0.18,3999999.9999999995,3.1E-6,0.092,0.092,0.0,480.0,1.9,0.0,1.0E-8,4.6E-20,2.8E7,1.0,7.5E8,
2.5E-38,0.01,4300.0,4500.0,2200.0,3899999.9999999995,1800.0,880.0,6500.0,4800.0,6500.0,0.18,3999999.9999999995,3.2E-6,0.092,0.092,0.0,470.0,1.9,0.0,1.0E-8,4.3E-20,2.8E7,1.0,7.4E8,
2.5E-38,0.01,4300.0,4500.0,2200.0,3899999.9999999995,1800.0,880.0,6500.0,4800.0,6500.0,0.18,3999999.9999999995,3.8E-6,0.092,0.092,0.0,470.0,1.9,0.0,1.0E-8,4.7E-20,2.6E7,1.0,7.4E8,
2.5E-38,0.01,4300.0,4500.0,2200.0,3899999.9999999995,1800.0,880.0,6500.0,4800.0,6500.0,0.18,3999999.9999999995,3.9E-6,0.092,0.092,0.0,470.0,1.9,0.0,1.0E-8,5.2E-20,2.6E7,1.0,7.4E8,
2.5E-38,0.01,4300.0,4500.0,2200.0,3899999.9999999995,1800.0,880.0,6500.0,4800.0,6500.0,0.18,3999999.9999999995,3.8E-6,0.092,0.092,0.0,470.0,1.9,0.0,1.0E-8,5.3E-20,2.6E7,1.0,7.4E8,
2.5E-38,0.01,4300.0,4500.0,2200.0,3899999.9999999995,1800.0,880.0,6500.0,4800.0,6500.0,0.18,3999999.9999999995,3.4E-6,0.092,0.092,0.0,460.0,1.9,0.0,1.0E-8,5.0E-20,2.7E7,1.0,7.4E8,
2.5E-38,0.01,4300.0,4500.0,2200.0,3899999.9999999995,1800.0,880.0,6500.0,4800.0,6500.0,0.18,3999999.9999999995,3.0E-6,0.092,0.092,0.0,460.0,1.9,0.0,1.0E-8,4.6E-20,2.8E7,1.0,7.4E8,
2.5E-38,0.01,4300.0,4500.0,2200.0,3899999.9999999995,1800.0,880.0,6500.0,4800.0,6500.0,0.18,3999999.9999999995,2.6E-6,0.092,0.092,0.0,460.0,1.9,0.0,1.0E-8,4.1E-20,3.0E7,1.0,7.4E8,
2.5E-38,0.01,4300.0,4500.0,2200.0,3899999.9999999995,1800.0,880.0,6500.0,4800.0,6500.0,0.18,3999999.9999999995,2.3E-6,0.092,0.092,0.0,460.0,1.9,0.0,1.0E-8,3.6E-20,3.1E7,1.0,7.4E8,
2.5E-38,0.01,4300.0,4500.0,2200.0,3899999.9999999995,1800.0,880.0,6500.0,4800.0,6500.0,0.18,3999999.9999999995,2.0E-6,0.092,0.092,0.0,450.0,1.9,0.0,1.0E-8,3.1E-20,3.3E7,1.0,7.4E8,
2.5E-38,0.01,4300.0,4500.0,2200.0,3899999.9999999995,1800.0,880.0,6500.0,4800.0,6500.0,0.18,3999999.9999999995,2.6E-6,0.092,0.092,0.0,450.0,1.9,0.0,1.0E-8,3.2E-20,3.0E7,1.0,7.4E8,
2.5E-38,0.01,4300.0,4500.0,2200.0,3899999.9999999995,1800.0,880.0,6500.0,4800.0,6500.0,0.18,3999999.9999999995,2.9E-6,0.092,0.092,0.0,450.0,1.9,0.0,1.0E-8,3.7E-20,2.9E7,1.0,7.4E8,
2.5E-38,0.01,4300.0,4500.0,2200.0,3899999.9999999995,1800.0,880.0,6500.0,4800.0,6500.0,0.18,3999999.9999999995,3.0E-6,0.092,0.092,0.0,450.0,1.9,0.0,1.0E-8,4.0E-20,2.9E7,1.0,7.4E8,
2.5E-38,0.01,4300.0,4500.0,2200.0,3899999.9999999995,1800.0,880.0,6500.0,4800.0,6500.0,0.18,3999999.9999999995,2.8E-6,0.092,0.092,0.0,450.0,1.9,0.0,1.0E-8,4.0E-20,2.9E7,1.0,7.4E8,
2.5E-38,0.01,4300.0,4500.0,2200.0,3899999.9999999995,1800.0,880.0,6500.0,4800.0,6500.0,0.18,3999999.9999999995,2.5E-6,0.092,0.092,0.0,450.0,1.9,0.0,1.0E-8,3.8E-20,3.0E7,1.0,7.4E8,
2.5E-38,0.01,4300.0,4500.0,2200.0,3899999.9999999995,1800.0,880.0,6500.0,4800.0,6500.0,0.18,3999999.9999999995,2.3E-6,0.092,0.092,0.0,450.0,1.9,0.0,1.0E-8,3.4E-20,3.2E7,1.0,7.4E8,
2.5E-38,0.01,4300.0,4500.0,2200.0,3899999.9999999995,1800.0,880.0,6500.0,4800.0,6500.0,0.18,3899999.9999999995,2.1E-6,0.091,0.091,0.0,450.0,1.9,0.0,1.0E-8,3.1E-20,3.2E7,1.0,7.3E8,
2.5E-38,0.01,4300.0,4500.0,2200.0,3899999.9999999995,1800.0,880.0,6500.0,4800.0,6500.0,0.18,3899999.9999999995,2.7E-6,0.091,0.091,0.0,450.0,1.9,0.0,1.0E-8,3.3E-20,2.9E7,1.0,7.3E8,
2.5E-38,0.01,4300.0,4500.0,2200.0,3899999.9999999995,1800.0,880.0,6500.0,4800.0,6500.0,0.18,3899999.9999999995,2.9E-6,0.091,0.091,0.0,440.0,1.9,0.0,1.0E-8,3.8E-20,2.8E7,1.0,7.3E8,
2.5E-38,0.01,4300.0,4500.0,2200.0,3899999.9999999995,1800.0,880.0,6500.0,4800.0,6500.0,0.18,3899999.9999999995,2.9E-6,0.091,0.091,0.0,440.0,1.9,0.0,1.0E-8,4.1E-20,2.8E7,1.0,7.3E8,
2.5E-38,0.01,4300.0,4500.0,2200.0,3899999.9999999995,1800.0,880.0,6500.0,4800.0,6500.0,0.18,3899999.9999999995,2.7E-6,0.091,0.091,0.0,430.0,1.9,0.0,1.0E-8,4.0E-20,2.9E7,1.0,7.3E8,
2.5E-38,0.01,4300.0,4500.0,2200.0,3899999.9999999995,1800.0,880.0,6500.0,4800.0,6500.0,0.18,3899999.9999999995,2.5E-6,0.091,0.091,0.0,430.0,1.9,0.0,1.0E-8,3.8E-20,3.0E7,1.0,7.3E8,
2.5E-38,0.01,4300.0,4500.0,2200.0,3899999.9999999995,1800.0,880.0,6500.0,4800.0,6500.0,0.18,3899999.9999999995,2.2E-6,0.091,0.091,0.0,430.0,1.9,0.0,1.0E-8,3.4E-20,3.1E7,1.0,7.3E8,
2.5E-38,0.01,4300.0,4500.0,2200.0,3899999.9999999995,1800.0,880.0,6500.0,4800.0,6500.0,0.18,3899999.9999999995,1.9E-6,0.091,0.091,0.0,430.0,1.9,0.0,1.0E-8,3.1E-20,3.3E7,1.0,7.3E8,
2.5E-38,0.01,4300.0,4500.0,2200.0,3899999.9999999995,1800.0,880.0,6500.0,4800.0,6500.0,0.18,3899999.9999999995,1.7E-6,0.091,0.091,0.0,430.0,1.9,0.0,1.0E-8,2.7E-20,3.5E7,1.0,7.3E8,
2.5E-38,0.01,4300.0,4500.0,2200.0,3899999.9999999995,1800.0,880.0,6500.0,4800.0,6500.0,0.18,3899999.9999999995,2.1E-6,0.091,0.091,0.0,430.0,1.9,0.0,1.0E-8,2.7E-20,3.2E7,1.0,7.3E8,
2.5E-38,0.01,4300.0,4500.0,2200.0,3899999.9999999995,1800.0,880.0,6500.0,4800.0,6500.0,0.18,3899999.9999999995,2.5E-6,0.091,0.091,0.0,430.0,1.9,0.0,1.0E-8,3.2E-20,3.0E7,1.0,7.3E8,
2.5E-38,0.01,4300.0,4500.0,2200.0,3899999.9999999995,1800.0,880.0,6500.0,4800.0,6500.0,0.18,3899999.9999999995,2.6E-6,0.091,0.091,0.0,430.0,1.9,0.0,1.0E-8,3.5E-20,3.0E7,1.0,7.3E8,
2.5E-38,0.01,4300.0,4500.0,2200.0,3899999.9999999995,1800.0,880.0,6500.0,4800.0,6500.0,0.18,3899999.9999999995,2.5E-6,0.091,0.091,0.0,430.0,1.9,0.0,1.0E-8,3.6E-20,3.0E7,1.0,7.3E8,
9.400000000000001E-38,0.059,25000.0,52000.0,9100.0,5200000.0,2500.0,880.0,13000.0,6300.0,6500.0,0.18,5300000.0,0.91,0.14,0.14,0.0,490.0,6.7,22.0,1.9E-8,1.6E-13,3.1E7,1.0,7.5E8,
1.5000000000000002E-38,0.0092,2800.0,3800.0,1600.0,4900000.0,2500.0,880.0,10.0,6300.0,6500.0,0.18,4900000.0,5.0E-6,0.097,0.097,0.0,490.0,3.5,3.0,1.9E-8,1.6E-14,3.0E7,1.0,7.5E8,
1.5000000000000002E-38,0.0091,2700.0,3800.0,1600.0,4800000.0,2500.0,880.0,10.0,6200.0,6400.0,0.18,4900000.0,6.5E-6,0.096,0.096,0.0,490.0,3.4,0.0076,1.9E-8,4.9E-15,2.7E7,1.0,7.5E8,
1.4E-38,0.0089,2700.0,3800.0,1600.0,4600000.0,2500.0,880.0,10.0,6200.0,6400.0,0.18,4600000.0,7.5E-6,0.094,0.094,0.0,490.0,3.3,1.4E-4,1.9E-8,2.1E-15,2.5E7,1.0,7.5E8,
1.4E-38,0.0085,2700.0,3800.0,1600.0,4200000.0,2500.0,880.0,10.0,6200.0,6400.0,0.18,4200000.0,7.9E-6,0.09,0.09,0.0,490.0,3.0,7.1E-6,1.8E-8,1.1E-15,2.4E7,1.0,7.4E8,
1.3E-38,0.0083,2700.0,3800.0,1500.0,3899999.9999999995,2500.0,880.0,10.0,6200.0,6400.0,0.18,3999999.9999999995,8.4E-6,0.088,0.088,0.0,490.0,2.9,3.6E-7,1.8E-8,6.0E-16,2.3E7,1.0,7.4E8,
1.3E-38,0.0083,2700.0,3800.0,1500.0,3899999.9999999995,2500.0,880.0,10.0,6200.0,6400.0,0.18,3999999.9999999995,9.1E-6,0.088,0.088,0.0,490.0,2.9,9.2E-10,1.8E-8,1.8E-16,2.2E7,1.0,7.4E8,
1.3E-38,0.0083,2700.0,3800.0,1500.0,3899999.9999999995,2500.0,880.0,10.0,6200.0,6400.0,0.18,3999999.9999999995,8.9E-6,0.088,0.088,0.0,480.0,2.9,2.4E-12,1.8E-8,5.5E-17,2.3E7,1.0,7.4E8,
1.3E-38,0.0083,2700.0,3800.0,1500.0,3899999.9999999995,2500.0,880.0,10.0,6200.0,6400.0,0.18,3999999.9999999995,8.0E-6,0.088,0.088,0.0,470.0,2.9,6.1E-15,1.8E-8,1.7E-17,2.3E7,1.0,7.4E8,
1.3E-38,0.0083,2700.0,3800.0,1500.0,3899999.9999999995,2500.0,880.0,10.0,6200.0,6400.0,0.18,3999999.9999999995,7.0E-6,0.088,0.088,0.0,470.0,2.9,1.6E-17,1.8E-8,5.1E-18,2.5E7,1.0,7.4E8,
1.3E-38,0.0083,2700.0,3800.0,1500.0,3899999.9999999995,2500.0,880.0,10.0,6200.0,6400.0,0.18,3999999.9999999995,6.0E-6,0.088,0.088,0.0,470.0,2.9,5.3E-20,1.8E-8,1.7E-18,2.6E7,1.0,7.4E8,
1.3E-38,0.0083,2700.0,3800.0,1500.0,3899999.9999999995,2500.0,880.0,10.0,6200.0,6400.0,0.18,3899999.9999999995,5.1E-6,0.088,0.088,0.0,470.0,2.9,1.4E-22,1.8E-8,5.9E-19,2.7E7,1.0,7.3E8,
1.3E-38,0.0083,2700.0,3800.0,1500.0,3899999.9999999995,2500.0,880.0,10.0,6200.0,6400.0,0.18,3899999.9999999995,6.3E-6,0.088,0.088,0.0,470.0,2.9,3.4999999999999997E-25,1.8E-8,2.8E-19,2.5E7,1.0,7.3E8,
1.3E-38,0.0083,2700.0,3800.0,1500.0,3899999.9999999995,2500.0,880.0,10.0,6200.0,6400.0,0.18,3899999.9999999995,6.8E-6,0.088,0.088,0.0,460.0,2.9,9.000000000000001E-28,1.8E-8,2.0E-19,2.5E7,1.0,7.3E8,
1.3E-38,0.0083,2700.0,3800.0,1500.0,3899999.9999999995,2500.0,880.0,10.0,6200.0,6400.0,0.18,3899999.9999999995,6.6E-6,0.088,0.088,0.0,450.0,2.9,2.3000000000000002E-30,1.8E-8,1.8E-19,2.5E7,1.0,7.3E8,
1.3E-38,0.0083,2700.0,3800.0,1500.0,3899999.9999999995,2500.0,880.0,10.0,6200.0,6400.0,0.18,3899999.9999999995,6.0E-6,0.088,0.088,0.0,450.0,2.9,6.0E-33,1.8E-8,1.6E-19,2.6E7,1.0,7.3E8,
1.3E-38,0.0083,2700.0,3800.0,1500.0,3899999.9999999995,2500.0,880.0,10.0,6200.0,6400.0,0.18,3899999.9999999995,5.3E-6,0.088,0.088,0.0,450.0,2.9,1.9000000000000002E-36,1.8E-8,1.5E-19,2.7E7,1.0,7.3E8,
1.3E-38,0.0083,2700.0,3800.0,1500.0,3899999.9999999995,2500.0,880.0,10.0,6200.0,6400.0,0.18,3899999.9999999995,4.6E-6,0.088,0.088,0.0,450.0,2.9,0.0,1.8E-8,1.3E-19,2.8E7,1.0,7.3E8,
1.3E-38,0.0083,2700.0,3800.0,1500.0,3899999.9999999995,2500.0,880.0,10.0,6200.0,6400.0,0.18,3899999.9999999995,4.0E-6,0.088,0.088,0.0,450.0,2.9,0.0,1.8E-8,1.1E-19,3.0E7,1.0,7.3E8,
1.2E-38,0.031,3400.0,2600.0,1100.0,5000000.0,6400.0,880.0,10.0,6200.0,6400.0,0.18,5100000.0,6.5E-6,0.089,0.089,0.0,480.0,12.0,0.35,2.0E-8,1.1E-16,3.0E7,1.0,7.5E8,
1.2E-38,0.031,3400.0,2600.0,1100.0,5000000.0,6400.0,870.0,10.0,6200.0,6400.0,0.18,5100000.0,2.1E-5,0.089,0.089,0.0,480.0,12.0,8.9E-4,2.0E-8,3.3E-17,2.8E7,1.0,7.5E8,
1.2E-38,0.03,3400.0,2600.0,1100.0,4700000.0,6400.0,870.0,10.0,6200.0,6400.0,0.18,4700000.0,2.2E-5,0.086,0.086,0.0,480.0,11.0,1.2E-4,2.0E-8,2.1E-17,2.6E7,1.0,7.5E8,
1.1E-38,0.029,3400.0,2600.0,1100.0,4500000.0,6400.0,870.0,10.0,6200.0,6400.0,0.18,4600000.0,2.5E-5,0.085,0.085,0.0,470.0,11.0,6.1E-6,2.0E-8,1.2E-17,2.5E7,1.0,7.5E8,
1.1E-38,0.028,3400.0,2600.0,1100.0,4099999.9999999995,6400.0,870.0,10.0,6200.0,6400.0,0.18,4200000.0,2.6E-5,0.082,0.082,0.0,460.0,9.9,3.1E-7,2.0E-8,6.4E-18,2.4E7,1.0,7.4E8,
1.1E-38,0.027,3400.0,2600.0,1100.0,3899999.9999999995,6400.0,870.0,10.0,6200.0,6400.0,0.17,3899999.9999999995,2.7E-5,0.081,0.081,0.0,460.0,9.5,1.5E-8,2.0E-8,3.7E-18,2.3E7,1.0,7.3E8,
1.1E-38,0.027,3400.0,2600.0,1100.0,3899999.9999999995,6400.0,870.0,10.0,6200.0,6400.0,0.17,3899999.9999999995,2.9E-5,0.081,0.081,0.0,460.0,9.5,4.0E-11,2.0E-8,1.7E-18,2.2E7,1.0,7.3E8,
1.1E-38,0.027,3400.0,2600.0,1100.0,3899999.9999999995,6400.0,870.0,10.0,6200.0,6400.0,0.17,3899999.9999999995,2.9E-5,0.081,0.081,0.0,460.0,9.5,1.0E-13,2.0E-8,1.1E-18,2.2E7,1.0,7.3E8,
1.1E-38,0.027,3400.0,2600.0,1100.0,3899999.9999999995,6400.0,870.0,10.0,6200.0,6400.0,0.17,3899999.9999999995,2.6E-5,0.081,0.081,0.0,460.0,9.5,2.7E-16,2.0E-8,8.4E-19,2.3E7,1.0,7.3E8,
1.1E-38,0.016,35000.0,1300.0,5100.0,5000000.0,6400.0,870.0,10.0,6200.0,6400.0,0.18,5000000.0,3.4E-5,0.082,0.082,0.0,470.0,12.0,26.0,2.1E-8,4.9E-14,2.3E7,1.0,7.5E8,
1.1E-38,0.015,2800.0,1300.0,5100.0,4900000.0,6400.0,870.0,10.0,6200.0,6400.0,0.18,5000000.0,3.9E-5,0.082,0.082,0.0,470.0,12.0,0.49,2.1E-8,2.2E-14,2.2E7,1.0,7.5E8,
1.1E-38,0.015,2700.0,1300.0,5100.0,4800000.0,6400.0,870.0,10.0,6200.0,6400.0,0.18,4800000.0,4.4E-5,0.08,0.08,0.0,460.0,12.0,0.0092,2.1E-8,9.6E-15,2.1E7,1.0,7.4E8,
1.0000000000000001E-38,0.014,2700.0,1300.0,5100.0,4200000.0,6300.0,870.0,10.0,6100.0,6300.0,0.17,4300000.0,4.3E-5,0.076,0.076,0.0,460.0,11.0,0.0034,2.1E-8,7.5E-15,2.1E7,1.0,7.4E8,
9.9E-39,0.014,2700.0,1300.0,5000.0,3999999.9999999995,6300.0,870.0,10.0,6100.0,6300.0,0.17,4099999.9999999995,4.6E-5,0.075,0.075,0.0,460.0,11.0,1.7E-4,2.1E-8,4.0E-15,2.0E7,1.0,7.4E8,
9.7E-39,0.014,2700.0,1300.0,5000.0,3899999.9999999995,6300.0,860.0,10.0,6100.0,6300.0,0.17,3899999.9999999995,5.1E-5,0.074,0.074,0.0,440.0,11.0,1.2E-6,2.1E-8,1.5E-15,1.9E7,1.0,7.4E8,
9.7E-39,0.014,2700.0,1300.0,5000.0,3899999.9999999995,6300.0,860.0,10.0,6100.0,6300.0,0.17,3899999.9999999995,5.2E-5,0.074,0.074,0.0,440.0,11.0,3.1E-9,2.1E-8,4.4E-16,1.9E7,1.0,7.4E8,
9.7E-39,0.014,2700.0,1300.0,5000.0,3899999.9999999995,6300.0,860.0,10.0,6100.0,6300.0,0.17,3899999.9999999995,4.8E-5,0.074,0.074,0.0,440.0,11.0,7.9E-12,2.1E-8,1.3E-16,1.9E7,1.0,7.4E8,
9.7E-39,0.014,2700.0,1300.0,5000.0,3899999.9999999995,6300.0,860.0,10.0,6100.0,6300.0,0.17,3899999.9999999995,4.2E-5,0.074,0.074,0.0,440.0,11.0,2.1E-14,2.1E-8,4.2E-17,2.0E7,1.0,7.4E8,
9.7E-39,0.014,2700.0,1300.0,5000.0,3899999.9999999995,6300.0,860.0,10.0,6100.0,6300.0,0.17,3899999.9999999995,3.5E-5,0.074,0.074,0.0,440.0,11.0,5.4E-17,2.1E-8,1.3E-17,2.2E7,1.0,7.4E8,
9.7E-39,0.014,2700.0,1300.0,5000.0,3899999.9999999995,6300.0,860.0,10.0,6100.0,6300.0,0.17,3899999.9999999995,3.0E-5,0.074,0.074,0.0,440.0,11.0,1.6E-19,2.1E-8,4.6E-18,2.3E7,1.0,7.4E8,
9.7E-39,0.014,2700.0,1300.0,5000.0,3899999.9999999995,6300.0,860.0,10.0,6100.0,6300.0,0.17,3899999.9999999995,2.5E-5,0.074,0.074,0.0,440.0,11.0,7.399999999999999E-22,2.1E-8,1.9E-18,2.5E7,1.0,7.4E8,
9.7E-39,0.014,2700.0,1300.0,5000.0,3899999.9999999995,6300.0,860.0,10.0,6100.0,6300.0,0.17,3899999.9999999995,2.1E-5,0.074,0.074,0.0,440.0,11.0,2.7E-23,2.1E-8,1.0E-18,2.6E7,1.0,7.4E8,
9.7E-39,0.014,2700.0,1300.0,5000.0,3899999.9999999995,6300.0,860.0,10.0,6100.0,6300.0,0.17,3899999.9999999995,1.7E-5,0.074,0.074,0.0,430.0,11.0,2.0E-24,2.1E-8,6.8E-19,2.8E7,1.0,7.4E8,
9.7E-39,0.014,2700.0,1300.0,5000.0,3899999.9999999995,6300.0,860.0,10.0,6100.0,6300.0,0.17,3899999.9999999995,2.2E-5,0.074,0.074,0.0,430.0,11.0,5.1E-27,2.1E-8,6.1E-19,2.6E7,1.0,7.4E8,
9.7E-39,0.014,2700.0,1300.0,5000.0,3899999.9999999995,6300.0,860.0,10.0,6100.0,6300.0,0.17,3899999.9999999995,2.3E-5,0.074,0.074,0.0,420.0,11.0,1.3E-29,2.1E-8,6.5E-19,2.5E7,1.0,7.4E8,
9.7E-39,0.014,2700.0,1300.0,5000.0,3899999.9999999995,6300.0,860.0,10.0,6100.0,6300.0,0.17,3899999.9999999995,2.3E-5,0.074,0.074,0.0,420.0,11.0,3.4000000000000003E-32,2.1E-8,6.6E-19,2.5E7,1.0,7.4E8,
9.7E-39,0.014,2700.0,1300.0,5000.0,3899999.9999999995,6300.0,860.0,10.0,6100.0,6300.0,0.17,3899999.9999999995,2.1E-5,0.074,0.074,0.0,420.0,11.0,8.999999999999999E-35,2.1E-8,6.4E-19,2.6E7,1.0,7.4E8,
9.7E-39,0.014,2700.0,1300.0,5000.0,3899999.9999999995,6300.0,860.0,10.0,6100.0,6300.0,0.17,3899999.9999999995,1.9E-5,0.074,0.074,0.0,420.0,11.0,9.3E-37,2.1E-8,5.9E-19,2.7E7,1.0,7.4E8,
9.7E-39,0.014,2700.0,1300.0,5000.0,3899999.9999999995,6300.0,860.0,10.0,6100.0,6300.0,0.17,3899999.9999999995,1.6E-5,0.074,0.074,0.0,420.0,11.0,2.9E-37,2.1E-8,5.2E-19,2.9E7,1.0,7.4E8,
9.7E-39,0.014,2700.0,1300.0,5000.0,3899999.9999999995,6300.0,860.0,10.0,6100.0,6300.0,0.17,3899999.9999999995,1.4E-5,0.074,0.074,0.0,420.0,11.0,7.800000000000001E-38,2.1E-8,4.6E-19,3.0E7,1.0,7.4E8,
9.7E-39,0.014,2700.0,1300.0,5000.0,3899999.9999999995,6300.0,860.0,10.0,6100.0,6300.0,0.17,3899999.9999999995,1.2E-5,0.074,0.074,0.0,420.0,11.0,0.0,2.1E-8,4.0E-19,3.2E7,1.0,7.4E8,
9.7E-39,0.014,2700.0,1300.0,5000.0,3899999.9999999995,6300.0,860.0,10.0,6100.0,6300.0,0.17,3899999.9999999995,1.4E-5,0.074,0.074,0.0,410.0,11.0,1.3E-39,2.1E-8,3.8E-19,3.0E7,1.0,7.4E8,
9.7E-39,0.014,2700.0,1300.0,5000.0,3899999.9999999995,6300.0,860.0,10.0,6100.0,6300.0,0.17,3899999.9999999995,1.7E-5,0.074,0.074,0.0,410.0,11.0,3.4E-42,2.1E-8,4.3E-19,2.9E7,1.0,7.4E8,
9.7E-39,0.014,2700.0,1300.0,5000.0,3899999.9999999995,6300.0,860.0,10.0,6100.0,6300.0,0.17,3899999.9999999995,1.7E-5,0.074,0.074,0.0,410.0,11.0,8.9E-45,2.1E-8,4.8E-19,2.8E7,1.0,7.4E8,
9.7E-39,0.014,2700.0,1300.0,5000.0,3899999.9999999995,6300.0,860.0,10.0,6100.0,6300.0,0.17,3899999.9999999995,1.7E-5,0.074,0.074,0.0,410.0,11.0,2.3E-47,2.1E-8,4.9E-19,2.9E7,1.0,7.4E8,
9.7E-39,0.014,2700.0,1300.0,5000.0,3899999.9999999995,6300.0,860.0,10.0,6100.0,6300.0,0.17,3899999.9999999995,1.5E-5,0.074,0.074,0.0,410.0,11.0,7.7E-50,2.1E-8,4.7E-19,2.9E7,1.0,7.4E8,
9.7E-39,0.014,2700.0,1300.0,5000.0,3899999.9999999995,6300.0,860.0,10.0,6100.0,6300.0,0.17,3899999.9999999995,1.4E-5,0.074,0.074,0.0,410.0,11.0,1.6E-50,2.1E-8,4.3E-19,3.1E7,1.0,7.4E8,
9.7E-39,0.014,2700.0,1300.0,5000.0,3899999.9999999995,6300.0,860.0,10.0,6100.0,6300.0,0.17,3899999.9999999995,1.2E-5,0.074,0.074,0.0,410.0,11.0,8.5E-52,2.1E-8,3.8E-19,3.2E7,1.0,7.4E8,
9.7E-39,0.014,2700.0,1300.0,5000.0,3899999.9999999995,6300.0,860.0,10.0,6100.0,6300.0,0.17,3899999.9999999995,1.0E-5,0.074,0.074,0.0,400.0,11.0,0.0,2.1E-8,3.4E-19,3.4E7,1.0,7.4E8,
9.7E-39,0.014,2700.0,1300.0,5000.0,3899999.9999999995,6300.0,860.0,10.0,6100.0,6300.0,0.17,3899999.9999999995,1.1E-5,0.074,0.074,0.0,400.0,11.0,0.0,2.1E-8,3.1E-19,3.3E7,1.0,7.4E8,
9.7E-39,0.014,2700.0,1300.0,5000.0,3899999.9999999995,6300.0,860.0,10.0,6100.0,6300.0,0.17,3899999.9999999995,1.4E-5,0.074,0.074,0.0,400.0,11.0,0.0,2.1E-8,3.4E-19,3.0E7,1.0,7.3E8,
9.7E-39,0.014,2700.0,1300.0,5000.0,3899999.9999999995,6300.0,860.0,10.0,6100.0,6300.0,0.17,3899999.9999999995,1.7E-5,0.074,0.074,0.0,400.0,11.0,0.0,2.1E-8,4.2E-19,2.8E7,1.0,7.3E8,
9.7E-39,0.014,2700.0,1300.0,5000.0,3899999.9999999995,6300.0,860.0,10.0,6100.0,6300.0,0.17,3899999.9999999995,1.9E-5,0.074,0.074,0.0,400.0,11.0,0.0,2.1E-8,5.0E-19,2.7E7,1.0,7.3E8,
9.7E-39,0.014,2700.0,1300.0,5000.0,3899999.9999999995,6300.0,860.0,10.0,6100.0,6300.0,0.17,3899999.9999999995,1.8E-5,0.074,0.074,0.0,400.0,11.0,0.0,2.1E-8,5.3E-19,2.7E7,1.0,7.3E8,
9.7E-39,0.014,2700.0,1300.0,5000.0,3899999.9999999995,6300.0,860.0,10.0,6100.0,6300.0,0.17,3899999.9999999995,1.7E-5,0.074,0.074,0.0,400.0,11.0,0.0,2.1E-8,5.2E-19,2.8E7,1.0,7.3E8,
9.7E-39,0.014,2700.0,1300.0,5000.0,3899999.9999999995,6300.0,860.0,10.0,6100.0,6300.0,0.17,3899999.9999999995,1.5E-5,0.074,0.074,0.0,400.0,11.0,0.0,2.1E-8,4.8E-19,2.9E7,1.0,7.3E8,
9.7E-39,0.014,2700.0,1300.0,5000.0,3899999.9999999995,6300.0,860.0,10.0,6100.0,6300.0,0.17,3899999.9999999995,1.3E-5,0.074,0.074,0.0,400.0,11.0,0.0,2.1E-8,4.3E-19,3.0E7,1.0,7.3E8,
9.7E-39,0.014,2700.0,1300.0,5000.0,3899999.9999999995,6300.0,860.0,10.0,6100.0,6300.0,0.17,3899999.9999999995,1.2E-5,0.074,0.074,0.0,400.0,11.0,0.0,2.1E-8,3.8E-19,3.2E7,1.0,7.3E8,
9.7E-39,0.014,2700.0,1300.0,5000.0,3899999.9999999995,6300.0,860.0,10.0,6100.0,6300.0,0.17,3899999.9999999995,1.0E-5,0.074,0.074,0.0,400.0,11.0,0.0,2.1E-8,3.4E-19,3.4E7,1.0,7.3E8,
9.7E-39,0.014,2700.0,1300.0,5000.0,3899999.9999999995,6300.0,860.0,10.0,6100.0,6300.0,0.17,3899999.9999999995,1.3E-5,0.074,0.074,0.0,400.0,11.0,0.0,2.1E-8,3.4E-19,3.1E7,1.0,7.3E8,
9.7E-39,0.014,2700.0,1300.0,5000.0,3899999.9999999995,6300.0,860.0,10.0,6100.0,6300.0,0.17,3899999.9999999995,1.5E-5,0.074,0.074,0.0,390.0,11.0,0.0,2.1E-8,4.0E-19,2.9E7,1.0,7.3E8,
9.7E-39,0.014,2700.0,1300.0,5000.0,3899999.9999999995,6300.0,860.0,10.0,6100.0,6300.0,0.17,3899999.9999999995,1.6E-5,0.074,0.074,0.0,390.0,11.0,0.0,2.1E-8,4.4E-19,2.9E7,1.0,7.3E8,
9.7E-39,0.014,2700.0,1300.0,5000.0,3899999.9999999995,6300.0,860.0,10.0,6100.0,6300.0,0.17,3899999.9999999995,1.5E-5,0.074,0.074,0.0,390.0,11.0,0.0,2.1E-8,4.5E-19,2.9E7,1.0,7.3E8,
9.7E-39,0.014,2700.0,1300.0,5000.0,3899999.9999999995,6300.0,860.0,10.0,6100.0,6300.0,0.17,3899999.9999999995,1.4E-5,0.074,0.074,0.0,380.0,11.0,0.0,2.1E-8,4.3E-19,3.0E7,1.0,7.3E8,
9.7E-39,0.014,2700.0,1300.0,5000.0,3899999.9999999995,6300.0,860.0,10.0,6100.0,6300.0,0.17,3899999.9999999995,1.2E-5,0.074,0.074,0.0,380.0,11.0,0.0,2.1E-8,3.9E-19,3.2E7,1.0,7.3E8,
9.7E-39,0.014,2700.0,1300.0,5000.0,3899999.9999999995,6300.0,860.0,10.0,6100.0,6300.0,0.17,3899999.9999999995,1.1E-5,0.074,0.074,0.0,380.0,11.0,0.0,2.1E-8,3.5E-19,3.3E7,1.0,7.3E8,
9.7E-39,0.014,2700.0,1300.0,5000.0,3899999.9999999995,6300.0,860.0,10.0,6100.0,6300.0,0.17,3899999.9999999995,9.5E-6,0.074,0.074,0.0,380.0,11.0,0.0,2.1E-8,3.1E-19,3.4E7,1.0,7.3E8,
9.7E-39,0.014,2700.0,1300.0,5000.0,3899999.9999999995,6300.0,860.0,10.0,6100.0,6300.0,0.17,3899999.9999999995,1.1E-5,0.074,0.074,0.0,380.0,11.0,0.0,2.2E-8,2.9E-19,3.3E7,1.0,7.3E8,
9.7E-39,0.014,2700.0,1300.0,5000.0,3899999.9999999995,6300.0,860.0,10.0,6100.0,6300.0,0.17,3899999.9999999995,1.3E-5,0.074,0.074,0.0,370.0,11.0,0.0,2.2E-8,3.4E-19,3.1E7,1.0,7.3E8,
9.7E-39,0.014,2700.0,1300.0,5000.0,3899999.9999999995,6300.0,860.0,10.0,6100.0,6300.0,0.17,3899999.9999999995,1.4E-5,0.074,0.074,0.0,370.0,11.0,0.0,2.2E-8,3.9E-19,3.0E7,1.0,7.3E8,
9.7E-39,0.014,2700.0,1300.0,5000.0,3899999.9999999995,6300.0,860.0,10.0,6100.0,6300.0,0.17,3899999.9999999995,1.4E-5,0.074,0.074,0.0,370.0,11.0,0.0,2.2E-8,4.1E-19,3.0E7,1.0,7.3E8,
9.7E-39,0.014,2700.0,1300.0,5000.0,3899999.9999999995,6300.0,860.0,10.0,6100.0,6300.0,0.17,3899999.9999999995,1.3E-5,0.074,0.074,0.0,370.0,11.0,0.0,2.2E-8,4.0E-19,3.1E7,1.0,7.3E8,
9.7E-39,0.014,2700.0,1300.0,5000.0,3899999.9999999995,6300.0,860.0,10.0,6100.0,6300.0,0.17,3899999.9999999995,1.2E-5,0.074,0.074,0.0,370.0,11.0,0.0,2.2E-8,3.8E-19,3.2E7,1.0,7.3E8,
9.7E-39,0.014,2700.0,1300.0,5000.0,3899999.9999999995,6300.0,860.0,10.0,6100.0,6300.0,0.17,3899999.9999999995,1.1E-5,0.074,0.074,0.0,370.0,11.0,0.0,2.2E-8,3.4E-19,3.3E7,1.0,7.2E8,
9.7E-39,0.014,2700.0,1300.0,5000.0,3899999.9999999995,6300.0,860.0,10.0,6100.0,6300.0,0.17,3899999.9999999995,1.3E-5,0.074,0.074,0.0,370.0,11.0,0.0,2.1E-8,3.5E-19,3.0E7,1.0,7.1E8,
9.599999999999999E-39,0.014,2700.0,1300.0,5000.0,3799999.9999999995,6300.0,860.0,10.0,6100.0,6300.0,0.17,3899999.9999999995,1.7E-5,0.073,0.073,0.0,370.0,11.0,0.0,2.1E-8,4.1E-19,2.8E7,1.0,7.1E8,
9.599999999999999E-39,0.014,2700.0,1300.0,5000.0,3799999.9999999995,6300.0,860.0,10.0,6100.0,6300.0,0.17,3899999.9999999995,1.9E-5,0.073,0.073,0.0,370.0,11.0,0.0,2.1E-8,5.0E-19,2.6E7,1.0,7.1E8,
9.599999999999999E-39,0.014,2700.0,1300.0,5000.0,3799999.9999999995,6300.0,860.0,10.0,6100.0,6300.0,0.17,3899999.9999999995,2.0E-5,0.073,0.073,0.0,370.0,11.0,0.0,2.1E-8,5.6E-19,2.6E7,1.0,7.1E8,
9.599999999999999E-39,0.014,2700.0,1300.0,5000.0,3799999.9999999995,6300.0,860.0,10.0,6100.0,6300.0,0.17,3899999.9999999995,1.9E-5,0.073,0.073,0.0,370.0,11.0,0.0,2.1E-8,5.6E-19,2.7E7,1.0,7.1E8,
9.599999999999999E-39,0.014,2700.0,1300.0,5000.0,3799999.9999999995,6300.0,860.0,10.0,6100.0,6300.0,0.17,3899999.9999999995,1.7E-5,0.073,0.073,0.0,360.0,11.0,0.0,2.1E-8,5.3E-19,2.7E7,1.0,7.1E8,
9.599999999999999E-39,0.014,2700.0,1300.0,5000.0,3799999.9999999995,6300.0,860.0,10.0,6100.0,6300.0,0.17,3899999.9999999995,1.5E-5,0.073,0.073,0.0,360.0,11.0,0.0,2.1E-8,4.9E-19,2.9E7,1.0,7.1E8,
9.599999999999999E-39,0.014,2700.0,1300.0,5000.0,3799999.9999999995,6300.0,860.0,10.0,6100.0,6300.0,0.17,3899999.9999999995,1.3E-5,0.073,0.073,0.0,360.0,11.0,0.0,2.1E-8,4.3E-19,3.0E7,1.0,7.1E8,
9.599999999999999E-39,0.014,2700.0,1300.0,5000.0,3799999.9999999995,6300.0,860.0,10.0,6100.0,6300.0,0.17,3899999.9999999995,1.1E-5,0.073,0.073,0.0,350.0,11.0,0.0,2.1E-8,3.8E-19,3.2E7,1.0,7.1E8,
9.599999999999999E-39,0.014,2700.0,1300.0,5000.0,3799999.9999999995,6300.0,860.0,10.0,6100.0,6300.0,0.17,3899999.9999999995,1.2E-5,0.073,0.073,0.0,350.0,11.0,0.0,2.1E-8,3.4E-19,3.1E7,1.0,7.1E8,
9.599999999999999E-39,0.014,2700.0,1300.0,5000.0,3799999.9999999995,6300.0,860.0,10.0,6100.0,6300.0,0.17,3899999.9999999995,1.5E-5,0.073,0.073,0.0,350.0,11.0,0.0,2.1E-8,3.8E-19,2.9E7,1.0,7.1E8,
9.599999999999999E-39,0.014,2700.0,1300.0,5000.0,3799999.9999999995,6300.0,860.0,10.0,6100.0,6300.0,0.17,3899999.9999999995,1.6E-5,0.073,0.073,0.0,350.0,11.0,0.0,2.1E-8,4.4E-19,2.8E7,1.0,7.1E8,
9.599999999999999E-39,0.014,2700.0,1300.0,5000.0,3799999.9999999995,6300.0,860.0,10.0,6100.0,6300.0,0.17,3899999.9999999995,1.6E-5,0.073,0.073,0.0,350.0,11.0,0.0,2.1E-8,4.6E-19,2.8E7,1.0,7.1E8,
9.599999999999999E-39,0.014,2700.0,1300.0,5000.0,3799999.9999999995,6300.0,860.0,10.0,6100.0,6300.0,0.17,3899999.9999999995,1.5E-5,0.073,0.073,0.0,340.0,11.0,0.0,2.1E-8,4.6E-19,2.9E7,1.0,7.1E8,
9.599999999999999E-39,0.014,2700.0,1300.0,5000.0,3799999.9999999995,6300.0,860.0,10.0,6100.0,6300.0,0.17,3899999.9999999995,1.3E-5,0.073,0.073,0.0,330.0,11.0,0.0,2.1E-8,4.3E-19,3.0E7,1.0,7.1E8,
9.599999999999999E-39,0.014,2700.0,1300.0,5000.0,3799999.9999999995,6300.0,860.0,10.0,6100.0,6300.0,0.17,3899999.9999999995,1.2E-5,0.073,0.073,0.0,330.0,11.0,0.0,2.1E-8,3.9E-19,3.1E7,1.0,7.1E8,
9.599999999999999E-39,0.014,2700.0,1300.0,5000.0,3799999.9999999995,6300.0,860.0,10.0,6100.0,6300.0,0.17,3899999.9999999995,1.0E-5,0.073,0.073,0.0,330.0,11.0,0.0,2.1E-8,3.4E-19,3.3E7,1.0,7.1E8,
9.599999999999999E-39,0.014,2700.0,1300.0,5000.0,3799999.9999999995,6300.0,860.0,10.0,6100.0,6300.0,0.17,3899999.9999999995,9.0E-6,0.073,0.073,0.0,330.0,11.0,0.0,2.1E-8,3.0E-19,3.4E7,1.0,7.1E8,
9.599999999999999E-39,0.014,2700.0,1300.0,5000.0,3799999.9999999995,6300.0,860.0,10.0,6100.0,6300.0,0.17,3899999.9999999995,1.3E-5,0.073,0.073,0.0,330.0,11.0,0.0,2.2E-8,3.3E-19,3.0E7,1.0,7.1E8,
9.599999999999999E-39,0.014,2700.0,1300.0,5000.0,3799999.9999999995,6300.0,860.0,10.0,6100.0,6300.0,0.17,3899999.9999999995,1.4E-5,0.073,0.073,0.0,320.0,11.0,0.0,2.2E-8,3.8E-19,2.9E7,1.0,7.1E8,
9.599999999999999E-39,0.014,2700.0,1300.0,5000.0,3799999.9999999995,6300.0,860.0,10.0,6100.0,6300.0,0.17,3899999.9999999995,1.4E-5,0.073,0.073,0.0,320.0,11.0,0.0,2.2E-8,4.2E-19,2.9E7,1.0,7.1E8,
9.599999999999999E-39,0.014,2700.0,1300.0,5000.0,3799999.9999999995,6300.0,860.0,10.0,6100.0,6300.0,0.17,3899999.9999999995,1.4E-5,0.073,0.073,0.0,320.0,11.0,0.0,2.2E-8,4.2E-19,3.0E7,1.0,7.1E8,
9.599999999999999E-39,0.014,2700.0,1300.0,5000.0,3799999.9999999995,6300.0,860.0,10.0,6100.0,6300.0,0.17,3899999.9999999995,1.3E-5,0.073,0.073,0.0,320.0,11.0,0.0,2.2E-8,4.0E-19,3.0E7,1.0,7.1E8,
9.599999999999999E-39,0.014,2700.0,1300.0,5000.0,3799999.9999999995,6300.0,860.0,10.0,6100.0,6300.0,0.17,3899999.9999999995,1.1E-5,0.073,0.073,0.0,320.0,11.0,0.0,2.2E-8,3.7E-19,3.2E7,1.0,7.1E8,
9.599999999999999E-39,0.014,2700.0,1300.0,5000.0,3799999.9999999995,6300.0,860.0,10.0,6100.0,6300.0,0.17,3899999.9999999995,9.8E-6,0.073,0.073,0.0,320.0,11.0,0.0,2.2E-8,3.3E-19,3.3E7,1.0,7.1E8,
9.599999999999999E-39,0.014,2700.0,1300.0,5000.0,3799999.9999999995,6300.0,860.0,10.0,6100.0,6300.0,0.17,3899999.9999999995,8.6E-6,0.073,0.073,0.0,320.0,11.0,0.0,2.2E-8,2.9E-19,3.5E7,1.0,7.1E8,
9.599999999999999E-39,0.014,2700.0,1300.0,5000.0,3799999.9999999995,6300.0,860.0,10.0,6100.0,6300.0,0.17,3899999.9999999995,1.1E-5,0.073,0.073,0.0,310.0,11.0,0.0,2.2E-8,2.9E-19,3.2E7,1.0,7.1E8,
9.599999999999999E-39,0.014,2700.0,1300.0,5000.0,3799999.9999999995,6300.0,860.0,10.0,6100.0,6300.0,0.17,3799999.9999999995,1.3E-5,0.073,0.073,0.0,310.0,10.0,0.0,2.2E-8,3.4E-19,3.0E7,1.0,7.1E8,
9.599999999999999E-39,0.014,2700.0,1300.0,5000.0,3799999.9999999995,6300.0,860.0,10.0,6100.0,6300.0,0.17,3799999.9999999995,1.6E-5,0.073,0.073,0.0,310.0,10.0,0.0,2.2E-8,4.1E-19,2.8E7,1.0,7.1E8,
9.599999999999999E-39,0.014,2700.0,1300.0,5000.0,3799999.9999999995,6300.0,860.0,10.0,6100.0,6300.0,0.17,3799999.9999999995,1.8E-5,0.073,0.073,0.0,310.0,10.0,0.0,2.2E-8,4.9E-19,2.7E7,1.0,7.1E8,
9.599999999999999E-39,0.014,2700.0,1300.0,5000.0,3799999.9999999995,6300.0,860.0,10.0,6100.0,6300.0,0.17,3799999.9999999995,1.8E-5,0.073,0.073,0.0,310.0,10.0,0.0,2.2E-8,5.4E-19,2.6E7,1.0,7.1E8,
9.599999999999999E-39,0.014,2700.0,1300.0,5000.0,3799999.9999999995,6300.0,860.0,10.0,6100.0,6300.0,0.17,3799999.9999999995,1.7E-5,0.073,0.073,0.0,310.0,10.0,0.0,2.2E-8,5.4E-19,2.7E7,1.0,7.1E8,
9.599999999999999E-39,0.014,2700.0,1300.0,5000.0,3799999.9999999995,6300.0,860.0,10.0,6100.0,6300.0,0.17,3799999.9999999995,1.6E-5,0.073,0.073,0.0,300.0,10.0,0.0,2.2E-8,5.1E-19,2.8E7,1.0,7.1E8,
9.599999999999999E-39,0.014,2700.0,1300.0,5000.0,3799999.9999999995,6300.0,860.0,10.0,6100.0,6300.0,0.17,3799999.9999999995,1.4E-5,0.073,0.073,0.0,300.0,10.0,0.0,2.2E-8,4.7E-19,2.9E7,1.0,7.1E8,
9.599999999999999E-39,0.014,2700.0,1300.0,5000.0,3799999.9999999995,6300.0,860.0,10.0,6100.0,6300.0,0.17,3799999.9999999995,1.2E-5,0.073,0.073,0.0,300.0,10.0,0.0,2.2E-8,4.2E-19,3.1E7,1.0,7.1E8,
9.599999999999999E-39,0.014,2700.0,1300.0,5000.0,3799999.9999999995,6300.0,860.0,10.0,6100.0,6300.0,0.17,3799999.9999999995,1.1E-5,0.073,0.073,0.0,300.0,10.0,0.0,2.2E-8,3.7E-19,3.2E7,1.0,7.1E8,
9.599999999999999E-39,0.014,2700.0,1300.0,5000.0,3799999.9999999995,6300.0,860.0,10.0,6100.0,6300.0,0.17,3799999.9999999995,1.2E-5,0.073,0.073,0.0,300.0,10.0,0.0,2.2E-8,3.4E-19,3.1E7,1.0,7.1E8,
9.599999999999999E-39,0.014,2700.0,1300.0,5000.0,3799999.9999999995,6300.0,860.0,10.0,6100.0,6300.0,0.17,3799999.9999999995,1.4E-5,0.073,0.073,0.0,290.0,10.0,0.0,2.2E-8,3.9E-19,2.9E7,1.0,7.1E8,
9.599999999999999E-39,0.014,2700.0,1300.0,5000.0,3799999.9999999995,6300.0,860.0,10.0,6100.0,6300.0,0.17,3799999.9999999995,1.5E-5,0.073,0.073,0.0,290.0,10.0,0.0,2.2E-8,4.4E-19,2.8E7,1.0,7.1E8,
9.599999999999999E-39,0.014,2700.0,1300.0,5000.0,3799999.9999999995,6300.0,860.0,10.0,6100.0,6300.0,0.17,3799999.9999999995,1.5E-5,0.073,0.073,0.0,290.0,10.0,0.0,2.2E-8,4.6E-19,2.8E7,1.0,7.1E8,
9.599999999999999E-39,0.014,2700.0,1300.0,5000.0,3799999.9999999995,6300.0,860.0,10.0,6100.0,6300.0,0.17,3799999.9999999995,1.4E-5,0.073,0.073,0.0,290.0,10.0,0.0,2.2E-8,4.5E-19,2.9E7,1.0,7.1E8,
9.599999999999999E-39,0.014,2700.0,1300.0,5000.0,3799999.9999999995,6300.0,860.0,10.0,6100.0,6300.0,0.17,3799999.9999999995,1.3E-5,0.073,0.073,0.0,290.0,10.0,0.0,2.2E-8,4.2E-19,3.0E7,1.0,7.1E8,
9.599999999999999E-39,0.014,2700.0,1300.0,5000.0,3799999.9999999995,6300.0,860.0,10.0,6100.0,6300.0,0.17,3799999.9999999995,1.1E-5,0.073,0.073,0.0,290.0,10.0,0.0,2.2E-8,3.8E-19,3.1E7,1.0,7.1E8,
9.599999999999999E-39,0.014,2700.0,1300.0,5000.0,3799999.9999999995,6300.0,860.0,10.0,6100.0,6300.0,0.17,3799999.9999999995,9.8E-6,0.073,0.073,0.0,280.0,10.0,0.0,2.2E-8,3.4E-19,3.3E7,1.0,7.1E8,
9.599999999999999E-39,0.014,2700.0,1300.0,5000.0,3799999.9999999995,6300.0,860.0,10.0,6100.0,6300.0,0.17,3799999.9999999995,9.4E-6,0.073,0.073,0.0,280.0,10.0,0.0,2.2E-8,3.0E-19,3.3E7,1.0,7.1E8,
9.599999999999999E-39,0.014,2700.0,1300.0,5000.0,3799999.9999999995,6300.0,860.0,10.0,6100.0,6300.0,0.17,3799999.9999999995,1.2E-5,0.073,0.073,0.0,280.0,10.0,0.0,2.2E-8,3.4E-19,3.0E7,1.0,7.1E8,
9.599999999999999E-39,0.014,2700.0,1300.0,5000.0,3799999.9999999995,6300.0,860.0,10.0,6100.0,6300.0,0.17,3799999.9999999995,1.4E-5,0.073,0.073,0.0,280.0,10.0,0.0,2.2E-8,3.9E-19,2.9E7,1.0,7.1E8,
9.599999999999999E-39,0.014,2700.0,1300.0,5000.0,3799999.9999999995,6300.0,860.0,10.0,6100.0,6300.0,0.17,3799999.9999999995,1.4E-5,0.073,0.073,0.0,280.0,10.0,0.0,2.2E-8,4.3E-19,2.9E7,1.0,7.1E8,
9.599999999999999E-39,0.014,2700.0,1300.0,5000.0,3799999.9999999995,6300.0,860.0,10.0,6100.0,6300.0,0.17,3799999.9999999995,1.3E-5,0.073,0.073,0.0,280.0,10.0,0.0,2.2E-8,4.3E-19,2.9E7,1.0,7.1E8,
9.599999999999999E-39,0.014,2700.0,1300.0,5000.0,3799999.9999999995,6300.0,860.0,10.0,6100.0,6300.0,0.17,3799999.9999999995,1.2E-5,0.073,0.073,0.0,280.0,10.0,0.0,2.2E-8,4.1E-19,3.0E7,1.0,7.1E8,
9.599999999999999E-39,0.014,2700.0,1300.0,5000.0,3799999.9999999995,6300.0,860.0,10.0,6100.0,6300.0,0.17,3799999.9999999995,1.1E-5,0.073,0.073,0.0,280.0,10.0,0.0,2.2E-8,3.7E-19,3.2E7,1.0,7.1E8,
9.599999999999999E-39,0.014,2700.0,1300.0,5000.0,3799999.9999999995,6300.0,860.0,10.0,6100.0,6300.0,0.17,3799999.9999999995,9.6E-6,0.073,0.073,0.0,270.0,10.0,0.0,2.2E-8,3.4E-19,3.3E7,1.0,7.1E8,
9.599999999999999E-39,0.014,2700.0,1300.0,5000.0,3799999.9999999995,6300.0,860.0,10.0,6100.0,6300.0,0.17,3799999.9999999995,8.5E-6,0.073,0.073,0.0,270.0,10.0,0.0,2.2E-8,3.0E-19,3.5E7,1.0,7.1E8,
9.599999999999999E-39,0.014,2700.0,1300.0,5000.0,3799999.9999999995,6300.0,860.0,10.0,6100.0,6300.0,0.17,3799999.9999999995,1.1E-5,0.073,0.073,0.0,270.0,10.0,0.0,2.2E-8,3.0E-19,3.2E7,1.0,7.1E8,
1.5000000000000002E-38,0.031,16000.0,14000.0,17000.0,4500000.0,62000.0,1700.0,5900.0,13000.0,12.0,0.17,4600000.0,1.1,0.067,0.067,0.0,330.0,14.0,87.0,4.6E-8,1.0E-13,3.0E7,1.0,7.2E8,
1.5000000000000002E-38,0.031,2900.0,14000.0,17000.0,4500000.0,19000.0,1700.0,5900.0,13000.0,12.0,0.17,4600000.0,2.4E-5,0.066,0.066,0.0,330.0,15.0,0.65,4.6E-8,3.8E-14,2.8E7,1.0,7.2E8,
4.1E-39,0.0086,2900.0,1300.0,4200.0,4200000.0,6600.0,1700.0,5800.0,5100.0,12.0,0.17,4300000.0,1.1E-5,0.049,0.049,0.0,330.0,6.0,0.089,4.6E-8,7.1E-15,2.6E7,1.0,7.2E8,
4.0E-39,0.0083,2900.0,1300.0,4200.0,3899999.9999999995,6600.0,1700.0,5800.0,5100.0,12.0,0.17,3899999.9999999995,1.2E-5,0.045,0.045,0.0,330.0,5.7,0.0045,4.6E-8,3.7E-15,2.5E7,1.0,7.1E8,
3.8999999999999996E-39,0.0082,2900.0,1300.0,4200.0,3799999.9999999995,6600.0,1700.0,5800.0,5100.0,12.0,0.17,3899999.9999999995,1.4E-5,0.044,0.044,0.0,330.0,5.7,3.1E-5,4.6E-8,1.4E-15,2.3E7,1.0,7.1E8,
3.8999999999999996E-39,0.0082,2900.0,1300.0,4200.0,3799999.9999999995,6600.0,1700.0,5800.0,5100.0,12.0,0.17,3899999.9999999995,1.5E-5,0.044,0.044,0.0,320.0,5.7,8.1E-8,4.6E-8,4.1E-16,2.3E7,1.0,7.1E8,
3.8999999999999996E-39,0.0082,2900.0,1300.0,4200.0,3799999.9999999995,6600.0,1700.0,5800.0,5100.0,12.0,0.17,3899999.9999999995,1.5E-5,0.044,0.044,0.0,320.0,5.7,2.1E-10,4.6E-8,1.2E-16,2.3E7,1.0,7.1E8,
3.8999999999999996E-39,0.0082,2900.0,1300.0,4200.0,3799999.9999999995,6600.0,1700.0,5800.0,5100.0,12.0,0.17,3899999.9999999995,1.4E-5,0.044,0.044,0.0,320.0,5.7,5.4E-13,4.6E-8,3.8E-17,2.4E7,1.0,7.1E8,
3.8999999999999996E-39,0.0082,2900.0,1300.0,4200.0,3799999.9999999995,6600.0,1700.0,5800.0,5100.0,12.0,0.17,3899999.9999999995,1.2E-5,0.044,0.044,0.0,310.0,5.7,1.4E-15,4.6E-8,1.2E-17,2.5E7,1.0,7.1E8,
3.8999999999999996E-39,0.0082,2900.0,1300.0,4200.0,3799999.9999999995,6600.0,1700.0,5800.0,5100.0,12.0,0.17,3899999.9999999995,1.0E-5,0.044,0.044,0.0,310.0,5.7,4.4E-18,4.6E-8,4.1E-18,2.6E7,1.0,7.1E8,
3.8999999999999996E-39,0.0082,2900.0,1300.0,4200.0,3799999.9999999995,6600.0,1700.0,5800.0,5100.0,12.0,0.17,3899999.9999999995,8.9E-6,0.044,0.044,0.0,300.0,5.7,1.3E-20,4.6E-8,1.7E-18,2.8E7,1.0,7.1E8,
3.8999999999999996E-39,0.0082,2900.0,1300.0,4200.0,3799999.9999999995,6600.0,1700.0,5800.0,5100.0,12.0,0.17,3899999.9999999995,7.6E-6,0.044,0.044,0.0,300.0,5.7,4.5000000000000003E-23,4.6E-8,8.7E-19,2.9E7,1.0,7.1E8,
3.8999999999999996E-39,0.0082,2900.0,1300.0,4200.0,3799999.9999999995,6600.0,1700.0,5800.0,5100.0,12.0,0.17,3899999.9999999995,7.7E-6,0.044,0.044,0.0,300.0,5.7,3.9999999999999997E-25,4.6E-8,5.9E-19,2.9E7,1.0,7.1E8,
3.8999999999999996E-39,0.0082,2900.0,1300.0,4200.0,3799999.9999999995,6600.0,1700.0,5800.0,5100.0,12.0,0.17,3899999.9999999995,9.4E-6,0.044,0.044,0.0,300.0,5.7,1.0E-27,4.6E-8,5.7E-19,2.7E7,1.0,7.1E8,
3.8999999999999996E-39,0.0082,2900.0,1300.0,4200.0,3799999.9999999995,6600.0,1700.0,5800.0,5100.0,12.0,0.17,3899999.9999999995,1.0E-5,0.044,0.044,0.0,290.0,5.7,2.6000000000000002E-30,4.6E-8,6.2E-19,2.6E7,1.0,7.1E8,
3.8999999999999996E-39,0.0082,2900.0,1300.0,4200.0,3799999.9999999995,6600.0,1700.0,5800.0,5100.0,12.0,0.17,3799999.9999999995,1.1E-5,0.044,0.044,0.0,290.0,5.7,6.9E-33,4.6E-8,6.4E-19,2.6E7,1.0,7.1E8,
3.8999999999999996E-39,0.0082,2900.0,1300.0,4200.0,3799999.9999999995,6600.0,1700.0,5800.0,5100.0,12.0,0.17,3799999.9999999995,1.2E-5,0.044,0.044,0.0,290.0,5.7,4.7999999999999997E-35,4.6E-8,7.2E-19,2.4E7,1.0,7.1E8,
3.8999999999999996E-39,0.0082,2900.0,1300.0,4200.0,3799999.9999999995,6600.0,1700.0,5800.0,5100.0,12.0,0.17,3799999.9999999995,1.3E-5,0.044,0.044,0.0,290.0,5.7,1.2E-37,4.6E-8,8.0E-19,2.4E7,1.0,7.1E8,
3.8999999999999996E-39,0.0082,2900.0,1300.0,4200.0,3799999.9999999995,6600.0,1700.0,5800.0,5100.0,12.0,0.17,3799999.9999999995,1.2E-5,0.044,0.044,0.0,290.0,5.7,1.2E-40,4.6E-8,8.2E-19,2.4E7,1.0,7.1E8,
3.8999999999999996E-39,0.0082,2900.0,1300.0,4200.0,3799999.9999999995,6600.0,1700.0,5800.0,5100.0,12.0,0.17,3799999.9999999995,1.1E-5,0.044,0.044,0.0,290.0,5.7,3.2E-43,4.6E-8,7.7E-19,2.5E7,1.0,7.1E8,
3.8999999999999996E-39,0.0082,2900.0,1300.0,4200.0,3799999.9999999995,6600.0,1700.0,5800.0,5100.0,12.0,0.17,3799999.9999999995,9.9E-6,0.044,0.044,0.0,280.0,5.7,0.0,4.6E-8,7.1E-19,2.6E7,1.0,7.1E8,
3.8999999999999996E-39,0.0082,2900.0,1300.0,4200.0,3799999.9999999995,6600.0,1700.0,5800.0,5100.0,12.0,0.17,3799999.9999999995,8.4E-6,0.044,0.044,0.0,280.0,5.7,0.0,4.6E-8,6.2E-19,2.8E7,1.0,7.1E8,
3.8999999999999996E-39,0.0082,2900.0,1300.0,4200.0,3799999.9999999995,6600.0,1700.0,5800.0,5100.0,12.0,0.17,3799999.9999999995,7.2E-6,0.044,0.044,0.0,280.0,5.7,4.3E-47,4.6E-8,5.4E-19,2.9E7,1.0,7.1E8,
3.8999999999999996E-39,0.0082,2900.0,1300.0,4200.0,3799999.9999999995,6600.0,1700.0,5800.0,5100.0,12.0,0.17,3799999.9999999995,6.4E-6,0.044,0.044,0.0,280.0,5.7,2.0000000000000003E-48,4.6E-8,4.8E-19,3.1E7,1.0,7.1E8,
3.8999999999999996E-39,0.0082,2900.0,1300.0,4200.0,3799999.9999999995,6600.0,1700.0,5800.0,5100.0,12.0,0.17,3799999.9999999995,8.2E-6,0.044,0.044,0.0,280.0,5.7,3.6E-51,4.6E-8,4.8E-19,2.8E7,1.0,7.1E8,
3.8999999999999996E-39,0.0082,2900.0,1300.0,4200.0,3799999.9999999995,6600.0,1700.0,5800.0,5100.0,12.0,0.17,3799999.9999999995,9.1E-6,0.044,0.044,0.0,270.0,5.7,2.5E-53,4.6E-8,5.4E-19,2.7E7,1.0,7.1E8,
3.8999999999999996E-39,0.0082,2900.0,1300.0,4200.0,3799999.9999999995,6600.0,1700.0,5800.0,5100.0,12.0,0.17,3799999.9999999995,9.3E-6,0.044,0.044,0.0,270.0,5.7,2.4E-56,4.6E-8,5.9E-19,2.7E7,1.0,7.1E8,
3.8999999999999996E-39,0.0082,2900.0,1300.0,4200.0,3799999.9999999995,6600.0,1700.0,5800.0,5100.0,12.0,0.17,3799999.9999999995,8.7E-6,0.044,0.044,0.0,270.0,5.7,6.400000000000001E-59,4.6E-8,5.9E-19,2.7E7,1.0,7.1E8,
3.8999999999999996E-39,0.0082,2900.0,1300.0,4200.0,3799999.9999999995,6600.0,1700.0,5800.0,5100.0,12.0,0.17,3799999.9999999995,8.0E-6,0.044,0.044,0.0,270.0,5.7,1.1000000000000001E-60,4.6E-8,5.6E-19,2.8E7,1.0,7.1E8,
3.8999999999999996E-39,0.0082,2900.0,1300.0,4200.0,3799999.9999999995,6600.0,1700.0,5800.0,5100.0,12.0,0.17,3799999.9999999995,7.0E-6,0.044,0.044,0.0,270.0,5.7,2.0E-61,4.6E-8,5.0E-19,3.0E7,1.0,7.1E8,
3.8999999999999996E-39,0.0082,2900.0,1300.0,4200.0,3799999.9999999995,6600.0,1700.0,5800.0,5100.0,12.0,0.17,3799999.9999999995,6.3E-6,0.044,0.044,0.0,260.0,5.7,7.099999999999999E-62,4.6E-8,4.6E-19,3.1E7,1.0,7.1E8,
3.8999999999999996E-39,0.0082,2900.0,1300.0,4200.0,3799999.9999999995,6600.0,1700.0,5800.0,5100.0,12.0,0.17,3799999.9999999995,5.4E-6,0.044,0.044,0.0,260.0,5.7,0.0,4.6E-8,3.9E-19,3.3E7,1.0,7.1E8,
3.8999999999999996E-39,0.0082,2900.0,1300.0,4200.0,3799999.9999999995,6600.0,1700.0,5800.0,5100.0,12.0,0.17,3799999.9999999995,6.4E-6,0.044,0.044,0.0,250.0,5.7,0.0,4.6E-8,3.8E-19,3.1E7,1.0,7.1E8,
3.8999999999999996E-39,0.0082,2900.0,1300.0,4200.0,3799999.9999999995,6600.0,1700.0,5800.0,5100.0,12.0,0.17,3799999.9999999995,7.6E-6,0.044,0.044,0.0,250.0,5.7,0.0,4.6E-8,4.4E-19,2.9E7,1.0,7.1E8,
3.8999999999999996E-39,0.0082,2900.0,1300.0,4200.0,3799999.9999999995,6600.0,1700.0,5800.0,5100.0,12.0,0.17,3799999.9999999995,8.1E-6,0.044,0.044,0.0,250.0,5.7,0.0,4.6E-8,5.0E-19,2.8E7,1.0,7.1E8,
3.8999999999999996E-39,0.0082,2900.0,1300.0,4200.0,3799999.9999999995,6600.0,1700.0,5800.0,5100.0,12.0,0.17,3799999.9999999995,7.8E-6,0.044,0.044,0.0,250.0,5.7,0.0,4.6E-8,5.2E-19,2.9E7,1.0,7.1E8,
3.8999999999999996E-39,0.0082,2900.0,1300.0,4200.0,3799999.9999999995,6600.0,1700.0,5800.0,5100.0,12.0,0.17,3799999.9999999995,7.2E-6,0.044,0.044,0.0,250.0,5.7,0.0,4.6E-8,5.0E-19,2.9E7,1.0,7.1E8,
3.8999999999999996E-39,0.0082,2900.0,1300.0,4200.0,3799999.9999999995,6600.0,1700.0,5800.0,5100.0,12.0,0.17,3799999.9999999995,6.5E-6,0.044,0.044,0.0,250.0,5.7,0.0,4.6E-8,4.6E-19,3.1E7,1.0,7.1E8,
3.8999999999999996E-39,0.0082,2900.0,1300.0,4200.0,3799999.9999999995,6600.0,1700.0,5800.0,5100.0,12.0,0.17,3799999.9999999995,5.8E-6,0.044,0.044,0.0,250.0,5.7,0.0,4.6E-8,4.2E-19,3.2E7,1.0,7.1E8,
3.8999999999999996E-39,0.0082,2900.0,1300.0,4200.0,3799999.9999999995,6600.0,1700.0,5800.0,5100.0,12.0,0.17,3799999.9999999995,5.1E-6,0.044,0.044,0.0,250.0,5.7,0.0,4.6E-8,3.7E-19,3.3E7,1.0,7.1E8,
3.8999999999999996E-39,0.0082,2900.0,1300.0,4200.0,3799999.9999999995,6600.0,1700.0,5800.0,5100.0,12.0,0.17,3799999.9999999995,5.3E-6,0.044,0.044,0.0,250.0,5.7,0.0,4.6E-8,3.4E-19,3.3E7,1.0,7.1E8,
3.8999999999999996E-39,0.0082,2900.0,1300.0,4200.0,3799999.9999999995,6600.0,1700.0,5800.0,5100.0,12.0,0.17,3799999.9999999995,6.7E-6,0.044,0.044,0.0,240.0,5.7,0.0,4.6E-8,3.9E-19,3.0E7,1.0,7.1E8,
3.8999999999999996E-39,0.0082,2900.0,1300.0,4200.0,3799999.9999999995,6600.0,1700.0,5800.0,5100.0,12.0,0.17,3799999.9999999995,7.4E-6,0.044,0.044,0.0,240.0,5.7,0.0,4.6E-8,4.5E-19,2.9E7,1.0,7.1E8,
3.8999999999999996E-39,0.0082,2900.0,1300.0,4200.0,3799999.9999999995,6600.0,1700.0,5800.0,5100.0,12.0,0.17,3799999.9999999995,7.4E-6,0.044,0.044,0.0,240.0,5.7,0.0,4.6E-8,4.8E-19,2.9E7,1.0,7.1E8,
3.8999999999999996E-39,0.0082,2900.0,1300.0,4200.0,3799999.9999999995,6600.0,1700.0,5800.0,5100.0,12.0,0.17,3799999.9999999995,7.5E-6,0.044,0.044,0.0,240.0,5.6,0.0,4.6E-8,4.8E-19,2.9E7,1.0,7.0E8,
3.8999999999999996E-39,0.0082,2900.0,1300.0,4200.0,3799999.9999999995,6600.0,1700.0,5800.0,5100.0,12.0,0.17,3799999.9999999995,9.6E-6,0.044,0.044,0.0,240.0,5.6,0.0,4.6E-8,5.5E-19,2.6E7,1.0,7.0E8,
3.8999999999999996E-39,0.0082,2900.0,1300.0,4200.0,3799999.9999999995,6600.0,1700.0,5800.0,5100.0,12.0,0.17,3799999.9999999995,1.1E-5,0.044,0.044,0.0,240.0,5.6,0.0,4.6E-8,6.5E-19,2.5E7,1.0,7.0E8,
3.8999999999999996E-39,0.0082,2900.0,1300.0,4200.0,3799999.9999999995,6600.0,1700.0,5800.0,5100.0,12.0,0.17,3799999.9999999995,1.0E-5,0.044,0.044,0.0,240.0,5.6,0.0,4.6E-8,6.9E-19,2.5E7,1.0,7.0E8,
3.8999999999999996E-39,0.0082,2900.0,1300.0,4200.0,3799999.9999999995,6600.0,1700.0,5800.0,5100.0,12.0,0.17,3799999.9999999995,9.7E-6,0.044,0.044,0.0,240.0,5.6,0.0,4.6E-8,6.8E-19,2.6E7,1.0,7.0E8,
3.8999999999999996E-39,0.0082,2900.0,1300.0,4200.0,3799999.9999999995,6600.0,1700.0,5800.0,5100.0,12.0,0.17,3799999.9999999995,8.7E-6,0.044,0.044,0.0,230.0,5.6,0.0,4.6E-8,6.3E-19,2.7E7,1.0,7.0E8,
3.8999999999999996E-39,0.0082,2900.0,1300.0,4200.0,3799999.9999999995,6600.0,1700.0,5800.0,5100.0,12.0,0.17,3799999.9999999995,7.7E-6,0.044,0.044,0.0,230.0,5.6,0.0,4.6E-8,5.7E-19,2.8E7,1.0,7.0E8,
3.8999999999999996E-39,0.0082,2900.0,1300.0,4200.0,3799999.9999999995,6600.0,1700.0,5800.0,5100.0,12.0,0.17,3799999.9999999995,6.7E-6,0.044,0.044,0.0,230.0,5.6,0.0,4.7E-8,5.0E-19,3.0E7,1.0,7.0E8,
3.8999999999999996E-39,0.0082,2900.0,1300.0,4200.0,3799999.9999999995,6600.0,1700.0,5800.0,5100.0,12.0,0.17,3799999.9999999995,5.8E-6,0.044,0.044,0.0,230.0,5.6,0.0,4.7E-8,4.4E-19,3.1E7,1.0,7.0E8,
3.8999999999999996E-39,0.0082,2900.0,1300.0,4200.0,3799999.9999999995,6600.0,1700.0,5800.0,5100.0,12.0,0.17,3799999.9999999995,6.9E-6,0.044,0.044,0.0,230.0,5.6,0.0,4.7E-8,4.2E-19,3.0E7,1.0,7.0E8,
3.8999999999999996E-39,0.0082,2900.0,1300.0,4200.0,3799999.9999999995,6600.0,1700.0,5800.0,5100.0,12.0,0.17,3799999.9999999995,8.2E-6,0.044,0.044,0.0,230.0,5.6,0.0,4.7E-8,4.9E-19,2.8E7,1.0,7.0E8,
3.8999999999999996E-39,0.0082,2900.0,1300.0,4200.0,3799999.9999999995,6600.0,1700.0,5800.0,5100.0,12.0,0.17,3799999.9999999995,8.6E-6,0.044,0.044,0.0,220.0,5.6,0.0,4.7E-8,5.4E-19,2.7E7,1.0,7.0E8,
3.8999999999999996E-39,0.0082,2900.0,1300.0,4200.0,3799999.9999999995,6600.0,1700.0,5800.0,5100.0,12.0,0.17,3799999.9999999995,8.3E-6,0.044,0.044,0.0,220.0,5.6,0.0,4.7E-8,5.6E-19,2.8E7,1.0,7.0E8,
3.8999999999999996E-39,0.0082,2900.0,1300.0,4200.0,3799999.9999999995,6600.0,1700.0,5800.0,5100.0,12.0,0.17,3799999.9999999995,7.6E-6,0.044,0.044,0.0,220.0,5.6,0.0,4.7E-8,5.4E-19,2.9E7,1.0,7.0E8,
3.8999999999999996E-39,0.0082,2900.0,1300.0,4200.0,3799999.9999999995,6600.0,1700.0,5800.0,5100.0,12.0,0.17,3799999.9999999995,6.8E-6,0.044,0.044,0.0,220.0,5.6,0.0,4.7E-8,4.9E-19,3.0E7,1.0,7.0E8,
3.8999999999999996E-39,0.0082,2900.0,1300.0,4200.0,3799999.9999999995,6600.0,1700.0,5800.0,5100.0,12.0,0.17,3799999.9999999995,6.0E-6,0.044,0.044,0.0,220.0,5.6,0.0,4.7E-8,4.4E-19,3.1E7,1.0,7.0E8,
3.8999999999999996E-39,0.0082,2900.0,1300.0,4200.0,3799999.9999999995,6600.0,1700.0,5800.0,5100.0,12.0,0.17,3799999.9999999995,5.7E-6,0.044,0.044,0.0,220.0,5.6,0.0,4.7E-8,4.0E-19,3.1E7,1.0,6.9E8,
3.8999999999999996E-39,0.0082,2900.0,1300.0,4200.0,3799999.9999999995,6600.0,1700.0,5800.0,5100.0,12.0,0.17,3799999.9999999995,7.4E-6,0.044,0.044,0.0,220.0,5.6,0.0,4.7E-8,4.4E-19,2.9E7,1.0,6.9E8,
1.6000000000000001E-38,0.061,24000.0,76000.0,1200.0,4700000.0,6600.0,1700.0,8100.0,5100.0,12.0,0.17,4800000.0,1.1E-5,0.1,0.1,0.0,290.0,7.0,31.0,6.4E-8,1.1E-13,2.8E7,1.0,7.1E8,
1.1999999999999999E-39,0.0046,4200.0,240.0,1200.0,4600000.0,6600.0,1700.0,540.0,5100.0,12.0,0.17,4600000.0,5.4E-6,0.038,0.038,0.0,280.0,6.8,1.6,6.4E-8,4.3E-15,2.6E7,1.0,7.1E8,
1.1E-39,0.0042,4200.0,240.0,1200.0,4099999.9999999995,6600.0,1700.0,540.0,5100.0,12.0,0.17,4099999.9999999995,1.3E-5,0.034,0.034,0.0,280.0,6.2,0.078,6.4E-8,2.2E-15,2.5E7,1.0,7.0E8,
1.1E-39,0.004,4200.0,240.0,1200.0,3799999.9999999995,6600.0,1700.0,540.0,5100.0,12.0,0.17,3799999.9999999995,1.4E-5,0.031,0.031,0.0,280.0,5.8,5.4E-4,6.3E-8,7.6E-16,2.3E7,1.0,7.0E8,
1.1E-39,0.004,4200.0,240.0,1200.0,3799999.9999999995,6600.0,1700.0,540.0,5100.0,12.0,0.17,3799999.9999999995,1.5E-5,0.031,0.031,0.0,280.0,5.8,1.4E-6,6.3E-8,2.3E-16,2.2E7,1.0,7.0E8,
1.1E-39,0.004,4200.0,240.0,1200.0,3799999.9999999995,6600.0,1700.0,540.0,5100.0,12.0,0.17,3799999.9999999995,1.5E-5,0.031,0.031,0.0,280.0,5.8,3.5E-9,6.3E-8,7.0E-17,2.3E7,1.0,7.0E8,
1.1E-39,0.004,4200.0,240.0,1200.0,3799999.9999999995,6600.0,1700.0,540.0,5100.0,12.0,0.17,3799999.9999999995,1.3E-5,0.031,0.031,0.0,270.0,5.8,9.1E-12,6.3E-8,2.2E-17,2.4E7,1.0,7.0E8,
1.1E-39,0.004,4200.0,240.0,1200.0,3799999.9999999995,6600.0,1700.0,540.0,5100.0,12.0,0.17,3799999.9999999995,1.2E-5,0.031,0.031,0.0,270.0,5.8,2.6E-14,6.3E-8,7.4E-18,2.5E7,1.0,7.0E8,
2.3E-39,0.0079,7200.0,4100.0,1200.0,4700000.0,6600.0,1700.0,8100.0,5100.0,12.0,0.17,4700000.0,0.69,0.047,0.047,0.0,280.0,6.8,130.0,6.6E-8,1.7E-13,2.6E7,1.0,7.1E8,
2.3E-39,0.0078,7200.0,4100.0,1200.0,4500000.0,6600.0,1700.0,540.0,5100.0,12.0,0.17,4500000.0,1.7E-5,0.045,0.045,0.0,280.0,7.3,0.91,6.6E-8,6.2E-14,2.4E7,1.0,7.1E8,
2.2E-39,0.0075,7100.0,4000.0,1200.0,4200000.0,6600.0,1700.0,530.0,5100.0,12.0,0.17,4200000.0,1.7E-5,0.043,0.043,0.0,280.0,6.9,0.12,6.6E-8,4.0E-14,2.3E7,1.0,7.0E8,
2.2E-39,0.0074,7100.0,4000.0,1200.0,3999999.9999999995,6600.0,1700.0,530.0,5100.0,12.0,0.16,3999999.9999999995,2.0E-5,0.041,0.041,0.0,280.0,6.6,8.6E-4,6.6E-8,1.4E-14,2.2E7,1.0,7.0E8,
2.1E-39,0.0072,7100.0,4000.0,1200.0,3799999.9999999995,6600.0,1700.0,530.0,5100.0,12.0,0.16,3799999.9999999995,2.2E-5,0.039,0.039,0.0,280.0,6.4,6.0E-6,6.5E-8,5.2E-15,2.0E7,1.0,7.0E8,
2.1E-39,0.0072,7100.0,4000.0,1200.0,3799999.9999999995,6600.0,1700.0,530.0,5100.0,12.0,0.16,3799999.9999999995,2.3E-5,0.039,0.039,0.0,280.0,6.4,1.6E-8,6.5E-8,1.6E-15,2.0E7,1.0,7.0E8,
2.1E-39,0.0072,7100.0,4000.0,1200.0,3799999.9999999995,6600.0,1700.0,530.0,5100.0,12.0,0.16,3799999.9999999995,2.2E-5,0.039,0.039,0.0,280.0,6.4,4.0E-11,6.5E-8,4.7E-16,2.1E7,1.0,7.0E8,
2.1E-39,0.0072,7100.0,4000.0,1200.0,3799999.9999999995,6600.0,1700.0,530.0,5100.0,12.0,0.16,3799999.9999999995,1.9E-5,0.039,0.039,0.0,280.0,6.4,1.0E-13,6.5E-8,1.4E-16,2.1E7,1.0,7.0E8,
2.1E-39,0.0072,7100.0,4000.0,1200.0,3799999.9999999995,6600.0,1700.0,530.0,5100.0,12.0,0.16,3799999.9999999995,1.6E-5,0.039,0.039,0.0,280.0,6.4,2.9E-16,6.5E-8,4.4E-17,2.3E7,1.0,7.0E8,
2.1E-39,0.0072,7100.0,4000.0,1200.0,3799999.9999999995,6600.0,1700.0,530.0,5100.0,12.0,0.16,3799999.9999999995,1.4E-5,0.039,0.039,0.0,270.0,6.4,6.9E-19,6.5E-8,1.4E-17,2.4E7,1.0,7.0E8,
2.1E-39,0.0072,7100.0,4000.0,1200.0,3799999.9999999995,6600.0,1700.0,530.0,5100.0,12.0,0.16,3799999.9999999995,1.2E-5,0.039,0.039,0.0,270.0,6.4,6.6E-21,6.5E-8,5.2E-18,2.6E7,1.0,7.0E8,
2.1E-39,0.0072,7100.0,4000.0,1200.0,3799999.9999999995,6600.0,1700.0,530.0,5100.0,12.0,0.16,3799999.9999999995,1.0E-5,0.039,0.039,0.0,260.0,6.4,1.7E-22,6.5E-8,2.3E-18,2.7E7,1.0,7.0E8,
2.1E-39,0.0072,7100.0,4000.0,1200.0,3799999.9999999995,6600.0,1700.0,530.0,5100.0,12.0,0.16,3799999.9999999995,1.0E-5,0.039,0.039,0.0,260.0,6.4,0.0,6.5E-8,1.3E-18,2.7E7,1.0,7.0E8,
2.1E-39,0.0072,7100.0,4000.0,1200.0,3799999.9999999995,6600.0,1700.0,530.0,5100.0,12.0,0.16,3799999.9999999995,1.2E-5,0.039,0.039,0.0,260.0,6.4,0.0,6.6E-8,1.1E-18,2.5E7,1.0,7.0E8,
1.1E-38,0.042,3800.0,42000.0,10000.0,4700000.0,6600.0,1700.0,530.0,5100.0,12.0,0.17,4800000.0,1.6,0.076,0.076,0.0,270.0,8.5,15.0,6.9E-8,3.1E-13,2.5E7,1.0,7.1E8,
2.3E-39,0.0087,3800.0,4800.0,2900.0,4099999.9999999995,6600.0,1700.0,530.0,5100.0,12.0,0.16,4099999.9999999995,1.1E-5,0.039,0.039,0.0,270.0,4.2,5.3,6.8E-8,5.2E-14,2.4E7,1.0,7.0E8,
2.7999999999999998E-39,0.012,29000.0,6800.0,3900.0,4600000.0,6500.0,1700.0,530.0,5100.0,12.0,0.17,4700000.0,2.1E-5,0.055,0.055,0.0,470.0,8.6,63.0,8.3E-8,3.1E-13,2.4E7,1.0,7.1E8,
2.7E-39,0.011,4100.0,6800.0,3900.0,4400000.0,6500.0,1700.0,530.0,5100.0,12.0,0.16,4500000.0,2.3E-5,0.053,0.053,0.0,460.0,8.4,1.2,8.2E-8,1.4E-13,2.3E7,1.0,7.1E8,
2.6E-39,0.011,4100.0,6800.0,3900.0,3999999.9999999995,6500.0,1700.0,530.0,5100.0,12.0,0.16,3999999.9999999995,2.4E-5,0.049,0.049,0.0,460.0,8.0,0.16,8.2E-8,8.9E-14,2.2E7,1.0,7.1E8,
2.6E-39,0.011,4100.0,6800.0,3900.0,3799999.9999999995,6500.0,1700.0,530.0,5100.0,12.0,0.16,3799999.9999999995,2.7E-5,0.047,0.047,0.0,460.0,7.8,0.0011,8.1E-8,3.2E-14,2.1E7,1.0,7.1E8,
2.6E-39,0.011,4100.0,6800.0,3900.0,3799999.9999999995,6500.0,1700.0,530.0,5100.0,12.0,0.16,3799999.9999999995,2.9E-5,0.047,0.047,0.0,450.0,7.8,3.0E-6,8.1E-8,9.8E-15,2.0E7,1.0,7.1E8,
2.6E-39,0.011,4100.0,6800.0,3900.0,3799999.9999999995,6500.0,1700.0,530.0,5100.0,12.0,0.16,3799999.9999999995,2.7E-5,0.047,0.047,0.0,450.0,7.8,7.7E-9,8.1E-8,2.9E-15,2.1E7,1.0,7.1E8,
2.6E-39,0.011,4100.0,6800.0,3900.0,3799999.9999999995,6500.0,1700.0,530.0,5100.0,12.0,0.16,3799999.9999999995,2.4E-5,0.047,0.047,0.0,450.0,7.8,2.0E-11,8.1E-8,8.9E-16,2.1E7,1.0,7.1E8,
2.6E-39,0.011,4100.0,6800.0,3900.0,3799999.9999999995,6500.0,1700.0,530.0,5100.0,12.0,0.16,3799999.9999999995,2.1E-5,0.047,0.047,0.0,450.0,7.8,5.5E-14,8.1E-8,2.7E-16,2.3E7,1.0,7.1E8,
2.6E-39,0.011,4100.0,6800.0,3900.0,3799999.9999999995,6500.0,1700.0,530.0,5100.0,12.0,0.16,3799999.9999999995,1.8E-5,0.047,0.047,0.0,450.0,7.8,1.8E-16,8.2E-8,8.3E-17,2.4E7,1.0,7.1E8,
2.6E-39,0.011,4100.0,6800.0,3900.0,3799999.9999999995,6500.0,1700.0,530.0,5100.0,12.0,0.16,3799999.9999999995,1.5E-5,0.047,0.047,0.0,440.0,7.8,0.0,8.2E-8,2.6E-17,2.5E7,1.0,7.1E8,
2.6E-39,0.011,4100.0,6800.0,3900.0,3799999.9999999995,6500.0,1700.0,530.0,5100.0,12.0,0.16,3799999.9999999995,1.3E-5,0.047,0.047,0.0,440.0,7.8,2.4E-20,8.2E-8,9.0E-18,2.7E7,1.0,7.1E8,
2.6E-39,0.011,4100.0,6800.0,3900.0,3799999.9999999995,6500.0,1700.0,530.0,5100.0,12.0,0.16,3799999.9999999995,1.2E-5,0.047,0.047,0.0,440.0,7.8,1.4E-21,8.2E-8,3.6E-18,2.8E7,1.0,7.1E8,
2.6E-39,0.011,4100.0,6800.0,3900.0,3799999.9999999995,6500.0,1700.0,530.0,5100.0,12.0,0.16,3799999.9999999995,1.4E-5,0.047,0.047,0.0,440.0,7.8,3.599999999999999E-24,8.2E-8,2.2E-18,2.6E7,1.0,7.1E8,
2.6E-39,0.011,4100.0,6800.0,3900.0,3799999.9999999995,6500.0,1700.0,530.0,5100.0,12.0,0.16,3799999.9999999995,1.6E-5,0.047,0.047,0.0,440.0,7.8,9.4E-27,8.2E-8,1.9E-18,2.5E7,1.0,7.1E8,
2.2E-39,0.0091,5200.0,4400.0,3900.0,4500000.0,6500.0,1700.0,22000.0,280000.0,1300.0,0.16,4800000.0,2.0E-5,0.27,0.27,0.0,450.0,8.3,0.63,2.2E-7,5.8E-15,2.4E7,1.0,7.2E8,
2.1E-39,0.0089,5200.0,4400.0,3900.0,4400000.0,6500.0,1700.0,4000.0,2700.0,1300.0,0.16,4500000.0,2.2E-5,0.25,0.25,0.0,440.0,8.0,0.014,2.2E-7,2.5E-15,2.2E7,1.0,7.1E8,
2.1E-39,0.0087,5200.0,4400.0,3900.0,4200000.0,6500.0,1700.0,4000.0,2700.0,1300.0,0.16,4200000.0,2.5E-5,0.24,0.24,0.0,440.0,7.8,2.6E-4,2.2E-7,1.1E-15,2.1E7,1.0,7.1E8,
2.0E-39,0.0085,5200.0,4400.0,3900.0,3899999.9999999995,6500.0,1700.0,4000.0,2700.0,1300.0,0.16,3999999.9999999995,2.8E-5,0.23,0.23,0.0,440.0,7.5,5.0E-6,2.2E-7,5.0E-16,2.0E7,1.0,7.1E8,
2.0E-39,0.0084,5200.0,4400.0,3900.0,3799999.9999999995,6500.0,1700.0,4000.0,2700.0,1300.0,0.16,3799999.9999999995,3.0E-5,0.23,0.23,0.0,440.0,7.4,9.4E-8,2.2E-7,2.3E-16,2.0E7,1.0,7.1E8,
2.0E-39,0.0084,5200.0,4400.0,3900.0,3799999.9999999995,6500.0,1700.0,4000.0,2700.0,1300.0,0.16,3799999.9999999995,3.0E-5,0.23,0.23,0.0,440.0,7.4,2.4E-10,2.2E-7,7.5E-17,1.9E7,1.0,7.1E8,
2.0E-39,0.0084,5200.0,4400.0,3900.0,3799999.9999999995,6500.0,1700.0,4000.0,2700.0,1300.0,0.16,3799999.9999999995,2.8E-5,0.23,0.23,0.0,440.0,7.4,6.3E-13,2.2E-7,2.9E-17,2.0E7,1.0,7.1E8,
2.2E-39,0.01,4100.0,2600.0,7400.0,4400000.0,6500.0,1700.0,4000.0,2700.0,1300.0,0.16,4400000.0,0.28,0.16,0.16,0.0,450.0,12.0,100.0,2.2E-7,7.8E-14,2.1E7,1.0,7.1E8,
2.1E-39,0.01,4100.0,2600.0,7400.0,4200000.0,6500.0,1700.0,4000.0,2700.0,1300.0,0.16,4200000.0,4.4E-5,0.15,0.15,0.0,440.0,12.0,5.3,2.2E-7,4.2E-14,2.0E7,1.0,7.1E8,
2.1E-39,0.0097,4000.0,2600.0,7400.0,3799999.9999999995,6500.0,1700.0,4000.0,2600.0,1300.0,0.16,3799999.9999999995,4.8E-5,0.14,0.14,0.0,440.0,11.0,0.1,2.2E-7,1.8E-14,1.9E7,1.0,7.1E8,
2.1E-39,0.0097,4000.0,2600.0,7400.0,3799999.9999999995,6500.0,1700.0,4000.0,2600.0,1300.0,0.16,3799999.9999999995,4.9E-5,0.14,0.14,0.0,440.0,11.0,2.6E-4,2.2E-7,5.6E-15,1.9E7,1.0,7.1E8,
2.1E-39,0.0097,4000.0,2600.0,7400.0,3799999.9999999995,6500.0,1700.0,4000.0,2600.0,1300.0,0.16,3799999.9999999995,4.6E-5,0.14,0.14,0.0,440.0,11.0,6.7E-7,2.2E-7,1.7E-15,2.0E7,1.0,7.1E8,
2.1E-39,0.0097,4000.0,2600.0,7400.0,3799999.9999999995,6500.0,1700.0,4000.0,2600.0,1300.0,0.16,3799999.9999999995,4.0E-5,0.14,0.14,0.0,430.0,11.0,1.7E-9,2.2E-7,5.2E-16,2.1E7,1.0,7.1E8,
2.1E-39,0.0097,4000.0,2600.0,7400.0,3799999.9999999995,6500.0,1700.0,4000.0,2600.0,1300.0,0.16,3799999.9999999995,3.4E-5,0.14,0.14,0.0,430.0,11.0,4.8E-12,2.2E-7,1.6E-16,2.2E7,1.0,7.1E8,
2.1E-39,0.0097,4000.0,2600.0,7400.0,3799999.9999999995,6500.0,1700.0,4000.0,2600.0,1300.0,0.16,3799999.9999999995,2.9E-5,0.14,0.14,0.0,430.0,11.0,1.6E-14,2.2E-7,5.6E-17,2.3E7,1.0,7.1E8,
2.1E-39,0.0097,4000.0,2600.0,7400.0,3799999.9999999995,6500.0,1700.0,4000.0,2600.0,1300.0,0.16,3799999.9999999995,3.0E-5,0.14,0.14,0.0,430.0,11.0,4.3E-17,2.2E-7,2.3E-17,2.3E7,1.0,7.0E8,
2.1E-39,0.0097,4000.0,2600.0,7400.0,3799999.9999999995,6500.0,1700.0,4000.0,2600.0,1300.0,0.16,3799999.9999999995,3.2E-5,0.14,0.14,0.0,430.0,11.0,1.1E-19,2.2E-7,1.4E-17,2.2E7,1.0,7.0E8,
2.1E-39,0.0097,4000.0,2600.0,7400.0,3799999.9999999995,6500.0,1700.0,4000.0,2600.0,1300.0,0.16,3799999.9999999995,3.1E-5,0.14,0.14,0.0,420.0,11.0,2.8999999999999997E-22,2.2E-7,1.1E-17,2.2E7,1.0,7.0E8,
2.1E-39,0.0097,4000.0,2600.0,7400.0,3799999.9999999995,6500.0,1700.0,4000.0,2600.0,1300.0,0.16,3799999.9999999995,2.9E-5,0.14,0.14,0.0,420.0,11.0,7.5E-25,2.2E-7,9.9E-18,2.3E7,1.0,7.0E8,
1.1E-39,0.0087,3300.0,2600.0,1000.0,4400000.0,6500.0,1700.0,4000.0,2600.0,1300.0,0.16,4400000.0,2.1E-5,0.12,0.12,0.0,420.0,7.6,14.0,2.2E-7,6.4E-14,2.2E7,1.0,7.1E8,
1.0E-39,0.0082,3300.0,2600.0,1000.0,3999999.9999999995,6500.0,1700.0,4000.0,2600.0,1300.0,0.16,4099999.9999999995,2.3E-5,0.11,0.11,0.0,420.0,7.0,0.097,2.2E-7,2.2E-14,2.1E7,1.0,7.0E8,
9.7E-40,0.008,3300.0,2600.0,1000.0,3799999.9999999995,6400.0,1700.0,4000.0,2600.0,1300.0,0.16,3799999.9999999995,2.5E-5,0.11,0.11,0.0,420.0,6.7,0.0018,2.2E-7,9.7E-15,2.0E7,1.0,7.0E8,
9.7E-40,0.008,3300.0,2600.0,1000.0,3799999.9999999995,6400.0,1700.0,4000.0,2600.0,1300.0,0.16,3799999.9999999995,2.7E-5,0.11,0.11,0.0,410.0,6.7,4.6E-6,2.2E-7,2.9E-15,1.9E7,1.0,7.0E8,
9.7E-40,0.008,3300.0,2600.0,1000.0,3799999.9999999995,6400.0,1700.0,4000.0,2600.0,1300.0,0.16,3799999.9999999995,2.7E-5,0.11,0.11,0.0,410.0,6.7,1.2E-8,2.2E-7,8.9E-16,1.9E7,1.0,7.0E8,
9.7E-40,0.008,3300.0,2600.0,1000.0,3799999.9999999995,6400.0,1700.0,4000.0,2600.0,1300.0,0.16,3799999.9999999995,2.9E-5,0.11,0.11,0.0,400.0,6.7,8.2E-11,2.2E-7,3.3E-16,1.9E7,1.0,7.0E8,
9.7E-40,0.0079,3300.0,2600.0,1000.0,3799999.9999999995,6400.0,1700.0,4000.0,2600.0,1300.0,0.16,3799999.9999999995,3.0E-5,0.11,0.11,0.0,400.0,6.6,5.7E-13,2.2E-7,1.3E-16,1.8E7,1.0,6.9E8,
9.7E-40,0.0079,3300.0,2600.0,1000.0,3799999.9999999995,6400.0,1700.0,4000.0,2600.0,1300.0,0.16,3799999.9999999995,3.1E-5,0.11,0.11,0.0,400.0,6.6,1.5E-15,2.2E-7,4.5E-17,1.8E7,1.0,6.9E8,
9.7E-40,0.0079,3300.0,2600.0,1000.0,3799999.9999999995,6400.0,1700.0,4000.0,2600.0,1300.0,0.16,3799999.9999999995,2.8E-5,0.11,0.11,0.0,400.0,6.6,3.8E-18,2.2E-7,2.0E-17,1.9E7,1.0,6.9E8,
9.7E-40,0.0079,3300.0,2600.0,1000.0,3799999.9999999995,6400.0,1700.0,4000.0,2600.0,1300.0,0.16,3799999.9999999995,2.5E-5,0.11,0.11,0.0,400.0,6.6,9.7E-21,2.2E-7,1.2E-17,2.0E7,1.0,6.9E8,
9.7E-40,0.0079,3300.0,2600.0,1000.0,3799999.9999999995,6400.0,1700.0,4000.0,2600.0,1300.0,0.16,3799999.9999999995,2.1E-5,0.11,0.11,0.0,400.0,6.6,2.7E-23,2.2E-7,8.6E-18,2.1E7,1.0,6.9E8,
9.7E-40,0.0079,3300.0,2600.0,1000.0,3799999.9999999995,6400.0,1700.0,4000.0,2600.0,1300.0,0.16,3799999.9999999995,1.7E-5,0.11,0.11,0.0,400.0,6.6,5.099999999999999E-25,2.2E-7,6.8E-18,2.2E7,1.0,6.9E8,
9.7E-40,0.0079,3300.0,2600.0,1000.0,3799999.9999999995,6400.0,1700.0,4000.0,2600.0,1300.0,0.16,3799999.9999999995,1.4E-5,0.11,0.11,0.0,400.0,6.6,0.0,2.2E-7,5.5E-18,2.4E7,1.0,6.9E8,
9.7E-40,0.0079,3300.0,2600.0,1000.0,3799999.9999999995,6400.0,1700.0,4000.0,2600.0,1300.0,0.16,3799999.9999999995,1.2E-5,0.11,0.11,0.0,400.0,6.6,7.3000000000000005E-28,2.2E-7,4.6E-18,2.5E7,1.0,6.9E8,
9.7E-40,0.0079,3300.0,2600.0,1000.0,3799999.9999999995,6400.0,1700.0,4000.0,2600.0,1300.0,0.16,3799999.9999999995,1.1E-5,0.11,0.11,0.0,400.0,6.6,0.0,2.2E-7,3.9E-18,2.6E7,1.0,6.9E8,
9.7E-40,0.0079,3300.0,2600.0,1000.0,3799999.9999999995,6400.0,1700.0,4000.0,2600.0,1300.0,0.16,3799999.9999999995,1.4E-5,0.11,0.11,0.0,390.0,6.6,0.0,2.2E-7,4.0E-18,2.4E7,1.0,6.9E8,
9.7E-40,0.0079,3300.0,2600.0,1000.0,3799999.9999999995,6400.0,1700.0,4000.0,2600.0,1300.0,0.16,3799999.9999999995,1.4E-5,0.11,0.11,0.0,380.0,6.6,0.0,2.2E-7,4.4E-18,2.4E7,1.0,6.9E8,
9.7E-40,0.0079,3300.0,2600.0,1000.0,3799999.9999999995,6400.0,1700.0,4000.0,2600.0,1300.0,0.16,3799999.9999999995,1.4E-5,0.11,0.11,0.0,380.0,6.6,0.0,2.2E-7,4.5E-18,2.4E7,1.0,6.9E8,
9.6E-40,0.0079,3300.0,2600.0,1000.0,3699999.9999999995,6400.0,1700.0,4000.0,2600.0,1300.0,0.16,3699999.9999999995,1.3E-5,0.11,0.11,0.0,380.0,6.6,0.0,2.2E-7,4.3E-18,2.5E7,1.0,6.8E8,
9.6E-40,0.0079,3300.0,2600.0,1000.0,3699999.9999999995,6400.0,1700.0,4000.0,2600.0,1300.0,0.16,3699999.9999999995,1.5E-5,0.11,0.11,0.0,370.0,6.6,0.0,2.2E-7,4.5E-18,2.3E7,1.0,6.8E8,
9.6E-40,0.0079,3300.0,2600.0,1000.0,3699999.9999999995,6400.0,1700.0,4000.0,2600.0,1300.0,0.16,3699999.9999999995,1.6E-5,0.11,0.11,0.0,370.0,6.6,0.0,2.2E-7,5.0E-18,2.2E7,1.0,6.8E8,
9.6E-40,0.0079,3300.0,2600.0,1000.0,3699999.9999999995,6400.0,1700.0,4000.0,2600.0,1300.0,0.16,3699999.9999999995,1.6E-5,0.11,0.11,0.0,370.0,6.6,0.0,2.2E-7,5.1E-18,2.3E7,1.0,6.8E8,
9.6E-40,0.0079,3300.0,2600.0,1000.0,3699999.9999999995,6400.0,1700.0,4000.0,2600.0,1300.0,0.16,3699999.9999999995,1.4E-5,0.11,0.11,0.0,370.0,6.6,0.0,2.2E-7,4.9E-18,2.4E7,1.0,6.8E8,
9.6E-40,0.0079,3300.0,2600.0,1000.0,3699999.9999999995,6400.0,1700.0,4000.0,2600.0,1300.0,0.16,3699999.9999999995,1.2E-5,0.11,0.11,0.0,370.0,6.6,0.0,2.2E-7,4.4E-18,2.5E7,1.0,6.8E8,
9.6E-40,0.0079,3300.0,2600.0,1000.0,3699999.9999999995,6400.0,1700.0,4000.0,2600.0,1300.0,0.16,3699999.9999999995,1.1E-5,0.11,0.11,0.0,370.0,6.6,0.0,2.2E-7,3.9E-18,2.6E7,1.0,6.8E8,
9.6E-40,0.0079,3300.0,2600.0,1000.0,3699999.9999999995,6400.0,1700.0,4000.0,2600.0,1300.0,0.16,3699999.9999999995,9.3E-6,0.11,0.11,0.0,360.0,6.6,0.0,2.2E-7,3.4E-18,2.7E7,1.0,6.8E8,
4.6999999999999996E-39,0.055,31000.0,55000.0,9700.0,5000000.0,16000.0,1700.0,4000.0,2600.0,3900.0,0.16,5100000.0,2.8E-5,0.18,0.18,0.0,520.0,21.0,40.0,2.6E-7,8.2E-14,3.0E7,1.0,7.2E8,
5.9999999999999996E-40,0.007,3100.0,2300.0,2200.0,4600000.0,3200.0,1700.0,4000.0,2600.0,3900.0,0.16,4600000.0,4.0E-6,0.11,0.11,0.0,520.0,9.5,5.7,2.6E-7,7.0E-15,2.8E7,1.0,7.2E8,
5.9E-40,0.0069,3100.0,2300.0,2200.0,4400000.0,3200.0,1600.0,3900.0,2600.0,3900.0,0.16,4400000.0,1.6E-5,0.11,0.11,0.0,520.0,9.3,0.29,2.6E-7,3.8E-15,2.7E7,1.0,7.2E8,
5.5E-40,0.0065,3100.0,2300.0,2200.0,3799999.9999999995,3200.0,1600.0,3900.0,2600.0,3900.0,0.16,3899999.9999999995,1.8E-5,0.1,0.1,0.0,520.0,8.4,0.002,2.6E-7,1.3E-15,2.4E7,1.0,7.1E8,
5.5E-40,0.0065,3100.0,2300.0,2200.0,3799999.9999999995,3200.0,1600.0,3900.0,2600.0,3900.0,0.16,3899999.9999999995,2.1E-5,0.1,0.1,0.0,520.0,8.4,5.0E-6,2.6E-7,4.0E-16,2.3E7,1.0,7.1E8,
5.5E-40,0.0065,3100.0,2200.0,2200.0,3799999.9999999995,3200.0,1600.0,3900.0,2600.0,3900.0,0.16,3899999.9999999995,2.2E-5,0.1,0.1,0.0,520.0,8.4,1.3E-8,2.6E-7,1.3E-16,2.3E7,1.0,7.1E8,
5.5E-40,0.0065,3100.0,2200.0,2200.0,3799999.9999999995,3200.0,1600.0,3900.0,2600.0,3900.0,0.16,3799999.9999999995,2.1E-5,0.1,0.1,0.0,510.0,8.4,9.0E-11,2.6E-7,5.1E-17,2.3E7,1.0,7.0E8,
5.5E-40,0.0064,3100.0,2200.0,2200.0,3799999.9999999995,3200.0,1600.0,3900.0,2600.0,3900.0,0.16,3799999.9999999995,2.4E-5,0.1,0.1,0.0,510.0,8.4,6.2E-13,2.6E-7,2.4E-17,2.2E7,1.0,7.0E8,
5.5E-40,0.0064,3100.0,2200.0,2200.0,3799999.9999999995,3200.0,1600.0,3900.0,2600.0,3900.0,0.16,3799999.9999999995,2.6E-5,0.1,0.1,0.0,500.0,8.4,1.6E-15,2.6E-7,1.4E-17,2.1E7,1.0,7.0E8,
5.5E-40,0.0064,3100.0,2200.0,2200.0,3799999.9999999995,3200.0,1600.0,3900.0,2600.0,3900.0,0.16,3799999.9999999995,2.4E-5,0.1,0.1,0.0,500.0,8.4,4.1E-18,2.6E-7,1.0E-17,2.2E7,1.0,7.0E8,
5.5E-40,0.0064,3100.0,2200.0,2200.0,3799999.9999999995,3200.0,1600.0,3900.0,2600.0,3900.0,0.16,3799999.9999999995,2.2E-5,0.1,0.1,0.0,500.0,8.4,1.1E-20,2.6E-7,9.0E-18,2.3E7,1.0,7.0E8,
5.5E-40,0.0064,3100.0,2200.0,2200.0,3799999.9999999995,3200.0,1600.0,3900.0,2600.0,3900.0,0.16,3799999.9999999995,1.9E-5,0.1,0.1,0.0,500.0,8.4,1.3E-23,2.6E-7,7.8E-18,2.4E7,1.0,7.0E8,
